S00E0000494D555F56392E737265633D
S31500000000A83B0020396B000065690000356B0000D5
S31500000010356B0000356B0000356B0000356B00005A
S31500000020000000000000000000000000356B00002A
S31500000030356B000000000000356B0000356B0000DA
S315000000405D490000CD480000ED490000354A00003A
S31500000050ED610000F93F00009D4000008141000075
S315000000606542000099540000995400006D5000004C
S31500000070FD4F0000E5500000255100009954000096
S31500000080A95A0000A95A0000000000000000000064
S31500000090000000000000000000000000000000005A
S315000000A0000000000000000000000000000000004A
S315000000B0000000000000000000000000000000003A
S315000000C0000000000000000000000000000000002A
S315000000D0000000000000000000000000000000001A
S315000000E0000000000000000000000000000000000A
S315000000F000000000000000000000000000000000FA
S3150000010000000000000000000000000000000000E9
S3150000011000000000000000000000000000000000D9
S3150000012000000000000000000000000000000000C9
S3150000013000000000000000000000000000000000B9
S3150000014000000000000000000000000000000000A9
S315000001500000000000000000000000000000000099
S315000001600000000000000000000000000000000089
S315000001700000000000000000000000000000000079
S315000001800000000000000000000000000000000069
S315000001900000000000000000000000000000000059
S315000001A00000000000000000000000000000000049
S315000001B00000000000000000000000000000000039
S315000001C0FFFFFFFFFFFFFFFFFFFFFFFFFFFFFFFF39
S315000001D0FFFFFFFFFFFFFFFFFFFFFFFFFFFFFFFF29
S315000001E0FFFFFFFFFFFFFFFFFFFFFFFFFFFFFFFF19
S315000001F0FFFFFFFFFFFFFFFFFFFFFFFFFFFFFFFF09
S3150000020010B5054C237833B9044B13B1044800E00C
S3150000021000BF0123237010BD280400200000000049
S3150000022010D4000008B5034B1BB10349034800E096
S3150000023000BF08BD000000002C04002010D4000000
S3150000024010B52DED028B84B048B9F2EE047AB4EE07
S31500000250E70AF1EE10FA3AD5B0EE678A0CE0B5EE91
S31500000260C00AF1EE10FA3BD4DFED1F7AB4EE670A4E
S31500000270F1EE10FA37FE808A1C4C00EB800004EB8E
S315000002808004E36801A9186805F0BEF9DDED037A7C
S31500000290DFED155AB8EE677A9FED156AC8EE257A36
S315000002A0DFED146A67EE867A77EEA67A67EE877ACE
S315000002B0FCEEE77AE36817EE901A227C186805F0E0
S315000002C0F7F984ED008A04B0BDEC028B10BDDFEDBA
S315000002D00A7AB4EE670AF1EE10FA37FE808ACBE7A7
S315000002E09FED068AC8E700BF000034438001002066
S315000002F0CDCCCC3DCDCCCC3C0000B44200000000BF
S3150000030038B5154BD3E90041204605F063FA20467F
S3150000031005F002F9114BD3E90041204605F05AFADF
S31500000320204605F0F9F80E4B0024D3E90051284683
S3150000033005F050FA284605F0EFF80A4D2B46204600
S31500000340013493ED000AE4B2FFF77AFF062C05F1BB
S315000003501405F3D138BD00BFD8C9000034CA000067
S3150000036090CA000080010020052815D8B5EEC00A05
S31500000370F1EE10FA11D4DFED0A7AB4EE670AF1EE67
S3150000038010FA37FE800A074B00EB800003EB800073
S3150000039080ED010AC0ED020A70479FED030AF2E7FD
S315000003A000008743800100200000000038B50024CB
S315000003B01B4D0AE037EE870A2046FFF741FF01345E
S315000003C0E4B2062C05F1140528D0D5ED007A95ED9A
S315000003D0010AF4EE407AF1EE10FAF0D095ED027AC9
S315000003E070EE676AB1EE476AB4EEE66AF1EE10FAAD
S315000003F004D5B4EEE67AF1EE10FADDDCF5EEC06A6D
S31500000400F1EE10FAD6DC2046013437EEC70AE4B224
S31500000410FFF716FF062C05F11405D6D138BD00BF2F
S31500000420800100202DE9F041204C2378002B3AD1A1
S315000004301F4FFD683E682B6830467968984718B1AB
S315000004400E2801D0BDE8F08130466B68B968984740
S315000004500028F7D1174B9F68D3E900813B684046D7
S31500000460984708B10E28EDD140467B699847002889
S31500000470E8D1114B9A68D3E900011268904708B198
S315000004800E28DFD10D4B9A68D3E900011268904718
S3150000049008B10E28D6D13046AB6898470028D1D18E
S315000004A001232370CEE70020BDE8F081440400203C
S315000004B020C9000084C80000D4CB000048CB00004F
S315000004C0002837D0F8B51D4B1B78002B34D00024FC
S315000004D001231B491B4A1C4D2C7088609068CB81F8
S315000004E0446810688B81A04718BB184B1F689E682C
S315000004F03846B36898473846F3689847C8B93846C7
S3150000050073689847A8B92B785BB94FF4FA7401E081
S31500000510013C06D001210A2006F0F0F92B78002BC9
S31500000520F6D03846B368984718B92B78002B08BF21
S315000005301420F8BD012070470720F8BD44040020B0
S3150000054018020020D4CB00006C04002048CB000029
S315000005500122014B1A7070476C04002024220021EE
S31500000560014806F0F4BC00BF480400203D4B2DEDC9
S31500000570048B1A780AB901221A7093ED015A9FED7D
S315000005803A6AD3ED056AD3ED027A25EE066ADFED07
S31500000590371A9FED377AB8EE001ADFED362A26EEC7
S315000005A0879A93ED062A9FED344A67EEA22A83EDD9
S315000005B0025AC3ED066A25EE215A66EE811A76EED8
S315000005C0006AD3ED075A27EE848A76EEE26ADFEDFB
S315000005D02B7A93ED080A25EE811AC3ED085A65EECB
S315000005E0A75A66EE847AD3ED034A9FED253A77EE55
S315000005F0857AD3ED040A24EE833A77EE887ADFED26
S31500000600213A77EE837A60EEA33AC3ED044A77EE99
S31500000610E37A74EEA44A34EEA77ADFED1B8A37EE4E
S31500000620207A62EE288A37EE097A37EE687ABDECD0
S31500000630048BC3ED037A71EE877A9FED146A77EE29
S31500000640827A20EE066A77EEA57A77EEC67A31EEE2
S31500000650271AC3ED016A31EE000A83ED057AC3ED70
S31500000660077A704748040020D94C0D3F3B77923BF0
S31500000670FD51BF3E30C81A3F3B77123B31F8933FDE
S31500000680EC405C3F3297223F27FF4F3F5BFD583FD0
S3150000069070B5104D2B780BB1002070BD0E4903F0DC
S315000006A0FF040E4B0C804FF4807221460C481C80D0
S315000006B006F04DFC0B4B0C489A680C4904605668D2
S315000006C0186801220C70B0470028E6D101232B7070
S315000006D070BD00BF78050020740400207A05002054
S315000006E078040020FCCB0000700400206D0400207C
S315000006F0F0B5064600283FD001293DD92A4A2B4CA1
S31500000700138820889BB280B298420CD0284F06E00E
S315000007100D2808D02088EBB280B2984203D0F85C4E
S315000007205D1C0A28F4D1208880B2984224D04FF06C
S31500000730010E1F4D701E0EF1FF3711E0B2F800C01A
S3150000074013881FFA8CFC15F80CC00133DBB2BCF120
S315000007500A0F13800CD0BCF10D0F14D071450DD8C3
S31500000760B2F800C023881FFA8CFC9BB29C45E5D1E9
S315000007700023F3550120F0BD0020F0BD00F801CFA5
S315000007800EF1010ED7E71188238889B29BB29942F0
S31500000790EED013889BB2EB5C0A2BE9D113880133A8
S315000007A0DBB21380E4E700BF7A0500207404002062
S315000007B078040020034A1368002BFCD00023136042
S315000007C0704700BF7C0500200379012B06D0022B61
S315000007D003D10122124B1A607047704710B4114BB7
S315000007E01148124C1978038822880133DBB292B281
S315000007F09342C9B203D122880132D2B22280028842
S315000008000B4C92B2A15401220A4903800A4C8B6810
S31500000810086822605B6803495DF8044B184700BF0F
S315000008207C0500206D040020740400207A05002059
S3150000083078040020FCCB00007004002010B50A4BA1
S3150000084082B0996801908C680122186801A9A047B6
S3150000085000B100BE054A1368002BFCD000230198A6
S31500000860136002B010BD00BFFCCB00007C05002069
S3150000087070B5161E07DD0C468D1914F9010BFFF72E
S31500000880DDFFA542F9D1304670BD00BF20B1037926
S31500000890012B04BF014A1370704700BF8805002072
S315000008A020B10379012B04BF014A1370704700BFC2
S315000008B08905002008B5064800F05EF938B9DFF86A
S315000008C020C0044A0449054BC1F800C01A6008BD9F
S315000008D02CC700000000FA3C80050020840500209B
S315000008E00000FA3D08B5064800F046F938B9DFF8C9
S315000008F020C0044A0449054BC1F800C01A6008BD6F
S3150000090020C700000000FA3C800500208405002076
S315000009100000FA3DF0B50026054687B00C4617469E
S315000009203A4804AB02AA0DF10601ADF8146002962E
S315000009300496ADF80660ADF80C6000F037FA45B3E2
S31500000940334BBDF90820D3ED005ABDF90A3006EE47
S31500000950902A07EE103ABDF90C30F8EEE66A07EE7B
S31500000960903AB8EEC77AF8EEE77A9FED2A6A27EE54
S31500000970257A66EEA56A67EEA57AC6EE865AC7EEB2
S31500000980066A87EE867AC5ED005AC5ED016A85EDE1
S31500000990027A44B3204BBDF91020D3ED005A06EE7F
S315000009A0902ABDF91430BDF9122007EE903A07EEF1
S315000009B0102AF8EEE66AB8EEC77AF8EEE77A9FED07
S315000009C0176A66EEA56A27EE257A67EEA57A66EEC1
S315000009D0866A27EE067A67EE867AC4ED006A84EDAB
S315000009E0017AC4ED027A7FB1BDF906309FED0C6A3B
S315000009F007EE103AB8EEC77AF3EE096AC7EE067A42
S31500000A0077EEA67AC7ED007A07B0F0BD2CC70000D6
S31500000A108005002000007A448405002035FA8E3CCB
S31500000A20E17A0443F0B50026054687B00C46174622
S31500000A303A4804AB02AA0DF10601ADF8146002961D
S31500000A400496ADF80660ADF80C6000F0AFF945B35A
S31500000A50334BBDF90820D3ED005ABDF90A3006EE36
S31500000A60902A07EE103ABDF90C30F8EEE66A07EE6A
S31500000A70903AB8EEC77AF8EEE77A9FED2A6A27EE43
S31500000A80257A66EEA56A67EEA57AC6EE865AC7EEA1
S31500000A90066A87EE867AC5ED005AC5ED016A85EDD0
S31500000AA0027A44B3204BBDF91020D3ED005A06EE6E
S31500000AB0902ABDF91430BDF9122007EE903A07EEE0
S31500000AC0102AF8EEE66AB8EEC77AF8EEE77A9FEDF6
S31500000AD0176A66EEA56A27EE257A67EEA57A66EEB0
S31500000AE0866A27EE067A67EE867AC4ED006A84ED9A
S31500000AF0017AC4ED027A7FB1BDF906309FED0C6A2A
S31500000B0007EE103AB8EEC77AF3EE096AC7EE067A30
S31500000B1077EEA67AC7ED007A07B0F0BD20C70000D1
S31500000B208005002000007A448405002035FA8E3CBA
S31500000B30E17A044370B5002504460726806882B032
S31500000B40057025682868AD680096ED68A84760B905
S31500000B50A1680B784BB9074B00E043B10A78013B1B
S31500000B60002AFAD0002B08BF142002B070BD142052
S31500000B70FBE700BFA0860100F0B503680546D3E990
S31500000B80011283B012681868904728B10E280446EF
S31500000B9002D0204603B0F0BD00227623A988824801
S31500000BA08DF800308DF80120ADF8042004F0F2FA3B
S31500000BB0694601AA02232846FFF7BCFF0446012224
S31500000BC0A988794804F0E6FA002CE2D1112301261F
S31500000BD02246A9887448ADF804408DF800308DF897
S31500000BE0016004F0D7FA694601AA02232846FFF7F6
S31500000BF0A1FF04463246A9886B4804F0CBFA002CC4
S31500000C00C7D14FF47A710A2005F078FEF5238DF8E6
S31500000C100030FF232246A9886348ADF804408DF8CA
S31500000C20013004F0B7FA694601AA02232846FFF705
S31500000C3081FF04463246A9885B4804F0ABFA002CD3
S31500000C40A7D19DF80530472B40F0AB8014238DF8D3
S31500000C50003003232246A9885348ADF804408DF896
S31500000C60013004F097FA694601AA02232846FFF7E5
S31500000C7061FF04463246A9884B4804F08BFA002CE3
S31500000C8087D164232246A98847488DF80140ADF8EC
S31500000C9004408DF8003004F07DFA694601AA02236B
S31500000CA02846FFF747FF04463246A9883E4804F027
S31500000CB071FA002C7FF46DAF65238DF800300823A0
S31500000CC02246A9883848ADF804408DF8013004F072
S31500000CD061FA694601AA02232846FFF72BFF04465C
S31500000CE03246A988304804F055FA002C7FF451AFFB
S31500000CF050234F272246A9882B48ADF804408DF88B
S31500000D0000308DF8017004F045FA694601AA022305
S31500000D102846FFF70FFF04463246A988224804F00A
S31500000D2039FA002C7FF435AF2F232246A9881E48B6
S31500000D30ADF804408DF801308DF8007004F02AFA01
S31500000D40694601AA02232846FFF7F4FE0446324606
S31500000D50A988154804F01EFA002C7FF41AAF4E231A
S31500000D608DF800300F232246A9880F48ADF80440BD
S31500000D708DF8013004F00EFA694601AA02232846CE
S31500000D80FFF7D8FE04463246A988074804F002FA5F
S31500000D90002C7FF4FEAE4FF47A710A2005F0AEFD0A
S31500000DA0F7E62224F5E600BF400800202DE9F041D1
S31500000DB0002407469D254FF0FF3C94B08DF8105057
S31500000DC088461546B9882246354807941E46CDF80A
S31500000DD011C0CDF815C0CDF819C0ADF81DC0CDE9CC
S31500000DE00C44CDE90844CDE90A44CDE90E44CDE9E9
S31500000DF01044CDE9124404F0CDF90F23384604A976
S31500000E000CAAFFF797FE0346B9881F46012224481D
S31500000E1004F0C0F987BB6B46DDF83920DDF83100F8
S31500000E20DDF8351007C3BDF83D201A80B8F1000F74
S31500000E3004D0BDF800305BBAA8F800305DB1BDF84B
S31500000E400430BDF802205BBA6B80BDF8063052BA9A
S31500000E505BBA2A80AB805EB1BDF80810BDF80A20E7
S31500000E60BDF80C3049BA52BA5BBA31807280B38091
S31500000E70384614B0BDE8F081B8F1000F01D0A8F8EB
S31500000E8000401DB100232B806B80AB80002EEFD07D
S31500000E900023384633807380B38014B0BDE8F081F8
S31500000EA04008002010B5FFF72BFA054BD3E90041A7
S31500000EB0204604F08FFC2046BDE8104004F02CBB11
S31500000EC0ECCA0000DFED957AB4EEE70AF1EE10FA0F
S31500000ED008B52DED048B00F107819FED917AB4EEF4
S31500000EE0C70AF1EE10FA00F3B08030EE270AF5EEED
S31500000EF0C00AF1EE10FA00F1B080DFED897A9FEDBD
S31500000F00877AF4EE670AF1EE10FAB4EEC71A77FEA6
S31500000F10A00AF1EE10FA00F1AA80DFED817AB4EEB4
S31500000F20E71AF1EE10FA00F3E780DFED7E7A77EE4E
S31500000F30C18A78EE878A9FED799AF4EEC91AF1EEA6
S31500000F4010FA00F19E80DFED767AF4EEE71AF1EE04
S31500000F5010FA03DC77EEE11A31EE899AB5EEC00A93
S31500000F60F1EE10FA00F19580DFED6D7AB4EE670AC6
S31500000F70F1EE10FA37FE800ADFED687AF4EEE70A42
S31500000F80F1EE10FA00F18F809FED657AF4EEC70A54
S31500000F90F1EE10FA00F3AB80DFED636AF4EEE60AD9
S31500000FA0F1EE10FA40F2928070EEE60ADFED5D6A2D
S31500000FB070EEA60A70EEA79AF4EEE79AF1EE10FA32
S31500000FC040F1A480B2EE048AF0EE679AF5EEC08A8C
S31500000FD0F1EE10FA70D4DFED527AF4EE678AF1EE94
S31500000FE010FAB5EEC09A77FEA88AF1EE10FA6AD426
S31500000FF0DFED4B7AB4EE679AF1EE10FA37FE899A76
S31500001000F6EE000A0520FFF7AFF9B0EE480AF6EE55
S31500001010000A0420FFF7A8F9B0EE690AF6EE000A06
S315000010200320FFF7A1F9B0EE680AF6EE000A0220E7
S31500001030FFF79AF9B0EE490ABDEC048BBDE808400B
S31500001040F6EE000A0120FFF78FB9F5EEC00AF1EEC1
S3150000105010FAB0EE470A7FF550AF9FED307AB4EE46
S31500001060C71AF1EE10FADFED2D0A7FF556AF9FEDA8
S315000010702B9AF4EEC91AF1EE10FADFED2A8A7FF503
S3150000108062AFB5EEC00AF1EE10FA9FED259A7FF534
S315000010906BAFDFED227AF4EEE70AF1EE10FA9FED80
S315000010A01F0A7FF571AF9FED1F8AF5EEC08AF1EE3C
S315000010B010FADFED1C9A8ED5B5EEC09AF1EE10FA55
S315000010C0DFED168A94D59FED159A99E7DFED159A0F
S315000010D079EEE00A30EEA78AB5EEC08AF1EE10FA94
S315000010E00DD5B0EE678A71E7B0EE670AFFE6B2EE9D
S315000010F0048AF0EE479A69E7DFED0C8A1BE7B4EE47
S31500001100478AF1EE10FA37FE088ACEE7F4EEC79A60
S31500001110F1EE10FAB2EE048AEBDC57E700000000AD
S31500001120000034430000B4420000A0420000B4C2F4
S31500001130A8B1C38801EE903A8388F8EE611A01EEF1
S31500001140103A4388B8EE411A00EE903A0388F8EE5A
S31500001150600A00EE103AB8EE400AFFF7B3BE7047D9
S31500001160FFF724B908B50A4BC3F8FC01C3F800120F
S3150000117093F804322BB94FF47A71642005F0BEFB64
S31500001180F9E70A460146034806F068FDF3E700BFA3
S315000011909005002038C70000274B30B493F8E011C3
S315000011A061B193F8E121254DD3F8D84105FB02F250
S315000011B0041B944226D3002283F8E02193F8DF2112
S315000011C09ABB93F8E2311D4C03FB044303F5F4216B
S315000011D001F59071B0FBF1FC01FB1C0083420BD9B9
S315000011E0174A8309A2FB03239B0904FB1300154A34
S315000011F090428CBF0022012230BC4FF4806112481D
S3150000120003F0C8BF0E4AA309A2FB03239B0905FBF3
S3150000121013440C4A4FF48061944288BF002230BCCC
S3150000122098BF0122084803F0B5BF012230BC4FF435
S315000012308061054803F0AEBF90050020400D030015
S31500001240632D3E059F860100400800200846FFF7F3
S31500001250A3BF00BF10B14368082B00D070470249F6
S31500001260A1F5F47001F02CBF7807002010B1436897
S31500001270092B00D070470249A1F5CC7001F020BFC0
S315000012807807002010B14368062B00D07047012272
S31500001290014B83F8DC217047900500202DE9F04FC3
S315000012A02DED028BA34B9BB0D3E90112186812688F
S315000012B0904708B10E2819D101239F4C84F80432B7
S315000012C0FFF7E6F918B101460A20FFF74BFF04F5D0
S315000012D0F476304601F0A0FE00F0E0F950B9FFF7D1
S315000012E0E9FA58B101460220FFF73CFF014601200A
S315000012F0FFF738FF01460B20FFF734FFFFF7F2FA3E
S3150000130060B98E4BD3E90051284604F01BF848B16A
S315000013100E2807D001460420FFF724FF01460320CC
S31500001320FFF720FF284604F04FF818B101460520C4
S31500001330FFF718FF824BD3E90051284604F002F864
S3150000134028B10E2803D001460620FFF70BFF2846DA
S3150000135004F03AF8054618B101460720FFF702FFE8
S31500001360754801F037FE774801F034FE764801F003
S315000013708FFE0146704800F0E7FD734801F088FED5
S31500001380FFF70AFF704A714B7149A2F5F470009499
S3150000139001F0E2FF6C4A6D4B6E490094A2F5CC70E9
S315000013A001F0DAFF6C4BA4F84850D3E900713846D7
S315000013B0A4F89850C4F8F85103F0C4FF28B10E28D9
S315000013C003D001460820FFF7CDFE384603F0FCFFA8
S315000013D018B101460920FFF7C5FE84F8DC019FED30
S315000013E05F8AFFF75FFDDFF868B1DFF84C910027F1
S315000013F009AB029307AB019305AB0093A36B594668
S315000014000593D4F888300EAA0693484611AB039686
S315000014108DED0E8A8DED0F8A8DED108A8DED118A78
S315000014208DED128A8DED138A8DED148A8DED158A58
S315000014308DED168A8DED178A8DED188A8DED198A38
S31500001440CDE90777CDE9097702F0B2FA0AAB029344
S3150000145008AB019306AB009305463E49394803960F
S3150000146017AB14AA02F0A4FA8046002D7AD1B8F17F
S31500001470000F00F0F4800023009317AB1A469DED91
S31500001480060A304814A902F0EFF82E4817AA14A944
S3150000149002F024FA0546002840F0E1802948089920
S315000014A001F036FE274817AA14A901F05DFE089F31
S315000014B0384600F005F994F8DC314BB10021D4F838
S315000014C0D031274AFB1A934284F8DC1100F282805D
S315000014D094F8DD31002B40F093804846394601F000
S315000014E021FD3846FFF758FE15B9B8F1000F6CD04C
S315000014F094F8DF31002B68D0D4F8F83123B144F6E4
S315000015001F62FB1A934260D9002348460BA9CDE916
S315000015100B33ADF8343001F011F800283FF467AF13
S3150000152048460BA901F0D0FC0BA8FFF701FEC4F852
S31500001530F8715CE7FCCB000090050020B0C8000005
S31500001540D0C80000E0050020780700204D120000FA
S3150000155015090000250A000090C8000000000000E0
S315000015608FD0030011AB1A469DED050A48460EA919
S31500001570009702F079F8484611AA0EA902F0AEF9D2
S31500001580824600287FF473AF4846079901F0C0FDF4
S31500001590484611AA0EA901F0E7FD079FB8F1000F12
S315000015A086D017AB1A469DED060A384814A9CDF821
S315000015B000A002F059F8354817AA14A902F08EF9CE
S315000015C00546002852D0D04672E70121C82005F012
S315000015D095F90CE74FF0010A2D480BAA8DF82CA0BF
S315000015E003F0C6FD00287FF473AF9DF82C30002B66
S315000015F07FF46EAFC4E9747784F8DDA184F8DE3138
S315000016004FF0010A002122480BAA8DF82CA003F006
S31500001610AFFDB8B99DF82C30A3B994F8DE31002B94
S315000016207FF45BAFD4F8D4211A49BA1A8A427FF6FE
S3150000163054AF3946484684F8DEA184F8DD3100F01F
S3150000164083FC4AE7002384F8DD3194F8DE31002B71
S315000016507FF443AF3946484600F09CFC3DE70E4810
S3150000166001F016FD00250746A84621E70748089918
S3150000167001F04EFD054817AA14A901F075FD089B57
S3150000168045469F4238BF1F4612E700BFE0050020CF
S31500001690400800207F841E007807002010B5074C04
S315000016A070220021204605F052FCFEF757FFFEF798
S315000016B0B9FE08B90123237010BD00BF98070020AA
S315000016C0002270B57F4C84B02378ADF80E2063B14C
S315000016D0636805465BB960600DF10E00FEF7F0FE2B
S315000016E0064648B105F5FA65656004B070BDC31AD3
S315000016F0002BF1DA04B070BDBDF80E3000EE103AE2
S31500001700B8EE400AFEF732FF94F82C3094ED0A7AD0
S3150000171003F10C0204EB8202D2ED006A37EE667A20
S31500001720F0EEC06ADFED687A37EE267A67EE277A42
S31500001730013303F00F0384F82C30A368BDF80E10B4
S315000017400133202B84ED040AC2ED006A84ED0A7A87
S31500001750C4ED057AA360A18115D8B3EE027AC4ED73
S31500001760087A77EE877A0023C4ED097A2677A36193
S31500001770636803F5FA63EA1A002A6360B5DB05F5C8
S31500001780FA656560B1E7D4ED086AF4EEE67AF1EE43
S3150000179010FA37EEE67A4CBF9FED4C6A9FED4C6A25
S315000017A0D4ED095A27EE067AF4EEE57A77EE266A44
S315000017B0F1EE10FAC4ED086AB3EE027A67DC36EE93
S315000017C0877A9FED445A37EE656A26EE056A36EE4D
S315000017D0256AB4EEC76AF1EE10FA5ABFB0EE467A41
S315000017E084ED096A84ED097AB3EE026A37EE667A09
S315000017F0B4EE467AF1EE10FA77EEE67A48BFB0EE2E
S31500001800467AC7EE876AF5EEC06AF1EE10FA18D48A
S31500001810B7EE007AF4EEC76AF1EE10FA40DCDFEDBF
S315000018202B7AF4EEE76AF1EE10FA0AD976EEE76A59
S315000018309FED296AC6EE867AF5EEC07AF1EE10FAC9
S3150000184035D5DFED267A94ED067AF5EE006A77EE69
S31500001850C77A67EEA67A77EE877AF5EEC07AF1EE6A
S3150000186010FA19D49FED1E7AF4EEC77AF1EE10FA4B
S3150000187019DCB6EE007A37EE877ABCEEC77A8DEDC4
S31500001880017A9DF80430C4ED067A237770E7B0EE4E
S31500001890676A36EE877A9CE70023DFED107AF2E777
S315000018A0DFED0F7ACFE76423F0EE477AEBE7F4EE4D
S315000018B0C77AF1EE10FAF3DC9FED097A67EE877AC4
S315000018C0C1E700BF980700200000803DCDCCCC3D8D
S315000018D06F12033B6F12833B6666663F0000000093
S315000018E00000C842014B187F704700BF98070020D0
S315000018F02DE9F0432DED028B002585B00DF104088E
S315000019000446174608466A464146B0EE408A1E46D9
S31500001910BDF93890019502950395009501F036F9C9
S3150000192020B3B3EE047ADDED007AF4EEC77AF1EE79
S3150000193010FA21D498E8070066700026231D277048
S3150000194088EE277A83E807000127304684ED087A77
S31500001950E5616562A4F82890A4F82A90E76284F805
S31500001960306005B0BDEC028BBDE8F083022005B007
S31500001970BDEC028BBDE8F083012005B0BDEC028B07
S31500001980BDE8F08330B52DED028B002300248DB029
S31500001990CDE9093308930194029403940B9300282C
S315000019A07ED00C46002900F090800DF1100C1546F3
S315000019B00FC88CE80F00604600F0A8FFDDED047A42
S315000019C0F5EEC07AF1EE10FA9DED056ADDED066AD8
S315000019D09DED077A68D4214601A88DED016ACDED0B
S315000019E0026A8DED037A00F007FFD4ED006A94EDEC
S315000019F0017AD4ED027A66EE806A27EE007A67EE07
S31500001A00807A049B08A8B0EE408ACDED096A8DED78
S31500001A100A7ACDED0B7A089300F078FFDDED086ABF
S31500001A20F5EEC06AF1EE10FADDED097A9DED0A7A5F
S31500001A309DED0B0A0FD5F1EE666AF1EE677AB1EE0F
S31500001A40477AB1EE400ACDED086ACDED097A8DED03
S31500001A500A7A8DED0B0A67EEA77A27EE077A20EE53
S31500001A60000A77EE877A77EE807AF5EE407AF1EE25
S31500001A7010FA2FD4B1EEE70ADDED080A0AF040FCB1
S31500001A809FED177A70EE007AB5EEC08A67EE877A18
S31500001A90F1EE10FA48BFF1EE677A0120C5ED007A43
S31500001AA00DB0BDEC028B30BDF1EE677AB1EE466A41
S31500001AB0F1EE666AB1EE477ACDED047A8DED056AF0
S31500001AC0CDED066A8DED077A85E708460DB0BDECCB
S31500001AD0028B30BDB0EE670A0AF014FCCCE700BFFB
S31500001AE0E12E654270B52DED068B4FF0000C8CB0E3
S31500001AF00C46694615461E46CDF800C0CDF804C012
S31500001B00CDF808C0CDF80CC0CDF810C0CDF814C083
S31500001B10CDF818C0CDF81CC0CDF820C0CDF824C033
S31500001B20CDF828C0CDF82CC001F0A6F828B90024BD
S31500001B3020460CB0BDEC068B70BD204603A901F013
S31500001B409BF80028F3D0284606A901F095F804462C
S31500001B500028ECD003A9084600F04EFE06A903A80B
S31500001B60F0EE408A00F048FE06A90846B0EE408A2C
S31500001B7000F042FE28EE087A68EE809A79EEC79A5F
S31500001B80DFED2D7AB0EEE97AB4EEE77AF1EE10FAEF
S31500001B90B0EE409ACBD9684603A900F02DFE684600
S31500001BA006A9B0EE40AA00F027FE29EE0A9A68EED2
S31500001BB0808A28EE0AAA28EE008A78EECA8A39EECA
S31500001BC0488A88EEA96AC8EE297ADDED036ADDED5A
S31500001BD0063A9DED047A9DED074ADDED052A9DED59
S31500001BE0083A66EE233A26EE044A67EEA66A27EE20
S31500001BF0877A26EE036A67EEA27ADDED004A9DED4E
S31500001C00015ADDED025A76EEA36A37EE047A77EED4
S31500001C10867A74EEE66A35EE477A75EEE77A09A8B3
S31500001C20CDED096A8DED0A7ACDED0B7A00F0C8FD8F
S31500001C3086ED000A7CE700BF17B7D13870B50646B7
S31500001C4090B00C4600F1A00100F0BCFE6D4606F116
S31500001C50B00106F150008DED000ACDED010A8DEDC3
S31500001C60021ACDED031A00F0ADFE28468DED040AEA
S31500001C70CDED050A8DED061ACDED071A00F00CFF25
S31500001C8004A908A88DED080ACDED090A8DED0A1AFA
S31500001C90CDED0B1A00F096FE95E80F008DED0C0ABF
S31500001CA0CDED0D0A8DED0E1ACDED0F1A84E80F005D
S31500001CB0103410AB13E90F0084E80F00012010B0B8
S31500001CC070BD00BFF0B50D462DED048B11468DB0ED
S31500001CD0064628461446D2ED008A1F4695ED008A30
S31500001CE000F08AFD28EE800A38EE408A2146284612
S31500001CF095ED019AD4ED019A8DED008A00F07CFDF8
S31500001D0029EE800A39EE409A2846214695ED028A48
S31500001D10D4ED028A8DED019A00F06EFD28EE800A60
S31500001D2038EE408A68468DED028A00F09FFD28B99C
S31500001D30002528460DB0BDEC048BF0BD2946304683
S31500001D4000F0D4FE214603A8CDED040A8DED051A58
S31500001D50D4ED008AB0EE408A8DED030A00F04CFD0A
S31500001D6028EE800A38EE408A214603A8D4ED019A6F
S31500001D709DED049A8DED068A00F03EFD29EE800A5F
S31500001D8039EE409A214603A8D4ED028A9DED058AD4
S31500001D908DED079A00F030FD28EE800A38EE408A75
S31500001DA006A88DED088A00F061FD05460028BFD023
S31500001DB0684606A900F038FD204609A9CDED0A0AB5
S31500001DC08DED0B1A8DED090A00F016FD684606A981
S31500001DD0B0EE408A00F010FDB7EE001AFFEE000AE2
S31500001DE000F084FDF0EE400AB0EE480A0AF088FAE8
S31500001DF0DFED057A284620EE270A87ED000A0DB0AA
S31500001E00BDEC048BF0BD00BFE12E654290F82C308E
S31500001E1084468BB103788BB1012B0DD101F11000F3
S31500001E209CF801302BB1012B06D10CF10401FFF710
S31500001E30A9BD9CF82E301BB9002070470846EFE775
S31500001E4013460CF110010CF10402FFF73BBF00BF73
S31500001E5070B590F82C50C5B390F82F3004460E4656
S31500001E60ABBB012294F82D3084ED090A84F82F20AB
S31500001E704BB1D4ED077A9FED2E7A30EE670A20EE4D
S31500001E80070A37EE800AB4F9283084ED070A07EE10
S31500001E90903AF8EEE77A37EE800AB8FE400A012358
S31500001EA0FDEEC07A94F8302084F82D3017EE903A83
S31500001EB02AB1B4F92A20991A0131022936D91AB25F
S31500001EC06285012284F830203360284670BD90ED8B
S31500001ED0097ADFED187A30EE470AB4EEE70AF1EE3A
S31500001EE010FA08DD9FED147A30EE470AB4EEE70AE1
S31500001EF0F1EE10FAF8DCDFED117AB4EEE70AF1EE56
S31500001F0010FA08D59FED0C7A30EE070AB4EEE70A10
S31500001F10F1EE10FAF8D49FED0A1ADFED0A0A00F086
S31500001F20E5FCD4ED097A30EE270A9AE71346C7E7AF
S31500001F30CDCC4C3E000034430000B443000034C313
S31500001F409A9919409A9919C038B5044600F1A00328
S31500001F500D464FF4A2720021184604F0F8FF00F077
S31500001F6027FD04F1B00000F023FD002240F201112C
S31500001F70A5F57433903BA4F8E01184F8E2212046DD
S31500001F80C4F8D031C4F8D851C4F8F821BDE83840B7
S31500001F9000F030BF2DE9F04F2DED0E8B90F8DF31BC
S31500001FA004460D4690F8E2719DB013B1062F00F07D
S31500001FB0B0810DF1500820220021404604F0C7FFF1
S31500001FC0236CB3B1D4F890309BB117B34146204689
S31500001FD0FFF734FE002800F0B08194F8E2717B1E12
S31500001FE0032B00F29E82DFE813F06601790064009D
S31500001FF05100032140F201433A462046C4F8D85125
S31500002000A4F8E0311DB0BDEC0E8BBDE8F04F00F03A
S3150000201017BF204600F040FD04F1500084ED280A69
S31500002020C4ED290A84ED2A1AC4ED2B1A00F034FDFA
S3150000203084ED2C0AC4ED2D0A84ED2E1AC4ED2F1A58
S3150000204094F8E26184F82C7184F8607184F89471D4
S3150000205084F8C87184F8DF71C4F8F87140F201237E
S3150000206031462046C4F8D851A4F8E03100F0D6FE37
S31500002070042E00F038812046013684F8E2611DB056
S31500002080BDEC0E8BBDE8F04F00F0B4BE01235A2222
S3150000209018AF394600929FEDAD0A1A4604F5CE7088
S315000020A0FFF726FC0146002800F05A8194F8E271F9
S315000020B0A0E7002318AE31469FEDA40A012204F5DD
S315000020C0B4700093FFF714FC01460028EED196E8A1
S315000020D00F0004F1E00787E80F0001E15A22002310
S315000020E0414600929FED970A1A4604F59A70FFF74B
S315000020F0FFFB01460028D9D14FF0FF3304F1D0068B
S31500002100D4ED41CA94ED42CAD4ED43BA94ED4EBA29
S31500002110D4ED4FAA94ED50AA0290049603939FED36
S315000021208AEA98E80F00DFED89DA86E80F009FED6E
S3150000213085DA3E46DFED868A4FF0FF37A0460DF181
S3150000214038090DF12C0B0DF1440A07EE907AF8EEE2
S31500002150E77A4FF0FF346CEEA79A2CEE279A2BEE17
S31500002160A78A07EE904AF8EEE77A6BEE276A2AEE20
S31500002170A77A6AEE277A58464946CDED0B9A8DED39
S315000021800C9A8DED0D8ACDED0E6A8DED0F7ACDEDA3
S31500002190107A00F049FB5046CDED098ACDED0A8A4A
S315000021A08DED110ACDED120A8DED131A023400F0F1
S315000021B05DFB002871D05A46514609AB08F1C000B4
S315000021C0FFF780FD002868D04A46514604980AABBE
S315000021D0FFF778FD039000285FD09DED097AF3EEB6
S315000021E0047AF0EEC76AF4EEE76AF1EE10FA54D418
S315000021F09DED0A6AF0EEC66AF4EEE76AF1EE10FAB1
S3150000220008F58272134608F58872059208F59C72E5
S31500002210069208F5A27207923FD47DEEC77A7DEE4C
S31500002220466AF0EEE77AF0EEE66A029A77EEA67A6A
S3150000223022B1F4EECE7AF1EE10FA2CD59BE8070027
S315000022404FF0000CCDEE876A4FF0010E8DEE067A48
S31500002250B0EE67EA83E807009AE80700059B83E883
S31500002260070099E80700069BC8ED486A88F82DC163
S31500002270A8F82EE188F830C183E807009AE807003D
S31500002280079B83E8070088ED557AA8F862E188F88D
S3150000229061C188F864C1039B0293032C7FF461AF8C
S315000022A00237032F7FF451AF029B4446C3B9314630
S315000022B098F8E2719EE600235A22414600929FED6D
S315000022C0230A1A4604F58070FFF712FB0146002820
S315000022D07FF4ECAE98E80F0004F1C00686E80F0024
S315000022E094F8E261BAE694F82C31CBB194F86031F7
S315000022F0B3B194F894319BB194F8C83183B10121FC
S3150000230006220023204684F8DF1184F8E221C4F86F
S31500002310F8311DB0BDEC0E8BBDE8F04F00F0AABD44
S31500002320002304220221204684F8DF311DB0BDECD3
S315000023300E8BBDE8F04F00F083BD032194F8E271E7
S3150000234058E600BF0000B4C2286B6E4E0000B442CF
S3150000235000000000C2B8323D14AE873FD7A3703FDD
S315000023604FF0FF3B04F1F009D4ED5BCA94ED5CCA73
S31500002370D4ED5DBA94ED68BAD4ED69AA94ED6AAA73
S31500002380064697E80F00D84689E80F00CB465FED72
S3150000239012DA1FED12DA5FED128AA9460DF1440A30
S315000023A007EE908AF8EEE77A4FF0FF356CEEA79AC3
S315000023B02CEE279A2BEEA78A07EE905AF8EEE77ACC
S315000023C06BEE276A2AEEA77A6AEE277A5046CDED9B
S315000023D00E9A8DED0F9A8DED108ACDED0A8ACDED10
S315000023E00B8ACDED116A8DED127ACDED137A0EAF13
S315000023F0023500F03BFA002866D03A4651460AAB51
S3150000240004F1E000FFF75EFC00285DD05146584617
S315000024100BAAFFF7B7FA0346002855D09DED0A7AB6
S31500002420F3EE047AF0EEC76AF4EEE76AF1EE10FA1C
S315000024304AD49DED0B6AF0EEC66AF4EEE76AF1EE59
S3150000244010FA04F5D072029204F5D67204F5B67E3F
S3150000245004F5BC7C039237D47DEE477A7DEE466A5E
S31500002460F0EEE77AF0EEE66A77EEA67A26B1F4EEBB
S31500002470ED7AF1EE10FA26D597E8070000268EE8E9
S3150000248007009AE80700CDEE076A8CE807004FF0D0
S31500002490010C8DEE067A029FC4ED626A84F895619E
S315000024A0A4F896C184F8986187E80700039FF0EEC8
S315000024B067DA87E8070084ED6F7AA4F8CAC184F862
S315000024C0C96184F8CC611E46032D7FF475AF08F10F
S315000024D00208B8F1030F7FF463AF4D46EEB11FED6E
S315000024E0631A5FED630A1FED630A4FF4C873C822CF
S315000024F00D49204600F0FCFF9FED0C1ADFED0C0A9B
S315000025009FED0C0A4FF4C873C8220B4904F1500022
S3150000251000F0EEFF94F8E261A0E5022194F8E27182
S3150000252068E5022166E500BF15090000C2B8323D24
S3150000253014AE873FD7A3703F250A00002DE9F04768
S315000025400E4692B00446202200210AA804F0FFFCA1
S315000025509EB194F8DF3183B194F82C316BB194F8C5
S31500002560603153B194F894313BB194F8C83123B13A
S31500002570236C13B1D4F8903023B90025284612B045
S31500002580BDE8F08720460AA9FFF758FB0546002854
S31500002590F3D0002304F5807738460AA904AA0493E9
S315000025A005930693079308930993FFF72FFC0028DA
S315000025B040F0A88004F5B47840460AA906AAFFF7B9
S315000025C025FC00287DD00AA907AA04F5CE70FFF7DE
S315000025D01DFC002875D009AB04F1F00204F1E001FE
S315000025E00EA8FFF77FFA4FF0010A002869D0F3EE34
S315000025F0097A9DED097AB4EEE77AF1EE10FACCBFCE
S315000026004FF001094FF00009BAF1000F5BD194EDCC
S31500002610480ADDED047A3846694620EE270AFFF7B8
S3150000262017FC0028A9D094ED550ADDED057A01A91D
S3150000263020EE270A04F59A70FFF70AFC00289CD0C2
S31500002640B9F1000F40F08A8094ED620ADDED067A5A
S31500002650404620EE270A02A9FFF7FAFB00288CD095
S3150000266094ED6F0ADDED077A03A920EE270A04F53B
S31500002670CE70FFF7EDFB00283FF47FAFDDE90232B5
S315000026800098B42B0199A8BFB423B428A8BFB420DE
S31500002690B42AA8BFB422B429A8BFB42123EAE3739D
S315000026A020EAE07022EAE27221EAE171B38030802A
S315000026B07180F280FFF716F96428A8BF6420307293
S315000026C05CE74FF0010994F82C31002B3FF455AF2D
S315000026D0B4F92831B4F92A2194F83011002918BF29
S315000026E01346009394F86031002B3FF446AFB4F9DB
S315000026F05C31B4F95E2194F86411002918BF1346C1
S3150000270001939DE70AA905AA04F59A70FFF77EFBD7
S3150000271000283FF44FAF0AA808AB04F1D00204F139
S31500002720C001FFF7DFF900283FF444AFF3EE097A62
S315000027309DED087AB4EEE77AF1EE10FA04F5B47876
S3150000274040460AA906AACCBF4FF0010A4FF0000A7C
S31500002750FFF75CFB08BB4FF0010955E794F894318D
S31500002760002B3FF40AAFB4F99221B4F9903194F8F2
S315000027709811002918BF134694F8C8210293002A1D
S315000027803FF4FBAEB4F9C421B4F9C61194F8CC01F8
S31500002790002818BF0A46039272E70AA907AA04F599
S315000027A0CE70FFF733FB0028D5D009AB04F1F00259
S315000027B004F1E0010EA8FFF795F90028CBD016E743
S315000027C090ED000AD0ED017A90ED027A20EE000A33
S315000027D067EEA77A27EE077A70EE277A77EE877A82
S315000027E0F5EE407AF1EE10FA02D4B1EEE70A704740
S315000027F0B0EE670A09F086BDD0ED007AD1ED005A39
S3150000280090ED017A91ED016A90ED020AD1ED026A2E
S3150000281067EEA57A27EE067A20EE260A77EE877A05
S3150000282037EE800A704700BFD0ED017A91ED027A4B
S31500002830D0ED020A91ED011AD1ED006A90ED006A21
S3150000284060EE815A27EE870A60EEA60A27EE067A20
S3150000285021EE061A67EEA67A30EE650A70EEC70A12
S3150000286031EE671A88B008B0704700BFA8B3D0ED44
S31500002870007A90ED010A90ED027A67EEA77A20EED3
S31500002880000A27EE077A37EE800A30EE070AB5EE21
S31500002890400AF1EE10FA10B5044620D4F1EEC07AE3
S315000028A09FED117AF4EEC77AF1EE10FA13D9D4ED52
S315000028B0006A94ED017AD4ED025A86EEA76AC7EE55
S315000028C0276A85EEA77A012084ED006AC4ED016AC5
S315000028D084ED027A10BD002010BD0020704709F07B
S315000028E011FDF0EE407ADBE717B7D138B4EEE00A17
S315000028F0F1EE10FA06D4B4EEC10AF1EE10FA31FE8A
S31500002900000A7047B0EE600A704700BFD0ED007A4B
S3150000291090ED010AD0ED026A67EEA77A20EE000A72
S3150000292090ED037A66EEA66A37EE800A27EE077AFE
S3150000293030EE260A30EE070AB5EE400AF1EE10FA3E
S3150000294000B583B02CD4F1EEC07AF5EEC07AF1EE84
S3150000295010FA4FF000031AD990ED006AD0ED016A23
S3150000296090ED027A90ED035AC6EE275A86EEA76AD4
S31500002970C7EE276A85EE277AC0ED005A80ED016A18
S31500002980C0ED026A80ED037A03B05DF804FB4FF0F8
S315000029907E5243608360C360026003B05DF804FB4F
S315000029A0019009F0AFFC0198F0EE407ACDE700BF48
S315000029B030B100234FF07E52436002608360C360F3
S315000029C0704700BF0346D1ED004AD3ED007A93ED80
S315000029D0013AD1ED015A91ED025A91ED034A10B533
S315000029E0D3ED032A2DED028BD3ED023A24EE830AB2
S315000029F063EE040A23EE258A27EEA46A23EE053A3F
S31500002A0067EEA56A27EE857A67EE847A23EE851A45
S31500002A1064EEA31A22EE842A77EE837A23EE844AA2
S31500002A2076EE806A65EEA33A37EE607A36EE486A4D
S31500002A3025EE225A65EEA25A64EEA24A77EEE37AB2
S31500002A4036EE416A76EE846A37EE217A77EEA47A1C
S31500002A5036EE426A76EEC56A37EE257A8CB004AC5D
S31500002A602046CDED077A8DED046ACDED056A8DED34
S31500002A70067AFFF74BFF94E80F000CAC04E90F0051
S31500002A80DDED090A9DED0A1ADDED0B1A9DED080A2A
S31500002A900CB0BDEC028B10BD0346D3ED016A93ED7D
S31500002AA0027AD3ED037AF1EE666AB1EE477AF1EE79
S31500002AB0677A10B58CB004AC1B6820460493CDED44
S31500002AC0056A8DED067ACDED077AFFF71FFF94E8CC
S31500002AD00F000CAC04E90F00DDED090A9DED0A1AA2
S31500002AE0DDED0B1A9DED080A0CB010BDD0ED015AB4
S31500002AF0D0ED027A90ED035A91ED024AD1ED013AFA
S31500002B0091ED000A25EE233A25EE846A67EE806A87
S31500002B1027EE847A65EE000A65EEA34A37EE437A1D
S31500002B2074EEE64A70EEC60A90ED001A27EE873A72
S31500002B3031EE011A65EE076A25EEA06A25EE205AE7
S31500002B4067EEA47A65EEA45A21EE077A61EE200AB2
S31500002B5036EE436A21EE241A77EEC57A76EEE56AFA
S31500002B6037EE000A70EEA30A31EE041A36EE066A54
S31500002B7077EEA77A76EEA66A36EE011A37EE800A67
S31500002B8076EEA00A88B008B0704700BF002867D06C
S31500002B9030B52DED048B0C4685B000295BD015466B
S31500002BA0002A58D00FC8EC468CE80F006046FFF7A5
S31500002BB0ADFEDDED007AF5EEC07AF1EE10FA9DED90
S31500002BC0019ADDED028A9DED038A0FD5F1EE677A53
S31500002BD0B1EE499AF1EE688AB1EE488ACDED007AF7
S31500002BE08DED019ACDED028A8DED038A29EE090A53
S31500002BF068EEA86A68EE087A30EE260A70EE277A42
S31500002C00F5EE407AF1EE10FA2CD4B1EEE70ADFEDDC
S31500002C10187AB4EEE70AF1EE10FA1CD9C8EE007A7B
S31500002C20C9EE006A88EE807AC4ED027ADDED000A0C
S31500002C30C4ED006A84ED017A09F062FBDFED0D7ADE
S31500002C4030EE000A012020EE270A85ED000A05B0C5
S31500002C50BDEC048B30BD002005B0BDEC048B30BD4F
S31500002C6000207047B0EE670A09F04CFBCFE700BFC3
S31500002C7017B7D138E12E6542002871D010B52DED79
S31500002C80048B0C4686B0002965D00FC80DF1080CE0
S31500002C908CE80F006046FFF739FEDDED027AF5EEAF
S31500002CA0C07AF1EE10FADDED038A9DED048A9DED02
S31500002CB0059A3FD428EEA87A68EE087A29EE090A22
S31500002CC077EE277A37EE800AB5EE400AF1EE10FA73
S31500002CD047D4F1EEC09ADFED267AF4EEE79AF1EEEC
S31500002CE010FA08D80023012023606360A36006B0B1
S31500002CF0BDEC048B10BDDDED020AB0EE690A09F0E9
S31500002D00FFFADFED1C7A30EE000A20EE270AC0EE4D
S31500002D10297A012067EEA88A27EE888A67EE897AE3
S31500002D20C4ED008A84ED018AC4ED027A06B0BDECDA
S31500002D30048B10BDF1EE677AF1EE688AB1EE488A2F
S31500002D40B1EE499ACDED027ACDED038A8DED048A76
S31500002D508DED059AAEE7084606B0BDEC048B10BDB6
S31500002D60704709F0CFFA8DED010AF0EE409AB2E70E
S31500002D7017B7D138E12E654210B5044604F0EAFFD4
S31500002D8038B1064B02469868214684681868A04701
S31500002D9000B110BDBDE81040FDF70CBDFCCB000036
S31500002DA00EB4002130B59AB01D9D04465C2203A8DE
S31500002DB0029104F0CCF84DB11EAB2A46602102A860
S31500002DC0019305F0A5FE01385E2804D91AB0BDE8C6
S31500002DD0304003B07047002CF8D094F80432002B32
S31500002DE0F4D002A8FFF7C8FF1AB0BDE8304003B020
S31500002DF0704700BF90F8E231062B98BF044903F1F3
S31500002E00010294BF51F82330024B0349FFF7C8BFB4
S31500002E1058C800005CC7000064C70000062998BFB8
S31500002E20044B01F1010294BF53F82130024B0349D0
S31500002E30FFF7B6BF58C800005CC7000078C700009F
S31500002E401346032996BF064A064A52F82120062B46
S31500002E5096BF0549054B51F823300549FFF7A0BF3A
S31500002E6074C8000088C7000058C800005CC700008E
S31500002E708CC7000028B190F8043213B10148FFF75F
S31500002E807BBF70479CC7000090F8DF316BB990F8A4
S31500002E90E231062B98BF084903F1010294BF51F8AD
S31500002EA02330064B0649FFF77BBF90F8043213B177
S31500002EB00448FFF761BF704758C800005CC70000B0
S31500002EC0C0C70000A8C70000002310B58CB0CDE92C
S31500002ED00433CDE90633CDE90833CDE90A3389B1A8
S31500002EE00A7ACB8804468888CDE902324A880B885C
S31500002EF0CDE9002020210A4A04A804F0CDFE431E95
S31500002F001E2B01D90CB010BD002CFBD094F8043256
S31500002F10002BF7D004A8FFF72FFF0CB010BD00BFA1
S31500002F20D4C7000000232DE9F04190B004460D46B9
S31500002F303C22194601A8234E234FDFF894800093C4
S31500002F4004F005F840216846FDF7D2FB68B39DF909
S31500002F500030002BF6D06A46DBB2A3F161011929D5
S31500002F609CBF203B137012F9013F002BF4D1314670
S31500002F70684604F0E5FED8B13946684604F0E0FE3E
S31500002F80B0B14146684604F0DBFEB0B168460F4971
S31500002F9004F0D6FE0028D5D12046FFF775FF402164
S31500002FA06846FDF7A5FB0028D1D110B0BDE8F08139
S31500002FB029462046FEF7C8FFC4E729462046FEF705
S31500002FC0E9FFBFE7ECC70000F8C7000010C8000023
S31500002FD004C80000E0B110B50446FFF7E9FC002381
S31500002FE00022236162646361A361E3612362636219
S31500002FF0A362E36223636363A363E3632264A4F8C7
S315000030004820A4F84A20A4F84C2084F84E2010BD8D
S31500003010704700BFFFFFFFFF38B3002170B4164CA6
S31500003020164BD4F8FC20164E42F08072C4F8FC20F1
S3150000303059601A68134D42F001021A604160326A03
S315000030402B68C2F3026293400F4CD340A3429FED1C
S31500003050087B70BC94BF01230C4A80ED027B84BFC1
S31500003060A2FB03239B0C036070477047AFF30080FD
S31500003070000000000000000000ED00E0001000E08D
S3150000308000E00140900B00203F420F0083DE1B430F
S3150000309090B10A4A38B5D0E90241556843680268DA
S315000030A0EB1A1C1941F10001C0E901540023C1606B
S315000030B0204603F0A9FD38BD704700BF001000E0B0
S315000030C018B310B5044689B1104B48685B688A6826
S315000030D04B60181ACB68801843F10003C1E902035C
S315000030E00A681946002303F08FFD01464FF6FF726A
S315000030F06164B4F848309BB2934205D0B4F84830C6
S3150000310001339BB2A4F8483010BD7047001000E0B0
S31500003110036C9BB1CB1A07EE903ADFED0F6AF8EE1F
S31500003120677A9FED0E7A87EEA60AB4EEC70AF1EE2D
S3150000313010FA07D5B0EE470A016470479FED080AFA
S3150000314001647047DFED077AB4EE670AF1EE10FA14
S31500003150016437FE800A7047002474496F12033AEF
S315000031606F12033B0AD7233C38B504462DED068B78
S3150000317008460D46B0EE408AD2ED008A92ED019ADD
S31500003180D2ED029AFFF71CFBDFED707AB4EEE70A88
S31500003190F1EE10FA52DA94ED014A94ED035AD4EDA9
S315000031A0003AD4ED024A29EE843A29EEA37A64EE77
S315000031B0685A29EE242A28EEA36A69EEA42A69EE43
S315000031C0236A69EE047A76EEC36A69EE859A29EE79
S315000031D0059A28EE853A77EE277A68EEA48AB6EE47
S315000031E0000A75EEC25A36EE226A28EE000A36EE5C
S315000031F0496A75EEE95A36EE837A77EEE87ABDECDF
S31500003200068B66EE006A65EE805A27EE007A67EE58
S31500003210807A35EEA36A76EE846A37EE247A77EE04
S31500003220857A204684ED006AC4ED016A84ED027A4F
S31500003230C4ED037ABDE83840FFF768BBDFED447A9A
S31500003240B4EEE70AF1EE10FA94ED014A76D8D4ED21
S31500003250003A94ED035AD4ED024A64EE047A63EE22
S31500003260A31A95ED006AD5ED016A95ED02AA71EEF5
S31500003270E71A24EE053A63EEA47A86EE007A33EE78
S31500003280673A86EE806A64EE237ACAEE006A25EE15
S31500003290240A77EE807A24EEA40A33EE033A71EE1E
S315000032A0C01A77EEA77A25EE050A71EE801A26EE89
S315000032B0A70A66EE836A67EE277A26EE033ADFED03
S315000032C0255A77EEC37A27EE217A26EE216A36EE64
S315000032D0C77A67EEA56AD4ED0C0A36EE406A66EE4A
S315000032E0886A76EEA00A66EE256A67EE255AB0EE83
S315000032F0041A94ED0A2AD4ED0B2A66EE886A65EE66
S31500003300885A36EE822A75EEA25A67EE817A26EE42
S31500003310016A27EE017A77EEA07A36EE026A37EE78
S31500003320257AC4ED0C0A79EEA79A84ED0A2AC4ED33
S315000033300B5A78EE868A39EE079A34E794ED035AEB
S31500003340D4ED003AD4ED024A2DE700BF3333333FC4
S315000033506666A63F0AD7A33D2DE9F04F2DED088BF3
S31500003360DFED5F8A4FF000089FED5E9A9FED5EBA33
S315000033704FF4FA67F0EE689A05468A46164699466D
S31500003380B0EE68AAF0EE68AAB0EE688A89B0DDF8F9
S3150000339068B08DED028A8DED038A8DED048A8DED80
S315000033A0058A8DED068A8DED078A8DED018AB9F1C4
S315000033B0000F7AD0002E7ED04C4B70685B68F168A7
S315000033C0181A7360B3683268C01841F1000100230F
S315000033D0B060F16003F018FC01465846C847B5F8DE
S315000033E048309BB26BB9142401E0013C09D04FF47C
S315000033F07A71012003F082FAB5F848309BB2002BAF
S31500003400F3D0EFF31083012282F310880022A5F88F
S31500003410482083F3108801AA05A902A8D04702A86C
S31500003420FFF7CEF9B4EEC90AF1EE10FA16D4B4EEEF
S31500003430CB0AF1EE10FA11DC9DED056ADDED066AA8
S315000034409DED077ADDED017A78EE868A3AEE26AAB8
S3150000345079EE879A7AEEA7AA08F10108013F2CD0E7
S31500003460B8F57A7F95D107EE908AF8EEE77A40F2C2
S3150000347001138AEEA77AC8EEA75A8AEE276AC9EE22
S31500003480A76A404685ED0D7AC5ED045A85ED056AB5
S31500003490C5ED066A85ED0E7A85ED0F7AA5F84C30F6
S315000034A009B0BDEC088BBDE8F08FB5F848309BB28B
S315000034B0002B98D0A5E731468FE7B8F1000FD2D19F
S315000034C000234046A5F84C802B616B61AB616B63B2
S315000034D0AB63EB6309B0BDEC088BBDE8F08F00BFB2
S315000034E0000000009A99593F3333933F001000E0E3
S315000034F02DE9F04F2DED0A8B89B0002800F0AA8047
S315000035008846002900F0A6809146002A00F0A28095
S315000035109A46002B00F09E809FED52AA0027F0EEFF
S3150000352060AAB0EE409A0546F0EE419A4FF0010BC4
S31500003530B0EE4ABAF0EE4ABAB0EE4ACAB0EE4A8ADD
S315000035403E46B5F848308DED028A9BB28DED038A72
S315000035508DED048A8DED058A8DED068A8DED078A3F
S315000035608DED018A6BB9142401E0013C09D04FF4BA
S315000035707A71012003F0C2F9B5F848309BB2002BEE
S31500003580F3D0EFF310838BF310880022A5F84820C0
S3150000359083F3108801AA05A902A8C04702A8FFF76D
S315000035A00FF9F0EE408A05A8FFF70AF9F4EEC98A8A
S315000035B0F1EE10FA06F101061AD4F4EEEA8AF1EEFB
S315000035C010FA15DCB4EEE90AF1EE10FA10DC9DED06
S315000035D0056ADDED066A9DED077ADDED017A3AEEC4
S315000035E006AA7BEEA6BA3BEE07BA3CEE27CA01371F
S315000035F0B2452DD0B945A4D807EE907AF8EE677A91
S31500003600002200238CEE277A40F20111CAEE275AD7
S315000036108BEEA76ACBEE276A384685ED0D7AC5EDA7
S31500003620045A85ED056AC5ED066A85ED0E7A85EDC7
S315000036300F7AAA62EA622A632B64A5F84A30A5F8D3
S315000036404C1085F84E3009B0BDEC0A8BBDE8F08F02
S31500003650002FD1D10027384609B0BDEC0A8BBDE852
S31500003660F08F00BF00000000F8B52DED068B0C9F13
S31500003670002800F0D0801646002A00F0CC801D46B7
S31500003680002B00F0C88090F84D30F0EE408A0446DA
S3150000369080ED0E0A002B00F0C18090ED0F7A9FEDB1
S315000036A0870A78EEC77A67EE807A77EE878A94F88B
S315000036B04C30C0ED0F8A002B00F0BA80D4ED0D7AA5
S315000036C0D4ED079A94ED089A94ED098A78EEE7AA64
S315000036D0D4ED045A94ED056A94ED060A6AEEA99AA9
S315000036E02AEE899A2AEE888AD6ED006A96ED017A44
S315000036F0D6ED027A79EEA59A39EE069A38EE008A68
S3150000370076EEE96A37EE497A77EEC87AC5ED006A51
S3150000371085ED017AC5ED027A002975D00846FFF7D6
S315000037204FF82846B0EE40AAFFF74AF8DFED647A74
S31500003730B4EEE7AAF1EE10FA66DBDFED627AB4EEDC
S31500003740E7AAF1EE10FA5FD8DFED5F7AB4EEE70A8A
S31500003750F1EE10FA58D8B0EEEA7ADFED5C7AB4EE04
S31500003760E77AF1EE10FA6BDAD4ED0D7AD5ED009A20
S3150000377095ED019AD5ED026A9FED555A38EEE77A36
S31500003780D4ED045A94ED056A94ED068A69EE859A9D
S3150000379029EE059A66EE856A27EE057A79EEA55A30
S315000037A039EE066A76EE886A37EE277A94ED090ACC
S315000037B0C4ED045A84ED056AC4ED066A84ED0D7AFB
S315000037C0D4ED079A94ED089A78EEC77A67EEA99A2F
S315000037D027EE899A67EE807AD6ED004A96ED015A71
S315000037E096ED027A39EE069A37EEA68A79EEA59A12
S315000037F075EE496A34EEE96A77EE487A85ED006A35
S31500003800C5ED016AC5ED027A2FB1C7ED009A87EDC5
S31500003810019A87ED028ABDEC068BF8BD012380F87C
S315000038204D3094F84C3080ED0F0A002B7FF446AFF4
S315000038300123C4ED0D8AF0EE687A84F84C303FE738
S315000038409FED237AD5ED007A87EE2A8A94ED070A52
S3150000385068EE277A9FED1F1ADFED1F0A37EE800A02
S31500003860FFF744F8D5ED017A94ED087A68EE277AE9
S315000038709FED181ADFED180A84ED070A37EE870A5E
S31500003880FFF734F895ED027AD4ED097A28EE078A27
S3150000389084ED080A9FED0F1ADFED0F0A38EE270AAE
S315000038A0FFF724F894ED0D7AD4ED045A94ED056AE9
S315000038B0D4ED066A84ED090A82E700BFCDCCCC3D83
S315000038C09A99593F3333933F35FA8E3DCDCC4C3FD1
S315000038D00AD7A33C35FA8E3B35FA8EBB002859D061
S315000038E0002957D038B51446002A4AD0054608465E
S315000038F0FEF766FFD4ED007AD4ED016AF0EEE77AC2
S31500003900F0EEE66AF4EE667A94ED027AF1EE10FADB
S31500003910B0EEC77A48BFF0EE667A9FED216AB4EE44
S31500003920677AF1EE10FAB4EEC60A77FE277AF1EE60
S3150000393010FA28DB9FED1B7AB4EEC70AF1EE10FAF7
S3150000394021D895F84E0030B19FED177AF4EEC77A7C
S31500003950F1EE10FA20DA9FED157AF4EEC77AF1EE61
S3150000396010FA10D8B5F84A301D2B04D901230020CF
S3150000397085F84E3038BD01339BB21E2BA5F84A3070
S31500003980F4D0002038BD00231846A5F84A3085F843
S315000039904E3038BD002070471E23A5F84A3038BD8A
S315000039A01F856B3F713D8A3FC2B8323F5077563D07
S315000039B0F8B5079E0F461946EFF31083012484F3EA
S315000039C010884FF0000CB0F84840456CA4B2A0F83F
S315000039D048C083F310884CB11046069AB84706B122
S315000039E03560089B012003B11C60F8BD2046F8BD78
S315000039F008B5FDF753FCFEE7022800D070470249E0
S31500003A00024801F095BC00BF3CCC000040080020F5
S31500003A1008B5FFF7EDFF002008BD00BF8446002073
S31500003A20CCE90A32CCF82410704700BF0022436864
S31500003A3010B502605A69044622B1936810681B6A81
S31500003A40984763681A6922B1936810681B6A984799
S31500003A50636893F90220002A0EDB012124485309EA
S31500003A6002F01F02203301FA02F240F82320BFF3CE
S31500003A704F8FBFF36F8F636893F90120002A0EDB27
S31500003A8001211B48530902F01F02203301FA02F2FA
S31500003A9040F82320BFF34F8FBFF36F8F6368012277
S31500003AA093F903301248590903F01F03203102FA33
S31500003AB003F340F82130BFF34F8FBFF36F8F636876
S31500003AC093F90430590903F01F039A4001F12003CA
S31500003AD040F82320BFF34F8FBFF36F8F0020A368FA
S31500003AE01A786FF386121A70DA78D87010BD00BF94
S31500003AF000E100E030B5836A85B004468C4601AD2E
S31500003B00ABB193E8070085E80700626818461178AC
S31500003B1083F804C0E26A19609A60636A9847A36AE8
S31500003B201BB195E8070083E8070005B030BD2B46BA
S31500003B30EBE700BFF8B586681D4633789DF818C0D8
S31500003B4013F0400340F08280C0E903120F4641683B
S31500003B5080F820C00446C0E90533C5614869F0B164
S31500003B60BCF10F0FA5615DD9022643681968CB78B1
S31500003B7066F30513CB7002268B7866F383038B708E
S31500003B80ABB2CB818A60002A6ED0836800685B681E
S31500003B909847002845D1616894F820C0A6680B694B
S31500003BA003B3BCF10F0F656146D902205A6811684C
S31500003BB0CA7860F30512CA700220CA78ADB260F303
S31500003BC08302CD81CA704F60002F54D032789D6831
S31500003BD06FF3451218686B683270984708BBA66881
S31500003BE094F820C0F27A338ABCF10F0FD2B29BB29E
S31500003BF02ED90CF1010C22F040024FEA9C0CACF1DC
S31500003C00050C42F02002002023F4706343EA0C2CDA
S31500003C101FFA8CFCF272A6F810C0337843F06003EA
S31500003C203370F8BDBCF1070F1AD841680968CE7821
S31500003C3063F30516CE709EE7BCF1070F12D85A68DB
S31500003C401168CA786FF30512CA70B5E70820F8BD87
S31500003C50BCF1070F94BF42F0400202F09F02D2E788
S31500003C60012682E70120A1E78B7862F383038B703C
S31500003C70044B8B6089E7D2B267F38302CA70024AAB
S31500003C804A60A3E7B4090020B809002010B594469D
S31500003C908E461C4682B00021724663460094FFF7AA
S31500003CA049FF02B010BD00BF10B594461C4682B055
S31500003CB0002263460094FFF73DFF02B010BD00BF2F
S31500003CC010B49DF8044001945DF8044BFFF732BF31
S31500003CD02DE9F04F044608780F6900F5800303F5D7
S31500003CE08D531B020D4685B003F10408002F00F02A
S31500003CF023814FF00062796838680B681A60C3F850
S31500003D000880BB681B6898470646002840F010816B
S31500003D106B6973B1D3E901124FF4002618680B687A
S31500003D2012681E60C3F8048090470646002840F0DB
S31500003D304B81287800F5800303F58D531B0200267E
S31500003D40AA6965606262EA69A360E262A6626F7A46
S31500003D50002F40F00881B82108264FF0100E6B7B2B
S31500003D6095F80BC02A6A1B03AD7A43EA4C032B4332
S31500003D701578002D40F0FE80012505FA00F0800739
S31500003D8040F02A8192F801C0D5784FEA4C1646EAEF
S31500003D904C0621EACC11314390781679A84023F0DD
S31500003DA070032D0101911EB1022E14BF202630266C
S31500003DB092F805C0BCF1000F06D0BCF1010F14BF8C
S31500003DC04EF0010E4EF0030E92F808C00CF0030CF4
S31500003DD045EA8C052B4395790295002F40F0C68065
S31500003DE0917A92F80980D77A43F460430391EFF30E
S31500003DF0108A012585F310886168DFF8F89191F83B
S31500003E0000C0D9F804B0CCF1130C05FA0CFC2BEA6F
S31500003E100C0CC9F804C0D9F804C08AF310884FF016
S31500003E20000C4FF010091FFA83FB9DF80410A368DD
S31500003E305FFA80FAD878606883F803C0197083F84F
S31500003E4001A09E70D2795FFA8EFE9A72039A83F869
S31500003E500C805A73029A9F7383F80FE0A3F810B090
S31500003E6083F8202083F8219090F90230634580F290
S31500003E7084805C4A90F90130002B26DB417903F1FE
S31500003E8060400901C9B200F5614080F80013564947
S31500003E9003F1C00042F8234051F820506FF310455B
S31500003EA041F8205051F82010BFF35F8F01205909C7
S31500003EB0890003F01F0301F1604101F5614100FA39
S31500003EC003F3C1F880310B606068017A90F9043021
S31500003ED046480901444DC618C9B286F8001303F1D5
S31500003EE0C00142F8234055F821606FF3104645F8AB
S31500003EF0216055F82110BFF35F8F012103F01F05E4
S31500003F005B099B0003F1604303F56143A940C3F8D5
S31500003F10801119600026636893F90310DB79084461
S31500003F201B01DBB280F80033314B42F8214023609D
S31500003F30304605B0BDE8F08F4A69002A3FF4FFAE6F
S31500003F404FF4002051680B681860C3F8048093682A
S31500003F5010681B689847064600283FF4EAAE3046CC
S31500003F6005B0BDE8F08FB021B646F8E60027B846A2
S31500003F7003973CE746F0B10104E7817903F160401D
S31500003F800901184AC9B200F5614080F800131649C4
S31500003F9003F1C00042F8234051F820606CF310464C
S31500003FA041F8206051F82010BFF35F8F03F01F0126
S31500003FB05B099B0003F160438D4003F56143C3F841
S31500003FC080511D60606855E7BB6838681B6A984772
S31500003FD0304605B0BDE8F08F002F7FF4D3AE43F036
S31500003FE08003CFE6040A00200060004000E100E004
S31500003FF0495053520040084010B4EFF30383103B7E
S31500004000234A5BB203F1C00152F821006FF310405E
S3150000401042F8210052F821201E4A52F82330D3E9F3
S3150000402006218A421DD0186948B393F820C0BCF116
S315000040300F0F0BD99968496840F82210D9690132E7
S315000040408A429A610DD05DF8044B7047BCF1070FA8
S3150000405018D8996809798154D96901328A429A61D6
S31500004060F1D15B6893F90330012203F01F000A497E
S315000040705B09824041F823205DF8044B704798683D
S315000040804068DCE79C68B4F804C020F812C0D6E7A4
S3150000409000600040040A002000E100E010B5EFF3E4
S315000040A00383103B33495BB203F1C00251F822008F
S315000040B06FF3104041F8220051F822202E4A52F8A0
S315000040C023305C68226A82B392F801C0D869BCF1D9
S315000040D0010F5A6918D0904210D0D96841B393F8AD
S315000040E020000F280BD8072898BF895C98688ABFDC
S315000040F031F812100171818001325A6110BD986841
S3150000410051F822104160F7E700F1FF3E724512D0E8
S3150000411021690029DFD094F90310184801F01F0225
S315000041200CFA02F2490940F821205A69D869D2E707
S3150000413098684160E0E794F9030000F1C00251F885
S3150000414022406FF3104441F8224051F82220BFF379
S315000041505F8F4209920000F01F0002F160420CFAE4
S3150000416000F002F56142C2F8800110605A69D86910
S31500004170B1E700BF00600040040A002000E100E053
S31500004180EFF30383103B344A5BB203F1C00152F8EC
S3150000419021006FF3104042F8210052F821202F4AE7
S315000041A052F823008268D278920704D54268527A80
S315000041B0012A00D07047012230B45909284C03F077
S315000041C01F03203102FA03F344F82130BFF34F8F67
S315000041D0BFF36F8F436893F90230002B32DB590926
S315000041E003F01F0302FA03F3203144F82130BFF332
S315000041F04F8FBFF36F8FD0E90114237891F9021026
S315000042006FF386130029237018DB134B01F1C004EA
S3150000421053F824506FF3104543F8245053F82430D4
S31500004220BFF35F8F4B099B0001F01F0103F1604351
S315000042308A4003F56143C3F880211A60012130BC2E
S31500004240FFF758BC8268012130BC13786FF38613E0
S315000042501370FFF74FBC00BF00600040040A002047
S3150000426000E100E070B5EFF30384354B103C64B217
S3150000427053F82460736893F90230002B48DB012061
S3150000428030495A0903F01F03203200FA03F341F8BC
S315000042902230BFF34F8FBFF36F8FD6E9013293F908
S315000042A002301178002B6FF38611117019DB264A44
S315000042B003F1C00152F821506FF3104542F8215026
S315000042C052F82120BFF35F8F03F01F025B099B00AA
S315000042D003F16043904003F56143C3F88001186021
S315000042E0B2680021D378D1701A07DDB223D4EB0768
S315000042F014D405F01405142D18D0134BC03453F8FC
S3150000430024206FF3104243F8242053F8243070BD64
S31500004310B26813786FF386131370E2E70421304610
S3150000432005F01405FFF7E6FB142DE6D1082130460B
S31500004330FFF7E0FBE1E705213046FFF7DBFBD6E7B9
S31500004340040A002000E100E00060004010B40024F0
S315000043500122036A44609C70C3692D4993F90530B4
S315000043604FEA531C03F01F0302FA03F30CF1200C6F
S3150000437041F82C30BFF34F8FBFF36F8FC36993F9AA
S315000043800B304FEA531C03F01F0302FA03F30CF140
S31500004390200C41F82C30BFF34F8FBFF36F8FC369EA
S315000043A093F907304FEA531C03F01F0302FA03F395
S315000043B00CF1200C41F82C30BFF34F8FBFF36F8FF9
S315000043C0C36993F909304FEA531C03F01F0302FA3D
S315000043D003F30CF1200C41F82C30BFF34F8FBFF3E1
S315000043E06F8FEFF3108182F31088C369094A93F83F
S315000043F000C04FF00043506823FA0CF303435360A8
S31500004400536881F3108820465DF8044B704700BF5F
S3150000441000E100E00040084003460020C3E9051221
S31500004420704700BF10B4046AA37803F07B03A3703F
S31500004430837803F00303D21A0B440261A278C360A7
S31500004440837842F0800203F00303022BA27005D0AA
S315000044500B780020E3705DF8044B70470B88002052
S3150000446043F47E43E3815DF8044B704784460020A5
S31500004470CCE90A32CCF82410704700BF70B58646E6
S315000044800024DEF820304D7893F802C00A780CF04C
S315000044900B069E70CEF80C4020468C7802F05C022B
S315000044A05C7093F800E00CF07B0C65F3010E83F86A
S315000044B000E0C9789974D97901F0A3010A43DA7149
S315000044C083F802C070BD00BF4FF0FF330020C1E982
S315000044D0003370478B0711D5002210B4046AC90750
S315000044E0A37803F07B03A3701346026102D5002272
S315000044F01346826118465DF8044B7047CA074FF0B1
S31500004500060302D50022134682611846704700BF93
S315000045100346002210B49C6910460C605DF8044BFB
S315000045209A617047F0B5846A85B005460F46944691
S315000045306E46B4B194E80F0086E80F00EB6920469A
S315000045401B7884F804C02360EB6AC4E902736B6AC3
S315000045509847AC6A1CB196E80F0084E80F0005B0D6
S31500004560F0BD3446EAE700BF0022F0B501240B781F
S31500004570027003F5800303F58C531B0203624B693B
S315000045808D6943628378C16164F301038262C56207
S3150000459083704B7823B90222837862F30103837018
S315000045A0012491F90B50C44A6B0905F01F0720330B
S315000045B004FA07F78E7A42F82370BFF34F8FBFF3E2
S315000045C06F8FBE4B05F1C00753F827C06FF3104C31
S315000045D043F827C053F82770B94F360102EB050C94
S315000045E0F6B28CF8006347F8250091F905500E796C
S315000045F04FEA551C05F01F0E0CF1200C04FA0EFEB6
S3150000460042F82CE0BFF34F8FBFF36F8F05F1C00C5C
S3150000461053F82CE06FF3104E43F82CE053F82CC0FF
S31500004620360102EB050CF6B28CF8006347F825005C
S3150000463091F907508E794FEA551C05F01F0E0CF1C3
S31500004640200C04FA0EFE42F82CE0BFF34F8FBFF3A6
S315000046506F8F05F1C00C53F82CE06FF3104E43F842
S315000046602CE053F82CC0360102EB050CF6B28CF8A0
S31500004670006347F8250091F909500E7A4FEA551C58
S3150000468005F01F0E0CF1200C04FA0EFE42F82CE089
S31500004690BFF34F8FBFF36F8F05F1C00C53F82CE0BB
S315000046A06FF3104E43F82CE053F82C303301DBB295
S315000046B02A4482F8003347F82500EFF3108584F387
S315000046C010884FF000447F4B0E785A68F44022EA77
S315000046D004025A605B6885F31088002240F2F934C0
S315000046E0036A40F2F9359A701A715A729A72DA723E
S315000046F05A830A7824FA02F2D60744BF4022DA74B3
S315000047000622CC691A770A784E78D540ED078F785D
S31500004710CA7848BF4FF478414FEAC20248BF99822F
S31500004720032E42EA071200F0C280002E14BFF221C7
S31500004730E221D2B21A709971227B082A0EBF0A2290
S31500004740520002F002025A736278A178D20149013E
S3150000475001F02001D2B20A430021197294F800C078
S31500004760ACF10201012940F29880D2B2DA71626896
S31500004770917855785970197865F301011970D178D7
S3150000478012789974D97902F05C0201F0A3010A4308
S31500004790DA710022C16902618261C260426191F9E7
S315000047A00550464B05F1C00153F8216062F31046EF
S315000047B043F8216053F82110BFF35F8F0126690982
S315000047C0890005F01F0501F1604101F5614106FA16
S315000047D005F5C1F880510D60C16991F90B5005F1DD
S315000047E0C00153F8217062F3104743F8217053F863
S315000047F02110BFF35F8F6909890005F01F0501F1DC
S31500004800604106FA05F501F56141C1F880510D6078
S31500004810C16991F907E00EF1C00153F8215062F326
S31500004820104543F8215053F82110BFF35F8F4FEA2C
S315000048305E1189000EF01F0E01F1604106FA0EF5B9
S3150000484001F56141C1F880510D60C16991F9091006
S3150000485001F1C00553F8257062F3104743F825703F
S3150000486053F82530BFF35F8F4B099B0001F01F0102
S3150000487003F160438E4003F56143C3F880611E6017
S31500004880036A0CF0030C4CF0700C618983F802C0CB
S315000048900D4B018143601046F0BDFF21BCF1020FB4
S315000048A008BF42F01002D2B25970DA7171E7F221F4
S315000048B042F040023DE700BF00E100E0006000403A
S315000048C0040A0020004008405549435330B4EFF332
S315000048D00383103B1F4A5BB203F1C00152F821006B
S315000048E06FF3104042F8210052F821201A4A52F87C
S315000048F02300C3691B691BB103691BB130BC704738
S3150000490003697BB9D0E908240021937803F07F037B
S3150000491043F004039370C160002CEFD030BC8022BA
S31500004920FFF700BE827802F003010229C1680BD0AE
S31500004930046A91F800C084F803C002F003029B1ACF
S315000049400A44C0E90323D8E70C88056A44F47E4488
S31500004950EC81F2E700600040040A002010B582B046
S31500004960EFF30383103B1F4A5BB203F1C00152F819
S3150000497021006FF3104042F8210052F821201A4A14
S3150000498052F82340A27802F00303022B236A0CBFDD
S31500004990198A5979A3690CBFC1F30801C9B20191FB
S315000049A043B9636AB3B10422204602B0BDE81040A1
S315000049B0FFF7B8BD02F0030201A9606902F0BAFA76
S315000049C0D4E90521A37803F003031A44C91AC4E9FC
S315000049D0052109B102B010BD636A002BFAD001228D
S315000049E0E2E700BF00600040040A002010B5EFF3C4
S315000049F003830E4A103B5CB252F82400D0E908212A
S31500004A00937803F07B03937019B102220021FFF71C
S31500004A1089FD074A04F1C00352F823106FF31041D1
S31500004A2042F8231052F8233010BD00BF040A0020BC
S31500004A300060004010B5EFF303831A4A103B5CB2E6
S31500004A4052F82400837803F00303022B036A0CBF99
S31500004A50198A597993F804C00CBFC1F30801C9B289
S31500004A601CF0100F0CF0380206D093F81CC01CF096
S31500004A70010F08BF42F0400293F804C00CF0C70CC7
S31500004A8083F804C0436A0BB1FFF74CFD064A04F1F4
S31500004A90C00352F823106FF3104142F8231052F866
S31500004AA0233010BD040A0020006000408446002028
S31500004AB0CCE90932CCF82010704700BF4FF0000C4B
S31500004AC0012210B58368044683F802C043682E4964
S31500004AD093F90230580903F01F0302FA03F320305A
S31500004AE041F82030BFF34F8FBFF36F8F636893F9A0
S31500004AF00130580903F01F0302FA03F3203041F88E
S31500004B002030BFF34F8FBFF36F8F636893F9043084
S31500004B10580903F01F0302FA03F3203041F820304E
S31500004B20BFF34F8FBFF36F8F636893F90330580954
S31500004B3003F01F0302FA03F3203041F82030BFF3DD
S31500004B404F8FBFF36F8FEFF3108182F310884FF012
S31500004B50004360680D4A0078C340506803435360C1
S31500004B60536881F3108863685A6922B193681068A4
S31500004B701B6A984763681B691BB19A681868136AB1
S31500004B8098470020206010BD00E100E0004008408A
S31500004B9030B5436A85B004468C4601ADABB193E8A7
S31500004BA0070085E8070062681846117883F804C094
S31500004BB0A26A19609A60236A9847636A1BB195E8EE
S31500004BC0070083E8070005B030BD2B46EBE700BFC2
S31500004BD02DE9F04F00220C460B78896903F5800316
S31500004BE003F58C530162E169426262691B02054664
S31500004BF0C0E9014385B08162002A00F03C814FF490
S31500004C0000265168053308684360936806601B6890
S31500004C10106898470646002840F0298122697AB133
S31500004C20AB684FF000665168033308688360936889
S31500004C3006601B68106898470646002840F02181E8
S31500004C406B68D3F820C09CF902109CF802E000299A
S31500004C50597AB2BF042000204FF0FF0E012918BF79
S31500004C604FF00008997A9CF8012006BF4FF0020821
S31500004C700526464602F00302012942F08002D97A4F
S31500004C80019000F00981012914BF46F0800646F024
S31500004C90C006597B002914BFE221EA210391EFF3F4
S31500004CA01087012080F310884FF0004193F80090A0
S31500004CB07C4B21FA09F9596821EA090159605B68B8
S31500004CC087F31088D3B21F46F3B202930023AA6873
S31500004CD04FF0840A937092F804904FF6000982F818
S31500004CE004A0A2F814901770039F82F802809771AF
S31500004CF09CF800C0019F82F801C082F812E0D771CB
S31500004D00029F4FF0020B57734FF040071372537216
S31500004D109372D3725383D77482F81CB094F805C08B
S31500004D2094F90120604E614F4FEA0C1C604906EB76
S31500004D30020E5FFA8CFC8EF800C302F1C00C47F835
S31500004D40225051F82CE063F3104E41F82CE051F854
S31500004D502CC0BFF35F8F4FEA521C0CFA0BFC02F01B
S31500004D601F020CF1604C00FA02F20CF5614CCCF813
S31500004D708021CCF8002094F806C094F902204FEA6E
S31500004D800C1C06EB020E5FFA8CFC8EF800C302F1D7
S31500004D90C00C47F8225051F82CE063F3104E41F84E
S31500004DA02CE051F82CC0BFF35F8F4FEA521C0CFA6F
S31500004DB00BFC02F01F020CF1604C00FA02F20CF53B
S31500004DC0614CCCF88021CCF8002094F807C094F907
S31500004DD003204FEA0C1C06EB020E5FFA8CFC8EF8E1
S31500004DE000C302F1C00C47F8225051F82CE063F3DF
S31500004DF0104E41F82CE051F82CC0BFF35F8F4FEAFC
S31500004E00521C0CFA0BFC02F01F020CF1604C00FA6B
S31500004E1002F20CF5614CCCF88021CCF8002094F815
S31500004E2008C094F904204FEA0C141644E4B286F83C
S31500004E30004302F1C00447F8225051F8246063F39E
S31500004E40104641F8246051F82410BFF35F8F02F03A
S31500004E501F01520902FA0BF202F16042884002F584
S31500004E606142C2F8800110601E46124B2B6030462C
S31500004E7005B0BDE8F08F2269002A7FF4D2AE234642
S31500004E80DFE66369002BF2D09A681868136A9847C0
S31500004E90304605B0BDE8F08F00297FF4FAAE46F043
S31500004EA04006F6E60040084000E100E0040A002063
S31500004EB0006000405349435370B51D4683689B7894
S31500004EC013F0300334D1C0E9053343681646C0E910
S31500004ED003121A690446C56192B1536845611B689D
S31500004EE0A8B2D88131B302205960D97860F3830122
S31500004EF0D9701946936810685B689847B8B96368B3
S31500004F00596951B14EB18B680868324600219E68D6
S31500004F10A561ABB2B04750B96368206988B118691A
S31500004F20A8B10020A268937843F0F003937070BD97
S31500004F30082070BDD87861F383002849D87059607D
S31500004F40D7E7A268937843F0A003937070BD5A69BF
S31500004F50A168002A14BFF02570258A7842EA050266
S31500004F608A70E4D1012193F901301D485A0903F0F2
S31500004F701F03203201FA03F340F82230BFF34F8FAC
S31500004F80BFF36F8F6369E269934206D2D4E90201E7
S31500004F9001B3C95CC170013363616368597A012941
S31500004FA00BD093F90130012203F01F000C495B0975
S31500004FB0824041F82320002070BD012AF1D96169A1
S31500004FC08A42EED9D4E9020232B1525CC270013192
S31500004FD06161E6E7C170DEE7C270F8E7BC09002050
S31500004FE000E100E08C46134600216246FFF764BFED
S31500004FF013460022FFF760BFFFF75EBF10B4EFF362
S315000050000383103B174A5BB203F1C00152F821003B
S315000050106FF3104042F8210052F82120124A52F84C
S3150000502023305A69D9698A4206D2D868B0B1805C01
S315000050309C68E07001325A618A4202D05DF8044BE6
S3150000504070471A69002AF9D19A685DF8044B93787B
S3150000505003F07B0343F00403937070479C68E07091
S31500005060E8E700BF00600040040A002010B4EFF338
S315000050700383103B194A5BB203F1C00152F82100C9
S315000050806FF3104042F8210052F82120144A52F8DA
S3150000509023305A69D9698A4206D2D3E90240D0B18F
S315000050A0805CE07001325A619A698A4207D2986838
S315000050B019694079541C9C618854D3E906219142B0
S315000050C006D19A68937803F03B0343F00403937088
S315000050D05DF8044B7047E070E4E700BF00600040F5
S315000050E0040A002010B5EFF303830C4A103B5CB2B0
S315000050F052F8240001218268937803F00303937029
S31500005100FFF746FD064A04F1C00352F823106FF379
S31500005110104142F8231052F8233010BD040A002033
S315000051200060004010B5EFF303834FF0840C0E4A85
S31500005130103B5CB252F82400042183689A7802F08E
S3150000514003029A701A7983F804C0FFF721FD074A13
S3150000515004F1C00352F823106FF3104142F82310F4
S3150000516052F8233010BD00BF040A00200060004042
S315000051700B0A10B41B01064C53FA81F154F8213086
S315000051800020C3F340035DF8044B1370704700BF63
S31500005190000808400123C8B283404AB91A040B0A22
S315000051A05B0103F1804303F5002300209A607047FA
S315000051B09AB2F4E72DE9F84F0388002B3DD0074655
S315000051C04FF00008DFF8A4A040F202427B684FEAE5
S315000051D0C80559198988002491424FF00109224EC9
S315000051E009D00134032C23D07B6836F8022B5919D9
S315000051F089889142F5D15B5909FA04F203F0B85354
S31500005200B3F1807F5FFA82FB19D09AF8BB341A4259
S31500005210E7D0012001F042FC9AF8BB34012023EAD2
S315000052200B0B8AF8BBB4013401F008FC032CDBD16C
S315000052303B8808F101084345C6D8BDE8F88F9AF8BF
S31500005240BB2409FA04F313425FFA83FBC9D1012098
S3150000525001F024FC9AF8BB3401204BEA030B8AF8D0
S31500005260BBB401F0EBFBBCE712CE000000E001404E
S31500005270F8B50446FFF79EFFEFF31082012383F390
S315000052801088284E33681BB92749CB704023CB7052
S3150000529033680133336082F3108823887BB36268F6
S315000052A003F1FF3E1FFA8EFE02F108011F4C01EBCF
S315000052B0CE0E08E0D2B21B0113448E450A4644F8CE
S315000052C023001CD008311068928810F4803F4FEA02
S315000052D01223EFD0130AD2B202EB031C54F82C703F
S315000052E01B01134420F480356FF310478E4544F8B4
S315000052F02C700A4644F82C5044F82300E2D1EFF310
S315000053001082012383F31088336813B13368013B9D
S31500005310336033681BB980200349CB70C87082F3B1
S315000053201088F8BD000A0020000D0840000808405B
S3150000533008B5034B03600846FFF79AFF002008BD37
S3150000534054524F50F0B50346002591F902C01B4C4C
S315000053504FEA8C0202F1804280F804C002F5C04296
S31500005360D1E90270D2F80063C2F80053C3E90270B3
S3150000537091F800E0BCF1000F83F805E004F80E5048
S315000053800D79C87840EA05104D7940EAC510C0B2DB
S3150000539004F80E00C2F800630BDB4A7808481201D5
S315000053A00CF16041D2B201F5614181F8002340F869
S315000053B02C30044A00201A60F0BD00BF0060004097
S315000053C0040A00205543490090F904200E4B02F1CF
S315000053D0C00153F821006FF3104043F8210053F841
S315000053E02130BFF35F8F012153099B0002F01F029A
S315000053F003F1604303F5614301FA02F2C3F8802129
S315000054001A600020704700BF00600040012110B400
S3150000541090F90430084C5A0903F01F0301FA03F30C
S31500005420203244F82230BFF34F8FBFF36F8F002036
S315000054305DF8044B704700BF00E100E00346002022
S31500005440C3E90212704700BF90F90430002B1ADB43
S31500005450012110B45A090E4C03F01F03203201FA41
S3150000546003F344F82230BFF34F8FBFF36F8F002151
S31500005470084B90F904205DF8044B43F822100023F2
S31500005480036018467047002303601846704700BF44
S3150000549000E100E0040A002010B582B0EFF30384B7
S315000054A0184B103C64B253F82410174A4879135C21
S315000054B003F00303032B11D0C03452F824306FF3EA
S315000054C0104342F8243052F824308B6823B1CA685E
S315000054D0CDE900206846984702B010BD8B6823B11D
S315000054E0CA68CDE9002068469847074BC03453F890
S315000054F024206FF3104243F8242053F8243002B0DE
S3150000550010BD00BF040A00200060004003460020D2
S31500005510D3E902239360704703460020D3E90223B0
S315000055205360704703460020D3E90223D3607047D7
S31500005530034630B4D3E90123D2690020D2E901142D
S3150000554044F00045D46841F0004144F000445D61F8
S315000055509C61D2E9044219615C629A6230BC704770
S315000055604FF0004100228368104619615961996124
S315000055705A629A62704700BF10B4D0E901434A1ECE
S315000055809A6624781CB94908013959659965D96A1A
S31500005590C90705D44FF4AA04C1685A661C64D960C9
S315000055A000205DF8044B704703469A680020D36AD2
S315000055B0C3F300030B71936C0B60704784460020A5
S315000055C0CCE90632CCF81410704700BF70B5836979
S315000055D084B004468C46164601AD9BB193E807009D
S315000055E085E8070083F804C0E26918469E601A60E1
S315000055F063699847A3691BB195E8070083E807002C
S3150000560004B070BD2B46EDE702464FF0010C30B4F6
S3150000561094680C4D626E0C4B62448A60E46A2A6A96
S315000056201B6881F800C0C4F3C35CC2F30264A340E4
S3150000563002F00702D34023FA0CF3002030BC4B6083
S31500005640704700BF00E00140900B002030B48C6E24
S3150000565001342AB1944203D930BC013A1A6070472A
S31500005660029D496B0078ED0754BF01F01F01C1F39D
S315000056700441032808D9090981F001016AB9A1B9D1
S3150000568030BC02225A60704701F00C01A1F10401FE
S31500005690B1FA81F14909002AF1D0944201D80029D2
S315000056A0EED130BC03225A607047002CE8D0F8E7F0
S315000056B02DE9F0414FF0FF3C0025064684B00092EC
S315000056C002AB0F46144602F003080A46D0E9010170
S315000056D0CDE902C5FFF7BAFFB368039A1D6B5AB945
S315000056E014F0080F0CBF02210421A0071DD5029853
S315000056F003EB8101C864086561061ED5196CB8F113
S31500005700010F41F48001196406D025F4403545EABD
S315000057100245B8F1000F03D025F0407545EA026551
S3150000572000201D6304B0BDE8F081414402981231A7
S3150000573003EB810148606106E0D4B8F1010F12D095
S3150000574025F44035022C45EA0245E2D1002AE3D091
S315000057500120009019463A4602AB7068FFF776FFC3
S31500005760039AB368D8E7022CD6D1002AD4D0EFE743
S31500005770002800DA704710B400F160430901134CA9
S31500005780C9B203F5614383F80013114B00F1C00160
S3150000579044F8202053F821206FF3104243F82120CB
S315000057A053F82130BFF35F8F012243099B0000F0BD
S315000057B01F0003F1604303F5614302FA00F0C3F8EA
S315000057C0800118605DF8044B704700BF040A002092
S315000057D00060004001222DE9F0410D46097C044697
S315000057E002FA01F3C3601B0714BF002302744FF0D3
S315000057F0000218BF0374814B84B00B4469691B0215
S3150000580083604560D5E906364161C0E90623EFF3BA
S31500005810108E4FF0010C8CF310884FF00040784B3F
S315000058202F7C196920FA07F721EA070119611B691C
S315000058308EF310884FF42541A368D5F804E019606B
S31500005840DA62DA639A6429782F7A03294FEAC7570E
S315000058500EF1FF3800F09880DF62039218615861FC
S3150000586098615A629A624FF0FF32B069F76AD8615E
S31500005870F06902921862C3F86880C3F86480002950
S3150000588040F0B180614638464FF0030C4FEA5E02A5
S31500005890013A02925A659A6500284FD13278002A59
S315000058A05AD12878B278C2B196F803E002284FEAB6
S315000058B00E1242EA8E1200F09080032800F09B80C0
S315000058C0BEF1000F14BF4FF0090E4FF0060E42EA6C
S315000058D00E0247EA024747F0807700229A63C3F830
S315000058E0882096F8212096F820E0520742EA4E32A8
S315000058F017434FF4AA0201281A6429D0E268DA6035
S315000059005F63C3F830C019632246697C95F91200BB
S31500005910FFF72EFF224696F8221096F92400FFF78D
S3150000592027FF96F92500224696F82310FFF720FF59
S315000059300020344B236004B0BDE8F08100229A6356
S31500005940C3F888204FF4AA0228781A640128D5D112
S315000059500022DA641A65D1E796F801E028784FEA62
S315000059600E12022842EA8E123AD0032841D0BEF126
S31500005970000F14BF4FF0090E4FF0060E42EA0E025A
S31500005980174347F480778DE747F48037DF62039249
S315000059901861586198615A629A624FF0FF3202921A
S315000059A0B269F76ADA61F2691A62C3F86880C3F805
S315000059B06480194600230093EA68606802ABFFF72B
S315000059C045FEDDE90220010641EA004141F0030CF3
S315000059D0A368F06A41F001015CE74FF0090E76E733
S315000059E04FF0090ECAE70129E3D138464FF0030C00
S315000059F050E78646C2E7864669E700BF9016400034
S31500005A00004008405450470030B4426892F91230C2
S31500005A10D269002B10DB012403F01F05AC405909A5
S31500005A201F4D203145F82140BFF34F8FBFF36F8FD5
S31500005A3000241C4941F8234092F92430002B10DB46
S31500005A40012403F01F05AC405909154D203145F8D6
S31500005A502140BFF34F8FBFF36F8F0024114941F8E8
S31500005A60234092F92530002B11DB01210C4C5A09F9
S31500005A7003F01F0C203201FA0CF144F82210BFF398
S31500005A804F8FBFF36F8F0021064A42F82310002381
S31500005A90D0E9022130BC0360184691605363704719
S31500005AA000E100E0040A002070B5EFF30383103B29
S31500005AB01E495BB203F1C00C51F82C009A006FF33B
S31500005AC0104002F1804241F82C0002F5C042D2F8A3
S31500005AD00003174850F82300446894F800E0BEF12C
S31500005AE0010F08D043692BB1BDE870400022114672
S31500005AF0FFF76CBD70BD0024D0E90256AE60AC6401
S31500005B00EC642C6551F82C5064F3104541F82C5088
S31500005B10D2F80023BFF35F8F06495A0903F01F032B
S31500005B200EFA03F3603241F82230DBE700600040F2
S31500005B30040A002000E100E030B58646EFF3108449
S31500005B40012282F310880D4B986820F480409860FB
S31500005B509B6884F310880023094DC2F31204520097
S31500005B6024B131F813C01C1D25F824C00133172BAE
S31500005B70F3D1044B0020CEF8003030BD0040084081
S31500005B8000200840434C45000023024602491360AA
S31500005B9018460B70704700BF0020084000204022C6
S31500005BA04123490001F1804101F5022188708A7084
S31500005BB08B707047024B0431002023F82120704778
S31500005BC0002008400020024B043123F821007047D2
S31500005BD0002008408022024B00201A70704700BF48
S31500005BE0002008400020014B187070470020084034
S31500005BF030B490F90400204D82B0019100F1C00C40
S31500005C00009255F82C201D4C6FF3186245F82C2095
S31500005C1055F82C10C1F3080141F40041E28992B213
S31500005C208A42FBD008222274019A1AB3144A019CB4
S31500005C3052F820104C60009919B152F82010009CBF
S31500005C408C6052F82010CA7802F0C002802A0FD069
S31500005C5002B9CB8118210020084B074A197452F863
S31500005C602C3043F0807342F82C3002B030BC7047C1
S31500005C708B81EFE7024ADEE70060004000540040F7
S31500005C80000000200620704706207047034693F95F
S31500005C9004300549C03351F82320002042F08072B9
S31500005CA041F82320704700BF00600040034693F987
S31500005CB00430054AC03352F8231000206FF31861F0
S31500005CC042F82310704700BF0060004010B4002463
S31500005CD0154B90F9042053F82220D378C1E90044EB
S31500005CE013F0C0030BD04FF48074D089802BC0B260
S31500005CF0C1E902400DD000205DF8044B70474FF417
S31500005D008030D3895DF8044B9BB2C1E902030020C1
S31500005D1070474FF4803093895DF8044B9BB2C1E91C
S31500005D2000030020704700BF000000200346002249
S31500005D3070B493F90410084C01F1C00C54F82C50BF
S31500005D40064E6FF3186544F82C50104646F821208D
S31500005D501A6070BC704700BF006000400000002061
S31500005D60274AF8B5137805460C463BB3636893F9A2
S31500005D70000000283FDB234E56F82030002B3CD194
S31500005D8028712468B4B12346DA78194612F0C00F98
S31500005D9004D0DA89D2B242EA0222DA818A78103352
S31500005DA012F0C00FF0D10822174B1A74182246F8C9
S31500005DB020401A74154B00202B60F8BD0126167082
S31500005DC0EFF3108086F31088114A116821F48001E0
S31500005DD01160126880F310880A4F19464FF4C0729A
S31500005DE0384601F0B4F8084B5F611E73636893F997
S31500005DF000000028BFDA0B20F8BD0820F8BD00BF60
S31500005E00BD09002000000020005400400043544417
S31500005E100040084010B590F904E01A4B0EF1C00C92
S31500005E2053F82C20184C6FF3186243F82C2053F8C3
S31500005E302C20C2F3080242F40042E3899BB293424B
S31500005E40FBD00B46DA78184612F0C00F04D0DA8978
S31500005E50D2B242EA0222DA818078103310F0C00012
S31500005E60F0D108221824084B1A74084A42F82E105A
S31500005E70044A1C7452F82C3043F0807342F82C30DC
S31500005E8010BD00BF0060004000540040000000202C
S31500005E90034609019B6841F00101C9B20020597708
S31500005EA0704700BF0023826818465377704700BFCB
S31500005EB0034601229B6800201A77704710B44FF4FE
S31500005EC080324FF4806483688C600A601A8AD868CE
S31500005ED012F4404F48609B684FF000009BB2CB60C5
S31500005EE008BF4FF6FF735DF8044B08BF8B60704721
S31500005EF0002110B54368134C5B681A78A03244F849
S31500005F002210DA6884682177BAB14FF0010E93F94E
S31500005F1001200D4C4FEA521C02F01F020CF1200C1E
S31500005F200EFA02F244F82C20BFF34F8FBFF36F8FA7
S31500005F30064A93F9013042F82310002303601846FD
S31500005F4010BD00BF0060004000E100E0040A002030
S31500005F502DE9F04791F803E00024774643684FEABD
S31500005F609E125E68836896F800C0B6F80A804FEA0B
S31500005F708C0C0CF1804C0CF5C04C91F80290CCF8CE
S31500005F808042CEF3810A1C77CEF3011ECCF88082C4
S31500005F9092035C77CD89C9F3810C42EA0E2207F0A1
S31500005FA0C00E4FEA8C1CBEF1800FADB24CEA8A3CA3
S31500005FB064D0BEF1400F61D0BEF1C00F00F09780F3
S31500005FC042F40052B8F1000F01D042F00102D6F8B7
S31500005FD00C80B8F1000F38D019F0200F59D0BEF15F
S31500005FE0C00F14BF4FF01C084FF0100896F901E0DF
S31500005FF0B3780EF160471B01DFF80491DBB207F5B9
S31500006000614787F800333D4B0EF1C00749F82E0073
S3150000601053F827906FF3104943F8279053F8273029
S31500006020BFF35F8F01274FEA5E139B000EF01F0E32
S3150000603003F1604303F5614307FA0EF7C3F8807175
S315000060401F60CF78836807F0C00EBEF1C00F23D063
S315000060500020074692B21FFA8CFC9F62D862A3F812
S3150000606014C01A82486872681860896859609D6011
S31500006070DC609A6183F81380BDE8F0878C8945EA75
S315000060800545C9F3001A25F0FC25A4B242EA0A32F6
S3150000609098E74FF01008A9E7888907F00C07042F46
S315000060A080B208BF074691F80290B1F80EE009F0F9
S315000060B00C0918BF37891FFA8EFE08BF4CF4005C26
S315000060C0B9F1040F18BF10FB0EF0D1F804E018BFA9
S315000060D080B2C3F820E0D1F808E008BF4CF0200CED
S315000060E047EA074740EA0040C3F824E0B2E78C8954
S315000060F045EA054525F0FC25A4B263E700600040AB
S31500006100040A002010B54B6841601B78044603F171
S31500006110012340339B018360EFF3108E4FF0010C97
S315000061208CF31088084B1A6822F480021A601B68E8
S315000061308EF31088054B096883F800C0FFF708FF47
S31500006140034B0020236010BD004008400052004071
S3150000615043414D4410B50446FFF7FAFE0122A368F9
S3150000616000201A7710BD00BF0346002210B4D3E901
S31500006170014164681046237864899B0003F18043DB
S3150000618003F5C043C3F880220A77C3F880425DF85E
S31500006190044B4A77704700BF10B4002483B00191C6
S315000061A00092D0E90121506802784089920002F1FC
S315000061B0804202F5C042C2F880420C77C2F88002E3
S315000061C04C77019A0AB1019A0A60009A0AB1009ABC
S315000061D04A600A8A002012F4404F14BFCB608B60DD
S315000061E001230B7703B05DF8044B704710B582B0FE
S315000061F0EFF30383103B0E4A5BB203F1C00152F882
S3150000620021006FF3104042F8210052F82120094A7C
S3150000621001A852F8234063685B68D3E90332019210
S315000062209847A368DA680AB101221A7702B010BD4E
S3150000623000600040040A002084460020CCE90732B2
S31500006240CCF81810704700BF03461A689B8A0020D6
S315000062501380704706207047002302681846138093
S31500006260704700BF03461B6800201B88C3F3C0337A
S315000062700B70704703461B68103133F8113000204D
S31500006280138070471031D0E9003033F811300179AE
S315000062909BB2012908BF1B0400201360704700BF92
S315000062A00620704706207047002800DA704710B4B1
S315000062B000F160430901134CC9B203F5614383F849
S315000062C00013114B00F1C00144F8202053F821209F
S315000062D06FF3104243F8212053F82130BFF35F8F4C
S315000062E0012243099B0000F01F0003F1604303F500
S315000062F0614302FA00F0C3F8800118605DF8044BB0
S31500006300704700BF040A0020006000402DE9F041FC
S315000063100027CA680B884E6982610A695B02C0E978
S31500006320077203F1804303F5B81303604160054625
S3150000633048790C46F2788978030243EA4133002A09
S3150000634058D043F43073022814BF00202F499BB263
S3150000635008BF31F82200AB822279E178D20342EA03
S315000063604102717896F800C042EA4112EFF31088B4
S31500006370012181F31088B4F800E0254FCEF1100E0C
S3150000638001FA0EF1D7F80CE02EEA0101F960F9687E
S3150000639088F3108847F6FF510B40296892B20B80AC
S315000063A00882CA8181F80CC073792A46A3F10103D9
S315000063B0B3FA83F35B0981F8D030217A94F90600A9
S315000063C0FFF772FF2A46617A94F90700FFF76CFF20
S315000063D02A46317A96F90600FFF766FF96F9070016
S315000063E02A46717AFFF760FF00200A4B2861AB60EE
S315000063F0BDE8F08130B943F4004343F040039BB25B
S31500006400AB82A9E743F040039DE700BFC0CE000082
S315000064100040084043444152026930B504467AB30D
S315000064204FF0FF3301204FEA72729E46013300FAA5
S3150000643003FC1CEA020FF8D0B2FA82F2C3F1200381
S315000064409B1A22680EF10E0E02EB4E024B600A609A
S3150000645001234FF47A6C0B7263680A4D1B88002087
S315000064601A1D52004A72D5F87C2103EB43035B00E8
S3150000647003F5B07392B24B81CA60A1F810C030BD6B
S315000064804A60E5E700B07F4043682DE9F0430C68B9
S315000064904A685E6903688D681FFA84F8A3F8048069
S315000064A01FFA82F8A3F8148022F0C04C1FFA85F870
S315000064B024F0C04E25F0C0472243A3F808804FEAD7
S315000064C01C4C3F0C4FEA1E4812F0C04FA3F8068042
S315000064D0A3F816C05F8153D1CF68002F00F0AF80BC
S315000064E0B7F808C01CF4006F20D0D7E90052B7F8FF
S315000064F00A80A3F890C0A3F89C80B7F80C80A3F894
S315000065009E801FFA85F8A3F89480C5F30B486D0F9B
S31500006510A3F8968083F8925095B2A3F89850C2F3E8
S315000065200B45520FA3F89A5083F893201CF4007F72
S315000065301AD10A8AA3F890C0A3F88020F2786AB12B
S31500006540BEFA8EFE1A88818A92B222F01F021F328C
S31500006550A2EB0E0292B211431A808182394BC0E936
S3150000656003340020BDE8F083BA7CFD7C2A4383F81F
S31500006570A620FA89A3F8A8203A8AA3F8AA20D8E781
S3150000658041F23608304FD7F82090304FC9F3026CED
S315000065903F68C9F3021907FA0CFC2D4F2CFA09FCC7
S315000065A0A7FB0C7C4FEA9C1C08FB0CFC294FA7FBA5
S315000065B00C7C4FEA9C4C0CF1010CBCF1070F38BF68
S315000065C04FF0070C12F0005722D0EFF3108501238D
S315000065D083F31088204BDC6824F48004DC60DB68DD
S315000065E085F3108890251D4B0C681D7003685FFAB3
S315000065F08CF714F0005F8D6883F8DE7014BF4FF4DB
S3150000660080774FF4806715F0005F18BF47F00107E9
S3150000661052000ED5620048BF47F400775FFA8CFC43
S3150000662058BF47F400676A0083F8DFC048BF47F0E9
S315000066300207BFB25F82CF68002F7FF451AFBC461E
S3150000664077E700BF4344415200E00140900B002031
S31500006650D34D621083DE1B430040084000300F40DC
S31500006660002170B4C0E90211436893F906205C6901
S315000066708A4211DB0125344E530902F01F0C2033E8
S3150000668005FA0CF546F82350BFF34F8FBFF36F8F13
S315000066902E4B43F82210436893F90730002B10DB8A
S315000066A0012103F01F05A9405A09274D203245F85C
S315000066B02210BFF34F8FBFF36F8F0021234A42F89A
S315000066C0231094F90630002B10DB012103F01F057F
S315000066D0A9405A091C4D203245F82210BFF34F8FAE
S315000066E0BFF36F8F0021194A42F8231094F907303F
S315000066F0002B10DB0121144C5A0903F01F05203230
S31500006700A94044F82210BFF34F8FBFF36F8F0021CB
S315000067100E4A42F82310002203681A821A80EFF309
S315000067201084012383F31088406809490088C0F16A
S3150000673010008340C8680343CB60CB6884F310889D
S31500006740104670BC704700BF00E100E0040A00205C
S3150000675000400840064B074993F826001A6A51F88C
S315000067602030C2F302620449D3400B60704700BF79
S3150000677000E0014008040020900B0020F8B54AF222
S31500006780035001233749384AA1F8FE03A2F8043121
S31500006790B2F804319BB2002BFAD101214FF4004527
S315000067A04FF0090C314CDFF8DCE0314EC4F804E060
S315000067B0DFF8D4E02B48C4F80CE02E4FA2F8001105
S315000067C02D4AB16031606261276090F82620A5608D
S315000067D02561056A54F82220C5F30265EA40274D73
S315000067E02A6080F8133480F8A2C090F8803493B3FE
S315000067F000231C4981F8813481F8803481F83230D5
S3150000680091F83C301A07FBD543F202100023154AD3
S31500006810088581F82A3092F83C309B06FBD5032088
S315000068200523114981F81C0115490120116282F8DE
S31500006830263092F82630116A54F82330C1F30261EB
S31500006840CB402B604FF4254382F8300082F852008B
S31500006850A2F8FE33F8BD80F8801440F2C44000F080
S315000068604DF8C5E700E0014000C0014008040020E3
S3150000687000700040002D310100C2EB0B900B002090
S315000068802112012000127A0000366E0138B500256B
S31500006890134C0121C82084F8285000F02FF884F802
S315000068A0245094F82430002BFBD194F824300C4A61
S315000068B043F0020384F8243092F82430C3F34004F2
S315000068C09B07F9D4012082F8224000F0E7F8054B37
S315000068D0012083F8BB44BDE8384000F0AFB800BFE4
S315000068E00030084000E00140704700BF00BEFEE7F0
S315000068F0A0F101000028FBD1704700BF10B54FF48E
S315000069007A72164C164B24684FF0000EB3FBF4FC5B
S315000069104FF0FF3300FB01F1A1FB020483427EEB43
S31500006920040407D3B0FBFCF0800880B1BDE810403A
S31500006930FFF7DEBF4FEA8C0CB1FBFCF1A1FB0212A4
S315000069408B427EEB020203D308460028EED110BD2F
S315000069501846BDE81040FFF7CBBF00BF900B0020E4
S3150000696000CA9A3B70B500240A4B0B4EB3F840514F
S31500006970ADB225FA04F3DB07E0B203D556F82430AE
S3150000698003B198470134102CF3D1024BA3F83051D0
S3150000699070BD00BF00600040C009002030B56FF038
S315000069A0FF0585B0032000F079F84FF0FF311F4C4A
S315000069B01F482246856400230125CDE90111039174
S315000069C004F1C00E32F8020F590960B104A800EBB9
S315000069D0810151F80C0C03F01F0C05FA0CFC20EA9F
S315000069E00C0041F80C0C724503F10103EAD1019940
S315000069F0104B0F4A03201167C3F8801202995167A2
S31500006A00C3F8841203999167C3F8881200F016F848
S31500006A100023094803F1C00234F8021F0133602B3A
S31500006A2040F82210F6D105B030BD00BFFACC000008
S31500006A300080004000E100E000600040EFF31081BC
S31500006A40012383F31088124B33F8102092B22AB137
S31500006A5033F81020013A92B223F8102033F81030A0
S31500006A609BB293B90B4A10B4B2F8FE330A4C9BB2F0
S31500006A7034F8100043F4254323EA0003A2F8FE335A
S31500006A8081F310885DF8044B704781F310887047D6
S31500006A90840B002000E0014000CF000030B4EFF38B
S31500006AA01081012383F310880E4A32F810309BB20E
S31500006AB06BB90D4C0D4DB4F8FE3335F810C09BB2D2
S31500006AC043EA0C0343F425439BB2A4F8FE3332F8A1
S31500006AD0103001339BB222F8103081F3108830BC9D
S31500006AE0704700BF840B002000E0014000CF00008B
S31500006AF00D4908B50A6803464AB103330B4823F02B
S31500006B0003031344834206D810460B6008BD0848A9
S31500006B1002460860F1E700F007FA0C234FF0FF3257
S31500006B200360104608BD00BF8C0B0020A82B002078
S31500006B30A80B002000BE704708B500F003F8FCF76C
S31500006B4067FFFEE74FF4700270B5254B254CC3F87E
S31500006B50882000209C60FCF74FFFFFF70FFE012006
S31500006B60FCF74AFF2368A3F5805383F30A881E487F
S31500006B701E4A0021121A00F0EAF91D481D4A1E4954
S31500006B80121A00F0D7F91D4D1D4B5B1B002B07DDBC
S31500006B9000249E1055F8043B01349847A642F9DCC0
S31500006BA0FFF7D8FDFFF772FE0320FFF777FF0023FC
S31500006BB04FF6FF70134903F108020133092B21F840
S31500006BC01200F8D10320FFF739FF0220FCF714FF6B
S31500006BD0FFF7E4FEBDE870400020FFF785BE00BF6A
S31500006BE000ED00E00000000028040020A40B0020B7
S31500006BF080010020080400201CD4000000040020AE
S31500006C0004040020000D084053B94AB9002908BF02
S31500006C1000281CBF4FF0FF314FF0FF3000F082B963
S31500006C20ADF1080C6DE904CE00F006F8DDF804E0DD
S31500006C30DDE9022304B070472DE9F04F099D0446B3
S31500006C400F46002B48D18A42944661D9B2FA82F3A4
S31500006C5043B1C3F120019F4002FA03FC9C4020FA95
S31500006C6001F10F434FEA1C411FFA8CFE220CB7FBC1
S31500006C70F1F601FB167706FB0EF042EA0742904258
S31500006C8008D91CEB020206F1FF3702D2904200F24D
S31500006C9037813E46121AA4B2B2FBF1F001FB102274
S31500006CA000FB0EFE44EA0244A64508D91CEB040488
S31500006CB000F1FF3202D2A64500F21C81104640EADE
S31500006CC00640A4EB0E0400261DB1DC400023C5E9F6
S31500006CD000433146BDE8F08F8B4209D9002D00F004
S31500006CE0FD800026C5E9000130463146BDE8F08F3B
S31500006CF0B3FA83F6002E4BD18B42C0F0F28082426B
S31500006D0040F2EF803046002DE3D0C5E90047E0E7CA
S31500006D1002B9FFDEB2FA82F3002B40F09D80891A99
S31500006D204FEA124E97B20126200CB1FBFEF20EFB83
S31500006D30121140EA014107FB02F088420FD91CEB11
S31500006D40010102F1FF382CBF4FF001094FF0000995
S31500006D50884203D9B9F1000F00F0CF804246091AE4
S31500006D60A4B2B1FBFEF00EFB101100FB07F744EADC
S31500006D700144A74208D91CEB040400F1FF3102D2FA
S31500006D80A74200F2B4800846E41B40EA02409BE7B3
S31500006D90C6F12007B34001FA06F422FA07FCF940CF
S31500006DA0B2404CEA030C20FA07F34FEA1C491C4395
S31500006DB01FFA8CFE00FA06F3200CB1FBF9F809FB6A
S31500006DC0181140EA014108FB0EF088420FD91CEB6E
S31500006DD0010108F1FF3A2CBF4FF0010B4FF0000BF9
S31500006DE0884203D9BBF1000F00F08D80D046091A06
S31500006DF0A4B2B1FBF9F009FB101100FB0EFE44EA48
S31500006E0001418E4507D91CEB010100F1FF3401D287
S31500006E108E457FD8204640EA0840A1EB0E01A0FB34
S31500006E20029841454C46C64602D306D14B4504D28C
S31500006E300138B9EB020468EB0C0E002D70D01A1B5A
S31500006E4061EB0E0122FA06F301FA07F7F14000267C
S31500006E501F43C5E900713CE702FA03FCC3F12000B9
S31500006E6001FA03F221FA00F64FEA1C4E24FA00F169
S31500006E701FFA8CF79C401143B6FBFEF00A0C0EFB82
S31500006E80106642EA064200FB07F696420ED91CEB54
S31500006E90020200F1FF382CBF4FF001094FF0000944
S31500006EA0964202D9B9F1000F31D04046921B89B201
S31500006EB0B2FBFEF60EFB162241EA024106FB07F282
S31500006EC08A4207D91CEB010106F1FF3801D28A423A
S31500006ED023D84646891A46EA004625E72E4628461E
S31500006EE0F7E6841A61EB030301201F460BE76444AF
S31500006EF0023849E764440238E1E6023A61442EE783
S31500006F00023E6244C6E6A8F1020861446FE7023811
S31500006F106244CBE7023861447DE7023E6144D9E72B
S31500006F202E46D6E6704700BF014B1868704700BF73
S31500006F302C0200200A44431E914200D1704710B52E
S31500006F4011F8014B914203F8014FF9D110BD0244EB
S31500006F500346934200D1704703F8011BF9E72DE978
S31500006F60FF4755EC104B002D0E4619462B46B4BF75
S31500006F7005F1004300239146BFBF22461D462D233F
S31500006F801446DDF830A00B700D9B23F02008B8F1F5
S31500006F90460F05D0B8F1450F00D10136022100E0B9
S31500006FA0032103AB3246019302AB45EC104B009331
S31500006FB0534601F04DFEB8F1470F074602D119F0CE
S31500006FC0010F22D0B8F1460F07EB060910D13B7826
S31500006FD0302B0AD1002200232046294605F07AF8F4
S31500006FE018B9C6F10106CAF80060DAF8003099440B
S31500006FF0002200232046294605F06CF808B1CDF89A
S315000070000C903022039B4B4507D3039B38460E9AC0
S31500007010DB1B136004B0BDE8F087591C03911A709E
S31500007020F0E7F7B500290346B8BF494203F8022B3B
S31500007030B4BF2D222B22092942702ADD0DF1070447
S315000070400A27A4460A46A646013C632A91FBF7F6A0
S3150000705007FB1615314605F130050EF8015CF1DC2B
S315000070603031AEF1020504F8011C441C2946614585
S315000070700AD30DF10902A2EB0E02654588BF002274
S315000070801344181A03B0F0BD11F8012B04F8012FB0
S31500007090EDE7302330318370031DC170F1E7FFFF48
S315000070A02DE9F04F2DED028B8DB00C4616461F468E
S315000070B0DDF86080054603F01BF8D0F800A05046C6
S315000070C000F048FE002394F818B008EE100A0A9360
S315000070D023680593D8F80030073323F0070303F13C
S315000070E00802C8F80020D3E90023C4E91223D4E932
S315000070F012894FF0FF3229F00043CDF8188007932C
S315000071009E4BDDE9060105F017F888BB4FF0FF320C
S315000071109A4BDDE9060104F0F1FF48BB002200238B
S315000071204046494604F0E0FF10B12D2384F8433071
S31500007130934B9448BBF1470F94BF98468046032370
S315000071404FF000092361059B23F0040222603346B9
S315000071500BAA21462846009700F0D8F9013040F0E6
S3150000716090804FF0FF300DB0BDEC028BBDE8F08F84
S3150000717042464B464046494604F0DEFF40B14B4688
S315000071808148002BBCBF2D2384F843307F4BD1E7C9
S315000071900BF0DF02636806925A1C3FD10623636038
S315000071A0059B2846616843F48062002303930AAB7B
S315000071B02260CDE901B309AB49EC108B00930DF1C8
S315000071C02303FFF7CCFE069B80460999472B08D17F
S315000071D0C81C02DB6368994241DDABF1020B5FFA22
S315000071E08BFBBBF1650F20D801395A4604F15000DC
S315000071F00991FFF716FF0A9A81461318012A23619F
S3150000720002DC2268D20701D5013323619DF82330C1
S31500007210002B9CD02D2384F8433098E7069A472A02
S31500007220BED1002BBCD10123B9E7BBF1660F18D143
S31500007230002963680BDD216113B92268D00702D5E6
S3150000724001330B4423614FF00009A165DEE713B952
S315000072502268D20701D50233F4E70123F2E74FF0A3
S31500007260670B0A9B994205DB23682161D807EAD59B
S315000072704B1CE7E70029D4BFC1F1020201221344E7
S31500007280E0E723685A0507D4236942463146284673
S31500007290B84701302CD164E7BBF1650F40F2E080BE
S315000072A000220023D4E9120104F014FF002834D090
S315000072B00123374A31462846B84701303FF451AFDB
S315000072C0DDE909239A4202DB2368D80710D518EEB8
S315000072D0103A524631462846B84701303FF441AF8E
S315000072E04FF0000804F11A090A9B013B434509DCEB
S315000072F023689B0700F10581E0680B9B9842B8BFA5
S31500007300184630E701234A4631462846B847013039
S315000073103FF427AF08F10108E6E7099B002B39DCAB
S3150000732001231B4A31462846B84701303FF419AFBE
S31500007330DDE90923134302D12368D907D8D518EE0E
S31500007340103A524631462846B84701303FF409AF55
S315000073504FF0000904F11A0A099B5B424B4501DC18
S315000073600A9B92E70123524631462846B847013028
S315000073703FF4F7AE09F10109EEE700BFFFFFEF7F2B
S315000073800CCF000010CF000018CF000014CF000073
S315000073901CCF00000A9AA36D9A42A8BF1A46002A7B
S315000073A0914637DC4FF0000B29EAE97904F11A021D
S315000073B0A36D0593A3EB09035B4533DCDDE90923E4
S315000073C09A423BDB2368DA0738D40A9B059A099967
S315000073D09A1AA3EB01099145A8BF9146B9F1000F8E
S315000073E035DC4FF0000829EAE97904F11A0ADDE9EB
S315000073F009239B1AA3EB090343457FF779AF0123C2
S31500007400524631462846B84701303FF4AAAE08F145
S315000074100108ECE71346314642462846B847013094
S31500007420C0D19EE60123314628460592B847013071
S315000074303FF497AE0BF1010B059AB9E718EE103A37
S31500007440524631462846B8470130BED189E6059AEC
S315000074504B46314628464244B8470130C1D180E602
S315000074600A9A012A01DCDB0738D501234246314658
S315000074702846B84701303FF474AE18EE103A52462B
S3150000748031462846B84701303FF46BAE0022002350
S31500007490D4E9120104F01EFED8B90A9B08F10102D4
S315000074A0013B31462846B84701300ED159E6012343
S315000074B0524631462846B84701303FF452AE08F1ED
S315000074C001080A9B013B4345F1DC4B4604F150029F
S315000074D0DCE64FF0000804F11A0AF2E701234246FF
S315000074E0DFE701234A4631462846B84701303FF4D4
S315000074F038AE08F10108E3680B995B1A4345F0DCE6
S31500007500FAE64FF0000804F11909F4E72DE9F0470F
S31500007510164699468A6807460B690C46DDF82080B0
S315000075209342B8BF1346336091F843200AB1013342
S3150000753033602368990642BF336802333360256897
S3150000754015F0060506D104F1190AE36832689B1A9C
S31500007550AB4229DC94F84320131E226818BF01238E
S3150000756092062ED404F1430249463846C0470130FC
S3150000757021D023681A3454F80E5C03F006033268EF
S315000075800026042B54F8123C08BFAD1A54F80A2CF6
S3150000759014BF002525EAE5759342C4BF9B1AED1872
S315000075A0B5421AD1002008E0012352464946384622
S315000075B0C047013003D14FF0FF30BDE8F0870135F9
S315000075C0C3E7E1185A1C30200233224481F84300F5
S315000075D094F8451082F84310C4E701232246494631
S315000075E03846C0470130E6D00136D9E72DE9FF47D6
S315000075F00F7E914680460C46782F9A460C9D01F1E7
S31500007600430207D8622F0AD8002F00F0D880582FDF
S3150000761000F0A38004F1420584F842703AE0A7F135
S315000076206303152BF6D801A151F823F085760000E7
S315000076309976000015760000157600001576000094
S315000076401576000099760000157600001576000084
S315000076501576000015760000A5770000C9760000B3
S31500007660877700001576000015760000C7770000C2
S3150000767015760000C9760000157600001576000024
S315000076808F7700002B681A1D1B682A6004F14205DB
S3150000769084F842300123A3E020682968060601F138
S315000076A004030AD50E682B60002E03DA2D237642DA
S315000076B084F843305E480A2319E00E6810F0400F44
S315000076C02B6018BF36B2EFE72B682068191D2960BA
S315000076D0010601D51E6802E04606FBD51E886F2FFF
S315000076E053480CBF08230A23002184F84310656819
S315000076F0002DA560A2BF216821F0040121600EB90A
S31500007700002D4DD01546B6FBF3F103FB1167C75D9F
S3150000771005F8017D37460E46BB42F4D9082B0BD13E
S315000077202368DE0708D5236961689942DEBF3023E6
S3150000773005F8013C05F1FF35521B22614B4603AAB1
S3150000774021464046CDF800A0FFF7E0FE01304CD1BF
S315000077504FF0FF3004B0BDE8F087354881F845703A
S315000077602968236851F8046B29601D0614D5DF07C4
S3150000777044BF43F0200323601EB9236823F020038F
S3150000778023601023B0E7236843F0200323607823A7
S31500007790284884F84530E3E7590648BFB6B2E6E71D
S315000077A01546BBE72B682668181D616928603506F3
S315000077B01B6801D5196002E07006FBD5198000230D
S315000077C015462361BAE72B6800211A1D2A601D6839
S315000077D06268284602F0AEFC08B1401B6060636830
S315000077E02361002384F84330A8E723692A464946E3
S315000077F04046D0470130ABD023689B0713D4E068DE
S31500007800039B9842B8BF1846A4E70123324649466F
S315000078104046D04701309BD00135E36803995B1A97
S31500007820AB42F2DCEBE7002504F11906F5E700BFF1
S315000078301ECF00002FCF00002DE9F04F87B017466E
S315000078408B46804603930C468B685A1EB2F5AE7F74
S315000078508BBF6FF4AE7500235B1902934FF00005E2
S3150000786084BF029340F25D13AA46A94688BF8B6087
S315000078700B68019543F4F0634BF81C3B5E46CDE97B
S315000078800455A26852B13B681B784E2B64D8402B36
S315000078903CD8A3F12B01C8B20E283AD9B9F1000F92
S315000078A003D0236823F4807323600AF1FF3ABAF108
S315000078B0010F00F213815E4500F20581012528467D
S315000078C007B0BDE8F08FA3F161020D2AE6D801A149
S315000078D051F822F0137A00009D7800009D78000090
S315000078E09D780000737A00004B7A00009D780000B6
S315000078F09D780000217A00009D7800009D780000A8
S315000079009D7800009D780000D9790000A3F141021E
S31500007910DBE70E29C2D801A050F821F0CB79000090
S315000079209D780000CB7900005F7A00009D7800000A
S3150000793079790000B5790000B5790000B5790000C5
S31500007940B5790000B5790000B5790000B579000079
S31500007950B5790000B57900006E2B09D8602BB2D836
S31500007960542B77D0592B99D1072D97D1082529E08B
S31500007970742B6FD0792BF6E72168C8051AD521F04C
S315000079808001029B09F1010921601BB1013B013213
S315000079900293A260A368013BA360236901332361BC
S315000079A07B68013B002B7B6040F384803B6801339E
S315000079B03B6066E71AEB050F7FF470AF226822F48E
S315000079C0C072226006F8013BE4E7226810067FF5E4
S315000079D065AF22F08002F4E7BAF1000F0ED1B9F1DB
S315000079E0000F0ED1226802F4E061B1F5E06F08D114
S315000079F022F4F0624FF0010A2260E3E7BAF1020FC7
S31500007A0055D0012D02D0042D7FF448AF0135EDB2DB
S31500007A10D8E7BAF1010F7FF441AF4FF0020AD1E780
S31500007A207DB9B9F1000F7FF43CAF226802F4E06142
S31500007A30B1F5E06F7FF439AF22F4F06201252260E0
S31500007A40C0E7032DE2D0052DDEE7022D7FF426AF39
S31500007A500325B7E7062D7FF421AF0725B2E7226895
S31500007A6091057FF51BAF22F42072CDF804902260B9
S31500007A70A8E7226802F4A061B1F5806F06D0500530
S31500007A807FF50CAFB9F1000F3FF40FAF910522F46B
S31500007A90F06258BF019942F4C07258BFA9EB0101C8
S31500007AA022604FF0000958BFCDE904168AE74FF06F
S31500007AB0030A87E7D4F880313946404698470028BC
S31500007AC03FF4DFAEEAE6D4F87C313A4616F8011DFB
S31500007AD0404698472369013B2361ECE66B1E062B63
S31500007AE025D8022D36D85E457FF6E8AED4F87C312F
S31500007AF03A4616F8011D404698472369013B236123
S31500007B00F1E702983A46D4F87C3110F8011D02904C
S31500007B10404698472369013B23610AF1FF3A5FFA21
S31500007B208AFABAF1020FECD1033DEDB2761B236857
S31500007B30DA052ED55B0510D55E457FF6BFAED4F8C7
S31500007B407C313A4616F8011D404698472369013BA9
S31500007B502361F1E7AA460296DFE716F8011C751EB7
S31500007B602369652903F1FF3323610CD045290AD027
S31500007B70D4F87C313A464046B51E9847236916F834
S31500007B80021C013B23612E46D4F87C313A4640461E
S31500007B909847256815F0100559D13570236803F408
S31500007BA0C063B3F5806F1BD1019B4B45A3EB090264
S31500007BB023D100225946404600F0F4FE2268039B7A
S31500007BC012F0020F1B6857EC106B21D01A1D039997
S31500007BD00A601B68C3E90067E3680133E3606EE689
S31500007BE0049B002BE5D005990A232A46404601311D
S31500007BF000F060FF049B059EC21A04F26F1315493C
S31500007C009E4228BF04F5B776304600F079F8D0E7F3
S31500007C10039912F0040F03F104020A60D9D1D3F8D4
S31500007C20008010EE102A3B4610EE100A394604F08A
S31500007C3083FA28B1084800F029F888ED000ACBE756
S31500007C403046394604F0D6FAC8F80000C4E70025E5
S31500007C5035E600BF40CF0000C9D300000FB40A4B81
S31500007C6013B51C6824B1A36913B9204601F034FE8C
S31500007C7005AB049AA1682046019303F0ABF902B064
S31500007C80BDE8104004B070472C0200209FED010AA9
S31500007C90704700BF0000C07F0CB4184B30B50C1EF7
S31500007CA09DB01D6808DA8B234FF0FF302B601DB0A6
S31500007CB0BDE8304002B070474FF402730290069060
S31500007CC002A9ADF8143014BF04F1FF332346209AFD
S31500007CD02846049307934FF6FF73ADF8163021AB91
S31500007CE0019303F04DF8431CBCBF8B232B60002C83
S31500007CF0DDD0029B00221A70D9E700BF2C020020BB
S31500007D000EB400B59CB06FF000411DAB029006901A
S31500007D10079104910848094953F8042B059102A9D3
S31500007D200068019303F02CF8029B00221A701CB025
S31500007D305DF804EB03B070472C0200200802FFFF39
S31500007D4010F8012B11F8013B012A28BF9A42F7D0FF
S31500007D50D01A7047034613F8012B002AFBD1181AD4
S31500007D600138704770B504460D46164645EC104B73
S31500007D7002F066FD51EC100B7EB1C5F30A53C3F158
S31500007D806B03002B09DD1B05002403F17F552246FA
S31500007D9005F540152B4603F035FF70BDFFFFFFFFCD
S31500007DA02DE9F04F1F460023044688464FF0000A8F
S31500007DB04FF0000B2DED028B9DB018939F4B139245
S31500007DC01B6818460593FFF7C5FF0546CDF85C808E
S31500007DD0179B1A782B2A4ED03BD80D2A34D8082A5E
S31500007DE034D8002A3ED000230A93179E3378302BCE
S31500007DF040F0B080737803F0DF03582B68D10A9BFC
S31500007E0017A902972046019318AB8D4A009319AB28
S31500007E1001F066FE10F00707054605D0062F2CD1A7
S31500007E200136002317960A93139B002B40F08E858C
S31500007E300A9BEBB152460BF1004343EC102B1DB0ED
S31500007E40BDEC028BBDE8F08F202ACCD1013317930D
S31500007E50BEE72D2AC7D101220A925A1C17925B78D7
S31500007E60002BC2D1139BCDF85C80002B40F06C85B3
S31500007E7052465B46E1E70022EEE7189A3AB1352111
S31500007E801AA802F0E6FD1899204602F0A1F9013F72
S31500007E90042F06D8DFE807F00A0314170A00DDE905
S31500007EA01AAB2807C0D54BF0004BBDE7DDE91AA396
S31500007EB0199A23F4801302F2334243EA025BF0E795
S31500007EC0DFF880B1EDE76FF0004B4FF0FF3AE8E7DF
S31500007ED0179B5A1C17925B78302BF9D0002BA3D036
S31500007EE001234FF0000904930A22179B4F46CDF851
S31500007EF01C90089317980678A6F13003D9B2092981
S31500007F002AD92A46059903F0F2F9A0B30020324691
S31500007F103D4603460590652A01D0452A18D11DB96C
S31500007F20049A02439ED00025DDF85C8008F1010228
S31500007F30179298F801202B2A75D02D2A7BD04FF066
S31500007F40000CA2F13001092940F28280CDF85C8054
S31500007F5000269DE00023C4E7082F00F1010007F189
S31500007F600107D4BF079902FB09391790DCBF02FB52
S31500007F7001330793BEE7179B5A1917925A5D002FD4
S31500007F8036D03D460590A2F13003092B12D90123C4
S31500007F90C1E7179B01305A1C17925A78302AF8D03D
S31500007FA0A2F13103082B00F2D68405900020179B1E
S31500007FB005460893303A00F1010313D0059900EB0A
S31500007FC0050E19442B4605910A21734512D12B182B
S31500007FD00135082B05441CDC07990A2303FB012302
S31500007FE007930023179A1846511C17915278CAE72F
S31500007FF03846D3E7082B04DC079E4E430796013329
S31500008000E3E703F1010CBCF1100FD8BF01FB09F93E
S31500008010F5E7102DDCBF0A2303FB0929E1E700235E
S31500008020059301237CE74FF0000C08F1020217923A
S3150000803098F8022085E74FF0010CF6E734D20000ED
S3150000804048CF00000000F07F179A511C1791527814
S31500008050302AF9D0A2F1310108293FF679AFA2F111
S31500008060300E179A0692179A511C17915278A2F160
S315000080703006092E37D9069E891B44F61F66082945
S3150000808002DC7645A8BF7646BCF1000F00D07642EA
S31500008090002D4DD1049901437FF4C6AE002B7FF429
S315000080A0E1AE692A27D024DC492A24D04E2A7FF45F
S315000080B0D9AE9F4917A801F06BFF00283FF4D2AE56
S315000080C0179B1B78282B2DD11AAA9A4917A801F0BD
S315000080D073FF052826D11B9BDDF868A043F0FF4BF4
S315000080E04BF4E00BA0E60A2101FB0E2EAEF1300E9A
S315000080F0B9E76E2ADBE7904917A801F049FF002887
S315000081003FF4B0AE179B17A88C49013B179301F0BB
S315000081103FFF10B9179B01331793DFF830B24FF0CA
S31500008120000A81E6864803F087F85BEC10AB7BE635
S31500008130059B002F08BF2F46102D0798A6EB0303BB
S31500008140A846A8BF4FF01008069303F0E1FC092DDE
S3150000815082468B4613DD7B4B03EBC80353E91223A0
S3150000816003F050FD82468B46484603F0D1FC02469A
S315000081700B465046594603F08FFB82468B460F2D21
S3150000818038DC069B002B3FF44FAE24DD162B0BDCB0
S315000081906C49524601EBC3015B46D1E9000103F08D
S315000081A031FD82468B463FE6C5F12503069A93428A
S315000081B020DBC5F10F05634C52465B4604EBC50157
S315000081C0D1E9000103F01EFD069B5D1B04EBC5040F
S315000081D0D4E90023E3E7069B16330BDB059B5046E9
S315000081E059469E1B574B03EBC606D6E9002303F000
S315000081F033FED6E7A5EB0808069B9844B8F1000FB6
S3150000820074DD18F00F030AD04E49524601EBC30144
S315000082105B46D1E9000103F0F5FC82468B4638F057
S315000082200F084FD0B8F59A7F22DD00252E46079518
S3150000823005952223DFF814B14FF0000A2360079B4F
S31500008240002B3FF4F1AD1899204601F0C1FF0599C6
S31500008250204601F0BDFF3146204601F0B9FF0799DF
S31500008260204601F0B5FF2946204601F0B1FFDBE5C7
S31500008270354B4FEA28185046594604930023994631
S31500008280B8F1010F21DC0BB182468B462E4BABF1C8
S31500008290547B524603EBC9095B46D9E9000103F05A
S315000082A0B1FC2A4B0A4682460B4029498B42BCD870
S315000082B0A1F580118B4286BFDFF898B04FF0FF3AE8
S315000082C002F1547B0023049383E018F0010F05D0DC
S315000082D0049BD3E9002303F095FC0123049A09F1DA
S315000082E001094FEA680808320492C9E7EAD0C8F1E2
S315000082F0000818F00F020AD0124B5046594603EBFD
S31500008300C203D3E9002303F0A7FD82468B465FEA4A
S315000083102818D7D0B8F11F0F1EDD00252E46079569
S31500008320059522234FF0000A4FF0000B236086E7E5
S3150000833019CF00005CCF000011CF00009CD00000D8
S31500008340C9D30000F0D20000C8D200000000F07FC0
S315000083500000A07CFFFFEF7F18F01003504659463F
S31500008360DFF8A89318BF6A230493002318F0010FBF
S3150000837004D0D9E9002303F045FC01235FEA68082D
S3150000838009F10809F2D10BB182468B46049BC3B1B1
S31500008390CBF30A525946C2F16B03002B11DD1F2B9A
S315000083A040F32181342B4FF0000ADBBFC2F14B02B0
S315000083B04FF0FF334FF05C7B03FA02F2D8BF02EABC
S315000083C0010B002200235046594603F083FE002885
S315000083D0A3D1079B3A460899204600932B4601F005
S315000083E061FF079000283FF420AF059B00259E1BE8
S315000083F0069B002BB4BF334600232E460C93069BE8
S3150000840023EAE3731293079B2046596801F0A0FE06
S31500008410059000283FF40DAF079B0C301A6903F155
S315000084200C0102329200FEF785FD1AAA19A9204610
S315000084304BEC10AB02F07EFA18904BEC18AB002810
S315000084403FF4F7AE0121204601F0C6FF064600289C
S315000084503FF4EFAE199B0499002BA3EB0108A9BFCB
S315000084600C9A129A03EB0209129FB8BFD71A1A9AEE
S31500008470A14B9044B8BFDDF83090C2F1360208F146
S31500008480FF38984580F2C380A3EB080301211F2B18
S31500008490A2EB030200F3AE8001FA03F30D9300236F
S315000084A0089309EB0208049B1744C1451F444B4639
S315000084B0A8BF4346BB42A8BF3B46002BC2BFA8EBA2
S315000084C00308FF1AA9EB03090C9B002B17DD3146A5
S315000084D01A46204602F03EF8064600283FF4A9AEAA
S315000084E00146189A204601F08DFF0B9000283FF4B4
S315000084F0A0AE1899204601F06BFE0B9B1893B8F1BD
S31500008500000F00F38980069B002B08DD129A204697
S31500008510059902F01FF8059000283FF48AAE002F57
S3150000852008DD3A460599204602F06EF805900028C7
S315000085303FF47FAEB9F1000F08DD31464A462046CA
S3150000854002F062F8064600283FF473AE059A20460C
S31500008550189902F0E5F8054600283FF46AAEC368AC
S3150000856031460B930023C36002F0BEF800285DDAA3
S315000085700B9B53EA0A037FD1CBF31303002B7BD16A
S315000085802BF000431B0D1B05B3F1D66F74D96B6935
S3150000859013B92B69012B6FDD29460122204602F013
S315000085A033F83146054602F09FF8002864DD049949
S315000085B05B46524A00297FD002EA0B01B1F1D66F21
S315000085C07ADCB1F15C7F7FF7ACAE4D4B5046594635
S315000085D0002203F017FB0B4682468B46034304BF7B
S315000085E0222323602FE64FF0FF3202FA03F303EA59
S315000085F00A0AE6E6C8F17F480D9108F57F0808F5F6
S315000086007B4808F1E20801FA08F3089349E70023DA
S31500008610089301230D9344E742461899204601F03A
S31500008620F3FF189000287FF46EAF02E65F466FD125
S315000086300B9ACBF3130342B3324A934228D1049BDD
S315000086405146EBB12D4B4FF0FF323B40B3F1D46FA7
S3150000865019D81B0DC3F16B0302FA03F3994217D124
S31500008660294B9F4202D101313FF4E3AD234B4FF03A
S31500008670000A3B4003F5801B049B002BA5D1E2E5D5
S315000086804FF0FF33EAE71346E8E753EA0A038ED0D2
S31500008690089BDBB13B42EFD00B9B5046049A5946F0
S315000086A0C3B1FFF75FFB02460B4651EC180B03F014
S315000086B0F3F882468B46DFE713404FF0FF3AA3F507
S315000086C080136FEA135B6FEA0B5BD5E70D9B13EA2A
S315000086D00A0FE0E7FFF746FB02460B4651EC180B84
S315000086E003F0D8F80022002382468B4603F0F2FC02
S315000086F00028C1D015E600BF02FCFFFF0000F07F96
S3150000870000005039FFFF0F00FFFFEF7F70CF000022
S315000087103146284602F06AF900224FF0804310EEF7
S31500008720100A59EC108B494603F0E8FC00287AD071
S315000087300B9B002B4AD00022934B4FF00008DFF82A
S315000087404892CDE90823914B3B400D930D9A904BEF
S315000087509A4240F0B080A7F1547BDDE908014BEC6A
S3150000876010ABCDE9080102F06BF8DDE9080153EC26
S31500008770102B03F047FA52465B4603F08DF80B4682
S3150000878082498246834A1940914260D918EE903A4E
S3150000879002F15472934204D118EE103A01333FF4B9
S315000087A048ADDFF8FCB14FF0FF3A1899204601F0CA
S315000087B00FFD0599204601F00BFD3146204601F0DC
S315000087C007FD2946204601F003FD1CE6BAF1000F1D
S315000087D01BD1CBF31303F3B900226B4B404649463A
S315000087E003F082FCD0B94046494600226A4B03F0AA
S315000087F009FA8046894609F10043CDF85080159361
S31500008800DDE91423CDE908239DE7BAF1010F02D172
S31500008810002F3FF486AD0022604B8EE74FF0000834
S31500008820DFF87491E7E75C4B40464946002203F0C7
S31500008830E9F90B9B8046894633B901F100430E9056
S315000088400F93DDE90E23DDE7CDE90E89F9E703F1A4
S31500008850547B049B002BA8D12BF000430D9A1B0DD3
S315000088601B059A42A1D14046494603F013FD03F089
S315000088709BF902460B464046494603F00BF8CBF3FC
S3150000888013030B9A804643EA0A038946134355D0DD
S3150000889035A3D3E9002303F027FC00287FF4D3ACEB
S315000088A04046494632A3D3E9002303F03BFC0028A7
S315000088B03FF47BAFC7E4049B33B30D9BB3F1D46F96
S315000088C022D8404649462CA3D3E9002303F016FCE0
S315000088D0A0B14946404603F06DFC012838BF01208F
S315000088E003F016F90B9B8046894623BB01F1004332
S315000088F010901193DDE91023CDE90823099B0D9A09
S3150000890003F1D6639B1A0993B0EE480AF0EE680AA3
S31500008910DDE90801CDE9080101F092FFDDE9080172
S3150000892053EC102B03F06EF953EC182B02F0B4FF46
S3150000893082468B468DE7CDE91089DBE710A3D3E9A4
S31500008940002303F0D1FBB2E700230A93179B139A87
S315000089501360FFF76DBA652A3FF461AB452A3FF411
S315000089605EAB0123FFF796BB9535A094FFFFDF3F73
S3150000897035E5AF350000E03F0000C0FFFFFFDF41F7
S315000089809535A094FFFFCF3F0000F03F0000F07F39
S315000089900000E07FFFFF9F7C0000E03F0000F0BF8B
S315000089A0FFFFEF7F014BFFF7FBB900BF94020020EA
S315000089B0012B2DE9F04701D0242B06D9FEF7B4FA96
S315000089C0162303600020BDE8F0870D46DFF8E0C0FF
S315000089D02E4615F8014B14F80C7017F00807F7D15E
S315000089E02D2C32D12C780127B51C002B5BD0102BF7
S315000089F009D1302C07D12C7804F0DF04582C4DD146
S31500008A006C781023023507F100484FF0000C08F18E
S31500008A10FF386646B8FBF3F903FB198AA4F1300E5A
S31500008A20BEF1090F16D87446A34224DDBCF1000F2F
S31500008A301EDBB1451CD301D1A24519DB06FB03465B
S31500008A404FF0010C15F8014BE8E72B2C04BF2C78EE
S31500008A50B51CCAE7A4F1410EBEF1190F01D8373C87
S31500008A60E2E7A4F1610EBEF1190F04D8573CDBE72B
S31500008A704FF0FF3CE6E7BCF1000F05DA222346463D
S31500008A80036042B930469EE707B17642002AF9D024
S31500008A90BCF1000F00D0691E1160F3E73024002BF3
S31500008AA0B1D10823AFE7302CA5D00A23ABE700BF2E
S31500008AB099CF0000FFF77CBF30B514469BB0054642
S31500008AC01A46002C05DA8B2303604FF0FF301BB0EB
S31500008AD030BD4FF40273009104916946ADF80C3035
S31500008AE014BF04F1FF332346029305934FF6FF7339
S31500008AF0ADF80E301E9B02F043F9431CBCBF8B231E
S31500008B002B60002CE3D0009B00221A70DFE7FFFFEA
S31500008B1007B5009313460A46014603480068FFF767
S31500008B20CBFF03B05DF804FB2C0200202DE9F74FC4
S31500008B30036907460C69A342C0F28780013C00F135
S31500008B40140501F1140805EB840355F824204FEAB7
S31500008B50840B019308EB840958F8243001339A42B8
S31500008B60B2FBF3F635D34FF0000E4046AC46F24664
S31500008B7050F8042B93B281454FEA124206FB03E3F9
S31500008B804FEA134E9BB206FB02E2AAEB0303DCF8A4
S31500008B9000A04FEA124E1FFA8AFA92B2534400938B
S31500008BA0DCF80030C2EB1342009B02EB2342BDF817
S31500008BB0003043EA02434FEA224A4CF8043BD7D23C
S31500008BC055F80B302BB9019B043B9D421A4630D316
S31500008BD03C61384601F088FD002826DB0136284630
S31500008BE04FF0000C58F8041BD0F800E08BB2C145DA
S31500008BF01FFA8EF2ACEB030313444FEA1142C2EBA9
S31500008C001E4202EB23429BB24FEA224C43EA024346
S31500008C1040F8043BE6D255F8242005EB840322B93C
S31500008C20043B9D421A460AD33C61304603B0BDE878
S31500008C30F08F1268043B002ACAD1013CC5E71268CE
S31500008C40043B002AF0D1013CEBE70020EEE7FFFFF2
S31500008C502DE9F04F456A044610EE10AA2DED048B5F
S31500008C6093B057EC106BDDF88080BB4606910992F5
S31500008C700C9375B9102001F043FA0246606220B9E0
S31500008C80A74BEA21A748FDF731FEC0E9015505606B
S31500008C90C560636A196851B15A680123204693403A
S31500008CA04A608B6001F094FA636A00221A603B1EE8
S31500008CB0ADBF0023012223F0004BC8F800309A4BC9
S31500008CC0B8BFC8F8002033EA0B031BD142F20F737A
S31500008CD00C9A1360CBF31303334300F08F85219B6B
S31500008CE063B9924B22E0924B01930833219A1360A9
S31500008CF0019813B0BDEC048BBDE8F08F8B4B01934C
S31500008D000333F3E7002200235046594603F0E2F905
S31500008D1080464BEC19AB58B101230C9A1360219B8A
S31500008D20002B00F0688583481860431E0193DFE737
S31500008D30CBF30A5510AA11A920464BEC10AB01F053
S31500008D40F9FD08EE100A002D00F0828019EE903A27
S31500008D505646A5F2FF35CDF83880C3F3130343F02A
S31500008D607F5747F440170022734B3046394602F0CE
S31500008D7091FD65A3D3E9002302F044FF64A3D3E980
S31500008D80002302F089FD06460F46284602F0D0FE73
S31500008D9061A3D3E9002302F035FF02460B463046B5
S31500008DA0394602F079FD06460F4603F0DBF900224C
S31500008DB0009000233046394603F096F950B10098EA
S31500008DC002F0B6FE32463B4603F084F910B9009B2A
S31500008DD0013B0093009B162B59D8009A574B03EB87
S31500008DE0C20351EC190BD3E9002303F07DF90028E7
S31500008DF04FD0009B013B009300230B93109B5D1B00
S31500008E006B1E059349BFC5F101030023049300239C
S31500008E1054BF04930593009B002B3CDB059B009AF3
S31500008E2013440A92059300230793069B092B00F22D
S31500008E308980052BC5BF043B002501250693069BAB
S31500008E40023B032B00F28980DFE803F02E3B395A00
S31500008E50DDE910531D4405F23243202BC6BFC3F192
S31500008E60400305F21240C3F1200305F1FF35C5BFEB
S31500008E700BFA03F326FA00F006FA03F0184302F0A1
S31500008E8047FE01230646A1F1F8770E936BE701230F
S31500008E90B3E70B90B2E7049B009A9B1A04935342E4
S31500008EA0079300230A93C0E700230893099B002B2E
S31500008EB056DC01231A46CDE9023309920CE0012360
S31500008EC0F3E70023099A0893009B134402930133A6
S31500008ED0012B0393B8BF01230022606A426004227B
S31500008EE002F1140641689E423ED9204601F030F94F
S31500008EF0019000283CD1124B02464FF4D571C1E6D1
S31500008F000123DFE7AFF3008061436F63A787D23F9A
S31500008F10B3C8608B288AC63FFB799F501344D33F62
S31500008F20A6D00000BDD000000000F07FA2D0000057
S31500008F3099D000001DCF00000000F83FF0D20000DD
S31500008F403BD1000001250023089506934FF0FF331F
S31500008F500022CDE902331223AFE701230893F5E798
S31500008F60099BCDE90233B7E7013152004160B7E70B
S31500008F70636A019A1A60039B0E2B00F29D80002DF6
S31500008F8000F09A80009B002B32DD03F00F03B64AF7
S31500008F9002EBC303D3E90089009BD8054FEA2317E8
S31500008FA016D5B24B07F00F070325D3E9082351EC7A
S31500008FB0190B02F051FF82468B46AC4E57B942461A
S31500008FC04B465046594602F047FF82468B4628E0FC
S31500008FD00225F2E7F90708D5404649460135D6E9A4
S31500008FE0002302F00FFE804689467F100836E5E72B
S31500008FF000F09B80009B02259C4F5E429A4B06F038
S315000090000F02361103EBC20351EC190BD3E900230F
S3150000901002F0F8FD002382468B46002E7AD1002B03
S31500009020D3D10B9B002B00F082800022904B504640
S31500009030594603F059F8002879D0039B002B76D0C7
S31500009040029B002B36DD009B5046594600225F1ED0
S31500009050884B02F0D7FD013582468B46029E284694
S31500009060D04602F065FD52465B46D94602F0CAFD7F
S315000090700022814B02F010FC8246A1F1507B002EAB
S3150000908058D100227D4B4046494602F003FC524629
S315000090905B468046894603F045F8002840F09382F7
S315000090A052460BF100434046494603F01DF800289E
S315000090B040F087825BEC19AB119B002BC0F2488114
S315000090C0009A0E2A00F34481674B03EBC203D3E9EF
S315000090D00089099B002B80F2D580039B002B00F3AF
S315000090E0D18040F06D820022644B4046494602F032
S315000090F089FD52465B4603F00BF8039E374600286F
S3150000910040F043823123019D05F8013B009B01336A
S3150000911000933EE2F20705D50135D7E9002302F0B8
S3150000912071FD01237610083777E7022579E7009F5E
S31500009130039E94E701994C4B314403EBC6030D9112
S31500009140089953E90223002943D000204C4902F034
S3150000915083FE52465B4602F09DFB019D82468B468E
S315000091604946404602F0FEFF064602F0E1FC024692
S3150000917030360B464046494602F08CFB52465B466B
S3150000918005F8016B8046894602F0AEFF002863D1E0
S3150000919042464B460020364902F07CFB52465B466F
S315000091A002F0A2FF002840F0B5800D9B9D4281D0C1
S315000091B00022304B5046594602F024FD00228246DA
S315000091C08B46404649462B4B02F01CFD804689469D
S315000091D0C6E75046594602F015FD0D9B82468B4662
S315000091E0019D0F934946404602F0BCFF064602F039
S315000091F09FFC02460B4640464946303602F04AFB83
S315000092000D9B05F8016B80469D4289464FF0000292
S3150000921024D11B4B5046594602F03EFB02460B46F4
S315000092204046494602F07EFF002873D152465B460F
S315000092300020134902F02EFB02460B4640464946E3
S3150000924002F052FF00283FF435AF0F9D6B1E0F93BF
S3150000925015F8013C302BF8D0009749E0054B02F099
S31500009260D1FC80468946BDE7F0D20000C8D2000096
S315000092700000F03F0000244000001C4000001440A5
S315000092800000E03F56465F46019D42464B4630464B
S31500009290394602F0E1FD02F065FF824602F048FC25
S315000092A042464B4602F0AEFC024630460AF1300614
S315000092B00B46394602F0EEFA05F8016B019E0246AE
S315000092C0039F0B46AE1BB74235D102F0E5FA424684
S315000092D04B4606460F4602F025FFD0B942464B469E
S315000092E03046394602F0F6FE10B11AF0010F10D1E1
S315000092F0204618EE101A00F06BFF002300982B7022
S3150000930001300C9B1860219B002B3FF4F1AC1D60D3
S31500009310EEE4009F2B461D4613F8012D392A06D18F
S31500009320019A9A42F7D13022019901370A701A78C8
S3150000933001321A7090E70022A44B02F063FC00226F
S31500009340002306460F4602F0C5FE00289DD0CFE753
S31500009350089A002A00F0D580069A012A00F3B980FF
S315000093600E9A002A00F0B18003F23343079E049D53
S31500009370049A012120461A440492059A1A44059239
S3150000938001F02AF80746002D0CDD059B002B09DDB0
S31500009390AB42049AA8BF2B46D21AED1A0492059A3C
S315000093A0D31A0593079B1BB3089B002B00F0AD80D7
S315000093B0002E13DD39463246204601F0CBF818EE72
S315000093C0102A01460746204601F01CF8804618EE92
S315000093D0101A204608EE108A00F0FAFE079B9A1B28
S315000093E006D018EE101A204601F0B4F808EE100A5E
S315000093F00121204600F0F0FF0A9B0646002B40F3B1
S3150000940086801A460146204601F0A4F8069B0646C9
S31500009410012B7FDD4FF00008336906EB83031869E3
S3150000942000F08AFFC0F12000059B184410F01F00D1
S3150000943000F09180C0F12003042B40F38980C0F135
S315000094401C00049B054403440493059B03440593B5
S31500009450049B002B07DD18EE101A1A46204601F071
S31500009460D3F808EE100A059B002B05DD31461A4697
S31500009470204601F0C9F806460B9B002B6DD03146FD
S3150000948018EE100A01F030F9002866DA009B18EE93
S31500009490101A0A222046013B0093002300F0BAFE70
S315000094A0089B08EE100A002B00F0AF810023394616
S315000094B00A22204600F0AEFE029B0746002B00F370
S315000094C08D80069B022B50DC88E0109BC3F136038F
S315000094D04CE7039B5E1E079BB342B7BF079B9E1BD1
S315000094E00796F21ABFBF0A9B00269B180A93039B96
S315000094F0002BB7BFDDE90323DDE903359D1A002301
S3150000950036E7079E049D089F3DE7079A69E7069B95
S31500009510012B18DCBAF1000F15D1CBF3130393B965
S315000095202BF000431B0D1B0583B1049B4FF0010874
S3150000953001330493059B013305930A9B002B7FF4AB
S315000095406BAF012070E74FF00008F6E79846F4E7A6
S315000095503FF47EAF18461C3073E7039B002B37DCC5
S31500009560069B022B34DD039B0293029B6BB93146AB
S315000095700522204600F04EFE0146064618EE100A69
S3150000958001F0B2F800283FF7BDAD099B019DDB4312
S3150000959000934FF000083146204600F019FE002FD8
S315000095A03FF4A6AEB8F1000F05D0B84503D041464A
S315000095B0204600F00DFE3946204600F009FE97E6EB
S315000095C000263746E1E7009737469BE50000244032
S315000095D0089B002B00F0CA80039B0293002D05DD3B
S315000095E039462A46204601F00FF80746B8F1000F23
S315000095F05BD07968204600F0ABFD054628B9874B5D
S31500009600024640F2EA21FFF73DBB3A6907F10C0139
S315000096100C3002329200FDF78DFC012229462046CD
S3150000962000F0F2FF019BB846074603F10109DDE9A8
S315000096300123134405930AF001030493314618EEFF
S31500009640100AFFF773FA4146029000F1300A18EE4D
S31500009650100A09F1FF3B01F047F83A4603903146FC
S31500009660204601F05DF8C268054602BB014618EEC9
S31500009670100A01F039F8024629462046079200F002
S31500009680A7FD4D46DDE9063243EA0201049B0B4382
S315000096900FD1BAF1390F2AD0039B002B02DD029BB2
S315000096A003F1310A8BF800A075E73846BAE70122C4
S315000096B0E2E7039B002B04DB06990B4304990B435B
S315000096C022D1002AEEDD18EE101A0122204600F003
S315000096D09BFF314608EE100A01F006F8002803DC6D
S315000096E0E0D11AF0010FDDD0BAF1390FD7D1392305
S315000096F08BF800302B461D46013B15F8012C392A04
S3150000970070D001321A7046E7002A07DDBAF1390F28
S31500009710EDD00AF101038BF800303CE7059B09F810
S3150000972001AC994546D018EE101A00230A222046AD
S3150000973000F070FDB84508EE100A4FF000034FF038
S315000097400A024146204606D100F064FD80460746DF
S3150000975009F1010972E700F05DFD394680460023F4
S315000097600A22204600F056FD0746F1E7039B0293C6
S31500009770019D314618EE100AFFF7D8F9019B00F15A
S31500009780300A05F801ABEA1A029B934209DD18EE8E
S31500009790101A00230A22204600F03CFD08EE100AAB
S315000097A0E7E7029B4FF00008002BCCBF1D460125C2
S315000097B0019B1D4418EE101A0122204600F024FFDA
S315000097C0314608EE100A00F08FFF002892DC02D125
S315000097D01AF0010F8ED12B461D4613F8012D302AA3
S315000097E0FAD0D8E6019A9A4285D1009B01330093BC
S315000097F031231370CFE60A4BFFF798BA219B002B53
S315000098007FF471AA074BFFF791BA029B002BAFDCDE
S31500009810069B022B3FF7A9AEAAE700BF3BD100008B
S315000098201CCF000099D00000002310B504468360C9
S31500009830818119464366C28108228361C0E90033EB
S31500009840C0E904335C30FDF782FB054B246263629A
S31500009850044BA362044BE362044B236310BD00BFB9
S3150000986069B200008BB20000C3B20000E7B200008C
S31500009870014900F0AFB800BF01B6000070B568221C
S315000098804D1E0E46554305F1740101F0A9F9044633
S3150000989040B1002105F16802C0E900160C30A06055
S315000098A0FDF755FB204670BD014800F026BC00BF01
S315000098B0950B0020014800F021BC00BF950B00204D
S315000098C0014800F01ABC00BF960B0020014800F0CA
S315000098D015BC00BF960B002010B50446FFF7F0FF3D
S315000098E0A3691BB1BDE81040FFF7F0BFC4E912330E
S315000098F023652046124B134A1B68A262A34204BF8B
S315000099000123A36100F020F86060204600F01CF8F7
S31500009910A060204600F018F800220421E06060688C
S31500009920FFF782FF01220921A068FFF77DFF0222CF
S315000099301221E068FFF778FF0123A361D2E700BF99
S3150000994008CF000071980000F8B50746FFF7ACFF96
S315000099501E4B1E68B36913B93046FFF7BDFF483684
S31500009960D6E90134013B03D533680BB33668F7E714
S31500009970B4F90C50D5B9164B04F158006566E3608E
S3150000998000F0BAFBFFF796FF0822294604F15C00B7
S315000099902560A561C4E90155C4E90455FDF7D7FA68
S315000099A0C4E90D55C4E912552046F8BD6834D9E717
S315000099B004213846FFF762FF044630600028D5D1FF
S315000099C0FFF778FF0C233B60EEE700BF08CF0000EF
S315000099D00100FFFF2DE9F8430646884600F14804DA
S315000099E00027D4E90195B9F1010905D52468002CB1
S315000099F0F7D13846BDE8F883AB89012B07D9B5F90D
S31500009A000E30013303D029463046C0470743683538
S31500009A10E9E703694A11B3EB611F2DE9F04300F151
S31500009A20140445DD11F01F0104EB830604EB8205E7
S31500009A300CD100F110072946B14234D39B1AEA1E15
S31500009A409B00964238BF0023234415E054F8227049
S31500009A50C1F1200805F1040EA146CF407645F44633
S31500009A6015D89A1A01359200043AAE4238BF002240
S31500009A70A318A75007B104331A1BA3424FEAA20248
S31500009A8008BF0023026108BF4361BDE8F083DCF82C
S31500009A9000C00CFA08FC4CEA070749F8047B5EF89C
S31500009AA0047BCF40DAE751F804CB47F804CFC3E78D
S31500009AB02346E1E7A0F13003092B02D82038C0B2D3
S31500009AC07047A0F16103052B01D84738F7E7A0F1ED
S31500009AD04103052B01D82738F1E700207047FFFF27
S31500009AE02DE9F04F2DED028B89B008EE100A8B465A
S31500009AF090460493B24B1B6818460193FEF72AF969
S31500009B00019BDBF800208246034413F8013C0593D1
S31500009B10931CC2F1FF2202F57F02FE32D1181F46C6
S31500009B2013F8010B00913028F8D0FFF7C3FF044665
S31500009B30002839D152460199384601F0D8FB05462E
S31500009B40002867D117F80A0007EB0A06FFF7B2FFED
S31500009B50002861D0334618781F4601333028FAD0E2
S31500009B60FFF7A8FFB0FA80F4012335466409009395
S31500009B703A46164601323078FFF79CFF0028F8D1A6
S31500009B8052460199304601F0B2FB80B94DB906EB59
S31500009B900A052A46164601323078FFF78BFF002861
S31500009BA0F8D1AD1BAD0004E000242546E0E7002D0A
S31500009BB0F7D1337803F0DF03502B3BD173782B2B8F
S31500009BC02CD02D2B2ED0711C4FF000090878FFF7F2
S31500009BD071FF431EDBB2182B2CD8A0F1100211F82E
S31500009BE0010FFFF767FF431EDBB2182B1DD9B9F132
S31500009BF0000F00D052421544CBF80010E4B1009B90
S31500009C00002B14BF00270627384609B0BDEC028B8F
S31500009C10BDE8F08F3E4625460124CAE74FF000090D
S31500009C20B11CD3E74FF00109FAE70A2303FB02024E
S31500009C30103AD4E73146DFE7F31B2146013B072BF9
S31500009C400BDC18EE100A00F083FA044640B95D4BAF
S31500009C500246DE215C48FCF749FE01315B10EEE767
S31500009C6000F114094FF0000BCAF10103CDF808907A
S31500009C70CDF800B00693B74240D30298009B40F857
S31500009C80043BA0EB0900801046012061184600F055
S31500009C9053FB301AD8F80060B04263DD871B2046BC
S31500009CA0394600F0F9FE8246A8B17B1E4FF0010A44
S31500009CB0591103F01F0259F821100AFA02F20A425A
S31500009CC009D0534505DDB91E204600F0E5FE002803
S31500009CD045D14FF0020A3D4439462046FFF799FE2A
S31500009CE0D8F80830AB424CDA214618EE100A00F0DC
S31500009CF06FFA0023149AA327136085E7731E059A4B
S31500009D00039316F8013C934219D0BBF1200F07D1FB
S31500009D10029B009A43F8042B029300239B46009370
S31500009D2016F8010CFFF7C6FE00F00F00009B00FAC4
S31500009D300BF00BF1040B03430093039B0DE0039B15
S31500009D40069A1344BB42E0D318465246019907933C
S31500009D5001F0CDFA079B0028D7D11E468BE74FF0BE
S31500009D60030AB8E70ADA371A214618EE100A3A4605
S31500009D70ED1B00F049FC044600F114094FF0000AFF
S31500009D80AEE7D8F80400A84272DD451BAE4235DCCA
S31500009D90D8F80C30022B29D0032B2BD0012B1BD14A
S31500009DA0AE4219D1012E11D1D8F804306227049A97
S31500009DB0136001232361C9F80030149B1C6023E75C
S31500009DC034D200003BD10000ACD10000711E204609
S31500009DD000F062FE0028E7D1214618EE100A00F0D6
S31500009DE0F7F90023149A502713600DE7159B002BF3
S31500009DF0F2D1D9E7159B002BD6D1EDE76F1EBAF14C
S31500009E00000F32D127B13946204600F045FE824682
S31500009E107B11012107F01F07204659F82330761BD6
S31500009E2001FA07F729461F424FF0020718BF4AF00A
S31500009E30020AFFF7EEFDD8F80450BAF1000F48D039
S31500009E40D8F80C30022B15D0032B17D0012B09D1D3
S31500009E501AF0020F06D0D9F800004AEA000A1AF0F2
S31500009E60010F0ED147F0100733E04FF0010ACFE79C
S31500009E700127E2E7159BC3F101031593159B002B00
S31500009E80F0D0D4F810B004F114034FF0000C4FEAF0
S31500009E908B0A03EB8B01184653F8042BB2F1FF3FF4
S31500009EA01CD001320260022F04F114033FD1D8F80E
S31500009EB00020013AB2420AD17111012206F01F06B2
S31500009EC053F8213002FA06F61E4218BF174647F02D
S31500009ED02007149B1C60049B1D6095E6994243F87D
S31500009EE004CCD8D8A3689B4519DB616818EE100A24
S31500009EF0013100F02DF9814618B91B4B0246842129
S31500009F00A8E6226904F10C010C3002329200FDF73A
S31500009F1011F821464C4618EE100A00F059F923694B
S31500009F205A1C04EB8303226101225A61BBE72269B2
S31500009F305A450BDD01212046FFF76BFD0135D8F8A8
S31500009F400830AB42FFF6D0AE0127C0E716F01F0679
S31500009F50FAD05344C6F1200653F8040C00F0ECF98D
S31500009F60B042E7DBF0E700BF3BD10000C2F10802D8
S31500009F70920070B5C2F120064368046803FA06F53C
S31500009F80D3402C43046040F8043F8842F4D370BDAC
S31500009F900368013330B511F8014B14B90360012091
S31500009FA030BD13F8012BA2F14105192D98BF2032BF
S31500009FB0A242F0D00020F3E70B682DE9F04F5E11C6
S31500009FC013F01F034FF0000587B002EB860690469C
S31500009FD08246026818BF0436AB460193371F46F81F
S31500009FE0045C0295B9463C46531C5178039341B331
S31500009FF0084605920491FFF75DFD00284FD10499AC
S3150000A000059A202918D8029B9B4513DD4C4506D29C
S3150000A010072D04DC2A4649462046FFF7A7FF44459C
S3150000A0204FD90023A4F10409CDF808B044F8043C44
S3150000A0301D464C46039AD7E7292955D10232CAF85C
S3150000A0400020BBF1000F4FD04C4506D2072D04DC93
S3150000A0502A4649462046FFF789FF444533D9A8F1E9
S3150000A0600402234653F8041B9F4242F8041FF9D208
S3150000A0703B1B033E0134002223F003030433B442A6
S3150000A08088BF0423434443F8042B9F42FBD23B681A
S3150000A0901BB9474526D101233B60052025E0013544
S3150000A0A00BF1010B082D05DD4445C3D90023043C03
S3150000A0B001252360226800F00F0040EA02122260A8
S3150000A0C0B8E70825B6E7019B002BE0D04FF0FF323A
S3150000A0D0C3F1200322FA03F356F8042C1A4046F87B
S3150000A0E0042CD4E7043FD2E7042007B0BDE8F08F84
S3150000A0F00048704784030020704770477047FFFF91
S3150000A100024B0146186800F06BBD00BF2C02002010
S3150000A11082B001B901A942B14BB113780B60127834
S3150000A120101E18BF012002B070471046FBE76FF003
S3150000A1300100F8E7C9B2024410B59042034601D1C6
S3150000A140002303E01C7801308C42F6D1184610BD7E
S3150000A15070B5466A04460D4676B91020FFF7D0FF63
S3150000A1600246606220B9184B66211848FCF7BEFB10
S3150000A170C0E901660660C660666AF36883B1636A11
S3150000A180DB6853F82500B8B90121204601FA05F627
S3150000A190721D920000F0A1FC60B1C0E901560EE00C
S3150000A1A021220421204600F098FC636AF060DB68F7
S3150000A1B0002BE4D1002070BD026843F8252000235F
S3150000A1C0C0E90333F7E700BFA6D0000048D200007D
S3150000A1D070B5466A05460C4676B91020FFF790FF23
S3150000A1E00246686220B9094B8A210948FCF77EFBC2
S3150000A1F0C0E901660660C6603CB16B6A6268DB68EE
S3150000A20053F82210216043F8224070BDA6D000000A
S3150000A21048D200002DE9F04101F1140C07460C4626
S3150000A2201E460D690020DCF80030013099B28542E7
S3150000A23002FB01614FEA13464FEA114389B202FB62
S3150000A240063301EB03414FEA13464CF8041BEADCE4
S3150000A2500EB3A368AB4219DC616838460131FFF7DB
S3150000A26077FF804628B902460C4BB5210C48FCF70F
S3150000A2703DFB226904F10C010C3002329200FCF71E
S3150000A28059FE214644463846FFF7A2FF04EB8503F4
S3150000A29001355E6125612046BDE8F0813BD10000B5
S3150000A2A048D200002DE9F84315461F460922083317
S3150000A2B00C460646002193FBF2F301229A4209DB83
S3150000A2C03046FFF745FF40B90246194BCE211948E3
S3150000A2D0FCF70CFB52000131F0E7089B092D4361A6
S3150000A2E04FF00103036116DD04F109092C44C84649
S3150000A2F018F8013B01460A223046303BFFF78AFF39
S3150000A300A045F5D1A5F108044C442D1B6319BB42A9
S3150000A31004DBBDE8F8830A340925F6E714F8013BA7
S3150000A32001460A223046303BFFF774FFEEE700BFD6
S3150000A3303BD1000048D20000030C1B04D3B9000433
S3150000A340102310F07F4F04BF0002083310F0704F47
S3150000A35004BF0001043310F0404F04BF80000233F5
S3150000A360002805DB10F0804F03F1010308BF20230E
S3150000A370184670470023E4E70368014613F0070216
S3150000A3800BD0DA0723D4980747BF5B0801209B0848
S3150000A39002204CBF0B600B60704798B2A8B91B0C2B
S3150000A3A01020DAB20AB908301B0A1A0704BF1B09C3
S3150000A3B004309A0704BF9B080230DA0703D45B080F
S3150000A3C000F1010005D00B6070471046E9E7002058
S3150000A3D0704720207047FFFF10B50C460121FFF79C
S3150000A3E0B7FE024628B9054B4FF4A0710448FCF7A6
S3150000A3F07DFA01234461036110BD00BF3BD100001B
S3150000A40048D200002DE9F04F91460A690C4685B006
S3150000A410D9F810309A42BEBF0B464C46994627697A
S3150000A420A368D9F810A0616807EB0A06B342B8BF63
S3150000A4300131FFF78DFE30B90246444B40F25D1103
S3150000A4404348FCF753FA00F11405002205EB860891
S3150000A4502B46434521D304F1140304F1150103EB04
S3150000A460870709F1140303EB8A0202923A1B153A95
S3150000A47022F0030204328F4238BF04220192029A6C
S3150000A48003939A420CD8002E03DD58F8043D002BA6
S3150000A4905AD0066105B0BDE8F08F43F8042BD8E723
S3150000A4A0B3F800A0BAF1000F24D004F1140EA946A7
S3150000A4B04FF0000C5EF8042BD9F800101FFA82FB4F
S3150000A4C0774589B20AFB0B114FEA124BD9F80020E7
S3150000A4D061444FEA124C0AFB0BC202EB114289B2ED
S3150000A4E04FEA124C41EA024149F8041BE2D8019AAC
S3150000A4F045F802C0039A0433B2F80290B9F1000F8E
S3150000A50020D0296804F1140CAE464FF0000ABCF8BE
S3150000A51000B089B2BEF8022009FB0B22924441EA40
S3150000A5200A414EF8041B5CF8042BBEF80010120C0E
S3150000A530674509FB021101EB1A414FEA114AE6D8B9
S3150000A540019AA95004359AE7013E9CE73BD10000E9
S3150000A55048D200002DE9F843154612F003020646DC
S3150000A5600F4607D0013A254C002354F82220FFF766
S3150000A57051FE0746AD103DD0746A7CB91020FFF736
S3150000A580BFFD0246706228B91D4B4FF4D7711D48B6
S3150000A590FCF7ACF9C0E901440460C460D6F8248035
S3150000A5A0D8F808404CB940F271213046FFF714FF45
S3150000A5B000230446C8F8080003604FF00009EB07C3
S3150000A5C00AD5394622463046FFF71CFF80463946F3
S3150000A5D030464746FFF7FCFD6D100BD0206838B9B2
S3150000A5E0224621463046FFF70DFF2060C0F8009056
S3150000A5F00446E4E73846BDE8F88300BFB8D3000058
S3150000A600A6D0000048D200002DE9F0470C460746C8
S3150000A61091464FEA621A2369496803EB6218A368F8
S3150000A62008F10106B3420BDB3846FFF791FD0546FC
S3150000A63048B902462A4B40F2D9112A48FCF756F986
S3150000A64001315B00EEE7002300F1140100F1100276
S3150000A6501846534537DB2AEAEA7A04F114032069DF
S3150000A66019F01F0901EB8A0103EB80002FD0C9F115
S3150000A670200E8A464FF0000C1A6802FA09F242EAE6
S3150000A6800C024AF8042B53F8042B984222FA0EFCCB
S3150000A690F2D8031B04F11502153B23F00303043320
S3150000A6A0904238BF042341F803C0BCF1000F01D02B
S3150000A6B008F10206013E384621462E61FFF788FD65
S3150000A6C02846BDE8F087013342F8040FC1E7043994
S3150000A6D053F8042B984241F8042FF9D8EAE700BF53
S3150000A6E03BD1000048D20000026930B50C69121B4C
S3150000A6F00ED100F11403143103EB840001EB840145
S3150000A70050F8045D51F8044DA54203D005D301224B
S3150000A710104630BD8342F3D3FAE74FF0FF32F7E736
S3150000A7202DE9F84F0C460646114692462046FFF79D
S3150000A730DBFF051E10D129463046FFF709FD30B96B
S3150000A7403D4B024640F232213C48FCF7CFF801234C
S3150000A750C0E90435BDE8F88FA4BF5346A24630468B
S3150000A760A8BF0025DAF80410ACBF1C460125FFF788
S3150000A770EFFC20B9304B02464FF41071E4E7DAF8EB
S3150000A780107004F11409266900F11408C5600AF175
S3150000A79014050AF1100209EB860605EB870EC24680
S3150000A7A04FF0000C52F804BF59F8043B1FFA8BF126
S3150000A7B04E458C4499B24FEA1343ACEB0101C3EB0F
S3150000A7C01B4303EB214389B24FEA234C41EA03437F
S3150000A7D04AF8043BE6D8331B1534153B23F0030334
S3150000A7E00433A64238BF04231D4443442C461E4668
S3150000A7F074450ED30EF10302521B033D22F00302F1
S3150000A800AE4538BF00221A4452F8043D8BB10761A9
S3150000A810A0E754F8048B1FFA88F26244111492B22E
S3150000A82001EB184142EA01424FEA214C46F8042B5B
S3150000A830DEE7013FE8E700BF3BD1000048D2000059
S3150000A84082B013498DED000B019B1940A1F15071A7
S3150000A850002905DD00220B4643EC102B02B07047A1
S3150000A860494200220023B1F1A07F4FEA215004DAC9
S3150000A8704FF4002141FA00F3EEE7A0F114011E297E
S3150000A880D6BF4FF00040012120FA01F10A46E3E766
S3150000A8900000F07FF8B5056900F1140707EB8505A0
S3150000A8A055F8044C2E1F2046FFF746FDC0F1200345
S3150000A8B00A28DFF87CC00B6015DCC0F10B0EB7422E
S3150000A8C000F1150024FA0EF104FA00F041EA0C0337
S3150000A8D034BF55F8081C002121FA0EF140EA0102A6
S3150000A8E043EC102BF8BDB7423ABFA5F1080655F860
S3150000A8F0081C00210B3817D0C0F1200C04FA00F513
S3150000A900BE4201FA00F021FA0CF445EA04058CBFB8
S3150000A91056F8044C002445F07F5324FA0CF443F413
S3150000A920401340EA0402DBE744EA0C030A46D7E791
S3150000A9300000F03F2DE9F74389460121904657EC88
S3150000A940106BFFF705FC044630B90246254B40F272
S3150000A9500A312548FBF7CAFFC7F30A55C7F31303A5
S3150000A96035BB002E019328D068460096FFF704FDFC
S3150000A970009900B3019AC0F1200302FA03F3C24022
S3150000A9800B4301926361019B002BA36114BF02225A
S3150000A99001222261D5B1A5F233450544C0F1350047
S3150000A9A0C9F80050C8F80000204603B0BDE8F0839F
S3150000A9B043F48013D5E76161E5E701A8FFF7DCFC06
S3150000A9C0019B0122203063612261E3E7A0F232405D
S3150000A9D004EB8203C9F800001869FFF7ADFCC0EB71
S3150000A9E04210DFE73BD1000048D200002DE9F74FC7
S3150000A9F0884681466946FFF74DFF01A9404655EC5A
S3150000AA00104BFFF747FFD9F81030D8F810202F4623
S3150000AA10A3EB020CDDE9003251EC100B9B1A8B46BE
S3150000AA20204603EB4C13002BD5BF0A462A46C3EB40
S3150000AA30033302EB0357D8BF02EB035B10EE102A79
S3150000AA4039465B4601F008FA41EC100B03B0BDE84D
S3150000AA50F08F013902F11403491170B501311469FF
S3150000AA60051F00EB810103EB8404A3420CD3A31A58
S3150000AA701132113B23F00303A24288BF002318447E
S3150000AA800023884205D370BD53F8046B45F8046F64
S3150000AA90EBE740F8043BF4E700F114024B110069C0
S3150000AAA0984210B511DB0ADD11F01F0107D052F8EC
S3150000AAB0234024FA01F000FA01F18C420BD102EB9B
S3150000AAC08303934203D8002010BD0346F7E753F8EB
S3150000AAD0041D0029F5D00120F6E737B5A1FB0224B5
S3150000AAE04CB91146019200F07BF8019A054630B93F
S3150000AAF0284603B030BD0C2200250260F8E7214647
S3150000AB00FCF725FAF4E7FFFF37B5002943D051F8E3
S3150000AB10043C0C1F0190002BB8BFE41800F03EFE69
S3150000AB201E4A0198136833B96360146003B0BDE828
S3150000AB30304000F039BEA34208D9256861198B421E
S3150000AB4001BF19685B6849192160EDE71A465B6821
S3150000AB500BB1A342FAD911685518A5420BD1246846
S3150000AB60214454181160A342E0D11C685B6821445B
S3150000AB7053601160DAE702D90C230360D6E7256833
S3150000AB8061198B4202BF19685B684919636008BF87
S3150000AB9021605460CAE703B030BD00BF980B0020A7
S3150000ABA070B50E4E0C460546316811B900F04CFBE7
S3150000ABB030602146284600F047FB431C0AD0C41CDF
S3150000ABC024F00304A04207D0211A284600F03CFBDB
S3150000ABD0013001D14FF0FF34204670BD9C0B0020A0
S3150000ABE02DE9F041CD1C074625F0030508350C2D4F
S3150000ABF038BF0C25002D01DBA94205D90C23002600
S3150000AC003B603046BDE8F0812E4E00F0C7FD33684C
S3150000AC101C4634BB29463846FFF7C2FF431C044690
S3150000AC204DD134682646002E40D123683146384639
S3150000AC3004EB030800F008FB80453AD12168033590
S3150000AC4038466D1A25F0030508350C2D38BF0C253E
S3150000AC502946FFF7A5FF01302BD023682B4423603C
S3150000AC600EE02268521B1ED40B2A16D96119A34284
S3150000AC70256018BF5960636808BF316062514B6038
S3150000AC8004F10B06384600F08FFD231D26F007065B
S3150000AC90F21AB6D09B1BA350B3E76268A3420CBF5F
S3150000ACA032605A60ECE723466468B2E73446766859
S3150000ACB0B9E70C2338463B6000F076FDA1E7256036
S3150000ACC0DEE700BF980B00202DE9F0478E6882462C
S3150000ACD00C4690469E421F4638D88A8912F4906FD9
S3150000ACE032D0256801330969A5EB0109656905EBD1
S3150000ACF045054B4405EBD5756D109D4238BF1D4685
S3150000AD00530531D52946FFF76BFF064650B90C238C
S3150000AD104FF0FF30CAF80030A38943F04003A38107
S3150000AD20BDE8F0874A462169FCF704F9A38923F4B4
S3150000AD30906343F08003A38126614E446561A5EBD1
S3150000AD40090526603E46A560BE4200D93E4632460B
S3150000AD504146206800F008FDA36800209B1BA36005
S3150000AD60236833442360DBE72A4600F023FD0646CA
S3150000AD700028E1D121695046FFF7C6FEC7E7FFFF6D
S3150000AD802DE9F04F98468B899DB007461B060D4668
S3150000AD9014460ED50B6963B94021FFF721FF2860E1
S3150000ADA0286120B90C233B604FF0FF30D1E04023EF
S3150000ADB06B610023CDF80C804FF00109DFF8AC8100
S3150000ADC0099320238DF8293030238DF82A30234625
S3150000ADD09A4613F8012B0AB1252AF9D1BAEB040BCE
S3150000ADE00BD05B46224629463846FFF76DFF0130F9
S3150000ADF000F0AA80099A5A4409929AF80030002B6A
S3150000AE0000F0A28000234FF0FF320AF1010A0493FA
S3150000AE1007938DF853301A93CDE90523544605223E
S3150000AE20524814F8011BFFF785F9049AD8B9D006E1
S3150000AE3044BF20238DF85330110744BF2B238DF8D0
S3150000AE4053309AF800302A2B15D0079A5446002022
S3150000AE504FF00A0C214611F8013B303B092B4ED925
S3150000AE60B0B1079214E0A0EB0803A24609FA03F377
S3150000AE7013430493D2E7039B191D1B68002B039110
S3150000AE80BBBF5B4242F0020207930793B8BF04922E
S3150000AE9023782E2B0CD163782A2B35D1039B0234D1
S3150000AEA01A1D1B68002B0392B8BF4FF0FF330593A2
S3150000AEB0DFF8C8A0032221785046FFF73BF940B1DE
S3150000AEC04023A0EB0A00013403FA00F0049B03437D
S3150000AED0049314F8011B062225488DF82810FFF765
S3150000AEE029F9002838D0234B1BBB039B073323F0DB
S3150000AEF0070308330393099B3344099367E70CFB65
S3150000AF0002320C460120A5E7002301344FF00A0C5B
S3150000AF1019460593204610F8012B303A092A03D921
S3150000AF20002BC5D00591C3E70CFB01210446012384
S3150000AF30F0E703AB2A4604A9384600930E4BFCF70C
S3150000AF40AFF8421C0646D6D1AB895B063FF52CAF5F
S3150000AF5009981DB0BDE8F08F03AB2A4604A9384610
S3150000AF600093054BFCF742FBEBE700BFC4D30000A0
S3150000AF70CED30000A1700000C9AC0000CAD3000007
S3150000AF809368013B002B936010B408DA9469A342DE
S3150000AF9001DB0A2903D15DF8044B00F0BDB9136843
S3150000AFA0581C1060084619705DF8044B7047F8B5D8
S3150000AFB006460F461446D518AC4201D1002007E0DC
S3150000AFC03A4614F8011B3046FFF7DAFF431CF3D16B
S3150000AFD0F8BDFFFF2DE9F04F0D469DB0144698468B
S3150000AFE0064618B183690BB9FEF776FC894B9D427C
S3150000AFF01BD175686B6ED90705D4AB899A0502D447
S3150000B000A86DFFF77AF8AB891B0701D52B69EBB959
S3150000B0102946304600F0F2F9C0B16B6EDC070ED55A
S3150000B0204FF0FF301DB0BDE8F08F7B4B9D4201D144
S3150000B030B568DFE7794B9D4208BFF568DAE7AB896B
S3150000B0409805EDD4A86DFFF759F8E9E70023CDF888
S3150000B0500C804FF00109DFF8C881099320238DF891
S3150000B060293030238DF82A3023469A4613F8012BCF
S3150000B0700AB1252AF9D1BAEB040B0BD05B4622465E
S3150000B08029463046FFF793FF013000F0AA80099A5F
S3150000B0905A4409929AF80030002B00F0A28000234F
S3150000B0A04FF0FF320AF1010A049307938DF85330EB
S3150000B0B01A93CDE9052354460522594814F8011B75
S3150000B0C0FFF738F8049AD8B9D10644BF20238DF883
S3150000B0D05330130744BF2B238DF853309AF80030B2
S3150000B0E02A2B15D0079A544600204FF00A0C214609
S3150000B0F011F8013B303B092B4ED9B0B1079214E051
S3150000B100A0EB0803A24609FA03F313430493D2E71C
S3150000B110039B191D1B68002B0391BBBF5B4242F0CA
S3150000B120020207930793B8BF049223782E2B0CD103
S3150000B13063782A2B35D1039B02341A1D1B68002B1A
S3150000B1400392B8BF4FF0FF330593DFF8E4A0032264
S3150000B15021785046FEF7EEFF40B14023A0EB0A00EF
S3150000B160013403FA00F0049B0343049314F8011B13
S3150000B17006222C488DF82810FEF7DCFF00283FD069
S3150000B180294B1BBB039B073323F0070308330393A9
S3150000B190099B3B44099367E70CFB02320C460120EE
S3150000B1A0A5E7002301344FF00A0C19460593204603
S3150000B1B010F8012B303A092A03D9002BC5D0059186
S3150000B1C0C3E70CFB012104460123F0E703AB2A4643
S3150000B1D004A930460093154BFBF762FF0746781C1F
S3150000B1E0D6D16B6ED90705D4AB899A0502D4A86D62
S3150000B1F0FEF784FFAB895B063FF512AF099811E7AE
S3150000B20003AB2A4604A930460093084BFCF7EEF937
S3150000B210E4E700BF6CD100008CD100004CD10000E7
S3150000B220C4D30000CED30000A1700000AFAF000071
S3150000B230CAD30000FFFFFFFF9FED010B704700BF61
S3150000B240000000000000F87F38B50023054D0446D5
S3150000B25008462B60FBF74CFC431C02D12B6803B15C
S3150000B260236038BDA00B002010B50C46B1F90E10B6
S3150000B27000F0D0FA0028ABBF636DA3891B1823F436
S3150000B2808053ACBF6365A38110BD2DE9F0411F4615
S3150000B2908B8905460C46DB05164605D5022300229A
S3150000B2A0B1F90E1000F0E8F9A3893246B4F90E1090
S3150000B2B0284623F48053A3813B46BDE8F04100F0C5
S3150000B2C08BB810B50C46B1F90E1000F0D5F9431C39
S3150000B2D0A38915BF606523F4805343F48053A3818B
S3150000B2E018BFA38110BDB1F90E1000F0F5B810B566
S3150000B2F07AB103460139841813F8010B11F8012FAE
S3150000B300904201D1A34201D1801A10BD0028F3D189
S3150000B310FAE71046F9E7FFFFF8B50E46144605466C
S3150000B32018B183690BB9FEF7D7FA214B9C422BD192
S3150000B3306C68A369A360A3891A072FD523696BB329
S3150000B3402369F6B220683746C01A6369834204DC73
S3150000B3502146284600F054F930BBA3680130013B72
S3150000B360A36023685A1C22601E706369834204D05E
S3150000B370A389DB0706D50A2E04D12146284600F00C
S3150000B3803FF988B93846F8BD0A4B9C4201D1AC68F2
S3150000B390CFE7094B9C4208BFEC68CAE7214628461E
S3150000B3A000F02CF80028CBD04FF0FF37EAE700BFBB
S3150000B3B06CD100008CD100004CD1000049B1FF2AAD
S3150000B3C08DBF8A2301200A70036088BF4FF0FF30CB
S3150000B3D0704708467047FFFF38B50446064D0846D5
S3150000B3E0114600222A601A46F5F742FA431C02D19A
S3150000B3F02B6803B1236038BDA00B0020324B70B51B
S3150000B4001D6806460C4625B1AB6913B92846FEF7FA
S3150000B41063FA2E4B9C420FD16C68A389B4F90C20B9
S3150000B42019072CD4DD0611D40923336042F04003FA
S3150000B4304FF0FF30A3813EE0254B9C4201D1AC6822
S3150000B440EBE7244B9C4208BFEC68E6E7580712D5A9
S3150000B450616B41B104F14403994202D03046FFF7D3
S3150000B46053FB00236363A38923F02403A3810023F2
S3150000B470636023692360A38943F00803A3812369DA
S3150000B4804BB9A38903F42073B3F5007F03D021469B
S3150000B490304600F029F9A089B4F90C2010F0010318
S3150000B4A00AD00023A36063695B42A361236943B9A1
S3150000B4B010F08000BAD170BD810758BF6369A360E0
S3150000B4C0F4E70020F7E700BF2C0200206CD1000053
S3150000B4D08CD100004CD1000038B50023054D044640
S3150000B4E008462B6001F0C0F8431C02D12B6803B15B
S3150000B4F0236038BDA00B00208A892DE9F04105465E
S3150000B50010070C4658D44B68002B05DC0B6C002B3F
S3150000B51002DC0020BDE8F081E66A002EF9D00023A7
S3150000B52012F480522F682B6032D0606DA3895A07BF
S3150000B53005D56368C01A636B0BB1236CC01A002370
S3150000B5400246E66A2846216AB047431CA38906D10B
S3150000B55029681D292CD8294ACA40D60728D5002291
S3150000B560D90462602269226004D5421C01D12B688D
S3150000B57003B96065616B2F600029CAD004F14403EA
S3150000B580994202D02846FFF7BFFA00206063C1E760
S3150000B590216A01232846B047411CC7D12B68002BDE
S3150000B5A0C4D01D2B01D0162B01D12F60B1E7A38982
S3150000B5B043F04003A381ADE70F69002FA9D093079D
S3150000B5C00E680F600CBF4B690023A6EB07088B6063
S3150000B5D0B8F1000F9DDD43463A46216A2846A66A21
S3150000B5E0B047002806DCA3894FF0FF3043F0400344
S3150000B5F0A3818FE70744A8EB0008E9E70100402094
S3150000B60038B50B6905460C4613B90025284638BDE2
S3150000B61018B183690BB9FEF75FF9144B9C421BD135
S3150000B6206C68B4F90C30002BEFD0626ED00704D4EE
S3150000B630990502D4A06DFEF760FD28462146FFF766
S3150000B6405BFF636E0546DA07E0D4A3899B05DDD46C
S3150000B650A06DFEF753FDD9E7054B9C4201D1AC68BE
S3150000B660DFE7044B9C4208BFEC68DAE76CD10000C8
S3150000B6708CD100004CD1000038B50446064D084672
S3150000B680114600222A601A4601F006F8431C02D130
S3150000B6902B6803B1236038BDA00B002070B50E46A1
S3150000B6A0B1F90E1096B0144600291D4608DAB6F90F
S3150000B6B00C3000222A601A0610D44FF480630EE084
S3150000B6C06A4600F0B9F80028F1DB019A02F47042EC
S3150000B6D0A2F500535A425A412A60EEE74023002061
S3150000B6E0236016B070BDFFFF8B8973B59D070646B4
S3150000B6F00C4607D504F147032360236101236361E8
S3150000B70002B070BD01AB6A46FFF7C8FF0099054657
S3150000B7103046FFF765FA48B9B4F90C309A05EFD40C
S3150000B72023F0030343F00203A381E3E70D4BB36267
S3150000B730A389206043F080032061A381009B63619D
S3150000B740019B5BB1B4F90E10304600F087F828B1C2
S3150000B750A38923F0030343F00103A381A0890543D2
S3150000B760A581CDE771980000884210B501EB02046F
S3150000B77002D98442234607D8431EA14208D011F8B5
S3150000B780012B03F8012FF8E7024401468A4200D153
S3150000B79010BD13F8014D02F8014DF7E70148FEF719
S3150000B7A0ACBC00BF940B00200148FEF7A7BC00BF4D
S3150000B7B0940B00202DE9F041804614460E4621B92F
S3150000B7C01146BDE8F041FFF70BBA2AB92546FFF747
S3150000B7D09BF92846BDE8F08100F050F88442074600
S3150000B7E002D8B4EB500F12D821464046FFF7F8F9BD
S3150000B7F005460028EDD0BC422246314628BF3A46CF
S3150000B800FBF798FB31464046FFF77EF9E1E7354600
S3150000B810DFE7FFFF38B50446064D0846114600220D
S3150000B8202A601A4600F040FF431C02D12B6803B180
S3150000B830236038BDA00B002038B50023064D044612
S3150000B840084611462B6000F017FF431C02D12B68F7
S3150000B85003B1236038BD00BFA00B002038B500231C
S3150000B860054D044608462B6000F00EFF431C02D12E
S3150000B8702B6803B1236038BDA00B002051F8043CAF
S3150000B880181F002BBCBF0B58C018704781F0004131
S3150000B89002E000BF83F0004330B54FEA41044FEAAF
S3150000B8A0430594EA050F08BF90EA020F1FBF54EA4A
S3150000B8B0000C55EA020C7FEA645C7FEA655C00F0E6
S3150000B8C0E2804FEA5454D4EB5555B8BF6D420CDDB7
S3150000B8D02C4480EA020281EA030382EA000083EA3A
S3150000B8E0010180EA020281EA0303362D88BF30BDDA
S3150000B8F011F0004F4FEA01314FF4801C4CEA113130
S3150000B90002D0404261EB410113F0004F4FEA03338E
S3150000B9104CEA133302D0524263EB430394EA050F19
S3150000B92000F0A780A4F10104D5F1200E0DDB02FA88
S3150000B9300EFC22FA05F2801841F1000103FA0EF21C
S3150000B940801843FA05F359410EE0A5F120050EF1E2
S3150000B950200E012A03FA0EFC28BF4CF0020C43FA13
S3150000B96005F3C01851EBE37101F0004507D54FF020
S3150000B970000EDCF1000C7EEB00006EEB0101B1F570
S3150000B980801F1BD3B1F5001F0CD349085FEA3000B6
S3150000B9904FEA3C0C04F101044FEA445212F5800FC1
S3150000B9A080F09A80BCF1004F08BF5FEA500C50F15E
S3150000B9B0000041EB045141EA050130BD5FEA4C0C41
S3150000B9C0404141EB0101013C28BFB1F5801FE9D29E
S3150000B9D091F0000F04BF01460020B1FA81F308BFC1
S3150000B9E02033A3F10B03B3F120020CDA0C3208DD8D
S3150000B9F002F1140CC2F10C0201FA0CF021FA02F168
S3150000BA000CE002F11402D8BFC2F1200C01FA02F1D7
S3150000BA1020FA0CFCDCBF41EA0C019040E41AA2BFFC
S3150000BA2001EB0451294330BD6FEA04041F3C1CDAC4
S3150000BA300C340EDC04F11404C4F1200220FA04F0E4
S3150000BA4001FA02F340EA030021FA04F345EA03018E
S3150000BA5030BDC4F10C04C4F1200220FA02F001FA50
S3150000BA6004F340EA0300294630BD21FA04F02946D2
S3150000BA7030BD94F0000F83F4801306BF81F480116B
S3150000BA800134013D4EE77FEA645C18BF7FEA655CDE
S3150000BA9029D094EA050F08BF90EA020F05D054EAB0
S3150000BAA0000C04BF1946104630BD91EA030F1EBFB5
S3150000BAB00021002030BD5FEA545C05D140004941B9
S3150000BAC028BF41F0004130BD14F580043CBF01F5AC
S3150000BAD0801130BD01F0004545F0FE4141F4700192
S3150000BAE04FF0000030BD7FEA645C1ABF194610466D
S3150000BAF07FEA655C1CBF0B46024650EA013406BF6E
S3150000BB0052EA033591EA030F41F4002130BD00BF2C
S3150000BB1090F0000F04BF0021704730B54FF48064E9
S3150000BB2004F132044FF000054FF0000150E700BF6A
S3150000BB3090F0000F04BF0021704730B54FF48064C9
S3150000BB4004F1320410F0004548BF40424FF00001B6
S3150000BB503EE700BF42004FEAE2014FEA31014FEAF9
S3150000BB6002701FBF12F07F4393F07F4F81F0605148
S3150000BB70704732F07F4208BF704793F07F4F04BF93
S3150000BB8041F40021704730B54FF4607401F0004570
S3150000BB9021F000411CE700BF50EA010208BF7047D0
S3150000BBA030B54FF000050AE050EA010208BF7047C1
S3150000BBB030B511F0004502D5404261EB41014FF42A
S3150000BBC0806404F132045FEA915C3FF4D8AE4FF032
S3150000BBD003025FEADC0C18BF03325FEADC0C18BF15
S3150000BBE0033202EBDC02C2F1200300FA03FC20FA66
S3150000BBF002F001FA03FE40EA0E0021FA02F11444B3
S3150000BC00BDE600BF70B54FF0FF0C4CF4E06C1CEACB
S3150000BC1011541DBF1CEA135594EA0C0F95EA0C0F3C
S3150000BC2000F0DEF82C4481EA030621EA4C5123EAAF
S3150000BC304C5350EA013518BF52EA033541F48011DE
S3150000BC4043F4801338D0A0FB02CE4FF00005E1FB91
S3150000BC5002E506F00042E0FB03E54FF00006E1FBDB
S3150000BC6003569CF0000F18BF4EF0010EA4F1FF041E
S3150000BC70B6F5007F64F5407404D25FEA4E0E6D415E
S3150000BC8046EB060642EAC62141EA55514FEAC5206F
S3150000BC9040EA5E504FEACE2EB4F1FD0C88BFBCF5EB
S3150000BCA0E06F1ED8BEF1004F08BF5FEA500E50F19C
S3150000BCB0000041EB045170BD06F0004646EA010162
S3150000BCC040EA020081EA0301B4EB5C04C2BFD4EB94
S3150000BCD00C0541EA045170BD41F480114FF0000E8D
S3150000BCE0013C00F3AB8014F1360FDEBF002001F0FB
S3150000BCF0004170BDC4F10004203C35DA0C341BDC75
S3150000BD0004F11404C4F1200500FA05F320FA04F046
S3150000BD1001FA05F240EA020001F0004221F000417A
S3150000BD2010EBD37021FA04F642EB06015EEA430EED
S3150000BD3008BF20EAD37070BDC4F10C04C4F120051D
S3150000BD4000FA04F320FA05F001FA04F240EA0200D0
S3150000BD5001F0004110EBD37041F100015EEA430EA1
S3150000BD6008BF20EAD37070BDC4F1200500FA05F2C1
S3150000BD704EEA020E20FA04F301FA05F243EA020340
S3150000BD8021FA04F001F0004121FA04F220EA02004F
S3150000BD9000EBD3705EEA430E08BF20EAD37070BD95
S3150000BDA094F0000F0FD101F00046400041EB010175
S3150000BDB011F4801F08BF013CF7D041EA060195F057
S3150000BDC0000F18BF704703F00046520043EB030311
S3150000BDD013F4801F08BF013DF7D043EA06037047FE
S3150000BDE094EA0C0F0CEA135518BF95EA0C0F0CD009
S3150000BDF050EA410618BF52EA4306D1D181EA03014F
S3150000BE0001F000414FF0000070BD50EA410606BF48
S3150000BE101046194652EA430619D094EA0C0F02D18D
S3150000BE2050EA013613D195EA0C0F05D152EA0336D2
S3150000BE301CBF104619460AD181EA030101F00041F0
S3150000BE4041F0FE4141F470014FF0000070BD41F039
S3150000BE50FE4141F4780170BD70B54FF0FF0C4CF413
S3150000BE60E06C1CEA11541DBF1CEA135594EA0C0F32
S3150000BE7095EA0C0F00F0A7F8A4EB050481EA030E7F
S3150000BE8052EA03354FEA013100F088804FEA033366
S3150000BE904FF0805545EA131343EA12634FEA022234
S3150000BEA045EA111545EA10654FEA00260EF00041F5
S3150000BEB09D4208BF964244F1FD0404F5407402D247
S3150000BEC05B084FEA3202B61A65EB03055B084FEAD8
S3150000BED032024FF480104FF4002CB6EB020E75EBD5
S3150000BEE0030E22BFB61A754640EA0C005B084FEAFD
S3150000BEF03202B6EB020E75EB030E22BFB61A75467A
S3150000BF0040EA5C005B084FEA3202B6EB020E75EBC4
S3150000BF10030E22BFB61A754640EA9C005B084FEA3C
S3150000BF203202B6EB020E75EB030E22BFB61A754649
S3150000BF3040EADC0055EA060E18D04FEA051545EA38
S3150000BF4016754FEA06164FEAC30343EA52734FEAE1
S3150000BF50C2025FEA1C1CC0D111F4801F0BD141EA5A
S3150000BF6000014FF000004FF0004CB6E711F4801FBF
S3150000BF7004BF01430020B4F1FD0C88BFBCF5E06F9F
S3150000BF803FF6AFAEB5EB030C04BFB6EB020C5FEAAF
S3150000BF90500C50F1000041EB045170BD0EF0004E04
S3150000BFA04EEA113114EB5C04C2BFD4EB0C0541EA36
S3150000BFB0045170BD41F480114FF0000E013C90E633
S3150000BFC045EA060E8DE60CEA135594EA0C0F08BFF7
S3150000BFD095EA0C0F3FF43BAF94EA0C0F0AD150EAF6
S3150000BFE001347FF434AF95EA0C0F7FF425AF104689
S3150000BFF019462CE795EA0C0F06D152EA03353FF4B1
S3150000C000FDAE1046194622E750EA410618BF52EA2D
S3150000C01043067FF4C5AE50EA41047FF40DAF52EA01
S3150000C02043057FF4EBAE12E74FF0FF3C06E000BF9E
S3150000C0304FF0010C02E000BF4FF0010C4DF804CDAB
S3150000C0404FEA410C7FEA6C5C4FEA430C18BF7FEA6B
S3150000C0506C5C1BD001B050EA410C0CBF52EA430C99
S3150000C06091EA030F02BF90EA020F0020704710F119
S3150000C070000F91EA030F58BF994208BF90422CBFA8
S3150000C080D8176FEAE37040F0010070474FEA410CA1
S3150000C0907FEA6C5C02D150EA013C07D14FEA430CBF
S3150000C0A07FEA6C5CD6D152EA033CD3D05DF8040B30
S3150000C0B0704700BF8446104662468C461946634662
S3150000C0C000E000BF01B5FFF7B7FF002848BF10F139
S3150000C0D0000F01BD4DF808EDFFF7F4FF0CBF01207E
S3150000C0E000205DF808FB00BF4DF808EDFFF7EAFFFA
S3150000C0F034BF012000205DF808FB00BF4DF808EDB5
S3150000C100FFF7E0FF94BF012000205DF808FB00BFA9
S3150000C1104DF808EDFFF7CEFF94BF012000205DF833
S3150000C12008FB00BF4DF808EDFFF7C4FF34BF012040
S3150000C13000205DF808FB00BF4FEA410C7FEA6C5C0B
S3150000C14002D150EA013C0AD14FEA430C7FEA6C5C0B
S3150000C15002D152EA033C02D14FF0000070474FF083
S3150000C160010070474FEA410212F5001215D211D5AF
S3150000C1706FF47873B3EB625212D94FEAC12343F0DE
S3150000C180004343EA505311F0004F23FA02F018BF60
S3150000C190404270474FF00000704750EA013005D129
S3150000C1A011F0004008BF6FF0004070474FF00000EC
S3150000C1B0704700BF4A0011D212F5001211D20DD5F8
S3150000C1C06FF47873B3EB62520ED44FEAC12343F097
S3150000C1D0004343EA505323FA02F070474FF0000041
S3150000C1E0704750EA013002D14FF0FF3070474FF0F0
S3150000C1F0000070474FEA4102B2F1E04324BFB3F5B5
S3150000C200001CDCF1FE5C0DD901F0004C4FEAC002C7
S3150000C2104CEA5070B2F1004F40EB830008BF20F0AB
S3150000C2200100704711F0804F21D113F13872BCBF65
S3150000C23001F00040704741F480114FEA5252C2F1BA
S3150000C2401802C2F1200C10FA0CF320FA02F018BF03
S3150000C25040F001004FEAC1234FEAD32303FA0CFC56
S3150000C26040EA0C0023FA02F34FEA4303CCE77FEAE5
S3150000C270625307D150EA01331EBF4FF0FE4040F42F
S3150000C2804000704701F0004040F0FE4040F40000DE
S3150000C290704700BF38B50022002304460D46FFF75D
S3150000C2A023FF28B920462946BDE8384000F00AB8E1
S3150000C2B0204605F1004100F005F8404261EB4101DE
S3150000C2C038BD00BFD0B500220B4B06460F46FFF720
S3150000C2D099FCFFF76FFF0446FFF71AFC0022074B95
S3150000C2E0FFF790FC02460B4630463946FFF7D2FA76
S3150000C2F0FFF760FF2146D0BD0000F03D0000F04191
S3150000C30000F022B808B52DED028BB0EE408A00F0A1
S3150000C310C7F8B4EE488AF1EE10FA06D6DFED098AC0
S3150000C320B4EEE88AF1EE10FA02D4BDEC028B08BD39
S3150000C330FAF7FAFD88EEA80A21230360BDEC028B0A
S3150000C34008BD00BF0000000010EE903A30B523F0A3
S3150000C350004583B0B5F1FF4F8DED010A01982CDC45
S3150000C36020F00041B1F1FF4F27DCB3F17E5F38D0FA
S3150000C3709C1704F0020444EAD07451B9022C2DD063
S3150000C3809FED3E0A032CDDED017A00FE270A03B07D
S3150000C39030BDD5B1B5F1FF4F28D0B1F1FF4F14D064
S3150000C3A0491BB1F1F45F4FEAE1502CDA002B43DA76
S3150000C3B03C3041DA9FED320A27E007EE903A9DEDD8
S3150000C3C0017A37EE870A03B030BDDFED2E7A0028FA
S3150000C3D09FED2D0A20FE270A03B030BD9FED2B0AE4
S3150000C3E0D5E703B0BDE8304000F05EB8B1F1FF4FCD
S3150000C3F004F1FF3418D0022C39D8254B03EB840402
S3150000C40094ED000AC3E79FED200A012C28D0022CE8
S3150000C4101DD0002CBBD09FED1F7ADFED1C7A30EECD
S3150000C420070A30EE670AB2E7022C23D81A4B03EB51
S3150000C430840494ED000AAAE7DDED017A07EE103ACE
S3150000C44087EE870A00F008F900F02EF8DDE79FED89
S3150000C450117ADFED0E7A30EE070A37EEC00A96E75C
S3150000C46010EE103A03F1004300EE103A8FE79FED0D
S3150000C470040A8CE79FED090A89E700BFDB0F49C074
S3150000C48000000000DB0FC9BFDB0FC93FDB0F4940CF
S3150000C490E4D300002EBDBB33D8D30000DB0F493FE9
S3150000C4A0B1EEC00A704700BF38B510EE105AF0EE74
S3150000C4B0407A25F00044B4F1A14F0ADBB4F1FF4FF6
S3150000C4C05ADCDFED527A002D9FED510A37FE800AC5
S3150000C4D038BD504B9C425EDCB4F1445F4FDB4FF0FD
S3150000C4E0FF3367EEA76ADFED4C1A9FED4C2A5A1C04
S3150000C4F0DFED4B5A26EEA67A9FED4A3ADFED4A2A41
S3150000C500B0EE666A9FED494AA7EE212ADFED483A6A
S3150000C510E7EE252A9FED475ADFED474ADFED476AEA
S3150000C520DFED475AA2EE073AE2EE873AA3EE074A54
S3150000C530E3EE874AA4EE075AE4EE875AE5EE076A69
S3150000C54025EE877A66EE866A3AD03E4976EE876AA7
S3150000C5503D4A002D01EB830102EB830391ED000AB6
S3150000C56093ED007A96EEA70A70EE677A37EE670AC1
S3150000C570AEDAB1EE400A38BD30EE000A38BD9FEDA6
S3150000C580337AF7EE006A30EE077AB4EEE67AF1EE29
S3150000C59010FAA4DD38BD00F05FF82D4B9C4216DC86
S3150000C5A0A3F5D0039C4227DCF0EE007A0023BFEE11
S3150000C5B0007AA0EE277A30EE270AC7EE007A90E7D7
S3150000C5C076EE876AE6EEE77AB0EE670A38BD214B6B
S3150000C5D09C420BDCF7EE087A0223B7EE007AA0EE57
S3150000C5E0277A30EE670AC0EE077A7AE7BFEE007A5E
S3150000C5F00323C7EE007A74E7F7EE007A012330EEE4
S3150000C600677A30EE270AC7EE007A6AE7DB0FC93F82
S3150000C610DB0FC9BFFFFFDF3ED769853C59DA4B3DCB
S3150000C62021A215BD356B883D6BF16EBD6E2EBA3DF0
S3150000C63095879DBD2549123E388EE3BDABAAAA3E1D
S3150000C640CDCC4CBE00D40000F0D30000CAF2497134
S3150000C650FFFF973FFFFF1B4010EE103A23F0004309
S3150000C66000EE103A704700BF024B58224FF0FF30E1
S3150000C6701A607047A00B0020024B58224FF0FF3083
S3150000C6801A607047A00B0020024B582200201A6047
S3150000C690704700BFA00B0020024B58224FF0FF301E
S3150000C6A01A607047A00B0020024B58224FF0FF3053
S3150000C6B01A607047A00B00204275696C7420776978
S3150000C6C074682052656E6573617320416476616E8D
S3150000C6D063656420466C657869626C6520536F6695
S3150000C6E07477617265205061636B6167652076655A
S3150000C6F07273696F6E20342E352E3000342E352E2F
S3150000C7003000000000000504F8B500BFF8BC08BC06
S3150000C7109E467047F8B500BFF8BC08BC9E467047F9
S3150000C720A4C900000A0200008905002068C90000AB
S3150000C7300502000088050020696D755F74657374D5
S3150000C740206661696C65643A20737465703D256C7A
S3150000C75075206572723D25640D0A00FF49444C45FB
S3150000C7600000000043414C2C535445502C25752C99
S3150000C77025730D0A00FFFFFF43414C2C4F4B2C2520
S3150000C780752C25730D0A00FF4552520043414C2C6F
S3150000C7904552522C25732C25730D0A0043414C2C0F
S3150000C7A0444F4E450D0A00FF43414C2C535441540F
S3150000C7B0452C352C444F4E452C310D0A0000000007
S3150000C7C043414C2C53544154452C25752C25732C30
S3150000C7D0300D0A00504F53452C25752C25752C25F8
S3150000C7E0752C25752C25750D0A00FFFF43414C2C31
S3150000C7F0535441525400000043414C2C524553457A
S3150000C8005400000043414C2C4E4558540000000093
S3150000C81043414C2C53544154555300FF4F4B000099
S3150000C8205745414B00000000414D4249470000007A
S3150000C8304E4F44415441000054504F5345000000B0
S3150000C84048592B00485A2D00455A2B0057582B00A3
S3150000C850444F4E4500FFFFFF38C8000040C80000A7
S3150000C86044C8000048C800004CC800005CC700006F
S3150000C87050C800001CC8000020C8000028C80000DE
S3150000C88030C8000008080020F0C800005CCE000098
S3150000C890100800209CC8000018CE0000060C0A00F4
S3150000C8A003000000851200000000000000000000E8
S3150000C8B020080020BCC8000018CE0000080A0901A4
S3150000C8C003000000551200000000000000000000F8
S3150000C8D030080020DCC8000018CE0000090B0F014C
S3150000C8E0030000006D1200000000000000000000C0
S3150000C8F00000000000000000000000000000000032
S3150000C900FC00000000000000000000000000000025
S3150000C9100000000000000000000000000000FFFF13
S3150000C9204808002030C9000054C90000CCCE0000E1
S3150000C930000000000002DFDFFFFF00000000000033
S3150000C9400000000048C90000000102000001DFDF0E
S3150000C950FFFFFFFF040000000000000000000000D1
S3150000C96000000000000000186C08002074C90000D8
S3150000C970BCCD0000000506070806060606000101F4
S3150000C9800100000000000000000000008D0800000B
S3150000C9900000000098C90000010000000000000629
S3150000C9A0000000009C080020B0C90000F8CD00007F
S3150000C9B0020B0C0D0E07070707000101010000001E
S3150000C9C0A4CB0000BCCB0000A108000000000000C2
S3150000C9D0D4C90000030000FFC8080020E4C9000015
S3150000C9E02CCE00000200000080841E000000000023
S3150000C9F0F049020000FFDF00000000000000000018
S3150000CA0004CA000001000100000000000000000050
S3150000CA100000000000000000000000000000000010
S3150000CA20000000000000FFFFDFDF00000000000044
S3150000CA3000000000E808002040CA00002CCE0000DC
S3150000CA400200000024F40000050000004F12000060
S3150000CA5004FFDF00000000000000000060CA0000C4
S3150000CA6001000100000000000000000000000000BE
S3150000CA7000000000000000000000000000000000B0
S3150000CA800000FFFFDFDF00000000000000000000E4
S3150000CA90080900209CCA00002CCE000002000000FD
S3150000CAA024F40000050000004F12000005FFDF001F
S3150000CAB00000000000000000BCCA000001000100E8
S3150000CAC00000000000000000000000000000000060
S3150000CAD00000000000000000000000000000FFFF52
S3150000CAE0DFDF000000000000000000002809002031
S3150000CAF0F8CA00002CCE00000000000040420F00E3
S3150000CB000000000020A10700020B100061110000C8
S3150000CB100000000018CB000000000000000000002C
S3150000CB2000000000000000000000000000000000FF
S3150000CB3000000000000000000000FFFFDFDF000033
S3150000CB4000000000000000004809002054CB00004F
S3150000CB502CCE00000000000050C3000002000000C0
S3150000CB60A861000006FFDF000000000000000000D2
S3150000CB7074CB000000000000000000000000000070
S3150000CB80000000000000000000000000000000009F
S3150000CB90000000000000FFFFDFDF000000000000D3
S3150000CBA00000000068090020B0CB000078CE00002D
S3150000CBB0F8010020B8CB00000CFFFFFF7009002031
S3150000CBC0C8CB000078CE000008020020D0CB0000C1
S3150000CBD00BFFFFFF78090020E0CB00009CCE000091
S3150000CBE018020020E8CB000000040A000000000044
S3150000CBF010006001510500000000000084090020BB
S3150000CC0008CC0000D4CD0000070200000C000C0187
S3150000CC100C020C030000000000000000C907000021
S3150000CC200000000028CC00000001000028020020BF
S3150000CC300F00FFFF00000000FFFF000017000000CC
S3150000CC4044CC00000040000000000000008000000E
S3150000CC5002000000000001000801000000000104BD
S3150000CC600B010000000001040C010000000001049B
S3150000CC700D0100000000010602020000000001068E
S3150000CC800302000000000106040200000500000087
S3150000CC9005020000050000000A0200000000010075
S3150000CCA0000300000000010301030000000001036F
S3150000CCB00203000004000000000400000040000021
S3150000CCC00E040000004000000F04000000000103F5
S3150000CCD00B050000000001030C0500000000010523
S3150000CCE00D060000000001050E060000000001030D
S3150000CCF0000700000000010301070000AA01AB01C4
S3150000CD00AC01AD012000C401C501C801C70109007D
S3150000CD1007008C018D018E018F010A00D800E10009
S3150000CD2000000000000000000000000000000000FD
S3150000CD3000000000000000000000000000000000ED
S3150000CD4000000000000000000000000000000000DD
S3150000CD5000000000000000000000000000000000CD
S3150000CD6000000000000000000000000000000000BD
S3150000CD7000000000000000000000000000000000AD
S3150000CD80000000000000000000000000000000009D
S3150000CD90000000000000000000000000000000008D
S3150000CDA0000000000000000000000000000000007D
S3150000CDB0000000000000000000000000D13C000060
S3150000CDC08D3C0000A93C0000C13C00001D3A00005B
S3150000CDD02D3A000069450000194400002544000072
S3150000CDE07D440000C9440000D54400006D440000A5
S3150000CDF04D43000011450000D14B0000E54F0000F7
S3150000CE00F14F0000F94F0000AD4A0000BD4A000096
S3150000CE10020403040404FFFF45530000C953000045
S3150000CE200D5400003D54000049540000D557000041
S3150000CE30195500000D55000025550000315500001C
S3150000CE406155000079550000B156000009560000F2
S3150000CE50A9550000BD550000095A0000395B0000C5
S3150000CE60895B00009D5B0000B55B0000C55B0000B0
S3150000CE70D55B0000E55B0000615D0000155E00000B
S3150000CE80F15B00008D5C0000AD5C0000855C00007D
S3150000CE90895C0000CD5C00002D5D0000056100008E
S3150000CEA05561000099610000B15E000069610000F3
S3150000CEB0915E0000A55E0000BD5E0000F15E000010
S3150000CEC00A0900000A0900003F0B00000D6300007C
S3150000CED08964000049620000556200005962000042
S3150000CEE0656200007562000085620000A1620000B4
S3150000CEF0A562000039620000616600001964000046
S3150000CF00010002000800100030020020494E4600D1
S3150000CF10696E66004E414E006E616E003000303123
S3150000CF20323334353637383941424344454600308A
S3150000CF3031323334353637383961626364656600B9
S3150000CF4065256C6400FFFFFF35000000CEFBFFFF88
S3150000CF50CB030000010000000000000034000000C8
S3150000CF60CEFBFFFFCB030000010000000000000025
S3150000CF70BC89D897B2D29C3C33A7A8D523F64939A9
S3150000CF803DA7F444FD0FA5329D978CCF08BA5B25CB
S3150000CF90436FAC6428066811002020202020202042
S3150000CFA02020282828282820202020202020202053
S3150000CFB02020202020202020208810101010101063
S3150000CFC010101010101010101004040404040404AF
S3150000CFD00404041010101010101041414141414149
S3150000CFE0010101010101010101010101010101012B
S3150000CFF0010101011010101010104242424242423B
S3150000D00002020202020202020202020202020202FA
S3150000D01002020202101010102000000000000000A2
S3150000D02000000000000000000000000000000000FA
S3150000D03000000000000000000000000000000000EA
S3150000D04000000000000000000000000000000000DA
S3150000D05000000000000000000000000000000000CA
S3150000D06000000000000000000000000000000000BA
S3150000D07000000000000000000000000000000000AA
S3150000D080000000000000000000000000000000009A
S3150000D090000000000000000000496E66696E6974B9
S3150000D0A079004E614E005245454E54206D616C6CC0
S3150000D0B06F6320737563636565646564002F6D6EC9
S3150000D0C0742F776F726B73706163652F776F726BF6
S3150000D0D073706163652F4743432D31302D7069703E
S3150000D0E0656C696E652F6A656E6B696E732D474355
S3150000D0F0432D31302D706970656C696E652D333343
S3150000D100385F32303231313031385F313633343591
S3150000D11031363230332F7372632F6E65776C6962E6
S3150000D1202F6E65776C69622F6C6962632F73746406
S3150000D1306C69622F64746F612E630042616C6C6F60
S3150000D14063207375636365656465640000000000B1
S3150000D15000000000000000000000000000000000C9
S3150000D16000000000000000000000000000000000B9
S3150000D17000000000000000000000000000000000A9
S3150000D1800000000000000000000000000000000099
S3150000D1900000000000000000000000000000000089
S3150000D1A00000000000000000000000002F6D6E74FB
S3150000D1B02F776F726B73706163652F776F726B7306
S3150000D1C0706163652F4743432D31302D706970655B
S3150000D1D06C696E652F6A656E6B696E732D47434386
S3150000D1E02D31302D706970656C696E652D3333385D
S3150000D1F05F32303231313031385F313633343531A8
S3150000D200363230332F7372632F6E65776C69622FF7
S3150000D2106E65776C69622F6C6962632F7374646CD8
S3150000D22069622F6764746F612D6765746865782E0F
S3150000D23063002E0032D20000C9D300009002002005
S3150000D2404300504F534958002F6D6E742F776F72FD
S3150000D2506B73706163652F776F726B737061636553
S3150000D2602F4743432D31302D706970656C696E65AB
S3150000D2702F6A656E6B696E732D4743432D31302DD2
S3150000D280706970656C696E652D3333385F32303284
S3150000D29031313031385F313633343531363230332F
S3150000D2A02F7372632F6E65776C69622F6E65776C6C
S3150000D2B069622F6C6962632F7374646C69622F6D87
S3150000D2C0707265632E6300FF0080E03779C34143C7
S3150000D2D0176E05B5B5B89346F5F93FE9034F384DD6
S3150000D2E0321D30F94877825A3CBF737FDD4F157582
S3150000D2F0000000000000F03F000000000000244095
S3150000D30000000000000059400000000000408F406F
S3150000D310000000000088C34000000000006AF840DA
S3150000D3200000000080842E4100000000D0126341FE
S3150000D3300000000084D797410000000065CDCD4174
S3150000D340000000205FA00242000000E87648374255
S3150000D350000000A2941A6D42000040E59C30A242F3
S3150000D3600000901EC4BCD64200003426F56B0C4368
S3150000D3700080E03779C3414300A0D885573476430F
S3150000D38000C84E676DC1AB43003D9160E458E14370
S3150000D390408CB5781DAF154450EFE2D6E41A4B44E5
S3150000D3A092D54D06CFF08044F64AE1C7022DB5442A
S3150000D3B0B49DD9794378EA440500000019000000BD
S3150000D3C07D000000232D302B2000686C4C00656624
S3150000D3D06745464700FFFFFFDB0F49BFE4CB16401A
S3150000D3E0E4CB16C000000080DB0F4940DB0F49C0CC
S3150000D3F03863ED3EDA0F493F5E987B3FDA0FC93F4F
S3150000D4006937AC3168212233B40F14336821A23353
S3090000D4100000000012
S30D0000D4142498FF7F01000000CF
S3150000D41C0000F0410000F041CDCCCC3DD8C9000055
S3150000D42C000000000000344300003443CDCCCC3D5A
S3150000D43CD8C9000001000000000020430000204372
S3150000D44CCDCCCC3D34CA00000000000000001643D1
S3150000D45C00001643CDCCCC3D34CA000001000000C0
S3150000D46C0000B4420000B442CDCCCC3D90CA0000C2
S3150000D47C000000000000F0420000F042CDCCCC3D94
S3150000D48C90CA000001000000000010080000000017
S3150000D49C0000000000000000000008000000000072
S3150000D4AC0000000000000000000014D8B000174077
S3150000D4BC0000000001000100400035003002002091
S3150000D4CC000000006CD100008CD100004CD1000093
S3150000D4DC000000000000000000000000000000003A
S3150000D4EC000000000000000000000000000000002A
S3150000D4FC000000000000000000000000000000001A
S3150000D50C0000000000000000000000000000000009
S3150000D51C00000000000000000000000000000000F9
S3150000D52CFF000000430000000000000000000000A7
S3150000D53C00000000000000000000000000000000D9
S3150000D54C0000000043000000000000000000000086
S3150000D55C00000000000000000000000000000000B9
S3150000D56C0000000043000000000000000000000066
S3150000D57C0000000000000000000000000000000099
S3150000D58C0000000043000000000000000000000046
S3150000D59C0000000000000000000000000000000079
S3150000D5AC0000000043000000000000000000000026
S3150000D5BC0000000000000000000000000000000059
S3150000D5CC0000000043000000000000000000000006
S3150000D5DC0000000000000000000000000000000039
S3150000D5EC00000000430000000000000000000000E6
S3150000D5FC0000000000000000000000000000000019
S3150000D60C00000000BDB3000011A1000000000000E6
S3150000D61C98CF000032D20000C9D30000C9D3000055
S3150000D62CC9D30000C9D30000C9D30000C9D3000078
S3150000D63CC9D30000C9D30000C9D30000FFFFFFFF08
S3150000D64CFFFFFFFFFFFFFFFFFFFF0000010041533D
S3150000D65C43494900000000000000000000000000E3
S3150000D66C0000000000000000000000000000415314
S3150000D67C43494900000000000000000000000000C3
S3150000D68C0000000000000000000000000000000088
S30D0000D69C250200000102000056
S3150100A100FFFFFFFFFFFFFFFFFFFFFFFFFFFFFFFF58
S3090100A110FFFFFFFF48
S3090100A134FFFFFFFF24
S3150100A200FFFDFFFFFFFFFFFFFFFFFFFFFFFFFFFF59
S3150100A210FFFFFFFFFFFFFFFFFFFFFFFFFFFFFFFF47
S3150100A220FFFFFFFFFFFFFFFFFFFFFFFFFFFFFFFF37
S3150100A230FFFFFFFFFFFFFFFFFFFFFFFFFFFFFFFF27
S3150100A240FFFFFFFFFFFFFFFFFFFFFFFFFFFFFFFF17
S3150100A250FFFFFFFFFFFFFFFFFFFFFFFFFFFFFFFF07
S3150100A260FFFFFFFFFFFFFFFFFFFFFFFFFFFFFFFFF7
S3150100A270FFFFFFFFFFFFFFFFFFFFFFFFFFFFFFFFE7
S3150100A280F8F8FFFFFFFFFFFFFFFFFFFFFFFFFFFFE5
S3150100A290FFFFFFFFFFFFFFFFFFFFFFFFFFFFFFFFC7
S3150100A2A0FFFFFFFFFFFFFFFFFFFFFFFFFFFFFFFFB7
S3150100A2B0FFFFFFFFFFFFFFFFFFFFFFFFFFFFFFFFA7
S3150100A2C0FFFFFFFFFFFFFFFFFFFFFFFFFFFFFFFF97
S70500006B3956
