S00E0000494D555F56372E737265633F
S31500000000A83A0020955A0000C1580000915A0000F5
S31500000010915A0000915A0000915A0000915A00002E
S31500000020000000000000000000000000915A0000DF
S31500000030915A000000000000915A0000915A0000F9
S3150000004035420000A5410000C54200000D430000F6
S31500000050D138000075390000593A00003D3B0000D8
S31500000060714D0000714D000045490000D548000063
S31500000070BD490000FD490000714D0000815300009C
S315000000808153000000000000000000000000000096
S31500000090000000000000000000000000000000005A
S315000000A0000000000000000000000000000000004A
S315000000B0000000000000000000000000000000003A
S315000000C0000000000000000000000000000000002A
S315000000D0000000000000000000000000000000001A
S315000000E0000000000000000000000000000000000A
S315000000F000000000000000000000000000000000FA
S3150000010000000000000000000000000000000000E9
S3150000011000000000000000000000000000000000D9
S3150000012000000000000000000000000000000000C9
S3150000013000000000000000000000000000000000B9
S3150000014000000000000000000000000000000000A9
S315000001500000000000000000000000000000000099
S315000001600000000000000000000000000000000089
S315000001700000000000000000000000000000000079
S315000001800000000000000000000000000000000069
S315000001900000000000000000000000000000000059
S315000001A00000000000000000000000000000000049
S315000001B00000000000000000000000000000000039
S315000001C0FFFFFFFFFFFFFFFFFFFFFFFFFFFFFFFF39
S315000001D0FFFFFFFFFFFFFFFFFFFFFFFFFFFFFFFF29
S315000001E0FFFFFFFFFFFFFFFFFFFFFFFFFFFFFFFF19
S315000001F0FFFFFFFFFFFFFFFFFFFFFFFFFFFFFFFF09
S3150000020010B5054C237833B9044B13B1044800E00C
S3150000021000BF0123237010BD180400200000000059
S31500000220E0C1000008B5034B1BB10349034800E0D9
S3150000023000BF08BD000000001C040020E0C1000053
S3150000024010B52DED028B84B048B9F2EE047AB4EE07
S31500000250E70AF1EE10FA3AD5B0EE678A0CE0B5EE91
S31500000260C00AF1EE10FA3BD4DFED1F7AB4EE670A4E
S31500000270F1EE10FA37FE808A1C4C00EB800004EB8E
S315000002808004E36801A9186804F02AFEDDED037A0C
S31500000290DFED155AB8EE677A9FED156AC8EE257A36
S315000002A0DFED146A67EE867A77EEA67A67EE877ACE
S315000002B0FCEEE77AE36817EE901A227C186804F0E1
S315000002C063FE84ED008A04B0BDEC028B10BDDFED49
S315000002D00A7AB4EE670AF1EE10FA37FE808ACBE7A7
S315000002E09FED068AC8E700BF000034438001002066
S315000002F0CDCCCC3DCDCCCC3C0000B44200000000BF
S3150000030038B5154BD3E90041204604F0CFFE204610
S3150000031004F06EFD114BD3E90041204604F0C6FE01
S31500000320204604F065FD0E4B0024D3E90051284613
S3150000033004F0BCFE284604F05BFD0A4D2B46204621
S31500000340013493ED000AE4B2FFF77AFF062C05F1BB
S315000003501405F3D138BD00BFACB8000008B90000E1
S3150000036064B9000080010020052815D8B5EEC00A42
S31500000370F1EE10FA11D4DFED0A7AB4EE670AF1EE67
S3150000038010FA37FE800A074B00EB800003EB800073
S3150000039080ED010AC0ED020A70479FED030AF2E7FD
S315000003A000008743800100200000000038B50024CB
S315000003B01B4D0AE037EE870A2046FFF741FF01345E
S315000003C0E4B2062C05F1140528D0D5ED007A95ED9A
S315000003D0010AF4EE407AF1EE10FAF0D095ED027AC9
S315000003E070EE676AB1EE476AB4EEE66AF1EE10FAAD
S315000003F004D5B4EEE67AF1EE10FADDDCF5EEC06A6D
S31500000400F1EE10FAD6DC2046013437EEC70AE4B224
S31500000410FFF716FF062C05F11405D6D138BD00BF2F
S315000004208001002070B5104D2B780BB1002070BDF7
S315000004300E4903F0FF040E4B0C804FF480722146E8
S315000004400C481C8005F031FD0B4B0C489A680C4992
S3150000045004605668186801220C70B0470028E6D17F
S3150000046001232B7070BD00BF400500203C04002016
S3150000047042050020400400204CBA00003804002049
S3150000048034040020F0B5064600283FD001293DD9A6
S315000004902A4A2B4C138820889BB280B298420CD0F3
S315000004A0284F06E00D2808D02088EBB280B298428B
S315000004B003D0F85C5D1C0A28F4D1208880B29842EB
S315000004C024D04FF0010E1F4D701E0EF1FF3711E0C4
S315000004D0B2F800C013881FFA8CFC15F80CC0013363
S315000004E0DBB2BCF10A0F13800CD0BCF10D0F14D097
S315000004F071450DD8B2F800C023881FFA8CFC9BB258
S315000005009C45E5D10023F3550120F0BD0020F0BD48
S3150000051000F801CF0EF1010ED7E71188238889B2C2
S315000005209BB29942EED013889BB2EB5C0A2BE9D1C1
S3150000053013880133DBB21380E4E700BF42050020D5
S315000005403C04002040040020034A1368002BFCD022
S3150000055000231360704700BF440500200379012B78
S3150000056006D0022B03D10122124B1A607047704746
S3150000057010B4114B1148124C1978038822880133A4
S31500000580DBB292B29342C9B203D122880132D2B20F
S31500000590228002880B4C92B2A15401220A490380A0
S315000005A00A4C8B68086822605B6803495DF8044B57
S315000005B0184700BF44050020340400203C040020F6
S315000005C042050020400400204CBA000038040020F8
S315000005D010B50A4B82B0996801908C6801221868A0
S315000005E001A9A04700B100BE054A1368002BFCD044
S315000005F000230198136002B010BD00BF4CBA000082
S315000006004405002070B5161E07DD0C468D1914F939
S31500000610010BFFF7DDFFA542F9D1304670BD00BFE3
S3150000062020B10379012B04BF014A1370704700BF44
S315000006305005002020B10379012B04BF014A137035
S31500000640704700BF5105002008B5064800F05EF966
S3150000065038B9DFF820C0044A0449054BC1F800C088
S315000006601A6008BD84B600000000FA3C4805002068
S315000006704C0500200000FA3D08B5064800F046F992
S3150000068038B9DFF820C0044A0449054BC1F800C058
S315000006901A6008BD78B600000000FA3C4805002044
S315000006A04C0500200000FA3DF0B50026054687B04F
S315000006B00C4617463A4804AB02AA0DF10601ADF8FE
S315000006C0146002960496ADF80660ADF80C6000F072
S315000006D037FA45B3334BBDF90820D3ED005ABDF9BF
S315000006E00A3006EE902A07EE103ABDF90C30F8EE05
S315000006F0E66A07EE903AB8EEC77AF8EEE77A9FED2B
S315000007002A6A27EE257A66EEA56A67EEA57AC6EE10
S31500000710865AC7EE066A87EE867AC5ED005AC5ED9B
S31500000720016A85ED027A44B3204BBDF91020D3ED62
S31500000730005A06EE902ABDF91430BDF9122007EED4
S31500000740903A07EE102AF8EEE66AB8EEC77AF8EEA7
S31500000750E77A9FED176A66EEA56A27EE257A67EEB9
S31500000760A57A66EE866A27EE067A67EE867AC4ED85
S31500000770006A84ED017AC4ED027A7FB1BDF90630D4
S315000007809FED0C6A07EE103AB8EEC77AF3EE096AE7
S31500000790C7EE067A77EEA67AC7ED007A07B0F0BD07
S315000007A084B600004805002000007A444C0500206D
S315000007B035FA8E3CE17A0443F0B50026054687B04B
S315000007C00C4617463A4804AB02AA0DF10601ADF8ED
S315000007D0146002960496ADF80660ADF80C6000F061
S315000007E0AFF945B3334BBDF90820D3ED005ABDF937
S315000007F00A3006EE902A07EE103ABDF90C30F8EEF4
S31500000800E66A07EE903AB8EEC77AF8EEE77A9FED19
S315000008102A6A27EE257A66EEA56A67EEA57AC6EEFF
S31500000820865AC7EE066A87EE867AC5ED005AC5ED8A
S31500000830016A85ED027A44B3204BBDF91020D3ED51
S31500000840005A06EE902ABDF91430BDF9122007EEC3
S31500000850903A07EE102AF8EEE66AB8EEC77AF8EE96
S31500000860E77A9FED176A66EEA56A27EE257A67EEA8
S31500000870A57A66EE866A27EE067A67EE867AC4ED74
S31500000880006A84ED017AC4ED027A7FB1BDF90630C3
S315000008909FED0C6A07EE103AB8EEC77AF3EE096AD6
S315000008A0C7EE067A77EEA67AC7ED007A07B0F0BDF6
S315000008B078B600004805002000007A444C05002068
S315000008C035FA8E3CE17A044370B5002504460726C6
S315000008D0806882B0057025682868AD680096ED6866
S315000008E0A84760B9A1680B784BB9074B00E043B144
S315000008F00A78013B002AFAD0002B08BF142002B068
S3150000090070BD1420FBE700BFA0860100F0B50368A8
S315000009100546D3E9011283B012681868904728B1DA
S315000009200E28044602D0204603B0F0BD00227623EE
S31500000930A98882488DF800308DF80120ADF8042092
S3150000094004F094F8694601AA02232846FFF7BCFF83
S3150000095004460122A988794804F088F8002CE2D1DF
S31500000960112301262246A9887448ADF804408DF863
S3150000097000308DF8016004F079F8694601AA022377
S315000009802846FFF7A1FF04463246A9886B4804F0C3
S315000009906DF8002CC7D14FF47A710A2004F05CFF81
S315000009A0F5238DF80030FF232246A9886348ADF869
S315000009B004408DF8013004F059F8694601AA022373
S315000009C02846FFF781FF04463246A9885B4804F0B3
S315000009D04DF8002CA7D19DF80530472B40F0AB8091
S315000009E014238DF8003003232246A9885348ADF816
S315000009F004408DF8013004F039F8694601AA022353
S31500000A002846FFF761FF04463246A9884B4804F0A2
S31500000A102DF8002C87D164232246A98847488DF8F3
S31500000A200140ADF804408DF8003004F01FF8694627
S31500000A3001AA02232846FFF747FF04463246A98843
S31500000A403E4804F013F8002C7FF46DAF65238DF853
S31500000A50003008232246A9883848ADF804408DF8AE
S31500000A60013004F003F8694601AA02232846FFF77D
S31500000A702BFF04463246A988304803F0F7FF002CC6
S31500000A807FF451AF50234F272246A9882B48ADF853
S31500000A9004408DF800308DF8017003F0E7FF6946D9
S31500000AA001AA02232846FFF70FFF04463246A9880B
S31500000AB0224803F0DBFF002C7FF435AF2F232246BC
S31500000AC0A9881E48ADF804408DF801308DF80070F5
S31500000AD003F0CCFF694601AA02232846FFF7F4FE7D
S31500000AE004463246A988154803F0C0FF002C7FF45F
S31500000AF01AAF4E238DF800300F232246A9880F48DF
S31500000B00ADF804408DF8013003F0B0FF694601AA44
S31500000B1002232846FFF7D8FE04463246A98807482E
S31500000B2003F0A4FF002C7FF4FEAE4FF47A710A2086
S31500000B3004F092FEF7E62224F5E600BF90070020B7
S31500000B402DE9F041002407469D254FF0FF3C94B067
S31500000B508DF8105088461546B988224635480794C0
S31500000B601E46CDF811C0CDF815C0CDF819C0ADF8A8
S31500000B701DC0CDE90C44CDE90844CDE90A44CDE9D0
S31500000B800E44CDE91044CDE9124403F06FFF0F2364
S31500000B90384604A90CAAFFF797FE0346B9881F46F4
S31500000BA00122244803F062FF87BB6B46DDF839203B
S31500000BB0DDF83100DDF8351007C3BDF83D201A8099
S31500000BC0B8F1000F04D0BDF800305BBAA8F80030C9
S31500000BD05DB1BDF80430BDF802205BBA6B80BDF88C
S31500000BE0063052BA5BBA2A80AB805EB1BDF80810F7
S31500000BF0BDF80A20BDF80C3049BA52BA5BBA31804A
S31500000C007280B380384614B0BDE8F081B8F1000FA9
S31500000C1001D0A8F800401DB100232B806B80AB806B
S31500000C20002EEFD00023384633807380B38014B093
S31500000C30BDE8F0819007002010B5FFF761FB054B7A
S31500000C40D3E90041204604F031FA2046BDE81040C1
S31500000C5004F0CEB8C0B90000DFED957AB4EEE70A2D
S31500000C60F1EE10FA08B52DED048B00F107819FED2A
S31500000C70917AB4EEC70AF1EE10FA00F3B08030EEC6
S31500000C80270AF5EEC00AF1EE10FA00F1B080DFEDAA
S31500000C90897A9FED877AF4EE670AF1EE10FAB4EEE0
S31500000CA0C71A77FEA00AF1EE10FA00F1AA80DFED6E
S31500000CB0817AB4EEE71AF1EE10FA00F3E780DFED81
S31500000CC07E7A77EEC18A78EE878A9FED799AF4EE7E
S31500000CD0C91AF1EE10FA00F19E80DFED767AF4EE95
S31500000CE0E71AF1EE10FA03DC77EEE11A31EE899A93
S31500000CF0B5EEC00AF1EE10FA00F19580DFED6D7ADF
S31500000D00B4EE670AF1EE10FA37FE800ADFED687A74
S31500000D10F4EEE70AF1EE10FA00F18F809FED657AA6
S31500000D20F4EEC70AF1EE10FA00F3AB80DFED636A6A
S31500000D30F4EEE60AF1EE10FA40F2928070EEE60A60
S31500000D40DFED5D6A70EEA60A70EEA79AF4EEE79AFA
S31500000D50F1EE10FA40F1A480B2EE048AF0EE679A42
S31500000D60F5EEC08AF1EE10FA70D4DFED527AF4EEA9
S31500000D70678AF1EE10FAB5EEC09A77FEA88AF1EE10
S31500000D8010FA6AD4DFED4B7AB4EE679AF1EE10FAF8
S31500000D9037FE899AF6EE000A0520FFF7E5FAB0EE6F
S31500000DA0480AF6EE000A0420FFF7DEFAB0EE690AFA
S31500000DB0F6EE000A0320FFF7D7FAB0EE680AF6EE61
S31500000DC0000A0220FFF7D0FAB0EE490ABDEC048B08
S31500000DD0BDE80840F6EE000A0120FFF7C5BAF5EEB9
S31500000DE0C00AF1EE10FAB0EE470A7FF550AF9FED5C
S31500000DF0307AB4EEC71AF1EE10FADFED2D0A7FF560
S31500000E0056AF9FED2B9AF4EEC91AF1EE10FADFED0C
S31500000E102A8A7FF562AFB5EEC00AF1EE10FA9FEDB1
S31500000E20259A7FF56BAFDFED227AF4EEE70AF1EE55
S31500000E3010FA9FED1F0A7FF571AF9FED1F8AF5EE41
S31500000E40C08AF1EE10FADFED1C9A8ED5B5EEC09A87
S31500000E50F1EE10FADFED168A94D59FED159A99E713
S31500000E60DFED159A79EEE00A30EEA78AB5EEC08A74
S31500000E70F1EE10FA0DD5B0EE678A71E7B0EE670AAB
S31500000E80FFE6B2EE048AF0EE479A69E7DFED0C8AD8
S31500000E901BE7B4EE478AF1EE10FA37FE088ACEE772
S31500000EA0F4EEC79AF1EE10FAB2EE048AEBDC57E7DD
S31500000EB000000000000034430000B4420000A042DD
S31500000EC00000B4C2A8B1C38801EE903A8388F8EE58
S31500000ED0611A01EE103A4388B8EE411A00EE903AD4
S31500000EE00388F8EE600A00EE103AB8EE400AFFF703
S31500000EF0B3BE7047FFF75ABA08B50A4BC3F8FC01F0
S31500000F00C3F8001293F804322BB94FF47A716420B7
S31500000F1004F0A2FCF9E70A460146034805F04CFE38
S31500000F20F3E700BF5805002090B60000274B30B409
S31500000F3093F8E01161B193F8E121254DD3F8D8413A
S31500000F4005FB02F2041B944226D3002283F8E0211B
S31500000F5093F8DF219ABB93F8E2311D4C03FB04435F
S31500000F6003F5F42101F59071B0FBF1FC01FB1C00C7
S31500000F7083420BD9174A8309A2FB03239B0904FB6F
S31500000F801300154A90428CBF0022012230BC4FF458
S31500000F908061124803F06ABD0E4AA309A2FB03232F
S31500000FA09B0905FB13440C4A4FF48061944288BFA9
S31500000FB0002230BC98BF0122084803F057BD012229
S31500000FC030BC4FF48061054803F050BD5805002041
S31500000FD0400D0300632D3E059F860100900700200B
S31500000FE00846FFF7A3BF00BF10B14368082B00D027
S31500000FF070470249A1F5F47001F0CEBC400700200D
S3150000100010B14368092B00D070470249A1F5CC7096
S3150000101001F0C2BC4007002010B14368062B00D087
S3150000102070470122014B83F8DC21704758050020E8
S315000010302DE9F04F2DED028B9E4B9BB0D3E90112AB
S3150000104018681268904708B10E2819D101239A4CE6
S3150000105084F80432FFF7E6F918B101460A20FFF7D3
S315000010604BFF04F5F477384601F042FCFFF7ECFA43
S3150000107050B9FFF701FB58B101460320FFF73CFFCB
S3150000108001460120FFF738FF01460220FFF734FF33
S315000010908A4BD3E90051284603F0C0FD08B10E285B
S315000010A014D1284603F0FCFD60B9854BD3E9005105
S315000010B0284603F0B3FD68B10E280BD00146062082
S315000010C0FFF71AFF01460520FFF716FF0146042029
S315000010D0FFF712FF284603F0E3FD054618B1014667
S315000010E00720FFF709FF744801F0E0FB754801F09F
S315000010F0DDFB754801F038FC01466F4800F06AFBDD
S31500001100714801F031FCFFF711FF6F4A6F4B7049D0
S31500001110A2F5F470009401F08BFD6B4A6B4B6D49A0
S315000011200094A2F5CC7001F083FD6B4BA4F84850F7
S31500001130D3E900613046A4F89850C4F8F85103F09A
S315000011406DFD28B10E2803D001460820FFF7D4FE16
S31500001150304603F0A5FD18B101460920FFF7CCFE85
S3150000116084F8DC019FED5D8AFFF766FDDFF860B16C
S31500001170DFF84491002609AB029307AB019305AB58
S315000011800093A36B59460593D4F888300EAA0693AC
S31500001190484611AB03978DED0E8A8DED0F8A8DEDC6
S315000011A0108A8DED118A8DED128A8DED138A8DEDE3
S315000011B0148A8DED158A8DED168A8DED178A8DEDC3
S315000011C0188A8DED198ACDE90766CDE9096602F020
S315000011D05BF80AAB029308AB019306AB0093054696
S315000011E03C493848039717AB14AA02F04DF88046DD
S315000011F0002D77D1B8F1000F00F0F18000230093A5
S3150000120017AB1A469DED060A2E4814A901F098FE62
S315000012102C4817AA14A901F0CDFF0546002840F076
S31500001220DE802848089901F0DFFB264817AA14A992
S3150000123001F006FC089E94F8DC314BB10021D4F88D
S31500001240D031274AF31A934284F8DC1100F28280E7
S3150000125094F8DD31002B40F093804846314601F08A
S31500001260CDFA3046FFF762FE15B9B8F1000F6CD023
S3150000127094F8DF31002B68D0D4F8F83123B144F666
S315000012801F62F31A934260D9002348460BA9CDE9A1
S315000012900B33ADF8343000F02BFE00283FF46AAF74
S315000012A048460BA901F07CFA0BA8FFF70BFEC4F821
S315000012B0F8615FE74CBA000058050020FCB7000053
S315000012C01CB80000A805002040070020E10F000020
S315000012D0A9060000B9070000DCB700000000000006
S315000012E08FD0030011AB1A469DED050A48460EA99C
S315000012F0009601F025FE484611AA0EA901F05AFFF4
S31500001300824600287FF476AF4846079901F06CFBC9
S31500001310484611AA0EA901F093FB079EB8F1000FEB
S3150000132089D017AB1A469DED060A384814A9CDF8A0
S3150000133000A001F005FE354817AA14A901F03AFFEE
S315000013400546002852D0D04675E70121C82004F092
S3150000135083FA0FE74FF0010A2D480BAA8DF82CA04F
S3150000136003F072FB00287FF473AF9DF82C30002B3E
S315000013707FF46EAFC4E9746684F8DDA184F8DE31CB
S315000013804FF0010A002122480BAA8DF82CA003F089
S315000013905BFBB8B99DF82C30A3B994F8DE31002B6D
S315000013A07FF45BAFD4F8D4211A49B21A8A427FF689
S315000013B054AF3146484684F8DEA184F8DD3100F0AA
S315000013C009FA4AE7002384F8DD3194F8DE31002B70
S315000013D07FF443AF3146484600F022FA3DE70E4817
S315000013E001F0C2FA00250646A84624E707480899F0
S315000013F001F0FAFA054817AA14A901F021FB089B87
S3150000140045469E4238BF1E4615E700BFA805002088
S31500001410900700207F841E00400700202DE9F0433E
S315000014202DED028B002585B00DF104080446174604
S3150000143008466A464146B0EE408A1E46BDF93890D7
S31500001440019502950395009501F00CF820B3B3EED3
S31500001450047ADDED007AF4EEC77AF1EE10FA21D4C3
S3150000146098E8070066700026231D277088EE277A05
S3150000147083E807000127304684ED087AE561656256
S31500001480A4F82890A4F82A90E76284F8306005B0A2
S31500001490BDEC028BBDE8F083022005B0BDEC028BEB
S315000014A0BDE8F083012005B0BDEC028BBDE8F083FA
S315000014B070B5064690B00C4600F1A00100F0EEFEB5
S315000014C06D4606F1B00106F150008DED000ACDED36
S315000014D0010A8DED021ACDED031A00F0DFFE284653
S315000014E08DED040ACDED050A8DED061ACDED071A30
S315000014F000F03EFF04A908A88DED080ACDED090A03
S315000015008DED0A1ACDED0B1A00F0C8FE95E80F0016
S315000015108DED0C0ACDED0D0A8DED0E1ACDED0F1ADF
S3150000152084E80F00103410AB13E90F0084E80F00B5
S31500001530012010B070BD00BFF8B50C462DED068B2E
S315000015400146054616461F4600F0C2FD21462846BE
S31500001550F0EE408A00F0BCFD21462046B0EE408AFF
S3150000156000F0B6FD28EE087A68EE809A79EEC79A02
S31500001570DFED187AB0EEE97AB4EEE77AF1EE10FA1A
S3150000158003D8BDEC068B0020F8BD29463046B0EEE8
S31500001590409A00F09DFD30462146B0EE40AA00F08C
S315000015A097FD29EE0A9A68EE808A28EE0AAA28EEA6
S315000015B0008A78EECA8A39EE488AC8EEA97A88EE99
S315000015C0297A0C9B0120BDEC068B87ED007AC3EDD2
S315000015D0007AF8BD17B7D138F0B50D462DED048B5E
S315000015E011468DB0064628461446D2ED008A1F469F
S315000015F095ED008A00F06CFD28EE800A38EE408AF0
S315000016002146284695ED019AD4ED019A8DED008A82
S3150000161000F05EFD29EE800A39EE409A2846214602
S3150000162095ED028AD4ED028A8DED019A00F050FD07
S3150000163028EE800A38EE408A68468DED028A00F070
S3150000164081FD28B9002528460DB0BDEC048BF0BD00
S315000016502946304600F0B6FE214603A8CDED040A21
S315000016608DED051AD4ED008AB0EE408A8DED030AA1
S3150000167000F02EFD28EE800A38EE408A214603A8A7
S31500001680D4ED019A9DED049A8DED068A00F020FDB9
S3150000169029EE800A39EE409A214603A8D4ED028A43
S315000016A09DED058A8DED079A00F012FD28EE800A61
S315000016B038EE408A06A88DED088A00F043FD0546FF
S315000016C00028BFD0684606A900F01AFD204609A9E1
S315000016D0CDED0A0A8DED0B1A8DED090A00F0F8FC26
S315000016E0684606A9B0EE408A00F0F2FCB7EE001A92
S315000016F0FFEE000A00F066FDF0EE400AB0EE480A82
S3150000170009F0AAFDDFED057A284620EE270A87EDC7
S31500001710000A0DB0BDEC048BF0BD00BFE12E6542A2
S3150000172030B5044690F82C0083B0B8B394F82F3047
S315000017300D46ABBB012294F82D3084ED090A84F8DE
S315000017402F204BB1D4ED077A9FED1F7A30EE670A52
S3150000175020EE070A37EE800AB4F9283084ED070A2E
S3150000176007EE903AF8EEE77A37EE800AB8FE400ABE
S315000017700123FDEEC07A94F8302084F82D3017EE60
S31500001780903A2AB1B4F92A20991A0131022918D9B6
S315000017901AB26285012284F830202B6003B030BD76
S315000017A0D4ED097A9FED091A30EE670ADFED080AD3
S315000017B0019000F007FDD4ED097A019830EE270A72
S315000017C0B8E71346E5E700BFCDCC4C3E9A991940E1
S315000017D09A9919C038B5044600F1A0030D464FF496
S315000017E0A2720021184604F060FB00F04DFD04F1E2
S315000017F0B00000F049FD002240F20111A5F5743356
S31500001800903BA4F8E01184F8E2212046C4F8D031D8
S31500001810C4F8D851C4F8F821BDE8384000F056BFE6
S315000018202DE9F04F2DED0E8B90F8DF3104460D4675
S3150000183090F8E261A3B013B1062E00F0AD811AAFA5
S3150000184020220021384604F030FB236CB3B1D4F8D3
S3150000185090309BB116B339462046FFF729FE002883
S3150000186000F0AE8194F8E261731E032B00F234831C
S31500001870DFE813F06401790064005100032140F2AF
S31500001880014332462046C4F8D851A4F8E03123B0CB
S31500001890BDEC0E8BBDE8F04F00F03EBF204600F0D9
S315000018A067FD04F1500084ED280AC4ED290A84ED91
S315000018B02A1AC4ED2B1A00F05BFD84ED2C0AC4ED48
S315000018C02D0A84ED2E1AC4ED2F1A84F82C6184F8A3
S315000018D0606184F8946184F8C86184F8DF61C4F8B3
S315000018E0F86194F8E26140F2012331462046C4F8DB
S315000018F0D851A4F8E03100F0FDFE042E00F0368148
S315000019002046013684F8E26123B0BDEC0E8BBDE8BB
S31500001910F04F00F0DBBE01235A221EAE3146009284
S315000019209FEDAC0A1A4604F5CE70FFF777FD014627
S31500001930002800F0598194F8E261A0E700231EAE6A
S3150000194031469FEDA40A012204F5B4700093FFF717
S3150000195065FD01460028EED196E80F0004F1E00788
S3150000196087E80F00FFE05A220023394600929FEDD8
S31500001970960A1A4604F59A70FFF750FD01460028AC
S31500001980D9D14FF0FF3804F1D0030293039097E8C2
S315000019900F00029FD4ED41CA94ED42CAD4ED43BA7A
S315000019A094ED4EBAD4ED4FAA94ED50AA9FED87EA76
S315000019B087E80F00DFED87DA47469FED83DADFED34
S315000019C0868AA0460DF1480B0DF13C0A0DF1580927
S315000019D007EE907AF8EEE77A4FF0FF346CEEA79AAE
S315000019E02CEE279A2BEEA78A07EE904AF8EEE77AB6
S315000019F06BEE276A2AEEA77A6AEE277A5046594690
S31500001A00CDED0F9A8DED109A8DED118ACDED126AFE
S31500001A108DED137ACDED147A00F072FB4846CDEDCC
S31500001A20098ACDED0C8A8DED160ACDED170A8DEDDE
S31500001A30181A023400F086FB002871D05246494637
S31500001A4009AB08F1C000FFF7C7FD002868D05A4669
S31500001A50494602980CABFFF7BFFD049000285FD003
S31500001A609DED097AF3EE047AF0EEC76AF4EEE76AC2
S31500001A70F1EE10FA54D49DED0C6AF0EEC66AF4EE5F
S31500001A80E76AF1EE10FA08F58272134608F58872D5
S31500001A90059208F59C72069208F5A27207923FD449
S31500001AA07DEEC77A7DEE466AF0EEE77AF0EEE66AFC
S31500001AB0039A77EEA67A22B1F4EECE7AF1EE10FA18
S31500001AC02CD59AE807004FF0000CCDEE876A4FF050
S31500001AD0010E8DEE067AB0EE67EA83E8070099E814
S31500001AE00700059B83E807009BE80700069BC8EDF7
S31500001AF0486A88F82DC1A8F82EE188F830C183E835
S31500001B00070099E80700079B83E8070088ED557AE8
S31500001B10A8F862E188F861C188F864C1049B039360
S31500001B20032C7FF461AF0237032F7FF451AF039B81
S31500001B304446C3B9314698F8E261A0E600235A222A
S31500001B40394600929FED230A1A4604F58070FFF786
S31500001B5065FC014600287FF4EEAE97E80F0004F11D
S31500001B60C00686E80F0094F8E261BCE694F82C31D2
S31500001B70CBB194F86031B3B194F894319BB194F839
S31500001B80C83183B1012106220023204684F8DF11E3
S31500001B9084F8E221C4F8F83123B0BDEC0E8BBDE821
S31500001BA0F04F00F0D3BD002304220221204684F822
S31500001BB0DF3123B0BDEC0E8BBDE8F04F00F0ACBDBD
S31500001BC0032194F8E2615AE60000B4C2286B6E4E17
S31500001BD0E12E65420000B44200000000C2B8323D6A
S31500001BE014AE873FD7A3703F4FF0FF3A1FED09EAC7
S31500001BF0D3465FED09DA1FED09DA5FED098AAA46D9
S31500001C0004F1F0030293039096E80F00029ED4EDD0
S31500001C105BCA94ED5CCAD4ED5DBA94ED68BAD4EDB6
S31500001C2069AA94ED6AAA86E80F000CAF07EE90BA8F
S31500001C30F8EEE77A4FF0FF356CEEA79A2CEE279A6E
S31500001C402BEEA78A07EE905AF8EEE77A6BEE276A34
S31500001C502AEEA77A6AEE277A3846CDED099A8DEDF7
S31500001C600A9A8DED0B8ACDED088ACDED0C6A8DEDC5
S31500001C700D7ACDED0E7A00F065FA002800F0E580C9
S31500001C800DF124084246394608AB04F1E000FFF79F
S31500001C90A3FC0646002800F0D88000230DF1580961
S31500001CA01693C9E90133C9F80C30029B0DF1480CB3
S31500001CB00FCB8CE80F006046CDED0F8ACDED108A74
S31500001CC0CDED118A00F08EFADDED127AF5EEC07ACE
S31500001CD0F1EE10FA9DED136ADDED146A9DED157AAD
S31500001CE00FD5F1EE677AB1EE466AF1EE666AB1EEAD
S31500001CF0477ACDED127A8DED136ACDED146A8DED2E
S31500001D00157A39460FA88DED0F6ACDED106A8DED67
S31500001D10117A00F0DDF9DDED0C6A9DED0D7ADDED51
S31500001D200E7A66EE806A27EE007A67EE807A129B5C
S31500001D304846CDED176A8DED187ACDED197AF0EE9D
S31500001D4040EA169300F04EFA9DED167AB5EEC07A8B
S31500001D50F1EE10FADDED177ADDED186A00F1A480D8
S31500001D609DED197A67EEA77A66EEA66A27EE077AE0
S31500001D7077EEA67A77EE877AF5EE407AF1EE10FAEC
S31500001D8000F1A580B1EEE70ADDED160A09F064FA66
S31500001D90DDED086AF5EEC0EA70EE007AB3EE047A7D
S31500001DA0B0EEE66AF1EE10FA67EEAD7AB4EEC76A07
S31500001DB048BFF1EE677AF1EE10FA46D4B0EEE76A64
S31500001DC0B4EEC76AF1EE10FA3FD43DEE667A3DEE08
S31500001DD0676AB0EEC77AB0EEC66A039B37EE067A3C
S31500001DE023B1B4EECE7AF1EE10FA2DD598E80700BD
S31500001DF04FF0000E8DEE266A4FF00109CDEE276AF0
S31500001E0004F5BC7304F5B67C8CE8070097E8070078
S31500001E1083E8070004F5D07384ED626A84F895E1DF
S31500001E20A4F8969184F898E183E8070004F5D67340
S31500001E3083E80700B0EE47EAC4ED6F6AA4F8CA91DA
S31500001E4084F8C9E184F8CCE103960235032D7FF4CA
S31500001E50F9AE0BF1020BBBF1030F7FF4E7AE039B68
S31500001E605546EBB11FEDA31A5FEDA30A1FEDA30ABA
S31500001E704FF4C873C8221949204600F0A5FF9FED0C
S31500001E80181ADFED180A9FED180A4FF4C873C82216
S31500001E90164904F1500000F097FF94F8E26122E53C
S31500001EA0022194F8E261EAE4B1EE476A9DED197AFF
S31500001EB0F1EE677AF1EE666AB1EE477A8DED166A53
S31500001EC0CDED177ACDED186A8DED197A4AE7B0EEA9
S31500001ED0670A09F0C3F957E70221D0E4A906000012
S31500001EE0C2B8323D14AE873FD7A3703FB907000092
S31500001EF030B52DED028BA5B004460D4620220021FB
S31500001F001CA803F0D2FF00230A930B930C930D93A6
S31500001F100E930F9310931193129313931493159397
S31500001F2016931793189319931A931B93029303937B
S31500001F30049305939DB194F8DF3183B194F82C3165
S31500001F406BB194F8603153B194F894313BB194F885
S31500001F50C83123B1236C13B1D4F8903023B90020D3
S31500001F6025B0BDEC028B30BD20461CA9FFF7A0FAB8
S31500001F700028F4D00AA91CA800F0EAFA0028EED03E
S31500001F800DA904F1C00000F0E3FA0028E7D010A97B
S31500001F9004F1D00000F0DCFA0028E0D013A920A854
S31500001FA000F0D6FA0028DAD016A904F1E00000F015
S31500001FB0CFFA0028D3D019A904F1F00000F0C8FA2E
S31500001FC00028CCD003AB00930AAA10A90DA802AB37
S31500001FD0FFF7B2FA0028C2D005AB009313AA19A9DD
S31500001FE016A804ABFFF7A8FA0028B8D09FED288AF8
S31500001FF09DED020A06A920EE080A04F58070FFF797
S315000020008FFB0028ABD0DFED237A9DED030A07A9ED
S3150000201020EE270A04F59A70FFF782FB00289ED06F
S315000020209DED040A08A920EE080A04F5B470FFF72E
S3150000203077FB002893D09DED050A09A920EE080A32
S3150000204004F5CE70FFF76CFB002888D0DDE9061298
S31500002050089BB429099CA8BFB421B42AA8BFB422FE
S31500002060B42BA8BFB423B42CA8BFB4244FF0000CE3
S3150000207021EAE17122EAE27223EAE37324EAE474D4
S3150000208085F808C0EC8029806A80AB8068E700BFCD
S315000020900000B4420000B4C290ED000AD0ED017A0F
S315000020A090ED027A20EE000A67EEA77A27EE077A0D
S315000020B070EE277A77EE877AF5EE407AF1EE10FA2F
S315000020C002D4B1EEE70A7047B0EE670A09F0C6B867
S315000020D0D0ED007AD1ED005A90ED017A91ED016ACA
S315000020E090ED020AD1ED026A67EEA57A27EE067A2E
S315000020F020EE260A77EE877A37EE800A704700BF11
S31500002100D0ED017A91ED027AD0ED020A91ED011A35
S31500002110D1ED006A90ED006A60EE815A27EE870ADB
S3150000212060EEA60A27EE067A21EE061A67EEA67A72
S3150000213030EE650A70EEC70A31EE671A88B008B04D
S31500002140704700BFA8B3D0ED007A90ED010A90ED7C
S31500002150027A67EEA77A20EE000A27EE077A37EEB4
S31500002160800A30EE070AB5EE400AF1EE10FA10B515
S31500002170044620D4F1EEC07A9FED117AF4EEC77AC8
S31500002180F1EE10FA13D9D4ED006A94ED017AD4ED8C
S31500002190025A86EEA76AC7EE276A85EEA77A01205D
S315000021A084ED006AC4ED016A84ED027A10BD002058
S315000021B010BD0020704709F051F8F0EE407ADBE7D9
S315000021C017B7D138B4EEE00AF1EE10FA06D4B4EE41
S315000021D0C10AF1EE10FA31FE000A7047B0EE600A4D
S315000021E0704700BFD0ED007A90ED010AD0ED026A8B
S315000021F067EEA77A20EE000A90ED037A66EEA66AED
S3150000220037EE800A27EE077A30EE260A30EE070A06
S31500002210B5EE400AF1EE10FA00B583B02CD4F1EE1B
S31500002220C07AF5EEC07AF1EE10FA4FF000031AD933
S3150000223090ED006AD0ED016A90ED027A90ED035AB6
S31500002240C6EE275A86EEA76AC7EE276A85EE277A74
S31500002250C0ED005A80ED016AC0ED026A80ED037A96
S3150000226003B05DF804FB4FF07E5243608360C360A9
S31500002270026003B05DF804FB019008F0EFFF0198DF
S31500002280F0EE407ACDE700BF30B100234FF07E522A
S31500002290436002608360C360704700BF0346D1EDB0
S315000022A0004AD3ED007A93ED013AD1ED015A91ED52
S315000022B0025A91ED034A10B5D3ED032A2DED028B98
S315000022C0D3ED023A24EE830A63EE040A23EE258A4E
S315000022D027EEA46A23EE053A67EEA56A27EE857A0D
S315000022E067EE847A23EE851A64EEA31A22EE842A18
S315000022F077EE837A23EE844A76EE806A65EEA33A19
S3150000230037EE607A36EE486A25EE225A65EEA25A14
S3150000231064EEA24A77EEE37A36EE416A76EE846A96
S3150000232037EE217A77EEA47A36EE426A76EEC56A01
S3150000233037EE257A8CB004AC2046CDED077A8DEDCC
S31500002340046ACDED056A8DED067AFFF74BFF94E83A
S315000023500F000CAC04E90F00DDED090A9DED0A1A29
S31500002360DDED0B1A9DED080A0CB0BDEC028B10BD1D
S315000023700346D3ED016A93ED027AD3ED037AF1EECB
S31500002380666AB1EE477AF1EE677A10B58CB004ACA6
S315000023901B6820460493CDED056A8DED067ACDEDDA
S315000023A0077AFFF71FFF94E80F000CAC04E90F0053
S315000023B0DDED090A9DED0A1ADDED0B1A9DED080A01
S315000023C00CB010BDD0ED015AD0ED027A90ED035A53
S315000023D091ED024AD1ED013A91ED000A25EE233A3C
S315000023E025EE846A67EE806A27EE847A65EE000A37
S315000023F065EEA34A37EE437A74EEE64A70EEC60AF5
S3150000240090ED001A27EE873A31EE011A65EE076A5B
S3150000241025EEA06A25EE205A67EEA47A65EEA45A48
S3150000242021EE077A61EE200A36EE436A21EE241A7F
S3150000243077EEC57A76EEE56A37EE000A70EEA30A05
S3150000244031EE041A36EE066A77EEA77A76EEA66ABB
S3150000245036EE011A37EE800A76EEA00A88B008B08A
S31500002460704700BF002867D030B52DED048B0C46B1
S3150000247085B000295BD01546002A58D00FC8EC4617
S315000024808CE80F006046FFF7ADFEDDED007AF5EE55
S31500002490C07AF1EE10FA9DED019ADDED028A9DED0E
S315000024A0038A0FD5F1EE677AB1EE499AF1EE688AA2
S315000024B0B1EE488ACDED007A8DED019ACDED028A16
S315000024C08DED038A29EE090A68EEA86A68EE087A95
S315000024D030EE260A70EE277AF5EE407AF1EE10FA23
S315000024E02CD4B1EEE70ADFED187AB4EEE70AF1EE86
S315000024F010FA1CD9C8EE007AC9EE006A88EE807A16
S31500002500C4ED027ADDED000AC4ED006A84ED017ABD
S3150000251008F0A2FEDFED0D7A30EE000A012020EE73
S31500002520270A85ED000A05B0BDEC048B30BD0020FE
S3150000253005B0BDEC048B30BD00207047B0EE670AD5
S3150000254008F08CFECFE700BF17B7D138E12E654201
S31500002550002871D010B52DED048B0C4686B00029ED
S3150000256065D00FC80DF1080C8CE80F006046FFF728
S3150000257039FEDDED027AF5EEC07AF1EE10FADDED08
S31500002580038A9DED048A9DED059A3FD428EEA87A2C
S3150000259068EE087A29EE090A77EE277A37EE800A7E
S315000025A0B5EE400AF1EE10FA47D4F1EEC09ADFED2F
S315000025B0267AF4EEE79AF1EE10FA08D80023012005
S315000025C023606360A36006B0BDEC048B10BDDDED37
S315000025D0020AB0EE690A08F03FFEDFED1C7A30EE23
S315000025E0000A20EE270AC0EE297A012067EEA88AA3
S315000025F027EE888A67EE897AC4ED008A84ED018A1F
S31500002600C4ED027A06B0BDEC048B10BDF1EE677A1C
S31500002610F1EE688AB1EE488AB1EE499ACDED027ABA
S31500002620CDED038A8DED048A8DED059AAEE7084659
S3150000263006B0BDEC048B10BD704708F00FFE8DEDA3
S31500002640010AF0EE409AB2E717B7D138E12E65429B
S3150000265010B5044604F02CFB38B1064B02469868C8
S31500002660214684681868A04700B110BDBDE8104037
S31500002670FDF76ABF4CBA00000EB4002130B59AB01F
S315000026801D9D04465C2203A8029103F00EFC4DB189
S315000026901EAB2A46602102A8019305F0E5F9013830
S315000026A05E2804D91AB0BDE8304003B07047002C4C
S315000026B0F8D094F80432002BF4D002A8FFF7C8FF34
S315000026C01AB0BDE8304003B0704700BF90F8E23161
S315000026D0062B98BF044903F1010294BF51F8233039
S315000026E0024B0349FFF7C8BFB0B70000B4B60000FD
S315000026F0BCB60000062998BF044B01F1010294BF45
S3150000270053F82130024B0349FFF7B6BFB0B70000BC
S31500002710B4B60000D0B600001346032996BF064A99
S31500002720064A52F82120062B96BF0549054B51F85B
S3150000273023300549FFF7A0BFCCB70000E0B6000084
S31500002740B0B70000B4B60000E4B6000028B190F8B7
S31500002750043213B10148FFF77BBF7047F4B600009F
S3150000276090F8DF316BB990F8E231062B98BF084933
S3150000277003F1010294BF51F82330064B0649FFF7D7
S315000027807BBF90F8043213B10448FFF761BF70476E
S31500002790B0B70000B4B6000018B7000000B70000DC
S315000027A0002310B58CB0CDE90433CDE90633CDE96D
S315000027B00833CDE90A3389B10A7ACB88044688887A
S315000027C0CDE902324A880B88CDE9002020210A4A49
S315000027D004A804F00FFA431E1E2B01D90CB010BD3D
S315000027E0002CFBD094F80432002BF7D004A8FFF796
S315000027F02FFF0CB010BD00BF2CB7000000232DE941
S31500002800F04190B004460D463C22194601A8234EDD
S31500002810234FDFF89480009303F047FB402168467E
S31500002820FDF730FE68B39DF90030002BF6D06A46FE
S31500002830DBB2A3F1610119299CBF203B137012F989
S31500002840013F002BF4D13146684604F027FAD8B18F
S315000028503946684604F022FAB0B14146684604F0AB
S315000028601DFAB0B168460F4904F018FA0028D5D110
S315000028702046FFF775FF40216846FDF703FE002856
S31500002880D1D110B0BDE8F08129462046FEF7A2FF5F
S31500002890C4E729462046FEF7C3FFBFE744B700005A
S315000028A050B7000068B700005CB70000E0B110B593
S315000028B00446FFF7E9FC002300222361626463619A
S315000028C0A361E36123626362A362E36223636363DA
S315000028D0A363E3632264A4F84820A4F84A20A4F87A
S315000028E04C2084F84E2010BD704700BFFFFFFFFF4D
S315000028F038B3002170B4164C164BD4F8FC20164E93
S3150000290042F08072C4F8FC2059601A68134D42F0F8
S3150000291001021A604160326A2B68C2F30262934078
S315000029200F4CD340A3429FED087B70BC94BF01239C
S315000029300C4A80ED027B84BFA2FB03239B0C036041
S3150000294070477047AFF300800000000000000000F1
S3150000295000ED00E0001000E000E00140900A0020D9
S315000029603F420F0083DE1B4390B10A4A38B5D0E9D7
S315000029700241556843680268EB1A1C1941F10001CF
S31500002980C0E901540023C160204603F0EBF838BDCE
S31500002990704700BF001000E018B310B5044689B1B7
S315000029A0104B48685B688A684B60181ACB688018B9
S315000029B043F10003C1E902030A681946002303F044
S315000029C0D1F801464FF6FF726164B4F848309BB205
S315000029D0934205D0B4F8483001339BB2A4F848308E
S315000029E010BD7047001000E0036C9BB1CB1A07EED8
S315000029F0903ADFED0F6AF8EE677A9FED0E7A87EE72
S31500002A00A60AB4EEC70AF1EE10FA07D5B0EE470AE9
S31500002A10016470479FED080A01647047DFED077A8D
S31500002A20B4EE670AF1EE10FA016437FE800A7047C9
S31500002A30002474496F12033A6F12033B0AD7233CF2
S31500002A4038B504462DED068B08460D46B0EE408A95
S31500002A50D2ED008A92ED019AD2ED029AFFF71CFBA5
S31500002A60DFED707AB4EEE70AF1EE10FA52DA94ED81
S31500002A70014A94ED035AD4ED003AD4ED024A29EE08
S31500002A80843A29EEA37A64EE685A29EE242A28EEBF
S31500002A90A36A69EEA42A69EE236A69EE047A76EEE1
S31500002AA0C36A69EE859A29EE059A28EE853A77EE8D
S31500002AB0277A68EEA48AB6EE000A75EEC25A36EE9A
S31500002AC0226A28EE000A36EE496A75EEE95A36EEB3
S31500002AD0837A77EEE87ABDEC068B66EE006A65EEE1
S31500002AE0805A27EE007A67EE807A35EEA36A76EE94
S31500002AF0846A37EE247A77EE857A204684ED006A7A
S31500002B00C4ED016A84ED027AC4ED037ABDE838406B
S31500002B10FFF768BBDFED447AB4EEE70AF1EE10FA90
S31500002B2094ED014A76D8D4ED003A94ED035AD4EDEB
S31500002B30024A64EE047A63EEA31A95ED006AD5EDB7
S31500002B40016A95ED02AA71EEE71A24EE053A63EEE4
S31500002B50A47A86EE007A33EE673A86EE806A64EEF1
S31500002B60237ACAEE006A25EE240A77EE807A24EEEE
S31500002B70A40A33EE033A71EEC01A77EEA77A25EE71
S31500002B80050A71EE801A26EEA70A66EE836A67EEDC
S31500002B90277A26EE033ADFED255A77EEC37A27EE3B
S31500002BA0217A26EE216A36EEC77A67EEA56AD4ED5B
S31500002BB00C0A36EE406A66EE886A76EEA00A66EE83
S31500002BC0256A67EE255AB0EE041A94ED0A2AD4ED6A
S31500002BD00B2A66EE886A65EE885A36EE822A75EE0C
S31500002BE0A25A67EE817A26EE016A27EE017A77EE1F
S31500002BF0A07A36EE026A37EE257AC4ED0C0A79EE33
S31500002C00A79A84ED0A2AC4ED0B5A78EE868A39EE25
S31500002C10079A34E794ED035AD4ED003AD4ED024A0C
S31500002C202DE700BF3333333F6666A63F0AD7A33D81
S31500002C302DE9F04F2DED088BDFED5F8A4FF0000890
S31500002C409FED5E9A9FED5EBA4FF4FA67F0EE689AD2
S31500002C5005468A4616469946B0EE68AAF0EE68AA78
S31500002C60B0EE688A89B0DDF868B08DED028A8DED28
S31500002C70038A8DED048A8DED058A8DED068A8DED2C
S31500002C80078A8DED018AB9F1000F7AD0002E7ED029
S31500002C904C4B70685B68F168181A7360B3683268E9
S31500002CA0C01841F100010023B060F16002F05AFF44
S31500002CB001465846C847B5F848309BB26BB914244C
S31500002CC001E0013C09D04FF47A71012002F0C4FD05
S31500002CD0B5F848309BB2002BF3D0EFF310830122F6
S31500002CE082F310880022A5F8482083F3108801AAF1
S31500002CF005A902A8D04702A8FFF7CEF9B4EEC90A83
S31500002D00F1EE10FA16D4B4EECB0AF1EE10FA11DC9D
S31500002D109DED056ADDED066A9DED077ADDED017A2A
S31500002D2078EE868A3AEE26AA79EE879A7AEEA7AAEE
S31500002D3008F10108013F2CD0B8F57A7F95D107EE4E
S31500002D40908AF8EEE77A40F201138AEEA77AC8EE87
S31500002D50A75A8AEE276AC9EEA76A404685ED0D7A1C
S31500002D60C5ED045A85ED056AC5ED066A85ED0E7A50
S31500002D7085ED0F7AA5F84C3009B0BDEC088BBDE89F
S31500002D80F08FB5F848309BB2002B98D0A5E73146B6
S31500002D908FE7B8F1000FD2D100234046A5F84C804A
S31500002DA02B616B61AB616B63AB63EB6309B0BDEC2D
S31500002DB0088BBDE8F08F00BF000000009A99593FCC
S31500002DC03333933F001000E02DE9F04F2DED0A8BD1
S31500002DD089B0002800F0AA808846002900F0A68065
S31500002DE09146002A00F0A2809A46002B00F09E80B1
S31500002DF09FED52AA0027F0EE60AAB0EE409A054673
S31500002E00F0EE419A4FF0010BB0EE4ABAF0EE4ABA34
S31500002E10B0EE4ACAB0EE4A8A3E46B5F848308DED65
S31500002E20028A9BB28DED038A8DED048A8DED058AAB
S31500002E308DED068A8DED078A8DED018A6BB9142416
S31500002E4001E0013C09D04FF47A71012002F004FD43
S31500002E50B5F848309BB2002BF3D0EFF310838BF319
S31500002E6010880022A5F8482083F3108801AA05A936
S31500002E7002A8C04702A8FFF70FF9F0EE408A05A89E
S31500002E80FFF70AF9F4EEC98AF1EE10FA06F1010627
S31500002E901AD4F4EEEA8AF1EE10FA15DCB4EEE90A79
S31500002EA0F1EE10FA10DC9DED056ADDED066A9DED8A
S31500002EB0077ADDED017A3AEE06AA7BEEA6BA3BEE7C
S31500002EC007BA3CEE27CA0137B2452DD0B945A4D87A
S31500002ED007EE907AF8EE677A002200238CEE277AC6
S31500002EE040F20111CAEE275A8BEEA76ACBEE276A8B
S31500002EF0384685ED0D7AC5ED045A85ED056AC5EDB2
S31500002F00066A85ED0E7A85ED0F7AAA62EA622A6371
S31500002F102B64A5F84A30A5F84C1085F84E3009B058
S31500002F20BDEC0A8BBDE8F08F002FD1D100273846C3
S31500002F3009B0BDEC0A8BBDE8F08F00BF00000000B1
S31500002F40F8B52DED068B0C9F002800F0D0801646B4
S31500002F50002A00F0CC801D46002B00F0C88090F8B7
S31500002F604D30F0EE408A044680ED0E0A002B00F04C
S31500002F70C18090ED0F7A9FED870A78EEC77A67EEEB
S31500002F80807A77EE878A94F84C30C0ED0F8A002B52
S31500002F9000F0BA80D4ED0D7AD4ED079A94ED089A34
S31500002FA094ED098A78EEE7AAD4ED045A94ED056A01
S31500002FB094ED060A6AEEA99A2AEE899A2AEE888A7A
S31500002FC0D6ED006A96ED017AD6ED027A79EEA59AEB
S31500002FD039EE069A38EE008A76EEE96A37EE497AD5
S31500002FE077EEC87AC5ED006A85ED017AC5ED027AFD
S31500002FF0002975D00846FFF74FF82846B0EE40AADC
S31500003000FFF74AF8DFED647AB4EEE7AAF1EE10FABC
S3150000301066DBDFED627AB4EEE7AAF1EE10FA5FD86E
S31500003020DFED5F7AB4EEE70AF1EE10FA58D8B0EEAB
S31500003030EA7ADFED5C7AB4EEE77AF1EE10FA6BDA53
S31500003040D4ED0D7AD5ED009A95ED019AD5ED026A8B
S315000030509FED555A38EEE77AD4ED045A94ED056A99
S3150000306094ED068A69EE859A29EE059A66EE856ADA
S3150000307027EE057A79EEA55A39EE066A76EE886A63
S3150000308037EE277A94ED090AC4ED045A84ED056AF1
S31500003090C4ED066A84ED0D7AD4ED079A94ED089A8C
S315000030A078EEC77A67EEA99A27EE899A67EE807A54
S315000030B0D6ED004A96ED015A96ED027A39EE069A59
S315000030C037EEA68A79EEA59A75EE496A34EEE96A74
S315000030D077EE487A85ED006AC5ED016AC5ED027A9C
S315000030E02FB1C7ED009A87ED019A87ED028ABDECF4
S315000030F0068BF8BD012380F84D3094F84C3080EDF6
S315000031000F0A002B7FF446AF0123C4ED0D8AF0EEC3
S31500003110687A84F84C303FE79FED237AD5ED007A44
S3150000312087EE2A8A94ED070A68EE277A9FED1F1A22
S31500003130DFED1F0A37EE800AFFF744F8D5ED017A76
S3150000314094ED087A68EE277A9FED181ADFED180AD3
S3150000315084ED070A37EE870AFFF734F895ED027A11
S31500003160D4ED097A28EE078A84ED080A9FED0F1A36
S31500003170DFED0F0A38EE270AFFF724F894ED0D7AF3
S31500003180D4ED045A94ED056AD4ED066A84ED090A75
S3150000319082E700BFCDCCCC3D9A99593F3333933F5C
S315000031A035FA8E3DCDCC4C3F0AD7A33C35FA8E3B43
S315000031B035FA8EBB002859D0002957D038B51446A9
S315000031C0002A4AD005460846FEF766FFD4ED007A87
S315000031D0D4ED016AF0EEE77AF0EEE66AF4EE667A8E
S315000031E094ED027AF1EE10FAB0EEC77A48BFF0EE2F
S315000031F0667A9FED216AB4EE677AF1EE10FAB4EEC4
S31500003200C60A77FE277AF1EE10FA28DB9FED1B7AC5
S31500003210B4EEC70AF1EE10FA21D895F84E0030B197
S315000032209FED177AF4EEC77AF1EE10FA20DA9FEDE9
S31500003230157AF4EEC77AF1EE10FA10D8B5F84A30DE
S315000032401D2B04D90123002085F84E3038BD0133EB
S315000032509BB21E2BA5F84A30F4D0002038BD0023BF
S315000032601846A5F84A3085F84E3038BD002070471C
S315000032701E23A5F84A3038BD1F856B3F713D8A3F36
S31500003280C2B8323F5077563DF8B5079E0F461946ED
S31500003290EFF31083012484F310884FF0000CB0F88C
S315000032A04840456CA4B2A0F848C083F310884CB1DE
S315000032B01046069AB84706B13560089B012003B14F
S315000032C01C60F8BD2046F8BD08B5FDF7B1FEFEE767
S315000032D0022800D070470249024801F095BC00BFA1
S315000032E08CBA00009007002008B5FFF7EDFF00201C
S315000032F008BD00BF84460020CCE90A32CCF8241071
S31500003300704700BF0022436810B502605A69044640
S3150000331022B1936810681B6A984763681A6922B1DC
S31500003320936810681B6A9847636893F90220002A1D
S315000033300EDB01212448530902F01F02203301FA53
S3150000334002F240F82320BFF34F8FBFF36F8F6368FD
S3150000335093F90120002A0EDB01211B48530902F0D4
S315000033601F02203301FA02F240F82320BFF34F8FE9
S31500003370BFF36F8F6368012293F90330124859092E
S3150000338003F01F03203102FA03F340F82130BFF3A4
S315000033904F8FBFF36F8F636893F90430590903F0B9
S315000033A01F039A4001F1200340F82320BFF34F8FFB
S315000033B0BFF36F8F0020A3681A786FF386121A7016
S315000033C0DA78D87010BD00BF00E100E030B5836A3E
S315000033D085B004468C4601ADABB193E8070085E89D
S315000033E0070062681846117883F804C0E26A19601B
S315000033F09A60636A9847A36A1BB195E8070083E859
S31500003400070005B030BD2B46EBE700BFF8B5866870
S315000034101D4633789DF818C013F0400340F08280B3
S31500003420C0E903120F46416880F820C00446C0E98F
S315000034300533C5614869F0B1BCF10F0FA5615DD9CF
S31500003440022643681968CB7866F30513CB7002260B
S315000034508B7866F383038B70ABB2CB818A60002ACC
S315000034606ED0836800685B689847002845D161681C
S3150000347094F820C0A6680B6903B3BCF10F0F656111
S3150000348046D902205A681168CA7860F30512CA70D4
S315000034900220CA78ADB260F38302CD81CA704F6054
S315000034A0002F54D032789D686FF3451218686B6808
S315000034B03270984708BBA66894F820C0F27A338A1F
S315000034C0BCF10F0FD2B29BB22ED90CF1010C22F037
S315000034D040024FEA9C0CACF1050C42F020020020A1
S315000034E023F4706343EA0C2C1FFA8CFCF272A6F8E4
S315000034F010C0337843F060033370F8BDBCF1070F9A
S315000035001AD841680968CE7863F30516CE709EE72F
S31500003510BCF1070F12D85A681168CA786FF3051202
S31500003520CA70B5E70820F8BDBCF1070F94BF42F09A
S31500003530400202F09F02D2E7012682E70120A1E7BE
S315000035408B7862F383038B70044B8B6089E7D2B26E
S3150000355067F38302CA70024A4A60A3E7B4080020F0
S31500003560B808002010B594468E461C4682B000214D
S31500003570724663460094FFF749FF02B010BD00BFD4
S3150000358010B594461C4682B0002263460094FFF7AD
S315000035903DFF02B010BD00BF10B49DF80440019479
S315000035A05DF8044BFFF732BF2DE9F04F044608786B
S315000035B00F6900F5800303F58D531B020D4685B098
S315000035C003F10408002F00F023814FF000627968B0
S315000035D038680B681A60C3F80880BB681B68984790
S315000035E00646002840F010816B6973B1D3E90112D9
S315000035F04FF4002618680B6812681E60C3F8048032
S3150000360090470646002840F04B81287800F5800355
S3150000361003F58D531B020026AA6965606262EA699A
S31500003620A360E262A6626F7A002F40F00881B8219B
S3150000363008264FF0100E6B7B95F80BC02A6A1B0309
S31500003640AD7A43EA4C032B431578002D40F0FE80FB
S31500003650012505FA00F0800740F02A8192F801C0A2
S31500003660D5784FEA4C1646EA4C0621EACC1131438E
S3150000367090781679A84023F070032D0101911EB1B0
S31500003680022E14BF2026302692F805C0BCF1000F8A
S3150000369006D0BCF1010F14BF4EF0010E4EF0030E22
S315000036A092F808C00CF0030C45EA8C052B4395797B
S315000036B00295002F40F0C680917A92F80980D77A59
S315000036C043F460430391EFF3108A012585F31088D4
S315000036D06168DFF8F89191F800C0D9F804B0CCF130
S315000036E0130C05FA0CFC2BEA0C0CC9F804C0D9F82B
S315000036F004C08AF310884FF0000C4FF010091FFA2F
S3150000370083FB9DF80410A3685FFA80FAD878606896
S3150000371083F803C0197083F801A09E70D2795FFA0E
S315000037208EFE9A72039A83F80C805A73029A9F73DC
S3150000373083F80FE0A3F810B083F8202083F82190D7
S3150000374090F90230634580F284805C4A90F901303A
S31500003750002B26DB417903F160400901C9B200F56F
S31500003760614080F80013564903F1C00042F8234037
S3150000377051F820506FF3104541F8205051F82010B1
S31500003780BFF35F8F01205909890003F01F0301F180
S31500003790604101F5614100FA03F3C1F880310B6025
S315000037A06068017A90F9043046480901444DC6180C
S315000037B0C9B286F8001303F1C00142F8234055F858
S315000037C021606FF3104645F8216055F82110BFF3CC
S315000037D05F8F012103F01F055B099B0003F1604326
S315000037E003F56143A940C3F8801119600026636898
S315000037F093F90310DB7908441B01DBB280F8003330
S31500003800314B42F821402360304605B0BDE8F08FC9
S315000038104A69002A3FF4FFAE4FF4002051680B6856
S315000038201860C3F80480936810681B6898470646BA
S3150000383000283FF4EAAE304605B0BDE8F08FB0216F
S31500003840B646F8E60027B84603973CE746F0B101CE
S3150000385004E7817903F160400901184AC9B200F50D
S31500003860614080F80013164903F1C00042F8234076
S3150000387051F820606CF3104641F8206051F8201092
S31500003880BFF35F8F03F01F015B099B0003F16043E9
S315000038908D4003F56143C3F880511D60606855E7AC
S315000038A0BB6838681B6A9847304605B0BDE8F08F9C
S315000038B0002F7FF4D3AE43F08003CFE60409002047
S315000038C00060004000E100E04950535200400840CB
S315000038D010B4EFF30383103B234A5BB203F1C0013C
S315000038E052F821006FF3104042F8210052F82120CF
S315000038F01E4A52F82330D3E906218A421DD01869A0
S3150000390048B393F820C0BCF10F0F0BD999684968EA
S3150000391040F82210D96901328A429A610DD05DF8C9
S31500003920044B7047BCF1070F18D899680979815480
S31500003930D96901328A429A61F1D15B6893F9033001
S31500003940012203F01F000A495B09824041F8232047
S315000039505DF8044B704798684068DCE79C68B4F8EB
S3150000396004C020F812C0D6E7006000400409002019
S3150000397000E100E010B5EFF30383103B33495BB27F
S3150000398003F1C00251F822006FF3104041F8220003
S3150000399051F822202E4A52F823305C68226A82B3FC
S315000039A092F801C0D869BCF1010F5A6918D090424B
S315000039B010D0D96841B393F820000F280BD80728F8
S315000039C098BF895C98688ABF31F8121001718180AE
S315000039D001325A6110BD986851F822104160F7E72C
S315000039E000F1FF3E724512D021690029DFD094F91B
S315000039F00310184801F01F020CFA02F2490940F8B8
S31500003A0021205A69D869D2E798684160E0E794F9BD
S31500003A10030000F1C00251F822406FF3104441F850
S31500003A20224051F82220BFF35F8F4209920000F036
S31500003A301F0002F160420CFA00F002F56142C2F882
S31500003A40800110605A69D869B1E700BF0060004084
S31500003A500409002000E100E0EFF30383103B344A41
S31500003A605BB203F1C00152F821006FF3104042F837
S31500003A70210052F821202F4A52F823008268D2787A
S31500003A80920704D54268527A012A00D07047012273
S31500003A9030B45909284C03F01F03203102FA03F30E
S31500003AA044F82130BFF34F8FBFF36F8F436893F90C
S31500003AB00230002B32DB590903F01F0302FA03F32D
S31500003AC0203144F82130BFF34F8FBFF36F8FD0E919
S31500003AD00114237891F902106FF3861300292370DD
S31500003AE018DB134B01F1C00453F824506FF3104553
S31500003AF043F8245053F82430BFF35F8F4B099B00E3
S31500003B0001F01F0103F160438A4003F56143C3F8E6
S31500003B1080211A60012130BCFFF758BC8268012160
S31500003B2030BC13786FF386131370FFF74FBC00BFDA
S31500003B30006000400409002000E100E070B5EFF3EA
S31500003B400384354B103C64B253F82460736893F9D0
S31500003B500230002B48DB012030495A0903F01F03CD
S31500003B60203200FA03F341F82230BFF34F8FBFF340
S31500003B706F8FD6E9013293F902301178002B6FF37B
S31500003B808611117019DB264A03F1C00152F8215043
S31500003B906FF3104542F8215052F82120BFF35F8F92
S31500003BA003F01F025B099B0003F16043904003F59D
S31500003BB06143C3F880011860B2680021D378D170E0
S31500003BC01A07DDB223D4EB0714D405F01405142D1F
S31500003BD018D0134BC03453F824206FF3104243F827
S31500003BE0242053F8243070BDB26813786FF386131F
S31500003BF01370E2E70421304605F01405FFF7E6FBF3
S31500003C00142DE6D108213046FFF7E0FBE1E7052158
S31500003C103046FFF7DBFBD6E70409002000E100E0B1
S31500003C200060004010B400240122036A44609C70C6
S31500003C30C3692D4993F905304FEA531C03F01F035E
S31500003C4002FA03F30CF1200C41F82C30BFF34F8F2E
S31500003C50BFF36F8FC36993F90B304FEA531C03F020
S31500003C601F0302FA03F30CF1200C41F82C30BFF3CA
S31500003C704F8FBFF36F8FC36993F907304FEA531C19
S31500003C8003F01F0302FA03F30CF1200C41F82C3069
S31500003C90BFF34F8FBFF36F8FC36993F909304FEAB4
S31500003CA0531C03F01F0302FA03F30CF1200C41F836
S31500003CB02C30BFF34F8FBFF36F8FEFF3108182F37A
S31500003CC01088C369094A93F800C04FF00043506852
S31500003CD023FA0CF303435360536881F3108820469C
S31500003CE05DF8044B704700BF00E100E0004008406B
S31500003CF003460020C3E90512704700BF10B4046AEA
S31500003D00A37803F07B03A370837803F00303D21A2E
S31500003D100B440261A278C360837842F0800203F00C
S31500003D200303022BA27005D00B780020E3705DF828
S31500003D30044B70470B88002043F47E43E3815DF813
S31500003D40044B704784460020CCE90A32CCF8241094
S31500003D50704700BF70B586460024DEF820304D78E7
S31500003D6093F802C00A780CF00B069E70CEF80C4051
S31500003D7020468C7802F05C025C7093F800E00CF050
S31500003D807B0C65F3010E83F800E0C9789974D97944
S31500003D9001F0A3010A43DA7183F802C070BD00BFC7
S31500003DA04FF0FF330020C1E9003370478B0711D570
S31500003DB0002210B4046AC907A37803F07B03A3703A
S31500003DC01346026102D500221346826118465DF849
S31500003DD0044B7047CA074FF0060302D5002213466C
S31500003DE082611846704700BF0346002210B49C69E2
S31500003DF010460C605DF8044B9A617047F0B5846A12
S31500003E0085B005460F4694466E46B4B194E80F0059
S31500003E1086E80F00EB6920461B7884F804C023600F
S31500003E20EB6AC4E902736B6A9847AC6A1CB196E800
S31500003E300F0084E80F0005B0F0BD3446EAE700BF86
S31500003E400022F0B501240B78027003F5800303F518
S31500003E508C531B0203624B698D6943628378C1618F
S31500003E6064F301038262C56283704B7823B9022230
S31500003E70837862F301038370012491F90B50C44ADD
S31500003E806B0905F01F07203304FA07F78E7A42F80C
S31500003E902370BFF34F8FBFF36F8FBE4B05F1C00783
S31500003EA053F827C06FF3104C43F827C053F8277018
S31500003EB0B94F360102EB050CF6B28CF8006347F8F1
S31500003EC0250091F905500E794FEA551C05F01F0E95
S31500003ED00CF1200C04FA0EFE42F82CE0BFF34F8FD3
S31500003EE0BFF36F8F05F1C00C53F82CE06FF3104E43
S31500003EF043F82CE053F82CC0360102EB050CF6B261
S31500003F008CF8006347F8250091F907508E794FEA3F
S31500003F10551C05F01F0E0CF1200C04FA0EFE42F89B
S31500003F202CE0BFF34F8FBFF36F8F05F1C00C53F832
S31500003F302CE06FF3104E43F82CE053F82CC03601FA
S31500003F4002EB050CF6B28CF8006347F8250091F9F0
S31500003F5009500E7A4FEA551C05F01F0E0CF1200C85
S31500003F6004FA0EFE42F82CE0BFF34F8FBFF36F8FBB
S31500003F7005F1C00C53F82CE06FF3104E43F82CE01B
S31500003F8053F82C303301DBB22A4482F8003347F869
S31500003F902500EFF3108584F310884FF000447F4B23
S31500003FA00E785A68F44022EA04025A605B6885F388
S31500003FB01088002240F2F934036A40F2F9359A700B
S31500003FC01A715A729A72DA725A830A7824FA02F2CB
S31500003FD0D60744BF4022DA740622CC691A770A78DB
S31500003FE04E78D540ED078F78CA7848BF4FF47841B0
S31500003FF04FEAC20248BF9982032E42EA071200F036
S31500004000C280002E14BFF221E221D2B21A70997139
S31500004010227B082A0EBF0A22520002F002025A73BD
S315000040206278A178D201490101F02001D2B20A4397
S315000040300021197294F800C0ACF10201012940F286
S315000040409880D2B2DA716268917855785970197889
S3150000405065F301011970D17812789974D97902F053
S315000040605C0201F0A3010A43DA710022C169026110
S315000040708261C260426191F90550464B05F1C0016B
S3150000408053F8216062F3104643F8216053F821107B
S31500004090BFF35F8F01266909890005F01F0501F14D
S315000040A0604101F5614106FA05F5C1F880510D60E0
S315000040B0C16991F90B5005F1C00153F8217062F303
S315000040C0104743F8217053F82110BFF35F8F690939
S315000040D0890005F01F0501F1604106FA05F501F5B5
S315000040E06141C1F880510D60C16991F907E00EF197
S315000040F0C00153F8215062F3104543F8215053F89C
S315000041002110BFF35F8F4FEA5E1189000EF01F0E7C
S3150000411001F1604106FA0EF501F56141C1F88051E1
S315000041200D60C16991F9091001F1C00553F82570B8
S3150000413062F3104743F8257053F82530BFF35F8FBD
S315000041404B099B0001F01F0103F160438E4003F50C
S315000041506143C3F880611E60036A0CF0030C4CF0E7
S31500004160700C618983F802C00D4B018143601046D3
S31500004170F0BDFF21BCF1020F08BF42F01002D2B21F
S315000041805970DA7171E7F22142F040023DE700BF53
S3150000419000E100E000600040040900200040084003
S315000041A05549435330B4EFF30383103B1F4A5BB2C8
S315000041B003F1C00152F821006FF3104042F82100CC
S315000041C052F821201A4A52F82300C3691B691BB111
S315000041D003691BB130BC704703697BB9D0E9082479
S315000041E00021937803F07F0343F004039370C160CA
S315000041F0002CEFD030BC8022FFF700BE827802F0A0
S3150000420003010229C1680BD0046A91F800C084F842
S3150000421003C002F003029B1A0A44C0E90323D8E74D
S315000042200C88056A44F47E44EC81F2E700600040A5
S315000042300409002010B582B0EFF30383103B1F4A38
S315000042405BB203F1C00152F821006FF3104042F84F
S31500004250210052F821201A4A52F82340A27802F08F
S315000042600303022B236A0CBF198A5979A3690CBF71
S31500004270C1F30801C9B2019143B9636AB3B104221B
S31500004280204602B0BDE81040FFF7B8BD02F00302B9
S3150000429001A9606901F0FCFDD4E90521A37803F0CA
S315000042A003031A44C91AC4E9052109B102B010BDB5
S315000042B0636A002BFAD00122E2E700BF00600040EB
S315000042C00409002010B5EFF303830E4A103B5CB2DD
S315000042D052F82400D0E90821937803F07B03937009
S315000042E019B102220021FFF789FD074A04F1C00334
S315000042F052F823106FF3104142F8231052F823307E
S3150000430010BD00BF040900200060004010B5EFF3A7
S3150000431003831A4A103B5CB252F82400837803F0F8
S315000043200303022B036A0CBF198A597993F804C058
S315000043300CBFC1F30801C9B21CF0100F0CF0380213
S3150000434006D093F81CC01CF0010F08BF42F04002D3
S3150000435093F804C00CF0C70C83F804C0436A0BB191
S31500004360FFF74CFD064A04F1C00352F823106FF321
S31500004370104142F8231052F8233010BD04090020E2
S315000043800060004084460020CCE90932CCF82010B9
S31500004390704700BF4FF0000C012210B58368044639
S315000043A083F802C043682E4993F90230580903F096
S315000043B01F0302FA03F3203041F82030BFF34F8F7A
S315000043C0BFF36F8F636893F90130580903F01F0339
S315000043D002FA03F3203041F82030BFF34F8FBFF3CA
S315000043E06F8F636893F90430580903F01F0302FACC
S315000043F003F3203041F82030BFF34F8FBFF36F8FA8
S31500004400636893F90330580903F01F0302FA03F3B4
S31500004410203041F82030BFF34F8FBFF36F8FEFF39B
S31500004420108182F310884FF0004360680D4A0078CF
S31500004430C340506803435360536881F31088636830
S315000044405A6922B1936810681B6A984763681B69AA
S315000044501BB19A681868136A98470020206010BD3F
S3150000446000E100E00040084030B5436A85B00446EC
S315000044708C4601ADABB193E8070085E8070062689A
S315000044801846117883F804C0A26A19609A60236AF4
S315000044909847636A1BB195E8070083E8070005B0F3
S315000044A030BD2B46EBE700BF2DE9F04F00220C464E
S315000044B00B78896903F5800303F58C530162E16982
S315000044C0426262691B020546C0E9014385B081620A
S315000044D0002A00F03C814FF4002651680533086835
S315000044E04360936806601B68106898470646002874
S315000044F040F0298122697AB1AB684FF000665168B5
S31500004500033308688360936806601B6810689847E1
S315000045100646002840F021816B68D3F820C09CF93C
S3150000452002109CF802E00029597AB2BF042000204C
S315000045304FF0FF0E012918BF4FF00008997A9CF83A
S31500004540012006BF4FF002080526464602F0030288
S31500004550012942F08002D97A019000F009810129EF
S3150000456014BF46F0800646F0C006597B002914BFEA
S31500004570E221EA210391EFF31087012080F31088EE
S315000045804FF0004193F800907C4B21FA09F95968E5
S3150000459021EA090159605B6887F31088D3B21F4688
S315000045A0F3B202930023AA684FF0840A937092F83C
S315000045B004904FF6000982F804A0A2F81490177030
S315000045C0039F82F8028097719CF800C0019F82F8D1
S315000045D001C082F812E0D771029F4FF0020B5773A9
S315000045E04FF04007137253729372D3725383D7748A
S315000045F082F81CB094F805C094F90120604E614F12
S315000046004FEA0C1C604906EB020E5FFA8CFC8EF832
S3150000461000C302F1C00C47F8225051F82CE063F3B6
S31500004620104E41F82CE051F82CC0BFF35F8F4FEAD3
S31500004630521C0CFA0BFC02F01F020CF1604C00FA43
S3150000464002F20CF5614CCCF88021CCF8002094F8ED
S3150000465006C094F902204FEA0C1C06EB020E5FFA24
S315000046608CFC8EF800C302F1C00C47F8225051F8BA
S315000046702CE063F3104E41F82CE051F82CC0BFF348
S315000046805F8F4FEA521C0CFA0BFC02F01F020CF172
S31500004690604C00FA02F20CF5614CCCF88021CCF8A3
S315000046A0002094F807C094F903204FEA0C1C06EB8F
S315000046B0020E5FFA8CFC8EF800C302F1C00C47F8BC
S315000046C0225051F82CE063F3104E41F82CE051F8DB
S315000046D02CC0BFF35F8F4FEA521C0CFA0BFC02F0A2
S315000046E01F020CF1604C00FA02F20CF5614CCCF89A
S315000046F08021CCF8002094F808C094F904204FEAF1
S315000047000C141644E4B286F8004302F1C00447F8DC
S31500004710225051F8246063F3104641F8246051F8A2
S315000047202410BFF35F8F02F01F01520902FA0BF249
S3150000473002F16042884002F56142C2F880011060D1
S315000047401E46124B2B60304605B0BDE8F08F22693D
S31500004750002A7FF4D2AE2346DFE66369002BF2D04F
S315000047609A681868136A9847304605B0BDE8F08F16
S3150000477000297FF4FAAE46F04006F6E6004008400F
S3150000478000E100E004090020006000405349435363
S3150000479070B51D4683689B7813F0300334D1C0E9A9
S315000047A0053343681646C0E903121A690446C56113
S315000047B092B1536845611B68A8B2D88131B3022013
S315000047C05960D97860F38301D970194693681068E7
S315000047D05B689847B8B96368596951B14EB18B683F
S315000047E00868324600219E68A561ABB2B04750B951
S315000047F06368206988B11869A8B10020A268937817
S3150000480043F0F003937070BD082070BDD87861F353
S3150000481083002849D8705960D7E7A268937843F097
S31500004820A003937070BD5A69A168002A14BFF025D1
S3150000483070258A7842EA05028A70E4D1012193F94B
S3150000484001301D485A0903F01F03203201FA03F311
S3150000485040F82230BFF34F8FBFF36F8F6369E26971
S31500004860934206D2D4E9020101B3C95CC170013397
S3150000487063616368597A01290BD093F901300122EB
S3150000488003F01F000C495B09824041F823200020F9
S3150000489070BD012AF1D961698A42EED9D4E90202D2
S315000048A032B1525CC27001316161E6E7C170DEE788
S315000048B0C270F8E7BC08002000E100E08C46134611
S315000048C000216246FFF764BF13460022FFF760BF70
S315000048D0FFF75EBF10B4EFF30383103B174A5BB2DA
S315000048E003F1C00152F821006FF3104042F8210095
S315000048F052F82120124A52F823305A69D9698A425D
S3150000490006D2D868B0B1805C9C68E07001325A610A
S315000049108A4202D05DF8044B70471A69002AF9D121
S315000049209A685DF8044B937803F07B0343F0040325
S31500004930937070479C68E070E8E700BF0060004035
S315000049400409002010B4EFF30383103B194A5BB24D
S3150000495003F1C00152F821006FF3104042F8210024
S3150000496052F82120144A52F823305A69D9698A42EA
S3150000497006D2D3E90240D0B1805CE07001325A61C0
S315000049809A698A4207D2986819694079541C9C61D1
S315000049908854D3E90621914206D19A68937803F0A8
S315000049A03B0343F0040393705DF8044B7047E070DB
S315000049B0E4E700BF006000400409002010B5EFF3F3
S315000049C003830C4A103B5CB252F824000121826832
S315000049D0937803F003039370FFF746FD064A04F14C
S315000049E0C00352F823106FF3104142F8231052F817
S315000049F0233010BD040900200060004010B5EFF31D
S31500004A0003834FF0840C0E4A103B5CB252F824002C
S31500004A10042183689A7802F003029A701A7983F85F
S31500004A2004C0FFF721FD074A04F1C00352F8231022
S31500004A306FF3104142F8231052F8233010BD00BF27
S31500004A4004090020006000400B0A10B41B01064C4C
S31500004A5053FA81F154F821300020C3F340035DF886
S31500004A60044B1370704700BF000808400123C8B20A
S31500004A7083404AB91A040B0A5B0103F1804303F52C
S31500004A80002300209A6070479AB2F4E72DE9F84FA8
S31500004A900388002B3DD007464FF00008DFF8A4A09E
S31500004AA040F202427B684FEAC805591989880024FA
S31500004AB091424FF00109224E09D00134032C23D034
S31500004AC07B6836F8022B591989889142F5D15B59D2
S31500004AD009FA04F203F0B853B3F1807F5FFA82FB60
S31500004AE019D09AF8BB341A42E7D0012000F084FFAF
S31500004AF09AF8BB34012023EA0B0B8AF8BBB40134C5
S31500004B0000F04AFF032CDBD13B8808F1010843453E
S31500004B10C6D8BDE8F88F9AF8BB2409FA04F3134205
S31500004B205FFA83FBC9D1012000F066FF9AF8BB3417
S31500004B3001204BEA030B8AF8BBB400F02DFFBCE75B
S31500004B4062BC000000E00140F8B50446FFF79EFF96
S31500004B50EFF31082012383F31088284E33681BB9C4
S31500004B602749CB704023CB7033680133336082F31F
S31500004B70108823887BB3626803F1FF3E1FFA8EFE1E
S31500004B8002F108011F4C01EBCE0E08E0D2B21B0168
S31500004B9013448E450A4644F823001CD00831106899
S31500004BA0928810F4803F4FEA1223EFD0130AD2B254
S31500004BB002EB031C54F82C701B01134420F48035BF
S31500004BC06FF310478E4544F82C700A4644F82C5073
S31500004BD044F82300E2D1EFF31082012383F3108817
S31500004BE0336813B13368013B336033681BB98020E7
S31500004BF00349CB70C87082F31088F8BD0009002005
S31500004C00000D08400008084008B5034B036008463D
S31500004C10FFF79AFF002008BD54524F50F0B50346E7
S31500004C20002591F902C01B4C4FEA8C0202F180422A
S31500004C3080F804C002F5C042D1E90270D2F80063E0
S31500004C40C2F80053C3E9027091F800E0BCF1000F0E
S31500004C5083F805E004F80E500D79C87840EA05108F
S31500004C604D7940EAC510C0B204F80E00C2F80063E0
S31500004C700BDB4A78084812010CF16041D2B201F50B
S31500004C80614181F8002340F82C30044A00201A6064
S31500004C90F0BD00BF006000400409002055434900F4
S31500004CA090F904200E4B02F1C00153F821006FF376
S31500004CB0104043F8210053F82130BFF35F8F0121E4
S31500004CC053099B0002F01F0203F1604303F56143A1
S31500004CD001FA02F2C3F880211A600020704700BF73
S31500004CE000600040012110B490F90430084C5A09C4
S31500004CF003F01F0301FA03F3203244F82230BFF316
S31500004D004F8FBFF36F8F00205DF8044B704700BFD5
S31500004D1000E100E003460020C3E90212704700BF2D
S31500004D2090F90430002B1ADB012110B45A090E4CFD
S31500004D3003F01F03203201FA03F344F82230BFF3D5
S31500004D404F8FBFF36F8F0021084B90F904205DF859
S31500004D50044B43F8221000230360184670470023D3
S31500004D6003601846704700BF00E100E00409002018
S31500004D7010B582B0EFF30384184B103C64B253F8BD
S31500004D802410174A4879135C03F00303032B11D050
S31500004D90C03452F824306FF3104342F8243052F8EE
S31500004DA024308B6823B1CA68CDE90020684698474D
S31500004DB002B010BD8B6823B1CA68CDE900206846F1
S31500004DC09847074BC03453F824206FF3104243F83A
S31500004DD0242053F8243002B010BD00BF040900207F
S31500004DE00060004003460020D3E902239360704729
S31500004DF003460020D3E90223536070470346002090
S31500004E00D3E90223D3607047034630B4D3E90123C4
S31500004E10D2690020D2E9011444F00045D46841F07B
S31500004E20004144F000445D619C61D2E9044219618D
S31500004E305C629A6230BC70474FF000410022836882
S31500004E4010461961596199615A629A62704700BFAA
S31500004E5010B4D0E901434A1E9A6624781CB9490861
S31500004E60013959659965D96AC90705D44FF4AA0469
S31500004E70C1685A661C64D96000205DF8044B70470F
S31500004E8003469A680020D36AC3F300030B71936C40
S31500004E900B60704784460020CCE90632CCF814102B
S31500004EA0704700BF70B5836984B004468C461646C9
S31500004EB001AD9BB193E8070085E8070083F804C0BD
S31500004EC0E26918469E601A6063699847A3691BB138
S31500004ED095E8070083E8070004B070BD2B46EDE7B0
S31500004EE002464FF0010C30B494680C4D626E0C4BC8
S31500004EF062448A60E46A2A6A1B6881F800C0C4F3C7
S31500004F00C35CC2F30264A34002F00702D34023FA53
S31500004F100CF3002030BC4B60704700BF00E001403E
S31500004F20900A002030B48C6E01342AB1944203D921
S31500004F3030BC013A1A607047029D496B0078ED0754
S31500004F4054BF01F01F01C1F30441032808D9090920
S31500004F5081F001016AB9A1B930BC02225A607047DA
S31500004F6001F00C01A1F10401B1FA81F14909002A0D
S31500004F70F1D0944201D80029EED130BC03225A6008
S31500004F807047002CE8D0F8E72DE9F0414FF0FF3CE0
S31500004F900025064684B0009202AB0F46144602F086
S31500004FA003080A46D0E90101CDE902C5FFF7BAFFB9
S31500004FB0B368039A1D6B5AB914F0080F0CBF02218F
S31500004FC00421A0071DD5029803EB8101C86408657A
S31500004FD061061ED5196CB8F1010F41F48001196400
S31500004FE006D025F4403545EA0245B8F1000F03D056
S31500004FF025F0407545EA026500201D6304B0BDE852
S31500005000F08141440298123103EB81014860610648
S31500005010E0D4B8F1010F12D025F44035022C45EA50
S315000050200245E2D1002AE3D00120009019463A4613
S3150000503002AB7068FFF776FF039AB368D8E7022CD5
S31500005040D6D1002AD4D0EFE7002800DA704710B492
S3150000505000F160430901134CC9B203F5614383F8BB
S315000050600013114B00F1C00144F8202053F8212011
S315000050706FF3104243F8212053F82130BFF35F8FBE
S31500005080012243099B0000F01F0003F1604303F572
S31500005090614302FA00F0C3F8800118605DF8044B22
S315000050A0704700BF040900200060004001222DE97E
S315000050B0F0410D46097C044602FA01F3C3601B0762
S315000050C014BF002302744FF0000218BF0374814B13
S315000050D084B00B4469691B0283604560D5E90636D6
S315000050E04161C0E90623EFF3108E4FF0010C8CF3FB
S315000050F010884FF00040784B2F7C196920FA07F78B
S3150000510021EA070119611B698EF310884FF42541C6
S31500005110A368D5F804E01960DA62DA639A6429783C
S315000051202F7A03294FEAC7570EF1FF3800F098800F
S31500005130DF6203921861586198615A629A624FF071
S31500005140FF32B069F76AD861F06902921862C3F853
S315000051506880C3F86480002940F0B1806146384613
S315000051604FF0030C4FEA5E02013A02925A659A65C5
S3150000517000284FD13278002A5AD12878B278C2B1A5
S3150000518096F803E002284FEA0E1242EA8E1200F069
S315000051909080032800F09B80BEF1000F14BF4FF0F3
S315000051A0090E4FF0060E42EA0E0247EA024747F0A2
S315000051B0807700229A63C3F8882096F8212096F813
S315000051C020E0520742EA4E3217434FF4AA02012862
S315000051D01A6429D0E268DA605F63C3F830C01963E5
S315000051E02246697C95F91200FFF72EFF224696F8B3
S315000051F0221096F92400FFF727FF96F9250022468C
S3150000520096F82310FFF720FF0020344B236004B0EC
S31500005210BDE8F08100229A63C3F888204FF4AA0201
S3150000522028781A640128D5D10022DA641A65D1E7F4
S3150000523096F801E028784FEA0E12022842EA8E120A
S315000052403AD0032841D0BEF1000F14BF4FF0090E2B
S315000052504FF0060E42EA0E02174347F480778DE7B9
S3150000526047F48037DF6203921861586198615A6289
S315000052709A624FF0FF320292B269F76ADA61F26916
S315000052801A62C3F86880C3F8648019460023009345
S31500005290EA68606802ABFFF745FEDDE90220010619
S315000052A041EA004141F0030CA368F06A41F00101B4
S315000052B05CE74FF0090E76E74FF0090ECAE70129C1
S315000052C0E3D138464FF0030C50E78646C2E78646E0
S315000052D069E700BF90164000004008405450470060
S315000052E030B4426892F91230D269002B10DB0124E7
S315000052F003F01F05AC4059091F4D203145F82140E8
S31500005300BFF34F8FBFF36F8F00241C4941F8234032
S3150000531092F92430002B10DB012403F01F05AC406A
S315000053205909154D203145F82140BFF34F8FBFF382
S315000053306F8F0024114941F8234092F92530002B44
S3150000534011DB01210C4C5A0903F01F0C203201FA23
S315000053500CF144F82210BFF34F8FBFF36F8F00217B
S31500005360064A42F823100023D0E9022130BC03602C
S31500005370184691605363704700E100E0040900207D
S3150000538070B5EFF30383103B1E495BB203F1C00C0B
S3150000539051F82C009A006FF3104002F1804241F858
S315000053A02C0002F5C042D2F80003174850F823003B
S315000053B0446894F800E0BEF1010F08D043692BB1B0
S315000053C0BDE8704000221146FFF76CBD70BD002499
S315000053D0D0E90256AE60AC64EC642C6551F82C50F2
S315000053E064F3104541F82C50D2F80023BFF35F8FC9
S315000053F006495A0903F01F030EFA03F3603241F817
S315000054002230DBE7006000400409002000E100E0F4
S3150000541030B490F90400204D82B0019100F1C00C27
S31500005420009255F82C201D4C6FF3186245F82C207D
S3150000543055F82C10C1F3080141F40041E28992B2FB
S315000054408A42FBD008222274019A1AB3144A019C9C
S3150000545052F820104C60009919B152F82010009CA7
S315000054608C6052F82010CA7802F0C002802A0FD051
S3150000547002B9CB8118210020084B074A197452F84B
S315000054802C3043F0807342F82C3002B030BC7047A9
S315000054908B81EFE7024ADEE70060004000540040DF
S315000054A0000000200620704706207047034693F947
S315000054B004300549C03351F82320002042F08072A1
S315000054C041F82320704700BF00600040034693F96F
S315000054D00430054AC03352F8231000206FF31861D8
S315000054E042F82310704700BF0060004010B400244B
S315000054F0154B90F9042053F82220D378C1E90044D3
S3150000550013F0C0030BD04FF48074D089802BC0B247
S31500005510C1E902400DD000205DF8044B70474FF4FE
S315000055208030D3895DF8044B9BB2C1E902030020A9
S3150000553070474FF4803093895DF8044B9BB2C1E904
S3150000554000030020704700BF000000200346002231
S3150000555070B493F90410084C01F1C00C54F82C50A7
S31500005560064E6FF3186544F82C50104646F8212075
S315000055701A6070BC704700BF006000400000002049
S31500005580274AF8B5137805460C463BB3636893F98A
S31500005590000000283FDB234E56F82030002B3CD17C
S315000055A028712468B4B12346DA78194612F0C00F80
S315000055B004D0DA89D2B242EA0222DA818A7810333A
S315000055C012F0C00FF0D10822174B1A74182246F8B1
S315000055D020401A74154B00202B60F8BD012616706A
S315000055E0EFF3108086F31088114A116821F48001C8
S315000055F01160126880F310880A4F19464FF4C07282
S31500005600384600F052FC084B5F611E73636893F9DD
S3150000561000000028BFDA0B20F8BD0820F8BD00BF47
S31500005620BD08002000000020005400400043544400
S315000056300040084010B590F904E01A4B0EF1C00C7A
S3150000564053F82C20184C6FF3186243F82C2053F8AB
S315000056502C20C2F3080242F40042E3899BB2934233
S31500005660FBD00B46DA78184612F0C00F04D0DA8960
S31500005670D2B242EA0222DA818078103310F0C000FA
S31500005680F0D108221824084B1A74084A42F82E1042
S31500005690044A1C7452F82C3043F0807342F82C30C4
S315000056A010BD00BF00600040005400400000002014
S315000056B0064B074993F826001A6A51F82030C2F3C0
S315000056C002620449D3400B60704700BF00E001400E
S315000056D0F8030020900A0020F8B54AF2035001238F
S315000056E03749384AA1F8FE03A2F80431B2F804316A
S315000056F09BB2002BFAD101214FF400454FF0090C63
S31500005700314CDFF8DCE0314EC4F804E0DFF8D4E0D9
S315000057102B48C4F80CE02E4FA2F800112D4AB160B8
S3150000572031606261276090F82620A5602561056AD0
S3150000573054F82220C5F30265EA40274D2A6080F816
S31500005740133480F8A2C090F8803493B300231C4928
S3150000575081F8813481F8803481F8323091F83C3018
S315000057601A07FBD543F202100023154A088581F873
S315000057702A3092F83C309B06FBD5032005231149BD
S3150000578081F81C0115490120116282F8263092F831
S315000057902630116A54F82330C1F30261CB402B60E6
S315000057A04FF4254382F8300082F85200A2F8FE3307
S315000057B0F8BD80F8801440F2C44000F04DF8C5E70B
S315000057C000E0014000C00140F803002000700040E6
S315000057D0002D310100C2EB0B900A0020211201209E
S315000057E000127A0000366E0138B50025134C0121EF
S315000057F0C82084F8285000F02FF884F8245094F834
S315000058002430002BFBD194F824300C4A43F00203D9
S3150000581084F8243092F82430C3F340049B07F9D46B
S31500005820012082F8224000F0E7F8054B012083F8BA
S31500005830BB44BDE8384000F0AFB800BF00300840B8
S3150000584000E00140704700BF00BEFEE7A0F1010086
S315000058500028FBD1704700BF10B54FF47A72164C82
S31500005860164B24684FF0000EB3FBF4FC4FF0FF33E9
S3150000587000FB01F1A1FB020483427EEB040407D383
S31500005880B0FBFCF0800880B1BDE81040FFF7DEBF3A
S315000058904FEA8C0CB1FBFCF1A1FB02128B427EEBB2
S315000058A0020203D308460028EED110BD1846BDE813
S315000058B01040FFF7CBBF00BF900A002000CA9A3BFA
S315000058C070B500240A4B0B4EB3F84051ADB225FA21
S315000058D004F3DB07E0B203D556F8243003B198474A
S315000058E00134102CF3D1024BA3F8305170BD00BF28
S315000058F000600040C008002030B56FF0FF0585B09D
S31500005900032000F079F84FF0FF311F4C1F48224664
S31500005910856400230125CDE90111039104F1C00E30
S3150000592032F8020F590960B104A800EB810151F861
S315000059300C0C03F01F0C05FA0CFC20EA0C0041F8D5
S315000059400C0C724503F10103EAD10199104B0F4A81
S3150000595003201167C3F8801202995167C3F88412B5
S3150000596003999167C3F8881200F016F800230948D6
S3150000597003F1C00234F8021F0133602B40F82210F5
S31500005980F6D105B030BD00BF4ABB00000080004024
S3150000599000E100E000600040EFF31081012383F393
S315000059A01088124B33F8102092B22AB133F8102027
S315000059B0013A92B223F8102033F810309BB293B913
S315000059C00B4A10B4B2F8FE330A4C9BB234F81000FE
S315000059D043F4254323EA0003A2F8FE3381F310883B
S315000059E05DF8044B704781F310887047840A0020E5
S315000059F000E00140D0BC000030B4EFF31081012379
S31500005A0083F310880E4A32F810309BB26BB90D4CF6
S31500005A100D4DB4F8FE3335F810C09BB243EA0C03C3
S31500005A2043F425439BB2A4F8FE3332F81030013319
S31500005A309BB222F8103081F3108830BC704700BF4B
S31500005A40840A002000E00140D0BC00000D4908B5E2
S31500005A500A6803464AB103330B4823F00303134491
S31500005A60834206D810460B6008BD08480246086007
S31500005A70F1E700F007FA0C234FF0FF3203601046FF
S31500005A8008BD00BF8C0A0020A82A0020A80A002012
S31500005A9000BE704708B500F003F8FDF725FCFEE7E9
S31500005AA04FF4700270B5254B254CC3F888200020B2
S31500005AB09C60FDF70DFCFFF70FFE0120FDF708FCCB
S31500005AC02368A3F5805383F30A881E481E4A0021E3
S31500005AD0121A00F0EAF91D481D4A1E49121A00F072
S31500005AE0D7F91D4D1D4B5B1B002B07DD00249E10B7
S31500005AF055F8043B01349847A642F9DCFFF7D8FD78
S31500005B00FFF772FE0320FFF777FF00234FF6FF70C3
S31500005B10134903F108020133092B21F81200F8D1C9
S31500005B200320FFF739FF0220FDF7D2FBFFF7E4FE63
S31500005B30BDE870400020FFF785BE00BF00ED00E025
S31500005B400000000018040020A40A002080010020A4
S31500005B50F8030020ECC10000F0030020F40300204D
S31500005B60000D084053B94AB9002908BF00281CBFD8
S31500005B704FF0FF314FF0FF3000F082B9ADF1080C65
S31500005B806DE904CE00F006F8DDF804E0DDE9022355
S31500005B9004B070472DE9F04F099D04460F46002BCF
S31500005BA048D18A42944661D9B2FA82F343B1C3F12D
S31500005BB020019F4002FA03FC9C4020FA01F10F43AA
S31500005BC04FEA1C411FFA8CFE220CB7FBF1F601FBD3
S31500005BD0167706FB0EF042EA0742904208D91CEB04
S31500005BE0020206F1FF3702D2904200F237813E46AA
S31500005BF0121AA4B2B2FBF1F001FB102200FB0EFE5A
S31500005C0044EA0244A64508D91CEB040400F1FF321D
S31500005C1002D2A64500F21C81104640EA0640A4EBDB
S31500005C200E0400261DB1DC400023C5E900433146C1
S31500005C30BDE8F08F8B4209D9002D00F0FD800026CB
S31500005C40C5E9000130463146BDE8F08FB3FA83F668
S31500005C50002E4BD18B42C0F0F280824240F2EF80A0
S31500005C603046002DE3D0C5E90047E0E702B9FFDE84
S31500005C70B2FA82F3002B40F09D80891A4FEA124E49
S31500005C8097B20126200CB1FBFEF20EFB121140EA80
S31500005C90014107FB02F088420FD91CEB010102F11A
S31500005CA0FF382CBF4FF001094FF00009884203D995
S31500005CB0B9F1000F00F0CF804246091AA4B2B1FB39
S31500005CC0FEF00EFB101100FB07F744EA0144A74261
S31500005CD008D91CEB040400F1FF3102D2A74200F2FE
S31500005CE0B4800846E41B40EA02409BE7C6F1200761
S31500005CF0B34001FA06F422FA07FCF940B2404CEA36
S31500005D00030C20FA07F34FEA1C491C431FFA8CFECA
S31500005D1000FA06F3200CB1FBF9F809FB181140EA6A
S31500005D20014108FB0EF088420FD91CEB010108F176
S31500005D30FF3A2CBF4FF0010B4FF0000B884203D9FE
S31500005D40BBF1000F00F08D80D046091AA4B2B1FB5A
S31500005D50F9F009FB101100FB0EFE44EA01418E45E5
S31500005D6007D91CEB010100F1FF3401D28E457FD823
S31500005D70204640EA0840A1EB0E01A0FB02984145EF
S31500005D804C46C64602D306D14B4504D20138B9EB80
S31500005D90020468EB0C0E002D70D01A1B61EB0E018D
S31500005DA022FA06F301FA07F7F14000261F43C5E978
S31500005DB000713CE702FA03FCC3F1200001FA03F28A
S31500005DC021FA00F64FEA1C4E24FA00F11FFA8CF76E
S31500005DD09C401143B6FBFEF00A0C0EFB106642EA2D
S31500005DE0064200FB07F696420ED91CEB020200F1B2
S31500005DF0FF382CBF4FF001094FF00009964202D937
S31500005E00B9F1000F31D04046921B89B2B2FBFEF6C3
S31500005E100EFB162241EA024106FB07F28A4207D927
S31500005E201CEB010106F1FF3801D28A4223D846460F
S31500005E30891A46EA004625E72E462846F7E6841ADA
S31500005E4061EB030301201F460BE76444023849E770
S31500005E5064440238E1E6023A61442EE7023E6244B7
S31500005E60C6E6A8F1020861446FE702386244CBE750
S31500005E70023861447DE7023E6144D9E72E46D6E604
S31500005E80704700BF014B1868704700BF1C02002016
S31500005E900A44431E914200D1704710B511F8014BD8
S31500005EA0914203F8014FF9D110BD024403469342D3
S31500005EB000D1704703F8011BF9E72DE9FF4755ECC0
S31500005EC0104B002D0E4619462B46B4BF05F1004374
S31500005ED000239146BFBF22461D462D231446DDF8FA
S31500005EE030A00B700D9B23F02008B8F1460F05D0AB
S31500005EF0B8F1450F00D10136022100E0032103ABC2
S31500005F003246019302AB45EC104B0093534601F029
S31500005F104BFEB8F1470F074602D119F0010F22D008
S31500005F20B8F1460F07EB060910D13B78302B0AD1A2
S31500005F30002200232046294605F078F818B9C6F154
S31500005F400106CAF80060DAF80030994400220023FE
S31500005F502046294605F06AF808B1CDF80C903022A3
S31500005F60039B4B4507D3039B38460E9ADB1B1360F6
S31500005F7004B0BDE8F087591C03911A70F0E7F7B535
S31500005F8000290346B8BF494203F8022BB4BF2D22AD
S31500005F902B22092942702ADD0DF107040A27A4469F
S31500005FA00A46A646013C632A91FBF7F607FB16153F
S31500005FB0314605F130050EF8015CF1DC3031AEF109
S31500005FC0020504F8011C441C294661450AD30DF15B
S31500005FD00902A2EB0E02654588BF00221344181A77
S31500005FE003B0F0BD11F8012B04F8012FEDE73023C3
S31500005FF030318370031DC170F1E7FFFF2DE9F04FCB
S315000060002DED028B8DB00C4616461F46DDF86080DE
S31500006010054603F019F8D0F800A0504600F048FEF7
S31500006020002394F818B008EE100A0A932368059323
S31500006030D8F80030073323F0070303F10802C8F845
S315000060400020D3E90023C4E91223D4E912894FF0D2
S31500006050FF3229F00043CDF8188007939E4BDDE907
S31500006060060105F015F888BB4FF0FF329A4BDDE9C3
S31500006070060104F0EFFF48BB0022002340464946D4
S3150000608004F0DEFF10B12D2384F84330934B94487F
S31500006090BBF1470F94BF9846804603234FF0000993
S315000060A02361059B23F00402226033460BAA214696
S315000060B02846009700F0D8F9013040F090804FF064
S315000060C0FF300DB0BDEC028BBDE8F08F42464B466B
S315000060D04046494604F0DCFF40B14B468148002B60
S315000060E0BCBF2D2384F843307F4BD1E70BF0DF0292
S315000060F0636806925A1C3FD106236360059B2846B7
S31500006100616843F48062002303930AAB2260CDE901
S3150000611001B309AB49EC108B00930DF12303FFF794
S31500006120CCFE069B80460999472B08D1C81C02DB8A
S315000061306368994241DDABF1020B5FFA8BFBBBF161
S31500006140650F20D801395A4604F150000991FFF72E
S3150000615016FF0A9A81461318012A236102DC226877
S31500006160D20701D5013323619DF82330002B9CD043
S315000061702D2384F8433098E7069A472ABED1002B90
S31500006180BCD10123B9E7BBF1660F18D100296368BA
S315000061900BDD216113B92268D00702D501330B4408
S315000061A023614FF00009A165DEE713B92268D20723
S315000061B001D50233F4E70123F2E74FF0670B0A9BA0
S315000061C0994205DB23682161D807EAD54B1CE7E72E
S315000061D00029D4BFC1F1020201221344E0E723687B
S315000061E05A0507D42369424631462846B847013046
S315000061F02CD164E7BBF1650F40F2E080002200235A
S31500006200D4E9120104F012FF002834D00123374AE2
S3150000621031462846B84701303FF451AFDDE909233E
S315000062209A4202DB2368D80710D518EE103A524678
S3150000623031462846B84701303FF441AF4FF00008D9
S3150000624004F11A090A9B013B434509DC23689B07B5
S3150000625000F10581E0680B9B9842B8BF184630E70D
S3150000626001234A4631462846B84701303FF427AF56
S3150000627008F10108E6E7099B002B39DC01231B4ADC
S3150000628031462846B84701303FF419AFDDE9092306
S31500006290134302D12368D907D8D518EE103A5246CF
S315000062A031462846B84701303FF409AF4FF00009A0
S315000062B004F11A0A099B5B424B4501DC0A9B92E7F3
S315000062C00123524631462846B84701303FF4F7AE1F
S315000062D009F10109EEE700BFFFFFEF7FDCBC00001C
S315000062E0E0BC0000E8BC0000E4BC0000ECBC000020
S315000062F00A9AA36D9A42A8BF1A46002A914637DC2D
S315000063004FF0000B29EAE97904F11A02A36D05930F
S31500006310A3EB09035B4533DCDDE909239A423BDB4A
S315000063202368DA0738D40A9B059A09999A1AA3EBC7
S3150000633001099145A8BF9146B9F1000F35DC4FF030
S31500006340000829EAE97904F11A0ADDE909239B1A0A
S31500006350A3EB090343457FF779AF01235246314644
S315000063602846B84701303FF4AAAE08F10108ECE729
S315000063701346314642462846B8470130C0D19EE60C
S315000063800123314628460592B84701303FF497AEBF
S315000063900BF1010B059AB9E718EE103A5246314651
S315000063A02846B8470130BED189E6059A4B463146A4
S315000063B028464244B8470130C1D180E60A9A012AEC
S315000063C001DCDB0738D50123424631462846B8476B
S315000063D001303FF474AE18EE103A52463146284664
S315000063E0B84701303FF46BAE00220023D4E9120116
S315000063F004F01CFED8B90A9B08F10102013B3146A4
S315000064002846B84701300ED159E601235246314697
S315000064102846B84701303FF452AE08F101080A9BFE
S31500006420013B4345F1DC4B4604F15002DCE64FF0FC
S31500006430000804F11A0AF2E701234246DFE70123C6
S315000064404A4631462846B84701303FF438AE08F18F
S315000064500108E3680B995B1A4345F0DCFAE64FF056
S31500006460000804F11909F4E72DE9F04716469946A4
S315000064708A6807460B690C46DDF820809342B8BF50
S315000064801346336091F843200AB101333360236821
S31500006490990642BF336802333360256815F0060556
S315000064A006D104F1190AE36832689B1AAB4229DC6B
S315000064B094F84320131E226818BF012392062ED497
S315000064C004F1430249463846C047013021D02368CB
S315000064D01A3454F80E5C03F0060332680026042BC7
S315000064E054F8123C08BFAD1A54F80A2C14BF002504
S315000064F025EAE5759342C4BF9B1AED18B5421AD139
S31500006500002008E00123524649463846C04701307C
S3150000651003D14FF0FF30BDE8F0870135C3E7E1183E
S315000065205A1C30200233224481F8430094F8451067
S3150000653082F84310C4E70123224649463846C0473D
S315000065400130E6D00136D9E72DE9FF470F7E9146A7
S3150000655080460C46782F9A460C9D01F1430207D8D7
S31500006560622F0AD8002F00F0D880582F00F0A380A1
S3150000657004F1420584F842703AE0A7F16303152B53
S31500006580F6D801A151F823F0E1650000F565000099
S31500006590716500007165000071650000716500009D
S315000065A0F565000071650000716500007165000009
S315000065B0716500000167000025660000E3660000C3
S315000065C071650000716500002367000071650000B9
S315000065D0256600007165000071650000EB6600002D
S315000065E02B681A1D1B682A6004F1420584F84230A4
S315000065F00123A3E020682968060601F104030AD5F1
S315000066000E682B60002E03DA2D23764284F8433081
S315000066105E480A2319E00E6810F0400F2B6018BF81
S3150000662036B2EFE72B682068191D2960010601D5EF
S315000066301E6802E04606FBD51E886F2F53480CBF26
S3150000664008230A23002184F843106568002DA560FD
S31500006650A2BF216821F0040121600EB9002D4DD0A2
S315000066601546B6FBF3F103FB1167C75D05F8017D1F
S3150000667037460E46BB42F4D9082B0BD12368DE07FA
S3150000668008D5236961689942DEBF302305F8013CCD
S3150000669005F1FF35521B22614B4603AA21464046AF
S315000066A0CDF800A0FFF7E0FE01304CD14FF0FF30EF
S315000066B004B0BDE8F087354881F84570296823683D
S315000066C051F8046B29601D0614D5DF0744BF43F05B
S315000066D0200323601EB9236823F0200323601023C0
S315000066E0B0E7236843F0200323607823284884F822
S315000066F04530E3E7590648BFB6B2E6E71546BBE7BD
S315000067002B682668181D6169286035061B6801D547
S31500006710196002E07006FBD5198000231546236137
S31500006720BAE72B6800211A1D2A601D686268284690
S3150000673002F0ACFC08B1401B606063682361002373
S3150000674084F84330A8E723692A4649464046D0479D
S315000067500130ABD023689B0713D4E068039B9842B3
S31500006760B8BF1846A4E70123324649464046D047FB
S3150000677001309BD00135E36803995B1AAB42F2DC2A
S31500006780EBE7002504F11906F5E700BFEEBC0000B3
S31500006790FFBC00002DE9F04F87B017468B468046B8
S315000067A003930C468B685A1EB2F5AE7F8BBF6FF40F
S315000067B0AE7500235B1902934FF0000584BF029368
S315000067C040F25D13AA46A94688BF8B600B68019507
S315000067D043F4F0634BF81C3B5E46CDE90455A268D2
S315000067E052B13B681B784E2B64D8402B3CD8A3F1A2
S315000067F02B01C8B20E283AD9B9F1000F03D023688D
S3150000680023F4807323600AF1FF3ABAF1010F00F214
S3150000681013815E4500F205810125284607B0BDE8D3
S31500006820F08FA3F161020D2AE6D801A151F822F0FA
S315000068306F690000F9670000F9670000F96700005A
S31500006840CF690000A7690000F9670000F96700003A
S315000068507D690000F9670000F9670000F96700002C
S31500006860F967000035690000A3F14102DBE70E2954
S31500006870C2D801A050F821F027690000F96700008E
S3150000688027690000BB690000F9670000D5680000B1
S31500006890116900001169000011690000116900000A
S315000068A011690000116900001169000011690000FA
S315000068B0116900006E2B09D8602BB2D8542B77D003
S315000068C0592B99D1072D97D1082529E0742B6FD024
S315000068D0792BF6E72168C8051AD521F08001029BBD
S315000068E009F1010921601BB1013B01320293A2604B
S315000068F0A368013BA3602369013323617B68013BE5
S31500006900002B7B6040F384803B6801333B6066E785
S315000069101AEB050F7FF470AF226822F4C072226072
S3150000692006F8013BE4E7226810067FF565AF22F022
S315000069308002F4E7BAF1000F0ED1B9F1000F0ED1C3
S31500006940226802F4E061B1F5E06F08D122F4F0624A
S315000069504FF0010A2260E3E7BAF1020F55D0012D8C
S3150000696002D0042D7FF448AF0135EDB2D8E7BAF175
S31500006970010F7FF441AF4FF0020AD1E77DB9B9F1BB
S31500006980000F7FF43CAF226802F4E061B1F5E06FDE
S315000069907FF439AF22F4F06201252260C0E7032DAF
S315000069A0E2D0052DDEE7022D7FF426AF0325B7E7FB
S315000069B0062D7FF421AF0725B2E7226891057FF502
S315000069C01BAF22F42072CDF804902260A8E722685B
S315000069D002F4A061B1F5806F06D050057FF50CAFCB
S315000069E0B9F1000F3FF40FAF910522F4F06258BFE2
S315000069F0019942F4C07258BFA9EB010122604FF021
S31500006A00000958BFCDE904168AE74FF0030A87E765
S31500006A10D4F8803139464046984700283FF4DFAE27
S31500006A20EAE6D4F87C313A4616F8011D4046984706
S31500006A302369013B2361ECE66B1E062B25D8022D4C
S31500006A4036D85E457FF6E8AED4F87C313A4616F87D
S31500006A50011D404698472369013B2361F1E70298EF
S31500006A603A46D4F87C3110F8011D0290404698470A
S31500006A702369013B23610AF1FF3A5FFA8AFABAF108
S31500006A80020FECD1033DEDB2761B2368DA052ED555
S31500006A905B0510D55E457FF6BFAED4F87C313A462D
S31500006AA016F8011D404698472369013B2361F1E72B
S31500006AB0AA460296DFE716F8011C751E23696529AA
S31500006AC003F1FF3323610CD045290AD0D4F87C3179
S31500006AD03A464046B51E9847236916F8021C013B04
S31500006AE023612E46D4F87C313A46404698472568BD
S31500006AF015F0100559D13570236803F4C063B3F55A
S31500006B00806F1BD1019B4B45A3EB090223D10022C9
S31500006B105946404600F0F2FE2268039B12F0020F2F
S31500006B201B6857EC106B21D01A1D03990A601B686D
S31500006B30C3E90067E3680133E3606EE6049B002B5C
S31500006B40E5D005990A232A464046013100F05EFF4A
S31500006B50049B059EC21A04F26F1315499E4228BF74
S31500006B6004F5B776304600F079F8D0E7039912F0CD
S31500006B70040F03F104020A60D9D1D3F8008010EEA5
S31500006B80102A3B4610EE100A394604F081FA28B165
S31500006B90084800F029F888ED000ACBE73046394668
S31500006BA004F0D4FAC8F80000C4E7002535E600BFB3
S31500006BB010BD000099C100000FB40A4B13B51C6844
S31500006BC024B1A36913B9204601F032FE05AB049A3D
S31500006BD0A1682046019303F0A9F902B0BDE8104070
S31500006BE004B070471C0200209FED010A704700BFE9
S31500006BF00000C07F0CB4184B30B50C1E9DB01D684C
S31500006C0008DA8B234FF0FF302B601DB0BDE8304013
S31500006C1002B070474FF402730290069002A9ADF8D5
S31500006C20143014BF04F1FF332346209A28460493F8
S31500006C3007934FF6FF73ADF8163021AB019303F0BF
S31500006C404BF8431CBCBF8B232B60002CDDD0029B72
S31500006C5000221A70D9E700BF1C0200200EB400B54E
S31500006C609CB06FF000411DAB029006900791049115
S31500006C700848094953F8042B059102A900680193B5
S31500006C8003F02AF8029B00221A701CB05DF804EB90
S31500006C9003B070471C0200200802FFFF10F8012B0A
S31500006CA011F8013B012A28BF9A42F7D0D01A704743
S31500006CB0034613F8012B002AFBD1181A0138704736
S31500006CC070B504460D46164645EC104B02F064FDC1
S31500006CD051EC100B7EB1C5F30A53C3F16B03002BC5
S31500006CE009DD1B05002403F17F55224605F54015F5
S31500006CF02B4603F033FF70BD2DE9F04F1F460023EE
S31500006D00044688464FF0000A4FF0000B2DED028B2B
S31500006D109DB018939F4B13921B6818460593FFF777
S31500006D20C7FF0546CDF85C80179B1A782B2A4ED0F4
S31500006D303BD80D2A34D8082A34D8002A3ED000235E
S31500006D400A93179E3378302B40F0B080737803F0A7
S31500006D50DF03582B68D10A9B17A902972046019397
S31500006D6018AB8D4A009319AB01F066FE10F00707C9
S31500006D70054605D0062F2CD10136002317960A9317
S31500006D80139B002B40F08E850A9BEBB152460BF10C
S31500006D90004343EC102B1DB0BDEC028BBDE8F08F19
S31500006DA0202ACCD101331793BEE72D2AC7D1012261
S31500006DB00A925A1C17925B78002BC2D1139BCDF80E
S31500006DC05C80002B40F06C8552465B46E1E7002272
S31500006DD0EEE7189A3AB135211AA802F0E6FD18999D
S31500006DE0204602F0A1F9013F042F06D8DFE807F09C
S31500006DF00A0314170A00DDE91AAB2807C0D54BF0C1
S31500006E00004BBDE7DDE91AA3199A23F4801302F2B9
S31500006E10334243EA025BF0E7DFF880B1EDE76FF05B
S31500006E20004B4FF0FF3AE8E7179B5A1C17925B7826
S31500006E30302BF9D0002BA3D001234FF00009049387
S31500006E400A22179B4F46CDF81C9008931798067890
S31500006E50A6F13003D9B209292AD92A46059903F0A1
S31500006E60F2F9A0B3002032463D4603460590652A56
S31500006E7001D0452A18D11DB9049A02439ED0002597
S31500006E80DDF85C8008F10102179298F801202B2AA0
S31500006E9075D02D2A7BD04FF0000CA2F130010929C4
S31500006EA040F28280CDF85C8000269DE00023C4E796
S31500006EB0082F00F1010007F10107D4BF079902FB73
S31500006EC009391790DCBF02FB01330793BEE7179B16
S31500006ED05A1917925A5D002F36D03D460590A2F1F9
S31500006EE03003092B12D90123C1E7179B01305A1C25
S31500006EF017925A78302AF8D0A2F13103082B00F203
S31500006F00D68405900020179B05460893303A00F179
S31500006F10010313D0059900EB050E19442B46059184
S31500006F200A21734512D12B180135082B05441CDCA8
S31500006F3007990A2303FB012307930023179A184690
S31500006F40511C17915278CAE73846D3E7082B04DC60
S31500006F50079E4E4307960133E3E703F1010CBCF1AC
S31500006F60100FD8BF01FB09F9F5E7102DDCBF0A2386
S31500006F7003FB0929E1E70023059301237CE74FF092
S31500006F80000C08F10202179298F8022085E74FF0EC
S31500006F90010CF6E704C0000018BD00000000F07FF9
S31500006FA0179A511C17915278302AF9D0A2F1310163
S31500006FB008293FF679AFA2F1300E179A0692179A72
S31500006FC0511C17915278A2F13006092E37D9069E28
S31500006FD0891B44F61F66082902DC7645A8BF76465B
S31500006FE0BCF1000F00D07642002D4DD1049901432B
S31500006FF07FF4C6AE002B7FF4E1AE692A27D024DCED
S31500007000492A24D04E2A7FF4D9AE9F4917A801F009
S315000070106BFF00283FF4D2AE179B1B78282B2DD18F
S315000070201AAA9A4917A801F073FF052826D11B9BB7
S31500007030DDF868A043F0FF4B4BF4E00BA0E60A2115
S3150000704001FB0E2EAEF1300EB9E76E2ADBE7904952
S3150000705017A801F049FF00283FF4B0AE179B17A808
S315000070608C49013B179301F03FFF10B9179B013381
S315000070701793DFF830B24FF0000A81E6864803F036
S3150000708087F85BEC10AB7BE6059B002F08BF2F460D
S31500007090102D0798A6EB0303A846A8BF4FF01008CB
S315000070A0069303F0E1FC092D82468B4613DD7B4BEC
S315000070B003EBC80353E9122303F050FD82468B46C7
S315000070C0484603F0D1FC02460B465046594603F0AB
S315000070D08FFB82468B460F2D38DC069B002B3FF438
S315000070E04FAE24DD162B0BDC6C49524601EBC30177
S315000070F05B46D1E9000103F031FD82468B463FE64F
S31500007100C5F12503069A934220DBC5F10F05634CB2
S3150000711052465B4604EBC501D1E9000103F01EFDB2
S31500007120069B5D1B04EBC504D4E90023E3E7069B3D
S3150000713016330BDB059B504659469E1B574B03EBFC
S31500007140C606D6E9002303F033FED6E7A5EB08080A
S31500007150069B9844B8F1000F74DD18F00F030AD0AF
S315000071604E49524601EBC3015B46D1E9000103F0EB
S31500007170F5FC82468B4638F00F084FD0B8F59A7F5B
S3150000718022DD00252E46079505952223DFF814B14A
S315000071904FF0000A2360079B002B3FF4F1AD1899CE
S315000071A0204601F0C1FF0599204601F0BDFF31469A
S315000071B0204601F0B9FF0799204601F0B5FF2946A0
S315000071C0204601F0B1FFDBE5354B4FEA2818504663
S315000071D05946049300239946B8F1010F21DC0BB1FF
S315000071E082468B462E4BABF1547B524603EBC909C4
S315000071F05B46D9E9000103F0B1FC2A4B0A468246F8
S315000072000B4029498B42BCD8A1F580118B4286BF21
S31500007210DFF898B04FF0FF3A02F1547B0023049355
S3150000722083E018F0010F05D0049BD3E9002303F097
S3150000723095FC0123049A09F101094FEA680808320E
S315000072400492C9E7EAD0C8F1000818F00F020AD084
S31500007250124B5046594603EBC203D3E9002303F011
S31500007260A7FD82468B465FEA2818D7D0B8F11F0FD4
S315000072701EDD00252E460795059522234FF0000AB0
S315000072804FF0000B236086E7E9BC00002CBD000030
S31500007290E1BC00006CBE000099C10000C0C0000047
S315000072A098C000000000F07F0000A07CFFFFEF7F89
S315000072B018F0100350465946DFF8A89318BF6A2302
S315000072C00493002318F0010F04D0D9E9002303F03A
S315000072D045FC01235FEA680809F10809F2D10BB100
S315000072E082468B46049BC3B1CBF30A525946C2F180
S315000072F06B03002B11DD1F2B40F32181342B4FF044
S31500007300000ADBBFC2F14B024FF0FF334FF05C7B4C
S3150000731003FA02F2D8BF02EA010B0022002350460C
S31500007320594603F083FE0028A3D1079B3A460899E5
S31500007330204600932B4601F061FF079000283FF49A
S3150000734020AF059B00259E1B069B002BB4BF334632
S3150000735000232E460C93069B23EAE3731293079BA6
S315000073602046596801F0A0FE059000283FF40DAFB5
S31500007370079B0C301A6903F10C0102329200FEF7EA
S3150000738087FD1AAA19A920464BEC10AB02F07EFA2B
S3150000739018904BEC18AB00283FF4F7AE01212046BD
S315000073A001F0C6FF064600283FF4EFAE199B04998C
S315000073B0002BA3EB0108A9BF0C9A129A03EB020952
S315000073C0129FB8BFD71A1A9AA14B9044B8BFDDF8DE
S315000073D03090C2F1360208F1FF38984580F2C3803A
S315000073E0A3EB080301211F2BA2EB030200F3AE80DF
S315000073F001FA03F30D930023089309EB0208049B9B
S315000074001744C1451F444B46A8BF4346BB42A8BFCD
S315000074103B46002BC2BFA8EB0308FF1AA9EB0309E2
S315000074200C9B002B17DD31461A46204602F03EF82B
S31500007430064600283FF4A9AE0146189A204601F0F8
S315000074408DFF0B9000283FF4A0AE1899204601F05E
S315000074506BFE0B9B1893B8F1000F00F38980069B17
S31500007460002B08DD129A2046059902F01FF80590B8
S3150000747000283FF48AAE002F08DD3A4605992046DB
S3150000748002F06EF8059000283FF47FAEB9F1000FC8
S3150000749008DD31464A46204602F062F806460028D4
S315000074A03FF473AE059A2046189902F0E5F80546B2
S315000074B000283FF46AAEC36831460B930023C360CD
S315000074C002F0BEF800285DDA0B9B53EA0A037FD16F
S315000074D0CBF31303002B7BD12BF000431B0D1B05B5
S315000074E0B3F1D66F74D96B6913B92B69012B6FDDB4
S315000074F029460122204602F033F83146054602F0BD
S315000075009FF8002864DD04995B46524A00297FD023
S3150000751002EA0B01B1F1D66F7ADCB1F15C7F7FF73D
S31500007520ACAE4D4B50465946002203F017FB0B46B6
S3150000753082468B46034304BF222323602FE64FF087
S31500007540FF3202FA03F303EA0A0AE6E6C8F17F48C5
S315000075500D9108F57F0808F57B4808F1E20801FA65
S3150000756008F3089349E70023089301230D9344E7A2
S3150000757042461899204601F0F3FF189000287FF440
S315000075806EAF02E65F466FD10B9ACBF3130342B39D
S31500007590324A934228D1049B5146EBB12D4B4FF012
S315000075A0FF323B40B3F1D46F19D81B0DC3F16B0307
S315000075B002FA03F3994217D1294B9F4202D10131B6
S315000075C03FF4E3AD234B4FF0000A3B4003F5801B2D
S315000075D0049B002BA5D1E2E54FF0FF33EAE7134603
S315000075E0E8E753EA0A038ED0089BDBB13B42EFD0B3
S315000075F00B9B5046049A5946C3B1FFF761FB0246FE
S315000076000B4651EC180B03F0F3F882468B46DFE786
S3150000761013404FF0FF3AA3F580136FEA135B6FEA4E
S315000076200B5BD5E70D9B13EA0A0FE0E7FFF748FB74
S3150000763002460B4651EC180B03F0D8F80022002343
S3150000764082468B4603F0F2FC0028C1D015E600BF47
S3150000765002FCFFFF0000F07F00005039FFFF0F0023
S31500007660FFFFEF7F40BD00003146284602F06AF971
S3150000767000224FF0804310EE100A59EC108B494659
S3150000768003F0E8FC00287AD00B9B002B4AD000229E
S31500007690934B4FF00008DFF84892CDE90823914B51
S315000076A03B400D930D9A904B9A4240F0B080A7F163
S315000076B0547BDDE908014BEC10ABCDE9080102F083
S315000076C06BF8DDE9080153EC102B03F047FA52463C
S315000076D05B4603F08DF80B4682498246834A194081
S315000076E0914260D918EE903A02F15472934204D155
S315000076F018EE103A01333FF448ADDFF8FCB14FF015
S31500007700FF3A1899204601F00FFD0599204601F031
S315000077100BFD3146204601F007FD2946204601F0C3
S3150000772003FD1CE6BAF1000F1BD1CBF31303F3B92B
S3150000773000226B4B4046494603F082FCD0B94046D6
S31500007740494600226A4B03F009FA8046894609F148
S315000077500043CDF850801593DDE91423CDE90823C5
S315000077609DE7BAF1010F02D1002F3FF486AD00224A
S31500007770604B8EE74FF00008DFF87491E7E75C4B4B
S3150000778040464946002203F0E9F90B9B80468946AC
S3150000779033B901F100430E900F93DDE90E23DDE7C7
S315000077A0CDE90E89F9E703F1547B049B002BA8D1A0
S315000077B02BF000430D9A1B0D1B059A42A1D14046A2
S315000077C0494603F013FD03F09BF902460B4640467B
S315000077D0494603F00BF8CBF313030B9A804643EAB2
S315000077E00A038946134355D035A3D3E9002303F092
S315000077F027FC00287FF4D3AC4046494632A3D3E9A0
S31500007800002303F03BFC00283FF47BAFC7E4049B56
S3150000781033B30D9BB3F1D46F22D8404649462CA30F
S31500007820D3E9002303F016FCA0B14946404603F015
S315000078306DFC012838BF012003F016F90B9B80462A
S31500007840894623BB01F1004310901193DDE9102313
S31500007850CDE90823099B0D9A03F1D6639B1A099378
S31500007860B0EE480AF0EE680ADDE90801CDE9080144
S3150000787001F092FFDDE9080153EC102B03F06EF9DD
S3150000788053EC182B02F0B4FF82468B468DE7CDE908
S315000078901089DBE710A3D3E9002303F0D1FBB2E79D
S315000078A000230A93179B139A1360FFF76DBA652A94
S315000078B03FF461AB452A3FF45EAB0123FFF796BB6D
S315000078C09535A094FFFFDF3F35E5AF350000E03F7B
S315000078D00000C0FFFFFFDF419535A094FFFFCF3FBB
S315000078E00000F03F0000F07F0000E07FFFFF9F7C7C
S315000078F00000E03F0000F0BFFFFFEF7F014BFFF706
S31500007900FBB900BF84020020012B2DE9F04701D00E
S31500007910242B06D9FEF7B6FA162303600020BDE82D
S31500007920F0870D46DFF8E0C02E4615F8014B14F837
S315000079300C7017F00807F7D12D2C32D12C780127BF
S31500007940B51C002B5BD0102B09D1302C07D12C781D
S3150000795004F0DF04582C4DD16C781023023507F162
S3150000796000484FF0000C08F1FF386646B8FBF3F903
S3150000797003FB198AA4F1300EBEF1090F16D874461E
S31500007980A34224DDBCF1000F1EDBB1451CD301D19F
S31500007990A24519DB06FB03464FF0010C15F8014B17
S315000079A0E8E72B2C04BF2C78B51CCAE7A4F1410EDE
S315000079B0BEF1190F01D8373CE2E7A4F1610EBEF122
S315000079C0190F04D8573CDBE74FF0FF3CE6E7BCF164
S315000079D0000F05DA22234646036042B930469EE789
S315000079E007B17642002AF9D0BCF1000F00D0691E1B
S315000079F01160F3E73024002BB1D10823AFE7302C18
S31500007A00A5D00A23ABE700BF69BD0000FFF77CBF26
S31500007A1030B514469BB005461A46002C05DA8B2372
S31500007A2003604FF0FF301BB030BD4FF4027300917E
S31500007A3004916946ADF80C3014BF04F1FF332346B8
S31500007A40029305934FF6FF73ADF80E301E9B02F0BE
S31500007A5043F9431CBCBF8B232B60002CE3D0009B57
S31500007A6000221A70DFE7FFFF07B5009313460A46A8
S31500007A70014603480068FFF7CBFF03B05DF804FB3F
S31500007A801C0200202DE9F74F036907460C69A34243
S31500007A90C0F28780013C00F1140501F1140805EBE2
S31500007AA0840355F824204FEA840B019308EB8409DC
S31500007AB058F8243001339A42B2FBF3F635D34FF02F
S31500007AC0000E4046AC46F24650F8042B93B2814570
S31500007AD04FEA124206FB03E34FEA134E9BB206FB44
S31500007AE002E2AAEB0303DCF800A04FEA124E1FFAEB
S31500007AF08AFA92B253440093DCF80030C2EB134288
S31500007B00009B02EB2342BDF8003043EA02434FEAF2
S31500007B10224A4CF8043BD7D255F80B302BB9019BBF
S31500007B20043B9D421A4630D33C61384601F088FD3D
S31500007B30002826DB013628464FF0000C58F8041BB7
S31500007B40D0F800E08BB2C1451FFA8EF2ACEB03030E
S31500007B5013444FEA1142C2EB1E4202EB23429BB290
S31500007B604FEA224C43EA024340F8043BE6D255F87A
S31500007B70242005EB840322B9043B9D421A460AD30E
S31500007B803C61304603B0BDE8F08F1268043B002A22
S31500007B90CAD1013CC5E71268043B002AF0D1013C7A
S31500007BA0EBE70020EEE7FFFF2DE9F04F456A0446BC
S31500007BB010EE10AA2DED048B93B057EC106BDDF888
S31500007BC08080BB46069109920C9375B9102001F08E
S31500007BD043FA0246606220B9A74BEA21A748FDF79F
S31500007BE033FEC0E901550560C560636A196851B185
S31500007BF05A680123204693404A608B6001F094FA4C
S31500007C00636A00221A603B1EADBF0023012223F0E7
S31500007C10004BC8F800309A4BB8BFC8F8002033EACA
S31500007C200B031BD142F20F730C9A1360CBF31303B1
S31500007C30334300F08F85219B63B9924B22E0924B30
S31500007C4001930833219A1360019813B0BDEC048B9D
S31500007C50BDE8F08F8B4B01930333F3E7002200233B
S31500007C605046594603F0E2F980464BEC19AB58B141
S31500007C7001230C9A1360219B002B00F06885834832
S31500007C801860431E0193DFE7CBF30A5510AA11A92A
S31500007C9020464BEC10AB01F0F9FD08EE100A002D62
S31500007CA000F0828019EE903A5646A5F2FF35CDF8DF
S31500007CB03880C3F3130343F07F5747F4401700227D
S31500007CC0734B3046394602F091FD65A3D3E9002394
S31500007CD002F044FF64A3D3E9002302F089FD0646BF
S31500007CE00F46284602F0D0FE61A3D3E9002302F036
S31500007CF035FF02460B463046394602F079FD064608
S31500007D000F4603F0DBF90022009000233046394687
S31500007D1003F096F950B1009802F0B6FE32463B46A3
S31500007D2003F084F910B9009B013B0093009B162BCE
S31500007D3059D8009A574B03EBC20351EC190BD3E900
S31500007D40002303F07DF900284FD0009B013B0093F0
S31500007D5000230B93109B5D1B6B1E059349BFC5F15A
S31500007D60010300230493002354BF04930593009B4F
S31500007D70002B3CDB059B009A13440A9205930023D3
S31500007D800793069B092B00F28980052BC5BF043B90
S31500007D90002501250693069B023B032B00F28980F2
S31500007DA0DFE803F02E3B395ADDE910531D4405F296
S31500007DB03243202BC6BFC3F1400305F21240C3F184
S31500007DC0200305F1FF35C5BF0BFA03F326FA00F0D1
S31500007DD006FA03F0184302F047FE01230646A1F116
S31500007DE0F8770E936BE70123B3E70B90B2E7049B9A
S31500007DF0009A9B1A04935342079300230A93C0E701
S31500007E0000230893099B002B56DC01231A46CDE973
S31500007E10023309920CE00123F3E70023099A089341
S31500007E20009B134402930133012B0393B8BF012334
S31500007E300022606A4260042202F1140641689E42F2
S31500007E403ED9204601F030F9019000283CD1124B72
S31500007E5002464FF4D571C1E60123DFE7AFF3008098
S31500007E6061436F63A787D23FB3C8608B288AC63F3A
S31500007E70FB799F501344D33F76BE00008DBE0000B1
S31500007E800000F07F72BE000069BE0000EDBC00007D
S31500007E900000F83FC0C000000BBF00000125002312
S31500007EA0089506934FF0FF330022CDE902331223E3
S31500007EB0AFE701230893F5E7099BCDE90233B7E75E
S31500007EC0013152004160B7E7636A019A1A60039B69
S31500007ED00E2B00F29D80002D00F09A80009B002B57
S31500007EE032DD03F00F03B64A02EBC303D3E9008980
S31500007EF0009BD8054FEA231716D5B24B07F00F079C
S31500007F000325D3E9082351EC190B02F051FF8246F1
S31500007F108B46AC4E57B942464B465046594602F040
S31500007F2047FF82468B4628E00225F2E7F90708D587
S31500007F30404649460135D6E9002302F00FFE804649
S31500007F4089467F100836E5E700F09B80009B0225F6
S31500007F509C4F5E429A4B06F00F02361103EBC203AA
S31500007F6051EC190BD3E9002302F0F8FD00238246F9
S31500007F708B46002E7AD1002BD3D10B9B002B00F021
S31500007F8082800022904B5046594603F059F800284B
S31500007F9079D0039B002B76D0029B002B36DD009B0D
S31500007FA05046594600225F1E884B02F0D7FD013528
S31500007FB082468B46029E2846D04602F065FD524612
S31500007FC05B46D94602F0CAFD0022814B02F010FC46
S31500007FD08246A1F1507B002E58D100227D4B4046AF
S31500007FE0494602F003FC52465B468046894603F04A
S31500007FF045F8002840F0938252460BF10043404674
S31500008000494603F01DF8002840F087825BEC19AB67
S31500008010119B002BC0F24881009A0E2A00F344817E
S31500008020674B03EBC203D3E90089099B002B80F25F
S31500008030D580039B002B00F3D18040F06D82002297
S31500008040644B4046494602F089FD52465B4603F0C2
S315000080500BF8039E3746002840F043823123019DEA
S3150000806005F8013B009B013300933EE2F20705D57C
S315000080700135D7E9002302F071FD01237610083798
S3150000808077E7022579E7009F039E94E701994C4B19
S31500008090314403EBC6030D91089953E902230029E5
S315000080A043D000204C4902F083FE52465B4602F064
S315000080B09DFB019D82468B464946404602F0FEFFE7
S315000080C0064602F0E1FC024630360B46404649467B
S315000080D002F08CFB52465B4605F8016B80468946EA
S315000080E002F0AEFF002863D142464B4600203649D7
S315000080F002F07CFB52465B4602F0A2FF002840F0ED
S31500008100B5800D9B9D4281D00022304B504659468A
S3150000811002F024FD002282468B46404649462B4B00
S3150000812002F01CFD80468946C6E75046594602F0D5
S3150000813015FD0D9B82468B46019D0F934946404691
S3150000814002F0BCFF064602F09FFC02460B46404684
S315000081504946303602F04AFB0D9B05F8016B804616
S315000081609D4289464FF0000224D11B4B504659468A
S3150000817002F03EFB02460B464046494602F07EFFB1
S31500008180002873D152465B460020134902F02EFBAD
S3150000819002460B464046494602F052FF00283FF48D
S315000081A035AF0F9D6B1E0F9315F8013C302BF8D0A1
S315000081B0009749E0054B02F0D1FC80468946BDE7B1
S315000081C0C0C0000098C000000000F03F000024403E
S315000081D000001C40000014400000E03F56465F4689
S315000081E0019D42464B463046394602F0E1FD02F01B
S315000081F065FF824602F048FC42464B4602F0AEFC62
S31500008200024630460AF130060B46394602F0EEFACF
S3150000821005F8016B019E0246039F0B46AE1BB74253
S3150000822035D102F0E5FA42464B4606460F4602F0C5
S3150000823025FFD0B942464B463046394602F0F6FE97
S3150000824010B11AF0010F10D1204618EE101A00F0E6
S315000082506BFF002300982B7001300C9B1860219B4C
S31500008260002B3FF4F1AC1D60EEE4009F2B461D464B
S3150000827013F8012D392A06D1019A9A42F7D13022F4
S31500008280019901370A701A7801321A7090E70022B4
S31500008290A44B02F063FC0022002306460F4602F0C0
S315000082A0C5FE00289DD0CFE7089A002A00F0D580A9
S315000082B0069A012A00F3B9800E9A002A00F0B180CE
S315000082C003F23343079E049D049A012120461A4473
S315000082D00492059A1A44059201F02AF80746002DE1
S315000082E00CDD059B002B09DDAB42049AA8BF2B468B
S315000082F0D21AED1A0492059AD31A0593079B1BB35B
S31500008300089B002B00F0AD80002E13DD3946324667
S31500008310204601F0CBF818EE102A01460746204603
S3150000832001F01CF8804618EE101A204608EE108A56
S3150000833000F0FAFE079B9A1B06D018EE101A20468C
S3150000834001F0B4F808EE100A0121204600F0F0FF13
S315000083500A9B0646002B40F386801A4601462046B5
S3150000836001F0A4F8069B0646012B7FDD4FF00008BE
S31500008370336906EB8303186900F08AFFC0F1200019
S31500008380059B184410F01F0000F09180C0F12003F7
S31500008390042B40F38980C0F11C00049B0544034470
S315000083A00493059B03440593049B002B07DD18EEFD
S315000083B0101A1A46204601F0D3F808EE100A059B5B
S315000083C0002B05DD31461A46204601F0C9F806465F
S315000083D00B9B002B6DD0314618EE100A01F030F9D8
S315000083E0002866DA009B18EE101A0A222046013B86
S315000083F00093002300F0BAFE089B08EE100A002B3B
S3150000840000F0AF81002339460A22204600F0AEFE76
S31500008410029B0746002B00F38D80069B022B50DC47
S3150000842088E0109BC3F136034CE7039B5E1E079B57
S31500008430B342B7BF079B9E1B0796F21ABFBF0A9BA4
S3150000844000269B180A93039B002BB7BFDDE9032385
S31500008450DDE903359D1A002336E7079E049D089F34
S315000084603DE7079A69E7069B012B18DCBAF1000F76
S3150000847015D1CBF3130393B92BF000431B0D1B054A
S3150000848083B1049B4FF0010801330493059B01332C
S3150000849005930A9B002B7FF46BAF012070E74FF02A
S315000084A00008F6E79846F4E73FF47EAF18461C301E
S315000084B073E7039B002B37DC069B022B34DD039B03
S315000084C00293029B6BB931460522204600F04EFE10
S315000084D00146064618EE100A01F0B2F800283FF7EA
S315000084E0BDAD099B019DDB4300934FF0000831466B
S315000084F0204600F019FE002F3FF4A6AEB8F1000F9B
S3150000850005D0B84503D04146204600F00DFE394659
S31500008510204600F009FE97E600263746E1E7009779
S3150000852037469BE500002440089B002B00F0CA80DC
S31500008530039B0293002D05DD39462A46204601F0AD
S315000085400FF80746B8F1000F5BD07968204600F0B7
S31500008550ABFD054628B9874B024640F2EA21FFF7F4
S315000085603DBB3A6907F10C010C3002329200FDF76F
S315000085708FFC01222946204600F0F2FF019BB846F7
S31500008580074603F10109DDE90123134405930AF0C7
S3150000859001030493314618EE100AFFF773FA4146B9
S315000085A0029000F1300A18EE100A09F1FF3B01F0C3
S315000085B047F83A4603903146204601F05DF8C26816
S315000085C0054602BB014618EE100A01F039F80246CC
S315000085D029462046079200F0A7FD4D46DDE9063202
S315000085E043EA0201049B0B430FD1BAF1390F2AD09B
S315000085F0039B002B02DD029B03F1310A8BF800A0DE
S3150000860075E73846BAE70122E2E7039B002B04DB55
S3150000861006990B4304990B4322D1002AEEDD18EE8E
S31500008620101A0122204600F09BFF314608EE100A80
S3150000863001F006F8002803DCE0D11AF0010FDDD0C6
S31500008640BAF1390FD7D139238BF800302B461D46A6
S31500008650013B15F8012C392A70D001321A7046E711
S31500008660002A07DDBAF1390FEDD00AF101038BF8C4
S3150000867000303CE7059B09F801AC994546D018EE59
S31500008680101A00230A22204600F070FDB84508EEB5
S31500008690100A4FF000034FF00A024146204606D169
S315000086A000F064FD8046074609F1010972E700F013
S315000086B05DFD3946804600230A22204600F056FD1D
S315000086C00746F1E7039B0293019D314618EE100A17
S315000086D0FFF7D8F9019B00F1300A05F801ABEA1A59
S315000086E0029B934209DD18EE101A00230A22204647
S315000086F000F03CFD08EE100AE7E7029B4FF0000889
S31500008700002BCCBF1D460125019B1D4418EE101AF7
S315000087100122204600F024FF314608EE100A00F040
S315000087208FFF002892DC02D11AF0010F8ED12B4662
S315000087301D4613F8012D302AFAD0D8E6019A9A423E
S3150000874085D1009B0133009331231370CFE60A4B8A
S31500008750FFF798BA219B002B7FF471AA074BFFF70E
S3150000876091BA029B002BAFDC069B022B3FF7A9AE0A
S31500008770AAE700BF0BBF0000ECBC000069BE00000A
S31500008780002310B504468360818119464366C28181
S3150000879008228361C0E90033C0E904335C30FDF789
S315000087A084FB054B24626362044BA362044BE362C1
S315000087B0044B236310BD00BFC1A10000E3A100006C
S315000087C01BA200003FA20000014900F0AFB800BFA5
S315000087D059A5000070B568224D1E0E46554305F199
S315000087E0740101F0A9F9044640B1002105F16802BF
S315000087F0C0E900160C30A060FDF757FB204670BD9F
S31500008800014800F026BC00BF950A0020014800F090
S3150000881021BC00BF950A0020014800F01ABC00BF29
S31500008820960A0020014800F015BC00BF960A0020F9
S3150000883010B50446FFF7F0FFA3691BB1BDE8104071
S31500008840FFF7F0BFC4E9123323652046124B134AE3
S315000088501B68A262A34204BF0123A36100F020F8B3
S315000088606060204600F01CF8A060204600F018F872
S3150000887000220421E0606068FFF782FF01220921DF
S31500008880A068FFF77DFF02221221E068FFF778FF5C
S315000088900123A361D2E700BFD8BC0000C98700004E
S315000088A0F8B50746FFF7ACFF1E4B1E68B36913B950
S315000088B03046FFF7BDFF4836D6E90134013B03D504
S315000088C033680BB33668F7E7B4F90C50D5B9164BD5
S315000088D004F158006566E36000F0BAFBFFF796FF07
S315000088E00822294604F15C002560A561C4E901550A
S315000088F0C4E90455FDF7D9FAC4E90D55C4E9125582
S315000089002046F8BD6834D9E704213846FFF762FFF0
S31500008910044630600028D5D1FFF778FF0C233B6072
S31500008920EEE700BFD8BC00000100FFFF2DE9F843C9
S315000089300646884600F148040027D4E90195B9F1B6
S31500008940010905D52468002CF7D13846BDE8F8831F
S31500008950AB89012B07D9B5F90E30013303D029466F
S315000089603046C04707436835E9E703694A11B3EB68
S31500008970611F2DE9F04300F1140445DD11F01F01DC
S3150000898004EB830604EB82050CD100F1100729469F
S31500008990B14234D39B1AEA1E9B00964238BF00238D
S315000089A0234415E054F82270C1F1200805F1040EA5
S315000089B0A146CF407645F44615D89A1A013592005D
S315000089C0043AAE4238BF0022A318A75007B10433B9
S315000089D01A1BA3424FEAA20208BF0023026108BF86
S315000089E04361BDE8F083DCF800C00CFA08FC4CEAF1
S315000089F0070749F8047B5EF8047BCF40DAE751F8B5
S31500008A0004CB47F804CFC3E72346E1E7A0F13003E0
S31500008A10092B02D82038C0B27047A0F16103052B9C
S31500008A2001D84738F7E7A0F14103052B01D82738CD
S31500008A30F1E700207047FFFF2DE9F04F2DED028B87
S31500008A4089B008EE100A8B4690460493B24B1B6819
S31500008A5018460193FEF72CF9019BDBF800208246AD
S31500008A60034413F8013C0593931CC2F1FF2202F55F
S31500008A707F02FE32D1181F4613F8010B00913028F1
S31500008A80F8D0FFF7C3FF0446002839D152460199B2
S31500008A90384601F0D8FB0546002867D117F80A00CA
S31500008AA007EB0A06FFF7B2FF002861D033461878B5
S31500008AB01F4601333028FAD0FFF7A8FFB0FA80F43A
S31500008AC001233546640900933A461646013230784A
S31500008AD0FFF79CFF0028F8D152460199304601F075
S31500008AE0B2FB80B94DB906EB0A052A461646013295
S31500008AF03078FFF78BFF0028F8D1AD1BAD0004E0FE
S31500008B0000242546E0E7002DF7D1337803F0DF0394
S31500008B10502B3BD173782B2B2CD02D2B2ED0711CA8
S31500008B204FF000090878FFF771FF431EDBB2182BE0
S31500008B302CD8A0F1100211F8010FFFF767FF431EB2
S31500008B40DBB2182B1DD9B9F1000F00D052421544E3
S31500008B50CBF80010E4B1009B002B14BF00270627BA
S31500008B60384609B0BDEC028BBDE8F08F3E4625467F
S31500008B700124CAE74FF00009B11CD3E74FF0010901
S31500008B80FAE70A2303FB0202103AD4E73146DFE78D
S31500008B90F31B2146013B072B0BDC18EE100A00F0F5
S31500008BA083FA044640B95D4B0246DE215C48FCF779
S31500008BB04BFE01315B10EEE700F114094FF0000B9C
S31500008BC0CAF10103CDF80890CDF800B00693B7427C
S31500008BD040D30298009B40F8043BA0EB09008010AC
S31500008BE046012061184600F053FB301AD8F80060A1
S31500008BF0B04263DD871B2046394600F0F9FE824607
S31500008C00A8B17B1E4FF0010A591103F01F0259F853
S31500008C1021100AFA02F20A4209D0534505DDB91EAF
S31500008C20204600F0E5FE002845D14FF0020A3D44FB
S31500008C3039462046FFF799FED8F80830AB424CDAA1
S31500008C40214618EE100A00F06FFA0023149AA327A3
S31500008C50136085E7731E059A039316F8013C934249
S31500008C6019D0BBF1200F07D1029B009A43F8042BC1
S31500008C70029300239B46009316F8010CFFF7C6FEED
S31500008C8000F00F00009B00FA0BF00BF1040B0343FE
S31500008C900093039B0DE0039B069A1344BB42E0D36B
S31500008CA0184652460199079301F0CDFA079B002812
S31500008CB0D7D11E468BE74FF0030AB8E70ADA371A10
S31500008CC0214618EE100A3A46ED1B00F049FC044610
S31500008CD000F114094FF0000AAEE7D8F80400A842E4
S31500008CE072DD451BAE4235DCD8F80C30022B29D09C
S31500008CF0032B2BD0012B1BD1AE4219D1012E11D142
S31500008D00D8F804306227049A136001232361C9F856
S31500008D100030149B1C6023E704C000000BBF00005A
S31500008D207CBF0000711E204600F062FE0028E7D1DD
S31500008D30214618EE100A00F0F7F90023149A50277E
S31500008D4013600DE7159B002BF2D1D9E7159B002B7D
S31500008D50D6D1EDE76F1EBAF1000F32D127B13946F1
S31500008D60204600F045FE82467B11012107F01F07D1
S31500008D70204659F82330761B01FA07F729461F4289
S31500008D804FF0020718BF4AF0020AFFF7EEFDD8F8C7
S31500008D900450BAF1000F48D0D8F80C30022B15D089
S31500008DA0032B17D0012B09D11AF0020F06D0D9F8E0
S31500008DB000004AEA000A1AF0010F0ED147F0100728
S31500008DC033E04FF0010ACFE70127E2E7159BC3F135
S31500008DD001031593159B002BF0D0D4F810B004F1C5
S31500008DE014034FF0000C4FEA8B0A03EB8B01184675
S31500008DF053F8042BB2F1FF3F1CD001320260022F60
S31500008E0004F114033FD1D8F80020013AB2420AD146
S31500008E107111012206F01F0653F8213002FA06F6F8
S31500008E201E4218BF174647F02007149B1C60049B80
S31500008E301D6095E6994243F804CCD8D8A3689B45B3
S31500008E4019DB616818EE100A013100F02DF9814630
S31500008E5018B91B4B02468421A8E6226904F10C01CD
S31500008E600C3002329200FDF713F821464C4618EEFC
S31500008E70100A00F059F923695A1C04EB8303226196
S31500008E8001225A61BBE722695A450BDD01212046C2
S31500008E90FFF76BFD0135D8F80830AB42FFF6D0AED0
S31500008EA00127C0E716F01F06FAD05344C6F1200684
S31500008EB053F8040C00F0ECF9B042E7DBF0E700BF32
S31500008EC00BBF0000C2F10802920070B5C2F1200685
S31500008ED04368046803FA06F5D3402C43046040F85F
S31500008EE0043F8842F4D370BD0368013330B511F8EE
S31500008EF0014B14B90360012030BD13F8012BA2F118
S31500008F004105192D98BF2032A242F0D00020F3E788
S31500008F100B682DE9F04F5E1113F01F034FF00005AB
S31500008F2087B002EB860690468246026818BF043672
S31500008F30AB460193371F46F8045C0295B9463C469A
S31500008F40531C5178039341B3084605920491FFF7E9
S31500008F505DFD00284FD10499059A202918D8029B57
S31500008F609B4513DD4C4506D2072D04DC2A464946AF
S31500008F702046FFF7A7FF44454FD90023A4F1040973
S31500008F80CDF808B044F8043C1D464C46039AD7E792
S31500008F90292955D10232CAF80020BBF1000F4FD063
S31500008FA04C4506D2072D04DC2A4649462046FFF7E3
S31500008FB089FF444533D9A8F10402234653F8041B1C
S31500008FC09F4242F8041FF9D23B1B033E01340022A4
S31500008FD023F003030433B44288BF0423434443F815
S31500008FE0042B9F42FBD23B681BB9474526D1012380
S31500008FF03B60052025E001350BF1010B082D05DD51
S315000090004445C3D90023043C01252360226800F0AF
S315000090100F0040EA02122260B8E70825B6E7019B76
S31500009020002BE0D04FF0FF32C3F1200322FA03F306
S3150000903056F8042C1A4046F8042CD4E7043FD2E72D
S31500009040042007B0BDE8F08F004870477403002085
S31500009050704770477047FFFF024B0146186800F0E3
S315000090606BBD00BF1C02002082B001B901A942B14C
S315000090704BB113780B601278101E18BF012002B096
S3150000908070471046FBE76FF00100F8E7C9B20244EB
S3150000909010B59042034601D1002303E01C7801304D
S315000090A08C42F6D1184610BD70B5466A04460D4688
S315000090B076B91020FFF7D0FF0246606220B9184B40
S315000090C066211848FCF7C0FBC0E901660660C66069
S315000090D0666AF36883B1636ADB6853F82500B8B93A
S315000090E00121204601FA05F6721D920000F0A1FC4E
S315000090F060B1C0E901560EE021220421204600F0AD
S3150000910098FC636AF060DB68002BE4D1002070BD38
S31500009110026843F825200023C0E90333F7E700BFC0
S3150000912076BE000018C0000070B5466A05460C46BB
S3150000913076B91020FFF790FF0246686220B9094B06
S315000091408A210948FCF780FBC0E901660660C66013
S315000091503CB16B6A6268DB6853F82210216043F801
S31500009160224070BD76BE000018C000002DE9F04117
S3150000917001F1140C07460C461E460D690020DCF86A
S315000091800030013099B2854202FB01614FEA134675
S315000091904FEA114389B202FB063301EB03414FEA62
S315000091A013464CF8041BEADC0EB3A368AB4219DC89
S315000091B0616838460131FFF777FF804628B90246D5
S315000091C00C4BB5210C48FCF73FFB226904F10C015E
S315000091D00C3002329200FCF75BFE214644463846CC
S315000091E0FFF7A2FF04EB850301355E61256120468A
S315000091F0BDE8F0810BBF000018C000002DE9F84360
S3150000920015461F46092208330C460646002193FBE5
S31500009210F2F301229A4209DB3046FFF745FF40B9D7
S315000092200246194BCE211948FCF70EFB52000131BC
S31500009230F0E7089B092D43614FF00103036116DD3A
S3150000924004F109092C44C84618F8013B01460A22D4
S315000092503046303BFFF78AFFA045F5D1A5F108045B
S315000092604C442D1B6319BB4204DBBDE8F8830A346A
S315000092700925F6E714F8013B01460A223046303B41
S31500009280FFF774FFEEE700BF0BBF000018C0000039
S31500009290030C1B04D3B90004102310F07F4F04BF46
S315000092A00002083310F0704F04BF0001043310F0C1
S315000092B0404F04BF80000233002805DB10F0804FCA
S315000092C003F1010308BF2023184670470023E4E793
S315000092D00368014613F007020BD0DA0723D4980778
S315000092E047BF5B0801209B0802204CBF0B600B6048
S315000092F0704798B2A8B91B0C1020DAB20AB9083028
S315000093001B0A1A0704BF1B0904309A0704BF9B08EF
S315000093100230DA0703D45B0800F1010005D00B60C8
S3150000932070471046E9E70020704720207047FFFF8E
S3150000933010B50C460121FFF7B7FE024628B9054BCA
S315000093404FF4A0710448FCF77FFA012344610361DE
S3150000935010BD00BF0BBF000018C000002DE9F04F84
S3150000936091460A690C4685B0D9F810309A42BEBFBC
S315000093700B464C4699462769A368D9F810A0616840
S3150000938007EB0A06B342B8BF0131FFF78DFE30B9CD
S315000093900246444B40F25D114348FCF755FA00F192
S315000093A01405002205EB86082B46434521D304F11C
S315000093B0140304F1150103EB870709F1140303EB0A
S315000093C08A0202923A1B153A22F0030204328F42B5
S315000093D038BF04220192029A03939A420CD8002EB7
S315000093E003DD58F8043D002B5AD0066105B0BDE8F0
S315000093F0F08F43F8042BD8E7B3F800A0BAF1000FBA
S3150000940024D004F1140EA9464FF0000C5EF8042B8C
S31500009410D9F800101FFA82FB774589B20AFB0B11B7
S315000094204FEA124BD9F8002061444FEA124C0AFB6E
S315000094300BC202EB114289B24FEA124C41EA0241D9
S3150000944049F8041BE2D8019A45F802C0039A04338E
S31500009450B2F80290B9F1000F20D0296804F1140C7B
S31500009460AE464FF0000ABCF800B089B2BEF8022042
S3150000947009FB0B22924441EA0A414EF8041B5CF8B0
S31500009480042BBEF80010120C674509FB021101EB14
S315000094901A414FEA114AE6D8019AA95004359AE7CB
S315000094A0013E9CE70BBF000018C000002DE9F84301
S315000094B0154612F0030206460F4607D0013A254C20
S315000094C0002354F82220FFF751FE0746AD103DD089
S315000094D0746A7CB91020FFF7BFFD0246706228B996
S315000094E01D4B4FF4D7711D48FCF7AEF9C0E9014496
S315000094F00460C460D6F82480D8F808404CB940F21D
S3150000950071213046FFF714FF00230446C8F808000F
S3150000951003604FF00009EB070AD53946224630466C
S31500009520FFF71CFF8046394630464746FFF7FCFDED
S315000095306D100BD0206838B9224621463046FFF719
S315000095400DFF2060C0F800900446E4E73846BDE809
S31500009550F88300BF88C1000076BE000018C0000076
S315000095602DE9F0470C46074691464FEA621A2369F1
S31500009570496803EB6218A36808F10106B3420BDBE6
S315000095803846FFF791FD054648B902462A4B40F298
S31500009590D9112A48FCF758F901315B00EEE70023A0
S315000095A000F1140100F110021846534537DB2AEA90
S315000095B0EA7A04F11403206919F01F0901EB8A0104
S315000095C003EB80002FD0C9F1200E8A464FF0000C25
S315000095D01A6802FA09F242EA0C024AF8042B53F816
S315000095E0042B984222FA0EFCF2D8031B04F1150252
S315000095F0153B23F003030433904238BF042341F89C
S3150000960003C0BCF1000F01D008F10206013E384646
S3150000961021462E61FFF788FD2846BDE8F087013315
S3150000962042F8040FC1E7043953F8042B984241F875
S31500009630042FF9D8EAE700BF0BBF000018C00000EE
S31500009640026930B50C69121B0ED100F114031431F6
S3150000965003EB840001EB840150F8045D51F8044DDE
S31500009660A54203D005D30122104630BD8342F3D371
S31500009670FAE74FF0FF32F7E72DE9F84F0C460646BA
S31500009680114692462046FFF7DBFF051E10D12946FC
S315000096903046FFF709FD30B93D4B024640F2322114
S315000096A03C48FCF7D1F80123C0E90435BDE8F88F42
S315000096B0A4BF5346A2463046A8BF0025DAF80410D8
S315000096C0ACBF1C460125FFF7EFFC20B9304B024624
S315000096D04FF41071E4E7DAF8107004F11409266902
S315000096E000F11408C5600AF114050AF1100209EB2D
S315000096F0860605EB870EC2464FF0000C52F804BFF3
S3150000970059F8043B1FFA8BF14E458C4499B24FEA47
S315000097101343ACEB0101C3EB1B4303EB214389B2BB
S315000097204FEA234C41EA03434AF8043BE6D8331B8D
S315000097301534153B23F003030433A64238BF042334
S315000097401D4443442C461E4674450ED30EF10302B7
S31500009750521B033D22F00302AE4538BF00221A44D5
S3150000976052F8043D8BB10761A0E754F8048B1FFA49
S3150000977088F26244111492B201EB184142EA0142A6
S315000097804FEA214C46F8042BDEE7013FE8E700BF2D
S315000097900BBF000018C0000082B013498DED000B0E
S315000097A0019B1940A1F15071002905DD00220B46ED
S315000097B043EC102B02B07047494200220023B1F15E
S315000097C0A07F4FEA215004DA4FF4002141FA00F35A
S315000097D0EEE7A0F114011E29D6BF4FF0004001218B
S315000097E020FA01F10A46E3E70000F07FF8B50569C3
S315000097F000F1140707EB850555F8044C2E1F20468B
S31500009800FFF746FDC0F120030A28DFF87CC00B6095
S3150000981015DCC0F10B0EB74200F1150024FA0EF16B
S3150000982004FA00F041EA0C0334BF55F8081C002185
S3150000983021FA0EF140EA010243EC102BF8BDB742C3
S315000098403ABFA5F1080655F8081C00210B3817D0B9
S31500009850C0F1200C04FA00F5BE4201FA00F021FA2C
S315000098600CF445EA04058CBF56F8044C002445F078
S315000098707F5324FA0CF443F4401340EA0402DBE776
S3150000988044EA0C030A46D7E70000F03F2DE9F74308
S3150000989089460121904657EC106BFFF705FC0446FC
S315000098A030B90246254B40F20A312548FBF7CCFF7A
S315000098B0C7F30A55C7F3130335BB002E019328D00F
S315000098C068460096FFF704FD009900B3019AC0F1BF
S315000098D0200302FA03F3C2400B4301926361019B2A
S315000098E0002BA36114BF022201222261D5B1A5F289
S315000098F033450544C0F13500C9F80050C8F80000EA
S31500009900204603B0BDE8F08343F48013D5E76161D8
S31500009910E5E701A8FFF7DCFC019B0122203063612B
S315000099202261E3E7A0F2324004EB8203C9F80000AB
S315000099301869FFF7ADFCC0EB4210DFE70BBF000074
S3150000994018C000002DE9F74F884681466946FFF7A3
S315000099504DFF01A9404655EC104BFFF747FFD9F8DC
S315000099601030D8F810202F46A3EB020CDDE90032A8
S3150000997051EC100B9B1A8B46204603EB4C13002B25
S31500009980D5BF0A462A46C3EB033302EB0357D8BFBB
S3150000999002EB035B10EE102A39465B4601F008FA2B
S315000099A041EC100B03B0BDE8F08F013902F114034E
S315000099B0491170B501311469051F00EB810103EBF4
S315000099C08404A3420CD3A31A1132113B23F00303E0
S315000099D0A24288BF002318440023884205D370BDE5
S315000099E053F8046B45F8046FEBE740F8043BF4E7E3
S315000099F000F114024B110069984210B511DB0ADD23
S31500009A0011F01F0107D052F8234024FA01F000FAA2
S31500009A1001F18C420BD102EB8303934203D8002061
S31500009A2010BD0346F7E753F8041D0029F5D00120C1
S31500009A30F6E737B5A1FB02244CB91146019200F0B6
S31500009A407BF8019A054630B9284603B030BD0C2292
S31500009A5000250260F8E72146FCF727FAF4E7FFFF46
S31500009A6037B5002943D051F8043C0C1F0190002B58
S31500009A70B8BFE41800F03EFE1E4A0198136833B9D9
S31500009A806360146003B0BDE8304000F039BEA34205
S31500009A9008D9256861198B4201BF19685B684919A5
S31500009AA02160EDE71A465B680BB1A342FAD911684B
S31500009AB05518A5420BD12468214454181160A342BD
S31500009AC0E0D11C685B68214453601160DAE702D973
S31500009AD00C230360D6E7256861198B4202BF19681B
S31500009AE05B684919636008BF21605460CAE703B028
S31500009AF030BD00BF980A002070B50E4E0C460546D4
S31500009B00316811B900F04CFB30602146284600F060
S31500009B1047FB431C0AD0C41C24F00304A04207D010
S31500009B20211A284600F03CFB013001D14FF0FF34EA
S31500009B30204670BD9C0A00202DE9F041CD1C074649
S31500009B4025F0030508350C2D38BF0C25002D01DB4B
S31500009B50A94205D90C2300263B603046BDE8F081BA
S31500009B602E4E00F0C7FD33681C4634BB29463846E6
S31500009B70FFF7C2FF431C04464DD134682646002E2B
S31500009B8040D123683146384604EB030800F008FB51
S31500009B9080453AD12168033538466D1A25F003050C
S31500009BA008350C2D38BF0C252946FFF7A5FF0130D7
S31500009BB02BD023682B4423600EE02268521B1ED450
S31500009BC00B2A16D96119A342256018BF596063682C
S31500009BD008BF316062514B6004F10B06384600F055
S31500009BE08FFD231D26F00706F21AB6D09B1BA35045
S31500009BF0B3E76268A3420CBF32605A60ECE72346C3
S31500009C006468B2E734467668B9E70C2338463B60A9
S31500009C1000F076FDA1E72560DEE700BF980A002088
S31500009C202DE9F0478E6882460C4690469E421F46B6
S31500009C3038D88A8912F4906F32D0256801330969C1
S31500009C40A5EB0109656905EB45054B4405EBD575A3
S31500009C506D109D4238BF1D46530531D52946FFF785
S31500009C606BFF064650B90C234FF0FF30CAF80030A0
S31500009C70A38943F04003A381BDE8F0874A462169E2
S31500009C80FCF706F9A38923F4906343F08003A381CC
S31500009C9026614E446561A5EB090526603E46A56032
S31500009CA0BE4200D93E4632464146206800F008FDD5
S31500009CB0A36800209B1BA360236833442360DBE773
S31500009CC02A4600F023FD06460028E1D121695046C8
S31500009CD0FFF7C6FEC7E7FFFF2DE9F04F98468B89D1
S31500009CE09DB007461B060D4614460ED50B6963B993
S31500009CF04021FFF721FF2860286120B90C233B6033
S31500009D004FF0FF30D1E040236B610023CDF80C808B
S31500009D104FF00109DFF8AC81099320238DF8293033
S31500009D2030238DF82A3023469A4613F8012B0AB1C0
S31500009D30252AF9D1BAEB040B0BD05B4622462946FD
S31500009D403846FFF76DFF013000F0AA80099A5A44A1
S31500009D5009929AF80030002B00F0A28000234FF001
S31500009D60FF320AF1010A049307938DF853301A93D0
S31500009D70CDE9052354460522524814F8011BFFF786
S31500009D8085F9049AD8B9D00644BF20238DF85330FC
S31500009D90110744BF2B238DF853309AF800302A2B35
S31500009DA015D0079A544600204FF00A0C214611F8A8
S31500009DB0013B303B092B4ED9B0B1079214E0A0EB22
S31500009DC00803A24609FA03F313430493D2E7039B5D
S31500009DD0191D1B68002B0391BBBF5B4242F00202B8
S31500009DE007930793B8BF049223782E2B0CD1637880
S31500009DF02A2B35D1039B02341A1D1B68002B0392B4
S31500009E00B8BF4FF0FF330593DFF8C8A003222178CF
S31500009E105046FFF73BF940B14023A0EB0A0001345E
S31500009E2003FA00F0049B0343049314F8011B062273
S31500009E3025488DF82810FFF729F9002838D0234B3C
S31500009E401BBB039B073323F0070308330393099BCC
S31500009E503344099367E70CFB02320C460120A5E761
S31500009E60002301344FF00A0C19460593204610F8DA
S31500009E70012B303A092A03D9002BC5D00591C3E737
S31500009E800CFB012104460123F0E703AB2A4604A993
S31500009E90384600930E4BFCF7B1F8421C0646D6D165
S31500009EA0AB895B063FF52CAF09981DB0BDE8F08F76
S31500009EB003AB2A4604A938460093054BFCF744FB3E
S31500009EC0EBE700BF94C100009EC10000FD5F0000EB
S31500009ED0219C00009AC100009368013B002B93600F
S31500009EE010B408DA9469A34201DB0A2903D15DF8AC
S31500009EF0044B00F0BDB91368581C10600846197071
S31500009F005DF8044B7047F8B506460F461446D5185B
S31500009F10AC4201D1002007E03A4614F8011B304656
S31500009F20FFF7DAFF431CF3D1F8BDFFFF2DE9F04F31
S31500009F300D469DB014469846064618B183690BB97E
S31500009F40FEF776FC894B9D421BD175686B6ED9076F
S31500009F5005D4AB899A0502D4A86DFFF77AF8AB89C8
S31500009F601B0701D52B69EBB92946304600F0F2F9FB
S31500009F70C0B16B6EDC070ED54FF0FF301DB0BDE8EB
S31500009F80F08F7B4B9D4201D1B568DFE7794B9D424F
S31500009F9008BFF568DAE7AB899805EDD4A86DFFF739
S31500009FA059F8E9E70023CDF80C804FF00109DFF8F6
S31500009FB0C881099320238DF8293030238DF82A3063
S31500009FC023469A4613F8012B0AB1252AF9D1BAEB92
S31500009FD0040B0BD05B46224629463046FFF793FF1B
S31500009FE0013000F0AA80099A5A4409929AF8003082
S31500009FF0002B00F0A28000234FF0FF320AF1010A85
S3150000A000049307938DF853301A93CDE905235446EC
S3150000A0100522594814F8011BFFF738F8049AD8B9F5
S3150000A020D10644BF20238DF85330130744BF2B239A
S3150000A0308DF853309AF800302A2B15D0079A5446DB
S3150000A04000204FF00A0C214611F8013B303B092B4A
S3150000A0504ED9B0B1079214E0A0EB0803A24609FA64
S3150000A06003F313430493D2E7039B191D1B68002BCC
S3150000A0700391BBBF5B4242F0020207930793B8BF4E
S3150000A080049223782E2B0CD163782A2B35D1039B8F
S3150000A09002341A1D1B68002B0392B8BF4FF0FF3322
S3150000A0A00593DFF8E4A0032221785046FEF7EEFF81
S3150000A0B040B14023A0EB0A00013403FA00F0049BF0
S3150000A0C00343049314F8011B06222C488DF828102C
S3150000A0D0FEF7DCFF00283FD0294B1BBB039B073351
S3150000A0E023F0070308330393099B3B44099367E76F
S3150000A0F00CFB02320C460120A5E7002301344FF089
S3150000A1000A0C19460593204610F8012B303A092A05
S3150000A11003D9002BC5D00591C3E70CFB01210446EA
S3150000A1200123F0E703AB2A4604A930460093154BFA
S3150000A130FBF764FF0746781CD6D16B6ED90705D4AA
S3150000A140AB899A0502D4A86DFEF784FFAB895B063E
S3150000A1503FF512AF099811E703AB2A4604A930462A
S3150000A1600093084BFCF7F0F9E4E700BF3CBF0000A2
S3150000A1705CBF00001CBF000094C100009EC100002F
S3150000A180FD5F0000079F00009AC10000FFFFFFFF70
S3150000A1909FED010B704700BF000000000000F87F34
S3150000A1A038B50023054D044608462B60FBF74EFCE8
S3150000A1B0431C02D12B6803B1236038BDA00A0020DE
S3150000A1C010B50C46B1F90E1000F0D0FA0028ABBF5E
S3150000A1D0636DA3891B1823F48053ACBF6365A38109
S3150000A1E010BD2DE9F0411F468B8905460C46DB055F
S3150000A1F0164605D502230022B1F90E1000F0E8F943
S3150000A200A3893246B4F90E10284623F48053A3815D
S3150000A2103B46BDE8F04100F08BB810B50C46B1F9ED
S3150000A2200E1000F0D5F9431CA38915BF606523F411
S3150000A230805343F48053A38118BFA38110BDB1F9A5
S3150000A2400E1000F0F5B810B57AB10346013984183E
S3150000A25013F8010B11F8012F904201D1A34201D14D
S3150000A260801A10BD0028F3D1FAE71046F9E7FFFF80
S3150000A270F8B50E461446054618B183690BB9FEF7C4
S3150000A280D7FA214B9C422BD16C68A369A360A389A2
S3150000A2901A072FD523696BB32369F6B220683746B0
S3150000A2A0C01A6369834204DC2146284600F054F94B
S3150000A2B030BBA3680130013BA36023685A1C2260AF
S3150000A2C01E706369834204D0A389DB0706D50A2E74
S3150000A2D004D12146284600F03FF988B93846F8BD32
S3150000A2E00A4B9C4201D1AC68CFE7094B9C4208BFA0
S3150000A2F0EC68CAE72146284600F02CF80028CBD0A7
S3150000A3004FF0FF37EAE700BF3CBF00005CBF00002C
S3150000A3101CBF000049B1FF2A8DBF8A2301200A70A5
S3150000A320036088BF4FF0FF30704708467047FFFF55
S3150000A33038B50446064D0846114600222A601A46DC
S3150000A340F6F760F9431C02D12B6803B1236038BDD0
S3150000A350A00A0020324B70B51D6806460C4625B192
S3150000A360AB6913B92846FEF763FA2E4B9C420FD110
S3150000A3706C68A389B4F90C2019072CD4DD0611D416
S3150000A3800923336042F040034FF0FF30A3813EE0E3
S3150000A390254B9C4201D1AC68EBE7244B9C4208BF9D
S3150000A3A0EC68E6E7580712D5616B41B104F1440346
S3150000A3B0994202D03046FFF753FB00236363A3891B
S3150000A3C023F02403A3810023636023692360A38908
S3150000A3D043F00803A38123694BB9A38903F42073CF
S3150000A3E0B3F5007F03D02146304600F029F9A08955
S3150000A3F0B4F90C2010F001030AD00023A3606369AE
S3150000A4005B42A361236943B910F08000BAD170BDE5
S3150000A410810758BF6369A360F4E70020F7E700BF30
S3150000A4201C0200203CBF00005CBF00001CBF0000F7
S3150000A43038B50023054D044608462B6001F0C0F8E8
S3150000A440431C02D12B6803B1236038BDA00A00204B
S3150000A4508A892DE9F041054610070C4658D44B6809
S3150000A460002B05DC0B6C002B02DC0020BDE8F08124
S3150000A470E66A002EF9D0002312F480522F682B6072
S3150000A48032D0606DA3895A0705D56368C01A636B1D
S3150000A4900BB1236CC01A00230246E66A2846216ADD
S3150000A4A0B047431CA38906D129681D292CD8294AFF
S3150000A4B0CA40D60728D50022D904626022692260E4
S3150000A4C004D5421C01D12B6803B96065616B2F600E
S3150000A4D00029CAD004F14403994202D02846FFF766
S3150000A4E0BFFA00206063C1E7216A01232846B0470E
S3150000A4F0411CC7D12B68002BC4D01D2B01D0162BB5
S3150000A50001D12F60B1E7A38943F04003A381ADE7F2
S3150000A5100F69002FA9D093070E680F600CBF4B6917
S3150000A5200023A6EB07088B60B8F1000F9DDD4346BC
S3150000A5303A46216A2846A66AB047002806DCA3895F
S3150000A5404FF0FF3043F04003A3818FE70744A8EBA9
S3150000A5500008E9E70100402038B50B6905460C46BE
S3150000A56013B90025284638BD18B183690BB9FEF723
S3150000A5705FF9144B9C421BD16C68B4F90C30002B6C
S3150000A580EFD0626ED00704D4990502D4A06DFEF711
S3150000A59060FD28462146FFF75BFF636E0546DA0736
S3150000A5A0E0D4A3899B05DDD4A06DFEF753FDD9E762
S3150000A5B0054B9C4201D1AC68DFE7044B9C4208BFC7
S3150000A5C0EC68DAE73CBF00005CBF00001CBF00007F
S3150000A5D038B50446064D0846114600222A601A463A
S3150000A5E001F006F8431C02D12B6803B1236038BD85
S3150000A5F0A00A002070B50E46B1F90E1096B01446AA
S3150000A60000291D4608DAB6F90C3000222A601A061F
S3150000A61010D44FF480630EE06A4600F0B9F80028C3
S3150000A620F1DB019A02F47042A2F500535A425A41F4
S3150000A6302A60EEE740230020236016B070BDFFFFBE
S3150000A6408B8973B59D0706460C4607D504F147036B
S3150000A650236023610123636102B070BD01AB6A46CA
S3150000A660FFF7C8FF009905463046FFF765FA48B977
S3150000A670B4F90C309A05EFD423F0030343F0020338
S3150000A680A381E3E70D4BB362A389206043F0800307
S3150000A6902061A381009B6361019B5BB1B4F90E103D
S3150000A6A0304600F087F828B1A38923F0030343F06E
S3150000A6B00103A381A0890543A581CDE7C9870000D1
S3150000A6C0884210B501EB020402D98442234607D81A
S3150000A6D0431EA14208D011F8012B03F8012FF8E719
S3150000A6E0024401468A4200D110BD13F8014D02F81A
S3150000A6F0014DF7E70148FEF7ACBC00BF940A002005
S3150000A7000148FEF7A7BC00BF940A00202DE9F041DE
S3150000A710804614460E4621B91146BDE8F041FFF7C2
S3150000A7200BBA2AB92546FFF79BF92846BDE8F08102
S3150000A73000F050F88442074602D8B4EB500F12D806
S3150000A74021464046FFF7F8F905460028EDD0BC4201
S3150000A7502246314628BF3A46FBF79AFB3146404629
S3150000A760FFF77EF9E1E73546DFE7FFFF38B5044638
S3150000A770064D0846114600222A601A4600F040FFA0
S3150000A780431C02D12B6803B1236038BDA00A002008
S3150000A79038B50023064D0446084611462B6000F0E6
S3150000A7A017FF431C02D12B6803B1236038BD00BFDD
S3150000A7B0A00A002038B50023054D044608462B6044
S3150000A7C000F00EFF431C02D12B6803B1236038BD95
S3150000A7D0A00A002051F8043C181F002BBCBF0B58E0
S3150000A7E0C018704781F0004102E000BF83F00043CB
S3150000A7F030B54FEA41044FEA430594EA050F08BF16
S3150000A80090EA020F1FBF54EA000C55EA020C7FEAD9
S3150000A810645C7FEA655C00F0E2804FEA5454D4EB56
S3150000A8205555B8BF6D420CDD2C4480EA020281EA20
S3150000A830030382EA000083EA010180EA020281EA58
S3150000A8400303362D88BF30BD11F0004F4FEA0131AA
S3150000A8504FF4801C4CEA113102D0404261EB4101B9
S3150000A86013F0004F4FEA03334CEA133302D052423F
S3150000A87063EB430394EA050F00F0A780A4F10104FB
S3150000A880D5F1200E0DDB02FA0EFC22FA05F2801835
S3150000A89041F1000103FA0EF2801843FA05F359411B
S3150000A8A00EE0A5F120050EF1200E012A03FA0EFC9A
S3150000A8B028BF4CF0020C43FA05F3C01851EBE371C4
S3150000A8C001F0004507D54FF0000EDCF1000C7EEBE1
S3150000A8D000006EEB0101B1F5801F1BD3B1F5001F1F
S3150000A8E00CD349085FEA30004FEA3C0C04F101043E
S3150000A8F04FEA445212F5800F80F09A80BCF1004F67
S3150000A90008BF5FEA500C50F1000041EB045141EAE8
S3150000A910050130BD5FEA4C0C404141EB0101013CB1
S3150000A92028BFB1F5801FE9D291F0000F04BF0146A0
S3150000A9300020B1FA81F308BF2033A3F10B03B3F172
S3150000A94020020CDA0C3208DD02F1140CC2F10C0202
S3150000A95001FA0CF021FA02F10CE002F11402D8BF60
S3150000A960C2F1200C01FA02F120FA0CFCDCBF41EA2C
S3150000A9700C019040E41AA2BF01EB0451294330BDFB
S3150000A9806FEA04041F3C1CDA0C340EDC04F11404D8
S3150000A990C4F1200220FA04F001FA02F340EA0300AF
S3150000A9A021FA04F345EA030130BDC4F10C04C4F1F5
S3150000A9B0200220FA02F001FA04F340EA03002946D5
S3150000A9C030BD21FA04F0294630BD94F0000F83F41F
S3150000A9D0801306BF81F480110134013D4EE77FEA02
S3150000A9E0645C18BF7FEA655C29D094EA050F08BF4E
S3150000A9F090EA020F05D054EA000C04BF194610462F
S3150000AA0030BD91EA030F1EBF0021002030BD5FEA72
S3150000AA10545C05D14000494128BF41F0004130BD9A
S3150000AA2014F580043CBF01F5801130BD01F00045EE
S3150000AA3045F0FE4141F470014FF0000030BD7FEA61
S3150000AA40645C1ABF194610467FEA655C1CBF0B465C
S3150000AA50024650EA013406BF52EA033591EA030F73
S3150000AA6041F4002130BD00BF90F0000F04BF00216B
S3150000AA70704730B54FF4806404F132044FF000059E
S3150000AA804FF0000150E700BF90F0000F04BF002117
S3150000AA90704730B54FF4806404F1320410F000457D
S3150000AAA048BF40424FF000013EE700BF42004FEA78
S3150000AAB0E2014FEA31014FEA02701FBF12F07F43F5
S3150000AAC093F07F4F81F06051704732F07F4208BFAC
S3150000AAD0704793F07F4F04BF41F40021704730B5B3
S3150000AAE04FF4607401F0004521F000411CE700BFFF
S3150000AAF050EA010208BF704730B54FF000050AE082
S3150000AB0050EA010208BF704730B511F0004502D582
S3150000AB10404261EB41014FF4806404F132045FEA84
S3150000AB20915C3FF4D8AE4FF003025FEADC0C18BF2D
S3150000AB3003325FEADC0C18BF033202EBDC02C2F11F
S3150000AB40200300FA03FC20FA02F001FA03FE40EAB1
S3150000AB500E0021FA02F11444BDE600BF70B54FF0B5
S3150000AB60FF0C4CF4E06C1CEA11541DBF1CEA135593
S3150000AB7094EA0C0F95EA0C0F00F0DEF82C4481EAFB
S3150000AB80030621EA4C5123EA4C5350EA013518BF1B
S3150000AB9052EA033541F4801143F4801338D0A0FB08
S3150000ABA002CE4FF00005E1FB02E506F00042E0FBB5
S3150000ABB003E54FF00006E1FB03569CF0000F18BFBB
S3150000ABC04EF0010EA4F1FF04B6F5007F64F5407463
S3150000ABD004D25FEA4E0E6D4146EB060642EAC621F6
S3150000ABE041EA55514FEAC52040EA5E504FEACE2E63
S3150000ABF0B4F1FD0C88BFBCF5E06F1ED8BEF1004F66
S3150000AC0008BF5FEA500E50F1000041EB045170BDE1
S3150000AC1006F0004646EA010140EA020081EA030125
S3150000AC20B4EB5C04C2BFD4EB0C0541EA045170BD21
S3150000AC3041F480114FF0000E013C00F3AB8014F19B
S3150000AC40360FDEBF002001F0004170BDC4F10004E4
S3150000AC50203C35DA0C341BDC04F11404C4F1200565
S3150000AC6000FA05F320FA04F001FA05F240EA0200C0
S3150000AC7001F0004221F0004110EBD37021FA04F6F6
S3150000AC8042EB06015EEA430E08BF20EAD37070BDB0
S3150000AC90C4F10C04C4F1200500FA04F320FA05F00F
S3150000ACA001FA04F240EA020001F0004110EBD37011
S3150000ACB041F100015EEA430E08BF20EAD37070BD81
S3150000ACC0C4F1200500FA05F24EEA020E20FA04F35A
S3150000ACD001FA05F243EA020321FA04F001F0004109
S3150000ACE021FA04F220EA020000EBD3705EEA430E7A
S3150000ACF008BF20EAD37070BD94F0000F0FD101F0A9
S3150000AD000046400041EB010111F4801F08BF013CE1
S3150000AD10F7D041EA060195F0000F18BF704703F01F
S3150000AD200046520043EB030313F4801F08BF013DA6
S3150000AD30F7D043EA0603704794EA0C0F0CEA135562
S3150000AD4018BF95EA0C0F0CD050EA410618BF52EA1C
S3150000AD504306D1D181EA030101F000414FF0000022
S3150000AD6070BD50EA410606BF1046194652EA430630
S3150000AD7019D094EA0C0F02D150EA013613D195EAA4
S3150000AD800C0F05D152EA03361CBF104619460AD1EC
S3150000AD9081EA030101F0004141F0FE4141F47001F6
S3150000ADA04FF0000070BD41F0FE4141F4780170BDE6
S3150000ADB070B54FF0FF0C4CF4E06C1CEA11541DBF4B
S3150000ADC01CEA135594EA0C0F95EA0C0F00F0A7F84D
S3150000ADD0A4EB050481EA030E52EA03354FEA01317A
S3150000ADE000F088804FEA03334FF0805545EA13138D
S3150000ADF043EA12634FEA022245EA111545EA106555
S3150000AE004FEA00260EF000419D4208BF964244F1EB
S3150000AE10FD0404F5407402D25B084FEA3202B61A0A
S3150000AE2065EB03055B084FEA32024FF480104FF4DE
S3150000AE30002CB6EB020E75EB030E22BFB61A754652
S3150000AE4040EA0C005B084FEA3202B6EB020E75EBE5
S3150000AE50030E22BFB61A754640EA5C005B084FEA4D
S3150000AE603202B6EB020E75EB030E22BFB61A75461A
S3150000AE7040EA9C005B084FEA3202B6EB020E75EB25
S3150000AE80030E22BFB61A754640EADC0055EA060EE6
S3150000AE9018D04FEA051545EA16754FEA06164FEA29
S3150000AEA0C30343EA52734FEAC2025FEA1C1CC0D1D5
S3150000AEB011F4801F0BD141EA00014FF000004FF062
S3150000AEC0004CB6E711F4801F04BF01430020B4F123
S3150000AED0FD0C88BFBCF5E06F3FF6AFAEB5EB030CDB
S3150000AEE004BFB6EB020C5FEA500C50F1000041EBD8
S3150000AEF0045170BD0EF0004E4EEA113114EB5C04A5
S3150000AF00C2BFD4EB0C0541EA045170BD41F4801177
S3150000AF104FF0000E013C90E645EA060E8DE60CEA7F
S3150000AF20135594EA0C0F08BF95EA0C0F3FF43BAF9C
S3150000AF3094EA0C0F0AD150EA01347FF434AF95EA53
S3150000AF400C0F7FF425AF104619462CE795EA0C0F37
S3150000AF5006D152EA03353FF4FDAE1046194622E704
S3150000AF6050EA410618BF52EA43067FF4C5AE50EADE
S3150000AF7041047FF40DAF52EA43057FF4EBAE12E7CE
S3150000AF804FF0FF3C06E000BF4FF0010C02E000BFAF
S3150000AF904FF0010C4DF804CD4FEA410C7FEA6C5C92
S3150000AFA04FEA430C18BF7FEA6C5C1BD001B050EA35
S3150000AFB0410C0CBF52EA430C91EA030F02BF90EA20
S3150000AFC0020F0020704710F1000F91EA030F58BFDF
S3150000AFD0994208BF90422CBFD8176FEAE37040F041
S3150000AFE0010070474FEA410C7FEA6C5C02D150EADF
S3150000AFF0013C07D14FEA430C7FEA6C5CD6D152EA9A
S3150000B000033CD3D05DF8040B704700BF844610465E
S3150000B01062468C461946634600E000BF01B5FFF75D
S3150000B020B7FF002848BF10F1000F01BD4DF808ED2D
S3150000B030FFF7F4FF0CBF012000205DF808FB00BFFE
S3150000B0404DF808EDFFF7EAFF34BF012000205DF858
S3150000B05008FB00BF4DF808EDFFF7E0FF94BF0120A5
S3150000B06000205DF808FB00BF4DF808EDFFF7CEFFA6
S3150000B07094BF012000205DF808FB00BF4DF808EDE5
S3150000B080FFF7C4FF34BF012000205DF808FB00BFB6
S3150000B0904FEA410C7FEA6C5C02D150EA013C0AD1CE
S3150000B0A04FEA430C7FEA6C5C02D152EA033C02D1C0
S3150000B0B04FF0000070474FF0010070474FEA410221
S3150000B0C012F5001215D211D56FF47873B3EB6252F4
S3150000B0D012D94FEAC12343F0004343EA505311F01B
S3150000B0E0004F23FA02F018BF404270474FF00000AD
S3150000B0F0704750EA013005D111F0004008BF6FF0EB
S3150000B100004070474FF00000704700BF4A0011D260
S3150000B11012F5001211D20DD56FF47873B3EB6252AB
S3150000B1200ED44FEAC12343F0004343EA505323FAB7
S3150000B13002F070474FF00000704750EA013002D12C
S3150000B1404FF0FF3070474FF0000070474FEA410262
S3150000B150B2F1E04324BFB3F5001CDCF1FE5C0DD96F
S3150000B16001F0004C4FEAC0024CEA5070B2F1004FB9
S3150000B17040EB830008BF20F00100704711F0804FBC
S3150000B18021D113F13872BCBF01F00040704741F481
S3150000B19080114FEA5252C2F11802C2F1200C10FA85
S3150000B1A00CF320FA02F018BF40F001004FEAC12369
S3150000B1B04FEAD32303FA0CFC40EA0C0023FA02F30D
S3150000B1C04FEA4303CCE77FEA625307D150EA0133E3
S3150000B1D01EBF4FF0FE4040F44000704701F00040B3
S3150000B1E040F0FE4040F40000704700BF38B5002232
S3150000B1F0002304460D46FFF723FF28B920462946BB
S3150000B200BDE8384000F00AB8204605F1004100F0DC
S3150000B21005F8404261EB410138BD00BFD0B50022C0
S3150000B2200B4B06460F46FFF799FCFFF76FFF0446E8
S3150000B230FFF71AFC0022074BFFF790FC02460B466D
S3150000B24030463946FFF7D2FAFFF760FF2146D0BDF8
S3150000B2500000F03D0000F04100F022B808B52DEDE9
S3150000B260028BB0EE408A00F0C7F8B4EE488AF1EEE1
S3150000B27010FA06D6DFED098AB4EEE88AF1EE10FA86
S3150000B28002D4BDEC028B08BDFAF7FCFD88EEA80AD5
S3150000B29021230360BDEC028B08BD00BF0000000047
S3150000B2A010EE903A30B523F0004583B0B5F1FF4F6C
S3150000B2B08DED010A01982CDC20F00041B1F1FF4F21
S3150000B2C027DCB3F17E5F38D09C1704F0020444EA11
S3150000B2D0D07451B9022C2DD09FED3E0A032CDDED22
S3150000B2E0017A00FE270A03B030BDD5B1B5F1FF4F94
S3150000B2F028D0B1F1FF4F14D0491BB1F1F45F4FEAEA
S3150000B300E1502CDA002B43DA3C3041DA9FED320A69
S3150000B31027E007EE903A9DED017A37EE870A03B0F3
S3150000B32030BDDFED2E7A00289FED2D0A20FE270A7C
S3150000B33003B030BD9FED2B0AD5E703B0BDE8304022
S3150000B34000F05EB8B1F1FF4F04F1FF3418D0022CC3
S3150000B35039D8254B03EB840494ED000AC3E79FED2F
S3150000B360200A012C28D0022C1DD0002CBBD09FED2A
S3150000B3701F7ADFED1C7A30EE070A30EE670AB2E775
S3150000B380022C23D81A4B03EB840494ED000AAAE797
S3150000B390DDED017A07EE103A87EE870A00F008F92C
S3150000B3A000F02EF8DDE79FED117ADFED0E7A30EE34
S3150000B3B0070A37EEC00A96E710EE103A03F100438B
S3150000B3C000EE103A8FE79FED040A8CE79FED090A1D
S3150000B3D089E700BFDB0F49C000000000DB0FC9BFD3
S3150000B3E0DB0FC93FDB0F4940B4C100002EBDBB33A4
S3150000B3F0A8C10000DB0F493FB1EEC00A704700BF8D
S3150000B40038B510EE105AF0EE407A25F00044B4F14B
S3150000B410A14F0ADBB4F1FF4F5ADCDFED527A002D63
S3150000B4209FED510A37FE800A38BD504B9C425EDCC8
S3150000B430B4F1445F4FDB4FF0FF3367EEA76ADFEDF1
S3150000B4404C1A9FED4C2A5A1CDFED4B5A26EEA67A73
S3150000B4509FED4A3ADFED4A2AB0EE666A9FED494A09
S3150000B460A7EE212ADFED483AE7EE252A9FED475A57
S3150000B470DFED474ADFED476ADFED475AA2EE073AAE
S3150000B480E2EE873AA3EE074AE3EE874AA4EE075AAE
S3150000B490E4EE875AE5EE076A25EE877A66EE866A57
S3150000B4A03AD03E4976EE876A3D4A002D01EB83018C
S3150000B4B002EB830391ED000A93ED007A96EEA70A5C
S3150000B4C070EE677A37EE670AAEDAB1EE400A38BD3B
S3150000B4D030EE000A38BD9FED337AF7EE006A30EEA3
S3150000B4E0077AB4EEE67AF1EE10FAA4DD38BD00F084
S3150000B4F05FF82D4B9C4216DCA3F5D0039C4227DC5B
S3150000B500F0EE007A0023BFEE007AA0EE277A30EE46
S3150000B510270AC7EE007A90E776EE876AE6EEE77AC4
S3150000B520B0EE670A38BD214B9C420BDCF7EE087A79
S3150000B5300223B7EE007AA0EE277A30EE670AC0EE55
S3150000B540077A7AE7BFEE007A0323C7EE007A74E73C
S3150000B550F7EE007A012330EE677A30EE270AC7EE5F
S3150000B560007A6AE7DB0FC93FDB0FC9BFFFFFDF3E8B
S3150000B570D769853C59DA4B3D21A215BD356B883D0F
S3150000B5806BF16EBD6E2EBA3D95879DBD2549123E67
S3150000B590388EE3BDABAAAA3ECDCC4CBED0C10000CE
S3150000B5A0C0C10000CAF24971FFFF973FFFFF1B4071
S3150000B5B010EE103A23F0004300EE103A704700BF39
S3150000B5C0024B58224FF0FF301A607047A00A002045
S3150000B5D0024B58224FF0FF301A607047A00A002035
S3150000B5E0024B582200201A60704700BFA00A0020B4
S3150000B5F0024B58224FF0FF301A607047A00A002015
S3150000B600024B58224FF0FF301A607047A00A002004
S3150000B6104275696C7420776974682052656E65732B
S3150000B620617320416476616E63656420466C65785B
S3150000B63069626C6520536F6674776172652050612C
S3150000B640636B6167652076657273696F6E20342E51
S3150000B650352E3000342E352E300000000000050453
S3150000B660F8B500BFF8BC08BC9E467047F8B500BFE9
S3150000B670F8BC08BC9E46704778B800000A02000075
S3150000B680510500203CB800000502000050050020CE
S3150000B690696D755F74657374206661696C65643A7B
S3150000B6A020737465703D256C75206572723D256446
S3150000B6B00D0A00FF49444C450000000043414C2C54
S3150000B6C0535445502C25752C25730D0A00FFFFFF9A
S3150000B6D043414C2C4F4B2C25752C25730D0A00FF2E
S3150000B6E04552520043414C2C4552522C25732C2571
S3150000B6F0730D0A0043414C2C444F4E450D0A00FF82
S3150000B70043414C2C53544154452C352C444F4E4503
S3150000B7102C310D0A0000000043414C2C5354415477
S3150000B720452C25752C25732C300D0A00504F53459A
S3150000B7302C25752C25752C25752C25752C25750D18
S3150000B7400A00FFFF43414C2C535441525400000061
S3150000B75043414C2C524553455400000043414C2C68
S3150000B7604E4558540000000043414C2C535441545C
S3150000B770555300FF4F4B00005745414B000000005A
S3150000B780414D4249470000004E4F4441544100009C
S3150000B79054504F534500000048592B00485A2D007D
S3150000B7A0455A2B0057582B00444F4E4500FFFFFFCC
S3150000B7B090B7000098B700009CB70000A0B7000043
S3150000B7C0A4B70000B4B60000A8B7000074B7000024
S3150000B7D078B7000080B7000088B700006007002037
S3150000B7E0E8B7000068BC0000060C09000300000072
S3150000B7F01910000000000000000000007007002083
S3150000B80008B8000068BC0000080A08010300000030
S3150000B810E90F000000000000000000008007002083
S3150000B82028B8000068BC0000090B0E0103000000E8
S3150000B8300110000000000000000000009807002032
S3150000B84048B800000CBC0000000405060706060602
S3150000B85006000101010000000000000000000000D9
S3150000B86021060000000000006CB800000100000086
S3150000B8700000000600000000C807002084B8000091
S3150000B88048BC0000020A0B0C0D0707070700010160
S3150000B890010000001CBA000034BA000035060000A2
S3150000B8A000000000A8B80000030000FFF407002015
S3150000B8B0B8B800007CBC00000200000080841E00B6
S3150000B8C000000000F049020000FFDF000000000059
S3150000B8D000000000D8B800000100010000000000D0
S3150000B8E00000000000000000000000000000000052
S3150000B8F000000000000000000000FFFFDFDF000086
S3150000B90000000000000000001408002014B9000028
S3150000B9107CBC00000200000024F4000005000000CA
S3150000B9204F12000004FFDF000000000000000000CE
S3150000B93034B9000001000100000000000000000012
S3150000B94000000000000000000000000000000000F1
S3150000B950000000000000FFFFDFDF00000000000025
S3150000B960000000003408002070B900007CBC000014
S3150000B9700200000024F40000050000004F12000041
S3150000B98005FFDF00000000000000000090B9000085
S3150000B990010001000000000000000000000000009F
S3150000B9A00000000000000000000000000000000091
S3150000B9B00000FFFFDFDF00000000000000000000C5
S3150000B9C054080020CCB900007CBC00000000000038
S3150000B9D040420F000000000020A10700020B0F00EC
S3150000B9E0F50E000000000000ECB9000000000000A9
S3150000B9F00000000000000000000000000000000041
S3150000BA000000000000000000000000000000FFFF32
S3150000BA10DFDF0000000000000000000074080020C6
S3150000BA2028BA0000ACBC0000F801002030BA0000C3
S3150000BA300BFFFFFF7C08002040BA0000ACBC0000F2
S3150000BA400802002048BA00000AFFFFFF8408002011
S3150000BA5058BA000024BC0000070200000C000C01CC
S3150000BA600C020C0300000000000000005D05000051
S3150000BA700000000078BA0000000100001802002053
S3150000BA800F00FFFF00000000FFFF0000170000008E
S3150000BA9094BA000000400000000000000080000092
S3150000BAA0020000000000010008010000000001047F
S3150000BAB00B010000000001040C010000000001045D
S3150000BAC00D01000000000106020200000000010650
S3150000BAD00302000000000106040200000500000049
S3150000BAE005020000050000000A0200000000010037
S3150000BAF00003000000000103010300000000010331
S3150000BB0002030000040000000004000000400000E2
S3150000BB100E040000004000000F04000000000103B6
S3150000BB200B050000000001030C05000000000105E4
S3150000BB300D060000000001050E06000000000103CE
S3150000BB40000700000000010301070000AA01AB0185
S3150000BB50AC01AD01C401C501C801C7010900070058
S3150000BB608C018D018E018F010A00D800E1000000D2
S3150000BB7000000000000000000000000000000000BF
S3150000BB8000000000000000000000000000000000AF
S3150000BB90000000000000000000000000000000009F
S3150000BBA0000000000000000000000000000000008F
S3150000BBB0000000000000000000000000000000007F
S3150000BBC0000000000000000000000000000000006F
S3150000BBD0000000000000000000000000000000005F
S3150000BBE0000000000000000000000000000000004F
S3150000BBF0000000000000000000000000000000003F
S3150000BC00000000000000000000000000A935000050
S3150000BC10653500008135000099350000F5320000D9
S3150000BC2005330000413E0000F13C0000FD3C0000F1
S3150000BC30553D0000A13D0000AD3D0000453D000022
S3150000BC40253C0000E93D0000A9440000BD48000075
S3150000BC50C9480000D1480000854300009543000014
S3150000BC60020403040404FFFF1D4C0000A14C000065
S3150000BC70E54C0000154D0000214D0000AD500000C0
S3150000BC80F14D0000E54D0000FD4D0000094E00009D
S3150000BC90394E0000514E0000894F0000E14E000071
S3150000BCA0814E0000954E0000E152000081550000D3
S3150000BCB03556000011540000AD540000CD5400006C
S3150000BCC0A5540000A9540000ED5400004D55000095
S3150000BCD0010002000800100020020020494E460024
S3150000BCE0696E66004E414E006E616E003000303166
S3150000BCF032333435363738394142434445460030CD
S3150000BD0031323334353637383961626364656600FB
S3150000BD1065256C6400FFFFFF35000000CEFBFFFFCA
S3150000BD20CB0300000100000000000000340000000A
S3150000BD30CEFBFFFFCB030000010000000000000067
S3150000BD40BC89D897B2D29C3C33A7A8D523F64939EB
S3150000BD503DA7F444FD0FA5329D978CCF08BA5B250D
S3150000BD60436FAC6428066811002020202020202084
S3150000BD702020282828282820202020202020202095
S3150000BD8020202020202020202088101010101010A5
S3150000BD9010101010101010101004040404040404F1
S3150000BDA0040404101010101010104141414141418B
S3150000BDB0010101010101010101010101010101016D
S3150000BDC0010101011010101010104242424242427D
S3150000BDD0020202020202020202020202020202023D
S3150000BDE002020202101010102000000000000000E5
S3150000BDF0000000000000000000000000000000003D
S3150000BE00000000000000000000000000000000002C
S3150000BE10000000000000000000000000000000001C
S3150000BE20000000000000000000000000000000000C
S3150000BE3000000000000000000000000000000000FC
S3150000BE4000000000000000000000000000000000EC
S3150000BE5000000000000000000000000000000000DC
S3150000BE60000000000000000000496E66696E6974FB
S3150000BE7079004E614E005245454E54206D616C6C02
S3150000BE806F6320737563636565646564002F6D6E0B
S3150000BE90742F776F726B73706163652F776F726B38
S3150000BEA073706163652F4743432D31302D70697080
S3150000BEB0656C696E652F6A656E6B696E732D474397
S3150000BEC0432D31302D706970656C696E652D333385
S3150000BED0385F32303231313031385F3136333435D4
S3150000BEE031363230332F7372632F6E65776C696229
S3150000BEF02F6E65776C69622F6C6962632F73746449
S3150000BF006C69622F64746F612E630042616C6C6FA2
S3150000BF1063207375636365656465640000000000F3
S3150000BF20000000000000000000000000000000000B
S3150000BF3000000000000000000000000000000000FB
S3150000BF4000000000000000000000000000000000EB
S3150000BF5000000000000000000000000000000000DB
S3150000BF6000000000000000000000000000000000CB
S3150000BF700000000000000000000000002F6D6E743D
S3150000BF802F776F726B73706163652F776F726B7348
S3150000BF90706163652F4743432D31302D706970659D
S3150000BFA06C696E652F6A656E6B696E732D474343C8
S3150000BFB02D31302D706970656C696E652D3333389F
S3150000BFC05F32303231313031385F313633343531EA
S3150000BFD0363230332F7372632F6E65776C69622F3A
S3150000BFE06E65776C69622F6C6962632F7374646C1B
S3150000BFF069622F6764746F612D6765746865782E52
S3150000C00063002E0002C0000099C1000080020020DB
S3150000C0104300504F534958002F6D6E742F776F723F
S3150000C0206B73706163652F776F726B737061636595
S3150000C0302F4743432D31302D706970656C696E65ED
S3150000C0402F6A656E6B696E732D4743432D31302D14
S3150000C050706970656C696E652D3333385F323032C6
S3150000C06031313031385F3136333435313632303371
S3150000C0702F7372632F6E65776C69622F6E65776CAE
S3150000C08069622F6C6962632F7374646C69622F6DC9
S3150000C090707265632E6300FF0080E03779C3414309
S3150000C0A0176E05B5B5B89346F5F93FE9034F384D18
S3150000C0B0321D30F94877825A3CBF737FDD4F1575C4
S3150000C0C0000000000000F03F0000000000002440D7
S3150000C0D000000000000059400000000000408F40B2
S3150000C0E0000000000088C34000000000006AF8401D
S3150000C0F00000000080842E4100000000D012634141
S3150000C1000000000084D797410000000065CDCD41B6
S3150000C110000000205FA00242000000E87648374297
S3150000C120000000A2941A6D42000040E59C30A24235
S3150000C1300000901EC4BCD64200003426F56B0C43AA
S3150000C1400080E03779C3414300A0D8855734764351
S3150000C15000C84E676DC1AB43003D9160E458E143B2
S3150000C160408CB5781DAF154450EFE2D6E41A4B4427
S3150000C17092D54D06CFF08044F64AE1C7022DB5446C
S3150000C180B49DD9794378EA440500000019000000FF
S3150000C1907D000000232D302B2000686C4C00656666
S3150000C1A06745464700FFFFFFDB0F49BFE4CB16405C
S3150000C1B0E4CB16C000000080DB0F4940DB0F49C00E
S3150000C1C03863ED3EDA0F493F5E987B3FDA0FC93F91
S3150000C1D06937AC3168212233B40F14336821A23396
S3090000C1E00000000055
S30D0000C1E4B099FF7F0100000085
S3150000C1EC0000F0410000F041CDCCCC3DACB80000D5
S3150000C1FC000000000000344300003443CDCCCC3D9D
S3150000C20CACB80000010000000000204300002043F1
S3150000C21CCDCCCC3D08B90000000000000000164350
S3150000C22C00001643CDCCCC3D08B90000010000003F
S3150000C23C0000B4420000B442CDCCCC3D64B9000041
S3150000C24C000000000000F0420000F042CDCCCC3DD6
S3150000C25C64B9000001000000000010080000000096
S3150000C26C00000000000000000000080000000000B4
S3150000C27C00000000000000004000350020020020F5
S3150000C28C000000003CBF00005CBF00001CBF0000AB
S3150000C29C000000000000000000000000000000008C
S3150000C2AC000000000000000000000000000000007C
S3150000C2BC000000000000000000000000000000006C
S3150000C2CC000000000000000000000000000000005C
S3150000C2DC000000000000000000000000000000004C
S3150000C2ECFF000000430000000000000000000000FA
S3150000C2FC000000000000000000000000000000002C
S3150000C30C00000000430000000000000000000000D8
S3150000C31C000000000000000000000000000000000B
S3150000C32C00000000430000000000000000000000B8
S3150000C33C00000000000000000000000000000000EB
S3150000C34C0000000043000000000000000000000098
S3150000C35C00000000000000000000000000000000CB
S3150000C36C0000000043000000000000000000000078
S3150000C37C00000000000000000000000000000000AB
S3150000C38C0000000043000000000000000000000058
S3150000C39C000000000000000000000000000000008B
S3150000C3AC0000000043000000000000000000000038
S3150000C3BC000000000000000000000000000000006B
S3150000C3CC0000000015A300006990000000000000AA
S3150000C3DC68BD000002C0000099C1000099C10000B0
S3150000C3EC99C1000099C1000099C1000099C10000D3
S3150000C3FC99C1000099C1000099C10000FFFFFFFF21
S3150000C40CFFFFFFFFFFFFFFFFFFFF0000010041538F
S3150000C41C4349490000000000000000000000000035
S3150000C42C0000000000000000000000000000415366
S3150000C43C4349490000000000000000000000000015
S3150000C44C00000000000000000000000000000000DA
S30D0000C45C2502000001020000A8
S3150100A100FFFFFFFFFFFFFFFFFFFFFFFFFFFFFFFF58
S3090100A110FFFFFFFF48
S3090100A134FFFFFFFF24
S3150100A200FFFDFFFFFFFFFFFFFFFFFFFFFFFFFFFF59
S3150100A210FFFFFFFFFFFFFFFFFFFFFFFFFFFFFFFF47
S3150100A220FFFFFFFFFFFFFFFFFFFFFFFFFFFFFFFF37
S3150100A230FFFFFFFFFFFFFFFFFFFFFFFFFFFFFFFF27
S3150100A240FFFFFFFFFFFFFFFFFFFFFFFFFFFFFFFF17
S3150100A250FFFFFFFFFFFFFFFFFFFFFFFFFFFFFFFF07
S3150100A260FFFFFFFFFFFFFFFFFFFFFFFFFFFFFFFFF7
S3150100A270FFFFFFFFFFFFFFFFFFFFFFFFFFFFFFFFE7
S3150100A280F8F8FFFFFFFFFFFFFFFFFFFFFFFFFFFFE5
S3150100A290FFFFFFFFFFFFFFFFFFFFFFFFFFFFFFFFC7
S3150100A2A0FFFFFFFFFFFFFFFFFFFFFFFFFFFFFFFFB7
S3150100A2B0FFFFFFFFFFFFFFFFFFFFFFFFFFFFFFFFA7
S3150100A2C0FFFFFFFFFFFFFFFFFFFFFFFFFFFFFFFF97
S70500005A950B
