#include "rf_v31_model_data.h"

#ifndef RF_V31_ALIGN
#define RF_V31_ALIGN __attribute__((aligned(16)))
#endif

#ifndef RF_V31_COMMAND_SECTION
#define RF_V31_COMMAND_SECTION
#endif

#ifndef RF_V31_WEIGHT_SECTION
#define RF_V31_WEIGHT_SECTION
#endif

static const uint8_t g_rf_v31_dji_control_command[RF_V31_DJI_CONTROL_COMMAND_BYTES]
    RF_V31_ALIGN RF_V31_COMMAND_SECTION = {
    0x43, 0x4f, 0x50, 0x31, 0x01, 0x00, 0x10, 0x00, 0x08, 0x30, 0x00, 0x00,
    0x01, 0x60, 0x06, 0x10, 0x05, 0x00, 0x00, 0x00, 0x05, 0x00, 0x00, 0x00,
    0x05, 0x00, 0x00, 0x00, 0x02, 0x00, 0xea, 0x69, 0x0f, 0x01, 0x01, 0x00,
    0x00, 0x40, 0x00, 0x00, 0x20, 0x17, 0x00, 0x00, 0x01, 0x40, 0x00, 0x00,
    0x00, 0x00, 0x00, 0x00, 0x02, 0x40, 0x00, 0x00, 0x00, 0x00, 0x00, 0x00,
    0x03, 0x40, 0x00, 0x00, 0x00, 0x00, 0x00, 0x00, 0x0b, 0x01, 0x01, 0x00,
    0x0c, 0x01, 0x01, 0x00, 0x0a, 0x01, 0x72, 0x00, 0x04, 0x01, 0x03, 0x00,
    0x05, 0x40, 0x00, 0x00, 0xcc, 0x01, 0x00, 0x00, 0x04, 0x40, 0x00, 0x00,
    0x04, 0x00, 0x00, 0x00, 0x06, 0x40, 0x00, 0x00, 0x01, 0x00, 0x00, 0x00,
    0x09, 0x01, 0x00, 0x00, 0x05, 0x01, 0x01, 0x00, 0x07, 0x01, 0x00, 0x00,
    0x00, 0x01, 0x00, 0x00, 0x01, 0x01, 0x00, 0x00, 0x03, 0x01, 0x00, 0x00,
    0x02, 0x01, 0x00, 0x00, 0x1f, 0x01, 0x01, 0x00, 0x10, 0x40, 0x00, 0x00,
    0xb0, 0x6d, 0x02, 0x00, 0x11, 0x40, 0x00, 0x00, 0x00, 0x00, 0x00, 0x00,
    0x12, 0x40, 0x00, 0x00, 0x00, 0x00, 0x00, 0x00, 0x13, 0x40, 0x00, 0x00,
    0x00, 0x00, 0x00, 0x00, 0x12, 0x01, 0x00, 0x00, 0x11, 0x01, 0x72, 0x00,
    0x1b, 0x01, 0x00, 0x00, 0x1c, 0x01, 0x00, 0x00, 0x1a, 0x01, 0x72, 0x00,
    0x13, 0x01, 0x03, 0x00, 0x15, 0x40, 0x00, 0x00, 0x30, 0x07, 0x00, 0x00,
    0x14, 0x40, 0x00, 0x00, 0x10, 0x00, 0x00, 0x00, 0x16, 0x40, 0x00, 0x00,
    0x30, 0x07, 0x00, 0x00, 0x18, 0x01, 0x00, 0x00, 0x14, 0x01, 0x41, 0x81,
    0x21, 0x01, 0x01, 0x00, 0x20, 0x01, 0x00, 0x00, 0x22, 0x01, 0x02, 0x00,
    0x25, 0x01, 0x00, 0x00, 0x26, 0x01, 0x80, 0xff, 0x27, 0x01, 0x7f, 0x00,
    0x24, 0x40, 0x20, 0x00, 0x01, 0x00, 0x00, 0x80, 0x16, 0x01, 0x01, 0x00,
    0x15, 0x01, 0x15, 0x00, 0x17, 0x01, 0x07, 0x00, 0x0d, 0x01, 0x0a, 0x00,
    0x2d, 0x01, 0x1e, 0x00, 0x24, 0x01, 0x00, 0x00, 0x2f, 0x01, 0x00, 0x00,
    0x05, 0x00, 0x01, 0x00, 0x00, 0x40, 0x00, 0x00, 0xb8, 0x1a, 0x00, 0x00,
    0x10, 0x40, 0x00, 0x00, 0xe0, 0x74, 0x02, 0x00, 0x2f, 0x01, 0x03, 0x00,
    0x05, 0x00, 0x01, 0x00, 0x00, 0x40, 0x00, 0x00, 0xb0, 0x6d, 0x02, 0x00,
    0x0b, 0x01, 0x00, 0x00, 0x0c, 0x01, 0x00, 0x00, 0x05, 0x40, 0x00, 0x00,
    0x30, 0x07, 0x00, 0x00, 0x04, 0x40, 0x00, 0x00, 0x10, 0x00, 0x00, 0x00,
    0x06, 0x40, 0x00, 0x00, 0x30, 0x07, 0x00, 0x00, 0x05, 0x01, 0x41, 0x00,
    0x01, 0x01, 0x01, 0x00, 0x02, 0x01, 0x01, 0x00, 0x10, 0x40, 0x00, 0x00,
    0xb0, 0x85, 0x01, 0x00, 0x11, 0x01, 0x39, 0x00, 0x1a, 0x01, 0x39, 0x00,
    0x13, 0x01, 0x0b, 0x00, 0x15, 0x40, 0x00, 0x00, 0xa0, 0x03, 0x00, 0x00,
    0x16, 0x40, 0x00, 0x00, 0xa0, 0x03, 0x00, 0x00, 0x18, 0x01, 0x80, 0xff,
    0x14, 0x01, 0x41, 0x00, 0x21, 0x01, 0x00, 0x00, 0x20, 0x01, 0x02, 0x00,
    0x22, 0x01, 0x05, 0x00, 0x28, 0x01, 0x00, 0x00, 0x20, 0x40, 0x00, 0x00,
    0x80, 0x00, 0x00, 0x00, 0x21, 0x40, 0x00, 0x00, 0xe0, 0x00, 0x00, 0x00,
    0x29, 0x01, 0x00, 0x00, 0x22, 0x40, 0x00, 0x00, 0x00, 0x00, 0x00, 0x00,
    0x23, 0x40, 0x00, 0x00, 0x80, 0x00, 0x00, 0x00, 0x15, 0x01, 0x39, 0x00,
    0x17, 0x01, 0x0f, 0x00, 0x2f, 0x01, 0x01, 0x00, 0x02, 0x00, 0x00, 0x00,
    0x00, 0x40, 0x00, 0x00, 0xe0, 0x74, 0x02, 0x00, 0x10, 0x40, 0x00, 0x00,
    0x50, 0x89, 0x01, 0x00, 0x2f, 0x01, 0x03, 0x00, 0x02, 0x00, 0x00, 0x00,
    0x00, 0x40, 0x00, 0x00, 0x50, 0x1e, 0x00, 0x00, 0x0b, 0x01, 0x01, 0x00,
    0x0c, 0x01, 0x01, 0x00, 0x05, 0x40, 0x00, 0x00, 0xcc, 0x01, 0x00, 0x00,
    0x04, 0x40, 0x00, 0x00, 0x04, 0x00, 0x00, 0x00, 0x06, 0x40, 0x00, 0x00,
    0x01, 0x00, 0x00, 0x00, 0x05, 0x01, 0x01, 0x00, 0x01, 0x01, 0x00, 0x00,
    0x02, 0x01, 0x00, 0x00, 0x10, 0x40, 0x00, 0x00, 0xb0, 0x6d, 0x02, 0x00,
    0x11, 0x01, 0x72, 0x00, 0x1a, 0x01, 0x72, 0x00, 0x13, 0x01, 0x03, 0x00,
    0x15, 0x40, 0x00, 0x00, 0x30, 0x07, 0x00, 0x00, 0x16, 0x40, 0x00, 0x00,
    0x30, 0x07, 0x00, 0x00, 0x18, 0x01, 0x00, 0x00, 0x14, 0x01, 0x41, 0x81,
    0x21, 0x01, 0x01, 0x00, 0x20, 0x01, 0x00, 0x00, 0x22, 0x01, 0x02, 0x00,
    0x15, 0x01, 0x15, 0x00, 0x17, 0x01, 0x07, 0x00, 0x05, 0x00, 0x01, 0x00,
    0x00, 0x40, 0x00, 0x00, 0xe8, 0x21, 0x00, 0x00, 0x10, 0x40, 0x00, 0x00,
    0xe0, 0x74, 0x02, 0x00, 0x05, 0x00, 0x01, 0x00, 0x00, 0x40, 0x00, 0x00,
    0xb0, 0x6d, 0x02, 0x00, 0x0b, 0x01, 0x00, 0x00, 0x0c, 0x01, 0x00, 0x00,
    0x05, 0x40, 0x00, 0x00, 0x30, 0x07, 0x00, 0x00, 0x04, 0x40, 0x00, 0x00,
    0x10, 0x00, 0x00, 0x00, 0x06, 0x40, 0x00, 0x00, 0x30, 0x07, 0x00, 0x00,
    0x05, 0x01, 0x41, 0x00, 0x01, 0x01, 0x01, 0x00, 0x02, 0x01, 0x01, 0x00,
    0x10, 0x40, 0x00, 0x00, 0xf0, 0x8c, 0x01, 0x00, 0x11, 0x01, 0x39, 0x00,
    0x1a, 0x01, 0x39, 0x00, 0x13, 0x01, 0x0b, 0x00, 0x15, 0x40, 0x00, 0x00,
    0xa0, 0x03, 0x00, 0x00, 0x16, 0x40, 0x00, 0x00, 0xa0, 0x03, 0x00, 0x00,
    0x18, 0x01, 0x80, 0xff, 0x14, 0x01, 0x41, 0x00, 0x21, 0x01, 0x00, 0x00,
    0x20, 0x01, 0x02, 0x00, 0x22, 0x01, 0x05, 0x00, 0x15, 0x01, 0x39, 0x00,
    0x17, 0x01, 0x0f, 0x00, 0x2f, 0x01, 0x01, 0x00, 0x02, 0x00, 0x00, 0x00,
    0x00, 0x40, 0x00, 0x00, 0xe0, 0x74, 0x02, 0x00, 0x10, 0x40, 0x00, 0x00,
    0x90, 0x90, 0x01, 0x00, 0x2f, 0x01, 0x03, 0x00, 0x02, 0x00, 0x00, 0x00,
    0x00, 0x40, 0x00, 0x00, 0x80, 0x25, 0x00, 0x00, 0x0b, 0x01, 0x01, 0x00,
    0x0c, 0x01, 0x01, 0x00, 0x05, 0x40, 0x00, 0x00, 0xcc, 0x01, 0x00, 0x00,
    0x04, 0x40, 0x00, 0x00, 0x04, 0x00, 0x00, 0x00, 0x06, 0x40, 0x00, 0x00,
    0x01, 0x00, 0x00, 0x00, 0x05, 0x01, 0x01, 0x00, 0x01, 0x01, 0x00, 0x00,
    0x02, 0x01, 0x00, 0x00, 0x10, 0x40, 0x00, 0x00, 0xb0, 0x6d, 0x02, 0x00,
    0x11, 0x01, 0x72, 0x00, 0x1a, 0x01, 0x72, 0x00, 0x13, 0x01, 0x03, 0x00,
    0x15, 0x40, 0x00, 0x00, 0x30, 0x07, 0x00, 0x00, 0x16, 0x40, 0x00, 0x00,
    0x30, 0x07, 0x00, 0x00, 0x18, 0x01, 0x00, 0x00, 0x14, 0x01, 0x41, 0x81,
    0x21, 0x01, 0x01, 0x00, 0x20, 0x01, 0x00, 0x00, 0x22, 0x01, 0x02, 0x00,
    0x15, 0x01, 0x15, 0x00, 0x17, 0x01, 0x07, 0x00, 0x05, 0x00, 0x01, 0x00,
    0x00, 0x40, 0x00, 0x00, 0x18, 0x29, 0x00, 0x00, 0x10, 0x40, 0x00, 0x00,
    0xe0, 0x74, 0x02, 0x00, 0x05, 0x00, 0x01, 0x00, 0x00, 0x40, 0x00, 0x00,
    0xb0, 0x6d, 0x02, 0x00, 0x0b, 0x01, 0x00, 0x00, 0x0c, 0x01, 0x00, 0x00,
    0x05, 0x40, 0x00, 0x00, 0x30, 0x07, 0x00, 0x00, 0x04, 0x40, 0x00, 0x00,
    0x10, 0x00, 0x00, 0x00, 0x06, 0x40, 0x00, 0x00, 0x30, 0x07, 0x00, 0x00,
    0x05, 0x01, 0x41, 0x00, 0x01, 0x01, 0x01, 0x00, 0x02, 0x01, 0x01, 0x00,
    0x10, 0x40, 0x00, 0x00, 0x30, 0x94, 0x01, 0x00, 0x11, 0x01, 0x39, 0x00,
    0x1a, 0x01, 0x39, 0x00, 0x13, 0x01, 0x0b, 0x00, 0x15, 0x40, 0x00, 0x00,
    0xa0, 0x03, 0x00, 0x00, 0x16, 0x40, 0x00, 0x00, 0xa0, 0x03, 0x00, 0x00,
    0x18, 0x01, 0x80, 0xff, 0x14, 0x01, 0x41, 0x00, 0x21, 0x01, 0x00, 0x00,
    0x20, 0x01, 0x02, 0x00, 0x22, 0x01, 0x05, 0x00, 0x15, 0x01, 0x39, 0x00,
    0x17, 0x01, 0x0f, 0x00, 0x2f, 0x01, 0x01, 0x00, 0x02, 0x00, 0x00, 0x00,
    0x00, 0x40, 0x00, 0x00, 0xe0, 0x74, 0x02, 0x00, 0x10, 0x40, 0x00, 0x00,
    0xd0, 0x97, 0x01, 0x00, 0x2f, 0x01, 0x03, 0x00, 0x02, 0x00, 0x00, 0x00,
    0x00, 0x40, 0x00, 0x00, 0xb0, 0x2c, 0x00, 0x00, 0x0b, 0x01, 0x01, 0x00,
    0x0c, 0x01, 0x01, 0x00, 0x05, 0x40, 0x00, 0x00, 0xcc, 0x01, 0x00, 0x00,
    0x04, 0x40, 0x00, 0x00, 0x04, 0x00, 0x00, 0x00, 0x06, 0x40, 0x00, 0x00,
    0x01, 0x00, 0x00, 0x00, 0x05, 0x01, 0x01, 0x00, 0x01, 0x01, 0x00, 0x00,
    0x02, 0x01, 0x00, 0x00, 0x10, 0x40, 0x00, 0x00, 0xb0, 0x6d, 0x02, 0x00,
    0x11, 0x01, 0x72, 0x00, 0x1a, 0x01, 0x72, 0x00, 0x13, 0x01, 0x03, 0x00,
    0x15, 0x40, 0x00, 0x00, 0x30, 0x07, 0x00, 0x00, 0x16, 0x40, 0x00, 0x00,
    0x30, 0x07, 0x00, 0x00, 0x18, 0x01, 0x00, 0x00, 0x14, 0x01, 0x41, 0x81,
    0x21, 0x01, 0x01, 0x00, 0x20, 0x01, 0x00, 0x00, 0x22, 0x01, 0x02, 0x00,
    0x15, 0x01, 0x15, 0x00, 0x17, 0x01, 0x07, 0x00, 0x05, 0x00, 0x01, 0x00,
    0x00, 0x40, 0x00, 0x00, 0x48, 0x30, 0x00, 0x00, 0x10, 0x40, 0x00, 0x00,
    0xe0, 0x74, 0x02, 0x00, 0x05, 0x00, 0x01, 0x00, 0x00, 0x40, 0x00, 0x00,
    0xb0, 0x6d, 0x02, 0x00, 0x0b, 0x01, 0x00, 0x00, 0x0c, 0x01, 0x00, 0x00,
    0x05, 0x40, 0x00, 0x00, 0x30, 0x07, 0x00, 0x00, 0x04, 0x40, 0x00, 0x00,
    0x10, 0x00, 0x00, 0x00, 0x06, 0x40, 0x00, 0x00, 0x30, 0x07, 0x00, 0x00,
    0x05, 0x01, 0x41, 0x00, 0x01, 0x01, 0x01, 0x00, 0x02, 0x01, 0x01, 0x00,
    0x10, 0x40, 0x00, 0x00, 0x70, 0x9b, 0x01, 0x00, 0x11, 0x01, 0x39, 0x00,
    0x1a, 0x01, 0x39, 0x00, 0x13, 0x01, 0x0b, 0x00, 0x15, 0x40, 0x00, 0x00,
    0xa0, 0x03, 0x00, 0x00, 0x16, 0x40, 0x00, 0x00, 0xa0, 0x03, 0x00, 0x00,
    0x18, 0x01, 0x80, 0xff, 0x14, 0x01, 0x41, 0x00, 0x21, 0x01, 0x00, 0x00,
    0x20, 0x01, 0x02, 0x00, 0x22, 0x01, 0x05, 0x00, 0x15, 0x01, 0x39, 0x00,
    0x17, 0x01, 0x0f, 0x00, 0x2f, 0x01, 0x01, 0x00, 0x02, 0x00, 0x00, 0x00,
    0x00, 0x40, 0x00, 0x00, 0xe0, 0x74, 0x02, 0x00, 0x10, 0x40, 0x00, 0x00,
    0x10, 0x9f, 0x01, 0x00, 0x2f, 0x01, 0x03, 0x00, 0x02, 0x00, 0x00, 0x00,
    0x00, 0x40, 0x00, 0x00, 0xe0, 0x33, 0x00, 0x00, 0x0b, 0x01, 0x01, 0x00,
    0x0c, 0x01, 0x01, 0x00, 0x05, 0x40, 0x00, 0x00, 0xcc, 0x01, 0x00, 0x00,
    0x04, 0x40, 0x00, 0x00, 0x04, 0x00, 0x00, 0x00, 0x06, 0x40, 0x00, 0x00,
    0x01, 0x00, 0x00, 0x00, 0x05, 0x01, 0x01, 0x00, 0x01, 0x01, 0x00, 0x00,
    0x02, 0x01, 0x00, 0x00, 0x10, 0x40, 0x00, 0x00, 0xb0, 0x6d, 0x02, 0x00,
    0x11, 0x01, 0x72, 0x00, 0x1a, 0x01, 0x72, 0x00, 0x13, 0x01, 0x03, 0x00,
    0x15, 0x40, 0x00, 0x00, 0x30, 0x07, 0x00, 0x00, 0x16, 0x40, 0x00, 0x00,
    0x30, 0x07, 0x00, 0x00, 0x18, 0x01, 0x00, 0x00, 0x14, 0x01, 0x41, 0x81,
    0x21, 0x01, 0x01, 0x00, 0x20, 0x01, 0x00, 0x00, 0x22, 0x01, 0x02, 0x00,
    0x15, 0x01, 0x15, 0x00, 0x17, 0x01, 0x07, 0x00, 0x05, 0x00, 0x01, 0x00,
    0x00, 0x40, 0x00, 0x00, 0x78, 0x37, 0x00, 0x00, 0x10, 0x40, 0x00, 0x00,
    0xe0, 0x74, 0x02, 0x00, 0x05, 0x00, 0x01, 0x00, 0x00, 0x40, 0x00, 0x00,
    0xb0, 0x6d, 0x02, 0x00, 0x0b, 0x01, 0x00, 0x00, 0x0c, 0x01, 0x00, 0x00,
    0x05, 0x40, 0x00, 0x00, 0x30, 0x07, 0x00, 0x00, 0x04, 0x40, 0x00, 0x00,
    0x10, 0x00, 0x00, 0x00, 0x06, 0x40, 0x00, 0x00, 0x30, 0x07, 0x00, 0x00,
    0x05, 0x01, 0x41, 0x00, 0x01, 0x01, 0x01, 0x00, 0x02, 0x01, 0x01, 0x00,
    0x10, 0x40, 0x00, 0x00, 0xb0, 0xa2, 0x01, 0x00, 0x11, 0x01, 0x39, 0x00,
    0x1a, 0x01, 0x39, 0x00, 0x13, 0x01, 0x0b, 0x00, 0x15, 0x40, 0x00, 0x00,
    0xa0, 0x03, 0x00, 0x00, 0x16, 0x40, 0x00, 0x00, 0xa0, 0x03, 0x00, 0x00,
    0x18, 0x01, 0x80, 0xff, 0x14, 0x01, 0x41, 0x00, 0x21, 0x01, 0x00, 0x00,
    0x20, 0x01, 0x02, 0x00, 0x22, 0x01, 0x05, 0x00, 0x15, 0x01, 0x39, 0x00,
    0x17, 0x01, 0x0f, 0x00, 0x2f, 0x01, 0x01, 0x00, 0x02, 0x00, 0x00, 0x00,
    0x00, 0x40, 0x00, 0x00, 0xe0, 0x74, 0x02, 0x00, 0x10, 0x40, 0x00, 0x00,
    0x50, 0xa6, 0x01, 0x00, 0x2f, 0x01, 0x03, 0x00, 0x02, 0x00, 0x00, 0x00,
    0x00, 0x40, 0x00, 0x00, 0xb0, 0x85, 0x01, 0x00, 0x0b, 0x01, 0x02, 0x00,
    0x0c, 0x01, 0x02, 0x00, 0x0a, 0x01, 0x39, 0x00, 0x04, 0x01, 0x0b, 0x00,
    0x05, 0x40, 0x00, 0x00, 0xa0, 0x03, 0x00, 0x00, 0x06, 0x40, 0x00, 0x00,
    0xa0, 0x03, 0x00, 0x00, 0x09, 0x01, 0x80, 0xff, 0x00, 0x01, 0x02, 0x00,
    0x10, 0x40, 0x00, 0x00, 0x10, 0x7c, 0x02, 0x00, 0x21, 0x01, 0x04, 0x00,
    0x22, 0x01, 0x00, 0x00, 0x20, 0x40, 0x00, 0x00, 0xe0, 0x01, 0x00, 0x00,
    0x22, 0x40, 0x00, 0x00, 0x60, 0x01, 0x00, 0x00, 0x0d, 0x01, 0x12, 0x00,
    0x2f, 0x01, 0x01, 0x00, 0x03, 0x00, 0x00, 0x00, 0x0b, 0x01, 0x03, 0x00,
    0x0c, 0x01, 0x03, 0x00, 0x00, 0x01, 0x01, 0x00, 0x10, 0x40, 0x00, 0x00,
    0xb0, 0x7f, 0x02, 0x00, 0x2f, 0x01, 0x03, 0x00, 0x03, 0x00, 0x00, 0x00,
    0x00, 0x40, 0x00, 0x00, 0x10, 0x7c, 0x02, 0x00, 0x0b, 0x01, 0x00, 0x00,
    0x0c, 0x01, 0x00, 0x00, 0x00, 0x01, 0x00, 0x00, 0x01, 0x01, 0x00, 0x00,
    0x02, 0x01, 0x00, 0x00, 0x10, 0x40, 0x00, 0x00, 0xb0, 0x16, 0x02, 0x00,
    0x21, 0x01, 0x00, 0x00, 0x20, 0x01, 0x00, 0x00, 0x20, 0x40, 0x00, 0x00,
    0x40, 0x03, 0x00, 0x00, 0x22, 0x40, 0x00, 0x00, 0xc0, 0x02, 0x00, 0x00,
    0x0d, 0x01, 0x0a, 0x00, 0x2f, 0x01, 0x01, 0x00, 0x02, 0x00, 0x00, 0x00,
    0x00, 0x40, 0x00, 0x00, 0xb0, 0x7f, 0x02, 0x00, 0x10, 0x40, 0x00, 0x00,
    0x50, 0x1a, 0x02, 0x00, 0x2f, 0x01, 0x03, 0x00, 0x02, 0x00, 0x00, 0x00,
    0x00, 0x40, 0x00, 0x00, 0xb0, 0x85, 0x01, 0x00, 0x0b, 0x01, 0x04, 0x00,
    0x0c, 0x01, 0x04, 0x00, 0x01, 0x01, 0x01, 0x00, 0x02, 0x01, 0x01, 0x00,
    0x10, 0x40, 0x00, 0x00, 0x10, 0x7c, 0x02, 0x00, 0x21, 0x01, 0x04, 0x00,
    0x20, 0x01, 0x02, 0x00, 0x20, 0x40, 0x00, 0x00, 0xe0, 0x01, 0x00, 0x00,
    0x22, 0x40, 0x00, 0x00, 0x60, 0x01, 0x00, 0x00, 0x0d, 0x01, 0x12, 0x00,
    0x03, 0x00, 0x00, 0x00, 0x00, 0x40, 0x00, 0x00, 0x50, 0x89, 0x01, 0x00,
    0x10, 0x40, 0x00, 0x00, 0xb0, 0x7f, 0x02, 0x00, 0x03, 0x00, 0x00, 0x00,
    0x00, 0x40, 0x00, 0x00, 0x10, 0x7c, 0x02, 0x00, 0x0b, 0x01, 0x00, 0x00,
    0x0c, 0x01, 0x00, 0x00, 0x01, 0x01, 0x00, 0x00, 0x02, 0x01, 0x00, 0x00,
    0x10, 0x40, 0x00, 0x00, 0xf0, 0x1d, 0x02, 0x00, 0x21, 0x01, 0x00, 0x00,
    0x20, 0x01, 0x00, 0x00, 0x20, 0x40, 0x00, 0x00, 0x40, 0x03, 0x00, 0x00,
    0x22, 0x40, 0x00, 0x00, 0xc0, 0x02, 0x00, 0x00, 0x0d, 0x01, 0x0a, 0x00,
    0x2f, 0x01, 0x01, 0x00, 0x02, 0x00, 0x00, 0x00, 0x00, 0x40, 0x00, 0x00,
    0xb0, 0x7f, 0x02, 0x00, 0x10, 0x40, 0x00, 0x00, 0x90, 0x21, 0x02, 0x00,
    0x2f, 0x01, 0x03, 0x00, 0x02, 0x00, 0x00, 0x00, 0x00, 0x40, 0x00, 0x00,
    0xf0, 0x8c, 0x01, 0x00, 0x0b, 0x01, 0x04, 0x00, 0x0c, 0x01, 0x04, 0x00,
    0x01, 0x01, 0x01, 0x00, 0x02, 0x01, 0x01, 0x00, 0x10, 0x40, 0x00, 0x00,
    0x10, 0x7c, 0x02, 0x00, 0x21, 0x01, 0x04, 0x00, 0x20, 0x01, 0x02, 0x00,
    0x20, 0x40, 0x00, 0x00, 0xe0, 0x01, 0x00, 0x00, 0x22, 0x40, 0x00, 0x00,
    0x60, 0x01, 0x00, 0x00, 0x0d, 0x01, 0x12, 0x00, 0x03, 0x00, 0x00, 0x00,
    0x00, 0x40, 0x00, 0x00, 0x90, 0x90, 0x01, 0x00, 0x10, 0x40, 0x00, 0x00,
    0xb0, 0x7f, 0x02, 0x00, 0x03, 0x00, 0x00, 0x00, 0x00, 0x40, 0x00, 0x00,
    0x10, 0x7c, 0x02, 0x00, 0x0b, 0x01, 0x00, 0x00, 0x0c, 0x01, 0x00, 0x00,
    0x01, 0x01, 0x00, 0x00, 0x02, 0x01, 0x00, 0x00, 0x10, 0x40, 0x00, 0x00,
    0x30, 0x25, 0x02, 0x00, 0x21, 0x01, 0x00, 0x00, 0x20, 0x01, 0x00, 0x00,
    0x20, 0x40, 0x00, 0x00, 0x40, 0x03, 0x00, 0x00, 0x22, 0x40, 0x00, 0x00,
    0xc0, 0x02, 0x00, 0x00, 0x0d, 0x01, 0x0a, 0x00, 0x2f, 0x01, 0x01, 0x00,
    0x02, 0x00, 0x00, 0x00, 0x00, 0x40, 0x00, 0x00, 0xb0, 0x7f, 0x02, 0x00,
    0x10, 0x40, 0x00, 0x00, 0xd0, 0x28, 0x02, 0x00, 0x2f, 0x01, 0x03, 0x00,
    0x02, 0x00, 0x00, 0x00, 0x00, 0x40, 0x00, 0x00, 0xb0, 0x16, 0x02, 0x00,
    0x0b, 0x01, 0x01, 0x00, 0x0c, 0x01, 0x01, 0x00, 0x00, 0x01, 0x01, 0x00,
    0x01, 0x01, 0x01, 0x00, 0x02, 0x01, 0x01, 0x00, 0x10, 0x40, 0x00, 0x00,
    0x50, 0x83, 0x02, 0x00, 0x21, 0x01, 0x02, 0x00, 0x20, 0x01, 0x02, 0x00,
    0x20, 0x40, 0x00, 0x00, 0xa0, 0x04, 0x00, 0x00, 0x21, 0x40, 0x00, 0x00,
    0xa0, 0x00, 0x00, 0x00, 0x22, 0x40, 0x00, 0x00, 0x20, 0x04, 0x00, 0x00,
    0x2f, 0x01, 0x01, 0x00, 0x03, 0x00, 0x00, 0x00, 0x0b, 0x01, 0x02, 0x00,
    0x0c, 0x01, 0x02, 0x00, 0x00, 0x01, 0x00, 0x00, 0x10, 0x40, 0x00, 0x00,
    0xf0, 0x86, 0x02, 0x00, 0x2f, 0x01, 0x03, 0x00, 0x03, 0x00, 0x00, 0x00,
    0x00, 0x40, 0x00, 0x00, 0x50, 0x83, 0x02, 0x00, 0x0b, 0x01, 0x00, 0x00,
    0x0c, 0x01, 0x00, 0x00, 0x01, 0x01, 0x00, 0x00, 0x02, 0x01, 0x00, 0x00,
    0x10, 0x40, 0x00, 0x00, 0xf0, 0xa9, 0x01, 0x00, 0x21, 0x01, 0x00, 0x00,
    0x20, 0x01, 0x00, 0x00, 0x20, 0x40, 0x00, 0x00, 0xc0, 0x05, 0x00, 0x00,
    0x21, 0x40, 0x00, 0x00, 0x00, 0x01, 0x00, 0x00, 0x22, 0x40, 0x00, 0x00,
    0x40, 0x05, 0x00, 0x00, 0x2f, 0x01, 0x01, 0x00, 0x02, 0x00, 0x00, 0x00,
    0x00, 0x40, 0x00, 0x00, 0xf0, 0x86, 0x02, 0x00, 0x10, 0x40, 0x00, 0x00,
    0x90, 0xad, 0x01, 0x00, 0x2f, 0x01, 0x03, 0x00, 0x02, 0x00, 0x00, 0x00,
    0x00, 0x40, 0x00, 0x00, 0x50, 0x1a, 0x02, 0x00, 0x0b, 0x01, 0x02, 0x00,
    0x0c, 0x01, 0x02, 0x00, 0x01, 0x01, 0x01, 0x00, 0x02, 0x01, 0x01, 0x00,
    0x10, 0x40, 0x00, 0x00, 0x50, 0x83, 0x02, 0x00, 0x21, 0x01, 0x02, 0x00,
    0x20, 0x01, 0x02, 0x00, 0x20, 0x40, 0x00, 0x00, 0xa0, 0x04, 0x00, 0x00,
    0x21, 0x40, 0x00, 0x00, 0xa0, 0x00, 0x00, 0x00, 0x22, 0x40, 0x00, 0x00,
    0x20, 0x04, 0x00, 0x00, 0x03, 0x00, 0x00, 0x00, 0x00, 0x40, 0x00, 0x00,
    0xf0, 0x1d, 0x02, 0x00, 0x10, 0x40, 0x00, 0x00, 0xf0, 0x86, 0x02, 0x00,
    0x03, 0x00, 0x00, 0x00, 0x00, 0x40, 0x00, 0x00, 0x50, 0x83, 0x02, 0x00,
    0x0b, 0x01, 0x00, 0x00, 0x0c, 0x01, 0x00, 0x00, 0x01, 0x01, 0x00, 0x00,
    0x02, 0x01, 0x00, 0x00, 0x10, 0x40, 0x00, 0x00, 0x30, 0xb1, 0x01, 0x00,
    0x21, 0x01, 0x00, 0x00, 0x20, 0x01, 0x00, 0x00, 0x20, 0x40, 0x00, 0x00,
    0xc0, 0x05, 0x00, 0x00, 0x21, 0x40, 0x00, 0x00, 0x00, 0x01, 0x00, 0x00,
    0x22, 0x40, 0x00, 0x00, 0x40, 0x05, 0x00, 0x00, 0x2f, 0x01, 0x01, 0x00,
    0x02, 0x00, 0x00, 0x00, 0x00, 0x40, 0x00, 0x00, 0xf0, 0x86, 0x02, 0x00,
    0x10, 0x40, 0x00, 0x00, 0xd0, 0xb4, 0x01, 0x00, 0x2f, 0x01, 0x03, 0x00,
    0x02, 0x00, 0x00, 0x00, 0x00, 0x40, 0x00, 0x00, 0x90, 0x21, 0x02, 0x00,
    0x0b, 0x01, 0x02, 0x00, 0x0c, 0x01, 0x02, 0x00, 0x01, 0x01, 0x01, 0x00,
    0x02, 0x01, 0x01, 0x00, 0x10, 0x40, 0x00, 0x00, 0x50, 0x83, 0x02, 0x00,
    0x21, 0x01, 0x02, 0x00, 0x20, 0x01, 0x02, 0x00, 0x20, 0x40, 0x00, 0x00,
    0xa0, 0x04, 0x00, 0x00, 0x21, 0x40, 0x00, 0x00, 0xa0, 0x00, 0x00, 0x00,
    0x22, 0x40, 0x00, 0x00, 0x20, 0x04, 0x00, 0x00, 0x03, 0x00, 0x00, 0x00,
    0x00, 0x40, 0x00, 0x00, 0x30, 0x94, 0x01, 0x00, 0x0b, 0x01, 0x04, 0x00,
    0x0c, 0x01, 0x04, 0x00, 0x10, 0x40, 0x00, 0x00, 0x10, 0x7c, 0x02, 0x00,
    0x21, 0x01, 0x04, 0x00, 0x20, 0x40, 0x00, 0x00, 0xe0, 0x01, 0x00, 0x00,
    0x21, 0x40, 0x00, 0x00, 0xe0, 0x00, 0x00, 0x00, 0x22, 0x40, 0x00, 0x00,
    0x60, 0x01, 0x00, 0x00, 0x0d, 0x01, 0x12, 0x00, 0x03, 0x00, 0x00, 0x00,
    0x00, 0x40, 0x00, 0x00, 0xd0, 0x97, 0x01, 0x00, 0x10, 0x40, 0x00, 0x00,
    0xb0, 0x7f, 0x02, 0x00, 0x03, 0x00, 0x00, 0x00, 0x00, 0x40, 0x00, 0x00,
    0x10, 0x7c, 0x02, 0x00, 0x0b, 0x01, 0x00, 0x00, 0x0c, 0x01, 0x00, 0x00,
    0x01, 0x01, 0x00, 0x00, 0x02, 0x01, 0x00, 0x00, 0x10, 0x40, 0x00, 0x00,
    0xb0, 0x16, 0x02, 0x00, 0x21, 0x01, 0x00, 0x00, 0x20, 0x01, 0x00, 0x00,
    0x20, 0x40, 0x00, 0x00, 0x40, 0x03, 0x00, 0x00, 0x22, 0x40, 0x00, 0x00,
    0xc0, 0x02, 0x00, 0x00, 0x0d, 0x01, 0x0a, 0x00, 0x2f, 0x01, 0x01, 0x00,
    0x02, 0x00, 0x00, 0x00, 0x00, 0x40, 0x00, 0x00, 0xb0, 0x7f, 0x02, 0x00,
    0x10, 0x40, 0x00, 0x00, 0x50, 0x1a, 0x02, 0x00, 0x2f, 0x01, 0x03, 0x00,
    0x02, 0x00, 0x00, 0x00, 0x00, 0x40, 0x00, 0x00, 0x10, 0x3b, 0x00, 0x00,
    0x0b, 0x01, 0x01, 0x00, 0x0c, 0x01, 0x01, 0x00, 0x0a, 0x01, 0x72, 0x00,
    0x04, 0x01, 0x03, 0x00, 0x05, 0x40, 0x00, 0x00, 0xcc, 0x01, 0x00, 0x00,
    0x04, 0x40, 0x00, 0x00, 0x04, 0x00, 0x00, 0x00, 0x06, 0x40, 0x00, 0x00,
    0x01, 0x00, 0x00, 0x00, 0x09, 0x01, 0x00, 0x00, 0x05, 0x01, 0x01, 0x00,
    0x10, 0x40, 0x00, 0x00, 0xb0, 0x6d, 0x02, 0x00, 0x11, 0x01, 0x72, 0x00,
    0x1a, 0x01, 0x72, 0x00, 0x13, 0x01, 0x03, 0x00, 0x15, 0x40, 0x00, 0x00,
    0x30, 0x07, 0x00, 0x00, 0x16, 0x40, 0x00, 0x00, 0x30, 0x07, 0x00, 0x00,
    0x18, 0x01, 0x00, 0x00, 0x14, 0x01, 0x41, 0x81, 0x21, 0x01, 0x01, 0x00,
    0x22, 0x01, 0x02, 0x00, 0x15, 0x01, 0x15, 0x00, 0x17, 0x01, 0x07, 0x00,
    0x05, 0x00, 0x01, 0x00, 0x00, 0x40, 0x00, 0x00, 0xa8, 0x3e, 0x00, 0x00,
    0x10, 0x40, 0x00, 0x00, 0xe0, 0x74, 0x02, 0x00, 0x05, 0x00, 0x01, 0x00,
    0x00, 0x40, 0x00, 0x00, 0xb0, 0x6d, 0x02, 0x00, 0x0b, 0x01, 0x00, 0x00,
    0x0c, 0x01, 0x00, 0x00, 0x05, 0x40, 0x00, 0x00, 0x30, 0x07, 0x00, 0x00,
    0x04, 0x40, 0x00, 0x00, 0x10, 0x00, 0x00, 0x00, 0x06, 0x40, 0x00, 0x00,
    0x30, 0x07, 0x00, 0x00, 0x05, 0x01, 0x41, 0x00, 0x01, 0x01, 0x01, 0x00,
    0x02, 0x01, 0x01, 0x00, 0x10, 0x40, 0x00, 0x00, 0xb0, 0x85, 0x01, 0x00,
    0x11, 0x01, 0x39, 0x00, 0x1a, 0x01, 0x39, 0x00, 0x13, 0x01, 0x0b, 0x00,
    0x15, 0x40, 0x00, 0x00, 0xa0, 0x03, 0x00, 0x00, 0x16, 0x40, 0x00, 0x00,
    0xa0, 0x03, 0x00, 0x00, 0x18, 0x01, 0x80, 0xff, 0x14, 0x01, 0x41, 0x00,
    0x21, 0x01, 0x00, 0x00, 0x20, 0x01, 0x02, 0x00, 0x22, 0x01, 0x05, 0x00,
    0x20, 0x40, 0x00, 0x00, 0x80, 0x00, 0x00, 0x00, 0x22, 0x40, 0x00, 0x00,
    0x00, 0x00, 0x00, 0x00, 0x15, 0x01, 0x39, 0x00, 0x17, 0x01, 0x0f, 0x00,
    0x2f, 0x01, 0x01, 0x00, 0x02, 0x00, 0x00, 0x00, 0x00, 0x40, 0x00, 0x00,
    0xe0, 0x74, 0x02, 0x00, 0x10, 0x40, 0x00, 0x00, 0x50, 0x89, 0x01, 0x00,
    0x2f, 0x01, 0x03, 0x00, 0x02, 0x00, 0x00, 0x00, 0x00, 0x40, 0x00, 0x00,
    0x40, 0x42, 0x00, 0x00, 0x0b, 0x01, 0x01, 0x00, 0x0c, 0x01, 0x01, 0x00,
    0x05, 0x40, 0x00, 0x00, 0xcc, 0x01, 0x00, 0x00, 0x04, 0x40, 0x00, 0x00,
    0x04, 0x00, 0x00, 0x00, 0x06, 0x40, 0x00, 0x00, 0x01, 0x00, 0x00, 0x00,
    0x05, 0x01, 0x01, 0x00, 0x01, 0x01, 0x00, 0x00, 0x02, 0x01, 0x00, 0x00,
    0x10, 0x40, 0x00, 0x00, 0xb0, 0x6d, 0x02, 0x00, 0x11, 0x01, 0x72, 0x00,
    0x1a, 0x01, 0x72, 0x00, 0x13, 0x01, 0x03, 0x00, 0x15, 0x40, 0x00, 0x00,
    0x30, 0x07, 0x00, 0x00, 0x16, 0x40, 0x00, 0x00, 0x30, 0x07, 0x00, 0x00,
    0x18, 0x01, 0x00, 0x00, 0x14, 0x01, 0x41, 0x81, 0x21, 0x01, 0x01, 0x00,
    0x20, 0x01, 0x00, 0x00, 0x22, 0x01, 0x02, 0x00, 0x15, 0x01, 0x15, 0x00,
    0x17, 0x01, 0x07, 0x00, 0x05, 0x00, 0x01, 0x00, 0x00, 0x40, 0x00, 0x00,
    0xd8, 0x45, 0x00, 0x00, 0x10, 0x40, 0x00, 0x00, 0xe0, 0x74, 0x02, 0x00,
    0x05, 0x00, 0x01, 0x00, 0x00, 0x40, 0x00, 0x00, 0xb0, 0x6d, 0x02, 0x00,
    0x0b, 0x01, 0x00, 0x00, 0x0c, 0x01, 0x00, 0x00, 0x05, 0x40, 0x00, 0x00,
    0x30, 0x07, 0x00, 0x00, 0x04, 0x40, 0x00, 0x00, 0x10, 0x00, 0x00, 0x00,
    0x06, 0x40, 0x00, 0x00, 0x30, 0x07, 0x00, 0x00, 0x05, 0x01, 0x41, 0x00,
    0x01, 0x01, 0x01, 0x00, 0x02, 0x01, 0x01, 0x00, 0x10, 0x40, 0x00, 0x00,
    0xf0, 0x8c, 0x01, 0x00, 0x11, 0x01, 0x39, 0x00, 0x1a, 0x01, 0x39, 0x00,
    0x13, 0x01, 0x0b, 0x00, 0x15, 0x40, 0x00, 0x00, 0xa0, 0x03, 0x00, 0x00,
    0x16, 0x40, 0x00, 0x00, 0xa0, 0x03, 0x00, 0x00, 0x18, 0x01, 0x80, 0xff,
    0x14, 0x01, 0x41, 0x00, 0x21, 0x01, 0x00, 0x00, 0x20, 0x01, 0x02, 0x00,
    0x22, 0x01, 0x05, 0x00, 0x15, 0x01, 0x39, 0x00, 0x17, 0x01, 0x0f, 0x00,
    0x2f, 0x01, 0x01, 0x00, 0x02, 0x00, 0x00, 0x00, 0x00, 0x40, 0x00, 0x00,
    0xe0, 0x74, 0x02, 0x00, 0x10, 0x40, 0x00, 0x00, 0x90, 0x90, 0x01, 0x00,
    0x2f, 0x01, 0x03, 0x00, 0x02, 0x00, 0x00, 0x00, 0x00, 0x40, 0x00, 0x00,
    0x70, 0x49, 0x00, 0x00, 0x0b, 0x01, 0x01, 0x00, 0x0c, 0x01, 0x01, 0x00,
    0x05, 0x40, 0x00, 0x00, 0xcc, 0x01, 0x00, 0x00, 0x04, 0x40, 0x00, 0x00,
    0x04, 0x00, 0x00, 0x00, 0x06, 0x40, 0x00, 0x00, 0x01, 0x00, 0x00, 0x00,
    0x05, 0x01, 0x01, 0x00, 0x01, 0x01, 0x00, 0x00, 0x02, 0x01, 0x00, 0x00,
    0x10, 0x40, 0x00, 0x00, 0xb0, 0x6d, 0x02, 0x00, 0x11, 0x01, 0x72, 0x00,
    0x1a, 0x01, 0x72, 0x00, 0x13, 0x01, 0x03, 0x00, 0x15, 0x40, 0x00, 0x00,
    0x30, 0x07, 0x00, 0x00, 0x16, 0x40, 0x00, 0x00, 0x30, 0x07, 0x00, 0x00,
    0x18, 0x01, 0x00, 0x00, 0x14, 0x01, 0x41, 0x81, 0x21, 0x01, 0x01, 0x00,
    0x20, 0x01, 0x00, 0x00, 0x22, 0x01, 0x02, 0x00, 0x15, 0x01, 0x15, 0x00,
    0x17, 0x01, 0x07, 0x00, 0x05, 0x00, 0x01, 0x00, 0x00, 0x40, 0x00, 0x00,
    0x08, 0x4d, 0x00, 0x00, 0x10, 0x40, 0x00, 0x00, 0xe0, 0x74, 0x02, 0x00,
    0x05, 0x00, 0x01, 0x00, 0x00, 0x40, 0x00, 0x00, 0xb0, 0x6d, 0x02, 0x00,
    0x0b, 0x01, 0x00, 0x00, 0x0c, 0x01, 0x00, 0x00, 0x05, 0x40, 0x00, 0x00,
    0x30, 0x07, 0x00, 0x00, 0x04, 0x40, 0x00, 0x00, 0x10, 0x00, 0x00, 0x00,
    0x06, 0x40, 0x00, 0x00, 0x30, 0x07, 0x00, 0x00, 0x05, 0x01, 0x41, 0x00,
    0x01, 0x01, 0x01, 0x00, 0x02, 0x01, 0x01, 0x00, 0x10, 0x40, 0x00, 0x00,
    0x30, 0x94, 0x01, 0x00, 0x11, 0x01, 0x39, 0x00, 0x1a, 0x01, 0x39, 0x00,
    0x13, 0x01, 0x0b, 0x00, 0x15, 0x40, 0x00, 0x00, 0xa0, 0x03, 0x00, 0x00,
    0x16, 0x40, 0x00, 0x00, 0xa0, 0x03, 0x00, 0x00, 0x18, 0x01, 0x80, 0xff,
    0x14, 0x01, 0x41, 0x00, 0x21, 0x01, 0x00, 0x00, 0x20, 0x01, 0x02, 0x00,
    0x22, 0x01, 0x05, 0x00, 0x15, 0x01, 0x39, 0x00, 0x17, 0x01, 0x0f, 0x00,
    0x2f, 0x01, 0x01, 0x00, 0x02, 0x00, 0x00, 0x00, 0x00, 0x40, 0x00, 0x00,
    0xe0, 0x74, 0x02, 0x00, 0x10, 0x40, 0x00, 0x00, 0xd0, 0x97, 0x01, 0x00,
    0x2f, 0x01, 0x03, 0x00, 0x02, 0x00, 0x00, 0x00, 0x00, 0x40, 0x00, 0x00,
    0x70, 0x9b, 0x01, 0x00, 0x02, 0x40, 0x00, 0x00, 0xb0, 0x85, 0x01, 0x00,
    0x0b, 0x01, 0x03, 0x00, 0x0c, 0x01, 0x03, 0x00, 0x0a, 0x01, 0x39, 0x00,
    0x04, 0x01, 0x0b, 0x00, 0x05, 0x40, 0x00, 0x00, 0xa0, 0x03, 0x00, 0x00,
    0x06, 0x40, 0x00, 0x00, 0xa0, 0x03, 0x00, 0x00, 0x09, 0x01, 0x80, 0xff,
    0x10, 0x40, 0x00, 0x00, 0x10, 0x7c, 0x02, 0x00, 0x21, 0x01, 0x04, 0x00,
    0x22, 0x01, 0x00, 0x00, 0x20, 0x40, 0x00, 0x00, 0xe0, 0x01, 0x00, 0x00,
    0x22, 0x40, 0x00, 0x00, 0x60, 0x01, 0x00, 0x00, 0x0d, 0x01, 0x12, 0x00,
    0x2f, 0x01, 0x01, 0x00, 0x03, 0x00, 0x00, 0x00, 0x00, 0x40, 0x00, 0x00,
    0x10, 0x9f, 0x01, 0x00, 0x0b, 0x01, 0x02, 0x00, 0x0c, 0x01, 0x02, 0x00,
    0x10, 0x40, 0x00, 0x00, 0xb0, 0x7f, 0x02, 0x00, 0x2f, 0x01, 0x03, 0x00,
    0x03, 0x00, 0x00, 0x00, 0x00, 0x40, 0x00, 0x00, 0x10, 0x7c, 0x02, 0x00,
    0x02, 0x40, 0x00, 0x00, 0x00, 0x00, 0x00, 0x00, 0x0b, 0x01, 0x00, 0x00,
    0x0c, 0x01, 0x00, 0x00, 0x01, 0x01, 0x00, 0x00, 0x02, 0x01, 0x00, 0x00,
    0x10, 0x40, 0x00, 0x00, 0xf0, 0x1d, 0x02, 0x00, 0x21, 0x01, 0x00, 0x00,
    0x20, 0x01, 0x00, 0x00, 0x20, 0x40, 0x00, 0x00, 0x40, 0x03, 0x00, 0x00,
    0x22, 0x40, 0x00, 0x00, 0xc0, 0x02, 0x00, 0x00, 0x0d, 0x01, 0x0a, 0x00,
    0x2f, 0x01, 0x01, 0x00, 0x02, 0x00, 0x00, 0x00, 0x00, 0x40, 0x00, 0x00,
    0xb0, 0x7f, 0x02, 0x00, 0x10, 0x40, 0x00, 0x00, 0x90, 0x21, 0x02, 0x00,
    0x2f, 0x01, 0x03, 0x00, 0x02, 0x00, 0x00, 0x00, 0x00, 0x40, 0x00, 0x00,
    0x30, 0x25, 0x02, 0x00, 0x02, 0x40, 0x00, 0x00, 0xb0, 0x16, 0x02, 0x00,
    0x0b, 0x01, 0x01, 0x00, 0x0c, 0x01, 0x01, 0x00, 0x01, 0x01, 0x01, 0x00,
    0x02, 0x01, 0x01, 0x00, 0x10, 0x40, 0x00, 0x00, 0xf0, 0x86, 0x02, 0x00,
    0x21, 0x01, 0x02, 0x00, 0x20, 0x01, 0x02, 0x00, 0x20, 0x40, 0x00, 0x00,
    0xa0, 0x04, 0x00, 0x00, 0x21, 0x40, 0x00, 0x00, 0xa0, 0x00, 0x00, 0x00,
    0x22, 0x40, 0x00, 0x00, 0x20, 0x04, 0x00, 0x00, 0x2f, 0x01, 0x01, 0x00,
    0x03, 0x00, 0x00, 0x00, 0x00, 0x40, 0x00, 0x00, 0x50, 0x83, 0x02, 0x00,
    0x02, 0x40, 0x00, 0x00, 0x00, 0x00, 0x00, 0x00, 0x0b, 0x01, 0x00, 0x00,
    0x0c, 0x01, 0x00, 0x00, 0x01, 0x01, 0x00, 0x00, 0x02, 0x01, 0x00, 0x00,
    0x10, 0x40, 0x00, 0x00, 0x70, 0xb8, 0x01, 0x00, 0x21, 0x01, 0x00, 0x00,
    0x20, 0x01, 0x00, 0x00, 0x20, 0x40, 0x00, 0x00, 0xc0, 0x05, 0x00, 0x00,
    0x21, 0x40, 0x00, 0x00, 0x00, 0x01, 0x00, 0x00, 0x22, 0x40, 0x00, 0x00,
    0x40, 0x05, 0x00, 0x00, 0x02, 0x00, 0x00, 0x00, 0x00, 0x40, 0x00, 0x00,
    0xf0, 0x86, 0x02, 0x00, 0x10, 0x40, 0x00, 0x00, 0x10, 0xbc, 0x01, 0x00,
    0x2f, 0x01, 0x03, 0x00, 0x02, 0x00, 0x00, 0x00, 0x00, 0x40, 0x00, 0x00,
    0xd0, 0x28, 0x02, 0x00, 0x02, 0x40, 0x00, 0x00, 0xb0, 0x16, 0x02, 0x00,
    0x01, 0x01, 0x01, 0x00, 0x02, 0x01, 0x01, 0x00, 0x10, 0x40, 0x00, 0x00,
    0x50, 0x83, 0x02, 0x00, 0x21, 0x01, 0x02, 0x00, 0x20, 0x01, 0x02, 0x00,
    0x20, 0x40, 0x00, 0x00, 0xa0, 0x04, 0x00, 0x00, 0x21, 0x40, 0x00, 0x00,
    0xa0, 0x00, 0x00, 0x00, 0x22, 0x40, 0x00, 0x00, 0x20, 0x04, 0x00, 0x00,
    0x03, 0x00, 0x00, 0x00, 0x00, 0x40, 0x00, 0x00, 0xb0, 0x16, 0x02, 0x00,
    0x02, 0x40, 0x00, 0x00, 0x00, 0x00, 0x00, 0x00, 0x0b, 0x01, 0x02, 0x00,
    0x0c, 0x01, 0x02, 0x00, 0x10, 0x40, 0x00, 0x00, 0xf0, 0x86, 0x02, 0x00,
    0x03, 0x00, 0x00, 0x00, 0x00, 0x40, 0x00, 0x00, 0x50, 0x83, 0x02, 0x00,
    0x0b, 0x01, 0x00, 0x00, 0x0c, 0x01, 0x00, 0x00, 0x01, 0x01, 0x00, 0x00,
    0x02, 0x01, 0x00, 0x00, 0x10, 0x40, 0x00, 0x00, 0xb0, 0xbf, 0x01, 0x00,
    0x21, 0x01, 0x00, 0x00, 0x20, 0x01, 0x00, 0x00, 0x20, 0x40, 0x00, 0x00,
    0xc0, 0x05, 0x00, 0x00, 0x21, 0x40, 0x00, 0x00, 0x00, 0x01, 0x00, 0x00,
    0x22, 0x40, 0x00, 0x00, 0x40, 0x05, 0x00, 0x00, 0x2f, 0x01, 0x01, 0x00,
    0x02, 0x00, 0x00, 0x00, 0x00, 0x40, 0x00, 0x00, 0xf0, 0x86, 0x02, 0x00,
    0x10, 0x40, 0x00, 0x00, 0x50, 0xc3, 0x01, 0x00, 0x2f, 0x01, 0x03, 0x00,
    0x02, 0x00, 0x00, 0x00, 0x00, 0x40, 0x00, 0x00, 0x50, 0x1a, 0x02, 0x00,
    0x0b, 0x01, 0x02, 0x00, 0x0c, 0x01, 0x02, 0x00, 0x01, 0x01, 0x01, 0x00,
    0x02, 0x01, 0x01, 0x00, 0x10, 0x40, 0x00, 0x00, 0x50, 0x83, 0x02, 0x00,
    0x21, 0x01, 0x02, 0x00, 0x20, 0x01, 0x02, 0x00, 0x20, 0x40, 0x00, 0x00,
    0xa0, 0x04, 0x00, 0x00, 0x21, 0x40, 0x00, 0x00, 0xa0, 0x00, 0x00, 0x00,
    0x22, 0x40, 0x00, 0x00, 0x20, 0x04, 0x00, 0x00, 0x03, 0x00, 0x00, 0x00,
    0x00, 0x40, 0x00, 0x00, 0xb0, 0xa2, 0x01, 0x00, 0x02, 0x40, 0x00, 0x00,
    0xb0, 0x85, 0x01, 0x00, 0x0b, 0x01, 0x01, 0x00, 0x0c, 0x01, 0x01, 0x00,
    0x10, 0x40, 0x00, 0x00, 0x10, 0x7c, 0x02, 0x00, 0x21, 0x01, 0x04, 0x00,
    0x20, 0x40, 0x00, 0x00, 0xe0, 0x01, 0x00, 0x00, 0x21, 0x40, 0x00, 0x00,
    0xe0, 0x00, 0x00, 0x00, 0x22, 0x40, 0x00, 0x00, 0x60, 0x01, 0x00, 0x00,
    0x0d, 0x01, 0x12, 0x00, 0x03, 0x00, 0x00, 0x00, 0x00, 0x40, 0x00, 0x00,
    0x50, 0xa6, 0x01, 0x00, 0x0b, 0x01, 0x00, 0x00, 0x0c, 0x01, 0x00, 0x00,
    0x10, 0x40, 0x00, 0x00, 0xb0, 0x7f, 0x02, 0x00, 0x03, 0x00, 0x00, 0x00,
    0x00, 0x40, 0x00, 0x00, 0x10, 0x7c, 0x02, 0x00, 0x02, 0x40, 0x00, 0x00,
    0x00, 0x00, 0x00, 0x00, 0x01, 0x01, 0x00, 0x00, 0x02, 0x01, 0x00, 0x00,
    0x10, 0x40, 0x00, 0x00, 0x30, 0x25, 0x02, 0x00, 0x21, 0x01, 0x00, 0x00,
    0x20, 0x01, 0x00, 0x00, 0x20, 0x40, 0x00, 0x00, 0x40, 0x03, 0x00, 0x00,
    0x22, 0x40, 0x00, 0x00, 0xc0, 0x02, 0x00, 0x00, 0x0d, 0x01, 0x0a, 0x00,
    0x2f, 0x01, 0x01, 0x00, 0x02, 0x00, 0x00, 0x00, 0x00, 0x40, 0x00, 0x00,
    0xb0, 0x7f, 0x02, 0x00, 0x10, 0x40, 0x00, 0x00, 0xd0, 0x28, 0x02, 0x00,
    0x2f, 0x01, 0x03, 0x00, 0x02, 0x00, 0x00, 0x00, 0x00, 0x40, 0x00, 0x00,
    0xb0, 0x85, 0x01, 0x00, 0x0b, 0x01, 0x04, 0x00, 0x0c, 0x01, 0x04, 0x00,
    0x01, 0x01, 0x01, 0x00, 0x02, 0x01, 0x01, 0x00, 0x10, 0x40, 0x00, 0x00,
    0x10, 0x7c, 0x02, 0x00, 0x21, 0x01, 0x04, 0x00, 0x20, 0x01, 0x02, 0x00,
    0x20, 0x40, 0x00, 0x00, 0xe0, 0x01, 0x00, 0x00, 0x22, 0x40, 0x00, 0x00,
    0x60, 0x01, 0x00, 0x00, 0x0d, 0x01, 0x12, 0x00, 0x03, 0x00, 0x00, 0x00,
    0x00, 0x40, 0x00, 0x00, 0x50, 0x89, 0x01, 0x00, 0x10, 0x40, 0x00, 0x00,
    0xb0, 0x7f, 0x02, 0x00, 0x03, 0x00, 0x00, 0x00, 0x00, 0x40, 0x00, 0x00,
    0x10, 0x7c, 0x02, 0x00, 0x0b, 0x01, 0x00, 0x00, 0x0c, 0x01, 0x00, 0x00,
    0x01, 0x01, 0x00, 0x00, 0x02, 0x01, 0x00, 0x00, 0x10, 0x40, 0x00, 0x00,
    0xb0, 0x16, 0x02, 0x00, 0x21, 0x01, 0x00, 0x00, 0x20, 0x01, 0x00, 0x00,
    0x20, 0x40, 0x00, 0x00, 0x40, 0x03, 0x00, 0x00, 0x22, 0x40, 0x00, 0x00,
    0xc0, 0x02, 0x00, 0x00, 0x0d, 0x01, 0x0a, 0x00, 0x2f, 0x01, 0x01, 0x00,
    0x02, 0x00, 0x00, 0x00, 0x00, 0x40, 0x00, 0x00, 0xb0, 0x7f, 0x02, 0x00,
    0x10, 0x40, 0x00, 0x00, 0x50, 0x1a, 0x02, 0x00, 0x2f, 0x01, 0x03, 0x00,
    0x02, 0x00, 0x00, 0x00, 0x00, 0x40, 0x00, 0x00, 0xf0, 0x1d, 0x02, 0x00,
    0x0b, 0x01, 0x02, 0x00, 0x0c, 0x01, 0x02, 0x00, 0x01, 0x01, 0x01, 0x00,
    0x02, 0x01, 0x01, 0x00, 0x10, 0x40, 0x00, 0x00, 0xf0, 0x86, 0x02, 0x00,
    0x21, 0x01, 0x02, 0x00, 0x20, 0x01, 0x02, 0x00, 0x20, 0x40, 0x00, 0x00,
    0xa0, 0x04, 0x00, 0x00, 0x21, 0x40, 0x00, 0x00, 0xa0, 0x00, 0x00, 0x00,
    0x22, 0x40, 0x00, 0x00, 0x20, 0x04, 0x00, 0x00, 0x2f, 0x01, 0x01, 0x00,
    0x03, 0x00, 0x00, 0x00, 0x00, 0x40, 0x00, 0x00, 0x50, 0x83, 0x02, 0x00,
    0x0b, 0x01, 0x00, 0x00, 0x0c, 0x01, 0x00, 0x00, 0x01, 0x01, 0x00, 0x00,
    0x02, 0x01, 0x00, 0x00, 0x10, 0x40, 0x00, 0x00, 0xf0, 0xc6, 0x01, 0x00,
    0x21, 0x01, 0x00, 0x00, 0x20, 0x01, 0x00, 0x00, 0x20, 0x40, 0x00, 0x00,
    0xc0, 0x05, 0x00, 0x00, 0x21, 0x40, 0x00, 0x00, 0x00, 0x01, 0x00, 0x00,
    0x22, 0x40, 0x00, 0x00, 0x40, 0x05, 0x00, 0x00, 0x02, 0x00, 0x00, 0x00,
    0x00, 0x40, 0x00, 0x00, 0xf0, 0x86, 0x02, 0x00, 0x10, 0x40, 0x00, 0x00,
    0x90, 0xca, 0x01, 0x00, 0x2f, 0x01, 0x03, 0x00, 0x02, 0x00, 0x00, 0x00,
    0x00, 0x40, 0x00, 0x00, 0xf0, 0xa9, 0x01, 0x00, 0x0b, 0x01, 0x02, 0x00,
    0x0c, 0x01, 0x02, 0x00, 0x00, 0x01, 0x02, 0x00, 0x01, 0x01, 0x01, 0x00,
    0x02, 0x01, 0x01, 0x00, 0x10, 0x40, 0x00, 0x00, 0x90, 0x8a, 0x02, 0x00,
    0x21, 0x01, 0x04, 0x00, 0x20, 0x01, 0x02, 0x00, 0x20, 0x40, 0x00, 0x00,
    0x40, 0x07, 0x00, 0x00, 0x21, 0x40, 0x00, 0x00, 0xe0, 0x00, 0x00, 0x00,
    0x22, 0x40, 0x00, 0x00, 0xc0, 0x06, 0x00, 0x00, 0x0d, 0x01, 0x12, 0x00,
    0x2f, 0x01, 0x01, 0x00, 0x03, 0x00, 0x00, 0x00, 0x0b, 0x01, 0x03, 0x00,
    0x0c, 0x01, 0x03, 0x00, 0x00, 0x01, 0x01, 0x00, 0x10, 0x40, 0x00, 0x00,
    0x30, 0x8e, 0x02, 0x00, 0x2f, 0x01, 0x03, 0x00, 0x03, 0x00, 0x00, 0x00,
    0x00, 0x40, 0x00, 0x00, 0x90, 0x8a, 0x02, 0x00, 0x0b, 0x01, 0x00, 0x00,
    0x0c, 0x01, 0x00, 0x00, 0x00, 0x01, 0x00, 0x00, 0x01, 0x01, 0x00, 0x00,
    0x02, 0x01, 0x00, 0x00, 0x10, 0x40, 0x00, 0x00, 0x70, 0x2c, 0x02, 0x00,
    0x21, 0x01, 0x00, 0x00, 0x20, 0x01, 0x00, 0x00, 0x20, 0x40, 0x00, 0x00,
    0xa0, 0x08, 0x00, 0x00, 0x21, 0x40, 0x00, 0x00, 0x00, 0x01, 0x00, 0x00,
    0x22, 0x40, 0x00, 0x00, 0x20, 0x08, 0x00, 0x00, 0x0d, 0x01, 0x0a, 0x00,
    0x2f, 0x01, 0x01, 0x00, 0x02, 0x00, 0x00, 0x00, 0x00, 0x40, 0x00, 0x00,
    0x30, 0x8e, 0x02, 0x00, 0x10, 0x40, 0x00, 0x00, 0x10, 0x30, 0x02, 0x00,
    0x2f, 0x01, 0x03, 0x00, 0x02, 0x00, 0x00, 0x00, 0x00, 0x40, 0x00, 0x00,
    0xf0, 0xa9, 0x01, 0x00, 0x0b, 0x01, 0x04, 0x00, 0x0c, 0x01, 0x04, 0x00,
    0x01, 0x01, 0x01, 0x00, 0x02, 0x01, 0x01, 0x00, 0x10, 0x40, 0x00, 0x00,
    0x90, 0x8a, 0x02, 0x00, 0x21, 0x01, 0x04, 0x00, 0x20, 0x01, 0x02, 0x00,
    0x20, 0x40, 0x00, 0x00, 0x40, 0x07, 0x00, 0x00, 0x21, 0x40, 0x00, 0x00,
    0xe0, 0x00, 0x00, 0x00, 0x22, 0x40, 0x00, 0x00, 0xc0, 0x06, 0x00, 0x00,
    0x0d, 0x01, 0x12, 0x00, 0x03, 0x00, 0x00, 0x00, 0x00, 0x40, 0x00, 0x00,
    0x90, 0xad, 0x01, 0x00, 0x10, 0x40, 0x00, 0x00, 0x30, 0x8e, 0x02, 0x00,
    0x03, 0x00, 0x00, 0x00, 0x00, 0x40, 0x00, 0x00, 0x90, 0x8a, 0x02, 0x00,
    0x0b, 0x01, 0x00, 0x00, 0x0c, 0x01, 0x00, 0x00, 0x01, 0x01, 0x00, 0x00,
    0x02, 0x01, 0x00, 0x00, 0x10, 0x40, 0x00, 0x00, 0xb0, 0x33, 0x02, 0x00,
    0x21, 0x01, 0x00, 0x00, 0x20, 0x01, 0x00, 0x00, 0x20, 0x40, 0x00, 0x00,
    0xa0, 0x08, 0x00, 0x00, 0x21, 0x40, 0x00, 0x00, 0x00, 0x01, 0x00, 0x00,
    0x22, 0x40, 0x00, 0x00, 0x20, 0x08, 0x00, 0x00, 0x0d, 0x01, 0x0a, 0x00,
    0x2f, 0x01, 0x01, 0x00, 0x02, 0x00, 0x00, 0x00, 0x00, 0x40, 0x00, 0x00,
    0x30, 0x8e, 0x02, 0x00, 0x10, 0x40, 0x00, 0x00, 0x50, 0x37, 0x02, 0x00,
    0x2f, 0x01, 0x03, 0x00, 0x02, 0x00, 0x00, 0x00, 0x00, 0x40, 0x00, 0x00,
    0x30, 0xb1, 0x01, 0x00, 0x0b, 0x01, 0x04, 0x00, 0x0c, 0x01, 0x04, 0x00,
    0x01, 0x01, 0x01, 0x00, 0x02, 0x01, 0x01, 0x00, 0x10, 0x40, 0x00, 0x00,
    0x90, 0x8a, 0x02, 0x00, 0x21, 0x01, 0x04, 0x00, 0x20, 0x01, 0x02, 0x00,
    0x20, 0x40, 0x00, 0x00, 0x40, 0x07, 0x00, 0x00, 0x21, 0x40, 0x00, 0x00,
    0xe0, 0x00, 0x00, 0x00, 0x22, 0x40, 0x00, 0x00, 0xc0, 0x06, 0x00, 0x00,
    0x0d, 0x01, 0x12, 0x00, 0x03, 0x00, 0x00, 0x00, 0x00, 0x40, 0x00, 0x00,
    0xd0, 0xb4, 0x01, 0x00, 0x10, 0x40, 0x00, 0x00, 0x30, 0x8e, 0x02, 0x00,
    0x03, 0x00, 0x00, 0x00, 0x00, 0x40, 0x00, 0x00, 0x90, 0x8a, 0x02, 0x00,
    0x0b, 0x01, 0x00, 0x00, 0x0c, 0x01, 0x00, 0x00, 0x01, 0x01, 0x00, 0x00,
    0x02, 0x01, 0x00, 0x00, 0x10, 0x40, 0x00, 0x00, 0xf0, 0x3a, 0x02, 0x00,
    0x21, 0x01, 0x00, 0x00, 0x20, 0x01, 0x00, 0x00, 0x20, 0x40, 0x00, 0x00,
    0xa0, 0x08, 0x00, 0x00, 0x21, 0x40, 0x00, 0x00, 0x00, 0x01, 0x00, 0x00,
    0x22, 0x40, 0x00, 0x00, 0x20, 0x08, 0x00, 0x00, 0x0d, 0x01, 0x0a, 0x00,
    0x2f, 0x01, 0x01, 0x00, 0x02, 0x00, 0x00, 0x00, 0x00, 0x40, 0x00, 0x00,
    0x30, 0x8e, 0x02, 0x00, 0x10, 0x40, 0x00, 0x00, 0x90, 0x3e, 0x02, 0x00,
    0x2f, 0x01, 0x03, 0x00, 0x02, 0x00, 0x00, 0x00, 0x00, 0x40, 0x00, 0x00,
    0x70, 0x2c, 0x02, 0x00, 0x0b, 0x01, 0x01, 0x00, 0x0c, 0x01, 0x01, 0x00,
    0x00, 0x01, 0x01, 0x00, 0x01, 0x01, 0x02, 0x00, 0x02, 0x01, 0x02, 0x00,
    0x10, 0x40, 0x00, 0x00, 0xd0, 0x91, 0x02, 0x00, 0x21, 0x01, 0x02, 0x00,
    0x20, 0x01, 0x04, 0x00, 0x20, 0x40, 0x00, 0x00, 0x20, 0x0a, 0x00, 0x00,
    0x21, 0x40, 0x00, 0x00, 0xe0, 0x00, 0x00, 0x00, 0x22, 0x40, 0x00, 0x00,
    0xa0, 0x09, 0x00, 0x00, 0x2f, 0x01, 0x01, 0x00, 0x03, 0x00, 0x00, 0x00,
    0x0b, 0x01, 0x02, 0x00, 0x0c, 0x01, 0x02, 0x00, 0x00, 0x01, 0x00, 0x00,
    0x10, 0x40, 0x00, 0x00, 0x70, 0x95, 0x02, 0x00, 0x2f, 0x01, 0x03, 0x00,
    0x03, 0x00, 0x00, 0x00, 0x00, 0x40, 0x00, 0x00, 0xd0, 0x91, 0x02, 0x00,
    0x0b, 0x01, 0x00, 0x00, 0x0c, 0x01, 0x00, 0x00, 0x01, 0x01, 0x00, 0x00,
    0x02, 0x01, 0x00, 0x00, 0x10, 0x40, 0x00, 0x00, 0x30, 0xce, 0x01, 0x00,
    0x21, 0x01, 0x00, 0x00, 0x20, 0x01, 0x00, 0x00, 0x20, 0x40, 0x00, 0x00,
    0x80, 0x0b, 0x00, 0x00, 0x21, 0x40, 0x00, 0x00, 0xf0, 0x00, 0x00, 0x00,
    0x22, 0x40, 0x00, 0x00, 0x00, 0x0b, 0x00, 0x00, 0x2f, 0x01, 0x01, 0x00,
    0x02, 0x00, 0x00, 0x00, 0x00, 0x40, 0x00, 0x00, 0x70, 0x95, 0x02, 0x00,
    0x10, 0x40, 0x00, 0x00, 0xd0, 0xd1, 0x01, 0x00, 0x2f, 0x01, 0x03, 0x00,
    0x02, 0x00, 0x00, 0x00, 0x00, 0x40, 0x00, 0x00, 0x10, 0x30, 0x02, 0x00,
    0x0b, 0x01, 0x02, 0x00, 0x0c, 0x01, 0x02, 0x00, 0x01, 0x01, 0x02, 0x00,
    0x02, 0x01, 0x02, 0x00, 0x10, 0x40, 0x00, 0x00, 0xd0, 0x91, 0x02, 0x00,
    0x21, 0x01, 0x02, 0x00, 0x20, 0x01, 0x04, 0x00, 0x20, 0x40, 0x00, 0x00,
    0x20, 0x0a, 0x00, 0x00, 0x21, 0x40, 0x00, 0x00, 0xe0, 0x00, 0x00, 0x00,
    0x22, 0x40, 0x00, 0x00, 0xa0, 0x09, 0x00, 0x00, 0x03, 0x00, 0x00, 0x00,
    0x00, 0x40, 0x00, 0x00, 0xb0, 0x33, 0x02, 0x00, 0x10, 0x40, 0x00, 0x00,
    0x70, 0x95, 0x02, 0x00, 0x03, 0x00, 0x00, 0x00, 0x00, 0x40, 0x00, 0x00,
    0xd0, 0x91, 0x02, 0x00, 0x0b, 0x01, 0x00, 0x00, 0x0c, 0x01, 0x00, 0x00,
    0x01, 0x01, 0x00, 0x00, 0x02, 0x01, 0x00, 0x00, 0x10, 0x40, 0x00, 0x00,
    0x70, 0xd5, 0x01, 0x00, 0x21, 0x01, 0x00, 0x00, 0x20, 0x01, 0x00, 0x00,
    0x20, 0x40, 0x00, 0x00, 0x80, 0x0b, 0x00, 0x00, 0x21, 0x40, 0x00, 0x00,
    0xf0, 0x00, 0x00, 0x00, 0x22, 0x40, 0x00, 0x00, 0x00, 0x0b, 0x00, 0x00,
    0x2f, 0x01, 0x01, 0x00, 0x02, 0x00, 0x00, 0x00, 0x00, 0x40, 0x00, 0x00,
    0x70, 0x95, 0x02, 0x00, 0x10, 0x40, 0x00, 0x00, 0x10, 0xd9, 0x01, 0x00,
    0x2f, 0x01, 0x03, 0x00, 0x02, 0x00, 0x00, 0x00, 0x00, 0x40, 0x00, 0x00,
    0x50, 0x37, 0x02, 0x00, 0x0b, 0x01, 0x02, 0x00, 0x0c, 0x01, 0x02, 0x00,
    0x01, 0x01, 0x02, 0x00, 0x02, 0x01, 0x02, 0x00, 0x10, 0x40, 0x00, 0x00,
    0xd0, 0x91, 0x02, 0x00, 0x21, 0x01, 0x02, 0x00, 0x20, 0x01, 0x04, 0x00,
    0x20, 0x40, 0x00, 0x00, 0x20, 0x0a, 0x00, 0x00, 0x21, 0x40, 0x00, 0x00,
    0xe0, 0x00, 0x00, 0x00, 0x22, 0x40, 0x00, 0x00, 0xa0, 0x09, 0x00, 0x00,
    0x03, 0x00, 0x00, 0x00, 0x00, 0x40, 0x00, 0x00, 0x70, 0xb8, 0x01, 0x00,
    0x0b, 0x01, 0x04, 0x00, 0x0c, 0x01, 0x04, 0x00, 0x01, 0x01, 0x01, 0x00,
    0x02, 0x01, 0x01, 0x00, 0x10, 0x40, 0x00, 0x00, 0x90, 0x8a, 0x02, 0x00,
    0x21, 0x01, 0x04, 0x00, 0x20, 0x01, 0x02, 0x00, 0x20, 0x40, 0x00, 0x00,
    0x40, 0x07, 0x00, 0x00, 0x22, 0x40, 0x00, 0x00, 0xc0, 0x06, 0x00, 0x00,
    0x0d, 0x01, 0x12, 0x00, 0x03, 0x00, 0x00, 0x00, 0x00, 0x40, 0x00, 0x00,
    0x10, 0xbc, 0x01, 0x00, 0x10, 0x40, 0x00, 0x00, 0x30, 0x8e, 0x02, 0x00,
    0x03, 0x00, 0x00, 0x00, 0x00, 0x40, 0x00, 0x00, 0x90, 0x8a, 0x02, 0x00,
    0x0b, 0x01, 0x00, 0x00, 0x0c, 0x01, 0x00, 0x00, 0x01, 0x01, 0x00, 0x00,
    0x02, 0x01, 0x00, 0x00, 0x10, 0x40, 0x00, 0x00, 0x70, 0x2c, 0x02, 0x00,
    0x21, 0x01, 0x00, 0x00, 0x20, 0x01, 0x00, 0x00, 0x20, 0x40, 0x00, 0x00,
    0xa0, 0x08, 0x00, 0x00, 0x21, 0x40, 0x00, 0x00, 0x00, 0x01, 0x00, 0x00,
    0x22, 0x40, 0x00, 0x00, 0x20, 0x08, 0x00, 0x00, 0x0d, 0x01, 0x0a, 0x00,
    0x2f, 0x01, 0x01, 0x00, 0x02, 0x00, 0x00, 0x00, 0x00, 0x40, 0x00, 0x00,
    0x30, 0x8e, 0x02, 0x00, 0x10, 0x40, 0x00, 0x00, 0x10, 0x30, 0x02, 0x00,
    0x2f, 0x01, 0x03, 0x00, 0x02, 0x00, 0x00, 0x00, 0x00, 0x40, 0x00, 0x00,
    0x90, 0x21, 0x02, 0x00, 0x0b, 0x01, 0x02, 0x00, 0x0c, 0x01, 0x02, 0x00,
    0x01, 0x01, 0x01, 0x00, 0x02, 0x01, 0x01, 0x00, 0x10, 0x40, 0x00, 0x00,
    0x50, 0x83, 0x02, 0x00, 0x21, 0x01, 0x02, 0x00, 0x20, 0x01, 0x02, 0x00,
    0x20, 0x40, 0x00, 0x00, 0xa0, 0x04, 0x00, 0x00, 0x21, 0x40, 0x00, 0x00,
    0xa0, 0x00, 0x00, 0x00, 0x22, 0x40, 0x00, 0x00, 0x20, 0x04, 0x00, 0x00,
    0x03, 0x00, 0x00, 0x00, 0x00, 0x40, 0x00, 0x00, 0x30, 0x25, 0x02, 0x00,
    0x02, 0x40, 0x00, 0x00, 0xb0, 0x16, 0x02, 0x00, 0x0b, 0x01, 0x01, 0x00,
    0x0c, 0x01, 0x01, 0x00, 0x10, 0x40, 0x00, 0x00, 0xf0, 0x86, 0x02, 0x00,
    0x03, 0x00, 0x00, 0x00, 0x00, 0x40, 0x00, 0x00, 0x50, 0x83, 0x02, 0x00,
    0x02, 0x40, 0x00, 0x00, 0x00, 0x00, 0x00, 0x00, 0x0b, 0x01, 0x00, 0x00,
    0x0c, 0x01, 0x00, 0x00, 0x01, 0x01, 0x00, 0x00, 0x02, 0x01, 0x00, 0x00,
    0x10, 0x40, 0x00, 0x00, 0xf0, 0xa9, 0x01, 0x00, 0x21, 0x01, 0x00, 0x00,
    0x20, 0x01, 0x00, 0x00, 0x20, 0x40, 0x00, 0x00, 0xc0, 0x05, 0x00, 0x00,
    0x21, 0x40, 0x00, 0x00, 0x00, 0x01, 0x00, 0x00, 0x22, 0x40, 0x00, 0x00,
    0x40, 0x05, 0x00, 0x00, 0x2f, 0x01, 0x01, 0x00, 0x02, 0x00, 0x00, 0x00,
    0x00, 0x40, 0x00, 0x00, 0xf0, 0x86, 0x02, 0x00, 0x10, 0x40, 0x00, 0x00,
    0x90, 0xad, 0x01, 0x00, 0x2f, 0x01, 0x03, 0x00, 0x02, 0x00, 0x00, 0x00,
    0x00, 0x40, 0x00, 0x00, 0xd0, 0x28, 0x02, 0x00, 0x02, 0x40, 0x00, 0x00,
    0xb0, 0x16, 0x02, 0x00, 0x01, 0x01, 0x01, 0x00, 0x02, 0x01, 0x01, 0x00,
    0x10, 0x40, 0x00, 0x00, 0x50, 0x83, 0x02, 0x00, 0x21, 0x01, 0x02, 0x00,
    0x20, 0x01, 0x02, 0x00, 0x20, 0x40, 0x00, 0x00, 0xa0, 0x04, 0x00, 0x00,
    0x21, 0x40, 0x00, 0x00, 0xa0, 0x00, 0x00, 0x00, 0x22, 0x40, 0x00, 0x00,
    0x20, 0x04, 0x00, 0x00, 0x03, 0x00, 0x00, 0x00, 0x00, 0x40, 0x00, 0x00,
    0xa0, 0x50, 0x00, 0x00, 0x02, 0x40, 0x00, 0x00, 0x00, 0x00, 0x00, 0x00,
    0x0b, 0x01, 0x01, 0x00, 0x0c, 0x01, 0x01, 0x00, 0x0a, 0x01, 0x72, 0x00,
    0x04, 0x01, 0x03, 0x00, 0x05, 0x40, 0x00, 0x00, 0xcc, 0x01, 0x00, 0x00,
    0x04, 0x40, 0x00, 0x00, 0x04, 0x00, 0x00, 0x00, 0x06, 0x40, 0x00, 0x00,
    0x01, 0x00, 0x00, 0x00, 0x09, 0x01, 0x00, 0x00, 0x05, 0x01, 0x01, 0x00,
    0x01, 0x01, 0x00, 0x00, 0x02, 0x01, 0x00, 0x00, 0x10, 0x40, 0x00, 0x00,
    0xb0, 0x6d, 0x02, 0x00, 0x11, 0x01, 0x72, 0x00, 0x1a, 0x01, 0x72, 0x00,
    0x13, 0x01, 0x03, 0x00, 0x15, 0x40, 0x00, 0x00, 0x30, 0x07, 0x00, 0x00,
    0x16, 0x40, 0x00, 0x00, 0x30, 0x07, 0x00, 0x00, 0x18, 0x01, 0x00, 0x00,
    0x14, 0x01, 0x41, 0x81, 0x21, 0x01, 0x01, 0x00, 0x20, 0x01, 0x00, 0x00,
    0x22, 0x01, 0x02, 0x00, 0x15, 0x01, 0x15, 0x00, 0x17, 0x01, 0x07, 0x00,
    0x05, 0x00, 0x01, 0x00, 0x00, 0x40, 0x00, 0x00, 0x38, 0x54, 0x00, 0x00,
    0x10, 0x40, 0x00, 0x00, 0xe0, 0x74, 0x02, 0x00, 0x05, 0x00, 0x01, 0x00,
    0x00, 0x40, 0x00, 0x00, 0xb0, 0x6d, 0x02, 0x00, 0x0b, 0x01, 0x00, 0x00,
    0x0c, 0x01, 0x00, 0x00, 0x05, 0x40, 0x00, 0x00, 0x30, 0x07, 0x00, 0x00,
    0x04, 0x40, 0x00, 0x00, 0x10, 0x00, 0x00, 0x00, 0x06, 0x40, 0x00, 0x00,
    0x30, 0x07, 0x00, 0x00, 0x05, 0x01, 0x41, 0x00, 0x01, 0x01, 0x01, 0x00,
    0x02, 0x01, 0x01, 0x00, 0x10, 0x40, 0x00, 0x00, 0x70, 0x9b, 0x01, 0x00,
    0x11, 0x01, 0x39, 0x00, 0x1a, 0x01, 0x39, 0x00, 0x13, 0x01, 0x0b, 0x00,
    0x15, 0x40, 0x00, 0x00, 0xa0, 0x03, 0x00, 0x00, 0x16, 0x40, 0x00, 0x00,
    0xa0, 0x03, 0x00, 0x00, 0x18, 0x01, 0x80, 0xff, 0x14, 0x01, 0x41, 0x00,
    0x21, 0x01, 0x00, 0x00, 0x20, 0x01, 0x02, 0x00, 0x22, 0x01, 0x05, 0x00,
    0x20, 0x40, 0x00, 0x00, 0x80, 0x00, 0x00, 0x00, 0x21, 0x40, 0x00, 0x00,
    0xe0, 0x00, 0x00, 0x00, 0x22, 0x40, 0x00, 0x00, 0x00, 0x00, 0x00, 0x00,
    0x15, 0x01, 0x39, 0x00, 0x17, 0x01, 0x0f, 0x00, 0x2f, 0x01, 0x01, 0x00,
    0x02, 0x00, 0x00, 0x00, 0x00, 0x40, 0x00, 0x00, 0xe0, 0x74, 0x02, 0x00,
    0x10, 0x40, 0x00, 0x00, 0x10, 0x9f, 0x01, 0x00, 0x2f, 0x01, 0x03, 0x00,
    0x02, 0x00, 0x00, 0x00, 0x00, 0x40, 0x00, 0x00, 0xd0, 0x57, 0x00, 0x00,
    0x0b, 0x01, 0x01, 0x00, 0x0c, 0x01, 0x01, 0x00, 0x05, 0x40, 0x00, 0x00,
    0xcc, 0x01, 0x00, 0x00, 0x04, 0x40, 0x00, 0x00, 0x04, 0x00, 0x00, 0x00,
    0x06, 0x40, 0x00, 0x00, 0x01, 0x00, 0x00, 0x00, 0x05, 0x01, 0x01, 0x00,
    0x01, 0x01, 0x00, 0x00, 0x02, 0x01, 0x00, 0x00, 0x10, 0x40, 0x00, 0x00,
    0xb0, 0x6d, 0x02, 0x00, 0x11, 0x01, 0x72, 0x00, 0x1a, 0x01, 0x72, 0x00,
    0x13, 0x01, 0x03, 0x00, 0x15, 0x40, 0x00, 0x00, 0x30, 0x07, 0x00, 0x00,
    0x16, 0x40, 0x00, 0x00, 0x30, 0x07, 0x00, 0x00, 0x18, 0x01, 0x00, 0x00,
    0x14, 0x01, 0x41, 0x81, 0x21, 0x01, 0x01, 0x00, 0x20, 0x01, 0x00, 0x00,
    0x22, 0x01, 0x02, 0x00, 0x15, 0x01, 0x15, 0x00, 0x17, 0x01, 0x07, 0x00,
    0x05, 0x00, 0x01, 0x00, 0x00, 0x40, 0x00, 0x00, 0x68, 0x5b, 0x00, 0x00,
    0x10, 0x40, 0x00, 0x00, 0xe0, 0x74, 0x02, 0x00, 0x05, 0x00, 0x01, 0x00,
    0x00, 0x40, 0x00, 0x00, 0xb0, 0x6d, 0x02, 0x00, 0x0b, 0x01, 0x00, 0x00,
    0x0c, 0x01, 0x00, 0x00, 0x05, 0x40, 0x00, 0x00, 0x30, 0x07, 0x00, 0x00,
    0x04, 0x40, 0x00, 0x00, 0x10, 0x00, 0x00, 0x00, 0x06, 0x40, 0x00, 0x00,
    0x30, 0x07, 0x00, 0x00, 0x05, 0x01, 0x41, 0x00, 0x01, 0x01, 0x01, 0x00,
    0x02, 0x01, 0x01, 0x00, 0x10, 0x40, 0x00, 0x00, 0xb0, 0xa2, 0x01, 0x00,
    0x11, 0x01, 0x39, 0x00, 0x1a, 0x01, 0x39, 0x00, 0x13, 0x01, 0x0b, 0x00,
    0x15, 0x40, 0x00, 0x00, 0xa0, 0x03, 0x00, 0x00, 0x16, 0x40, 0x00, 0x00,
    0xa0, 0x03, 0x00, 0x00, 0x18, 0x01, 0x80, 0xff, 0x14, 0x01, 0x41, 0x00,
    0x21, 0x01, 0x00, 0x00, 0x20, 0x01, 0x02, 0x00, 0x22, 0x01, 0x05, 0x00,
    0x15, 0x01, 0x39, 0x00, 0x17, 0x01, 0x0f, 0x00, 0x2f, 0x01, 0x01, 0x00,
    0x02, 0x00, 0x00, 0x00, 0x00, 0x40, 0x00, 0x00, 0xe0, 0x74, 0x02, 0x00,
    0x10, 0x40, 0x00, 0x00, 0x50, 0xa6, 0x01, 0x00, 0x2f, 0x01, 0x03, 0x00,
    0x02, 0x00, 0x00, 0x00, 0x00, 0x40, 0x00, 0x00, 0x00, 0x5f, 0x00, 0x00,
    0x0b, 0x01, 0x01, 0x00, 0x0c, 0x01, 0x01, 0x00, 0x05, 0x40, 0x00, 0x00,
    0xcc, 0x01, 0x00, 0x00, 0x04, 0x40, 0x00, 0x00, 0x04, 0x00, 0x00, 0x00,
    0x06, 0x40, 0x00, 0x00, 0x01, 0x00, 0x00, 0x00, 0x05, 0x01, 0x01, 0x00,
    0x01, 0x01, 0x00, 0x00, 0x02, 0x01, 0x00, 0x00, 0x10, 0x40, 0x00, 0x00,
    0xb0, 0x6d, 0x02, 0x00, 0x11, 0x01, 0x72, 0x00, 0x1a, 0x01, 0x72, 0x00,
    0x13, 0x01, 0x03, 0x00, 0x15, 0x40, 0x00, 0x00, 0x30, 0x07, 0x00, 0x00,
    0x16, 0x40, 0x00, 0x00, 0x30, 0x07, 0x00, 0x00, 0x18, 0x01, 0x00, 0x00,
    0x14, 0x01, 0x41, 0x81, 0x21, 0x01, 0x01, 0x00, 0x20, 0x01, 0x00, 0x00,
    0x22, 0x01, 0x02, 0x00, 0x15, 0x01, 0x15, 0x00, 0x17, 0x01, 0x07, 0x00,
    0x05, 0x00, 0x01, 0x00, 0x00, 0x40, 0x00, 0x00, 0x98, 0x62, 0x00, 0x00,
    0x10, 0x40, 0x00, 0x00, 0xe0, 0x74, 0x02, 0x00, 0x05, 0x00, 0x01, 0x00,
    0x00, 0x40, 0x00, 0x00, 0xb0, 0x6d, 0x02, 0x00, 0x0b, 0x01, 0x00, 0x00,
    0x0c, 0x01, 0x00, 0x00, 0x05, 0x40, 0x00, 0x00, 0x30, 0x07, 0x00, 0x00,
    0x04, 0x40, 0x00, 0x00, 0x10, 0x00, 0x00, 0x00, 0x06, 0x40, 0x00, 0x00,
    0x30, 0x07, 0x00, 0x00, 0x05, 0x01, 0x41, 0x00, 0x01, 0x01, 0x01, 0x00,
    0x02, 0x01, 0x01, 0x00, 0x10, 0x40, 0x00, 0x00, 0xb0, 0x85, 0x01, 0x00,
    0x11, 0x01, 0x39, 0x00, 0x1a, 0x01, 0x39, 0x00, 0x13, 0x01, 0x0b, 0x00,
    0x15, 0x40, 0x00, 0x00, 0xa0, 0x03, 0x00, 0x00, 0x16, 0x40, 0x00, 0x00,
    0xa0, 0x03, 0x00, 0x00, 0x18, 0x01, 0x80, 0xff, 0x14, 0x01, 0x41, 0x00,
    0x21, 0x01, 0x00, 0x00, 0x20, 0x01, 0x02, 0x00, 0x22, 0x01, 0x05, 0x00,
    0x15, 0x01, 0x39, 0x00, 0x17, 0x01, 0x0f, 0x00, 0x2f, 0x01, 0x01, 0x00,
    0x02, 0x00, 0x00, 0x00, 0x00, 0x40, 0x00, 0x00, 0xe0, 0x74, 0x02, 0x00,
    0x10, 0x40, 0x00, 0x00, 0x50, 0x89, 0x01, 0x00, 0x2f, 0x01, 0x03, 0x00,
    0x02, 0x00, 0x00, 0x00, 0x00, 0x40, 0x00, 0x00, 0xf0, 0x8c, 0x01, 0x00,
    0x0b, 0x01, 0x04, 0x00, 0x0c, 0x01, 0x04, 0x00, 0x0a, 0x01, 0x39, 0x00,
    0x04, 0x01, 0x0b, 0x00, 0x05, 0x40, 0x00, 0x00, 0xa0, 0x03, 0x00, 0x00,
    0x06, 0x40, 0x00, 0x00, 0xa0, 0x03, 0x00, 0x00, 0x09, 0x01, 0x80, 0xff,
    0x10, 0x40, 0x00, 0x00, 0x10, 0x7c, 0x02, 0x00, 0x21, 0x01, 0x04, 0x00,
    0x22, 0x01, 0x00, 0x00, 0x20, 0x40, 0x00, 0x00, 0xe0, 0x01, 0x00, 0x00,
    0x22, 0x40, 0x00, 0x00, 0x60, 0x01, 0x00, 0x00, 0x0d, 0x01, 0x12, 0x00,
    0x2f, 0x01, 0x01, 0x00, 0x03, 0x00, 0x00, 0x00, 0x00, 0x40, 0x00, 0x00,
    0x90, 0x90, 0x01, 0x00, 0x10, 0x40, 0x00, 0x00, 0xb0, 0x7f, 0x02, 0x00,
    0x2f, 0x01, 0x03, 0x00, 0x03, 0x00, 0x00, 0x00, 0x00, 0x40, 0x00, 0x00,
    0x10, 0x7c, 0x02, 0x00, 0x0b, 0x01, 0x00, 0x00, 0x0c, 0x01, 0x00, 0x00,
    0x01, 0x01, 0x00, 0x00, 0x02, 0x01, 0x00, 0x00, 0x10, 0x40, 0x00, 0x00,
    0xf0, 0x1d, 0x02, 0x00, 0x21, 0x01, 0x00, 0x00, 0x20, 0x01, 0x00, 0x00,
    0x20, 0x40, 0x00, 0x00, 0x40, 0x03, 0x00, 0x00, 0x22, 0x40, 0x00, 0x00,
    0xc0, 0x02, 0x00, 0x00, 0x0d, 0x01, 0x0a, 0x00, 0x2f, 0x01, 0x01, 0x00,
    0x02, 0x00, 0x00, 0x00, 0x00, 0x40, 0x00, 0x00, 0xb0, 0x7f, 0x02, 0x00,
    0x10, 0x40, 0x00, 0x00, 0x90, 0x21, 0x02, 0x00, 0x2f, 0x01, 0x03, 0x00,
    0x02, 0x00, 0x00, 0x00, 0x00, 0x40, 0x00, 0x00, 0x30, 0x94, 0x01, 0x00,
    0x0b, 0x01, 0x04, 0x00, 0x0c, 0x01, 0x04, 0x00, 0x01, 0x01, 0x01, 0x00,
    0x02, 0x01, 0x01, 0x00, 0x10, 0x40, 0x00, 0x00, 0x10, 0x7c, 0x02, 0x00,
    0x21, 0x01, 0x04, 0x00, 0x20, 0x01, 0x02, 0x00, 0x20, 0x40, 0x00, 0x00,
    0xe0, 0x01, 0x00, 0x00, 0x22, 0x40, 0x00, 0x00, 0x60, 0x01, 0x00, 0x00,
    0x0d, 0x01, 0x12, 0x00, 0x03, 0x00, 0x00, 0x00, 0x00, 0x40, 0x00, 0x00,
    0xd0, 0x97, 0x01, 0x00, 0x10, 0x40, 0x00, 0x00, 0xb0, 0x7f, 0x02, 0x00,
    0x03, 0x00, 0x00, 0x00, 0x00, 0x40, 0x00, 0x00, 0x10, 0x7c, 0x02, 0x00,
    0x0b, 0x01, 0x00, 0x00, 0x0c, 0x01, 0x00, 0x00, 0x01, 0x01, 0x00, 0x00,
    0x02, 0x01, 0x00, 0x00, 0x10, 0x40, 0x00, 0x00, 0x30, 0x25, 0x02, 0x00,
    0x21, 0x01, 0x00, 0x00, 0x20, 0x01, 0x00, 0x00, 0x20, 0x40, 0x00, 0x00,
    0x40, 0x03, 0x00, 0x00, 0x22, 0x40, 0x00, 0x00, 0xc0, 0x02, 0x00, 0x00,
    0x0d, 0x01, 0x0a, 0x00, 0x2f, 0x01, 0x01, 0x00, 0x02, 0x00, 0x00, 0x00,
    0x00, 0x40, 0x00, 0x00, 0xb0, 0x7f, 0x02, 0x00, 0x10, 0x40, 0x00, 0x00,
    0xd0, 0x28, 0x02, 0x00, 0x2f, 0x01, 0x03, 0x00, 0x02, 0x00, 0x00, 0x00,
    0x00, 0x40, 0x00, 0x00, 0xb0, 0x16, 0x02, 0x00, 0x0b, 0x01, 0x02, 0x00,
    0x0c, 0x01, 0x02, 0x00, 0x01, 0x01, 0x01, 0x00, 0x02, 0x01, 0x01, 0x00,
    0x10, 0x40, 0x00, 0x00, 0xf0, 0x86, 0x02, 0x00, 0x21, 0x01, 0x02, 0x00,
    0x20, 0x01, 0x02, 0x00, 0x20, 0x40, 0x00, 0x00, 0xa0, 0x04, 0x00, 0x00,
    0x21, 0x40, 0x00, 0x00, 0xa0, 0x00, 0x00, 0x00, 0x22, 0x40, 0x00, 0x00,
    0x20, 0x04, 0x00, 0x00, 0x2f, 0x01, 0x01, 0x00, 0x03, 0x00, 0x00, 0x00,
    0x00, 0x40, 0x00, 0x00, 0x50, 0x83, 0x02, 0x00, 0x0b, 0x01, 0x00, 0x00,
    0x0c, 0x01, 0x00, 0x00, 0x01, 0x01, 0x00, 0x00, 0x02, 0x01, 0x00, 0x00,
    0x10, 0x40, 0x00, 0x00, 0x30, 0xb1, 0x01, 0x00, 0x21, 0x01, 0x00, 0x00,
    0x20, 0x01, 0x00, 0x00, 0x20, 0x40, 0x00, 0x00, 0xc0, 0x05, 0x00, 0x00,
    0x21, 0x40, 0x00, 0x00, 0x00, 0x01, 0x00, 0x00, 0x22, 0x40, 0x00, 0x00,
    0x40, 0x05, 0x00, 0x00, 0x02, 0x00, 0x00, 0x00, 0x00, 0x40, 0x00, 0x00,
    0xf0, 0x86, 0x02, 0x00, 0x10, 0x40, 0x00, 0x00, 0xd0, 0xb4, 0x01, 0x00,
    0x2f, 0x01, 0x03, 0x00, 0x02, 0x00, 0x00, 0x00, 0x00, 0x40, 0x00, 0x00,
    0x50, 0x1a, 0x02, 0x00, 0x0b, 0x01, 0x02, 0x00, 0x0c, 0x01, 0x02, 0x00,
    0x01, 0x01, 0x01, 0x00, 0x02, 0x01, 0x01, 0x00, 0x10, 0x40, 0x00, 0x00,
    0x50, 0x83, 0x02, 0x00, 0x21, 0x01, 0x02, 0x00, 0x20, 0x01, 0x02, 0x00,
    0x20, 0x40, 0x00, 0x00, 0xa0, 0x04, 0x00, 0x00, 0x21, 0x40, 0x00, 0x00,
    0xa0, 0x00, 0x00, 0x00, 0x22, 0x40, 0x00, 0x00, 0x20, 0x04, 0x00, 0x00,
    0x03, 0x00, 0x00, 0x00, 0x00, 0x40, 0x00, 0x00, 0xf0, 0x1d, 0x02, 0x00,
    0x10, 0x40, 0x00, 0x00, 0xf0, 0x86, 0x02, 0x00, 0x03, 0x00, 0x00, 0x00,
    0x00, 0x40, 0x00, 0x00, 0x50, 0x83, 0x02, 0x00, 0x0b, 0x01, 0x00, 0x00,
    0x0c, 0x01, 0x00, 0x00, 0x01, 0x01, 0x00, 0x00, 0x02, 0x01, 0x00, 0x00,
    0x10, 0x40, 0x00, 0x00, 0x70, 0xb8, 0x01, 0x00, 0x21, 0x01, 0x00, 0x00,
    0x20, 0x01, 0x00, 0x00, 0x20, 0x40, 0x00, 0x00, 0xc0, 0x05, 0x00, 0x00,
    0x21, 0x40, 0x00, 0x00, 0x00, 0x01, 0x00, 0x00, 0x22, 0x40, 0x00, 0x00,
    0x40, 0x05, 0x00, 0x00, 0x2f, 0x01, 0x01, 0x00, 0x02, 0x00, 0x00, 0x00,
    0x00, 0x40, 0x00, 0x00, 0xf0, 0x86, 0x02, 0x00, 0x10, 0x40, 0x00, 0x00,
    0x10, 0xbc, 0x01, 0x00, 0x2f, 0x01, 0x03, 0x00, 0x02, 0x00, 0x00, 0x00,
    0x00, 0x40, 0x00, 0x00, 0xb0, 0xbf, 0x01, 0x00, 0x02, 0x40, 0x00, 0x00,
    0xf0, 0xa9, 0x01, 0x00, 0x0b, 0x01, 0x03, 0x00, 0x0c, 0x01, 0x03, 0x00,
    0x01, 0x01, 0x01, 0x00, 0x02, 0x01, 0x01, 0x00, 0x10, 0x40, 0x00, 0x00,
    0x90, 0x8a, 0x02, 0x00, 0x21, 0x01, 0x04, 0x00, 0x20, 0x01, 0x02, 0x00,
    0x20, 0x40, 0x00, 0x00, 0x40, 0x07, 0x00, 0x00, 0x21, 0x40, 0x00, 0x00,
    0xe0, 0x00, 0x00, 0x00, 0x22, 0x40, 0x00, 0x00, 0xc0, 0x06, 0x00, 0x00,
    0x0d, 0x01, 0x12, 0x00, 0x2f, 0x01, 0x01, 0x00, 0x03, 0x00, 0x00, 0x00,
    0x00, 0x40, 0x00, 0x00, 0x50, 0xc3, 0x01, 0x00, 0x0b, 0x01, 0x02, 0x00,
    0x0c, 0x01, 0x02, 0x00, 0x10, 0x40, 0x00, 0x00, 0x30, 0x8e, 0x02, 0x00,
    0x2f, 0x01, 0x03, 0x00, 0x03, 0x00, 0x00, 0x00, 0x00, 0x40, 0x00, 0x00,
    0x90, 0x8a, 0x02, 0x00, 0x02, 0x40, 0x00, 0x00, 0x00, 0x00, 0x00, 0x00,
    0x0b, 0x01, 0x00, 0x00, 0x0c, 0x01, 0x00, 0x00, 0x01, 0x01, 0x00, 0x00,
    0x02, 0x01, 0x00, 0x00, 0x10, 0x40, 0x00, 0x00, 0xb0, 0x33, 0x02, 0x00,
    0x21, 0x01, 0x00, 0x00, 0x20, 0x01, 0x00, 0x00, 0x20, 0x40, 0x00, 0x00,
    0xa0, 0x08, 0x00, 0x00, 0x21, 0x40, 0x00, 0x00, 0x00, 0x01, 0x00, 0x00,
    0x22, 0x40, 0x00, 0x00, 0x20, 0x08, 0x00, 0x00, 0x0d, 0x01, 0x0a, 0x00,
    0x2f, 0x01, 0x01, 0x00, 0x02, 0x00, 0x00, 0x00, 0x00, 0x40, 0x00, 0x00,
    0x30, 0x8e, 0x02, 0x00, 0x10, 0x40, 0x00, 0x00, 0x50, 0x37, 0x02, 0x00,
    0x2f, 0x01, 0x03, 0x00, 0x02, 0x00, 0x00, 0x00, 0x00, 0x40, 0x00, 0x00,
    0xf0, 0x3a, 0x02, 0x00, 0x02, 0x40, 0x00, 0x00, 0x70, 0x2c, 0x02, 0x00,
    0x0b, 0x01, 0x01, 0x00, 0x0c, 0x01, 0x01, 0x00, 0x01, 0x01, 0x02, 0x00,
    0x02, 0x01, 0x02, 0x00, 0x10, 0x40, 0x00, 0x00, 0x70, 0x95, 0x02, 0x00,
    0x21, 0x01, 0x02, 0x00, 0x20, 0x01, 0x04, 0x00, 0x20, 0x40, 0x00, 0x00,
    0x20, 0x0a, 0x00, 0x00, 0x21, 0x40, 0x00, 0x00, 0xe0, 0x00, 0x00, 0x00,
    0x22, 0x40, 0x00, 0x00, 0xa0, 0x09, 0x00, 0x00, 0x2f, 0x01, 0x01, 0x00,
    0x03, 0x00, 0x00, 0x00, 0x00, 0x40, 0x00, 0x00, 0xd0, 0x91, 0x02, 0x00,
    0x02, 0x40, 0x00, 0x00, 0x00, 0x00, 0x00, 0x00, 0x0b, 0x01, 0x00, 0x00,
    0x0c, 0x01, 0x00, 0x00, 0x01, 0x01, 0x00, 0x00, 0x02, 0x01, 0x00, 0x00,
    0x10, 0x40, 0x00, 0x00, 0xb0, 0xdc, 0x01, 0x00, 0x21, 0x01, 0x00, 0x00,
    0x20, 0x01, 0x00, 0x00, 0x20, 0x40, 0x00, 0x00, 0x80, 0x0b, 0x00, 0x00,
    0x21, 0x40, 0x00, 0x00, 0xf0, 0x00, 0x00, 0x00, 0x22, 0x40, 0x00, 0x00,
    0x00, 0x0b, 0x00, 0x00, 0x02, 0x00, 0x00, 0x00, 0x00, 0x40, 0x00, 0x00,
    0x70, 0x95, 0x02, 0x00, 0x10, 0x40, 0x00, 0x00, 0x50, 0xe0, 0x01, 0x00,
    0x2f, 0x01, 0x03, 0x00, 0x02, 0x00, 0x00, 0x00, 0x00, 0x40, 0x00, 0x00,
    0x90, 0x3e, 0x02, 0x00, 0x02, 0x40, 0x00, 0x00, 0x70, 0x2c, 0x02, 0x00,
    0x01, 0x01, 0x02, 0x00, 0x02, 0x01, 0x02, 0x00, 0x10, 0x40, 0x00, 0x00,
    0xd0, 0x91, 0x02, 0x00, 0x21, 0x01, 0x02, 0x00, 0x20, 0x01, 0x04, 0x00,
    0x20, 0x40, 0x00, 0x00, 0x20, 0x0a, 0x00, 0x00, 0x21, 0x40, 0x00, 0x00,
    0xe0, 0x00, 0x00, 0x00, 0x22, 0x40, 0x00, 0x00, 0xa0, 0x09, 0x00, 0x00,
    0x03, 0x00, 0x00, 0x00, 0x00, 0x40, 0x00, 0x00, 0x70, 0x2c, 0x02, 0x00,
    0x02, 0x40, 0x00, 0x00, 0x00, 0x00, 0x00, 0x00, 0x0b, 0x01, 0x02, 0x00,
    0x0c, 0x01, 0x02, 0x00, 0x10, 0x40, 0x00, 0x00, 0x70, 0x95, 0x02, 0x00,
    0x03, 0x00, 0x00, 0x00, 0x00, 0x40, 0x00, 0x00, 0xd0, 0x91, 0x02, 0x00,
    0x0b, 0x01, 0x00, 0x00, 0x0c, 0x01, 0x00, 0x00, 0x01, 0x01, 0x00, 0x00,
    0x02, 0x01, 0x00, 0x00, 0x10, 0x40, 0x00, 0x00, 0xf0, 0xe3, 0x01, 0x00,
    0x21, 0x01, 0x00, 0x00, 0x20, 0x01, 0x00, 0x00, 0x20, 0x40, 0x00, 0x00,
    0x80, 0x0b, 0x00, 0x00, 0x21, 0x40, 0x00, 0x00, 0xf0, 0x00, 0x00, 0x00,
    0x22, 0x40, 0x00, 0x00, 0x00, 0x0b, 0x00, 0x00, 0x2f, 0x01, 0x01, 0x00,
    0x02, 0x00, 0x00, 0x00, 0x00, 0x40, 0x00, 0x00, 0x70, 0x95, 0x02, 0x00,
    0x10, 0x40, 0x00, 0x00, 0x90, 0xe7, 0x01, 0x00, 0x2f, 0x01, 0x03, 0x00,
    0x02, 0x00, 0x00, 0x00, 0x00, 0x40, 0x00, 0x00, 0x10, 0x30, 0x02, 0x00,
    0x0b, 0x01, 0x02, 0x00, 0x0c, 0x01, 0x02, 0x00, 0x01, 0x01, 0x02, 0x00,
    0x02, 0x01, 0x02, 0x00, 0x10, 0x40, 0x00, 0x00, 0xd0, 0x91, 0x02, 0x00,
    0x21, 0x01, 0x02, 0x00, 0x20, 0x01, 0x04, 0x00, 0x20, 0x40, 0x00, 0x00,
    0x20, 0x0a, 0x00, 0x00, 0x21, 0x40, 0x00, 0x00, 0xe0, 0x00, 0x00, 0x00,
    0x22, 0x40, 0x00, 0x00, 0xa0, 0x09, 0x00, 0x00, 0x03, 0x00, 0x00, 0x00,
    0x00, 0x40, 0x00, 0x00, 0xf0, 0xc6, 0x01, 0x00, 0x02, 0x40, 0x00, 0x00,
    0xf0, 0xa9, 0x01, 0x00, 0x0b, 0x01, 0x01, 0x00, 0x0c, 0x01, 0x01, 0x00,
    0x01, 0x01, 0x01, 0x00, 0x02, 0x01, 0x01, 0x00, 0x10, 0x40, 0x00, 0x00,
    0x90, 0x8a, 0x02, 0x00, 0x21, 0x01, 0x04, 0x00, 0x20, 0x01, 0x02, 0x00,
    0x20, 0x40, 0x00, 0x00, 0x40, 0x07, 0x00, 0x00, 0x22, 0x40, 0x00, 0x00,
    0xc0, 0x06, 0x00, 0x00, 0x0d, 0x01, 0x12, 0x00, 0x03, 0x00, 0x00, 0x00,
    0x00, 0x40, 0x00, 0x00, 0x90, 0xca, 0x01, 0x00, 0x0b, 0x01, 0x00, 0x00,
    0x0c, 0x01, 0x00, 0x00, 0x10, 0x40, 0x00, 0x00, 0x30, 0x8e, 0x02, 0x00,
    0x03, 0x00, 0x00, 0x00, 0x00, 0x40, 0x00, 0x00, 0x90, 0x8a, 0x02, 0x00,
    0x02, 0x40, 0x00, 0x00, 0x00, 0x00, 0x00, 0x00, 0x01, 0x01, 0x00, 0x00,
    0x02, 0x01, 0x00, 0x00, 0x10, 0x40, 0x00, 0x00, 0xf0, 0x3a, 0x02, 0x00,
    0x21, 0x01, 0x00, 0x00, 0x20, 0x01, 0x00, 0x00, 0x20, 0x40, 0x00, 0x00,
    0xa0, 0x08, 0x00, 0x00, 0x21, 0x40, 0x00, 0x00, 0x00, 0x01, 0x00, 0x00,
    0x22, 0x40, 0x00, 0x00, 0x20, 0x08, 0x00, 0x00, 0x0d, 0x01, 0x0a, 0x00,
    0x2f, 0x01, 0x01, 0x00, 0x02, 0x00, 0x00, 0x00, 0x00, 0x40, 0x00, 0x00,
    0x30, 0x8e, 0x02, 0x00, 0x10, 0x40, 0x00, 0x00, 0x90, 0x3e, 0x02, 0x00,
    0x2f, 0x01, 0x03, 0x00, 0x02, 0x00, 0x00, 0x00, 0x00, 0x40, 0x00, 0x00,
    0xf0, 0xa9, 0x01, 0x00, 0x0b, 0x01, 0x04, 0x00, 0x0c, 0x01, 0x04, 0x00,
    0x01, 0x01, 0x01, 0x00, 0x02, 0x01, 0x01, 0x00, 0x10, 0x40, 0x00, 0x00,
    0x90, 0x8a, 0x02, 0x00, 0x21, 0x01, 0x04, 0x00, 0x20, 0x01, 0x02, 0x00,
    0x20, 0x40, 0x00, 0x00, 0x40, 0x07, 0x00, 0x00, 0x21, 0x40, 0x00, 0x00,
    0xe0, 0x00, 0x00, 0x00, 0x22, 0x40, 0x00, 0x00, 0xc0, 0x06, 0x00, 0x00,
    0x0d, 0x01, 0x12, 0x00, 0x03, 0x00, 0x00, 0x00, 0x00, 0x40, 0x00, 0x00,
    0x90, 0xad, 0x01, 0x00, 0x10, 0x40, 0x00, 0x00, 0x30, 0x8e, 0x02, 0x00,
    0x03, 0x00, 0x00, 0x00, 0x00, 0x40, 0x00, 0x00, 0x90, 0x8a, 0x02, 0x00,
    0x0b, 0x01, 0x00, 0x00, 0x0c, 0x01, 0x00, 0x00, 0x01, 0x01, 0x00, 0x00,
    0x02, 0x01, 0x00, 0x00, 0x10, 0x40, 0x00, 0x00, 0x70, 0x2c, 0x02, 0x00,
    0x21, 0x01, 0x00, 0x00, 0x20, 0x01, 0x00, 0x00, 0x20, 0x40, 0x00, 0x00,
    0xa0, 0x08, 0x00, 0x00, 0x21, 0x40, 0x00, 0x00, 0x00, 0x01, 0x00, 0x00,
    0x22, 0x40, 0x00, 0x00, 0x20, 0x08, 0x00, 0x00, 0x0d, 0x01, 0x0a, 0x00,
    0x2f, 0x01, 0x01, 0x00, 0x02, 0x00, 0x00, 0x00, 0x00, 0x40, 0x00, 0x00,
    0x30, 0x8e, 0x02, 0x00, 0x10, 0x40, 0x00, 0x00, 0x10, 0x30, 0x02, 0x00,
    0x2f, 0x01, 0x03, 0x00, 0x02, 0x00, 0x00, 0x00, 0x00, 0x40, 0x00, 0x00,
    0xb0, 0x33, 0x02, 0x00, 0x0b, 0x01, 0x02, 0x00, 0x0c, 0x01, 0x02, 0x00,
    0x01, 0x01, 0x02, 0x00, 0x02, 0x01, 0x02, 0x00, 0x10, 0x40, 0x00, 0x00,
    0x70, 0x95, 0x02, 0x00, 0x21, 0x01, 0x02, 0x00, 0x20, 0x01, 0x04, 0x00,
    0x20, 0x40, 0x00, 0x00, 0x20, 0x0a, 0x00, 0x00, 0x21, 0x40, 0x00, 0x00,
    0xe0, 0x00, 0x00, 0x00, 0x22, 0x40, 0x00, 0x00, 0xa0, 0x09, 0x00, 0x00,
    0x2f, 0x01, 0x01, 0x00, 0x03, 0x00, 0x00, 0x00, 0x00, 0x40, 0x00, 0x00,
    0xd0, 0x91, 0x02, 0x00, 0x0b, 0x01, 0x00, 0x00, 0x0c, 0x01, 0x00, 0x00,
    0x01, 0x01, 0x00, 0x00, 0x02, 0x01, 0x00, 0x00, 0x10, 0x40, 0x00, 0x00,
    0x30, 0xeb, 0x01, 0x00, 0x21, 0x01, 0x00, 0x00, 0x20, 0x01, 0x00, 0x00,
    0x20, 0x40, 0x00, 0x00, 0x80, 0x0b, 0x00, 0x00, 0x21, 0x40, 0x00, 0x00,
    0xf0, 0x00, 0x00, 0x00, 0x22, 0x40, 0x00, 0x00, 0x00, 0x0b, 0x00, 0x00,
    0x02, 0x00, 0x00, 0x00, 0x00, 0x40, 0x00, 0x00, 0x70, 0x95, 0x02, 0x00,
    0x10, 0x40, 0x00, 0x00, 0xd0, 0xee, 0x01, 0x00, 0x2f, 0x01, 0x03, 0x00,
    0x02, 0x00, 0x00, 0x00, 0x00, 0x40, 0x00, 0x00, 0x30, 0xce, 0x01, 0x00,
    0x0b, 0x01, 0x02, 0x00, 0x0c, 0x01, 0x02, 0x00, 0x00, 0x01, 0x02, 0x00,
    0x01, 0x01, 0x01, 0x00, 0x02, 0x01, 0x01, 0x00, 0x10, 0x40, 0x00, 0x00,
    0x10, 0x99, 0x02, 0x00, 0x21, 0x01, 0x04, 0x00, 0x20, 0x01, 0x02, 0x00,
    0x20, 0x40, 0x00, 0x00, 0xf0, 0x0c, 0x00, 0x00, 0x21, 0x40, 0x00, 0x00,
    0xe0, 0x00, 0x00, 0x00, 0x22, 0x40, 0x00, 0x00, 0x70, 0x0c, 0x00, 0x00,
    0x0d, 0x01, 0x12, 0x00, 0x2f, 0x01, 0x01, 0x00, 0x03, 0x00, 0x00, 0x00,
    0x0b, 0x01, 0x03, 0x00, 0x0c, 0x01, 0x03, 0x00, 0x00, 0x01, 0x01, 0x00,
    0x10, 0x40, 0x00, 0x00, 0xb0, 0x9c, 0x02, 0x00, 0x2f, 0x01, 0x03, 0x00,
    0x03, 0x00, 0x00, 0x00, 0x00, 0x40, 0x00, 0x00, 0x10, 0x99, 0x02, 0x00,
    0x0b, 0x01, 0x00, 0x00, 0x0c, 0x01, 0x00, 0x00, 0x00, 0x01, 0x00, 0x00,
    0x01, 0x01, 0x00, 0x00, 0x02, 0x01, 0x00, 0x00, 0x10, 0x40, 0x00, 0x00,
    0x30, 0x42, 0x02, 0x00, 0x21, 0x01, 0x00, 0x00, 0x20, 0x01, 0x00, 0x00,
    0x20, 0x40, 0x00, 0x00, 0x50, 0x0e, 0x00, 0x00, 0x21, 0x40, 0x00, 0x00,
    0x00, 0x01, 0x00, 0x00, 0x22, 0x40, 0x00, 0x00, 0xd0, 0x0d, 0x00, 0x00,
    0x0d, 0x01, 0x0a, 0x00, 0x2f, 0x01, 0x01, 0x00, 0x02, 0x00, 0x00, 0x00,
    0x00, 0x40, 0x00, 0x00, 0xb0, 0x9c, 0x02, 0x00, 0x10, 0x40, 0x00, 0x00,
    0xd0, 0x45, 0x02, 0x00, 0x2f, 0x01, 0x03, 0x00, 0x02, 0x00, 0x00, 0x00,
    0x00, 0x40, 0x00, 0x00, 0x30, 0xce, 0x01, 0x00, 0x0b, 0x01, 0x04, 0x00,
    0x0c, 0x01, 0x04, 0x00, 0x01, 0x01, 0x01, 0x00, 0x02, 0x01, 0x01, 0x00,
    0x10, 0x40, 0x00, 0x00, 0x10, 0x99, 0x02, 0x00, 0x21, 0x01, 0x04, 0x00,
    0x20, 0x01, 0x02, 0x00, 0x20, 0x40, 0x00, 0x00, 0xf0, 0x0c, 0x00, 0x00,
    0x21, 0x40, 0x00, 0x00, 0xe0, 0x00, 0x00, 0x00, 0x22, 0x40, 0x00, 0x00,
    0x70, 0x0c, 0x00, 0x00, 0x0d, 0x01, 0x12, 0x00, 0x03, 0x00, 0x00, 0x00,
    0x00, 0x40, 0x00, 0x00, 0xd0, 0xd1, 0x01, 0x00, 0x10, 0x40, 0x00, 0x00,
    0xb0, 0x9c, 0x02, 0x00, 0x03, 0x00, 0x00, 0x00, 0x00, 0x40, 0x00, 0x00,
    0x10, 0x99, 0x02, 0x00, 0x0b, 0x01, 0x00, 0x00, 0x0c, 0x01, 0x00, 0x00,
    0x01, 0x01, 0x00, 0x00, 0x02, 0x01, 0x00, 0x00, 0x10, 0x40, 0x00, 0x00,
    0x70, 0x49, 0x02, 0x00, 0x21, 0x01, 0x00, 0x00, 0x20, 0x01, 0x00, 0x00,
    0x20, 0x40, 0x00, 0x00, 0x50, 0x0e, 0x00, 0x00, 0x21, 0x40, 0x00, 0x00,
    0x00, 0x01, 0x00, 0x00, 0x22, 0x40, 0x00, 0x00, 0xd0, 0x0d, 0x00, 0x00,
    0x0d, 0x01, 0x0a, 0x00, 0x2f, 0x01, 0x01, 0x00, 0x02, 0x00, 0x00, 0x00,
    0x00, 0x40, 0x00, 0x00, 0xb0, 0x9c, 0x02, 0x00, 0x10, 0x40, 0x00, 0x00,
    0x10, 0x4d, 0x02, 0x00, 0x2f, 0x01, 0x03, 0x00, 0x02, 0x00, 0x00, 0x00,
    0x00, 0x40, 0x00, 0x00, 0x70, 0xd5, 0x01, 0x00, 0x0b, 0x01, 0x04, 0x00,
    0x0c, 0x01, 0x04, 0x00, 0x01, 0x01, 0x01, 0x00, 0x02, 0x01, 0x01, 0x00,
    0x10, 0x40, 0x00, 0x00, 0x10, 0x99, 0x02, 0x00, 0x21, 0x01, 0x04, 0x00,
    0x20, 0x01, 0x02, 0x00, 0x20, 0x40, 0x00, 0x00, 0xf0, 0x0c, 0x00, 0x00,
    0x21, 0x40, 0x00, 0x00, 0xe0, 0x00, 0x00, 0x00, 0x22, 0x40, 0x00, 0x00,
    0x70, 0x0c, 0x00, 0x00, 0x0d, 0x01, 0x12, 0x00, 0x03, 0x00, 0x00, 0x00,
    0x00, 0x40, 0x00, 0x00, 0x10, 0xd9, 0x01, 0x00, 0x10, 0x40, 0x00, 0x00,
    0xb0, 0x9c, 0x02, 0x00, 0x03, 0x00, 0x00, 0x00, 0x00, 0x40, 0x00, 0x00,
    0x10, 0x99, 0x02, 0x00, 0x0b, 0x01, 0x00, 0x00, 0x0c, 0x01, 0x00, 0x00,
    0x01, 0x01, 0x00, 0x00, 0x02, 0x01, 0x00, 0x00, 0x10, 0x40, 0x00, 0x00,
    0xb0, 0x50, 0x02, 0x00, 0x21, 0x01, 0x00, 0x00, 0x20, 0x01, 0x00, 0x00,
    0x20, 0x40, 0x00, 0x00, 0x50, 0x0e, 0x00, 0x00, 0x21, 0x40, 0x00, 0x00,
    0x00, 0x01, 0x00, 0x00, 0x22, 0x40, 0x00, 0x00, 0xd0, 0x0d, 0x00, 0x00,
    0x0d, 0x01, 0x0a, 0x00, 0x2f, 0x01, 0x01, 0x00, 0x02, 0x00, 0x00, 0x00,
    0x00, 0x40, 0x00, 0x00, 0xb0, 0x9c, 0x02, 0x00, 0x10, 0x40, 0x00, 0x00,
    0x50, 0x54, 0x02, 0x00, 0x2f, 0x01, 0x03, 0x00, 0x02, 0x00, 0x00, 0x00,
    0x00, 0x40, 0x00, 0x00, 0x30, 0x42, 0x02, 0x00, 0x0b, 0x01, 0x01, 0x00,
    0x0c, 0x01, 0x01, 0x00, 0x00, 0x01, 0x01, 0x00, 0x01, 0x01, 0x01, 0x00,
    0x02, 0x01, 0x01, 0x00, 0x10, 0x40, 0x00, 0x00, 0x50, 0xa0, 0x02, 0x00,
    0x21, 0x01, 0x02, 0x00, 0x20, 0x01, 0x02, 0x00, 0x20, 0x40, 0x00, 0x00,
    0xd0, 0x0f, 0x00, 0x00, 0x21, 0x40, 0x00, 0x00, 0xb0, 0x00, 0x00, 0x00,
    0x22, 0x40, 0x00, 0x00, 0x50, 0x0f, 0x00, 0x00, 0x2f, 0x01, 0x01, 0x00,
    0x03, 0x00, 0x00, 0x00, 0x0b, 0x01, 0x02, 0x00, 0x0c, 0x01, 0x02, 0x00,
    0x00, 0x01, 0x00, 0x00, 0x10, 0x40, 0x00, 0x00, 0xf0, 0xa3, 0x02, 0x00,
    0x2f, 0x01, 0x03, 0x00, 0x03, 0x00, 0x00, 0x00, 0x00, 0x40, 0x00, 0x00,
    0x50, 0xa0, 0x02, 0x00, 0x0b, 0x01, 0x00, 0x00, 0x0c, 0x01, 0x00, 0x00,
    0x01, 0x01, 0x00, 0x00, 0x02, 0x01, 0x00, 0x00, 0x10, 0x40, 0x00, 0x00,
    0x70, 0xf2, 0x01, 0x00, 0x21, 0x01, 0x00, 0x00, 0x20, 0x01, 0x00, 0x00,
    0x20, 0x40, 0x00, 0x00, 0x00, 0x11, 0x00, 0x00, 0x21, 0x40, 0x00, 0x00,
    0x00, 0x01, 0x00, 0x00, 0x22, 0x40, 0x00, 0x00, 0x80, 0x10, 0x00, 0x00,
    0x2f, 0x01, 0x01, 0x00, 0x02, 0x00, 0x00, 0x00, 0x00, 0x40, 0x00, 0x00,
    0xf0, 0xa3, 0x02, 0x00, 0x10, 0x40, 0x00, 0x00, 0x10, 0xf6, 0x01, 0x00,
    0x2f, 0x01, 0x03, 0x00, 0x02, 0x00, 0x00, 0x00, 0x00, 0x40, 0x00, 0x00,
    0xd0, 0x45, 0x02, 0x00, 0x0b, 0x01, 0x02, 0x00, 0x0c, 0x01, 0x02, 0x00,
    0x01, 0x01, 0x01, 0x00, 0x02, 0x01, 0x01, 0x00, 0x10, 0x40, 0x00, 0x00,
    0x50, 0xa0, 0x02, 0x00, 0x21, 0x01, 0x02, 0x00, 0x20, 0x01, 0x02, 0x00,
    0x20, 0x40, 0x00, 0x00, 0xd0, 0x0f, 0x00, 0x00, 0x21, 0x40, 0x00, 0x00,
    0xb0, 0x00, 0x00, 0x00, 0x22, 0x40, 0x00, 0x00, 0x50, 0x0f, 0x00, 0x00,
    0x03, 0x00, 0x00, 0x00, 0x00, 0x40, 0x00, 0x00, 0x70, 0x49, 0x02, 0x00,
    0x10, 0x40, 0x00, 0x00, 0xf0, 0xa3, 0x02, 0x00, 0x03, 0x00, 0x00, 0x00,
    0x00, 0x40, 0x00, 0x00, 0x50, 0xa0, 0x02, 0x00, 0x0b, 0x01, 0x00, 0x00,
    0x0c, 0x01, 0x00, 0x00, 0x01, 0x01, 0x00, 0x00, 0x02, 0x01, 0x00, 0x00,
    0x10, 0x40, 0x00, 0x00, 0xb0, 0xf9, 0x01, 0x00, 0x21, 0x01, 0x00, 0x00,
    0x20, 0x01, 0x00, 0x00, 0x20, 0x40, 0x00, 0x00, 0x00, 0x11, 0x00, 0x00,
    0x21, 0x40, 0x00, 0x00, 0x00, 0x01, 0x00, 0x00, 0x22, 0x40, 0x00, 0x00,
    0x80, 0x10, 0x00, 0x00, 0x2f, 0x01, 0x01, 0x00, 0x02, 0x00, 0x00, 0x00,
    0x00, 0x40, 0x00, 0x00, 0xf0, 0xa3, 0x02, 0x00, 0x10, 0x40, 0x00, 0x00,
    0x50, 0xfd, 0x01, 0x00, 0x2f, 0x01, 0x03, 0x00, 0x02, 0x00, 0x00, 0x00,
    0x00, 0x40, 0x00, 0x00, 0x10, 0x4d, 0x02, 0x00, 0x0b, 0x01, 0x02, 0x00,
    0x0c, 0x01, 0x02, 0x00, 0x01, 0x01, 0x01, 0x00, 0x02, 0x01, 0x01, 0x00,
    0x10, 0x40, 0x00, 0x00, 0x50, 0xa0, 0x02, 0x00, 0x21, 0x01, 0x02, 0x00,
    0x20, 0x01, 0x02, 0x00, 0x20, 0x40, 0x00, 0x00, 0xd0, 0x0f, 0x00, 0x00,
    0x21, 0x40, 0x00, 0x00, 0xb0, 0x00, 0x00, 0x00, 0x22, 0x40, 0x00, 0x00,
    0x50, 0x0f, 0x00, 0x00, 0x03, 0x00, 0x00, 0x00, 0x00, 0x40, 0x00, 0x00,
    0xb0, 0xdc, 0x01, 0x00, 0x0b, 0x01, 0x04, 0x00, 0x0c, 0x01, 0x04, 0x00,
    0x10, 0x40, 0x00, 0x00, 0x10, 0x99, 0x02, 0x00, 0x21, 0x01, 0x04, 0x00,
    0x20, 0x40, 0x00, 0x00, 0xf0, 0x0c, 0x00, 0x00, 0x21, 0x40, 0x00, 0x00,
    0xe0, 0x00, 0x00, 0x00, 0x22, 0x40, 0x00, 0x00, 0x70, 0x0c, 0x00, 0x00,
    0x0d, 0x01, 0x12, 0x00, 0x03, 0x00, 0x00, 0x00, 0x00, 0x40, 0x00, 0x00,
    0x50, 0xe0, 0x01, 0x00, 0x10, 0x40, 0x00, 0x00, 0xb0, 0x9c, 0x02, 0x00,
    0x03, 0x00, 0x00, 0x00, 0x00, 0x40, 0x00, 0x00, 0x10, 0x99, 0x02, 0x00,
    0x0b, 0x01, 0x00, 0x00, 0x0c, 0x01, 0x00, 0x00, 0x01, 0x01, 0x00, 0x00,
    0x02, 0x01, 0x00, 0x00, 0x10, 0x40, 0x00, 0x00, 0x30, 0x42, 0x02, 0x00,
    0x21, 0x01, 0x00, 0x00, 0x20, 0x01, 0x00, 0x00, 0x20, 0x40, 0x00, 0x00,
    0x50, 0x0e, 0x00, 0x00, 0x21, 0x40, 0x00, 0x00, 0x00, 0x01, 0x00, 0x00,
    0x22, 0x40, 0x00, 0x00, 0xd0, 0x0d, 0x00, 0x00, 0x0d, 0x01, 0x0a, 0x00,
    0x2f, 0x01, 0x01, 0x00, 0x02, 0x00, 0x00, 0x00, 0x00, 0x40, 0x00, 0x00,
    0xb0, 0x9c, 0x02, 0x00, 0x10, 0x40, 0x00, 0x00, 0xd0, 0x45, 0x02, 0x00,
    0x2f, 0x01, 0x03, 0x00, 0x02, 0x00, 0x00, 0x00, 0x00, 0x40, 0x00, 0x00,
    0x50, 0x37, 0x02, 0x00, 0x0b, 0x01, 0x02, 0x00, 0x0c, 0x01, 0x02, 0x00,
    0x01, 0x01, 0x02, 0x00, 0x02, 0x01, 0x02, 0x00, 0x10, 0x40, 0x00, 0x00,
    0xd0, 0x91, 0x02, 0x00, 0x21, 0x01, 0x02, 0x00, 0x20, 0x01, 0x04, 0x00,
    0x20, 0x40, 0x00, 0x00, 0x20, 0x0a, 0x00, 0x00, 0x21, 0x40, 0x00, 0x00,
    0xe0, 0x00, 0x00, 0x00, 0x22, 0x40, 0x00, 0x00, 0xa0, 0x09, 0x00, 0x00,
    0x03, 0x00, 0x00, 0x00, 0x00, 0x40, 0x00, 0x00, 0xf0, 0x3a, 0x02, 0x00,
    0x02, 0x40, 0x00, 0x00, 0x70, 0x2c, 0x02, 0x00, 0x0b, 0x01, 0x01, 0x00,
    0x0c, 0x01, 0x01, 0x00, 0x10, 0x40, 0x00, 0x00, 0x70, 0x95, 0x02, 0x00,
    0x03, 0x00, 0x00, 0x00, 0x00, 0x40, 0x00, 0x00, 0xd0, 0x91, 0x02, 0x00,
    0x02, 0x40, 0x00, 0x00, 0x00, 0x00, 0x00, 0x00, 0x0b, 0x01, 0x00, 0x00,
    0x0c, 0x01, 0x00, 0x00, 0x01, 0x01, 0x00, 0x00, 0x02, 0x01, 0x00, 0x00,
    0x10, 0x40, 0x00, 0x00, 0x30, 0xce, 0x01, 0x00, 0x21, 0x01, 0x00, 0x00,
    0x20, 0x01, 0x00, 0x00, 0x20, 0x40, 0x00, 0x00, 0x80, 0x0b, 0x00, 0x00,
    0x21, 0x40, 0x00, 0x00, 0xf0, 0x00, 0x00, 0x00, 0x22, 0x40, 0x00, 0x00,
    0x00, 0x0b, 0x00, 0x00, 0x2f, 0x01, 0x01, 0x00, 0x02, 0x00, 0x00, 0x00,
    0x00, 0x40, 0x00, 0x00, 0x70, 0x95, 0x02, 0x00, 0x10, 0x40, 0x00, 0x00,
    0xd0, 0xd1, 0x01, 0x00, 0x2f, 0x01, 0x03, 0x00, 0x02, 0x00, 0x00, 0x00,
    0x00, 0x40, 0x00, 0x00, 0x90, 0x3e, 0x02, 0x00, 0x02, 0x40, 0x00, 0x00,
    0x70, 0x2c, 0x02, 0x00, 0x01, 0x01, 0x02, 0x00, 0x02, 0x01, 0x02, 0x00,
    0x10, 0x40, 0x00, 0x00, 0xd0, 0x91, 0x02, 0x00, 0x21, 0x01, 0x02, 0x00,
    0x20, 0x01, 0x04, 0x00, 0x20, 0x40, 0x00, 0x00, 0x20, 0x0a, 0x00, 0x00,
    0x21, 0x40, 0x00, 0x00, 0xe0, 0x00, 0x00, 0x00, 0x22, 0x40, 0x00, 0x00,
    0xa0, 0x09, 0x00, 0x00, 0x03, 0x00, 0x00, 0x00, 0x00, 0x40, 0x00, 0x00,
    0x90, 0x21, 0x02, 0x00, 0x02, 0x40, 0x00, 0x00, 0x00, 0x00, 0x00, 0x00,
    0x0b, 0x01, 0x02, 0x00, 0x0c, 0x01, 0x02, 0x00, 0x01, 0x01, 0x01, 0x00,
    0x02, 0x01, 0x01, 0x00, 0x10, 0x40, 0x00, 0x00, 0x50, 0x83, 0x02, 0x00,
    0x20, 0x01, 0x02, 0x00, 0x20, 0x40, 0x00, 0x00, 0xa0, 0x04, 0x00, 0x00,
    0x21, 0x40, 0x00, 0x00, 0xa0, 0x00, 0x00, 0x00, 0x22, 0x40, 0x00, 0x00,
    0x20, 0x04, 0x00, 0x00, 0x03, 0x00, 0x00, 0x00, 0x00, 0x40, 0x00, 0x00,
    0x70, 0x9b, 0x01, 0x00, 0x02, 0x40, 0x00, 0x00, 0xb0, 0x85, 0x01, 0x00,
    0x0b, 0x01, 0x03, 0x00, 0x0c, 0x01, 0x03, 0x00, 0x10, 0x40, 0x00, 0x00,
    0x10, 0x7c, 0x02, 0x00, 0x21, 0x01, 0x04, 0x00, 0x20, 0x40, 0x00, 0x00,
    0xe0, 0x01, 0x00, 0x00, 0x21, 0x40, 0x00, 0x00, 0xe0, 0x00, 0x00, 0x00,
    0x22, 0x40, 0x00, 0x00, 0x60, 0x01, 0x00, 0x00, 0x0d, 0x01, 0x12, 0x00,
    0x03, 0x00, 0x00, 0x00, 0x00, 0x40, 0x00, 0x00, 0x10, 0x9f, 0x01, 0x00,
    0x0b, 0x01, 0x02, 0x00, 0x0c, 0x01, 0x02, 0x00, 0x10, 0x40, 0x00, 0x00,
    0xb0, 0x7f, 0x02, 0x00, 0x03, 0x00, 0x00, 0x00, 0x00, 0x40, 0x00, 0x00,
    0x10, 0x7c, 0x02, 0x00, 0x02, 0x40, 0x00, 0x00, 0x00, 0x00, 0x00, 0x00,
    0x0b, 0x01, 0x00, 0x00, 0x0c, 0x01, 0x00, 0x00, 0x01, 0x01, 0x00, 0x00,
    0x02, 0x01, 0x00, 0x00, 0x10, 0x40, 0x00, 0x00, 0xb0, 0x16, 0x02, 0x00,
    0x21, 0x01, 0x00, 0x00, 0x20, 0x01, 0x00, 0x00, 0x20, 0x40, 0x00, 0x00,
    0x40, 0x03, 0x00, 0x00, 0x22, 0x40, 0x00, 0x00, 0xc0, 0x02, 0x00, 0x00,
    0x0d, 0x01, 0x0a, 0x00, 0x2f, 0x01, 0x01, 0x00, 0x02, 0x00, 0x00, 0x00,
    0x00, 0x40, 0x00, 0x00, 0xb0, 0x7f, 0x02, 0x00, 0x10, 0x40, 0x00, 0x00,
    0x50, 0x1a, 0x02, 0x00, 0x2f, 0x01, 0x03, 0x00, 0x02, 0x00, 0x00, 0x00,
    0x00, 0x40, 0x00, 0x00, 0x30, 0x66, 0x00, 0x00, 0x0b, 0x01, 0x01, 0x00,
    0x0c, 0x01, 0x01, 0x00, 0x0a, 0x01, 0x72, 0x00, 0x04, 0x01, 0x03, 0x00,
    0x05, 0x40, 0x00, 0x00, 0xcc, 0x01, 0x00, 0x00, 0x04, 0x40, 0x00, 0x00,
    0x04, 0x00, 0x00, 0x00, 0x06, 0x40, 0x00, 0x00, 0x01, 0x00, 0x00, 0x00,
    0x09, 0x01, 0x00, 0x00, 0x05, 0x01, 0x01, 0x00, 0x10, 0x40, 0x00, 0x00,
    0xb0, 0x6d, 0x02, 0x00, 0x11, 0x01, 0x72, 0x00, 0x1a, 0x01, 0x72, 0x00,
    0x13, 0x01, 0x03, 0x00, 0x15, 0x40, 0x00, 0x00, 0x30, 0x07, 0x00, 0x00,
    0x16, 0x40, 0x00, 0x00, 0x30, 0x07, 0x00, 0x00, 0x18, 0x01, 0x00, 0x00,
    0x14, 0x01, 0x41, 0x81, 0x21, 0x01, 0x01, 0x00, 0x22, 0x01, 0x02, 0x00,
    0x15, 0x01, 0x15, 0x00, 0x17, 0x01, 0x07, 0x00, 0x05, 0x00, 0x01, 0x00,
    0x00, 0x40, 0x00, 0x00, 0xc8, 0x69, 0x00, 0x00, 0x10, 0x40, 0x00, 0x00,
    0xe0, 0x74, 0x02, 0x00, 0x05, 0x00, 0x01, 0x00, 0x00, 0x40, 0x00, 0x00,
    0xb0, 0x6d, 0x02, 0x00, 0x0b, 0x01, 0x00, 0x00, 0x0c, 0x01, 0x00, 0x00,
    0x05, 0x40, 0x00, 0x00, 0x30, 0x07, 0x00, 0x00, 0x04, 0x40, 0x00, 0x00,
    0x10, 0x00, 0x00, 0x00, 0x06, 0x40, 0x00, 0x00, 0x30, 0x07, 0x00, 0x00,
    0x05, 0x01, 0x41, 0x00, 0x01, 0x01, 0x01, 0x00, 0x02, 0x01, 0x01, 0x00,
    0x10, 0x40, 0x00, 0x00, 0xf0, 0x8c, 0x01, 0x00, 0x11, 0x01, 0x39, 0x00,
    0x1a, 0x01, 0x39, 0x00, 0x13, 0x01, 0x0b, 0x00, 0x15, 0x40, 0x00, 0x00,
    0xa0, 0x03, 0x00, 0x00, 0x16, 0x40, 0x00, 0x00, 0xa0, 0x03, 0x00, 0x00,
    0x18, 0x01, 0x80, 0xff, 0x14, 0x01, 0x41, 0x00, 0x21, 0x01, 0x00, 0x00,
    0x20, 0x01, 0x02, 0x00, 0x22, 0x01, 0x05, 0x00, 0x20, 0x40, 0x00, 0x00,
    0x80, 0x00, 0x00, 0x00, 0x22, 0x40, 0x00, 0x00, 0x00, 0x00, 0x00, 0x00,
    0x15, 0x01, 0x39, 0x00, 0x17, 0x01, 0x0f, 0x00, 0x2f, 0x01, 0x01, 0x00,
    0x02, 0x00, 0x00, 0x00, 0x00, 0x40, 0x00, 0x00, 0xe0, 0x74, 0x02, 0x00,
    0x10, 0x40, 0x00, 0x00, 0x90, 0x90, 0x01, 0x00, 0x2f, 0x01, 0x03, 0x00,
    0x02, 0x00, 0x00, 0x00, 0x00, 0x40, 0x00, 0x00, 0x60, 0x6d, 0x00, 0x00,
    0x0b, 0x01, 0x01, 0x00, 0x0c, 0x01, 0x01, 0x00, 0x05, 0x40, 0x00, 0x00,
    0xcc, 0x01, 0x00, 0x00, 0x04, 0x40, 0x00, 0x00, 0x04, 0x00, 0x00, 0x00,
    0x06, 0x40, 0x00, 0x00, 0x01, 0x00, 0x00, 0x00, 0x05, 0x01, 0x01, 0x00,
    0x01, 0x01, 0x00, 0x00, 0x02, 0x01, 0x00, 0x00, 0x10, 0x40, 0x00, 0x00,
    0xb0, 0x6d, 0x02, 0x00, 0x11, 0x01, 0x72, 0x00, 0x1a, 0x01, 0x72, 0x00,
    0x13, 0x01, 0x03, 0x00, 0x15, 0x40, 0x00, 0x00, 0x30, 0x07, 0x00, 0x00,
    0x16, 0x40, 0x00, 0x00, 0x30, 0x07, 0x00, 0x00, 0x18, 0x01, 0x00, 0x00,
    0x14, 0x01, 0x41, 0x81, 0x21, 0x01, 0x01, 0x00, 0x20, 0x01, 0x00, 0x00,
    0x22, 0x01, 0x02, 0x00, 0x15, 0x01, 0x15, 0x00, 0x17, 0x01, 0x07, 0x00,
    0x05, 0x00, 0x01, 0x00, 0x00, 0x40, 0x00, 0x00, 0xf8, 0x70, 0x00, 0x00,
    0x10, 0x40, 0x00, 0x00, 0xe0, 0x74, 0x02, 0x00, 0x05, 0x00, 0x01, 0x00,
    0x00, 0x40, 0x00, 0x00, 0xb0, 0x6d, 0x02, 0x00, 0x0b, 0x01, 0x00, 0x00,
    0x0c, 0x01, 0x00, 0x00, 0x05, 0x40, 0x00, 0x00, 0x30, 0x07, 0x00, 0x00,
    0x04, 0x40, 0x00, 0x00, 0x10, 0x00, 0x00, 0x00, 0x06, 0x40, 0x00, 0x00,
    0x30, 0x07, 0x00, 0x00, 0x05, 0x01, 0x41, 0x00, 0x01, 0x01, 0x01, 0x00,
    0x02, 0x01, 0x01, 0x00, 0x10, 0x40, 0x00, 0x00, 0x30, 0x94, 0x01, 0x00,
    0x11, 0x01, 0x39, 0x00, 0x1a, 0x01, 0x39, 0x00, 0x13, 0x01, 0x0b, 0x00,
    0x15, 0x40, 0x00, 0x00, 0xa0, 0x03, 0x00, 0x00, 0x16, 0x40, 0x00, 0x00,
    0xa0, 0x03, 0x00, 0x00, 0x18, 0x01, 0x80, 0xff, 0x14, 0x01, 0x41, 0x00,
    0x21, 0x01, 0x00, 0x00, 0x20, 0x01, 0x02, 0x00, 0x22, 0x01, 0x05, 0x00,
    0x15, 0x01, 0x39, 0x00, 0x17, 0x01, 0x0f, 0x00, 0x2f, 0x01, 0x01, 0x00,
    0x02, 0x00, 0x00, 0x00, 0x00, 0x40, 0x00, 0x00, 0xe0, 0x74, 0x02, 0x00,
    0x10, 0x40, 0x00, 0x00, 0xd0, 0x97, 0x01, 0x00, 0x2f, 0x01, 0x03, 0x00,
    0x02, 0x00, 0x00, 0x00, 0x00, 0x40, 0x00, 0x00, 0x90, 0x74, 0x00, 0x00,
    0x0b, 0x01, 0x01, 0x00, 0x0c, 0x01, 0x01, 0x00, 0x05, 0x40, 0x00, 0x00,
    0xcc, 0x01, 0x00, 0x00, 0x04, 0x40, 0x00, 0x00, 0x04, 0x00, 0x00, 0x00,
    0x06, 0x40, 0x00, 0x00, 0x01, 0x00, 0x00, 0x00, 0x05, 0x01, 0x01, 0x00,
    0x01, 0x01, 0x00, 0x00, 0x02, 0x01, 0x00, 0x00, 0x10, 0x40, 0x00, 0x00,
    0xb0, 0x6d, 0x02, 0x00, 0x11, 0x01, 0x72, 0x00, 0x1a, 0x01, 0x72, 0x00,
    0x13, 0x01, 0x03, 0x00, 0x15, 0x40, 0x00, 0x00, 0x30, 0x07, 0x00, 0x00,
    0x16, 0x40, 0x00, 0x00, 0x30, 0x07, 0x00, 0x00, 0x18, 0x01, 0x00, 0x00,
    0x14, 0x01, 0x41, 0x81, 0x21, 0x01, 0x01, 0x00, 0x20, 0x01, 0x00, 0x00,
    0x22, 0x01, 0x02, 0x00, 0x15, 0x01, 0x15, 0x00, 0x17, 0x01, 0x07, 0x00,
    0x05, 0x00, 0x01, 0x00, 0x00, 0x40, 0x00, 0x00, 0x28, 0x78, 0x00, 0x00,
    0x10, 0x40, 0x00, 0x00, 0xe0, 0x74, 0x02, 0x00, 0x05, 0x00, 0x01, 0x00,
    0x00, 0x40, 0x00, 0x00, 0xb0, 0x6d, 0x02, 0x00, 0x0b, 0x01, 0x00, 0x00,
    0x0c, 0x01, 0x00, 0x00, 0x05, 0x40, 0x00, 0x00, 0x30, 0x07, 0x00, 0x00,
    0x04, 0x40, 0x00, 0x00, 0x10, 0x00, 0x00, 0x00, 0x06, 0x40, 0x00, 0x00,
    0x30, 0x07, 0x00, 0x00, 0x05, 0x01, 0x41, 0x00, 0x01, 0x01, 0x01, 0x00,
    0x02, 0x01, 0x01, 0x00, 0x10, 0x40, 0x00, 0x00, 0x70, 0x9b, 0x01, 0x00,
    0x11, 0x01, 0x39, 0x00, 0x1a, 0x01, 0x39, 0x00, 0x13, 0x01, 0x0b, 0x00,
    0x15, 0x40, 0x00, 0x00, 0xa0, 0x03, 0x00, 0x00, 0x16, 0x40, 0x00, 0x00,
    0xa0, 0x03, 0x00, 0x00, 0x18, 0x01, 0x80, 0xff, 0x14, 0x01, 0x41, 0x00,
    0x21, 0x01, 0x00, 0x00, 0x20, 0x01, 0x02, 0x00, 0x22, 0x01, 0x05, 0x00,
    0x15, 0x01, 0x39, 0x00, 0x17, 0x01, 0x0f, 0x00, 0x2f, 0x01, 0x01, 0x00,
    0x02, 0x00, 0x00, 0x00, 0x00, 0x40, 0x00, 0x00, 0xe0, 0x74, 0x02, 0x00,
    0x10, 0x40, 0x00, 0x00, 0x10, 0x9f, 0x01, 0x00, 0x2f, 0x01, 0x03, 0x00,
    0x02, 0x00, 0x00, 0x00, 0x00, 0x40, 0x00, 0x00, 0xb0, 0xa2, 0x01, 0x00,
    0x02, 0x40, 0x00, 0x00, 0xb0, 0x85, 0x01, 0x00, 0x0b, 0x01, 0x01, 0x00,
    0x0c, 0x01, 0x01, 0x00, 0x0a, 0x01, 0x39, 0x00, 0x04, 0x01, 0x0b, 0x00,
    0x05, 0x40, 0x00, 0x00, 0xa0, 0x03, 0x00, 0x00, 0x06, 0x40, 0x00, 0x00,
    0xa0, 0x03, 0x00, 0x00, 0x09, 0x01, 0x80, 0xff, 0x10, 0x40, 0x00, 0x00,
    0x10, 0x7c, 0x02, 0x00, 0x21, 0x01, 0x04, 0x00, 0x22, 0x01, 0x00, 0x00,
    0x20, 0x40, 0x00, 0x00, 0xe0, 0x01, 0x00, 0x00, 0x22, 0x40, 0x00, 0x00,
    0x60, 0x01, 0x00, 0x00, 0x0d, 0x01, 0x12, 0x00, 0x2f, 0x01, 0x01, 0x00,
    0x03, 0x00, 0x00, 0x00, 0x00, 0x40, 0x00, 0x00, 0x50, 0xa6, 0x01, 0x00,
    0x0b, 0x01, 0x00, 0x00, 0x0c, 0x01, 0x00, 0x00, 0x10, 0x40, 0x00, 0x00,
    0xb0, 0x7f, 0x02, 0x00, 0x2f, 0x01, 0x03, 0x00, 0x03, 0x00, 0x00, 0x00,
    0x00, 0x40, 0x00, 0x00, 0x10, 0x7c, 0x02, 0x00, 0x02, 0x40, 0x00, 0x00,
    0x00, 0x00, 0x00, 0x00, 0x01, 0x01, 0x00, 0x00, 0x02, 0x01, 0x00, 0x00,
    0x10, 0x40, 0x00, 0x00, 0xf0, 0x1d, 0x02, 0x00, 0x21, 0x01, 0x00, 0x00,
    0x20, 0x01, 0x00, 0x00, 0x20, 0x40, 0x00, 0x00, 0x40, 0x03, 0x00, 0x00,
    0x22, 0x40, 0x00, 0x00, 0xc0, 0x02, 0x00, 0x00, 0x0d, 0x01, 0x0a, 0x00,
    0x2f, 0x01, 0x01, 0x00, 0x02, 0x00, 0x00, 0x00, 0x00, 0x40, 0x00, 0x00,
    0xb0, 0x7f, 0x02, 0x00, 0x10, 0x40, 0x00, 0x00, 0x90, 0x21, 0x02, 0x00,
    0x2f, 0x01, 0x03, 0x00, 0x02, 0x00, 0x00, 0x00, 0x00, 0x40, 0x00, 0x00,
    0x30, 0x25, 0x02, 0x00, 0x02, 0x40, 0x00, 0x00, 0xb0, 0x16, 0x02, 0x00,
    0x0b, 0x01, 0x01, 0x00, 0x0c, 0x01, 0x01, 0x00, 0x01, 0x01, 0x01, 0x00,
    0x02, 0x01, 0x01, 0x00, 0x10, 0x40, 0x00, 0x00, 0xf0, 0x86, 0x02, 0x00,
    0x21, 0x01, 0x02, 0x00, 0x20, 0x01, 0x02, 0x00, 0x20, 0x40, 0x00, 0x00,
    0xa0, 0x04, 0x00, 0x00, 0x21, 0x40, 0x00, 0x00, 0xa0, 0x00, 0x00, 0x00,
    0x22, 0x40, 0x00, 0x00, 0x20, 0x04, 0x00, 0x00, 0x2f, 0x01, 0x01, 0x00,
    0x03, 0x00, 0x00, 0x00, 0x00, 0x40, 0x00, 0x00, 0x50, 0x83, 0x02, 0x00,
    0x02, 0x40, 0x00, 0x00, 0x00, 0x00, 0x00, 0x00, 0x0b, 0x01, 0x00, 0x00,
    0x0c, 0x01, 0x00, 0x00, 0x01, 0x01, 0x00, 0x00, 0x02, 0x01, 0x00, 0x00,
    0x10, 0x40, 0x00, 0x00, 0xb0, 0xbf, 0x01, 0x00, 0x21, 0x01, 0x00, 0x00,
    0x20, 0x01, 0x00, 0x00, 0x20, 0x40, 0x00, 0x00, 0xc0, 0x05, 0x00, 0x00,
    0x21, 0x40, 0x00, 0x00, 0x00, 0x01, 0x00, 0x00, 0x22, 0x40, 0x00, 0x00,
    0x40, 0x05, 0x00, 0x00, 0x02, 0x00, 0x00, 0x00, 0x00, 0x40, 0x00, 0x00,
    0xf0, 0x86, 0x02, 0x00, 0x10, 0x40, 0x00, 0x00, 0x50, 0xc3, 0x01, 0x00,
    0x2f, 0x01, 0x03, 0x00, 0x02, 0x00, 0x00, 0x00, 0x00, 0x40, 0x00, 0x00,
    0xd0, 0x28, 0x02, 0x00, 0x02, 0x40, 0x00, 0x00, 0xb0, 0x16, 0x02, 0x00,
    0x01, 0x01, 0x01, 0x00, 0x02, 0x01, 0x01, 0x00, 0x10, 0x40, 0x00, 0x00,
    0x50, 0x83, 0x02, 0x00, 0x21, 0x01, 0x02, 0x00, 0x20, 0x01, 0x02, 0x00,
    0x20, 0x40, 0x00, 0x00, 0xa0, 0x04, 0x00, 0x00, 0x21, 0x40, 0x00, 0x00,
    0xa0, 0x00, 0x00, 0x00, 0x22, 0x40, 0x00, 0x00, 0x20, 0x04, 0x00, 0x00,
    0x03, 0x00, 0x00, 0x00, 0x00, 0x40, 0x00, 0x00, 0xb0, 0x16, 0x02, 0x00,
    0x02, 0x40, 0x00, 0x00, 0x00, 0x00, 0x00, 0x00, 0x0b, 0x01, 0x02, 0x00,
    0x0c, 0x01, 0x02, 0x00, 0x10, 0x40, 0x00, 0x00, 0xf0, 0x86, 0x02, 0x00,
    0x03, 0x00, 0x00, 0x00, 0x00, 0x40, 0x00, 0x00, 0x50, 0x83, 0x02, 0x00,
    0x0b, 0x01, 0x00, 0x00, 0x0c, 0x01, 0x00, 0x00, 0x01, 0x01, 0x00, 0x00,
    0x02, 0x01, 0x00, 0x00, 0x10, 0x40, 0x00, 0x00, 0xf0, 0xc6, 0x01, 0x00,
    0x21, 0x01, 0x00, 0x00, 0x20, 0x01, 0x00, 0x00, 0x20, 0x40, 0x00, 0x00,
    0xc0, 0x05, 0x00, 0x00, 0x21, 0x40, 0x00, 0x00, 0x00, 0x01, 0x00, 0x00,
    0x22, 0x40, 0x00, 0x00, 0x40, 0x05, 0x00, 0x00, 0x2f, 0x01, 0x01, 0x00,
    0x02, 0x00, 0x00, 0x00, 0x00, 0x40, 0x00, 0x00, 0xf0, 0x86, 0x02, 0x00,
    0x10, 0x40, 0x00, 0x00, 0x90, 0xca, 0x01, 0x00, 0x2f, 0x01, 0x03, 0x00,
    0x02, 0x00, 0x00, 0x00, 0x00, 0x40, 0x00, 0x00, 0x50, 0x1a, 0x02, 0x00,
    0x0b, 0x01, 0x02, 0x00, 0x0c, 0x01, 0x02, 0x00, 0x01, 0x01, 0x01, 0x00,
    0x02, 0x01, 0x01, 0x00, 0x10, 0x40, 0x00, 0x00, 0x50, 0x83, 0x02, 0x00,
    0x21, 0x01, 0x02, 0x00, 0x20, 0x01, 0x02, 0x00, 0x20, 0x40, 0x00, 0x00,
    0xa0, 0x04, 0x00, 0x00, 0x21, 0x40, 0x00, 0x00, 0xa0, 0x00, 0x00, 0x00,
    0x22, 0x40, 0x00, 0x00, 0x20, 0x04, 0x00, 0x00, 0x03, 0x00, 0x00, 0x00,
    0x00, 0x40, 0x00, 0x00, 0xb0, 0x85, 0x01, 0x00, 0x0b, 0x01, 0x04, 0x00,
    0x0c, 0x01, 0x04, 0x00, 0x10, 0x40, 0x00, 0x00, 0x10, 0x7c, 0x02, 0x00,
    0x21, 0x01, 0x04, 0x00, 0x20, 0x40, 0x00, 0x00, 0xe0, 0x01, 0x00, 0x00,
    0x21, 0x40, 0x00, 0x00, 0xe0, 0x00, 0x00, 0x00, 0x22, 0x40, 0x00, 0x00,
    0x60, 0x01, 0x00, 0x00, 0x0d, 0x01, 0x12, 0x00, 0x03, 0x00, 0x00, 0x00,
    0x00, 0x40, 0x00, 0x00, 0x50, 0x89, 0x01, 0x00, 0x10, 0x40, 0x00, 0x00,
    0xb0, 0x7f, 0x02, 0x00, 0x03, 0x00, 0x00, 0x00, 0x00, 0x40, 0x00, 0x00,
    0x10, 0x7c, 0x02, 0x00, 0x0b, 0x01, 0x00, 0x00, 0x0c, 0x01, 0x00, 0x00,
    0x01, 0x01, 0x00, 0x00, 0x02, 0x01, 0x00, 0x00, 0x10, 0x40, 0x00, 0x00,
    0x30, 0x25, 0x02, 0x00, 0x21, 0x01, 0x00, 0x00, 0x20, 0x01, 0x00, 0x00,
    0x20, 0x40, 0x00, 0x00, 0x40, 0x03, 0x00, 0x00, 0x22, 0x40, 0x00, 0x00,
    0xc0, 0x02, 0x00, 0x00, 0x0d, 0x01, 0x0a, 0x00, 0x2f, 0x01, 0x01, 0x00,
    0x02, 0x00, 0x00, 0x00, 0x00, 0x40, 0x00, 0x00, 0xb0, 0x7f, 0x02, 0x00,
    0x10, 0x40, 0x00, 0x00, 0xd0, 0x28, 0x02, 0x00, 0x2f, 0x01, 0x03, 0x00,
    0x02, 0x00, 0x00, 0x00, 0x00, 0x40, 0x00, 0x00, 0xf0, 0x8c, 0x01, 0x00,
    0x0b, 0x01, 0x04, 0x00, 0x0c, 0x01, 0x04, 0x00, 0x01, 0x01, 0x01, 0x00,
    0x02, 0x01, 0x01, 0x00, 0x10, 0x40, 0x00, 0x00, 0x10, 0x7c, 0x02, 0x00,
    0x21, 0x01, 0x04, 0x00, 0x20, 0x01, 0x02, 0x00, 0x20, 0x40, 0x00, 0x00,
    0xe0, 0x01, 0x00, 0x00, 0x22, 0x40, 0x00, 0x00, 0x60, 0x01, 0x00, 0x00,
    0x0d, 0x01, 0x12, 0x00, 0x03, 0x00, 0x00, 0x00, 0x00, 0x40, 0x00, 0x00,
    0x90, 0x90, 0x01, 0x00, 0x10, 0x40, 0x00, 0x00, 0xb0, 0x7f, 0x02, 0x00,
    0x03, 0x00, 0x00, 0x00, 0x00, 0x40, 0x00, 0x00, 0x10, 0x7c, 0x02, 0x00,
    0x0b, 0x01, 0x00, 0x00, 0x0c, 0x01, 0x00, 0x00, 0x01, 0x01, 0x00, 0x00,
    0x02, 0x01, 0x00, 0x00, 0x10, 0x40, 0x00, 0x00, 0xb0, 0x16, 0x02, 0x00,
    0x21, 0x01, 0x00, 0x00, 0x20, 0x01, 0x00, 0x00, 0x20, 0x40, 0x00, 0x00,
    0x40, 0x03, 0x00, 0x00, 0x22, 0x40, 0x00, 0x00, 0xc0, 0x02, 0x00, 0x00,
    0x0d, 0x01, 0x0a, 0x00, 0x2f, 0x01, 0x01, 0x00, 0x02, 0x00, 0x00, 0x00,
    0x00, 0x40, 0x00, 0x00, 0xb0, 0x7f, 0x02, 0x00, 0x10, 0x40, 0x00, 0x00,
    0x50, 0x1a, 0x02, 0x00, 0x2f, 0x01, 0x03, 0x00, 0x02, 0x00, 0x00, 0x00,
    0x00, 0x40, 0x00, 0x00, 0xf0, 0x1d, 0x02, 0x00, 0x0b, 0x01, 0x02, 0x00,
    0x0c, 0x01, 0x02, 0x00, 0x01, 0x01, 0x01, 0x00, 0x02, 0x01, 0x01, 0x00,
    0x10, 0x40, 0x00, 0x00, 0xf0, 0x86, 0x02, 0x00, 0x21, 0x01, 0x02, 0x00,
    0x20, 0x01, 0x02, 0x00, 0x20, 0x40, 0x00, 0x00, 0xa0, 0x04, 0x00, 0x00,
    0x21, 0x40, 0x00, 0x00, 0xa0, 0x00, 0x00, 0x00, 0x22, 0x40, 0x00, 0x00,
    0x20, 0x04, 0x00, 0x00, 0x2f, 0x01, 0x01, 0x00, 0x03, 0x00, 0x00, 0x00,
    0x00, 0x40, 0x00, 0x00, 0x50, 0x83, 0x02, 0x00, 0x0b, 0x01, 0x00, 0x00,
    0x0c, 0x01, 0x00, 0x00, 0x01, 0x01, 0x00, 0x00, 0x02, 0x01, 0x00, 0x00,
    0x10, 0x40, 0x00, 0x00, 0xf0, 0xa9, 0x01, 0x00, 0x21, 0x01, 0x00, 0x00,
    0x20, 0x01, 0x00, 0x00, 0x20, 0x40, 0x00, 0x00, 0xc0, 0x05, 0x00, 0x00,
    0x21, 0x40, 0x00, 0x00, 0x00, 0x01, 0x00, 0x00, 0x22, 0x40, 0x00, 0x00,
    0x40, 0x05, 0x00, 0x00, 0x02, 0x00, 0x00, 0x00, 0x00, 0x40, 0x00, 0x00,
    0xf0, 0x86, 0x02, 0x00, 0x10, 0x40, 0x00, 0x00, 0x90, 0xad, 0x01, 0x00,
    0x2f, 0x01, 0x03, 0x00, 0x02, 0x00, 0x00, 0x00, 0x00, 0x40, 0x00, 0x00,
    0x30, 0xb1, 0x01, 0x00, 0x0b, 0x01, 0x04, 0x00, 0x0c, 0x01, 0x04, 0x00,
    0x01, 0x01, 0x01, 0x00, 0x02, 0x01, 0x01, 0x00, 0x10, 0x40, 0x00, 0x00,
    0x90, 0x8a, 0x02, 0x00, 0x21, 0x01, 0x04, 0x00, 0x20, 0x01, 0x02, 0x00,
    0x20, 0x40, 0x00, 0x00, 0x40, 0x07, 0x00, 0x00, 0x21, 0x40, 0x00, 0x00,
    0xe0, 0x00, 0x00, 0x00, 0x22, 0x40, 0x00, 0x00, 0xc0, 0x06, 0x00, 0x00,
    0x0d, 0x01, 0x12, 0x00, 0x2f, 0x01, 0x01, 0x00, 0x03, 0x00, 0x00, 0x00,
    0x00, 0x40, 0x00, 0x00, 0xd0, 0xb4, 0x01, 0x00, 0x10, 0x40, 0x00, 0x00,
    0x30, 0x8e, 0x02, 0x00, 0x2f, 0x01, 0x03, 0x00, 0x03, 0x00, 0x00, 0x00,
    0x00, 0x40, 0x00, 0x00, 0x90, 0x8a, 0x02, 0x00, 0x0b, 0x01, 0x00, 0x00,
    0x0c, 0x01, 0x00, 0x00, 0x01, 0x01, 0x00, 0x00, 0x02, 0x01, 0x00, 0x00,
    0x10, 0x40, 0x00, 0x00, 0xb0, 0x33, 0x02, 0x00, 0x21, 0x01, 0x00, 0x00,
    0x20, 0x01, 0x00, 0x00, 0x20, 0x40, 0x00, 0x00, 0xa0, 0x08, 0x00, 0x00,
    0x21, 0x40, 0x00, 0x00, 0x00, 0x01, 0x00, 0x00, 0x22, 0x40, 0x00, 0x00,
    0x20, 0x08, 0x00, 0x00, 0x0d, 0x01, 0x0a, 0x00, 0x2f, 0x01, 0x01, 0x00,
    0x02, 0x00, 0x00, 0x00, 0x00, 0x40, 0x00, 0x00, 0x30, 0x8e, 0x02, 0x00,
    0x10, 0x40, 0x00, 0x00, 0x50, 0x37, 0x02, 0x00, 0x2f, 0x01, 0x03, 0x00,
    0x02, 0x00, 0x00, 0x00, 0x00, 0x40, 0x00, 0x00, 0x70, 0xb8, 0x01, 0x00,
    0x0b, 0x01, 0x04, 0x00, 0x0c, 0x01, 0x04, 0x00, 0x01, 0x01, 0x01, 0x00,
    0x02, 0x01, 0x01, 0x00, 0x10, 0x40, 0x00, 0x00, 0x90, 0x8a, 0x02, 0x00,
    0x21, 0x01, 0x04, 0x00, 0x20, 0x01, 0x02, 0x00, 0x20, 0x40, 0x00, 0x00,
    0x40, 0x07, 0x00, 0x00, 0x21, 0x40, 0x00, 0x00, 0xe0, 0x00, 0x00, 0x00,
    0x22, 0x40, 0x00, 0x00, 0xc0, 0x06, 0x00, 0x00, 0x0d, 0x01, 0x12, 0x00,
    0x03, 0x00, 0x00, 0x00, 0x00, 0x40, 0x00, 0x00, 0x10, 0xbc, 0x01, 0x00,
    0x10, 0x40, 0x00, 0x00, 0x30, 0x8e, 0x02, 0x00, 0x03, 0x00, 0x00, 0x00,
    0x00, 0x40, 0x00, 0x00, 0x90, 0x8a, 0x02, 0x00, 0x0b, 0x01, 0x00, 0x00,
    0x0c, 0x01, 0x00, 0x00, 0x01, 0x01, 0x00, 0x00, 0x02, 0x01, 0x00, 0x00,
    0x10, 0x40, 0x00, 0x00, 0xf0, 0x3a, 0x02, 0x00, 0x21, 0x01, 0x00, 0x00,
    0x20, 0x01, 0x00, 0x00, 0x20, 0x40, 0x00, 0x00, 0xa0, 0x08, 0x00, 0x00,
    0x21, 0x40, 0x00, 0x00, 0x00, 0x01, 0x00, 0x00, 0x22, 0x40, 0x00, 0x00,
    0x20, 0x08, 0x00, 0x00, 0x0d, 0x01, 0x0a, 0x00, 0x2f, 0x01, 0x01, 0x00,
    0x02, 0x00, 0x00, 0x00, 0x00, 0x40, 0x00, 0x00, 0x30, 0x8e, 0x02, 0x00,
    0x10, 0x40, 0x00, 0x00, 0x90, 0x3e, 0x02, 0x00, 0x2f, 0x01, 0x03, 0x00,
    0x02, 0x00, 0x00, 0x00, 0x00, 0x40, 0x00, 0x00, 0x70, 0x2c, 0x02, 0x00,
    0x0b, 0x01, 0x02, 0x00, 0x0c, 0x01, 0x02, 0x00, 0x01, 0x01, 0x02, 0x00,
    0x02, 0x01, 0x02, 0x00, 0x10, 0x40, 0x00, 0x00, 0x70, 0x95, 0x02, 0x00,
    0x21, 0x01, 0x02, 0x00, 0x20, 0x01, 0x04, 0x00, 0x20, 0x40, 0x00, 0x00,
    0x20, 0x0a, 0x00, 0x00, 0x21, 0x40, 0x00, 0x00, 0xe0, 0x00, 0x00, 0x00,
    0x22, 0x40, 0x00, 0x00, 0xa0, 0x09, 0x00, 0x00, 0x2f, 0x01, 0x01, 0x00,
    0x03, 0x00, 0x00, 0x00, 0x00, 0x40, 0x00, 0x00, 0xd0, 0x91, 0x02, 0x00,
    0x0b, 0x01, 0x00, 0x00, 0x0c, 0x01, 0x00, 0x00, 0x01, 0x01, 0x00, 0x00,
    0x02, 0x01, 0x00, 0x00, 0x10, 0x40, 0x00, 0x00, 0x70, 0xd5, 0x01, 0x00,
    0x21, 0x01, 0x00, 0x00, 0x20, 0x01, 0x00, 0x00, 0x20, 0x40, 0x00, 0x00,
    0x80, 0x0b, 0x00, 0x00, 0x21, 0x40, 0x00, 0x00, 0xf0, 0x00, 0x00, 0x00,
    0x22, 0x40, 0x00, 0x00, 0x00, 0x0b, 0x00, 0x00, 0x02, 0x00, 0x00, 0x00,
    0x00, 0x40, 0x00, 0x00, 0x70, 0x95, 0x02, 0x00, 0x10, 0x40, 0x00, 0x00,
    0x10, 0xd9, 0x01, 0x00, 0x2f, 0x01, 0x03, 0x00, 0x02, 0x00, 0x00, 0x00,
    0x00, 0x40, 0x00, 0x00, 0x10, 0x30, 0x02, 0x00, 0x0b, 0x01, 0x02, 0x00,
    0x0c, 0x01, 0x02, 0x00, 0x01, 0x01, 0x02, 0x00, 0x02, 0x01, 0x02, 0x00,
    0x10, 0x40, 0x00, 0x00, 0xd0, 0x91, 0x02, 0x00, 0x21, 0x01, 0x02, 0x00,
    0x20, 0x01, 0x04, 0x00, 0x20, 0x40, 0x00, 0x00, 0x20, 0x0a, 0x00, 0x00,
    0x21, 0x40, 0x00, 0x00, 0xe0, 0x00, 0x00, 0x00, 0x22, 0x40, 0x00, 0x00,
    0xa0, 0x09, 0x00, 0x00, 0x03, 0x00, 0x00, 0x00, 0x00, 0x40, 0x00, 0x00,
    0xb0, 0x33, 0x02, 0x00, 0x10, 0x40, 0x00, 0x00, 0x70, 0x95, 0x02, 0x00,
    0x03, 0x00, 0x00, 0x00, 0x00, 0x40, 0x00, 0x00, 0xd0, 0x91, 0x02, 0x00,
    0x0b, 0x01, 0x00, 0x00, 0x0c, 0x01, 0x00, 0x00, 0x01, 0x01, 0x00, 0x00,
    0x02, 0x01, 0x00, 0x00, 0x10, 0x40, 0x00, 0x00, 0xb0, 0xdc, 0x01, 0x00,
    0x21, 0x01, 0x00, 0x00, 0x20, 0x01, 0x00, 0x00, 0x20, 0x40, 0x00, 0x00,
    0x80, 0x0b, 0x00, 0x00, 0x21, 0x40, 0x00, 0x00, 0xf0, 0x00, 0x00, 0x00,
    0x22, 0x40, 0x00, 0x00, 0x00, 0x0b, 0x00, 0x00, 0x2f, 0x01, 0x01, 0x00,
    0x02, 0x00, 0x00, 0x00, 0x00, 0x40, 0x00, 0x00, 0x70, 0x95, 0x02, 0x00,
    0x10, 0x40, 0x00, 0x00, 0x50, 0xe0, 0x01, 0x00, 0x2f, 0x01, 0x03, 0x00,
    0x02, 0x00, 0x00, 0x00, 0x00, 0x40, 0x00, 0x00, 0xf0, 0xe3, 0x01, 0x00,
    0x02, 0x40, 0x00, 0x00, 0x30, 0xce, 0x01, 0x00, 0x0b, 0x01, 0x03, 0x00,
    0x0c, 0x01, 0x03, 0x00, 0x01, 0x01, 0x01, 0x00, 0x02, 0x01, 0x01, 0x00,
    0x10, 0x40, 0x00, 0x00, 0x10, 0x99, 0x02, 0x00, 0x21, 0x01, 0x04, 0x00,
    0x20, 0x01, 0x02, 0x00, 0x20, 0x40, 0x00, 0x00, 0xf0, 0x0c, 0x00, 0x00,
    0x21, 0x40, 0x00, 0x00, 0xe0, 0x00, 0x00, 0x00, 0x22, 0x40, 0x00, 0x00,
    0x70, 0x0c, 0x00, 0x00, 0x0d, 0x01, 0x12, 0x00, 0x2f, 0x01, 0x01, 0x00,
    0x03, 0x00, 0x00, 0x00, 0x00, 0x40, 0x00, 0x00, 0x90, 0xe7, 0x01, 0x00,
    0x0b, 0x01, 0x02, 0x00, 0x0c, 0x01, 0x02, 0x00, 0x10, 0x40, 0x00, 0x00,
    0xb0, 0x9c, 0x02, 0x00, 0x2f, 0x01, 0x03, 0x00, 0x03, 0x00, 0x00, 0x00,
    0x00, 0x40, 0x00, 0x00, 0x10, 0x99, 0x02, 0x00, 0x02, 0x40, 0x00, 0x00,
    0x00, 0x00, 0x00, 0x00, 0x0b, 0x01, 0x00, 0x00, 0x0c, 0x01, 0x00, 0x00,
    0x01, 0x01, 0x00, 0x00, 0x02, 0x01, 0x00, 0x00, 0x10, 0x40, 0x00, 0x00,
    0x70, 0x49, 0x02, 0x00, 0x21, 0x01, 0x00, 0x00, 0x20, 0x01, 0x00, 0x00,
    0x20, 0x40, 0x00, 0x00, 0x50, 0x0e, 0x00, 0x00, 0x21, 0x40, 0x00, 0x00,
    0x00, 0x01, 0x00, 0x00, 0x22, 0x40, 0x00, 0x00, 0xd0, 0x0d, 0x00, 0x00,
    0x0d, 0x01, 0x0a, 0x00, 0x2f, 0x01, 0x01, 0x00, 0x02, 0x00, 0x00, 0x00,
    0x00, 0x40, 0x00, 0x00, 0xb0, 0x9c, 0x02, 0x00, 0x10, 0x40, 0x00, 0x00,
    0x10, 0x4d, 0x02, 0x00, 0x2f, 0x01, 0x03, 0x00, 0x02, 0x00, 0x00, 0x00,
    0x00, 0x40, 0x00, 0x00, 0xb0, 0x50, 0x02, 0x00, 0x02, 0x40, 0x00, 0x00,
    0x30, 0x42, 0x02, 0x00, 0x0b, 0x01, 0x01, 0x00, 0x0c, 0x01, 0x01, 0x00,
    0x01, 0x01, 0x01, 0x00, 0x02, 0x01, 0x01, 0x00, 0x10, 0x40, 0x00, 0x00,
    0xf0, 0xa3, 0x02, 0x00, 0x21, 0x01, 0x02, 0x00, 0x20, 0x01, 0x02, 0x00,
    0x20, 0x40, 0x00, 0x00, 0xd0, 0x0f, 0x00, 0x00, 0x21, 0x40, 0x00, 0x00,
    0xb0, 0x00, 0x00, 0x00, 0x22, 0x40, 0x00, 0x00, 0x50, 0x0f, 0x00, 0x00,
    0x2f, 0x01, 0x01, 0x00, 0x03, 0x00, 0x00, 0x00, 0x00, 0x40, 0x00, 0x00,
    0x50, 0xa0, 0x02, 0x00, 0x02, 0x40, 0x00, 0x00, 0x00, 0x00, 0x00, 0x00,
    0x0b, 0x01, 0x00, 0x00, 0x0c, 0x01, 0x00, 0x00, 0x01, 0x01, 0x00, 0x00,
    0x02, 0x01, 0x00, 0x00, 0x10, 0x40, 0x00, 0x00, 0xf0, 0x00, 0x02, 0x00,
    0x21, 0x01, 0x00, 0x00, 0x20, 0x01, 0x00, 0x00, 0x20, 0x40, 0x00, 0x00,
    0x00, 0x11, 0x00, 0x00, 0x21, 0x40, 0x00, 0x00, 0x00, 0x01, 0x00, 0x00,
    0x22, 0x40, 0x00, 0x00, 0x80, 0x10, 0x00, 0x00, 0x02, 0x00, 0x00, 0x00,
    0x00, 0x40, 0x00, 0x00, 0xf0, 0xa3, 0x02, 0x00, 0x10, 0x40, 0x00, 0x00,
    0x90, 0x04, 0x02, 0x00, 0x2f, 0x01, 0x03, 0x00, 0x02, 0x00, 0x00, 0x00,
    0x00, 0x40, 0x00, 0x00, 0x50, 0x54, 0x02, 0x00, 0x02, 0x40, 0x00, 0x00,
    0x30, 0x42, 0x02, 0x00, 0x01, 0x01, 0x01, 0x00, 0x02, 0x01, 0x01, 0x00,
    0x10, 0x40, 0x00, 0x00, 0x50, 0xa0, 0x02, 0x00, 0x21, 0x01, 0x02, 0x00,
    0x20, 0x01, 0x02, 0x00, 0x20, 0x40, 0x00, 0x00, 0xd0, 0x0f, 0x00, 0x00,
    0x21, 0x40, 0x00, 0x00, 0xb0, 0x00, 0x00, 0x00, 0x22, 0x40, 0x00, 0x00,
    0x50, 0x0f, 0x00, 0x00, 0x03, 0x00, 0x00, 0x00, 0x00, 0x40, 0x00, 0x00,
    0x30, 0x42, 0x02, 0x00, 0x02, 0x40, 0x00, 0x00, 0x00, 0x00, 0x00, 0x00,
    0x0b, 0x01, 0x02, 0x00, 0x0c, 0x01, 0x02, 0x00, 0x10, 0x40, 0x00, 0x00,
    0xf0, 0xa3, 0x02, 0x00, 0x03, 0x00, 0x00, 0x00, 0x00, 0x40, 0x00, 0x00,
    0x50, 0xa0, 0x02, 0x00, 0x0b, 0x01, 0x00, 0x00, 0x0c, 0x01, 0x00, 0x00,
    0x01, 0x01, 0x00, 0x00, 0x02, 0x01, 0x00, 0x00, 0x10, 0x40, 0x00, 0x00,
    0x30, 0x08, 0x02, 0x00, 0x21, 0x01, 0x00, 0x00, 0x20, 0x01, 0x00, 0x00,
    0x20, 0x40, 0x00, 0x00, 0x00, 0x11, 0x00, 0x00, 0x21, 0x40, 0x00, 0x00,
    0x00, 0x01, 0x00, 0x00, 0x22, 0x40, 0x00, 0x00, 0x80, 0x10, 0x00, 0x00,
    0x2f, 0x01, 0x01, 0x00, 0x02, 0x00, 0x00, 0x00, 0x00, 0x40, 0x00, 0x00,
    0xf0, 0xa3, 0x02, 0x00, 0x10, 0x40, 0x00, 0x00, 0xd0, 0x0b, 0x02, 0x00,
    0x2f, 0x01, 0x03, 0x00, 0x02, 0x00, 0x00, 0x00, 0x00, 0x40, 0x00, 0x00,
    0xd0, 0x45, 0x02, 0x00, 0x0b, 0x01, 0x02, 0x00, 0x0c, 0x01, 0x02, 0x00,
    0x01, 0x01, 0x01, 0x00, 0x02, 0x01, 0x01, 0x00, 0x10, 0x40, 0x00, 0x00,
    0x50, 0xa0, 0x02, 0x00, 0x21, 0x01, 0x02, 0x00, 0x20, 0x01, 0x02, 0x00,
    0x20, 0x40, 0x00, 0x00, 0xd0, 0x0f, 0x00, 0x00, 0x21, 0x40, 0x00, 0x00,
    0xb0, 0x00, 0x00, 0x00, 0x22, 0x40, 0x00, 0x00, 0x50, 0x0f, 0x00, 0x00,
    0x03, 0x00, 0x00, 0x00, 0x00, 0x40, 0x00, 0x00, 0x30, 0xeb, 0x01, 0x00,
    0x02, 0x40, 0x00, 0x00, 0x30, 0xce, 0x01, 0x00, 0x0b, 0x01, 0x01, 0x00,
    0x0c, 0x01, 0x01, 0x00, 0x10, 0x40, 0x00, 0x00, 0x10, 0x99, 0x02, 0x00,
    0x21, 0x01, 0x04, 0x00, 0x20, 0x40, 0x00, 0x00, 0xf0, 0x0c, 0x00, 0x00,
    0x21, 0x40, 0x00, 0x00, 0xe0, 0x00, 0x00, 0x00, 0x22, 0x40, 0x00, 0x00,
    0x70, 0x0c, 0x00, 0x00, 0x0d, 0x01, 0x12, 0x00, 0x03, 0x00, 0x00, 0x00,
    0x00, 0x40, 0x00, 0x00, 0xd0, 0xee, 0x01, 0x00, 0x0b, 0x01, 0x00, 0x00,
    0x0c, 0x01, 0x00, 0x00, 0x10, 0x40, 0x00, 0x00, 0xb0, 0x9c, 0x02, 0x00,
    0x03, 0x00, 0x00, 0x00, 0x00, 0x40, 0x00, 0x00, 0x10, 0x99, 0x02, 0x00,
    0x02, 0x40, 0x00, 0x00, 0x00, 0x00, 0x00, 0x00, 0x01, 0x01, 0x00, 0x00,
    0x02, 0x01, 0x00, 0x00, 0x10, 0x40, 0x00, 0x00, 0xb0, 0x50, 0x02, 0x00,
    0x21, 0x01, 0x00, 0x00, 0x20, 0x01, 0x00, 0x00, 0x20, 0x40, 0x00, 0x00,
    0x50, 0x0e, 0x00, 0x00, 0x21, 0x40, 0x00, 0x00, 0x00, 0x01, 0x00, 0x00,
    0x22, 0x40, 0x00, 0x00, 0xd0, 0x0d, 0x00, 0x00, 0x0d, 0x01, 0x0a, 0x00,
    0x2f, 0x01, 0x01, 0x00, 0x02, 0x00, 0x00, 0x00, 0x00, 0x40, 0x00, 0x00,
    0xb0, 0x9c, 0x02, 0x00, 0x10, 0x40, 0x00, 0x00, 0x50, 0x54, 0x02, 0x00,
    0x2f, 0x01, 0x03, 0x00, 0x02, 0x00, 0x00, 0x00, 0x00, 0x40, 0x00, 0x00,
    0x30, 0xce, 0x01, 0x00, 0x0b, 0x01, 0x04, 0x00, 0x0c, 0x01, 0x04, 0x00,
    0x01, 0x01, 0x01, 0x00, 0x02, 0x01, 0x01, 0x00, 0x10, 0x40, 0x00, 0x00,
    0x10, 0x99, 0x02, 0x00, 0x21, 0x01, 0x04, 0x00, 0x20, 0x01, 0x02, 0x00,
    0x20, 0x40, 0x00, 0x00, 0xf0, 0x0c, 0x00, 0x00, 0x21, 0x40, 0x00, 0x00,
    0xe0, 0x00, 0x00, 0x00, 0x22, 0x40, 0x00, 0x00, 0x70, 0x0c, 0x00, 0x00,
    0x0d, 0x01, 0x12, 0x00, 0x03, 0x00, 0x00, 0x00, 0x00, 0x40, 0x00, 0x00,
    0xd0, 0xd1, 0x01, 0x00, 0x10, 0x40, 0x00, 0x00, 0xb0, 0x9c, 0x02, 0x00,
    0x03, 0x00, 0x00, 0x00, 0x00, 0x40, 0x00, 0x00, 0x10, 0x99, 0x02, 0x00,
    0x0b, 0x01, 0x00, 0x00, 0x0c, 0x01, 0x00, 0x00, 0x01, 0x01, 0x00, 0x00,
    0x02, 0x01, 0x00, 0x00, 0x10, 0x40, 0x00, 0x00, 0x30, 0x42, 0x02, 0x00,
    0x21, 0x01, 0x00, 0x00, 0x20, 0x01, 0x00, 0x00, 0x20, 0x40, 0x00, 0x00,
    0x50, 0x0e, 0x00, 0x00, 0x21, 0x40, 0x00, 0x00, 0x00, 0x01, 0x00, 0x00,
    0x22, 0x40, 0x00, 0x00, 0xd0, 0x0d, 0x00, 0x00, 0x0d, 0x01, 0x0a, 0x00,
    0x2f, 0x01, 0x01, 0x00, 0x02, 0x00, 0x00, 0x00, 0x00, 0x40, 0x00, 0x00,
    0xb0, 0x9c, 0x02, 0x00, 0x10, 0x40, 0x00, 0x00, 0xd0, 0x45, 0x02, 0x00,
    0x2f, 0x01, 0x03, 0x00, 0x02, 0x00, 0x00, 0x00, 0x00, 0x40, 0x00, 0x00,
    0x70, 0x49, 0x02, 0x00, 0x0b, 0x01, 0x02, 0x00, 0x0c, 0x01, 0x02, 0x00,
    0x01, 0x01, 0x01, 0x00, 0x02, 0x01, 0x01, 0x00, 0x10, 0x40, 0x00, 0x00,
    0xf0, 0xa3, 0x02, 0x00, 0x21, 0x01, 0x02, 0x00, 0x20, 0x01, 0x02, 0x00,
    0x20, 0x40, 0x00, 0x00, 0xd0, 0x0f, 0x00, 0x00, 0x21, 0x40, 0x00, 0x00,
    0xb0, 0x00, 0x00, 0x00, 0x22, 0x40, 0x00, 0x00, 0x50, 0x0f, 0x00, 0x00,
    0x2f, 0x01, 0x01, 0x00, 0x03, 0x00, 0x00, 0x00, 0x00, 0x40, 0x00, 0x00,
    0x50, 0xa0, 0x02, 0x00, 0x0b, 0x01, 0x00, 0x00, 0x0c, 0x01, 0x00, 0x00,
    0x01, 0x01, 0x00, 0x00, 0x02, 0x01, 0x00, 0x00, 0x10, 0x40, 0x00, 0x00,
    0x70, 0x0f, 0x02, 0x00, 0x21, 0x01, 0x00, 0x00, 0x20, 0x01, 0x00, 0x00,
    0x20, 0x40, 0x00, 0x00, 0x00, 0x11, 0x00, 0x00, 0x21, 0x40, 0x00, 0x00,
    0x00, 0x01, 0x00, 0x00, 0x22, 0x40, 0x00, 0x00, 0x80, 0x10, 0x00, 0x00,
    0x02, 0x00, 0x00, 0x00, 0x00, 0x40, 0x00, 0x00, 0xf0, 0xa3, 0x02, 0x00,
    0x10, 0x40, 0x00, 0x00, 0x10, 0x13, 0x02, 0x00, 0x2f, 0x01, 0x03, 0x00,
    0x02, 0x00, 0x00, 0x00, 0x00, 0x40, 0x00, 0x00, 0x70, 0xf2, 0x01, 0x00,
    0x0b, 0x01, 0x02, 0x00, 0x0c, 0x01, 0x02, 0x00, 0x00, 0x01, 0x02, 0x00,
    0x01, 0x01, 0x01, 0x00, 0x02, 0x01, 0x01, 0x00, 0x10, 0x40, 0x00, 0x00,
    0x90, 0xa7, 0x02, 0x00, 0x21, 0x01, 0x04, 0x00, 0x20, 0x01, 0x02, 0x00,
    0x20, 0x40, 0x00, 0x00, 0x80, 0x12, 0x00, 0x00, 0x21, 0x40, 0x00, 0x00,
    0xe0, 0x00, 0x00, 0x00, 0x22, 0x40, 0x00, 0x00, 0x00, 0x12, 0x00, 0x00,
    0x0d, 0x01, 0x12, 0x00, 0x2f, 0x01, 0x01, 0x00, 0x03, 0x00, 0x00, 0x00,
    0x0b, 0x01, 0x03, 0x00, 0x0c, 0x01, 0x03, 0x00, 0x00, 0x01, 0x01, 0x00,
    0x10, 0x40, 0x00, 0x00, 0x30, 0xab, 0x02, 0x00, 0x2f, 0x01, 0x03, 0x00,
    0x03, 0x00, 0x00, 0x00, 0x00, 0x40, 0x00, 0x00, 0x90, 0xa7, 0x02, 0x00,
    0x0b, 0x01, 0x00, 0x00, 0x0c, 0x01, 0x00, 0x00, 0x00, 0x01, 0x00, 0x00,
    0x01, 0x01, 0x00, 0x00, 0x02, 0x01, 0x00, 0x00, 0x10, 0x40, 0x00, 0x00,
    0xf0, 0x57, 0x02, 0x00, 0x21, 0x01, 0x00, 0x00, 0x20, 0x01, 0x00, 0x00,
    0x20, 0x40, 0x00, 0x00, 0xe0, 0x13, 0x00, 0x00, 0x21, 0x40, 0x00, 0x00,
    0x00, 0x01, 0x00, 0x00, 0x22, 0x40, 0x00, 0x00, 0x60, 0x13, 0x00, 0x00,
    0x0d, 0x01, 0x0a, 0x00, 0x2f, 0x01, 0x01, 0x00, 0x02, 0x00, 0x00, 0x00,
    0x00, 0x40, 0x00, 0x00, 0x30, 0xab, 0x02, 0x00, 0x10, 0x40, 0x00, 0x00,
    0x90, 0x5b, 0x02, 0x00, 0x2f, 0x01, 0x03, 0x00, 0x02, 0x00, 0x00, 0x00,
    0x00, 0x40, 0x00, 0x00, 0x70, 0xf2, 0x01, 0x00, 0x0b, 0x01, 0x04, 0x00,
    0x0c, 0x01, 0x04, 0x00, 0x01, 0x01, 0x01, 0x00, 0x02, 0x01, 0x01, 0x00,
    0x10, 0x40, 0x00, 0x00, 0x90, 0xa7, 0x02, 0x00, 0x21, 0x01, 0x04, 0x00,
    0x20, 0x01, 0x02, 0x00, 0x20, 0x40, 0x00, 0x00, 0x80, 0x12, 0x00, 0x00,
    0x21, 0x40, 0x00, 0x00, 0xe0, 0x00, 0x00, 0x00, 0x22, 0x40, 0x00, 0x00,
    0x00, 0x12, 0x00, 0x00, 0x0d, 0x01, 0x12, 0x00, 0x03, 0x00, 0x00, 0x00,
    0x00, 0x40, 0x00, 0x00, 0x10, 0xf6, 0x01, 0x00, 0x10, 0x40, 0x00, 0x00,
    0x30, 0xab, 0x02, 0x00, 0x03, 0x00, 0x00, 0x00, 0x00, 0x40, 0x00, 0x00,
    0x90, 0xa7, 0x02, 0x00, 0x0b, 0x01, 0x00, 0x00, 0x0c, 0x01, 0x00, 0x00,
    0x01, 0x01, 0x00, 0x00, 0x02, 0x01, 0x00, 0x00, 0x10, 0x40, 0x00, 0x00,
    0x30, 0x5f, 0x02, 0x00, 0x21, 0x01, 0x00, 0x00, 0x20, 0x01, 0x00, 0x00,
    0x20, 0x40, 0x00, 0x00, 0xe0, 0x13, 0x00, 0x00, 0x21, 0x40, 0x00, 0x00,
    0x00, 0x01, 0x00, 0x00, 0x22, 0x40, 0x00, 0x00, 0x60, 0x13, 0x00, 0x00,
    0x0d, 0x01, 0x0a, 0x00, 0x2f, 0x01, 0x01, 0x00, 0x02, 0x00, 0x00, 0x00,
    0x00, 0x40, 0x00, 0x00, 0x30, 0xab, 0x02, 0x00, 0x10, 0x40, 0x00, 0x00,
    0xd0, 0x62, 0x02, 0x00, 0x2f, 0x01, 0x03, 0x00, 0x02, 0x00, 0x00, 0x00,
    0x00, 0x40, 0x00, 0x00, 0xb0, 0xf9, 0x01, 0x00, 0x0b, 0x01, 0x04, 0x00,
    0x0c, 0x01, 0x04, 0x00, 0x01, 0x01, 0x01, 0x00, 0x02, 0x01, 0x01, 0x00,
    0x10, 0x40, 0x00, 0x00, 0x90, 0xa7, 0x02, 0x00, 0x21, 0x01, 0x04, 0x00,
    0x20, 0x01, 0x02, 0x00, 0x20, 0x40, 0x00, 0x00, 0x80, 0x12, 0x00, 0x00,
    0x21, 0x40, 0x00, 0x00, 0xe0, 0x00, 0x00, 0x00, 0x22, 0x40, 0x00, 0x00,
    0x00, 0x12, 0x00, 0x00, 0x0d, 0x01, 0x12, 0x00, 0x03, 0x00, 0x00, 0x00,
    0x00, 0x40, 0x00, 0x00, 0x50, 0xfd, 0x01, 0x00, 0x10, 0x40, 0x00, 0x00,
    0x30, 0xab, 0x02, 0x00, 0x03, 0x00, 0x00, 0x00, 0x00, 0x40, 0x00, 0x00,
    0x90, 0xa7, 0x02, 0x00, 0x0b, 0x01, 0x00, 0x00, 0x0c, 0x01, 0x00, 0x00,
    0x01, 0x01, 0x00, 0x00, 0x02, 0x01, 0x00, 0x00, 0x10, 0x40, 0x00, 0x00,
    0x70, 0x66, 0x02, 0x00, 0x21, 0x01, 0x00, 0x00, 0x20, 0x01, 0x00, 0x00,
    0x20, 0x40, 0x00, 0x00, 0xe0, 0x13, 0x00, 0x00, 0x21, 0x40, 0x00, 0x00,
    0x00, 0x01, 0x00, 0x00, 0x22, 0x40, 0x00, 0x00, 0x60, 0x13, 0x00, 0x00,
    0x0d, 0x01, 0x0a, 0x00, 0x2f, 0x01, 0x01, 0x00, 0x02, 0x00, 0x00, 0x00,
    0x00, 0x40, 0x00, 0x00, 0x30, 0xab, 0x02, 0x00, 0x10, 0x40, 0x00, 0x00,
    0x10, 0x6a, 0x02, 0x00, 0x2f, 0x01, 0x03, 0x00, 0x02, 0x00, 0x00, 0x00,
    0x00, 0x40, 0x00, 0x00, 0xf0, 0x57, 0x02, 0x00, 0x0b, 0x01, 0x01, 0x00,
    0x0c, 0x01, 0x01, 0x00, 0x00, 0x01, 0x01, 0x00, 0x01, 0x01, 0x02, 0x00,
    0x02, 0x01, 0x02, 0x00, 0x10, 0x40, 0x00, 0x00, 0xd0, 0xae, 0x02, 0x00,
    0x21, 0x01, 0x02, 0x00, 0x20, 0x01, 0x04, 0x00, 0x20, 0x40, 0x00, 0x00,
    0x60, 0x15, 0x00, 0x00, 0x21, 0x40, 0x00, 0x00, 0xe0, 0x00, 0x00, 0x00,
    0x22, 0x40, 0x00, 0x00, 0xe0, 0x14, 0x00, 0x00, 0x2f, 0x01, 0x01, 0x00,
    0x03, 0x00, 0x00, 0x00, 0x0b, 0x01, 0x02, 0x00, 0x0c, 0x01, 0x02, 0x00,
    0x00, 0x01, 0x00, 0x00, 0x10, 0x40, 0x00, 0x00, 0x70, 0xb2, 0x02, 0x00,
    0x2f, 0x01, 0x03, 0x00, 0x03, 0x00, 0x00, 0x00, 0x00, 0x40, 0x00, 0x00,
    0xd0, 0xae, 0x02, 0x00, 0x0b, 0x01, 0x00, 0x00, 0x0c, 0x01, 0x00, 0x00,
    0x01, 0x01, 0x00, 0x00, 0x02, 0x01, 0x00, 0x00, 0x10, 0x40, 0x00, 0x00,
    0x10, 0xb6, 0x02, 0x00, 0x21, 0x01, 0x00, 0x00, 0x20, 0x01, 0x00, 0x00,
    0x20, 0x40, 0x00, 0x00, 0xc0, 0x16, 0x00, 0x00, 0x21, 0x40, 0x00, 0x00,
    0xf0, 0x00, 0x00, 0x00, 0x22, 0x40, 0x00, 0x00, 0x40, 0x16, 0x00, 0x00,
    0x2f, 0x01, 0x01, 0x00, 0x02, 0x00, 0x00, 0x00, 0x00, 0x40, 0x00, 0x00,
    0x70, 0xb2, 0x02, 0x00, 0x10, 0x40, 0x00, 0x00, 0xb0, 0xb9, 0x02, 0x00,
    0x2f, 0x01, 0x03, 0x00, 0x02, 0x00, 0x00, 0x00, 0x00, 0x40, 0x00, 0x00,
    0x10, 0xb6, 0x02, 0x00, 0x10, 0x40, 0x00, 0x00, 0x00, 0x00, 0x00, 0x00,
    0x13, 0x01, 0x00, 0x00, 0x15, 0x40, 0x00, 0x00, 0x3a, 0x00, 0x00, 0x00,
    0x14, 0x40, 0x00, 0x00, 0x01, 0x00, 0x00, 0x00, 0x16, 0x40, 0x00, 0x00,
    0x01, 0x00, 0x00, 0x00, 0x18, 0x01, 0x5a, 0x00, 0x14, 0x01, 0x01, 0x00,
    0x20, 0x40, 0x00, 0x00, 0xc0, 0x17, 0x00, 0x00, 0x21, 0x40, 0x00, 0x00,
    0x40, 0x00, 0x00, 0x00, 0x22, 0x40, 0x00, 0x00, 0xb0, 0x17, 0x00, 0x00,
    0x23, 0x40, 0x00, 0x00, 0x10, 0x00, 0x00, 0x00, 0x17, 0x01, 0x07, 0x00,
    0x2f, 0x01, 0x01, 0x00, 0x02, 0x00, 0x00, 0x00, 0x00, 0x40, 0x00, 0x00,
    0xb0, 0xb9, 0x02, 0x00, 0x10, 0x40, 0x00, 0x00, 0x3a, 0x00, 0x00, 0x00,
    0x2f, 0x01, 0x03, 0x00, 0x02, 0x00, 0x00, 0x00, 0x00, 0x40, 0x00, 0x00,
    0x90, 0x5b, 0x02, 0x00, 0x0b, 0x01, 0x02, 0x00, 0x0c, 0x01, 0x02, 0x00,
    0x01, 0x01, 0x02, 0x00, 0x02, 0x01, 0x02, 0x00, 0x10, 0x40, 0x00, 0x00,
    0xd0, 0xae, 0x02, 0x00, 0x13, 0x01, 0x0b, 0x00, 0x15, 0x40, 0x00, 0x00,
    0xa0, 0x03, 0x00, 0x00, 0x14, 0x40, 0x00, 0x00, 0x10, 0x00, 0x00, 0x00,
    0x16, 0x40, 0x00, 0x00, 0xa0, 0x03, 0x00, 0x00, 0x18, 0x01, 0x80, 0xff,
    0x14, 0x01, 0x41, 0x00, 0x21, 0x01, 0x02, 0x00, 0x20, 0x01, 0x04, 0x00,
    0x20, 0x40, 0x00, 0x00, 0x60, 0x15, 0x00, 0x00, 0x21, 0x40, 0x00, 0x00,
    0xe0, 0x00, 0x00, 0x00, 0x22, 0x40, 0x00, 0x00, 0xe0, 0x14, 0x00, 0x00,
    0x23, 0x40, 0x00, 0x00, 0x80, 0x00, 0x00, 0x00, 0x17, 0x01, 0x0f, 0x00,
    0x03, 0x00, 0x00, 0x00, 0x00, 0x40, 0x00, 0x00, 0x30, 0x5f, 0x02, 0x00,
    0x10, 0x40, 0x00, 0x00, 0x70, 0xb2, 0x02, 0x00, 0x03, 0x00, 0x00, 0x00,
    0x00, 0x40, 0x00, 0x00, 0xd0, 0xae, 0x02, 0x00, 0x0b, 0x01, 0x00, 0x00,
    0x0c, 0x01, 0x00, 0x00, 0x01, 0x01, 0x00, 0x00, 0x02, 0x01, 0x00, 0x00,
    0x10, 0x40, 0x00, 0x00, 0x10, 0xb6, 0x02, 0x00, 0x21, 0x01, 0x00, 0x00,
    0x20, 0x01, 0x00, 0x00, 0x20, 0x40, 0x00, 0x00, 0xc0, 0x16, 0x00, 0x00,
    0x21, 0x40, 0x00, 0x00, 0xf0, 0x00, 0x00, 0x00, 0x22, 0x40, 0x00, 0x00,
    0x40, 0x16, 0x00, 0x00, 0x2f, 0x01, 0x01, 0x00, 0x02, 0x00, 0x00, 0x00,
    0x00, 0x40, 0x00, 0x00, 0x70, 0xb2, 0x02, 0x00, 0x10, 0x40, 0x00, 0x00,
    0xb0, 0xb9, 0x02, 0x00, 0x2f, 0x01, 0x03, 0x00, 0x02, 0x00, 0x00, 0x00,
    0x00, 0x40, 0x00, 0x00, 0x10, 0xb6, 0x02, 0x00, 0x10, 0x40, 0x00, 0x00,
    0x74, 0x00, 0x00, 0x00, 0x13, 0x01, 0x00, 0x00, 0x15, 0x40, 0x00, 0x00,
    0x3a, 0x00, 0x00, 0x00, 0x14, 0x40, 0x00, 0x00, 0x01, 0x00, 0x00, 0x00,
    0x16, 0x40, 0x00, 0x00, 0x01, 0x00, 0x00, 0x00, 0x18, 0x01, 0x5a, 0x00,
    0x14, 0x01, 0x01, 0x00, 0x20, 0x40, 0x00, 0x00, 0xc0, 0x17, 0x00, 0x00,
    0x21, 0x40, 0x00, 0x00, 0x40, 0x00, 0x00, 0x00, 0x22, 0x40, 0x00, 0x00,
    0xb0, 0x17, 0x00, 0x00, 0x23, 0x40, 0x00, 0x00, 0x10, 0x00, 0x00, 0x00,
    0x17, 0x01, 0x07, 0x00, 0x2f, 0x01, 0x01, 0x00, 0x02, 0x00, 0x00, 0x00,
    0x00, 0x40, 0x00, 0x00, 0xb0, 0xb9, 0x02, 0x00, 0x10, 0x40, 0x00, 0x00,
    0xae, 0x00, 0x00, 0x00, 0x2f, 0x01, 0x03, 0x00, 0x02, 0x00, 0x00, 0x00,
    0x00, 0x40, 0x00, 0x00, 0xd0, 0x62, 0x02, 0x00, 0x0b, 0x01, 0x02, 0x00,
    0x0c, 0x01, 0x02, 0x00, 0x01, 0x01, 0x02, 0x00, 0x02, 0x01, 0x02, 0x00,
    0x10, 0x40, 0x00, 0x00, 0xd0, 0xae, 0x02, 0x00, 0x13, 0x01, 0x0b, 0x00,
    0x15, 0x40, 0x00, 0x00, 0xa0, 0x03, 0x00, 0x00, 0x14, 0x40, 0x00, 0x00,
    0x10, 0x00, 0x00, 0x00, 0x16, 0x40, 0x00, 0x00, 0xa0, 0x03, 0x00, 0x00,
    0x18, 0x01, 0x80, 0xff, 0x14, 0x01, 0x41, 0x00, 0x21, 0x01, 0x02, 0x00,
    0x20, 0x01, 0x04, 0x00, 0x20, 0x40, 0x00, 0x00, 0x60, 0x15, 0x00, 0x00,
    0x21, 0x40, 0x00, 0x00, 0xe0, 0x00, 0x00, 0x00, 0x22, 0x40, 0x00, 0x00,
    0xe0, 0x14, 0x00, 0x00, 0x23, 0x40, 0x00, 0x00, 0x80, 0x00, 0x00, 0x00,
    0x17, 0x01, 0x0f, 0x00, 0x03, 0x00, 0x00, 0x00, 0x00, 0x40, 0x00, 0x00,
    0xf0, 0x00, 0x02, 0x00, 0x0b, 0x01, 0x04, 0x00, 0x0c, 0x01, 0x04, 0x00,
    0x01, 0x01, 0x01, 0x00, 0x02, 0x01, 0x01, 0x00, 0x10, 0x40, 0x00, 0x00,
    0x90, 0xa7, 0x02, 0x00, 0x21, 0x01, 0x04, 0x00, 0x20, 0x01, 0x02, 0x00,
    0x20, 0x40, 0x00, 0x00, 0x80, 0x12, 0x00, 0x00, 0x22, 0x40, 0x00, 0x00,
    0x00, 0x12, 0x00, 0x00, 0x0d, 0x01, 0x12, 0x00, 0x03, 0x00, 0x00, 0x00,
    0x00, 0x40, 0x00, 0x00, 0x90, 0x04, 0x02, 0x00, 0x10, 0x40, 0x00, 0x00,
    0x30, 0xab, 0x02, 0x00, 0x03, 0x00, 0x00, 0x00, 0x00, 0x40, 0x00, 0x00,
    0x90, 0xa7, 0x02, 0x00, 0x0b, 0x01, 0x00, 0x00, 0x0c, 0x01, 0x00, 0x00,
    0x01, 0x01, 0x00, 0x00, 0x02, 0x01, 0x00, 0x00, 0x10, 0x40, 0x00, 0x00,
    0xf0, 0x57, 0x02, 0x00, 0x21, 0x01, 0x00, 0x00, 0x20, 0x01, 0x00, 0x00,
    0x20, 0x40, 0x00, 0x00, 0xe0, 0x13, 0x00, 0x00, 0x21, 0x40, 0x00, 0x00,
    0x00, 0x01, 0x00, 0x00, 0x22, 0x40, 0x00, 0x00, 0x60, 0x13, 0x00, 0x00,
    0x0d, 0x01, 0x0a, 0x00, 0x2f, 0x01, 0x01, 0x00, 0x02, 0x00, 0x00, 0x00,
    0x00, 0x40, 0x00, 0x00, 0x30, 0xab, 0x02, 0x00, 0x10, 0x40, 0x00, 0x00,
    0x90, 0x5b, 0x02, 0x00, 0x2f, 0x01, 0x03, 0x00, 0x02, 0x00, 0x00, 0x00,
    0x00, 0x40, 0x00, 0x00, 0x10, 0x4d, 0x02, 0x00, 0x0b, 0x01, 0x02, 0x00,
    0x0c, 0x01, 0x02, 0x00, 0x01, 0x01, 0x01, 0x00, 0x02, 0x01, 0x01, 0x00,
    0x10, 0x40, 0x00, 0x00, 0x50, 0xa0, 0x02, 0x00, 0x21, 0x01, 0x02, 0x00,
    0x20, 0x01, 0x02, 0x00, 0x20, 0x40, 0x00, 0x00, 0xd0, 0x0f, 0x00, 0x00,
    0x21, 0x40, 0x00, 0x00, 0xb0, 0x00, 0x00, 0x00, 0x22, 0x40, 0x00, 0x00,
    0x50, 0x0f, 0x00, 0x00, 0x03, 0x00, 0x00, 0x00, 0x00, 0x40, 0x00, 0x00,
    0xb0, 0x50, 0x02, 0x00, 0x02, 0x40, 0x00, 0x00, 0x30, 0x42, 0x02, 0x00,
    0x0b, 0x01, 0x01, 0x00, 0x0c, 0x01, 0x01, 0x00, 0x10, 0x40, 0x00, 0x00,
    0xf0, 0xa3, 0x02, 0x00, 0x03, 0x00, 0x00, 0x00, 0x00, 0x40, 0x00, 0x00,
    0x50, 0xa0, 0x02, 0x00, 0x02, 0x40, 0x00, 0x00, 0x00, 0x00, 0x00, 0x00,
    0x0b, 0x01, 0x00, 0x00, 0x0c, 0x01, 0x00, 0x00, 0x01, 0x01, 0x00, 0x00,
    0x02, 0x01, 0x00, 0x00, 0x10, 0x40, 0x00, 0x00, 0x70, 0xf2, 0x01, 0x00,
    0x21, 0x01, 0x00, 0x00, 0x20, 0x01, 0x00, 0x00, 0x20, 0x40, 0x00, 0x00,
    0x00, 0x11, 0x00, 0x00, 0x21, 0x40, 0x00, 0x00, 0x00, 0x01, 0x00, 0x00,
    0x22, 0x40, 0x00, 0x00, 0x80, 0x10, 0x00, 0x00, 0x2f, 0x01, 0x01, 0x00,
    0x02, 0x00, 0x00, 0x00, 0x00, 0x40, 0x00, 0x00, 0xf0, 0xa3, 0x02, 0x00,
    0x10, 0x40, 0x00, 0x00, 0x10, 0xf6, 0x01, 0x00, 0x2f, 0x01, 0x03, 0x00,
    0x02, 0x00, 0x00, 0x00, 0x00, 0x40, 0x00, 0x00, 0x50, 0x54, 0x02, 0x00,
    0x02, 0x40, 0x00, 0x00, 0x30, 0x42, 0x02, 0x00, 0x01, 0x01, 0x01, 0x00,
    0x02, 0x01, 0x01, 0x00, 0x10, 0x40, 0x00, 0x00, 0x50, 0xa0, 0x02, 0x00,
    0x21, 0x01, 0x02, 0x00, 0x20, 0x01, 0x02, 0x00, 0x20, 0x40, 0x00, 0x00,
    0xd0, 0x0f, 0x00, 0x00, 0x21, 0x40, 0x00, 0x00, 0xb0, 0x00, 0x00, 0x00,
    0x22, 0x40, 0x00, 0x00, 0x50, 0x0f, 0x00, 0x00, 0x03, 0x00, 0x00, 0x00,
    0x00, 0x40, 0x00, 0x00, 0x50, 0x37, 0x02, 0x00, 0x02, 0x40, 0x00, 0x00,
    0x00, 0x00, 0x00, 0x00, 0x0b, 0x01, 0x02, 0x00, 0x0c, 0x01, 0x02, 0x00,
    0x01, 0x01, 0x02, 0x00, 0x02, 0x01, 0x02, 0x00, 0x10, 0x40, 0x00, 0x00,
    0xd0, 0x91, 0x02, 0x00, 0x20, 0x01, 0x04, 0x00, 0x20, 0x40, 0x00, 0x00,
    0x20, 0x0a, 0x00, 0x00, 0x21, 0x40, 0x00, 0x00, 0xe0, 0x00, 0x00, 0x00,
    0x22, 0x40, 0x00, 0x00, 0xa0, 0x09, 0x00, 0x00, 0x03, 0x00, 0x00, 0x00,
    0x00, 0x40, 0x00, 0x00, 0xb0, 0xbf, 0x01, 0x00, 0x02, 0x40, 0x00, 0x00,
    0xf0, 0xa9, 0x01, 0x00, 0x0b, 0x01, 0x03, 0x00, 0x0c, 0x01, 0x03, 0x00,
    0x01, 0x01, 0x01, 0x00, 0x02, 0x01, 0x01, 0x00, 0x10, 0x40, 0x00, 0x00,
    0x90, 0x8a, 0x02, 0x00, 0x21, 0x01, 0x04, 0x00, 0x20, 0x01, 0x02, 0x00,
    0x20, 0x40, 0x00, 0x00, 0x40, 0x07, 0x00, 0x00, 0x22, 0x40, 0x00, 0x00,
    0xc0, 0x06, 0x00, 0x00, 0x0d, 0x01, 0x12, 0x00, 0x03, 0x00, 0x00, 0x00,
    0x00, 0x40, 0x00, 0x00, 0x50, 0xc3, 0x01, 0x00, 0x0b, 0x01, 0x02, 0x00,
    0x0c, 0x01, 0x02, 0x00, 0x10, 0x40, 0x00, 0x00, 0x30, 0x8e, 0x02, 0x00,
    0x03, 0x00, 0x00, 0x00, 0x00, 0x40, 0x00, 0x00, 0x90, 0x8a, 0x02, 0x00,
    0x02, 0x40, 0x00, 0x00, 0x00, 0x00, 0x00, 0x00, 0x0b, 0x01, 0x00, 0x00,
    0x0c, 0x01, 0x00, 0x00, 0x01, 0x01, 0x00, 0x00, 0x02, 0x01, 0x00, 0x00,
    0x10, 0x40, 0x00, 0x00, 0x70, 0x2c, 0x02, 0x00, 0x21, 0x01, 0x00, 0x00,
    0x20, 0x01, 0x00, 0x00, 0x20, 0x40, 0x00, 0x00, 0xa0, 0x08, 0x00, 0x00,
    0x21, 0x40, 0x00, 0x00, 0x00, 0x01, 0x00, 0x00, 0x22, 0x40, 0x00, 0x00,
    0x20, 0x08, 0x00, 0x00, 0x0d, 0x01, 0x0a, 0x00, 0x2f, 0x01, 0x01, 0x00,
    0x02, 0x00, 0x00, 0x00, 0x00, 0x40, 0x00, 0x00, 0x30, 0x8e, 0x02, 0x00,
    0x10, 0x40, 0x00, 0x00, 0x10, 0x30, 0x02, 0x00, 0x2f, 0x01, 0x03, 0x00,
    0x02, 0x00, 0x00, 0x00, 0x00, 0x40, 0x00, 0x00, 0x90, 0x21, 0x02, 0x00,
    0x0b, 0x01, 0x02, 0x00, 0x0c, 0x01, 0x02, 0x00, 0x01, 0x01, 0x01, 0x00,
    0x02, 0x01, 0x01, 0x00, 0x10, 0x40, 0x00, 0x00, 0x50, 0x83, 0x02, 0x00,
    0x21, 0x01, 0x02, 0x00, 0x20, 0x01, 0x02, 0x00, 0x20, 0x40, 0x00, 0x00,
    0xa0, 0x04, 0x00, 0x00, 0x21, 0x40, 0x00, 0x00, 0xa0, 0x00, 0x00, 0x00,
    0x22, 0x40, 0x00, 0x00, 0x20, 0x04, 0x00, 0x00, 0x03, 0x00, 0x00, 0x00,
    0x00, 0x40, 0x00, 0x00, 0x30, 0x25, 0x02, 0x00, 0x02, 0x40, 0x00, 0x00,
    0xb0, 0x16, 0x02, 0x00, 0x0b, 0x01, 0x01, 0x00, 0x0c, 0x01, 0x01, 0x00,
    0x10, 0x40, 0x00, 0x00, 0xf0, 0x86, 0x02, 0x00, 0x03, 0x00, 0x00, 0x00,
    0x00, 0x40, 0x00, 0x00, 0x50, 0x83, 0x02, 0x00, 0x02, 0x40, 0x00, 0x00,
    0x00, 0x00, 0x00, 0x00, 0x0b, 0x01, 0x00, 0x00, 0x0c, 0x01, 0x00, 0x00,
    0x01, 0x01, 0x00, 0x00, 0x02, 0x01, 0x00, 0x00, 0x10, 0x40, 0x00, 0x00,
    0x30, 0xb1, 0x01, 0x00, 0x21, 0x01, 0x00, 0x00, 0x20, 0x01, 0x00, 0x00,
    0x20, 0x40, 0x00, 0x00, 0xc0, 0x05, 0x00, 0x00, 0x21, 0x40, 0x00, 0x00,
    0x00, 0x01, 0x00, 0x00, 0x22, 0x40, 0x00, 0x00, 0x40, 0x05, 0x00, 0x00,
    0x2f, 0x01, 0x01, 0x00, 0x02, 0x00, 0x00, 0x00, 0x00, 0x40, 0x00, 0x00,
    0xf0, 0x86, 0x02, 0x00, 0x10, 0x40, 0x00, 0x00, 0xd0, 0xb4, 0x01, 0x00,
    0x2f, 0x01, 0x03, 0x00, 0x02, 0x00, 0x00, 0x00, 0x00, 0x40, 0x00, 0x00,
    0xd0, 0x28, 0x02, 0x00, 0x02, 0x40, 0x00, 0x00, 0xb0, 0x16, 0x02, 0x00,
    0x01, 0x01, 0x01, 0x00, 0x02, 0x01, 0x01, 0x00, 0x10, 0x40, 0x00, 0x00,
    0x50, 0x83, 0x02, 0x00, 0x21, 0x01, 0x02, 0x00, 0x20, 0x01, 0x02, 0x00,
    0x20, 0x40, 0x00, 0x00, 0xa0, 0x04, 0x00, 0x00, 0x21, 0x40, 0x00, 0x00,
    0xa0, 0x00, 0x00, 0x00, 0x22, 0x40, 0x00, 0x00, 0x20, 0x04, 0x00, 0x00,
    0x03, 0x00, 0x00, 0x00, 0x00, 0x40, 0x00, 0x00, 0xc0, 0x7b, 0x00, 0x00,
    0x02, 0x40, 0x00, 0x00, 0x00, 0x00, 0x00, 0x00, 0x0b, 0x01, 0x01, 0x00,
    0x0c, 0x01, 0x01, 0x00, 0x0a, 0x01, 0x72, 0x00, 0x04, 0x01, 0x03, 0x00,
    0x05, 0x40, 0x00, 0x00, 0xcc, 0x01, 0x00, 0x00, 0x04, 0x40, 0x00, 0x00,
    0x04, 0x00, 0x00, 0x00, 0x06, 0x40, 0x00, 0x00, 0x01, 0x00, 0x00, 0x00,
    0x09, 0x01, 0x00, 0x00, 0x05, 0x01, 0x01, 0x00, 0x01, 0x01, 0x00, 0x00,
    0x02, 0x01, 0x00, 0x00, 0x10, 0x40, 0x00, 0x00, 0xb0, 0x6d, 0x02, 0x00,
    0x11, 0x01, 0x72, 0x00, 0x1a, 0x01, 0x72, 0x00, 0x13, 0x01, 0x03, 0x00,
    0x15, 0x40, 0x00, 0x00, 0x30, 0x07, 0x00, 0x00, 0x16, 0x40, 0x00, 0x00,
    0x30, 0x07, 0x00, 0x00, 0x18, 0x01, 0x00, 0x00, 0x14, 0x01, 0x41, 0x81,
    0x21, 0x01, 0x01, 0x00, 0x20, 0x01, 0x00, 0x00, 0x22, 0x01, 0x02, 0x00,
    0x15, 0x01, 0x15, 0x00, 0x17, 0x01, 0x07, 0x00, 0x05, 0x00, 0x01, 0x00,
    0x00, 0x40, 0x00, 0x00, 0x58, 0x7f, 0x00, 0x00, 0x10, 0x40, 0x00, 0x00,
    0xe0, 0x74, 0x02, 0x00, 0x05, 0x00, 0x01, 0x00, 0x00, 0x40, 0x00, 0x00,
    0xb0, 0x6d, 0x02, 0x00, 0x0b, 0x01, 0x00, 0x00, 0x0c, 0x01, 0x00, 0x00,
    0x05, 0x40, 0x00, 0x00, 0x30, 0x07, 0x00, 0x00, 0x04, 0x40, 0x00, 0x00,
    0x10, 0x00, 0x00, 0x00, 0x06, 0x40, 0x00, 0x00, 0x30, 0x07, 0x00, 0x00,
    0x05, 0x01, 0x41, 0x00, 0x01, 0x01, 0x01, 0x00, 0x02, 0x01, 0x01, 0x00,
    0x10, 0x40, 0x00, 0x00, 0xb0, 0xa2, 0x01, 0x00, 0x11, 0x01, 0x39, 0x00,
    0x1a, 0x01, 0x39, 0x00, 0x13, 0x01, 0x0b, 0x00, 0x15, 0x40, 0x00, 0x00,
    0xa0, 0x03, 0x00, 0x00, 0x16, 0x40, 0x00, 0x00, 0xa0, 0x03, 0x00, 0x00,
    0x18, 0x01, 0x80, 0xff, 0x14, 0x01, 0x41, 0x00, 0x21, 0x01, 0x00, 0x00,
    0x20, 0x01, 0x02, 0x00, 0x22, 0x01, 0x05, 0x00, 0x20, 0x40, 0x00, 0x00,
    0x80, 0x00, 0x00, 0x00, 0x21, 0x40, 0x00, 0x00, 0xe0, 0x00, 0x00, 0x00,
    0x22, 0x40, 0x00, 0x00, 0x00, 0x00, 0x00, 0x00, 0x15, 0x01, 0x39, 0x00,
    0x17, 0x01, 0x0f, 0x00, 0x2f, 0x01, 0x01, 0x00, 0x02, 0x00, 0x00, 0x00,
    0x00, 0x40, 0x00, 0x00, 0xe0, 0x74, 0x02, 0x00, 0x10, 0x40, 0x00, 0x00,
    0x50, 0xa6, 0x01, 0x00, 0x2f, 0x01, 0x03, 0x00, 0x02, 0x00, 0x00, 0x00,
    0x00, 0x40, 0x00, 0x00, 0xf0, 0x82, 0x00, 0x00, 0x0b, 0x01, 0x01, 0x00,
    0x0c, 0x01, 0x01, 0x00, 0x05, 0x40, 0x00, 0x00, 0xcc, 0x01, 0x00, 0x00,
    0x04, 0x40, 0x00, 0x00, 0x04, 0x00, 0x00, 0x00, 0x06, 0x40, 0x00, 0x00,
    0x01, 0x00, 0x00, 0x00, 0x05, 0x01, 0x01, 0x00, 0x01, 0x01, 0x00, 0x00,
    0x02, 0x01, 0x00, 0x00, 0x10, 0x40, 0x00, 0x00, 0xb0, 0x6d, 0x02, 0x00,
    0x11, 0x01, 0x72, 0x00, 0x1a, 0x01, 0x72, 0x00, 0x13, 0x01, 0x03, 0x00,
    0x15, 0x40, 0x00, 0x00, 0x30, 0x07, 0x00, 0x00, 0x16, 0x40, 0x00, 0x00,
    0x30, 0x07, 0x00, 0x00, 0x18, 0x01, 0x00, 0x00, 0x14, 0x01, 0x41, 0x81,
    0x21, 0x01, 0x01, 0x00, 0x20, 0x01, 0x00, 0x00, 0x22, 0x01, 0x02, 0x00,
    0x15, 0x01, 0x15, 0x00, 0x17, 0x01, 0x07, 0x00, 0x05, 0x00, 0x01, 0x00,
    0x00, 0x40, 0x00, 0x00, 0x88, 0x86, 0x00, 0x00, 0x10, 0x40, 0x00, 0x00,
    0xe0, 0x74, 0x02, 0x00, 0x05, 0x00, 0x01, 0x00, 0x00, 0x40, 0x00, 0x00,
    0xb0, 0x6d, 0x02, 0x00, 0x0b, 0x01, 0x00, 0x00, 0x0c, 0x01, 0x00, 0x00,
    0x05, 0x40, 0x00, 0x00, 0x30, 0x07, 0x00, 0x00, 0x04, 0x40, 0x00, 0x00,
    0x10, 0x00, 0x00, 0x00, 0x06, 0x40, 0x00, 0x00, 0x30, 0x07, 0x00, 0x00,
    0x05, 0x01, 0x41, 0x00, 0x01, 0x01, 0x01, 0x00, 0x02, 0x01, 0x01, 0x00,
    0x10, 0x40, 0x00, 0x00, 0xb0, 0x85, 0x01, 0x00, 0x11, 0x01, 0x39, 0x00,
    0x1a, 0x01, 0x39, 0x00, 0x13, 0x01, 0x0b, 0x00, 0x15, 0x40, 0x00, 0x00,
    0xa0, 0x03, 0x00, 0x00, 0x16, 0x40, 0x00, 0x00, 0xa0, 0x03, 0x00, 0x00,
    0x18, 0x01, 0x80, 0xff, 0x14, 0x01, 0x41, 0x00, 0x21, 0x01, 0x00, 0x00,
    0x20, 0x01, 0x02, 0x00, 0x22, 0x01, 0x05, 0x00, 0x15, 0x01, 0x39, 0x00,
    0x17, 0x01, 0x0f, 0x00, 0x2f, 0x01, 0x01, 0x00, 0x02, 0x00, 0x00, 0x00,
    0x00, 0x40, 0x00, 0x00, 0xe0, 0x74, 0x02, 0x00, 0x10, 0x40, 0x00, 0x00,
    0x50, 0x89, 0x01, 0x00, 0x2f, 0x01, 0x03, 0x00, 0x02, 0x00, 0x00, 0x00,
    0x00, 0x40, 0x00, 0x00, 0x20, 0x8a, 0x00, 0x00, 0x0b, 0x01, 0x01, 0x00,
    0x0c, 0x01, 0x01, 0x00, 0x05, 0x40, 0x00, 0x00, 0xcc, 0x01, 0x00, 0x00,
    0x04, 0x40, 0x00, 0x00, 0x04, 0x00, 0x00, 0x00, 0x06, 0x40, 0x00, 0x00,
    0x01, 0x00, 0x00, 0x00, 0x05, 0x01, 0x01, 0x00, 0x01, 0x01, 0x00, 0x00,
    0x02, 0x01, 0x00, 0x00, 0x10, 0x40, 0x00, 0x00, 0xb0, 0x6d, 0x02, 0x00,
    0x11, 0x01, 0x72, 0x00, 0x1a, 0x01, 0x72, 0x00, 0x13, 0x01, 0x03, 0x00,
    0x15, 0x40, 0x00, 0x00, 0x30, 0x07, 0x00, 0x00, 0x16, 0x40, 0x00, 0x00,
    0x30, 0x07, 0x00, 0x00, 0x18, 0x01, 0x00, 0x00, 0x14, 0x01, 0x41, 0x81,
    0x21, 0x01, 0x01, 0x00, 0x20, 0x01, 0x00, 0x00, 0x22, 0x01, 0x02, 0x00,
    0x15, 0x01, 0x15, 0x00, 0x17, 0x01, 0x07, 0x00, 0x05, 0x00, 0x01, 0x00,
    0x00, 0x40, 0x00, 0x00, 0xb8, 0x8d, 0x00, 0x00, 0x10, 0x40, 0x00, 0x00,
    0xe0, 0x74, 0x02, 0x00, 0x05, 0x00, 0x01, 0x00, 0x00, 0x40, 0x00, 0x00,
    0xb0, 0x6d, 0x02, 0x00, 0x0b, 0x01, 0x00, 0x00, 0x0c, 0x01, 0x00, 0x00,
    0x05, 0x40, 0x00, 0x00, 0x30, 0x07, 0x00, 0x00, 0x04, 0x40, 0x00, 0x00,
    0x10, 0x00, 0x00, 0x00, 0x06, 0x40, 0x00, 0x00, 0x30, 0x07, 0x00, 0x00,
    0x05, 0x01, 0x41, 0x00, 0x01, 0x01, 0x01, 0x00, 0x02, 0x01, 0x01, 0x00,
    0x10, 0x40, 0x00, 0x00, 0xf0, 0x8c, 0x01, 0x00, 0x11, 0x01, 0x39, 0x00,
    0x1a, 0x01, 0x39, 0x00, 0x13, 0x01, 0x0b, 0x00, 0x15, 0x40, 0x00, 0x00,
    0xa0, 0x03, 0x00, 0x00, 0x16, 0x40, 0x00, 0x00, 0xa0, 0x03, 0x00, 0x00,
    0x18, 0x01, 0x80, 0xff, 0x14, 0x01, 0x41, 0x00, 0x21, 0x01, 0x00, 0x00,
    0x20, 0x01, 0x02, 0x00, 0x22, 0x01, 0x05, 0x00, 0x15, 0x01, 0x39, 0x00,
    0x17, 0x01, 0x0f, 0x00, 0x2f, 0x01, 0x01, 0x00, 0x02, 0x00, 0x00, 0x00,
    0x00, 0x40, 0x00, 0x00, 0xe0, 0x74, 0x02, 0x00, 0x10, 0x40, 0x00, 0x00,
    0x90, 0x90, 0x01, 0x00, 0x2f, 0x01, 0x03, 0x00, 0x02, 0x00, 0x00, 0x00,
    0x00, 0x40, 0x00, 0x00, 0x30, 0x94, 0x01, 0x00, 0x0b, 0x01, 0x04, 0x00,
    0x0c, 0x01, 0x04, 0x00, 0x0a, 0x01, 0x39, 0x00, 0x04, 0x01, 0x0b, 0x00,
    0x05, 0x40, 0x00, 0x00, 0xa0, 0x03, 0x00, 0x00, 0x06, 0x40, 0x00, 0x00,
    0xa0, 0x03, 0x00, 0x00, 0x09, 0x01, 0x80, 0xff, 0x10, 0x40, 0x00, 0x00,
    0x10, 0x7c, 0x02, 0x00, 0x21, 0x01, 0x04, 0x00, 0x22, 0x01, 0x00, 0x00,
    0x20, 0x40, 0x00, 0x00, 0xe0, 0x01, 0x00, 0x00, 0x22, 0x40, 0x00, 0x00,
    0x60, 0x01, 0x00, 0x00, 0x0d, 0x01, 0x12, 0x00, 0x2f, 0x01, 0x01, 0x00,
    0x03, 0x00, 0x00, 0x00, 0x00, 0x40, 0x00, 0x00, 0xd0, 0x97, 0x01, 0x00,
    0x10, 0x40, 0x00, 0x00, 0xb0, 0x7f, 0x02, 0x00, 0x2f, 0x01, 0x03, 0x00,
    0x03, 0x00, 0x00, 0x00, 0x00, 0x40, 0x00, 0x00, 0x10, 0x7c, 0x02, 0x00,
    0x0b, 0x01, 0x00, 0x00, 0x0c, 0x01, 0x00, 0x00, 0x01, 0x01, 0x00, 0x00,
    0x02, 0x01, 0x00, 0x00, 0x10, 0x40, 0x00, 0x00, 0xf0, 0x1d, 0x02, 0x00,
    0x21, 0x01, 0x00, 0x00, 0x20, 0x01, 0x00, 0x00, 0x20, 0x40, 0x00, 0x00,
    0x40, 0x03, 0x00, 0x00, 0x22, 0x40, 0x00, 0x00, 0xc0, 0x02, 0x00, 0x00,
    0x0d, 0x01, 0x0a, 0x00, 0x2f, 0x01, 0x01, 0x00, 0x02, 0x00, 0x00, 0x00,
    0x00, 0x40, 0x00, 0x00, 0xb0, 0x7f, 0x02, 0x00, 0x10, 0x40, 0x00, 0x00,
    0x90, 0x21, 0x02, 0x00, 0x2f, 0x01, 0x03, 0x00, 0x02, 0x00, 0x00, 0x00,
    0x00, 0x40, 0x00, 0x00, 0x70, 0x9b, 0x01, 0x00, 0x02, 0x40, 0x00, 0x00,
    0xb0, 0x85, 0x01, 0x00, 0x0b, 0x01, 0x03, 0x00, 0x0c, 0x01, 0x03, 0x00,
    0x01, 0x01, 0x01, 0x00, 0x02, 0x01, 0x01, 0x00, 0x10, 0x40, 0x00, 0x00,
    0x10, 0x7c, 0x02, 0x00, 0x21, 0x01, 0x04, 0x00, 0x20, 0x01, 0x02, 0x00,
    0x20, 0x40, 0x00, 0x00, 0xe0, 0x01, 0x00, 0x00, 0x22, 0x40, 0x00, 0x00,
    0x60, 0x01, 0x00, 0x00, 0x0d, 0x01, 0x12, 0x00, 0x03, 0x00, 0x00, 0x00,
    0x00, 0x40, 0x00, 0x00, 0x10, 0x9f, 0x01, 0x00, 0x0b, 0x01, 0x02, 0x00,
    0x0c, 0x01, 0x02, 0x00, 0x10, 0x40, 0x00, 0x00, 0xb0, 0x7f, 0x02, 0x00,
    0x03, 0x00, 0x00, 0x00, 0x00, 0x40, 0x00, 0x00, 0x10, 0x7c, 0x02, 0x00,
    0x02, 0x40, 0x00, 0x00, 0x00, 0x00, 0x00, 0x00, 0x0b, 0x01, 0x00, 0x00,
    0x0c, 0x01, 0x00, 0x00, 0x01, 0x01, 0x00, 0x00, 0x02, 0x01, 0x00, 0x00,
    0x10, 0x40, 0x00, 0x00, 0x30, 0x25, 0x02, 0x00, 0x21, 0x01, 0x00, 0x00,
    0x20, 0x01, 0x00, 0x00, 0x20, 0x40, 0x00, 0x00, 0x40, 0x03, 0x00, 0x00,
    0x22, 0x40, 0x00, 0x00, 0xc0, 0x02, 0x00, 0x00, 0x0d, 0x01, 0x0a, 0x00,
    0x2f, 0x01, 0x01, 0x00, 0x02, 0x00, 0x00, 0x00, 0x00, 0x40, 0x00, 0x00,
    0xb0, 0x7f, 0x02, 0x00, 0x10, 0x40, 0x00, 0x00, 0xd0, 0x28, 0x02, 0x00,
    0x2f, 0x01, 0x03, 0x00, 0x02, 0x00, 0x00, 0x00, 0x00, 0x40, 0x00, 0x00,
    0xb0, 0x16, 0x02, 0x00, 0x0b, 0x01, 0x02, 0x00, 0x0c, 0x01, 0x02, 0x00,
    0x01, 0x01, 0x01, 0x00, 0x02, 0x01, 0x01, 0x00, 0x10, 0x40, 0x00, 0x00,
    0xf0, 0x86, 0x02, 0x00, 0x21, 0x01, 0x02, 0x00, 0x20, 0x01, 0x02, 0x00,
    0x20, 0x40, 0x00, 0x00, 0xa0, 0x04, 0x00, 0x00, 0x21, 0x40, 0x00, 0x00,
    0xa0, 0x00, 0x00, 0x00, 0x22, 0x40, 0x00, 0x00, 0x20, 0x04, 0x00, 0x00,
    0x2f, 0x01, 0x01, 0x00, 0x03, 0x00, 0x00, 0x00, 0x00, 0x40, 0x00, 0x00,
    0x50, 0x83, 0x02, 0x00, 0x0b, 0x01, 0x00, 0x00, 0x0c, 0x01, 0x00, 0x00,
    0x01, 0x01, 0x00, 0x00, 0x02, 0x01, 0x00, 0x00, 0x10, 0x40, 0x00, 0x00,
    0x70, 0xb8, 0x01, 0x00, 0x21, 0x01, 0x00, 0x00, 0x20, 0x01, 0x00, 0x00,
    0x20, 0x40, 0x00, 0x00, 0xc0, 0x05, 0x00, 0x00, 0x21, 0x40, 0x00, 0x00,
    0x00, 0x01, 0x00, 0x00, 0x22, 0x40, 0x00, 0x00, 0x40, 0x05, 0x00, 0x00,
    0x02, 0x00, 0x00, 0x00, 0x00, 0x40, 0x00, 0x00, 0xf0, 0x86, 0x02, 0x00,
    0x10, 0x40, 0x00, 0x00, 0x10, 0xbc, 0x01, 0x00, 0x2f, 0x01, 0x03, 0x00,
    0x02, 0x00, 0x00, 0x00, 0x00, 0x40, 0x00, 0x00, 0x50, 0x1a, 0x02, 0x00,
    0x0b, 0x01, 0x02, 0x00, 0x0c, 0x01, 0x02, 0x00, 0x01, 0x01, 0x01, 0x00,
    0x02, 0x01, 0x01, 0x00, 0x10, 0x40, 0x00, 0x00, 0x50, 0x83, 0x02, 0x00,
    0x21, 0x01, 0x02, 0x00, 0x20, 0x01, 0x02, 0x00, 0x20, 0x40, 0x00, 0x00,
    0xa0, 0x04, 0x00, 0x00, 0x21, 0x40, 0x00, 0x00, 0xa0, 0x00, 0x00, 0x00,
    0x22, 0x40, 0x00, 0x00, 0x20, 0x04, 0x00, 0x00, 0x03, 0x00, 0x00, 0x00,
    0x00, 0x40, 0x00, 0x00, 0xf0, 0x1d, 0x02, 0x00, 0x10, 0x40, 0x00, 0x00,
    0xf0, 0x86, 0x02, 0x00, 0x03, 0x00, 0x00, 0x00, 0x00, 0x40, 0x00, 0x00,
    0x50, 0x83, 0x02, 0x00, 0x0b, 0x01, 0x00, 0x00, 0x0c, 0x01, 0x00, 0x00,
    0x01, 0x01, 0x00, 0x00, 0x02, 0x01, 0x00, 0x00, 0x10, 0x40, 0x00, 0x00,
    0xb0, 0xbf, 0x01, 0x00, 0x21, 0x01, 0x00, 0x00, 0x20, 0x01, 0x00, 0x00,
    0x20, 0x40, 0x00, 0x00, 0xc0, 0x05, 0x00, 0x00, 0x21, 0x40, 0x00, 0x00,
    0x00, 0x01, 0x00, 0x00, 0x22, 0x40, 0x00, 0x00, 0x40, 0x05, 0x00, 0x00,
    0x2f, 0x01, 0x01, 0x00, 0x02, 0x00, 0x00, 0x00, 0x00, 0x40, 0x00, 0x00,
    0xf0, 0x86, 0x02, 0x00, 0x10, 0x40, 0x00, 0x00, 0x50, 0xc3, 0x01, 0x00,
    0x2f, 0x01, 0x03, 0x00, 0x02, 0x00, 0x00, 0x00, 0x00, 0x40, 0x00, 0x00,
    0xf0, 0xc6, 0x01, 0x00, 0x02, 0x40, 0x00, 0x00, 0xf0, 0xa9, 0x01, 0x00,
    0x0b, 0x01, 0x01, 0x00, 0x0c, 0x01, 0x01, 0x00, 0x01, 0x01, 0x01, 0x00,
    0x02, 0x01, 0x01, 0x00, 0x10, 0x40, 0x00, 0x00, 0x90, 0x8a, 0x02, 0x00,
    0x21, 0x01, 0x04, 0x00, 0x20, 0x01, 0x02, 0x00, 0x20, 0x40, 0x00, 0x00,
    0x40, 0x07, 0x00, 0x00, 0x21, 0x40, 0x00, 0x00, 0xe0, 0x00, 0x00, 0x00,
    0x22, 0x40, 0x00, 0x00, 0xc0, 0x06, 0x00, 0x00, 0x0d, 0x01, 0x12, 0x00,
    0x2f, 0x01, 0x01, 0x00, 0x03, 0x00, 0x00, 0x00, 0x00, 0x40, 0x00, 0x00,
    0x90, 0xca, 0x01, 0x00, 0x0b, 0x01, 0x00, 0x00, 0x0c, 0x01, 0x00, 0x00,
    0x10, 0x40, 0x00, 0x00, 0x30, 0x8e, 0x02, 0x00, 0x2f, 0x01, 0x03, 0x00,
    0x03, 0x00, 0x00, 0x00, 0x00, 0x40, 0x00, 0x00, 0x90, 0x8a, 0x02, 0x00,
    0x02, 0x40, 0x00, 0x00, 0x00, 0x00, 0x00, 0x00, 0x01, 0x01, 0x00, 0x00,
    0x02, 0x01, 0x00, 0x00, 0x10, 0x40, 0x00, 0x00, 0xb0, 0x33, 0x02, 0x00,
    0x21, 0x01, 0x00, 0x00, 0x20, 0x01, 0x00, 0x00, 0x20, 0x40, 0x00, 0x00,
    0xa0, 0x08, 0x00, 0x00, 0x21, 0x40, 0x00, 0x00, 0x00, 0x01, 0x00, 0x00,
    0x22, 0x40, 0x00, 0x00, 0x20, 0x08, 0x00, 0x00, 0x0d, 0x01, 0x0a, 0x00,
    0x2f, 0x01, 0x01, 0x00, 0x02, 0x00, 0x00, 0x00, 0x00, 0x40, 0x00, 0x00,
    0x30, 0x8e, 0x02, 0x00, 0x10, 0x40, 0x00, 0x00, 0x50, 0x37, 0x02, 0x00,
    0x2f, 0x01, 0x03, 0x00, 0x02, 0x00, 0x00, 0x00, 0x00, 0x40, 0x00, 0x00,
    0xf0, 0x3a, 0x02, 0x00, 0x02, 0x40, 0x00, 0x00, 0x70, 0x2c, 0x02, 0x00,
    0x0b, 0x01, 0x01, 0x00, 0x0c, 0x01, 0x01, 0x00, 0x01, 0x01, 0x02, 0x00,
    0x02, 0x01, 0x02, 0x00, 0x10, 0x40, 0x00, 0x00, 0x70, 0x95, 0x02, 0x00,
    0x21, 0x01, 0x02, 0x00, 0x20, 0x01, 0x04, 0x00, 0x20, 0x40, 0x00, 0x00,
    0x20, 0x0a, 0x00, 0x00, 0x21, 0x40, 0x00, 0x00, 0xe0, 0x00, 0x00, 0x00,
    0x22, 0x40, 0x00, 0x00, 0xa0, 0x09, 0x00, 0x00, 0x2f, 0x01, 0x01, 0x00,
    0x03, 0x00, 0x00, 0x00, 0x00, 0x40, 0x00, 0x00, 0xd0, 0x91, 0x02, 0x00,
    0x02, 0x40, 0x00, 0x00, 0x00, 0x00, 0x00, 0x00, 0x0b, 0x01, 0x00, 0x00,
    0x0c, 0x01, 0x00, 0x00, 0x01, 0x01, 0x00, 0x00, 0x02, 0x01, 0x00, 0x00,
    0x10, 0x40, 0x00, 0x00, 0xf0, 0xe3, 0x01, 0x00, 0x21, 0x01, 0x00, 0x00,
    0x20, 0x01, 0x00, 0x00, 0x20, 0x40, 0x00, 0x00, 0x80, 0x0b, 0x00, 0x00,
    0x21, 0x40, 0x00, 0x00, 0xf0, 0x00, 0x00, 0x00, 0x22, 0x40, 0x00, 0x00,
    0x00, 0x0b, 0x00, 0x00, 0x02, 0x00, 0x00, 0x00, 0x00, 0x40, 0x00, 0x00,
    0x70, 0x95, 0x02, 0x00, 0x10, 0x40, 0x00, 0x00, 0x90, 0xe7, 0x01, 0x00,
    0x2f, 0x01, 0x03, 0x00, 0x02, 0x00, 0x00, 0x00, 0x00, 0x40, 0x00, 0x00,
    0x90, 0x3e, 0x02, 0x00, 0x02, 0x40, 0x00, 0x00, 0x70, 0x2c, 0x02, 0x00,
    0x01, 0x01, 0x02, 0x00, 0x02, 0x01, 0x02, 0x00, 0x10, 0x40, 0x00, 0x00,
    0xd0, 0x91, 0x02, 0x00, 0x21, 0x01, 0x02, 0x00, 0x20, 0x01, 0x04, 0x00,
    0x20, 0x40, 0x00, 0x00, 0x20, 0x0a, 0x00, 0x00, 0x21, 0x40, 0x00, 0x00,
    0xe0, 0x00, 0x00, 0x00, 0x22, 0x40, 0x00, 0x00, 0xa0, 0x09, 0x00, 0x00,
    0x03, 0x00, 0x00, 0x00, 0x00, 0x40, 0x00, 0x00, 0x70, 0x2c, 0x02, 0x00,
    0x02, 0x40, 0x00, 0x00, 0x00, 0x00, 0x00, 0x00, 0x0b, 0x01, 0x02, 0x00,
    0x0c, 0x01, 0x02, 0x00, 0x10, 0x40, 0x00, 0x00, 0x70, 0x95, 0x02, 0x00,
    0x03, 0x00, 0x00, 0x00, 0x00, 0x40, 0x00, 0x00, 0xd0, 0x91, 0x02, 0x00,
    0x0b, 0x01, 0x00, 0x00, 0x0c, 0x01, 0x00, 0x00, 0x01, 0x01, 0x00, 0x00,
    0x02, 0x01, 0x00, 0x00, 0x10, 0x40, 0x00, 0x00, 0x30, 0xeb, 0x01, 0x00,
    0x21, 0x01, 0x00, 0x00, 0x20, 0x01, 0x00, 0x00, 0x20, 0x40, 0x00, 0x00,
    0x80, 0x0b, 0x00, 0x00, 0x21, 0x40, 0x00, 0x00, 0xf0, 0x00, 0x00, 0x00,
    0x22, 0x40, 0x00, 0x00, 0x00, 0x0b, 0x00, 0x00, 0x2f, 0x01, 0x01, 0x00,
    0x02, 0x00, 0x00, 0x00, 0x00, 0x40, 0x00, 0x00, 0x70, 0x95, 0x02, 0x00,
    0x10, 0x40, 0x00, 0x00, 0xd0, 0xee, 0x01, 0x00, 0x2f, 0x01, 0x03, 0x00,
    0x02, 0x00, 0x00, 0x00, 0x00, 0x40, 0x00, 0x00, 0x10, 0x30, 0x02, 0x00,
    0x0b, 0x01, 0x02, 0x00, 0x0c, 0x01, 0x02, 0x00, 0x01, 0x01, 0x02, 0x00,
    0x02, 0x01, 0x02, 0x00, 0x10, 0x40, 0x00, 0x00, 0xd0, 0x91, 0x02, 0x00,
    0x21, 0x01, 0x02, 0x00, 0x20, 0x01, 0x04, 0x00, 0x20, 0x40, 0x00, 0x00,
    0x20, 0x0a, 0x00, 0x00, 0x21, 0x40, 0x00, 0x00, 0xe0, 0x00, 0x00, 0x00,
    0x22, 0x40, 0x00, 0x00, 0xa0, 0x09, 0x00, 0x00, 0x03, 0x00, 0x00, 0x00,
    0x00, 0x40, 0x00, 0x00, 0xf0, 0xa9, 0x01, 0x00, 0x0b, 0x01, 0x04, 0x00,
    0x0c, 0x01, 0x04, 0x00, 0x01, 0x01, 0x01, 0x00, 0x02, 0x01, 0x01, 0x00,
    0x10, 0x40, 0x00, 0x00, 0x90, 0x8a, 0x02, 0x00, 0x21, 0x01, 0x04, 0x00,
    0x20, 0x01, 0x02, 0x00, 0x20, 0x40, 0x00, 0x00, 0x40, 0x07, 0x00, 0x00,
    0x22, 0x40, 0x00, 0x00, 0xc0, 0x06, 0x00, 0x00, 0x0d, 0x01, 0x12, 0x00,
    0x03, 0x00, 0x00, 0x00, 0x00, 0x40, 0x00, 0x00, 0x90, 0xad, 0x01, 0x00,
    0x10, 0x40, 0x00, 0x00, 0x30, 0x8e, 0x02, 0x00, 0x03, 0x00, 0x00, 0x00,
    0x00, 0x40, 0x00, 0x00, 0x90, 0x8a, 0x02, 0x00, 0x0b, 0x01, 0x00, 0x00,
    0x0c, 0x01, 0x00, 0x00, 0x01, 0x01, 0x00, 0x00, 0x02, 0x01, 0x00, 0x00,
    0x10, 0x40, 0x00, 0x00, 0xf0, 0x3a, 0x02, 0x00, 0x21, 0x01, 0x00, 0x00,
    0x20, 0x01, 0x00, 0x00, 0x20, 0x40, 0x00, 0x00, 0xa0, 0x08, 0x00, 0x00,
    0x21, 0x40, 0x00, 0x00, 0x00, 0x01, 0x00, 0x00, 0x22, 0x40, 0x00, 0x00,
    0x20, 0x08, 0x00, 0x00, 0x0d, 0x01, 0x0a, 0x00, 0x2f, 0x01, 0x01, 0x00,
    0x02, 0x00, 0x00, 0x00, 0x00, 0x40, 0x00, 0x00, 0x30, 0x8e, 0x02, 0x00,
    0x10, 0x40, 0x00, 0x00, 0x90, 0x3e, 0x02, 0x00, 0x2f, 0x01, 0x03, 0x00,
    0x02, 0x00, 0x00, 0x00, 0x00, 0x40, 0x00, 0x00, 0x30, 0xb1, 0x01, 0x00,
    0x0b, 0x01, 0x04, 0x00, 0x0c, 0x01, 0x04, 0x00, 0x01, 0x01, 0x01, 0x00,
    0x02, 0x01, 0x01, 0x00, 0x10, 0x40, 0x00, 0x00, 0x90, 0x8a, 0x02, 0x00,
    0x21, 0x01, 0x04, 0x00, 0x20, 0x01, 0x02, 0x00, 0x20, 0x40, 0x00, 0x00,
    0x40, 0x07, 0x00, 0x00, 0x21, 0x40, 0x00, 0x00, 0xe0, 0x00, 0x00, 0x00,
    0x22, 0x40, 0x00, 0x00, 0xc0, 0x06, 0x00, 0x00, 0x0d, 0x01, 0x12, 0x00,
    0x03, 0x00, 0x00, 0x00, 0x00, 0x40, 0x00, 0x00, 0xd0, 0xb4, 0x01, 0x00,
    0x10, 0x40, 0x00, 0x00, 0x30, 0x8e, 0x02, 0x00, 0x03, 0x00, 0x00, 0x00,
    0x00, 0x40, 0x00, 0x00, 0x90, 0x8a, 0x02, 0x00, 0x0b, 0x01, 0x00, 0x00,
    0x0c, 0x01, 0x00, 0x00, 0x01, 0x01, 0x00, 0x00, 0x02, 0x01, 0x00, 0x00,
    0x10, 0x40, 0x00, 0x00, 0x70, 0x2c, 0x02, 0x00, 0x21, 0x01, 0x00, 0x00,
    0x20, 0x01, 0x00, 0x00, 0x20, 0x40, 0x00, 0x00, 0xa0, 0x08, 0x00, 0x00,
    0x21, 0x40, 0x00, 0x00, 0x00, 0x01, 0x00, 0x00, 0x22, 0x40, 0x00, 0x00,
    0x20, 0x08, 0x00, 0x00, 0x0d, 0x01, 0x0a, 0x00, 0x2f, 0x01, 0x01, 0x00,
    0x02, 0x00, 0x00, 0x00, 0x00, 0x40, 0x00, 0x00, 0x30, 0x8e, 0x02, 0x00,
    0x10, 0x40, 0x00, 0x00, 0x10, 0x30, 0x02, 0x00, 0x2f, 0x01, 0x03, 0x00,
    0x02, 0x00, 0x00, 0x00, 0x00, 0x40, 0x00, 0x00, 0xb0, 0x33, 0x02, 0x00,
    0x0b, 0x01, 0x02, 0x00, 0x0c, 0x01, 0x02, 0x00, 0x01, 0x01, 0x02, 0x00,
    0x02, 0x01, 0x02, 0x00, 0x10, 0x40, 0x00, 0x00, 0x70, 0x95, 0x02, 0x00,
    0x21, 0x01, 0x02, 0x00, 0x20, 0x01, 0x04, 0x00, 0x20, 0x40, 0x00, 0x00,
    0x20, 0x0a, 0x00, 0x00, 0x21, 0x40, 0x00, 0x00, 0xe0, 0x00, 0x00, 0x00,
    0x22, 0x40, 0x00, 0x00, 0xa0, 0x09, 0x00, 0x00, 0x2f, 0x01, 0x01, 0x00,
    0x03, 0x00, 0x00, 0x00, 0x00, 0x40, 0x00, 0x00, 0xd0, 0x91, 0x02, 0x00,
    0x0b, 0x01, 0x00, 0x00, 0x0c, 0x01, 0x00, 0x00, 0x01, 0x01, 0x00, 0x00,
    0x02, 0x01, 0x00, 0x00, 0x10, 0x40, 0x00, 0x00, 0x30, 0xce, 0x01, 0x00,
    0x21, 0x01, 0x00, 0x00, 0x20, 0x01, 0x00, 0x00, 0x20, 0x40, 0x00, 0x00,
    0x80, 0x0b, 0x00, 0x00, 0x21, 0x40, 0x00, 0x00, 0xf0, 0x00, 0x00, 0x00,
    0x22, 0x40, 0x00, 0x00, 0x00, 0x0b, 0x00, 0x00, 0x02, 0x00, 0x00, 0x00,
    0x00, 0x40, 0x00, 0x00, 0x70, 0x95, 0x02, 0x00, 0x10, 0x40, 0x00, 0x00,
    0xd0, 0xd1, 0x01, 0x00, 0x2f, 0x01, 0x03, 0x00, 0x02, 0x00, 0x00, 0x00,
    0x00, 0x40, 0x00, 0x00, 0x70, 0xd5, 0x01, 0x00, 0x0b, 0x01, 0x04, 0x00,
    0x0c, 0x01, 0x04, 0x00, 0x01, 0x01, 0x01, 0x00, 0x02, 0x01, 0x01, 0x00,
    0x10, 0x40, 0x00, 0x00, 0x10, 0x99, 0x02, 0x00, 0x21, 0x01, 0x04, 0x00,
    0x20, 0x01, 0x02, 0x00, 0x20, 0x40, 0x00, 0x00, 0xf0, 0x0c, 0x00, 0x00,
    0x21, 0x40, 0x00, 0x00, 0xe0, 0x00, 0x00, 0x00, 0x22, 0x40, 0x00, 0x00,
    0x70, 0x0c, 0x00, 0x00, 0x0d, 0x01, 0x12, 0x00, 0x2f, 0x01, 0x01, 0x00,
    0x03, 0x00, 0x00, 0x00, 0x00, 0x40, 0x00, 0x00, 0x10, 0xd9, 0x01, 0x00,
    0x10, 0x40, 0x00, 0x00, 0xb0, 0x9c, 0x02, 0x00, 0x2f, 0x01, 0x03, 0x00,
    0x03, 0x00, 0x00, 0x00, 0x00, 0x40, 0x00, 0x00, 0x10, 0x99, 0x02, 0x00,
    0x0b, 0x01, 0x00, 0x00, 0x0c, 0x01, 0x00, 0x00, 0x01, 0x01, 0x00, 0x00,
    0x02, 0x01, 0x00, 0x00, 0x10, 0x40, 0x00, 0x00, 0x70, 0x49, 0x02, 0x00,
    0x21, 0x01, 0x00, 0x00, 0x20, 0x01, 0x00, 0x00, 0x20, 0x40, 0x00, 0x00,
    0x50, 0x0e, 0x00, 0x00, 0x21, 0x40, 0x00, 0x00, 0x00, 0x01, 0x00, 0x00,
    0x22, 0x40, 0x00, 0x00, 0xd0, 0x0d, 0x00, 0x00, 0x0d, 0x01, 0x0a, 0x00,
    0x2f, 0x01, 0x01, 0x00, 0x02, 0x00, 0x00, 0x00, 0x00, 0x40, 0x00, 0x00,
    0xb0, 0x9c, 0x02, 0x00, 0x10, 0x40, 0x00, 0x00, 0x10, 0x4d, 0x02, 0x00,
    0x2f, 0x01, 0x03, 0x00, 0x02, 0x00, 0x00, 0x00, 0x00, 0x40, 0x00, 0x00,
    0xb0, 0xdc, 0x01, 0x00, 0x0b, 0x01, 0x04, 0x00, 0x0c, 0x01, 0x04, 0x00,
    0x01, 0x01, 0x01, 0x00, 0x02, 0x01, 0x01, 0x00, 0x10, 0x40, 0x00, 0x00,
    0x10, 0x99, 0x02, 0x00, 0x21, 0x01, 0x04, 0x00, 0x20, 0x01, 0x02, 0x00,
    0x20, 0x40, 0x00, 0x00, 0xf0, 0x0c, 0x00, 0x00, 0x21, 0x40, 0x00, 0x00,
    0xe0, 0x00, 0x00, 0x00, 0x22, 0x40, 0x00, 0x00, 0x70, 0x0c, 0x00, 0x00,
    0x0d, 0x01, 0x12, 0x00, 0x03, 0x00, 0x00, 0x00, 0x00, 0x40, 0x00, 0x00,
    0x50, 0xe0, 0x01, 0x00, 0x10, 0x40, 0x00, 0x00, 0xb0, 0x9c, 0x02, 0x00,
    0x03, 0x00, 0x00, 0x00, 0x00, 0x40, 0x00, 0x00, 0x10, 0x99, 0x02, 0x00,
    0x0b, 0x01, 0x00, 0x00, 0x0c, 0x01, 0x00, 0x00, 0x01, 0x01, 0x00, 0x00,
    0x02, 0x01, 0x00, 0x00, 0x10, 0x40, 0x00, 0x00, 0xb0, 0x50, 0x02, 0x00,
    0x21, 0x01, 0x00, 0x00, 0x20, 0x01, 0x00, 0x00, 0x20, 0x40, 0x00, 0x00,
    0x50, 0x0e, 0x00, 0x00, 0x21, 0x40, 0x00, 0x00, 0x00, 0x01, 0x00, 0x00,
    0x22, 0x40, 0x00, 0x00, 0xd0, 0x0d, 0x00, 0x00, 0x0d, 0x01, 0x0a, 0x00,
    0x2f, 0x01, 0x01, 0x00, 0x02, 0x00, 0x00, 0x00, 0x00, 0x40, 0x00, 0x00,
    0xb0, 0x9c, 0x02, 0x00, 0x10, 0x40, 0x00, 0x00, 0x50, 0x54, 0x02, 0x00,
    0x2f, 0x01, 0x03, 0x00, 0x02, 0x00, 0x00, 0x00, 0x00, 0x40, 0x00, 0x00,
    0x30, 0x42, 0x02, 0x00, 0x0b, 0x01, 0x02, 0x00, 0x0c, 0x01, 0x02, 0x00,
    0x01, 0x01, 0x01, 0x00, 0x02, 0x01, 0x01, 0x00, 0x10, 0x40, 0x00, 0x00,
    0xf0, 0xa3, 0x02, 0x00, 0x21, 0x01, 0x02, 0x00, 0x20, 0x01, 0x02, 0x00,
    0x20, 0x40, 0x00, 0x00, 0xd0, 0x0f, 0x00, 0x00, 0x21, 0x40, 0x00, 0x00,
    0xb0, 0x00, 0x00, 0x00, 0x22, 0x40, 0x00, 0x00, 0x50, 0x0f, 0x00, 0x00,
    0x2f, 0x01, 0x01, 0x00, 0x03, 0x00, 0x00, 0x00, 0x00, 0x40, 0x00, 0x00,
    0x50, 0xa0, 0x02, 0x00, 0x0b, 0x01, 0x00, 0x00, 0x0c, 0x01, 0x00, 0x00,
    0x01, 0x01, 0x00, 0x00, 0x02, 0x01, 0x00, 0x00, 0x10, 0x40, 0x00, 0x00,
    0xb0, 0xf9, 0x01, 0x00, 0x21, 0x01, 0x00, 0x00, 0x20, 0x01, 0x00, 0x00,
    0x20, 0x40, 0x00, 0x00, 0x00, 0x11, 0x00, 0x00, 0x21, 0x40, 0x00, 0x00,
    0x00, 0x01, 0x00, 0x00, 0x22, 0x40, 0x00, 0x00, 0x80, 0x10, 0x00, 0x00,
    0x02, 0x00, 0x00, 0x00, 0x00, 0x40, 0x00, 0x00, 0xf0, 0xa3, 0x02, 0x00,
    0x10, 0x40, 0x00, 0x00, 0x50, 0xfd, 0x01, 0x00, 0x2f, 0x01, 0x03, 0x00,
    0x02, 0x00, 0x00, 0x00, 0x00, 0x40, 0x00, 0x00, 0xd0, 0x45, 0x02, 0x00,
    0x0b, 0x01, 0x02, 0x00, 0x0c, 0x01, 0x02, 0x00, 0x01, 0x01, 0x01, 0x00,
    0x02, 0x01, 0x01, 0x00, 0x10, 0x40, 0x00, 0x00, 0x50, 0xa0, 0x02, 0x00,
    0x21, 0x01, 0x02, 0x00, 0x20, 0x01, 0x02, 0x00, 0x20, 0x40, 0x00, 0x00,
    0xd0, 0x0f, 0x00, 0x00, 0x21, 0x40, 0x00, 0x00, 0xb0, 0x00, 0x00, 0x00,
    0x22, 0x40, 0x00, 0x00, 0x50, 0x0f, 0x00, 0x00, 0x03, 0x00, 0x00, 0x00,
    0x00, 0x40, 0x00, 0x00, 0x70, 0x49, 0x02, 0x00, 0x10, 0x40, 0x00, 0x00,
    0xf0, 0xa3, 0x02, 0x00, 0x03, 0x00, 0x00, 0x00, 0x00, 0x40, 0x00, 0x00,
    0x50, 0xa0, 0x02, 0x00, 0x0b, 0x01, 0x00, 0x00, 0x0c, 0x01, 0x00, 0x00,
    0x01, 0x01, 0x00, 0x00, 0x02, 0x01, 0x00, 0x00, 0x10, 0x40, 0x00, 0x00,
    0xf0, 0x00, 0x02, 0x00, 0x21, 0x01, 0x00, 0x00, 0x20, 0x01, 0x00, 0x00,
    0x20, 0x40, 0x00, 0x00, 0x00, 0x11, 0x00, 0x00, 0x21, 0x40, 0x00, 0x00,
    0x00, 0x01, 0x00, 0x00, 0x22, 0x40, 0x00, 0x00, 0x80, 0x10, 0x00, 0x00,
    0x2f, 0x01, 0x01, 0x00, 0x02, 0x00, 0x00, 0x00, 0x00, 0x40, 0x00, 0x00,
    0xf0, 0xa3, 0x02, 0x00, 0x10, 0x40, 0x00, 0x00, 0x90, 0x04, 0x02, 0x00,
    0x2f, 0x01, 0x03, 0x00, 0x02, 0x00, 0x00, 0x00, 0x00, 0x40, 0x00, 0x00,
    0x30, 0x08, 0x02, 0x00, 0x02, 0x40, 0x00, 0x00, 0x70, 0xf2, 0x01, 0x00,
    0x0b, 0x01, 0x03, 0x00, 0x0c, 0x01, 0x03, 0x00, 0x01, 0x01, 0x01, 0x00,
    0x02, 0x01, 0x01, 0x00, 0x10, 0x40, 0x00, 0x00, 0x90, 0xa7, 0x02, 0x00,
    0x21, 0x01, 0x04, 0x00, 0x20, 0x01, 0x02, 0x00, 0x20, 0x40, 0x00, 0x00,
    0x80, 0x12, 0x00, 0x00, 0x21, 0x40, 0x00, 0x00, 0xe0, 0x00, 0x00, 0x00,
    0x22, 0x40, 0x00, 0x00, 0x00, 0x12, 0x00, 0x00, 0x0d, 0x01, 0x12, 0x00,
    0x2f, 0x01, 0x01, 0x00, 0x03, 0x00, 0x00, 0x00, 0x00, 0x40, 0x00, 0x00,
    0xd0, 0x0b, 0x02, 0x00, 0x0b, 0x01, 0x02, 0x00, 0x0c, 0x01, 0x02, 0x00,
    0x10, 0x40, 0x00, 0x00, 0x30, 0xab, 0x02, 0x00, 0x2f, 0x01, 0x03, 0x00,
    0x03, 0x00, 0x00, 0x00, 0x00, 0x40, 0x00, 0x00, 0x90, 0xa7, 0x02, 0x00,
    0x02, 0x40, 0x00, 0x00, 0x00, 0x00, 0x00, 0x00, 0x0b, 0x01, 0x00, 0x00,
    0x0c, 0x01, 0x00, 0x00, 0x01, 0x01, 0x00, 0x00, 0x02, 0x01, 0x00, 0x00,
    0x10, 0x40, 0x00, 0x00, 0x30, 0x5f, 0x02, 0x00, 0x21, 0x01, 0x00, 0x00,
    0x20, 0x01, 0x00, 0x00, 0x20, 0x40, 0x00, 0x00, 0xe0, 0x13, 0x00, 0x00,
    0x21, 0x40, 0x00, 0x00, 0x00, 0x01, 0x00, 0x00, 0x22, 0x40, 0x00, 0x00,
    0x60, 0x13, 0x00, 0x00, 0x0d, 0x01, 0x0a, 0x00, 0x2f, 0x01, 0x01, 0x00,
    0x02, 0x00, 0x00, 0x00, 0x00, 0x40, 0x00, 0x00, 0x30, 0xab, 0x02, 0x00,
    0x10, 0x40, 0x00, 0x00, 0xd0, 0x62, 0x02, 0x00, 0x2f, 0x01, 0x03, 0x00,
    0x02, 0x00, 0x00, 0x00, 0x00, 0x40, 0x00, 0x00, 0x70, 0x66, 0x02, 0x00,
    0x02, 0x40, 0x00, 0x00, 0xf0, 0x57, 0x02, 0x00, 0x0b, 0x01, 0x01, 0x00,
    0x0c, 0x01, 0x01, 0x00, 0x01, 0x01, 0x02, 0x00, 0x02, 0x01, 0x02, 0x00,
    0x10, 0x40, 0x00, 0x00, 0x70, 0xb2, 0x02, 0x00, 0x21, 0x01, 0x02, 0x00,
    0x20, 0x01, 0x04, 0x00, 0x20, 0x40, 0x00, 0x00, 0x60, 0x15, 0x00, 0x00,
    0x21, 0x40, 0x00, 0x00, 0xe0, 0x00, 0x00, 0x00, 0x22, 0x40, 0x00, 0x00,
    0xe0, 0x14, 0x00, 0x00, 0x2f, 0x01, 0x01, 0x00, 0x03, 0x00, 0x00, 0x00,
    0x00, 0x40, 0x00, 0x00, 0xd0, 0xae, 0x02, 0x00, 0x02, 0x40, 0x00, 0x00,
    0x00, 0x00, 0x00, 0x00, 0x0b, 0x01, 0x00, 0x00, 0x0c, 0x01, 0x00, 0x00,
    0x01, 0x01, 0x00, 0x00, 0x02, 0x01, 0x00, 0x00, 0x10, 0x40, 0x00, 0x00,
    0x10, 0xb6, 0x02, 0x00, 0x21, 0x01, 0x00, 0x00, 0x20, 0x01, 0x00, 0x00,
    0x20, 0x40, 0x00, 0x00, 0xc0, 0x16, 0x00, 0x00, 0x21, 0x40, 0x00, 0x00,
    0xf0, 0x00, 0x00, 0x00, 0x22, 0x40, 0x00, 0x00, 0x40, 0x16, 0x00, 0x00,
    0x02, 0x00, 0x00, 0x00, 0x00, 0x40, 0x00, 0x00, 0x70, 0xb2, 0x02, 0x00,
    0x10, 0x40, 0x00, 0x00, 0xb0, 0xb9, 0x02, 0x00, 0x2f, 0x01, 0x03, 0x00,
    0x02, 0x00, 0x00, 0x00, 0x00, 0x40, 0x00, 0x00, 0x10, 0xb6, 0x02, 0x00,
    0x10, 0x40, 0x00, 0x00, 0xe8, 0x00, 0x00, 0x00, 0x13, 0x01, 0x00, 0x00,
    0x15, 0x40, 0x00, 0x00, 0x3a, 0x00, 0x00, 0x00, 0x14, 0x40, 0x00, 0x00,
    0x01, 0x00, 0x00, 0x00, 0x16, 0x40, 0x00, 0x00, 0x01, 0x00, 0x00, 0x00,
    0x18, 0x01, 0x5a, 0x00, 0x14, 0x01, 0x01, 0x00, 0x20, 0x40, 0x00, 0x00,
    0xc0, 0x17, 0x00, 0x00, 0x21, 0x40, 0x00, 0x00, 0x40, 0x00, 0x00, 0x00,
    0x22, 0x40, 0x00, 0x00, 0xb0, 0x17, 0x00, 0x00, 0x23, 0x40, 0x00, 0x00,
    0x10, 0x00, 0x00, 0x00, 0x17, 0x01, 0x07, 0x00, 0x2f, 0x01, 0x01, 0x00,
    0x02, 0x00, 0x00, 0x00, 0x00, 0x40, 0x00, 0x00, 0xb0, 0xb9, 0x02, 0x00,
    0x10, 0x40, 0x00, 0x00, 0x22, 0x01, 0x00, 0x00, 0x2f, 0x01, 0x03, 0x00,
    0x02, 0x00, 0x00, 0x00, 0x00, 0x40, 0x00, 0x00, 0x10, 0x6a, 0x02, 0x00,
    0x02, 0x40, 0x00, 0x00, 0xf0, 0x57, 0x02, 0x00, 0x01, 0x01, 0x02, 0x00,
    0x02, 0x01, 0x02, 0x00, 0x10, 0x40, 0x00, 0x00, 0xd0, 0xae, 0x02, 0x00,
    0x13, 0x01, 0x0b, 0x00, 0x15, 0x40, 0x00, 0x00, 0xa0, 0x03, 0x00, 0x00,
    0x14, 0x40, 0x00, 0x00, 0x10, 0x00, 0x00, 0x00, 0x16, 0x40, 0x00, 0x00,
    0xa0, 0x03, 0x00, 0x00, 0x18, 0x01, 0x80, 0xff, 0x14, 0x01, 0x41, 0x00,
    0x21, 0x01, 0x02, 0x00, 0x20, 0x01, 0x04, 0x00, 0x20, 0x40, 0x00, 0x00,
    0x60, 0x15, 0x00, 0x00, 0x21, 0x40, 0x00, 0x00, 0xe0, 0x00, 0x00, 0x00,
    0x22, 0x40, 0x00, 0x00, 0xe0, 0x14, 0x00, 0x00, 0x23, 0x40, 0x00, 0x00,
    0x80, 0x00, 0x00, 0x00, 0x17, 0x01, 0x0f, 0x00, 0x03, 0x00, 0x00, 0x00,
    0x00, 0x40, 0x00, 0x00, 0xf0, 0x57, 0x02, 0x00, 0x02, 0x40, 0x00, 0x00,
    0x00, 0x00, 0x00, 0x00, 0x0b, 0x01, 0x02, 0x00, 0x0c, 0x01, 0x02, 0x00,
    0x10, 0x40, 0x00, 0x00, 0x70, 0xb2, 0x02, 0x00, 0x03, 0x00, 0x00, 0x00,
    0x00, 0x40, 0x00, 0x00, 0xd0, 0xae, 0x02, 0x00, 0x0b, 0x01, 0x00, 0x00,
    0x0c, 0x01, 0x00, 0x00, 0x01, 0x01, 0x00, 0x00, 0x02, 0x01, 0x00, 0x00,
    0x10, 0x40, 0x00, 0x00, 0x10, 0xb6, 0x02, 0x00, 0x21, 0x01, 0x00, 0x00,
    0x20, 0x01, 0x00, 0x00, 0x20, 0x40, 0x00, 0x00, 0xc0, 0x16, 0x00, 0x00,
    0x21, 0x40, 0x00, 0x00, 0xf0, 0x00, 0x00, 0x00, 0x22, 0x40, 0x00, 0x00,
    0x40, 0x16, 0x00, 0x00, 0x2f, 0x01, 0x01, 0x00, 0x02, 0x00, 0x00, 0x00,
    0x00, 0x40, 0x00, 0x00, 0x70, 0xb2, 0x02, 0x00, 0x10, 0x40, 0x00, 0x00,
    0xb0, 0xb9, 0x02, 0x00, 0x2f, 0x01, 0x03, 0x00, 0x02, 0x00, 0x00, 0x00,
    0x00, 0x40, 0x00, 0x00, 0x10, 0xb6, 0x02, 0x00, 0x10, 0x40, 0x00, 0x00,
    0x5c, 0x01, 0x00, 0x00, 0x13, 0x01, 0x00, 0x00, 0x15, 0x40, 0x00, 0x00,
    0x3a, 0x00, 0x00, 0x00, 0x14, 0x40, 0x00, 0x00, 0x01, 0x00, 0x00, 0x00,
    0x16, 0x40, 0x00, 0x00, 0x01, 0x00, 0x00, 0x00, 0x18, 0x01, 0x5a, 0x00,
    0x14, 0x01, 0x01, 0x00, 0x20, 0x40, 0x00, 0x00, 0xc0, 0x17, 0x00, 0x00,
    0x21, 0x40, 0x00, 0x00, 0x40, 0x00, 0x00, 0x00, 0x22, 0x40, 0x00, 0x00,
    0xb0, 0x17, 0x00, 0x00, 0x23, 0x40, 0x00, 0x00, 0x10, 0x00, 0x00, 0x00,
    0x17, 0x01, 0x07, 0x00, 0x2f, 0x01, 0x01, 0x00, 0x02, 0x00, 0x00, 0x00,
    0x00, 0x40, 0x00, 0x00, 0xb0, 0xb9, 0x02, 0x00, 0x10, 0x40, 0x00, 0x00,
    0x96, 0x01, 0x00, 0x00, 0x2f, 0x01, 0x03, 0x00, 0x02, 0x00, 0x00, 0x00,
    0x00, 0x40, 0x00, 0x00, 0x90, 0x5b, 0x02, 0x00, 0x0b, 0x01, 0x02, 0x00,
    0x0c, 0x01, 0x02, 0x00, 0x01, 0x01, 0x02, 0x00, 0x02, 0x01, 0x02, 0x00,
    0x10, 0x40, 0x00, 0x00, 0xd0, 0xae, 0x02, 0x00, 0x13, 0x01, 0x0b, 0x00,
    0x15, 0x40, 0x00, 0x00, 0xa0, 0x03, 0x00, 0x00, 0x14, 0x40, 0x00, 0x00,
    0x10, 0x00, 0x00, 0x00, 0x16, 0x40, 0x00, 0x00, 0xa0, 0x03, 0x00, 0x00,
    0x18, 0x01, 0x80, 0xff, 0x14, 0x01, 0x41, 0x00, 0x21, 0x01, 0x02, 0x00,
    0x20, 0x01, 0x04, 0x00, 0x20, 0x40, 0x00, 0x00, 0x60, 0x15, 0x00, 0x00,
    0x21, 0x40, 0x00, 0x00, 0xe0, 0x00, 0x00, 0x00, 0x22, 0x40, 0x00, 0x00,
    0xe0, 0x14, 0x00, 0x00, 0x23, 0x40, 0x00, 0x00, 0x80, 0x00, 0x00, 0x00,
    0x17, 0x01, 0x0f, 0x00, 0x03, 0x00, 0x00, 0x00, 0x00, 0x40, 0x00, 0x00,
    0x70, 0x0f, 0x02, 0x00, 0x02, 0x40, 0x00, 0x00, 0x70, 0xf2, 0x01, 0x00,
    0x0b, 0x01, 0x01, 0x00, 0x0c, 0x01, 0x01, 0x00, 0x01, 0x01, 0x01, 0x00,
    0x02, 0x01, 0x01, 0x00, 0x10, 0x40, 0x00, 0x00, 0x90, 0xa7, 0x02, 0x00,
    0x21, 0x01, 0x04, 0x00, 0x20, 0x01, 0x02, 0x00, 0x20, 0x40, 0x00, 0x00,
    0x80, 0x12, 0x00, 0x00, 0x22, 0x40, 0x00, 0x00, 0x00, 0x12, 0x00, 0x00,
    0x0d, 0x01, 0x12, 0x00, 0x03, 0x00, 0x00, 0x00, 0x00, 0x40, 0x00, 0x00,
    0x10, 0x13, 0x02, 0x00, 0x0b, 0x01, 0x00, 0x00, 0x0c, 0x01, 0x00, 0x00,
    0x10, 0x40, 0x00, 0x00, 0x30, 0xab, 0x02, 0x00, 0x03, 0x00, 0x00, 0x00,
    0x00, 0x40, 0x00, 0x00, 0x90, 0xa7, 0x02, 0x00, 0x02, 0x40, 0x00, 0x00,
    0x00, 0x00, 0x00, 0x00, 0x01, 0x01, 0x00, 0x00, 0x02, 0x01, 0x00, 0x00,
    0x10, 0x40, 0x00, 0x00, 0x70, 0x66, 0x02, 0x00, 0x21, 0x01, 0x00, 0x00,
    0x20, 0x01, 0x00, 0x00, 0x20, 0x40, 0x00, 0x00, 0xe0, 0x13, 0x00, 0x00,
    0x21, 0x40, 0x00, 0x00, 0x00, 0x01, 0x00, 0x00, 0x22, 0x40, 0x00, 0x00,
    0x60, 0x13, 0x00, 0x00, 0x0d, 0x01, 0x0a, 0x00, 0x2f, 0x01, 0x01, 0x00,
    0x02, 0x00, 0x00, 0x00, 0x00, 0x40, 0x00, 0x00, 0x30, 0xab, 0x02, 0x00,
    0x10, 0x40, 0x00, 0x00, 0x10, 0x6a, 0x02, 0x00, 0x2f, 0x01, 0x03, 0x00,
    0x02, 0x00, 0x00, 0x00, 0x00, 0x40, 0x00, 0x00, 0x70, 0xf2, 0x01, 0x00,
    0x0b, 0x01, 0x04, 0x00, 0x0c, 0x01, 0x04, 0x00, 0x01, 0x01, 0x01, 0x00,
    0x02, 0x01, 0x01, 0x00, 0x10, 0x40, 0x00, 0x00, 0x90, 0xa7, 0x02, 0x00,
    0x21, 0x01, 0x04, 0x00, 0x20, 0x01, 0x02, 0x00, 0x20, 0x40, 0x00, 0x00,
    0x80, 0x12, 0x00, 0x00, 0x21, 0x40, 0x00, 0x00, 0xe0, 0x00, 0x00, 0x00,
    0x22, 0x40, 0x00, 0x00, 0x00, 0x12, 0x00, 0x00, 0x0d, 0x01, 0x12, 0x00,
    0x03, 0x00, 0x00, 0x00, 0x00, 0x40, 0x00, 0x00, 0x10, 0xf6, 0x01, 0x00,
    0x10, 0x40, 0x00, 0x00, 0x30, 0xab, 0x02, 0x00, 0x03, 0x00, 0x00, 0x00,
    0x00, 0x40, 0x00, 0x00, 0x90, 0xa7, 0x02, 0x00, 0x0b, 0x01, 0x00, 0x00,
    0x0c, 0x01, 0x00, 0x00, 0x01, 0x01, 0x00, 0x00, 0x02, 0x01, 0x00, 0x00,
    0x10, 0x40, 0x00, 0x00, 0xf0, 0x57, 0x02, 0x00, 0x21, 0x01, 0x00, 0x00,
    0x20, 0x01, 0x00, 0x00, 0x20, 0x40, 0x00, 0x00, 0xe0, 0x13, 0x00, 0x00,
    0x21, 0x40, 0x00, 0x00, 0x00, 0x01, 0x00, 0x00, 0x22, 0x40, 0x00, 0x00,
    0x60, 0x13, 0x00, 0x00, 0x0d, 0x01, 0x0a, 0x00, 0x2f, 0x01, 0x01, 0x00,
    0x02, 0x00, 0x00, 0x00, 0x00, 0x40, 0x00, 0x00, 0x30, 0xab, 0x02, 0x00,
    0x10, 0x40, 0x00, 0x00, 0x90, 0x5b, 0x02, 0x00, 0x2f, 0x01, 0x03, 0x00,
    0x02, 0x00, 0x00, 0x00, 0x00, 0x40, 0x00, 0x00, 0x30, 0x5f, 0x02, 0x00,
    0x0b, 0x01, 0x02, 0x00, 0x0c, 0x01, 0x02, 0x00, 0x01, 0x01, 0x02, 0x00,
    0x02, 0x01, 0x02, 0x00, 0x10, 0x40, 0x00, 0x00, 0x70, 0xb2, 0x02, 0x00,
    0x21, 0x01, 0x02, 0x00, 0x20, 0x01, 0x04, 0x00, 0x20, 0x40, 0x00, 0x00,
    0x60, 0x15, 0x00, 0x00, 0x21, 0x40, 0x00, 0x00, 0xe0, 0x00, 0x00, 0x00,
    0x22, 0x40, 0x00, 0x00, 0xe0, 0x14, 0x00, 0x00, 0x2f, 0x01, 0x01, 0x00,
    0x03, 0x00, 0x00, 0x00, 0x00, 0x40, 0x00, 0x00, 0xd0, 0xae, 0x02, 0x00,
    0x0b, 0x01, 0x00, 0x00, 0x0c, 0x01, 0x00, 0x00, 0x01, 0x01, 0x00, 0x00,
    0x02, 0x01, 0x00, 0x00, 0x10, 0x40, 0x00, 0x00, 0x10, 0xb6, 0x02, 0x00,
    0x21, 0x01, 0x00, 0x00, 0x20, 0x01, 0x00, 0x00, 0x20, 0x40, 0x00, 0x00,
    0xc0, 0x16, 0x00, 0x00, 0x21, 0x40, 0x00, 0x00, 0xf0, 0x00, 0x00, 0x00,
    0x22, 0x40, 0x00, 0x00, 0x40, 0x16, 0x00, 0x00, 0x02, 0x00, 0x00, 0x00,
    0x00, 0x40, 0x00, 0x00, 0x70, 0xb2, 0x02, 0x00, 0x10, 0x40, 0x00, 0x00,
    0xb0, 0xb9, 0x02, 0x00, 0x2f, 0x01, 0x03, 0x00, 0x02, 0x00, 0x00, 0x00,
    0x00, 0x40, 0x00, 0x00, 0x10, 0xb6, 0x02, 0x00, 0x10, 0x40, 0x00, 0x00,
    0xd0, 0x01, 0x00, 0x00, 0x13, 0x01, 0x00, 0x00, 0x15, 0x40, 0x00, 0x00,
    0x3a, 0x00, 0x00, 0x00, 0x14, 0x40, 0x00, 0x00, 0x01, 0x00, 0x00, 0x00,
    0x16, 0x40, 0x00, 0x00, 0x01, 0x00, 0x00, 0x00, 0x18, 0x01, 0x5a, 0x00,
    0x14, 0x01, 0x01, 0x00, 0x20, 0x40, 0x00, 0x00, 0xc0, 0x17, 0x00, 0x00,
    0x21, 0x40, 0x00, 0x00, 0x40, 0x00, 0x00, 0x00, 0x22, 0x40, 0x00, 0x00,
    0xb0, 0x17, 0x00, 0x00, 0x23, 0x40, 0x00, 0x00, 0x10, 0x00, 0x00, 0x00,
    0x17, 0x01, 0x07, 0x00, 0x2f, 0x01, 0x01, 0x00, 0x02, 0x00, 0x00, 0x00,
    0x00, 0x40, 0x00, 0x00, 0xb0, 0xb9, 0x02, 0x00, 0x10, 0x40, 0x00, 0x00,
    0x0a, 0x02, 0x00, 0x00, 0x2f, 0x01, 0x03, 0x00, 0x02, 0x00, 0x00, 0x00,
    0x00, 0x40, 0x00, 0x00, 0xd0, 0x62, 0x02, 0x00, 0x0b, 0x01, 0x02, 0x00,
    0x0c, 0x01, 0x02, 0x00, 0x01, 0x01, 0x02, 0x00, 0x02, 0x01, 0x02, 0x00,
    0x10, 0x40, 0x00, 0x00, 0xd0, 0xae, 0x02, 0x00, 0x13, 0x01, 0x0b, 0x00,
    0x15, 0x40, 0x00, 0x00, 0xa0, 0x03, 0x00, 0x00, 0x14, 0x40, 0x00, 0x00,
    0x10, 0x00, 0x00, 0x00, 0x16, 0x40, 0x00, 0x00, 0xa0, 0x03, 0x00, 0x00,
    0x18, 0x01, 0x80, 0xff, 0x14, 0x01, 0x41, 0x00, 0x21, 0x01, 0x02, 0x00,
    0x20, 0x01, 0x04, 0x00, 0x20, 0x40, 0x00, 0x00, 0x60, 0x15, 0x00, 0x00,
    0x21, 0x40, 0x00, 0x00, 0xe0, 0x00, 0x00, 0x00, 0x22, 0x40, 0x00, 0x00,
    0xe0, 0x14, 0x00, 0x00, 0x23, 0x40, 0x00, 0x00, 0x80, 0x00, 0x00, 0x00,
    0x17, 0x01, 0x0f, 0x00, 0x03, 0x00, 0x00, 0x00, 0x00, 0x40, 0x00, 0x00,
    0x70, 0x66, 0x02, 0x00, 0x02, 0x40, 0x00, 0x00, 0xf0, 0x57, 0x02, 0x00,
    0x0b, 0x01, 0x01, 0x00, 0x0c, 0x01, 0x01, 0x00, 0x10, 0x40, 0x00, 0x00,
    0x70, 0xb2, 0x02, 0x00, 0x03, 0x00, 0x00, 0x00, 0x00, 0x40, 0x00, 0x00,
    0xd0, 0xae, 0x02, 0x00, 0x02, 0x40, 0x00, 0x00, 0x00, 0x00, 0x00, 0x00,
    0x0b, 0x01, 0x00, 0x00, 0x0c, 0x01, 0x00, 0x00, 0x01, 0x01, 0x00, 0x00,
    0x02, 0x01, 0x00, 0x00, 0x10, 0x40, 0x00, 0x00, 0x10, 0xb6, 0x02, 0x00,
    0x21, 0x01, 0x00, 0x00, 0x20, 0x01, 0x00, 0x00, 0x20, 0x40, 0x00, 0x00,
    0xc0, 0x16, 0x00, 0x00, 0x21, 0x40, 0x00, 0x00, 0xf0, 0x00, 0x00, 0x00,
    0x22, 0x40, 0x00, 0x00, 0x40, 0x16, 0x00, 0x00, 0x2f, 0x01, 0x01, 0x00,
    0x02, 0x00, 0x00, 0x00, 0x00, 0x40, 0x00, 0x00, 0x70, 0xb2, 0x02, 0x00,
    0x10, 0x40, 0x00, 0x00, 0xb0, 0xb9, 0x02, 0x00, 0x2f, 0x01, 0x03, 0x00,
    0x02, 0x00, 0x00, 0x00, 0x00, 0x40, 0x00, 0x00, 0x10, 0xb6, 0x02, 0x00,
    0x10, 0x40, 0x00, 0x00, 0x44, 0x02, 0x00, 0x00, 0x13, 0x01, 0x00, 0x00,
    0x15, 0x40, 0x00, 0x00, 0x3a, 0x00, 0x00, 0x00, 0x14, 0x40, 0x00, 0x00,
    0x01, 0x00, 0x00, 0x00, 0x16, 0x40, 0x00, 0x00, 0x01, 0x00, 0x00, 0x00,
    0x18, 0x01, 0x5a, 0x00, 0x14, 0x01, 0x01, 0x00, 0x20, 0x40, 0x00, 0x00,
    0xc0, 0x17, 0x00, 0x00, 0x21, 0x40, 0x00, 0x00, 0x40, 0x00, 0x00, 0x00,
    0x22, 0x40, 0x00, 0x00, 0xb0, 0x17, 0x00, 0x00, 0x23, 0x40, 0x00, 0x00,
    0x10, 0x00, 0x00, 0x00, 0x17, 0x01, 0x07, 0x00, 0x2f, 0x01, 0x01, 0x00,
    0x02, 0x00, 0x00, 0x00, 0x00, 0x40, 0x00, 0x00, 0xb0, 0xb9, 0x02, 0x00,
    0x10, 0x40, 0x00, 0x00, 0x7e, 0x02, 0x00, 0x00, 0x2f, 0x01, 0x03, 0x00,
    0x02, 0x00, 0x00, 0x00, 0x00, 0x40, 0x00, 0x00, 0x10, 0x6a, 0x02, 0x00,
    0x02, 0x40, 0x00, 0x00, 0xf0, 0x57, 0x02, 0x00, 0x01, 0x01, 0x02, 0x00,
    0x02, 0x01, 0x02, 0x00, 0x10, 0x40, 0x00, 0x00, 0xd0, 0xae, 0x02, 0x00,
    0x13, 0x01, 0x0b, 0x00, 0x15, 0x40, 0x00, 0x00, 0xa0, 0x03, 0x00, 0x00,
    0x14, 0x40, 0x00, 0x00, 0x10, 0x00, 0x00, 0x00, 0x16, 0x40, 0x00, 0x00,
    0xa0, 0x03, 0x00, 0x00, 0x18, 0x01, 0x80, 0xff, 0x14, 0x01, 0x41, 0x00,
    0x21, 0x01, 0x02, 0x00, 0x20, 0x01, 0x04, 0x00, 0x20, 0x40, 0x00, 0x00,
    0x60, 0x15, 0x00, 0x00, 0x21, 0x40, 0x00, 0x00, 0xe0, 0x00, 0x00, 0x00,
    0x22, 0x40, 0x00, 0x00, 0xe0, 0x14, 0x00, 0x00, 0x23, 0x40, 0x00, 0x00,
    0x80, 0x00, 0x00, 0x00, 0x17, 0x01, 0x0f, 0x00, 0x03, 0x00, 0x00, 0x00,
    0x00, 0x40, 0x00, 0x00, 0x10, 0x4d, 0x02, 0x00, 0x02, 0x40, 0x00, 0x00,
    0x00, 0x00, 0x00, 0x00, 0x0b, 0x01, 0x02, 0x00, 0x0c, 0x01, 0x02, 0x00,
    0x01, 0x01, 0x01, 0x00, 0x02, 0x01, 0x01, 0x00, 0x10, 0x40, 0x00, 0x00,
    0x50, 0xa0, 0x02, 0x00, 0x20, 0x01, 0x02, 0x00, 0x20, 0x40, 0x00, 0x00,
    0xd0, 0x0f, 0x00, 0x00, 0x21, 0x40, 0x00, 0x00, 0xb0, 0x00, 0x00, 0x00,
    0x22, 0x40, 0x00, 0x00, 0x50, 0x0f, 0x00, 0x00, 0x03, 0x00, 0x00, 0x00,
    0x00, 0x40, 0x00, 0x00, 0xf0, 0xe3, 0x01, 0x00, 0x02, 0x40, 0x00, 0x00,
    0x30, 0xce, 0x01, 0x00, 0x0b, 0x01, 0x03, 0x00, 0x0c, 0x01, 0x03, 0x00,
    0x10, 0x40, 0x00, 0x00, 0x10, 0x99, 0x02, 0x00, 0x21, 0x01, 0x04, 0x00,
    0x20, 0x40, 0x00, 0x00, 0xf0, 0x0c, 0x00, 0x00, 0x21, 0x40, 0x00, 0x00,
    0xe0, 0x00, 0x00, 0x00, 0x22, 0x40, 0x00, 0x00, 0x70, 0x0c, 0x00, 0x00,
    0x0d, 0x01, 0x12, 0x00, 0x03, 0x00, 0x00, 0x00, 0x00, 0x40, 0x00, 0x00,
    0x90, 0xe7, 0x01, 0x00, 0x0b, 0x01, 0x02, 0x00, 0x0c, 0x01, 0x02, 0x00,
    0x10, 0x40, 0x00, 0x00, 0xb0, 0x9c, 0x02, 0x00, 0x03, 0x00, 0x00, 0x00,
    0x00, 0x40, 0x00, 0x00, 0x10, 0x99, 0x02, 0x00, 0x02, 0x40, 0x00, 0x00,
    0x00, 0x00, 0x00, 0x00, 0x0b, 0x01, 0x00, 0x00, 0x0c, 0x01, 0x00, 0x00,
    0x01, 0x01, 0x00, 0x00, 0x02, 0x01, 0x00, 0x00, 0x10, 0x40, 0x00, 0x00,
    0x30, 0x42, 0x02, 0x00, 0x21, 0x01, 0x00, 0x00, 0x20, 0x01, 0x00, 0x00,
    0x20, 0x40, 0x00, 0x00, 0x50, 0x0e, 0x00, 0x00, 0x21, 0x40, 0x00, 0x00,
    0x00, 0x01, 0x00, 0x00, 0x22, 0x40, 0x00, 0x00, 0xd0, 0x0d, 0x00, 0x00,
    0x0d, 0x01, 0x0a, 0x00, 0x2f, 0x01, 0x01, 0x00, 0x02, 0x00, 0x00, 0x00,
    0x00, 0x40, 0x00, 0x00, 0xb0, 0x9c, 0x02, 0x00, 0x10, 0x40, 0x00, 0x00,
    0xd0, 0x45, 0x02, 0x00, 0x2f, 0x01, 0x03, 0x00, 0x02, 0x00, 0x00, 0x00,
    0x00, 0x40, 0x00, 0x00, 0x50, 0x37, 0x02, 0x00, 0x0b, 0x01, 0x02, 0x00,
    0x0c, 0x01, 0x02, 0x00, 0x01, 0x01, 0x02, 0x00, 0x02, 0x01, 0x02, 0x00,
    0x10, 0x40, 0x00, 0x00, 0xd0, 0x91, 0x02, 0x00, 0x21, 0x01, 0x02, 0x00,
    0x20, 0x01, 0x04, 0x00, 0x20, 0x40, 0x00, 0x00, 0x20, 0x0a, 0x00, 0x00,
    0x21, 0x40, 0x00, 0x00, 0xe0, 0x00, 0x00, 0x00, 0x22, 0x40, 0x00, 0x00,
    0xa0, 0x09, 0x00, 0x00, 0x03, 0x00, 0x00, 0x00, 0x00, 0x40, 0x00, 0x00,
    0xf0, 0x3a, 0x02, 0x00, 0x02, 0x40, 0x00, 0x00, 0x70, 0x2c, 0x02, 0x00,
    0x0b, 0x01, 0x01, 0x00, 0x0c, 0x01, 0x01, 0x00, 0x10, 0x40, 0x00, 0x00,
    0x70, 0x95, 0x02, 0x00, 0x03, 0x00, 0x00, 0x00, 0x00, 0x40, 0x00, 0x00,
    0xd0, 0x91, 0x02, 0x00, 0x02, 0x40, 0x00, 0x00, 0x00, 0x00, 0x00, 0x00,
    0x0b, 0x01, 0x00, 0x00, 0x0c, 0x01, 0x00, 0x00, 0x01, 0x01, 0x00, 0x00,
    0x02, 0x01, 0x00, 0x00, 0x10, 0x40, 0x00, 0x00, 0x70, 0xd5, 0x01, 0x00,
    0x21, 0x01, 0x00, 0x00, 0x20, 0x01, 0x00, 0x00, 0x20, 0x40, 0x00, 0x00,
    0x80, 0x0b, 0x00, 0x00, 0x21, 0x40, 0x00, 0x00, 0xf0, 0x00, 0x00, 0x00,
    0x22, 0x40, 0x00, 0x00, 0x00, 0x0b, 0x00, 0x00, 0x2f, 0x01, 0x01, 0x00,
    0x02, 0x00, 0x00, 0x00, 0x00, 0x40, 0x00, 0x00, 0x70, 0x95, 0x02, 0x00,
    0x10, 0x40, 0x00, 0x00, 0x10, 0xd9, 0x01, 0x00, 0x2f, 0x01, 0x03, 0x00,
    0x02, 0x00, 0x00, 0x00, 0x00, 0x40, 0x00, 0x00, 0x90, 0x3e, 0x02, 0x00,
    0x02, 0x40, 0x00, 0x00, 0x70, 0x2c, 0x02, 0x00, 0x01, 0x01, 0x02, 0x00,
    0x02, 0x01, 0x02, 0x00, 0x10, 0x40, 0x00, 0x00, 0xd0, 0x91, 0x02, 0x00,
    0x21, 0x01, 0x02, 0x00, 0x20, 0x01, 0x04, 0x00, 0x20, 0x40, 0x00, 0x00,
    0x20, 0x0a, 0x00, 0x00, 0x21, 0x40, 0x00, 0x00, 0xe0, 0x00, 0x00, 0x00,
    0x22, 0x40, 0x00, 0x00, 0xa0, 0x09, 0x00, 0x00, 0x03, 0x00, 0x00, 0x00,
    0x00, 0x40, 0x00, 0x00, 0x90, 0x21, 0x02, 0x00, 0x02, 0x40, 0x00, 0x00,
    0x00, 0x00, 0x00, 0x00, 0x0b, 0x01, 0x02, 0x00, 0x0c, 0x01, 0x02, 0x00,
    0x01, 0x01, 0x01, 0x00, 0x02, 0x01, 0x01, 0x00, 0x10, 0x40, 0x00, 0x00,
    0x50, 0x83, 0x02, 0x00, 0x20, 0x01, 0x02, 0x00, 0x20, 0x40, 0x00, 0x00,
    0xa0, 0x04, 0x00, 0x00, 0x21, 0x40, 0x00, 0x00, 0xa0, 0x00, 0x00, 0x00,
    0x22, 0x40, 0x00, 0x00, 0x20, 0x04, 0x00, 0x00, 0x03, 0x00, 0x00, 0x00,
    0x00, 0x40, 0x00, 0x00, 0xb0, 0xa2, 0x01, 0x00, 0x02, 0x40, 0x00, 0x00,
    0xb0, 0x85, 0x01, 0x00, 0x0b, 0x01, 0x01, 0x00, 0x0c, 0x01, 0x01, 0x00,
    0x10, 0x40, 0x00, 0x00, 0x10, 0x7c, 0x02, 0x00, 0x21, 0x01, 0x04, 0x00,
    0x20, 0x40, 0x00, 0x00, 0xe0, 0x01, 0x00, 0x00, 0x21, 0x40, 0x00, 0x00,
    0xe0, 0x00, 0x00, 0x00, 0x22, 0x40, 0x00, 0x00, 0x60, 0x01, 0x00, 0x00,
    0x0d, 0x01, 0x12, 0x00, 0x03, 0x00, 0x00, 0x00, 0x00, 0x40, 0x00, 0x00,
    0x50, 0xa6, 0x01, 0x00, 0x0b, 0x01, 0x00, 0x00, 0x0c, 0x01, 0x00, 0x00,
    0x10, 0x40, 0x00, 0x00, 0xb0, 0x7f, 0x02, 0x00, 0x03, 0x00, 0x00, 0x00,
    0x00, 0x40, 0x00, 0x00, 0x10, 0x7c, 0x02, 0x00, 0x02, 0x40, 0x00, 0x00,
    0x00, 0x00, 0x00, 0x00, 0x01, 0x01, 0x00, 0x00, 0x02, 0x01, 0x00, 0x00,
    0x10, 0x40, 0x00, 0x00, 0xb0, 0x16, 0x02, 0x00, 0x21, 0x01, 0x00, 0x00,
    0x20, 0x01, 0x00, 0x00, 0x20, 0x40, 0x00, 0x00, 0x40, 0x03, 0x00, 0x00,
    0x22, 0x40, 0x00, 0x00, 0xc0, 0x02, 0x00, 0x00, 0x0d, 0x01, 0x0a, 0x00,
    0x2f, 0x01, 0x01, 0x00, 0x02, 0x00, 0x00, 0x00, 0x00, 0x40, 0x00, 0x00,
    0xb0, 0x7f, 0x02, 0x00, 0x10, 0x40, 0x00, 0x00, 0x50, 0x1a, 0x02, 0x00,
    0x2f, 0x01, 0x03, 0x00, 0x02, 0x00, 0x00, 0x00, 0x00, 0x40, 0x00, 0x00,
    0x50, 0x91, 0x00, 0x00, 0x0b, 0x01, 0x01, 0x00, 0x0c, 0x01, 0x01, 0x00,
    0x0a, 0x01, 0x72, 0x00, 0x04, 0x01, 0x03, 0x00, 0x05, 0x40, 0x00, 0x00,
    0xcc, 0x01, 0x00, 0x00, 0x04, 0x40, 0x00, 0x00, 0x04, 0x00, 0x00, 0x00,
    0x06, 0x40, 0x00, 0x00, 0x01, 0x00, 0x00, 0x00, 0x09, 0x01, 0x00, 0x00,
    0x05, 0x01, 0x01, 0x00, 0x10, 0x40, 0x00, 0x00, 0xb0, 0x6d, 0x02, 0x00,
    0x11, 0x01, 0x72, 0x00, 0x1a, 0x01, 0x72, 0x00, 0x13, 0x01, 0x03, 0x00,
    0x15, 0x40, 0x00, 0x00, 0x30, 0x07, 0x00, 0x00, 0x16, 0x40, 0x00, 0x00,
    0x30, 0x07, 0x00, 0x00, 0x18, 0x01, 0x00, 0x00, 0x14, 0x01, 0x41, 0x81,
    0x21, 0x01, 0x01, 0x00, 0x22, 0x01, 0x02, 0x00, 0x15, 0x01, 0x15, 0x00,
    0x17, 0x01, 0x07, 0x00, 0x05, 0x00, 0x01, 0x00, 0x00, 0x40, 0x00, 0x00,
    0xe8, 0x94, 0x00, 0x00, 0x10, 0x40, 0x00, 0x00, 0xe0, 0x74, 0x02, 0x00,
    0x05, 0x00, 0x01, 0x00, 0x00, 0x40, 0x00, 0x00, 0xb0, 0x6d, 0x02, 0x00,
    0x0b, 0x01, 0x00, 0x00, 0x0c, 0x01, 0x00, 0x00, 0x05, 0x40, 0x00, 0x00,
    0x30, 0x07, 0x00, 0x00, 0x04, 0x40, 0x00, 0x00, 0x10, 0x00, 0x00, 0x00,
    0x06, 0x40, 0x00, 0x00, 0x30, 0x07, 0x00, 0x00, 0x05, 0x01, 0x41, 0x00,
    0x01, 0x01, 0x01, 0x00, 0x02, 0x01, 0x01, 0x00, 0x10, 0x40, 0x00, 0x00,
    0x30, 0x94, 0x01, 0x00, 0x11, 0x01, 0x39, 0x00, 0x1a, 0x01, 0x39, 0x00,
    0x13, 0x01, 0x0b, 0x00, 0x15, 0x40, 0x00, 0x00, 0xa0, 0x03, 0x00, 0x00,
    0x16, 0x40, 0x00, 0x00, 0xa0, 0x03, 0x00, 0x00, 0x18, 0x01, 0x80, 0xff,
    0x14, 0x01, 0x41, 0x00, 0x21, 0x01, 0x00, 0x00, 0x20, 0x01, 0x02, 0x00,
    0x22, 0x01, 0x05, 0x00, 0x20, 0x40, 0x00, 0x00, 0x80, 0x00, 0x00, 0x00,
    0x22, 0x40, 0x00, 0x00, 0x00, 0x00, 0x00, 0x00, 0x15, 0x01, 0x39, 0x00,
    0x17, 0x01, 0x0f, 0x00, 0x2f, 0x01, 0x01, 0x00, 0x02, 0x00, 0x00, 0x00,
    0x00, 0x40, 0x00, 0x00, 0xe0, 0x74, 0x02, 0x00, 0x10, 0x40, 0x00, 0x00,
    0xd0, 0x97, 0x01, 0x00, 0x2f, 0x01, 0x03, 0x00, 0x02, 0x00, 0x00, 0x00,
    0x00, 0x40, 0x00, 0x00, 0x80, 0x98, 0x00, 0x00, 0x0b, 0x01, 0x01, 0x00,
    0x0c, 0x01, 0x01, 0x00, 0x05, 0x40, 0x00, 0x00, 0xcc, 0x01, 0x00, 0x00,
    0x04, 0x40, 0x00, 0x00, 0x04, 0x00, 0x00, 0x00, 0x06, 0x40, 0x00, 0x00,
    0x01, 0x00, 0x00, 0x00, 0x05, 0x01, 0x01, 0x00, 0x01, 0x01, 0x00, 0x00,
    0x02, 0x01, 0x00, 0x00, 0x10, 0x40, 0x00, 0x00, 0xb0, 0x6d, 0x02, 0x00,
    0x11, 0x01, 0x72, 0x00, 0x1a, 0x01, 0x72, 0x00, 0x13, 0x01, 0x03, 0x00,
    0x15, 0x40, 0x00, 0x00, 0x30, 0x07, 0x00, 0x00, 0x16, 0x40, 0x00, 0x00,
    0x30, 0x07, 0x00, 0x00, 0x18, 0x01, 0x00, 0x00, 0x14, 0x01, 0x41, 0x81,
    0x21, 0x01, 0x01, 0x00, 0x20, 0x01, 0x00, 0x00, 0x22, 0x01, 0x02, 0x00,
    0x15, 0x01, 0x15, 0x00, 0x17, 0x01, 0x07, 0x00, 0x05, 0x00, 0x01, 0x00,
    0x00, 0x40, 0x00, 0x00, 0x18, 0x9c, 0x00, 0x00, 0x10, 0x40, 0x00, 0x00,
    0xe0, 0x74, 0x02, 0x00, 0x05, 0x00, 0x01, 0x00, 0x00, 0x40, 0x00, 0x00,
    0xb0, 0x6d, 0x02, 0x00, 0x0b, 0x01, 0x00, 0x00, 0x0c, 0x01, 0x00, 0x00,
    0x05, 0x40, 0x00, 0x00, 0x30, 0x07, 0x00, 0x00, 0x04, 0x40, 0x00, 0x00,
    0x10, 0x00, 0x00, 0x00, 0x06, 0x40, 0x00, 0x00, 0x30, 0x07, 0x00, 0x00,
    0x05, 0x01, 0x41, 0x00, 0x01, 0x01, 0x01, 0x00, 0x02, 0x01, 0x01, 0x00,
    0x10, 0x40, 0x00, 0x00, 0x70, 0x9b, 0x01, 0x00, 0x11, 0x01, 0x39, 0x00,
    0x1a, 0x01, 0x39, 0x00, 0x13, 0x01, 0x0b, 0x00, 0x15, 0x40, 0x00, 0x00,
    0xa0, 0x03, 0x00, 0x00, 0x16, 0x40, 0x00, 0x00, 0xa0, 0x03, 0x00, 0x00,
    0x18, 0x01, 0x80, 0xff, 0x14, 0x01, 0x41, 0x00, 0x21, 0x01, 0x00, 0x00,
    0x20, 0x01, 0x02, 0x00, 0x22, 0x01, 0x05, 0x00, 0x15, 0x01, 0x39, 0x00,
    0x17, 0x01, 0x0f, 0x00, 0x2f, 0x01, 0x01, 0x00, 0x02, 0x00, 0x00, 0x00,
    0x00, 0x40, 0x00, 0x00, 0xe0, 0x74, 0x02, 0x00, 0x10, 0x40, 0x00, 0x00,
    0x10, 0x9f, 0x01, 0x00, 0x2f, 0x01, 0x03, 0x00, 0x02, 0x00, 0x00, 0x00,
    0x00, 0x40, 0x00, 0x00, 0xb0, 0x9f, 0x00, 0x00, 0x0b, 0x01, 0x01, 0x00,
    0x0c, 0x01, 0x01, 0x00, 0x05, 0x40, 0x00, 0x00, 0xcc, 0x01, 0x00, 0x00,
    0x04, 0x40, 0x00, 0x00, 0x04, 0x00, 0x00, 0x00, 0x06, 0x40, 0x00, 0x00,
    0x01, 0x00, 0x00, 0x00, 0x05, 0x01, 0x01, 0x00, 0x01, 0x01, 0x00, 0x00,
    0x02, 0x01, 0x00, 0x00, 0x10, 0x40, 0x00, 0x00, 0xb0, 0x6d, 0x02, 0x00,
    0x11, 0x01, 0x72, 0x00, 0x1a, 0x01, 0x72, 0x00, 0x13, 0x01, 0x03, 0x00,
    0x15, 0x40, 0x00, 0x00, 0x30, 0x07, 0x00, 0x00, 0x16, 0x40, 0x00, 0x00,
    0x30, 0x07, 0x00, 0x00, 0x18, 0x01, 0x00, 0x00, 0x14, 0x01, 0x41, 0x81,
    0x21, 0x01, 0x01, 0x00, 0x20, 0x01, 0x00, 0x00, 0x22, 0x01, 0x02, 0x00,
    0x15, 0x01, 0x15, 0x00, 0x17, 0x01, 0x07, 0x00, 0x05, 0x00, 0x01, 0x00,
    0x00, 0x40, 0x00, 0x00, 0x48, 0xa3, 0x00, 0x00, 0x10, 0x40, 0x00, 0x00,
    0xe0, 0x74, 0x02, 0x00, 0x05, 0x00, 0x01, 0x00, 0x00, 0x40, 0x00, 0x00,
    0xb0, 0x6d, 0x02, 0x00, 0x0b, 0x01, 0x00, 0x00, 0x0c, 0x01, 0x00, 0x00,
    0x05, 0x40, 0x00, 0x00, 0x30, 0x07, 0x00, 0x00, 0x04, 0x40, 0x00, 0x00,
    0x10, 0x00, 0x00, 0x00, 0x06, 0x40, 0x00, 0x00, 0x30, 0x07, 0x00, 0x00,
    0x05, 0x01, 0x41, 0x00, 0x01, 0x01, 0x01, 0x00, 0x02, 0x01, 0x01, 0x00,
    0x10, 0x40, 0x00, 0x00, 0xb0, 0xa2, 0x01, 0x00, 0x11, 0x01, 0x39, 0x00,
    0x1a, 0x01, 0x39, 0x00, 0x13, 0x01, 0x0b, 0x00, 0x15, 0x40, 0x00, 0x00,
    0xa0, 0x03, 0x00, 0x00, 0x16, 0x40, 0x00, 0x00, 0xa0, 0x03, 0x00, 0x00,
    0x18, 0x01, 0x80, 0xff, 0x14, 0x01, 0x41, 0x00, 0x21, 0x01, 0x00, 0x00,
    0x20, 0x01, 0x02, 0x00, 0x22, 0x01, 0x05, 0x00, 0x15, 0x01, 0x39, 0x00,
    0x17, 0x01, 0x0f, 0x00, 0x2f, 0x01, 0x01, 0x00, 0x02, 0x00, 0x00, 0x00,
    0x00, 0x40, 0x00, 0x00, 0xe0, 0x74, 0x02, 0x00, 0x10, 0x40, 0x00, 0x00,
    0x50, 0xa6, 0x01, 0x00, 0x2f, 0x01, 0x03, 0x00, 0x02, 0x00, 0x00, 0x00,
    0x00, 0x40, 0x00, 0x00, 0xb0, 0x85, 0x01, 0x00, 0x0b, 0x01, 0x04, 0x00,
    0x0c, 0x01, 0x04, 0x00, 0x0a, 0x01, 0x39, 0x00, 0x04, 0x01, 0x0b, 0x00,
    0x05, 0x40, 0x00, 0x00, 0xa0, 0x03, 0x00, 0x00, 0x06, 0x40, 0x00, 0x00,
    0xa0, 0x03, 0x00, 0x00, 0x09, 0x01, 0x80, 0xff, 0x10, 0x40, 0x00, 0x00,
    0x10, 0x7c, 0x02, 0x00, 0x21, 0x01, 0x04, 0x00, 0x22, 0x01, 0x00, 0x00,
    0x20, 0x40, 0x00, 0x00, 0xe0, 0x01, 0x00, 0x00, 0x22, 0x40, 0x00, 0x00,
    0x60, 0x01, 0x00, 0x00, 0x0d, 0x01, 0x12, 0x00, 0x2f, 0x01, 0x01, 0x00,
    0x03, 0x00, 0x00, 0x00, 0x00, 0x40, 0x00, 0x00, 0x50, 0x89, 0x01, 0x00,
    0x10, 0x40, 0x00, 0x00, 0xb0, 0x7f, 0x02, 0x00, 0x2f, 0x01, 0x03, 0x00,
    0x03, 0x00, 0x00, 0x00, 0x00, 0x40, 0x00, 0x00, 0x10, 0x7c, 0x02, 0x00,
    0x0b, 0x01, 0x00, 0x00, 0x0c, 0x01, 0x00, 0x00, 0x01, 0x01, 0x00, 0x00,
    0x02, 0x01, 0x00, 0x00, 0x10, 0x40, 0x00, 0x00, 0xf0, 0x1d, 0x02, 0x00,
    0x21, 0x01, 0x00, 0x00, 0x20, 0x01, 0x00, 0x00, 0x20, 0x40, 0x00, 0x00,
    0x40, 0x03, 0x00, 0x00, 0x22, 0x40, 0x00, 0x00, 0xc0, 0x02, 0x00, 0x00,
    0x0d, 0x01, 0x0a, 0x00, 0x2f, 0x01, 0x01, 0x00, 0x02, 0x00, 0x00, 0x00,
    0x00, 0x40, 0x00, 0x00, 0xb0, 0x7f, 0x02, 0x00, 0x10, 0x40, 0x00, 0x00,
    0x90, 0x21, 0x02, 0x00, 0x2f, 0x01, 0x03, 0x00, 0x02, 0x00, 0x00, 0x00,
    0x00, 0x40, 0x00, 0x00, 0x30, 0x25, 0x02, 0x00, 0x02, 0x40, 0x00, 0x00,
    0xb0, 0x16, 0x02, 0x00, 0x0b, 0x01, 0x01, 0x00, 0x0c, 0x01, 0x01, 0x00,
    0x01, 0x01, 0x01, 0x00, 0x02, 0x01, 0x01, 0x00, 0x10, 0x40, 0x00, 0x00,
    0xf0, 0x86, 0x02, 0x00, 0x21, 0x01, 0x02, 0x00, 0x20, 0x01, 0x02, 0x00,
    0x20, 0x40, 0x00, 0x00, 0xa0, 0x04, 0x00, 0x00, 0x21, 0x40, 0x00, 0x00,
    0xa0, 0x00, 0x00, 0x00, 0x22, 0x40, 0x00, 0x00, 0x20, 0x04, 0x00, 0x00,
    0x2f, 0x01, 0x01, 0x00, 0x03, 0x00, 0x00, 0x00, 0x00, 0x40, 0x00, 0x00,
    0x50, 0x83, 0x02, 0x00, 0x02, 0x40, 0x00, 0x00, 0x00, 0x00, 0x00, 0x00,
    0x0b, 0x01, 0x00, 0x00, 0x0c, 0x01, 0x00, 0x00, 0x01, 0x01, 0x00, 0x00,
    0x02, 0x01, 0x00, 0x00, 0x10, 0x40, 0x00, 0x00, 0xf0, 0xc6, 0x01, 0x00,
    0x21, 0x01, 0x00, 0x00, 0x20, 0x01, 0x00, 0x00, 0x20, 0x40, 0x00, 0x00,
    0xc0, 0x05, 0x00, 0x00, 0x21, 0x40, 0x00, 0x00, 0x00, 0x01, 0x00, 0x00,
    0x22, 0x40, 0x00, 0x00, 0x40, 0x05, 0x00, 0x00, 0x02, 0x00, 0x00, 0x00,
    0x00, 0x40, 0x00, 0x00, 0xf0, 0x86, 0x02, 0x00, 0x10, 0x40, 0x00, 0x00,
    0x90, 0xca, 0x01, 0x00, 0x2f, 0x01, 0x03, 0x00, 0x02, 0x00, 0x00, 0x00,
    0x00, 0x40, 0x00, 0x00, 0xd0, 0x28, 0x02, 0x00, 0x02, 0x40, 0x00, 0x00,
    0xb0, 0x16, 0x02, 0x00, 0x01, 0x01, 0x01, 0x00, 0x02, 0x01, 0x01, 0x00,
    0x10, 0x40, 0x00, 0x00, 0x50, 0x83, 0x02, 0x00, 0x21, 0x01, 0x02, 0x00,
    0x20, 0x01, 0x02, 0x00, 0x20, 0x40, 0x00, 0x00, 0xa0, 0x04, 0x00, 0x00,
    0x21, 0x40, 0x00, 0x00, 0xa0, 0x00, 0x00, 0x00, 0x22, 0x40, 0x00, 0x00,
    0x20, 0x04, 0x00, 0x00, 0x03, 0x00, 0x00, 0x00, 0x00, 0x40, 0x00, 0x00,
    0xb0, 0x16, 0x02, 0x00, 0x02, 0x40, 0x00, 0x00, 0x00, 0x00, 0x00, 0x00,
    0x0b, 0x01, 0x02, 0x00, 0x0c, 0x01, 0x02, 0x00, 0x10, 0x40, 0x00, 0x00,
    0xf0, 0x86, 0x02, 0x00, 0x03, 0x00, 0x00, 0x00, 0x00, 0x40, 0x00, 0x00,
    0x50, 0x83, 0x02, 0x00, 0x0b, 0x01, 0x00, 0x00, 0x0c, 0x01, 0x00, 0x00,
    0x01, 0x01, 0x00, 0x00, 0x02, 0x01, 0x00, 0x00, 0x10, 0x40, 0x00, 0x00,
    0xf0, 0xa9, 0x01, 0x00, 0x21, 0x01, 0x00, 0x00, 0x20, 0x01, 0x00, 0x00,
    0x20, 0x40, 0x00, 0x00, 0xc0, 0x05, 0x00, 0x00, 0x21, 0x40, 0x00, 0x00,
    0x00, 0x01, 0x00, 0x00, 0x22, 0x40, 0x00, 0x00, 0x40, 0x05, 0x00, 0x00,
    0x2f, 0x01, 0x01, 0x00, 0x02, 0x00, 0x00, 0x00, 0x00, 0x40, 0x00, 0x00,
    0xf0, 0x86, 0x02, 0x00, 0x10, 0x40, 0x00, 0x00, 0x90, 0xad, 0x01, 0x00,
    0x2f, 0x01, 0x03, 0x00, 0x02, 0x00, 0x00, 0x00, 0x00, 0x40, 0x00, 0x00,
    0x50, 0x1a, 0x02, 0x00, 0x0b, 0x01, 0x02, 0x00, 0x0c, 0x01, 0x02, 0x00,
    0x01, 0x01, 0x01, 0x00, 0x02, 0x01, 0x01, 0x00, 0x10, 0x40, 0x00, 0x00,
    0x50, 0x83, 0x02, 0x00, 0x21, 0x01, 0x02, 0x00, 0x20, 0x01, 0x02, 0x00,
    0x20, 0x40, 0x00, 0x00, 0xa0, 0x04, 0x00, 0x00, 0x21, 0x40, 0x00, 0x00,
    0xa0, 0x00, 0x00, 0x00, 0x22, 0x40, 0x00, 0x00, 0x20, 0x04, 0x00, 0x00,
    0x03, 0x00, 0x00, 0x00, 0x00, 0x40, 0x00, 0x00, 0xf0, 0x8c, 0x01, 0x00,
    0x0b, 0x01, 0x04, 0x00, 0x0c, 0x01, 0x04, 0x00, 0x10, 0x40, 0x00, 0x00,
    0x10, 0x7c, 0x02, 0x00, 0x21, 0x01, 0x04, 0x00, 0x20, 0x40, 0x00, 0x00,
    0xe0, 0x01, 0x00, 0x00, 0x21, 0x40, 0x00, 0x00, 0xe0, 0x00, 0x00, 0x00,
    0x22, 0x40, 0x00, 0x00, 0x60, 0x01, 0x00, 0x00, 0x0d, 0x01, 0x12, 0x00,
    0x03, 0x00, 0x00, 0x00, 0x00, 0x40, 0x00, 0x00, 0x90, 0x90, 0x01, 0x00,
    0x10, 0x40, 0x00, 0x00, 0xb0, 0x7f, 0x02, 0x00, 0x03, 0x00, 0x00, 0x00,
    0x00, 0x40, 0x00, 0x00, 0x10, 0x7c, 0x02, 0x00, 0x0b, 0x01, 0x00, 0x00,
    0x0c, 0x01, 0x00, 0x00, 0x01, 0x01, 0x00, 0x00, 0x02, 0x01, 0x00, 0x00,
    0x10, 0x40, 0x00, 0x00, 0x30, 0x25, 0x02, 0x00, 0x21, 0x01, 0x00, 0x00,
    0x20, 0x01, 0x00, 0x00, 0x20, 0x40, 0x00, 0x00, 0x40, 0x03, 0x00, 0x00,
    0x22, 0x40, 0x00, 0x00, 0xc0, 0x02, 0x00, 0x00, 0x0d, 0x01, 0x0a, 0x00,
    0x2f, 0x01, 0x01, 0x00, 0x02, 0x00, 0x00, 0x00, 0x00, 0x40, 0x00, 0x00,
    0xb0, 0x7f, 0x02, 0x00, 0x10, 0x40, 0x00, 0x00, 0xd0, 0x28, 0x02, 0x00,
    0x2f, 0x01, 0x03, 0x00, 0x02, 0x00, 0x00, 0x00, 0x00, 0x40, 0x00, 0x00,
    0x30, 0x94, 0x01, 0x00, 0x0b, 0x01, 0x04, 0x00, 0x0c, 0x01, 0x04, 0x00,
    0x01, 0x01, 0x01, 0x00, 0x02, 0x01, 0x01, 0x00, 0x10, 0x40, 0x00, 0x00,
    0x10, 0x7c, 0x02, 0x00, 0x21, 0x01, 0x04, 0x00, 0x20, 0x01, 0x02, 0x00,
    0x20, 0x40, 0x00, 0x00, 0xe0, 0x01, 0x00, 0x00, 0x22, 0x40, 0x00, 0x00,
    0x60, 0x01, 0x00, 0x00, 0x0d, 0x01, 0x12, 0x00, 0x03, 0x00, 0x00, 0x00,
    0x00, 0x40, 0x00, 0x00, 0xd0, 0x97, 0x01, 0x00, 0x10, 0x40, 0x00, 0x00,
    0xb0, 0x7f, 0x02, 0x00, 0x03, 0x00, 0x00, 0x00, 0x00, 0x40, 0x00, 0x00,
    0x10, 0x7c, 0x02, 0x00, 0x0b, 0x01, 0x00, 0x00, 0x0c, 0x01, 0x00, 0x00,
    0x01, 0x01, 0x00, 0x00, 0x02, 0x01, 0x00, 0x00, 0x10, 0x40, 0x00, 0x00,
    0xb0, 0x16, 0x02, 0x00, 0x21, 0x01, 0x00, 0x00, 0x20, 0x01, 0x00, 0x00,
    0x20, 0x40, 0x00, 0x00, 0x40, 0x03, 0x00, 0x00, 0x22, 0x40, 0x00, 0x00,
    0xc0, 0x02, 0x00, 0x00, 0x0d, 0x01, 0x0a, 0x00, 0x2f, 0x01, 0x01, 0x00,
    0x02, 0x00, 0x00, 0x00, 0x00, 0x40, 0x00, 0x00, 0xb0, 0x7f, 0x02, 0x00,
    0x10, 0x40, 0x00, 0x00, 0x50, 0x1a, 0x02, 0x00, 0x2f, 0x01, 0x03, 0x00,
    0x02, 0x00, 0x00, 0x00, 0x00, 0x40, 0x00, 0x00, 0xf0, 0x1d, 0x02, 0x00,
    0x0b, 0x01, 0x02, 0x00, 0x0c, 0x01, 0x02, 0x00, 0x01, 0x01, 0x01, 0x00,
    0x02, 0x01, 0x01, 0x00, 0x10, 0x40, 0x00, 0x00, 0xf0, 0x86, 0x02, 0x00,
    0x21, 0x01, 0x02, 0x00, 0x20, 0x01, 0x02, 0x00, 0x20, 0x40, 0x00, 0x00,
    0xa0, 0x04, 0x00, 0x00, 0x21, 0x40, 0x00, 0x00, 0xa0, 0x00, 0x00, 0x00,
    0x22, 0x40, 0x00, 0x00, 0x20, 0x04, 0x00, 0x00, 0x2f, 0x01, 0x01, 0x00,
    0x03, 0x00, 0x00, 0x00, 0x00, 0x40, 0x00, 0x00, 0x50, 0x83, 0x02, 0x00,
    0x0b, 0x01, 0x00, 0x00, 0x0c, 0x01, 0x00, 0x00, 0x01, 0x01, 0x00, 0x00,
    0x02, 0x01, 0x00, 0x00, 0x10, 0x40, 0x00, 0x00, 0x30, 0xb1, 0x01, 0x00,
    0x21, 0x01, 0x00, 0x00, 0x20, 0x01, 0x00, 0x00, 0x20, 0x40, 0x00, 0x00,
    0xc0, 0x05, 0x00, 0x00, 0x21, 0x40, 0x00, 0x00, 0x00, 0x01, 0x00, 0x00,
    0x22, 0x40, 0x00, 0x00, 0x40, 0x05, 0x00, 0x00, 0x02, 0x00, 0x00, 0x00,
    0x00, 0x40, 0x00, 0x00, 0xf0, 0x86, 0x02, 0x00, 0x10, 0x40, 0x00, 0x00,
    0xd0, 0xb4, 0x01, 0x00, 0x2f, 0x01, 0x03, 0x00, 0x02, 0x00, 0x00, 0x00,
    0x00, 0x40, 0x00, 0x00, 0x70, 0xb8, 0x01, 0x00, 0x0b, 0x01, 0x04, 0x00,
    0x0c, 0x01, 0x04, 0x00, 0x01, 0x01, 0x01, 0x00, 0x02, 0x01, 0x01, 0x00,
    0x10, 0x40, 0x00, 0x00, 0x90, 0x8a, 0x02, 0x00, 0x21, 0x01, 0x04, 0x00,
    0x20, 0x01, 0x02, 0x00, 0x20, 0x40, 0x00, 0x00, 0x40, 0x07, 0x00, 0x00,
    0x21, 0x40, 0x00, 0x00, 0xe0, 0x00, 0x00, 0x00, 0x22, 0x40, 0x00, 0x00,
    0xc0, 0x06, 0x00, 0x00, 0x0d, 0x01, 0x12, 0x00, 0x2f, 0x01, 0x01, 0x00,
    0x03, 0x00, 0x00, 0x00, 0x00, 0x40, 0x00, 0x00, 0x10, 0xbc, 0x01, 0x00,
    0x10, 0x40, 0x00, 0x00, 0x30, 0x8e, 0x02, 0x00, 0x2f, 0x01, 0x03, 0x00,
    0x03, 0x00, 0x00, 0x00, 0x00, 0x40, 0x00, 0x00, 0x90, 0x8a, 0x02, 0x00,
    0x0b, 0x01, 0x00, 0x00, 0x0c, 0x01, 0x00, 0x00, 0x01, 0x01, 0x00, 0x00,
    0x02, 0x01, 0x00, 0x00, 0x10, 0x40, 0x00, 0x00, 0xb0, 0x33, 0x02, 0x00,
    0x21, 0x01, 0x00, 0x00, 0x20, 0x01, 0x00, 0x00, 0x20, 0x40, 0x00, 0x00,
    0xa0, 0x08, 0x00, 0x00, 0x21, 0x40, 0x00, 0x00, 0x00, 0x01, 0x00, 0x00,
    0x22, 0x40, 0x00, 0x00, 0x20, 0x08, 0x00, 0x00, 0x0d, 0x01, 0x0a, 0x00,
    0x2f, 0x01, 0x01, 0x00, 0x02, 0x00, 0x00, 0x00, 0x00, 0x40, 0x00, 0x00,
    0x30, 0x8e, 0x02, 0x00, 0x10, 0x40, 0x00, 0x00, 0x50, 0x37, 0x02, 0x00,
    0x2f, 0x01, 0x03, 0x00, 0x02, 0x00, 0x00, 0x00, 0x00, 0x40, 0x00, 0x00,
    0xb0, 0xbf, 0x01, 0x00, 0x02, 0x40, 0x00, 0x00, 0xf0, 0xa9, 0x01, 0x00,
    0x0b, 0x01, 0x03, 0x00, 0x0c, 0x01, 0x03, 0x00, 0x01, 0x01, 0x01, 0x00,
    0x02, 0x01, 0x01, 0x00, 0x10, 0x40, 0x00, 0x00, 0x90, 0x8a, 0x02, 0x00,
    0x21, 0x01, 0x04, 0x00, 0x20, 0x01, 0x02, 0x00, 0x20, 0x40, 0x00, 0x00,
    0x40, 0x07, 0x00, 0x00, 0x21, 0x40, 0x00, 0x00, 0xe0, 0x00, 0x00, 0x00,
    0x22, 0x40, 0x00, 0x00, 0xc0, 0x06, 0x00, 0x00, 0x0d, 0x01, 0x12, 0x00,
    0x03, 0x00, 0x00, 0x00, 0x00, 0x40, 0x00, 0x00, 0x50, 0xc3, 0x01, 0x00,
    0x0b, 0x01, 0x02, 0x00, 0x0c, 0x01, 0x02, 0x00, 0x10, 0x40, 0x00, 0x00,
    0x30, 0x8e, 0x02, 0x00, 0x03, 0x00, 0x00, 0x00, 0x00, 0x40, 0x00, 0x00,
    0x90, 0x8a, 0x02, 0x00, 0x02, 0x40, 0x00, 0x00, 0x00, 0x00, 0x00, 0x00,
    0x0b, 0x01, 0x00, 0x00, 0x0c, 0x01, 0x00, 0x00, 0x01, 0x01, 0x00, 0x00,
    0x02, 0x01, 0x00, 0x00, 0x10, 0x40, 0x00, 0x00, 0xf0, 0x3a, 0x02, 0x00,
    0x21, 0x01, 0x00, 0x00, 0x20, 0x01, 0x00, 0x00, 0x20, 0x40, 0x00, 0x00,
    0xa0, 0x08, 0x00, 0x00, 0x21, 0x40, 0x00, 0x00, 0x00, 0x01, 0x00, 0x00,
    0x22, 0x40, 0x00, 0x00, 0x20, 0x08, 0x00, 0x00, 0x0d, 0x01, 0x0a, 0x00,
    0x2f, 0x01, 0x01, 0x00, 0x02, 0x00, 0x00, 0x00, 0x00, 0x40, 0x00, 0x00,
    0x30, 0x8e, 0x02, 0x00, 0x10, 0x40, 0x00, 0x00, 0x90, 0x3e, 0x02, 0x00,
    0x2f, 0x01, 0x03, 0x00, 0x02, 0x00, 0x00, 0x00, 0x00, 0x40, 0x00, 0x00,
    0x70, 0x2c, 0x02, 0x00, 0x0b, 0x01, 0x02, 0x00, 0x0c, 0x01, 0x02, 0x00,
    0x01, 0x01, 0x02, 0x00, 0x02, 0x01, 0x02, 0x00, 0x10, 0x40, 0x00, 0x00,
    0x70, 0x95, 0x02, 0x00, 0x21, 0x01, 0x02, 0x00, 0x20, 0x01, 0x04, 0x00,
    0x20, 0x40, 0x00, 0x00, 0x20, 0x0a, 0x00, 0x00, 0x21, 0x40, 0x00, 0x00,
    0xe0, 0x00, 0x00, 0x00, 0x22, 0x40, 0x00, 0x00, 0xa0, 0x09, 0x00, 0x00,
    0x2f, 0x01, 0x01, 0x00, 0x03, 0x00, 0x00, 0x00, 0x00, 0x40, 0x00, 0x00,
    0xd0, 0x91, 0x02, 0x00, 0x0b, 0x01, 0x00, 0x00, 0x0c, 0x01, 0x00, 0x00,
    0x01, 0x01, 0x00, 0x00, 0x02, 0x01, 0x00, 0x00, 0x10, 0x40, 0x00, 0x00,
    0xb0, 0xdc, 0x01, 0x00, 0x21, 0x01, 0x00, 0x00, 0x20, 0x01, 0x00, 0x00,
    0x20, 0x40, 0x00, 0x00, 0x80, 0x0b, 0x00, 0x00, 0x21, 0x40, 0x00, 0x00,
    0xf0, 0x00, 0x00, 0x00, 0x22, 0x40, 0x00, 0x00, 0x00, 0x0b, 0x00, 0x00,
    0x02, 0x00, 0x00, 0x00, 0x00, 0x40, 0x00, 0x00, 0x70, 0x95, 0x02, 0x00,
    0x10, 0x40, 0x00, 0x00, 0x50, 0xe0, 0x01, 0x00, 0x2f, 0x01, 0x03, 0x00,
    0x02, 0x00, 0x00, 0x00, 0x00, 0x40, 0x00, 0x00, 0x10, 0x30, 0x02, 0x00,
    0x0b, 0x01, 0x02, 0x00, 0x0c, 0x01, 0x02, 0x00, 0x01, 0x01, 0x02, 0x00,
    0x02, 0x01, 0x02, 0x00, 0x10, 0x40, 0x00, 0x00, 0xd0, 0x91, 0x02, 0x00,
    0x21, 0x01, 0x02, 0x00, 0x20, 0x01, 0x04, 0x00, 0x20, 0x40, 0x00, 0x00,
    0x20, 0x0a, 0x00, 0x00, 0x21, 0x40, 0x00, 0x00, 0xe0, 0x00, 0x00, 0x00,
    0x22, 0x40, 0x00, 0x00, 0xa0, 0x09, 0x00, 0x00, 0x03, 0x00, 0x00, 0x00,
    0x00, 0x40, 0x00, 0x00, 0xb0, 0x33, 0x02, 0x00, 0x10, 0x40, 0x00, 0x00,
    0x70, 0x95, 0x02, 0x00, 0x03, 0x00, 0x00, 0x00, 0x00, 0x40, 0x00, 0x00,
    0xd0, 0x91, 0x02, 0x00, 0x0b, 0x01, 0x00, 0x00, 0x0c, 0x01, 0x00, 0x00,
    0x01, 0x01, 0x00, 0x00, 0x02, 0x01, 0x00, 0x00, 0x10, 0x40, 0x00, 0x00,
    0xf0, 0xe3, 0x01, 0x00, 0x21, 0x01, 0x00, 0x00, 0x20, 0x01, 0x00, 0x00,
    0x20, 0x40, 0x00, 0x00, 0x80, 0x0b, 0x00, 0x00, 0x21, 0x40, 0x00, 0x00,
    0xf0, 0x00, 0x00, 0x00, 0x22, 0x40, 0x00, 0x00, 0x00, 0x0b, 0x00, 0x00,
    0x2f, 0x01, 0x01, 0x00, 0x02, 0x00, 0x00, 0x00, 0x00, 0x40, 0x00, 0x00,
    0x70, 0x95, 0x02, 0x00, 0x10, 0x40, 0x00, 0x00, 0x90, 0xe7, 0x01, 0x00,
    0x2f, 0x01, 0x03, 0x00, 0x02, 0x00, 0x00, 0x00, 0x00, 0x40, 0x00, 0x00,
    0x30, 0xeb, 0x01, 0x00, 0x02, 0x40, 0x00, 0x00, 0x30, 0xce, 0x01, 0x00,
    0x0b, 0x01, 0x01, 0x00, 0x0c, 0x01, 0x01, 0x00, 0x01, 0x01, 0x01, 0x00,
    0x02, 0x01, 0x01, 0x00, 0x10, 0x40, 0x00, 0x00, 0x10, 0x99, 0x02, 0x00,
    0x21, 0x01, 0x04, 0x00, 0x20, 0x01, 0x02, 0x00, 0x20, 0x40, 0x00, 0x00,
    0xf0, 0x0c, 0x00, 0x00, 0x21, 0x40, 0x00, 0x00, 0xe0, 0x00, 0x00, 0x00,
    0x22, 0x40, 0x00, 0x00, 0x70, 0x0c, 0x00, 0x00, 0x0d, 0x01, 0x12, 0x00,
    0x2f, 0x01, 0x01, 0x00, 0x03, 0x00, 0x00, 0x00, 0x00, 0x40, 0x00, 0x00,
    0xd0, 0xee, 0x01, 0x00, 0x0b, 0x01, 0x00, 0x00, 0x0c, 0x01, 0x00, 0x00,
    0x10, 0x40, 0x00, 0x00, 0xb0, 0x9c, 0x02, 0x00, 0x2f, 0x01, 0x03, 0x00,
    0x03, 0x00, 0x00, 0x00, 0x00, 0x40, 0x00, 0x00, 0x10, 0x99, 0x02, 0x00,
    0x02, 0x40, 0x00, 0x00, 0x00, 0x00, 0x00, 0x00, 0x01, 0x01, 0x00, 0x00,
    0x02, 0x01, 0x00, 0x00, 0x10, 0x40, 0x00, 0x00, 0x70, 0x49, 0x02, 0x00,
    0x21, 0x01, 0x00, 0x00, 0x20, 0x01, 0x00, 0x00, 0x20, 0x40, 0x00, 0x00,
    0x50, 0x0e, 0x00, 0x00, 0x21, 0x40, 0x00, 0x00, 0x00, 0x01, 0x00, 0x00,
    0x22, 0x40, 0x00, 0x00, 0xd0, 0x0d, 0x00, 0x00, 0x0d, 0x01, 0x0a, 0x00,
    0x2f, 0x01, 0x01, 0x00, 0x02, 0x00, 0x00, 0x00, 0x00, 0x40, 0x00, 0x00,
    0xb0, 0x9c, 0x02, 0x00, 0x10, 0x40, 0x00, 0x00, 0x10, 0x4d, 0x02, 0x00,
    0x2f, 0x01, 0x03, 0x00, 0x02, 0x00, 0x00, 0x00, 0x00, 0x40, 0x00, 0x00,
    0xb0, 0x50, 0x02, 0x00, 0x02, 0x40, 0x00, 0x00, 0x30, 0x42, 0x02, 0x00,
    0x0b, 0x01, 0x01, 0x00, 0x0c, 0x01, 0x01, 0x00, 0x01, 0x01, 0x01, 0x00,
    0x02, 0x01, 0x01, 0x00, 0x10, 0x40, 0x00, 0x00, 0xf0, 0xa3, 0x02, 0x00,
    0x21, 0x01, 0x02, 0x00, 0x20, 0x01, 0x02, 0x00, 0x20, 0x40, 0x00, 0x00,
    0xd0, 0x0f, 0x00, 0x00, 0x21, 0x40, 0x00, 0x00, 0xb0, 0x00, 0x00, 0x00,
    0x22, 0x40, 0x00, 0x00, 0x50, 0x0f, 0x00, 0x00, 0x2f, 0x01, 0x01, 0x00,
    0x03, 0x00, 0x00, 0x00, 0x00, 0x40, 0x00, 0x00, 0x50, 0xa0, 0x02, 0x00,
    0x02, 0x40, 0x00, 0x00, 0x00, 0x00, 0x00, 0x00, 0x0b, 0x01, 0x00, 0x00,
    0x0c, 0x01, 0x00, 0x00, 0x01, 0x01, 0x00, 0x00, 0x02, 0x01, 0x00, 0x00,
    0x10, 0x40, 0x00, 0x00, 0x30, 0x08, 0x02, 0x00, 0x21, 0x01, 0x00, 0x00,
    0x20, 0x01, 0x00, 0x00, 0x20, 0x40, 0x00, 0x00, 0x00, 0x11, 0x00, 0x00,
    0x21, 0x40, 0x00, 0x00, 0x00, 0x01, 0x00, 0x00, 0x22, 0x40, 0x00, 0x00,
    0x80, 0x10, 0x00, 0x00, 0x02, 0x00, 0x00, 0x00, 0x00, 0x40, 0x00, 0x00,
    0xf0, 0xa3, 0x02, 0x00, 0x10, 0x40, 0x00, 0x00, 0xd0, 0x0b, 0x02, 0x00,
    0x2f, 0x01, 0x03, 0x00, 0x02, 0x00, 0x00, 0x00, 0x00, 0x40, 0x00, 0x00,
    0x50, 0x54, 0x02, 0x00, 0x02, 0x40, 0x00, 0x00, 0x30, 0x42, 0x02, 0x00,
    0x01, 0x01, 0x01, 0x00, 0x02, 0x01, 0x01, 0x00, 0x10, 0x40, 0x00, 0x00,
    0x50, 0xa0, 0x02, 0x00, 0x21, 0x01, 0x02, 0x00, 0x20, 0x01, 0x02, 0x00,
    0x20, 0x40, 0x00, 0x00, 0xd0, 0x0f, 0x00, 0x00, 0x21, 0x40, 0x00, 0x00,
    0xb0, 0x00, 0x00, 0x00, 0x22, 0x40, 0x00, 0x00, 0x50, 0x0f, 0x00, 0x00,
    0x03, 0x00, 0x00, 0x00, 0x00, 0x40, 0x00, 0x00, 0x30, 0x42, 0x02, 0x00,
    0x02, 0x40, 0x00, 0x00, 0x00, 0x00, 0x00, 0x00, 0x0b, 0x01, 0x02, 0x00,
    0x0c, 0x01, 0x02, 0x00, 0x10, 0x40, 0x00, 0x00, 0xf0, 0xa3, 0x02, 0x00,
    0x03, 0x00, 0x00, 0x00, 0x00, 0x40, 0x00, 0x00, 0x50, 0xa0, 0x02, 0x00,
    0x0b, 0x01, 0x00, 0x00, 0x0c, 0x01, 0x00, 0x00, 0x01, 0x01, 0x00, 0x00,
    0x02, 0x01, 0x00, 0x00, 0x10, 0x40, 0x00, 0x00, 0x70, 0x0f, 0x02, 0x00,
    0x21, 0x01, 0x00, 0x00, 0x20, 0x01, 0x00, 0x00, 0x20, 0x40, 0x00, 0x00,
    0x00, 0x11, 0x00, 0x00, 0x21, 0x40, 0x00, 0x00, 0x00, 0x01, 0x00, 0x00,
    0x22, 0x40, 0x00, 0x00, 0x80, 0x10, 0x00, 0x00, 0x2f, 0x01, 0x01, 0x00,
    0x02, 0x00, 0x00, 0x00, 0x00, 0x40, 0x00, 0x00, 0xf0, 0xa3, 0x02, 0x00,
    0x10, 0x40, 0x00, 0x00, 0x10, 0x13, 0x02, 0x00, 0x2f, 0x01, 0x03, 0x00,
    0x02, 0x00, 0x00, 0x00, 0x00, 0x40, 0x00, 0x00, 0xd0, 0x45, 0x02, 0x00,
    0x0b, 0x01, 0x02, 0x00, 0x0c, 0x01, 0x02, 0x00, 0x01, 0x01, 0x01, 0x00,
    0x02, 0x01, 0x01, 0x00, 0x10, 0x40, 0x00, 0x00, 0x50, 0xa0, 0x02, 0x00,
    0x21, 0x01, 0x02, 0x00, 0x20, 0x01, 0x02, 0x00, 0x20, 0x40, 0x00, 0x00,
    0xd0, 0x0f, 0x00, 0x00, 0x21, 0x40, 0x00, 0x00, 0xb0, 0x00, 0x00, 0x00,
    0x22, 0x40, 0x00, 0x00, 0x50, 0x0f, 0x00, 0x00, 0x03, 0x00, 0x00, 0x00,
    0x00, 0x40, 0x00, 0x00, 0x30, 0xce, 0x01, 0x00, 0x0b, 0x01, 0x04, 0x00,
    0x0c, 0x01, 0x04, 0x00, 0x10, 0x40, 0x00, 0x00, 0x10, 0x99, 0x02, 0x00,
    0x21, 0x01, 0x04, 0x00, 0x20, 0x40, 0x00, 0x00, 0xf0, 0x0c, 0x00, 0x00,
    0x21, 0x40, 0x00, 0x00, 0xe0, 0x00, 0x00, 0x00, 0x22, 0x40, 0x00, 0x00,
    0x70, 0x0c, 0x00, 0x00, 0x0d, 0x01, 0x12, 0x00, 0x03, 0x00, 0x00, 0x00,
    0x00, 0x40, 0x00, 0x00, 0xd0, 0xd1, 0x01, 0x00, 0x10, 0x40, 0x00, 0x00,
    0xb0, 0x9c, 0x02, 0x00, 0x03, 0x00, 0x00, 0x00, 0x00, 0x40, 0x00, 0x00,
    0x10, 0x99, 0x02, 0x00, 0x0b, 0x01, 0x00, 0x00, 0x0c, 0x01, 0x00, 0x00,
    0x01, 0x01, 0x00, 0x00, 0x02, 0x01, 0x00, 0x00, 0x10, 0x40, 0x00, 0x00,
    0xb0, 0x50, 0x02, 0x00, 0x21, 0x01, 0x00, 0x00, 0x20, 0x01, 0x00, 0x00,
    0x20, 0x40, 0x00, 0x00, 0x50, 0x0e, 0x00, 0x00, 0x21, 0x40, 0x00, 0x00,
    0x00, 0x01, 0x00, 0x00, 0x22, 0x40, 0x00, 0x00, 0xd0, 0x0d, 0x00, 0x00,
    0x0d, 0x01, 0x0a, 0x00, 0x2f, 0x01, 0x01, 0x00, 0x02, 0x00, 0x00, 0x00,
    0x00, 0x40, 0x00, 0x00, 0xb0, 0x9c, 0x02, 0x00, 0x10, 0x40, 0x00, 0x00,
    0x50, 0x54, 0x02, 0x00, 0x2f, 0x01, 0x03, 0x00, 0x02, 0x00, 0x00, 0x00,
    0x00, 0x40, 0x00, 0x00, 0x70, 0xd5, 0x01, 0x00, 0x0b, 0x01, 0x04, 0x00,
    0x0c, 0x01, 0x04, 0x00, 0x01, 0x01, 0x01, 0x00, 0x02, 0x01, 0x01, 0x00,
    0x10, 0x40, 0x00, 0x00, 0x10, 0x99, 0x02, 0x00, 0x21, 0x01, 0x04, 0x00,
    0x20, 0x01, 0x02, 0x00, 0x20, 0x40, 0x00, 0x00, 0xf0, 0x0c, 0x00, 0x00,
    0x21, 0x40, 0x00, 0x00, 0xe0, 0x00, 0x00, 0x00, 0x22, 0x40, 0x00, 0x00,
    0x70, 0x0c, 0x00, 0x00, 0x0d, 0x01, 0x12, 0x00, 0x03, 0x00, 0x00, 0x00,
    0x00, 0x40, 0x00, 0x00, 0x10, 0xd9, 0x01, 0x00, 0x10, 0x40, 0x00, 0x00,
    0xb0, 0x9c, 0x02, 0x00, 0x03, 0x00, 0x00, 0x00, 0x00, 0x40, 0x00, 0x00,
    0x10, 0x99, 0x02, 0x00, 0x0b, 0x01, 0x00, 0x00, 0x0c, 0x01, 0x00, 0x00,
    0x01, 0x01, 0x00, 0x00, 0x02, 0x01, 0x00, 0x00, 0x10, 0x40, 0x00, 0x00,
    0x30, 0x42, 0x02, 0x00, 0x21, 0x01, 0x00, 0x00, 0x20, 0x01, 0x00, 0x00,
    0x20, 0x40, 0x00, 0x00, 0x50, 0x0e, 0x00, 0x00, 0x21, 0x40, 0x00, 0x00,
    0x00, 0x01, 0x00, 0x00, 0x22, 0x40, 0x00, 0x00, 0xd0, 0x0d, 0x00, 0x00,
    0x0d, 0x01, 0x0a, 0x00, 0x2f, 0x01, 0x01, 0x00, 0x02, 0x00, 0x00, 0x00,
    0x00, 0x40, 0x00, 0x00, 0xb0, 0x9c, 0x02, 0x00, 0x10, 0x40, 0x00, 0x00,
    0xd0, 0x45, 0x02, 0x00, 0x2f, 0x01, 0x03, 0x00, 0x02, 0x00, 0x00, 0x00,
    0x00, 0x40, 0x00, 0x00, 0x70, 0x49, 0x02, 0x00, 0x0b, 0x01, 0x02, 0x00,
    0x0c, 0x01, 0x02, 0x00, 0x01, 0x01, 0x01, 0x00, 0x02, 0x01, 0x01, 0x00,
    0x10, 0x40, 0x00, 0x00, 0xf0, 0xa3, 0x02, 0x00, 0x21, 0x01, 0x02, 0x00,
    0x20, 0x01, 0x02, 0x00, 0x20, 0x40, 0x00, 0x00, 0xd0, 0x0f, 0x00, 0x00,
    0x21, 0x40, 0x00, 0x00, 0xb0, 0x00, 0x00, 0x00, 0x22, 0x40, 0x00, 0x00,
    0x50, 0x0f, 0x00, 0x00, 0x2f, 0x01, 0x01, 0x00, 0x03, 0x00, 0x00, 0x00,
    0x00, 0x40, 0x00, 0x00, 0x50, 0xa0, 0x02, 0x00, 0x0b, 0x01, 0x00, 0x00,
    0x0c, 0x01, 0x00, 0x00, 0x01, 0x01, 0x00, 0x00, 0x02, 0x01, 0x00, 0x00,
    0x10, 0x40, 0x00, 0x00, 0x70, 0xf2, 0x01, 0x00, 0x21, 0x01, 0x00, 0x00,
    0x20, 0x01, 0x00, 0x00, 0x20, 0x40, 0x00, 0x00, 0x00, 0x11, 0x00, 0x00,
    0x21, 0x40, 0x00, 0x00, 0x00, 0x01, 0x00, 0x00, 0x22, 0x40, 0x00, 0x00,
    0x80, 0x10, 0x00, 0x00, 0x02, 0x00, 0x00, 0x00, 0x00, 0x40, 0x00, 0x00,
    0xf0, 0xa3, 0x02, 0x00, 0x10, 0x40, 0x00, 0x00, 0x10, 0xf6, 0x01, 0x00,
    0x2f, 0x01, 0x03, 0x00, 0x02, 0x00, 0x00, 0x00, 0x00, 0x40, 0x00, 0x00,
    0xb0, 0xf9, 0x01, 0x00, 0x0b, 0x01, 0x04, 0x00, 0x0c, 0x01, 0x04, 0x00,
    0x01, 0x01, 0x01, 0x00, 0x02, 0x01, 0x01, 0x00, 0x10, 0x40, 0x00, 0x00,
    0x90, 0xa7, 0x02, 0x00, 0x21, 0x01, 0x04, 0x00, 0x20, 0x01, 0x02, 0x00,
    0x20, 0x40, 0x00, 0x00, 0x80, 0x12, 0x00, 0x00, 0x21, 0x40, 0x00, 0x00,
    0xe0, 0x00, 0x00, 0x00, 0x22, 0x40, 0x00, 0x00, 0x00, 0x12, 0x00, 0x00,
    0x0d, 0x01, 0x12, 0x00, 0x2f, 0x01, 0x01, 0x00, 0x03, 0x00, 0x00, 0x00,
    0x00, 0x40, 0x00, 0x00, 0x50, 0xfd, 0x01, 0x00, 0x10, 0x40, 0x00, 0x00,
    0x30, 0xab, 0x02, 0x00, 0x2f, 0x01, 0x03, 0x00, 0x03, 0x00, 0x00, 0x00,
    0x00, 0x40, 0x00, 0x00, 0x90, 0xa7, 0x02, 0x00, 0x0b, 0x01, 0x00, 0x00,
    0x0c, 0x01, 0x00, 0x00, 0x01, 0x01, 0x00, 0x00, 0x02, 0x01, 0x00, 0x00,
    0x10, 0x40, 0x00, 0x00, 0x30, 0x5f, 0x02, 0x00, 0x21, 0x01, 0x00, 0x00,
    0x20, 0x01, 0x00, 0x00, 0x20, 0x40, 0x00, 0x00, 0xe0, 0x13, 0x00, 0x00,
    0x21, 0x40, 0x00, 0x00, 0x00, 0x01, 0x00, 0x00, 0x22, 0x40, 0x00, 0x00,
    0x60, 0x13, 0x00, 0x00, 0x0d, 0x01, 0x0a, 0x00, 0x2f, 0x01, 0x01, 0x00,
    0x02, 0x00, 0x00, 0x00, 0x00, 0x40, 0x00, 0x00, 0x30, 0xab, 0x02, 0x00,
    0x10, 0x40, 0x00, 0x00, 0xd0, 0x62, 0x02, 0x00, 0x2f, 0x01, 0x03, 0x00,
    0x02, 0x00, 0x00, 0x00, 0x00, 0x40, 0x00, 0x00, 0xf0, 0x00, 0x02, 0x00,
    0x0b, 0x01, 0x04, 0x00, 0x0c, 0x01, 0x04, 0x00, 0x01, 0x01, 0x01, 0x00,
    0x02, 0x01, 0x01, 0x00, 0x10, 0x40, 0x00, 0x00, 0x90, 0xa7, 0x02, 0x00,
    0x21, 0x01, 0x04, 0x00, 0x20, 0x01, 0x02, 0x00, 0x20, 0x40, 0x00, 0x00,
    0x80, 0x12, 0x00, 0x00, 0x21, 0x40, 0x00, 0x00, 0xe0, 0x00, 0x00, 0x00,
    0x22, 0x40, 0x00, 0x00, 0x00, 0x12, 0x00, 0x00, 0x0d, 0x01, 0x12, 0x00,
    0x03, 0x00, 0x00, 0x00, 0x00, 0x40, 0x00, 0x00, 0x90, 0x04, 0x02, 0x00,
    0x10, 0x40, 0x00, 0x00, 0x30, 0xab, 0x02, 0x00, 0x03, 0x00, 0x00, 0x00,
    0x00, 0x40, 0x00, 0x00, 0x90, 0xa7, 0x02, 0x00, 0x0b, 0x01, 0x00, 0x00,
    0x0c, 0x01, 0x00, 0x00, 0x01, 0x01, 0x00, 0x00, 0x02, 0x01, 0x00, 0x00,
    0x10, 0x40, 0x00, 0x00, 0x70, 0x66, 0x02, 0x00, 0x21, 0x01, 0x00, 0x00,
    0x20, 0x01, 0x00, 0x00, 0x20, 0x40, 0x00, 0x00, 0xe0, 0x13, 0x00, 0x00,
    0x21, 0x40, 0x00, 0x00, 0x00, 0x01, 0x00, 0x00, 0x22, 0x40, 0x00, 0x00,
    0x60, 0x13, 0x00, 0x00, 0x0d, 0x01, 0x0a, 0x00, 0x2f, 0x01, 0x01, 0x00,
    0x02, 0x00, 0x00, 0x00, 0x00, 0x40, 0x00, 0x00, 0x30, 0xab, 0x02, 0x00,
    0x10, 0x40, 0x00, 0x00, 0x10, 0x6a, 0x02, 0x00, 0x2f, 0x01, 0x03, 0x00,
    0x02, 0x00, 0x00, 0x00, 0x00, 0x40, 0x00, 0x00, 0xf0, 0x57, 0x02, 0x00,
    0x0b, 0x01, 0x02, 0x00, 0x0c, 0x01, 0x02, 0x00, 0x01, 0x01, 0x02, 0x00,
    0x02, 0x01, 0x02, 0x00, 0x10, 0x40, 0x00, 0x00, 0x70, 0xb2, 0x02, 0x00,
    0x21, 0x01, 0x02, 0x00, 0x20, 0x01, 0x04, 0x00, 0x20, 0x40, 0x00, 0x00,
    0x60, 0x15, 0x00, 0x00, 0x21, 0x40, 0x00, 0x00, 0xe0, 0x00, 0x00, 0x00,
    0x22, 0x40, 0x00, 0x00, 0xe0, 0x14, 0x00, 0x00, 0x2f, 0x01, 0x01, 0x00,
    0x03, 0x00, 0x00, 0x00, 0x00, 0x40, 0x00, 0x00, 0xd0, 0xae, 0x02, 0x00,
    0x0b, 0x01, 0x00, 0x00, 0x0c, 0x01, 0x00, 0x00, 0x01, 0x01, 0x00, 0x00,
    0x02, 0x01, 0x00, 0x00, 0x10, 0x40, 0x00, 0x00, 0x10, 0xb6, 0x02, 0x00,
    0x21, 0x01, 0x00, 0x00, 0x20, 0x01, 0x00, 0x00, 0x20, 0x40, 0x00, 0x00,
    0xc0, 0x16, 0x00, 0x00, 0x21, 0x40, 0x00, 0x00, 0xf0, 0x00, 0x00, 0x00,
    0x22, 0x40, 0x00, 0x00, 0x40, 0x16, 0x00, 0x00, 0x02, 0x00, 0x00, 0x00,
    0x00, 0x40, 0x00, 0x00, 0x70, 0xb2, 0x02, 0x00, 0x10, 0x40, 0x00, 0x00,
    0xb0, 0xb9, 0x02, 0x00, 0x2f, 0x01, 0x03, 0x00, 0x02, 0x00, 0x00, 0x00,
    0x00, 0x40, 0x00, 0x00, 0x10, 0xb6, 0x02, 0x00, 0x10, 0x40, 0x00, 0x00,
    0xb8, 0x02, 0x00, 0x00, 0x13, 0x01, 0x00, 0x00, 0x15, 0x40, 0x00, 0x00,
    0x3a, 0x00, 0x00, 0x00, 0x14, 0x40, 0x00, 0x00, 0x01, 0x00, 0x00, 0x00,
    0x16, 0x40, 0x00, 0x00, 0x01, 0x00, 0x00, 0x00, 0x18, 0x01, 0x5a, 0x00,
    0x14, 0x01, 0x01, 0x00, 0x20, 0x40, 0x00, 0x00, 0xc0, 0x17, 0x00, 0x00,
    0x21, 0x40, 0x00, 0x00, 0x40, 0x00, 0x00, 0x00, 0x22, 0x40, 0x00, 0x00,
    0xb0, 0x17, 0x00, 0x00, 0x23, 0x40, 0x00, 0x00, 0x10, 0x00, 0x00, 0x00,
    0x17, 0x01, 0x07, 0x00, 0x2f, 0x01, 0x01, 0x00, 0x02, 0x00, 0x00, 0x00,
    0x00, 0x40, 0x00, 0x00, 0xb0, 0xb9, 0x02, 0x00, 0x10, 0x40, 0x00, 0x00,
    0xf2, 0x02, 0x00, 0x00, 0x2f, 0x01, 0x03, 0x00, 0x02, 0x00, 0x00, 0x00,
    0x00, 0x40, 0x00, 0x00, 0x90, 0x5b, 0x02, 0x00, 0x0b, 0x01, 0x02, 0x00,
    0x0c, 0x01, 0x02, 0x00, 0x01, 0x01, 0x02, 0x00, 0x02, 0x01, 0x02, 0x00,
    0x10, 0x40, 0x00, 0x00, 0xd0, 0xae, 0x02, 0x00, 0x13, 0x01, 0x0b, 0x00,
    0x15, 0x40, 0x00, 0x00, 0xa0, 0x03, 0x00, 0x00, 0x14, 0x40, 0x00, 0x00,
    0x10, 0x00, 0x00, 0x00, 0x16, 0x40, 0x00, 0x00, 0xa0, 0x03, 0x00, 0x00,
    0x18, 0x01, 0x80, 0xff, 0x14, 0x01, 0x41, 0x00, 0x21, 0x01, 0x02, 0x00,
    0x20, 0x01, 0x04, 0x00, 0x20, 0x40, 0x00, 0x00, 0x60, 0x15, 0x00, 0x00,
    0x21, 0x40, 0x00, 0x00, 0xe0, 0x00, 0x00, 0x00, 0x22, 0x40, 0x00, 0x00,
    0xe0, 0x14, 0x00, 0x00, 0x23, 0x40, 0x00, 0x00, 0x80, 0x00, 0x00, 0x00,
    0x17, 0x01, 0x0f, 0x00, 0x03, 0x00, 0x00, 0x00, 0x00, 0x40, 0x00, 0x00,
    0x30, 0x5f, 0x02, 0x00, 0x10, 0x40, 0x00, 0x00, 0x70, 0xb2, 0x02, 0x00,
    0x03, 0x00, 0x00, 0x00, 0x00, 0x40, 0x00, 0x00, 0xd0, 0xae, 0x02, 0x00,
    0x0b, 0x01, 0x00, 0x00, 0x0c, 0x01, 0x00, 0x00, 0x01, 0x01, 0x00, 0x00,
    0x02, 0x01, 0x00, 0x00, 0x10, 0x40, 0x00, 0x00, 0x10, 0xb6, 0x02, 0x00,
    0x21, 0x01, 0x00, 0x00, 0x20, 0x01, 0x00, 0x00, 0x20, 0x40, 0x00, 0x00,
    0xc0, 0x16, 0x00, 0x00, 0x21, 0x40, 0x00, 0x00, 0xf0, 0x00, 0x00, 0x00,
    0x22, 0x40, 0x00, 0x00, 0x40, 0x16, 0x00, 0x00, 0x2f, 0x01, 0x01, 0x00,
    0x02, 0x00, 0x00, 0x00, 0x00, 0x40, 0x00, 0x00, 0x70, 0xb2, 0x02, 0x00,
    0x10, 0x40, 0x00, 0x00, 0xb0, 0xb9, 0x02, 0x00, 0x2f, 0x01, 0x03, 0x00,
    0x02, 0x00, 0x00, 0x00, 0x00, 0x40, 0x00, 0x00, 0x10, 0xb6, 0x02, 0x00,
    0x10, 0x40, 0x00, 0x00, 0x2c, 0x03, 0x00, 0x00, 0x13, 0x01, 0x00, 0x00,
    0x15, 0x40, 0x00, 0x00, 0x3a, 0x00, 0x00, 0x00, 0x14, 0x40, 0x00, 0x00,
    0x01, 0x00, 0x00, 0x00, 0x16, 0x40, 0x00, 0x00, 0x01, 0x00, 0x00, 0x00,
    0x18, 0x01, 0x5a, 0x00, 0x14, 0x01, 0x01, 0x00, 0x20, 0x40, 0x00, 0x00,
    0xc0, 0x17, 0x00, 0x00, 0x21, 0x40, 0x00, 0x00, 0x40, 0x00, 0x00, 0x00,
    0x22, 0x40, 0x00, 0x00, 0xb0, 0x17, 0x00, 0x00, 0x23, 0x40, 0x00, 0x00,
    0x10, 0x00, 0x00, 0x00, 0x17, 0x01, 0x07, 0x00, 0x2f, 0x01, 0x01, 0x00,
    0x02, 0x00, 0x00, 0x00, 0x00, 0x40, 0x00, 0x00, 0xb0, 0xb9, 0x02, 0x00,
    0x10, 0x40, 0x00, 0x00, 0x66, 0x03, 0x00, 0x00, 0x2f, 0x01, 0x03, 0x00,
    0x02, 0x00, 0x00, 0x00, 0x00, 0x40, 0x00, 0x00, 0xd0, 0x62, 0x02, 0x00,
    0x0b, 0x01, 0x02, 0x00, 0x0c, 0x01, 0x02, 0x00, 0x01, 0x01, 0x02, 0x00,
    0x02, 0x01, 0x02, 0x00, 0x10, 0x40, 0x00, 0x00, 0xd0, 0xae, 0x02, 0x00,
    0x13, 0x01, 0x0b, 0x00, 0x15, 0x40, 0x00, 0x00, 0xa0, 0x03, 0x00, 0x00,
    0x14, 0x40, 0x00, 0x00, 0x10, 0x00, 0x00, 0x00, 0x16, 0x40, 0x00, 0x00,
    0xa0, 0x03, 0x00, 0x00, 0x18, 0x01, 0x80, 0xff, 0x14, 0x01, 0x41, 0x00,
    0x21, 0x01, 0x02, 0x00, 0x20, 0x01, 0x04, 0x00, 0x20, 0x40, 0x00, 0x00,
    0x60, 0x15, 0x00, 0x00, 0x21, 0x40, 0x00, 0x00, 0xe0, 0x00, 0x00, 0x00,
    0x22, 0x40, 0x00, 0x00, 0xe0, 0x14, 0x00, 0x00, 0x23, 0x40, 0x00, 0x00,
    0x80, 0x00, 0x00, 0x00, 0x17, 0x01, 0x0f, 0x00, 0x03, 0x00, 0x00, 0x00,
    0x00, 0x40, 0x00, 0x00, 0x30, 0x08, 0x02, 0x00, 0x02, 0x40, 0x00, 0x00,
    0x70, 0xf2, 0x01, 0x00, 0x0b, 0x01, 0x03, 0x00, 0x0c, 0x01, 0x03, 0x00,
    0x01, 0x01, 0x01, 0x00, 0x02, 0x01, 0x01, 0x00, 0x10, 0x40, 0x00, 0x00,
    0x90, 0xa7, 0x02, 0x00, 0x21, 0x01, 0x04, 0x00, 0x20, 0x01, 0x02, 0x00,
    0x20, 0x40, 0x00, 0x00, 0x80, 0x12, 0x00, 0x00, 0x22, 0x40, 0x00, 0x00,
    0x00, 0x12, 0x00, 0x00, 0x0d, 0x01, 0x12, 0x00, 0x03, 0x00, 0x00, 0x00,
    0x00, 0x40, 0x00, 0x00, 0xd0, 0x0b, 0x02, 0x00, 0x0b, 0x01, 0x02, 0x00,
    0x0c, 0x01, 0x02, 0x00, 0x10, 0x40, 0x00, 0x00, 0x30, 0xab, 0x02, 0x00,
    0x03, 0x00, 0x00, 0x00, 0x00, 0x40, 0x00, 0x00, 0x90, 0xa7, 0x02, 0x00,
    0x02, 0x40, 0x00, 0x00, 0x00, 0x00, 0x00, 0x00, 0x0b, 0x01, 0x00, 0x00,
    0x0c, 0x01, 0x00, 0x00, 0x01, 0x01, 0x00, 0x00, 0x02, 0x01, 0x00, 0x00,
    0x10, 0x40, 0x00, 0x00, 0xf0, 0x57, 0x02, 0x00, 0x21, 0x01, 0x00, 0x00,
    0x20, 0x01, 0x00, 0x00, 0x20, 0x40, 0x00, 0x00, 0xe0, 0x13, 0x00, 0x00,
    0x21, 0x40, 0x00, 0x00, 0x00, 0x01, 0x00, 0x00, 0x22, 0x40, 0x00, 0x00,
    0x60, 0x13, 0x00, 0x00, 0x0d, 0x01, 0x0a, 0x00, 0x2f, 0x01, 0x01, 0x00,
    0x02, 0x00, 0x00, 0x00, 0x00, 0x40, 0x00, 0x00, 0x30, 0xab, 0x02, 0x00,
    0x10, 0x40, 0x00, 0x00, 0x90, 0x5b, 0x02, 0x00, 0x2f, 0x01, 0x03, 0x00,
    0x02, 0x00, 0x00, 0x00, 0x00, 0x40, 0x00, 0x00, 0x10, 0x4d, 0x02, 0x00,
    0x0b, 0x01, 0x02, 0x00, 0x0c, 0x01, 0x02, 0x00, 0x01, 0x01, 0x01, 0x00,
    0x02, 0x01, 0x01, 0x00, 0x10, 0x40, 0x00, 0x00, 0x50, 0xa0, 0x02, 0x00,
    0x21, 0x01, 0x02, 0x00, 0x20, 0x01, 0x02, 0x00, 0x20, 0x40, 0x00, 0x00,
    0xd0, 0x0f, 0x00, 0x00, 0x21, 0x40, 0x00, 0x00, 0xb0, 0x00, 0x00, 0x00,
    0x22, 0x40, 0x00, 0x00, 0x50, 0x0f, 0x00, 0x00, 0x03, 0x00, 0x00, 0x00,
    0x00, 0x40, 0x00, 0x00, 0xb0, 0x50, 0x02, 0x00, 0x02, 0x40, 0x00, 0x00,
    0x30, 0x42, 0x02, 0x00, 0x0b, 0x01, 0x01, 0x00, 0x0c, 0x01, 0x01, 0x00,
    0x10, 0x40, 0x00, 0x00, 0xf0, 0xa3, 0x02, 0x00, 0x03, 0x00, 0x00, 0x00,
    0x00, 0x40, 0x00, 0x00, 0x50, 0xa0, 0x02, 0x00, 0x02, 0x40, 0x00, 0x00,
    0x00, 0x00, 0x00, 0x00, 0x0b, 0x01, 0x00, 0x00, 0x0c, 0x01, 0x00, 0x00,
    0x01, 0x01, 0x00, 0x00, 0x02, 0x01, 0x00, 0x00, 0x10, 0x40, 0x00, 0x00,
    0xb0, 0xf9, 0x01, 0x00, 0x21, 0x01, 0x00, 0x00, 0x20, 0x01, 0x00, 0x00,
    0x20, 0x40, 0x00, 0x00, 0x00, 0x11, 0x00, 0x00, 0x21, 0x40, 0x00, 0x00,
    0x00, 0x01, 0x00, 0x00, 0x22, 0x40, 0x00, 0x00, 0x80, 0x10, 0x00, 0x00,
    0x2f, 0x01, 0x01, 0x00, 0x02, 0x00, 0x00, 0x00, 0x00, 0x40, 0x00, 0x00,
    0xf0, 0xa3, 0x02, 0x00, 0x10, 0x40, 0x00, 0x00, 0x50, 0xfd, 0x01, 0x00,
    0x2f, 0x01, 0x03, 0x00, 0x02, 0x00, 0x00, 0x00, 0x00, 0x40, 0x00, 0x00,
    0x50, 0x54, 0x02, 0x00, 0x02, 0x40, 0x00, 0x00, 0x30, 0x42, 0x02, 0x00,
    0x01, 0x01, 0x01, 0x00, 0x02, 0x01, 0x01, 0x00, 0x10, 0x40, 0x00, 0x00,
    0x50, 0xa0, 0x02, 0x00, 0x21, 0x01, 0x02, 0x00, 0x20, 0x01, 0x02, 0x00,
    0x20, 0x40, 0x00, 0x00, 0xd0, 0x0f, 0x00, 0x00, 0x21, 0x40, 0x00, 0x00,
    0xb0, 0x00, 0x00, 0x00, 0x22, 0x40, 0x00, 0x00, 0x50, 0x0f, 0x00, 0x00,
    0x03, 0x00, 0x00, 0x00, 0x00, 0x40, 0x00, 0x00, 0x50, 0x37, 0x02, 0x00,
    0x02, 0x40, 0x00, 0x00, 0x00, 0x00, 0x00, 0x00, 0x0b, 0x01, 0x02, 0x00,
    0x0c, 0x01, 0x02, 0x00, 0x01, 0x01, 0x02, 0x00, 0x02, 0x01, 0x02, 0x00,
    0x10, 0x40, 0x00, 0x00, 0xd0, 0x91, 0x02, 0x00, 0x20, 0x01, 0x04, 0x00,
    0x20, 0x40, 0x00, 0x00, 0x20, 0x0a, 0x00, 0x00, 0x21, 0x40, 0x00, 0x00,
    0xe0, 0x00, 0x00, 0x00, 0x22, 0x40, 0x00, 0x00, 0xa0, 0x09, 0x00, 0x00,
    0x03, 0x00, 0x00, 0x00, 0x00, 0x40, 0x00, 0x00, 0xf0, 0xc6, 0x01, 0x00,
    0x02, 0x40, 0x00, 0x00, 0xf0, 0xa9, 0x01, 0x00, 0x0b, 0x01, 0x01, 0x00,
    0x0c, 0x01, 0x01, 0x00, 0x01, 0x01, 0x01, 0x00, 0x02, 0x01, 0x01, 0x00,
    0x10, 0x40, 0x00, 0x00, 0x90, 0x8a, 0x02, 0x00, 0x21, 0x01, 0x04, 0x00,
    0x20, 0x01, 0x02, 0x00, 0x20, 0x40, 0x00, 0x00, 0x40, 0x07, 0x00, 0x00,
    0x22, 0x40, 0x00, 0x00, 0xc0, 0x06, 0x00, 0x00, 0x0d, 0x01, 0x12, 0x00,
    0x03, 0x00, 0x00, 0x00, 0x00, 0x40, 0x00, 0x00, 0x90, 0xca, 0x01, 0x00,
    0x0b, 0x01, 0x00, 0x00, 0x0c, 0x01, 0x00, 0x00, 0x10, 0x40, 0x00, 0x00,
    0x30, 0x8e, 0x02, 0x00, 0x03, 0x00, 0x00, 0x00, 0x00, 0x40, 0x00, 0x00,
    0x90, 0x8a, 0x02, 0x00, 0x02, 0x40, 0x00, 0x00, 0x00, 0x00, 0x00, 0x00,
    0x01, 0x01, 0x00, 0x00, 0x02, 0x01, 0x00, 0x00, 0x10, 0x40, 0x00, 0x00,
    0x70, 0x2c, 0x02, 0x00, 0x21, 0x01, 0x00, 0x00, 0x20, 0x01, 0x00, 0x00,
    0x20, 0x40, 0x00, 0x00, 0xa0, 0x08, 0x00, 0x00, 0x21, 0x40, 0x00, 0x00,
    0x00, 0x01, 0x00, 0x00, 0x22, 0x40, 0x00, 0x00, 0x20, 0x08, 0x00, 0x00,
    0x0d, 0x01, 0x0a, 0x00, 0x2f, 0x01, 0x01, 0x00, 0x02, 0x00, 0x00, 0x00,
    0x00, 0x40, 0x00, 0x00, 0x30, 0x8e, 0x02, 0x00, 0x10, 0x40, 0x00, 0x00,
    0x10, 0x30, 0x02, 0x00, 0x2f, 0x01, 0x03, 0x00, 0x02, 0x00, 0x00, 0x00,
    0x00, 0x40, 0x00, 0x00, 0x90, 0x21, 0x02, 0x00, 0x0b, 0x01, 0x02, 0x00,
    0x0c, 0x01, 0x02, 0x00, 0x01, 0x01, 0x01, 0x00, 0x02, 0x01, 0x01, 0x00,
    0x10, 0x40, 0x00, 0x00, 0x50, 0x83, 0x02, 0x00, 0x21, 0x01, 0x02, 0x00,
    0x20, 0x01, 0x02, 0x00, 0x20, 0x40, 0x00, 0x00, 0xa0, 0x04, 0x00, 0x00,
    0x21, 0x40, 0x00, 0x00, 0xa0, 0x00, 0x00, 0x00, 0x22, 0x40, 0x00, 0x00,
    0x20, 0x04, 0x00, 0x00, 0x03, 0x00, 0x00, 0x00, 0x00, 0x40, 0x00, 0x00,
    0x30, 0x25, 0x02, 0x00, 0x02, 0x40, 0x00, 0x00, 0xb0, 0x16, 0x02, 0x00,
    0x0b, 0x01, 0x01, 0x00, 0x0c, 0x01, 0x01, 0x00, 0x10, 0x40, 0x00, 0x00,
    0xf0, 0x86, 0x02, 0x00, 0x03, 0x00, 0x00, 0x00, 0x00, 0x40, 0x00, 0x00,
    0x50, 0x83, 0x02, 0x00, 0x02, 0x40, 0x00, 0x00, 0x00, 0x00, 0x00, 0x00,
    0x0b, 0x01, 0x00, 0x00, 0x0c, 0x01, 0x00, 0x00, 0x01, 0x01, 0x00, 0x00,
    0x02, 0x01, 0x00, 0x00, 0x10, 0x40, 0x00, 0x00, 0x70, 0xb8, 0x01, 0x00,
    0x21, 0x01, 0x00, 0x00, 0x20, 0x01, 0x00, 0x00, 0x20, 0x40, 0x00, 0x00,
    0xc0, 0x05, 0x00, 0x00, 0x21, 0x40, 0x00, 0x00, 0x00, 0x01, 0x00, 0x00,
    0x22, 0x40, 0x00, 0x00, 0x40, 0x05, 0x00, 0x00, 0x2f, 0x01, 0x01, 0x00,
    0x02, 0x00, 0x00, 0x00, 0x00, 0x40, 0x00, 0x00, 0xf0, 0x86, 0x02, 0x00,
    0x10, 0x40, 0x00, 0x00, 0x10, 0xbc, 0x01, 0x00, 0x2f, 0x01, 0x03, 0x00,
    0x02, 0x00, 0x00, 0x00, 0x00, 0x40, 0x00, 0x00, 0xd0, 0x28, 0x02, 0x00,
    0x02, 0x40, 0x00, 0x00, 0xb0, 0x16, 0x02, 0x00, 0x01, 0x01, 0x01, 0x00,
    0x02, 0x01, 0x01, 0x00, 0x10, 0x40, 0x00, 0x00, 0x50, 0x83, 0x02, 0x00,
    0x21, 0x01, 0x02, 0x00, 0x20, 0x01, 0x02, 0x00, 0x20, 0x40, 0x00, 0x00,
    0xa0, 0x04, 0x00, 0x00, 0x21, 0x40, 0x00, 0x00, 0xa0, 0x00, 0x00, 0x00,
    0x22, 0x40, 0x00, 0x00, 0x20, 0x04, 0x00, 0x00, 0x03, 0x00, 0x00, 0x00,
    0x00, 0x40, 0x00, 0x00, 0xe0, 0xa6, 0x00, 0x00, 0x02, 0x40, 0x00, 0x00,
    0x00, 0x00, 0x00, 0x00, 0x0b, 0x01, 0x01, 0x00, 0x0c, 0x01, 0x01, 0x00,
    0x0a, 0x01, 0x72, 0x00, 0x04, 0x01, 0x03, 0x00, 0x05, 0x40, 0x00, 0x00,
    0xcc, 0x01, 0x00, 0x00, 0x04, 0x40, 0x00, 0x00, 0x04, 0x00, 0x00, 0x00,
    0x06, 0x40, 0x00, 0x00, 0x01, 0x00, 0x00, 0x00, 0x09, 0x01, 0x00, 0x00,
    0x05, 0x01, 0x01, 0x00, 0x01, 0x01, 0x00, 0x00, 0x02, 0x01, 0x00, 0x00,
    0x10, 0x40, 0x00, 0x00, 0xb0, 0x6d, 0x02, 0x00, 0x11, 0x01, 0x72, 0x00,
    0x1a, 0x01, 0x72, 0x00, 0x13, 0x01, 0x03, 0x00, 0x15, 0x40, 0x00, 0x00,
    0x30, 0x07, 0x00, 0x00, 0x16, 0x40, 0x00, 0x00, 0x30, 0x07, 0x00, 0x00,
    0x18, 0x01, 0x00, 0x00, 0x14, 0x01, 0x41, 0x81, 0x21, 0x01, 0x01, 0x00,
    0x20, 0x01, 0x00, 0x00, 0x22, 0x01, 0x02, 0x00, 0x15, 0x01, 0x15, 0x00,
    0x17, 0x01, 0x07, 0x00, 0x05, 0x00, 0x01, 0x00, 0x00, 0x40, 0x00, 0x00,
    0x78, 0xaa, 0x00, 0x00, 0x10, 0x40, 0x00, 0x00, 0xe0, 0x74, 0x02, 0x00,
    0x05, 0x00, 0x01, 0x00, 0x00, 0x40, 0x00, 0x00, 0xb0, 0x6d, 0x02, 0x00,
    0x0b, 0x01, 0x00, 0x00, 0x0c, 0x01, 0x00, 0x00, 0x05, 0x40, 0x00, 0x00,
    0x30, 0x07, 0x00, 0x00, 0x04, 0x40, 0x00, 0x00, 0x10, 0x00, 0x00, 0x00,
    0x06, 0x40, 0x00, 0x00, 0x30, 0x07, 0x00, 0x00, 0x05, 0x01, 0x41, 0x00,
    0x01, 0x01, 0x01, 0x00, 0x02, 0x01, 0x01, 0x00, 0x10, 0x40, 0x00, 0x00,
    0xb0, 0x85, 0x01, 0x00, 0x11, 0x01, 0x39, 0x00, 0x1a, 0x01, 0x39, 0x00,
    0x13, 0x01, 0x0b, 0x00, 0x15, 0x40, 0x00, 0x00, 0xa0, 0x03, 0x00, 0x00,
    0x16, 0x40, 0x00, 0x00, 0xa0, 0x03, 0x00, 0x00, 0x18, 0x01, 0x80, 0xff,
    0x14, 0x01, 0x41, 0x00, 0x21, 0x01, 0x00, 0x00, 0x20, 0x01, 0x02, 0x00,
    0x22, 0x01, 0x05, 0x00, 0x20, 0x40, 0x00, 0x00, 0x80, 0x00, 0x00, 0x00,
    0x21, 0x40, 0x00, 0x00, 0xe0, 0x00, 0x00, 0x00, 0x22, 0x40, 0x00, 0x00,
    0x00, 0x00, 0x00, 0x00, 0x15, 0x01, 0x39, 0x00, 0x17, 0x01, 0x0f, 0x00,
    0x2f, 0x01, 0x01, 0x00, 0x02, 0x00, 0x00, 0x00, 0x00, 0x40, 0x00, 0x00,
    0xe0, 0x74, 0x02, 0x00, 0x10, 0x40, 0x00, 0x00, 0x50, 0x89, 0x01, 0x00,
    0x2f, 0x01, 0x03, 0x00, 0x02, 0x00, 0x00, 0x00, 0x00, 0x40, 0x00, 0x00,
    0x10, 0xae, 0x00, 0x00, 0x0b, 0x01, 0x01, 0x00, 0x0c, 0x01, 0x01, 0x00,
    0x05, 0x40, 0x00, 0x00, 0xcc, 0x01, 0x00, 0x00, 0x04, 0x40, 0x00, 0x00,
    0x04, 0x00, 0x00, 0x00, 0x06, 0x40, 0x00, 0x00, 0x01, 0x00, 0x00, 0x00,
    0x05, 0x01, 0x01, 0x00, 0x01, 0x01, 0x00, 0x00, 0x02, 0x01, 0x00, 0x00,
    0x10, 0x40, 0x00, 0x00, 0xb0, 0x6d, 0x02, 0x00, 0x11, 0x01, 0x72, 0x00,
    0x1a, 0x01, 0x72, 0x00, 0x13, 0x01, 0x03, 0x00, 0x15, 0x40, 0x00, 0x00,
    0x30, 0x07, 0x00, 0x00, 0x16, 0x40, 0x00, 0x00, 0x30, 0x07, 0x00, 0x00,
    0x18, 0x01, 0x00, 0x00, 0x14, 0x01, 0x41, 0x81, 0x21, 0x01, 0x01, 0x00,
    0x20, 0x01, 0x00, 0x00, 0x22, 0x01, 0x02, 0x00, 0x15, 0x01, 0x15, 0x00,
    0x17, 0x01, 0x07, 0x00, 0x05, 0x00, 0x01, 0x00, 0x00, 0x40, 0x00, 0x00,
    0xa8, 0xb1, 0x00, 0x00, 0x10, 0x40, 0x00, 0x00, 0xe0, 0x74, 0x02, 0x00,
    0x05, 0x00, 0x01, 0x00, 0x00, 0x40, 0x00, 0x00, 0xb0, 0x6d, 0x02, 0x00,
    0x0b, 0x01, 0x00, 0x00, 0x0c, 0x01, 0x00, 0x00, 0x05, 0x40, 0x00, 0x00,
    0x30, 0x07, 0x00, 0x00, 0x04, 0x40, 0x00, 0x00, 0x10, 0x00, 0x00, 0x00,
    0x06, 0x40, 0x00, 0x00, 0x30, 0x07, 0x00, 0x00, 0x05, 0x01, 0x41, 0x00,
    0x01, 0x01, 0x01, 0x00, 0x02, 0x01, 0x01, 0x00, 0x10, 0x40, 0x00, 0x00,
    0xf0, 0x8c, 0x01, 0x00, 0x11, 0x01, 0x39, 0x00, 0x1a, 0x01, 0x39, 0x00,
    0x13, 0x01, 0x0b, 0x00, 0x15, 0x40, 0x00, 0x00, 0xa0, 0x03, 0x00, 0x00,
    0x16, 0x40, 0x00, 0x00, 0xa0, 0x03, 0x00, 0x00, 0x18, 0x01, 0x80, 0xff,
    0x14, 0x01, 0x41, 0x00, 0x21, 0x01, 0x00, 0x00, 0x20, 0x01, 0x02, 0x00,
    0x22, 0x01, 0x05, 0x00, 0x15, 0x01, 0x39, 0x00, 0x17, 0x01, 0x0f, 0x00,
    0x2f, 0x01, 0x01, 0x00, 0x02, 0x00, 0x00, 0x00, 0x00, 0x40, 0x00, 0x00,
    0xe0, 0x74, 0x02, 0x00, 0x10, 0x40, 0x00, 0x00, 0x90, 0x90, 0x01, 0x00,
    0x2f, 0x01, 0x03, 0x00, 0x02, 0x00, 0x00, 0x00, 0x00, 0x40, 0x00, 0x00,
    0x40, 0xb5, 0x00, 0x00, 0x0b, 0x01, 0x01, 0x00, 0x0c, 0x01, 0x01, 0x00,
    0x05, 0x40, 0x00, 0x00, 0xcc, 0x01, 0x00, 0x00, 0x04, 0x40, 0x00, 0x00,
    0x04, 0x00, 0x00, 0x00, 0x06, 0x40, 0x00, 0x00, 0x01, 0x00, 0x00, 0x00,
    0x05, 0x01, 0x01, 0x00, 0x01, 0x01, 0x00, 0x00, 0x02, 0x01, 0x00, 0x00,
    0x10, 0x40, 0x00, 0x00, 0xb0, 0x6d, 0x02, 0x00, 0x11, 0x01, 0x72, 0x00,
    0x1a, 0x01, 0x72, 0x00, 0x13, 0x01, 0x03, 0x00, 0x15, 0x40, 0x00, 0x00,
    0x30, 0x07, 0x00, 0x00, 0x16, 0x40, 0x00, 0x00, 0x30, 0x07, 0x00, 0x00,
    0x18, 0x01, 0x00, 0x00, 0x14, 0x01, 0x41, 0x81, 0x21, 0x01, 0x01, 0x00,
    0x20, 0x01, 0x00, 0x00, 0x22, 0x01, 0x02, 0x00, 0x15, 0x01, 0x15, 0x00,
    0x17, 0x01, 0x07, 0x00, 0x05, 0x00, 0x01, 0x00, 0x00, 0x40, 0x00, 0x00,
    0xd8, 0xb8, 0x00, 0x00, 0x10, 0x40, 0x00, 0x00, 0xe0, 0x74, 0x02, 0x00,
    0x05, 0x00, 0x01, 0x00, 0x00, 0x40, 0x00, 0x00, 0xb0, 0x6d, 0x02, 0x00,
    0x0b, 0x01, 0x00, 0x00, 0x0c, 0x01, 0x00, 0x00, 0x05, 0x40, 0x00, 0x00,
    0x30, 0x07, 0x00, 0x00, 0x04, 0x40, 0x00, 0x00, 0x10, 0x00, 0x00, 0x00,
    0x06, 0x40, 0x00, 0x00, 0x30, 0x07, 0x00, 0x00, 0x05, 0x01, 0x41, 0x00,
    0x01, 0x01, 0x01, 0x00, 0x02, 0x01, 0x01, 0x00, 0x10, 0x40, 0x00, 0x00,
    0x30, 0x94, 0x01, 0x00, 0x11, 0x01, 0x39, 0x00, 0x1a, 0x01, 0x39, 0x00,
    0x13, 0x01, 0x0b, 0x00, 0x15, 0x40, 0x00, 0x00, 0xa0, 0x03, 0x00, 0x00,
    0x16, 0x40, 0x00, 0x00, 0xa0, 0x03, 0x00, 0x00, 0x18, 0x01, 0x80, 0xff,
    0x14, 0x01, 0x41, 0x00, 0x21, 0x01, 0x00, 0x00, 0x20, 0x01, 0x02, 0x00,
    0x22, 0x01, 0x05, 0x00, 0x15, 0x01, 0x39, 0x00, 0x17, 0x01, 0x0f, 0x00,
    0x2f, 0x01, 0x01, 0x00, 0x02, 0x00, 0x00, 0x00, 0x00, 0x40, 0x00, 0x00,
    0xe0, 0x74, 0x02, 0x00, 0x10, 0x40, 0x00, 0x00, 0xd0, 0x97, 0x01, 0x00,
    0x2f, 0x01, 0x03, 0x00, 0x02, 0x00, 0x00, 0x00, 0x00, 0x40, 0x00, 0x00,
    0x70, 0x9b, 0x01, 0x00, 0x02, 0x40, 0x00, 0x00, 0xb0, 0x85, 0x01, 0x00,
    0x0b, 0x01, 0x03, 0x00, 0x0c, 0x01, 0x03, 0x00, 0x0a, 0x01, 0x39, 0x00,
    0x04, 0x01, 0x0b, 0x00, 0x05, 0x40, 0x00, 0x00, 0xa0, 0x03, 0x00, 0x00,
    0x06, 0x40, 0x00, 0x00, 0xa0, 0x03, 0x00, 0x00, 0x09, 0x01, 0x80, 0xff,
    0x10, 0x40, 0x00, 0x00, 0x10, 0x7c, 0x02, 0x00, 0x21, 0x01, 0x04, 0x00,
    0x22, 0x01, 0x00, 0x00, 0x20, 0x40, 0x00, 0x00, 0xe0, 0x01, 0x00, 0x00,
    0x22, 0x40, 0x00, 0x00, 0x60, 0x01, 0x00, 0x00, 0x0d, 0x01, 0x12, 0x00,
    0x2f, 0x01, 0x01, 0x00, 0x03, 0x00, 0x00, 0x00, 0x00, 0x40, 0x00, 0x00,
    0x10, 0x9f, 0x01, 0x00, 0x0b, 0x01, 0x02, 0x00, 0x0c, 0x01, 0x02, 0x00,
    0x10, 0x40, 0x00, 0x00, 0xb0, 0x7f, 0x02, 0x00, 0x2f, 0x01, 0x03, 0x00,
    0x03, 0x00, 0x00, 0x00, 0x00, 0x40, 0x00, 0x00, 0x10, 0x7c, 0x02, 0x00,
    0x02, 0x40, 0x00, 0x00, 0x00, 0x00, 0x00, 0x00, 0x0b, 0x01, 0x00, 0x00,
    0x0c, 0x01, 0x00, 0x00, 0x01, 0x01, 0x00, 0x00, 0x02, 0x01, 0x00, 0x00,
    0x10, 0x40, 0x00, 0x00, 0xf0, 0x1d, 0x02, 0x00, 0x21, 0x01, 0x00, 0x00,
    0x20, 0x01, 0x00, 0x00, 0x20, 0x40, 0x00, 0x00, 0x40, 0x03, 0x00, 0x00,
    0x22, 0x40, 0x00, 0x00, 0xc0, 0x02, 0x00, 0x00, 0x0d, 0x01, 0x0a, 0x00,
    0x2f, 0x01, 0x01, 0x00, 0x02, 0x00, 0x00, 0x00, 0x00, 0x40, 0x00, 0x00,
    0xb0, 0x7f, 0x02, 0x00, 0x10, 0x40, 0x00, 0x00, 0x90, 0x21, 0x02, 0x00,
    0x2f, 0x01, 0x03, 0x00, 0x02, 0x00, 0x00, 0x00, 0x00, 0x40, 0x00, 0x00,
    0xb0, 0xa2, 0x01, 0x00, 0x02, 0x40, 0x00, 0x00, 0xb0, 0x85, 0x01, 0x00,
    0x0b, 0x01, 0x01, 0x00, 0x0c, 0x01, 0x01, 0x00, 0x01, 0x01, 0x01, 0x00,
    0x02, 0x01, 0x01, 0x00, 0x10, 0x40, 0x00, 0x00, 0x10, 0x7c, 0x02, 0x00,
    0x21, 0x01, 0x04, 0x00, 0x20, 0x01, 0x02, 0x00, 0x20, 0x40, 0x00, 0x00,
    0xe0, 0x01, 0x00, 0x00, 0x22, 0x40, 0x00, 0x00, 0x60, 0x01, 0x00, 0x00,
    0x0d, 0x01, 0x12, 0x00, 0x03, 0x00, 0x00, 0x00, 0x00, 0x40, 0x00, 0x00,
    0x50, 0xa6, 0x01, 0x00, 0x0b, 0x01, 0x00, 0x00, 0x0c, 0x01, 0x00, 0x00,
    0x10, 0x40, 0x00, 0x00, 0xb0, 0x7f, 0x02, 0x00, 0x03, 0x00, 0x00, 0x00,
    0x00, 0x40, 0x00, 0x00, 0x10, 0x7c, 0x02, 0x00, 0x02, 0x40, 0x00, 0x00,
    0x00, 0x00, 0x00, 0x00, 0x01, 0x01, 0x00, 0x00, 0x02, 0x01, 0x00, 0x00,
    0x10, 0x40, 0x00, 0x00, 0x30, 0x25, 0x02, 0x00, 0x21, 0x01, 0x00, 0x00,
    0x20, 0x01, 0x00, 0x00, 0x20, 0x40, 0x00, 0x00, 0x40, 0x03, 0x00, 0x00,
    0x22, 0x40, 0x00, 0x00, 0xc0, 0x02, 0x00, 0x00, 0x0d, 0x01, 0x0a, 0x00,
    0x2f, 0x01, 0x01, 0x00, 0x02, 0x00, 0x00, 0x00, 0x00, 0x40, 0x00, 0x00,
    0xb0, 0x7f, 0x02, 0x00, 0x10, 0x40, 0x00, 0x00, 0xd0, 0x28, 0x02, 0x00,
    0x2f, 0x01, 0x03, 0x00, 0x02, 0x00, 0x00, 0x00, 0x00, 0x40, 0x00, 0x00,
    0xb0, 0x16, 0x02, 0x00, 0x0b, 0x01, 0x02, 0x00, 0x0c, 0x01, 0x02, 0x00,
    0x01, 0x01, 0x01, 0x00, 0x02, 0x01, 0x01, 0x00, 0x10, 0x40, 0x00, 0x00,
    0xf0, 0x86, 0x02, 0x00, 0x21, 0x01, 0x02, 0x00, 0x20, 0x01, 0x02, 0x00,
    0x20, 0x40, 0x00, 0x00, 0xa0, 0x04, 0x00, 0x00, 0x21, 0x40, 0x00, 0x00,
    0xa0, 0x00, 0x00, 0x00, 0x22, 0x40, 0x00, 0x00, 0x20, 0x04, 0x00, 0x00,
    0x2f, 0x01, 0x01, 0x00, 0x03, 0x00, 0x00, 0x00, 0x00, 0x40, 0x00, 0x00,
    0x50, 0x83, 0x02, 0x00, 0x0b, 0x01, 0x00, 0x00, 0x0c, 0x01, 0x00, 0x00,
    0x01, 0x01, 0x00, 0x00, 0x02, 0x01, 0x00, 0x00, 0x10, 0x40, 0x00, 0x00,
    0xb0, 0xbf, 0x01, 0x00, 0x21, 0x01, 0x00, 0x00, 0x20, 0x01, 0x00, 0x00,
    0x20, 0x40, 0x00, 0x00, 0xc0, 0x05, 0x00, 0x00, 0x21, 0x40, 0x00, 0x00,
    0x00, 0x01, 0x00, 0x00, 0x22, 0x40, 0x00, 0x00, 0x40, 0x05, 0x00, 0x00,
    0x02, 0x00, 0x00, 0x00, 0x00, 0x40, 0x00, 0x00, 0xf0, 0x86, 0x02, 0x00,
    0x10, 0x40, 0x00, 0x00, 0x50, 0xc3, 0x01, 0x00, 0x2f, 0x01, 0x03, 0x00,
    0x02, 0x00, 0x00, 0x00, 0x00, 0x40, 0x00, 0x00, 0x50, 0x1a, 0x02, 0x00,
    0x0b, 0x01, 0x02, 0x00, 0x0c, 0x01, 0x02, 0x00, 0x01, 0x01, 0x01, 0x00,
    0x02, 0x01, 0x01, 0x00, 0x10, 0x40, 0x00, 0x00, 0x50, 0x83, 0x02, 0x00,
    0x21, 0x01, 0x02, 0x00, 0x20, 0x01, 0x02, 0x00, 0x20, 0x40, 0x00, 0x00,
    0xa0, 0x04, 0x00, 0x00, 0x21, 0x40, 0x00, 0x00, 0xa0, 0x00, 0x00, 0x00,
    0x22, 0x40, 0x00, 0x00, 0x20, 0x04, 0x00, 0x00, 0x03, 0x00, 0x00, 0x00,
    0x00, 0x40, 0x00, 0x00, 0xf0, 0x1d, 0x02, 0x00, 0x10, 0x40, 0x00, 0x00,
    0xf0, 0x86, 0x02, 0x00, 0x03, 0x00, 0x00, 0x00, 0x00, 0x40, 0x00, 0x00,
    0x50, 0x83, 0x02, 0x00, 0x0b, 0x01, 0x00, 0x00, 0x0c, 0x01, 0x00, 0x00,
    0x01, 0x01, 0x00, 0x00, 0x02, 0x01, 0x00, 0x00, 0x10, 0x40, 0x00, 0x00,
    0xf0, 0xc6, 0x01, 0x00, 0x21, 0x01, 0x00, 0x00, 0x20, 0x01, 0x00, 0x00,
    0x20, 0x40, 0x00, 0x00, 0xc0, 0x05, 0x00, 0x00, 0x21, 0x40, 0x00, 0x00,
    0x00, 0x01, 0x00, 0x00, 0x22, 0x40, 0x00, 0x00, 0x40, 0x05, 0x00, 0x00,
    0x2f, 0x01, 0x01, 0x00, 0x02, 0x00, 0x00, 0x00, 0x00, 0x40, 0x00, 0x00,
    0xf0, 0x86, 0x02, 0x00, 0x10, 0x40, 0x00, 0x00, 0x90, 0xca, 0x01, 0x00,
    0x2f, 0x01, 0x03, 0x00, 0x02, 0x00, 0x00, 0x00, 0x00, 0x40, 0x00, 0x00,
    0xf0, 0xa9, 0x01, 0x00, 0x0b, 0x01, 0x04, 0x00, 0x0c, 0x01, 0x04, 0x00,
    0x01, 0x01, 0x01, 0x00, 0x02, 0x01, 0x01, 0x00, 0x10, 0x40, 0x00, 0x00,
    0x90, 0x8a, 0x02, 0x00, 0x21, 0x01, 0x04, 0x00, 0x20, 0x01, 0x02, 0x00,
    0x20, 0x40, 0x00, 0x00, 0x40, 0x07, 0x00, 0x00, 0x21, 0x40, 0x00, 0x00,
    0xe0, 0x00, 0x00, 0x00, 0x22, 0x40, 0x00, 0x00, 0xc0, 0x06, 0x00, 0x00,
    0x0d, 0x01, 0x12, 0x00, 0x2f, 0x01, 0x01, 0x00, 0x03, 0x00, 0x00, 0x00,
    0x00, 0x40, 0x00, 0x00, 0x90, 0xad, 0x01, 0x00, 0x10, 0x40, 0x00, 0x00,
    0x30, 0x8e, 0x02, 0x00, 0x2f, 0x01, 0x03, 0x00, 0x03, 0x00, 0x00, 0x00,
    0x00, 0x40, 0x00, 0x00, 0x90, 0x8a, 0x02, 0x00, 0x0b, 0x01, 0x00, 0x00,
    0x0c, 0x01, 0x00, 0x00, 0x01, 0x01, 0x00, 0x00, 0x02, 0x01, 0x00, 0x00,
    0x10, 0x40, 0x00, 0x00, 0xb0, 0x33, 0x02, 0x00, 0x21, 0x01, 0x00, 0x00,
    0x20, 0x01, 0x00, 0x00, 0x20, 0x40, 0x00, 0x00, 0xa0, 0x08, 0x00, 0x00,
    0x21, 0x40, 0x00, 0x00, 0x00, 0x01, 0x00, 0x00, 0x22, 0x40, 0x00, 0x00,
    0x20, 0x08, 0x00, 0x00, 0x0d, 0x01, 0x0a, 0x00, 0x2f, 0x01, 0x01, 0x00,
    0x02, 0x00, 0x00, 0x00, 0x00, 0x40, 0x00, 0x00, 0x30, 0x8e, 0x02, 0x00,
    0x10, 0x40, 0x00, 0x00, 0x50, 0x37, 0x02, 0x00, 0x2f, 0x01, 0x03, 0x00,
    0x02, 0x00, 0x00, 0x00, 0x00, 0x40, 0x00, 0x00, 0xf0, 0x3a, 0x02, 0x00,
    0x02, 0x40, 0x00, 0x00, 0x70, 0x2c, 0x02, 0x00, 0x0b, 0x01, 0x01, 0x00,
    0x0c, 0x01, 0x01, 0x00, 0x01, 0x01, 0x02, 0x00, 0x02, 0x01, 0x02, 0x00,
    0x10, 0x40, 0x00, 0x00, 0x70, 0x95, 0x02, 0x00, 0x21, 0x01, 0x02, 0x00,
    0x20, 0x01, 0x04, 0x00, 0x20, 0x40, 0x00, 0x00, 0x20, 0x0a, 0x00, 0x00,
    0x21, 0x40, 0x00, 0x00, 0xe0, 0x00, 0x00, 0x00, 0x22, 0x40, 0x00, 0x00,
    0xa0, 0x09, 0x00, 0x00, 0x2f, 0x01, 0x01, 0x00, 0x03, 0x00, 0x00, 0x00,
    0x00, 0x40, 0x00, 0x00, 0xd0, 0x91, 0x02, 0x00, 0x02, 0x40, 0x00, 0x00,
    0x00, 0x00, 0x00, 0x00, 0x0b, 0x01, 0x00, 0x00, 0x0c, 0x01, 0x00, 0x00,
    0x01, 0x01, 0x00, 0x00, 0x02, 0x01, 0x00, 0x00, 0x10, 0x40, 0x00, 0x00,
    0x30, 0xeb, 0x01, 0x00, 0x21, 0x01, 0x00, 0x00, 0x20, 0x01, 0x00, 0x00,
    0x20, 0x40, 0x00, 0x00, 0x80, 0x0b, 0x00, 0x00, 0x21, 0x40, 0x00, 0x00,
    0xf0, 0x00, 0x00, 0x00, 0x22, 0x40, 0x00, 0x00, 0x00, 0x0b, 0x00, 0x00,
    0x02, 0x00, 0x00, 0x00, 0x00, 0x40, 0x00, 0x00, 0x70, 0x95, 0x02, 0x00,
    0x10, 0x40, 0x00, 0x00, 0xd0, 0xee, 0x01, 0x00, 0x2f, 0x01, 0x03, 0x00,
    0x02, 0x00, 0x00, 0x00, 0x00, 0x40, 0x00, 0x00, 0x90, 0x3e, 0x02, 0x00,
    0x02, 0x40, 0x00, 0x00, 0x70, 0x2c, 0x02, 0x00, 0x01, 0x01, 0x02, 0x00,
    0x02, 0x01, 0x02, 0x00, 0x10, 0x40, 0x00, 0x00, 0xd0, 0x91, 0x02, 0x00,
    0x21, 0x01, 0x02, 0x00, 0x20, 0x01, 0x04, 0x00, 0x20, 0x40, 0x00, 0x00,
    0x20, 0x0a, 0x00, 0x00, 0x21, 0x40, 0x00, 0x00, 0xe0, 0x00, 0x00, 0x00,
    0x22, 0x40, 0x00, 0x00, 0xa0, 0x09, 0x00, 0x00, 0x03, 0x00, 0x00, 0x00,
    0x00, 0x40, 0x00, 0x00, 0x70, 0x2c, 0x02, 0x00, 0x02, 0x40, 0x00, 0x00,
    0x00, 0x00, 0x00, 0x00, 0x0b, 0x01, 0x02, 0x00, 0x0c, 0x01, 0x02, 0x00,
    0x10, 0x40, 0x00, 0x00, 0x70, 0x95, 0x02, 0x00, 0x03, 0x00, 0x00, 0x00,
    0x00, 0x40, 0x00, 0x00, 0xd0, 0x91, 0x02, 0x00, 0x0b, 0x01, 0x00, 0x00,
    0x0c, 0x01, 0x00, 0x00, 0x01, 0x01, 0x00, 0x00, 0x02, 0x01, 0x00, 0x00,
    0x10, 0x40, 0x00, 0x00, 0x30, 0xce, 0x01, 0x00, 0x21, 0x01, 0x00, 0x00,
    0x20, 0x01, 0x00, 0x00, 0x20, 0x40, 0x00, 0x00, 0x80, 0x0b, 0x00, 0x00,
    0x21, 0x40, 0x00, 0x00, 0xf0, 0x00, 0x00, 0x00, 0x22, 0x40, 0x00, 0x00,
    0x00, 0x0b, 0x00, 0x00, 0x2f, 0x01, 0x01, 0x00, 0x02, 0x00, 0x00, 0x00,
    0x00, 0x40, 0x00, 0x00, 0x70, 0x95, 0x02, 0x00, 0x10, 0x40, 0x00, 0x00,
    0xd0, 0xd1, 0x01, 0x00, 0x2f, 0x01, 0x03, 0x00, 0x02, 0x00, 0x00, 0x00,
    0x00, 0x40, 0x00, 0x00, 0x10, 0x30, 0x02, 0x00, 0x0b, 0x01, 0x02, 0x00,
    0x0c, 0x01, 0x02, 0x00, 0x01, 0x01, 0x02, 0x00, 0x02, 0x01, 0x02, 0x00,
    0x10, 0x40, 0x00, 0x00, 0xd0, 0x91, 0x02, 0x00, 0x21, 0x01, 0x02, 0x00,
    0x20, 0x01, 0x04, 0x00, 0x20, 0x40, 0x00, 0x00, 0x20, 0x0a, 0x00, 0x00,
    0x21, 0x40, 0x00, 0x00, 0xe0, 0x00, 0x00, 0x00, 0x22, 0x40, 0x00, 0x00,
    0xa0, 0x09, 0x00, 0x00, 0x03, 0x00, 0x00, 0x00, 0x00, 0x40, 0x00, 0x00,
    0x30, 0xb1, 0x01, 0x00, 0x0b, 0x01, 0x04, 0x00, 0x0c, 0x01, 0x04, 0x00,
    0x01, 0x01, 0x01, 0x00, 0x02, 0x01, 0x01, 0x00, 0x10, 0x40, 0x00, 0x00,
    0x90, 0x8a, 0x02, 0x00, 0x21, 0x01, 0x04, 0x00, 0x20, 0x01, 0x02, 0x00,
    0x20, 0x40, 0x00, 0x00, 0x40, 0x07, 0x00, 0x00, 0x22, 0x40, 0x00, 0x00,
    0xc0, 0x06, 0x00, 0x00, 0x0d, 0x01, 0x12, 0x00, 0x03, 0x00, 0x00, 0x00,
    0x00, 0x40, 0x00, 0x00, 0xd0, 0xb4, 0x01, 0x00, 0x10, 0x40, 0x00, 0x00,
    0x30, 0x8e, 0x02, 0x00, 0x03, 0x00, 0x00, 0x00, 0x00, 0x40, 0x00, 0x00,
    0x90, 0x8a, 0x02, 0x00, 0x0b, 0x01, 0x00, 0x00, 0x0c, 0x01, 0x00, 0x00,
    0x01, 0x01, 0x00, 0x00, 0x02, 0x01, 0x00, 0x00, 0x10, 0x40, 0x00, 0x00,
    0xf0, 0x3a, 0x02, 0x00, 0x21, 0x01, 0x00, 0x00, 0x20, 0x01, 0x00, 0x00,
    0x20, 0x40, 0x00, 0x00, 0xa0, 0x08, 0x00, 0x00, 0x21, 0x40, 0x00, 0x00,
    0x00, 0x01, 0x00, 0x00, 0x22, 0x40, 0x00, 0x00, 0x20, 0x08, 0x00, 0x00,
    0x0d, 0x01, 0x0a, 0x00, 0x2f, 0x01, 0x01, 0x00, 0x02, 0x00, 0x00, 0x00,
    0x00, 0x40, 0x00, 0x00, 0x30, 0x8e, 0x02, 0x00, 0x10, 0x40, 0x00, 0x00,
    0x90, 0x3e, 0x02, 0x00, 0x2f, 0x01, 0x03, 0x00, 0x02, 0x00, 0x00, 0x00,
    0x00, 0x40, 0x00, 0x00, 0x70, 0xb8, 0x01, 0x00, 0x0b, 0x01, 0x04, 0x00,
    0x0c, 0x01, 0x04, 0x00, 0x01, 0x01, 0x01, 0x00, 0x02, 0x01, 0x01, 0x00,
    0x10, 0x40, 0x00, 0x00, 0x90, 0x8a, 0x02, 0x00, 0x21, 0x01, 0x04, 0x00,
    0x20, 0x01, 0x02, 0x00, 0x20, 0x40, 0x00, 0x00, 0x40, 0x07, 0x00, 0x00,
    0x21, 0x40, 0x00, 0x00, 0xe0, 0x00, 0x00, 0x00, 0x22, 0x40, 0x00, 0x00,
    0xc0, 0x06, 0x00, 0x00, 0x0d, 0x01, 0x12, 0x00, 0x03, 0x00, 0x00, 0x00,
    0x00, 0x40, 0x00, 0x00, 0x10, 0xbc, 0x01, 0x00, 0x10, 0x40, 0x00, 0x00,
    0x30, 0x8e, 0x02, 0x00, 0x03, 0x00, 0x00, 0x00, 0x00, 0x40, 0x00, 0x00,
    0x90, 0x8a, 0x02, 0x00, 0x0b, 0x01, 0x00, 0x00, 0x0c, 0x01, 0x00, 0x00,
    0x01, 0x01, 0x00, 0x00, 0x02, 0x01, 0x00, 0x00, 0x10, 0x40, 0x00, 0x00,
    0x70, 0x2c, 0x02, 0x00, 0x21, 0x01, 0x00, 0x00, 0x20, 0x01, 0x00, 0x00,
    0x20, 0x40, 0x00, 0x00, 0xa0, 0x08, 0x00, 0x00, 0x21, 0x40, 0x00, 0x00,
    0x00, 0x01, 0x00, 0x00, 0x22, 0x40, 0x00, 0x00, 0x20, 0x08, 0x00, 0x00,
    0x0d, 0x01, 0x0a, 0x00, 0x2f, 0x01, 0x01, 0x00, 0x02, 0x00, 0x00, 0x00,
    0x00, 0x40, 0x00, 0x00, 0x30, 0x8e, 0x02, 0x00, 0x10, 0x40, 0x00, 0x00,
    0x10, 0x30, 0x02, 0x00, 0x2f, 0x01, 0x03, 0x00, 0x02, 0x00, 0x00, 0x00,
    0x00, 0x40, 0x00, 0x00, 0xb0, 0x33, 0x02, 0x00, 0x0b, 0x01, 0x02, 0x00,
    0x0c, 0x01, 0x02, 0x00, 0x01, 0x01, 0x02, 0x00, 0x02, 0x01, 0x02, 0x00,
    0x10, 0x40, 0x00, 0x00, 0x70, 0x95, 0x02, 0x00, 0x21, 0x01, 0x02, 0x00,
    0x20, 0x01, 0x04, 0x00, 0x20, 0x40, 0x00, 0x00, 0x20, 0x0a, 0x00, 0x00,
    0x21, 0x40, 0x00, 0x00, 0xe0, 0x00, 0x00, 0x00, 0x22, 0x40, 0x00, 0x00,
    0xa0, 0x09, 0x00, 0x00, 0x2f, 0x01, 0x01, 0x00, 0x03, 0x00, 0x00, 0x00,
    0x00, 0x40, 0x00, 0x00, 0xd0, 0x91, 0x02, 0x00, 0x0b, 0x01, 0x00, 0x00,
    0x0c, 0x01, 0x00, 0x00, 0x01, 0x01, 0x00, 0x00, 0x02, 0x01, 0x00, 0x00,
    0x10, 0x40, 0x00, 0x00, 0x70, 0xd5, 0x01, 0x00, 0x21, 0x01, 0x00, 0x00,
    0x20, 0x01, 0x00, 0x00, 0x20, 0x40, 0x00, 0x00, 0x80, 0x0b, 0x00, 0x00,
    0x21, 0x40, 0x00, 0x00, 0xf0, 0x00, 0x00, 0x00, 0x22, 0x40, 0x00, 0x00,
    0x00, 0x0b, 0x00, 0x00, 0x02, 0x00, 0x00, 0x00, 0x00, 0x40, 0x00, 0x00,
    0x70, 0x95, 0x02, 0x00, 0x10, 0x40, 0x00, 0x00, 0x10, 0xd9, 0x01, 0x00,
    0x2f, 0x01, 0x03, 0x00, 0x02, 0x00, 0x00, 0x00, 0x00, 0x40, 0x00, 0x00,
    0xb0, 0xdc, 0x01, 0x00, 0x0b, 0x01, 0x04, 0x00, 0x0c, 0x01, 0x04, 0x00,
    0x01, 0x01, 0x01, 0x00, 0x02, 0x01, 0x01, 0x00, 0x10, 0x40, 0x00, 0x00,
    0x10, 0x99, 0x02, 0x00, 0x21, 0x01, 0x04, 0x00, 0x20, 0x01, 0x02, 0x00,
    0x20, 0x40, 0x00, 0x00, 0xf0, 0x0c, 0x00, 0x00, 0x21, 0x40, 0x00, 0x00,
    0xe0, 0x00, 0x00, 0x00, 0x22, 0x40, 0x00, 0x00, 0x70, 0x0c, 0x00, 0x00,
    0x0d, 0x01, 0x12, 0x00, 0x2f, 0x01, 0x01, 0x00, 0x03, 0x00, 0x00, 0x00,
    0x00, 0x40, 0x00, 0x00, 0x50, 0xe0, 0x01, 0x00, 0x10, 0x40, 0x00, 0x00,
    0xb0, 0x9c, 0x02, 0x00, 0x2f, 0x01, 0x03, 0x00, 0x03, 0x00, 0x00, 0x00,
    0x00, 0x40, 0x00, 0x00, 0x10, 0x99, 0x02, 0x00, 0x0b, 0x01, 0x00, 0x00,
    0x0c, 0x01, 0x00, 0x00, 0x01, 0x01, 0x00, 0x00, 0x02, 0x01, 0x00, 0x00,
    0x10, 0x40, 0x00, 0x00, 0x70, 0x49, 0x02, 0x00, 0x21, 0x01, 0x00, 0x00,
    0x20, 0x01, 0x00, 0x00, 0x20, 0x40, 0x00, 0x00, 0x50, 0x0e, 0x00, 0x00,
    0x21, 0x40, 0x00, 0x00, 0x00, 0x01, 0x00, 0x00, 0x22, 0x40, 0x00, 0x00,
    0xd0, 0x0d, 0x00, 0x00, 0x0d, 0x01, 0x0a, 0x00, 0x2f, 0x01, 0x01, 0x00,
    0x02, 0x00, 0x00, 0x00, 0x00, 0x40, 0x00, 0x00, 0xb0, 0x9c, 0x02, 0x00,
    0x10, 0x40, 0x00, 0x00, 0x10, 0x4d, 0x02, 0x00, 0x2f, 0x01, 0x03, 0x00,
    0x02, 0x00, 0x00, 0x00, 0x00, 0x40, 0x00, 0x00, 0xf0, 0xe3, 0x01, 0x00,
    0x02, 0x40, 0x00, 0x00, 0x30, 0xce, 0x01, 0x00, 0x0b, 0x01, 0x03, 0x00,
    0x0c, 0x01, 0x03, 0x00, 0x01, 0x01, 0x01, 0x00, 0x02, 0x01, 0x01, 0x00,
    0x10, 0x40, 0x00, 0x00, 0x10, 0x99, 0x02, 0x00, 0x21, 0x01, 0x04, 0x00,
    0x20, 0x01, 0x02, 0x00, 0x20, 0x40, 0x00, 0x00, 0xf0, 0x0c, 0x00, 0x00,
    0x21, 0x40, 0x00, 0x00, 0xe0, 0x00, 0x00, 0x00, 0x22, 0x40, 0x00, 0x00,
    0x70, 0x0c, 0x00, 0x00, 0x0d, 0x01, 0x12, 0x00, 0x03, 0x00, 0x00, 0x00,
    0x00, 0x40, 0x00, 0x00, 0x90, 0xe7, 0x01, 0x00, 0x0b, 0x01, 0x02, 0x00,
    0x0c, 0x01, 0x02, 0x00, 0x10, 0x40, 0x00, 0x00, 0xb0, 0x9c, 0x02, 0x00,
    0x03, 0x00, 0x00, 0x00, 0x00, 0x40, 0x00, 0x00, 0x10, 0x99, 0x02, 0x00,
    0x02, 0x40, 0x00, 0x00, 0x00, 0x00, 0x00, 0x00, 0x0b, 0x01, 0x00, 0x00,
    0x0c, 0x01, 0x00, 0x00, 0x01, 0x01, 0x00, 0x00, 0x02, 0x01, 0x00, 0x00,
    0x10, 0x40, 0x00, 0x00, 0xb0, 0x50, 0x02, 0x00, 0x21, 0x01, 0x00, 0x00,
    0x20, 0x01, 0x00, 0x00, 0x20, 0x40, 0x00, 0x00, 0x50, 0x0e, 0x00, 0x00,
    0x21, 0x40, 0x00, 0x00, 0x00, 0x01, 0x00, 0x00, 0x22, 0x40, 0x00, 0x00,
    0xd0, 0x0d, 0x00, 0x00, 0x0d, 0x01, 0x0a, 0x00, 0x2f, 0x01, 0x01, 0x00,
    0x02, 0x00, 0x00, 0x00, 0x00, 0x40, 0x00, 0x00, 0xb0, 0x9c, 0x02, 0x00,
    0x10, 0x40, 0x00, 0x00, 0x50, 0x54, 0x02, 0x00, 0x2f, 0x01, 0x03, 0x00,
    0x02, 0x00, 0x00, 0x00, 0x00, 0x40, 0x00, 0x00, 0x30, 0x42, 0x02, 0x00,
    0x0b, 0x01, 0x02, 0x00, 0x0c, 0x01, 0x02, 0x00, 0x01, 0x01, 0x01, 0x00,
    0x02, 0x01, 0x01, 0x00, 0x10, 0x40, 0x00, 0x00, 0xf0, 0xa3, 0x02, 0x00,
    0x21, 0x01, 0x02, 0x00, 0x20, 0x01, 0x02, 0x00, 0x20, 0x40, 0x00, 0x00,
    0xd0, 0x0f, 0x00, 0x00, 0x21, 0x40, 0x00, 0x00, 0xb0, 0x00, 0x00, 0x00,
    0x22, 0x40, 0x00, 0x00, 0x50, 0x0f, 0x00, 0x00, 0x2f, 0x01, 0x01, 0x00,
    0x03, 0x00, 0x00, 0x00, 0x00, 0x40, 0x00, 0x00, 0x50, 0xa0, 0x02, 0x00,
    0x0b, 0x01, 0x00, 0x00, 0x0c, 0x01, 0x00, 0x00, 0x01, 0x01, 0x00, 0x00,
    0x02, 0x01, 0x00, 0x00, 0x10, 0x40, 0x00, 0x00, 0xf0, 0x00, 0x02, 0x00,
    0x21, 0x01, 0x00, 0x00, 0x20, 0x01, 0x00, 0x00, 0x20, 0x40, 0x00, 0x00,
    0x00, 0x11, 0x00, 0x00, 0x21, 0x40, 0x00, 0x00, 0x00, 0x01, 0x00, 0x00,
    0x22, 0x40, 0x00, 0x00, 0x80, 0x10, 0x00, 0x00, 0x02, 0x00, 0x00, 0x00,
    0x00, 0x40, 0x00, 0x00, 0xf0, 0xa3, 0x02, 0x00, 0x10, 0x40, 0x00, 0x00,
    0x90, 0x04, 0x02, 0x00, 0x2f, 0x01, 0x03, 0x00, 0x02, 0x00, 0x00, 0x00,
    0x00, 0x40, 0x00, 0x00, 0xd0, 0x45, 0x02, 0x00, 0x0b, 0x01, 0x02, 0x00,
    0x0c, 0x01, 0x02, 0x00, 0x01, 0x01, 0x01, 0x00, 0x02, 0x01, 0x01, 0x00,
    0x10, 0x40, 0x00, 0x00, 0x50, 0xa0, 0x02, 0x00, 0x21, 0x01, 0x02, 0x00,
    0x20, 0x01, 0x02, 0x00, 0x20, 0x40, 0x00, 0x00, 0xd0, 0x0f, 0x00, 0x00,
    0x21, 0x40, 0x00, 0x00, 0xb0, 0x00, 0x00, 0x00, 0x22, 0x40, 0x00, 0x00,
    0x50, 0x0f, 0x00, 0x00, 0x03, 0x00, 0x00, 0x00, 0x00, 0x40, 0x00, 0x00,
    0x70, 0x49, 0x02, 0x00, 0x10, 0x40, 0x00, 0x00, 0xf0, 0xa3, 0x02, 0x00,
    0x03, 0x00, 0x00, 0x00, 0x00, 0x40, 0x00, 0x00, 0x50, 0xa0, 0x02, 0x00,
    0x0b, 0x01, 0x00, 0x00, 0x0c, 0x01, 0x00, 0x00, 0x01, 0x01, 0x00, 0x00,
    0x02, 0x01, 0x00, 0x00, 0x10, 0x40, 0x00, 0x00, 0x30, 0x08, 0x02, 0x00,
    0x21, 0x01, 0x00, 0x00, 0x20, 0x01, 0x00, 0x00, 0x20, 0x40, 0x00, 0x00,
    0x00, 0x11, 0x00, 0x00, 0x21, 0x40, 0x00, 0x00, 0x00, 0x01, 0x00, 0x00,
    0x22, 0x40, 0x00, 0x00, 0x80, 0x10, 0x00, 0x00, 0x2f, 0x01, 0x01, 0x00,
    0x02, 0x00, 0x00, 0x00, 0x00, 0x40, 0x00, 0x00, 0xf0, 0xa3, 0x02, 0x00,
    0x10, 0x40, 0x00, 0x00, 0xd0, 0x0b, 0x02, 0x00, 0x2f, 0x01, 0x03, 0x00,
    0x02, 0x00, 0x00, 0x00, 0x00, 0x40, 0x00, 0x00, 0x70, 0x0f, 0x02, 0x00,
    0x02, 0x40, 0x00, 0x00, 0x70, 0xf2, 0x01, 0x00, 0x0b, 0x01, 0x01, 0x00,
    0x0c, 0x01, 0x01, 0x00, 0x01, 0x01, 0x01, 0x00, 0x02, 0x01, 0x01, 0x00,
    0x10, 0x40, 0x00, 0x00, 0x90, 0xa7, 0x02, 0x00, 0x21, 0x01, 0x04, 0x00,
    0x20, 0x01, 0x02, 0x00, 0x20, 0x40, 0x00, 0x00, 0x80, 0x12, 0x00, 0x00,
    0x21, 0x40, 0x00, 0x00, 0xe0, 0x00, 0x00, 0x00, 0x22, 0x40, 0x00, 0x00,
    0x00, 0x12, 0x00, 0x00, 0x0d, 0x01, 0x12, 0x00, 0x2f, 0x01, 0x01, 0x00,
    0x03, 0x00, 0x00, 0x00, 0x00, 0x40, 0x00, 0x00, 0x10, 0x13, 0x02, 0x00,
    0x0b, 0x01, 0x00, 0x00, 0x0c, 0x01, 0x00, 0x00, 0x10, 0x40, 0x00, 0x00,
    0x30, 0xab, 0x02, 0x00, 0x2f, 0x01, 0x03, 0x00, 0x03, 0x00, 0x00, 0x00,
    0x00, 0x40, 0x00, 0x00, 0x90, 0xa7, 0x02, 0x00, 0x02, 0x40, 0x00, 0x00,
    0x00, 0x00, 0x00, 0x00, 0x01, 0x01, 0x00, 0x00, 0x02, 0x01, 0x00, 0x00,
    0x10, 0x40, 0x00, 0x00, 0x30, 0x5f, 0x02, 0x00, 0x21, 0x01, 0x00, 0x00,
    0x20, 0x01, 0x00, 0x00, 0x20, 0x40, 0x00, 0x00, 0xe0, 0x13, 0x00, 0x00,
    0x21, 0x40, 0x00, 0x00, 0x00, 0x01, 0x00, 0x00, 0x22, 0x40, 0x00, 0x00,
    0x60, 0x13, 0x00, 0x00, 0x0d, 0x01, 0x0a, 0x00, 0x2f, 0x01, 0x01, 0x00,
    0x02, 0x00, 0x00, 0x00, 0x00, 0x40, 0x00, 0x00, 0x30, 0xab, 0x02, 0x00,
    0x10, 0x40, 0x00, 0x00, 0xd0, 0x62, 0x02, 0x00, 0x2f, 0x01, 0x03, 0x00,
    0x02, 0x00, 0x00, 0x00, 0x00, 0x40, 0x00, 0x00, 0x70, 0x66, 0x02, 0x00,
    0x02, 0x40, 0x00, 0x00, 0xf0, 0x57, 0x02, 0x00, 0x0b, 0x01, 0x01, 0x00,
    0x0c, 0x01, 0x01, 0x00, 0x01, 0x01, 0x02, 0x00, 0x02, 0x01, 0x02, 0x00,
    0x10, 0x40, 0x00, 0x00, 0x70, 0xb2, 0x02, 0x00, 0x21, 0x01, 0x02, 0x00,
    0x20, 0x01, 0x04, 0x00, 0x20, 0x40, 0x00, 0x00, 0x60, 0x15, 0x00, 0x00,
    0x21, 0x40, 0x00, 0x00, 0xe0, 0x00, 0x00, 0x00, 0x22, 0x40, 0x00, 0x00,
    0xe0, 0x14, 0x00, 0x00, 0x2f, 0x01, 0x01, 0x00, 0x03, 0x00, 0x00, 0x00,
    0x00, 0x40, 0x00, 0x00, 0xd0, 0xae, 0x02, 0x00, 0x02, 0x40, 0x00, 0x00,
    0x00, 0x00, 0x00, 0x00, 0x0b, 0x01, 0x00, 0x00, 0x0c, 0x01, 0x00, 0x00,
    0x01, 0x01, 0x00, 0x00, 0x02, 0x01, 0x00, 0x00, 0x10, 0x40, 0x00, 0x00,
    0x10, 0xb6, 0x02, 0x00, 0x21, 0x01, 0x00, 0x00, 0x20, 0x01, 0x00, 0x00,
    0x20, 0x40, 0x00, 0x00, 0xc0, 0x16, 0x00, 0x00, 0x21, 0x40, 0x00, 0x00,
    0xf0, 0x00, 0x00, 0x00, 0x22, 0x40, 0x00, 0x00, 0x40, 0x16, 0x00, 0x00,
    0x02, 0x00, 0x00, 0x00, 0x00, 0x40, 0x00, 0x00, 0x70, 0xb2, 0x02, 0x00,
    0x10, 0x40, 0x00, 0x00, 0xb0, 0xb9, 0x02, 0x00, 0x2f, 0x01, 0x03, 0x00,
    0x02, 0x00, 0x00, 0x00, 0x00, 0x40, 0x00, 0x00, 0x10, 0xb6, 0x02, 0x00,
    0x10, 0x40, 0x00, 0x00, 0xa0, 0x03, 0x00, 0x00, 0x13, 0x01, 0x00, 0x00,
    0x15, 0x40, 0x00, 0x00, 0x3a, 0x00, 0x00, 0x00, 0x14, 0x40, 0x00, 0x00,
    0x01, 0x00, 0x00, 0x00, 0x16, 0x40, 0x00, 0x00, 0x01, 0x00, 0x00, 0x00,
    0x18, 0x01, 0x5a, 0x00, 0x14, 0x01, 0x01, 0x00, 0x20, 0x40, 0x00, 0x00,
    0xc0, 0x17, 0x00, 0x00, 0x21, 0x40, 0x00, 0x00, 0x40, 0x00, 0x00, 0x00,
    0x22, 0x40, 0x00, 0x00, 0xb0, 0x17, 0x00, 0x00, 0x23, 0x40, 0x00, 0x00,
    0x10, 0x00, 0x00, 0x00, 0x17, 0x01, 0x07, 0x00, 0x2f, 0x01, 0x01, 0x00,
    0x02, 0x00, 0x00, 0x00, 0x00, 0x40, 0x00, 0x00, 0xb0, 0xb9, 0x02, 0x00,
    0x10, 0x40, 0x00, 0x00, 0xda, 0x03, 0x00, 0x00, 0x2f, 0x01, 0x03, 0x00,
    0x02, 0x00, 0x00, 0x00, 0x00, 0x40, 0x00, 0x00, 0x10, 0x6a, 0x02, 0x00,
    0x02, 0x40, 0x00, 0x00, 0xf0, 0x57, 0x02, 0x00, 0x01, 0x01, 0x02, 0x00,
    0x02, 0x01, 0x02, 0x00, 0x10, 0x40, 0x00, 0x00, 0xd0, 0xae, 0x02, 0x00,
    0x13, 0x01, 0x0b, 0x00, 0x15, 0x40, 0x00, 0x00, 0xa0, 0x03, 0x00, 0x00,
    0x14, 0x40, 0x00, 0x00, 0x10, 0x00, 0x00, 0x00, 0x16, 0x40, 0x00, 0x00,
    0xa0, 0x03, 0x00, 0x00, 0x18, 0x01, 0x80, 0xff, 0x14, 0x01, 0x41, 0x00,
    0x21, 0x01, 0x02, 0x00, 0x20, 0x01, 0x04, 0x00, 0x20, 0x40, 0x00, 0x00,
    0x60, 0x15, 0x00, 0x00, 0x21, 0x40, 0x00, 0x00, 0xe0, 0x00, 0x00, 0x00,
    0x22, 0x40, 0x00, 0x00, 0xe0, 0x14, 0x00, 0x00, 0x23, 0x40, 0x00, 0x00,
    0x80, 0x00, 0x00, 0x00, 0x17, 0x01, 0x0f, 0x00, 0x03, 0x00, 0x00, 0x00,
    0x00, 0x40, 0x00, 0x00, 0xf0, 0x57, 0x02, 0x00, 0x02, 0x40, 0x00, 0x00,
    0x00, 0x00, 0x00, 0x00, 0x0b, 0x01, 0x02, 0x00, 0x0c, 0x01, 0x02, 0x00,
    0x10, 0x40, 0x00, 0x00, 0x70, 0xb2, 0x02, 0x00, 0x03, 0x00, 0x00, 0x00,
    0x00, 0x40, 0x00, 0x00, 0xd0, 0xae, 0x02, 0x00, 0x0b, 0x01, 0x00, 0x00,
    0x0c, 0x01, 0x00, 0x00, 0x01, 0x01, 0x00, 0x00, 0x02, 0x01, 0x00, 0x00,
    0x10, 0x40, 0x00, 0x00, 0x10, 0xb6, 0x02, 0x00, 0x21, 0x01, 0x00, 0x00,
    0x20, 0x01, 0x00, 0x00, 0x20, 0x40, 0x00, 0x00, 0xc0, 0x16, 0x00, 0x00,
    0x21, 0x40, 0x00, 0x00, 0xf0, 0x00, 0x00, 0x00, 0x22, 0x40, 0x00, 0x00,
    0x40, 0x16, 0x00, 0x00, 0x2f, 0x01, 0x01, 0x00, 0x02, 0x00, 0x00, 0x00,
    0x00, 0x40, 0x00, 0x00, 0x70, 0xb2, 0x02, 0x00, 0x10, 0x40, 0x00, 0x00,
    0xb0, 0xb9, 0x02, 0x00, 0x2f, 0x01, 0x03, 0x00, 0x02, 0x00, 0x00, 0x00,
    0x00, 0x40, 0x00, 0x00, 0x10, 0xb6, 0x02, 0x00, 0x10, 0x40, 0x00, 0x00,
    0x14, 0x04, 0x00, 0x00, 0x13, 0x01, 0x00, 0x00, 0x15, 0x40, 0x00, 0x00,
    0x3a, 0x00, 0x00, 0x00, 0x14, 0x40, 0x00, 0x00, 0x01, 0x00, 0x00, 0x00,
    0x16, 0x40, 0x00, 0x00, 0x01, 0x00, 0x00, 0x00, 0x18, 0x01, 0x5a, 0x00,
    0x14, 0x01, 0x01, 0x00, 0x20, 0x40, 0x00, 0x00, 0xc0, 0x17, 0x00, 0x00,
    0x21, 0x40, 0x00, 0x00, 0x40, 0x00, 0x00, 0x00, 0x22, 0x40, 0x00, 0x00,
    0xb0, 0x17, 0x00, 0x00, 0x23, 0x40, 0x00, 0x00, 0x10, 0x00, 0x00, 0x00,
    0x17, 0x01, 0x07, 0x00, 0x2f, 0x01, 0x01, 0x00, 0x02, 0x00, 0x00, 0x00,
    0x00, 0x40, 0x00, 0x00, 0xb0, 0xb9, 0x02, 0x00, 0x10, 0x40, 0x00, 0x00,
    0x4e, 0x04, 0x00, 0x00, 0x2f, 0x01, 0x03, 0x00, 0x02, 0x00, 0x00, 0x00,
    0x00, 0x40, 0x00, 0x00, 0x90, 0x5b, 0x02, 0x00, 0x0b, 0x01, 0x02, 0x00,
    0x0c, 0x01, 0x02, 0x00, 0x01, 0x01, 0x02, 0x00, 0x02, 0x01, 0x02, 0x00,
    0x10, 0x40, 0x00, 0x00, 0xd0, 0xae, 0x02, 0x00, 0x13, 0x01, 0x0b, 0x00,
    0x15, 0x40, 0x00, 0x00, 0xa0, 0x03, 0x00, 0x00, 0x14, 0x40, 0x00, 0x00,
    0x10, 0x00, 0x00, 0x00, 0x16, 0x40, 0x00, 0x00, 0xa0, 0x03, 0x00, 0x00,
    0x18, 0x01, 0x80, 0xff, 0x14, 0x01, 0x41, 0x00, 0x21, 0x01, 0x02, 0x00,
    0x20, 0x01, 0x04, 0x00, 0x20, 0x40, 0x00, 0x00, 0x60, 0x15, 0x00, 0x00,
    0x21, 0x40, 0x00, 0x00, 0xe0, 0x00, 0x00, 0x00, 0x22, 0x40, 0x00, 0x00,
    0xe0, 0x14, 0x00, 0x00, 0x23, 0x40, 0x00, 0x00, 0x80, 0x00, 0x00, 0x00,
    0x17, 0x01, 0x0f, 0x00, 0x03, 0x00, 0x00, 0x00, 0x00, 0x40, 0x00, 0x00,
    0x70, 0xf2, 0x01, 0x00, 0x0b, 0x01, 0x04, 0x00, 0x0c, 0x01, 0x04, 0x00,
    0x01, 0x01, 0x01, 0x00, 0x02, 0x01, 0x01, 0x00, 0x10, 0x40, 0x00, 0x00,
    0x90, 0xa7, 0x02, 0x00, 0x21, 0x01, 0x04, 0x00, 0x20, 0x01, 0x02, 0x00,
    0x20, 0x40, 0x00, 0x00, 0x80, 0x12, 0x00, 0x00, 0x22, 0x40, 0x00, 0x00,
    0x00, 0x12, 0x00, 0x00, 0x0d, 0x01, 0x12, 0x00, 0x03, 0x00, 0x00, 0x00,
    0x00, 0x40, 0x00, 0x00, 0x10, 0xf6, 0x01, 0x00, 0x10, 0x40, 0x00, 0x00,
    0x30, 0xab, 0x02, 0x00, 0x03, 0x00, 0x00, 0x00, 0x00, 0x40, 0x00, 0x00,
    0x90, 0xa7, 0x02, 0x00, 0x0b, 0x01, 0x00, 0x00, 0x0c, 0x01, 0x00, 0x00,
    0x01, 0x01, 0x00, 0x00, 0x02, 0x01, 0x00, 0x00, 0x10, 0x40, 0x00, 0x00,
    0x70, 0x66, 0x02, 0x00, 0x21, 0x01, 0x00, 0x00, 0x20, 0x01, 0x00, 0x00,
    0x20, 0x40, 0x00, 0x00, 0xe0, 0x13, 0x00, 0x00, 0x21, 0x40, 0x00, 0x00,
    0x00, 0x01, 0x00, 0x00, 0x22, 0x40, 0x00, 0x00, 0x60, 0x13, 0x00, 0x00,
    0x0d, 0x01, 0x0a, 0x00, 0x2f, 0x01, 0x01, 0x00, 0x02, 0x00, 0x00, 0x00,
    0x00, 0x40, 0x00, 0x00, 0x30, 0xab, 0x02, 0x00, 0x10, 0x40, 0x00, 0x00,
    0x10, 0x6a, 0x02, 0x00, 0x2f, 0x01, 0x03, 0x00, 0x02, 0x00, 0x00, 0x00,
    0x00, 0x40, 0x00, 0x00, 0xb0, 0xf9, 0x01, 0x00, 0x0b, 0x01, 0x04, 0x00,
    0x0c, 0x01, 0x04, 0x00, 0x01, 0x01, 0x01, 0x00, 0x02, 0x01, 0x01, 0x00,
    0x10, 0x40, 0x00, 0x00, 0x90, 0xa7, 0x02, 0x00, 0x21, 0x01, 0x04, 0x00,
    0x20, 0x01, 0x02, 0x00, 0x20, 0x40, 0x00, 0x00, 0x80, 0x12, 0x00, 0x00,
    0x21, 0x40, 0x00, 0x00, 0xe0, 0x00, 0x00, 0x00, 0x22, 0x40, 0x00, 0x00,
    0x00, 0x12, 0x00, 0x00, 0x0d, 0x01, 0x12, 0x00, 0x03, 0x00, 0x00, 0x00,
    0x00, 0x40, 0x00, 0x00, 0x50, 0xfd, 0x01, 0x00, 0x10, 0x40, 0x00, 0x00,
    0x30, 0xab, 0x02, 0x00, 0x03, 0x00, 0x00, 0x00, 0x00, 0x40, 0x00, 0x00,
    0x90, 0xa7, 0x02, 0x00, 0x0b, 0x01, 0x00, 0x00, 0x0c, 0x01, 0x00, 0x00,
    0x01, 0x01, 0x00, 0x00, 0x02, 0x01, 0x00, 0x00, 0x10, 0x40, 0x00, 0x00,
    0xf0, 0x57, 0x02, 0x00, 0x21, 0x01, 0x00, 0x00, 0x20, 0x01, 0x00, 0x00,
    0x20, 0x40, 0x00, 0x00, 0xe0, 0x13, 0x00, 0x00, 0x21, 0x40, 0x00, 0x00,
    0x00, 0x01, 0x00, 0x00, 0x22, 0x40, 0x00, 0x00, 0x60, 0x13, 0x00, 0x00,
    0x0d, 0x01, 0x0a, 0x00, 0x2f, 0x01, 0x01, 0x00, 0x02, 0x00, 0x00, 0x00,
    0x00, 0x40, 0x00, 0x00, 0x30, 0xab, 0x02, 0x00, 0x10, 0x40, 0x00, 0x00,
    0x90, 0x5b, 0x02, 0x00, 0x2f, 0x01, 0x03, 0x00, 0x02, 0x00, 0x00, 0x00,
    0x00, 0x40, 0x00, 0x00, 0x30, 0x5f, 0x02, 0x00, 0x0b, 0x01, 0x02, 0x00,
    0x0c, 0x01, 0x02, 0x00, 0x01, 0x01, 0x02, 0x00, 0x02, 0x01, 0x02, 0x00,
    0x10, 0x40, 0x00, 0x00, 0x70, 0xb2, 0x02, 0x00, 0x21, 0x01, 0x02, 0x00,
    0x20, 0x01, 0x04, 0x00, 0x20, 0x40, 0x00, 0x00, 0x60, 0x15, 0x00, 0x00,
    0x21, 0x40, 0x00, 0x00, 0xe0, 0x00, 0x00, 0x00, 0x22, 0x40, 0x00, 0x00,
    0xe0, 0x14, 0x00, 0x00, 0x2f, 0x01, 0x01, 0x00, 0x03, 0x00, 0x00, 0x00,
    0x00, 0x40, 0x00, 0x00, 0xd0, 0xae, 0x02, 0x00, 0x0b, 0x01, 0x00, 0x00,
    0x0c, 0x01, 0x00, 0x00, 0x01, 0x01, 0x00, 0x00, 0x02, 0x01, 0x00, 0x00,
    0x10, 0x40, 0x00, 0x00, 0x10, 0xb6, 0x02, 0x00, 0x21, 0x01, 0x00, 0x00,
    0x20, 0x01, 0x00, 0x00, 0x20, 0x40, 0x00, 0x00, 0xc0, 0x16, 0x00, 0x00,
    0x21, 0x40, 0x00, 0x00, 0xf0, 0x00, 0x00, 0x00, 0x22, 0x40, 0x00, 0x00,
    0x40, 0x16, 0x00, 0x00, 0x02, 0x00, 0x00, 0x00, 0x00, 0x40, 0x00, 0x00,
    0x70, 0xb2, 0x02, 0x00, 0x10, 0x40, 0x00, 0x00, 0xb0, 0xb9, 0x02, 0x00,
    0x2f, 0x01, 0x03, 0x00, 0x02, 0x00, 0x00, 0x00, 0x00, 0x40, 0x00, 0x00,
    0x10, 0xb6, 0x02, 0x00, 0x10, 0x40, 0x00, 0x00, 0x88, 0x04, 0x00, 0x00,
    0x13, 0x01, 0x00, 0x00, 0x15, 0x40, 0x00, 0x00, 0x3a, 0x00, 0x00, 0x00,
    0x14, 0x40, 0x00, 0x00, 0x01, 0x00, 0x00, 0x00, 0x16, 0x40, 0x00, 0x00,
    0x01, 0x00, 0x00, 0x00, 0x18, 0x01, 0x5a, 0x00, 0x14, 0x01, 0x01, 0x00,
    0x20, 0x40, 0x00, 0x00, 0xc0, 0x17, 0x00, 0x00, 0x21, 0x40, 0x00, 0x00,
    0x40, 0x00, 0x00, 0x00, 0x22, 0x40, 0x00, 0x00, 0xb0, 0x17, 0x00, 0x00,
    0x23, 0x40, 0x00, 0x00, 0x10, 0x00, 0x00, 0x00, 0x17, 0x01, 0x07, 0x00,
    0x2f, 0x01, 0x01, 0x00, 0x02, 0x00, 0x00, 0x00, 0x00, 0x40, 0x00, 0x00,
    0xb0, 0xb9, 0x02, 0x00, 0x10, 0x40, 0x00, 0x00, 0xc2, 0x04, 0x00, 0x00,
    0x2f, 0x01, 0x03, 0x00, 0x02, 0x00, 0x00, 0x00, 0x00, 0x40, 0x00, 0x00,
    0xd0, 0x62, 0x02, 0x00, 0x0b, 0x01, 0x02, 0x00, 0x0c, 0x01, 0x02, 0x00,
    0x01, 0x01, 0x02, 0x00, 0x02, 0x01, 0x02, 0x00, 0x10, 0x40, 0x00, 0x00,
    0xd0, 0xae, 0x02, 0x00, 0x13, 0x01, 0x0b, 0x00, 0x15, 0x40, 0x00, 0x00,
    0xa0, 0x03, 0x00, 0x00, 0x14, 0x40, 0x00, 0x00, 0x10, 0x00, 0x00, 0x00,
    0x16, 0x40, 0x00, 0x00, 0xa0, 0x03, 0x00, 0x00, 0x18, 0x01, 0x80, 0xff,
    0x14, 0x01, 0x41, 0x00, 0x21, 0x01, 0x02, 0x00, 0x20, 0x01, 0x04, 0x00,
    0x20, 0x40, 0x00, 0x00, 0x60, 0x15, 0x00, 0x00, 0x21, 0x40, 0x00, 0x00,
    0xe0, 0x00, 0x00, 0x00, 0x22, 0x40, 0x00, 0x00, 0xe0, 0x14, 0x00, 0x00,
    0x23, 0x40, 0x00, 0x00, 0x80, 0x00, 0x00, 0x00, 0x17, 0x01, 0x0f, 0x00,
    0x03, 0x00, 0x00, 0x00, 0x00, 0x40, 0x00, 0x00, 0x70, 0x66, 0x02, 0x00,
    0x02, 0x40, 0x00, 0x00, 0xf0, 0x57, 0x02, 0x00, 0x0b, 0x01, 0x01, 0x00,
    0x0c, 0x01, 0x01, 0x00, 0x10, 0x40, 0x00, 0x00, 0x70, 0xb2, 0x02, 0x00,
    0x03, 0x00, 0x00, 0x00, 0x00, 0x40, 0x00, 0x00, 0xd0, 0xae, 0x02, 0x00,
    0x02, 0x40, 0x00, 0x00, 0x00, 0x00, 0x00, 0x00, 0x0b, 0x01, 0x00, 0x00,
    0x0c, 0x01, 0x00, 0x00, 0x01, 0x01, 0x00, 0x00, 0x02, 0x01, 0x00, 0x00,
    0x10, 0x40, 0x00, 0x00, 0x10, 0xb6, 0x02, 0x00, 0x21, 0x01, 0x00, 0x00,
    0x20, 0x01, 0x00, 0x00, 0x20, 0x40, 0x00, 0x00, 0xc0, 0x16, 0x00, 0x00,
    0x21, 0x40, 0x00, 0x00, 0xf0, 0x00, 0x00, 0x00, 0x22, 0x40, 0x00, 0x00,
    0x40, 0x16, 0x00, 0x00, 0x2f, 0x01, 0x01, 0x00, 0x02, 0x00, 0x00, 0x00,
    0x00, 0x40, 0x00, 0x00, 0x70, 0xb2, 0x02, 0x00, 0x10, 0x40, 0x00, 0x00,
    0xb0, 0xb9, 0x02, 0x00, 0x2f, 0x01, 0x03, 0x00, 0x02, 0x00, 0x00, 0x00,
    0x00, 0x40, 0x00, 0x00, 0x10, 0xb6, 0x02, 0x00, 0x10, 0x40, 0x00, 0x00,
    0xfc, 0x04, 0x00, 0x00, 0x13, 0x01, 0x00, 0x00, 0x15, 0x40, 0x00, 0x00,
    0x3a, 0x00, 0x00, 0x00, 0x14, 0x40, 0x00, 0x00, 0x01, 0x00, 0x00, 0x00,
    0x16, 0x40, 0x00, 0x00, 0x01, 0x00, 0x00, 0x00, 0x18, 0x01, 0x5a, 0x00,
    0x14, 0x01, 0x01, 0x00, 0x20, 0x40, 0x00, 0x00, 0xc0, 0x17, 0x00, 0x00,
    0x21, 0x40, 0x00, 0x00, 0x40, 0x00, 0x00, 0x00, 0x22, 0x40, 0x00, 0x00,
    0xb0, 0x17, 0x00, 0x00, 0x23, 0x40, 0x00, 0x00, 0x10, 0x00, 0x00, 0x00,
    0x17, 0x01, 0x07, 0x00, 0x2f, 0x01, 0x01, 0x00, 0x02, 0x00, 0x00, 0x00,
    0x00, 0x40, 0x00, 0x00, 0xb0, 0xb9, 0x02, 0x00, 0x10, 0x40, 0x00, 0x00,
    0x36, 0x05, 0x00, 0x00, 0x2f, 0x01, 0x03, 0x00, 0x02, 0x00, 0x00, 0x00,
    0x00, 0x40, 0x00, 0x00, 0x10, 0x6a, 0x02, 0x00, 0x02, 0x40, 0x00, 0x00,
    0xf0, 0x57, 0x02, 0x00, 0x01, 0x01, 0x02, 0x00, 0x02, 0x01, 0x02, 0x00,
    0x10, 0x40, 0x00, 0x00, 0xd0, 0xae, 0x02, 0x00, 0x13, 0x01, 0x0b, 0x00,
    0x15, 0x40, 0x00, 0x00, 0xa0, 0x03, 0x00, 0x00, 0x14, 0x40, 0x00, 0x00,
    0x10, 0x00, 0x00, 0x00, 0x16, 0x40, 0x00, 0x00, 0xa0, 0x03, 0x00, 0x00,
    0x18, 0x01, 0x80, 0xff, 0x14, 0x01, 0x41, 0x00, 0x21, 0x01, 0x02, 0x00,
    0x20, 0x01, 0x04, 0x00, 0x20, 0x40, 0x00, 0x00, 0x60, 0x15, 0x00, 0x00,
    0x21, 0x40, 0x00, 0x00, 0xe0, 0x00, 0x00, 0x00, 0x22, 0x40, 0x00, 0x00,
    0xe0, 0x14, 0x00, 0x00, 0x23, 0x40, 0x00, 0x00, 0x80, 0x00, 0x00, 0x00,
    0x17, 0x01, 0x0f, 0x00, 0x03, 0x00, 0x00, 0x00, 0x00, 0x40, 0x00, 0x00,
    0x10, 0x4d, 0x02, 0x00, 0x02, 0x40, 0x00, 0x00, 0x00, 0x00, 0x00, 0x00,
    0x0b, 0x01, 0x02, 0x00, 0x0c, 0x01, 0x02, 0x00, 0x01, 0x01, 0x01, 0x00,
    0x02, 0x01, 0x01, 0x00, 0x10, 0x40, 0x00, 0x00, 0x50, 0xa0, 0x02, 0x00,
    0x20, 0x01, 0x02, 0x00, 0x20, 0x40, 0x00, 0x00, 0xd0, 0x0f, 0x00, 0x00,
    0x21, 0x40, 0x00, 0x00, 0xb0, 0x00, 0x00, 0x00, 0x22, 0x40, 0x00, 0x00,
    0x50, 0x0f, 0x00, 0x00, 0x03, 0x00, 0x00, 0x00, 0x00, 0x40, 0x00, 0x00,
    0x30, 0xeb, 0x01, 0x00, 0x02, 0x40, 0x00, 0x00, 0x30, 0xce, 0x01, 0x00,
    0x0b, 0x01, 0x01, 0x00, 0x0c, 0x01, 0x01, 0x00, 0x10, 0x40, 0x00, 0x00,
    0x10, 0x99, 0x02, 0x00, 0x21, 0x01, 0x04, 0x00, 0x20, 0x40, 0x00, 0x00,
    0xf0, 0x0c, 0x00, 0x00, 0x21, 0x40, 0x00, 0x00, 0xe0, 0x00, 0x00, 0x00,
    0x22, 0x40, 0x00, 0x00, 0x70, 0x0c, 0x00, 0x00, 0x0d, 0x01, 0x12, 0x00,
    0x03, 0x00, 0x00, 0x00, 0x00, 0x40, 0x00, 0x00, 0xd0, 0xee, 0x01, 0x00,
    0x0b, 0x01, 0x00, 0x00, 0x0c, 0x01, 0x00, 0x00, 0x10, 0x40, 0x00, 0x00,
    0xb0, 0x9c, 0x02, 0x00, 0x03, 0x00, 0x00, 0x00, 0x00, 0x40, 0x00, 0x00,
    0x10, 0x99, 0x02, 0x00, 0x02, 0x40, 0x00, 0x00, 0x00, 0x00, 0x00, 0x00,
    0x01, 0x01, 0x00, 0x00, 0x02, 0x01, 0x00, 0x00, 0x10, 0x40, 0x00, 0x00,
    0x30, 0x42, 0x02, 0x00, 0x21, 0x01, 0x00, 0x00, 0x20, 0x01, 0x00, 0x00,
    0x20, 0x40, 0x00, 0x00, 0x50, 0x0e, 0x00, 0x00, 0x21, 0x40, 0x00, 0x00,
    0x00, 0x01, 0x00, 0x00, 0x22, 0x40, 0x00, 0x00, 0xd0, 0x0d, 0x00, 0x00,
    0x0d, 0x01, 0x0a, 0x00, 0x2f, 0x01, 0x01, 0x00, 0x02, 0x00, 0x00, 0x00,
    0x00, 0x40, 0x00, 0x00, 0xb0, 0x9c, 0x02, 0x00, 0x10, 0x40, 0x00, 0x00,
    0xd0, 0x45, 0x02, 0x00, 0x2f, 0x01, 0x03, 0x00, 0x02, 0x00, 0x00, 0x00,
    0x00, 0x40, 0x00, 0x00, 0x50, 0x37, 0x02, 0x00, 0x0b, 0x01, 0x02, 0x00,
    0x0c, 0x01, 0x02, 0x00, 0x01, 0x01, 0x02, 0x00, 0x02, 0x01, 0x02, 0x00,
    0x10, 0x40, 0x00, 0x00, 0xd0, 0x91, 0x02, 0x00, 0x21, 0x01, 0x02, 0x00,
    0x20, 0x01, 0x04, 0x00, 0x20, 0x40, 0x00, 0x00, 0x20, 0x0a, 0x00, 0x00,
    0x21, 0x40, 0x00, 0x00, 0xe0, 0x00, 0x00, 0x00, 0x22, 0x40, 0x00, 0x00,
    0xa0, 0x09, 0x00, 0x00, 0x03, 0x00, 0x00, 0x00, 0x00, 0x40, 0x00, 0x00,
    0xf0, 0x3a, 0x02, 0x00, 0x02, 0x40, 0x00, 0x00, 0x70, 0x2c, 0x02, 0x00,
    0x0b, 0x01, 0x01, 0x00, 0x0c, 0x01, 0x01, 0x00, 0x10, 0x40, 0x00, 0x00,
    0x70, 0x95, 0x02, 0x00, 0x03, 0x00, 0x00, 0x00, 0x00, 0x40, 0x00, 0x00,
    0xd0, 0x91, 0x02, 0x00, 0x02, 0x40, 0x00, 0x00, 0x00, 0x00, 0x00, 0x00,
    0x0b, 0x01, 0x00, 0x00, 0x0c, 0x01, 0x00, 0x00, 0x01, 0x01, 0x00, 0x00,
    0x02, 0x01, 0x00, 0x00, 0x10, 0x40, 0x00, 0x00, 0xb0, 0xdc, 0x01, 0x00,
    0x21, 0x01, 0x00, 0x00, 0x20, 0x01, 0x00, 0x00, 0x20, 0x40, 0x00, 0x00,
    0x80, 0x0b, 0x00, 0x00, 0x21, 0x40, 0x00, 0x00, 0xf0, 0x00, 0x00, 0x00,
    0x22, 0x40, 0x00, 0x00, 0x00, 0x0b, 0x00, 0x00, 0x2f, 0x01, 0x01, 0x00,
    0x02, 0x00, 0x00, 0x00, 0x00, 0x40, 0x00, 0x00, 0x70, 0x95, 0x02, 0x00,
    0x10, 0x40, 0x00, 0x00, 0x50, 0xe0, 0x01, 0x00, 0x2f, 0x01, 0x03, 0x00,
    0x02, 0x00, 0x00, 0x00, 0x00, 0x40, 0x00, 0x00, 0x90, 0x3e, 0x02, 0x00,
    0x02, 0x40, 0x00, 0x00, 0x70, 0x2c, 0x02, 0x00, 0x01, 0x01, 0x02, 0x00,
    0x02, 0x01, 0x02, 0x00, 0x10, 0x40, 0x00, 0x00, 0xd0, 0x91, 0x02, 0x00,
    0x21, 0x01, 0x02, 0x00, 0x20, 0x01, 0x04, 0x00, 0x20, 0x40, 0x00, 0x00,
    0x20, 0x0a, 0x00, 0x00, 0x21, 0x40, 0x00, 0x00, 0xe0, 0x00, 0x00, 0x00,
    0x22, 0x40, 0x00, 0x00, 0xa0, 0x09, 0x00, 0x00, 0x03, 0x00, 0x00, 0x00,
    0x00, 0x40, 0x00, 0x00, 0x90, 0x21, 0x02, 0x00, 0x02, 0x40, 0x00, 0x00,
    0x00, 0x00, 0x00, 0x00, 0x0b, 0x01, 0x02, 0x00, 0x0c, 0x01, 0x02, 0x00,
    0x01, 0x01, 0x01, 0x00, 0x02, 0x01, 0x01, 0x00, 0x10, 0x40, 0x00, 0x00,
    0x50, 0x83, 0x02, 0x00, 0x20, 0x01, 0x02, 0x00, 0x20, 0x40, 0x00, 0x00,
    0xa0, 0x04, 0x00, 0x00, 0x21, 0x40, 0x00, 0x00, 0xa0, 0x00, 0x00, 0x00,
    0x22, 0x40, 0x00, 0x00, 0x20, 0x04, 0x00, 0x00, 0x03, 0x00, 0x00, 0x00,
    0x00, 0x40, 0x00, 0x00, 0xb0, 0x85, 0x01, 0x00, 0x0b, 0x01, 0x04, 0x00,
    0x0c, 0x01, 0x04, 0x00, 0x10, 0x40, 0x00, 0x00, 0x10, 0x7c, 0x02, 0x00,
    0x21, 0x01, 0x04, 0x00, 0x20, 0x40, 0x00, 0x00, 0xe0, 0x01, 0x00, 0x00,
    0x21, 0x40, 0x00, 0x00, 0xe0, 0x00, 0x00, 0x00, 0x22, 0x40, 0x00, 0x00,
    0x60, 0x01, 0x00, 0x00, 0x0d, 0x01, 0x12, 0x00, 0x03, 0x00, 0x00, 0x00,
    0x00, 0x40, 0x00, 0x00, 0x50, 0x89, 0x01, 0x00, 0x10, 0x40, 0x00, 0x00,
    0xb0, 0x7f, 0x02, 0x00, 0x03, 0x00, 0x00, 0x00, 0x00, 0x40, 0x00, 0x00,
    0x10, 0x7c, 0x02, 0x00, 0x0b, 0x01, 0x00, 0x00, 0x0c, 0x01, 0x00, 0x00,
    0x01, 0x01, 0x00, 0x00, 0x02, 0x01, 0x00, 0x00, 0x10, 0x40, 0x00, 0x00,
    0xb0, 0x16, 0x02, 0x00, 0x21, 0x01, 0x00, 0x00, 0x20, 0x01, 0x00, 0x00,
    0x20, 0x40, 0x00, 0x00, 0x40, 0x03, 0x00, 0x00, 0x22, 0x40, 0x00, 0x00,
    0xc0, 0x02, 0x00, 0x00, 0x0d, 0x01, 0x0a, 0x00, 0x2f, 0x01, 0x01, 0x00,
    0x02, 0x00, 0x00, 0x00, 0x00, 0x40, 0x00, 0x00, 0xb0, 0x7f, 0x02, 0x00,
    0x10, 0x40, 0x00, 0x00, 0x50, 0x1a, 0x02, 0x00, 0x2f, 0x01, 0x03, 0x00,
    0x02, 0x00, 0x00, 0x00, 0x00, 0x40, 0x00, 0x00, 0x70, 0xbc, 0x00, 0x00,
    0x0b, 0x01, 0x01, 0x00, 0x0c, 0x01, 0x01, 0x00, 0x0a, 0x01, 0x72, 0x00,
    0x04, 0x01, 0x03, 0x00, 0x05, 0x40, 0x00, 0x00, 0xcc, 0x01, 0x00, 0x00,
    0x04, 0x40, 0x00, 0x00, 0x04, 0x00, 0x00, 0x00, 0x06, 0x40, 0x00, 0x00,
    0x01, 0x00, 0x00, 0x00, 0x09, 0x01, 0x00, 0x00, 0x05, 0x01, 0x01, 0x00,
    0x10, 0x40, 0x00, 0x00, 0xb0, 0x6d, 0x02, 0x00, 0x11, 0x01, 0x72, 0x00,
    0x1a, 0x01, 0x72, 0x00, 0x13, 0x01, 0x03, 0x00, 0x15, 0x40, 0x00, 0x00,
    0x30, 0x07, 0x00, 0x00, 0x16, 0x40, 0x00, 0x00, 0x30, 0x07, 0x00, 0x00,
    0x18, 0x01, 0x00, 0x00, 0x14, 0x01, 0x41, 0x81, 0x21, 0x01, 0x01, 0x00,
    0x22, 0x01, 0x02, 0x00, 0x15, 0x01, 0x15, 0x00, 0x17, 0x01, 0x07, 0x00,
    0x05, 0x00, 0x01, 0x00, 0x00, 0x40, 0x00, 0x00, 0x08, 0xc0, 0x00, 0x00,
    0x10, 0x40, 0x00, 0x00, 0xe0, 0x74, 0x02, 0x00, 0x05, 0x00, 0x01, 0x00,
    0x00, 0x40, 0x00, 0x00, 0xb0, 0x6d, 0x02, 0x00, 0x0b, 0x01, 0x00, 0x00,
    0x0c, 0x01, 0x00, 0x00, 0x05, 0x40, 0x00, 0x00, 0x30, 0x07, 0x00, 0x00,
    0x04, 0x40, 0x00, 0x00, 0x10, 0x00, 0x00, 0x00, 0x06, 0x40, 0x00, 0x00,
    0x30, 0x07, 0x00, 0x00, 0x05, 0x01, 0x41, 0x00, 0x01, 0x01, 0x01, 0x00,
    0x02, 0x01, 0x01, 0x00, 0x10, 0x40, 0x00, 0x00, 0x70, 0x9b, 0x01, 0x00,
    0x11, 0x01, 0x39, 0x00, 0x1a, 0x01, 0x39, 0x00, 0x13, 0x01, 0x0b, 0x00,
    0x15, 0x40, 0x00, 0x00, 0xa0, 0x03, 0x00, 0x00, 0x16, 0x40, 0x00, 0x00,
    0xa0, 0x03, 0x00, 0x00, 0x18, 0x01, 0x80, 0xff, 0x14, 0x01, 0x41, 0x00,
    0x21, 0x01, 0x00, 0x00, 0x20, 0x01, 0x02, 0x00, 0x22, 0x01, 0x05, 0x00,
    0x20, 0x40, 0x00, 0x00, 0x80, 0x00, 0x00, 0x00, 0x22, 0x40, 0x00, 0x00,
    0x00, 0x00, 0x00, 0x00, 0x15, 0x01, 0x39, 0x00, 0x17, 0x01, 0x0f, 0x00,
    0x2f, 0x01, 0x01, 0x00, 0x02, 0x00, 0x00, 0x00, 0x00, 0x40, 0x00, 0x00,
    0xe0, 0x74, 0x02, 0x00, 0x10, 0x40, 0x00, 0x00, 0x10, 0x9f, 0x01, 0x00,
    0x2f, 0x01, 0x03, 0x00, 0x02, 0x00, 0x00, 0x00, 0x00, 0x40, 0x00, 0x00,
    0xa0, 0xc3, 0x00, 0x00, 0x0b, 0x01, 0x01, 0x00, 0x0c, 0x01, 0x01, 0x00,
    0x05, 0x40, 0x00, 0x00, 0xcc, 0x01, 0x00, 0x00, 0x04, 0x40, 0x00, 0x00,
    0x04, 0x00, 0x00, 0x00, 0x06, 0x40, 0x00, 0x00, 0x01, 0x00, 0x00, 0x00,
    0x05, 0x01, 0x01, 0x00, 0x01, 0x01, 0x00, 0x00, 0x02, 0x01, 0x00, 0x00,
    0x10, 0x40, 0x00, 0x00, 0xb0, 0x6d, 0x02, 0x00, 0x11, 0x01, 0x72, 0x00,
    0x1a, 0x01, 0x72, 0x00, 0x13, 0x01, 0x03, 0x00, 0x15, 0x40, 0x00, 0x00,
    0x30, 0x07, 0x00, 0x00, 0x16, 0x40, 0x00, 0x00, 0x30, 0x07, 0x00, 0x00,
    0x18, 0x01, 0x00, 0x00, 0x14, 0x01, 0x41, 0x81, 0x21, 0x01, 0x01, 0x00,
    0x20, 0x01, 0x00, 0x00, 0x22, 0x01, 0x02, 0x00, 0x15, 0x01, 0x15, 0x00,
    0x17, 0x01, 0x07, 0x00, 0x05, 0x00, 0x01, 0x00, 0x00, 0x40, 0x00, 0x00,
    0x38, 0xc7, 0x00, 0x00, 0x10, 0x40, 0x00, 0x00, 0xe0, 0x74, 0x02, 0x00,
    0x05, 0x00, 0x01, 0x00, 0x00, 0x40, 0x00, 0x00, 0xb0, 0x6d, 0x02, 0x00,
    0x0b, 0x01, 0x00, 0x00, 0x0c, 0x01, 0x00, 0x00, 0x05, 0x40, 0x00, 0x00,
    0x30, 0x07, 0x00, 0x00, 0x04, 0x40, 0x00, 0x00, 0x10, 0x00, 0x00, 0x00,
    0x06, 0x40, 0x00, 0x00, 0x30, 0x07, 0x00, 0x00, 0x05, 0x01, 0x41, 0x00,
    0x01, 0x01, 0x01, 0x00, 0x02, 0x01, 0x01, 0x00, 0x10, 0x40, 0x00, 0x00,
    0xb0, 0xa2, 0x01, 0x00, 0x11, 0x01, 0x39, 0x00, 0x1a, 0x01, 0x39, 0x00,
    0x13, 0x01, 0x0b, 0x00, 0x15, 0x40, 0x00, 0x00, 0xa0, 0x03, 0x00, 0x00,
    0x16, 0x40, 0x00, 0x00, 0xa0, 0x03, 0x00, 0x00, 0x18, 0x01, 0x80, 0xff,
    0x14, 0x01, 0x41, 0x00, 0x21, 0x01, 0x00, 0x00, 0x20, 0x01, 0x02, 0x00,
    0x22, 0x01, 0x05, 0x00, 0x15, 0x01, 0x39, 0x00, 0x17, 0x01, 0x0f, 0x00,
    0x2f, 0x01, 0x01, 0x00, 0x02, 0x00, 0x00, 0x00, 0x00, 0x40, 0x00, 0x00,
    0xe0, 0x74, 0x02, 0x00, 0x10, 0x40, 0x00, 0x00, 0x50, 0xa6, 0x01, 0x00,
    0x2f, 0x01, 0x03, 0x00, 0x02, 0x00, 0x00, 0x00, 0x00, 0x40, 0x00, 0x00,
    0xd0, 0xca, 0x00, 0x00, 0x0b, 0x01, 0x01, 0x00, 0x0c, 0x01, 0x01, 0x00,
    0x05, 0x40, 0x00, 0x00, 0xcc, 0x01, 0x00, 0x00, 0x04, 0x40, 0x00, 0x00,
    0x04, 0x00, 0x00, 0x00, 0x06, 0x40, 0x00, 0x00, 0x01, 0x00, 0x00, 0x00,
    0x05, 0x01, 0x01, 0x00, 0x01, 0x01, 0x00, 0x00, 0x02, 0x01, 0x00, 0x00,
    0x10, 0x40, 0x00, 0x00, 0xb0, 0x6d, 0x02, 0x00, 0x11, 0x01, 0x72, 0x00,
    0x1a, 0x01, 0x72, 0x00, 0x13, 0x01, 0x03, 0x00, 0x15, 0x40, 0x00, 0x00,
    0x30, 0x07, 0x00, 0x00, 0x16, 0x40, 0x00, 0x00, 0x30, 0x07, 0x00, 0x00,
    0x18, 0x01, 0x00, 0x00, 0x14, 0x01, 0x41, 0x81, 0x21, 0x01, 0x01, 0x00,
    0x20, 0x01, 0x00, 0x00, 0x22, 0x01, 0x02, 0x00, 0x15, 0x01, 0x15, 0x00,
    0x17, 0x01, 0x07, 0x00, 0x05, 0x00, 0x01, 0x00, 0x00, 0x40, 0x00, 0x00,
    0x68, 0xce, 0x00, 0x00, 0x10, 0x40, 0x00, 0x00, 0xe0, 0x74, 0x02, 0x00,
    0x05, 0x00, 0x01, 0x00, 0x00, 0x40, 0x00, 0x00, 0xb0, 0x6d, 0x02, 0x00,
    0x0b, 0x01, 0x00, 0x00, 0x0c, 0x01, 0x00, 0x00, 0x05, 0x40, 0x00, 0x00,
    0x30, 0x07, 0x00, 0x00, 0x04, 0x40, 0x00, 0x00, 0x10, 0x00, 0x00, 0x00,
    0x06, 0x40, 0x00, 0x00, 0x30, 0x07, 0x00, 0x00, 0x05, 0x01, 0x41, 0x00,
    0x01, 0x01, 0x01, 0x00, 0x02, 0x01, 0x01, 0x00, 0x10, 0x40, 0x00, 0x00,
    0xb0, 0x85, 0x01, 0x00, 0x11, 0x01, 0x39, 0x00, 0x1a, 0x01, 0x39, 0x00,
    0x13, 0x01, 0x0b, 0x00, 0x15, 0x40, 0x00, 0x00, 0xa0, 0x03, 0x00, 0x00,
    0x16, 0x40, 0x00, 0x00, 0xa0, 0x03, 0x00, 0x00, 0x18, 0x01, 0x80, 0xff,
    0x14, 0x01, 0x41, 0x00, 0x21, 0x01, 0x00, 0x00, 0x20, 0x01, 0x02, 0x00,
    0x22, 0x01, 0x05, 0x00, 0x15, 0x01, 0x39, 0x00, 0x17, 0x01, 0x0f, 0x00,
    0x2f, 0x01, 0x01, 0x00, 0x02, 0x00, 0x00, 0x00, 0x00, 0x40, 0x00, 0x00,
    0xe0, 0x74, 0x02, 0x00, 0x10, 0x40, 0x00, 0x00, 0x50, 0x89, 0x01, 0x00,
    0x2f, 0x01, 0x03, 0x00, 0x02, 0x00, 0x00, 0x00, 0x00, 0x40, 0x00, 0x00,
    0xf0, 0x8c, 0x01, 0x00, 0x0b, 0x01, 0x04, 0x00, 0x0c, 0x01, 0x04, 0x00,
    0x0a, 0x01, 0x39, 0x00, 0x04, 0x01, 0x0b, 0x00, 0x05, 0x40, 0x00, 0x00,
    0xa0, 0x03, 0x00, 0x00, 0x06, 0x40, 0x00, 0x00, 0xa0, 0x03, 0x00, 0x00,
    0x09, 0x01, 0x80, 0xff, 0x10, 0x40, 0x00, 0x00, 0x10, 0x7c, 0x02, 0x00,
    0x21, 0x01, 0x04, 0x00, 0x22, 0x01, 0x00, 0x00, 0x20, 0x40, 0x00, 0x00,
    0xe0, 0x01, 0x00, 0x00, 0x22, 0x40, 0x00, 0x00, 0x60, 0x01, 0x00, 0x00,
    0x0d, 0x01, 0x12, 0x00, 0x2f, 0x01, 0x01, 0x00, 0x03, 0x00, 0x00, 0x00,
    0x00, 0x40, 0x00, 0x00, 0x90, 0x90, 0x01, 0x00, 0x10, 0x40, 0x00, 0x00,
    0xb0, 0x7f, 0x02, 0x00, 0x2f, 0x01, 0x03, 0x00, 0x03, 0x00, 0x00, 0x00,
    0x00, 0x40, 0x00, 0x00, 0x10, 0x7c, 0x02, 0x00, 0x0b, 0x01, 0x00, 0x00,
    0x0c, 0x01, 0x00, 0x00, 0x01, 0x01, 0x00, 0x00, 0x02, 0x01, 0x00, 0x00,
    0x10, 0x40, 0x00, 0x00, 0xf0, 0x1d, 0x02, 0x00, 0x21, 0x01, 0x00, 0x00,
    0x20, 0x01, 0x00, 0x00, 0x20, 0x40, 0x00, 0x00, 0x40, 0x03, 0x00, 0x00,
    0x22, 0x40, 0x00, 0x00, 0xc0, 0x02, 0x00, 0x00, 0x0d, 0x01, 0x0a, 0x00,
    0x2f, 0x01, 0x01, 0x00, 0x02, 0x00, 0x00, 0x00, 0x00, 0x40, 0x00, 0x00,
    0xb0, 0x7f, 0x02, 0x00, 0x10, 0x40, 0x00, 0x00, 0x90, 0x21, 0x02, 0x00,
    0x2f, 0x01, 0x03, 0x00, 0x02, 0x00, 0x00, 0x00, 0x00, 0x40, 0x00, 0x00,
    0x30, 0x25, 0x02, 0x00, 0x02, 0x40, 0x00, 0x00, 0xb0, 0x16, 0x02, 0x00,
    0x0b, 0x01, 0x01, 0x00, 0x0c, 0x01, 0x01, 0x00, 0x01, 0x01, 0x01, 0x00,
    0x02, 0x01, 0x01, 0x00, 0x10, 0x40, 0x00, 0x00, 0xf0, 0x86, 0x02, 0x00,
    0x21, 0x01, 0x02, 0x00, 0x20, 0x01, 0x02, 0x00, 0x20, 0x40, 0x00, 0x00,
    0xa0, 0x04, 0x00, 0x00, 0x21, 0x40, 0x00, 0x00, 0xa0, 0x00, 0x00, 0x00,
    0x22, 0x40, 0x00, 0x00, 0x20, 0x04, 0x00, 0x00, 0x2f, 0x01, 0x01, 0x00,
    0x03, 0x00, 0x00, 0x00, 0x00, 0x40, 0x00, 0x00, 0x50, 0x83, 0x02, 0x00,
    0x02, 0x40, 0x00, 0x00, 0x00, 0x00, 0x00, 0x00, 0x0b, 0x01, 0x00, 0x00,
    0x0c, 0x01, 0x00, 0x00, 0x01, 0x01, 0x00, 0x00, 0x02, 0x01, 0x00, 0x00,
    0x10, 0x40, 0x00, 0x00, 0xf0, 0xa9, 0x01, 0x00, 0x21, 0x01, 0x00, 0x00,
    0x20, 0x01, 0x00, 0x00, 0x20, 0x40, 0x00, 0x00, 0xc0, 0x05, 0x00, 0x00,
    0x21, 0x40, 0x00, 0x00, 0x00, 0x01, 0x00, 0x00, 0x22, 0x40, 0x00, 0x00,
    0x40, 0x05, 0x00, 0x00, 0x02, 0x00, 0x00, 0x00, 0x00, 0x40, 0x00, 0x00,
    0xf0, 0x86, 0x02, 0x00, 0x10, 0x40, 0x00, 0x00, 0x90, 0xad, 0x01, 0x00,
    0x2f, 0x01, 0x03, 0x00, 0x02, 0x00, 0x00, 0x00, 0x00, 0x40, 0x00, 0x00,
    0xd0, 0x28, 0x02, 0x00, 0x02, 0x40, 0x00, 0x00, 0xb0, 0x16, 0x02, 0x00,
    0x01, 0x01, 0x01, 0x00, 0x02, 0x01, 0x01, 0x00, 0x10, 0x40, 0x00, 0x00,
    0x50, 0x83, 0x02, 0x00, 0x21, 0x01, 0x02, 0x00, 0x20, 0x01, 0x02, 0x00,
    0x20, 0x40, 0x00, 0x00, 0xa0, 0x04, 0x00, 0x00, 0x21, 0x40, 0x00, 0x00,
    0xa0, 0x00, 0x00, 0x00, 0x22, 0x40, 0x00, 0x00, 0x20, 0x04, 0x00, 0x00,
    0x03, 0x00, 0x00, 0x00, 0x00, 0x40, 0x00, 0x00, 0xb0, 0x16, 0x02, 0x00,
    0x02, 0x40, 0x00, 0x00, 0x00, 0x00, 0x00, 0x00, 0x0b, 0x01, 0x02, 0x00,
    0x0c, 0x01, 0x02, 0x00, 0x10, 0x40, 0x00, 0x00, 0xf0, 0x86, 0x02, 0x00,
    0x03, 0x00, 0x00, 0x00, 0x00, 0x40, 0x00, 0x00, 0x50, 0x83, 0x02, 0x00,
    0x0b, 0x01, 0x00, 0x00, 0x0c, 0x01, 0x00, 0x00, 0x01, 0x01, 0x00, 0x00,
    0x02, 0x01, 0x00, 0x00, 0x10, 0x40, 0x00, 0x00, 0x30, 0xb1, 0x01, 0x00,
    0x21, 0x01, 0x00, 0x00, 0x20, 0x01, 0x00, 0x00, 0x20, 0x40, 0x00, 0x00,
    0xc0, 0x05, 0x00, 0x00, 0x21, 0x40, 0x00, 0x00, 0x00, 0x01, 0x00, 0x00,
    0x22, 0x40, 0x00, 0x00, 0x40, 0x05, 0x00, 0x00, 0x2f, 0x01, 0x01, 0x00,
    0x02, 0x00, 0x00, 0x00, 0x00, 0x40, 0x00, 0x00, 0xf0, 0x86, 0x02, 0x00,
    0x10, 0x40, 0x00, 0x00, 0xd0, 0xb4, 0x01, 0x00, 0x2f, 0x01, 0x03, 0x00,
    0x02, 0x00, 0x00, 0x00, 0x00, 0x40, 0x00, 0x00, 0x50, 0x1a, 0x02, 0x00,
    0x0b, 0x01, 0x02, 0x00, 0x0c, 0x01, 0x02, 0x00, 0x01, 0x01, 0x01, 0x00,
    0x02, 0x01, 0x01, 0x00, 0x10, 0x40, 0x00, 0x00, 0x50, 0x83, 0x02, 0x00,
    0x21, 0x01, 0x02, 0x00, 0x20, 0x01, 0x02, 0x00, 0x20, 0x40, 0x00, 0x00,
    0xa0, 0x04, 0x00, 0x00, 0x21, 0x40, 0x00, 0x00, 0xa0, 0x00, 0x00, 0x00,
    0x22, 0x40, 0x00, 0x00, 0x20, 0x04, 0x00, 0x00, 0x03, 0x00, 0x00, 0x00,
    0x00, 0x40, 0x00, 0x00, 0x30, 0x94, 0x01, 0x00, 0x0b, 0x01, 0x04, 0x00,
    0x0c, 0x01, 0x04, 0x00, 0x10, 0x40, 0x00, 0x00, 0x10, 0x7c, 0x02, 0x00,
    0x21, 0x01, 0x04, 0x00, 0x20, 0x40, 0x00, 0x00, 0xe0, 0x01, 0x00, 0x00,
    0x21, 0x40, 0x00, 0x00, 0xe0, 0x00, 0x00, 0x00, 0x22, 0x40, 0x00, 0x00,
    0x60, 0x01, 0x00, 0x00, 0x0d, 0x01, 0x12, 0x00, 0x03, 0x00, 0x00, 0x00,
    0x00, 0x40, 0x00, 0x00, 0xd0, 0x97, 0x01, 0x00, 0x10, 0x40, 0x00, 0x00,
    0xb0, 0x7f, 0x02, 0x00, 0x03, 0x00, 0x00, 0x00, 0x00, 0x40, 0x00, 0x00,
    0x10, 0x7c, 0x02, 0x00, 0x0b, 0x01, 0x00, 0x00, 0x0c, 0x01, 0x00, 0x00,
    0x01, 0x01, 0x00, 0x00, 0x02, 0x01, 0x00, 0x00, 0x10, 0x40, 0x00, 0x00,
    0x30, 0x25, 0x02, 0x00, 0x21, 0x01, 0x00, 0x00, 0x20, 0x01, 0x00, 0x00,
    0x20, 0x40, 0x00, 0x00, 0x40, 0x03, 0x00, 0x00, 0x22, 0x40, 0x00, 0x00,
    0xc0, 0x02, 0x00, 0x00, 0x0d, 0x01, 0x0a, 0x00, 0x2f, 0x01, 0x01, 0x00,
    0x02, 0x00, 0x00, 0x00, 0x00, 0x40, 0x00, 0x00, 0xb0, 0x7f, 0x02, 0x00,
    0x10, 0x40, 0x00, 0x00, 0xd0, 0x28, 0x02, 0x00, 0x2f, 0x01, 0x03, 0x00,
    0x02, 0x00, 0x00, 0x00, 0x00, 0x40, 0x00, 0x00, 0x70, 0x9b, 0x01, 0x00,
    0x02, 0x40, 0x00, 0x00, 0xb0, 0x85, 0x01, 0x00, 0x0b, 0x01, 0x03, 0x00,
    0x0c, 0x01, 0x03, 0x00, 0x01, 0x01, 0x01, 0x00, 0x02, 0x01, 0x01, 0x00,
    0x10, 0x40, 0x00, 0x00, 0x10, 0x7c, 0x02, 0x00, 0x21, 0x01, 0x04, 0x00,
    0x20, 0x01, 0x02, 0x00, 0x20, 0x40, 0x00, 0x00, 0xe0, 0x01, 0x00, 0x00,
    0x22, 0x40, 0x00, 0x00, 0x60, 0x01, 0x00, 0x00, 0x0d, 0x01, 0x12, 0x00,
    0x03, 0x00, 0x00, 0x00, 0x00, 0x40, 0x00, 0x00, 0x10, 0x9f, 0x01, 0x00,
    0x0b, 0x01, 0x02, 0x00, 0x0c, 0x01, 0x02, 0x00, 0x10, 0x40, 0x00, 0x00,
    0xb0, 0x7f, 0x02, 0x00, 0x03, 0x00, 0x00, 0x00, 0x00, 0x40, 0x00, 0x00,
    0x10, 0x7c, 0x02, 0x00, 0x02, 0x40, 0x00, 0x00, 0x00, 0x00, 0x00, 0x00,
    0x0b, 0x01, 0x00, 0x00, 0x0c, 0x01, 0x00, 0x00, 0x01, 0x01, 0x00, 0x00,
    0x02, 0x01, 0x00, 0x00, 0x10, 0x40, 0x00, 0x00, 0xb0, 0x16, 0x02, 0x00,
    0x21, 0x01, 0x00, 0x00, 0x20, 0x01, 0x00, 0x00, 0x20, 0x40, 0x00, 0x00,
    0x40, 0x03, 0x00, 0x00, 0x22, 0x40, 0x00, 0x00, 0xc0, 0x02, 0x00, 0x00,
    0x0d, 0x01, 0x0a, 0x00, 0x2f, 0x01, 0x01, 0x00, 0x02, 0x00, 0x00, 0x00,
    0x00, 0x40, 0x00, 0x00, 0xb0, 0x7f, 0x02, 0x00, 0x10, 0x40, 0x00, 0x00,
    0x50, 0x1a, 0x02, 0x00, 0x2f, 0x01, 0x03, 0x00, 0x02, 0x00, 0x00, 0x00,
    0x00, 0x40, 0x00, 0x00, 0xf0, 0x1d, 0x02, 0x00, 0x0b, 0x01, 0x02, 0x00,
    0x0c, 0x01, 0x02, 0x00, 0x01, 0x01, 0x01, 0x00, 0x02, 0x01, 0x01, 0x00,
    0x10, 0x40, 0x00, 0x00, 0xf0, 0x86, 0x02, 0x00, 0x21, 0x01, 0x02, 0x00,
    0x20, 0x01, 0x02, 0x00, 0x20, 0x40, 0x00, 0x00, 0xa0, 0x04, 0x00, 0x00,
    0x21, 0x40, 0x00, 0x00, 0xa0, 0x00, 0x00, 0x00, 0x22, 0x40, 0x00, 0x00,
    0x20, 0x04, 0x00, 0x00, 0x2f, 0x01, 0x01, 0x00, 0x03, 0x00, 0x00, 0x00,
    0x00, 0x40, 0x00, 0x00, 0x50, 0x83, 0x02, 0x00, 0x0b, 0x01, 0x00, 0x00,
    0x0c, 0x01, 0x00, 0x00, 0x01, 0x01, 0x00, 0x00, 0x02, 0x01, 0x00, 0x00,
    0x10, 0x40, 0x00, 0x00, 0x70, 0xb8, 0x01, 0x00, 0x21, 0x01, 0x00, 0x00,
    0x20, 0x01, 0x00, 0x00, 0x20, 0x40, 0x00, 0x00, 0xc0, 0x05, 0x00, 0x00,
    0x21, 0x40, 0x00, 0x00, 0x00, 0x01, 0x00, 0x00, 0x22, 0x40, 0x00, 0x00,
    0x40, 0x05, 0x00, 0x00, 0x02, 0x00, 0x00, 0x00, 0x00, 0x40, 0x00, 0x00,
    0xf0, 0x86, 0x02, 0x00, 0x10, 0x40, 0x00, 0x00, 0x10, 0xbc, 0x01, 0x00,
    0x2f, 0x01, 0x03, 0x00, 0x02, 0x00, 0x00, 0x00, 0x00, 0x40, 0x00, 0x00,
    0xb0, 0xbf, 0x01, 0x00, 0x02, 0x40, 0x00, 0x00, 0xf0, 0xa9, 0x01, 0x00,
    0x0b, 0x01, 0x03, 0x00, 0x0c, 0x01, 0x03, 0x00, 0x01, 0x01, 0x01, 0x00,
    0x02, 0x01, 0x01, 0x00, 0x10, 0x40, 0x00, 0x00, 0x90, 0x8a, 0x02, 0x00,
    0x21, 0x01, 0x04, 0x00, 0x20, 0x01, 0x02, 0x00, 0x20, 0x40, 0x00, 0x00,
    0x40, 0x07, 0x00, 0x00, 0x21, 0x40, 0x00, 0x00, 0xe0, 0x00, 0x00, 0x00,
    0x22, 0x40, 0x00, 0x00, 0xc0, 0x06, 0x00, 0x00, 0x0d, 0x01, 0x12, 0x00,
    0x2f, 0x01, 0x01, 0x00, 0x03, 0x00, 0x00, 0x00, 0x00, 0x40, 0x00, 0x00,
    0x50, 0xc3, 0x01, 0x00, 0x0b, 0x01, 0x02, 0x00, 0x0c, 0x01, 0x02, 0x00,
    0x10, 0x40, 0x00, 0x00, 0x30, 0x8e, 0x02, 0x00, 0x2f, 0x01, 0x03, 0x00,
    0x03, 0x00, 0x00, 0x00, 0x00, 0x40, 0x00, 0x00, 0x90, 0x8a, 0x02, 0x00,
    0x02, 0x40, 0x00, 0x00, 0x00, 0x00, 0x00, 0x00, 0x0b, 0x01, 0x00, 0x00,
    0x0c, 0x01, 0x00, 0x00, 0x01, 0x01, 0x00, 0x00, 0x02, 0x01, 0x00, 0x00,
    0x10, 0x40, 0x00, 0x00, 0xb0, 0x33, 0x02, 0x00, 0x21, 0x01, 0x00, 0x00,
    0x20, 0x01, 0x00, 0x00, 0x20, 0x40, 0x00, 0x00, 0xa0, 0x08, 0x00, 0x00,
    0x21, 0x40, 0x00, 0x00, 0x00, 0x01, 0x00, 0x00, 0x22, 0x40, 0x00, 0x00,
    0x20, 0x08, 0x00, 0x00, 0x0d, 0x01, 0x0a, 0x00, 0x2f, 0x01, 0x01, 0x00,
    0x02, 0x00, 0x00, 0x00, 0x00, 0x40, 0x00, 0x00, 0x30, 0x8e, 0x02, 0x00,
    0x10, 0x40, 0x00, 0x00, 0x50, 0x37, 0x02, 0x00, 0x2f, 0x01, 0x03, 0x00,
    0x02, 0x00, 0x00, 0x00, 0x00, 0x40, 0x00, 0x00, 0xf0, 0xc6, 0x01, 0x00,
    0x02, 0x40, 0x00, 0x00, 0xf0, 0xa9, 0x01, 0x00, 0x0b, 0x01, 0x01, 0x00,
    0x0c, 0x01, 0x01, 0x00, 0x01, 0x01, 0x01, 0x00, 0x02, 0x01, 0x01, 0x00,
    0x10, 0x40, 0x00, 0x00, 0x90, 0x8a, 0x02, 0x00, 0x21, 0x01, 0x04, 0x00,
    0x20, 0x01, 0x02, 0x00, 0x20, 0x40, 0x00, 0x00, 0x40, 0x07, 0x00, 0x00,
    0x21, 0x40, 0x00, 0x00, 0xe0, 0x00, 0x00, 0x00, 0x22, 0x40, 0x00, 0x00,
    0xc0, 0x06, 0x00, 0x00, 0x0d, 0x01, 0x12, 0x00, 0x03, 0x00, 0x00, 0x00,
    0x00, 0x40, 0x00, 0x00, 0x90, 0xca, 0x01, 0x00, 0x0b, 0x01, 0x00, 0x00,
    0x0c, 0x01, 0x00, 0x00, 0x10, 0x40, 0x00, 0x00, 0x30, 0x8e, 0x02, 0x00,
    0x03, 0x00, 0x00, 0x00, 0x00, 0x40, 0x00, 0x00, 0x90, 0x8a, 0x02, 0x00,
    0x02, 0x40, 0x00, 0x00, 0x00, 0x00, 0x00, 0x00, 0x01, 0x01, 0x00, 0x00,
    0x02, 0x01, 0x00, 0x00, 0x10, 0x40, 0x00, 0x00, 0xf0, 0x3a, 0x02, 0x00,
    0x21, 0x01, 0x00, 0x00, 0x20, 0x01, 0x00, 0x00, 0x20, 0x40, 0x00, 0x00,
    0xa0, 0x08, 0x00, 0x00, 0x21, 0x40, 0x00, 0x00, 0x00, 0x01, 0x00, 0x00,
    0x22, 0x40, 0x00, 0x00, 0x20, 0x08, 0x00, 0x00, 0x0d, 0x01, 0x0a, 0x00,
    0x2f, 0x01, 0x01, 0x00, 0x02, 0x00, 0x00, 0x00, 0x00, 0x40, 0x00, 0x00,
    0x30, 0x8e, 0x02, 0x00, 0x10, 0x40, 0x00, 0x00, 0x90, 0x3e, 0x02, 0x00,
    0x2f, 0x01, 0x03, 0x00, 0x02, 0x00, 0x00, 0x00, 0x00, 0x40, 0x00, 0x00,
    0x70, 0x2c, 0x02, 0x00, 0x0b, 0x01, 0x02, 0x00, 0x0c, 0x01, 0x02, 0x00,
    0x01, 0x01, 0x02, 0x00, 0x02, 0x01, 0x02, 0x00, 0x10, 0x40, 0x00, 0x00,
    0x70, 0x95, 0x02, 0x00, 0x21, 0x01, 0x02, 0x00, 0x20, 0x01, 0x04, 0x00,
    0x20, 0x40, 0x00, 0x00, 0x20, 0x0a, 0x00, 0x00, 0x21, 0x40, 0x00, 0x00,
    0xe0, 0x00, 0x00, 0x00, 0x22, 0x40, 0x00, 0x00, 0xa0, 0x09, 0x00, 0x00,
    0x2f, 0x01, 0x01, 0x00, 0x03, 0x00, 0x00, 0x00, 0x00, 0x40, 0x00, 0x00,
    0xd0, 0x91, 0x02, 0x00, 0x0b, 0x01, 0x00, 0x00, 0x0c, 0x01, 0x00, 0x00,
    0x01, 0x01, 0x00, 0x00, 0x02, 0x01, 0x00, 0x00, 0x10, 0x40, 0x00, 0x00,
    0xf0, 0xe3, 0x01, 0x00, 0x21, 0x01, 0x00, 0x00, 0x20, 0x01, 0x00, 0x00,
    0x20, 0x40, 0x00, 0x00, 0x80, 0x0b, 0x00, 0x00, 0x21, 0x40, 0x00, 0x00,
    0xf0, 0x00, 0x00, 0x00, 0x22, 0x40, 0x00, 0x00, 0x00, 0x0b, 0x00, 0x00,
    0x02, 0x00, 0x00, 0x00, 0x00, 0x40, 0x00, 0x00, 0x70, 0x95, 0x02, 0x00,
    0x10, 0x40, 0x00, 0x00, 0x90, 0xe7, 0x01, 0x00, 0x2f, 0x01, 0x03, 0x00,
    0x02, 0x00, 0x00, 0x00, 0x00, 0x40, 0x00, 0x00, 0x10, 0x30, 0x02, 0x00,
    0x0b, 0x01, 0x02, 0x00, 0x0c, 0x01, 0x02, 0x00, 0x01, 0x01, 0x02, 0x00,
    0x02, 0x01, 0x02, 0x00, 0x10, 0x40, 0x00, 0x00, 0xd0, 0x91, 0x02, 0x00,
    0x21, 0x01, 0x02, 0x00, 0x20, 0x01, 0x04, 0x00, 0x20, 0x40, 0x00, 0x00,
    0x20, 0x0a, 0x00, 0x00, 0x21, 0x40, 0x00, 0x00, 0xe0, 0x00, 0x00, 0x00,
    0x22, 0x40, 0x00, 0x00, 0xa0, 0x09, 0x00, 0x00, 0x03, 0x00, 0x00, 0x00,
    0x00, 0x40, 0x00, 0x00, 0xb0, 0x33, 0x02, 0x00, 0x10, 0x40, 0x00, 0x00,
    0x70, 0x95, 0x02, 0x00, 0x03, 0x00, 0x00, 0x00, 0x00, 0x40, 0x00, 0x00,
    0xd0, 0x91, 0x02, 0x00, 0x0b, 0x01, 0x00, 0x00, 0x0c, 0x01, 0x00, 0x00,
    0x01, 0x01, 0x00, 0x00, 0x02, 0x01, 0x00, 0x00, 0x10, 0x40, 0x00, 0x00,
    0x30, 0xeb, 0x01, 0x00, 0x21, 0x01, 0x00, 0x00, 0x20, 0x01, 0x00, 0x00,
    0x20, 0x40, 0x00, 0x00, 0x80, 0x0b, 0x00, 0x00, 0x21, 0x40, 0x00, 0x00,
    0xf0, 0x00, 0x00, 0x00, 0x22, 0x40, 0x00, 0x00, 0x00, 0x0b, 0x00, 0x00,
    0x2f, 0x01, 0x01, 0x00, 0x02, 0x00, 0x00, 0x00, 0x00, 0x40, 0x00, 0x00,
    0x70, 0x95, 0x02, 0x00, 0x10, 0x40, 0x00, 0x00, 0xd0, 0xee, 0x01, 0x00,
    0x2f, 0x01, 0x03, 0x00, 0x02, 0x00, 0x00, 0x00, 0x00, 0x40, 0x00, 0x00,
    0x30, 0xce, 0x01, 0x00, 0x0b, 0x01, 0x04, 0x00, 0x0c, 0x01, 0x04, 0x00,
    0x01, 0x01, 0x01, 0x00, 0x02, 0x01, 0x01, 0x00, 0x10, 0x40, 0x00, 0x00,
    0x10, 0x99, 0x02, 0x00, 0x21, 0x01, 0x04, 0x00, 0x20, 0x01, 0x02, 0x00,
    0x20, 0x40, 0x00, 0x00, 0xf0, 0x0c, 0x00, 0x00, 0x21, 0x40, 0x00, 0x00,
    0xe0, 0x00, 0x00, 0x00, 0x22, 0x40, 0x00, 0x00, 0x70, 0x0c, 0x00, 0x00,
    0x0d, 0x01, 0x12, 0x00, 0x2f, 0x01, 0x01, 0x00, 0x03, 0x00, 0x00, 0x00,
    0x00, 0x40, 0x00, 0x00, 0xd0, 0xd1, 0x01, 0x00, 0x10, 0x40, 0x00, 0x00,
    0xb0, 0x9c, 0x02, 0x00, 0x2f, 0x01, 0x03, 0x00, 0x03, 0x00, 0x00, 0x00,
    0x00, 0x40, 0x00, 0x00, 0x10, 0x99, 0x02, 0x00, 0x0b, 0x01, 0x00, 0x00,
    0x0c, 0x01, 0x00, 0x00, 0x01, 0x01, 0x00, 0x00, 0x02, 0x01, 0x00, 0x00,
    0x10, 0x40, 0x00, 0x00, 0x70, 0x49, 0x02, 0x00, 0x21, 0x01, 0x00, 0x00,
    0x20, 0x01, 0x00, 0x00, 0x20, 0x40, 0x00, 0x00, 0x50, 0x0e, 0x00, 0x00,
    0x21, 0x40, 0x00, 0x00, 0x00, 0x01, 0x00, 0x00, 0x22, 0x40, 0x00, 0x00,
    0xd0, 0x0d, 0x00, 0x00, 0x0d, 0x01, 0x0a, 0x00, 0x2f, 0x01, 0x01, 0x00,
    0x02, 0x00, 0x00, 0x00, 0x00, 0x40, 0x00, 0x00, 0xb0, 0x9c, 0x02, 0x00,
    0x10, 0x40, 0x00, 0x00, 0x10, 0x4d, 0x02, 0x00, 0x2f, 0x01, 0x03, 0x00,
    0x02, 0x00, 0x00, 0x00, 0x00, 0x40, 0x00, 0x00, 0xb0, 0x50, 0x02, 0x00,
    0x02, 0x40, 0x00, 0x00, 0x30, 0x42, 0x02, 0x00, 0x0b, 0x01, 0x01, 0x00,
    0x0c, 0x01, 0x01, 0x00, 0x01, 0x01, 0x01, 0x00, 0x02, 0x01, 0x01, 0x00,
    0x10, 0x40, 0x00, 0x00, 0xf0, 0xa3, 0x02, 0x00, 0x21, 0x01, 0x02, 0x00,
    0x20, 0x01, 0x02, 0x00, 0x20, 0x40, 0x00, 0x00, 0xd0, 0x0f, 0x00, 0x00,
    0x21, 0x40, 0x00, 0x00, 0xb0, 0x00, 0x00, 0x00, 0x22, 0x40, 0x00, 0x00,
    0x50, 0x0f, 0x00, 0x00, 0x2f, 0x01, 0x01, 0x00, 0x03, 0x00, 0x00, 0x00,
    0x00, 0x40, 0x00, 0x00, 0x50, 0xa0, 0x02, 0x00, 0x02, 0x40, 0x00, 0x00,
    0x00, 0x00, 0x00, 0x00, 0x0b, 0x01, 0x00, 0x00, 0x0c, 0x01, 0x00, 0x00,
    0x01, 0x01, 0x00, 0x00, 0x02, 0x01, 0x00, 0x00, 0x10, 0x40, 0x00, 0x00,
    0x70, 0x0f, 0x02, 0x00, 0x21, 0x01, 0x00, 0x00, 0x20, 0x01, 0x00, 0x00,
    0x20, 0x40, 0x00, 0x00, 0x00, 0x11, 0x00, 0x00, 0x21, 0x40, 0x00, 0x00,
    0x00, 0x01, 0x00, 0x00, 0x22, 0x40, 0x00, 0x00, 0x80, 0x10, 0x00, 0x00,
    0x02, 0x00, 0x00, 0x00, 0x00, 0x40, 0x00, 0x00, 0xf0, 0xa3, 0x02, 0x00,
    0x10, 0x40, 0x00, 0x00, 0x10, 0x13, 0x02, 0x00, 0x2f, 0x01, 0x03, 0x00,
    0x02, 0x00, 0x00, 0x00, 0x00, 0x40, 0x00, 0x00, 0x50, 0x54, 0x02, 0x00,
    0x02, 0x40, 0x00, 0x00, 0x30, 0x42, 0x02, 0x00, 0x01, 0x01, 0x01, 0x00,
    0x02, 0x01, 0x01, 0x00, 0x10, 0x40, 0x00, 0x00, 0x50, 0xa0, 0x02, 0x00,
    0x21, 0x01, 0x02, 0x00, 0x20, 0x01, 0x02, 0x00, 0x20, 0x40, 0x00, 0x00,
    0xd0, 0x0f, 0x00, 0x00, 0x21, 0x40, 0x00, 0x00, 0xb0, 0x00, 0x00, 0x00,
    0x22, 0x40, 0x00, 0x00, 0x50, 0x0f, 0x00, 0x00, 0x03, 0x00, 0x00, 0x00,
    0x00, 0x40, 0x00, 0x00, 0x30, 0x42, 0x02, 0x00, 0x02, 0x40, 0x00, 0x00,
    0x00, 0x00, 0x00, 0x00, 0x0b, 0x01, 0x02, 0x00, 0x0c, 0x01, 0x02, 0x00,
    0x10, 0x40, 0x00, 0x00, 0xf0, 0xa3, 0x02, 0x00, 0x03, 0x00, 0x00, 0x00,
    0x00, 0x40, 0x00, 0x00, 0x50, 0xa0, 0x02, 0x00, 0x0b, 0x01, 0x00, 0x00,
    0x0c, 0x01, 0x00, 0x00, 0x01, 0x01, 0x00, 0x00, 0x02, 0x01, 0x00, 0x00,
    0x10, 0x40, 0x00, 0x00, 0x70, 0xf2, 0x01, 0x00, 0x21, 0x01, 0x00, 0x00,
    0x20, 0x01, 0x00, 0x00, 0x20, 0x40, 0x00, 0x00, 0x00, 0x11, 0x00, 0x00,
    0x21, 0x40, 0x00, 0x00, 0x00, 0x01, 0x00, 0x00, 0x22, 0x40, 0x00, 0x00,
    0x80, 0x10, 0x00, 0x00, 0x2f, 0x01, 0x01, 0x00, 0x02, 0x00, 0x00, 0x00,
    0x00, 0x40, 0x00, 0x00, 0xf0, 0xa3, 0x02, 0x00, 0x10, 0x40, 0x00, 0x00,
    0x10, 0xf6, 0x01, 0x00, 0x2f, 0x01, 0x03, 0x00, 0x02, 0x00, 0x00, 0x00,
    0x00, 0x40, 0x00, 0x00, 0xd0, 0x45, 0x02, 0x00, 0x0b, 0x01, 0x02, 0x00,
    0x0c, 0x01, 0x02, 0x00, 0x01, 0x01, 0x01, 0x00, 0x02, 0x01, 0x01, 0x00,
    0x10, 0x40, 0x00, 0x00, 0x50, 0xa0, 0x02, 0x00, 0x21, 0x01, 0x02, 0x00,
    0x20, 0x01, 0x02, 0x00, 0x20, 0x40, 0x00, 0x00, 0xd0, 0x0f, 0x00, 0x00,
    0x21, 0x40, 0x00, 0x00, 0xb0, 0x00, 0x00, 0x00, 0x22, 0x40, 0x00, 0x00,
    0x50, 0x0f, 0x00, 0x00, 0x03, 0x00, 0x00, 0x00, 0x00, 0x40, 0x00, 0x00,
    0x70, 0xd5, 0x01, 0x00, 0x0b, 0x01, 0x04, 0x00, 0x0c, 0x01, 0x04, 0x00,
    0x10, 0x40, 0x00, 0x00, 0x10, 0x99, 0x02, 0x00, 0x21, 0x01, 0x04, 0x00,
    0x20, 0x40, 0x00, 0x00, 0xf0, 0x0c, 0x00, 0x00, 0x21, 0x40, 0x00, 0x00,
    0xe0, 0x00, 0x00, 0x00, 0x22, 0x40, 0x00, 0x00, 0x70, 0x0c, 0x00, 0x00,
    0x0d, 0x01, 0x12, 0x00, 0x03, 0x00, 0x00, 0x00, 0x00, 0x40, 0x00, 0x00,
    0x10, 0xd9, 0x01, 0x00, 0x10, 0x40, 0x00, 0x00, 0xb0, 0x9c, 0x02, 0x00,
    0x03, 0x00, 0x00, 0x00, 0x00, 0x40, 0x00, 0x00, 0x10, 0x99, 0x02, 0x00,
    0x0b, 0x01, 0x00, 0x00, 0x0c, 0x01, 0x00, 0x00, 0x01, 0x01, 0x00, 0x00,
    0x02, 0x01, 0x00, 0x00, 0x10, 0x40, 0x00, 0x00, 0xb0, 0x50, 0x02, 0x00,
    0x21, 0x01, 0x00, 0x00, 0x20, 0x01, 0x00, 0x00, 0x20, 0x40, 0x00, 0x00,
    0x50, 0x0e, 0x00, 0x00, 0x21, 0x40, 0x00, 0x00, 0x00, 0x01, 0x00, 0x00,
    0x22, 0x40, 0x00, 0x00, 0xd0, 0x0d, 0x00, 0x00, 0x0d, 0x01, 0x0a, 0x00,
    0x2f, 0x01, 0x01, 0x00, 0x02, 0x00, 0x00, 0x00, 0x00, 0x40, 0x00, 0x00,
    0xb0, 0x9c, 0x02, 0x00, 0x10, 0x40, 0x00, 0x00, 0x50, 0x54, 0x02, 0x00,
    0x2f, 0x01, 0x03, 0x00, 0x02, 0x00, 0x00, 0x00, 0x00, 0x40, 0x00, 0x00,
    0xb0, 0xdc, 0x01, 0x00, 0x0b, 0x01, 0x04, 0x00, 0x0c, 0x01, 0x04, 0x00,
    0x01, 0x01, 0x01, 0x00, 0x02, 0x01, 0x01, 0x00, 0x10, 0x40, 0x00, 0x00,
    0x10, 0x99, 0x02, 0x00, 0x21, 0x01, 0x04, 0x00, 0x20, 0x01, 0x02, 0x00,
    0x20, 0x40, 0x00, 0x00, 0xf0, 0x0c, 0x00, 0x00, 0x21, 0x40, 0x00, 0x00,
    0xe0, 0x00, 0x00, 0x00, 0x22, 0x40, 0x00, 0x00, 0x70, 0x0c, 0x00, 0x00,
    0x0d, 0x01, 0x12, 0x00, 0x03, 0x00, 0x00, 0x00, 0x00, 0x40, 0x00, 0x00,
    0x50, 0xe0, 0x01, 0x00, 0x10, 0x40, 0x00, 0x00, 0xb0, 0x9c, 0x02, 0x00,
    0x03, 0x00, 0x00, 0x00, 0x00, 0x40, 0x00, 0x00, 0x10, 0x99, 0x02, 0x00,
    0x0b, 0x01, 0x00, 0x00, 0x0c, 0x01, 0x00, 0x00, 0x01, 0x01, 0x00, 0x00,
    0x02, 0x01, 0x00, 0x00, 0x10, 0x40, 0x00, 0x00, 0x30, 0x42, 0x02, 0x00,
    0x21, 0x01, 0x00, 0x00, 0x20, 0x01, 0x00, 0x00, 0x20, 0x40, 0x00, 0x00,
    0x50, 0x0e, 0x00, 0x00, 0x21, 0x40, 0x00, 0x00, 0x00, 0x01, 0x00, 0x00,
    0x22, 0x40, 0x00, 0x00, 0xd0, 0x0d, 0x00, 0x00, 0x0d, 0x01, 0x0a, 0x00,
    0x2f, 0x01, 0x01, 0x00, 0x02, 0x00, 0x00, 0x00, 0x00, 0x40, 0x00, 0x00,
    0xb0, 0x9c, 0x02, 0x00, 0x10, 0x40, 0x00, 0x00, 0xd0, 0x45, 0x02, 0x00,
    0x2f, 0x01, 0x03, 0x00, 0x02, 0x00, 0x00, 0x00, 0x00, 0x40, 0x00, 0x00,
    0x70, 0x49, 0x02, 0x00, 0x0b, 0x01, 0x02, 0x00, 0x0c, 0x01, 0x02, 0x00,
    0x01, 0x01, 0x01, 0x00, 0x02, 0x01, 0x01, 0x00, 0x10, 0x40, 0x00, 0x00,
    0xf0, 0xa3, 0x02, 0x00, 0x21, 0x01, 0x02, 0x00, 0x20, 0x01, 0x02, 0x00,
    0x20, 0x40, 0x00, 0x00, 0xd0, 0x0f, 0x00, 0x00, 0x21, 0x40, 0x00, 0x00,
    0xb0, 0x00, 0x00, 0x00, 0x22, 0x40, 0x00, 0x00, 0x50, 0x0f, 0x00, 0x00,
    0x2f, 0x01, 0x01, 0x00, 0x03, 0x00, 0x00, 0x00, 0x00, 0x40, 0x00, 0x00,
    0x50, 0xa0, 0x02, 0x00, 0x0b, 0x01, 0x00, 0x00, 0x0c, 0x01, 0x00, 0x00,
    0x01, 0x01, 0x00, 0x00, 0x02, 0x01, 0x00, 0x00, 0x10, 0x40, 0x00, 0x00,
    0xb0, 0xf9, 0x01, 0x00, 0x21, 0x01, 0x00, 0x00, 0x20, 0x01, 0x00, 0x00,
    0x20, 0x40, 0x00, 0x00, 0x00, 0x11, 0x00, 0x00, 0x21, 0x40, 0x00, 0x00,
    0x00, 0x01, 0x00, 0x00, 0x22, 0x40, 0x00, 0x00, 0x80, 0x10, 0x00, 0x00,
    0x02, 0x00, 0x00, 0x00, 0x00, 0x40, 0x00, 0x00, 0xf0, 0xa3, 0x02, 0x00,
    0x10, 0x40, 0x00, 0x00, 0x50, 0xfd, 0x01, 0x00, 0x2f, 0x01, 0x03, 0x00,
    0x02, 0x00, 0x00, 0x00, 0x00, 0x40, 0x00, 0x00, 0xf0, 0x00, 0x02, 0x00,
    0x0b, 0x01, 0x04, 0x00, 0x0c, 0x01, 0x04, 0x00, 0x01, 0x01, 0x01, 0x00,
    0x02, 0x01, 0x01, 0x00, 0x10, 0x40, 0x00, 0x00, 0x90, 0xa7, 0x02, 0x00,
    0x21, 0x01, 0x04, 0x00, 0x20, 0x01, 0x02, 0x00, 0x20, 0x40, 0x00, 0x00,
    0x80, 0x12, 0x00, 0x00, 0x21, 0x40, 0x00, 0x00, 0xe0, 0x00, 0x00, 0x00,
    0x22, 0x40, 0x00, 0x00, 0x00, 0x12, 0x00, 0x00, 0x0d, 0x01, 0x12, 0x00,
    0x2f, 0x01, 0x01, 0x00, 0x03, 0x00, 0x00, 0x00, 0x00, 0x40, 0x00, 0x00,
    0x90, 0x04, 0x02, 0x00, 0x10, 0x40, 0x00, 0x00, 0x30, 0xab, 0x02, 0x00,
    0x2f, 0x01, 0x03, 0x00, 0x03, 0x00, 0x00, 0x00, 0x00, 0x40, 0x00, 0x00,
    0x90, 0xa7, 0x02, 0x00, 0x0b, 0x01, 0x00, 0x00, 0x0c, 0x01, 0x00, 0x00,
    0x01, 0x01, 0x00, 0x00, 0x02, 0x01, 0x00, 0x00, 0x10, 0x40, 0x00, 0x00,
    0x30, 0x5f, 0x02, 0x00, 0x21, 0x01, 0x00, 0x00, 0x20, 0x01, 0x00, 0x00,
    0x20, 0x40, 0x00, 0x00, 0xe0, 0x13, 0x00, 0x00, 0x21, 0x40, 0x00, 0x00,
    0x00, 0x01, 0x00, 0x00, 0x22, 0x40, 0x00, 0x00, 0x60, 0x13, 0x00, 0x00,
    0x0d, 0x01, 0x0a, 0x00, 0x2f, 0x01, 0x01, 0x00, 0x02, 0x00, 0x00, 0x00,
    0x00, 0x40, 0x00, 0x00, 0x30, 0xab, 0x02, 0x00, 0x10, 0x40, 0x00, 0x00,
    0xd0, 0x62, 0x02, 0x00, 0x2f, 0x01, 0x03, 0x00, 0x02, 0x00, 0x00, 0x00,
    0x00, 0x40, 0x00, 0x00, 0x30, 0x08, 0x02, 0x00, 0x02, 0x40, 0x00, 0x00,
    0x70, 0xf2, 0x01, 0x00, 0x0b, 0x01, 0x03, 0x00, 0x0c, 0x01, 0x03, 0x00,
    0x01, 0x01, 0x01, 0x00, 0x02, 0x01, 0x01, 0x00, 0x10, 0x40, 0x00, 0x00,
    0x90, 0xa7, 0x02, 0x00, 0x21, 0x01, 0x04, 0x00, 0x20, 0x01, 0x02, 0x00,
    0x20, 0x40, 0x00, 0x00, 0x80, 0x12, 0x00, 0x00, 0x21, 0x40, 0x00, 0x00,
    0xe0, 0x00, 0x00, 0x00, 0x22, 0x40, 0x00, 0x00, 0x00, 0x12, 0x00, 0x00,
    0x0d, 0x01, 0x12, 0x00, 0x03, 0x00, 0x00, 0x00, 0x00, 0x40, 0x00, 0x00,
    0xd0, 0x0b, 0x02, 0x00, 0x0b, 0x01, 0x02, 0x00, 0x0c, 0x01, 0x02, 0x00,
    0x10, 0x40, 0x00, 0x00, 0x30, 0xab, 0x02, 0x00, 0x03, 0x00, 0x00, 0x00,
    0x00, 0x40, 0x00, 0x00, 0x90, 0xa7, 0x02, 0x00, 0x02, 0x40, 0x00, 0x00,
    0x00, 0x00, 0x00, 0x00, 0x0b, 0x01, 0x00, 0x00, 0x0c, 0x01, 0x00, 0x00,
    0x01, 0x01, 0x00, 0x00, 0x02, 0x01, 0x00, 0x00, 0x10, 0x40, 0x00, 0x00,
    0x70, 0x66, 0x02, 0x00, 0x21, 0x01, 0x00, 0x00, 0x20, 0x01, 0x00, 0x00,
    0x20, 0x40, 0x00, 0x00, 0xe0, 0x13, 0x00, 0x00, 0x21, 0x40, 0x00, 0x00,
    0x00, 0x01, 0x00, 0x00, 0x22, 0x40, 0x00, 0x00, 0x60, 0x13, 0x00, 0x00,
    0x0d, 0x01, 0x0a, 0x00, 0x2f, 0x01, 0x01, 0x00, 0x02, 0x00, 0x00, 0x00,
    0x00, 0x40, 0x00, 0x00, 0x30, 0xab, 0x02, 0x00, 0x10, 0x40, 0x00, 0x00,
    0x10, 0x6a, 0x02, 0x00, 0x2f, 0x01, 0x03, 0x00, 0x02, 0x00, 0x00, 0x00,
    0x00, 0x40, 0x00, 0x00, 0xf0, 0x57, 0x02, 0x00, 0x0b, 0x01, 0x02, 0x00,
    0x0c, 0x01, 0x02, 0x00, 0x01, 0x01, 0x02, 0x00, 0x02, 0x01, 0x02, 0x00,
    0x10, 0x40, 0x00, 0x00, 0x70, 0xb2, 0x02, 0x00, 0x21, 0x01, 0x02, 0x00,
    0x20, 0x01, 0x04, 0x00, 0x20, 0x40, 0x00, 0x00, 0x60, 0x15, 0x00, 0x00,
    0x21, 0x40, 0x00, 0x00, 0xe0, 0x00, 0x00, 0x00, 0x22, 0x40, 0x00, 0x00,
    0xe0, 0x14, 0x00, 0x00, 0x2f, 0x01, 0x01, 0x00, 0x03, 0x00, 0x00, 0x00,
    0x00, 0x40, 0x00, 0x00, 0xd0, 0xae, 0x02, 0x00, 0x0b, 0x01, 0x00, 0x00,
    0x0c, 0x01, 0x00, 0x00, 0x01, 0x01, 0x00, 0x00, 0x02, 0x01, 0x00, 0x00,
    0x10, 0x40, 0x00, 0x00, 0x10, 0xb6, 0x02, 0x00, 0x21, 0x01, 0x00, 0x00,
    0x20, 0x01, 0x00, 0x00, 0x20, 0x40, 0x00, 0x00, 0xc0, 0x16, 0x00, 0x00,
    0x21, 0x40, 0x00, 0x00, 0xf0, 0x00, 0x00, 0x00, 0x22, 0x40, 0x00, 0x00,
    0x40, 0x16, 0x00, 0x00, 0x02, 0x00, 0x00, 0x00, 0x00, 0x40, 0x00, 0x00,
    0x70, 0xb2, 0x02, 0x00, 0x10, 0x40, 0x00, 0x00, 0xb0, 0xb9, 0x02, 0x00,
    0x2f, 0x01, 0x03, 0x00, 0x02, 0x00, 0x00, 0x00, 0x00, 0x40, 0x00, 0x00,
    0x10, 0xb6, 0x02, 0x00, 0x10, 0x40, 0x00, 0x00, 0x70, 0x05, 0x00, 0x00,
    0x13, 0x01, 0x00, 0x00, 0x15, 0x40, 0x00, 0x00, 0x3a, 0x00, 0x00, 0x00,
    0x14, 0x40, 0x00, 0x00, 0x01, 0x00, 0x00, 0x00, 0x16, 0x40, 0x00, 0x00,
    0x01, 0x00, 0x00, 0x00, 0x18, 0x01, 0x5a, 0x00, 0x14, 0x01, 0x01, 0x00,
    0x20, 0x40, 0x00, 0x00, 0xc0, 0x17, 0x00, 0x00, 0x21, 0x40, 0x00, 0x00,
    0x40, 0x00, 0x00, 0x00, 0x22, 0x40, 0x00, 0x00, 0xb0, 0x17, 0x00, 0x00,
    0x23, 0x40, 0x00, 0x00, 0x10, 0x00, 0x00, 0x00, 0x17, 0x01, 0x07, 0x00,
    0x2f, 0x01, 0x01, 0x00, 0x02, 0x00, 0x00, 0x00, 0x00, 0x40, 0x00, 0x00,
    0xb0, 0xb9, 0x02, 0x00, 0x10, 0x40, 0x00, 0x00, 0xaa, 0x05, 0x00, 0x00,
    0x2f, 0x01, 0x03, 0x00, 0x02, 0x00, 0x00, 0x00, 0x00, 0x40, 0x00, 0x00,
    0x90, 0x5b, 0x02, 0x00, 0x0b, 0x01, 0x02, 0x00, 0x0c, 0x01, 0x02, 0x00,
    0x01, 0x01, 0x02, 0x00, 0x02, 0x01, 0x02, 0x00, 0x10, 0x40, 0x00, 0x00,
    0xd0, 0xae, 0x02, 0x00, 0x13, 0x01, 0x0b, 0x00, 0x15, 0x40, 0x00, 0x00,
    0xa0, 0x03, 0x00, 0x00, 0x14, 0x40, 0x00, 0x00, 0x10, 0x00, 0x00, 0x00,
    0x16, 0x40, 0x00, 0x00, 0xa0, 0x03, 0x00, 0x00, 0x18, 0x01, 0x80, 0xff,
    0x14, 0x01, 0x41, 0x00, 0x21, 0x01, 0x02, 0x00, 0x20, 0x01, 0x04, 0x00,
    0x20, 0x40, 0x00, 0x00, 0x60, 0x15, 0x00, 0x00, 0x21, 0x40, 0x00, 0x00,
    0xe0, 0x00, 0x00, 0x00, 0x22, 0x40, 0x00, 0x00, 0xe0, 0x14, 0x00, 0x00,
    0x23, 0x40, 0x00, 0x00, 0x80, 0x00, 0x00, 0x00, 0x17, 0x01, 0x0f, 0x00,
    0x03, 0x00, 0x00, 0x00, 0x00, 0x40, 0x00, 0x00, 0x30, 0x5f, 0x02, 0x00,
    0x10, 0x40, 0x00, 0x00, 0x70, 0xb2, 0x02, 0x00, 0x03, 0x00, 0x00, 0x00,
    0x00, 0x40, 0x00, 0x00, 0xd0, 0xae, 0x02, 0x00, 0x0b, 0x01, 0x00, 0x00,
    0x0c, 0x01, 0x00, 0x00, 0x01, 0x01, 0x00, 0x00, 0x02, 0x01, 0x00, 0x00,
    0x10, 0x40, 0x00, 0x00, 0x10, 0xb6, 0x02, 0x00, 0x21, 0x01, 0x00, 0x00,
    0x20, 0x01, 0x00, 0x00, 0x20, 0x40, 0x00, 0x00, 0xc0, 0x16, 0x00, 0x00,
    0x21, 0x40, 0x00, 0x00, 0xf0, 0x00, 0x00, 0x00, 0x22, 0x40, 0x00, 0x00,
    0x40, 0x16, 0x00, 0x00, 0x2f, 0x01, 0x01, 0x00, 0x02, 0x00, 0x00, 0x00,
    0x00, 0x40, 0x00, 0x00, 0x70, 0xb2, 0x02, 0x00, 0x10, 0x40, 0x00, 0x00,
    0xb0, 0xb9, 0x02, 0x00, 0x2f, 0x01, 0x03, 0x00, 0x02, 0x00, 0x00, 0x00,
    0x00, 0x40, 0x00, 0x00, 0x10, 0xb6, 0x02, 0x00, 0x10, 0x40, 0x00, 0x00,
    0xe4, 0x05, 0x00, 0x00, 0x13, 0x01, 0x00, 0x00, 0x15, 0x40, 0x00, 0x00,
    0x3a, 0x00, 0x00, 0x00, 0x14, 0x40, 0x00, 0x00, 0x01, 0x00, 0x00, 0x00,
    0x16, 0x40, 0x00, 0x00, 0x01, 0x00, 0x00, 0x00, 0x18, 0x01, 0x5a, 0x00,
    0x14, 0x01, 0x01, 0x00, 0x20, 0x40, 0x00, 0x00, 0xc0, 0x17, 0x00, 0x00,
    0x21, 0x40, 0x00, 0x00, 0x40, 0x00, 0x00, 0x00, 0x22, 0x40, 0x00, 0x00,
    0xb0, 0x17, 0x00, 0x00, 0x23, 0x40, 0x00, 0x00, 0x10, 0x00, 0x00, 0x00,
    0x17, 0x01, 0x07, 0x00, 0x2f, 0x01, 0x01, 0x00, 0x02, 0x00, 0x00, 0x00,
    0x00, 0x40, 0x00, 0x00, 0xb0, 0xb9, 0x02, 0x00, 0x10, 0x40, 0x00, 0x00,
    0x1e, 0x06, 0x00, 0x00, 0x2f, 0x01, 0x03, 0x00, 0x02, 0x00, 0x00, 0x00,
    0x00, 0x40, 0x00, 0x00, 0xd0, 0x62, 0x02, 0x00, 0x0b, 0x01, 0x02, 0x00,
    0x0c, 0x01, 0x02, 0x00, 0x01, 0x01, 0x02, 0x00, 0x02, 0x01, 0x02, 0x00,
    0x10, 0x40, 0x00, 0x00, 0xd0, 0xae, 0x02, 0x00, 0x13, 0x01, 0x0b, 0x00,
    0x15, 0x40, 0x00, 0x00, 0xa0, 0x03, 0x00, 0x00, 0x14, 0x40, 0x00, 0x00,
    0x10, 0x00, 0x00, 0x00, 0x16, 0x40, 0x00, 0x00, 0xa0, 0x03, 0x00, 0x00,
    0x18, 0x01, 0x80, 0xff, 0x14, 0x01, 0x41, 0x00, 0x21, 0x01, 0x02, 0x00,
    0x20, 0x01, 0x04, 0x00, 0x20, 0x40, 0x00, 0x00, 0x60, 0x15, 0x00, 0x00,
    0x21, 0x40, 0x00, 0x00, 0xe0, 0x00, 0x00, 0x00, 0x22, 0x40, 0x00, 0x00,
    0xe0, 0x14, 0x00, 0x00, 0x23, 0x40, 0x00, 0x00, 0x80, 0x00, 0x00, 0x00,
    0x17, 0x01, 0x0f, 0x00, 0x03, 0x00, 0x00, 0x00, 0x00, 0x40, 0x00, 0x00,
    0x70, 0x0f, 0x02, 0x00, 0x02, 0x40, 0x00, 0x00, 0x70, 0xf2, 0x01, 0x00,
    0x0b, 0x01, 0x01, 0x00, 0x0c, 0x01, 0x01, 0x00, 0x01, 0x01, 0x01, 0x00,
    0x02, 0x01, 0x01, 0x00, 0x10, 0x40, 0x00, 0x00, 0x90, 0xa7, 0x02, 0x00,
    0x21, 0x01, 0x04, 0x00, 0x20, 0x01, 0x02, 0x00, 0x20, 0x40, 0x00, 0x00,
    0x80, 0x12, 0x00, 0x00, 0x22, 0x40, 0x00, 0x00, 0x00, 0x12, 0x00, 0x00,
    0x0d, 0x01, 0x12, 0x00, 0x03, 0x00, 0x00, 0x00, 0x00, 0x40, 0x00, 0x00,
    0x10, 0x13, 0x02, 0x00, 0x0b, 0x01, 0x00, 0x00, 0x0c, 0x01, 0x00, 0x00,
    0x10, 0x40, 0x00, 0x00, 0x30, 0xab, 0x02, 0x00, 0x03, 0x00, 0x00, 0x00,
    0x00, 0x40, 0x00, 0x00, 0x90, 0xa7, 0x02, 0x00, 0x02, 0x40, 0x00, 0x00,
    0x00, 0x00, 0x00, 0x00, 0x01, 0x01, 0x00, 0x00, 0x02, 0x01, 0x00, 0x00,
    0x10, 0x40, 0x00, 0x00, 0xf0, 0x57, 0x02, 0x00, 0x21, 0x01, 0x00, 0x00,
    0x20, 0x01, 0x00, 0x00, 0x20, 0x40, 0x00, 0x00, 0xe0, 0x13, 0x00, 0x00,
    0x21, 0x40, 0x00, 0x00, 0x00, 0x01, 0x00, 0x00, 0x22, 0x40, 0x00, 0x00,
    0x60, 0x13, 0x00, 0x00, 0x0d, 0x01, 0x0a, 0x00, 0x2f, 0x01, 0x01, 0x00,
    0x02, 0x00, 0x00, 0x00, 0x00, 0x40, 0x00, 0x00, 0x30, 0xab, 0x02, 0x00,
    0x10, 0x40, 0x00, 0x00, 0x90, 0x5b, 0x02, 0x00, 0x2f, 0x01, 0x03, 0x00,
    0x02, 0x00, 0x00, 0x00, 0x00, 0x40, 0x00, 0x00, 0x10, 0x4d, 0x02, 0x00,
    0x0b, 0x01, 0x02, 0x00, 0x0c, 0x01, 0x02, 0x00, 0x01, 0x01, 0x01, 0x00,
    0x02, 0x01, 0x01, 0x00, 0x10, 0x40, 0x00, 0x00, 0x50, 0xa0, 0x02, 0x00,
    0x21, 0x01, 0x02, 0x00, 0x20, 0x01, 0x02, 0x00, 0x20, 0x40, 0x00, 0x00,
    0xd0, 0x0f, 0x00, 0x00, 0x21, 0x40, 0x00, 0x00, 0xb0, 0x00, 0x00, 0x00,
    0x22, 0x40, 0x00, 0x00, 0x50, 0x0f, 0x00, 0x00, 0x03, 0x00, 0x00, 0x00,
    0x00, 0x40, 0x00, 0x00, 0xb0, 0x50, 0x02, 0x00, 0x02, 0x40, 0x00, 0x00,
    0x30, 0x42, 0x02, 0x00, 0x0b, 0x01, 0x01, 0x00, 0x0c, 0x01, 0x01, 0x00,
    0x10, 0x40, 0x00, 0x00, 0xf0, 0xa3, 0x02, 0x00, 0x03, 0x00, 0x00, 0x00,
    0x00, 0x40, 0x00, 0x00, 0x50, 0xa0, 0x02, 0x00, 0x02, 0x40, 0x00, 0x00,
    0x00, 0x00, 0x00, 0x00, 0x0b, 0x01, 0x00, 0x00, 0x0c, 0x01, 0x00, 0x00,
    0x01, 0x01, 0x00, 0x00, 0x02, 0x01, 0x00, 0x00, 0x10, 0x40, 0x00, 0x00,
    0xf0, 0x00, 0x02, 0x00, 0x21, 0x01, 0x00, 0x00, 0x20, 0x01, 0x00, 0x00,
    0x20, 0x40, 0x00, 0x00, 0x00, 0x11, 0x00, 0x00, 0x21, 0x40, 0x00, 0x00,
    0x00, 0x01, 0x00, 0x00, 0x22, 0x40, 0x00, 0x00, 0x80, 0x10, 0x00, 0x00,
    0x2f, 0x01, 0x01, 0x00, 0x02, 0x00, 0x00, 0x00, 0x00, 0x40, 0x00, 0x00,
    0xf0, 0xa3, 0x02, 0x00, 0x10, 0x40, 0x00, 0x00, 0x90, 0x04, 0x02, 0x00,
    0x2f, 0x01, 0x03, 0x00, 0x02, 0x00, 0x00, 0x00, 0x00, 0x40, 0x00, 0x00,
    0x50, 0x54, 0x02, 0x00, 0x02, 0x40, 0x00, 0x00, 0x30, 0x42, 0x02, 0x00,
    0x01, 0x01, 0x01, 0x00, 0x02, 0x01, 0x01, 0x00, 0x10, 0x40, 0x00, 0x00,
    0x50, 0xa0, 0x02, 0x00, 0x21, 0x01, 0x02, 0x00, 0x20, 0x01, 0x02, 0x00,
    0x20, 0x40, 0x00, 0x00, 0xd0, 0x0f, 0x00, 0x00, 0x21, 0x40, 0x00, 0x00,
    0xb0, 0x00, 0x00, 0x00, 0x22, 0x40, 0x00, 0x00, 0x50, 0x0f, 0x00, 0x00,
    0x03, 0x00, 0x00, 0x00, 0x00, 0x40, 0x00, 0x00, 0x50, 0x37, 0x02, 0x00,
    0x02, 0x40, 0x00, 0x00, 0x00, 0x00, 0x00, 0x00, 0x0b, 0x01, 0x02, 0x00,
    0x0c, 0x01, 0x02, 0x00, 0x01, 0x01, 0x02, 0x00, 0x02, 0x01, 0x02, 0x00,
    0x10, 0x40, 0x00, 0x00, 0xd0, 0x91, 0x02, 0x00, 0x20, 0x01, 0x04, 0x00,
    0x20, 0x40, 0x00, 0x00, 0x20, 0x0a, 0x00, 0x00, 0x21, 0x40, 0x00, 0x00,
    0xe0, 0x00, 0x00, 0x00, 0x22, 0x40, 0x00, 0x00, 0xa0, 0x09, 0x00, 0x00,
    0x03, 0x00, 0x00, 0x00, 0x00, 0x40, 0x00, 0x00, 0xf0, 0xa9, 0x01, 0x00,
    0x0b, 0x01, 0x04, 0x00, 0x0c, 0x01, 0x04, 0x00, 0x01, 0x01, 0x01, 0x00,
    0x02, 0x01, 0x01, 0x00, 0x10, 0x40, 0x00, 0x00, 0x90, 0x8a, 0x02, 0x00,
    0x21, 0x01, 0x04, 0x00, 0x20, 0x01, 0x02, 0x00, 0x20, 0x40, 0x00, 0x00,
    0x40, 0x07, 0x00, 0x00, 0x22, 0x40, 0x00, 0x00, 0xc0, 0x06, 0x00, 0x00,
    0x0d, 0x01, 0x12, 0x00, 0x03, 0x00, 0x00, 0x00, 0x00, 0x40, 0x00, 0x00,
    0x90, 0xad, 0x01, 0x00, 0x10, 0x40, 0x00, 0x00, 0x30, 0x8e, 0x02, 0x00,
    0x03, 0x00, 0x00, 0x00, 0x00, 0x40, 0x00, 0x00, 0x90, 0x8a, 0x02, 0x00,
    0x0b, 0x01, 0x00, 0x00, 0x0c, 0x01, 0x00, 0x00, 0x01, 0x01, 0x00, 0x00,
    0x02, 0x01, 0x00, 0x00, 0x10, 0x40, 0x00, 0x00, 0x70, 0x2c, 0x02, 0x00,
    0x21, 0x01, 0x00, 0x00, 0x20, 0x01, 0x00, 0x00, 0x20, 0x40, 0x00, 0x00,
    0xa0, 0x08, 0x00, 0x00, 0x21, 0x40, 0x00, 0x00, 0x00, 0x01, 0x00, 0x00,
    0x22, 0x40, 0x00, 0x00, 0x20, 0x08, 0x00, 0x00, 0x0d, 0x01, 0x0a, 0x00,
    0x2f, 0x01, 0x01, 0x00, 0x02, 0x00, 0x00, 0x00, 0x00, 0x40, 0x00, 0x00,
    0x30, 0x8e, 0x02, 0x00, 0x10, 0x40, 0x00, 0x00, 0x10, 0x30, 0x02, 0x00,
    0x2f, 0x01, 0x03, 0x00, 0x02, 0x00, 0x00, 0x00, 0x00, 0x40, 0x00, 0x00,
    0x90, 0x21, 0x02, 0x00, 0x0b, 0x01, 0x02, 0x00, 0x0c, 0x01, 0x02, 0x00,
    0x01, 0x01, 0x01, 0x00, 0x02, 0x01, 0x01, 0x00, 0x10, 0x40, 0x00, 0x00,
    0x50, 0x83, 0x02, 0x00, 0x21, 0x01, 0x02, 0x00, 0x20, 0x01, 0x02, 0x00,
    0x20, 0x40, 0x00, 0x00, 0xa0, 0x04, 0x00, 0x00, 0x21, 0x40, 0x00, 0x00,
    0xa0, 0x00, 0x00, 0x00, 0x22, 0x40, 0x00, 0x00, 0x20, 0x04, 0x00, 0x00,
    0x03, 0x00, 0x00, 0x00, 0x00, 0x40, 0x00, 0x00, 0x30, 0x25, 0x02, 0x00,
    0x02, 0x40, 0x00, 0x00, 0xb0, 0x16, 0x02, 0x00, 0x0b, 0x01, 0x01, 0x00,
    0x0c, 0x01, 0x01, 0x00, 0x10, 0x40, 0x00, 0x00, 0xf0, 0x86, 0x02, 0x00,
    0x03, 0x00, 0x00, 0x00, 0x00, 0x40, 0x00, 0x00, 0x50, 0x83, 0x02, 0x00,
    0x02, 0x40, 0x00, 0x00, 0x00, 0x00, 0x00, 0x00, 0x0b, 0x01, 0x00, 0x00,
    0x0c, 0x01, 0x00, 0x00, 0x01, 0x01, 0x00, 0x00, 0x02, 0x01, 0x00, 0x00,
    0x10, 0x40, 0x00, 0x00, 0xb0, 0xbf, 0x01, 0x00, 0x21, 0x01, 0x00, 0x00,
    0x20, 0x01, 0x00, 0x00, 0x20, 0x40, 0x00, 0x00, 0xc0, 0x05, 0x00, 0x00,
    0x21, 0x40, 0x00, 0x00, 0x00, 0x01, 0x00, 0x00, 0x22, 0x40, 0x00, 0x00,
    0x40, 0x05, 0x00, 0x00, 0x2f, 0x01, 0x01, 0x00, 0x02, 0x00, 0x00, 0x00,
    0x00, 0x40, 0x00, 0x00, 0xf0, 0x86, 0x02, 0x00, 0x10, 0x40, 0x00, 0x00,
    0x50, 0xc3, 0x01, 0x00, 0x2f, 0x01, 0x03, 0x00, 0x02, 0x00, 0x00, 0x00,
    0x00, 0x40, 0x00, 0x00, 0xd0, 0x28, 0x02, 0x00, 0x02, 0x40, 0x00, 0x00,
    0xb0, 0x16, 0x02, 0x00, 0x01, 0x01, 0x01, 0x00, 0x02, 0x01, 0x01, 0x00,
    0x10, 0x40, 0x00, 0x00, 0x50, 0x83, 0x02, 0x00, 0x21, 0x01, 0x02, 0x00,
    0x20, 0x01, 0x02, 0x00, 0x20, 0x40, 0x00, 0x00, 0xa0, 0x04, 0x00, 0x00,
    0x21, 0x40, 0x00, 0x00, 0xa0, 0x00, 0x00, 0x00, 0x22, 0x40, 0x00, 0x00,
    0x20, 0x04, 0x00, 0x00, 0x03, 0x00, 0x00, 0x00, 0x00, 0x40, 0x00, 0x00,
    0x00, 0xd2, 0x00, 0x00, 0x02, 0x40, 0x00, 0x00, 0x00, 0x00, 0x00, 0x00,
    0x0b, 0x01, 0x01, 0x00, 0x0c, 0x01, 0x01, 0x00, 0x0a, 0x01, 0x72, 0x00,
    0x04, 0x01, 0x03, 0x00, 0x05, 0x40, 0x00, 0x00, 0xcc, 0x01, 0x00, 0x00,
    0x04, 0x40, 0x00, 0x00, 0x04, 0x00, 0x00, 0x00, 0x06, 0x40, 0x00, 0x00,
    0x01, 0x00, 0x00, 0x00, 0x09, 0x01, 0x00, 0x00, 0x05, 0x01, 0x01, 0x00,
    0x01, 0x01, 0x00, 0x00, 0x02, 0x01, 0x00, 0x00, 0x10, 0x40, 0x00, 0x00,
    0xb0, 0x6d, 0x02, 0x00, 0x11, 0x01, 0x72, 0x00, 0x1a, 0x01, 0x72, 0x00,
    0x13, 0x01, 0x03, 0x00, 0x15, 0x40, 0x00, 0x00, 0x30, 0x07, 0x00, 0x00,
    0x16, 0x40, 0x00, 0x00, 0x30, 0x07, 0x00, 0x00, 0x18, 0x01, 0x00, 0x00,
    0x14, 0x01, 0x41, 0x81, 0x21, 0x01, 0x01, 0x00, 0x20, 0x01, 0x00, 0x00,
    0x22, 0x01, 0x02, 0x00, 0x15, 0x01, 0x15, 0x00, 0x17, 0x01, 0x07, 0x00,
    0x05, 0x00, 0x01, 0x00, 0x00, 0x40, 0x00, 0x00, 0x98, 0xd5, 0x00, 0x00,
    0x10, 0x40, 0x00, 0x00, 0xe0, 0x74, 0x02, 0x00, 0x05, 0x00, 0x01, 0x00,
    0x00, 0x40, 0x00, 0x00, 0xb0, 0x6d, 0x02, 0x00, 0x0b, 0x01, 0x00, 0x00,
    0x0c, 0x01, 0x00, 0x00, 0x05, 0x40, 0x00, 0x00, 0x30, 0x07, 0x00, 0x00,
    0x04, 0x40, 0x00, 0x00, 0x10, 0x00, 0x00, 0x00, 0x06, 0x40, 0x00, 0x00,
    0x30, 0x07, 0x00, 0x00, 0x05, 0x01, 0x41, 0x00, 0x01, 0x01, 0x01, 0x00,
    0x02, 0x01, 0x01, 0x00, 0x10, 0x40, 0x00, 0x00, 0xf0, 0x8c, 0x01, 0x00,
    0x11, 0x01, 0x39, 0x00, 0x1a, 0x01, 0x39, 0x00, 0x13, 0x01, 0x0b, 0x00,
    0x15, 0x40, 0x00, 0x00, 0xa0, 0x03, 0x00, 0x00, 0x16, 0x40, 0x00, 0x00,
    0xa0, 0x03, 0x00, 0x00, 0x18, 0x01, 0x80, 0xff, 0x14, 0x01, 0x41, 0x00,
    0x21, 0x01, 0x00, 0x00, 0x20, 0x01, 0x02, 0x00, 0x22, 0x01, 0x05, 0x00,
    0x20, 0x40, 0x00, 0x00, 0x80, 0x00, 0x00, 0x00, 0x21, 0x40, 0x00, 0x00,
    0xe0, 0x00, 0x00, 0x00, 0x22, 0x40, 0x00, 0x00, 0x00, 0x00, 0x00, 0x00,
    0x15, 0x01, 0x39, 0x00, 0x17, 0x01, 0x0f, 0x00, 0x2f, 0x01, 0x01, 0x00,
    0x02, 0x00, 0x00, 0x00, 0x00, 0x40, 0x00, 0x00, 0xe0, 0x74, 0x02, 0x00,
    0x10, 0x40, 0x00, 0x00, 0x90, 0x90, 0x01, 0x00, 0x2f, 0x01, 0x03, 0x00,
    0x02, 0x00, 0x00, 0x00, 0x00, 0x40, 0x00, 0x00, 0x30, 0xd9, 0x00, 0x00,
    0x0b, 0x01, 0x01, 0x00, 0x0c, 0x01, 0x01, 0x00, 0x05, 0x40, 0x00, 0x00,
    0xcc, 0x01, 0x00, 0x00, 0x04, 0x40, 0x00, 0x00, 0x04, 0x00, 0x00, 0x00,
    0x06, 0x40, 0x00, 0x00, 0x01, 0x00, 0x00, 0x00, 0x05, 0x01, 0x01, 0x00,
    0x01, 0x01, 0x00, 0x00, 0x02, 0x01, 0x00, 0x00, 0x10, 0x40, 0x00, 0x00,
    0xb0, 0x6d, 0x02, 0x00, 0x11, 0x01, 0x72, 0x00, 0x1a, 0x01, 0x72, 0x00,
    0x13, 0x01, 0x03, 0x00, 0x15, 0x40, 0x00, 0x00, 0x30, 0x07, 0x00, 0x00,
    0x16, 0x40, 0x00, 0x00, 0x30, 0x07, 0x00, 0x00, 0x18, 0x01, 0x00, 0x00,
    0x14, 0x01, 0x41, 0x81, 0x21, 0x01, 0x01, 0x00, 0x20, 0x01, 0x00, 0x00,
    0x22, 0x01, 0x02, 0x00, 0x15, 0x01, 0x15, 0x00, 0x17, 0x01, 0x07, 0x00,
    0x05, 0x00, 0x01, 0x00, 0x00, 0x40, 0x00, 0x00, 0xc8, 0xdc, 0x00, 0x00,
    0x10, 0x40, 0x00, 0x00, 0xe0, 0x74, 0x02, 0x00, 0x05, 0x00, 0x01, 0x00,
    0x00, 0x40, 0x00, 0x00, 0xb0, 0x6d, 0x02, 0x00, 0x0b, 0x01, 0x00, 0x00,
    0x0c, 0x01, 0x00, 0x00, 0x05, 0x40, 0x00, 0x00, 0x30, 0x07, 0x00, 0x00,
    0x04, 0x40, 0x00, 0x00, 0x10, 0x00, 0x00, 0x00, 0x06, 0x40, 0x00, 0x00,
    0x30, 0x07, 0x00, 0x00, 0x05, 0x01, 0x41, 0x00, 0x01, 0x01, 0x01, 0x00,
    0x02, 0x01, 0x01, 0x00, 0x10, 0x40, 0x00, 0x00, 0x30, 0x94, 0x01, 0x00,
    0x11, 0x01, 0x39, 0x00, 0x1a, 0x01, 0x39, 0x00, 0x13, 0x01, 0x0b, 0x00,
    0x15, 0x40, 0x00, 0x00, 0xa0, 0x03, 0x00, 0x00, 0x16, 0x40, 0x00, 0x00,
    0xa0, 0x03, 0x00, 0x00, 0x18, 0x01, 0x80, 0xff, 0x14, 0x01, 0x41, 0x00,
    0x21, 0x01, 0x00, 0x00, 0x20, 0x01, 0x02, 0x00, 0x22, 0x01, 0x05, 0x00,
    0x15, 0x01, 0x39, 0x00, 0x17, 0x01, 0x0f, 0x00, 0x2f, 0x01, 0x01, 0x00,
    0x02, 0x00, 0x00, 0x00, 0x00, 0x40, 0x00, 0x00, 0xe0, 0x74, 0x02, 0x00,
    0x10, 0x40, 0x00, 0x00, 0xd0, 0x97, 0x01, 0x00, 0x2f, 0x01, 0x03, 0x00,
    0x02, 0x00, 0x00, 0x00, 0x00, 0x40, 0x00, 0x00, 0x60, 0xe0, 0x00, 0x00,
    0x0b, 0x01, 0x01, 0x00, 0x0c, 0x01, 0x01, 0x00, 0x05, 0x40, 0x00, 0x00,
    0xcc, 0x01, 0x00, 0x00, 0x04, 0x40, 0x00, 0x00, 0x04, 0x00, 0x00, 0x00,
    0x06, 0x40, 0x00, 0x00, 0x01, 0x00, 0x00, 0x00, 0x05, 0x01, 0x01, 0x00,
    0x01, 0x01, 0x00, 0x00, 0x02, 0x01, 0x00, 0x00, 0x10, 0x40, 0x00, 0x00,
    0xb0, 0x6d, 0x02, 0x00, 0x11, 0x01, 0x72, 0x00, 0x1a, 0x01, 0x72, 0x00,
    0x13, 0x01, 0x03, 0x00, 0x15, 0x40, 0x00, 0x00, 0x30, 0x07, 0x00, 0x00,
    0x16, 0x40, 0x00, 0x00, 0x30, 0x07, 0x00, 0x00, 0x18, 0x01, 0x00, 0x00,
    0x14, 0x01, 0x41, 0x81, 0x21, 0x01, 0x01, 0x00, 0x20, 0x01, 0x00, 0x00,
    0x22, 0x01, 0x02, 0x00, 0x15, 0x01, 0x15, 0x00, 0x17, 0x01, 0x07, 0x00,
    0x05, 0x00, 0x01, 0x00, 0x00, 0x40, 0x00, 0x00, 0xf8, 0xe3, 0x00, 0x00,
    0x10, 0x40, 0x00, 0x00, 0xe0, 0x74, 0x02, 0x00, 0x05, 0x00, 0x01, 0x00,
    0x00, 0x40, 0x00, 0x00, 0xb0, 0x6d, 0x02, 0x00, 0x0b, 0x01, 0x00, 0x00,
    0x0c, 0x01, 0x00, 0x00, 0x05, 0x40, 0x00, 0x00, 0x30, 0x07, 0x00, 0x00,
    0x04, 0x40, 0x00, 0x00, 0x10, 0x00, 0x00, 0x00, 0x06, 0x40, 0x00, 0x00,
    0x30, 0x07, 0x00, 0x00, 0x05, 0x01, 0x41, 0x00, 0x01, 0x01, 0x01, 0x00,
    0x02, 0x01, 0x01, 0x00, 0x10, 0x40, 0x00, 0x00, 0x70, 0x9b, 0x01, 0x00,
    0x11, 0x01, 0x39, 0x00, 0x1a, 0x01, 0x39, 0x00, 0x13, 0x01, 0x0b, 0x00,
    0x15, 0x40, 0x00, 0x00, 0xa0, 0x03, 0x00, 0x00, 0x16, 0x40, 0x00, 0x00,
    0xa0, 0x03, 0x00, 0x00, 0x18, 0x01, 0x80, 0xff, 0x14, 0x01, 0x41, 0x00,
    0x21, 0x01, 0x00, 0x00, 0x20, 0x01, 0x02, 0x00, 0x22, 0x01, 0x05, 0x00,
    0x15, 0x01, 0x39, 0x00, 0x17, 0x01, 0x0f, 0x00, 0x2f, 0x01, 0x01, 0x00,
    0x02, 0x00, 0x00, 0x00, 0x00, 0x40, 0x00, 0x00, 0xe0, 0x74, 0x02, 0x00,
    0x10, 0x40, 0x00, 0x00, 0x10, 0x9f, 0x01, 0x00, 0x2f, 0x01, 0x03, 0x00,
    0x02, 0x00, 0x00, 0x00, 0x00, 0x40, 0x00, 0x00, 0xb0, 0xa2, 0x01, 0x00,
    0x02, 0x40, 0x00, 0x00, 0xb0, 0x85, 0x01, 0x00, 0x0b, 0x01, 0x01, 0x00,
    0x0c, 0x01, 0x01, 0x00, 0x0a, 0x01, 0x39, 0x00, 0x04, 0x01, 0x0b, 0x00,
    0x05, 0x40, 0x00, 0x00, 0xa0, 0x03, 0x00, 0x00, 0x06, 0x40, 0x00, 0x00,
    0xa0, 0x03, 0x00, 0x00, 0x09, 0x01, 0x80, 0xff, 0x10, 0x40, 0x00, 0x00,
    0x10, 0x7c, 0x02, 0x00, 0x21, 0x01, 0x04, 0x00, 0x22, 0x01, 0x00, 0x00,
    0x20, 0x40, 0x00, 0x00, 0xe0, 0x01, 0x00, 0x00, 0x22, 0x40, 0x00, 0x00,
    0x60, 0x01, 0x00, 0x00, 0x0d, 0x01, 0x12, 0x00, 0x2f, 0x01, 0x01, 0x00,
    0x03, 0x00, 0x00, 0x00, 0x00, 0x40, 0x00, 0x00, 0x50, 0xa6, 0x01, 0x00,
    0x0b, 0x01, 0x00, 0x00, 0x0c, 0x01, 0x00, 0x00, 0x10, 0x40, 0x00, 0x00,
    0xb0, 0x7f, 0x02, 0x00, 0x2f, 0x01, 0x03, 0x00, 0x03, 0x00, 0x00, 0x00,
    0x00, 0x40, 0x00, 0x00, 0x10, 0x7c, 0x02, 0x00, 0x02, 0x40, 0x00, 0x00,
    0x00, 0x00, 0x00, 0x00, 0x01, 0x01, 0x00, 0x00, 0x02, 0x01, 0x00, 0x00,
    0x10, 0x40, 0x00, 0x00, 0xf0, 0x1d, 0x02, 0x00, 0x21, 0x01, 0x00, 0x00,
    0x20, 0x01, 0x00, 0x00, 0x20, 0x40, 0x00, 0x00, 0x40, 0x03, 0x00, 0x00,
    0x22, 0x40, 0x00, 0x00, 0xc0, 0x02, 0x00, 0x00, 0x0d, 0x01, 0x0a, 0x00,
    0x2f, 0x01, 0x01, 0x00, 0x02, 0x00, 0x00, 0x00, 0x00, 0x40, 0x00, 0x00,
    0xb0, 0x7f, 0x02, 0x00, 0x10, 0x40, 0x00, 0x00, 0x90, 0x21, 0x02, 0x00,
    0x2f, 0x01, 0x03, 0x00, 0x02, 0x00, 0x00, 0x00, 0x00, 0x40, 0x00, 0x00,
    0xb0, 0x85, 0x01, 0x00, 0x0b, 0x01, 0x04, 0x00, 0x0c, 0x01, 0x04, 0x00,
    0x01, 0x01, 0x01, 0x00, 0x02, 0x01, 0x01, 0x00, 0x10, 0x40, 0x00, 0x00,
    0x10, 0x7c, 0x02, 0x00, 0x21, 0x01, 0x04, 0x00, 0x20, 0x01, 0x02, 0x00,
    0x20, 0x40, 0x00, 0x00, 0xe0, 0x01, 0x00, 0x00, 0x22, 0x40, 0x00, 0x00,
    0x60, 0x01, 0x00, 0x00, 0x0d, 0x01, 0x12, 0x00, 0x03, 0x00, 0x00, 0x00,
    0x00, 0x40, 0x00, 0x00, 0x50, 0x89, 0x01, 0x00, 0x10, 0x40, 0x00, 0x00,
    0xb0, 0x7f, 0x02, 0x00, 0x03, 0x00, 0x00, 0x00, 0x00, 0x40, 0x00, 0x00,
    0x10, 0x7c, 0x02, 0x00, 0x0b, 0x01, 0x00, 0x00, 0x0c, 0x01, 0x00, 0x00,
    0x01, 0x01, 0x00, 0x00, 0x02, 0x01, 0x00, 0x00, 0x10, 0x40, 0x00, 0x00,
    0x30, 0x25, 0x02, 0x00, 0x21, 0x01, 0x00, 0x00, 0x20, 0x01, 0x00, 0x00,
    0x20, 0x40, 0x00, 0x00, 0x40, 0x03, 0x00, 0x00, 0x22, 0x40, 0x00, 0x00,
    0xc0, 0x02, 0x00, 0x00, 0x0d, 0x01, 0x0a, 0x00, 0x2f, 0x01, 0x01, 0x00,
    0x02, 0x00, 0x00, 0x00, 0x00, 0x40, 0x00, 0x00, 0xb0, 0x7f, 0x02, 0x00,
    0x10, 0x40, 0x00, 0x00, 0xd0, 0x28, 0x02, 0x00, 0x2f, 0x01, 0x03, 0x00,
    0x02, 0x00, 0x00, 0x00, 0x00, 0x40, 0x00, 0x00, 0xb0, 0x16, 0x02, 0x00,
    0x0b, 0x01, 0x02, 0x00, 0x0c, 0x01, 0x02, 0x00, 0x01, 0x01, 0x01, 0x00,
    0x02, 0x01, 0x01, 0x00, 0x10, 0x40, 0x00, 0x00, 0xf0, 0x86, 0x02, 0x00,
    0x21, 0x01, 0x02, 0x00, 0x20, 0x01, 0x02, 0x00, 0x20, 0x40, 0x00, 0x00,
    0xa0, 0x04, 0x00, 0x00, 0x21, 0x40, 0x00, 0x00, 0xa0, 0x00, 0x00, 0x00,
    0x22, 0x40, 0x00, 0x00, 0x20, 0x04, 0x00, 0x00, 0x2f, 0x01, 0x01, 0x00,
    0x03, 0x00, 0x00, 0x00, 0x00, 0x40, 0x00, 0x00, 0x50, 0x83, 0x02, 0x00,
    0x0b, 0x01, 0x00, 0x00, 0x0c, 0x01, 0x00, 0x00, 0x01, 0x01, 0x00, 0x00,
    0x02, 0x01, 0x00, 0x00, 0x10, 0x40, 0x00, 0x00, 0xf0, 0xc6, 0x01, 0x00,
    0x21, 0x01, 0x00, 0x00, 0x20, 0x01, 0x00, 0x00, 0x20, 0x40, 0x00, 0x00,
    0xc0, 0x05, 0x00, 0x00, 0x21, 0x40, 0x00, 0x00, 0x00, 0x01, 0x00, 0x00,
    0x22, 0x40, 0x00, 0x00, 0x40, 0x05, 0x00, 0x00, 0x02, 0x00, 0x00, 0x00,
    0x00, 0x40, 0x00, 0x00, 0xf0, 0x86, 0x02, 0x00, 0x10, 0x40, 0x00, 0x00,
    0x90, 0xca, 0x01, 0x00, 0x2f, 0x01, 0x03, 0x00, 0x02, 0x00, 0x00, 0x00,
    0x00, 0x40, 0x00, 0x00, 0x50, 0x1a, 0x02, 0x00, 0x0b, 0x01, 0x02, 0x00,
    0x0c, 0x01, 0x02, 0x00, 0x01, 0x01, 0x01, 0x00, 0x02, 0x01, 0x01, 0x00,
    0x10, 0x40, 0x00, 0x00, 0x50, 0x83, 0x02, 0x00, 0x21, 0x01, 0x02, 0x00,
    0x20, 0x01, 0x02, 0x00, 0x20, 0x40, 0x00, 0x00, 0xa0, 0x04, 0x00, 0x00,
    0x21, 0x40, 0x00, 0x00, 0xa0, 0x00, 0x00, 0x00, 0x22, 0x40, 0x00, 0x00,
    0x20, 0x04, 0x00, 0x00, 0x03, 0x00, 0x00, 0x00, 0x00, 0x40, 0x00, 0x00,
    0xf0, 0x1d, 0x02, 0x00, 0x10, 0x40, 0x00, 0x00, 0xf0, 0x86, 0x02, 0x00,
    0x03, 0x00, 0x00, 0x00, 0x00, 0x40, 0x00, 0x00, 0x50, 0x83, 0x02, 0x00,
    0x0b, 0x01, 0x00, 0x00, 0x0c, 0x01, 0x00, 0x00, 0x01, 0x01, 0x00, 0x00,
    0x02, 0x01, 0x00, 0x00, 0x10, 0x40, 0x00, 0x00, 0xf0, 0xa9, 0x01, 0x00,
    0x21, 0x01, 0x00, 0x00, 0x20, 0x01, 0x00, 0x00, 0x20, 0x40, 0x00, 0x00,
    0xc0, 0x05, 0x00, 0x00, 0x21, 0x40, 0x00, 0x00, 0x00, 0x01, 0x00, 0x00,
    0x22, 0x40, 0x00, 0x00, 0x40, 0x05, 0x00, 0x00, 0x2f, 0x01, 0x01, 0x00,
    0x02, 0x00, 0x00, 0x00, 0x00, 0x40, 0x00, 0x00, 0xf0, 0x86, 0x02, 0x00,
    0x10, 0x40, 0x00, 0x00, 0x90, 0xad, 0x01, 0x00, 0x2f, 0x01, 0x03, 0x00,
    0x02, 0x00, 0x00, 0x00, 0x00, 0x40, 0x00, 0x00, 0x30, 0xb1, 0x01, 0x00,
    0x0b, 0x01, 0x04, 0x00, 0x0c, 0x01, 0x04, 0x00, 0x01, 0x01, 0x01, 0x00,
    0x02, 0x01, 0x01, 0x00, 0x10, 0x40, 0x00, 0x00, 0x90, 0x8a, 0x02, 0x00,
    0x21, 0x01, 0x04, 0x00, 0x20, 0x01, 0x02, 0x00, 0x20, 0x40, 0x00, 0x00,
    0x40, 0x07, 0x00, 0x00, 0x21, 0x40, 0x00, 0x00, 0xe0, 0x00, 0x00, 0x00,
    0x22, 0x40, 0x00, 0x00, 0xc0, 0x06, 0x00, 0x00, 0x0d, 0x01, 0x12, 0x00,
    0x2f, 0x01, 0x01, 0x00, 0x03, 0x00, 0x00, 0x00, 0x00, 0x40, 0x00, 0x00,
    0xd0, 0xb4, 0x01, 0x00, 0x10, 0x40, 0x00, 0x00, 0x30, 0x8e, 0x02, 0x00,
    0x2f, 0x01, 0x03, 0x00, 0x03, 0x00, 0x00, 0x00, 0x00, 0x40, 0x00, 0x00,
    0x90, 0x8a, 0x02, 0x00, 0x0b, 0x01, 0x00, 0x00, 0x0c, 0x01, 0x00, 0x00,
    0x01, 0x01, 0x00, 0x00, 0x02, 0x01, 0x00, 0x00, 0x10, 0x40, 0x00, 0x00,
    0xb0, 0x33, 0x02, 0x00, 0x21, 0x01, 0x00, 0x00, 0x20, 0x01, 0x00, 0x00,
    0x20, 0x40, 0x00, 0x00, 0xa0, 0x08, 0x00, 0x00, 0x21, 0x40, 0x00, 0x00,
    0x00, 0x01, 0x00, 0x00, 0x22, 0x40, 0x00, 0x00, 0x20, 0x08, 0x00, 0x00,
    0x0d, 0x01, 0x0a, 0x00, 0x2f, 0x01, 0x01, 0x00, 0x02, 0x00, 0x00, 0x00,
    0x00, 0x40, 0x00, 0x00, 0x30, 0x8e, 0x02, 0x00, 0x10, 0x40, 0x00, 0x00,
    0x50, 0x37, 0x02, 0x00, 0x2f, 0x01, 0x03, 0x00, 0x02, 0x00, 0x00, 0x00,
    0x00, 0x40, 0x00, 0x00, 0xf0, 0x3a, 0x02, 0x00, 0x02, 0x40, 0x00, 0x00,
    0x70, 0x2c, 0x02, 0x00, 0x0b, 0x01, 0x01, 0x00, 0x0c, 0x01, 0x01, 0x00,
    0x01, 0x01, 0x02, 0x00, 0x02, 0x01, 0x02, 0x00, 0x10, 0x40, 0x00, 0x00,
    0x70, 0x95, 0x02, 0x00, 0x21, 0x01, 0x02, 0x00, 0x20, 0x01, 0x04, 0x00,
    0x20, 0x40, 0x00, 0x00, 0x20, 0x0a, 0x00, 0x00, 0x21, 0x40, 0x00, 0x00,
    0xe0, 0x00, 0x00, 0x00, 0x22, 0x40, 0x00, 0x00, 0xa0, 0x09, 0x00, 0x00,
    0x2f, 0x01, 0x01, 0x00, 0x03, 0x00, 0x00, 0x00, 0x00, 0x40, 0x00, 0x00,
    0xd0, 0x91, 0x02, 0x00, 0x02, 0x40, 0x00, 0x00, 0x00, 0x00, 0x00, 0x00,
    0x0b, 0x01, 0x00, 0x00, 0x0c, 0x01, 0x00, 0x00, 0x01, 0x01, 0x00, 0x00,
    0x02, 0x01, 0x00, 0x00, 0x10, 0x40, 0x00, 0x00, 0x30, 0xce, 0x01, 0x00,
    0x21, 0x01, 0x00, 0x00, 0x20, 0x01, 0x00, 0x00, 0x20, 0x40, 0x00, 0x00,
    0x80, 0x0b, 0x00, 0x00, 0x21, 0x40, 0x00, 0x00, 0xf0, 0x00, 0x00, 0x00,
    0x22, 0x40, 0x00, 0x00, 0x00, 0x0b, 0x00, 0x00, 0x02, 0x00, 0x00, 0x00,
    0x00, 0x40, 0x00, 0x00, 0x70, 0x95, 0x02, 0x00, 0x10, 0x40, 0x00, 0x00,
    0xd0, 0xd1, 0x01, 0x00, 0x2f, 0x01, 0x03, 0x00, 0x02, 0x00, 0x00, 0x00,
    0x00, 0x40, 0x00, 0x00, 0x90, 0x3e, 0x02, 0x00, 0x02, 0x40, 0x00, 0x00,
    0x70, 0x2c, 0x02, 0x00, 0x01, 0x01, 0x02, 0x00, 0x02, 0x01, 0x02, 0x00,
    0x10, 0x40, 0x00, 0x00, 0xd0, 0x91, 0x02, 0x00, 0x21, 0x01, 0x02, 0x00,
    0x20, 0x01, 0x04, 0x00, 0x20, 0x40, 0x00, 0x00, 0x20, 0x0a, 0x00, 0x00,
    0x21, 0x40, 0x00, 0x00, 0xe0, 0x00, 0x00, 0x00, 0x22, 0x40, 0x00, 0x00,
    0xa0, 0x09, 0x00, 0x00, 0x03, 0x00, 0x00, 0x00, 0x00, 0x40, 0x00, 0x00,
    0x70, 0x2c, 0x02, 0x00, 0x02, 0x40, 0x00, 0x00, 0x00, 0x00, 0x00, 0x00,
    0x0b, 0x01, 0x02, 0x00, 0x0c, 0x01, 0x02, 0x00, 0x10, 0x40, 0x00, 0x00,
    0x70, 0x95, 0x02, 0x00, 0x03, 0x00, 0x00, 0x00, 0x00, 0x40, 0x00, 0x00,
    0xd0, 0x91, 0x02, 0x00, 0x0b, 0x01, 0x00, 0x00, 0x0c, 0x01, 0x00, 0x00,
    0x01, 0x01, 0x00, 0x00, 0x02, 0x01, 0x00, 0x00, 0x10, 0x40, 0x00, 0x00,
    0x70, 0xd5, 0x01, 0x00, 0x21, 0x01, 0x00, 0x00, 0x20, 0x01, 0x00, 0x00,
    0x20, 0x40, 0x00, 0x00, 0x80, 0x0b, 0x00, 0x00, 0x21, 0x40, 0x00, 0x00,
    0xf0, 0x00, 0x00, 0x00, 0x22, 0x40, 0x00, 0x00, 0x00, 0x0b, 0x00, 0x00,
    0x2f, 0x01, 0x01, 0x00, 0x02, 0x00, 0x00, 0x00, 0x00, 0x40, 0x00, 0x00,
    0x70, 0x95, 0x02, 0x00, 0x10, 0x40, 0x00, 0x00, 0x10, 0xd9, 0x01, 0x00,
    0x2f, 0x01, 0x03, 0x00, 0x02, 0x00, 0x00, 0x00, 0x00, 0x40, 0x00, 0x00,
    0x10, 0x30, 0x02, 0x00, 0x0b, 0x01, 0x02, 0x00, 0x0c, 0x01, 0x02, 0x00,
    0x01, 0x01, 0x02, 0x00, 0x02, 0x01, 0x02, 0x00, 0x10, 0x40, 0x00, 0x00,
    0xd0, 0x91, 0x02, 0x00, 0x21, 0x01, 0x02, 0x00, 0x20, 0x01, 0x04, 0x00,
    0x20, 0x40, 0x00, 0x00, 0x20, 0x0a, 0x00, 0x00, 0x21, 0x40, 0x00, 0x00,
    0xe0, 0x00, 0x00, 0x00, 0x22, 0x40, 0x00, 0x00, 0xa0, 0x09, 0x00, 0x00,
    0x03, 0x00, 0x00, 0x00, 0x00, 0x40, 0x00, 0x00, 0x70, 0xb8, 0x01, 0x00,
    0x0b, 0x01, 0x04, 0x00, 0x0c, 0x01, 0x04, 0x00, 0x01, 0x01, 0x01, 0x00,
    0x02, 0x01, 0x01, 0x00, 0x10, 0x40, 0x00, 0x00, 0x90, 0x8a, 0x02, 0x00,
    0x21, 0x01, 0x04, 0x00, 0x20, 0x01, 0x02, 0x00, 0x20, 0x40, 0x00, 0x00,
    0x40, 0x07, 0x00, 0x00, 0x22, 0x40, 0x00, 0x00, 0xc0, 0x06, 0x00, 0x00,
    0x0d, 0x01, 0x12, 0x00, 0x03, 0x00, 0x00, 0x00, 0x00, 0x40, 0x00, 0x00,
    0x10, 0xbc, 0x01, 0x00, 0x10, 0x40, 0x00, 0x00, 0x30, 0x8e, 0x02, 0x00,
    0x03, 0x00, 0x00, 0x00, 0x00, 0x40, 0x00, 0x00, 0x90, 0x8a, 0x02, 0x00,
    0x0b, 0x01, 0x00, 0x00, 0x0c, 0x01, 0x00, 0x00, 0x01, 0x01, 0x00, 0x00,
    0x02, 0x01, 0x00, 0x00, 0x10, 0x40, 0x00, 0x00, 0xf0, 0x3a, 0x02, 0x00,
    0x21, 0x01, 0x00, 0x00, 0x20, 0x01, 0x00, 0x00, 0x20, 0x40, 0x00, 0x00,
    0xa0, 0x08, 0x00, 0x00, 0x21, 0x40, 0x00, 0x00, 0x00, 0x01, 0x00, 0x00,
    0x22, 0x40, 0x00, 0x00, 0x20, 0x08, 0x00, 0x00, 0x0d, 0x01, 0x0a, 0x00,
    0x2f, 0x01, 0x01, 0x00, 0x02, 0x00, 0x00, 0x00, 0x00, 0x40, 0x00, 0x00,
    0x30, 0x8e, 0x02, 0x00, 0x10, 0x40, 0x00, 0x00, 0x90, 0x3e, 0x02, 0x00,
    0x2f, 0x01, 0x03, 0x00, 0x02, 0x00, 0x00, 0x00, 0x00, 0x40, 0x00, 0x00,
    0xb0, 0xbf, 0x01, 0x00, 0x02, 0x40, 0x00, 0x00, 0xf0, 0xa9, 0x01, 0x00,
    0x0b, 0x01, 0x03, 0x00, 0x0c, 0x01, 0x03, 0x00, 0x01, 0x01, 0x01, 0x00,
    0x02, 0x01, 0x01, 0x00, 0x10, 0x40, 0x00, 0x00, 0x90, 0x8a, 0x02, 0x00,
    0x21, 0x01, 0x04, 0x00, 0x20, 0x01, 0x02, 0x00, 0x20, 0x40, 0x00, 0x00,
    0x40, 0x07, 0x00, 0x00, 0x21, 0x40, 0x00, 0x00, 0xe0, 0x00, 0x00, 0x00,
    0x22, 0x40, 0x00, 0x00, 0xc0, 0x06, 0x00, 0x00, 0x0d, 0x01, 0x12, 0x00,
    0x03, 0x00, 0x00, 0x00, 0x00, 0x40, 0x00, 0x00, 0x50, 0xc3, 0x01, 0x00,
    0x0b, 0x01, 0x02, 0x00, 0x0c, 0x01, 0x02, 0x00, 0x10, 0x40, 0x00, 0x00,
    0x30, 0x8e, 0x02, 0x00, 0x03, 0x00, 0x00, 0x00, 0x00, 0x40, 0x00, 0x00,
    0x90, 0x8a, 0x02, 0x00, 0x02, 0x40, 0x00, 0x00, 0x00, 0x00, 0x00, 0x00,
    0x0b, 0x01, 0x00, 0x00, 0x0c, 0x01, 0x00, 0x00, 0x01, 0x01, 0x00, 0x00,
    0x02, 0x01, 0x00, 0x00, 0x10, 0x40, 0x00, 0x00, 0x70, 0x2c, 0x02, 0x00,
    0x21, 0x01, 0x00, 0x00, 0x20, 0x01, 0x00, 0x00, 0x20, 0x40, 0x00, 0x00,
    0xa0, 0x08, 0x00, 0x00, 0x21, 0x40, 0x00, 0x00, 0x00, 0x01, 0x00, 0x00,
    0x22, 0x40, 0x00, 0x00, 0x20, 0x08, 0x00, 0x00, 0x0d, 0x01, 0x0a, 0x00,
    0x2f, 0x01, 0x01, 0x00, 0x02, 0x00, 0x00, 0x00, 0x00, 0x40, 0x00, 0x00,
    0x30, 0x8e, 0x02, 0x00, 0x10, 0x40, 0x00, 0x00, 0x10, 0x30, 0x02, 0x00,
    0x2f, 0x01, 0x03, 0x00, 0x02, 0x00, 0x00, 0x00, 0x00, 0x40, 0x00, 0x00,
    0xb0, 0x33, 0x02, 0x00, 0x0b, 0x01, 0x02, 0x00, 0x0c, 0x01, 0x02, 0x00,
    0x01, 0x01, 0x02, 0x00, 0x02, 0x01, 0x02, 0x00, 0x10, 0x40, 0x00, 0x00,
    0x70, 0x95, 0x02, 0x00, 0x21, 0x01, 0x02, 0x00, 0x20, 0x01, 0x04, 0x00,
    0x20, 0x40, 0x00, 0x00, 0x20, 0x0a, 0x00, 0x00, 0x21, 0x40, 0x00, 0x00,
    0xe0, 0x00, 0x00, 0x00, 0x22, 0x40, 0x00, 0x00, 0xa0, 0x09, 0x00, 0x00,
    0x2f, 0x01, 0x01, 0x00, 0x03, 0x00, 0x00, 0x00, 0x00, 0x40, 0x00, 0x00,
    0xd0, 0x91, 0x02, 0x00, 0x0b, 0x01, 0x00, 0x00, 0x0c, 0x01, 0x00, 0x00,
    0x01, 0x01, 0x00, 0x00, 0x02, 0x01, 0x00, 0x00, 0x10, 0x40, 0x00, 0x00,
    0xb0, 0xdc, 0x01, 0x00, 0x21, 0x01, 0x00, 0x00, 0x20, 0x01, 0x00, 0x00,
    0x20, 0x40, 0x00, 0x00, 0x80, 0x0b, 0x00, 0x00, 0x21, 0x40, 0x00, 0x00,
    0xf0, 0x00, 0x00, 0x00, 0x22, 0x40, 0x00, 0x00, 0x00, 0x0b, 0x00, 0x00,
    0x02, 0x00, 0x00, 0x00, 0x00, 0x40, 0x00, 0x00, 0x70, 0x95, 0x02, 0x00,
    0x10, 0x40, 0x00, 0x00, 0x50, 0xe0, 0x01, 0x00, 0x2f, 0x01, 0x03, 0x00,
    0x02, 0x00, 0x00, 0x00, 0x00, 0x40, 0x00, 0x00, 0xf0, 0xe3, 0x01, 0x00,
    0x02, 0x40, 0x00, 0x00, 0x30, 0xce, 0x01, 0x00, 0x0b, 0x01, 0x03, 0x00,
    0x0c, 0x01, 0x03, 0x00, 0x01, 0x01, 0x01, 0x00, 0x02, 0x01, 0x01, 0x00,
    0x10, 0x40, 0x00, 0x00, 0x10, 0x99, 0x02, 0x00, 0x21, 0x01, 0x04, 0x00,
    0x20, 0x01, 0x02, 0x00, 0x20, 0x40, 0x00, 0x00, 0xf0, 0x0c, 0x00, 0x00,
    0x21, 0x40, 0x00, 0x00, 0xe0, 0x00, 0x00, 0x00, 0x22, 0x40, 0x00, 0x00,
    0x70, 0x0c, 0x00, 0x00, 0x0d, 0x01, 0x12, 0x00, 0x2f, 0x01, 0x01, 0x00,
    0x03, 0x00, 0x00, 0x00, 0x00, 0x40, 0x00, 0x00, 0x90, 0xe7, 0x01, 0x00,
    0x0b, 0x01, 0x02, 0x00, 0x0c, 0x01, 0x02, 0x00, 0x10, 0x40, 0x00, 0x00,
    0xb0, 0x9c, 0x02, 0x00, 0x2f, 0x01, 0x03, 0x00, 0x03, 0x00, 0x00, 0x00,
    0x00, 0x40, 0x00, 0x00, 0x10, 0x99, 0x02, 0x00, 0x02, 0x40, 0x00, 0x00,
    0x00, 0x00, 0x00, 0x00, 0x0b, 0x01, 0x00, 0x00, 0x0c, 0x01, 0x00, 0x00,
    0x01, 0x01, 0x00, 0x00, 0x02, 0x01, 0x00, 0x00, 0x10, 0x40, 0x00, 0x00,
    0x70, 0x49, 0x02, 0x00, 0x21, 0x01, 0x00, 0x00, 0x20, 0x01, 0x00, 0x00,
    0x20, 0x40, 0x00, 0x00, 0x50, 0x0e, 0x00, 0x00, 0x21, 0x40, 0x00, 0x00,
    0x00, 0x01, 0x00, 0x00, 0x22, 0x40, 0x00, 0x00, 0xd0, 0x0d, 0x00, 0x00,
    0x0d, 0x01, 0x0a, 0x00, 0x2f, 0x01, 0x01, 0x00, 0x02, 0x00, 0x00, 0x00,
    0x00, 0x40, 0x00, 0x00, 0xb0, 0x9c, 0x02, 0x00, 0x10, 0x40, 0x00, 0x00,
    0x10, 0x4d, 0x02, 0x00, 0x2f, 0x01, 0x03, 0x00, 0x02, 0x00, 0x00, 0x00,
    0x00, 0x40, 0x00, 0x00, 0x30, 0xeb, 0x01, 0x00, 0x02, 0x40, 0x00, 0x00,
    0x30, 0xce, 0x01, 0x00, 0x0b, 0x01, 0x01, 0x00, 0x0c, 0x01, 0x01, 0x00,
    0x01, 0x01, 0x01, 0x00, 0x02, 0x01, 0x01, 0x00, 0x10, 0x40, 0x00, 0x00,
    0x10, 0x99, 0x02, 0x00, 0x21, 0x01, 0x04, 0x00, 0x20, 0x01, 0x02, 0x00,
    0x20, 0x40, 0x00, 0x00, 0xf0, 0x0c, 0x00, 0x00, 0x21, 0x40, 0x00, 0x00,
    0xe0, 0x00, 0x00, 0x00, 0x22, 0x40, 0x00, 0x00, 0x70, 0x0c, 0x00, 0x00,
    0x0d, 0x01, 0x12, 0x00, 0x03, 0x00, 0x00, 0x00, 0x00, 0x40, 0x00, 0x00,
    0xd0, 0xee, 0x01, 0x00, 0x0b, 0x01, 0x00, 0x00, 0x0c, 0x01, 0x00, 0x00,
    0x10, 0x40, 0x00, 0x00, 0xb0, 0x9c, 0x02, 0x00, 0x03, 0x00, 0x00, 0x00,
    0x00, 0x40, 0x00, 0x00, 0x10, 0x99, 0x02, 0x00, 0x02, 0x40, 0x00, 0x00,
    0x00, 0x00, 0x00, 0x00, 0x01, 0x01, 0x00, 0x00, 0x02, 0x01, 0x00, 0x00,
    0x10, 0x40, 0x00, 0x00, 0xb0, 0x50, 0x02, 0x00, 0x21, 0x01, 0x00, 0x00,
    0x20, 0x01, 0x00, 0x00, 0x20, 0x40, 0x00, 0x00, 0x50, 0x0e, 0x00, 0x00,
    0x21, 0x40, 0x00, 0x00, 0x00, 0x01, 0x00, 0x00, 0x22, 0x40, 0x00, 0x00,
    0xd0, 0x0d, 0x00, 0x00, 0x0d, 0x01, 0x0a, 0x00, 0x2f, 0x01, 0x01, 0x00,
    0x02, 0x00, 0x00, 0x00, 0x00, 0x40, 0x00, 0x00, 0xb0, 0x9c, 0x02, 0x00,
    0x10, 0x40, 0x00, 0x00, 0x50, 0x54, 0x02, 0x00, 0x2f, 0x01, 0x03, 0x00,
    0x02, 0x00, 0x00, 0x00, 0x00, 0x40, 0x00, 0x00, 0x30, 0x42, 0x02, 0x00,
    0x0b, 0x01, 0x02, 0x00, 0x0c, 0x01, 0x02, 0x00, 0x01, 0x01, 0x01, 0x00,
    0x02, 0x01, 0x01, 0x00, 0x10, 0x40, 0x00, 0x00, 0xf0, 0xa3, 0x02, 0x00,
    0x21, 0x01, 0x02, 0x00, 0x20, 0x01, 0x02, 0x00, 0x20, 0x40, 0x00, 0x00,
    0xd0, 0x0f, 0x00, 0x00, 0x21, 0x40, 0x00, 0x00, 0xb0, 0x00, 0x00, 0x00,
    0x22, 0x40, 0x00, 0x00, 0x50, 0x0f, 0x00, 0x00, 0x2f, 0x01, 0x01, 0x00,
    0x03, 0x00, 0x00, 0x00, 0x00, 0x40, 0x00, 0x00, 0x50, 0xa0, 0x02, 0x00,
    0x0b, 0x01, 0x00, 0x00, 0x0c, 0x01, 0x00, 0x00, 0x01, 0x01, 0x00, 0x00,
    0x02, 0x01, 0x00, 0x00, 0x10, 0x40, 0x00, 0x00, 0x30, 0x08, 0x02, 0x00,
    0x21, 0x01, 0x00, 0x00, 0x20, 0x01, 0x00, 0x00, 0x20, 0x40, 0x00, 0x00,
    0x00, 0x11, 0x00, 0x00, 0x21, 0x40, 0x00, 0x00, 0x00, 0x01, 0x00, 0x00,
    0x22, 0x40, 0x00, 0x00, 0x80, 0x10, 0x00, 0x00, 0x02, 0x00, 0x00, 0x00,
    0x00, 0x40, 0x00, 0x00, 0xf0, 0xa3, 0x02, 0x00, 0x10, 0x40, 0x00, 0x00,
    0xd0, 0x0b, 0x02, 0x00, 0x2f, 0x01, 0x03, 0x00, 0x02, 0x00, 0x00, 0x00,
    0x00, 0x40, 0x00, 0x00, 0xd0, 0x45, 0x02, 0x00, 0x0b, 0x01, 0x02, 0x00,
    0x0c, 0x01, 0x02, 0x00, 0x01, 0x01, 0x01, 0x00, 0x02, 0x01, 0x01, 0x00,
    0x10, 0x40, 0x00, 0x00, 0x50, 0xa0, 0x02, 0x00, 0x21, 0x01, 0x02, 0x00,
    0x20, 0x01, 0x02, 0x00, 0x20, 0x40, 0x00, 0x00, 0xd0, 0x0f, 0x00, 0x00,
    0x21, 0x40, 0x00, 0x00, 0xb0, 0x00, 0x00, 0x00, 0x22, 0x40, 0x00, 0x00,
    0x50, 0x0f, 0x00, 0x00, 0x03, 0x00, 0x00, 0x00, 0x00, 0x40, 0x00, 0x00,
    0x70, 0x49, 0x02, 0x00, 0x10, 0x40, 0x00, 0x00, 0xf0, 0xa3, 0x02, 0x00,
    0x03, 0x00, 0x00, 0x00, 0x00, 0x40, 0x00, 0x00, 0x50, 0xa0, 0x02, 0x00,
    0x0b, 0x01, 0x00, 0x00, 0x0c, 0x01, 0x00, 0x00, 0x01, 0x01, 0x00, 0x00,
    0x02, 0x01, 0x00, 0x00, 0x10, 0x40, 0x00, 0x00, 0x70, 0x0f, 0x02, 0x00,
    0x21, 0x01, 0x00, 0x00, 0x20, 0x01, 0x00, 0x00, 0x20, 0x40, 0x00, 0x00,
    0x00, 0x11, 0x00, 0x00, 0x21, 0x40, 0x00, 0x00, 0x00, 0x01, 0x00, 0x00,
    0x22, 0x40, 0x00, 0x00, 0x80, 0x10, 0x00, 0x00, 0x2f, 0x01, 0x01, 0x00,
    0x02, 0x00, 0x00, 0x00, 0x00, 0x40, 0x00, 0x00, 0xf0, 0xa3, 0x02, 0x00,
    0x10, 0x40, 0x00, 0x00, 0x10, 0x13, 0x02, 0x00, 0x2f, 0x01, 0x03, 0x00,
    0x02, 0x00, 0x00, 0x00, 0x00, 0x40, 0x00, 0x00, 0x70, 0xf2, 0x01, 0x00,
    0x0b, 0x01, 0x04, 0x00, 0x0c, 0x01, 0x04, 0x00, 0x01, 0x01, 0x01, 0x00,
    0x02, 0x01, 0x01, 0x00, 0x10, 0x40, 0x00, 0x00, 0x90, 0xa7, 0x02, 0x00,
    0x21, 0x01, 0x04, 0x00, 0x20, 0x01, 0x02, 0x00, 0x20, 0x40, 0x00, 0x00,
    0x80, 0x12, 0x00, 0x00, 0x21, 0x40, 0x00, 0x00, 0xe0, 0x00, 0x00, 0x00,
    0x22, 0x40, 0x00, 0x00, 0x00, 0x12, 0x00, 0x00, 0x0d, 0x01, 0x12, 0x00,
    0x2f, 0x01, 0x01, 0x00, 0x03, 0x00, 0x00, 0x00, 0x00, 0x40, 0x00, 0x00,
    0x10, 0xf6, 0x01, 0x00, 0x10, 0x40, 0x00, 0x00, 0x30, 0xab, 0x02, 0x00,
    0x2f, 0x01, 0x03, 0x00, 0x03, 0x00, 0x00, 0x00, 0x00, 0x40, 0x00, 0x00,
    0x90, 0xa7, 0x02, 0x00, 0x0b, 0x01, 0x00, 0x00, 0x0c, 0x01, 0x00, 0x00,
    0x01, 0x01, 0x00, 0x00, 0x02, 0x01, 0x00, 0x00, 0x10, 0x40, 0x00, 0x00,
    0x30, 0x5f, 0x02, 0x00, 0x21, 0x01, 0x00, 0x00, 0x20, 0x01, 0x00, 0x00,
    0x20, 0x40, 0x00, 0x00, 0xe0, 0x13, 0x00, 0x00, 0x21, 0x40, 0x00, 0x00,
    0x00, 0x01, 0x00, 0x00, 0x22, 0x40, 0x00, 0x00, 0x60, 0x13, 0x00, 0x00,
    0x0d, 0x01, 0x0a, 0x00, 0x2f, 0x01, 0x01, 0x00, 0x02, 0x00, 0x00, 0x00,
    0x00, 0x40, 0x00, 0x00, 0x30, 0xab, 0x02, 0x00, 0x10, 0x40, 0x00, 0x00,
    0xd0, 0x62, 0x02, 0x00, 0x2f, 0x01, 0x03, 0x00, 0x02, 0x00, 0x00, 0x00,
    0x00, 0x40, 0x00, 0x00, 0x70, 0x66, 0x02, 0x00, 0x02, 0x40, 0x00, 0x00,
    0xf0, 0x57, 0x02, 0x00, 0x0b, 0x01, 0x01, 0x00, 0x0c, 0x01, 0x01, 0x00,
    0x01, 0x01, 0x02, 0x00, 0x02, 0x01, 0x02, 0x00, 0x10, 0x40, 0x00, 0x00,
    0x70, 0xb2, 0x02, 0x00, 0x21, 0x01, 0x02, 0x00, 0x20, 0x01, 0x04, 0x00,
    0x20, 0x40, 0x00, 0x00, 0x60, 0x15, 0x00, 0x00, 0x21, 0x40, 0x00, 0x00,
    0xe0, 0x00, 0x00, 0x00, 0x22, 0x40, 0x00, 0x00, 0xe0, 0x14, 0x00, 0x00,
    0x2f, 0x01, 0x01, 0x00, 0x03, 0x00, 0x00, 0x00, 0x00, 0x40, 0x00, 0x00,
    0xd0, 0xae, 0x02, 0x00, 0x02, 0x40, 0x00, 0x00, 0x00, 0x00, 0x00, 0x00,
    0x0b, 0x01, 0x00, 0x00, 0x0c, 0x01, 0x00, 0x00, 0x01, 0x01, 0x00, 0x00,
    0x02, 0x01, 0x00, 0x00, 0x10, 0x40, 0x00, 0x00, 0x10, 0xb6, 0x02, 0x00,
    0x21, 0x01, 0x00, 0x00, 0x20, 0x01, 0x00, 0x00, 0x20, 0x40, 0x00, 0x00,
    0xc0, 0x16, 0x00, 0x00, 0x21, 0x40, 0x00, 0x00, 0xf0, 0x00, 0x00, 0x00,
    0x22, 0x40, 0x00, 0x00, 0x40, 0x16, 0x00, 0x00, 0x02, 0x00, 0x00, 0x00,
    0x00, 0x40, 0x00, 0x00, 0x70, 0xb2, 0x02, 0x00, 0x10, 0x40, 0x00, 0x00,
    0xb0, 0xb9, 0x02, 0x00, 0x2f, 0x01, 0x03, 0x00, 0x02, 0x00, 0x00, 0x00,
    0x00, 0x40, 0x00, 0x00, 0x10, 0xb6, 0x02, 0x00, 0x10, 0x40, 0x00, 0x00,
    0x58, 0x06, 0x00, 0x00, 0x13, 0x01, 0x00, 0x00, 0x15, 0x40, 0x00, 0x00,
    0x3a, 0x00, 0x00, 0x00, 0x14, 0x40, 0x00, 0x00, 0x01, 0x00, 0x00, 0x00,
    0x16, 0x40, 0x00, 0x00, 0x01, 0x00, 0x00, 0x00, 0x18, 0x01, 0x5a, 0x00,
    0x14, 0x01, 0x01, 0x00, 0x20, 0x40, 0x00, 0x00, 0xc0, 0x17, 0x00, 0x00,
    0x21, 0x40, 0x00, 0x00, 0x40, 0x00, 0x00, 0x00, 0x22, 0x40, 0x00, 0x00,
    0xb0, 0x17, 0x00, 0x00, 0x23, 0x40, 0x00, 0x00, 0x10, 0x00, 0x00, 0x00,
    0x17, 0x01, 0x07, 0x00, 0x2f, 0x01, 0x01, 0x00, 0x02, 0x00, 0x00, 0x00,
    0x00, 0x40, 0x00, 0x00, 0xb0, 0xb9, 0x02, 0x00, 0x10, 0x40, 0x00, 0x00,
    0x92, 0x06, 0x00, 0x00, 0x2f, 0x01, 0x03, 0x00, 0x02, 0x00, 0x00, 0x00,
    0x00, 0x40, 0x00, 0x00, 0x10, 0x6a, 0x02, 0x00, 0x02, 0x40, 0x00, 0x00,
    0xf0, 0x57, 0x02, 0x00, 0x01, 0x01, 0x02, 0x00, 0x02, 0x01, 0x02, 0x00,
    0x10, 0x40, 0x00, 0x00, 0xd0, 0xae, 0x02, 0x00, 0x13, 0x01, 0x0b, 0x00,
    0x15, 0x40, 0x00, 0x00, 0xa0, 0x03, 0x00, 0x00, 0x14, 0x40, 0x00, 0x00,
    0x10, 0x00, 0x00, 0x00, 0x16, 0x40, 0x00, 0x00, 0xa0, 0x03, 0x00, 0x00,
    0x18, 0x01, 0x80, 0xff, 0x14, 0x01, 0x41, 0x00, 0x21, 0x01, 0x02, 0x00,
    0x20, 0x01, 0x04, 0x00, 0x20, 0x40, 0x00, 0x00, 0x60, 0x15, 0x00, 0x00,
    0x21, 0x40, 0x00, 0x00, 0xe0, 0x00, 0x00, 0x00, 0x22, 0x40, 0x00, 0x00,
    0xe0, 0x14, 0x00, 0x00, 0x23, 0x40, 0x00, 0x00, 0x80, 0x00, 0x00, 0x00,
    0x17, 0x01, 0x0f, 0x00, 0x03, 0x00, 0x00, 0x00, 0x00, 0x40, 0x00, 0x00,
    0xf0, 0x57, 0x02, 0x00, 0x02, 0x40, 0x00, 0x00, 0x00, 0x00, 0x00, 0x00,
    0x0b, 0x01, 0x02, 0x00, 0x0c, 0x01, 0x02, 0x00, 0x10, 0x40, 0x00, 0x00,
    0x70, 0xb2, 0x02, 0x00, 0x03, 0x00, 0x00, 0x00, 0x00, 0x40, 0x00, 0x00,
    0xd0, 0xae, 0x02, 0x00, 0x0b, 0x01, 0x00, 0x00, 0x0c, 0x01, 0x00, 0x00,
    0x01, 0x01, 0x00, 0x00, 0x02, 0x01, 0x00, 0x00, 0x10, 0x40, 0x00, 0x00,
    0x10, 0xb6, 0x02, 0x00, 0x21, 0x01, 0x00, 0x00, 0x20, 0x01, 0x00, 0x00,
    0x20, 0x40, 0x00, 0x00, 0xc0, 0x16, 0x00, 0x00, 0x21, 0x40, 0x00, 0x00,
    0xf0, 0x00, 0x00, 0x00, 0x22, 0x40, 0x00, 0x00, 0x40, 0x16, 0x00, 0x00,
    0x2f, 0x01, 0x01, 0x00, 0x02, 0x00, 0x00, 0x00, 0x00, 0x40, 0x00, 0x00,
    0x70, 0xb2, 0x02, 0x00, 0x10, 0x40, 0x00, 0x00, 0xb0, 0xb9, 0x02, 0x00,
    0x2f, 0x01, 0x03, 0x00, 0x02, 0x00, 0x00, 0x00, 0x00, 0x40, 0x00, 0x00,
    0x10, 0xb6, 0x02, 0x00, 0x10, 0x40, 0x00, 0x00, 0xcc, 0x06, 0x00, 0x00,
    0x13, 0x01, 0x00, 0x00, 0x15, 0x40, 0x00, 0x00, 0x3a, 0x00, 0x00, 0x00,
    0x14, 0x40, 0x00, 0x00, 0x01, 0x00, 0x00, 0x00, 0x16, 0x40, 0x00, 0x00,
    0x01, 0x00, 0x00, 0x00, 0x18, 0x01, 0x5a, 0x00, 0x14, 0x01, 0x01, 0x00,
    0x20, 0x40, 0x00, 0x00, 0xc0, 0x17, 0x00, 0x00, 0x21, 0x40, 0x00, 0x00,
    0x40, 0x00, 0x00, 0x00, 0x22, 0x40, 0x00, 0x00, 0xb0, 0x17, 0x00, 0x00,
    0x23, 0x40, 0x00, 0x00, 0x10, 0x00, 0x00, 0x00, 0x17, 0x01, 0x07, 0x00,
    0x2f, 0x01, 0x01, 0x00, 0x02, 0x00, 0x00, 0x00, 0x00, 0x40, 0x00, 0x00,
    0xb0, 0xb9, 0x02, 0x00, 0x10, 0x40, 0x00, 0x00, 0x06, 0x07, 0x00, 0x00,
    0x2f, 0x01, 0x03, 0x00, 0x02, 0x00, 0x00, 0x00, 0x00, 0x40, 0x00, 0x00,
    0x90, 0x5b, 0x02, 0x00, 0x0b, 0x01, 0x02, 0x00, 0x0c, 0x01, 0x02, 0x00,
    0x01, 0x01, 0x02, 0x00, 0x02, 0x01, 0x02, 0x00, 0x10, 0x40, 0x00, 0x00,
    0xd0, 0xae, 0x02, 0x00, 0x13, 0x01, 0x0b, 0x00, 0x15, 0x40, 0x00, 0x00,
    0xa0, 0x03, 0x00, 0x00, 0x14, 0x40, 0x00, 0x00, 0x10, 0x00, 0x00, 0x00,
    0x16, 0x40, 0x00, 0x00, 0xa0, 0x03, 0x00, 0x00, 0x18, 0x01, 0x80, 0xff,
    0x14, 0x01, 0x41, 0x00, 0x21, 0x01, 0x02, 0x00, 0x20, 0x01, 0x04, 0x00,
    0x20, 0x40, 0x00, 0x00, 0x60, 0x15, 0x00, 0x00, 0x21, 0x40, 0x00, 0x00,
    0xe0, 0x00, 0x00, 0x00, 0x22, 0x40, 0x00, 0x00, 0xe0, 0x14, 0x00, 0x00,
    0x23, 0x40, 0x00, 0x00, 0x80, 0x00, 0x00, 0x00, 0x17, 0x01, 0x0f, 0x00,
    0x03, 0x00, 0x00, 0x00, 0x00, 0x40, 0x00, 0x00, 0xb0, 0xf9, 0x01, 0x00,
    0x0b, 0x01, 0x04, 0x00, 0x0c, 0x01, 0x04, 0x00, 0x01, 0x01, 0x01, 0x00,
    0x02, 0x01, 0x01, 0x00, 0x10, 0x40, 0x00, 0x00, 0x90, 0xa7, 0x02, 0x00,
    0x21, 0x01, 0x04, 0x00, 0x20, 0x01, 0x02, 0x00, 0x20, 0x40, 0x00, 0x00,
    0x80, 0x12, 0x00, 0x00, 0x22, 0x40, 0x00, 0x00, 0x00, 0x12, 0x00, 0x00,
    0x0d, 0x01, 0x12, 0x00, 0x03, 0x00, 0x00, 0x00, 0x00, 0x40, 0x00, 0x00,
    0x50, 0xfd, 0x01, 0x00, 0x10, 0x40, 0x00, 0x00, 0x30, 0xab, 0x02, 0x00,
    0x03, 0x00, 0x00, 0x00, 0x00, 0x40, 0x00, 0x00, 0x90, 0xa7, 0x02, 0x00,
    0x0b, 0x01, 0x00, 0x00, 0x0c, 0x01, 0x00, 0x00, 0x01, 0x01, 0x00, 0x00,
    0x02, 0x01, 0x00, 0x00, 0x10, 0x40, 0x00, 0x00, 0x70, 0x66, 0x02, 0x00,
    0x21, 0x01, 0x00, 0x00, 0x20, 0x01, 0x00, 0x00, 0x20, 0x40, 0x00, 0x00,
    0xe0, 0x13, 0x00, 0x00, 0x21, 0x40, 0x00, 0x00, 0x00, 0x01, 0x00, 0x00,
    0x22, 0x40, 0x00, 0x00, 0x60, 0x13, 0x00, 0x00, 0x0d, 0x01, 0x0a, 0x00,
    0x2f, 0x01, 0x01, 0x00, 0x02, 0x00, 0x00, 0x00, 0x00, 0x40, 0x00, 0x00,
    0x30, 0xab, 0x02, 0x00, 0x10, 0x40, 0x00, 0x00, 0x10, 0x6a, 0x02, 0x00,
    0x2f, 0x01, 0x03, 0x00, 0x02, 0x00, 0x00, 0x00, 0x00, 0x40, 0x00, 0x00,
    0xf0, 0x00, 0x02, 0x00, 0x0b, 0x01, 0x04, 0x00, 0x0c, 0x01, 0x04, 0x00,
    0x01, 0x01, 0x01, 0x00, 0x02, 0x01, 0x01, 0x00, 0x10, 0x40, 0x00, 0x00,
    0x90, 0xa7, 0x02, 0x00, 0x21, 0x01, 0x04, 0x00, 0x20, 0x01, 0x02, 0x00,
    0x20, 0x40, 0x00, 0x00, 0x80, 0x12, 0x00, 0x00, 0x21, 0x40, 0x00, 0x00,
    0xe0, 0x00, 0x00, 0x00, 0x22, 0x40, 0x00, 0x00, 0x00, 0x12, 0x00, 0x00,
    0x0d, 0x01, 0x12, 0x00, 0x03, 0x00, 0x00, 0x00, 0x00, 0x40, 0x00, 0x00,
    0x90, 0x04, 0x02, 0x00, 0x10, 0x40, 0x00, 0x00, 0x30, 0xab, 0x02, 0x00,
    0x03, 0x00, 0x00, 0x00, 0x00, 0x40, 0x00, 0x00, 0x90, 0xa7, 0x02, 0x00,
    0x0b, 0x01, 0x00, 0x00, 0x0c, 0x01, 0x00, 0x00, 0x01, 0x01, 0x00, 0x00,
    0x02, 0x01, 0x00, 0x00, 0x10, 0x40, 0x00, 0x00, 0xf0, 0x57, 0x02, 0x00,
    0x21, 0x01, 0x00, 0x00, 0x20, 0x01, 0x00, 0x00, 0x20, 0x40, 0x00, 0x00,
    0xe0, 0x13, 0x00, 0x00, 0x21, 0x40, 0x00, 0x00, 0x00, 0x01, 0x00, 0x00,
    0x22, 0x40, 0x00, 0x00, 0x60, 0x13, 0x00, 0x00, 0x0d, 0x01, 0x0a, 0x00,
    0x2f, 0x01, 0x01, 0x00, 0x02, 0x00, 0x00, 0x00, 0x00, 0x40, 0x00, 0x00,
    0x30, 0xab, 0x02, 0x00, 0x10, 0x40, 0x00, 0x00, 0x90, 0x5b, 0x02, 0x00,
    0x2f, 0x01, 0x03, 0x00, 0x02, 0x00, 0x00, 0x00, 0x00, 0x40, 0x00, 0x00,
    0x30, 0x5f, 0x02, 0x00, 0x0b, 0x01, 0x02, 0x00, 0x0c, 0x01, 0x02, 0x00,
    0x01, 0x01, 0x02, 0x00, 0x02, 0x01, 0x02, 0x00, 0x10, 0x40, 0x00, 0x00,
    0x70, 0xb2, 0x02, 0x00, 0x21, 0x01, 0x02, 0x00, 0x20, 0x01, 0x04, 0x00,
    0x20, 0x40, 0x00, 0x00, 0x60, 0x15, 0x00, 0x00, 0x21, 0x40, 0x00, 0x00,
    0xe0, 0x00, 0x00, 0x00, 0x22, 0x40, 0x00, 0x00, 0xe0, 0x14, 0x00, 0x00,
    0x2f, 0x01, 0x01, 0x00, 0x03, 0x00, 0x00, 0x00, 0x00, 0x40, 0x00, 0x00,
    0xd0, 0xae, 0x02, 0x00, 0x0b, 0x01, 0x00, 0x00, 0x0c, 0x01, 0x00, 0x00,
    0x01, 0x01, 0x00, 0x00, 0x02, 0x01, 0x00, 0x00, 0x10, 0x40, 0x00, 0x00,
    0x10, 0xb6, 0x02, 0x00, 0x21, 0x01, 0x00, 0x00, 0x20, 0x01, 0x00, 0x00,
    0x20, 0x40, 0x00, 0x00, 0xc0, 0x16, 0x00, 0x00, 0x21, 0x40, 0x00, 0x00,
    0xf0, 0x00, 0x00, 0x00, 0x22, 0x40, 0x00, 0x00, 0x40, 0x16, 0x00, 0x00,
    0x02, 0x00, 0x00, 0x00, 0x00, 0x40, 0x00, 0x00, 0x70, 0xb2, 0x02, 0x00,
    0x10, 0x40, 0x00, 0x00, 0xb0, 0xb9, 0x02, 0x00, 0x2f, 0x01, 0x03, 0x00,
    0x02, 0x00, 0x00, 0x00, 0x00, 0x40, 0x00, 0x00, 0x10, 0xb6, 0x02, 0x00,
    0x10, 0x40, 0x00, 0x00, 0x40, 0x07, 0x00, 0x00, 0x13, 0x01, 0x00, 0x00,
    0x15, 0x40, 0x00, 0x00, 0x3a, 0x00, 0x00, 0x00, 0x14, 0x40, 0x00, 0x00,
    0x01, 0x00, 0x00, 0x00, 0x16, 0x40, 0x00, 0x00, 0x01, 0x00, 0x00, 0x00,
    0x18, 0x01, 0x5a, 0x00, 0x14, 0x01, 0x01, 0x00, 0x20, 0x40, 0x00, 0x00,
    0xc0, 0x17, 0x00, 0x00, 0x21, 0x40, 0x00, 0x00, 0x40, 0x00, 0x00, 0x00,
    0x22, 0x40, 0x00, 0x00, 0xb0, 0x17, 0x00, 0x00, 0x23, 0x40, 0x00, 0x00,
    0x10, 0x00, 0x00, 0x00, 0x17, 0x01, 0x07, 0x00, 0x2f, 0x01, 0x01, 0x00,
    0x02, 0x00, 0x00, 0x00, 0x00, 0x40, 0x00, 0x00, 0xb0, 0xb9, 0x02, 0x00,
    0x10, 0x40, 0x00, 0x00, 0x7a, 0x07, 0x00, 0x00, 0x2f, 0x01, 0x03, 0x00,
    0x02, 0x00, 0x00, 0x00, 0x00, 0x40, 0x00, 0x00, 0xd0, 0x62, 0x02, 0x00,
    0x0b, 0x01, 0x02, 0x00, 0x0c, 0x01, 0x02, 0x00, 0x01, 0x01, 0x02, 0x00,
    0x02, 0x01, 0x02, 0x00, 0x10, 0x40, 0x00, 0x00, 0xd0, 0xae, 0x02, 0x00,
    0x13, 0x01, 0x0b, 0x00, 0x15, 0x40, 0x00, 0x00, 0xa0, 0x03, 0x00, 0x00,
    0x14, 0x40, 0x00, 0x00, 0x10, 0x00, 0x00, 0x00, 0x16, 0x40, 0x00, 0x00,
    0xa0, 0x03, 0x00, 0x00, 0x18, 0x01, 0x80, 0xff, 0x14, 0x01, 0x41, 0x00,
    0x21, 0x01, 0x02, 0x00, 0x20, 0x01, 0x04, 0x00, 0x20, 0x40, 0x00, 0x00,
    0x60, 0x15, 0x00, 0x00, 0x21, 0x40, 0x00, 0x00, 0xe0, 0x00, 0x00, 0x00,
    0x22, 0x40, 0x00, 0x00, 0xe0, 0x14, 0x00, 0x00, 0x23, 0x40, 0x00, 0x00,
    0x80, 0x00, 0x00, 0x00, 0x17, 0x01, 0x0f, 0x00, 0x03, 0x00, 0x00, 0x00,
    0x00, 0x40, 0x00, 0x00, 0x70, 0x66, 0x02, 0x00, 0x02, 0x40, 0x00, 0x00,
    0xf0, 0x57, 0x02, 0x00, 0x0b, 0x01, 0x01, 0x00, 0x0c, 0x01, 0x01, 0x00,
    0x10, 0x40, 0x00, 0x00, 0x70, 0xb2, 0x02, 0x00, 0x03, 0x00, 0x00, 0x00,
    0x00, 0x40, 0x00, 0x00, 0xd0, 0xae, 0x02, 0x00, 0x02, 0x40, 0x00, 0x00,
    0x00, 0x00, 0x00, 0x00, 0x0b, 0x01, 0x00, 0x00, 0x0c, 0x01, 0x00, 0x00,
    0x01, 0x01, 0x00, 0x00, 0x02, 0x01, 0x00, 0x00, 0x10, 0x40, 0x00, 0x00,
    0x10, 0xb6, 0x02, 0x00, 0x21, 0x01, 0x00, 0x00, 0x20, 0x01, 0x00, 0x00,
    0x20, 0x40, 0x00, 0x00, 0xc0, 0x16, 0x00, 0x00, 0x21, 0x40, 0x00, 0x00,
    0xf0, 0x00, 0x00, 0x00, 0x22, 0x40, 0x00, 0x00, 0x40, 0x16, 0x00, 0x00,
    0x2f, 0x01, 0x01, 0x00, 0x02, 0x00, 0x00, 0x00, 0x00, 0x40, 0x00, 0x00,
    0x70, 0xb2, 0x02, 0x00, 0x10, 0x40, 0x00, 0x00, 0xb0, 0xb9, 0x02, 0x00,
    0x2f, 0x01, 0x03, 0x00, 0x02, 0x00, 0x00, 0x00, 0x00, 0x40, 0x00, 0x00,
    0x10, 0xb6, 0x02, 0x00, 0x10, 0x40, 0x00, 0x00, 0xb4, 0x07, 0x00, 0x00,
    0x13, 0x01, 0x00, 0x00, 0x15, 0x40, 0x00, 0x00, 0x3a, 0x00, 0x00, 0x00,
    0x14, 0x40, 0x00, 0x00, 0x01, 0x00, 0x00, 0x00, 0x16, 0x40, 0x00, 0x00,
    0x01, 0x00, 0x00, 0x00, 0x18, 0x01, 0x5a, 0x00, 0x14, 0x01, 0x01, 0x00,
    0x20, 0x40, 0x00, 0x00, 0xc0, 0x17, 0x00, 0x00, 0x21, 0x40, 0x00, 0x00,
    0x40, 0x00, 0x00, 0x00, 0x22, 0x40, 0x00, 0x00, 0xb0, 0x17, 0x00, 0x00,
    0x23, 0x40, 0x00, 0x00, 0x10, 0x00, 0x00, 0x00, 0x17, 0x01, 0x07, 0x00,
    0x2f, 0x01, 0x01, 0x00, 0x02, 0x00, 0x00, 0x00, 0x00, 0x40, 0x00, 0x00,
    0xb0, 0xb9, 0x02, 0x00, 0x10, 0x40, 0x00, 0x00, 0xee, 0x07, 0x00, 0x00,
    0x2f, 0x01, 0x03, 0x00, 0x02, 0x00, 0x00, 0x00, 0x00, 0x40, 0x00, 0x00,
    0x10, 0x6a, 0x02, 0x00, 0x02, 0x40, 0x00, 0x00, 0xf0, 0x57, 0x02, 0x00,
    0x01, 0x01, 0x02, 0x00, 0x02, 0x01, 0x02, 0x00, 0x10, 0x40, 0x00, 0x00,
    0xd0, 0xae, 0x02, 0x00, 0x13, 0x01, 0x0b, 0x00, 0x15, 0x40, 0x00, 0x00,
    0xa0, 0x03, 0x00, 0x00, 0x14, 0x40, 0x00, 0x00, 0x10, 0x00, 0x00, 0x00,
    0x16, 0x40, 0x00, 0x00, 0xa0, 0x03, 0x00, 0x00, 0x18, 0x01, 0x80, 0xff,
    0x14, 0x01, 0x41, 0x00, 0x21, 0x01, 0x02, 0x00, 0x20, 0x01, 0x04, 0x00,
    0x20, 0x40, 0x00, 0x00, 0x60, 0x15, 0x00, 0x00, 0x21, 0x40, 0x00, 0x00,
    0xe0, 0x00, 0x00, 0x00, 0x22, 0x40, 0x00, 0x00, 0xe0, 0x14, 0x00, 0x00,
    0x23, 0x40, 0x00, 0x00, 0x80, 0x00, 0x00, 0x00, 0x17, 0x01, 0x0f, 0x00,
    0x03, 0x00, 0x00, 0x00, 0x00, 0x40, 0x00, 0x00, 0x10, 0x4d, 0x02, 0x00,
    0x02, 0x40, 0x00, 0x00, 0x00, 0x00, 0x00, 0x00, 0x0b, 0x01, 0x02, 0x00,
    0x0c, 0x01, 0x02, 0x00, 0x01, 0x01, 0x01, 0x00, 0x02, 0x01, 0x01, 0x00,
    0x10, 0x40, 0x00, 0x00, 0x50, 0xa0, 0x02, 0x00, 0x20, 0x01, 0x02, 0x00,
    0x20, 0x40, 0x00, 0x00, 0xd0, 0x0f, 0x00, 0x00, 0x21, 0x40, 0x00, 0x00,
    0xb0, 0x00, 0x00, 0x00, 0x22, 0x40, 0x00, 0x00, 0x50, 0x0f, 0x00, 0x00,
    0x03, 0x00, 0x00, 0x00, 0x00, 0x40, 0x00, 0x00, 0x30, 0xce, 0x01, 0x00,
    0x0b, 0x01, 0x04, 0x00, 0x0c, 0x01, 0x04, 0x00, 0x10, 0x40, 0x00, 0x00,
    0x10, 0x99, 0x02, 0x00, 0x21, 0x01, 0x04, 0x00, 0x20, 0x40, 0x00, 0x00,
    0xf0, 0x0c, 0x00, 0x00, 0x21, 0x40, 0x00, 0x00, 0xe0, 0x00, 0x00, 0x00,
    0x22, 0x40, 0x00, 0x00, 0x70, 0x0c, 0x00, 0x00, 0x0d, 0x01, 0x12, 0x00,
    0x03, 0x00, 0x00, 0x00, 0x00, 0x40, 0x00, 0x00, 0xd0, 0xd1, 0x01, 0x00,
    0x10, 0x40, 0x00, 0x00, 0xb0, 0x9c, 0x02, 0x00, 0x03, 0x00, 0x00, 0x00,
    0x00, 0x40, 0x00, 0x00, 0x10, 0x99, 0x02, 0x00, 0x0b, 0x01, 0x00, 0x00,
    0x0c, 0x01, 0x00, 0x00, 0x01, 0x01, 0x00, 0x00, 0x02, 0x01, 0x00, 0x00,
    0x10, 0x40, 0x00, 0x00, 0x30, 0x42, 0x02, 0x00, 0x21, 0x01, 0x00, 0x00,
    0x20, 0x01, 0x00, 0x00, 0x20, 0x40, 0x00, 0x00, 0x50, 0x0e, 0x00, 0x00,
    0x21, 0x40, 0x00, 0x00, 0x00, 0x01, 0x00, 0x00, 0x22, 0x40, 0x00, 0x00,
    0xd0, 0x0d, 0x00, 0x00, 0x0d, 0x01, 0x0a, 0x00, 0x2f, 0x01, 0x01, 0x00,
    0x02, 0x00, 0x00, 0x00, 0x00, 0x40, 0x00, 0x00, 0xb0, 0x9c, 0x02, 0x00,
    0x10, 0x40, 0x00, 0x00, 0xd0, 0x45, 0x02, 0x00, 0x2f, 0x01, 0x03, 0x00,
    0x02, 0x00, 0x00, 0x00, 0x00, 0x40, 0x00, 0x00, 0x50, 0x37, 0x02, 0x00,
    0x0b, 0x01, 0x02, 0x00, 0x0c, 0x01, 0x02, 0x00, 0x01, 0x01, 0x02, 0x00,
    0x02, 0x01, 0x02, 0x00, 0x10, 0x40, 0x00, 0x00, 0xd0, 0x91, 0x02, 0x00,
    0x21, 0x01, 0x02, 0x00, 0x20, 0x01, 0x04, 0x00, 0x20, 0x40, 0x00, 0x00,
    0x20, 0x0a, 0x00, 0x00, 0x21, 0x40, 0x00, 0x00, 0xe0, 0x00, 0x00, 0x00,
    0x22, 0x40, 0x00, 0x00, 0xa0, 0x09, 0x00, 0x00, 0x03, 0x00, 0x00, 0x00,
    0x00, 0x40, 0x00, 0x00, 0xf0, 0x3a, 0x02, 0x00, 0x02, 0x40, 0x00, 0x00,
    0x70, 0x2c, 0x02, 0x00, 0x0b, 0x01, 0x01, 0x00, 0x0c, 0x01, 0x01, 0x00,
    0x10, 0x40, 0x00, 0x00, 0x70, 0x95, 0x02, 0x00, 0x03, 0x00, 0x00, 0x00,
    0x00, 0x40, 0x00, 0x00, 0xd0, 0x91, 0x02, 0x00, 0x02, 0x40, 0x00, 0x00,
    0x00, 0x00, 0x00, 0x00, 0x0b, 0x01, 0x00, 0x00, 0x0c, 0x01, 0x00, 0x00,
    0x01, 0x01, 0x00, 0x00, 0x02, 0x01, 0x00, 0x00, 0x10, 0x40, 0x00, 0x00,
    0xf0, 0xe3, 0x01, 0x00, 0x21, 0x01, 0x00, 0x00, 0x20, 0x01, 0x00, 0x00,
    0x20, 0x40, 0x00, 0x00, 0x80, 0x0b, 0x00, 0x00, 0x21, 0x40, 0x00, 0x00,
    0xf0, 0x00, 0x00, 0x00, 0x22, 0x40, 0x00, 0x00, 0x00, 0x0b, 0x00, 0x00,
    0x2f, 0x01, 0x01, 0x00, 0x02, 0x00, 0x00, 0x00, 0x00, 0x40, 0x00, 0x00,
    0x70, 0x95, 0x02, 0x00, 0x10, 0x40, 0x00, 0x00, 0x90, 0xe7, 0x01, 0x00,
    0x2f, 0x01, 0x03, 0x00, 0x02, 0x00, 0x00, 0x00, 0x00, 0x40, 0x00, 0x00,
    0x90, 0x3e, 0x02, 0x00, 0x02, 0x40, 0x00, 0x00, 0x70, 0x2c, 0x02, 0x00,
    0x01, 0x01, 0x02, 0x00, 0x02, 0x01, 0x02, 0x00, 0x10, 0x40, 0x00, 0x00,
    0xd0, 0x91, 0x02, 0x00, 0x21, 0x01, 0x02, 0x00, 0x20, 0x01, 0x04, 0x00,
    0x20, 0x40, 0x00, 0x00, 0x20, 0x0a, 0x00, 0x00, 0x21, 0x40, 0x00, 0x00,
    0xe0, 0x00, 0x00, 0x00, 0x22, 0x40, 0x00, 0x00, 0xa0, 0x09, 0x00, 0x00,
    0x03, 0x00, 0x00, 0x00, 0x00, 0x40, 0x00, 0x00, 0x90, 0x21, 0x02, 0x00,
    0x02, 0x40, 0x00, 0x00, 0x00, 0x00, 0x00, 0x00, 0x0b, 0x01, 0x02, 0x00,
    0x0c, 0x01, 0x02, 0x00, 0x01, 0x01, 0x01, 0x00, 0x02, 0x01, 0x01, 0x00,
    0x10, 0x40, 0x00, 0x00, 0x50, 0x83, 0x02, 0x00, 0x20, 0x01, 0x02, 0x00,
    0x20, 0x40, 0x00, 0x00, 0xa0, 0x04, 0x00, 0x00, 0x21, 0x40, 0x00, 0x00,
    0xa0, 0x00, 0x00, 0x00, 0x22, 0x40, 0x00, 0x00, 0x20, 0x04, 0x00, 0x00,
    0x03, 0x00, 0x00, 0x00, 0x00, 0x40, 0x00, 0x00, 0xf0, 0x8c, 0x01, 0x00,
    0x0b, 0x01, 0x04, 0x00, 0x0c, 0x01, 0x04, 0x00, 0x10, 0x40, 0x00, 0x00,
    0x10, 0x7c, 0x02, 0x00, 0x21, 0x01, 0x04, 0x00, 0x20, 0x40, 0x00, 0x00,
    0xe0, 0x01, 0x00, 0x00, 0x21, 0x40, 0x00, 0x00, 0xe0, 0x00, 0x00, 0x00,
    0x22, 0x40, 0x00, 0x00, 0x60, 0x01, 0x00, 0x00, 0x0d, 0x01, 0x12, 0x00,
    0x03, 0x00, 0x00, 0x00, 0x00, 0x40, 0x00, 0x00, 0x90, 0x90, 0x01, 0x00,
    0x10, 0x40, 0x00, 0x00, 0xb0, 0x7f, 0x02, 0x00, 0x03, 0x00, 0x00, 0x00,
    0x00, 0x40, 0x00, 0x00, 0x10, 0x7c, 0x02, 0x00, 0x0b, 0x01, 0x00, 0x00,
    0x0c, 0x01, 0x00, 0x00, 0x01, 0x01, 0x00, 0x00, 0x02, 0x01, 0x00, 0x00,
    0x10, 0x40, 0x00, 0x00, 0xb0, 0x16, 0x02, 0x00, 0x21, 0x01, 0x00, 0x00,
    0x20, 0x01, 0x00, 0x00, 0x20, 0x40, 0x00, 0x00, 0x40, 0x03, 0x00, 0x00,
    0x22, 0x40, 0x00, 0x00, 0xc0, 0x02, 0x00, 0x00, 0x0d, 0x01, 0x0a, 0x00,
    0x2f, 0x01, 0x01, 0x00, 0x02, 0x00, 0x00, 0x00, 0x00, 0x40, 0x00, 0x00,
    0xb0, 0x7f, 0x02, 0x00, 0x10, 0x40, 0x00, 0x00, 0x50, 0x1a, 0x02, 0x00,
    0x2f, 0x01, 0x03, 0x00, 0x02, 0x00, 0x00, 0x00, 0x00, 0x40, 0x00, 0x00,
    0x90, 0xe7, 0x00, 0x00, 0x0b, 0x01, 0x01, 0x00, 0x0c, 0x01, 0x01, 0x00,
    0x0a, 0x01, 0x72, 0x00, 0x04, 0x01, 0x03, 0x00, 0x05, 0x40, 0x00, 0x00,
    0xcc, 0x01, 0x00, 0x00, 0x04, 0x40, 0x00, 0x00, 0x04, 0x00, 0x00, 0x00,
    0x06, 0x40, 0x00, 0x00, 0x01, 0x00, 0x00, 0x00, 0x09, 0x01, 0x00, 0x00,
    0x05, 0x01, 0x01, 0x00, 0x10, 0x40, 0x00, 0x00, 0xb0, 0x6d, 0x02, 0x00,
    0x11, 0x01, 0x72, 0x00, 0x1a, 0x01, 0x72, 0x00, 0x13, 0x01, 0x03, 0x00,
    0x15, 0x40, 0x00, 0x00, 0x30, 0x07, 0x00, 0x00, 0x16, 0x40, 0x00, 0x00,
    0x30, 0x07, 0x00, 0x00, 0x18, 0x01, 0x00, 0x00, 0x14, 0x01, 0x41, 0x81,
    0x21, 0x01, 0x01, 0x00, 0x22, 0x01, 0x02, 0x00, 0x15, 0x01, 0x15, 0x00,
    0x17, 0x01, 0x07, 0x00, 0x05, 0x00, 0x01, 0x00, 0x00, 0x40, 0x00, 0x00,
    0x28, 0xeb, 0x00, 0x00, 0x10, 0x40, 0x00, 0x00, 0xe0, 0x74, 0x02, 0x00,
    0x05, 0x00, 0x01, 0x00, 0x00, 0x40, 0x00, 0x00, 0xb0, 0x6d, 0x02, 0x00,
    0x0b, 0x01, 0x00, 0x00, 0x0c, 0x01, 0x00, 0x00, 0x05, 0x40, 0x00, 0x00,
    0x30, 0x07, 0x00, 0x00, 0x04, 0x40, 0x00, 0x00, 0x10, 0x00, 0x00, 0x00,
    0x06, 0x40, 0x00, 0x00, 0x30, 0x07, 0x00, 0x00, 0x05, 0x01, 0x41, 0x00,
    0x01, 0x01, 0x01, 0x00, 0x02, 0x01, 0x01, 0x00, 0x10, 0x40, 0x00, 0x00,
    0xb0, 0xa2, 0x01, 0x00, 0x11, 0x01, 0x39, 0x00, 0x1a, 0x01, 0x39, 0x00,
    0x13, 0x01, 0x0b, 0x00, 0x15, 0x40, 0x00, 0x00, 0xa0, 0x03, 0x00, 0x00,
    0x16, 0x40, 0x00, 0x00, 0xa0, 0x03, 0x00, 0x00, 0x18, 0x01, 0x80, 0xff,
    0x14, 0x01, 0x41, 0x00, 0x21, 0x01, 0x00, 0x00, 0x20, 0x01, 0x02, 0x00,
    0x22, 0x01, 0x05, 0x00, 0x20, 0x40, 0x00, 0x00, 0x80, 0x00, 0x00, 0x00,
    0x22, 0x40, 0x00, 0x00, 0x00, 0x00, 0x00, 0x00, 0x15, 0x01, 0x39, 0x00,
    0x17, 0x01, 0x0f, 0x00, 0x2f, 0x01, 0x01, 0x00, 0x02, 0x00, 0x00, 0x00,
    0x00, 0x40, 0x00, 0x00, 0xe0, 0x74, 0x02, 0x00, 0x10, 0x40, 0x00, 0x00,
    0x50, 0xa6, 0x01, 0x00, 0x2f, 0x01, 0x03, 0x00, 0x02, 0x00, 0x00, 0x00,
    0x00, 0x40, 0x00, 0x00, 0xc0, 0xee, 0x00, 0x00, 0x0b, 0x01, 0x01, 0x00,
    0x0c, 0x01, 0x01, 0x00, 0x05, 0x40, 0x00, 0x00, 0xcc, 0x01, 0x00, 0x00,
    0x04, 0x40, 0x00, 0x00, 0x04, 0x00, 0x00, 0x00, 0x06, 0x40, 0x00, 0x00,
    0x01, 0x00, 0x00, 0x00, 0x05, 0x01, 0x01, 0x00, 0x01, 0x01, 0x00, 0x00,
    0x02, 0x01, 0x00, 0x00, 0x10, 0x40, 0x00, 0x00, 0xb0, 0x6d, 0x02, 0x00,
    0x11, 0x01, 0x72, 0x00, 0x1a, 0x01, 0x72, 0x00, 0x13, 0x01, 0x03, 0x00,
    0x15, 0x40, 0x00, 0x00, 0x30, 0x07, 0x00, 0x00, 0x16, 0x40, 0x00, 0x00,
    0x30, 0x07, 0x00, 0x00, 0x18, 0x01, 0x00, 0x00, 0x14, 0x01, 0x41, 0x81,
    0x21, 0x01, 0x01, 0x00, 0x20, 0x01, 0x00, 0x00, 0x22, 0x01, 0x02, 0x00,
    0x15, 0x01, 0x15, 0x00, 0x17, 0x01, 0x07, 0x00, 0x05, 0x00, 0x01, 0x00,
    0x00, 0x40, 0x00, 0x00, 0x58, 0xf2, 0x00, 0x00, 0x10, 0x40, 0x00, 0x00,
    0xe0, 0x74, 0x02, 0x00, 0x05, 0x00, 0x01, 0x00, 0x00, 0x40, 0x00, 0x00,
    0xb0, 0x6d, 0x02, 0x00, 0x0b, 0x01, 0x00, 0x00, 0x0c, 0x01, 0x00, 0x00,
    0x05, 0x40, 0x00, 0x00, 0x30, 0x07, 0x00, 0x00, 0x04, 0x40, 0x00, 0x00,
    0x10, 0x00, 0x00, 0x00, 0x06, 0x40, 0x00, 0x00, 0x30, 0x07, 0x00, 0x00,
    0x05, 0x01, 0x41, 0x00, 0x01, 0x01, 0x01, 0x00, 0x02, 0x01, 0x01, 0x00,
    0x10, 0x40, 0x00, 0x00, 0xb0, 0x85, 0x01, 0x00, 0x11, 0x01, 0x39, 0x00,
    0x1a, 0x01, 0x39, 0x00, 0x13, 0x01, 0x0b, 0x00, 0x15, 0x40, 0x00, 0x00,
    0xa0, 0x03, 0x00, 0x00, 0x16, 0x40, 0x00, 0x00, 0xa0, 0x03, 0x00, 0x00,
    0x18, 0x01, 0x80, 0xff, 0x14, 0x01, 0x41, 0x00, 0x21, 0x01, 0x00, 0x00,
    0x20, 0x01, 0x02, 0x00, 0x22, 0x01, 0x05, 0x00, 0x15, 0x01, 0x39, 0x00,
    0x17, 0x01, 0x0f, 0x00, 0x2f, 0x01, 0x01, 0x00, 0x02, 0x00, 0x00, 0x00,
    0x00, 0x40, 0x00, 0x00, 0xe0, 0x74, 0x02, 0x00, 0x10, 0x40, 0x00, 0x00,
    0x50, 0x89, 0x01, 0x00, 0x2f, 0x01, 0x03, 0x00, 0x02, 0x00, 0x00, 0x00,
    0x00, 0x40, 0x00, 0x00, 0xf0, 0xf5, 0x00, 0x00, 0x0b, 0x01, 0x01, 0x00,
    0x0c, 0x01, 0x01, 0x00, 0x05, 0x40, 0x00, 0x00, 0xcc, 0x01, 0x00, 0x00,
    0x04, 0x40, 0x00, 0x00, 0x04, 0x00, 0x00, 0x00, 0x06, 0x40, 0x00, 0x00,
    0x01, 0x00, 0x00, 0x00, 0x05, 0x01, 0x01, 0x00, 0x01, 0x01, 0x00, 0x00,
    0x02, 0x01, 0x00, 0x00, 0x10, 0x40, 0x00, 0x00, 0xb0, 0x6d, 0x02, 0x00,
    0x11, 0x01, 0x72, 0x00, 0x1a, 0x01, 0x72, 0x00, 0x13, 0x01, 0x03, 0x00,
    0x15, 0x40, 0x00, 0x00, 0x30, 0x07, 0x00, 0x00, 0x16, 0x40, 0x00, 0x00,
    0x30, 0x07, 0x00, 0x00, 0x18, 0x01, 0x00, 0x00, 0x14, 0x01, 0x41, 0x81,
    0x21, 0x01, 0x01, 0x00, 0x20, 0x01, 0x00, 0x00, 0x22, 0x01, 0x02, 0x00,
    0x15, 0x01, 0x15, 0x00, 0x17, 0x01, 0x07, 0x00, 0x05, 0x00, 0x01, 0x00,
    0x00, 0x40, 0x00, 0x00, 0x88, 0xf9, 0x00, 0x00, 0x10, 0x40, 0x00, 0x00,
    0xe0, 0x74, 0x02, 0x00, 0x05, 0x00, 0x01, 0x00, 0x00, 0x40, 0x00, 0x00,
    0xb0, 0x6d, 0x02, 0x00, 0x0b, 0x01, 0x00, 0x00, 0x0c, 0x01, 0x00, 0x00,
    0x05, 0x40, 0x00, 0x00, 0x30, 0x07, 0x00, 0x00, 0x04, 0x40, 0x00, 0x00,
    0x10, 0x00, 0x00, 0x00, 0x06, 0x40, 0x00, 0x00, 0x30, 0x07, 0x00, 0x00,
    0x05, 0x01, 0x41, 0x00, 0x01, 0x01, 0x01, 0x00, 0x02, 0x01, 0x01, 0x00,
    0x10, 0x40, 0x00, 0x00, 0xf0, 0x8c, 0x01, 0x00, 0x11, 0x01, 0x39, 0x00,
    0x1a, 0x01, 0x39, 0x00, 0x13, 0x01, 0x0b, 0x00, 0x15, 0x40, 0x00, 0x00,
    0xa0, 0x03, 0x00, 0x00, 0x16, 0x40, 0x00, 0x00, 0xa0, 0x03, 0x00, 0x00,
    0x18, 0x01, 0x80, 0xff, 0x14, 0x01, 0x41, 0x00, 0x21, 0x01, 0x00, 0x00,
    0x20, 0x01, 0x02, 0x00, 0x22, 0x01, 0x05, 0x00, 0x15, 0x01, 0x39, 0x00,
    0x17, 0x01, 0x0f, 0x00, 0x2f, 0x01, 0x01, 0x00, 0x02, 0x00, 0x00, 0x00,
    0x00, 0x40, 0x00, 0x00, 0xe0, 0x74, 0x02, 0x00, 0x10, 0x40, 0x00, 0x00,
    0x90, 0x90, 0x01, 0x00, 0x2f, 0x01, 0x03, 0x00, 0x02, 0x00, 0x00, 0x00,
    0x00, 0x40, 0x00, 0x00, 0x30, 0x94, 0x01, 0x00, 0x0b, 0x01, 0x04, 0x00,
    0x0c, 0x01, 0x04, 0x00, 0x0a, 0x01, 0x39, 0x00, 0x04, 0x01, 0x0b, 0x00,
    0x05, 0x40, 0x00, 0x00, 0xa0, 0x03, 0x00, 0x00, 0x06, 0x40, 0x00, 0x00,
    0xa0, 0x03, 0x00, 0x00, 0x09, 0x01, 0x80, 0xff, 0x10, 0x40, 0x00, 0x00,
    0x10, 0x7c, 0x02, 0x00, 0x21, 0x01, 0x04, 0x00, 0x22, 0x01, 0x00, 0x00,
    0x20, 0x40, 0x00, 0x00, 0xe0, 0x01, 0x00, 0x00, 0x22, 0x40, 0x00, 0x00,
    0x60, 0x01, 0x00, 0x00, 0x0d, 0x01, 0x12, 0x00, 0x2f, 0x01, 0x01, 0x00,
    0x03, 0x00, 0x00, 0x00, 0x00, 0x40, 0x00, 0x00, 0xd0, 0x97, 0x01, 0x00,
    0x10, 0x40, 0x00, 0x00, 0xb0, 0x7f, 0x02, 0x00, 0x2f, 0x01, 0x03, 0x00,
    0x03, 0x00, 0x00, 0x00, 0x00, 0x40, 0x00, 0x00, 0x10, 0x7c, 0x02, 0x00,
    0x0b, 0x01, 0x00, 0x00, 0x0c, 0x01, 0x00, 0x00, 0x01, 0x01, 0x00, 0x00,
    0x02, 0x01, 0x00, 0x00, 0x10, 0x40, 0x00, 0x00, 0xf0, 0x1d, 0x02, 0x00,
    0x21, 0x01, 0x00, 0x00, 0x20, 0x01, 0x00, 0x00, 0x20, 0x40, 0x00, 0x00,
    0x40, 0x03, 0x00, 0x00, 0x22, 0x40, 0x00, 0x00, 0xc0, 0x02, 0x00, 0x00,
    0x0d, 0x01, 0x0a, 0x00, 0x2f, 0x01, 0x01, 0x00, 0x02, 0x00, 0x00, 0x00,
    0x00, 0x40, 0x00, 0x00, 0xb0, 0x7f, 0x02, 0x00, 0x10, 0x40, 0x00, 0x00,
    0x90, 0x21, 0x02, 0x00, 0x2f, 0x01, 0x03, 0x00, 0x02, 0x00, 0x00, 0x00,
    0x00, 0x40, 0x00, 0x00, 0x30, 0x25, 0x02, 0x00, 0x02, 0x40, 0x00, 0x00,
    0xb0, 0x16, 0x02, 0x00, 0x0b, 0x01, 0x01, 0x00, 0x0c, 0x01, 0x01, 0x00,
    0x01, 0x01, 0x01, 0x00, 0x02, 0x01, 0x01, 0x00, 0x10, 0x40, 0x00, 0x00,
    0xf0, 0x86, 0x02, 0x00, 0x21, 0x01, 0x02, 0x00, 0x20, 0x01, 0x02, 0x00,
    0x20, 0x40, 0x00, 0x00, 0xa0, 0x04, 0x00, 0x00, 0x21, 0x40, 0x00, 0x00,
    0xa0, 0x00, 0x00, 0x00, 0x22, 0x40, 0x00, 0x00, 0x20, 0x04, 0x00, 0x00,
    0x2f, 0x01, 0x01, 0x00, 0x03, 0x00, 0x00, 0x00, 0x00, 0x40, 0x00, 0x00,
    0x50, 0x83, 0x02, 0x00, 0x02, 0x40, 0x00, 0x00, 0x00, 0x00, 0x00, 0x00,
    0x0b, 0x01, 0x00, 0x00, 0x0c, 0x01, 0x00, 0x00, 0x01, 0x01, 0x00, 0x00,
    0x02, 0x01, 0x00, 0x00, 0x10, 0x40, 0x00, 0x00, 0x30, 0xb1, 0x01, 0x00,
    0x21, 0x01, 0x00, 0x00, 0x20, 0x01, 0x00, 0x00, 0x20, 0x40, 0x00, 0x00,
    0xc0, 0x05, 0x00, 0x00, 0x21, 0x40, 0x00, 0x00, 0x00, 0x01, 0x00, 0x00,
    0x22, 0x40, 0x00, 0x00, 0x40, 0x05, 0x00, 0x00, 0x02, 0x00, 0x00, 0x00,
    0x00, 0x40, 0x00, 0x00, 0xf0, 0x86, 0x02, 0x00, 0x10, 0x40, 0x00, 0x00,
    0xd0, 0xb4, 0x01, 0x00, 0x2f, 0x01, 0x03, 0x00, 0x02, 0x00, 0x00, 0x00,
    0x00, 0x40, 0x00, 0x00, 0xd0, 0x28, 0x02, 0x00, 0x02, 0x40, 0x00, 0x00,
    0xb0, 0x16, 0x02, 0x00, 0x01, 0x01, 0x01, 0x00, 0x02, 0x01, 0x01, 0x00,
    0x10, 0x40, 0x00, 0x00, 0x50, 0x83, 0x02, 0x00, 0x21, 0x01, 0x02, 0x00,
    0x20, 0x01, 0x02, 0x00, 0x20, 0x40, 0x00, 0x00, 0xa0, 0x04, 0x00, 0x00,
    0x21, 0x40, 0x00, 0x00, 0xa0, 0x00, 0x00, 0x00, 0x22, 0x40, 0x00, 0x00,
    0x20, 0x04, 0x00, 0x00, 0x03, 0x00, 0x00, 0x00, 0x00, 0x40, 0x00, 0x00,
    0xb0, 0x16, 0x02, 0x00, 0x02, 0x40, 0x00, 0x00, 0x00, 0x00, 0x00, 0x00,
    0x0b, 0x01, 0x02, 0x00, 0x0c, 0x01, 0x02, 0x00, 0x10, 0x40, 0x00, 0x00,
    0xf0, 0x86, 0x02, 0x00, 0x03, 0x00, 0x00, 0x00, 0x00, 0x40, 0x00, 0x00,
    0x50, 0x83, 0x02, 0x00, 0x0b, 0x01, 0x00, 0x00, 0x0c, 0x01, 0x00, 0x00,
    0x01, 0x01, 0x00, 0x00, 0x02, 0x01, 0x00, 0x00, 0x10, 0x40, 0x00, 0x00,
    0x70, 0xb8, 0x01, 0x00, 0x21, 0x01, 0x00, 0x00, 0x20, 0x01, 0x00, 0x00,
    0x20, 0x40, 0x00, 0x00, 0xc0, 0x05, 0x00, 0x00, 0x21, 0x40, 0x00, 0x00,
    0x00, 0x01, 0x00, 0x00, 0x22, 0x40, 0x00, 0x00, 0x40, 0x05, 0x00, 0x00,
    0x2f, 0x01, 0x01, 0x00, 0x02, 0x00, 0x00, 0x00, 0x00, 0x40, 0x00, 0x00,
    0xf0, 0x86, 0x02, 0x00, 0x10, 0x40, 0x00, 0x00, 0x10, 0xbc, 0x01, 0x00,
    0x2f, 0x01, 0x03, 0x00, 0x02, 0x00, 0x00, 0x00, 0x00, 0x40, 0x00, 0x00,
    0x50, 0x1a, 0x02, 0x00, 0x0b, 0x01, 0x02, 0x00, 0x0c, 0x01, 0x02, 0x00,
    0x01, 0x01, 0x01, 0x00, 0x02, 0x01, 0x01, 0x00, 0x10, 0x40, 0x00, 0x00,
    0x50, 0x83, 0x02, 0x00, 0x21, 0x01, 0x02, 0x00, 0x20, 0x01, 0x02, 0x00,
    0x20, 0x40, 0x00, 0x00, 0xa0, 0x04, 0x00, 0x00, 0x21, 0x40, 0x00, 0x00,
    0xa0, 0x00, 0x00, 0x00, 0x22, 0x40, 0x00, 0x00, 0x20, 0x04, 0x00, 0x00,
    0x03, 0x00, 0x00, 0x00, 0x00, 0x40, 0x00, 0x00, 0x70, 0x9b, 0x01, 0x00,
    0x02, 0x40, 0x00, 0x00, 0xb0, 0x85, 0x01, 0x00, 0x0b, 0x01, 0x03, 0x00,
    0x0c, 0x01, 0x03, 0x00, 0x10, 0x40, 0x00, 0x00, 0x10, 0x7c, 0x02, 0x00,
    0x21, 0x01, 0x04, 0x00, 0x20, 0x40, 0x00, 0x00, 0xe0, 0x01, 0x00, 0x00,
    0x21, 0x40, 0x00, 0x00, 0xe0, 0x00, 0x00, 0x00, 0x22, 0x40, 0x00, 0x00,
    0x60, 0x01, 0x00, 0x00, 0x0d, 0x01, 0x12, 0x00, 0x03, 0x00, 0x00, 0x00,
    0x00, 0x40, 0x00, 0x00, 0x10, 0x9f, 0x01, 0x00, 0x0b, 0x01, 0x02, 0x00,
    0x0c, 0x01, 0x02, 0x00, 0x10, 0x40, 0x00, 0x00, 0xb0, 0x7f, 0x02, 0x00,
    0x03, 0x00, 0x00, 0x00, 0x00, 0x40, 0x00, 0x00, 0x10, 0x7c, 0x02, 0x00,
    0x02, 0x40, 0x00, 0x00, 0x00, 0x00, 0x00, 0x00, 0x0b, 0x01, 0x00, 0x00,
    0x0c, 0x01, 0x00, 0x00, 0x01, 0x01, 0x00, 0x00, 0x02, 0x01, 0x00, 0x00,
    0x10, 0x40, 0x00, 0x00, 0x30, 0x25, 0x02, 0x00, 0x21, 0x01, 0x00, 0x00,
    0x20, 0x01, 0x00, 0x00, 0x20, 0x40, 0x00, 0x00, 0x40, 0x03, 0x00, 0x00,
    0x22, 0x40, 0x00, 0x00, 0xc0, 0x02, 0x00, 0x00, 0x0d, 0x01, 0x0a, 0x00,
    0x2f, 0x01, 0x01, 0x00, 0x02, 0x00, 0x00, 0x00, 0x00, 0x40, 0x00, 0x00,
    0xb0, 0x7f, 0x02, 0x00, 0x10, 0x40, 0x00, 0x00, 0xd0, 0x28, 0x02, 0x00,
    0x2f, 0x01, 0x03, 0x00, 0x02, 0x00, 0x00, 0x00, 0x00, 0x40, 0x00, 0x00,
    0xb0, 0xa2, 0x01, 0x00, 0x02, 0x40, 0x00, 0x00, 0xb0, 0x85, 0x01, 0x00,
    0x0b, 0x01, 0x01, 0x00, 0x0c, 0x01, 0x01, 0x00, 0x01, 0x01, 0x01, 0x00,
    0x02, 0x01, 0x01, 0x00, 0x10, 0x40, 0x00, 0x00, 0x10, 0x7c, 0x02, 0x00,
    0x21, 0x01, 0x04, 0x00, 0x20, 0x01, 0x02, 0x00, 0x20, 0x40, 0x00, 0x00,
    0xe0, 0x01, 0x00, 0x00, 0x22, 0x40, 0x00, 0x00, 0x60, 0x01, 0x00, 0x00,
    0x0d, 0x01, 0x12, 0x00, 0x03, 0x00, 0x00, 0x00, 0x00, 0x40, 0x00, 0x00,
    0x50, 0xa6, 0x01, 0x00, 0x0b, 0x01, 0x00, 0x00, 0x0c, 0x01, 0x00, 0x00,
    0x10, 0x40, 0x00, 0x00, 0xb0, 0x7f, 0x02, 0x00, 0x03, 0x00, 0x00, 0x00,
    0x00, 0x40, 0x00, 0x00, 0x10, 0x7c, 0x02, 0x00, 0x02, 0x40, 0x00, 0x00,
    0x00, 0x00, 0x00, 0x00, 0x01, 0x01, 0x00, 0x00, 0x02, 0x01, 0x00, 0x00,
    0x10, 0x40, 0x00, 0x00, 0xb0, 0x16, 0x02, 0x00, 0x21, 0x01, 0x00, 0x00,
    0x20, 0x01, 0x00, 0x00, 0x20, 0x40, 0x00, 0x00, 0x40, 0x03, 0x00, 0x00,
    0x22, 0x40, 0x00, 0x00, 0xc0, 0x02, 0x00, 0x00, 0x0d, 0x01, 0x0a, 0x00,
    0x2f, 0x01, 0x01, 0x00, 0x02, 0x00, 0x00, 0x00, 0x00, 0x40, 0x00, 0x00,
    0xb0, 0x7f, 0x02, 0x00, 0x10, 0x40, 0x00, 0x00, 0x50, 0x1a, 0x02, 0x00,
    0x2f, 0x01, 0x03, 0x00, 0x02, 0x00, 0x00, 0x00, 0x00, 0x40, 0x00, 0x00,
    0xf0, 0x1d, 0x02, 0x00, 0x0b, 0x01, 0x02, 0x00, 0x0c, 0x01, 0x02, 0x00,
    0x01, 0x01, 0x01, 0x00, 0x02, 0x01, 0x01, 0x00, 0x10, 0x40, 0x00, 0x00,
    0xf0, 0x86, 0x02, 0x00, 0x21, 0x01, 0x02, 0x00, 0x20, 0x01, 0x02, 0x00,
    0x20, 0x40, 0x00, 0x00, 0xa0, 0x04, 0x00, 0x00, 0x21, 0x40, 0x00, 0x00,
    0xa0, 0x00, 0x00, 0x00, 0x22, 0x40, 0x00, 0x00, 0x20, 0x04, 0x00, 0x00,
    0x2f, 0x01, 0x01, 0x00, 0x03, 0x00, 0x00, 0x00, 0x00, 0x40, 0x00, 0x00,
    0x50, 0x83, 0x02, 0x00, 0x0b, 0x01, 0x00, 0x00, 0x0c, 0x01, 0x00, 0x00,
    0x01, 0x01, 0x00, 0x00, 0x02, 0x01, 0x00, 0x00, 0x10, 0x40, 0x00, 0x00,
    0xb0, 0xbf, 0x01, 0x00, 0x21, 0x01, 0x00, 0x00, 0x20, 0x01, 0x00, 0x00,
    0x20, 0x40, 0x00, 0x00, 0xc0, 0x05, 0x00, 0x00, 0x21, 0x40, 0x00, 0x00,
    0x00, 0x01, 0x00, 0x00, 0x22, 0x40, 0x00, 0x00, 0x40, 0x05, 0x00, 0x00,
    0x02, 0x00, 0x00, 0x00, 0x00, 0x40, 0x00, 0x00, 0xf0, 0x86, 0x02, 0x00,
    0x10, 0x40, 0x00, 0x00, 0x50, 0xc3, 0x01, 0x00, 0x2f, 0x01, 0x03, 0x00,
    0x02, 0x00, 0x00, 0x00, 0x00, 0x40, 0x00, 0x00, 0xf0, 0xc6, 0x01, 0x00,
    0x02, 0x40, 0x00, 0x00, 0xf0, 0xa9, 0x01, 0x00, 0x0b, 0x01, 0x01, 0x00,
    0x0c, 0x01, 0x01, 0x00, 0x01, 0x01, 0x01, 0x00, 0x02, 0x01, 0x01, 0x00,
    0x10, 0x40, 0x00, 0x00, 0x90, 0x8a, 0x02, 0x00, 0x21, 0x01, 0x04, 0x00,
    0x20, 0x01, 0x02, 0x00, 0x20, 0x40, 0x00, 0x00, 0x40, 0x07, 0x00, 0x00,
    0x21, 0x40, 0x00, 0x00, 0xe0, 0x00, 0x00, 0x00, 0x22, 0x40, 0x00, 0x00,
    0xc0, 0x06, 0x00, 0x00, 0x0d, 0x01, 0x12, 0x00, 0x2f, 0x01, 0x01, 0x00,
    0x03, 0x00, 0x00, 0x00, 0x00, 0x40, 0x00, 0x00, 0x90, 0xca, 0x01, 0x00,
    0x0b, 0x01, 0x00, 0x00, 0x0c, 0x01, 0x00, 0x00, 0x10, 0x40, 0x00, 0x00,
    0x30, 0x8e, 0x02, 0x00, 0x2f, 0x01, 0x03, 0x00, 0x03, 0x00, 0x00, 0x00,
    0x00, 0x40, 0x00, 0x00, 0x90, 0x8a, 0x02, 0x00, 0x02, 0x40, 0x00, 0x00,
    0x00, 0x00, 0x00, 0x00, 0x01, 0x01, 0x00, 0x00, 0x02, 0x01, 0x00, 0x00,
    0x10, 0x40, 0x00, 0x00, 0xb0, 0x33, 0x02, 0x00, 0x21, 0x01, 0x00, 0x00,
    0x20, 0x01, 0x00, 0x00, 0x20, 0x40, 0x00, 0x00, 0xa0, 0x08, 0x00, 0x00,
    0x21, 0x40, 0x00, 0x00, 0x00, 0x01, 0x00, 0x00, 0x22, 0x40, 0x00, 0x00,
    0x20, 0x08, 0x00, 0x00, 0x0d, 0x01, 0x0a, 0x00, 0x2f, 0x01, 0x01, 0x00,
    0x02, 0x00, 0x00, 0x00, 0x00, 0x40, 0x00, 0x00, 0x30, 0x8e, 0x02, 0x00,
    0x10, 0x40, 0x00, 0x00, 0x50, 0x37, 0x02, 0x00, 0x2f, 0x01, 0x03, 0x00,
    0x02, 0x00, 0x00, 0x00, 0x00, 0x40, 0x00, 0x00, 0xf0, 0xa9, 0x01, 0x00,
    0x0b, 0x01, 0x04, 0x00, 0x0c, 0x01, 0x04, 0x00, 0x01, 0x01, 0x01, 0x00,
    0x02, 0x01, 0x01, 0x00, 0x10, 0x40, 0x00, 0x00, 0x90, 0x8a, 0x02, 0x00,
    0x21, 0x01, 0x04, 0x00, 0x20, 0x01, 0x02, 0x00, 0x20, 0x40, 0x00, 0x00,
    0x40, 0x07, 0x00, 0x00, 0x21, 0x40, 0x00, 0x00, 0xe0, 0x00, 0x00, 0x00,
    0x22, 0x40, 0x00, 0x00, 0xc0, 0x06, 0x00, 0x00, 0x0d, 0x01, 0x12, 0x00,
    0x03, 0x00, 0x00, 0x00, 0x00, 0x40, 0x00, 0x00, 0x90, 0xad, 0x01, 0x00,
    0x10, 0x40, 0x00, 0x00, 0x30, 0x8e, 0x02, 0x00, 0x03, 0x00, 0x00, 0x00,
    0x00, 0x40, 0x00, 0x00, 0x90, 0x8a, 0x02, 0x00, 0x0b, 0x01, 0x00, 0x00,
    0x0c, 0x01, 0x00, 0x00, 0x01, 0x01, 0x00, 0x00, 0x02, 0x01, 0x00, 0x00,
    0x10, 0x40, 0x00, 0x00, 0xf0, 0x3a, 0x02, 0x00, 0x21, 0x01, 0x00, 0x00,
    0x20, 0x01, 0x00, 0x00, 0x20, 0x40, 0x00, 0x00, 0xa0, 0x08, 0x00, 0x00,
    0x21, 0x40, 0x00, 0x00, 0x00, 0x01, 0x00, 0x00, 0x22, 0x40, 0x00, 0x00,
    0x20, 0x08, 0x00, 0x00, 0x0d, 0x01, 0x0a, 0x00, 0x2f, 0x01, 0x01, 0x00,
    0x02, 0x00, 0x00, 0x00, 0x00, 0x40, 0x00, 0x00, 0x30, 0x8e, 0x02, 0x00,
    0x10, 0x40, 0x00, 0x00, 0x90, 0x3e, 0x02, 0x00, 0x2f, 0x01, 0x03, 0x00,
    0x02, 0x00, 0x00, 0x00, 0x00, 0x40, 0x00, 0x00, 0x70, 0x2c, 0x02, 0x00,
    0x0b, 0x01, 0x02, 0x00, 0x0c, 0x01, 0x02, 0x00, 0x01, 0x01, 0x02, 0x00,
    0x02, 0x01, 0x02, 0x00, 0x10, 0x40, 0x00, 0x00, 0x70, 0x95, 0x02, 0x00,
    0x21, 0x01, 0x02, 0x00, 0x20, 0x01, 0x04, 0x00, 0x20, 0x40, 0x00, 0x00,
    0x20, 0x0a, 0x00, 0x00, 0x21, 0x40, 0x00, 0x00, 0xe0, 0x00, 0x00, 0x00,
    0x22, 0x40, 0x00, 0x00, 0xa0, 0x09, 0x00, 0x00, 0x2f, 0x01, 0x01, 0x00,
    0x03, 0x00, 0x00, 0x00, 0x00, 0x40, 0x00, 0x00, 0xd0, 0x91, 0x02, 0x00,
    0x0b, 0x01, 0x00, 0x00, 0x0c, 0x01, 0x00, 0x00, 0x01, 0x01, 0x00, 0x00,
    0x02, 0x01, 0x00, 0x00, 0x10, 0x40, 0x00, 0x00, 0x30, 0xeb, 0x01, 0x00,
    0x21, 0x01, 0x00, 0x00, 0x20, 0x01, 0x00, 0x00, 0x20, 0x40, 0x00, 0x00,
    0x80, 0x0b, 0x00, 0x00, 0x21, 0x40, 0x00, 0x00, 0xf0, 0x00, 0x00, 0x00,
    0x22, 0x40, 0x00, 0x00, 0x00, 0x0b, 0x00, 0x00, 0x02, 0x00, 0x00, 0x00,
    0x00, 0x40, 0x00, 0x00, 0x70, 0x95, 0x02, 0x00, 0x10, 0x40, 0x00, 0x00,
    0xd0, 0xee, 0x01, 0x00, 0x2f, 0x01, 0x03, 0x00, 0x02, 0x00, 0x00, 0x00,
    0x00, 0x40, 0x00, 0x00, 0x10, 0x30, 0x02, 0x00, 0x0b, 0x01, 0x02, 0x00,
    0x0c, 0x01, 0x02, 0x00, 0x01, 0x01, 0x02, 0x00, 0x02, 0x01, 0x02, 0x00,
    0x10, 0x40, 0x00, 0x00, 0xd0, 0x91, 0x02, 0x00, 0x21, 0x01, 0x02, 0x00,
    0x20, 0x01, 0x04, 0x00, 0x20, 0x40, 0x00, 0x00, 0x20, 0x0a, 0x00, 0x00,
    0x21, 0x40, 0x00, 0x00, 0xe0, 0x00, 0x00, 0x00, 0x22, 0x40, 0x00, 0x00,
    0xa0, 0x09, 0x00, 0x00, 0x03, 0x00, 0x00, 0x00, 0x00, 0x40, 0x00, 0x00,
    0xb0, 0x33, 0x02, 0x00, 0x10, 0x40, 0x00, 0x00, 0x70, 0x95, 0x02, 0x00,
    0x03, 0x00, 0x00, 0x00, 0x00, 0x40, 0x00, 0x00, 0xd0, 0x91, 0x02, 0x00,
    0x0b, 0x01, 0x00, 0x00, 0x0c, 0x01, 0x00, 0x00, 0x01, 0x01, 0x00, 0x00,
    0x02, 0x01, 0x00, 0x00, 0x10, 0x40, 0x00, 0x00, 0x30, 0xce, 0x01, 0x00,
    0x21, 0x01, 0x00, 0x00, 0x20, 0x01, 0x00, 0x00, 0x20, 0x40, 0x00, 0x00,
    0x80, 0x0b, 0x00, 0x00, 0x21, 0x40, 0x00, 0x00, 0xf0, 0x00, 0x00, 0x00,
    0x22, 0x40, 0x00, 0x00, 0x00, 0x0b, 0x00, 0x00, 0x2f, 0x01, 0x01, 0x00,
    0x02, 0x00, 0x00, 0x00, 0x00, 0x40, 0x00, 0x00, 0x70, 0x95, 0x02, 0x00,
    0x10, 0x40, 0x00, 0x00, 0xd0, 0xd1, 0x01, 0x00, 0x2f, 0x01, 0x03, 0x00,
    0x02, 0x00, 0x00, 0x00, 0x00, 0x40, 0x00, 0x00, 0x70, 0xd5, 0x01, 0x00,
    0x0b, 0x01, 0x04, 0x00, 0x0c, 0x01, 0x04, 0x00, 0x01, 0x01, 0x01, 0x00,
    0x02, 0x01, 0x01, 0x00, 0x10, 0x40, 0x00, 0x00, 0x10, 0x99, 0x02, 0x00,
    0x21, 0x01, 0x04, 0x00, 0x20, 0x01, 0x02, 0x00, 0x20, 0x40, 0x00, 0x00,
    0xf0, 0x0c, 0x00, 0x00, 0x21, 0x40, 0x00, 0x00, 0xe0, 0x00, 0x00, 0x00,
    0x22, 0x40, 0x00, 0x00, 0x70, 0x0c, 0x00, 0x00, 0x0d, 0x01, 0x12, 0x00,
    0x2f, 0x01, 0x01, 0x00, 0x03, 0x00, 0x00, 0x00, 0x00, 0x40, 0x00, 0x00,
    0x10, 0xd9, 0x01, 0x00, 0x10, 0x40, 0x00, 0x00, 0xb0, 0x9c, 0x02, 0x00,
    0x2f, 0x01, 0x03, 0x00, 0x03, 0x00, 0x00, 0x00, 0x00, 0x40, 0x00, 0x00,
    0x10, 0x99, 0x02, 0x00, 0x0b, 0x01, 0x00, 0x00, 0x0c, 0x01, 0x00, 0x00,
    0x01, 0x01, 0x00, 0x00, 0x02, 0x01, 0x00, 0x00, 0x10, 0x40, 0x00, 0x00,
    0x70, 0x49, 0x02, 0x00, 0x21, 0x01, 0x00, 0x00, 0x20, 0x01, 0x00, 0x00,
    0x20, 0x40, 0x00, 0x00, 0x50, 0x0e, 0x00, 0x00, 0x21, 0x40, 0x00, 0x00,
    0x00, 0x01, 0x00, 0x00, 0x22, 0x40, 0x00, 0x00, 0xd0, 0x0d, 0x00, 0x00,
    0x0d, 0x01, 0x0a, 0x00, 0x2f, 0x01, 0x01, 0x00, 0x02, 0x00, 0x00, 0x00,
    0x00, 0x40, 0x00, 0x00, 0xb0, 0x9c, 0x02, 0x00, 0x10, 0x40, 0x00, 0x00,
    0x10, 0x4d, 0x02, 0x00, 0x2f, 0x01, 0x03, 0x00, 0x02, 0x00, 0x00, 0x00,
    0x00, 0x40, 0x00, 0x00, 0xb0, 0x50, 0x02, 0x00, 0x02, 0x40, 0x00, 0x00,
    0x30, 0x42, 0x02, 0x00, 0x0b, 0x01, 0x01, 0x00, 0x0c, 0x01, 0x01, 0x00,
    0x01, 0x01, 0x01, 0x00, 0x02, 0x01, 0x01, 0x00, 0x10, 0x40, 0x00, 0x00,
    0xf0, 0xa3, 0x02, 0x00, 0x21, 0x01, 0x02, 0x00, 0x20, 0x01, 0x02, 0x00,
    0x20, 0x40, 0x00, 0x00, 0xd0, 0x0f, 0x00, 0x00, 0x21, 0x40, 0x00, 0x00,
    0xb0, 0x00, 0x00, 0x00, 0x22, 0x40, 0x00, 0x00, 0x50, 0x0f, 0x00, 0x00,
    0x2f, 0x01, 0x01, 0x00, 0x03, 0x00, 0x00, 0x00, 0x00, 0x40, 0x00, 0x00,
    0x50, 0xa0, 0x02, 0x00, 0x02, 0x40, 0x00, 0x00, 0x00, 0x00, 0x00, 0x00,
    0x0b, 0x01, 0x00, 0x00, 0x0c, 0x01, 0x00, 0x00, 0x01, 0x01, 0x00, 0x00,
    0x02, 0x01, 0x00, 0x00, 0x10, 0x40, 0x00, 0x00, 0x70, 0xf2, 0x01, 0x00,
    0x21, 0x01, 0x00, 0x00, 0x20, 0x01, 0x00, 0x00, 0x20, 0x40, 0x00, 0x00,
    0x00, 0x11, 0x00, 0x00, 0x21, 0x40, 0x00, 0x00, 0x00, 0x01, 0x00, 0x00,
    0x22, 0x40, 0x00, 0x00, 0x80, 0x10, 0x00, 0x00, 0x02, 0x00, 0x00, 0x00,
    0x00, 0x40, 0x00, 0x00, 0xf0, 0xa3, 0x02, 0x00, 0x10, 0x40, 0x00, 0x00,
    0x10, 0xf6, 0x01, 0x00, 0x2f, 0x01, 0x03, 0x00, 0x02, 0x00, 0x00, 0x00,
    0x00, 0x40, 0x00, 0x00, 0x50, 0x54, 0x02, 0x00, 0x02, 0x40, 0x00, 0x00,
    0x30, 0x42, 0x02, 0x00, 0x01, 0x01, 0x01, 0x00, 0x02, 0x01, 0x01, 0x00,
    0x10, 0x40, 0x00, 0x00, 0x50, 0xa0, 0x02, 0x00, 0x21, 0x01, 0x02, 0x00,
    0x20, 0x01, 0x02, 0x00, 0x20, 0x40, 0x00, 0x00, 0xd0, 0x0f, 0x00, 0x00,
    0x21, 0x40, 0x00, 0x00, 0xb0, 0x00, 0x00, 0x00, 0x22, 0x40, 0x00, 0x00,
    0x50, 0x0f, 0x00, 0x00, 0x03, 0x00, 0x00, 0x00, 0x00, 0x40, 0x00, 0x00,
    0x30, 0x42, 0x02, 0x00, 0x02, 0x40, 0x00, 0x00, 0x00, 0x00, 0x00, 0x00,
    0x0b, 0x01, 0x02, 0x00, 0x0c, 0x01, 0x02, 0x00, 0x10, 0x40, 0x00, 0x00,
    0xf0, 0xa3, 0x02, 0x00, 0x03, 0x00, 0x00, 0x00, 0x00, 0x40, 0x00, 0x00,
    0x50, 0xa0, 0x02, 0x00, 0x0b, 0x01, 0x00, 0x00, 0x0c, 0x01, 0x00, 0x00,
    0x01, 0x01, 0x00, 0x00, 0x02, 0x01, 0x00, 0x00, 0x10, 0x40, 0x00, 0x00,
    0xb0, 0xf9, 0x01, 0x00, 0x21, 0x01, 0x00, 0x00, 0x20, 0x01, 0x00, 0x00,
    0x20, 0x40, 0x00, 0x00, 0x00, 0x11, 0x00, 0x00, 0x21, 0x40, 0x00, 0x00,
    0x00, 0x01, 0x00, 0x00, 0x22, 0x40, 0x00, 0x00, 0x80, 0x10, 0x00, 0x00,
    0x2f, 0x01, 0x01, 0x00, 0x02, 0x00, 0x00, 0x00, 0x00, 0x40, 0x00, 0x00,
    0xf0, 0xa3, 0x02, 0x00, 0x10, 0x40, 0x00, 0x00, 0x50, 0xfd, 0x01, 0x00,
    0x2f, 0x01, 0x03, 0x00, 0x02, 0x00, 0x00, 0x00, 0x00, 0x40, 0x00, 0x00,
    0xd0, 0x45, 0x02, 0x00, 0x0b, 0x01, 0x02, 0x00, 0x0c, 0x01, 0x02, 0x00,
    0x01, 0x01, 0x01, 0x00, 0x02, 0x01, 0x01, 0x00, 0x10, 0x40, 0x00, 0x00,
    0x50, 0xa0, 0x02, 0x00, 0x21, 0x01, 0x02, 0x00, 0x20, 0x01, 0x02, 0x00,
    0x20, 0x40, 0x00, 0x00, 0xd0, 0x0f, 0x00, 0x00, 0x21, 0x40, 0x00, 0x00,
    0xb0, 0x00, 0x00, 0x00, 0x22, 0x40, 0x00, 0x00, 0x50, 0x0f, 0x00, 0x00,
    0x03, 0x00, 0x00, 0x00, 0x00, 0x40, 0x00, 0x00, 0xb0, 0xdc, 0x01, 0x00,
    0x0b, 0x01, 0x04, 0x00, 0x0c, 0x01, 0x04, 0x00, 0x10, 0x40, 0x00, 0x00,
    0x10, 0x99, 0x02, 0x00, 0x21, 0x01, 0x04, 0x00, 0x20, 0x40, 0x00, 0x00,
    0xf0, 0x0c, 0x00, 0x00, 0x21, 0x40, 0x00, 0x00, 0xe0, 0x00, 0x00, 0x00,
    0x22, 0x40, 0x00, 0x00, 0x70, 0x0c, 0x00, 0x00, 0x0d, 0x01, 0x12, 0x00,
    0x03, 0x00, 0x00, 0x00, 0x00, 0x40, 0x00, 0x00, 0x50, 0xe0, 0x01, 0x00,
    0x10, 0x40, 0x00, 0x00, 0xb0, 0x9c, 0x02, 0x00, 0x03, 0x00, 0x00, 0x00,
    0x00, 0x40, 0x00, 0x00, 0x10, 0x99, 0x02, 0x00, 0x0b, 0x01, 0x00, 0x00,
    0x0c, 0x01, 0x00, 0x00, 0x01, 0x01, 0x00, 0x00, 0x02, 0x01, 0x00, 0x00,
    0x10, 0x40, 0x00, 0x00, 0xb0, 0x50, 0x02, 0x00, 0x21, 0x01, 0x00, 0x00,
    0x20, 0x01, 0x00, 0x00, 0x20, 0x40, 0x00, 0x00, 0x50, 0x0e, 0x00, 0x00,
    0x21, 0x40, 0x00, 0x00, 0x00, 0x01, 0x00, 0x00, 0x22, 0x40, 0x00, 0x00,
    0xd0, 0x0d, 0x00, 0x00, 0x0d, 0x01, 0x0a, 0x00, 0x2f, 0x01, 0x01, 0x00,
    0x02, 0x00, 0x00, 0x00, 0x00, 0x40, 0x00, 0x00, 0xb0, 0x9c, 0x02, 0x00,
    0x10, 0x40, 0x00, 0x00, 0x50, 0x54, 0x02, 0x00, 0x2f, 0x01, 0x03, 0x00,
    0x02, 0x00, 0x00, 0x00, 0x00, 0x40, 0x00, 0x00, 0xf0, 0xe3, 0x01, 0x00,
    0x02, 0x40, 0x00, 0x00, 0x30, 0xce, 0x01, 0x00, 0x0b, 0x01, 0x03, 0x00,
    0x0c, 0x01, 0x03, 0x00, 0x01, 0x01, 0x01, 0x00, 0x02, 0x01, 0x01, 0x00,
    0x10, 0x40, 0x00, 0x00, 0x10, 0x99, 0x02, 0x00, 0x21, 0x01, 0x04, 0x00,
    0x20, 0x01, 0x02, 0x00, 0x20, 0x40, 0x00, 0x00, 0xf0, 0x0c, 0x00, 0x00,
    0x21, 0x40, 0x00, 0x00, 0xe0, 0x00, 0x00, 0x00, 0x22, 0x40, 0x00, 0x00,
    0x70, 0x0c, 0x00, 0x00, 0x0d, 0x01, 0x12, 0x00, 0x03, 0x00, 0x00, 0x00,
    0x00, 0x40, 0x00, 0x00, 0x90, 0xe7, 0x01, 0x00, 0x0b, 0x01, 0x02, 0x00,
    0x0c, 0x01, 0x02, 0x00, 0x10, 0x40, 0x00, 0x00, 0xb0, 0x9c, 0x02, 0x00,
    0x03, 0x00, 0x00, 0x00, 0x00, 0x40, 0x00, 0x00, 0x10, 0x99, 0x02, 0x00,
    0x02, 0x40, 0x00, 0x00, 0x00, 0x00, 0x00, 0x00, 0x0b, 0x01, 0x00, 0x00,
    0x0c, 0x01, 0x00, 0x00, 0x01, 0x01, 0x00, 0x00, 0x02, 0x01, 0x00, 0x00,
    0x10, 0x40, 0x00, 0x00, 0x30, 0x42, 0x02, 0x00, 0x21, 0x01, 0x00, 0x00,
    0x20, 0x01, 0x00, 0x00, 0x20, 0x40, 0x00, 0x00, 0x50, 0x0e, 0x00, 0x00,
    0x21, 0x40, 0x00, 0x00, 0x00, 0x01, 0x00, 0x00, 0x22, 0x40, 0x00, 0x00,
    0xd0, 0x0d, 0x00, 0x00, 0x0d, 0x01, 0x0a, 0x00, 0x2f, 0x01, 0x01, 0x00,
    0x02, 0x00, 0x00, 0x00, 0x00, 0x40, 0x00, 0x00, 0xb0, 0x9c, 0x02, 0x00,
    0x10, 0x40, 0x00, 0x00, 0xd0, 0x45, 0x02, 0x00, 0x2f, 0x01, 0x03, 0x00,
    0x02, 0x00, 0x00, 0x00, 0x00, 0x40, 0x00, 0x00, 0x70, 0x49, 0x02, 0x00,
    0x0b, 0x01, 0x02, 0x00, 0x0c, 0x01, 0x02, 0x00, 0x01, 0x01, 0x01, 0x00,
    0x02, 0x01, 0x01, 0x00, 0x10, 0x40, 0x00, 0x00, 0xf0, 0xa3, 0x02, 0x00,
    0x21, 0x01, 0x02, 0x00, 0x20, 0x01, 0x02, 0x00, 0x20, 0x40, 0x00, 0x00,
    0xd0, 0x0f, 0x00, 0x00, 0x21, 0x40, 0x00, 0x00, 0xb0, 0x00, 0x00, 0x00,
    0x22, 0x40, 0x00, 0x00, 0x50, 0x0f, 0x00, 0x00, 0x2f, 0x01, 0x01, 0x00,
    0x03, 0x00, 0x00, 0x00, 0x00, 0x40, 0x00, 0x00, 0x50, 0xa0, 0x02, 0x00,
    0x0b, 0x01, 0x00, 0x00, 0x0c, 0x01, 0x00, 0x00, 0x01, 0x01, 0x00, 0x00,
    0x02, 0x01, 0x00, 0x00, 0x10, 0x40, 0x00, 0x00, 0xf0, 0x00, 0x02, 0x00,
    0x21, 0x01, 0x00, 0x00, 0x20, 0x01, 0x00, 0x00, 0x20, 0x40, 0x00, 0x00,
    0x00, 0x11, 0x00, 0x00, 0x21, 0x40, 0x00, 0x00, 0x00, 0x01, 0x00, 0x00,
    0x22, 0x40, 0x00, 0x00, 0x80, 0x10, 0x00, 0x00, 0x02, 0x00, 0x00, 0x00,
    0x00, 0x40, 0x00, 0x00, 0xf0, 0xa3, 0x02, 0x00, 0x10, 0x40, 0x00, 0x00,
    0x90, 0x04, 0x02, 0x00, 0x2f, 0x01, 0x03, 0x00, 0x02, 0x00, 0x00, 0x00,
    0x00, 0x40, 0x00, 0x00, 0x30, 0x08, 0x02, 0x00, 0x02, 0x40, 0x00, 0x00,
    0x70, 0xf2, 0x01, 0x00, 0x0b, 0x01, 0x03, 0x00, 0x0c, 0x01, 0x03, 0x00,
    0x01, 0x01, 0x01, 0x00, 0x02, 0x01, 0x01, 0x00, 0x10, 0x40, 0x00, 0x00,
    0x90, 0xa7, 0x02, 0x00, 0x21, 0x01, 0x04, 0x00, 0x20, 0x01, 0x02, 0x00,
    0x20, 0x40, 0x00, 0x00, 0x80, 0x12, 0x00, 0x00, 0x21, 0x40, 0x00, 0x00,
    0xe0, 0x00, 0x00, 0x00, 0x22, 0x40, 0x00, 0x00, 0x00, 0x12, 0x00, 0x00,
    0x0d, 0x01, 0x12, 0x00, 0x2f, 0x01, 0x01, 0x00, 0x03, 0x00, 0x00, 0x00,
    0x00, 0x40, 0x00, 0x00, 0xd0, 0x0b, 0x02, 0x00, 0x0b, 0x01, 0x02, 0x00,
    0x0c, 0x01, 0x02, 0x00, 0x10, 0x40, 0x00, 0x00, 0x30, 0xab, 0x02, 0x00,
    0x2f, 0x01, 0x03, 0x00, 0x03, 0x00, 0x00, 0x00, 0x00, 0x40, 0x00, 0x00,
    0x90, 0xa7, 0x02, 0x00, 0x02, 0x40, 0x00, 0x00, 0x00, 0x00, 0x00, 0x00,
    0x0b, 0x01, 0x00, 0x00, 0x0c, 0x01, 0x00, 0x00, 0x01, 0x01, 0x00, 0x00,
    0x02, 0x01, 0x00, 0x00, 0x10, 0x40, 0x00, 0x00, 0x30, 0x5f, 0x02, 0x00,
    0x21, 0x01, 0x00, 0x00, 0x20, 0x01, 0x00, 0x00, 0x20, 0x40, 0x00, 0x00,
    0xe0, 0x13, 0x00, 0x00, 0x21, 0x40, 0x00, 0x00, 0x00, 0x01, 0x00, 0x00,
    0x22, 0x40, 0x00, 0x00, 0x60, 0x13, 0x00, 0x00, 0x0d, 0x01, 0x0a, 0x00,
    0x2f, 0x01, 0x01, 0x00, 0x02, 0x00, 0x00, 0x00, 0x00, 0x40, 0x00, 0x00,
    0x30, 0xab, 0x02, 0x00, 0x10, 0x40, 0x00, 0x00, 0xd0, 0x62, 0x02, 0x00,
    0x2f, 0x01, 0x03, 0x00, 0x02, 0x00, 0x00, 0x00, 0x00, 0x40, 0x00, 0x00,
    0x70, 0x0f, 0x02, 0x00, 0x02, 0x40, 0x00, 0x00, 0x70, 0xf2, 0x01, 0x00,
    0x0b, 0x01, 0x01, 0x00, 0x0c, 0x01, 0x01, 0x00, 0x01, 0x01, 0x01, 0x00,
    0x02, 0x01, 0x01, 0x00, 0x10, 0x40, 0x00, 0x00, 0x90, 0xa7, 0x02, 0x00,
    0x21, 0x01, 0x04, 0x00, 0x20, 0x01, 0x02, 0x00, 0x20, 0x40, 0x00, 0x00,
    0x80, 0x12, 0x00, 0x00, 0x21, 0x40, 0x00, 0x00, 0xe0, 0x00, 0x00, 0x00,
    0x22, 0x40, 0x00, 0x00, 0x00, 0x12, 0x00, 0x00, 0x0d, 0x01, 0x12, 0x00,
    0x03, 0x00, 0x00, 0x00, 0x00, 0x40, 0x00, 0x00, 0x10, 0x13, 0x02, 0x00,
    0x0b, 0x01, 0x00, 0x00, 0x0c, 0x01, 0x00, 0x00, 0x10, 0x40, 0x00, 0x00,
    0x30, 0xab, 0x02, 0x00, 0x03, 0x00, 0x00, 0x00, 0x00, 0x40, 0x00, 0x00,
    0x90, 0xa7, 0x02, 0x00, 0x02, 0x40, 0x00, 0x00, 0x00, 0x00, 0x00, 0x00,
    0x01, 0x01, 0x00, 0x00, 0x02, 0x01, 0x00, 0x00, 0x10, 0x40, 0x00, 0x00,
    0x70, 0x66, 0x02, 0x00, 0x21, 0x01, 0x00, 0x00, 0x20, 0x01, 0x00, 0x00,
    0x20, 0x40, 0x00, 0x00, 0xe0, 0x13, 0x00, 0x00, 0x21, 0x40, 0x00, 0x00,
    0x00, 0x01, 0x00, 0x00, 0x22, 0x40, 0x00, 0x00, 0x60, 0x13, 0x00, 0x00,
    0x0d, 0x01, 0x0a, 0x00, 0x2f, 0x01, 0x01, 0x00, 0x02, 0x00, 0x00, 0x00,
    0x00, 0x40, 0x00, 0x00, 0x30, 0xab, 0x02, 0x00, 0x10, 0x40, 0x00, 0x00,
    0x10, 0x6a, 0x02, 0x00, 0x2f, 0x01, 0x03, 0x00, 0x02, 0x00, 0x00, 0x00,
    0x00, 0x40, 0x00, 0x00, 0xf0, 0x57, 0x02, 0x00, 0x0b, 0x01, 0x02, 0x00,
    0x0c, 0x01, 0x02, 0x00, 0x01, 0x01, 0x02, 0x00, 0x02, 0x01, 0x02, 0x00,
    0x10, 0x40, 0x00, 0x00, 0x70, 0xb2, 0x02, 0x00, 0x21, 0x01, 0x02, 0x00,
    0x20, 0x01, 0x04, 0x00, 0x20, 0x40, 0x00, 0x00, 0x60, 0x15, 0x00, 0x00,
    0x21, 0x40, 0x00, 0x00, 0xe0, 0x00, 0x00, 0x00, 0x22, 0x40, 0x00, 0x00,
    0xe0, 0x14, 0x00, 0x00, 0x2f, 0x01, 0x01, 0x00, 0x03, 0x00, 0x00, 0x00,
    0x00, 0x40, 0x00, 0x00, 0xd0, 0xae, 0x02, 0x00, 0x0b, 0x01, 0x00, 0x00,
    0x0c, 0x01, 0x00, 0x00, 0x01, 0x01, 0x00, 0x00, 0x02, 0x01, 0x00, 0x00,
    0x10, 0x40, 0x00, 0x00, 0x10, 0xb6, 0x02, 0x00, 0x21, 0x01, 0x00, 0x00,
    0x20, 0x01, 0x00, 0x00, 0x20, 0x40, 0x00, 0x00, 0xc0, 0x16, 0x00, 0x00,
    0x21, 0x40, 0x00, 0x00, 0xf0, 0x00, 0x00, 0x00, 0x22, 0x40, 0x00, 0x00,
    0x40, 0x16, 0x00, 0x00, 0x02, 0x00, 0x00, 0x00, 0x00, 0x40, 0x00, 0x00,
    0x70, 0xb2, 0x02, 0x00, 0x10, 0x40, 0x00, 0x00, 0xb0, 0xb9, 0x02, 0x00,
    0x2f, 0x01, 0x03, 0x00, 0x02, 0x00, 0x00, 0x00, 0x00, 0x40, 0x00, 0x00,
    0x10, 0xb6, 0x02, 0x00, 0x10, 0x40, 0x00, 0x00, 0x28, 0x08, 0x00, 0x00,
    0x13, 0x01, 0x00, 0x00, 0x15, 0x40, 0x00, 0x00, 0x3a, 0x00, 0x00, 0x00,
    0x14, 0x40, 0x00, 0x00, 0x01, 0x00, 0x00, 0x00, 0x16, 0x40, 0x00, 0x00,
    0x01, 0x00, 0x00, 0x00, 0x18, 0x01, 0x5a, 0x00, 0x14, 0x01, 0x01, 0x00,
    0x20, 0x40, 0x00, 0x00, 0xc0, 0x17, 0x00, 0x00, 0x21, 0x40, 0x00, 0x00,
    0x40, 0x00, 0x00, 0x00, 0x22, 0x40, 0x00, 0x00, 0xb0, 0x17, 0x00, 0x00,
    0x23, 0x40, 0x00, 0x00, 0x10, 0x00, 0x00, 0x00, 0x17, 0x01, 0x07, 0x00,
    0x2f, 0x01, 0x01, 0x00, 0x02, 0x00, 0x00, 0x00, 0x00, 0x40, 0x00, 0x00,
    0xb0, 0xb9, 0x02, 0x00, 0x10, 0x40, 0x00, 0x00, 0x62, 0x08, 0x00, 0x00,
    0x2f, 0x01, 0x03, 0x00, 0x02, 0x00, 0x00, 0x00, 0x00, 0x40, 0x00, 0x00,
    0x90, 0x5b, 0x02, 0x00, 0x0b, 0x01, 0x02, 0x00, 0x0c, 0x01, 0x02, 0x00,
    0x01, 0x01, 0x02, 0x00, 0x02, 0x01, 0x02, 0x00, 0x10, 0x40, 0x00, 0x00,
    0xd0, 0xae, 0x02, 0x00, 0x13, 0x01, 0x0b, 0x00, 0x15, 0x40, 0x00, 0x00,
    0xa0, 0x03, 0x00, 0x00, 0x14, 0x40, 0x00, 0x00, 0x10, 0x00, 0x00, 0x00,
    0x16, 0x40, 0x00, 0x00, 0xa0, 0x03, 0x00, 0x00, 0x18, 0x01, 0x80, 0xff,
    0x14, 0x01, 0x41, 0x00, 0x21, 0x01, 0x02, 0x00, 0x20, 0x01, 0x04, 0x00,
    0x20, 0x40, 0x00, 0x00, 0x60, 0x15, 0x00, 0x00, 0x21, 0x40, 0x00, 0x00,
    0xe0, 0x00, 0x00, 0x00, 0x22, 0x40, 0x00, 0x00, 0xe0, 0x14, 0x00, 0x00,
    0x23, 0x40, 0x00, 0x00, 0x80, 0x00, 0x00, 0x00, 0x17, 0x01, 0x0f, 0x00,
    0x03, 0x00, 0x00, 0x00, 0x00, 0x40, 0x00, 0x00, 0x30, 0x5f, 0x02, 0x00,
    0x10, 0x40, 0x00, 0x00, 0x70, 0xb2, 0x02, 0x00, 0x03, 0x00, 0x00, 0x00,
    0x00, 0x40, 0x00, 0x00, 0xd0, 0xae, 0x02, 0x00, 0x0b, 0x01, 0x00, 0x00,
    0x0c, 0x01, 0x00, 0x00, 0x01, 0x01, 0x00, 0x00, 0x02, 0x01, 0x00, 0x00,
    0x10, 0x40, 0x00, 0x00, 0x10, 0xb6, 0x02, 0x00, 0x21, 0x01, 0x00, 0x00,
    0x20, 0x01, 0x00, 0x00, 0x20, 0x40, 0x00, 0x00, 0xc0, 0x16, 0x00, 0x00,
    0x21, 0x40, 0x00, 0x00, 0xf0, 0x00, 0x00, 0x00, 0x22, 0x40, 0x00, 0x00,
    0x40, 0x16, 0x00, 0x00, 0x2f, 0x01, 0x01, 0x00, 0x02, 0x00, 0x00, 0x00,
    0x00, 0x40, 0x00, 0x00, 0x70, 0xb2, 0x02, 0x00, 0x10, 0x40, 0x00, 0x00,
    0xb0, 0xb9, 0x02, 0x00, 0x2f, 0x01, 0x03, 0x00, 0x02, 0x00, 0x00, 0x00,
    0x00, 0x40, 0x00, 0x00, 0x10, 0xb6, 0x02, 0x00, 0x10, 0x40, 0x00, 0x00,
    0x9c, 0x08, 0x00, 0x00, 0x13, 0x01, 0x00, 0x00, 0x15, 0x40, 0x00, 0x00,
    0x3a, 0x00, 0x00, 0x00, 0x14, 0x40, 0x00, 0x00, 0x01, 0x00, 0x00, 0x00,
    0x16, 0x40, 0x00, 0x00, 0x01, 0x00, 0x00, 0x00, 0x18, 0x01, 0x5a, 0x00,
    0x14, 0x01, 0x01, 0x00, 0x20, 0x40, 0x00, 0x00, 0xc0, 0x17, 0x00, 0x00,
    0x21, 0x40, 0x00, 0x00, 0x40, 0x00, 0x00, 0x00, 0x22, 0x40, 0x00, 0x00,
    0xb0, 0x17, 0x00, 0x00, 0x23, 0x40, 0x00, 0x00, 0x10, 0x00, 0x00, 0x00,
    0x17, 0x01, 0x07, 0x00, 0x2f, 0x01, 0x01, 0x00, 0x02, 0x00, 0x00, 0x00,
    0x00, 0x40, 0x00, 0x00, 0xb0, 0xb9, 0x02, 0x00, 0x10, 0x40, 0x00, 0x00,
    0xd6, 0x08, 0x00, 0x00, 0x2f, 0x01, 0x03, 0x00, 0x02, 0x00, 0x00, 0x00,
    0x00, 0x40, 0x00, 0x00, 0xd0, 0x62, 0x02, 0x00, 0x0b, 0x01, 0x02, 0x00,
    0x0c, 0x01, 0x02, 0x00, 0x01, 0x01, 0x02, 0x00, 0x02, 0x01, 0x02, 0x00,
    0x10, 0x40, 0x00, 0x00, 0xd0, 0xae, 0x02, 0x00, 0x13, 0x01, 0x0b, 0x00,
    0x15, 0x40, 0x00, 0x00, 0xa0, 0x03, 0x00, 0x00, 0x14, 0x40, 0x00, 0x00,
    0x10, 0x00, 0x00, 0x00, 0x16, 0x40, 0x00, 0x00, 0xa0, 0x03, 0x00, 0x00,
    0x18, 0x01, 0x80, 0xff, 0x14, 0x01, 0x41, 0x00, 0x21, 0x01, 0x02, 0x00,
    0x20, 0x01, 0x04, 0x00, 0x20, 0x40, 0x00, 0x00, 0x60, 0x15, 0x00, 0x00,
    0x21, 0x40, 0x00, 0x00, 0xe0, 0x00, 0x00, 0x00, 0x22, 0x40, 0x00, 0x00,
    0xe0, 0x14, 0x00, 0x00, 0x23, 0x40, 0x00, 0x00, 0x80, 0x00, 0x00, 0x00,
    0x17, 0x01, 0x0f, 0x00, 0x03, 0x00, 0x00, 0x00, 0x00, 0x40, 0x00, 0x00,
    0x70, 0xf2, 0x01, 0x00, 0x0b, 0x01, 0x04, 0x00, 0x0c, 0x01, 0x04, 0x00,
    0x01, 0x01, 0x01, 0x00, 0x02, 0x01, 0x01, 0x00, 0x10, 0x40, 0x00, 0x00,
    0x90, 0xa7, 0x02, 0x00, 0x21, 0x01, 0x04, 0x00, 0x20, 0x01, 0x02, 0x00,
    0x20, 0x40, 0x00, 0x00, 0x80, 0x12, 0x00, 0x00, 0x22, 0x40, 0x00, 0x00,
    0x00, 0x12, 0x00, 0x00, 0x0d, 0x01, 0x12, 0x00, 0x03, 0x00, 0x00, 0x00,
    0x00, 0x40, 0x00, 0x00, 0x10, 0xf6, 0x01, 0x00, 0x10, 0x40, 0x00, 0x00,
    0x30, 0xab, 0x02, 0x00, 0x03, 0x00, 0x00, 0x00, 0x00, 0x40, 0x00, 0x00,
    0x90, 0xa7, 0x02, 0x00, 0x0b, 0x01, 0x00, 0x00, 0x0c, 0x01, 0x00, 0x00,
    0x01, 0x01, 0x00, 0x00, 0x02, 0x01, 0x00, 0x00, 0x10, 0x40, 0x00, 0x00,
    0xf0, 0x57, 0x02, 0x00, 0x21, 0x01, 0x00, 0x00, 0x20, 0x01, 0x00, 0x00,
    0x20, 0x40, 0x00, 0x00, 0xe0, 0x13, 0x00, 0x00, 0x21, 0x40, 0x00, 0x00,
    0x00, 0x01, 0x00, 0x00, 0x22, 0x40, 0x00, 0x00, 0x60, 0x13, 0x00, 0x00,
    0x0d, 0x01, 0x0a, 0x00, 0x2f, 0x01, 0x01, 0x00, 0x02, 0x00, 0x00, 0x00,
    0x00, 0x40, 0x00, 0x00, 0x30, 0xab, 0x02, 0x00, 0x10, 0x40, 0x00, 0x00,
    0x90, 0x5b, 0x02, 0x00, 0x2f, 0x01, 0x03, 0x00, 0x02, 0x00, 0x00, 0x00,
    0x00, 0x40, 0x00, 0x00, 0x10, 0x4d, 0x02, 0x00, 0x0b, 0x01, 0x02, 0x00,
    0x0c, 0x01, 0x02, 0x00, 0x01, 0x01, 0x01, 0x00, 0x02, 0x01, 0x01, 0x00,
    0x10, 0x40, 0x00, 0x00, 0x50, 0xa0, 0x02, 0x00, 0x21, 0x01, 0x02, 0x00,
    0x20, 0x01, 0x02, 0x00, 0x20, 0x40, 0x00, 0x00, 0xd0, 0x0f, 0x00, 0x00,
    0x21, 0x40, 0x00, 0x00, 0xb0, 0x00, 0x00, 0x00, 0x22, 0x40, 0x00, 0x00,
    0x50, 0x0f, 0x00, 0x00, 0x03, 0x00, 0x00, 0x00, 0x00, 0x40, 0x00, 0x00,
    0xb0, 0x50, 0x02, 0x00, 0x02, 0x40, 0x00, 0x00, 0x30, 0x42, 0x02, 0x00,
    0x0b, 0x01, 0x01, 0x00, 0x0c, 0x01, 0x01, 0x00, 0x10, 0x40, 0x00, 0x00,
    0xf0, 0xa3, 0x02, 0x00, 0x03, 0x00, 0x00, 0x00, 0x00, 0x40, 0x00, 0x00,
    0x50, 0xa0, 0x02, 0x00, 0x02, 0x40, 0x00, 0x00, 0x00, 0x00, 0x00, 0x00,
    0x0b, 0x01, 0x00, 0x00, 0x0c, 0x01, 0x00, 0x00, 0x01, 0x01, 0x00, 0x00,
    0x02, 0x01, 0x00, 0x00, 0x10, 0x40, 0x00, 0x00, 0x30, 0x08, 0x02, 0x00,
    0x21, 0x01, 0x00, 0x00, 0x20, 0x01, 0x00, 0x00, 0x20, 0x40, 0x00, 0x00,
    0x00, 0x11, 0x00, 0x00, 0x21, 0x40, 0x00, 0x00, 0x00, 0x01, 0x00, 0x00,
    0x22, 0x40, 0x00, 0x00, 0x80, 0x10, 0x00, 0x00, 0x2f, 0x01, 0x01, 0x00,
    0x02, 0x00, 0x00, 0x00, 0x00, 0x40, 0x00, 0x00, 0xf0, 0xa3, 0x02, 0x00,
    0x10, 0x40, 0x00, 0x00, 0xd0, 0x0b, 0x02, 0x00, 0x2f, 0x01, 0x03, 0x00,
    0x02, 0x00, 0x00, 0x00, 0x00, 0x40, 0x00, 0x00, 0x50, 0x54, 0x02, 0x00,
    0x02, 0x40, 0x00, 0x00, 0x30, 0x42, 0x02, 0x00, 0x01, 0x01, 0x01, 0x00,
    0x02, 0x01, 0x01, 0x00, 0x10, 0x40, 0x00, 0x00, 0x50, 0xa0, 0x02, 0x00,
    0x21, 0x01, 0x02, 0x00, 0x20, 0x01, 0x02, 0x00, 0x20, 0x40, 0x00, 0x00,
    0xd0, 0x0f, 0x00, 0x00, 0x21, 0x40, 0x00, 0x00, 0xb0, 0x00, 0x00, 0x00,
    0x22, 0x40, 0x00, 0x00, 0x50, 0x0f, 0x00, 0x00, 0x03, 0x00, 0x00, 0x00,
    0x00, 0x40, 0x00, 0x00, 0x50, 0x37, 0x02, 0x00, 0x02, 0x40, 0x00, 0x00,
    0x00, 0x00, 0x00, 0x00, 0x0b, 0x01, 0x02, 0x00, 0x0c, 0x01, 0x02, 0x00,
    0x01, 0x01, 0x02, 0x00, 0x02, 0x01, 0x02, 0x00, 0x10, 0x40, 0x00, 0x00,
    0xd0, 0x91, 0x02, 0x00, 0x20, 0x01, 0x04, 0x00, 0x20, 0x40, 0x00, 0x00,
    0x20, 0x0a, 0x00, 0x00, 0x21, 0x40, 0x00, 0x00, 0xe0, 0x00, 0x00, 0x00,
    0x22, 0x40, 0x00, 0x00, 0xa0, 0x09, 0x00, 0x00, 0x03, 0x00, 0x00, 0x00,
    0x00, 0x40, 0x00, 0x00, 0x30, 0xb1, 0x01, 0x00, 0x0b, 0x01, 0x04, 0x00,
    0x0c, 0x01, 0x04, 0x00, 0x01, 0x01, 0x01, 0x00, 0x02, 0x01, 0x01, 0x00,
    0x10, 0x40, 0x00, 0x00, 0x90, 0x8a, 0x02, 0x00, 0x21, 0x01, 0x04, 0x00,
    0x20, 0x01, 0x02, 0x00, 0x20, 0x40, 0x00, 0x00, 0x40, 0x07, 0x00, 0x00,
    0x22, 0x40, 0x00, 0x00, 0xc0, 0x06, 0x00, 0x00, 0x0d, 0x01, 0x12, 0x00,
    0x03, 0x00, 0x00, 0x00, 0x00, 0x40, 0x00, 0x00, 0xd0, 0xb4, 0x01, 0x00,
    0x10, 0x40, 0x00, 0x00, 0x30, 0x8e, 0x02, 0x00, 0x03, 0x00, 0x00, 0x00,
    0x00, 0x40, 0x00, 0x00, 0x90, 0x8a, 0x02, 0x00, 0x0b, 0x01, 0x00, 0x00,
    0x0c, 0x01, 0x00, 0x00, 0x01, 0x01, 0x00, 0x00, 0x02, 0x01, 0x00, 0x00,
    0x10, 0x40, 0x00, 0x00, 0x70, 0x2c, 0x02, 0x00, 0x21, 0x01, 0x00, 0x00,
    0x20, 0x01, 0x00, 0x00, 0x20, 0x40, 0x00, 0x00, 0xa0, 0x08, 0x00, 0x00,
    0x21, 0x40, 0x00, 0x00, 0x00, 0x01, 0x00, 0x00, 0x22, 0x40, 0x00, 0x00,
    0x20, 0x08, 0x00, 0x00, 0x0d, 0x01, 0x0a, 0x00, 0x2f, 0x01, 0x01, 0x00,
    0x02, 0x00, 0x00, 0x00, 0x00, 0x40, 0x00, 0x00, 0x30, 0x8e, 0x02, 0x00,
    0x10, 0x40, 0x00, 0x00, 0x10, 0x30, 0x02, 0x00, 0x2f, 0x01, 0x03, 0x00,
    0x02, 0x00, 0x00, 0x00, 0x00, 0x40, 0x00, 0x00, 0x90, 0x21, 0x02, 0x00,
    0x0b, 0x01, 0x02, 0x00, 0x0c, 0x01, 0x02, 0x00, 0x01, 0x01, 0x01, 0x00,
    0x02, 0x01, 0x01, 0x00, 0x10, 0x40, 0x00, 0x00, 0x50, 0x83, 0x02, 0x00,
    0x21, 0x01, 0x02, 0x00, 0x20, 0x01, 0x02, 0x00, 0x20, 0x40, 0x00, 0x00,
    0xa0, 0x04, 0x00, 0x00, 0x21, 0x40, 0x00, 0x00, 0xa0, 0x00, 0x00, 0x00,
    0x22, 0x40, 0x00, 0x00, 0x20, 0x04, 0x00, 0x00, 0x03, 0x00, 0x00, 0x00,
    0x00, 0x40, 0x00, 0x00, 0x30, 0x25, 0x02, 0x00, 0x02, 0x40, 0x00, 0x00,
    0xb0, 0x16, 0x02, 0x00, 0x0b, 0x01, 0x01, 0x00, 0x0c, 0x01, 0x01, 0x00,
    0x10, 0x40, 0x00, 0x00, 0xf0, 0x86, 0x02, 0x00, 0x03, 0x00, 0x00, 0x00,
    0x00, 0x40, 0x00, 0x00, 0x50, 0x83, 0x02, 0x00, 0x02, 0x40, 0x00, 0x00,
    0x00, 0x00, 0x00, 0x00, 0x0b, 0x01, 0x00, 0x00, 0x0c, 0x01, 0x00, 0x00,
    0x01, 0x01, 0x00, 0x00, 0x02, 0x01, 0x00, 0x00, 0x10, 0x40, 0x00, 0x00,
    0xf0, 0xc6, 0x01, 0x00, 0x21, 0x01, 0x00, 0x00, 0x20, 0x01, 0x00, 0x00,
    0x20, 0x40, 0x00, 0x00, 0xc0, 0x05, 0x00, 0x00, 0x21, 0x40, 0x00, 0x00,
    0x00, 0x01, 0x00, 0x00, 0x22, 0x40, 0x00, 0x00, 0x40, 0x05, 0x00, 0x00,
    0x2f, 0x01, 0x01, 0x00, 0x02, 0x00, 0x00, 0x00, 0x00, 0x40, 0x00, 0x00,
    0xf0, 0x86, 0x02, 0x00, 0x10, 0x40, 0x00, 0x00, 0x90, 0xca, 0x01, 0x00,
    0x2f, 0x01, 0x03, 0x00, 0x02, 0x00, 0x00, 0x00, 0x00, 0x40, 0x00, 0x00,
    0xd0, 0x28, 0x02, 0x00, 0x02, 0x40, 0x00, 0x00, 0xb0, 0x16, 0x02, 0x00,
    0x01, 0x01, 0x01, 0x00, 0x02, 0x01, 0x01, 0x00, 0x10, 0x40, 0x00, 0x00,
    0x50, 0x83, 0x02, 0x00, 0x21, 0x01, 0x02, 0x00, 0x20, 0x01, 0x02, 0x00,
    0x20, 0x40, 0x00, 0x00, 0xa0, 0x04, 0x00, 0x00, 0x21, 0x40, 0x00, 0x00,
    0xa0, 0x00, 0x00, 0x00, 0x22, 0x40, 0x00, 0x00, 0x20, 0x04, 0x00, 0x00,
    0x03, 0x00, 0x00, 0x00, 0x00, 0x40, 0x00, 0x00, 0x20, 0xfd, 0x00, 0x00,
    0x02, 0x40, 0x00, 0x00, 0x00, 0x00, 0x00, 0x00, 0x0b, 0x01, 0x01, 0x00,
    0x0c, 0x01, 0x01, 0x00, 0x0a, 0x01, 0x72, 0x00, 0x04, 0x01, 0x03, 0x00,
    0x05, 0x40, 0x00, 0x00, 0xcc, 0x01, 0x00, 0x00, 0x04, 0x40, 0x00, 0x00,
    0x04, 0x00, 0x00, 0x00, 0x06, 0x40, 0x00, 0x00, 0x01, 0x00, 0x00, 0x00,
    0x09, 0x01, 0x00, 0x00, 0x05, 0x01, 0x01, 0x00, 0x01, 0x01, 0x00, 0x00,
    0x02, 0x01, 0x00, 0x00, 0x10, 0x40, 0x00, 0x00, 0xb0, 0x6d, 0x02, 0x00,
    0x11, 0x01, 0x72, 0x00, 0x1a, 0x01, 0x72, 0x00, 0x13, 0x01, 0x03, 0x00,
    0x15, 0x40, 0x00, 0x00, 0x30, 0x07, 0x00, 0x00, 0x16, 0x40, 0x00, 0x00,
    0x30, 0x07, 0x00, 0x00, 0x18, 0x01, 0x00, 0x00, 0x14, 0x01, 0x41, 0x81,
    0x21, 0x01, 0x01, 0x00, 0x20, 0x01, 0x00, 0x00, 0x22, 0x01, 0x02, 0x00,
    0x15, 0x01, 0x15, 0x00, 0x17, 0x01, 0x07, 0x00, 0x05, 0x00, 0x01, 0x00,
    0x00, 0x40, 0x00, 0x00, 0xb8, 0x00, 0x01, 0x00, 0x10, 0x40, 0x00, 0x00,
    0xe0, 0x74, 0x02, 0x00, 0x05, 0x00, 0x01, 0x00, 0x00, 0x40, 0x00, 0x00,
    0xb0, 0x6d, 0x02, 0x00, 0x0b, 0x01, 0x00, 0x00, 0x0c, 0x01, 0x00, 0x00,
    0x05, 0x40, 0x00, 0x00, 0x30, 0x07, 0x00, 0x00, 0x04, 0x40, 0x00, 0x00,
    0x10, 0x00, 0x00, 0x00, 0x06, 0x40, 0x00, 0x00, 0x30, 0x07, 0x00, 0x00,
    0x05, 0x01, 0x41, 0x00, 0x01, 0x01, 0x01, 0x00, 0x02, 0x01, 0x01, 0x00,
    0x10, 0x40, 0x00, 0x00, 0x30, 0x94, 0x01, 0x00, 0x11, 0x01, 0x39, 0x00,
    0x1a, 0x01, 0x39, 0x00, 0x13, 0x01, 0x0b, 0x00, 0x15, 0x40, 0x00, 0x00,
    0xa0, 0x03, 0x00, 0x00, 0x16, 0x40, 0x00, 0x00, 0xa0, 0x03, 0x00, 0x00,
    0x18, 0x01, 0x80, 0xff, 0x14, 0x01, 0x41, 0x00, 0x21, 0x01, 0x00, 0x00,
    0x20, 0x01, 0x02, 0x00, 0x22, 0x01, 0x05, 0x00, 0x20, 0x40, 0x00, 0x00,
    0x80, 0x00, 0x00, 0x00, 0x21, 0x40, 0x00, 0x00, 0xe0, 0x00, 0x00, 0x00,
    0x22, 0x40, 0x00, 0x00, 0x00, 0x00, 0x00, 0x00, 0x15, 0x01, 0x39, 0x00,
    0x17, 0x01, 0x0f, 0x00, 0x2f, 0x01, 0x01, 0x00, 0x02, 0x00, 0x00, 0x00,
    0x00, 0x40, 0x00, 0x00, 0xe0, 0x74, 0x02, 0x00, 0x10, 0x40, 0x00, 0x00,
    0xd0, 0x97, 0x01, 0x00, 0x2f, 0x01, 0x03, 0x00, 0x02, 0x00, 0x00, 0x00,
    0x00, 0x40, 0x00, 0x00, 0x50, 0x04, 0x01, 0x00, 0x0b, 0x01, 0x01, 0x00,
    0x0c, 0x01, 0x01, 0x00, 0x05, 0x40, 0x00, 0x00, 0xcc, 0x01, 0x00, 0x00,
    0x04, 0x40, 0x00, 0x00, 0x04, 0x00, 0x00, 0x00, 0x06, 0x40, 0x00, 0x00,
    0x01, 0x00, 0x00, 0x00, 0x05, 0x01, 0x01, 0x00, 0x01, 0x01, 0x00, 0x00,
    0x02, 0x01, 0x00, 0x00, 0x10, 0x40, 0x00, 0x00, 0xb0, 0x6d, 0x02, 0x00,
    0x11, 0x01, 0x72, 0x00, 0x1a, 0x01, 0x72, 0x00, 0x13, 0x01, 0x03, 0x00,
    0x15, 0x40, 0x00, 0x00, 0x30, 0x07, 0x00, 0x00, 0x16, 0x40, 0x00, 0x00,
    0x30, 0x07, 0x00, 0x00, 0x18, 0x01, 0x00, 0x00, 0x14, 0x01, 0x41, 0x81,
    0x21, 0x01, 0x01, 0x00, 0x20, 0x01, 0x00, 0x00, 0x22, 0x01, 0x02, 0x00,
    0x15, 0x01, 0x15, 0x00, 0x17, 0x01, 0x07, 0x00, 0x05, 0x00, 0x01, 0x00,
    0x00, 0x40, 0x00, 0x00, 0xe8, 0x07, 0x01, 0x00, 0x10, 0x40, 0x00, 0x00,
    0xe0, 0x74, 0x02, 0x00, 0x05, 0x00, 0x01, 0x00, 0x00, 0x40, 0x00, 0x00,
    0xb0, 0x6d, 0x02, 0x00, 0x0b, 0x01, 0x00, 0x00, 0x0c, 0x01, 0x00, 0x00,
    0x05, 0x40, 0x00, 0x00, 0x30, 0x07, 0x00, 0x00, 0x04, 0x40, 0x00, 0x00,
    0x10, 0x00, 0x00, 0x00, 0x06, 0x40, 0x00, 0x00, 0x30, 0x07, 0x00, 0x00,
    0x05, 0x01, 0x41, 0x00, 0x01, 0x01, 0x01, 0x00, 0x02, 0x01, 0x01, 0x00,
    0x10, 0x40, 0x00, 0x00, 0x70, 0x9b, 0x01, 0x00, 0x11, 0x01, 0x39, 0x00,
    0x1a, 0x01, 0x39, 0x00, 0x13, 0x01, 0x0b, 0x00, 0x15, 0x40, 0x00, 0x00,
    0xa0, 0x03, 0x00, 0x00, 0x16, 0x40, 0x00, 0x00, 0xa0, 0x03, 0x00, 0x00,
    0x18, 0x01, 0x80, 0xff, 0x14, 0x01, 0x41, 0x00, 0x21, 0x01, 0x00, 0x00,
    0x20, 0x01, 0x02, 0x00, 0x22, 0x01, 0x05, 0x00, 0x15, 0x01, 0x39, 0x00,
    0x17, 0x01, 0x0f, 0x00, 0x2f, 0x01, 0x01, 0x00, 0x02, 0x00, 0x00, 0x00,
    0x00, 0x40, 0x00, 0x00, 0xe0, 0x74, 0x02, 0x00, 0x10, 0x40, 0x00, 0x00,
    0x10, 0x9f, 0x01, 0x00, 0x2f, 0x01, 0x03, 0x00, 0x02, 0x00, 0x00, 0x00,
    0x00, 0x40, 0x00, 0x00, 0x80, 0x0b, 0x01, 0x00, 0x0b, 0x01, 0x01, 0x00,
    0x0c, 0x01, 0x01, 0x00, 0x05, 0x40, 0x00, 0x00, 0xcc, 0x01, 0x00, 0x00,
    0x04, 0x40, 0x00, 0x00, 0x04, 0x00, 0x00, 0x00, 0x06, 0x40, 0x00, 0x00,
    0x01, 0x00, 0x00, 0x00, 0x05, 0x01, 0x01, 0x00, 0x01, 0x01, 0x00, 0x00,
    0x02, 0x01, 0x00, 0x00, 0x10, 0x40, 0x00, 0x00, 0xb0, 0x6d, 0x02, 0x00,
    0x11, 0x01, 0x72, 0x00, 0x1a, 0x01, 0x72, 0x00, 0x13, 0x01, 0x03, 0x00,
    0x15, 0x40, 0x00, 0x00, 0x30, 0x07, 0x00, 0x00, 0x16, 0x40, 0x00, 0x00,
    0x30, 0x07, 0x00, 0x00, 0x18, 0x01, 0x00, 0x00, 0x14, 0x01, 0x41, 0x81,
    0x21, 0x01, 0x01, 0x00, 0x20, 0x01, 0x00, 0x00, 0x22, 0x01, 0x02, 0x00,
    0x15, 0x01, 0x15, 0x00, 0x17, 0x01, 0x07, 0x00, 0x05, 0x00, 0x01, 0x00,
    0x00, 0x40, 0x00, 0x00, 0x18, 0x0f, 0x01, 0x00, 0x10, 0x40, 0x00, 0x00,
    0xe0, 0x74, 0x02, 0x00, 0x05, 0x00, 0x01, 0x00, 0x00, 0x40, 0x00, 0x00,
    0xb0, 0x6d, 0x02, 0x00, 0x0b, 0x01, 0x00, 0x00, 0x0c, 0x01, 0x00, 0x00,
    0x05, 0x40, 0x00, 0x00, 0x30, 0x07, 0x00, 0x00, 0x04, 0x40, 0x00, 0x00,
    0x10, 0x00, 0x00, 0x00, 0x06, 0x40, 0x00, 0x00, 0x30, 0x07, 0x00, 0x00,
    0x05, 0x01, 0x41, 0x00, 0x01, 0x01, 0x01, 0x00, 0x02, 0x01, 0x01, 0x00,
    0x10, 0x40, 0x00, 0x00, 0xb0, 0xa2, 0x01, 0x00, 0x11, 0x01, 0x39, 0x00,
    0x1a, 0x01, 0x39, 0x00, 0x13, 0x01, 0x0b, 0x00, 0x15, 0x40, 0x00, 0x00,
    0xa0, 0x03, 0x00, 0x00, 0x16, 0x40, 0x00, 0x00, 0xa0, 0x03, 0x00, 0x00,
    0x18, 0x01, 0x80, 0xff, 0x14, 0x01, 0x41, 0x00, 0x21, 0x01, 0x00, 0x00,
    0x20, 0x01, 0x02, 0x00, 0x22, 0x01, 0x05, 0x00, 0x15, 0x01, 0x39, 0x00,
    0x17, 0x01, 0x0f, 0x00, 0x2f, 0x01, 0x01, 0x00, 0x02, 0x00, 0x00, 0x00,
    0x00, 0x40, 0x00, 0x00, 0xe0, 0x74, 0x02, 0x00, 0x10, 0x40, 0x00, 0x00,
    0x50, 0xa6, 0x01, 0x00, 0x2f, 0x01, 0x03, 0x00, 0x02, 0x00, 0x00, 0x00,
    0x00, 0x40, 0x00, 0x00, 0xb0, 0x85, 0x01, 0x00, 0x0b, 0x01, 0x04, 0x00,
    0x0c, 0x01, 0x04, 0x00, 0x0a, 0x01, 0x39, 0x00, 0x04, 0x01, 0x0b, 0x00,
    0x05, 0x40, 0x00, 0x00, 0xa0, 0x03, 0x00, 0x00, 0x06, 0x40, 0x00, 0x00,
    0xa0, 0x03, 0x00, 0x00, 0x09, 0x01, 0x80, 0xff, 0x10, 0x40, 0x00, 0x00,
    0x10, 0x7c, 0x02, 0x00, 0x21, 0x01, 0x04, 0x00, 0x22, 0x01, 0x00, 0x00,
    0x20, 0x40, 0x00, 0x00, 0xe0, 0x01, 0x00, 0x00, 0x22, 0x40, 0x00, 0x00,
    0x60, 0x01, 0x00, 0x00, 0x0d, 0x01, 0x12, 0x00, 0x2f, 0x01, 0x01, 0x00,
    0x03, 0x00, 0x00, 0x00, 0x00, 0x40, 0x00, 0x00, 0x50, 0x89, 0x01, 0x00,
    0x10, 0x40, 0x00, 0x00, 0xb0, 0x7f, 0x02, 0x00, 0x2f, 0x01, 0x03, 0x00,
    0x03, 0x00, 0x00, 0x00, 0x00, 0x40, 0x00, 0x00, 0x10, 0x7c, 0x02, 0x00,
    0x0b, 0x01, 0x00, 0x00, 0x0c, 0x01, 0x00, 0x00, 0x01, 0x01, 0x00, 0x00,
    0x02, 0x01, 0x00, 0x00, 0x10, 0x40, 0x00, 0x00, 0xf0, 0x1d, 0x02, 0x00,
    0x21, 0x01, 0x00, 0x00, 0x20, 0x01, 0x00, 0x00, 0x20, 0x40, 0x00, 0x00,
    0x40, 0x03, 0x00, 0x00, 0x22, 0x40, 0x00, 0x00, 0xc0, 0x02, 0x00, 0x00,
    0x0d, 0x01, 0x0a, 0x00, 0x2f, 0x01, 0x01, 0x00, 0x02, 0x00, 0x00, 0x00,
    0x00, 0x40, 0x00, 0x00, 0xb0, 0x7f, 0x02, 0x00, 0x10, 0x40, 0x00, 0x00,
    0x90, 0x21, 0x02, 0x00, 0x2f, 0x01, 0x03, 0x00, 0x02, 0x00, 0x00, 0x00,
    0x00, 0x40, 0x00, 0x00, 0xf0, 0x8c, 0x01, 0x00, 0x0b, 0x01, 0x04, 0x00,
    0x0c, 0x01, 0x04, 0x00, 0x01, 0x01, 0x01, 0x00, 0x02, 0x01, 0x01, 0x00,
    0x10, 0x40, 0x00, 0x00, 0x10, 0x7c, 0x02, 0x00, 0x21, 0x01, 0x04, 0x00,
    0x20, 0x01, 0x02, 0x00, 0x20, 0x40, 0x00, 0x00, 0xe0, 0x01, 0x00, 0x00,
    0x22, 0x40, 0x00, 0x00, 0x60, 0x01, 0x00, 0x00, 0x0d, 0x01, 0x12, 0x00,
    0x03, 0x00, 0x00, 0x00, 0x00, 0x40, 0x00, 0x00, 0x90, 0x90, 0x01, 0x00,
    0x10, 0x40, 0x00, 0x00, 0xb0, 0x7f, 0x02, 0x00, 0x03, 0x00, 0x00, 0x00,
    0x00, 0x40, 0x00, 0x00, 0x10, 0x7c, 0x02, 0x00, 0x0b, 0x01, 0x00, 0x00,
    0x0c, 0x01, 0x00, 0x00, 0x01, 0x01, 0x00, 0x00, 0x02, 0x01, 0x00, 0x00,
    0x10, 0x40, 0x00, 0x00, 0x30, 0x25, 0x02, 0x00, 0x21, 0x01, 0x00, 0x00,
    0x20, 0x01, 0x00, 0x00, 0x20, 0x40, 0x00, 0x00, 0x40, 0x03, 0x00, 0x00,
    0x22, 0x40, 0x00, 0x00, 0xc0, 0x02, 0x00, 0x00, 0x0d, 0x01, 0x0a, 0x00,
    0x2f, 0x01, 0x01, 0x00, 0x02, 0x00, 0x00, 0x00, 0x00, 0x40, 0x00, 0x00,
    0xb0, 0x7f, 0x02, 0x00, 0x10, 0x40, 0x00, 0x00, 0xd0, 0x28, 0x02, 0x00,
    0x2f, 0x01, 0x03, 0x00, 0x02, 0x00, 0x00, 0x00, 0x00, 0x40, 0x00, 0x00,
    0xb0, 0x16, 0x02, 0x00, 0x0b, 0x01, 0x02, 0x00, 0x0c, 0x01, 0x02, 0x00,
    0x01, 0x01, 0x01, 0x00, 0x02, 0x01, 0x01, 0x00, 0x10, 0x40, 0x00, 0x00,
    0xf0, 0x86, 0x02, 0x00, 0x21, 0x01, 0x02, 0x00, 0x20, 0x01, 0x02, 0x00,
    0x20, 0x40, 0x00, 0x00, 0xa0, 0x04, 0x00, 0x00, 0x21, 0x40, 0x00, 0x00,
    0xa0, 0x00, 0x00, 0x00, 0x22, 0x40, 0x00, 0x00, 0x20, 0x04, 0x00, 0x00,
    0x2f, 0x01, 0x01, 0x00, 0x03, 0x00, 0x00, 0x00, 0x00, 0x40, 0x00, 0x00,
    0x50, 0x83, 0x02, 0x00, 0x0b, 0x01, 0x00, 0x00, 0x0c, 0x01, 0x00, 0x00,
    0x01, 0x01, 0x00, 0x00, 0x02, 0x01, 0x00, 0x00, 0x10, 0x40, 0x00, 0x00,
    0xf0, 0xa9, 0x01, 0x00, 0x21, 0x01, 0x00, 0x00, 0x20, 0x01, 0x00, 0x00,
    0x20, 0x40, 0x00, 0x00, 0xc0, 0x05, 0x00, 0x00, 0x21, 0x40, 0x00, 0x00,
    0x00, 0x01, 0x00, 0x00, 0x22, 0x40, 0x00, 0x00, 0x40, 0x05, 0x00, 0x00,
    0x02, 0x00, 0x00, 0x00, 0x00, 0x40, 0x00, 0x00, 0xf0, 0x86, 0x02, 0x00,
    0x10, 0x40, 0x00, 0x00, 0x90, 0xad, 0x01, 0x00, 0x2f, 0x01, 0x03, 0x00,
    0x02, 0x00, 0x00, 0x00, 0x00, 0x40, 0x00, 0x00, 0x50, 0x1a, 0x02, 0x00,
    0x0b, 0x01, 0x02, 0x00, 0x0c, 0x01, 0x02, 0x00, 0x01, 0x01, 0x01, 0x00,
    0x02, 0x01, 0x01, 0x00, 0x10, 0x40, 0x00, 0x00, 0x50, 0x83, 0x02, 0x00,
    0x21, 0x01, 0x02, 0x00, 0x20, 0x01, 0x02, 0x00, 0x20, 0x40, 0x00, 0x00,
    0xa0, 0x04, 0x00, 0x00, 0x21, 0x40, 0x00, 0x00, 0xa0, 0x00, 0x00, 0x00,
    0x22, 0x40, 0x00, 0x00, 0x20, 0x04, 0x00, 0x00, 0x03, 0x00, 0x00, 0x00,
    0x00, 0x40, 0x00, 0x00, 0xf0, 0x1d, 0x02, 0x00, 0x10, 0x40, 0x00, 0x00,
    0xf0, 0x86, 0x02, 0x00, 0x03, 0x00, 0x00, 0x00, 0x00, 0x40, 0x00, 0x00,
    0x50, 0x83, 0x02, 0x00, 0x0b, 0x01, 0x00, 0x00, 0x0c, 0x01, 0x00, 0x00,
    0x01, 0x01, 0x00, 0x00, 0x02, 0x01, 0x00, 0x00, 0x10, 0x40, 0x00, 0x00,
    0x30, 0xb1, 0x01, 0x00, 0x21, 0x01, 0x00, 0x00, 0x20, 0x01, 0x00, 0x00,
    0x20, 0x40, 0x00, 0x00, 0xc0, 0x05, 0x00, 0x00, 0x21, 0x40, 0x00, 0x00,
    0x00, 0x01, 0x00, 0x00, 0x22, 0x40, 0x00, 0x00, 0x40, 0x05, 0x00, 0x00,
    0x2f, 0x01, 0x01, 0x00, 0x02, 0x00, 0x00, 0x00, 0x00, 0x40, 0x00, 0x00,
    0xf0, 0x86, 0x02, 0x00, 0x10, 0x40, 0x00, 0x00, 0xd0, 0xb4, 0x01, 0x00,
    0x2f, 0x01, 0x03, 0x00, 0x02, 0x00, 0x00, 0x00, 0x00, 0x40, 0x00, 0x00,
    0x70, 0xb8, 0x01, 0x00, 0x0b, 0x01, 0x04, 0x00, 0x0c, 0x01, 0x04, 0x00,
    0x01, 0x01, 0x01, 0x00, 0x02, 0x01, 0x01, 0x00, 0x10, 0x40, 0x00, 0x00,
    0x90, 0x8a, 0x02, 0x00, 0x21, 0x01, 0x04, 0x00, 0x20, 0x01, 0x02, 0x00,
    0x20, 0x40, 0x00, 0x00, 0x40, 0x07, 0x00, 0x00, 0x21, 0x40, 0x00, 0x00,
    0xe0, 0x00, 0x00, 0x00, 0x22, 0x40, 0x00, 0x00, 0xc0, 0x06, 0x00, 0x00,
    0x0d, 0x01, 0x12, 0x00, 0x2f, 0x01, 0x01, 0x00, 0x03, 0x00, 0x00, 0x00,
    0x00, 0x40, 0x00, 0x00, 0x10, 0xbc, 0x01, 0x00, 0x10, 0x40, 0x00, 0x00,
    0x30, 0x8e, 0x02, 0x00, 0x2f, 0x01, 0x03, 0x00, 0x03, 0x00, 0x00, 0x00,
    0x00, 0x40, 0x00, 0x00, 0x90, 0x8a, 0x02, 0x00, 0x0b, 0x01, 0x00, 0x00,
    0x0c, 0x01, 0x00, 0x00, 0x01, 0x01, 0x00, 0x00, 0x02, 0x01, 0x00, 0x00,
    0x10, 0x40, 0x00, 0x00, 0xb0, 0x33, 0x02, 0x00, 0x21, 0x01, 0x00, 0x00,
    0x20, 0x01, 0x00, 0x00, 0x20, 0x40, 0x00, 0x00, 0xa0, 0x08, 0x00, 0x00,
    0x21, 0x40, 0x00, 0x00, 0x00, 0x01, 0x00, 0x00, 0x22, 0x40, 0x00, 0x00,
    0x20, 0x08, 0x00, 0x00, 0x0d, 0x01, 0x0a, 0x00, 0x2f, 0x01, 0x01, 0x00,
    0x02, 0x00, 0x00, 0x00, 0x00, 0x40, 0x00, 0x00, 0x30, 0x8e, 0x02, 0x00,
    0x10, 0x40, 0x00, 0x00, 0x50, 0x37, 0x02, 0x00, 0x2f, 0x01, 0x03, 0x00,
    0x02, 0x00, 0x00, 0x00, 0x00, 0x40, 0x00, 0x00, 0xf0, 0x3a, 0x02, 0x00,
    0x02, 0x40, 0x00, 0x00, 0x70, 0x2c, 0x02, 0x00, 0x0b, 0x01, 0x01, 0x00,
    0x0c, 0x01, 0x01, 0x00, 0x01, 0x01, 0x02, 0x00, 0x02, 0x01, 0x02, 0x00,
    0x10, 0x40, 0x00, 0x00, 0x70, 0x95, 0x02, 0x00, 0x21, 0x01, 0x02, 0x00,
    0x20, 0x01, 0x04, 0x00, 0x20, 0x40, 0x00, 0x00, 0x20, 0x0a, 0x00, 0x00,
    0x21, 0x40, 0x00, 0x00, 0xe0, 0x00, 0x00, 0x00, 0x22, 0x40, 0x00, 0x00,
    0xa0, 0x09, 0x00, 0x00, 0x2f, 0x01, 0x01, 0x00, 0x03, 0x00, 0x00, 0x00,
    0x00, 0x40, 0x00, 0x00, 0xd0, 0x91, 0x02, 0x00, 0x02, 0x40, 0x00, 0x00,
    0x00, 0x00, 0x00, 0x00, 0x0b, 0x01, 0x00, 0x00, 0x0c, 0x01, 0x00, 0x00,
    0x01, 0x01, 0x00, 0x00, 0x02, 0x01, 0x00, 0x00, 0x10, 0x40, 0x00, 0x00,
    0x70, 0xd5, 0x01, 0x00, 0x21, 0x01, 0x00, 0x00, 0x20, 0x01, 0x00, 0x00,
    0x20, 0x40, 0x00, 0x00, 0x80, 0x0b, 0x00, 0x00, 0x21, 0x40, 0x00, 0x00,
    0xf0, 0x00, 0x00, 0x00, 0x22, 0x40, 0x00, 0x00, 0x00, 0x0b, 0x00, 0x00,
    0x02, 0x00, 0x00, 0x00, 0x00, 0x40, 0x00, 0x00, 0x70, 0x95, 0x02, 0x00,
    0x10, 0x40, 0x00, 0x00, 0x10, 0xd9, 0x01, 0x00, 0x2f, 0x01, 0x03, 0x00,
    0x02, 0x00, 0x00, 0x00, 0x00, 0x40, 0x00, 0x00, 0x90, 0x3e, 0x02, 0x00,
    0x02, 0x40, 0x00, 0x00, 0x70, 0x2c, 0x02, 0x00, 0x01, 0x01, 0x02, 0x00,
    0x02, 0x01, 0x02, 0x00, 0x10, 0x40, 0x00, 0x00, 0xd0, 0x91, 0x02, 0x00,
    0x21, 0x01, 0x02, 0x00, 0x20, 0x01, 0x04, 0x00, 0x20, 0x40, 0x00, 0x00,
    0x20, 0x0a, 0x00, 0x00, 0x21, 0x40, 0x00, 0x00, 0xe0, 0x00, 0x00, 0x00,
    0x22, 0x40, 0x00, 0x00, 0xa0, 0x09, 0x00, 0x00, 0x03, 0x00, 0x00, 0x00,
    0x00, 0x40, 0x00, 0x00, 0x70, 0x2c, 0x02, 0x00, 0x02, 0x40, 0x00, 0x00,
    0x00, 0x00, 0x00, 0x00, 0x0b, 0x01, 0x02, 0x00, 0x0c, 0x01, 0x02, 0x00,
    0x10, 0x40, 0x00, 0x00, 0x70, 0x95, 0x02, 0x00, 0x03, 0x00, 0x00, 0x00,
    0x00, 0x40, 0x00, 0x00, 0xd0, 0x91, 0x02, 0x00, 0x0b, 0x01, 0x00, 0x00,
    0x0c, 0x01, 0x00, 0x00, 0x01, 0x01, 0x00, 0x00, 0x02, 0x01, 0x00, 0x00,
    0x10, 0x40, 0x00, 0x00, 0xb0, 0xdc, 0x01, 0x00, 0x21, 0x01, 0x00, 0x00,
    0x20, 0x01, 0x00, 0x00, 0x20, 0x40, 0x00, 0x00, 0x80, 0x0b, 0x00, 0x00,
    0x21, 0x40, 0x00, 0x00, 0xf0, 0x00, 0x00, 0x00, 0x22, 0x40, 0x00, 0x00,
    0x00, 0x0b, 0x00, 0x00, 0x2f, 0x01, 0x01, 0x00, 0x02, 0x00, 0x00, 0x00,
    0x00, 0x40, 0x00, 0x00, 0x70, 0x95, 0x02, 0x00, 0x10, 0x40, 0x00, 0x00,
    0x50, 0xe0, 0x01, 0x00, 0x2f, 0x01, 0x03, 0x00, 0x02, 0x00, 0x00, 0x00,
    0x00, 0x40, 0x00, 0x00, 0x10, 0x30, 0x02, 0x00, 0x0b, 0x01, 0x02, 0x00,
    0x0c, 0x01, 0x02, 0x00, 0x01, 0x01, 0x02, 0x00, 0x02, 0x01, 0x02, 0x00,
    0x10, 0x40, 0x00, 0x00, 0xd0, 0x91, 0x02, 0x00, 0x21, 0x01, 0x02, 0x00,
    0x20, 0x01, 0x04, 0x00, 0x20, 0x40, 0x00, 0x00, 0x20, 0x0a, 0x00, 0x00,
    0x21, 0x40, 0x00, 0x00, 0xe0, 0x00, 0x00, 0x00, 0x22, 0x40, 0x00, 0x00,
    0xa0, 0x09, 0x00, 0x00, 0x03, 0x00, 0x00, 0x00, 0x00, 0x40, 0x00, 0x00,
    0xb0, 0xbf, 0x01, 0x00, 0x02, 0x40, 0x00, 0x00, 0xf0, 0xa9, 0x01, 0x00,
    0x0b, 0x01, 0x03, 0x00, 0x0c, 0x01, 0x03, 0x00, 0x01, 0x01, 0x01, 0x00,
    0x02, 0x01, 0x01, 0x00, 0x10, 0x40, 0x00, 0x00, 0x90, 0x8a, 0x02, 0x00,
    0x21, 0x01, 0x04, 0x00, 0x20, 0x01, 0x02, 0x00, 0x20, 0x40, 0x00, 0x00,
    0x40, 0x07, 0x00, 0x00, 0x22, 0x40, 0x00, 0x00, 0xc0, 0x06, 0x00, 0x00,
    0x0d, 0x01, 0x12, 0x00, 0x03, 0x00, 0x00, 0x00, 0x00, 0x40, 0x00, 0x00,
    0x50, 0xc3, 0x01, 0x00, 0x0b, 0x01, 0x02, 0x00, 0x0c, 0x01, 0x02, 0x00,
    0x10, 0x40, 0x00, 0x00, 0x30, 0x8e, 0x02, 0x00, 0x03, 0x00, 0x00, 0x00,
    0x00, 0x40, 0x00, 0x00, 0x90, 0x8a, 0x02, 0x00, 0x02, 0x40, 0x00, 0x00,
    0x00, 0x00, 0x00, 0x00, 0x0b, 0x01, 0x00, 0x00, 0x0c, 0x01, 0x00, 0x00,
    0x01, 0x01, 0x00, 0x00, 0x02, 0x01, 0x00, 0x00, 0x10, 0x40, 0x00, 0x00,
    0xf0, 0x3a, 0x02, 0x00, 0x21, 0x01, 0x00, 0x00, 0x20, 0x01, 0x00, 0x00,
    0x20, 0x40, 0x00, 0x00, 0xa0, 0x08, 0x00, 0x00, 0x21, 0x40, 0x00, 0x00,
    0x00, 0x01, 0x00, 0x00, 0x22, 0x40, 0x00, 0x00, 0x20, 0x08, 0x00, 0x00,
    0x0d, 0x01, 0x0a, 0x00, 0x2f, 0x01, 0x01, 0x00, 0x02, 0x00, 0x00, 0x00,
    0x00, 0x40, 0x00, 0x00, 0x30, 0x8e, 0x02, 0x00, 0x10, 0x40, 0x00, 0x00,
    0x90, 0x3e, 0x02, 0x00, 0x2f, 0x01, 0x03, 0x00, 0x02, 0x00, 0x00, 0x00,
    0x00, 0x40, 0x00, 0x00, 0xf0, 0xc6, 0x01, 0x00, 0x02, 0x40, 0x00, 0x00,
    0xf0, 0xa9, 0x01, 0x00, 0x0b, 0x01, 0x01, 0x00, 0x0c, 0x01, 0x01, 0x00,
    0x01, 0x01, 0x01, 0x00, 0x02, 0x01, 0x01, 0x00, 0x10, 0x40, 0x00, 0x00,
    0x90, 0x8a, 0x02, 0x00, 0x21, 0x01, 0x04, 0x00, 0x20, 0x01, 0x02, 0x00,
    0x20, 0x40, 0x00, 0x00, 0x40, 0x07, 0x00, 0x00, 0x21, 0x40, 0x00, 0x00,
    0xe0, 0x00, 0x00, 0x00, 0x22, 0x40, 0x00, 0x00, 0xc0, 0x06, 0x00, 0x00,
    0x0d, 0x01, 0x12, 0x00, 0x03, 0x00, 0x00, 0x00, 0x00, 0x40, 0x00, 0x00,
    0x90, 0xca, 0x01, 0x00, 0x0b, 0x01, 0x00, 0x00, 0x0c, 0x01, 0x00, 0x00,
    0x10, 0x40, 0x00, 0x00, 0x30, 0x8e, 0x02, 0x00, 0x03, 0x00, 0x00, 0x00,
    0x00, 0x40, 0x00, 0x00, 0x90, 0x8a, 0x02, 0x00, 0x02, 0x40, 0x00, 0x00,
    0x00, 0x00, 0x00, 0x00, 0x01, 0x01, 0x00, 0x00, 0x02, 0x01, 0x00, 0x00,
    0x10, 0x40, 0x00, 0x00, 0x70, 0x2c, 0x02, 0x00, 0x21, 0x01, 0x00, 0x00,
    0x20, 0x01, 0x00, 0x00, 0x20, 0x40, 0x00, 0x00, 0xa0, 0x08, 0x00, 0x00,
    0x21, 0x40, 0x00, 0x00, 0x00, 0x01, 0x00, 0x00, 0x22, 0x40, 0x00, 0x00,
    0x20, 0x08, 0x00, 0x00, 0x0d, 0x01, 0x0a, 0x00, 0x2f, 0x01, 0x01, 0x00,
    0x02, 0x00, 0x00, 0x00, 0x00, 0x40, 0x00, 0x00, 0x30, 0x8e, 0x02, 0x00,
    0x10, 0x40, 0x00, 0x00, 0x10, 0x30, 0x02, 0x00, 0x2f, 0x01, 0x03, 0x00,
    0x02, 0x00, 0x00, 0x00, 0x00, 0x40, 0x00, 0x00, 0xb0, 0x33, 0x02, 0x00,
    0x0b, 0x01, 0x02, 0x00, 0x0c, 0x01, 0x02, 0x00, 0x01, 0x01, 0x02, 0x00,
    0x02, 0x01, 0x02, 0x00, 0x10, 0x40, 0x00, 0x00, 0x70, 0x95, 0x02, 0x00,
    0x21, 0x01, 0x02, 0x00, 0x20, 0x01, 0x04, 0x00, 0x20, 0x40, 0x00, 0x00,
    0x20, 0x0a, 0x00, 0x00, 0x21, 0x40, 0x00, 0x00, 0xe0, 0x00, 0x00, 0x00,
    0x22, 0x40, 0x00, 0x00, 0xa0, 0x09, 0x00, 0x00, 0x2f, 0x01, 0x01, 0x00,
    0x03, 0x00, 0x00, 0x00, 0x00, 0x40, 0x00, 0x00, 0xd0, 0x91, 0x02, 0x00,
    0x0b, 0x01, 0x00, 0x00, 0x0c, 0x01, 0x00, 0x00, 0x01, 0x01, 0x00, 0x00,
    0x02, 0x01, 0x00, 0x00, 0x10, 0x40, 0x00, 0x00, 0xf0, 0xe3, 0x01, 0x00,
    0x21, 0x01, 0x00, 0x00, 0x20, 0x01, 0x00, 0x00, 0x20, 0x40, 0x00, 0x00,
    0x80, 0x0b, 0x00, 0x00, 0x21, 0x40, 0x00, 0x00, 0xf0, 0x00, 0x00, 0x00,
    0x22, 0x40, 0x00, 0x00, 0x00, 0x0b, 0x00, 0x00, 0x02, 0x00, 0x00, 0x00,
    0x00, 0x40, 0x00, 0x00, 0x70, 0x95, 0x02, 0x00, 0x10, 0x40, 0x00, 0x00,
    0x90, 0xe7, 0x01, 0x00, 0x2f, 0x01, 0x03, 0x00, 0x02, 0x00, 0x00, 0x00,
    0x00, 0x40, 0x00, 0x00, 0x30, 0xeb, 0x01, 0x00, 0x02, 0x40, 0x00, 0x00,
    0x30, 0xce, 0x01, 0x00, 0x0b, 0x01, 0x01, 0x00, 0x0c, 0x01, 0x01, 0x00,
    0x01, 0x01, 0x01, 0x00, 0x02, 0x01, 0x01, 0x00, 0x10, 0x40, 0x00, 0x00,
    0x10, 0x99, 0x02, 0x00, 0x21, 0x01, 0x04, 0x00, 0x20, 0x01, 0x02, 0x00,
    0x20, 0x40, 0x00, 0x00, 0xf0, 0x0c, 0x00, 0x00, 0x21, 0x40, 0x00, 0x00,
    0xe0, 0x00, 0x00, 0x00, 0x22, 0x40, 0x00, 0x00, 0x70, 0x0c, 0x00, 0x00,
    0x0d, 0x01, 0x12, 0x00, 0x2f, 0x01, 0x01, 0x00, 0x03, 0x00, 0x00, 0x00,
    0x00, 0x40, 0x00, 0x00, 0xd0, 0xee, 0x01, 0x00, 0x0b, 0x01, 0x00, 0x00,
    0x0c, 0x01, 0x00, 0x00, 0x10, 0x40, 0x00, 0x00, 0xb0, 0x9c, 0x02, 0x00,
    0x2f, 0x01, 0x03, 0x00, 0x03, 0x00, 0x00, 0x00, 0x00, 0x40, 0x00, 0x00,
    0x10, 0x99, 0x02, 0x00, 0x02, 0x40, 0x00, 0x00, 0x00, 0x00, 0x00, 0x00,
    0x01, 0x01, 0x00, 0x00, 0x02, 0x01, 0x00, 0x00, 0x10, 0x40, 0x00, 0x00,
    0x70, 0x49, 0x02, 0x00, 0x21, 0x01, 0x00, 0x00, 0x20, 0x01, 0x00, 0x00,
    0x20, 0x40, 0x00, 0x00, 0x50, 0x0e, 0x00, 0x00, 0x21, 0x40, 0x00, 0x00,
    0x00, 0x01, 0x00, 0x00, 0x22, 0x40, 0x00, 0x00, 0xd0, 0x0d, 0x00, 0x00,
    0x0d, 0x01, 0x0a, 0x00, 0x2f, 0x01, 0x01, 0x00, 0x02, 0x00, 0x00, 0x00,
    0x00, 0x40, 0x00, 0x00, 0xb0, 0x9c, 0x02, 0x00, 0x10, 0x40, 0x00, 0x00,
    0x10, 0x4d, 0x02, 0x00, 0x2f, 0x01, 0x03, 0x00, 0x02, 0x00, 0x00, 0x00,
    0x00, 0x40, 0x00, 0x00, 0x30, 0xce, 0x01, 0x00, 0x0b, 0x01, 0x04, 0x00,
    0x0c, 0x01, 0x04, 0x00, 0x01, 0x01, 0x01, 0x00, 0x02, 0x01, 0x01, 0x00,
    0x10, 0x40, 0x00, 0x00, 0x10, 0x99, 0x02, 0x00, 0x21, 0x01, 0x04, 0x00,
    0x20, 0x01, 0x02, 0x00, 0x20, 0x40, 0x00, 0x00, 0xf0, 0x0c, 0x00, 0x00,
    0x21, 0x40, 0x00, 0x00, 0xe0, 0x00, 0x00, 0x00, 0x22, 0x40, 0x00, 0x00,
    0x70, 0x0c, 0x00, 0x00, 0x0d, 0x01, 0x12, 0x00, 0x03, 0x00, 0x00, 0x00,
    0x00, 0x40, 0x00, 0x00, 0xd0, 0xd1, 0x01, 0x00, 0x10, 0x40, 0x00, 0x00,
    0xb0, 0x9c, 0x02, 0x00, 0x03, 0x00, 0x00, 0x00, 0x00, 0x40, 0x00, 0x00,
    0x10, 0x99, 0x02, 0x00, 0x0b, 0x01, 0x00, 0x00, 0x0c, 0x01, 0x00, 0x00,
    0x01, 0x01, 0x00, 0x00, 0x02, 0x01, 0x00, 0x00, 0x10, 0x40, 0x00, 0x00,
    0xb0, 0x50, 0x02, 0x00, 0x21, 0x01, 0x00, 0x00, 0x20, 0x01, 0x00, 0x00,
    0x20, 0x40, 0x00, 0x00, 0x50, 0x0e, 0x00, 0x00, 0x21, 0x40, 0x00, 0x00,
    0x00, 0x01, 0x00, 0x00, 0x22, 0x40, 0x00, 0x00, 0xd0, 0x0d, 0x00, 0x00,
    0x0d, 0x01, 0x0a, 0x00, 0x2f, 0x01, 0x01, 0x00, 0x02, 0x00, 0x00, 0x00,
    0x00, 0x40, 0x00, 0x00, 0xb0, 0x9c, 0x02, 0x00, 0x10, 0x40, 0x00, 0x00,
    0x50, 0x54, 0x02, 0x00, 0x2f, 0x01, 0x03, 0x00, 0x02, 0x00, 0x00, 0x00,
    0x00, 0x40, 0x00, 0x00, 0x30, 0x42, 0x02, 0x00, 0x0b, 0x01, 0x02, 0x00,
    0x0c, 0x01, 0x02, 0x00, 0x01, 0x01, 0x01, 0x00, 0x02, 0x01, 0x01, 0x00,
    0x10, 0x40, 0x00, 0x00, 0xf0, 0xa3, 0x02, 0x00, 0x21, 0x01, 0x02, 0x00,
    0x20, 0x01, 0x02, 0x00, 0x20, 0x40, 0x00, 0x00, 0xd0, 0x0f, 0x00, 0x00,
    0x21, 0x40, 0x00, 0x00, 0xb0, 0x00, 0x00, 0x00, 0x22, 0x40, 0x00, 0x00,
    0x50, 0x0f, 0x00, 0x00, 0x2f, 0x01, 0x01, 0x00, 0x03, 0x00, 0x00, 0x00,
    0x00, 0x40, 0x00, 0x00, 0x50, 0xa0, 0x02, 0x00, 0x0b, 0x01, 0x00, 0x00,
    0x0c, 0x01, 0x00, 0x00, 0x01, 0x01, 0x00, 0x00, 0x02, 0x01, 0x00, 0x00,
    0x10, 0x40, 0x00, 0x00, 0x70, 0x0f, 0x02, 0x00, 0x21, 0x01, 0x00, 0x00,
    0x20, 0x01, 0x00, 0x00, 0x20, 0x40, 0x00, 0x00, 0x00, 0x11, 0x00, 0x00,
    0x21, 0x40, 0x00, 0x00, 0x00, 0x01, 0x00, 0x00, 0x22, 0x40, 0x00, 0x00,
    0x80, 0x10, 0x00, 0x00, 0x02, 0x00, 0x00, 0x00, 0x00, 0x40, 0x00, 0x00,
    0xf0, 0xa3, 0x02, 0x00, 0x10, 0x40, 0x00, 0x00, 0x10, 0x13, 0x02, 0x00,
    0x2f, 0x01, 0x03, 0x00, 0x02, 0x00, 0x00, 0x00, 0x00, 0x40, 0x00, 0x00,
    0xd0, 0x45, 0x02, 0x00, 0x0b, 0x01, 0x02, 0x00, 0x0c, 0x01, 0x02, 0x00,
    0x01, 0x01, 0x01, 0x00, 0x02, 0x01, 0x01, 0x00, 0x10, 0x40, 0x00, 0x00,
    0x50, 0xa0, 0x02, 0x00, 0x21, 0x01, 0x02, 0x00, 0x20, 0x01, 0x02, 0x00,
    0x20, 0x40, 0x00, 0x00, 0xd0, 0x0f, 0x00, 0x00, 0x21, 0x40, 0x00, 0x00,
    0xb0, 0x00, 0x00, 0x00, 0x22, 0x40, 0x00, 0x00, 0x50, 0x0f, 0x00, 0x00,
    0x03, 0x00, 0x00, 0x00, 0x00, 0x40, 0x00, 0x00, 0x70, 0x49, 0x02, 0x00,
    0x10, 0x40, 0x00, 0x00, 0xf0, 0xa3, 0x02, 0x00, 0x03, 0x00, 0x00, 0x00,
    0x00, 0x40, 0x00, 0x00, 0x50, 0xa0, 0x02, 0x00, 0x0b, 0x01, 0x00, 0x00,
    0x0c, 0x01, 0x00, 0x00, 0x01, 0x01, 0x00, 0x00, 0x02, 0x01, 0x00, 0x00,
    0x10, 0x40, 0x00, 0x00, 0x70, 0xf2, 0x01, 0x00, 0x21, 0x01, 0x00, 0x00,
    0x20, 0x01, 0x00, 0x00, 0x20, 0x40, 0x00, 0x00, 0x00, 0x11, 0x00, 0x00,
    0x21, 0x40, 0x00, 0x00, 0x00, 0x01, 0x00, 0x00, 0x22, 0x40, 0x00, 0x00,
    0x80, 0x10, 0x00, 0x00, 0x2f, 0x01, 0x01, 0x00, 0x02, 0x00, 0x00, 0x00,
    0x00, 0x40, 0x00, 0x00, 0xf0, 0xa3, 0x02, 0x00, 0x10, 0x40, 0x00, 0x00,
    0x10, 0xf6, 0x01, 0x00, 0x2f, 0x01, 0x03, 0x00, 0x02, 0x00, 0x00, 0x00,
    0x00, 0x40, 0x00, 0x00, 0xb0, 0xf9, 0x01, 0x00, 0x0b, 0x01, 0x04, 0x00,
    0x0c, 0x01, 0x04, 0x00, 0x01, 0x01, 0x01, 0x00, 0x02, 0x01, 0x01, 0x00,
    0x10, 0x40, 0x00, 0x00, 0x90, 0xa7, 0x02, 0x00, 0x21, 0x01, 0x04, 0x00,
    0x20, 0x01, 0x02, 0x00, 0x20, 0x40, 0x00, 0x00, 0x80, 0x12, 0x00, 0x00,
    0x21, 0x40, 0x00, 0x00, 0xe0, 0x00, 0x00, 0x00, 0x22, 0x40, 0x00, 0x00,
    0x00, 0x12, 0x00, 0x00, 0x0d, 0x01, 0x12, 0x00, 0x2f, 0x01, 0x01, 0x00,
    0x03, 0x00, 0x00, 0x00, 0x00, 0x40, 0x00, 0x00, 0x50, 0xfd, 0x01, 0x00,
    0x10, 0x40, 0x00, 0x00, 0x30, 0xab, 0x02, 0x00, 0x2f, 0x01, 0x03, 0x00,
    0x03, 0x00, 0x00, 0x00, 0x00, 0x40, 0x00, 0x00, 0x90, 0xa7, 0x02, 0x00,
    0x0b, 0x01, 0x00, 0x00, 0x0c, 0x01, 0x00, 0x00, 0x01, 0x01, 0x00, 0x00,
    0x02, 0x01, 0x00, 0x00, 0x10, 0x40, 0x00, 0x00, 0x30, 0x5f, 0x02, 0x00,
    0x21, 0x01, 0x00, 0x00, 0x20, 0x01, 0x00, 0x00, 0x20, 0x40, 0x00, 0x00,
    0xe0, 0x13, 0x00, 0x00, 0x21, 0x40, 0x00, 0x00, 0x00, 0x01, 0x00, 0x00,
    0x22, 0x40, 0x00, 0x00, 0x60, 0x13, 0x00, 0x00, 0x0d, 0x01, 0x0a, 0x00,
    0x2f, 0x01, 0x01, 0x00, 0x02, 0x00, 0x00, 0x00, 0x00, 0x40, 0x00, 0x00,
    0x30, 0xab, 0x02, 0x00, 0x10, 0x40, 0x00, 0x00, 0xd0, 0x62, 0x02, 0x00,
    0x2f, 0x01, 0x03, 0x00, 0x02, 0x00, 0x00, 0x00, 0x00, 0x40, 0x00, 0x00,
    0x70, 0x66, 0x02, 0x00, 0x02, 0x40, 0x00, 0x00, 0xf0, 0x57, 0x02, 0x00,
    0x0b, 0x01, 0x01, 0x00, 0x0c, 0x01, 0x01, 0x00, 0x01, 0x01, 0x02, 0x00,
    0x02, 0x01, 0x02, 0x00, 0x10, 0x40, 0x00, 0x00, 0x70, 0xb2, 0x02, 0x00,
    0x21, 0x01, 0x02, 0x00, 0x20, 0x01, 0x04, 0x00, 0x20, 0x40, 0x00, 0x00,
    0x60, 0x15, 0x00, 0x00, 0x21, 0x40, 0x00, 0x00, 0xe0, 0x00, 0x00, 0x00,
    0x22, 0x40, 0x00, 0x00, 0xe0, 0x14, 0x00, 0x00, 0x2f, 0x01, 0x01, 0x00,
    0x03, 0x00, 0x00, 0x00, 0x00, 0x40, 0x00, 0x00, 0xd0, 0xae, 0x02, 0x00,
    0x02, 0x40, 0x00, 0x00, 0x00, 0x00, 0x00, 0x00, 0x0b, 0x01, 0x00, 0x00,
    0x0c, 0x01, 0x00, 0x00, 0x01, 0x01, 0x00, 0x00, 0x02, 0x01, 0x00, 0x00,
    0x10, 0x40, 0x00, 0x00, 0x10, 0xb6, 0x02, 0x00, 0x21, 0x01, 0x00, 0x00,
    0x20, 0x01, 0x00, 0x00, 0x20, 0x40, 0x00, 0x00, 0xc0, 0x16, 0x00, 0x00,
    0x21, 0x40, 0x00, 0x00, 0xf0, 0x00, 0x00, 0x00, 0x22, 0x40, 0x00, 0x00,
    0x40, 0x16, 0x00, 0x00, 0x02, 0x00, 0x00, 0x00, 0x00, 0x40, 0x00, 0x00,
    0x70, 0xb2, 0x02, 0x00, 0x10, 0x40, 0x00, 0x00, 0xb0, 0xb9, 0x02, 0x00,
    0x2f, 0x01, 0x03, 0x00, 0x02, 0x00, 0x00, 0x00, 0x00, 0x40, 0x00, 0x00,
    0x10, 0xb6, 0x02, 0x00, 0x10, 0x40, 0x00, 0x00, 0x10, 0x09, 0x00, 0x00,
    0x13, 0x01, 0x00, 0x00, 0x15, 0x40, 0x00, 0x00, 0x3a, 0x00, 0x00, 0x00,
    0x14, 0x40, 0x00, 0x00, 0x01, 0x00, 0x00, 0x00, 0x16, 0x40, 0x00, 0x00,
    0x01, 0x00, 0x00, 0x00, 0x18, 0x01, 0x5a, 0x00, 0x14, 0x01, 0x01, 0x00,
    0x20, 0x40, 0x00, 0x00, 0xc0, 0x17, 0x00, 0x00, 0x21, 0x40, 0x00, 0x00,
    0x40, 0x00, 0x00, 0x00, 0x22, 0x40, 0x00, 0x00, 0xb0, 0x17, 0x00, 0x00,
    0x23, 0x40, 0x00, 0x00, 0x10, 0x00, 0x00, 0x00, 0x17, 0x01, 0x07, 0x00,
    0x2f, 0x01, 0x01, 0x00, 0x02, 0x00, 0x00, 0x00, 0x00, 0x40, 0x00, 0x00,
    0xb0, 0xb9, 0x02, 0x00, 0x10, 0x40, 0x00, 0x00, 0x4a, 0x09, 0x00, 0x00,
    0x2f, 0x01, 0x03, 0x00, 0x02, 0x00, 0x00, 0x00, 0x00, 0x40, 0x00, 0x00,
    0x10, 0x6a, 0x02, 0x00, 0x02, 0x40, 0x00, 0x00, 0xf0, 0x57, 0x02, 0x00,
    0x01, 0x01, 0x02, 0x00, 0x02, 0x01, 0x02, 0x00, 0x10, 0x40, 0x00, 0x00,
    0xd0, 0xae, 0x02, 0x00, 0x13, 0x01, 0x0b, 0x00, 0x15, 0x40, 0x00, 0x00,
    0xa0, 0x03, 0x00, 0x00, 0x14, 0x40, 0x00, 0x00, 0x10, 0x00, 0x00, 0x00,
    0x16, 0x40, 0x00, 0x00, 0xa0, 0x03, 0x00, 0x00, 0x18, 0x01, 0x80, 0xff,
    0x14, 0x01, 0x41, 0x00, 0x21, 0x01, 0x02, 0x00, 0x20, 0x01, 0x04, 0x00,
    0x20, 0x40, 0x00, 0x00, 0x60, 0x15, 0x00, 0x00, 0x21, 0x40, 0x00, 0x00,
    0xe0, 0x00, 0x00, 0x00, 0x22, 0x40, 0x00, 0x00, 0xe0, 0x14, 0x00, 0x00,
    0x23, 0x40, 0x00, 0x00, 0x80, 0x00, 0x00, 0x00, 0x17, 0x01, 0x0f, 0x00,
    0x03, 0x00, 0x00, 0x00, 0x00, 0x40, 0x00, 0x00, 0xf0, 0x57, 0x02, 0x00,
    0x02, 0x40, 0x00, 0x00, 0x00, 0x00, 0x00, 0x00, 0x0b, 0x01, 0x02, 0x00,
    0x0c, 0x01, 0x02, 0x00, 0x10, 0x40, 0x00, 0x00, 0x70, 0xb2, 0x02, 0x00,
    0x03, 0x00, 0x00, 0x00, 0x00, 0x40, 0x00, 0x00, 0xd0, 0xae, 0x02, 0x00,
    0x0b, 0x01, 0x00, 0x00, 0x0c, 0x01, 0x00, 0x00, 0x01, 0x01, 0x00, 0x00,
    0x02, 0x01, 0x00, 0x00, 0x10, 0x40, 0x00, 0x00, 0x10, 0xb6, 0x02, 0x00,
    0x21, 0x01, 0x00, 0x00, 0x20, 0x01, 0x00, 0x00, 0x20, 0x40, 0x00, 0x00,
    0xc0, 0x16, 0x00, 0x00, 0x21, 0x40, 0x00, 0x00, 0xf0, 0x00, 0x00, 0x00,
    0x22, 0x40, 0x00, 0x00, 0x40, 0x16, 0x00, 0x00, 0x2f, 0x01, 0x01, 0x00,
    0x02, 0x00, 0x00, 0x00, 0x00, 0x40, 0x00, 0x00, 0x70, 0xb2, 0x02, 0x00,
    0x10, 0x40, 0x00, 0x00, 0xb0, 0xb9, 0x02, 0x00, 0x2f, 0x01, 0x03, 0x00,
    0x02, 0x00, 0x00, 0x00, 0x00, 0x40, 0x00, 0x00, 0x10, 0xb6, 0x02, 0x00,
    0x10, 0x40, 0x00, 0x00, 0x84, 0x09, 0x00, 0x00, 0x13, 0x01, 0x00, 0x00,
    0x15, 0x40, 0x00, 0x00, 0x3a, 0x00, 0x00, 0x00, 0x14, 0x40, 0x00, 0x00,
    0x01, 0x00, 0x00, 0x00, 0x16, 0x40, 0x00, 0x00, 0x01, 0x00, 0x00, 0x00,
    0x18, 0x01, 0x5a, 0x00, 0x14, 0x01, 0x01, 0x00, 0x20, 0x40, 0x00, 0x00,
    0xc0, 0x17, 0x00, 0x00, 0x21, 0x40, 0x00, 0x00, 0x40, 0x00, 0x00, 0x00,
    0x22, 0x40, 0x00, 0x00, 0xb0, 0x17, 0x00, 0x00, 0x23, 0x40, 0x00, 0x00,
    0x10, 0x00, 0x00, 0x00, 0x17, 0x01, 0x07, 0x00, 0x2f, 0x01, 0x01, 0x00,
    0x02, 0x00, 0x00, 0x00, 0x00, 0x40, 0x00, 0x00, 0xb0, 0xb9, 0x02, 0x00,
    0x10, 0x40, 0x00, 0x00, 0xbe, 0x09, 0x00, 0x00, 0x2f, 0x01, 0x03, 0x00,
    0x02, 0x00, 0x00, 0x00, 0x00, 0x40, 0x00, 0x00, 0x90, 0x5b, 0x02, 0x00,
    0x0b, 0x01, 0x02, 0x00, 0x0c, 0x01, 0x02, 0x00, 0x01, 0x01, 0x02, 0x00,
    0x02, 0x01, 0x02, 0x00, 0x10, 0x40, 0x00, 0x00, 0xd0, 0xae, 0x02, 0x00,
    0x13, 0x01, 0x0b, 0x00, 0x15, 0x40, 0x00, 0x00, 0xa0, 0x03, 0x00, 0x00,
    0x14, 0x40, 0x00, 0x00, 0x10, 0x00, 0x00, 0x00, 0x16, 0x40, 0x00, 0x00,
    0xa0, 0x03, 0x00, 0x00, 0x18, 0x01, 0x80, 0xff, 0x14, 0x01, 0x41, 0x00,
    0x21, 0x01, 0x02, 0x00, 0x20, 0x01, 0x04, 0x00, 0x20, 0x40, 0x00, 0x00,
    0x60, 0x15, 0x00, 0x00, 0x21, 0x40, 0x00, 0x00, 0xe0, 0x00, 0x00, 0x00,
    0x22, 0x40, 0x00, 0x00, 0xe0, 0x14, 0x00, 0x00, 0x23, 0x40, 0x00, 0x00,
    0x80, 0x00, 0x00, 0x00, 0x17, 0x01, 0x0f, 0x00, 0x03, 0x00, 0x00, 0x00,
    0x00, 0x40, 0x00, 0x00, 0xf0, 0x00, 0x02, 0x00, 0x0b, 0x01, 0x04, 0x00,
    0x0c, 0x01, 0x04, 0x00, 0x01, 0x01, 0x01, 0x00, 0x02, 0x01, 0x01, 0x00,
    0x10, 0x40, 0x00, 0x00, 0x90, 0xa7, 0x02, 0x00, 0x21, 0x01, 0x04, 0x00,
    0x20, 0x01, 0x02, 0x00, 0x20, 0x40, 0x00, 0x00, 0x80, 0x12, 0x00, 0x00,
    0x22, 0x40, 0x00, 0x00, 0x00, 0x12, 0x00, 0x00, 0x0d, 0x01, 0x12, 0x00,
    0x03, 0x00, 0x00, 0x00, 0x00, 0x40, 0x00, 0x00, 0x90, 0x04, 0x02, 0x00,
    0x10, 0x40, 0x00, 0x00, 0x30, 0xab, 0x02, 0x00, 0x03, 0x00, 0x00, 0x00,
    0x00, 0x40, 0x00, 0x00, 0x90, 0xa7, 0x02, 0x00, 0x0b, 0x01, 0x00, 0x00,
    0x0c, 0x01, 0x00, 0x00, 0x01, 0x01, 0x00, 0x00, 0x02, 0x01, 0x00, 0x00,
    0x10, 0x40, 0x00, 0x00, 0x70, 0x66, 0x02, 0x00, 0x21, 0x01, 0x00, 0x00,
    0x20, 0x01, 0x00, 0x00, 0x20, 0x40, 0x00, 0x00, 0xe0, 0x13, 0x00, 0x00,
    0x21, 0x40, 0x00, 0x00, 0x00, 0x01, 0x00, 0x00, 0x22, 0x40, 0x00, 0x00,
    0x60, 0x13, 0x00, 0x00, 0x0d, 0x01, 0x0a, 0x00, 0x2f, 0x01, 0x01, 0x00,
    0x02, 0x00, 0x00, 0x00, 0x00, 0x40, 0x00, 0x00, 0x30, 0xab, 0x02, 0x00,
    0x10, 0x40, 0x00, 0x00, 0x10, 0x6a, 0x02, 0x00, 0x2f, 0x01, 0x03, 0x00,
    0x02, 0x00, 0x00, 0x00, 0x00, 0x40, 0x00, 0x00, 0x30, 0x08, 0x02, 0x00,
    0x02, 0x40, 0x00, 0x00, 0x70, 0xf2, 0x01, 0x00, 0x0b, 0x01, 0x03, 0x00,
    0x0c, 0x01, 0x03, 0x00, 0x01, 0x01, 0x01, 0x00, 0x02, 0x01, 0x01, 0x00,
    0x10, 0x40, 0x00, 0x00, 0x90, 0xa7, 0x02, 0x00, 0x21, 0x01, 0x04, 0x00,
    0x20, 0x01, 0x02, 0x00, 0x20, 0x40, 0x00, 0x00, 0x80, 0x12, 0x00, 0x00,
    0x21, 0x40, 0x00, 0x00, 0xe0, 0x00, 0x00, 0x00, 0x22, 0x40, 0x00, 0x00,
    0x00, 0x12, 0x00, 0x00, 0x0d, 0x01, 0x12, 0x00, 0x03, 0x00, 0x00, 0x00,
    0x00, 0x40, 0x00, 0x00, 0xd0, 0x0b, 0x02, 0x00, 0x0b, 0x01, 0x02, 0x00,
    0x0c, 0x01, 0x02, 0x00, 0x10, 0x40, 0x00, 0x00, 0x30, 0xab, 0x02, 0x00,
    0x03, 0x00, 0x00, 0x00, 0x00, 0x40, 0x00, 0x00, 0x90, 0xa7, 0x02, 0x00,
    0x02, 0x40, 0x00, 0x00, 0x00, 0x00, 0x00, 0x00, 0x0b, 0x01, 0x00, 0x00,
    0x0c, 0x01, 0x00, 0x00, 0x01, 0x01, 0x00, 0x00, 0x02, 0x01, 0x00, 0x00,
    0x10, 0x40, 0x00, 0x00, 0xf0, 0x57, 0x02, 0x00, 0x21, 0x01, 0x00, 0x00,
    0x20, 0x01, 0x00, 0x00, 0x20, 0x40, 0x00, 0x00, 0xe0, 0x13, 0x00, 0x00,
    0x21, 0x40, 0x00, 0x00, 0x00, 0x01, 0x00, 0x00, 0x22, 0x40, 0x00, 0x00,
    0x60, 0x13, 0x00, 0x00, 0x0d, 0x01, 0x0a, 0x00, 0x2f, 0x01, 0x01, 0x00,
    0x02, 0x00, 0x00, 0x00, 0x00, 0x40, 0x00, 0x00, 0x30, 0xab, 0x02, 0x00,
    0x10, 0x40, 0x00, 0x00, 0x90, 0x5b, 0x02, 0x00, 0x2f, 0x01, 0x03, 0x00,
    0x02, 0x00, 0x00, 0x00, 0x00, 0x40, 0x00, 0x00, 0x30, 0x5f, 0x02, 0x00,
    0x0b, 0x01, 0x02, 0x00, 0x0c, 0x01, 0x02, 0x00, 0x01, 0x01, 0x02, 0x00,
    0x02, 0x01, 0x02, 0x00, 0x10, 0x40, 0x00, 0x00, 0x70, 0xb2, 0x02, 0x00,
    0x21, 0x01, 0x02, 0x00, 0x20, 0x01, 0x04, 0x00, 0x20, 0x40, 0x00, 0x00,
    0x60, 0x15, 0x00, 0x00, 0x21, 0x40, 0x00, 0x00, 0xe0, 0x00, 0x00, 0x00,
    0x22, 0x40, 0x00, 0x00, 0xe0, 0x14, 0x00, 0x00, 0x2f, 0x01, 0x01, 0x00,
    0x03, 0x00, 0x00, 0x00, 0x00, 0x40, 0x00, 0x00, 0xd0, 0xae, 0x02, 0x00,
    0x0b, 0x01, 0x00, 0x00, 0x0c, 0x01, 0x00, 0x00, 0x01, 0x01, 0x00, 0x00,
    0x02, 0x01, 0x00, 0x00, 0x10, 0x40, 0x00, 0x00, 0x10, 0xb6, 0x02, 0x00,
    0x21, 0x01, 0x00, 0x00, 0x20, 0x01, 0x00, 0x00, 0x20, 0x40, 0x00, 0x00,
    0xc0, 0x16, 0x00, 0x00, 0x21, 0x40, 0x00, 0x00, 0xf0, 0x00, 0x00, 0x00,
    0x22, 0x40, 0x00, 0x00, 0x40, 0x16, 0x00, 0x00, 0x02, 0x00, 0x00, 0x00,
    0x00, 0x40, 0x00, 0x00, 0x70, 0xb2, 0x02, 0x00, 0x10, 0x40, 0x00, 0x00,
    0xb0, 0xb9, 0x02, 0x00, 0x2f, 0x01, 0x03, 0x00, 0x02, 0x00, 0x00, 0x00,
    0x00, 0x40, 0x00, 0x00, 0x10, 0xb6, 0x02, 0x00, 0x10, 0x40, 0x00, 0x00,
    0xf8, 0x09, 0x00, 0x00, 0x13, 0x01, 0x00, 0x00, 0x15, 0x40, 0x00, 0x00,
    0x3a, 0x00, 0x00, 0x00, 0x14, 0x40, 0x00, 0x00, 0x01, 0x00, 0x00, 0x00,
    0x16, 0x40, 0x00, 0x00, 0x01, 0x00, 0x00, 0x00, 0x18, 0x01, 0x5a, 0x00,
    0x14, 0x01, 0x01, 0x00, 0x20, 0x40, 0x00, 0x00, 0xc0, 0x17, 0x00, 0x00,
    0x21, 0x40, 0x00, 0x00, 0x40, 0x00, 0x00, 0x00, 0x22, 0x40, 0x00, 0x00,
    0xb0, 0x17, 0x00, 0x00, 0x23, 0x40, 0x00, 0x00, 0x10, 0x00, 0x00, 0x00,
    0x17, 0x01, 0x07, 0x00, 0x2f, 0x01, 0x01, 0x00, 0x02, 0x00, 0x00, 0x00,
    0x00, 0x40, 0x00, 0x00, 0xb0, 0xb9, 0x02, 0x00, 0x10, 0x40, 0x00, 0x00,
    0x32, 0x0a, 0x00, 0x00, 0x2f, 0x01, 0x03, 0x00, 0x02, 0x00, 0x00, 0x00,
    0x00, 0x40, 0x00, 0x00, 0xd0, 0x62, 0x02, 0x00, 0x0b, 0x01, 0x02, 0x00,
    0x0c, 0x01, 0x02, 0x00, 0x01, 0x01, 0x02, 0x00, 0x02, 0x01, 0x02, 0x00,
    0x10, 0x40, 0x00, 0x00, 0xd0, 0xae, 0x02, 0x00, 0x13, 0x01, 0x0b, 0x00,
    0x15, 0x40, 0x00, 0x00, 0xa0, 0x03, 0x00, 0x00, 0x14, 0x40, 0x00, 0x00,
    0x10, 0x00, 0x00, 0x00, 0x16, 0x40, 0x00, 0x00, 0xa0, 0x03, 0x00, 0x00,
    0x18, 0x01, 0x80, 0xff, 0x14, 0x01, 0x41, 0x00, 0x21, 0x01, 0x02, 0x00,
    0x20, 0x01, 0x04, 0x00, 0x20, 0x40, 0x00, 0x00, 0x60, 0x15, 0x00, 0x00,
    0x21, 0x40, 0x00, 0x00, 0xe0, 0x00, 0x00, 0x00, 0x22, 0x40, 0x00, 0x00,
    0xe0, 0x14, 0x00, 0x00, 0x23, 0x40, 0x00, 0x00, 0x80, 0x00, 0x00, 0x00,
    0x17, 0x01, 0x0f, 0x00, 0x03, 0x00, 0x00, 0x00, 0x00, 0x40, 0x00, 0x00,
    0x70, 0x66, 0x02, 0x00, 0x02, 0x40, 0x00, 0x00, 0xf0, 0x57, 0x02, 0x00,
    0x0b, 0x01, 0x01, 0x00, 0x0c, 0x01, 0x01, 0x00, 0x10, 0x40, 0x00, 0x00,
    0x70, 0xb2, 0x02, 0x00, 0x03, 0x00, 0x00, 0x00, 0x00, 0x40, 0x00, 0x00,
    0xd0, 0xae, 0x02, 0x00, 0x02, 0x40, 0x00, 0x00, 0x00, 0x00, 0x00, 0x00,
    0x0b, 0x01, 0x00, 0x00, 0x0c, 0x01, 0x00, 0x00, 0x01, 0x01, 0x00, 0x00,
    0x02, 0x01, 0x00, 0x00, 0x10, 0x40, 0x00, 0x00, 0x10, 0xb6, 0x02, 0x00,
    0x21, 0x01, 0x00, 0x00, 0x20, 0x01, 0x00, 0x00, 0x20, 0x40, 0x00, 0x00,
    0xc0, 0x16, 0x00, 0x00, 0x21, 0x40, 0x00, 0x00, 0xf0, 0x00, 0x00, 0x00,
    0x22, 0x40, 0x00, 0x00, 0x40, 0x16, 0x00, 0x00, 0x2f, 0x01, 0x01, 0x00,
    0x02, 0x00, 0x00, 0x00, 0x00, 0x40, 0x00, 0x00, 0x70, 0xb2, 0x02, 0x00,
    0x10, 0x40, 0x00, 0x00, 0xb0, 0xb9, 0x02, 0x00, 0x2f, 0x01, 0x03, 0x00,
    0x02, 0x00, 0x00, 0x00, 0x00, 0x40, 0x00, 0x00, 0x10, 0xb6, 0x02, 0x00,
    0x10, 0x40, 0x00, 0x00, 0x6c, 0x0a, 0x00, 0x00, 0x13, 0x01, 0x00, 0x00,
    0x15, 0x40, 0x00, 0x00, 0x3a, 0x00, 0x00, 0x00, 0x14, 0x40, 0x00, 0x00,
    0x01, 0x00, 0x00, 0x00, 0x16, 0x40, 0x00, 0x00, 0x01, 0x00, 0x00, 0x00,
    0x18, 0x01, 0x5a, 0x00, 0x14, 0x01, 0x01, 0x00, 0x20, 0x40, 0x00, 0x00,
    0xc0, 0x17, 0x00, 0x00, 0x21, 0x40, 0x00, 0x00, 0x40, 0x00, 0x00, 0x00,
    0x22, 0x40, 0x00, 0x00, 0xb0, 0x17, 0x00, 0x00, 0x23, 0x40, 0x00, 0x00,
    0x10, 0x00, 0x00, 0x00, 0x17, 0x01, 0x07, 0x00, 0x2f, 0x01, 0x01, 0x00,
    0x02, 0x00, 0x00, 0x00, 0x00, 0x40, 0x00, 0x00, 0xb0, 0xb9, 0x02, 0x00,
    0x10, 0x40, 0x00, 0x00, 0xa6, 0x0a, 0x00, 0x00, 0x2f, 0x01, 0x03, 0x00,
    0x02, 0x00, 0x00, 0x00, 0x00, 0x40, 0x00, 0x00, 0x10, 0x6a, 0x02, 0x00,
    0x02, 0x40, 0x00, 0x00, 0xf0, 0x57, 0x02, 0x00, 0x01, 0x01, 0x02, 0x00,
    0x02, 0x01, 0x02, 0x00, 0x10, 0x40, 0x00, 0x00, 0xd0, 0xae, 0x02, 0x00,
    0x13, 0x01, 0x0b, 0x00, 0x15, 0x40, 0x00, 0x00, 0xa0, 0x03, 0x00, 0x00,
    0x14, 0x40, 0x00, 0x00, 0x10, 0x00, 0x00, 0x00, 0x16, 0x40, 0x00, 0x00,
    0xa0, 0x03, 0x00, 0x00, 0x18, 0x01, 0x80, 0xff, 0x14, 0x01, 0x41, 0x00,
    0x21, 0x01, 0x02, 0x00, 0x20, 0x01, 0x04, 0x00, 0x20, 0x40, 0x00, 0x00,
    0x60, 0x15, 0x00, 0x00, 0x21, 0x40, 0x00, 0x00, 0xe0, 0x00, 0x00, 0x00,
    0x22, 0x40, 0x00, 0x00, 0xe0, 0x14, 0x00, 0x00, 0x23, 0x40, 0x00, 0x00,
    0x80, 0x00, 0x00, 0x00, 0x17, 0x01, 0x0f, 0x00, 0x03, 0x00, 0x00, 0x00,
    0x00, 0x40, 0x00, 0x00, 0x10, 0x4d, 0x02, 0x00, 0x02, 0x40, 0x00, 0x00,
    0x00, 0x00, 0x00, 0x00, 0x0b, 0x01, 0x02, 0x00, 0x0c, 0x01, 0x02, 0x00,
    0x01, 0x01, 0x01, 0x00, 0x02, 0x01, 0x01, 0x00, 0x10, 0x40, 0x00, 0x00,
    0x50, 0xa0, 0x02, 0x00, 0x20, 0x01, 0x02, 0x00, 0x20, 0x40, 0x00, 0x00,
    0xd0, 0x0f, 0x00, 0x00, 0x21, 0x40, 0x00, 0x00, 0xb0, 0x00, 0x00, 0x00,
    0x22, 0x40, 0x00, 0x00, 0x50, 0x0f, 0x00, 0x00, 0x03, 0x00, 0x00, 0x00,
    0x00, 0x40, 0x00, 0x00, 0x70, 0xd5, 0x01, 0x00, 0x0b, 0x01, 0x04, 0x00,
    0x0c, 0x01, 0x04, 0x00, 0x10, 0x40, 0x00, 0x00, 0x10, 0x99, 0x02, 0x00,
    0x21, 0x01, 0x04, 0x00, 0x20, 0x40, 0x00, 0x00, 0xf0, 0x0c, 0x00, 0x00,
    0x21, 0x40, 0x00, 0x00, 0xe0, 0x00, 0x00, 0x00, 0x22, 0x40, 0x00, 0x00,
    0x70, 0x0c, 0x00, 0x00, 0x0d, 0x01, 0x12, 0x00, 0x03, 0x00, 0x00, 0x00,
    0x00, 0x40, 0x00, 0x00, 0x10, 0xd9, 0x01, 0x00, 0x10, 0x40, 0x00, 0x00,
    0xb0, 0x9c, 0x02, 0x00, 0x03, 0x00, 0x00, 0x00, 0x00, 0x40, 0x00, 0x00,
    0x10, 0x99, 0x02, 0x00, 0x0b, 0x01, 0x00, 0x00, 0x0c, 0x01, 0x00, 0x00,
    0x01, 0x01, 0x00, 0x00, 0x02, 0x01, 0x00, 0x00, 0x10, 0x40, 0x00, 0x00,
    0x30, 0x42, 0x02, 0x00, 0x21, 0x01, 0x00, 0x00, 0x20, 0x01, 0x00, 0x00,
    0x20, 0x40, 0x00, 0x00, 0x50, 0x0e, 0x00, 0x00, 0x21, 0x40, 0x00, 0x00,
    0x00, 0x01, 0x00, 0x00, 0x22, 0x40, 0x00, 0x00, 0xd0, 0x0d, 0x00, 0x00,
    0x0d, 0x01, 0x0a, 0x00, 0x2f, 0x01, 0x01, 0x00, 0x02, 0x00, 0x00, 0x00,
    0x00, 0x40, 0x00, 0x00, 0xb0, 0x9c, 0x02, 0x00, 0x10, 0x40, 0x00, 0x00,
    0xd0, 0x45, 0x02, 0x00, 0x2f, 0x01, 0x03, 0x00, 0x02, 0x00, 0x00, 0x00,
    0x00, 0x40, 0x00, 0x00, 0x50, 0x37, 0x02, 0x00, 0x0b, 0x01, 0x02, 0x00,
    0x0c, 0x01, 0x02, 0x00, 0x01, 0x01, 0x02, 0x00, 0x02, 0x01, 0x02, 0x00,
    0x10, 0x40, 0x00, 0x00, 0xd0, 0x91, 0x02, 0x00, 0x21, 0x01, 0x02, 0x00,
    0x20, 0x01, 0x04, 0x00, 0x20, 0x40, 0x00, 0x00, 0x20, 0x0a, 0x00, 0x00,
    0x21, 0x40, 0x00, 0x00, 0xe0, 0x00, 0x00, 0x00, 0x22, 0x40, 0x00, 0x00,
    0xa0, 0x09, 0x00, 0x00, 0x03, 0x00, 0x00, 0x00, 0x00, 0x40, 0x00, 0x00,
    0xf0, 0x3a, 0x02, 0x00, 0x02, 0x40, 0x00, 0x00, 0x70, 0x2c, 0x02, 0x00,
    0x0b, 0x01, 0x01, 0x00, 0x0c, 0x01, 0x01, 0x00, 0x10, 0x40, 0x00, 0x00,
    0x70, 0x95, 0x02, 0x00, 0x03, 0x00, 0x00, 0x00, 0x00, 0x40, 0x00, 0x00,
    0xd0, 0x91, 0x02, 0x00, 0x02, 0x40, 0x00, 0x00, 0x00, 0x00, 0x00, 0x00,
    0x0b, 0x01, 0x00, 0x00, 0x0c, 0x01, 0x00, 0x00, 0x01, 0x01, 0x00, 0x00,
    0x02, 0x01, 0x00, 0x00, 0x10, 0x40, 0x00, 0x00, 0x30, 0xeb, 0x01, 0x00,
    0x21, 0x01, 0x00, 0x00, 0x20, 0x01, 0x00, 0x00, 0x20, 0x40, 0x00, 0x00,
    0x80, 0x0b, 0x00, 0x00, 0x21, 0x40, 0x00, 0x00, 0xf0, 0x00, 0x00, 0x00,
    0x22, 0x40, 0x00, 0x00, 0x00, 0x0b, 0x00, 0x00, 0x2f, 0x01, 0x01, 0x00,
    0x02, 0x00, 0x00, 0x00, 0x00, 0x40, 0x00, 0x00, 0x70, 0x95, 0x02, 0x00,
    0x10, 0x40, 0x00, 0x00, 0xd0, 0xee, 0x01, 0x00, 0x2f, 0x01, 0x03, 0x00,
    0x02, 0x00, 0x00, 0x00, 0x00, 0x40, 0x00, 0x00, 0x90, 0x3e, 0x02, 0x00,
    0x02, 0x40, 0x00, 0x00, 0x70, 0x2c, 0x02, 0x00, 0x01, 0x01, 0x02, 0x00,
    0x02, 0x01, 0x02, 0x00, 0x10, 0x40, 0x00, 0x00, 0xd0, 0x91, 0x02, 0x00,
    0x21, 0x01, 0x02, 0x00, 0x20, 0x01, 0x04, 0x00, 0x20, 0x40, 0x00, 0x00,
    0x20, 0x0a, 0x00, 0x00, 0x21, 0x40, 0x00, 0x00, 0xe0, 0x00, 0x00, 0x00,
    0x22, 0x40, 0x00, 0x00, 0xa0, 0x09, 0x00, 0x00, 0x03, 0x00, 0x00, 0x00,
    0x00, 0x40, 0x00, 0x00, 0x90, 0x21, 0x02, 0x00, 0x02, 0x40, 0x00, 0x00,
    0x00, 0x00, 0x00, 0x00, 0x0b, 0x01, 0x02, 0x00, 0x0c, 0x01, 0x02, 0x00,
    0x01, 0x01, 0x01, 0x00, 0x02, 0x01, 0x01, 0x00, 0x10, 0x40, 0x00, 0x00,
    0x50, 0x83, 0x02, 0x00, 0x20, 0x01, 0x02, 0x00, 0x20, 0x40, 0x00, 0x00,
    0xa0, 0x04, 0x00, 0x00, 0x21, 0x40, 0x00, 0x00, 0xa0, 0x00, 0x00, 0x00,
    0x22, 0x40, 0x00, 0x00, 0x20, 0x04, 0x00, 0x00, 0x03, 0x00, 0x00, 0x00,
    0x00, 0x40, 0x00, 0x00, 0x30, 0x94, 0x01, 0x00, 0x0b, 0x01, 0x04, 0x00,
    0x0c, 0x01, 0x04, 0x00, 0x10, 0x40, 0x00, 0x00, 0x10, 0x7c, 0x02, 0x00,
    0x21, 0x01, 0x04, 0x00, 0x20, 0x40, 0x00, 0x00, 0xe0, 0x01, 0x00, 0x00,
    0x21, 0x40, 0x00, 0x00, 0xe0, 0x00, 0x00, 0x00, 0x22, 0x40, 0x00, 0x00,
    0x60, 0x01, 0x00, 0x00, 0x0d, 0x01, 0x12, 0x00, 0x03, 0x00, 0x00, 0x00,
    0x00, 0x40, 0x00, 0x00, 0xd0, 0x97, 0x01, 0x00, 0x10, 0x40, 0x00, 0x00,
    0xb0, 0x7f, 0x02, 0x00, 0x03, 0x00, 0x00, 0x00, 0x00, 0x40, 0x00, 0x00,
    0x10, 0x7c, 0x02, 0x00, 0x0b, 0x01, 0x00, 0x00, 0x0c, 0x01, 0x00, 0x00,
    0x01, 0x01, 0x00, 0x00, 0x02, 0x01, 0x00, 0x00, 0x10, 0x40, 0x00, 0x00,
    0xb0, 0x16, 0x02, 0x00, 0x21, 0x01, 0x00, 0x00, 0x20, 0x01, 0x00, 0x00,
    0x20, 0x40, 0x00, 0x00, 0x40, 0x03, 0x00, 0x00, 0x22, 0x40, 0x00, 0x00,
    0xc0, 0x02, 0x00, 0x00, 0x0d, 0x01, 0x0a, 0x00, 0x2f, 0x01, 0x01, 0x00,
    0x02, 0x00, 0x00, 0x00, 0x00, 0x40, 0x00, 0x00, 0xb0, 0x7f, 0x02, 0x00,
    0x10, 0x40, 0x00, 0x00, 0x50, 0x1a, 0x02, 0x00, 0x2f, 0x01, 0x03, 0x00,
    0x02, 0x00, 0x00, 0x00, 0x00, 0x40, 0x00, 0x00, 0xb0, 0x12, 0x01, 0x00,
    0x0b, 0x01, 0x01, 0x00, 0x0c, 0x01, 0x01, 0x00, 0x0a, 0x01, 0x72, 0x00,
    0x04, 0x01, 0x03, 0x00, 0x05, 0x40, 0x00, 0x00, 0xcc, 0x01, 0x00, 0x00,
    0x04, 0x40, 0x00, 0x00, 0x04, 0x00, 0x00, 0x00, 0x06, 0x40, 0x00, 0x00,
    0x01, 0x00, 0x00, 0x00, 0x09, 0x01, 0x00, 0x00, 0x05, 0x01, 0x01, 0x00,
    0x10, 0x40, 0x00, 0x00, 0xb0, 0x6d, 0x02, 0x00, 0x11, 0x01, 0x72, 0x00,
    0x1a, 0x01, 0x72, 0x00, 0x13, 0x01, 0x03, 0x00, 0x15, 0x40, 0x00, 0x00,
    0x30, 0x07, 0x00, 0x00, 0x16, 0x40, 0x00, 0x00, 0x30, 0x07, 0x00, 0x00,
    0x18, 0x01, 0x00, 0x00, 0x14, 0x01, 0x41, 0x81, 0x21, 0x01, 0x01, 0x00,
    0x22, 0x01, 0x02, 0x00, 0x15, 0x01, 0x15, 0x00, 0x17, 0x01, 0x07, 0x00,
    0x05, 0x00, 0x01, 0x00, 0x00, 0x40, 0x00, 0x00, 0x48, 0x16, 0x01, 0x00,
    0x10, 0x40, 0x00, 0x00, 0xe0, 0x74, 0x02, 0x00, 0x05, 0x00, 0x01, 0x00,
    0x00, 0x40, 0x00, 0x00, 0xb0, 0x6d, 0x02, 0x00, 0x0b, 0x01, 0x00, 0x00,
    0x0c, 0x01, 0x00, 0x00, 0x05, 0x40, 0x00, 0x00, 0x30, 0x07, 0x00, 0x00,
    0x04, 0x40, 0x00, 0x00, 0x10, 0x00, 0x00, 0x00, 0x06, 0x40, 0x00, 0x00,
    0x30, 0x07, 0x00, 0x00, 0x05, 0x01, 0x41, 0x00, 0x01, 0x01, 0x01, 0x00,
    0x02, 0x01, 0x01, 0x00, 0x10, 0x40, 0x00, 0x00, 0xb0, 0x85, 0x01, 0x00,
    0x11, 0x01, 0x39, 0x00, 0x1a, 0x01, 0x39, 0x00, 0x13, 0x01, 0x0b, 0x00,
    0x15, 0x40, 0x00, 0x00, 0xa0, 0x03, 0x00, 0x00, 0x16, 0x40, 0x00, 0x00,
    0xa0, 0x03, 0x00, 0x00, 0x18, 0x01, 0x80, 0xff, 0x14, 0x01, 0x41, 0x00,
    0x21, 0x01, 0x00, 0x00, 0x20, 0x01, 0x02, 0x00, 0x22, 0x01, 0x05, 0x00,
    0x20, 0x40, 0x00, 0x00, 0x80, 0x00, 0x00, 0x00, 0x22, 0x40, 0x00, 0x00,
    0x00, 0x00, 0x00, 0x00, 0x15, 0x01, 0x39, 0x00, 0x17, 0x01, 0x0f, 0x00,
    0x2f, 0x01, 0x01, 0x00, 0x02, 0x00, 0x00, 0x00, 0x00, 0x40, 0x00, 0x00,
    0xe0, 0x74, 0x02, 0x00, 0x10, 0x40, 0x00, 0x00, 0x50, 0x89, 0x01, 0x00,
    0x2f, 0x01, 0x03, 0x00, 0x02, 0x00, 0x00, 0x00, 0x00, 0x40, 0x00, 0x00,
    0xe0, 0x19, 0x01, 0x00, 0x0b, 0x01, 0x01, 0x00, 0x0c, 0x01, 0x01, 0x00,
    0x05, 0x40, 0x00, 0x00, 0xcc, 0x01, 0x00, 0x00, 0x04, 0x40, 0x00, 0x00,
    0x04, 0x00, 0x00, 0x00, 0x06, 0x40, 0x00, 0x00, 0x01, 0x00, 0x00, 0x00,
    0x05, 0x01, 0x01, 0x00, 0x01, 0x01, 0x00, 0x00, 0x02, 0x01, 0x00, 0x00,
    0x10, 0x40, 0x00, 0x00, 0xb0, 0x6d, 0x02, 0x00, 0x11, 0x01, 0x72, 0x00,
    0x1a, 0x01, 0x72, 0x00, 0x13, 0x01, 0x03, 0x00, 0x15, 0x40, 0x00, 0x00,
    0x30, 0x07, 0x00, 0x00, 0x16, 0x40, 0x00, 0x00, 0x30, 0x07, 0x00, 0x00,
    0x18, 0x01, 0x00, 0x00, 0x14, 0x01, 0x41, 0x81, 0x21, 0x01, 0x01, 0x00,
    0x20, 0x01, 0x00, 0x00, 0x22, 0x01, 0x02, 0x00, 0x15, 0x01, 0x15, 0x00,
    0x17, 0x01, 0x07, 0x00, 0x05, 0x00, 0x01, 0x00, 0x00, 0x40, 0x00, 0x00,
    0x78, 0x1d, 0x01, 0x00, 0x10, 0x40, 0x00, 0x00, 0xe0, 0x74, 0x02, 0x00,
    0x05, 0x00, 0x01, 0x00, 0x00, 0x40, 0x00, 0x00, 0xb0, 0x6d, 0x02, 0x00,
    0x0b, 0x01, 0x00, 0x00, 0x0c, 0x01, 0x00, 0x00, 0x05, 0x40, 0x00, 0x00,
    0x30, 0x07, 0x00, 0x00, 0x04, 0x40, 0x00, 0x00, 0x10, 0x00, 0x00, 0x00,
    0x06, 0x40, 0x00, 0x00, 0x30, 0x07, 0x00, 0x00, 0x05, 0x01, 0x41, 0x00,
    0x01, 0x01, 0x01, 0x00, 0x02, 0x01, 0x01, 0x00, 0x10, 0x40, 0x00, 0x00,
    0xf0, 0x8c, 0x01, 0x00, 0x11, 0x01, 0x39, 0x00, 0x1a, 0x01, 0x39, 0x00,
    0x13, 0x01, 0x0b, 0x00, 0x15, 0x40, 0x00, 0x00, 0xa0, 0x03, 0x00, 0x00,
    0x16, 0x40, 0x00, 0x00, 0xa0, 0x03, 0x00, 0x00, 0x18, 0x01, 0x80, 0xff,
    0x14, 0x01, 0x41, 0x00, 0x21, 0x01, 0x00, 0x00, 0x20, 0x01, 0x02, 0x00,
    0x22, 0x01, 0x05, 0x00, 0x15, 0x01, 0x39, 0x00, 0x17, 0x01, 0x0f, 0x00,
    0x2f, 0x01, 0x01, 0x00, 0x02, 0x00, 0x00, 0x00, 0x00, 0x40, 0x00, 0x00,
    0xe0, 0x74, 0x02, 0x00, 0x10, 0x40, 0x00, 0x00, 0x90, 0x90, 0x01, 0x00,
    0x2f, 0x01, 0x03, 0x00, 0x02, 0x00, 0x00, 0x00, 0x00, 0x40, 0x00, 0x00,
    0x10, 0x21, 0x01, 0x00, 0x0b, 0x01, 0x01, 0x00, 0x0c, 0x01, 0x01, 0x00,
    0x05, 0x40, 0x00, 0x00, 0xcc, 0x01, 0x00, 0x00, 0x04, 0x40, 0x00, 0x00,
    0x04, 0x00, 0x00, 0x00, 0x06, 0x40, 0x00, 0x00, 0x01, 0x00, 0x00, 0x00,
    0x05, 0x01, 0x01, 0x00, 0x01, 0x01, 0x00, 0x00, 0x02, 0x01, 0x00, 0x00,
    0x10, 0x40, 0x00, 0x00, 0xb0, 0x6d, 0x02, 0x00, 0x11, 0x01, 0x72, 0x00,
    0x1a, 0x01, 0x72, 0x00, 0x13, 0x01, 0x03, 0x00, 0x15, 0x40, 0x00, 0x00,
    0x30, 0x07, 0x00, 0x00, 0x16, 0x40, 0x00, 0x00, 0x30, 0x07, 0x00, 0x00,
    0x18, 0x01, 0x00, 0x00, 0x14, 0x01, 0x41, 0x81, 0x21, 0x01, 0x01, 0x00,
    0x20, 0x01, 0x00, 0x00, 0x22, 0x01, 0x02, 0x00, 0x15, 0x01, 0x15, 0x00,
    0x17, 0x01, 0x07, 0x00, 0x05, 0x00, 0x01, 0x00, 0x00, 0x40, 0x00, 0x00,
    0xa8, 0x24, 0x01, 0x00, 0x10, 0x40, 0x00, 0x00, 0xe0, 0x74, 0x02, 0x00,
    0x05, 0x00, 0x01, 0x00, 0x00, 0x40, 0x00, 0x00, 0xb0, 0x6d, 0x02, 0x00,
    0x0b, 0x01, 0x00, 0x00, 0x0c, 0x01, 0x00, 0x00, 0x05, 0x40, 0x00, 0x00,
    0x30, 0x07, 0x00, 0x00, 0x04, 0x40, 0x00, 0x00, 0x10, 0x00, 0x00, 0x00,
    0x06, 0x40, 0x00, 0x00, 0x30, 0x07, 0x00, 0x00, 0x05, 0x01, 0x41, 0x00,
    0x01, 0x01, 0x01, 0x00, 0x02, 0x01, 0x01, 0x00, 0x10, 0x40, 0x00, 0x00,
    0x30, 0x94, 0x01, 0x00, 0x11, 0x01, 0x39, 0x00, 0x1a, 0x01, 0x39, 0x00,
    0x13, 0x01, 0x0b, 0x00, 0x15, 0x40, 0x00, 0x00, 0xa0, 0x03, 0x00, 0x00,
    0x16, 0x40, 0x00, 0x00, 0xa0, 0x03, 0x00, 0x00, 0x18, 0x01, 0x80, 0xff,
    0x14, 0x01, 0x41, 0x00, 0x21, 0x01, 0x00, 0x00, 0x20, 0x01, 0x02, 0x00,
    0x22, 0x01, 0x05, 0x00, 0x15, 0x01, 0x39, 0x00, 0x17, 0x01, 0x0f, 0x00,
    0x2f, 0x01, 0x01, 0x00, 0x02, 0x00, 0x00, 0x00, 0x00, 0x40, 0x00, 0x00,
    0xe0, 0x74, 0x02, 0x00, 0x10, 0x40, 0x00, 0x00, 0xd0, 0x97, 0x01, 0x00,
    0x2f, 0x01, 0x03, 0x00, 0x02, 0x00, 0x00, 0x00, 0x00, 0x40, 0x00, 0x00,
    0x70, 0x9b, 0x01, 0x00, 0x02, 0x40, 0x00, 0x00, 0xb0, 0x85, 0x01, 0x00,
    0x0b, 0x01, 0x03, 0x00, 0x0c, 0x01, 0x03, 0x00, 0x0a, 0x01, 0x39, 0x00,
    0x04, 0x01, 0x0b, 0x00, 0x05, 0x40, 0x00, 0x00, 0xa0, 0x03, 0x00, 0x00,
    0x06, 0x40, 0x00, 0x00, 0xa0, 0x03, 0x00, 0x00, 0x09, 0x01, 0x80, 0xff,
    0x10, 0x40, 0x00, 0x00, 0x10, 0x7c, 0x02, 0x00, 0x21, 0x01, 0x04, 0x00,
    0x22, 0x01, 0x00, 0x00, 0x20, 0x40, 0x00, 0x00, 0xe0, 0x01, 0x00, 0x00,
    0x22, 0x40, 0x00, 0x00, 0x60, 0x01, 0x00, 0x00, 0x0d, 0x01, 0x12, 0x00,
    0x2f, 0x01, 0x01, 0x00, 0x03, 0x00, 0x00, 0x00, 0x00, 0x40, 0x00, 0x00,
    0x10, 0x9f, 0x01, 0x00, 0x0b, 0x01, 0x02, 0x00, 0x0c, 0x01, 0x02, 0x00,
    0x10, 0x40, 0x00, 0x00, 0xb0, 0x7f, 0x02, 0x00, 0x2f, 0x01, 0x03, 0x00,
    0x03, 0x00, 0x00, 0x00, 0x00, 0x40, 0x00, 0x00, 0x10, 0x7c, 0x02, 0x00,
    0x02, 0x40, 0x00, 0x00, 0x00, 0x00, 0x00, 0x00, 0x0b, 0x01, 0x00, 0x00,
    0x0c, 0x01, 0x00, 0x00, 0x01, 0x01, 0x00, 0x00, 0x02, 0x01, 0x00, 0x00,
    0x10, 0x40, 0x00, 0x00, 0xf0, 0x1d, 0x02, 0x00, 0x21, 0x01, 0x00, 0x00,
    0x20, 0x01, 0x00, 0x00, 0x20, 0x40, 0x00, 0x00, 0x40, 0x03, 0x00, 0x00,
    0x22, 0x40, 0x00, 0x00, 0xc0, 0x02, 0x00, 0x00, 0x0d, 0x01, 0x0a, 0x00,
    0x2f, 0x01, 0x01, 0x00, 0x02, 0x00, 0x00, 0x00, 0x00, 0x40, 0x00, 0x00,
    0xb0, 0x7f, 0x02, 0x00, 0x10, 0x40, 0x00, 0x00, 0x90, 0x21, 0x02, 0x00,
    0x2f, 0x01, 0x03, 0x00, 0x02, 0x00, 0x00, 0x00, 0x00, 0x40, 0x00, 0x00,
    0x30, 0x25, 0x02, 0x00, 0x02, 0x40, 0x00, 0x00, 0xb0, 0x16, 0x02, 0x00,
    0x0b, 0x01, 0x01, 0x00, 0x0c, 0x01, 0x01, 0x00, 0x01, 0x01, 0x01, 0x00,
    0x02, 0x01, 0x01, 0x00, 0x10, 0x40, 0x00, 0x00, 0xf0, 0x86, 0x02, 0x00,
    0x21, 0x01, 0x02, 0x00, 0x20, 0x01, 0x02, 0x00, 0x20, 0x40, 0x00, 0x00,
    0xa0, 0x04, 0x00, 0x00, 0x21, 0x40, 0x00, 0x00, 0xa0, 0x00, 0x00, 0x00,
    0x22, 0x40, 0x00, 0x00, 0x20, 0x04, 0x00, 0x00, 0x2f, 0x01, 0x01, 0x00,
    0x03, 0x00, 0x00, 0x00, 0x00, 0x40, 0x00, 0x00, 0x50, 0x83, 0x02, 0x00,
    0x02, 0x40, 0x00, 0x00, 0x00, 0x00, 0x00, 0x00, 0x0b, 0x01, 0x00, 0x00,
    0x0c, 0x01, 0x00, 0x00, 0x01, 0x01, 0x00, 0x00, 0x02, 0x01, 0x00, 0x00,
    0x10, 0x40, 0x00, 0x00, 0x70, 0xb8, 0x01, 0x00, 0x21, 0x01, 0x00, 0x00,
    0x20, 0x01, 0x00, 0x00, 0x20, 0x40, 0x00, 0x00, 0xc0, 0x05, 0x00, 0x00,
    0x21, 0x40, 0x00, 0x00, 0x00, 0x01, 0x00, 0x00, 0x22, 0x40, 0x00, 0x00,
    0x40, 0x05, 0x00, 0x00, 0x02, 0x00, 0x00, 0x00, 0x00, 0x40, 0x00, 0x00,
    0xf0, 0x86, 0x02, 0x00, 0x10, 0x40, 0x00, 0x00, 0x10, 0xbc, 0x01, 0x00,
    0x2f, 0x01, 0x03, 0x00, 0x02, 0x00, 0x00, 0x00, 0x00, 0x40, 0x00, 0x00,
    0xd0, 0x28, 0x02, 0x00, 0x02, 0x40, 0x00, 0x00, 0xb0, 0x16, 0x02, 0x00,
    0x01, 0x01, 0x01, 0x00, 0x02, 0x01, 0x01, 0x00, 0x10, 0x40, 0x00, 0x00,
    0x50, 0x83, 0x02, 0x00, 0x21, 0x01, 0x02, 0x00, 0x20, 0x01, 0x02, 0x00,
    0x20, 0x40, 0x00, 0x00, 0xa0, 0x04, 0x00, 0x00, 0x21, 0x40, 0x00, 0x00,
    0xa0, 0x00, 0x00, 0x00, 0x22, 0x40, 0x00, 0x00, 0x20, 0x04, 0x00, 0x00,
    0x03, 0x00, 0x00, 0x00, 0x00, 0x40, 0x00, 0x00, 0xb0, 0x16, 0x02, 0x00,
    0x02, 0x40, 0x00, 0x00, 0x00, 0x00, 0x00, 0x00, 0x0b, 0x01, 0x02, 0x00,
    0x0c, 0x01, 0x02, 0x00, 0x10, 0x40, 0x00, 0x00, 0xf0, 0x86, 0x02, 0x00,
    0x03, 0x00, 0x00, 0x00, 0x00, 0x40, 0x00, 0x00, 0x50, 0x83, 0x02, 0x00,
    0x0b, 0x01, 0x00, 0x00, 0x0c, 0x01, 0x00, 0x00, 0x01, 0x01, 0x00, 0x00,
    0x02, 0x01, 0x00, 0x00, 0x10, 0x40, 0x00, 0x00, 0xb0, 0xbf, 0x01, 0x00,
    0x21, 0x01, 0x00, 0x00, 0x20, 0x01, 0x00, 0x00, 0x20, 0x40, 0x00, 0x00,
    0xc0, 0x05, 0x00, 0x00, 0x21, 0x40, 0x00, 0x00, 0x00, 0x01, 0x00, 0x00,
    0x22, 0x40, 0x00, 0x00, 0x40, 0x05, 0x00, 0x00, 0x2f, 0x01, 0x01, 0x00,
    0x02, 0x00, 0x00, 0x00, 0x00, 0x40, 0x00, 0x00, 0xf0, 0x86, 0x02, 0x00,
    0x10, 0x40, 0x00, 0x00, 0x50, 0xc3, 0x01, 0x00, 0x2f, 0x01, 0x03, 0x00,
    0x02, 0x00, 0x00, 0x00, 0x00, 0x40, 0x00, 0x00, 0x50, 0x1a, 0x02, 0x00,
    0x0b, 0x01, 0x02, 0x00, 0x0c, 0x01, 0x02, 0x00, 0x01, 0x01, 0x01, 0x00,
    0x02, 0x01, 0x01, 0x00, 0x10, 0x40, 0x00, 0x00, 0x50, 0x83, 0x02, 0x00,
    0x21, 0x01, 0x02, 0x00, 0x20, 0x01, 0x02, 0x00, 0x20, 0x40, 0x00, 0x00,
    0xa0, 0x04, 0x00, 0x00, 0x21, 0x40, 0x00, 0x00, 0xa0, 0x00, 0x00, 0x00,
    0x22, 0x40, 0x00, 0x00, 0x20, 0x04, 0x00, 0x00, 0x03, 0x00, 0x00, 0x00,
    0x00, 0x40, 0x00, 0x00, 0xb0, 0xa2, 0x01, 0x00, 0x02, 0x40, 0x00, 0x00,
    0xb0, 0x85, 0x01, 0x00, 0x0b, 0x01, 0x01, 0x00, 0x0c, 0x01, 0x01, 0x00,
    0x10, 0x40, 0x00, 0x00, 0x10, 0x7c, 0x02, 0x00, 0x21, 0x01, 0x04, 0x00,
    0x20, 0x40, 0x00, 0x00, 0xe0, 0x01, 0x00, 0x00, 0x21, 0x40, 0x00, 0x00,
    0xe0, 0x00, 0x00, 0x00, 0x22, 0x40, 0x00, 0x00, 0x60, 0x01, 0x00, 0x00,
    0x0d, 0x01, 0x12, 0x00, 0x03, 0x00, 0x00, 0x00, 0x00, 0x40, 0x00, 0x00,
    0x50, 0xa6, 0x01, 0x00, 0x0b, 0x01, 0x00, 0x00, 0x0c, 0x01, 0x00, 0x00,
    0x10, 0x40, 0x00, 0x00, 0xb0, 0x7f, 0x02, 0x00, 0x03, 0x00, 0x00, 0x00,
    0x00, 0x40, 0x00, 0x00, 0x10, 0x7c, 0x02, 0x00, 0x02, 0x40, 0x00, 0x00,
    0x00, 0x00, 0x00, 0x00, 0x01, 0x01, 0x00, 0x00, 0x02, 0x01, 0x00, 0x00,
    0x10, 0x40, 0x00, 0x00, 0x30, 0x25, 0x02, 0x00, 0x21, 0x01, 0x00, 0x00,
    0x20, 0x01, 0x00, 0x00, 0x20, 0x40, 0x00, 0x00, 0x40, 0x03, 0x00, 0x00,
    0x22, 0x40, 0x00, 0x00, 0xc0, 0x02, 0x00, 0x00, 0x0d, 0x01, 0x0a, 0x00,
    0x2f, 0x01, 0x01, 0x00, 0x02, 0x00, 0x00, 0x00, 0x00, 0x40, 0x00, 0x00,
    0xb0, 0x7f, 0x02, 0x00, 0x10, 0x40, 0x00, 0x00, 0xd0, 0x28, 0x02, 0x00,
    0x2f, 0x01, 0x03, 0x00, 0x02, 0x00, 0x00, 0x00, 0x00, 0x40, 0x00, 0x00,
    0xb0, 0x85, 0x01, 0x00, 0x0b, 0x01, 0x04, 0x00, 0x0c, 0x01, 0x04, 0x00,
    0x01, 0x01, 0x01, 0x00, 0x02, 0x01, 0x01, 0x00, 0x10, 0x40, 0x00, 0x00,
    0x10, 0x7c, 0x02, 0x00, 0x21, 0x01, 0x04, 0x00, 0x20, 0x01, 0x02, 0x00,
    0x20, 0x40, 0x00, 0x00, 0xe0, 0x01, 0x00, 0x00, 0x22, 0x40, 0x00, 0x00,
    0x60, 0x01, 0x00, 0x00, 0x0d, 0x01, 0x12, 0x00, 0x03, 0x00, 0x00, 0x00,
    0x00, 0x40, 0x00, 0x00, 0x50, 0x89, 0x01, 0x00, 0x10, 0x40, 0x00, 0x00,
    0xb0, 0x7f, 0x02, 0x00, 0x03, 0x00, 0x00, 0x00, 0x00, 0x40, 0x00, 0x00,
    0x10, 0x7c, 0x02, 0x00, 0x0b, 0x01, 0x00, 0x00, 0x0c, 0x01, 0x00, 0x00,
    0x01, 0x01, 0x00, 0x00, 0x02, 0x01, 0x00, 0x00, 0x10, 0x40, 0x00, 0x00,
    0xb0, 0x16, 0x02, 0x00, 0x21, 0x01, 0x00, 0x00, 0x20, 0x01, 0x00, 0x00,
    0x20, 0x40, 0x00, 0x00, 0x40, 0x03, 0x00, 0x00, 0x22, 0x40, 0x00, 0x00,
    0xc0, 0x02, 0x00, 0x00, 0x0d, 0x01, 0x0a, 0x00, 0x2f, 0x01, 0x01, 0x00,
    0x02, 0x00, 0x00, 0x00, 0x00, 0x40, 0x00, 0x00, 0xb0, 0x7f, 0x02, 0x00,
    0x10, 0x40, 0x00, 0x00, 0x50, 0x1a, 0x02, 0x00, 0x2f, 0x01, 0x03, 0x00,
    0x02, 0x00, 0x00, 0x00, 0x00, 0x40, 0x00, 0x00, 0xf0, 0x1d, 0x02, 0x00,
    0x0b, 0x01, 0x02, 0x00, 0x0c, 0x01, 0x02, 0x00, 0x01, 0x01, 0x01, 0x00,
    0x02, 0x01, 0x01, 0x00, 0x10, 0x40, 0x00, 0x00, 0xf0, 0x86, 0x02, 0x00,
    0x21, 0x01, 0x02, 0x00, 0x20, 0x01, 0x02, 0x00, 0x20, 0x40, 0x00, 0x00,
    0xa0, 0x04, 0x00, 0x00, 0x21, 0x40, 0x00, 0x00, 0xa0, 0x00, 0x00, 0x00,
    0x22, 0x40, 0x00, 0x00, 0x20, 0x04, 0x00, 0x00, 0x2f, 0x01, 0x01, 0x00,
    0x03, 0x00, 0x00, 0x00, 0x00, 0x40, 0x00, 0x00, 0x50, 0x83, 0x02, 0x00,
    0x0b, 0x01, 0x00, 0x00, 0x0c, 0x01, 0x00, 0x00, 0x01, 0x01, 0x00, 0x00,
    0x02, 0x01, 0x00, 0x00, 0x10, 0x40, 0x00, 0x00, 0xf0, 0xc6, 0x01, 0x00,
    0x21, 0x01, 0x00, 0x00, 0x20, 0x01, 0x00, 0x00, 0x20, 0x40, 0x00, 0x00,
    0xc0, 0x05, 0x00, 0x00, 0x21, 0x40, 0x00, 0x00, 0x00, 0x01, 0x00, 0x00,
    0x22, 0x40, 0x00, 0x00, 0x40, 0x05, 0x00, 0x00, 0x02, 0x00, 0x00, 0x00,
    0x00, 0x40, 0x00, 0x00, 0xf0, 0x86, 0x02, 0x00, 0x10, 0x40, 0x00, 0x00,
    0x90, 0xca, 0x01, 0x00, 0x2f, 0x01, 0x03, 0x00, 0x02, 0x00, 0x00, 0x00,
    0x00, 0x40, 0x00, 0x00, 0xf0, 0xa9, 0x01, 0x00, 0x0b, 0x01, 0x04, 0x00,
    0x0c, 0x01, 0x04, 0x00, 0x01, 0x01, 0x01, 0x00, 0x02, 0x01, 0x01, 0x00,
    0x10, 0x40, 0x00, 0x00, 0x90, 0x8a, 0x02, 0x00, 0x21, 0x01, 0x04, 0x00,
    0x20, 0x01, 0x02, 0x00, 0x20, 0x40, 0x00, 0x00, 0x40, 0x07, 0x00, 0x00,
    0x21, 0x40, 0x00, 0x00, 0xe0, 0x00, 0x00, 0x00, 0x22, 0x40, 0x00, 0x00,
    0xc0, 0x06, 0x00, 0x00, 0x0d, 0x01, 0x12, 0x00, 0x2f, 0x01, 0x01, 0x00,
    0x03, 0x00, 0x00, 0x00, 0x00, 0x40, 0x00, 0x00, 0x90, 0xad, 0x01, 0x00,
    0x10, 0x40, 0x00, 0x00, 0x30, 0x8e, 0x02, 0x00, 0x2f, 0x01, 0x03, 0x00,
    0x03, 0x00, 0x00, 0x00, 0x00, 0x40, 0x00, 0x00, 0x90, 0x8a, 0x02, 0x00,
    0x0b, 0x01, 0x00, 0x00, 0x0c, 0x01, 0x00, 0x00, 0x01, 0x01, 0x00, 0x00,
    0x02, 0x01, 0x00, 0x00, 0x10, 0x40, 0x00, 0x00, 0xb0, 0x33, 0x02, 0x00,
    0x21, 0x01, 0x00, 0x00, 0x20, 0x01, 0x00, 0x00, 0x20, 0x40, 0x00, 0x00,
    0xa0, 0x08, 0x00, 0x00, 0x21, 0x40, 0x00, 0x00, 0x00, 0x01, 0x00, 0x00,
    0x22, 0x40, 0x00, 0x00, 0x20, 0x08, 0x00, 0x00, 0x0d, 0x01, 0x0a, 0x00,
    0x2f, 0x01, 0x01, 0x00, 0x02, 0x00, 0x00, 0x00, 0x00, 0x40, 0x00, 0x00,
    0x30, 0x8e, 0x02, 0x00, 0x10, 0x40, 0x00, 0x00, 0x50, 0x37, 0x02, 0x00,
    0x2f, 0x01, 0x03, 0x00, 0x02, 0x00, 0x00, 0x00, 0x00, 0x40, 0x00, 0x00,
    0x30, 0xb1, 0x01, 0x00, 0x0b, 0x01, 0x04, 0x00, 0x0c, 0x01, 0x04, 0x00,
    0x01, 0x01, 0x01, 0x00, 0x02, 0x01, 0x01, 0x00, 0x10, 0x40, 0x00, 0x00,
    0x90, 0x8a, 0x02, 0x00, 0x21, 0x01, 0x04, 0x00, 0x20, 0x01, 0x02, 0x00,
    0x20, 0x40, 0x00, 0x00, 0x40, 0x07, 0x00, 0x00, 0x21, 0x40, 0x00, 0x00,
    0xe0, 0x00, 0x00, 0x00, 0x22, 0x40, 0x00, 0x00, 0xc0, 0x06, 0x00, 0x00,
    0x0d, 0x01, 0x12, 0x00, 0x03, 0x00, 0x00, 0x00, 0x00, 0x40, 0x00, 0x00,
    0xd0, 0xb4, 0x01, 0x00, 0x10, 0x40, 0x00, 0x00, 0x30, 0x8e, 0x02, 0x00,
    0x03, 0x00, 0x00, 0x00, 0x00, 0x40, 0x00, 0x00, 0x90, 0x8a, 0x02, 0x00,
    0x0b, 0x01, 0x00, 0x00, 0x0c, 0x01, 0x00, 0x00, 0x01, 0x01, 0x00, 0x00,
    0x02, 0x01, 0x00, 0x00, 0x10, 0x40, 0x00, 0x00, 0xf0, 0x3a, 0x02, 0x00,
    0x21, 0x01, 0x00, 0x00, 0x20, 0x01, 0x00, 0x00, 0x20, 0x40, 0x00, 0x00,
    0xa0, 0x08, 0x00, 0x00, 0x21, 0x40, 0x00, 0x00, 0x00, 0x01, 0x00, 0x00,
    0x22, 0x40, 0x00, 0x00, 0x20, 0x08, 0x00, 0x00, 0x0d, 0x01, 0x0a, 0x00,
    0x2f, 0x01, 0x01, 0x00, 0x02, 0x00, 0x00, 0x00, 0x00, 0x40, 0x00, 0x00,
    0x30, 0x8e, 0x02, 0x00, 0x10, 0x40, 0x00, 0x00, 0x90, 0x3e, 0x02, 0x00,
    0x2f, 0x01, 0x03, 0x00, 0x02, 0x00, 0x00, 0x00, 0x00, 0x40, 0x00, 0x00,
    0x70, 0x2c, 0x02, 0x00, 0x0b, 0x01, 0x02, 0x00, 0x0c, 0x01, 0x02, 0x00,
    0x01, 0x01, 0x02, 0x00, 0x02, 0x01, 0x02, 0x00, 0x10, 0x40, 0x00, 0x00,
    0x70, 0x95, 0x02, 0x00, 0x21, 0x01, 0x02, 0x00, 0x20, 0x01, 0x04, 0x00,
    0x20, 0x40, 0x00, 0x00, 0x20, 0x0a, 0x00, 0x00, 0x21, 0x40, 0x00, 0x00,
    0xe0, 0x00, 0x00, 0x00, 0x22, 0x40, 0x00, 0x00, 0xa0, 0x09, 0x00, 0x00,
    0x2f, 0x01, 0x01, 0x00, 0x03, 0x00, 0x00, 0x00, 0x00, 0x40, 0x00, 0x00,
    0xd0, 0x91, 0x02, 0x00, 0x0b, 0x01, 0x00, 0x00, 0x0c, 0x01, 0x00, 0x00,
    0x01, 0x01, 0x00, 0x00, 0x02, 0x01, 0x00, 0x00, 0x10, 0x40, 0x00, 0x00,
    0x30, 0xce, 0x01, 0x00, 0x21, 0x01, 0x00, 0x00, 0x20, 0x01, 0x00, 0x00,
    0x20, 0x40, 0x00, 0x00, 0x80, 0x0b, 0x00, 0x00, 0x21, 0x40, 0x00, 0x00,
    0xf0, 0x00, 0x00, 0x00, 0x22, 0x40, 0x00, 0x00, 0x00, 0x0b, 0x00, 0x00,
    0x02, 0x00, 0x00, 0x00, 0x00, 0x40, 0x00, 0x00, 0x70, 0x95, 0x02, 0x00,
    0x10, 0x40, 0x00, 0x00, 0xd0, 0xd1, 0x01, 0x00, 0x2f, 0x01, 0x03, 0x00,
    0x02, 0x00, 0x00, 0x00, 0x00, 0x40, 0x00, 0x00, 0x10, 0x30, 0x02, 0x00,
    0x0b, 0x01, 0x02, 0x00, 0x0c, 0x01, 0x02, 0x00, 0x01, 0x01, 0x02, 0x00,
    0x02, 0x01, 0x02, 0x00, 0x10, 0x40, 0x00, 0x00, 0xd0, 0x91, 0x02, 0x00,
    0x21, 0x01, 0x02, 0x00, 0x20, 0x01, 0x04, 0x00, 0x20, 0x40, 0x00, 0x00,
    0x20, 0x0a, 0x00, 0x00, 0x21, 0x40, 0x00, 0x00, 0xe0, 0x00, 0x00, 0x00,
    0x22, 0x40, 0x00, 0x00, 0xa0, 0x09, 0x00, 0x00, 0x03, 0x00, 0x00, 0x00,
    0x00, 0x40, 0x00, 0x00, 0xb0, 0x33, 0x02, 0x00, 0x10, 0x40, 0x00, 0x00,
    0x70, 0x95, 0x02, 0x00, 0x03, 0x00, 0x00, 0x00, 0x00, 0x40, 0x00, 0x00,
    0xd0, 0x91, 0x02, 0x00, 0x0b, 0x01, 0x00, 0x00, 0x0c, 0x01, 0x00, 0x00,
    0x01, 0x01, 0x00, 0x00, 0x02, 0x01, 0x00, 0x00, 0x10, 0x40, 0x00, 0x00,
    0x70, 0xd5, 0x01, 0x00, 0x21, 0x01, 0x00, 0x00, 0x20, 0x01, 0x00, 0x00,
    0x20, 0x40, 0x00, 0x00, 0x80, 0x0b, 0x00, 0x00, 0x21, 0x40, 0x00, 0x00,
    0xf0, 0x00, 0x00, 0x00, 0x22, 0x40, 0x00, 0x00, 0x00, 0x0b, 0x00, 0x00,
    0x2f, 0x01, 0x01, 0x00, 0x02, 0x00, 0x00, 0x00, 0x00, 0x40, 0x00, 0x00,
    0x70, 0x95, 0x02, 0x00, 0x10, 0x40, 0x00, 0x00, 0x10, 0xd9, 0x01, 0x00,
    0x2f, 0x01, 0x03, 0x00, 0x02, 0x00, 0x00, 0x00, 0x00, 0x40, 0x00, 0x00,
    0xb0, 0xdc, 0x01, 0x00, 0x0b, 0x01, 0x04, 0x00, 0x0c, 0x01, 0x04, 0x00,
    0x01, 0x01, 0x01, 0x00, 0x02, 0x01, 0x01, 0x00, 0x10, 0x40, 0x00, 0x00,
    0x10, 0x99, 0x02, 0x00, 0x21, 0x01, 0x04, 0x00, 0x20, 0x01, 0x02, 0x00,
    0x20, 0x40, 0x00, 0x00, 0xf0, 0x0c, 0x00, 0x00, 0x21, 0x40, 0x00, 0x00,
    0xe0, 0x00, 0x00, 0x00, 0x22, 0x40, 0x00, 0x00, 0x70, 0x0c, 0x00, 0x00,
    0x0d, 0x01, 0x12, 0x00, 0x2f, 0x01, 0x01, 0x00, 0x03, 0x00, 0x00, 0x00,
    0x00, 0x40, 0x00, 0x00, 0x50, 0xe0, 0x01, 0x00, 0x10, 0x40, 0x00, 0x00,
    0xb0, 0x9c, 0x02, 0x00, 0x2f, 0x01, 0x03, 0x00, 0x03, 0x00, 0x00, 0x00,
    0x00, 0x40, 0x00, 0x00, 0x10, 0x99, 0x02, 0x00, 0x0b, 0x01, 0x00, 0x00,
    0x0c, 0x01, 0x00, 0x00, 0x01, 0x01, 0x00, 0x00, 0x02, 0x01, 0x00, 0x00,
    0x10, 0x40, 0x00, 0x00, 0x70, 0x49, 0x02, 0x00, 0x21, 0x01, 0x00, 0x00,
    0x20, 0x01, 0x00, 0x00, 0x20, 0x40, 0x00, 0x00, 0x50, 0x0e, 0x00, 0x00,
    0x21, 0x40, 0x00, 0x00, 0x00, 0x01, 0x00, 0x00, 0x22, 0x40, 0x00, 0x00,
    0xd0, 0x0d, 0x00, 0x00, 0x0d, 0x01, 0x0a, 0x00, 0x2f, 0x01, 0x01, 0x00,
    0x02, 0x00, 0x00, 0x00, 0x00, 0x40, 0x00, 0x00, 0xb0, 0x9c, 0x02, 0x00,
    0x10, 0x40, 0x00, 0x00, 0x10, 0x4d, 0x02, 0x00, 0x2f, 0x01, 0x03, 0x00,
    0x02, 0x00, 0x00, 0x00, 0x00, 0x40, 0x00, 0x00, 0xb0, 0x50, 0x02, 0x00,
    0x02, 0x40, 0x00, 0x00, 0x30, 0x42, 0x02, 0x00, 0x0b, 0x01, 0x01, 0x00,
    0x0c, 0x01, 0x01, 0x00, 0x01, 0x01, 0x01, 0x00, 0x02, 0x01, 0x01, 0x00,
    0x10, 0x40, 0x00, 0x00, 0xf0, 0xa3, 0x02, 0x00, 0x21, 0x01, 0x02, 0x00,
    0x20, 0x01, 0x02, 0x00, 0x20, 0x40, 0x00, 0x00, 0xd0, 0x0f, 0x00, 0x00,
    0x21, 0x40, 0x00, 0x00, 0xb0, 0x00, 0x00, 0x00, 0x22, 0x40, 0x00, 0x00,
    0x50, 0x0f, 0x00, 0x00, 0x2f, 0x01, 0x01, 0x00, 0x03, 0x00, 0x00, 0x00,
    0x00, 0x40, 0x00, 0x00, 0x50, 0xa0, 0x02, 0x00, 0x02, 0x40, 0x00, 0x00,
    0x00, 0x00, 0x00, 0x00, 0x0b, 0x01, 0x00, 0x00, 0x0c, 0x01, 0x00, 0x00,
    0x01, 0x01, 0x00, 0x00, 0x02, 0x01, 0x00, 0x00, 0x10, 0x40, 0x00, 0x00,
    0xb0, 0xf9, 0x01, 0x00, 0x21, 0x01, 0x00, 0x00, 0x20, 0x01, 0x00, 0x00,
    0x20, 0x40, 0x00, 0x00, 0x00, 0x11, 0x00, 0x00, 0x21, 0x40, 0x00, 0x00,
    0x00, 0x01, 0x00, 0x00, 0x22, 0x40, 0x00, 0x00, 0x80, 0x10, 0x00, 0x00,
    0x02, 0x00, 0x00, 0x00, 0x00, 0x40, 0x00, 0x00, 0xf0, 0xa3, 0x02, 0x00,
    0x10, 0x40, 0x00, 0x00, 0x50, 0xfd, 0x01, 0x00, 0x2f, 0x01, 0x03, 0x00,
    0x02, 0x00, 0x00, 0x00, 0x00, 0x40, 0x00, 0x00, 0x50, 0x54, 0x02, 0x00,
    0x02, 0x40, 0x00, 0x00, 0x30, 0x42, 0x02, 0x00, 0x01, 0x01, 0x01, 0x00,
    0x02, 0x01, 0x01, 0x00, 0x10, 0x40, 0x00, 0x00, 0x50, 0xa0, 0x02, 0x00,
    0x21, 0x01, 0x02, 0x00, 0x20, 0x01, 0x02, 0x00, 0x20, 0x40, 0x00, 0x00,
    0xd0, 0x0f, 0x00, 0x00, 0x21, 0x40, 0x00, 0x00, 0xb0, 0x00, 0x00, 0x00,
    0x22, 0x40, 0x00, 0x00, 0x50, 0x0f, 0x00, 0x00, 0x03, 0x00, 0x00, 0x00,
    0x00, 0x40, 0x00, 0x00, 0x30, 0x42, 0x02, 0x00, 0x02, 0x40, 0x00, 0x00,
    0x00, 0x00, 0x00, 0x00, 0x0b, 0x01, 0x02, 0x00, 0x0c, 0x01, 0x02, 0x00,
    0x10, 0x40, 0x00, 0x00, 0xf0, 0xa3, 0x02, 0x00, 0x03, 0x00, 0x00, 0x00,
    0x00, 0x40, 0x00, 0x00, 0x50, 0xa0, 0x02, 0x00, 0x0b, 0x01, 0x00, 0x00,
    0x0c, 0x01, 0x00, 0x00, 0x01, 0x01, 0x00, 0x00, 0x02, 0x01, 0x00, 0x00,
    0x10, 0x40, 0x00, 0x00, 0xf0, 0x00, 0x02, 0x00, 0x21, 0x01, 0x00, 0x00,
    0x20, 0x01, 0x00, 0x00, 0x20, 0x40, 0x00, 0x00, 0x00, 0x11, 0x00, 0x00,
    0x21, 0x40, 0x00, 0x00, 0x00, 0x01, 0x00, 0x00, 0x22, 0x40, 0x00, 0x00,
    0x80, 0x10, 0x00, 0x00, 0x2f, 0x01, 0x01, 0x00, 0x02, 0x00, 0x00, 0x00,
    0x00, 0x40, 0x00, 0x00, 0xf0, 0xa3, 0x02, 0x00, 0x10, 0x40, 0x00, 0x00,
    0x90, 0x04, 0x02, 0x00, 0x2f, 0x01, 0x03, 0x00, 0x02, 0x00, 0x00, 0x00,
    0x00, 0x40, 0x00, 0x00, 0xd0, 0x45, 0x02, 0x00, 0x0b, 0x01, 0x02, 0x00,
    0x0c, 0x01, 0x02, 0x00, 0x01, 0x01, 0x01, 0x00, 0x02, 0x01, 0x01, 0x00,
    0x10, 0x40, 0x00, 0x00, 0x50, 0xa0, 0x02, 0x00, 0x21, 0x01, 0x02, 0x00,
    0x20, 0x01, 0x02, 0x00, 0x20, 0x40, 0x00, 0x00, 0xd0, 0x0f, 0x00, 0x00,
    0x21, 0x40, 0x00, 0x00, 0xb0, 0x00, 0x00, 0x00, 0x22, 0x40, 0x00, 0x00,
    0x50, 0x0f, 0x00, 0x00, 0x03, 0x00, 0x00, 0x00, 0x00, 0x40, 0x00, 0x00,
    0xf0, 0xe3, 0x01, 0x00, 0x02, 0x40, 0x00, 0x00, 0x30, 0xce, 0x01, 0x00,
    0x0b, 0x01, 0x03, 0x00, 0x0c, 0x01, 0x03, 0x00, 0x10, 0x40, 0x00, 0x00,
    0x10, 0x99, 0x02, 0x00, 0x21, 0x01, 0x04, 0x00, 0x20, 0x40, 0x00, 0x00,
    0xf0, 0x0c, 0x00, 0x00, 0x21, 0x40, 0x00, 0x00, 0xe0, 0x00, 0x00, 0x00,
    0x22, 0x40, 0x00, 0x00, 0x70, 0x0c, 0x00, 0x00, 0x0d, 0x01, 0x12, 0x00,
    0x03, 0x00, 0x00, 0x00, 0x00, 0x40, 0x00, 0x00, 0x90, 0xe7, 0x01, 0x00,
    0x0b, 0x01, 0x02, 0x00, 0x0c, 0x01, 0x02, 0x00, 0x10, 0x40, 0x00, 0x00,
    0xb0, 0x9c, 0x02, 0x00, 0x03, 0x00, 0x00, 0x00, 0x00, 0x40, 0x00, 0x00,
    0x10, 0x99, 0x02, 0x00, 0x02, 0x40, 0x00, 0x00, 0x00, 0x00, 0x00, 0x00,
    0x0b, 0x01, 0x00, 0x00, 0x0c, 0x01, 0x00, 0x00, 0x01, 0x01, 0x00, 0x00,
    0x02, 0x01, 0x00, 0x00, 0x10, 0x40, 0x00, 0x00, 0xb0, 0x50, 0x02, 0x00,
    0x21, 0x01, 0x00, 0x00, 0x20, 0x01, 0x00, 0x00, 0x20, 0x40, 0x00, 0x00,
    0x50, 0x0e, 0x00, 0x00, 0x21, 0x40, 0x00, 0x00, 0x00, 0x01, 0x00, 0x00,
    0x22, 0x40, 0x00, 0x00, 0xd0, 0x0d, 0x00, 0x00, 0x0d, 0x01, 0x0a, 0x00,
    0x2f, 0x01, 0x01, 0x00, 0x02, 0x00, 0x00, 0x00, 0x00, 0x40, 0x00, 0x00,
    0xb0, 0x9c, 0x02, 0x00, 0x10, 0x40, 0x00, 0x00, 0x50, 0x54, 0x02, 0x00,
    0x2f, 0x01, 0x03, 0x00, 0x02, 0x00, 0x00, 0x00, 0x00, 0x40, 0x00, 0x00,
    0x30, 0xeb, 0x01, 0x00, 0x02, 0x40, 0x00, 0x00, 0x30, 0xce, 0x01, 0x00,
    0x0b, 0x01, 0x01, 0x00, 0x0c, 0x01, 0x01, 0x00, 0x01, 0x01, 0x01, 0x00,
    0x02, 0x01, 0x01, 0x00, 0x10, 0x40, 0x00, 0x00, 0x10, 0x99, 0x02, 0x00,
    0x21, 0x01, 0x04, 0x00, 0x20, 0x01, 0x02, 0x00, 0x20, 0x40, 0x00, 0x00,
    0xf0, 0x0c, 0x00, 0x00, 0x21, 0x40, 0x00, 0x00, 0xe0, 0x00, 0x00, 0x00,
    0x22, 0x40, 0x00, 0x00, 0x70, 0x0c, 0x00, 0x00, 0x0d, 0x01, 0x12, 0x00,
    0x03, 0x00, 0x00, 0x00, 0x00, 0x40, 0x00, 0x00, 0xd0, 0xee, 0x01, 0x00,
    0x0b, 0x01, 0x00, 0x00, 0x0c, 0x01, 0x00, 0x00, 0x10, 0x40, 0x00, 0x00,
    0xb0, 0x9c, 0x02, 0x00, 0x03, 0x00, 0x00, 0x00, 0x00, 0x40, 0x00, 0x00,
    0x10, 0x99, 0x02, 0x00, 0x02, 0x40, 0x00, 0x00, 0x00, 0x00, 0x00, 0x00,
    0x01, 0x01, 0x00, 0x00, 0x02, 0x01, 0x00, 0x00, 0x10, 0x40, 0x00, 0x00,
    0x30, 0x42, 0x02, 0x00, 0x21, 0x01, 0x00, 0x00, 0x20, 0x01, 0x00, 0x00,
    0x20, 0x40, 0x00, 0x00, 0x50, 0x0e, 0x00, 0x00, 0x21, 0x40, 0x00, 0x00,
    0x00, 0x01, 0x00, 0x00, 0x22, 0x40, 0x00, 0x00, 0xd0, 0x0d, 0x00, 0x00,
    0x0d, 0x01, 0x0a, 0x00, 0x2f, 0x01, 0x01, 0x00, 0x02, 0x00, 0x00, 0x00,
    0x00, 0x40, 0x00, 0x00, 0xb0, 0x9c, 0x02, 0x00, 0x10, 0x40, 0x00, 0x00,
    0xd0, 0x45, 0x02, 0x00, 0x2f, 0x01, 0x03, 0x00, 0x02, 0x00, 0x00, 0x00,
    0x00, 0x40, 0x00, 0x00, 0x70, 0x49, 0x02, 0x00, 0x0b, 0x01, 0x02, 0x00,
    0x0c, 0x01, 0x02, 0x00, 0x01, 0x01, 0x01, 0x00, 0x02, 0x01, 0x01, 0x00,
    0x10, 0x40, 0x00, 0x00, 0xf0, 0xa3, 0x02, 0x00, 0x21, 0x01, 0x02, 0x00,
    0x20, 0x01, 0x02, 0x00, 0x20, 0x40, 0x00, 0x00, 0xd0, 0x0f, 0x00, 0x00,
    0x21, 0x40, 0x00, 0x00, 0xb0, 0x00, 0x00, 0x00, 0x22, 0x40, 0x00, 0x00,
    0x50, 0x0f, 0x00, 0x00, 0x2f, 0x01, 0x01, 0x00, 0x03, 0x00, 0x00, 0x00,
    0x00, 0x40, 0x00, 0x00, 0x50, 0xa0, 0x02, 0x00, 0x0b, 0x01, 0x00, 0x00,
    0x0c, 0x01, 0x00, 0x00, 0x01, 0x01, 0x00, 0x00, 0x02, 0x01, 0x00, 0x00,
    0x10, 0x40, 0x00, 0x00, 0x30, 0x08, 0x02, 0x00, 0x21, 0x01, 0x00, 0x00,
    0x20, 0x01, 0x00, 0x00, 0x20, 0x40, 0x00, 0x00, 0x00, 0x11, 0x00, 0x00,
    0x21, 0x40, 0x00, 0x00, 0x00, 0x01, 0x00, 0x00, 0x22, 0x40, 0x00, 0x00,
    0x80, 0x10, 0x00, 0x00, 0x02, 0x00, 0x00, 0x00, 0x00, 0x40, 0x00, 0x00,
    0xf0, 0xa3, 0x02, 0x00, 0x10, 0x40, 0x00, 0x00, 0xd0, 0x0b, 0x02, 0x00,
    0x2f, 0x01, 0x03, 0x00, 0x02, 0x00, 0x00, 0x00, 0x00, 0x40, 0x00, 0x00,
    0x70, 0x0f, 0x02, 0x00, 0x02, 0x40, 0x00, 0x00, 0x70, 0xf2, 0x01, 0x00,
    0x0b, 0x01, 0x01, 0x00, 0x0c, 0x01, 0x01, 0x00, 0x01, 0x01, 0x01, 0x00,
    0x02, 0x01, 0x01, 0x00, 0x10, 0x40, 0x00, 0x00, 0x90, 0xa7, 0x02, 0x00,
    0x21, 0x01, 0x04, 0x00, 0x20, 0x01, 0x02, 0x00, 0x20, 0x40, 0x00, 0x00,
    0x80, 0x12, 0x00, 0x00, 0x21, 0x40, 0x00, 0x00, 0xe0, 0x00, 0x00, 0x00,
    0x22, 0x40, 0x00, 0x00, 0x00, 0x12, 0x00, 0x00, 0x0d, 0x01, 0x12, 0x00,
    0x2f, 0x01, 0x01, 0x00, 0x03, 0x00, 0x00, 0x00, 0x00, 0x40, 0x00, 0x00,
    0x10, 0x13, 0x02, 0x00, 0x0b, 0x01, 0x00, 0x00, 0x0c, 0x01, 0x00, 0x00,
    0x10, 0x40, 0x00, 0x00, 0x30, 0xab, 0x02, 0x00, 0x2f, 0x01, 0x03, 0x00,
    0x03, 0x00, 0x00, 0x00, 0x00, 0x40, 0x00, 0x00, 0x90, 0xa7, 0x02, 0x00,
    0x02, 0x40, 0x00, 0x00, 0x00, 0x00, 0x00, 0x00, 0x01, 0x01, 0x00, 0x00,
    0x02, 0x01, 0x00, 0x00, 0x10, 0x40, 0x00, 0x00, 0x30, 0x5f, 0x02, 0x00,
    0x21, 0x01, 0x00, 0x00, 0x20, 0x01, 0x00, 0x00, 0x20, 0x40, 0x00, 0x00,
    0xe0, 0x13, 0x00, 0x00, 0x21, 0x40, 0x00, 0x00, 0x00, 0x01, 0x00, 0x00,
    0x22, 0x40, 0x00, 0x00, 0x60, 0x13, 0x00, 0x00, 0x0d, 0x01, 0x0a, 0x00,
    0x2f, 0x01, 0x01, 0x00, 0x02, 0x00, 0x00, 0x00, 0x00, 0x40, 0x00, 0x00,
    0x30, 0xab, 0x02, 0x00, 0x10, 0x40, 0x00, 0x00, 0xd0, 0x62, 0x02, 0x00,
    0x2f, 0x01, 0x03, 0x00, 0x02, 0x00, 0x00, 0x00, 0x00, 0x40, 0x00, 0x00,
    0x70, 0xf2, 0x01, 0x00, 0x0b, 0x01, 0x04, 0x00, 0x0c, 0x01, 0x04, 0x00,
    0x01, 0x01, 0x01, 0x00, 0x02, 0x01, 0x01, 0x00, 0x10, 0x40, 0x00, 0x00,
    0x90, 0xa7, 0x02, 0x00, 0x21, 0x01, 0x04, 0x00, 0x20, 0x01, 0x02, 0x00,
    0x20, 0x40, 0x00, 0x00, 0x80, 0x12, 0x00, 0x00, 0x21, 0x40, 0x00, 0x00,
    0xe0, 0x00, 0x00, 0x00, 0x22, 0x40, 0x00, 0x00, 0x00, 0x12, 0x00, 0x00,
    0x0d, 0x01, 0x12, 0x00, 0x03, 0x00, 0x00, 0x00, 0x00, 0x40, 0x00, 0x00,
    0x10, 0xf6, 0x01, 0x00, 0x10, 0x40, 0x00, 0x00, 0x30, 0xab, 0x02, 0x00,
    0x03, 0x00, 0x00, 0x00, 0x00, 0x40, 0x00, 0x00, 0x90, 0xa7, 0x02, 0x00,
    0x0b, 0x01, 0x00, 0x00, 0x0c, 0x01, 0x00, 0x00, 0x01, 0x01, 0x00, 0x00,
    0x02, 0x01, 0x00, 0x00, 0x10, 0x40, 0x00, 0x00, 0x70, 0x66, 0x02, 0x00,
    0x21, 0x01, 0x00, 0x00, 0x20, 0x01, 0x00, 0x00, 0x20, 0x40, 0x00, 0x00,
    0xe0, 0x13, 0x00, 0x00, 0x21, 0x40, 0x00, 0x00, 0x00, 0x01, 0x00, 0x00,
    0x22, 0x40, 0x00, 0x00, 0x60, 0x13, 0x00, 0x00, 0x0d, 0x01, 0x0a, 0x00,
    0x2f, 0x01, 0x01, 0x00, 0x02, 0x00, 0x00, 0x00, 0x00, 0x40, 0x00, 0x00,
    0x30, 0xab, 0x02, 0x00, 0x10, 0x40, 0x00, 0x00, 0x10, 0x6a, 0x02, 0x00,
    0x2f, 0x01, 0x03, 0x00, 0x02, 0x00, 0x00, 0x00, 0x00, 0x40, 0x00, 0x00,
    0xf0, 0x57, 0x02, 0x00, 0x0b, 0x01, 0x02, 0x00, 0x0c, 0x01, 0x02, 0x00,
    0x01, 0x01, 0x02, 0x00, 0x02, 0x01, 0x02, 0x00, 0x10, 0x40, 0x00, 0x00,
    0x70, 0xb2, 0x02, 0x00, 0x21, 0x01, 0x02, 0x00, 0x20, 0x01, 0x04, 0x00,
    0x20, 0x40, 0x00, 0x00, 0x60, 0x15, 0x00, 0x00, 0x21, 0x40, 0x00, 0x00,
    0xe0, 0x00, 0x00, 0x00, 0x22, 0x40, 0x00, 0x00, 0xe0, 0x14, 0x00, 0x00,
    0x2f, 0x01, 0x01, 0x00, 0x03, 0x00, 0x00, 0x00, 0x00, 0x40, 0x00, 0x00,
    0xd0, 0xae, 0x02, 0x00, 0x0b, 0x01, 0x00, 0x00, 0x0c, 0x01, 0x00, 0x00,
    0x01, 0x01, 0x00, 0x00, 0x02, 0x01, 0x00, 0x00, 0x10, 0x40, 0x00, 0x00,
    0x10, 0xb6, 0x02, 0x00, 0x21, 0x01, 0x00, 0x00, 0x20, 0x01, 0x00, 0x00,
    0x20, 0x40, 0x00, 0x00, 0xc0, 0x16, 0x00, 0x00, 0x21, 0x40, 0x00, 0x00,
    0xf0, 0x00, 0x00, 0x00, 0x22, 0x40, 0x00, 0x00, 0x40, 0x16, 0x00, 0x00,
    0x02, 0x00, 0x00, 0x00, 0x00, 0x40, 0x00, 0x00, 0x70, 0xb2, 0x02, 0x00,
    0x10, 0x40, 0x00, 0x00, 0xb0, 0xb9, 0x02, 0x00, 0x2f, 0x01, 0x03, 0x00,
    0x02, 0x00, 0x00, 0x00, 0x00, 0x40, 0x00, 0x00, 0x10, 0xb6, 0x02, 0x00,
    0x10, 0x40, 0x00, 0x00, 0xe0, 0x0a, 0x00, 0x00, 0x13, 0x01, 0x00, 0x00,
    0x15, 0x40, 0x00, 0x00, 0x3a, 0x00, 0x00, 0x00, 0x14, 0x40, 0x00, 0x00,
    0x01, 0x00, 0x00, 0x00, 0x16, 0x40, 0x00, 0x00, 0x01, 0x00, 0x00, 0x00,
    0x18, 0x01, 0x5a, 0x00, 0x14, 0x01, 0x01, 0x00, 0x20, 0x40, 0x00, 0x00,
    0xc0, 0x17, 0x00, 0x00, 0x21, 0x40, 0x00, 0x00, 0x40, 0x00, 0x00, 0x00,
    0x22, 0x40, 0x00, 0x00, 0xb0, 0x17, 0x00, 0x00, 0x23, 0x40, 0x00, 0x00,
    0x10, 0x00, 0x00, 0x00, 0x17, 0x01, 0x07, 0x00, 0x2f, 0x01, 0x01, 0x00,
    0x02, 0x00, 0x00, 0x00, 0x00, 0x40, 0x00, 0x00, 0xb0, 0xb9, 0x02, 0x00,
    0x10, 0x40, 0x00, 0x00, 0x1a, 0x0b, 0x00, 0x00, 0x2f, 0x01, 0x03, 0x00,
    0x02, 0x00, 0x00, 0x00, 0x00, 0x40, 0x00, 0x00, 0x90, 0x5b, 0x02, 0x00,
    0x0b, 0x01, 0x02, 0x00, 0x0c, 0x01, 0x02, 0x00, 0x01, 0x01, 0x02, 0x00,
    0x02, 0x01, 0x02, 0x00, 0x10, 0x40, 0x00, 0x00, 0xd0, 0xae, 0x02, 0x00,
    0x13, 0x01, 0x0b, 0x00, 0x15, 0x40, 0x00, 0x00, 0xa0, 0x03, 0x00, 0x00,
    0x14, 0x40, 0x00, 0x00, 0x10, 0x00, 0x00, 0x00, 0x16, 0x40, 0x00, 0x00,
    0xa0, 0x03, 0x00, 0x00, 0x18, 0x01, 0x80, 0xff, 0x14, 0x01, 0x41, 0x00,
    0x21, 0x01, 0x02, 0x00, 0x20, 0x01, 0x04, 0x00, 0x20, 0x40, 0x00, 0x00,
    0x60, 0x15, 0x00, 0x00, 0x21, 0x40, 0x00, 0x00, 0xe0, 0x00, 0x00, 0x00,
    0x22, 0x40, 0x00, 0x00, 0xe0, 0x14, 0x00, 0x00, 0x23, 0x40, 0x00, 0x00,
    0x80, 0x00, 0x00, 0x00, 0x17, 0x01, 0x0f, 0x00, 0x03, 0x00, 0x00, 0x00,
    0x00, 0x40, 0x00, 0x00, 0x30, 0x5f, 0x02, 0x00, 0x10, 0x40, 0x00, 0x00,
    0x70, 0xb2, 0x02, 0x00, 0x03, 0x00, 0x00, 0x00, 0x00, 0x40, 0x00, 0x00,
    0xd0, 0xae, 0x02, 0x00, 0x0b, 0x01, 0x00, 0x00, 0x0c, 0x01, 0x00, 0x00,
    0x01, 0x01, 0x00, 0x00, 0x02, 0x01, 0x00, 0x00, 0x10, 0x40, 0x00, 0x00,
    0x10, 0xb6, 0x02, 0x00, 0x21, 0x01, 0x00, 0x00, 0x20, 0x01, 0x00, 0x00,
    0x20, 0x40, 0x00, 0x00, 0xc0, 0x16, 0x00, 0x00, 0x21, 0x40, 0x00, 0x00,
    0xf0, 0x00, 0x00, 0x00, 0x22, 0x40, 0x00, 0x00, 0x40, 0x16, 0x00, 0x00,
    0x2f, 0x01, 0x01, 0x00, 0x02, 0x00, 0x00, 0x00, 0x00, 0x40, 0x00, 0x00,
    0x70, 0xb2, 0x02, 0x00, 0x10, 0x40, 0x00, 0x00, 0xb0, 0xb9, 0x02, 0x00,
    0x2f, 0x01, 0x03, 0x00, 0x02, 0x00, 0x00, 0x00, 0x00, 0x40, 0x00, 0x00,
    0x10, 0xb6, 0x02, 0x00, 0x10, 0x40, 0x00, 0x00, 0x54, 0x0b, 0x00, 0x00,
    0x13, 0x01, 0x00, 0x00, 0x15, 0x40, 0x00, 0x00, 0x3a, 0x00, 0x00, 0x00,
    0x14, 0x40, 0x00, 0x00, 0x01, 0x00, 0x00, 0x00, 0x16, 0x40, 0x00, 0x00,
    0x01, 0x00, 0x00, 0x00, 0x18, 0x01, 0x5a, 0x00, 0x14, 0x01, 0x01, 0x00,
    0x20, 0x40, 0x00, 0x00, 0xc0, 0x17, 0x00, 0x00, 0x21, 0x40, 0x00, 0x00,
    0x40, 0x00, 0x00, 0x00, 0x22, 0x40, 0x00, 0x00, 0xb0, 0x17, 0x00, 0x00,
    0x23, 0x40, 0x00, 0x00, 0x10, 0x00, 0x00, 0x00, 0x17, 0x01, 0x07, 0x00,
    0x2f, 0x01, 0x01, 0x00, 0x02, 0x00, 0x00, 0x00, 0x00, 0x40, 0x00, 0x00,
    0xb0, 0xb9, 0x02, 0x00, 0x10, 0x40, 0x00, 0x00, 0x8e, 0x0b, 0x00, 0x00,
    0x2f, 0x01, 0x03, 0x00, 0x02, 0x00, 0x00, 0x00, 0x00, 0x40, 0x00, 0x00,
    0xd0, 0x62, 0x02, 0x00, 0x0b, 0x01, 0x02, 0x00, 0x0c, 0x01, 0x02, 0x00,
    0x01, 0x01, 0x02, 0x00, 0x02, 0x01, 0x02, 0x00, 0x10, 0x40, 0x00, 0x00,
    0xd0, 0xae, 0x02, 0x00, 0x13, 0x01, 0x0b, 0x00, 0x15, 0x40, 0x00, 0x00,
    0xa0, 0x03, 0x00, 0x00, 0x14, 0x40, 0x00, 0x00, 0x10, 0x00, 0x00, 0x00,
    0x16, 0x40, 0x00, 0x00, 0xa0, 0x03, 0x00, 0x00, 0x18, 0x01, 0x80, 0xff,
    0x14, 0x01, 0x41, 0x00, 0x21, 0x01, 0x02, 0x00, 0x20, 0x01, 0x04, 0x00,
    0x20, 0x40, 0x00, 0x00, 0x60, 0x15, 0x00, 0x00, 0x21, 0x40, 0x00, 0x00,
    0xe0, 0x00, 0x00, 0x00, 0x22, 0x40, 0x00, 0x00, 0xe0, 0x14, 0x00, 0x00,
    0x23, 0x40, 0x00, 0x00, 0x80, 0x00, 0x00, 0x00, 0x17, 0x01, 0x0f, 0x00,
    0x03, 0x00, 0x00, 0x00, 0x00, 0x40, 0x00, 0x00, 0xb0, 0xf9, 0x01, 0x00,
    0x0b, 0x01, 0x04, 0x00, 0x0c, 0x01, 0x04, 0x00, 0x01, 0x01, 0x01, 0x00,
    0x02, 0x01, 0x01, 0x00, 0x10, 0x40, 0x00, 0x00, 0x90, 0xa7, 0x02, 0x00,
    0x21, 0x01, 0x04, 0x00, 0x20, 0x01, 0x02, 0x00, 0x20, 0x40, 0x00, 0x00,
    0x80, 0x12, 0x00, 0x00, 0x22, 0x40, 0x00, 0x00, 0x00, 0x12, 0x00, 0x00,
    0x0d, 0x01, 0x12, 0x00, 0x03, 0x00, 0x00, 0x00, 0x00, 0x40, 0x00, 0x00,
    0x50, 0xfd, 0x01, 0x00, 0x10, 0x40, 0x00, 0x00, 0x30, 0xab, 0x02, 0x00,
    0x03, 0x00, 0x00, 0x00, 0x00, 0x40, 0x00, 0x00, 0x90, 0xa7, 0x02, 0x00,
    0x0b, 0x01, 0x00, 0x00, 0x0c, 0x01, 0x00, 0x00, 0x01, 0x01, 0x00, 0x00,
    0x02, 0x01, 0x00, 0x00, 0x10, 0x40, 0x00, 0x00, 0xf0, 0x57, 0x02, 0x00,
    0x21, 0x01, 0x00, 0x00, 0x20, 0x01, 0x00, 0x00, 0x20, 0x40, 0x00, 0x00,
    0xe0, 0x13, 0x00, 0x00, 0x21, 0x40, 0x00, 0x00, 0x00, 0x01, 0x00, 0x00,
    0x22, 0x40, 0x00, 0x00, 0x60, 0x13, 0x00, 0x00, 0x0d, 0x01, 0x0a, 0x00,
    0x2f, 0x01, 0x01, 0x00, 0x02, 0x00, 0x00, 0x00, 0x00, 0x40, 0x00, 0x00,
    0x30, 0xab, 0x02, 0x00, 0x10, 0x40, 0x00, 0x00, 0x90, 0x5b, 0x02, 0x00,
    0x2f, 0x01, 0x03, 0x00, 0x02, 0x00, 0x00, 0x00, 0x00, 0x40, 0x00, 0x00,
    0x10, 0x4d, 0x02, 0x00, 0x0b, 0x01, 0x02, 0x00, 0x0c, 0x01, 0x02, 0x00,
    0x01, 0x01, 0x01, 0x00, 0x02, 0x01, 0x01, 0x00, 0x10, 0x40, 0x00, 0x00,
    0x50, 0xa0, 0x02, 0x00, 0x21, 0x01, 0x02, 0x00, 0x20, 0x01, 0x02, 0x00,
    0x20, 0x40, 0x00, 0x00, 0xd0, 0x0f, 0x00, 0x00, 0x21, 0x40, 0x00, 0x00,
    0xb0, 0x00, 0x00, 0x00, 0x22, 0x40, 0x00, 0x00, 0x50, 0x0f, 0x00, 0x00,
    0x03, 0x00, 0x00, 0x00, 0x00, 0x40, 0x00, 0x00, 0xb0, 0x50, 0x02, 0x00,
    0x02, 0x40, 0x00, 0x00, 0x30, 0x42, 0x02, 0x00, 0x0b, 0x01, 0x01, 0x00,
    0x0c, 0x01, 0x01, 0x00, 0x10, 0x40, 0x00, 0x00, 0xf0, 0xa3, 0x02, 0x00,
    0x03, 0x00, 0x00, 0x00, 0x00, 0x40, 0x00, 0x00, 0x50, 0xa0, 0x02, 0x00,
    0x02, 0x40, 0x00, 0x00, 0x00, 0x00, 0x00, 0x00, 0x0b, 0x01, 0x00, 0x00,
    0x0c, 0x01, 0x00, 0x00, 0x01, 0x01, 0x00, 0x00, 0x02, 0x01, 0x00, 0x00,
    0x10, 0x40, 0x00, 0x00, 0x70, 0x0f, 0x02, 0x00, 0x21, 0x01, 0x00, 0x00,
    0x20, 0x01, 0x00, 0x00, 0x20, 0x40, 0x00, 0x00, 0x00, 0x11, 0x00, 0x00,
    0x21, 0x40, 0x00, 0x00, 0x00, 0x01, 0x00, 0x00, 0x22, 0x40, 0x00, 0x00,
    0x80, 0x10, 0x00, 0x00, 0x2f, 0x01, 0x01, 0x00, 0x02, 0x00, 0x00, 0x00,
    0x00, 0x40, 0x00, 0x00, 0xf0, 0xa3, 0x02, 0x00, 0x10, 0x40, 0x00, 0x00,
    0x10, 0x13, 0x02, 0x00, 0x2f, 0x01, 0x03, 0x00, 0x02, 0x00, 0x00, 0x00,
    0x00, 0x40, 0x00, 0x00, 0x50, 0x54, 0x02, 0x00, 0x02, 0x40, 0x00, 0x00,
    0x30, 0x42, 0x02, 0x00, 0x01, 0x01, 0x01, 0x00, 0x02, 0x01, 0x01, 0x00,
    0x10, 0x40, 0x00, 0x00, 0x50, 0xa0, 0x02, 0x00, 0x21, 0x01, 0x02, 0x00,
    0x20, 0x01, 0x02, 0x00, 0x20, 0x40, 0x00, 0x00, 0xd0, 0x0f, 0x00, 0x00,
    0x21, 0x40, 0x00, 0x00, 0xb0, 0x00, 0x00, 0x00, 0x22, 0x40, 0x00, 0x00,
    0x50, 0x0f, 0x00, 0x00, 0x03, 0x00, 0x00, 0x00, 0x00, 0x40, 0x00, 0x00,
    0x50, 0x37, 0x02, 0x00, 0x02, 0x40, 0x00, 0x00, 0x00, 0x00, 0x00, 0x00,
    0x0b, 0x01, 0x02, 0x00, 0x0c, 0x01, 0x02, 0x00, 0x01, 0x01, 0x02, 0x00,
    0x02, 0x01, 0x02, 0x00, 0x10, 0x40, 0x00, 0x00, 0xd0, 0x91, 0x02, 0x00,
    0x20, 0x01, 0x04, 0x00, 0x20, 0x40, 0x00, 0x00, 0x20, 0x0a, 0x00, 0x00,
    0x21, 0x40, 0x00, 0x00, 0xe0, 0x00, 0x00, 0x00, 0x22, 0x40, 0x00, 0x00,
    0xa0, 0x09, 0x00, 0x00, 0x03, 0x00, 0x00, 0x00, 0x00, 0x40, 0x00, 0x00,
    0x70, 0xb8, 0x01, 0x00, 0x0b, 0x01, 0x04, 0x00, 0x0c, 0x01, 0x04, 0x00,
    0x01, 0x01, 0x01, 0x00, 0x02, 0x01, 0x01, 0x00, 0x10, 0x40, 0x00, 0x00,
    0x90, 0x8a, 0x02, 0x00, 0x21, 0x01, 0x04, 0x00, 0x20, 0x01, 0x02, 0x00,
    0x20, 0x40, 0x00, 0x00, 0x40, 0x07, 0x00, 0x00, 0x22, 0x40, 0x00, 0x00,
    0xc0, 0x06, 0x00, 0x00, 0x0d, 0x01, 0x12, 0x00, 0x03, 0x00, 0x00, 0x00,
    0x00, 0x40, 0x00, 0x00, 0x10, 0xbc, 0x01, 0x00, 0x10, 0x40, 0x00, 0x00,
    0x30, 0x8e, 0x02, 0x00, 0x03, 0x00, 0x00, 0x00, 0x00, 0x40, 0x00, 0x00,
    0x90, 0x8a, 0x02, 0x00, 0x0b, 0x01, 0x00, 0x00, 0x0c, 0x01, 0x00, 0x00,
    0x01, 0x01, 0x00, 0x00, 0x02, 0x01, 0x00, 0x00, 0x10, 0x40, 0x00, 0x00,
    0x70, 0x2c, 0x02, 0x00, 0x21, 0x01, 0x00, 0x00, 0x20, 0x01, 0x00, 0x00,
    0x20, 0x40, 0x00, 0x00, 0xa0, 0x08, 0x00, 0x00, 0x21, 0x40, 0x00, 0x00,
    0x00, 0x01, 0x00, 0x00, 0x22, 0x40, 0x00, 0x00, 0x20, 0x08, 0x00, 0x00,
    0x0d, 0x01, 0x0a, 0x00, 0x2f, 0x01, 0x01, 0x00, 0x02, 0x00, 0x00, 0x00,
    0x00, 0x40, 0x00, 0x00, 0x30, 0x8e, 0x02, 0x00, 0x10, 0x40, 0x00, 0x00,
    0x10, 0x30, 0x02, 0x00, 0x2f, 0x01, 0x03, 0x00, 0x02, 0x00, 0x00, 0x00,
    0x00, 0x40, 0x00, 0x00, 0x90, 0x21, 0x02, 0x00, 0x0b, 0x01, 0x02, 0x00,
    0x0c, 0x01, 0x02, 0x00, 0x01, 0x01, 0x01, 0x00, 0x02, 0x01, 0x01, 0x00,
    0x10, 0x40, 0x00, 0x00, 0x50, 0x83, 0x02, 0x00, 0x21, 0x01, 0x02, 0x00,
    0x20, 0x01, 0x02, 0x00, 0x20, 0x40, 0x00, 0x00, 0xa0, 0x04, 0x00, 0x00,
    0x21, 0x40, 0x00, 0x00, 0xa0, 0x00, 0x00, 0x00, 0x22, 0x40, 0x00, 0x00,
    0x20, 0x04, 0x00, 0x00, 0x03, 0x00, 0x00, 0x00, 0x00, 0x40, 0x00, 0x00,
    0x30, 0x25, 0x02, 0x00, 0x02, 0x40, 0x00, 0x00, 0xb0, 0x16, 0x02, 0x00,
    0x0b, 0x01, 0x01, 0x00, 0x0c, 0x01, 0x01, 0x00, 0x10, 0x40, 0x00, 0x00,
    0xf0, 0x86, 0x02, 0x00, 0x03, 0x00, 0x00, 0x00, 0x00, 0x40, 0x00, 0x00,
    0x50, 0x83, 0x02, 0x00, 0x02, 0x40, 0x00, 0x00, 0x00, 0x00, 0x00, 0x00,
    0x0b, 0x01, 0x00, 0x00, 0x0c, 0x01, 0x00, 0x00, 0x01, 0x01, 0x00, 0x00,
    0x02, 0x01, 0x00, 0x00, 0x10, 0x40, 0x00, 0x00, 0xf0, 0xa9, 0x01, 0x00,
    0x21, 0x01, 0x00, 0x00, 0x20, 0x01, 0x00, 0x00, 0x20, 0x40, 0x00, 0x00,
    0xc0, 0x05, 0x00, 0x00, 0x21, 0x40, 0x00, 0x00, 0x00, 0x01, 0x00, 0x00,
    0x22, 0x40, 0x00, 0x00, 0x40, 0x05, 0x00, 0x00, 0x2f, 0x01, 0x01, 0x00,
    0x02, 0x00, 0x00, 0x00, 0x00, 0x40, 0x00, 0x00, 0xf0, 0x86, 0x02, 0x00,
    0x10, 0x40, 0x00, 0x00, 0x90, 0xad, 0x01, 0x00, 0x2f, 0x01, 0x03, 0x00,
    0x02, 0x00, 0x00, 0x00, 0x00, 0x40, 0x00, 0x00, 0xd0, 0x28, 0x02, 0x00,
    0x02, 0x40, 0x00, 0x00, 0xb0, 0x16, 0x02, 0x00, 0x01, 0x01, 0x01, 0x00,
    0x02, 0x01, 0x01, 0x00, 0x10, 0x40, 0x00, 0x00, 0x50, 0x83, 0x02, 0x00,
    0x21, 0x01, 0x02, 0x00, 0x20, 0x01, 0x02, 0x00, 0x20, 0x40, 0x00, 0x00,
    0xa0, 0x04, 0x00, 0x00, 0x21, 0x40, 0x00, 0x00, 0xa0, 0x00, 0x00, 0x00,
    0x22, 0x40, 0x00, 0x00, 0x20, 0x04, 0x00, 0x00, 0x03, 0x00, 0x00, 0x00,
    0x00, 0x40, 0x00, 0x00, 0x40, 0x28, 0x01, 0x00, 0x02, 0x40, 0x00, 0x00,
    0x00, 0x00, 0x00, 0x00, 0x0b, 0x01, 0x01, 0x00, 0x0c, 0x01, 0x01, 0x00,
    0x0a, 0x01, 0x72, 0x00, 0x04, 0x01, 0x03, 0x00, 0x05, 0x40, 0x00, 0x00,
    0xcc, 0x01, 0x00, 0x00, 0x04, 0x40, 0x00, 0x00, 0x04, 0x00, 0x00, 0x00,
    0x06, 0x40, 0x00, 0x00, 0x01, 0x00, 0x00, 0x00, 0x09, 0x01, 0x00, 0x00,
    0x05, 0x01, 0x01, 0x00, 0x01, 0x01, 0x00, 0x00, 0x02, 0x01, 0x00, 0x00,
    0x10, 0x40, 0x00, 0x00, 0xb0, 0x6d, 0x02, 0x00, 0x11, 0x01, 0x72, 0x00,
    0x1a, 0x01, 0x72, 0x00, 0x13, 0x01, 0x03, 0x00, 0x15, 0x40, 0x00, 0x00,
    0x30, 0x07, 0x00, 0x00, 0x16, 0x40, 0x00, 0x00, 0x30, 0x07, 0x00, 0x00,
    0x18, 0x01, 0x00, 0x00, 0x14, 0x01, 0x41, 0x81, 0x21, 0x01, 0x01, 0x00,
    0x20, 0x01, 0x00, 0x00, 0x22, 0x01, 0x02, 0x00, 0x15, 0x01, 0x15, 0x00,
    0x17, 0x01, 0x07, 0x00, 0x05, 0x00, 0x01, 0x00, 0x00, 0x40, 0x00, 0x00,
    0xd8, 0x2b, 0x01, 0x00, 0x10, 0x40, 0x00, 0x00, 0xe0, 0x74, 0x02, 0x00,
    0x05, 0x00, 0x01, 0x00, 0x00, 0x40, 0x00, 0x00, 0xb0, 0x6d, 0x02, 0x00,
    0x0b, 0x01, 0x00, 0x00, 0x0c, 0x01, 0x00, 0x00, 0x05, 0x40, 0x00, 0x00,
    0x30, 0x07, 0x00, 0x00, 0x04, 0x40, 0x00, 0x00, 0x10, 0x00, 0x00, 0x00,
    0x06, 0x40, 0x00, 0x00, 0x30, 0x07, 0x00, 0x00, 0x05, 0x01, 0x41, 0x00,
    0x01, 0x01, 0x01, 0x00, 0x02, 0x01, 0x01, 0x00, 0x10, 0x40, 0x00, 0x00,
    0x70, 0x9b, 0x01, 0x00, 0x11, 0x01, 0x39, 0x00, 0x1a, 0x01, 0x39, 0x00,
    0x13, 0x01, 0x0b, 0x00, 0x15, 0x40, 0x00, 0x00, 0xa0, 0x03, 0x00, 0x00,
    0x16, 0x40, 0x00, 0x00, 0xa0, 0x03, 0x00, 0x00, 0x18, 0x01, 0x80, 0xff,
    0x14, 0x01, 0x41, 0x00, 0x21, 0x01, 0x00, 0x00, 0x20, 0x01, 0x02, 0x00,
    0x22, 0x01, 0x05, 0x00, 0x20, 0x40, 0x00, 0x00, 0x80, 0x00, 0x00, 0x00,
    0x21, 0x40, 0x00, 0x00, 0xe0, 0x00, 0x00, 0x00, 0x22, 0x40, 0x00, 0x00,
    0x00, 0x00, 0x00, 0x00, 0x15, 0x01, 0x39, 0x00, 0x17, 0x01, 0x0f, 0x00,
    0x2f, 0x01, 0x01, 0x00, 0x02, 0x00, 0x00, 0x00, 0x00, 0x40, 0x00, 0x00,
    0xe0, 0x74, 0x02, 0x00, 0x10, 0x40, 0x00, 0x00, 0x10, 0x9f, 0x01, 0x00,
    0x2f, 0x01, 0x03, 0x00, 0x02, 0x00, 0x00, 0x00, 0x00, 0x40, 0x00, 0x00,
    0x70, 0x2f, 0x01, 0x00, 0x0b, 0x01, 0x01, 0x00, 0x0c, 0x01, 0x01, 0x00,
    0x05, 0x40, 0x00, 0x00, 0xcc, 0x01, 0x00, 0x00, 0x04, 0x40, 0x00, 0x00,
    0x04, 0x00, 0x00, 0x00, 0x06, 0x40, 0x00, 0x00, 0x01, 0x00, 0x00, 0x00,
    0x05, 0x01, 0x01, 0x00, 0x01, 0x01, 0x00, 0x00, 0x02, 0x01, 0x00, 0x00,
    0x10, 0x40, 0x00, 0x00, 0xb0, 0x6d, 0x02, 0x00, 0x11, 0x01, 0x72, 0x00,
    0x1a, 0x01, 0x72, 0x00, 0x13, 0x01, 0x03, 0x00, 0x15, 0x40, 0x00, 0x00,
    0x30, 0x07, 0x00, 0x00, 0x16, 0x40, 0x00, 0x00, 0x30, 0x07, 0x00, 0x00,
    0x18, 0x01, 0x00, 0x00, 0x14, 0x01, 0x41, 0x81, 0x21, 0x01, 0x01, 0x00,
    0x20, 0x01, 0x00, 0x00, 0x22, 0x01, 0x02, 0x00, 0x15, 0x01, 0x15, 0x00,
    0x17, 0x01, 0x07, 0x00, 0x05, 0x00, 0x01, 0x00, 0x00, 0x40, 0x00, 0x00,
    0x08, 0x33, 0x01, 0x00, 0x10, 0x40, 0x00, 0x00, 0xe0, 0x74, 0x02, 0x00,
    0x05, 0x00, 0x01, 0x00, 0x00, 0x40, 0x00, 0x00, 0xb0, 0x6d, 0x02, 0x00,
    0x0b, 0x01, 0x00, 0x00, 0x0c, 0x01, 0x00, 0x00, 0x05, 0x40, 0x00, 0x00,
    0x30, 0x07, 0x00, 0x00, 0x04, 0x40, 0x00, 0x00, 0x10, 0x00, 0x00, 0x00,
    0x06, 0x40, 0x00, 0x00, 0x30, 0x07, 0x00, 0x00, 0x05, 0x01, 0x41, 0x00,
    0x01, 0x01, 0x01, 0x00, 0x02, 0x01, 0x01, 0x00, 0x10, 0x40, 0x00, 0x00,
    0xb0, 0xa2, 0x01, 0x00, 0x11, 0x01, 0x39, 0x00, 0x1a, 0x01, 0x39, 0x00,
    0x13, 0x01, 0x0b, 0x00, 0x15, 0x40, 0x00, 0x00, 0xa0, 0x03, 0x00, 0x00,
    0x16, 0x40, 0x00, 0x00, 0xa0, 0x03, 0x00, 0x00, 0x18, 0x01, 0x80, 0xff,
    0x14, 0x01, 0x41, 0x00, 0x21, 0x01, 0x00, 0x00, 0x20, 0x01, 0x02, 0x00,
    0x22, 0x01, 0x05, 0x00, 0x15, 0x01, 0x39, 0x00, 0x17, 0x01, 0x0f, 0x00,
    0x2f, 0x01, 0x01, 0x00, 0x02, 0x00, 0x00, 0x00, 0x00, 0x40, 0x00, 0x00,
    0xe0, 0x74, 0x02, 0x00, 0x10, 0x40, 0x00, 0x00, 0x50, 0xa6, 0x01, 0x00,
    0x2f, 0x01, 0x03, 0x00, 0x02, 0x00, 0x00, 0x00, 0x00, 0x40, 0x00, 0x00,
    0xa0, 0x36, 0x01, 0x00, 0x0b, 0x01, 0x01, 0x00, 0x0c, 0x01, 0x01, 0x00,
    0x05, 0x40, 0x00, 0x00, 0xcc, 0x01, 0x00, 0x00, 0x04, 0x40, 0x00, 0x00,
    0x04, 0x00, 0x00, 0x00, 0x06, 0x40, 0x00, 0x00, 0x01, 0x00, 0x00, 0x00,
    0x05, 0x01, 0x01, 0x00, 0x01, 0x01, 0x00, 0x00, 0x02, 0x01, 0x00, 0x00,
    0x10, 0x40, 0x00, 0x00, 0xb0, 0x6d, 0x02, 0x00, 0x11, 0x01, 0x72, 0x00,
    0x1a, 0x01, 0x72, 0x00, 0x13, 0x01, 0x03, 0x00, 0x15, 0x40, 0x00, 0x00,
    0x30, 0x07, 0x00, 0x00, 0x16, 0x40, 0x00, 0x00, 0x30, 0x07, 0x00, 0x00,
    0x18, 0x01, 0x00, 0x00, 0x14, 0x01, 0x41, 0x81, 0x21, 0x01, 0x01, 0x00,
    0x20, 0x01, 0x00, 0x00, 0x22, 0x01, 0x02, 0x00, 0x15, 0x01, 0x15, 0x00,
    0x17, 0x01, 0x07, 0x00, 0x05, 0x00, 0x01, 0x00, 0x00, 0x40, 0x00, 0x00,
    0x38, 0x3a, 0x01, 0x00, 0x10, 0x40, 0x00, 0x00, 0xe0, 0x74, 0x02, 0x00,
    0x05, 0x00, 0x01, 0x00, 0x00, 0x40, 0x00, 0x00, 0xb0, 0x6d, 0x02, 0x00,
    0x0b, 0x01, 0x00, 0x00, 0x0c, 0x01, 0x00, 0x00, 0x05, 0x40, 0x00, 0x00,
    0x30, 0x07, 0x00, 0x00, 0x04, 0x40, 0x00, 0x00, 0x10, 0x00, 0x00, 0x00,
    0x06, 0x40, 0x00, 0x00, 0x30, 0x07, 0x00, 0x00, 0x05, 0x01, 0x41, 0x00,
    0x01, 0x01, 0x01, 0x00, 0x02, 0x01, 0x01, 0x00, 0x10, 0x40, 0x00, 0x00,
    0xb0, 0x85, 0x01, 0x00, 0x11, 0x01, 0x39, 0x00, 0x1a, 0x01, 0x39, 0x00,
    0x13, 0x01, 0x0b, 0x00, 0x15, 0x40, 0x00, 0x00, 0xa0, 0x03, 0x00, 0x00,
    0x16, 0x40, 0x00, 0x00, 0xa0, 0x03, 0x00, 0x00, 0x18, 0x01, 0x80, 0xff,
    0x14, 0x01, 0x41, 0x00, 0x21, 0x01, 0x00, 0x00, 0x20, 0x01, 0x02, 0x00,
    0x22, 0x01, 0x05, 0x00, 0x15, 0x01, 0x39, 0x00, 0x17, 0x01, 0x0f, 0x00,
    0x2f, 0x01, 0x01, 0x00, 0x02, 0x00, 0x00, 0x00, 0x00, 0x40, 0x00, 0x00,
    0xe0, 0x74, 0x02, 0x00, 0x10, 0x40, 0x00, 0x00, 0x50, 0x89, 0x01, 0x00,
    0x2f, 0x01, 0x03, 0x00, 0x02, 0x00, 0x00, 0x00, 0x00, 0x40, 0x00, 0x00,
    0xf0, 0x8c, 0x01, 0x00, 0x0b, 0x01, 0x04, 0x00, 0x0c, 0x01, 0x04, 0x00,
    0x0a, 0x01, 0x39, 0x00, 0x04, 0x01, 0x0b, 0x00, 0x05, 0x40, 0x00, 0x00,
    0xa0, 0x03, 0x00, 0x00, 0x06, 0x40, 0x00, 0x00, 0xa0, 0x03, 0x00, 0x00,
    0x09, 0x01, 0x80, 0xff, 0x10, 0x40, 0x00, 0x00, 0x10, 0x7c, 0x02, 0x00,
    0x21, 0x01, 0x04, 0x00, 0x22, 0x01, 0x00, 0x00, 0x20, 0x40, 0x00, 0x00,
    0xe0, 0x01, 0x00, 0x00, 0x22, 0x40, 0x00, 0x00, 0x60, 0x01, 0x00, 0x00,
    0x0d, 0x01, 0x12, 0x00, 0x2f, 0x01, 0x01, 0x00, 0x03, 0x00, 0x00, 0x00,
    0x00, 0x40, 0x00, 0x00, 0x90, 0x90, 0x01, 0x00, 0x10, 0x40, 0x00, 0x00,
    0xb0, 0x7f, 0x02, 0x00, 0x2f, 0x01, 0x03, 0x00, 0x03, 0x00, 0x00, 0x00,
    0x00, 0x40, 0x00, 0x00, 0x10, 0x7c, 0x02, 0x00, 0x0b, 0x01, 0x00, 0x00,
    0x0c, 0x01, 0x00, 0x00, 0x01, 0x01, 0x00, 0x00, 0x02, 0x01, 0x00, 0x00,
    0x10, 0x40, 0x00, 0x00, 0xf0, 0x1d, 0x02, 0x00, 0x21, 0x01, 0x00, 0x00,
    0x20, 0x01, 0x00, 0x00, 0x20, 0x40, 0x00, 0x00, 0x40, 0x03, 0x00, 0x00,
    0x22, 0x40, 0x00, 0x00, 0xc0, 0x02, 0x00, 0x00, 0x0d, 0x01, 0x0a, 0x00,
    0x2f, 0x01, 0x01, 0x00, 0x02, 0x00, 0x00, 0x00, 0x00, 0x40, 0x00, 0x00,
    0xb0, 0x7f, 0x02, 0x00, 0x10, 0x40, 0x00, 0x00, 0x90, 0x21, 0x02, 0x00,
    0x2f, 0x01, 0x03, 0x00, 0x02, 0x00, 0x00, 0x00, 0x00, 0x40, 0x00, 0x00,
    0x30, 0x94, 0x01, 0x00, 0x0b, 0x01, 0x04, 0x00, 0x0c, 0x01, 0x04, 0x00,
    0x01, 0x01, 0x01, 0x00, 0x02, 0x01, 0x01, 0x00, 0x10, 0x40, 0x00, 0x00,
    0x10, 0x7c, 0x02, 0x00, 0x21, 0x01, 0x04, 0x00, 0x20, 0x01, 0x02, 0x00,
    0x20, 0x40, 0x00, 0x00, 0xe0, 0x01, 0x00, 0x00, 0x22, 0x40, 0x00, 0x00,
    0x60, 0x01, 0x00, 0x00, 0x0d, 0x01, 0x12, 0x00, 0x03, 0x00, 0x00, 0x00,
    0x00, 0x40, 0x00, 0x00, 0xd0, 0x97, 0x01, 0x00, 0x10, 0x40, 0x00, 0x00,
    0xb0, 0x7f, 0x02, 0x00, 0x03, 0x00, 0x00, 0x00, 0x00, 0x40, 0x00, 0x00,
    0x10, 0x7c, 0x02, 0x00, 0x0b, 0x01, 0x00, 0x00, 0x0c, 0x01, 0x00, 0x00,
    0x01, 0x01, 0x00, 0x00, 0x02, 0x01, 0x00, 0x00, 0x10, 0x40, 0x00, 0x00,
    0x30, 0x25, 0x02, 0x00, 0x21, 0x01, 0x00, 0x00, 0x20, 0x01, 0x00, 0x00,
    0x20, 0x40, 0x00, 0x00, 0x40, 0x03, 0x00, 0x00, 0x22, 0x40, 0x00, 0x00,
    0xc0, 0x02, 0x00, 0x00, 0x0d, 0x01, 0x0a, 0x00, 0x2f, 0x01, 0x01, 0x00,
    0x02, 0x00, 0x00, 0x00, 0x00, 0x40, 0x00, 0x00, 0xb0, 0x7f, 0x02, 0x00,
    0x10, 0x40, 0x00, 0x00, 0xd0, 0x28, 0x02, 0x00, 0x2f, 0x01, 0x03, 0x00,
    0x02, 0x00, 0x00, 0x00, 0x00, 0x40, 0x00, 0x00, 0xb0, 0x16, 0x02, 0x00,
    0x0b, 0x01, 0x02, 0x00, 0x0c, 0x01, 0x02, 0x00, 0x01, 0x01, 0x01, 0x00,
    0x02, 0x01, 0x01, 0x00, 0x10, 0x40, 0x00, 0x00, 0xf0, 0x86, 0x02, 0x00,
    0x21, 0x01, 0x02, 0x00, 0x20, 0x01, 0x02, 0x00, 0x20, 0x40, 0x00, 0x00,
    0xa0, 0x04, 0x00, 0x00, 0x21, 0x40, 0x00, 0x00, 0xa0, 0x00, 0x00, 0x00,
    0x22, 0x40, 0x00, 0x00, 0x20, 0x04, 0x00, 0x00, 0x2f, 0x01, 0x01, 0x00,
    0x03, 0x00, 0x00, 0x00, 0x00, 0x40, 0x00, 0x00, 0x50, 0x83, 0x02, 0x00,
    0x0b, 0x01, 0x00, 0x00, 0x0c, 0x01, 0x00, 0x00, 0x01, 0x01, 0x00, 0x00,
    0x02, 0x01, 0x00, 0x00, 0x10, 0x40, 0x00, 0x00, 0x30, 0xb1, 0x01, 0x00,
    0x21, 0x01, 0x00, 0x00, 0x20, 0x01, 0x00, 0x00, 0x20, 0x40, 0x00, 0x00,
    0xc0, 0x05, 0x00, 0x00, 0x21, 0x40, 0x00, 0x00, 0x00, 0x01, 0x00, 0x00,
    0x22, 0x40, 0x00, 0x00, 0x40, 0x05, 0x00, 0x00, 0x02, 0x00, 0x00, 0x00,
    0x00, 0x40, 0x00, 0x00, 0xf0, 0x86, 0x02, 0x00, 0x10, 0x40, 0x00, 0x00,
    0xd0, 0xb4, 0x01, 0x00, 0x2f, 0x01, 0x03, 0x00, 0x02, 0x00, 0x00, 0x00,
    0x00, 0x40, 0x00, 0x00, 0x50, 0x1a, 0x02, 0x00, 0x0b, 0x01, 0x02, 0x00,
    0x0c, 0x01, 0x02, 0x00, 0x01, 0x01, 0x01, 0x00, 0x02, 0x01, 0x01, 0x00,
    0x10, 0x40, 0x00, 0x00, 0x50, 0x83, 0x02, 0x00, 0x21, 0x01, 0x02, 0x00,
    0x20, 0x01, 0x02, 0x00, 0x20, 0x40, 0x00, 0x00, 0xa0, 0x04, 0x00, 0x00,
    0x21, 0x40, 0x00, 0x00, 0xa0, 0x00, 0x00, 0x00, 0x22, 0x40, 0x00, 0x00,
    0x20, 0x04, 0x00, 0x00, 0x03, 0x00, 0x00, 0x00, 0x00, 0x40, 0x00, 0x00,
    0xf0, 0x1d, 0x02, 0x00, 0x10, 0x40, 0x00, 0x00, 0xf0, 0x86, 0x02, 0x00,
    0x03, 0x00, 0x00, 0x00, 0x00, 0x40, 0x00, 0x00, 0x50, 0x83, 0x02, 0x00,
    0x0b, 0x01, 0x00, 0x00, 0x0c, 0x01, 0x00, 0x00, 0x01, 0x01, 0x00, 0x00,
    0x02, 0x01, 0x00, 0x00, 0x10, 0x40, 0x00, 0x00, 0x70, 0xb8, 0x01, 0x00,
    0x21, 0x01, 0x00, 0x00, 0x20, 0x01, 0x00, 0x00, 0x20, 0x40, 0x00, 0x00,
    0xc0, 0x05, 0x00, 0x00, 0x21, 0x40, 0x00, 0x00, 0x00, 0x01, 0x00, 0x00,
    0x22, 0x40, 0x00, 0x00, 0x40, 0x05, 0x00, 0x00, 0x2f, 0x01, 0x01, 0x00,
    0x02, 0x00, 0x00, 0x00, 0x00, 0x40, 0x00, 0x00, 0xf0, 0x86, 0x02, 0x00,
    0x10, 0x40, 0x00, 0x00, 0x10, 0xbc, 0x01, 0x00, 0x2f, 0x01, 0x03, 0x00,
    0x02, 0x00, 0x00, 0x00, 0x00, 0x40, 0x00, 0x00, 0xb0, 0xbf, 0x01, 0x00,
    0x02, 0x40, 0x00, 0x00, 0xf0, 0xa9, 0x01, 0x00, 0x0b, 0x01, 0x03, 0x00,
    0x0c, 0x01, 0x03, 0x00, 0x01, 0x01, 0x01, 0x00, 0x02, 0x01, 0x01, 0x00,
    0x10, 0x40, 0x00, 0x00, 0x90, 0x8a, 0x02, 0x00, 0x21, 0x01, 0x04, 0x00,
    0x20, 0x01, 0x02, 0x00, 0x20, 0x40, 0x00, 0x00, 0x40, 0x07, 0x00, 0x00,
    0x21, 0x40, 0x00, 0x00, 0xe0, 0x00, 0x00, 0x00, 0x22, 0x40, 0x00, 0x00,
    0xc0, 0x06, 0x00, 0x00, 0x0d, 0x01, 0x12, 0x00, 0x2f, 0x01, 0x01, 0x00,
    0x03, 0x00, 0x00, 0x00, 0x00, 0x40, 0x00, 0x00, 0x50, 0xc3, 0x01, 0x00,
    0x0b, 0x01, 0x02, 0x00, 0x0c, 0x01, 0x02, 0x00, 0x10, 0x40, 0x00, 0x00,
    0x30, 0x8e, 0x02, 0x00, 0x2f, 0x01, 0x03, 0x00, 0x03, 0x00, 0x00, 0x00,
    0x00, 0x40, 0x00, 0x00, 0x90, 0x8a, 0x02, 0x00, 0x02, 0x40, 0x00, 0x00,
    0x00, 0x00, 0x00, 0x00, 0x0b, 0x01, 0x00, 0x00, 0x0c, 0x01, 0x00, 0x00,
    0x01, 0x01, 0x00, 0x00, 0x02, 0x01, 0x00, 0x00, 0x10, 0x40, 0x00, 0x00,
    0xb0, 0x33, 0x02, 0x00, 0x21, 0x01, 0x00, 0x00, 0x20, 0x01, 0x00, 0x00,
    0x20, 0x40, 0x00, 0x00, 0xa0, 0x08, 0x00, 0x00, 0x21, 0x40, 0x00, 0x00,
    0x00, 0x01, 0x00, 0x00, 0x22, 0x40, 0x00, 0x00, 0x20, 0x08, 0x00, 0x00,
    0x0d, 0x01, 0x0a, 0x00, 0x2f, 0x01, 0x01, 0x00, 0x02, 0x00, 0x00, 0x00,
    0x00, 0x40, 0x00, 0x00, 0x30, 0x8e, 0x02, 0x00, 0x10, 0x40, 0x00, 0x00,
    0x50, 0x37, 0x02, 0x00, 0x2f, 0x01, 0x03, 0x00, 0x02, 0x00, 0x00, 0x00,
    0x00, 0x40, 0x00, 0x00, 0xf0, 0x3a, 0x02, 0x00, 0x02, 0x40, 0x00, 0x00,
    0x70, 0x2c, 0x02, 0x00, 0x0b, 0x01, 0x01, 0x00, 0x0c, 0x01, 0x01, 0x00,
    0x01, 0x01, 0x02, 0x00, 0x02, 0x01, 0x02, 0x00, 0x10, 0x40, 0x00, 0x00,
    0x70, 0x95, 0x02, 0x00, 0x21, 0x01, 0x02, 0x00, 0x20, 0x01, 0x04, 0x00,
    0x20, 0x40, 0x00, 0x00, 0x20, 0x0a, 0x00, 0x00, 0x21, 0x40, 0x00, 0x00,
    0xe0, 0x00, 0x00, 0x00, 0x22, 0x40, 0x00, 0x00, 0xa0, 0x09, 0x00, 0x00,
    0x2f, 0x01, 0x01, 0x00, 0x03, 0x00, 0x00, 0x00, 0x00, 0x40, 0x00, 0x00,
    0xd0, 0x91, 0x02, 0x00, 0x02, 0x40, 0x00, 0x00, 0x00, 0x00, 0x00, 0x00,
    0x0b, 0x01, 0x00, 0x00, 0x0c, 0x01, 0x00, 0x00, 0x01, 0x01, 0x00, 0x00,
    0x02, 0x01, 0x00, 0x00, 0x10, 0x40, 0x00, 0x00, 0xb0, 0xdc, 0x01, 0x00,
    0x21, 0x01, 0x00, 0x00, 0x20, 0x01, 0x00, 0x00, 0x20, 0x40, 0x00, 0x00,
    0x80, 0x0b, 0x00, 0x00, 0x21, 0x40, 0x00, 0x00, 0xf0, 0x00, 0x00, 0x00,
    0x22, 0x40, 0x00, 0x00, 0x00, 0x0b, 0x00, 0x00, 0x02, 0x00, 0x00, 0x00,
    0x00, 0x40, 0x00, 0x00, 0x70, 0x95, 0x02, 0x00, 0x10, 0x40, 0x00, 0x00,
    0x50, 0xe0, 0x01, 0x00, 0x2f, 0x01, 0x03, 0x00, 0x02, 0x00, 0x00, 0x00,
    0x00, 0x40, 0x00, 0x00, 0x90, 0x3e, 0x02, 0x00, 0x02, 0x40, 0x00, 0x00,
    0x70, 0x2c, 0x02, 0x00, 0x01, 0x01, 0x02, 0x00, 0x02, 0x01, 0x02, 0x00,
    0x10, 0x40, 0x00, 0x00, 0xd0, 0x91, 0x02, 0x00, 0x21, 0x01, 0x02, 0x00,
    0x20, 0x01, 0x04, 0x00, 0x20, 0x40, 0x00, 0x00, 0x20, 0x0a, 0x00, 0x00,
    0x21, 0x40, 0x00, 0x00, 0xe0, 0x00, 0x00, 0x00, 0x22, 0x40, 0x00, 0x00,
    0xa0, 0x09, 0x00, 0x00, 0x03, 0x00, 0x00, 0x00, 0x00, 0x40, 0x00, 0x00,
    0x70, 0x2c, 0x02, 0x00, 0x02, 0x40, 0x00, 0x00, 0x00, 0x00, 0x00, 0x00,
    0x0b, 0x01, 0x02, 0x00, 0x0c, 0x01, 0x02, 0x00, 0x10, 0x40, 0x00, 0x00,
    0x70, 0x95, 0x02, 0x00, 0x03, 0x00, 0x00, 0x00, 0x00, 0x40, 0x00, 0x00,
    0xd0, 0x91, 0x02, 0x00, 0x0b, 0x01, 0x00, 0x00, 0x0c, 0x01, 0x00, 0x00,
    0x01, 0x01, 0x00, 0x00, 0x02, 0x01, 0x00, 0x00, 0x10, 0x40, 0x00, 0x00,
    0xf0, 0xe3, 0x01, 0x00, 0x21, 0x01, 0x00, 0x00, 0x20, 0x01, 0x00, 0x00,
    0x20, 0x40, 0x00, 0x00, 0x80, 0x0b, 0x00, 0x00, 0x21, 0x40, 0x00, 0x00,
    0xf0, 0x00, 0x00, 0x00, 0x22, 0x40, 0x00, 0x00, 0x00, 0x0b, 0x00, 0x00,
    0x2f, 0x01, 0x01, 0x00, 0x02, 0x00, 0x00, 0x00, 0x00, 0x40, 0x00, 0x00,
    0x70, 0x95, 0x02, 0x00, 0x10, 0x40, 0x00, 0x00, 0x90, 0xe7, 0x01, 0x00,
    0x2f, 0x01, 0x03, 0x00, 0x02, 0x00, 0x00, 0x00, 0x00, 0x40, 0x00, 0x00,
    0x10, 0x30, 0x02, 0x00, 0x0b, 0x01, 0x02, 0x00, 0x0c, 0x01, 0x02, 0x00,
    0x01, 0x01, 0x02, 0x00, 0x02, 0x01, 0x02, 0x00, 0x10, 0x40, 0x00, 0x00,
    0xd0, 0x91, 0x02, 0x00, 0x21, 0x01, 0x02, 0x00, 0x20, 0x01, 0x04, 0x00,
    0x20, 0x40, 0x00, 0x00, 0x20, 0x0a, 0x00, 0x00, 0x21, 0x40, 0x00, 0x00,
    0xe0, 0x00, 0x00, 0x00, 0x22, 0x40, 0x00, 0x00, 0xa0, 0x09, 0x00, 0x00,
    0x03, 0x00, 0x00, 0x00, 0x00, 0x40, 0x00, 0x00, 0xf0, 0xc6, 0x01, 0x00,
    0x02, 0x40, 0x00, 0x00, 0xf0, 0xa9, 0x01, 0x00, 0x0b, 0x01, 0x01, 0x00,
    0x0c, 0x01, 0x01, 0x00, 0x01, 0x01, 0x01, 0x00, 0x02, 0x01, 0x01, 0x00,
    0x10, 0x40, 0x00, 0x00, 0x90, 0x8a, 0x02, 0x00, 0x21, 0x01, 0x04, 0x00,
    0x20, 0x01, 0x02, 0x00, 0x20, 0x40, 0x00, 0x00, 0x40, 0x07, 0x00, 0x00,
    0x22, 0x40, 0x00, 0x00, 0xc0, 0x06, 0x00, 0x00, 0x0d, 0x01, 0x12, 0x00,
    0x03, 0x00, 0x00, 0x00, 0x00, 0x40, 0x00, 0x00, 0x90, 0xca, 0x01, 0x00,
    0x0b, 0x01, 0x00, 0x00, 0x0c, 0x01, 0x00, 0x00, 0x10, 0x40, 0x00, 0x00,
    0x30, 0x8e, 0x02, 0x00, 0x03, 0x00, 0x00, 0x00, 0x00, 0x40, 0x00, 0x00,
    0x90, 0x8a, 0x02, 0x00, 0x02, 0x40, 0x00, 0x00, 0x00, 0x00, 0x00, 0x00,
    0x01, 0x01, 0x00, 0x00, 0x02, 0x01, 0x00, 0x00, 0x10, 0x40, 0x00, 0x00,
    0xf0, 0x3a, 0x02, 0x00, 0x21, 0x01, 0x00, 0x00, 0x20, 0x01, 0x00, 0x00,
    0x20, 0x40, 0x00, 0x00, 0xa0, 0x08, 0x00, 0x00, 0x21, 0x40, 0x00, 0x00,
    0x00, 0x01, 0x00, 0x00, 0x22, 0x40, 0x00, 0x00, 0x20, 0x08, 0x00, 0x00,
    0x0d, 0x01, 0x0a, 0x00, 0x2f, 0x01, 0x01, 0x00, 0x02, 0x00, 0x00, 0x00,
    0x00, 0x40, 0x00, 0x00, 0x30, 0x8e, 0x02, 0x00, 0x10, 0x40, 0x00, 0x00,
    0x90, 0x3e, 0x02, 0x00, 0x2f, 0x01, 0x03, 0x00, 0x02, 0x00, 0x00, 0x00,
    0x00, 0x40, 0x00, 0x00, 0xf0, 0xa9, 0x01, 0x00, 0x0b, 0x01, 0x04, 0x00,
    0x0c, 0x01, 0x04, 0x00, 0x01, 0x01, 0x01, 0x00, 0x02, 0x01, 0x01, 0x00,
    0x10, 0x40, 0x00, 0x00, 0x90, 0x8a, 0x02, 0x00, 0x21, 0x01, 0x04, 0x00,
    0x20, 0x01, 0x02, 0x00, 0x20, 0x40, 0x00, 0x00, 0x40, 0x07, 0x00, 0x00,
    0x21, 0x40, 0x00, 0x00, 0xe0, 0x00, 0x00, 0x00, 0x22, 0x40, 0x00, 0x00,
    0xc0, 0x06, 0x00, 0x00, 0x0d, 0x01, 0x12, 0x00, 0x03, 0x00, 0x00, 0x00,
    0x00, 0x40, 0x00, 0x00, 0x90, 0xad, 0x01, 0x00, 0x10, 0x40, 0x00, 0x00,
    0x30, 0x8e, 0x02, 0x00, 0x03, 0x00, 0x00, 0x00, 0x00, 0x40, 0x00, 0x00,
    0x90, 0x8a, 0x02, 0x00, 0x0b, 0x01, 0x00, 0x00, 0x0c, 0x01, 0x00, 0x00,
    0x01, 0x01, 0x00, 0x00, 0x02, 0x01, 0x00, 0x00, 0x10, 0x40, 0x00, 0x00,
    0x70, 0x2c, 0x02, 0x00, 0x21, 0x01, 0x00, 0x00, 0x20, 0x01, 0x00, 0x00,
    0x20, 0x40, 0x00, 0x00, 0xa0, 0x08, 0x00, 0x00, 0x21, 0x40, 0x00, 0x00,
    0x00, 0x01, 0x00, 0x00, 0x22, 0x40, 0x00, 0x00, 0x20, 0x08, 0x00, 0x00,
    0x0d, 0x01, 0x0a, 0x00, 0x2f, 0x01, 0x01, 0x00, 0x02, 0x00, 0x00, 0x00,
    0x00, 0x40, 0x00, 0x00, 0x30, 0x8e, 0x02, 0x00, 0x10, 0x40, 0x00, 0x00,
    0x10, 0x30, 0x02, 0x00, 0x2f, 0x01, 0x03, 0x00, 0x02, 0x00, 0x00, 0x00,
    0x00, 0x40, 0x00, 0x00, 0xb0, 0x33, 0x02, 0x00, 0x0b, 0x01, 0x02, 0x00,
    0x0c, 0x01, 0x02, 0x00, 0x01, 0x01, 0x02, 0x00, 0x02, 0x01, 0x02, 0x00,
    0x10, 0x40, 0x00, 0x00, 0x70, 0x95, 0x02, 0x00, 0x21, 0x01, 0x02, 0x00,
    0x20, 0x01, 0x04, 0x00, 0x20, 0x40, 0x00, 0x00, 0x20, 0x0a, 0x00, 0x00,
    0x21, 0x40, 0x00, 0x00, 0xe0, 0x00, 0x00, 0x00, 0x22, 0x40, 0x00, 0x00,
    0xa0, 0x09, 0x00, 0x00, 0x2f, 0x01, 0x01, 0x00, 0x03, 0x00, 0x00, 0x00,
    0x00, 0x40, 0x00, 0x00, 0xd0, 0x91, 0x02, 0x00, 0x0b, 0x01, 0x00, 0x00,
    0x0c, 0x01, 0x00, 0x00, 0x01, 0x01, 0x00, 0x00, 0x02, 0x01, 0x00, 0x00,
    0x10, 0x40, 0x00, 0x00, 0x30, 0xeb, 0x01, 0x00, 0x21, 0x01, 0x00, 0x00,
    0x20, 0x01, 0x00, 0x00, 0x20, 0x40, 0x00, 0x00, 0x80, 0x0b, 0x00, 0x00,
    0x21, 0x40, 0x00, 0x00, 0xf0, 0x00, 0x00, 0x00, 0x22, 0x40, 0x00, 0x00,
    0x00, 0x0b, 0x00, 0x00, 0x02, 0x00, 0x00, 0x00, 0x00, 0x40, 0x00, 0x00,
    0x70, 0x95, 0x02, 0x00, 0x10, 0x40, 0x00, 0x00, 0xd0, 0xee, 0x01, 0x00,
    0x2f, 0x01, 0x03, 0x00, 0x02, 0x00, 0x00, 0x00, 0x00, 0x40, 0x00, 0x00,
    0x30, 0xce, 0x01, 0x00, 0x0b, 0x01, 0x04, 0x00, 0x0c, 0x01, 0x04, 0x00,
    0x01, 0x01, 0x01, 0x00, 0x02, 0x01, 0x01, 0x00, 0x10, 0x40, 0x00, 0x00,
    0x10, 0x99, 0x02, 0x00, 0x21, 0x01, 0x04, 0x00, 0x20, 0x01, 0x02, 0x00,
    0x20, 0x40, 0x00, 0x00, 0xf0, 0x0c, 0x00, 0x00, 0x21, 0x40, 0x00, 0x00,
    0xe0, 0x00, 0x00, 0x00, 0x22, 0x40, 0x00, 0x00, 0x70, 0x0c, 0x00, 0x00,
    0x0d, 0x01, 0x12, 0x00, 0x2f, 0x01, 0x01, 0x00, 0x03, 0x00, 0x00, 0x00,
    0x00, 0x40, 0x00, 0x00, 0xd0, 0xd1, 0x01, 0x00, 0x10, 0x40, 0x00, 0x00,
    0xb0, 0x9c, 0x02, 0x00, 0x2f, 0x01, 0x03, 0x00, 0x03, 0x00, 0x00, 0x00,
    0x00, 0x40, 0x00, 0x00, 0x10, 0x99, 0x02, 0x00, 0x0b, 0x01, 0x00, 0x00,
    0x0c, 0x01, 0x00, 0x00, 0x01, 0x01, 0x00, 0x00, 0x02, 0x01, 0x00, 0x00,
    0x10, 0x40, 0x00, 0x00, 0x70, 0x49, 0x02, 0x00, 0x21, 0x01, 0x00, 0x00,
    0x20, 0x01, 0x00, 0x00, 0x20, 0x40, 0x00, 0x00, 0x50, 0x0e, 0x00, 0x00,
    0x21, 0x40, 0x00, 0x00, 0x00, 0x01, 0x00, 0x00, 0x22, 0x40, 0x00, 0x00,
    0xd0, 0x0d, 0x00, 0x00, 0x0d, 0x01, 0x0a, 0x00, 0x2f, 0x01, 0x01, 0x00,
    0x02, 0x00, 0x00, 0x00, 0x00, 0x40, 0x00, 0x00, 0xb0, 0x9c, 0x02, 0x00,
    0x10, 0x40, 0x00, 0x00, 0x10, 0x4d, 0x02, 0x00, 0x2f, 0x01, 0x03, 0x00,
    0x02, 0x00, 0x00, 0x00, 0x00, 0x40, 0x00, 0x00, 0x70, 0xd5, 0x01, 0x00,
    0x0b, 0x01, 0x04, 0x00, 0x0c, 0x01, 0x04, 0x00, 0x01, 0x01, 0x01, 0x00,
    0x02, 0x01, 0x01, 0x00, 0x10, 0x40, 0x00, 0x00, 0x10, 0x99, 0x02, 0x00,
    0x21, 0x01, 0x04, 0x00, 0x20, 0x01, 0x02, 0x00, 0x20, 0x40, 0x00, 0x00,
    0xf0, 0x0c, 0x00, 0x00, 0x21, 0x40, 0x00, 0x00, 0xe0, 0x00, 0x00, 0x00,
    0x22, 0x40, 0x00, 0x00, 0x70, 0x0c, 0x00, 0x00, 0x0d, 0x01, 0x12, 0x00,
    0x03, 0x00, 0x00, 0x00, 0x00, 0x40, 0x00, 0x00, 0x10, 0xd9, 0x01, 0x00,
    0x10, 0x40, 0x00, 0x00, 0xb0, 0x9c, 0x02, 0x00, 0x03, 0x00, 0x00, 0x00,
    0x00, 0x40, 0x00, 0x00, 0x10, 0x99, 0x02, 0x00, 0x0b, 0x01, 0x00, 0x00,
    0x0c, 0x01, 0x00, 0x00, 0x01, 0x01, 0x00, 0x00, 0x02, 0x01, 0x00, 0x00,
    0x10, 0x40, 0x00, 0x00, 0xb0, 0x50, 0x02, 0x00, 0x21, 0x01, 0x00, 0x00,
    0x20, 0x01, 0x00, 0x00, 0x20, 0x40, 0x00, 0x00, 0x50, 0x0e, 0x00, 0x00,
    0x21, 0x40, 0x00, 0x00, 0x00, 0x01, 0x00, 0x00, 0x22, 0x40, 0x00, 0x00,
    0xd0, 0x0d, 0x00, 0x00, 0x0d, 0x01, 0x0a, 0x00, 0x2f, 0x01, 0x01, 0x00,
    0x02, 0x00, 0x00, 0x00, 0x00, 0x40, 0x00, 0x00, 0xb0, 0x9c, 0x02, 0x00,
    0x10, 0x40, 0x00, 0x00, 0x50, 0x54, 0x02, 0x00, 0x2f, 0x01, 0x03, 0x00,
    0x02, 0x00, 0x00, 0x00, 0x00, 0x40, 0x00, 0x00, 0x30, 0x42, 0x02, 0x00,
    0x0b, 0x01, 0x02, 0x00, 0x0c, 0x01, 0x02, 0x00, 0x01, 0x01, 0x01, 0x00,
    0x02, 0x01, 0x01, 0x00, 0x10, 0x40, 0x00, 0x00, 0xf0, 0xa3, 0x02, 0x00,
    0x21, 0x01, 0x02, 0x00, 0x20, 0x01, 0x02, 0x00, 0x20, 0x40, 0x00, 0x00,
    0xd0, 0x0f, 0x00, 0x00, 0x21, 0x40, 0x00, 0x00, 0xb0, 0x00, 0x00, 0x00,
    0x22, 0x40, 0x00, 0x00, 0x50, 0x0f, 0x00, 0x00, 0x2f, 0x01, 0x01, 0x00,
    0x03, 0x00, 0x00, 0x00, 0x00, 0x40, 0x00, 0x00, 0x50, 0xa0, 0x02, 0x00,
    0x0b, 0x01, 0x00, 0x00, 0x0c, 0x01, 0x00, 0x00, 0x01, 0x01, 0x00, 0x00,
    0x02, 0x01, 0x00, 0x00, 0x10, 0x40, 0x00, 0x00, 0x70, 0xf2, 0x01, 0x00,
    0x21, 0x01, 0x00, 0x00, 0x20, 0x01, 0x00, 0x00, 0x20, 0x40, 0x00, 0x00,
    0x00, 0x11, 0x00, 0x00, 0x21, 0x40, 0x00, 0x00, 0x00, 0x01, 0x00, 0x00,
    0x22, 0x40, 0x00, 0x00, 0x80, 0x10, 0x00, 0x00, 0x02, 0x00, 0x00, 0x00,
    0x00, 0x40, 0x00, 0x00, 0xf0, 0xa3, 0x02, 0x00, 0x10, 0x40, 0x00, 0x00,
    0x10, 0xf6, 0x01, 0x00, 0x2f, 0x01, 0x03, 0x00, 0x02, 0x00, 0x00, 0x00,
    0x00, 0x40, 0x00, 0x00, 0xd0, 0x45, 0x02, 0x00, 0x0b, 0x01, 0x02, 0x00,
    0x0c, 0x01, 0x02, 0x00, 0x01, 0x01, 0x01, 0x00, 0x02, 0x01, 0x01, 0x00,
    0x10, 0x40, 0x00, 0x00, 0x50, 0xa0, 0x02, 0x00, 0x21, 0x01, 0x02, 0x00,
    0x20, 0x01, 0x02, 0x00, 0x20, 0x40, 0x00, 0x00, 0xd0, 0x0f, 0x00, 0x00,
    0x21, 0x40, 0x00, 0x00, 0xb0, 0x00, 0x00, 0x00, 0x22, 0x40, 0x00, 0x00,
    0x50, 0x0f, 0x00, 0x00, 0x03, 0x00, 0x00, 0x00, 0x00, 0x40, 0x00, 0x00,
    0x70, 0x49, 0x02, 0x00, 0x10, 0x40, 0x00, 0x00, 0xf0, 0xa3, 0x02, 0x00,
    0x03, 0x00, 0x00, 0x00, 0x00, 0x40, 0x00, 0x00, 0x50, 0xa0, 0x02, 0x00,
    0x0b, 0x01, 0x00, 0x00, 0x0c, 0x01, 0x00, 0x00, 0x01, 0x01, 0x00, 0x00,
    0x02, 0x01, 0x00, 0x00, 0x10, 0x40, 0x00, 0x00, 0xb0, 0xf9, 0x01, 0x00,
    0x21, 0x01, 0x00, 0x00, 0x20, 0x01, 0x00, 0x00, 0x20, 0x40, 0x00, 0x00,
    0x00, 0x11, 0x00, 0x00, 0x21, 0x40, 0x00, 0x00, 0x00, 0x01, 0x00, 0x00,
    0x22, 0x40, 0x00, 0x00, 0x80, 0x10, 0x00, 0x00, 0x2f, 0x01, 0x01, 0x00,
    0x02, 0x00, 0x00, 0x00, 0x00, 0x40, 0x00, 0x00, 0xf0, 0xa3, 0x02, 0x00,
    0x10, 0x40, 0x00, 0x00, 0x50, 0xfd, 0x01, 0x00, 0x2f, 0x01, 0x03, 0x00,
    0x02, 0x00, 0x00, 0x00, 0x00, 0x40, 0x00, 0x00, 0xf0, 0x00, 0x02, 0x00,
    0x0b, 0x01, 0x04, 0x00, 0x0c, 0x01, 0x04, 0x00, 0x01, 0x01, 0x01, 0x00,
    0x02, 0x01, 0x01, 0x00, 0x10, 0x40, 0x00, 0x00, 0x90, 0xa7, 0x02, 0x00,
    0x21, 0x01, 0x04, 0x00, 0x20, 0x01, 0x02, 0x00, 0x20, 0x40, 0x00, 0x00,
    0x80, 0x12, 0x00, 0x00, 0x21, 0x40, 0x00, 0x00, 0xe0, 0x00, 0x00, 0x00,
    0x22, 0x40, 0x00, 0x00, 0x00, 0x12, 0x00, 0x00, 0x0d, 0x01, 0x12, 0x00,
    0x2f, 0x01, 0x01, 0x00, 0x03, 0x00, 0x00, 0x00, 0x00, 0x40, 0x00, 0x00,
    0x90, 0x04, 0x02, 0x00, 0x10, 0x40, 0x00, 0x00, 0x30, 0xab, 0x02, 0x00,
    0x2f, 0x01, 0x03, 0x00, 0x03, 0x00, 0x00, 0x00, 0x00, 0x40, 0x00, 0x00,
    0x90, 0xa7, 0x02, 0x00, 0x0b, 0x01, 0x00, 0x00, 0x0c, 0x01, 0x00, 0x00,
    0x01, 0x01, 0x00, 0x00, 0x02, 0x01, 0x00, 0x00, 0x10, 0x40, 0x00, 0x00,
    0x30, 0x5f, 0x02, 0x00, 0x21, 0x01, 0x00, 0x00, 0x20, 0x01, 0x00, 0x00,
    0x20, 0x40, 0x00, 0x00, 0xe0, 0x13, 0x00, 0x00, 0x21, 0x40, 0x00, 0x00,
    0x00, 0x01, 0x00, 0x00, 0x22, 0x40, 0x00, 0x00, 0x60, 0x13, 0x00, 0x00,
    0x0d, 0x01, 0x0a, 0x00, 0x2f, 0x01, 0x01, 0x00, 0x02, 0x00, 0x00, 0x00,
    0x00, 0x40, 0x00, 0x00, 0x30, 0xab, 0x02, 0x00, 0x10, 0x40, 0x00, 0x00,
    0xd0, 0x62, 0x02, 0x00, 0x2f, 0x01, 0x03, 0x00, 0x02, 0x00, 0x00, 0x00,
    0x00, 0x40, 0x00, 0x00, 0x70, 0x66, 0x02, 0x00, 0x02, 0x40, 0x00, 0x00,
    0xf0, 0x57, 0x02, 0x00, 0x0b, 0x01, 0x01, 0x00, 0x0c, 0x01, 0x01, 0x00,
    0x01, 0x01, 0x02, 0x00, 0x02, 0x01, 0x02, 0x00, 0x10, 0x40, 0x00, 0x00,
    0x70, 0xb2, 0x02, 0x00, 0x21, 0x01, 0x02, 0x00, 0x20, 0x01, 0x04, 0x00,
    0x20, 0x40, 0x00, 0x00, 0x60, 0x15, 0x00, 0x00, 0x21, 0x40, 0x00, 0x00,
    0xe0, 0x00, 0x00, 0x00, 0x22, 0x40, 0x00, 0x00, 0xe0, 0x14, 0x00, 0x00,
    0x2f, 0x01, 0x01, 0x00, 0x03, 0x00, 0x00, 0x00, 0x00, 0x40, 0x00, 0x00,
    0xd0, 0xae, 0x02, 0x00, 0x02, 0x40, 0x00, 0x00, 0x00, 0x00, 0x00, 0x00,
    0x0b, 0x01, 0x00, 0x00, 0x0c, 0x01, 0x00, 0x00, 0x01, 0x01, 0x00, 0x00,
    0x02, 0x01, 0x00, 0x00, 0x10, 0x40, 0x00, 0x00, 0x10, 0xb6, 0x02, 0x00,
    0x21, 0x01, 0x00, 0x00, 0x20, 0x01, 0x00, 0x00, 0x20, 0x40, 0x00, 0x00,
    0xc0, 0x16, 0x00, 0x00, 0x21, 0x40, 0x00, 0x00, 0xf0, 0x00, 0x00, 0x00,
    0x22, 0x40, 0x00, 0x00, 0x40, 0x16, 0x00, 0x00, 0x02, 0x00, 0x00, 0x00,
    0x00, 0x40, 0x00, 0x00, 0x70, 0xb2, 0x02, 0x00, 0x10, 0x40, 0x00, 0x00,
    0xb0, 0xb9, 0x02, 0x00, 0x2f, 0x01, 0x03, 0x00, 0x02, 0x00, 0x00, 0x00,
    0x00, 0x40, 0x00, 0x00, 0x10, 0xb6, 0x02, 0x00, 0x10, 0x40, 0x00, 0x00,
    0xc8, 0x0b, 0x00, 0x00, 0x13, 0x01, 0x00, 0x00, 0x15, 0x40, 0x00, 0x00,
    0x3a, 0x00, 0x00, 0x00, 0x14, 0x40, 0x00, 0x00, 0x01, 0x00, 0x00, 0x00,
    0x16, 0x40, 0x00, 0x00, 0x01, 0x00, 0x00, 0x00, 0x18, 0x01, 0x5a, 0x00,
    0x14, 0x01, 0x01, 0x00, 0x20, 0x40, 0x00, 0x00, 0xc0, 0x17, 0x00, 0x00,
    0x21, 0x40, 0x00, 0x00, 0x40, 0x00, 0x00, 0x00, 0x22, 0x40, 0x00, 0x00,
    0xb0, 0x17, 0x00, 0x00, 0x23, 0x40, 0x00, 0x00, 0x10, 0x00, 0x00, 0x00,
    0x17, 0x01, 0x07, 0x00, 0x2f, 0x01, 0x01, 0x00, 0x02, 0x00, 0x00, 0x00,
    0x00, 0x40, 0x00, 0x00, 0xb0, 0xb9, 0x02, 0x00, 0x10, 0x40, 0x00, 0x00,
    0x02, 0x0c, 0x00, 0x00, 0x2f, 0x01, 0x03, 0x00, 0x02, 0x00, 0x00, 0x00,
    0x00, 0x40, 0x00, 0x00, 0x10, 0x6a, 0x02, 0x00, 0x02, 0x40, 0x00, 0x00,
    0xf0, 0x57, 0x02, 0x00, 0x01, 0x01, 0x02, 0x00, 0x02, 0x01, 0x02, 0x00,
    0x10, 0x40, 0x00, 0x00, 0xd0, 0xae, 0x02, 0x00, 0x13, 0x01, 0x0b, 0x00,
    0x15, 0x40, 0x00, 0x00, 0xa0, 0x03, 0x00, 0x00, 0x14, 0x40, 0x00, 0x00,
    0x10, 0x00, 0x00, 0x00, 0x16, 0x40, 0x00, 0x00, 0xa0, 0x03, 0x00, 0x00,
    0x18, 0x01, 0x80, 0xff, 0x14, 0x01, 0x41, 0x00, 0x21, 0x01, 0x02, 0x00,
    0x20, 0x01, 0x04, 0x00, 0x20, 0x40, 0x00, 0x00, 0x60, 0x15, 0x00, 0x00,
    0x21, 0x40, 0x00, 0x00, 0xe0, 0x00, 0x00, 0x00, 0x22, 0x40, 0x00, 0x00,
    0xe0, 0x14, 0x00, 0x00, 0x23, 0x40, 0x00, 0x00, 0x80, 0x00, 0x00, 0x00,
    0x17, 0x01, 0x0f, 0x00, 0x03, 0x00, 0x00, 0x00, 0x00, 0x40, 0x00, 0x00,
    0xf0, 0x57, 0x02, 0x00, 0x02, 0x40, 0x00, 0x00, 0x00, 0x00, 0x00, 0x00,
    0x0b, 0x01, 0x02, 0x00, 0x0c, 0x01, 0x02, 0x00, 0x10, 0x40, 0x00, 0x00,
    0x70, 0xb2, 0x02, 0x00, 0x03, 0x00, 0x00, 0x00, 0x00, 0x40, 0x00, 0x00,
    0xd0, 0xae, 0x02, 0x00, 0x0b, 0x01, 0x00, 0x00, 0x0c, 0x01, 0x00, 0x00,
    0x01, 0x01, 0x00, 0x00, 0x02, 0x01, 0x00, 0x00, 0x10, 0x40, 0x00, 0x00,
    0x10, 0xb6, 0x02, 0x00, 0x21, 0x01, 0x00, 0x00, 0x20, 0x01, 0x00, 0x00,
    0x20, 0x40, 0x00, 0x00, 0xc0, 0x16, 0x00, 0x00, 0x21, 0x40, 0x00, 0x00,
    0xf0, 0x00, 0x00, 0x00, 0x22, 0x40, 0x00, 0x00, 0x40, 0x16, 0x00, 0x00,
    0x2f, 0x01, 0x01, 0x00, 0x02, 0x00, 0x00, 0x00, 0x00, 0x40, 0x00, 0x00,
    0x70, 0xb2, 0x02, 0x00, 0x10, 0x40, 0x00, 0x00, 0xb0, 0xb9, 0x02, 0x00,
    0x2f, 0x01, 0x03, 0x00, 0x02, 0x00, 0x00, 0x00, 0x00, 0x40, 0x00, 0x00,
    0x10, 0xb6, 0x02, 0x00, 0x10, 0x40, 0x00, 0x00, 0x3c, 0x0c, 0x00, 0x00,
    0x13, 0x01, 0x00, 0x00, 0x15, 0x40, 0x00, 0x00, 0x3a, 0x00, 0x00, 0x00,
    0x14, 0x40, 0x00, 0x00, 0x01, 0x00, 0x00, 0x00, 0x16, 0x40, 0x00, 0x00,
    0x01, 0x00, 0x00, 0x00, 0x18, 0x01, 0x5a, 0x00, 0x14, 0x01, 0x01, 0x00,
    0x20, 0x40, 0x00, 0x00, 0xc0, 0x17, 0x00, 0x00, 0x21, 0x40, 0x00, 0x00,
    0x40, 0x00, 0x00, 0x00, 0x22, 0x40, 0x00, 0x00, 0xb0, 0x17, 0x00, 0x00,
    0x23, 0x40, 0x00, 0x00, 0x10, 0x00, 0x00, 0x00, 0x17, 0x01, 0x07, 0x00,
    0x2f, 0x01, 0x01, 0x00, 0x02, 0x00, 0x00, 0x00, 0x00, 0x40, 0x00, 0x00,
    0xb0, 0xb9, 0x02, 0x00, 0x10, 0x40, 0x00, 0x00, 0x76, 0x0c, 0x00, 0x00,
    0x2f, 0x01, 0x03, 0x00, 0x02, 0x00, 0x00, 0x00, 0x00, 0x40, 0x00, 0x00,
    0x90, 0x5b, 0x02, 0x00, 0x0b, 0x01, 0x02, 0x00, 0x0c, 0x01, 0x02, 0x00,
    0x01, 0x01, 0x02, 0x00, 0x02, 0x01, 0x02, 0x00, 0x10, 0x40, 0x00, 0x00,
    0xd0, 0xae, 0x02, 0x00, 0x13, 0x01, 0x0b, 0x00, 0x15, 0x40, 0x00, 0x00,
    0xa0, 0x03, 0x00, 0x00, 0x14, 0x40, 0x00, 0x00, 0x10, 0x00, 0x00, 0x00,
    0x16, 0x40, 0x00, 0x00, 0xa0, 0x03, 0x00, 0x00, 0x18, 0x01, 0x80, 0xff,
    0x14, 0x01, 0x41, 0x00, 0x21, 0x01, 0x02, 0x00, 0x20, 0x01, 0x04, 0x00,
    0x20, 0x40, 0x00, 0x00, 0x60, 0x15, 0x00, 0x00, 0x21, 0x40, 0x00, 0x00,
    0xe0, 0x00, 0x00, 0x00, 0x22, 0x40, 0x00, 0x00, 0xe0, 0x14, 0x00, 0x00,
    0x23, 0x40, 0x00, 0x00, 0x80, 0x00, 0x00, 0x00, 0x17, 0x01, 0x0f, 0x00,
    0x03, 0x00, 0x00, 0x00, 0x00, 0x40, 0x00, 0x00, 0x30, 0x08, 0x02, 0x00,
    0x02, 0x40, 0x00, 0x00, 0x70, 0xf2, 0x01, 0x00, 0x0b, 0x01, 0x03, 0x00,
    0x0c, 0x01, 0x03, 0x00, 0x01, 0x01, 0x01, 0x00, 0x02, 0x01, 0x01, 0x00,
    0x10, 0x40, 0x00, 0x00, 0x90, 0xa7, 0x02, 0x00, 0x21, 0x01, 0x04, 0x00,
    0x20, 0x01, 0x02, 0x00, 0x20, 0x40, 0x00, 0x00, 0x80, 0x12, 0x00, 0x00,
    0x22, 0x40, 0x00, 0x00, 0x00, 0x12, 0x00, 0x00, 0x0d, 0x01, 0x12, 0x00,
    0x03, 0x00, 0x00, 0x00, 0x00, 0x40, 0x00, 0x00, 0xd0, 0x0b, 0x02, 0x00,
    0x0b, 0x01, 0x02, 0x00, 0x0c, 0x01, 0x02, 0x00, 0x10, 0x40, 0x00, 0x00,
    0x30, 0xab, 0x02, 0x00, 0x03, 0x00, 0x00, 0x00, 0x00, 0x40, 0x00, 0x00,
    0x90, 0xa7, 0x02, 0x00, 0x02, 0x40, 0x00, 0x00, 0x00, 0x00, 0x00, 0x00,
    0x0b, 0x01, 0x00, 0x00, 0x0c, 0x01, 0x00, 0x00, 0x01, 0x01, 0x00, 0x00,
    0x02, 0x01, 0x00, 0x00, 0x10, 0x40, 0x00, 0x00, 0x70, 0x66, 0x02, 0x00,
    0x21, 0x01, 0x00, 0x00, 0x20, 0x01, 0x00, 0x00, 0x20, 0x40, 0x00, 0x00,
    0xe0, 0x13, 0x00, 0x00, 0x21, 0x40, 0x00, 0x00, 0x00, 0x01, 0x00, 0x00,
    0x22, 0x40, 0x00, 0x00, 0x60, 0x13, 0x00, 0x00, 0x0d, 0x01, 0x0a, 0x00,
    0x2f, 0x01, 0x01, 0x00, 0x02, 0x00, 0x00, 0x00, 0x00, 0x40, 0x00, 0x00,
    0x30, 0xab, 0x02, 0x00, 0x10, 0x40, 0x00, 0x00, 0x10, 0x6a, 0x02, 0x00,
    0x2f, 0x01, 0x03, 0x00, 0x02, 0x00, 0x00, 0x00, 0x00, 0x40, 0x00, 0x00,
    0x70, 0x0f, 0x02, 0x00, 0x02, 0x40, 0x00, 0x00, 0x70, 0xf2, 0x01, 0x00,
    0x0b, 0x01, 0x01, 0x00, 0x0c, 0x01, 0x01, 0x00, 0x01, 0x01, 0x01, 0x00,
    0x02, 0x01, 0x01, 0x00, 0x10, 0x40, 0x00, 0x00, 0x90, 0xa7, 0x02, 0x00,
    0x21, 0x01, 0x04, 0x00, 0x20, 0x01, 0x02, 0x00, 0x20, 0x40, 0x00, 0x00,
    0x80, 0x12, 0x00, 0x00, 0x21, 0x40, 0x00, 0x00, 0xe0, 0x00, 0x00, 0x00,
    0x22, 0x40, 0x00, 0x00, 0x00, 0x12, 0x00, 0x00, 0x0d, 0x01, 0x12, 0x00,
    0x03, 0x00, 0x00, 0x00, 0x00, 0x40, 0x00, 0x00, 0x10, 0x13, 0x02, 0x00,
    0x0b, 0x01, 0x00, 0x00, 0x0c, 0x01, 0x00, 0x00, 0x10, 0x40, 0x00, 0x00,
    0x30, 0xab, 0x02, 0x00, 0x03, 0x00, 0x00, 0x00, 0x00, 0x40, 0x00, 0x00,
    0x90, 0xa7, 0x02, 0x00, 0x02, 0x40, 0x00, 0x00, 0x00, 0x00, 0x00, 0x00,
    0x01, 0x01, 0x00, 0x00, 0x02, 0x01, 0x00, 0x00, 0x10, 0x40, 0x00, 0x00,
    0xf0, 0x57, 0x02, 0x00, 0x21, 0x01, 0x00, 0x00, 0x20, 0x01, 0x00, 0x00,
    0x20, 0x40, 0x00, 0x00, 0xe0, 0x13, 0x00, 0x00, 0x21, 0x40, 0x00, 0x00,
    0x00, 0x01, 0x00, 0x00, 0x22, 0x40, 0x00, 0x00, 0x60, 0x13, 0x00, 0x00,
    0x0d, 0x01, 0x0a, 0x00, 0x2f, 0x01, 0x01, 0x00, 0x02, 0x00, 0x00, 0x00,
    0x00, 0x40, 0x00, 0x00, 0x30, 0xab, 0x02, 0x00, 0x10, 0x40, 0x00, 0x00,
    0x90, 0x5b, 0x02, 0x00, 0x2f, 0x01, 0x03, 0x00, 0x02, 0x00, 0x00, 0x00,
    0x00, 0x40, 0x00, 0x00, 0x30, 0x5f, 0x02, 0x00, 0x0b, 0x01, 0x02, 0x00,
    0x0c, 0x01, 0x02, 0x00, 0x01, 0x01, 0x02, 0x00, 0x02, 0x01, 0x02, 0x00,
    0x10, 0x40, 0x00, 0x00, 0x70, 0xb2, 0x02, 0x00, 0x21, 0x01, 0x02, 0x00,
    0x20, 0x01, 0x04, 0x00, 0x20, 0x40, 0x00, 0x00, 0x60, 0x15, 0x00, 0x00,
    0x21, 0x40, 0x00, 0x00, 0xe0, 0x00, 0x00, 0x00, 0x22, 0x40, 0x00, 0x00,
    0xe0, 0x14, 0x00, 0x00, 0x2f, 0x01, 0x01, 0x00, 0x03, 0x00, 0x00, 0x00,
    0x00, 0x40, 0x00, 0x00, 0xd0, 0xae, 0x02, 0x00, 0x0b, 0x01, 0x00, 0x00,
    0x0c, 0x01, 0x00, 0x00, 0x01, 0x01, 0x00, 0x00, 0x02, 0x01, 0x00, 0x00,
    0x10, 0x40, 0x00, 0x00, 0x10, 0xb6, 0x02, 0x00, 0x21, 0x01, 0x00, 0x00,
    0x20, 0x01, 0x00, 0x00, 0x20, 0x40, 0x00, 0x00, 0xc0, 0x16, 0x00, 0x00,
    0x21, 0x40, 0x00, 0x00, 0xf0, 0x00, 0x00, 0x00, 0x22, 0x40, 0x00, 0x00,
    0x40, 0x16, 0x00, 0x00, 0x02, 0x00, 0x00, 0x00, 0x00, 0x40, 0x00, 0x00,
    0x70, 0xb2, 0x02, 0x00, 0x10, 0x40, 0x00, 0x00, 0xb0, 0xb9, 0x02, 0x00,
    0x2f, 0x01, 0x03, 0x00, 0x02, 0x00, 0x00, 0x00, 0x00, 0x40, 0x00, 0x00,
    0x10, 0xb6, 0x02, 0x00, 0x10, 0x40, 0x00, 0x00, 0xb0, 0x0c, 0x00, 0x00,
    0x13, 0x01, 0x00, 0x00, 0x15, 0x40, 0x00, 0x00, 0x3a, 0x00, 0x00, 0x00,
    0x14, 0x40, 0x00, 0x00, 0x01, 0x00, 0x00, 0x00, 0x16, 0x40, 0x00, 0x00,
    0x01, 0x00, 0x00, 0x00, 0x18, 0x01, 0x5a, 0x00, 0x14, 0x01, 0x01, 0x00,
    0x20, 0x40, 0x00, 0x00, 0xc0, 0x17, 0x00, 0x00, 0x21, 0x40, 0x00, 0x00,
    0x40, 0x00, 0x00, 0x00, 0x22, 0x40, 0x00, 0x00, 0xb0, 0x17, 0x00, 0x00,
    0x23, 0x40, 0x00, 0x00, 0x10, 0x00, 0x00, 0x00, 0x17, 0x01, 0x07, 0x00,
    0x2f, 0x01, 0x01, 0x00, 0x02, 0x00, 0x00, 0x00, 0x00, 0x40, 0x00, 0x00,
    0xb0, 0xb9, 0x02, 0x00, 0x10, 0x40, 0x00, 0x00, 0xea, 0x0c, 0x00, 0x00,
    0x2f, 0x01, 0x03, 0x00, 0x02, 0x00, 0x00, 0x00, 0x00, 0x40, 0x00, 0x00,
    0xd0, 0x62, 0x02, 0x00, 0x0b, 0x01, 0x02, 0x00, 0x0c, 0x01, 0x02, 0x00,
    0x01, 0x01, 0x02, 0x00, 0x02, 0x01, 0x02, 0x00, 0x10, 0x40, 0x00, 0x00,
    0xd0, 0xae, 0x02, 0x00, 0x13, 0x01, 0x0b, 0x00, 0x15, 0x40, 0x00, 0x00,
    0xa0, 0x03, 0x00, 0x00, 0x14, 0x40, 0x00, 0x00, 0x10, 0x00, 0x00, 0x00,
    0x16, 0x40, 0x00, 0x00, 0xa0, 0x03, 0x00, 0x00, 0x18, 0x01, 0x80, 0xff,
    0x14, 0x01, 0x41, 0x00, 0x21, 0x01, 0x02, 0x00, 0x20, 0x01, 0x04, 0x00,
    0x20, 0x40, 0x00, 0x00, 0x60, 0x15, 0x00, 0x00, 0x21, 0x40, 0x00, 0x00,
    0xe0, 0x00, 0x00, 0x00, 0x22, 0x40, 0x00, 0x00, 0xe0, 0x14, 0x00, 0x00,
    0x23, 0x40, 0x00, 0x00, 0x80, 0x00, 0x00, 0x00, 0x17, 0x01, 0x0f, 0x00,
    0x03, 0x00, 0x00, 0x00, 0x00, 0x40, 0x00, 0x00, 0x70, 0x66, 0x02, 0x00,
    0x02, 0x40, 0x00, 0x00, 0xf0, 0x57, 0x02, 0x00, 0x0b, 0x01, 0x01, 0x00,
    0x0c, 0x01, 0x01, 0x00, 0x10, 0x40, 0x00, 0x00, 0x70, 0xb2, 0x02, 0x00,
    0x03, 0x00, 0x00, 0x00, 0x00, 0x40, 0x00, 0x00, 0xd0, 0xae, 0x02, 0x00,
    0x02, 0x40, 0x00, 0x00, 0x00, 0x00, 0x00, 0x00, 0x0b, 0x01, 0x00, 0x00,
    0x0c, 0x01, 0x00, 0x00, 0x01, 0x01, 0x00, 0x00, 0x02, 0x01, 0x00, 0x00,
    0x10, 0x40, 0x00, 0x00, 0x10, 0xb6, 0x02, 0x00, 0x21, 0x01, 0x00, 0x00,
    0x20, 0x01, 0x00, 0x00, 0x20, 0x40, 0x00, 0x00, 0xc0, 0x16, 0x00, 0x00,
    0x21, 0x40, 0x00, 0x00, 0xf0, 0x00, 0x00, 0x00, 0x22, 0x40, 0x00, 0x00,
    0x40, 0x16, 0x00, 0x00, 0x2f, 0x01, 0x01, 0x00, 0x02, 0x00, 0x00, 0x00,
    0x00, 0x40, 0x00, 0x00, 0x70, 0xb2, 0x02, 0x00, 0x10, 0x40, 0x00, 0x00,
    0xb0, 0xb9, 0x02, 0x00, 0x2f, 0x01, 0x03, 0x00, 0x02, 0x00, 0x00, 0x00,
    0x00, 0x40, 0x00, 0x00, 0x10, 0xb6, 0x02, 0x00, 0x10, 0x40, 0x00, 0x00,
    0x24, 0x0d, 0x00, 0x00, 0x13, 0x01, 0x00, 0x00, 0x15, 0x40, 0x00, 0x00,
    0x3a, 0x00, 0x00, 0x00, 0x14, 0x40, 0x00, 0x00, 0x01, 0x00, 0x00, 0x00,
    0x16, 0x40, 0x00, 0x00, 0x01, 0x00, 0x00, 0x00, 0x18, 0x01, 0x5a, 0x00,
    0x14, 0x01, 0x01, 0x00, 0x20, 0x40, 0x00, 0x00, 0xc0, 0x17, 0x00, 0x00,
    0x21, 0x40, 0x00, 0x00, 0x40, 0x00, 0x00, 0x00, 0x22, 0x40, 0x00, 0x00,
    0xb0, 0x17, 0x00, 0x00, 0x23, 0x40, 0x00, 0x00, 0x10, 0x00, 0x00, 0x00,
    0x17, 0x01, 0x07, 0x00, 0x2f, 0x01, 0x01, 0x00, 0x02, 0x00, 0x00, 0x00,
    0x00, 0x40, 0x00, 0x00, 0xb0, 0xb9, 0x02, 0x00, 0x10, 0x40, 0x00, 0x00,
    0x5e, 0x0d, 0x00, 0x00, 0x2f, 0x01, 0x03, 0x00, 0x02, 0x00, 0x00, 0x00,
    0x00, 0x40, 0x00, 0x00, 0x10, 0x6a, 0x02, 0x00, 0x02, 0x40, 0x00, 0x00,
    0xf0, 0x57, 0x02, 0x00, 0x01, 0x01, 0x02, 0x00, 0x02, 0x01, 0x02, 0x00,
    0x10, 0x40, 0x00, 0x00, 0xd0, 0xae, 0x02, 0x00, 0x13, 0x01, 0x0b, 0x00,
    0x15, 0x40, 0x00, 0x00, 0xa0, 0x03, 0x00, 0x00, 0x14, 0x40, 0x00, 0x00,
    0x10, 0x00, 0x00, 0x00, 0x16, 0x40, 0x00, 0x00, 0xa0, 0x03, 0x00, 0x00,
    0x18, 0x01, 0x80, 0xff, 0x14, 0x01, 0x41, 0x00, 0x21, 0x01, 0x02, 0x00,
    0x20, 0x01, 0x04, 0x00, 0x20, 0x40, 0x00, 0x00, 0x60, 0x15, 0x00, 0x00,
    0x21, 0x40, 0x00, 0x00, 0xe0, 0x00, 0x00, 0x00, 0x22, 0x40, 0x00, 0x00,
    0xe0, 0x14, 0x00, 0x00, 0x23, 0x40, 0x00, 0x00, 0x80, 0x00, 0x00, 0x00,
    0x17, 0x01, 0x0f, 0x00, 0x03, 0x00, 0x00, 0x00, 0x00, 0x40, 0x00, 0x00,
    0x10, 0x4d, 0x02, 0x00, 0x02, 0x40, 0x00, 0x00, 0x00, 0x00, 0x00, 0x00,
    0x0b, 0x01, 0x02, 0x00, 0x0c, 0x01, 0x02, 0x00, 0x01, 0x01, 0x01, 0x00,
    0x02, 0x01, 0x01, 0x00, 0x10, 0x40, 0x00, 0x00, 0x50, 0xa0, 0x02, 0x00,
    0x20, 0x01, 0x02, 0x00, 0x20, 0x40, 0x00, 0x00, 0xd0, 0x0f, 0x00, 0x00,
    0x21, 0x40, 0x00, 0x00, 0xb0, 0x00, 0x00, 0x00, 0x22, 0x40, 0x00, 0x00,
    0x50, 0x0f, 0x00, 0x00, 0x03, 0x00, 0x00, 0x00, 0x00, 0x40, 0x00, 0x00,
    0xb0, 0xdc, 0x01, 0x00, 0x0b, 0x01, 0x04, 0x00, 0x0c, 0x01, 0x04, 0x00,
    0x10, 0x40, 0x00, 0x00, 0x10, 0x99, 0x02, 0x00, 0x21, 0x01, 0x04, 0x00,
    0x20, 0x40, 0x00, 0x00, 0xf0, 0x0c, 0x00, 0x00, 0x21, 0x40, 0x00, 0x00,
    0xe0, 0x00, 0x00, 0x00, 0x22, 0x40, 0x00, 0x00, 0x70, 0x0c, 0x00, 0x00,
    0x0d, 0x01, 0x12, 0x00, 0x03, 0x00, 0x00, 0x00, 0x00, 0x40, 0x00, 0x00,
    0x50, 0xe0, 0x01, 0x00, 0x10, 0x40, 0x00, 0x00, 0xb0, 0x9c, 0x02, 0x00,
    0x03, 0x00, 0x00, 0x00, 0x00, 0x40, 0x00, 0x00, 0x10, 0x99, 0x02, 0x00,
    0x0b, 0x01, 0x00, 0x00, 0x0c, 0x01, 0x00, 0x00, 0x01, 0x01, 0x00, 0x00,
    0x02, 0x01, 0x00, 0x00, 0x10, 0x40, 0x00, 0x00, 0x30, 0x42, 0x02, 0x00,
    0x21, 0x01, 0x00, 0x00, 0x20, 0x01, 0x00, 0x00, 0x20, 0x40, 0x00, 0x00,
    0x50, 0x0e, 0x00, 0x00, 0x21, 0x40, 0x00, 0x00, 0x00, 0x01, 0x00, 0x00,
    0x22, 0x40, 0x00, 0x00, 0xd0, 0x0d, 0x00, 0x00, 0x0d, 0x01, 0x0a, 0x00,
    0x2f, 0x01, 0x01, 0x00, 0x02, 0x00, 0x00, 0x00, 0x00, 0x40, 0x00, 0x00,
    0xb0, 0x9c, 0x02, 0x00, 0x10, 0x40, 0x00, 0x00, 0xd0, 0x45, 0x02, 0x00,
    0x2f, 0x01, 0x03, 0x00, 0x02, 0x00, 0x00, 0x00, 0x00, 0x40, 0x00, 0x00,
    0x50, 0x37, 0x02, 0x00, 0x0b, 0x01, 0x02, 0x00, 0x0c, 0x01, 0x02, 0x00,
    0x01, 0x01, 0x02, 0x00, 0x02, 0x01, 0x02, 0x00, 0x10, 0x40, 0x00, 0x00,
    0xd0, 0x91, 0x02, 0x00, 0x21, 0x01, 0x02, 0x00, 0x20, 0x01, 0x04, 0x00,
    0x20, 0x40, 0x00, 0x00, 0x20, 0x0a, 0x00, 0x00, 0x21, 0x40, 0x00, 0x00,
    0xe0, 0x00, 0x00, 0x00, 0x22, 0x40, 0x00, 0x00, 0xa0, 0x09, 0x00, 0x00,
    0x03, 0x00, 0x00, 0x00, 0x00, 0x40, 0x00, 0x00, 0xf0, 0x3a, 0x02, 0x00,
    0x02, 0x40, 0x00, 0x00, 0x70, 0x2c, 0x02, 0x00, 0x0b, 0x01, 0x01, 0x00,
    0x0c, 0x01, 0x01, 0x00, 0x10, 0x40, 0x00, 0x00, 0x70, 0x95, 0x02, 0x00,
    0x03, 0x00, 0x00, 0x00, 0x00, 0x40, 0x00, 0x00, 0xd0, 0x91, 0x02, 0x00,
    0x02, 0x40, 0x00, 0x00, 0x00, 0x00, 0x00, 0x00, 0x0b, 0x01, 0x00, 0x00,
    0x0c, 0x01, 0x00, 0x00, 0x01, 0x01, 0x00, 0x00, 0x02, 0x01, 0x00, 0x00,
    0x10, 0x40, 0x00, 0x00, 0x30, 0xce, 0x01, 0x00, 0x21, 0x01, 0x00, 0x00,
    0x20, 0x01, 0x00, 0x00, 0x20, 0x40, 0x00, 0x00, 0x80, 0x0b, 0x00, 0x00,
    0x21, 0x40, 0x00, 0x00, 0xf0, 0x00, 0x00, 0x00, 0x22, 0x40, 0x00, 0x00,
    0x00, 0x0b, 0x00, 0x00, 0x2f, 0x01, 0x01, 0x00, 0x02, 0x00, 0x00, 0x00,
    0x00, 0x40, 0x00, 0x00, 0x70, 0x95, 0x02, 0x00, 0x10, 0x40, 0x00, 0x00,
    0xd0, 0xd1, 0x01, 0x00, 0x2f, 0x01, 0x03, 0x00, 0x02, 0x00, 0x00, 0x00,
    0x00, 0x40, 0x00, 0x00, 0x90, 0x3e, 0x02, 0x00, 0x02, 0x40, 0x00, 0x00,
    0x70, 0x2c, 0x02, 0x00, 0x01, 0x01, 0x02, 0x00, 0x02, 0x01, 0x02, 0x00,
    0x10, 0x40, 0x00, 0x00, 0xd0, 0x91, 0x02, 0x00, 0x21, 0x01, 0x02, 0x00,
    0x20, 0x01, 0x04, 0x00, 0x20, 0x40, 0x00, 0x00, 0x20, 0x0a, 0x00, 0x00,
    0x21, 0x40, 0x00, 0x00, 0xe0, 0x00, 0x00, 0x00, 0x22, 0x40, 0x00, 0x00,
    0xa0, 0x09, 0x00, 0x00, 0x03, 0x00, 0x00, 0x00, 0x00, 0x40, 0x00, 0x00,
    0x90, 0x21, 0x02, 0x00, 0x02, 0x40, 0x00, 0x00, 0x00, 0x00, 0x00, 0x00,
    0x0b, 0x01, 0x02, 0x00, 0x0c, 0x01, 0x02, 0x00, 0x01, 0x01, 0x01, 0x00,
    0x02, 0x01, 0x01, 0x00, 0x10, 0x40, 0x00, 0x00, 0x50, 0x83, 0x02, 0x00,
    0x20, 0x01, 0x02, 0x00, 0x20, 0x40, 0x00, 0x00, 0xa0, 0x04, 0x00, 0x00,
    0x21, 0x40, 0x00, 0x00, 0xa0, 0x00, 0x00, 0x00, 0x22, 0x40, 0x00, 0x00,
    0x20, 0x04, 0x00, 0x00, 0x03, 0x00, 0x00, 0x00, 0x00, 0x40, 0x00, 0x00,
    0x70, 0x9b, 0x01, 0x00, 0x02, 0x40, 0x00, 0x00, 0xb0, 0x85, 0x01, 0x00,
    0x0b, 0x01, 0x03, 0x00, 0x0c, 0x01, 0x03, 0x00, 0x10, 0x40, 0x00, 0x00,
    0x10, 0x7c, 0x02, 0x00, 0x21, 0x01, 0x04, 0x00, 0x20, 0x40, 0x00, 0x00,
    0xe0, 0x01, 0x00, 0x00, 0x21, 0x40, 0x00, 0x00, 0xe0, 0x00, 0x00, 0x00,
    0x22, 0x40, 0x00, 0x00, 0x60, 0x01, 0x00, 0x00, 0x0d, 0x01, 0x12, 0x00,
    0x03, 0x00, 0x00, 0x00, 0x00, 0x40, 0x00, 0x00, 0x10, 0x9f, 0x01, 0x00,
    0x0b, 0x01, 0x02, 0x00, 0x0c, 0x01, 0x02, 0x00, 0x10, 0x40, 0x00, 0x00,
    0xb0, 0x7f, 0x02, 0x00, 0x03, 0x00, 0x00, 0x00, 0x00, 0x40, 0x00, 0x00,
    0x10, 0x7c, 0x02, 0x00, 0x02, 0x40, 0x00, 0x00, 0x00, 0x00, 0x00, 0x00,
    0x0b, 0x01, 0x00, 0x00, 0x0c, 0x01, 0x00, 0x00, 0x01, 0x01, 0x00, 0x00,
    0x02, 0x01, 0x00, 0x00, 0x10, 0x40, 0x00, 0x00, 0xb0, 0x16, 0x02, 0x00,
    0x21, 0x01, 0x00, 0x00, 0x20, 0x01, 0x00, 0x00, 0x20, 0x40, 0x00, 0x00,
    0x40, 0x03, 0x00, 0x00, 0x22, 0x40, 0x00, 0x00, 0xc0, 0x02, 0x00, 0x00,
    0x0d, 0x01, 0x0a, 0x00, 0x2f, 0x01, 0x01, 0x00, 0x02, 0x00, 0x00, 0x00,
    0x00, 0x40, 0x00, 0x00, 0xb0, 0x7f, 0x02, 0x00, 0x10, 0x40, 0x00, 0x00,
    0x50, 0x1a, 0x02, 0x00, 0x2f, 0x01, 0x03, 0x00, 0x02, 0x00, 0x00, 0x00,
    0x00, 0x40, 0x00, 0x00, 0xd0, 0x3d, 0x01, 0x00, 0x0b, 0x01, 0x01, 0x00,
    0x0c, 0x01, 0x01, 0x00, 0x0a, 0x01, 0x72, 0x00, 0x04, 0x01, 0x03, 0x00,
    0x05, 0x40, 0x00, 0x00, 0xcc, 0x01, 0x00, 0x00, 0x04, 0x40, 0x00, 0x00,
    0x04, 0x00, 0x00, 0x00, 0x06, 0x40, 0x00, 0x00, 0x01, 0x00, 0x00, 0x00,
    0x09, 0x01, 0x00, 0x00, 0x05, 0x01, 0x01, 0x00, 0x10, 0x40, 0x00, 0x00,
    0xb0, 0x6d, 0x02, 0x00, 0x11, 0x01, 0x72, 0x00, 0x1a, 0x01, 0x72, 0x00,
    0x13, 0x01, 0x03, 0x00, 0x15, 0x40, 0x00, 0x00, 0x30, 0x07, 0x00, 0x00,
    0x16, 0x40, 0x00, 0x00, 0x30, 0x07, 0x00, 0x00, 0x18, 0x01, 0x00, 0x00,
    0x14, 0x01, 0x41, 0x81, 0x21, 0x01, 0x01, 0x00, 0x22, 0x01, 0x02, 0x00,
    0x15, 0x01, 0x15, 0x00, 0x17, 0x01, 0x07, 0x00, 0x05, 0x00, 0x01, 0x00,
    0x00, 0x40, 0x00, 0x00, 0x68, 0x41, 0x01, 0x00, 0x10, 0x40, 0x00, 0x00,
    0xe0, 0x74, 0x02, 0x00, 0x05, 0x00, 0x01, 0x00, 0x00, 0x40, 0x00, 0x00,
    0xb0, 0x6d, 0x02, 0x00, 0x0b, 0x01, 0x00, 0x00, 0x0c, 0x01, 0x00, 0x00,
    0x05, 0x40, 0x00, 0x00, 0x30, 0x07, 0x00, 0x00, 0x04, 0x40, 0x00, 0x00,
    0x10, 0x00, 0x00, 0x00, 0x06, 0x40, 0x00, 0x00, 0x30, 0x07, 0x00, 0x00,
    0x05, 0x01, 0x41, 0x00, 0x01, 0x01, 0x01, 0x00, 0x02, 0x01, 0x01, 0x00,
    0x10, 0x40, 0x00, 0x00, 0xf0, 0x8c, 0x01, 0x00, 0x11, 0x01, 0x39, 0x00,
    0x1a, 0x01, 0x39, 0x00, 0x13, 0x01, 0x0b, 0x00, 0x15, 0x40, 0x00, 0x00,
    0xa0, 0x03, 0x00, 0x00, 0x16, 0x40, 0x00, 0x00, 0xa0, 0x03, 0x00, 0x00,
    0x18, 0x01, 0x80, 0xff, 0x14, 0x01, 0x41, 0x00, 0x21, 0x01, 0x00, 0x00,
    0x20, 0x01, 0x02, 0x00, 0x22, 0x01, 0x05, 0x00, 0x20, 0x40, 0x00, 0x00,
    0x80, 0x00, 0x00, 0x00, 0x22, 0x40, 0x00, 0x00, 0x00, 0x00, 0x00, 0x00,
    0x15, 0x01, 0x39, 0x00, 0x17, 0x01, 0x0f, 0x00, 0x2f, 0x01, 0x01, 0x00,
    0x02, 0x00, 0x00, 0x00, 0x00, 0x40, 0x00, 0x00, 0xe0, 0x74, 0x02, 0x00,
    0x10, 0x40, 0x00, 0x00, 0x90, 0x90, 0x01, 0x00, 0x2f, 0x01, 0x03, 0x00,
    0x02, 0x00, 0x00, 0x00, 0x00, 0x40, 0x00, 0x00, 0x00, 0x45, 0x01, 0x00,
    0x0b, 0x01, 0x01, 0x00, 0x0c, 0x01, 0x01, 0x00, 0x05, 0x40, 0x00, 0x00,
    0xcc, 0x01, 0x00, 0x00, 0x04, 0x40, 0x00, 0x00, 0x04, 0x00, 0x00, 0x00,
    0x06, 0x40, 0x00, 0x00, 0x01, 0x00, 0x00, 0x00, 0x05, 0x01, 0x01, 0x00,
    0x01, 0x01, 0x00, 0x00, 0x02, 0x01, 0x00, 0x00, 0x10, 0x40, 0x00, 0x00,
    0xb0, 0x6d, 0x02, 0x00, 0x11, 0x01, 0x72, 0x00, 0x1a, 0x01, 0x72, 0x00,
    0x13, 0x01, 0x03, 0x00, 0x15, 0x40, 0x00, 0x00, 0x30, 0x07, 0x00, 0x00,
    0x16, 0x40, 0x00, 0x00, 0x30, 0x07, 0x00, 0x00, 0x18, 0x01, 0x00, 0x00,
    0x14, 0x01, 0x41, 0x81, 0x21, 0x01, 0x01, 0x00, 0x20, 0x01, 0x00, 0x00,
    0x22, 0x01, 0x02, 0x00, 0x15, 0x01, 0x15, 0x00, 0x17, 0x01, 0x07, 0x00,
    0x05, 0x00, 0x01, 0x00, 0x00, 0x40, 0x00, 0x00, 0x98, 0x48, 0x01, 0x00,
    0x10, 0x40, 0x00, 0x00, 0xe0, 0x74, 0x02, 0x00, 0x05, 0x00, 0x01, 0x00,
    0x00, 0x40, 0x00, 0x00, 0xb0, 0x6d, 0x02, 0x00, 0x0b, 0x01, 0x00, 0x00,
    0x0c, 0x01, 0x00, 0x00, 0x05, 0x40, 0x00, 0x00, 0x30, 0x07, 0x00, 0x00,
    0x04, 0x40, 0x00, 0x00, 0x10, 0x00, 0x00, 0x00, 0x06, 0x40, 0x00, 0x00,
    0x30, 0x07, 0x00, 0x00, 0x05, 0x01, 0x41, 0x00, 0x01, 0x01, 0x01, 0x00,
    0x02, 0x01, 0x01, 0x00, 0x10, 0x40, 0x00, 0x00, 0x30, 0x94, 0x01, 0x00,
    0x11, 0x01, 0x39, 0x00, 0x1a, 0x01, 0x39, 0x00, 0x13, 0x01, 0x0b, 0x00,
    0x15, 0x40, 0x00, 0x00, 0xa0, 0x03, 0x00, 0x00, 0x16, 0x40, 0x00, 0x00,
    0xa0, 0x03, 0x00, 0x00, 0x18, 0x01, 0x80, 0xff, 0x14, 0x01, 0x41, 0x00,
    0x21, 0x01, 0x00, 0x00, 0x20, 0x01, 0x02, 0x00, 0x22, 0x01, 0x05, 0x00,
    0x15, 0x01, 0x39, 0x00, 0x17, 0x01, 0x0f, 0x00, 0x2f, 0x01, 0x01, 0x00,
    0x02, 0x00, 0x00, 0x00, 0x00, 0x40, 0x00, 0x00, 0xe0, 0x74, 0x02, 0x00,
    0x10, 0x40, 0x00, 0x00, 0xd0, 0x97, 0x01, 0x00, 0x2f, 0x01, 0x03, 0x00,
    0x02, 0x00, 0x00, 0x00, 0x00, 0x40, 0x00, 0x00, 0x30, 0x4c, 0x01, 0x00,
    0x0b, 0x01, 0x01, 0x00, 0x0c, 0x01, 0x01, 0x00, 0x05, 0x40, 0x00, 0x00,
    0xcc, 0x01, 0x00, 0x00, 0x04, 0x40, 0x00, 0x00, 0x04, 0x00, 0x00, 0x00,
    0x06, 0x40, 0x00, 0x00, 0x01, 0x00, 0x00, 0x00, 0x05, 0x01, 0x01, 0x00,
    0x01, 0x01, 0x00, 0x00, 0x02, 0x01, 0x00, 0x00, 0x10, 0x40, 0x00, 0x00,
    0xb0, 0x6d, 0x02, 0x00, 0x11, 0x01, 0x72, 0x00, 0x1a, 0x01, 0x72, 0x00,
    0x13, 0x01, 0x03, 0x00, 0x15, 0x40, 0x00, 0x00, 0x30, 0x07, 0x00, 0x00,
    0x16, 0x40, 0x00, 0x00, 0x30, 0x07, 0x00, 0x00, 0x18, 0x01, 0x00, 0x00,
    0x14, 0x01, 0x41, 0x81, 0x21, 0x01, 0x01, 0x00, 0x20, 0x01, 0x00, 0x00,
    0x22, 0x01, 0x02, 0x00, 0x15, 0x01, 0x15, 0x00, 0x17, 0x01, 0x07, 0x00,
    0x05, 0x00, 0x01, 0x00, 0x00, 0x40, 0x00, 0x00, 0xc8, 0x4f, 0x01, 0x00,
    0x10, 0x40, 0x00, 0x00, 0xe0, 0x74, 0x02, 0x00, 0x05, 0x00, 0x01, 0x00,
    0x00, 0x40, 0x00, 0x00, 0xb0, 0x6d, 0x02, 0x00, 0x0b, 0x01, 0x00, 0x00,
    0x0c, 0x01, 0x00, 0x00, 0x05, 0x40, 0x00, 0x00, 0x30, 0x07, 0x00, 0x00,
    0x04, 0x40, 0x00, 0x00, 0x10, 0x00, 0x00, 0x00, 0x06, 0x40, 0x00, 0x00,
    0x30, 0x07, 0x00, 0x00, 0x05, 0x01, 0x41, 0x00, 0x01, 0x01, 0x01, 0x00,
    0x02, 0x01, 0x01, 0x00, 0x10, 0x40, 0x00, 0x00, 0x70, 0x9b, 0x01, 0x00,
    0x11, 0x01, 0x39, 0x00, 0x1a, 0x01, 0x39, 0x00, 0x13, 0x01, 0x0b, 0x00,
    0x15, 0x40, 0x00, 0x00, 0xa0, 0x03, 0x00, 0x00, 0x16, 0x40, 0x00, 0x00,
    0xa0, 0x03, 0x00, 0x00, 0x18, 0x01, 0x80, 0xff, 0x14, 0x01, 0x41, 0x00,
    0x21, 0x01, 0x00, 0x00, 0x20, 0x01, 0x02, 0x00, 0x22, 0x01, 0x05, 0x00,
    0x15, 0x01, 0x39, 0x00, 0x17, 0x01, 0x0f, 0x00, 0x2f, 0x01, 0x01, 0x00,
    0x02, 0x00, 0x00, 0x00, 0x00, 0x40, 0x00, 0x00, 0xe0, 0x74, 0x02, 0x00,
    0x10, 0x40, 0x00, 0x00, 0x10, 0x9f, 0x01, 0x00, 0x2f, 0x01, 0x03, 0x00,
    0x02, 0x00, 0x00, 0x00, 0x00, 0x40, 0x00, 0x00, 0xb0, 0xa2, 0x01, 0x00,
    0x02, 0x40, 0x00, 0x00, 0xb0, 0x85, 0x01, 0x00, 0x0b, 0x01, 0x01, 0x00,
    0x0c, 0x01, 0x01, 0x00, 0x0a, 0x01, 0x39, 0x00, 0x04, 0x01, 0x0b, 0x00,
    0x05, 0x40, 0x00, 0x00, 0xa0, 0x03, 0x00, 0x00, 0x06, 0x40, 0x00, 0x00,
    0xa0, 0x03, 0x00, 0x00, 0x09, 0x01, 0x80, 0xff, 0x10, 0x40, 0x00, 0x00,
    0x10, 0x7c, 0x02, 0x00, 0x21, 0x01, 0x04, 0x00, 0x22, 0x01, 0x00, 0x00,
    0x20, 0x40, 0x00, 0x00, 0xe0, 0x01, 0x00, 0x00, 0x22, 0x40, 0x00, 0x00,
    0x60, 0x01, 0x00, 0x00, 0x0d, 0x01, 0x12, 0x00, 0x2f, 0x01, 0x01, 0x00,
    0x03, 0x00, 0x00, 0x00, 0x00, 0x40, 0x00, 0x00, 0x50, 0xa6, 0x01, 0x00,
    0x0b, 0x01, 0x00, 0x00, 0x0c, 0x01, 0x00, 0x00, 0x10, 0x40, 0x00, 0x00,
    0xb0, 0x7f, 0x02, 0x00, 0x2f, 0x01, 0x03, 0x00, 0x03, 0x00, 0x00, 0x00,
    0x00, 0x40, 0x00, 0x00, 0x10, 0x7c, 0x02, 0x00, 0x02, 0x40, 0x00, 0x00,
    0x00, 0x00, 0x00, 0x00, 0x01, 0x01, 0x00, 0x00, 0x02, 0x01, 0x00, 0x00,
    0x10, 0x40, 0x00, 0x00, 0xf0, 0x1d, 0x02, 0x00, 0x21, 0x01, 0x00, 0x00,
    0x20, 0x01, 0x00, 0x00, 0x20, 0x40, 0x00, 0x00, 0x40, 0x03, 0x00, 0x00,
    0x22, 0x40, 0x00, 0x00, 0xc0, 0x02, 0x00, 0x00, 0x0d, 0x01, 0x0a, 0x00,
    0x2f, 0x01, 0x01, 0x00, 0x02, 0x00, 0x00, 0x00, 0x00, 0x40, 0x00, 0x00,
    0xb0, 0x7f, 0x02, 0x00, 0x10, 0x40, 0x00, 0x00, 0x90, 0x21, 0x02, 0x00,
    0x2f, 0x01, 0x03, 0x00, 0x02, 0x00, 0x00, 0x00, 0x00, 0x40, 0x00, 0x00,
    0x30, 0x25, 0x02, 0x00, 0x02, 0x40, 0x00, 0x00, 0xb0, 0x16, 0x02, 0x00,
    0x0b, 0x01, 0x01, 0x00, 0x0c, 0x01, 0x01, 0x00, 0x01, 0x01, 0x01, 0x00,
    0x02, 0x01, 0x01, 0x00, 0x10, 0x40, 0x00, 0x00, 0xf0, 0x86, 0x02, 0x00,
    0x21, 0x01, 0x02, 0x00, 0x20, 0x01, 0x02, 0x00, 0x20, 0x40, 0x00, 0x00,
    0xa0, 0x04, 0x00, 0x00, 0x21, 0x40, 0x00, 0x00, 0xa0, 0x00, 0x00, 0x00,
    0x22, 0x40, 0x00, 0x00, 0x20, 0x04, 0x00, 0x00, 0x2f, 0x01, 0x01, 0x00,
    0x03, 0x00, 0x00, 0x00, 0x00, 0x40, 0x00, 0x00, 0x50, 0x83, 0x02, 0x00,
    0x02, 0x40, 0x00, 0x00, 0x00, 0x00, 0x00, 0x00, 0x0b, 0x01, 0x00, 0x00,
    0x0c, 0x01, 0x00, 0x00, 0x01, 0x01, 0x00, 0x00, 0x02, 0x01, 0x00, 0x00,
    0x10, 0x40, 0x00, 0x00, 0xb0, 0xbf, 0x01, 0x00, 0x21, 0x01, 0x00, 0x00,
    0x20, 0x01, 0x00, 0x00, 0x20, 0x40, 0x00, 0x00, 0xc0, 0x05, 0x00, 0x00,
    0x21, 0x40, 0x00, 0x00, 0x00, 0x01, 0x00, 0x00, 0x22, 0x40, 0x00, 0x00,
    0x40, 0x05, 0x00, 0x00, 0x02, 0x00, 0x00, 0x00, 0x00, 0x40, 0x00, 0x00,
    0xf0, 0x86, 0x02, 0x00, 0x10, 0x40, 0x00, 0x00, 0x50, 0xc3, 0x01, 0x00,
    0x2f, 0x01, 0x03, 0x00, 0x02, 0x00, 0x00, 0x00, 0x00, 0x40, 0x00, 0x00,
    0xd0, 0x28, 0x02, 0x00, 0x02, 0x40, 0x00, 0x00, 0xb0, 0x16, 0x02, 0x00,
    0x01, 0x01, 0x01, 0x00, 0x02, 0x01, 0x01, 0x00, 0x10, 0x40, 0x00, 0x00,
    0x50, 0x83, 0x02, 0x00, 0x21, 0x01, 0x02, 0x00, 0x20, 0x01, 0x02, 0x00,
    0x20, 0x40, 0x00, 0x00, 0xa0, 0x04, 0x00, 0x00, 0x21, 0x40, 0x00, 0x00,
    0xa0, 0x00, 0x00, 0x00, 0x22, 0x40, 0x00, 0x00, 0x20, 0x04, 0x00, 0x00,
    0x03, 0x00, 0x00, 0x00, 0x00, 0x40, 0x00, 0x00, 0xb0, 0x16, 0x02, 0x00,
    0x02, 0x40, 0x00, 0x00, 0x00, 0x00, 0x00, 0x00, 0x0b, 0x01, 0x02, 0x00,
    0x0c, 0x01, 0x02, 0x00, 0x10, 0x40, 0x00, 0x00, 0xf0, 0x86, 0x02, 0x00,
    0x03, 0x00, 0x00, 0x00, 0x00, 0x40, 0x00, 0x00, 0x50, 0x83, 0x02, 0x00,
    0x0b, 0x01, 0x00, 0x00, 0x0c, 0x01, 0x00, 0x00, 0x01, 0x01, 0x00, 0x00,
    0x02, 0x01, 0x00, 0x00, 0x10, 0x40, 0x00, 0x00, 0xf0, 0xc6, 0x01, 0x00,
    0x21, 0x01, 0x00, 0x00, 0x20, 0x01, 0x00, 0x00, 0x20, 0x40, 0x00, 0x00,
    0xc0, 0x05, 0x00, 0x00, 0x21, 0x40, 0x00, 0x00, 0x00, 0x01, 0x00, 0x00,
    0x22, 0x40, 0x00, 0x00, 0x40, 0x05, 0x00, 0x00, 0x2f, 0x01, 0x01, 0x00,
    0x02, 0x00, 0x00, 0x00, 0x00, 0x40, 0x00, 0x00, 0xf0, 0x86, 0x02, 0x00,
    0x10, 0x40, 0x00, 0x00, 0x90, 0xca, 0x01, 0x00, 0x2f, 0x01, 0x03, 0x00,
    0x02, 0x00, 0x00, 0x00, 0x00, 0x40, 0x00, 0x00, 0x50, 0x1a, 0x02, 0x00,
    0x0b, 0x01, 0x02, 0x00, 0x0c, 0x01, 0x02, 0x00, 0x01, 0x01, 0x01, 0x00,
    0x02, 0x01, 0x01, 0x00, 0x10, 0x40, 0x00, 0x00, 0x50, 0x83, 0x02, 0x00,
    0x21, 0x01, 0x02, 0x00, 0x20, 0x01, 0x02, 0x00, 0x20, 0x40, 0x00, 0x00,
    0xa0, 0x04, 0x00, 0x00, 0x21, 0x40, 0x00, 0x00, 0xa0, 0x00, 0x00, 0x00,
    0x22, 0x40, 0x00, 0x00, 0x20, 0x04, 0x00, 0x00, 0x03, 0x00, 0x00, 0x00,
    0x00, 0x40, 0x00, 0x00, 0xb0, 0x85, 0x01, 0x00, 0x0b, 0x01, 0x04, 0x00,
    0x0c, 0x01, 0x04, 0x00, 0x10, 0x40, 0x00, 0x00, 0x10, 0x7c, 0x02, 0x00,
    0x21, 0x01, 0x04, 0x00, 0x20, 0x40, 0x00, 0x00, 0xe0, 0x01, 0x00, 0x00,
    0x21, 0x40, 0x00, 0x00, 0xe0, 0x00, 0x00, 0x00, 0x22, 0x40, 0x00, 0x00,
    0x60, 0x01, 0x00, 0x00, 0x0d, 0x01, 0x12, 0x00, 0x03, 0x00, 0x00, 0x00,
    0x00, 0x40, 0x00, 0x00, 0x50, 0x89, 0x01, 0x00, 0x10, 0x40, 0x00, 0x00,
    0xb0, 0x7f, 0x02, 0x00, 0x03, 0x00, 0x00, 0x00, 0x00, 0x40, 0x00, 0x00,
    0x10, 0x7c, 0x02, 0x00, 0x0b, 0x01, 0x00, 0x00, 0x0c, 0x01, 0x00, 0x00,
    0x01, 0x01, 0x00, 0x00, 0x02, 0x01, 0x00, 0x00, 0x10, 0x40, 0x00, 0x00,
    0x30, 0x25, 0x02, 0x00, 0x21, 0x01, 0x00, 0x00, 0x20, 0x01, 0x00, 0x00,
    0x20, 0x40, 0x00, 0x00, 0x40, 0x03, 0x00, 0x00, 0x22, 0x40, 0x00, 0x00,
    0xc0, 0x02, 0x00, 0x00, 0x0d, 0x01, 0x0a, 0x00, 0x2f, 0x01, 0x01, 0x00,
    0x02, 0x00, 0x00, 0x00, 0x00, 0x40, 0x00, 0x00, 0xb0, 0x7f, 0x02, 0x00,
    0x10, 0x40, 0x00, 0x00, 0xd0, 0x28, 0x02, 0x00, 0x2f, 0x01, 0x03, 0x00,
    0x02, 0x00, 0x00, 0x00, 0x00, 0x40, 0x00, 0x00, 0xf0, 0x8c, 0x01, 0x00,
    0x0b, 0x01, 0x04, 0x00, 0x0c, 0x01, 0x04, 0x00, 0x01, 0x01, 0x01, 0x00,
    0x02, 0x01, 0x01, 0x00, 0x10, 0x40, 0x00, 0x00, 0x10, 0x7c, 0x02, 0x00,
    0x21, 0x01, 0x04, 0x00, 0x20, 0x01, 0x02, 0x00, 0x20, 0x40, 0x00, 0x00,
    0xe0, 0x01, 0x00, 0x00, 0x22, 0x40, 0x00, 0x00, 0x60, 0x01, 0x00, 0x00,
    0x0d, 0x01, 0x12, 0x00, 0x03, 0x00, 0x00, 0x00, 0x00, 0x40, 0x00, 0x00,
    0x90, 0x90, 0x01, 0x00, 0x10, 0x40, 0x00, 0x00, 0xb0, 0x7f, 0x02, 0x00,
    0x03, 0x00, 0x00, 0x00, 0x00, 0x40, 0x00, 0x00, 0x10, 0x7c, 0x02, 0x00,
    0x0b, 0x01, 0x00, 0x00, 0x0c, 0x01, 0x00, 0x00, 0x01, 0x01, 0x00, 0x00,
    0x02, 0x01, 0x00, 0x00, 0x10, 0x40, 0x00, 0x00, 0xb0, 0x16, 0x02, 0x00,
    0x21, 0x01, 0x00, 0x00, 0x20, 0x01, 0x00, 0x00, 0x20, 0x40, 0x00, 0x00,
    0x40, 0x03, 0x00, 0x00, 0x22, 0x40, 0x00, 0x00, 0xc0, 0x02, 0x00, 0x00,
    0x0d, 0x01, 0x0a, 0x00, 0x2f, 0x01, 0x01, 0x00, 0x02, 0x00, 0x00, 0x00,
    0x00, 0x40, 0x00, 0x00, 0xb0, 0x7f, 0x02, 0x00, 0x10, 0x40, 0x00, 0x00,
    0x50, 0x1a, 0x02, 0x00, 0x2f, 0x01, 0x03, 0x00, 0x02, 0x00, 0x00, 0x00,
    0x00, 0x40, 0x00, 0x00, 0xf0, 0x1d, 0x02, 0x00, 0x0b, 0x01, 0x02, 0x00,
    0x0c, 0x01, 0x02, 0x00, 0x01, 0x01, 0x01, 0x00, 0x02, 0x01, 0x01, 0x00,
    0x10, 0x40, 0x00, 0x00, 0xf0, 0x86, 0x02, 0x00, 0x21, 0x01, 0x02, 0x00,
    0x20, 0x01, 0x02, 0x00, 0x20, 0x40, 0x00, 0x00, 0xa0, 0x04, 0x00, 0x00,
    0x21, 0x40, 0x00, 0x00, 0xa0, 0x00, 0x00, 0x00, 0x22, 0x40, 0x00, 0x00,
    0x20, 0x04, 0x00, 0x00, 0x2f, 0x01, 0x01, 0x00, 0x03, 0x00, 0x00, 0x00,
    0x00, 0x40, 0x00, 0x00, 0x50, 0x83, 0x02, 0x00, 0x0b, 0x01, 0x00, 0x00,
    0x0c, 0x01, 0x00, 0x00, 0x01, 0x01, 0x00, 0x00, 0x02, 0x01, 0x00, 0x00,
    0x10, 0x40, 0x00, 0x00, 0xf0, 0xa9, 0x01, 0x00, 0x21, 0x01, 0x00, 0x00,
    0x20, 0x01, 0x00, 0x00, 0x20, 0x40, 0x00, 0x00, 0xc0, 0x05, 0x00, 0x00,
    0x21, 0x40, 0x00, 0x00, 0x00, 0x01, 0x00, 0x00, 0x22, 0x40, 0x00, 0x00,
    0x40, 0x05, 0x00, 0x00, 0x02, 0x00, 0x00, 0x00, 0x00, 0x40, 0x00, 0x00,
    0xf0, 0x86, 0x02, 0x00, 0x10, 0x40, 0x00, 0x00, 0x90, 0xad, 0x01, 0x00,
    0x2f, 0x01, 0x03, 0x00, 0x02, 0x00, 0x00, 0x00, 0x00, 0x40, 0x00, 0x00,
    0x30, 0xb1, 0x01, 0x00, 0x0b, 0x01, 0x04, 0x00, 0x0c, 0x01, 0x04, 0x00,
    0x01, 0x01, 0x01, 0x00, 0x02, 0x01, 0x01, 0x00, 0x10, 0x40, 0x00, 0x00,
    0x90, 0x8a, 0x02, 0x00, 0x21, 0x01, 0x04, 0x00, 0x20, 0x01, 0x02, 0x00,
    0x20, 0x40, 0x00, 0x00, 0x40, 0x07, 0x00, 0x00, 0x21, 0x40, 0x00, 0x00,
    0xe0, 0x00, 0x00, 0x00, 0x22, 0x40, 0x00, 0x00, 0xc0, 0x06, 0x00, 0x00,
    0x0d, 0x01, 0x12, 0x00, 0x2f, 0x01, 0x01, 0x00, 0x03, 0x00, 0x00, 0x00,
    0x00, 0x40, 0x00, 0x00, 0xd0, 0xb4, 0x01, 0x00, 0x10, 0x40, 0x00, 0x00,
    0x30, 0x8e, 0x02, 0x00, 0x2f, 0x01, 0x03, 0x00, 0x03, 0x00, 0x00, 0x00,
    0x00, 0x40, 0x00, 0x00, 0x90, 0x8a, 0x02, 0x00, 0x0b, 0x01, 0x00, 0x00,
    0x0c, 0x01, 0x00, 0x00, 0x01, 0x01, 0x00, 0x00, 0x02, 0x01, 0x00, 0x00,
    0x10, 0x40, 0x00, 0x00, 0xb0, 0x33, 0x02, 0x00, 0x21, 0x01, 0x00, 0x00,
    0x20, 0x01, 0x00, 0x00, 0x20, 0x40, 0x00, 0x00, 0xa0, 0x08, 0x00, 0x00,
    0x21, 0x40, 0x00, 0x00, 0x00, 0x01, 0x00, 0x00, 0x22, 0x40, 0x00, 0x00,
    0x20, 0x08, 0x00, 0x00, 0x0d, 0x01, 0x0a, 0x00, 0x2f, 0x01, 0x01, 0x00,
    0x02, 0x00, 0x00, 0x00, 0x00, 0x40, 0x00, 0x00, 0x30, 0x8e, 0x02, 0x00,
    0x10, 0x40, 0x00, 0x00, 0x50, 0x37, 0x02, 0x00, 0x2f, 0x01, 0x03, 0x00,
    0x02, 0x00, 0x00, 0x00, 0x00, 0x40, 0x00, 0x00, 0x70, 0xb8, 0x01, 0x00,
    0x0b, 0x01, 0x04, 0x00, 0x0c, 0x01, 0x04, 0x00, 0x01, 0x01, 0x01, 0x00,
    0x02, 0x01, 0x01, 0x00, 0x10, 0x40, 0x00, 0x00, 0x90, 0x8a, 0x02, 0x00,
    0x21, 0x01, 0x04, 0x00, 0x20, 0x01, 0x02, 0x00, 0x20, 0x40, 0x00, 0x00,
    0x40, 0x07, 0x00, 0x00, 0x21, 0x40, 0x00, 0x00, 0xe0, 0x00, 0x00, 0x00,
    0x22, 0x40, 0x00, 0x00, 0xc0, 0x06, 0x00, 0x00, 0x0d, 0x01, 0x12, 0x00,
    0x03, 0x00, 0x00, 0x00, 0x00, 0x40, 0x00, 0x00, 0x10, 0xbc, 0x01, 0x00,
    0x10, 0x40, 0x00, 0x00, 0x30, 0x8e, 0x02, 0x00, 0x03, 0x00, 0x00, 0x00,
    0x00, 0x40, 0x00, 0x00, 0x90, 0x8a, 0x02, 0x00, 0x0b, 0x01, 0x00, 0x00,
    0x0c, 0x01, 0x00, 0x00, 0x01, 0x01, 0x00, 0x00, 0x02, 0x01, 0x00, 0x00,
    0x10, 0x40, 0x00, 0x00, 0xf0, 0x3a, 0x02, 0x00, 0x21, 0x01, 0x00, 0x00,
    0x20, 0x01, 0x00, 0x00, 0x20, 0x40, 0x00, 0x00, 0xa0, 0x08, 0x00, 0x00,
    0x21, 0x40, 0x00, 0x00, 0x00, 0x01, 0x00, 0x00, 0x22, 0x40, 0x00, 0x00,
    0x20, 0x08, 0x00, 0x00, 0x0d, 0x01, 0x0a, 0x00, 0x2f, 0x01, 0x01, 0x00,
    0x02, 0x00, 0x00, 0x00, 0x00, 0x40, 0x00, 0x00, 0x30, 0x8e, 0x02, 0x00,
    0x10, 0x40, 0x00, 0x00, 0x90, 0x3e, 0x02, 0x00, 0x2f, 0x01, 0x03, 0x00,
    0x02, 0x00, 0x00, 0x00, 0x00, 0x40, 0x00, 0x00, 0x70, 0x2c, 0x02, 0x00,
    0x0b, 0x01, 0x02, 0x00, 0x0c, 0x01, 0x02, 0x00, 0x01, 0x01, 0x02, 0x00,
    0x02, 0x01, 0x02, 0x00, 0x10, 0x40, 0x00, 0x00, 0x70, 0x95, 0x02, 0x00,
    0x21, 0x01, 0x02, 0x00, 0x20, 0x01, 0x04, 0x00, 0x20, 0x40, 0x00, 0x00,
    0x20, 0x0a, 0x00, 0x00, 0x21, 0x40, 0x00, 0x00, 0xe0, 0x00, 0x00, 0x00,
    0x22, 0x40, 0x00, 0x00, 0xa0, 0x09, 0x00, 0x00, 0x2f, 0x01, 0x01, 0x00,
    0x03, 0x00, 0x00, 0x00, 0x00, 0x40, 0x00, 0x00, 0xd0, 0x91, 0x02, 0x00,
    0x0b, 0x01, 0x00, 0x00, 0x0c, 0x01, 0x00, 0x00, 0x01, 0x01, 0x00, 0x00,
    0x02, 0x01, 0x00, 0x00, 0x10, 0x40, 0x00, 0x00, 0x70, 0xd5, 0x01, 0x00,
    0x21, 0x01, 0x00, 0x00, 0x20, 0x01, 0x00, 0x00, 0x20, 0x40, 0x00, 0x00,
    0x80, 0x0b, 0x00, 0x00, 0x21, 0x40, 0x00, 0x00, 0xf0, 0x00, 0x00, 0x00,
    0x22, 0x40, 0x00, 0x00, 0x00, 0x0b, 0x00, 0x00, 0x02, 0x00, 0x00, 0x00,
    0x00, 0x40, 0x00, 0x00, 0x70, 0x95, 0x02, 0x00, 0x10, 0x40, 0x00, 0x00,
    0x10, 0xd9, 0x01, 0x00, 0x2f, 0x01, 0x03, 0x00, 0x02, 0x00, 0x00, 0x00,
    0x00, 0x40, 0x00, 0x00, 0x10, 0x30, 0x02, 0x00, 0x0b, 0x01, 0x02, 0x00,
    0x0c, 0x01, 0x02, 0x00, 0x01, 0x01, 0x02, 0x00, 0x02, 0x01, 0x02, 0x00,
    0x10, 0x40, 0x00, 0x00, 0xd0, 0x91, 0x02, 0x00, 0x21, 0x01, 0x02, 0x00,
    0x20, 0x01, 0x04, 0x00, 0x20, 0x40, 0x00, 0x00, 0x20, 0x0a, 0x00, 0x00,
    0x21, 0x40, 0x00, 0x00, 0xe0, 0x00, 0x00, 0x00, 0x22, 0x40, 0x00, 0x00,
    0xa0, 0x09, 0x00, 0x00, 0x03, 0x00, 0x00, 0x00, 0x00, 0x40, 0x00, 0x00,
    0xb0, 0x33, 0x02, 0x00, 0x10, 0x40, 0x00, 0x00, 0x70, 0x95, 0x02, 0x00,
    0x03, 0x00, 0x00, 0x00, 0x00, 0x40, 0x00, 0x00, 0xd0, 0x91, 0x02, 0x00,
    0x0b, 0x01, 0x00, 0x00, 0x0c, 0x01, 0x00, 0x00, 0x01, 0x01, 0x00, 0x00,
    0x02, 0x01, 0x00, 0x00, 0x10, 0x40, 0x00, 0x00, 0xb0, 0xdc, 0x01, 0x00,
    0x21, 0x01, 0x00, 0x00, 0x20, 0x01, 0x00, 0x00, 0x20, 0x40, 0x00, 0x00,
    0x80, 0x0b, 0x00, 0x00, 0x21, 0x40, 0x00, 0x00, 0xf0, 0x00, 0x00, 0x00,
    0x22, 0x40, 0x00, 0x00, 0x00, 0x0b, 0x00, 0x00, 0x2f, 0x01, 0x01, 0x00,
    0x02, 0x00, 0x00, 0x00, 0x00, 0x40, 0x00, 0x00, 0x70, 0x95, 0x02, 0x00,
    0x10, 0x40, 0x00, 0x00, 0x50, 0xe0, 0x01, 0x00, 0x2f, 0x01, 0x03, 0x00,
    0x02, 0x00, 0x00, 0x00, 0x00, 0x40, 0x00, 0x00, 0xf0, 0xe3, 0x01, 0x00,
    0x02, 0x40, 0x00, 0x00, 0x30, 0xce, 0x01, 0x00, 0x0b, 0x01, 0x03, 0x00,
    0x0c, 0x01, 0x03, 0x00, 0x01, 0x01, 0x01, 0x00, 0x02, 0x01, 0x01, 0x00,
    0x10, 0x40, 0x00, 0x00, 0x10, 0x99, 0x02, 0x00, 0x21, 0x01, 0x04, 0x00,
    0x20, 0x01, 0x02, 0x00, 0x20, 0x40, 0x00, 0x00, 0xf0, 0x0c, 0x00, 0x00,
    0x21, 0x40, 0x00, 0x00, 0xe0, 0x00, 0x00, 0x00, 0x22, 0x40, 0x00, 0x00,
    0x70, 0x0c, 0x00, 0x00, 0x0d, 0x01, 0x12, 0x00, 0x2f, 0x01, 0x01, 0x00,
    0x03, 0x00, 0x00, 0x00, 0x00, 0x40, 0x00, 0x00, 0x90, 0xe7, 0x01, 0x00,
    0x0b, 0x01, 0x02, 0x00, 0x0c, 0x01, 0x02, 0x00, 0x10, 0x40, 0x00, 0x00,
    0xb0, 0x9c, 0x02, 0x00, 0x2f, 0x01, 0x03, 0x00, 0x03, 0x00, 0x00, 0x00,
    0x00, 0x40, 0x00, 0x00, 0x10, 0x99, 0x02, 0x00, 0x02, 0x40, 0x00, 0x00,
    0x00, 0x00, 0x00, 0x00, 0x0b, 0x01, 0x00, 0x00, 0x0c, 0x01, 0x00, 0x00,
    0x01, 0x01, 0x00, 0x00, 0x02, 0x01, 0x00, 0x00, 0x10, 0x40, 0x00, 0x00,
    0x70, 0x49, 0x02, 0x00, 0x21, 0x01, 0x00, 0x00, 0x20, 0x01, 0x00, 0x00,
    0x20, 0x40, 0x00, 0x00, 0x50, 0x0e, 0x00, 0x00, 0x21, 0x40, 0x00, 0x00,
    0x00, 0x01, 0x00, 0x00, 0x22, 0x40, 0x00, 0x00, 0xd0, 0x0d, 0x00, 0x00,
    0x0d, 0x01, 0x0a, 0x00, 0x2f, 0x01, 0x01, 0x00, 0x02, 0x00, 0x00, 0x00,
    0x00, 0x40, 0x00, 0x00, 0xb0, 0x9c, 0x02, 0x00, 0x10, 0x40, 0x00, 0x00,
    0x10, 0x4d, 0x02, 0x00, 0x2f, 0x01, 0x03, 0x00, 0x02, 0x00, 0x00, 0x00,
    0x00, 0x40, 0x00, 0x00, 0xb0, 0x50, 0x02, 0x00, 0x02, 0x40, 0x00, 0x00,
    0x30, 0x42, 0x02, 0x00, 0x0b, 0x01, 0x01, 0x00, 0x0c, 0x01, 0x01, 0x00,
    0x01, 0x01, 0x01, 0x00, 0x02, 0x01, 0x01, 0x00, 0x10, 0x40, 0x00, 0x00,
    0xf0, 0xa3, 0x02, 0x00, 0x21, 0x01, 0x02, 0x00, 0x20, 0x01, 0x02, 0x00,
    0x20, 0x40, 0x00, 0x00, 0xd0, 0x0f, 0x00, 0x00, 0x21, 0x40, 0x00, 0x00,
    0xb0, 0x00, 0x00, 0x00, 0x22, 0x40, 0x00, 0x00, 0x50, 0x0f, 0x00, 0x00,
    0x2f, 0x01, 0x01, 0x00, 0x03, 0x00, 0x00, 0x00, 0x00, 0x40, 0x00, 0x00,
    0x50, 0xa0, 0x02, 0x00, 0x02, 0x40, 0x00, 0x00, 0x00, 0x00, 0x00, 0x00,
    0x0b, 0x01, 0x00, 0x00, 0x0c, 0x01, 0x00, 0x00, 0x01, 0x01, 0x00, 0x00,
    0x02, 0x01, 0x00, 0x00, 0x10, 0x40, 0x00, 0x00, 0xf0, 0x00, 0x02, 0x00,
    0x21, 0x01, 0x00, 0x00, 0x20, 0x01, 0x00, 0x00, 0x20, 0x40, 0x00, 0x00,
    0x00, 0x11, 0x00, 0x00, 0x21, 0x40, 0x00, 0x00, 0x00, 0x01, 0x00, 0x00,
    0x22, 0x40, 0x00, 0x00, 0x80, 0x10, 0x00, 0x00, 0x02, 0x00, 0x00, 0x00,
    0x00, 0x40, 0x00, 0x00, 0xf0, 0xa3, 0x02, 0x00, 0x10, 0x40, 0x00, 0x00,
    0x90, 0x04, 0x02, 0x00, 0x2f, 0x01, 0x03, 0x00, 0x02, 0x00, 0x00, 0x00,
    0x00, 0x40, 0x00, 0x00, 0x50, 0x54, 0x02, 0x00, 0x02, 0x40, 0x00, 0x00,
    0x30, 0x42, 0x02, 0x00, 0x01, 0x01, 0x01, 0x00, 0x02, 0x01, 0x01, 0x00,
    0x10, 0x40, 0x00, 0x00, 0x50, 0xa0, 0x02, 0x00, 0x21, 0x01, 0x02, 0x00,
    0x20, 0x01, 0x02, 0x00, 0x20, 0x40, 0x00, 0x00, 0xd0, 0x0f, 0x00, 0x00,
    0x21, 0x40, 0x00, 0x00, 0xb0, 0x00, 0x00, 0x00, 0x22, 0x40, 0x00, 0x00,
    0x50, 0x0f, 0x00, 0x00, 0x03, 0x00, 0x00, 0x00, 0x00, 0x40, 0x00, 0x00,
    0x30, 0x42, 0x02, 0x00, 0x02, 0x40, 0x00, 0x00, 0x00, 0x00, 0x00, 0x00,
    0x0b, 0x01, 0x02, 0x00, 0x0c, 0x01, 0x02, 0x00, 0x10, 0x40, 0x00, 0x00,
    0xf0, 0xa3, 0x02, 0x00, 0x03, 0x00, 0x00, 0x00, 0x00, 0x40, 0x00, 0x00,
    0x50, 0xa0, 0x02, 0x00, 0x0b, 0x01, 0x00, 0x00, 0x0c, 0x01, 0x00, 0x00,
    0x01, 0x01, 0x00, 0x00, 0x02, 0x01, 0x00, 0x00, 0x10, 0x40, 0x00, 0x00,
    0x30, 0x08, 0x02, 0x00, 0x21, 0x01, 0x00, 0x00, 0x20, 0x01, 0x00, 0x00,
    0x20, 0x40, 0x00, 0x00, 0x00, 0x11, 0x00, 0x00, 0x21, 0x40, 0x00, 0x00,
    0x00, 0x01, 0x00, 0x00, 0x22, 0x40, 0x00, 0x00, 0x80, 0x10, 0x00, 0x00,
    0x2f, 0x01, 0x01, 0x00, 0x02, 0x00, 0x00, 0x00, 0x00, 0x40, 0x00, 0x00,
    0xf0, 0xa3, 0x02, 0x00, 0x10, 0x40, 0x00, 0x00, 0xd0, 0x0b, 0x02, 0x00,
    0x2f, 0x01, 0x03, 0x00, 0x02, 0x00, 0x00, 0x00, 0x00, 0x40, 0x00, 0x00,
    0xd0, 0x45, 0x02, 0x00, 0x0b, 0x01, 0x02, 0x00, 0x0c, 0x01, 0x02, 0x00,
    0x01, 0x01, 0x01, 0x00, 0x02, 0x01, 0x01, 0x00, 0x10, 0x40, 0x00, 0x00,
    0x50, 0xa0, 0x02, 0x00, 0x21, 0x01, 0x02, 0x00, 0x20, 0x01, 0x02, 0x00,
    0x20, 0x40, 0x00, 0x00, 0xd0, 0x0f, 0x00, 0x00, 0x21, 0x40, 0x00, 0x00,
    0xb0, 0x00, 0x00, 0x00, 0x22, 0x40, 0x00, 0x00, 0x50, 0x0f, 0x00, 0x00,
    0x03, 0x00, 0x00, 0x00, 0x00, 0x40, 0x00, 0x00, 0x30, 0xeb, 0x01, 0x00,
    0x02, 0x40, 0x00, 0x00, 0x30, 0xce, 0x01, 0x00, 0x0b, 0x01, 0x01, 0x00,
    0x0c, 0x01, 0x01, 0x00, 0x10, 0x40, 0x00, 0x00, 0x10, 0x99, 0x02, 0x00,
    0x21, 0x01, 0x04, 0x00, 0x20, 0x40, 0x00, 0x00, 0xf0, 0x0c, 0x00, 0x00,
    0x21, 0x40, 0x00, 0x00, 0xe0, 0x00, 0x00, 0x00, 0x22, 0x40, 0x00, 0x00,
    0x70, 0x0c, 0x00, 0x00, 0x0d, 0x01, 0x12, 0x00, 0x03, 0x00, 0x00, 0x00,
    0x00, 0x40, 0x00, 0x00, 0xd0, 0xee, 0x01, 0x00, 0x0b, 0x01, 0x00, 0x00,
    0x0c, 0x01, 0x00, 0x00, 0x10, 0x40, 0x00, 0x00, 0xb0, 0x9c, 0x02, 0x00,
    0x03, 0x00, 0x00, 0x00, 0x00, 0x40, 0x00, 0x00, 0x10, 0x99, 0x02, 0x00,
    0x02, 0x40, 0x00, 0x00, 0x00, 0x00, 0x00, 0x00, 0x01, 0x01, 0x00, 0x00,
    0x02, 0x01, 0x00, 0x00, 0x10, 0x40, 0x00, 0x00, 0xb0, 0x50, 0x02, 0x00,
    0x21, 0x01, 0x00, 0x00, 0x20, 0x01, 0x00, 0x00, 0x20, 0x40, 0x00, 0x00,
    0x50, 0x0e, 0x00, 0x00, 0x21, 0x40, 0x00, 0x00, 0x00, 0x01, 0x00, 0x00,
    0x22, 0x40, 0x00, 0x00, 0xd0, 0x0d, 0x00, 0x00, 0x0d, 0x01, 0x0a, 0x00,
    0x2f, 0x01, 0x01, 0x00, 0x02, 0x00, 0x00, 0x00, 0x00, 0x40, 0x00, 0x00,
    0xb0, 0x9c, 0x02, 0x00, 0x10, 0x40, 0x00, 0x00, 0x50, 0x54, 0x02, 0x00,
    0x2f, 0x01, 0x03, 0x00, 0x02, 0x00, 0x00, 0x00, 0x00, 0x40, 0x00, 0x00,
    0x30, 0xce, 0x01, 0x00, 0x0b, 0x01, 0x04, 0x00, 0x0c, 0x01, 0x04, 0x00,
    0x01, 0x01, 0x01, 0x00, 0x02, 0x01, 0x01, 0x00, 0x10, 0x40, 0x00, 0x00,
    0x10, 0x99, 0x02, 0x00, 0x21, 0x01, 0x04, 0x00, 0x20, 0x01, 0x02, 0x00,
    0x20, 0x40, 0x00, 0x00, 0xf0, 0x0c, 0x00, 0x00, 0x21, 0x40, 0x00, 0x00,
    0xe0, 0x00, 0x00, 0x00, 0x22, 0x40, 0x00, 0x00, 0x70, 0x0c, 0x00, 0x00,
    0x0d, 0x01, 0x12, 0x00, 0x03, 0x00, 0x00, 0x00, 0x00, 0x40, 0x00, 0x00,
    0xd0, 0xd1, 0x01, 0x00, 0x10, 0x40, 0x00, 0x00, 0xb0, 0x9c, 0x02, 0x00,
    0x03, 0x00, 0x00, 0x00, 0x00, 0x40, 0x00, 0x00, 0x10, 0x99, 0x02, 0x00,
    0x0b, 0x01, 0x00, 0x00, 0x0c, 0x01, 0x00, 0x00, 0x01, 0x01, 0x00, 0x00,
    0x02, 0x01, 0x00, 0x00, 0x10, 0x40, 0x00, 0x00, 0x30, 0x42, 0x02, 0x00,
    0x21, 0x01, 0x00, 0x00, 0x20, 0x01, 0x00, 0x00, 0x20, 0x40, 0x00, 0x00,
    0x50, 0x0e, 0x00, 0x00, 0x21, 0x40, 0x00, 0x00, 0x00, 0x01, 0x00, 0x00,
    0x22, 0x40, 0x00, 0x00, 0xd0, 0x0d, 0x00, 0x00, 0x0d, 0x01, 0x0a, 0x00,
    0x2f, 0x01, 0x01, 0x00, 0x02, 0x00, 0x00, 0x00, 0x00, 0x40, 0x00, 0x00,
    0xb0, 0x9c, 0x02, 0x00, 0x10, 0x40, 0x00, 0x00, 0xd0, 0x45, 0x02, 0x00,
    0x2f, 0x01, 0x03, 0x00, 0x02, 0x00, 0x00, 0x00, 0x00, 0x40, 0x00, 0x00,
    0x70, 0x49, 0x02, 0x00, 0x0b, 0x01, 0x02, 0x00, 0x0c, 0x01, 0x02, 0x00,
    0x01, 0x01, 0x01, 0x00, 0x02, 0x01, 0x01, 0x00, 0x10, 0x40, 0x00, 0x00,
    0xf0, 0xa3, 0x02, 0x00, 0x21, 0x01, 0x02, 0x00, 0x20, 0x01, 0x02, 0x00,
    0x20, 0x40, 0x00, 0x00, 0xd0, 0x0f, 0x00, 0x00, 0x21, 0x40, 0x00, 0x00,
    0xb0, 0x00, 0x00, 0x00, 0x22, 0x40, 0x00, 0x00, 0x50, 0x0f, 0x00, 0x00,
    0x2f, 0x01, 0x01, 0x00, 0x03, 0x00, 0x00, 0x00, 0x00, 0x40, 0x00, 0x00,
    0x50, 0xa0, 0x02, 0x00, 0x0b, 0x01, 0x00, 0x00, 0x0c, 0x01, 0x00, 0x00,
    0x01, 0x01, 0x00, 0x00, 0x02, 0x01, 0x00, 0x00, 0x10, 0x40, 0x00, 0x00,
    0x70, 0x0f, 0x02, 0x00, 0x21, 0x01, 0x00, 0x00, 0x20, 0x01, 0x00, 0x00,
    0x20, 0x40, 0x00, 0x00, 0x00, 0x11, 0x00, 0x00, 0x21, 0x40, 0x00, 0x00,
    0x00, 0x01, 0x00, 0x00, 0x22, 0x40, 0x00, 0x00, 0x80, 0x10, 0x00, 0x00,
    0x02, 0x00, 0x00, 0x00, 0x00, 0x40, 0x00, 0x00, 0xf0, 0xa3, 0x02, 0x00,
    0x10, 0x40, 0x00, 0x00, 0x10, 0x13, 0x02, 0x00, 0x2f, 0x01, 0x03, 0x00,
    0x02, 0x00, 0x00, 0x00, 0x00, 0x40, 0x00, 0x00, 0x70, 0xf2, 0x01, 0x00,
    0x0b, 0x01, 0x04, 0x00, 0x0c, 0x01, 0x04, 0x00, 0x01, 0x01, 0x01, 0x00,
    0x02, 0x01, 0x01, 0x00, 0x10, 0x40, 0x00, 0x00, 0x90, 0xa7, 0x02, 0x00,
    0x21, 0x01, 0x04, 0x00, 0x20, 0x01, 0x02, 0x00, 0x20, 0x40, 0x00, 0x00,
    0x80, 0x12, 0x00, 0x00, 0x21, 0x40, 0x00, 0x00, 0xe0, 0x00, 0x00, 0x00,
    0x22, 0x40, 0x00, 0x00, 0x00, 0x12, 0x00, 0x00, 0x0d, 0x01, 0x12, 0x00,
    0x2f, 0x01, 0x01, 0x00, 0x03, 0x00, 0x00, 0x00, 0x00, 0x40, 0x00, 0x00,
    0x10, 0xf6, 0x01, 0x00, 0x10, 0x40, 0x00, 0x00, 0x30, 0xab, 0x02, 0x00,
    0x2f, 0x01, 0x03, 0x00, 0x03, 0x00, 0x00, 0x00, 0x00, 0x40, 0x00, 0x00,
    0x90, 0xa7, 0x02, 0x00, 0x0b, 0x01, 0x00, 0x00, 0x0c, 0x01, 0x00, 0x00,
    0x01, 0x01, 0x00, 0x00, 0x02, 0x01, 0x00, 0x00, 0x10, 0x40, 0x00, 0x00,
    0x30, 0x5f, 0x02, 0x00, 0x21, 0x01, 0x00, 0x00, 0x20, 0x01, 0x00, 0x00,
    0x20, 0x40, 0x00, 0x00, 0xe0, 0x13, 0x00, 0x00, 0x21, 0x40, 0x00, 0x00,
    0x00, 0x01, 0x00, 0x00, 0x22, 0x40, 0x00, 0x00, 0x60, 0x13, 0x00, 0x00,
    0x0d, 0x01, 0x0a, 0x00, 0x2f, 0x01, 0x01, 0x00, 0x02, 0x00, 0x00, 0x00,
    0x00, 0x40, 0x00, 0x00, 0x30, 0xab, 0x02, 0x00, 0x10, 0x40, 0x00, 0x00,
    0xd0, 0x62, 0x02, 0x00, 0x2f, 0x01, 0x03, 0x00, 0x02, 0x00, 0x00, 0x00,
    0x00, 0x40, 0x00, 0x00, 0xb0, 0xf9, 0x01, 0x00, 0x0b, 0x01, 0x04, 0x00,
    0x0c, 0x01, 0x04, 0x00, 0x01, 0x01, 0x01, 0x00, 0x02, 0x01, 0x01, 0x00,
    0x10, 0x40, 0x00, 0x00, 0x90, 0xa7, 0x02, 0x00, 0x21, 0x01, 0x04, 0x00,
    0x20, 0x01, 0x02, 0x00, 0x20, 0x40, 0x00, 0x00, 0x80, 0x12, 0x00, 0x00,
    0x21, 0x40, 0x00, 0x00, 0xe0, 0x00, 0x00, 0x00, 0x22, 0x40, 0x00, 0x00,
    0x00, 0x12, 0x00, 0x00, 0x0d, 0x01, 0x12, 0x00, 0x03, 0x00, 0x00, 0x00,
    0x00, 0x40, 0x00, 0x00, 0x50, 0xfd, 0x01, 0x00, 0x10, 0x40, 0x00, 0x00,
    0x30, 0xab, 0x02, 0x00, 0x03, 0x00, 0x00, 0x00, 0x00, 0x40, 0x00, 0x00,
    0x90, 0xa7, 0x02, 0x00, 0x0b, 0x01, 0x00, 0x00, 0x0c, 0x01, 0x00, 0x00,
    0x01, 0x01, 0x00, 0x00, 0x02, 0x01, 0x00, 0x00, 0x10, 0x40, 0x00, 0x00,
    0x70, 0x66, 0x02, 0x00, 0x21, 0x01, 0x00, 0x00, 0x20, 0x01, 0x00, 0x00,
    0x20, 0x40, 0x00, 0x00, 0xe0, 0x13, 0x00, 0x00, 0x21, 0x40, 0x00, 0x00,
    0x00, 0x01, 0x00, 0x00, 0x22, 0x40, 0x00, 0x00, 0x60, 0x13, 0x00, 0x00,
    0x0d, 0x01, 0x0a, 0x00, 0x2f, 0x01, 0x01, 0x00, 0x02, 0x00, 0x00, 0x00,
    0x00, 0x40, 0x00, 0x00, 0x30, 0xab, 0x02, 0x00, 0x10, 0x40, 0x00, 0x00,
    0x10, 0x6a, 0x02, 0x00, 0x2f, 0x01, 0x03, 0x00, 0x02, 0x00, 0x00, 0x00,
    0x00, 0x40, 0x00, 0x00, 0xf0, 0x57, 0x02, 0x00, 0x0b, 0x01, 0x02, 0x00,
    0x0c, 0x01, 0x02, 0x00, 0x01, 0x01, 0x02, 0x00, 0x02, 0x01, 0x02, 0x00,
    0x10, 0x40, 0x00, 0x00, 0x70, 0xb2, 0x02, 0x00, 0x21, 0x01, 0x02, 0x00,
    0x20, 0x01, 0x04, 0x00, 0x20, 0x40, 0x00, 0x00, 0x60, 0x15, 0x00, 0x00,
    0x21, 0x40, 0x00, 0x00, 0xe0, 0x00, 0x00, 0x00, 0x22, 0x40, 0x00, 0x00,
    0xe0, 0x14, 0x00, 0x00, 0x2f, 0x01, 0x01, 0x00, 0x03, 0x00, 0x00, 0x00,
    0x00, 0x40, 0x00, 0x00, 0xd0, 0xae, 0x02, 0x00, 0x0b, 0x01, 0x00, 0x00,
    0x0c, 0x01, 0x00, 0x00, 0x01, 0x01, 0x00, 0x00, 0x02, 0x01, 0x00, 0x00,
    0x10, 0x40, 0x00, 0x00, 0x10, 0xb6, 0x02, 0x00, 0x21, 0x01, 0x00, 0x00,
    0x20, 0x01, 0x00, 0x00, 0x20, 0x40, 0x00, 0x00, 0xc0, 0x16, 0x00, 0x00,
    0x21, 0x40, 0x00, 0x00, 0xf0, 0x00, 0x00, 0x00, 0x22, 0x40, 0x00, 0x00,
    0x40, 0x16, 0x00, 0x00, 0x02, 0x00, 0x00, 0x00, 0x00, 0x40, 0x00, 0x00,
    0x70, 0xb2, 0x02, 0x00, 0x10, 0x40, 0x00, 0x00, 0xb0, 0xb9, 0x02, 0x00,
    0x2f, 0x01, 0x03, 0x00, 0x02, 0x00, 0x00, 0x00, 0x00, 0x40, 0x00, 0x00,
    0x10, 0xb6, 0x02, 0x00, 0x10, 0x40, 0x00, 0x00, 0x98, 0x0d, 0x00, 0x00,
    0x13, 0x01, 0x00, 0x00, 0x15, 0x40, 0x00, 0x00, 0x3a, 0x00, 0x00, 0x00,
    0x14, 0x40, 0x00, 0x00, 0x01, 0x00, 0x00, 0x00, 0x16, 0x40, 0x00, 0x00,
    0x01, 0x00, 0x00, 0x00, 0x18, 0x01, 0x5a, 0x00, 0x14, 0x01, 0x01, 0x00,
    0x20, 0x40, 0x00, 0x00, 0xc0, 0x17, 0x00, 0x00, 0x21, 0x40, 0x00, 0x00,
    0x40, 0x00, 0x00, 0x00, 0x22, 0x40, 0x00, 0x00, 0xb0, 0x17, 0x00, 0x00,
    0x23, 0x40, 0x00, 0x00, 0x10, 0x00, 0x00, 0x00, 0x17, 0x01, 0x07, 0x00,
    0x2f, 0x01, 0x01, 0x00, 0x02, 0x00, 0x00, 0x00, 0x00, 0x40, 0x00, 0x00,
    0xb0, 0xb9, 0x02, 0x00, 0x10, 0x40, 0x00, 0x00, 0xd2, 0x0d, 0x00, 0x00,
    0x2f, 0x01, 0x03, 0x00, 0x02, 0x00, 0x00, 0x00, 0x00, 0x40, 0x00, 0x00,
    0x90, 0x5b, 0x02, 0x00, 0x0b, 0x01, 0x02, 0x00, 0x0c, 0x01, 0x02, 0x00,
    0x01, 0x01, 0x02, 0x00, 0x02, 0x01, 0x02, 0x00, 0x10, 0x40, 0x00, 0x00,
    0xd0, 0xae, 0x02, 0x00, 0x13, 0x01, 0x0b, 0x00, 0x15, 0x40, 0x00, 0x00,
    0xa0, 0x03, 0x00, 0x00, 0x14, 0x40, 0x00, 0x00, 0x10, 0x00, 0x00, 0x00,
    0x16, 0x40, 0x00, 0x00, 0xa0, 0x03, 0x00, 0x00, 0x18, 0x01, 0x80, 0xff,
    0x14, 0x01, 0x41, 0x00, 0x21, 0x01, 0x02, 0x00, 0x20, 0x01, 0x04, 0x00,
    0x20, 0x40, 0x00, 0x00, 0x60, 0x15, 0x00, 0x00, 0x21, 0x40, 0x00, 0x00,
    0xe0, 0x00, 0x00, 0x00, 0x22, 0x40, 0x00, 0x00, 0xe0, 0x14, 0x00, 0x00,
    0x23, 0x40, 0x00, 0x00, 0x80, 0x00, 0x00, 0x00, 0x17, 0x01, 0x0f, 0x00,
    0x03, 0x00, 0x00, 0x00, 0x00, 0x40, 0x00, 0x00, 0x30, 0x5f, 0x02, 0x00,
    0x10, 0x40, 0x00, 0x00, 0x70, 0xb2, 0x02, 0x00, 0x03, 0x00, 0x00, 0x00,
    0x00, 0x40, 0x00, 0x00, 0xd0, 0xae, 0x02, 0x00, 0x0b, 0x01, 0x00, 0x00,
    0x0c, 0x01, 0x00, 0x00, 0x01, 0x01, 0x00, 0x00, 0x02, 0x01, 0x00, 0x00,
    0x10, 0x40, 0x00, 0x00, 0x10, 0xb6, 0x02, 0x00, 0x21, 0x01, 0x00, 0x00,
    0x20, 0x01, 0x00, 0x00, 0x20, 0x40, 0x00, 0x00, 0xc0, 0x16, 0x00, 0x00,
    0x21, 0x40, 0x00, 0x00, 0xf0, 0x00, 0x00, 0x00, 0x22, 0x40, 0x00, 0x00,
    0x40, 0x16, 0x00, 0x00, 0x2f, 0x01, 0x01, 0x00, 0x02, 0x00, 0x00, 0x00,
    0x00, 0x40, 0x00, 0x00, 0x70, 0xb2, 0x02, 0x00, 0x10, 0x40, 0x00, 0x00,
    0xb0, 0xb9, 0x02, 0x00, 0x2f, 0x01, 0x03, 0x00, 0x02, 0x00, 0x00, 0x00,
    0x00, 0x40, 0x00, 0x00, 0x10, 0xb6, 0x02, 0x00, 0x10, 0x40, 0x00, 0x00,
    0x0c, 0x0e, 0x00, 0x00, 0x13, 0x01, 0x00, 0x00, 0x15, 0x40, 0x00, 0x00,
    0x3a, 0x00, 0x00, 0x00, 0x14, 0x40, 0x00, 0x00, 0x01, 0x00, 0x00, 0x00,
    0x16, 0x40, 0x00, 0x00, 0x01, 0x00, 0x00, 0x00, 0x18, 0x01, 0x5a, 0x00,
    0x14, 0x01, 0x01, 0x00, 0x20, 0x40, 0x00, 0x00, 0xc0, 0x17, 0x00, 0x00,
    0x21, 0x40, 0x00, 0x00, 0x40, 0x00, 0x00, 0x00, 0x22, 0x40, 0x00, 0x00,
    0xb0, 0x17, 0x00, 0x00, 0x23, 0x40, 0x00, 0x00, 0x10, 0x00, 0x00, 0x00,
    0x17, 0x01, 0x07, 0x00, 0x2f, 0x01, 0x01, 0x00, 0x02, 0x00, 0x00, 0x00,
    0x00, 0x40, 0x00, 0x00, 0xb0, 0xb9, 0x02, 0x00, 0x10, 0x40, 0x00, 0x00,
    0x46, 0x0e, 0x00, 0x00, 0x2f, 0x01, 0x03, 0x00, 0x02, 0x00, 0x00, 0x00,
    0x00, 0x40, 0x00, 0x00, 0xd0, 0x62, 0x02, 0x00, 0x0b, 0x01, 0x02, 0x00,
    0x0c, 0x01, 0x02, 0x00, 0x01, 0x01, 0x02, 0x00, 0x02, 0x01, 0x02, 0x00,
    0x10, 0x40, 0x00, 0x00, 0xd0, 0xae, 0x02, 0x00, 0x13, 0x01, 0x0b, 0x00,
    0x15, 0x40, 0x00, 0x00, 0xa0, 0x03, 0x00, 0x00, 0x14, 0x40, 0x00, 0x00,
    0x10, 0x00, 0x00, 0x00, 0x16, 0x40, 0x00, 0x00, 0xa0, 0x03, 0x00, 0x00,
    0x18, 0x01, 0x80, 0xff, 0x14, 0x01, 0x41, 0x00, 0x21, 0x01, 0x02, 0x00,
    0x20, 0x01, 0x04, 0x00, 0x20, 0x40, 0x00, 0x00, 0x60, 0x15, 0x00, 0x00,
    0x21, 0x40, 0x00, 0x00, 0xe0, 0x00, 0x00, 0x00, 0x22, 0x40, 0x00, 0x00,
    0xe0, 0x14, 0x00, 0x00, 0x23, 0x40, 0x00, 0x00, 0x80, 0x00, 0x00, 0x00,
    0x17, 0x01, 0x0f, 0x00, 0x03, 0x00, 0x00, 0x00, 0x00, 0x40, 0x00, 0x00,
    0xf0, 0x00, 0x02, 0x00, 0x0b, 0x01, 0x04, 0x00, 0x0c, 0x01, 0x04, 0x00,
    0x01, 0x01, 0x01, 0x00, 0x02, 0x01, 0x01, 0x00, 0x10, 0x40, 0x00, 0x00,
    0x90, 0xa7, 0x02, 0x00, 0x21, 0x01, 0x04, 0x00, 0x20, 0x01, 0x02, 0x00,
    0x20, 0x40, 0x00, 0x00, 0x80, 0x12, 0x00, 0x00, 0x22, 0x40, 0x00, 0x00,
    0x00, 0x12, 0x00, 0x00, 0x0d, 0x01, 0x12, 0x00, 0x03, 0x00, 0x00, 0x00,
    0x00, 0x40, 0x00, 0x00, 0x90, 0x04, 0x02, 0x00, 0x10, 0x40, 0x00, 0x00,
    0x30, 0xab, 0x02, 0x00, 0x03, 0x00, 0x00, 0x00, 0x00, 0x40, 0x00, 0x00,
    0x90, 0xa7, 0x02, 0x00, 0x0b, 0x01, 0x00, 0x00, 0x0c, 0x01, 0x00, 0x00,
    0x01, 0x01, 0x00, 0x00, 0x02, 0x01, 0x00, 0x00, 0x10, 0x40, 0x00, 0x00,
    0xf0, 0x57, 0x02, 0x00, 0x21, 0x01, 0x00, 0x00, 0x20, 0x01, 0x00, 0x00,
    0x20, 0x40, 0x00, 0x00, 0xe0, 0x13, 0x00, 0x00, 0x21, 0x40, 0x00, 0x00,
    0x00, 0x01, 0x00, 0x00, 0x22, 0x40, 0x00, 0x00, 0x60, 0x13, 0x00, 0x00,
    0x0d, 0x01, 0x0a, 0x00, 0x2f, 0x01, 0x01, 0x00, 0x02, 0x00, 0x00, 0x00,
    0x00, 0x40, 0x00, 0x00, 0x30, 0xab, 0x02, 0x00, 0x10, 0x40, 0x00, 0x00,
    0x90, 0x5b, 0x02, 0x00, 0x2f, 0x01, 0x03, 0x00, 0x02, 0x00, 0x00, 0x00,
    0x00, 0x40, 0x00, 0x00, 0x10, 0x4d, 0x02, 0x00, 0x0b, 0x01, 0x02, 0x00,
    0x0c, 0x01, 0x02, 0x00, 0x01, 0x01, 0x01, 0x00, 0x02, 0x01, 0x01, 0x00,
    0x10, 0x40, 0x00, 0x00, 0x50, 0xa0, 0x02, 0x00, 0x21, 0x01, 0x02, 0x00,
    0x20, 0x01, 0x02, 0x00, 0x20, 0x40, 0x00, 0x00, 0xd0, 0x0f, 0x00, 0x00,
    0x21, 0x40, 0x00, 0x00, 0xb0, 0x00, 0x00, 0x00, 0x22, 0x40, 0x00, 0x00,
    0x50, 0x0f, 0x00, 0x00, 0x03, 0x00, 0x00, 0x00, 0x00, 0x40, 0x00, 0x00,
    0xb0, 0x50, 0x02, 0x00, 0x02, 0x40, 0x00, 0x00, 0x30, 0x42, 0x02, 0x00,
    0x0b, 0x01, 0x01, 0x00, 0x0c, 0x01, 0x01, 0x00, 0x10, 0x40, 0x00, 0x00,
    0xf0, 0xa3, 0x02, 0x00, 0x03, 0x00, 0x00, 0x00, 0x00, 0x40, 0x00, 0x00,
    0x50, 0xa0, 0x02, 0x00, 0x02, 0x40, 0x00, 0x00, 0x00, 0x00, 0x00, 0x00,
    0x0b, 0x01, 0x00, 0x00, 0x0c, 0x01, 0x00, 0x00, 0x01, 0x01, 0x00, 0x00,
    0x02, 0x01, 0x00, 0x00, 0x10, 0x40, 0x00, 0x00, 0x70, 0xf2, 0x01, 0x00,
    0x21, 0x01, 0x00, 0x00, 0x20, 0x01, 0x00, 0x00, 0x20, 0x40, 0x00, 0x00,
    0x00, 0x11, 0x00, 0x00, 0x21, 0x40, 0x00, 0x00, 0x00, 0x01, 0x00, 0x00,
    0x22, 0x40, 0x00, 0x00, 0x80, 0x10, 0x00, 0x00, 0x2f, 0x01, 0x01, 0x00,
    0x02, 0x00, 0x00, 0x00, 0x00, 0x40, 0x00, 0x00, 0xf0, 0xa3, 0x02, 0x00,
    0x10, 0x40, 0x00, 0x00, 0x10, 0xf6, 0x01, 0x00, 0x2f, 0x01, 0x03, 0x00,
    0x02, 0x00, 0x00, 0x00, 0x00, 0x40, 0x00, 0x00, 0x50, 0x54, 0x02, 0x00,
    0x02, 0x40, 0x00, 0x00, 0x30, 0x42, 0x02, 0x00, 0x01, 0x01, 0x01, 0x00,
    0x02, 0x01, 0x01, 0x00, 0x10, 0x40, 0x00, 0x00, 0x50, 0xa0, 0x02, 0x00,
    0x21, 0x01, 0x02, 0x00, 0x20, 0x01, 0x02, 0x00, 0x20, 0x40, 0x00, 0x00,
    0xd0, 0x0f, 0x00, 0x00, 0x21, 0x40, 0x00, 0x00, 0xb0, 0x00, 0x00, 0x00,
    0x22, 0x40, 0x00, 0x00, 0x50, 0x0f, 0x00, 0x00, 0x03, 0x00, 0x00, 0x00,
    0x00, 0x40, 0x00, 0x00, 0x50, 0x37, 0x02, 0x00, 0x02, 0x40, 0x00, 0x00,
    0x00, 0x00, 0x00, 0x00, 0x0b, 0x01, 0x02, 0x00, 0x0c, 0x01, 0x02, 0x00,
    0x01, 0x01, 0x02, 0x00, 0x02, 0x01, 0x02, 0x00, 0x10, 0x40, 0x00, 0x00,
    0xd0, 0x91, 0x02, 0x00, 0x20, 0x01, 0x04, 0x00, 0x20, 0x40, 0x00, 0x00,
    0x20, 0x0a, 0x00, 0x00, 0x21, 0x40, 0x00, 0x00, 0xe0, 0x00, 0x00, 0x00,
    0x22, 0x40, 0x00, 0x00, 0xa0, 0x09, 0x00, 0x00, 0x03, 0x00, 0x00, 0x00,
    0x00, 0x40, 0x00, 0x00, 0xb0, 0xbf, 0x01, 0x00, 0x02, 0x40, 0x00, 0x00,
    0xf0, 0xa9, 0x01, 0x00, 0x0b, 0x01, 0x03, 0x00, 0x0c, 0x01, 0x03, 0x00,
    0x01, 0x01, 0x01, 0x00, 0x02, 0x01, 0x01, 0x00, 0x10, 0x40, 0x00, 0x00,
    0x90, 0x8a, 0x02, 0x00, 0x21, 0x01, 0x04, 0x00, 0x20, 0x01, 0x02, 0x00,
    0x20, 0x40, 0x00, 0x00, 0x40, 0x07, 0x00, 0x00, 0x22, 0x40, 0x00, 0x00,
    0xc0, 0x06, 0x00, 0x00, 0x0d, 0x01, 0x12, 0x00, 0x03, 0x00, 0x00, 0x00,
    0x00, 0x40, 0x00, 0x00, 0x50, 0xc3, 0x01, 0x00, 0x0b, 0x01, 0x02, 0x00,
    0x0c, 0x01, 0x02, 0x00, 0x10, 0x40, 0x00, 0x00, 0x30, 0x8e, 0x02, 0x00,
    0x03, 0x00, 0x00, 0x00, 0x00, 0x40, 0x00, 0x00, 0x90, 0x8a, 0x02, 0x00,
    0x02, 0x40, 0x00, 0x00, 0x00, 0x00, 0x00, 0x00, 0x0b, 0x01, 0x00, 0x00,
    0x0c, 0x01, 0x00, 0x00, 0x01, 0x01, 0x00, 0x00, 0x02, 0x01, 0x00, 0x00,
    0x10, 0x40, 0x00, 0x00, 0x70, 0x2c, 0x02, 0x00, 0x21, 0x01, 0x00, 0x00,
    0x20, 0x01, 0x00, 0x00, 0x20, 0x40, 0x00, 0x00, 0xa0, 0x08, 0x00, 0x00,
    0x21, 0x40, 0x00, 0x00, 0x00, 0x01, 0x00, 0x00, 0x22, 0x40, 0x00, 0x00,
    0x20, 0x08, 0x00, 0x00, 0x0d, 0x01, 0x0a, 0x00, 0x2f, 0x01, 0x01, 0x00,
    0x02, 0x00, 0x00, 0x00, 0x00, 0x40, 0x00, 0x00, 0x30, 0x8e, 0x02, 0x00,
    0x10, 0x40, 0x00, 0x00, 0x10, 0x30, 0x02, 0x00, 0x2f, 0x01, 0x03, 0x00,
    0x02, 0x00, 0x00, 0x00, 0x00, 0x40, 0x00, 0x00, 0x90, 0x21, 0x02, 0x00,
    0x0b, 0x01, 0x02, 0x00, 0x0c, 0x01, 0x02, 0x00, 0x01, 0x01, 0x01, 0x00,
    0x02, 0x01, 0x01, 0x00, 0x10, 0x40, 0x00, 0x00, 0x50, 0x83, 0x02, 0x00,
    0x21, 0x01, 0x02, 0x00, 0x20, 0x01, 0x02, 0x00, 0x20, 0x40, 0x00, 0x00,
    0xa0, 0x04, 0x00, 0x00, 0x21, 0x40, 0x00, 0x00, 0xa0, 0x00, 0x00, 0x00,
    0x22, 0x40, 0x00, 0x00, 0x20, 0x04, 0x00, 0x00, 0x03, 0x00, 0x00, 0x00,
    0x00, 0x40, 0x00, 0x00, 0x30, 0x25, 0x02, 0x00, 0x02, 0x40, 0x00, 0x00,
    0xb0, 0x16, 0x02, 0x00, 0x0b, 0x01, 0x01, 0x00, 0x0c, 0x01, 0x01, 0x00,
    0x10, 0x40, 0x00, 0x00, 0xf0, 0x86, 0x02, 0x00, 0x03, 0x00, 0x00, 0x00,
    0x00, 0x40, 0x00, 0x00, 0x50, 0x83, 0x02, 0x00, 0x02, 0x40, 0x00, 0x00,
    0x00, 0x00, 0x00, 0x00, 0x0b, 0x01, 0x00, 0x00, 0x0c, 0x01, 0x00, 0x00,
    0x01, 0x01, 0x00, 0x00, 0x02, 0x01, 0x00, 0x00, 0x10, 0x40, 0x00, 0x00,
    0x30, 0xb1, 0x01, 0x00, 0x21, 0x01, 0x00, 0x00, 0x20, 0x01, 0x00, 0x00,
    0x20, 0x40, 0x00, 0x00, 0xc0, 0x05, 0x00, 0x00, 0x21, 0x40, 0x00, 0x00,
    0x00, 0x01, 0x00, 0x00, 0x22, 0x40, 0x00, 0x00, 0x40, 0x05, 0x00, 0x00,
    0x2f, 0x01, 0x01, 0x00, 0x02, 0x00, 0x00, 0x00, 0x00, 0x40, 0x00, 0x00,
    0xf0, 0x86, 0x02, 0x00, 0x10, 0x40, 0x00, 0x00, 0xd0, 0xb4, 0x01, 0x00,
    0x2f, 0x01, 0x03, 0x00, 0x02, 0x00, 0x00, 0x00, 0x00, 0x40, 0x00, 0x00,
    0xd0, 0x28, 0x02, 0x00, 0x02, 0x40, 0x00, 0x00, 0xb0, 0x16, 0x02, 0x00,
    0x01, 0x01, 0x01, 0x00, 0x02, 0x01, 0x01, 0x00, 0x10, 0x40, 0x00, 0x00,
    0x50, 0x83, 0x02, 0x00, 0x21, 0x01, 0x02, 0x00, 0x20, 0x01, 0x02, 0x00,
    0x20, 0x40, 0x00, 0x00, 0xa0, 0x04, 0x00, 0x00, 0x21, 0x40, 0x00, 0x00,
    0xa0, 0x00, 0x00, 0x00, 0x22, 0x40, 0x00, 0x00, 0x20, 0x04, 0x00, 0x00,
    0x03, 0x00, 0x00, 0x00, 0x00, 0x40, 0x00, 0x00, 0x60, 0x53, 0x01, 0x00,
    0x02, 0x40, 0x00, 0x00, 0x00, 0x00, 0x00, 0x00, 0x0b, 0x01, 0x01, 0x00,
    0x0c, 0x01, 0x01, 0x00, 0x0a, 0x01, 0x72, 0x00, 0x04, 0x01, 0x03, 0x00,
    0x05, 0x40, 0x00, 0x00, 0xcc, 0x01, 0x00, 0x00, 0x04, 0x40, 0x00, 0x00,
    0x04, 0x00, 0x00, 0x00, 0x06, 0x40, 0x00, 0x00, 0x01, 0x00, 0x00, 0x00,
    0x09, 0x01, 0x00, 0x00, 0x05, 0x01, 0x01, 0x00, 0x01, 0x01, 0x00, 0x00,
    0x02, 0x01, 0x00, 0x00, 0x10, 0x40, 0x00, 0x00, 0xb0, 0x6d, 0x02, 0x00,
    0x11, 0x01, 0x72, 0x00, 0x1a, 0x01, 0x72, 0x00, 0x13, 0x01, 0x03, 0x00,
    0x15, 0x40, 0x00, 0x00, 0x30, 0x07, 0x00, 0x00, 0x16, 0x40, 0x00, 0x00,
    0x30, 0x07, 0x00, 0x00, 0x18, 0x01, 0x00, 0x00, 0x14, 0x01, 0x41, 0x81,
    0x21, 0x01, 0x01, 0x00, 0x20, 0x01, 0x00, 0x00, 0x22, 0x01, 0x02, 0x00,
    0x15, 0x01, 0x15, 0x00, 0x17, 0x01, 0x07, 0x00, 0x05, 0x00, 0x01, 0x00,
    0x00, 0x40, 0x00, 0x00, 0xf8, 0x56, 0x01, 0x00, 0x10, 0x40, 0x00, 0x00,
    0xe0, 0x74, 0x02, 0x00, 0x05, 0x00, 0x01, 0x00, 0x00, 0x40, 0x00, 0x00,
    0xb0, 0x6d, 0x02, 0x00, 0x0b, 0x01, 0x00, 0x00, 0x0c, 0x01, 0x00, 0x00,
    0x05, 0x40, 0x00, 0x00, 0x30, 0x07, 0x00, 0x00, 0x04, 0x40, 0x00, 0x00,
    0x10, 0x00, 0x00, 0x00, 0x06, 0x40, 0x00, 0x00, 0x30, 0x07, 0x00, 0x00,
    0x05, 0x01, 0x41, 0x00, 0x01, 0x01, 0x01, 0x00, 0x02, 0x01, 0x01, 0x00,
    0x10, 0x40, 0x00, 0x00, 0xb0, 0xa2, 0x01, 0x00, 0x11, 0x01, 0x39, 0x00,
    0x1a, 0x01, 0x39, 0x00, 0x13, 0x01, 0x0b, 0x00, 0x15, 0x40, 0x00, 0x00,
    0xa0, 0x03, 0x00, 0x00, 0x16, 0x40, 0x00, 0x00, 0xa0, 0x03, 0x00, 0x00,
    0x18, 0x01, 0x80, 0xff, 0x14, 0x01, 0x41, 0x00, 0x21, 0x01, 0x00, 0x00,
    0x20, 0x01, 0x02, 0x00, 0x22, 0x01, 0x05, 0x00, 0x20, 0x40, 0x00, 0x00,
    0x80, 0x00, 0x00, 0x00, 0x21, 0x40, 0x00, 0x00, 0xe0, 0x00, 0x00, 0x00,
    0x22, 0x40, 0x00, 0x00, 0x00, 0x00, 0x00, 0x00, 0x15, 0x01, 0x39, 0x00,
    0x17, 0x01, 0x0f, 0x00, 0x2f, 0x01, 0x01, 0x00, 0x02, 0x00, 0x00, 0x00,
    0x00, 0x40, 0x00, 0x00, 0xe0, 0x74, 0x02, 0x00, 0x10, 0x40, 0x00, 0x00,
    0x50, 0xa6, 0x01, 0x00, 0x2f, 0x01, 0x03, 0x00, 0x02, 0x00, 0x00, 0x00,
    0x00, 0x40, 0x00, 0x00, 0x90, 0x5a, 0x01, 0x00, 0x0b, 0x01, 0x01, 0x00,
    0x0c, 0x01, 0x01, 0x00, 0x05, 0x40, 0x00, 0x00, 0xcc, 0x01, 0x00, 0x00,
    0x04, 0x40, 0x00, 0x00, 0x04, 0x00, 0x00, 0x00, 0x06, 0x40, 0x00, 0x00,
    0x01, 0x00, 0x00, 0x00, 0x05, 0x01, 0x01, 0x00, 0x01, 0x01, 0x00, 0x00,
    0x02, 0x01, 0x00, 0x00, 0x10, 0x40, 0x00, 0x00, 0xb0, 0x6d, 0x02, 0x00,
    0x11, 0x01, 0x72, 0x00, 0x1a, 0x01, 0x72, 0x00, 0x13, 0x01, 0x03, 0x00,
    0x15, 0x40, 0x00, 0x00, 0x30, 0x07, 0x00, 0x00, 0x16, 0x40, 0x00, 0x00,
    0x30, 0x07, 0x00, 0x00, 0x18, 0x01, 0x00, 0x00, 0x14, 0x01, 0x41, 0x81,
    0x21, 0x01, 0x01, 0x00, 0x20, 0x01, 0x00, 0x00, 0x22, 0x01, 0x02, 0x00,
    0x15, 0x01, 0x15, 0x00, 0x17, 0x01, 0x07, 0x00, 0x05, 0x00, 0x01, 0x00,
    0x00, 0x40, 0x00, 0x00, 0x28, 0x5e, 0x01, 0x00, 0x10, 0x40, 0x00, 0x00,
    0xe0, 0x74, 0x02, 0x00, 0x05, 0x00, 0x01, 0x00, 0x00, 0x40, 0x00, 0x00,
    0xb0, 0x6d, 0x02, 0x00, 0x0b, 0x01, 0x00, 0x00, 0x0c, 0x01, 0x00, 0x00,
    0x05, 0x40, 0x00, 0x00, 0x30, 0x07, 0x00, 0x00, 0x04, 0x40, 0x00, 0x00,
    0x10, 0x00, 0x00, 0x00, 0x06, 0x40, 0x00, 0x00, 0x30, 0x07, 0x00, 0x00,
    0x05, 0x01, 0x41, 0x00, 0x01, 0x01, 0x01, 0x00, 0x02, 0x01, 0x01, 0x00,
    0x10, 0x40, 0x00, 0x00, 0xb0, 0x85, 0x01, 0x00, 0x11, 0x01, 0x39, 0x00,
    0x1a, 0x01, 0x39, 0x00, 0x13, 0x01, 0x0b, 0x00, 0x15, 0x40, 0x00, 0x00,
    0xa0, 0x03, 0x00, 0x00, 0x16, 0x40, 0x00, 0x00, 0xa0, 0x03, 0x00, 0x00,
    0x18, 0x01, 0x80, 0xff, 0x14, 0x01, 0x41, 0x00, 0x21, 0x01, 0x00, 0x00,
    0x20, 0x01, 0x02, 0x00, 0x22, 0x01, 0x05, 0x00, 0x15, 0x01, 0x39, 0x00,
    0x17, 0x01, 0x0f, 0x00, 0x2f, 0x01, 0x01, 0x00, 0x02, 0x00, 0x00, 0x00,
    0x00, 0x40, 0x00, 0x00, 0xe0, 0x74, 0x02, 0x00, 0x10, 0x40, 0x00, 0x00,
    0x50, 0x89, 0x01, 0x00, 0x2f, 0x01, 0x03, 0x00, 0x02, 0x00, 0x00, 0x00,
    0x00, 0x40, 0x00, 0x00, 0xc0, 0x61, 0x01, 0x00, 0x0b, 0x01, 0x01, 0x00,
    0x0c, 0x01, 0x01, 0x00, 0x05, 0x40, 0x00, 0x00, 0xcc, 0x01, 0x00, 0x00,
    0x04, 0x40, 0x00, 0x00, 0x04, 0x00, 0x00, 0x00, 0x06, 0x40, 0x00, 0x00,
    0x01, 0x00, 0x00, 0x00, 0x05, 0x01, 0x01, 0x00, 0x01, 0x01, 0x00, 0x00,
    0x02, 0x01, 0x00, 0x00, 0x10, 0x40, 0x00, 0x00, 0xb0, 0x6d, 0x02, 0x00,
    0x11, 0x01, 0x72, 0x00, 0x1a, 0x01, 0x72, 0x00, 0x13, 0x01, 0x03, 0x00,
    0x15, 0x40, 0x00, 0x00, 0x30, 0x07, 0x00, 0x00, 0x16, 0x40, 0x00, 0x00,
    0x30, 0x07, 0x00, 0x00, 0x18, 0x01, 0x00, 0x00, 0x14, 0x01, 0x41, 0x81,
    0x21, 0x01, 0x01, 0x00, 0x20, 0x01, 0x00, 0x00, 0x22, 0x01, 0x02, 0x00,
    0x15, 0x01, 0x15, 0x00, 0x17, 0x01, 0x07, 0x00, 0x05, 0x00, 0x01, 0x00,
    0x00, 0x40, 0x00, 0x00, 0x58, 0x65, 0x01, 0x00, 0x10, 0x40, 0x00, 0x00,
    0xe0, 0x74, 0x02, 0x00, 0x05, 0x00, 0x01, 0x00, 0x00, 0x40, 0x00, 0x00,
    0xb0, 0x6d, 0x02, 0x00, 0x0b, 0x01, 0x00, 0x00, 0x0c, 0x01, 0x00, 0x00,
    0x05, 0x40, 0x00, 0x00, 0x30, 0x07, 0x00, 0x00, 0x04, 0x40, 0x00, 0x00,
    0x10, 0x00, 0x00, 0x00, 0x06, 0x40, 0x00, 0x00, 0x30, 0x07, 0x00, 0x00,
    0x05, 0x01, 0x41, 0x00, 0x01, 0x01, 0x01, 0x00, 0x02, 0x01, 0x01, 0x00,
    0x10, 0x40, 0x00, 0x00, 0xf0, 0x8c, 0x01, 0x00, 0x11, 0x01, 0x39, 0x00,
    0x1a, 0x01, 0x39, 0x00, 0x13, 0x01, 0x0b, 0x00, 0x15, 0x40, 0x00, 0x00,
    0xa0, 0x03, 0x00, 0x00, 0x16, 0x40, 0x00, 0x00, 0xa0, 0x03, 0x00, 0x00,
    0x18, 0x01, 0x80, 0xff, 0x14, 0x01, 0x41, 0x00, 0x21, 0x01, 0x00, 0x00,
    0x20, 0x01, 0x02, 0x00, 0x22, 0x01, 0x05, 0x00, 0x15, 0x01, 0x39, 0x00,
    0x17, 0x01, 0x0f, 0x00, 0x2f, 0x01, 0x01, 0x00, 0x02, 0x00, 0x00, 0x00,
    0x00, 0x40, 0x00, 0x00, 0xe0, 0x74, 0x02, 0x00, 0x10, 0x40, 0x00, 0x00,
    0x90, 0x90, 0x01, 0x00, 0x2f, 0x01, 0x03, 0x00, 0x02, 0x00, 0x00, 0x00,
    0x00, 0x40, 0x00, 0x00, 0x30, 0x94, 0x01, 0x00, 0x0b, 0x01, 0x04, 0x00,
    0x0c, 0x01, 0x04, 0x00, 0x0a, 0x01, 0x39, 0x00, 0x04, 0x01, 0x0b, 0x00,
    0x05, 0x40, 0x00, 0x00, 0xa0, 0x03, 0x00, 0x00, 0x06, 0x40, 0x00, 0x00,
    0xa0, 0x03, 0x00, 0x00, 0x09, 0x01, 0x80, 0xff, 0x10, 0x40, 0x00, 0x00,
    0x10, 0x7c, 0x02, 0x00, 0x21, 0x01, 0x04, 0x00, 0x22, 0x01, 0x00, 0x00,
    0x20, 0x40, 0x00, 0x00, 0xe0, 0x01, 0x00, 0x00, 0x22, 0x40, 0x00, 0x00,
    0x60, 0x01, 0x00, 0x00, 0x0d, 0x01, 0x12, 0x00, 0x2f, 0x01, 0x01, 0x00,
    0x03, 0x00, 0x00, 0x00, 0x00, 0x40, 0x00, 0x00, 0xd0, 0x97, 0x01, 0x00,
    0x10, 0x40, 0x00, 0x00, 0xb0, 0x7f, 0x02, 0x00, 0x2f, 0x01, 0x03, 0x00,
    0x03, 0x00, 0x00, 0x00, 0x00, 0x40, 0x00, 0x00, 0x10, 0x7c, 0x02, 0x00,
    0x0b, 0x01, 0x00, 0x00, 0x0c, 0x01, 0x00, 0x00, 0x01, 0x01, 0x00, 0x00,
    0x02, 0x01, 0x00, 0x00, 0x10, 0x40, 0x00, 0x00, 0xf0, 0x1d, 0x02, 0x00,
    0x21, 0x01, 0x00, 0x00, 0x20, 0x01, 0x00, 0x00, 0x20, 0x40, 0x00, 0x00,
    0x40, 0x03, 0x00, 0x00, 0x22, 0x40, 0x00, 0x00, 0xc0, 0x02, 0x00, 0x00,
    0x0d, 0x01, 0x0a, 0x00, 0x2f, 0x01, 0x01, 0x00, 0x02, 0x00, 0x00, 0x00,
    0x00, 0x40, 0x00, 0x00, 0xb0, 0x7f, 0x02, 0x00, 0x10, 0x40, 0x00, 0x00,
    0x90, 0x21, 0x02, 0x00, 0x2f, 0x01, 0x03, 0x00, 0x02, 0x00, 0x00, 0x00,
    0x00, 0x40, 0x00, 0x00, 0x70, 0x9b, 0x01, 0x00, 0x02, 0x40, 0x00, 0x00,
    0xb0, 0x85, 0x01, 0x00, 0x0b, 0x01, 0x03, 0x00, 0x0c, 0x01, 0x03, 0x00,
    0x01, 0x01, 0x01, 0x00, 0x02, 0x01, 0x01, 0x00, 0x10, 0x40, 0x00, 0x00,
    0x10, 0x7c, 0x02, 0x00, 0x21, 0x01, 0x04, 0x00, 0x20, 0x01, 0x02, 0x00,
    0x20, 0x40, 0x00, 0x00, 0xe0, 0x01, 0x00, 0x00, 0x22, 0x40, 0x00, 0x00,
    0x60, 0x01, 0x00, 0x00, 0x0d, 0x01, 0x12, 0x00, 0x03, 0x00, 0x00, 0x00,
    0x00, 0x40, 0x00, 0x00, 0x10, 0x9f, 0x01, 0x00, 0x0b, 0x01, 0x02, 0x00,
    0x0c, 0x01, 0x02, 0x00, 0x10, 0x40, 0x00, 0x00, 0xb0, 0x7f, 0x02, 0x00,
    0x03, 0x00, 0x00, 0x00, 0x00, 0x40, 0x00, 0x00, 0x10, 0x7c, 0x02, 0x00,
    0x02, 0x40, 0x00, 0x00, 0x00, 0x00, 0x00, 0x00, 0x0b, 0x01, 0x00, 0x00,
    0x0c, 0x01, 0x00, 0x00, 0x01, 0x01, 0x00, 0x00, 0x02, 0x01, 0x00, 0x00,
    0x10, 0x40, 0x00, 0x00, 0x30, 0x25, 0x02, 0x00, 0x21, 0x01, 0x00, 0x00,
    0x20, 0x01, 0x00, 0x00, 0x20, 0x40, 0x00, 0x00, 0x40, 0x03, 0x00, 0x00,
    0x22, 0x40, 0x00, 0x00, 0xc0, 0x02, 0x00, 0x00, 0x0d, 0x01, 0x0a, 0x00,
    0x2f, 0x01, 0x01, 0x00, 0x02, 0x00, 0x00, 0x00, 0x00, 0x40, 0x00, 0x00,
    0xb0, 0x7f, 0x02, 0x00, 0x10, 0x40, 0x00, 0x00, 0xd0, 0x28, 0x02, 0x00,
    0x2f, 0x01, 0x03, 0x00, 0x02, 0x00, 0x00, 0x00, 0x00, 0x40, 0x00, 0x00,
    0xb0, 0x16, 0x02, 0x00, 0x0b, 0x01, 0x02, 0x00, 0x0c, 0x01, 0x02, 0x00,
    0x01, 0x01, 0x01, 0x00, 0x02, 0x01, 0x01, 0x00, 0x10, 0x40, 0x00, 0x00,
    0xf0, 0x86, 0x02, 0x00, 0x21, 0x01, 0x02, 0x00, 0x20, 0x01, 0x02, 0x00,
    0x20, 0x40, 0x00, 0x00, 0xa0, 0x04, 0x00, 0x00, 0x21, 0x40, 0x00, 0x00,
    0xa0, 0x00, 0x00, 0x00, 0x22, 0x40, 0x00, 0x00, 0x20, 0x04, 0x00, 0x00,
    0x2f, 0x01, 0x01, 0x00, 0x03, 0x00, 0x00, 0x00, 0x00, 0x40, 0x00, 0x00,
    0x50, 0x83, 0x02, 0x00, 0x0b, 0x01, 0x00, 0x00, 0x0c, 0x01, 0x00, 0x00,
    0x01, 0x01, 0x00, 0x00, 0x02, 0x01, 0x00, 0x00, 0x10, 0x40, 0x00, 0x00,
    0x70, 0xb8, 0x01, 0x00, 0x21, 0x01, 0x00, 0x00, 0x20, 0x01, 0x00, 0x00,
    0x20, 0x40, 0x00, 0x00, 0xc0, 0x05, 0x00, 0x00, 0x21, 0x40, 0x00, 0x00,
    0x00, 0x01, 0x00, 0x00, 0x22, 0x40, 0x00, 0x00, 0x40, 0x05, 0x00, 0x00,
    0x02, 0x00, 0x00, 0x00, 0x00, 0x40, 0x00, 0x00, 0xf0, 0x86, 0x02, 0x00,
    0x10, 0x40, 0x00, 0x00, 0x10, 0xbc, 0x01, 0x00, 0x2f, 0x01, 0x03, 0x00,
    0x02, 0x00, 0x00, 0x00, 0x00, 0x40, 0x00, 0x00, 0x50, 0x1a, 0x02, 0x00,
    0x0b, 0x01, 0x02, 0x00, 0x0c, 0x01, 0x02, 0x00, 0x01, 0x01, 0x01, 0x00,
    0x02, 0x01, 0x01, 0x00, 0x10, 0x40, 0x00, 0x00, 0x50, 0x83, 0x02, 0x00,
    0x21, 0x01, 0x02, 0x00, 0x20, 0x01, 0x02, 0x00, 0x20, 0x40, 0x00, 0x00,
    0xa0, 0x04, 0x00, 0x00, 0x21, 0x40, 0x00, 0x00, 0xa0, 0x00, 0x00, 0x00,
    0x22, 0x40, 0x00, 0x00, 0x20, 0x04, 0x00, 0x00, 0x03, 0x00, 0x00, 0x00,
    0x00, 0x40, 0x00, 0x00, 0xf0, 0x1d, 0x02, 0x00, 0x10, 0x40, 0x00, 0x00,
    0xf0, 0x86, 0x02, 0x00, 0x03, 0x00, 0x00, 0x00, 0x00, 0x40, 0x00, 0x00,
    0x50, 0x83, 0x02, 0x00, 0x0b, 0x01, 0x00, 0x00, 0x0c, 0x01, 0x00, 0x00,
    0x01, 0x01, 0x00, 0x00, 0x02, 0x01, 0x00, 0x00, 0x10, 0x40, 0x00, 0x00,
    0xb0, 0xbf, 0x01, 0x00, 0x21, 0x01, 0x00, 0x00, 0x20, 0x01, 0x00, 0x00,
    0x20, 0x40, 0x00, 0x00, 0xc0, 0x05, 0x00, 0x00, 0x21, 0x40, 0x00, 0x00,
    0x00, 0x01, 0x00, 0x00, 0x22, 0x40, 0x00, 0x00, 0x40, 0x05, 0x00, 0x00,
    0x2f, 0x01, 0x01, 0x00, 0x02, 0x00, 0x00, 0x00, 0x00, 0x40, 0x00, 0x00,
    0xf0, 0x86, 0x02, 0x00, 0x10, 0x40, 0x00, 0x00, 0x50, 0xc3, 0x01, 0x00,
    0x2f, 0x01, 0x03, 0x00, 0x02, 0x00, 0x00, 0x00, 0x00, 0x40, 0x00, 0x00,
    0xf0, 0xc6, 0x01, 0x00, 0x02, 0x40, 0x00, 0x00, 0xf0, 0xa9, 0x01, 0x00,
    0x0b, 0x01, 0x01, 0x00, 0x0c, 0x01, 0x01, 0x00, 0x01, 0x01, 0x01, 0x00,
    0x02, 0x01, 0x01, 0x00, 0x10, 0x40, 0x00, 0x00, 0x90, 0x8a, 0x02, 0x00,
    0x21, 0x01, 0x04, 0x00, 0x20, 0x01, 0x02, 0x00, 0x20, 0x40, 0x00, 0x00,
    0x40, 0x07, 0x00, 0x00, 0x21, 0x40, 0x00, 0x00, 0xe0, 0x00, 0x00, 0x00,
    0x22, 0x40, 0x00, 0x00, 0xc0, 0x06, 0x00, 0x00, 0x0d, 0x01, 0x12, 0x00,
    0x2f, 0x01, 0x01, 0x00, 0x03, 0x00, 0x00, 0x00, 0x00, 0x40, 0x00, 0x00,
    0x90, 0xca, 0x01, 0x00, 0x0b, 0x01, 0x00, 0x00, 0x0c, 0x01, 0x00, 0x00,
    0x10, 0x40, 0x00, 0x00, 0x30, 0x8e, 0x02, 0x00, 0x2f, 0x01, 0x03, 0x00,
    0x03, 0x00, 0x00, 0x00, 0x00, 0x40, 0x00, 0x00, 0x90, 0x8a, 0x02, 0x00,
    0x02, 0x40, 0x00, 0x00, 0x00, 0x00, 0x00, 0x00, 0x01, 0x01, 0x00, 0x00,
    0x02, 0x01, 0x00, 0x00, 0x10, 0x40, 0x00, 0x00, 0xb0, 0x33, 0x02, 0x00,
    0x21, 0x01, 0x00, 0x00, 0x20, 0x01, 0x00, 0x00, 0x20, 0x40, 0x00, 0x00,
    0xa0, 0x08, 0x00, 0x00, 0x21, 0x40, 0x00, 0x00, 0x00, 0x01, 0x00, 0x00,
    0x22, 0x40, 0x00, 0x00, 0x20, 0x08, 0x00, 0x00, 0x0d, 0x01, 0x0a, 0x00,
    0x2f, 0x01, 0x01, 0x00, 0x02, 0x00, 0x00, 0x00, 0x00, 0x40, 0x00, 0x00,
    0x30, 0x8e, 0x02, 0x00, 0x10, 0x40, 0x00, 0x00, 0x50, 0x37, 0x02, 0x00,
    0x2f, 0x01, 0x03, 0x00, 0x02, 0x00, 0x00, 0x00, 0x00, 0x40, 0x00, 0x00,
    0xf0, 0x3a, 0x02, 0x00, 0x02, 0x40, 0x00, 0x00, 0x70, 0x2c, 0x02, 0x00,
    0x0b, 0x01, 0x01, 0x00, 0x0c, 0x01, 0x01, 0x00, 0x01, 0x01, 0x02, 0x00,
    0x02, 0x01, 0x02, 0x00, 0x10, 0x40, 0x00, 0x00, 0x70, 0x95, 0x02, 0x00,
    0x21, 0x01, 0x02, 0x00, 0x20, 0x01, 0x04, 0x00, 0x20, 0x40, 0x00, 0x00,
    0x20, 0x0a, 0x00, 0x00, 0x21, 0x40, 0x00, 0x00, 0xe0, 0x00, 0x00, 0x00,
    0x22, 0x40, 0x00, 0x00, 0xa0, 0x09, 0x00, 0x00, 0x2f, 0x01, 0x01, 0x00,
    0x03, 0x00, 0x00, 0x00, 0x00, 0x40, 0x00, 0x00, 0xd0, 0x91, 0x02, 0x00,
    0x02, 0x40, 0x00, 0x00, 0x00, 0x00, 0x00, 0x00, 0x0b, 0x01, 0x00, 0x00,
    0x0c, 0x01, 0x00, 0x00, 0x01, 0x01, 0x00, 0x00, 0x02, 0x01, 0x00, 0x00,
    0x10, 0x40, 0x00, 0x00, 0xf0, 0xe3, 0x01, 0x00, 0x21, 0x01, 0x00, 0x00,
    0x20, 0x01, 0x00, 0x00, 0x20, 0x40, 0x00, 0x00, 0x80, 0x0b, 0x00, 0x00,
    0x21, 0x40, 0x00, 0x00, 0xf0, 0x00, 0x00, 0x00, 0x22, 0x40, 0x00, 0x00,
    0x00, 0x0b, 0x00, 0x00, 0x02, 0x00, 0x00, 0x00, 0x00, 0x40, 0x00, 0x00,
    0x70, 0x95, 0x02, 0x00, 0x10, 0x40, 0x00, 0x00, 0x90, 0xe7, 0x01, 0x00,
    0x2f, 0x01, 0x03, 0x00, 0x02, 0x00, 0x00, 0x00, 0x00, 0x40, 0x00, 0x00,
    0x90, 0x3e, 0x02, 0x00, 0x02, 0x40, 0x00, 0x00, 0x70, 0x2c, 0x02, 0x00,
    0x01, 0x01, 0x02, 0x00, 0x02, 0x01, 0x02, 0x00, 0x10, 0x40, 0x00, 0x00,
    0xd0, 0x91, 0x02, 0x00, 0x21, 0x01, 0x02, 0x00, 0x20, 0x01, 0x04, 0x00,
    0x20, 0x40, 0x00, 0x00, 0x20, 0x0a, 0x00, 0x00, 0x21, 0x40, 0x00, 0x00,
    0xe0, 0x00, 0x00, 0x00, 0x22, 0x40, 0x00, 0x00, 0xa0, 0x09, 0x00, 0x00,
    0x03, 0x00, 0x00, 0x00, 0x00, 0x40, 0x00, 0x00, 0x70, 0x2c, 0x02, 0x00,
    0x02, 0x40, 0x00, 0x00, 0x00, 0x00, 0x00, 0x00, 0x0b, 0x01, 0x02, 0x00,
    0x0c, 0x01, 0x02, 0x00, 0x10, 0x40, 0x00, 0x00, 0x70, 0x95, 0x02, 0x00,
    0x03, 0x00, 0x00, 0x00, 0x00, 0x40, 0x00, 0x00, 0xd0, 0x91, 0x02, 0x00,
    0x0b, 0x01, 0x00, 0x00, 0x0c, 0x01, 0x00, 0x00, 0x01, 0x01, 0x00, 0x00,
    0x02, 0x01, 0x00, 0x00, 0x10, 0x40, 0x00, 0x00, 0x30, 0xeb, 0x01, 0x00,
    0x21, 0x01, 0x00, 0x00, 0x20, 0x01, 0x00, 0x00, 0x20, 0x40, 0x00, 0x00,
    0x80, 0x0b, 0x00, 0x00, 0x21, 0x40, 0x00, 0x00, 0xf0, 0x00, 0x00, 0x00,
    0x22, 0x40, 0x00, 0x00, 0x00, 0x0b, 0x00, 0x00, 0x2f, 0x01, 0x01, 0x00,
    0x02, 0x00, 0x00, 0x00, 0x00, 0x40, 0x00, 0x00, 0x70, 0x95, 0x02, 0x00,
    0x10, 0x40, 0x00, 0x00, 0xd0, 0xee, 0x01, 0x00, 0x2f, 0x01, 0x03, 0x00,
    0x02, 0x00, 0x00, 0x00, 0x00, 0x40, 0x00, 0x00, 0x10, 0x30, 0x02, 0x00,
    0x0b, 0x01, 0x02, 0x00, 0x0c, 0x01, 0x02, 0x00, 0x01, 0x01, 0x02, 0x00,
    0x02, 0x01, 0x02, 0x00, 0x10, 0x40, 0x00, 0x00, 0xd0, 0x91, 0x02, 0x00,
    0x21, 0x01, 0x02, 0x00, 0x20, 0x01, 0x04, 0x00, 0x20, 0x40, 0x00, 0x00,
    0x20, 0x0a, 0x00, 0x00, 0x21, 0x40, 0x00, 0x00, 0xe0, 0x00, 0x00, 0x00,
    0x22, 0x40, 0x00, 0x00, 0xa0, 0x09, 0x00, 0x00, 0x03, 0x00, 0x00, 0x00,
    0x00, 0x40, 0x00, 0x00, 0xf0, 0xa9, 0x01, 0x00, 0x0b, 0x01, 0x04, 0x00,
    0x0c, 0x01, 0x04, 0x00, 0x01, 0x01, 0x01, 0x00, 0x02, 0x01, 0x01, 0x00,
    0x10, 0x40, 0x00, 0x00, 0x90, 0x8a, 0x02, 0x00, 0x21, 0x01, 0x04, 0x00,
    0x20, 0x01, 0x02, 0x00, 0x20, 0x40, 0x00, 0x00, 0x40, 0x07, 0x00, 0x00,
    0x22, 0x40, 0x00, 0x00, 0xc0, 0x06, 0x00, 0x00, 0x0d, 0x01, 0x12, 0x00,
    0x03, 0x00, 0x00, 0x00, 0x00, 0x40, 0x00, 0x00, 0x90, 0xad, 0x01, 0x00,
    0x10, 0x40, 0x00, 0x00, 0x30, 0x8e, 0x02, 0x00, 0x03, 0x00, 0x00, 0x00,
    0x00, 0x40, 0x00, 0x00, 0x90, 0x8a, 0x02, 0x00, 0x0b, 0x01, 0x00, 0x00,
    0x0c, 0x01, 0x00, 0x00, 0x01, 0x01, 0x00, 0x00, 0x02, 0x01, 0x00, 0x00,
    0x10, 0x40, 0x00, 0x00, 0xf0, 0x3a, 0x02, 0x00, 0x21, 0x01, 0x00, 0x00,
    0x20, 0x01, 0x00, 0x00, 0x20, 0x40, 0x00, 0x00, 0xa0, 0x08, 0x00, 0x00,
    0x21, 0x40, 0x00, 0x00, 0x00, 0x01, 0x00, 0x00, 0x22, 0x40, 0x00, 0x00,
    0x20, 0x08, 0x00, 0x00, 0x0d, 0x01, 0x0a, 0x00, 0x2f, 0x01, 0x01, 0x00,
    0x02, 0x00, 0x00, 0x00, 0x00, 0x40, 0x00, 0x00, 0x30, 0x8e, 0x02, 0x00,
    0x10, 0x40, 0x00, 0x00, 0x90, 0x3e, 0x02, 0x00, 0x2f, 0x01, 0x03, 0x00,
    0x02, 0x00, 0x00, 0x00, 0x00, 0x40, 0x00, 0x00, 0x30, 0xb1, 0x01, 0x00,
    0x0b, 0x01, 0x04, 0x00, 0x0c, 0x01, 0x04, 0x00, 0x01, 0x01, 0x01, 0x00,
    0x02, 0x01, 0x01, 0x00, 0x10, 0x40, 0x00, 0x00, 0x90, 0x8a, 0x02, 0x00,
    0x21, 0x01, 0x04, 0x00, 0x20, 0x01, 0x02, 0x00, 0x20, 0x40, 0x00, 0x00,
    0x40, 0x07, 0x00, 0x00, 0x21, 0x40, 0x00, 0x00, 0xe0, 0x00, 0x00, 0x00,
    0x22, 0x40, 0x00, 0x00, 0xc0, 0x06, 0x00, 0x00, 0x0d, 0x01, 0x12, 0x00,
    0x03, 0x00, 0x00, 0x00, 0x00, 0x40, 0x00, 0x00, 0xd0, 0xb4, 0x01, 0x00,
    0x10, 0x40, 0x00, 0x00, 0x30, 0x8e, 0x02, 0x00, 0x03, 0x00, 0x00, 0x00,
    0x00, 0x40, 0x00, 0x00, 0x90, 0x8a, 0x02, 0x00, 0x0b, 0x01, 0x00, 0x00,
    0x0c, 0x01, 0x00, 0x00, 0x01, 0x01, 0x00, 0x00, 0x02, 0x01, 0x00, 0x00,
    0x10, 0x40, 0x00, 0x00, 0x70, 0x2c, 0x02, 0x00, 0x21, 0x01, 0x00, 0x00,
    0x20, 0x01, 0x00, 0x00, 0x20, 0x40, 0x00, 0x00, 0xa0, 0x08, 0x00, 0x00,
    0x21, 0x40, 0x00, 0x00, 0x00, 0x01, 0x00, 0x00, 0x22, 0x40, 0x00, 0x00,
    0x20, 0x08, 0x00, 0x00, 0x0d, 0x01, 0x0a, 0x00, 0x2f, 0x01, 0x01, 0x00,
    0x02, 0x00, 0x00, 0x00, 0x00, 0x40, 0x00, 0x00, 0x30, 0x8e, 0x02, 0x00,
    0x10, 0x40, 0x00, 0x00, 0x10, 0x30, 0x02, 0x00, 0x2f, 0x01, 0x03, 0x00,
    0x02, 0x00, 0x00, 0x00, 0x00, 0x40, 0x00, 0x00, 0xb0, 0x33, 0x02, 0x00,
    0x0b, 0x01, 0x02, 0x00, 0x0c, 0x01, 0x02, 0x00, 0x01, 0x01, 0x02, 0x00,
    0x02, 0x01, 0x02, 0x00, 0x10, 0x40, 0x00, 0x00, 0x70, 0x95, 0x02, 0x00,
    0x21, 0x01, 0x02, 0x00, 0x20, 0x01, 0x04, 0x00, 0x20, 0x40, 0x00, 0x00,
    0x20, 0x0a, 0x00, 0x00, 0x21, 0x40, 0x00, 0x00, 0xe0, 0x00, 0x00, 0x00,
    0x22, 0x40, 0x00, 0x00, 0xa0, 0x09, 0x00, 0x00, 0x2f, 0x01, 0x01, 0x00,
    0x03, 0x00, 0x00, 0x00, 0x00, 0x40, 0x00, 0x00, 0xd0, 0x91, 0x02, 0x00,
    0x0b, 0x01, 0x00, 0x00, 0x0c, 0x01, 0x00, 0x00, 0x01, 0x01, 0x00, 0x00,
    0x02, 0x01, 0x00, 0x00, 0x10, 0x40, 0x00, 0x00, 0x30, 0xce, 0x01, 0x00,
    0x21, 0x01, 0x00, 0x00, 0x20, 0x01, 0x00, 0x00, 0x20, 0x40, 0x00, 0x00,
    0x80, 0x0b, 0x00, 0x00, 0x21, 0x40, 0x00, 0x00, 0xf0, 0x00, 0x00, 0x00,
    0x22, 0x40, 0x00, 0x00, 0x00, 0x0b, 0x00, 0x00, 0x02, 0x00, 0x00, 0x00,
    0x00, 0x40, 0x00, 0x00, 0x70, 0x95, 0x02, 0x00, 0x10, 0x40, 0x00, 0x00,
    0xd0, 0xd1, 0x01, 0x00, 0x2f, 0x01, 0x03, 0x00, 0x02, 0x00, 0x00, 0x00,
    0x00, 0x40, 0x00, 0x00, 0x70, 0xd5, 0x01, 0x00, 0x0b, 0x01, 0x04, 0x00,
    0x0c, 0x01, 0x04, 0x00, 0x01, 0x01, 0x01, 0x00, 0x02, 0x01, 0x01, 0x00,
    0x10, 0x40, 0x00, 0x00, 0x10, 0x99, 0x02, 0x00, 0x21, 0x01, 0x04, 0x00,
    0x20, 0x01, 0x02, 0x00, 0x20, 0x40, 0x00, 0x00, 0xf0, 0x0c, 0x00, 0x00,
    0x21, 0x40, 0x00, 0x00, 0xe0, 0x00, 0x00, 0x00, 0x22, 0x40, 0x00, 0x00,
    0x70, 0x0c, 0x00, 0x00, 0x0d, 0x01, 0x12, 0x00, 0x2f, 0x01, 0x01, 0x00,
    0x03, 0x00, 0x00, 0x00, 0x00, 0x40, 0x00, 0x00, 0x10, 0xd9, 0x01, 0x00,
    0x10, 0x40, 0x00, 0x00, 0xb0, 0x9c, 0x02, 0x00, 0x2f, 0x01, 0x03, 0x00,
    0x03, 0x00, 0x00, 0x00, 0x00, 0x40, 0x00, 0x00, 0x10, 0x99, 0x02, 0x00,
    0x0b, 0x01, 0x00, 0x00, 0x0c, 0x01, 0x00, 0x00, 0x01, 0x01, 0x00, 0x00,
    0x02, 0x01, 0x00, 0x00, 0x10, 0x40, 0x00, 0x00, 0x70, 0x49, 0x02, 0x00,
    0x21, 0x01, 0x00, 0x00, 0x20, 0x01, 0x00, 0x00, 0x20, 0x40, 0x00, 0x00,
    0x50, 0x0e, 0x00, 0x00, 0x21, 0x40, 0x00, 0x00, 0x00, 0x01, 0x00, 0x00,
    0x22, 0x40, 0x00, 0x00, 0xd0, 0x0d, 0x00, 0x00, 0x0d, 0x01, 0x0a, 0x00,
    0x2f, 0x01, 0x01, 0x00, 0x02, 0x00, 0x00, 0x00, 0x00, 0x40, 0x00, 0x00,
    0xb0, 0x9c, 0x02, 0x00, 0x10, 0x40, 0x00, 0x00, 0x10, 0x4d, 0x02, 0x00,
    0x2f, 0x01, 0x03, 0x00, 0x02, 0x00, 0x00, 0x00, 0x00, 0x40, 0x00, 0x00,
    0xb0, 0xdc, 0x01, 0x00, 0x0b, 0x01, 0x04, 0x00, 0x0c, 0x01, 0x04, 0x00,
    0x01, 0x01, 0x01, 0x00, 0x02, 0x01, 0x01, 0x00, 0x10, 0x40, 0x00, 0x00,
    0x10, 0x99, 0x02, 0x00, 0x21, 0x01, 0x04, 0x00, 0x20, 0x01, 0x02, 0x00,
    0x20, 0x40, 0x00, 0x00, 0xf0, 0x0c, 0x00, 0x00, 0x21, 0x40, 0x00, 0x00,
    0xe0, 0x00, 0x00, 0x00, 0x22, 0x40, 0x00, 0x00, 0x70, 0x0c, 0x00, 0x00,
    0x0d, 0x01, 0x12, 0x00, 0x03, 0x00, 0x00, 0x00, 0x00, 0x40, 0x00, 0x00,
    0x50, 0xe0, 0x01, 0x00, 0x10, 0x40, 0x00, 0x00, 0xb0, 0x9c, 0x02, 0x00,
    0x03, 0x00, 0x00, 0x00, 0x00, 0x40, 0x00, 0x00, 0x10, 0x99, 0x02, 0x00,
    0x0b, 0x01, 0x00, 0x00, 0x0c, 0x01, 0x00, 0x00, 0x01, 0x01, 0x00, 0x00,
    0x02, 0x01, 0x00, 0x00, 0x10, 0x40, 0x00, 0x00, 0xb0, 0x50, 0x02, 0x00,
    0x21, 0x01, 0x00, 0x00, 0x20, 0x01, 0x00, 0x00, 0x20, 0x40, 0x00, 0x00,
    0x50, 0x0e, 0x00, 0x00, 0x21, 0x40, 0x00, 0x00, 0x00, 0x01, 0x00, 0x00,
    0x22, 0x40, 0x00, 0x00, 0xd0, 0x0d, 0x00, 0x00, 0x0d, 0x01, 0x0a, 0x00,
    0x2f, 0x01, 0x01, 0x00, 0x02, 0x00, 0x00, 0x00, 0x00, 0x40, 0x00, 0x00,
    0xb0, 0x9c, 0x02, 0x00, 0x10, 0x40, 0x00, 0x00, 0x50, 0x54, 0x02, 0x00,
    0x2f, 0x01, 0x03, 0x00, 0x02, 0x00, 0x00, 0x00, 0x00, 0x40, 0x00, 0x00,
    0x30, 0x42, 0x02, 0x00, 0x0b, 0x01, 0x02, 0x00, 0x0c, 0x01, 0x02, 0x00,
    0x01, 0x01, 0x01, 0x00, 0x02, 0x01, 0x01, 0x00, 0x10, 0x40, 0x00, 0x00,
    0xf0, 0xa3, 0x02, 0x00, 0x21, 0x01, 0x02, 0x00, 0x20, 0x01, 0x02, 0x00,
    0x20, 0x40, 0x00, 0x00, 0xd0, 0x0f, 0x00, 0x00, 0x21, 0x40, 0x00, 0x00,
    0xb0, 0x00, 0x00, 0x00, 0x22, 0x40, 0x00, 0x00, 0x50, 0x0f, 0x00, 0x00,
    0x2f, 0x01, 0x01, 0x00, 0x03, 0x00, 0x00, 0x00, 0x00, 0x40, 0x00, 0x00,
    0x50, 0xa0, 0x02, 0x00, 0x0b, 0x01, 0x00, 0x00, 0x0c, 0x01, 0x00, 0x00,
    0x01, 0x01, 0x00, 0x00, 0x02, 0x01, 0x00, 0x00, 0x10, 0x40, 0x00, 0x00,
    0xb0, 0xf9, 0x01, 0x00, 0x21, 0x01, 0x00, 0x00, 0x20, 0x01, 0x00, 0x00,
    0x20, 0x40, 0x00, 0x00, 0x00, 0x11, 0x00, 0x00, 0x21, 0x40, 0x00, 0x00,
    0x00, 0x01, 0x00, 0x00, 0x22, 0x40, 0x00, 0x00, 0x80, 0x10, 0x00, 0x00,
    0x02, 0x00, 0x00, 0x00, 0x00, 0x40, 0x00, 0x00, 0xf0, 0xa3, 0x02, 0x00,
    0x10, 0x40, 0x00, 0x00, 0x50, 0xfd, 0x01, 0x00, 0x2f, 0x01, 0x03, 0x00,
    0x02, 0x00, 0x00, 0x00, 0x00, 0x40, 0x00, 0x00, 0xd0, 0x45, 0x02, 0x00,
    0x0b, 0x01, 0x02, 0x00, 0x0c, 0x01, 0x02, 0x00, 0x01, 0x01, 0x01, 0x00,
    0x02, 0x01, 0x01, 0x00, 0x10, 0x40, 0x00, 0x00, 0x50, 0xa0, 0x02, 0x00,
    0x21, 0x01, 0x02, 0x00, 0x20, 0x01, 0x02, 0x00, 0x20, 0x40, 0x00, 0x00,
    0xd0, 0x0f, 0x00, 0x00, 0x21, 0x40, 0x00, 0x00, 0xb0, 0x00, 0x00, 0x00,
    0x22, 0x40, 0x00, 0x00, 0x50, 0x0f, 0x00, 0x00, 0x03, 0x00, 0x00, 0x00,
    0x00, 0x40, 0x00, 0x00, 0x70, 0x49, 0x02, 0x00, 0x10, 0x40, 0x00, 0x00,
    0xf0, 0xa3, 0x02, 0x00, 0x03, 0x00, 0x00, 0x00, 0x00, 0x40, 0x00, 0x00,
    0x50, 0xa0, 0x02, 0x00, 0x0b, 0x01, 0x00, 0x00, 0x0c, 0x01, 0x00, 0x00,
    0x01, 0x01, 0x00, 0x00, 0x02, 0x01, 0x00, 0x00, 0x10, 0x40, 0x00, 0x00,
    0xf0, 0x00, 0x02, 0x00, 0x21, 0x01, 0x00, 0x00, 0x20, 0x01, 0x00, 0x00,
    0x20, 0x40, 0x00, 0x00, 0x00, 0x11, 0x00, 0x00, 0x21, 0x40, 0x00, 0x00,
    0x00, 0x01, 0x00, 0x00, 0x22, 0x40, 0x00, 0x00, 0x80, 0x10, 0x00, 0x00,
    0x2f, 0x01, 0x01, 0x00, 0x02, 0x00, 0x00, 0x00, 0x00, 0x40, 0x00, 0x00,
    0xf0, 0xa3, 0x02, 0x00, 0x10, 0x40, 0x00, 0x00, 0x90, 0x04, 0x02, 0x00,
    0x2f, 0x01, 0x03, 0x00, 0x02, 0x00, 0x00, 0x00, 0x00, 0x40, 0x00, 0x00,
    0x30, 0x08, 0x02, 0x00, 0x02, 0x40, 0x00, 0x00, 0x70, 0xf2, 0x01, 0x00,
    0x0b, 0x01, 0x03, 0x00, 0x0c, 0x01, 0x03, 0x00, 0x01, 0x01, 0x01, 0x00,
    0x02, 0x01, 0x01, 0x00, 0x10, 0x40, 0x00, 0x00, 0x90, 0xa7, 0x02, 0x00,
    0x21, 0x01, 0x04, 0x00, 0x20, 0x01, 0x02, 0x00, 0x20, 0x40, 0x00, 0x00,
    0x80, 0x12, 0x00, 0x00, 0x21, 0x40, 0x00, 0x00, 0xe0, 0x00, 0x00, 0x00,
    0x22, 0x40, 0x00, 0x00, 0x00, 0x12, 0x00, 0x00, 0x0d, 0x01, 0x12, 0x00,
    0x2f, 0x01, 0x01, 0x00, 0x03, 0x00, 0x00, 0x00, 0x00, 0x40, 0x00, 0x00,
    0xd0, 0x0b, 0x02, 0x00, 0x0b, 0x01, 0x02, 0x00, 0x0c, 0x01, 0x02, 0x00,
    0x10, 0x40, 0x00, 0x00, 0x30, 0xab, 0x02, 0x00, 0x2f, 0x01, 0x03, 0x00,
    0x03, 0x00, 0x00, 0x00, 0x00, 0x40, 0x00, 0x00, 0x90, 0xa7, 0x02, 0x00,
    0x02, 0x40, 0x00, 0x00, 0x00, 0x00, 0x00, 0x00, 0x0b, 0x01, 0x00, 0x00,
    0x0c, 0x01, 0x00, 0x00, 0x01, 0x01, 0x00, 0x00, 0x02, 0x01, 0x00, 0x00,
    0x10, 0x40, 0x00, 0x00, 0x30, 0x5f, 0x02, 0x00, 0x21, 0x01, 0x00, 0x00,
    0x20, 0x01, 0x00, 0x00, 0x20, 0x40, 0x00, 0x00, 0xe0, 0x13, 0x00, 0x00,
    0x21, 0x40, 0x00, 0x00, 0x00, 0x01, 0x00, 0x00, 0x22, 0x40, 0x00, 0x00,
    0x60, 0x13, 0x00, 0x00, 0x0d, 0x01, 0x0a, 0x00, 0x2f, 0x01, 0x01, 0x00,
    0x02, 0x00, 0x00, 0x00, 0x00, 0x40, 0x00, 0x00, 0x30, 0xab, 0x02, 0x00,
    0x10, 0x40, 0x00, 0x00, 0xd0, 0x62, 0x02, 0x00, 0x2f, 0x01, 0x03, 0x00,
    0x02, 0x00, 0x00, 0x00, 0x00, 0x40, 0x00, 0x00, 0x70, 0x66, 0x02, 0x00,
    0x02, 0x40, 0x00, 0x00, 0xf0, 0x57, 0x02, 0x00, 0x0b, 0x01, 0x01, 0x00,
    0x0c, 0x01, 0x01, 0x00, 0x01, 0x01, 0x02, 0x00, 0x02, 0x01, 0x02, 0x00,
    0x10, 0x40, 0x00, 0x00, 0x70, 0xb2, 0x02, 0x00, 0x21, 0x01, 0x02, 0x00,
    0x20, 0x01, 0x04, 0x00, 0x20, 0x40, 0x00, 0x00, 0x60, 0x15, 0x00, 0x00,
    0x21, 0x40, 0x00, 0x00, 0xe0, 0x00, 0x00, 0x00, 0x22, 0x40, 0x00, 0x00,
    0xe0, 0x14, 0x00, 0x00, 0x2f, 0x01, 0x01, 0x00, 0x03, 0x00, 0x00, 0x00,
    0x00, 0x40, 0x00, 0x00, 0xd0, 0xae, 0x02, 0x00, 0x02, 0x40, 0x00, 0x00,
    0x00, 0x00, 0x00, 0x00, 0x0b, 0x01, 0x00, 0x00, 0x0c, 0x01, 0x00, 0x00,
    0x01, 0x01, 0x00, 0x00, 0x02, 0x01, 0x00, 0x00, 0x10, 0x40, 0x00, 0x00,
    0x10, 0xb6, 0x02, 0x00, 0x21, 0x01, 0x00, 0x00, 0x20, 0x01, 0x00, 0x00,
    0x20, 0x40, 0x00, 0x00, 0xc0, 0x16, 0x00, 0x00, 0x21, 0x40, 0x00, 0x00,
    0xf0, 0x00, 0x00, 0x00, 0x22, 0x40, 0x00, 0x00, 0x40, 0x16, 0x00, 0x00,
    0x02, 0x00, 0x00, 0x00, 0x00, 0x40, 0x00, 0x00, 0x70, 0xb2, 0x02, 0x00,
    0x10, 0x40, 0x00, 0x00, 0xb0, 0xb9, 0x02, 0x00, 0x2f, 0x01, 0x03, 0x00,
    0x02, 0x00, 0x00, 0x00, 0x00, 0x40, 0x00, 0x00, 0x10, 0xb6, 0x02, 0x00,
    0x10, 0x40, 0x00, 0x00, 0x80, 0x0e, 0x00, 0x00, 0x13, 0x01, 0x00, 0x00,
    0x15, 0x40, 0x00, 0x00, 0x3a, 0x00, 0x00, 0x00, 0x14, 0x40, 0x00, 0x00,
    0x01, 0x00, 0x00, 0x00, 0x16, 0x40, 0x00, 0x00, 0x01, 0x00, 0x00, 0x00,
    0x18, 0x01, 0x5a, 0x00, 0x14, 0x01, 0x01, 0x00, 0x20, 0x40, 0x00, 0x00,
    0xc0, 0x17, 0x00, 0x00, 0x21, 0x40, 0x00, 0x00, 0x40, 0x00, 0x00, 0x00,
    0x22, 0x40, 0x00, 0x00, 0xb0, 0x17, 0x00, 0x00, 0x23, 0x40, 0x00, 0x00,
    0x10, 0x00, 0x00, 0x00, 0x17, 0x01, 0x07, 0x00, 0x2f, 0x01, 0x01, 0x00,
    0x02, 0x00, 0x00, 0x00, 0x00, 0x40, 0x00, 0x00, 0xb0, 0xb9, 0x02, 0x00,
    0x10, 0x40, 0x00, 0x00, 0xba, 0x0e, 0x00, 0x00, 0x2f, 0x01, 0x03, 0x00,
    0x02, 0x00, 0x00, 0x00, 0x00, 0x40, 0x00, 0x00, 0x10, 0x6a, 0x02, 0x00,
    0x02, 0x40, 0x00, 0x00, 0xf0, 0x57, 0x02, 0x00, 0x01, 0x01, 0x02, 0x00,
    0x02, 0x01, 0x02, 0x00, 0x10, 0x40, 0x00, 0x00, 0xd0, 0xae, 0x02, 0x00,
    0x13, 0x01, 0x0b, 0x00, 0x15, 0x40, 0x00, 0x00, 0xa0, 0x03, 0x00, 0x00,
    0x14, 0x40, 0x00, 0x00, 0x10, 0x00, 0x00, 0x00, 0x16, 0x40, 0x00, 0x00,
    0xa0, 0x03, 0x00, 0x00, 0x18, 0x01, 0x80, 0xff, 0x14, 0x01, 0x41, 0x00,
    0x21, 0x01, 0x02, 0x00, 0x20, 0x01, 0x04, 0x00, 0x20, 0x40, 0x00, 0x00,
    0x60, 0x15, 0x00, 0x00, 0x21, 0x40, 0x00, 0x00, 0xe0, 0x00, 0x00, 0x00,
    0x22, 0x40, 0x00, 0x00, 0xe0, 0x14, 0x00, 0x00, 0x23, 0x40, 0x00, 0x00,
    0x80, 0x00, 0x00, 0x00, 0x17, 0x01, 0x0f, 0x00, 0x03, 0x00, 0x00, 0x00,
    0x00, 0x40, 0x00, 0x00, 0xf0, 0x57, 0x02, 0x00, 0x02, 0x40, 0x00, 0x00,
    0x00, 0x00, 0x00, 0x00, 0x0b, 0x01, 0x02, 0x00, 0x0c, 0x01, 0x02, 0x00,
    0x10, 0x40, 0x00, 0x00, 0x70, 0xb2, 0x02, 0x00, 0x03, 0x00, 0x00, 0x00,
    0x00, 0x40, 0x00, 0x00, 0xd0, 0xae, 0x02, 0x00, 0x0b, 0x01, 0x00, 0x00,
    0x0c, 0x01, 0x00, 0x00, 0x01, 0x01, 0x00, 0x00, 0x02, 0x01, 0x00, 0x00,
    0x10, 0x40, 0x00, 0x00, 0x10, 0xb6, 0x02, 0x00, 0x21, 0x01, 0x00, 0x00,
    0x20, 0x01, 0x00, 0x00, 0x20, 0x40, 0x00, 0x00, 0xc0, 0x16, 0x00, 0x00,
    0x21, 0x40, 0x00, 0x00, 0xf0, 0x00, 0x00, 0x00, 0x22, 0x40, 0x00, 0x00,
    0x40, 0x16, 0x00, 0x00, 0x2f, 0x01, 0x01, 0x00, 0x02, 0x00, 0x00, 0x00,
    0x00, 0x40, 0x00, 0x00, 0x70, 0xb2, 0x02, 0x00, 0x10, 0x40, 0x00, 0x00,
    0xb0, 0xb9, 0x02, 0x00, 0x2f, 0x01, 0x03, 0x00, 0x02, 0x00, 0x00, 0x00,
    0x00, 0x40, 0x00, 0x00, 0x10, 0xb6, 0x02, 0x00, 0x10, 0x40, 0x00, 0x00,
    0xf4, 0x0e, 0x00, 0x00, 0x13, 0x01, 0x00, 0x00, 0x15, 0x40, 0x00, 0x00,
    0x3a, 0x00, 0x00, 0x00, 0x14, 0x40, 0x00, 0x00, 0x01, 0x00, 0x00, 0x00,
    0x16, 0x40, 0x00, 0x00, 0x01, 0x00, 0x00, 0x00, 0x18, 0x01, 0x5a, 0x00,
    0x14, 0x01, 0x01, 0x00, 0x20, 0x40, 0x00, 0x00, 0xc0, 0x17, 0x00, 0x00,
    0x21, 0x40, 0x00, 0x00, 0x40, 0x00, 0x00, 0x00, 0x22, 0x40, 0x00, 0x00,
    0xb0, 0x17, 0x00, 0x00, 0x23, 0x40, 0x00, 0x00, 0x10, 0x00, 0x00, 0x00,
    0x17, 0x01, 0x07, 0x00, 0x2f, 0x01, 0x01, 0x00, 0x02, 0x00, 0x00, 0x00,
    0x00, 0x40, 0x00, 0x00, 0xb0, 0xb9, 0x02, 0x00, 0x10, 0x40, 0x00, 0x00,
    0x2e, 0x0f, 0x00, 0x00, 0x2f, 0x01, 0x03, 0x00, 0x02, 0x00, 0x00, 0x00,
    0x00, 0x40, 0x00, 0x00, 0x90, 0x5b, 0x02, 0x00, 0x0b, 0x01, 0x02, 0x00,
    0x0c, 0x01, 0x02, 0x00, 0x01, 0x01, 0x02, 0x00, 0x02, 0x01, 0x02, 0x00,
    0x10, 0x40, 0x00, 0x00, 0xd0, 0xae, 0x02, 0x00, 0x13, 0x01, 0x0b, 0x00,
    0x15, 0x40, 0x00, 0x00, 0xa0, 0x03, 0x00, 0x00, 0x14, 0x40, 0x00, 0x00,
    0x10, 0x00, 0x00, 0x00, 0x16, 0x40, 0x00, 0x00, 0xa0, 0x03, 0x00, 0x00,
    0x18, 0x01, 0x80, 0xff, 0x14, 0x01, 0x41, 0x00, 0x21, 0x01, 0x02, 0x00,
    0x20, 0x01, 0x04, 0x00, 0x20, 0x40, 0x00, 0x00, 0x60, 0x15, 0x00, 0x00,
    0x21, 0x40, 0x00, 0x00, 0xe0, 0x00, 0x00, 0x00, 0x22, 0x40, 0x00, 0x00,
    0xe0, 0x14, 0x00, 0x00, 0x23, 0x40, 0x00, 0x00, 0x80, 0x00, 0x00, 0x00,
    0x17, 0x01, 0x0f, 0x00, 0x03, 0x00, 0x00, 0x00, 0x00, 0x40, 0x00, 0x00,
    0x70, 0x0f, 0x02, 0x00, 0x02, 0x40, 0x00, 0x00, 0x70, 0xf2, 0x01, 0x00,
    0x0b, 0x01, 0x01, 0x00, 0x0c, 0x01, 0x01, 0x00, 0x01, 0x01, 0x01, 0x00,
    0x02, 0x01, 0x01, 0x00, 0x10, 0x40, 0x00, 0x00, 0x90, 0xa7, 0x02, 0x00,
    0x21, 0x01, 0x04, 0x00, 0x20, 0x01, 0x02, 0x00, 0x20, 0x40, 0x00, 0x00,
    0x80, 0x12, 0x00, 0x00, 0x22, 0x40, 0x00, 0x00, 0x00, 0x12, 0x00, 0x00,
    0x0d, 0x01, 0x12, 0x00, 0x03, 0x00, 0x00, 0x00, 0x00, 0x40, 0x00, 0x00,
    0x10, 0x13, 0x02, 0x00, 0x0b, 0x01, 0x00, 0x00, 0x0c, 0x01, 0x00, 0x00,
    0x10, 0x40, 0x00, 0x00, 0x30, 0xab, 0x02, 0x00, 0x03, 0x00, 0x00, 0x00,
    0x00, 0x40, 0x00, 0x00, 0x90, 0xa7, 0x02, 0x00, 0x02, 0x40, 0x00, 0x00,
    0x00, 0x00, 0x00, 0x00, 0x01, 0x01, 0x00, 0x00, 0x02, 0x01, 0x00, 0x00,
    0x10, 0x40, 0x00, 0x00, 0x70, 0x66, 0x02, 0x00, 0x21, 0x01, 0x00, 0x00,
    0x20, 0x01, 0x00, 0x00, 0x20, 0x40, 0x00, 0x00, 0xe0, 0x13, 0x00, 0x00,
    0x21, 0x40, 0x00, 0x00, 0x00, 0x01, 0x00, 0x00, 0x22, 0x40, 0x00, 0x00,
    0x60, 0x13, 0x00, 0x00, 0x0d, 0x01, 0x0a, 0x00, 0x2f, 0x01, 0x01, 0x00,
    0x02, 0x00, 0x00, 0x00, 0x00, 0x40, 0x00, 0x00, 0x30, 0xab, 0x02, 0x00,
    0x10, 0x40, 0x00, 0x00, 0x10, 0x6a, 0x02, 0x00, 0x2f, 0x01, 0x03, 0x00,
    0x02, 0x00, 0x00, 0x00, 0x00, 0x40, 0x00, 0x00, 0x70, 0xf2, 0x01, 0x00,
    0x0b, 0x01, 0x04, 0x00, 0x0c, 0x01, 0x04, 0x00, 0x01, 0x01, 0x01, 0x00,
    0x02, 0x01, 0x01, 0x00, 0x10, 0x40, 0x00, 0x00, 0x90, 0xa7, 0x02, 0x00,
    0x21, 0x01, 0x04, 0x00, 0x20, 0x01, 0x02, 0x00, 0x20, 0x40, 0x00, 0x00,
    0x80, 0x12, 0x00, 0x00, 0x21, 0x40, 0x00, 0x00, 0xe0, 0x00, 0x00, 0x00,
    0x22, 0x40, 0x00, 0x00, 0x00, 0x12, 0x00, 0x00, 0x0d, 0x01, 0x12, 0x00,
    0x03, 0x00, 0x00, 0x00, 0x00, 0x40, 0x00, 0x00, 0x10, 0xf6, 0x01, 0x00,
    0x10, 0x40, 0x00, 0x00, 0x30, 0xab, 0x02, 0x00, 0x03, 0x00, 0x00, 0x00,
    0x00, 0x40, 0x00, 0x00, 0x90, 0xa7, 0x02, 0x00, 0x0b, 0x01, 0x00, 0x00,
    0x0c, 0x01, 0x00, 0x00, 0x01, 0x01, 0x00, 0x00, 0x02, 0x01, 0x00, 0x00,
    0x10, 0x40, 0x00, 0x00, 0xf0, 0x57, 0x02, 0x00, 0x21, 0x01, 0x00, 0x00,
    0x20, 0x01, 0x00, 0x00, 0x20, 0x40, 0x00, 0x00, 0xe0, 0x13, 0x00, 0x00,
    0x21, 0x40, 0x00, 0x00, 0x00, 0x01, 0x00, 0x00, 0x22, 0x40, 0x00, 0x00,
    0x60, 0x13, 0x00, 0x00, 0x0d, 0x01, 0x0a, 0x00, 0x2f, 0x01, 0x01, 0x00,
    0x02, 0x00, 0x00, 0x00, 0x00, 0x40, 0x00, 0x00, 0x30, 0xab, 0x02, 0x00,
    0x10, 0x40, 0x00, 0x00, 0x90, 0x5b, 0x02, 0x00, 0x2f, 0x01, 0x03, 0x00,
    0x02, 0x00, 0x00, 0x00, 0x00, 0x40, 0x00, 0x00, 0x30, 0x5f, 0x02, 0x00,
    0x0b, 0x01, 0x02, 0x00, 0x0c, 0x01, 0x02, 0x00, 0x01, 0x01, 0x02, 0x00,
    0x02, 0x01, 0x02, 0x00, 0x10, 0x40, 0x00, 0x00, 0x70, 0xb2, 0x02, 0x00,
    0x21, 0x01, 0x02, 0x00, 0x20, 0x01, 0x04, 0x00, 0x20, 0x40, 0x00, 0x00,
    0x60, 0x15, 0x00, 0x00, 0x21, 0x40, 0x00, 0x00, 0xe0, 0x00, 0x00, 0x00,
    0x22, 0x40, 0x00, 0x00, 0xe0, 0x14, 0x00, 0x00, 0x2f, 0x01, 0x01, 0x00,
    0x03, 0x00, 0x00, 0x00, 0x00, 0x40, 0x00, 0x00, 0xd0, 0xae, 0x02, 0x00,
    0x0b, 0x01, 0x00, 0x00, 0x0c, 0x01, 0x00, 0x00, 0x01, 0x01, 0x00, 0x00,
    0x02, 0x01, 0x00, 0x00, 0x10, 0x40, 0x00, 0x00, 0x10, 0xb6, 0x02, 0x00,
    0x21, 0x01, 0x00, 0x00, 0x20, 0x01, 0x00, 0x00, 0x20, 0x40, 0x00, 0x00,
    0xc0, 0x16, 0x00, 0x00, 0x21, 0x40, 0x00, 0x00, 0xf0, 0x00, 0x00, 0x00,
    0x22, 0x40, 0x00, 0x00, 0x40, 0x16, 0x00, 0x00, 0x02, 0x00, 0x00, 0x00,
    0x00, 0x40, 0x00, 0x00, 0x70, 0xb2, 0x02, 0x00, 0x10, 0x40, 0x00, 0x00,
    0xb0, 0xb9, 0x02, 0x00, 0x2f, 0x01, 0x03, 0x00, 0x02, 0x00, 0x00, 0x00,
    0x00, 0x40, 0x00, 0x00, 0x10, 0xb6, 0x02, 0x00, 0x10, 0x40, 0x00, 0x00,
    0x68, 0x0f, 0x00, 0x00, 0x13, 0x01, 0x00, 0x00, 0x15, 0x40, 0x00, 0x00,
    0x3a, 0x00, 0x00, 0x00, 0x14, 0x40, 0x00, 0x00, 0x01, 0x00, 0x00, 0x00,
    0x16, 0x40, 0x00, 0x00, 0x01, 0x00, 0x00, 0x00, 0x18, 0x01, 0x5a, 0x00,
    0x14, 0x01, 0x01, 0x00, 0x20, 0x40, 0x00, 0x00, 0xc0, 0x17, 0x00, 0x00,
    0x21, 0x40, 0x00, 0x00, 0x40, 0x00, 0x00, 0x00, 0x22, 0x40, 0x00, 0x00,
    0xb0, 0x17, 0x00, 0x00, 0x23, 0x40, 0x00, 0x00, 0x10, 0x00, 0x00, 0x00,
    0x17, 0x01, 0x07, 0x00, 0x2f, 0x01, 0x01, 0x00, 0x02, 0x00, 0x00, 0x00,
    0x00, 0x40, 0x00, 0x00, 0xb0, 0xb9, 0x02, 0x00, 0x10, 0x40, 0x00, 0x00,
    0xa2, 0x0f, 0x00, 0x00, 0x2f, 0x01, 0x03, 0x00, 0x02, 0x00, 0x00, 0x00,
    0x00, 0x40, 0x00, 0x00, 0xd0, 0x62, 0x02, 0x00, 0x0b, 0x01, 0x02, 0x00,
    0x0c, 0x01, 0x02, 0x00, 0x01, 0x01, 0x02, 0x00, 0x02, 0x01, 0x02, 0x00,
    0x10, 0x40, 0x00, 0x00, 0xd0, 0xae, 0x02, 0x00, 0x13, 0x01, 0x0b, 0x00,
    0x15, 0x40, 0x00, 0x00, 0xa0, 0x03, 0x00, 0x00, 0x14, 0x40, 0x00, 0x00,
    0x10, 0x00, 0x00, 0x00, 0x16, 0x40, 0x00, 0x00, 0xa0, 0x03, 0x00, 0x00,
    0x18, 0x01, 0x80, 0xff, 0x14, 0x01, 0x41, 0x00, 0x21, 0x01, 0x02, 0x00,
    0x20, 0x01, 0x04, 0x00, 0x20, 0x40, 0x00, 0x00, 0x60, 0x15, 0x00, 0x00,
    0x21, 0x40, 0x00, 0x00, 0xe0, 0x00, 0x00, 0x00, 0x22, 0x40, 0x00, 0x00,
    0xe0, 0x14, 0x00, 0x00, 0x23, 0x40, 0x00, 0x00, 0x80, 0x00, 0x00, 0x00,
    0x17, 0x01, 0x0f, 0x00, 0x03, 0x00, 0x00, 0x00, 0x00, 0x40, 0x00, 0x00,
    0x70, 0x66, 0x02, 0x00, 0x02, 0x40, 0x00, 0x00, 0xf0, 0x57, 0x02, 0x00,
    0x0b, 0x01, 0x01, 0x00, 0x0c, 0x01, 0x01, 0x00, 0x10, 0x40, 0x00, 0x00,
    0x70, 0xb2, 0x02, 0x00, 0x03, 0x00, 0x00, 0x00, 0x00, 0x40, 0x00, 0x00,
    0xd0, 0xae, 0x02, 0x00, 0x02, 0x40, 0x00, 0x00, 0x00, 0x00, 0x00, 0x00,
    0x0b, 0x01, 0x00, 0x00, 0x0c, 0x01, 0x00, 0x00, 0x01, 0x01, 0x00, 0x00,
    0x02, 0x01, 0x00, 0x00, 0x10, 0x40, 0x00, 0x00, 0x10, 0xb6, 0x02, 0x00,
    0x21, 0x01, 0x00, 0x00, 0x20, 0x01, 0x00, 0x00, 0x20, 0x40, 0x00, 0x00,
    0xc0, 0x16, 0x00, 0x00, 0x21, 0x40, 0x00, 0x00, 0xf0, 0x00, 0x00, 0x00,
    0x22, 0x40, 0x00, 0x00, 0x40, 0x16, 0x00, 0x00, 0x2f, 0x01, 0x01, 0x00,
    0x02, 0x00, 0x00, 0x00, 0x00, 0x40, 0x00, 0x00, 0x70, 0xb2, 0x02, 0x00,
    0x10, 0x40, 0x00, 0x00, 0xb0, 0xb9, 0x02, 0x00, 0x2f, 0x01, 0x03, 0x00,
    0x02, 0x00, 0x00, 0x00, 0x00, 0x40, 0x00, 0x00, 0x10, 0xb6, 0x02, 0x00,
    0x10, 0x40, 0x00, 0x00, 0xdc, 0x0f, 0x00, 0x00, 0x13, 0x01, 0x00, 0x00,
    0x15, 0x40, 0x00, 0x00, 0x3a, 0x00, 0x00, 0x00, 0x14, 0x40, 0x00, 0x00,
    0x01, 0x00, 0x00, 0x00, 0x16, 0x40, 0x00, 0x00, 0x01, 0x00, 0x00, 0x00,
    0x18, 0x01, 0x5a, 0x00, 0x14, 0x01, 0x01, 0x00, 0x20, 0x40, 0x00, 0x00,
    0xc0, 0x17, 0x00, 0x00, 0x21, 0x40, 0x00, 0x00, 0x40, 0x00, 0x00, 0x00,
    0x22, 0x40, 0x00, 0x00, 0xb0, 0x17, 0x00, 0x00, 0x23, 0x40, 0x00, 0x00,
    0x10, 0x00, 0x00, 0x00, 0x17, 0x01, 0x07, 0x00, 0x2f, 0x01, 0x01, 0x00,
    0x02, 0x00, 0x00, 0x00, 0x00, 0x40, 0x00, 0x00, 0xb0, 0xb9, 0x02, 0x00,
    0x10, 0x40, 0x00, 0x00, 0x16, 0x10, 0x00, 0x00, 0x2f, 0x01, 0x03, 0x00,
    0x02, 0x00, 0x00, 0x00, 0x00, 0x40, 0x00, 0x00, 0x10, 0x6a, 0x02, 0x00,
    0x02, 0x40, 0x00, 0x00, 0xf0, 0x57, 0x02, 0x00, 0x01, 0x01, 0x02, 0x00,
    0x02, 0x01, 0x02, 0x00, 0x10, 0x40, 0x00, 0x00, 0xd0, 0xae, 0x02, 0x00,
    0x13, 0x01, 0x0b, 0x00, 0x15, 0x40, 0x00, 0x00, 0xa0, 0x03, 0x00, 0x00,
    0x14, 0x40, 0x00, 0x00, 0x10, 0x00, 0x00, 0x00, 0x16, 0x40, 0x00, 0x00,
    0xa0, 0x03, 0x00, 0x00, 0x18, 0x01, 0x80, 0xff, 0x14, 0x01, 0x41, 0x00,
    0x21, 0x01, 0x02, 0x00, 0x20, 0x01, 0x04, 0x00, 0x20, 0x40, 0x00, 0x00,
    0x60, 0x15, 0x00, 0x00, 0x21, 0x40, 0x00, 0x00, 0xe0, 0x00, 0x00, 0x00,
    0x22, 0x40, 0x00, 0x00, 0xe0, 0x14, 0x00, 0x00, 0x23, 0x40, 0x00, 0x00,
    0x80, 0x00, 0x00, 0x00, 0x17, 0x01, 0x0f, 0x00, 0x03, 0x00, 0x00, 0x00,
    0x00, 0x40, 0x00, 0x00, 0x10, 0x4d, 0x02, 0x00, 0x02, 0x40, 0x00, 0x00,
    0x00, 0x00, 0x00, 0x00, 0x0b, 0x01, 0x02, 0x00, 0x0c, 0x01, 0x02, 0x00,
    0x01, 0x01, 0x01, 0x00, 0x02, 0x01, 0x01, 0x00, 0x10, 0x40, 0x00, 0x00,
    0x50, 0xa0, 0x02, 0x00, 0x20, 0x01, 0x02, 0x00, 0x20, 0x40, 0x00, 0x00,
    0xd0, 0x0f, 0x00, 0x00, 0x21, 0x40, 0x00, 0x00, 0xb0, 0x00, 0x00, 0x00,
    0x22, 0x40, 0x00, 0x00, 0x50, 0x0f, 0x00, 0x00, 0x03, 0x00, 0x00, 0x00,
    0x00, 0x40, 0x00, 0x00, 0xf0, 0xe3, 0x01, 0x00, 0x02, 0x40, 0x00, 0x00,
    0x30, 0xce, 0x01, 0x00, 0x0b, 0x01, 0x03, 0x00, 0x0c, 0x01, 0x03, 0x00,
    0x10, 0x40, 0x00, 0x00, 0x10, 0x99, 0x02, 0x00, 0x21, 0x01, 0x04, 0x00,
    0x20, 0x40, 0x00, 0x00, 0xf0, 0x0c, 0x00, 0x00, 0x21, 0x40, 0x00, 0x00,
    0xe0, 0x00, 0x00, 0x00, 0x22, 0x40, 0x00, 0x00, 0x70, 0x0c, 0x00, 0x00,
    0x0d, 0x01, 0x12, 0x00, 0x03, 0x00, 0x00, 0x00, 0x00, 0x40, 0x00, 0x00,
    0x90, 0xe7, 0x01, 0x00, 0x0b, 0x01, 0x02, 0x00, 0x0c, 0x01, 0x02, 0x00,
    0x10, 0x40, 0x00, 0x00, 0xb0, 0x9c, 0x02, 0x00, 0x03, 0x00, 0x00, 0x00,
    0x00, 0x40, 0x00, 0x00, 0x10, 0x99, 0x02, 0x00, 0x02, 0x40, 0x00, 0x00,
    0x00, 0x00, 0x00, 0x00, 0x0b, 0x01, 0x00, 0x00, 0x0c, 0x01, 0x00, 0x00,
    0x01, 0x01, 0x00, 0x00, 0x02, 0x01, 0x00, 0x00, 0x10, 0x40, 0x00, 0x00,
    0x30, 0x42, 0x02, 0x00, 0x21, 0x01, 0x00, 0x00, 0x20, 0x01, 0x00, 0x00,
    0x20, 0x40, 0x00, 0x00, 0x50, 0x0e, 0x00, 0x00, 0x21, 0x40, 0x00, 0x00,
    0x00, 0x01, 0x00, 0x00, 0x22, 0x40, 0x00, 0x00, 0xd0, 0x0d, 0x00, 0x00,
    0x0d, 0x01, 0x0a, 0x00, 0x2f, 0x01, 0x01, 0x00, 0x02, 0x00, 0x00, 0x00,
    0x00, 0x40, 0x00, 0x00, 0xb0, 0x9c, 0x02, 0x00, 0x10, 0x40, 0x00, 0x00,
    0xd0, 0x45, 0x02, 0x00, 0x2f, 0x01, 0x03, 0x00, 0x02, 0x00, 0x00, 0x00,
    0x00, 0x40, 0x00, 0x00, 0x50, 0x37, 0x02, 0x00, 0x0b, 0x01, 0x02, 0x00,
    0x0c, 0x01, 0x02, 0x00, 0x01, 0x01, 0x02, 0x00, 0x02, 0x01, 0x02, 0x00,
    0x10, 0x40, 0x00, 0x00, 0xd0, 0x91, 0x02, 0x00, 0x21, 0x01, 0x02, 0x00,
    0x20, 0x01, 0x04, 0x00, 0x20, 0x40, 0x00, 0x00, 0x20, 0x0a, 0x00, 0x00,
    0x21, 0x40, 0x00, 0x00, 0xe0, 0x00, 0x00, 0x00, 0x22, 0x40, 0x00, 0x00,
    0xa0, 0x09, 0x00, 0x00, 0x03, 0x00, 0x00, 0x00, 0x00, 0x40, 0x00, 0x00,
    0xf0, 0x3a, 0x02, 0x00, 0x02, 0x40, 0x00, 0x00, 0x70, 0x2c, 0x02, 0x00,
    0x0b, 0x01, 0x01, 0x00, 0x0c, 0x01, 0x01, 0x00, 0x10, 0x40, 0x00, 0x00,
    0x70, 0x95, 0x02, 0x00, 0x03, 0x00, 0x00, 0x00, 0x00, 0x40, 0x00, 0x00,
    0xd0, 0x91, 0x02, 0x00, 0x02, 0x40, 0x00, 0x00, 0x00, 0x00, 0x00, 0x00,
    0x0b, 0x01, 0x00, 0x00, 0x0c, 0x01, 0x00, 0x00, 0x01, 0x01, 0x00, 0x00,
    0x02, 0x01, 0x00, 0x00, 0x10, 0x40, 0x00, 0x00, 0x70, 0xd5, 0x01, 0x00,
    0x21, 0x01, 0x00, 0x00, 0x20, 0x01, 0x00, 0x00, 0x20, 0x40, 0x00, 0x00,
    0x80, 0x0b, 0x00, 0x00, 0x21, 0x40, 0x00, 0x00, 0xf0, 0x00, 0x00, 0x00,
    0x22, 0x40, 0x00, 0x00, 0x00, 0x0b, 0x00, 0x00, 0x2f, 0x01, 0x01, 0x00,
    0x02, 0x00, 0x00, 0x00, 0x00, 0x40, 0x00, 0x00, 0x70, 0x95, 0x02, 0x00,
    0x10, 0x40, 0x00, 0x00, 0x10, 0xd9, 0x01, 0x00, 0x2f, 0x01, 0x03, 0x00,
    0x02, 0x00, 0x00, 0x00, 0x00, 0x40, 0x00, 0x00, 0x90, 0x3e, 0x02, 0x00,
    0x02, 0x40, 0x00, 0x00, 0x70, 0x2c, 0x02, 0x00, 0x01, 0x01, 0x02, 0x00,
    0x02, 0x01, 0x02, 0x00, 0x10, 0x40, 0x00, 0x00, 0xd0, 0x91, 0x02, 0x00,
    0x21, 0x01, 0x02, 0x00, 0x20, 0x01, 0x04, 0x00, 0x20, 0x40, 0x00, 0x00,
    0x20, 0x0a, 0x00, 0x00, 0x21, 0x40, 0x00, 0x00, 0xe0, 0x00, 0x00, 0x00,
    0x22, 0x40, 0x00, 0x00, 0xa0, 0x09, 0x00, 0x00, 0x03, 0x00, 0x00, 0x00,
    0x00, 0x40, 0x00, 0x00, 0x90, 0x21, 0x02, 0x00, 0x02, 0x40, 0x00, 0x00,
    0x00, 0x00, 0x00, 0x00, 0x0b, 0x01, 0x02, 0x00, 0x0c, 0x01, 0x02, 0x00,
    0x01, 0x01, 0x01, 0x00, 0x02, 0x01, 0x01, 0x00, 0x10, 0x40, 0x00, 0x00,
    0x50, 0x83, 0x02, 0x00, 0x20, 0x01, 0x02, 0x00, 0x20, 0x40, 0x00, 0x00,
    0xa0, 0x04, 0x00, 0x00, 0x21, 0x40, 0x00, 0x00, 0xa0, 0x00, 0x00, 0x00,
    0x22, 0x40, 0x00, 0x00, 0x20, 0x04, 0x00, 0x00, 0x03, 0x00, 0x00, 0x00,
    0x00, 0x40, 0x00, 0x00, 0xb0, 0xa2, 0x01, 0x00, 0x02, 0x40, 0x00, 0x00,
    0xb0, 0x85, 0x01, 0x00, 0x0b, 0x01, 0x01, 0x00, 0x0c, 0x01, 0x01, 0x00,
    0x10, 0x40, 0x00, 0x00, 0x10, 0x7c, 0x02, 0x00, 0x21, 0x01, 0x04, 0x00,
    0x20, 0x40, 0x00, 0x00, 0xe0, 0x01, 0x00, 0x00, 0x21, 0x40, 0x00, 0x00,
    0xe0, 0x00, 0x00, 0x00, 0x22, 0x40, 0x00, 0x00, 0x60, 0x01, 0x00, 0x00,
    0x0d, 0x01, 0x12, 0x00, 0x03, 0x00, 0x00, 0x00, 0x00, 0x40, 0x00, 0x00,
    0x50, 0xa6, 0x01, 0x00, 0x0b, 0x01, 0x00, 0x00, 0x0c, 0x01, 0x00, 0x00,
    0x10, 0x40, 0x00, 0x00, 0xb0, 0x7f, 0x02, 0x00, 0x03, 0x00, 0x00, 0x00,
    0x00, 0x40, 0x00, 0x00, 0x10, 0x7c, 0x02, 0x00, 0x02, 0x40, 0x00, 0x00,
    0x00, 0x00, 0x00, 0x00, 0x01, 0x01, 0x00, 0x00, 0x02, 0x01, 0x00, 0x00,
    0x10, 0x40, 0x00, 0x00, 0xb0, 0x16, 0x02, 0x00, 0x21, 0x01, 0x00, 0x00,
    0x20, 0x01, 0x00, 0x00, 0x20, 0x40, 0x00, 0x00, 0x40, 0x03, 0x00, 0x00,
    0x22, 0x40, 0x00, 0x00, 0xc0, 0x02, 0x00, 0x00, 0x0d, 0x01, 0x0a, 0x00,
    0x2f, 0x01, 0x01, 0x00, 0x02, 0x00, 0x00, 0x00, 0x00, 0x40, 0x00, 0x00,
    0xb0, 0x7f, 0x02, 0x00, 0x10, 0x40, 0x00, 0x00, 0x50, 0x1a, 0x02, 0x00,
    0x2f, 0x01, 0x03, 0x00, 0x02, 0x00, 0x00, 0x00, 0x00, 0x40, 0x00, 0x00,
    0xf0, 0x68, 0x01, 0x00, 0x0b, 0x01, 0x01, 0x00, 0x0c, 0x01, 0x01, 0x00,
    0x0a, 0x01, 0x72, 0x00, 0x04, 0x01, 0x03, 0x00, 0x05, 0x40, 0x00, 0x00,
    0xcc, 0x01, 0x00, 0x00, 0x04, 0x40, 0x00, 0x00, 0x04, 0x00, 0x00, 0x00,
    0x06, 0x40, 0x00, 0x00, 0x01, 0x00, 0x00, 0x00, 0x09, 0x01, 0x00, 0x00,
    0x05, 0x01, 0x01, 0x00, 0x10, 0x40, 0x00, 0x00, 0xb0, 0x6d, 0x02, 0x00,
    0x11, 0x01, 0x72, 0x00, 0x1a, 0x01, 0x72, 0x00, 0x13, 0x01, 0x03, 0x00,
    0x15, 0x40, 0x00, 0x00, 0x30, 0x07, 0x00, 0x00, 0x16, 0x40, 0x00, 0x00,
    0x30, 0x07, 0x00, 0x00, 0x18, 0x01, 0x00, 0x00, 0x14, 0x01, 0x41, 0x81,
    0x21, 0x01, 0x01, 0x00, 0x22, 0x01, 0x02, 0x00, 0x15, 0x01, 0x15, 0x00,
    0x17, 0x01, 0x07, 0x00, 0x05, 0x00, 0x01, 0x00, 0x00, 0x40, 0x00, 0x00,
    0x88, 0x6c, 0x01, 0x00, 0x10, 0x40, 0x00, 0x00, 0xe0, 0x74, 0x02, 0x00,
    0x05, 0x00, 0x01, 0x00, 0x00, 0x40, 0x00, 0x00, 0xb0, 0x6d, 0x02, 0x00,
    0x0b, 0x01, 0x00, 0x00, 0x0c, 0x01, 0x00, 0x00, 0x05, 0x40, 0x00, 0x00,
    0x30, 0x07, 0x00, 0x00, 0x04, 0x40, 0x00, 0x00, 0x10, 0x00, 0x00, 0x00,
    0x06, 0x40, 0x00, 0x00, 0x30, 0x07, 0x00, 0x00, 0x05, 0x01, 0x41, 0x00,
    0x01, 0x01, 0x01, 0x00, 0x02, 0x01, 0x01, 0x00, 0x10, 0x40, 0x00, 0x00,
    0x30, 0x94, 0x01, 0x00, 0x11, 0x01, 0x39, 0x00, 0x1a, 0x01, 0x39, 0x00,
    0x13, 0x01, 0x0b, 0x00, 0x15, 0x40, 0x00, 0x00, 0xa0, 0x03, 0x00, 0x00,
    0x16, 0x40, 0x00, 0x00, 0xa0, 0x03, 0x00, 0x00, 0x18, 0x01, 0x80, 0xff,
    0x14, 0x01, 0x41, 0x00, 0x21, 0x01, 0x00, 0x00, 0x20, 0x01, 0x02, 0x00,
    0x22, 0x01, 0x05, 0x00, 0x20, 0x40, 0x00, 0x00, 0x80, 0x00, 0x00, 0x00,
    0x22, 0x40, 0x00, 0x00, 0x00, 0x00, 0x00, 0x00, 0x15, 0x01, 0x39, 0x00,
    0x17, 0x01, 0x0f, 0x00, 0x2f, 0x01, 0x01, 0x00, 0x02, 0x00, 0x00, 0x00,
    0x00, 0x40, 0x00, 0x00, 0xe0, 0x74, 0x02, 0x00, 0x10, 0x40, 0x00, 0x00,
    0xd0, 0x97, 0x01, 0x00, 0x2f, 0x01, 0x03, 0x00, 0x02, 0x00, 0x00, 0x00,
    0x00, 0x40, 0x00, 0x00, 0x20, 0x70, 0x01, 0x00, 0x0b, 0x01, 0x01, 0x00,
    0x0c, 0x01, 0x01, 0x00, 0x05, 0x40, 0x00, 0x00, 0xcc, 0x01, 0x00, 0x00,
    0x04, 0x40, 0x00, 0x00, 0x04, 0x00, 0x00, 0x00, 0x06, 0x40, 0x00, 0x00,
    0x01, 0x00, 0x00, 0x00, 0x05, 0x01, 0x01, 0x00, 0x01, 0x01, 0x00, 0x00,
    0x02, 0x01, 0x00, 0x00, 0x10, 0x40, 0x00, 0x00, 0xb0, 0x6d, 0x02, 0x00,
    0x11, 0x01, 0x72, 0x00, 0x1a, 0x01, 0x72, 0x00, 0x13, 0x01, 0x03, 0x00,
    0x15, 0x40, 0x00, 0x00, 0x30, 0x07, 0x00, 0x00, 0x16, 0x40, 0x00, 0x00,
    0x30, 0x07, 0x00, 0x00, 0x18, 0x01, 0x00, 0x00, 0x14, 0x01, 0x41, 0x81,
    0x21, 0x01, 0x01, 0x00, 0x20, 0x01, 0x00, 0x00, 0x22, 0x01, 0x02, 0x00,
    0x15, 0x01, 0x15, 0x00, 0x17, 0x01, 0x07, 0x00, 0x05, 0x00, 0x01, 0x00,
    0x00, 0x40, 0x00, 0x00, 0xb8, 0x73, 0x01, 0x00, 0x10, 0x40, 0x00, 0x00,
    0xe0, 0x74, 0x02, 0x00, 0x05, 0x00, 0x01, 0x00, 0x00, 0x40, 0x00, 0x00,
    0xb0, 0x6d, 0x02, 0x00, 0x0b, 0x01, 0x00, 0x00, 0x0c, 0x01, 0x00, 0x00,
    0x05, 0x40, 0x00, 0x00, 0x30, 0x07, 0x00, 0x00, 0x04, 0x40, 0x00, 0x00,
    0x10, 0x00, 0x00, 0x00, 0x06, 0x40, 0x00, 0x00, 0x30, 0x07, 0x00, 0x00,
    0x05, 0x01, 0x41, 0x00, 0x01, 0x01, 0x01, 0x00, 0x02, 0x01, 0x01, 0x00,
    0x10, 0x40, 0x00, 0x00, 0x70, 0x9b, 0x01, 0x00, 0x11, 0x01, 0x39, 0x00,
    0x1a, 0x01, 0x39, 0x00, 0x13, 0x01, 0x0b, 0x00, 0x15, 0x40, 0x00, 0x00,
    0xa0, 0x03, 0x00, 0x00, 0x16, 0x40, 0x00, 0x00, 0xa0, 0x03, 0x00, 0x00,
    0x18, 0x01, 0x80, 0xff, 0x14, 0x01, 0x41, 0x00, 0x21, 0x01, 0x00, 0x00,
    0x20, 0x01, 0x02, 0x00, 0x22, 0x01, 0x05, 0x00, 0x15, 0x01, 0x39, 0x00,
    0x17, 0x01, 0x0f, 0x00, 0x2f, 0x01, 0x01, 0x00, 0x02, 0x00, 0x00, 0x00,
    0x00, 0x40, 0x00, 0x00, 0xe0, 0x74, 0x02, 0x00, 0x10, 0x40, 0x00, 0x00,
    0x10, 0x9f, 0x01, 0x00, 0x2f, 0x01, 0x03, 0x00, 0x02, 0x00, 0x00, 0x00,
    0x00, 0x40, 0x00, 0x00, 0x50, 0x77, 0x01, 0x00, 0x0b, 0x01, 0x01, 0x00,
    0x0c, 0x01, 0x01, 0x00, 0x05, 0x40, 0x00, 0x00, 0xcc, 0x01, 0x00, 0x00,
    0x04, 0x40, 0x00, 0x00, 0x04, 0x00, 0x00, 0x00, 0x06, 0x40, 0x00, 0x00,
    0x01, 0x00, 0x00, 0x00, 0x05, 0x01, 0x01, 0x00, 0x01, 0x01, 0x00, 0x00,
    0x02, 0x01, 0x00, 0x00, 0x10, 0x40, 0x00, 0x00, 0xb0, 0x6d, 0x02, 0x00,
    0x11, 0x01, 0x72, 0x00, 0x1a, 0x01, 0x72, 0x00, 0x13, 0x01, 0x03, 0x00,
    0x15, 0x40, 0x00, 0x00, 0x30, 0x07, 0x00, 0x00, 0x16, 0x40, 0x00, 0x00,
    0x30, 0x07, 0x00, 0x00, 0x18, 0x01, 0x00, 0x00, 0x14, 0x01, 0x41, 0x81,
    0x21, 0x01, 0x01, 0x00, 0x20, 0x01, 0x00, 0x00, 0x22, 0x01, 0x02, 0x00,
    0x15, 0x01, 0x15, 0x00, 0x17, 0x01, 0x07, 0x00, 0x05, 0x00, 0x01, 0x00,
    0x00, 0x40, 0x00, 0x00, 0xe8, 0x7a, 0x01, 0x00, 0x10, 0x40, 0x00, 0x00,
    0xe0, 0x74, 0x02, 0x00, 0x05, 0x00, 0x01, 0x00, 0x00, 0x40, 0x00, 0x00,
    0xb0, 0x6d, 0x02, 0x00, 0x0b, 0x01, 0x00, 0x00, 0x0c, 0x01, 0x00, 0x00,
    0x05, 0x40, 0x00, 0x00, 0x30, 0x07, 0x00, 0x00, 0x04, 0x40, 0x00, 0x00,
    0x10, 0x00, 0x00, 0x00, 0x06, 0x40, 0x00, 0x00, 0x30, 0x07, 0x00, 0x00,
    0x05, 0x01, 0x41, 0x00, 0x01, 0x01, 0x01, 0x00, 0x02, 0x01, 0x01, 0x00,
    0x10, 0x40, 0x00, 0x00, 0xb0, 0xa2, 0x01, 0x00, 0x11, 0x01, 0x39, 0x00,
    0x1a, 0x01, 0x39, 0x00, 0x13, 0x01, 0x0b, 0x00, 0x15, 0x40, 0x00, 0x00,
    0xa0, 0x03, 0x00, 0x00, 0x16, 0x40, 0x00, 0x00, 0xa0, 0x03, 0x00, 0x00,
    0x18, 0x01, 0x80, 0xff, 0x14, 0x01, 0x41, 0x00, 0x21, 0x01, 0x00, 0x00,
    0x20, 0x01, 0x02, 0x00, 0x22, 0x01, 0x05, 0x00, 0x15, 0x01, 0x39, 0x00,
    0x17, 0x01, 0x0f, 0x00, 0x2f, 0x01, 0x01, 0x00, 0x02, 0x00, 0x00, 0x00,
    0x00, 0x40, 0x00, 0x00, 0xe0, 0x74, 0x02, 0x00, 0x10, 0x40, 0x00, 0x00,
    0x50, 0xa6, 0x01, 0x00, 0x2f, 0x01, 0x03, 0x00, 0x02, 0x00, 0x00, 0x00,
    0x00, 0x40, 0x00, 0x00, 0xb0, 0x85, 0x01, 0x00, 0x0b, 0x01, 0x04, 0x00,
    0x0c, 0x01, 0x04, 0x00, 0x0a, 0x01, 0x39, 0x00, 0x04, 0x01, 0x0b, 0x00,
    0x05, 0x40, 0x00, 0x00, 0xa0, 0x03, 0x00, 0x00, 0x06, 0x40, 0x00, 0x00,
    0xa0, 0x03, 0x00, 0x00, 0x09, 0x01, 0x80, 0xff, 0x10, 0x40, 0x00, 0x00,
    0x10, 0x7c, 0x02, 0x00, 0x21, 0x01, 0x04, 0x00, 0x22, 0x01, 0x00, 0x00,
    0x20, 0x40, 0x00, 0x00, 0xe0, 0x01, 0x00, 0x00, 0x22, 0x40, 0x00, 0x00,
    0x60, 0x01, 0x00, 0x00, 0x0d, 0x01, 0x12, 0x00, 0x2f, 0x01, 0x01, 0x00,
    0x03, 0x00, 0x00, 0x00, 0x00, 0x40, 0x00, 0x00, 0x50, 0x89, 0x01, 0x00,
    0x10, 0x40, 0x00, 0x00, 0xb0, 0x7f, 0x02, 0x00, 0x2f, 0x01, 0x03, 0x00,
    0x03, 0x00, 0x00, 0x00, 0x00, 0x40, 0x00, 0x00, 0x10, 0x7c, 0x02, 0x00,
    0x0b, 0x01, 0x00, 0x00, 0x0c, 0x01, 0x00, 0x00, 0x01, 0x01, 0x00, 0x00,
    0x02, 0x01, 0x00, 0x00, 0x10, 0x40, 0x00, 0x00, 0xf0, 0x1d, 0x02, 0x00,
    0x21, 0x01, 0x00, 0x00, 0x20, 0x01, 0x00, 0x00, 0x20, 0x40, 0x00, 0x00,
    0x40, 0x03, 0x00, 0x00, 0x22, 0x40, 0x00, 0x00, 0xc0, 0x02, 0x00, 0x00,
    0x0d, 0x01, 0x0a, 0x00, 0x2f, 0x01, 0x01, 0x00, 0x02, 0x00, 0x00, 0x00,
    0x00, 0x40, 0x00, 0x00, 0xb0, 0x7f, 0x02, 0x00, 0x10, 0x40, 0x00, 0x00,
    0x90, 0x21, 0x02, 0x00, 0x2f, 0x01, 0x03, 0x00, 0x02, 0x00, 0x00, 0x00,
    0x00, 0x40, 0x00, 0x00, 0x30, 0x25, 0x02, 0x00, 0x02, 0x40, 0x00, 0x00,
    0xb0, 0x16, 0x02, 0x00, 0x0b, 0x01, 0x01, 0x00, 0x0c, 0x01, 0x01, 0x00,
    0x01, 0x01, 0x01, 0x00, 0x02, 0x01, 0x01, 0x00, 0x10, 0x40, 0x00, 0x00,
    0xf0, 0x86, 0x02, 0x00, 0x21, 0x01, 0x02, 0x00, 0x20, 0x01, 0x02, 0x00,
    0x20, 0x40, 0x00, 0x00, 0xa0, 0x04, 0x00, 0x00, 0x21, 0x40, 0x00, 0x00,
    0xa0, 0x00, 0x00, 0x00, 0x22, 0x40, 0x00, 0x00, 0x20, 0x04, 0x00, 0x00,
    0x2f, 0x01, 0x01, 0x00, 0x03, 0x00, 0x00, 0x00, 0x00, 0x40, 0x00, 0x00,
    0x50, 0x83, 0x02, 0x00, 0x02, 0x40, 0x00, 0x00, 0x00, 0x00, 0x00, 0x00,
    0x0b, 0x01, 0x00, 0x00, 0x0c, 0x01, 0x00, 0x00, 0x01, 0x01, 0x00, 0x00,
    0x02, 0x01, 0x00, 0x00, 0x10, 0x40, 0x00, 0x00, 0xf0, 0xc6, 0x01, 0x00,
    0x21, 0x01, 0x00, 0x00, 0x20, 0x01, 0x00, 0x00, 0x20, 0x40, 0x00, 0x00,
    0xc0, 0x05, 0x00, 0x00, 0x21, 0x40, 0x00, 0x00, 0x00, 0x01, 0x00, 0x00,
    0x22, 0x40, 0x00, 0x00, 0x40, 0x05, 0x00, 0x00, 0x02, 0x00, 0x00, 0x00,
    0x00, 0x40, 0x00, 0x00, 0xf0, 0x86, 0x02, 0x00, 0x10, 0x40, 0x00, 0x00,
    0x90, 0xca, 0x01, 0x00, 0x2f, 0x01, 0x03, 0x00, 0x02, 0x00, 0x00, 0x00,
    0x00, 0x40, 0x00, 0x00, 0xd0, 0x28, 0x02, 0x00, 0x02, 0x40, 0x00, 0x00,
    0xb0, 0x16, 0x02, 0x00, 0x01, 0x01, 0x01, 0x00, 0x02, 0x01, 0x01, 0x00,
    0x10, 0x40, 0x00, 0x00, 0x50, 0x83, 0x02, 0x00, 0x21, 0x01, 0x02, 0x00,
    0x20, 0x01, 0x02, 0x00, 0x20, 0x40, 0x00, 0x00, 0xa0, 0x04, 0x00, 0x00,
    0x21, 0x40, 0x00, 0x00, 0xa0, 0x00, 0x00, 0x00, 0x22, 0x40, 0x00, 0x00,
    0x20, 0x04, 0x00, 0x00, 0x03, 0x00, 0x00, 0x00, 0x00, 0x40, 0x00, 0x00,
    0xb0, 0x16, 0x02, 0x00, 0x02, 0x40, 0x00, 0x00, 0x00, 0x00, 0x00, 0x00,
    0x0b, 0x01, 0x02, 0x00, 0x0c, 0x01, 0x02, 0x00, 0x10, 0x40, 0x00, 0x00,
    0xf0, 0x86, 0x02, 0x00, 0x03, 0x00, 0x00, 0x00, 0x00, 0x40, 0x00, 0x00,
    0x50, 0x83, 0x02, 0x00, 0x0b, 0x01, 0x00, 0x00, 0x0c, 0x01, 0x00, 0x00,
    0x01, 0x01, 0x00, 0x00, 0x02, 0x01, 0x00, 0x00, 0x10, 0x40, 0x00, 0x00,
    0xf0, 0xa9, 0x01, 0x00, 0x21, 0x01, 0x00, 0x00, 0x20, 0x01, 0x00, 0x00,
    0x20, 0x40, 0x00, 0x00, 0xc0, 0x05, 0x00, 0x00, 0x21, 0x40, 0x00, 0x00,
    0x00, 0x01, 0x00, 0x00, 0x22, 0x40, 0x00, 0x00, 0x40, 0x05, 0x00, 0x00,
    0x2f, 0x01, 0x01, 0x00, 0x02, 0x00, 0x00, 0x00, 0x00, 0x40, 0x00, 0x00,
    0xf0, 0x86, 0x02, 0x00, 0x10, 0x40, 0x00, 0x00, 0x90, 0xad, 0x01, 0x00,
    0x2f, 0x01, 0x03, 0x00, 0x02, 0x00, 0x00, 0x00, 0x00, 0x40, 0x00, 0x00,
    0x50, 0x1a, 0x02, 0x00, 0x0b, 0x01, 0x02, 0x00, 0x0c, 0x01, 0x02, 0x00,
    0x01, 0x01, 0x01, 0x00, 0x02, 0x01, 0x01, 0x00, 0x10, 0x40, 0x00, 0x00,
    0x50, 0x83, 0x02, 0x00, 0x21, 0x01, 0x02, 0x00, 0x20, 0x01, 0x02, 0x00,
    0x20, 0x40, 0x00, 0x00, 0xa0, 0x04, 0x00, 0x00, 0x21, 0x40, 0x00, 0x00,
    0xa0, 0x00, 0x00, 0x00, 0x22, 0x40, 0x00, 0x00, 0x20, 0x04, 0x00, 0x00,
    0x03, 0x00, 0x00, 0x00, 0x00, 0x40, 0x00, 0x00, 0xf0, 0x8c, 0x01, 0x00,
    0x0b, 0x01, 0x04, 0x00, 0x0c, 0x01, 0x04, 0x00, 0x10, 0x40, 0x00, 0x00,
    0x10, 0x7c, 0x02, 0x00, 0x21, 0x01, 0x04, 0x00, 0x20, 0x40, 0x00, 0x00,
    0xe0, 0x01, 0x00, 0x00, 0x21, 0x40, 0x00, 0x00, 0xe0, 0x00, 0x00, 0x00,
    0x22, 0x40, 0x00, 0x00, 0x60, 0x01, 0x00, 0x00, 0x0d, 0x01, 0x12, 0x00,
    0x03, 0x00, 0x00, 0x00, 0x00, 0x40, 0x00, 0x00, 0x90, 0x90, 0x01, 0x00,
    0x10, 0x40, 0x00, 0x00, 0xb0, 0x7f, 0x02, 0x00, 0x03, 0x00, 0x00, 0x00,
    0x00, 0x40, 0x00, 0x00, 0x10, 0x7c, 0x02, 0x00, 0x0b, 0x01, 0x00, 0x00,
    0x0c, 0x01, 0x00, 0x00, 0x01, 0x01, 0x00, 0x00, 0x02, 0x01, 0x00, 0x00,
    0x10, 0x40, 0x00, 0x00, 0x30, 0x25, 0x02, 0x00, 0x21, 0x01, 0x00, 0x00,
    0x20, 0x01, 0x00, 0x00, 0x20, 0x40, 0x00, 0x00, 0x40, 0x03, 0x00, 0x00,
    0x22, 0x40, 0x00, 0x00, 0xc0, 0x02, 0x00, 0x00, 0x0d, 0x01, 0x0a, 0x00,
    0x2f, 0x01, 0x01, 0x00, 0x02, 0x00, 0x00, 0x00, 0x00, 0x40, 0x00, 0x00,
    0xb0, 0x7f, 0x02, 0x00, 0x10, 0x40, 0x00, 0x00, 0xd0, 0x28, 0x02, 0x00,
    0x2f, 0x01, 0x03, 0x00, 0x02, 0x00, 0x00, 0x00, 0x00, 0x40, 0x00, 0x00,
    0x30, 0x94, 0x01, 0x00, 0x0b, 0x01, 0x04, 0x00, 0x0c, 0x01, 0x04, 0x00,
    0x01, 0x01, 0x01, 0x00, 0x02, 0x01, 0x01, 0x00, 0x10, 0x40, 0x00, 0x00,
    0x10, 0x7c, 0x02, 0x00, 0x21, 0x01, 0x04, 0x00, 0x20, 0x01, 0x02, 0x00,
    0x20, 0x40, 0x00, 0x00, 0xe0, 0x01, 0x00, 0x00, 0x22, 0x40, 0x00, 0x00,
    0x60, 0x01, 0x00, 0x00, 0x0d, 0x01, 0x12, 0x00, 0x03, 0x00, 0x00, 0x00,
    0x00, 0x40, 0x00, 0x00, 0xd0, 0x97, 0x01, 0x00, 0x10, 0x40, 0x00, 0x00,
    0xb0, 0x7f, 0x02, 0x00, 0x03, 0x00, 0x00, 0x00, 0x00, 0x40, 0x00, 0x00,
    0x10, 0x7c, 0x02, 0x00, 0x0b, 0x01, 0x00, 0x00, 0x0c, 0x01, 0x00, 0x00,
    0x01, 0x01, 0x00, 0x00, 0x02, 0x01, 0x00, 0x00, 0x10, 0x40, 0x00, 0x00,
    0xb0, 0x16, 0x02, 0x00, 0x21, 0x01, 0x00, 0x00, 0x20, 0x01, 0x00, 0x00,
    0x20, 0x40, 0x00, 0x00, 0x40, 0x03, 0x00, 0x00, 0x22, 0x40, 0x00, 0x00,
    0xc0, 0x02, 0x00, 0x00, 0x0d, 0x01, 0x0a, 0x00, 0x2f, 0x01, 0x01, 0x00,
    0x02, 0x00, 0x00, 0x00, 0x00, 0x40, 0x00, 0x00, 0xb0, 0x7f, 0x02, 0x00,
    0x10, 0x40, 0x00, 0x00, 0x50, 0x1a, 0x02, 0x00, 0x2f, 0x01, 0x03, 0x00,
    0x02, 0x00, 0x00, 0x00, 0x00, 0x40, 0x00, 0x00, 0xf0, 0x1d, 0x02, 0x00,
    0x0b, 0x01, 0x02, 0x00, 0x0c, 0x01, 0x02, 0x00, 0x01, 0x01, 0x01, 0x00,
    0x02, 0x01, 0x01, 0x00, 0x10, 0x40, 0x00, 0x00, 0xf0, 0x86, 0x02, 0x00,
    0x21, 0x01, 0x02, 0x00, 0x20, 0x01, 0x02, 0x00, 0x20, 0x40, 0x00, 0x00,
    0xa0, 0x04, 0x00, 0x00, 0x21, 0x40, 0x00, 0x00, 0xa0, 0x00, 0x00, 0x00,
    0x22, 0x40, 0x00, 0x00, 0x20, 0x04, 0x00, 0x00, 0x2f, 0x01, 0x01, 0x00,
    0x03, 0x00, 0x00, 0x00, 0x00, 0x40, 0x00, 0x00, 0x50, 0x83, 0x02, 0x00,
    0x0b, 0x01, 0x00, 0x00, 0x0c, 0x01, 0x00, 0x00, 0x01, 0x01, 0x00, 0x00,
    0x02, 0x01, 0x00, 0x00, 0x10, 0x40, 0x00, 0x00, 0x30, 0xb1, 0x01, 0x00,
    0x21, 0x01, 0x00, 0x00, 0x20, 0x01, 0x00, 0x00, 0x20, 0x40, 0x00, 0x00,
    0xc0, 0x05, 0x00, 0x00, 0x21, 0x40, 0x00, 0x00, 0x00, 0x01, 0x00, 0x00,
    0x22, 0x40, 0x00, 0x00, 0x40, 0x05, 0x00, 0x00, 0x02, 0x00, 0x00, 0x00,
    0x00, 0x40, 0x00, 0x00, 0xf0, 0x86, 0x02, 0x00, 0x10, 0x40, 0x00, 0x00,
    0xd0, 0xb4, 0x01, 0x00, 0x2f, 0x01, 0x03, 0x00, 0x02, 0x00, 0x00, 0x00,
    0x00, 0x40, 0x00, 0x00, 0x70, 0xb8, 0x01, 0x00, 0x0b, 0x01, 0x04, 0x00,
    0x0c, 0x01, 0x04, 0x00, 0x01, 0x01, 0x01, 0x00, 0x02, 0x01, 0x01, 0x00,
    0x10, 0x40, 0x00, 0x00, 0x90, 0x8a, 0x02, 0x00, 0x21, 0x01, 0x04, 0x00,
    0x20, 0x01, 0x02, 0x00, 0x20, 0x40, 0x00, 0x00, 0x40, 0x07, 0x00, 0x00,
    0x21, 0x40, 0x00, 0x00, 0xe0, 0x00, 0x00, 0x00, 0x22, 0x40, 0x00, 0x00,
    0xc0, 0x06, 0x00, 0x00, 0x0d, 0x01, 0x12, 0x00, 0x2f, 0x01, 0x01, 0x00,
    0x03, 0x00, 0x00, 0x00, 0x00, 0x40, 0x00, 0x00, 0x10, 0xbc, 0x01, 0x00,
    0x10, 0x40, 0x00, 0x00, 0x30, 0x8e, 0x02, 0x00, 0x2f, 0x01, 0x03, 0x00,
    0x03, 0x00, 0x00, 0x00, 0x00, 0x40, 0x00, 0x00, 0x90, 0x8a, 0x02, 0x00,
    0x0b, 0x01, 0x00, 0x00, 0x0c, 0x01, 0x00, 0x00, 0x01, 0x01, 0x00, 0x00,
    0x02, 0x01, 0x00, 0x00, 0x10, 0x40, 0x00, 0x00, 0xb0, 0x33, 0x02, 0x00,
    0x21, 0x01, 0x00, 0x00, 0x20, 0x01, 0x00, 0x00, 0x20, 0x40, 0x00, 0x00,
    0xa0, 0x08, 0x00, 0x00, 0x21, 0x40, 0x00, 0x00, 0x00, 0x01, 0x00, 0x00,
    0x22, 0x40, 0x00, 0x00, 0x20, 0x08, 0x00, 0x00, 0x0d, 0x01, 0x0a, 0x00,
    0x2f, 0x01, 0x01, 0x00, 0x02, 0x00, 0x00, 0x00, 0x00, 0x40, 0x00, 0x00,
    0x30, 0x8e, 0x02, 0x00, 0x10, 0x40, 0x00, 0x00, 0x50, 0x37, 0x02, 0x00,
    0x2f, 0x01, 0x03, 0x00, 0x02, 0x00, 0x00, 0x00, 0x00, 0x40, 0x00, 0x00,
    0xb0, 0xbf, 0x01, 0x00, 0x02, 0x40, 0x00, 0x00, 0xf0, 0xa9, 0x01, 0x00,
    0x0b, 0x01, 0x03, 0x00, 0x0c, 0x01, 0x03, 0x00, 0x01, 0x01, 0x01, 0x00,
    0x02, 0x01, 0x01, 0x00, 0x10, 0x40, 0x00, 0x00, 0x90, 0x8a, 0x02, 0x00,
    0x21, 0x01, 0x04, 0x00, 0x20, 0x01, 0x02, 0x00, 0x20, 0x40, 0x00, 0x00,
    0x40, 0x07, 0x00, 0x00, 0x21, 0x40, 0x00, 0x00, 0xe0, 0x00, 0x00, 0x00,
    0x22, 0x40, 0x00, 0x00, 0xc0, 0x06, 0x00, 0x00, 0x0d, 0x01, 0x12, 0x00,
    0x03, 0x00, 0x00, 0x00, 0x00, 0x40, 0x00, 0x00, 0x50, 0xc3, 0x01, 0x00,
    0x0b, 0x01, 0x02, 0x00, 0x0c, 0x01, 0x02, 0x00, 0x10, 0x40, 0x00, 0x00,
    0x30, 0x8e, 0x02, 0x00, 0x03, 0x00, 0x00, 0x00, 0x00, 0x40, 0x00, 0x00,
    0x90, 0x8a, 0x02, 0x00, 0x02, 0x40, 0x00, 0x00, 0x00, 0x00, 0x00, 0x00,
    0x0b, 0x01, 0x00, 0x00, 0x0c, 0x01, 0x00, 0x00, 0x01, 0x01, 0x00, 0x00,
    0x02, 0x01, 0x00, 0x00, 0x10, 0x40, 0x00, 0x00, 0xf0, 0x3a, 0x02, 0x00,
    0x21, 0x01, 0x00, 0x00, 0x20, 0x01, 0x00, 0x00, 0x20, 0x40, 0x00, 0x00,
    0xa0, 0x08, 0x00, 0x00, 0x21, 0x40, 0x00, 0x00, 0x00, 0x01, 0x00, 0x00,
    0x22, 0x40, 0x00, 0x00, 0x20, 0x08, 0x00, 0x00, 0x0d, 0x01, 0x0a, 0x00,
    0x2f, 0x01, 0x01, 0x00, 0x02, 0x00, 0x00, 0x00, 0x00, 0x40, 0x00, 0x00,
    0x30, 0x8e, 0x02, 0x00, 0x10, 0x40, 0x00, 0x00, 0x90, 0x3e, 0x02, 0x00,
    0x2f, 0x01, 0x03, 0x00, 0x02, 0x00, 0x00, 0x00, 0x00, 0x40, 0x00, 0x00,
    0x70, 0x2c, 0x02, 0x00, 0x0b, 0x01, 0x02, 0x00, 0x0c, 0x01, 0x02, 0x00,
    0x01, 0x01, 0x02, 0x00, 0x02, 0x01, 0x02, 0x00, 0x10, 0x40, 0x00, 0x00,
    0x70, 0x95, 0x02, 0x00, 0x21, 0x01, 0x02, 0x00, 0x20, 0x01, 0x04, 0x00,
    0x20, 0x40, 0x00, 0x00, 0x20, 0x0a, 0x00, 0x00, 0x21, 0x40, 0x00, 0x00,
    0xe0, 0x00, 0x00, 0x00, 0x22, 0x40, 0x00, 0x00, 0xa0, 0x09, 0x00, 0x00,
    0x2f, 0x01, 0x01, 0x00, 0x03, 0x00, 0x00, 0x00, 0x00, 0x40, 0x00, 0x00,
    0xd0, 0x91, 0x02, 0x00, 0x0b, 0x01, 0x00, 0x00, 0x0c, 0x01, 0x00, 0x00,
    0x01, 0x01, 0x00, 0x00, 0x02, 0x01, 0x00, 0x00, 0x10, 0x40, 0x00, 0x00,
    0xb0, 0xdc, 0x01, 0x00, 0x21, 0x01, 0x00, 0x00, 0x20, 0x01, 0x00, 0x00,
    0x20, 0x40, 0x00, 0x00, 0x80, 0x0b, 0x00, 0x00, 0x21, 0x40, 0x00, 0x00,
    0xf0, 0x00, 0x00, 0x00, 0x22, 0x40, 0x00, 0x00, 0x00, 0x0b, 0x00, 0x00,
    0x02, 0x00, 0x00, 0x00, 0x00, 0x40, 0x00, 0x00, 0x70, 0x95, 0x02, 0x00,
    0x10, 0x40, 0x00, 0x00, 0x50, 0xe0, 0x01, 0x00, 0x2f, 0x01, 0x03, 0x00,
    0x02, 0x00, 0x00, 0x00, 0x00, 0x40, 0x00, 0x00, 0x10, 0x30, 0x02, 0x00,
    0x0b, 0x01, 0x02, 0x00, 0x0c, 0x01, 0x02, 0x00, 0x01, 0x01, 0x02, 0x00,
    0x02, 0x01, 0x02, 0x00, 0x10, 0x40, 0x00, 0x00, 0xd0, 0x91, 0x02, 0x00,
    0x21, 0x01, 0x02, 0x00, 0x20, 0x01, 0x04, 0x00, 0x20, 0x40, 0x00, 0x00,
    0x20, 0x0a, 0x00, 0x00, 0x21, 0x40, 0x00, 0x00, 0xe0, 0x00, 0x00, 0x00,
    0x22, 0x40, 0x00, 0x00, 0xa0, 0x09, 0x00, 0x00, 0x03, 0x00, 0x00, 0x00,
    0x00, 0x40, 0x00, 0x00, 0xb0, 0x33, 0x02, 0x00, 0x10, 0x40, 0x00, 0x00,
    0x70, 0x95, 0x02, 0x00, 0x03, 0x00, 0x00, 0x00, 0x00, 0x40, 0x00, 0x00,
    0xd0, 0x91, 0x02, 0x00, 0x0b, 0x01, 0x00, 0x00, 0x0c, 0x01, 0x00, 0x00,
    0x01, 0x01, 0x00, 0x00, 0x02, 0x01, 0x00, 0x00, 0x10, 0x40, 0x00, 0x00,
    0xf0, 0xe3, 0x01, 0x00, 0x21, 0x01, 0x00, 0x00, 0x20, 0x01, 0x00, 0x00,
    0x20, 0x40, 0x00, 0x00, 0x80, 0x0b, 0x00, 0x00, 0x21, 0x40, 0x00, 0x00,
    0xf0, 0x00, 0x00, 0x00, 0x22, 0x40, 0x00, 0x00, 0x00, 0x0b, 0x00, 0x00,
    0x2f, 0x01, 0x01, 0x00, 0x02, 0x00, 0x00, 0x00, 0x00, 0x40, 0x00, 0x00,
    0x70, 0x95, 0x02, 0x00, 0x10, 0x40, 0x00, 0x00, 0x90, 0xe7, 0x01, 0x00,
    0x2f, 0x01, 0x03, 0x00, 0x02, 0x00, 0x00, 0x00, 0x00, 0x40, 0x00, 0x00,
    0x30, 0xeb, 0x01, 0x00, 0x02, 0x40, 0x00, 0x00, 0x30, 0xce, 0x01, 0x00,
    0x0b, 0x01, 0x01, 0x00, 0x0c, 0x01, 0x01, 0x00, 0x01, 0x01, 0x01, 0x00,
    0x02, 0x01, 0x01, 0x00, 0x10, 0x40, 0x00, 0x00, 0x10, 0x99, 0x02, 0x00,
    0x21, 0x01, 0x04, 0x00, 0x20, 0x01, 0x02, 0x00, 0x20, 0x40, 0x00, 0x00,
    0xf0, 0x0c, 0x00, 0x00, 0x21, 0x40, 0x00, 0x00, 0xe0, 0x00, 0x00, 0x00,
    0x22, 0x40, 0x00, 0x00, 0x70, 0x0c, 0x00, 0x00, 0x0d, 0x01, 0x12, 0x00,
    0x2f, 0x01, 0x01, 0x00, 0x03, 0x00, 0x00, 0x00, 0x00, 0x40, 0x00, 0x00,
    0xd0, 0xee, 0x01, 0x00, 0x0b, 0x01, 0x00, 0x00, 0x0c, 0x01, 0x00, 0x00,
    0x10, 0x40, 0x00, 0x00, 0xb0, 0x9c, 0x02, 0x00, 0x2f, 0x01, 0x03, 0x00,
    0x03, 0x00, 0x00, 0x00, 0x00, 0x40, 0x00, 0x00, 0x10, 0x99, 0x02, 0x00,
    0x02, 0x40, 0x00, 0x00, 0x00, 0x00, 0x00, 0x00, 0x01, 0x01, 0x00, 0x00,
    0x02, 0x01, 0x00, 0x00, 0x10, 0x40, 0x00, 0x00, 0x70, 0x49, 0x02, 0x00,
    0x21, 0x01, 0x00, 0x00, 0x20, 0x01, 0x00, 0x00, 0x20, 0x40, 0x00, 0x00,
    0x50, 0x0e, 0x00, 0x00, 0x21, 0x40, 0x00, 0x00, 0x00, 0x01, 0x00, 0x00,
    0x22, 0x40, 0x00, 0x00, 0xd0, 0x0d, 0x00, 0x00, 0x0d, 0x01, 0x0a, 0x00,
    0x2f, 0x01, 0x01, 0x00, 0x02, 0x00, 0x00, 0x00, 0x00, 0x40, 0x00, 0x00,
    0xb0, 0x9c, 0x02, 0x00, 0x10, 0x40, 0x00, 0x00, 0x10, 0x4d, 0x02, 0x00,
    0x2f, 0x01, 0x03, 0x00, 0x02, 0x00, 0x00, 0x00, 0x00, 0x40, 0x00, 0x00,
    0xb0, 0x50, 0x02, 0x00, 0x02, 0x40, 0x00, 0x00, 0x30, 0x42, 0x02, 0x00,
    0x0b, 0x01, 0x01, 0x00, 0x0c, 0x01, 0x01, 0x00, 0x01, 0x01, 0x01, 0x00,
    0x02, 0x01, 0x01, 0x00, 0x10, 0x40, 0x00, 0x00, 0xf0, 0xa3, 0x02, 0x00,
    0x21, 0x01, 0x02, 0x00, 0x20, 0x01, 0x02, 0x00, 0x20, 0x40, 0x00, 0x00,
    0xd0, 0x0f, 0x00, 0x00, 0x21, 0x40, 0x00, 0x00, 0xb0, 0x00, 0x00, 0x00,
    0x22, 0x40, 0x00, 0x00, 0x50, 0x0f, 0x00, 0x00, 0x2f, 0x01, 0x01, 0x00,
    0x03, 0x00, 0x00, 0x00, 0x00, 0x40, 0x00, 0x00, 0x50, 0xa0, 0x02, 0x00,
    0x02, 0x40, 0x00, 0x00, 0x00, 0x00, 0x00, 0x00, 0x0b, 0x01, 0x00, 0x00,
    0x0c, 0x01, 0x00, 0x00, 0x01, 0x01, 0x00, 0x00, 0x02, 0x01, 0x00, 0x00,
    0x10, 0x40, 0x00, 0x00, 0x30, 0x08, 0x02, 0x00, 0x21, 0x01, 0x00, 0x00,
    0x20, 0x01, 0x00, 0x00, 0x20, 0x40, 0x00, 0x00, 0x00, 0x11, 0x00, 0x00,
    0x21, 0x40, 0x00, 0x00, 0x00, 0x01, 0x00, 0x00, 0x22, 0x40, 0x00, 0x00,
    0x80, 0x10, 0x00, 0x00, 0x02, 0x00, 0x00, 0x00, 0x00, 0x40, 0x00, 0x00,
    0xf0, 0xa3, 0x02, 0x00, 0x10, 0x40, 0x00, 0x00, 0xd0, 0x0b, 0x02, 0x00,
    0x2f, 0x01, 0x03, 0x00, 0x02, 0x00, 0x00, 0x00, 0x00, 0x40, 0x00, 0x00,
    0x50, 0x54, 0x02, 0x00, 0x02, 0x40, 0x00, 0x00, 0x30, 0x42, 0x02, 0x00,
    0x01, 0x01, 0x01, 0x00, 0x02, 0x01, 0x01, 0x00, 0x10, 0x40, 0x00, 0x00,
    0x50, 0xa0, 0x02, 0x00, 0x21, 0x01, 0x02, 0x00, 0x20, 0x01, 0x02, 0x00,
    0x20, 0x40, 0x00, 0x00, 0xd0, 0x0f, 0x00, 0x00, 0x21, 0x40, 0x00, 0x00,
    0xb0, 0x00, 0x00, 0x00, 0x22, 0x40, 0x00, 0x00, 0x50, 0x0f, 0x00, 0x00,
    0x03, 0x00, 0x00, 0x00, 0x00, 0x40, 0x00, 0x00, 0x30, 0x42, 0x02, 0x00,
    0x02, 0x40, 0x00, 0x00, 0x00, 0x00, 0x00, 0x00, 0x0b, 0x01, 0x02, 0x00,
    0x0c, 0x01, 0x02, 0x00, 0x10, 0x40, 0x00, 0x00, 0xf0, 0xa3, 0x02, 0x00,
    0x03, 0x00, 0x00, 0x00, 0x00, 0x40, 0x00, 0x00, 0x50, 0xa0, 0x02, 0x00,
    0x0b, 0x01, 0x00, 0x00, 0x0c, 0x01, 0x00, 0x00, 0x01, 0x01, 0x00, 0x00,
    0x02, 0x01, 0x00, 0x00, 0x10, 0x40, 0x00, 0x00, 0x70, 0x0f, 0x02, 0x00,
    0x21, 0x01, 0x00, 0x00, 0x20, 0x01, 0x00, 0x00, 0x20, 0x40, 0x00, 0x00,
    0x00, 0x11, 0x00, 0x00, 0x21, 0x40, 0x00, 0x00, 0x00, 0x01, 0x00, 0x00,
    0x22, 0x40, 0x00, 0x00, 0x80, 0x10, 0x00, 0x00, 0x2f, 0x01, 0x01, 0x00,
    0x02, 0x00, 0x00, 0x00, 0x00, 0x40, 0x00, 0x00, 0xf0, 0xa3, 0x02, 0x00,
    0x10, 0x40, 0x00, 0x00, 0x10, 0x13, 0x02, 0x00, 0x2f, 0x01, 0x03, 0x00,
    0x02, 0x00, 0x00, 0x00, 0x00, 0x40, 0x00, 0x00, 0xd0, 0x45, 0x02, 0x00,
    0x0b, 0x01, 0x02, 0x00, 0x0c, 0x01, 0x02, 0x00, 0x01, 0x01, 0x01, 0x00,
    0x02, 0x01, 0x01, 0x00, 0x10, 0x40, 0x00, 0x00, 0x50, 0xa0, 0x02, 0x00,
    0x21, 0x01, 0x02, 0x00, 0x20, 0x01, 0x02, 0x00, 0x20, 0x40, 0x00, 0x00,
    0xd0, 0x0f, 0x00, 0x00, 0x21, 0x40, 0x00, 0x00, 0xb0, 0x00, 0x00, 0x00,
    0x22, 0x40, 0x00, 0x00, 0x50, 0x0f, 0x00, 0x00, 0x03, 0x00, 0x00, 0x00,
    0x00, 0x40, 0x00, 0x00, 0x30, 0xce, 0x01, 0x00, 0x0b, 0x01, 0x04, 0x00,
    0x0c, 0x01, 0x04, 0x00, 0x10, 0x40, 0x00, 0x00, 0x10, 0x99, 0x02, 0x00,
    0x21, 0x01, 0x04, 0x00, 0x20, 0x40, 0x00, 0x00, 0xf0, 0x0c, 0x00, 0x00,
    0x21, 0x40, 0x00, 0x00, 0xe0, 0x00, 0x00, 0x00, 0x22, 0x40, 0x00, 0x00,
    0x70, 0x0c, 0x00, 0x00, 0x0d, 0x01, 0x12, 0x00, 0x03, 0x00, 0x00, 0x00,
    0x00, 0x40, 0x00, 0x00, 0xd0, 0xd1, 0x01, 0x00, 0x10, 0x40, 0x00, 0x00,
    0xb0, 0x9c, 0x02, 0x00, 0x03, 0x00, 0x00, 0x00, 0x00, 0x40, 0x00, 0x00,
    0x10, 0x99, 0x02, 0x00, 0x0b, 0x01, 0x00, 0x00, 0x0c, 0x01, 0x00, 0x00,
    0x01, 0x01, 0x00, 0x00, 0x02, 0x01, 0x00, 0x00, 0x10, 0x40, 0x00, 0x00,
    0xb0, 0x50, 0x02, 0x00, 0x21, 0x01, 0x00, 0x00, 0x20, 0x01, 0x00, 0x00,
    0x20, 0x40, 0x00, 0x00, 0x50, 0x0e, 0x00, 0x00, 0x21, 0x40, 0x00, 0x00,
    0x00, 0x01, 0x00, 0x00, 0x22, 0x40, 0x00, 0x00, 0xd0, 0x0d, 0x00, 0x00,
    0x0d, 0x01, 0x0a, 0x00, 0x2f, 0x01, 0x01, 0x00, 0x02, 0x00, 0x00, 0x00,
    0x00, 0x40, 0x00, 0x00, 0xb0, 0x9c, 0x02, 0x00, 0x10, 0x40, 0x00, 0x00,
    0x50, 0x54, 0x02, 0x00, 0x2f, 0x01, 0x03, 0x00, 0x02, 0x00, 0x00, 0x00,
    0x00, 0x40, 0x00, 0x00, 0x70, 0xd5, 0x01, 0x00, 0x0b, 0x01, 0x04, 0x00,
    0x0c, 0x01, 0x04, 0x00, 0x01, 0x01, 0x01, 0x00, 0x02, 0x01, 0x01, 0x00,
    0x10, 0x40, 0x00, 0x00, 0x10, 0x99, 0x02, 0x00, 0x21, 0x01, 0x04, 0x00,
    0x20, 0x01, 0x02, 0x00, 0x20, 0x40, 0x00, 0x00, 0xf0, 0x0c, 0x00, 0x00,
    0x21, 0x40, 0x00, 0x00, 0xe0, 0x00, 0x00, 0x00, 0x22, 0x40, 0x00, 0x00,
    0x70, 0x0c, 0x00, 0x00, 0x0d, 0x01, 0x12, 0x00, 0x03, 0x00, 0x00, 0x00,
    0x00, 0x40, 0x00, 0x00, 0x10, 0xd9, 0x01, 0x00, 0x10, 0x40, 0x00, 0x00,
    0xb0, 0x9c, 0x02, 0x00, 0x03, 0x00, 0x00, 0x00, 0x00, 0x40, 0x00, 0x00,
    0x10, 0x99, 0x02, 0x00, 0x0b, 0x01, 0x00, 0x00, 0x0c, 0x01, 0x00, 0x00,
    0x01, 0x01, 0x00, 0x00, 0x02, 0x01, 0x00, 0x00, 0x10, 0x40, 0x00, 0x00,
    0x30, 0x42, 0x02, 0x00, 0x21, 0x01, 0x00, 0x00, 0x20, 0x01, 0x00, 0x00,
    0x20, 0x40, 0x00, 0x00, 0x50, 0x0e, 0x00, 0x00, 0x21, 0x40, 0x00, 0x00,
    0x00, 0x01, 0x00, 0x00, 0x22, 0x40, 0x00, 0x00, 0xd0, 0x0d, 0x00, 0x00,
    0x0d, 0x01, 0x0a, 0x00, 0x2f, 0x01, 0x01, 0x00, 0x02, 0x00, 0x00, 0x00,
    0x00, 0x40, 0x00, 0x00, 0xb0, 0x9c, 0x02, 0x00, 0x10, 0x40, 0x00, 0x00,
    0xd0, 0x45, 0x02, 0x00, 0x2f, 0x01, 0x03, 0x00, 0x02, 0x00, 0x00, 0x00,
    0x00, 0x40, 0x00, 0x00, 0x70, 0x49, 0x02, 0x00, 0x0b, 0x01, 0x02, 0x00,
    0x0c, 0x01, 0x02, 0x00, 0x01, 0x01, 0x01, 0x00, 0x02, 0x01, 0x01, 0x00,
    0x10, 0x40, 0x00, 0x00, 0xf0, 0xa3, 0x02, 0x00, 0x21, 0x01, 0x02, 0x00,
    0x20, 0x01, 0x02, 0x00, 0x20, 0x40, 0x00, 0x00, 0xd0, 0x0f, 0x00, 0x00,
    0x21, 0x40, 0x00, 0x00, 0xb0, 0x00, 0x00, 0x00, 0x22, 0x40, 0x00, 0x00,
    0x50, 0x0f, 0x00, 0x00, 0x2f, 0x01, 0x01, 0x00, 0x03, 0x00, 0x00, 0x00,
    0x00, 0x40, 0x00, 0x00, 0x50, 0xa0, 0x02, 0x00, 0x0b, 0x01, 0x00, 0x00,
    0x0c, 0x01, 0x00, 0x00, 0x01, 0x01, 0x00, 0x00, 0x02, 0x01, 0x00, 0x00,
    0x10, 0x40, 0x00, 0x00, 0x70, 0xf2, 0x01, 0x00, 0x21, 0x01, 0x00, 0x00,
    0x20, 0x01, 0x00, 0x00, 0x20, 0x40, 0x00, 0x00, 0x00, 0x11, 0x00, 0x00,
    0x21, 0x40, 0x00, 0x00, 0x00, 0x01, 0x00, 0x00, 0x22, 0x40, 0x00, 0x00,
    0x80, 0x10, 0x00, 0x00, 0x02, 0x00, 0x00, 0x00, 0x00, 0x40, 0x00, 0x00,
    0xf0, 0xa3, 0x02, 0x00, 0x10, 0x40, 0x00, 0x00, 0x10, 0xf6, 0x01, 0x00,
    0x2f, 0x01, 0x03, 0x00, 0x02, 0x00, 0x00, 0x00, 0x00, 0x40, 0x00, 0x00,
    0xb0, 0xf9, 0x01, 0x00, 0x0b, 0x01, 0x04, 0x00, 0x0c, 0x01, 0x04, 0x00,
    0x01, 0x01, 0x01, 0x00, 0x02, 0x01, 0x01, 0x00, 0x10, 0x40, 0x00, 0x00,
    0x90, 0xa7, 0x02, 0x00, 0x21, 0x01, 0x04, 0x00, 0x20, 0x01, 0x02, 0x00,
    0x20, 0x40, 0x00, 0x00, 0x80, 0x12, 0x00, 0x00, 0x21, 0x40, 0x00, 0x00,
    0xe0, 0x00, 0x00, 0x00, 0x22, 0x40, 0x00, 0x00, 0x00, 0x12, 0x00, 0x00,
    0x0d, 0x01, 0x12, 0x00, 0x2f, 0x01, 0x01, 0x00, 0x03, 0x00, 0x00, 0x00,
    0x00, 0x40, 0x00, 0x00, 0x50, 0xfd, 0x01, 0x00, 0x10, 0x40, 0x00, 0x00,
    0x30, 0xab, 0x02, 0x00, 0x2f, 0x01, 0x03, 0x00, 0x03, 0x00, 0x00, 0x00,
    0x00, 0x40, 0x00, 0x00, 0x90, 0xa7, 0x02, 0x00, 0x0b, 0x01, 0x00, 0x00,
    0x0c, 0x01, 0x00, 0x00, 0x01, 0x01, 0x00, 0x00, 0x02, 0x01, 0x00, 0x00,
    0x10, 0x40, 0x00, 0x00, 0x30, 0x5f, 0x02, 0x00, 0x21, 0x01, 0x00, 0x00,
    0x20, 0x01, 0x00, 0x00, 0x20, 0x40, 0x00, 0x00, 0xe0, 0x13, 0x00, 0x00,
    0x21, 0x40, 0x00, 0x00, 0x00, 0x01, 0x00, 0x00, 0x22, 0x40, 0x00, 0x00,
    0x60, 0x13, 0x00, 0x00, 0x0d, 0x01, 0x0a, 0x00, 0x2f, 0x01, 0x01, 0x00,
    0x02, 0x00, 0x00, 0x00, 0x00, 0x40, 0x00, 0x00, 0x30, 0xab, 0x02, 0x00,
    0x10, 0x40, 0x00, 0x00, 0xd0, 0x62, 0x02, 0x00, 0x2f, 0x01, 0x03, 0x00,
    0x02, 0x00, 0x00, 0x00, 0x00, 0x40, 0x00, 0x00, 0xf0, 0x00, 0x02, 0x00,
    0x0b, 0x01, 0x04, 0x00, 0x0c, 0x01, 0x04, 0x00, 0x01, 0x01, 0x01, 0x00,
    0x02, 0x01, 0x01, 0x00, 0x10, 0x40, 0x00, 0x00, 0x90, 0xa7, 0x02, 0x00,
    0x21, 0x01, 0x04, 0x00, 0x20, 0x01, 0x02, 0x00, 0x20, 0x40, 0x00, 0x00,
    0x80, 0x12, 0x00, 0x00, 0x21, 0x40, 0x00, 0x00, 0xe0, 0x00, 0x00, 0x00,
    0x22, 0x40, 0x00, 0x00, 0x00, 0x12, 0x00, 0x00, 0x0d, 0x01, 0x12, 0x00,
    0x03, 0x00, 0x00, 0x00, 0x00, 0x40, 0x00, 0x00, 0x90, 0x04, 0x02, 0x00,
    0x10, 0x40, 0x00, 0x00, 0x30, 0xab, 0x02, 0x00, 0x03, 0x00, 0x00, 0x00,
    0x00, 0x40, 0x00, 0x00, 0x90, 0xa7, 0x02, 0x00, 0x0b, 0x01, 0x00, 0x00,
    0x0c, 0x01, 0x00, 0x00, 0x01, 0x01, 0x00, 0x00, 0x02, 0x01, 0x00, 0x00,
    0x10, 0x40, 0x00, 0x00, 0x70, 0x66, 0x02, 0x00, 0x21, 0x01, 0x00, 0x00,
    0x20, 0x01, 0x00, 0x00, 0x20, 0x40, 0x00, 0x00, 0xe0, 0x13, 0x00, 0x00,
    0x21, 0x40, 0x00, 0x00, 0x00, 0x01, 0x00, 0x00, 0x22, 0x40, 0x00, 0x00,
    0x60, 0x13, 0x00, 0x00, 0x0d, 0x01, 0x0a, 0x00, 0x2f, 0x01, 0x01, 0x00,
    0x02, 0x00, 0x00, 0x00, 0x00, 0x40, 0x00, 0x00, 0x30, 0xab, 0x02, 0x00,
    0x10, 0x40, 0x00, 0x00, 0x10, 0x6a, 0x02, 0x00, 0x2f, 0x01, 0x03, 0x00,
    0x02, 0x00, 0x00, 0x00, 0x00, 0x40, 0x00, 0x00, 0xf0, 0x57, 0x02, 0x00,
    0x0b, 0x01, 0x02, 0x00, 0x0c, 0x01, 0x02, 0x00, 0x01, 0x01, 0x02, 0x00,
    0x02, 0x01, 0x02, 0x00, 0x10, 0x40, 0x00, 0x00, 0x70, 0xb2, 0x02, 0x00,
    0x21, 0x01, 0x02, 0x00, 0x20, 0x01, 0x04, 0x00, 0x20, 0x40, 0x00, 0x00,
    0x60, 0x15, 0x00, 0x00, 0x21, 0x40, 0x00, 0x00, 0xe0, 0x00, 0x00, 0x00,
    0x22, 0x40, 0x00, 0x00, 0xe0, 0x14, 0x00, 0x00, 0x2f, 0x01, 0x01, 0x00,
    0x03, 0x00, 0x00, 0x00, 0x00, 0x40, 0x00, 0x00, 0xd0, 0xae, 0x02, 0x00,
    0x0b, 0x01, 0x00, 0x00, 0x0c, 0x01, 0x00, 0x00, 0x01, 0x01, 0x00, 0x00,
    0x02, 0x01, 0x00, 0x00, 0x10, 0x40, 0x00, 0x00, 0x10, 0xb6, 0x02, 0x00,
    0x21, 0x01, 0x00, 0x00, 0x20, 0x01, 0x00, 0x00, 0x20, 0x40, 0x00, 0x00,
    0xc0, 0x16, 0x00, 0x00, 0x21, 0x40, 0x00, 0x00, 0xf0, 0x00, 0x00, 0x00,
    0x22, 0x40, 0x00, 0x00, 0x40, 0x16, 0x00, 0x00, 0x02, 0x00, 0x00, 0x00,
    0x00, 0x40, 0x00, 0x00, 0x70, 0xb2, 0x02, 0x00, 0x10, 0x40, 0x00, 0x00,
    0xb0, 0xb9, 0x02, 0x00, 0x2f, 0x01, 0x03, 0x00, 0x02, 0x00, 0x00, 0x00,
    0x00, 0x40, 0x00, 0x00, 0x10, 0xb6, 0x02, 0x00, 0x10, 0x40, 0x00, 0x00,
    0x50, 0x10, 0x00, 0x00, 0x13, 0x01, 0x00, 0x00, 0x15, 0x40, 0x00, 0x00,
    0x3a, 0x00, 0x00, 0x00, 0x14, 0x40, 0x00, 0x00, 0x01, 0x00, 0x00, 0x00,
    0x16, 0x40, 0x00, 0x00, 0x01, 0x00, 0x00, 0x00, 0x18, 0x01, 0x5a, 0x00,
    0x14, 0x01, 0x01, 0x00, 0x20, 0x40, 0x00, 0x00, 0xc0, 0x17, 0x00, 0x00,
    0x21, 0x40, 0x00, 0x00, 0x40, 0x00, 0x00, 0x00, 0x22, 0x40, 0x00, 0x00,
    0xb0, 0x17, 0x00, 0x00, 0x23, 0x40, 0x00, 0x00, 0x10, 0x00, 0x00, 0x00,
    0x17, 0x01, 0x07, 0x00, 0x2f, 0x01, 0x01, 0x00, 0x02, 0x00, 0x00, 0x00,
    0x00, 0x40, 0x00, 0x00, 0xb0, 0xb9, 0x02, 0x00, 0x10, 0x40, 0x00, 0x00,
    0x8a, 0x10, 0x00, 0x00, 0x2f, 0x01, 0x03, 0x00, 0x02, 0x00, 0x00, 0x00,
    0x00, 0x40, 0x00, 0x00, 0x90, 0x5b, 0x02, 0x00, 0x0b, 0x01, 0x02, 0x00,
    0x0c, 0x01, 0x02, 0x00, 0x01, 0x01, 0x02, 0x00, 0x02, 0x01, 0x02, 0x00,
    0x10, 0x40, 0x00, 0x00, 0xd0, 0xae, 0x02, 0x00, 0x13, 0x01, 0x0b, 0x00,
    0x15, 0x40, 0x00, 0x00, 0xa0, 0x03, 0x00, 0x00, 0x14, 0x40, 0x00, 0x00,
    0x10, 0x00, 0x00, 0x00, 0x16, 0x40, 0x00, 0x00, 0xa0, 0x03, 0x00, 0x00,
    0x18, 0x01, 0x80, 0xff, 0x14, 0x01, 0x41, 0x00, 0x21, 0x01, 0x02, 0x00,
    0x20, 0x01, 0x04, 0x00, 0x20, 0x40, 0x00, 0x00, 0x60, 0x15, 0x00, 0x00,
    0x21, 0x40, 0x00, 0x00, 0xe0, 0x00, 0x00, 0x00, 0x22, 0x40, 0x00, 0x00,
    0xe0, 0x14, 0x00, 0x00, 0x23, 0x40, 0x00, 0x00, 0x80, 0x00, 0x00, 0x00,
    0x17, 0x01, 0x0f, 0x00, 0x03, 0x00, 0x00, 0x00, 0x00, 0x40, 0x00, 0x00,
    0x30, 0x5f, 0x02, 0x00, 0x10, 0x40, 0x00, 0x00, 0x70, 0xb2, 0x02, 0x00,
    0x03, 0x00, 0x00, 0x00, 0x00, 0x40, 0x00, 0x00, 0xd0, 0xae, 0x02, 0x00,
    0x0b, 0x01, 0x00, 0x00, 0x0c, 0x01, 0x00, 0x00, 0x01, 0x01, 0x00, 0x00,
    0x02, 0x01, 0x00, 0x00, 0x10, 0x40, 0x00, 0x00, 0x10, 0xb6, 0x02, 0x00,
    0x21, 0x01, 0x00, 0x00, 0x20, 0x01, 0x00, 0x00, 0x20, 0x40, 0x00, 0x00,
    0xc0, 0x16, 0x00, 0x00, 0x21, 0x40, 0x00, 0x00, 0xf0, 0x00, 0x00, 0x00,
    0x22, 0x40, 0x00, 0x00, 0x40, 0x16, 0x00, 0x00, 0x2f, 0x01, 0x01, 0x00,
    0x02, 0x00, 0x00, 0x00, 0x00, 0x40, 0x00, 0x00, 0x70, 0xb2, 0x02, 0x00,
    0x10, 0x40, 0x00, 0x00, 0xb0, 0xb9, 0x02, 0x00, 0x2f, 0x01, 0x03, 0x00,
    0x02, 0x00, 0x00, 0x00, 0x00, 0x40, 0x00, 0x00, 0x10, 0xb6, 0x02, 0x00,
    0x10, 0x40, 0x00, 0x00, 0xc4, 0x10, 0x00, 0x00, 0x13, 0x01, 0x00, 0x00,
    0x15, 0x40, 0x00, 0x00, 0x3a, 0x00, 0x00, 0x00, 0x14, 0x40, 0x00, 0x00,
    0x01, 0x00, 0x00, 0x00, 0x16, 0x40, 0x00, 0x00, 0x01, 0x00, 0x00, 0x00,
    0x18, 0x01, 0x5a, 0x00, 0x14, 0x01, 0x01, 0x00, 0x20, 0x40, 0x00, 0x00,
    0xc0, 0x17, 0x00, 0x00, 0x21, 0x40, 0x00, 0x00, 0x40, 0x00, 0x00, 0x00,
    0x22, 0x40, 0x00, 0x00, 0xb0, 0x17, 0x00, 0x00, 0x23, 0x40, 0x00, 0x00,
    0x10, 0x00, 0x00, 0x00, 0x17, 0x01, 0x07, 0x00, 0x2f, 0x01, 0x01, 0x00,
    0x02, 0x00, 0x00, 0x00, 0x00, 0x40, 0x00, 0x00, 0xb0, 0xb9, 0x02, 0x00,
    0x10, 0x40, 0x00, 0x00, 0xfe, 0x10, 0x00, 0x00, 0x2f, 0x01, 0x03, 0x00,
    0x02, 0x00, 0x00, 0x00, 0x00, 0x40, 0x00, 0x00, 0xd0, 0x62, 0x02, 0x00,
    0x0b, 0x01, 0x02, 0x00, 0x0c, 0x01, 0x02, 0x00, 0x01, 0x01, 0x02, 0x00,
    0x02, 0x01, 0x02, 0x00, 0x10, 0x40, 0x00, 0x00, 0xd0, 0xae, 0x02, 0x00,
    0x13, 0x01, 0x0b, 0x00, 0x15, 0x40, 0x00, 0x00, 0xa0, 0x03, 0x00, 0x00,
    0x14, 0x40, 0x00, 0x00, 0x10, 0x00, 0x00, 0x00, 0x16, 0x40, 0x00, 0x00,
    0xa0, 0x03, 0x00, 0x00, 0x18, 0x01, 0x80, 0xff, 0x14, 0x01, 0x41, 0x00,
    0x21, 0x01, 0x02, 0x00, 0x20, 0x01, 0x04, 0x00, 0x20, 0x40, 0x00, 0x00,
    0x60, 0x15, 0x00, 0x00, 0x21, 0x40, 0x00, 0x00, 0xe0, 0x00, 0x00, 0x00,
    0x22, 0x40, 0x00, 0x00, 0xe0, 0x14, 0x00, 0x00, 0x23, 0x40, 0x00, 0x00,
    0x80, 0x00, 0x00, 0x00, 0x17, 0x01, 0x0f, 0x00, 0x03, 0x00, 0x00, 0x00,
    0x00, 0x40, 0x00, 0x00, 0x30, 0x08, 0x02, 0x00, 0x02, 0x40, 0x00, 0x00,
    0x70, 0xf2, 0x01, 0x00, 0x0b, 0x01, 0x03, 0x00, 0x0c, 0x01, 0x03, 0x00,
    0x01, 0x01, 0x01, 0x00, 0x02, 0x01, 0x01, 0x00, 0x10, 0x40, 0x00, 0x00,
    0x90, 0xa7, 0x02, 0x00, 0x21, 0x01, 0x04, 0x00, 0x20, 0x01, 0x02, 0x00,
    0x20, 0x40, 0x00, 0x00, 0x80, 0x12, 0x00, 0x00, 0x22, 0x40, 0x00, 0x00,
    0x00, 0x12, 0x00, 0x00, 0x0d, 0x01, 0x12, 0x00, 0x03, 0x00, 0x00, 0x00,
    0x00, 0x40, 0x00, 0x00, 0xd0, 0x0b, 0x02, 0x00, 0x0b, 0x01, 0x02, 0x00,
    0x0c, 0x01, 0x02, 0x00, 0x10, 0x40, 0x00, 0x00, 0x30, 0xab, 0x02, 0x00,
    0x03, 0x00, 0x00, 0x00, 0x00, 0x40, 0x00, 0x00, 0x90, 0xa7, 0x02, 0x00,
    0x02, 0x40, 0x00, 0x00, 0x00, 0x00, 0x00, 0x00, 0x0b, 0x01, 0x00, 0x00,
    0x0c, 0x01, 0x00, 0x00, 0x01, 0x01, 0x00, 0x00, 0x02, 0x01, 0x00, 0x00,
    0x10, 0x40, 0x00, 0x00, 0xf0, 0x57, 0x02, 0x00, 0x21, 0x01, 0x00, 0x00,
    0x20, 0x01, 0x00, 0x00, 0x20, 0x40, 0x00, 0x00, 0xe0, 0x13, 0x00, 0x00,
    0x21, 0x40, 0x00, 0x00, 0x00, 0x01, 0x00, 0x00, 0x22, 0x40, 0x00, 0x00,
    0x60, 0x13, 0x00, 0x00, 0x0d, 0x01, 0x0a, 0x00, 0x2f, 0x01, 0x01, 0x00,
    0x02, 0x00, 0x00, 0x00, 0x00, 0x40, 0x00, 0x00, 0x30, 0xab, 0x02, 0x00,
    0x10, 0x40, 0x00, 0x00, 0x90, 0x5b, 0x02, 0x00, 0x2f, 0x01, 0x03, 0x00,
    0x02, 0x00, 0x00, 0x00, 0x00, 0x40, 0x00, 0x00, 0x10, 0x4d, 0x02, 0x00,
    0x0b, 0x01, 0x02, 0x00, 0x0c, 0x01, 0x02, 0x00, 0x01, 0x01, 0x01, 0x00,
    0x02, 0x01, 0x01, 0x00, 0x10, 0x40, 0x00, 0x00, 0x50, 0xa0, 0x02, 0x00,
    0x21, 0x01, 0x02, 0x00, 0x20, 0x01, 0x02, 0x00, 0x20, 0x40, 0x00, 0x00,
    0xd0, 0x0f, 0x00, 0x00, 0x21, 0x40, 0x00, 0x00, 0xb0, 0x00, 0x00, 0x00,
    0x22, 0x40, 0x00, 0x00, 0x50, 0x0f, 0x00, 0x00, 0x03, 0x00, 0x00, 0x00,
    0x00, 0x40, 0x00, 0x00, 0xb0, 0x50, 0x02, 0x00, 0x02, 0x40, 0x00, 0x00,
    0x30, 0x42, 0x02, 0x00, 0x0b, 0x01, 0x01, 0x00, 0x0c, 0x01, 0x01, 0x00,
    0x10, 0x40, 0x00, 0x00, 0xf0, 0xa3, 0x02, 0x00, 0x03, 0x00, 0x00, 0x00,
    0x00, 0x40, 0x00, 0x00, 0x50, 0xa0, 0x02, 0x00, 0x02, 0x40, 0x00, 0x00,
    0x00, 0x00, 0x00, 0x00, 0x0b, 0x01, 0x00, 0x00, 0x0c, 0x01, 0x00, 0x00,
    0x01, 0x01, 0x00, 0x00, 0x02, 0x01, 0x00, 0x00, 0x10, 0x40, 0x00, 0x00,
    0xb0, 0xf9, 0x01, 0x00, 0x21, 0x01, 0x00, 0x00, 0x20, 0x01, 0x00, 0x00,
    0x20, 0x40, 0x00, 0x00, 0x00, 0x11, 0x00, 0x00, 0x21, 0x40, 0x00, 0x00,
    0x00, 0x01, 0x00, 0x00, 0x22, 0x40, 0x00, 0x00, 0x80, 0x10, 0x00, 0x00,
    0x2f, 0x01, 0x01, 0x00, 0x02, 0x00, 0x00, 0x00, 0x00, 0x40, 0x00, 0x00,
    0xf0, 0xa3, 0x02, 0x00, 0x10, 0x40, 0x00, 0x00, 0x50, 0xfd, 0x01, 0x00,
    0x2f, 0x01, 0x03, 0x00, 0x02, 0x00, 0x00, 0x00, 0x00, 0x40, 0x00, 0x00,
    0x50, 0x54, 0x02, 0x00, 0x02, 0x40, 0x00, 0x00, 0x30, 0x42, 0x02, 0x00,
    0x01, 0x01, 0x01, 0x00, 0x02, 0x01, 0x01, 0x00, 0x10, 0x40, 0x00, 0x00,
    0x50, 0xa0, 0x02, 0x00, 0x21, 0x01, 0x02, 0x00, 0x20, 0x01, 0x02, 0x00,
    0x20, 0x40, 0x00, 0x00, 0xd0, 0x0f, 0x00, 0x00, 0x21, 0x40, 0x00, 0x00,
    0xb0, 0x00, 0x00, 0x00, 0x22, 0x40, 0x00, 0x00, 0x50, 0x0f, 0x00, 0x00,
    0x03, 0x00, 0x00, 0x00, 0x00, 0x40, 0x00, 0x00, 0x50, 0x37, 0x02, 0x00,
    0x02, 0x40, 0x00, 0x00, 0x00, 0x00, 0x00, 0x00, 0x0b, 0x01, 0x02, 0x00,
    0x0c, 0x01, 0x02, 0x00, 0x01, 0x01, 0x02, 0x00, 0x02, 0x01, 0x02, 0x00,
    0x10, 0x40, 0x00, 0x00, 0xd0, 0x91, 0x02, 0x00, 0x20, 0x01, 0x04, 0x00,
    0x20, 0x40, 0x00, 0x00, 0x20, 0x0a, 0x00, 0x00, 0x21, 0x40, 0x00, 0x00,
    0xe0, 0x00, 0x00, 0x00, 0x22, 0x40, 0x00, 0x00, 0xa0, 0x09, 0x00, 0x00,
    0x03, 0x00, 0x00, 0x00, 0x00, 0x40, 0x00, 0x00, 0xf0, 0xc6, 0x01, 0x00,
    0x02, 0x40, 0x00, 0x00, 0xf0, 0xa9, 0x01, 0x00, 0x0b, 0x01, 0x01, 0x00,
    0x0c, 0x01, 0x01, 0x00, 0x01, 0x01, 0x01, 0x00, 0x02, 0x01, 0x01, 0x00,
    0x10, 0x40, 0x00, 0x00, 0x90, 0x8a, 0x02, 0x00, 0x21, 0x01, 0x04, 0x00,
    0x20, 0x01, 0x02, 0x00, 0x20, 0x40, 0x00, 0x00, 0x40, 0x07, 0x00, 0x00,
    0x22, 0x40, 0x00, 0x00, 0xc0, 0x06, 0x00, 0x00, 0x0d, 0x01, 0x12, 0x00,
    0x03, 0x00, 0x00, 0x00, 0x00, 0x40, 0x00, 0x00, 0x90, 0xca, 0x01, 0x00,
    0x0b, 0x01, 0x00, 0x00, 0x0c, 0x01, 0x00, 0x00, 0x10, 0x40, 0x00, 0x00,
    0x30, 0x8e, 0x02, 0x00, 0x03, 0x00, 0x00, 0x00, 0x00, 0x40, 0x00, 0x00,
    0x90, 0x8a, 0x02, 0x00, 0x02, 0x40, 0x00, 0x00, 0x00, 0x00, 0x00, 0x00,
    0x01, 0x01, 0x00, 0x00, 0x02, 0x01, 0x00, 0x00, 0x10, 0x40, 0x00, 0x00,
    0x70, 0x2c, 0x02, 0x00, 0x21, 0x01, 0x00, 0x00, 0x20, 0x01, 0x00, 0x00,
    0x20, 0x40, 0x00, 0x00, 0xa0, 0x08, 0x00, 0x00, 0x21, 0x40, 0x00, 0x00,
    0x00, 0x01, 0x00, 0x00, 0x22, 0x40, 0x00, 0x00, 0x20, 0x08, 0x00, 0x00,
    0x0d, 0x01, 0x0a, 0x00, 0x2f, 0x01, 0x01, 0x00, 0x02, 0x00, 0x00, 0x00,
    0x00, 0x40, 0x00, 0x00, 0x30, 0x8e, 0x02, 0x00, 0x10, 0x40, 0x00, 0x00,
    0x10, 0x30, 0x02, 0x00, 0x2f, 0x01, 0x03, 0x00, 0x02, 0x00, 0x00, 0x00,
    0x00, 0x40, 0x00, 0x00, 0x90, 0x21, 0x02, 0x00, 0x0b, 0x01, 0x02, 0x00,
    0x0c, 0x01, 0x02, 0x00, 0x01, 0x01, 0x01, 0x00, 0x02, 0x01, 0x01, 0x00,
    0x10, 0x40, 0x00, 0x00, 0x50, 0x83, 0x02, 0x00, 0x21, 0x01, 0x02, 0x00,
    0x20, 0x01, 0x02, 0x00, 0x20, 0x40, 0x00, 0x00, 0xa0, 0x04, 0x00, 0x00,
    0x21, 0x40, 0x00, 0x00, 0xa0, 0x00, 0x00, 0x00, 0x22, 0x40, 0x00, 0x00,
    0x20, 0x04, 0x00, 0x00, 0x03, 0x00, 0x00, 0x00, 0x00, 0x40, 0x00, 0x00,
    0x30, 0x25, 0x02, 0x00, 0x02, 0x40, 0x00, 0x00, 0xb0, 0x16, 0x02, 0x00,
    0x0b, 0x01, 0x01, 0x00, 0x0c, 0x01, 0x01, 0x00, 0x10, 0x40, 0x00, 0x00,
    0xf0, 0x86, 0x02, 0x00, 0x03, 0x00, 0x00, 0x00, 0x00, 0x40, 0x00, 0x00,
    0x50, 0x83, 0x02, 0x00, 0x02, 0x40, 0x00, 0x00, 0x00, 0x00, 0x00, 0x00,
    0x0b, 0x01, 0x00, 0x00, 0x0c, 0x01, 0x00, 0x00, 0x01, 0x01, 0x00, 0x00,
    0x02, 0x01, 0x00, 0x00, 0x10, 0x40, 0x00, 0x00, 0x70, 0xb8, 0x01, 0x00,
    0x21, 0x01, 0x00, 0x00, 0x20, 0x01, 0x00, 0x00, 0x20, 0x40, 0x00, 0x00,
    0xc0, 0x05, 0x00, 0x00, 0x21, 0x40, 0x00, 0x00, 0x00, 0x01, 0x00, 0x00,
    0x22, 0x40, 0x00, 0x00, 0x40, 0x05, 0x00, 0x00, 0x2f, 0x01, 0x01, 0x00,
    0x02, 0x00, 0x00, 0x00, 0x00, 0x40, 0x00, 0x00, 0xf0, 0x86, 0x02, 0x00,
    0x10, 0x40, 0x00, 0x00, 0x10, 0xbc, 0x01, 0x00, 0x2f, 0x01, 0x03, 0x00,
    0x02, 0x00, 0x00, 0x00, 0x00, 0x40, 0x00, 0x00, 0xd0, 0x28, 0x02, 0x00,
    0x02, 0x40, 0x00, 0x00, 0xb0, 0x16, 0x02, 0x00, 0x01, 0x01, 0x01, 0x00,
    0x02, 0x01, 0x01, 0x00, 0x10, 0x40, 0x00, 0x00, 0x50, 0x83, 0x02, 0x00,
    0x21, 0x01, 0x02, 0x00, 0x20, 0x01, 0x02, 0x00, 0x20, 0x40, 0x00, 0x00,
    0xa0, 0x04, 0x00, 0x00, 0x21, 0x40, 0x00, 0x00, 0xa0, 0x00, 0x00, 0x00,
    0x22, 0x40, 0x00, 0x00, 0x20, 0x04, 0x00, 0x00, 0x03, 0x00, 0x00, 0x00,
    0x00, 0x40, 0x00, 0x00, 0x80, 0x7e, 0x01, 0x00, 0x02, 0x40, 0x00, 0x00,
    0x00, 0x00, 0x00, 0x00, 0x0b, 0x01, 0x01, 0x00, 0x0c, 0x01, 0x01, 0x00,
    0x0a, 0x01, 0x72, 0x00, 0x04, 0x01, 0x03, 0x00, 0x05, 0x40, 0x00, 0x00,
    0xcc, 0x01, 0x00, 0x00, 0x04, 0x40, 0x00, 0x00, 0x04, 0x00, 0x00, 0x00,
    0x06, 0x40, 0x00, 0x00, 0x01, 0x00, 0x00, 0x00, 0x09, 0x01, 0x00, 0x00,
    0x05, 0x01, 0x01, 0x00, 0x01, 0x01, 0x00, 0x00, 0x02, 0x01, 0x00, 0x00,
    0x10, 0x40, 0x00, 0x00, 0xb0, 0x6d, 0x02, 0x00, 0x11, 0x01, 0x72, 0x00,
    0x1a, 0x01, 0x72, 0x00, 0x13, 0x01, 0x03, 0x00, 0x15, 0x40, 0x00, 0x00,
    0x30, 0x07, 0x00, 0x00, 0x16, 0x40, 0x00, 0x00, 0x30, 0x07, 0x00, 0x00,
    0x18, 0x01, 0x00, 0x00, 0x14, 0x01, 0x41, 0x81, 0x21, 0x01, 0x01, 0x00,
    0x20, 0x01, 0x00, 0x00, 0x22, 0x01, 0x02, 0x00, 0x15, 0x01, 0x15, 0x00,
    0x17, 0x01, 0x07, 0x00, 0x05, 0x00, 0x01, 0x00, 0x00, 0x40, 0x00, 0x00,
    0x18, 0x82, 0x01, 0x00, 0x10, 0x40, 0x00, 0x00, 0xe0, 0x74, 0x02, 0x00,
    0x05, 0x00, 0x01, 0x00, 0x00, 0x40, 0x00, 0x00, 0xb0, 0x6d, 0x02, 0x00,
    0x0b, 0x01, 0x00, 0x00, 0x0c, 0x01, 0x00, 0x00, 0x05, 0x40, 0x00, 0x00,
    0x30, 0x07, 0x00, 0x00, 0x04, 0x40, 0x00, 0x00, 0x10, 0x00, 0x00, 0x00,
    0x06, 0x40, 0x00, 0x00, 0x30, 0x07, 0x00, 0x00, 0x05, 0x01, 0x41, 0x00,
    0x01, 0x01, 0x01, 0x00, 0x02, 0x01, 0x01, 0x00, 0x10, 0x40, 0x00, 0x00,
    0xb0, 0x85, 0x01, 0x00, 0x11, 0x01, 0x39, 0x00, 0x1a, 0x01, 0x39, 0x00,
    0x13, 0x01, 0x0b, 0x00, 0x15, 0x40, 0x00, 0x00, 0xa0, 0x03, 0x00, 0x00,
    0x16, 0x40, 0x00, 0x00, 0xa0, 0x03, 0x00, 0x00, 0x18, 0x01, 0x80, 0xff,
    0x14, 0x01, 0x41, 0x00, 0x21, 0x01, 0x00, 0x00, 0x20, 0x01, 0x02, 0x00,
    0x22, 0x01, 0x05, 0x00, 0x20, 0x40, 0x00, 0x00, 0x80, 0x00, 0x00, 0x00,
    0x21, 0x40, 0x00, 0x00, 0xe0, 0x00, 0x00, 0x00, 0x22, 0x40, 0x00, 0x00,
    0x00, 0x00, 0x00, 0x00, 0x15, 0x01, 0x39, 0x00, 0x17, 0x01, 0x0f, 0x00,
    0x2f, 0x01, 0x01, 0x00, 0x02, 0x00, 0x00, 0x00, 0x00, 0x40, 0x00, 0x00,
    0xe0, 0x74, 0x02, 0x00, 0x10, 0x40, 0x00, 0x00, 0x50, 0x89, 0x01, 0x00,
    0x2f, 0x01, 0x03, 0x00, 0x02, 0x00, 0x00, 0x00, 0x00, 0x40, 0x00, 0x00,
    0x70, 0x9b, 0x01, 0x00, 0x02, 0x40, 0x00, 0x00, 0xb0, 0x85, 0x01, 0x00,
    0x0b, 0x01, 0x03, 0x00, 0x0c, 0x01, 0x03, 0x00, 0x0a, 0x01, 0x39, 0x00,
    0x04, 0x01, 0x0b, 0x00, 0x05, 0x40, 0x00, 0x00, 0xa0, 0x03, 0x00, 0x00,
    0x06, 0x40, 0x00, 0x00, 0xa0, 0x03, 0x00, 0x00, 0x09, 0x01, 0x80, 0xff,
    0x10, 0x40, 0x00, 0x00, 0x10, 0x7c, 0x02, 0x00, 0x21, 0x01, 0x04, 0x00,
    0x22, 0x01, 0x00, 0x00, 0x20, 0x40, 0x00, 0x00, 0xe0, 0x01, 0x00, 0x00,
    0x22, 0x40, 0x00, 0x00, 0x60, 0x01, 0x00, 0x00, 0x0d, 0x01, 0x12, 0x00,
    0x2f, 0x01, 0x01, 0x00, 0x03, 0x00, 0x00, 0x00, 0x00, 0x40, 0x00, 0x00,
    0x10, 0x9f, 0x01, 0x00, 0x0b, 0x01, 0x02, 0x00, 0x0c, 0x01, 0x02, 0x00,
    0x10, 0x40, 0x00, 0x00, 0xb0, 0x7f, 0x02, 0x00, 0x2f, 0x01, 0x03, 0x00,
    0x03, 0x00, 0x00, 0x00, 0x00, 0x40, 0x00, 0x00, 0x10, 0x7c, 0x02, 0x00,
    0x02, 0x40, 0x00, 0x00, 0x00, 0x00, 0x00, 0x00, 0x0b, 0x01, 0x00, 0x00,
    0x0c, 0x01, 0x00, 0x00, 0x01, 0x01, 0x00, 0x00, 0x02, 0x01, 0x00, 0x00,
    0x10, 0x40, 0x00, 0x00, 0xf0, 0x1d, 0x02, 0x00, 0x21, 0x01, 0x00, 0x00,
    0x20, 0x01, 0x00, 0x00, 0x20, 0x40, 0x00, 0x00, 0x40, 0x03, 0x00, 0x00,
    0x22, 0x40, 0x00, 0x00, 0xc0, 0x02, 0x00, 0x00, 0x0d, 0x01, 0x0a, 0x00,
    0x2f, 0x01, 0x01, 0x00, 0x02, 0x00, 0x00, 0x00, 0x00, 0x40, 0x00, 0x00,
    0xb0, 0x7f, 0x02, 0x00, 0x10, 0x40, 0x00, 0x00, 0x90, 0x21, 0x02, 0x00,
    0x2f, 0x01, 0x03, 0x00, 0x02, 0x00, 0x00, 0x00, 0x00, 0x40, 0x00, 0x00,
    0xb0, 0xa2, 0x01, 0x00, 0x02, 0x40, 0x00, 0x00, 0xb0, 0x85, 0x01, 0x00,
    0x0b, 0x01, 0x01, 0x00, 0x0c, 0x01, 0x01, 0x00, 0x01, 0x01, 0x01, 0x00,
    0x03, 0x01, 0x01, 0x00, 0x02, 0x01, 0x01, 0x00, 0x10, 0x40, 0x00, 0x00,
    0x10, 0x7c, 0x02, 0x00, 0x21, 0x01, 0x04, 0x00, 0x20, 0x01, 0x02, 0x00,
    0x20, 0x40, 0x00, 0x00, 0xe0, 0x01, 0x00, 0x00, 0x22, 0x40, 0x00, 0x00,
    0x60, 0x01, 0x00, 0x00, 0x0d, 0x01, 0x12, 0x00, 0x03, 0x00, 0x00, 0x00,
    0x00, 0x40, 0x00, 0x00, 0x50, 0xa6, 0x01, 0x00, 0x0b, 0x01, 0x00, 0x00,
    0x0c, 0x01, 0x00, 0x00, 0x03, 0x01, 0x02, 0x00, 0x10, 0x40, 0x00, 0x00,
    0xb0, 0x7f, 0x02, 0x00, 0x03, 0x00, 0x00, 0x00, 0x00, 0x40, 0x00, 0x00,
    0x10, 0x7c, 0x02, 0x00, 0x02, 0x40, 0x00, 0x00, 0x00, 0x00, 0x00, 0x00,
    0x01, 0x01, 0x00, 0x00, 0x03, 0x01, 0x00, 0x00, 0x02, 0x01, 0x00, 0x00,
    0x10, 0x40, 0x00, 0x00, 0x30, 0x25, 0x02, 0x00, 0x21, 0x01, 0x00, 0x00,
    0x20, 0x01, 0x00, 0x00, 0x20, 0x40, 0x00, 0x00, 0x40, 0x03, 0x00, 0x00,
    0x22, 0x40, 0x00, 0x00, 0xc0, 0x02, 0x00, 0x00, 0x0d, 0x01, 0x0a, 0x00,
    0x2f, 0x01, 0x01, 0x00, 0x02, 0x00, 0x00, 0x00, 0x00, 0x40, 0x00, 0x00,
    0xb0, 0x7f, 0x02, 0x00, 0x10, 0x40, 0x00, 0x00, 0xd0, 0x28, 0x02, 0x00,
    0x2f, 0x01, 0x03, 0x00, 0x02, 0x00, 0x00, 0x00, 0x00, 0x40, 0x00, 0x00,
    0xb0, 0x16, 0x02, 0x00, 0x0b, 0x01, 0x02, 0x00, 0x0c, 0x01, 0x02, 0x00,
    0x01, 0x01, 0x01, 0x00, 0x02, 0x01, 0x01, 0x00, 0x10, 0x40, 0x00, 0x00,
    0xf0, 0x86, 0x02, 0x00, 0x21, 0x01, 0x02, 0x00, 0x20, 0x01, 0x02, 0x00,
    0x20, 0x40, 0x00, 0x00, 0xa0, 0x04, 0x00, 0x00, 0x21, 0x40, 0x00, 0x00,
    0xa0, 0x00, 0x00, 0x00, 0x22, 0x40, 0x00, 0x00, 0x20, 0x04, 0x00, 0x00,
    0x2f, 0x01, 0x01, 0x00, 0x03, 0x00, 0x00, 0x00, 0x00, 0x40, 0x00, 0x00,
    0x50, 0x83, 0x02, 0x00, 0x0b, 0x01, 0x00, 0x00, 0x0c, 0x01, 0x00, 0x00,
    0x01, 0x01, 0x00, 0x00, 0x02, 0x01, 0x00, 0x00, 0x10, 0x40, 0x00, 0x00,
    0xb0, 0xbf, 0x01, 0x00, 0x21, 0x01, 0x00, 0x00, 0x20, 0x01, 0x00, 0x00,
    0x20, 0x40, 0x00, 0x00, 0xc0, 0x05, 0x00, 0x00, 0x21, 0x40, 0x00, 0x00,
    0x00, 0x01, 0x00, 0x00, 0x22, 0x40, 0x00, 0x00, 0x40, 0x05, 0x00, 0x00,
    0x02, 0x00, 0x00, 0x00, 0x00, 0x40, 0x00, 0x00, 0xf0, 0x86, 0x02, 0x00,
    0x10, 0x40, 0x00, 0x00, 0x50, 0xc3, 0x01, 0x00, 0x2f, 0x01, 0x03, 0x00,
    0x02, 0x00, 0x00, 0x00, 0x00, 0x40, 0x00, 0x00, 0x50, 0x1a, 0x02, 0x00,
    0x0b, 0x01, 0x02, 0x00, 0x0c, 0x01, 0x02, 0x00, 0x01, 0x01, 0x01, 0x00,
    0x02, 0x01, 0x01, 0x00, 0x10, 0x40, 0x00, 0x00, 0x50, 0x83, 0x02, 0x00,
    0x21, 0x01, 0x02, 0x00, 0x20, 0x01, 0x02, 0x00, 0x20, 0x40, 0x00, 0x00,
    0xa0, 0x04, 0x00, 0x00, 0x21, 0x40, 0x00, 0x00, 0xa0, 0x00, 0x00, 0x00,
    0x22, 0x40, 0x00, 0x00, 0x20, 0x04, 0x00, 0x00, 0x03, 0x00, 0x00, 0x00,
    0x00, 0x40, 0x00, 0x00, 0xf0, 0x1d, 0x02, 0x00, 0x10, 0x40, 0x00, 0x00,
    0xf0, 0x86, 0x02, 0x00, 0x03, 0x00, 0x00, 0x00, 0x00, 0x40, 0x00, 0x00,
    0x50, 0x83, 0x02, 0x00, 0x0b, 0x01, 0x00, 0x00, 0x0c, 0x01, 0x00, 0x00,
    0x01, 0x01, 0x00, 0x00, 0x02, 0x01, 0x00, 0x00, 0x10, 0x40, 0x00, 0x00,
    0xf0, 0xc6, 0x01, 0x00, 0x21, 0x01, 0x00, 0x00, 0x20, 0x01, 0x00, 0x00,
    0x20, 0x40, 0x00, 0x00, 0xc0, 0x05, 0x00, 0x00, 0x21, 0x40, 0x00, 0x00,
    0x00, 0x01, 0x00, 0x00, 0x22, 0x40, 0x00, 0x00, 0x40, 0x05, 0x00, 0x00,
    0x2f, 0x01, 0x01, 0x00, 0x02, 0x00, 0x00, 0x00, 0x00, 0x40, 0x00, 0x00,
    0xf0, 0x86, 0x02, 0x00, 0x10, 0x40, 0x00, 0x00, 0x90, 0xca, 0x01, 0x00,
    0x2f, 0x01, 0x03, 0x00, 0x02, 0x00, 0x00, 0x00, 0x00, 0x40, 0x00, 0x00,
    0xf0, 0xa9, 0x01, 0x00, 0x0b, 0x01, 0x04, 0x00, 0x0c, 0x01, 0x04, 0x00,
    0x01, 0x01, 0x01, 0x00, 0x02, 0x01, 0x01, 0x00, 0x10, 0x40, 0x00, 0x00,
    0x90, 0x8a, 0x02, 0x00, 0x21, 0x01, 0x04, 0x00, 0x20, 0x01, 0x02, 0x00,
    0x20, 0x40, 0x00, 0x00, 0x40, 0x07, 0x00, 0x00, 0x21, 0x40, 0x00, 0x00,
    0xe0, 0x00, 0x00, 0x00, 0x22, 0x40, 0x00, 0x00, 0xc0, 0x06, 0x00, 0x00,
    0x0d, 0x01, 0x12, 0x00, 0x2f, 0x01, 0x01, 0x00, 0x03, 0x00, 0x00, 0x00,
    0x00, 0x40, 0x00, 0x00, 0x90, 0xad, 0x01, 0x00, 0x10, 0x40, 0x00, 0x00,
    0x30, 0x8e, 0x02, 0x00, 0x2f, 0x01, 0x03, 0x00, 0x03, 0x00, 0x00, 0x00,
    0x00, 0x40, 0x00, 0x00, 0x90, 0x8a, 0x02, 0x00, 0x0b, 0x01, 0x00, 0x00,
    0x0c, 0x01, 0x00, 0x00, 0x01, 0x01, 0x00, 0x00, 0x02, 0x01, 0x00, 0x00,
    0x10, 0x40, 0x00, 0x00, 0xb0, 0x33, 0x02, 0x00, 0x21, 0x01, 0x00, 0x00,
    0x20, 0x01, 0x00, 0x00, 0x20, 0x40, 0x00, 0x00, 0xa0, 0x08, 0x00, 0x00,
    0x21, 0x40, 0x00, 0x00, 0x00, 0x01, 0x00, 0x00, 0x22, 0x40, 0x00, 0x00,
    0x20, 0x08, 0x00, 0x00, 0x0d, 0x01, 0x0a, 0x00, 0x2f, 0x01, 0x01, 0x00,
    0x02, 0x00, 0x00, 0x00, 0x00, 0x40, 0x00, 0x00, 0x30, 0x8e, 0x02, 0x00,
    0x10, 0x40, 0x00, 0x00, 0x50, 0x37, 0x02, 0x00, 0x2f, 0x01, 0x03, 0x00,
    0x02, 0x00, 0x00, 0x00, 0x00, 0x40, 0x00, 0x00, 0xf0, 0x3a, 0x02, 0x00,
    0x02, 0x40, 0x00, 0x00, 0x70, 0x2c, 0x02, 0x00, 0x0b, 0x01, 0x01, 0x00,
    0x0c, 0x01, 0x01, 0x00, 0x01, 0x01, 0x02, 0x00, 0x02, 0x01, 0x02, 0x00,
    0x10, 0x40, 0x00, 0x00, 0x70, 0x95, 0x02, 0x00, 0x21, 0x01, 0x02, 0x00,
    0x20, 0x01, 0x04, 0x00, 0x20, 0x40, 0x00, 0x00, 0x20, 0x0a, 0x00, 0x00,
    0x21, 0x40, 0x00, 0x00, 0xe0, 0x00, 0x00, 0x00, 0x22, 0x40, 0x00, 0x00,
    0xa0, 0x09, 0x00, 0x00, 0x2f, 0x01, 0x01, 0x00, 0x03, 0x00, 0x00, 0x00,
    0x00, 0x40, 0x00, 0x00, 0xd0, 0x91, 0x02, 0x00, 0x02, 0x40, 0x00, 0x00,
    0x00, 0x00, 0x00, 0x00, 0x0b, 0x01, 0x00, 0x00, 0x0c, 0x01, 0x00, 0x00,
    0x01, 0x01, 0x00, 0x00, 0x02, 0x01, 0x00, 0x00, 0x10, 0x40, 0x00, 0x00,
    0x30, 0xeb, 0x01, 0x00, 0x21, 0x01, 0x00, 0x00, 0x20, 0x01, 0x00, 0x00,
    0x20, 0x40, 0x00, 0x00, 0x80, 0x0b, 0x00, 0x00, 0x21, 0x40, 0x00, 0x00,
    0xf0, 0x00, 0x00, 0x00, 0x22, 0x40, 0x00, 0x00, 0x00, 0x0b, 0x00, 0x00,
    0x02, 0x00, 0x00, 0x00, 0x00, 0x40, 0x00, 0x00, 0x70, 0x95, 0x02, 0x00,
    0x10, 0x40, 0x00, 0x00, 0xd0, 0xee, 0x01, 0x00, 0x2f, 0x01, 0x03, 0x00,
    0x02, 0x00, 0x00, 0x00, 0x00, 0x40, 0x00, 0x00, 0x90, 0x3e, 0x02, 0x00,
    0x02, 0x40, 0x00, 0x00, 0x70, 0x2c, 0x02, 0x00, 0x01, 0x01, 0x02, 0x00,
    0x02, 0x01, 0x02, 0x00, 0x10, 0x40, 0x00, 0x00, 0xd0, 0x91, 0x02, 0x00,
    0x21, 0x01, 0x02, 0x00, 0x20, 0x01, 0x04, 0x00, 0x20, 0x40, 0x00, 0x00,
    0x20, 0x0a, 0x00, 0x00, 0x21, 0x40, 0x00, 0x00, 0xe0, 0x00, 0x00, 0x00,
    0x22, 0x40, 0x00, 0x00, 0xa0, 0x09, 0x00, 0x00, 0x03, 0x00, 0x00, 0x00,
    0x00, 0x40, 0x00, 0x00, 0x70, 0x2c, 0x02, 0x00, 0x02, 0x40, 0x00, 0x00,
    0x00, 0x00, 0x00, 0x00, 0x0b, 0x01, 0x02, 0x00, 0x0c, 0x01, 0x02, 0x00,
    0x10, 0x40, 0x00, 0x00, 0x70, 0x95, 0x02, 0x00, 0x03, 0x00, 0x00, 0x00,
    0x00, 0x40, 0x00, 0x00, 0xd0, 0x91, 0x02, 0x00, 0x0b, 0x01, 0x00, 0x00,
    0x0c, 0x01, 0x00, 0x00, 0x01, 0x01, 0x00, 0x00, 0x02, 0x01, 0x00, 0x00,
    0x10, 0x40, 0x00, 0x00, 0x30, 0xce, 0x01, 0x00, 0x21, 0x01, 0x00, 0x00,
    0x20, 0x01, 0x00, 0x00, 0x20, 0x40, 0x00, 0x00, 0x80, 0x0b, 0x00, 0x00,
    0x21, 0x40, 0x00, 0x00, 0xf0, 0x00, 0x00, 0x00, 0x22, 0x40, 0x00, 0x00,
    0x00, 0x0b, 0x00, 0x00, 0x2f, 0x01, 0x01, 0x00, 0x02, 0x00, 0x00, 0x00,
    0x00, 0x40, 0x00, 0x00, 0x70, 0x95, 0x02, 0x00, 0x10, 0x40, 0x00, 0x00,
    0xd0, 0xd1, 0x01, 0x00, 0x2f, 0x01, 0x03, 0x00, 0x02, 0x00, 0x00, 0x00,
    0x00, 0x40, 0x00, 0x00, 0x10, 0x30, 0x02, 0x00, 0x0b, 0x01, 0x02, 0x00,
    0x0c, 0x01, 0x02, 0x00, 0x01, 0x01, 0x02, 0x00, 0x02, 0x01, 0x02, 0x00,
    0x10, 0x40, 0x00, 0x00, 0xd0, 0x91, 0x02, 0x00, 0x21, 0x01, 0x02, 0x00,
    0x20, 0x01, 0x04, 0x00, 0x20, 0x40, 0x00, 0x00, 0x20, 0x0a, 0x00, 0x00,
    0x21, 0x40, 0x00, 0x00, 0xe0, 0x00, 0x00, 0x00, 0x22, 0x40, 0x00, 0x00,
    0xa0, 0x09, 0x00, 0x00, 0x03, 0x00, 0x00, 0x00, 0x00, 0x40, 0x00, 0x00,
    0x30, 0xb1, 0x01, 0x00, 0x0b, 0x01, 0x04, 0x00, 0x0c, 0x01, 0x04, 0x00,
    0x01, 0x01, 0x01, 0x00, 0x02, 0x01, 0x01, 0x00, 0x10, 0x40, 0x00, 0x00,
    0x90, 0x8a, 0x02, 0x00, 0x21, 0x01, 0x04, 0x00, 0x20, 0x01, 0x02, 0x00,
    0x20, 0x40, 0x00, 0x00, 0x40, 0x07, 0x00, 0x00, 0x22, 0x40, 0x00, 0x00,
    0xc0, 0x06, 0x00, 0x00, 0x0d, 0x01, 0x12, 0x00, 0x03, 0x00, 0x00, 0x00,
    0x00, 0x40, 0x00, 0x00, 0xd0, 0xb4, 0x01, 0x00, 0x10, 0x40, 0x00, 0x00,
    0x30, 0x8e, 0x02, 0x00, 0x03, 0x00, 0x00, 0x00, 0x00, 0x40, 0x00, 0x00,
    0x90, 0x8a, 0x02, 0x00, 0x0b, 0x01, 0x00, 0x00, 0x0c, 0x01, 0x00, 0x00,
    0x01, 0x01, 0x00, 0x00, 0x02, 0x01, 0x00, 0x00, 0x10, 0x40, 0x00, 0x00,
    0xf0, 0x3a, 0x02, 0x00, 0x21, 0x01, 0x00, 0x00, 0x20, 0x01, 0x00, 0x00,
    0x20, 0x40, 0x00, 0x00, 0xa0, 0x08, 0x00, 0x00, 0x21, 0x40, 0x00, 0x00,
    0x00, 0x01, 0x00, 0x00, 0x22, 0x40, 0x00, 0x00, 0x20, 0x08, 0x00, 0x00,
    0x0d, 0x01, 0x0a, 0x00, 0x2f, 0x01, 0x01, 0x00, 0x02, 0x00, 0x00, 0x00,
    0x00, 0x40, 0x00, 0x00, 0x30, 0x8e, 0x02, 0x00, 0x10, 0x40, 0x00, 0x00,
    0x90, 0x3e, 0x02, 0x00, 0x2f, 0x01, 0x03, 0x00, 0x02, 0x00, 0x00, 0x00,
    0x00, 0x40, 0x00, 0x00, 0x70, 0xb8, 0x01, 0x00, 0x0b, 0x01, 0x04, 0x00,
    0x0c, 0x01, 0x04, 0x00, 0x01, 0x01, 0x01, 0x00, 0x02, 0x01, 0x01, 0x00,
    0x10, 0x40, 0x00, 0x00, 0x90, 0x8a, 0x02, 0x00, 0x21, 0x01, 0x04, 0x00,
    0x20, 0x01, 0x02, 0x00, 0x20, 0x40, 0x00, 0x00, 0x40, 0x07, 0x00, 0x00,
    0x21, 0x40, 0x00, 0x00, 0xe0, 0x00, 0x00, 0x00, 0x22, 0x40, 0x00, 0x00,
    0xc0, 0x06, 0x00, 0x00, 0x0d, 0x01, 0x12, 0x00, 0x03, 0x00, 0x00, 0x00,
    0x00, 0x40, 0x00, 0x00, 0x10, 0xbc, 0x01, 0x00, 0x10, 0x40, 0x00, 0x00,
    0x30, 0x8e, 0x02, 0x00, 0x03, 0x00, 0x00, 0x00, 0x00, 0x40, 0x00, 0x00,
    0x90, 0x8a, 0x02, 0x00, 0x0b, 0x01, 0x00, 0x00, 0x0c, 0x01, 0x00, 0x00,
    0x01, 0x01, 0x00, 0x00, 0x02, 0x01, 0x00, 0x00, 0x10, 0x40, 0x00, 0x00,
    0x70, 0x2c, 0x02, 0x00, 0x21, 0x01, 0x00, 0x00, 0x20, 0x01, 0x00, 0x00,
    0x20, 0x40, 0x00, 0x00, 0xa0, 0x08, 0x00, 0x00, 0x21, 0x40, 0x00, 0x00,
    0x00, 0x01, 0x00, 0x00, 0x22, 0x40, 0x00, 0x00, 0x20, 0x08, 0x00, 0x00,
    0x0d, 0x01, 0x0a, 0x00, 0x2f, 0x01, 0x01, 0x00, 0x02, 0x00, 0x00, 0x00,
    0x00, 0x40, 0x00, 0x00, 0x30, 0x8e, 0x02, 0x00, 0x10, 0x40, 0x00, 0x00,
    0x10, 0x30, 0x02, 0x00, 0x2f, 0x01, 0x03, 0x00, 0x02, 0x00, 0x00, 0x00,
    0x00, 0x40, 0x00, 0x00, 0xb0, 0x33, 0x02, 0x00, 0x0b, 0x01, 0x02, 0x00,
    0x0c, 0x01, 0x02, 0x00, 0x01, 0x01, 0x02, 0x00, 0x02, 0x01, 0x02, 0x00,
    0x10, 0x40, 0x00, 0x00, 0x70, 0x95, 0x02, 0x00, 0x21, 0x01, 0x02, 0x00,
    0x20, 0x01, 0x04, 0x00, 0x20, 0x40, 0x00, 0x00, 0x20, 0x0a, 0x00, 0x00,
    0x21, 0x40, 0x00, 0x00, 0xe0, 0x00, 0x00, 0x00, 0x22, 0x40, 0x00, 0x00,
    0xa0, 0x09, 0x00, 0x00, 0x2f, 0x01, 0x01, 0x00, 0x03, 0x00, 0x00, 0x00,
    0x00, 0x40, 0x00, 0x00, 0xd0, 0x91, 0x02, 0x00, 0x0b, 0x01, 0x00, 0x00,
    0x0c, 0x01, 0x00, 0x00, 0x01, 0x01, 0x00, 0x00, 0x02, 0x01, 0x00, 0x00,
    0x10, 0x40, 0x00, 0x00, 0x70, 0xd5, 0x01, 0x00, 0x21, 0x01, 0x00, 0x00,
    0x20, 0x01, 0x00, 0x00, 0x20, 0x40, 0x00, 0x00, 0x80, 0x0b, 0x00, 0x00,
    0x21, 0x40, 0x00, 0x00, 0xf0, 0x00, 0x00, 0x00, 0x22, 0x40, 0x00, 0x00,
    0x00, 0x0b, 0x00, 0x00, 0x02, 0x00, 0x00, 0x00, 0x00, 0x40, 0x00, 0x00,
    0x70, 0x95, 0x02, 0x00, 0x10, 0x40, 0x00, 0x00, 0x10, 0xd9, 0x01, 0x00,
    0x2f, 0x01, 0x03, 0x00, 0x02, 0x00, 0x00, 0x00, 0x00, 0x40, 0x00, 0x00,
    0xb0, 0xdc, 0x01, 0x00, 0x0b, 0x01, 0x04, 0x00, 0x0c, 0x01, 0x04, 0x00,
    0x01, 0x01, 0x01, 0x00, 0x02, 0x01, 0x01, 0x00, 0x10, 0x40, 0x00, 0x00,
    0x10, 0x99, 0x02, 0x00, 0x21, 0x01, 0x04, 0x00, 0x20, 0x01, 0x02, 0x00,
    0x20, 0x40, 0x00, 0x00, 0xf0, 0x0c, 0x00, 0x00, 0x21, 0x40, 0x00, 0x00,
    0xe0, 0x00, 0x00, 0x00, 0x22, 0x40, 0x00, 0x00, 0x70, 0x0c, 0x00, 0x00,
    0x0d, 0x01, 0x12, 0x00, 0x2f, 0x01, 0x01, 0x00, 0x03, 0x00, 0x00, 0x00,
    0x00, 0x40, 0x00, 0x00, 0x50, 0xe0, 0x01, 0x00, 0x10, 0x40, 0x00, 0x00,
    0xb0, 0x9c, 0x02, 0x00, 0x2f, 0x01, 0x03, 0x00, 0x03, 0x00, 0x00, 0x00,
    0x00, 0x40, 0x00, 0x00, 0x10, 0x99, 0x02, 0x00, 0x0b, 0x01, 0x00, 0x00,
    0x0c, 0x01, 0x00, 0x00, 0x01, 0x01, 0x00, 0x00, 0x02, 0x01, 0x00, 0x00,
    0x10, 0x40, 0x00, 0x00, 0x70, 0x49, 0x02, 0x00, 0x21, 0x01, 0x00, 0x00,
    0x20, 0x01, 0x00, 0x00, 0x20, 0x40, 0x00, 0x00, 0x50, 0x0e, 0x00, 0x00,
    0x21, 0x40, 0x00, 0x00, 0x00, 0x01, 0x00, 0x00, 0x22, 0x40, 0x00, 0x00,
    0xd0, 0x0d, 0x00, 0x00, 0x0d, 0x01, 0x0a, 0x00, 0x2f, 0x01, 0x01, 0x00,
    0x02, 0x00, 0x00, 0x00, 0x00, 0x40, 0x00, 0x00, 0xb0, 0x9c, 0x02, 0x00,
    0x10, 0x40, 0x00, 0x00, 0x10, 0x4d, 0x02, 0x00, 0x2f, 0x01, 0x03, 0x00,
    0x02, 0x00, 0x00, 0x00, 0x00, 0x40, 0x00, 0x00, 0xf0, 0xe3, 0x01, 0x00,
    0x02, 0x40, 0x00, 0x00, 0x30, 0xce, 0x01, 0x00, 0x0b, 0x01, 0x03, 0x00,
    0x0c, 0x01, 0x03, 0x00, 0x01, 0x01, 0x01, 0x00, 0x02, 0x01, 0x01, 0x00,
    0x10, 0x40, 0x00, 0x00, 0x10, 0x99, 0x02, 0x00, 0x21, 0x01, 0x04, 0x00,
    0x20, 0x01, 0x02, 0x00, 0x20, 0x40, 0x00, 0x00, 0xf0, 0x0c, 0x00, 0x00,
    0x21, 0x40, 0x00, 0x00, 0xe0, 0x00, 0x00, 0x00, 0x22, 0x40, 0x00, 0x00,
    0x70, 0x0c, 0x00, 0x00, 0x0d, 0x01, 0x12, 0x00, 0x03, 0x00, 0x00, 0x00,
    0x00, 0x40, 0x00, 0x00, 0x90, 0xe7, 0x01, 0x00, 0x0b, 0x01, 0x02, 0x00,
    0x0c, 0x01, 0x02, 0x00, 0x10, 0x40, 0x00, 0x00, 0xb0, 0x9c, 0x02, 0x00,
    0x03, 0x00, 0x00, 0x00, 0x00, 0x40, 0x00, 0x00, 0x10, 0x99, 0x02, 0x00,
    0x02, 0x40, 0x00, 0x00, 0x00, 0x00, 0x00, 0x00, 0x0b, 0x01, 0x00, 0x00,
    0x0c, 0x01, 0x00, 0x00, 0x01, 0x01, 0x00, 0x00, 0x02, 0x01, 0x00, 0x00,
    0x10, 0x40, 0x00, 0x00, 0xb0, 0x50, 0x02, 0x00, 0x21, 0x01, 0x00, 0x00,
    0x20, 0x01, 0x00, 0x00, 0x20, 0x40, 0x00, 0x00, 0x50, 0x0e, 0x00, 0x00,
    0x21, 0x40, 0x00, 0x00, 0x00, 0x01, 0x00, 0x00, 0x22, 0x40, 0x00, 0x00,
    0xd0, 0x0d, 0x00, 0x00, 0x0d, 0x01, 0x0a, 0x00, 0x2f, 0x01, 0x01, 0x00,
    0x02, 0x00, 0x00, 0x00, 0x00, 0x40, 0x00, 0x00, 0xb0, 0x9c, 0x02, 0x00,
    0x10, 0x40, 0x00, 0x00, 0x50, 0x54, 0x02, 0x00, 0x2f, 0x01, 0x03, 0x00,
    0x02, 0x00, 0x00, 0x00, 0x00, 0x40, 0x00, 0x00, 0x30, 0x42, 0x02, 0x00,
    0x0b, 0x01, 0x02, 0x00, 0x0c, 0x01, 0x02, 0x00, 0x01, 0x01, 0x01, 0x00,
    0x02, 0x01, 0x01, 0x00, 0x10, 0x40, 0x00, 0x00, 0xf0, 0xa3, 0x02, 0x00,
    0x21, 0x01, 0x02, 0x00, 0x20, 0x01, 0x02, 0x00, 0x20, 0x40, 0x00, 0x00,
    0xd0, 0x0f, 0x00, 0x00, 0x21, 0x40, 0x00, 0x00, 0xb0, 0x00, 0x00, 0x00,
    0x22, 0x40, 0x00, 0x00, 0x50, 0x0f, 0x00, 0x00, 0x2f, 0x01, 0x01, 0x00,
    0x03, 0x00, 0x00, 0x00, 0x00, 0x40, 0x00, 0x00, 0x50, 0xa0, 0x02, 0x00,
    0x0b, 0x01, 0x00, 0x00, 0x0c, 0x01, 0x00, 0x00, 0x01, 0x01, 0x00, 0x00,
    0x02, 0x01, 0x00, 0x00, 0x10, 0x40, 0x00, 0x00, 0xf0, 0x00, 0x02, 0x00,
    0x21, 0x01, 0x00, 0x00, 0x20, 0x01, 0x00, 0x00, 0x20, 0x40, 0x00, 0x00,
    0x00, 0x11, 0x00, 0x00, 0x21, 0x40, 0x00, 0x00, 0x00, 0x01, 0x00, 0x00,
    0x22, 0x40, 0x00, 0x00, 0x80, 0x10, 0x00, 0x00, 0x02, 0x00, 0x00, 0x00,
    0x00, 0x40, 0x00, 0x00, 0xf0, 0xa3, 0x02, 0x00, 0x10, 0x40, 0x00, 0x00,
    0x90, 0x04, 0x02, 0x00, 0x2f, 0x01, 0x03, 0x00, 0x02, 0x00, 0x00, 0x00,
    0x00, 0x40, 0x00, 0x00, 0xd0, 0x45, 0x02, 0x00, 0x0b, 0x01, 0x02, 0x00,
    0x0c, 0x01, 0x02, 0x00, 0x01, 0x01, 0x01, 0x00, 0x02, 0x01, 0x01, 0x00,
    0x10, 0x40, 0x00, 0x00, 0x50, 0xa0, 0x02, 0x00, 0x21, 0x01, 0x02, 0x00,
    0x20, 0x01, 0x02, 0x00, 0x20, 0x40, 0x00, 0x00, 0xd0, 0x0f, 0x00, 0x00,
    0x21, 0x40, 0x00, 0x00, 0xb0, 0x00, 0x00, 0x00, 0x22, 0x40, 0x00, 0x00,
    0x50, 0x0f, 0x00, 0x00, 0x03, 0x00, 0x00, 0x00, 0x00, 0x40, 0x00, 0x00,
    0x70, 0x49, 0x02, 0x00, 0x10, 0x40, 0x00, 0x00, 0xf0, 0xa3, 0x02, 0x00,
    0x03, 0x00, 0x00, 0x00, 0x00, 0x40, 0x00, 0x00, 0x50, 0xa0, 0x02, 0x00,
    0x0b, 0x01, 0x00, 0x00, 0x0c, 0x01, 0x00, 0x00, 0x01, 0x01, 0x00, 0x00,
    0x02, 0x01, 0x00, 0x00, 0x10, 0x40, 0x00, 0x00, 0x30, 0x08, 0x02, 0x00,
    0x21, 0x01, 0x00, 0x00, 0x20, 0x01, 0x00, 0x00, 0x20, 0x40, 0x00, 0x00,
    0x00, 0x11, 0x00, 0x00, 0x21, 0x40, 0x00, 0x00, 0x00, 0x01, 0x00, 0x00,
    0x22, 0x40, 0x00, 0x00, 0x80, 0x10, 0x00, 0x00, 0x2f, 0x01, 0x01, 0x00,
    0x02, 0x00, 0x00, 0x00, 0x00, 0x40, 0x00, 0x00, 0xf0, 0xa3, 0x02, 0x00,
    0x10, 0x40, 0x00, 0x00, 0xd0, 0x0b, 0x02, 0x00, 0x2f, 0x01, 0x03, 0x00,
    0x02, 0x00, 0x00, 0x00, 0x00, 0x40, 0x00, 0x00, 0x70, 0x0f, 0x02, 0x00,
    0x02, 0x40, 0x00, 0x00, 0x70, 0xf2, 0x01, 0x00, 0x0b, 0x01, 0x01, 0x00,
    0x0c, 0x01, 0x01, 0x00, 0x01, 0x01, 0x01, 0x00, 0x02, 0x01, 0x01, 0x00,
    0x10, 0x40, 0x00, 0x00, 0x90, 0xa7, 0x02, 0x00, 0x21, 0x01, 0x04, 0x00,
    0x20, 0x01, 0x02, 0x00, 0x20, 0x40, 0x00, 0x00, 0x80, 0x12, 0x00, 0x00,
    0x21, 0x40, 0x00, 0x00, 0xe0, 0x00, 0x00, 0x00, 0x22, 0x40, 0x00, 0x00,
    0x00, 0x12, 0x00, 0x00, 0x0d, 0x01, 0x12, 0x00, 0x2f, 0x01, 0x01, 0x00,
    0x03, 0x00, 0x00, 0x00, 0x00, 0x40, 0x00, 0x00, 0x10, 0x13, 0x02, 0x00,
    0x0b, 0x01, 0x00, 0x00, 0x0c, 0x01, 0x00, 0x00, 0x10, 0x40, 0x00, 0x00,
    0x30, 0xab, 0x02, 0x00, 0x2f, 0x01, 0x03, 0x00, 0x03, 0x00, 0x00, 0x00,
    0x00, 0x40, 0x00, 0x00, 0x90, 0xa7, 0x02, 0x00, 0x02, 0x40, 0x00, 0x00,
    0x00, 0x00, 0x00, 0x00, 0x01, 0x01, 0x00, 0x00, 0x02, 0x01, 0x00, 0x00,
    0x10, 0x40, 0x00, 0x00, 0x30, 0x5f, 0x02, 0x00, 0x21, 0x01, 0x00, 0x00,
    0x20, 0x01, 0x00, 0x00, 0x20, 0x40, 0x00, 0x00, 0xe0, 0x13, 0x00, 0x00,
    0x21, 0x40, 0x00, 0x00, 0x00, 0x01, 0x00, 0x00, 0x22, 0x40, 0x00, 0x00,
    0x60, 0x13, 0x00, 0x00, 0x0d, 0x01, 0x0a, 0x00, 0x2f, 0x01, 0x01, 0x00,
    0x02, 0x00, 0x00, 0x00, 0x00, 0x40, 0x00, 0x00, 0x30, 0xab, 0x02, 0x00,
    0x10, 0x40, 0x00, 0x00, 0xd0, 0x62, 0x02, 0x00, 0x2f, 0x01, 0x03, 0x00,
    0x02, 0x00, 0x00, 0x00, 0x00, 0x40, 0x00, 0x00, 0x70, 0x66, 0x02, 0x00,
    0x02, 0x40, 0x00, 0x00, 0xf0, 0x57, 0x02, 0x00, 0x0b, 0x01, 0x01, 0x00,
    0x0c, 0x01, 0x01, 0x00, 0x01, 0x01, 0x02, 0x00, 0x02, 0x01, 0x02, 0x00,
    0x10, 0x40, 0x00, 0x00, 0x70, 0xb2, 0x02, 0x00, 0x21, 0x01, 0x02, 0x00,
    0x20, 0x01, 0x04, 0x00, 0x20, 0x40, 0x00, 0x00, 0x60, 0x15, 0x00, 0x00,
    0x21, 0x40, 0x00, 0x00, 0xe0, 0x00, 0x00, 0x00, 0x22, 0x40, 0x00, 0x00,
    0xe0, 0x14, 0x00, 0x00, 0x2f, 0x01, 0x01, 0x00, 0x03, 0x00, 0x00, 0x00,
    0x00, 0x40, 0x00, 0x00, 0xd0, 0xae, 0x02, 0x00, 0x02, 0x40, 0x00, 0x00,
    0x00, 0x00, 0x00, 0x00, 0x0b, 0x01, 0x00, 0x00, 0x0c, 0x01, 0x00, 0x00,
    0x01, 0x01, 0x00, 0x00, 0x02, 0x01, 0x00, 0x00, 0x10, 0x40, 0x00, 0x00,
    0x10, 0xb6, 0x02, 0x00, 0x21, 0x01, 0x00, 0x00, 0x20, 0x01, 0x00, 0x00,
    0x20, 0x40, 0x00, 0x00, 0xc0, 0x16, 0x00, 0x00, 0x21, 0x40, 0x00, 0x00,
    0xf0, 0x00, 0x00, 0x00, 0x22, 0x40, 0x00, 0x00, 0x40, 0x16, 0x00, 0x00,
    0x02, 0x00, 0x00, 0x00, 0x00, 0x40, 0x00, 0x00, 0x70, 0xb2, 0x02, 0x00,
    0x10, 0x40, 0x00, 0x00, 0xb0, 0xb9, 0x02, 0x00, 0x2f, 0x01, 0x03, 0x00,
    0x02, 0x00, 0x00, 0x00, 0x00, 0x40, 0x00, 0x00, 0x10, 0xb6, 0x02, 0x00,
    0x10, 0x40, 0x00, 0x00, 0x38, 0x11, 0x00, 0x00, 0x13, 0x01, 0x00, 0x00,
    0x15, 0x40, 0x00, 0x00, 0x3a, 0x00, 0x00, 0x00, 0x14, 0x40, 0x00, 0x00,
    0x01, 0x00, 0x00, 0x00, 0x16, 0x40, 0x00, 0x00, 0x01, 0x00, 0x00, 0x00,
    0x18, 0x01, 0x5a, 0x00, 0x14, 0x01, 0x01, 0x00, 0x20, 0x40, 0x00, 0x00,
    0xc0, 0x17, 0x00, 0x00, 0x21, 0x40, 0x00, 0x00, 0x40, 0x00, 0x00, 0x00,
    0x22, 0x40, 0x00, 0x00, 0xb0, 0x17, 0x00, 0x00, 0x23, 0x40, 0x00, 0x00,
    0x10, 0x00, 0x00, 0x00, 0x17, 0x01, 0x07, 0x00, 0x2f, 0x01, 0x01, 0x00,
    0x02, 0x00, 0x00, 0x00, 0x00, 0x40, 0x00, 0x00, 0xb0, 0xb9, 0x02, 0x00,
    0x10, 0x40, 0x00, 0x00, 0x72, 0x11, 0x00, 0x00, 0x2f, 0x01, 0x03, 0x00,
    0x02, 0x00, 0x00, 0x00, 0x00, 0x40, 0x00, 0x00, 0x10, 0x6a, 0x02, 0x00,
    0x02, 0x40, 0x00, 0x00, 0xf0, 0x57, 0x02, 0x00, 0x01, 0x01, 0x02, 0x00,
    0x02, 0x01, 0x02, 0x00, 0x10, 0x40, 0x00, 0x00, 0xd0, 0xae, 0x02, 0x00,
    0x13, 0x01, 0x0b, 0x00, 0x15, 0x40, 0x00, 0x00, 0xa0, 0x03, 0x00, 0x00,
    0x14, 0x40, 0x00, 0x00, 0x10, 0x00, 0x00, 0x00, 0x16, 0x40, 0x00, 0x00,
    0xa0, 0x03, 0x00, 0x00, 0x18, 0x01, 0x80, 0xff, 0x14, 0x01, 0x41, 0x00,
    0x21, 0x01, 0x02, 0x00, 0x20, 0x01, 0x04, 0x00, 0x20, 0x40, 0x00, 0x00,
    0x60, 0x15, 0x00, 0x00, 0x21, 0x40, 0x00, 0x00, 0xe0, 0x00, 0x00, 0x00,
    0x22, 0x40, 0x00, 0x00, 0xe0, 0x14, 0x00, 0x00, 0x23, 0x40, 0x00, 0x00,
    0x80, 0x00, 0x00, 0x00, 0x17, 0x01, 0x0f, 0x00, 0x03, 0x00, 0x00, 0x00,
    0x00, 0x40, 0x00, 0x00, 0xf0, 0x57, 0x02, 0x00, 0x02, 0x40, 0x00, 0x00,
    0x00, 0x00, 0x00, 0x00, 0x0b, 0x01, 0x02, 0x00, 0x0c, 0x01, 0x02, 0x00,
    0x10, 0x40, 0x00, 0x00, 0x70, 0xb2, 0x02, 0x00, 0x03, 0x00, 0x00, 0x00,
    0x00, 0x40, 0x00, 0x00, 0xd0, 0xae, 0x02, 0x00, 0x0b, 0x01, 0x00, 0x00,
    0x0c, 0x01, 0x00, 0x00, 0x01, 0x01, 0x00, 0x00, 0x02, 0x01, 0x00, 0x00,
    0x10, 0x40, 0x00, 0x00, 0x10, 0xb6, 0x02, 0x00, 0x21, 0x01, 0x00, 0x00,
    0x20, 0x01, 0x00, 0x00, 0x20, 0x40, 0x00, 0x00, 0xc0, 0x16, 0x00, 0x00,
    0x21, 0x40, 0x00, 0x00, 0xf0, 0x00, 0x00, 0x00, 0x22, 0x40, 0x00, 0x00,
    0x40, 0x16, 0x00, 0x00, 0x2f, 0x01, 0x01, 0x00, 0x02, 0x00, 0x00, 0x00,
    0x00, 0x40, 0x00, 0x00, 0x70, 0xb2, 0x02, 0x00, 0x10, 0x40, 0x00, 0x00,
    0xb0, 0xb9, 0x02, 0x00, 0x2f, 0x01, 0x03, 0x00, 0x02, 0x00, 0x00, 0x00,
    0x00, 0x40, 0x00, 0x00, 0x10, 0xb6, 0x02, 0x00, 0x10, 0x40, 0x00, 0x00,
    0xac, 0x11, 0x00, 0x00, 0x13, 0x01, 0x00, 0x00, 0x15, 0x40, 0x00, 0x00,
    0x3a, 0x00, 0x00, 0x00, 0x14, 0x40, 0x00, 0x00, 0x01, 0x00, 0x00, 0x00,
    0x16, 0x40, 0x00, 0x00, 0x01, 0x00, 0x00, 0x00, 0x18, 0x01, 0x5a, 0x00,
    0x14, 0x01, 0x01, 0x00, 0x20, 0x40, 0x00, 0x00, 0xc0, 0x17, 0x00, 0x00,
    0x21, 0x40, 0x00, 0x00, 0x40, 0x00, 0x00, 0x00, 0x22, 0x40, 0x00, 0x00,
    0xb0, 0x17, 0x00, 0x00, 0x23, 0x40, 0x00, 0x00, 0x10, 0x00, 0x00, 0x00,
    0x17, 0x01, 0x07, 0x00, 0x2f, 0x01, 0x01, 0x00, 0x02, 0x00, 0x00, 0x00,
    0x00, 0x40, 0x00, 0x00, 0xb0, 0xb9, 0x02, 0x00, 0x10, 0x40, 0x00, 0x00,
    0xe6, 0x11, 0x00, 0x00, 0x2f, 0x01, 0x03, 0x00, 0x02, 0x00, 0x00, 0x00,
    0x00, 0x40, 0x00, 0x00, 0x90, 0x5b, 0x02, 0x00, 0x0b, 0x01, 0x02, 0x00,
    0x0c, 0x01, 0x02, 0x00, 0x01, 0x01, 0x02, 0x00, 0x02, 0x01, 0x02, 0x00,
    0x10, 0x40, 0x00, 0x00, 0xd0, 0xae, 0x02, 0x00, 0x13, 0x01, 0x0b, 0x00,
    0x15, 0x40, 0x00, 0x00, 0xa0, 0x03, 0x00, 0x00, 0x14, 0x40, 0x00, 0x00,
    0x10, 0x00, 0x00, 0x00, 0x16, 0x40, 0x00, 0x00, 0xa0, 0x03, 0x00, 0x00,
    0x18, 0x01, 0x80, 0xff, 0x14, 0x01, 0x41, 0x00, 0x21, 0x01, 0x02, 0x00,
    0x20, 0x01, 0x04, 0x00, 0x20, 0x40, 0x00, 0x00, 0x60, 0x15, 0x00, 0x00,
    0x21, 0x40, 0x00, 0x00, 0xe0, 0x00, 0x00, 0x00, 0x22, 0x40, 0x00, 0x00,
    0xe0, 0x14, 0x00, 0x00, 0x23, 0x40, 0x00, 0x00, 0x80, 0x00, 0x00, 0x00,
    0x17, 0x01, 0x0f, 0x00, 0x03, 0x00, 0x00, 0x00, 0x00, 0x40, 0x00, 0x00,
    0x70, 0xf2, 0x01, 0x00, 0x0b, 0x01, 0x04, 0x00, 0x0c, 0x01, 0x04, 0x00,
    0x01, 0x01, 0x01, 0x00, 0x02, 0x01, 0x01, 0x00, 0x10, 0x40, 0x00, 0x00,
    0x90, 0xa7, 0x02, 0x00, 0x21, 0x01, 0x04, 0x00, 0x20, 0x01, 0x02, 0x00,
    0x20, 0x40, 0x00, 0x00, 0x80, 0x12, 0x00, 0x00, 0x22, 0x40, 0x00, 0x00,
    0x00, 0x12, 0x00, 0x00, 0x0d, 0x01, 0x12, 0x00, 0x03, 0x00, 0x00, 0x00,
    0x00, 0x40, 0x00, 0x00, 0x10, 0xf6, 0x01, 0x00, 0x10, 0x40, 0x00, 0x00,
    0x30, 0xab, 0x02, 0x00, 0x03, 0x00, 0x00, 0x00, 0x00, 0x40, 0x00, 0x00,
    0x90, 0xa7, 0x02, 0x00, 0x0b, 0x01, 0x00, 0x00, 0x0c, 0x01, 0x00, 0x00,
    0x01, 0x01, 0x00, 0x00, 0x02, 0x01, 0x00, 0x00, 0x10, 0x40, 0x00, 0x00,
    0x70, 0x66, 0x02, 0x00, 0x21, 0x01, 0x00, 0x00, 0x20, 0x01, 0x00, 0x00,
    0x20, 0x40, 0x00, 0x00, 0xe0, 0x13, 0x00, 0x00, 0x21, 0x40, 0x00, 0x00,
    0x00, 0x01, 0x00, 0x00, 0x22, 0x40, 0x00, 0x00, 0x60, 0x13, 0x00, 0x00,
    0x0d, 0x01, 0x0a, 0x00, 0x2f, 0x01, 0x01, 0x00, 0x02, 0x00, 0x00, 0x00,
    0x00, 0x40, 0x00, 0x00, 0x30, 0xab, 0x02, 0x00, 0x10, 0x40, 0x00, 0x00,
    0x10, 0x6a, 0x02, 0x00, 0x2f, 0x01, 0x03, 0x00, 0x02, 0x00, 0x00, 0x00,
    0x00, 0x40, 0x00, 0x00, 0xb0, 0xf9, 0x01, 0x00, 0x0b, 0x01, 0x04, 0x00,
    0x0c, 0x01, 0x04, 0x00, 0x01, 0x01, 0x01, 0x00, 0x02, 0x01, 0x01, 0x00,
    0x10, 0x40, 0x00, 0x00, 0x90, 0xa7, 0x02, 0x00, 0x21, 0x01, 0x04, 0x00,
    0x20, 0x01, 0x02, 0x00, 0x20, 0x40, 0x00, 0x00, 0x80, 0x12, 0x00, 0x00,
    0x21, 0x40, 0x00, 0x00, 0xe0, 0x00, 0x00, 0x00, 0x22, 0x40, 0x00, 0x00,
    0x00, 0x12, 0x00, 0x00, 0x0d, 0x01, 0x12, 0x00, 0x03, 0x00, 0x00, 0x00,
    0x00, 0x40, 0x00, 0x00, 0x50, 0xfd, 0x01, 0x00, 0x10, 0x40, 0x00, 0x00,
    0x30, 0xab, 0x02, 0x00, 0x03, 0x00, 0x00, 0x00, 0x00, 0x40, 0x00, 0x00,
    0x90, 0xa7, 0x02, 0x00, 0x0b, 0x01, 0x00, 0x00, 0x0c, 0x01, 0x00, 0x00,
    0x01, 0x01, 0x00, 0x00, 0x02, 0x01, 0x00, 0x00, 0x10, 0x40, 0x00, 0x00,
    0xf0, 0x57, 0x02, 0x00, 0x21, 0x01, 0x00, 0x00, 0x20, 0x01, 0x00, 0x00,
    0x20, 0x40, 0x00, 0x00, 0xe0, 0x13, 0x00, 0x00, 0x21, 0x40, 0x00, 0x00,
    0x00, 0x01, 0x00, 0x00, 0x22, 0x40, 0x00, 0x00, 0x60, 0x13, 0x00, 0x00,
    0x0d, 0x01, 0x0a, 0x00, 0x2f, 0x01, 0x01, 0x00, 0x02, 0x00, 0x00, 0x00,
    0x00, 0x40, 0x00, 0x00, 0x30, 0xab, 0x02, 0x00, 0x10, 0x40, 0x00, 0x00,
    0x90, 0x5b, 0x02, 0x00, 0x2f, 0x01, 0x03, 0x00, 0x02, 0x00, 0x00, 0x00,
    0x00, 0x40, 0x00, 0x00, 0x30, 0x5f, 0x02, 0x00, 0x0b, 0x01, 0x02, 0x00,
    0x0c, 0x01, 0x02, 0x00, 0x01, 0x01, 0x02, 0x00, 0x02, 0x01, 0x02, 0x00,
    0x10, 0x40, 0x00, 0x00, 0x70, 0xb2, 0x02, 0x00, 0x21, 0x01, 0x02, 0x00,
    0x20, 0x01, 0x04, 0x00, 0x20, 0x40, 0x00, 0x00, 0x60, 0x15, 0x00, 0x00,
    0x21, 0x40, 0x00, 0x00, 0xe0, 0x00, 0x00, 0x00, 0x22, 0x40, 0x00, 0x00,
    0xe0, 0x14, 0x00, 0x00, 0x2f, 0x01, 0x01, 0x00, 0x03, 0x00, 0x00, 0x00,
    0x00, 0x40, 0x00, 0x00, 0xd0, 0xae, 0x02, 0x00, 0x0b, 0x01, 0x00, 0x00,
    0x0c, 0x01, 0x00, 0x00, 0x01, 0x01, 0x00, 0x00, 0x02, 0x01, 0x00, 0x00,
    0x10, 0x40, 0x00, 0x00, 0x10, 0xb6, 0x02, 0x00, 0x21, 0x01, 0x00, 0x00,
    0x20, 0x01, 0x00, 0x00, 0x20, 0x40, 0x00, 0x00, 0xc0, 0x16, 0x00, 0x00,
    0x21, 0x40, 0x00, 0x00, 0xf0, 0x00, 0x00, 0x00, 0x22, 0x40, 0x00, 0x00,
    0x40, 0x16, 0x00, 0x00, 0x02, 0x00, 0x00, 0x00, 0x00, 0x40, 0x00, 0x00,
    0x70, 0xb2, 0x02, 0x00, 0x10, 0x40, 0x00, 0x00, 0xb0, 0xb9, 0x02, 0x00,
    0x2f, 0x01, 0x03, 0x00, 0x02, 0x00, 0x00, 0x00, 0x00, 0x40, 0x00, 0x00,
    0x10, 0xb6, 0x02, 0x00, 0x10, 0x40, 0x00, 0x00, 0x20, 0x12, 0x00, 0x00,
    0x13, 0x01, 0x00, 0x00, 0x15, 0x40, 0x00, 0x00, 0x3a, 0x00, 0x00, 0x00,
    0x14, 0x40, 0x00, 0x00, 0x01, 0x00, 0x00, 0x00, 0x16, 0x40, 0x00, 0x00,
    0x01, 0x00, 0x00, 0x00, 0x18, 0x01, 0x5a, 0x00, 0x14, 0x01, 0x01, 0x00,
    0x20, 0x40, 0x00, 0x00, 0xc0, 0x17, 0x00, 0x00, 0x21, 0x40, 0x00, 0x00,
    0x40, 0x00, 0x00, 0x00, 0x22, 0x40, 0x00, 0x00, 0xb0, 0x17, 0x00, 0x00,
    0x23, 0x40, 0x00, 0x00, 0x10, 0x00, 0x00, 0x00, 0x17, 0x01, 0x07, 0x00,
    0x2f, 0x01, 0x01, 0x00, 0x02, 0x00, 0x00, 0x00, 0x00, 0x40, 0x00, 0x00,
    0xb0, 0xb9, 0x02, 0x00, 0x10, 0x40, 0x00, 0x00, 0x5a, 0x12, 0x00, 0x00,
    0x2f, 0x01, 0x03, 0x00, 0x02, 0x00, 0x00, 0x00, 0x00, 0x40, 0x00, 0x00,
    0xd0, 0x62, 0x02, 0x00, 0x0b, 0x01, 0x02, 0x00, 0x0c, 0x01, 0x02, 0x00,
    0x01, 0x01, 0x02, 0x00, 0x02, 0x01, 0x02, 0x00, 0x10, 0x40, 0x00, 0x00,
    0xd0, 0xae, 0x02, 0x00, 0x13, 0x01, 0x0b, 0x00, 0x15, 0x40, 0x00, 0x00,
    0xa0, 0x03, 0x00, 0x00, 0x14, 0x40, 0x00, 0x00, 0x10, 0x00, 0x00, 0x00,
    0x16, 0x40, 0x00, 0x00, 0xa0, 0x03, 0x00, 0x00, 0x18, 0x01, 0x80, 0xff,
    0x14, 0x01, 0x41, 0x00, 0x21, 0x01, 0x02, 0x00, 0x20, 0x01, 0x04, 0x00,
    0x20, 0x40, 0x00, 0x00, 0x60, 0x15, 0x00, 0x00, 0x21, 0x40, 0x00, 0x00,
    0xe0, 0x00, 0x00, 0x00, 0x22, 0x40, 0x00, 0x00, 0xe0, 0x14, 0x00, 0x00,
    0x23, 0x40, 0x00, 0x00, 0x80, 0x00, 0x00, 0x00, 0x17, 0x01, 0x0f, 0x00,
    0x03, 0x00, 0x00, 0x00, 0x00, 0x40, 0x00, 0x00, 0x70, 0x66, 0x02, 0x00,
    0x02, 0x40, 0x00, 0x00, 0xf0, 0x57, 0x02, 0x00, 0x0b, 0x01, 0x01, 0x00,
    0x0c, 0x01, 0x01, 0x00, 0x10, 0x40, 0x00, 0x00, 0x70, 0xb2, 0x02, 0x00,
    0x03, 0x00, 0x00, 0x00, 0x00, 0x40, 0x00, 0x00, 0xd0, 0xae, 0x02, 0x00,
    0x02, 0x40, 0x00, 0x00, 0x00, 0x00, 0x00, 0x00, 0x0b, 0x01, 0x00, 0x00,
    0x0c, 0x01, 0x00, 0x00, 0x01, 0x01, 0x00, 0x00, 0x02, 0x01, 0x00, 0x00,
    0x10, 0x40, 0x00, 0x00, 0x10, 0xb6, 0x02, 0x00, 0x21, 0x01, 0x00, 0x00,
    0x20, 0x01, 0x00, 0x00, 0x20, 0x40, 0x00, 0x00, 0xc0, 0x16, 0x00, 0x00,
    0x21, 0x40, 0x00, 0x00, 0xf0, 0x00, 0x00, 0x00, 0x22, 0x40, 0x00, 0x00,
    0x40, 0x16, 0x00, 0x00, 0x2f, 0x01, 0x01, 0x00, 0x02, 0x00, 0x00, 0x00,
    0x00, 0x40, 0x00, 0x00, 0x70, 0xb2, 0x02, 0x00, 0x10, 0x40, 0x00, 0x00,
    0xb0, 0xb9, 0x02, 0x00, 0x2f, 0x01, 0x03, 0x00, 0x02, 0x00, 0x00, 0x00,
    0x00, 0x40, 0x00, 0x00, 0x10, 0xb6, 0x02, 0x00, 0x10, 0x40, 0x00, 0x00,
    0x94, 0x12, 0x00, 0x00, 0x13, 0x01, 0x00, 0x00, 0x15, 0x40, 0x00, 0x00,
    0x3a, 0x00, 0x00, 0x00, 0x14, 0x40, 0x00, 0x00, 0x01, 0x00, 0x00, 0x00,
    0x16, 0x40, 0x00, 0x00, 0x01, 0x00, 0x00, 0x00, 0x18, 0x01, 0x5a, 0x00,
    0x14, 0x01, 0x01, 0x00, 0x20, 0x40, 0x00, 0x00, 0xc0, 0x17, 0x00, 0x00,
    0x21, 0x40, 0x00, 0x00, 0x40, 0x00, 0x00, 0x00, 0x22, 0x40, 0x00, 0x00,
    0xb0, 0x17, 0x00, 0x00, 0x23, 0x40, 0x00, 0x00, 0x10, 0x00, 0x00, 0x00,
    0x17, 0x01, 0x07, 0x00, 0x2f, 0x01, 0x01, 0x00, 0x02, 0x00, 0x00, 0x00,
    0x00, 0x40, 0x00, 0x00, 0xb0, 0xb9, 0x02, 0x00, 0x10, 0x40, 0x00, 0x00,
    0xce, 0x12, 0x00, 0x00, 0x2f, 0x01, 0x03, 0x00, 0x02, 0x00, 0x00, 0x00,
    0x00, 0x40, 0x00, 0x00, 0x10, 0x6a, 0x02, 0x00, 0x02, 0x40, 0x00, 0x00,
    0xf0, 0x57, 0x02, 0x00, 0x01, 0x01, 0x02, 0x00, 0x02, 0x01, 0x02, 0x00,
    0x10, 0x40, 0x00, 0x00, 0xd0, 0xae, 0x02, 0x00, 0x13, 0x01, 0x0b, 0x00,
    0x15, 0x40, 0x00, 0x00, 0xa0, 0x03, 0x00, 0x00, 0x14, 0x40, 0x00, 0x00,
    0x10, 0x00, 0x00, 0x00, 0x16, 0x40, 0x00, 0x00, 0xa0, 0x03, 0x00, 0x00,
    0x18, 0x01, 0x80, 0xff, 0x14, 0x01, 0x41, 0x00, 0x21, 0x01, 0x02, 0x00,
    0x20, 0x01, 0x04, 0x00, 0x20, 0x40, 0x00, 0x00, 0x60, 0x15, 0x00, 0x00,
    0x21, 0x40, 0x00, 0x00, 0xe0, 0x00, 0x00, 0x00, 0x22, 0x40, 0x00, 0x00,
    0xe0, 0x14, 0x00, 0x00, 0x23, 0x40, 0x00, 0x00, 0x80, 0x00, 0x00, 0x00,
    0x17, 0x01, 0x0f, 0x00, 0x03, 0x00, 0x00, 0x00, 0x00, 0x40, 0x00, 0x00,
    0x10, 0x4d, 0x02, 0x00, 0x02, 0x40, 0x00, 0x00, 0x00, 0x00, 0x00, 0x00,
    0x0b, 0x01, 0x02, 0x00, 0x0c, 0x01, 0x02, 0x00, 0x01, 0x01, 0x01, 0x00,
    0x02, 0x01, 0x01, 0x00, 0x10, 0x40, 0x00, 0x00, 0x50, 0xa0, 0x02, 0x00,
    0x20, 0x01, 0x02, 0x00, 0x20, 0x40, 0x00, 0x00, 0xd0, 0x0f, 0x00, 0x00,
    0x21, 0x40, 0x00, 0x00, 0xb0, 0x00, 0x00, 0x00, 0x22, 0x40, 0x00, 0x00,
    0x50, 0x0f, 0x00, 0x00, 0x03, 0x00, 0x00, 0x00, 0x00, 0x40, 0x00, 0x00,
    0x30, 0xeb, 0x01, 0x00, 0x02, 0x40, 0x00, 0x00, 0x30, 0xce, 0x01, 0x00,
    0x0b, 0x01, 0x01, 0x00, 0x0c, 0x01, 0x01, 0x00, 0x10, 0x40, 0x00, 0x00,
    0x10, 0x99, 0x02, 0x00, 0x21, 0x01, 0x04, 0x00, 0x20, 0x40, 0x00, 0x00,
    0xf0, 0x0c, 0x00, 0x00, 0x21, 0x40, 0x00, 0x00, 0xe0, 0x00, 0x00, 0x00,
    0x22, 0x40, 0x00, 0x00, 0x70, 0x0c, 0x00, 0x00, 0x0d, 0x01, 0x12, 0x00,
    0x03, 0x00, 0x00, 0x00, 0x00, 0x40, 0x00, 0x00, 0xd0, 0xee, 0x01, 0x00,
    0x0b, 0x01, 0x00, 0x00, 0x0c, 0x01, 0x00, 0x00, 0x10, 0x40, 0x00, 0x00,
    0xb0, 0x9c, 0x02, 0x00, 0x03, 0x00, 0x00, 0x00, 0x00, 0x40, 0x00, 0x00,
    0x10, 0x99, 0x02, 0x00, 0x02, 0x40, 0x00, 0x00, 0x00, 0x00, 0x00, 0x00,
    0x01, 0x01, 0x00, 0x00, 0x02, 0x01, 0x00, 0x00, 0x10, 0x40, 0x00, 0x00,
    0x30, 0x42, 0x02, 0x00, 0x21, 0x01, 0x00, 0x00, 0x20, 0x01, 0x00, 0x00,
    0x20, 0x40, 0x00, 0x00, 0x50, 0x0e, 0x00, 0x00, 0x21, 0x40, 0x00, 0x00,
    0x00, 0x01, 0x00, 0x00, 0x22, 0x40, 0x00, 0x00, 0xd0, 0x0d, 0x00, 0x00,
    0x0d, 0x01, 0x0a, 0x00, 0x2f, 0x01, 0x01, 0x00, 0x02, 0x00, 0x00, 0x00,
    0x00, 0x40, 0x00, 0x00, 0xb0, 0x9c, 0x02, 0x00, 0x10, 0x40, 0x00, 0x00,
    0xd0, 0x45, 0x02, 0x00, 0x2f, 0x01, 0x03, 0x00, 0x02, 0x00, 0x00, 0x00,
    0x00, 0x40, 0x00, 0x00, 0x50, 0x37, 0x02, 0x00, 0x0b, 0x01, 0x02, 0x00,
    0x0c, 0x01, 0x02, 0x00, 0x01, 0x01, 0x02, 0x00, 0x02, 0x01, 0x02, 0x00,
    0x10, 0x40, 0x00, 0x00, 0xd0, 0x91, 0x02, 0x00, 0x21, 0x01, 0x02, 0x00,
    0x20, 0x01, 0x04, 0x00, 0x20, 0x40, 0x00, 0x00, 0x20, 0x0a, 0x00, 0x00,
    0x21, 0x40, 0x00, 0x00, 0xe0, 0x00, 0x00, 0x00, 0x22, 0x40, 0x00, 0x00,
    0xa0, 0x09, 0x00, 0x00, 0x03, 0x00, 0x00, 0x00, 0x00, 0x40, 0x00, 0x00,
    0xf0, 0x3a, 0x02, 0x00, 0x02, 0x40, 0x00, 0x00, 0x70, 0x2c, 0x02, 0x00,
    0x0b, 0x01, 0x01, 0x00, 0x0c, 0x01, 0x01, 0x00, 0x10, 0x40, 0x00, 0x00,
    0x70, 0x95, 0x02, 0x00, 0x03, 0x00, 0x00, 0x00, 0x00, 0x40, 0x00, 0x00,
    0xd0, 0x91, 0x02, 0x00, 0x02, 0x40, 0x00, 0x00, 0x00, 0x00, 0x00, 0x00,
    0x0b, 0x01, 0x00, 0x00, 0x0c, 0x01, 0x00, 0x00, 0x01, 0x01, 0x00, 0x00,
    0x02, 0x01, 0x00, 0x00, 0x10, 0x40, 0x00, 0x00, 0xb0, 0xdc, 0x01, 0x00,
    0x21, 0x01, 0x00, 0x00, 0x20, 0x01, 0x00, 0x00, 0x20, 0x40, 0x00, 0x00,
    0x80, 0x0b, 0x00, 0x00, 0x21, 0x40, 0x00, 0x00, 0xf0, 0x00, 0x00, 0x00,
    0x22, 0x40, 0x00, 0x00, 0x00, 0x0b, 0x00, 0x00, 0x2f, 0x01, 0x01, 0x00,
    0x02, 0x00, 0x00, 0x00, 0x00, 0x40, 0x00, 0x00, 0x70, 0x95, 0x02, 0x00,
    0x10, 0x40, 0x00, 0x00, 0x50, 0xe0, 0x01, 0x00, 0x2f, 0x01, 0x03, 0x00,
    0x02, 0x00, 0x00, 0x00, 0x00, 0x40, 0x00, 0x00, 0x90, 0x3e, 0x02, 0x00,
    0x02, 0x40, 0x00, 0x00, 0x70, 0x2c, 0x02, 0x00, 0x01, 0x01, 0x02, 0x00,
    0x02, 0x01, 0x02, 0x00, 0x10, 0x40, 0x00, 0x00, 0xd0, 0x91, 0x02, 0x00,
    0x21, 0x01, 0x02, 0x00, 0x20, 0x01, 0x04, 0x00, 0x20, 0x40, 0x00, 0x00,
    0x20, 0x0a, 0x00, 0x00, 0x21, 0x40, 0x00, 0x00, 0xe0, 0x00, 0x00, 0x00,
    0x22, 0x40, 0x00, 0x00, 0xa0, 0x09, 0x00, 0x00, 0x03, 0x00, 0x00, 0x00,
    0x00, 0x40, 0x00, 0x00, 0x90, 0x21, 0x02, 0x00, 0x02, 0x40, 0x00, 0x00,
    0x00, 0x00, 0x00, 0x00, 0x0b, 0x01, 0x02, 0x00, 0x0c, 0x01, 0x02, 0x00,
    0x01, 0x01, 0x01, 0x00, 0x02, 0x01, 0x01, 0x00, 0x10, 0x40, 0x00, 0x00,
    0x50, 0x83, 0x02, 0x00, 0x20, 0x01, 0x02, 0x00, 0x20, 0x40, 0x00, 0x00,
    0xa0, 0x04, 0x00, 0x00, 0x21, 0x40, 0x00, 0x00, 0xa0, 0x00, 0x00, 0x00,
    0x22, 0x40, 0x00, 0x00, 0x20, 0x04, 0x00, 0x00, 0x03, 0x00, 0x00, 0x00,
    0x00, 0x40, 0x00, 0x00, 0x30, 0x25, 0x02, 0x00, 0x0b, 0x01, 0x01, 0x00,
    0x0c, 0x01, 0x01, 0x00, 0x03, 0x01, 0x01, 0x00, 0x10, 0x40, 0x00, 0x00,
    0xf0, 0x86, 0x02, 0x00, 0x03, 0x00, 0x00, 0x00, 0x00, 0x40, 0x00, 0x00,
    0x50, 0x83, 0x02, 0x00, 0x0b, 0x01, 0x00, 0x00, 0x0c, 0x01, 0x00, 0x00,
    0x01, 0x01, 0x00, 0x00, 0x03, 0x01, 0x00, 0x00, 0x02, 0x01, 0x00, 0x00,
    0x10, 0x40, 0x00, 0x00, 0xf0, 0xa9, 0x01, 0x00, 0x21, 0x01, 0x00, 0x00,
    0x20, 0x01, 0x00, 0x00, 0x20, 0x40, 0x00, 0x00, 0xc0, 0x05, 0x00, 0x00,
    0x21, 0x40, 0x00, 0x00, 0x00, 0x01, 0x00, 0x00, 0x22, 0x40, 0x00, 0x00,
    0x40, 0x05, 0x00, 0x00, 0x2f, 0x01, 0x01, 0x00, 0x02, 0x00, 0x00, 0x00,
    0x00, 0x40, 0x00, 0x00, 0xf0, 0x86, 0x02, 0x00, 0x10, 0x40, 0x00, 0x00,
    0x90, 0xad, 0x01, 0x00, 0x2f, 0x01, 0x03, 0x00, 0x02, 0x00, 0x00, 0x00,
    0x00, 0x40, 0x00, 0x00, 0xb0, 0xbf, 0x01, 0x00, 0x02, 0x40, 0x00, 0x00,
    0xf0, 0xa9, 0x01, 0x00, 0x0b, 0x01, 0x03, 0x00, 0x0c, 0x01, 0x03, 0x00,
    0x01, 0x01, 0x01, 0x00, 0x02, 0x01, 0x01, 0x00, 0x10, 0x40, 0x00, 0x00,
    0x90, 0x8a, 0x02, 0x00, 0x21, 0x01, 0x04, 0x00, 0x20, 0x01, 0x02, 0x00,
    0x20, 0x40, 0x00, 0x00, 0x40, 0x07, 0x00, 0x00, 0x21, 0x40, 0x00, 0x00,
    0xe0, 0x00, 0x00, 0x00, 0x22, 0x40, 0x00, 0x00, 0xc0, 0x06, 0x00, 0x00,
    0x0d, 0x01, 0x12, 0x00, 0x2f, 0x01, 0x01, 0x00, 0x03, 0x00, 0x00, 0x00,
    0x00, 0x40, 0x00, 0x00, 0x50, 0xc3, 0x01, 0x00, 0x0b, 0x01, 0x02, 0x00,
    0x0c, 0x01, 0x02, 0x00, 0x10, 0x40, 0x00, 0x00, 0x30, 0x8e, 0x02, 0x00,
    0x2f, 0x01, 0x03, 0x00, 0x03, 0x00, 0x00, 0x00, 0x00, 0x40, 0x00, 0x00,
    0x90, 0x8a, 0x02, 0x00, 0x02, 0x40, 0x00, 0x00, 0x00, 0x00, 0x00, 0x00,
    0x0b, 0x01, 0x00, 0x00, 0x0c, 0x01, 0x00, 0x00, 0x01, 0x01, 0x00, 0x00,
    0x02, 0x01, 0x00, 0x00, 0x10, 0x40, 0x00, 0x00, 0xb0, 0x33, 0x02, 0x00,
    0x21, 0x01, 0x00, 0x00, 0x20, 0x01, 0x00, 0x00, 0x20, 0x40, 0x00, 0x00,
    0xa0, 0x08, 0x00, 0x00, 0x21, 0x40, 0x00, 0x00, 0x00, 0x01, 0x00, 0x00,
    0x22, 0x40, 0x00, 0x00, 0x20, 0x08, 0x00, 0x00, 0x0d, 0x01, 0x0a, 0x00,
    0x2f, 0x01, 0x01, 0x00, 0x02, 0x00, 0x00, 0x00, 0x00, 0x40, 0x00, 0x00,
    0x30, 0x8e, 0x02, 0x00, 0x10, 0x40, 0x00, 0x00, 0x50, 0x37, 0x02, 0x00,
    0x2f, 0x01, 0x03, 0x00, 0x02, 0x00, 0x00, 0x00, 0x00, 0x40, 0x00, 0x00,
    0xf0, 0xc6, 0x01, 0x00, 0x02, 0x40, 0x00, 0x00, 0xf0, 0xa9, 0x01, 0x00,
    0x0b, 0x01, 0x01, 0x00, 0x0c, 0x01, 0x01, 0x00, 0x01, 0x01, 0x01, 0x00,
    0x03, 0x01, 0x01, 0x00, 0x02, 0x01, 0x01, 0x00, 0x10, 0x40, 0x00, 0x00,
    0x90, 0x8a, 0x02, 0x00, 0x21, 0x01, 0x04, 0x00, 0x20, 0x01, 0x02, 0x00,
    0x20, 0x40, 0x00, 0x00, 0x40, 0x07, 0x00, 0x00, 0x21, 0x40, 0x00, 0x00,
    0xe0, 0x00, 0x00, 0x00, 0x22, 0x40, 0x00, 0x00, 0xc0, 0x06, 0x00, 0x00,
    0x0d, 0x01, 0x12, 0x00, 0x03, 0x00, 0x00, 0x00, 0x00, 0x40, 0x00, 0x00,
    0x90, 0xca, 0x01, 0x00, 0x0b, 0x01, 0x00, 0x00, 0x0c, 0x01, 0x00, 0x00,
    0x03, 0x01, 0x02, 0x00, 0x10, 0x40, 0x00, 0x00, 0x30, 0x8e, 0x02, 0x00,
    0x03, 0x00, 0x00, 0x00, 0x00, 0x40, 0x00, 0x00, 0x90, 0x8a, 0x02, 0x00,
    0x02, 0x40, 0x00, 0x00, 0x00, 0x00, 0x00, 0x00, 0x01, 0x01, 0x00, 0x00,
    0x03, 0x01, 0x00, 0x00, 0x02, 0x01, 0x00, 0x00, 0x10, 0x40, 0x00, 0x00,
    0xf0, 0x3a, 0x02, 0x00, 0x21, 0x01, 0x00, 0x00, 0x20, 0x01, 0x00, 0x00,
    0x20, 0x40, 0x00, 0x00, 0xa0, 0x08, 0x00, 0x00, 0x21, 0x40, 0x00, 0x00,
    0x00, 0x01, 0x00, 0x00, 0x22, 0x40, 0x00, 0x00, 0x20, 0x08, 0x00, 0x00,
    0x0d, 0x01, 0x0a, 0x00, 0x2f, 0x01, 0x01, 0x00, 0x02, 0x00, 0x00, 0x00,
    0x00, 0x40, 0x00, 0x00, 0x30, 0x8e, 0x02, 0x00, 0x10, 0x40, 0x00, 0x00,
    0x90, 0x3e, 0x02, 0x00, 0x2f, 0x01, 0x03, 0x00, 0x02, 0x00, 0x00, 0x00,
    0x00, 0x40, 0x00, 0x00, 0x70, 0x2c, 0x02, 0x00, 0x0b, 0x01, 0x02, 0x00,
    0x0c, 0x01, 0x02, 0x00, 0x01, 0x01, 0x02, 0x00, 0x02, 0x01, 0x02, 0x00,
    0x10, 0x40, 0x00, 0x00, 0x70, 0x95, 0x02, 0x00, 0x21, 0x01, 0x02, 0x00,
    0x20, 0x01, 0x04, 0x00, 0x20, 0x40, 0x00, 0x00, 0x20, 0x0a, 0x00, 0x00,
    0x21, 0x40, 0x00, 0x00, 0xe0, 0x00, 0x00, 0x00, 0x22, 0x40, 0x00, 0x00,
    0xa0, 0x09, 0x00, 0x00, 0x2f, 0x01, 0x01, 0x00, 0x03, 0x00, 0x00, 0x00,
    0x00, 0x40, 0x00, 0x00, 0xd0, 0x91, 0x02, 0x00, 0x0b, 0x01, 0x00, 0x00,
    0x0c, 0x01, 0x00, 0x00, 0x01, 0x01, 0x00, 0x00, 0x02, 0x01, 0x00, 0x00,
    0x10, 0x40, 0x00, 0x00, 0xf0, 0xe3, 0x01, 0x00, 0x21, 0x01, 0x00, 0x00,
    0x20, 0x01, 0x00, 0x00, 0x20, 0x40, 0x00, 0x00, 0x80, 0x0b, 0x00, 0x00,
    0x21, 0x40, 0x00, 0x00, 0xf0, 0x00, 0x00, 0x00, 0x22, 0x40, 0x00, 0x00,
    0x00, 0x0b, 0x00, 0x00, 0x02, 0x00, 0x00, 0x00, 0x00, 0x40, 0x00, 0x00,
    0x70, 0x95, 0x02, 0x00, 0x10, 0x40, 0x00, 0x00, 0x90, 0xe7, 0x01, 0x00,
    0x2f, 0x01, 0x03, 0x00, 0x02, 0x00, 0x00, 0x00, 0x00, 0x40, 0x00, 0x00,
    0x10, 0x30, 0x02, 0x00, 0x0b, 0x01, 0x02, 0x00, 0x0c, 0x01, 0x02, 0x00,
    0x01, 0x01, 0x02, 0x00, 0x02, 0x01, 0x02, 0x00, 0x10, 0x40, 0x00, 0x00,
    0xd0, 0x91, 0x02, 0x00, 0x21, 0x01, 0x02, 0x00, 0x20, 0x01, 0x04, 0x00,
    0x20, 0x40, 0x00, 0x00, 0x20, 0x0a, 0x00, 0x00, 0x21, 0x40, 0x00, 0x00,
    0xe0, 0x00, 0x00, 0x00, 0x22, 0x40, 0x00, 0x00, 0xa0, 0x09, 0x00, 0x00,
    0x03, 0x00, 0x00, 0x00, 0x00, 0x40, 0x00, 0x00, 0xb0, 0x33, 0x02, 0x00,
    0x10, 0x40, 0x00, 0x00, 0x70, 0x95, 0x02, 0x00, 0x03, 0x00, 0x00, 0x00,
    0x00, 0x40, 0x00, 0x00, 0xd0, 0x91, 0x02, 0x00, 0x0b, 0x01, 0x00, 0x00,
    0x0c, 0x01, 0x00, 0x00, 0x01, 0x01, 0x00, 0x00, 0x02, 0x01, 0x00, 0x00,
    0x10, 0x40, 0x00, 0x00, 0x30, 0xeb, 0x01, 0x00, 0x21, 0x01, 0x00, 0x00,
    0x20, 0x01, 0x00, 0x00, 0x20, 0x40, 0x00, 0x00, 0x80, 0x0b, 0x00, 0x00,
    0x21, 0x40, 0x00, 0x00, 0xf0, 0x00, 0x00, 0x00, 0x22, 0x40, 0x00, 0x00,
    0x00, 0x0b, 0x00, 0x00, 0x2f, 0x01, 0x01, 0x00, 0x02, 0x00, 0x00, 0x00,
    0x00, 0x40, 0x00, 0x00, 0x70, 0x95, 0x02, 0x00, 0x10, 0x40, 0x00, 0x00,
    0xd0, 0xee, 0x01, 0x00, 0x2f, 0x01, 0x03, 0x00, 0x02, 0x00, 0x00, 0x00,
    0x00, 0x40, 0x00, 0x00, 0x30, 0xce, 0x01, 0x00, 0x0b, 0x01, 0x04, 0x00,
    0x0c, 0x01, 0x04, 0x00, 0x01, 0x01, 0x01, 0x00, 0x02, 0x01, 0x01, 0x00,
    0x10, 0x40, 0x00, 0x00, 0x10, 0x99, 0x02, 0x00, 0x21, 0x01, 0x04, 0x00,
    0x20, 0x01, 0x02, 0x00, 0x20, 0x40, 0x00, 0x00, 0xf0, 0x0c, 0x00, 0x00,
    0x21, 0x40, 0x00, 0x00, 0xe0, 0x00, 0x00, 0x00, 0x22, 0x40, 0x00, 0x00,
    0x70, 0x0c, 0x00, 0x00, 0x0d, 0x01, 0x12, 0x00, 0x2f, 0x01, 0x01, 0x00,
    0x03, 0x00, 0x00, 0x00, 0x00, 0x40, 0x00, 0x00, 0xd0, 0xd1, 0x01, 0x00,
    0x10, 0x40, 0x00, 0x00, 0xb0, 0x9c, 0x02, 0x00, 0x2f, 0x01, 0x03, 0x00,
    0x03, 0x00, 0x00, 0x00, 0x00, 0x40, 0x00, 0x00, 0x10, 0x99, 0x02, 0x00,
    0x0b, 0x01, 0x00, 0x00, 0x0c, 0x01, 0x00, 0x00, 0x01, 0x01, 0x00, 0x00,
    0x02, 0x01, 0x00, 0x00, 0x10, 0x40, 0x00, 0x00, 0x70, 0x49, 0x02, 0x00,
    0x21, 0x01, 0x00, 0x00, 0x20, 0x01, 0x00, 0x00, 0x20, 0x40, 0x00, 0x00,
    0x50, 0x0e, 0x00, 0x00, 0x21, 0x40, 0x00, 0x00, 0x00, 0x01, 0x00, 0x00,
    0x22, 0x40, 0x00, 0x00, 0xd0, 0x0d, 0x00, 0x00, 0x0d, 0x01, 0x0a, 0x00,
    0x2f, 0x01, 0x01, 0x00, 0x02, 0x00, 0x00, 0x00, 0x00, 0x40, 0x00, 0x00,
    0xb0, 0x9c, 0x02, 0x00, 0x10, 0x40, 0x00, 0x00, 0x10, 0x4d, 0x02, 0x00,
    0x2f, 0x01, 0x03, 0x00, 0x02, 0x00, 0x00, 0x00, 0x00, 0x40, 0x00, 0x00,
    0xb0, 0x50, 0x02, 0x00, 0x02, 0x40, 0x00, 0x00, 0x30, 0x42, 0x02, 0x00,
    0x0b, 0x01, 0x01, 0x00, 0x0c, 0x01, 0x01, 0x00, 0x01, 0x01, 0x01, 0x00,
    0x02, 0x01, 0x01, 0x00, 0x10, 0x40, 0x00, 0x00, 0xf0, 0xa3, 0x02, 0x00,
    0x21, 0x01, 0x02, 0x00, 0x20, 0x01, 0x02, 0x00, 0x20, 0x40, 0x00, 0x00,
    0xd0, 0x0f, 0x00, 0x00, 0x21, 0x40, 0x00, 0x00, 0xb0, 0x00, 0x00, 0x00,
    0x22, 0x40, 0x00, 0x00, 0x50, 0x0f, 0x00, 0x00, 0x2f, 0x01, 0x01, 0x00,
    0x03, 0x00, 0x00, 0x00, 0x00, 0x40, 0x00, 0x00, 0x50, 0xa0, 0x02, 0x00,
    0x02, 0x40, 0x00, 0x00, 0x00, 0x00, 0x00, 0x00, 0x0b, 0x01, 0x00, 0x00,
    0x0c, 0x01, 0x00, 0x00, 0x01, 0x01, 0x00, 0x00, 0x02, 0x01, 0x00, 0x00,
    0x10, 0x40, 0x00, 0x00, 0x70, 0x0f, 0x02, 0x00, 0x21, 0x01, 0x00, 0x00,
    0x20, 0x01, 0x00, 0x00, 0x20, 0x40, 0x00, 0x00, 0x00, 0x11, 0x00, 0x00,
    0x21, 0x40, 0x00, 0x00, 0x00, 0x01, 0x00, 0x00, 0x22, 0x40, 0x00, 0x00,
    0x80, 0x10, 0x00, 0x00, 0x02, 0x00, 0x00, 0x00, 0x00, 0x40, 0x00, 0x00,
    0xf0, 0xa3, 0x02, 0x00, 0x10, 0x40, 0x00, 0x00, 0x10, 0x13, 0x02, 0x00,
    0x2f, 0x01, 0x03, 0x00, 0x02, 0x00, 0x00, 0x00, 0x00, 0x40, 0x00, 0x00,
    0x50, 0x54, 0x02, 0x00, 0x02, 0x40, 0x00, 0x00, 0x30, 0x42, 0x02, 0x00,
    0x01, 0x01, 0x01, 0x00, 0x02, 0x01, 0x01, 0x00, 0x10, 0x40, 0x00, 0x00,
    0x50, 0xa0, 0x02, 0x00, 0x21, 0x01, 0x02, 0x00, 0x20, 0x01, 0x02, 0x00,
    0x20, 0x40, 0x00, 0x00, 0xd0, 0x0f, 0x00, 0x00, 0x21, 0x40, 0x00, 0x00,
    0xb0, 0x00, 0x00, 0x00, 0x22, 0x40, 0x00, 0x00, 0x50, 0x0f, 0x00, 0x00,
    0x03, 0x00, 0x00, 0x00, 0x00, 0x40, 0x00, 0x00, 0x30, 0x42, 0x02, 0x00,
    0x02, 0x40, 0x00, 0x00, 0x00, 0x00, 0x00, 0x00, 0x0b, 0x01, 0x02, 0x00,
    0x0c, 0x01, 0x02, 0x00, 0x10, 0x40, 0x00, 0x00, 0xf0, 0xa3, 0x02, 0x00,
    0x03, 0x00, 0x00, 0x00, 0x00, 0x40, 0x00, 0x00, 0x50, 0xa0, 0x02, 0x00,
    0x0b, 0x01, 0x00, 0x00, 0x0c, 0x01, 0x00, 0x00, 0x01, 0x01, 0x00, 0x00,
    0x02, 0x01, 0x00, 0x00, 0x10, 0x40, 0x00, 0x00, 0x70, 0xf2, 0x01, 0x00,
    0x21, 0x01, 0x00, 0x00, 0x20, 0x01, 0x00, 0x00, 0x20, 0x40, 0x00, 0x00,
    0x00, 0x11, 0x00, 0x00, 0x21, 0x40, 0x00, 0x00, 0x00, 0x01, 0x00, 0x00,
    0x22, 0x40, 0x00, 0x00, 0x80, 0x10, 0x00, 0x00, 0x2f, 0x01, 0x01, 0x00,
    0x02, 0x00, 0x00, 0x00, 0x00, 0x40, 0x00, 0x00, 0xf0, 0xa3, 0x02, 0x00,
    0x10, 0x40, 0x00, 0x00, 0x10, 0xf6, 0x01, 0x00, 0x2f, 0x01, 0x03, 0x00,
    0x02, 0x00, 0x00, 0x00, 0x00, 0x40, 0x00, 0x00, 0xd0, 0x45, 0x02, 0x00,
    0x0b, 0x01, 0x02, 0x00, 0x0c, 0x01, 0x02, 0x00, 0x01, 0x01, 0x01, 0x00,
    0x02, 0x01, 0x01, 0x00, 0x10, 0x40, 0x00, 0x00, 0x50, 0xa0, 0x02, 0x00,
    0x21, 0x01, 0x02, 0x00, 0x20, 0x01, 0x02, 0x00, 0x20, 0x40, 0x00, 0x00,
    0xd0, 0x0f, 0x00, 0x00, 0x21, 0x40, 0x00, 0x00, 0xb0, 0x00, 0x00, 0x00,
    0x22, 0x40, 0x00, 0x00, 0x50, 0x0f, 0x00, 0x00, 0x03, 0x00, 0x00, 0x00,
    0x00, 0x40, 0x00, 0x00, 0x70, 0xd5, 0x01, 0x00, 0x0b, 0x01, 0x04, 0x00,
    0x0c, 0x01, 0x04, 0x00, 0x10, 0x40, 0x00, 0x00, 0x10, 0x99, 0x02, 0x00,
    0x21, 0x01, 0x04, 0x00, 0x20, 0x40, 0x00, 0x00, 0xf0, 0x0c, 0x00, 0x00,
    0x21, 0x40, 0x00, 0x00, 0xe0, 0x00, 0x00, 0x00, 0x22, 0x40, 0x00, 0x00,
    0x70, 0x0c, 0x00, 0x00, 0x0d, 0x01, 0x12, 0x00, 0x03, 0x00, 0x00, 0x00,
    0x00, 0x40, 0x00, 0x00, 0x10, 0xd9, 0x01, 0x00, 0x10, 0x40, 0x00, 0x00,
    0xb0, 0x9c, 0x02, 0x00, 0x03, 0x00, 0x00, 0x00, 0x00, 0x40, 0x00, 0x00,
    0x10, 0x99, 0x02, 0x00, 0x0b, 0x01, 0x00, 0x00, 0x0c, 0x01, 0x00, 0x00,
    0x01, 0x01, 0x00, 0x00, 0x02, 0x01, 0x00, 0x00, 0x10, 0x40, 0x00, 0x00,
    0xb0, 0x50, 0x02, 0x00, 0x21, 0x01, 0x00, 0x00, 0x20, 0x01, 0x00, 0x00,
    0x20, 0x40, 0x00, 0x00, 0x50, 0x0e, 0x00, 0x00, 0x21, 0x40, 0x00, 0x00,
    0x00, 0x01, 0x00, 0x00, 0x22, 0x40, 0x00, 0x00, 0xd0, 0x0d, 0x00, 0x00,
    0x0d, 0x01, 0x0a, 0x00, 0x2f, 0x01, 0x01, 0x00, 0x02, 0x00, 0x00, 0x00,
    0x00, 0x40, 0x00, 0x00, 0xb0, 0x9c, 0x02, 0x00, 0x10, 0x40, 0x00, 0x00,
    0x50, 0x54, 0x02, 0x00, 0x2f, 0x01, 0x03, 0x00, 0x02, 0x00, 0x00, 0x00,
    0x00, 0x40, 0x00, 0x00, 0xb0, 0xdc, 0x01, 0x00, 0x0b, 0x01, 0x04, 0x00,
    0x0c, 0x01, 0x04, 0x00, 0x01, 0x01, 0x01, 0x00, 0x02, 0x01, 0x01, 0x00,
    0x10, 0x40, 0x00, 0x00, 0x10, 0x99, 0x02, 0x00, 0x21, 0x01, 0x04, 0x00,
    0x20, 0x01, 0x02, 0x00, 0x20, 0x40, 0x00, 0x00, 0xf0, 0x0c, 0x00, 0x00,
    0x21, 0x40, 0x00, 0x00, 0xe0, 0x00, 0x00, 0x00, 0x22, 0x40, 0x00, 0x00,
    0x70, 0x0c, 0x00, 0x00, 0x0d, 0x01, 0x12, 0x00, 0x03, 0x00, 0x00, 0x00,
    0x00, 0x40, 0x00, 0x00, 0x50, 0xe0, 0x01, 0x00, 0x10, 0x40, 0x00, 0x00,
    0xb0, 0x9c, 0x02, 0x00, 0x03, 0x00, 0x00, 0x00, 0x00, 0x40, 0x00, 0x00,
    0x10, 0x99, 0x02, 0x00, 0x0b, 0x01, 0x00, 0x00, 0x0c, 0x01, 0x00, 0x00,
    0x01, 0x01, 0x00, 0x00, 0x02, 0x01, 0x00, 0x00, 0x10, 0x40, 0x00, 0x00,
    0x30, 0x42, 0x02, 0x00, 0x21, 0x01, 0x00, 0x00, 0x20, 0x01, 0x00, 0x00,
    0x20, 0x40, 0x00, 0x00, 0x50, 0x0e, 0x00, 0x00, 0x21, 0x40, 0x00, 0x00,
    0x00, 0x01, 0x00, 0x00, 0x22, 0x40, 0x00, 0x00, 0xd0, 0x0d, 0x00, 0x00,
    0x0d, 0x01, 0x0a, 0x00, 0x2f, 0x01, 0x01, 0x00, 0x02, 0x00, 0x00, 0x00,
    0x00, 0x40, 0x00, 0x00, 0xb0, 0x9c, 0x02, 0x00, 0x10, 0x40, 0x00, 0x00,
    0xd0, 0x45, 0x02, 0x00, 0x2f, 0x01, 0x03, 0x00, 0x02, 0x00, 0x00, 0x00,
    0x00, 0x40, 0x00, 0x00, 0x70, 0x49, 0x02, 0x00, 0x0b, 0x01, 0x02, 0x00,
    0x0c, 0x01, 0x02, 0x00, 0x01, 0x01, 0x01, 0x00, 0x02, 0x01, 0x01, 0x00,
    0x10, 0x40, 0x00, 0x00, 0xf0, 0xa3, 0x02, 0x00, 0x21, 0x01, 0x02, 0x00,
    0x20, 0x01, 0x02, 0x00, 0x20, 0x40, 0x00, 0x00, 0xd0, 0x0f, 0x00, 0x00,
    0x21, 0x40, 0x00, 0x00, 0xb0, 0x00, 0x00, 0x00, 0x22, 0x40, 0x00, 0x00,
    0x50, 0x0f, 0x00, 0x00, 0x2f, 0x01, 0x01, 0x00, 0x03, 0x00, 0x00, 0x00,
    0x00, 0x40, 0x00, 0x00, 0x50, 0xa0, 0x02, 0x00, 0x0b, 0x01, 0x00, 0x00,
    0x0c, 0x01, 0x00, 0x00, 0x01, 0x01, 0x00, 0x00, 0x02, 0x01, 0x00, 0x00,
    0x10, 0x40, 0x00, 0x00, 0xb0, 0xf9, 0x01, 0x00, 0x21, 0x01, 0x00, 0x00,
    0x20, 0x01, 0x00, 0x00, 0x20, 0x40, 0x00, 0x00, 0x00, 0x11, 0x00, 0x00,
    0x21, 0x40, 0x00, 0x00, 0x00, 0x01, 0x00, 0x00, 0x22, 0x40, 0x00, 0x00,
    0x80, 0x10, 0x00, 0x00, 0x02, 0x00, 0x00, 0x00, 0x00, 0x40, 0x00, 0x00,
    0xf0, 0xa3, 0x02, 0x00, 0x10, 0x40, 0x00, 0x00, 0x50, 0xfd, 0x01, 0x00,
    0x2f, 0x01, 0x03, 0x00, 0x02, 0x00, 0x00, 0x00, 0x00, 0x40, 0x00, 0x00,
    0xf0, 0x00, 0x02, 0x00, 0x0b, 0x01, 0x04, 0x00, 0x0c, 0x01, 0x04, 0x00,
    0x01, 0x01, 0x01, 0x00, 0x02, 0x01, 0x01, 0x00, 0x10, 0x40, 0x00, 0x00,
    0x90, 0xa7, 0x02, 0x00, 0x21, 0x01, 0x04, 0x00, 0x20, 0x01, 0x02, 0x00,
    0x20, 0x40, 0x00, 0x00, 0x80, 0x12, 0x00, 0x00, 0x21, 0x40, 0x00, 0x00,
    0xe0, 0x00, 0x00, 0x00, 0x22, 0x40, 0x00, 0x00, 0x00, 0x12, 0x00, 0x00,
    0x0d, 0x01, 0x12, 0x00, 0x2f, 0x01, 0x01, 0x00, 0x03, 0x00, 0x00, 0x00,
    0x00, 0x40, 0x00, 0x00, 0x90, 0x04, 0x02, 0x00, 0x10, 0x40, 0x00, 0x00,
    0x30, 0xab, 0x02, 0x00, 0x2f, 0x01, 0x03, 0x00, 0x03, 0x00, 0x00, 0x00,
    0x00, 0x40, 0x00, 0x00, 0x90, 0xa7, 0x02, 0x00, 0x0b, 0x01, 0x00, 0x00,
    0x0c, 0x01, 0x00, 0x00, 0x01, 0x01, 0x00, 0x00, 0x02, 0x01, 0x00, 0x00,
    0x10, 0x40, 0x00, 0x00, 0x30, 0x5f, 0x02, 0x00, 0x21, 0x01, 0x00, 0x00,
    0x20, 0x01, 0x00, 0x00, 0x20, 0x40, 0x00, 0x00, 0xe0, 0x13, 0x00, 0x00,
    0x21, 0x40, 0x00, 0x00, 0x00, 0x01, 0x00, 0x00, 0x22, 0x40, 0x00, 0x00,
    0x60, 0x13, 0x00, 0x00, 0x0d, 0x01, 0x0a, 0x00, 0x2f, 0x01, 0x01, 0x00,
    0x02, 0x00, 0x00, 0x00, 0x00, 0x40, 0x00, 0x00, 0x30, 0xab, 0x02, 0x00,
    0x10, 0x40, 0x00, 0x00, 0xd0, 0x62, 0x02, 0x00, 0x2f, 0x01, 0x03, 0x00,
    0x02, 0x00, 0x00, 0x00, 0x00, 0x40, 0x00, 0x00, 0x30, 0x08, 0x02, 0x00,
    0x02, 0x40, 0x00, 0x00, 0x70, 0xf2, 0x01, 0x00, 0x0b, 0x01, 0x03, 0x00,
    0x0c, 0x01, 0x03, 0x00, 0x01, 0x01, 0x01, 0x00, 0x02, 0x01, 0x01, 0x00,
    0x10, 0x40, 0x00, 0x00, 0x90, 0xa7, 0x02, 0x00, 0x21, 0x01, 0x04, 0x00,
    0x20, 0x01, 0x02, 0x00, 0x20, 0x40, 0x00, 0x00, 0x80, 0x12, 0x00, 0x00,
    0x21, 0x40, 0x00, 0x00, 0xe0, 0x00, 0x00, 0x00, 0x22, 0x40, 0x00, 0x00,
    0x00, 0x12, 0x00, 0x00, 0x0d, 0x01, 0x12, 0x00, 0x03, 0x00, 0x00, 0x00,
    0x00, 0x40, 0x00, 0x00, 0xd0, 0x0b, 0x02, 0x00, 0x0b, 0x01, 0x02, 0x00,
    0x0c, 0x01, 0x02, 0x00, 0x10, 0x40, 0x00, 0x00, 0x30, 0xab, 0x02, 0x00,
    0x03, 0x00, 0x00, 0x00, 0x00, 0x40, 0x00, 0x00, 0x90, 0xa7, 0x02, 0x00,
    0x02, 0x40, 0x00, 0x00, 0x00, 0x00, 0x00, 0x00, 0x0b, 0x01, 0x00, 0x00,
    0x0c, 0x01, 0x00, 0x00, 0x01, 0x01, 0x00, 0x00, 0x02, 0x01, 0x00, 0x00,
    0x10, 0x40, 0x00, 0x00, 0x70, 0x66, 0x02, 0x00, 0x21, 0x01, 0x00, 0x00,
    0x20, 0x01, 0x00, 0x00, 0x20, 0x40, 0x00, 0x00, 0xe0, 0x13, 0x00, 0x00,
    0x21, 0x40, 0x00, 0x00, 0x00, 0x01, 0x00, 0x00, 0x22, 0x40, 0x00, 0x00,
    0x60, 0x13, 0x00, 0x00, 0x0d, 0x01, 0x0a, 0x00, 0x2f, 0x01, 0x01, 0x00,
    0x02, 0x00, 0x00, 0x00, 0x00, 0x40, 0x00, 0x00, 0x30, 0xab, 0x02, 0x00,
    0x10, 0x40, 0x00, 0x00, 0x10, 0x6a, 0x02, 0x00, 0x2f, 0x01, 0x03, 0x00,
    0x02, 0x00, 0x00, 0x00, 0x00, 0x40, 0x00, 0x00, 0xf0, 0x57, 0x02, 0x00,
    0x0b, 0x01, 0x02, 0x00, 0x0c, 0x01, 0x02, 0x00, 0x01, 0x01, 0x02, 0x00,
    0x02, 0x01, 0x02, 0x00, 0x10, 0x40, 0x00, 0x00, 0x70, 0xb2, 0x02, 0x00,
    0x21, 0x01, 0x02, 0x00, 0x20, 0x01, 0x04, 0x00, 0x20, 0x40, 0x00, 0x00,
    0x60, 0x15, 0x00, 0x00, 0x21, 0x40, 0x00, 0x00, 0xe0, 0x00, 0x00, 0x00,
    0x22, 0x40, 0x00, 0x00, 0xe0, 0x14, 0x00, 0x00, 0x2f, 0x01, 0x01, 0x00,
    0x03, 0x00, 0x00, 0x00, 0x00, 0x40, 0x00, 0x00, 0xd0, 0xae, 0x02, 0x00,
    0x0b, 0x01, 0x00, 0x00, 0x0c, 0x01, 0x00, 0x00, 0x01, 0x01, 0x00, 0x00,
    0x02, 0x01, 0x00, 0x00, 0x10, 0x40, 0x00, 0x00, 0x10, 0xb6, 0x02, 0x00,
    0x21, 0x01, 0x00, 0x00, 0x20, 0x01, 0x00, 0x00, 0x20, 0x40, 0x00, 0x00,
    0xc0, 0x16, 0x00, 0x00, 0x21, 0x40, 0x00, 0x00, 0xf0, 0x00, 0x00, 0x00,
    0x22, 0x40, 0x00, 0x00, 0x40, 0x16, 0x00, 0x00, 0x02, 0x00, 0x00, 0x00,
    0x00, 0x40, 0x00, 0x00, 0x70, 0xb2, 0x02, 0x00, 0x10, 0x40, 0x00, 0x00,
    0xb0, 0xb9, 0x02, 0x00, 0x2f, 0x01, 0x03, 0x00, 0x02, 0x00, 0x00, 0x00,
    0x00, 0x40, 0x00, 0x00, 0x10, 0xb6, 0x02, 0x00, 0x10, 0x40, 0x00, 0x00,
    0x08, 0x13, 0x00, 0x00, 0x13, 0x01, 0x00, 0x00, 0x15, 0x40, 0x00, 0x00,
    0x3a, 0x00, 0x00, 0x00, 0x14, 0x40, 0x00, 0x00, 0x01, 0x00, 0x00, 0x00,
    0x16, 0x40, 0x00, 0x00, 0x01, 0x00, 0x00, 0x00, 0x18, 0x01, 0x5a, 0x00,
    0x14, 0x01, 0x01, 0x00, 0x20, 0x40, 0x00, 0x00, 0xc0, 0x17, 0x00, 0x00,
    0x21, 0x40, 0x00, 0x00, 0x40, 0x00, 0x00, 0x00, 0x22, 0x40, 0x00, 0x00,
    0xb0, 0x17, 0x00, 0x00, 0x23, 0x40, 0x00, 0x00, 0x10, 0x00, 0x00, 0x00,
    0x17, 0x01, 0x07, 0x00, 0x2f, 0x01, 0x01, 0x00, 0x02, 0x00, 0x00, 0x00,
    0x00, 0x40, 0x00, 0x00, 0xb0, 0xb9, 0x02, 0x00, 0x10, 0x40, 0x00, 0x00,
    0x42, 0x13, 0x00, 0x00, 0x2f, 0x01, 0x03, 0x00, 0x02, 0x00, 0x00, 0x00,
    0x00, 0x40, 0x00, 0x00, 0x90, 0x5b, 0x02, 0x00, 0x0b, 0x01, 0x02, 0x00,
    0x0c, 0x01, 0x02, 0x00, 0x01, 0x01, 0x02, 0x00, 0x02, 0x01, 0x02, 0x00,
    0x10, 0x40, 0x00, 0x00, 0xd0, 0xae, 0x02, 0x00, 0x13, 0x01, 0x0b, 0x00,
    0x15, 0x40, 0x00, 0x00, 0xa0, 0x03, 0x00, 0x00, 0x14, 0x40, 0x00, 0x00,
    0x10, 0x00, 0x00, 0x00, 0x16, 0x40, 0x00, 0x00, 0xa0, 0x03, 0x00, 0x00,
    0x18, 0x01, 0x80, 0xff, 0x14, 0x01, 0x41, 0x00, 0x21, 0x01, 0x02, 0x00,
    0x20, 0x01, 0x04, 0x00, 0x20, 0x40, 0x00, 0x00, 0x60, 0x15, 0x00, 0x00,
    0x21, 0x40, 0x00, 0x00, 0xe0, 0x00, 0x00, 0x00, 0x22, 0x40, 0x00, 0x00,
    0xe0, 0x14, 0x00, 0x00, 0x23, 0x40, 0x00, 0x00, 0x80, 0x00, 0x00, 0x00,
    0x17, 0x01, 0x0f, 0x00, 0x03, 0x00, 0x00, 0x00, 0x00, 0x40, 0x00, 0x00,
    0x30, 0x5f, 0x02, 0x00, 0x10, 0x40, 0x00, 0x00, 0x70, 0xb2, 0x02, 0x00,
    0x03, 0x00, 0x00, 0x00, 0x00, 0x40, 0x00, 0x00, 0xd0, 0xae, 0x02, 0x00,
    0x0b, 0x01, 0x00, 0x00, 0x0c, 0x01, 0x00, 0x00, 0x01, 0x01, 0x00, 0x00,
    0x02, 0x01, 0x00, 0x00, 0x10, 0x40, 0x00, 0x00, 0x10, 0xb6, 0x02, 0x00,
    0x21, 0x01, 0x00, 0x00, 0x20, 0x01, 0x00, 0x00, 0x20, 0x40, 0x00, 0x00,
    0xc0, 0x16, 0x00, 0x00, 0x21, 0x40, 0x00, 0x00, 0xf0, 0x00, 0x00, 0x00,
    0x22, 0x40, 0x00, 0x00, 0x40, 0x16, 0x00, 0x00, 0x2f, 0x01, 0x01, 0x00,
    0x02, 0x00, 0x00, 0x00, 0x00, 0x40, 0x00, 0x00, 0x70, 0xb2, 0x02, 0x00,
    0x10, 0x40, 0x00, 0x00, 0xb0, 0xb9, 0x02, 0x00, 0x2f, 0x01, 0x03, 0x00,
    0x02, 0x00, 0x00, 0x00, 0x00, 0x40, 0x00, 0x00, 0x10, 0xb6, 0x02, 0x00,
    0x10, 0x40, 0x00, 0x00, 0x7c, 0x13, 0x00, 0x00, 0x13, 0x01, 0x00, 0x00,
    0x15, 0x40, 0x00, 0x00, 0x3a, 0x00, 0x00, 0x00, 0x14, 0x40, 0x00, 0x00,
    0x01, 0x00, 0x00, 0x00, 0x16, 0x40, 0x00, 0x00, 0x01, 0x00, 0x00, 0x00,
    0x18, 0x01, 0x5a, 0x00, 0x14, 0x01, 0x01, 0x00, 0x20, 0x40, 0x00, 0x00,
    0xc0, 0x17, 0x00, 0x00, 0x21, 0x40, 0x00, 0x00, 0x40, 0x00, 0x00, 0x00,
    0x22, 0x40, 0x00, 0x00, 0xb0, 0x17, 0x00, 0x00, 0x23, 0x40, 0x00, 0x00,
    0x10, 0x00, 0x00, 0x00, 0x17, 0x01, 0x07, 0x00, 0x2f, 0x01, 0x01, 0x00,
    0x02, 0x00, 0x00, 0x00, 0x00, 0x40, 0x00, 0x00, 0xb0, 0xb9, 0x02, 0x00,
    0x10, 0x40, 0x00, 0x00, 0xb6, 0x13, 0x00, 0x00, 0x2f, 0x01, 0x03, 0x00,
    0x02, 0x00, 0x00, 0x00, 0x00, 0x40, 0x00, 0x00, 0xd0, 0x62, 0x02, 0x00,
    0x0b, 0x01, 0x02, 0x00, 0x0c, 0x01, 0x02, 0x00, 0x01, 0x01, 0x02, 0x00,
    0x02, 0x01, 0x02, 0x00, 0x10, 0x40, 0x00, 0x00, 0xd0, 0xae, 0x02, 0x00,
    0x13, 0x01, 0x0b, 0x00, 0x15, 0x40, 0x00, 0x00, 0xa0, 0x03, 0x00, 0x00,
    0x14, 0x40, 0x00, 0x00, 0x10, 0x00, 0x00, 0x00, 0x16, 0x40, 0x00, 0x00,
    0xa0, 0x03, 0x00, 0x00, 0x18, 0x01, 0x80, 0xff, 0x14, 0x01, 0x41, 0x00,
    0x21, 0x01, 0x02, 0x00, 0x20, 0x01, 0x04, 0x00, 0x20, 0x40, 0x00, 0x00,
    0x60, 0x15, 0x00, 0x00, 0x21, 0x40, 0x00, 0x00, 0xe0, 0x00, 0x00, 0x00,
    0x22, 0x40, 0x00, 0x00, 0xe0, 0x14, 0x00, 0x00, 0x23, 0x40, 0x00, 0x00,
    0x80, 0x00, 0x00, 0x00, 0x17, 0x01, 0x0f, 0x00, 0x03, 0x00, 0x00, 0x00,
    0x00, 0x40, 0x00, 0x00, 0x70, 0x0f, 0x02, 0x00, 0x02, 0x40, 0x00, 0x00,
    0x70, 0xf2, 0x01, 0x00, 0x0b, 0x01, 0x01, 0x00, 0x0c, 0x01, 0x01, 0x00,
    0x01, 0x01, 0x01, 0x00, 0x02, 0x01, 0x01, 0x00, 0x10, 0x40, 0x00, 0x00,
    0x90, 0xa7, 0x02, 0x00, 0x21, 0x01, 0x04, 0x00, 0x20, 0x01, 0x02, 0x00,
    0x20, 0x40, 0x00, 0x00, 0x80, 0x12, 0x00, 0x00, 0x22, 0x40, 0x00, 0x00,
    0x00, 0x12, 0x00, 0x00, 0x0d, 0x01, 0x12, 0x00, 0x03, 0x00, 0x00, 0x00,
    0x00, 0x40, 0x00, 0x00, 0x10, 0x13, 0x02, 0x00, 0x0b, 0x01, 0x00, 0x00,
    0x0c, 0x01, 0x00, 0x00, 0x10, 0x40, 0x00, 0x00, 0x30, 0xab, 0x02, 0x00,
    0x03, 0x00, 0x00, 0x00, 0x00, 0x40, 0x00, 0x00, 0x90, 0xa7, 0x02, 0x00,
    0x02, 0x40, 0x00, 0x00, 0x00, 0x00, 0x00, 0x00, 0x01, 0x01, 0x00, 0x00,
    0x02, 0x01, 0x00, 0x00, 0x10, 0x40, 0x00, 0x00, 0xf0, 0x57, 0x02, 0x00,
    0x21, 0x01, 0x00, 0x00, 0x20, 0x01, 0x00, 0x00, 0x20, 0x40, 0x00, 0x00,
    0xe0, 0x13, 0x00, 0x00, 0x21, 0x40, 0x00, 0x00, 0x00, 0x01, 0x00, 0x00,
    0x22, 0x40, 0x00, 0x00, 0x60, 0x13, 0x00, 0x00, 0x0d, 0x01, 0x0a, 0x00,
    0x2f, 0x01, 0x01, 0x00, 0x02, 0x00, 0x00, 0x00, 0x00, 0x40, 0x00, 0x00,
    0x30, 0xab, 0x02, 0x00, 0x10, 0x40, 0x00, 0x00, 0x90, 0x5b, 0x02, 0x00,
    0x2f, 0x01, 0x03, 0x00, 0x02, 0x00, 0x00, 0x00, 0x00, 0x40, 0x00, 0x00,
    0x10, 0x4d, 0x02, 0x00, 0x0b, 0x01, 0x02, 0x00, 0x0c, 0x01, 0x02, 0x00,
    0x01, 0x01, 0x01, 0x00, 0x02, 0x01, 0x01, 0x00, 0x10, 0x40, 0x00, 0x00,
    0x50, 0xa0, 0x02, 0x00, 0x21, 0x01, 0x02, 0x00, 0x20, 0x01, 0x02, 0x00,
    0x20, 0x40, 0x00, 0x00, 0xd0, 0x0f, 0x00, 0x00, 0x21, 0x40, 0x00, 0x00,
    0xb0, 0x00, 0x00, 0x00, 0x22, 0x40, 0x00, 0x00, 0x50, 0x0f, 0x00, 0x00,
    0x03, 0x00, 0x00, 0x00, 0x00, 0x40, 0x00, 0x00, 0xb0, 0x50, 0x02, 0x00,
    0x02, 0x40, 0x00, 0x00, 0x30, 0x42, 0x02, 0x00, 0x0b, 0x01, 0x01, 0x00,
    0x0c, 0x01, 0x01, 0x00, 0x10, 0x40, 0x00, 0x00, 0xf0, 0xa3, 0x02, 0x00,
    0x03, 0x00, 0x00, 0x00, 0x00, 0x40, 0x00, 0x00, 0x50, 0xa0, 0x02, 0x00,
    0x02, 0x40, 0x00, 0x00, 0x00, 0x00, 0x00, 0x00, 0x0b, 0x01, 0x00, 0x00,
    0x0c, 0x01, 0x00, 0x00, 0x01, 0x01, 0x00, 0x00, 0x02, 0x01, 0x00, 0x00,
    0x10, 0x40, 0x00, 0x00, 0xf0, 0x00, 0x02, 0x00, 0x21, 0x01, 0x00, 0x00,
    0x20, 0x01, 0x00, 0x00, 0x20, 0x40, 0x00, 0x00, 0x00, 0x11, 0x00, 0x00,
    0x21, 0x40, 0x00, 0x00, 0x00, 0x01, 0x00, 0x00, 0x22, 0x40, 0x00, 0x00,
    0x80, 0x10, 0x00, 0x00, 0x2f, 0x01, 0x01, 0x00, 0x02, 0x00, 0x00, 0x00,
    0x00, 0x40, 0x00, 0x00, 0xf0, 0xa3, 0x02, 0x00, 0x10, 0x40, 0x00, 0x00,
    0x90, 0x04, 0x02, 0x00, 0x2f, 0x01, 0x03, 0x00, 0x02, 0x00, 0x00, 0x00,
    0x00, 0x40, 0x00, 0x00, 0x50, 0x54, 0x02, 0x00, 0x02, 0x40, 0x00, 0x00,
    0x30, 0x42, 0x02, 0x00, 0x01, 0x01, 0x01, 0x00, 0x02, 0x01, 0x01, 0x00,
    0x10, 0x40, 0x00, 0x00, 0x50, 0xa0, 0x02, 0x00, 0x21, 0x01, 0x02, 0x00,
    0x20, 0x01, 0x02, 0x00, 0x20, 0x40, 0x00, 0x00, 0xd0, 0x0f, 0x00, 0x00,
    0x21, 0x40, 0x00, 0x00, 0xb0, 0x00, 0x00, 0x00, 0x22, 0x40, 0x00, 0x00,
    0x50, 0x0f, 0x00, 0x00, 0x03, 0x00, 0x00, 0x00, 0x00, 0x40, 0x00, 0x00,
    0x50, 0x37, 0x02, 0x00, 0x02, 0x40, 0x00, 0x00, 0x00, 0x00, 0x00, 0x00,
    0x0b, 0x01, 0x02, 0x00, 0x0c, 0x01, 0x02, 0x00, 0x01, 0x01, 0x02, 0x00,
    0x02, 0x01, 0x02, 0x00, 0x10, 0x40, 0x00, 0x00, 0xd0, 0x91, 0x02, 0x00,
    0x20, 0x01, 0x04, 0x00, 0x20, 0x40, 0x00, 0x00, 0x20, 0x0a, 0x00, 0x00,
    0x21, 0x40, 0x00, 0x00, 0xe0, 0x00, 0x00, 0x00, 0x22, 0x40, 0x00, 0x00,
    0xa0, 0x09, 0x00, 0x00, 0x03, 0x00, 0x00, 0x00, 0x00, 0x40, 0x00, 0x00,
    0xf0, 0x3a, 0x02, 0x00, 0x0b, 0x01, 0x01, 0x00, 0x0c, 0x01, 0x01, 0x00,
    0x03, 0x01, 0x01, 0x00, 0x10, 0x40, 0x00, 0x00, 0x70, 0x95, 0x02, 0x00,
    0x03, 0x00, 0x00, 0x00, 0x00, 0x40, 0x00, 0x00, 0xd0, 0x91, 0x02, 0x00,
    0x0b, 0x01, 0x00, 0x00, 0x0c, 0x01, 0x00, 0x00, 0x01, 0x01, 0x00, 0x00,
    0x03, 0x01, 0x00, 0x00, 0x02, 0x01, 0x00, 0x00, 0x10, 0x40, 0x00, 0x00,
    0x30, 0xce, 0x01, 0x00, 0x21, 0x01, 0x00, 0x00, 0x20, 0x01, 0x00, 0x00,
    0x20, 0x40, 0x00, 0x00, 0x80, 0x0b, 0x00, 0x00, 0x21, 0x40, 0x00, 0x00,
    0xf0, 0x00, 0x00, 0x00, 0x22, 0x40, 0x00, 0x00, 0x00, 0x0b, 0x00, 0x00,
    0x2f, 0x01, 0x01, 0x00, 0x02, 0x00, 0x00, 0x00, 0x00, 0x40, 0x00, 0x00,
    0x70, 0x95, 0x02, 0x00, 0x10, 0x40, 0x00, 0x00, 0xd0, 0xd1, 0x01, 0x00,
    0x2f, 0x01, 0x03, 0x00, 0x02, 0x00, 0x00, 0x00, 0x00, 0x40, 0x00, 0x00,
    0xf0, 0xe3, 0x01, 0x00, 0x02, 0x40, 0x00, 0x00, 0x30, 0xce, 0x01, 0x00,
    0x0b, 0x01, 0x03, 0x00, 0x0c, 0x01, 0x03, 0x00, 0x01, 0x01, 0x01, 0x00,
    0x02, 0x01, 0x01, 0x00, 0x10, 0x40, 0x00, 0x00, 0x10, 0x99, 0x02, 0x00,
    0x21, 0x01, 0x04, 0x00, 0x20, 0x01, 0x02, 0x00, 0x20, 0x40, 0x00, 0x00,
    0xf0, 0x0c, 0x00, 0x00, 0x21, 0x40, 0x00, 0x00, 0xe0, 0x00, 0x00, 0x00,
    0x22, 0x40, 0x00, 0x00, 0x70, 0x0c, 0x00, 0x00, 0x0d, 0x01, 0x12, 0x00,
    0x2f, 0x01, 0x01, 0x00, 0x03, 0x00, 0x00, 0x00, 0x00, 0x40, 0x00, 0x00,
    0x90, 0xe7, 0x01, 0x00, 0x0b, 0x01, 0x02, 0x00, 0x0c, 0x01, 0x02, 0x00,
    0x10, 0x40, 0x00, 0x00, 0xb0, 0x9c, 0x02, 0x00, 0x2f, 0x01, 0x03, 0x00,
    0x03, 0x00, 0x00, 0x00, 0x00, 0x40, 0x00, 0x00, 0x10, 0x99, 0x02, 0x00,
    0x02, 0x40, 0x00, 0x00, 0x00, 0x00, 0x00, 0x00, 0x0b, 0x01, 0x00, 0x00,
    0x0c, 0x01, 0x00, 0x00, 0x01, 0x01, 0x00, 0x00, 0x02, 0x01, 0x00, 0x00,
    0x10, 0x40, 0x00, 0x00, 0x70, 0x49, 0x02, 0x00, 0x21, 0x01, 0x00, 0x00,
    0x20, 0x01, 0x00, 0x00, 0x20, 0x40, 0x00, 0x00, 0x50, 0x0e, 0x00, 0x00,
    0x21, 0x40, 0x00, 0x00, 0x00, 0x01, 0x00, 0x00, 0x22, 0x40, 0x00, 0x00,
    0xd0, 0x0d, 0x00, 0x00, 0x0d, 0x01, 0x0a, 0x00, 0x2f, 0x01, 0x01, 0x00,
    0x02, 0x00, 0x00, 0x00, 0x00, 0x40, 0x00, 0x00, 0xb0, 0x9c, 0x02, 0x00,
    0x10, 0x40, 0x00, 0x00, 0x10, 0x4d, 0x02, 0x00, 0x2f, 0x01, 0x03, 0x00,
    0x02, 0x00, 0x00, 0x00, 0x00, 0x40, 0x00, 0x00, 0x30, 0xeb, 0x01, 0x00,
    0x02, 0x40, 0x00, 0x00, 0x30, 0xce, 0x01, 0x00, 0x0b, 0x01, 0x01, 0x00,
    0x0c, 0x01, 0x01, 0x00, 0x01, 0x01, 0x01, 0x00, 0x03, 0x01, 0x01, 0x00,
    0x02, 0x01, 0x01, 0x00, 0x10, 0x40, 0x00, 0x00, 0x10, 0x99, 0x02, 0x00,
    0x21, 0x01, 0x04, 0x00, 0x20, 0x01, 0x02, 0x00, 0x20, 0x40, 0x00, 0x00,
    0xf0, 0x0c, 0x00, 0x00, 0x21, 0x40, 0x00, 0x00, 0xe0, 0x00, 0x00, 0x00,
    0x22, 0x40, 0x00, 0x00, 0x70, 0x0c, 0x00, 0x00, 0x0d, 0x01, 0x12, 0x00,
    0x03, 0x00, 0x00, 0x00, 0x00, 0x40, 0x00, 0x00, 0xd0, 0xee, 0x01, 0x00,
    0x0b, 0x01, 0x00, 0x00, 0x0c, 0x01, 0x00, 0x00, 0x03, 0x01, 0x02, 0x00,
    0x10, 0x40, 0x00, 0x00, 0xb0, 0x9c, 0x02, 0x00, 0x03, 0x00, 0x00, 0x00,
    0x00, 0x40, 0x00, 0x00, 0x10, 0x99, 0x02, 0x00, 0x02, 0x40, 0x00, 0x00,
    0x00, 0x00, 0x00, 0x00, 0x01, 0x01, 0x00, 0x00, 0x03, 0x01, 0x00, 0x00,
    0x02, 0x01, 0x00, 0x00, 0x10, 0x40, 0x00, 0x00, 0xb0, 0x50, 0x02, 0x00,
    0x21, 0x01, 0x00, 0x00, 0x20, 0x01, 0x00, 0x00, 0x20, 0x40, 0x00, 0x00,
    0x50, 0x0e, 0x00, 0x00, 0x21, 0x40, 0x00, 0x00, 0x00, 0x01, 0x00, 0x00,
    0x22, 0x40, 0x00, 0x00, 0xd0, 0x0d, 0x00, 0x00, 0x0d, 0x01, 0x0a, 0x00,
    0x2f, 0x01, 0x01, 0x00, 0x02, 0x00, 0x00, 0x00, 0x00, 0x40, 0x00, 0x00,
    0xb0, 0x9c, 0x02, 0x00, 0x10, 0x40, 0x00, 0x00, 0x50, 0x54, 0x02, 0x00,
    0x2f, 0x01, 0x03, 0x00, 0x02, 0x00, 0x00, 0x00, 0x00, 0x40, 0x00, 0x00,
    0x30, 0x42, 0x02, 0x00, 0x0b, 0x01, 0x02, 0x00, 0x0c, 0x01, 0x02, 0x00,
    0x01, 0x01, 0x01, 0x00, 0x02, 0x01, 0x01, 0x00, 0x10, 0x40, 0x00, 0x00,
    0xf0, 0xa3, 0x02, 0x00, 0x21, 0x01, 0x02, 0x00, 0x20, 0x01, 0x02, 0x00,
    0x20, 0x40, 0x00, 0x00, 0xd0, 0x0f, 0x00, 0x00, 0x21, 0x40, 0x00, 0x00,
    0xb0, 0x00, 0x00, 0x00, 0x22, 0x40, 0x00, 0x00, 0x50, 0x0f, 0x00, 0x00,
    0x2f, 0x01, 0x01, 0x00, 0x03, 0x00, 0x00, 0x00, 0x00, 0x40, 0x00, 0x00,
    0x50, 0xa0, 0x02, 0x00, 0x0b, 0x01, 0x00, 0x00, 0x0c, 0x01, 0x00, 0x00,
    0x01, 0x01, 0x00, 0x00, 0x02, 0x01, 0x00, 0x00, 0x10, 0x40, 0x00, 0x00,
    0x30, 0x08, 0x02, 0x00, 0x21, 0x01, 0x00, 0x00, 0x20, 0x01, 0x00, 0x00,
    0x20, 0x40, 0x00, 0x00, 0x00, 0x11, 0x00, 0x00, 0x21, 0x40, 0x00, 0x00,
    0x00, 0x01, 0x00, 0x00, 0x22, 0x40, 0x00, 0x00, 0x80, 0x10, 0x00, 0x00,
    0x02, 0x00, 0x00, 0x00, 0x00, 0x40, 0x00, 0x00, 0xf0, 0xa3, 0x02, 0x00,
    0x10, 0x40, 0x00, 0x00, 0xd0, 0x0b, 0x02, 0x00, 0x2f, 0x01, 0x03, 0x00,
    0x02, 0x00, 0x00, 0x00, 0x00, 0x40, 0x00, 0x00, 0xd0, 0x45, 0x02, 0x00,
    0x0b, 0x01, 0x02, 0x00, 0x0c, 0x01, 0x02, 0x00, 0x01, 0x01, 0x01, 0x00,
    0x02, 0x01, 0x01, 0x00, 0x10, 0x40, 0x00, 0x00, 0x50, 0xa0, 0x02, 0x00,
    0x21, 0x01, 0x02, 0x00, 0x20, 0x01, 0x02, 0x00, 0x20, 0x40, 0x00, 0x00,
    0xd0, 0x0f, 0x00, 0x00, 0x21, 0x40, 0x00, 0x00, 0xb0, 0x00, 0x00, 0x00,
    0x22, 0x40, 0x00, 0x00, 0x50, 0x0f, 0x00, 0x00, 0x03, 0x00, 0x00, 0x00,
    0x00, 0x40, 0x00, 0x00, 0x70, 0x49, 0x02, 0x00, 0x10, 0x40, 0x00, 0x00,
    0xf0, 0xa3, 0x02, 0x00, 0x03, 0x00, 0x00, 0x00, 0x00, 0x40, 0x00, 0x00,
    0x50, 0xa0, 0x02, 0x00, 0x0b, 0x01, 0x00, 0x00, 0x0c, 0x01, 0x00, 0x00,
    0x01, 0x01, 0x00, 0x00, 0x02, 0x01, 0x00, 0x00, 0x10, 0x40, 0x00, 0x00,
    0x70, 0x0f, 0x02, 0x00, 0x21, 0x01, 0x00, 0x00, 0x20, 0x01, 0x00, 0x00,
    0x20, 0x40, 0x00, 0x00, 0x00, 0x11, 0x00, 0x00, 0x21, 0x40, 0x00, 0x00,
    0x00, 0x01, 0x00, 0x00, 0x22, 0x40, 0x00, 0x00, 0x80, 0x10, 0x00, 0x00,
    0x2f, 0x01, 0x01, 0x00, 0x02, 0x00, 0x00, 0x00, 0x00, 0x40, 0x00, 0x00,
    0xf0, 0xa3, 0x02, 0x00, 0x10, 0x40, 0x00, 0x00, 0x10, 0x13, 0x02, 0x00,
    0x2f, 0x01, 0x03, 0x00, 0x02, 0x00, 0x00, 0x00, 0x00, 0x40, 0x00, 0x00,
    0x70, 0xf2, 0x01, 0x00, 0x0b, 0x01, 0x04, 0x00, 0x0c, 0x01, 0x04, 0x00,
    0x01, 0x01, 0x01, 0x00, 0x02, 0x01, 0x01, 0x00, 0x10, 0x40, 0x00, 0x00,
    0x90, 0xa7, 0x02, 0x00, 0x21, 0x01, 0x04, 0x00, 0x20, 0x01, 0x02, 0x00,
    0x20, 0x40, 0x00, 0x00, 0x80, 0x12, 0x00, 0x00, 0x21, 0x40, 0x00, 0x00,
    0xe0, 0x00, 0x00, 0x00, 0x22, 0x40, 0x00, 0x00, 0x00, 0x12, 0x00, 0x00,
    0x0d, 0x01, 0x12, 0x00, 0x2f, 0x01, 0x01, 0x00, 0x03, 0x00, 0x00, 0x00,
    0x00, 0x40, 0x00, 0x00, 0x10, 0xf6, 0x01, 0x00, 0x10, 0x40, 0x00, 0x00,
    0x30, 0xab, 0x02, 0x00, 0x2f, 0x01, 0x03, 0x00, 0x03, 0x00, 0x00, 0x00,
    0x00, 0x40, 0x00, 0x00, 0x90, 0xa7, 0x02, 0x00, 0x0b, 0x01, 0x00, 0x00,
    0x0c, 0x01, 0x00, 0x00, 0x01, 0x01, 0x00, 0x00, 0x02, 0x01, 0x00, 0x00,
    0x10, 0x40, 0x00, 0x00, 0x30, 0x5f, 0x02, 0x00, 0x21, 0x01, 0x00, 0x00,
    0x20, 0x01, 0x00, 0x00, 0x20, 0x40, 0x00, 0x00, 0xe0, 0x13, 0x00, 0x00,
    0x21, 0x40, 0x00, 0x00, 0x00, 0x01, 0x00, 0x00, 0x22, 0x40, 0x00, 0x00,
    0x60, 0x13, 0x00, 0x00, 0x0d, 0x01, 0x0a, 0x00, 0x2f, 0x01, 0x01, 0x00,
    0x02, 0x00, 0x00, 0x00, 0x00, 0x40, 0x00, 0x00, 0x30, 0xab, 0x02, 0x00,
    0x10, 0x40, 0x00, 0x00, 0xd0, 0x62, 0x02, 0x00, 0x2f, 0x01, 0x03, 0x00,
    0x02, 0x00, 0x00, 0x00, 0x00, 0x40, 0x00, 0x00, 0x70, 0x66, 0x02, 0x00,
    0x02, 0x40, 0x00, 0x00, 0xf0, 0x57, 0x02, 0x00, 0x0b, 0x01, 0x01, 0x00,
    0x0c, 0x01, 0x01, 0x00, 0x01, 0x01, 0x02, 0x00, 0x02, 0x01, 0x02, 0x00,
    0x10, 0x40, 0x00, 0x00, 0x70, 0xb2, 0x02, 0x00, 0x21, 0x01, 0x02, 0x00,
    0x20, 0x01, 0x04, 0x00, 0x20, 0x40, 0x00, 0x00, 0x60, 0x15, 0x00, 0x00,
    0x21, 0x40, 0x00, 0x00, 0xe0, 0x00, 0x00, 0x00, 0x22, 0x40, 0x00, 0x00,
    0xe0, 0x14, 0x00, 0x00, 0x2f, 0x01, 0x01, 0x00, 0x03, 0x00, 0x00, 0x00,
    0x00, 0x40, 0x00, 0x00, 0xd0, 0xae, 0x02, 0x00, 0x02, 0x40, 0x00, 0x00,
    0x00, 0x00, 0x00, 0x00, 0x0b, 0x01, 0x00, 0x00, 0x0c, 0x01, 0x00, 0x00,
    0x01, 0x01, 0x00, 0x00, 0x02, 0x01, 0x00, 0x00, 0x10, 0x40, 0x00, 0x00,
    0x10, 0xb6, 0x02, 0x00, 0x21, 0x01, 0x00, 0x00, 0x20, 0x01, 0x00, 0x00,
    0x20, 0x40, 0x00, 0x00, 0xc0, 0x16, 0x00, 0x00, 0x21, 0x40, 0x00, 0x00,
    0xf0, 0x00, 0x00, 0x00, 0x22, 0x40, 0x00, 0x00, 0x40, 0x16, 0x00, 0x00,
    0x02, 0x00, 0x00, 0x00, 0x00, 0x40, 0x00, 0x00, 0x70, 0xb2, 0x02, 0x00,
    0x10, 0x40, 0x00, 0x00, 0xb0, 0xb9, 0x02, 0x00, 0x2f, 0x01, 0x03, 0x00,
    0x02, 0x00, 0x00, 0x00, 0x00, 0x40, 0x00, 0x00, 0x10, 0xb6, 0x02, 0x00,
    0x10, 0x40, 0x00, 0x00, 0xf0, 0x13, 0x00, 0x00, 0x13, 0x01, 0x00, 0x00,
    0x15, 0x40, 0x00, 0x00, 0x3a, 0x00, 0x00, 0x00, 0x14, 0x40, 0x00, 0x00,
    0x01, 0x00, 0x00, 0x00, 0x16, 0x40, 0x00, 0x00, 0x01, 0x00, 0x00, 0x00,
    0x18, 0x01, 0x5a, 0x00, 0x14, 0x01, 0x01, 0x00, 0x20, 0x40, 0x00, 0x00,
    0xc0, 0x17, 0x00, 0x00, 0x21, 0x40, 0x00, 0x00, 0x40, 0x00, 0x00, 0x00,
    0x22, 0x40, 0x00, 0x00, 0xb0, 0x17, 0x00, 0x00, 0x23, 0x40, 0x00, 0x00,
    0x10, 0x00, 0x00, 0x00, 0x17, 0x01, 0x07, 0x00, 0x2f, 0x01, 0x01, 0x00,
    0x02, 0x00, 0x00, 0x00, 0x00, 0x40, 0x00, 0x00, 0xb0, 0xb9, 0x02, 0x00,
    0x10, 0x40, 0x00, 0x00, 0x2a, 0x14, 0x00, 0x00, 0x2f, 0x01, 0x03, 0x00,
    0x02, 0x00, 0x00, 0x00, 0x00, 0x40, 0x00, 0x00, 0x10, 0x6a, 0x02, 0x00,
    0x02, 0x40, 0x00, 0x00, 0xf0, 0x57, 0x02, 0x00, 0x01, 0x01, 0x02, 0x00,
    0x02, 0x01, 0x02, 0x00, 0x10, 0x40, 0x00, 0x00, 0xd0, 0xae, 0x02, 0x00,
    0x13, 0x01, 0x0b, 0x00, 0x15, 0x40, 0x00, 0x00, 0xa0, 0x03, 0x00, 0x00,
    0x14, 0x40, 0x00, 0x00, 0x10, 0x00, 0x00, 0x00, 0x16, 0x40, 0x00, 0x00,
    0xa0, 0x03, 0x00, 0x00, 0x18, 0x01, 0x80, 0xff, 0x14, 0x01, 0x41, 0x00,
    0x21, 0x01, 0x02, 0x00, 0x20, 0x01, 0x04, 0x00, 0x20, 0x40, 0x00, 0x00,
    0x60, 0x15, 0x00, 0x00, 0x21, 0x40, 0x00, 0x00, 0xe0, 0x00, 0x00, 0x00,
    0x22, 0x40, 0x00, 0x00, 0xe0, 0x14, 0x00, 0x00, 0x23, 0x40, 0x00, 0x00,
    0x80, 0x00, 0x00, 0x00, 0x17, 0x01, 0x0f, 0x00, 0x03, 0x00, 0x00, 0x00,
    0x00, 0x40, 0x00, 0x00, 0xf0, 0x57, 0x02, 0x00, 0x02, 0x40, 0x00, 0x00,
    0x00, 0x00, 0x00, 0x00, 0x0b, 0x01, 0x02, 0x00, 0x0c, 0x01, 0x02, 0x00,
    0x10, 0x40, 0x00, 0x00, 0x70, 0xb2, 0x02, 0x00, 0x03, 0x00, 0x00, 0x00,
    0x00, 0x40, 0x00, 0x00, 0xd0, 0xae, 0x02, 0x00, 0x0b, 0x01, 0x00, 0x00,
    0x0c, 0x01, 0x00, 0x00, 0x01, 0x01, 0x00, 0x00, 0x02, 0x01, 0x00, 0x00,
    0x10, 0x40, 0x00, 0x00, 0x10, 0xb6, 0x02, 0x00, 0x21, 0x01, 0x00, 0x00,
    0x20, 0x01, 0x00, 0x00, 0x20, 0x40, 0x00, 0x00, 0xc0, 0x16, 0x00, 0x00,
    0x21, 0x40, 0x00, 0x00, 0xf0, 0x00, 0x00, 0x00, 0x22, 0x40, 0x00, 0x00,
    0x40, 0x16, 0x00, 0x00, 0x2f, 0x01, 0x01, 0x00, 0x02, 0x00, 0x00, 0x00,
    0x00, 0x40, 0x00, 0x00, 0x70, 0xb2, 0x02, 0x00, 0x10, 0x40, 0x00, 0x00,
    0xb0, 0xb9, 0x02, 0x00, 0x2f, 0x01, 0x03, 0x00, 0x02, 0x00, 0x00, 0x00,
    0x00, 0x40, 0x00, 0x00, 0x10, 0xb6, 0x02, 0x00, 0x10, 0x40, 0x00, 0x00,
    0x64, 0x14, 0x00, 0x00, 0x13, 0x01, 0x00, 0x00, 0x15, 0x40, 0x00, 0x00,
    0x3a, 0x00, 0x00, 0x00, 0x14, 0x40, 0x00, 0x00, 0x01, 0x00, 0x00, 0x00,
    0x16, 0x40, 0x00, 0x00, 0x01, 0x00, 0x00, 0x00, 0x18, 0x01, 0x5a, 0x00,
    0x14, 0x01, 0x01, 0x00, 0x20, 0x40, 0x00, 0x00, 0xc0, 0x17, 0x00, 0x00,
    0x21, 0x40, 0x00, 0x00, 0x40, 0x00, 0x00, 0x00, 0x22, 0x40, 0x00, 0x00,
    0xb0, 0x17, 0x00, 0x00, 0x23, 0x40, 0x00, 0x00, 0x10, 0x00, 0x00, 0x00,
    0x17, 0x01, 0x07, 0x00, 0x2f, 0x01, 0x01, 0x00, 0x02, 0x00, 0x00, 0x00,
    0x00, 0x40, 0x00, 0x00, 0xb0, 0xb9, 0x02, 0x00, 0x10, 0x40, 0x00, 0x00,
    0x9e, 0x14, 0x00, 0x00, 0x2f, 0x01, 0x03, 0x00, 0x02, 0x00, 0x00, 0x00,
    0x00, 0x40, 0x00, 0x00, 0x90, 0x5b, 0x02, 0x00, 0x0b, 0x01, 0x02, 0x00,
    0x0c, 0x01, 0x02, 0x00, 0x01, 0x01, 0x02, 0x00, 0x02, 0x01, 0x02, 0x00,
    0x10, 0x40, 0x00, 0x00, 0xd0, 0xae, 0x02, 0x00, 0x13, 0x01, 0x0b, 0x00,
    0x15, 0x40, 0x00, 0x00, 0xa0, 0x03, 0x00, 0x00, 0x14, 0x40, 0x00, 0x00,
    0x10, 0x00, 0x00, 0x00, 0x16, 0x40, 0x00, 0x00, 0xa0, 0x03, 0x00, 0x00,
    0x18, 0x01, 0x80, 0xff, 0x14, 0x01, 0x41, 0x00, 0x21, 0x01, 0x02, 0x00,
    0x20, 0x01, 0x04, 0x00, 0x20, 0x40, 0x00, 0x00, 0x60, 0x15, 0x00, 0x00,
    0x21, 0x40, 0x00, 0x00, 0xe0, 0x00, 0x00, 0x00, 0x22, 0x40, 0x00, 0x00,
    0xe0, 0x14, 0x00, 0x00, 0x23, 0x40, 0x00, 0x00, 0x80, 0x00, 0x00, 0x00,
    0x17, 0x01, 0x0f, 0x00, 0x03, 0x00, 0x00, 0x00, 0x00, 0x40, 0x00, 0x00,
    0xb0, 0xf9, 0x01, 0x00, 0x0b, 0x01, 0x04, 0x00, 0x0c, 0x01, 0x04, 0x00,
    0x01, 0x01, 0x01, 0x00, 0x02, 0x01, 0x01, 0x00, 0x10, 0x40, 0x00, 0x00,
    0x90, 0xa7, 0x02, 0x00, 0x21, 0x01, 0x04, 0x00, 0x20, 0x01, 0x02, 0x00,
    0x20, 0x40, 0x00, 0x00, 0x80, 0x12, 0x00, 0x00, 0x22, 0x40, 0x00, 0x00,
    0x00, 0x12, 0x00, 0x00, 0x0d, 0x01, 0x12, 0x00, 0x03, 0x00, 0x00, 0x00,
    0x00, 0x40, 0x00, 0x00, 0x50, 0xfd, 0x01, 0x00, 0x10, 0x40, 0x00, 0x00,
    0x30, 0xab, 0x02, 0x00, 0x03, 0x00, 0x00, 0x00, 0x00, 0x40, 0x00, 0x00,
    0x90, 0xa7, 0x02, 0x00, 0x0b, 0x01, 0x00, 0x00, 0x0c, 0x01, 0x00, 0x00,
    0x01, 0x01, 0x00, 0x00, 0x02, 0x01, 0x00, 0x00, 0x10, 0x40, 0x00, 0x00,
    0x70, 0x66, 0x02, 0x00, 0x21, 0x01, 0x00, 0x00, 0x20, 0x01, 0x00, 0x00,
    0x20, 0x40, 0x00, 0x00, 0xe0, 0x13, 0x00, 0x00, 0x21, 0x40, 0x00, 0x00,
    0x00, 0x01, 0x00, 0x00, 0x22, 0x40, 0x00, 0x00, 0x60, 0x13, 0x00, 0x00,
    0x0d, 0x01, 0x0a, 0x00, 0x2f, 0x01, 0x01, 0x00, 0x02, 0x00, 0x00, 0x00,
    0x00, 0x40, 0x00, 0x00, 0x30, 0xab, 0x02, 0x00, 0x10, 0x40, 0x00, 0x00,
    0x10, 0x6a, 0x02, 0x00, 0x2f, 0x01, 0x03, 0x00, 0x02, 0x00, 0x00, 0x00,
    0x00, 0x40, 0x00, 0x00, 0xf0, 0x00, 0x02, 0x00, 0x0b, 0x01, 0x04, 0x00,
    0x0c, 0x01, 0x04, 0x00, 0x01, 0x01, 0x01, 0x00, 0x02, 0x01, 0x01, 0x00,
    0x10, 0x40, 0x00, 0x00, 0x90, 0xa7, 0x02, 0x00, 0x21, 0x01, 0x04, 0x00,
    0x20, 0x01, 0x02, 0x00, 0x20, 0x40, 0x00, 0x00, 0x80, 0x12, 0x00, 0x00,
    0x21, 0x40, 0x00, 0x00, 0xe0, 0x00, 0x00, 0x00, 0x22, 0x40, 0x00, 0x00,
    0x00, 0x12, 0x00, 0x00, 0x0d, 0x01, 0x12, 0x00, 0x03, 0x00, 0x00, 0x00,
    0x00, 0x40, 0x00, 0x00, 0x90, 0x04, 0x02, 0x00, 0x10, 0x40, 0x00, 0x00,
    0x30, 0xab, 0x02, 0x00, 0x03, 0x00, 0x00, 0x00, 0x00, 0x40, 0x00, 0x00,
    0x90, 0xa7, 0x02, 0x00, 0x0b, 0x01, 0x00, 0x00, 0x0c, 0x01, 0x00, 0x00,
    0x01, 0x01, 0x00, 0x00, 0x02, 0x01, 0x00, 0x00, 0x10, 0x40, 0x00, 0x00,
    0xf0, 0x57, 0x02, 0x00, 0x21, 0x01, 0x00, 0x00, 0x20, 0x01, 0x00, 0x00,
    0x20, 0x40, 0x00, 0x00, 0xe0, 0x13, 0x00, 0x00, 0x21, 0x40, 0x00, 0x00,
    0x00, 0x01, 0x00, 0x00, 0x22, 0x40, 0x00, 0x00, 0x60, 0x13, 0x00, 0x00,
    0x0d, 0x01, 0x0a, 0x00, 0x2f, 0x01, 0x01, 0x00, 0x02, 0x00, 0x00, 0x00,
    0x00, 0x40, 0x00, 0x00, 0x30, 0xab, 0x02, 0x00, 0x10, 0x40, 0x00, 0x00,
    0x90, 0x5b, 0x02, 0x00, 0x2f, 0x01, 0x03, 0x00, 0x02, 0x00, 0x00, 0x00,
    0x00, 0x40, 0x00, 0x00, 0x30, 0x5f, 0x02, 0x00, 0x0b, 0x01, 0x02, 0x00,
    0x0c, 0x01, 0x02, 0x00, 0x01, 0x01, 0x02, 0x00, 0x02, 0x01, 0x02, 0x00,
    0x10, 0x40, 0x00, 0x00, 0x70, 0xb2, 0x02, 0x00, 0x21, 0x01, 0x02, 0x00,
    0x20, 0x01, 0x04, 0x00, 0x20, 0x40, 0x00, 0x00, 0x60, 0x15, 0x00, 0x00,
    0x21, 0x40, 0x00, 0x00, 0xe0, 0x00, 0x00, 0x00, 0x22, 0x40, 0x00, 0x00,
    0xe0, 0x14, 0x00, 0x00, 0x2f, 0x01, 0x01, 0x00, 0x03, 0x00, 0x00, 0x00,
    0x00, 0x40, 0x00, 0x00, 0xd0, 0xae, 0x02, 0x00, 0x0b, 0x01, 0x00, 0x00,
    0x0c, 0x01, 0x00, 0x00, 0x01, 0x01, 0x00, 0x00, 0x02, 0x01, 0x00, 0x00,
    0x10, 0x40, 0x00, 0x00, 0x10, 0xb6, 0x02, 0x00, 0x21, 0x01, 0x00, 0x00,
    0x20, 0x01, 0x00, 0x00, 0x20, 0x40, 0x00, 0x00, 0xc0, 0x16, 0x00, 0x00,
    0x21, 0x40, 0x00, 0x00, 0xf0, 0x00, 0x00, 0x00, 0x22, 0x40, 0x00, 0x00,
    0x40, 0x16, 0x00, 0x00, 0x02, 0x00, 0x00, 0x00, 0x00, 0x40, 0x00, 0x00,
    0x70, 0xb2, 0x02, 0x00, 0x10, 0x40, 0x00, 0x00, 0xb0, 0xb9, 0x02, 0x00,
    0x2f, 0x01, 0x03, 0x00, 0x02, 0x00, 0x00, 0x00, 0x00, 0x40, 0x00, 0x00,
    0x10, 0xb6, 0x02, 0x00, 0x10, 0x40, 0x00, 0x00, 0xd8, 0x14, 0x00, 0x00,
    0x13, 0x01, 0x00, 0x00, 0x15, 0x40, 0x00, 0x00, 0x3a, 0x00, 0x00, 0x00,
    0x14, 0x40, 0x00, 0x00, 0x01, 0x00, 0x00, 0x00, 0x16, 0x40, 0x00, 0x00,
    0x01, 0x00, 0x00, 0x00, 0x18, 0x01, 0x5a, 0x00, 0x14, 0x01, 0x01, 0x00,
    0x20, 0x40, 0x00, 0x00, 0xc0, 0x17, 0x00, 0x00, 0x21, 0x40, 0x00, 0x00,
    0x40, 0x00, 0x00, 0x00, 0x22, 0x40, 0x00, 0x00, 0xb0, 0x17, 0x00, 0x00,
    0x23, 0x40, 0x00, 0x00, 0x10, 0x00, 0x00, 0x00, 0x17, 0x01, 0x07, 0x00,
    0x2f, 0x01, 0x01, 0x00, 0x02, 0x00, 0x00, 0x00, 0x00, 0x40, 0x00, 0x00,
    0xb0, 0xb9, 0x02, 0x00, 0x10, 0x40, 0x00, 0x00, 0x12, 0x15, 0x00, 0x00,
    0x2f, 0x01, 0x03, 0x00, 0x02, 0x00, 0x00, 0x00, 0x00, 0x40, 0x00, 0x00,
    0xd0, 0x62, 0x02, 0x00, 0x0b, 0x01, 0x02, 0x00, 0x0c, 0x01, 0x02, 0x00,
    0x01, 0x01, 0x02, 0x00, 0x02, 0x01, 0x02, 0x00, 0x10, 0x40, 0x00, 0x00,
    0xd0, 0xae, 0x02, 0x00, 0x13, 0x01, 0x0b, 0x00, 0x15, 0x40, 0x00, 0x00,
    0xa0, 0x03, 0x00, 0x00, 0x14, 0x40, 0x00, 0x00, 0x10, 0x00, 0x00, 0x00,
    0x16, 0x40, 0x00, 0x00, 0xa0, 0x03, 0x00, 0x00, 0x18, 0x01, 0x80, 0xff,
    0x14, 0x01, 0x41, 0x00, 0x21, 0x01, 0x02, 0x00, 0x20, 0x01, 0x04, 0x00,
    0x20, 0x40, 0x00, 0x00, 0x60, 0x15, 0x00, 0x00, 0x21, 0x40, 0x00, 0x00,
    0xe0, 0x00, 0x00, 0x00, 0x22, 0x40, 0x00, 0x00, 0xe0, 0x14, 0x00, 0x00,
    0x23, 0x40, 0x00, 0x00, 0x80, 0x00, 0x00, 0x00, 0x17, 0x01, 0x0f, 0x00,
    0x03, 0x00, 0x00, 0x00, 0x00, 0x40, 0x00, 0x00, 0x70, 0x66, 0x02, 0x00,
    0x02, 0x40, 0x00, 0x00, 0xf0, 0x57, 0x02, 0x00, 0x0b, 0x01, 0x01, 0x00,
    0x0c, 0x01, 0x01, 0x00, 0x10, 0x40, 0x00, 0x00, 0x70, 0xb2, 0x02, 0x00,
    0x03, 0x00, 0x00, 0x00, 0x00, 0x40, 0x00, 0x00, 0xd0, 0xae, 0x02, 0x00,
    0x02, 0x40, 0x00, 0x00, 0x00, 0x00, 0x00, 0x00, 0x0b, 0x01, 0x00, 0x00,
    0x0c, 0x01, 0x00, 0x00, 0x01, 0x01, 0x00, 0x00, 0x02, 0x01, 0x00, 0x00,
    0x10, 0x40, 0x00, 0x00, 0x10, 0xb6, 0x02, 0x00, 0x21, 0x01, 0x00, 0x00,
    0x20, 0x01, 0x00, 0x00, 0x20, 0x40, 0x00, 0x00, 0xc0, 0x16, 0x00, 0x00,
    0x21, 0x40, 0x00, 0x00, 0xf0, 0x00, 0x00, 0x00, 0x22, 0x40, 0x00, 0x00,
    0x40, 0x16, 0x00, 0x00, 0x2f, 0x01, 0x01, 0x00, 0x02, 0x00, 0x00, 0x00,
    0x00, 0x40, 0x00, 0x00, 0x70, 0xb2, 0x02, 0x00, 0x10, 0x40, 0x00, 0x00,
    0xb0, 0xb9, 0x02, 0x00, 0x2f, 0x01, 0x03, 0x00, 0x02, 0x00, 0x00, 0x00,
    0x00, 0x40, 0x00, 0x00, 0x10, 0xb6, 0x02, 0x00, 0x10, 0x40, 0x00, 0x00,
    0x4c, 0x15, 0x00, 0x00, 0x13, 0x01, 0x00, 0x00, 0x15, 0x40, 0x00, 0x00,
    0x3a, 0x00, 0x00, 0x00, 0x14, 0x40, 0x00, 0x00, 0x01, 0x00, 0x00, 0x00,
    0x16, 0x40, 0x00, 0x00, 0x01, 0x00, 0x00, 0x00, 0x18, 0x01, 0x5a, 0x00,
    0x14, 0x01, 0x01, 0x00, 0x20, 0x40, 0x00, 0x00, 0xc0, 0x17, 0x00, 0x00,
    0x21, 0x40, 0x00, 0x00, 0x40, 0x00, 0x00, 0x00, 0x22, 0x40, 0x00, 0x00,
    0xb0, 0x17, 0x00, 0x00, 0x23, 0x40, 0x00, 0x00, 0x10, 0x00, 0x00, 0x00,
    0x17, 0x01, 0x07, 0x00, 0x2f, 0x01, 0x01, 0x00, 0x02, 0x00, 0x00, 0x00,
    0x00, 0x40, 0x00, 0x00, 0xb0, 0xb9, 0x02, 0x00, 0x10, 0x40, 0x00, 0x00,
    0x86, 0x15, 0x00, 0x00, 0x2f, 0x01, 0x03, 0x00, 0x02, 0x00, 0x00, 0x00,
    0x00, 0x40, 0x00, 0x00, 0x10, 0x6a, 0x02, 0x00, 0x02, 0x40, 0x00, 0x00,
    0xf0, 0x57, 0x02, 0x00, 0x01, 0x01, 0x02, 0x00, 0x02, 0x01, 0x02, 0x00,
    0x10, 0x40, 0x00, 0x00, 0xd0, 0xae, 0x02, 0x00, 0x13, 0x01, 0x0b, 0x00,
    0x15, 0x40, 0x00, 0x00, 0xa0, 0x03, 0x00, 0x00, 0x14, 0x40, 0x00, 0x00,
    0x10, 0x00, 0x00, 0x00, 0x16, 0x40, 0x00, 0x00, 0xa0, 0x03, 0x00, 0x00,
    0x18, 0x01, 0x80, 0xff, 0x14, 0x01, 0x41, 0x00, 0x21, 0x01, 0x02, 0x00,
    0x20, 0x01, 0x04, 0x00, 0x20, 0x40, 0x00, 0x00, 0x60, 0x15, 0x00, 0x00,
    0x21, 0x40, 0x00, 0x00, 0xe0, 0x00, 0x00, 0x00, 0x22, 0x40, 0x00, 0x00,
    0xe0, 0x14, 0x00, 0x00, 0x23, 0x40, 0x00, 0x00, 0x80, 0x00, 0x00, 0x00,
    0x17, 0x01, 0x0f, 0x00, 0x03, 0x00, 0x00, 0x00, 0x00, 0x40, 0x00, 0x00,
    0x10, 0x4d, 0x02, 0x00, 0x02, 0x40, 0x00, 0x00, 0x00, 0x00, 0x00, 0x00,
    0x0b, 0x01, 0x02, 0x00, 0x0c, 0x01, 0x02, 0x00, 0x01, 0x01, 0x01, 0x00,
    0x02, 0x01, 0x01, 0x00, 0x10, 0x40, 0x00, 0x00, 0x50, 0xa0, 0x02, 0x00,
    0x20, 0x01, 0x02, 0x00, 0x20, 0x40, 0x00, 0x00, 0xd0, 0x0f, 0x00, 0x00,
    0x21, 0x40, 0x00, 0x00, 0xb0, 0x00, 0x00, 0x00, 0x22, 0x40, 0x00, 0x00,
    0x50, 0x0f, 0x00, 0x00, 0x03, 0x00, 0x00, 0x00, 0x00, 0x40, 0x00, 0x00,
    0xb0, 0x50, 0x02, 0x00, 0x0b, 0x01, 0x01, 0x00, 0x0c, 0x01, 0x01, 0x00,
    0x03, 0x01, 0x01, 0x00, 0x10, 0x40, 0x00, 0x00, 0xf0, 0xa3, 0x02, 0x00,
    0x03, 0x00, 0x00, 0x00, 0x00, 0x40, 0x00, 0x00, 0x50, 0xa0, 0x02, 0x00,
    0x0b, 0x01, 0x00, 0x00, 0x0c, 0x01, 0x00, 0x00, 0x01, 0x01, 0x00, 0x00,
    0x03, 0x01, 0x00, 0x00, 0x02, 0x01, 0x00, 0x00, 0x10, 0x40, 0x00, 0x00,
    0x70, 0xf2, 0x01, 0x00, 0x21, 0x01, 0x00, 0x00, 0x20, 0x01, 0x00, 0x00,
    0x20, 0x40, 0x00, 0x00, 0x00, 0x11, 0x00, 0x00, 0x21, 0x40, 0x00, 0x00,
    0x00, 0x01, 0x00, 0x00, 0x22, 0x40, 0x00, 0x00, 0x80, 0x10, 0x00, 0x00,
    0x2f, 0x01, 0x01, 0x00, 0x02, 0x00, 0x00, 0x00, 0x00, 0x40, 0x00, 0x00,
    0xf0, 0xa3, 0x02, 0x00, 0x10, 0x40, 0x00, 0x00, 0x10, 0xf6, 0x01, 0x00,
    0x2f, 0x01, 0x03, 0x00, 0x02, 0x00, 0x00, 0x00, 0x00, 0x40, 0x00, 0x00,
    0x30, 0x08, 0x02, 0x00, 0x02, 0x40, 0x00, 0x00, 0x70, 0xf2, 0x01, 0x00,
    0x0b, 0x01, 0x03, 0x00, 0x0c, 0x01, 0x03, 0x00, 0x01, 0x01, 0x01, 0x00,
    0x02, 0x01, 0x01, 0x00, 0x10, 0x40, 0x00, 0x00, 0x90, 0xa7, 0x02, 0x00,
    0x21, 0x01, 0x04, 0x00, 0x20, 0x01, 0x02, 0x00, 0x20, 0x40, 0x00, 0x00,
    0x80, 0x12, 0x00, 0x00, 0x21, 0x40, 0x00, 0x00, 0xe0, 0x00, 0x00, 0x00,
    0x22, 0x40, 0x00, 0x00, 0x00, 0x12, 0x00, 0x00, 0x0d, 0x01, 0x12, 0x00,
    0x2f, 0x01, 0x01, 0x00, 0x03, 0x00, 0x00, 0x00, 0x00, 0x40, 0x00, 0x00,
    0xd0, 0x0b, 0x02, 0x00, 0x0b, 0x01, 0x02, 0x00, 0x0c, 0x01, 0x02, 0x00,
    0x10, 0x40, 0x00, 0x00, 0x30, 0xab, 0x02, 0x00, 0x2f, 0x01, 0x03, 0x00,
    0x03, 0x00, 0x00, 0x00, 0x00, 0x40, 0x00, 0x00, 0x90, 0xa7, 0x02, 0x00,
    0x02, 0x40, 0x00, 0x00, 0x00, 0x00, 0x00, 0x00, 0x0b, 0x01, 0x00, 0x00,
    0x0c, 0x01, 0x00, 0x00, 0x01, 0x01, 0x00, 0x00, 0x02, 0x01, 0x00, 0x00,
    0x10, 0x40, 0x00, 0x00, 0x30, 0x5f, 0x02, 0x00, 0x21, 0x01, 0x00, 0x00,
    0x20, 0x01, 0x00, 0x00, 0x20, 0x40, 0x00, 0x00, 0xe0, 0x13, 0x00, 0x00,
    0x21, 0x40, 0x00, 0x00, 0x00, 0x01, 0x00, 0x00, 0x22, 0x40, 0x00, 0x00,
    0x60, 0x13, 0x00, 0x00, 0x0d, 0x01, 0x0a, 0x00, 0x2f, 0x01, 0x01, 0x00,
    0x02, 0x00, 0x00, 0x00, 0x00, 0x40, 0x00, 0x00, 0x30, 0xab, 0x02, 0x00,
    0x10, 0x40, 0x00, 0x00, 0xd0, 0x62, 0x02, 0x00, 0x2f, 0x01, 0x03, 0x00,
    0x02, 0x00, 0x00, 0x00, 0x00, 0x40, 0x00, 0x00, 0x70, 0x0f, 0x02, 0x00,
    0x02, 0x40, 0x00, 0x00, 0x70, 0xf2, 0x01, 0x00, 0x0b, 0x01, 0x01, 0x00,
    0x0c, 0x01, 0x01, 0x00, 0x01, 0x01, 0x01, 0x00, 0x03, 0x01, 0x01, 0x00,
    0x02, 0x01, 0x01, 0x00, 0x10, 0x40, 0x00, 0x00, 0x90, 0xa7, 0x02, 0x00,
    0x21, 0x01, 0x04, 0x00, 0x20, 0x01, 0x02, 0x00, 0x20, 0x40, 0x00, 0x00,
    0x80, 0x12, 0x00, 0x00, 0x21, 0x40, 0x00, 0x00, 0xe0, 0x00, 0x00, 0x00,
    0x22, 0x40, 0x00, 0x00, 0x00, 0x12, 0x00, 0x00, 0x0d, 0x01, 0x12, 0x00,
    0x03, 0x00, 0x00, 0x00, 0x00, 0x40, 0x00, 0x00, 0x10, 0x13, 0x02, 0x00,
    0x0b, 0x01, 0x00, 0x00, 0x0c, 0x01, 0x00, 0x00, 0x03, 0x01, 0x02, 0x00,
    0x10, 0x40, 0x00, 0x00, 0x30, 0xab, 0x02, 0x00, 0x03, 0x00, 0x00, 0x00,
    0x00, 0x40, 0x00, 0x00, 0x90, 0xa7, 0x02, 0x00, 0x02, 0x40, 0x00, 0x00,
    0x00, 0x00, 0x00, 0x00, 0x01, 0x01, 0x00, 0x00, 0x03, 0x01, 0x00, 0x00,
    0x02, 0x01, 0x00, 0x00, 0x10, 0x40, 0x00, 0x00, 0x70, 0x66, 0x02, 0x00,
    0x21, 0x01, 0x00, 0x00, 0x20, 0x01, 0x00, 0x00, 0x20, 0x40, 0x00, 0x00,
    0xe0, 0x13, 0x00, 0x00, 0x21, 0x40, 0x00, 0x00, 0x00, 0x01, 0x00, 0x00,
    0x22, 0x40, 0x00, 0x00, 0x60, 0x13, 0x00, 0x00, 0x0d, 0x01, 0x0a, 0x00,
    0x2f, 0x01, 0x01, 0x00, 0x02, 0x00, 0x00, 0x00, 0x00, 0x40, 0x00, 0x00,
    0x30, 0xab, 0x02, 0x00, 0x10, 0x40, 0x00, 0x00, 0x10, 0x6a, 0x02, 0x00,
    0x2f, 0x01, 0x03, 0x00, 0x02, 0x00, 0x00, 0x00, 0x00, 0x40, 0x00, 0x00,
    0xf0, 0x57, 0x02, 0x00, 0x0b, 0x01, 0x02, 0x00, 0x0c, 0x01, 0x02, 0x00,
    0x01, 0x01, 0x02, 0x00, 0x02, 0x01, 0x02, 0x00, 0x10, 0x40, 0x00, 0x00,
    0x70, 0xb2, 0x02, 0x00, 0x21, 0x01, 0x02, 0x00, 0x20, 0x01, 0x04, 0x00,
    0x20, 0x40, 0x00, 0x00, 0x60, 0x15, 0x00, 0x00, 0x21, 0x40, 0x00, 0x00,
    0xe0, 0x00, 0x00, 0x00, 0x22, 0x40, 0x00, 0x00, 0xe0, 0x14, 0x00, 0x00,
    0x2f, 0x01, 0x01, 0x00, 0x03, 0x00, 0x00, 0x00, 0x00, 0x40, 0x00, 0x00,
    0xd0, 0xae, 0x02, 0x00, 0x0b, 0x01, 0x00, 0x00, 0x0c, 0x01, 0x00, 0x00,
    0x01, 0x01, 0x00, 0x00, 0x02, 0x01, 0x00, 0x00, 0x10, 0x40, 0x00, 0x00,
    0x10, 0xb6, 0x02, 0x00, 0x21, 0x01, 0x00, 0x00, 0x20, 0x01, 0x00, 0x00,
    0x20, 0x40, 0x00, 0x00, 0xc0, 0x16, 0x00, 0x00, 0x21, 0x40, 0x00, 0x00,
    0xf0, 0x00, 0x00, 0x00, 0x22, 0x40, 0x00, 0x00, 0x40, 0x16, 0x00, 0x00,
    0x02, 0x00, 0x00, 0x00, 0x00, 0x40, 0x00, 0x00, 0x70, 0xb2, 0x02, 0x00,
    0x10, 0x40, 0x00, 0x00, 0xb0, 0xb9, 0x02, 0x00, 0x2f, 0x01, 0x03, 0x00,
    0x02, 0x00, 0x00, 0x00, 0x00, 0x40, 0x00, 0x00, 0x10, 0xb6, 0x02, 0x00,
    0x10, 0x40, 0x00, 0x00, 0xc0, 0x15, 0x00, 0x00, 0x13, 0x01, 0x00, 0x00,
    0x15, 0x40, 0x00, 0x00, 0x3a, 0x00, 0x00, 0x00, 0x14, 0x40, 0x00, 0x00,
    0x01, 0x00, 0x00, 0x00, 0x16, 0x40, 0x00, 0x00, 0x01, 0x00, 0x00, 0x00,
    0x18, 0x01, 0x5a, 0x00, 0x14, 0x01, 0x01, 0x00, 0x20, 0x40, 0x00, 0x00,
    0xc0, 0x17, 0x00, 0x00, 0x21, 0x40, 0x00, 0x00, 0x40, 0x00, 0x00, 0x00,
    0x22, 0x40, 0x00, 0x00, 0xb0, 0x17, 0x00, 0x00, 0x23, 0x40, 0x00, 0x00,
    0x10, 0x00, 0x00, 0x00, 0x17, 0x01, 0x07, 0x00, 0x2f, 0x01, 0x01, 0x00,
    0x02, 0x00, 0x00, 0x00, 0x00, 0x40, 0x00, 0x00, 0xb0, 0xb9, 0x02, 0x00,
    0x10, 0x40, 0x00, 0x00, 0xfa, 0x15, 0x00, 0x00, 0x2f, 0x01, 0x03, 0x00,
    0x02, 0x00, 0x00, 0x00, 0x00, 0x40, 0x00, 0x00, 0x90, 0x5b, 0x02, 0x00,
    0x0b, 0x01, 0x02, 0x00, 0x0c, 0x01, 0x02, 0x00, 0x01, 0x01, 0x02, 0x00,
    0x02, 0x01, 0x02, 0x00, 0x10, 0x40, 0x00, 0x00, 0xd0, 0xae, 0x02, 0x00,
    0x13, 0x01, 0x0b, 0x00, 0x15, 0x40, 0x00, 0x00, 0xa0, 0x03, 0x00, 0x00,
    0x14, 0x40, 0x00, 0x00, 0x10, 0x00, 0x00, 0x00, 0x16, 0x40, 0x00, 0x00,
    0xa0, 0x03, 0x00, 0x00, 0x18, 0x01, 0x80, 0xff, 0x14, 0x01, 0x41, 0x00,
    0x21, 0x01, 0x02, 0x00, 0x20, 0x01, 0x04, 0x00, 0x20, 0x40, 0x00, 0x00,
    0x60, 0x15, 0x00, 0x00, 0x21, 0x40, 0x00, 0x00, 0xe0, 0x00, 0x00, 0x00,
    0x22, 0x40, 0x00, 0x00, 0xe0, 0x14, 0x00, 0x00, 0x23, 0x40, 0x00, 0x00,
    0x80, 0x00, 0x00, 0x00, 0x17, 0x01, 0x0f, 0x00, 0x03, 0x00, 0x00, 0x00,
    0x00, 0x40, 0x00, 0x00, 0x30, 0x5f, 0x02, 0x00, 0x10, 0x40, 0x00, 0x00,
    0x70, 0xb2, 0x02, 0x00, 0x03, 0x00, 0x00, 0x00, 0x00, 0x40, 0x00, 0x00,
    0xd0, 0xae, 0x02, 0x00, 0x0b, 0x01, 0x00, 0x00, 0x0c, 0x01, 0x00, 0x00,
    0x01, 0x01, 0x00, 0x00, 0x02, 0x01, 0x00, 0x00, 0x10, 0x40, 0x00, 0x00,
    0x10, 0xb6, 0x02, 0x00, 0x21, 0x01, 0x00, 0x00, 0x20, 0x01, 0x00, 0x00,
    0x20, 0x40, 0x00, 0x00, 0xc0, 0x16, 0x00, 0x00, 0x21, 0x40, 0x00, 0x00,
    0xf0, 0x00, 0x00, 0x00, 0x22, 0x40, 0x00, 0x00, 0x40, 0x16, 0x00, 0x00,
    0x2f, 0x01, 0x01, 0x00, 0x02, 0x00, 0x00, 0x00, 0x00, 0x40, 0x00, 0x00,
    0x70, 0xb2, 0x02, 0x00, 0x10, 0x40, 0x00, 0x00, 0xb0, 0xb9, 0x02, 0x00,
    0x2f, 0x01, 0x03, 0x00, 0x02, 0x00, 0x00, 0x00, 0x00, 0x40, 0x00, 0x00,
    0x10, 0xb6, 0x02, 0x00, 0x10, 0x40, 0x00, 0x00, 0x34, 0x16, 0x00, 0x00,
    0x13, 0x01, 0x00, 0x00, 0x15, 0x40, 0x00, 0x00, 0x3a, 0x00, 0x00, 0x00,
    0x14, 0x40, 0x00, 0x00, 0x01, 0x00, 0x00, 0x00, 0x16, 0x40, 0x00, 0x00,
    0x01, 0x00, 0x00, 0x00, 0x18, 0x01, 0x5a, 0x00, 0x14, 0x01, 0x01, 0x00,
    0x20, 0x40, 0x00, 0x00, 0xc0, 0x17, 0x00, 0x00, 0x21, 0x40, 0x00, 0x00,
    0x40, 0x00, 0x00, 0x00, 0x22, 0x40, 0x00, 0x00, 0xb0, 0x17, 0x00, 0x00,
    0x23, 0x40, 0x00, 0x00, 0x10, 0x00, 0x00, 0x00, 0x17, 0x01, 0x07, 0x00,
    0x2f, 0x01, 0x01, 0x00, 0x02, 0x00, 0x00, 0x00, 0x00, 0x40, 0x00, 0x00,
    0xb0, 0xb9, 0x02, 0x00, 0x10, 0x40, 0x00, 0x00, 0x6e, 0x16, 0x00, 0x00,
    0x2f, 0x01, 0x03, 0x00, 0x02, 0x00, 0x00, 0x00, 0x00, 0x40, 0x00, 0x00,
    0xd0, 0x62, 0x02, 0x00, 0x0b, 0x01, 0x02, 0x00, 0x0c, 0x01, 0x02, 0x00,
    0x01, 0x01, 0x02, 0x00, 0x02, 0x01, 0x02, 0x00, 0x10, 0x40, 0x00, 0x00,
    0xd0, 0xae, 0x02, 0x00, 0x13, 0x01, 0x0b, 0x00, 0x15, 0x40, 0x00, 0x00,
    0xa0, 0x03, 0x00, 0x00, 0x14, 0x40, 0x00, 0x00, 0x10, 0x00, 0x00, 0x00,
    0x16, 0x40, 0x00, 0x00, 0xa0, 0x03, 0x00, 0x00, 0x18, 0x01, 0x80, 0xff,
    0x14, 0x01, 0x41, 0x00, 0x21, 0x01, 0x02, 0x00, 0x20, 0x01, 0x04, 0x00,
    0x20, 0x40, 0x00, 0x00, 0x60, 0x15, 0x00, 0x00, 0x21, 0x40, 0x00, 0x00,
    0xe0, 0x00, 0x00, 0x00, 0x22, 0x40, 0x00, 0x00, 0xe0, 0x14, 0x00, 0x00,
    0x23, 0x40, 0x00, 0x00, 0x80, 0x00, 0x00, 0x00, 0x17, 0x01, 0x0f, 0x00,
    0x03, 0x00, 0x00, 0x00, 0x00, 0x40, 0x00, 0x00, 0x70, 0x66, 0x02, 0x00,
    0x0b, 0x01, 0x01, 0x00, 0x0c, 0x01, 0x01, 0x00, 0x03, 0x01, 0x01, 0x00,
    0x10, 0x40, 0x00, 0x00, 0x70, 0xb2, 0x02, 0x00, 0x03, 0x00, 0x00, 0x00,
    0x00, 0x40, 0x00, 0x00, 0xd0, 0xae, 0x02, 0x00, 0x0b, 0x01, 0x00, 0x00,
    0x0c, 0x01, 0x00, 0x00, 0x01, 0x01, 0x00, 0x00, 0x03, 0x01, 0x00, 0x00,
    0x02, 0x01, 0x00, 0x00, 0x10, 0x40, 0x00, 0x00, 0x10, 0xb6, 0x02, 0x00,
    0x21, 0x01, 0x00, 0x00, 0x20, 0x01, 0x00, 0x00, 0x20, 0x40, 0x00, 0x00,
    0xc0, 0x16, 0x00, 0x00, 0x21, 0x40, 0x00, 0x00, 0xf0, 0x00, 0x00, 0x00,
    0x22, 0x40, 0x00, 0x00, 0x40, 0x16, 0x00, 0x00, 0x2f, 0x01, 0x01, 0x00,
    0x02, 0x00, 0x00, 0x00, 0x00, 0x40, 0x00, 0x00, 0x70, 0xb2, 0x02, 0x00,
    0x10, 0x40, 0x00, 0x00, 0xb0, 0xb9, 0x02, 0x00, 0x2f, 0x01, 0x03, 0x00,
    0x02, 0x00, 0x00, 0x00, 0x00, 0x40, 0x00, 0x00, 0x10, 0xb6, 0x02, 0x00,
    0x10, 0x40, 0x00, 0x00, 0xa8, 0x16, 0x00, 0x00, 0x13, 0x01, 0x00, 0x00,
    0x15, 0x40, 0x00, 0x00, 0x3a, 0x00, 0x00, 0x00, 0x14, 0x40, 0x00, 0x00,
    0x01, 0x00, 0x00, 0x00, 0x16, 0x40, 0x00, 0x00, 0x01, 0x00, 0x00, 0x00,
    0x18, 0x01, 0x5a, 0x00, 0x14, 0x01, 0x01, 0x00, 0x20, 0x40, 0x00, 0x00,
    0xc0, 0x17, 0x00, 0x00, 0x21, 0x40, 0x00, 0x00, 0x40, 0x00, 0x00, 0x00,
    0x22, 0x40, 0x00, 0x00, 0xb0, 0x17, 0x00, 0x00, 0x23, 0x40, 0x00, 0x00,
    0x10, 0x00, 0x00, 0x00, 0x17, 0x01, 0x07, 0x00, 0x2f, 0x01, 0x01, 0x00,
    0x02, 0x00, 0x00, 0x00, 0x00, 0x40, 0x00, 0x00, 0xb0, 0xb9, 0x02, 0x00,
    0x10, 0x40, 0x00, 0x00, 0xe2, 0x16, 0x00, 0x00, 0x2f, 0x01, 0x03, 0x00,
    0x02, 0x00, 0x00, 0x00, 0x00, 0x00, 0xff, 0xff,
};

static const uint8_t g_rf_v31_dji_control_weights[RF_V31_DJI_CONTROL_WEIGHT_BYTES]
    RF_V31_ALIGN RF_V31_WEIGHT_SECTION = {
    0xda, 0xff, 0xff, 0xff, 0xff, 0x90, 0xdf, 0x10, 0x6f, 0x24, 0xf6, 0xff,
    0xff, 0xff, 0xff, 0x40, 0xd5, 0x1e, 0x41, 0x23, 0x90, 0xff, 0xff, 0xff,
    0xff, 0xf1, 0x12, 0xc5, 0x75, 0x24, 0x0a, 0x00, 0x00, 0x00, 0x00, 0x40,
    0x74, 0x7e, 0x68, 0x24, 0xdd, 0xff, 0xff, 0xff, 0xff, 0xb8, 0xf4, 0xf1,
    0x4e, 0x24, 0x22, 0x00, 0x00, 0x00, 0x00, 0x05, 0x8b, 0x74, 0x71, 0x24,
    0xab, 0x00, 0x00, 0x00, 0x00, 0xf5, 0x5e, 0xd4, 0x78, 0x24, 0x33, 0x00,
    0x00, 0x00, 0x00, 0xf4, 0x11, 0x0b, 0x50, 0x24, 0x78, 0x00, 0x00, 0x00,
    0x00, 0x75, 0xd1, 0x52, 0x46, 0x23, 0xe7, 0xff, 0xff, 0xff, 0xff, 0x72,
    0xb5, 0xc6, 0x6a, 0x24, 0x46, 0x00, 0x00, 0x00, 0x00, 0xef, 0x2b, 0x0d,
    0x6c, 0x24, 0xb3, 0xff, 0xff, 0xff, 0xff, 0xd2, 0x1c, 0x8d, 0x5f, 0x24,
    0x00, 0x00, 0x00, 0x00, 0x00, 0x00, 0x00, 0x00, 0x70, 0x04, 0xdc, 0x01,
    0x0c, 0x0f, 0x0f, 0x0f, 0xbb, 0x55, 0x98, 0x9c, 0x39, 0xe3, 0x28, 0x06,
    0x0f, 0xa0, 0x79, 0x6a, 0xfc, 0xfb, 0x5f, 0x0b, 0x29, 0x0f, 0x6f, 0x5b,
    0xa6, 0x77, 0x1d, 0x47, 0xcc, 0x95, 0x0a, 0x0f, 0x29, 0xd9, 0xfb, 0x2e,
    0xfb, 0x6d, 0x6b, 0x41, 0x0f, 0x0f, 0x0f, 0xc5, 0x12, 0xfb, 0x76, 0xd8,
    0x53, 0x1d, 0xfc, 0x0f, 0xdf, 0x62, 0x89, 0x20, 0x69, 0xa4, 0xca, 0x98,
    0x0e, 0x0f, 0xdd, 0x01, 0xfa, 0xfb, 0x62, 0xde, 0x6a, 0xfc, 0x0f, 0x0f,
    0x0f, 0x5a, 0x46, 0x16, 0x98, 0xe7, 0xeb, 0xb4, 0x68, 0x0f, 0x6f, 0xfa,
    0x11, 0x13, 0xfb, 0x82, 0x12, 0x80, 0x08, 0x0f, 0x57, 0x83, 0x10, 0x97,
    0x43, 0x99, 0xae, 0x84, 0x0f, 0x0f, 0x0f, 0xb6, 0x25, 0xae, 0x29, 0xb2,
    0x69, 0xc5, 0x00, 0x0f, 0xbf, 0x61, 0x51, 0xeb, 0x68, 0x45, 0xa2, 0x84,
    0xf9, 0xff, 0x39, 0x6d, 0xfb, 0x9b, 0x85, 0xfb, 0x8d, 0x0b, 0xff, 0xff,
    0xff, 0xff, 0xff, 0xff, 0x2f, 0x0f, 0x0f, 0x0f, 0xdf, 0xe7, 0x94, 0x97,
    0xc5, 0xd6, 0x81, 0x77, 0xf1, 0xff, 0x13, 0x6c, 0xeb, 0x7a, 0x63, 0x49,
    0xd4, 0x10, 0xff, 0xff, 0x0f, 0x0f, 0x0f, 0x0f, 0x44, 0x06, 0xd2, 0x2f,
    0x2f, 0xfc, 0x38, 0x36, 0xff, 0xff, 0xff, 0x55, 0x34, 0x57, 0x1e, 0x9a,
    0x27, 0x24, 0xb0, 0xff, 0x0f, 0x0f, 0x0f, 0x0f, 0xff, 0x4e, 0xfc, 0xa8,
    0xb7, 0x3c, 0x8a, 0x4b, 0xff, 0xff, 0xff, 0xff, 0xff, 0xff, 0xff, 0xff,
    0xff, 0xff, 0xff, 0x0f, 0xff, 0xff, 0xff, 0xff, 0xff, 0xff, 0xff, 0xff,
    0xff, 0xff, 0xff, 0xff, 0x8a, 0x0a, 0x00, 0x00, 0x00, 0x80, 0xaf, 0x49,
    0x76, 0x26, 0x80, 0xed, 0xff, 0xff, 0xff, 0x00, 0x11, 0xc8, 0x51, 0x26,
    0xc4, 0x0d, 0x00, 0x00, 0x00, 0x00, 0x1e, 0xab, 0x60, 0x26, 0xa1, 0x03,
    0x00, 0x00, 0x00, 0x00, 0xbf, 0x05, 0x69, 0x26, 0x16, 0x09, 0x00, 0x00,
    0x00, 0x00, 0x18, 0xef, 0x44, 0x25, 0xe2, 0x08, 0x00, 0x00, 0x00, 0x80,
    0x94, 0x65, 0x62, 0x26, 0x56, 0xf8, 0xff, 0xff, 0xff, 0x80, 0xbe, 0xcb,
    0x5e, 0x26, 0x1e, 0x13, 0x00, 0x00, 0x00, 0x00, 0x6e, 0xf1, 0x4d, 0x26,
    0xc5, 0xf9, 0xff, 0xff, 0xff, 0x00, 0x21, 0xac, 0x7b, 0x26, 0xec, 0xf1,
    0xff, 0xff, 0xff, 0x80, 0x83, 0x73, 0x65, 0x26, 0x90, 0x10, 0x00, 0x00,
    0x00, 0x00, 0xe9, 0x48, 0x51, 0x26, 0x57, 0x0d, 0x00, 0x00, 0x00, 0x80,
    0x7f, 0x97, 0x5a, 0x26, 0x00, 0x00, 0x00, 0x00, 0x00, 0x00, 0x00, 0x00,
    0x90, 0x05, 0x5c, 0x01, 0x0c, 0x00, 0x3b, 0x48, 0x64, 0x7b, 0x73, 0xfc,
    0x20, 0x28, 0x00, 0x60, 0x21, 0x3e, 0x2d, 0x35, 0xb7, 0xbd, 0x54, 0x0b,
    0x00, 0x55, 0xf2, 0x6f, 0xdd, 0x59, 0x3d, 0x54, 0x77, 0x3c, 0xe0, 0x04,
    0x25, 0x73, 0x83, 0x80, 0x67, 0x00, 0x00, 0xe8, 0xfe, 0x91, 0x37, 0xe7,
    0xc8, 0x9f, 0x0e, 0x00, 0x80, 0x74, 0x4d, 0x85, 0x74, 0xf9, 0x72, 0x22,
    0x8d, 0x35, 0x6a, 0x46, 0x69, 0x6b, 0x31, 0x01, 0x00, 0x10, 0x00, 0x9a,
    0xb1, 0xc6, 0x40, 0xb9, 0xa5, 0x08, 0x00, 0xc1, 0x1b, 0x1c, 0x44, 0x9b,
    0x88, 0x9e, 0x98, 0xb6, 0xb2, 0x85, 0x8e, 0x7f, 0xc3, 0xc1, 0x28, 0x00,
    0xd0, 0xdf, 0xbf, 0x56, 0x23, 0xb2, 0xab, 0xe4, 0x03, 0x02, 0x22, 0x8e,
    0xfd, 0xa6, 0x50, 0xe2, 0x24, 0xd5, 0x3e, 0xbb, 0xd4, 0xb3, 0xfc, 0x0e,
    0x32, 0x9f, 0x00, 0x30, 0x50, 0xc6, 0x94, 0x50, 0x58, 0xdd, 0x1f, 0xfd,
    0x0f, 0xa8, 0x67, 0xfc, 0x0f, 0x02, 0x30, 0x95, 0x4f, 0x0f, 0xaf, 0x5d,
    0xa4, 0x69, 0xb9, 0x16, 0xbd, 0xcd, 0x0f, 0x0f, 0x32, 0x00, 0x29, 0x2f,
    0x0d, 0x29, 0x2b, 0x29, 0x0f, 0x0f, 0x0f, 0x67, 0x8d, 0x99, 0x7e, 0x68,
    0x90, 0xfc, 0x62, 0x0f, 0xff, 0xb0, 0xd6, 0x93, 0x60, 0x16, 0xd7, 0xe0,
    0x02, 0x0f, 0xc0, 0x96, 0x62, 0x83, 0xaa, 0x93, 0x70, 0x26, 0x0f, 0x0f,
    0x0f, 0xbc, 0x43, 0x05, 0x2e, 0x34, 0x88, 0x69, 0x22, 0x0f, 0xdf, 0xdf,
    0xf7, 0xbc, 0x74, 0xd0, 0x1f, 0x6b, 0x00, 0xff, 0x8c, 0xbe, 0xc9, 0x0f,
    0xf0, 0xff, 0xff, 0xff, 0xff, 0xff, 0xff, 0xff, 0x55, 0x00, 0x00, 0x00,
    0x00, 0x00, 0xc1, 0xb9, 0x7d, 0x26, 0xc7, 0xe5, 0xff, 0xff, 0xff, 0x00,
    0xa8, 0xe8, 0x46, 0x26, 0xf6, 0x04, 0x00, 0x00, 0x00, 0x00, 0x46, 0xde,
    0x6a, 0x26, 0xfd, 0x01, 0x00, 0x00, 0x00, 0x00, 0x05, 0xb4, 0x49, 0x25,
    0x99, 0x09, 0x00, 0x00, 0x00, 0x80, 0x04, 0x5e, 0x65, 0x26, 0x57, 0x09,
    0x00, 0x00, 0x00, 0x80, 0x23, 0x51, 0x5c, 0x25, 0xb3, 0xf4, 0xff, 0xff,
    0xff, 0x00, 0x80, 0xdc, 0x74, 0x26, 0x35, 0x01, 0x00, 0x00, 0x00, 0x00,
    0xe1, 0x27, 0x65, 0x26, 0x2d, 0x17, 0x00, 0x00, 0x00, 0x00, 0x82, 0x00,
    0x4e, 0x25, 0x2e, 0x13, 0x00, 0x00, 0x00, 0x80, 0x76, 0x9e, 0x4e, 0x26,
    0x0b, 0x18, 0x00, 0x00, 0x00, 0x80, 0x6b, 0x84, 0x69, 0x26, 0x55, 0xf6,
    0xff, 0xff, 0xff, 0x00, 0xa4, 0x34, 0x55, 0x26, 0x00, 0x00, 0x00, 0x00,
    0x00, 0x00, 0x00, 0x00, 0x70, 0x04, 0xdc, 0x01, 0x0c, 0x00, 0xde, 0x47,
    0x06, 0xa7, 0xb8, 0x67, 0x8b, 0x33, 0x00, 0x90, 0x52, 0x6c, 0x53, 0xd7,
    0x07, 0x70, 0x59, 0x06, 0x00, 0xaa, 0xd6, 0xc1, 0xa1, 0x07, 0x46, 0xfb,
    0x13, 0x84, 0x78, 0xa8, 0x3f, 0xfb, 0x17, 0x10, 0x16, 0x00, 0x60, 0x39,
    0xa7, 0xa9, 0x61, 0xea, 0x88, 0xd4, 0x07, 0x00, 0x46, 0x2d, 0xfc, 0x46,
    0x62, 0x7e, 0x04, 0x0d, 0xfb, 0x5e, 0x36, 0x93, 0x72, 0x59, 0x4f, 0x74,
    0x00, 0xbf, 0xe6, 0x8b, 0x2c, 0x47, 0x3c, 0x20, 0xb8, 0x89, 0x0f, 0x18,
    0xfc, 0x56, 0xe9, 0x67, 0x71, 0xfb, 0x7e, 0x0f, 0xef, 0xa0, 0x87, 0x51,
    0x13, 0xa8, 0x25, 0x81, 0x0c, 0x0f, 0xfb, 0xbd, 0xaa, 0x3f, 0x02, 0x6f,
    0x2e, 0x41, 0x0f, 0x0f, 0xff, 0xc8, 0xcd, 0xc3, 0xfb, 0x31, 0x77, 0x63,
    0x8c, 0xff, 0x5f, 0x54, 0x23, 0xe5, 0xac, 0x78, 0xc3, 0x0f, 0xfe, 0xff,
    0xff, 0xff, 0xff, 0xff, 0xff, 0xff, 0xff, 0xff, 0xff, 0xff, 0xff, 0xff,
    0x0f, 0x00, 0x00, 0xba, 0x8f, 0xfc, 0x5e, 0xcd, 0x98, 0x0a, 0x17, 0x00,
    0x50, 0xad, 0xcf, 0x1f, 0x29, 0xed, 0x80, 0x9f, 0xf9, 0xff, 0x7b, 0x66,
    0xbb, 0x49, 0x5a, 0x7b, 0x64, 0x38, 0xff, 0xef, 0x96, 0x82, 0xf8, 0x05,
    0x85, 0x5b, 0x83, 0xf8, 0x0f, 0x0f, 0x0f, 0x0f, 0x09, 0x4a, 0xb8, 0xf7,
    0x72, 0xbb, 0xfc, 0xff, 0xff, 0xff, 0xff, 0xff, 0xff, 0xff, 0xff, 0xff,
    0xff, 0xff, 0xff, 0xff, 0xff, 0xff, 0xff, 0xff, 0xff, 0xff, 0xff, 0x0f,
    0xff, 0xff, 0xff, 0xff, 0xff, 0xff, 0xff, 0xff, 0xff, 0xff, 0xff, 0xff,
    0x5f, 0x07, 0x00, 0x00, 0x00, 0x80, 0xe3, 0x6a, 0x70, 0x26, 0xfa, 0xfe,
    0xff, 0xff, 0xff, 0x00, 0x7b, 0xfd, 0x58, 0x25, 0xec, 0x0a, 0x00, 0x00,
    0x00, 0x80, 0xee, 0x5c, 0x41, 0x25, 0x31, 0x04, 0x00, 0x00, 0x00, 0x00,
    0xe4, 0xb7, 0x47, 0x25, 0xb8, 0x0d, 0x00, 0x00, 0x00, 0x80, 0xe7, 0x4c,
    0x5e, 0x26, 0x55, 0x0e, 0x00, 0x00, 0x00, 0x80, 0xca, 0x81, 0x60, 0x26,
    0x09, 0x0a, 0x00, 0x00, 0x00, 0x00, 0x90, 0xf9, 0x7e, 0x26, 0x98, 0xec,
    0xff, 0xff, 0xff, 0x00, 0xe6, 0xcc, 0x57, 0x26, 0xbd, 0x0c, 0x00, 0x00,
    0x00, 0x80, 0xab, 0x3c, 0x43, 0x25, 0xfe, 0x0a, 0x00, 0x00, 0x00, 0x80,
    0x2a, 0x6a, 0x75, 0x25, 0x96, 0xf6, 0xff, 0xff, 0xff, 0x00, 0x10, 0x16,
    0x56, 0x26, 0x7c, 0x00, 0x00, 0x00, 0x00, 0x80, 0xe2, 0x09, 0x6b, 0x26,
    0x00, 0x00, 0x00, 0x00, 0x00, 0x00, 0x00, 0x00, 0x50, 0x03, 0x54, 0xf2,
    0xfd, 0xef, 0x6f, 0xb1, 0x6d, 0xfb, 0x25, 0xd3, 0xba, 0x5a, 0x79, 0xb5,
    0x03, 0x23, 0x02, 0xb2, 0xf1, 0xa0, 0xb0, 0xaf, 0x8f, 0x7f, 0xff, 0x8e,
    0x6e, 0x5e, 0x9e, 0x1d, 0x0d, 0x7d, 0x0c, 0xfc, 0xcb, 0x93, 0x00, 0x30,
    0x6f, 0xf0, 0x6f, 0x41, 0x8f, 0x0d, 0x6b, 0xe1, 0xc2, 0x00, 0x30, 0xc3,
    0x0b, 0xd7, 0xf8, 0xcd, 0xfd, 0xdf, 0x59, 0x39, 0xce, 0x38, 0x10, 0x63,
    0x00, 0xf0, 0xe7, 0xc9, 0x38, 0x82, 0xaf, 0x04, 0x35, 0x47, 0xd0, 0x37,
    0x02, 0x00, 0x9b, 0x02, 0x6c, 0x15, 0x71, 0xa7, 0x93, 0x75, 0x00, 0xba,
    0x0e, 0x1d, 0x3a, 0x02, 0xc0, 0xa3, 0xab, 0x6f, 0xc2, 0xe0, 0x89, 0x7d,
    0xce, 0x06, 0x80, 0x5f, 0x8c, 0x64, 0x07, 0x2b, 0xe1, 0x77, 0x43, 0x49,
    0x04, 0xa3, 0x8b, 0xf8, 0xff, 0x77, 0xb1, 0x61, 0x6b, 0x02, 0x90, 0xff,
    0x3f, 0xe0, 0x9d, 0x90, 0x62, 0x80, 0x07, 0x83, 0x7a, 0xf8, 0x84, 0x07,
    0x2d, 0x13, 0xa7, 0x60, 0xd5, 0x60, 0x01, 0xe8, 0xe1, 0xc1, 0xc3, 0x0b,
    0xd2, 0x10, 0x51, 0xaa, 0x42, 0xe3, 0xe1, 0xff, 0xff, 0xff, 0x01, 0xe0,
    0x79, 0xfd, 0xff, 0xff, 0xff, 0x80, 0x0e, 0xce, 0x41, 0x25, 0x83, 0x00,
    0x00, 0x00, 0x00, 0x00, 0x3d, 0x12, 0x7f, 0x26, 0xf1, 0x09, 0x00, 0x00,
    0x00, 0x80, 0x40, 0x9d, 0x61, 0x26, 0x09, 0x0b, 0x00, 0x00, 0x00, 0x80,
    0xa5, 0xa3, 0x62, 0x26, 0x0d, 0x0d, 0x00, 0x00, 0x00, 0x00, 0xfa, 0x05,
    0x73, 0x26, 0xc6, 0x07, 0x00, 0x00, 0x00, 0x80, 0xbc, 0x25, 0x6c, 0x26,
    0xd9, 0xfa, 0xff, 0xff, 0xff, 0x80, 0x7a, 0xe2, 0x65, 0x26, 0xf6, 0xf1,
    0xff, 0xff, 0xff, 0x80, 0x7e, 0xb5, 0x6a, 0x26, 0xa3, 0x0c, 0x00, 0x00,
    0x00, 0x00, 0x10, 0x07, 0x68, 0x26, 0xe6, 0xf5, 0xff, 0xff, 0xff, 0x00,
    0xc9, 0x43, 0x5d, 0x26, 0x2f, 0x03, 0x00, 0x00, 0x00, 0x00, 0x56, 0xb2,
    0x69, 0x26, 0x45, 0x10, 0x00, 0x00, 0x00, 0x80, 0x50, 0xb8, 0x42, 0x25,
    0x00, 0x00, 0x00, 0x00, 0x00, 0x00, 0x00, 0x00, 0x78, 0x04, 0xd4, 0xf1,
    0xfd, 0xef, 0x9f, 0x73, 0x12, 0xdc, 0x57, 0xb7, 0x25, 0xd4, 0x73, 0xb1,
    0xbe, 0x4d, 0xad, 0x1c, 0x7b, 0x89, 0x17, 0x87, 0xc6, 0x15, 0x05, 0xe5,
    0x74, 0xb4, 0x53, 0x63, 0x62, 0xf1, 0xd0, 0xaf, 0xaf, 0xaf, 0x00, 0xd0,
    0x8f, 0xe4, 0x8c, 0x1f, 0x7d, 0x0a, 0x07, 0x00, 0xc0, 0x57, 0x50, 0x20,
    0x08, 0xc4, 0x6c, 0xff, 0x3b, 0x00, 0xd8, 0xd9, 0xb0, 0xad, 0xc2, 0x49,
    0x0b, 0x8d, 0xdf, 0xbd, 0x17, 0x27, 0x00, 0xcf, 0xbc, 0x92, 0x01, 0x82,
    0xeb, 0x61, 0x00, 0xf0, 0x6f, 0x09, 0x64, 0x1d, 0x29, 0xf1, 0xba, 0x02,
    0x5e, 0x31, 0x14, 0x2f, 0x01, 0xe0, 0xc6, 0x07, 0xf2, 0x36, 0x97, 0xf8,
    0x61, 0x80, 0xef, 0x0f, 0xea, 0xed, 0x0a, 0xc9, 0xbf, 0xb5, 0xd5, 0xc6,
    0xc8, 0x65, 0xff, 0xe1, 0xe1, 0x3b, 0x2e, 0xc1, 0xe4, 0xff, 0x0f, 0x3e,
    0xfc, 0xde, 0x02, 0xaf, 0x16, 0x10, 0x1e, 0xb0, 0x26, 0x21, 0x7a, 0x8b,
    0xf9, 0x87, 0xf7, 0xa0, 0x06, 0x4d, 0x24, 0xd9, 0x41, 0x3a, 0xe1, 0x3f,
    0x05, 0x1d, 0xf9, 0xbb, 0xdc, 0xde, 0xfe, 0xff, 0xfb, 0xff, 0x2f, 0xcb,
    0x7e, 0xff, 0xff, 0xff, 0xff, 0xff, 0xff, 0xff, 0xff, 0xff, 0xff, 0xff,
    0xff, 0x3f, 0x80, 0x67, 0x03, 0xc0, 0xdd, 0xe9, 0xed, 0x85, 0x82, 0x51,
    0xb2, 0xd8, 0x0b, 0x00, 0xf7, 0x2f, 0x7b, 0xe8, 0x26, 0x1e, 0x3e, 0x20,
    0x9a, 0x2a, 0xe1, 0x63, 0xff, 0xef, 0xc7, 0xc8, 0x2d, 0x50, 0xd6, 0xff,
    0xdf, 0xac, 0x76, 0x45, 0xff, 0xe0, 0x18, 0x0f, 0xff, 0xe0, 0xc1, 0xbe,
    0x81, 0x27, 0xf8, 0xff, 0xff, 0xff, 0xff, 0xff, 0xff, 0xff, 0xff, 0xff,
    0xff, 0xff, 0xff, 0xff, 0xff, 0xff, 0xff, 0xff, 0xff, 0xff, 0x7f, 0xf8,
    0xff, 0xff, 0xff, 0xff, 0xff, 0xff, 0xff, 0xff, 0xff, 0xff, 0xff, 0xff,
    0x6c, 0xee, 0xff, 0xff, 0xff, 0x00, 0x18, 0x62, 0x6b, 0x26, 0x6d, 0xfd,
    0xff, 0xff, 0xff, 0x80, 0xd9, 0x86, 0x5e, 0x26, 0x55, 0x0b, 0x00, 0x00,
    0x00, 0x80, 0xc8, 0x1f, 0x64, 0x26, 0x79, 0x0a, 0x00, 0x00, 0x00, 0x80,
    0x03, 0x98, 0x40, 0x25, 0x12, 0xef, 0xff, 0xff, 0xff, 0x80, 0xac, 0xf5,
    0x5b, 0x26, 0x61, 0x02, 0x00, 0x00, 0x00, 0x80, 0x49, 0x51, 0x66, 0x26,
    0x3b, 0xfa, 0xff, 0xff, 0xff, 0x00, 0x4e, 0xd0, 0x48, 0x26, 0x76, 0x0e,
    0x00, 0x00, 0x00, 0x00, 0x92, 0x0d, 0x4d, 0x26, 0xf3, 0x13, 0x00, 0x00,
    0x00, 0x00, 0xad, 0x7c, 0x40, 0x25, 0x59, 0xfe, 0xff, 0xff, 0xff, 0x80,
    0x42, 0x5f, 0x5f, 0x26, 0xe8, 0xf5, 0xff, 0xff, 0xff, 0x00, 0x00, 0x24,
    0x4a, 0x26, 0x28, 0xef, 0xff, 0xff, 0xff, 0x00, 0x42, 0x71, 0x43, 0x26,
    0x00, 0x00, 0x00, 0x00, 0x00, 0x00, 0x00, 0x00, 0x98, 0x05, 0xdc, 0x01,
    0x0c, 0x00, 0x82, 0x14, 0xc2, 0xe2, 0x10, 0xbf, 0xb0, 0x3c, 0x00, 0xc0,
    0xc1, 0x04, 0xc8, 0x92, 0x35, 0xba, 0x95, 0x04, 0x00, 0x8d, 0x88, 0x8f,
    0xfc, 0x00, 0xef, 0xfc, 0x80, 0x06, 0x04, 0x6f, 0x25, 0x5b, 0x80, 0x3b,
    0xe2, 0x00, 0xd0, 0x26, 0x95, 0xc8, 0xba, 0x5f, 0x72, 0x35, 0x03, 0x00,
    0x35, 0x17, 0xc4, 0xe6, 0xc1, 0xa5, 0x16, 0x2a, 0x6c, 0x40, 0x30, 0x47,
    0x03, 0x30, 0x32, 0x2f, 0x00, 0x50, 0x44, 0x55, 0xdc, 0xb8, 0x79, 0x50,
    0xcb, 0x05, 0x00, 0x11, 0x4a, 0xc7, 0x26, 0x2f, 0xfc, 0xf9, 0xe6, 0x36,
    0x95, 0xfc, 0x8f, 0x3e, 0x7c, 0xba, 0xfb, 0x00, 0x30, 0x92, 0x85, 0x49,
    0xb2, 0x28, 0x72, 0x33, 0x0c, 0x00, 0xe5, 0x61, 0x0a, 0x3f, 0x78, 0x8c,
    0x4d, 0x06, 0x10, 0xa9, 0x64, 0x68, 0x88, 0xb8, 0x4c, 0x91, 0x00, 0xb0,
    0xbf, 0x7f, 0xb0, 0x7c, 0xb7, 0xb1, 0x83, 0xfb, 0x0f, 0x22, 0x42, 0xae,
    0x44, 0x66, 0x64, 0x91, 0xd0, 0x0f, 0x6f, 0x44, 0xf1, 0x99, 0x92, 0x35,
    0x48, 0xc6, 0x09, 0x0f, 0x35, 0xfc, 0x7a, 0xc0, 0x34, 0xad, 0x90, 0x2e,
    0x0f, 0x0f, 0x0f, 0x6e, 0xcf, 0x16, 0x91, 0xd4, 0x09, 0xac, 0xbc, 0x0f,
    0xcf, 0x2f, 0xb8, 0xd9, 0x75, 0x72, 0x36, 0x9f, 0x0c, 0x0f, 0x05, 0x4e,
    0xdd, 0xb3, 0xc8, 0xc9, 0xfb, 0xaf, 0x0f, 0x0f, 0x0f, 0x89, 0x2e, 0x86,
    0x9b, 0xe2, 0xa8, 0xec, 0x8e, 0x0f, 0x9f, 0xf5, 0x53, 0xb8, 0xaf, 0x54,
    0x53, 0xdf, 0x0e, 0xff, 0x0e, 0xbc, 0x18, 0xa0, 0x0f, 0xf0, 0xff, 0xff,
    0xff, 0xff, 0xff, 0xff, 0xc6, 0xf3, 0xff, 0xff, 0xff, 0x80, 0xae, 0x7a,
    0x55, 0x26, 0x80, 0x0a, 0x00, 0x00, 0x00, 0x00, 0xaf, 0x7e, 0x6d, 0x26,
    0xa0, 0xfe, 0xff, 0xff, 0xff, 0x80, 0x28, 0x3b, 0x4c, 0x26, 0x80, 0xf6,
    0xff, 0xff, 0xff, 0x80, 0xf8, 0x8b, 0x5e, 0x26, 0x4c, 0x0d, 0x00, 0x00,
    0x00, 0x00, 0x93, 0xb6, 0x66, 0x26, 0xad, 0xfd, 0xff, 0xff, 0xff, 0x80,
    0xb0, 0x90, 0x60, 0x26, 0x91, 0xe4, 0xff, 0xff, 0xff, 0x00, 0xd9, 0x67,
    0x65, 0x26, 0x79, 0x21, 0x00, 0x00, 0x00, 0x80, 0xe2, 0xcc, 0x72, 0x27,
    0x51, 0xe2, 0xff, 0xff, 0xff, 0x00, 0x6e, 0x78, 0x4c, 0x26, 0xc6, 0x1c,
    0x00, 0x00, 0x00, 0x80, 0x35, 0x84, 0x42, 0x26, 0x79, 0x06, 0x00, 0x00,
    0x00, 0x00, 0x16, 0x5c, 0x62, 0x26, 0x39, 0xe3, 0xff, 0xff, 0xff, 0x00,
    0xa9, 0x26, 0x53, 0x26, 0x00, 0x00, 0x00, 0x00, 0x00, 0x00, 0x00, 0x00,
    0x70, 0x04, 0x54, 0xf3, 0xed, 0xff, 0x2f, 0x99, 0x6a, 0x78, 0x27, 0x57,
    0xbe, 0x4c, 0x0b, 0xeb, 0x89, 0x79, 0xe9, 0x38, 0x98, 0x57, 0x07, 0xa7,
    0x26, 0xe6, 0xc5, 0xd4, 0x03, 0xf3, 0xe2, 0x62, 0xc1, 0x3f, 0xff, 0x6e,
    0xce, 0x4d, 0x00, 0xf0, 0x1f, 0xfb, 0x9f, 0x6d, 0x56, 0xbc, 0x86, 0x46,
    0x4f, 0x41, 0xde, 0xfd, 0xc1, 0x01, 0xe0, 0xde, 0xc0, 0x91, 0x07, 0xea,
    0x3c, 0xa3, 0x00, 0x40, 0x66, 0x00, 0xd0, 0xfd, 0x73, 0xfc, 0x46, 0xc4,
    0xc0, 0x4b, 0x03, 0x10, 0xae, 0x77, 0x00, 0xc0, 0xed, 0xce, 0x1d, 0xc7,
    0xbd, 0x27, 0x00, 0xe8, 0x7d, 0x94, 0x87, 0xc0, 0xd3, 0x8d, 0xfe, 0xad,
    0xf5, 0x40, 0x14, 0xee, 0xff, 0xed, 0x41, 0x09, 0xee, 0xc3, 0x01, 0xde,
    0x8e, 0xf4, 0xfa, 0xfe, 0x43, 0x1e, 0xdc, 0xad, 0xc4, 0x22, 0xc3, 0xfc,
    0xc6, 0x1f, 0xfe, 0xaf, 0x63, 0x37, 0xf4, 0xb2, 0x43, 0x78, 0x28, 0x51,
    0x90, 0xe3, 0x9e, 0xfb, 0xc3, 0x67, 0xaf, 0x13, 0xa7, 0xb3, 0xf3, 0x14,
    0x1a, 0x07, 0xff, 0xf2, 0x40, 0xe4, 0x64, 0xf5, 0xff, 0x40, 0x11, 0xb6,
    0x02, 0xf1, 0xeb, 0xff, 0xff, 0xff, 0xff, 0xff, 0xff, 0xff, 0xff, 0xff,
    0xff, 0xff, 0xff, 0xff, 0x1f, 0x60, 0x79, 0x01, 0xe0, 0xc7, 0xf3, 0xf7,
    0xca, 0x55, 0x42, 0x18, 0xc3, 0x00, 0x00, 0x8d, 0x60, 0x37, 0x3d, 0xfc,
    0xdd, 0x4a, 0x01, 0x02, 0x14, 0x59, 0x85, 0x37, 0xff, 0xff, 0x1d, 0xd8,
    0x4e, 0x19, 0x50, 0xff, 0xdf, 0x5e, 0x5f, 0x9f, 0xfc, 0x07, 0x9b, 0x7b,
    0xf8, 0x1f, 0x3c, 0x24, 0x04, 0x99, 0xff, 0xff, 0xff, 0xff, 0xff, 0xff,
    0xff, 0xff, 0xff, 0xff, 0xff, 0xff, 0xff, 0xff, 0xff, 0xff, 0xff, 0xff,
    0xff, 0xff, 0x7f, 0xf8, 0xff, 0xff, 0xff, 0xff, 0xff, 0xff, 0xff, 0xff,
    0xff, 0xff, 0xff, 0xff, 0x35, 0x16, 0x00, 0x00, 0x00, 0x80, 0x84, 0x80,
    0x4a, 0x26, 0x67, 0x01, 0x00, 0x00, 0x00, 0x80, 0x17, 0xd7, 0x40, 0x26,
    0xef, 0xf5, 0xff, 0xff, 0xff, 0x00, 0x85, 0xf3, 0x5c, 0x26, 0x3c, 0xea,
    0xff, 0xff, 0xff, 0x00, 0xce, 0x11, 0x40, 0x26, 0xb7, 0xfc, 0xff, 0xff,
    0xff, 0x00, 0x84, 0x68, 0x73, 0x26, 0x75, 0x00, 0x00, 0x00, 0x00, 0x00,
    0x57, 0x36, 0x5d, 0x26, 0x4f, 0x1a, 0x00, 0x00, 0x00, 0x80, 0xca, 0xe2,
    0x5a, 0x27, 0x0d, 0xf3, 0xff, 0xff, 0xff, 0x80, 0x41, 0x4e, 0x7e, 0x25,
    0x49, 0xf9, 0xff, 0xff, 0xff, 0x00, 0x1b, 0x75, 0x59, 0x26, 0x76, 0x15,
    0x00, 0x00, 0x00, 0x00, 0x74, 0xd9, 0x5f, 0x25, 0x0f, 0xfa, 0xff, 0xff,
    0xff, 0x80, 0xb1, 0xd6, 0x73, 0x26, 0xca, 0xf3, 0xff, 0xff, 0xff, 0x00,
    0xbb, 0x2c, 0x48, 0x26, 0x00, 0x00, 0x00, 0x00, 0x00, 0x00, 0x00, 0x00,
    0x90, 0x05, 0x5c, 0x01, 0x0c, 0x00, 0x64, 0x91, 0x88, 0x4a, 0x85, 0x15,
    0x00, 0x0c, 0x00, 0xd0, 0x31, 0x8e, 0x2a, 0xb1, 0xd8, 0xdf, 0xff, 0x05,
    0x00, 0x6b, 0xc9, 0xfc, 0x52, 0x2d, 0xa5, 0xfb, 0x1e, 0x24, 0x7b, 0x7c,
    0x14, 0x72, 0xd6, 0x35, 0x03, 0x40, 0xf0, 0x89, 0x83, 0xa1, 0x72, 0xf0,
    0xc3, 0x15, 0x09, 0x00, 0xed, 0x25, 0x72, 0x94, 0x9f, 0x8e, 0xaf, 0x95,
    0xfd, 0x6a, 0x23, 0x23, 0x8e, 0xbb, 0x32, 0x2d, 0x00, 0x90, 0xc0, 0xf4,
    0x6b, 0x27, 0x15, 0xc9, 0x2a, 0x01, 0x00, 0xac, 0x07, 0x28, 0xfc, 0xc2,
    0xbd, 0x30, 0xcd, 0x17, 0x47, 0xc2, 0xa1, 0x80, 0x93, 0xfc, 0x84, 0x00,
    0xe0, 0x12, 0x07, 0x47, 0xcc, 0x23, 0x8c, 0xc9, 0x06, 0x00, 0xb6, 0x34,
    0x52, 0x6d, 0xa3, 0xe3, 0x2c, 0x42, 0xfc, 0x51, 0x3e, 0x56, 0x1f, 0x1c,
    0x41, 0xfd, 0x00, 0x60, 0xfa, 0x20, 0x95, 0xca, 0x0a, 0xe2, 0xb1, 0xfb,
    0x0f, 0xba, 0xcd, 0xfc, 0x01, 0x25, 0x38, 0x80, 0xbc, 0x0f, 0xdf, 0x5f,
    0x51, 0xc6, 0xbc, 0x90, 0xd2, 0x73, 0x04, 0x0f, 0x53, 0x53, 0x79, 0x91,
    0x59, 0x1a, 0x26, 0xdc, 0x0f, 0x0f, 0x0f, 0x13, 0xa9, 0x20, 0x19, 0xa5,
    0x08, 0x51, 0x45, 0x0f, 0x8f, 0x02, 0x87, 0xd5, 0x06, 0x22, 0xc6, 0x6f,
    0x02, 0x0f, 0x3a, 0x04, 0xc4, 0x49, 0x7f, 0x4c, 0x6d, 0xf5, 0x0f, 0x0f,
    0x0f, 0x77, 0xfd, 0x57, 0xfc, 0x81, 0x1a, 0x54, 0x0b, 0x0f, 0x2f, 0xa3,
    0xec, 0x1b, 0x51, 0xa3, 0x6b, 0x40, 0x0d, 0xff, 0x56, 0x36, 0x2c, 0x0f,
    0xf0, 0xff, 0xff, 0xff, 0xff, 0xff, 0xff, 0xff, 0xf8, 0xe3, 0xff, 0xff,
    0xff, 0x80, 0xeb, 0x6d, 0x40, 0x26, 0xb1, 0x08, 0x00, 0x00, 0x00, 0x80,
    0xa1, 0x9d, 0x62, 0x26, 0x77, 0x03, 0x00, 0x00, 0x00, 0x00, 0x33, 0x2f,
    0x61, 0x26, 0x87, 0x19, 0x00, 0x00, 0x00, 0x80, 0x62, 0xc8, 0x58, 0x26,
    0x62, 0x01, 0x00, 0x00, 0x00, 0x80, 0x6e, 0xe7, 0x4f, 0x26, 0xf5, 0xfb,
    0xff, 0xff, 0xff, 0x00, 0x66, 0x66, 0x54, 0x26, 0x98, 0xf7, 0xff, 0xff,
    0xff, 0x80, 0x08, 0x83, 0x72, 0x26, 0xd6, 0xf8, 0xff, 0xff, 0xff, 0x00,
    0xf5, 0xdd, 0x65, 0x26, 0xdf, 0xf5, 0xff, 0xff, 0xff, 0x80, 0x20, 0xbc,
    0x57, 0x26, 0xbc, 0xf9, 0xff, 0xff, 0xff, 0x80, 0x03, 0x49, 0x52, 0x26,
    0x04, 0xfe, 0xff, 0xff, 0xff, 0x80, 0x2b, 0xbf, 0x5b, 0x26, 0x3f, 0xfb,
    0xff, 0xff, 0xff, 0x80, 0xd9, 0xd8, 0x57, 0x26, 0x00, 0x00, 0x00, 0x00,
    0x00, 0x00, 0x00, 0x00, 0x68, 0x04, 0xd4, 0xf2, 0xfd, 0xef, 0xef, 0x6c,
    0xaa, 0x37, 0x85, 0x63, 0x21, 0x6f, 0x1e, 0x2b, 0x1a, 0x59, 0x38, 0xf8,
    0x47, 0x77, 0x46, 0xf6, 0x44, 0x34, 0x64, 0xb3, 0x92, 0x52, 0xa2, 0x41,
    0x01, 0xe1, 0xd0, 0x8e, 0x1e, 0x2c, 0x00, 0xe0, 0x87, 0xbd, 0xa6, 0x2a,
    0x05, 0x31, 0x54, 0xcf, 0x78, 0x08, 0x00, 0x9b, 0x3a, 0x5a, 0x83, 0xbd,
    0xc7, 0x04, 0x00, 0xfd, 0x2d, 0x41, 0xe7, 0xa8, 0xcd, 0xd5, 0xae, 0x13,
    0xda, 0x01, 0xdc, 0xf5, 0xbf, 0x40, 0xa0, 0x5d, 0x0e, 0x70, 0x10, 0x94,
    0x76, 0xff, 0xf5, 0xf9, 0x52, 0xfa, 0x1c, 0x01, 0xec, 0x07, 0xc6, 0x8f,
    0x85, 0xed, 0x3f, 0x83, 0xd1, 0x5d, 0x3e, 0x02, 0x3c, 0xf6, 0xa0, 0x33,
    0xbe, 0xb3, 0x43, 0x78, 0xc8, 0x27, 0x90, 0x7c, 0xfe, 0x65, 0xb8, 0x9b,
    0x3f, 0xfc, 0xbf, 0xa3, 0x0c, 0xa0, 0x37, 0xaf, 0xcf, 0xc1, 0x83, 0x5b,
    0x02, 0x72, 0xe1, 0xe6, 0xc3, 0xcb, 0x91, 0x00, 0x69, 0x8f, 0xb9, 0x1d,
    0xf8, 0xdf, 0xb3, 0xf1, 0xa0, 0x05, 0x87, 0x04, 0x80, 0xf6, 0xff, 0xbe,
    0xb0, 0xa9, 0x79, 0xfe, 0x5f, 0xf4, 0x4c, 0x47, 0x6d, 0xbf, 0xa5, 0xff,
    0xff, 0xff, 0xff, 0xff, 0xff, 0xff, 0xff, 0xff, 0xff, 0xff, 0xff, 0x07,
    0x00, 0x80, 0xbb, 0xfb, 0x0e, 0xe4, 0x00, 0xf0, 0xe9, 0x12, 0x22, 0x7f,
    0x6f, 0x80, 0x93, 0xa4, 0x7f, 0x53, 0x3b, 0xf2, 0xff, 0xbd, 0x80, 0x2f,
    0x6e, 0xfc, 0xff, 0xda, 0x37, 0x14, 0x1e, 0xf9, 0x07, 0xc7, 0x78, 0xf8,
    0x07, 0x0f, 0xd8, 0x94, 0xdd, 0xc2, 0xff, 0xff, 0xff, 0xff, 0xff, 0xff,
    0xff, 0xff, 0xff, 0xff, 0xff, 0xff, 0xff, 0xff, 0xff, 0xff, 0xff, 0xff,
    0xff, 0xff, 0xc3, 0xff, 0xcf, 0x1e, 0x00, 0x00, 0x00, 0x00, 0x6e, 0x96,
    0x7c, 0x27, 0x0f, 0xf2, 0xff, 0xff, 0xff, 0x80, 0x30, 0x61, 0x54, 0x26,
    0x2e, 0x01, 0x00, 0x00, 0x00, 0x80, 0x32, 0x90, 0x40, 0x25, 0xe8, 0x22,
    0x00, 0x00, 0x00, 0x00, 0x1c, 0x2c, 0x4f, 0x25, 0xd4, 0xf7, 0xff, 0xff,
    0xff, 0x00, 0xfd, 0x9d, 0x67, 0x26, 0xd8, 0x03, 0x00, 0x00, 0x00, 0x80,
    0x67, 0x5a, 0x6f, 0x26, 0xf2, 0xfd, 0xff, 0xff, 0xff, 0x80, 0x11, 0xa1,
    0x6d, 0x26, 0x2c, 0xf2, 0xff, 0xff, 0xff, 0x00, 0x1e, 0xc6, 0x60, 0x26,
    0x63, 0xfa, 0xff, 0xff, 0xff, 0x00, 0x46, 0x65, 0x51, 0x26, 0x6d, 0xf9,
    0xff, 0xff, 0xff, 0x80, 0xbb, 0x77, 0x46, 0x26, 0x42, 0x35, 0x00, 0x00,
    0x00, 0x00, 0x3c, 0xe2, 0x40, 0x26, 0x61, 0x09, 0x00, 0x00, 0x00, 0x80,
    0xa8, 0xa2, 0x4f, 0x26, 0x00, 0x00, 0x00, 0x00, 0x00, 0x00, 0x00, 0x00,
    0x98, 0x05, 0x5c, 0x01, 0x0c, 0x00, 0xbb, 0x55, 0xbb, 0x6b, 0x8c, 0x6b,
    0xfc, 0x00, 0x00, 0xb0, 0x05, 0x3c, 0xcd, 0xf1, 0x38, 0x22, 0xa6, 0x0b,
    0x00, 0x7f, 0x08, 0x1d, 0x4f, 0x24, 0x1e, 0x57, 0x79, 0x6a, 0x5e, 0x59,
    0x37, 0x24, 0x73, 0x3f, 0xfc, 0x00, 0x80, 0x89, 0xf4, 0xc1, 0xa0, 0x96,
    0xe9, 0x4a, 0x08, 0x00, 0x73, 0xcf, 0x36, 0x19, 0xb0, 0x77, 0xdd, 0x98,
    0xad, 0xd4, 0xfc, 0x05, 0x81, 0xbc, 0xe2, 0x3d, 0x00, 0x10, 0x7e, 0x74,
    0x92, 0xdc, 0xc9, 0x9f, 0x69, 0x0c, 0x00, 0x0e, 0xc8, 0x21, 0x87, 0xa3,
    0xd1, 0x94, 0x31, 0xfd, 0x69, 0x53, 0x16, 0x9f, 0x22, 0x47, 0x9c, 0x00,
    0x00, 0xc2, 0xcf, 0xdf, 0x2f, 0xca, 0x1e, 0x3f, 0x06, 0x00, 0xa0, 0x1c,
    0x29, 0x3b, 0x42, 0x14, 0x4b, 0x2d, 0x19, 0x92, 0x47, 0xd5, 0xfc, 0x65,
    0x6f, 0x10, 0x00, 0x00, 0x23, 0x45, 0x78, 0x66, 0x35, 0x48, 0x7a, 0xf6,
    0x0f, 0xbf, 0x2b, 0x56, 0x6b, 0x13, 0x4c, 0x78, 0x4e, 0x0f, 0xcf, 0x9a,
    0x45, 0x32, 0x47, 0xa1, 0x5e, 0x9e, 0x0d, 0x0f, 0xc0, 0x33, 0x4f, 0x11,
    0x12, 0xb1, 0x12, 0x90, 0x0f, 0x0f, 0x0f, 0x0a, 0x24, 0x47, 0x6c, 0xd7,
    0x70, 0x07, 0x78, 0x0f, 0xdf, 0x5f, 0x9b, 0xd7, 0x01, 0xc2, 0x11, 0x56,
    0x00, 0x0f, 0x6a, 0xd7, 0x75, 0xfc, 0xda, 0x0f, 0x6f, 0xd9, 0x0f, 0x0f,
    0x0f, 0x95, 0xa2, 0x19, 0xe5, 0xa7, 0x94, 0xc5, 0x96, 0x0f, 0xcf, 0xaf,
    0xdc, 0xbf, 0x86, 0x73, 0x36, 0x68, 0x03, 0xff, 0xab, 0xfc, 0x1b, 0xc9,
    0x0f, 0xf0, 0xff, 0xff, 0xff, 0xff, 0xff, 0xff, 0x7a, 0xed, 0xff, 0xff,
    0xff, 0x80, 0x87, 0x10, 0x5f, 0x26, 0x0b, 0xe9, 0xff, 0xff, 0xff, 0x00,
    0x98, 0x80, 0x43, 0x25, 0xc1, 0xf8, 0xff, 0xff, 0xff, 0x80, 0xbb, 0x8b,
    0x50, 0x26, 0x39, 0x07, 0x00, 0x00, 0x00, 0x80, 0x8c, 0xf5, 0x6d, 0x26,
    0x62, 0x06, 0x00, 0x00, 0x00, 0x80, 0x83, 0xa0, 0x64, 0x26, 0x1c, 0xfe,
    0xff, 0xff, 0xff, 0x00, 0x4c, 0xb6, 0x42, 0x26, 0x60, 0x0c, 0x00, 0x00,
    0x00, 0x80, 0x8b, 0xc2, 0x4b, 0x26, 0x48, 0x0f, 0x00, 0x00, 0x00, 0x00,
    0xcc, 0x80, 0x76, 0x26, 0x2d, 0x16, 0x00, 0x00, 0x00, 0x00, 0x2a, 0xe9,
    0x59, 0x25, 0x7f, 0x21, 0x00, 0x00, 0x00, 0x00, 0x61, 0xe9, 0x5c, 0x26,
    0x9d, 0x11, 0x00, 0x00, 0x00, 0x80, 0x41, 0xdd, 0x5c, 0x26, 0x7f, 0xea,
    0xff, 0xff, 0xff, 0x00, 0xed, 0xcf, 0x5a, 0x26, 0x00, 0x00, 0x00, 0x00,
    0x00, 0x00, 0x00, 0x00, 0x78, 0x04, 0x54, 0xf1, 0xfd, 0xef, 0x9f, 0x79,
    0xc9, 0x25, 0xf4, 0xe2, 0xd2, 0x1d, 0x5a, 0xc9, 0x68, 0x58, 0x08, 0xd8,
    0x97, 0xd7, 0x96, 0x76, 0xe6, 0xc4, 0xa3, 0x93, 0x83, 0x23, 0xb3, 0xb2,
    0x6f, 0x4f, 0xbf, 0xae, 0x4d, 0xe4, 0x00, 0xb0, 0x03, 0x7f, 0x0f, 0xd5,
    0x5b, 0x24, 0x8b, 0x7f, 0x1f, 0x00, 0xf0, 0xcd, 0x08, 0x7d, 0x19, 0x4f,
    0xe7, 0xfa, 0x09, 0xa1, 0x01, 0x6a, 0x7f, 0x00, 0xd8, 0xea, 0xe9, 0xf9,
    0x7a, 0x78, 0xde, 0xa3, 0x2b, 0x65, 0x3e, 0xe2, 0x3c, 0x00, 0xc0, 0x4b,
    0x00, 0xc1, 0x16, 0x96, 0xeb, 0x77, 0x3d, 0x0a, 0x04, 0x66, 0x90, 0x3d,
    0x06, 0x00, 0xee, 0xe6, 0x9c, 0xc6, 0x72, 0xf8, 0x23, 0x48, 0x29, 0x6e,
    0x3e, 0xf6, 0x00, 0xff, 0xcb, 0x88, 0x55, 0x54, 0xdc, 0x8c, 0x80, 0x87,
    0x29, 0xdd, 0x25, 0xe7, 0x71, 0x0f, 0x6f, 0xd7, 0x81, 0x88, 0xe0, 0x7e,
    0xd2, 0x47, 0x64, 0xe1, 0xa1, 0xd6, 0x7a, 0xf4, 0x2f, 0xe9, 0xe1, 0xd9,
    0x5f, 0x7c, 0x40, 0x78, 0x40, 0x63, 0xc1, 0xbf, 0xf7, 0xff, 0xe5, 0x44,
    0x83, 0x99, 0xb9, 0xff, 0xff, 0xff, 0xff, 0xff, 0xff, 0xff, 0xff, 0xff,
    0xff, 0xff, 0xff, 0xff, 0xff, 0x00, 0x07, 0x01, 0x00, 0xdb, 0xbf, 0xdd,
    0x33, 0xd9, 0x86, 0x51, 0x59, 0xf9, 0x2f, 0x07, 0x80, 0xe5, 0x06, 0xa0,
    0xce, 0x7d, 0xbe, 0xa6, 0xc5, 0x62, 0x42, 0x3f, 0xfe, 0xbf, 0x6b, 0x5d,
    0xce, 0xd2, 0xfd, 0xff, 0x04, 0xdc, 0x40, 0xc0, 0xf8, 0x87, 0xc1, 0x7f,
    0xf8, 0x77, 0x07, 0xc0, 0xc3, 0xd3, 0x33, 0x40, 0x6b, 0xff, 0x6f, 0xdd,
    0xff, 0xff, 0xff, 0xff, 0xff, 0xff, 0xff, 0xff, 0xff, 0xff, 0xff, 0xff,
    0xff, 0xff, 0xff, 0xff, 0xff, 0xff, 0x3f, 0xfc, 0xff, 0xff, 0xff, 0xff,
    0xff, 0xff, 0xff, 0xff, 0xff, 0xff, 0xff, 0xff, 0x6c, 0x16, 0x00, 0x00,
    0x00, 0x80, 0xea, 0xae, 0x5f, 0x25, 0xde, 0xef, 0xff, 0xff, 0xff, 0x80,
    0x78, 0x48, 0x74, 0x27, 0xe2, 0x2d, 0x00, 0x00, 0x00, 0x00, 0x3a, 0x1d,
    0x54, 0x26, 0x07, 0xff, 0xff, 0xff, 0xff, 0x00, 0xcf, 0x59, 0x71, 0x26,
    0x90, 0x0a, 0x00, 0x00, 0x00, 0x00, 0x4d, 0x55, 0x64, 0x25, 0xd2, 0x09,
    0x00, 0x00, 0x00, 0x80, 0x00, 0xa5, 0x6e, 0x26, 0xc8, 0xf1, 0xff, 0xff,
    0xff, 0x00, 0xbf, 0xa0, 0x5b, 0x25, 0xa4, 0x11, 0x00, 0x00, 0x00, 0x80,
    0x94, 0x8e, 0x60, 0x26, 0x95, 0xf6, 0xff, 0xff, 0xff, 0x00, 0x34, 0x9d,
    0x6b, 0x26, 0x8b, 0x14, 0x00, 0x00, 0x00, 0x80, 0xfe, 0xe5, 0x57, 0x25,
    0x01, 0x0c, 0x00, 0x00, 0x00, 0x00, 0x5d, 0x03, 0x74, 0x26, 0x84, 0x0b,
    0x00, 0x00, 0x00, 0x00, 0x87, 0x0a, 0x66, 0x26, 0x00, 0x00, 0x00, 0x00,
    0x00, 0x00, 0x00, 0x00, 0x58, 0x03, 0x54, 0xf1, 0xfd, 0xef, 0xaf, 0xf3,
    0xee, 0x7e, 0x9c, 0x19, 0xd9, 0xc5, 0x95, 0x35, 0xc5, 0xe4, 0xb2, 0x31,
    0x11, 0x0f, 0xdf, 0xce, 0x7e, 0x6e, 0x1e, 0xce, 0x8d, 0x5d, 0x4d, 0x3d,
    0x1d, 0xad, 0x3c, 0xec, 0xab, 0xe1, 0x00, 0xb0, 0xcb, 0xe1, 0x05, 0x69,
    0x4e, 0x55, 0x42, 0xc7, 0x00, 0xc0, 0x7e, 0xea, 0x4a, 0x21, 0x5f, 0x3c,
    0xfe, 0x4f, 0x6f, 0xee, 0xb4, 0xf1, 0xb0, 0x75, 0x00, 0xf0, 0xa7, 0xfe,
    0x72, 0xb7, 0x20, 0x9d, 0x0f, 0x45, 0x2e, 0x31, 0x6c, 0x00, 0x70, 0x33,
    0x20, 0xfe, 0x30, 0x3e, 0xe3, 0x3a, 0x00, 0xec, 0x0c, 0xe0, 0xa6, 0xbf,
    0x3c, 0x7b, 0xd2, 0x29, 0x58, 0x73, 0x3e, 0x31, 0x07, 0x00, 0xf8, 0x00,
    0x8a, 0x09, 0xd3, 0x08, 0x3d, 0x78, 0x82, 0x4f, 0xde, 0x09, 0x0e, 0x38,
    0xfe, 0xff, 0xe3, 0xa4, 0x0a, 0xca, 0x80, 0xff, 0x3f, 0x5f, 0x54, 0x0e,
    0x5c, 0x80, 0xe0, 0x61, 0x03, 0x1e, 0x9e, 0xe1, 0xc1, 0x72, 0xd1, 0x36,
    0x92, 0xa4, 0x07, 0x7e, 0x7f, 0xf8, 0xad, 0x78, 0x00, 0x0f, 0x36, 0x7c,
    0x40, 0xcd, 0x3e, 0xfc, 0xd5, 0xec, 0xc0, 0xff, 0xff, 0x7f, 0x00, 0xf8,
    0xff, 0xff, 0xff, 0xff, 0xff, 0xff, 0xff, 0xff, 0xff, 0xff, 0xff, 0xff,
    0x1b, 0x10, 0x00, 0x00, 0x00, 0x80, 0x98, 0x13, 0x66, 0x26, 0x76, 0x01,
    0x00, 0x00, 0x00, 0x80, 0x3a, 0x19, 0x5c, 0x26, 0xd5, 0xff, 0xff, 0xff,
    0xff, 0x00, 0xa4, 0x78, 0x45, 0x25, 0xdb, 0xf2, 0xff, 0xff, 0xff, 0x00,
    0xde, 0x97, 0x7b, 0x26, 0xa4, 0x21, 0x00, 0x00, 0x00, 0x00, 0x70, 0x57,
    0x55, 0x26, 0x83, 0xfa, 0xff, 0xff, 0xff, 0x80, 0x8e, 0x05, 0x5a, 0x26,
    0x38, 0xdc, 0xff, 0xff, 0xff, 0x80, 0x2a, 0x61, 0x66, 0x26, 0x12, 0xfe,
    0xff, 0xff, 0xff, 0x00, 0x92, 0xb4, 0x62, 0x26, 0xec, 0xf9, 0xff, 0xff,
    0xff, 0x80, 0x82, 0x6e, 0x4e, 0x26, 0x39, 0xfd, 0xff, 0xff, 0xff, 0x00,
    0xb5, 0xcd, 0x4b, 0x25, 0x48, 0x14, 0x00, 0x00, 0x00, 0x00, 0x6f, 0x1d,
    0x59, 0x26, 0xe5, 0xfb, 0xff, 0xff, 0xff, 0x80, 0xd7, 0x53, 0x5e, 0x26,
    0x00, 0x00, 0x00, 0x00, 0x00, 0x00, 0x00, 0x00, 0x78, 0x04, 0x54, 0xf1,
    0xfd, 0xef, 0x5f, 0x78, 0xe7, 0xa4, 0x24, 0x23, 0x6c, 0x68, 0x37, 0x17,
    0xa7, 0x56, 0x46, 0x15, 0xd5, 0x64, 0x24, 0xa4, 0x43, 0x53, 0x42, 0xc2,
    0xa1, 0x81, 0x91, 0x50, 0xd0, 0x4f, 0xaf, 0x8e, 0xfe, 0x3b, 0x00, 0xb0,
    0x4f, 0x7f, 0xef, 0xff, 0x91, 0x43, 0xa9, 0x3d, 0x3f, 0x52, 0xca, 0x78,
    0x02, 0x00, 0xd8, 0x1a, 0x4c, 0xc0, 0x0b, 0xe1, 0xdf, 0x86, 0x80, 0x8c,
    0x2a, 0x33, 0x7e, 0x0e, 0x00, 0xb7, 0x6f, 0x40, 0x25, 0x32, 0xf1, 0x3f,
    0xb5, 0xc3, 0x7a, 0x81, 0x77, 0x36, 0x00, 0x58, 0xad, 0x4b, 0x83, 0x60,
    0x5c, 0x00, 0xf8, 0x02, 0x97, 0x95, 0x8b, 0x00, 0xf3, 0xf0, 0x35, 0x1f,
    0xe7, 0x20, 0x41, 0x2c, 0x00, 0xfc, 0x9a, 0x88, 0x37, 0x19, 0xfa, 0x94,
    0xe1, 0xe1, 0x7b, 0xa8, 0xea, 0xd0, 0xab, 0xe4, 0x3d, 0xeb, 0xe1, 0xc7,
    0x35, 0x87, 0xe7, 0x1e, 0xf7, 0xc1, 0xc3, 0x7b, 0x3c, 0xea, 0x89, 0x54,
    0xd9, 0x01, 0x3f, 0xbc, 0xb7, 0xae, 0x1d, 0x90, 0x87, 0xf0, 0xff, 0x52,
    0x0d, 0xce, 0x30, 0x13, 0xfd, 0x3f, 0xee, 0x26, 0x01, 0x3e, 0xff, 0xff,
    0xff, 0xff, 0xff, 0xff, 0xff, 0xff, 0xff, 0xff, 0xff, 0xff, 0xff, 0xff,
    0x01, 0x20, 0x1f, 0x00, 0x2c, 0xc1, 0xbe, 0x1d, 0x87, 0x9b, 0xa5, 0x08,
    0x75, 0x0e, 0x01, 0xe0, 0x06, 0x7c, 0x13, 0x3c, 0x64, 0xec, 0xcf, 0xff,
    0x7f, 0x96, 0x03, 0x04, 0x6d, 0x69, 0xee, 0xfd, 0xff, 0xdf, 0xd0, 0x7a,
    0x6b, 0xe2, 0x1f, 0xe8, 0x7b, 0xd0, 0x3e, 0xfc, 0x18, 0xc0, 0xc3, 0xff,
    0xff, 0x39, 0xab, 0xfc, 0xff, 0xff, 0xff, 0xff, 0xff, 0xff, 0xff, 0xff,
    0xff, 0xff, 0xff, 0xff, 0xff, 0xff, 0xff, 0xff, 0xff, 0xff, 0xc3, 0xff,
    0xff, 0xff, 0xff, 0xff, 0xff, 0xff, 0xff, 0xff, 0xff, 0xff, 0xff, 0xff,
    0x1d, 0xf2, 0xff, 0xff, 0xff, 0x00, 0xcf, 0x01, 0x5c, 0x26, 0x1d, 0x07,
    0x00, 0x00, 0x00, 0x80, 0x7d, 0x05, 0x54, 0x25, 0x5b, 0x0b, 0x00, 0x00,
    0x00, 0x80, 0x1f, 0x42, 0x44, 0x25, 0x05, 0xe5, 0xff, 0xff, 0xff, 0x80,
    0x26, 0x56, 0x64, 0x27, 0x56, 0x1d, 0x00, 0x00, 0x00, 0x80, 0x50, 0x60,
    0x7b, 0x26, 0xf9, 0x24, 0x00, 0x00, 0x00, 0x00, 0x80, 0xc6, 0x4f, 0x26,
    0x91, 0x09, 0x00, 0x00, 0x00, 0x00, 0xe9, 0x35, 0x5c, 0x26, 0xb4, 0xfd,
    0xff, 0xff, 0xff, 0x80, 0x90, 0x66, 0x54, 0x26, 0xb8, 0xef, 0xff, 0xff,
    0xff, 0x00, 0x83, 0x09, 0x54, 0x26, 0xc1, 0xef, 0xff, 0xff, 0xff, 0x80,
    0x47, 0x64, 0x76, 0x27, 0x4d, 0x36, 0x00, 0x00, 0x00, 0x00, 0xf6, 0xea,
    0x59, 0x26, 0x57, 0x16, 0x00, 0x00, 0x00, 0x00, 0xd7, 0x1b, 0x40, 0x26,
    0x00, 0x00, 0x00, 0x00, 0x00, 0x00, 0x00, 0x00, 0x90, 0x05, 0xdc, 0x02,
    0x0c, 0x00, 0x2b, 0x69, 0x74, 0xe6, 0x0c, 0x3b, 0xdf, 0x4a, 0x00, 0x80,
    0xf7, 0xa5, 0xa3, 0xd6, 0x60, 0xea, 0xf5, 0x06, 0x00, 0xb8, 0xb4, 0x6c,
    0x74, 0xbe, 0xd4, 0x5d, 0x74, 0x33, 0xb4, 0x68, 0x9b, 0x2f, 0x67, 0x06,
    0x32, 0x00, 0xa2, 0x4f, 0x20, 0x59, 0xa1, 0xa9, 0x23, 0x14, 0x08, 0x00,
    0x16, 0x15, 0x28, 0x0e, 0x16, 0x88, 0xec, 0x41, 0xa1, 0x2f, 0xe7, 0x34,
    0x16, 0xf9, 0x4d, 0x10, 0x00, 0x00, 0x60, 0x7b, 0xe4, 0x63, 0xeb, 0xb3,
    0xbb, 0x06, 0x00, 0x93, 0x26, 0xd5, 0x4a, 0x1d, 0x84, 0xfa, 0x91, 0x15,
    0x18, 0xf9, 0x70, 0xc6, 0x71, 0x73, 0x03, 0x00, 0xa0, 0x93, 0x5f, 0x03,
    0x81, 0x22, 0x63, 0x31, 0x0e, 0x00, 0x26, 0xa5, 0x7b, 0xc4, 0x22, 0x2e,
    0x04, 0xe3, 0x57, 0x88, 0x59, 0x7d, 0xfa, 0x5a, 0xbf, 0x0f, 0x00, 0xa0,
    0x88, 0x13, 0xa6, 0x9f, 0xab, 0x75, 0x19, 0xf7, 0x0f, 0xfa, 0x49, 0x94,
    0x50, 0x15, 0xbe, 0x24, 0xb3, 0x0f, 0x3f, 0x33, 0x00, 0x9a, 0xbf, 0xe0,
    0x90, 0x65, 0x01, 0x0f, 0x5c, 0x04, 0xf0, 0x39, 0x0e, 0x08, 0xc2, 0xa7,
    0x0f, 0x0f, 0x0f, 0x41, 0x4c, 0x0a, 0x6e, 0x48, 0x92, 0xfa, 0x6e, 0x0f,
    0x5f, 0x65, 0x18, 0x63, 0x94, 0xea, 0x09, 0x48, 0x09, 0x0f, 0x3a, 0x86,
    0x33, 0xac, 0x9b, 0x1a, 0x38, 0x69, 0x0f, 0x0f, 0x0f, 0xf9, 0xfa, 0xce,
    0x61, 0x54, 0x56, 0x39, 0x06, 0x0f, 0xdf, 0x47, 0x45, 0xb0, 0xb7, 0xf3,
    0x02, 0x71, 0x08, 0xff, 0x55, 0x54, 0x21, 0x0f, 0xf0, 0xff, 0xff, 0xff,
    0xff, 0xff, 0xff, 0xff, 0xbb, 0x04, 0x00, 0x00, 0x00, 0x80, 0x19, 0x5c,
    0x44, 0x26, 0xbe, 0x19, 0x00, 0x00, 0x00, 0x80, 0x51, 0x3f, 0x69, 0x26,
    0xf7, 0xf1, 0xff, 0xff, 0xff, 0x00, 0x98, 0xdc, 0x78, 0x26, 0x70, 0x12,
    0x00, 0x00, 0x00, 0x00, 0xb6, 0x6c, 0x51, 0x25, 0xf7, 0xf1, 0xff, 0xff,
    0xff, 0x00, 0xe3, 0x2d, 0x77, 0x27, 0xe8, 0xf6, 0xff, 0xff, 0xff, 0x80,
    0x1f, 0x68, 0x44, 0x26, 0x6f, 0xe5, 0xff, 0xff, 0xff, 0x00, 0x43, 0xd4,
    0x4c, 0x26, 0xbd, 0x22, 0x00, 0x00, 0x00, 0x80, 0xa3, 0x38, 0x48, 0x26,
    0xb7, 0xf8, 0xff, 0xff, 0xff, 0x80, 0xe0, 0x2c, 0x7a, 0x27, 0x2e, 0x19,
    0x00, 0x00, 0x00, 0x80, 0x4b, 0x14, 0x74, 0x27, 0xbc, 0x0e, 0x00, 0x00,
    0x00, 0x00, 0x0c, 0xce, 0x4c, 0x26, 0xb6, 0x05, 0x00, 0x00, 0x00, 0x80,
    0xbc, 0x81, 0x56, 0x26, 0x00, 0x00, 0x00, 0x00, 0x00, 0x00, 0x00, 0x00,
    0x78, 0x04, 0x54, 0xf2, 0xfd, 0xef, 0xdf, 0xe4, 0xc2, 0x22, 0xf1, 0xfe,
    0xdc, 0xac, 0xa9, 0x38, 0x98, 0x77, 0xf7, 0xe6, 0xb6, 0x56, 0x06, 0xe6,
    0x85, 0x65, 0x15, 0xa5, 0x74, 0x64, 0x54, 0xf3, 0x42, 0x51, 0x40, 0x90,
    0xbf, 0xd3, 0x00, 0xf0, 0x8f, 0xa3, 0x07, 0x49, 0x82, 0xf9, 0x1f, 0x00,
    0xd4, 0xb6, 0x5f, 0x8f, 0xd1, 0x93, 0x96, 0xf9, 0xf7, 0xce, 0xc7, 0x0e,
    0x95, 0xc3, 0x31, 0x00, 0xc8, 0xb0, 0x41, 0x31, 0xdd, 0x60, 0xc9, 0x09,
    0x89, 0xc0, 0x84, 0x33, 0x70, 0x03, 0x80, 0x55, 0x66, 0xa8, 0x08, 0x65,
    0x0a, 0x0f, 0x17, 0x00, 0xb6, 0x2c, 0x64, 0x73, 0xe9, 0x62, 0x82, 0x43,
    0x5e, 0x86, 0x37, 0xd2, 0xd9, 0x5c, 0x03, 0xf0, 0xa9, 0x5c, 0xa1, 0xdb,
    0x6d, 0x43, 0xf1, 0xc0, 0x03, 0x57, 0xdc, 0x6b, 0xa0, 0x51, 0x01, 0x1e,
    0x7e, 0x8d, 0x09, 0x58, 0x65, 0x49, 0x74, 0x31, 0x3c, 0xfc, 0xf7, 0xfe,
    0xe1, 0xfb, 0xcd, 0xda, 0x78, 0xd7, 0xf7, 0xf0, 0xaf, 0xb9, 0x56, 0x21,
    0x68, 0xd7, 0xff, 0xfb, 0x01, 0xf0, 0xf7, 0xf9, 0xff, 0x47, 0xff, 0x44,
    0x13, 0xfe, 0xff, 0xff, 0xff, 0xff, 0xff, 0xff, 0xff, 0xff, 0xff, 0xff,
    0xff, 0x1f, 0x20, 0x0f, 0x00, 0xe0, 0x8e, 0x37, 0x7b, 0x11, 0x0f, 0xd2,
    0x1a, 0xed, 0xe7, 0x03, 0x00, 0xdd, 0xe5, 0x5e, 0x03, 0x22, 0xe1, 0xfb,
    0x7d, 0xff, 0xb8, 0x1d, 0x04, 0xe0, 0xff, 0xff, 0x05, 0x25, 0x41, 0xfe,
    0xff, 0x00, 0xe0, 0xa3, 0x88, 0xc4, 0xff, 0x90, 0xf3, 0x0f, 0xff, 0x07,
    0x0f, 0xae, 0x5d, 0xde, 0xff, 0xff, 0xff, 0xff, 0xff, 0xff, 0xff, 0xff,
    0xff, 0xff, 0xff, 0xff, 0xff, 0xff, 0xff, 0xff, 0xff, 0xff, 0xff, 0xff,
    0x1f, 0xfe, 0xff, 0xff, 0xff, 0xff, 0xff, 0xff, 0xff, 0xff, 0xff, 0xff,
    0xff, 0xff, 0xff, 0xff, 0x46, 0x01, 0x00, 0x00, 0x00, 0x80, 0x0a, 0x0b,
    0x72, 0x26, 0xfb, 0xef, 0xff, 0xff, 0xff, 0x80, 0x37, 0x59, 0x57, 0x25,
    0x4d, 0xd4, 0xff, 0xff, 0xff, 0x80, 0x1e, 0x6d, 0x46, 0x26, 0x85, 0x3a,
    0x00, 0x00, 0x00, 0x80, 0xbe, 0xc6, 0x47, 0x26, 0x0c, 0xda, 0xff, 0xff,
    0xff, 0x80, 0x56, 0x8c, 0x51, 0x27, 0xff, 0xf9, 0xff, 0xff, 0xff, 0x80,
    0x5e, 0xa4, 0x78, 0x27, 0xb9, 0x07, 0x00, 0x00, 0x00, 0x80, 0xa7, 0x92,
    0x5c, 0x26, 0x21, 0x29, 0x00, 0x00, 0x00, 0x00, 0x5a, 0x32, 0x57, 0x26,
    0xce, 0x06, 0x00, 0x00, 0x00, 0x80, 0xb9, 0x10, 0x41, 0x25, 0xd5, 0xcd,
    0xff, 0xff, 0xff, 0x80, 0x82, 0x26, 0x7f, 0x27, 0x81, 0x32, 0x00, 0x00,
    0x00, 0x00, 0x4a, 0x4f, 0x43, 0x26, 0xe2, 0x01, 0x00, 0x00, 0x00, 0x80,
    0xc6, 0x8d, 0x41, 0x24, 0x00, 0x00, 0x00, 0x00, 0x00, 0x00, 0x00, 0x00,
    0x98, 0x05, 0x5c, 0x01, 0x0c, 0x00, 0x75, 0x0c, 0xb6, 0xef, 0x75, 0x13,
    0x93, 0x7d, 0x00, 0x30, 0x37, 0x01, 0xa4, 0xc5, 0xd4, 0x85, 0xb1, 0x00,
    0x00, 0x74, 0x52, 0xe4, 0x75, 0xa2, 0x4f, 0x08, 0x0c, 0x8e, 0x30, 0x0a,
    0x4c, 0xd8, 0xf0, 0x09, 0x5f, 0x00, 0x40, 0x9a, 0x62, 0x17, 0x39, 0xa2,
    0x02, 0x09, 0x01, 0x00, 0x88, 0x1e, 0x5b, 0x75, 0x5d, 0x4f, 0x54, 0x4f,
    0x7a, 0xfc, 0x3f, 0xa7, 0x12, 0xf9, 0x40, 0xd9, 0x00, 0x20, 0x25, 0xc2,
    0xdf, 0xa3, 0x2c, 0x18, 0x76, 0x04, 0x00, 0x79, 0x1f, 0xa4, 0xa3, 0xd6,
    0xa0, 0x52, 0xab, 0x57, 0x12, 0x80, 0x43, 0x7c, 0x52, 0xfd, 0x04, 0x00,
    0xa0, 0xa6, 0x60, 0xd6, 0x61, 0x51, 0x66, 0x6a, 0x03, 0x00, 0x33, 0x0e,
    0x1a, 0xfd, 0x7b, 0xcf, 0x40, 0xfd, 0x3d, 0x24, 0x46, 0x93, 0xd2, 0x64,
    0x33, 0x6e, 0x00, 0x50, 0x8c, 0xe2, 0x3a, 0xcb, 0xcf, 0xdf, 0x5f, 0xf7,
    0x0f, 0xfd, 0x03, 0x11, 0x0f, 0x0b, 0x27, 0xa5, 0xb9, 0x0f, 0x4f, 0x07,
    0x88, 0x86, 0xb4, 0x84, 0x50, 0x54, 0x06, 0x0f, 0x07, 0xfc, 0x9d, 0x44,
    0x12, 0xf8, 0x4b, 0x21, 0x0f, 0x0f, 0x0f, 0x77, 0x20, 0x51, 0xc5, 0x0c,
    0x90, 0x32, 0x94, 0x0f, 0x9f, 0x62, 0x54, 0x59, 0xda, 0x2f, 0x91, 0xc3,
    0x0f, 0x0f, 0x82, 0xe4, 0x5f, 0x3f, 0x5c, 0x1d, 0x38, 0x62, 0x0f, 0x0f,
    0x0f, 0x21, 0x03, 0x3f, 0x06, 0x31, 0x2e, 0xb5, 0x10, 0x0f, 0xdf, 0x6f,
    0xde, 0x9f, 0x11, 0x41, 0x3e, 0xd8, 0x09, 0xff, 0x52, 0x64, 0x58, 0x00,
    0x0f, 0xf0, 0xff, 0xff, 0xff, 0xff, 0xff, 0xff, 0x93, 0xf6, 0xff, 0xff,
    0xff, 0x80, 0x97, 0xdc, 0x6f, 0x26, 0x89, 0x1e, 0x00, 0x00, 0x00, 0x00,
    0x75, 0xe8, 0x48, 0x25, 0x5c, 0x0d, 0x00, 0x00, 0x00, 0x80, 0xdb, 0x1a,
    0x57, 0x24, 0xbb, 0xfe, 0xff, 0xff, 0xff, 0x00, 0xe6, 0x28, 0x45, 0x25,
    0x14, 0xdf, 0xff, 0xff, 0xff, 0x80, 0x3a, 0x56, 0x4d, 0x26, 0x92, 0xfa,
    0xff, 0xff, 0xff, 0x00, 0x8c, 0x01, 0x6f, 0x25, 0xed, 0x14, 0x00, 0x00,
    0x00, 0x80, 0xd6, 0x5d, 0x79, 0x25, 0xe6, 0x1d, 0x00, 0x00, 0x00, 0x80,
    0x28, 0x2a, 0x54, 0x25, 0x51, 0x08, 0x00, 0x00, 0x00, 0x80, 0x82, 0xcf,
    0x6b, 0x25, 0x4a, 0xe9, 0xff, 0xff, 0xff, 0x80, 0xf9, 0x6e, 0x71, 0x26,
    0x8c, 0x20, 0x00, 0x00, 0x00, 0x00, 0xd5, 0x41, 0x57, 0x25, 0x93, 0x01,
    0x00, 0x00, 0x00, 0x00, 0x1f, 0xdd, 0x66, 0x25, 0x00, 0x00, 0x00, 0x00,
    0x00, 0x00, 0x00, 0x00, 0x50, 0x04, 0x54, 0xf3, 0xfd, 0xef, 0x7f, 0x13,
    0x63, 0xf5, 0x82, 0xc2, 0xe1, 0xa0, 0x39, 0x09, 0x59, 0x37, 0x17, 0x17,
    0x25, 0xe4, 0xd3, 0x83, 0x43, 0x33, 0xc3, 0xb2, 0x62, 0x72, 0xc1, 0x90,
    0xa0, 0x0f, 0xcf, 0x6d, 0x0d, 0x48, 0x00, 0xa0, 0x1b, 0x73, 0x7f, 0xf5,
    0x51, 0x81, 0x01, 0x1e, 0xc8, 0xdb, 0x0d, 0x04, 0xf5, 0x4b, 0x51, 0x01,
    0xe0, 0x8a, 0xc3, 0x1f, 0x00, 0x58, 0x4d, 0x3b, 0xa0, 0xfc, 0x6e, 0xb3,
    0x59, 0x84, 0x74, 0xa5, 0x23, 0xe3, 0x09, 0x00, 0xeb, 0xcb, 0x45, 0xc0,
    0xab, 0xb3, 0xef, 0x54, 0x26, 0xcb, 0xe9, 0xed, 0x8d, 0x0c, 0x50, 0x26,
    0x51, 0x27, 0x35, 0xbb, 0x24, 0xe0, 0x09, 0x9c, 0x0c, 0x38, 0x6c, 0x93,
    0xec, 0x80, 0x87, 0x6d, 0xc8, 0xe4, 0x11, 0x7d, 0xee, 0x49, 0x78, 0x93,
    0x0f, 0xff, 0x1f, 0x16, 0xac, 0x87, 0xfa, 0x89, 0x4b, 0x78, 0xf8, 0xdd,
    0x16, 0x3d, 0x04, 0xd4, 0xc3, 0x3b, 0x65, 0x10, 0xd5, 0x80, 0xff, 0x2e,
    0xd8, 0x35, 0x1a, 0x0c, 0x8f, 0xf8, 0xe7, 0xff, 0x9b, 0xfe, 0x1f, 0x05,
    0x96, 0x98, 0xe6, 0xea, 0xff, 0xff, 0xff, 0xff, 0xff, 0xff, 0xff, 0xff,
    0xff, 0xff, 0xff, 0xff, 0x01, 0x18, 0x1f, 0x00, 0xe2, 0x76, 0x03, 0x00,
    0xf7, 0xe8, 0x1e, 0x05, 0xf6, 0x77, 0x91, 0xef, 0xde, 0x11, 0x7f, 0x4e,
    0x00, 0xf8, 0x7f, 0xf8, 0x06, 0xe3, 0xc6, 0x90, 0xff, 0x9f, 0x94, 0x1c,
    0xd1, 0x4a, 0x09, 0xe7, 0x1f, 0x5e, 0x1e, 0x1e, 0xfe, 0xff, 0xff, 0xff,
    0xff, 0xff, 0xff, 0xff, 0xff, 0xff, 0xff, 0xff, 0xff, 0xff, 0xff, 0xff,
    0xff, 0xff, 0xff, 0xff, 0x1f, 0xfe, 0xff, 0xff, 0xff, 0xff, 0xff, 0xff,
    0xff, 0xff, 0xff, 0xff, 0x55, 0x97, 0xff, 0xff, 0xff, 0x42, 0x53, 0x9a,
    0x45, 0x27, 0x00, 0x00, 0x00, 0x00, 0x00, 0x00, 0x58, 0x00, 0xe8, 0xbf,
    0xfc, 0xdf, 0x9f, 0x9f, 0x9d, 0x7c, 0x5b, 0x1b, 0xfa, 0xc9, 0x48, 0xc7,
    0x95, 0xeb, 0x00, 0x5f, 0xfa, 0xff, 0x51, 0xb2, 0x3e, 0xff, 0xff, 0xff,
    0xff, 0xff, 0xf0, 0xff, 0xff, 0xff, 0xff, 0xff, 0xff, 0xff, 0xff, 0xff,
    0xff, 0xff, 0xff, 0xff, 0xff, 0xff, 0xff, 0xff, 0xff, 0xff, 0xff, 0xff,
    0xff, 0xff, 0x00, 0xff, 0xff, 0xff, 0xff, 0xff, 0xff, 0xff, 0xff, 0xff,
};

const rf_v31_model_blob_t g_rf_v31_dji_control_model = {
    .name = "v31_dji_control_specialist",
    .command = g_rf_v31_dji_control_command,
    .weights = g_rf_v31_dji_control_weights,
    .command_bytes = RF_V31_DJI_CONTROL_COMMAND_BYTES,
    .weight_bytes = RF_V31_DJI_CONTROL_WEIGHT_BYTES,
    .weight_region = 0u,
    .scratch_region = 1u,
    .scratch_bytes = RF_V31_DJI_CONTROL_SCRATCH_BYTES,
    .input_region = 1u,
    .input_offset = RF_V31_DJI_CONTROL_INPUT_OFFSET,
    .input_bytes = RF_V31_DJI_CONTROL_INPUT_BYTES,
    .output_count = RF_V31_DJI_CONTROL_OUTPUT_COUNT,
    .output_region = {1u, 0u, 0u, 0u, 0u},
    .output_offset = {0u, 0u, 0u, 0u, 0u},
    .output_bytes = {5916u, 0u, 0u, 0u, 0u},
};
