#include "rf_v31_model_data.h"

#ifndef RF_V31_ALIGN
#define RF_V31_ALIGN __attribute__((aligned(16)))
#endif

#ifndef RF_V31_COMMAND_SECTION
#define RF_V31_COMMAND_SECTION
#endif

#ifndef RF_V31_WEIGHT_SECTION
#define RF_V31_WEIGHT_SECTION
#endif

static const uint8_t g_rf_v31_main_command[RF_V31_MAIN_COMMAND_BYTES]
    RF_V31_ALIGN RF_V31_COMMAND_SECTION = {
    0x43, 0x4f, 0x50, 0x31, 0x01, 0x00, 0x10, 0x00, 0x08, 0x30, 0x00, 0x00,
    0x01, 0x60, 0x06, 0x10, 0x05, 0x00, 0x00, 0x00, 0x05, 0x00, 0x00, 0x00,
    0x05, 0x00, 0x00, 0x00, 0x02, 0x00, 0x53, 0x11, 0x0f, 0x01, 0x01, 0x00,
    0x00, 0x40, 0x00, 0x00, 0x00, 0x00, 0x00, 0x00, 0x01, 0x40, 0x00, 0x00,
    0x00, 0x00, 0x00, 0x00, 0x02, 0x40, 0x00, 0x00, 0x00, 0x00, 0x00, 0x00,
    0x03, 0x40, 0x00, 0x00, 0x00, 0x00, 0x00, 0x00, 0x0b, 0x01, 0x01, 0x00,
    0x0c, 0x01, 0x01, 0x00, 0x0a, 0x01, 0x72, 0x00, 0x04, 0x01, 0x03, 0x00,
    0x05, 0x40, 0x00, 0x00, 0xcc, 0x01, 0x00, 0x00, 0x04, 0x40, 0x00, 0x00,
    0x04, 0x00, 0x00, 0x00, 0x06, 0x40, 0x00, 0x00, 0x01, 0x00, 0x00, 0x00,
    0x09, 0x01, 0x00, 0x00, 0x05, 0x01, 0x01, 0x00, 0x07, 0x01, 0x00, 0x00,
    0x00, 0x01, 0x00, 0x00, 0x01, 0x01, 0x00, 0x00, 0x03, 0x01, 0x00, 0x00,
    0x02, 0x01, 0x00, 0x00, 0x1f, 0x01, 0x01, 0x00, 0x10, 0x40, 0x00, 0x00,
    0x90, 0x6e, 0x01, 0x00, 0x11, 0x40, 0x00, 0x00, 0x00, 0x00, 0x00, 0x00,
    0x12, 0x40, 0x00, 0x00, 0x00, 0x00, 0x00, 0x00, 0x13, 0x40, 0x00, 0x00,
    0x00, 0x00, 0x00, 0x00, 0x12, 0x01, 0x00, 0x00, 0x11, 0x01, 0x72, 0x00,
    0x1b, 0x01, 0x00, 0x00, 0x1c, 0x01, 0x00, 0x00, 0x1a, 0x01, 0x72, 0x00,
    0x13, 0x01, 0x03, 0x00, 0x15, 0x40, 0x00, 0x00, 0x30, 0x07, 0x00, 0x00,
    0x14, 0x40, 0x00, 0x00, 0x10, 0x00, 0x00, 0x00, 0x16, 0x40, 0x00, 0x00,
    0x30, 0x07, 0x00, 0x00, 0x18, 0x01, 0x00, 0x00, 0x14, 0x01, 0x41, 0x81,
    0x21, 0x01, 0x01, 0x00, 0x20, 0x01, 0x00, 0x00, 0x22, 0x01, 0x02, 0x00,
    0x25, 0x01, 0x00, 0x00, 0x26, 0x01, 0x80, 0xff, 0x27, 0x01, 0x7f, 0x00,
    0x24, 0x40, 0x20, 0x00, 0x01, 0x00, 0x00, 0x80, 0x16, 0x01, 0x01, 0x00,
    0x15, 0x01, 0x15, 0x00, 0x17, 0x01, 0x07, 0x00, 0x0d, 0x01, 0x0a, 0x00,
    0x2d, 0x01, 0x1e, 0x00, 0x24, 0x01, 0x00, 0x00, 0x2f, 0x01, 0x00, 0x00,
    0x05, 0x00, 0x01, 0x00, 0x00, 0x40, 0x00, 0x00, 0x98, 0x03, 0x00, 0x00,
    0x10, 0x40, 0x00, 0x00, 0xc0, 0x75, 0x01, 0x00, 0x2f, 0x01, 0x03, 0x00,
    0x05, 0x00, 0x01, 0x00, 0x00, 0x40, 0x00, 0x00, 0x90, 0x6e, 0x01, 0x00,
    0x0b, 0x01, 0x00, 0x00, 0x0c, 0x01, 0x00, 0x00, 0x05, 0x40, 0x00, 0x00,
    0x30, 0x07, 0x00, 0x00, 0x04, 0x40, 0x00, 0x00, 0x10, 0x00, 0x00, 0x00,
    0x06, 0x40, 0x00, 0x00, 0x30, 0x07, 0x00, 0x00, 0x05, 0x01, 0x41, 0x00,
    0x01, 0x01, 0x01, 0x00, 0x02, 0x01, 0x01, 0x00, 0x10, 0x40, 0x00, 0x00,
    0xf0, 0x7c, 0x01, 0x00, 0x11, 0x01, 0x39, 0x00, 0x1a, 0x01, 0x39, 0x00,
    0x13, 0x01, 0x0f, 0x00, 0x15, 0x40, 0x00, 0x00, 0xa0, 0x03, 0x00, 0x00,
    0x16, 0x40, 0x00, 0x00, 0xa0, 0x03, 0x00, 0x00, 0x18, 0x01, 0x80, 0xff,
    0x14, 0x01, 0x41, 0x00, 0x21, 0x01, 0x00, 0x00, 0x20, 0x01, 0x02, 0x00,
    0x22, 0x01, 0x05, 0x00, 0x28, 0x01, 0x00, 0x00, 0x20, 0x40, 0x00, 0x00,
    0xa0, 0x00, 0x00, 0x00, 0x21, 0x40, 0x00, 0x00, 0x10, 0x01, 0x00, 0x00,
    0x29, 0x01, 0x00, 0x00, 0x22, 0x40, 0x00, 0x00, 0x00, 0x00, 0x00, 0x00,
    0x23, 0x40, 0x00, 0x00, 0xa0, 0x00, 0x00, 0x00, 0x15, 0x01, 0x39, 0x00,
    0x17, 0x01, 0x0f, 0x00, 0x2f, 0x01, 0x01, 0x00, 0x02, 0x00, 0x00, 0x00,
    0x00, 0x40, 0x00, 0x00, 0xc0, 0x75, 0x01, 0x00, 0x10, 0x40, 0x00, 0x00,
    0x90, 0x80, 0x01, 0x00, 0x2f, 0x01, 0x03, 0x00, 0x02, 0x00, 0x00, 0x00,
    0x00, 0x40, 0x00, 0x00, 0x30, 0x07, 0x00, 0x00, 0x0b, 0x01, 0x01, 0x00,
    0x0c, 0x01, 0x01, 0x00, 0x05, 0x40, 0x00, 0x00, 0xcc, 0x01, 0x00, 0x00,
    0x04, 0x40, 0x00, 0x00, 0x04, 0x00, 0x00, 0x00, 0x06, 0x40, 0x00, 0x00,
    0x01, 0x00, 0x00, 0x00, 0x05, 0x01, 0x01, 0x00, 0x01, 0x01, 0x00, 0x00,
    0x02, 0x01, 0x00, 0x00, 0x10, 0x40, 0x00, 0x00, 0x90, 0x6e, 0x01, 0x00,
    0x11, 0x01, 0x72, 0x00, 0x1a, 0x01, 0x72, 0x00, 0x13, 0x01, 0x03, 0x00,
    0x15, 0x40, 0x00, 0x00, 0x30, 0x07, 0x00, 0x00, 0x16, 0x40, 0x00, 0x00,
    0x30, 0x07, 0x00, 0x00, 0x18, 0x01, 0x00, 0x00, 0x14, 0x01, 0x41, 0x81,
    0x21, 0x01, 0x01, 0x00, 0x20, 0x01, 0x00, 0x00, 0x22, 0x01, 0x02, 0x00,
    0x15, 0x01, 0x15, 0x00, 0x17, 0x01, 0x07, 0x00, 0x05, 0x00, 0x01, 0x00,
    0x00, 0x40, 0x00, 0x00, 0xc8, 0x0a, 0x00, 0x00, 0x10, 0x40, 0x00, 0x00,
    0xc0, 0x75, 0x01, 0x00, 0x05, 0x00, 0x01, 0x00, 0x00, 0x40, 0x00, 0x00,
    0x90, 0x6e, 0x01, 0x00, 0x0b, 0x01, 0x00, 0x00, 0x0c, 0x01, 0x00, 0x00,
    0x05, 0x40, 0x00, 0x00, 0x30, 0x07, 0x00, 0x00, 0x04, 0x40, 0x00, 0x00,
    0x10, 0x00, 0x00, 0x00, 0x06, 0x40, 0x00, 0x00, 0x30, 0x07, 0x00, 0x00,
    0x05, 0x01, 0x41, 0x00, 0x01, 0x01, 0x01, 0x00, 0x02, 0x01, 0x01, 0x00,
    0x10, 0x40, 0x00, 0x00, 0x30, 0x84, 0x01, 0x00, 0x11, 0x01, 0x39, 0x00,
    0x1a, 0x01, 0x39, 0x00, 0x13, 0x01, 0x0f, 0x00, 0x15, 0x40, 0x00, 0x00,
    0xa0, 0x03, 0x00, 0x00, 0x16, 0x40, 0x00, 0x00, 0xa0, 0x03, 0x00, 0x00,
    0x18, 0x01, 0x80, 0xff, 0x14, 0x01, 0x41, 0x00, 0x21, 0x01, 0x00, 0x00,
    0x20, 0x01, 0x02, 0x00, 0x22, 0x01, 0x05, 0x00, 0x15, 0x01, 0x39, 0x00,
    0x17, 0x01, 0x0f, 0x00, 0x2f, 0x01, 0x01, 0x00, 0x02, 0x00, 0x00, 0x00,
    0x00, 0x40, 0x00, 0x00, 0xc0, 0x75, 0x01, 0x00, 0x10, 0x40, 0x00, 0x00,
    0xd0, 0x87, 0x01, 0x00, 0x2f, 0x01, 0x03, 0x00, 0x02, 0x00, 0x00, 0x00,
    0x00, 0x40, 0x00, 0x00, 0x60, 0x0e, 0x00, 0x00, 0x0b, 0x01, 0x01, 0x00,
    0x0c, 0x01, 0x01, 0x00, 0x05, 0x40, 0x00, 0x00, 0xcc, 0x01, 0x00, 0x00,
    0x04, 0x40, 0x00, 0x00, 0x04, 0x00, 0x00, 0x00, 0x06, 0x40, 0x00, 0x00,
    0x01, 0x00, 0x00, 0x00, 0x05, 0x01, 0x01, 0x00, 0x01, 0x01, 0x00, 0x00,
    0x02, 0x01, 0x00, 0x00, 0x10, 0x40, 0x00, 0x00, 0x90, 0x6e, 0x01, 0x00,
    0x11, 0x01, 0x72, 0x00, 0x1a, 0x01, 0x72, 0x00, 0x13, 0x01, 0x03, 0x00,
    0x15, 0x40, 0x00, 0x00, 0x30, 0x07, 0x00, 0x00, 0x16, 0x40, 0x00, 0x00,
    0x30, 0x07, 0x00, 0x00, 0x18, 0x01, 0x00, 0x00, 0x14, 0x01, 0x41, 0x81,
    0x21, 0x01, 0x01, 0x00, 0x20, 0x01, 0x00, 0x00, 0x22, 0x01, 0x02, 0x00,
    0x15, 0x01, 0x15, 0x00, 0x17, 0x01, 0x07, 0x00, 0x05, 0x00, 0x01, 0x00,
    0x00, 0x40, 0x00, 0x00, 0xf8, 0x11, 0x00, 0x00, 0x10, 0x40, 0x00, 0x00,
    0xc0, 0x75, 0x01, 0x00, 0x05, 0x00, 0x01, 0x00, 0x00, 0x40, 0x00, 0x00,
    0x90, 0x6e, 0x01, 0x00, 0x0b, 0x01, 0x00, 0x00, 0x0c, 0x01, 0x00, 0x00,
    0x05, 0x40, 0x00, 0x00, 0x30, 0x07, 0x00, 0x00, 0x04, 0x40, 0x00, 0x00,
    0x10, 0x00, 0x00, 0x00, 0x06, 0x40, 0x00, 0x00, 0x30, 0x07, 0x00, 0x00,
    0x05, 0x01, 0x41, 0x00, 0x01, 0x01, 0x01, 0x00, 0x02, 0x01, 0x01, 0x00,
    0x10, 0x40, 0x00, 0x00, 0x70, 0x8b, 0x01, 0x00, 0x11, 0x01, 0x39, 0x00,
    0x1a, 0x01, 0x39, 0x00, 0x13, 0x01, 0x0f, 0x00, 0x15, 0x40, 0x00, 0x00,
    0xa0, 0x03, 0x00, 0x00, 0x16, 0x40, 0x00, 0x00, 0xa0, 0x03, 0x00, 0x00,
    0x18, 0x01, 0x80, 0xff, 0x14, 0x01, 0x41, 0x00, 0x21, 0x01, 0x00, 0x00,
    0x20, 0x01, 0x02, 0x00, 0x22, 0x01, 0x05, 0x00, 0x15, 0x01, 0x39, 0x00,
    0x17, 0x01, 0x0f, 0x00, 0x2f, 0x01, 0x01, 0x00, 0x02, 0x00, 0x00, 0x00,
    0x00, 0x40, 0x00, 0x00, 0xc0, 0x75, 0x01, 0x00, 0x10, 0x40, 0x00, 0x00,
    0x10, 0x8f, 0x01, 0x00, 0x2f, 0x01, 0x03, 0x00, 0x02, 0x00, 0x00, 0x00,
    0x00, 0x40, 0x00, 0x00, 0x90, 0x15, 0x00, 0x00, 0x0b, 0x01, 0x01, 0x00,
    0x0c, 0x01, 0x01, 0x00, 0x05, 0x40, 0x00, 0x00, 0xcc, 0x01, 0x00, 0x00,
    0x04, 0x40, 0x00, 0x00, 0x04, 0x00, 0x00, 0x00, 0x06, 0x40, 0x00, 0x00,
    0x01, 0x00, 0x00, 0x00, 0x05, 0x01, 0x01, 0x00, 0x01, 0x01, 0x00, 0x00,
    0x02, 0x01, 0x00, 0x00, 0x10, 0x40, 0x00, 0x00, 0x90, 0x6e, 0x01, 0x00,
    0x11, 0x01, 0x72, 0x00, 0x1a, 0x01, 0x72, 0x00, 0x13, 0x01, 0x03, 0x00,
    0x15, 0x40, 0x00, 0x00, 0x30, 0x07, 0x00, 0x00, 0x16, 0x40, 0x00, 0x00,
    0x30, 0x07, 0x00, 0x00, 0x18, 0x01, 0x00, 0x00, 0x14, 0x01, 0x41, 0x81,
    0x21, 0x01, 0x01, 0x00, 0x20, 0x01, 0x00, 0x00, 0x22, 0x01, 0x02, 0x00,
    0x15, 0x01, 0x15, 0x00, 0x17, 0x01, 0x07, 0x00, 0x05, 0x00, 0x01, 0x00,
    0x00, 0x40, 0x00, 0x00, 0x28, 0x19, 0x00, 0x00, 0x10, 0x40, 0x00, 0x00,
    0xc0, 0x75, 0x01, 0x00, 0x05, 0x00, 0x01, 0x00, 0x00, 0x40, 0x00, 0x00,
    0x90, 0x6e, 0x01, 0x00, 0x0b, 0x01, 0x00, 0x00, 0x0c, 0x01, 0x00, 0x00,
    0x05, 0x40, 0x00, 0x00, 0x30, 0x07, 0x00, 0x00, 0x04, 0x40, 0x00, 0x00,
    0x10, 0x00, 0x00, 0x00, 0x06, 0x40, 0x00, 0x00, 0x30, 0x07, 0x00, 0x00,
    0x05, 0x01, 0x41, 0x00, 0x01, 0x01, 0x01, 0x00, 0x02, 0x01, 0x01, 0x00,
    0x10, 0x40, 0x00, 0x00, 0xb0, 0x92, 0x01, 0x00, 0x11, 0x01, 0x39, 0x00,
    0x1a, 0x01, 0x39, 0x00, 0x13, 0x01, 0x0f, 0x00, 0x15, 0x40, 0x00, 0x00,
    0xa0, 0x03, 0x00, 0x00, 0x16, 0x40, 0x00, 0x00, 0xa0, 0x03, 0x00, 0x00,
    0x18, 0x01, 0x80, 0xff, 0x14, 0x01, 0x41, 0x00, 0x21, 0x01, 0x00, 0x00,
    0x20, 0x01, 0x02, 0x00, 0x22, 0x01, 0x05, 0x00, 0x15, 0x01, 0x39, 0x00,
    0x17, 0x01, 0x0f, 0x00, 0x2f, 0x01, 0x01, 0x00, 0x02, 0x00, 0x00, 0x00,
    0x00, 0x40, 0x00, 0x00, 0xc0, 0x75, 0x01, 0x00, 0x10, 0x40, 0x00, 0x00,
    0x50, 0x96, 0x01, 0x00, 0x2f, 0x01, 0x03, 0x00, 0x02, 0x00, 0x00, 0x00,
    0x00, 0x40, 0x00, 0x00, 0xc0, 0x1c, 0x00, 0x00, 0x0b, 0x01, 0x01, 0x00,
    0x0c, 0x01, 0x01, 0x00, 0x05, 0x40, 0x00, 0x00, 0xcc, 0x01, 0x00, 0x00,
    0x04, 0x40, 0x00, 0x00, 0x04, 0x00, 0x00, 0x00, 0x06, 0x40, 0x00, 0x00,
    0x01, 0x00, 0x00, 0x00, 0x05, 0x01, 0x01, 0x00, 0x01, 0x01, 0x00, 0x00,
    0x02, 0x01, 0x00, 0x00, 0x10, 0x40, 0x00, 0x00, 0x90, 0x6e, 0x01, 0x00,
    0x11, 0x01, 0x72, 0x00, 0x1a, 0x01, 0x72, 0x00, 0x13, 0x01, 0x03, 0x00,
    0x15, 0x40, 0x00, 0x00, 0x30, 0x07, 0x00, 0x00, 0x16, 0x40, 0x00, 0x00,
    0x30, 0x07, 0x00, 0x00, 0x18, 0x01, 0x00, 0x00, 0x14, 0x01, 0x41, 0x81,
    0x21, 0x01, 0x01, 0x00, 0x20, 0x01, 0x00, 0x00, 0x22, 0x01, 0x02, 0x00,
    0x15, 0x01, 0x15, 0x00, 0x17, 0x01, 0x07, 0x00, 0x05, 0x00, 0x01, 0x00,
    0x00, 0x40, 0x00, 0x00, 0x58, 0x20, 0x00, 0x00, 0x10, 0x40, 0x00, 0x00,
    0xc0, 0x75, 0x01, 0x00, 0x05, 0x00, 0x01, 0x00, 0x00, 0x40, 0x00, 0x00,
    0x90, 0x6e, 0x01, 0x00, 0x0b, 0x01, 0x00, 0x00, 0x0c, 0x01, 0x00, 0x00,
    0x05, 0x40, 0x00, 0x00, 0x30, 0x07, 0x00, 0x00, 0x04, 0x40, 0x00, 0x00,
    0x10, 0x00, 0x00, 0x00, 0x06, 0x40, 0x00, 0x00, 0x30, 0x07, 0x00, 0x00,
    0x05, 0x01, 0x41, 0x00, 0x01, 0x01, 0x01, 0x00, 0x02, 0x01, 0x01, 0x00,
    0x10, 0x40, 0x00, 0x00, 0xf0, 0x99, 0x01, 0x00, 0x11, 0x01, 0x39, 0x00,
    0x1a, 0x01, 0x39, 0x00, 0x13, 0x01, 0x0f, 0x00, 0x15, 0x40, 0x00, 0x00,
    0xa0, 0x03, 0x00, 0x00, 0x16, 0x40, 0x00, 0x00, 0xa0, 0x03, 0x00, 0x00,
    0x18, 0x01, 0x80, 0xff, 0x14, 0x01, 0x41, 0x00, 0x21, 0x01, 0x00, 0x00,
    0x20, 0x01, 0x02, 0x00, 0x22, 0x01, 0x05, 0x00, 0x15, 0x01, 0x39, 0x00,
    0x17, 0x01, 0x0f, 0x00, 0x2f, 0x01, 0x01, 0x00, 0x02, 0x00, 0x00, 0x00,
    0x00, 0x40, 0x00, 0x00, 0xc0, 0x75, 0x01, 0x00, 0x10, 0x40, 0x00, 0x00,
    0x90, 0x9d, 0x01, 0x00, 0x2f, 0x01, 0x03, 0x00, 0x02, 0x00, 0x00, 0x00,
    0x00, 0x40, 0x00, 0x00, 0xf0, 0x23, 0x00, 0x00, 0x0b, 0x01, 0x01, 0x00,
    0x0c, 0x01, 0x01, 0x00, 0x05, 0x40, 0x00, 0x00, 0xcc, 0x01, 0x00, 0x00,
    0x04, 0x40, 0x00, 0x00, 0x04, 0x00, 0x00, 0x00, 0x06, 0x40, 0x00, 0x00,
    0x01, 0x00, 0x00, 0x00, 0x05, 0x01, 0x01, 0x00, 0x01, 0x01, 0x00, 0x00,
    0x02, 0x01, 0x00, 0x00, 0x10, 0x40, 0x00, 0x00, 0x90, 0x6e, 0x01, 0x00,
    0x11, 0x01, 0x72, 0x00, 0x1a, 0x01, 0x72, 0x00, 0x13, 0x01, 0x03, 0x00,
    0x15, 0x40, 0x00, 0x00, 0x30, 0x07, 0x00, 0x00, 0x16, 0x40, 0x00, 0x00,
    0x30, 0x07, 0x00, 0x00, 0x18, 0x01, 0x00, 0x00, 0x14, 0x01, 0x41, 0x81,
    0x21, 0x01, 0x01, 0x00, 0x20, 0x01, 0x00, 0x00, 0x22, 0x01, 0x02, 0x00,
    0x15, 0x01, 0x15, 0x00, 0x17, 0x01, 0x07, 0x00, 0x05, 0x00, 0x01, 0x00,
    0x00, 0x40, 0x00, 0x00, 0x88, 0x27, 0x00, 0x00, 0x10, 0x40, 0x00, 0x00,
    0xc0, 0x75, 0x01, 0x00, 0x05, 0x00, 0x01, 0x00, 0x00, 0x40, 0x00, 0x00,
    0x90, 0x6e, 0x01, 0x00, 0x0b, 0x01, 0x00, 0x00, 0x0c, 0x01, 0x00, 0x00,
    0x05, 0x40, 0x00, 0x00, 0x30, 0x07, 0x00, 0x00, 0x04, 0x40, 0x00, 0x00,
    0x10, 0x00, 0x00, 0x00, 0x06, 0x40, 0x00, 0x00, 0x30, 0x07, 0x00, 0x00,
    0x05, 0x01, 0x41, 0x00, 0x01, 0x01, 0x01, 0x00, 0x02, 0x01, 0x01, 0x00,
    0x10, 0x40, 0x00, 0x00, 0x30, 0xa1, 0x01, 0x00, 0x11, 0x01, 0x39, 0x00,
    0x1a, 0x01, 0x39, 0x00, 0x13, 0x01, 0x0f, 0x00, 0x15, 0x40, 0x00, 0x00,
    0xa0, 0x03, 0x00, 0x00, 0x16, 0x40, 0x00, 0x00, 0xa0, 0x03, 0x00, 0x00,
    0x18, 0x01, 0x80, 0xff, 0x14, 0x01, 0x41, 0x00, 0x21, 0x01, 0x00, 0x00,
    0x20, 0x01, 0x02, 0x00, 0x22, 0x01, 0x05, 0x00, 0x15, 0x01, 0x39, 0x00,
    0x17, 0x01, 0x0f, 0x00, 0x2f, 0x01, 0x01, 0x00, 0x02, 0x00, 0x00, 0x00,
    0x00, 0x40, 0x00, 0x00, 0xc0, 0x75, 0x01, 0x00, 0x10, 0x40, 0x00, 0x00,
    0xd0, 0xa4, 0x01, 0x00, 0x2f, 0x01, 0x03, 0x00, 0x02, 0x00, 0x00, 0x00,
    0x00, 0x40, 0x00, 0x00, 0x20, 0x2b, 0x00, 0x00, 0x0b, 0x01, 0x01, 0x00,
    0x0c, 0x01, 0x01, 0x00, 0x05, 0x40, 0x00, 0x00, 0xcc, 0x01, 0x00, 0x00,
    0x04, 0x40, 0x00, 0x00, 0x04, 0x00, 0x00, 0x00, 0x06, 0x40, 0x00, 0x00,
    0x01, 0x00, 0x00, 0x00, 0x05, 0x01, 0x01, 0x00, 0x01, 0x01, 0x00, 0x00,
    0x02, 0x01, 0x00, 0x00, 0x10, 0x40, 0x00, 0x00, 0x90, 0x6e, 0x01, 0x00,
    0x11, 0x01, 0x72, 0x00, 0x1a, 0x01, 0x72, 0x00, 0x13, 0x01, 0x03, 0x00,
    0x15, 0x40, 0x00, 0x00, 0x30, 0x07, 0x00, 0x00, 0x16, 0x40, 0x00, 0x00,
    0x30, 0x07, 0x00, 0x00, 0x18, 0x01, 0x00, 0x00, 0x14, 0x01, 0x41, 0x81,
    0x21, 0x01, 0x01, 0x00, 0x20, 0x01, 0x00, 0x00, 0x22, 0x01, 0x02, 0x00,
    0x15, 0x01, 0x15, 0x00, 0x17, 0x01, 0x07, 0x00, 0x05, 0x00, 0x01, 0x00,
    0x00, 0x40, 0x00, 0x00, 0xb8, 0x2e, 0x00, 0x00, 0x10, 0x40, 0x00, 0x00,
    0xc0, 0x75, 0x01, 0x00, 0x05, 0x00, 0x01, 0x00, 0x00, 0x40, 0x00, 0x00,
    0x90, 0x6e, 0x01, 0x00, 0x0b, 0x01, 0x00, 0x00, 0x0c, 0x01, 0x00, 0x00,
    0x05, 0x40, 0x00, 0x00, 0x30, 0x07, 0x00, 0x00, 0x04, 0x40, 0x00, 0x00,
    0x10, 0x00, 0x00, 0x00, 0x06, 0x40, 0x00, 0x00, 0x30, 0x07, 0x00, 0x00,
    0x05, 0x01, 0x41, 0x00, 0x01, 0x01, 0x01, 0x00, 0x02, 0x01, 0x01, 0x00,
    0x10, 0x40, 0x00, 0x00, 0x70, 0xa8, 0x01, 0x00, 0x11, 0x01, 0x39, 0x00,
    0x1a, 0x01, 0x39, 0x00, 0x13, 0x01, 0x0f, 0x00, 0x15, 0x40, 0x00, 0x00,
    0xa0, 0x03, 0x00, 0x00, 0x16, 0x40, 0x00, 0x00, 0xa0, 0x03, 0x00, 0x00,
    0x18, 0x01, 0x80, 0xff, 0x14, 0x01, 0x41, 0x00, 0x21, 0x01, 0x00, 0x00,
    0x20, 0x01, 0x02, 0x00, 0x22, 0x01, 0x05, 0x00, 0x15, 0x01, 0x39, 0x00,
    0x17, 0x01, 0x0f, 0x00, 0x2f, 0x01, 0x01, 0x00, 0x02, 0x00, 0x00, 0x00,
    0x00, 0x40, 0x00, 0x00, 0xc0, 0x75, 0x01, 0x00, 0x10, 0x40, 0x00, 0x00,
    0x10, 0xac, 0x01, 0x00, 0x2f, 0x01, 0x03, 0x00, 0x02, 0x00, 0x00, 0x00,
    0x00, 0x40, 0x00, 0x00, 0x50, 0x32, 0x00, 0x00, 0x0b, 0x01, 0x01, 0x00,
    0x0c, 0x01, 0x01, 0x00, 0x05, 0x40, 0x00, 0x00, 0xcc, 0x01, 0x00, 0x00,
    0x04, 0x40, 0x00, 0x00, 0x04, 0x00, 0x00, 0x00, 0x06, 0x40, 0x00, 0x00,
    0x01, 0x00, 0x00, 0x00, 0x05, 0x01, 0x01, 0x00, 0x01, 0x01, 0x00, 0x00,
    0x02, 0x01, 0x00, 0x00, 0x10, 0x40, 0x00, 0x00, 0x90, 0x6e, 0x01, 0x00,
    0x11, 0x01, 0x72, 0x00, 0x1a, 0x01, 0x72, 0x00, 0x13, 0x01, 0x03, 0x00,
    0x15, 0x40, 0x00, 0x00, 0x30, 0x07, 0x00, 0x00, 0x16, 0x40, 0x00, 0x00,
    0x30, 0x07, 0x00, 0x00, 0x18, 0x01, 0x00, 0x00, 0x14, 0x01, 0x41, 0x81,
    0x21, 0x01, 0x01, 0x00, 0x20, 0x01, 0x00, 0x00, 0x22, 0x01, 0x02, 0x00,
    0x15, 0x01, 0x15, 0x00, 0x17, 0x01, 0x07, 0x00, 0x05, 0x00, 0x01, 0x00,
    0x00, 0x40, 0x00, 0x00, 0xe8, 0x35, 0x00, 0x00, 0x10, 0x40, 0x00, 0x00,
    0xc0, 0x75, 0x01, 0x00, 0x05, 0x00, 0x01, 0x00, 0x00, 0x40, 0x00, 0x00,
    0x90, 0x6e, 0x01, 0x00, 0x0b, 0x01, 0x00, 0x00, 0x0c, 0x01, 0x00, 0x00,
    0x05, 0x40, 0x00, 0x00, 0x30, 0x07, 0x00, 0x00, 0x04, 0x40, 0x00, 0x00,
    0x10, 0x00, 0x00, 0x00, 0x06, 0x40, 0x00, 0x00, 0x30, 0x07, 0x00, 0x00,
    0x05, 0x01, 0x41, 0x00, 0x01, 0x01, 0x01, 0x00, 0x02, 0x01, 0x01, 0x00,
    0x10, 0x40, 0x00, 0x00, 0xb0, 0xaf, 0x01, 0x00, 0x11, 0x01, 0x39, 0x00,
    0x1a, 0x01, 0x39, 0x00, 0x13, 0x01, 0x0f, 0x00, 0x15, 0x40, 0x00, 0x00,
    0xa0, 0x03, 0x00, 0x00, 0x16, 0x40, 0x00, 0x00, 0xa0, 0x03, 0x00, 0x00,
    0x18, 0x01, 0x80, 0xff, 0x14, 0x01, 0x41, 0x00, 0x21, 0x01, 0x00, 0x00,
    0x20, 0x01, 0x02, 0x00, 0x22, 0x01, 0x05, 0x00, 0x15, 0x01, 0x39, 0x00,
    0x17, 0x01, 0x0f, 0x00, 0x2f, 0x01, 0x01, 0x00, 0x02, 0x00, 0x00, 0x00,
    0x00, 0x40, 0x00, 0x00, 0xc0, 0x75, 0x01, 0x00, 0x10, 0x40, 0x00, 0x00,
    0x50, 0xb3, 0x01, 0x00, 0x2f, 0x01, 0x03, 0x00, 0x02, 0x00, 0x00, 0x00,
    0x00, 0x40, 0x00, 0x00, 0x80, 0x39, 0x00, 0x00, 0x0b, 0x01, 0x01, 0x00,
    0x0c, 0x01, 0x01, 0x00, 0x05, 0x40, 0x00, 0x00, 0xcc, 0x01, 0x00, 0x00,
    0x04, 0x40, 0x00, 0x00, 0x04, 0x00, 0x00, 0x00, 0x06, 0x40, 0x00, 0x00,
    0x01, 0x00, 0x00, 0x00, 0x05, 0x01, 0x01, 0x00, 0x01, 0x01, 0x00, 0x00,
    0x02, 0x01, 0x00, 0x00, 0x10, 0x40, 0x00, 0x00, 0x90, 0x6e, 0x01, 0x00,
    0x11, 0x01, 0x72, 0x00, 0x1a, 0x01, 0x72, 0x00, 0x13, 0x01, 0x03, 0x00,
    0x15, 0x40, 0x00, 0x00, 0x30, 0x07, 0x00, 0x00, 0x16, 0x40, 0x00, 0x00,
    0x30, 0x07, 0x00, 0x00, 0x18, 0x01, 0x00, 0x00, 0x14, 0x01, 0x41, 0x81,
    0x21, 0x01, 0x01, 0x00, 0x20, 0x01, 0x00, 0x00, 0x22, 0x01, 0x02, 0x00,
    0x15, 0x01, 0x15, 0x00, 0x17, 0x01, 0x07, 0x00, 0x05, 0x00, 0x01, 0x00,
    0x00, 0x40, 0x00, 0x00, 0x18, 0x3d, 0x00, 0x00, 0x10, 0x40, 0x00, 0x00,
    0xc0, 0x75, 0x01, 0x00, 0x05, 0x00, 0x01, 0x00, 0x00, 0x40, 0x00, 0x00,
    0x90, 0x6e, 0x01, 0x00, 0x0b, 0x01, 0x00, 0x00, 0x0c, 0x01, 0x00, 0x00,
    0x05, 0x40, 0x00, 0x00, 0x30, 0x07, 0x00, 0x00, 0x04, 0x40, 0x00, 0x00,
    0x10, 0x00, 0x00, 0x00, 0x06, 0x40, 0x00, 0x00, 0x30, 0x07, 0x00, 0x00,
    0x05, 0x01, 0x41, 0x00, 0x01, 0x01, 0x01, 0x00, 0x02, 0x01, 0x01, 0x00,
    0x10, 0x40, 0x00, 0x00, 0xf0, 0xb6, 0x01, 0x00, 0x11, 0x01, 0x39, 0x00,
    0x1a, 0x01, 0x39, 0x00, 0x13, 0x01, 0x0f, 0x00, 0x15, 0x40, 0x00, 0x00,
    0xa0, 0x03, 0x00, 0x00, 0x16, 0x40, 0x00, 0x00, 0xa0, 0x03, 0x00, 0x00,
    0x18, 0x01, 0x80, 0xff, 0x14, 0x01, 0x41, 0x00, 0x21, 0x01, 0x00, 0x00,
    0x20, 0x01, 0x02, 0x00, 0x22, 0x01, 0x05, 0x00, 0x15, 0x01, 0x39, 0x00,
    0x17, 0x01, 0x0f, 0x00, 0x2f, 0x01, 0x01, 0x00, 0x02, 0x00, 0x00, 0x00,
    0x00, 0x40, 0x00, 0x00, 0xc0, 0x75, 0x01, 0x00, 0x10, 0x40, 0x00, 0x00,
    0x90, 0xba, 0x01, 0x00, 0x2f, 0x01, 0x03, 0x00, 0x02, 0x00, 0x00, 0x00,
    0x00, 0x40, 0x00, 0x00, 0xb0, 0x40, 0x00, 0x00, 0x0b, 0x01, 0x01, 0x00,
    0x0c, 0x01, 0x01, 0x00, 0x05, 0x40, 0x00, 0x00, 0xcc, 0x01, 0x00, 0x00,
    0x04, 0x40, 0x00, 0x00, 0x04, 0x00, 0x00, 0x00, 0x06, 0x40, 0x00, 0x00,
    0x01, 0x00, 0x00, 0x00, 0x05, 0x01, 0x01, 0x00, 0x01, 0x01, 0x00, 0x00,
    0x02, 0x01, 0x00, 0x00, 0x10, 0x40, 0x00, 0x00, 0x90, 0x6e, 0x01, 0x00,
    0x11, 0x01, 0x72, 0x00, 0x1a, 0x01, 0x72, 0x00, 0x13, 0x01, 0x03, 0x00,
    0x15, 0x40, 0x00, 0x00, 0x30, 0x07, 0x00, 0x00, 0x16, 0x40, 0x00, 0x00,
    0x30, 0x07, 0x00, 0x00, 0x18, 0x01, 0x00, 0x00, 0x14, 0x01, 0x41, 0x81,
    0x21, 0x01, 0x01, 0x00, 0x20, 0x01, 0x00, 0x00, 0x22, 0x01, 0x02, 0x00,
    0x15, 0x01, 0x15, 0x00, 0x17, 0x01, 0x07, 0x00, 0x05, 0x00, 0x01, 0x00,
    0x00, 0x40, 0x00, 0x00, 0x48, 0x44, 0x00, 0x00, 0x10, 0x40, 0x00, 0x00,
    0xc0, 0x75, 0x01, 0x00, 0x05, 0x00, 0x01, 0x00, 0x00, 0x40, 0x00, 0x00,
    0x90, 0x6e, 0x01, 0x00, 0x0b, 0x01, 0x00, 0x00, 0x0c, 0x01, 0x00, 0x00,
    0x05, 0x40, 0x00, 0x00, 0x30, 0x07, 0x00, 0x00, 0x04, 0x40, 0x00, 0x00,
    0x10, 0x00, 0x00, 0x00, 0x06, 0x40, 0x00, 0x00, 0x30, 0x07, 0x00, 0x00,
    0x05, 0x01, 0x41, 0x00, 0x01, 0x01, 0x01, 0x00, 0x02, 0x01, 0x01, 0x00,
    0x10, 0x40, 0x00, 0x00, 0x30, 0xbe, 0x01, 0x00, 0x11, 0x01, 0x39, 0x00,
    0x1a, 0x01, 0x39, 0x00, 0x13, 0x01, 0x0f, 0x00, 0x15, 0x40, 0x00, 0x00,
    0xa0, 0x03, 0x00, 0x00, 0x16, 0x40, 0x00, 0x00, 0xa0, 0x03, 0x00, 0x00,
    0x18, 0x01, 0x80, 0xff, 0x14, 0x01, 0x41, 0x00, 0x21, 0x01, 0x00, 0x00,
    0x20, 0x01, 0x02, 0x00, 0x22, 0x01, 0x05, 0x00, 0x15, 0x01, 0x39, 0x00,
    0x17, 0x01, 0x0f, 0x00, 0x2f, 0x01, 0x01, 0x00, 0x02, 0x00, 0x00, 0x00,
    0x00, 0x40, 0x00, 0x00, 0xc0, 0x75, 0x01, 0x00, 0x10, 0x40, 0x00, 0x00,
    0xd0, 0xc1, 0x01, 0x00, 0x2f, 0x01, 0x03, 0x00, 0x02, 0x00, 0x00, 0x00,
    0x00, 0x40, 0x00, 0x00, 0xe0, 0x47, 0x00, 0x00, 0x0b, 0x01, 0x01, 0x00,
    0x0c, 0x01, 0x01, 0x00, 0x05, 0x40, 0x00, 0x00, 0xcc, 0x01, 0x00, 0x00,
    0x04, 0x40, 0x00, 0x00, 0x04, 0x00, 0x00, 0x00, 0x06, 0x40, 0x00, 0x00,
    0x01, 0x00, 0x00, 0x00, 0x05, 0x01, 0x01, 0x00, 0x01, 0x01, 0x00, 0x00,
    0x02, 0x01, 0x00, 0x00, 0x10, 0x40, 0x00, 0x00, 0x90, 0x6e, 0x01, 0x00,
    0x11, 0x01, 0x72, 0x00, 0x1a, 0x01, 0x72, 0x00, 0x13, 0x01, 0x03, 0x00,
    0x15, 0x40, 0x00, 0x00, 0x30, 0x07, 0x00, 0x00, 0x16, 0x40, 0x00, 0x00,
    0x30, 0x07, 0x00, 0x00, 0x18, 0x01, 0x00, 0x00, 0x14, 0x01, 0x41, 0x81,
    0x21, 0x01, 0x01, 0x00, 0x20, 0x01, 0x00, 0x00, 0x22, 0x01, 0x02, 0x00,
    0x15, 0x01, 0x15, 0x00, 0x17, 0x01, 0x07, 0x00, 0x05, 0x00, 0x01, 0x00,
    0x00, 0x40, 0x00, 0x00, 0x78, 0x4b, 0x00, 0x00, 0x10, 0x40, 0x00, 0x00,
    0xc0, 0x75, 0x01, 0x00, 0x05, 0x00, 0x01, 0x00, 0x00, 0x40, 0x00, 0x00,
    0x90, 0x6e, 0x01, 0x00, 0x0b, 0x01, 0x00, 0x00, 0x0c, 0x01, 0x00, 0x00,
    0x05, 0x40, 0x00, 0x00, 0x30, 0x07, 0x00, 0x00, 0x04, 0x40, 0x00, 0x00,
    0x10, 0x00, 0x00, 0x00, 0x06, 0x40, 0x00, 0x00, 0x30, 0x07, 0x00, 0x00,
    0x05, 0x01, 0x41, 0x00, 0x01, 0x01, 0x01, 0x00, 0x02, 0x01, 0x01, 0x00,
    0x10, 0x40, 0x00, 0x00, 0x70, 0xc5, 0x01, 0x00, 0x11, 0x01, 0x39, 0x00,
    0x1a, 0x01, 0x39, 0x00, 0x13, 0x01, 0x0f, 0x00, 0x15, 0x40, 0x00, 0x00,
    0xa0, 0x03, 0x00, 0x00, 0x16, 0x40, 0x00, 0x00, 0xa0, 0x03, 0x00, 0x00,
    0x18, 0x01, 0x80, 0xff, 0x14, 0x01, 0x41, 0x00, 0x21, 0x01, 0x00, 0x00,
    0x20, 0x01, 0x02, 0x00, 0x22, 0x01, 0x05, 0x00, 0x15, 0x01, 0x39, 0x00,
    0x17, 0x01, 0x0f, 0x00, 0x2f, 0x01, 0x01, 0x00, 0x02, 0x00, 0x00, 0x00,
    0x00, 0x40, 0x00, 0x00, 0xc0, 0x75, 0x01, 0x00, 0x10, 0x40, 0x00, 0x00,
    0x10, 0xc9, 0x01, 0x00, 0x2f, 0x01, 0x03, 0x00, 0x02, 0x00, 0x00, 0x00,
    0x00, 0x40, 0x00, 0x00, 0x10, 0x4f, 0x00, 0x00, 0x0b, 0x01, 0x01, 0x00,
    0x0c, 0x01, 0x01, 0x00, 0x05, 0x40, 0x00, 0x00, 0xcc, 0x01, 0x00, 0x00,
    0x04, 0x40, 0x00, 0x00, 0x04, 0x00, 0x00, 0x00, 0x06, 0x40, 0x00, 0x00,
    0x01, 0x00, 0x00, 0x00, 0x05, 0x01, 0x01, 0x00, 0x01, 0x01, 0x00, 0x00,
    0x02, 0x01, 0x00, 0x00, 0x10, 0x40, 0x00, 0x00, 0x90, 0x6e, 0x01, 0x00,
    0x11, 0x01, 0x72, 0x00, 0x1a, 0x01, 0x72, 0x00, 0x13, 0x01, 0x03, 0x00,
    0x15, 0x40, 0x00, 0x00, 0x30, 0x07, 0x00, 0x00, 0x16, 0x40, 0x00, 0x00,
    0x30, 0x07, 0x00, 0x00, 0x18, 0x01, 0x00, 0x00, 0x14, 0x01, 0x41, 0x81,
    0x21, 0x01, 0x01, 0x00, 0x20, 0x01, 0x00, 0x00, 0x22, 0x01, 0x02, 0x00,
    0x15, 0x01, 0x15, 0x00, 0x17, 0x01, 0x07, 0x00, 0x05, 0x00, 0x01, 0x00,
    0x00, 0x40, 0x00, 0x00, 0xa8, 0x52, 0x00, 0x00, 0x10, 0x40, 0x00, 0x00,
    0xc0, 0x75, 0x01, 0x00, 0x05, 0x00, 0x01, 0x00, 0x00, 0x40, 0x00, 0x00,
    0x90, 0x6e, 0x01, 0x00, 0x0b, 0x01, 0x00, 0x00, 0x0c, 0x01, 0x00, 0x00,
    0x05, 0x40, 0x00, 0x00, 0x30, 0x07, 0x00, 0x00, 0x04, 0x40, 0x00, 0x00,
    0x10, 0x00, 0x00, 0x00, 0x06, 0x40, 0x00, 0x00, 0x30, 0x07, 0x00, 0x00,
    0x05, 0x01, 0x41, 0x00, 0x01, 0x01, 0x01, 0x00, 0x02, 0x01, 0x01, 0x00,
    0x10, 0x40, 0x00, 0x00, 0xb0, 0xcc, 0x01, 0x00, 0x11, 0x01, 0x39, 0x00,
    0x1a, 0x01, 0x39, 0x00, 0x13, 0x01, 0x0f, 0x00, 0x15, 0x40, 0x00, 0x00,
    0xa0, 0x03, 0x00, 0x00, 0x16, 0x40, 0x00, 0x00, 0xa0, 0x03, 0x00, 0x00,
    0x18, 0x01, 0x80, 0xff, 0x14, 0x01, 0x41, 0x00, 0x21, 0x01, 0x00, 0x00,
    0x20, 0x01, 0x02, 0x00, 0x22, 0x01, 0x05, 0x00, 0x15, 0x01, 0x39, 0x00,
    0x17, 0x01, 0x0f, 0x00, 0x2f, 0x01, 0x01, 0x00, 0x02, 0x00, 0x00, 0x00,
    0x00, 0x40, 0x00, 0x00, 0xc0, 0x75, 0x01, 0x00, 0x10, 0x40, 0x00, 0x00,
    0x50, 0xd0, 0x01, 0x00, 0x2f, 0x01, 0x03, 0x00, 0x02, 0x00, 0x00, 0x00,
    0x00, 0x40, 0x00, 0x00, 0x40, 0x56, 0x00, 0x00, 0x0b, 0x01, 0x01, 0x00,
    0x0c, 0x01, 0x01, 0x00, 0x05, 0x40, 0x00, 0x00, 0xcc, 0x01, 0x00, 0x00,
    0x04, 0x40, 0x00, 0x00, 0x04, 0x00, 0x00, 0x00, 0x06, 0x40, 0x00, 0x00,
    0x01, 0x00, 0x00, 0x00, 0x05, 0x01, 0x01, 0x00, 0x01, 0x01, 0x00, 0x00,
    0x02, 0x01, 0x00, 0x00, 0x10, 0x40, 0x00, 0x00, 0x90, 0x6e, 0x01, 0x00,
    0x11, 0x01, 0x72, 0x00, 0x1a, 0x01, 0x72, 0x00, 0x13, 0x01, 0x03, 0x00,
    0x15, 0x40, 0x00, 0x00, 0x30, 0x07, 0x00, 0x00, 0x16, 0x40, 0x00, 0x00,
    0x30, 0x07, 0x00, 0x00, 0x18, 0x01, 0x00, 0x00, 0x14, 0x01, 0x41, 0x81,
    0x21, 0x01, 0x01, 0x00, 0x20, 0x01, 0x00, 0x00, 0x22, 0x01, 0x02, 0x00,
    0x15, 0x01, 0x15, 0x00, 0x17, 0x01, 0x07, 0x00, 0x05, 0x00, 0x01, 0x00,
    0x00, 0x40, 0x00, 0x00, 0xd8, 0x59, 0x00, 0x00, 0x10, 0x40, 0x00, 0x00,
    0xc0, 0x75, 0x01, 0x00, 0x05, 0x00, 0x01, 0x00, 0x00, 0x40, 0x00, 0x00,
    0x90, 0x6e, 0x01, 0x00, 0x0b, 0x01, 0x00, 0x00, 0x0c, 0x01, 0x00, 0x00,
    0x05, 0x40, 0x00, 0x00, 0x30, 0x07, 0x00, 0x00, 0x04, 0x40, 0x00, 0x00,
    0x10, 0x00, 0x00, 0x00, 0x06, 0x40, 0x00, 0x00, 0x30, 0x07, 0x00, 0x00,
    0x05, 0x01, 0x41, 0x00, 0x01, 0x01, 0x01, 0x00, 0x02, 0x01, 0x01, 0x00,
    0x10, 0x40, 0x00, 0x00, 0xf0, 0xd3, 0x01, 0x00, 0x11, 0x01, 0x39, 0x00,
    0x1a, 0x01, 0x39, 0x00, 0x13, 0x01, 0x0f, 0x00, 0x15, 0x40, 0x00, 0x00,
    0xa0, 0x03, 0x00, 0x00, 0x16, 0x40, 0x00, 0x00, 0xa0, 0x03, 0x00, 0x00,
    0x18, 0x01, 0x80, 0xff, 0x14, 0x01, 0x41, 0x00, 0x21, 0x01, 0x00, 0x00,
    0x20, 0x01, 0x02, 0x00, 0x22, 0x01, 0x05, 0x00, 0x15, 0x01, 0x39, 0x00,
    0x17, 0x01, 0x0f, 0x00, 0x2f, 0x01, 0x01, 0x00, 0x02, 0x00, 0x00, 0x00,
    0x00, 0x40, 0x00, 0x00, 0xc0, 0x75, 0x01, 0x00, 0x10, 0x40, 0x00, 0x00,
    0x90, 0xd7, 0x01, 0x00, 0x2f, 0x01, 0x03, 0x00, 0x02, 0x00, 0x00, 0x00,
    0x00, 0x40, 0x00, 0x00, 0x70, 0x5d, 0x00, 0x00, 0x0b, 0x01, 0x01, 0x00,
    0x0c, 0x01, 0x01, 0x00, 0x05, 0x40, 0x00, 0x00, 0xcc, 0x01, 0x00, 0x00,
    0x04, 0x40, 0x00, 0x00, 0x04, 0x00, 0x00, 0x00, 0x06, 0x40, 0x00, 0x00,
    0x01, 0x00, 0x00, 0x00, 0x05, 0x01, 0x01, 0x00, 0x01, 0x01, 0x00, 0x00,
    0x02, 0x01, 0x00, 0x00, 0x10, 0x40, 0x00, 0x00, 0x90, 0x6e, 0x01, 0x00,
    0x11, 0x01, 0x72, 0x00, 0x1a, 0x01, 0x72, 0x00, 0x13, 0x01, 0x03, 0x00,
    0x15, 0x40, 0x00, 0x00, 0x30, 0x07, 0x00, 0x00, 0x16, 0x40, 0x00, 0x00,
    0x30, 0x07, 0x00, 0x00, 0x18, 0x01, 0x00, 0x00, 0x14, 0x01, 0x41, 0x81,
    0x21, 0x01, 0x01, 0x00, 0x20, 0x01, 0x00, 0x00, 0x22, 0x01, 0x02, 0x00,
    0x15, 0x01, 0x15, 0x00, 0x17, 0x01, 0x07, 0x00, 0x05, 0x00, 0x01, 0x00,
    0x00, 0x40, 0x00, 0x00, 0x08, 0x61, 0x00, 0x00, 0x10, 0x40, 0x00, 0x00,
    0xc0, 0x75, 0x01, 0x00, 0x05, 0x00, 0x01, 0x00, 0x00, 0x40, 0x00, 0x00,
    0x90, 0x6e, 0x01, 0x00, 0x0b, 0x01, 0x00, 0x00, 0x0c, 0x01, 0x00, 0x00,
    0x05, 0x40, 0x00, 0x00, 0x30, 0x07, 0x00, 0x00, 0x04, 0x40, 0x00, 0x00,
    0x10, 0x00, 0x00, 0x00, 0x06, 0x40, 0x00, 0x00, 0x30, 0x07, 0x00, 0x00,
    0x05, 0x01, 0x41, 0x00, 0x01, 0x01, 0x01, 0x00, 0x02, 0x01, 0x01, 0x00,
    0x10, 0x40, 0x00, 0x00, 0x30, 0xdb, 0x01, 0x00, 0x11, 0x01, 0x39, 0x00,
    0x1a, 0x01, 0x39, 0x00, 0x13, 0x01, 0x0f, 0x00, 0x15, 0x40, 0x00, 0x00,
    0xa0, 0x03, 0x00, 0x00, 0x16, 0x40, 0x00, 0x00, 0xa0, 0x03, 0x00, 0x00,
    0x18, 0x01, 0x80, 0xff, 0x14, 0x01, 0x41, 0x00, 0x21, 0x01, 0x00, 0x00,
    0x20, 0x01, 0x02, 0x00, 0x22, 0x01, 0x05, 0x00, 0x15, 0x01, 0x39, 0x00,
    0x17, 0x01, 0x0f, 0x00, 0x2f, 0x01, 0x01, 0x00, 0x02, 0x00, 0x00, 0x00,
    0x00, 0x40, 0x00, 0x00, 0xc0, 0x75, 0x01, 0x00, 0x10, 0x40, 0x00, 0x00,
    0xd0, 0xde, 0x01, 0x00, 0x2f, 0x01, 0x03, 0x00, 0x02, 0x00, 0x00, 0x00,
    0x00, 0x40, 0x00, 0x00, 0xa0, 0x64, 0x00, 0x00, 0x0b, 0x01, 0x01, 0x00,
    0x0c, 0x01, 0x01, 0x00, 0x05, 0x40, 0x00, 0x00, 0xcc, 0x01, 0x00, 0x00,
    0x04, 0x40, 0x00, 0x00, 0x04, 0x00, 0x00, 0x00, 0x06, 0x40, 0x00, 0x00,
    0x01, 0x00, 0x00, 0x00, 0x05, 0x01, 0x01, 0x00, 0x01, 0x01, 0x00, 0x00,
    0x02, 0x01, 0x00, 0x00, 0x10, 0x40, 0x00, 0x00, 0x90, 0x6e, 0x01, 0x00,
    0x11, 0x01, 0x72, 0x00, 0x1a, 0x01, 0x72, 0x00, 0x13, 0x01, 0x03, 0x00,
    0x15, 0x40, 0x00, 0x00, 0x30, 0x07, 0x00, 0x00, 0x16, 0x40, 0x00, 0x00,
    0x30, 0x07, 0x00, 0x00, 0x18, 0x01, 0x00, 0x00, 0x14, 0x01, 0x41, 0x81,
    0x21, 0x01, 0x01, 0x00, 0x20, 0x01, 0x00, 0x00, 0x22, 0x01, 0x02, 0x00,
    0x15, 0x01, 0x15, 0x00, 0x17, 0x01, 0x07, 0x00, 0x05, 0x00, 0x01, 0x00,
    0x00, 0x40, 0x00, 0x00, 0x38, 0x68, 0x00, 0x00, 0x10, 0x40, 0x00, 0x00,
    0xc0, 0x75, 0x01, 0x00, 0x05, 0x00, 0x01, 0x00, 0x00, 0x40, 0x00, 0x00,
    0x90, 0x6e, 0x01, 0x00, 0x0b, 0x01, 0x00, 0x00, 0x0c, 0x01, 0x00, 0x00,
    0x05, 0x40, 0x00, 0x00, 0x30, 0x07, 0x00, 0x00, 0x04, 0x40, 0x00, 0x00,
    0x10, 0x00, 0x00, 0x00, 0x06, 0x40, 0x00, 0x00, 0x30, 0x07, 0x00, 0x00,
    0x05, 0x01, 0x41, 0x00, 0x01, 0x01, 0x01, 0x00, 0x02, 0x01, 0x01, 0x00,
    0x10, 0x40, 0x00, 0x00, 0x70, 0xe2, 0x01, 0x00, 0x11, 0x01, 0x39, 0x00,
    0x1a, 0x01, 0x39, 0x00, 0x13, 0x01, 0x0f, 0x00, 0x15, 0x40, 0x00, 0x00,
    0xa0, 0x03, 0x00, 0x00, 0x16, 0x40, 0x00, 0x00, 0xa0, 0x03, 0x00, 0x00,
    0x18, 0x01, 0x80, 0xff, 0x14, 0x01, 0x41, 0x00, 0x21, 0x01, 0x00, 0x00,
    0x20, 0x01, 0x02, 0x00, 0x22, 0x01, 0x05, 0x00, 0x15, 0x01, 0x39, 0x00,
    0x17, 0x01, 0x0f, 0x00, 0x2f, 0x01, 0x01, 0x00, 0x02, 0x00, 0x00, 0x00,
    0x00, 0x40, 0x00, 0x00, 0xc0, 0x75, 0x01, 0x00, 0x10, 0x40, 0x00, 0x00,
    0x10, 0xe6, 0x01, 0x00, 0x2f, 0x01, 0x03, 0x00, 0x02, 0x00, 0x00, 0x00,
    0x00, 0x40, 0x00, 0x00, 0xd0, 0x6b, 0x00, 0x00, 0x0b, 0x01, 0x01, 0x00,
    0x0c, 0x01, 0x01, 0x00, 0x05, 0x40, 0x00, 0x00, 0xcc, 0x01, 0x00, 0x00,
    0x04, 0x40, 0x00, 0x00, 0x04, 0x00, 0x00, 0x00, 0x06, 0x40, 0x00, 0x00,
    0x01, 0x00, 0x00, 0x00, 0x05, 0x01, 0x01, 0x00, 0x01, 0x01, 0x00, 0x00,
    0x02, 0x01, 0x00, 0x00, 0x10, 0x40, 0x00, 0x00, 0x90, 0x6e, 0x01, 0x00,
    0x11, 0x01, 0x72, 0x00, 0x1a, 0x01, 0x72, 0x00, 0x13, 0x01, 0x03, 0x00,
    0x15, 0x40, 0x00, 0x00, 0x30, 0x07, 0x00, 0x00, 0x16, 0x40, 0x00, 0x00,
    0x30, 0x07, 0x00, 0x00, 0x18, 0x01, 0x00, 0x00, 0x14, 0x01, 0x41, 0x81,
    0x21, 0x01, 0x01, 0x00, 0x20, 0x01, 0x00, 0x00, 0x22, 0x01, 0x02, 0x00,
    0x15, 0x01, 0x15, 0x00, 0x17, 0x01, 0x07, 0x00, 0x05, 0x00, 0x01, 0x00,
    0x00, 0x40, 0x00, 0x00, 0x68, 0x6f, 0x00, 0x00, 0x10, 0x40, 0x00, 0x00,
    0xc0, 0x75, 0x01, 0x00, 0x05, 0x00, 0x01, 0x00, 0x00, 0x40, 0x00, 0x00,
    0x90, 0x6e, 0x01, 0x00, 0x0b, 0x01, 0x00, 0x00, 0x0c, 0x01, 0x00, 0x00,
    0x05, 0x40, 0x00, 0x00, 0x30, 0x07, 0x00, 0x00, 0x04, 0x40, 0x00, 0x00,
    0x10, 0x00, 0x00, 0x00, 0x06, 0x40, 0x00, 0x00, 0x30, 0x07, 0x00, 0x00,
    0x05, 0x01, 0x41, 0x00, 0x01, 0x01, 0x01, 0x00, 0x02, 0x01, 0x01, 0x00,
    0x10, 0x40, 0x00, 0x00, 0xb0, 0xe9, 0x01, 0x00, 0x11, 0x01, 0x39, 0x00,
    0x1a, 0x01, 0x39, 0x00, 0x13, 0x01, 0x0f, 0x00, 0x15, 0x40, 0x00, 0x00,
    0xa0, 0x03, 0x00, 0x00, 0x16, 0x40, 0x00, 0x00, 0xa0, 0x03, 0x00, 0x00,
    0x18, 0x01, 0x80, 0xff, 0x14, 0x01, 0x41, 0x00, 0x21, 0x01, 0x00, 0x00,
    0x20, 0x01, 0x02, 0x00, 0x22, 0x01, 0x05, 0x00, 0x15, 0x01, 0x39, 0x00,
    0x17, 0x01, 0x0f, 0x00, 0x2f, 0x01, 0x01, 0x00, 0x02, 0x00, 0x00, 0x00,
    0x00, 0x40, 0x00, 0x00, 0xc0, 0x75, 0x01, 0x00, 0x10, 0x40, 0x00, 0x00,
    0x50, 0xed, 0x01, 0x00, 0x2f, 0x01, 0x03, 0x00, 0x02, 0x00, 0x00, 0x00,
    0x00, 0x40, 0x00, 0x00, 0x00, 0x73, 0x00, 0x00, 0x0b, 0x01, 0x01, 0x00,
    0x0c, 0x01, 0x01, 0x00, 0x05, 0x40, 0x00, 0x00, 0xcc, 0x01, 0x00, 0x00,
    0x04, 0x40, 0x00, 0x00, 0x04, 0x00, 0x00, 0x00, 0x06, 0x40, 0x00, 0x00,
    0x01, 0x00, 0x00, 0x00, 0x05, 0x01, 0x01, 0x00, 0x01, 0x01, 0x00, 0x00,
    0x02, 0x01, 0x00, 0x00, 0x10, 0x40, 0x00, 0x00, 0x90, 0x6e, 0x01, 0x00,
    0x11, 0x01, 0x72, 0x00, 0x1a, 0x01, 0x72, 0x00, 0x13, 0x01, 0x03, 0x00,
    0x15, 0x40, 0x00, 0x00, 0x30, 0x07, 0x00, 0x00, 0x16, 0x40, 0x00, 0x00,
    0x30, 0x07, 0x00, 0x00, 0x18, 0x01, 0x00, 0x00, 0x14, 0x01, 0x41, 0x81,
    0x21, 0x01, 0x01, 0x00, 0x20, 0x01, 0x00, 0x00, 0x22, 0x01, 0x02, 0x00,
    0x15, 0x01, 0x15, 0x00, 0x17, 0x01, 0x07, 0x00, 0x05, 0x00, 0x01, 0x00,
    0x00, 0x40, 0x00, 0x00, 0x98, 0x76, 0x00, 0x00, 0x10, 0x40, 0x00, 0x00,
    0xc0, 0x75, 0x01, 0x00, 0x05, 0x00, 0x01, 0x00, 0x00, 0x40, 0x00, 0x00,
    0x90, 0x6e, 0x01, 0x00, 0x0b, 0x01, 0x00, 0x00, 0x0c, 0x01, 0x00, 0x00,
    0x05, 0x40, 0x00, 0x00, 0x30, 0x07, 0x00, 0x00, 0x04, 0x40, 0x00, 0x00,
    0x10, 0x00, 0x00, 0x00, 0x06, 0x40, 0x00, 0x00, 0x30, 0x07, 0x00, 0x00,
    0x05, 0x01, 0x41, 0x00, 0x01, 0x01, 0x01, 0x00, 0x02, 0x01, 0x01, 0x00,
    0x10, 0x40, 0x00, 0x00, 0xf0, 0xf0, 0x01, 0x00, 0x11, 0x01, 0x39, 0x00,
    0x1a, 0x01, 0x39, 0x00, 0x13, 0x01, 0x0f, 0x00, 0x15, 0x40, 0x00, 0x00,
    0xa0, 0x03, 0x00, 0x00, 0x16, 0x40, 0x00, 0x00, 0xa0, 0x03, 0x00, 0x00,
    0x18, 0x01, 0x80, 0xff, 0x14, 0x01, 0x41, 0x00, 0x21, 0x01, 0x00, 0x00,
    0x20, 0x01, 0x02, 0x00, 0x22, 0x01, 0x05, 0x00, 0x15, 0x01, 0x39, 0x00,
    0x17, 0x01, 0x0f, 0x00, 0x2f, 0x01, 0x01, 0x00, 0x02, 0x00, 0x00, 0x00,
    0x00, 0x40, 0x00, 0x00, 0xc0, 0x75, 0x01, 0x00, 0x10, 0x40, 0x00, 0x00,
    0x90, 0xf4, 0x01, 0x00, 0x2f, 0x01, 0x03, 0x00, 0x02, 0x00, 0x00, 0x00,
    0x00, 0x40, 0x00, 0x00, 0x30, 0x7a, 0x00, 0x00, 0x0b, 0x01, 0x01, 0x00,
    0x0c, 0x01, 0x01, 0x00, 0x05, 0x40, 0x00, 0x00, 0xcc, 0x01, 0x00, 0x00,
    0x04, 0x40, 0x00, 0x00, 0x04, 0x00, 0x00, 0x00, 0x06, 0x40, 0x00, 0x00,
    0x01, 0x00, 0x00, 0x00, 0x05, 0x01, 0x01, 0x00, 0x01, 0x01, 0x00, 0x00,
    0x02, 0x01, 0x00, 0x00, 0x10, 0x40, 0x00, 0x00, 0x90, 0x6e, 0x01, 0x00,
    0x11, 0x01, 0x72, 0x00, 0x1a, 0x01, 0x72, 0x00, 0x13, 0x01, 0x03, 0x00,
    0x15, 0x40, 0x00, 0x00, 0x30, 0x07, 0x00, 0x00, 0x16, 0x40, 0x00, 0x00,
    0x30, 0x07, 0x00, 0x00, 0x18, 0x01, 0x00, 0x00, 0x14, 0x01, 0x41, 0x81,
    0x21, 0x01, 0x01, 0x00, 0x20, 0x01, 0x00, 0x00, 0x22, 0x01, 0x02, 0x00,
    0x15, 0x01, 0x15, 0x00, 0x17, 0x01, 0x07, 0x00, 0x05, 0x00, 0x01, 0x00,
    0x00, 0x40, 0x00, 0x00, 0xc8, 0x7d, 0x00, 0x00, 0x10, 0x40, 0x00, 0x00,
    0xc0, 0x75, 0x01, 0x00, 0x05, 0x00, 0x01, 0x00, 0x00, 0x40, 0x00, 0x00,
    0x90, 0x6e, 0x01, 0x00, 0x0b, 0x01, 0x00, 0x00, 0x0c, 0x01, 0x00, 0x00,
    0x05, 0x40, 0x00, 0x00, 0x30, 0x07, 0x00, 0x00, 0x04, 0x40, 0x00, 0x00,
    0x10, 0x00, 0x00, 0x00, 0x06, 0x40, 0x00, 0x00, 0x30, 0x07, 0x00, 0x00,
    0x05, 0x01, 0x41, 0x00, 0x01, 0x01, 0x01, 0x00, 0x02, 0x01, 0x01, 0x00,
    0x10, 0x40, 0x00, 0x00, 0x30, 0xf8, 0x01, 0x00, 0x11, 0x01, 0x39, 0x00,
    0x1a, 0x01, 0x39, 0x00, 0x13, 0x01, 0x0f, 0x00, 0x15, 0x40, 0x00, 0x00,
    0xa0, 0x03, 0x00, 0x00, 0x16, 0x40, 0x00, 0x00, 0xa0, 0x03, 0x00, 0x00,
    0x18, 0x01, 0x80, 0xff, 0x14, 0x01, 0x41, 0x00, 0x21, 0x01, 0x00, 0x00,
    0x20, 0x01, 0x02, 0x00, 0x22, 0x01, 0x05, 0x00, 0x15, 0x01, 0x39, 0x00,
    0x17, 0x01, 0x0f, 0x00, 0x2f, 0x01, 0x01, 0x00, 0x02, 0x00, 0x00, 0x00,
    0x00, 0x40, 0x00, 0x00, 0xc0, 0x75, 0x01, 0x00, 0x10, 0x40, 0x00, 0x00,
    0xd0, 0xfb, 0x01, 0x00, 0x2f, 0x01, 0x03, 0x00, 0x02, 0x00, 0x00, 0x00,
    0x00, 0x40, 0x00, 0x00, 0x60, 0x81, 0x00, 0x00, 0x0b, 0x01, 0x01, 0x00,
    0x0c, 0x01, 0x01, 0x00, 0x05, 0x40, 0x00, 0x00, 0xcc, 0x01, 0x00, 0x00,
    0x04, 0x40, 0x00, 0x00, 0x04, 0x00, 0x00, 0x00, 0x06, 0x40, 0x00, 0x00,
    0x01, 0x00, 0x00, 0x00, 0x05, 0x01, 0x01, 0x00, 0x01, 0x01, 0x00, 0x00,
    0x02, 0x01, 0x00, 0x00, 0x10, 0x40, 0x00, 0x00, 0x90, 0x6e, 0x01, 0x00,
    0x11, 0x01, 0x72, 0x00, 0x1a, 0x01, 0x72, 0x00, 0x13, 0x01, 0x03, 0x00,
    0x15, 0x40, 0x00, 0x00, 0x30, 0x07, 0x00, 0x00, 0x16, 0x40, 0x00, 0x00,
    0x30, 0x07, 0x00, 0x00, 0x18, 0x01, 0x00, 0x00, 0x14, 0x01, 0x41, 0x81,
    0x21, 0x01, 0x01, 0x00, 0x20, 0x01, 0x00, 0x00, 0x22, 0x01, 0x02, 0x00,
    0x15, 0x01, 0x15, 0x00, 0x17, 0x01, 0x07, 0x00, 0x05, 0x00, 0x01, 0x00,
    0x00, 0x40, 0x00, 0x00, 0xf8, 0x84, 0x00, 0x00, 0x10, 0x40, 0x00, 0x00,
    0xc0, 0x75, 0x01, 0x00, 0x05, 0x00, 0x01, 0x00, 0x00, 0x40, 0x00, 0x00,
    0x90, 0x6e, 0x01, 0x00, 0x0b, 0x01, 0x00, 0x00, 0x0c, 0x01, 0x00, 0x00,
    0x05, 0x40, 0x00, 0x00, 0x30, 0x07, 0x00, 0x00, 0x04, 0x40, 0x00, 0x00,
    0x10, 0x00, 0x00, 0x00, 0x06, 0x40, 0x00, 0x00, 0x30, 0x07, 0x00, 0x00,
    0x05, 0x01, 0x41, 0x00, 0x01, 0x01, 0x01, 0x00, 0x02, 0x01, 0x01, 0x00,
    0x10, 0x40, 0x00, 0x00, 0x70, 0xff, 0x01, 0x00, 0x11, 0x01, 0x39, 0x00,
    0x1a, 0x01, 0x39, 0x00, 0x13, 0x01, 0x0f, 0x00, 0x15, 0x40, 0x00, 0x00,
    0xa0, 0x03, 0x00, 0x00, 0x16, 0x40, 0x00, 0x00, 0xa0, 0x03, 0x00, 0x00,
    0x18, 0x01, 0x80, 0xff, 0x14, 0x01, 0x41, 0x00, 0x21, 0x01, 0x00, 0x00,
    0x20, 0x01, 0x02, 0x00, 0x22, 0x01, 0x05, 0x00, 0x15, 0x01, 0x39, 0x00,
    0x17, 0x01, 0x0f, 0x00, 0x2f, 0x01, 0x01, 0x00, 0x02, 0x00, 0x00, 0x00,
    0x00, 0x40, 0x00, 0x00, 0xc0, 0x75, 0x01, 0x00, 0x10, 0x40, 0x00, 0x00,
    0x10, 0x03, 0x02, 0x00, 0x2f, 0x01, 0x03, 0x00, 0x02, 0x00, 0x00, 0x00,
    0x00, 0x40, 0x00, 0x00, 0x90, 0x88, 0x00, 0x00, 0x0b, 0x01, 0x01, 0x00,
    0x0c, 0x01, 0x01, 0x00, 0x05, 0x40, 0x00, 0x00, 0xcc, 0x01, 0x00, 0x00,
    0x04, 0x40, 0x00, 0x00, 0x04, 0x00, 0x00, 0x00, 0x06, 0x40, 0x00, 0x00,
    0x01, 0x00, 0x00, 0x00, 0x05, 0x01, 0x01, 0x00, 0x01, 0x01, 0x00, 0x00,
    0x02, 0x01, 0x00, 0x00, 0x10, 0x40, 0x00, 0x00, 0x90, 0x6e, 0x01, 0x00,
    0x11, 0x01, 0x72, 0x00, 0x1a, 0x01, 0x72, 0x00, 0x13, 0x01, 0x03, 0x00,
    0x15, 0x40, 0x00, 0x00, 0x30, 0x07, 0x00, 0x00, 0x16, 0x40, 0x00, 0x00,
    0x30, 0x07, 0x00, 0x00, 0x18, 0x01, 0x00, 0x00, 0x14, 0x01, 0x41, 0x81,
    0x21, 0x01, 0x01, 0x00, 0x20, 0x01, 0x00, 0x00, 0x22, 0x01, 0x02, 0x00,
    0x15, 0x01, 0x15, 0x00, 0x17, 0x01, 0x07, 0x00, 0x05, 0x00, 0x01, 0x00,
    0x00, 0x40, 0x00, 0x00, 0x28, 0x8c, 0x00, 0x00, 0x10, 0x40, 0x00, 0x00,
    0xc0, 0x75, 0x01, 0x00, 0x05, 0x00, 0x01, 0x00, 0x00, 0x40, 0x00, 0x00,
    0x90, 0x6e, 0x01, 0x00, 0x0b, 0x01, 0x00, 0x00, 0x0c, 0x01, 0x00, 0x00,
    0x05, 0x40, 0x00, 0x00, 0x30, 0x07, 0x00, 0x00, 0x04, 0x40, 0x00, 0x00,
    0x10, 0x00, 0x00, 0x00, 0x06, 0x40, 0x00, 0x00, 0x30, 0x07, 0x00, 0x00,
    0x05, 0x01, 0x41, 0x00, 0x01, 0x01, 0x01, 0x00, 0x02, 0x01, 0x01, 0x00,
    0x10, 0x40, 0x00, 0x00, 0xb0, 0x06, 0x02, 0x00, 0x11, 0x01, 0x39, 0x00,
    0x1a, 0x01, 0x39, 0x00, 0x13, 0x01, 0x0f, 0x00, 0x15, 0x40, 0x00, 0x00,
    0xa0, 0x03, 0x00, 0x00, 0x16, 0x40, 0x00, 0x00, 0xa0, 0x03, 0x00, 0x00,
    0x18, 0x01, 0x80, 0xff, 0x14, 0x01, 0x41, 0x00, 0x21, 0x01, 0x00, 0x00,
    0x20, 0x01, 0x02, 0x00, 0x22, 0x01, 0x05, 0x00, 0x15, 0x01, 0x39, 0x00,
    0x17, 0x01, 0x0f, 0x00, 0x2f, 0x01, 0x01, 0x00, 0x02, 0x00, 0x00, 0x00,
    0x00, 0x40, 0x00, 0x00, 0xc0, 0x75, 0x01, 0x00, 0x10, 0x40, 0x00, 0x00,
    0x50, 0x0a, 0x02, 0x00, 0x2f, 0x01, 0x03, 0x00, 0x02, 0x00, 0x00, 0x00,
    0x00, 0x40, 0x00, 0x00, 0xc0, 0x8f, 0x00, 0x00, 0x0b, 0x01, 0x01, 0x00,
    0x0c, 0x01, 0x01, 0x00, 0x05, 0x40, 0x00, 0x00, 0xcc, 0x01, 0x00, 0x00,
    0x04, 0x40, 0x00, 0x00, 0x04, 0x00, 0x00, 0x00, 0x06, 0x40, 0x00, 0x00,
    0x01, 0x00, 0x00, 0x00, 0x05, 0x01, 0x01, 0x00, 0x01, 0x01, 0x00, 0x00,
    0x02, 0x01, 0x00, 0x00, 0x10, 0x40, 0x00, 0x00, 0x90, 0x6e, 0x01, 0x00,
    0x11, 0x01, 0x72, 0x00, 0x1a, 0x01, 0x72, 0x00, 0x13, 0x01, 0x03, 0x00,
    0x15, 0x40, 0x00, 0x00, 0x30, 0x07, 0x00, 0x00, 0x16, 0x40, 0x00, 0x00,
    0x30, 0x07, 0x00, 0x00, 0x18, 0x01, 0x00, 0x00, 0x14, 0x01, 0x41, 0x81,
    0x21, 0x01, 0x01, 0x00, 0x20, 0x01, 0x00, 0x00, 0x22, 0x01, 0x02, 0x00,
    0x15, 0x01, 0x15, 0x00, 0x17, 0x01, 0x07, 0x00, 0x05, 0x00, 0x01, 0x00,
    0x00, 0x40, 0x00, 0x00, 0x58, 0x93, 0x00, 0x00, 0x10, 0x40, 0x00, 0x00,
    0xc0, 0x75, 0x01, 0x00, 0x05, 0x00, 0x01, 0x00, 0x00, 0x40, 0x00, 0x00,
    0x90, 0x6e, 0x01, 0x00, 0x0b, 0x01, 0x00, 0x00, 0x0c, 0x01, 0x00, 0x00,
    0x05, 0x40, 0x00, 0x00, 0x30, 0x07, 0x00, 0x00, 0x04, 0x40, 0x00, 0x00,
    0x10, 0x00, 0x00, 0x00, 0x06, 0x40, 0x00, 0x00, 0x30, 0x07, 0x00, 0x00,
    0x05, 0x01, 0x41, 0x00, 0x01, 0x01, 0x01, 0x00, 0x02, 0x01, 0x01, 0x00,
    0x10, 0x40, 0x00, 0x00, 0xf0, 0x0d, 0x02, 0x00, 0x11, 0x01, 0x39, 0x00,
    0x1a, 0x01, 0x39, 0x00, 0x13, 0x01, 0x0f, 0x00, 0x15, 0x40, 0x00, 0x00,
    0xa0, 0x03, 0x00, 0x00, 0x16, 0x40, 0x00, 0x00, 0xa0, 0x03, 0x00, 0x00,
    0x18, 0x01, 0x80, 0xff, 0x14, 0x01, 0x41, 0x00, 0x21, 0x01, 0x00, 0x00,
    0x20, 0x01, 0x02, 0x00, 0x22, 0x01, 0x05, 0x00, 0x15, 0x01, 0x39, 0x00,
    0x17, 0x01, 0x0f, 0x00, 0x2f, 0x01, 0x01, 0x00, 0x02, 0x00, 0x00, 0x00,
    0x00, 0x40, 0x00, 0x00, 0xc0, 0x75, 0x01, 0x00, 0x10, 0x40, 0x00, 0x00,
    0x90, 0x11, 0x02, 0x00, 0x2f, 0x01, 0x03, 0x00, 0x02, 0x00, 0x00, 0x00,
    0x00, 0x40, 0x00, 0x00, 0xf0, 0x96, 0x00, 0x00, 0x0b, 0x01, 0x01, 0x00,
    0x0c, 0x01, 0x01, 0x00, 0x05, 0x40, 0x00, 0x00, 0xcc, 0x01, 0x00, 0x00,
    0x04, 0x40, 0x00, 0x00, 0x04, 0x00, 0x00, 0x00, 0x06, 0x40, 0x00, 0x00,
    0x01, 0x00, 0x00, 0x00, 0x05, 0x01, 0x01, 0x00, 0x01, 0x01, 0x00, 0x00,
    0x02, 0x01, 0x00, 0x00, 0x10, 0x40, 0x00, 0x00, 0x90, 0x6e, 0x01, 0x00,
    0x11, 0x01, 0x72, 0x00, 0x1a, 0x01, 0x72, 0x00, 0x13, 0x01, 0x03, 0x00,
    0x15, 0x40, 0x00, 0x00, 0x30, 0x07, 0x00, 0x00, 0x16, 0x40, 0x00, 0x00,
    0x30, 0x07, 0x00, 0x00, 0x18, 0x01, 0x00, 0x00, 0x14, 0x01, 0x41, 0x81,
    0x21, 0x01, 0x01, 0x00, 0x20, 0x01, 0x00, 0x00, 0x22, 0x01, 0x02, 0x00,
    0x15, 0x01, 0x15, 0x00, 0x17, 0x01, 0x07, 0x00, 0x05, 0x00, 0x01, 0x00,
    0x00, 0x40, 0x00, 0x00, 0x88, 0x9a, 0x00, 0x00, 0x10, 0x40, 0x00, 0x00,
    0xc0, 0x75, 0x01, 0x00, 0x05, 0x00, 0x01, 0x00, 0x00, 0x40, 0x00, 0x00,
    0x90, 0x6e, 0x01, 0x00, 0x0b, 0x01, 0x00, 0x00, 0x0c, 0x01, 0x00, 0x00,
    0x05, 0x40, 0x00, 0x00, 0x30, 0x07, 0x00, 0x00, 0x04, 0x40, 0x00, 0x00,
    0x10, 0x00, 0x00, 0x00, 0x06, 0x40, 0x00, 0x00, 0x30, 0x07, 0x00, 0x00,
    0x05, 0x01, 0x41, 0x00, 0x01, 0x01, 0x01, 0x00, 0x02, 0x01, 0x01, 0x00,
    0x10, 0x40, 0x00, 0x00, 0x30, 0x15, 0x02, 0x00, 0x11, 0x01, 0x39, 0x00,
    0x1a, 0x01, 0x39, 0x00, 0x13, 0x01, 0x0f, 0x00, 0x15, 0x40, 0x00, 0x00,
    0xa0, 0x03, 0x00, 0x00, 0x16, 0x40, 0x00, 0x00, 0xa0, 0x03, 0x00, 0x00,
    0x18, 0x01, 0x80, 0xff, 0x14, 0x01, 0x41, 0x00, 0x21, 0x01, 0x00, 0x00,
    0x20, 0x01, 0x02, 0x00, 0x22, 0x01, 0x05, 0x00, 0x15, 0x01, 0x39, 0x00,
    0x17, 0x01, 0x0f, 0x00, 0x2f, 0x01, 0x01, 0x00, 0x02, 0x00, 0x00, 0x00,
    0x00, 0x40, 0x00, 0x00, 0xc0, 0x75, 0x01, 0x00, 0x10, 0x40, 0x00, 0x00,
    0xd0, 0x18, 0x02, 0x00, 0x2f, 0x01, 0x03, 0x00, 0x02, 0x00, 0x00, 0x00,
    0x00, 0x40, 0x00, 0x00, 0x20, 0x9e, 0x00, 0x00, 0x0b, 0x01, 0x01, 0x00,
    0x0c, 0x01, 0x01, 0x00, 0x05, 0x40, 0x00, 0x00, 0xcc, 0x01, 0x00, 0x00,
    0x04, 0x40, 0x00, 0x00, 0x04, 0x00, 0x00, 0x00, 0x06, 0x40, 0x00, 0x00,
    0x01, 0x00, 0x00, 0x00, 0x05, 0x01, 0x01, 0x00, 0x01, 0x01, 0x00, 0x00,
    0x02, 0x01, 0x00, 0x00, 0x10, 0x40, 0x00, 0x00, 0x90, 0x6e, 0x01, 0x00,
    0x11, 0x01, 0x72, 0x00, 0x1a, 0x01, 0x72, 0x00, 0x13, 0x01, 0x03, 0x00,
    0x15, 0x40, 0x00, 0x00, 0x30, 0x07, 0x00, 0x00, 0x16, 0x40, 0x00, 0x00,
    0x30, 0x07, 0x00, 0x00, 0x18, 0x01, 0x00, 0x00, 0x14, 0x01, 0x41, 0x81,
    0x21, 0x01, 0x01, 0x00, 0x20, 0x01, 0x00, 0x00, 0x22, 0x01, 0x02, 0x00,
    0x15, 0x01, 0x15, 0x00, 0x17, 0x01, 0x07, 0x00, 0x05, 0x00, 0x01, 0x00,
    0x00, 0x40, 0x00, 0x00, 0xb8, 0xa1, 0x00, 0x00, 0x10, 0x40, 0x00, 0x00,
    0xc0, 0x75, 0x01, 0x00, 0x05, 0x00, 0x01, 0x00, 0x00, 0x40, 0x00, 0x00,
    0x90, 0x6e, 0x01, 0x00, 0x0b, 0x01, 0x00, 0x00, 0x0c, 0x01, 0x00, 0x00,
    0x05, 0x40, 0x00, 0x00, 0x30, 0x07, 0x00, 0x00, 0x04, 0x40, 0x00, 0x00,
    0x10, 0x00, 0x00, 0x00, 0x06, 0x40, 0x00, 0x00, 0x30, 0x07, 0x00, 0x00,
    0x05, 0x01, 0x41, 0x00, 0x01, 0x01, 0x01, 0x00, 0x02, 0x01, 0x01, 0x00,
    0x10, 0x40, 0x00, 0x00, 0x70, 0x1c, 0x02, 0x00, 0x11, 0x01, 0x39, 0x00,
    0x1a, 0x01, 0x39, 0x00, 0x13, 0x01, 0x0f, 0x00, 0x15, 0x40, 0x00, 0x00,
    0xa0, 0x03, 0x00, 0x00, 0x16, 0x40, 0x00, 0x00, 0xa0, 0x03, 0x00, 0x00,
    0x18, 0x01, 0x80, 0xff, 0x14, 0x01, 0x41, 0x00, 0x21, 0x01, 0x00, 0x00,
    0x20, 0x01, 0x02, 0x00, 0x22, 0x01, 0x05, 0x00, 0x15, 0x01, 0x39, 0x00,
    0x17, 0x01, 0x0f, 0x00, 0x2f, 0x01, 0x01, 0x00, 0x02, 0x00, 0x00, 0x00,
    0x00, 0x40, 0x00, 0x00, 0xc0, 0x75, 0x01, 0x00, 0x10, 0x40, 0x00, 0x00,
    0x10, 0x20, 0x02, 0x00, 0x2f, 0x01, 0x03, 0x00, 0x02, 0x00, 0x00, 0x00,
    0x00, 0x40, 0x00, 0x00, 0x50, 0xa5, 0x00, 0x00, 0x0b, 0x01, 0x01, 0x00,
    0x0c, 0x01, 0x01, 0x00, 0x05, 0x40, 0x00, 0x00, 0xcc, 0x01, 0x00, 0x00,
    0x04, 0x40, 0x00, 0x00, 0x04, 0x00, 0x00, 0x00, 0x06, 0x40, 0x00, 0x00,
    0x01, 0x00, 0x00, 0x00, 0x05, 0x01, 0x01, 0x00, 0x01, 0x01, 0x00, 0x00,
    0x02, 0x01, 0x00, 0x00, 0x10, 0x40, 0x00, 0x00, 0x90, 0x6e, 0x01, 0x00,
    0x11, 0x01, 0x72, 0x00, 0x1a, 0x01, 0x72, 0x00, 0x13, 0x01, 0x03, 0x00,
    0x15, 0x40, 0x00, 0x00, 0x30, 0x07, 0x00, 0x00, 0x16, 0x40, 0x00, 0x00,
    0x30, 0x07, 0x00, 0x00, 0x18, 0x01, 0x00, 0x00, 0x14, 0x01, 0x41, 0x81,
    0x21, 0x01, 0x01, 0x00, 0x20, 0x01, 0x00, 0x00, 0x22, 0x01, 0x02, 0x00,
    0x15, 0x01, 0x15, 0x00, 0x17, 0x01, 0x07, 0x00, 0x05, 0x00, 0x01, 0x00,
    0x00, 0x40, 0x00, 0x00, 0xe8, 0xa8, 0x00, 0x00, 0x10, 0x40, 0x00, 0x00,
    0xc0, 0x75, 0x01, 0x00, 0x05, 0x00, 0x01, 0x00, 0x00, 0x40, 0x00, 0x00,
    0x90, 0x6e, 0x01, 0x00, 0x0b, 0x01, 0x00, 0x00, 0x0c, 0x01, 0x00, 0x00,
    0x05, 0x40, 0x00, 0x00, 0x30, 0x07, 0x00, 0x00, 0x04, 0x40, 0x00, 0x00,
    0x10, 0x00, 0x00, 0x00, 0x06, 0x40, 0x00, 0x00, 0x30, 0x07, 0x00, 0x00,
    0x05, 0x01, 0x41, 0x00, 0x01, 0x01, 0x01, 0x00, 0x02, 0x01, 0x01, 0x00,
    0x10, 0x40, 0x00, 0x00, 0xb0, 0x23, 0x02, 0x00, 0x11, 0x01, 0x39, 0x00,
    0x1a, 0x01, 0x39, 0x00, 0x13, 0x01, 0x0f, 0x00, 0x15, 0x40, 0x00, 0x00,
    0xa0, 0x03, 0x00, 0x00, 0x16, 0x40, 0x00, 0x00, 0xa0, 0x03, 0x00, 0x00,
    0x18, 0x01, 0x80, 0xff, 0x14, 0x01, 0x41, 0x00, 0x21, 0x01, 0x00, 0x00,
    0x20, 0x01, 0x02, 0x00, 0x22, 0x01, 0x05, 0x00, 0x15, 0x01, 0x39, 0x00,
    0x17, 0x01, 0x0f, 0x00, 0x2f, 0x01, 0x01, 0x00, 0x02, 0x00, 0x00, 0x00,
    0x00, 0x40, 0x00, 0x00, 0xc0, 0x75, 0x01, 0x00, 0x10, 0x40, 0x00, 0x00,
    0x50, 0x27, 0x02, 0x00, 0x2f, 0x01, 0x03, 0x00, 0x02, 0x00, 0x00, 0x00,
    0x00, 0x40, 0x00, 0x00, 0x80, 0xac, 0x00, 0x00, 0x0b, 0x01, 0x01, 0x00,
    0x0c, 0x01, 0x01, 0x00, 0x05, 0x40, 0x00, 0x00, 0xcc, 0x01, 0x00, 0x00,
    0x04, 0x40, 0x00, 0x00, 0x04, 0x00, 0x00, 0x00, 0x06, 0x40, 0x00, 0x00,
    0x01, 0x00, 0x00, 0x00, 0x05, 0x01, 0x01, 0x00, 0x01, 0x01, 0x00, 0x00,
    0x02, 0x01, 0x00, 0x00, 0x10, 0x40, 0x00, 0x00, 0x90, 0x6e, 0x01, 0x00,
    0x11, 0x01, 0x72, 0x00, 0x1a, 0x01, 0x72, 0x00, 0x13, 0x01, 0x03, 0x00,
    0x15, 0x40, 0x00, 0x00, 0x30, 0x07, 0x00, 0x00, 0x16, 0x40, 0x00, 0x00,
    0x30, 0x07, 0x00, 0x00, 0x18, 0x01, 0x00, 0x00, 0x14, 0x01, 0x41, 0x81,
    0x21, 0x01, 0x01, 0x00, 0x20, 0x01, 0x00, 0x00, 0x22, 0x01, 0x02, 0x00,
    0x15, 0x01, 0x15, 0x00, 0x17, 0x01, 0x07, 0x00, 0x05, 0x00, 0x01, 0x00,
    0x00, 0x40, 0x00, 0x00, 0x18, 0xb0, 0x00, 0x00, 0x10, 0x40, 0x00, 0x00,
    0xc0, 0x75, 0x01, 0x00, 0x05, 0x00, 0x01, 0x00, 0x00, 0x40, 0x00, 0x00,
    0x90, 0x6e, 0x01, 0x00, 0x0b, 0x01, 0x00, 0x00, 0x0c, 0x01, 0x00, 0x00,
    0x05, 0x40, 0x00, 0x00, 0x30, 0x07, 0x00, 0x00, 0x04, 0x40, 0x00, 0x00,
    0x10, 0x00, 0x00, 0x00, 0x06, 0x40, 0x00, 0x00, 0x30, 0x07, 0x00, 0x00,
    0x05, 0x01, 0x41, 0x00, 0x01, 0x01, 0x01, 0x00, 0x02, 0x01, 0x01, 0x00,
    0x10, 0x40, 0x00, 0x00, 0xf0, 0x2a, 0x02, 0x00, 0x11, 0x01, 0x39, 0x00,
    0x1a, 0x01, 0x39, 0x00, 0x13, 0x01, 0x0f, 0x00, 0x15, 0x40, 0x00, 0x00,
    0xa0, 0x03, 0x00, 0x00, 0x16, 0x40, 0x00, 0x00, 0xa0, 0x03, 0x00, 0x00,
    0x18, 0x01, 0x80, 0xff, 0x14, 0x01, 0x41, 0x00, 0x21, 0x01, 0x00, 0x00,
    0x20, 0x01, 0x02, 0x00, 0x22, 0x01, 0x05, 0x00, 0x15, 0x01, 0x39, 0x00,
    0x17, 0x01, 0x0f, 0x00, 0x2f, 0x01, 0x01, 0x00, 0x02, 0x00, 0x00, 0x00,
    0x00, 0x40, 0x00, 0x00, 0xc0, 0x75, 0x01, 0x00, 0x10, 0x40, 0x00, 0x00,
    0x90, 0x2e, 0x02, 0x00, 0x2f, 0x01, 0x03, 0x00, 0x02, 0x00, 0x00, 0x00,
    0x00, 0x40, 0x00, 0x00, 0xb0, 0xb3, 0x00, 0x00, 0x0b, 0x01, 0x01, 0x00,
    0x0c, 0x01, 0x01, 0x00, 0x05, 0x40, 0x00, 0x00, 0xcc, 0x01, 0x00, 0x00,
    0x04, 0x40, 0x00, 0x00, 0x04, 0x00, 0x00, 0x00, 0x06, 0x40, 0x00, 0x00,
    0x01, 0x00, 0x00, 0x00, 0x05, 0x01, 0x01, 0x00, 0x01, 0x01, 0x00, 0x00,
    0x02, 0x01, 0x00, 0x00, 0x10, 0x40, 0x00, 0x00, 0x90, 0x6e, 0x01, 0x00,
    0x11, 0x01, 0x72, 0x00, 0x1a, 0x01, 0x72, 0x00, 0x13, 0x01, 0x03, 0x00,
    0x15, 0x40, 0x00, 0x00, 0x30, 0x07, 0x00, 0x00, 0x16, 0x40, 0x00, 0x00,
    0x30, 0x07, 0x00, 0x00, 0x18, 0x01, 0x00, 0x00, 0x14, 0x01, 0x41, 0x81,
    0x21, 0x01, 0x01, 0x00, 0x20, 0x01, 0x00, 0x00, 0x22, 0x01, 0x02, 0x00,
    0x15, 0x01, 0x15, 0x00, 0x17, 0x01, 0x07, 0x00, 0x05, 0x00, 0x01, 0x00,
    0x00, 0x40, 0x00, 0x00, 0x48, 0xb7, 0x00, 0x00, 0x10, 0x40, 0x00, 0x00,
    0xc0, 0x75, 0x01, 0x00, 0x05, 0x00, 0x01, 0x00, 0x00, 0x40, 0x00, 0x00,
    0x90, 0x6e, 0x01, 0x00, 0x0b, 0x01, 0x00, 0x00, 0x0c, 0x01, 0x00, 0x00,
    0x05, 0x40, 0x00, 0x00, 0x30, 0x07, 0x00, 0x00, 0x04, 0x40, 0x00, 0x00,
    0x10, 0x00, 0x00, 0x00, 0x06, 0x40, 0x00, 0x00, 0x30, 0x07, 0x00, 0x00,
    0x05, 0x01, 0x41, 0x00, 0x01, 0x01, 0x01, 0x00, 0x02, 0x01, 0x01, 0x00,
    0x10, 0x40, 0x00, 0x00, 0x30, 0x32, 0x02, 0x00, 0x11, 0x01, 0x39, 0x00,
    0x1a, 0x01, 0x39, 0x00, 0x13, 0x01, 0x0f, 0x00, 0x15, 0x40, 0x00, 0x00,
    0xa0, 0x03, 0x00, 0x00, 0x16, 0x40, 0x00, 0x00, 0xa0, 0x03, 0x00, 0x00,
    0x18, 0x01, 0x80, 0xff, 0x14, 0x01, 0x41, 0x00, 0x21, 0x01, 0x00, 0x00,
    0x20, 0x01, 0x02, 0x00, 0x22, 0x01, 0x05, 0x00, 0x15, 0x01, 0x39, 0x00,
    0x17, 0x01, 0x0f, 0x00, 0x2f, 0x01, 0x01, 0x00, 0x02, 0x00, 0x00, 0x00,
    0x00, 0x40, 0x00, 0x00, 0xc0, 0x75, 0x01, 0x00, 0x10, 0x40, 0x00, 0x00,
    0xd0, 0x35, 0x02, 0x00, 0x2f, 0x01, 0x03, 0x00, 0x02, 0x00, 0x00, 0x00,
    0x00, 0x40, 0x00, 0x00, 0xe0, 0xba, 0x00, 0x00, 0x0b, 0x01, 0x01, 0x00,
    0x0c, 0x01, 0x01, 0x00, 0x05, 0x40, 0x00, 0x00, 0xcc, 0x01, 0x00, 0x00,
    0x04, 0x40, 0x00, 0x00, 0x04, 0x00, 0x00, 0x00, 0x06, 0x40, 0x00, 0x00,
    0x01, 0x00, 0x00, 0x00, 0x05, 0x01, 0x01, 0x00, 0x01, 0x01, 0x00, 0x00,
    0x02, 0x01, 0x00, 0x00, 0x10, 0x40, 0x00, 0x00, 0x90, 0x6e, 0x01, 0x00,
    0x11, 0x01, 0x72, 0x00, 0x1a, 0x01, 0x72, 0x00, 0x13, 0x01, 0x03, 0x00,
    0x15, 0x40, 0x00, 0x00, 0x30, 0x07, 0x00, 0x00, 0x16, 0x40, 0x00, 0x00,
    0x30, 0x07, 0x00, 0x00, 0x18, 0x01, 0x00, 0x00, 0x14, 0x01, 0x41, 0x81,
    0x21, 0x01, 0x01, 0x00, 0x20, 0x01, 0x00, 0x00, 0x22, 0x01, 0x02, 0x00,
    0x15, 0x01, 0x15, 0x00, 0x17, 0x01, 0x07, 0x00, 0x05, 0x00, 0x01, 0x00,
    0x00, 0x40, 0x00, 0x00, 0x78, 0xbe, 0x00, 0x00, 0x10, 0x40, 0x00, 0x00,
    0xc0, 0x75, 0x01, 0x00, 0x05, 0x00, 0x01, 0x00, 0x00, 0x40, 0x00, 0x00,
    0x90, 0x6e, 0x01, 0x00, 0x0b, 0x01, 0x00, 0x00, 0x0c, 0x01, 0x00, 0x00,
    0x05, 0x40, 0x00, 0x00, 0x30, 0x07, 0x00, 0x00, 0x04, 0x40, 0x00, 0x00,
    0x10, 0x00, 0x00, 0x00, 0x06, 0x40, 0x00, 0x00, 0x30, 0x07, 0x00, 0x00,
    0x05, 0x01, 0x41, 0x00, 0x01, 0x01, 0x01, 0x00, 0x02, 0x01, 0x01, 0x00,
    0x10, 0x40, 0x00, 0x00, 0x70, 0x39, 0x02, 0x00, 0x11, 0x01, 0x39, 0x00,
    0x1a, 0x01, 0x39, 0x00, 0x13, 0x01, 0x0f, 0x00, 0x15, 0x40, 0x00, 0x00,
    0xa0, 0x03, 0x00, 0x00, 0x16, 0x40, 0x00, 0x00, 0xa0, 0x03, 0x00, 0x00,
    0x18, 0x01, 0x80, 0xff, 0x14, 0x01, 0x41, 0x00, 0x21, 0x01, 0x00, 0x00,
    0x20, 0x01, 0x02, 0x00, 0x22, 0x01, 0x05, 0x00, 0x15, 0x01, 0x39, 0x00,
    0x17, 0x01, 0x0f, 0x00, 0x2f, 0x01, 0x01, 0x00, 0x02, 0x00, 0x00, 0x00,
    0x00, 0x40, 0x00, 0x00, 0xc0, 0x75, 0x01, 0x00, 0x10, 0x40, 0x00, 0x00,
    0x10, 0x3d, 0x02, 0x00, 0x2f, 0x01, 0x03, 0x00, 0x02, 0x00, 0x00, 0x00,
    0x00, 0x40, 0x00, 0x00, 0x10, 0xc2, 0x00, 0x00, 0x0b, 0x01, 0x01, 0x00,
    0x0c, 0x01, 0x01, 0x00, 0x05, 0x40, 0x00, 0x00, 0xcc, 0x01, 0x00, 0x00,
    0x04, 0x40, 0x00, 0x00, 0x04, 0x00, 0x00, 0x00, 0x06, 0x40, 0x00, 0x00,
    0x01, 0x00, 0x00, 0x00, 0x05, 0x01, 0x01, 0x00, 0x01, 0x01, 0x00, 0x00,
    0x02, 0x01, 0x00, 0x00, 0x10, 0x40, 0x00, 0x00, 0x90, 0x6e, 0x01, 0x00,
    0x11, 0x01, 0x72, 0x00, 0x1a, 0x01, 0x72, 0x00, 0x13, 0x01, 0x03, 0x00,
    0x15, 0x40, 0x00, 0x00, 0x30, 0x07, 0x00, 0x00, 0x16, 0x40, 0x00, 0x00,
    0x30, 0x07, 0x00, 0x00, 0x18, 0x01, 0x00, 0x00, 0x14, 0x01, 0x41, 0x81,
    0x21, 0x01, 0x01, 0x00, 0x20, 0x01, 0x00, 0x00, 0x22, 0x01, 0x02, 0x00,
    0x15, 0x01, 0x15, 0x00, 0x17, 0x01, 0x07, 0x00, 0x05, 0x00, 0x01, 0x00,
    0x00, 0x40, 0x00, 0x00, 0xa8, 0xc5, 0x00, 0x00, 0x10, 0x40, 0x00, 0x00,
    0xc0, 0x75, 0x01, 0x00, 0x05, 0x00, 0x01, 0x00, 0x00, 0x40, 0x00, 0x00,
    0x90, 0x6e, 0x01, 0x00, 0x0b, 0x01, 0x00, 0x00, 0x0c, 0x01, 0x00, 0x00,
    0x05, 0x40, 0x00, 0x00, 0x30, 0x07, 0x00, 0x00, 0x04, 0x40, 0x00, 0x00,
    0x10, 0x00, 0x00, 0x00, 0x06, 0x40, 0x00, 0x00, 0x30, 0x07, 0x00, 0x00,
    0x05, 0x01, 0x41, 0x00, 0x01, 0x01, 0x01, 0x00, 0x02, 0x01, 0x01, 0x00,
    0x10, 0x40, 0x00, 0x00, 0xb0, 0x40, 0x02, 0x00, 0x11, 0x01, 0x39, 0x00,
    0x1a, 0x01, 0x39, 0x00, 0x13, 0x01, 0x0f, 0x00, 0x15, 0x40, 0x00, 0x00,
    0xa0, 0x03, 0x00, 0x00, 0x16, 0x40, 0x00, 0x00, 0xa0, 0x03, 0x00, 0x00,
    0x18, 0x01, 0x80, 0xff, 0x14, 0x01, 0x41, 0x00, 0x21, 0x01, 0x00, 0x00,
    0x20, 0x01, 0x02, 0x00, 0x22, 0x01, 0x05, 0x00, 0x15, 0x01, 0x39, 0x00,
    0x17, 0x01, 0x0f, 0x00, 0x2f, 0x01, 0x01, 0x00, 0x02, 0x00, 0x00, 0x00,
    0x00, 0x40, 0x00, 0x00, 0xc0, 0x75, 0x01, 0x00, 0x10, 0x40, 0x00, 0x00,
    0x50, 0x44, 0x02, 0x00, 0x2f, 0x01, 0x03, 0x00, 0x02, 0x00, 0x00, 0x00,
    0x00, 0x40, 0x00, 0x00, 0x40, 0xc9, 0x00, 0x00, 0x0b, 0x01, 0x01, 0x00,
    0x0c, 0x01, 0x01, 0x00, 0x05, 0x40, 0x00, 0x00, 0xcc, 0x01, 0x00, 0x00,
    0x04, 0x40, 0x00, 0x00, 0x04, 0x00, 0x00, 0x00, 0x06, 0x40, 0x00, 0x00,
    0x01, 0x00, 0x00, 0x00, 0x05, 0x01, 0x01, 0x00, 0x01, 0x01, 0x00, 0x00,
    0x02, 0x01, 0x00, 0x00, 0x10, 0x40, 0x00, 0x00, 0x90, 0x6e, 0x01, 0x00,
    0x11, 0x01, 0x72, 0x00, 0x1a, 0x01, 0x72, 0x00, 0x13, 0x01, 0x03, 0x00,
    0x15, 0x40, 0x00, 0x00, 0x30, 0x07, 0x00, 0x00, 0x16, 0x40, 0x00, 0x00,
    0x30, 0x07, 0x00, 0x00, 0x18, 0x01, 0x00, 0x00, 0x14, 0x01, 0x41, 0x81,
    0x21, 0x01, 0x01, 0x00, 0x20, 0x01, 0x00, 0x00, 0x22, 0x01, 0x02, 0x00,
    0x15, 0x01, 0x15, 0x00, 0x17, 0x01, 0x07, 0x00, 0x05, 0x00, 0x01, 0x00,
    0x00, 0x40, 0x00, 0x00, 0xd8, 0xcc, 0x00, 0x00, 0x10, 0x40, 0x00, 0x00,
    0xc0, 0x75, 0x01, 0x00, 0x05, 0x00, 0x01, 0x00, 0x00, 0x40, 0x00, 0x00,
    0x90, 0x6e, 0x01, 0x00, 0x0b, 0x01, 0x00, 0x00, 0x0c, 0x01, 0x00, 0x00,
    0x05, 0x40, 0x00, 0x00, 0x30, 0x07, 0x00, 0x00, 0x04, 0x40, 0x00, 0x00,
    0x10, 0x00, 0x00, 0x00, 0x06, 0x40, 0x00, 0x00, 0x30, 0x07, 0x00, 0x00,
    0x05, 0x01, 0x41, 0x00, 0x01, 0x01, 0x01, 0x00, 0x02, 0x01, 0x01, 0x00,
    0x10, 0x40, 0x00, 0x00, 0xf0, 0x47, 0x02, 0x00, 0x11, 0x01, 0x39, 0x00,
    0x1a, 0x01, 0x39, 0x00, 0x13, 0x01, 0x0f, 0x00, 0x15, 0x40, 0x00, 0x00,
    0xa0, 0x03, 0x00, 0x00, 0x16, 0x40, 0x00, 0x00, 0xa0, 0x03, 0x00, 0x00,
    0x18, 0x01, 0x80, 0xff, 0x14, 0x01, 0x41, 0x00, 0x21, 0x01, 0x00, 0x00,
    0x20, 0x01, 0x02, 0x00, 0x22, 0x01, 0x05, 0x00, 0x15, 0x01, 0x39, 0x00,
    0x17, 0x01, 0x0f, 0x00, 0x2f, 0x01, 0x01, 0x00, 0x02, 0x00, 0x00, 0x00,
    0x00, 0x40, 0x00, 0x00, 0xc0, 0x75, 0x01, 0x00, 0x10, 0x40, 0x00, 0x00,
    0x90, 0x4b, 0x02, 0x00, 0x2f, 0x01, 0x03, 0x00, 0x02, 0x00, 0x00, 0x00,
    0x00, 0x40, 0x00, 0x00, 0x70, 0xd0, 0x00, 0x00, 0x0b, 0x01, 0x01, 0x00,
    0x0c, 0x01, 0x01, 0x00, 0x05, 0x40, 0x00, 0x00, 0xcc, 0x01, 0x00, 0x00,
    0x04, 0x40, 0x00, 0x00, 0x04, 0x00, 0x00, 0x00, 0x06, 0x40, 0x00, 0x00,
    0x01, 0x00, 0x00, 0x00, 0x05, 0x01, 0x01, 0x00, 0x01, 0x01, 0x00, 0x00,
    0x02, 0x01, 0x00, 0x00, 0x10, 0x40, 0x00, 0x00, 0x90, 0x6e, 0x01, 0x00,
    0x11, 0x01, 0x72, 0x00, 0x1a, 0x01, 0x72, 0x00, 0x13, 0x01, 0x03, 0x00,
    0x15, 0x40, 0x00, 0x00, 0x30, 0x07, 0x00, 0x00, 0x16, 0x40, 0x00, 0x00,
    0x30, 0x07, 0x00, 0x00, 0x18, 0x01, 0x00, 0x00, 0x14, 0x01, 0x41, 0x81,
    0x21, 0x01, 0x01, 0x00, 0x20, 0x01, 0x00, 0x00, 0x22, 0x01, 0x02, 0x00,
    0x15, 0x01, 0x15, 0x00, 0x17, 0x01, 0x07, 0x00, 0x05, 0x00, 0x01, 0x00,
    0x00, 0x40, 0x00, 0x00, 0x08, 0xd4, 0x00, 0x00, 0x10, 0x40, 0x00, 0x00,
    0xc0, 0x75, 0x01, 0x00, 0x05, 0x00, 0x01, 0x00, 0x00, 0x40, 0x00, 0x00,
    0x90, 0x6e, 0x01, 0x00, 0x0b, 0x01, 0x00, 0x00, 0x0c, 0x01, 0x00, 0x00,
    0x05, 0x40, 0x00, 0x00, 0x30, 0x07, 0x00, 0x00, 0x04, 0x40, 0x00, 0x00,
    0x10, 0x00, 0x00, 0x00, 0x06, 0x40, 0x00, 0x00, 0x30, 0x07, 0x00, 0x00,
    0x05, 0x01, 0x41, 0x00, 0x01, 0x01, 0x01, 0x00, 0x02, 0x01, 0x01, 0x00,
    0x10, 0x40, 0x00, 0x00, 0x30, 0x4f, 0x02, 0x00, 0x11, 0x01, 0x39, 0x00,
    0x1a, 0x01, 0x39, 0x00, 0x13, 0x01, 0x0f, 0x00, 0x15, 0x40, 0x00, 0x00,
    0xa0, 0x03, 0x00, 0x00, 0x16, 0x40, 0x00, 0x00, 0xa0, 0x03, 0x00, 0x00,
    0x18, 0x01, 0x80, 0xff, 0x14, 0x01, 0x41, 0x00, 0x21, 0x01, 0x00, 0x00,
    0x20, 0x01, 0x02, 0x00, 0x22, 0x01, 0x05, 0x00, 0x15, 0x01, 0x39, 0x00,
    0x17, 0x01, 0x0f, 0x00, 0x2f, 0x01, 0x01, 0x00, 0x02, 0x00, 0x00, 0x00,
    0x00, 0x40, 0x00, 0x00, 0xc0, 0x75, 0x01, 0x00, 0x10, 0x40, 0x00, 0x00,
    0xd0, 0x52, 0x02, 0x00, 0x2f, 0x01, 0x03, 0x00, 0x02, 0x00, 0x00, 0x00,
    0x00, 0x40, 0x00, 0x00, 0xa0, 0xd7, 0x00, 0x00, 0x0b, 0x01, 0x01, 0x00,
    0x0c, 0x01, 0x01, 0x00, 0x05, 0x40, 0x00, 0x00, 0xcc, 0x01, 0x00, 0x00,
    0x04, 0x40, 0x00, 0x00, 0x04, 0x00, 0x00, 0x00, 0x06, 0x40, 0x00, 0x00,
    0x01, 0x00, 0x00, 0x00, 0x05, 0x01, 0x01, 0x00, 0x01, 0x01, 0x00, 0x00,
    0x02, 0x01, 0x00, 0x00, 0x10, 0x40, 0x00, 0x00, 0x90, 0x6e, 0x01, 0x00,
    0x11, 0x01, 0x72, 0x00, 0x1a, 0x01, 0x72, 0x00, 0x13, 0x01, 0x03, 0x00,
    0x15, 0x40, 0x00, 0x00, 0x30, 0x07, 0x00, 0x00, 0x16, 0x40, 0x00, 0x00,
    0x30, 0x07, 0x00, 0x00, 0x18, 0x01, 0x00, 0x00, 0x14, 0x01, 0x41, 0x81,
    0x21, 0x01, 0x01, 0x00, 0x20, 0x01, 0x00, 0x00, 0x22, 0x01, 0x02, 0x00,
    0x15, 0x01, 0x15, 0x00, 0x17, 0x01, 0x07, 0x00, 0x05, 0x00, 0x01, 0x00,
    0x00, 0x40, 0x00, 0x00, 0x38, 0xdb, 0x00, 0x00, 0x10, 0x40, 0x00, 0x00,
    0xc0, 0x75, 0x01, 0x00, 0x05, 0x00, 0x01, 0x00, 0x00, 0x40, 0x00, 0x00,
    0x90, 0x6e, 0x01, 0x00, 0x0b, 0x01, 0x00, 0x00, 0x0c, 0x01, 0x00, 0x00,
    0x05, 0x40, 0x00, 0x00, 0x30, 0x07, 0x00, 0x00, 0x04, 0x40, 0x00, 0x00,
    0x10, 0x00, 0x00, 0x00, 0x06, 0x40, 0x00, 0x00, 0x30, 0x07, 0x00, 0x00,
    0x05, 0x01, 0x41, 0x00, 0x01, 0x01, 0x01, 0x00, 0x02, 0x01, 0x01, 0x00,
    0x10, 0x40, 0x00, 0x00, 0x70, 0x56, 0x02, 0x00, 0x11, 0x01, 0x39, 0x00,
    0x1a, 0x01, 0x39, 0x00, 0x13, 0x01, 0x0f, 0x00, 0x15, 0x40, 0x00, 0x00,
    0xa0, 0x03, 0x00, 0x00, 0x16, 0x40, 0x00, 0x00, 0xa0, 0x03, 0x00, 0x00,
    0x18, 0x01, 0x80, 0xff, 0x14, 0x01, 0x41, 0x00, 0x21, 0x01, 0x00, 0x00,
    0x20, 0x01, 0x02, 0x00, 0x22, 0x01, 0x05, 0x00, 0x15, 0x01, 0x39, 0x00,
    0x17, 0x01, 0x0f, 0x00, 0x2f, 0x01, 0x01, 0x00, 0x02, 0x00, 0x00, 0x00,
    0x00, 0x40, 0x00, 0x00, 0xc0, 0x75, 0x01, 0x00, 0x10, 0x40, 0x00, 0x00,
    0x10, 0x5a, 0x02, 0x00, 0x2f, 0x01, 0x03, 0x00, 0x02, 0x00, 0x00, 0x00,
    0x00, 0x40, 0x00, 0x00, 0xd0, 0xde, 0x00, 0x00, 0x0b, 0x01, 0x01, 0x00,
    0x0c, 0x01, 0x01, 0x00, 0x05, 0x40, 0x00, 0x00, 0xcc, 0x01, 0x00, 0x00,
    0x04, 0x40, 0x00, 0x00, 0x04, 0x00, 0x00, 0x00, 0x06, 0x40, 0x00, 0x00,
    0x01, 0x00, 0x00, 0x00, 0x05, 0x01, 0x01, 0x00, 0x01, 0x01, 0x00, 0x00,
    0x02, 0x01, 0x00, 0x00, 0x10, 0x40, 0x00, 0x00, 0x90, 0x6e, 0x01, 0x00,
    0x11, 0x01, 0x72, 0x00, 0x1a, 0x01, 0x72, 0x00, 0x13, 0x01, 0x03, 0x00,
    0x15, 0x40, 0x00, 0x00, 0x30, 0x07, 0x00, 0x00, 0x16, 0x40, 0x00, 0x00,
    0x30, 0x07, 0x00, 0x00, 0x18, 0x01, 0x00, 0x00, 0x14, 0x01, 0x41, 0x81,
    0x21, 0x01, 0x01, 0x00, 0x20, 0x01, 0x00, 0x00, 0x22, 0x01, 0x02, 0x00,
    0x15, 0x01, 0x15, 0x00, 0x17, 0x01, 0x07, 0x00, 0x05, 0x00, 0x01, 0x00,
    0x00, 0x40, 0x00, 0x00, 0x68, 0xe2, 0x00, 0x00, 0x10, 0x40, 0x00, 0x00,
    0xc0, 0x75, 0x01, 0x00, 0x05, 0x00, 0x01, 0x00, 0x00, 0x40, 0x00, 0x00,
    0x90, 0x6e, 0x01, 0x00, 0x0b, 0x01, 0x00, 0x00, 0x0c, 0x01, 0x00, 0x00,
    0x05, 0x40, 0x00, 0x00, 0x30, 0x07, 0x00, 0x00, 0x04, 0x40, 0x00, 0x00,
    0x10, 0x00, 0x00, 0x00, 0x06, 0x40, 0x00, 0x00, 0x30, 0x07, 0x00, 0x00,
    0x05, 0x01, 0x41, 0x00, 0x01, 0x01, 0x01, 0x00, 0x02, 0x01, 0x01, 0x00,
    0x10, 0x40, 0x00, 0x00, 0xb0, 0x5d, 0x02, 0x00, 0x11, 0x01, 0x39, 0x00,
    0x1a, 0x01, 0x39, 0x00, 0x13, 0x01, 0x0f, 0x00, 0x15, 0x40, 0x00, 0x00,
    0xa0, 0x03, 0x00, 0x00, 0x16, 0x40, 0x00, 0x00, 0xa0, 0x03, 0x00, 0x00,
    0x18, 0x01, 0x80, 0xff, 0x14, 0x01, 0x41, 0x00, 0x21, 0x01, 0x00, 0x00,
    0x20, 0x01, 0x02, 0x00, 0x22, 0x01, 0x05, 0x00, 0x15, 0x01, 0x39, 0x00,
    0x17, 0x01, 0x0f, 0x00, 0x2f, 0x01, 0x01, 0x00, 0x02, 0x00, 0x00, 0x00,
    0x00, 0x40, 0x00, 0x00, 0xc0, 0x75, 0x01, 0x00, 0x10, 0x40, 0x00, 0x00,
    0x50, 0x61, 0x02, 0x00, 0x2f, 0x01, 0x03, 0x00, 0x02, 0x00, 0x00, 0x00,
    0x00, 0x40, 0x00, 0x00, 0x00, 0xe6, 0x00, 0x00, 0x0b, 0x01, 0x01, 0x00,
    0x0c, 0x01, 0x01, 0x00, 0x05, 0x40, 0x00, 0x00, 0xcc, 0x01, 0x00, 0x00,
    0x04, 0x40, 0x00, 0x00, 0x04, 0x00, 0x00, 0x00, 0x06, 0x40, 0x00, 0x00,
    0x01, 0x00, 0x00, 0x00, 0x05, 0x01, 0x01, 0x00, 0x01, 0x01, 0x00, 0x00,
    0x02, 0x01, 0x00, 0x00, 0x10, 0x40, 0x00, 0x00, 0x90, 0x6e, 0x01, 0x00,
    0x11, 0x01, 0x72, 0x00, 0x1a, 0x01, 0x72, 0x00, 0x13, 0x01, 0x03, 0x00,
    0x15, 0x40, 0x00, 0x00, 0x30, 0x07, 0x00, 0x00, 0x16, 0x40, 0x00, 0x00,
    0x30, 0x07, 0x00, 0x00, 0x18, 0x01, 0x00, 0x00, 0x14, 0x01, 0x41, 0x81,
    0x21, 0x01, 0x01, 0x00, 0x20, 0x01, 0x00, 0x00, 0x22, 0x01, 0x02, 0x00,
    0x15, 0x01, 0x15, 0x00, 0x17, 0x01, 0x07, 0x00, 0x05, 0x00, 0x01, 0x00,
    0x00, 0x40, 0x00, 0x00, 0x98, 0xe9, 0x00, 0x00, 0x10, 0x40, 0x00, 0x00,
    0xc0, 0x75, 0x01, 0x00, 0x05, 0x00, 0x01, 0x00, 0x00, 0x40, 0x00, 0x00,
    0x90, 0x6e, 0x01, 0x00, 0x0b, 0x01, 0x00, 0x00, 0x0c, 0x01, 0x00, 0x00,
    0x05, 0x40, 0x00, 0x00, 0x30, 0x07, 0x00, 0x00, 0x04, 0x40, 0x00, 0x00,
    0x10, 0x00, 0x00, 0x00, 0x06, 0x40, 0x00, 0x00, 0x30, 0x07, 0x00, 0x00,
    0x05, 0x01, 0x41, 0x00, 0x01, 0x01, 0x01, 0x00, 0x02, 0x01, 0x01, 0x00,
    0x10, 0x40, 0x00, 0x00, 0xf0, 0x64, 0x02, 0x00, 0x11, 0x01, 0x39, 0x00,
    0x1a, 0x01, 0x39, 0x00, 0x13, 0x01, 0x0f, 0x00, 0x15, 0x40, 0x00, 0x00,
    0xa0, 0x03, 0x00, 0x00, 0x16, 0x40, 0x00, 0x00, 0xa0, 0x03, 0x00, 0x00,
    0x18, 0x01, 0x80, 0xff, 0x14, 0x01, 0x41, 0x00, 0x21, 0x01, 0x00, 0x00,
    0x20, 0x01, 0x02, 0x00, 0x22, 0x01, 0x05, 0x00, 0x15, 0x01, 0x39, 0x00,
    0x17, 0x01, 0x0f, 0x00, 0x2f, 0x01, 0x01, 0x00, 0x02, 0x00, 0x00, 0x00,
    0x00, 0x40, 0x00, 0x00, 0xc0, 0x75, 0x01, 0x00, 0x10, 0x40, 0x00, 0x00,
    0x90, 0x68, 0x02, 0x00, 0x2f, 0x01, 0x03, 0x00, 0x02, 0x00, 0x00, 0x00,
    0x00, 0x40, 0x00, 0x00, 0x30, 0xed, 0x00, 0x00, 0x0b, 0x01, 0x01, 0x00,
    0x0c, 0x01, 0x01, 0x00, 0x05, 0x40, 0x00, 0x00, 0xcc, 0x01, 0x00, 0x00,
    0x04, 0x40, 0x00, 0x00, 0x04, 0x00, 0x00, 0x00, 0x06, 0x40, 0x00, 0x00,
    0x01, 0x00, 0x00, 0x00, 0x05, 0x01, 0x01, 0x00, 0x01, 0x01, 0x00, 0x00,
    0x02, 0x01, 0x00, 0x00, 0x10, 0x40, 0x00, 0x00, 0x90, 0x6e, 0x01, 0x00,
    0x11, 0x01, 0x72, 0x00, 0x1a, 0x01, 0x72, 0x00, 0x13, 0x01, 0x03, 0x00,
    0x15, 0x40, 0x00, 0x00, 0x30, 0x07, 0x00, 0x00, 0x16, 0x40, 0x00, 0x00,
    0x30, 0x07, 0x00, 0x00, 0x18, 0x01, 0x00, 0x00, 0x14, 0x01, 0x41, 0x81,
    0x21, 0x01, 0x01, 0x00, 0x20, 0x01, 0x00, 0x00, 0x22, 0x01, 0x02, 0x00,
    0x15, 0x01, 0x15, 0x00, 0x17, 0x01, 0x07, 0x00, 0x05, 0x00, 0x01, 0x00,
    0x00, 0x40, 0x00, 0x00, 0xc8, 0xf0, 0x00, 0x00, 0x10, 0x40, 0x00, 0x00,
    0xc0, 0x75, 0x01, 0x00, 0x05, 0x00, 0x01, 0x00, 0x00, 0x40, 0x00, 0x00,
    0x90, 0x6e, 0x01, 0x00, 0x0b, 0x01, 0x00, 0x00, 0x0c, 0x01, 0x00, 0x00,
    0x05, 0x40, 0x00, 0x00, 0x30, 0x07, 0x00, 0x00, 0x04, 0x40, 0x00, 0x00,
    0x10, 0x00, 0x00, 0x00, 0x06, 0x40, 0x00, 0x00, 0x30, 0x07, 0x00, 0x00,
    0x05, 0x01, 0x41, 0x00, 0x01, 0x01, 0x01, 0x00, 0x02, 0x01, 0x01, 0x00,
    0x10, 0x40, 0x00, 0x00, 0x30, 0x6c, 0x02, 0x00, 0x11, 0x01, 0x39, 0x00,
    0x1a, 0x01, 0x39, 0x00, 0x13, 0x01, 0x0f, 0x00, 0x15, 0x40, 0x00, 0x00,
    0xa0, 0x03, 0x00, 0x00, 0x16, 0x40, 0x00, 0x00, 0xa0, 0x03, 0x00, 0x00,
    0x18, 0x01, 0x80, 0xff, 0x14, 0x01, 0x41, 0x00, 0x21, 0x01, 0x00, 0x00,
    0x20, 0x01, 0x02, 0x00, 0x22, 0x01, 0x05, 0x00, 0x15, 0x01, 0x39, 0x00,
    0x17, 0x01, 0x0f, 0x00, 0x2f, 0x01, 0x01, 0x00, 0x02, 0x00, 0x00, 0x00,
    0x00, 0x40, 0x00, 0x00, 0xc0, 0x75, 0x01, 0x00, 0x10, 0x40, 0x00, 0x00,
    0xd0, 0x6f, 0x02, 0x00, 0x2f, 0x01, 0x03, 0x00, 0x02, 0x00, 0x00, 0x00,
    0x00, 0x40, 0x00, 0x00, 0x60, 0xf4, 0x00, 0x00, 0x0b, 0x01, 0x01, 0x00,
    0x0c, 0x01, 0x01, 0x00, 0x05, 0x40, 0x00, 0x00, 0xcc, 0x01, 0x00, 0x00,
    0x04, 0x40, 0x00, 0x00, 0x04, 0x00, 0x00, 0x00, 0x06, 0x40, 0x00, 0x00,
    0x01, 0x00, 0x00, 0x00, 0x05, 0x01, 0x01, 0x00, 0x01, 0x01, 0x00, 0x00,
    0x02, 0x01, 0x00, 0x00, 0x10, 0x40, 0x00, 0x00, 0x90, 0x6e, 0x01, 0x00,
    0x11, 0x01, 0x72, 0x00, 0x1a, 0x01, 0x72, 0x00, 0x13, 0x01, 0x03, 0x00,
    0x15, 0x40, 0x00, 0x00, 0x30, 0x07, 0x00, 0x00, 0x16, 0x40, 0x00, 0x00,
    0x30, 0x07, 0x00, 0x00, 0x18, 0x01, 0x00, 0x00, 0x14, 0x01, 0x41, 0x81,
    0x21, 0x01, 0x01, 0x00, 0x20, 0x01, 0x00, 0x00, 0x22, 0x01, 0x02, 0x00,
    0x15, 0x01, 0x15, 0x00, 0x17, 0x01, 0x07, 0x00, 0x05, 0x00, 0x01, 0x00,
    0x00, 0x40, 0x00, 0x00, 0xf8, 0xf7, 0x00, 0x00, 0x10, 0x40, 0x00, 0x00,
    0xc0, 0x75, 0x01, 0x00, 0x05, 0x00, 0x01, 0x00, 0x00, 0x40, 0x00, 0x00,
    0x90, 0x6e, 0x01, 0x00, 0x0b, 0x01, 0x00, 0x00, 0x0c, 0x01, 0x00, 0x00,
    0x05, 0x40, 0x00, 0x00, 0x30, 0x07, 0x00, 0x00, 0x04, 0x40, 0x00, 0x00,
    0x10, 0x00, 0x00, 0x00, 0x06, 0x40, 0x00, 0x00, 0x30, 0x07, 0x00, 0x00,
    0x05, 0x01, 0x41, 0x00, 0x01, 0x01, 0x01, 0x00, 0x02, 0x01, 0x01, 0x00,
    0x10, 0x40, 0x00, 0x00, 0x70, 0x73, 0x02, 0x00, 0x11, 0x01, 0x39, 0x00,
    0x1a, 0x01, 0x39, 0x00, 0x13, 0x01, 0x0f, 0x00, 0x15, 0x40, 0x00, 0x00,
    0xa0, 0x03, 0x00, 0x00, 0x16, 0x40, 0x00, 0x00, 0xa0, 0x03, 0x00, 0x00,
    0x18, 0x01, 0x80, 0xff, 0x14, 0x01, 0x41, 0x00, 0x21, 0x01, 0x00, 0x00,
    0x20, 0x01, 0x02, 0x00, 0x22, 0x01, 0x05, 0x00, 0x15, 0x01, 0x39, 0x00,
    0x17, 0x01, 0x0f, 0x00, 0x2f, 0x01, 0x01, 0x00, 0x02, 0x00, 0x00, 0x00,
    0x00, 0x40, 0x00, 0x00, 0xc0, 0x75, 0x01, 0x00, 0x10, 0x40, 0x00, 0x00,
    0x10, 0x77, 0x02, 0x00, 0x2f, 0x01, 0x03, 0x00, 0x02, 0x00, 0x00, 0x00,
    0x00, 0x40, 0x00, 0x00, 0x90, 0xfb, 0x00, 0x00, 0x0b, 0x01, 0x01, 0x00,
    0x0c, 0x01, 0x01, 0x00, 0x05, 0x40, 0x00, 0x00, 0xcc, 0x01, 0x00, 0x00,
    0x04, 0x40, 0x00, 0x00, 0x04, 0x00, 0x00, 0x00, 0x06, 0x40, 0x00, 0x00,
    0x01, 0x00, 0x00, 0x00, 0x05, 0x01, 0x01, 0x00, 0x01, 0x01, 0x00, 0x00,
    0x02, 0x01, 0x00, 0x00, 0x10, 0x40, 0x00, 0x00, 0x90, 0x6e, 0x01, 0x00,
    0x11, 0x01, 0x72, 0x00, 0x1a, 0x01, 0x72, 0x00, 0x13, 0x01, 0x03, 0x00,
    0x15, 0x40, 0x00, 0x00, 0x30, 0x07, 0x00, 0x00, 0x16, 0x40, 0x00, 0x00,
    0x30, 0x07, 0x00, 0x00, 0x18, 0x01, 0x00, 0x00, 0x14, 0x01, 0x41, 0x81,
    0x21, 0x01, 0x01, 0x00, 0x20, 0x01, 0x00, 0x00, 0x22, 0x01, 0x02, 0x00,
    0x15, 0x01, 0x15, 0x00, 0x17, 0x01, 0x07, 0x00, 0x05, 0x00, 0x01, 0x00,
    0x00, 0x40, 0x00, 0x00, 0x28, 0xff, 0x00, 0x00, 0x10, 0x40, 0x00, 0x00,
    0xc0, 0x75, 0x01, 0x00, 0x05, 0x00, 0x01, 0x00, 0x00, 0x40, 0x00, 0x00,
    0x90, 0x6e, 0x01, 0x00, 0x0b, 0x01, 0x00, 0x00, 0x0c, 0x01, 0x00, 0x00,
    0x05, 0x40, 0x00, 0x00, 0x30, 0x07, 0x00, 0x00, 0x04, 0x40, 0x00, 0x00,
    0x10, 0x00, 0x00, 0x00, 0x06, 0x40, 0x00, 0x00, 0x30, 0x07, 0x00, 0x00,
    0x05, 0x01, 0x41, 0x00, 0x01, 0x01, 0x01, 0x00, 0x02, 0x01, 0x01, 0x00,
    0x10, 0x40, 0x00, 0x00, 0xb0, 0x7a, 0x02, 0x00, 0x11, 0x01, 0x39, 0x00,
    0x1a, 0x01, 0x39, 0x00, 0x13, 0x01, 0x0f, 0x00, 0x15, 0x40, 0x00, 0x00,
    0xa0, 0x03, 0x00, 0x00, 0x16, 0x40, 0x00, 0x00, 0xa0, 0x03, 0x00, 0x00,
    0x18, 0x01, 0x80, 0xff, 0x14, 0x01, 0x41, 0x00, 0x21, 0x01, 0x00, 0x00,
    0x20, 0x01, 0x02, 0x00, 0x22, 0x01, 0x05, 0x00, 0x15, 0x01, 0x39, 0x00,
    0x17, 0x01, 0x0f, 0x00, 0x2f, 0x01, 0x01, 0x00, 0x02, 0x00, 0x00, 0x00,
    0x00, 0x40, 0x00, 0x00, 0xc0, 0x75, 0x01, 0x00, 0x10, 0x40, 0x00, 0x00,
    0x50, 0x7e, 0x02, 0x00, 0x2f, 0x01, 0x03, 0x00, 0x02, 0x00, 0x00, 0x00,
    0x00, 0x40, 0x00, 0x00, 0xc0, 0x02, 0x01, 0x00, 0x0b, 0x01, 0x01, 0x00,
    0x0c, 0x01, 0x01, 0x00, 0x05, 0x40, 0x00, 0x00, 0xcc, 0x01, 0x00, 0x00,
    0x04, 0x40, 0x00, 0x00, 0x04, 0x00, 0x00, 0x00, 0x06, 0x40, 0x00, 0x00,
    0x01, 0x00, 0x00, 0x00, 0x05, 0x01, 0x01, 0x00, 0x01, 0x01, 0x00, 0x00,
    0x02, 0x01, 0x00, 0x00, 0x10, 0x40, 0x00, 0x00, 0x90, 0x6e, 0x01, 0x00,
    0x11, 0x01, 0x72, 0x00, 0x1a, 0x01, 0x72, 0x00, 0x13, 0x01, 0x03, 0x00,
    0x15, 0x40, 0x00, 0x00, 0x30, 0x07, 0x00, 0x00, 0x16, 0x40, 0x00, 0x00,
    0x30, 0x07, 0x00, 0x00, 0x18, 0x01, 0x00, 0x00, 0x14, 0x01, 0x41, 0x81,
    0x21, 0x01, 0x01, 0x00, 0x20, 0x01, 0x00, 0x00, 0x22, 0x01, 0x02, 0x00,
    0x15, 0x01, 0x15, 0x00, 0x17, 0x01, 0x07, 0x00, 0x05, 0x00, 0x01, 0x00,
    0x00, 0x40, 0x00, 0x00, 0x58, 0x06, 0x01, 0x00, 0x10, 0x40, 0x00, 0x00,
    0xc0, 0x75, 0x01, 0x00, 0x05, 0x00, 0x01, 0x00, 0x00, 0x40, 0x00, 0x00,
    0x90, 0x6e, 0x01, 0x00, 0x0b, 0x01, 0x00, 0x00, 0x0c, 0x01, 0x00, 0x00,
    0x05, 0x40, 0x00, 0x00, 0x30, 0x07, 0x00, 0x00, 0x04, 0x40, 0x00, 0x00,
    0x10, 0x00, 0x00, 0x00, 0x06, 0x40, 0x00, 0x00, 0x30, 0x07, 0x00, 0x00,
    0x05, 0x01, 0x41, 0x00, 0x01, 0x01, 0x01, 0x00, 0x02, 0x01, 0x01, 0x00,
    0x10, 0x40, 0x00, 0x00, 0xf0, 0x81, 0x02, 0x00, 0x11, 0x01, 0x39, 0x00,
    0x1a, 0x01, 0x39, 0x00, 0x13, 0x01, 0x0f, 0x00, 0x15, 0x40, 0x00, 0x00,
    0xa0, 0x03, 0x00, 0x00, 0x16, 0x40, 0x00, 0x00, 0xa0, 0x03, 0x00, 0x00,
    0x18, 0x01, 0x80, 0xff, 0x14, 0x01, 0x41, 0x00, 0x21, 0x01, 0x00, 0x00,
    0x20, 0x01, 0x02, 0x00, 0x22, 0x01, 0x05, 0x00, 0x15, 0x01, 0x39, 0x00,
    0x17, 0x01, 0x0f, 0x00, 0x2f, 0x01, 0x01, 0x00, 0x02, 0x00, 0x00, 0x00,
    0x00, 0x40, 0x00, 0x00, 0xc0, 0x75, 0x01, 0x00, 0x10, 0x40, 0x00, 0x00,
    0x90, 0x85, 0x02, 0x00, 0x2f, 0x01, 0x03, 0x00, 0x02, 0x00, 0x00, 0x00,
    0x00, 0x40, 0x00, 0x00, 0xf0, 0x09, 0x01, 0x00, 0x0b, 0x01, 0x01, 0x00,
    0x0c, 0x01, 0x01, 0x00, 0x05, 0x40, 0x00, 0x00, 0xcc, 0x01, 0x00, 0x00,
    0x04, 0x40, 0x00, 0x00, 0x04, 0x00, 0x00, 0x00, 0x06, 0x40, 0x00, 0x00,
    0x01, 0x00, 0x00, 0x00, 0x05, 0x01, 0x01, 0x00, 0x01, 0x01, 0x00, 0x00,
    0x02, 0x01, 0x00, 0x00, 0x10, 0x40, 0x00, 0x00, 0x90, 0x6e, 0x01, 0x00,
    0x11, 0x01, 0x72, 0x00, 0x1a, 0x01, 0x72, 0x00, 0x13, 0x01, 0x03, 0x00,
    0x15, 0x40, 0x00, 0x00, 0x30, 0x07, 0x00, 0x00, 0x16, 0x40, 0x00, 0x00,
    0x30, 0x07, 0x00, 0x00, 0x18, 0x01, 0x00, 0x00, 0x14, 0x01, 0x41, 0x81,
    0x21, 0x01, 0x01, 0x00, 0x20, 0x01, 0x00, 0x00, 0x22, 0x01, 0x02, 0x00,
    0x15, 0x01, 0x15, 0x00, 0x17, 0x01, 0x07, 0x00, 0x05, 0x00, 0x01, 0x00,
    0x00, 0x40, 0x00, 0x00, 0x88, 0x0d, 0x01, 0x00, 0x10, 0x40, 0x00, 0x00,
    0xc0, 0x75, 0x01, 0x00, 0x05, 0x00, 0x01, 0x00, 0x00, 0x40, 0x00, 0x00,
    0x90, 0x6e, 0x01, 0x00, 0x0b, 0x01, 0x00, 0x00, 0x0c, 0x01, 0x00, 0x00,
    0x05, 0x40, 0x00, 0x00, 0x30, 0x07, 0x00, 0x00, 0x04, 0x40, 0x00, 0x00,
    0x10, 0x00, 0x00, 0x00, 0x06, 0x40, 0x00, 0x00, 0x30, 0x07, 0x00, 0x00,
    0x05, 0x01, 0x41, 0x00, 0x01, 0x01, 0x01, 0x00, 0x02, 0x01, 0x01, 0x00,
    0x10, 0x40, 0x00, 0x00, 0x30, 0x89, 0x02, 0x00, 0x11, 0x01, 0x39, 0x00,
    0x1a, 0x01, 0x39, 0x00, 0x13, 0x01, 0x0f, 0x00, 0x15, 0x40, 0x00, 0x00,
    0xa0, 0x03, 0x00, 0x00, 0x16, 0x40, 0x00, 0x00, 0xa0, 0x03, 0x00, 0x00,
    0x18, 0x01, 0x80, 0xff, 0x14, 0x01, 0x41, 0x00, 0x21, 0x01, 0x00, 0x00,
    0x20, 0x01, 0x02, 0x00, 0x22, 0x01, 0x05, 0x00, 0x15, 0x01, 0x39, 0x00,
    0x17, 0x01, 0x0f, 0x00, 0x2f, 0x01, 0x01, 0x00, 0x02, 0x00, 0x00, 0x00,
    0x00, 0x40, 0x00, 0x00, 0xc0, 0x75, 0x01, 0x00, 0x10, 0x40, 0x00, 0x00,
    0xd0, 0x8c, 0x02, 0x00, 0x2f, 0x01, 0x03, 0x00, 0x02, 0x00, 0x00, 0x00,
    0x00, 0x40, 0x00, 0x00, 0x20, 0x11, 0x01, 0x00, 0x0b, 0x01, 0x01, 0x00,
    0x0c, 0x01, 0x01, 0x00, 0x05, 0x40, 0x00, 0x00, 0xcc, 0x01, 0x00, 0x00,
    0x04, 0x40, 0x00, 0x00, 0x04, 0x00, 0x00, 0x00, 0x06, 0x40, 0x00, 0x00,
    0x01, 0x00, 0x00, 0x00, 0x05, 0x01, 0x01, 0x00, 0x01, 0x01, 0x00, 0x00,
    0x02, 0x01, 0x00, 0x00, 0x10, 0x40, 0x00, 0x00, 0x90, 0x6e, 0x01, 0x00,
    0x11, 0x01, 0x72, 0x00, 0x1a, 0x01, 0x72, 0x00, 0x13, 0x01, 0x03, 0x00,
    0x15, 0x40, 0x00, 0x00, 0x30, 0x07, 0x00, 0x00, 0x16, 0x40, 0x00, 0x00,
    0x30, 0x07, 0x00, 0x00, 0x18, 0x01, 0x00, 0x00, 0x14, 0x01, 0x41, 0x81,
    0x21, 0x01, 0x01, 0x00, 0x20, 0x01, 0x00, 0x00, 0x22, 0x01, 0x02, 0x00,
    0x15, 0x01, 0x15, 0x00, 0x17, 0x01, 0x07, 0x00, 0x05, 0x00, 0x01, 0x00,
    0x00, 0x40, 0x00, 0x00, 0xb8, 0x14, 0x01, 0x00, 0x10, 0x40, 0x00, 0x00,
    0xc0, 0x75, 0x01, 0x00, 0x05, 0x00, 0x01, 0x00, 0x00, 0x40, 0x00, 0x00,
    0x90, 0x6e, 0x01, 0x00, 0x0b, 0x01, 0x00, 0x00, 0x0c, 0x01, 0x00, 0x00,
    0x05, 0x40, 0x00, 0x00, 0x30, 0x07, 0x00, 0x00, 0x04, 0x40, 0x00, 0x00,
    0x10, 0x00, 0x00, 0x00, 0x06, 0x40, 0x00, 0x00, 0x30, 0x07, 0x00, 0x00,
    0x05, 0x01, 0x41, 0x00, 0x01, 0x01, 0x01, 0x00, 0x02, 0x01, 0x01, 0x00,
    0x10, 0x40, 0x00, 0x00, 0x70, 0x90, 0x02, 0x00, 0x11, 0x01, 0x39, 0x00,
    0x1a, 0x01, 0x39, 0x00, 0x13, 0x01, 0x0f, 0x00, 0x15, 0x40, 0x00, 0x00,
    0xa0, 0x03, 0x00, 0x00, 0x16, 0x40, 0x00, 0x00, 0xa0, 0x03, 0x00, 0x00,
    0x18, 0x01, 0x80, 0xff, 0x14, 0x01, 0x41, 0x00, 0x21, 0x01, 0x00, 0x00,
    0x20, 0x01, 0x02, 0x00, 0x22, 0x01, 0x05, 0x00, 0x15, 0x01, 0x39, 0x00,
    0x17, 0x01, 0x0f, 0x00, 0x2f, 0x01, 0x01, 0x00, 0x02, 0x00, 0x00, 0x00,
    0x00, 0x40, 0x00, 0x00, 0xc0, 0x75, 0x01, 0x00, 0x10, 0x40, 0x00, 0x00,
    0x10, 0x94, 0x02, 0x00, 0x2f, 0x01, 0x03, 0x00, 0x02, 0x00, 0x00, 0x00,
    0x00, 0x40, 0x00, 0x00, 0x50, 0x18, 0x01, 0x00, 0x0b, 0x01, 0x01, 0x00,
    0x0c, 0x01, 0x01, 0x00, 0x05, 0x40, 0x00, 0x00, 0xcc, 0x01, 0x00, 0x00,
    0x04, 0x40, 0x00, 0x00, 0x04, 0x00, 0x00, 0x00, 0x06, 0x40, 0x00, 0x00,
    0x01, 0x00, 0x00, 0x00, 0x05, 0x01, 0x01, 0x00, 0x01, 0x01, 0x00, 0x00,
    0x02, 0x01, 0x00, 0x00, 0x10, 0x40, 0x00, 0x00, 0x90, 0x6e, 0x01, 0x00,
    0x11, 0x01, 0x72, 0x00, 0x1a, 0x01, 0x72, 0x00, 0x13, 0x01, 0x03, 0x00,
    0x15, 0x40, 0x00, 0x00, 0x30, 0x07, 0x00, 0x00, 0x16, 0x40, 0x00, 0x00,
    0x30, 0x07, 0x00, 0x00, 0x18, 0x01, 0x00, 0x00, 0x14, 0x01, 0x41, 0x81,
    0x21, 0x01, 0x01, 0x00, 0x20, 0x01, 0x00, 0x00, 0x22, 0x01, 0x02, 0x00,
    0x15, 0x01, 0x15, 0x00, 0x17, 0x01, 0x07, 0x00, 0x05, 0x00, 0x01, 0x00,
    0x00, 0x40, 0x00, 0x00, 0xe8, 0x1b, 0x01, 0x00, 0x10, 0x40, 0x00, 0x00,
    0xc0, 0x75, 0x01, 0x00, 0x05, 0x00, 0x01, 0x00, 0x00, 0x40, 0x00, 0x00,
    0x90, 0x6e, 0x01, 0x00, 0x0b, 0x01, 0x00, 0x00, 0x0c, 0x01, 0x00, 0x00,
    0x05, 0x40, 0x00, 0x00, 0x30, 0x07, 0x00, 0x00, 0x04, 0x40, 0x00, 0x00,
    0x10, 0x00, 0x00, 0x00, 0x06, 0x40, 0x00, 0x00, 0x30, 0x07, 0x00, 0x00,
    0x05, 0x01, 0x41, 0x00, 0x01, 0x01, 0x01, 0x00, 0x02, 0x01, 0x01, 0x00,
    0x10, 0x40, 0x00, 0x00, 0xb0, 0x97, 0x02, 0x00, 0x11, 0x01, 0x39, 0x00,
    0x1a, 0x01, 0x39, 0x00, 0x13, 0x01, 0x0f, 0x00, 0x15, 0x40, 0x00, 0x00,
    0xa0, 0x03, 0x00, 0x00, 0x16, 0x40, 0x00, 0x00, 0xa0, 0x03, 0x00, 0x00,
    0x18, 0x01, 0x80, 0xff, 0x14, 0x01, 0x41, 0x00, 0x21, 0x01, 0x00, 0x00,
    0x20, 0x01, 0x02, 0x00, 0x22, 0x01, 0x05, 0x00, 0x15, 0x01, 0x39, 0x00,
    0x17, 0x01, 0x0f, 0x00, 0x2f, 0x01, 0x01, 0x00, 0x02, 0x00, 0x00, 0x00,
    0x00, 0x40, 0x00, 0x00, 0xc0, 0x75, 0x01, 0x00, 0x10, 0x40, 0x00, 0x00,
    0x50, 0x9b, 0x02, 0x00, 0x2f, 0x01, 0x03, 0x00, 0x02, 0x00, 0x00, 0x00,
    0x00, 0x40, 0x00, 0x00, 0x80, 0x1f, 0x01, 0x00, 0x0b, 0x01, 0x01, 0x00,
    0x0c, 0x01, 0x01, 0x00, 0x05, 0x40, 0x00, 0x00, 0xcc, 0x01, 0x00, 0x00,
    0x04, 0x40, 0x00, 0x00, 0x04, 0x00, 0x00, 0x00, 0x06, 0x40, 0x00, 0x00,
    0x01, 0x00, 0x00, 0x00, 0x05, 0x01, 0x01, 0x00, 0x01, 0x01, 0x00, 0x00,
    0x02, 0x01, 0x00, 0x00, 0x10, 0x40, 0x00, 0x00, 0x90, 0x6e, 0x01, 0x00,
    0x11, 0x01, 0x72, 0x00, 0x1a, 0x01, 0x72, 0x00, 0x13, 0x01, 0x03, 0x00,
    0x15, 0x40, 0x00, 0x00, 0x30, 0x07, 0x00, 0x00, 0x16, 0x40, 0x00, 0x00,
    0x30, 0x07, 0x00, 0x00, 0x18, 0x01, 0x00, 0x00, 0x14, 0x01, 0x41, 0x81,
    0x21, 0x01, 0x01, 0x00, 0x20, 0x01, 0x00, 0x00, 0x22, 0x01, 0x02, 0x00,
    0x15, 0x01, 0x15, 0x00, 0x17, 0x01, 0x07, 0x00, 0x05, 0x00, 0x01, 0x00,
    0x00, 0x40, 0x00, 0x00, 0x18, 0x23, 0x01, 0x00, 0x10, 0x40, 0x00, 0x00,
    0xc0, 0x75, 0x01, 0x00, 0x05, 0x00, 0x01, 0x00, 0x00, 0x40, 0x00, 0x00,
    0x90, 0x6e, 0x01, 0x00, 0x0b, 0x01, 0x00, 0x00, 0x0c, 0x01, 0x00, 0x00,
    0x05, 0x40, 0x00, 0x00, 0x30, 0x07, 0x00, 0x00, 0x04, 0x40, 0x00, 0x00,
    0x10, 0x00, 0x00, 0x00, 0x06, 0x40, 0x00, 0x00, 0x30, 0x07, 0x00, 0x00,
    0x05, 0x01, 0x41, 0x00, 0x01, 0x01, 0x01, 0x00, 0x02, 0x01, 0x01, 0x00,
    0x10, 0x40, 0x00, 0x00, 0xf0, 0x9e, 0x02, 0x00, 0x11, 0x01, 0x39, 0x00,
    0x1a, 0x01, 0x39, 0x00, 0x13, 0x01, 0x0f, 0x00, 0x15, 0x40, 0x00, 0x00,
    0xa0, 0x03, 0x00, 0x00, 0x16, 0x40, 0x00, 0x00, 0xa0, 0x03, 0x00, 0x00,
    0x18, 0x01, 0x80, 0xff, 0x14, 0x01, 0x41, 0x00, 0x21, 0x01, 0x00, 0x00,
    0x20, 0x01, 0x02, 0x00, 0x22, 0x01, 0x05, 0x00, 0x15, 0x01, 0x39, 0x00,
    0x17, 0x01, 0x0f, 0x00, 0x2f, 0x01, 0x01, 0x00, 0x02, 0x00, 0x00, 0x00,
    0x00, 0x40, 0x00, 0x00, 0xc0, 0x75, 0x01, 0x00, 0x10, 0x40, 0x00, 0x00,
    0x90, 0xa2, 0x02, 0x00, 0x2f, 0x01, 0x03, 0x00, 0x02, 0x00, 0x00, 0x00,
    0x00, 0x40, 0x00, 0x00, 0xb0, 0x26, 0x01, 0x00, 0x0b, 0x01, 0x01, 0x00,
    0x0c, 0x01, 0x01, 0x00, 0x05, 0x40, 0x00, 0x00, 0xcc, 0x01, 0x00, 0x00,
    0x04, 0x40, 0x00, 0x00, 0x04, 0x00, 0x00, 0x00, 0x06, 0x40, 0x00, 0x00,
    0x01, 0x00, 0x00, 0x00, 0x05, 0x01, 0x01, 0x00, 0x01, 0x01, 0x00, 0x00,
    0x02, 0x01, 0x00, 0x00, 0x10, 0x40, 0x00, 0x00, 0x90, 0x6e, 0x01, 0x00,
    0x11, 0x01, 0x72, 0x00, 0x1a, 0x01, 0x72, 0x00, 0x13, 0x01, 0x03, 0x00,
    0x15, 0x40, 0x00, 0x00, 0x30, 0x07, 0x00, 0x00, 0x16, 0x40, 0x00, 0x00,
    0x30, 0x07, 0x00, 0x00, 0x18, 0x01, 0x00, 0x00, 0x14, 0x01, 0x41, 0x81,
    0x21, 0x01, 0x01, 0x00, 0x20, 0x01, 0x00, 0x00, 0x22, 0x01, 0x02, 0x00,
    0x15, 0x01, 0x15, 0x00, 0x17, 0x01, 0x07, 0x00, 0x05, 0x00, 0x01, 0x00,
    0x00, 0x40, 0x00, 0x00, 0x48, 0x2a, 0x01, 0x00, 0x10, 0x40, 0x00, 0x00,
    0xc0, 0x75, 0x01, 0x00, 0x05, 0x00, 0x01, 0x00, 0x00, 0x40, 0x00, 0x00,
    0x90, 0x6e, 0x01, 0x00, 0x0b, 0x01, 0x00, 0x00, 0x0c, 0x01, 0x00, 0x00,
    0x05, 0x40, 0x00, 0x00, 0x30, 0x07, 0x00, 0x00, 0x04, 0x40, 0x00, 0x00,
    0x10, 0x00, 0x00, 0x00, 0x06, 0x40, 0x00, 0x00, 0x30, 0x07, 0x00, 0x00,
    0x05, 0x01, 0x41, 0x00, 0x01, 0x01, 0x01, 0x00, 0x02, 0x01, 0x01, 0x00,
    0x10, 0x40, 0x00, 0x00, 0x30, 0xa6, 0x02, 0x00, 0x11, 0x01, 0x39, 0x00,
    0x1a, 0x01, 0x39, 0x00, 0x13, 0x01, 0x0f, 0x00, 0x15, 0x40, 0x00, 0x00,
    0xa0, 0x03, 0x00, 0x00, 0x16, 0x40, 0x00, 0x00, 0xa0, 0x03, 0x00, 0x00,
    0x18, 0x01, 0x80, 0xff, 0x14, 0x01, 0x41, 0x00, 0x21, 0x01, 0x00, 0x00,
    0x20, 0x01, 0x02, 0x00, 0x22, 0x01, 0x05, 0x00, 0x15, 0x01, 0x39, 0x00,
    0x17, 0x01, 0x0f, 0x00, 0x2f, 0x01, 0x01, 0x00, 0x02, 0x00, 0x00, 0x00,
    0x00, 0x40, 0x00, 0x00, 0xc0, 0x75, 0x01, 0x00, 0x10, 0x40, 0x00, 0x00,
    0xd0, 0xa9, 0x02, 0x00, 0x2f, 0x01, 0x03, 0x00, 0x02, 0x00, 0x00, 0x00,
    0x00, 0x40, 0x00, 0x00, 0xe0, 0x2d, 0x01, 0x00, 0x0b, 0x01, 0x01, 0x00,
    0x0c, 0x01, 0x01, 0x00, 0x05, 0x40, 0x00, 0x00, 0xcc, 0x01, 0x00, 0x00,
    0x04, 0x40, 0x00, 0x00, 0x04, 0x00, 0x00, 0x00, 0x06, 0x40, 0x00, 0x00,
    0x01, 0x00, 0x00, 0x00, 0x05, 0x01, 0x01, 0x00, 0x01, 0x01, 0x00, 0x00,
    0x02, 0x01, 0x00, 0x00, 0x10, 0x40, 0x00, 0x00, 0x90, 0x6e, 0x01, 0x00,
    0x11, 0x01, 0x72, 0x00, 0x1a, 0x01, 0x72, 0x00, 0x13, 0x01, 0x03, 0x00,
    0x15, 0x40, 0x00, 0x00, 0x30, 0x07, 0x00, 0x00, 0x16, 0x40, 0x00, 0x00,
    0x30, 0x07, 0x00, 0x00, 0x18, 0x01, 0x00, 0x00, 0x14, 0x01, 0x41, 0x81,
    0x21, 0x01, 0x01, 0x00, 0x20, 0x01, 0x00, 0x00, 0x22, 0x01, 0x02, 0x00,
    0x15, 0x01, 0x15, 0x00, 0x17, 0x01, 0x07, 0x00, 0x05, 0x00, 0x01, 0x00,
    0x00, 0x40, 0x00, 0x00, 0x78, 0x31, 0x01, 0x00, 0x10, 0x40, 0x00, 0x00,
    0xc0, 0x75, 0x01, 0x00, 0x05, 0x00, 0x01, 0x00, 0x00, 0x40, 0x00, 0x00,
    0x90, 0x6e, 0x01, 0x00, 0x0b, 0x01, 0x00, 0x00, 0x0c, 0x01, 0x00, 0x00,
    0x05, 0x40, 0x00, 0x00, 0x30, 0x07, 0x00, 0x00, 0x04, 0x40, 0x00, 0x00,
    0x10, 0x00, 0x00, 0x00, 0x06, 0x40, 0x00, 0x00, 0x30, 0x07, 0x00, 0x00,
    0x05, 0x01, 0x41, 0x00, 0x01, 0x01, 0x01, 0x00, 0x02, 0x01, 0x01, 0x00,
    0x10, 0x40, 0x00, 0x00, 0x70, 0xad, 0x02, 0x00, 0x11, 0x01, 0x39, 0x00,
    0x1a, 0x01, 0x39, 0x00, 0x13, 0x01, 0x0f, 0x00, 0x15, 0x40, 0x00, 0x00,
    0xa0, 0x03, 0x00, 0x00, 0x16, 0x40, 0x00, 0x00, 0xa0, 0x03, 0x00, 0x00,
    0x18, 0x01, 0x80, 0xff, 0x14, 0x01, 0x41, 0x00, 0x21, 0x01, 0x00, 0x00,
    0x20, 0x01, 0x02, 0x00, 0x22, 0x01, 0x05, 0x00, 0x15, 0x01, 0x39, 0x00,
    0x17, 0x01, 0x0f, 0x00, 0x2f, 0x01, 0x01, 0x00, 0x02, 0x00, 0x00, 0x00,
    0x00, 0x40, 0x00, 0x00, 0xc0, 0x75, 0x01, 0x00, 0x10, 0x40, 0x00, 0x00,
    0x10, 0xb1, 0x02, 0x00, 0x2f, 0x01, 0x03, 0x00, 0x02, 0x00, 0x00, 0x00,
    0x00, 0x40, 0x00, 0x00, 0x10, 0x35, 0x01, 0x00, 0x0b, 0x01, 0x01, 0x00,
    0x0c, 0x01, 0x01, 0x00, 0x05, 0x40, 0x00, 0x00, 0xcc, 0x01, 0x00, 0x00,
    0x04, 0x40, 0x00, 0x00, 0x04, 0x00, 0x00, 0x00, 0x06, 0x40, 0x00, 0x00,
    0x01, 0x00, 0x00, 0x00, 0x05, 0x01, 0x01, 0x00, 0x01, 0x01, 0x00, 0x00,
    0x02, 0x01, 0x00, 0x00, 0x10, 0x40, 0x00, 0x00, 0x90, 0x6e, 0x01, 0x00,
    0x11, 0x01, 0x72, 0x00, 0x1a, 0x01, 0x72, 0x00, 0x13, 0x01, 0x03, 0x00,
    0x15, 0x40, 0x00, 0x00, 0x30, 0x07, 0x00, 0x00, 0x16, 0x40, 0x00, 0x00,
    0x30, 0x07, 0x00, 0x00, 0x18, 0x01, 0x00, 0x00, 0x14, 0x01, 0x41, 0x81,
    0x21, 0x01, 0x01, 0x00, 0x20, 0x01, 0x00, 0x00, 0x22, 0x01, 0x02, 0x00,
    0x15, 0x01, 0x15, 0x00, 0x17, 0x01, 0x07, 0x00, 0x05, 0x00, 0x01, 0x00,
    0x00, 0x40, 0x00, 0x00, 0xa8, 0x38, 0x01, 0x00, 0x10, 0x40, 0x00, 0x00,
    0xc0, 0x75, 0x01, 0x00, 0x05, 0x00, 0x01, 0x00, 0x00, 0x40, 0x00, 0x00,
    0x90, 0x6e, 0x01, 0x00, 0x0b, 0x01, 0x00, 0x00, 0x0c, 0x01, 0x00, 0x00,
    0x05, 0x40, 0x00, 0x00, 0x30, 0x07, 0x00, 0x00, 0x04, 0x40, 0x00, 0x00,
    0x10, 0x00, 0x00, 0x00, 0x06, 0x40, 0x00, 0x00, 0x30, 0x07, 0x00, 0x00,
    0x05, 0x01, 0x41, 0x00, 0x01, 0x01, 0x01, 0x00, 0x02, 0x01, 0x01, 0x00,
    0x10, 0x40, 0x00, 0x00, 0xb0, 0xb4, 0x02, 0x00, 0x11, 0x01, 0x39, 0x00,
    0x1a, 0x01, 0x39, 0x00, 0x13, 0x01, 0x0f, 0x00, 0x15, 0x40, 0x00, 0x00,
    0xa0, 0x03, 0x00, 0x00, 0x16, 0x40, 0x00, 0x00, 0xa0, 0x03, 0x00, 0x00,
    0x18, 0x01, 0x80, 0xff, 0x14, 0x01, 0x41, 0x00, 0x21, 0x01, 0x00, 0x00,
    0x20, 0x01, 0x02, 0x00, 0x22, 0x01, 0x05, 0x00, 0x15, 0x01, 0x39, 0x00,
    0x17, 0x01, 0x0f, 0x00, 0x2f, 0x01, 0x01, 0x00, 0x02, 0x00, 0x00, 0x00,
    0x00, 0x40, 0x00, 0x00, 0xc0, 0x75, 0x01, 0x00, 0x10, 0x40, 0x00, 0x00,
    0x50, 0xb8, 0x02, 0x00, 0x2f, 0x01, 0x03, 0x00, 0x02, 0x00, 0x00, 0x00,
    0x00, 0x40, 0x00, 0x00, 0x40, 0x3c, 0x01, 0x00, 0x0b, 0x01, 0x01, 0x00,
    0x0c, 0x01, 0x01, 0x00, 0x05, 0x40, 0x00, 0x00, 0xcc, 0x01, 0x00, 0x00,
    0x04, 0x40, 0x00, 0x00, 0x04, 0x00, 0x00, 0x00, 0x06, 0x40, 0x00, 0x00,
    0x01, 0x00, 0x00, 0x00, 0x05, 0x01, 0x01, 0x00, 0x01, 0x01, 0x00, 0x00,
    0x02, 0x01, 0x00, 0x00, 0x10, 0x40, 0x00, 0x00, 0x90, 0x6e, 0x01, 0x00,
    0x11, 0x01, 0x72, 0x00, 0x1a, 0x01, 0x72, 0x00, 0x13, 0x01, 0x03, 0x00,
    0x15, 0x40, 0x00, 0x00, 0x30, 0x07, 0x00, 0x00, 0x16, 0x40, 0x00, 0x00,
    0x30, 0x07, 0x00, 0x00, 0x18, 0x01, 0x00, 0x00, 0x14, 0x01, 0x41, 0x81,
    0x21, 0x01, 0x01, 0x00, 0x20, 0x01, 0x00, 0x00, 0x22, 0x01, 0x02, 0x00,
    0x15, 0x01, 0x15, 0x00, 0x17, 0x01, 0x07, 0x00, 0x05, 0x00, 0x01, 0x00,
    0x00, 0x40, 0x00, 0x00, 0xd8, 0x3f, 0x01, 0x00, 0x10, 0x40, 0x00, 0x00,
    0xc0, 0x75, 0x01, 0x00, 0x05, 0x00, 0x01, 0x00, 0x00, 0x40, 0x00, 0x00,
    0x90, 0x6e, 0x01, 0x00, 0x0b, 0x01, 0x00, 0x00, 0x0c, 0x01, 0x00, 0x00,
    0x05, 0x40, 0x00, 0x00, 0x30, 0x07, 0x00, 0x00, 0x04, 0x40, 0x00, 0x00,
    0x10, 0x00, 0x00, 0x00, 0x06, 0x40, 0x00, 0x00, 0x30, 0x07, 0x00, 0x00,
    0x05, 0x01, 0x41, 0x00, 0x01, 0x01, 0x01, 0x00, 0x02, 0x01, 0x01, 0x00,
    0x10, 0x40, 0x00, 0x00, 0xf0, 0xbb, 0x02, 0x00, 0x11, 0x01, 0x39, 0x00,
    0x1a, 0x01, 0x39, 0x00, 0x13, 0x01, 0x0f, 0x00, 0x15, 0x40, 0x00, 0x00,
    0xa0, 0x03, 0x00, 0x00, 0x16, 0x40, 0x00, 0x00, 0xa0, 0x03, 0x00, 0x00,
    0x18, 0x01, 0x80, 0xff, 0x14, 0x01, 0x41, 0x00, 0x21, 0x01, 0x00, 0x00,
    0x20, 0x01, 0x02, 0x00, 0x22, 0x01, 0x05, 0x00, 0x15, 0x01, 0x39, 0x00,
    0x17, 0x01, 0x0f, 0x00, 0x2f, 0x01, 0x01, 0x00, 0x02, 0x00, 0x00, 0x00,
    0x00, 0x40, 0x00, 0x00, 0xc0, 0x75, 0x01, 0x00, 0x10, 0x40, 0x00, 0x00,
    0x90, 0xbf, 0x02, 0x00, 0x2f, 0x01, 0x03, 0x00, 0x02, 0x00, 0x00, 0x00,
    0x00, 0x40, 0x00, 0x00, 0x70, 0x43, 0x01, 0x00, 0x0b, 0x01, 0x01, 0x00,
    0x0c, 0x01, 0x01, 0x00, 0x05, 0x40, 0x00, 0x00, 0xcc, 0x01, 0x00, 0x00,
    0x04, 0x40, 0x00, 0x00, 0x04, 0x00, 0x00, 0x00, 0x06, 0x40, 0x00, 0x00,
    0x01, 0x00, 0x00, 0x00, 0x05, 0x01, 0x01, 0x00, 0x01, 0x01, 0x00, 0x00,
    0x02, 0x01, 0x00, 0x00, 0x10, 0x40, 0x00, 0x00, 0x90, 0x6e, 0x01, 0x00,
    0x11, 0x01, 0x72, 0x00, 0x1a, 0x01, 0x72, 0x00, 0x13, 0x01, 0x03, 0x00,
    0x15, 0x40, 0x00, 0x00, 0x30, 0x07, 0x00, 0x00, 0x16, 0x40, 0x00, 0x00,
    0x30, 0x07, 0x00, 0x00, 0x18, 0x01, 0x00, 0x00, 0x14, 0x01, 0x41, 0x81,
    0x21, 0x01, 0x01, 0x00, 0x20, 0x01, 0x00, 0x00, 0x22, 0x01, 0x02, 0x00,
    0x15, 0x01, 0x15, 0x00, 0x17, 0x01, 0x07, 0x00, 0x05, 0x00, 0x01, 0x00,
    0x00, 0x40, 0x00, 0x00, 0x08, 0x47, 0x01, 0x00, 0x10, 0x40, 0x00, 0x00,
    0xc0, 0x75, 0x01, 0x00, 0x05, 0x00, 0x01, 0x00, 0x00, 0x40, 0x00, 0x00,
    0x90, 0x6e, 0x01, 0x00, 0x0b, 0x01, 0x00, 0x00, 0x0c, 0x01, 0x00, 0x00,
    0x05, 0x40, 0x00, 0x00, 0x30, 0x07, 0x00, 0x00, 0x04, 0x40, 0x00, 0x00,
    0x10, 0x00, 0x00, 0x00, 0x06, 0x40, 0x00, 0x00, 0x30, 0x07, 0x00, 0x00,
    0x05, 0x01, 0x41, 0x00, 0x01, 0x01, 0x01, 0x00, 0x02, 0x01, 0x01, 0x00,
    0x10, 0x40, 0x00, 0x00, 0x30, 0xc3, 0x02, 0x00, 0x11, 0x01, 0x39, 0x00,
    0x1a, 0x01, 0x39, 0x00, 0x13, 0x01, 0x0f, 0x00, 0x15, 0x40, 0x00, 0x00,
    0xa0, 0x03, 0x00, 0x00, 0x16, 0x40, 0x00, 0x00, 0xa0, 0x03, 0x00, 0x00,
    0x18, 0x01, 0x80, 0xff, 0x14, 0x01, 0x41, 0x00, 0x21, 0x01, 0x00, 0x00,
    0x20, 0x01, 0x02, 0x00, 0x22, 0x01, 0x05, 0x00, 0x15, 0x01, 0x39, 0x00,
    0x17, 0x01, 0x0f, 0x00, 0x2f, 0x01, 0x01, 0x00, 0x02, 0x00, 0x00, 0x00,
    0x00, 0x40, 0x00, 0x00, 0xc0, 0x75, 0x01, 0x00, 0x10, 0x40, 0x00, 0x00,
    0xd0, 0xc6, 0x02, 0x00, 0x2f, 0x01, 0x03, 0x00, 0x02, 0x00, 0x00, 0x00,
    0x00, 0x40, 0x00, 0x00, 0xa0, 0x4a, 0x01, 0x00, 0x0b, 0x01, 0x01, 0x00,
    0x0c, 0x01, 0x01, 0x00, 0x05, 0x40, 0x00, 0x00, 0xcc, 0x01, 0x00, 0x00,
    0x04, 0x40, 0x00, 0x00, 0x04, 0x00, 0x00, 0x00, 0x06, 0x40, 0x00, 0x00,
    0x01, 0x00, 0x00, 0x00, 0x05, 0x01, 0x01, 0x00, 0x01, 0x01, 0x00, 0x00,
    0x02, 0x01, 0x00, 0x00, 0x10, 0x40, 0x00, 0x00, 0x90, 0x6e, 0x01, 0x00,
    0x11, 0x01, 0x72, 0x00, 0x1a, 0x01, 0x72, 0x00, 0x13, 0x01, 0x03, 0x00,
    0x15, 0x40, 0x00, 0x00, 0x30, 0x07, 0x00, 0x00, 0x16, 0x40, 0x00, 0x00,
    0x30, 0x07, 0x00, 0x00, 0x18, 0x01, 0x00, 0x00, 0x14, 0x01, 0x41, 0x81,
    0x21, 0x01, 0x01, 0x00, 0x20, 0x01, 0x00, 0x00, 0x22, 0x01, 0x02, 0x00,
    0x15, 0x01, 0x15, 0x00, 0x17, 0x01, 0x07, 0x00, 0x05, 0x00, 0x01, 0x00,
    0x00, 0x40, 0x00, 0x00, 0x38, 0x4e, 0x01, 0x00, 0x10, 0x40, 0x00, 0x00,
    0xc0, 0x75, 0x01, 0x00, 0x05, 0x00, 0x01, 0x00, 0x00, 0x40, 0x00, 0x00,
    0x90, 0x6e, 0x01, 0x00, 0x0b, 0x01, 0x00, 0x00, 0x0c, 0x01, 0x00, 0x00,
    0x05, 0x40, 0x00, 0x00, 0x30, 0x07, 0x00, 0x00, 0x04, 0x40, 0x00, 0x00,
    0x10, 0x00, 0x00, 0x00, 0x06, 0x40, 0x00, 0x00, 0x30, 0x07, 0x00, 0x00,
    0x05, 0x01, 0x41, 0x00, 0x01, 0x01, 0x01, 0x00, 0x02, 0x01, 0x01, 0x00,
    0x10, 0x40, 0x00, 0x00, 0x70, 0xca, 0x02, 0x00, 0x11, 0x01, 0x39, 0x00,
    0x1a, 0x01, 0x39, 0x00, 0x13, 0x01, 0x0f, 0x00, 0x15, 0x40, 0x00, 0x00,
    0xa0, 0x03, 0x00, 0x00, 0x16, 0x40, 0x00, 0x00, 0xa0, 0x03, 0x00, 0x00,
    0x18, 0x01, 0x80, 0xff, 0x14, 0x01, 0x41, 0x00, 0x21, 0x01, 0x00, 0x00,
    0x20, 0x01, 0x02, 0x00, 0x22, 0x01, 0x05, 0x00, 0x15, 0x01, 0x39, 0x00,
    0x17, 0x01, 0x0f, 0x00, 0x2f, 0x01, 0x01, 0x00, 0x02, 0x00, 0x00, 0x00,
    0x00, 0x40, 0x00, 0x00, 0xc0, 0x75, 0x01, 0x00, 0x10, 0x40, 0x00, 0x00,
    0x10, 0xce, 0x02, 0x00, 0x2f, 0x01, 0x03, 0x00, 0x02, 0x00, 0x00, 0x00,
    0x00, 0x40, 0x00, 0x00, 0xd0, 0x51, 0x01, 0x00, 0x0b, 0x01, 0x01, 0x00,
    0x0c, 0x01, 0x01, 0x00, 0x05, 0x40, 0x00, 0x00, 0xcc, 0x01, 0x00, 0x00,
    0x04, 0x40, 0x00, 0x00, 0x04, 0x00, 0x00, 0x00, 0x06, 0x40, 0x00, 0x00,
    0x01, 0x00, 0x00, 0x00, 0x05, 0x01, 0x01, 0x00, 0x01, 0x01, 0x00, 0x00,
    0x02, 0x01, 0x00, 0x00, 0x10, 0x40, 0x00, 0x00, 0x90, 0x6e, 0x01, 0x00,
    0x11, 0x01, 0x72, 0x00, 0x1a, 0x01, 0x72, 0x00, 0x13, 0x01, 0x03, 0x00,
    0x15, 0x40, 0x00, 0x00, 0x30, 0x07, 0x00, 0x00, 0x16, 0x40, 0x00, 0x00,
    0x30, 0x07, 0x00, 0x00, 0x18, 0x01, 0x00, 0x00, 0x14, 0x01, 0x41, 0x81,
    0x21, 0x01, 0x01, 0x00, 0x20, 0x01, 0x00, 0x00, 0x22, 0x01, 0x02, 0x00,
    0x15, 0x01, 0x15, 0x00, 0x17, 0x01, 0x07, 0x00, 0x05, 0x00, 0x01, 0x00,
    0x00, 0x40, 0x00, 0x00, 0x68, 0x55, 0x01, 0x00, 0x10, 0x40, 0x00, 0x00,
    0xc0, 0x75, 0x01, 0x00, 0x05, 0x00, 0x01, 0x00, 0x00, 0x40, 0x00, 0x00,
    0x90, 0x6e, 0x01, 0x00, 0x0b, 0x01, 0x00, 0x00, 0x0c, 0x01, 0x00, 0x00,
    0x05, 0x40, 0x00, 0x00, 0x30, 0x07, 0x00, 0x00, 0x04, 0x40, 0x00, 0x00,
    0x10, 0x00, 0x00, 0x00, 0x06, 0x40, 0x00, 0x00, 0x30, 0x07, 0x00, 0x00,
    0x05, 0x01, 0x41, 0x00, 0x01, 0x01, 0x01, 0x00, 0x02, 0x01, 0x01, 0x00,
    0x10, 0x40, 0x00, 0x00, 0xb0, 0xd1, 0x02, 0x00, 0x11, 0x01, 0x39, 0x00,
    0x1a, 0x01, 0x39, 0x00, 0x13, 0x01, 0x0f, 0x00, 0x15, 0x40, 0x00, 0x00,
    0xa0, 0x03, 0x00, 0x00, 0x16, 0x40, 0x00, 0x00, 0xa0, 0x03, 0x00, 0x00,
    0x18, 0x01, 0x80, 0xff, 0x14, 0x01, 0x41, 0x00, 0x21, 0x01, 0x00, 0x00,
    0x20, 0x01, 0x02, 0x00, 0x22, 0x01, 0x05, 0x00, 0x15, 0x01, 0x39, 0x00,
    0x17, 0x01, 0x0f, 0x00, 0x2f, 0x01, 0x01, 0x00, 0x02, 0x00, 0x00, 0x00,
    0x00, 0x40, 0x00, 0x00, 0xc0, 0x75, 0x01, 0x00, 0x10, 0x40, 0x00, 0x00,
    0x50, 0xd5, 0x02, 0x00, 0x2f, 0x01, 0x03, 0x00, 0x02, 0x00, 0x00, 0x00,
    0x00, 0x40, 0x00, 0x00, 0x00, 0x59, 0x01, 0x00, 0x0b, 0x01, 0x01, 0x00,
    0x0c, 0x01, 0x01, 0x00, 0x05, 0x40, 0x00, 0x00, 0xcc, 0x01, 0x00, 0x00,
    0x04, 0x40, 0x00, 0x00, 0x04, 0x00, 0x00, 0x00, 0x06, 0x40, 0x00, 0x00,
    0x01, 0x00, 0x00, 0x00, 0x05, 0x01, 0x01, 0x00, 0x01, 0x01, 0x00, 0x00,
    0x02, 0x01, 0x00, 0x00, 0x10, 0x40, 0x00, 0x00, 0x90, 0x6e, 0x01, 0x00,
    0x11, 0x01, 0x72, 0x00, 0x1a, 0x01, 0x72, 0x00, 0x13, 0x01, 0x03, 0x00,
    0x15, 0x40, 0x00, 0x00, 0x30, 0x07, 0x00, 0x00, 0x16, 0x40, 0x00, 0x00,
    0x30, 0x07, 0x00, 0x00, 0x18, 0x01, 0x00, 0x00, 0x14, 0x01, 0x41, 0x81,
    0x21, 0x01, 0x01, 0x00, 0x20, 0x01, 0x00, 0x00, 0x22, 0x01, 0x02, 0x00,
    0x15, 0x01, 0x15, 0x00, 0x17, 0x01, 0x07, 0x00, 0x05, 0x00, 0x01, 0x00,
    0x00, 0x40, 0x00, 0x00, 0x98, 0x5c, 0x01, 0x00, 0x10, 0x40, 0x00, 0x00,
    0xc0, 0x75, 0x01, 0x00, 0x05, 0x00, 0x01, 0x00, 0x00, 0x40, 0x00, 0x00,
    0x90, 0x6e, 0x01, 0x00, 0x0b, 0x01, 0x00, 0x00, 0x0c, 0x01, 0x00, 0x00,
    0x05, 0x40, 0x00, 0x00, 0x30, 0x07, 0x00, 0x00, 0x04, 0x40, 0x00, 0x00,
    0x10, 0x00, 0x00, 0x00, 0x06, 0x40, 0x00, 0x00, 0x30, 0x07, 0x00, 0x00,
    0x05, 0x01, 0x41, 0x00, 0x01, 0x01, 0x01, 0x00, 0x02, 0x01, 0x01, 0x00,
    0x10, 0x40, 0x00, 0x00, 0xf0, 0xd8, 0x02, 0x00, 0x11, 0x01, 0x39, 0x00,
    0x1a, 0x01, 0x39, 0x00, 0x13, 0x01, 0x0f, 0x00, 0x15, 0x40, 0x00, 0x00,
    0xa0, 0x03, 0x00, 0x00, 0x16, 0x40, 0x00, 0x00, 0xa0, 0x03, 0x00, 0x00,
    0x18, 0x01, 0x80, 0xff, 0x14, 0x01, 0x41, 0x00, 0x21, 0x01, 0x00, 0x00,
    0x20, 0x01, 0x02, 0x00, 0x22, 0x01, 0x05, 0x00, 0x15, 0x01, 0x39, 0x00,
    0x17, 0x01, 0x0f, 0x00, 0x2f, 0x01, 0x01, 0x00, 0x02, 0x00, 0x00, 0x00,
    0x00, 0x40, 0x00, 0x00, 0xc0, 0x75, 0x01, 0x00, 0x10, 0x40, 0x00, 0x00,
    0x90, 0xdc, 0x02, 0x00, 0x2f, 0x01, 0x03, 0x00, 0x02, 0x00, 0x00, 0x00,
    0x00, 0x40, 0x00, 0x00, 0x30, 0x60, 0x01, 0x00, 0x0b, 0x01, 0x01, 0x00,
    0x0c, 0x01, 0x01, 0x00, 0x05, 0x40, 0x00, 0x00, 0xcc, 0x01, 0x00, 0x00,
    0x04, 0x40, 0x00, 0x00, 0x04, 0x00, 0x00, 0x00, 0x06, 0x40, 0x00, 0x00,
    0x01, 0x00, 0x00, 0x00, 0x05, 0x01, 0x01, 0x00, 0x01, 0x01, 0x00, 0x00,
    0x02, 0x01, 0x00, 0x00, 0x10, 0x40, 0x00, 0x00, 0x90, 0x6e, 0x01, 0x00,
    0x11, 0x01, 0x72, 0x00, 0x1a, 0x01, 0x72, 0x00, 0x13, 0x01, 0x03, 0x00,
    0x15, 0x40, 0x00, 0x00, 0x30, 0x07, 0x00, 0x00, 0x16, 0x40, 0x00, 0x00,
    0x30, 0x07, 0x00, 0x00, 0x18, 0x01, 0x00, 0x00, 0x14, 0x01, 0x41, 0x81,
    0x21, 0x01, 0x01, 0x00, 0x20, 0x01, 0x00, 0x00, 0x22, 0x01, 0x02, 0x00,
    0x15, 0x01, 0x15, 0x00, 0x17, 0x01, 0x07, 0x00, 0x05, 0x00, 0x01, 0x00,
    0x00, 0x40, 0x00, 0x00, 0xc8, 0x63, 0x01, 0x00, 0x10, 0x40, 0x00, 0x00,
    0xc0, 0x75, 0x01, 0x00, 0x05, 0x00, 0x01, 0x00, 0x00, 0x40, 0x00, 0x00,
    0x90, 0x6e, 0x01, 0x00, 0x0b, 0x01, 0x00, 0x00, 0x0c, 0x01, 0x00, 0x00,
    0x05, 0x40, 0x00, 0x00, 0x30, 0x07, 0x00, 0x00, 0x04, 0x40, 0x00, 0x00,
    0x10, 0x00, 0x00, 0x00, 0x06, 0x40, 0x00, 0x00, 0x30, 0x07, 0x00, 0x00,
    0x05, 0x01, 0x41, 0x00, 0x01, 0x01, 0x01, 0x00, 0x02, 0x01, 0x01, 0x00,
    0x10, 0x40, 0x00, 0x00, 0x30, 0xe0, 0x02, 0x00, 0x11, 0x01, 0x39, 0x00,
    0x1a, 0x01, 0x39, 0x00, 0x13, 0x01, 0x0f, 0x00, 0x15, 0x40, 0x00, 0x00,
    0xa0, 0x03, 0x00, 0x00, 0x16, 0x40, 0x00, 0x00, 0xa0, 0x03, 0x00, 0x00,
    0x18, 0x01, 0x80, 0xff, 0x14, 0x01, 0x41, 0x00, 0x21, 0x01, 0x00, 0x00,
    0x20, 0x01, 0x02, 0x00, 0x22, 0x01, 0x05, 0x00, 0x15, 0x01, 0x39, 0x00,
    0x17, 0x01, 0x0f, 0x00, 0x2f, 0x01, 0x01, 0x00, 0x02, 0x00, 0x00, 0x00,
    0x00, 0x40, 0x00, 0x00, 0xc0, 0x75, 0x01, 0x00, 0x10, 0x40, 0x00, 0x00,
    0xd0, 0xe3, 0x02, 0x00, 0x2f, 0x01, 0x03, 0x00, 0x02, 0x00, 0x00, 0x00,
    0x00, 0x40, 0x00, 0x00, 0x60, 0x67, 0x01, 0x00, 0x0b, 0x01, 0x01, 0x00,
    0x0c, 0x01, 0x01, 0x00, 0x05, 0x40, 0x00, 0x00, 0xcc, 0x01, 0x00, 0x00,
    0x04, 0x40, 0x00, 0x00, 0x04, 0x00, 0x00, 0x00, 0x06, 0x40, 0x00, 0x00,
    0x01, 0x00, 0x00, 0x00, 0x05, 0x01, 0x01, 0x00, 0x01, 0x01, 0x00, 0x00,
    0x02, 0x01, 0x00, 0x00, 0x10, 0x40, 0x00, 0x00, 0x90, 0x6e, 0x01, 0x00,
    0x11, 0x01, 0x72, 0x00, 0x1a, 0x01, 0x72, 0x00, 0x13, 0x01, 0x03, 0x00,
    0x15, 0x40, 0x00, 0x00, 0x30, 0x07, 0x00, 0x00, 0x16, 0x40, 0x00, 0x00,
    0x30, 0x07, 0x00, 0x00, 0x18, 0x01, 0x00, 0x00, 0x14, 0x01, 0x41, 0x81,
    0x21, 0x01, 0x01, 0x00, 0x20, 0x01, 0x00, 0x00, 0x22, 0x01, 0x02, 0x00,
    0x15, 0x01, 0x15, 0x00, 0x17, 0x01, 0x07, 0x00, 0x05, 0x00, 0x01, 0x00,
    0x00, 0x40, 0x00, 0x00, 0xf8, 0x6a, 0x01, 0x00, 0x10, 0x40, 0x00, 0x00,
    0xc0, 0x75, 0x01, 0x00, 0x05, 0x00, 0x01, 0x00, 0x00, 0x40, 0x00, 0x00,
    0x90, 0x6e, 0x01, 0x00, 0x0b, 0x01, 0x00, 0x00, 0x0c, 0x01, 0x00, 0x00,
    0x05, 0x40, 0x00, 0x00, 0x30, 0x07, 0x00, 0x00, 0x04, 0x40, 0x00, 0x00,
    0x10, 0x00, 0x00, 0x00, 0x06, 0x40, 0x00, 0x00, 0x30, 0x07, 0x00, 0x00,
    0x05, 0x01, 0x41, 0x00, 0x01, 0x01, 0x01, 0x00, 0x02, 0x01, 0x01, 0x00,
    0x10, 0x40, 0x00, 0x00, 0x70, 0xe7, 0x02, 0x00, 0x11, 0x01, 0x39, 0x00,
    0x1a, 0x01, 0x39, 0x00, 0x13, 0x01, 0x0f, 0x00, 0x15, 0x40, 0x00, 0x00,
    0xa0, 0x03, 0x00, 0x00, 0x16, 0x40, 0x00, 0x00, 0xa0, 0x03, 0x00, 0x00,
    0x18, 0x01, 0x80, 0xff, 0x14, 0x01, 0x41, 0x00, 0x21, 0x01, 0x00, 0x00,
    0x20, 0x01, 0x02, 0x00, 0x22, 0x01, 0x05, 0x00, 0x15, 0x01, 0x39, 0x00,
    0x17, 0x01, 0x0f, 0x00, 0x2f, 0x01, 0x01, 0x00, 0x02, 0x00, 0x00, 0x00,
    0x00, 0x40, 0x00, 0x00, 0xc0, 0x75, 0x01, 0x00, 0x10, 0x40, 0x00, 0x00,
    0x10, 0xeb, 0x02, 0x00, 0x2f, 0x01, 0x03, 0x00, 0x02, 0x00, 0x00, 0x00,
    0x30, 0x01, 0x00, 0x00, 0x30, 0x40, 0x00, 0x00, 0xb0, 0x01, 0x00, 0x00,
    0x31, 0x01, 0x01, 0x00, 0x31, 0x40, 0x00, 0x00, 0xb0, 0x73, 0x01, 0x00,
    0x32, 0x40, 0x00, 0x00, 0x30, 0x02, 0x00, 0x00, 0x12, 0x00, 0x00, 0x00,
    0x10, 0x00, 0x00, 0x00, 0x00, 0x40, 0x00, 0x00, 0xf0, 0x7c, 0x01, 0x00,
    0x0b, 0x01, 0x65, 0x00, 0x0c, 0x01, 0x65, 0x00, 0x0a, 0x01, 0x39, 0x00,
    0x04, 0x01, 0x0f, 0x00, 0x05, 0x40, 0x00, 0x00, 0xa0, 0x03, 0x00, 0x00,
    0x06, 0x40, 0x00, 0x00, 0xa0, 0x03, 0x00, 0x00, 0x09, 0x01, 0x80, 0xff,
    0x00, 0x01, 0x03, 0x00, 0x03, 0x01, 0x03, 0x00, 0x10, 0x40, 0x00, 0x00,
    0x00, 0x00, 0x00, 0x00, 0x12, 0x01, 0x65, 0x00, 0x1b, 0x01, 0x65, 0x00,
    0x1c, 0x01, 0x65, 0x00, 0x21, 0x01, 0x06, 0x00, 0x22, 0x01, 0x00, 0x00,
    0x28, 0x01, 0x01, 0x00, 0x20, 0x40, 0x00, 0x00, 0x50, 0x74, 0x01, 0x00,
    0x21, 0x40, 0x00, 0x00, 0x90, 0x01, 0x00, 0x00, 0x29, 0x01, 0x01, 0x00,
    0x22, 0x40, 0x00, 0x00, 0xb0, 0x73, 0x01, 0x00, 0x16, 0x01, 0x19, 0x00,
    0x15, 0x01, 0x05, 0x00, 0x2d, 0x01, 0x0e, 0x00, 0x2f, 0x01, 0x01, 0x00,
    0x11, 0x00, 0x00, 0x00, 0x03, 0x00, 0x00, 0x00, 0x30, 0x40, 0x00, 0x00,
    0xe0, 0x03, 0x00, 0x00, 0x31, 0x40, 0x00, 0x00, 0xc0, 0x71, 0x01, 0x00,
    0x32, 0x40, 0x00, 0x00, 0xf0, 0x01, 0x00, 0x00, 0x10, 0x00, 0x00, 0x00,
    0x00, 0x40, 0x00, 0x00, 0x00, 0x00, 0x00, 0x00, 0x00, 0x01, 0x00, 0x00,
    0x01, 0x01, 0x00, 0x00, 0x03, 0x01, 0x00, 0x00, 0x02, 0x01, 0x00, 0x00,
    0x10, 0x40, 0x00, 0x00, 0xd0, 0x75, 0x01, 0x00, 0x21, 0x01, 0x00, 0x00,
    0x20, 0x01, 0x00, 0x00, 0x20, 0x40, 0x00, 0x00, 0x60, 0x72, 0x01, 0x00,
    0x21, 0x40, 0x00, 0x00, 0x50, 0x01, 0x00, 0x00, 0x22, 0x40, 0x00, 0x00,
    0xc0, 0x71, 0x01, 0x00, 0x16, 0x01, 0x03, 0x00, 0x15, 0x01, 0x39, 0x00,
    0x2f, 0x01, 0x03, 0x00, 0x11, 0x00, 0x00, 0x00, 0x02, 0x00, 0x00, 0x00,
    0x30, 0x40, 0x00, 0x00, 0xd0, 0x05, 0x00, 0x00, 0x31, 0x40, 0x00, 0x00,
    0x90, 0xe7, 0x02, 0x00, 0x32, 0x40, 0x00, 0x00, 0xb0, 0x01, 0x00, 0x00,
    0x12, 0x00, 0x01, 0x00, 0x10, 0x00, 0x00, 0x00, 0x00, 0x40, 0x00, 0x00,
    0xd0, 0x75, 0x01, 0x00, 0x00, 0x01, 0x01, 0x00, 0x01, 0x01, 0x02, 0x00,
    0x03, 0x01, 0x01, 0x00, 0x02, 0x01, 0x02, 0x00, 0x10, 0x40, 0x00, 0x00,
    0x10, 0x04, 0x00, 0x00, 0x21, 0x01, 0x02, 0x00, 0x20, 0x01, 0x04, 0x00,
    0x20, 0x40, 0x00, 0x00, 0x30, 0xe8, 0x02, 0x00, 0x21, 0x40, 0x00, 0x00,
    0x10, 0x01, 0x00, 0x00, 0x22, 0x40, 0x00, 0x00, 0x90, 0xe7, 0x02, 0x00,
    0x16, 0x01, 0x07, 0x00, 0x15, 0x01, 0x13, 0x00, 0x11, 0x00, 0x00, 0x00,
    0x03, 0x00, 0x00, 0x00, 0x30, 0x40, 0x00, 0x00, 0x80, 0x07, 0x00, 0x00,
    0x31, 0x40, 0x00, 0x00, 0x20, 0x02, 0x00, 0x00, 0x32, 0x40, 0x00, 0x00,
    0xf0, 0x01, 0x00, 0x00, 0x12, 0x00, 0x01, 0x00, 0x10, 0x00, 0x00, 0x00,
    0x00, 0x40, 0x00, 0x00, 0x10, 0x04, 0x00, 0x00, 0x00, 0x01, 0x00, 0x00,
    0x01, 0x01, 0x00, 0x00, 0x03, 0x01, 0x00, 0x00, 0x02, 0x01, 0x00, 0x00,
    0x10, 0x40, 0x00, 0x00, 0xd0, 0x75, 0x01, 0x00, 0x21, 0x01, 0x00, 0x00,
    0x20, 0x01, 0x00, 0x00, 0x20, 0x40, 0x00, 0x00, 0xc0, 0x02, 0x00, 0x00,
    0x21, 0x40, 0x00, 0x00, 0x50, 0x01, 0x00, 0x00, 0x22, 0x40, 0x00, 0x00,
    0x20, 0x02, 0x00, 0x00, 0x16, 0x01, 0x03, 0x00, 0x15, 0x01, 0x39, 0x00,
    0x11, 0x00, 0x00, 0x00, 0x02, 0x00, 0x00, 0x00, 0x30, 0x40, 0x00, 0x00,
    0x70, 0x09, 0x00, 0x00, 0x31, 0x40, 0x00, 0x00, 0x00, 0x00, 0x00, 0x00,
    0x32, 0x40, 0x00, 0x00, 0x20, 0x02, 0x00, 0x00, 0x10, 0x00, 0x00, 0x00,
    0x00, 0x40, 0x00, 0x00, 0xd0, 0x75, 0x01, 0x00, 0x00, 0x01, 0x03, 0x00,
    0x01, 0x01, 0x01, 0x00, 0x03, 0x01, 0x03, 0x00, 0x02, 0x01, 0x01, 0x00,
    0x10, 0x40, 0x00, 0x00, 0x10, 0x04, 0x00, 0x00, 0x21, 0x01, 0x06, 0x00,
    0x20, 0x01, 0x02, 0x00, 0x20, 0x40, 0x00, 0x00, 0xa0, 0x00, 0x00, 0x00,
    0x21, 0x40, 0x00, 0x00, 0x80, 0x01, 0x00, 0x00, 0x22, 0x40, 0x00, 0x00,
    0x00, 0x00, 0x00, 0x00, 0x16, 0x01, 0x19, 0x00, 0x15, 0x01, 0x05, 0x00,
    0x11, 0x00, 0x00, 0x00, 0x03, 0x00, 0x00, 0x00, 0x30, 0x40, 0x00, 0x00,
    0x90, 0x0b, 0x00, 0x00, 0x31, 0x40, 0x00, 0x00, 0x20, 0x02, 0x00, 0x00,
    0x32, 0x40, 0x00, 0x00, 0xf0, 0x01, 0x00, 0x00, 0x12, 0x00, 0x01, 0x00,
    0x10, 0x00, 0x00, 0x00, 0x00, 0x40, 0x00, 0x00, 0x10, 0x04, 0x00, 0x00,
    0x00, 0x01, 0x00, 0x00, 0x01, 0x01, 0x00, 0x00, 0x03, 0x01, 0x00, 0x00,
    0x02, 0x01, 0x00, 0x00, 0x10, 0x40, 0x00, 0x00, 0xd0, 0x75, 0x01, 0x00,
    0x21, 0x01, 0x00, 0x00, 0x20, 0x01, 0x00, 0x00, 0x20, 0x40, 0x00, 0x00,
    0xc0, 0x02, 0x00, 0x00, 0x21, 0x40, 0x00, 0x00, 0x50, 0x01, 0x00, 0x00,
    0x22, 0x40, 0x00, 0x00, 0x20, 0x02, 0x00, 0x00, 0x16, 0x01, 0x03, 0x00,
    0x15, 0x01, 0x39, 0x00, 0x11, 0x00, 0x00, 0x00, 0x02, 0x00, 0x00, 0x00,
    0x30, 0x40, 0x00, 0x00, 0x80, 0x0d, 0x00, 0x00, 0x31, 0x40, 0x00, 0x00,
    0x00, 0x00, 0x00, 0x00, 0x32, 0x40, 0x00, 0x00, 0xb0, 0x01, 0x00, 0x00,
    0x12, 0x00, 0x01, 0x00, 0x10, 0x00, 0x00, 0x00, 0x00, 0x40, 0x00, 0x00,
    0xd0, 0x75, 0x01, 0x00, 0x00, 0x01, 0x01, 0x00, 0x01, 0x01, 0x02, 0x00,
    0x03, 0x01, 0x01, 0x00, 0x02, 0x01, 0x02, 0x00, 0x10, 0x40, 0x00, 0x00,
    0xb0, 0x01, 0x00, 0x00, 0x21, 0x01, 0x02, 0x00, 0x20, 0x01, 0x04, 0x00,
    0x20, 0x40, 0x00, 0x00, 0xa0, 0x00, 0x00, 0x00, 0x21, 0x40, 0x00, 0x00,
    0x10, 0x01, 0x00, 0x00, 0x22, 0x40, 0x00, 0x00, 0x00, 0x00, 0x00, 0x00,
    0x16, 0x01, 0x07, 0x00, 0x15, 0x01, 0x13, 0x00, 0x11, 0x00, 0x00, 0x00,
    0x03, 0x00, 0x00, 0x00, 0x30, 0x40, 0x00, 0x00, 0x30, 0x0f, 0x00, 0x00,
    0x31, 0x40, 0x00, 0x00, 0x70, 0x73, 0x01, 0x00, 0x32, 0x40, 0x00, 0x00,
    0xf0, 0x01, 0x00, 0x00, 0x12, 0x00, 0x01, 0x00, 0x10, 0x00, 0x00, 0x00,
    0x00, 0x40, 0x00, 0x00, 0xb0, 0x01, 0x00, 0x00, 0x00, 0x01, 0x00, 0x00,
    0x01, 0x01, 0x00, 0x00, 0x03, 0x01, 0x00, 0x00, 0x02, 0x01, 0x00, 0x00,
    0x10, 0x40, 0x00, 0x00, 0x60, 0x75, 0x01, 0x00, 0x21, 0x01, 0x00, 0x00,
    0x20, 0x01, 0x00, 0x00, 0x20, 0x40, 0x00, 0x00, 0x10, 0x74, 0x01, 0x00,
    0x21, 0x40, 0x00, 0x00, 0x50, 0x01, 0x00, 0x00, 0x22, 0x40, 0x00, 0x00,
    0x70, 0x73, 0x01, 0x00, 0x16, 0x01, 0x03, 0x00, 0x15, 0x01, 0x39, 0x00,
    0x11, 0x00, 0x00, 0x00, 0x02, 0x00, 0x00, 0x00, 0x30, 0x40, 0x00, 0x00,
    0x20, 0x11, 0x00, 0x00, 0x31, 0x40, 0x00, 0x00, 0x20, 0xe7, 0x02, 0x00,
    0x32, 0x40, 0x00, 0x00, 0x20, 0x02, 0x00, 0x00, 0x12, 0x00, 0x01, 0x00,
    0x10, 0x00, 0x00, 0x00, 0x00, 0x40, 0x00, 0x00, 0x60, 0x75, 0x01, 0x00,
    0x00, 0x01, 0x03, 0x00, 0x01, 0x01, 0x01, 0x00, 0x03, 0x01, 0x03, 0x00,
    0x02, 0x01, 0x01, 0x00, 0x10, 0x40, 0x00, 0x00, 0xb0, 0x01, 0x00, 0x00,
    0x21, 0x01, 0x06, 0x00, 0x20, 0x01, 0x02, 0x00, 0x20, 0x40, 0x00, 0x00,
    0xc0, 0xe7, 0x02, 0x00, 0x21, 0x40, 0x00, 0x00, 0x80, 0x01, 0x00, 0x00,
    0x22, 0x40, 0x00, 0x00, 0x20, 0xe7, 0x02, 0x00, 0x16, 0x01, 0x19, 0x00,
    0x15, 0x01, 0x05, 0x00, 0x11, 0x00, 0x00, 0x00, 0x03, 0x00, 0x00, 0x00,
    0x30, 0x40, 0x00, 0x00, 0x40, 0x13, 0x00, 0x00, 0x31, 0x40, 0x00, 0x00,
    0x70, 0x73, 0x01, 0x00, 0x32, 0x40, 0x00, 0x00, 0xf0, 0x01, 0x00, 0x00,
    0x12, 0x00, 0x01, 0x00, 0x10, 0x00, 0x00, 0x00, 0x00, 0x40, 0x00, 0x00,
    0xb0, 0x01, 0x00, 0x00, 0x00, 0x01, 0x00, 0x00, 0x01, 0x01, 0x00, 0x00,
    0x03, 0x01, 0x00, 0x00, 0x02, 0x01, 0x00, 0x00, 0x10, 0x40, 0x00, 0x00,
    0x60, 0x75, 0x01, 0x00, 0x21, 0x01, 0x00, 0x00, 0x20, 0x01, 0x00, 0x00,
    0x20, 0x40, 0x00, 0x00, 0x10, 0x74, 0x01, 0x00, 0x21, 0x40, 0x00, 0x00,
    0x50, 0x01, 0x00, 0x00, 0x22, 0x40, 0x00, 0x00, 0x70, 0x73, 0x01, 0x00,
    0x16, 0x01, 0x03, 0x00, 0x15, 0x01, 0x39, 0x00, 0x11, 0x00, 0x00, 0x00,
    0x02, 0x00, 0x00, 0x00, 0x30, 0x40, 0x00, 0x00, 0x30, 0x15, 0x00, 0x00,
    0x31, 0x40, 0x00, 0x00, 0x00, 0x00, 0x00, 0x00, 0x32, 0x40, 0x00, 0x00,
    0xb0, 0x01, 0x00, 0x00, 0x10, 0x00, 0x00, 0x00, 0x00, 0x40, 0x00, 0x00,
    0x60, 0x75, 0x01, 0x00, 0x00, 0x01, 0x01, 0x00, 0x01, 0x01, 0x02, 0x00,
    0x03, 0x01, 0x01, 0x00, 0x02, 0x01, 0x02, 0x00, 0x10, 0x40, 0x00, 0x00,
    0xb0, 0x01, 0x00, 0x00, 0x21, 0x01, 0x02, 0x00, 0x20, 0x01, 0x04, 0x00,
    0x20, 0x40, 0x00, 0x00, 0xa0, 0x00, 0x00, 0x00, 0x21, 0x40, 0x00, 0x00,
    0x10, 0x01, 0x00, 0x00, 0x22, 0x40, 0x00, 0x00, 0x00, 0x00, 0x00, 0x00,
    0x16, 0x01, 0x07, 0x00, 0x15, 0x01, 0x13, 0x00, 0x11, 0x00, 0x00, 0x00,
    0x03, 0x00, 0x00, 0x00, 0x30, 0x40, 0x00, 0x00, 0xe0, 0x16, 0x00, 0x00,
    0x31, 0x40, 0x00, 0x00, 0x70, 0x73, 0x01, 0x00, 0x32, 0x40, 0x00, 0x00,
    0xf0, 0x01, 0x00, 0x00, 0x12, 0x00, 0x01, 0x00, 0x10, 0x00, 0x00, 0x00,
    0x00, 0x40, 0x00, 0x00, 0xb0, 0x01, 0x00, 0x00, 0x00, 0x01, 0x00, 0x00,
    0x01, 0x01, 0x00, 0x00, 0x03, 0x01, 0x00, 0x00, 0x02, 0x01, 0x00, 0x00,
    0x10, 0x40, 0x00, 0x00, 0x90, 0x77, 0x01, 0x00, 0x21, 0x01, 0x00, 0x00,
    0x20, 0x01, 0x00, 0x00, 0x20, 0x40, 0x00, 0x00, 0x10, 0x74, 0x01, 0x00,
    0x21, 0x40, 0x00, 0x00, 0x50, 0x01, 0x00, 0x00, 0x22, 0x40, 0x00, 0x00,
    0x70, 0x73, 0x01, 0x00, 0x16, 0x01, 0x03, 0x00, 0x15, 0x01, 0x39, 0x00,
    0x11, 0x00, 0x00, 0x00, 0x02, 0x00, 0x00, 0x00, 0x30, 0x40, 0x00, 0x00,
    0xd0, 0x18, 0x00, 0x00, 0x31, 0x40, 0x00, 0x00, 0x60, 0x75, 0x01, 0x00,
    0x32, 0x40, 0x00, 0x00, 0x30, 0x02, 0x00, 0x00, 0x12, 0x00, 0x01, 0x00,
    0x10, 0x00, 0x00, 0x00, 0x00, 0x40, 0x00, 0x00, 0x90, 0x77, 0x01, 0x00,
    0x00, 0x01, 0x03, 0x00, 0x01, 0x01, 0x01, 0x00, 0x03, 0x01, 0x03, 0x00,
    0x02, 0x01, 0x01, 0x00, 0x10, 0x40, 0x00, 0x00, 0xa0, 0x03, 0x00, 0x00,
    0x21, 0x01, 0x06, 0x00, 0x20, 0x01, 0x02, 0x00, 0x20, 0x40, 0x00, 0x00,
    0x00, 0x76, 0x01, 0x00, 0x21, 0x40, 0x00, 0x00, 0x90, 0x01, 0x00, 0x00,
    0x22, 0x40, 0x00, 0x00, 0x60, 0x75, 0x01, 0x00, 0x16, 0x01, 0x19, 0x00,
    0x15, 0x01, 0x05, 0x00, 0x11, 0x00, 0x00, 0x00, 0x03, 0x00, 0x00, 0x00,
    0x30, 0x40, 0x00, 0x00, 0x00, 0x1b, 0x00, 0x00, 0x31, 0x40, 0x00, 0x00,
    0x00, 0x00, 0x00, 0x00, 0x32, 0x40, 0x00, 0x00, 0xf0, 0x01, 0x00, 0x00,
    0x12, 0x00, 0x01, 0x00, 0x10, 0x00, 0x00, 0x00, 0x00, 0x40, 0x00, 0x00,
    0xa0, 0x03, 0x00, 0x00, 0x00, 0x01, 0x00, 0x00, 0x01, 0x01, 0x00, 0x00,
    0x03, 0x01, 0x00, 0x00, 0x02, 0x01, 0x00, 0x00, 0x10, 0x40, 0x00, 0x00,
    0x60, 0x75, 0x01, 0x00, 0x21, 0x01, 0x00, 0x00, 0x20, 0x01, 0x00, 0x00,
    0x20, 0x40, 0x00, 0x00, 0xa0, 0x00, 0x00, 0x00, 0x21, 0x40, 0x00, 0x00,
    0x50, 0x01, 0x00, 0x00, 0x22, 0x40, 0x00, 0x00, 0x00, 0x00, 0x00, 0x00,
    0x16, 0x01, 0x03, 0x00, 0x15, 0x01, 0x39, 0x00, 0x11, 0x00, 0x00, 0x00,
    0x02, 0x00, 0x00, 0x00, 0x30, 0x40, 0x00, 0x00, 0xf0, 0x1c, 0x00, 0x00,
    0x31, 0x40, 0x00, 0x00, 0xf0, 0x01, 0x00, 0x00, 0x32, 0x40, 0x00, 0x00,
    0xb0, 0x01, 0x00, 0x00, 0x10, 0x00, 0x00, 0x00, 0x00, 0x40, 0x00, 0x00,
    0x60, 0x75, 0x01, 0x00, 0x00, 0x01, 0x01, 0x00, 0x01, 0x01, 0x02, 0x00,
    0x03, 0x01, 0x01, 0x00, 0x02, 0x01, 0x02, 0x00, 0x10, 0x40, 0x00, 0x00,
    0xa0, 0x03, 0x00, 0x00, 0x21, 0x01, 0x02, 0x00, 0x20, 0x01, 0x04, 0x00,
    0x20, 0x40, 0x00, 0x00, 0x90, 0x02, 0x00, 0x00, 0x21, 0x40, 0x00, 0x00,
    0x10, 0x01, 0x00, 0x00, 0x22, 0x40, 0x00, 0x00, 0xf0, 0x01, 0x00, 0x00,
    0x16, 0x01, 0x07, 0x00, 0x15, 0x01, 0x13, 0x00, 0x11, 0x00, 0x00, 0x00,
    0x03, 0x00, 0x00, 0x00, 0x30, 0x40, 0x00, 0x00, 0xa0, 0x1e, 0x00, 0x00,
    0x31, 0x40, 0x00, 0x00, 0x00, 0x00, 0x00, 0x00, 0x32, 0x40, 0x00, 0x00,
    0xf0, 0x01, 0x00, 0x00, 0x12, 0x00, 0x01, 0x00, 0x10, 0x00, 0x00, 0x00,
    0x00, 0x40, 0x00, 0x00, 0xa0, 0x03, 0x00, 0x00, 0x00, 0x01, 0x00, 0x00,
    0x01, 0x01, 0x00, 0x00, 0x03, 0x01, 0x00, 0x00, 0x02, 0x01, 0x00, 0x00,
    0x10, 0x40, 0x00, 0x00, 0x60, 0x75, 0x01, 0x00, 0x21, 0x01, 0x00, 0x00,
    0x20, 0x01, 0x00, 0x00, 0x20, 0x40, 0x00, 0x00, 0xa0, 0x00, 0x00, 0x00,
    0x21, 0x40, 0x00, 0x00, 0x50, 0x01, 0x00, 0x00, 0x22, 0x40, 0x00, 0x00,
    0x00, 0x00, 0x00, 0x00, 0x16, 0x01, 0x03, 0x00, 0x15, 0x01, 0x39, 0x00,
    0x11, 0x00, 0x00, 0x00, 0x02, 0x00, 0x00, 0x00, 0x30, 0x40, 0x00, 0x00,
    0x90, 0x20, 0x00, 0x00, 0x31, 0x40, 0x00, 0x00, 0x10, 0xe9, 0x02, 0x00,
    0x32, 0x40, 0x00, 0x00, 0x30, 0x02, 0x00, 0x00, 0x10, 0x00, 0x00, 0x00,
    0x00, 0x40, 0x00, 0x00, 0x60, 0x75, 0x01, 0x00, 0x00, 0x01, 0x03, 0x00,
    0x01, 0x01, 0x01, 0x00, 0x03, 0x01, 0x03, 0x00, 0x02, 0x01, 0x01, 0x00,
    0x10, 0x40, 0x00, 0x00, 0x00, 0x00, 0x00, 0x00, 0x21, 0x01, 0x06, 0x00,
    0x20, 0x01, 0x02, 0x00, 0x20, 0x40, 0x00, 0x00, 0xb0, 0xe9, 0x02, 0x00,
    0x21, 0x40, 0x00, 0x00, 0x90, 0x01, 0x00, 0x00, 0x22, 0x40, 0x00, 0x00,
    0x10, 0xe9, 0x02, 0x00, 0x16, 0x01, 0x19, 0x00, 0x15, 0x01, 0x05, 0x00,
    0x11, 0x00, 0x00, 0x00, 0x03, 0x00, 0x00, 0x00, 0x30, 0x40, 0x00, 0x00,
    0xc0, 0x22, 0x00, 0x00, 0x31, 0x40, 0x00, 0x00, 0x20, 0xe7, 0x02, 0x00,
    0x32, 0x40, 0x00, 0x00, 0xf0, 0x01, 0x00, 0x00, 0x10, 0x00, 0x00, 0x00,
    0x00, 0x40, 0x00, 0x00, 0x00, 0x00, 0x00, 0x00, 0x00, 0x01, 0x00, 0x00,
    0x01, 0x01, 0x00, 0x00, 0x03, 0x01, 0x00, 0x00, 0x02, 0x01, 0x00, 0x00,
    0x10, 0x40, 0x00, 0x00, 0xc0, 0x71, 0x01, 0x00, 0x21, 0x01, 0x00, 0x00,
    0x20, 0x01, 0x00, 0x00, 0x20, 0x40, 0x00, 0x00, 0xc0, 0xe7, 0x02, 0x00,
    0x21, 0x40, 0x00, 0x00, 0x50, 0x01, 0x00, 0x00, 0x22, 0x40, 0x00, 0x00,
    0x20, 0xe7, 0x02, 0x00, 0x16, 0x01, 0x03, 0x00, 0x15, 0x01, 0x39, 0x00,
    0x11, 0x00, 0x00, 0x00, 0x02, 0x00, 0x00, 0x00, 0x30, 0x40, 0x00, 0x00,
    0xb0, 0x24, 0x00, 0x00, 0x31, 0x40, 0x00, 0x00, 0x70, 0xe5, 0x02, 0x00,
    0x32, 0x40, 0x00, 0x00, 0xb0, 0x01, 0x00, 0x00, 0x12, 0x00, 0x01, 0x00,
    0x10, 0x00, 0x00, 0x00, 0x00, 0x40, 0x00, 0x00, 0xc0, 0x71, 0x01, 0x00,
    0x00, 0x01, 0x01, 0x00, 0x01, 0x01, 0x02, 0x00, 0x03, 0x01, 0x01, 0x00,
    0x02, 0x01, 0x02, 0x00, 0x10, 0x40, 0x00, 0x00, 0x00, 0x00, 0x00, 0x00,
    0x21, 0x01, 0x02, 0x00, 0x20, 0x01, 0x04, 0x00, 0x20, 0x40, 0x00, 0x00,
    0x10, 0xe6, 0x02, 0x00, 0x21, 0x40, 0x00, 0x00, 0x10, 0x01, 0x00, 0x00,
    0x22, 0x40, 0x00, 0x00, 0x70, 0xe5, 0x02, 0x00, 0x16, 0x01, 0x07, 0x00,
    0x15, 0x01, 0x13, 0x00, 0x11, 0x00, 0x00, 0x00, 0x03, 0x00, 0x00, 0x00,
    0x30, 0x40, 0x00, 0x00, 0x60, 0x26, 0x00, 0x00, 0x31, 0x40, 0x00, 0x00,
    0x80, 0xe3, 0x02, 0x00, 0x32, 0x40, 0x00, 0x00, 0xf0, 0x01, 0x00, 0x00,
    0x10, 0x00, 0x00, 0x00, 0x00, 0x40, 0x00, 0x00, 0x00, 0x00, 0x00, 0x00,
    0x00, 0x01, 0x00, 0x00, 0x01, 0x01, 0x00, 0x00, 0x03, 0x01, 0x00, 0x00,
    0x02, 0x01, 0x00, 0x00, 0x10, 0x40, 0x00, 0x00, 0xc0, 0x71, 0x01, 0x00,
    0x21, 0x01, 0x00, 0x00, 0x20, 0x01, 0x00, 0x00, 0x20, 0x40, 0x00, 0x00,
    0x20, 0xe4, 0x02, 0x00, 0x21, 0x40, 0x00, 0x00, 0x50, 0x01, 0x00, 0x00,
    0x22, 0x40, 0x00, 0x00, 0x80, 0xe3, 0x02, 0x00, 0x16, 0x01, 0x03, 0x00,
    0x15, 0x01, 0x39, 0x00, 0x11, 0x00, 0x00, 0x00, 0x02, 0x00, 0x00, 0x00,
    0x30, 0x40, 0x00, 0x00, 0x50, 0x28, 0x00, 0x00, 0x31, 0x40, 0x00, 0x00,
    0x70, 0xe5, 0x02, 0x00, 0x32, 0x40, 0x00, 0x00, 0xa0, 0x01, 0x00, 0x00,
    0x12, 0x00, 0x01, 0x00, 0x10, 0x00, 0x00, 0x00, 0x00, 0x40, 0x00, 0x00,
    0xc0, 0x71, 0x01, 0x00, 0x00, 0x01, 0x02, 0x00, 0x01, 0x01, 0x01, 0x00,
    0x03, 0x01, 0x02, 0x00, 0x02, 0x01, 0x01, 0x00, 0x10, 0x40, 0x00, 0x00,
    0x60, 0x2f, 0x00, 0x00, 0x13, 0x01, 0x00, 0x00, 0x15, 0x40, 0x00, 0x00,
    0x3a, 0x00, 0x00, 0x00, 0x14, 0x40, 0x00, 0x00, 0x01, 0x00, 0x00, 0x00,
    0x16, 0x40, 0x00, 0x00, 0x01, 0x00, 0x00, 0x00, 0x18, 0x01, 0x78, 0x00,
    0x14, 0x01, 0x01, 0x00, 0x21, 0x01, 0x04, 0x00, 0x20, 0x01, 0x02, 0x00,
    0x22, 0x01, 0x04, 0x00, 0x20, 0x40, 0x00, 0x00, 0x80, 0xe5, 0x02, 0x00,
    0x21, 0x40, 0x00, 0x00, 0x90, 0x01, 0x00, 0x00, 0x22, 0x40, 0x00, 0x00,
    0x70, 0xe5, 0x02, 0x00, 0x23, 0x40, 0x00, 0x00, 0x10, 0x00, 0x00, 0x00,
    0x16, 0x01, 0x11, 0x00, 0x15, 0x01, 0x0d, 0x00, 0x17, 0x01, 0x07, 0x00,
    0x0d, 0x01, 0x12, 0x00, 0x2d, 0x01, 0x1e, 0x00, 0x11, 0x00, 0x00, 0x00,
    0x02, 0x00, 0x00, 0x00, 0x30, 0x40, 0x00, 0x00, 0xf0, 0x29, 0x00, 0x00,
    0x31, 0x40, 0x00, 0x00, 0x00, 0x00, 0x00, 0x00, 0x32, 0x40, 0x00, 0x00,
    0x20, 0x01, 0x00, 0x00, 0x12, 0x00, 0x01, 0x00, 0x10, 0x00, 0x00, 0x00,
    0x00, 0x01, 0x01, 0x00, 0x03, 0x01, 0x01, 0x00, 0x10, 0x40, 0x00, 0x00,
    0x20, 0x01, 0x00, 0x00, 0x18, 0x01, 0x66, 0x00, 0x21, 0x01, 0x02, 0x00,
    0x20, 0x40, 0x00, 0x00, 0x10, 0x00, 0x00, 0x00, 0x21, 0x40, 0x00, 0x00,
    0x10, 0x01, 0x00, 0x00, 0x22, 0x40, 0x00, 0x00, 0x00, 0x00, 0x00, 0x00,
    0x16, 0x01, 0x0f, 0x00, 0x15, 0x01, 0x0f, 0x00, 0x11, 0x00, 0x00, 0x00,
    0x02, 0x00, 0x00, 0x00, 0x30, 0x40, 0x00, 0x00, 0x10, 0x2b, 0x00, 0x00,
    0x31, 0x40, 0x00, 0x00, 0x80, 0x46, 0x00, 0x00, 0x32, 0x40, 0x00, 0x00,
    0xa0, 0x01, 0x00, 0x00, 0x10, 0x00, 0x00, 0x00, 0x01, 0x01, 0x02, 0x00,
    0x02, 0x01, 0x02, 0x00, 0x10, 0x40, 0x00, 0x00, 0x40, 0x18, 0x00, 0x00,
    0x18, 0x01, 0x76, 0x00, 0x20, 0x01, 0x04, 0x00, 0x20, 0x40, 0x00, 0x00,
    0x90, 0x46, 0x00, 0x00, 0x21, 0x40, 0x00, 0x00, 0x90, 0x01, 0x00, 0x00,
    0x22, 0x40, 0x00, 0x00, 0x80, 0x46, 0x00, 0x00, 0x16, 0x01, 0x0b, 0x00,
    0x15, 0x01, 0x13, 0x00, 0x11, 0x00, 0x00, 0x00, 0x02, 0x00, 0x00, 0x00,
    0x30, 0x40, 0x00, 0x00, 0xb0, 0x2c, 0x00, 0x00, 0x31, 0x40, 0x00, 0x00,
    0x20, 0x48, 0x00, 0x00, 0x32, 0x40, 0x00, 0x00, 0x40, 0x00, 0x00, 0x00,
    0x10, 0x00, 0x00, 0x00, 0x00, 0x01, 0x00, 0x00, 0x01, 0x01, 0x00, 0x00,
    0x03, 0x01, 0x00, 0x00, 0x02, 0x01, 0x00, 0x00, 0x10, 0x40, 0x00, 0x00,
    0xa0, 0x5d, 0x00, 0x00, 0x18, 0x01, 0x7f, 0x00, 0x21, 0x01, 0x00, 0x00,
    0x20, 0x01, 0x00, 0x00, 0x22, 0x01, 0x00, 0x00, 0x20, 0x40, 0x00, 0x00,
    0x30, 0x48, 0x00, 0x00, 0x21, 0x40, 0x00, 0x00, 0x30, 0x00, 0x00, 0x00,
    0x22, 0x40, 0x00, 0x00, 0x20, 0x48, 0x00, 0x00, 0x16, 0x01, 0x03, 0x00,
    0x15, 0x01, 0x39, 0x00, 0x0d, 0x01, 0x0a, 0x00, 0x11, 0x00, 0x00, 0x00,
    0x02, 0x00, 0x00, 0x00, 0x30, 0x40, 0x00, 0x00, 0xf0, 0x2c, 0x00, 0x00,
    0x31, 0x40, 0x00, 0x00, 0x00, 0x00, 0x00, 0x00, 0x32, 0x40, 0x00, 0x00,
    0x20, 0x01, 0x00, 0x00, 0x10, 0x00, 0x00, 0x00, 0x00, 0x01, 0x01, 0x00,
    0x01, 0x01, 0x01, 0x00, 0x03, 0x01, 0x01, 0x00, 0x02, 0x01, 0x01, 0x00,
    0x10, 0x40, 0x00, 0x00, 0x80, 0x46, 0x00, 0x00, 0x18, 0x01, 0x7a, 0x00,
    0x21, 0x01, 0x02, 0x00, 0x20, 0x01, 0x02, 0x00, 0x22, 0x01, 0x04, 0x00,
    0x20, 0x40, 0x00, 0x00, 0x10, 0x00, 0x00, 0x00, 0x21, 0x40, 0x00, 0x00,
    0x10, 0x01, 0x00, 0x00, 0x22, 0x40, 0x00, 0x00, 0x00, 0x00, 0x00, 0x00,
    0x16, 0x01, 0x0f, 0x00, 0x15, 0x01, 0x0f, 0x00, 0x0d, 0x01, 0x12, 0x00,
    0x11, 0x00, 0x00, 0x00, 0x02, 0x00, 0x00, 0x00, 0x00, 0x00, 0xff, 0xff,
};

static const uint8_t g_rf_v31_main_weights[RF_V31_MAIN_WEIGHT_BYTES]
    RF_V31_ALIGN RF_V31_WEIGHT_SECTION = {
    0x9d, 0xff, 0xff, 0xff, 0xff, 0x18, 0x32, 0x9f, 0x41, 0x23, 0x01, 0x00,
    0x00, 0x00, 0x00, 0xb3, 0x18, 0x0d, 0x4d, 0x23, 0xa2, 0x00, 0x00, 0x00,
    0x00, 0x3c, 0xcc, 0x39, 0x44, 0x23, 0x0f, 0x00, 0x00, 0x00, 0x00, 0x89,
    0xb3, 0xc6, 0x55, 0x24, 0xcc, 0xff, 0xff, 0xff, 0xff, 0xa2, 0x54, 0x10,
    0x5b, 0x24, 0xcc, 0xff, 0xff, 0xff, 0xff, 0x33, 0x8a, 0x5f, 0x75, 0x24,
    0xd8, 0xff, 0xff, 0xff, 0xff, 0x96, 0xaf, 0x5f, 0x4f, 0x24, 0xcc, 0x02,
    0x00, 0x00, 0x00, 0x0b, 0xfd, 0x80, 0x4a, 0x24, 0xcf, 0xfe, 0xff, 0xff,
    0xff, 0xbf, 0x28, 0xc6, 0x55, 0x24, 0x93, 0x00, 0x00, 0x00, 0x00, 0x20,
    0x33, 0xb6, 0x74, 0x24, 0xb9, 0xff, 0xff, 0xff, 0xff, 0x84, 0x0e, 0xbe,
    0x55, 0x24, 0x4e, 0x00, 0x00, 0x00, 0x00, 0x98, 0xa8, 0x57, 0x77, 0x24,
    0x86, 0xff, 0xff, 0xff, 0xff, 0x88, 0x30, 0xe5, 0x71, 0x24, 0x06, 0x01,
    0x00, 0x00, 0x00, 0x0b, 0x3f, 0xc5, 0x62, 0x24, 0x47, 0x00, 0x00, 0x00,
    0x00, 0x9a, 0xd0, 0x79, 0x7a, 0x24, 0x61, 0xff, 0xff, 0xff, 0xff, 0x6d,
    0x9d, 0xa5, 0x45, 0x23, 0xf8, 0x05, 0x5c, 0x01, 0x0c, 0x0f, 0x0f, 0xdf,
    0x05, 0x18, 0xc1, 0xaf, 0xa8, 0x91, 0x14, 0x00, 0x0f, 0x7f, 0x86, 0x43,
    0xfd, 0xfa, 0x4a, 0x5c, 0x03, 0x0f, 0x7f, 0xe6, 0xb2, 0x22, 0xa6, 0xd1,
    0xff, 0xc5, 0x0a, 0x0f, 0x5a, 0xe0, 0xfc, 0x81, 0xe2, 0x44, 0x4a, 0x23,
    0x0f, 0x0f, 0x0f, 0xdc, 0x0a, 0xa6, 0x55, 0xbb, 0x60, 0x4c, 0xfd, 0x0f,
    0x8f, 0xd2, 0xa9, 0xf1, 0xdb, 0xb5, 0x3f, 0xcd, 0x0f, 0x0f, 0xae, 0x06,
    0x9f, 0xfc, 0x5f, 0xd5, 0x65, 0x93, 0x0f, 0x0f, 0x0f, 0x4d, 0x1b, 0x37,
    0xb5, 0xfc, 0x6a, 0x51, 0x47, 0x0f, 0xdf, 0xa5, 0xe0, 0xa0, 0x45, 0x02,
    0x00, 0xf1, 0x04, 0x0f, 0x32, 0x64, 0x3e, 0x3e, 0x84, 0x34, 0xfb, 0x83,
    0x0f, 0x0f, 0x0f, 0x7d, 0x58, 0x65, 0xaa, 0x8f, 0x22, 0xc4, 0x13, 0x0f,
    0xaf, 0x94, 0xe5, 0x3d, 0xf8, 0x52, 0x34, 0xd1, 0xf5, 0xff, 0x74, 0x41,
    0xfc, 0x9c, 0x9c, 0x15, 0xfc, 0x2c, 0xff, 0xff, 0xff, 0xff, 0xff, 0xff,
    0x0f, 0x0f, 0x0f, 0x0f, 0xaf, 0xc0, 0x9f, 0x91, 0x83, 0xb1, 0xec, 0x7d,
    0x0f, 0x0f, 0x33, 0x60, 0xdf, 0xb4, 0x60, 0x88, 0xfc, 0x3f, 0x0f, 0x0f,
    0x0f, 0xfc, 0x75, 0x52, 0x0a, 0x2e, 0xb1, 0x54, 0x3b, 0x0f, 0x0f, 0x77,
    0x33, 0x87, 0xbd, 0x81, 0x60, 0x17, 0x05, 0x0f, 0x37, 0x00, 0x52, 0xe5,
    0x04, 0x46, 0xb1, 0x35, 0x0f, 0x0f, 0x0f, 0x17, 0x70, 0x1c, 0x77, 0x97,
    0xbc, 0x9e, 0xc4, 0x0f, 0x7f, 0xac, 0xf7, 0x0d, 0xd0, 0x90, 0x76, 0xa9,
    0x02, 0x0f, 0x47, 0xb0, 0x0d, 0x8e, 0x20, 0x41, 0x30, 0x41, 0x0f, 0x0f,
    0x0f, 0xb3, 0x33, 0xd3, 0xab, 0xfc, 0x5d, 0x8f, 0x9e, 0x0f, 0x3f, 0xc9,
    0xd4, 0xc9, 0x9f, 0x2c, 0xca, 0x83, 0x02, 0x0f, 0xc0, 0x9e, 0x97, 0x13,
    0x54, 0x8f, 0x6d, 0xfd, 0xff, 0xff, 0xff, 0xff, 0xff, 0xff, 0xff, 0xff,
    0x0f, 0xff, 0xff, 0xff, 0xff, 0xff, 0xff, 0xff, 0xff, 0xff, 0xff, 0xff,
    0x9f, 0x0f, 0x00, 0x00, 0x00, 0x80, 0xd6, 0x87, 0x50, 0x26, 0x29, 0x07,
    0x00, 0x00, 0x00, 0x80, 0x11, 0x6a, 0x43, 0x25, 0xca, 0x04, 0x00, 0x00,
    0x00, 0x80, 0xbb, 0xda, 0x6a, 0x26, 0x84, 0xfd, 0xff, 0xff, 0xff, 0x00,
    0x2a, 0x24, 0x6f, 0x26, 0x5d, 0xfd, 0xff, 0xff, 0xff, 0x80, 0x34, 0xc3,
    0x44, 0x25, 0x4e, 0x10, 0x00, 0x00, 0x00, 0x00, 0x58, 0x0e, 0x67, 0x26,
    0xa8, 0xf5, 0xff, 0xff, 0xff, 0x80, 0xce, 0x7e, 0x66, 0x26, 0x4c, 0x00,
    0x00, 0x00, 0x00, 0x80, 0xae, 0x98, 0x56, 0x26, 0xf4, 0x0a, 0x00, 0x00,
    0x00, 0x00, 0xe3, 0x60, 0x68, 0x26, 0x9a, 0x04, 0x00, 0x00, 0x00, 0x00,
    0xd1, 0x62, 0x43, 0x25, 0x8b, 0xf6, 0xff, 0xff, 0xff, 0x80, 0xfa, 0x8c,
    0x67, 0x26, 0x4e, 0x27, 0x00, 0x00, 0x00, 0x00, 0xef, 0x97, 0x56, 0x27,
    0x53, 0x01, 0x00, 0x00, 0x00, 0x80, 0x16, 0xd0, 0x7b, 0x26, 0xd5, 0x05,
    0x00, 0x00, 0x00, 0x00, 0xbc, 0xde, 0x59, 0x26, 0xce, 0x27, 0x00, 0x00,
    0x00, 0x80, 0x84, 0x39, 0x62, 0x27, 0x7c, 0x20, 0x00, 0x00, 0x00, 0x00,
    0xba, 0xed, 0x68, 0x27, 0x68, 0x0a, 0xdc, 0x01, 0x0c, 0x00, 0x7e, 0x60,
    0x1f, 0x2a, 0x6f, 0x90, 0x37, 0x06, 0x00, 0x20, 0x5e, 0x85, 0xf5, 0x3c,
    0xa2, 0x61, 0x81, 0x07, 0x00, 0x66, 0x0c, 0x99, 0xd1, 0x21, 0xf5, 0x46,
    0x05, 0x1a, 0xd9, 0x23, 0x36, 0x5f, 0x7a, 0x8c, 0xfb, 0x00, 0x60, 0x45,
    0x34, 0xd3, 0x27, 0x35, 0x80, 0xba, 0x0e, 0x00, 0x75, 0x01, 0x8f, 0x60,
    0x0e, 0x55, 0x76, 0x5b, 0x35, 0xfb, 0x3a, 0x01, 0x31, 0x8a, 0x8e, 0xd9,
    0x00, 0xa0, 0x82, 0x67, 0x26, 0x2f, 0xe7, 0x94, 0xb6, 0x0e, 0x00, 0xf7,
    0x90, 0xfb, 0xc6, 0x47, 0x13, 0x31, 0x3a, 0xfc, 0x18, 0x9e, 0x52, 0x85,
    0x58, 0xcd, 0xba, 0x00, 0xf0, 0xf1, 0x82, 0xf1, 0x9b, 0xcc, 0x6f, 0xc8,
    0x09, 0x00, 0x8f, 0xc6, 0x41, 0xfb, 0x1d, 0x21, 0x6f, 0x55, 0x98, 0x01,
    0xc1, 0x1a, 0x3b, 0x67, 0x99, 0x85, 0x00, 0x60, 0x35, 0xa1, 0x89, 0x96,
    0x69, 0x17, 0xe6, 0x01, 0x00, 0x3a, 0x07, 0x29, 0x73, 0x56, 0x74, 0x59,
    0x66, 0x7e, 0x5c, 0x4b, 0x39, 0xfc, 0x91, 0x56, 0x1d, 0x80, 0xe0, 0xa6,
    0xa4, 0xb1, 0x70, 0xc2, 0x2e, 0xa3, 0x14, 0x00, 0x59, 0x6f, 0xb8, 0x9d,
    0xd3, 0xfb, 0x5a, 0x12, 0x6c, 0xa6, 0x66, 0x88, 0x37, 0x86, 0x24, 0x66,
    0x00, 0x40, 0xf8, 0xc1, 0xb7, 0xf5, 0xca, 0x2a, 0x2a, 0xf1, 0xff, 0x2c,
    0x05, 0x31, 0x13, 0x1f, 0x5e, 0xa2, 0xfb, 0xff, 0xdf, 0xc9, 0xdf, 0x48,
    0xc1, 0xd9, 0x40, 0x19, 0x0d, 0x00, 0x00, 0xc0, 0xe2, 0x3c, 0x98, 0x0d,
    0xf2, 0xa2, 0x6a, 0x02, 0x00, 0x79, 0xaa, 0x7a, 0x5c, 0x24, 0x3e, 0x49,
    0x0e, 0x9e, 0x42, 0x72, 0x8a, 0xe0, 0x6c, 0x8d, 0x47, 0x00, 0x10, 0xaf,
    0x97, 0x56, 0x8c, 0x9c, 0xed, 0xa5, 0x03, 0x00, 0x9f, 0x00, 0xd6, 0x20,
    0xda, 0xd0, 0x11, 0x66, 0x05, 0xa0, 0x11, 0x7c, 0x15, 0xa1, 0x12, 0x5a,
    0x00, 0xc0, 0x36, 0x0a, 0x9c, 0x85, 0x64, 0x28, 0x06, 0x06, 0x00, 0xfc,
    0x3c, 0x17, 0x91, 0xa9, 0xa0, 0xfb, 0x44, 0xae, 0xaa, 0x53, 0xf0, 0x50,
    0xda, 0x76, 0x28, 0x00, 0x20, 0x69, 0x05, 0x02, 0x08, 0xc6, 0x74, 0x11,
    0x03, 0x00, 0x4e, 0x0d, 0xfc, 0x2a, 0x15, 0xaa, 0x1a, 0x30, 0x52, 0xd4,
    0x9f, 0xfc, 0x6d, 0x5d, 0x8d, 0x31, 0x00, 0x50, 0xdf, 0x11, 0xe9, 0x72,
    0xc2, 0x69, 0xed, 0x02, 0x00, 0x7b, 0x51, 0x08, 0x03, 0xfc, 0x44, 0x0f,
    0x39, 0x0f, 0x10, 0x8b, 0x83, 0x3a, 0x0d, 0x96, 0x46, 0x00, 0xf0, 0x2e,
    0x32, 0x97, 0x71, 0x64, 0x26, 0x6b, 0x09, 0x00, 0x69, 0x47, 0x66, 0x0a,
    0xf4, 0xfc, 0x30, 0x4f, 0xde, 0x29, 0x2d, 0x8d, 0x1c, 0xc8, 0x5f, 0x6a,
    0x00, 0xb0, 0x84, 0x4a, 0x07, 0xa1, 0xd3, 0xe0, 0xf9, 0xf5, 0xff, 0x4f,
    0x19, 0x09, 0x45, 0x1a, 0x78, 0xff, 0x0f, 0x00, 0xff, 0xff, 0xff, 0xff,
    0xff, 0xff, 0xff, 0xff, 0xff, 0xff, 0xff, 0xff, 0x62, 0xfc, 0xff, 0xff,
    0xff, 0x80, 0xc1, 0x05, 0x6d, 0x26, 0xbb, 0x0b, 0x00, 0x00, 0x00, 0x80,
    0xfd, 0x9a, 0x66, 0x26, 0xc3, 0xef, 0xff, 0xff, 0xff, 0x00, 0xcf, 0x70,
    0x52, 0x26, 0xd9, 0x0a, 0x00, 0x00, 0x00, 0x00, 0xed, 0x97, 0x50, 0x26,
    0xa6, 0x0a, 0x00, 0x00, 0x00, 0x80, 0x74, 0xc4, 0x72, 0x26, 0x3c, 0x1d,
    0x00, 0x00, 0x00, 0x80, 0x20, 0xc0, 0x52, 0x26, 0x14, 0x10, 0x00, 0x00,
    0x00, 0x00, 0xbe, 0xbd, 0x53, 0x26, 0xff, 0xfa, 0xff, 0xff, 0xff, 0x80,
    0x0f, 0x7a, 0x5c, 0x26, 0xee, 0xf9, 0xff, 0xff, 0xff, 0x80, 0x7a, 0x63,
    0x4e, 0x26, 0x8e, 0xf8, 0xff, 0xff, 0xff, 0x00, 0xa2, 0xa4, 0x5c, 0x26,
    0xbb, 0xfb, 0xff, 0xff, 0xff, 0x00, 0x34, 0x1b, 0x55, 0x26, 0x34, 0x0f,
    0x00, 0x00, 0x00, 0x80, 0x49, 0x09, 0x6c, 0x26, 0xd7, 0x01, 0x00, 0x00,
    0x00, 0x80, 0xa8, 0x92, 0x78, 0x26, 0x4a, 0x0b, 0x00, 0x00, 0x00, 0x80,
    0xc3, 0xac, 0x42, 0x25, 0xde, 0x17, 0x00, 0x00, 0x00, 0x80, 0xb5, 0xb1,
    0x57, 0x26, 0x7d, 0x14, 0x00, 0x00, 0x00, 0x80, 0xbb, 0xf5, 0x6a, 0x26,
    0xf0, 0x07, 0x5c, 0x01, 0x0c, 0x00, 0x6f, 0xd0, 0xfd, 0x44, 0x60, 0xf5,
    0xd6, 0x52, 0x00, 0x00, 0x99, 0x4c, 0xe4, 0x74, 0xe6, 0x30, 0x7d, 0x03,
    0x00, 0x11, 0xa8, 0xb6, 0x13, 0xf4, 0x43, 0x02, 0x25, 0x6a, 0x05, 0x4d,
    0x68, 0xc8, 0x46, 0x9a, 0xfd, 0x00, 0x70, 0x1e, 0xa0, 0xdb, 0xec, 0xd8,
    0xf9, 0x31, 0x05, 0x00, 0x7c, 0x31, 0xfd, 0xf7, 0xeb, 0xd5, 0x8d, 0x3d,
    0x48, 0xb7, 0x0e, 0xb5, 0xfd, 0x0a, 0x1b, 0x3b, 0x00, 0x50, 0xd7, 0xcf,
    0xf9, 0x13, 0xf5, 0xa6, 0xc5, 0x09, 0x00, 0x01, 0x8a, 0x3a, 0x5c, 0x35,
    0x4a, 0x2e, 0x1b, 0x18, 0xfd, 0x0c, 0x2d, 0xe8, 0x51, 0x0e, 0x2b, 0x00,
    0xd0, 0x17, 0xa5, 0x8d, 0xcb, 0xbf, 0x54, 0x14, 0x02, 0x00, 0x08, 0xc9,
    0x6d, 0xa3, 0x1c, 0xba, 0xdb, 0x21, 0x07, 0xfc, 0x0b, 0x3c, 0x27, 0x47,
    0x91, 0x0b, 0x00, 0x30, 0x11, 0xb3, 0xf1, 0xb1, 0xe5, 0x4b, 0xa4, 0x08,
    0xf0, 0x74, 0x09, 0xee, 0x40, 0xad, 0x5a, 0x7f, 0xb6, 0xff, 0x5f, 0x6a,
    0xe9, 0x26, 0x16, 0x01, 0x8b, 0xc3, 0xf8, 0xff, 0x8d, 0x35, 0x05, 0x18,
    0x00, 0x67, 0x94, 0xf3, 0xff, 0xff, 0xff, 0xff, 0xff, 0xff, 0xff, 0xff,
    0xff, 0xff, 0xff, 0xff, 0x0f, 0x00, 0x00, 0x25, 0x20, 0x88, 0xb9, 0x36,
    0x2f, 0x5e, 0x2b, 0x20, 0x40, 0x1d, 0xa6, 0xa3, 0x42, 0xca, 0x77, 0xcc,
    0x0f, 0x00, 0x12, 0x0e, 0xb4, 0xfd, 0x22, 0x6b, 0x21, 0xfd, 0xd3, 0x54,
    0x87, 0xa2, 0x0c, 0xa5, 0x7c, 0x5f, 0x00, 0xd0, 0x5d, 0xf2, 0x66, 0x93,
    0x93, 0xd6, 0x65, 0x04, 0x00, 0x0a, 0x0b, 0x5f, 0xa3, 0x06, 0xc6, 0xfd,
    0x42, 0x97, 0xfd, 0x46, 0x35, 0x77, 0xc8, 0x99, 0xe6, 0x00, 0xf0, 0xc7,
    0x4f, 0x62, 0x4c, 0x96, 0x40, 0x84, 0x0f, 0x00, 0xab, 0x14, 0xfd, 0xb4,
    0x85, 0xc8, 0xf2, 0xd3, 0x8a, 0x61, 0x85, 0x2d, 0xc0, 0xd1, 0xd9, 0xd7,
    0x00, 0x90, 0x4f, 0x86, 0x40, 0x61, 0x57, 0x90, 0xaa, 0x08, 0x00, 0x1a,
    0x0f, 0xcc, 0x3d, 0x00, 0x66, 0x45, 0x4e, 0x6a, 0x32, 0x42, 0xfc, 0x85,
    0x63, 0x4f, 0x1e, 0x00, 0xb0, 0x71, 0x43, 0x98, 0x3c, 0x9d, 0xb0, 0x34,
    0xf5, 0xff, 0x99, 0x68, 0x20, 0x13, 0x78, 0x7d, 0x25, 0xff, 0xff, 0xff,
    0xff, 0xff, 0xff, 0xff, 0xff, 0xff, 0xff, 0xff, 0xff, 0xff, 0xff, 0x0f,
    0xff, 0xff, 0xff, 0xff, 0xff, 0xff, 0xff, 0xff, 0xff, 0xff, 0xff, 0xff,
    0x93, 0xf4, 0xff, 0xff, 0xff, 0x80, 0xe7, 0xec, 0x41, 0x26, 0x8c, 0x16,
    0x00, 0x00, 0x00, 0x80, 0x1b, 0x6d, 0x78, 0x26, 0x89, 0xee, 0xff, 0xff,
    0xff, 0x80, 0x3e, 0x15, 0x54, 0x26, 0x18, 0x08, 0x00, 0x00, 0x00, 0x80,
    0x94, 0x6c, 0x63, 0x26, 0xba, 0x1a, 0x00, 0x00, 0x00, 0x00, 0x39, 0x16,
    0x54, 0x26, 0x4a, 0x0f, 0x00, 0x00, 0x00, 0x80, 0x5e, 0x22, 0x4c, 0x25,
    0x09, 0x0b, 0x00, 0x00, 0x00, 0x00, 0x68, 0x4a, 0x7f, 0x26, 0xab, 0xf6,
    0xff, 0xff, 0xff, 0x00, 0xe1, 0x52, 0x4d, 0x26, 0x24, 0x0c, 0x00, 0x00,
    0x00, 0x00, 0x31, 0xcd, 0x66, 0x26, 0xc2, 0x00, 0x00, 0x00, 0x00, 0x00,
    0xd9, 0x92, 0x44, 0x25, 0x9c, 0xf4, 0xff, 0xff, 0xff, 0x00, 0xbc, 0x6f,
    0x65, 0x26, 0xc6, 0xff, 0xff, 0xff, 0xff, 0x80, 0xe8, 0x8e, 0x47, 0x25,
    0xf9, 0xe9, 0xff, 0xff, 0xff, 0x80, 0x67, 0x04, 0x49, 0x26, 0xa7, 0x1a,
    0x00, 0x00, 0x00, 0x80, 0x9e, 0x43, 0x41, 0x26, 0x6f, 0xe0, 0xff, 0xff,
    0xff, 0x00, 0x43, 0x64, 0x65, 0x26, 0x48, 0x19, 0x00, 0x00, 0x00, 0x80,
    0x69, 0xe6, 0x5c, 0x26, 0xfe, 0x07, 0x5c, 0x00, 0x2c, 0x2c, 0xc0, 0xa2,
    0xd3, 0x85, 0x96, 0x81, 0x88, 0xad, 0x66, 0x84, 0x51, 0x54, 0x70, 0xfa,
    0xef, 0x31, 0x05, 0xa2, 0x34, 0xfb, 0x7f, 0x62, 0xe0, 0x6f, 0xe0, 0xdf,
    0x74, 0x60, 0x63, 0xea, 0xc6, 0x32, 0x47, 0xb5, 0xe8, 0x72, 0x66, 0x4a,
    0xd5, 0x98, 0x9a, 0xa9, 0x39, 0x47, 0x4d, 0xc5, 0xe0, 0xfa, 0xa1, 0xe2,
    0x6f, 0xd3, 0x30, 0x05, 0xf2, 0xb3, 0x27, 0x44, 0x74, 0xbf, 0xfa, 0x5f,
    0x98, 0xf5, 0xaf, 0x05, 0xf7, 0x42, 0xf2, 0x81, 0xef, 0x45, 0x82, 0x36,
    0xbb, 0x6b, 0xc1, 0x25, 0x98, 0x3d, 0x42, 0x54, 0xaa, 0x91, 0x55, 0x91,
    0x8f, 0x59, 0x5c, 0xf5, 0xf2, 0xa0, 0xc8, 0x03, 0x05, 0xa4, 0x0b, 0x73,
    0xe0, 0x7f, 0x38, 0xb9, 0xe4, 0x72, 0x4e, 0xf2, 0x33, 0xdb, 0xb8, 0xa8,
    0x9e, 0xc6, 0x74, 0xd5, 0x2a, 0x94, 0xe9, 0x00, 0x16, 0x10, 0x10, 0x10,
    0x10, 0x10, 0x10, 0x10, 0x50, 0x5d, 0xdd, 0x1a, 0x54, 0x26, 0x9f, 0x39,
    0x54, 0xe1, 0x4f, 0x61, 0xf9, 0x56, 0xf3, 0xc8, 0xe8, 0xdf, 0xe0, 0xdf,
    0xe1, 0xbf, 0xe0, 0x34, 0x09, 0x8e, 0x6e, 0xab, 0xcd, 0xe5, 0x83, 0x96,
    0xfb, 0x3a, 0x80, 0xd2, 0x18, 0xf8, 0x7f, 0xf0, 0x9c, 0xf1, 0xea, 0xfa,
    0x12, 0x36, 0x07, 0x7b, 0xd9, 0x32, 0xb6, 0x13, 0xe7, 0xb0, 0x0f, 0x1c,
    0xe8, 0x97, 0x50, 0x32, 0x2b, 0xa6, 0x02, 0x94, 0x27, 0x30, 0x87, 0x31,
    0xe8, 0xe5, 0x31, 0x0d, 0xd8, 0x44, 0xb2, 0x86, 0xcd, 0x17, 0x4f, 0xf6,
    0x9f, 0x1c, 0xc0, 0x12, 0x87, 0xb4, 0x8b, 0x3c, 0x5b, 0x57, 0xe2, 0x95,
    0x80, 0xbb, 0xec, 0x1f, 0x05, 0x97, 0x57, 0x18, 0xa2, 0xde, 0x27, 0x28,
    0x9c, 0x6c, 0xa7, 0x24, 0xc3, 0x12, 0x82, 0x8b, 0x13, 0x23, 0xa7, 0xe5,
    0x4f, 0xe7, 0x64, 0x81, 0x1a, 0x10, 0x10, 0x10, 0x10, 0x10, 0x10, 0x10,
    0xf0, 0xff, 0xff, 0xff, 0xff, 0xff, 0xff, 0xff, 0xff, 0xff, 0xff, 0xff,
    0x8c, 0xfb, 0xff, 0xff, 0xff, 0x80, 0x51, 0xec, 0x4e, 0x26, 0x90, 0xf8,
    0xff, 0xff, 0xff, 0x80, 0x09, 0x36, 0x64, 0x26, 0x20, 0x0d, 0x00, 0x00,
    0x00, 0x00, 0xd5, 0xaf, 0x67, 0x26, 0x32, 0xe0, 0xff, 0xff, 0xff, 0x00,
    0x9a, 0x2f, 0x53, 0x26, 0x63, 0xe3, 0xff, 0xff, 0xff, 0x00, 0x27, 0x30,
    0x5d, 0x26, 0xb8, 0xf1, 0xff, 0xff, 0xff, 0x00, 0x5f, 0x09, 0x5d, 0x26,
    0xc0, 0x00, 0x00, 0x00, 0x00, 0x80, 0xf8, 0xc1, 0x4f, 0x26, 0xb7, 0x1b,
    0x00, 0x00, 0x00, 0x00, 0x47, 0x48, 0x69, 0x26, 0x72, 0x0e, 0x00, 0x00,
    0x00, 0x00, 0xcf, 0xd3, 0x51, 0x26, 0x64, 0x08, 0x00, 0x00, 0x00, 0x80,
    0xd1, 0x3b, 0x43, 0x26, 0xd7, 0x16, 0x00, 0x00, 0x00, 0x80, 0x8e, 0x1b,
    0x7b, 0x26, 0x14, 0xf9, 0xff, 0xff, 0xff, 0x00, 0xdd, 0x65, 0x75, 0x26,
    0xa3, 0xfc, 0xff, 0xff, 0xff, 0x00, 0x82, 0x4f, 0x62, 0x26, 0x71, 0x15,
    0x00, 0x00, 0x00, 0x80, 0x66, 0x1f, 0x55, 0x26, 0x87, 0x01, 0x00, 0x00,
    0x00, 0x80, 0xe1, 0x64, 0x62, 0x26, 0x4c, 0x00, 0x00, 0x00, 0x00, 0x80,
    0x79, 0x7c, 0x40, 0x25, 0xf0, 0x07, 0x5c, 0x01, 0x0c, 0x00, 0xc1, 0xb7,
    0x93, 0xde, 0x0c, 0xfd, 0x30, 0xb0, 0x00, 0x00, 0x68, 0x26, 0x2f, 0x89,
    0xcb, 0x51, 0x25, 0x04, 0x00, 0x4a, 0x8d, 0xfd, 0x49, 0x3d, 0x6d, 0x73,
    0x07, 0x72, 0x46, 0x8a, 0xea, 0xba, 0x28, 0x94, 0x3b, 0x00, 0x30, 0x04,
    0x0c, 0x45, 0x67, 0x40, 0x85, 0x49, 0x05, 0x00, 0xa1, 0x63, 0x83, 0xb4,
    0xbd, 0xdc, 0x04, 0x56, 0xfd, 0x51, 0x8e, 0x69, 0x83, 0xd0, 0xcc, 0x80,
    0x00, 0x30, 0x38, 0xc3, 0x21, 0x36, 0x79, 0x74, 0xd9, 0x09, 0x00, 0xbe,
    0xf8, 0x55, 0x1a, 0xb8, 0xc6, 0x2f, 0x41, 0x39, 0x95, 0xfd, 0x8d, 0x1c,
    0xcd, 0x7c, 0x42, 0x00, 0xf0, 0xd0, 0xc8, 0x62, 0x4c, 0xc2, 0x71, 0x04,
    0x08, 0x00, 0xfc, 0x2c, 0x04, 0x43, 0x61, 0x30, 0x3f, 0x00, 0xeb, 0x28,
    0xfc, 0x0d, 0x1b, 0x1d, 0x3a, 0xc8, 0x00, 0xc0, 0x1f, 0x43, 0x95, 0xcb,
    0x97, 0xa4, 0x41, 0x0b, 0xf0, 0x5e, 0x6e, 0x57, 0x16, 0x6a, 0x9c, 0x23,
    0xd7, 0xff, 0xaf, 0xd8, 0x2f, 0xb0, 0x82, 0x52, 0x74, 0x7b, 0xf2, 0xff,
    0x4f, 0xb9, 0xbb, 0x05, 0xfc, 0x33, 0xb4, 0x34, 0xff, 0xff, 0xff, 0xff,
    0xff, 0xff, 0xff, 0xff, 0xff, 0xff, 0xff, 0xff, 0x0f, 0x00, 0x00, 0xee,
    0x33, 0x4f, 0x95, 0x12, 0x99, 0x3b, 0xfc, 0x00, 0x10, 0x8a, 0x2a, 0x60,
    0xf1, 0xdc, 0x9f, 0x46, 0x02, 0x00, 0x96, 0xb2, 0x4f, 0x0f, 0xfd, 0x9e,
    0x34, 0x9c, 0xc2, 0x4a, 0x79, 0x93, 0x36, 0x2a, 0x06, 0x02, 0x00, 0x10,
    0xc3, 0xa9, 0xa5, 0xd3, 0x70, 0x38, 0x2b, 0x05, 0x00, 0xa2, 0x43, 0x7a,
    0x83, 0x07, 0x5a, 0x52, 0x60, 0x02, 0x06, 0x64, 0x03, 0x93, 0x52, 0x91,
    0x67, 0x00, 0x00, 0xd1, 0xf4, 0x04, 0xa0, 0x0c, 0x91, 0xbd, 0x8a, 0x00,
    0x89, 0x00, 0xf6, 0x4f, 0x34, 0x21, 0xef, 0x22, 0x01, 0x4c, 0x00, 0x79,
    0x27, 0x6b, 0x3c, 0x64, 0x00, 0x50, 0x96, 0xd3, 0x23, 0xe8, 0x90, 0x07,
    0xb5, 0x01, 0x00, 0xdb, 0x58, 0xa2, 0xae, 0x46, 0xfd, 0x18, 0x27, 0xfc,
    0x91, 0xa5, 0x4e, 0x83, 0xd5, 0x83, 0x32, 0x00, 0xc0, 0x50, 0xb7, 0xd2,
    0xff, 0xc0, 0xd7, 0x1e, 0xf8, 0xff, 0x1d, 0x2a, 0xfc, 0x3d, 0x7e, 0xd8,
    0xa5, 0xff, 0xff, 0xff, 0xff, 0xff, 0xff, 0xff, 0xff, 0xff, 0xff, 0xff,
    0xff, 0xff, 0xff, 0x0f, 0xff, 0xff, 0xff, 0xff, 0xff, 0xff, 0xff, 0xff,
    0xff, 0xff, 0xff, 0xff, 0x80, 0x0f, 0x00, 0x00, 0x00, 0x80, 0x65, 0x80,
    0x50, 0x26, 0x4f, 0xfa, 0xff, 0xff, 0xff, 0x80, 0x35, 0xea, 0x4e, 0x26,
    0xee, 0x0d, 0x00, 0x00, 0x00, 0x80, 0xc3, 0xf6, 0x44, 0x25, 0x82, 0xf2,
    0xff, 0xff, 0xff, 0x80, 0x0a, 0x10, 0x7f, 0x27, 0xbc, 0x19, 0x00, 0x00,
    0x00, 0x00, 0x8a, 0x11, 0x66, 0x27, 0x5c, 0xf9, 0xff, 0xff, 0xff, 0x00,
    0x78, 0x87, 0x75, 0x26, 0xbf, 0x14, 0x00, 0x00, 0x00, 0x80, 0xad, 0x78,
    0x67, 0x26, 0x8a, 0x01, 0x00, 0x00, 0x00, 0x00, 0x8b, 0x2c, 0x47, 0x25,
    0x6e, 0xfe, 0xff, 0xff, 0xff, 0x00, 0x67, 0x8c, 0x70, 0x26, 0xc6, 0xf9,
    0xff, 0xff, 0xff, 0x00, 0x0c, 0xbe, 0x40, 0x26, 0x85, 0xee, 0xff, 0xff,
    0xff, 0x00, 0xa5, 0xe1, 0x42, 0x25, 0x96, 0xfc, 0xff, 0xff, 0xff, 0x00,
    0xda, 0x3e, 0x65, 0x27, 0x83, 0x1b, 0x00, 0x00, 0x00, 0x80, 0x2c, 0x23,
    0x7d, 0x27, 0xbf, 0xd8, 0xff, 0xff, 0xff, 0x00, 0xc1, 0x14, 0x48, 0x26,
    0x88, 0xe2, 0xff, 0xff, 0xff, 0x00, 0x29, 0x91, 0x5e, 0x27, 0x43, 0xe0,
    0xff, 0xff, 0xff, 0x00, 0x12, 0x04, 0x71, 0x27, 0x7e, 0x05, 0x5c, 0x00,
    0x8c, 0x36, 0x0a, 0x21, 0xfd, 0x33, 0xd2, 0x76, 0x70, 0xc2, 0xc6, 0x62,
    0x86, 0x65, 0xd1, 0xa8, 0x39, 0xc4, 0x58, 0xe9, 0x36, 0x30, 0xe1, 0xf2,
    0xf9, 0xdc, 0x53, 0xe7, 0xaf, 0x15, 0x3a, 0xa8, 0x93, 0x7b, 0x72, 0x45,
    0xdd, 0xaf, 0x39, 0xba, 0xb5, 0xd0, 0x81, 0x72, 0x98, 0x7c, 0xd7, 0xc1,
    0x99, 0x30, 0x08, 0x19, 0x19, 0x0a, 0xea, 0x84, 0xa8, 0x12, 0x86, 0xea,
    0xe6, 0x20, 0x22, 0xb0, 0xb9, 0x2d, 0xdd, 0xc2, 0xac, 0xc7, 0x27, 0x13,
    0x35, 0x17, 0x33, 0x59, 0xb0, 0x69, 0xf2, 0x70, 0xd6, 0x54, 0x8a, 0x82,
    0x96, 0xe7, 0xaf, 0xf4, 0xf7, 0x0f, 0x1e, 0x90, 0xd2, 0xaa, 0xc2, 0x83,
    0x45, 0xb7, 0x36, 0x91, 0xca, 0x86, 0x46, 0xc5, 0xa0, 0xe7, 0x04, 0x2b,
    0x79, 0xff, 0x44, 0x61, 0xea, 0x99, 0x35, 0x83, 0xe4, 0x98, 0x91, 0xe5,
    0xa4, 0x86, 0x59, 0xe4, 0x27, 0xfb, 0xf0, 0x0f, 0xc1, 0xe9, 0x9f, 0x84,
    0x74, 0xb5, 0xc2, 0x43, 0xb0, 0x59, 0x15, 0x7a, 0xa4, 0x32, 0xb6, 0x2c,
    0x41, 0x5a, 0xf6, 0x3f, 0xf7, 0x4a, 0x20, 0x41, 0x34, 0x11, 0xfe, 0x94,
    0xf3, 0x8f, 0xb8, 0x32, 0xd8, 0x00, 0xab, 0x1a, 0x79, 0x30, 0x08, 0xf1,
    0x1f, 0x10, 0x10, 0x10, 0x10, 0x10, 0x10, 0x10, 0xe0, 0x08, 0x40, 0x00,
    0x00, 0xf8, 0xdf, 0xff, 0xff, 0x07, 0xf8, 0xcf, 0xad, 0x80, 0xe3, 0x5f,
    0x45, 0x85, 0x01, 0x41, 0xe4, 0x7f, 0x20, 0xa6, 0xd0, 0xa4, 0xb4, 0x68,
    0x0b, 0x2e, 0x8f, 0x8c, 0xb6, 0x0b, 0xf1, 0x19, 0x18, 0xa7, 0xbe, 0xe1,
    0x26, 0x10, 0x27, 0x85, 0x07, 0xc5, 0x93, 0x08, 0xa9, 0x16, 0xbc, 0x03,
    0x22, 0xe8, 0x1f, 0x71, 0x47, 0x21, 0x46, 0xe4, 0x16, 0xd4, 0x6b, 0xe7,
    0x1f, 0xe2, 0x26, 0x68, 0x74, 0x06, 0xea, 0x25, 0x5f, 0xe7, 0x4f, 0x13,
    0xb1, 0x4c, 0x36, 0x17, 0xd5, 0x43, 0x4d, 0xbf, 0x19, 0x61, 0xd6, 0xe1,
    0xc4, 0xad, 0x29, 0x4f, 0x4d, 0xb4, 0x28, 0x25, 0xfb, 0x3f, 0x63, 0x4e,
    0x43, 0x60, 0x6f, 0x62, 0xd1, 0x8e, 0xe2, 0xbf, 0x50, 0x32, 0x88, 0xe1,
    0xc2, 0xa4, 0x4a, 0x72, 0x34, 0x45, 0x84, 0x91, 0xb2, 0xfd, 0x86, 0x49,
    0xc0, 0xba, 0x6a, 0x76, 0x84, 0x61, 0x23, 0x06, 0x3d, 0xdc, 0x34, 0x32,
    0x95, 0x5f, 0xa4, 0xc7, 0xa8, 0xf7, 0x92, 0x2a, 0xe0, 0x2a, 0x46, 0x2b,
    0x32, 0x96, 0xca, 0x72, 0x73, 0xd0, 0xe0, 0xe5, 0xaf, 0x06, 0x43, 0x79,
    0xd8, 0x83, 0x74, 0x54, 0x34, 0x92, 0x12, 0xd7, 0xc6, 0x61, 0x36, 0x27,
    0x15, 0x73, 0xe3, 0x12, 0xfe, 0xa7, 0x2a, 0x22, 0x15, 0x10, 0x10, 0x10,
    0x10, 0x10, 0x10, 0x10, 0xe0, 0x07, 0x00, 0xf8, 0x7f, 0x00, 0x78, 0x00,
    0xf8, 0xff, 0xff, 0xff, 0xff, 0xff, 0xff, 0xff, 0x52, 0xef, 0xff, 0xff,
    0xff, 0x80, 0x4a, 0xbd, 0x4c, 0x26, 0x4a, 0x0e, 0x00, 0x00, 0x00, 0x80,
    0x3b, 0x1f, 0x54, 0x26, 0xd5, 0x28, 0x00, 0x00, 0x00, 0x00, 0xfc, 0x4a,
    0x40, 0x26, 0x3e, 0x10, 0x00, 0x00, 0x00, 0x00, 0x8f, 0x45, 0x76, 0x26,
    0x0b, 0x1b, 0x00, 0x00, 0x00, 0x00, 0xa6, 0xb3, 0x43, 0x26, 0xf5, 0x0e,
    0x00, 0x00, 0x00, 0x80, 0x65, 0x43, 0x5c, 0x26, 0x8c, 0x14, 0x00, 0x00,
    0x00, 0x80, 0x58, 0xf4, 0x5a, 0x26, 0xb7, 0x07, 0x00, 0x00, 0x00, 0x80,
    0x4d, 0x56, 0x4a, 0x26, 0x84, 0xf3, 0xff, 0xff, 0xff, 0x80, 0xaf, 0x0b,
    0x51, 0x26, 0x62, 0x0f, 0x00, 0x00, 0x00, 0x00, 0x61, 0xec, 0x50, 0x26,
    0x9d, 0x1b, 0x00, 0x00, 0x00, 0x00, 0x50, 0x23, 0x5c, 0x26, 0x37, 0x1c,
    0x00, 0x00, 0x00, 0x00, 0x21, 0x72, 0x57, 0x26, 0x59, 0x10, 0x00, 0x00,
    0x00, 0x00, 0xbf, 0x0b, 0x4b, 0x26, 0x39, 0xe9, 0xff, 0xff, 0xff, 0x80,
    0x73, 0x4f, 0x4c, 0x26, 0x05, 0x09, 0x00, 0x00, 0x00, 0x00, 0xd2, 0x99,
    0x4f, 0x26, 0x60, 0x00, 0x00, 0x00, 0x00, 0x00, 0xb4, 0xae, 0x5e, 0x26,
    0xf0, 0x07, 0xdc, 0x01, 0x0c, 0x00, 0x91, 0x53, 0x5c, 0xaf, 0x00, 0x27,
    0x02, 0x74, 0x00, 0x60, 0xbd, 0x38, 0x27, 0x34, 0x95, 0xb9, 0xef, 0x0d,
    0x00, 0x4b, 0x13, 0x4f, 0x90, 0x92, 0x46, 0x3a, 0x82, 0x74, 0x47, 0xa4,
    0xa8, 0xc6, 0x14, 0x25, 0x6d, 0x00, 0xe0, 0x8a, 0x38, 0xcd, 0x58, 0x2b,
    0x25, 0xd0, 0x01, 0x00, 0x6c, 0x6a, 0x33, 0x19, 0x54, 0x19, 0xaa, 0x30,
    0x4e, 0x06, 0x7c, 0xfc, 0x38, 0x2c, 0x30, 0x13, 0x00, 0x40, 0xc1, 0xfc,
    0x48, 0x29, 0xc2, 0x8f, 0xb7, 0x05, 0x00, 0xbe, 0x6a, 0x6d, 0x09, 0x75,
    0x59, 0xfb, 0x03, 0xc2, 0xdc, 0x36, 0xa2, 0x0a, 0x6b, 0xd8, 0x5f, 0x00,
    0x10, 0xc1, 0x41, 0x89, 0x4d, 0xc3, 0x4f, 0x0c, 0x08, 0x00, 0x98, 0xfb,
    0x0a, 0x0e, 0x4d, 0x03, 0x04, 0x6c, 0x9e, 0xfc, 0x24, 0x7b, 0x96, 0x3a,
    0x86, 0x3e, 0x00, 0x90, 0x6e, 0x83, 0xb9, 0xcf, 0x63, 0x60, 0xa3, 0x03,
    0xf0, 0xa3, 0x45, 0x74, 0x35, 0xa4, 0x89, 0x19, 0x4e, 0xff, 0x7f, 0xae,
    0xb2, 0x3c, 0xf2, 0x60, 0xe8, 0xa6, 0xfb, 0xff, 0x07, 0x33, 0xfb, 0xbd,
    0x99, 0x61, 0x6e, 0x2a, 0xff, 0xff, 0xff, 0xff, 0xff, 0xff, 0xff, 0xff,
    0xff, 0xff, 0xff, 0xff, 0x0f, 0x00, 0x00, 0x1c, 0x8b, 0xfc, 0x96, 0x39,
    0xce, 0x5d, 0x80, 0x00, 0x62, 0xba, 0x85, 0x00, 0x5f, 0x13, 0xc2, 0x1f,
    0x01, 0x00, 0x07, 0x8c, 0x2d, 0x7e, 0x2f, 0x0b, 0x40, 0xa2, 0x28, 0x78,
    0xcb, 0x96, 0x6d, 0xfc, 0x64, 0xa9, 0x00, 0x00, 0x6a, 0xb6, 0x7f, 0x50,
    0x3a, 0xbb, 0xb3, 0x0f, 0x00, 0x43, 0xa5, 0xa4, 0x5b, 0x4a, 0x6e, 0x67,
    0xcc, 0x01, 0x3a, 0x5f, 0xc5, 0xdb, 0x7c, 0x26, 0x8d, 0x00, 0x40, 0xde,
    0x24, 0xe7, 0x19, 0xcd, 0x5d, 0x41, 0x08, 0x00, 0x38, 0x77, 0x0f, 0xab,
    0x91, 0x9a, 0x07, 0x47, 0x13, 0xe4, 0xeb, 0x4e, 0x14, 0x76, 0x28, 0xda,
    0x00, 0x20, 0x0a, 0x5b, 0x53, 0xe9, 0x82, 0xc4, 0x2f, 0x02, 0x00, 0x77,
    0x75, 0x8b, 0xa0, 0x51, 0x67, 0xd8, 0x47, 0x5a, 0x30, 0x12, 0xa9, 0x42,
    0x83, 0x89, 0x2e, 0x00, 0x00, 0x8d, 0xc1, 0x08, 0xb3, 0x60, 0xea, 0x93,
    0xf8, 0xff, 0x42, 0x6c, 0x1f, 0x57, 0x59, 0x65, 0xfc, 0xff, 0xff, 0xff,
    0xff, 0xff, 0xff, 0xff, 0xff, 0xff, 0xff, 0xff, 0xff, 0xff, 0xff, 0x0f,
    0xff, 0xff, 0xff, 0xff, 0xff, 0xff, 0xff, 0xff, 0xff, 0xff, 0xff, 0xff,
    0x0c, 0xe3, 0xff, 0xff, 0xff, 0x80, 0xc0, 0x4d, 0x4f, 0x27, 0x24, 0xe7,
    0xff, 0xff, 0xff, 0x80, 0x58, 0x07, 0x53, 0x26, 0x8f, 0x18, 0x00, 0x00,
    0x00, 0x80, 0xee, 0xa9, 0x55, 0x25, 0x11, 0x14, 0x00, 0x00, 0x00, 0x80,
    0x86, 0x18, 0x50, 0x26, 0x4b, 0xf0, 0xff, 0xff, 0xff, 0x80, 0x6e, 0x2e,
    0x5d, 0x25, 0xe3, 0xed, 0xff, 0xff, 0xff, 0x00, 0xd7, 0x1e, 0x45, 0x26,
    0xdf, 0xfa, 0xff, 0xff, 0xff, 0x80, 0x10, 0xb3, 0x64, 0x26, 0xf5, 0x05,
    0x00, 0x00, 0x00, 0x00, 0xda, 0x4d, 0x58, 0x25, 0x77, 0xe8, 0xff, 0xff,
    0xff, 0x80, 0x07, 0x9f, 0x74, 0x27, 0x47, 0x23, 0x00, 0x00, 0x00, 0x00,
    0xfe, 0x45, 0x78, 0x26, 0xe8, 0x0a, 0x00, 0x00, 0x00, 0x80, 0xd0, 0x48,
    0x5d, 0x26, 0x7f, 0x21, 0x00, 0x00, 0x00, 0x00, 0x1b, 0x2c, 0x74, 0x26,
    0x59, 0xf5, 0xff, 0xff, 0xff, 0x80, 0x47, 0xdb, 0x49, 0x26, 0x71, 0x0b,
    0x00, 0x00, 0x00, 0x80, 0x8e, 0xef, 0x44, 0x26, 0xf8, 0xec, 0xff, 0xff,
    0xff, 0x80, 0x0e, 0xde, 0x43, 0x25, 0x24, 0x10, 0x00, 0x00, 0x00, 0x80,
    0xd5, 0x6c, 0x41, 0x26, 0xfe, 0x07, 0x5c, 0x00, 0xdc, 0xa6, 0x95, 0x5f,
    0x87, 0x2b, 0x79, 0x07, 0x03, 0x56, 0x15, 0xfd, 0xe1, 0xf1, 0xeb, 0xdf,
    0xa3, 0x5c, 0x71, 0x23, 0xd6, 0x76, 0xc0, 0x89, 0x81, 0xb8, 0x28, 0x36,
    0x22, 0xcb, 0x25, 0x2e, 0xa9, 0x9f, 0xb0, 0x55, 0xcb, 0x39, 0x72, 0xf0,
    0x9b, 0x90, 0xf4, 0x1f, 0xb8, 0x20, 0x48, 0x71, 0x43, 0x62, 0x96, 0x80,
    0x32, 0x01, 0xf1, 0x24, 0x41, 0xd3, 0x90, 0x1a, 0x75, 0xd3, 0x53, 0x85,
    0x1a, 0xa7, 0x07, 0xeb, 0x37, 0xe7, 0x2f, 0x4c, 0xc6, 0xec, 0x45, 0x3d,
    0xe6, 0x4f, 0x48, 0xda, 0x93, 0x75, 0xc0, 0xf1, 0xdf, 0xf9, 0x36, 0xfa,
    0xa4, 0xa5, 0xbf, 0x12, 0x68, 0x20, 0x98, 0xcb, 0xeb, 0xe2, 0x8f, 0x93,
    0xef, 0x0a, 0xf5, 0xf2, 0x0f, 0x28, 0x19, 0xe8, 0xea, 0x21, 0x1c, 0xd3,
    0xe6, 0x4f, 0x39, 0x04, 0xb2, 0x34, 0xf8, 0x55, 0x12, 0x10, 0x10, 0x10,
    0x10, 0x10, 0x10, 0x10, 0x80, 0x69, 0xf1, 0xf1, 0xb9, 0xe8, 0xd1, 0xe3,
    0xdd, 0x20, 0x94, 0xd0, 0x21, 0x23, 0x8c, 0x20, 0x42, 0x05, 0x05, 0x96,
    0x35, 0x19, 0x5a, 0x95, 0xe6, 0x7f, 0xfe, 0x86, 0x09, 0xfa, 0x5f, 0x51,
    0x48, 0xb4, 0x93, 0xbe, 0xe3, 0x9f, 0x6c, 0xbc, 0x48, 0x5e, 0x05, 0x61,
    0x90, 0x79, 0x15, 0xdb, 0xa1, 0x3c, 0x3b, 0x07, 0xe5, 0xb2, 0x6c, 0xc6,
    0x28, 0x30, 0x33, 0x58, 0x13, 0x22, 0xe4, 0x59, 0xc7, 0xbe, 0x94, 0x79,
    0x41, 0x55, 0xf1, 0xf9, 0x83, 0xac, 0xd9, 0x58, 0x27, 0xbb, 0xa6, 0xa5,
    0xa0, 0xf0, 0xef, 0x9f, 0x49, 0xe6, 0x27, 0xe6, 0x9b, 0x9b, 0x88, 0xb5,
    0x5a, 0x44, 0xea, 0xbf, 0xc7, 0x99, 0xc1, 0x7d, 0x4f, 0x62, 0xa8, 0xff,
    0xef, 0x72, 0x7b, 0x69, 0x21, 0x03, 0x62, 0xa4, 0x32, 0xdb, 0x29, 0xf5,
    0x7f, 0xf5, 0x0a, 0xd3, 0x1e, 0x10, 0x10, 0x10, 0x10, 0x10, 0x10, 0x10,
    0xf0, 0xff, 0xff, 0xff, 0xff, 0xff, 0xff, 0xff, 0xff, 0xff, 0xff, 0xff,
    0x5b, 0x10, 0x00, 0x00, 0x00, 0x00, 0x4d, 0xc3, 0x70, 0x26, 0x90, 0x0c,
    0x00, 0x00, 0x00, 0x80, 0x43, 0x1e, 0x40, 0x25, 0x22, 0x06, 0x00, 0x00,
    0x00, 0x80, 0x59, 0xb4, 0x5e, 0x26, 0xec, 0xf1, 0xff, 0xff, 0xff, 0x80,
    0xe0, 0x03, 0x56, 0x26, 0xa4, 0x02, 0x00, 0x00, 0x00, 0x00, 0x64, 0x00,
    0x6c, 0x26, 0xe5, 0xed, 0xff, 0xff, 0xff, 0x80, 0xcf, 0x3f, 0x42, 0x25,
    0xa1, 0xf7, 0xff, 0xff, 0xff, 0x80, 0xe1, 0x09, 0x62, 0x26, 0x99, 0x12,
    0x00, 0x00, 0x00, 0x80, 0xf2, 0x12, 0x64, 0x26, 0x92, 0x07, 0x00, 0x00,
    0x00, 0x00, 0x36, 0x41, 0x51, 0x26, 0xbf, 0xfa, 0xff, 0xff, 0xff, 0x00,
    0xcf, 0x64, 0x5f, 0x26, 0xa2, 0xfb, 0xff, 0xff, 0xff, 0x00, 0xfb, 0x8e,
    0x63, 0x26, 0x37, 0x12, 0x00, 0x00, 0x00, 0x00, 0x5a, 0x53, 0x63, 0x26,
    0x42, 0x03, 0x00, 0x00, 0x00, 0x80, 0xb7, 0xaa, 0x7a, 0x26, 0xde, 0xfd,
    0xff, 0xff, 0xff, 0x00, 0x9f, 0x13, 0x65, 0x26, 0x2e, 0xff, 0xff, 0xff,
    0xff, 0x80, 0xa5, 0x86, 0x7f, 0x27, 0x88, 0xe1, 0xff, 0xff, 0xff, 0x80,
    0x7e, 0x1d, 0x4a, 0x26, 0xf0, 0x07, 0xdc, 0x01, 0x0c, 0x00, 0xae, 0x32,
    0xfc, 0x17, 0x78, 0xb5, 0x00, 0x66, 0x00, 0x60, 0x21, 0x49, 0xc2, 0x73,
    0xb2, 0x7f, 0xe3, 0x00, 0x00, 0xc0, 0x20, 0x88, 0x10, 0x41, 0x1b, 0xc7,
    0xfb, 0x21, 0x2b, 0x88, 0x9f, 0x0f, 0x41, 0x79, 0x67, 0x00, 0x60, 0xc0,
    0x4c, 0xc9, 0xef, 0x75, 0x84, 0xa5, 0x05, 0x00, 0x03, 0x41, 0x6b, 0x6b,
    0x8a, 0x09, 0x0b, 0xfb, 0xc0, 0x78, 0x9f, 0x96, 0x1b, 0x89, 0xa8, 0x3c,
    0x00, 0xb0, 0x60, 0x6e, 0x76, 0x06, 0x12, 0x12, 0x66, 0x0c, 0x02, 0x35,
    0x0c, 0x26, 0x45, 0x39, 0x83, 0x6a, 0x41, 0x29, 0x39, 0x40, 0x44, 0x16,
    0xb2, 0x4c, 0xd6, 0x00, 0xf0, 0xf0, 0x90, 0x52, 0x61, 0x05, 0x38, 0xb2,
    0x0f, 0x00, 0x3b, 0x7a, 0x0d, 0x55, 0x4c, 0x4a, 0x5f, 0xb5, 0x3b, 0x37,
    0x29, 0x79, 0x98, 0xd9, 0x93, 0x77, 0x00, 0x80, 0x80, 0xf7, 0xe4, 0xf8,
    0x16, 0x85, 0x65, 0x06, 0xf0, 0x8d, 0x5e, 0xfb, 0x28, 0x14, 0x27, 0x25,
    0xa2, 0xff, 0x9f, 0xa3, 0xa7, 0xb0, 0x6f, 0xb1, 0xa7, 0x67, 0xf4, 0xff,
    0xc2, 0x09, 0x2d, 0x7e, 0x83, 0x3a, 0x57, 0xbc, 0xff, 0xff, 0xff, 0xff,
    0xff, 0xff, 0xff, 0xff, 0xff, 0xff, 0xff, 0xff, 0x0f, 0x00, 0x00, 0x14,
    0x67, 0x23, 0xfb, 0x1d, 0x06, 0x15, 0xfb, 0x00, 0x70, 0x97, 0x96, 0x28,
    0xe9, 0x70, 0x2c, 0x31, 0x06, 0x00, 0x8d, 0xfc, 0xa0, 0x44, 0x18, 0xbe,
    0x2f, 0xfc, 0x8f, 0x29, 0x26, 0x0e, 0x6c, 0x47, 0x7d, 0x55, 0x00, 0xc0,
    0x7f, 0x71, 0x40, 0x82, 0xb5, 0x40, 0x55, 0x0a, 0x00, 0x81, 0x3b, 0x3c,
    0xc7, 0x24, 0xbe, 0x00, 0xb3, 0x46, 0x32, 0x8b, 0x83, 0x2d, 0x51, 0x75,
    0xe6, 0x00, 0x40, 0x0d, 0xb4, 0x84, 0x32, 0xb8, 0xff, 0x0a, 0x05, 0x00,
    0x7a, 0x91, 0xc8, 0x16, 0x3e, 0x7d, 0x17, 0x76, 0x46, 0xa6, 0x5e, 0x5a,
    0x7b, 0xc5, 0x2e, 0x8d, 0x00, 0x00, 0xd8, 0xe6, 0xb1, 0x08, 0x09, 0x80,
    0x59, 0x00, 0x00, 0x34, 0x81, 0x8c, 0x1d, 0x24, 0x54, 0x08, 0x3a, 0xc9,
    0xa9, 0xb9, 0x3a, 0x0c, 0x78, 0xab, 0x20, 0x00, 0xc0, 0xdf, 0xde, 0xa2,
    0x8e, 0xf6, 0xda, 0x7b, 0xf0, 0xff, 0xb3, 0x75, 0x79, 0xc7, 0x00, 0xfb,
    0xd4, 0xff, 0xff, 0xff, 0xff, 0xff, 0xff, 0xff, 0xff, 0xff, 0xff, 0xff,
    0xff, 0xff, 0xff, 0x0f, 0xff, 0xff, 0xff, 0xff, 0xff, 0xff, 0xff, 0xff,
    0xff, 0xff, 0xff, 0xff, 0xd1, 0x11, 0x00, 0x00, 0x00, 0x00, 0xf5, 0x9c,
    0x51, 0x26, 0x0a, 0x08, 0x00, 0x00, 0x00, 0x80, 0x13, 0xe6, 0x4d, 0x26,
    0x0f, 0x10, 0x00, 0x00, 0x00, 0x80, 0x44, 0x84, 0x5d, 0x26, 0x7e, 0xf8,
    0xff, 0xff, 0xff, 0x80, 0x40, 0xce, 0x5d, 0x26, 0xef, 0x21, 0x00, 0x00,
    0x00, 0x00, 0xba, 0x1f, 0x4d, 0x26, 0x93, 0xfa, 0xff, 0xff, 0xff, 0x80,
    0xc2, 0xea, 0x53, 0x26, 0xbf, 0xed, 0xff, 0xff, 0xff, 0x00, 0x75, 0x34,
    0x66, 0x26, 0xd5, 0x0f, 0x00, 0x00, 0x00, 0x00, 0x32, 0x8b, 0x47, 0x26,
    0x0f, 0x00, 0x00, 0x00, 0x00, 0x00, 0x95, 0x0e, 0x62, 0x26, 0xc8, 0x19,
    0x00, 0x00, 0x00, 0x00, 0xf8, 0x63, 0x59, 0x26, 0x4b, 0x0c, 0x00, 0x00,
    0x00, 0x80, 0x26, 0x86, 0x72, 0x27, 0x37, 0xf0, 0xff, 0xff, 0xff, 0x80,
    0xa6, 0x36, 0x45, 0x26, 0x63, 0xe4, 0xff, 0xff, 0xff, 0x80, 0x33, 0xcb,
    0x59, 0x26, 0x77, 0xec, 0xff, 0xff, 0xff, 0x80, 0xa2, 0xbe, 0x44, 0x26,
    0xe6, 0x29, 0x00, 0x00, 0x00, 0x00, 0x3f, 0x3e, 0x6b, 0x26, 0x18, 0x39,
    0x00, 0x00, 0x00, 0x00, 0xae, 0xf0, 0x57, 0x27, 0x7e, 0x05, 0x5c, 0x00,
    0x6c, 0x7a, 0xb2, 0x01, 0x73, 0x5a, 0x14, 0x37, 0x05, 0x23, 0xc5, 0x08,
    0x7b, 0xd4, 0xe4, 0x11, 0x05, 0x34, 0xd6, 0x66, 0x20, 0x23, 0xe0, 0x61,
    0x52, 0x7a, 0x44, 0x80, 0x51, 0x04, 0x7b, 0xe7, 0x5c, 0x18, 0x85, 0x41,
    0xb7, 0x77, 0xa6, 0x14, 0xd4, 0x9a, 0x0a, 0xcf, 0xb0, 0x97, 0x32, 0x22,
    0x86, 0x72, 0x4b, 0xfb, 0x29, 0x50, 0x23, 0xea, 0xdf, 0xe0, 0xe5, 0x92,
    0xc0, 0x1a, 0x27, 0x86, 0xf3, 0x1f, 0xe0, 0xda, 0xda, 0xc4, 0x04, 0x44,
    0xa2, 0x91, 0x31, 0xd8, 0x50, 0x3a, 0xe9, 0xa4, 0x36, 0x88, 0x32, 0x38,
    0x94, 0x46, 0xe2, 0xdf, 0x39, 0xfa, 0xb6, 0x61, 0x96, 0x7d, 0x26, 0x01,
    0xf7, 0x5d, 0xd3, 0xeb, 0x64, 0xb2, 0xc5, 0x57, 0xff, 0x07, 0x46, 0x22,
    0xc9, 0xd1, 0x73, 0xf1, 0xe3, 0x84, 0xf8, 0x7f, 0x73, 0x49, 0x68, 0x54,
    0xec, 0x99, 0xe3, 0x1c, 0xec, 0xef, 0x27, 0xd6, 0x1f, 0x01, 0xb8, 0xc9,
    0x44, 0x01, 0x22, 0xb1, 0xc5, 0xec, 0x2f, 0xe1, 0xf5, 0x63, 0xc1, 0xe3,
    0xc8, 0xd5, 0xf4, 0x90, 0x78, 0xe3, 0x7f, 0xf2, 0x97, 0x65, 0x74, 0xcf,
    0x3c, 0xe4, 0x19, 0xc2, 0xe0, 0xd6, 0xd6, 0xed, 0xaf, 0x81, 0xe6, 0x73,
    0x17, 0x10, 0x10, 0x10, 0x10, 0x10, 0x10, 0x10, 0xe0, 0x07, 0x00, 0xf8,
    0x7f, 0x00, 0x78, 0x00, 0x30, 0x00, 0xa0, 0x05, 0x40, 0x6b, 0x57, 0xc0,
    0x51, 0xce, 0x53, 0x70, 0xa1, 0xaf, 0x46, 0xa2, 0xcb, 0xdf, 0x8e, 0x90,
    0xd3, 0xca, 0x59, 0x77, 0xc2, 0x4c, 0x44, 0xa2, 0x99, 0x48, 0xeb, 0x5f,
    0x50, 0x41, 0x80, 0xf3, 0xf7, 0xef, 0x88, 0x36, 0xc0, 0xe7, 0xf0, 0xcb,
    0xe8, 0x24, 0xb1, 0xa1, 0xf8, 0xec, 0xfa, 0x13, 0xc4, 0x5a, 0xfc, 0x27,
    0x99, 0xc5, 0xf3, 0xf7, 0x50, 0xf1, 0xf9, 0x2e, 0xf4, 0xf3, 0xb5, 0xf8,
    0x74, 0x7a, 0x0c, 0x8c, 0xfa, 0xbf, 0x90, 0xc0, 0x45, 0xfa, 0xac, 0xbd,
    0x9b, 0x12, 0x95, 0xed, 0x28, 0x18, 0xc4, 0x98, 0xda, 0xd8, 0xd1, 0xd2,
    0x72, 0xba, 0x38, 0xf9, 0xbf, 0x65, 0xd9, 0x68, 0xd4, 0x8d, 0xd0, 0x2f,
    0x7b, 0xf3, 0xc7, 0xcc, 0xd3, 0xa8, 0x8a, 0x90, 0x74, 0x54, 0xa8, 0x3a,
    0xbe, 0xb4, 0x0c, 0xd2, 0xac, 0xd1, 0xdf, 0xd2, 0xb3, 0xeb, 0x31, 0x05,
    0xfa, 0xed, 0x2b, 0x5a, 0xc8, 0xfc, 0x07, 0x2c, 0x6a, 0x7c, 0x6c, 0xd0,
    0xf8, 0x37, 0x28, 0x74, 0x5a, 0xfd, 0x11, 0xe1, 0xe4, 0x48, 0xa8, 0xe5,
    0x68, 0xe3, 0xd0, 0x61, 0xff, 0x58, 0x7f, 0x38, 0x43, 0xbe, 0xe2, 0x60,
    0x2a, 0xc1, 0xc9, 0x23, 0x8c, 0xb8, 0xbb, 0x0b, 0x80, 0xe1, 0x2d, 0x0a,
    0x08, 0x08, 0x08, 0x08, 0x08, 0x08, 0x08, 0xf0, 0x03, 0x00, 0xfc, 0x3f,
    0x00, 0x3c, 0x00, 0xfc, 0xff, 0xff, 0xff, 0xff, 0xfd, 0x0f, 0x00, 0x00,
    0x00, 0x00, 0x70, 0x4a, 0x5d, 0x26, 0x9d, 0x17, 0x00, 0x00, 0x00, 0x00,
    0x72, 0x01, 0x4d, 0x26, 0xa2, 0x06, 0x00, 0x00, 0x00, 0x00, 0x34, 0xf7,
    0x5d, 0x26, 0x3b, 0x00, 0x00, 0x00, 0x00, 0x80, 0x74, 0x38, 0x63, 0x26,
    0xdd, 0x04, 0x00, 0x00, 0x00, 0x80, 0x53, 0xa2, 0x5c, 0x26, 0x73, 0xfa,
    0xff, 0xff, 0xff, 0x00, 0x6d, 0x4b, 0x48, 0x26, 0x89, 0x0e, 0x00, 0x00,
    0x00, 0x80, 0x79, 0x95, 0x4e, 0x26, 0xd2, 0xfc, 0xff, 0xff, 0xff, 0x80,
    0xfc, 0xf6, 0x5d, 0x26, 0xde, 0x01, 0x00, 0x00, 0x00, 0x80, 0xa3, 0xcc,
    0x42, 0x25, 0xbb, 0x13, 0x00, 0x00, 0x00, 0x00, 0x2a, 0x49, 0x48, 0x25,
    0xb9, 0x20, 0x00, 0x00, 0x00, 0x00, 0xda, 0xe1, 0x75, 0x26, 0xb6, 0x05,
    0x00, 0x00, 0x00, 0x00, 0xa1, 0x54, 0x72, 0x26, 0xdd, 0x16, 0x00, 0x00,
    0x00, 0x80, 0xf5, 0x25, 0x52, 0x26, 0xfe, 0xf2, 0xff, 0xff, 0xff, 0x00,
    0x97, 0xb4, 0x50, 0x26, 0x9a, 0x0e, 0x00, 0x00, 0x00, 0x00, 0x28, 0x72,
    0x5f, 0x26, 0x5a, 0xf7, 0xff, 0xff, 0xff, 0x00, 0x8c, 0x08, 0x5a, 0x26,
    0xf8, 0x07, 0xdc, 0x01, 0x0c, 0x00, 0x55, 0x11, 0x67, 0x6f, 0x72, 0x20,
    0x1e, 0x7d, 0x00, 0x30, 0xb5, 0xc4, 0x87, 0xae, 0x62, 0x1a, 0x88, 0x0d,
    0x00, 0xfc, 0x6d, 0xdc, 0xd3, 0x7e, 0x95, 0x1a, 0x32, 0x86, 0x0e, 0x4f,
    0x5c, 0x61, 0x7e, 0x52, 0xd7, 0x00, 0xd0, 0xb6, 0x0f, 0x39, 0x62, 0x41,
    0x62, 0x64, 0x07, 0x00, 0x61, 0x00, 0x27, 0xfb, 0x1b, 0x29, 0xd5, 0x28,
    0x93, 0xdb, 0x28, 0x53, 0xb2, 0xb2, 0x49, 0x04, 0x00, 0x50, 0x62, 0xb4,
    0xf9, 0xd3, 0xa4, 0xba, 0x5f, 0x01, 0x00, 0x29, 0x16, 0x0d, 0xfc, 0x82,
    0x1f, 0x07, 0xfa, 0xa9, 0xfc, 0x1b, 0x49, 0xd5, 0xf5, 0x1c, 0xb8, 0x00,
    0x60, 0x57, 0xf4, 0x0b, 0x16, 0x72, 0x52, 0xe5, 0x07, 0x00, 0x3d, 0x00,
    0xfb, 0xa2, 0x1d, 0x06, 0xd4, 0x43, 0x3d, 0x2f, 0x84, 0x19, 0x6a, 0x4e,
    0x82, 0x5d, 0x00, 0xd0, 0x72, 0x41, 0x80, 0x20, 0x96, 0xe6, 0x9e, 0x00,
    0xf0, 0x5f, 0xf6, 0x01, 0x05, 0x8b, 0x44, 0xfc, 0x11, 0xff, 0x5f, 0xb9,
    0xe0, 0xbe, 0x95, 0x90, 0xa3, 0xa8, 0xfa, 0xff, 0x4c, 0x44, 0xfb, 0x18,
    0x0c, 0x27, 0xaa, 0xac, 0xff, 0xff, 0xff, 0xff, 0xff, 0xff, 0xff, 0xff,
    0xff, 0xff, 0xff, 0xff, 0x0f, 0x00, 0x00, 0x76, 0x18, 0xe8, 0x56, 0xa8,
    0xfb, 0x24, 0x50, 0x00, 0xa0, 0xaa, 0x77, 0x05, 0xc0, 0x68, 0x01, 0x97,
    0x00, 0x00, 0xad, 0x64, 0x72, 0x0d, 0x28, 0x60, 0xc6, 0x41, 0x80, 0x30,
    0x44, 0x6e, 0x12, 0x58, 0xa8, 0x41, 0x00, 0x80, 0xc6, 0xb9, 0x3f, 0xc9,
    0xba, 0xdd, 0xe0, 0x02, 0x00, 0x46, 0x22, 0x56, 0x32, 0xfc, 0x22, 0x81,
    0x00, 0x95, 0x88, 0x91, 0x1a, 0xfb, 0x10, 0x8a, 0x58, 0x00, 0x50, 0xf0,
    0xab, 0x04, 0x00, 0x41, 0x82, 0x50, 0x01, 0x00, 0x28, 0x1a, 0x5a, 0x2c,
    0x42, 0x83, 0x0f, 0x6d, 0x02, 0xba, 0x14, 0x87, 0x0a, 0x2e, 0x61, 0xfc,
    0x00, 0x10, 0x37, 0xc2, 0x2f, 0x36, 0x83, 0x70, 0xf8, 0x09, 0x00, 0x25,
    0x2f, 0x4d, 0x42, 0x08, 0xfc, 0x2d, 0x35, 0x85, 0x0c, 0x2e, 0x81, 0x14,
    0x02, 0x1b, 0xf9, 0x00, 0x10, 0x99, 0xc8, 0x41, 0xa4, 0x02, 0x70, 0x06,
    0xf2, 0xff, 0x58, 0x6f, 0x75, 0x58, 0x84, 0x6d, 0xbb, 0x82, 0xff, 0xff,
    0xff, 0xff, 0xff, 0xff, 0xff, 0xff, 0xff, 0xff, 0xff, 0xff, 0xff, 0xff,
    0x0f, 0xff, 0xff, 0xff, 0xff, 0xff, 0xff, 0xff, 0xff, 0xff, 0xff, 0xff,
    0x36, 0xff, 0xff, 0xff, 0xff, 0x00, 0xbc, 0xc9, 0x5c, 0x26, 0x13, 0xf9,
    0xff, 0xff, 0xff, 0x80, 0x2e, 0x0b, 0x78, 0x26, 0xca, 0x0e, 0x00, 0x00,
    0x00, 0x00, 0x11, 0x29, 0x72, 0x27, 0x65, 0xff, 0xff, 0xff, 0xff, 0x80,
    0xda, 0xdd, 0x7e, 0x26, 0x30, 0xf8, 0xff, 0xff, 0xff, 0x80, 0xf4, 0xd3,
    0x6c, 0x26, 0xe0, 0x24, 0x00, 0x00, 0x00, 0x00, 0xdb, 0x92, 0x55, 0x27,
    0xba, 0xef, 0xff, 0xff, 0xff, 0x80, 0x12, 0x50, 0x5a, 0x26, 0x35, 0x15,
    0x00, 0x00, 0x00, 0x00, 0x37, 0x78, 0x40, 0x26, 0x4f, 0xee, 0xff, 0xff,
    0xff, 0x80, 0x97, 0x41, 0x5b, 0x26, 0x9f, 0x17, 0x00, 0x00, 0x00, 0x80,
    0x99, 0xf8, 0x6c, 0x26, 0xc1, 0x2a, 0x00, 0x00, 0x00, 0x80, 0x2b, 0xc7,
    0x57, 0x26, 0xd3, 0xfa, 0xff, 0xff, 0xff, 0x00, 0x96, 0xf4, 0x6f, 0x26,
    0xcb, 0xf7, 0xff, 0xff, 0xff, 0x00, 0x5e, 0x82, 0x73, 0x25, 0x9a, 0xf7,
    0xff, 0xff, 0xff, 0x80, 0x72, 0x8a, 0x74, 0x26, 0xe0, 0xec, 0xff, 0xff,
    0xff, 0x00, 0x0c, 0x93, 0x74, 0x26, 0xd0, 0xf8, 0xff, 0xff, 0xff, 0x00,
    0x0d, 0x16, 0x6c, 0x26, 0xfe, 0x07, 0x5c, 0x00, 0x4c, 0xf0, 0xbf, 0x81,
    0x40, 0xd7, 0x6c, 0x56, 0xd7, 0x93, 0xd4, 0xee, 0x8f, 0xdd, 0x3b, 0x28,
    0xf5, 0x4f, 0x76, 0x28, 0x76, 0x30, 0xc5, 0x7f, 0x39, 0xe0, 0x6b, 0xd8,
    0x57, 0x23, 0xc2, 0x4b, 0xc1, 0xf2, 0x04, 0x5c, 0xe4, 0x8a, 0x31, 0x93,
    0x55, 0x58, 0xb1, 0x9d, 0xcc, 0x94, 0x06, 0x4e, 0x4b, 0x98, 0x51, 0xcd,
    0x6f, 0x2e, 0xb2, 0xf7, 0xd6, 0xa1, 0xfd, 0xc8, 0xf3, 0x2f, 0x15, 0xe2,
    0x04, 0x53, 0xe1, 0x7f, 0xd9, 0x71, 0x97, 0xf6, 0xcf, 0x6c, 0x23, 0x36,
    0x44, 0x95, 0xf6, 0x5f, 0x5c, 0xf3, 0xf2, 0xec, 0x13, 0xab, 0xa3, 0x79,
    0x56, 0xf2, 0x76, 0x55, 0x65, 0x92, 0xee, 0xbd, 0xf5, 0x06, 0x39, 0x37,
    0x9f, 0xf9, 0x7f, 0x50, 0x29, 0x0d, 0xc3, 0xeb, 0x0d, 0xf4, 0xfd, 0xd7,
    0x49, 0x2e, 0xf1, 0x60, 0x60, 0x74, 0x49, 0xa5, 0x19, 0x10, 0x10, 0x10,
    0x10, 0x10, 0x10, 0x10, 0xc0, 0x27, 0xb1, 0xfc, 0xe6, 0x17, 0x47, 0xe4,
    0xcf, 0xe0, 0xf4, 0x75, 0x0e, 0x84, 0x46, 0x31, 0xf3, 0x00, 0x93, 0x83,
    0xa1, 0xea, 0xd5, 0xb4, 0x38, 0x0a, 0x41, 0xb9, 0x38, 0x96, 0xab, 0xa7,
    0xd5, 0x30, 0x1a, 0x17, 0x1b, 0xe5, 0x60, 0xd4, 0x78, 0xf7, 0x1f, 0x97,
    0xdb, 0xe7, 0xaf, 0x80, 0x19, 0x37, 0xf8, 0xcf, 0xe2, 0xcf, 0x94, 0xe3,
    0xea, 0x7a, 0x71, 0xe4, 0xa6, 0x35, 0x26, 0xa5, 0x11, 0x03, 0xc2, 0xc4,
    0x02, 0xf6, 0x90, 0x91, 0x82, 0x30, 0x50, 0x65, 0x9e, 0x47, 0xe6, 0xef,
    0xa6, 0xdc, 0xc2, 0x2a, 0xcc, 0xa3, 0xcb, 0x14, 0xed, 0xdf, 0x77, 0x7b,
    0x90, 0x64, 0x60, 0xe2, 0xe0, 0x1a, 0x54, 0x8d, 0x80, 0x14, 0xe7, 0xb0,
    0xa1, 0x29, 0x6c, 0xa3, 0xf3, 0x48, 0x82, 0x88, 0xdb, 0x34, 0xb3, 0xe2,
    0x1f, 0x53, 0x53, 0x55, 0x19, 0x10, 0x10, 0x10, 0x10, 0x10, 0x10, 0x10,
    0xf0, 0xff, 0xff, 0xff, 0xff, 0xff, 0xff, 0xff, 0xff, 0xff, 0xff, 0xff,
    0x80, 0x05, 0x00, 0x00, 0x00, 0x80, 0x55, 0xe1, 0x4f, 0x26, 0xb3, 0xf7,
    0xff, 0xff, 0xff, 0x80, 0x61, 0x46, 0x41, 0x25, 0x23, 0xf3, 0xff, 0xff,
    0xff, 0x00, 0xff, 0xba, 0x60, 0x26, 0x04, 0xfd, 0xff, 0xff, 0xff, 0x00,
    0xd7, 0xcd, 0x45, 0x25, 0xee, 0x1c, 0x00, 0x00, 0x00, 0x00, 0x47, 0xdb,
    0x6a, 0x26, 0x39, 0x18, 0x00, 0x00, 0x00, 0x00, 0x97, 0x5e, 0x6d, 0x26,
    0x03, 0xee, 0xff, 0xff, 0xff, 0x80, 0x11, 0x23, 0x4c, 0x26, 0xe3, 0x06,
    0x00, 0x00, 0x00, 0x00, 0xc0, 0x2f, 0x4b, 0x26, 0x2e, 0x01, 0x00, 0x00,
    0x00, 0x00, 0xca, 0x3c, 0x42, 0x25, 0x83, 0x08, 0x00, 0x00, 0x00, 0x00,
    0xe8, 0x7f, 0x55, 0x26, 0x26, 0xf4, 0xff, 0xff, 0xff, 0x80, 0xb5, 0xf0,
    0x67, 0x26, 0x0b, 0x06, 0x00, 0x00, 0x00, 0x80, 0x04, 0x01, 0x73, 0x26,
    0x5d, 0x06, 0x00, 0x00, 0x00, 0x00, 0x21, 0xcc, 0x6d, 0x26, 0x9a, 0x14,
    0x00, 0x00, 0x00, 0x80, 0xa4, 0x25, 0x52, 0x26, 0x50, 0xdc, 0xff, 0xff,
    0xff, 0x80, 0x57, 0xa0, 0x79, 0x26, 0xb0, 0xff, 0xff, 0xff, 0xff, 0x00,
    0xe4, 0xd4, 0x75, 0x26, 0xf8, 0x07, 0x5c, 0x01, 0x0c, 0x00, 0x24, 0xb4,
    0x3d, 0x4d, 0x79, 0xe3, 0xa8, 0xc7, 0x00, 0x90, 0x74, 0x51, 0xfe, 0xc0,
    0x83, 0x7c, 0x65, 0x05, 0x00, 0x93, 0x6a, 0xfd, 0xe8, 0xcb, 0xd2, 0x6c,
    0x57, 0x20, 0x28, 0x37, 0x4e, 0x62, 0x67, 0x56, 0x55, 0x00, 0xc0, 0xb3,
    0xb7, 0x23, 0x22, 0x01, 0x92, 0xb0, 0x0d, 0x00, 0x6d, 0xb0, 0x5b, 0x1c,
    0x0a, 0x75, 0xfc, 0xd3, 0x33, 0x04, 0x33, 0xf9, 0xfc, 0x29, 0x90, 0x0f,
    0x00, 0x00, 0x09, 0x53, 0xd5, 0x8f, 0xb8, 0xdc, 0x1c, 0x0c, 0x00, 0xfd,
    0x0d, 0x90, 0x2e, 0x65, 0x97, 0x8c, 0xc2, 0x43, 0xc1, 0xfc, 0x40, 0x82,
    0x96, 0x0f, 0x30, 0x00, 0x80, 0x62, 0x12, 0xd0, 0x04, 0x32, 0xe7, 0x09,
    0x0f, 0x00, 0x7c, 0x24, 0xfd, 0x50, 0x03, 0x14, 0x26, 0x3e, 0xd5, 0xfd,
    0x2a, 0x81, 0x25, 0x64, 0x4c, 0x7d, 0x00, 0x90, 0x9f, 0x70, 0x0a, 0x40,
    0xd7, 0xf4, 0x74, 0x03, 0xf0, 0xe8, 0xd8, 0x94, 0x53, 0xf2, 0x23, 0xc5,
    0x39, 0xff, 0x8f, 0x64, 0x9b, 0x62, 0xda, 0x95, 0x63, 0x1b, 0xf1, 0xff,
    0x0d, 0xb3, 0xfa, 0x7e, 0x14, 0x45, 0x33, 0x4d, 0xff, 0xff, 0xff, 0xff,
    0xff, 0xff, 0xff, 0xff, 0xff, 0xff, 0xff, 0xff, 0x0f, 0x00, 0x00, 0x35,
    0x09, 0x18, 0x03, 0x9a, 0xbf, 0xa9, 0x39, 0x00, 0x00, 0x05, 0xaa, 0xe3,
    0xc4, 0x3a, 0xf7, 0x0c, 0x03, 0x00, 0x78, 0x4d, 0x64, 0x4f, 0x45, 0xbd,
    0x24, 0xaf, 0x10, 0x80, 0xfc, 0x93, 0xac, 0x8d, 0x86, 0x4f, 0x00, 0x30,
    0x4b, 0xd5, 0xff, 0x82, 0xf9, 0x0e, 0x5d, 0x08, 0x00, 0x11, 0x5e, 0x1a,
    0x9f, 0xb6, 0x86, 0xd4, 0x92, 0x84, 0x28, 0x15, 0x80, 0x2f, 0x87, 0x03,
    0x0a, 0x00, 0x90, 0x70, 0xf0, 0xd0, 0x9a, 0xc1, 0x6f, 0xc2, 0x00, 0x00,
    0x3b, 0x08, 0xdc, 0x60, 0xfd, 0x2d, 0x48, 0x24, 0xa7, 0x08, 0xe4, 0x30,
    0x41, 0xfd, 0x5c, 0x0a, 0x00, 0x20, 0xb8, 0xd1, 0xaf, 0x4c, 0x8a, 0x27,
    0xa3, 0x05, 0x00, 0x3f, 0xac, 0xdd, 0x9d, 0x3c, 0xb1, 0xa5, 0x42, 0xb9,
    0x3f, 0x06, 0x96, 0x39, 0x06, 0x1c, 0xd5, 0x00, 0xa0, 0x6a, 0xc7, 0xaf,
    0x61, 0x90, 0xd1, 0xc1, 0xf3, 0xff, 0x46, 0x5d, 0xa9, 0x3d, 0x7c, 0xfc,
    0x0b, 0x12, 0xff, 0xff, 0xff, 0xff, 0xff, 0xff, 0xff, 0xff, 0xff, 0xff,
    0xff, 0xff, 0xff, 0xff, 0x0f, 0xff, 0xff, 0xff, 0xff, 0xff, 0xff, 0xff,
    0xff, 0xff, 0xff, 0xff, 0x3d, 0xe7, 0xff, 0xff, 0xff, 0x00, 0x8e, 0xe0,
    0x42, 0x26, 0x4c, 0xf0, 0xff, 0xff, 0xff, 0x00, 0xa9, 0x5d, 0x4a, 0x26,
    0xc1, 0x1b, 0x00, 0x00, 0x00, 0x80, 0xf2, 0x91, 0x6a, 0x26, 0x10, 0x22,
    0x00, 0x00, 0x00, 0x80, 0x1c, 0x83, 0x47, 0x26, 0x69, 0xe6, 0xff, 0xff,
    0xff, 0x00, 0x7d, 0x09, 0x50, 0x26, 0xf8, 0xf8, 0xff, 0xff, 0xff, 0x00,
    0xa3, 0xcf, 0x65, 0x27, 0x99, 0xee, 0xff, 0xff, 0xff, 0x80, 0x9d, 0xb6,
    0x51, 0x26, 0x23, 0xf4, 0xff, 0xff, 0xff, 0x00, 0x97, 0x92, 0x7b, 0x26,
    0x64, 0x30, 0x00, 0x00, 0x00, 0x00, 0x06, 0xd4, 0x5a, 0x27, 0x45, 0x06,
    0x00, 0x00, 0x00, 0x80, 0x08, 0xa3, 0x73, 0x26, 0xf3, 0xee, 0xff, 0xff,
    0xff, 0x00, 0x81, 0x3f, 0x52, 0x26, 0xf7, 0x38, 0x00, 0x00, 0x00, 0x00,
    0x69, 0xce, 0x69, 0x27, 0xf0, 0x26, 0x00, 0x00, 0x00, 0x80, 0xf2, 0xa3,
    0x41, 0x26, 0x14, 0xdd, 0xff, 0xff, 0xff, 0x80, 0xfb, 0x40, 0x62, 0x27,
    0x8d, 0x2f, 0x00, 0x00, 0x00, 0x00, 0xca, 0xe1, 0x43, 0x26, 0x4b, 0xf7,
    0xff, 0xff, 0xff, 0x80, 0x55, 0xcd, 0x4d, 0x26, 0x68, 0x0a, 0x5c, 0x01,
    0x0c, 0x00, 0x21, 0xc0, 0x03, 0x4e, 0x5a, 0x67, 0xd1, 0x55, 0x00, 0xc0,
    0x3f, 0x1b, 0x26, 0x41, 0xde, 0x64, 0x11, 0x00, 0x00, 0xb2, 0xa0, 0xa2,
    0x39, 0x48, 0x8f, 0xb5, 0x8a, 0x86, 0xa2, 0xbd, 0xb3, 0xc8, 0x6f, 0x7d,
    0x24, 0x04, 0x50, 0x21, 0x18, 0x94, 0x57, 0x93, 0x98, 0x96, 0x03, 0x00,
    0x77, 0x7b, 0x19, 0x8b, 0x68, 0x64, 0x28, 0x62, 0x89, 0x0f, 0x06, 0x20,
    0x0d, 0x48, 0x35, 0x54, 0x00, 0x20, 0xed, 0x56, 0x60, 0x05, 0x34, 0x20,
    0xa0, 0x00, 0x00, 0x03, 0x2f, 0x19, 0xf5, 0xe9, 0x02, 0x44, 0x0e, 0xde,
    0x0e, 0xa7, 0x0b, 0x6d, 0x12, 0x30, 0xbe, 0x00, 0x30, 0xf5, 0x5d, 0xf3,
    0x14, 0xe7, 0xea, 0x79, 0x0b, 0x00, 0x6e, 0x17, 0x0a, 0x3a, 0x64, 0x00,
    0x2e, 0x22, 0x51, 0xc7, 0x8d, 0x92, 0x14, 0xfc, 0x55, 0x9f, 0x00, 0x40,
    0xc8, 0x74, 0xf2, 0xa5, 0xcf, 0x93, 0x13, 0x03, 0x00, 0xfd, 0x1b, 0x8c,
    0x5d, 0xfc, 0x87, 0xfc, 0x39, 0x43, 0x03, 0x3b, 0x4e, 0x8f, 0x61, 0x92,
    0x44, 0x00, 0xf0, 0xdb, 0x0f, 0x6a, 0xa3, 0x6d, 0x38, 0x07, 0x04, 0x00,
    0xe4, 0x41, 0x38, 0xfc, 0xb8, 0xd6, 0x04, 0x72, 0x7c, 0x56, 0xcf, 0x19,
    0x9e, 0xbe, 0x2f, 0xaa, 0x00, 0xb0, 0x59, 0x5a, 0x0e, 0x80, 0xca, 0xd9,
    0xa3, 0xfa, 0xff, 0x7e, 0x5c, 0xfd, 0xae, 0x60, 0x17, 0x72, 0x2b, 0xff,
    0x2f, 0xe4, 0xd3, 0x8f, 0x1d, 0x63, 0xe4, 0x76, 0x08, 0x01, 0x00, 0xd0,
    0x71, 0xdb, 0x2e, 0xb6, 0x58, 0xf3, 0xe7, 0x01, 0x00, 0x31, 0x14, 0x38,
    0x0f, 0x35, 0x2d, 0x65, 0xb9, 0x1b, 0xcd, 0x9b, 0xd8, 0xa7, 0x58, 0x13,
    0x31, 0x00, 0x50, 0x30, 0x22, 0xc3, 0x4f, 0x86, 0xf4, 0x25, 0x06, 0x00,
    0xfc, 0xac, 0x06, 0xa4, 0xfd, 0x31, 0x14, 0x89, 0x20, 0x64, 0x32, 0xc4,
    0x5b, 0x5b, 0xfd, 0xad, 0x00, 0xa0, 0xe5, 0x2c, 0xc5, 0x6d, 0x62, 0x34,
    0x74, 0x01, 0x00, 0xd8, 0x89, 0x43, 0x90, 0x1b, 0x69, 0xfd, 0x2d, 0x15,
    0x49, 0x31, 0x02, 0x09, 0xfc, 0x23, 0x02, 0x00, 0x80, 0x55, 0x38, 0x78,
    0x24, 0xa6, 0xd3, 0x63, 0x03, 0x00, 0x7a, 0x2c, 0x29, 0x60, 0x10, 0x3a,
    0x87, 0x1d, 0x1d, 0x71, 0xfd, 0xed, 0xd1, 0x6e, 0x3d, 0x09, 0x00, 0xf0,
    0xe5, 0xb5, 0x98, 0x14, 0x8a, 0x09, 0xe0, 0x07, 0x00, 0x4e, 0x1b, 0x44,
    0x96, 0x63, 0x49, 0x6f, 0xfc, 0x11, 0x3a, 0x65, 0x32, 0x11, 0x3c, 0x46,
    0x8e, 0x00, 0x00, 0xb0, 0x84, 0xd1, 0x28, 0x65, 0x64, 0x23, 0x03, 0x00,
    0x7b, 0xa7, 0x53, 0xc2, 0x7d, 0x75, 0x5b, 0x42, 0x10, 0x63, 0xad, 0x70,
    0x97, 0x05, 0x0f, 0x2d, 0x00, 0x00, 0x11, 0x58, 0x61, 0xf5, 0x71, 0x18,
    0xf3, 0xf9, 0xff, 0x0d, 0xe1, 0x6d, 0x0a, 0x20, 0xa9, 0xff, 0x0f, 0x00,
    0xff, 0xff, 0xff, 0xff, 0xff, 0xff, 0xff, 0xff, 0xff, 0xff, 0xff, 0xff,
    0x47, 0x10, 0x00, 0x00, 0x00, 0x80, 0x37, 0x9c, 0x47, 0x26, 0x23, 0x20,
    0x00, 0x00, 0x00, 0x80, 0x39, 0x4a, 0x7a, 0x27, 0x77, 0x13, 0x00, 0x00,
    0x00, 0x80, 0xfc, 0x4b, 0x43, 0x26, 0x34, 0x1d, 0x00, 0x00, 0x00, 0x00,
    0x05, 0xa9, 0x42, 0x26, 0x8c, 0xe7, 0xff, 0xff, 0xff, 0x80, 0x3b, 0xd5,
    0x72, 0x27, 0x57, 0x07, 0x00, 0x00, 0x00, 0x00, 0x18, 0xe5, 0x5a, 0x26,
    0x8a, 0x18, 0x00, 0x00, 0x00, 0x80, 0xe5, 0xf0, 0x4d, 0x26, 0x28, 0xf7,
    0xff, 0xff, 0xff, 0x80, 0x6a, 0x9f, 0x50, 0x26, 0xba, 0x11, 0x00, 0x00,
    0x00, 0x80, 0xd7, 0xa0, 0x56, 0x26, 0xb8, 0x19, 0x00, 0x00, 0x00, 0x80,
    0xc2, 0x37, 0x4b, 0x26, 0xae, 0x18, 0x00, 0x00, 0x00, 0x80, 0xd4, 0x80,
    0x50, 0x26, 0xce, 0x10, 0x00, 0x00, 0x00, 0x00, 0x86, 0x75, 0x6e, 0x27,
    0xa1, 0xfd, 0xff, 0xff, 0xff, 0x80, 0x83, 0xa6, 0x4f, 0x26, 0x55, 0x1b,
    0x00, 0x00, 0x00, 0x00, 0x57, 0xc8, 0x46, 0x26, 0x2d, 0x05, 0x00, 0x00,
    0x00, 0x00, 0xbd, 0xfc, 0x60, 0x26, 0xee, 0xf6, 0xff, 0xff, 0xff, 0x00,
    0xc8, 0x96, 0x60, 0x26, 0xe8, 0x07, 0x5c, 0x01, 0x0c, 0x00, 0x49, 0x6c,
    0x70, 0x26, 0x0b, 0x09, 0xfd, 0x4b, 0x00, 0x10, 0x8a, 0xa0, 0xe9, 0x5a,
    0x14, 0xd1, 0x8f, 0x02, 0x00, 0xbf, 0x4a, 0xfd, 0x44, 0x13, 0x1d, 0x0c,
    0x5f, 0x03, 0xfd, 0x68, 0xe5, 0x07, 0x30, 0x64, 0x69, 0x00, 0xa0, 0xfe,
    0xdc, 0x21, 0x9f, 0x09, 0x47, 0xda, 0x00, 0x00, 0x6a, 0x95, 0xa7, 0xfd,
    0x25, 0x8a, 0x26, 0x3a, 0x1b, 0x01, 0xfd, 0x76, 0x93, 0x10, 0x56, 0x28,
    0x00, 0xa0, 0xf8, 0xf0, 0x01, 0xe2, 0xa3, 0xe1, 0x23, 0x29, 0x00, 0x4c,
    0x48, 0x8b, 0x67, 0x06, 0xcf, 0x8c, 0x19, 0xb7, 0x1d, 0x97, 0x0c, 0xe3,
    0x09, 0x28, 0xa6, 0x00, 0x70, 0xb0, 0xa7, 0xa6, 0x73, 0x29, 0xe3, 0xb3,
    0x09, 0x00, 0x08, 0x6b, 0x65, 0x2f, 0xb5, 0xd2, 0x46, 0x36, 0x75, 0xe4,
    0x0a, 0xbe, 0xb2, 0x68, 0xfd, 0x83, 0x00, 0xf0, 0x47, 0xb4, 0x83, 0xa4,
    0xc2, 0x08, 0x16, 0x0a, 0xf0, 0xe3, 0xef, 0xf8, 0xbe, 0x8e, 0xed, 0x67,
    0x3a, 0xff, 0x6f, 0x90, 0xd4, 0x6f, 0xcb, 0x45, 0x22, 0x2b, 0xf7, 0xff,
    0x02, 0xfd, 0x4b, 0xaa, 0x21, 0xca, 0x91, 0xa7, 0xff, 0xff, 0xff, 0xff,
    0xff, 0xff, 0xff, 0xff, 0xff, 0xff, 0xff, 0xff, 0x0f, 0x00, 0x00, 0x1d,
    0x76, 0x09, 0xab, 0x8f, 0xfd, 0x1c, 0x53, 0x00, 0xf0, 0xec, 0x75, 0x71,
    0x54, 0x85, 0xc6, 0x80, 0x02, 0x00, 0x2f, 0x4a, 0x8a, 0x28, 0x6a, 0xbf,
    0x67, 0x41, 0x46, 0x30, 0x88, 0x1e, 0xfc, 0x5a, 0xb3, 0x9a, 0x00, 0x10,
    0x90, 0x85, 0x71, 0xf8, 0x12, 0xb2, 0x84, 0x03, 0x00, 0x6b, 0x6c, 0x19,
    0x55, 0x6b, 0xa9, 0x7a, 0x42, 0x07, 0x11, 0x33, 0x22, 0x22, 0xfc, 0x63,
    0x89, 0x00, 0x30, 0xd6, 0x00, 0x95, 0xa8, 0x76, 0xc7, 0x59, 0x03, 0x10,
    0x52, 0x8b, 0x44, 0x26, 0x9d, 0x17, 0x7b, 0xcb, 0xfd, 0xf1, 0x5f, 0x53,
    0xfc, 0x10, 0x70, 0xd9, 0x00, 0x30, 0xc6, 0x2f, 0x9b, 0x0e, 0x17, 0x17,
    0xf2, 0x01, 0x00, 0x87, 0x37, 0x09, 0x3c, 0xa5, 0xb2, 0x12, 0xfd, 0x2e,
    0x5b, 0x10, 0x94, 0x59, 0x20, 0x05, 0x0c, 0x00, 0x50, 0xf8, 0x25, 0xdc,
    0xca, 0x0f, 0x20, 0x27, 0xfc, 0xff, 0x23, 0x50, 0x7d, 0x43, 0x66, 0xbf,
    0xff, 0xff, 0xff, 0xff, 0xff, 0xff, 0xff, 0xff, 0xff, 0xff, 0xff, 0xff,
    0xff, 0xff, 0x0f, 0xff, 0xff, 0xff, 0xff, 0xff, 0xff, 0xff, 0xff, 0xff,
    0xff, 0xff, 0xff, 0xff, 0x0c, 0xee, 0xff, 0xff, 0xff, 0x00, 0x16, 0x9f,
    0x54, 0x25, 0x64, 0xf0, 0xff, 0xff, 0xff, 0x80, 0xed, 0x1c, 0x5d, 0x25,
    0x4f, 0xf8, 0xff, 0xff, 0xff, 0x80, 0x0e, 0x54, 0x43, 0x24, 0xaa, 0x18,
    0x00, 0x00, 0x00, 0x80, 0xbb, 0x2e, 0x6b, 0x26, 0x69, 0xe1, 0xff, 0xff,
    0xff, 0x00, 0x2a, 0xe5, 0x66, 0x27, 0x89, 0x2c, 0x00, 0x00, 0x00, 0x80,
    0xbb, 0x72, 0x51, 0x27, 0x9c, 0xfc, 0xff, 0xff, 0xff, 0x80, 0x5c, 0x2e,
    0x6f, 0x26, 0xd6, 0x1e, 0x00, 0x00, 0x00, 0x00, 0xdc, 0xaf, 0x47, 0x26,
    0x21, 0x31, 0x00, 0x00, 0x00, 0x00, 0x34, 0x2c, 0x66, 0x27, 0x6a, 0xf0,
    0xff, 0xff, 0xff, 0x80, 0xec, 0x87, 0x69, 0x25, 0xad, 0xf3, 0xff, 0xff,
    0xff, 0x80, 0x6b, 0x75, 0x4e, 0x26, 0xe6, 0x06, 0x00, 0x00, 0x00, 0x80,
    0x8b, 0x9d, 0x6d, 0x26, 0x89, 0xef, 0xff, 0xff, 0xff, 0x80, 0xa2, 0x19,
    0x4d, 0x26, 0xa2, 0x0f, 0x00, 0x00, 0x00, 0x80, 0x99, 0xa5, 0x5e, 0x26,
    0xb5, 0x07, 0x00, 0x00, 0x00, 0x80, 0x74, 0xb3, 0x4a, 0x25, 0xe7, 0xe8,
    0xff, 0xff, 0xff, 0x00, 0xc5, 0x18, 0x4b, 0x26, 0xfe, 0x07, 0x5c, 0x00,
    0x6c, 0x12, 0x80, 0xa8, 0x47, 0xf3, 0xfa, 0x37, 0xfc, 0x96, 0x55, 0xe6,
    0xeb, 0x3f, 0x8f, 0xd0, 0xc1, 0x79, 0xa3, 0x17, 0x16, 0x05, 0xb4, 0xd4,
    0x51, 0x2d, 0xc5, 0xb1, 0x40, 0xd9, 0xdc, 0x48, 0x03, 0x6b, 0x78, 0x11,
    0x64, 0x34, 0x54, 0xcf, 0x86, 0x26, 0x23, 0x80, 0x85, 0x9c, 0xec, 0x3f,
    0x6d, 0x39, 0xd6, 0xe8, 0x84, 0x56, 0x9a, 0xf1, 0xf9, 0x78, 0x75, 0x11,
    0x8b, 0x4b, 0x00, 0xaa, 0x13, 0xd4, 0xeb, 0x3f, 0x2b, 0x7c, 0xd8, 0xa6,
    0xf1, 0x53, 0x76, 0x12, 0xf3, 0xf1, 0x8f, 0x3d, 0x44, 0x09, 0x7d, 0xc7,
    0xa2, 0x04, 0x78, 0xdd, 0x42, 0xc6, 0x89, 0x3d, 0x92, 0x45, 0x45, 0xf5,
    0x7f, 0xeb, 0x3f, 0x99, 0xe8, 0xf8, 0xe8, 0xef, 0xe0, 0x7f, 0xe3, 0x73,
    0x19, 0x09, 0x21, 0x74, 0x45, 0x8b, 0x3f, 0xf0, 0x2f, 0xb2, 0x4a, 0x87,
    0x16, 0x10, 0x10, 0x10, 0x10, 0x10, 0x10, 0x10, 0x10, 0xf7, 0xe2, 0x35,
    0x30, 0xc1, 0x08, 0xd4, 0x94, 0x4e, 0x81, 0xf9, 0x47, 0x4e, 0x78, 0xb1,
    0xf2, 0x1f, 0xf7, 0x73, 0xae, 0x08, 0xfa, 0x5f, 0x66, 0x61, 0x04, 0x6e,
    0x78, 0x73, 0xb5, 0x6c, 0xf3, 0xa8, 0xe4, 0x4f, 0x6a, 0xf3, 0xcf, 0x96,
    0xb0, 0x77, 0x82, 0x13, 0x07, 0x7b, 0x34, 0x40, 0x9a, 0xe8, 0x3f, 0xfa,
    0x2c, 0xc8, 0xb9, 0xf2, 0xa5, 0x60, 0x36, 0xe3, 0xe6, 0xdf, 0xa7, 0xce,
    0x4a, 0x23, 0x48, 0xaf, 0xde, 0x17, 0x33, 0x65, 0x0d, 0xa9, 0x45, 0xe2,
    0xdf, 0xb8, 0x54, 0xc5, 0x52, 0xe5, 0x46, 0x30, 0x71, 0xa3, 0xc2, 0xaf,
    0xd2, 0x49, 0x97, 0x7b, 0xb3, 0xb5, 0x77, 0x3a, 0xf6, 0xf9, 0xf2, 0x95,
    0x2e, 0xd8, 0x33, 0x32, 0xd1, 0x86, 0x80, 0x92, 0xa0, 0x53, 0x05, 0xe9,
    0x8f, 0x58, 0x76, 0x92, 0xd2, 0xb9, 0x5a, 0x69, 0x13, 0x10, 0x10, 0x10,
    0x10, 0x10, 0x10, 0x10, 0xf0, 0xff, 0xff, 0xff, 0xff, 0xff, 0xff, 0xff,
    0xff, 0xff, 0xff, 0xff, 0x01, 0xea, 0xff, 0xff, 0xff, 0x00, 0xa3, 0x19,
    0x40, 0x25, 0xa3, 0xee, 0xff, 0xff, 0xff, 0x80, 0xb0, 0x81, 0x65, 0x26,
    0xb4, 0x1f, 0x00, 0x00, 0x00, 0x00, 0xe3, 0xf4, 0x62, 0x26, 0x63, 0x15,
    0x00, 0x00, 0x00, 0x00, 0x1d, 0x4d, 0x42, 0x26, 0xbb, 0x01, 0x00, 0x00,
    0x00, 0x80, 0x79, 0x5d, 0x4f, 0x26, 0x69, 0x26, 0x00, 0x00, 0x00, 0x80,
    0xf7, 0xe7, 0x4b, 0x26, 0x64, 0xf2, 0xff, 0xff, 0xff, 0x80, 0x28, 0x8d,
    0x48, 0x26, 0xc3, 0xd0, 0xff, 0xff, 0xff, 0x80, 0x4e, 0x14, 0x49, 0x26,
    0xa4, 0x22, 0x00, 0x00, 0x00, 0x80, 0x95, 0xd1, 0x75, 0x27, 0x63, 0x19,
    0x00, 0x00, 0x00, 0x80, 0xaa, 0xb6, 0x5b, 0x26, 0xd6, 0x03, 0x00, 0x00,
    0x00, 0x00, 0xd5, 0xc6, 0x77, 0x26, 0x93, 0xe7, 0xff, 0xff, 0xff, 0x80,
    0x2c, 0xa3, 0x40, 0x25, 0x96, 0x11, 0x00, 0x00, 0x00, 0x80, 0xc7, 0x48,
    0x56, 0x26, 0xaa, 0xfe, 0xff, 0xff, 0xff, 0x80, 0x5a, 0x20, 0x58, 0x26,
    0x89, 0xe3, 0xff, 0xff, 0xff, 0x00, 0x16, 0x65, 0x59, 0x26, 0xbd, 0xf6,
    0xff, 0xff, 0xff, 0x80, 0x7c, 0x00, 0x58, 0x26, 0xf0, 0x07, 0x5c, 0x01,
    0x0c, 0x00, 0x6d, 0x14, 0xfc, 0x28, 0x07, 0x06, 0x60, 0x32, 0x00, 0xe0,
    0xf4, 0x0a, 0x6c, 0x8c, 0xd3, 0x6f, 0x76, 0x05, 0x00, 0x57, 0x30, 0xfd,
    0x08, 0x4e, 0x4f, 0x2b, 0xf3, 0xe8, 0x56, 0x98, 0x08, 0xfd, 0xcf, 0xbf,
    0x71, 0x00, 0x00, 0xe1, 0x6e, 0x11, 0xa9, 0x13, 0xda, 0x2f, 0x04, 0x00,
    0x7d, 0x1f, 0x1f, 0x5c, 0xb3, 0x74, 0x6e, 0x47, 0xf8, 0x45, 0x6e, 0x1d,
    0x03, 0x6f, 0x99, 0x30, 0x00, 0xc0, 0x8f, 0xee, 0xdc, 0xa8, 0xd5, 0x6d,
    0xc7, 0x0f, 0x00, 0x76, 0x4e, 0x45, 0xaa, 0x60, 0x83, 0x55, 0x1e, 0x88,
    0x6c, 0x58, 0x42, 0x48, 0x92, 0xbd, 0xba, 0x00, 0xf0, 0xb8, 0x72, 0xd0,
    0xc2, 0x03, 0x55, 0x73, 0x00, 0x00, 0x29, 0x95, 0xa5, 0x1e, 0xe1, 0x5c,
    0x8c, 0x46, 0x88, 0xca, 0x30, 0x43, 0x93, 0x46, 0x41, 0xad, 0x00, 0x30,
    0xdd, 0x9f, 0x63, 0x14, 0x3d, 0x77, 0xa5, 0x08, 0xf0, 0x84, 0xfc, 0xa5,
    0x8b, 0xb5, 0x73, 0x7a, 0x4a, 0xff, 0x6f, 0xe9, 0x58, 0xb2, 0x68, 0x6c,
    0x3b, 0x45, 0xfe, 0xff, 0xa9, 0x8b, 0x84, 0xb4, 0x31, 0x56, 0x7f, 0xfd,
    0xff, 0xff, 0xff, 0xff, 0xff, 0xff, 0xff, 0xff, 0xff, 0xff, 0xff, 0xff,
    0x0f, 0x00, 0x00, 0x57, 0xaf, 0x2b, 0x97, 0xfd, 0x40, 0x3e, 0x37, 0x00,
    0x30, 0x9e, 0x21, 0x80, 0xf8, 0x05, 0xd1, 0xc1, 0x0f, 0x04, 0xb6, 0x29,
    0x60, 0x8c, 0xfc, 0x92, 0x2e, 0x2f, 0x68, 0xaa, 0x49, 0x10, 0x28, 0x49,
    0x3b, 0xf1, 0x00, 0x20, 0x0d, 0x46, 0xf6, 0xe5, 0x95, 0xcf, 0xcf, 0x01,
    0x00, 0x74, 0x9e, 0x8f, 0x42, 0xb0, 0x05, 0x54, 0x8a, 0x74, 0xfc, 0x5f,
    0x5f, 0x5a, 0x36, 0x51, 0x8b, 0x00, 0x10, 0x5b, 0x81, 0x66, 0xc8, 0x63,
    0x74, 0xd9, 0x0a, 0x00, 0xaa, 0x16, 0x90, 0x09, 0xcf, 0x07, 0xaf, 0x7a,
    0x99, 0x5d, 0xa1, 0x94, 0x13, 0x08, 0x2a, 0x98, 0x00, 0x10, 0xd0, 0x92,
    0x71, 0x91, 0x31, 0x53, 0x12, 0x04, 0x00, 0xfd, 0x5c, 0x4e, 0x29, 0x81,
    0x1f, 0x44, 0xc1, 0xad, 0xf4, 0x2a, 0x3c, 0x92, 0x44, 0x5f, 0x1d, 0x00,
    0xc0, 0x0c, 0x7c, 0xf9, 0x15, 0xc1, 0xbf, 0xc3, 0xf2, 0xff, 0x44, 0x51,
    0x00, 0x41, 0x10, 0x6b, 0x71, 0xff, 0xff, 0xff, 0xff, 0xff, 0xff, 0xff,
    0xff, 0xff, 0xff, 0xff, 0xff, 0xff, 0xff, 0x0f, 0xff, 0xff, 0xff, 0xff,
    0xff, 0xff, 0xff, 0xff, 0xff, 0xff, 0xff, 0xff, 0xe7, 0x1c, 0x00, 0x00,
    0x00, 0x80, 0xae, 0x0d, 0x56, 0x26, 0x6b, 0x13, 0x00, 0x00, 0x00, 0x00,
    0x97, 0xd5, 0x68, 0x26, 0x31, 0x24, 0x00, 0x00, 0x00, 0x80, 0xd9, 0x6f,
    0x52, 0x26, 0x7f, 0xfd, 0xff, 0xff, 0xff, 0x00, 0x65, 0xae, 0x43, 0x25,
    0xa0, 0xf7, 0xff, 0xff, 0xff, 0x00, 0xf2, 0xac, 0x70, 0x26, 0x03, 0xf9,
    0xff, 0xff, 0xff, 0x80, 0x8f, 0x60, 0x7d, 0x26, 0xe0, 0xf1, 0xff, 0xff,
    0xff, 0x00, 0x97, 0xb1, 0x43, 0x25, 0xf6, 0xdd, 0xff, 0xff, 0xff, 0x80,
    0xdd, 0xca, 0x4c, 0x26, 0x22, 0x23, 0x00, 0x00, 0x00, 0x80, 0xf0, 0x17,
    0x61, 0x26, 0xe0, 0xf9, 0xff, 0xff, 0xff, 0x80, 0x7b, 0x9e, 0x54, 0x25,
    0x22, 0x03, 0x00, 0x00, 0x00, 0x00, 0x56, 0x9e, 0x50, 0x26, 0x85, 0xeb,
    0xff, 0xff, 0xff, 0x00, 0xb2, 0xe6, 0x49, 0x26, 0xda, 0x37, 0x00, 0x00,
    0x00, 0x00, 0xd0, 0x5f, 0x4d, 0x26, 0xeb, 0xfe, 0xff, 0xff, 0xff, 0x00,
    0x9a, 0x78, 0x6a, 0x26, 0xae, 0x25, 0x00, 0x00, 0x00, 0x00, 0x46, 0x1a,
    0x4e, 0x26, 0x56, 0xea, 0xff, 0xff, 0xff, 0x00, 0xe6, 0xa0, 0x70, 0x26,
    0x50, 0x0a, 0x5c, 0x01, 0x0c, 0x04, 0x3b, 0x31, 0x6f, 0x6c, 0x4b, 0xfc,
    0x4f, 0x5b, 0x00, 0xf0, 0xc5, 0x90, 0xb3, 0x00, 0xda, 0x84, 0x82, 0x0b,
    0x00, 0x0d, 0x89, 0x7f, 0x0a, 0x2d, 0x1e, 0x36, 0x47, 0xfd, 0x87, 0xfd,
    0x23, 0x2b, 0x47, 0x0f, 0x31, 0x00, 0x80, 0xfa, 0x02, 0x04, 0xfb, 0x01,
    0x42, 0x32, 0x09, 0x00, 0x01, 0x57, 0x42, 0xfc, 0x31, 0x1e, 0x45, 0x6d,
    0x4a, 0x07, 0xec, 0x86, 0x0b, 0x7d, 0x30, 0x37, 0x00, 0xc4, 0xd4, 0x17,
    0x21, 0xd5, 0x48, 0xe2, 0xb3, 0x02, 0x00, 0x5f, 0x1e, 0x54, 0x29, 0x34,
    0x6e, 0x3f, 0x9d, 0x39, 0xd2, 0x3e, 0x29, 0x06, 0x22, 0xfd, 0x2d, 0x00,
    0xc0, 0xb4, 0xe5, 0xf5, 0x02, 0x44, 0x5d, 0xd1, 0x02, 0x00, 0x33, 0x5b,
    0xf1, 0x2b, 0x32, 0xfc, 0x52, 0x87, 0xbc, 0x4e, 0xac, 0x02, 0x48, 0x33,
    0x55, 0xc8, 0x00, 0x70, 0x92, 0x13, 0x3a, 0x03, 0x70, 0xc0, 0x98, 0x04,
    0x00, 0x55, 0x0b, 0x5c, 0x1a, 0x05, 0x8c, 0x11, 0x25, 0x41, 0x0a, 0x00,
    0x44, 0xfc, 0x0d, 0x9b, 0x51, 0x00, 0xe0, 0x63, 0xba, 0x86, 0x64, 0xe6,
    0xc2, 0x02, 0x02, 0x00, 0x6f, 0x42, 0x56, 0x14, 0x5a, 0x36, 0x16, 0x38,
    0xfd, 0x47, 0x95, 0xd4, 0x69, 0x0c, 0x58, 0x1b, 0x00, 0x10, 0x31, 0x6e,
    0x02, 0x87, 0xb1, 0xb1, 0x77, 0xf6, 0xff, 0x3c, 0x47, 0x77, 0x9d, 0x48,
    0x0c, 0xbe, 0x5d, 0xff, 0xbf, 0xe2, 0xb3, 0x26, 0xb7, 0x30, 0x93, 0x40,
    0x00, 0x00, 0x00, 0x10, 0x66, 0xdd, 0x20, 0xb0, 0x54, 0x93, 0xf0, 0x06,
    0x00, 0x0f, 0xda, 0xf9, 0x60, 0x07, 0x4c, 0x98, 0x04, 0x77, 0x03, 0xf3,
    0x77, 0x46, 0xb8, 0x19, 0x20, 0x00, 0x74, 0xc5, 0x6f, 0x70, 0x16, 0x1c,
    0x82, 0xf0, 0x00, 0x00, 0x4b, 0x06, 0x7f, 0x0a, 0x16, 0x4f, 0x6f, 0x7d,
    0x4e, 0x2c, 0x23, 0x23, 0x37, 0x5c, 0x27, 0x06, 0x00, 0x20, 0xe5, 0xa3,
    0x51, 0x36, 0x71, 0x46, 0x2a, 0x03, 0x00, 0x57, 0x50, 0xfd, 0x81, 0x44,
    0xfd, 0x6c, 0x19, 0x11, 0x60, 0x28, 0x20, 0x63, 0x51, 0x8b, 0x45, 0x00,
    0x60, 0x43, 0x62, 0xf2, 0x38, 0xe0, 0xd5, 0xa3, 0x06, 0x00, 0x29, 0xc1,
    0x19, 0x14, 0xba, 0xc7, 0x0a, 0x55, 0x39, 0xb7, 0x20, 0xb2, 0xfc, 0x6b,
    0x12, 0x6e, 0x00, 0xe0, 0xa1, 0x44, 0xb1, 0x24, 0x93, 0x83, 0x81, 0x01,
    0x00, 0x13, 0x5f, 0x4b, 0x0e, 0x4d, 0x47, 0x2d, 0x00, 0x94, 0xd5, 0x15,
    0x6b, 0x71, 0x87, 0xbc, 0x2c, 0x80, 0xb0, 0x95, 0x85, 0xc8, 0x92, 0x53,
    0x26, 0xa4, 0x07, 0x00, 0xfd, 0x11, 0x08, 0x16, 0x13, 0x32, 0xd4, 0x4d,
    0x01, 0x90, 0xa4, 0x72, 0x60, 0xf7, 0x54, 0xcb, 0x9f, 0x26, 0xdb, 0x6f,
    0xc8, 0xc0, 0x3f, 0xc0, 0x30, 0xf0, 0xff, 0x38, 0x45, 0x36, 0xff, 0x0f,
    0x00, 0xff, 0xff, 0xff, 0xff, 0xff, 0xff, 0xff, 0xff, 0xff, 0xff, 0xff,
    0xff, 0xff, 0xff, 0xff, 0x47, 0x0d, 0x00, 0x00, 0x00, 0x00, 0x59, 0x1a,
    0x53, 0x26, 0x2e, 0x20, 0x00, 0x00, 0x00, 0x80, 0x22, 0xfa, 0x43, 0x26,
    0xf2, 0xe8, 0xff, 0xff, 0xff, 0x00, 0x5a, 0x45, 0x47, 0x26, 0x31, 0xf4,
    0xff, 0xff, 0xff, 0x00, 0xc7, 0x7c, 0x4e, 0x26, 0x56, 0x09, 0x00, 0x00,
    0x00, 0x00, 0x04, 0x0e, 0x78, 0x27, 0x92, 0xf9, 0xff, 0xff, 0xff, 0x80,
    0x25, 0x08, 0x70, 0x26, 0x54, 0x2e, 0x00, 0x00, 0x00, 0x80, 0xe0, 0x3a,
    0x44, 0x26, 0xb6, 0x29, 0x00, 0x00, 0x00, 0x00, 0x2e, 0xc5, 0x46, 0x26,
    0x62, 0x2a, 0x00, 0x00, 0x00, 0x80, 0xe5, 0x07, 0x45, 0x26, 0x47, 0x00,
    0x00, 0x00, 0x00, 0x80, 0x73, 0x64, 0x5d, 0x26, 0x38, 0xe8, 0xff, 0xff,
    0xff, 0x00, 0x9b, 0xf9, 0x4d, 0x26, 0x75, 0x17, 0x00, 0x00, 0x00, 0x00,
    0x4a, 0xa2, 0x45, 0x26, 0x47, 0x38, 0x00, 0x00, 0x00, 0x80, 0x62, 0x1d,
    0x43, 0x26, 0x77, 0x17, 0x00, 0x00, 0x00, 0x00, 0xda, 0x55, 0x57, 0x26,
    0xe4, 0x10, 0x00, 0x00, 0x00, 0x80, 0xab, 0xbf, 0x7b, 0x27, 0xa7, 0x11,
    0x00, 0x00, 0x00, 0x80, 0xf5, 0x70, 0x63, 0x26, 0xf8, 0x07, 0x5c, 0x01,
    0x0c, 0x00, 0x07, 0x9b, 0xeb, 0xe8, 0x4d, 0x5b, 0xc4, 0x78, 0x00, 0x50,
    0xbc, 0x16, 0xd6, 0x38, 0x7f, 0xd4, 0x9f, 0x08, 0x00, 0x92, 0x81, 0xf4,
    0x2a, 0x30, 0x3e, 0x00, 0x15, 0x5d, 0xd1, 0x43, 0x56, 0xce, 0x20, 0xe2,
    0x2c, 0x00, 0xc0, 0x31, 0xa6, 0xb4, 0x0d, 0x9a, 0x68, 0x04, 0x00, 0x00,
    0x5e, 0x92, 0x07, 0xfd, 0x07, 0x3b, 0x48, 0x7c, 0xa3, 0x9b, 0x2a, 0x5f,
    0xf9, 0x26, 0x30, 0x99, 0x00, 0xd0, 0x50, 0x4b, 0xc3, 0x35, 0x1b, 0x36,
    0x7b, 0x03, 0x00, 0x58, 0xfd, 0xd3, 0xb0, 0x5d, 0x8e, 0x58, 0x83, 0x7d,
    0x47, 0xfa, 0x29, 0x6c, 0xc2, 0x16, 0x10, 0x00, 0x20, 0x92, 0xc0, 0xa1,
    0xc1, 0x9f, 0x40, 0xa6, 0x04, 0x00, 0x8f, 0x31, 0xd4, 0x78, 0x26, 0xaf,
    0xfc, 0x1f, 0x98, 0x76, 0xb3, 0x20, 0x8b, 0x86, 0xfd, 0xec, 0x00, 0xb0,
    0xa2, 0x0d, 0xb7, 0xb8, 0xea, 0x42, 0xc0, 0x06, 0xf0, 0x24, 0x9a, 0x19,
    0x3f, 0xfd, 0xdd, 0x67, 0x9c, 0xff, 0xdf, 0x6f, 0xbd, 0x0c, 0x9e, 0x11,
    0xb4, 0xf6, 0xf6, 0xff, 0xb5, 0x9b, 0x13, 0x06, 0xd5, 0x51, 0xfd, 0xa1,
    0xff, 0xff, 0xff, 0xff, 0xff, 0xff, 0xff, 0xff, 0xff, 0xff, 0xff, 0xff,
    0x0f, 0x00, 0x00, 0xa4, 0x62, 0x1c, 0x9c, 0x68, 0x76, 0x0e, 0xfd, 0x00,
    0x00, 0x8c, 0x21, 0x76, 0xe9, 0xea, 0xed, 0xa9, 0x03, 0x00, 0x52, 0x9b,
    0xc4, 0xe3, 0x0b, 0x0a, 0x06, 0x37, 0x97, 0x9d, 0xfd, 0x1c, 0x5a, 0x46,
    0xe3, 0xaf, 0x00, 0xb0, 0x51, 0xea, 0x60, 0x51, 0x23, 0x11, 0x80, 0x02,
    0x00, 0xa0, 0xa5, 0xe0, 0x75, 0xde, 0x3b, 0x83, 0x85, 0x62, 0x00, 0xfd,
    0x5c, 0x2f, 0x04, 0x64, 0x7f, 0x00, 0x50, 0x02, 0xb1, 0x37, 0x27, 0xa8,
    0x62, 0x03, 0x06, 0x00, 0x95, 0x81, 0x4f, 0x4e, 0x3f, 0x7a, 0x1f, 0x63,
    0x69, 0x0c, 0x2e, 0x71, 0x1b, 0x92, 0xf3, 0xfc, 0x00, 0xc0, 0x93, 0xd3,
    0x51, 0xbc, 0x92, 0xd1, 0xaf, 0x0a, 0x00, 0x1a, 0x44, 0xcd, 0x47, 0xf1,
    0x7b, 0x0d, 0x26, 0xfd, 0xbd, 0xa6, 0x01, 0x08, 0x87, 0x74, 0x79, 0x00,
    0x00, 0x00, 0xea, 0xd4, 0xdc, 0x8f, 0x77, 0x51, 0xfa, 0xff, 0x03, 0x25,
    0x64, 0x06, 0x49, 0x36, 0x8b, 0x1d, 0xff, 0xff, 0xff, 0xff, 0xff, 0xff,
    0xff, 0xff, 0xff, 0xff, 0xff, 0xff, 0xff, 0xff, 0x0f, 0xff, 0xff, 0xff,
    0xff, 0xff, 0xff, 0xff, 0xff, 0xff, 0xff, 0xff, 0x9f, 0x0d, 0x00, 0x00,
    0x00, 0x00, 0x4c, 0x0d, 0x69, 0x26, 0x57, 0x16, 0x00, 0x00, 0x00, 0x00,
    0xcb, 0x43, 0x6b, 0x26, 0x43, 0xf3, 0xff, 0xff, 0xff, 0x80, 0x9c, 0xaa,
    0x4d, 0x25, 0x33, 0x2a, 0x00, 0x00, 0x00, 0x00, 0x55, 0x97, 0x47, 0x26,
    0xa0, 0x1f, 0x00, 0x00, 0x00, 0x80, 0x2b, 0x75, 0x64, 0x26, 0x35, 0x0e,
    0x00, 0x00, 0x00, 0x00, 0x19, 0x64, 0x48, 0x25, 0xac, 0xfd, 0xff, 0xff,
    0xff, 0x80, 0x61, 0x4a, 0x5b, 0x25, 0x82, 0x21, 0x00, 0x00, 0x00, 0x80,
    0xcc, 0xb9, 0x4c, 0x26, 0x06, 0xee, 0xff, 0xff, 0xff, 0x00, 0x4e, 0x0d,
    0x43, 0x25, 0x0b, 0xff, 0xff, 0xff, 0xff, 0x00, 0x98, 0xee, 0x6f, 0x26,
    0x7b, 0x25, 0x00, 0x00, 0x00, 0x80, 0x62, 0x6e, 0x52, 0x26, 0x4f, 0xf6,
    0xff, 0xff, 0xff, 0x80, 0xcd, 0xf0, 0x40, 0x25, 0x82, 0x2e, 0x00, 0x00,
    0x00, 0x00, 0x5a, 0xe8, 0x4d, 0x26, 0x83, 0x06, 0x00, 0x00, 0x00, 0x80,
    0xb5, 0x2a, 0x61, 0x26, 0x1e, 0x25, 0x00, 0x00, 0x00, 0x80, 0x7c, 0xd4,
    0x6c, 0x26, 0x09, 0x1e, 0x00, 0x00, 0x00, 0x00, 0x36, 0xd2, 0x6b, 0x26,
    0xfe, 0x07, 0x5c, 0x00, 0x8c, 0xd5, 0xd0, 0x14, 0xf2, 0xff, 0x82, 0xd2,
    0xec, 0x65, 0x36, 0x78, 0x62, 0x60, 0x50, 0xd2, 0x44, 0xf5, 0x61, 0x19,
    0xdf, 0xb3, 0xfa, 0xa3, 0x41, 0xc2, 0xe7, 0xd2, 0x11, 0x94, 0xf2, 0xe3,
    0xa3, 0x4e, 0xe1, 0x37, 0xc5, 0xb5, 0xe4, 0x6f, 0x55, 0x18, 0xe7, 0xef,
    0xcf, 0x67, 0xf3, 0xb1, 0x18, 0xf3, 0xab, 0x35, 0x17, 0xdd, 0xa5, 0x28,
    0x67, 0x20, 0x42, 0x71, 0x79, 0xe8, 0xea, 0x70, 0xd9, 0xb5, 0xc2, 0x18,
    0x77, 0x84, 0xc6, 0xe2, 0xfc, 0xa5, 0x90, 0x55, 0x01, 0x9a, 0x91, 0x60,
    0x30, 0xfa, 0x1f, 0x92, 0x36, 0x12, 0xf1, 0xf1, 0x5f, 0x90, 0x91, 0x3c,
    0x3e, 0x3c, 0x30, 0x9e, 0xbe, 0xb4, 0xa5, 0xf8, 0x12, 0xf9, 0x0f, 0x14,
    0xff, 0xcf, 0xe0, 0xd6, 0xa0, 0x25, 0x11, 0x91, 0xef, 0x51, 0xd8, 0x37,
    0xa6, 0xea, 0xa0, 0xe1, 0x18, 0x10, 0x10, 0x10, 0x10, 0x10, 0x10, 0x10,
    0xf0, 0x98, 0x4f, 0xc2, 0x48, 0x19, 0x0f, 0x78, 0xee, 0x1f, 0xad, 0xa7,
    0xa0, 0x52, 0x7b, 0xbc, 0xcb, 0x90, 0x50, 0xb2, 0x94, 0xf4, 0xff, 0x40,
    0x44, 0x68, 0x4e, 0x26, 0x9a, 0x7a, 0x7c, 0x81, 0xe0, 0xe3, 0x1f, 0x72,
    0x2c, 0x65, 0x30, 0x97, 0x1a, 0x88, 0x66, 0x02, 0xba, 0xd2, 0x82, 0xf7,
    0x0f, 0x4b, 0x10, 0x92, 0xa0, 0x42, 0xe2, 0xf1, 0xa5, 0xc0, 0xb3, 0xe0,
    0xf2, 0x6e, 0x96, 0x78, 0xb9, 0xc7, 0x72, 0xd0, 0xbb, 0x0b, 0xfa, 0x46,
    0xf2, 0xbb, 0x92, 0xc6, 0x77, 0x05, 0xda, 0x38, 0xc7, 0x5b, 0x93, 0xd8,
    0x5c, 0xa4, 0x0d, 0x61, 0xc3, 0x2b, 0x76, 0x6c, 0xd8, 0x57, 0xb3, 0x66,
    0xb6, 0x50, 0x9f, 0xe7, 0x1f, 0x6b, 0xb2, 0x60, 0x07, 0x37, 0xf8, 0x9f,
    0x9a, 0x31, 0xb9, 0xf0, 0x31, 0x00, 0x7a, 0x89, 0xf8, 0xef, 0xfa, 0x6f,
    0x12, 0x10, 0x10, 0x10, 0x10, 0x10, 0x10, 0x10, 0xf0, 0xff, 0xff, 0xff,
    0xff, 0xff, 0xff, 0xff, 0xff, 0xff, 0xff, 0xff, 0x34, 0xf4, 0xff, 0xff,
    0xff, 0x00, 0x10, 0x15, 0x72, 0x26, 0xd7, 0xe6, 0xff, 0xff, 0xff, 0x80,
    0x21, 0x4e, 0x7a, 0x26, 0x36, 0x14, 0x00, 0x00, 0x00, 0x00, 0xd7, 0x01,
    0x7a, 0x26, 0x07, 0x03, 0x00, 0x00, 0x00, 0x00, 0x8f, 0xd9, 0x59, 0x25,
    0x18, 0xdb, 0xff, 0xff, 0xff, 0x00, 0xa3, 0x10, 0x78, 0x26, 0xbb, 0x17,
    0x00, 0x00, 0x00, 0x80, 0x39, 0xe9, 0x43, 0x25, 0xec, 0xfb, 0xff, 0xff,
    0xff, 0x00, 0x67, 0x3b, 0x71, 0x26, 0x56, 0x12, 0x00, 0x00, 0x00, 0x00,
    0xad, 0xd1, 0x76, 0x26, 0x1f, 0x29, 0x00, 0x00, 0x00, 0x80, 0xb7, 0x07,
    0x41, 0x25, 0x15, 0xe4, 0xff, 0xff, 0xff, 0x80, 0x14, 0x49, 0x5c, 0x26,
    0x66, 0x09, 0x00, 0x00, 0x00, 0x80, 0x72, 0xc2, 0x4f, 0x26, 0x2d, 0xf1,
    0xff, 0xff, 0xff, 0x80, 0x24, 0x5c, 0x4d, 0x25, 0x2e, 0x0a, 0x00, 0x00,
    0x00, 0x80, 0xfa, 0xd1, 0x61, 0x26, 0x37, 0x33, 0x00, 0x00, 0x00, 0x80,
    0x4d, 0xab, 0x6d, 0x26, 0xac, 0xe9, 0xff, 0xff, 0xff, 0x00, 0x38, 0xe7,
    0x40, 0x25, 0x2b, 0xf8, 0xff, 0xff, 0xff, 0x00, 0x4a, 0x6d, 0x61, 0x26,
    0xf0, 0x07, 0x5c, 0x01, 0x0c, 0x00, 0x3a, 0x45, 0x58, 0x00, 0x78, 0x86,
    0xfc, 0xe7, 0x00, 0x60, 0x65, 0x85, 0xc1, 0x0f, 0x60, 0x1a, 0xf6, 0x04,
    0x00, 0x0f, 0xc0, 0x21, 0xfd, 0xd9, 0x0c, 0x73, 0x57, 0x1a, 0x50, 0x16,
    0x0c, 0xfd, 0x6a, 0x54, 0x19, 0x00, 0xc0, 0x4c, 0x20, 0xef, 0x11, 0x54,
    0xd0, 0x06, 0x09, 0x00, 0x3e, 0x48, 0x5b, 0x9b, 0x66, 0xc5, 0x51, 0x31,
    0xc1, 0x26, 0x82, 0xa9, 0xfc, 0x7d, 0xa8, 0x3f, 0x00, 0x70, 0xb7, 0x70,
    0xe8, 0x52, 0x5b, 0x16, 0xa2, 0x0b, 0x00, 0x41, 0x1a, 0x9c, 0x85, 0x01,
    0x75, 0x35, 0x36, 0x68, 0x16, 0x95, 0xc0, 0x96, 0x0b, 0x3f, 0x54, 0x00,
    0xb0, 0x98, 0x63, 0xd2, 0x80, 0x54, 0x63, 0x18, 0x00, 0x00, 0x3e, 0x48,
    0x3c, 0x70, 0x4f, 0x0d, 0x10, 0x77, 0x28, 0x60, 0xfc, 0x6b, 0xaa, 0x44,
    0x28, 0x0a, 0x00, 0x10, 0xf1, 0x03, 0x40, 0xdb, 0x3f, 0x54, 0x85, 0x00,
    0xf0, 0x93, 0x76, 0x9f, 0x54, 0x29, 0xd2, 0x24, 0x1a, 0xff, 0x3f, 0xd9,
    0xea, 0x33, 0x57, 0xe7, 0xc7, 0x3f, 0xf2, 0xff, 0x0e, 0x3b, 0x3e, 0x1a,
    0x43, 0x82, 0x8d, 0x18, 0xff, 0xff, 0xff, 0xff, 0xff, 0xff, 0xff, 0xff,
    0xff, 0xff, 0xff, 0xff, 0x0f, 0x00, 0x10, 0x9f, 0x26, 0xa4, 0x66, 0xec,
    0xfc, 0x76, 0xd4, 0x00, 0x20, 0x26, 0x5b, 0x5a, 0x58, 0x9f, 0x22, 0x42,
    0x04, 0x00, 0x94, 0x11, 0x00, 0xa6, 0x4c, 0x34, 0x2c, 0x0c, 0xb9, 0x6d,
    0x00, 0x94, 0x77, 0x64, 0x89, 0x39, 0x00, 0x50, 0xf8, 0xd1, 0x51, 0x61,
    0xf2, 0xd3, 0x14, 0x05, 0x00, 0xfc, 0xa6, 0x34, 0xb8, 0x04, 0x4a, 0x11,
    0x24, 0x0d, 0x8d, 0xbb, 0xc0, 0x82, 0x07, 0xfd, 0x77, 0x00, 0xf0, 0x34,
    0x47, 0xd4, 0x5f, 0x10, 0xfb, 0xdb, 0x02, 0x00, 0xef, 0xc1, 0x8a, 0x3e,
    0x82, 0x7a, 0xb3, 0xc9, 0xdc, 0x50, 0x8c, 0x1b, 0xfc, 0x53, 0x5f, 0xbd,
    0x00, 0x70, 0x62, 0xb8, 0x01, 0xd6, 0x60, 0xd1, 0xff, 0x07, 0x00, 0x40,
    0x32, 0xc4, 0x2e, 0xa1, 0x72, 0xfd, 0x48, 0x5d, 0x2d, 0x6d, 0xfd, 0x18,
    0xa9, 0xcd, 0x4a, 0x00, 0x50, 0x70, 0x4c, 0x4a, 0x50, 0x94, 0xe0, 0x80,
    0xf4, 0xff, 0x75, 0xe2, 0x9f, 0x37, 0x92, 0xc4, 0x09, 0xff, 0xff, 0xff,
    0xff, 0xff, 0xff, 0xff, 0xff, 0xff, 0xff, 0xff, 0xff, 0xff, 0xff, 0x0f,
    0xff, 0xff, 0xff, 0xff, 0xff, 0xff, 0xff, 0xff, 0xff, 0xff, 0xff, 0xff,
    0x63, 0x29, 0xff, 0xff, 0xff, 0x49, 0xd1, 0x04, 0x50, 0x29, 0x00, 0x00,
    0x00, 0x00, 0x00, 0x00, 0x6a, 0x07, 0x54, 0x01, 0x5c, 0xb5, 0x80, 0xbf,
    0x16, 0xb7, 0xff, 0x30, 0x69, 0x59, 0x20, 0x68, 0x0d, 0x00, 0x69, 0x0b,
    0xf8, 0xb7, 0x76, 0x42, 0xd6, 0xab, 0x33, 0x0c, 0xf8, 0x03, 0x4c, 0x0b,
    0xad, 0x5b, 0x4d, 0x00, 0x66, 0x17, 0xff, 0x97, 0x00, 0xf8, 0x80, 0x28,
    0x7a, 0xc2, 0x8b, 0x44, 0xe0, 0xd8, 0xfc, 0xff, 0x07, 0x00, 0x34, 0xdf,
    0x01, 0xde, 0xa6, 0x34, 0xd6, 0x25, 0xec, 0xcf, 0xff, 0xcf, 0x06, 0x31,
    0xa1, 0xb8, 0x01, 0x00, 0x02, 0xbc, 0x0f, 0x70, 0xa3, 0xfb, 0xd7, 0xff,
    0xbb, 0x1c, 0x00, 0xe0, 0xaf, 0x01, 0xdf, 0xfc, 0x34, 0x7f, 0x62, 0xf8,
    0xf5, 0x7f, 0xa8, 0xdf, 0x97, 0xac, 0x0d, 0x00, 0x80, 0xff, 0x31, 0x24,
    0x54, 0x03, 0xfc, 0xf6, 0x1f, 0xd8, 0x05, 0xc0, 0xe6, 0xe2, 0xff, 0x7a,
    0x4f, 0x6f, 0xeb, 0x08, 0x40, 0xbf, 0x7f, 0x80, 0xd0, 0xe3, 0xe6, 0x17,
    0x0f, 0xe0, 0xff, 0xfc, 0x1d, 0x91, 0xd5, 0x09, 0x00, 0x40, 0xd7, 0x1d,
    0x60, 0x2f, 0xff, 0xfd, 0xff, 0xad, 0x13, 0xba, 0x88, 0x72, 0x00, 0x00,
    0x02, 0xbc, 0x3f, 0x22, 0xda, 0x33, 0xff, 0x9f, 0x39, 0x00, 0x00, 0xe0,
    0x9f, 0x52, 0x4c, 0x41, 0x8e, 0xbc, 0xf9, 0x8f, 0x32, 0x00, 0x70, 0xad,
    0xe0, 0xdf, 0x9f, 0xd8, 0x3d, 0x15, 0x92, 0x04, 0x5c, 0xdb, 0x1f, 0xf8,
    0x44, 0x16, 0xcb, 0x01, 0x00, 0xff, 0x0b, 0xbe, 0x11, 0xe6, 0x04, 0xc0,
    0xfd, 0xfe, 0xff, 0x96, 0xc0, 0x7f, 0xfc, 0x54, 0x4a, 0x22, 0xe0, 0x0f,
    0x7c, 0xe6, 0x1f, 0x60, 0x03, 0xd0, 0xee, 0xf8, 0x6f, 0x37, 0x9c, 0x3b,
    0x4e, 0x0f, 0x00, 0x80, 0x0f, 0x58, 0xbf, 0x88, 0x9b, 0x00, 0xbd, 0xf9,
    0x7f, 0x2b, 0x40, 0x30, 0xc0, 0x29, 0x80, 0xd4, 0xe7, 0x48, 0xf2, 0xff,
    0xff, 0x37, 0x01, 0x00, 0x00, 0x7e, 0x84, 0x97, 0xd3, 0x6d, 0xdf, 0xff,
    0x21, 0x07, 0x00, 0xe0, 0xbe, 0xc0, 0x4f, 0x39, 0xf7, 0xb2, 0x87, 0x38,
    0x11, 0xfe, 0xe1, 0xb7, 0xbb, 0x6e, 0xcb, 0x1d, 0x00, 0xfe, 0x16, 0xfe,
    0xe5, 0x07, 0xf0, 0xee, 0x1f, 0xb8, 0x1d, 0x02, 0x0e, 0x13, 0xe0, 0x5c,
    0xf8, 0xdf, 0x1e, 0xfb, 0x8a, 0x19, 0x00, 0x1e, 0x20, 0x47, 0x3f, 0x56,
    0x67, 0x40, 0x7f, 0xff, 0x6f, 0x09, 0x00, 0x30, 0xc0, 0xab, 0x56, 0xf2,
    0x42, 0x7c, 0xff, 0xf7, 0xff, 0xa2, 0x04, 0x00, 0x00, 0xf8, 0x89, 0xbe,
    0x29, 0x89, 0x9e, 0x57, 0xfb, 0x9f, 0x36, 0x00, 0x80, 0xdf, 0x07, 0xfe,
    0xe8, 0xa6, 0x3c, 0xf9, 0x4d, 0x1b, 0x3e, 0xe7, 0x1f, 0xe4, 0x43, 0x9b,
    0xc5, 0x4c, 0x00, 0x80, 0xff, 0x9f, 0xf6, 0xa5, 0xbf, 0x00, 0x94, 0xf7,
    0x0f, 0x9c, 0x03, 0xf4, 0x07, 0xff, 0xd7, 0x94, 0x83, 0x7b, 0x4b, 0x00,
    0xf0, 0x00, 0xf7, 0xa6, 0xa7, 0xe0, 0xff, 0x01, 0x00, 0xfe, 0xff, 0x07,
    0xf8, 0xff, 0xff, 0xff, 0xff, 0xff, 0xff, 0xff, 0xa3, 0x79, 0xff, 0xff,
    0xff, 0xcf, 0xab, 0x7a, 0x46, 0x28, 0x00, 0x00, 0x00, 0x00, 0x00, 0x00,
    0x72, 0x04, 0x54, 0xf1, 0x9d, 0xf1, 0x15, 0x14, 0xb1, 0xb9, 0x57, 0xd4,
    0xd3, 0x72, 0xf2, 0x41, 0x41, 0x20, 0x10, 0x1a, 0x18, 0xd7, 0xd6, 0x95,
    0x75, 0x05, 0x75, 0xf4, 0xe3, 0xb3, 0x43, 0xf3, 0xa2, 0x82, 0x52, 0x52,
    0x51, 0x77, 0x00, 0xff, 0xc7, 0x1d, 0xd9, 0x79, 0x6d, 0x4e, 0x00, 0x00,
    0x8b, 0xfb, 0x9f, 0xd8, 0x6b, 0xeb, 0xe7, 0x00, 0x41, 0x02, 0x3f, 0x26,
    0x3d, 0x0c, 0x71, 0x1a, 0x86, 0xc0, 0xff, 0x07, 0x0e, 0x00, 0xe0, 0x5f,
    0x67, 0xe1, 0xa2, 0x29, 0xcc, 0x01, 0xfc, 0x00, 0x80, 0xcf, 0xf0, 0xff,
    0x0e, 0x00, 0x1e, 0xe1, 0x01, 0x16, 0x4b, 0x31, 0x45, 0x78, 0xe0, 0xff,
    0xbd, 0x93, 0x29, 0xd3, 0xbb, 0x30, 0x00, 0xc0, 0x00, 0xf3, 0xf9, 0xff,
    0x5f, 0x03, 0x00, 0x34, 0x37, 0xc0, 0x6f, 0xaa, 0x38, 0x92, 0x6f, 0xbd,
    0xf2, 0x3f, 0xaf, 0x2c, 0xd6, 0x6b, 0x61, 0x00, 0x00, 0x00, 0xff, 0xa8,
    0x55, 0x28, 0x1a, 0x80, 0x35, 0xfe, 0x61, 0x03, 0x00, 0xfc, 0xb7, 0xdf,
    0xfe, 0x36, 0xe3, 0x00, 0xb4, 0xc7, 0xff, 0xff, 0x01, 0xfe, 0xdf, 0xa7,
    0xbe, 0xd9, 0xff, 0xff, 0xff, 0x0f, 0x80, 0x1b, 0xff, 0x0f, 0x00, 0x78,
    0x80, 0x2e, 0xc8, 0x08, 0xc5, 0xa4, 0x5d, 0xe0, 0xcc, 0xfe, 0xff, 0x0d,
    0x00, 0x30, 0xc0, 0xa5, 0x24, 0x8d, 0xce, 0x2d, 0xfc, 0x7f, 0x0e, 0x00,
    0x00, 0xf0, 0x7a, 0x70, 0x71, 0x9f, 0xb2, 0x2b, 0xf1, 0x3f, 0x13, 0x00,
    0x00, 0xf8, 0x19, 0xb6, 0x6a, 0xe5, 0x00, 0x1a, 0xd8, 0xe8, 0x3f, 0x94,
    0x00, 0x10, 0x78, 0xf0, 0xcf, 0xd2, 0x61, 0xb2, 0x1a, 0xe0, 0x08, 0xc0,
    0x0f, 0x18, 0xae, 0xd0, 0xfd, 0x83, 0x1c, 0x08, 0x00, 0xfb, 0xfe, 0xbf,
    0x03, 0x88, 0x03, 0x04, 0x8e, 0xb4, 0x6b, 0x0b, 0x00, 0xf0, 0xff, 0x00,
    0x00, 0x01, 0x2e, 0x00, 0xfa, 0x7f, 0x00, 0x80, 0xff, 0xff, 0xff, 0xff,
    0xff, 0x3f, 0xfe, 0xff, 0xff, 0xff, 0xff, 0xff, 0x21, 0x3d, 0xff, 0xff,
    0xff, 0x92, 0x6f, 0xb1, 0x67, 0x29, 0x00, 0x00, 0x00, 0x00, 0x00, 0x00,
    0x72, 0x07, 0x54, 0x01, 0xbc, 0xbd, 0x00, 0xef, 0xd7, 0xcd, 0xe6, 0x27,
    0xf7, 0xf4, 0x00, 0x00, 0x9a, 0xf9, 0x7f, 0x6a, 0xc2, 0xa6, 0x97, 0xcf,
    0x03, 0xfe, 0x6a, 0x60, 0x38, 0x87, 0x46, 0xd8, 0xfa, 0x7f, 0xd0, 0x0c,
    0x00, 0x5d, 0x0f, 0xff, 0xeb, 0xa6, 0x01, 0x6e, 0xd6, 0x0c, 0xf0, 0x03,
    0x67, 0xab, 0x4b, 0x26, 0xc0, 0x8e, 0xf3, 0x7f, 0x33, 0x00, 0x3c, 0xc0,
    0x57, 0x83, 0x8d, 0x3d, 0xa1, 0xde, 0xfe, 0xdf, 0x09, 0x00, 0x60, 0x80,
    0xc3, 0x5a, 0x65, 0x06, 0xa3, 0xad, 0xf3, 0xff, 0x1d, 0x00, 0x00, 0x00,
    0xdf, 0x33, 0xf8, 0xdb, 0x2d, 0x99, 0xda, 0xf8, 0x7f, 0xee, 0x00, 0x00,
    0x5e, 0x05, 0xfc, 0xb3, 0x0a, 0xfa, 0xe6, 0x12, 0x7e, 0xfe, 0x1f, 0xdc,
    0x33, 0xb3, 0xd5, 0x7e, 0xad, 0x00, 0x00, 0xf8, 0xc7, 0xf5, 0xed, 0x09,
    0xa0, 0xfc, 0x3f, 0x40, 0x00, 0xc0, 0xff, 0xd5, 0x26, 0x13, 0x7e, 0xdf,
    0x41, 0x32, 0x00, 0x70, 0xb0, 0x07, 0x30, 0xf0, 0xff, 0x11, 0xad, 0xed,
    0xa6, 0x1d, 0xc1, 0x02, 0x00, 0x0c, 0xf0, 0x6d, 0xff, 0xff, 0x72, 0x00,
    0x00, 0x6f, 0x03, 0xf8, 0xce, 0x17, 0x97, 0xc1, 0xb1, 0x7f, 0xff, 0x67,
    0x59, 0x54, 0x43, 0x5c, 0xd9, 0x02, 0x00, 0x00, 0xff, 0xb2, 0xab, 0x2f,
    0x06, 0x36, 0xfd, 0x0f, 0x67, 0x00, 0xb0, 0x1d, 0xf8, 0xdf, 0x0d, 0xb1,
    0x4a, 0x96, 0x16, 0xe0, 0xff, 0xd7, 0x9f, 0xb4, 0x89, 0x04, 0xf0, 0x3f,
    0xc0, 0x0f, 0xae, 0xf1, 0x0f, 0x26, 0x00, 0x24, 0x39, 0xfc, 0x1f, 0x2a,
    0x20, 0xe3, 0x5a, 0xbc, 0x19, 0xe0, 0x07, 0x1e, 0x78, 0x8e, 0x33, 0xb5,
    0x26, 0xc0, 0x53, 0xf3, 0x7f, 0x2f, 0x00, 0x3c, 0x40, 0xfa, 0x0c, 0xe6,
    0x0e, 0xf7, 0xff, 0xff, 0xee, 0x06, 0x00, 0x70, 0xfd, 0x01, 0x6e, 0x5b,
    0x1e, 0xeb, 0xb6, 0xf1, 0xff, 0x7f, 0x61, 0x9d, 0x97, 0x0b, 0x00, 0x00,
    0xf0, 0xaf, 0x81, 0x33, 0x76, 0x7d, 0xff, 0xcf, 0x70, 0x00, 0x00, 0xb5,
    0x06, 0xff, 0xdb, 0x39, 0x20, 0x96, 0x24, 0xe0, 0x0f, 0x6e, 0x99, 0x1b,
    0xd0, 0x08, 0xd0, 0xfe, 0xe2, 0xff, 0x2b, 0x00, 0xa4, 0xf7, 0x07, 0xd8,
    0xc3, 0x11, 0x26, 0x11, 0xc0, 0xff, 0xfb, 0x3f, 0xc9, 0xb2, 0xa7, 0x6e,
    0x41, 0x00, 0xc0, 0x01, 0xa6, 0x21, 0x73, 0x79, 0x19, 0xd6, 0xff, 0xff,
    0x5d, 0x00, 0x80, 0x00, 0xaf, 0x88, 0xcf, 0x77, 0xfa, 0xec, 0xff, 0x6e,
    0x00, 0x00, 0x00, 0xbf, 0xfc, 0xd7, 0xd3, 0x38, 0xfc, 0xdf, 0x7f, 0x6c,
    0x1b, 0x00, 0xe8, 0x77, 0xf0, 0x4f, 0x6f, 0xd6, 0xf3, 0x81, 0xf6, 0xfe,
    0x83, 0x71, 0x67, 0x93, 0x34, 0x12, 0x00, 0x3f, 0x8a, 0xff, 0xf7, 0x73,
    0x8d, 0x2f, 0x4f, 0x04, 0x20, 0x00, 0x3e, 0xc0, 0x4e, 0x75, 0x7e, 0xc0,
    0xff, 0x0d, 0x00, 0xf0, 0xff, 0xfc, 0x01, 0xff, 0xff, 0xff, 0xff, 0xff,
    0xff, 0xff, 0xff, 0xff, 0x00, 0x00, 0x00, 0xc0, 0xff, 0xab, 0xff, 0x7f,
    0x7f, 0x35, 0x00, 0x00, 0x00, 0x00, 0x00, 0x00, 0x00, 0x00, 0x40, 0x00,
    0x10, 0x00, 0xfe, 0xef, 0xff, 0xff, 0xff, 0xff, 0xff, 0xff, 0xff, 0xff,
    0xff, 0xff, 0xff, 0xff, 0xff, 0xff, 0xff, 0xff, 0xff, 0xff, 0xff, 0xff,
    0xff, 0xff, 0xff, 0xff, 0xff, 0xff, 0xff, 0xff, 0xff, 0xff, 0x01, 0xfe,
    0xff, 0xff, 0xff, 0xff, 0xff, 0xff, 0xff, 0xff, 0x76, 0x3c, 0xff, 0xff,
    0xff, 0x1b, 0x44, 0x9c, 0x61, 0x29, 0x00, 0x00, 0x00, 0x00, 0x00, 0x00,
    0x6a, 0x04, 0x54, 0xf1, 0xdd, 0x11, 0x18, 0x57, 0xb5, 0x75, 0x55, 0x94,
    0x70, 0x90, 0x5e, 0x3c, 0x9c, 0x7b, 0x5a, 0xda, 0x99, 0x39, 0x59, 0xd7,
    0x96, 0x56, 0x36, 0xf6, 0x45, 0x35, 0xb5, 0x34, 0xc3, 0x62, 0xf2, 0xf1,
    0xaf, 0x35, 0x00, 0xff, 0x3b, 0xcf, 0x8e, 0x14, 0x5e, 0xf7, 0x01, 0x00,
    0xe0, 0xfd, 0xff, 0x99, 0x1d, 0x90, 0x99, 0xbc, 0x08, 0xe0, 0x57, 0x89,
    0x36, 0xa1, 0xe1, 0xf7, 0xfe, 0x41, 0x5b, 0x00, 0xf0, 0x0d, 0xf8, 0xef,
    0xf7, 0xb5, 0x16, 0x0b, 0x00, 0x88, 0xf7, 0x03, 0x1f, 0x9f, 0x5d, 0xd0,
    0x04, 0xe0, 0xff, 0x6e, 0xb8, 0xdc, 0x2c, 0x02, 0xc0, 0x57, 0x3f, 0x40,
    0x6b, 0x68, 0xe8, 0xff, 0xbf, 0x9f, 0xf2, 0x9b, 0x39, 0x00, 0x80, 0x01,
    0xfe, 0xdd, 0x72, 0xc0, 0xe1, 0xf8, 0xfe, 0xff, 0x0b, 0x00, 0x00, 0xc0,
    0x8f, 0x67, 0x4f, 0x09, 0xe0, 0x6c, 0xff, 0xe7, 0x0d, 0x00, 0xe0, 0x38,
    0x81, 0x7f, 0xbb, 0xe2, 0x97, 0x6d, 0x02, 0xd3, 0xfd, 0x43, 0x9f, 0x10,
    0x23, 0xe1, 0x43, 0x00, 0x80, 0xff, 0x2c, 0x9a, 0x3e, 0xad, 0x02, 0x40,
    0xfc, 0xff, 0x3b, 0x80, 0xff, 0xdf, 0x92, 0x36, 0xe5, 0x23, 0x58, 0xff,
    0xff, 0xff, 0x3f, 0xc0, 0xff, 0x00, 0xa0, 0x56, 0x0f, 0xf8, 0x82, 0x5b,
    0xfe, 0xff, 0x3e, 0x5c, 0x06, 0xe4, 0x38, 0x00, 0x41, 0x80, 0x97, 0x59,
    0xf2, 0xab, 0xcb, 0xf3, 0x7f, 0x3b, 0x00, 0x00, 0xc0, 0x8f, 0x35, 0xdc,
    0x3c, 0x32, 0x04, 0xf5, 0x1f, 0x06, 0x00, 0xc0, 0x9f, 0xa2, 0xa8, 0x9e,
    0x68, 0x00, 0x25, 0xa0, 0x7f, 0xff, 0x40, 0x37, 0x00, 0xf0, 0x00, 0xff,
    0x6f, 0xad, 0x1d, 0x93, 0x03, 0xe0, 0x03, 0xc0, 0xc8, 0xdf, 0x81, 0x5b,
    0x3b, 0x00, 0xf4, 0xfe, 0x6f, 0x01, 0x80, 0x03, 0x36, 0x49, 0x13, 0x7c,
    0xf2, 0x78, 0x1c, 0xc0, 0xff, 0x1f, 0x20, 0x00, 0xf8, 0xf9, 0xff, 0x00,
    0x00, 0xff, 0xff, 0xff, 0xff, 0xff, 0x3f, 0xfc,
};

const rf_v31_model_blob_t g_rf_v31_main_model = {
    .name = "v31_main_at9s_xiaobawang",
    .command = g_rf_v31_main_command,
    .weights = g_rf_v31_main_weights,
    .command_bytes = RF_V31_MAIN_COMMAND_BYTES,
    .weight_bytes = RF_V31_MAIN_WEIGHT_BYTES,
    .weight_region = 0u,
    .scratch_region = 1u,
    .scratch_bytes = RF_V31_MAIN_SCRATCH_BYTES,
    .input_region = 1u,
    .input_offset = RF_V31_MAIN_INPUT_OFFSET,
    .input_bytes = RF_V31_MAIN_INPUT_BYTES,
    .output_count = RF_V31_MAIN_OUTPUT_COUNT,
    .output_region = {1u, 1u, 1u, 1u, 1u},
    .output_offset = {18048u, 23968u, 6208u, 288u, 12128u},
    .output_bytes = {5916u, 5916u, 5916u, 5916u, 5916u},
};
