#include "rf_v31_model_data.h"

#ifndef RF_V31_ALIGN
#define RF_V31_ALIGN __attribute__((aligned(16)))
#endif

#ifndef RF_V31_COMMAND_SECTION
#define RF_V31_COMMAND_SECTION
#endif

#ifndef RF_V31_WEIGHT_SECTION
#define RF_V31_WEIGHT_SECTION
#endif

static const uint8_t g_rf_v31_t12_command[RF_V31_T12_COMMAND_BYTES]
    RF_V31_ALIGN RF_V31_COMMAND_SECTION = {
    0x43, 0x4f, 0x50, 0x31, 0x01, 0x00, 0x10, 0x00, 0x08, 0x30, 0x00, 0x00,
    0x01, 0x60, 0x06, 0x10, 0x05, 0x00, 0x00, 0x00, 0x05, 0x00, 0x00, 0x00,
    0x05, 0x00, 0x00, 0x00, 0x02, 0x00, 0xed, 0x58, 0x0f, 0x01, 0x01, 0x00,
    0x00, 0x40, 0x00, 0x00, 0x20, 0x17, 0x00, 0x00, 0x01, 0x40, 0x00, 0x00,
    0x00, 0x00, 0x00, 0x00, 0x02, 0x40, 0x00, 0x00, 0x00, 0x00, 0x00, 0x00,
    0x03, 0x40, 0x00, 0x00, 0x00, 0x00, 0x00, 0x00, 0x0b, 0x01, 0x01, 0x00,
    0x0c, 0x01, 0x01, 0x00, 0x0a, 0x01, 0x72, 0x00, 0x04, 0x01, 0x03, 0x00,
    0x05, 0x40, 0x00, 0x00, 0xcc, 0x01, 0x00, 0x00, 0x04, 0x40, 0x00, 0x00,
    0x04, 0x00, 0x00, 0x00, 0x06, 0x40, 0x00, 0x00, 0x01, 0x00, 0x00, 0x00,
    0x09, 0x01, 0x00, 0x00, 0x05, 0x01, 0x01, 0x00, 0x07, 0x01, 0x00, 0x00,
    0x00, 0x01, 0x00, 0x00, 0x01, 0x01, 0x00, 0x00, 0x03, 0x01, 0x00, 0x00,
    0x02, 0x01, 0x00, 0x00, 0x1f, 0x01, 0x01, 0x00, 0x10, 0x40, 0x00, 0x00,
    0x30, 0x25, 0x02, 0x00, 0x11, 0x40, 0x00, 0x00, 0x00, 0x00, 0x00, 0x00,
    0x12, 0x40, 0x00, 0x00, 0x00, 0x00, 0x00, 0x00, 0x13, 0x40, 0x00, 0x00,
    0x00, 0x00, 0x00, 0x00, 0x12, 0x01, 0x00, 0x00, 0x11, 0x01, 0x72, 0x00,
    0x1b, 0x01, 0x00, 0x00, 0x1c, 0x01, 0x00, 0x00, 0x1a, 0x01, 0x72, 0x00,
    0x13, 0x01, 0x03, 0x00, 0x15, 0x40, 0x00, 0x00, 0x30, 0x07, 0x00, 0x00,
    0x14, 0x40, 0x00, 0x00, 0x10, 0x00, 0x00, 0x00, 0x16, 0x40, 0x00, 0x00,
    0x30, 0x07, 0x00, 0x00, 0x18, 0x01, 0x00, 0x00, 0x14, 0x01, 0x41, 0x81,
    0x21, 0x01, 0x01, 0x00, 0x20, 0x01, 0x00, 0x00, 0x22, 0x01, 0x02, 0x00,
    0x25, 0x01, 0x00, 0x00, 0x26, 0x01, 0x80, 0xff, 0x27, 0x01, 0x7f, 0x00,
    0x24, 0x40, 0x20, 0x00, 0x01, 0x00, 0x00, 0x80, 0x16, 0x01, 0x01, 0x00,
    0x15, 0x01, 0x15, 0x00, 0x17, 0x01, 0x07, 0x00, 0x0d, 0x01, 0x0a, 0x00,
    0x2d, 0x01, 0x1e, 0x00, 0x24, 0x01, 0x00, 0x00, 0x2f, 0x01, 0x00, 0x00,
    0x05, 0x00, 0x01, 0x00, 0x00, 0x40, 0x00, 0x00, 0xb8, 0x1a, 0x00, 0x00,
    0x10, 0x40, 0x00, 0x00, 0x60, 0x2c, 0x02, 0x00, 0x2f, 0x01, 0x03, 0x00,
    0x05, 0x00, 0x01, 0x00, 0x00, 0x40, 0x00, 0x00, 0x30, 0x25, 0x02, 0x00,
    0x0b, 0x01, 0x00, 0x00, 0x0c, 0x01, 0x00, 0x00, 0x05, 0x40, 0x00, 0x00,
    0x30, 0x07, 0x00, 0x00, 0x04, 0x40, 0x00, 0x00, 0x10, 0x00, 0x00, 0x00,
    0x06, 0x40, 0x00, 0x00, 0x30, 0x07, 0x00, 0x00, 0x05, 0x01, 0x41, 0x00,
    0x01, 0x01, 0x01, 0x00, 0x02, 0x01, 0x01, 0x00, 0x10, 0x40, 0x00, 0x00,
    0x30, 0xce, 0x01, 0x00, 0x11, 0x01, 0x39, 0x00, 0x1a, 0x01, 0x39, 0x00,
    0x13, 0x01, 0x0b, 0x00, 0x15, 0x40, 0x00, 0x00, 0xa0, 0x03, 0x00, 0x00,
    0x16, 0x40, 0x00, 0x00, 0xa0, 0x03, 0x00, 0x00, 0x18, 0x01, 0x80, 0xff,
    0x14, 0x01, 0x41, 0x00, 0x21, 0x01, 0x00, 0x00, 0x20, 0x01, 0x02, 0x00,
    0x22, 0x01, 0x05, 0x00, 0x28, 0x01, 0x00, 0x00, 0x20, 0x40, 0x00, 0x00,
    0x80, 0x00, 0x00, 0x00, 0x21, 0x40, 0x00, 0x00, 0xe0, 0x00, 0x00, 0x00,
    0x29, 0x01, 0x00, 0x00, 0x22, 0x40, 0x00, 0x00, 0x00, 0x00, 0x00, 0x00,
    0x23, 0x40, 0x00, 0x00, 0x80, 0x00, 0x00, 0x00, 0x15, 0x01, 0x39, 0x00,
    0x17, 0x01, 0x0f, 0x00, 0x2f, 0x01, 0x01, 0x00, 0x02, 0x00, 0x00, 0x00,
    0x00, 0x40, 0x00, 0x00, 0x60, 0x2c, 0x02, 0x00, 0x10, 0x40, 0x00, 0x00,
    0xd0, 0xd1, 0x01, 0x00, 0x2f, 0x01, 0x03, 0x00, 0x02, 0x00, 0x00, 0x00,
    0x00, 0x40, 0x00, 0x00, 0x50, 0x1e, 0x00, 0x00, 0x0b, 0x01, 0x01, 0x00,
    0x0c, 0x01, 0x01, 0x00, 0x05, 0x40, 0x00, 0x00, 0xcc, 0x01, 0x00, 0x00,
    0x04, 0x40, 0x00, 0x00, 0x04, 0x00, 0x00, 0x00, 0x06, 0x40, 0x00, 0x00,
    0x01, 0x00, 0x00, 0x00, 0x05, 0x01, 0x01, 0x00, 0x01, 0x01, 0x00, 0x00,
    0x02, 0x01, 0x00, 0x00, 0x10, 0x40, 0x00, 0x00, 0x30, 0x25, 0x02, 0x00,
    0x11, 0x01, 0x72, 0x00, 0x1a, 0x01, 0x72, 0x00, 0x13, 0x01, 0x03, 0x00,
    0x15, 0x40, 0x00, 0x00, 0x30, 0x07, 0x00, 0x00, 0x16, 0x40, 0x00, 0x00,
    0x30, 0x07, 0x00, 0x00, 0x18, 0x01, 0x00, 0x00, 0x14, 0x01, 0x41, 0x81,
    0x21, 0x01, 0x01, 0x00, 0x20, 0x01, 0x00, 0x00, 0x22, 0x01, 0x02, 0x00,
    0x15, 0x01, 0x15, 0x00, 0x17, 0x01, 0x07, 0x00, 0x05, 0x00, 0x01, 0x00,
    0x00, 0x40, 0x00, 0x00, 0xe8, 0x21, 0x00, 0x00, 0x10, 0x40, 0x00, 0x00,
    0x60, 0x2c, 0x02, 0x00, 0x05, 0x00, 0x01, 0x00, 0x00, 0x40, 0x00, 0x00,
    0x30, 0x25, 0x02, 0x00, 0x0b, 0x01, 0x00, 0x00, 0x0c, 0x01, 0x00, 0x00,
    0x05, 0x40, 0x00, 0x00, 0x30, 0x07, 0x00, 0x00, 0x04, 0x40, 0x00, 0x00,
    0x10, 0x00, 0x00, 0x00, 0x06, 0x40, 0x00, 0x00, 0x30, 0x07, 0x00, 0x00,
    0x05, 0x01, 0x41, 0x00, 0x01, 0x01, 0x01, 0x00, 0x02, 0x01, 0x01, 0x00,
    0x10, 0x40, 0x00, 0x00, 0x70, 0xd5, 0x01, 0x00, 0x11, 0x01, 0x39, 0x00,
    0x1a, 0x01, 0x39, 0x00, 0x13, 0x01, 0x0b, 0x00, 0x15, 0x40, 0x00, 0x00,
    0xa0, 0x03, 0x00, 0x00, 0x16, 0x40, 0x00, 0x00, 0xa0, 0x03, 0x00, 0x00,
    0x18, 0x01, 0x80, 0xff, 0x14, 0x01, 0x41, 0x00, 0x21, 0x01, 0x00, 0x00,
    0x20, 0x01, 0x02, 0x00, 0x22, 0x01, 0x05, 0x00, 0x15, 0x01, 0x39, 0x00,
    0x17, 0x01, 0x0f, 0x00, 0x2f, 0x01, 0x01, 0x00, 0x02, 0x00, 0x00, 0x00,
    0x00, 0x40, 0x00, 0x00, 0x60, 0x2c, 0x02, 0x00, 0x10, 0x40, 0x00, 0x00,
    0x10, 0xd9, 0x01, 0x00, 0x2f, 0x01, 0x03, 0x00, 0x02, 0x00, 0x00, 0x00,
    0x00, 0x40, 0x00, 0x00, 0x80, 0x25, 0x00, 0x00, 0x0b, 0x01, 0x01, 0x00,
    0x0c, 0x01, 0x01, 0x00, 0x05, 0x40, 0x00, 0x00, 0xcc, 0x01, 0x00, 0x00,
    0x04, 0x40, 0x00, 0x00, 0x04, 0x00, 0x00, 0x00, 0x06, 0x40, 0x00, 0x00,
    0x01, 0x00, 0x00, 0x00, 0x05, 0x01, 0x01, 0x00, 0x01, 0x01, 0x00, 0x00,
    0x02, 0x01, 0x00, 0x00, 0x10, 0x40, 0x00, 0x00, 0x30, 0x25, 0x02, 0x00,
    0x11, 0x01, 0x72, 0x00, 0x1a, 0x01, 0x72, 0x00, 0x13, 0x01, 0x03, 0x00,
    0x15, 0x40, 0x00, 0x00, 0x30, 0x07, 0x00, 0x00, 0x16, 0x40, 0x00, 0x00,
    0x30, 0x07, 0x00, 0x00, 0x18, 0x01, 0x00, 0x00, 0x14, 0x01, 0x41, 0x81,
    0x21, 0x01, 0x01, 0x00, 0x20, 0x01, 0x00, 0x00, 0x22, 0x01, 0x02, 0x00,
    0x15, 0x01, 0x15, 0x00, 0x17, 0x01, 0x07, 0x00, 0x05, 0x00, 0x01, 0x00,
    0x00, 0x40, 0x00, 0x00, 0x18, 0x29, 0x00, 0x00, 0x10, 0x40, 0x00, 0x00,
    0x60, 0x2c, 0x02, 0x00, 0x05, 0x00, 0x01, 0x00, 0x00, 0x40, 0x00, 0x00,
    0x30, 0x25, 0x02, 0x00, 0x0b, 0x01, 0x00, 0x00, 0x0c, 0x01, 0x00, 0x00,
    0x05, 0x40, 0x00, 0x00, 0x30, 0x07, 0x00, 0x00, 0x04, 0x40, 0x00, 0x00,
    0x10, 0x00, 0x00, 0x00, 0x06, 0x40, 0x00, 0x00, 0x30, 0x07, 0x00, 0x00,
    0x05, 0x01, 0x41, 0x00, 0x01, 0x01, 0x01, 0x00, 0x02, 0x01, 0x01, 0x00,
    0x10, 0x40, 0x00, 0x00, 0xb0, 0xdc, 0x01, 0x00, 0x11, 0x01, 0x39, 0x00,
    0x1a, 0x01, 0x39, 0x00, 0x13, 0x01, 0x0b, 0x00, 0x15, 0x40, 0x00, 0x00,
    0xa0, 0x03, 0x00, 0x00, 0x16, 0x40, 0x00, 0x00, 0xa0, 0x03, 0x00, 0x00,
    0x18, 0x01, 0x80, 0xff, 0x14, 0x01, 0x41, 0x00, 0x21, 0x01, 0x00, 0x00,
    0x20, 0x01, 0x02, 0x00, 0x22, 0x01, 0x05, 0x00, 0x15, 0x01, 0x39, 0x00,
    0x17, 0x01, 0x0f, 0x00, 0x2f, 0x01, 0x01, 0x00, 0x02, 0x00, 0x00, 0x00,
    0x00, 0x40, 0x00, 0x00, 0x60, 0x2c, 0x02, 0x00, 0x10, 0x40, 0x00, 0x00,
    0x50, 0xe0, 0x01, 0x00, 0x2f, 0x01, 0x03, 0x00, 0x02, 0x00, 0x00, 0x00,
    0x00, 0x40, 0x00, 0x00, 0x30, 0xce, 0x01, 0x00, 0x0b, 0x01, 0x01, 0x00,
    0x0c, 0x01, 0x01, 0x00, 0x0a, 0x01, 0x39, 0x00, 0x04, 0x01, 0x0b, 0x00,
    0x05, 0x40, 0x00, 0x00, 0xa0, 0x03, 0x00, 0x00, 0x06, 0x40, 0x00, 0x00,
    0xa0, 0x03, 0x00, 0x00, 0x09, 0x01, 0x80, 0xff, 0x00, 0x01, 0x01, 0x00,
    0x01, 0x01, 0x03, 0x00, 0x02, 0x01, 0x03, 0x00, 0x10, 0x40, 0x00, 0x00,
    0x90, 0x33, 0x02, 0x00, 0x21, 0x01, 0x02, 0x00, 0x20, 0x01, 0x06, 0x00,
    0x22, 0x01, 0x00, 0x00, 0x20, 0x40, 0x00, 0x00, 0xe0, 0x01, 0x00, 0x00,
    0x21, 0x40, 0x00, 0x00, 0x30, 0x01, 0x00, 0x00, 0x22, 0x40, 0x00, 0x00,
    0x60, 0x01, 0x00, 0x00, 0x2f, 0x01, 0x01, 0x00, 0x03, 0x00, 0x00, 0x00,
    0x0b, 0x01, 0x02, 0x00, 0x0c, 0x01, 0x02, 0x00, 0x00, 0x01, 0x00, 0x00,
    0x10, 0x40, 0x00, 0x00, 0x30, 0x37, 0x02, 0x00, 0x2f, 0x01, 0x03, 0x00,
    0x03, 0x00, 0x00, 0x00, 0x00, 0x40, 0x00, 0x00, 0x90, 0x33, 0x02, 0x00,
    0x0b, 0x01, 0x00, 0x00, 0x0c, 0x01, 0x00, 0x00, 0x01, 0x01, 0x00, 0x00,
    0x02, 0x01, 0x00, 0x00, 0x10, 0x40, 0x00, 0x00, 0xf0, 0xe3, 0x01, 0x00,
    0x21, 0x01, 0x00, 0x00, 0x20, 0x01, 0x00, 0x00, 0x20, 0x40, 0x00, 0x00,
    0x90, 0x03, 0x00, 0x00, 0x21, 0x40, 0x00, 0x00, 0xe0, 0x00, 0x00, 0x00,
    0x22, 0x40, 0x00, 0x00, 0x10, 0x03, 0x00, 0x00, 0x2f, 0x01, 0x01, 0x00,
    0x02, 0x00, 0x00, 0x00, 0x00, 0x40, 0x00, 0x00, 0x30, 0x37, 0x02, 0x00,
    0x10, 0x40, 0x00, 0x00, 0x90, 0xe7, 0x01, 0x00, 0x2f, 0x01, 0x03, 0x00,
    0x02, 0x00, 0x00, 0x00, 0x00, 0x40, 0x00, 0x00, 0xd0, 0xd1, 0x01, 0x00,
    0x0b, 0x01, 0x02, 0x00, 0x0c, 0x01, 0x02, 0x00, 0x01, 0x01, 0x03, 0x00,
    0x02, 0x01, 0x03, 0x00, 0x10, 0x40, 0x00, 0x00, 0x90, 0x33, 0x02, 0x00,
    0x21, 0x01, 0x02, 0x00, 0x20, 0x01, 0x06, 0x00, 0x20, 0x40, 0x00, 0x00,
    0xe0, 0x01, 0x00, 0x00, 0x21, 0x40, 0x00, 0x00, 0x30, 0x01, 0x00, 0x00,
    0x22, 0x40, 0x00, 0x00, 0x60, 0x01, 0x00, 0x00, 0x03, 0x00, 0x00, 0x00,
    0x00, 0x40, 0x00, 0x00, 0x70, 0xd5, 0x01, 0x00, 0x10, 0x40, 0x00, 0x00,
    0x30, 0x37, 0x02, 0x00, 0x03, 0x00, 0x00, 0x00, 0x00, 0x40, 0x00, 0x00,
    0x90, 0x33, 0x02, 0x00, 0x0b, 0x01, 0x00, 0x00, 0x0c, 0x01, 0x00, 0x00,
    0x01, 0x01, 0x00, 0x00, 0x02, 0x01, 0x00, 0x00, 0x10, 0x40, 0x00, 0x00,
    0x30, 0xeb, 0x01, 0x00, 0x21, 0x01, 0x00, 0x00, 0x20, 0x01, 0x00, 0x00,
    0x20, 0x40, 0x00, 0x00, 0x90, 0x03, 0x00, 0x00, 0x21, 0x40, 0x00, 0x00,
    0xe0, 0x00, 0x00, 0x00, 0x22, 0x40, 0x00, 0x00, 0x10, 0x03, 0x00, 0x00,
    0x2f, 0x01, 0x01, 0x00, 0x02, 0x00, 0x00, 0x00, 0x00, 0x40, 0x00, 0x00,
    0x30, 0x37, 0x02, 0x00, 0x10, 0x40, 0x00, 0x00, 0xd0, 0xee, 0x01, 0x00,
    0x2f, 0x01, 0x03, 0x00, 0x02, 0x00, 0x00, 0x00, 0x00, 0x40, 0x00, 0x00,
    0x10, 0xd9, 0x01, 0x00, 0x0b, 0x01, 0x02, 0x00, 0x0c, 0x01, 0x02, 0x00,
    0x01, 0x01, 0x03, 0x00, 0x02, 0x01, 0x03, 0x00, 0x10, 0x40, 0x00, 0x00,
    0x90, 0x33, 0x02, 0x00, 0x21, 0x01, 0x02, 0x00, 0x20, 0x01, 0x06, 0x00,
    0x20, 0x40, 0x00, 0x00, 0xe0, 0x01, 0x00, 0x00, 0x21, 0x40, 0x00, 0x00,
    0x30, 0x01, 0x00, 0x00, 0x22, 0x40, 0x00, 0x00, 0x60, 0x01, 0x00, 0x00,
    0x03, 0x00, 0x00, 0x00, 0x00, 0x40, 0x00, 0x00, 0xb0, 0x2c, 0x00, 0x00,
    0x0b, 0x01, 0x01, 0x00, 0x0c, 0x01, 0x01, 0x00, 0x0a, 0x01, 0x72, 0x00,
    0x04, 0x01, 0x03, 0x00, 0x05, 0x40, 0x00, 0x00, 0xcc, 0x01, 0x00, 0x00,
    0x04, 0x40, 0x00, 0x00, 0x04, 0x00, 0x00, 0x00, 0x06, 0x40, 0x00, 0x00,
    0x01, 0x00, 0x00, 0x00, 0x09, 0x01, 0x00, 0x00, 0x05, 0x01, 0x01, 0x00,
    0x01, 0x01, 0x00, 0x00, 0x02, 0x01, 0x00, 0x00, 0x10, 0x40, 0x00, 0x00,
    0x30, 0x25, 0x02, 0x00, 0x11, 0x01, 0x72, 0x00, 0x1a, 0x01, 0x72, 0x00,
    0x13, 0x01, 0x03, 0x00, 0x15, 0x40, 0x00, 0x00, 0x30, 0x07, 0x00, 0x00,
    0x16, 0x40, 0x00, 0x00, 0x30, 0x07, 0x00, 0x00, 0x18, 0x01, 0x00, 0x00,
    0x14, 0x01, 0x41, 0x81, 0x21, 0x01, 0x01, 0x00, 0x20, 0x01, 0x00, 0x00,
    0x22, 0x01, 0x02, 0x00, 0x15, 0x01, 0x15, 0x00, 0x17, 0x01, 0x07, 0x00,
    0x05, 0x00, 0x01, 0x00, 0x00, 0x40, 0x00, 0x00, 0x48, 0x30, 0x00, 0x00,
    0x10, 0x40, 0x00, 0x00, 0x60, 0x2c, 0x02, 0x00, 0x05, 0x00, 0x01, 0x00,
    0x00, 0x40, 0x00, 0x00, 0x30, 0x25, 0x02, 0x00, 0x0b, 0x01, 0x00, 0x00,
    0x0c, 0x01, 0x00, 0x00, 0x05, 0x40, 0x00, 0x00, 0x30, 0x07, 0x00, 0x00,
    0x04, 0x40, 0x00, 0x00, 0x10, 0x00, 0x00, 0x00, 0x06, 0x40, 0x00, 0x00,
    0x30, 0x07, 0x00, 0x00, 0x05, 0x01, 0x41, 0x00, 0x01, 0x01, 0x01, 0x00,
    0x02, 0x01, 0x01, 0x00, 0x10, 0x40, 0x00, 0x00, 0x30, 0xce, 0x01, 0x00,
    0x11, 0x01, 0x39, 0x00, 0x1a, 0x01, 0x39, 0x00, 0x13, 0x01, 0x0b, 0x00,
    0x15, 0x40, 0x00, 0x00, 0xa0, 0x03, 0x00, 0x00, 0x16, 0x40, 0x00, 0x00,
    0xa0, 0x03, 0x00, 0x00, 0x18, 0x01, 0x80, 0xff, 0x14, 0x01, 0x41, 0x00,
    0x21, 0x01, 0x00, 0x00, 0x20, 0x01, 0x02, 0x00, 0x22, 0x01, 0x05, 0x00,
    0x20, 0x40, 0x00, 0x00, 0x80, 0x00, 0x00, 0x00, 0x21, 0x40, 0x00, 0x00,
    0xe0, 0x00, 0x00, 0x00, 0x22, 0x40, 0x00, 0x00, 0x00, 0x00, 0x00, 0x00,
    0x15, 0x01, 0x39, 0x00, 0x17, 0x01, 0x0f, 0x00, 0x2f, 0x01, 0x01, 0x00,
    0x02, 0x00, 0x00, 0x00, 0x00, 0x40, 0x00, 0x00, 0x60, 0x2c, 0x02, 0x00,
    0x10, 0x40, 0x00, 0x00, 0xd0, 0xd1, 0x01, 0x00, 0x2f, 0x01, 0x03, 0x00,
    0x02, 0x00, 0x00, 0x00, 0x00, 0x40, 0x00, 0x00, 0xe0, 0x33, 0x00, 0x00,
    0x0b, 0x01, 0x01, 0x00, 0x0c, 0x01, 0x01, 0x00, 0x05, 0x40, 0x00, 0x00,
    0xcc, 0x01, 0x00, 0x00, 0x04, 0x40, 0x00, 0x00, 0x04, 0x00, 0x00, 0x00,
    0x06, 0x40, 0x00, 0x00, 0x01, 0x00, 0x00, 0x00, 0x05, 0x01, 0x01, 0x00,
    0x01, 0x01, 0x00, 0x00, 0x02, 0x01, 0x00, 0x00, 0x10, 0x40, 0x00, 0x00,
    0x30, 0x25, 0x02, 0x00, 0x11, 0x01, 0x72, 0x00, 0x1a, 0x01, 0x72, 0x00,
    0x13, 0x01, 0x03, 0x00, 0x15, 0x40, 0x00, 0x00, 0x30, 0x07, 0x00, 0x00,
    0x16, 0x40, 0x00, 0x00, 0x30, 0x07, 0x00, 0x00, 0x18, 0x01, 0x00, 0x00,
    0x14, 0x01, 0x41, 0x81, 0x21, 0x01, 0x01, 0x00, 0x20, 0x01, 0x00, 0x00,
    0x22, 0x01, 0x02, 0x00, 0x15, 0x01, 0x15, 0x00, 0x17, 0x01, 0x07, 0x00,
    0x05, 0x00, 0x01, 0x00, 0x00, 0x40, 0x00, 0x00, 0x78, 0x37, 0x00, 0x00,
    0x10, 0x40, 0x00, 0x00, 0x60, 0x2c, 0x02, 0x00, 0x05, 0x00, 0x01, 0x00,
    0x00, 0x40, 0x00, 0x00, 0x30, 0x25, 0x02, 0x00, 0x0b, 0x01, 0x00, 0x00,
    0x0c, 0x01, 0x00, 0x00, 0x05, 0x40, 0x00, 0x00, 0x30, 0x07, 0x00, 0x00,
    0x04, 0x40, 0x00, 0x00, 0x10, 0x00, 0x00, 0x00, 0x06, 0x40, 0x00, 0x00,
    0x30, 0x07, 0x00, 0x00, 0x05, 0x01, 0x41, 0x00, 0x01, 0x01, 0x01, 0x00,
    0x02, 0x01, 0x01, 0x00, 0x10, 0x40, 0x00, 0x00, 0x70, 0xd5, 0x01, 0x00,
    0x11, 0x01, 0x39, 0x00, 0x1a, 0x01, 0x39, 0x00, 0x13, 0x01, 0x0b, 0x00,
    0x15, 0x40, 0x00, 0x00, 0xa0, 0x03, 0x00, 0x00, 0x16, 0x40, 0x00, 0x00,
    0xa0, 0x03, 0x00, 0x00, 0x18, 0x01, 0x80, 0xff, 0x14, 0x01, 0x41, 0x00,
    0x21, 0x01, 0x00, 0x00, 0x20, 0x01, 0x02, 0x00, 0x22, 0x01, 0x05, 0x00,
    0x15, 0x01, 0x39, 0x00, 0x17, 0x01, 0x0f, 0x00, 0x2f, 0x01, 0x01, 0x00,
    0x02, 0x00, 0x00, 0x00, 0x00, 0x40, 0x00, 0x00, 0x60, 0x2c, 0x02, 0x00,
    0x10, 0x40, 0x00, 0x00, 0x10, 0xd9, 0x01, 0x00, 0x2f, 0x01, 0x03, 0x00,
    0x02, 0x00, 0x00, 0x00, 0x00, 0x40, 0x00, 0x00, 0xb0, 0xdc, 0x01, 0x00,
    0x02, 0x40, 0x00, 0x00, 0x30, 0xce, 0x01, 0x00, 0x0b, 0x01, 0x01, 0x00,
    0x0c, 0x01, 0x01, 0x00, 0x0a, 0x01, 0x39, 0x00, 0x04, 0x01, 0x0b, 0x00,
    0x05, 0x40, 0x00, 0x00, 0xa0, 0x03, 0x00, 0x00, 0x06, 0x40, 0x00, 0x00,
    0xa0, 0x03, 0x00, 0x00, 0x09, 0x01, 0x80, 0xff, 0x01, 0x01, 0x03, 0x00,
    0x02, 0x01, 0x03, 0x00, 0x10, 0x40, 0x00, 0x00, 0x30, 0x37, 0x02, 0x00,
    0x21, 0x01, 0x02, 0x00, 0x20, 0x01, 0x06, 0x00, 0x22, 0x01, 0x00, 0x00,
    0x20, 0x40, 0x00, 0x00, 0xe0, 0x01, 0x00, 0x00, 0x21, 0x40, 0x00, 0x00,
    0x30, 0x01, 0x00, 0x00, 0x22, 0x40, 0x00, 0x00, 0x60, 0x01, 0x00, 0x00,
    0x2f, 0x01, 0x01, 0x00, 0x03, 0x00, 0x00, 0x00, 0x00, 0x40, 0x00, 0x00,
    0x90, 0x33, 0x02, 0x00, 0x02, 0x40, 0x00, 0x00, 0x00, 0x00, 0x00, 0x00,
    0x0b, 0x01, 0x00, 0x00, 0x0c, 0x01, 0x00, 0x00, 0x01, 0x01, 0x00, 0x00,
    0x02, 0x01, 0x00, 0x00, 0x10, 0x40, 0x00, 0x00, 0x70, 0xf2, 0x01, 0x00,
    0x21, 0x01, 0x00, 0x00, 0x20, 0x01, 0x00, 0x00, 0x20, 0x40, 0x00, 0x00,
    0x90, 0x03, 0x00, 0x00, 0x21, 0x40, 0x00, 0x00, 0xe0, 0x00, 0x00, 0x00,
    0x22, 0x40, 0x00, 0x00, 0x10, 0x03, 0x00, 0x00, 0x02, 0x00, 0x00, 0x00,
    0x00, 0x40, 0x00, 0x00, 0x30, 0x37, 0x02, 0x00, 0x10, 0x40, 0x00, 0x00,
    0x10, 0xf6, 0x01, 0x00, 0x2f, 0x01, 0x03, 0x00, 0x02, 0x00, 0x00, 0x00,
    0x00, 0x40, 0x00, 0x00, 0xf0, 0xe3, 0x01, 0x00, 0x0b, 0x01, 0x01, 0x00,
    0x0c, 0x01, 0x01, 0x00, 0x00, 0x01, 0x01, 0x00, 0x01, 0x01, 0x04, 0x00,
    0x02, 0x01, 0x04, 0x00, 0x10, 0x40, 0x00, 0x00, 0xd0, 0x3a, 0x02, 0x00,
    0x21, 0x01, 0x02, 0x00, 0x20, 0x01, 0x08, 0x00, 0x20, 0x40, 0x00, 0x00,
    0xf0, 0x04, 0x00, 0x00, 0x21, 0x40, 0x00, 0x00, 0x90, 0x01, 0x00, 0x00,
    0x22, 0x40, 0x00, 0x00, 0x70, 0x04, 0x00, 0x00, 0x0d, 0x01, 0x12, 0x00,
    0x2f, 0x01, 0x01, 0x00, 0x03, 0x00, 0x00, 0x00, 0x0b, 0x01, 0x02, 0x00,
    0x0c, 0x01, 0x02, 0x00, 0x00, 0x01, 0x00, 0x00, 0x10, 0x40, 0x00, 0x00,
    0x70, 0x3e, 0x02, 0x00, 0x2f, 0x01, 0x03, 0x00, 0x03, 0x00, 0x00, 0x00,
    0x00, 0x40, 0x00, 0x00, 0xd0, 0x3a, 0x02, 0x00, 0x0b, 0x01, 0x00, 0x00,
    0x0c, 0x01, 0x00, 0x00, 0x01, 0x01, 0x00, 0x00, 0x02, 0x01, 0x00, 0x00,
    0x10, 0x40, 0x00, 0x00, 0xb0, 0x85, 0x01, 0x00, 0x21, 0x01, 0x00, 0x00,
    0x20, 0x01, 0x00, 0x00, 0x20, 0x40, 0x00, 0x00, 0x00, 0x07, 0x00, 0x00,
    0x21, 0x40, 0x00, 0x00, 0x00, 0x01, 0x00, 0x00, 0x22, 0x40, 0x00, 0x00,
    0x80, 0x06, 0x00, 0x00, 0x0d, 0x01, 0x0a, 0x00, 0x2f, 0x01, 0x01, 0x00,
    0x02, 0x00, 0x00, 0x00, 0x00, 0x40, 0x00, 0x00, 0x70, 0x3e, 0x02, 0x00,
    0x10, 0x40, 0x00, 0x00, 0x50, 0x89, 0x01, 0x00, 0x2f, 0x01, 0x03, 0x00,
    0x02, 0x00, 0x00, 0x00, 0x00, 0x40, 0x00, 0x00, 0x90, 0xe7, 0x01, 0x00,
    0x0b, 0x01, 0x02, 0x00, 0x0c, 0x01, 0x02, 0x00, 0x01, 0x01, 0x04, 0x00,
    0x02, 0x01, 0x04, 0x00, 0x10, 0x40, 0x00, 0x00, 0xd0, 0x3a, 0x02, 0x00,
    0x21, 0x01, 0x02, 0x00, 0x20, 0x01, 0x08, 0x00, 0x20, 0x40, 0x00, 0x00,
    0xf0, 0x04, 0x00, 0x00, 0x21, 0x40, 0x00, 0x00, 0x90, 0x01, 0x00, 0x00,
    0x22, 0x40, 0x00, 0x00, 0x70, 0x04, 0x00, 0x00, 0x0d, 0x01, 0x12, 0x00,
    0x03, 0x00, 0x00, 0x00, 0x00, 0x40, 0x00, 0x00, 0x30, 0xeb, 0x01, 0x00,
    0x10, 0x40, 0x00, 0x00, 0x70, 0x3e, 0x02, 0x00, 0x03, 0x00, 0x00, 0x00,
    0x00, 0x40, 0x00, 0x00, 0xd0, 0x3a, 0x02, 0x00, 0x0b, 0x01, 0x00, 0x00,
    0x0c, 0x01, 0x00, 0x00, 0x01, 0x01, 0x00, 0x00, 0x02, 0x01, 0x00, 0x00,
    0x10, 0x40, 0x00, 0x00, 0xf0, 0x8c, 0x01, 0x00, 0x21, 0x01, 0x00, 0x00,
    0x20, 0x01, 0x00, 0x00, 0x20, 0x40, 0x00, 0x00, 0x00, 0x07, 0x00, 0x00,
    0x21, 0x40, 0x00, 0x00, 0x00, 0x01, 0x00, 0x00, 0x22, 0x40, 0x00, 0x00,
    0x80, 0x06, 0x00, 0x00, 0x0d, 0x01, 0x0a, 0x00, 0x2f, 0x01, 0x01, 0x00,
    0x02, 0x00, 0x00, 0x00, 0x00, 0x40, 0x00, 0x00, 0x70, 0x3e, 0x02, 0x00,
    0x10, 0x40, 0x00, 0x00, 0x90, 0x90, 0x01, 0x00, 0x2f, 0x01, 0x03, 0x00,
    0x02, 0x00, 0x00, 0x00, 0x00, 0x40, 0x00, 0x00, 0xd0, 0xee, 0x01, 0x00,
    0x0b, 0x01, 0x02, 0x00, 0x0c, 0x01, 0x02, 0x00, 0x01, 0x01, 0x04, 0x00,
    0x02, 0x01, 0x04, 0x00, 0x10, 0x40, 0x00, 0x00, 0xd0, 0x3a, 0x02, 0x00,
    0x21, 0x01, 0x02, 0x00, 0x20, 0x01, 0x08, 0x00, 0x20, 0x40, 0x00, 0x00,
    0xf0, 0x04, 0x00, 0x00, 0x21, 0x40, 0x00, 0x00, 0x90, 0x01, 0x00, 0x00,
    0x22, 0x40, 0x00, 0x00, 0x70, 0x04, 0x00, 0x00, 0x0d, 0x01, 0x12, 0x00,
    0x03, 0x00, 0x00, 0x00, 0x00, 0x40, 0x00, 0x00, 0x50, 0xe0, 0x01, 0x00,
    0x02, 0x40, 0x00, 0x00, 0x30, 0xce, 0x01, 0x00, 0x0b, 0x01, 0x00, 0x00,
    0x0c, 0x01, 0x00, 0x00, 0x01, 0x01, 0x03, 0x00, 0x02, 0x01, 0x03, 0x00,
    0x10, 0x40, 0x00, 0x00, 0x90, 0x33, 0x02, 0x00, 0x20, 0x01, 0x06, 0x00,
    0x20, 0x40, 0x00, 0x00, 0xe0, 0x01, 0x00, 0x00, 0x21, 0x40, 0x00, 0x00,
    0x30, 0x01, 0x00, 0x00, 0x22, 0x40, 0x00, 0x00, 0x60, 0x01, 0x00, 0x00,
    0x0d, 0x01, 0x0a, 0x00, 0x03, 0x00, 0x00, 0x00, 0x00, 0x40, 0x00, 0x00,
    0x30, 0xce, 0x01, 0x00, 0x02, 0x40, 0x00, 0x00, 0x00, 0x00, 0x00, 0x00,
    0x0b, 0x01, 0x02, 0x00, 0x0c, 0x01, 0x02, 0x00, 0x10, 0x40, 0x00, 0x00,
    0x30, 0x37, 0x02, 0x00, 0x03, 0x00, 0x00, 0x00, 0x00, 0x40, 0x00, 0x00,
    0x90, 0x33, 0x02, 0x00, 0x0b, 0x01, 0x00, 0x00, 0x0c, 0x01, 0x00, 0x00,
    0x01, 0x01, 0x00, 0x00, 0x02, 0x01, 0x00, 0x00, 0x10, 0x40, 0x00, 0x00,
    0xf0, 0xe3, 0x01, 0x00, 0x21, 0x01, 0x00, 0x00, 0x20, 0x01, 0x00, 0x00,
    0x20, 0x40, 0x00, 0x00, 0x90, 0x03, 0x00, 0x00, 0x21, 0x40, 0x00, 0x00,
    0xe0, 0x00, 0x00, 0x00, 0x22, 0x40, 0x00, 0x00, 0x10, 0x03, 0x00, 0x00,
    0x2f, 0x01, 0x01, 0x00, 0x02, 0x00, 0x00, 0x00, 0x00, 0x40, 0x00, 0x00,
    0x30, 0x37, 0x02, 0x00, 0x10, 0x40, 0x00, 0x00, 0x90, 0xe7, 0x01, 0x00,
    0x2f, 0x01, 0x03, 0x00, 0x02, 0x00, 0x00, 0x00, 0x00, 0x40, 0x00, 0x00,
    0xd0, 0xd1, 0x01, 0x00, 0x0b, 0x01, 0x02, 0x00, 0x0c, 0x01, 0x02, 0x00,
    0x01, 0x01, 0x03, 0x00, 0x02, 0x01, 0x03, 0x00, 0x10, 0x40, 0x00, 0x00,
    0x90, 0x33, 0x02, 0x00, 0x21, 0x01, 0x02, 0x00, 0x20, 0x01, 0x06, 0x00,
    0x20, 0x40, 0x00, 0x00, 0xe0, 0x01, 0x00, 0x00, 0x21, 0x40, 0x00, 0x00,
    0x30, 0x01, 0x00, 0x00, 0x22, 0x40, 0x00, 0x00, 0x60, 0x01, 0x00, 0x00,
    0x03, 0x00, 0x00, 0x00, 0x00, 0x40, 0x00, 0x00, 0x10, 0x3b, 0x00, 0x00,
    0x0b, 0x01, 0x01, 0x00, 0x0c, 0x01, 0x01, 0x00, 0x0a, 0x01, 0x72, 0x00,
    0x04, 0x01, 0x03, 0x00, 0x05, 0x40, 0x00, 0x00, 0xcc, 0x01, 0x00, 0x00,
    0x04, 0x40, 0x00, 0x00, 0x04, 0x00, 0x00, 0x00, 0x06, 0x40, 0x00, 0x00,
    0x01, 0x00, 0x00, 0x00, 0x09, 0x01, 0x00, 0x00, 0x05, 0x01, 0x01, 0x00,
    0x01, 0x01, 0x00, 0x00, 0x02, 0x01, 0x00, 0x00, 0x10, 0x40, 0x00, 0x00,
    0x30, 0x25, 0x02, 0x00, 0x11, 0x01, 0x72, 0x00, 0x1a, 0x01, 0x72, 0x00,
    0x13, 0x01, 0x03, 0x00, 0x15, 0x40, 0x00, 0x00, 0x30, 0x07, 0x00, 0x00,
    0x16, 0x40, 0x00, 0x00, 0x30, 0x07, 0x00, 0x00, 0x18, 0x01, 0x00, 0x00,
    0x14, 0x01, 0x41, 0x81, 0x21, 0x01, 0x01, 0x00, 0x20, 0x01, 0x00, 0x00,
    0x22, 0x01, 0x02, 0x00, 0x15, 0x01, 0x15, 0x00, 0x17, 0x01, 0x07, 0x00,
    0x05, 0x00, 0x01, 0x00, 0x00, 0x40, 0x00, 0x00, 0xa8, 0x3e, 0x00, 0x00,
    0x10, 0x40, 0x00, 0x00, 0x60, 0x2c, 0x02, 0x00, 0x05, 0x00, 0x01, 0x00,
    0x00, 0x40, 0x00, 0x00, 0x30, 0x25, 0x02, 0x00, 0x0b, 0x01, 0x00, 0x00,
    0x0c, 0x01, 0x00, 0x00, 0x05, 0x40, 0x00, 0x00, 0x30, 0x07, 0x00, 0x00,
    0x04, 0x40, 0x00, 0x00, 0x10, 0x00, 0x00, 0x00, 0x06, 0x40, 0x00, 0x00,
    0x30, 0x07, 0x00, 0x00, 0x05, 0x01, 0x41, 0x00, 0x01, 0x01, 0x01, 0x00,
    0x02, 0x01, 0x01, 0x00, 0x10, 0x40, 0x00, 0x00, 0xb0, 0xdc, 0x01, 0x00,
    0x11, 0x01, 0x39, 0x00, 0x1a, 0x01, 0x39, 0x00, 0x13, 0x01, 0x0b, 0x00,
    0x15, 0x40, 0x00, 0x00, 0xa0, 0x03, 0x00, 0x00, 0x16, 0x40, 0x00, 0x00,
    0xa0, 0x03, 0x00, 0x00, 0x18, 0x01, 0x80, 0xff, 0x14, 0x01, 0x41, 0x00,
    0x21, 0x01, 0x00, 0x00, 0x20, 0x01, 0x02, 0x00, 0x22, 0x01, 0x05, 0x00,
    0x20, 0x40, 0x00, 0x00, 0x80, 0x00, 0x00, 0x00, 0x21, 0x40, 0x00, 0x00,
    0xe0, 0x00, 0x00, 0x00, 0x22, 0x40, 0x00, 0x00, 0x00, 0x00, 0x00, 0x00,
    0x15, 0x01, 0x39, 0x00, 0x17, 0x01, 0x0f, 0x00, 0x2f, 0x01, 0x01, 0x00,
    0x02, 0x00, 0x00, 0x00, 0x00, 0x40, 0x00, 0x00, 0x60, 0x2c, 0x02, 0x00,
    0x10, 0x40, 0x00, 0x00, 0x50, 0xe0, 0x01, 0x00, 0x2f, 0x01, 0x03, 0x00,
    0x02, 0x00, 0x00, 0x00, 0x00, 0x40, 0x00, 0x00, 0x40, 0x42, 0x00, 0x00,
    0x0b, 0x01, 0x01, 0x00, 0x0c, 0x01, 0x01, 0x00, 0x05, 0x40, 0x00, 0x00,
    0xcc, 0x01, 0x00, 0x00, 0x04, 0x40, 0x00, 0x00, 0x04, 0x00, 0x00, 0x00,
    0x06, 0x40, 0x00, 0x00, 0x01, 0x00, 0x00, 0x00, 0x05, 0x01, 0x01, 0x00,
    0x01, 0x01, 0x00, 0x00, 0x02, 0x01, 0x00, 0x00, 0x10, 0x40, 0x00, 0x00,
    0x30, 0x25, 0x02, 0x00, 0x11, 0x01, 0x72, 0x00, 0x1a, 0x01, 0x72, 0x00,
    0x13, 0x01, 0x03, 0x00, 0x15, 0x40, 0x00, 0x00, 0x30, 0x07, 0x00, 0x00,
    0x16, 0x40, 0x00, 0x00, 0x30, 0x07, 0x00, 0x00, 0x18, 0x01, 0x00, 0x00,
    0x14, 0x01, 0x41, 0x81, 0x21, 0x01, 0x01, 0x00, 0x20, 0x01, 0x00, 0x00,
    0x22, 0x01, 0x02, 0x00, 0x15, 0x01, 0x15, 0x00, 0x17, 0x01, 0x07, 0x00,
    0x05, 0x00, 0x01, 0x00, 0x00, 0x40, 0x00, 0x00, 0xd8, 0x45, 0x00, 0x00,
    0x10, 0x40, 0x00, 0x00, 0x60, 0x2c, 0x02, 0x00, 0x05, 0x00, 0x01, 0x00,
    0x00, 0x40, 0x00, 0x00, 0x30, 0x25, 0x02, 0x00, 0x0b, 0x01, 0x00, 0x00,
    0x0c, 0x01, 0x00, 0x00, 0x05, 0x40, 0x00, 0x00, 0x30, 0x07, 0x00, 0x00,
    0x04, 0x40, 0x00, 0x00, 0x10, 0x00, 0x00, 0x00, 0x06, 0x40, 0x00, 0x00,
    0x30, 0x07, 0x00, 0x00, 0x05, 0x01, 0x41, 0x00, 0x01, 0x01, 0x01, 0x00,
    0x02, 0x01, 0x01, 0x00, 0x10, 0x40, 0x00, 0x00, 0x30, 0xce, 0x01, 0x00,
    0x11, 0x01, 0x39, 0x00, 0x1a, 0x01, 0x39, 0x00, 0x13, 0x01, 0x0b, 0x00,
    0x15, 0x40, 0x00, 0x00, 0xa0, 0x03, 0x00, 0x00, 0x16, 0x40, 0x00, 0x00,
    0xa0, 0x03, 0x00, 0x00, 0x18, 0x01, 0x80, 0xff, 0x14, 0x01, 0x41, 0x00,
    0x21, 0x01, 0x00, 0x00, 0x20, 0x01, 0x02, 0x00, 0x22, 0x01, 0x05, 0x00,
    0x15, 0x01, 0x39, 0x00, 0x17, 0x01, 0x0f, 0x00, 0x2f, 0x01, 0x01, 0x00,
    0x02, 0x00, 0x00, 0x00, 0x00, 0x40, 0x00, 0x00, 0x60, 0x2c, 0x02, 0x00,
    0x10, 0x40, 0x00, 0x00, 0xd0, 0xd1, 0x01, 0x00, 0x2f, 0x01, 0x03, 0x00,
    0x02, 0x00, 0x00, 0x00, 0x00, 0x40, 0x00, 0x00, 0x70, 0xd5, 0x01, 0x00,
    0x0b, 0x01, 0x02, 0x00, 0x0c, 0x01, 0x02, 0x00, 0x0a, 0x01, 0x39, 0x00,
    0x04, 0x01, 0x0b, 0x00, 0x05, 0x40, 0x00, 0x00, 0xa0, 0x03, 0x00, 0x00,
    0x06, 0x40, 0x00, 0x00, 0xa0, 0x03, 0x00, 0x00, 0x09, 0x01, 0x80, 0xff,
    0x01, 0x01, 0x03, 0x00, 0x02, 0x01, 0x03, 0x00, 0x10, 0x40, 0x00, 0x00,
    0x30, 0x37, 0x02, 0x00, 0x21, 0x01, 0x02, 0x00, 0x20, 0x01, 0x06, 0x00,
    0x22, 0x01, 0x00, 0x00, 0x20, 0x40, 0x00, 0x00, 0xe0, 0x01, 0x00, 0x00,
    0x21, 0x40, 0x00, 0x00, 0x30, 0x01, 0x00, 0x00, 0x22, 0x40, 0x00, 0x00,
    0x60, 0x01, 0x00, 0x00, 0x2f, 0x01, 0x01, 0x00, 0x03, 0x00, 0x00, 0x00,
    0x00, 0x40, 0x00, 0x00, 0x90, 0x33, 0x02, 0x00, 0x0b, 0x01, 0x00, 0x00,
    0x0c, 0x01, 0x00, 0x00, 0x01, 0x01, 0x00, 0x00, 0x02, 0x01, 0x00, 0x00,
    0x10, 0x40, 0x00, 0x00, 0x30, 0xeb, 0x01, 0x00, 0x21, 0x01, 0x00, 0x00,
    0x20, 0x01, 0x00, 0x00, 0x20, 0x40, 0x00, 0x00, 0x90, 0x03, 0x00, 0x00,
    0x21, 0x40, 0x00, 0x00, 0xe0, 0x00, 0x00, 0x00, 0x22, 0x40, 0x00, 0x00,
    0x10, 0x03, 0x00, 0x00, 0x02, 0x00, 0x00, 0x00, 0x00, 0x40, 0x00, 0x00,
    0x30, 0x37, 0x02, 0x00, 0x10, 0x40, 0x00, 0x00, 0xd0, 0xee, 0x01, 0x00,
    0x2f, 0x01, 0x03, 0x00, 0x02, 0x00, 0x00, 0x00, 0x00, 0x40, 0x00, 0x00,
    0x70, 0xf2, 0x01, 0x00, 0x02, 0x40, 0x00, 0x00, 0xf0, 0xe3, 0x01, 0x00,
    0x0b, 0x01, 0x01, 0x00, 0x0c, 0x01, 0x01, 0x00, 0x01, 0x01, 0x04, 0x00,
    0x02, 0x01, 0x04, 0x00, 0x10, 0x40, 0x00, 0x00, 0x70, 0x3e, 0x02, 0x00,
    0x21, 0x01, 0x02, 0x00, 0x20, 0x01, 0x08, 0x00, 0x20, 0x40, 0x00, 0x00,
    0xf0, 0x04, 0x00, 0x00, 0x21, 0x40, 0x00, 0x00, 0x90, 0x01, 0x00, 0x00,
    0x22, 0x40, 0x00, 0x00, 0x70, 0x04, 0x00, 0x00, 0x0d, 0x01, 0x12, 0x00,
    0x2f, 0x01, 0x01, 0x00, 0x03, 0x00, 0x00, 0x00, 0x00, 0x40, 0x00, 0x00,
    0xd0, 0x3a, 0x02, 0x00, 0x02, 0x40, 0x00, 0x00, 0x00, 0x00, 0x00, 0x00,
    0x0b, 0x01, 0x00, 0x00, 0x0c, 0x01, 0x00, 0x00, 0x01, 0x01, 0x00, 0x00,
    0x02, 0x01, 0x00, 0x00, 0x10, 0x40, 0x00, 0x00, 0x30, 0x94, 0x01, 0x00,
    0x21, 0x01, 0x00, 0x00, 0x20, 0x01, 0x00, 0x00, 0x20, 0x40, 0x00, 0x00,
    0x00, 0x07, 0x00, 0x00, 0x21, 0x40, 0x00, 0x00, 0x00, 0x01, 0x00, 0x00,
    0x22, 0x40, 0x00, 0x00, 0x80, 0x06, 0x00, 0x00, 0x0d, 0x01, 0x0a, 0x00,
    0x02, 0x00, 0x00, 0x00, 0x00, 0x40, 0x00, 0x00, 0x70, 0x3e, 0x02, 0x00,
    0x10, 0x40, 0x00, 0x00, 0xd0, 0x97, 0x01, 0x00, 0x2f, 0x01, 0x03, 0x00,
    0x02, 0x00, 0x00, 0x00, 0x00, 0x40, 0x00, 0x00, 0x10, 0xf6, 0x01, 0x00,
    0x02, 0x40, 0x00, 0x00, 0xf0, 0xe3, 0x01, 0x00, 0x01, 0x01, 0x04, 0x00,
    0x02, 0x01, 0x04, 0x00, 0x10, 0x40, 0x00, 0x00, 0xd0, 0x3a, 0x02, 0x00,
    0x21, 0x01, 0x02, 0x00, 0x20, 0x01, 0x08, 0x00, 0x20, 0x40, 0x00, 0x00,
    0xf0, 0x04, 0x00, 0x00, 0x21, 0x40, 0x00, 0x00, 0x90, 0x01, 0x00, 0x00,
    0x22, 0x40, 0x00, 0x00, 0x70, 0x04, 0x00, 0x00, 0x0d, 0x01, 0x12, 0x00,
    0x03, 0x00, 0x00, 0x00, 0x00, 0x40, 0x00, 0x00, 0xf0, 0xe3, 0x01, 0x00,
    0x02, 0x40, 0x00, 0x00, 0x00, 0x00, 0x00, 0x00, 0x0b, 0x01, 0x02, 0x00,
    0x0c, 0x01, 0x02, 0x00, 0x10, 0x40, 0x00, 0x00, 0x70, 0x3e, 0x02, 0x00,
    0x03, 0x00, 0x00, 0x00, 0x00, 0x40, 0x00, 0x00, 0xd0, 0x3a, 0x02, 0x00,
    0x0b, 0x01, 0x00, 0x00, 0x0c, 0x01, 0x00, 0x00, 0x01, 0x01, 0x00, 0x00,
    0x02, 0x01, 0x00, 0x00, 0x10, 0x40, 0x00, 0x00, 0x70, 0x9b, 0x01, 0x00,
    0x21, 0x01, 0x00, 0x00, 0x20, 0x01, 0x00, 0x00, 0x20, 0x40, 0x00, 0x00,
    0x00, 0x07, 0x00, 0x00, 0x21, 0x40, 0x00, 0x00, 0x00, 0x01, 0x00, 0x00,
    0x22, 0x40, 0x00, 0x00, 0x80, 0x06, 0x00, 0x00, 0x0d, 0x01, 0x0a, 0x00,
    0x2f, 0x01, 0x01, 0x00, 0x02, 0x00, 0x00, 0x00, 0x00, 0x40, 0x00, 0x00,
    0x70, 0x3e, 0x02, 0x00, 0x10, 0x40, 0x00, 0x00, 0x10, 0x9f, 0x01, 0x00,
    0x2f, 0x01, 0x03, 0x00, 0x02, 0x00, 0x00, 0x00, 0x00, 0x40, 0x00, 0x00,
    0x90, 0xe7, 0x01, 0x00, 0x0b, 0x01, 0x02, 0x00, 0x0c, 0x01, 0x02, 0x00,
    0x01, 0x01, 0x04, 0x00, 0x02, 0x01, 0x04, 0x00, 0x10, 0x40, 0x00, 0x00,
    0xd0, 0x3a, 0x02, 0x00, 0x21, 0x01, 0x02, 0x00, 0x20, 0x01, 0x08, 0x00,
    0x20, 0x40, 0x00, 0x00, 0xf0, 0x04, 0x00, 0x00, 0x21, 0x40, 0x00, 0x00,
    0x90, 0x01, 0x00, 0x00, 0x22, 0x40, 0x00, 0x00, 0x70, 0x04, 0x00, 0x00,
    0x0d, 0x01, 0x12, 0x00, 0x03, 0x00, 0x00, 0x00, 0x00, 0x40, 0x00, 0x00,
    0x10, 0xd9, 0x01, 0x00, 0x01, 0x01, 0x03, 0x00, 0x02, 0x01, 0x03, 0x00,
    0x10, 0x40, 0x00, 0x00, 0x90, 0x33, 0x02, 0x00, 0x20, 0x01, 0x06, 0x00,
    0x20, 0x40, 0x00, 0x00, 0xe0, 0x01, 0x00, 0x00, 0x21, 0x40, 0x00, 0x00,
    0x30, 0x01, 0x00, 0x00, 0x22, 0x40, 0x00, 0x00, 0x60, 0x01, 0x00, 0x00,
    0x0d, 0x01, 0x0a, 0x00, 0x03, 0x00, 0x00, 0x00, 0x00, 0x40, 0x00, 0x00,
    0xb0, 0xdc, 0x01, 0x00, 0x02, 0x40, 0x00, 0x00, 0x30, 0xce, 0x01, 0x00,
    0x0b, 0x01, 0x01, 0x00, 0x0c, 0x01, 0x01, 0x00, 0x10, 0x40, 0x00, 0x00,
    0x30, 0x37, 0x02, 0x00, 0x03, 0x00, 0x00, 0x00, 0x00, 0x40, 0x00, 0x00,
    0x90, 0x33, 0x02, 0x00, 0x02, 0x40, 0x00, 0x00, 0x00, 0x00, 0x00, 0x00,
    0x0b, 0x01, 0x00, 0x00, 0x0c, 0x01, 0x00, 0x00, 0x01, 0x01, 0x00, 0x00,
    0x02, 0x01, 0x00, 0x00, 0x10, 0x40, 0x00, 0x00, 0x70, 0xf2, 0x01, 0x00,
    0x21, 0x01, 0x00, 0x00, 0x20, 0x01, 0x00, 0x00, 0x20, 0x40, 0x00, 0x00,
    0x90, 0x03, 0x00, 0x00, 0x21, 0x40, 0x00, 0x00, 0xe0, 0x00, 0x00, 0x00,
    0x22, 0x40, 0x00, 0x00, 0x10, 0x03, 0x00, 0x00, 0x2f, 0x01, 0x01, 0x00,
    0x02, 0x00, 0x00, 0x00, 0x00, 0x40, 0x00, 0x00, 0x30, 0x37, 0x02, 0x00,
    0x10, 0x40, 0x00, 0x00, 0x10, 0xf6, 0x01, 0x00, 0x2f, 0x01, 0x03, 0x00,
    0x02, 0x00, 0x00, 0x00, 0x00, 0x40, 0x00, 0x00, 0x50, 0xe0, 0x01, 0x00,
    0x02, 0x40, 0x00, 0x00, 0x30, 0xce, 0x01, 0x00, 0x01, 0x01, 0x03, 0x00,
    0x02, 0x01, 0x03, 0x00, 0x10, 0x40, 0x00, 0x00, 0x90, 0x33, 0x02, 0x00,
    0x21, 0x01, 0x02, 0x00, 0x20, 0x01, 0x06, 0x00, 0x20, 0x40, 0x00, 0x00,
    0xe0, 0x01, 0x00, 0x00, 0x21, 0x40, 0x00, 0x00, 0x30, 0x01, 0x00, 0x00,
    0x22, 0x40, 0x00, 0x00, 0x60, 0x01, 0x00, 0x00, 0x03, 0x00, 0x00, 0x00,
    0x00, 0x40, 0x00, 0x00, 0x70, 0x49, 0x00, 0x00, 0x02, 0x40, 0x00, 0x00,
    0x00, 0x00, 0x00, 0x00, 0x0b, 0x01, 0x01, 0x00, 0x0c, 0x01, 0x01, 0x00,
    0x0a, 0x01, 0x72, 0x00, 0x04, 0x01, 0x03, 0x00, 0x05, 0x40, 0x00, 0x00,
    0xcc, 0x01, 0x00, 0x00, 0x04, 0x40, 0x00, 0x00, 0x04, 0x00, 0x00, 0x00,
    0x06, 0x40, 0x00, 0x00, 0x01, 0x00, 0x00, 0x00, 0x09, 0x01, 0x00, 0x00,
    0x05, 0x01, 0x01, 0x00, 0x01, 0x01, 0x00, 0x00, 0x02, 0x01, 0x00, 0x00,
    0x10, 0x40, 0x00, 0x00, 0x30, 0x25, 0x02, 0x00, 0x11, 0x01, 0x72, 0x00,
    0x1a, 0x01, 0x72, 0x00, 0x13, 0x01, 0x03, 0x00, 0x15, 0x40, 0x00, 0x00,
    0x30, 0x07, 0x00, 0x00, 0x16, 0x40, 0x00, 0x00, 0x30, 0x07, 0x00, 0x00,
    0x18, 0x01, 0x00, 0x00, 0x14, 0x01, 0x41, 0x81, 0x21, 0x01, 0x01, 0x00,
    0x20, 0x01, 0x00, 0x00, 0x22, 0x01, 0x02, 0x00, 0x15, 0x01, 0x15, 0x00,
    0x17, 0x01, 0x07, 0x00, 0x05, 0x00, 0x01, 0x00, 0x00, 0x40, 0x00, 0x00,
    0x08, 0x4d, 0x00, 0x00, 0x10, 0x40, 0x00, 0x00, 0x60, 0x2c, 0x02, 0x00,
    0x05, 0x00, 0x01, 0x00, 0x00, 0x40, 0x00, 0x00, 0x30, 0x25, 0x02, 0x00,
    0x0b, 0x01, 0x00, 0x00, 0x0c, 0x01, 0x00, 0x00, 0x05, 0x40, 0x00, 0x00,
    0x30, 0x07, 0x00, 0x00, 0x04, 0x40, 0x00, 0x00, 0x10, 0x00, 0x00, 0x00,
    0x06, 0x40, 0x00, 0x00, 0x30, 0x07, 0x00, 0x00, 0x05, 0x01, 0x41, 0x00,
    0x01, 0x01, 0x01, 0x00, 0x02, 0x01, 0x01, 0x00, 0x10, 0x40, 0x00, 0x00,
    0x70, 0xd5, 0x01, 0x00, 0x11, 0x01, 0x39, 0x00, 0x1a, 0x01, 0x39, 0x00,
    0x13, 0x01, 0x0b, 0x00, 0x15, 0x40, 0x00, 0x00, 0xa0, 0x03, 0x00, 0x00,
    0x16, 0x40, 0x00, 0x00, 0xa0, 0x03, 0x00, 0x00, 0x18, 0x01, 0x80, 0xff,
    0x14, 0x01, 0x41, 0x00, 0x21, 0x01, 0x00, 0x00, 0x20, 0x01, 0x02, 0x00,
    0x22, 0x01, 0x05, 0x00, 0x20, 0x40, 0x00, 0x00, 0x80, 0x00, 0x00, 0x00,
    0x21, 0x40, 0x00, 0x00, 0xe0, 0x00, 0x00, 0x00, 0x22, 0x40, 0x00, 0x00,
    0x00, 0x00, 0x00, 0x00, 0x15, 0x01, 0x39, 0x00, 0x17, 0x01, 0x0f, 0x00,
    0x2f, 0x01, 0x01, 0x00, 0x02, 0x00, 0x00, 0x00, 0x00, 0x40, 0x00, 0x00,
    0x60, 0x2c, 0x02, 0x00, 0x10, 0x40, 0x00, 0x00, 0x10, 0xd9, 0x01, 0x00,
    0x2f, 0x01, 0x03, 0x00, 0x02, 0x00, 0x00, 0x00, 0x00, 0x40, 0x00, 0x00,
    0xa0, 0x50, 0x00, 0x00, 0x0b, 0x01, 0x01, 0x00, 0x0c, 0x01, 0x01, 0x00,
    0x05, 0x40, 0x00, 0x00, 0xcc, 0x01, 0x00, 0x00, 0x04, 0x40, 0x00, 0x00,
    0x04, 0x00, 0x00, 0x00, 0x06, 0x40, 0x00, 0x00, 0x01, 0x00, 0x00, 0x00,
    0x05, 0x01, 0x01, 0x00, 0x01, 0x01, 0x00, 0x00, 0x02, 0x01, 0x00, 0x00,
    0x10, 0x40, 0x00, 0x00, 0x30, 0x25, 0x02, 0x00, 0x11, 0x01, 0x72, 0x00,
    0x1a, 0x01, 0x72, 0x00, 0x13, 0x01, 0x03, 0x00, 0x15, 0x40, 0x00, 0x00,
    0x30, 0x07, 0x00, 0x00, 0x16, 0x40, 0x00, 0x00, 0x30, 0x07, 0x00, 0x00,
    0x18, 0x01, 0x00, 0x00, 0x14, 0x01, 0x41, 0x81, 0x21, 0x01, 0x01, 0x00,
    0x20, 0x01, 0x00, 0x00, 0x22, 0x01, 0x02, 0x00, 0x15, 0x01, 0x15, 0x00,
    0x17, 0x01, 0x07, 0x00, 0x05, 0x00, 0x01, 0x00, 0x00, 0x40, 0x00, 0x00,
    0x38, 0x54, 0x00, 0x00, 0x10, 0x40, 0x00, 0x00, 0x60, 0x2c, 0x02, 0x00,
    0x05, 0x00, 0x01, 0x00, 0x00, 0x40, 0x00, 0x00, 0x30, 0x25, 0x02, 0x00,
    0x0b, 0x01, 0x00, 0x00, 0x0c, 0x01, 0x00, 0x00, 0x05, 0x40, 0x00, 0x00,
    0x30, 0x07, 0x00, 0x00, 0x04, 0x40, 0x00, 0x00, 0x10, 0x00, 0x00, 0x00,
    0x06, 0x40, 0x00, 0x00, 0x30, 0x07, 0x00, 0x00, 0x05, 0x01, 0x41, 0x00,
    0x01, 0x01, 0x01, 0x00, 0x02, 0x01, 0x01, 0x00, 0x10, 0x40, 0x00, 0x00,
    0xb0, 0xdc, 0x01, 0x00, 0x11, 0x01, 0x39, 0x00, 0x1a, 0x01, 0x39, 0x00,
    0x13, 0x01, 0x0b, 0x00, 0x15, 0x40, 0x00, 0x00, 0xa0, 0x03, 0x00, 0x00,
    0x16, 0x40, 0x00, 0x00, 0xa0, 0x03, 0x00, 0x00, 0x18, 0x01, 0x80, 0xff,
    0x14, 0x01, 0x41, 0x00, 0x21, 0x01, 0x00, 0x00, 0x20, 0x01, 0x02, 0x00,
    0x22, 0x01, 0x05, 0x00, 0x15, 0x01, 0x39, 0x00, 0x17, 0x01, 0x0f, 0x00,
    0x2f, 0x01, 0x01, 0x00, 0x02, 0x00, 0x00, 0x00, 0x00, 0x40, 0x00, 0x00,
    0x60, 0x2c, 0x02, 0x00, 0x10, 0x40, 0x00, 0x00, 0x50, 0xe0, 0x01, 0x00,
    0x2f, 0x01, 0x03, 0x00, 0x02, 0x00, 0x00, 0x00, 0x00, 0x40, 0x00, 0x00,
    0x30, 0xce, 0x01, 0x00, 0x0b, 0x01, 0x02, 0x00, 0x0c, 0x01, 0x02, 0x00,
    0x0a, 0x01, 0x39, 0x00, 0x04, 0x01, 0x0b, 0x00, 0x05, 0x40, 0x00, 0x00,
    0xa0, 0x03, 0x00, 0x00, 0x06, 0x40, 0x00, 0x00, 0xa0, 0x03, 0x00, 0x00,
    0x09, 0x01, 0x80, 0xff, 0x01, 0x01, 0x03, 0x00, 0x02, 0x01, 0x03, 0x00,
    0x10, 0x40, 0x00, 0x00, 0x30, 0x37, 0x02, 0x00, 0x21, 0x01, 0x02, 0x00,
    0x20, 0x01, 0x06, 0x00, 0x22, 0x01, 0x00, 0x00, 0x20, 0x40, 0x00, 0x00,
    0xe0, 0x01, 0x00, 0x00, 0x21, 0x40, 0x00, 0x00, 0x30, 0x01, 0x00, 0x00,
    0x22, 0x40, 0x00, 0x00, 0x60, 0x01, 0x00, 0x00, 0x2f, 0x01, 0x01, 0x00,
    0x03, 0x00, 0x00, 0x00, 0x00, 0x40, 0x00, 0x00, 0x90, 0x33, 0x02, 0x00,
    0x0b, 0x01, 0x00, 0x00, 0x0c, 0x01, 0x00, 0x00, 0x01, 0x01, 0x00, 0x00,
    0x02, 0x01, 0x00, 0x00, 0x10, 0x40, 0x00, 0x00, 0xf0, 0xe3, 0x01, 0x00,
    0x21, 0x01, 0x00, 0x00, 0x20, 0x01, 0x00, 0x00, 0x20, 0x40, 0x00, 0x00,
    0x90, 0x03, 0x00, 0x00, 0x21, 0x40, 0x00, 0x00, 0xe0, 0x00, 0x00, 0x00,
    0x22, 0x40, 0x00, 0x00, 0x10, 0x03, 0x00, 0x00, 0x02, 0x00, 0x00, 0x00,
    0x00, 0x40, 0x00, 0x00, 0x30, 0x37, 0x02, 0x00, 0x10, 0x40, 0x00, 0x00,
    0x90, 0xe7, 0x01, 0x00, 0x2f, 0x01, 0x03, 0x00, 0x02, 0x00, 0x00, 0x00,
    0x00, 0x40, 0x00, 0x00, 0x30, 0xeb, 0x01, 0x00, 0x0b, 0x01, 0x02, 0x00,
    0x0c, 0x01, 0x02, 0x00, 0x01, 0x01, 0x04, 0x00, 0x02, 0x01, 0x04, 0x00,
    0x10, 0x40, 0x00, 0x00, 0x70, 0x3e, 0x02, 0x00, 0x21, 0x01, 0x02, 0x00,
    0x20, 0x01, 0x08, 0x00, 0x20, 0x40, 0x00, 0x00, 0xf0, 0x04, 0x00, 0x00,
    0x21, 0x40, 0x00, 0x00, 0x90, 0x01, 0x00, 0x00, 0x22, 0x40, 0x00, 0x00,
    0x70, 0x04, 0x00, 0x00, 0x0d, 0x01, 0x12, 0x00, 0x2f, 0x01, 0x01, 0x00,
    0x03, 0x00, 0x00, 0x00, 0x00, 0x40, 0x00, 0x00, 0xd0, 0x3a, 0x02, 0x00,
    0x0b, 0x01, 0x00, 0x00, 0x0c, 0x01, 0x00, 0x00, 0x01, 0x01, 0x00, 0x00,
    0x02, 0x01, 0x00, 0x00, 0x10, 0x40, 0x00, 0x00, 0xb0, 0xa2, 0x01, 0x00,
    0x21, 0x01, 0x00, 0x00, 0x20, 0x01, 0x00, 0x00, 0x20, 0x40, 0x00, 0x00,
    0x00, 0x07, 0x00, 0x00, 0x21, 0x40, 0x00, 0x00, 0x00, 0x01, 0x00, 0x00,
    0x22, 0x40, 0x00, 0x00, 0x80, 0x06, 0x00, 0x00, 0x0d, 0x01, 0x0a, 0x00,
    0x02, 0x00, 0x00, 0x00, 0x00, 0x40, 0x00, 0x00, 0x70, 0x3e, 0x02, 0x00,
    0x10, 0x40, 0x00, 0x00, 0x50, 0xa6, 0x01, 0x00, 0x2f, 0x01, 0x03, 0x00,
    0x02, 0x00, 0x00, 0x00, 0x00, 0x40, 0x00, 0x00, 0xb0, 0x85, 0x01, 0x00,
    0x0b, 0x01, 0x02, 0x00, 0x0c, 0x01, 0x02, 0x00, 0x00, 0x01, 0x02, 0x00,
    0x01, 0x01, 0x01, 0x00, 0x02, 0x01, 0x01, 0x00, 0x10, 0x40, 0x00, 0x00,
    0x10, 0x42, 0x02, 0x00, 0x21, 0x01, 0x04, 0x00, 0x20, 0x01, 0x02, 0x00,
    0x20, 0x40, 0x00, 0x00, 0x80, 0x08, 0x00, 0x00, 0x21, 0x40, 0x00, 0x00,
    0xe0, 0x00, 0x00, 0x00, 0x22, 0x40, 0x00, 0x00, 0x00, 0x08, 0x00, 0x00,
    0x0d, 0x01, 0x12, 0x00, 0x2f, 0x01, 0x01, 0x00, 0x03, 0x00, 0x00, 0x00,
    0x0b, 0x01, 0x03, 0x00, 0x0c, 0x01, 0x03, 0x00, 0x00, 0x01, 0x01, 0x00,
    0x10, 0x40, 0x00, 0x00, 0xb0, 0x45, 0x02, 0x00, 0x2f, 0x01, 0x03, 0x00,
    0x03, 0x00, 0x00, 0x00, 0x00, 0x40, 0x00, 0x00, 0x10, 0x42, 0x02, 0x00,
    0x0b, 0x01, 0x00, 0x00, 0x0c, 0x01, 0x00, 0x00, 0x00, 0x01, 0x00, 0x00,
    0x01, 0x01, 0x00, 0x00, 0x02, 0x01, 0x00, 0x00, 0x10, 0x40, 0x00, 0x00,
    0xb0, 0xf9, 0x01, 0x00, 0x21, 0x01, 0x00, 0x00, 0x20, 0x01, 0x00, 0x00,
    0x20, 0x40, 0x00, 0x00, 0xe0, 0x09, 0x00, 0x00, 0x21, 0x40, 0x00, 0x00,
    0x00, 0x01, 0x00, 0x00, 0x22, 0x40, 0x00, 0x00, 0x60, 0x09, 0x00, 0x00,
    0x0d, 0x01, 0x0a, 0x00, 0x2f, 0x01, 0x01, 0x00, 0x02, 0x00, 0x00, 0x00,
    0x00, 0x40, 0x00, 0x00, 0xb0, 0x45, 0x02, 0x00, 0x10, 0x40, 0x00, 0x00,
    0x50, 0xfd, 0x01, 0x00, 0x2f, 0x01, 0x03, 0x00, 0x02, 0x00, 0x00, 0x00,
    0x00, 0x40, 0x00, 0x00, 0xb0, 0x85, 0x01, 0x00, 0x0b, 0x01, 0x04, 0x00,
    0x0c, 0x01, 0x04, 0x00, 0x01, 0x01, 0x01, 0x00, 0x02, 0x01, 0x01, 0x00,
    0x10, 0x40, 0x00, 0x00, 0x10, 0x42, 0x02, 0x00, 0x21, 0x01, 0x04, 0x00,
    0x20, 0x01, 0x02, 0x00, 0x20, 0x40, 0x00, 0x00, 0x80, 0x08, 0x00, 0x00,
    0x21, 0x40, 0x00, 0x00, 0xe0, 0x00, 0x00, 0x00, 0x22, 0x40, 0x00, 0x00,
    0x00, 0x08, 0x00, 0x00, 0x0d, 0x01, 0x12, 0x00, 0x03, 0x00, 0x00, 0x00,
    0x00, 0x40, 0x00, 0x00, 0x50, 0x89, 0x01, 0x00, 0x10, 0x40, 0x00, 0x00,
    0xb0, 0x45, 0x02, 0x00, 0x03, 0x00, 0x00, 0x00, 0x00, 0x40, 0x00, 0x00,
    0x10, 0x42, 0x02, 0x00, 0x0b, 0x01, 0x00, 0x00, 0x0c, 0x01, 0x00, 0x00,
    0x01, 0x01, 0x00, 0x00, 0x02, 0x01, 0x00, 0x00, 0x10, 0x40, 0x00, 0x00,
    0xf0, 0x00, 0x02, 0x00, 0x21, 0x01, 0x00, 0x00, 0x20, 0x01, 0x00, 0x00,
    0x20, 0x40, 0x00, 0x00, 0xe0, 0x09, 0x00, 0x00, 0x21, 0x40, 0x00, 0x00,
    0x00, 0x01, 0x00, 0x00, 0x22, 0x40, 0x00, 0x00, 0x60, 0x09, 0x00, 0x00,
    0x0d, 0x01, 0x0a, 0x00, 0x2f, 0x01, 0x01, 0x00, 0x02, 0x00, 0x00, 0x00,
    0x00, 0x40, 0x00, 0x00, 0xb0, 0x45, 0x02, 0x00, 0x10, 0x40, 0x00, 0x00,
    0x90, 0x04, 0x02, 0x00, 0x2f, 0x01, 0x03, 0x00, 0x02, 0x00, 0x00, 0x00,
    0x00, 0x40, 0x00, 0x00, 0xf0, 0x8c, 0x01, 0x00, 0x0b, 0x01, 0x04, 0x00,
    0x0c, 0x01, 0x04, 0x00, 0x01, 0x01, 0x01, 0x00, 0x02, 0x01, 0x01, 0x00,
    0x10, 0x40, 0x00, 0x00, 0x10, 0x42, 0x02, 0x00, 0x21, 0x01, 0x04, 0x00,
    0x20, 0x01, 0x02, 0x00, 0x20, 0x40, 0x00, 0x00, 0x80, 0x08, 0x00, 0x00,
    0x21, 0x40, 0x00, 0x00, 0xe0, 0x00, 0x00, 0x00, 0x22, 0x40, 0x00, 0x00,
    0x00, 0x08, 0x00, 0x00, 0x0d, 0x01, 0x12, 0x00, 0x03, 0x00, 0x00, 0x00,
    0x00, 0x40, 0x00, 0x00, 0x90, 0x90, 0x01, 0x00, 0x10, 0x40, 0x00, 0x00,
    0xb0, 0x45, 0x02, 0x00, 0x03, 0x00, 0x00, 0x00, 0x00, 0x40, 0x00, 0x00,
    0x10, 0x42, 0x02, 0x00, 0x0b, 0x01, 0x00, 0x00, 0x0c, 0x01, 0x00, 0x00,
    0x01, 0x01, 0x00, 0x00, 0x02, 0x01, 0x00, 0x00, 0x10, 0x40, 0x00, 0x00,
    0x30, 0x08, 0x02, 0x00, 0x21, 0x01, 0x00, 0x00, 0x20, 0x01, 0x00, 0x00,
    0x20, 0x40, 0x00, 0x00, 0xe0, 0x09, 0x00, 0x00, 0x21, 0x40, 0x00, 0x00,
    0x00, 0x01, 0x00, 0x00, 0x22, 0x40, 0x00, 0x00, 0x60, 0x09, 0x00, 0x00,
    0x0d, 0x01, 0x0a, 0x00, 0x2f, 0x01, 0x01, 0x00, 0x02, 0x00, 0x00, 0x00,
    0x00, 0x40, 0x00, 0x00, 0xb0, 0x45, 0x02, 0x00, 0x10, 0x40, 0x00, 0x00,
    0xd0, 0x0b, 0x02, 0x00, 0x2f, 0x01, 0x03, 0x00, 0x02, 0x00, 0x00, 0x00,
    0x00, 0x40, 0x00, 0x00, 0xb0, 0xf9, 0x01, 0x00, 0x0b, 0x01, 0x01, 0x00,
    0x0c, 0x01, 0x01, 0x00, 0x00, 0x01, 0x01, 0x00, 0x01, 0x01, 0x03, 0x00,
    0x02, 0x01, 0x03, 0x00, 0x10, 0x40, 0x00, 0x00, 0x50, 0x49, 0x02, 0x00,
    0x21, 0x01, 0x02, 0x00, 0x20, 0x01, 0x06, 0x00, 0x20, 0x40, 0x00, 0x00,
    0x60, 0x0b, 0x00, 0x00, 0x21, 0x40, 0x00, 0x00, 0x40, 0x01, 0x00, 0x00,
    0x22, 0x40, 0x00, 0x00, 0xe0, 0x0a, 0x00, 0x00, 0x2f, 0x01, 0x01, 0x00,
    0x03, 0x00, 0x00, 0x00, 0x0b, 0x01, 0x02, 0x00, 0x0c, 0x01, 0x02, 0x00,
    0x00, 0x01, 0x00, 0x00, 0x10, 0x40, 0x00, 0x00, 0xf0, 0x4c, 0x02, 0x00,
    0x2f, 0x01, 0x03, 0x00, 0x03, 0x00, 0x00, 0x00, 0x00, 0x40, 0x00, 0x00,
    0x50, 0x49, 0x02, 0x00, 0x0b, 0x01, 0x00, 0x00, 0x0c, 0x01, 0x00, 0x00,
    0x01, 0x01, 0x00, 0x00, 0x02, 0x01, 0x00, 0x00, 0x10, 0x40, 0x00, 0x00,
    0x70, 0x0f, 0x02, 0x00, 0x21, 0x01, 0x00, 0x00, 0x20, 0x01, 0x00, 0x00,
    0x20, 0x40, 0x00, 0x00, 0x20, 0x0d, 0x00, 0x00, 0x21, 0x40, 0x00, 0x00,
    0x00, 0x01, 0x00, 0x00, 0x22, 0x40, 0x00, 0x00, 0xa0, 0x0c, 0x00, 0x00,
    0x2f, 0x01, 0x01, 0x00, 0x02, 0x00, 0x00, 0x00, 0x00, 0x40, 0x00, 0x00,
    0xf0, 0x4c, 0x02, 0x00, 0x10, 0x40, 0x00, 0x00, 0x10, 0x13, 0x02, 0x00,
    0x2f, 0x01, 0x03, 0x00, 0x02, 0x00, 0x00, 0x00, 0x00, 0x40, 0x00, 0x00,
    0x50, 0xfd, 0x01, 0x00, 0x0b, 0x01, 0x02, 0x00, 0x0c, 0x01, 0x02, 0x00,
    0x01, 0x01, 0x03, 0x00, 0x02, 0x01, 0x03, 0x00, 0x10, 0x40, 0x00, 0x00,
    0x50, 0x49, 0x02, 0x00, 0x21, 0x01, 0x02, 0x00, 0x20, 0x01, 0x06, 0x00,
    0x20, 0x40, 0x00, 0x00, 0x60, 0x0b, 0x00, 0x00, 0x21, 0x40, 0x00, 0x00,
    0x40, 0x01, 0x00, 0x00, 0x22, 0x40, 0x00, 0x00, 0xe0, 0x0a, 0x00, 0x00,
    0x03, 0x00, 0x00, 0x00, 0x00, 0x40, 0x00, 0x00, 0xf0, 0x00, 0x02, 0x00,
    0x10, 0x40, 0x00, 0x00, 0xf0, 0x4c, 0x02, 0x00, 0x03, 0x00, 0x00, 0x00,
    0x00, 0x40, 0x00, 0x00, 0x50, 0x49, 0x02, 0x00, 0x0b, 0x01, 0x00, 0x00,
    0x0c, 0x01, 0x00, 0x00, 0x01, 0x01, 0x00, 0x00, 0x02, 0x01, 0x00, 0x00,
    0x10, 0x40, 0x00, 0x00, 0xb0, 0x16, 0x02, 0x00, 0x21, 0x01, 0x00, 0x00,
    0x20, 0x01, 0x00, 0x00, 0x20, 0x40, 0x00, 0x00, 0x20, 0x0d, 0x00, 0x00,
    0x21, 0x40, 0x00, 0x00, 0x00, 0x01, 0x00, 0x00, 0x22, 0x40, 0x00, 0x00,
    0xa0, 0x0c, 0x00, 0x00, 0x2f, 0x01, 0x01, 0x00, 0x02, 0x00, 0x00, 0x00,
    0x00, 0x40, 0x00, 0x00, 0xf0, 0x4c, 0x02, 0x00, 0x10, 0x40, 0x00, 0x00,
    0x50, 0x1a, 0x02, 0x00, 0x2f, 0x01, 0x03, 0x00, 0x02, 0x00, 0x00, 0x00,
    0x00, 0x40, 0x00, 0x00, 0x90, 0x04, 0x02, 0x00, 0x0b, 0x01, 0x02, 0x00,
    0x0c, 0x01, 0x02, 0x00, 0x01, 0x01, 0x03, 0x00, 0x02, 0x01, 0x03, 0x00,
    0x10, 0x40, 0x00, 0x00, 0x50, 0x49, 0x02, 0x00, 0x21, 0x01, 0x02, 0x00,
    0x20, 0x01, 0x06, 0x00, 0x20, 0x40, 0x00, 0x00, 0x60, 0x0b, 0x00, 0x00,
    0x21, 0x40, 0x00, 0x00, 0x40, 0x01, 0x00, 0x00, 0x22, 0x40, 0x00, 0x00,
    0xe0, 0x0a, 0x00, 0x00, 0x03, 0x00, 0x00, 0x00, 0x00, 0x40, 0x00, 0x00,
    0x30, 0x94, 0x01, 0x00, 0x0b, 0x01, 0x04, 0x00, 0x0c, 0x01, 0x04, 0x00,
    0x01, 0x01, 0x01, 0x00, 0x02, 0x01, 0x01, 0x00, 0x10, 0x40, 0x00, 0x00,
    0x10, 0x42, 0x02, 0x00, 0x21, 0x01, 0x04, 0x00, 0x20, 0x01, 0x02, 0x00,
    0x20, 0x40, 0x00, 0x00, 0x80, 0x08, 0x00, 0x00, 0x21, 0x40, 0x00, 0x00,
    0xe0, 0x00, 0x00, 0x00, 0x22, 0x40, 0x00, 0x00, 0x00, 0x08, 0x00, 0x00,
    0x0d, 0x01, 0x12, 0x00, 0x03, 0x00, 0x00, 0x00, 0x00, 0x40, 0x00, 0x00,
    0xd0, 0x97, 0x01, 0x00, 0x10, 0x40, 0x00, 0x00, 0xb0, 0x45, 0x02, 0x00,
    0x03, 0x00, 0x00, 0x00, 0x00, 0x40, 0x00, 0x00, 0x10, 0x42, 0x02, 0x00,
    0x0b, 0x01, 0x00, 0x00, 0x0c, 0x01, 0x00, 0x00, 0x01, 0x01, 0x00, 0x00,
    0x02, 0x01, 0x00, 0x00, 0x10, 0x40, 0x00, 0x00, 0xb0, 0xf9, 0x01, 0x00,
    0x21, 0x01, 0x00, 0x00, 0x20, 0x01, 0x00, 0x00, 0x20, 0x40, 0x00, 0x00,
    0xe0, 0x09, 0x00, 0x00, 0x21, 0x40, 0x00, 0x00, 0x00, 0x01, 0x00, 0x00,
    0x22, 0x40, 0x00, 0x00, 0x60, 0x09, 0x00, 0x00, 0x0d, 0x01, 0x0a, 0x00,
    0x2f, 0x01, 0x01, 0x00, 0x02, 0x00, 0x00, 0x00, 0x00, 0x40, 0x00, 0x00,
    0xb0, 0x45, 0x02, 0x00, 0x10, 0x40, 0x00, 0x00, 0x50, 0xfd, 0x01, 0x00,
    0x2f, 0x01, 0x03, 0x00, 0x02, 0x00, 0x00, 0x00, 0x00, 0x40, 0x00, 0x00,
    0xd0, 0xee, 0x01, 0x00, 0x0b, 0x01, 0x02, 0x00, 0x0c, 0x01, 0x02, 0x00,
    0x01, 0x01, 0x04, 0x00, 0x02, 0x01, 0x04, 0x00, 0x10, 0x40, 0x00, 0x00,
    0xd0, 0x3a, 0x02, 0x00, 0x21, 0x01, 0x02, 0x00, 0x20, 0x01, 0x08, 0x00,
    0x20, 0x40, 0x00, 0x00, 0xf0, 0x04, 0x00, 0x00, 0x21, 0x40, 0x00, 0x00,
    0x90, 0x01, 0x00, 0x00, 0x22, 0x40, 0x00, 0x00, 0x70, 0x04, 0x00, 0x00,
    0x0d, 0x01, 0x12, 0x00, 0x03, 0x00, 0x00, 0x00, 0x00, 0x40, 0x00, 0x00,
    0x70, 0xf2, 0x01, 0x00, 0x02, 0x40, 0x00, 0x00, 0xf0, 0xe3, 0x01, 0x00,
    0x0b, 0x01, 0x01, 0x00, 0x0c, 0x01, 0x01, 0x00, 0x10, 0x40, 0x00, 0x00,
    0x70, 0x3e, 0x02, 0x00, 0x03, 0x00, 0x00, 0x00, 0x00, 0x40, 0x00, 0x00,
    0xd0, 0x3a, 0x02, 0x00, 0x02, 0x40, 0x00, 0x00, 0x00, 0x00, 0x00, 0x00,
    0x0b, 0x01, 0x00, 0x00, 0x0c, 0x01, 0x00, 0x00, 0x01, 0x01, 0x00, 0x00,
    0x02, 0x01, 0x00, 0x00, 0x10, 0x40, 0x00, 0x00, 0xb0, 0x85, 0x01, 0x00,
    0x21, 0x01, 0x00, 0x00, 0x20, 0x01, 0x00, 0x00, 0x20, 0x40, 0x00, 0x00,
    0x00, 0x07, 0x00, 0x00, 0x21, 0x40, 0x00, 0x00, 0x00, 0x01, 0x00, 0x00,
    0x22, 0x40, 0x00, 0x00, 0x80, 0x06, 0x00, 0x00, 0x0d, 0x01, 0x0a, 0x00,
    0x2f, 0x01, 0x01, 0x00, 0x02, 0x00, 0x00, 0x00, 0x00, 0x40, 0x00, 0x00,
    0x70, 0x3e, 0x02, 0x00, 0x10, 0x40, 0x00, 0x00, 0x50, 0x89, 0x01, 0x00,
    0x2f, 0x01, 0x03, 0x00, 0x02, 0x00, 0x00, 0x00, 0x00, 0x40, 0x00, 0x00,
    0x10, 0xf6, 0x01, 0x00, 0x02, 0x40, 0x00, 0x00, 0xf0, 0xe3, 0x01, 0x00,
    0x01, 0x01, 0x04, 0x00, 0x02, 0x01, 0x04, 0x00, 0x10, 0x40, 0x00, 0x00,
    0xd0, 0x3a, 0x02, 0x00, 0x21, 0x01, 0x02, 0x00, 0x20, 0x01, 0x08, 0x00,
    0x20, 0x40, 0x00, 0x00, 0xf0, 0x04, 0x00, 0x00, 0x21, 0x40, 0x00, 0x00,
    0x90, 0x01, 0x00, 0x00, 0x22, 0x40, 0x00, 0x00, 0x70, 0x04, 0x00, 0x00,
    0x0d, 0x01, 0x12, 0x00, 0x03, 0x00, 0x00, 0x00, 0x00, 0x40, 0x00, 0x00,
    0xd0, 0xd1, 0x01, 0x00, 0x02, 0x40, 0x00, 0x00, 0x00, 0x00, 0x00, 0x00,
    0x0b, 0x01, 0x02, 0x00, 0x0c, 0x01, 0x02, 0x00, 0x01, 0x01, 0x03, 0x00,
    0x02, 0x01, 0x03, 0x00, 0x10, 0x40, 0x00, 0x00, 0x90, 0x33, 0x02, 0x00,
    0x20, 0x01, 0x06, 0x00, 0x20, 0x40, 0x00, 0x00, 0xe0, 0x01, 0x00, 0x00,
    0x21, 0x40, 0x00, 0x00, 0x30, 0x01, 0x00, 0x00, 0x22, 0x40, 0x00, 0x00,
    0x60, 0x01, 0x00, 0x00, 0x0d, 0x01, 0x0a, 0x00, 0x03, 0x00, 0x00, 0x00,
    0x00, 0x40, 0x00, 0x00, 0x70, 0xd5, 0x01, 0x00, 0x10, 0x40, 0x00, 0x00,
    0x30, 0x37, 0x02, 0x00, 0x03, 0x00, 0x00, 0x00, 0x00, 0x40, 0x00, 0x00,
    0x90, 0x33, 0x02, 0x00, 0x0b, 0x01, 0x00, 0x00, 0x0c, 0x01, 0x00, 0x00,
    0x01, 0x01, 0x00, 0x00, 0x02, 0x01, 0x00, 0x00, 0x10, 0x40, 0x00, 0x00,
    0x30, 0xeb, 0x01, 0x00, 0x21, 0x01, 0x00, 0x00, 0x20, 0x01, 0x00, 0x00,
    0x20, 0x40, 0x00, 0x00, 0x90, 0x03, 0x00, 0x00, 0x21, 0x40, 0x00, 0x00,
    0xe0, 0x00, 0x00, 0x00, 0x22, 0x40, 0x00, 0x00, 0x10, 0x03, 0x00, 0x00,
    0x2f, 0x01, 0x01, 0x00, 0x02, 0x00, 0x00, 0x00, 0x00, 0x40, 0x00, 0x00,
    0x30, 0x37, 0x02, 0x00, 0x10, 0x40, 0x00, 0x00, 0xd0, 0xee, 0x01, 0x00,
    0x2f, 0x01, 0x03, 0x00, 0x02, 0x00, 0x00, 0x00, 0x00, 0x40, 0x00, 0x00,
    0x10, 0xd9, 0x01, 0x00, 0x0b, 0x01, 0x02, 0x00, 0x0c, 0x01, 0x02, 0x00,
    0x01, 0x01, 0x03, 0x00, 0x02, 0x01, 0x03, 0x00, 0x10, 0x40, 0x00, 0x00,
    0x90, 0x33, 0x02, 0x00, 0x21, 0x01, 0x02, 0x00, 0x20, 0x01, 0x06, 0x00,
    0x20, 0x40, 0x00, 0x00, 0xe0, 0x01, 0x00, 0x00, 0x21, 0x40, 0x00, 0x00,
    0x30, 0x01, 0x00, 0x00, 0x22, 0x40, 0x00, 0x00, 0x60, 0x01, 0x00, 0x00,
    0x03, 0x00, 0x00, 0x00, 0x00, 0x40, 0x00, 0x00, 0xd0, 0x57, 0x00, 0x00,
    0x0b, 0x01, 0x01, 0x00, 0x0c, 0x01, 0x01, 0x00, 0x0a, 0x01, 0x72, 0x00,
    0x04, 0x01, 0x03, 0x00, 0x05, 0x40, 0x00, 0x00, 0xcc, 0x01, 0x00, 0x00,
    0x04, 0x40, 0x00, 0x00, 0x04, 0x00, 0x00, 0x00, 0x06, 0x40, 0x00, 0x00,
    0x01, 0x00, 0x00, 0x00, 0x09, 0x01, 0x00, 0x00, 0x05, 0x01, 0x01, 0x00,
    0x01, 0x01, 0x00, 0x00, 0x02, 0x01, 0x00, 0x00, 0x10, 0x40, 0x00, 0x00,
    0x30, 0x25, 0x02, 0x00, 0x11, 0x01, 0x72, 0x00, 0x1a, 0x01, 0x72, 0x00,
    0x13, 0x01, 0x03, 0x00, 0x15, 0x40, 0x00, 0x00, 0x30, 0x07, 0x00, 0x00,
    0x16, 0x40, 0x00, 0x00, 0x30, 0x07, 0x00, 0x00, 0x18, 0x01, 0x00, 0x00,
    0x14, 0x01, 0x41, 0x81, 0x21, 0x01, 0x01, 0x00, 0x20, 0x01, 0x00, 0x00,
    0x22, 0x01, 0x02, 0x00, 0x15, 0x01, 0x15, 0x00, 0x17, 0x01, 0x07, 0x00,
    0x05, 0x00, 0x01, 0x00, 0x00, 0x40, 0x00, 0x00, 0x68, 0x5b, 0x00, 0x00,
    0x10, 0x40, 0x00, 0x00, 0x60, 0x2c, 0x02, 0x00, 0x05, 0x00, 0x01, 0x00,
    0x00, 0x40, 0x00, 0x00, 0x30, 0x25, 0x02, 0x00, 0x0b, 0x01, 0x00, 0x00,
    0x0c, 0x01, 0x00, 0x00, 0x05, 0x40, 0x00, 0x00, 0x30, 0x07, 0x00, 0x00,
    0x04, 0x40, 0x00, 0x00, 0x10, 0x00, 0x00, 0x00, 0x06, 0x40, 0x00, 0x00,
    0x30, 0x07, 0x00, 0x00, 0x05, 0x01, 0x41, 0x00, 0x01, 0x01, 0x01, 0x00,
    0x02, 0x01, 0x01, 0x00, 0x10, 0x40, 0x00, 0x00, 0x30, 0xce, 0x01, 0x00,
    0x11, 0x01, 0x39, 0x00, 0x1a, 0x01, 0x39, 0x00, 0x13, 0x01, 0x0b, 0x00,
    0x15, 0x40, 0x00, 0x00, 0xa0, 0x03, 0x00, 0x00, 0x16, 0x40, 0x00, 0x00,
    0xa0, 0x03, 0x00, 0x00, 0x18, 0x01, 0x80, 0xff, 0x14, 0x01, 0x41, 0x00,
    0x21, 0x01, 0x00, 0x00, 0x20, 0x01, 0x02, 0x00, 0x22, 0x01, 0x05, 0x00,
    0x20, 0x40, 0x00, 0x00, 0x80, 0x00, 0x00, 0x00, 0x21, 0x40, 0x00, 0x00,
    0xe0, 0x00, 0x00, 0x00, 0x22, 0x40, 0x00, 0x00, 0x00, 0x00, 0x00, 0x00,
    0x15, 0x01, 0x39, 0x00, 0x17, 0x01, 0x0f, 0x00, 0x2f, 0x01, 0x01, 0x00,
    0x02, 0x00, 0x00, 0x00, 0x00, 0x40, 0x00, 0x00, 0x60, 0x2c, 0x02, 0x00,
    0x10, 0x40, 0x00, 0x00, 0xd0, 0xd1, 0x01, 0x00, 0x2f, 0x01, 0x03, 0x00,
    0x02, 0x00, 0x00, 0x00, 0x00, 0x40, 0x00, 0x00, 0x00, 0x5f, 0x00, 0x00,
    0x0b, 0x01, 0x01, 0x00, 0x0c, 0x01, 0x01, 0x00, 0x05, 0x40, 0x00, 0x00,
    0xcc, 0x01, 0x00, 0x00, 0x04, 0x40, 0x00, 0x00, 0x04, 0x00, 0x00, 0x00,
    0x06, 0x40, 0x00, 0x00, 0x01, 0x00, 0x00, 0x00, 0x05, 0x01, 0x01, 0x00,
    0x01, 0x01, 0x00, 0x00, 0x02, 0x01, 0x00, 0x00, 0x10, 0x40, 0x00, 0x00,
    0x30, 0x25, 0x02, 0x00, 0x11, 0x01, 0x72, 0x00, 0x1a, 0x01, 0x72, 0x00,
    0x13, 0x01, 0x03, 0x00, 0x15, 0x40, 0x00, 0x00, 0x30, 0x07, 0x00, 0x00,
    0x16, 0x40, 0x00, 0x00, 0x30, 0x07, 0x00, 0x00, 0x18, 0x01, 0x00, 0x00,
    0x14, 0x01, 0x41, 0x81, 0x21, 0x01, 0x01, 0x00, 0x20, 0x01, 0x00, 0x00,
    0x22, 0x01, 0x02, 0x00, 0x15, 0x01, 0x15, 0x00, 0x17, 0x01, 0x07, 0x00,
    0x05, 0x00, 0x01, 0x00, 0x00, 0x40, 0x00, 0x00, 0x98, 0x62, 0x00, 0x00,
    0x10, 0x40, 0x00, 0x00, 0x60, 0x2c, 0x02, 0x00, 0x05, 0x00, 0x01, 0x00,
    0x00, 0x40, 0x00, 0x00, 0x30, 0x25, 0x02, 0x00, 0x0b, 0x01, 0x00, 0x00,
    0x0c, 0x01, 0x00, 0x00, 0x05, 0x40, 0x00, 0x00, 0x30, 0x07, 0x00, 0x00,
    0x04, 0x40, 0x00, 0x00, 0x10, 0x00, 0x00, 0x00, 0x06, 0x40, 0x00, 0x00,
    0x30, 0x07, 0x00, 0x00, 0x05, 0x01, 0x41, 0x00, 0x01, 0x01, 0x01, 0x00,
    0x02, 0x01, 0x01, 0x00, 0x10, 0x40, 0x00, 0x00, 0x70, 0xd5, 0x01, 0x00,
    0x11, 0x01, 0x39, 0x00, 0x1a, 0x01, 0x39, 0x00, 0x13, 0x01, 0x0b, 0x00,
    0x15, 0x40, 0x00, 0x00, 0xa0, 0x03, 0x00, 0x00, 0x16, 0x40, 0x00, 0x00,
    0xa0, 0x03, 0x00, 0x00, 0x18, 0x01, 0x80, 0xff, 0x14, 0x01, 0x41, 0x00,
    0x21, 0x01, 0x00, 0x00, 0x20, 0x01, 0x02, 0x00, 0x22, 0x01, 0x05, 0x00,
    0x15, 0x01, 0x39, 0x00, 0x17, 0x01, 0x0f, 0x00, 0x2f, 0x01, 0x01, 0x00,
    0x02, 0x00, 0x00, 0x00, 0x00, 0x40, 0x00, 0x00, 0x60, 0x2c, 0x02, 0x00,
    0x10, 0x40, 0x00, 0x00, 0x10, 0xd9, 0x01, 0x00, 0x2f, 0x01, 0x03, 0x00,
    0x02, 0x00, 0x00, 0x00, 0x00, 0x40, 0x00, 0x00, 0xb0, 0xdc, 0x01, 0x00,
    0x02, 0x40, 0x00, 0x00, 0x30, 0xce, 0x01, 0x00, 0x0b, 0x01, 0x01, 0x00,
    0x0c, 0x01, 0x01, 0x00, 0x0a, 0x01, 0x39, 0x00, 0x04, 0x01, 0x0b, 0x00,
    0x05, 0x40, 0x00, 0x00, 0xa0, 0x03, 0x00, 0x00, 0x06, 0x40, 0x00, 0x00,
    0xa0, 0x03, 0x00, 0x00, 0x09, 0x01, 0x80, 0xff, 0x01, 0x01, 0x03, 0x00,
    0x02, 0x01, 0x03, 0x00, 0x10, 0x40, 0x00, 0x00, 0x30, 0x37, 0x02, 0x00,
    0x21, 0x01, 0x02, 0x00, 0x20, 0x01, 0x06, 0x00, 0x22, 0x01, 0x00, 0x00,
    0x20, 0x40, 0x00, 0x00, 0xe0, 0x01, 0x00, 0x00, 0x21, 0x40, 0x00, 0x00,
    0x30, 0x01, 0x00, 0x00, 0x22, 0x40, 0x00, 0x00, 0x60, 0x01, 0x00, 0x00,
    0x2f, 0x01, 0x01, 0x00, 0x03, 0x00, 0x00, 0x00, 0x00, 0x40, 0x00, 0x00,
    0x90, 0x33, 0x02, 0x00, 0x02, 0x40, 0x00, 0x00, 0x00, 0x00, 0x00, 0x00,
    0x0b, 0x01, 0x00, 0x00, 0x0c, 0x01, 0x00, 0x00, 0x01, 0x01, 0x00, 0x00,
    0x02, 0x01, 0x00, 0x00, 0x10, 0x40, 0x00, 0x00, 0x70, 0xf2, 0x01, 0x00,
    0x21, 0x01, 0x00, 0x00, 0x20, 0x01, 0x00, 0x00, 0x20, 0x40, 0x00, 0x00,
    0x90, 0x03, 0x00, 0x00, 0x21, 0x40, 0x00, 0x00, 0xe0, 0x00, 0x00, 0x00,
    0x22, 0x40, 0x00, 0x00, 0x10, 0x03, 0x00, 0x00, 0x02, 0x00, 0x00, 0x00,
    0x00, 0x40, 0x00, 0x00, 0x30, 0x37, 0x02, 0x00, 0x10, 0x40, 0x00, 0x00,
    0x10, 0xf6, 0x01, 0x00, 0x2f, 0x01, 0x03, 0x00, 0x02, 0x00, 0x00, 0x00,
    0x00, 0x40, 0x00, 0x00, 0xf0, 0xe3, 0x01, 0x00, 0x0b, 0x01, 0x02, 0x00,
    0x0c, 0x01, 0x02, 0x00, 0x01, 0x01, 0x04, 0x00, 0x02, 0x01, 0x04, 0x00,
    0x10, 0x40, 0x00, 0x00, 0x70, 0x3e, 0x02, 0x00, 0x21, 0x01, 0x02, 0x00,
    0x20, 0x01, 0x08, 0x00, 0x20, 0x40, 0x00, 0x00, 0xf0, 0x04, 0x00, 0x00,
    0x21, 0x40, 0x00, 0x00, 0x90, 0x01, 0x00, 0x00, 0x22, 0x40, 0x00, 0x00,
    0x70, 0x04, 0x00, 0x00, 0x0d, 0x01, 0x12, 0x00, 0x2f, 0x01, 0x01, 0x00,
    0x03, 0x00, 0x00, 0x00, 0x00, 0x40, 0x00, 0x00, 0xd0, 0x3a, 0x02, 0x00,
    0x0b, 0x01, 0x00, 0x00, 0x0c, 0x01, 0x00, 0x00, 0x01, 0x01, 0x00, 0x00,
    0x02, 0x01, 0x00, 0x00, 0x10, 0x40, 0x00, 0x00, 0xf0, 0x8c, 0x01, 0x00,
    0x21, 0x01, 0x00, 0x00, 0x20, 0x01, 0x00, 0x00, 0x20, 0x40, 0x00, 0x00,
    0x00, 0x07, 0x00, 0x00, 0x21, 0x40, 0x00, 0x00, 0x00, 0x01, 0x00, 0x00,
    0x22, 0x40, 0x00, 0x00, 0x80, 0x06, 0x00, 0x00, 0x0d, 0x01, 0x0a, 0x00,
    0x02, 0x00, 0x00, 0x00, 0x00, 0x40, 0x00, 0x00, 0x70, 0x3e, 0x02, 0x00,
    0x10, 0x40, 0x00, 0x00, 0x90, 0x90, 0x01, 0x00, 0x2f, 0x01, 0x03, 0x00,
    0x02, 0x00, 0x00, 0x00, 0x00, 0x40, 0x00, 0x00, 0x90, 0xe7, 0x01, 0x00,
    0x0b, 0x01, 0x02, 0x00, 0x0c, 0x01, 0x02, 0x00, 0x01, 0x01, 0x04, 0x00,
    0x02, 0x01, 0x04, 0x00, 0x10, 0x40, 0x00, 0x00, 0xd0, 0x3a, 0x02, 0x00,
    0x21, 0x01, 0x02, 0x00, 0x20, 0x01, 0x08, 0x00, 0x20, 0x40, 0x00, 0x00,
    0xf0, 0x04, 0x00, 0x00, 0x21, 0x40, 0x00, 0x00, 0x90, 0x01, 0x00, 0x00,
    0x22, 0x40, 0x00, 0x00, 0x70, 0x04, 0x00, 0x00, 0x0d, 0x01, 0x12, 0x00,
    0x03, 0x00, 0x00, 0x00, 0x00, 0x40, 0x00, 0x00, 0x30, 0xeb, 0x01, 0x00,
    0x10, 0x40, 0x00, 0x00, 0x70, 0x3e, 0x02, 0x00, 0x03, 0x00, 0x00, 0x00,
    0x00, 0x40, 0x00, 0x00, 0xd0, 0x3a, 0x02, 0x00, 0x0b, 0x01, 0x00, 0x00,
    0x0c, 0x01, 0x00, 0x00, 0x01, 0x01, 0x00, 0x00, 0x02, 0x01, 0x00, 0x00,
    0x10, 0x40, 0x00, 0x00, 0x30, 0x94, 0x01, 0x00, 0x21, 0x01, 0x00, 0x00,
    0x20, 0x01, 0x00, 0x00, 0x20, 0x40, 0x00, 0x00, 0x00, 0x07, 0x00, 0x00,
    0x21, 0x40, 0x00, 0x00, 0x00, 0x01, 0x00, 0x00, 0x22, 0x40, 0x00, 0x00,
    0x80, 0x06, 0x00, 0x00, 0x0d, 0x01, 0x0a, 0x00, 0x2f, 0x01, 0x01, 0x00,
    0x02, 0x00, 0x00, 0x00, 0x00, 0x40, 0x00, 0x00, 0x70, 0x3e, 0x02, 0x00,
    0x10, 0x40, 0x00, 0x00, 0xd0, 0x97, 0x01, 0x00, 0x2f, 0x01, 0x03, 0x00,
    0x02, 0x00, 0x00, 0x00, 0x00, 0x40, 0x00, 0x00, 0x70, 0x9b, 0x01, 0x00,
    0x02, 0x40, 0x00, 0x00, 0xb0, 0x85, 0x01, 0x00, 0x0b, 0x01, 0x03, 0x00,
    0x0c, 0x01, 0x03, 0x00, 0x01, 0x01, 0x01, 0x00, 0x02, 0x01, 0x01, 0x00,
    0x10, 0x40, 0x00, 0x00, 0x10, 0x42, 0x02, 0x00, 0x21, 0x01, 0x04, 0x00,
    0x20, 0x01, 0x02, 0x00, 0x20, 0x40, 0x00, 0x00, 0x80, 0x08, 0x00, 0x00,
    0x21, 0x40, 0x00, 0x00, 0xe0, 0x00, 0x00, 0x00, 0x22, 0x40, 0x00, 0x00,
    0x00, 0x08, 0x00, 0x00, 0x0d, 0x01, 0x12, 0x00, 0x2f, 0x01, 0x01, 0x00,
    0x03, 0x00, 0x00, 0x00, 0x00, 0x40, 0x00, 0x00, 0x10, 0x9f, 0x01, 0x00,
    0x0b, 0x01, 0x02, 0x00, 0x0c, 0x01, 0x02, 0x00, 0x10, 0x40, 0x00, 0x00,
    0xb0, 0x45, 0x02, 0x00, 0x2f, 0x01, 0x03, 0x00, 0x03, 0x00, 0x00, 0x00,
    0x00, 0x40, 0x00, 0x00, 0x10, 0x42, 0x02, 0x00, 0x02, 0x40, 0x00, 0x00,
    0x00, 0x00, 0x00, 0x00, 0x0b, 0x01, 0x00, 0x00, 0x0c, 0x01, 0x00, 0x00,
    0x01, 0x01, 0x00, 0x00, 0x02, 0x01, 0x00, 0x00, 0x10, 0x40, 0x00, 0x00,
    0xf0, 0x00, 0x02, 0x00, 0x21, 0x01, 0x00, 0x00, 0x20, 0x01, 0x00, 0x00,
    0x20, 0x40, 0x00, 0x00, 0xe0, 0x09, 0x00, 0x00, 0x21, 0x40, 0x00, 0x00,
    0x00, 0x01, 0x00, 0x00, 0x22, 0x40, 0x00, 0x00, 0x60, 0x09, 0x00, 0x00,
    0x0d, 0x01, 0x0a, 0x00, 0x2f, 0x01, 0x01, 0x00, 0x02, 0x00, 0x00, 0x00,
    0x00, 0x40, 0x00, 0x00, 0xb0, 0x45, 0x02, 0x00, 0x10, 0x40, 0x00, 0x00,
    0x90, 0x04, 0x02, 0x00, 0x2f, 0x01, 0x03, 0x00, 0x02, 0x00, 0x00, 0x00,
    0x00, 0x40, 0x00, 0x00, 0x30, 0x08, 0x02, 0x00, 0x02, 0x40, 0x00, 0x00,
    0xb0, 0xf9, 0x01, 0x00, 0x0b, 0x01, 0x01, 0x00, 0x0c, 0x01, 0x01, 0x00,
    0x01, 0x01, 0x03, 0x00, 0x02, 0x01, 0x03, 0x00, 0x10, 0x40, 0x00, 0x00,
    0xf0, 0x4c, 0x02, 0x00, 0x21, 0x01, 0x02, 0x00, 0x20, 0x01, 0x06, 0x00,
    0x20, 0x40, 0x00, 0x00, 0x60, 0x0b, 0x00, 0x00, 0x21, 0x40, 0x00, 0x00,
    0x40, 0x01, 0x00, 0x00, 0x22, 0x40, 0x00, 0x00, 0xe0, 0x0a, 0x00, 0x00,
    0x2f, 0x01, 0x01, 0x00, 0x03, 0x00, 0x00, 0x00, 0x00, 0x40, 0x00, 0x00,
    0x50, 0x49, 0x02, 0x00, 0x02, 0x40, 0x00, 0x00, 0x00, 0x00, 0x00, 0x00,
    0x0b, 0x01, 0x00, 0x00, 0x0c, 0x01, 0x00, 0x00, 0x01, 0x01, 0x00, 0x00,
    0x02, 0x01, 0x00, 0x00, 0x10, 0x40, 0x00, 0x00, 0xf0, 0x1d, 0x02, 0x00,
    0x21, 0x01, 0x00, 0x00, 0x20, 0x01, 0x00, 0x00, 0x20, 0x40, 0x00, 0x00,
    0x20, 0x0d, 0x00, 0x00, 0x21, 0x40, 0x00, 0x00, 0x00, 0x01, 0x00, 0x00,
    0x22, 0x40, 0x00, 0x00, 0xa0, 0x0c, 0x00, 0x00, 0x02, 0x00, 0x00, 0x00,
    0x00, 0x40, 0x00, 0x00, 0xf0, 0x4c, 0x02, 0x00, 0x10, 0x40, 0x00, 0x00,
    0x90, 0x21, 0x02, 0x00, 0x2f, 0x01, 0x03, 0x00, 0x02, 0x00, 0x00, 0x00,
    0x00, 0x40, 0x00, 0x00, 0x70, 0x0f, 0x02, 0x00, 0x0b, 0x01, 0x01, 0x00,
    0x0c, 0x01, 0x01, 0x00, 0x00, 0x01, 0x01, 0x00, 0x01, 0x01, 0x04, 0x00,
    0x02, 0x01, 0x04, 0x00, 0x10, 0x40, 0x00, 0x00, 0x90, 0x50, 0x02, 0x00,
    0x21, 0x01, 0x02, 0x00, 0x20, 0x01, 0x08, 0x00, 0x20, 0x40, 0x00, 0x00,
    0xa0, 0x0e, 0x00, 0x00, 0x21, 0x40, 0x00, 0x00, 0x80, 0x01, 0x00, 0x00,
    0x22, 0x40, 0x00, 0x00, 0x20, 0x0e, 0x00, 0x00, 0x0d, 0x01, 0x12, 0x00,
    0x2f, 0x01, 0x01, 0x00, 0x03, 0x00, 0x00, 0x00, 0x0b, 0x01, 0x02, 0x00,
    0x0c, 0x01, 0x02, 0x00, 0x00, 0x01, 0x00, 0x00, 0x10, 0x40, 0x00, 0x00,
    0x30, 0x54, 0x02, 0x00, 0x2f, 0x01, 0x03, 0x00, 0x03, 0x00, 0x00, 0x00,
    0x00, 0x40, 0x00, 0x00, 0x90, 0x50, 0x02, 0x00, 0x0b, 0x01, 0x00, 0x00,
    0x0c, 0x01, 0x00, 0x00, 0x01, 0x01, 0x00, 0x00, 0x02, 0x01, 0x00, 0x00,
    0x10, 0x40, 0x00, 0x00, 0xf0, 0xa9, 0x01, 0x00, 0x21, 0x01, 0x00, 0x00,
    0x20, 0x01, 0x00, 0x00, 0x20, 0x40, 0x00, 0x00, 0xa0, 0x10, 0x00, 0x00,
    0x21, 0x40, 0x00, 0x00, 0xf0, 0x00, 0x00, 0x00, 0x22, 0x40, 0x00, 0x00,
    0x20, 0x10, 0x00, 0x00, 0x0d, 0x01, 0x0a, 0x00, 0x2f, 0x01, 0x01, 0x00,
    0x02, 0x00, 0x00, 0x00, 0x00, 0x40, 0x00, 0x00, 0x30, 0x54, 0x02, 0x00,
    0x10, 0x40, 0x00, 0x00, 0x90, 0xad, 0x01, 0x00, 0x2f, 0x01, 0x03, 0x00,
    0x02, 0x00, 0x00, 0x00, 0x00, 0x40, 0x00, 0x00, 0x10, 0x13, 0x02, 0x00,
    0x0b, 0x01, 0x02, 0x00, 0x0c, 0x01, 0x02, 0x00, 0x01, 0x01, 0x04, 0x00,
    0x02, 0x01, 0x04, 0x00, 0x10, 0x40, 0x00, 0x00, 0x90, 0x50, 0x02, 0x00,
    0x21, 0x01, 0x02, 0x00, 0x20, 0x01, 0x08, 0x00, 0x20, 0x40, 0x00, 0x00,
    0xa0, 0x0e, 0x00, 0x00, 0x21, 0x40, 0x00, 0x00, 0x80, 0x01, 0x00, 0x00,
    0x22, 0x40, 0x00, 0x00, 0x20, 0x0e, 0x00, 0x00, 0x0d, 0x01, 0x12, 0x00,
    0x03, 0x00, 0x00, 0x00, 0x00, 0x40, 0x00, 0x00, 0xb0, 0x16, 0x02, 0x00,
    0x10, 0x40, 0x00, 0x00, 0x30, 0x54, 0x02, 0x00, 0x03, 0x00, 0x00, 0x00,
    0x00, 0x40, 0x00, 0x00, 0x90, 0x50, 0x02, 0x00, 0x0b, 0x01, 0x00, 0x00,
    0x0c, 0x01, 0x00, 0x00, 0x01, 0x01, 0x00, 0x00, 0x02, 0x01, 0x00, 0x00,
    0x10, 0x40, 0x00, 0x00, 0x30, 0xb1, 0x01, 0x00, 0x21, 0x01, 0x00, 0x00,
    0x20, 0x01, 0x00, 0x00, 0x20, 0x40, 0x00, 0x00, 0xa0, 0x10, 0x00, 0x00,
    0x21, 0x40, 0x00, 0x00, 0xf0, 0x00, 0x00, 0x00, 0x22, 0x40, 0x00, 0x00,
    0x20, 0x10, 0x00, 0x00, 0x0d, 0x01, 0x0a, 0x00, 0x2f, 0x01, 0x01, 0x00,
    0x02, 0x00, 0x00, 0x00, 0x00, 0x40, 0x00, 0x00, 0x30, 0x54, 0x02, 0x00,
    0x10, 0x40, 0x00, 0x00, 0xd0, 0xb4, 0x01, 0x00, 0x2f, 0x01, 0x03, 0x00,
    0x02, 0x00, 0x00, 0x00, 0x00, 0x40, 0x00, 0x00, 0x50, 0x1a, 0x02, 0x00,
    0x0b, 0x01, 0x02, 0x00, 0x0c, 0x01, 0x02, 0x00, 0x01, 0x01, 0x04, 0x00,
    0x02, 0x01, 0x04, 0x00, 0x10, 0x40, 0x00, 0x00, 0x90, 0x50, 0x02, 0x00,
    0x21, 0x01, 0x02, 0x00, 0x20, 0x01, 0x08, 0x00, 0x20, 0x40, 0x00, 0x00,
    0xa0, 0x0e, 0x00, 0x00, 0x21, 0x40, 0x00, 0x00, 0x80, 0x01, 0x00, 0x00,
    0x22, 0x40, 0x00, 0x00, 0x20, 0x0e, 0x00, 0x00, 0x0d, 0x01, 0x12, 0x00,
    0x03, 0x00, 0x00, 0x00, 0x00, 0x40, 0x00, 0x00, 0xd0, 0x0b, 0x02, 0x00,
    0x02, 0x40, 0x00, 0x00, 0xb0, 0xf9, 0x01, 0x00, 0x0b, 0x01, 0x00, 0x00,
    0x0c, 0x01, 0x00, 0x00, 0x01, 0x01, 0x03, 0x00, 0x02, 0x01, 0x03, 0x00,
    0x10, 0x40, 0x00, 0x00, 0x50, 0x49, 0x02, 0x00, 0x20, 0x01, 0x06, 0x00,
    0x20, 0x40, 0x00, 0x00, 0x60, 0x0b, 0x00, 0x00, 0x21, 0x40, 0x00, 0x00,
    0x40, 0x01, 0x00, 0x00, 0x22, 0x40, 0x00, 0x00, 0xe0, 0x0a, 0x00, 0x00,
    0x0d, 0x01, 0x0a, 0x00, 0x03, 0x00, 0x00, 0x00, 0x00, 0x40, 0x00, 0x00,
    0xb0, 0xf9, 0x01, 0x00, 0x02, 0x40, 0x00, 0x00, 0x00, 0x00, 0x00, 0x00,
    0x0b, 0x01, 0x02, 0x00, 0x0c, 0x01, 0x02, 0x00, 0x10, 0x40, 0x00, 0x00,
    0xf0, 0x4c, 0x02, 0x00, 0x03, 0x00, 0x00, 0x00, 0x00, 0x40, 0x00, 0x00,
    0x50, 0x49, 0x02, 0x00, 0x0b, 0x01, 0x00, 0x00, 0x0c, 0x01, 0x00, 0x00,
    0x01, 0x01, 0x00, 0x00, 0x02, 0x01, 0x00, 0x00, 0x10, 0x40, 0x00, 0x00,
    0x70, 0x0f, 0x02, 0x00, 0x21, 0x01, 0x00, 0x00, 0x20, 0x01, 0x00, 0x00,
    0x20, 0x40, 0x00, 0x00, 0x20, 0x0d, 0x00, 0x00, 0x21, 0x40, 0x00, 0x00,
    0x00, 0x01, 0x00, 0x00, 0x22, 0x40, 0x00, 0x00, 0xa0, 0x0c, 0x00, 0x00,
    0x2f, 0x01, 0x01, 0x00, 0x02, 0x00, 0x00, 0x00, 0x00, 0x40, 0x00, 0x00,
    0xf0, 0x4c, 0x02, 0x00, 0x10, 0x40, 0x00, 0x00, 0x10, 0x13, 0x02, 0x00,
    0x2f, 0x01, 0x03, 0x00, 0x02, 0x00, 0x00, 0x00, 0x00, 0x40, 0x00, 0x00,
    0x50, 0xfd, 0x01, 0x00, 0x0b, 0x01, 0x02, 0x00, 0x0c, 0x01, 0x02, 0x00,
    0x01, 0x01, 0x03, 0x00, 0x02, 0x01, 0x03, 0x00, 0x10, 0x40, 0x00, 0x00,
    0x50, 0x49, 0x02, 0x00, 0x21, 0x01, 0x02, 0x00, 0x20, 0x01, 0x06, 0x00,
    0x20, 0x40, 0x00, 0x00, 0x60, 0x0b, 0x00, 0x00, 0x21, 0x40, 0x00, 0x00,
    0x40, 0x01, 0x00, 0x00, 0x22, 0x40, 0x00, 0x00, 0xe0, 0x0a, 0x00, 0x00,
    0x03, 0x00, 0x00, 0x00, 0x00, 0x40, 0x00, 0x00, 0xb0, 0xa2, 0x01, 0x00,
    0x02, 0x40, 0x00, 0x00, 0xb0, 0x85, 0x01, 0x00, 0x0b, 0x01, 0x01, 0x00,
    0x0c, 0x01, 0x01, 0x00, 0x01, 0x01, 0x01, 0x00, 0x02, 0x01, 0x01, 0x00,
    0x10, 0x40, 0x00, 0x00, 0x10, 0x42, 0x02, 0x00, 0x21, 0x01, 0x04, 0x00,
    0x20, 0x01, 0x02, 0x00, 0x20, 0x40, 0x00, 0x00, 0x80, 0x08, 0x00, 0x00,
    0x21, 0x40, 0x00, 0x00, 0xe0, 0x00, 0x00, 0x00, 0x22, 0x40, 0x00, 0x00,
    0x00, 0x08, 0x00, 0x00, 0x0d, 0x01, 0x12, 0x00, 0x03, 0x00, 0x00, 0x00,
    0x00, 0x40, 0x00, 0x00, 0x50, 0xa6, 0x01, 0x00, 0x0b, 0x01, 0x00, 0x00,
    0x0c, 0x01, 0x00, 0x00, 0x10, 0x40, 0x00, 0x00, 0xb0, 0x45, 0x02, 0x00,
    0x03, 0x00, 0x00, 0x00, 0x00, 0x40, 0x00, 0x00, 0x10, 0x42, 0x02, 0x00,
    0x02, 0x40, 0x00, 0x00, 0x00, 0x00, 0x00, 0x00, 0x01, 0x01, 0x00, 0x00,
    0x02, 0x01, 0x00, 0x00, 0x10, 0x40, 0x00, 0x00, 0x30, 0x08, 0x02, 0x00,
    0x21, 0x01, 0x00, 0x00, 0x20, 0x01, 0x00, 0x00, 0x20, 0x40, 0x00, 0x00,
    0xe0, 0x09, 0x00, 0x00, 0x21, 0x40, 0x00, 0x00, 0x00, 0x01, 0x00, 0x00,
    0x22, 0x40, 0x00, 0x00, 0x60, 0x09, 0x00, 0x00, 0x0d, 0x01, 0x0a, 0x00,
    0x2f, 0x01, 0x01, 0x00, 0x02, 0x00, 0x00, 0x00, 0x00, 0x40, 0x00, 0x00,
    0xb0, 0x45, 0x02, 0x00, 0x10, 0x40, 0x00, 0x00, 0xd0, 0x0b, 0x02, 0x00,
    0x2f, 0x01, 0x03, 0x00, 0x02, 0x00, 0x00, 0x00, 0x00, 0x40, 0x00, 0x00,
    0xb0, 0x85, 0x01, 0x00, 0x0b, 0x01, 0x04, 0x00, 0x0c, 0x01, 0x04, 0x00,
    0x01, 0x01, 0x01, 0x00, 0x02, 0x01, 0x01, 0x00, 0x10, 0x40, 0x00, 0x00,
    0x10, 0x42, 0x02, 0x00, 0x21, 0x01, 0x04, 0x00, 0x20, 0x01, 0x02, 0x00,
    0x20, 0x40, 0x00, 0x00, 0x80, 0x08, 0x00, 0x00, 0x21, 0x40, 0x00, 0x00,
    0xe0, 0x00, 0x00, 0x00, 0x22, 0x40, 0x00, 0x00, 0x00, 0x08, 0x00, 0x00,
    0x0d, 0x01, 0x12, 0x00, 0x03, 0x00, 0x00, 0x00, 0x00, 0x40, 0x00, 0x00,
    0x50, 0x89, 0x01, 0x00, 0x10, 0x40, 0x00, 0x00, 0xb0, 0x45, 0x02, 0x00,
    0x03, 0x00, 0x00, 0x00, 0x00, 0x40, 0x00, 0x00, 0x10, 0x42, 0x02, 0x00,
    0x0b, 0x01, 0x00, 0x00, 0x0c, 0x01, 0x00, 0x00, 0x01, 0x01, 0x00, 0x00,
    0x02, 0x01, 0x00, 0x00, 0x10, 0x40, 0x00, 0x00, 0xb0, 0xf9, 0x01, 0x00,
    0x21, 0x01, 0x00, 0x00, 0x20, 0x01, 0x00, 0x00, 0x20, 0x40, 0x00, 0x00,
    0xe0, 0x09, 0x00, 0x00, 0x21, 0x40, 0x00, 0x00, 0x00, 0x01, 0x00, 0x00,
    0x22, 0x40, 0x00, 0x00, 0x60, 0x09, 0x00, 0x00, 0x0d, 0x01, 0x0a, 0x00,
    0x2f, 0x01, 0x01, 0x00, 0x02, 0x00, 0x00, 0x00, 0x00, 0x40, 0x00, 0x00,
    0xb0, 0x45, 0x02, 0x00, 0x10, 0x40, 0x00, 0x00, 0x50, 0xfd, 0x01, 0x00,
    0x2f, 0x01, 0x03, 0x00, 0x02, 0x00, 0x00, 0x00, 0x00, 0x40, 0x00, 0x00,
    0xf0, 0x00, 0x02, 0x00, 0x0b, 0x01, 0x02, 0x00, 0x0c, 0x01, 0x02, 0x00,
    0x01, 0x01, 0x03, 0x00, 0x02, 0x01, 0x03, 0x00, 0x10, 0x40, 0x00, 0x00,
    0xf0, 0x4c, 0x02, 0x00, 0x21, 0x01, 0x02, 0x00, 0x20, 0x01, 0x06, 0x00,
    0x20, 0x40, 0x00, 0x00, 0x60, 0x0b, 0x00, 0x00, 0x21, 0x40, 0x00, 0x00,
    0x40, 0x01, 0x00, 0x00, 0x22, 0x40, 0x00, 0x00, 0xe0, 0x0a, 0x00, 0x00,
    0x2f, 0x01, 0x01, 0x00, 0x03, 0x00, 0x00, 0x00, 0x00, 0x40, 0x00, 0x00,
    0x50, 0x49, 0x02, 0x00, 0x0b, 0x01, 0x00, 0x00, 0x0c, 0x01, 0x00, 0x00,
    0x01, 0x01, 0x00, 0x00, 0x02, 0x01, 0x00, 0x00, 0x10, 0x40, 0x00, 0x00,
    0xb0, 0x16, 0x02, 0x00, 0x21, 0x01, 0x00, 0x00, 0x20, 0x01, 0x00, 0x00,
    0x20, 0x40, 0x00, 0x00, 0x20, 0x0d, 0x00, 0x00, 0x21, 0x40, 0x00, 0x00,
    0x00, 0x01, 0x00, 0x00, 0x22, 0x40, 0x00, 0x00, 0xa0, 0x0c, 0x00, 0x00,
    0x02, 0x00, 0x00, 0x00, 0x00, 0x40, 0x00, 0x00, 0xf0, 0x4c, 0x02, 0x00,
    0x10, 0x40, 0x00, 0x00, 0x50, 0x1a, 0x02, 0x00, 0x2f, 0x01, 0x03, 0x00,
    0x02, 0x00, 0x00, 0x00, 0x00, 0x40, 0x00, 0x00, 0xf0, 0x1d, 0x02, 0x00,
    0x02, 0x40, 0x00, 0x00, 0x70, 0x0f, 0x02, 0x00, 0x0b, 0x01, 0x01, 0x00,
    0x0c, 0x01, 0x01, 0x00, 0x01, 0x01, 0x04, 0x00, 0x02, 0x01, 0x04, 0x00,
    0x10, 0x40, 0x00, 0x00, 0x30, 0x54, 0x02, 0x00, 0x21, 0x01, 0x02, 0x00,
    0x20, 0x01, 0x08, 0x00, 0x20, 0x40, 0x00, 0x00, 0xa0, 0x0e, 0x00, 0x00,
    0x21, 0x40, 0x00, 0x00, 0x80, 0x01, 0x00, 0x00, 0x22, 0x40, 0x00, 0x00,
    0x20, 0x0e, 0x00, 0x00, 0x0d, 0x01, 0x12, 0x00, 0x2f, 0x01, 0x01, 0x00,
    0x03, 0x00, 0x00, 0x00, 0x00, 0x40, 0x00, 0x00, 0x90, 0x50, 0x02, 0x00,
    0x02, 0x40, 0x00, 0x00, 0x00, 0x00, 0x00, 0x00, 0x0b, 0x01, 0x00, 0x00,
    0x0c, 0x01, 0x00, 0x00, 0x01, 0x01, 0x00, 0x00, 0x02, 0x01, 0x00, 0x00,
    0x10, 0x40, 0x00, 0x00, 0x70, 0xb8, 0x01, 0x00, 0x21, 0x01, 0x00, 0x00,
    0x20, 0x01, 0x00, 0x00, 0x20, 0x40, 0x00, 0x00, 0xa0, 0x10, 0x00, 0x00,
    0x21, 0x40, 0x00, 0x00, 0xf0, 0x00, 0x00, 0x00, 0x22, 0x40, 0x00, 0x00,
    0x20, 0x10, 0x00, 0x00, 0x0d, 0x01, 0x0a, 0x00, 0x02, 0x00, 0x00, 0x00,
    0x00, 0x40, 0x00, 0x00, 0x30, 0x54, 0x02, 0x00, 0x10, 0x40, 0x00, 0x00,
    0x10, 0xbc, 0x01, 0x00, 0x2f, 0x01, 0x03, 0x00, 0x02, 0x00, 0x00, 0x00,
    0x00, 0x40, 0x00, 0x00, 0x90, 0x21, 0x02, 0x00, 0x02, 0x40, 0x00, 0x00,
    0x70, 0x0f, 0x02, 0x00, 0x01, 0x01, 0x04, 0x00, 0x02, 0x01, 0x04, 0x00,
    0x10, 0x40, 0x00, 0x00, 0x90, 0x50, 0x02, 0x00, 0x21, 0x01, 0x02, 0x00,
    0x20, 0x01, 0x08, 0x00, 0x20, 0x40, 0x00, 0x00, 0xa0, 0x0e, 0x00, 0x00,
    0x21, 0x40, 0x00, 0x00, 0x80, 0x01, 0x00, 0x00, 0x22, 0x40, 0x00, 0x00,
    0x20, 0x0e, 0x00, 0x00, 0x0d, 0x01, 0x12, 0x00, 0x03, 0x00, 0x00, 0x00,
    0x00, 0x40, 0x00, 0x00, 0x70, 0x0f, 0x02, 0x00, 0x02, 0x40, 0x00, 0x00,
    0x00, 0x00, 0x00, 0x00, 0x0b, 0x01, 0x02, 0x00, 0x0c, 0x01, 0x02, 0x00,
    0x10, 0x40, 0x00, 0x00, 0x30, 0x54, 0x02, 0x00, 0x03, 0x00, 0x00, 0x00,
    0x00, 0x40, 0x00, 0x00, 0x90, 0x50, 0x02, 0x00, 0x0b, 0x01, 0x00, 0x00,
    0x0c, 0x01, 0x00, 0x00, 0x01, 0x01, 0x00, 0x00, 0x02, 0x01, 0x00, 0x00,
    0x10, 0x40, 0x00, 0x00, 0xb0, 0xbf, 0x01, 0x00, 0x21, 0x01, 0x00, 0x00,
    0x20, 0x01, 0x00, 0x00, 0x20, 0x40, 0x00, 0x00, 0xa0, 0x10, 0x00, 0x00,
    0x21, 0x40, 0x00, 0x00, 0xf0, 0x00, 0x00, 0x00, 0x22, 0x40, 0x00, 0x00,
    0x20, 0x10, 0x00, 0x00, 0x0d, 0x01, 0x0a, 0x00, 0x2f, 0x01, 0x01, 0x00,
    0x02, 0x00, 0x00, 0x00, 0x00, 0x40, 0x00, 0x00, 0x30, 0x54, 0x02, 0x00,
    0x10, 0x40, 0x00, 0x00, 0x50, 0xc3, 0x01, 0x00, 0x2f, 0x01, 0x03, 0x00,
    0x02, 0x00, 0x00, 0x00, 0x00, 0x40, 0x00, 0x00, 0x10, 0x13, 0x02, 0x00,
    0x0b, 0x01, 0x02, 0x00, 0x0c, 0x01, 0x02, 0x00, 0x01, 0x01, 0x04, 0x00,
    0x02, 0x01, 0x04, 0x00, 0x10, 0x40, 0x00, 0x00, 0x90, 0x50, 0x02, 0x00,
    0x21, 0x01, 0x02, 0x00, 0x20, 0x01, 0x08, 0x00, 0x20, 0x40, 0x00, 0x00,
    0xa0, 0x0e, 0x00, 0x00, 0x21, 0x40, 0x00, 0x00, 0x80, 0x01, 0x00, 0x00,
    0x22, 0x40, 0x00, 0x00, 0x20, 0x0e, 0x00, 0x00, 0x0d, 0x01, 0x12, 0x00,
    0x03, 0x00, 0x00, 0x00, 0x00, 0x40, 0x00, 0x00, 0x90, 0x04, 0x02, 0x00,
    0x01, 0x01, 0x03, 0x00, 0x02, 0x01, 0x03, 0x00, 0x10, 0x40, 0x00, 0x00,
    0x50, 0x49, 0x02, 0x00, 0x20, 0x01, 0x06, 0x00, 0x20, 0x40, 0x00, 0x00,
    0x60, 0x0b, 0x00, 0x00, 0x21, 0x40, 0x00, 0x00, 0x40, 0x01, 0x00, 0x00,
    0x22, 0x40, 0x00, 0x00, 0xe0, 0x0a, 0x00, 0x00, 0x0d, 0x01, 0x0a, 0x00,
    0x03, 0x00, 0x00, 0x00, 0x00, 0x40, 0x00, 0x00, 0x30, 0x08, 0x02, 0x00,
    0x02, 0x40, 0x00, 0x00, 0xb0, 0xf9, 0x01, 0x00, 0x0b, 0x01, 0x01, 0x00,
    0x0c, 0x01, 0x01, 0x00, 0x10, 0x40, 0x00, 0x00, 0xf0, 0x4c, 0x02, 0x00,
    0x03, 0x00, 0x00, 0x00, 0x00, 0x40, 0x00, 0x00, 0x50, 0x49, 0x02, 0x00,
    0x02, 0x40, 0x00, 0x00, 0x00, 0x00, 0x00, 0x00, 0x0b, 0x01, 0x00, 0x00,
    0x0c, 0x01, 0x00, 0x00, 0x01, 0x01, 0x00, 0x00, 0x02, 0x01, 0x00, 0x00,
    0x10, 0x40, 0x00, 0x00, 0xf0, 0x1d, 0x02, 0x00, 0x21, 0x01, 0x00, 0x00,
    0x20, 0x01, 0x00, 0x00, 0x20, 0x40, 0x00, 0x00, 0x20, 0x0d, 0x00, 0x00,
    0x21, 0x40, 0x00, 0x00, 0x00, 0x01, 0x00, 0x00, 0x22, 0x40, 0x00, 0x00,
    0xa0, 0x0c, 0x00, 0x00, 0x2f, 0x01, 0x01, 0x00, 0x02, 0x00, 0x00, 0x00,
    0x00, 0x40, 0x00, 0x00, 0xf0, 0x4c, 0x02, 0x00, 0x10, 0x40, 0x00, 0x00,
    0x90, 0x21, 0x02, 0x00, 0x2f, 0x01, 0x03, 0x00, 0x02, 0x00, 0x00, 0x00,
    0x00, 0x40, 0x00, 0x00, 0xd0, 0x0b, 0x02, 0x00, 0x02, 0x40, 0x00, 0x00,
    0xb0, 0xf9, 0x01, 0x00, 0x01, 0x01, 0x03, 0x00, 0x02, 0x01, 0x03, 0x00,
    0x10, 0x40, 0x00, 0x00, 0x50, 0x49, 0x02, 0x00, 0x21, 0x01, 0x02, 0x00,
    0x20, 0x01, 0x06, 0x00, 0x20, 0x40, 0x00, 0x00, 0x60, 0x0b, 0x00, 0x00,
    0x21, 0x40, 0x00, 0x00, 0x40, 0x01, 0x00, 0x00, 0x22, 0x40, 0x00, 0x00,
    0xe0, 0x0a, 0x00, 0x00, 0x03, 0x00, 0x00, 0x00, 0x00, 0x40, 0x00, 0x00,
    0xd0, 0xee, 0x01, 0x00, 0x02, 0x40, 0x00, 0x00, 0x00, 0x00, 0x00, 0x00,
    0x0b, 0x01, 0x02, 0x00, 0x0c, 0x01, 0x02, 0x00, 0x01, 0x01, 0x04, 0x00,
    0x02, 0x01, 0x04, 0x00, 0x10, 0x40, 0x00, 0x00, 0xd0, 0x3a, 0x02, 0x00,
    0x20, 0x01, 0x08, 0x00, 0x20, 0x40, 0x00, 0x00, 0xf0, 0x04, 0x00, 0x00,
    0x21, 0x40, 0x00, 0x00, 0x90, 0x01, 0x00, 0x00, 0x22, 0x40, 0x00, 0x00,
    0x70, 0x04, 0x00, 0x00, 0x0d, 0x01, 0x12, 0x00, 0x03, 0x00, 0x00, 0x00,
    0x00, 0x40, 0x00, 0x00, 0x50, 0xe0, 0x01, 0x00, 0x02, 0x40, 0x00, 0x00,
    0x30, 0xce, 0x01, 0x00, 0x0b, 0x01, 0x00, 0x00, 0x0c, 0x01, 0x00, 0x00,
    0x01, 0x01, 0x03, 0x00, 0x02, 0x01, 0x03, 0x00, 0x10, 0x40, 0x00, 0x00,
    0x90, 0x33, 0x02, 0x00, 0x20, 0x01, 0x06, 0x00, 0x20, 0x40, 0x00, 0x00,
    0xe0, 0x01, 0x00, 0x00, 0x21, 0x40, 0x00, 0x00, 0x30, 0x01, 0x00, 0x00,
    0x22, 0x40, 0x00, 0x00, 0x60, 0x01, 0x00, 0x00, 0x0d, 0x01, 0x0a, 0x00,
    0x03, 0x00, 0x00, 0x00, 0x00, 0x40, 0x00, 0x00, 0x30, 0xce, 0x01, 0x00,
    0x02, 0x40, 0x00, 0x00, 0x00, 0x00, 0x00, 0x00, 0x0b, 0x01, 0x02, 0x00,
    0x0c, 0x01, 0x02, 0x00, 0x10, 0x40, 0x00, 0x00, 0x30, 0x37, 0x02, 0x00,
    0x03, 0x00, 0x00, 0x00, 0x00, 0x40, 0x00, 0x00, 0x90, 0x33, 0x02, 0x00,
    0x0b, 0x01, 0x00, 0x00, 0x0c, 0x01, 0x00, 0x00, 0x01, 0x01, 0x00, 0x00,
    0x02, 0x01, 0x00, 0x00, 0x10, 0x40, 0x00, 0x00, 0xf0, 0xe3, 0x01, 0x00,
    0x21, 0x01, 0x00, 0x00, 0x20, 0x01, 0x00, 0x00, 0x20, 0x40, 0x00, 0x00,
    0x90, 0x03, 0x00, 0x00, 0x21, 0x40, 0x00, 0x00, 0xe0, 0x00, 0x00, 0x00,
    0x22, 0x40, 0x00, 0x00, 0x10, 0x03, 0x00, 0x00, 0x2f, 0x01, 0x01, 0x00,
    0x02, 0x00, 0x00, 0x00, 0x00, 0x40, 0x00, 0x00, 0x30, 0x37, 0x02, 0x00,
    0x10, 0x40, 0x00, 0x00, 0x90, 0xe7, 0x01, 0x00, 0x2f, 0x01, 0x03, 0x00,
    0x02, 0x00, 0x00, 0x00, 0x00, 0x40, 0x00, 0x00, 0xd0, 0xd1, 0x01, 0x00,
    0x0b, 0x01, 0x02, 0x00, 0x0c, 0x01, 0x02, 0x00, 0x01, 0x01, 0x03, 0x00,
    0x02, 0x01, 0x03, 0x00, 0x10, 0x40, 0x00, 0x00, 0x90, 0x33, 0x02, 0x00,
    0x21, 0x01, 0x02, 0x00, 0x20, 0x01, 0x06, 0x00, 0x20, 0x40, 0x00, 0x00,
    0xe0, 0x01, 0x00, 0x00, 0x21, 0x40, 0x00, 0x00, 0x30, 0x01, 0x00, 0x00,
    0x22, 0x40, 0x00, 0x00, 0x60, 0x01, 0x00, 0x00, 0x03, 0x00, 0x00, 0x00,
    0x00, 0x40, 0x00, 0x00, 0x30, 0x66, 0x00, 0x00, 0x0b, 0x01, 0x01, 0x00,
    0x0c, 0x01, 0x01, 0x00, 0x0a, 0x01, 0x72, 0x00, 0x04, 0x01, 0x03, 0x00,
    0x05, 0x40, 0x00, 0x00, 0xcc, 0x01, 0x00, 0x00, 0x04, 0x40, 0x00, 0x00,
    0x04, 0x00, 0x00, 0x00, 0x06, 0x40, 0x00, 0x00, 0x01, 0x00, 0x00, 0x00,
    0x09, 0x01, 0x00, 0x00, 0x05, 0x01, 0x01, 0x00, 0x01, 0x01, 0x00, 0x00,
    0x02, 0x01, 0x00, 0x00, 0x10, 0x40, 0x00, 0x00, 0x30, 0x25, 0x02, 0x00,
    0x11, 0x01, 0x72, 0x00, 0x1a, 0x01, 0x72, 0x00, 0x13, 0x01, 0x03, 0x00,
    0x15, 0x40, 0x00, 0x00, 0x30, 0x07, 0x00, 0x00, 0x16, 0x40, 0x00, 0x00,
    0x30, 0x07, 0x00, 0x00, 0x18, 0x01, 0x00, 0x00, 0x14, 0x01, 0x41, 0x81,
    0x21, 0x01, 0x01, 0x00, 0x20, 0x01, 0x00, 0x00, 0x22, 0x01, 0x02, 0x00,
    0x15, 0x01, 0x15, 0x00, 0x17, 0x01, 0x07, 0x00, 0x05, 0x00, 0x01, 0x00,
    0x00, 0x40, 0x00, 0x00, 0xc8, 0x69, 0x00, 0x00, 0x10, 0x40, 0x00, 0x00,
    0x60, 0x2c, 0x02, 0x00, 0x05, 0x00, 0x01, 0x00, 0x00, 0x40, 0x00, 0x00,
    0x30, 0x25, 0x02, 0x00, 0x0b, 0x01, 0x00, 0x00, 0x0c, 0x01, 0x00, 0x00,
    0x05, 0x40, 0x00, 0x00, 0x30, 0x07, 0x00, 0x00, 0x04, 0x40, 0x00, 0x00,
    0x10, 0x00, 0x00, 0x00, 0x06, 0x40, 0x00, 0x00, 0x30, 0x07, 0x00, 0x00,
    0x05, 0x01, 0x41, 0x00, 0x01, 0x01, 0x01, 0x00, 0x02, 0x01, 0x01, 0x00,
    0x10, 0x40, 0x00, 0x00, 0xb0, 0xdc, 0x01, 0x00, 0x11, 0x01, 0x39, 0x00,
    0x1a, 0x01, 0x39, 0x00, 0x13, 0x01, 0x0b, 0x00, 0x15, 0x40, 0x00, 0x00,
    0xa0, 0x03, 0x00, 0x00, 0x16, 0x40, 0x00, 0x00, 0xa0, 0x03, 0x00, 0x00,
    0x18, 0x01, 0x80, 0xff, 0x14, 0x01, 0x41, 0x00, 0x21, 0x01, 0x00, 0x00,
    0x20, 0x01, 0x02, 0x00, 0x22, 0x01, 0x05, 0x00, 0x20, 0x40, 0x00, 0x00,
    0x80, 0x00, 0x00, 0x00, 0x21, 0x40, 0x00, 0x00, 0xe0, 0x00, 0x00, 0x00,
    0x22, 0x40, 0x00, 0x00, 0x00, 0x00, 0x00, 0x00, 0x15, 0x01, 0x39, 0x00,
    0x17, 0x01, 0x0f, 0x00, 0x2f, 0x01, 0x01, 0x00, 0x02, 0x00, 0x00, 0x00,
    0x00, 0x40, 0x00, 0x00, 0x60, 0x2c, 0x02, 0x00, 0x10, 0x40, 0x00, 0x00,
    0x50, 0xe0, 0x01, 0x00, 0x2f, 0x01, 0x03, 0x00, 0x02, 0x00, 0x00, 0x00,
    0x00, 0x40, 0x00, 0x00, 0x60, 0x6d, 0x00, 0x00, 0x0b, 0x01, 0x01, 0x00,
    0x0c, 0x01, 0x01, 0x00, 0x05, 0x40, 0x00, 0x00, 0xcc, 0x01, 0x00, 0x00,
    0x04, 0x40, 0x00, 0x00, 0x04, 0x00, 0x00, 0x00, 0x06, 0x40, 0x00, 0x00,
    0x01, 0x00, 0x00, 0x00, 0x05, 0x01, 0x01, 0x00, 0x01, 0x01, 0x00, 0x00,
    0x02, 0x01, 0x00, 0x00, 0x10, 0x40, 0x00, 0x00, 0x30, 0x25, 0x02, 0x00,
    0x11, 0x01, 0x72, 0x00, 0x1a, 0x01, 0x72, 0x00, 0x13, 0x01, 0x03, 0x00,
    0x15, 0x40, 0x00, 0x00, 0x30, 0x07, 0x00, 0x00, 0x16, 0x40, 0x00, 0x00,
    0x30, 0x07, 0x00, 0x00, 0x18, 0x01, 0x00, 0x00, 0x14, 0x01, 0x41, 0x81,
    0x21, 0x01, 0x01, 0x00, 0x20, 0x01, 0x00, 0x00, 0x22, 0x01, 0x02, 0x00,
    0x15, 0x01, 0x15, 0x00, 0x17, 0x01, 0x07, 0x00, 0x05, 0x00, 0x01, 0x00,
    0x00, 0x40, 0x00, 0x00, 0xf8, 0x70, 0x00, 0x00, 0x10, 0x40, 0x00, 0x00,
    0x60, 0x2c, 0x02, 0x00, 0x05, 0x00, 0x01, 0x00, 0x00, 0x40, 0x00, 0x00,
    0x30, 0x25, 0x02, 0x00, 0x0b, 0x01, 0x00, 0x00, 0x0c, 0x01, 0x00, 0x00,
    0x05, 0x40, 0x00, 0x00, 0x30, 0x07, 0x00, 0x00, 0x04, 0x40, 0x00, 0x00,
    0x10, 0x00, 0x00, 0x00, 0x06, 0x40, 0x00, 0x00, 0x30, 0x07, 0x00, 0x00,
    0x05, 0x01, 0x41, 0x00, 0x01, 0x01, 0x01, 0x00, 0x02, 0x01, 0x01, 0x00,
    0x10, 0x40, 0x00, 0x00, 0x30, 0xce, 0x01, 0x00, 0x11, 0x01, 0x39, 0x00,
    0x1a, 0x01, 0x39, 0x00, 0x13, 0x01, 0x0b, 0x00, 0x15, 0x40, 0x00, 0x00,
    0xa0, 0x03, 0x00, 0x00, 0x16, 0x40, 0x00, 0x00, 0xa0, 0x03, 0x00, 0x00,
    0x18, 0x01, 0x80, 0xff, 0x14, 0x01, 0x41, 0x00, 0x21, 0x01, 0x00, 0x00,
    0x20, 0x01, 0x02, 0x00, 0x22, 0x01, 0x05, 0x00, 0x15, 0x01, 0x39, 0x00,
    0x17, 0x01, 0x0f, 0x00, 0x2f, 0x01, 0x01, 0x00, 0x02, 0x00, 0x00, 0x00,
    0x00, 0x40, 0x00, 0x00, 0x60, 0x2c, 0x02, 0x00, 0x10, 0x40, 0x00, 0x00,
    0xd0, 0xd1, 0x01, 0x00, 0x2f, 0x01, 0x03, 0x00, 0x02, 0x00, 0x00, 0x00,
    0x00, 0x40, 0x00, 0x00, 0x70, 0xd5, 0x01, 0x00, 0x0b, 0x01, 0x02, 0x00,
    0x0c, 0x01, 0x02, 0x00, 0x0a, 0x01, 0x39, 0x00, 0x04, 0x01, 0x0b, 0x00,
    0x05, 0x40, 0x00, 0x00, 0xa0, 0x03, 0x00, 0x00, 0x06, 0x40, 0x00, 0x00,
    0xa0, 0x03, 0x00, 0x00, 0x09, 0x01, 0x80, 0xff, 0x01, 0x01, 0x03, 0x00,
    0x02, 0x01, 0x03, 0x00, 0x10, 0x40, 0x00, 0x00, 0x30, 0x37, 0x02, 0x00,
    0x21, 0x01, 0x02, 0x00, 0x20, 0x01, 0x06, 0x00, 0x22, 0x01, 0x00, 0x00,
    0x20, 0x40, 0x00, 0x00, 0xe0, 0x01, 0x00, 0x00, 0x21, 0x40, 0x00, 0x00,
    0x30, 0x01, 0x00, 0x00, 0x22, 0x40, 0x00, 0x00, 0x60, 0x01, 0x00, 0x00,
    0x2f, 0x01, 0x01, 0x00, 0x03, 0x00, 0x00, 0x00, 0x00, 0x40, 0x00, 0x00,
    0x90, 0x33, 0x02, 0x00, 0x0b, 0x01, 0x00, 0x00, 0x0c, 0x01, 0x00, 0x00,
    0x01, 0x01, 0x00, 0x00, 0x02, 0x01, 0x00, 0x00, 0x10, 0x40, 0x00, 0x00,
    0x30, 0xeb, 0x01, 0x00, 0x21, 0x01, 0x00, 0x00, 0x20, 0x01, 0x00, 0x00,
    0x20, 0x40, 0x00, 0x00, 0x90, 0x03, 0x00, 0x00, 0x21, 0x40, 0x00, 0x00,
    0xe0, 0x00, 0x00, 0x00, 0x22, 0x40, 0x00, 0x00, 0x10, 0x03, 0x00, 0x00,
    0x02, 0x00, 0x00, 0x00, 0x00, 0x40, 0x00, 0x00, 0x30, 0x37, 0x02, 0x00,
    0x10, 0x40, 0x00, 0x00, 0xd0, 0xee, 0x01, 0x00, 0x2f, 0x01, 0x03, 0x00,
    0x02, 0x00, 0x00, 0x00, 0x00, 0x40, 0x00, 0x00, 0x70, 0xf2, 0x01, 0x00,
    0x02, 0x40, 0x00, 0x00, 0xf0, 0xe3, 0x01, 0x00, 0x0b, 0x01, 0x01, 0x00,
    0x0c, 0x01, 0x01, 0x00, 0x01, 0x01, 0x04, 0x00, 0x02, 0x01, 0x04, 0x00,
    0x10, 0x40, 0x00, 0x00, 0x70, 0x3e, 0x02, 0x00, 0x21, 0x01, 0x02, 0x00,
    0x20, 0x01, 0x08, 0x00, 0x20, 0x40, 0x00, 0x00, 0xf0, 0x04, 0x00, 0x00,
    0x21, 0x40, 0x00, 0x00, 0x90, 0x01, 0x00, 0x00, 0x22, 0x40, 0x00, 0x00,
    0x70, 0x04, 0x00, 0x00, 0x0d, 0x01, 0x12, 0x00, 0x2f, 0x01, 0x01, 0x00,
    0x03, 0x00, 0x00, 0x00, 0x00, 0x40, 0x00, 0x00, 0xd0, 0x3a, 0x02, 0x00,
    0x02, 0x40, 0x00, 0x00, 0x00, 0x00, 0x00, 0x00, 0x0b, 0x01, 0x00, 0x00,
    0x0c, 0x01, 0x00, 0x00, 0x01, 0x01, 0x00, 0x00, 0x02, 0x01, 0x00, 0x00,
    0x10, 0x40, 0x00, 0x00, 0x70, 0x9b, 0x01, 0x00, 0x21, 0x01, 0x00, 0x00,
    0x20, 0x01, 0x00, 0x00, 0x20, 0x40, 0x00, 0x00, 0x00, 0x07, 0x00, 0x00,
    0x21, 0x40, 0x00, 0x00, 0x00, 0x01, 0x00, 0x00, 0x22, 0x40, 0x00, 0x00,
    0x80, 0x06, 0x00, 0x00, 0x0d, 0x01, 0x0a, 0x00, 0x02, 0x00, 0x00, 0x00,
    0x00, 0x40, 0x00, 0x00, 0x70, 0x3e, 0x02, 0x00, 0x10, 0x40, 0x00, 0x00,
    0x10, 0x9f, 0x01, 0x00, 0x2f, 0x01, 0x03, 0x00, 0x02, 0x00, 0x00, 0x00,
    0x00, 0x40, 0x00, 0x00, 0x10, 0xf6, 0x01, 0x00, 0x02, 0x40, 0x00, 0x00,
    0xf0, 0xe3, 0x01, 0x00, 0x01, 0x01, 0x04, 0x00, 0x02, 0x01, 0x04, 0x00,
    0x10, 0x40, 0x00, 0x00, 0xd0, 0x3a, 0x02, 0x00, 0x21, 0x01, 0x02, 0x00,
    0x20, 0x01, 0x08, 0x00, 0x20, 0x40, 0x00, 0x00, 0xf0, 0x04, 0x00, 0x00,
    0x21, 0x40, 0x00, 0x00, 0x90, 0x01, 0x00, 0x00, 0x22, 0x40, 0x00, 0x00,
    0x70, 0x04, 0x00, 0x00, 0x0d, 0x01, 0x12, 0x00, 0x03, 0x00, 0x00, 0x00,
    0x00, 0x40, 0x00, 0x00, 0xf0, 0xe3, 0x01, 0x00, 0x02, 0x40, 0x00, 0x00,
    0x00, 0x00, 0x00, 0x00, 0x0b, 0x01, 0x02, 0x00, 0x0c, 0x01, 0x02, 0x00,
    0x10, 0x40, 0x00, 0x00, 0x70, 0x3e, 0x02, 0x00, 0x03, 0x00, 0x00, 0x00,
    0x00, 0x40, 0x00, 0x00, 0xd0, 0x3a, 0x02, 0x00, 0x0b, 0x01, 0x00, 0x00,
    0x0c, 0x01, 0x00, 0x00, 0x01, 0x01, 0x00, 0x00, 0x02, 0x01, 0x00, 0x00,
    0x10, 0x40, 0x00, 0x00, 0xb0, 0xa2, 0x01, 0x00, 0x21, 0x01, 0x00, 0x00,
    0x20, 0x01, 0x00, 0x00, 0x20, 0x40, 0x00, 0x00, 0x00, 0x07, 0x00, 0x00,
    0x21, 0x40, 0x00, 0x00, 0x00, 0x01, 0x00, 0x00, 0x22, 0x40, 0x00, 0x00,
    0x80, 0x06, 0x00, 0x00, 0x0d, 0x01, 0x0a, 0x00, 0x2f, 0x01, 0x01, 0x00,
    0x02, 0x00, 0x00, 0x00, 0x00, 0x40, 0x00, 0x00, 0x70, 0x3e, 0x02, 0x00,
    0x10, 0x40, 0x00, 0x00, 0x50, 0xa6, 0x01, 0x00, 0x2f, 0x01, 0x03, 0x00,
    0x02, 0x00, 0x00, 0x00, 0x00, 0x40, 0x00, 0x00, 0x90, 0xe7, 0x01, 0x00,
    0x0b, 0x01, 0x02, 0x00, 0x0c, 0x01, 0x02, 0x00, 0x01, 0x01, 0x04, 0x00,
    0x02, 0x01, 0x04, 0x00, 0x10, 0x40, 0x00, 0x00, 0xd0, 0x3a, 0x02, 0x00,
    0x21, 0x01, 0x02, 0x00, 0x20, 0x01, 0x08, 0x00, 0x20, 0x40, 0x00, 0x00,
    0xf0, 0x04, 0x00, 0x00, 0x21, 0x40, 0x00, 0x00, 0x90, 0x01, 0x00, 0x00,
    0x22, 0x40, 0x00, 0x00, 0x70, 0x04, 0x00, 0x00, 0x0d, 0x01, 0x12, 0x00,
    0x03, 0x00, 0x00, 0x00, 0x00, 0x40, 0x00, 0x00, 0x10, 0xd9, 0x01, 0x00,
    0x01, 0x01, 0x03, 0x00, 0x02, 0x01, 0x03, 0x00, 0x10, 0x40, 0x00, 0x00,
    0x90, 0x33, 0x02, 0x00, 0x20, 0x01, 0x06, 0x00, 0x20, 0x40, 0x00, 0x00,
    0xe0, 0x01, 0x00, 0x00, 0x21, 0x40, 0x00, 0x00, 0x30, 0x01, 0x00, 0x00,
    0x22, 0x40, 0x00, 0x00, 0x60, 0x01, 0x00, 0x00, 0x0d, 0x01, 0x0a, 0x00,
    0x03, 0x00, 0x00, 0x00, 0x00, 0x40, 0x00, 0x00, 0xb0, 0xdc, 0x01, 0x00,
    0x02, 0x40, 0x00, 0x00, 0x30, 0xce, 0x01, 0x00, 0x0b, 0x01, 0x01, 0x00,
    0x0c, 0x01, 0x01, 0x00, 0x10, 0x40, 0x00, 0x00, 0x30, 0x37, 0x02, 0x00,
    0x03, 0x00, 0x00, 0x00, 0x00, 0x40, 0x00, 0x00, 0x90, 0x33, 0x02, 0x00,
    0x02, 0x40, 0x00, 0x00, 0x00, 0x00, 0x00, 0x00, 0x0b, 0x01, 0x00, 0x00,
    0x0c, 0x01, 0x00, 0x00, 0x01, 0x01, 0x00, 0x00, 0x02, 0x01, 0x00, 0x00,
    0x10, 0x40, 0x00, 0x00, 0x70, 0xf2, 0x01, 0x00, 0x21, 0x01, 0x00, 0x00,
    0x20, 0x01, 0x00, 0x00, 0x20, 0x40, 0x00, 0x00, 0x90, 0x03, 0x00, 0x00,
    0x21, 0x40, 0x00, 0x00, 0xe0, 0x00, 0x00, 0x00, 0x22, 0x40, 0x00, 0x00,
    0x10, 0x03, 0x00, 0x00, 0x2f, 0x01, 0x01, 0x00, 0x02, 0x00, 0x00, 0x00,
    0x00, 0x40, 0x00, 0x00, 0x30, 0x37, 0x02, 0x00, 0x10, 0x40, 0x00, 0x00,
    0x10, 0xf6, 0x01, 0x00, 0x2f, 0x01, 0x03, 0x00, 0x02, 0x00, 0x00, 0x00,
    0x00, 0x40, 0x00, 0x00, 0x50, 0xe0, 0x01, 0x00, 0x02, 0x40, 0x00, 0x00,
    0x30, 0xce, 0x01, 0x00, 0x01, 0x01, 0x03, 0x00, 0x02, 0x01, 0x03, 0x00,
    0x10, 0x40, 0x00, 0x00, 0x90, 0x33, 0x02, 0x00, 0x21, 0x01, 0x02, 0x00,
    0x20, 0x01, 0x06, 0x00, 0x20, 0x40, 0x00, 0x00, 0xe0, 0x01, 0x00, 0x00,
    0x21, 0x40, 0x00, 0x00, 0x30, 0x01, 0x00, 0x00, 0x22, 0x40, 0x00, 0x00,
    0x60, 0x01, 0x00, 0x00, 0x03, 0x00, 0x00, 0x00, 0x00, 0x40, 0x00, 0x00,
    0x90, 0x74, 0x00, 0x00, 0x02, 0x40, 0x00, 0x00, 0x00, 0x00, 0x00, 0x00,
    0x0b, 0x01, 0x01, 0x00, 0x0c, 0x01, 0x01, 0x00, 0x0a, 0x01, 0x72, 0x00,
    0x04, 0x01, 0x03, 0x00, 0x05, 0x40, 0x00, 0x00, 0xcc, 0x01, 0x00, 0x00,
    0x04, 0x40, 0x00, 0x00, 0x04, 0x00, 0x00, 0x00, 0x06, 0x40, 0x00, 0x00,
    0x01, 0x00, 0x00, 0x00, 0x09, 0x01, 0x00, 0x00, 0x05, 0x01, 0x01, 0x00,
    0x01, 0x01, 0x00, 0x00, 0x02, 0x01, 0x00, 0x00, 0x10, 0x40, 0x00, 0x00,
    0x30, 0x25, 0x02, 0x00, 0x11, 0x01, 0x72, 0x00, 0x1a, 0x01, 0x72, 0x00,
    0x13, 0x01, 0x03, 0x00, 0x15, 0x40, 0x00, 0x00, 0x30, 0x07, 0x00, 0x00,
    0x16, 0x40, 0x00, 0x00, 0x30, 0x07, 0x00, 0x00, 0x18, 0x01, 0x00, 0x00,
    0x14, 0x01, 0x41, 0x81, 0x21, 0x01, 0x01, 0x00, 0x20, 0x01, 0x00, 0x00,
    0x22, 0x01, 0x02, 0x00, 0x15, 0x01, 0x15, 0x00, 0x17, 0x01, 0x07, 0x00,
    0x05, 0x00, 0x01, 0x00, 0x00, 0x40, 0x00, 0x00, 0x28, 0x78, 0x00, 0x00,
    0x10, 0x40, 0x00, 0x00, 0x60, 0x2c, 0x02, 0x00, 0x05, 0x00, 0x01, 0x00,
    0x00, 0x40, 0x00, 0x00, 0x30, 0x25, 0x02, 0x00, 0x0b, 0x01, 0x00, 0x00,
    0x0c, 0x01, 0x00, 0x00, 0x05, 0x40, 0x00, 0x00, 0x30, 0x07, 0x00, 0x00,
    0x04, 0x40, 0x00, 0x00, 0x10, 0x00, 0x00, 0x00, 0x06, 0x40, 0x00, 0x00,
    0x30, 0x07, 0x00, 0x00, 0x05, 0x01, 0x41, 0x00, 0x01, 0x01, 0x01, 0x00,
    0x02, 0x01, 0x01, 0x00, 0x10, 0x40, 0x00, 0x00, 0x70, 0xd5, 0x01, 0x00,
    0x11, 0x01, 0x39, 0x00, 0x1a, 0x01, 0x39, 0x00, 0x13, 0x01, 0x0b, 0x00,
    0x15, 0x40, 0x00, 0x00, 0xa0, 0x03, 0x00, 0x00, 0x16, 0x40, 0x00, 0x00,
    0xa0, 0x03, 0x00, 0x00, 0x18, 0x01, 0x80, 0xff, 0x14, 0x01, 0x41, 0x00,
    0x21, 0x01, 0x00, 0x00, 0x20, 0x01, 0x02, 0x00, 0x22, 0x01, 0x05, 0x00,
    0x20, 0x40, 0x00, 0x00, 0x80, 0x00, 0x00, 0x00, 0x21, 0x40, 0x00, 0x00,
    0xe0, 0x00, 0x00, 0x00, 0x22, 0x40, 0x00, 0x00, 0x00, 0x00, 0x00, 0x00,
    0x15, 0x01, 0x39, 0x00, 0x17, 0x01, 0x0f, 0x00, 0x2f, 0x01, 0x01, 0x00,
    0x02, 0x00, 0x00, 0x00, 0x00, 0x40, 0x00, 0x00, 0x60, 0x2c, 0x02, 0x00,
    0x10, 0x40, 0x00, 0x00, 0x10, 0xd9, 0x01, 0x00, 0x2f, 0x01, 0x03, 0x00,
    0x02, 0x00, 0x00, 0x00, 0x00, 0x40, 0x00, 0x00, 0xc0, 0x7b, 0x00, 0x00,
    0x0b, 0x01, 0x01, 0x00, 0x0c, 0x01, 0x01, 0x00, 0x05, 0x40, 0x00, 0x00,
    0xcc, 0x01, 0x00, 0x00, 0x04, 0x40, 0x00, 0x00, 0x04, 0x00, 0x00, 0x00,
    0x06, 0x40, 0x00, 0x00, 0x01, 0x00, 0x00, 0x00, 0x05, 0x01, 0x01, 0x00,
    0x01, 0x01, 0x00, 0x00, 0x02, 0x01, 0x00, 0x00, 0x10, 0x40, 0x00, 0x00,
    0x30, 0x25, 0x02, 0x00, 0x11, 0x01, 0x72, 0x00, 0x1a, 0x01, 0x72, 0x00,
    0x13, 0x01, 0x03, 0x00, 0x15, 0x40, 0x00, 0x00, 0x30, 0x07, 0x00, 0x00,
    0x16, 0x40, 0x00, 0x00, 0x30, 0x07, 0x00, 0x00, 0x18, 0x01, 0x00, 0x00,
    0x14, 0x01, 0x41, 0x81, 0x21, 0x01, 0x01, 0x00, 0x20, 0x01, 0x00, 0x00,
    0x22, 0x01, 0x02, 0x00, 0x15, 0x01, 0x15, 0x00, 0x17, 0x01, 0x07, 0x00,
    0x05, 0x00, 0x01, 0x00, 0x00, 0x40, 0x00, 0x00, 0x58, 0x7f, 0x00, 0x00,
    0x10, 0x40, 0x00, 0x00, 0x60, 0x2c, 0x02, 0x00, 0x05, 0x00, 0x01, 0x00,
    0x00, 0x40, 0x00, 0x00, 0x30, 0x25, 0x02, 0x00, 0x0b, 0x01, 0x00, 0x00,
    0x0c, 0x01, 0x00, 0x00, 0x05, 0x40, 0x00, 0x00, 0x30, 0x07, 0x00, 0x00,
    0x04, 0x40, 0x00, 0x00, 0x10, 0x00, 0x00, 0x00, 0x06, 0x40, 0x00, 0x00,
    0x30, 0x07, 0x00, 0x00, 0x05, 0x01, 0x41, 0x00, 0x01, 0x01, 0x01, 0x00,
    0x02, 0x01, 0x01, 0x00, 0x10, 0x40, 0x00, 0x00, 0xb0, 0xdc, 0x01, 0x00,
    0x11, 0x01, 0x39, 0x00, 0x1a, 0x01, 0x39, 0x00, 0x13, 0x01, 0x0b, 0x00,
    0x15, 0x40, 0x00, 0x00, 0xa0, 0x03, 0x00, 0x00, 0x16, 0x40, 0x00, 0x00,
    0xa0, 0x03, 0x00, 0x00, 0x18, 0x01, 0x80, 0xff, 0x14, 0x01, 0x41, 0x00,
    0x21, 0x01, 0x00, 0x00, 0x20, 0x01, 0x02, 0x00, 0x22, 0x01, 0x05, 0x00,
    0x15, 0x01, 0x39, 0x00, 0x17, 0x01, 0x0f, 0x00, 0x2f, 0x01, 0x01, 0x00,
    0x02, 0x00, 0x00, 0x00, 0x00, 0x40, 0x00, 0x00, 0x60, 0x2c, 0x02, 0x00,
    0x10, 0x40, 0x00, 0x00, 0x50, 0xe0, 0x01, 0x00, 0x2f, 0x01, 0x03, 0x00,
    0x02, 0x00, 0x00, 0x00, 0x00, 0x40, 0x00, 0x00, 0x30, 0xce, 0x01, 0x00,
    0x0b, 0x01, 0x02, 0x00, 0x0c, 0x01, 0x02, 0x00, 0x0a, 0x01, 0x39, 0x00,
    0x04, 0x01, 0x0b, 0x00, 0x05, 0x40, 0x00, 0x00, 0xa0, 0x03, 0x00, 0x00,
    0x06, 0x40, 0x00, 0x00, 0xa0, 0x03, 0x00, 0x00, 0x09, 0x01, 0x80, 0xff,
    0x01, 0x01, 0x03, 0x00, 0x02, 0x01, 0x03, 0x00, 0x10, 0x40, 0x00, 0x00,
    0x30, 0x37, 0x02, 0x00, 0x21, 0x01, 0x02, 0x00, 0x20, 0x01, 0x06, 0x00,
    0x22, 0x01, 0x00, 0x00, 0x20, 0x40, 0x00, 0x00, 0xe0, 0x01, 0x00, 0x00,
    0x21, 0x40, 0x00, 0x00, 0x30, 0x01, 0x00, 0x00, 0x22, 0x40, 0x00, 0x00,
    0x60, 0x01, 0x00, 0x00, 0x2f, 0x01, 0x01, 0x00, 0x03, 0x00, 0x00, 0x00,
    0x00, 0x40, 0x00, 0x00, 0x90, 0x33, 0x02, 0x00, 0x0b, 0x01, 0x00, 0x00,
    0x0c, 0x01, 0x00, 0x00, 0x01, 0x01, 0x00, 0x00, 0x02, 0x01, 0x00, 0x00,
    0x10, 0x40, 0x00, 0x00, 0xf0, 0xe3, 0x01, 0x00, 0x21, 0x01, 0x00, 0x00,
    0x20, 0x01, 0x00, 0x00, 0x20, 0x40, 0x00, 0x00, 0x90, 0x03, 0x00, 0x00,
    0x21, 0x40, 0x00, 0x00, 0xe0, 0x00, 0x00, 0x00, 0x22, 0x40, 0x00, 0x00,
    0x10, 0x03, 0x00, 0x00, 0x02, 0x00, 0x00, 0x00, 0x00, 0x40, 0x00, 0x00,
    0x30, 0x37, 0x02, 0x00, 0x10, 0x40, 0x00, 0x00, 0x90, 0xe7, 0x01, 0x00,
    0x2f, 0x01, 0x03, 0x00, 0x02, 0x00, 0x00, 0x00, 0x00, 0x40, 0x00, 0x00,
    0x30, 0xeb, 0x01, 0x00, 0x0b, 0x01, 0x02, 0x00, 0x0c, 0x01, 0x02, 0x00,
    0x01, 0x01, 0x04, 0x00, 0x02, 0x01, 0x04, 0x00, 0x10, 0x40, 0x00, 0x00,
    0x70, 0x3e, 0x02, 0x00, 0x21, 0x01, 0x02, 0x00, 0x20, 0x01, 0x08, 0x00,
    0x20, 0x40, 0x00, 0x00, 0xf0, 0x04, 0x00, 0x00, 0x21, 0x40, 0x00, 0x00,
    0x90, 0x01, 0x00, 0x00, 0x22, 0x40, 0x00, 0x00, 0x70, 0x04, 0x00, 0x00,
    0x0d, 0x01, 0x12, 0x00, 0x2f, 0x01, 0x01, 0x00, 0x03, 0x00, 0x00, 0x00,
    0x00, 0x40, 0x00, 0x00, 0xd0, 0x3a, 0x02, 0x00, 0x0b, 0x01, 0x00, 0x00,
    0x0c, 0x01, 0x00, 0x00, 0x01, 0x01, 0x00, 0x00, 0x02, 0x01, 0x00, 0x00,
    0x10, 0x40, 0x00, 0x00, 0xb0, 0x85, 0x01, 0x00, 0x21, 0x01, 0x00, 0x00,
    0x20, 0x01, 0x00, 0x00, 0x20, 0x40, 0x00, 0x00, 0x00, 0x07, 0x00, 0x00,
    0x21, 0x40, 0x00, 0x00, 0x00, 0x01, 0x00, 0x00, 0x22, 0x40, 0x00, 0x00,
    0x80, 0x06, 0x00, 0x00, 0x0d, 0x01, 0x0a, 0x00, 0x02, 0x00, 0x00, 0x00,
    0x00, 0x40, 0x00, 0x00, 0x70, 0x3e, 0x02, 0x00, 0x10, 0x40, 0x00, 0x00,
    0x50, 0x89, 0x01, 0x00, 0x2f, 0x01, 0x03, 0x00, 0x02, 0x00, 0x00, 0x00,
    0x00, 0x40, 0x00, 0x00, 0xf0, 0x8c, 0x01, 0x00, 0x0b, 0x01, 0x04, 0x00,
    0x0c, 0x01, 0x04, 0x00, 0x01, 0x01, 0x01, 0x00, 0x02, 0x01, 0x01, 0x00,
    0x10, 0x40, 0x00, 0x00, 0x10, 0x42, 0x02, 0x00, 0x21, 0x01, 0x04, 0x00,
    0x20, 0x01, 0x02, 0x00, 0x20, 0x40, 0x00, 0x00, 0x80, 0x08, 0x00, 0x00,
    0x21, 0x40, 0x00, 0x00, 0xe0, 0x00, 0x00, 0x00, 0x22, 0x40, 0x00, 0x00,
    0x00, 0x08, 0x00, 0x00, 0x0d, 0x01, 0x12, 0x00, 0x2f, 0x01, 0x01, 0x00,
    0x03, 0x00, 0x00, 0x00, 0x00, 0x40, 0x00, 0x00, 0x90, 0x90, 0x01, 0x00,
    0x10, 0x40, 0x00, 0x00, 0xb0, 0x45, 0x02, 0x00, 0x2f, 0x01, 0x03, 0x00,
    0x03, 0x00, 0x00, 0x00, 0x00, 0x40, 0x00, 0x00, 0x10, 0x42, 0x02, 0x00,
    0x0b, 0x01, 0x00, 0x00, 0x0c, 0x01, 0x00, 0x00, 0x01, 0x01, 0x00, 0x00,
    0x02, 0x01, 0x00, 0x00, 0x10, 0x40, 0x00, 0x00, 0xf0, 0x00, 0x02, 0x00,
    0x21, 0x01, 0x00, 0x00, 0x20, 0x01, 0x00, 0x00, 0x20, 0x40, 0x00, 0x00,
    0xe0, 0x09, 0x00, 0x00, 0x21, 0x40, 0x00, 0x00, 0x00, 0x01, 0x00, 0x00,
    0x22, 0x40, 0x00, 0x00, 0x60, 0x09, 0x00, 0x00, 0x0d, 0x01, 0x0a, 0x00,
    0x2f, 0x01, 0x01, 0x00, 0x02, 0x00, 0x00, 0x00, 0x00, 0x40, 0x00, 0x00,
    0xb0, 0x45, 0x02, 0x00, 0x10, 0x40, 0x00, 0x00, 0x90, 0x04, 0x02, 0x00,
    0x2f, 0x01, 0x03, 0x00, 0x02, 0x00, 0x00, 0x00, 0x00, 0x40, 0x00, 0x00,
    0x30, 0x94, 0x01, 0x00, 0x0b, 0x01, 0x04, 0x00, 0x0c, 0x01, 0x04, 0x00,
    0x01, 0x01, 0x01, 0x00, 0x02, 0x01, 0x01, 0x00, 0x10, 0x40, 0x00, 0x00,
    0x10, 0x42, 0x02, 0x00, 0x21, 0x01, 0x04, 0x00, 0x20, 0x01, 0x02, 0x00,
    0x20, 0x40, 0x00, 0x00, 0x80, 0x08, 0x00, 0x00, 0x21, 0x40, 0x00, 0x00,
    0xe0, 0x00, 0x00, 0x00, 0x22, 0x40, 0x00, 0x00, 0x00, 0x08, 0x00, 0x00,
    0x0d, 0x01, 0x12, 0x00, 0x03, 0x00, 0x00, 0x00, 0x00, 0x40, 0x00, 0x00,
    0xd0, 0x97, 0x01, 0x00, 0x10, 0x40, 0x00, 0x00, 0xb0, 0x45, 0x02, 0x00,
    0x03, 0x00, 0x00, 0x00, 0x00, 0x40, 0x00, 0x00, 0x10, 0x42, 0x02, 0x00,
    0x0b, 0x01, 0x00, 0x00, 0x0c, 0x01, 0x00, 0x00, 0x01, 0x01, 0x00, 0x00,
    0x02, 0x01, 0x00, 0x00, 0x10, 0x40, 0x00, 0x00, 0x30, 0x08, 0x02, 0x00,
    0x21, 0x01, 0x00, 0x00, 0x20, 0x01, 0x00, 0x00, 0x20, 0x40, 0x00, 0x00,
    0xe0, 0x09, 0x00, 0x00, 0x21, 0x40, 0x00, 0x00, 0x00, 0x01, 0x00, 0x00,
    0x22, 0x40, 0x00, 0x00, 0x60, 0x09, 0x00, 0x00, 0x0d, 0x01, 0x0a, 0x00,
    0x2f, 0x01, 0x01, 0x00, 0x02, 0x00, 0x00, 0x00, 0x00, 0x40, 0x00, 0x00,
    0xb0, 0x45, 0x02, 0x00, 0x10, 0x40, 0x00, 0x00, 0xd0, 0x0b, 0x02, 0x00,
    0x2f, 0x01, 0x03, 0x00, 0x02, 0x00, 0x00, 0x00, 0x00, 0x40, 0x00, 0x00,
    0xb0, 0xf9, 0x01, 0x00, 0x0b, 0x01, 0x02, 0x00, 0x0c, 0x01, 0x02, 0x00,
    0x01, 0x01, 0x03, 0x00, 0x02, 0x01, 0x03, 0x00, 0x10, 0x40, 0x00, 0x00,
    0xf0, 0x4c, 0x02, 0x00, 0x21, 0x01, 0x02, 0x00, 0x20, 0x01, 0x06, 0x00,
    0x20, 0x40, 0x00, 0x00, 0x60, 0x0b, 0x00, 0x00, 0x21, 0x40, 0x00, 0x00,
    0x40, 0x01, 0x00, 0x00, 0x22, 0x40, 0x00, 0x00, 0xe0, 0x0a, 0x00, 0x00,
    0x2f, 0x01, 0x01, 0x00, 0x03, 0x00, 0x00, 0x00, 0x00, 0x40, 0x00, 0x00,
    0x50, 0x49, 0x02, 0x00, 0x0b, 0x01, 0x00, 0x00, 0x0c, 0x01, 0x00, 0x00,
    0x01, 0x01, 0x00, 0x00, 0x02, 0x01, 0x00, 0x00, 0x10, 0x40, 0x00, 0x00,
    0x70, 0x0f, 0x02, 0x00, 0x21, 0x01, 0x00, 0x00, 0x20, 0x01, 0x00, 0x00,
    0x20, 0x40, 0x00, 0x00, 0x20, 0x0d, 0x00, 0x00, 0x21, 0x40, 0x00, 0x00,
    0x00, 0x01, 0x00, 0x00, 0x22, 0x40, 0x00, 0x00, 0xa0, 0x0c, 0x00, 0x00,
    0x02, 0x00, 0x00, 0x00, 0x00, 0x40, 0x00, 0x00, 0xf0, 0x4c, 0x02, 0x00,
    0x10, 0x40, 0x00, 0x00, 0x10, 0x13, 0x02, 0x00, 0x2f, 0x01, 0x03, 0x00,
    0x02, 0x00, 0x00, 0x00, 0x00, 0x40, 0x00, 0x00, 0xb0, 0x16, 0x02, 0x00,
    0x0b, 0x01, 0x02, 0x00, 0x0c, 0x01, 0x02, 0x00, 0x01, 0x01, 0x04, 0x00,
    0x02, 0x01, 0x04, 0x00, 0x10, 0x40, 0x00, 0x00, 0x30, 0x54, 0x02, 0x00,
    0x21, 0x01, 0x02, 0x00, 0x20, 0x01, 0x08, 0x00, 0x20, 0x40, 0x00, 0x00,
    0xa0, 0x0e, 0x00, 0x00, 0x21, 0x40, 0x00, 0x00, 0x80, 0x01, 0x00, 0x00,
    0x22, 0x40, 0x00, 0x00, 0x20, 0x0e, 0x00, 0x00, 0x0d, 0x01, 0x12, 0x00,
    0x2f, 0x01, 0x01, 0x00, 0x03, 0x00, 0x00, 0x00, 0x00, 0x40, 0x00, 0x00,
    0x90, 0x50, 0x02, 0x00, 0x0b, 0x01, 0x00, 0x00, 0x0c, 0x01, 0x00, 0x00,
    0x01, 0x01, 0x00, 0x00, 0x02, 0x01, 0x00, 0x00, 0x10, 0x40, 0x00, 0x00,
    0xf0, 0xc6, 0x01, 0x00, 0x21, 0x01, 0x00, 0x00, 0x20, 0x01, 0x00, 0x00,
    0x20, 0x40, 0x00, 0x00, 0xa0, 0x10, 0x00, 0x00, 0x21, 0x40, 0x00, 0x00,
    0xf0, 0x00, 0x00, 0x00, 0x22, 0x40, 0x00, 0x00, 0x20, 0x10, 0x00, 0x00,
    0x0d, 0x01, 0x0a, 0x00, 0x02, 0x00, 0x00, 0x00, 0x00, 0x40, 0x00, 0x00,
    0x30, 0x54, 0x02, 0x00, 0x10, 0x40, 0x00, 0x00, 0x90, 0xca, 0x01, 0x00,
    0x2f, 0x01, 0x03, 0x00, 0x02, 0x00, 0x00, 0x00, 0x00, 0x40, 0x00, 0x00,
    0xf0, 0xa9, 0x01, 0x00, 0x0b, 0x01, 0x02, 0x00, 0x0c, 0x01, 0x02, 0x00,
    0x00, 0x01, 0x02, 0x00, 0x01, 0x01, 0x01, 0x00, 0x02, 0x01, 0x01, 0x00,
    0x10, 0x40, 0x00, 0x00, 0xd0, 0x57, 0x02, 0x00, 0x21, 0x01, 0x04, 0x00,
    0x20, 0x01, 0x02, 0x00, 0x20, 0x40, 0x00, 0x00, 0x10, 0x12, 0x00, 0x00,
    0x21, 0x40, 0x00, 0x00, 0xe0, 0x00, 0x00, 0x00, 0x22, 0x40, 0x00, 0x00,
    0x90, 0x11, 0x00, 0x00, 0x0d, 0x01, 0x12, 0x00, 0x2f, 0x01, 0x01, 0x00,
    0x03, 0x00, 0x00, 0x00, 0x0b, 0x01, 0x03, 0x00, 0x0c, 0x01, 0x03, 0x00,
    0x00, 0x01, 0x01, 0x00, 0x10, 0x40, 0x00, 0x00, 0x70, 0x5b, 0x02, 0x00,
    0x2f, 0x01, 0x03, 0x00, 0x03, 0x00, 0x00, 0x00, 0x00, 0x40, 0x00, 0x00,
    0xd0, 0x57, 0x02, 0x00, 0x0b, 0x01, 0x00, 0x00, 0x0c, 0x01, 0x00, 0x00,
    0x00, 0x01, 0x00, 0x00, 0x01, 0x01, 0x00, 0x00, 0x02, 0x01, 0x00, 0x00,
    0x10, 0x40, 0x00, 0x00, 0x10, 0x5f, 0x02, 0x00, 0x21, 0x01, 0x00, 0x00,
    0x20, 0x01, 0x00, 0x00, 0x20, 0x40, 0x00, 0x00, 0x70, 0x13, 0x00, 0x00,
    0x21, 0x40, 0x00, 0x00, 0x00, 0x01, 0x00, 0x00, 0x22, 0x40, 0x00, 0x00,
    0xf0, 0x12, 0x00, 0x00, 0x0d, 0x01, 0x0a, 0x00, 0x2f, 0x01, 0x01, 0x00,
    0x02, 0x00, 0x00, 0x00, 0x00, 0x40, 0x00, 0x00, 0x70, 0x5b, 0x02, 0x00,
    0x10, 0x40, 0x00, 0x00, 0xb0, 0x62, 0x02, 0x00, 0x2f, 0x01, 0x03, 0x00,
    0x02, 0x00, 0x00, 0x00, 0x00, 0x40, 0x00, 0x00, 0x10, 0x5f, 0x02, 0x00,
    0x10, 0x40, 0x00, 0x00, 0x00, 0x00, 0x00, 0x00, 0x13, 0x01, 0x00, 0x00,
    0x15, 0x40, 0x00, 0x00, 0x3a, 0x00, 0x00, 0x00, 0x14, 0x40, 0x00, 0x00,
    0x01, 0x00, 0x00, 0x00, 0x16, 0x40, 0x00, 0x00, 0x01, 0x00, 0x00, 0x00,
    0x18, 0x01, 0x75, 0x00, 0x14, 0x01, 0x01, 0x00, 0x20, 0x40, 0x00, 0x00,
    0x80, 0x14, 0x00, 0x00, 0x21, 0x40, 0x00, 0x00, 0x40, 0x00, 0x00, 0x00,
    0x22, 0x40, 0x00, 0x00, 0x70, 0x14, 0x00, 0x00, 0x23, 0x40, 0x00, 0x00,
    0x10, 0x00, 0x00, 0x00, 0x17, 0x01, 0x07, 0x00, 0x2f, 0x01, 0x01, 0x00,
    0x02, 0x00, 0x00, 0x00, 0x00, 0x40, 0x00, 0x00, 0xb0, 0x62, 0x02, 0x00,
    0x10, 0x40, 0x00, 0x00, 0x3a, 0x00, 0x00, 0x00, 0x2f, 0x01, 0x03, 0x00,
    0x02, 0x00, 0x00, 0x00, 0x00, 0x40, 0x00, 0x00, 0xf0, 0xa9, 0x01, 0x00,
    0x0b, 0x01, 0x04, 0x00, 0x0c, 0x01, 0x04, 0x00, 0x01, 0x01, 0x01, 0x00,
    0x02, 0x01, 0x01, 0x00, 0x10, 0x40, 0x00, 0x00, 0xd0, 0x57, 0x02, 0x00,
    0x13, 0x01, 0x0b, 0x00, 0x15, 0x40, 0x00, 0x00, 0xa0, 0x03, 0x00, 0x00,
    0x14, 0x40, 0x00, 0x00, 0x10, 0x00, 0x00, 0x00, 0x16, 0x40, 0x00, 0x00,
    0xa0, 0x03, 0x00, 0x00, 0x18, 0x01, 0x80, 0xff, 0x14, 0x01, 0x41, 0x00,
    0x21, 0x01, 0x04, 0x00, 0x20, 0x01, 0x02, 0x00, 0x20, 0x40, 0x00, 0x00,
    0x10, 0x12, 0x00, 0x00, 0x21, 0x40, 0x00, 0x00, 0xe0, 0x00, 0x00, 0x00,
    0x22, 0x40, 0x00, 0x00, 0x90, 0x11, 0x00, 0x00, 0x23, 0x40, 0x00, 0x00,
    0x80, 0x00, 0x00, 0x00, 0x17, 0x01, 0x0f, 0x00, 0x0d, 0x01, 0x12, 0x00,
    0x03, 0x00, 0x00, 0x00, 0x00, 0x40, 0x00, 0x00, 0x90, 0xad, 0x01, 0x00,
    0x10, 0x40, 0x00, 0x00, 0x70, 0x5b, 0x02, 0x00, 0x03, 0x00, 0x00, 0x00,
    0x00, 0x40, 0x00, 0x00, 0xd0, 0x57, 0x02, 0x00, 0x0b, 0x01, 0x00, 0x00,
    0x0c, 0x01, 0x00, 0x00, 0x01, 0x01, 0x00, 0x00, 0x02, 0x01, 0x00, 0x00,
    0x10, 0x40, 0x00, 0x00, 0x10, 0x5f, 0x02, 0x00, 0x21, 0x01, 0x00, 0x00,
    0x20, 0x01, 0x00, 0x00, 0x20, 0x40, 0x00, 0x00, 0x70, 0x13, 0x00, 0x00,
    0x21, 0x40, 0x00, 0x00, 0x00, 0x01, 0x00, 0x00, 0x22, 0x40, 0x00, 0x00,
    0xf0, 0x12, 0x00, 0x00, 0x0d, 0x01, 0x0a, 0x00, 0x2f, 0x01, 0x01, 0x00,
    0x02, 0x00, 0x00, 0x00, 0x00, 0x40, 0x00, 0x00, 0x70, 0x5b, 0x02, 0x00,
    0x10, 0x40, 0x00, 0x00, 0xb0, 0x62, 0x02, 0x00, 0x2f, 0x01, 0x03, 0x00,
    0x02, 0x00, 0x00, 0x00, 0x00, 0x40, 0x00, 0x00, 0x10, 0x5f, 0x02, 0x00,
    0x10, 0x40, 0x00, 0x00, 0x74, 0x00, 0x00, 0x00, 0x13, 0x01, 0x00, 0x00,
    0x15, 0x40, 0x00, 0x00, 0x3a, 0x00, 0x00, 0x00, 0x14, 0x40, 0x00, 0x00,
    0x01, 0x00, 0x00, 0x00, 0x16, 0x40, 0x00, 0x00, 0x01, 0x00, 0x00, 0x00,
    0x18, 0x01, 0x75, 0x00, 0x14, 0x01, 0x01, 0x00, 0x20, 0x40, 0x00, 0x00,
    0x80, 0x14, 0x00, 0x00, 0x21, 0x40, 0x00, 0x00, 0x40, 0x00, 0x00, 0x00,
    0x22, 0x40, 0x00, 0x00, 0x70, 0x14, 0x00, 0x00, 0x23, 0x40, 0x00, 0x00,
    0x10, 0x00, 0x00, 0x00, 0x17, 0x01, 0x07, 0x00, 0x2f, 0x01, 0x01, 0x00,
    0x02, 0x00, 0x00, 0x00, 0x00, 0x40, 0x00, 0x00, 0xb0, 0x62, 0x02, 0x00,
    0x10, 0x40, 0x00, 0x00, 0xae, 0x00, 0x00, 0x00, 0x2f, 0x01, 0x03, 0x00,
    0x02, 0x00, 0x00, 0x00, 0x00, 0x40, 0x00, 0x00, 0x30, 0xb1, 0x01, 0x00,
    0x0b, 0x01, 0x04, 0x00, 0x0c, 0x01, 0x04, 0x00, 0x01, 0x01, 0x01, 0x00,
    0x02, 0x01, 0x01, 0x00, 0x10, 0x40, 0x00, 0x00, 0xd0, 0x57, 0x02, 0x00,
    0x13, 0x01, 0x0b, 0x00, 0x15, 0x40, 0x00, 0x00, 0xa0, 0x03, 0x00, 0x00,
    0x14, 0x40, 0x00, 0x00, 0x10, 0x00, 0x00, 0x00, 0x16, 0x40, 0x00, 0x00,
    0xa0, 0x03, 0x00, 0x00, 0x18, 0x01, 0x80, 0xff, 0x14, 0x01, 0x41, 0x00,
    0x21, 0x01, 0x04, 0x00, 0x20, 0x01, 0x02, 0x00, 0x20, 0x40, 0x00, 0x00,
    0x10, 0x12, 0x00, 0x00, 0x21, 0x40, 0x00, 0x00, 0xe0, 0x00, 0x00, 0x00,
    0x22, 0x40, 0x00, 0x00, 0x90, 0x11, 0x00, 0x00, 0x23, 0x40, 0x00, 0x00,
    0x80, 0x00, 0x00, 0x00, 0x17, 0x01, 0x0f, 0x00, 0x0d, 0x01, 0x12, 0x00,
    0x03, 0x00, 0x00, 0x00, 0x00, 0x40, 0x00, 0x00, 0xd0, 0xb4, 0x01, 0x00,
    0x10, 0x40, 0x00, 0x00, 0x70, 0x5b, 0x02, 0x00, 0x03, 0x00, 0x00, 0x00,
    0x00, 0x40, 0x00, 0x00, 0xd0, 0x57, 0x02, 0x00, 0x0b, 0x01, 0x00, 0x00,
    0x0c, 0x01, 0x00, 0x00, 0x01, 0x01, 0x00, 0x00, 0x02, 0x01, 0x00, 0x00,
    0x10, 0x40, 0x00, 0x00, 0x10, 0x5f, 0x02, 0x00, 0x21, 0x01, 0x00, 0x00,
    0x20, 0x01, 0x00, 0x00, 0x20, 0x40, 0x00, 0x00, 0x70, 0x13, 0x00, 0x00,
    0x21, 0x40, 0x00, 0x00, 0x00, 0x01, 0x00, 0x00, 0x22, 0x40, 0x00, 0x00,
    0xf0, 0x12, 0x00, 0x00, 0x0d, 0x01, 0x0a, 0x00, 0x2f, 0x01, 0x01, 0x00,
    0x02, 0x00, 0x00, 0x00, 0x00, 0x40, 0x00, 0x00, 0x70, 0x5b, 0x02, 0x00,
    0x10, 0x40, 0x00, 0x00, 0xb0, 0x62, 0x02, 0x00, 0x2f, 0x01, 0x03, 0x00,
    0x02, 0x00, 0x00, 0x00, 0x00, 0x40, 0x00, 0x00, 0x10, 0x5f, 0x02, 0x00,
    0x10, 0x40, 0x00, 0x00, 0xe8, 0x00, 0x00, 0x00, 0x13, 0x01, 0x00, 0x00,
    0x15, 0x40, 0x00, 0x00, 0x3a, 0x00, 0x00, 0x00, 0x14, 0x40, 0x00, 0x00,
    0x01, 0x00, 0x00, 0x00, 0x16, 0x40, 0x00, 0x00, 0x01, 0x00, 0x00, 0x00,
    0x18, 0x01, 0x75, 0x00, 0x14, 0x01, 0x01, 0x00, 0x20, 0x40, 0x00, 0x00,
    0x80, 0x14, 0x00, 0x00, 0x21, 0x40, 0x00, 0x00, 0x40, 0x00, 0x00, 0x00,
    0x22, 0x40, 0x00, 0x00, 0x70, 0x14, 0x00, 0x00, 0x23, 0x40, 0x00, 0x00,
    0x10, 0x00, 0x00, 0x00, 0x17, 0x01, 0x07, 0x00, 0x2f, 0x01, 0x01, 0x00,
    0x02, 0x00, 0x00, 0x00, 0x00, 0x40, 0x00, 0x00, 0xb0, 0x62, 0x02, 0x00,
    0x10, 0x40, 0x00, 0x00, 0x22, 0x01, 0x00, 0x00, 0x2f, 0x01, 0x03, 0x00,
    0x02, 0x00, 0x00, 0x00, 0x00, 0x40, 0x00, 0x00, 0x70, 0xb8, 0x01, 0x00,
    0x0b, 0x01, 0x04, 0x00, 0x0c, 0x01, 0x04, 0x00, 0x01, 0x01, 0x01, 0x00,
    0x02, 0x01, 0x01, 0x00, 0x10, 0x40, 0x00, 0x00, 0xd0, 0x57, 0x02, 0x00,
    0x13, 0x01, 0x0b, 0x00, 0x15, 0x40, 0x00, 0x00, 0xa0, 0x03, 0x00, 0x00,
    0x14, 0x40, 0x00, 0x00, 0x10, 0x00, 0x00, 0x00, 0x16, 0x40, 0x00, 0x00,
    0xa0, 0x03, 0x00, 0x00, 0x18, 0x01, 0x80, 0xff, 0x14, 0x01, 0x41, 0x00,
    0x21, 0x01, 0x04, 0x00, 0x20, 0x01, 0x02, 0x00, 0x20, 0x40, 0x00, 0x00,
    0x10, 0x12, 0x00, 0x00, 0x21, 0x40, 0x00, 0x00, 0xe0, 0x00, 0x00, 0x00,
    0x22, 0x40, 0x00, 0x00, 0x90, 0x11, 0x00, 0x00, 0x23, 0x40, 0x00, 0x00,
    0x80, 0x00, 0x00, 0x00, 0x17, 0x01, 0x0f, 0x00, 0x0d, 0x01, 0x12, 0x00,
    0x03, 0x00, 0x00, 0x00, 0x00, 0x40, 0x00, 0x00, 0x10, 0xbc, 0x01, 0x00,
    0x10, 0x40, 0x00, 0x00, 0x70, 0x5b, 0x02, 0x00, 0x03, 0x00, 0x00, 0x00,
    0x00, 0x40, 0x00, 0x00, 0xd0, 0x57, 0x02, 0x00, 0x0b, 0x01, 0x00, 0x00,
    0x0c, 0x01, 0x00, 0x00, 0x01, 0x01, 0x00, 0x00, 0x02, 0x01, 0x00, 0x00,
    0x10, 0x40, 0x00, 0x00, 0x10, 0x5f, 0x02, 0x00, 0x21, 0x01, 0x00, 0x00,
    0x20, 0x01, 0x00, 0x00, 0x20, 0x40, 0x00, 0x00, 0x70, 0x13, 0x00, 0x00,
    0x21, 0x40, 0x00, 0x00, 0x00, 0x01, 0x00, 0x00, 0x22, 0x40, 0x00, 0x00,
    0xf0, 0x12, 0x00, 0x00, 0x0d, 0x01, 0x0a, 0x00, 0x2f, 0x01, 0x01, 0x00,
    0x02, 0x00, 0x00, 0x00, 0x00, 0x40, 0x00, 0x00, 0x70, 0x5b, 0x02, 0x00,
    0x10, 0x40, 0x00, 0x00, 0xb0, 0x62, 0x02, 0x00, 0x2f, 0x01, 0x03, 0x00,
    0x02, 0x00, 0x00, 0x00, 0x00, 0x40, 0x00, 0x00, 0x10, 0x5f, 0x02, 0x00,
    0x10, 0x40, 0x00, 0x00, 0x5c, 0x01, 0x00, 0x00, 0x13, 0x01, 0x00, 0x00,
    0x15, 0x40, 0x00, 0x00, 0x3a, 0x00, 0x00, 0x00, 0x14, 0x40, 0x00, 0x00,
    0x01, 0x00, 0x00, 0x00, 0x16, 0x40, 0x00, 0x00, 0x01, 0x00, 0x00, 0x00,
    0x18, 0x01, 0x75, 0x00, 0x14, 0x01, 0x01, 0x00, 0x20, 0x40, 0x00, 0x00,
    0x80, 0x14, 0x00, 0x00, 0x21, 0x40, 0x00, 0x00, 0x40, 0x00, 0x00, 0x00,
    0x22, 0x40, 0x00, 0x00, 0x70, 0x14, 0x00, 0x00, 0x23, 0x40, 0x00, 0x00,
    0x10, 0x00, 0x00, 0x00, 0x17, 0x01, 0x07, 0x00, 0x2f, 0x01, 0x01, 0x00,
    0x02, 0x00, 0x00, 0x00, 0x00, 0x40, 0x00, 0x00, 0xb0, 0x62, 0x02, 0x00,
    0x10, 0x40, 0x00, 0x00, 0x96, 0x01, 0x00, 0x00, 0x2f, 0x01, 0x03, 0x00,
    0x02, 0x00, 0x00, 0x00, 0x00, 0x40, 0x00, 0x00, 0x50, 0x1a, 0x02, 0x00,
    0x0b, 0x01, 0x02, 0x00, 0x0c, 0x01, 0x02, 0x00, 0x01, 0x01, 0x04, 0x00,
    0x02, 0x01, 0x04, 0x00, 0x10, 0x40, 0x00, 0x00, 0x90, 0x50, 0x02, 0x00,
    0x13, 0x01, 0x0b, 0x00, 0x15, 0x40, 0x00, 0x00, 0xa0, 0x03, 0x00, 0x00,
    0x14, 0x40, 0x00, 0x00, 0x10, 0x00, 0x00, 0x00, 0x16, 0x40, 0x00, 0x00,
    0xa0, 0x03, 0x00, 0x00, 0x18, 0x01, 0x80, 0xff, 0x14, 0x01, 0x41, 0x00,
    0x21, 0x01, 0x02, 0x00, 0x20, 0x01, 0x08, 0x00, 0x20, 0x40, 0x00, 0x00,
    0xa0, 0x0e, 0x00, 0x00, 0x21, 0x40, 0x00, 0x00, 0x80, 0x01, 0x00, 0x00,
    0x22, 0x40, 0x00, 0x00, 0x20, 0x0e, 0x00, 0x00, 0x23, 0x40, 0x00, 0x00,
    0x80, 0x00, 0x00, 0x00, 0x17, 0x01, 0x0f, 0x00, 0x0d, 0x01, 0x12, 0x00,
    0x03, 0x00, 0x00, 0x00, 0x00, 0x40, 0x00, 0x00, 0xf0, 0x1d, 0x02, 0x00,
    0x02, 0x40, 0x00, 0x00, 0x70, 0x0f, 0x02, 0x00, 0x0b, 0x01, 0x01, 0x00,
    0x0c, 0x01, 0x01, 0x00, 0x10, 0x40, 0x00, 0x00, 0x30, 0x54, 0x02, 0x00,
    0x03, 0x00, 0x00, 0x00, 0x00, 0x40, 0x00, 0x00, 0x90, 0x50, 0x02, 0x00,
    0x02, 0x40, 0x00, 0x00, 0x00, 0x00, 0x00, 0x00, 0x0b, 0x01, 0x00, 0x00,
    0x0c, 0x01, 0x00, 0x00, 0x01, 0x01, 0x00, 0x00, 0x02, 0x01, 0x00, 0x00,
    0x10, 0x40, 0x00, 0x00, 0xf0, 0xa9, 0x01, 0x00, 0x21, 0x01, 0x00, 0x00,
    0x20, 0x01, 0x00, 0x00, 0x20, 0x40, 0x00, 0x00, 0xa0, 0x10, 0x00, 0x00,
    0x21, 0x40, 0x00, 0x00, 0xf0, 0x00, 0x00, 0x00, 0x22, 0x40, 0x00, 0x00,
    0x20, 0x10, 0x00, 0x00, 0x0d, 0x01, 0x0a, 0x00, 0x2f, 0x01, 0x01, 0x00,
    0x02, 0x00, 0x00, 0x00, 0x00, 0x40, 0x00, 0x00, 0x30, 0x54, 0x02, 0x00,
    0x10, 0x40, 0x00, 0x00, 0x90, 0xad, 0x01, 0x00, 0x2f, 0x01, 0x03, 0x00,
    0x02, 0x00, 0x00, 0x00, 0x00, 0x40, 0x00, 0x00, 0x90, 0x21, 0x02, 0x00,
    0x02, 0x40, 0x00, 0x00, 0x70, 0x0f, 0x02, 0x00, 0x01, 0x01, 0x04, 0x00,
    0x02, 0x01, 0x04, 0x00, 0x10, 0x40, 0x00, 0x00, 0x90, 0x50, 0x02, 0x00,
    0x21, 0x01, 0x02, 0x00, 0x20, 0x01, 0x08, 0x00, 0x20, 0x40, 0x00, 0x00,
    0xa0, 0x0e, 0x00, 0x00, 0x21, 0x40, 0x00, 0x00, 0x80, 0x01, 0x00, 0x00,
    0x22, 0x40, 0x00, 0x00, 0x20, 0x0e, 0x00, 0x00, 0x0d, 0x01, 0x12, 0x00,
    0x03, 0x00, 0x00, 0x00, 0x00, 0x40, 0x00, 0x00, 0x50, 0xfd, 0x01, 0x00,
    0x02, 0x40, 0x00, 0x00, 0x00, 0x00, 0x00, 0x00, 0x0b, 0x01, 0x02, 0x00,
    0x0c, 0x01, 0x02, 0x00, 0x01, 0x01, 0x03, 0x00, 0x02, 0x01, 0x03, 0x00,
    0x10, 0x40, 0x00, 0x00, 0x50, 0x49, 0x02, 0x00, 0x20, 0x01, 0x06, 0x00,
    0x20, 0x40, 0x00, 0x00, 0x60, 0x0b, 0x00, 0x00, 0x21, 0x40, 0x00, 0x00,
    0x40, 0x01, 0x00, 0x00, 0x22, 0x40, 0x00, 0x00, 0xe0, 0x0a, 0x00, 0x00,
    0x0d, 0x01, 0x0a, 0x00, 0x03, 0x00, 0x00, 0x00, 0x00, 0x40, 0x00, 0x00,
    0xf0, 0x00, 0x02, 0x00, 0x10, 0x40, 0x00, 0x00, 0xf0, 0x4c, 0x02, 0x00,
    0x03, 0x00, 0x00, 0x00, 0x00, 0x40, 0x00, 0x00, 0x50, 0x49, 0x02, 0x00,
    0x0b, 0x01, 0x00, 0x00, 0x0c, 0x01, 0x00, 0x00, 0x01, 0x01, 0x00, 0x00,
    0x02, 0x01, 0x00, 0x00, 0x10, 0x40, 0x00, 0x00, 0xb0, 0x16, 0x02, 0x00,
    0x21, 0x01, 0x00, 0x00, 0x20, 0x01, 0x00, 0x00, 0x20, 0x40, 0x00, 0x00,
    0x20, 0x0d, 0x00, 0x00, 0x21, 0x40, 0x00, 0x00, 0x00, 0x01, 0x00, 0x00,
    0x22, 0x40, 0x00, 0x00, 0xa0, 0x0c, 0x00, 0x00, 0x2f, 0x01, 0x01, 0x00,
    0x02, 0x00, 0x00, 0x00, 0x00, 0x40, 0x00, 0x00, 0xf0, 0x4c, 0x02, 0x00,
    0x10, 0x40, 0x00, 0x00, 0x50, 0x1a, 0x02, 0x00, 0x2f, 0x01, 0x03, 0x00,
    0x02, 0x00, 0x00, 0x00, 0x00, 0x40, 0x00, 0x00, 0x90, 0x04, 0x02, 0x00,
    0x0b, 0x01, 0x02, 0x00, 0x0c, 0x01, 0x02, 0x00, 0x01, 0x01, 0x03, 0x00,
    0x02, 0x01, 0x03, 0x00, 0x10, 0x40, 0x00, 0x00, 0x50, 0x49, 0x02, 0x00,
    0x21, 0x01, 0x02, 0x00, 0x20, 0x01, 0x06, 0x00, 0x20, 0x40, 0x00, 0x00,
    0x60, 0x0b, 0x00, 0x00, 0x21, 0x40, 0x00, 0x00, 0x40, 0x01, 0x00, 0x00,
    0x22, 0x40, 0x00, 0x00, 0xe0, 0x0a, 0x00, 0x00, 0x03, 0x00, 0x00, 0x00,
    0x00, 0x40, 0x00, 0x00, 0x70, 0x9b, 0x01, 0x00, 0x02, 0x40, 0x00, 0x00,
    0xb0, 0x85, 0x01, 0x00, 0x0b, 0x01, 0x03, 0x00, 0x0c, 0x01, 0x03, 0x00,
    0x01, 0x01, 0x01, 0x00, 0x02, 0x01, 0x01, 0x00, 0x10, 0x40, 0x00, 0x00,
    0x10, 0x42, 0x02, 0x00, 0x21, 0x01, 0x04, 0x00, 0x20, 0x01, 0x02, 0x00,
    0x20, 0x40, 0x00, 0x00, 0x80, 0x08, 0x00, 0x00, 0x21, 0x40, 0x00, 0x00,
    0xe0, 0x00, 0x00, 0x00, 0x22, 0x40, 0x00, 0x00, 0x00, 0x08, 0x00, 0x00,
    0x0d, 0x01, 0x12, 0x00, 0x03, 0x00, 0x00, 0x00, 0x00, 0x40, 0x00, 0x00,
    0x10, 0x9f, 0x01, 0x00, 0x0b, 0x01, 0x02, 0x00, 0x0c, 0x01, 0x02, 0x00,
    0x10, 0x40, 0x00, 0x00, 0xb0, 0x45, 0x02, 0x00, 0x03, 0x00, 0x00, 0x00,
    0x00, 0x40, 0x00, 0x00, 0x10, 0x42, 0x02, 0x00, 0x02, 0x40, 0x00, 0x00,
    0x00, 0x00, 0x00, 0x00, 0x0b, 0x01, 0x00, 0x00, 0x0c, 0x01, 0x00, 0x00,
    0x01, 0x01, 0x00, 0x00, 0x02, 0x01, 0x00, 0x00, 0x10, 0x40, 0x00, 0x00,
    0xb0, 0xf9, 0x01, 0x00, 0x21, 0x01, 0x00, 0x00, 0x20, 0x01, 0x00, 0x00,
    0x20, 0x40, 0x00, 0x00, 0xe0, 0x09, 0x00, 0x00, 0x21, 0x40, 0x00, 0x00,
    0x00, 0x01, 0x00, 0x00, 0x22, 0x40, 0x00, 0x00, 0x60, 0x09, 0x00, 0x00,
    0x0d, 0x01, 0x0a, 0x00, 0x2f, 0x01, 0x01, 0x00, 0x02, 0x00, 0x00, 0x00,
    0x00, 0x40, 0x00, 0x00, 0xb0, 0x45, 0x02, 0x00, 0x10, 0x40, 0x00, 0x00,
    0x50, 0xfd, 0x01, 0x00, 0x2f, 0x01, 0x03, 0x00, 0x02, 0x00, 0x00, 0x00,
    0x00, 0x40, 0x00, 0x00, 0xd0, 0xee, 0x01, 0x00, 0x0b, 0x01, 0x02, 0x00,
    0x0c, 0x01, 0x02, 0x00, 0x01, 0x01, 0x04, 0x00, 0x02, 0x01, 0x04, 0x00,
    0x10, 0x40, 0x00, 0x00, 0xd0, 0x3a, 0x02, 0x00, 0x21, 0x01, 0x02, 0x00,
    0x20, 0x01, 0x08, 0x00, 0x20, 0x40, 0x00, 0x00, 0xf0, 0x04, 0x00, 0x00,
    0x21, 0x40, 0x00, 0x00, 0x90, 0x01, 0x00, 0x00, 0x22, 0x40, 0x00, 0x00,
    0x70, 0x04, 0x00, 0x00, 0x0d, 0x01, 0x12, 0x00, 0x03, 0x00, 0x00, 0x00,
    0x00, 0x40, 0x00, 0x00, 0x70, 0xf2, 0x01, 0x00, 0x02, 0x40, 0x00, 0x00,
    0xf0, 0xe3, 0x01, 0x00, 0x0b, 0x01, 0x01, 0x00, 0x0c, 0x01, 0x01, 0x00,
    0x10, 0x40, 0x00, 0x00, 0x70, 0x3e, 0x02, 0x00, 0x03, 0x00, 0x00, 0x00,
    0x00, 0x40, 0x00, 0x00, 0xd0, 0x3a, 0x02, 0x00, 0x02, 0x40, 0x00, 0x00,
    0x00, 0x00, 0x00, 0x00, 0x0b, 0x01, 0x00, 0x00, 0x0c, 0x01, 0x00, 0x00,
    0x01, 0x01, 0x00, 0x00, 0x02, 0x01, 0x00, 0x00, 0x10, 0x40, 0x00, 0x00,
    0xf0, 0x8c, 0x01, 0x00, 0x21, 0x01, 0x00, 0x00, 0x20, 0x01, 0x00, 0x00,
    0x20, 0x40, 0x00, 0x00, 0x00, 0x07, 0x00, 0x00, 0x21, 0x40, 0x00, 0x00,
    0x00, 0x01, 0x00, 0x00, 0x22, 0x40, 0x00, 0x00, 0x80, 0x06, 0x00, 0x00,
    0x0d, 0x01, 0x0a, 0x00, 0x2f, 0x01, 0x01, 0x00, 0x02, 0x00, 0x00, 0x00,
    0x00, 0x40, 0x00, 0x00, 0x70, 0x3e, 0x02, 0x00, 0x10, 0x40, 0x00, 0x00,
    0x90, 0x90, 0x01, 0x00, 0x2f, 0x01, 0x03, 0x00, 0x02, 0x00, 0x00, 0x00,
    0x00, 0x40, 0x00, 0x00, 0x10, 0xf6, 0x01, 0x00, 0x02, 0x40, 0x00, 0x00,
    0xf0, 0xe3, 0x01, 0x00, 0x01, 0x01, 0x04, 0x00, 0x02, 0x01, 0x04, 0x00,
    0x10, 0x40, 0x00, 0x00, 0xd0, 0x3a, 0x02, 0x00, 0x21, 0x01, 0x02, 0x00,
    0x20, 0x01, 0x08, 0x00, 0x20, 0x40, 0x00, 0x00, 0xf0, 0x04, 0x00, 0x00,
    0x21, 0x40, 0x00, 0x00, 0x90, 0x01, 0x00, 0x00, 0x22, 0x40, 0x00, 0x00,
    0x70, 0x04, 0x00, 0x00, 0x0d, 0x01, 0x12, 0x00, 0x03, 0x00, 0x00, 0x00,
    0x00, 0x40, 0x00, 0x00, 0xd0, 0xd1, 0x01, 0x00, 0x02, 0x40, 0x00, 0x00,
    0x00, 0x00, 0x00, 0x00, 0x0b, 0x01, 0x02, 0x00, 0x0c, 0x01, 0x02, 0x00,
    0x01, 0x01, 0x03, 0x00, 0x02, 0x01, 0x03, 0x00, 0x10, 0x40, 0x00, 0x00,
    0x90, 0x33, 0x02, 0x00, 0x20, 0x01, 0x06, 0x00, 0x20, 0x40, 0x00, 0x00,
    0xe0, 0x01, 0x00, 0x00, 0x21, 0x40, 0x00, 0x00, 0x30, 0x01, 0x00, 0x00,
    0x22, 0x40, 0x00, 0x00, 0x60, 0x01, 0x00, 0x00, 0x0d, 0x01, 0x0a, 0x00,
    0x03, 0x00, 0x00, 0x00, 0x00, 0x40, 0x00, 0x00, 0x70, 0xd5, 0x01, 0x00,
    0x10, 0x40, 0x00, 0x00, 0x30, 0x37, 0x02, 0x00, 0x03, 0x00, 0x00, 0x00,
    0x00, 0x40, 0x00, 0x00, 0x90, 0x33, 0x02, 0x00, 0x0b, 0x01, 0x00, 0x00,
    0x0c, 0x01, 0x00, 0x00, 0x01, 0x01, 0x00, 0x00, 0x02, 0x01, 0x00, 0x00,
    0x10, 0x40, 0x00, 0x00, 0x30, 0xeb, 0x01, 0x00, 0x21, 0x01, 0x00, 0x00,
    0x20, 0x01, 0x00, 0x00, 0x20, 0x40, 0x00, 0x00, 0x90, 0x03, 0x00, 0x00,
    0x21, 0x40, 0x00, 0x00, 0xe0, 0x00, 0x00, 0x00, 0x22, 0x40, 0x00, 0x00,
    0x10, 0x03, 0x00, 0x00, 0x2f, 0x01, 0x01, 0x00, 0x02, 0x00, 0x00, 0x00,
    0x00, 0x40, 0x00, 0x00, 0x30, 0x37, 0x02, 0x00, 0x10, 0x40, 0x00, 0x00,
    0xd0, 0xee, 0x01, 0x00, 0x2f, 0x01, 0x03, 0x00, 0x02, 0x00, 0x00, 0x00,
    0x00, 0x40, 0x00, 0x00, 0x10, 0xd9, 0x01, 0x00, 0x0b, 0x01, 0x02, 0x00,
    0x0c, 0x01, 0x02, 0x00, 0x01, 0x01, 0x03, 0x00, 0x02, 0x01, 0x03, 0x00,
    0x10, 0x40, 0x00, 0x00, 0x90, 0x33, 0x02, 0x00, 0x21, 0x01, 0x02, 0x00,
    0x20, 0x01, 0x06, 0x00, 0x20, 0x40, 0x00, 0x00, 0xe0, 0x01, 0x00, 0x00,
    0x21, 0x40, 0x00, 0x00, 0x30, 0x01, 0x00, 0x00, 0x22, 0x40, 0x00, 0x00,
    0x60, 0x01, 0x00, 0x00, 0x03, 0x00, 0x00, 0x00, 0x00, 0x40, 0x00, 0x00,
    0xf0, 0x82, 0x00, 0x00, 0x0b, 0x01, 0x01, 0x00, 0x0c, 0x01, 0x01, 0x00,
    0x0a, 0x01, 0x72, 0x00, 0x04, 0x01, 0x03, 0x00, 0x05, 0x40, 0x00, 0x00,
    0xcc, 0x01, 0x00, 0x00, 0x04, 0x40, 0x00, 0x00, 0x04, 0x00, 0x00, 0x00,
    0x06, 0x40, 0x00, 0x00, 0x01, 0x00, 0x00, 0x00, 0x09, 0x01, 0x00, 0x00,
    0x05, 0x01, 0x01, 0x00, 0x01, 0x01, 0x00, 0x00, 0x02, 0x01, 0x00, 0x00,
    0x10, 0x40, 0x00, 0x00, 0x30, 0x25, 0x02, 0x00, 0x11, 0x01, 0x72, 0x00,
    0x1a, 0x01, 0x72, 0x00, 0x13, 0x01, 0x03, 0x00, 0x15, 0x40, 0x00, 0x00,
    0x30, 0x07, 0x00, 0x00, 0x16, 0x40, 0x00, 0x00, 0x30, 0x07, 0x00, 0x00,
    0x18, 0x01, 0x00, 0x00, 0x14, 0x01, 0x41, 0x81, 0x21, 0x01, 0x01, 0x00,
    0x20, 0x01, 0x00, 0x00, 0x22, 0x01, 0x02, 0x00, 0x15, 0x01, 0x15, 0x00,
    0x17, 0x01, 0x07, 0x00, 0x05, 0x00, 0x01, 0x00, 0x00, 0x40, 0x00, 0x00,
    0x88, 0x86, 0x00, 0x00, 0x10, 0x40, 0x00, 0x00, 0x60, 0x2c, 0x02, 0x00,
    0x05, 0x00, 0x01, 0x00, 0x00, 0x40, 0x00, 0x00, 0x30, 0x25, 0x02, 0x00,
    0x0b, 0x01, 0x00, 0x00, 0x0c, 0x01, 0x00, 0x00, 0x05, 0x40, 0x00, 0x00,
    0x30, 0x07, 0x00, 0x00, 0x04, 0x40, 0x00, 0x00, 0x10, 0x00, 0x00, 0x00,
    0x06, 0x40, 0x00, 0x00, 0x30, 0x07, 0x00, 0x00, 0x05, 0x01, 0x41, 0x00,
    0x01, 0x01, 0x01, 0x00, 0x02, 0x01, 0x01, 0x00, 0x10, 0x40, 0x00, 0x00,
    0x30, 0xce, 0x01, 0x00, 0x11, 0x01, 0x39, 0x00, 0x1a, 0x01, 0x39, 0x00,
    0x13, 0x01, 0x0b, 0x00, 0x15, 0x40, 0x00, 0x00, 0xa0, 0x03, 0x00, 0x00,
    0x16, 0x40, 0x00, 0x00, 0xa0, 0x03, 0x00, 0x00, 0x18, 0x01, 0x80, 0xff,
    0x14, 0x01, 0x41, 0x00, 0x21, 0x01, 0x00, 0x00, 0x20, 0x01, 0x02, 0x00,
    0x22, 0x01, 0x05, 0x00, 0x20, 0x40, 0x00, 0x00, 0x80, 0x00, 0x00, 0x00,
    0x21, 0x40, 0x00, 0x00, 0xe0, 0x00, 0x00, 0x00, 0x22, 0x40, 0x00, 0x00,
    0x00, 0x00, 0x00, 0x00, 0x15, 0x01, 0x39, 0x00, 0x17, 0x01, 0x0f, 0x00,
    0x2f, 0x01, 0x01, 0x00, 0x02, 0x00, 0x00, 0x00, 0x00, 0x40, 0x00, 0x00,
    0x60, 0x2c, 0x02, 0x00, 0x10, 0x40, 0x00, 0x00, 0xd0, 0xd1, 0x01, 0x00,
    0x2f, 0x01, 0x03, 0x00, 0x02, 0x00, 0x00, 0x00, 0x00, 0x40, 0x00, 0x00,
    0x20, 0x8a, 0x00, 0x00, 0x0b, 0x01, 0x01, 0x00, 0x0c, 0x01, 0x01, 0x00,
    0x05, 0x40, 0x00, 0x00, 0xcc, 0x01, 0x00, 0x00, 0x04, 0x40, 0x00, 0x00,
    0x04, 0x00, 0x00, 0x00, 0x06, 0x40, 0x00, 0x00, 0x01, 0x00, 0x00, 0x00,
    0x05, 0x01, 0x01, 0x00, 0x01, 0x01, 0x00, 0x00, 0x02, 0x01, 0x00, 0x00,
    0x10, 0x40, 0x00, 0x00, 0x30, 0x25, 0x02, 0x00, 0x11, 0x01, 0x72, 0x00,
    0x1a, 0x01, 0x72, 0x00, 0x13, 0x01, 0x03, 0x00, 0x15, 0x40, 0x00, 0x00,
    0x30, 0x07, 0x00, 0x00, 0x16, 0x40, 0x00, 0x00, 0x30, 0x07, 0x00, 0x00,
    0x18, 0x01, 0x00, 0x00, 0x14, 0x01, 0x41, 0x81, 0x21, 0x01, 0x01, 0x00,
    0x20, 0x01, 0x00, 0x00, 0x22, 0x01, 0x02, 0x00, 0x15, 0x01, 0x15, 0x00,
    0x17, 0x01, 0x07, 0x00, 0x05, 0x00, 0x01, 0x00, 0x00, 0x40, 0x00, 0x00,
    0xb8, 0x8d, 0x00, 0x00, 0x10, 0x40, 0x00, 0x00, 0x60, 0x2c, 0x02, 0x00,
    0x05, 0x00, 0x01, 0x00, 0x00, 0x40, 0x00, 0x00, 0x30, 0x25, 0x02, 0x00,
    0x0b, 0x01, 0x00, 0x00, 0x0c, 0x01, 0x00, 0x00, 0x05, 0x40, 0x00, 0x00,
    0x30, 0x07, 0x00, 0x00, 0x04, 0x40, 0x00, 0x00, 0x10, 0x00, 0x00, 0x00,
    0x06, 0x40, 0x00, 0x00, 0x30, 0x07, 0x00, 0x00, 0x05, 0x01, 0x41, 0x00,
    0x01, 0x01, 0x01, 0x00, 0x02, 0x01, 0x01, 0x00, 0x10, 0x40, 0x00, 0x00,
    0x70, 0xd5, 0x01, 0x00, 0x11, 0x01, 0x39, 0x00, 0x1a, 0x01, 0x39, 0x00,
    0x13, 0x01, 0x0b, 0x00, 0x15, 0x40, 0x00, 0x00, 0xa0, 0x03, 0x00, 0x00,
    0x16, 0x40, 0x00, 0x00, 0xa0, 0x03, 0x00, 0x00, 0x18, 0x01, 0x80, 0xff,
    0x14, 0x01, 0x41, 0x00, 0x21, 0x01, 0x00, 0x00, 0x20, 0x01, 0x02, 0x00,
    0x22, 0x01, 0x05, 0x00, 0x15, 0x01, 0x39, 0x00, 0x17, 0x01, 0x0f, 0x00,
    0x2f, 0x01, 0x01, 0x00, 0x02, 0x00, 0x00, 0x00, 0x00, 0x40, 0x00, 0x00,
    0x60, 0x2c, 0x02, 0x00, 0x10, 0x40, 0x00, 0x00, 0x10, 0xd9, 0x01, 0x00,
    0x2f, 0x01, 0x03, 0x00, 0x02, 0x00, 0x00, 0x00, 0x00, 0x40, 0x00, 0x00,
    0xb0, 0xdc, 0x01, 0x00, 0x02, 0x40, 0x00, 0x00, 0x30, 0xce, 0x01, 0x00,
    0x0b, 0x01, 0x01, 0x00, 0x0c, 0x01, 0x01, 0x00, 0x0a, 0x01, 0x39, 0x00,
    0x04, 0x01, 0x0b, 0x00, 0x05, 0x40, 0x00, 0x00, 0xa0, 0x03, 0x00, 0x00,
    0x06, 0x40, 0x00, 0x00, 0xa0, 0x03, 0x00, 0x00, 0x09, 0x01, 0x80, 0xff,
    0x01, 0x01, 0x03, 0x00, 0x02, 0x01, 0x03, 0x00, 0x10, 0x40, 0x00, 0x00,
    0x30, 0x37, 0x02, 0x00, 0x21, 0x01, 0x02, 0x00, 0x20, 0x01, 0x06, 0x00,
    0x22, 0x01, 0x00, 0x00, 0x20, 0x40, 0x00, 0x00, 0xe0, 0x01, 0x00, 0x00,
    0x21, 0x40, 0x00, 0x00, 0x30, 0x01, 0x00, 0x00, 0x22, 0x40, 0x00, 0x00,
    0x60, 0x01, 0x00, 0x00, 0x2f, 0x01, 0x01, 0x00, 0x03, 0x00, 0x00, 0x00,
    0x00, 0x40, 0x00, 0x00, 0x90, 0x33, 0x02, 0x00, 0x02, 0x40, 0x00, 0x00,
    0x00, 0x00, 0x00, 0x00, 0x0b, 0x01, 0x00, 0x00, 0x0c, 0x01, 0x00, 0x00,
    0x01, 0x01, 0x00, 0x00, 0x02, 0x01, 0x00, 0x00, 0x10, 0x40, 0x00, 0x00,
    0x70, 0xf2, 0x01, 0x00, 0x21, 0x01, 0x00, 0x00, 0x20, 0x01, 0x00, 0x00,
    0x20, 0x40, 0x00, 0x00, 0x90, 0x03, 0x00, 0x00, 0x21, 0x40, 0x00, 0x00,
    0xe0, 0x00, 0x00, 0x00, 0x22, 0x40, 0x00, 0x00, 0x10, 0x03, 0x00, 0x00,
    0x02, 0x00, 0x00, 0x00, 0x00, 0x40, 0x00, 0x00, 0x30, 0x37, 0x02, 0x00,
    0x10, 0x40, 0x00, 0x00, 0x10, 0xf6, 0x01, 0x00, 0x2f, 0x01, 0x03, 0x00,
    0x02, 0x00, 0x00, 0x00, 0x00, 0x40, 0x00, 0x00, 0xf0, 0xe3, 0x01, 0x00,
    0x0b, 0x01, 0x02, 0x00, 0x0c, 0x01, 0x02, 0x00, 0x01, 0x01, 0x04, 0x00,
    0x02, 0x01, 0x04, 0x00, 0x10, 0x40, 0x00, 0x00, 0x70, 0x3e, 0x02, 0x00,
    0x21, 0x01, 0x02, 0x00, 0x20, 0x01, 0x08, 0x00, 0x20, 0x40, 0x00, 0x00,
    0xf0, 0x04, 0x00, 0x00, 0x21, 0x40, 0x00, 0x00, 0x90, 0x01, 0x00, 0x00,
    0x22, 0x40, 0x00, 0x00, 0x70, 0x04, 0x00, 0x00, 0x0d, 0x01, 0x12, 0x00,
    0x2f, 0x01, 0x01, 0x00, 0x03, 0x00, 0x00, 0x00, 0x00, 0x40, 0x00, 0x00,
    0xd0, 0x3a, 0x02, 0x00, 0x0b, 0x01, 0x00, 0x00, 0x0c, 0x01, 0x00, 0x00,
    0x01, 0x01, 0x00, 0x00, 0x02, 0x01, 0x00, 0x00, 0x10, 0x40, 0x00, 0x00,
    0x30, 0x94, 0x01, 0x00, 0x21, 0x01, 0x00, 0x00, 0x20, 0x01, 0x00, 0x00,
    0x20, 0x40, 0x00, 0x00, 0x00, 0x07, 0x00, 0x00, 0x21, 0x40, 0x00, 0x00,
    0x00, 0x01, 0x00, 0x00, 0x22, 0x40, 0x00, 0x00, 0x80, 0x06, 0x00, 0x00,
    0x0d, 0x01, 0x0a, 0x00, 0x02, 0x00, 0x00, 0x00, 0x00, 0x40, 0x00, 0x00,
    0x70, 0x3e, 0x02, 0x00, 0x10, 0x40, 0x00, 0x00, 0xd0, 0x97, 0x01, 0x00,
    0x2f, 0x01, 0x03, 0x00, 0x02, 0x00, 0x00, 0x00, 0x00, 0x40, 0x00, 0x00,
    0x90, 0xe7, 0x01, 0x00, 0x0b, 0x01, 0x02, 0x00, 0x0c, 0x01, 0x02, 0x00,
    0x01, 0x01, 0x04, 0x00, 0x02, 0x01, 0x04, 0x00, 0x10, 0x40, 0x00, 0x00,
    0xd0, 0x3a, 0x02, 0x00, 0x21, 0x01, 0x02, 0x00, 0x20, 0x01, 0x08, 0x00,
    0x20, 0x40, 0x00, 0x00, 0xf0, 0x04, 0x00, 0x00, 0x21, 0x40, 0x00, 0x00,
    0x90, 0x01, 0x00, 0x00, 0x22, 0x40, 0x00, 0x00, 0x70, 0x04, 0x00, 0x00,
    0x0d, 0x01, 0x12, 0x00, 0x03, 0x00, 0x00, 0x00, 0x00, 0x40, 0x00, 0x00,
    0x30, 0xeb, 0x01, 0x00, 0x10, 0x40, 0x00, 0x00, 0x70, 0x3e, 0x02, 0x00,
    0x03, 0x00, 0x00, 0x00, 0x00, 0x40, 0x00, 0x00, 0xd0, 0x3a, 0x02, 0x00,
    0x0b, 0x01, 0x00, 0x00, 0x0c, 0x01, 0x00, 0x00, 0x01, 0x01, 0x00, 0x00,
    0x02, 0x01, 0x00, 0x00, 0x10, 0x40, 0x00, 0x00, 0x70, 0x9b, 0x01, 0x00,
    0x21, 0x01, 0x00, 0x00, 0x20, 0x01, 0x00, 0x00, 0x20, 0x40, 0x00, 0x00,
    0x00, 0x07, 0x00, 0x00, 0x21, 0x40, 0x00, 0x00, 0x00, 0x01, 0x00, 0x00,
    0x22, 0x40, 0x00, 0x00, 0x80, 0x06, 0x00, 0x00, 0x0d, 0x01, 0x0a, 0x00,
    0x2f, 0x01, 0x01, 0x00, 0x02, 0x00, 0x00, 0x00, 0x00, 0x40, 0x00, 0x00,
    0x70, 0x3e, 0x02, 0x00, 0x10, 0x40, 0x00, 0x00, 0x10, 0x9f, 0x01, 0x00,
    0x2f, 0x01, 0x03, 0x00, 0x02, 0x00, 0x00, 0x00, 0x00, 0x40, 0x00, 0x00,
    0xb0, 0xa2, 0x01, 0x00, 0x02, 0x40, 0x00, 0x00, 0xb0, 0x85, 0x01, 0x00,
    0x0b, 0x01, 0x01, 0x00, 0x0c, 0x01, 0x01, 0x00, 0x01, 0x01, 0x01, 0x00,
    0x02, 0x01, 0x01, 0x00, 0x10, 0x40, 0x00, 0x00, 0x10, 0x42, 0x02, 0x00,
    0x21, 0x01, 0x04, 0x00, 0x20, 0x01, 0x02, 0x00, 0x20, 0x40, 0x00, 0x00,
    0x80, 0x08, 0x00, 0x00, 0x21, 0x40, 0x00, 0x00, 0xe0, 0x00, 0x00, 0x00,
    0x22, 0x40, 0x00, 0x00, 0x00, 0x08, 0x00, 0x00, 0x0d, 0x01, 0x12, 0x00,
    0x2f, 0x01, 0x01, 0x00, 0x03, 0x00, 0x00, 0x00, 0x00, 0x40, 0x00, 0x00,
    0x50, 0xa6, 0x01, 0x00, 0x0b, 0x01, 0x00, 0x00, 0x0c, 0x01, 0x00, 0x00,
    0x10, 0x40, 0x00, 0x00, 0xb0, 0x45, 0x02, 0x00, 0x2f, 0x01, 0x03, 0x00,
    0x03, 0x00, 0x00, 0x00, 0x00, 0x40, 0x00, 0x00, 0x10, 0x42, 0x02, 0x00,
    0x02, 0x40, 0x00, 0x00, 0x00, 0x00, 0x00, 0x00, 0x01, 0x01, 0x00, 0x00,
    0x02, 0x01, 0x00, 0x00, 0x10, 0x40, 0x00, 0x00, 0xf0, 0x00, 0x02, 0x00,
    0x21, 0x01, 0x00, 0x00, 0x20, 0x01, 0x00, 0x00, 0x20, 0x40, 0x00, 0x00,
    0xe0, 0x09, 0x00, 0x00, 0x21, 0x40, 0x00, 0x00, 0x00, 0x01, 0x00, 0x00,
    0x22, 0x40, 0x00, 0x00, 0x60, 0x09, 0x00, 0x00, 0x0d, 0x01, 0x0a, 0x00,
    0x2f, 0x01, 0x01, 0x00, 0x02, 0x00, 0x00, 0x00, 0x00, 0x40, 0x00, 0x00,
    0xb0, 0x45, 0x02, 0x00, 0x10, 0x40, 0x00, 0x00, 0x90, 0x04, 0x02, 0x00,
    0x2f, 0x01, 0x03, 0x00, 0x02, 0x00, 0x00, 0x00, 0x00, 0x40, 0x00, 0x00,
    0x30, 0x08, 0x02, 0x00, 0x02, 0x40, 0x00, 0x00, 0xb0, 0xf9, 0x01, 0x00,
    0x0b, 0x01, 0x01, 0x00, 0x0c, 0x01, 0x01, 0x00, 0x01, 0x01, 0x03, 0x00,
    0x02, 0x01, 0x03, 0x00, 0x10, 0x40, 0x00, 0x00, 0xf0, 0x4c, 0x02, 0x00,
    0x21, 0x01, 0x02, 0x00, 0x20, 0x01, 0x06, 0x00, 0x20, 0x40, 0x00, 0x00,
    0x60, 0x0b, 0x00, 0x00, 0x21, 0x40, 0x00, 0x00, 0x40, 0x01, 0x00, 0x00,
    0x22, 0x40, 0x00, 0x00, 0xe0, 0x0a, 0x00, 0x00, 0x2f, 0x01, 0x01, 0x00,
    0x03, 0x00, 0x00, 0x00, 0x00, 0x40, 0x00, 0x00, 0x50, 0x49, 0x02, 0x00,
    0x02, 0x40, 0x00, 0x00, 0x00, 0x00, 0x00, 0x00, 0x0b, 0x01, 0x00, 0x00,
    0x0c, 0x01, 0x00, 0x00, 0x01, 0x01, 0x00, 0x00, 0x02, 0x01, 0x00, 0x00,
    0x10, 0x40, 0x00, 0x00, 0xf0, 0x1d, 0x02, 0x00, 0x21, 0x01, 0x00, 0x00,
    0x20, 0x01, 0x00, 0x00, 0x20, 0x40, 0x00, 0x00, 0x20, 0x0d, 0x00, 0x00,
    0x21, 0x40, 0x00, 0x00, 0x00, 0x01, 0x00, 0x00, 0x22, 0x40, 0x00, 0x00,
    0xa0, 0x0c, 0x00, 0x00, 0x02, 0x00, 0x00, 0x00, 0x00, 0x40, 0x00, 0x00,
    0xf0, 0x4c, 0x02, 0x00, 0x10, 0x40, 0x00, 0x00, 0x90, 0x21, 0x02, 0x00,
    0x2f, 0x01, 0x03, 0x00, 0x02, 0x00, 0x00, 0x00, 0x00, 0x40, 0x00, 0x00,
    0x70, 0x0f, 0x02, 0x00, 0x0b, 0x01, 0x02, 0x00, 0x0c, 0x01, 0x02, 0x00,
    0x01, 0x01, 0x04, 0x00, 0x02, 0x01, 0x04, 0x00, 0x10, 0x40, 0x00, 0x00,
    0x30, 0x54, 0x02, 0x00, 0x21, 0x01, 0x02, 0x00, 0x20, 0x01, 0x08, 0x00,
    0x20, 0x40, 0x00, 0x00, 0xa0, 0x0e, 0x00, 0x00, 0x21, 0x40, 0x00, 0x00,
    0x80, 0x01, 0x00, 0x00, 0x22, 0x40, 0x00, 0x00, 0x20, 0x0e, 0x00, 0x00,
    0x0d, 0x01, 0x12, 0x00, 0x2f, 0x01, 0x01, 0x00, 0x03, 0x00, 0x00, 0x00,
    0x00, 0x40, 0x00, 0x00, 0x90, 0x50, 0x02, 0x00, 0x0b, 0x01, 0x00, 0x00,
    0x0c, 0x01, 0x00, 0x00, 0x01, 0x01, 0x00, 0x00, 0x02, 0x01, 0x00, 0x00,
    0x10, 0x40, 0x00, 0x00, 0x30, 0xb1, 0x01, 0x00, 0x21, 0x01, 0x00, 0x00,
    0x20, 0x01, 0x00, 0x00, 0x20, 0x40, 0x00, 0x00, 0xa0, 0x10, 0x00, 0x00,
    0x21, 0x40, 0x00, 0x00, 0xf0, 0x00, 0x00, 0x00, 0x22, 0x40, 0x00, 0x00,
    0x20, 0x10, 0x00, 0x00, 0x0d, 0x01, 0x0a, 0x00, 0x02, 0x00, 0x00, 0x00,
    0x00, 0x40, 0x00, 0x00, 0x30, 0x54, 0x02, 0x00, 0x10, 0x40, 0x00, 0x00,
    0xd0, 0xb4, 0x01, 0x00, 0x2f, 0x01, 0x03, 0x00, 0x02, 0x00, 0x00, 0x00,
    0x00, 0x40, 0x00, 0x00, 0x10, 0x13, 0x02, 0x00, 0x0b, 0x01, 0x02, 0x00,
    0x0c, 0x01, 0x02, 0x00, 0x01, 0x01, 0x04, 0x00, 0x02, 0x01, 0x04, 0x00,
    0x10, 0x40, 0x00, 0x00, 0x90, 0x50, 0x02, 0x00, 0x21, 0x01, 0x02, 0x00,
    0x20, 0x01, 0x08, 0x00, 0x20, 0x40, 0x00, 0x00, 0xa0, 0x0e, 0x00, 0x00,
    0x21, 0x40, 0x00, 0x00, 0x80, 0x01, 0x00, 0x00, 0x22, 0x40, 0x00, 0x00,
    0x20, 0x0e, 0x00, 0x00, 0x0d, 0x01, 0x12, 0x00, 0x03, 0x00, 0x00, 0x00,
    0x00, 0x40, 0x00, 0x00, 0xb0, 0x16, 0x02, 0x00, 0x10, 0x40, 0x00, 0x00,
    0x30, 0x54, 0x02, 0x00, 0x03, 0x00, 0x00, 0x00, 0x00, 0x40, 0x00, 0x00,
    0x90, 0x50, 0x02, 0x00, 0x0b, 0x01, 0x00, 0x00, 0x0c, 0x01, 0x00, 0x00,
    0x01, 0x01, 0x00, 0x00, 0x02, 0x01, 0x00, 0x00, 0x10, 0x40, 0x00, 0x00,
    0x70, 0xb8, 0x01, 0x00, 0x21, 0x01, 0x00, 0x00, 0x20, 0x01, 0x00, 0x00,
    0x20, 0x40, 0x00, 0x00, 0xa0, 0x10, 0x00, 0x00, 0x21, 0x40, 0x00, 0x00,
    0xf0, 0x00, 0x00, 0x00, 0x22, 0x40, 0x00, 0x00, 0x20, 0x10, 0x00, 0x00,
    0x0d, 0x01, 0x0a, 0x00, 0x2f, 0x01, 0x01, 0x00, 0x02, 0x00, 0x00, 0x00,
    0x00, 0x40, 0x00, 0x00, 0x30, 0x54, 0x02, 0x00, 0x10, 0x40, 0x00, 0x00,
    0x10, 0xbc, 0x01, 0x00, 0x2f, 0x01, 0x03, 0x00, 0x02, 0x00, 0x00, 0x00,
    0x00, 0x40, 0x00, 0x00, 0xb0, 0xbf, 0x01, 0x00, 0x02, 0x40, 0x00, 0x00,
    0xf0, 0xa9, 0x01, 0x00, 0x0b, 0x01, 0x03, 0x00, 0x0c, 0x01, 0x03, 0x00,
    0x01, 0x01, 0x01, 0x00, 0x02, 0x01, 0x01, 0x00, 0x10, 0x40, 0x00, 0x00,
    0xd0, 0x57, 0x02, 0x00, 0x21, 0x01, 0x04, 0x00, 0x20, 0x01, 0x02, 0x00,
    0x20, 0x40, 0x00, 0x00, 0x10, 0x12, 0x00, 0x00, 0x21, 0x40, 0x00, 0x00,
    0xe0, 0x00, 0x00, 0x00, 0x22, 0x40, 0x00, 0x00, 0x90, 0x11, 0x00, 0x00,
    0x0d, 0x01, 0x12, 0x00, 0x2f, 0x01, 0x01, 0x00, 0x03, 0x00, 0x00, 0x00,
    0x00, 0x40, 0x00, 0x00, 0x50, 0xc3, 0x01, 0x00, 0x0b, 0x01, 0x02, 0x00,
    0x0c, 0x01, 0x02, 0x00, 0x10, 0x40, 0x00, 0x00, 0x70, 0x5b, 0x02, 0x00,
    0x2f, 0x01, 0x03, 0x00, 0x03, 0x00, 0x00, 0x00, 0x00, 0x40, 0x00, 0x00,
    0xd0, 0x57, 0x02, 0x00, 0x02, 0x40, 0x00, 0x00, 0x00, 0x00, 0x00, 0x00,
    0x0b, 0x01, 0x00, 0x00, 0x0c, 0x01, 0x00, 0x00, 0x01, 0x01, 0x00, 0x00,
    0x02, 0x01, 0x00, 0x00, 0x10, 0x40, 0x00, 0x00, 0x10, 0x5f, 0x02, 0x00,
    0x21, 0x01, 0x00, 0x00, 0x20, 0x01, 0x00, 0x00, 0x20, 0x40, 0x00, 0x00,
    0x70, 0x13, 0x00, 0x00, 0x21, 0x40, 0x00, 0x00, 0x00, 0x01, 0x00, 0x00,
    0x22, 0x40, 0x00, 0x00, 0xf0, 0x12, 0x00, 0x00, 0x0d, 0x01, 0x0a, 0x00,
    0x2f, 0x01, 0x01, 0x00, 0x02, 0x00, 0x00, 0x00, 0x00, 0x40, 0x00, 0x00,
    0x70, 0x5b, 0x02, 0x00, 0x10, 0x40, 0x00, 0x00, 0xb0, 0x62, 0x02, 0x00,
    0x2f, 0x01, 0x03, 0x00, 0x02, 0x00, 0x00, 0x00, 0x00, 0x40, 0x00, 0x00,
    0x10, 0x5f, 0x02, 0x00, 0x10, 0x40, 0x00, 0x00, 0xd0, 0x01, 0x00, 0x00,
    0x13, 0x01, 0x00, 0x00, 0x15, 0x40, 0x00, 0x00, 0x3a, 0x00, 0x00, 0x00,
    0x14, 0x40, 0x00, 0x00, 0x01, 0x00, 0x00, 0x00, 0x16, 0x40, 0x00, 0x00,
    0x01, 0x00, 0x00, 0x00, 0x18, 0x01, 0x75, 0x00, 0x14, 0x01, 0x01, 0x00,
    0x20, 0x40, 0x00, 0x00, 0x80, 0x14, 0x00, 0x00, 0x21, 0x40, 0x00, 0x00,
    0x40, 0x00, 0x00, 0x00, 0x22, 0x40, 0x00, 0x00, 0x70, 0x14, 0x00, 0x00,
    0x23, 0x40, 0x00, 0x00, 0x10, 0x00, 0x00, 0x00, 0x17, 0x01, 0x07, 0x00,
    0x2f, 0x01, 0x01, 0x00, 0x02, 0x00, 0x00, 0x00, 0x00, 0x40, 0x00, 0x00,
    0xb0, 0x62, 0x02, 0x00, 0x10, 0x40, 0x00, 0x00, 0x0a, 0x02, 0x00, 0x00,
    0x2f, 0x01, 0x03, 0x00, 0x02, 0x00, 0x00, 0x00, 0x00, 0x40, 0x00, 0x00,
    0xf0, 0xc6, 0x01, 0x00, 0x02, 0x40, 0x00, 0x00, 0xf0, 0xa9, 0x01, 0x00,
    0x0b, 0x01, 0x01, 0x00, 0x0c, 0x01, 0x01, 0x00, 0x01, 0x01, 0x01, 0x00,
    0x02, 0x01, 0x01, 0x00, 0x10, 0x40, 0x00, 0x00, 0xd0, 0x57, 0x02, 0x00,
    0x13, 0x01, 0x0b, 0x00, 0x15, 0x40, 0x00, 0x00, 0xa0, 0x03, 0x00, 0x00,
    0x14, 0x40, 0x00, 0x00, 0x10, 0x00, 0x00, 0x00, 0x16, 0x40, 0x00, 0x00,
    0xa0, 0x03, 0x00, 0x00, 0x18, 0x01, 0x80, 0xff, 0x14, 0x01, 0x41, 0x00,
    0x21, 0x01, 0x04, 0x00, 0x20, 0x01, 0x02, 0x00, 0x20, 0x40, 0x00, 0x00,
    0x10, 0x12, 0x00, 0x00, 0x21, 0x40, 0x00, 0x00, 0xe0, 0x00, 0x00, 0x00,
    0x22, 0x40, 0x00, 0x00, 0x90, 0x11, 0x00, 0x00, 0x23, 0x40, 0x00, 0x00,
    0x80, 0x00, 0x00, 0x00, 0x17, 0x01, 0x0f, 0x00, 0x0d, 0x01, 0x12, 0x00,
    0x03, 0x00, 0x00, 0x00, 0x00, 0x40, 0x00, 0x00, 0x90, 0xca, 0x01, 0x00,
    0x0b, 0x01, 0x00, 0x00, 0x0c, 0x01, 0x00, 0x00, 0x10, 0x40, 0x00, 0x00,
    0x70, 0x5b, 0x02, 0x00, 0x03, 0x00, 0x00, 0x00, 0x00, 0x40, 0x00, 0x00,
    0xd0, 0x57, 0x02, 0x00, 0x02, 0x40, 0x00, 0x00, 0x00, 0x00, 0x00, 0x00,
    0x01, 0x01, 0x00, 0x00, 0x02, 0x01, 0x00, 0x00, 0x10, 0x40, 0x00, 0x00,
    0x10, 0x5f, 0x02, 0x00, 0x21, 0x01, 0x00, 0x00, 0x20, 0x01, 0x00, 0x00,
    0x20, 0x40, 0x00, 0x00, 0x70, 0x13, 0x00, 0x00, 0x21, 0x40, 0x00, 0x00,
    0x00, 0x01, 0x00, 0x00, 0x22, 0x40, 0x00, 0x00, 0xf0, 0x12, 0x00, 0x00,
    0x0d, 0x01, 0x0a, 0x00, 0x2f, 0x01, 0x01, 0x00, 0x02, 0x00, 0x00, 0x00,
    0x00, 0x40, 0x00, 0x00, 0x70, 0x5b, 0x02, 0x00, 0x10, 0x40, 0x00, 0x00,
    0xb0, 0x62, 0x02, 0x00, 0x2f, 0x01, 0x03, 0x00, 0x02, 0x00, 0x00, 0x00,
    0x00, 0x40, 0x00, 0x00, 0x10, 0x5f, 0x02, 0x00, 0x10, 0x40, 0x00, 0x00,
    0x44, 0x02, 0x00, 0x00, 0x13, 0x01, 0x00, 0x00, 0x15, 0x40, 0x00, 0x00,
    0x3a, 0x00, 0x00, 0x00, 0x14, 0x40, 0x00, 0x00, 0x01, 0x00, 0x00, 0x00,
    0x16, 0x40, 0x00, 0x00, 0x01, 0x00, 0x00, 0x00, 0x18, 0x01, 0x75, 0x00,
    0x14, 0x01, 0x01, 0x00, 0x20, 0x40, 0x00, 0x00, 0x80, 0x14, 0x00, 0x00,
    0x21, 0x40, 0x00, 0x00, 0x40, 0x00, 0x00, 0x00, 0x22, 0x40, 0x00, 0x00,
    0x70, 0x14, 0x00, 0x00, 0x23, 0x40, 0x00, 0x00, 0x10, 0x00, 0x00, 0x00,
    0x17, 0x01, 0x07, 0x00, 0x2f, 0x01, 0x01, 0x00, 0x02, 0x00, 0x00, 0x00,
    0x00, 0x40, 0x00, 0x00, 0xb0, 0x62, 0x02, 0x00, 0x10, 0x40, 0x00, 0x00,
    0x7e, 0x02, 0x00, 0x00, 0x2f, 0x01, 0x03, 0x00, 0x02, 0x00, 0x00, 0x00,
    0x00, 0x40, 0x00, 0x00, 0xf0, 0xa9, 0x01, 0x00, 0x0b, 0x01, 0x04, 0x00,
    0x0c, 0x01, 0x04, 0x00, 0x01, 0x01, 0x01, 0x00, 0x02, 0x01, 0x01, 0x00,
    0x10, 0x40, 0x00, 0x00, 0xd0, 0x57, 0x02, 0x00, 0x13, 0x01, 0x0b, 0x00,
    0x15, 0x40, 0x00, 0x00, 0xa0, 0x03, 0x00, 0x00, 0x14, 0x40, 0x00, 0x00,
    0x10, 0x00, 0x00, 0x00, 0x16, 0x40, 0x00, 0x00, 0xa0, 0x03, 0x00, 0x00,
    0x18, 0x01, 0x80, 0xff, 0x14, 0x01, 0x41, 0x00, 0x21, 0x01, 0x04, 0x00,
    0x20, 0x01, 0x02, 0x00, 0x20, 0x40, 0x00, 0x00, 0x10, 0x12, 0x00, 0x00,
    0x21, 0x40, 0x00, 0x00, 0xe0, 0x00, 0x00, 0x00, 0x22, 0x40, 0x00, 0x00,
    0x90, 0x11, 0x00, 0x00, 0x23, 0x40, 0x00, 0x00, 0x80, 0x00, 0x00, 0x00,
    0x17, 0x01, 0x0f, 0x00, 0x0d, 0x01, 0x12, 0x00, 0x03, 0x00, 0x00, 0x00,
    0x00, 0x40, 0x00, 0x00, 0x90, 0xad, 0x01, 0x00, 0x10, 0x40, 0x00, 0x00,
    0x70, 0x5b, 0x02, 0x00, 0x03, 0x00, 0x00, 0x00, 0x00, 0x40, 0x00, 0x00,
    0xd0, 0x57, 0x02, 0x00, 0x0b, 0x01, 0x00, 0x00, 0x0c, 0x01, 0x00, 0x00,
    0x01, 0x01, 0x00, 0x00, 0x02, 0x01, 0x00, 0x00, 0x10, 0x40, 0x00, 0x00,
    0x10, 0x5f, 0x02, 0x00, 0x21, 0x01, 0x00, 0x00, 0x20, 0x01, 0x00, 0x00,
    0x20, 0x40, 0x00, 0x00, 0x70, 0x13, 0x00, 0x00, 0x21, 0x40, 0x00, 0x00,
    0x00, 0x01, 0x00, 0x00, 0x22, 0x40, 0x00, 0x00, 0xf0, 0x12, 0x00, 0x00,
    0x0d, 0x01, 0x0a, 0x00, 0x2f, 0x01, 0x01, 0x00, 0x02, 0x00, 0x00, 0x00,
    0x00, 0x40, 0x00, 0x00, 0x70, 0x5b, 0x02, 0x00, 0x10, 0x40, 0x00, 0x00,
    0xb0, 0x62, 0x02, 0x00, 0x2f, 0x01, 0x03, 0x00, 0x02, 0x00, 0x00, 0x00,
    0x00, 0x40, 0x00, 0x00, 0x10, 0x5f, 0x02, 0x00, 0x10, 0x40, 0x00, 0x00,
    0xb8, 0x02, 0x00, 0x00, 0x13, 0x01, 0x00, 0x00, 0x15, 0x40, 0x00, 0x00,
    0x3a, 0x00, 0x00, 0x00, 0x14, 0x40, 0x00, 0x00, 0x01, 0x00, 0x00, 0x00,
    0x16, 0x40, 0x00, 0x00, 0x01, 0x00, 0x00, 0x00, 0x18, 0x01, 0x75, 0x00,
    0x14, 0x01, 0x01, 0x00, 0x20, 0x40, 0x00, 0x00, 0x80, 0x14, 0x00, 0x00,
    0x21, 0x40, 0x00, 0x00, 0x40, 0x00, 0x00, 0x00, 0x22, 0x40, 0x00, 0x00,
    0x70, 0x14, 0x00, 0x00, 0x23, 0x40, 0x00, 0x00, 0x10, 0x00, 0x00, 0x00,
    0x17, 0x01, 0x07, 0x00, 0x2f, 0x01, 0x01, 0x00, 0x02, 0x00, 0x00, 0x00,
    0x00, 0x40, 0x00, 0x00, 0xb0, 0x62, 0x02, 0x00, 0x10, 0x40, 0x00, 0x00,
    0xf2, 0x02, 0x00, 0x00, 0x2f, 0x01, 0x03, 0x00, 0x02, 0x00, 0x00, 0x00,
    0x00, 0x40, 0x00, 0x00, 0x50, 0x1a, 0x02, 0x00, 0x0b, 0x01, 0x02, 0x00,
    0x0c, 0x01, 0x02, 0x00, 0x01, 0x01, 0x04, 0x00, 0x02, 0x01, 0x04, 0x00,
    0x10, 0x40, 0x00, 0x00, 0x90, 0x50, 0x02, 0x00, 0x13, 0x01, 0x0b, 0x00,
    0x15, 0x40, 0x00, 0x00, 0xa0, 0x03, 0x00, 0x00, 0x14, 0x40, 0x00, 0x00,
    0x10, 0x00, 0x00, 0x00, 0x16, 0x40, 0x00, 0x00, 0xa0, 0x03, 0x00, 0x00,
    0x18, 0x01, 0x80, 0xff, 0x14, 0x01, 0x41, 0x00, 0x21, 0x01, 0x02, 0x00,
    0x20, 0x01, 0x08, 0x00, 0x20, 0x40, 0x00, 0x00, 0xa0, 0x0e, 0x00, 0x00,
    0x21, 0x40, 0x00, 0x00, 0x80, 0x01, 0x00, 0x00, 0x22, 0x40, 0x00, 0x00,
    0x20, 0x0e, 0x00, 0x00, 0x23, 0x40, 0x00, 0x00, 0x80, 0x00, 0x00, 0x00,
    0x17, 0x01, 0x0f, 0x00, 0x0d, 0x01, 0x12, 0x00, 0x03, 0x00, 0x00, 0x00,
    0x00, 0x40, 0x00, 0x00, 0xd0, 0x0b, 0x02, 0x00, 0x02, 0x40, 0x00, 0x00,
    0xb0, 0xf9, 0x01, 0x00, 0x0b, 0x01, 0x00, 0x00, 0x0c, 0x01, 0x00, 0x00,
    0x01, 0x01, 0x03, 0x00, 0x02, 0x01, 0x03, 0x00, 0x10, 0x40, 0x00, 0x00,
    0x50, 0x49, 0x02, 0x00, 0x20, 0x01, 0x06, 0x00, 0x20, 0x40, 0x00, 0x00,
    0x60, 0x0b, 0x00, 0x00, 0x21, 0x40, 0x00, 0x00, 0x40, 0x01, 0x00, 0x00,
    0x22, 0x40, 0x00, 0x00, 0xe0, 0x0a, 0x00, 0x00, 0x0d, 0x01, 0x0a, 0x00,
    0x03, 0x00, 0x00, 0x00, 0x00, 0x40, 0x00, 0x00, 0xb0, 0xf9, 0x01, 0x00,
    0x02, 0x40, 0x00, 0x00, 0x00, 0x00, 0x00, 0x00, 0x0b, 0x01, 0x02, 0x00,
    0x0c, 0x01, 0x02, 0x00, 0x10, 0x40, 0x00, 0x00, 0xf0, 0x4c, 0x02, 0x00,
    0x03, 0x00, 0x00, 0x00, 0x00, 0x40, 0x00, 0x00, 0x50, 0x49, 0x02, 0x00,
    0x0b, 0x01, 0x00, 0x00, 0x0c, 0x01, 0x00, 0x00, 0x01, 0x01, 0x00, 0x00,
    0x02, 0x01, 0x00, 0x00, 0x10, 0x40, 0x00, 0x00, 0x70, 0x0f, 0x02, 0x00,
    0x21, 0x01, 0x00, 0x00, 0x20, 0x01, 0x00, 0x00, 0x20, 0x40, 0x00, 0x00,
    0x20, 0x0d, 0x00, 0x00, 0x21, 0x40, 0x00, 0x00, 0x00, 0x01, 0x00, 0x00,
    0x22, 0x40, 0x00, 0x00, 0xa0, 0x0c, 0x00, 0x00, 0x2f, 0x01, 0x01, 0x00,
    0x02, 0x00, 0x00, 0x00, 0x00, 0x40, 0x00, 0x00, 0xf0, 0x4c, 0x02, 0x00,
    0x10, 0x40, 0x00, 0x00, 0x10, 0x13, 0x02, 0x00, 0x2f, 0x01, 0x03, 0x00,
    0x02, 0x00, 0x00, 0x00, 0x00, 0x40, 0x00, 0x00, 0x50, 0xfd, 0x01, 0x00,
    0x0b, 0x01, 0x02, 0x00, 0x0c, 0x01, 0x02, 0x00, 0x01, 0x01, 0x03, 0x00,
    0x02, 0x01, 0x03, 0x00, 0x10, 0x40, 0x00, 0x00, 0x50, 0x49, 0x02, 0x00,
    0x21, 0x01, 0x02, 0x00, 0x20, 0x01, 0x06, 0x00, 0x20, 0x40, 0x00, 0x00,
    0x60, 0x0b, 0x00, 0x00, 0x21, 0x40, 0x00, 0x00, 0x40, 0x01, 0x00, 0x00,
    0x22, 0x40, 0x00, 0x00, 0xe0, 0x0a, 0x00, 0x00, 0x03, 0x00, 0x00, 0x00,
    0x00, 0x40, 0x00, 0x00, 0xb0, 0x85, 0x01, 0x00, 0x0b, 0x01, 0x04, 0x00,
    0x0c, 0x01, 0x04, 0x00, 0x01, 0x01, 0x01, 0x00, 0x02, 0x01, 0x01, 0x00,
    0x10, 0x40, 0x00, 0x00, 0x10, 0x42, 0x02, 0x00, 0x21, 0x01, 0x04, 0x00,
    0x20, 0x01, 0x02, 0x00, 0x20, 0x40, 0x00, 0x00, 0x80, 0x08, 0x00, 0x00,
    0x21, 0x40, 0x00, 0x00, 0xe0, 0x00, 0x00, 0x00, 0x22, 0x40, 0x00, 0x00,
    0x00, 0x08, 0x00, 0x00, 0x0d, 0x01, 0x12, 0x00, 0x03, 0x00, 0x00, 0x00,
    0x00, 0x40, 0x00, 0x00, 0x50, 0x89, 0x01, 0x00, 0x10, 0x40, 0x00, 0x00,
    0xb0, 0x45, 0x02, 0x00, 0x03, 0x00, 0x00, 0x00, 0x00, 0x40, 0x00, 0x00,
    0x10, 0x42, 0x02, 0x00, 0x0b, 0x01, 0x00, 0x00, 0x0c, 0x01, 0x00, 0x00,
    0x01, 0x01, 0x00, 0x00, 0x02, 0x01, 0x00, 0x00, 0x10, 0x40, 0x00, 0x00,
    0x30, 0x08, 0x02, 0x00, 0x21, 0x01, 0x00, 0x00, 0x20, 0x01, 0x00, 0x00,
    0x20, 0x40, 0x00, 0x00, 0xe0, 0x09, 0x00, 0x00, 0x21, 0x40, 0x00, 0x00,
    0x00, 0x01, 0x00, 0x00, 0x22, 0x40, 0x00, 0x00, 0x60, 0x09, 0x00, 0x00,
    0x0d, 0x01, 0x0a, 0x00, 0x2f, 0x01, 0x01, 0x00, 0x02, 0x00, 0x00, 0x00,
    0x00, 0x40, 0x00, 0x00, 0xb0, 0x45, 0x02, 0x00, 0x10, 0x40, 0x00, 0x00,
    0xd0, 0x0b, 0x02, 0x00, 0x2f, 0x01, 0x03, 0x00, 0x02, 0x00, 0x00, 0x00,
    0x00, 0x40, 0x00, 0x00, 0xf0, 0x8c, 0x01, 0x00, 0x0b, 0x01, 0x04, 0x00,
    0x0c, 0x01, 0x04, 0x00, 0x01, 0x01, 0x01, 0x00, 0x02, 0x01, 0x01, 0x00,
    0x10, 0x40, 0x00, 0x00, 0x10, 0x42, 0x02, 0x00, 0x21, 0x01, 0x04, 0x00,
    0x20, 0x01, 0x02, 0x00, 0x20, 0x40, 0x00, 0x00, 0x80, 0x08, 0x00, 0x00,
    0x21, 0x40, 0x00, 0x00, 0xe0, 0x00, 0x00, 0x00, 0x22, 0x40, 0x00, 0x00,
    0x00, 0x08, 0x00, 0x00, 0x0d, 0x01, 0x12, 0x00, 0x03, 0x00, 0x00, 0x00,
    0x00, 0x40, 0x00, 0x00, 0x90, 0x90, 0x01, 0x00, 0x10, 0x40, 0x00, 0x00,
    0xb0, 0x45, 0x02, 0x00, 0x03, 0x00, 0x00, 0x00, 0x00, 0x40, 0x00, 0x00,
    0x10, 0x42, 0x02, 0x00, 0x0b, 0x01, 0x00, 0x00, 0x0c, 0x01, 0x00, 0x00,
    0x01, 0x01, 0x00, 0x00, 0x02, 0x01, 0x00, 0x00, 0x10, 0x40, 0x00, 0x00,
    0xb0, 0xf9, 0x01, 0x00, 0x21, 0x01, 0x00, 0x00, 0x20, 0x01, 0x00, 0x00,
    0x20, 0x40, 0x00, 0x00, 0xe0, 0x09, 0x00, 0x00, 0x21, 0x40, 0x00, 0x00,
    0x00, 0x01, 0x00, 0x00, 0x22, 0x40, 0x00, 0x00, 0x60, 0x09, 0x00, 0x00,
    0x0d, 0x01, 0x0a, 0x00, 0x2f, 0x01, 0x01, 0x00, 0x02, 0x00, 0x00, 0x00,
    0x00, 0x40, 0x00, 0x00, 0xb0, 0x45, 0x02, 0x00, 0x10, 0x40, 0x00, 0x00,
    0x50, 0xfd, 0x01, 0x00, 0x2f, 0x01, 0x03, 0x00, 0x02, 0x00, 0x00, 0x00,
    0x00, 0x40, 0x00, 0x00, 0xf0, 0x00, 0x02, 0x00, 0x0b, 0x01, 0x02, 0x00,
    0x0c, 0x01, 0x02, 0x00, 0x01, 0x01, 0x03, 0x00, 0x02, 0x01, 0x03, 0x00,
    0x10, 0x40, 0x00, 0x00, 0xf0, 0x4c, 0x02, 0x00, 0x21, 0x01, 0x02, 0x00,
    0x20, 0x01, 0x06, 0x00, 0x20, 0x40, 0x00, 0x00, 0x60, 0x0b, 0x00, 0x00,
    0x21, 0x40, 0x00, 0x00, 0x40, 0x01, 0x00, 0x00, 0x22, 0x40, 0x00, 0x00,
    0xe0, 0x0a, 0x00, 0x00, 0x2f, 0x01, 0x01, 0x00, 0x03, 0x00, 0x00, 0x00,
    0x00, 0x40, 0x00, 0x00, 0x50, 0x49, 0x02, 0x00, 0x0b, 0x01, 0x00, 0x00,
    0x0c, 0x01, 0x00, 0x00, 0x01, 0x01, 0x00, 0x00, 0x02, 0x01, 0x00, 0x00,
    0x10, 0x40, 0x00, 0x00, 0xb0, 0x16, 0x02, 0x00, 0x21, 0x01, 0x00, 0x00,
    0x20, 0x01, 0x00, 0x00, 0x20, 0x40, 0x00, 0x00, 0x20, 0x0d, 0x00, 0x00,
    0x21, 0x40, 0x00, 0x00, 0x00, 0x01, 0x00, 0x00, 0x22, 0x40, 0x00, 0x00,
    0xa0, 0x0c, 0x00, 0x00, 0x02, 0x00, 0x00, 0x00, 0x00, 0x40, 0x00, 0x00,
    0xf0, 0x4c, 0x02, 0x00, 0x10, 0x40, 0x00, 0x00, 0x50, 0x1a, 0x02, 0x00,
    0x2f, 0x01, 0x03, 0x00, 0x02, 0x00, 0x00, 0x00, 0x00, 0x40, 0x00, 0x00,
    0xf0, 0x1d, 0x02, 0x00, 0x02, 0x40, 0x00, 0x00, 0x70, 0x0f, 0x02, 0x00,
    0x0b, 0x01, 0x01, 0x00, 0x0c, 0x01, 0x01, 0x00, 0x01, 0x01, 0x04, 0x00,
    0x02, 0x01, 0x04, 0x00, 0x10, 0x40, 0x00, 0x00, 0x30, 0x54, 0x02, 0x00,
    0x21, 0x01, 0x02, 0x00, 0x20, 0x01, 0x08, 0x00, 0x20, 0x40, 0x00, 0x00,
    0xa0, 0x0e, 0x00, 0x00, 0x21, 0x40, 0x00, 0x00, 0x80, 0x01, 0x00, 0x00,
    0x22, 0x40, 0x00, 0x00, 0x20, 0x0e, 0x00, 0x00, 0x0d, 0x01, 0x12, 0x00,
    0x2f, 0x01, 0x01, 0x00, 0x03, 0x00, 0x00, 0x00, 0x00, 0x40, 0x00, 0x00,
    0x90, 0x50, 0x02, 0x00, 0x02, 0x40, 0x00, 0x00, 0x00, 0x00, 0x00, 0x00,
    0x0b, 0x01, 0x00, 0x00, 0x0c, 0x01, 0x00, 0x00, 0x01, 0x01, 0x00, 0x00,
    0x02, 0x01, 0x00, 0x00, 0x10, 0x40, 0x00, 0x00, 0xb0, 0xbf, 0x01, 0x00,
    0x21, 0x01, 0x00, 0x00, 0x20, 0x01, 0x00, 0x00, 0x20, 0x40, 0x00, 0x00,
    0xa0, 0x10, 0x00, 0x00, 0x21, 0x40, 0x00, 0x00, 0xf0, 0x00, 0x00, 0x00,
    0x22, 0x40, 0x00, 0x00, 0x20, 0x10, 0x00, 0x00, 0x0d, 0x01, 0x0a, 0x00,
    0x02, 0x00, 0x00, 0x00, 0x00, 0x40, 0x00, 0x00, 0x30, 0x54, 0x02, 0x00,
    0x10, 0x40, 0x00, 0x00, 0x50, 0xc3, 0x01, 0x00, 0x2f, 0x01, 0x03, 0x00,
    0x02, 0x00, 0x00, 0x00, 0x00, 0x40, 0x00, 0x00, 0x90, 0x21, 0x02, 0x00,
    0x02, 0x40, 0x00, 0x00, 0x70, 0x0f, 0x02, 0x00, 0x01, 0x01, 0x04, 0x00,
    0x02, 0x01, 0x04, 0x00, 0x10, 0x40, 0x00, 0x00, 0x90, 0x50, 0x02, 0x00,
    0x21, 0x01, 0x02, 0x00, 0x20, 0x01, 0x08, 0x00, 0x20, 0x40, 0x00, 0x00,
    0xa0, 0x0e, 0x00, 0x00, 0x21, 0x40, 0x00, 0x00, 0x80, 0x01, 0x00, 0x00,
    0x22, 0x40, 0x00, 0x00, 0x20, 0x0e, 0x00, 0x00, 0x0d, 0x01, 0x12, 0x00,
    0x03, 0x00, 0x00, 0x00, 0x00, 0x40, 0x00, 0x00, 0x70, 0x0f, 0x02, 0x00,
    0x02, 0x40, 0x00, 0x00, 0x00, 0x00, 0x00, 0x00, 0x0b, 0x01, 0x02, 0x00,
    0x0c, 0x01, 0x02, 0x00, 0x10, 0x40, 0x00, 0x00, 0x30, 0x54, 0x02, 0x00,
    0x03, 0x00, 0x00, 0x00, 0x00, 0x40, 0x00, 0x00, 0x90, 0x50, 0x02, 0x00,
    0x0b, 0x01, 0x00, 0x00, 0x0c, 0x01, 0x00, 0x00, 0x01, 0x01, 0x00, 0x00,
    0x02, 0x01, 0x00, 0x00, 0x10, 0x40, 0x00, 0x00, 0xf0, 0xc6, 0x01, 0x00,
    0x21, 0x01, 0x00, 0x00, 0x20, 0x01, 0x00, 0x00, 0x20, 0x40, 0x00, 0x00,
    0xa0, 0x10, 0x00, 0x00, 0x21, 0x40, 0x00, 0x00, 0xf0, 0x00, 0x00, 0x00,
    0x22, 0x40, 0x00, 0x00, 0x20, 0x10, 0x00, 0x00, 0x0d, 0x01, 0x0a, 0x00,
    0x2f, 0x01, 0x01, 0x00, 0x02, 0x00, 0x00, 0x00, 0x00, 0x40, 0x00, 0x00,
    0x30, 0x54, 0x02, 0x00, 0x10, 0x40, 0x00, 0x00, 0x90, 0xca, 0x01, 0x00,
    0x2f, 0x01, 0x03, 0x00, 0x02, 0x00, 0x00, 0x00, 0x00, 0x40, 0x00, 0x00,
    0x10, 0x13, 0x02, 0x00, 0x0b, 0x01, 0x02, 0x00, 0x0c, 0x01, 0x02, 0x00,
    0x01, 0x01, 0x04, 0x00, 0x02, 0x01, 0x04, 0x00, 0x10, 0x40, 0x00, 0x00,
    0x90, 0x50, 0x02, 0x00, 0x21, 0x01, 0x02, 0x00, 0x20, 0x01, 0x08, 0x00,
    0x20, 0x40, 0x00, 0x00, 0xa0, 0x0e, 0x00, 0x00, 0x21, 0x40, 0x00, 0x00,
    0x80, 0x01, 0x00, 0x00, 0x22, 0x40, 0x00, 0x00, 0x20, 0x0e, 0x00, 0x00,
    0x0d, 0x01, 0x12, 0x00, 0x03, 0x00, 0x00, 0x00, 0x00, 0x40, 0x00, 0x00,
    0x90, 0x04, 0x02, 0x00, 0x01, 0x01, 0x03, 0x00, 0x02, 0x01, 0x03, 0x00,
    0x10, 0x40, 0x00, 0x00, 0x50, 0x49, 0x02, 0x00, 0x20, 0x01, 0x06, 0x00,
    0x20, 0x40, 0x00, 0x00, 0x60, 0x0b, 0x00, 0x00, 0x21, 0x40, 0x00, 0x00,
    0x40, 0x01, 0x00, 0x00, 0x22, 0x40, 0x00, 0x00, 0xe0, 0x0a, 0x00, 0x00,
    0x0d, 0x01, 0x0a, 0x00, 0x03, 0x00, 0x00, 0x00, 0x00, 0x40, 0x00, 0x00,
    0x30, 0x08, 0x02, 0x00, 0x02, 0x40, 0x00, 0x00, 0xb0, 0xf9, 0x01, 0x00,
    0x0b, 0x01, 0x01, 0x00, 0x0c, 0x01, 0x01, 0x00, 0x10, 0x40, 0x00, 0x00,
    0xf0, 0x4c, 0x02, 0x00, 0x03, 0x00, 0x00, 0x00, 0x00, 0x40, 0x00, 0x00,
    0x50, 0x49, 0x02, 0x00, 0x02, 0x40, 0x00, 0x00, 0x00, 0x00, 0x00, 0x00,
    0x0b, 0x01, 0x00, 0x00, 0x0c, 0x01, 0x00, 0x00, 0x01, 0x01, 0x00, 0x00,
    0x02, 0x01, 0x00, 0x00, 0x10, 0x40, 0x00, 0x00, 0xf0, 0x1d, 0x02, 0x00,
    0x21, 0x01, 0x00, 0x00, 0x20, 0x01, 0x00, 0x00, 0x20, 0x40, 0x00, 0x00,
    0x20, 0x0d, 0x00, 0x00, 0x21, 0x40, 0x00, 0x00, 0x00, 0x01, 0x00, 0x00,
    0x22, 0x40, 0x00, 0x00, 0xa0, 0x0c, 0x00, 0x00, 0x2f, 0x01, 0x01, 0x00,
    0x02, 0x00, 0x00, 0x00, 0x00, 0x40, 0x00, 0x00, 0xf0, 0x4c, 0x02, 0x00,
    0x10, 0x40, 0x00, 0x00, 0x90, 0x21, 0x02, 0x00, 0x2f, 0x01, 0x03, 0x00,
    0x02, 0x00, 0x00, 0x00, 0x00, 0x40, 0x00, 0x00, 0xd0, 0x0b, 0x02, 0x00,
    0x02, 0x40, 0x00, 0x00, 0xb0, 0xf9, 0x01, 0x00, 0x01, 0x01, 0x03, 0x00,
    0x02, 0x01, 0x03, 0x00, 0x10, 0x40, 0x00, 0x00, 0x50, 0x49, 0x02, 0x00,
    0x21, 0x01, 0x02, 0x00, 0x20, 0x01, 0x06, 0x00, 0x20, 0x40, 0x00, 0x00,
    0x60, 0x0b, 0x00, 0x00, 0x21, 0x40, 0x00, 0x00, 0x40, 0x01, 0x00, 0x00,
    0x22, 0x40, 0x00, 0x00, 0xe0, 0x0a, 0x00, 0x00, 0x03, 0x00, 0x00, 0x00,
    0x00, 0x40, 0x00, 0x00, 0xd0, 0xee, 0x01, 0x00, 0x02, 0x40, 0x00, 0x00,
    0x00, 0x00, 0x00, 0x00, 0x0b, 0x01, 0x02, 0x00, 0x0c, 0x01, 0x02, 0x00,
    0x01, 0x01, 0x04, 0x00, 0x02, 0x01, 0x04, 0x00, 0x10, 0x40, 0x00, 0x00,
    0xd0, 0x3a, 0x02, 0x00, 0x20, 0x01, 0x08, 0x00, 0x20, 0x40, 0x00, 0x00,
    0xf0, 0x04, 0x00, 0x00, 0x21, 0x40, 0x00, 0x00, 0x90, 0x01, 0x00, 0x00,
    0x22, 0x40, 0x00, 0x00, 0x70, 0x04, 0x00, 0x00, 0x0d, 0x01, 0x12, 0x00,
    0x03, 0x00, 0x00, 0x00, 0x00, 0x40, 0x00, 0x00, 0x50, 0xe0, 0x01, 0x00,
    0x02, 0x40, 0x00, 0x00, 0x30, 0xce, 0x01, 0x00, 0x0b, 0x01, 0x00, 0x00,
    0x0c, 0x01, 0x00, 0x00, 0x01, 0x01, 0x03, 0x00, 0x02, 0x01, 0x03, 0x00,
    0x10, 0x40, 0x00, 0x00, 0x90, 0x33, 0x02, 0x00, 0x20, 0x01, 0x06, 0x00,
    0x20, 0x40, 0x00, 0x00, 0xe0, 0x01, 0x00, 0x00, 0x21, 0x40, 0x00, 0x00,
    0x30, 0x01, 0x00, 0x00, 0x22, 0x40, 0x00, 0x00, 0x60, 0x01, 0x00, 0x00,
    0x0d, 0x01, 0x0a, 0x00, 0x03, 0x00, 0x00, 0x00, 0x00, 0x40, 0x00, 0x00,
    0x30, 0xce, 0x01, 0x00, 0x02, 0x40, 0x00, 0x00, 0x00, 0x00, 0x00, 0x00,
    0x0b, 0x01, 0x02, 0x00, 0x0c, 0x01, 0x02, 0x00, 0x10, 0x40, 0x00, 0x00,
    0x30, 0x37, 0x02, 0x00, 0x03, 0x00, 0x00, 0x00, 0x00, 0x40, 0x00, 0x00,
    0x90, 0x33, 0x02, 0x00, 0x0b, 0x01, 0x00, 0x00, 0x0c, 0x01, 0x00, 0x00,
    0x01, 0x01, 0x00, 0x00, 0x02, 0x01, 0x00, 0x00, 0x10, 0x40, 0x00, 0x00,
    0xf0, 0xe3, 0x01, 0x00, 0x21, 0x01, 0x00, 0x00, 0x20, 0x01, 0x00, 0x00,
    0x20, 0x40, 0x00, 0x00, 0x90, 0x03, 0x00, 0x00, 0x21, 0x40, 0x00, 0x00,
    0xe0, 0x00, 0x00, 0x00, 0x22, 0x40, 0x00, 0x00, 0x10, 0x03, 0x00, 0x00,
    0x2f, 0x01, 0x01, 0x00, 0x02, 0x00, 0x00, 0x00, 0x00, 0x40, 0x00, 0x00,
    0x30, 0x37, 0x02, 0x00, 0x10, 0x40, 0x00, 0x00, 0x90, 0xe7, 0x01, 0x00,
    0x2f, 0x01, 0x03, 0x00, 0x02, 0x00, 0x00, 0x00, 0x00, 0x40, 0x00, 0x00,
    0xd0, 0xd1, 0x01, 0x00, 0x0b, 0x01, 0x02, 0x00, 0x0c, 0x01, 0x02, 0x00,
    0x01, 0x01, 0x03, 0x00, 0x02, 0x01, 0x03, 0x00, 0x10, 0x40, 0x00, 0x00,
    0x90, 0x33, 0x02, 0x00, 0x21, 0x01, 0x02, 0x00, 0x20, 0x01, 0x06, 0x00,
    0x20, 0x40, 0x00, 0x00, 0xe0, 0x01, 0x00, 0x00, 0x21, 0x40, 0x00, 0x00,
    0x30, 0x01, 0x00, 0x00, 0x22, 0x40, 0x00, 0x00, 0x60, 0x01, 0x00, 0x00,
    0x03, 0x00, 0x00, 0x00, 0x00, 0x40, 0x00, 0x00, 0x50, 0x91, 0x00, 0x00,
    0x0b, 0x01, 0x01, 0x00, 0x0c, 0x01, 0x01, 0x00, 0x0a, 0x01, 0x72, 0x00,
    0x04, 0x01, 0x03, 0x00, 0x05, 0x40, 0x00, 0x00, 0xcc, 0x01, 0x00, 0x00,
    0x04, 0x40, 0x00, 0x00, 0x04, 0x00, 0x00, 0x00, 0x06, 0x40, 0x00, 0x00,
    0x01, 0x00, 0x00, 0x00, 0x09, 0x01, 0x00, 0x00, 0x05, 0x01, 0x01, 0x00,
    0x01, 0x01, 0x00, 0x00, 0x02, 0x01, 0x00, 0x00, 0x10, 0x40, 0x00, 0x00,
    0x30, 0x25, 0x02, 0x00, 0x11, 0x01, 0x72, 0x00, 0x1a, 0x01, 0x72, 0x00,
    0x13, 0x01, 0x03, 0x00, 0x15, 0x40, 0x00, 0x00, 0x30, 0x07, 0x00, 0x00,
    0x16, 0x40, 0x00, 0x00, 0x30, 0x07, 0x00, 0x00, 0x18, 0x01, 0x00, 0x00,
    0x14, 0x01, 0x41, 0x81, 0x21, 0x01, 0x01, 0x00, 0x20, 0x01, 0x00, 0x00,
    0x22, 0x01, 0x02, 0x00, 0x15, 0x01, 0x15, 0x00, 0x17, 0x01, 0x07, 0x00,
    0x05, 0x00, 0x01, 0x00, 0x00, 0x40, 0x00, 0x00, 0xe8, 0x94, 0x00, 0x00,
    0x10, 0x40, 0x00, 0x00, 0x60, 0x2c, 0x02, 0x00, 0x05, 0x00, 0x01, 0x00,
    0x00, 0x40, 0x00, 0x00, 0x30, 0x25, 0x02, 0x00, 0x0b, 0x01, 0x00, 0x00,
    0x0c, 0x01, 0x00, 0x00, 0x05, 0x40, 0x00, 0x00, 0x30, 0x07, 0x00, 0x00,
    0x04, 0x40, 0x00, 0x00, 0x10, 0x00, 0x00, 0x00, 0x06, 0x40, 0x00, 0x00,
    0x30, 0x07, 0x00, 0x00, 0x05, 0x01, 0x41, 0x00, 0x01, 0x01, 0x01, 0x00,
    0x02, 0x01, 0x01, 0x00, 0x10, 0x40, 0x00, 0x00, 0xb0, 0xdc, 0x01, 0x00,
    0x11, 0x01, 0x39, 0x00, 0x1a, 0x01, 0x39, 0x00, 0x13, 0x01, 0x0b, 0x00,
    0x15, 0x40, 0x00, 0x00, 0xa0, 0x03, 0x00, 0x00, 0x16, 0x40, 0x00, 0x00,
    0xa0, 0x03, 0x00, 0x00, 0x18, 0x01, 0x80, 0xff, 0x14, 0x01, 0x41, 0x00,
    0x21, 0x01, 0x00, 0x00, 0x20, 0x01, 0x02, 0x00, 0x22, 0x01, 0x05, 0x00,
    0x20, 0x40, 0x00, 0x00, 0x80, 0x00, 0x00, 0x00, 0x21, 0x40, 0x00, 0x00,
    0xe0, 0x00, 0x00, 0x00, 0x22, 0x40, 0x00, 0x00, 0x00, 0x00, 0x00, 0x00,
    0x15, 0x01, 0x39, 0x00, 0x17, 0x01, 0x0f, 0x00, 0x2f, 0x01, 0x01, 0x00,
    0x02, 0x00, 0x00, 0x00, 0x00, 0x40, 0x00, 0x00, 0x60, 0x2c, 0x02, 0x00,
    0x10, 0x40, 0x00, 0x00, 0x50, 0xe0, 0x01, 0x00, 0x2f, 0x01, 0x03, 0x00,
    0x02, 0x00, 0x00, 0x00, 0x00, 0x40, 0x00, 0x00, 0x80, 0x98, 0x00, 0x00,
    0x0b, 0x01, 0x01, 0x00, 0x0c, 0x01, 0x01, 0x00, 0x05, 0x40, 0x00, 0x00,
    0xcc, 0x01, 0x00, 0x00, 0x04, 0x40, 0x00, 0x00, 0x04, 0x00, 0x00, 0x00,
    0x06, 0x40, 0x00, 0x00, 0x01, 0x00, 0x00, 0x00, 0x05, 0x01, 0x01, 0x00,
    0x01, 0x01, 0x00, 0x00, 0x02, 0x01, 0x00, 0x00, 0x10, 0x40, 0x00, 0x00,
    0x30, 0x25, 0x02, 0x00, 0x11, 0x01, 0x72, 0x00, 0x1a, 0x01, 0x72, 0x00,
    0x13, 0x01, 0x03, 0x00, 0x15, 0x40, 0x00, 0x00, 0x30, 0x07, 0x00, 0x00,
    0x16, 0x40, 0x00, 0x00, 0x30, 0x07, 0x00, 0x00, 0x18, 0x01, 0x00, 0x00,
    0x14, 0x01, 0x41, 0x81, 0x21, 0x01, 0x01, 0x00, 0x20, 0x01, 0x00, 0x00,
    0x22, 0x01, 0x02, 0x00, 0x15, 0x01, 0x15, 0x00, 0x17, 0x01, 0x07, 0x00,
    0x05, 0x00, 0x01, 0x00, 0x00, 0x40, 0x00, 0x00, 0x18, 0x9c, 0x00, 0x00,
    0x10, 0x40, 0x00, 0x00, 0x60, 0x2c, 0x02, 0x00, 0x05, 0x00, 0x01, 0x00,
    0x00, 0x40, 0x00, 0x00, 0x30, 0x25, 0x02, 0x00, 0x0b, 0x01, 0x00, 0x00,
    0x0c, 0x01, 0x00, 0x00, 0x05, 0x40, 0x00, 0x00, 0x30, 0x07, 0x00, 0x00,
    0x04, 0x40, 0x00, 0x00, 0x10, 0x00, 0x00, 0x00, 0x06, 0x40, 0x00, 0x00,
    0x30, 0x07, 0x00, 0x00, 0x05, 0x01, 0x41, 0x00, 0x01, 0x01, 0x01, 0x00,
    0x02, 0x01, 0x01, 0x00, 0x10, 0x40, 0x00, 0x00, 0x30, 0xce, 0x01, 0x00,
    0x11, 0x01, 0x39, 0x00, 0x1a, 0x01, 0x39, 0x00, 0x13, 0x01, 0x0b, 0x00,
    0x15, 0x40, 0x00, 0x00, 0xa0, 0x03, 0x00, 0x00, 0x16, 0x40, 0x00, 0x00,
    0xa0, 0x03, 0x00, 0x00, 0x18, 0x01, 0x80, 0xff, 0x14, 0x01, 0x41, 0x00,
    0x21, 0x01, 0x00, 0x00, 0x20, 0x01, 0x02, 0x00, 0x22, 0x01, 0x05, 0x00,
    0x15, 0x01, 0x39, 0x00, 0x17, 0x01, 0x0f, 0x00, 0x2f, 0x01, 0x01, 0x00,
    0x02, 0x00, 0x00, 0x00, 0x00, 0x40, 0x00, 0x00, 0x60, 0x2c, 0x02, 0x00,
    0x10, 0x40, 0x00, 0x00, 0xd0, 0xd1, 0x01, 0x00, 0x2f, 0x01, 0x03, 0x00,
    0x02, 0x00, 0x00, 0x00, 0x00, 0x40, 0x00, 0x00, 0x70, 0xd5, 0x01, 0x00,
    0x0b, 0x01, 0x02, 0x00, 0x0c, 0x01, 0x02, 0x00, 0x0a, 0x01, 0x39, 0x00,
    0x04, 0x01, 0x0b, 0x00, 0x05, 0x40, 0x00, 0x00, 0xa0, 0x03, 0x00, 0x00,
    0x06, 0x40, 0x00, 0x00, 0xa0, 0x03, 0x00, 0x00, 0x09, 0x01, 0x80, 0xff,
    0x01, 0x01, 0x03, 0x00, 0x02, 0x01, 0x03, 0x00, 0x10, 0x40, 0x00, 0x00,
    0x30, 0x37, 0x02, 0x00, 0x21, 0x01, 0x02, 0x00, 0x20, 0x01, 0x06, 0x00,
    0x22, 0x01, 0x00, 0x00, 0x20, 0x40, 0x00, 0x00, 0xe0, 0x01, 0x00, 0x00,
    0x21, 0x40, 0x00, 0x00, 0x30, 0x01, 0x00, 0x00, 0x22, 0x40, 0x00, 0x00,
    0x60, 0x01, 0x00, 0x00, 0x2f, 0x01, 0x01, 0x00, 0x03, 0x00, 0x00, 0x00,
    0x00, 0x40, 0x00, 0x00, 0x90, 0x33, 0x02, 0x00, 0x0b, 0x01, 0x00, 0x00,
    0x0c, 0x01, 0x00, 0x00, 0x01, 0x01, 0x00, 0x00, 0x02, 0x01, 0x00, 0x00,
    0x10, 0x40, 0x00, 0x00, 0x30, 0xeb, 0x01, 0x00, 0x21, 0x01, 0x00, 0x00,
    0x20, 0x01, 0x00, 0x00, 0x20, 0x40, 0x00, 0x00, 0x90, 0x03, 0x00, 0x00,
    0x21, 0x40, 0x00, 0x00, 0xe0, 0x00, 0x00, 0x00, 0x22, 0x40, 0x00, 0x00,
    0x10, 0x03, 0x00, 0x00, 0x02, 0x00, 0x00, 0x00, 0x00, 0x40, 0x00, 0x00,
    0x30, 0x37, 0x02, 0x00, 0x10, 0x40, 0x00, 0x00, 0xd0, 0xee, 0x01, 0x00,
    0x2f, 0x01, 0x03, 0x00, 0x02, 0x00, 0x00, 0x00, 0x00, 0x40, 0x00, 0x00,
    0x70, 0xf2, 0x01, 0x00, 0x02, 0x40, 0x00, 0x00, 0xf0, 0xe3, 0x01, 0x00,
    0x0b, 0x01, 0x01, 0x00, 0x0c, 0x01, 0x01, 0x00, 0x01, 0x01, 0x04, 0x00,
    0x02, 0x01, 0x04, 0x00, 0x10, 0x40, 0x00, 0x00, 0x70, 0x3e, 0x02, 0x00,
    0x21, 0x01, 0x02, 0x00, 0x20, 0x01, 0x08, 0x00, 0x20, 0x40, 0x00, 0x00,
    0xf0, 0x04, 0x00, 0x00, 0x21, 0x40, 0x00, 0x00, 0x90, 0x01, 0x00, 0x00,
    0x22, 0x40, 0x00, 0x00, 0x70, 0x04, 0x00, 0x00, 0x0d, 0x01, 0x12, 0x00,
    0x2f, 0x01, 0x01, 0x00, 0x03, 0x00, 0x00, 0x00, 0x00, 0x40, 0x00, 0x00,
    0xd0, 0x3a, 0x02, 0x00, 0x02, 0x40, 0x00, 0x00, 0x00, 0x00, 0x00, 0x00,
    0x0b, 0x01, 0x00, 0x00, 0x0c, 0x01, 0x00, 0x00, 0x01, 0x01, 0x00, 0x00,
    0x02, 0x01, 0x00, 0x00, 0x10, 0x40, 0x00, 0x00, 0xb0, 0xa2, 0x01, 0x00,
    0x21, 0x01, 0x00, 0x00, 0x20, 0x01, 0x00, 0x00, 0x20, 0x40, 0x00, 0x00,
    0x00, 0x07, 0x00, 0x00, 0x21, 0x40, 0x00, 0x00, 0x00, 0x01, 0x00, 0x00,
    0x22, 0x40, 0x00, 0x00, 0x80, 0x06, 0x00, 0x00, 0x0d, 0x01, 0x0a, 0x00,
    0x02, 0x00, 0x00, 0x00, 0x00, 0x40, 0x00, 0x00, 0x70, 0x3e, 0x02, 0x00,
    0x10, 0x40, 0x00, 0x00, 0x50, 0xa6, 0x01, 0x00, 0x2f, 0x01, 0x03, 0x00,
    0x02, 0x00, 0x00, 0x00, 0x00, 0x40, 0x00, 0x00, 0x10, 0xf6, 0x01, 0x00,
    0x02, 0x40, 0x00, 0x00, 0xf0, 0xe3, 0x01, 0x00, 0x01, 0x01, 0x04, 0x00,
    0x02, 0x01, 0x04, 0x00, 0x10, 0x40, 0x00, 0x00, 0xd0, 0x3a, 0x02, 0x00,
    0x21, 0x01, 0x02, 0x00, 0x20, 0x01, 0x08, 0x00, 0x20, 0x40, 0x00, 0x00,
    0xf0, 0x04, 0x00, 0x00, 0x21, 0x40, 0x00, 0x00, 0x90, 0x01, 0x00, 0x00,
    0x22, 0x40, 0x00, 0x00, 0x70, 0x04, 0x00, 0x00, 0x0d, 0x01, 0x12, 0x00,
    0x03, 0x00, 0x00, 0x00, 0x00, 0x40, 0x00, 0x00, 0xf0, 0xe3, 0x01, 0x00,
    0x02, 0x40, 0x00, 0x00, 0x00, 0x00, 0x00, 0x00, 0x0b, 0x01, 0x02, 0x00,
    0x0c, 0x01, 0x02, 0x00, 0x10, 0x40, 0x00, 0x00, 0x70, 0x3e, 0x02, 0x00,
    0x03, 0x00, 0x00, 0x00, 0x00, 0x40, 0x00, 0x00, 0xd0, 0x3a, 0x02, 0x00,
    0x0b, 0x01, 0x00, 0x00, 0x0c, 0x01, 0x00, 0x00, 0x01, 0x01, 0x00, 0x00,
    0x02, 0x01, 0x00, 0x00, 0x10, 0x40, 0x00, 0x00, 0xb0, 0x85, 0x01, 0x00,
    0x21, 0x01, 0x00, 0x00, 0x20, 0x01, 0x00, 0x00, 0x20, 0x40, 0x00, 0x00,
    0x00, 0x07, 0x00, 0x00, 0x21, 0x40, 0x00, 0x00, 0x00, 0x01, 0x00, 0x00,
    0x22, 0x40, 0x00, 0x00, 0x80, 0x06, 0x00, 0x00, 0x0d, 0x01, 0x0a, 0x00,
    0x2f, 0x01, 0x01, 0x00, 0x02, 0x00, 0x00, 0x00, 0x00, 0x40, 0x00, 0x00,
    0x70, 0x3e, 0x02, 0x00, 0x10, 0x40, 0x00, 0x00, 0x50, 0x89, 0x01, 0x00,
    0x2f, 0x01, 0x03, 0x00, 0x02, 0x00, 0x00, 0x00, 0x00, 0x40, 0x00, 0x00,
    0x90, 0xe7, 0x01, 0x00, 0x0b, 0x01, 0x02, 0x00, 0x0c, 0x01, 0x02, 0x00,
    0x01, 0x01, 0x04, 0x00, 0x02, 0x01, 0x04, 0x00, 0x10, 0x40, 0x00, 0x00,
    0xd0, 0x3a, 0x02, 0x00, 0x21, 0x01, 0x02, 0x00, 0x20, 0x01, 0x08, 0x00,
    0x20, 0x40, 0x00, 0x00, 0xf0, 0x04, 0x00, 0x00, 0x21, 0x40, 0x00, 0x00,
    0x90, 0x01, 0x00, 0x00, 0x22, 0x40, 0x00, 0x00, 0x70, 0x04, 0x00, 0x00,
    0x0d, 0x01, 0x12, 0x00, 0x03, 0x00, 0x00, 0x00, 0x00, 0x40, 0x00, 0x00,
    0x10, 0xd9, 0x01, 0x00, 0x01, 0x01, 0x03, 0x00, 0x02, 0x01, 0x03, 0x00,
    0x10, 0x40, 0x00, 0x00, 0x90, 0x33, 0x02, 0x00, 0x20, 0x01, 0x06, 0x00,
    0x20, 0x40, 0x00, 0x00, 0xe0, 0x01, 0x00, 0x00, 0x21, 0x40, 0x00, 0x00,
    0x30, 0x01, 0x00, 0x00, 0x22, 0x40, 0x00, 0x00, 0x60, 0x01, 0x00, 0x00,
    0x0d, 0x01, 0x0a, 0x00, 0x03, 0x00, 0x00, 0x00, 0x00, 0x40, 0x00, 0x00,
    0xb0, 0xdc, 0x01, 0x00, 0x02, 0x40, 0x00, 0x00, 0x30, 0xce, 0x01, 0x00,
    0x0b, 0x01, 0x01, 0x00, 0x0c, 0x01, 0x01, 0x00, 0x10, 0x40, 0x00, 0x00,
    0x30, 0x37, 0x02, 0x00, 0x03, 0x00, 0x00, 0x00, 0x00, 0x40, 0x00, 0x00,
    0x90, 0x33, 0x02, 0x00, 0x02, 0x40, 0x00, 0x00, 0x00, 0x00, 0x00, 0x00,
    0x0b, 0x01, 0x00, 0x00, 0x0c, 0x01, 0x00, 0x00, 0x01, 0x01, 0x00, 0x00,
    0x02, 0x01, 0x00, 0x00, 0x10, 0x40, 0x00, 0x00, 0x70, 0xf2, 0x01, 0x00,
    0x21, 0x01, 0x00, 0x00, 0x20, 0x01, 0x00, 0x00, 0x20, 0x40, 0x00, 0x00,
    0x90, 0x03, 0x00, 0x00, 0x21, 0x40, 0x00, 0x00, 0xe0, 0x00, 0x00, 0x00,
    0x22, 0x40, 0x00, 0x00, 0x10, 0x03, 0x00, 0x00, 0x2f, 0x01, 0x01, 0x00,
    0x02, 0x00, 0x00, 0x00, 0x00, 0x40, 0x00, 0x00, 0x30, 0x37, 0x02, 0x00,
    0x10, 0x40, 0x00, 0x00, 0x10, 0xf6, 0x01, 0x00, 0x2f, 0x01, 0x03, 0x00,
    0x02, 0x00, 0x00, 0x00, 0x00, 0x40, 0x00, 0x00, 0x50, 0xe0, 0x01, 0x00,
    0x02, 0x40, 0x00, 0x00, 0x30, 0xce, 0x01, 0x00, 0x01, 0x01, 0x03, 0x00,
    0x02, 0x01, 0x03, 0x00, 0x10, 0x40, 0x00, 0x00, 0x90, 0x33, 0x02, 0x00,
    0x21, 0x01, 0x02, 0x00, 0x20, 0x01, 0x06, 0x00, 0x20, 0x40, 0x00, 0x00,
    0xe0, 0x01, 0x00, 0x00, 0x21, 0x40, 0x00, 0x00, 0x30, 0x01, 0x00, 0x00,
    0x22, 0x40, 0x00, 0x00, 0x60, 0x01, 0x00, 0x00, 0x03, 0x00, 0x00, 0x00,
    0x00, 0x40, 0x00, 0x00, 0xb0, 0x9f, 0x00, 0x00, 0x02, 0x40, 0x00, 0x00,
    0x00, 0x00, 0x00, 0x00, 0x0b, 0x01, 0x01, 0x00, 0x0c, 0x01, 0x01, 0x00,
    0x0a, 0x01, 0x72, 0x00, 0x04, 0x01, 0x03, 0x00, 0x05, 0x40, 0x00, 0x00,
    0xcc, 0x01, 0x00, 0x00, 0x04, 0x40, 0x00, 0x00, 0x04, 0x00, 0x00, 0x00,
    0x06, 0x40, 0x00, 0x00, 0x01, 0x00, 0x00, 0x00, 0x09, 0x01, 0x00, 0x00,
    0x05, 0x01, 0x01, 0x00, 0x01, 0x01, 0x00, 0x00, 0x02, 0x01, 0x00, 0x00,
    0x10, 0x40, 0x00, 0x00, 0x30, 0x25, 0x02, 0x00, 0x11, 0x01, 0x72, 0x00,
    0x1a, 0x01, 0x72, 0x00, 0x13, 0x01, 0x03, 0x00, 0x15, 0x40, 0x00, 0x00,
    0x30, 0x07, 0x00, 0x00, 0x16, 0x40, 0x00, 0x00, 0x30, 0x07, 0x00, 0x00,
    0x18, 0x01, 0x00, 0x00, 0x14, 0x01, 0x41, 0x81, 0x21, 0x01, 0x01, 0x00,
    0x20, 0x01, 0x00, 0x00, 0x22, 0x01, 0x02, 0x00, 0x15, 0x01, 0x15, 0x00,
    0x17, 0x01, 0x07, 0x00, 0x05, 0x00, 0x01, 0x00, 0x00, 0x40, 0x00, 0x00,
    0x48, 0xa3, 0x00, 0x00, 0x10, 0x40, 0x00, 0x00, 0x60, 0x2c, 0x02, 0x00,
    0x05, 0x00, 0x01, 0x00, 0x00, 0x40, 0x00, 0x00, 0x30, 0x25, 0x02, 0x00,
    0x0b, 0x01, 0x00, 0x00, 0x0c, 0x01, 0x00, 0x00, 0x05, 0x40, 0x00, 0x00,
    0x30, 0x07, 0x00, 0x00, 0x04, 0x40, 0x00, 0x00, 0x10, 0x00, 0x00, 0x00,
    0x06, 0x40, 0x00, 0x00, 0x30, 0x07, 0x00, 0x00, 0x05, 0x01, 0x41, 0x00,
    0x01, 0x01, 0x01, 0x00, 0x02, 0x01, 0x01, 0x00, 0x10, 0x40, 0x00, 0x00,
    0x70, 0xd5, 0x01, 0x00, 0x11, 0x01, 0x39, 0x00, 0x1a, 0x01, 0x39, 0x00,
    0x13, 0x01, 0x0b, 0x00, 0x15, 0x40, 0x00, 0x00, 0xa0, 0x03, 0x00, 0x00,
    0x16, 0x40, 0x00, 0x00, 0xa0, 0x03, 0x00, 0x00, 0x18, 0x01, 0x80, 0xff,
    0x14, 0x01, 0x41, 0x00, 0x21, 0x01, 0x00, 0x00, 0x20, 0x01, 0x02, 0x00,
    0x22, 0x01, 0x05, 0x00, 0x20, 0x40, 0x00, 0x00, 0x80, 0x00, 0x00, 0x00,
    0x21, 0x40, 0x00, 0x00, 0xe0, 0x00, 0x00, 0x00, 0x22, 0x40, 0x00, 0x00,
    0x00, 0x00, 0x00, 0x00, 0x15, 0x01, 0x39, 0x00, 0x17, 0x01, 0x0f, 0x00,
    0x2f, 0x01, 0x01, 0x00, 0x02, 0x00, 0x00, 0x00, 0x00, 0x40, 0x00, 0x00,
    0x60, 0x2c, 0x02, 0x00, 0x10, 0x40, 0x00, 0x00, 0x10, 0xd9, 0x01, 0x00,
    0x2f, 0x01, 0x03, 0x00, 0x02, 0x00, 0x00, 0x00, 0x00, 0x40, 0x00, 0x00,
    0xe0, 0xa6, 0x00, 0x00, 0x0b, 0x01, 0x01, 0x00, 0x0c, 0x01, 0x01, 0x00,
    0x05, 0x40, 0x00, 0x00, 0xcc, 0x01, 0x00, 0x00, 0x04, 0x40, 0x00, 0x00,
    0x04, 0x00, 0x00, 0x00, 0x06, 0x40, 0x00, 0x00, 0x01, 0x00, 0x00, 0x00,
    0x05, 0x01, 0x01, 0x00, 0x01, 0x01, 0x00, 0x00, 0x02, 0x01, 0x00, 0x00,
    0x10, 0x40, 0x00, 0x00, 0x30, 0x25, 0x02, 0x00, 0x11, 0x01, 0x72, 0x00,
    0x1a, 0x01, 0x72, 0x00, 0x13, 0x01, 0x03, 0x00, 0x15, 0x40, 0x00, 0x00,
    0x30, 0x07, 0x00, 0x00, 0x16, 0x40, 0x00, 0x00, 0x30, 0x07, 0x00, 0x00,
    0x18, 0x01, 0x00, 0x00, 0x14, 0x01, 0x41, 0x81, 0x21, 0x01, 0x01, 0x00,
    0x20, 0x01, 0x00, 0x00, 0x22, 0x01, 0x02, 0x00, 0x15, 0x01, 0x15, 0x00,
    0x17, 0x01, 0x07, 0x00, 0x05, 0x00, 0x01, 0x00, 0x00, 0x40, 0x00, 0x00,
    0x78, 0xaa, 0x00, 0x00, 0x10, 0x40, 0x00, 0x00, 0x60, 0x2c, 0x02, 0x00,
    0x05, 0x00, 0x01, 0x00, 0x00, 0x40, 0x00, 0x00, 0x30, 0x25, 0x02, 0x00,
    0x0b, 0x01, 0x00, 0x00, 0x0c, 0x01, 0x00, 0x00, 0x05, 0x40, 0x00, 0x00,
    0x30, 0x07, 0x00, 0x00, 0x04, 0x40, 0x00, 0x00, 0x10, 0x00, 0x00, 0x00,
    0x06, 0x40, 0x00, 0x00, 0x30, 0x07, 0x00, 0x00, 0x05, 0x01, 0x41, 0x00,
    0x01, 0x01, 0x01, 0x00, 0x02, 0x01, 0x01, 0x00, 0x10, 0x40, 0x00, 0x00,
    0xb0, 0xdc, 0x01, 0x00, 0x11, 0x01, 0x39, 0x00, 0x1a, 0x01, 0x39, 0x00,
    0x13, 0x01, 0x0b, 0x00, 0x15, 0x40, 0x00, 0x00, 0xa0, 0x03, 0x00, 0x00,
    0x16, 0x40, 0x00, 0x00, 0xa0, 0x03, 0x00, 0x00, 0x18, 0x01, 0x80, 0xff,
    0x14, 0x01, 0x41, 0x00, 0x21, 0x01, 0x00, 0x00, 0x20, 0x01, 0x02, 0x00,
    0x22, 0x01, 0x05, 0x00, 0x15, 0x01, 0x39, 0x00, 0x17, 0x01, 0x0f, 0x00,
    0x2f, 0x01, 0x01, 0x00, 0x02, 0x00, 0x00, 0x00, 0x00, 0x40, 0x00, 0x00,
    0x60, 0x2c, 0x02, 0x00, 0x10, 0x40, 0x00, 0x00, 0x50, 0xe0, 0x01, 0x00,
    0x2f, 0x01, 0x03, 0x00, 0x02, 0x00, 0x00, 0x00, 0x00, 0x40, 0x00, 0x00,
    0x30, 0xce, 0x01, 0x00, 0x0b, 0x01, 0x02, 0x00, 0x0c, 0x01, 0x02, 0x00,
    0x0a, 0x01, 0x39, 0x00, 0x04, 0x01, 0x0b, 0x00, 0x05, 0x40, 0x00, 0x00,
    0xa0, 0x03, 0x00, 0x00, 0x06, 0x40, 0x00, 0x00, 0xa0, 0x03, 0x00, 0x00,
    0x09, 0x01, 0x80, 0xff, 0x01, 0x01, 0x03, 0x00, 0x02, 0x01, 0x03, 0x00,
    0x10, 0x40, 0x00, 0x00, 0x30, 0x37, 0x02, 0x00, 0x21, 0x01, 0x02, 0x00,
    0x20, 0x01, 0x06, 0x00, 0x22, 0x01, 0x00, 0x00, 0x20, 0x40, 0x00, 0x00,
    0xe0, 0x01, 0x00, 0x00, 0x21, 0x40, 0x00, 0x00, 0x30, 0x01, 0x00, 0x00,
    0x22, 0x40, 0x00, 0x00, 0x60, 0x01, 0x00, 0x00, 0x2f, 0x01, 0x01, 0x00,
    0x03, 0x00, 0x00, 0x00, 0x00, 0x40, 0x00, 0x00, 0x90, 0x33, 0x02, 0x00,
    0x0b, 0x01, 0x00, 0x00, 0x0c, 0x01, 0x00, 0x00, 0x01, 0x01, 0x00, 0x00,
    0x02, 0x01, 0x00, 0x00, 0x10, 0x40, 0x00, 0x00, 0xf0, 0xe3, 0x01, 0x00,
    0x21, 0x01, 0x00, 0x00, 0x20, 0x01, 0x00, 0x00, 0x20, 0x40, 0x00, 0x00,
    0x90, 0x03, 0x00, 0x00, 0x21, 0x40, 0x00, 0x00, 0xe0, 0x00, 0x00, 0x00,
    0x22, 0x40, 0x00, 0x00, 0x10, 0x03, 0x00, 0x00, 0x02, 0x00, 0x00, 0x00,
    0x00, 0x40, 0x00, 0x00, 0x30, 0x37, 0x02, 0x00, 0x10, 0x40, 0x00, 0x00,
    0x90, 0xe7, 0x01, 0x00, 0x2f, 0x01, 0x03, 0x00, 0x02, 0x00, 0x00, 0x00,
    0x00, 0x40, 0x00, 0x00, 0x30, 0xeb, 0x01, 0x00, 0x0b, 0x01, 0x02, 0x00,
    0x0c, 0x01, 0x02, 0x00, 0x01, 0x01, 0x04, 0x00, 0x02, 0x01, 0x04, 0x00,
    0x10, 0x40, 0x00, 0x00, 0x70, 0x3e, 0x02, 0x00, 0x21, 0x01, 0x02, 0x00,
    0x20, 0x01, 0x08, 0x00, 0x20, 0x40, 0x00, 0x00, 0xf0, 0x04, 0x00, 0x00,
    0x21, 0x40, 0x00, 0x00, 0x90, 0x01, 0x00, 0x00, 0x22, 0x40, 0x00, 0x00,
    0x70, 0x04, 0x00, 0x00, 0x0d, 0x01, 0x12, 0x00, 0x2f, 0x01, 0x01, 0x00,
    0x03, 0x00, 0x00, 0x00, 0x00, 0x40, 0x00, 0x00, 0xd0, 0x3a, 0x02, 0x00,
    0x0b, 0x01, 0x00, 0x00, 0x0c, 0x01, 0x00, 0x00, 0x01, 0x01, 0x00, 0x00,
    0x02, 0x01, 0x00, 0x00, 0x10, 0x40, 0x00, 0x00, 0xf0, 0x8c, 0x01, 0x00,
    0x21, 0x01, 0x00, 0x00, 0x20, 0x01, 0x00, 0x00, 0x20, 0x40, 0x00, 0x00,
    0x00, 0x07, 0x00, 0x00, 0x21, 0x40, 0x00, 0x00, 0x00, 0x01, 0x00, 0x00,
    0x22, 0x40, 0x00, 0x00, 0x80, 0x06, 0x00, 0x00, 0x0d, 0x01, 0x0a, 0x00,
    0x02, 0x00, 0x00, 0x00, 0x00, 0x40, 0x00, 0x00, 0x70, 0x3e, 0x02, 0x00,
    0x10, 0x40, 0x00, 0x00, 0x90, 0x90, 0x01, 0x00, 0x2f, 0x01, 0x03, 0x00,
    0x02, 0x00, 0x00, 0x00, 0x00, 0x40, 0x00, 0x00, 0x30, 0x94, 0x01, 0x00,
    0x0b, 0x01, 0x04, 0x00, 0x0c, 0x01, 0x04, 0x00, 0x01, 0x01, 0x01, 0x00,
    0x02, 0x01, 0x01, 0x00, 0x10, 0x40, 0x00, 0x00, 0x10, 0x42, 0x02, 0x00,
    0x21, 0x01, 0x04, 0x00, 0x20, 0x01, 0x02, 0x00, 0x20, 0x40, 0x00, 0x00,
    0x80, 0x08, 0x00, 0x00, 0x21, 0x40, 0x00, 0x00, 0xe0, 0x00, 0x00, 0x00,
    0x22, 0x40, 0x00, 0x00, 0x00, 0x08, 0x00, 0x00, 0x0d, 0x01, 0x12, 0x00,
    0x2f, 0x01, 0x01, 0x00, 0x03, 0x00, 0x00, 0x00, 0x00, 0x40, 0x00, 0x00,
    0xd0, 0x97, 0x01, 0x00, 0x10, 0x40, 0x00, 0x00, 0xb0, 0x45, 0x02, 0x00,
    0x2f, 0x01, 0x03, 0x00, 0x03, 0x00, 0x00, 0x00, 0x00, 0x40, 0x00, 0x00,
    0x10, 0x42, 0x02, 0x00, 0x0b, 0x01, 0x00, 0x00, 0x0c, 0x01, 0x00, 0x00,
    0x01, 0x01, 0x00, 0x00, 0x02, 0x01, 0x00, 0x00, 0x10, 0x40, 0x00, 0x00,
    0xf0, 0x00, 0x02, 0x00, 0x21, 0x01, 0x00, 0x00, 0x20, 0x01, 0x00, 0x00,
    0x20, 0x40, 0x00, 0x00, 0xe0, 0x09, 0x00, 0x00, 0x21, 0x40, 0x00, 0x00,
    0x00, 0x01, 0x00, 0x00, 0x22, 0x40, 0x00, 0x00, 0x60, 0x09, 0x00, 0x00,
    0x0d, 0x01, 0x0a, 0x00, 0x2f, 0x01, 0x01, 0x00, 0x02, 0x00, 0x00, 0x00,
    0x00, 0x40, 0x00, 0x00, 0xb0, 0x45, 0x02, 0x00, 0x10, 0x40, 0x00, 0x00,
    0x90, 0x04, 0x02, 0x00, 0x2f, 0x01, 0x03, 0x00, 0x02, 0x00, 0x00, 0x00,
    0x00, 0x40, 0x00, 0x00, 0x70, 0x9b, 0x01, 0x00, 0x02, 0x40, 0x00, 0x00,
    0xb0, 0x85, 0x01, 0x00, 0x0b, 0x01, 0x03, 0x00, 0x0c, 0x01, 0x03, 0x00,
    0x01, 0x01, 0x01, 0x00, 0x02, 0x01, 0x01, 0x00, 0x10, 0x40, 0x00, 0x00,
    0x10, 0x42, 0x02, 0x00, 0x21, 0x01, 0x04, 0x00, 0x20, 0x01, 0x02, 0x00,
    0x20, 0x40, 0x00, 0x00, 0x80, 0x08, 0x00, 0x00, 0x21, 0x40, 0x00, 0x00,
    0xe0, 0x00, 0x00, 0x00, 0x22, 0x40, 0x00, 0x00, 0x00, 0x08, 0x00, 0x00,
    0x0d, 0x01, 0x12, 0x00, 0x03, 0x00, 0x00, 0x00, 0x00, 0x40, 0x00, 0x00,
    0x10, 0x9f, 0x01, 0x00, 0x0b, 0x01, 0x02, 0x00, 0x0c, 0x01, 0x02, 0x00,
    0x10, 0x40, 0x00, 0x00, 0xb0, 0x45, 0x02, 0x00, 0x03, 0x00, 0x00, 0x00,
    0x00, 0x40, 0x00, 0x00, 0x10, 0x42, 0x02, 0x00, 0x02, 0x40, 0x00, 0x00,
    0x00, 0x00, 0x00, 0x00, 0x0b, 0x01, 0x00, 0x00, 0x0c, 0x01, 0x00, 0x00,
    0x01, 0x01, 0x00, 0x00, 0x02, 0x01, 0x00, 0x00, 0x10, 0x40, 0x00, 0x00,
    0x30, 0x08, 0x02, 0x00, 0x21, 0x01, 0x00, 0x00, 0x20, 0x01, 0x00, 0x00,
    0x20, 0x40, 0x00, 0x00, 0xe0, 0x09, 0x00, 0x00, 0x21, 0x40, 0x00, 0x00,
    0x00, 0x01, 0x00, 0x00, 0x22, 0x40, 0x00, 0x00, 0x60, 0x09, 0x00, 0x00,
    0x0d, 0x01, 0x0a, 0x00, 0x2f, 0x01, 0x01, 0x00, 0x02, 0x00, 0x00, 0x00,
    0x00, 0x40, 0x00, 0x00, 0xb0, 0x45, 0x02, 0x00, 0x10, 0x40, 0x00, 0x00,
    0xd0, 0x0b, 0x02, 0x00, 0x2f, 0x01, 0x03, 0x00, 0x02, 0x00, 0x00, 0x00,
    0x00, 0x40, 0x00, 0x00, 0xb0, 0xf9, 0x01, 0x00, 0x0b, 0x01, 0x02, 0x00,
    0x0c, 0x01, 0x02, 0x00, 0x01, 0x01, 0x03, 0x00, 0x02, 0x01, 0x03, 0x00,
    0x10, 0x40, 0x00, 0x00, 0xf0, 0x4c, 0x02, 0x00, 0x21, 0x01, 0x02, 0x00,
    0x20, 0x01, 0x06, 0x00, 0x20, 0x40, 0x00, 0x00, 0x60, 0x0b, 0x00, 0x00,
    0x21, 0x40, 0x00, 0x00, 0x40, 0x01, 0x00, 0x00, 0x22, 0x40, 0x00, 0x00,
    0xe0, 0x0a, 0x00, 0x00, 0x2f, 0x01, 0x01, 0x00, 0x03, 0x00, 0x00, 0x00,
    0x00, 0x40, 0x00, 0x00, 0x50, 0x49, 0x02, 0x00, 0x0b, 0x01, 0x00, 0x00,
    0x0c, 0x01, 0x00, 0x00, 0x01, 0x01, 0x00, 0x00, 0x02, 0x01, 0x00, 0x00,
    0x10, 0x40, 0x00, 0x00, 0x70, 0x0f, 0x02, 0x00, 0x21, 0x01, 0x00, 0x00,
    0x20, 0x01, 0x00, 0x00, 0x20, 0x40, 0x00, 0x00, 0x20, 0x0d, 0x00, 0x00,
    0x21, 0x40, 0x00, 0x00, 0x00, 0x01, 0x00, 0x00, 0x22, 0x40, 0x00, 0x00,
    0xa0, 0x0c, 0x00, 0x00, 0x02, 0x00, 0x00, 0x00, 0x00, 0x40, 0x00, 0x00,
    0xf0, 0x4c, 0x02, 0x00, 0x10, 0x40, 0x00, 0x00, 0x10, 0x13, 0x02, 0x00,
    0x2f, 0x01, 0x03, 0x00, 0x02, 0x00, 0x00, 0x00, 0x00, 0x40, 0x00, 0x00,
    0xb0, 0x16, 0x02, 0x00, 0x0b, 0x01, 0x02, 0x00, 0x0c, 0x01, 0x02, 0x00,
    0x01, 0x01, 0x04, 0x00, 0x02, 0x01, 0x04, 0x00, 0x10, 0x40, 0x00, 0x00,
    0x30, 0x54, 0x02, 0x00, 0x21, 0x01, 0x02, 0x00, 0x20, 0x01, 0x08, 0x00,
    0x20, 0x40, 0x00, 0x00, 0xa0, 0x0e, 0x00, 0x00, 0x21, 0x40, 0x00, 0x00,
    0x80, 0x01, 0x00, 0x00, 0x22, 0x40, 0x00, 0x00, 0x20, 0x0e, 0x00, 0x00,
    0x0d, 0x01, 0x12, 0x00, 0x2f, 0x01, 0x01, 0x00, 0x03, 0x00, 0x00, 0x00,
    0x00, 0x40, 0x00, 0x00, 0x90, 0x50, 0x02, 0x00, 0x0b, 0x01, 0x00, 0x00,
    0x0c, 0x01, 0x00, 0x00, 0x01, 0x01, 0x00, 0x00, 0x02, 0x01, 0x00, 0x00,
    0x10, 0x40, 0x00, 0x00, 0xf0, 0xa9, 0x01, 0x00, 0x21, 0x01, 0x00, 0x00,
    0x20, 0x01, 0x00, 0x00, 0x20, 0x40, 0x00, 0x00, 0xa0, 0x10, 0x00, 0x00,
    0x21, 0x40, 0x00, 0x00, 0xf0, 0x00, 0x00, 0x00, 0x22, 0x40, 0x00, 0x00,
    0x20, 0x10, 0x00, 0x00, 0x0d, 0x01, 0x0a, 0x00, 0x02, 0x00, 0x00, 0x00,
    0x00, 0x40, 0x00, 0x00, 0x30, 0x54, 0x02, 0x00, 0x10, 0x40, 0x00, 0x00,
    0x90, 0xad, 0x01, 0x00, 0x2f, 0x01, 0x03, 0x00, 0x02, 0x00, 0x00, 0x00,
    0x00, 0x40, 0x00, 0x00, 0x30, 0xb1, 0x01, 0x00, 0x0b, 0x01, 0x04, 0x00,
    0x0c, 0x01, 0x04, 0x00, 0x01, 0x01, 0x01, 0x00, 0x02, 0x01, 0x01, 0x00,
    0x10, 0x40, 0x00, 0x00, 0xd0, 0x57, 0x02, 0x00, 0x21, 0x01, 0x04, 0x00,
    0x20, 0x01, 0x02, 0x00, 0x20, 0x40, 0x00, 0x00, 0x10, 0x12, 0x00, 0x00,
    0x21, 0x40, 0x00, 0x00, 0xe0, 0x00, 0x00, 0x00, 0x22, 0x40, 0x00, 0x00,
    0x90, 0x11, 0x00, 0x00, 0x0d, 0x01, 0x12, 0x00, 0x2f, 0x01, 0x01, 0x00,
    0x03, 0x00, 0x00, 0x00, 0x00, 0x40, 0x00, 0x00, 0xd0, 0xb4, 0x01, 0x00,
    0x10, 0x40, 0x00, 0x00, 0x70, 0x5b, 0x02, 0x00, 0x2f, 0x01, 0x03, 0x00,
    0x03, 0x00, 0x00, 0x00, 0x00, 0x40, 0x00, 0x00, 0xd0, 0x57, 0x02, 0x00,
    0x0b, 0x01, 0x00, 0x00, 0x0c, 0x01, 0x00, 0x00, 0x01, 0x01, 0x00, 0x00,
    0x02, 0x01, 0x00, 0x00, 0x10, 0x40, 0x00, 0x00, 0x10, 0x5f, 0x02, 0x00,
    0x21, 0x01, 0x00, 0x00, 0x20, 0x01, 0x00, 0x00, 0x20, 0x40, 0x00, 0x00,
    0x70, 0x13, 0x00, 0x00, 0x21, 0x40, 0x00, 0x00, 0x00, 0x01, 0x00, 0x00,
    0x22, 0x40, 0x00, 0x00, 0xf0, 0x12, 0x00, 0x00, 0x0d, 0x01, 0x0a, 0x00,
    0x2f, 0x01, 0x01, 0x00, 0x02, 0x00, 0x00, 0x00, 0x00, 0x40, 0x00, 0x00,
    0x70, 0x5b, 0x02, 0x00, 0x10, 0x40, 0x00, 0x00, 0xb0, 0x62, 0x02, 0x00,
    0x2f, 0x01, 0x03, 0x00, 0x02, 0x00, 0x00, 0x00, 0x00, 0x40, 0x00, 0x00,
    0x10, 0x5f, 0x02, 0x00, 0x10, 0x40, 0x00, 0x00, 0x2c, 0x03, 0x00, 0x00,
    0x13, 0x01, 0x00, 0x00, 0x15, 0x40, 0x00, 0x00, 0x3a, 0x00, 0x00, 0x00,
    0x14, 0x40, 0x00, 0x00, 0x01, 0x00, 0x00, 0x00, 0x16, 0x40, 0x00, 0x00,
    0x01, 0x00, 0x00, 0x00, 0x18, 0x01, 0x75, 0x00, 0x14, 0x01, 0x01, 0x00,
    0x20, 0x40, 0x00, 0x00, 0x80, 0x14, 0x00, 0x00, 0x21, 0x40, 0x00, 0x00,
    0x40, 0x00, 0x00, 0x00, 0x22, 0x40, 0x00, 0x00, 0x70, 0x14, 0x00, 0x00,
    0x23, 0x40, 0x00, 0x00, 0x10, 0x00, 0x00, 0x00, 0x17, 0x01, 0x07, 0x00,
    0x2f, 0x01, 0x01, 0x00, 0x02, 0x00, 0x00, 0x00, 0x00, 0x40, 0x00, 0x00,
    0xb0, 0x62, 0x02, 0x00, 0x10, 0x40, 0x00, 0x00, 0x66, 0x03, 0x00, 0x00,
    0x2f, 0x01, 0x03, 0x00, 0x02, 0x00, 0x00, 0x00, 0x00, 0x40, 0x00, 0x00,
    0x70, 0xb8, 0x01, 0x00, 0x0b, 0x01, 0x04, 0x00, 0x0c, 0x01, 0x04, 0x00,
    0x01, 0x01, 0x01, 0x00, 0x02, 0x01, 0x01, 0x00, 0x10, 0x40, 0x00, 0x00,
    0xd0, 0x57, 0x02, 0x00, 0x13, 0x01, 0x0b, 0x00, 0x15, 0x40, 0x00, 0x00,
    0xa0, 0x03, 0x00, 0x00, 0x14, 0x40, 0x00, 0x00, 0x10, 0x00, 0x00, 0x00,
    0x16, 0x40, 0x00, 0x00, 0xa0, 0x03, 0x00, 0x00, 0x18, 0x01, 0x80, 0xff,
    0x14, 0x01, 0x41, 0x00, 0x21, 0x01, 0x04, 0x00, 0x20, 0x01, 0x02, 0x00,
    0x20, 0x40, 0x00, 0x00, 0x10, 0x12, 0x00, 0x00, 0x21, 0x40, 0x00, 0x00,
    0xe0, 0x00, 0x00, 0x00, 0x22, 0x40, 0x00, 0x00, 0x90, 0x11, 0x00, 0x00,
    0x23, 0x40, 0x00, 0x00, 0x80, 0x00, 0x00, 0x00, 0x17, 0x01, 0x0f, 0x00,
    0x0d, 0x01, 0x12, 0x00, 0x03, 0x00, 0x00, 0x00, 0x00, 0x40, 0x00, 0x00,
    0x10, 0xbc, 0x01, 0x00, 0x10, 0x40, 0x00, 0x00, 0x70, 0x5b, 0x02, 0x00,
    0x03, 0x00, 0x00, 0x00, 0x00, 0x40, 0x00, 0x00, 0xd0, 0x57, 0x02, 0x00,
    0x0b, 0x01, 0x00, 0x00, 0x0c, 0x01, 0x00, 0x00, 0x01, 0x01, 0x00, 0x00,
    0x02, 0x01, 0x00, 0x00, 0x10, 0x40, 0x00, 0x00, 0x10, 0x5f, 0x02, 0x00,
    0x21, 0x01, 0x00, 0x00, 0x20, 0x01, 0x00, 0x00, 0x20, 0x40, 0x00, 0x00,
    0x70, 0x13, 0x00, 0x00, 0x21, 0x40, 0x00, 0x00, 0x00, 0x01, 0x00, 0x00,
    0x22, 0x40, 0x00, 0x00, 0xf0, 0x12, 0x00, 0x00, 0x0d, 0x01, 0x0a, 0x00,
    0x2f, 0x01, 0x01, 0x00, 0x02, 0x00, 0x00, 0x00, 0x00, 0x40, 0x00, 0x00,
    0x70, 0x5b, 0x02, 0x00, 0x10, 0x40, 0x00, 0x00, 0xb0, 0x62, 0x02, 0x00,
    0x2f, 0x01, 0x03, 0x00, 0x02, 0x00, 0x00, 0x00, 0x00, 0x40, 0x00, 0x00,
    0x10, 0x5f, 0x02, 0x00, 0x10, 0x40, 0x00, 0x00, 0xa0, 0x03, 0x00, 0x00,
    0x13, 0x01, 0x00, 0x00, 0x15, 0x40, 0x00, 0x00, 0x3a, 0x00, 0x00, 0x00,
    0x14, 0x40, 0x00, 0x00, 0x01, 0x00, 0x00, 0x00, 0x16, 0x40, 0x00, 0x00,
    0x01, 0x00, 0x00, 0x00, 0x18, 0x01, 0x75, 0x00, 0x14, 0x01, 0x01, 0x00,
    0x20, 0x40, 0x00, 0x00, 0x80, 0x14, 0x00, 0x00, 0x21, 0x40, 0x00, 0x00,
    0x40, 0x00, 0x00, 0x00, 0x22, 0x40, 0x00, 0x00, 0x70, 0x14, 0x00, 0x00,
    0x23, 0x40, 0x00, 0x00, 0x10, 0x00, 0x00, 0x00, 0x17, 0x01, 0x07, 0x00,
    0x2f, 0x01, 0x01, 0x00, 0x02, 0x00, 0x00, 0x00, 0x00, 0x40, 0x00, 0x00,
    0xb0, 0x62, 0x02, 0x00, 0x10, 0x40, 0x00, 0x00, 0xda, 0x03, 0x00, 0x00,
    0x2f, 0x01, 0x03, 0x00, 0x02, 0x00, 0x00, 0x00, 0x00, 0x40, 0x00, 0x00,
    0xb0, 0xbf, 0x01, 0x00, 0x02, 0x40, 0x00, 0x00, 0xf0, 0xa9, 0x01, 0x00,
    0x0b, 0x01, 0x03, 0x00, 0x0c, 0x01, 0x03, 0x00, 0x01, 0x01, 0x01, 0x00,
    0x02, 0x01, 0x01, 0x00, 0x10, 0x40, 0x00, 0x00, 0xd0, 0x57, 0x02, 0x00,
    0x13, 0x01, 0x0b, 0x00, 0x15, 0x40, 0x00, 0x00, 0xa0, 0x03, 0x00, 0x00,
    0x14, 0x40, 0x00, 0x00, 0x10, 0x00, 0x00, 0x00, 0x16, 0x40, 0x00, 0x00,
    0xa0, 0x03, 0x00, 0x00, 0x18, 0x01, 0x80, 0xff, 0x14, 0x01, 0x41, 0x00,
    0x21, 0x01, 0x04, 0x00, 0x20, 0x01, 0x02, 0x00, 0x20, 0x40, 0x00, 0x00,
    0x10, 0x12, 0x00, 0x00, 0x21, 0x40, 0x00, 0x00, 0xe0, 0x00, 0x00, 0x00,
    0x22, 0x40, 0x00, 0x00, 0x90, 0x11, 0x00, 0x00, 0x23, 0x40, 0x00, 0x00,
    0x80, 0x00, 0x00, 0x00, 0x17, 0x01, 0x0f, 0x00, 0x0d, 0x01, 0x12, 0x00,
    0x03, 0x00, 0x00, 0x00, 0x00, 0x40, 0x00, 0x00, 0x50, 0xc3, 0x01, 0x00,
    0x0b, 0x01, 0x02, 0x00, 0x0c, 0x01, 0x02, 0x00, 0x10, 0x40, 0x00, 0x00,
    0x70, 0x5b, 0x02, 0x00, 0x03, 0x00, 0x00, 0x00, 0x00, 0x40, 0x00, 0x00,
    0xd0, 0x57, 0x02, 0x00, 0x02, 0x40, 0x00, 0x00, 0x00, 0x00, 0x00, 0x00,
    0x0b, 0x01, 0x00, 0x00, 0x0c, 0x01, 0x00, 0x00, 0x01, 0x01, 0x00, 0x00,
    0x02, 0x01, 0x00, 0x00, 0x10, 0x40, 0x00, 0x00, 0x10, 0x5f, 0x02, 0x00,
    0x21, 0x01, 0x00, 0x00, 0x20, 0x01, 0x00, 0x00, 0x20, 0x40, 0x00, 0x00,
    0x70, 0x13, 0x00, 0x00, 0x21, 0x40, 0x00, 0x00, 0x00, 0x01, 0x00, 0x00,
    0x22, 0x40, 0x00, 0x00, 0xf0, 0x12, 0x00, 0x00, 0x0d, 0x01, 0x0a, 0x00,
    0x2f, 0x01, 0x01, 0x00, 0x02, 0x00, 0x00, 0x00, 0x00, 0x40, 0x00, 0x00,
    0x70, 0x5b, 0x02, 0x00, 0x10, 0x40, 0x00, 0x00, 0xb0, 0x62, 0x02, 0x00,
    0x2f, 0x01, 0x03, 0x00, 0x02, 0x00, 0x00, 0x00, 0x00, 0x40, 0x00, 0x00,
    0x10, 0x5f, 0x02, 0x00, 0x10, 0x40, 0x00, 0x00, 0x14, 0x04, 0x00, 0x00,
    0x13, 0x01, 0x00, 0x00, 0x15, 0x40, 0x00, 0x00, 0x3a, 0x00, 0x00, 0x00,
    0x14, 0x40, 0x00, 0x00, 0x01, 0x00, 0x00, 0x00, 0x16, 0x40, 0x00, 0x00,
    0x01, 0x00, 0x00, 0x00, 0x18, 0x01, 0x75, 0x00, 0x14, 0x01, 0x01, 0x00,
    0x20, 0x40, 0x00, 0x00, 0x80, 0x14, 0x00, 0x00, 0x21, 0x40, 0x00, 0x00,
    0x40, 0x00, 0x00, 0x00, 0x22, 0x40, 0x00, 0x00, 0x70, 0x14, 0x00, 0x00,
    0x23, 0x40, 0x00, 0x00, 0x10, 0x00, 0x00, 0x00, 0x17, 0x01, 0x07, 0x00,
    0x2f, 0x01, 0x01, 0x00, 0x02, 0x00, 0x00, 0x00, 0x00, 0x40, 0x00, 0x00,
    0xb0, 0x62, 0x02, 0x00, 0x10, 0x40, 0x00, 0x00, 0x4e, 0x04, 0x00, 0x00,
    0x2f, 0x01, 0x03, 0x00, 0x02, 0x00, 0x00, 0x00, 0x00, 0x40, 0x00, 0x00,
    0x50, 0x1a, 0x02, 0x00, 0x0b, 0x01, 0x02, 0x00, 0x0c, 0x01, 0x02, 0x00,
    0x01, 0x01, 0x04, 0x00, 0x02, 0x01, 0x04, 0x00, 0x10, 0x40, 0x00, 0x00,
    0x90, 0x50, 0x02, 0x00, 0x13, 0x01, 0x0b, 0x00, 0x15, 0x40, 0x00, 0x00,
    0xa0, 0x03, 0x00, 0x00, 0x14, 0x40, 0x00, 0x00, 0x10, 0x00, 0x00, 0x00,
    0x16, 0x40, 0x00, 0x00, 0xa0, 0x03, 0x00, 0x00, 0x18, 0x01, 0x80, 0xff,
    0x14, 0x01, 0x41, 0x00, 0x21, 0x01, 0x02, 0x00, 0x20, 0x01, 0x08, 0x00,
    0x20, 0x40, 0x00, 0x00, 0xa0, 0x0e, 0x00, 0x00, 0x21, 0x40, 0x00, 0x00,
    0x80, 0x01, 0x00, 0x00, 0x22, 0x40, 0x00, 0x00, 0x20, 0x0e, 0x00, 0x00,
    0x23, 0x40, 0x00, 0x00, 0x80, 0x00, 0x00, 0x00, 0x17, 0x01, 0x0f, 0x00,
    0x0d, 0x01, 0x12, 0x00, 0x03, 0x00, 0x00, 0x00, 0x00, 0x40, 0x00, 0x00,
    0xf0, 0x1d, 0x02, 0x00, 0x02, 0x40, 0x00, 0x00, 0x70, 0x0f, 0x02, 0x00,
    0x0b, 0x01, 0x01, 0x00, 0x0c, 0x01, 0x01, 0x00, 0x10, 0x40, 0x00, 0x00,
    0x30, 0x54, 0x02, 0x00, 0x03, 0x00, 0x00, 0x00, 0x00, 0x40, 0x00, 0x00,
    0x90, 0x50, 0x02, 0x00, 0x02, 0x40, 0x00, 0x00, 0x00, 0x00, 0x00, 0x00,
    0x0b, 0x01, 0x00, 0x00, 0x0c, 0x01, 0x00, 0x00, 0x01, 0x01, 0x00, 0x00,
    0x02, 0x01, 0x00, 0x00, 0x10, 0x40, 0x00, 0x00, 0x30, 0xb1, 0x01, 0x00,
    0x21, 0x01, 0x00, 0x00, 0x20, 0x01, 0x00, 0x00, 0x20, 0x40, 0x00, 0x00,
    0xa0, 0x10, 0x00, 0x00, 0x21, 0x40, 0x00, 0x00, 0xf0, 0x00, 0x00, 0x00,
    0x22, 0x40, 0x00, 0x00, 0x20, 0x10, 0x00, 0x00, 0x0d, 0x01, 0x0a, 0x00,
    0x2f, 0x01, 0x01, 0x00, 0x02, 0x00, 0x00, 0x00, 0x00, 0x40, 0x00, 0x00,
    0x30, 0x54, 0x02, 0x00, 0x10, 0x40, 0x00, 0x00, 0xd0, 0xb4, 0x01, 0x00,
    0x2f, 0x01, 0x03, 0x00, 0x02, 0x00, 0x00, 0x00, 0x00, 0x40, 0x00, 0x00,
    0x90, 0x21, 0x02, 0x00, 0x02, 0x40, 0x00, 0x00, 0x70, 0x0f, 0x02, 0x00,
    0x01, 0x01, 0x04, 0x00, 0x02, 0x01, 0x04, 0x00, 0x10, 0x40, 0x00, 0x00,
    0x90, 0x50, 0x02, 0x00, 0x21, 0x01, 0x02, 0x00, 0x20, 0x01, 0x08, 0x00,
    0x20, 0x40, 0x00, 0x00, 0xa0, 0x0e, 0x00, 0x00, 0x21, 0x40, 0x00, 0x00,
    0x80, 0x01, 0x00, 0x00, 0x22, 0x40, 0x00, 0x00, 0x20, 0x0e, 0x00, 0x00,
    0x0d, 0x01, 0x12, 0x00, 0x03, 0x00, 0x00, 0x00, 0x00, 0x40, 0x00, 0x00,
    0x50, 0xfd, 0x01, 0x00, 0x02, 0x40, 0x00, 0x00, 0x00, 0x00, 0x00, 0x00,
    0x0b, 0x01, 0x02, 0x00, 0x0c, 0x01, 0x02, 0x00, 0x01, 0x01, 0x03, 0x00,
    0x02, 0x01, 0x03, 0x00, 0x10, 0x40, 0x00, 0x00, 0x50, 0x49, 0x02, 0x00,
    0x20, 0x01, 0x06, 0x00, 0x20, 0x40, 0x00, 0x00, 0x60, 0x0b, 0x00, 0x00,
    0x21, 0x40, 0x00, 0x00, 0x40, 0x01, 0x00, 0x00, 0x22, 0x40, 0x00, 0x00,
    0xe0, 0x0a, 0x00, 0x00, 0x0d, 0x01, 0x0a, 0x00, 0x03, 0x00, 0x00, 0x00,
    0x00, 0x40, 0x00, 0x00, 0xf0, 0x00, 0x02, 0x00, 0x10, 0x40, 0x00, 0x00,
    0xf0, 0x4c, 0x02, 0x00, 0x03, 0x00, 0x00, 0x00, 0x00, 0x40, 0x00, 0x00,
    0x50, 0x49, 0x02, 0x00, 0x0b, 0x01, 0x00, 0x00, 0x0c, 0x01, 0x00, 0x00,
    0x01, 0x01, 0x00, 0x00, 0x02, 0x01, 0x00, 0x00, 0x10, 0x40, 0x00, 0x00,
    0xb0, 0x16, 0x02, 0x00, 0x21, 0x01, 0x00, 0x00, 0x20, 0x01, 0x00, 0x00,
    0x20, 0x40, 0x00, 0x00, 0x20, 0x0d, 0x00, 0x00, 0x21, 0x40, 0x00, 0x00,
    0x00, 0x01, 0x00, 0x00, 0x22, 0x40, 0x00, 0x00, 0xa0, 0x0c, 0x00, 0x00,
    0x2f, 0x01, 0x01, 0x00, 0x02, 0x00, 0x00, 0x00, 0x00, 0x40, 0x00, 0x00,
    0xf0, 0x4c, 0x02, 0x00, 0x10, 0x40, 0x00, 0x00, 0x50, 0x1a, 0x02, 0x00,
    0x2f, 0x01, 0x03, 0x00, 0x02, 0x00, 0x00, 0x00, 0x00, 0x40, 0x00, 0x00,
    0x90, 0x04, 0x02, 0x00, 0x0b, 0x01, 0x02, 0x00, 0x0c, 0x01, 0x02, 0x00,
    0x01, 0x01, 0x03, 0x00, 0x02, 0x01, 0x03, 0x00, 0x10, 0x40, 0x00, 0x00,
    0x50, 0x49, 0x02, 0x00, 0x21, 0x01, 0x02, 0x00, 0x20, 0x01, 0x06, 0x00,
    0x20, 0x40, 0x00, 0x00, 0x60, 0x0b, 0x00, 0x00, 0x21, 0x40, 0x00, 0x00,
    0x40, 0x01, 0x00, 0x00, 0x22, 0x40, 0x00, 0x00, 0xe0, 0x0a, 0x00, 0x00,
    0x03, 0x00, 0x00, 0x00, 0x00, 0x40, 0x00, 0x00, 0xb0, 0xa2, 0x01, 0x00,
    0x02, 0x40, 0x00, 0x00, 0xb0, 0x85, 0x01, 0x00, 0x0b, 0x01, 0x01, 0x00,
    0x0c, 0x01, 0x01, 0x00, 0x01, 0x01, 0x01, 0x00, 0x02, 0x01, 0x01, 0x00,
    0x10, 0x40, 0x00, 0x00, 0x10, 0x42, 0x02, 0x00, 0x21, 0x01, 0x04, 0x00,
    0x20, 0x01, 0x02, 0x00, 0x20, 0x40, 0x00, 0x00, 0x80, 0x08, 0x00, 0x00,
    0x21, 0x40, 0x00, 0x00, 0xe0, 0x00, 0x00, 0x00, 0x22, 0x40, 0x00, 0x00,
    0x00, 0x08, 0x00, 0x00, 0x0d, 0x01, 0x12, 0x00, 0x03, 0x00, 0x00, 0x00,
    0x00, 0x40, 0x00, 0x00, 0x50, 0xa6, 0x01, 0x00, 0x0b, 0x01, 0x00, 0x00,
    0x0c, 0x01, 0x00, 0x00, 0x10, 0x40, 0x00, 0x00, 0xb0, 0x45, 0x02, 0x00,
    0x03, 0x00, 0x00, 0x00, 0x00, 0x40, 0x00, 0x00, 0x10, 0x42, 0x02, 0x00,
    0x02, 0x40, 0x00, 0x00, 0x00, 0x00, 0x00, 0x00, 0x01, 0x01, 0x00, 0x00,
    0x02, 0x01, 0x00, 0x00, 0x10, 0x40, 0x00, 0x00, 0xb0, 0xf9, 0x01, 0x00,
    0x21, 0x01, 0x00, 0x00, 0x20, 0x01, 0x00, 0x00, 0x20, 0x40, 0x00, 0x00,
    0xe0, 0x09, 0x00, 0x00, 0x21, 0x40, 0x00, 0x00, 0x00, 0x01, 0x00, 0x00,
    0x22, 0x40, 0x00, 0x00, 0x60, 0x09, 0x00, 0x00, 0x0d, 0x01, 0x0a, 0x00,
    0x2f, 0x01, 0x01, 0x00, 0x02, 0x00, 0x00, 0x00, 0x00, 0x40, 0x00, 0x00,
    0xb0, 0x45, 0x02, 0x00, 0x10, 0x40, 0x00, 0x00, 0x50, 0xfd, 0x01, 0x00,
    0x2f, 0x01, 0x03, 0x00, 0x02, 0x00, 0x00, 0x00, 0x00, 0x40, 0x00, 0x00,
    0xd0, 0xee, 0x01, 0x00, 0x0b, 0x01, 0x02, 0x00, 0x0c, 0x01, 0x02, 0x00,
    0x01, 0x01, 0x04, 0x00, 0x02, 0x01, 0x04, 0x00, 0x10, 0x40, 0x00, 0x00,
    0xd0, 0x3a, 0x02, 0x00, 0x21, 0x01, 0x02, 0x00, 0x20, 0x01, 0x08, 0x00,
    0x20, 0x40, 0x00, 0x00, 0xf0, 0x04, 0x00, 0x00, 0x21, 0x40, 0x00, 0x00,
    0x90, 0x01, 0x00, 0x00, 0x22, 0x40, 0x00, 0x00, 0x70, 0x04, 0x00, 0x00,
    0x0d, 0x01, 0x12, 0x00, 0x03, 0x00, 0x00, 0x00, 0x00, 0x40, 0x00, 0x00,
    0x70, 0xf2, 0x01, 0x00, 0x02, 0x40, 0x00, 0x00, 0xf0, 0xe3, 0x01, 0x00,
    0x0b, 0x01, 0x01, 0x00, 0x0c, 0x01, 0x01, 0x00, 0x10, 0x40, 0x00, 0x00,
    0x70, 0x3e, 0x02, 0x00, 0x03, 0x00, 0x00, 0x00, 0x00, 0x40, 0x00, 0x00,
    0xd0, 0x3a, 0x02, 0x00, 0x02, 0x40, 0x00, 0x00, 0x00, 0x00, 0x00, 0x00,
    0x0b, 0x01, 0x00, 0x00, 0x0c, 0x01, 0x00, 0x00, 0x01, 0x01, 0x00, 0x00,
    0x02, 0x01, 0x00, 0x00, 0x10, 0x40, 0x00, 0x00, 0x30, 0x94, 0x01, 0x00,
    0x21, 0x01, 0x00, 0x00, 0x20, 0x01, 0x00, 0x00, 0x20, 0x40, 0x00, 0x00,
    0x00, 0x07, 0x00, 0x00, 0x21, 0x40, 0x00, 0x00, 0x00, 0x01, 0x00, 0x00,
    0x22, 0x40, 0x00, 0x00, 0x80, 0x06, 0x00, 0x00, 0x0d, 0x01, 0x0a, 0x00,
    0x2f, 0x01, 0x01, 0x00, 0x02, 0x00, 0x00, 0x00, 0x00, 0x40, 0x00, 0x00,
    0x70, 0x3e, 0x02, 0x00, 0x10, 0x40, 0x00, 0x00, 0xd0, 0x97, 0x01, 0x00,
    0x2f, 0x01, 0x03, 0x00, 0x02, 0x00, 0x00, 0x00, 0x00, 0x40, 0x00, 0x00,
    0x10, 0xf6, 0x01, 0x00, 0x02, 0x40, 0x00, 0x00, 0xf0, 0xe3, 0x01, 0x00,
    0x01, 0x01, 0x04, 0x00, 0x02, 0x01, 0x04, 0x00, 0x10, 0x40, 0x00, 0x00,
    0xd0, 0x3a, 0x02, 0x00, 0x21, 0x01, 0x02, 0x00, 0x20, 0x01, 0x08, 0x00,
    0x20, 0x40, 0x00, 0x00, 0xf0, 0x04, 0x00, 0x00, 0x21, 0x40, 0x00, 0x00,
    0x90, 0x01, 0x00, 0x00, 0x22, 0x40, 0x00, 0x00, 0x70, 0x04, 0x00, 0x00,
    0x0d, 0x01, 0x12, 0x00, 0x03, 0x00, 0x00, 0x00, 0x00, 0x40, 0x00, 0x00,
    0xd0, 0xd1, 0x01, 0x00, 0x02, 0x40, 0x00, 0x00, 0x00, 0x00, 0x00, 0x00,
    0x0b, 0x01, 0x02, 0x00, 0x0c, 0x01, 0x02, 0x00, 0x01, 0x01, 0x03, 0x00,
    0x02, 0x01, 0x03, 0x00, 0x10, 0x40, 0x00, 0x00, 0x90, 0x33, 0x02, 0x00,
    0x20, 0x01, 0x06, 0x00, 0x20, 0x40, 0x00, 0x00, 0xe0, 0x01, 0x00, 0x00,
    0x21, 0x40, 0x00, 0x00, 0x30, 0x01, 0x00, 0x00, 0x22, 0x40, 0x00, 0x00,
    0x60, 0x01, 0x00, 0x00, 0x0d, 0x01, 0x0a, 0x00, 0x03, 0x00, 0x00, 0x00,
    0x00, 0x40, 0x00, 0x00, 0x70, 0xd5, 0x01, 0x00, 0x10, 0x40, 0x00, 0x00,
    0x30, 0x37, 0x02, 0x00, 0x03, 0x00, 0x00, 0x00, 0x00, 0x40, 0x00, 0x00,
    0x90, 0x33, 0x02, 0x00, 0x0b, 0x01, 0x00, 0x00, 0x0c, 0x01, 0x00, 0x00,
    0x01, 0x01, 0x00, 0x00, 0x02, 0x01, 0x00, 0x00, 0x10, 0x40, 0x00, 0x00,
    0x30, 0xeb, 0x01, 0x00, 0x21, 0x01, 0x00, 0x00, 0x20, 0x01, 0x00, 0x00,
    0x20, 0x40, 0x00, 0x00, 0x90, 0x03, 0x00, 0x00, 0x21, 0x40, 0x00, 0x00,
    0xe0, 0x00, 0x00, 0x00, 0x22, 0x40, 0x00, 0x00, 0x10, 0x03, 0x00, 0x00,
    0x2f, 0x01, 0x01, 0x00, 0x02, 0x00, 0x00, 0x00, 0x00, 0x40, 0x00, 0x00,
    0x30, 0x37, 0x02, 0x00, 0x10, 0x40, 0x00, 0x00, 0xd0, 0xee, 0x01, 0x00,
    0x2f, 0x01, 0x03, 0x00, 0x02, 0x00, 0x00, 0x00, 0x00, 0x40, 0x00, 0x00,
    0x10, 0xd9, 0x01, 0x00, 0x0b, 0x01, 0x02, 0x00, 0x0c, 0x01, 0x02, 0x00,
    0x01, 0x01, 0x03, 0x00, 0x02, 0x01, 0x03, 0x00, 0x10, 0x40, 0x00, 0x00,
    0x90, 0x33, 0x02, 0x00, 0x21, 0x01, 0x02, 0x00, 0x20, 0x01, 0x06, 0x00,
    0x20, 0x40, 0x00, 0x00, 0xe0, 0x01, 0x00, 0x00, 0x21, 0x40, 0x00, 0x00,
    0x30, 0x01, 0x00, 0x00, 0x22, 0x40, 0x00, 0x00, 0x60, 0x01, 0x00, 0x00,
    0x03, 0x00, 0x00, 0x00, 0x00, 0x40, 0x00, 0x00, 0x10, 0xae, 0x00, 0x00,
    0x0b, 0x01, 0x01, 0x00, 0x0c, 0x01, 0x01, 0x00, 0x0a, 0x01, 0x72, 0x00,
    0x04, 0x01, 0x03, 0x00, 0x05, 0x40, 0x00, 0x00, 0xcc, 0x01, 0x00, 0x00,
    0x04, 0x40, 0x00, 0x00, 0x04, 0x00, 0x00, 0x00, 0x06, 0x40, 0x00, 0x00,
    0x01, 0x00, 0x00, 0x00, 0x09, 0x01, 0x00, 0x00, 0x05, 0x01, 0x01, 0x00,
    0x01, 0x01, 0x00, 0x00, 0x02, 0x01, 0x00, 0x00, 0x10, 0x40, 0x00, 0x00,
    0x30, 0x25, 0x02, 0x00, 0x11, 0x01, 0x72, 0x00, 0x1a, 0x01, 0x72, 0x00,
    0x13, 0x01, 0x03, 0x00, 0x15, 0x40, 0x00, 0x00, 0x30, 0x07, 0x00, 0x00,
    0x16, 0x40, 0x00, 0x00, 0x30, 0x07, 0x00, 0x00, 0x18, 0x01, 0x00, 0x00,
    0x14, 0x01, 0x41, 0x81, 0x21, 0x01, 0x01, 0x00, 0x20, 0x01, 0x00, 0x00,
    0x22, 0x01, 0x02, 0x00, 0x15, 0x01, 0x15, 0x00, 0x17, 0x01, 0x07, 0x00,
    0x05, 0x00, 0x01, 0x00, 0x00, 0x40, 0x00, 0x00, 0xa8, 0xb1, 0x00, 0x00,
    0x10, 0x40, 0x00, 0x00, 0x60, 0x2c, 0x02, 0x00, 0x05, 0x00, 0x01, 0x00,
    0x00, 0x40, 0x00, 0x00, 0x30, 0x25, 0x02, 0x00, 0x0b, 0x01, 0x00, 0x00,
    0x0c, 0x01, 0x00, 0x00, 0x05, 0x40, 0x00, 0x00, 0x30, 0x07, 0x00, 0x00,
    0x04, 0x40, 0x00, 0x00, 0x10, 0x00, 0x00, 0x00, 0x06, 0x40, 0x00, 0x00,
    0x30, 0x07, 0x00, 0x00, 0x05, 0x01, 0x41, 0x00, 0x01, 0x01, 0x01, 0x00,
    0x02, 0x01, 0x01, 0x00, 0x10, 0x40, 0x00, 0x00, 0x30, 0xce, 0x01, 0x00,
    0x11, 0x01, 0x39, 0x00, 0x1a, 0x01, 0x39, 0x00, 0x13, 0x01, 0x0b, 0x00,
    0x15, 0x40, 0x00, 0x00, 0xa0, 0x03, 0x00, 0x00, 0x16, 0x40, 0x00, 0x00,
    0xa0, 0x03, 0x00, 0x00, 0x18, 0x01, 0x80, 0xff, 0x14, 0x01, 0x41, 0x00,
    0x21, 0x01, 0x00, 0x00, 0x20, 0x01, 0x02, 0x00, 0x22, 0x01, 0x05, 0x00,
    0x20, 0x40, 0x00, 0x00, 0x80, 0x00, 0x00, 0x00, 0x21, 0x40, 0x00, 0x00,
    0xe0, 0x00, 0x00, 0x00, 0x22, 0x40, 0x00, 0x00, 0x00, 0x00, 0x00, 0x00,
    0x15, 0x01, 0x39, 0x00, 0x17, 0x01, 0x0f, 0x00, 0x2f, 0x01, 0x01, 0x00,
    0x02, 0x00, 0x00, 0x00, 0x00, 0x40, 0x00, 0x00, 0x60, 0x2c, 0x02, 0x00,
    0x10, 0x40, 0x00, 0x00, 0xd0, 0xd1, 0x01, 0x00, 0x2f, 0x01, 0x03, 0x00,
    0x02, 0x00, 0x00, 0x00, 0x00, 0x40, 0x00, 0x00, 0x40, 0xb5, 0x00, 0x00,
    0x0b, 0x01, 0x01, 0x00, 0x0c, 0x01, 0x01, 0x00, 0x05, 0x40, 0x00, 0x00,
    0xcc, 0x01, 0x00, 0x00, 0x04, 0x40, 0x00, 0x00, 0x04, 0x00, 0x00, 0x00,
    0x06, 0x40, 0x00, 0x00, 0x01, 0x00, 0x00, 0x00, 0x05, 0x01, 0x01, 0x00,
    0x01, 0x01, 0x00, 0x00, 0x02, 0x01, 0x00, 0x00, 0x10, 0x40, 0x00, 0x00,
    0x30, 0x25, 0x02, 0x00, 0x11, 0x01, 0x72, 0x00, 0x1a, 0x01, 0x72, 0x00,
    0x13, 0x01, 0x03, 0x00, 0x15, 0x40, 0x00, 0x00, 0x30, 0x07, 0x00, 0x00,
    0x16, 0x40, 0x00, 0x00, 0x30, 0x07, 0x00, 0x00, 0x18, 0x01, 0x00, 0x00,
    0x14, 0x01, 0x41, 0x81, 0x21, 0x01, 0x01, 0x00, 0x20, 0x01, 0x00, 0x00,
    0x22, 0x01, 0x02, 0x00, 0x15, 0x01, 0x15, 0x00, 0x17, 0x01, 0x07, 0x00,
    0x05, 0x00, 0x01, 0x00, 0x00, 0x40, 0x00, 0x00, 0xd8, 0xb8, 0x00, 0x00,
    0x10, 0x40, 0x00, 0x00, 0x60, 0x2c, 0x02, 0x00, 0x05, 0x00, 0x01, 0x00,
    0x00, 0x40, 0x00, 0x00, 0x30, 0x25, 0x02, 0x00, 0x0b, 0x01, 0x00, 0x00,
    0x0c, 0x01, 0x00, 0x00, 0x05, 0x40, 0x00, 0x00, 0x30, 0x07, 0x00, 0x00,
    0x04, 0x40, 0x00, 0x00, 0x10, 0x00, 0x00, 0x00, 0x06, 0x40, 0x00, 0x00,
    0x30, 0x07, 0x00, 0x00, 0x05, 0x01, 0x41, 0x00, 0x01, 0x01, 0x01, 0x00,
    0x02, 0x01, 0x01, 0x00, 0x10, 0x40, 0x00, 0x00, 0x70, 0xd5, 0x01, 0x00,
    0x11, 0x01, 0x39, 0x00, 0x1a, 0x01, 0x39, 0x00, 0x13, 0x01, 0x0b, 0x00,
    0x15, 0x40, 0x00, 0x00, 0xa0, 0x03, 0x00, 0x00, 0x16, 0x40, 0x00, 0x00,
    0xa0, 0x03, 0x00, 0x00, 0x18, 0x01, 0x80, 0xff, 0x14, 0x01, 0x41, 0x00,
    0x21, 0x01, 0x00, 0x00, 0x20, 0x01, 0x02, 0x00, 0x22, 0x01, 0x05, 0x00,
    0x15, 0x01, 0x39, 0x00, 0x17, 0x01, 0x0f, 0x00, 0x2f, 0x01, 0x01, 0x00,
    0x02, 0x00, 0x00, 0x00, 0x00, 0x40, 0x00, 0x00, 0x60, 0x2c, 0x02, 0x00,
    0x10, 0x40, 0x00, 0x00, 0x10, 0xd9, 0x01, 0x00, 0x2f, 0x01, 0x03, 0x00,
    0x02, 0x00, 0x00, 0x00, 0x00, 0x40, 0x00, 0x00, 0xb0, 0xdc, 0x01, 0x00,
    0x02, 0x40, 0x00, 0x00, 0x30, 0xce, 0x01, 0x00, 0x0b, 0x01, 0x01, 0x00,
    0x0c, 0x01, 0x01, 0x00, 0x0a, 0x01, 0x39, 0x00, 0x04, 0x01, 0x0b, 0x00,
    0x05, 0x40, 0x00, 0x00, 0xa0, 0x03, 0x00, 0x00, 0x06, 0x40, 0x00, 0x00,
    0xa0, 0x03, 0x00, 0x00, 0x09, 0x01, 0x80, 0xff, 0x01, 0x01, 0x03, 0x00,
    0x02, 0x01, 0x03, 0x00, 0x10, 0x40, 0x00, 0x00, 0x30, 0x37, 0x02, 0x00,
    0x21, 0x01, 0x02, 0x00, 0x20, 0x01, 0x06, 0x00, 0x22, 0x01, 0x00, 0x00,
    0x20, 0x40, 0x00, 0x00, 0xe0, 0x01, 0x00, 0x00, 0x21, 0x40, 0x00, 0x00,
    0x30, 0x01, 0x00, 0x00, 0x22, 0x40, 0x00, 0x00, 0x60, 0x01, 0x00, 0x00,
    0x2f, 0x01, 0x01, 0x00, 0x03, 0x00, 0x00, 0x00, 0x00, 0x40, 0x00, 0x00,
    0x90, 0x33, 0x02, 0x00, 0x02, 0x40, 0x00, 0x00, 0x00, 0x00, 0x00, 0x00,
    0x0b, 0x01, 0x00, 0x00, 0x0c, 0x01, 0x00, 0x00, 0x01, 0x01, 0x00, 0x00,
    0x02, 0x01, 0x00, 0x00, 0x10, 0x40, 0x00, 0x00, 0x70, 0xf2, 0x01, 0x00,
    0x21, 0x01, 0x00, 0x00, 0x20, 0x01, 0x00, 0x00, 0x20, 0x40, 0x00, 0x00,
    0x90, 0x03, 0x00, 0x00, 0x21, 0x40, 0x00, 0x00, 0xe0, 0x00, 0x00, 0x00,
    0x22, 0x40, 0x00, 0x00, 0x10, 0x03, 0x00, 0x00, 0x02, 0x00, 0x00, 0x00,
    0x00, 0x40, 0x00, 0x00, 0x30, 0x37, 0x02, 0x00, 0x10, 0x40, 0x00, 0x00,
    0x10, 0xf6, 0x01, 0x00, 0x2f, 0x01, 0x03, 0x00, 0x02, 0x00, 0x00, 0x00,
    0x00, 0x40, 0x00, 0x00, 0xf0, 0xe3, 0x01, 0x00, 0x0b, 0x01, 0x02, 0x00,
    0x0c, 0x01, 0x02, 0x00, 0x01, 0x01, 0x04, 0x00, 0x02, 0x01, 0x04, 0x00,
    0x10, 0x40, 0x00, 0x00, 0x70, 0x3e, 0x02, 0x00, 0x21, 0x01, 0x02, 0x00,
    0x20, 0x01, 0x08, 0x00, 0x20, 0x40, 0x00, 0x00, 0xf0, 0x04, 0x00, 0x00,
    0x21, 0x40, 0x00, 0x00, 0x90, 0x01, 0x00, 0x00, 0x22, 0x40, 0x00, 0x00,
    0x70, 0x04, 0x00, 0x00, 0x0d, 0x01, 0x12, 0x00, 0x2f, 0x01, 0x01, 0x00,
    0x03, 0x00, 0x00, 0x00, 0x00, 0x40, 0x00, 0x00, 0xd0, 0x3a, 0x02, 0x00,
    0x0b, 0x01, 0x00, 0x00, 0x0c, 0x01, 0x00, 0x00, 0x01, 0x01, 0x00, 0x00,
    0x02, 0x01, 0x00, 0x00, 0x10, 0x40, 0x00, 0x00, 0x70, 0x9b, 0x01, 0x00,
    0x21, 0x01, 0x00, 0x00, 0x20, 0x01, 0x00, 0x00, 0x20, 0x40, 0x00, 0x00,
    0x00, 0x07, 0x00, 0x00, 0x21, 0x40, 0x00, 0x00, 0x00, 0x01, 0x00, 0x00,
    0x22, 0x40, 0x00, 0x00, 0x80, 0x06, 0x00, 0x00, 0x0d, 0x01, 0x0a, 0x00,
    0x02, 0x00, 0x00, 0x00, 0x00, 0x40, 0x00, 0x00, 0x70, 0x3e, 0x02, 0x00,
    0x10, 0x40, 0x00, 0x00, 0x10, 0x9f, 0x01, 0x00, 0x2f, 0x01, 0x03, 0x00,
    0x02, 0x00, 0x00, 0x00, 0x00, 0x40, 0x00, 0x00, 0x90, 0xe7, 0x01, 0x00,
    0x0b, 0x01, 0x02, 0x00, 0x0c, 0x01, 0x02, 0x00, 0x01, 0x01, 0x04, 0x00,
    0x02, 0x01, 0x04, 0x00, 0x10, 0x40, 0x00, 0x00, 0xd0, 0x3a, 0x02, 0x00,
    0x21, 0x01, 0x02, 0x00, 0x20, 0x01, 0x08, 0x00, 0x20, 0x40, 0x00, 0x00,
    0xf0, 0x04, 0x00, 0x00, 0x21, 0x40, 0x00, 0x00, 0x90, 0x01, 0x00, 0x00,
    0x22, 0x40, 0x00, 0x00, 0x70, 0x04, 0x00, 0x00, 0x0d, 0x01, 0x12, 0x00,
    0x03, 0x00, 0x00, 0x00, 0x00, 0x40, 0x00, 0x00, 0x30, 0xeb, 0x01, 0x00,
    0x10, 0x40, 0x00, 0x00, 0x70, 0x3e, 0x02, 0x00, 0x03, 0x00, 0x00, 0x00,
    0x00, 0x40, 0x00, 0x00, 0xd0, 0x3a, 0x02, 0x00, 0x0b, 0x01, 0x00, 0x00,
    0x0c, 0x01, 0x00, 0x00, 0x01, 0x01, 0x00, 0x00, 0x02, 0x01, 0x00, 0x00,
    0x10, 0x40, 0x00, 0x00, 0xb0, 0xa2, 0x01, 0x00, 0x21, 0x01, 0x00, 0x00,
    0x20, 0x01, 0x00, 0x00, 0x20, 0x40, 0x00, 0x00, 0x00, 0x07, 0x00, 0x00,
    0x21, 0x40, 0x00, 0x00, 0x00, 0x01, 0x00, 0x00, 0x22, 0x40, 0x00, 0x00,
    0x80, 0x06, 0x00, 0x00, 0x0d, 0x01, 0x0a, 0x00, 0x2f, 0x01, 0x01, 0x00,
    0x02, 0x00, 0x00, 0x00, 0x00, 0x40, 0x00, 0x00, 0x70, 0x3e, 0x02, 0x00,
    0x10, 0x40, 0x00, 0x00, 0x50, 0xa6, 0x01, 0x00, 0x2f, 0x01, 0x03, 0x00,
    0x02, 0x00, 0x00, 0x00, 0x00, 0x40, 0x00, 0x00, 0xb0, 0x85, 0x01, 0x00,
    0x0b, 0x01, 0x04, 0x00, 0x0c, 0x01, 0x04, 0x00, 0x01, 0x01, 0x01, 0x00,
    0x02, 0x01, 0x01, 0x00, 0x10, 0x40, 0x00, 0x00, 0x10, 0x42, 0x02, 0x00,
    0x21, 0x01, 0x04, 0x00, 0x20, 0x01, 0x02, 0x00, 0x20, 0x40, 0x00, 0x00,
    0x80, 0x08, 0x00, 0x00, 0x21, 0x40, 0x00, 0x00, 0xe0, 0x00, 0x00, 0x00,
    0x22, 0x40, 0x00, 0x00, 0x00, 0x08, 0x00, 0x00, 0x0d, 0x01, 0x12, 0x00,
    0x2f, 0x01, 0x01, 0x00, 0x03, 0x00, 0x00, 0x00, 0x00, 0x40, 0x00, 0x00,
    0x50, 0x89, 0x01, 0x00, 0x10, 0x40, 0x00, 0x00, 0xb0, 0x45, 0x02, 0x00,
    0x2f, 0x01, 0x03, 0x00, 0x03, 0x00, 0x00, 0x00, 0x00, 0x40, 0x00, 0x00,
    0x10, 0x42, 0x02, 0x00, 0x0b, 0x01, 0x00, 0x00, 0x0c, 0x01, 0x00, 0x00,
    0x01, 0x01, 0x00, 0x00, 0x02, 0x01, 0x00, 0x00, 0x10, 0x40, 0x00, 0x00,
    0xf0, 0x00, 0x02, 0x00, 0x21, 0x01, 0x00, 0x00, 0x20, 0x01, 0x00, 0x00,
    0x20, 0x40, 0x00, 0x00, 0xe0, 0x09, 0x00, 0x00, 0x21, 0x40, 0x00, 0x00,
    0x00, 0x01, 0x00, 0x00, 0x22, 0x40, 0x00, 0x00, 0x60, 0x09, 0x00, 0x00,
    0x0d, 0x01, 0x0a, 0x00, 0x2f, 0x01, 0x01, 0x00, 0x02, 0x00, 0x00, 0x00,
    0x00, 0x40, 0x00, 0x00, 0xb0, 0x45, 0x02, 0x00, 0x10, 0x40, 0x00, 0x00,
    0x90, 0x04, 0x02, 0x00, 0x2f, 0x01, 0x03, 0x00, 0x02, 0x00, 0x00, 0x00,
    0x00, 0x40, 0x00, 0x00, 0x30, 0x08, 0x02, 0x00, 0x02, 0x40, 0x00, 0x00,
    0xb0, 0xf9, 0x01, 0x00, 0x0b, 0x01, 0x01, 0x00, 0x0c, 0x01, 0x01, 0x00,
    0x01, 0x01, 0x03, 0x00, 0x02, 0x01, 0x03, 0x00, 0x10, 0x40, 0x00, 0x00,
    0xf0, 0x4c, 0x02, 0x00, 0x21, 0x01, 0x02, 0x00, 0x20, 0x01, 0x06, 0x00,
    0x20, 0x40, 0x00, 0x00, 0x60, 0x0b, 0x00, 0x00, 0x21, 0x40, 0x00, 0x00,
    0x40, 0x01, 0x00, 0x00, 0x22, 0x40, 0x00, 0x00, 0xe0, 0x0a, 0x00, 0x00,
    0x2f, 0x01, 0x01, 0x00, 0x03, 0x00, 0x00, 0x00, 0x00, 0x40, 0x00, 0x00,
    0x50, 0x49, 0x02, 0x00, 0x02, 0x40, 0x00, 0x00, 0x00, 0x00, 0x00, 0x00,
    0x0b, 0x01, 0x00, 0x00, 0x0c, 0x01, 0x00, 0x00, 0x01, 0x01, 0x00, 0x00,
    0x02, 0x01, 0x00, 0x00, 0x10, 0x40, 0x00, 0x00, 0xf0, 0x1d, 0x02, 0x00,
    0x21, 0x01, 0x00, 0x00, 0x20, 0x01, 0x00, 0x00, 0x20, 0x40, 0x00, 0x00,
    0x20, 0x0d, 0x00, 0x00, 0x21, 0x40, 0x00, 0x00, 0x00, 0x01, 0x00, 0x00,
    0x22, 0x40, 0x00, 0x00, 0xa0, 0x0c, 0x00, 0x00, 0x02, 0x00, 0x00, 0x00,
    0x00, 0x40, 0x00, 0x00, 0xf0, 0x4c, 0x02, 0x00, 0x10, 0x40, 0x00, 0x00,
    0x90, 0x21, 0x02, 0x00, 0x2f, 0x01, 0x03, 0x00, 0x02, 0x00, 0x00, 0x00,
    0x00, 0x40, 0x00, 0x00, 0x70, 0x0f, 0x02, 0x00, 0x0b, 0x01, 0x02, 0x00,
    0x0c, 0x01, 0x02, 0x00, 0x01, 0x01, 0x04, 0x00, 0x02, 0x01, 0x04, 0x00,
    0x10, 0x40, 0x00, 0x00, 0x30, 0x54, 0x02, 0x00, 0x21, 0x01, 0x02, 0x00,
    0x20, 0x01, 0x08, 0x00, 0x20, 0x40, 0x00, 0x00, 0xa0, 0x0e, 0x00, 0x00,
    0x21, 0x40, 0x00, 0x00, 0x80, 0x01, 0x00, 0x00, 0x22, 0x40, 0x00, 0x00,
    0x20, 0x0e, 0x00, 0x00, 0x0d, 0x01, 0x12, 0x00, 0x2f, 0x01, 0x01, 0x00,
    0x03, 0x00, 0x00, 0x00, 0x00, 0x40, 0x00, 0x00, 0x90, 0x50, 0x02, 0x00,
    0x0b, 0x01, 0x00, 0x00, 0x0c, 0x01, 0x00, 0x00, 0x01, 0x01, 0x00, 0x00,
    0x02, 0x01, 0x00, 0x00, 0x10, 0x40, 0x00, 0x00, 0x70, 0xb8, 0x01, 0x00,
    0x21, 0x01, 0x00, 0x00, 0x20, 0x01, 0x00, 0x00, 0x20, 0x40, 0x00, 0x00,
    0xa0, 0x10, 0x00, 0x00, 0x21, 0x40, 0x00, 0x00, 0xf0, 0x00, 0x00, 0x00,
    0x22, 0x40, 0x00, 0x00, 0x20, 0x10, 0x00, 0x00, 0x0d, 0x01, 0x0a, 0x00,
    0x02, 0x00, 0x00, 0x00, 0x00, 0x40, 0x00, 0x00, 0x30, 0x54, 0x02, 0x00,
    0x10, 0x40, 0x00, 0x00, 0x10, 0xbc, 0x01, 0x00, 0x2f, 0x01, 0x03, 0x00,
    0x02, 0x00, 0x00, 0x00, 0x00, 0x40, 0x00, 0x00, 0x10, 0x13, 0x02, 0x00,
    0x0b, 0x01, 0x02, 0x00, 0x0c, 0x01, 0x02, 0x00, 0x01, 0x01, 0x04, 0x00,
    0x02, 0x01, 0x04, 0x00, 0x10, 0x40, 0x00, 0x00, 0x90, 0x50, 0x02, 0x00,
    0x21, 0x01, 0x02, 0x00, 0x20, 0x01, 0x08, 0x00, 0x20, 0x40, 0x00, 0x00,
    0xa0, 0x0e, 0x00, 0x00, 0x21, 0x40, 0x00, 0x00, 0x80, 0x01, 0x00, 0x00,
    0x22, 0x40, 0x00, 0x00, 0x20, 0x0e, 0x00, 0x00, 0x0d, 0x01, 0x12, 0x00,
    0x03, 0x00, 0x00, 0x00, 0x00, 0x40, 0x00, 0x00, 0xb0, 0x16, 0x02, 0x00,
    0x10, 0x40, 0x00, 0x00, 0x30, 0x54, 0x02, 0x00, 0x03, 0x00, 0x00, 0x00,
    0x00, 0x40, 0x00, 0x00, 0x90, 0x50, 0x02, 0x00, 0x0b, 0x01, 0x00, 0x00,
    0x0c, 0x01, 0x00, 0x00, 0x01, 0x01, 0x00, 0x00, 0x02, 0x01, 0x00, 0x00,
    0x10, 0x40, 0x00, 0x00, 0xb0, 0xbf, 0x01, 0x00, 0x21, 0x01, 0x00, 0x00,
    0x20, 0x01, 0x00, 0x00, 0x20, 0x40, 0x00, 0x00, 0xa0, 0x10, 0x00, 0x00,
    0x21, 0x40, 0x00, 0x00, 0xf0, 0x00, 0x00, 0x00, 0x22, 0x40, 0x00, 0x00,
    0x20, 0x10, 0x00, 0x00, 0x0d, 0x01, 0x0a, 0x00, 0x2f, 0x01, 0x01, 0x00,
    0x02, 0x00, 0x00, 0x00, 0x00, 0x40, 0x00, 0x00, 0x30, 0x54, 0x02, 0x00,
    0x10, 0x40, 0x00, 0x00, 0x50, 0xc3, 0x01, 0x00, 0x2f, 0x01, 0x03, 0x00,
    0x02, 0x00, 0x00, 0x00, 0x00, 0x40, 0x00, 0x00, 0xf0, 0xc6, 0x01, 0x00,
    0x02, 0x40, 0x00, 0x00, 0xf0, 0xa9, 0x01, 0x00, 0x0b, 0x01, 0x01, 0x00,
    0x0c, 0x01, 0x01, 0x00, 0x01, 0x01, 0x01, 0x00, 0x02, 0x01, 0x01, 0x00,
    0x10, 0x40, 0x00, 0x00, 0xd0, 0x57, 0x02, 0x00, 0x21, 0x01, 0x04, 0x00,
    0x20, 0x01, 0x02, 0x00, 0x20, 0x40, 0x00, 0x00, 0x10, 0x12, 0x00, 0x00,
    0x21, 0x40, 0x00, 0x00, 0xe0, 0x00, 0x00, 0x00, 0x22, 0x40, 0x00, 0x00,
    0x90, 0x11, 0x00, 0x00, 0x0d, 0x01, 0x12, 0x00, 0x2f, 0x01, 0x01, 0x00,
    0x03, 0x00, 0x00, 0x00, 0x00, 0x40, 0x00, 0x00, 0x90, 0xca, 0x01, 0x00,
    0x0b, 0x01, 0x00, 0x00, 0x0c, 0x01, 0x00, 0x00, 0x10, 0x40, 0x00, 0x00,
    0x70, 0x5b, 0x02, 0x00, 0x2f, 0x01, 0x03, 0x00, 0x03, 0x00, 0x00, 0x00,
    0x00, 0x40, 0x00, 0x00, 0xd0, 0x57, 0x02, 0x00, 0x02, 0x40, 0x00, 0x00,
    0x00, 0x00, 0x00, 0x00, 0x01, 0x01, 0x00, 0x00, 0x02, 0x01, 0x00, 0x00,
    0x10, 0x40, 0x00, 0x00, 0x10, 0x5f, 0x02, 0x00, 0x21, 0x01, 0x00, 0x00,
    0x20, 0x01, 0x00, 0x00, 0x20, 0x40, 0x00, 0x00, 0x70, 0x13, 0x00, 0x00,
    0x21, 0x40, 0x00, 0x00, 0x00, 0x01, 0x00, 0x00, 0x22, 0x40, 0x00, 0x00,
    0xf0, 0x12, 0x00, 0x00, 0x0d, 0x01, 0x0a, 0x00, 0x2f, 0x01, 0x01, 0x00,
    0x02, 0x00, 0x00, 0x00, 0x00, 0x40, 0x00, 0x00, 0x70, 0x5b, 0x02, 0x00,
    0x10, 0x40, 0x00, 0x00, 0xb0, 0x62, 0x02, 0x00, 0x2f, 0x01, 0x03, 0x00,
    0x02, 0x00, 0x00, 0x00, 0x00, 0x40, 0x00, 0x00, 0x10, 0x5f, 0x02, 0x00,
    0x10, 0x40, 0x00, 0x00, 0x88, 0x04, 0x00, 0x00, 0x13, 0x01, 0x00, 0x00,
    0x15, 0x40, 0x00, 0x00, 0x3a, 0x00, 0x00, 0x00, 0x14, 0x40, 0x00, 0x00,
    0x01, 0x00, 0x00, 0x00, 0x16, 0x40, 0x00, 0x00, 0x01, 0x00, 0x00, 0x00,
    0x18, 0x01, 0x75, 0x00, 0x14, 0x01, 0x01, 0x00, 0x20, 0x40, 0x00, 0x00,
    0x80, 0x14, 0x00, 0x00, 0x21, 0x40, 0x00, 0x00, 0x40, 0x00, 0x00, 0x00,
    0x22, 0x40, 0x00, 0x00, 0x70, 0x14, 0x00, 0x00, 0x23, 0x40, 0x00, 0x00,
    0x10, 0x00, 0x00, 0x00, 0x17, 0x01, 0x07, 0x00, 0x2f, 0x01, 0x01, 0x00,
    0x02, 0x00, 0x00, 0x00, 0x00, 0x40, 0x00, 0x00, 0xb0, 0x62, 0x02, 0x00,
    0x10, 0x40, 0x00, 0x00, 0xc2, 0x04, 0x00, 0x00, 0x2f, 0x01, 0x03, 0x00,
    0x02, 0x00, 0x00, 0x00, 0x00, 0x40, 0x00, 0x00, 0xf0, 0xa9, 0x01, 0x00,
    0x0b, 0x01, 0x04, 0x00, 0x0c, 0x01, 0x04, 0x00, 0x01, 0x01, 0x01, 0x00,
    0x02, 0x01, 0x01, 0x00, 0x10, 0x40, 0x00, 0x00, 0xd0, 0x57, 0x02, 0x00,
    0x13, 0x01, 0x0b, 0x00, 0x15, 0x40, 0x00, 0x00, 0xa0, 0x03, 0x00, 0x00,
    0x14, 0x40, 0x00, 0x00, 0x10, 0x00, 0x00, 0x00, 0x16, 0x40, 0x00, 0x00,
    0xa0, 0x03, 0x00, 0x00, 0x18, 0x01, 0x80, 0xff, 0x14, 0x01, 0x41, 0x00,
    0x21, 0x01, 0x04, 0x00, 0x20, 0x01, 0x02, 0x00, 0x20, 0x40, 0x00, 0x00,
    0x10, 0x12, 0x00, 0x00, 0x21, 0x40, 0x00, 0x00, 0xe0, 0x00, 0x00, 0x00,
    0x22, 0x40, 0x00, 0x00, 0x90, 0x11, 0x00, 0x00, 0x23, 0x40, 0x00, 0x00,
    0x80, 0x00, 0x00, 0x00, 0x17, 0x01, 0x0f, 0x00, 0x0d, 0x01, 0x12, 0x00,
    0x03, 0x00, 0x00, 0x00, 0x00, 0x40, 0x00, 0x00, 0x90, 0xad, 0x01, 0x00,
    0x10, 0x40, 0x00, 0x00, 0x70, 0x5b, 0x02, 0x00, 0x03, 0x00, 0x00, 0x00,
    0x00, 0x40, 0x00, 0x00, 0xd0, 0x57, 0x02, 0x00, 0x0b, 0x01, 0x00, 0x00,
    0x0c, 0x01, 0x00, 0x00, 0x01, 0x01, 0x00, 0x00, 0x02, 0x01, 0x00, 0x00,
    0x10, 0x40, 0x00, 0x00, 0x10, 0x5f, 0x02, 0x00, 0x21, 0x01, 0x00, 0x00,
    0x20, 0x01, 0x00, 0x00, 0x20, 0x40, 0x00, 0x00, 0x70, 0x13, 0x00, 0x00,
    0x21, 0x40, 0x00, 0x00, 0x00, 0x01, 0x00, 0x00, 0x22, 0x40, 0x00, 0x00,
    0xf0, 0x12, 0x00, 0x00, 0x0d, 0x01, 0x0a, 0x00, 0x2f, 0x01, 0x01, 0x00,
    0x02, 0x00, 0x00, 0x00, 0x00, 0x40, 0x00, 0x00, 0x70, 0x5b, 0x02, 0x00,
    0x10, 0x40, 0x00, 0x00, 0xb0, 0x62, 0x02, 0x00, 0x2f, 0x01, 0x03, 0x00,
    0x02, 0x00, 0x00, 0x00, 0x00, 0x40, 0x00, 0x00, 0x10, 0x5f, 0x02, 0x00,
    0x10, 0x40, 0x00, 0x00, 0xfc, 0x04, 0x00, 0x00, 0x13, 0x01, 0x00, 0x00,
    0x15, 0x40, 0x00, 0x00, 0x3a, 0x00, 0x00, 0x00, 0x14, 0x40, 0x00, 0x00,
    0x01, 0x00, 0x00, 0x00, 0x16, 0x40, 0x00, 0x00, 0x01, 0x00, 0x00, 0x00,
    0x18, 0x01, 0x75, 0x00, 0x14, 0x01, 0x01, 0x00, 0x20, 0x40, 0x00, 0x00,
    0x80, 0x14, 0x00, 0x00, 0x21, 0x40, 0x00, 0x00, 0x40, 0x00, 0x00, 0x00,
    0x22, 0x40, 0x00, 0x00, 0x70, 0x14, 0x00, 0x00, 0x23, 0x40, 0x00, 0x00,
    0x10, 0x00, 0x00, 0x00, 0x17, 0x01, 0x07, 0x00, 0x2f, 0x01, 0x01, 0x00,
    0x02, 0x00, 0x00, 0x00, 0x00, 0x40, 0x00, 0x00, 0xb0, 0x62, 0x02, 0x00,
    0x10, 0x40, 0x00, 0x00, 0x36, 0x05, 0x00, 0x00, 0x2f, 0x01, 0x03, 0x00,
    0x02, 0x00, 0x00, 0x00, 0x00, 0x40, 0x00, 0x00, 0x30, 0xb1, 0x01, 0x00,
    0x0b, 0x01, 0x04, 0x00, 0x0c, 0x01, 0x04, 0x00, 0x01, 0x01, 0x01, 0x00,
    0x02, 0x01, 0x01, 0x00, 0x10, 0x40, 0x00, 0x00, 0xd0, 0x57, 0x02, 0x00,
    0x13, 0x01, 0x0b, 0x00, 0x15, 0x40, 0x00, 0x00, 0xa0, 0x03, 0x00, 0x00,
    0x14, 0x40, 0x00, 0x00, 0x10, 0x00, 0x00, 0x00, 0x16, 0x40, 0x00, 0x00,
    0xa0, 0x03, 0x00, 0x00, 0x18, 0x01, 0x80, 0xff, 0x14, 0x01, 0x41, 0x00,
    0x21, 0x01, 0x04, 0x00, 0x20, 0x01, 0x02, 0x00, 0x20, 0x40, 0x00, 0x00,
    0x10, 0x12, 0x00, 0x00, 0x21, 0x40, 0x00, 0x00, 0xe0, 0x00, 0x00, 0x00,
    0x22, 0x40, 0x00, 0x00, 0x90, 0x11, 0x00, 0x00, 0x23, 0x40, 0x00, 0x00,
    0x80, 0x00, 0x00, 0x00, 0x17, 0x01, 0x0f, 0x00, 0x0d, 0x01, 0x12, 0x00,
    0x03, 0x00, 0x00, 0x00, 0x00, 0x40, 0x00, 0x00, 0xd0, 0xb4, 0x01, 0x00,
    0x10, 0x40, 0x00, 0x00, 0x70, 0x5b, 0x02, 0x00, 0x03, 0x00, 0x00, 0x00,
    0x00, 0x40, 0x00, 0x00, 0xd0, 0x57, 0x02, 0x00, 0x0b, 0x01, 0x00, 0x00,
    0x0c, 0x01, 0x00, 0x00, 0x01, 0x01, 0x00, 0x00, 0x02, 0x01, 0x00, 0x00,
    0x10, 0x40, 0x00, 0x00, 0x10, 0x5f, 0x02, 0x00, 0x21, 0x01, 0x00, 0x00,
    0x20, 0x01, 0x00, 0x00, 0x20, 0x40, 0x00, 0x00, 0x70, 0x13, 0x00, 0x00,
    0x21, 0x40, 0x00, 0x00, 0x00, 0x01, 0x00, 0x00, 0x22, 0x40, 0x00, 0x00,
    0xf0, 0x12, 0x00, 0x00, 0x0d, 0x01, 0x0a, 0x00, 0x2f, 0x01, 0x01, 0x00,
    0x02, 0x00, 0x00, 0x00, 0x00, 0x40, 0x00, 0x00, 0x70, 0x5b, 0x02, 0x00,
    0x10, 0x40, 0x00, 0x00, 0xb0, 0x62, 0x02, 0x00, 0x2f, 0x01, 0x03, 0x00,
    0x02, 0x00, 0x00, 0x00, 0x00, 0x40, 0x00, 0x00, 0x10, 0x5f, 0x02, 0x00,
    0x10, 0x40, 0x00, 0x00, 0x70, 0x05, 0x00, 0x00, 0x13, 0x01, 0x00, 0x00,
    0x15, 0x40, 0x00, 0x00, 0x3a, 0x00, 0x00, 0x00, 0x14, 0x40, 0x00, 0x00,
    0x01, 0x00, 0x00, 0x00, 0x16, 0x40, 0x00, 0x00, 0x01, 0x00, 0x00, 0x00,
    0x18, 0x01, 0x75, 0x00, 0x14, 0x01, 0x01, 0x00, 0x20, 0x40, 0x00, 0x00,
    0x80, 0x14, 0x00, 0x00, 0x21, 0x40, 0x00, 0x00, 0x40, 0x00, 0x00, 0x00,
    0x22, 0x40, 0x00, 0x00, 0x70, 0x14, 0x00, 0x00, 0x23, 0x40, 0x00, 0x00,
    0x10, 0x00, 0x00, 0x00, 0x17, 0x01, 0x07, 0x00, 0x2f, 0x01, 0x01, 0x00,
    0x02, 0x00, 0x00, 0x00, 0x00, 0x40, 0x00, 0x00, 0xb0, 0x62, 0x02, 0x00,
    0x10, 0x40, 0x00, 0x00, 0xaa, 0x05, 0x00, 0x00, 0x2f, 0x01, 0x03, 0x00,
    0x02, 0x00, 0x00, 0x00, 0x00, 0x40, 0x00, 0x00, 0x50, 0x1a, 0x02, 0x00,
    0x0b, 0x01, 0x02, 0x00, 0x0c, 0x01, 0x02, 0x00, 0x01, 0x01, 0x04, 0x00,
    0x02, 0x01, 0x04, 0x00, 0x10, 0x40, 0x00, 0x00, 0x90, 0x50, 0x02, 0x00,
    0x13, 0x01, 0x0b, 0x00, 0x15, 0x40, 0x00, 0x00, 0xa0, 0x03, 0x00, 0x00,
    0x14, 0x40, 0x00, 0x00, 0x10, 0x00, 0x00, 0x00, 0x16, 0x40, 0x00, 0x00,
    0xa0, 0x03, 0x00, 0x00, 0x18, 0x01, 0x80, 0xff, 0x14, 0x01, 0x41, 0x00,
    0x21, 0x01, 0x02, 0x00, 0x20, 0x01, 0x08, 0x00, 0x20, 0x40, 0x00, 0x00,
    0xa0, 0x0e, 0x00, 0x00, 0x21, 0x40, 0x00, 0x00, 0x80, 0x01, 0x00, 0x00,
    0x22, 0x40, 0x00, 0x00, 0x20, 0x0e, 0x00, 0x00, 0x23, 0x40, 0x00, 0x00,
    0x80, 0x00, 0x00, 0x00, 0x17, 0x01, 0x0f, 0x00, 0x0d, 0x01, 0x12, 0x00,
    0x03, 0x00, 0x00, 0x00, 0x00, 0x40, 0x00, 0x00, 0xd0, 0x0b, 0x02, 0x00,
    0x02, 0x40, 0x00, 0x00, 0xb0, 0xf9, 0x01, 0x00, 0x0b, 0x01, 0x00, 0x00,
    0x0c, 0x01, 0x00, 0x00, 0x01, 0x01, 0x03, 0x00, 0x02, 0x01, 0x03, 0x00,
    0x10, 0x40, 0x00, 0x00, 0x50, 0x49, 0x02, 0x00, 0x20, 0x01, 0x06, 0x00,
    0x20, 0x40, 0x00, 0x00, 0x60, 0x0b, 0x00, 0x00, 0x21, 0x40, 0x00, 0x00,
    0x40, 0x01, 0x00, 0x00, 0x22, 0x40, 0x00, 0x00, 0xe0, 0x0a, 0x00, 0x00,
    0x0d, 0x01, 0x0a, 0x00, 0x03, 0x00, 0x00, 0x00, 0x00, 0x40, 0x00, 0x00,
    0xb0, 0xf9, 0x01, 0x00, 0x02, 0x40, 0x00, 0x00, 0x00, 0x00, 0x00, 0x00,
    0x0b, 0x01, 0x02, 0x00, 0x0c, 0x01, 0x02, 0x00, 0x10, 0x40, 0x00, 0x00,
    0xf0, 0x4c, 0x02, 0x00, 0x03, 0x00, 0x00, 0x00, 0x00, 0x40, 0x00, 0x00,
    0x50, 0x49, 0x02, 0x00, 0x0b, 0x01, 0x00, 0x00, 0x0c, 0x01, 0x00, 0x00,
    0x01, 0x01, 0x00, 0x00, 0x02, 0x01, 0x00, 0x00, 0x10, 0x40, 0x00, 0x00,
    0x70, 0x0f, 0x02, 0x00, 0x21, 0x01, 0x00, 0x00, 0x20, 0x01, 0x00, 0x00,
    0x20, 0x40, 0x00, 0x00, 0x20, 0x0d, 0x00, 0x00, 0x21, 0x40, 0x00, 0x00,
    0x00, 0x01, 0x00, 0x00, 0x22, 0x40, 0x00, 0x00, 0xa0, 0x0c, 0x00, 0x00,
    0x2f, 0x01, 0x01, 0x00, 0x02, 0x00, 0x00, 0x00, 0x00, 0x40, 0x00, 0x00,
    0xf0, 0x4c, 0x02, 0x00, 0x10, 0x40, 0x00, 0x00, 0x10, 0x13, 0x02, 0x00,
    0x2f, 0x01, 0x03, 0x00, 0x02, 0x00, 0x00, 0x00, 0x00, 0x40, 0x00, 0x00,
    0x50, 0xfd, 0x01, 0x00, 0x0b, 0x01, 0x02, 0x00, 0x0c, 0x01, 0x02, 0x00,
    0x01, 0x01, 0x03, 0x00, 0x02, 0x01, 0x03, 0x00, 0x10, 0x40, 0x00, 0x00,
    0x50, 0x49, 0x02, 0x00, 0x21, 0x01, 0x02, 0x00, 0x20, 0x01, 0x06, 0x00,
    0x20, 0x40, 0x00, 0x00, 0x60, 0x0b, 0x00, 0x00, 0x21, 0x40, 0x00, 0x00,
    0x40, 0x01, 0x00, 0x00, 0x22, 0x40, 0x00, 0x00, 0xe0, 0x0a, 0x00, 0x00,
    0x03, 0x00, 0x00, 0x00, 0x00, 0x40, 0x00, 0x00, 0xf0, 0x8c, 0x01, 0x00,
    0x0b, 0x01, 0x04, 0x00, 0x0c, 0x01, 0x04, 0x00, 0x01, 0x01, 0x01, 0x00,
    0x02, 0x01, 0x01, 0x00, 0x10, 0x40, 0x00, 0x00, 0x10, 0x42, 0x02, 0x00,
    0x21, 0x01, 0x04, 0x00, 0x20, 0x01, 0x02, 0x00, 0x20, 0x40, 0x00, 0x00,
    0x80, 0x08, 0x00, 0x00, 0x21, 0x40, 0x00, 0x00, 0xe0, 0x00, 0x00, 0x00,
    0x22, 0x40, 0x00, 0x00, 0x00, 0x08, 0x00, 0x00, 0x0d, 0x01, 0x12, 0x00,
    0x03, 0x00, 0x00, 0x00, 0x00, 0x40, 0x00, 0x00, 0x90, 0x90, 0x01, 0x00,
    0x10, 0x40, 0x00, 0x00, 0xb0, 0x45, 0x02, 0x00, 0x03, 0x00, 0x00, 0x00,
    0x00, 0x40, 0x00, 0x00, 0x10, 0x42, 0x02, 0x00, 0x0b, 0x01, 0x00, 0x00,
    0x0c, 0x01, 0x00, 0x00, 0x01, 0x01, 0x00, 0x00, 0x02, 0x01, 0x00, 0x00,
    0x10, 0x40, 0x00, 0x00, 0x30, 0x08, 0x02, 0x00, 0x21, 0x01, 0x00, 0x00,
    0x20, 0x01, 0x00, 0x00, 0x20, 0x40, 0x00, 0x00, 0xe0, 0x09, 0x00, 0x00,
    0x21, 0x40, 0x00, 0x00, 0x00, 0x01, 0x00, 0x00, 0x22, 0x40, 0x00, 0x00,
    0x60, 0x09, 0x00, 0x00, 0x0d, 0x01, 0x0a, 0x00, 0x2f, 0x01, 0x01, 0x00,
    0x02, 0x00, 0x00, 0x00, 0x00, 0x40, 0x00, 0x00, 0xb0, 0x45, 0x02, 0x00,
    0x10, 0x40, 0x00, 0x00, 0xd0, 0x0b, 0x02, 0x00, 0x2f, 0x01, 0x03, 0x00,
    0x02, 0x00, 0x00, 0x00, 0x00, 0x40, 0x00, 0x00, 0x30, 0x94, 0x01, 0x00,
    0x0b, 0x01, 0x04, 0x00, 0x0c, 0x01, 0x04, 0x00, 0x01, 0x01, 0x01, 0x00,
    0x02, 0x01, 0x01, 0x00, 0x10, 0x40, 0x00, 0x00, 0x10, 0x42, 0x02, 0x00,
    0x21, 0x01, 0x04, 0x00, 0x20, 0x01, 0x02, 0x00, 0x20, 0x40, 0x00, 0x00,
    0x80, 0x08, 0x00, 0x00, 0x21, 0x40, 0x00, 0x00, 0xe0, 0x00, 0x00, 0x00,
    0x22, 0x40, 0x00, 0x00, 0x00, 0x08, 0x00, 0x00, 0x0d, 0x01, 0x12, 0x00,
    0x03, 0x00, 0x00, 0x00, 0x00, 0x40, 0x00, 0x00, 0xd0, 0x97, 0x01, 0x00,
    0x10, 0x40, 0x00, 0x00, 0xb0, 0x45, 0x02, 0x00, 0x03, 0x00, 0x00, 0x00,
    0x00, 0x40, 0x00, 0x00, 0x10, 0x42, 0x02, 0x00, 0x0b, 0x01, 0x00, 0x00,
    0x0c, 0x01, 0x00, 0x00, 0x01, 0x01, 0x00, 0x00, 0x02, 0x01, 0x00, 0x00,
    0x10, 0x40, 0x00, 0x00, 0xb0, 0xf9, 0x01, 0x00, 0x21, 0x01, 0x00, 0x00,
    0x20, 0x01, 0x00, 0x00, 0x20, 0x40, 0x00, 0x00, 0xe0, 0x09, 0x00, 0x00,
    0x21, 0x40, 0x00, 0x00, 0x00, 0x01, 0x00, 0x00, 0x22, 0x40, 0x00, 0x00,
    0x60, 0x09, 0x00, 0x00, 0x0d, 0x01, 0x0a, 0x00, 0x2f, 0x01, 0x01, 0x00,
    0x02, 0x00, 0x00, 0x00, 0x00, 0x40, 0x00, 0x00, 0xb0, 0x45, 0x02, 0x00,
    0x10, 0x40, 0x00, 0x00, 0x50, 0xfd, 0x01, 0x00, 0x2f, 0x01, 0x03, 0x00,
    0x02, 0x00, 0x00, 0x00, 0x00, 0x40, 0x00, 0x00, 0xf0, 0x00, 0x02, 0x00,
    0x0b, 0x01, 0x02, 0x00, 0x0c, 0x01, 0x02, 0x00, 0x01, 0x01, 0x03, 0x00,
    0x02, 0x01, 0x03, 0x00, 0x10, 0x40, 0x00, 0x00, 0xf0, 0x4c, 0x02, 0x00,
    0x21, 0x01, 0x02, 0x00, 0x20, 0x01, 0x06, 0x00, 0x20, 0x40, 0x00, 0x00,
    0x60, 0x0b, 0x00, 0x00, 0x21, 0x40, 0x00, 0x00, 0x40, 0x01, 0x00, 0x00,
    0x22, 0x40, 0x00, 0x00, 0xe0, 0x0a, 0x00, 0x00, 0x2f, 0x01, 0x01, 0x00,
    0x03, 0x00, 0x00, 0x00, 0x00, 0x40, 0x00, 0x00, 0x50, 0x49, 0x02, 0x00,
    0x0b, 0x01, 0x00, 0x00, 0x0c, 0x01, 0x00, 0x00, 0x01, 0x01, 0x00, 0x00,
    0x02, 0x01, 0x00, 0x00, 0x10, 0x40, 0x00, 0x00, 0xb0, 0x16, 0x02, 0x00,
    0x21, 0x01, 0x00, 0x00, 0x20, 0x01, 0x00, 0x00, 0x20, 0x40, 0x00, 0x00,
    0x20, 0x0d, 0x00, 0x00, 0x21, 0x40, 0x00, 0x00, 0x00, 0x01, 0x00, 0x00,
    0x22, 0x40, 0x00, 0x00, 0xa0, 0x0c, 0x00, 0x00, 0x02, 0x00, 0x00, 0x00,
    0x00, 0x40, 0x00, 0x00, 0xf0, 0x4c, 0x02, 0x00, 0x10, 0x40, 0x00, 0x00,
    0x50, 0x1a, 0x02, 0x00, 0x2f, 0x01, 0x03, 0x00, 0x02, 0x00, 0x00, 0x00,
    0x00, 0x40, 0x00, 0x00, 0xf0, 0x1d, 0x02, 0x00, 0x02, 0x40, 0x00, 0x00,
    0x70, 0x0f, 0x02, 0x00, 0x0b, 0x01, 0x01, 0x00, 0x0c, 0x01, 0x01, 0x00,
    0x01, 0x01, 0x04, 0x00, 0x02, 0x01, 0x04, 0x00, 0x10, 0x40, 0x00, 0x00,
    0x30, 0x54, 0x02, 0x00, 0x21, 0x01, 0x02, 0x00, 0x20, 0x01, 0x08, 0x00,
    0x20, 0x40, 0x00, 0x00, 0xa0, 0x0e, 0x00, 0x00, 0x21, 0x40, 0x00, 0x00,
    0x80, 0x01, 0x00, 0x00, 0x22, 0x40, 0x00, 0x00, 0x20, 0x0e, 0x00, 0x00,
    0x0d, 0x01, 0x12, 0x00, 0x2f, 0x01, 0x01, 0x00, 0x03, 0x00, 0x00, 0x00,
    0x00, 0x40, 0x00, 0x00, 0x90, 0x50, 0x02, 0x00, 0x02, 0x40, 0x00, 0x00,
    0x00, 0x00, 0x00, 0x00, 0x0b, 0x01, 0x00, 0x00, 0x0c, 0x01, 0x00, 0x00,
    0x01, 0x01, 0x00, 0x00, 0x02, 0x01, 0x00, 0x00, 0x10, 0x40, 0x00, 0x00,
    0xf0, 0xc6, 0x01, 0x00, 0x21, 0x01, 0x00, 0x00, 0x20, 0x01, 0x00, 0x00,
    0x20, 0x40, 0x00, 0x00, 0xa0, 0x10, 0x00, 0x00, 0x21, 0x40, 0x00, 0x00,
    0xf0, 0x00, 0x00, 0x00, 0x22, 0x40, 0x00, 0x00, 0x20, 0x10, 0x00, 0x00,
    0x0d, 0x01, 0x0a, 0x00, 0x02, 0x00, 0x00, 0x00, 0x00, 0x40, 0x00, 0x00,
    0x30, 0x54, 0x02, 0x00, 0x10, 0x40, 0x00, 0x00, 0x90, 0xca, 0x01, 0x00,
    0x2f, 0x01, 0x03, 0x00, 0x02, 0x00, 0x00, 0x00, 0x00, 0x40, 0x00, 0x00,
    0x90, 0x21, 0x02, 0x00, 0x02, 0x40, 0x00, 0x00, 0x70, 0x0f, 0x02, 0x00,
    0x01, 0x01, 0x04, 0x00, 0x02, 0x01, 0x04, 0x00, 0x10, 0x40, 0x00, 0x00,
    0x90, 0x50, 0x02, 0x00, 0x21, 0x01, 0x02, 0x00, 0x20, 0x01, 0x08, 0x00,
    0x20, 0x40, 0x00, 0x00, 0xa0, 0x0e, 0x00, 0x00, 0x21, 0x40, 0x00, 0x00,
    0x80, 0x01, 0x00, 0x00, 0x22, 0x40, 0x00, 0x00, 0x20, 0x0e, 0x00, 0x00,
    0x0d, 0x01, 0x12, 0x00, 0x03, 0x00, 0x00, 0x00, 0x00, 0x40, 0x00, 0x00,
    0x70, 0x0f, 0x02, 0x00, 0x02, 0x40, 0x00, 0x00, 0x00, 0x00, 0x00, 0x00,
    0x0b, 0x01, 0x02, 0x00, 0x0c, 0x01, 0x02, 0x00, 0x10, 0x40, 0x00, 0x00,
    0x30, 0x54, 0x02, 0x00, 0x03, 0x00, 0x00, 0x00, 0x00, 0x40, 0x00, 0x00,
    0x90, 0x50, 0x02, 0x00, 0x0b, 0x01, 0x00, 0x00, 0x0c, 0x01, 0x00, 0x00,
    0x01, 0x01, 0x00, 0x00, 0x02, 0x01, 0x00, 0x00, 0x10, 0x40, 0x00, 0x00,
    0xf0, 0xa9, 0x01, 0x00, 0x21, 0x01, 0x00, 0x00, 0x20, 0x01, 0x00, 0x00,
    0x20, 0x40, 0x00, 0x00, 0xa0, 0x10, 0x00, 0x00, 0x21, 0x40, 0x00, 0x00,
    0xf0, 0x00, 0x00, 0x00, 0x22, 0x40, 0x00, 0x00, 0x20, 0x10, 0x00, 0x00,
    0x0d, 0x01, 0x0a, 0x00, 0x2f, 0x01, 0x01, 0x00, 0x02, 0x00, 0x00, 0x00,
    0x00, 0x40, 0x00, 0x00, 0x30, 0x54, 0x02, 0x00, 0x10, 0x40, 0x00, 0x00,
    0x90, 0xad, 0x01, 0x00, 0x2f, 0x01, 0x03, 0x00, 0x02, 0x00, 0x00, 0x00,
    0x00, 0x40, 0x00, 0x00, 0x10, 0x13, 0x02, 0x00, 0x0b, 0x01, 0x02, 0x00,
    0x0c, 0x01, 0x02, 0x00, 0x01, 0x01, 0x04, 0x00, 0x02, 0x01, 0x04, 0x00,
    0x10, 0x40, 0x00, 0x00, 0x90, 0x50, 0x02, 0x00, 0x21, 0x01, 0x02, 0x00,
    0x20, 0x01, 0x08, 0x00, 0x20, 0x40, 0x00, 0x00, 0xa0, 0x0e, 0x00, 0x00,
    0x21, 0x40, 0x00, 0x00, 0x80, 0x01, 0x00, 0x00, 0x22, 0x40, 0x00, 0x00,
    0x20, 0x0e, 0x00, 0x00, 0x0d, 0x01, 0x12, 0x00, 0x03, 0x00, 0x00, 0x00,
    0x00, 0x40, 0x00, 0x00, 0x90, 0x04, 0x02, 0x00, 0x01, 0x01, 0x03, 0x00,
    0x02, 0x01, 0x03, 0x00, 0x10, 0x40, 0x00, 0x00, 0x50, 0x49, 0x02, 0x00,
    0x20, 0x01, 0x06, 0x00, 0x20, 0x40, 0x00, 0x00, 0x60, 0x0b, 0x00, 0x00,
    0x21, 0x40, 0x00, 0x00, 0x40, 0x01, 0x00, 0x00, 0x22, 0x40, 0x00, 0x00,
    0xe0, 0x0a, 0x00, 0x00, 0x0d, 0x01, 0x0a, 0x00, 0x03, 0x00, 0x00, 0x00,
    0x00, 0x40, 0x00, 0x00, 0x30, 0x08, 0x02, 0x00, 0x02, 0x40, 0x00, 0x00,
    0xb0, 0xf9, 0x01, 0x00, 0x0b, 0x01, 0x01, 0x00, 0x0c, 0x01, 0x01, 0x00,
    0x10, 0x40, 0x00, 0x00, 0xf0, 0x4c, 0x02, 0x00, 0x03, 0x00, 0x00, 0x00,
    0x00, 0x40, 0x00, 0x00, 0x50, 0x49, 0x02, 0x00, 0x02, 0x40, 0x00, 0x00,
    0x00, 0x00, 0x00, 0x00, 0x0b, 0x01, 0x00, 0x00, 0x0c, 0x01, 0x00, 0x00,
    0x01, 0x01, 0x00, 0x00, 0x02, 0x01, 0x00, 0x00, 0x10, 0x40, 0x00, 0x00,
    0xf0, 0x1d, 0x02, 0x00, 0x21, 0x01, 0x00, 0x00, 0x20, 0x01, 0x00, 0x00,
    0x20, 0x40, 0x00, 0x00, 0x20, 0x0d, 0x00, 0x00, 0x21, 0x40, 0x00, 0x00,
    0x00, 0x01, 0x00, 0x00, 0x22, 0x40, 0x00, 0x00, 0xa0, 0x0c, 0x00, 0x00,
    0x2f, 0x01, 0x01, 0x00, 0x02, 0x00, 0x00, 0x00, 0x00, 0x40, 0x00, 0x00,
    0xf0, 0x4c, 0x02, 0x00, 0x10, 0x40, 0x00, 0x00, 0x90, 0x21, 0x02, 0x00,
    0x2f, 0x01, 0x03, 0x00, 0x02, 0x00, 0x00, 0x00, 0x00, 0x40, 0x00, 0x00,
    0xd0, 0x0b, 0x02, 0x00, 0x02, 0x40, 0x00, 0x00, 0xb0, 0xf9, 0x01, 0x00,
    0x01, 0x01, 0x03, 0x00, 0x02, 0x01, 0x03, 0x00, 0x10, 0x40, 0x00, 0x00,
    0x50, 0x49, 0x02, 0x00, 0x21, 0x01, 0x02, 0x00, 0x20, 0x01, 0x06, 0x00,
    0x20, 0x40, 0x00, 0x00, 0x60, 0x0b, 0x00, 0x00, 0x21, 0x40, 0x00, 0x00,
    0x40, 0x01, 0x00, 0x00, 0x22, 0x40, 0x00, 0x00, 0xe0, 0x0a, 0x00, 0x00,
    0x03, 0x00, 0x00, 0x00, 0x00, 0x40, 0x00, 0x00, 0xd0, 0xee, 0x01, 0x00,
    0x02, 0x40, 0x00, 0x00, 0x00, 0x00, 0x00, 0x00, 0x0b, 0x01, 0x02, 0x00,
    0x0c, 0x01, 0x02, 0x00, 0x01, 0x01, 0x04, 0x00, 0x02, 0x01, 0x04, 0x00,
    0x10, 0x40, 0x00, 0x00, 0xd0, 0x3a, 0x02, 0x00, 0x20, 0x01, 0x08, 0x00,
    0x20, 0x40, 0x00, 0x00, 0xf0, 0x04, 0x00, 0x00, 0x21, 0x40, 0x00, 0x00,
    0x90, 0x01, 0x00, 0x00, 0x22, 0x40, 0x00, 0x00, 0x70, 0x04, 0x00, 0x00,
    0x0d, 0x01, 0x12, 0x00, 0x03, 0x00, 0x00, 0x00, 0x00, 0x40, 0x00, 0x00,
    0x50, 0xe0, 0x01, 0x00, 0x02, 0x40, 0x00, 0x00, 0x30, 0xce, 0x01, 0x00,
    0x0b, 0x01, 0x00, 0x00, 0x0c, 0x01, 0x00, 0x00, 0x01, 0x01, 0x03, 0x00,
    0x02, 0x01, 0x03, 0x00, 0x10, 0x40, 0x00, 0x00, 0x90, 0x33, 0x02, 0x00,
    0x20, 0x01, 0x06, 0x00, 0x20, 0x40, 0x00, 0x00, 0xe0, 0x01, 0x00, 0x00,
    0x21, 0x40, 0x00, 0x00, 0x30, 0x01, 0x00, 0x00, 0x22, 0x40, 0x00, 0x00,
    0x60, 0x01, 0x00, 0x00, 0x0d, 0x01, 0x0a, 0x00, 0x03, 0x00, 0x00, 0x00,
    0x00, 0x40, 0x00, 0x00, 0x30, 0xce, 0x01, 0x00, 0x02, 0x40, 0x00, 0x00,
    0x00, 0x00, 0x00, 0x00, 0x0b, 0x01, 0x02, 0x00, 0x0c, 0x01, 0x02, 0x00,
    0x10, 0x40, 0x00, 0x00, 0x30, 0x37, 0x02, 0x00, 0x03, 0x00, 0x00, 0x00,
    0x00, 0x40, 0x00, 0x00, 0x90, 0x33, 0x02, 0x00, 0x0b, 0x01, 0x00, 0x00,
    0x0c, 0x01, 0x00, 0x00, 0x01, 0x01, 0x00, 0x00, 0x02, 0x01, 0x00, 0x00,
    0x10, 0x40, 0x00, 0x00, 0xf0, 0xe3, 0x01, 0x00, 0x21, 0x01, 0x00, 0x00,
    0x20, 0x01, 0x00, 0x00, 0x20, 0x40, 0x00, 0x00, 0x90, 0x03, 0x00, 0x00,
    0x21, 0x40, 0x00, 0x00, 0xe0, 0x00, 0x00, 0x00, 0x22, 0x40, 0x00, 0x00,
    0x10, 0x03, 0x00, 0x00, 0x2f, 0x01, 0x01, 0x00, 0x02, 0x00, 0x00, 0x00,
    0x00, 0x40, 0x00, 0x00, 0x30, 0x37, 0x02, 0x00, 0x10, 0x40, 0x00, 0x00,
    0x90, 0xe7, 0x01, 0x00, 0x2f, 0x01, 0x03, 0x00, 0x02, 0x00, 0x00, 0x00,
    0x00, 0x40, 0x00, 0x00, 0xd0, 0xd1, 0x01, 0x00, 0x0b, 0x01, 0x02, 0x00,
    0x0c, 0x01, 0x02, 0x00, 0x01, 0x01, 0x03, 0x00, 0x02, 0x01, 0x03, 0x00,
    0x10, 0x40, 0x00, 0x00, 0x90, 0x33, 0x02, 0x00, 0x21, 0x01, 0x02, 0x00,
    0x20, 0x01, 0x06, 0x00, 0x20, 0x40, 0x00, 0x00, 0xe0, 0x01, 0x00, 0x00,
    0x21, 0x40, 0x00, 0x00, 0x30, 0x01, 0x00, 0x00, 0x22, 0x40, 0x00, 0x00,
    0x60, 0x01, 0x00, 0x00, 0x03, 0x00, 0x00, 0x00, 0x00, 0x40, 0x00, 0x00,
    0x70, 0xbc, 0x00, 0x00, 0x0b, 0x01, 0x01, 0x00, 0x0c, 0x01, 0x01, 0x00,
    0x0a, 0x01, 0x72, 0x00, 0x04, 0x01, 0x03, 0x00, 0x05, 0x40, 0x00, 0x00,
    0xcc, 0x01, 0x00, 0x00, 0x04, 0x40, 0x00, 0x00, 0x04, 0x00, 0x00, 0x00,
    0x06, 0x40, 0x00, 0x00, 0x01, 0x00, 0x00, 0x00, 0x09, 0x01, 0x00, 0x00,
    0x05, 0x01, 0x01, 0x00, 0x01, 0x01, 0x00, 0x00, 0x02, 0x01, 0x00, 0x00,
    0x10, 0x40, 0x00, 0x00, 0x30, 0x25, 0x02, 0x00, 0x11, 0x01, 0x72, 0x00,
    0x1a, 0x01, 0x72, 0x00, 0x13, 0x01, 0x03, 0x00, 0x15, 0x40, 0x00, 0x00,
    0x30, 0x07, 0x00, 0x00, 0x16, 0x40, 0x00, 0x00, 0x30, 0x07, 0x00, 0x00,
    0x18, 0x01, 0x00, 0x00, 0x14, 0x01, 0x41, 0x81, 0x21, 0x01, 0x01, 0x00,
    0x20, 0x01, 0x00, 0x00, 0x22, 0x01, 0x02, 0x00, 0x15, 0x01, 0x15, 0x00,
    0x17, 0x01, 0x07, 0x00, 0x05, 0x00, 0x01, 0x00, 0x00, 0x40, 0x00, 0x00,
    0x08, 0xc0, 0x00, 0x00, 0x10, 0x40, 0x00, 0x00, 0x60, 0x2c, 0x02, 0x00,
    0x05, 0x00, 0x01, 0x00, 0x00, 0x40, 0x00, 0x00, 0x30, 0x25, 0x02, 0x00,
    0x0b, 0x01, 0x00, 0x00, 0x0c, 0x01, 0x00, 0x00, 0x05, 0x40, 0x00, 0x00,
    0x30, 0x07, 0x00, 0x00, 0x04, 0x40, 0x00, 0x00, 0x10, 0x00, 0x00, 0x00,
    0x06, 0x40, 0x00, 0x00, 0x30, 0x07, 0x00, 0x00, 0x05, 0x01, 0x41, 0x00,
    0x01, 0x01, 0x01, 0x00, 0x02, 0x01, 0x01, 0x00, 0x10, 0x40, 0x00, 0x00,
    0xb0, 0xdc, 0x01, 0x00, 0x11, 0x01, 0x39, 0x00, 0x1a, 0x01, 0x39, 0x00,
    0x13, 0x01, 0x0b, 0x00, 0x15, 0x40, 0x00, 0x00, 0xa0, 0x03, 0x00, 0x00,
    0x16, 0x40, 0x00, 0x00, 0xa0, 0x03, 0x00, 0x00, 0x18, 0x01, 0x80, 0xff,
    0x14, 0x01, 0x41, 0x00, 0x21, 0x01, 0x00, 0x00, 0x20, 0x01, 0x02, 0x00,
    0x22, 0x01, 0x05, 0x00, 0x20, 0x40, 0x00, 0x00, 0x80, 0x00, 0x00, 0x00,
    0x21, 0x40, 0x00, 0x00, 0xe0, 0x00, 0x00, 0x00, 0x22, 0x40, 0x00, 0x00,
    0x00, 0x00, 0x00, 0x00, 0x15, 0x01, 0x39, 0x00, 0x17, 0x01, 0x0f, 0x00,
    0x2f, 0x01, 0x01, 0x00, 0x02, 0x00, 0x00, 0x00, 0x00, 0x40, 0x00, 0x00,
    0x60, 0x2c, 0x02, 0x00, 0x10, 0x40, 0x00, 0x00, 0x50, 0xe0, 0x01, 0x00,
    0x2f, 0x01, 0x03, 0x00, 0x02, 0x00, 0x00, 0x00, 0x00, 0x40, 0x00, 0x00,
    0xa0, 0xc3, 0x00, 0x00, 0x0b, 0x01, 0x01, 0x00, 0x0c, 0x01, 0x01, 0x00,
    0x05, 0x40, 0x00, 0x00, 0xcc, 0x01, 0x00, 0x00, 0x04, 0x40, 0x00, 0x00,
    0x04, 0x00, 0x00, 0x00, 0x06, 0x40, 0x00, 0x00, 0x01, 0x00, 0x00, 0x00,
    0x05, 0x01, 0x01, 0x00, 0x01, 0x01, 0x00, 0x00, 0x02, 0x01, 0x00, 0x00,
    0x10, 0x40, 0x00, 0x00, 0x30, 0x25, 0x02, 0x00, 0x11, 0x01, 0x72, 0x00,
    0x1a, 0x01, 0x72, 0x00, 0x13, 0x01, 0x03, 0x00, 0x15, 0x40, 0x00, 0x00,
    0x30, 0x07, 0x00, 0x00, 0x16, 0x40, 0x00, 0x00, 0x30, 0x07, 0x00, 0x00,
    0x18, 0x01, 0x00, 0x00, 0x14, 0x01, 0x41, 0x81, 0x21, 0x01, 0x01, 0x00,
    0x20, 0x01, 0x00, 0x00, 0x22, 0x01, 0x02, 0x00, 0x15, 0x01, 0x15, 0x00,
    0x17, 0x01, 0x07, 0x00, 0x05, 0x00, 0x01, 0x00, 0x00, 0x40, 0x00, 0x00,
    0x38, 0xc7, 0x00, 0x00, 0x10, 0x40, 0x00, 0x00, 0x60, 0x2c, 0x02, 0x00,
    0x05, 0x00, 0x01, 0x00, 0x00, 0x40, 0x00, 0x00, 0x30, 0x25, 0x02, 0x00,
    0x0b, 0x01, 0x00, 0x00, 0x0c, 0x01, 0x00, 0x00, 0x05, 0x40, 0x00, 0x00,
    0x30, 0x07, 0x00, 0x00, 0x04, 0x40, 0x00, 0x00, 0x10, 0x00, 0x00, 0x00,
    0x06, 0x40, 0x00, 0x00, 0x30, 0x07, 0x00, 0x00, 0x05, 0x01, 0x41, 0x00,
    0x01, 0x01, 0x01, 0x00, 0x02, 0x01, 0x01, 0x00, 0x10, 0x40, 0x00, 0x00,
    0x30, 0xce, 0x01, 0x00, 0x11, 0x01, 0x39, 0x00, 0x1a, 0x01, 0x39, 0x00,
    0x13, 0x01, 0x0b, 0x00, 0x15, 0x40, 0x00, 0x00, 0xa0, 0x03, 0x00, 0x00,
    0x16, 0x40, 0x00, 0x00, 0xa0, 0x03, 0x00, 0x00, 0x18, 0x01, 0x80, 0xff,
    0x14, 0x01, 0x41, 0x00, 0x21, 0x01, 0x00, 0x00, 0x20, 0x01, 0x02, 0x00,
    0x22, 0x01, 0x05, 0x00, 0x15, 0x01, 0x39, 0x00, 0x17, 0x01, 0x0f, 0x00,
    0x2f, 0x01, 0x01, 0x00, 0x02, 0x00, 0x00, 0x00, 0x00, 0x40, 0x00, 0x00,
    0x60, 0x2c, 0x02, 0x00, 0x10, 0x40, 0x00, 0x00, 0xd0, 0xd1, 0x01, 0x00,
    0x2f, 0x01, 0x03, 0x00, 0x02, 0x00, 0x00, 0x00, 0x00, 0x40, 0x00, 0x00,
    0x70, 0xd5, 0x01, 0x00, 0x0b, 0x01, 0x02, 0x00, 0x0c, 0x01, 0x02, 0x00,
    0x0a, 0x01, 0x39, 0x00, 0x04, 0x01, 0x0b, 0x00, 0x05, 0x40, 0x00, 0x00,
    0xa0, 0x03, 0x00, 0x00, 0x06, 0x40, 0x00, 0x00, 0xa0, 0x03, 0x00, 0x00,
    0x09, 0x01, 0x80, 0xff, 0x01, 0x01, 0x03, 0x00, 0x02, 0x01, 0x03, 0x00,
    0x10, 0x40, 0x00, 0x00, 0x30, 0x37, 0x02, 0x00, 0x21, 0x01, 0x02, 0x00,
    0x20, 0x01, 0x06, 0x00, 0x22, 0x01, 0x00, 0x00, 0x20, 0x40, 0x00, 0x00,
    0xe0, 0x01, 0x00, 0x00, 0x21, 0x40, 0x00, 0x00, 0x30, 0x01, 0x00, 0x00,
    0x22, 0x40, 0x00, 0x00, 0x60, 0x01, 0x00, 0x00, 0x2f, 0x01, 0x01, 0x00,
    0x03, 0x00, 0x00, 0x00, 0x00, 0x40, 0x00, 0x00, 0x90, 0x33, 0x02, 0x00,
    0x0b, 0x01, 0x00, 0x00, 0x0c, 0x01, 0x00, 0x00, 0x01, 0x01, 0x00, 0x00,
    0x02, 0x01, 0x00, 0x00, 0x10, 0x40, 0x00, 0x00, 0x30, 0xeb, 0x01, 0x00,
    0x21, 0x01, 0x00, 0x00, 0x20, 0x01, 0x00, 0x00, 0x20, 0x40, 0x00, 0x00,
    0x90, 0x03, 0x00, 0x00, 0x21, 0x40, 0x00, 0x00, 0xe0, 0x00, 0x00, 0x00,
    0x22, 0x40, 0x00, 0x00, 0x10, 0x03, 0x00, 0x00, 0x02, 0x00, 0x00, 0x00,
    0x00, 0x40, 0x00, 0x00, 0x30, 0x37, 0x02, 0x00, 0x10, 0x40, 0x00, 0x00,
    0xd0, 0xee, 0x01, 0x00, 0x2f, 0x01, 0x03, 0x00, 0x02, 0x00, 0x00, 0x00,
    0x00, 0x40, 0x00, 0x00, 0x70, 0xf2, 0x01, 0x00, 0x02, 0x40, 0x00, 0x00,
    0xf0, 0xe3, 0x01, 0x00, 0x0b, 0x01, 0x01, 0x00, 0x0c, 0x01, 0x01, 0x00,
    0x01, 0x01, 0x04, 0x00, 0x02, 0x01, 0x04, 0x00, 0x10, 0x40, 0x00, 0x00,
    0x70, 0x3e, 0x02, 0x00, 0x21, 0x01, 0x02, 0x00, 0x20, 0x01, 0x08, 0x00,
    0x20, 0x40, 0x00, 0x00, 0xf0, 0x04, 0x00, 0x00, 0x21, 0x40, 0x00, 0x00,
    0x90, 0x01, 0x00, 0x00, 0x22, 0x40, 0x00, 0x00, 0x70, 0x04, 0x00, 0x00,
    0x0d, 0x01, 0x12, 0x00, 0x2f, 0x01, 0x01, 0x00, 0x03, 0x00, 0x00, 0x00,
    0x00, 0x40, 0x00, 0x00, 0xd0, 0x3a, 0x02, 0x00, 0x02, 0x40, 0x00, 0x00,
    0x00, 0x00, 0x00, 0x00, 0x0b, 0x01, 0x00, 0x00, 0x0c, 0x01, 0x00, 0x00,
    0x01, 0x01, 0x00, 0x00, 0x02, 0x01, 0x00, 0x00, 0x10, 0x40, 0x00, 0x00,
    0xb0, 0x85, 0x01, 0x00, 0x21, 0x01, 0x00, 0x00, 0x20, 0x01, 0x00, 0x00,
    0x20, 0x40, 0x00, 0x00, 0x00, 0x07, 0x00, 0x00, 0x21, 0x40, 0x00, 0x00,
    0x00, 0x01, 0x00, 0x00, 0x22, 0x40, 0x00, 0x00, 0x80, 0x06, 0x00, 0x00,
    0x0d, 0x01, 0x0a, 0x00, 0x02, 0x00, 0x00, 0x00, 0x00, 0x40, 0x00, 0x00,
    0x70, 0x3e, 0x02, 0x00, 0x10, 0x40, 0x00, 0x00, 0x50, 0x89, 0x01, 0x00,
    0x2f, 0x01, 0x03, 0x00, 0x02, 0x00, 0x00, 0x00, 0x00, 0x40, 0x00, 0x00,
    0x10, 0xf6, 0x01, 0x00, 0x02, 0x40, 0x00, 0x00, 0xf0, 0xe3, 0x01, 0x00,
    0x01, 0x01, 0x04, 0x00, 0x02, 0x01, 0x04, 0x00, 0x10, 0x40, 0x00, 0x00,
    0xd0, 0x3a, 0x02, 0x00, 0x21, 0x01, 0x02, 0x00, 0x20, 0x01, 0x08, 0x00,
    0x20, 0x40, 0x00, 0x00, 0xf0, 0x04, 0x00, 0x00, 0x21, 0x40, 0x00, 0x00,
    0x90, 0x01, 0x00, 0x00, 0x22, 0x40, 0x00, 0x00, 0x70, 0x04, 0x00, 0x00,
    0x0d, 0x01, 0x12, 0x00, 0x03, 0x00, 0x00, 0x00, 0x00, 0x40, 0x00, 0x00,
    0xf0, 0xe3, 0x01, 0x00, 0x02, 0x40, 0x00, 0x00, 0x00, 0x00, 0x00, 0x00,
    0x0b, 0x01, 0x02, 0x00, 0x0c, 0x01, 0x02, 0x00, 0x10, 0x40, 0x00, 0x00,
    0x70, 0x3e, 0x02, 0x00, 0x03, 0x00, 0x00, 0x00, 0x00, 0x40, 0x00, 0x00,
    0xd0, 0x3a, 0x02, 0x00, 0x0b, 0x01, 0x00, 0x00, 0x0c, 0x01, 0x00, 0x00,
    0x01, 0x01, 0x00, 0x00, 0x02, 0x01, 0x00, 0x00, 0x10, 0x40, 0x00, 0x00,
    0xf0, 0x8c, 0x01, 0x00, 0x21, 0x01, 0x00, 0x00, 0x20, 0x01, 0x00, 0x00,
    0x20, 0x40, 0x00, 0x00, 0x00, 0x07, 0x00, 0x00, 0x21, 0x40, 0x00, 0x00,
    0x00, 0x01, 0x00, 0x00, 0x22, 0x40, 0x00, 0x00, 0x80, 0x06, 0x00, 0x00,
    0x0d, 0x01, 0x0a, 0x00, 0x2f, 0x01, 0x01, 0x00, 0x02, 0x00, 0x00, 0x00,
    0x00, 0x40, 0x00, 0x00, 0x70, 0x3e, 0x02, 0x00, 0x10, 0x40, 0x00, 0x00,
    0x90, 0x90, 0x01, 0x00, 0x2f, 0x01, 0x03, 0x00, 0x02, 0x00, 0x00, 0x00,
    0x00, 0x40, 0x00, 0x00, 0x90, 0xe7, 0x01, 0x00, 0x0b, 0x01, 0x02, 0x00,
    0x0c, 0x01, 0x02, 0x00, 0x01, 0x01, 0x04, 0x00, 0x02, 0x01, 0x04, 0x00,
    0x10, 0x40, 0x00, 0x00, 0xd0, 0x3a, 0x02, 0x00, 0x21, 0x01, 0x02, 0x00,
    0x20, 0x01, 0x08, 0x00, 0x20, 0x40, 0x00, 0x00, 0xf0, 0x04, 0x00, 0x00,
    0x21, 0x40, 0x00, 0x00, 0x90, 0x01, 0x00, 0x00, 0x22, 0x40, 0x00, 0x00,
    0x70, 0x04, 0x00, 0x00, 0x0d, 0x01, 0x12, 0x00, 0x03, 0x00, 0x00, 0x00,
    0x00, 0x40, 0x00, 0x00, 0x10, 0xd9, 0x01, 0x00, 0x01, 0x01, 0x03, 0x00,
    0x02, 0x01, 0x03, 0x00, 0x10, 0x40, 0x00, 0x00, 0x90, 0x33, 0x02, 0x00,
    0x20, 0x01, 0x06, 0x00, 0x20, 0x40, 0x00, 0x00, 0xe0, 0x01, 0x00, 0x00,
    0x21, 0x40, 0x00, 0x00, 0x30, 0x01, 0x00, 0x00, 0x22, 0x40, 0x00, 0x00,
    0x60, 0x01, 0x00, 0x00, 0x0d, 0x01, 0x0a, 0x00, 0x03, 0x00, 0x00, 0x00,
    0x00, 0x40, 0x00, 0x00, 0xb0, 0xdc, 0x01, 0x00, 0x02, 0x40, 0x00, 0x00,
    0x30, 0xce, 0x01, 0x00, 0x0b, 0x01, 0x01, 0x00, 0x0c, 0x01, 0x01, 0x00,
    0x10, 0x40, 0x00, 0x00, 0x30, 0x37, 0x02, 0x00, 0x03, 0x00, 0x00, 0x00,
    0x00, 0x40, 0x00, 0x00, 0x90, 0x33, 0x02, 0x00, 0x02, 0x40, 0x00, 0x00,
    0x00, 0x00, 0x00, 0x00, 0x0b, 0x01, 0x00, 0x00, 0x0c, 0x01, 0x00, 0x00,
    0x01, 0x01, 0x00, 0x00, 0x02, 0x01, 0x00, 0x00, 0x10, 0x40, 0x00, 0x00,
    0x70, 0xf2, 0x01, 0x00, 0x21, 0x01, 0x00, 0x00, 0x20, 0x01, 0x00, 0x00,
    0x20, 0x40, 0x00, 0x00, 0x90, 0x03, 0x00, 0x00, 0x21, 0x40, 0x00, 0x00,
    0xe0, 0x00, 0x00, 0x00, 0x22, 0x40, 0x00, 0x00, 0x10, 0x03, 0x00, 0x00,
    0x2f, 0x01, 0x01, 0x00, 0x02, 0x00, 0x00, 0x00, 0x00, 0x40, 0x00, 0x00,
    0x30, 0x37, 0x02, 0x00, 0x10, 0x40, 0x00, 0x00, 0x10, 0xf6, 0x01, 0x00,
    0x2f, 0x01, 0x03, 0x00, 0x02, 0x00, 0x00, 0x00, 0x00, 0x40, 0x00, 0x00,
    0x50, 0xe0, 0x01, 0x00, 0x02, 0x40, 0x00, 0x00, 0x30, 0xce, 0x01, 0x00,
    0x01, 0x01, 0x03, 0x00, 0x02, 0x01, 0x03, 0x00, 0x10, 0x40, 0x00, 0x00,
    0x90, 0x33, 0x02, 0x00, 0x21, 0x01, 0x02, 0x00, 0x20, 0x01, 0x06, 0x00,
    0x20, 0x40, 0x00, 0x00, 0xe0, 0x01, 0x00, 0x00, 0x21, 0x40, 0x00, 0x00,
    0x30, 0x01, 0x00, 0x00, 0x22, 0x40, 0x00, 0x00, 0x60, 0x01, 0x00, 0x00,
    0x03, 0x00, 0x00, 0x00, 0x00, 0x40, 0x00, 0x00, 0xd0, 0xca, 0x00, 0x00,
    0x02, 0x40, 0x00, 0x00, 0x00, 0x00, 0x00, 0x00, 0x0b, 0x01, 0x01, 0x00,
    0x0c, 0x01, 0x01, 0x00, 0x0a, 0x01, 0x72, 0x00, 0x04, 0x01, 0x03, 0x00,
    0x05, 0x40, 0x00, 0x00, 0xcc, 0x01, 0x00, 0x00, 0x04, 0x40, 0x00, 0x00,
    0x04, 0x00, 0x00, 0x00, 0x06, 0x40, 0x00, 0x00, 0x01, 0x00, 0x00, 0x00,
    0x09, 0x01, 0x00, 0x00, 0x05, 0x01, 0x01, 0x00, 0x01, 0x01, 0x00, 0x00,
    0x02, 0x01, 0x00, 0x00, 0x10, 0x40, 0x00, 0x00, 0x30, 0x25, 0x02, 0x00,
    0x11, 0x01, 0x72, 0x00, 0x1a, 0x01, 0x72, 0x00, 0x13, 0x01, 0x03, 0x00,
    0x15, 0x40, 0x00, 0x00, 0x30, 0x07, 0x00, 0x00, 0x16, 0x40, 0x00, 0x00,
    0x30, 0x07, 0x00, 0x00, 0x18, 0x01, 0x00, 0x00, 0x14, 0x01, 0x41, 0x81,
    0x21, 0x01, 0x01, 0x00, 0x20, 0x01, 0x00, 0x00, 0x22, 0x01, 0x02, 0x00,
    0x15, 0x01, 0x15, 0x00, 0x17, 0x01, 0x07, 0x00, 0x05, 0x00, 0x01, 0x00,
    0x00, 0x40, 0x00, 0x00, 0x68, 0xce, 0x00, 0x00, 0x10, 0x40, 0x00, 0x00,
    0x60, 0x2c, 0x02, 0x00, 0x05, 0x00, 0x01, 0x00, 0x00, 0x40, 0x00, 0x00,
    0x30, 0x25, 0x02, 0x00, 0x0b, 0x01, 0x00, 0x00, 0x0c, 0x01, 0x00, 0x00,
    0x05, 0x40, 0x00, 0x00, 0x30, 0x07, 0x00, 0x00, 0x04, 0x40, 0x00, 0x00,
    0x10, 0x00, 0x00, 0x00, 0x06, 0x40, 0x00, 0x00, 0x30, 0x07, 0x00, 0x00,
    0x05, 0x01, 0x41, 0x00, 0x01, 0x01, 0x01, 0x00, 0x02, 0x01, 0x01, 0x00,
    0x10, 0x40, 0x00, 0x00, 0x70, 0xd5, 0x01, 0x00, 0x11, 0x01, 0x39, 0x00,
    0x1a, 0x01, 0x39, 0x00, 0x13, 0x01, 0x0b, 0x00, 0x15, 0x40, 0x00, 0x00,
    0xa0, 0x03, 0x00, 0x00, 0x16, 0x40, 0x00, 0x00, 0xa0, 0x03, 0x00, 0x00,
    0x18, 0x01, 0x80, 0xff, 0x14, 0x01, 0x41, 0x00, 0x21, 0x01, 0x00, 0x00,
    0x20, 0x01, 0x02, 0x00, 0x22, 0x01, 0x05, 0x00, 0x20, 0x40, 0x00, 0x00,
    0x80, 0x00, 0x00, 0x00, 0x21, 0x40, 0x00, 0x00, 0xe0, 0x00, 0x00, 0x00,
    0x22, 0x40, 0x00, 0x00, 0x00, 0x00, 0x00, 0x00, 0x15, 0x01, 0x39, 0x00,
    0x17, 0x01, 0x0f, 0x00, 0x2f, 0x01, 0x01, 0x00, 0x02, 0x00, 0x00, 0x00,
    0x00, 0x40, 0x00, 0x00, 0x60, 0x2c, 0x02, 0x00, 0x10, 0x40, 0x00, 0x00,
    0x10, 0xd9, 0x01, 0x00, 0x2f, 0x01, 0x03, 0x00, 0x02, 0x00, 0x00, 0x00,
    0x00, 0x40, 0x00, 0x00, 0x00, 0xd2, 0x00, 0x00, 0x0b, 0x01, 0x01, 0x00,
    0x0c, 0x01, 0x01, 0x00, 0x05, 0x40, 0x00, 0x00, 0xcc, 0x01, 0x00, 0x00,
    0x04, 0x40, 0x00, 0x00, 0x04, 0x00, 0x00, 0x00, 0x06, 0x40, 0x00, 0x00,
    0x01, 0x00, 0x00, 0x00, 0x05, 0x01, 0x01, 0x00, 0x01, 0x01, 0x00, 0x00,
    0x02, 0x01, 0x00, 0x00, 0x10, 0x40, 0x00, 0x00, 0x30, 0x25, 0x02, 0x00,
    0x11, 0x01, 0x72, 0x00, 0x1a, 0x01, 0x72, 0x00, 0x13, 0x01, 0x03, 0x00,
    0x15, 0x40, 0x00, 0x00, 0x30, 0x07, 0x00, 0x00, 0x16, 0x40, 0x00, 0x00,
    0x30, 0x07, 0x00, 0x00, 0x18, 0x01, 0x00, 0x00, 0x14, 0x01, 0x41, 0x81,
    0x21, 0x01, 0x01, 0x00, 0x20, 0x01, 0x00, 0x00, 0x22, 0x01, 0x02, 0x00,
    0x15, 0x01, 0x15, 0x00, 0x17, 0x01, 0x07, 0x00, 0x05, 0x00, 0x01, 0x00,
    0x00, 0x40, 0x00, 0x00, 0x98, 0xd5, 0x00, 0x00, 0x10, 0x40, 0x00, 0x00,
    0x60, 0x2c, 0x02, 0x00, 0x05, 0x00, 0x01, 0x00, 0x00, 0x40, 0x00, 0x00,
    0x30, 0x25, 0x02, 0x00, 0x0b, 0x01, 0x00, 0x00, 0x0c, 0x01, 0x00, 0x00,
    0x05, 0x40, 0x00, 0x00, 0x30, 0x07, 0x00, 0x00, 0x04, 0x40, 0x00, 0x00,
    0x10, 0x00, 0x00, 0x00, 0x06, 0x40, 0x00, 0x00, 0x30, 0x07, 0x00, 0x00,
    0x05, 0x01, 0x41, 0x00, 0x01, 0x01, 0x01, 0x00, 0x02, 0x01, 0x01, 0x00,
    0x10, 0x40, 0x00, 0x00, 0xb0, 0xdc, 0x01, 0x00, 0x11, 0x01, 0x39, 0x00,
    0x1a, 0x01, 0x39, 0x00, 0x13, 0x01, 0x0b, 0x00, 0x15, 0x40, 0x00, 0x00,
    0xa0, 0x03, 0x00, 0x00, 0x16, 0x40, 0x00, 0x00, 0xa0, 0x03, 0x00, 0x00,
    0x18, 0x01, 0x80, 0xff, 0x14, 0x01, 0x41, 0x00, 0x21, 0x01, 0x00, 0x00,
    0x20, 0x01, 0x02, 0x00, 0x22, 0x01, 0x05, 0x00, 0x15, 0x01, 0x39, 0x00,
    0x17, 0x01, 0x0f, 0x00, 0x2f, 0x01, 0x01, 0x00, 0x02, 0x00, 0x00, 0x00,
    0x00, 0x40, 0x00, 0x00, 0x60, 0x2c, 0x02, 0x00, 0x10, 0x40, 0x00, 0x00,
    0x50, 0xe0, 0x01, 0x00, 0x2f, 0x01, 0x03, 0x00, 0x02, 0x00, 0x00, 0x00,
    0x00, 0x40, 0x00, 0x00, 0x30, 0xce, 0x01, 0x00, 0x0b, 0x01, 0x02, 0x00,
    0x0c, 0x01, 0x02, 0x00, 0x0a, 0x01, 0x39, 0x00, 0x04, 0x01, 0x0b, 0x00,
    0x05, 0x40, 0x00, 0x00, 0xa0, 0x03, 0x00, 0x00, 0x06, 0x40, 0x00, 0x00,
    0xa0, 0x03, 0x00, 0x00, 0x09, 0x01, 0x80, 0xff, 0x01, 0x01, 0x03, 0x00,
    0x02, 0x01, 0x03, 0x00, 0x10, 0x40, 0x00, 0x00, 0x30, 0x37, 0x02, 0x00,
    0x21, 0x01, 0x02, 0x00, 0x20, 0x01, 0x06, 0x00, 0x22, 0x01, 0x00, 0x00,
    0x20, 0x40, 0x00, 0x00, 0xe0, 0x01, 0x00, 0x00, 0x21, 0x40, 0x00, 0x00,
    0x30, 0x01, 0x00, 0x00, 0x22, 0x40, 0x00, 0x00, 0x60, 0x01, 0x00, 0x00,
    0x2f, 0x01, 0x01, 0x00, 0x03, 0x00, 0x00, 0x00, 0x00, 0x40, 0x00, 0x00,
    0x90, 0x33, 0x02, 0x00, 0x0b, 0x01, 0x00, 0x00, 0x0c, 0x01, 0x00, 0x00,
    0x01, 0x01, 0x00, 0x00, 0x02, 0x01, 0x00, 0x00, 0x10, 0x40, 0x00, 0x00,
    0xf0, 0xe3, 0x01, 0x00, 0x21, 0x01, 0x00, 0x00, 0x20, 0x01, 0x00, 0x00,
    0x20, 0x40, 0x00, 0x00, 0x90, 0x03, 0x00, 0x00, 0x21, 0x40, 0x00, 0x00,
    0xe0, 0x00, 0x00, 0x00, 0x22, 0x40, 0x00, 0x00, 0x10, 0x03, 0x00, 0x00,
    0x02, 0x00, 0x00, 0x00, 0x00, 0x40, 0x00, 0x00, 0x30, 0x37, 0x02, 0x00,
    0x10, 0x40, 0x00, 0x00, 0x90, 0xe7, 0x01, 0x00, 0x2f, 0x01, 0x03, 0x00,
    0x02, 0x00, 0x00, 0x00, 0x00, 0x40, 0x00, 0x00, 0x30, 0xeb, 0x01, 0x00,
    0x0b, 0x01, 0x02, 0x00, 0x0c, 0x01, 0x02, 0x00, 0x01, 0x01, 0x04, 0x00,
    0x02, 0x01, 0x04, 0x00, 0x10, 0x40, 0x00, 0x00, 0x70, 0x3e, 0x02, 0x00,
    0x21, 0x01, 0x02, 0x00, 0x20, 0x01, 0x08, 0x00, 0x20, 0x40, 0x00, 0x00,
    0xf0, 0x04, 0x00, 0x00, 0x21, 0x40, 0x00, 0x00, 0x90, 0x01, 0x00, 0x00,
    0x22, 0x40, 0x00, 0x00, 0x70, 0x04, 0x00, 0x00, 0x0d, 0x01, 0x12, 0x00,
    0x2f, 0x01, 0x01, 0x00, 0x03, 0x00, 0x00, 0x00, 0x00, 0x40, 0x00, 0x00,
    0xd0, 0x3a, 0x02, 0x00, 0x0b, 0x01, 0x00, 0x00, 0x0c, 0x01, 0x00, 0x00,
    0x01, 0x01, 0x00, 0x00, 0x02, 0x01, 0x00, 0x00, 0x10, 0x40, 0x00, 0x00,
    0x30, 0x94, 0x01, 0x00, 0x21, 0x01, 0x00, 0x00, 0x20, 0x01, 0x00, 0x00,
    0x20, 0x40, 0x00, 0x00, 0x00, 0x07, 0x00, 0x00, 0x21, 0x40, 0x00, 0x00,
    0x00, 0x01, 0x00, 0x00, 0x22, 0x40, 0x00, 0x00, 0x80, 0x06, 0x00, 0x00,
    0x0d, 0x01, 0x0a, 0x00, 0x02, 0x00, 0x00, 0x00, 0x00, 0x40, 0x00, 0x00,
    0x70, 0x3e, 0x02, 0x00, 0x10, 0x40, 0x00, 0x00, 0xd0, 0x97, 0x01, 0x00,
    0x2f, 0x01, 0x03, 0x00, 0x02, 0x00, 0x00, 0x00, 0x00, 0x40, 0x00, 0x00,
    0x70, 0x9b, 0x01, 0x00, 0x02, 0x40, 0x00, 0x00, 0xb0, 0x85, 0x01, 0x00,
    0x0b, 0x01, 0x03, 0x00, 0x0c, 0x01, 0x03, 0x00, 0x01, 0x01, 0x01, 0x00,
    0x02, 0x01, 0x01, 0x00, 0x10, 0x40, 0x00, 0x00, 0x10, 0x42, 0x02, 0x00,
    0x21, 0x01, 0x04, 0x00, 0x20, 0x01, 0x02, 0x00, 0x20, 0x40, 0x00, 0x00,
    0x80, 0x08, 0x00, 0x00, 0x21, 0x40, 0x00, 0x00, 0xe0, 0x00, 0x00, 0x00,
    0x22, 0x40, 0x00, 0x00, 0x00, 0x08, 0x00, 0x00, 0x0d, 0x01, 0x12, 0x00,
    0x2f, 0x01, 0x01, 0x00, 0x03, 0x00, 0x00, 0x00, 0x00, 0x40, 0x00, 0x00,
    0x10, 0x9f, 0x01, 0x00, 0x0b, 0x01, 0x02, 0x00, 0x0c, 0x01, 0x02, 0x00,
    0x10, 0x40, 0x00, 0x00, 0xb0, 0x45, 0x02, 0x00, 0x2f, 0x01, 0x03, 0x00,
    0x03, 0x00, 0x00, 0x00, 0x00, 0x40, 0x00, 0x00, 0x10, 0x42, 0x02, 0x00,
    0x02, 0x40, 0x00, 0x00, 0x00, 0x00, 0x00, 0x00, 0x0b, 0x01, 0x00, 0x00,
    0x0c, 0x01, 0x00, 0x00, 0x01, 0x01, 0x00, 0x00, 0x02, 0x01, 0x00, 0x00,
    0x10, 0x40, 0x00, 0x00, 0xf0, 0x00, 0x02, 0x00, 0x21, 0x01, 0x00, 0x00,
    0x20, 0x01, 0x00, 0x00, 0x20, 0x40, 0x00, 0x00, 0xe0, 0x09, 0x00, 0x00,
    0x21, 0x40, 0x00, 0x00, 0x00, 0x01, 0x00, 0x00, 0x22, 0x40, 0x00, 0x00,
    0x60, 0x09, 0x00, 0x00, 0x0d, 0x01, 0x0a, 0x00, 0x2f, 0x01, 0x01, 0x00,
    0x02, 0x00, 0x00, 0x00, 0x00, 0x40, 0x00, 0x00, 0xb0, 0x45, 0x02, 0x00,
    0x10, 0x40, 0x00, 0x00, 0x90, 0x04, 0x02, 0x00, 0x2f, 0x01, 0x03, 0x00,
    0x02, 0x00, 0x00, 0x00, 0x00, 0x40, 0x00, 0x00, 0xb0, 0xa2, 0x01, 0x00,
    0x02, 0x40, 0x00, 0x00, 0xb0, 0x85, 0x01, 0x00, 0x0b, 0x01, 0x01, 0x00,
    0x0c, 0x01, 0x01, 0x00, 0x01, 0x01, 0x01, 0x00, 0x02, 0x01, 0x01, 0x00,
    0x10, 0x40, 0x00, 0x00, 0x10, 0x42, 0x02, 0x00, 0x21, 0x01, 0x04, 0x00,
    0x20, 0x01, 0x02, 0x00, 0x20, 0x40, 0x00, 0x00, 0x80, 0x08, 0x00, 0x00,
    0x21, 0x40, 0x00, 0x00, 0xe0, 0x00, 0x00, 0x00, 0x22, 0x40, 0x00, 0x00,
    0x00, 0x08, 0x00, 0x00, 0x0d, 0x01, 0x12, 0x00, 0x03, 0x00, 0x00, 0x00,
    0x00, 0x40, 0x00, 0x00, 0x50, 0xa6, 0x01, 0x00, 0x0b, 0x01, 0x00, 0x00,
    0x0c, 0x01, 0x00, 0x00, 0x10, 0x40, 0x00, 0x00, 0xb0, 0x45, 0x02, 0x00,
    0x03, 0x00, 0x00, 0x00, 0x00, 0x40, 0x00, 0x00, 0x10, 0x42, 0x02, 0x00,
    0x02, 0x40, 0x00, 0x00, 0x00, 0x00, 0x00, 0x00, 0x01, 0x01, 0x00, 0x00,
    0x02, 0x01, 0x00, 0x00, 0x10, 0x40, 0x00, 0x00, 0x30, 0x08, 0x02, 0x00,
    0x21, 0x01, 0x00, 0x00, 0x20, 0x01, 0x00, 0x00, 0x20, 0x40, 0x00, 0x00,
    0xe0, 0x09, 0x00, 0x00, 0x21, 0x40, 0x00, 0x00, 0x00, 0x01, 0x00, 0x00,
    0x22, 0x40, 0x00, 0x00, 0x60, 0x09, 0x00, 0x00, 0x0d, 0x01, 0x0a, 0x00,
    0x2f, 0x01, 0x01, 0x00, 0x02, 0x00, 0x00, 0x00, 0x00, 0x40, 0x00, 0x00,
    0xb0, 0x45, 0x02, 0x00, 0x10, 0x40, 0x00, 0x00, 0xd0, 0x0b, 0x02, 0x00,
    0x2f, 0x01, 0x03, 0x00, 0x02, 0x00, 0x00, 0x00, 0x00, 0x40, 0x00, 0x00,
    0xb0, 0xf9, 0x01, 0x00, 0x0b, 0x01, 0x02, 0x00, 0x0c, 0x01, 0x02, 0x00,
    0x01, 0x01, 0x03, 0x00, 0x02, 0x01, 0x03, 0x00, 0x10, 0x40, 0x00, 0x00,
    0xf0, 0x4c, 0x02, 0x00, 0x21, 0x01, 0x02, 0x00, 0x20, 0x01, 0x06, 0x00,
    0x20, 0x40, 0x00, 0x00, 0x60, 0x0b, 0x00, 0x00, 0x21, 0x40, 0x00, 0x00,
    0x40, 0x01, 0x00, 0x00, 0x22, 0x40, 0x00, 0x00, 0xe0, 0x0a, 0x00, 0x00,
    0x2f, 0x01, 0x01, 0x00, 0x03, 0x00, 0x00, 0x00, 0x00, 0x40, 0x00, 0x00,
    0x50, 0x49, 0x02, 0x00, 0x0b, 0x01, 0x00, 0x00, 0x0c, 0x01, 0x00, 0x00,
    0x01, 0x01, 0x00, 0x00, 0x02, 0x01, 0x00, 0x00, 0x10, 0x40, 0x00, 0x00,
    0x70, 0x0f, 0x02, 0x00, 0x21, 0x01, 0x00, 0x00, 0x20, 0x01, 0x00, 0x00,
    0x20, 0x40, 0x00, 0x00, 0x20, 0x0d, 0x00, 0x00, 0x21, 0x40, 0x00, 0x00,
    0x00, 0x01, 0x00, 0x00, 0x22, 0x40, 0x00, 0x00, 0xa0, 0x0c, 0x00, 0x00,
    0x02, 0x00, 0x00, 0x00, 0x00, 0x40, 0x00, 0x00, 0xf0, 0x4c, 0x02, 0x00,
    0x10, 0x40, 0x00, 0x00, 0x10, 0x13, 0x02, 0x00, 0x2f, 0x01, 0x03, 0x00,
    0x02, 0x00, 0x00, 0x00, 0x00, 0x40, 0x00, 0x00, 0xb0, 0x16, 0x02, 0x00,
    0x0b, 0x01, 0x02, 0x00, 0x0c, 0x01, 0x02, 0x00, 0x01, 0x01, 0x04, 0x00,
    0x02, 0x01, 0x04, 0x00, 0x10, 0x40, 0x00, 0x00, 0x30, 0x54, 0x02, 0x00,
    0x21, 0x01, 0x02, 0x00, 0x20, 0x01, 0x08, 0x00, 0x20, 0x40, 0x00, 0x00,
    0xa0, 0x0e, 0x00, 0x00, 0x21, 0x40, 0x00, 0x00, 0x80, 0x01, 0x00, 0x00,
    0x22, 0x40, 0x00, 0x00, 0x20, 0x0e, 0x00, 0x00, 0x0d, 0x01, 0x12, 0x00,
    0x2f, 0x01, 0x01, 0x00, 0x03, 0x00, 0x00, 0x00, 0x00, 0x40, 0x00, 0x00,
    0x90, 0x50, 0x02, 0x00, 0x0b, 0x01, 0x00, 0x00, 0x0c, 0x01, 0x00, 0x00,
    0x01, 0x01, 0x00, 0x00, 0x02, 0x01, 0x00, 0x00, 0x10, 0x40, 0x00, 0x00,
    0x30, 0xb1, 0x01, 0x00, 0x21, 0x01, 0x00, 0x00, 0x20, 0x01, 0x00, 0x00,
    0x20, 0x40, 0x00, 0x00, 0xa0, 0x10, 0x00, 0x00, 0x21, 0x40, 0x00, 0x00,
    0xf0, 0x00, 0x00, 0x00, 0x22, 0x40, 0x00, 0x00, 0x20, 0x10, 0x00, 0x00,
    0x0d, 0x01, 0x0a, 0x00, 0x02, 0x00, 0x00, 0x00, 0x00, 0x40, 0x00, 0x00,
    0x30, 0x54, 0x02, 0x00, 0x10, 0x40, 0x00, 0x00, 0xd0, 0xb4, 0x01, 0x00,
    0x2f, 0x01, 0x03, 0x00, 0x02, 0x00, 0x00, 0x00, 0x00, 0x40, 0x00, 0x00,
    0x70, 0xb8, 0x01, 0x00, 0x0b, 0x01, 0x04, 0x00, 0x0c, 0x01, 0x04, 0x00,
    0x01, 0x01, 0x01, 0x00, 0x02, 0x01, 0x01, 0x00, 0x10, 0x40, 0x00, 0x00,
    0xd0, 0x57, 0x02, 0x00, 0x21, 0x01, 0x04, 0x00, 0x20, 0x01, 0x02, 0x00,
    0x20, 0x40, 0x00, 0x00, 0x10, 0x12, 0x00, 0x00, 0x21, 0x40, 0x00, 0x00,
    0xe0, 0x00, 0x00, 0x00, 0x22, 0x40, 0x00, 0x00, 0x90, 0x11, 0x00, 0x00,
    0x0d, 0x01, 0x12, 0x00, 0x2f, 0x01, 0x01, 0x00, 0x03, 0x00, 0x00, 0x00,
    0x00, 0x40, 0x00, 0x00, 0x10, 0xbc, 0x01, 0x00, 0x10, 0x40, 0x00, 0x00,
    0x70, 0x5b, 0x02, 0x00, 0x2f, 0x01, 0x03, 0x00, 0x03, 0x00, 0x00, 0x00,
    0x00, 0x40, 0x00, 0x00, 0xd0, 0x57, 0x02, 0x00, 0x0b, 0x01, 0x00, 0x00,
    0x0c, 0x01, 0x00, 0x00, 0x01, 0x01, 0x00, 0x00, 0x02, 0x01, 0x00, 0x00,
    0x10, 0x40, 0x00, 0x00, 0x10, 0x5f, 0x02, 0x00, 0x21, 0x01, 0x00, 0x00,
    0x20, 0x01, 0x00, 0x00, 0x20, 0x40, 0x00, 0x00, 0x70, 0x13, 0x00, 0x00,
    0x21, 0x40, 0x00, 0x00, 0x00, 0x01, 0x00, 0x00, 0x22, 0x40, 0x00, 0x00,
    0xf0, 0x12, 0x00, 0x00, 0x0d, 0x01, 0x0a, 0x00, 0x2f, 0x01, 0x01, 0x00,
    0x02, 0x00, 0x00, 0x00, 0x00, 0x40, 0x00, 0x00, 0x70, 0x5b, 0x02, 0x00,
    0x10, 0x40, 0x00, 0x00, 0xb0, 0x62, 0x02, 0x00, 0x2f, 0x01, 0x03, 0x00,
    0x02, 0x00, 0x00, 0x00, 0x00, 0x40, 0x00, 0x00, 0x10, 0x5f, 0x02, 0x00,
    0x10, 0x40, 0x00, 0x00, 0xe4, 0x05, 0x00, 0x00, 0x13, 0x01, 0x00, 0x00,
    0x15, 0x40, 0x00, 0x00, 0x3a, 0x00, 0x00, 0x00, 0x14, 0x40, 0x00, 0x00,
    0x01, 0x00, 0x00, 0x00, 0x16, 0x40, 0x00, 0x00, 0x01, 0x00, 0x00, 0x00,
    0x18, 0x01, 0x75, 0x00, 0x14, 0x01, 0x01, 0x00, 0x20, 0x40, 0x00, 0x00,
    0x80, 0x14, 0x00, 0x00, 0x21, 0x40, 0x00, 0x00, 0x40, 0x00, 0x00, 0x00,
    0x22, 0x40, 0x00, 0x00, 0x70, 0x14, 0x00, 0x00, 0x23, 0x40, 0x00, 0x00,
    0x10, 0x00, 0x00, 0x00, 0x17, 0x01, 0x07, 0x00, 0x2f, 0x01, 0x01, 0x00,
    0x02, 0x00, 0x00, 0x00, 0x00, 0x40, 0x00, 0x00, 0xb0, 0x62, 0x02, 0x00,
    0x10, 0x40, 0x00, 0x00, 0x1e, 0x06, 0x00, 0x00, 0x2f, 0x01, 0x03, 0x00,
    0x02, 0x00, 0x00, 0x00, 0x00, 0x40, 0x00, 0x00, 0xb0, 0xbf, 0x01, 0x00,
    0x02, 0x40, 0x00, 0x00, 0xf0, 0xa9, 0x01, 0x00, 0x0b, 0x01, 0x03, 0x00,
    0x0c, 0x01, 0x03, 0x00, 0x01, 0x01, 0x01, 0x00, 0x02, 0x01, 0x01, 0x00,
    0x10, 0x40, 0x00, 0x00, 0xd0, 0x57, 0x02, 0x00, 0x13, 0x01, 0x0b, 0x00,
    0x15, 0x40, 0x00, 0x00, 0xa0, 0x03, 0x00, 0x00, 0x14, 0x40, 0x00, 0x00,
    0x10, 0x00, 0x00, 0x00, 0x16, 0x40, 0x00, 0x00, 0xa0, 0x03, 0x00, 0x00,
    0x18, 0x01, 0x80, 0xff, 0x14, 0x01, 0x41, 0x00, 0x21, 0x01, 0x04, 0x00,
    0x20, 0x01, 0x02, 0x00, 0x20, 0x40, 0x00, 0x00, 0x10, 0x12, 0x00, 0x00,
    0x21, 0x40, 0x00, 0x00, 0xe0, 0x00, 0x00, 0x00, 0x22, 0x40, 0x00, 0x00,
    0x90, 0x11, 0x00, 0x00, 0x23, 0x40, 0x00, 0x00, 0x80, 0x00, 0x00, 0x00,
    0x17, 0x01, 0x0f, 0x00, 0x0d, 0x01, 0x12, 0x00, 0x03, 0x00, 0x00, 0x00,
    0x00, 0x40, 0x00, 0x00, 0x50, 0xc3, 0x01, 0x00, 0x0b, 0x01, 0x02, 0x00,
    0x0c, 0x01, 0x02, 0x00, 0x10, 0x40, 0x00, 0x00, 0x70, 0x5b, 0x02, 0x00,
    0x03, 0x00, 0x00, 0x00, 0x00, 0x40, 0x00, 0x00, 0xd0, 0x57, 0x02, 0x00,
    0x02, 0x40, 0x00, 0x00, 0x00, 0x00, 0x00, 0x00, 0x0b, 0x01, 0x00, 0x00,
    0x0c, 0x01, 0x00, 0x00, 0x01, 0x01, 0x00, 0x00, 0x02, 0x01, 0x00, 0x00,
    0x10, 0x40, 0x00, 0x00, 0x10, 0x5f, 0x02, 0x00, 0x21, 0x01, 0x00, 0x00,
    0x20, 0x01, 0x00, 0x00, 0x20, 0x40, 0x00, 0x00, 0x70, 0x13, 0x00, 0x00,
    0x21, 0x40, 0x00, 0x00, 0x00, 0x01, 0x00, 0x00, 0x22, 0x40, 0x00, 0x00,
    0xf0, 0x12, 0x00, 0x00, 0x0d, 0x01, 0x0a, 0x00, 0x2f, 0x01, 0x01, 0x00,
    0x02, 0x00, 0x00, 0x00, 0x00, 0x40, 0x00, 0x00, 0x70, 0x5b, 0x02, 0x00,
    0x10, 0x40, 0x00, 0x00, 0xb0, 0x62, 0x02, 0x00, 0x2f, 0x01, 0x03, 0x00,
    0x02, 0x00, 0x00, 0x00, 0x00, 0x40, 0x00, 0x00, 0x10, 0x5f, 0x02, 0x00,
    0x10, 0x40, 0x00, 0x00, 0x58, 0x06, 0x00, 0x00, 0x13, 0x01, 0x00, 0x00,
    0x15, 0x40, 0x00, 0x00, 0x3a, 0x00, 0x00, 0x00, 0x14, 0x40, 0x00, 0x00,
    0x01, 0x00, 0x00, 0x00, 0x16, 0x40, 0x00, 0x00, 0x01, 0x00, 0x00, 0x00,
    0x18, 0x01, 0x75, 0x00, 0x14, 0x01, 0x01, 0x00, 0x20, 0x40, 0x00, 0x00,
    0x80, 0x14, 0x00, 0x00, 0x21, 0x40, 0x00, 0x00, 0x40, 0x00, 0x00, 0x00,
    0x22, 0x40, 0x00, 0x00, 0x70, 0x14, 0x00, 0x00, 0x23, 0x40, 0x00, 0x00,
    0x10, 0x00, 0x00, 0x00, 0x17, 0x01, 0x07, 0x00, 0x2f, 0x01, 0x01, 0x00,
    0x02, 0x00, 0x00, 0x00, 0x00, 0x40, 0x00, 0x00, 0xb0, 0x62, 0x02, 0x00,
    0x10, 0x40, 0x00, 0x00, 0x92, 0x06, 0x00, 0x00, 0x2f, 0x01, 0x03, 0x00,
    0x02, 0x00, 0x00, 0x00, 0x00, 0x40, 0x00, 0x00, 0xf0, 0xc6, 0x01, 0x00,
    0x02, 0x40, 0x00, 0x00, 0xf0, 0xa9, 0x01, 0x00, 0x0b, 0x01, 0x01, 0x00,
    0x0c, 0x01, 0x01, 0x00, 0x01, 0x01, 0x01, 0x00, 0x02, 0x01, 0x01, 0x00,
    0x10, 0x40, 0x00, 0x00, 0xd0, 0x57, 0x02, 0x00, 0x13, 0x01, 0x0b, 0x00,
    0x15, 0x40, 0x00, 0x00, 0xa0, 0x03, 0x00, 0x00, 0x14, 0x40, 0x00, 0x00,
    0x10, 0x00, 0x00, 0x00, 0x16, 0x40, 0x00, 0x00, 0xa0, 0x03, 0x00, 0x00,
    0x18, 0x01, 0x80, 0xff, 0x14, 0x01, 0x41, 0x00, 0x21, 0x01, 0x04, 0x00,
    0x20, 0x01, 0x02, 0x00, 0x20, 0x40, 0x00, 0x00, 0x10, 0x12, 0x00, 0x00,
    0x21, 0x40, 0x00, 0x00, 0xe0, 0x00, 0x00, 0x00, 0x22, 0x40, 0x00, 0x00,
    0x90, 0x11, 0x00, 0x00, 0x23, 0x40, 0x00, 0x00, 0x80, 0x00, 0x00, 0x00,
    0x17, 0x01, 0x0f, 0x00, 0x0d, 0x01, 0x12, 0x00, 0x03, 0x00, 0x00, 0x00,
    0x00, 0x40, 0x00, 0x00, 0x90, 0xca, 0x01, 0x00, 0x0b, 0x01, 0x00, 0x00,
    0x0c, 0x01, 0x00, 0x00, 0x10, 0x40, 0x00, 0x00, 0x70, 0x5b, 0x02, 0x00,
    0x03, 0x00, 0x00, 0x00, 0x00, 0x40, 0x00, 0x00, 0xd0, 0x57, 0x02, 0x00,
    0x02, 0x40, 0x00, 0x00, 0x00, 0x00, 0x00, 0x00, 0x01, 0x01, 0x00, 0x00,
    0x02, 0x01, 0x00, 0x00, 0x10, 0x40, 0x00, 0x00, 0x10, 0x5f, 0x02, 0x00,
    0x21, 0x01, 0x00, 0x00, 0x20, 0x01, 0x00, 0x00, 0x20, 0x40, 0x00, 0x00,
    0x70, 0x13, 0x00, 0x00, 0x21, 0x40, 0x00, 0x00, 0x00, 0x01, 0x00, 0x00,
    0x22, 0x40, 0x00, 0x00, 0xf0, 0x12, 0x00, 0x00, 0x0d, 0x01, 0x0a, 0x00,
    0x2f, 0x01, 0x01, 0x00, 0x02, 0x00, 0x00, 0x00, 0x00, 0x40, 0x00, 0x00,
    0x70, 0x5b, 0x02, 0x00, 0x10, 0x40, 0x00, 0x00, 0xb0, 0x62, 0x02, 0x00,
    0x2f, 0x01, 0x03, 0x00, 0x02, 0x00, 0x00, 0x00, 0x00, 0x40, 0x00, 0x00,
    0x10, 0x5f, 0x02, 0x00, 0x10, 0x40, 0x00, 0x00, 0xcc, 0x06, 0x00, 0x00,
    0x13, 0x01, 0x00, 0x00, 0x15, 0x40, 0x00, 0x00, 0x3a, 0x00, 0x00, 0x00,
    0x14, 0x40, 0x00, 0x00, 0x01, 0x00, 0x00, 0x00, 0x16, 0x40, 0x00, 0x00,
    0x01, 0x00, 0x00, 0x00, 0x18, 0x01, 0x75, 0x00, 0x14, 0x01, 0x01, 0x00,
    0x20, 0x40, 0x00, 0x00, 0x80, 0x14, 0x00, 0x00, 0x21, 0x40, 0x00, 0x00,
    0x40, 0x00, 0x00, 0x00, 0x22, 0x40, 0x00, 0x00, 0x70, 0x14, 0x00, 0x00,
    0x23, 0x40, 0x00, 0x00, 0x10, 0x00, 0x00, 0x00, 0x17, 0x01, 0x07, 0x00,
    0x2f, 0x01, 0x01, 0x00, 0x02, 0x00, 0x00, 0x00, 0x00, 0x40, 0x00, 0x00,
    0xb0, 0x62, 0x02, 0x00, 0x10, 0x40, 0x00, 0x00, 0x06, 0x07, 0x00, 0x00,
    0x2f, 0x01, 0x03, 0x00, 0x02, 0x00, 0x00, 0x00, 0x00, 0x40, 0x00, 0x00,
    0x50, 0x1a, 0x02, 0x00, 0x0b, 0x01, 0x02, 0x00, 0x0c, 0x01, 0x02, 0x00,
    0x01, 0x01, 0x04, 0x00, 0x02, 0x01, 0x04, 0x00, 0x10, 0x40, 0x00, 0x00,
    0x90, 0x50, 0x02, 0x00, 0x13, 0x01, 0x0b, 0x00, 0x15, 0x40, 0x00, 0x00,
    0xa0, 0x03, 0x00, 0x00, 0x14, 0x40, 0x00, 0x00, 0x10, 0x00, 0x00, 0x00,
    0x16, 0x40, 0x00, 0x00, 0xa0, 0x03, 0x00, 0x00, 0x18, 0x01, 0x80, 0xff,
    0x14, 0x01, 0x41, 0x00, 0x21, 0x01, 0x02, 0x00, 0x20, 0x01, 0x08, 0x00,
    0x20, 0x40, 0x00, 0x00, 0xa0, 0x0e, 0x00, 0x00, 0x21, 0x40, 0x00, 0x00,
    0x80, 0x01, 0x00, 0x00, 0x22, 0x40, 0x00, 0x00, 0x20, 0x0e, 0x00, 0x00,
    0x23, 0x40, 0x00, 0x00, 0x80, 0x00, 0x00, 0x00, 0x17, 0x01, 0x0f, 0x00,
    0x0d, 0x01, 0x12, 0x00, 0x03, 0x00, 0x00, 0x00, 0x00, 0x40, 0x00, 0x00,
    0xf0, 0x1d, 0x02, 0x00, 0x02, 0x40, 0x00, 0x00, 0x70, 0x0f, 0x02, 0x00,
    0x0b, 0x01, 0x01, 0x00, 0x0c, 0x01, 0x01, 0x00, 0x10, 0x40, 0x00, 0x00,
    0x30, 0x54, 0x02, 0x00, 0x03, 0x00, 0x00, 0x00, 0x00, 0x40, 0x00, 0x00,
    0x90, 0x50, 0x02, 0x00, 0x02, 0x40, 0x00, 0x00, 0x00, 0x00, 0x00, 0x00,
    0x0b, 0x01, 0x00, 0x00, 0x0c, 0x01, 0x00, 0x00, 0x01, 0x01, 0x00, 0x00,
    0x02, 0x01, 0x00, 0x00, 0x10, 0x40, 0x00, 0x00, 0x70, 0xb8, 0x01, 0x00,
    0x21, 0x01, 0x00, 0x00, 0x20, 0x01, 0x00, 0x00, 0x20, 0x40, 0x00, 0x00,
    0xa0, 0x10, 0x00, 0x00, 0x21, 0x40, 0x00, 0x00, 0xf0, 0x00, 0x00, 0x00,
    0x22, 0x40, 0x00, 0x00, 0x20, 0x10, 0x00, 0x00, 0x0d, 0x01, 0x0a, 0x00,
    0x2f, 0x01, 0x01, 0x00, 0x02, 0x00, 0x00, 0x00, 0x00, 0x40, 0x00, 0x00,
    0x30, 0x54, 0x02, 0x00, 0x10, 0x40, 0x00, 0x00, 0x10, 0xbc, 0x01, 0x00,
    0x2f, 0x01, 0x03, 0x00, 0x02, 0x00, 0x00, 0x00, 0x00, 0x40, 0x00, 0x00,
    0x90, 0x21, 0x02, 0x00, 0x02, 0x40, 0x00, 0x00, 0x70, 0x0f, 0x02, 0x00,
    0x01, 0x01, 0x04, 0x00, 0x02, 0x01, 0x04, 0x00, 0x10, 0x40, 0x00, 0x00,
    0x90, 0x50, 0x02, 0x00, 0x21, 0x01, 0x02, 0x00, 0x20, 0x01, 0x08, 0x00,
    0x20, 0x40, 0x00, 0x00, 0xa0, 0x0e, 0x00, 0x00, 0x21, 0x40, 0x00, 0x00,
    0x80, 0x01, 0x00, 0x00, 0x22, 0x40, 0x00, 0x00, 0x20, 0x0e, 0x00, 0x00,
    0x0d, 0x01, 0x12, 0x00, 0x03, 0x00, 0x00, 0x00, 0x00, 0x40, 0x00, 0x00,
    0x50, 0xfd, 0x01, 0x00, 0x02, 0x40, 0x00, 0x00, 0x00, 0x00, 0x00, 0x00,
    0x0b, 0x01, 0x02, 0x00, 0x0c, 0x01, 0x02, 0x00, 0x01, 0x01, 0x03, 0x00,
    0x02, 0x01, 0x03, 0x00, 0x10, 0x40, 0x00, 0x00, 0x50, 0x49, 0x02, 0x00,
    0x20, 0x01, 0x06, 0x00, 0x20, 0x40, 0x00, 0x00, 0x60, 0x0b, 0x00, 0x00,
    0x21, 0x40, 0x00, 0x00, 0x40, 0x01, 0x00, 0x00, 0x22, 0x40, 0x00, 0x00,
    0xe0, 0x0a, 0x00, 0x00, 0x0d, 0x01, 0x0a, 0x00, 0x03, 0x00, 0x00, 0x00,
    0x00, 0x40, 0x00, 0x00, 0xf0, 0x00, 0x02, 0x00, 0x10, 0x40, 0x00, 0x00,
    0xf0, 0x4c, 0x02, 0x00, 0x03, 0x00, 0x00, 0x00, 0x00, 0x40, 0x00, 0x00,
    0x50, 0x49, 0x02, 0x00, 0x0b, 0x01, 0x00, 0x00, 0x0c, 0x01, 0x00, 0x00,
    0x01, 0x01, 0x00, 0x00, 0x02, 0x01, 0x00, 0x00, 0x10, 0x40, 0x00, 0x00,
    0xb0, 0x16, 0x02, 0x00, 0x21, 0x01, 0x00, 0x00, 0x20, 0x01, 0x00, 0x00,
    0x20, 0x40, 0x00, 0x00, 0x20, 0x0d, 0x00, 0x00, 0x21, 0x40, 0x00, 0x00,
    0x00, 0x01, 0x00, 0x00, 0x22, 0x40, 0x00, 0x00, 0xa0, 0x0c, 0x00, 0x00,
    0x2f, 0x01, 0x01, 0x00, 0x02, 0x00, 0x00, 0x00, 0x00, 0x40, 0x00, 0x00,
    0xf0, 0x4c, 0x02, 0x00, 0x10, 0x40, 0x00, 0x00, 0x50, 0x1a, 0x02, 0x00,
    0x2f, 0x01, 0x03, 0x00, 0x02, 0x00, 0x00, 0x00, 0x00, 0x40, 0x00, 0x00,
    0x90, 0x04, 0x02, 0x00, 0x0b, 0x01, 0x02, 0x00, 0x0c, 0x01, 0x02, 0x00,
    0x01, 0x01, 0x03, 0x00, 0x02, 0x01, 0x03, 0x00, 0x10, 0x40, 0x00, 0x00,
    0x50, 0x49, 0x02, 0x00, 0x21, 0x01, 0x02, 0x00, 0x20, 0x01, 0x06, 0x00,
    0x20, 0x40, 0x00, 0x00, 0x60, 0x0b, 0x00, 0x00, 0x21, 0x40, 0x00, 0x00,
    0x40, 0x01, 0x00, 0x00, 0x22, 0x40, 0x00, 0x00, 0xe0, 0x0a, 0x00, 0x00,
    0x03, 0x00, 0x00, 0x00, 0x00, 0x40, 0x00, 0x00, 0xb0, 0x85, 0x01, 0x00,
    0x0b, 0x01, 0x04, 0x00, 0x0c, 0x01, 0x04, 0x00, 0x01, 0x01, 0x01, 0x00,
    0x02, 0x01, 0x01, 0x00, 0x10, 0x40, 0x00, 0x00, 0x10, 0x42, 0x02, 0x00,
    0x21, 0x01, 0x04, 0x00, 0x20, 0x01, 0x02, 0x00, 0x20, 0x40, 0x00, 0x00,
    0x80, 0x08, 0x00, 0x00, 0x21, 0x40, 0x00, 0x00, 0xe0, 0x00, 0x00, 0x00,
    0x22, 0x40, 0x00, 0x00, 0x00, 0x08, 0x00, 0x00, 0x0d, 0x01, 0x12, 0x00,
    0x03, 0x00, 0x00, 0x00, 0x00, 0x40, 0x00, 0x00, 0x50, 0x89, 0x01, 0x00,
    0x10, 0x40, 0x00, 0x00, 0xb0, 0x45, 0x02, 0x00, 0x03, 0x00, 0x00, 0x00,
    0x00, 0x40, 0x00, 0x00, 0x10, 0x42, 0x02, 0x00, 0x0b, 0x01, 0x00, 0x00,
    0x0c, 0x01, 0x00, 0x00, 0x01, 0x01, 0x00, 0x00, 0x02, 0x01, 0x00, 0x00,
    0x10, 0x40, 0x00, 0x00, 0xb0, 0xf9, 0x01, 0x00, 0x21, 0x01, 0x00, 0x00,
    0x20, 0x01, 0x00, 0x00, 0x20, 0x40, 0x00, 0x00, 0xe0, 0x09, 0x00, 0x00,
    0x21, 0x40, 0x00, 0x00, 0x00, 0x01, 0x00, 0x00, 0x22, 0x40, 0x00, 0x00,
    0x60, 0x09, 0x00, 0x00, 0x0d, 0x01, 0x0a, 0x00, 0x2f, 0x01, 0x01, 0x00,
    0x02, 0x00, 0x00, 0x00, 0x00, 0x40, 0x00, 0x00, 0xb0, 0x45, 0x02, 0x00,
    0x10, 0x40, 0x00, 0x00, 0x50, 0xfd, 0x01, 0x00, 0x2f, 0x01, 0x03, 0x00,
    0x02, 0x00, 0x00, 0x00, 0x00, 0x40, 0x00, 0x00, 0xd0, 0xee, 0x01, 0x00,
    0x0b, 0x01, 0x02, 0x00, 0x0c, 0x01, 0x02, 0x00, 0x01, 0x01, 0x04, 0x00,
    0x02, 0x01, 0x04, 0x00, 0x10, 0x40, 0x00, 0x00, 0xd0, 0x3a, 0x02, 0x00,
    0x21, 0x01, 0x02, 0x00, 0x20, 0x01, 0x08, 0x00, 0x20, 0x40, 0x00, 0x00,
    0xf0, 0x04, 0x00, 0x00, 0x21, 0x40, 0x00, 0x00, 0x90, 0x01, 0x00, 0x00,
    0x22, 0x40, 0x00, 0x00, 0x70, 0x04, 0x00, 0x00, 0x0d, 0x01, 0x12, 0x00,
    0x03, 0x00, 0x00, 0x00, 0x00, 0x40, 0x00, 0x00, 0x70, 0xf2, 0x01, 0x00,
    0x02, 0x40, 0x00, 0x00, 0xf0, 0xe3, 0x01, 0x00, 0x0b, 0x01, 0x01, 0x00,
    0x0c, 0x01, 0x01, 0x00, 0x10, 0x40, 0x00, 0x00, 0x70, 0x3e, 0x02, 0x00,
    0x03, 0x00, 0x00, 0x00, 0x00, 0x40, 0x00, 0x00, 0xd0, 0x3a, 0x02, 0x00,
    0x02, 0x40, 0x00, 0x00, 0x00, 0x00, 0x00, 0x00, 0x0b, 0x01, 0x00, 0x00,
    0x0c, 0x01, 0x00, 0x00, 0x01, 0x01, 0x00, 0x00, 0x02, 0x01, 0x00, 0x00,
    0x10, 0x40, 0x00, 0x00, 0x70, 0x9b, 0x01, 0x00, 0x21, 0x01, 0x00, 0x00,
    0x20, 0x01, 0x00, 0x00, 0x20, 0x40, 0x00, 0x00, 0x00, 0x07, 0x00, 0x00,
    0x21, 0x40, 0x00, 0x00, 0x00, 0x01, 0x00, 0x00, 0x22, 0x40, 0x00, 0x00,
    0x80, 0x06, 0x00, 0x00, 0x0d, 0x01, 0x0a, 0x00, 0x2f, 0x01, 0x01, 0x00,
    0x02, 0x00, 0x00, 0x00, 0x00, 0x40, 0x00, 0x00, 0x70, 0x3e, 0x02, 0x00,
    0x10, 0x40, 0x00, 0x00, 0x10, 0x9f, 0x01, 0x00, 0x2f, 0x01, 0x03, 0x00,
    0x02, 0x00, 0x00, 0x00, 0x00, 0x40, 0x00, 0x00, 0x10, 0xf6, 0x01, 0x00,
    0x02, 0x40, 0x00, 0x00, 0xf0, 0xe3, 0x01, 0x00, 0x01, 0x01, 0x04, 0x00,
    0x02, 0x01, 0x04, 0x00, 0x10, 0x40, 0x00, 0x00, 0xd0, 0x3a, 0x02, 0x00,
    0x21, 0x01, 0x02, 0x00, 0x20, 0x01, 0x08, 0x00, 0x20, 0x40, 0x00, 0x00,
    0xf0, 0x04, 0x00, 0x00, 0x21, 0x40, 0x00, 0x00, 0x90, 0x01, 0x00, 0x00,
    0x22, 0x40, 0x00, 0x00, 0x70, 0x04, 0x00, 0x00, 0x0d, 0x01, 0x12, 0x00,
    0x03, 0x00, 0x00, 0x00, 0x00, 0x40, 0x00, 0x00, 0xd0, 0xd1, 0x01, 0x00,
    0x02, 0x40, 0x00, 0x00, 0x00, 0x00, 0x00, 0x00, 0x0b, 0x01, 0x02, 0x00,
    0x0c, 0x01, 0x02, 0x00, 0x01, 0x01, 0x03, 0x00, 0x02, 0x01, 0x03, 0x00,
    0x10, 0x40, 0x00, 0x00, 0x90, 0x33, 0x02, 0x00, 0x20, 0x01, 0x06, 0x00,
    0x20, 0x40, 0x00, 0x00, 0xe0, 0x01, 0x00, 0x00, 0x21, 0x40, 0x00, 0x00,
    0x30, 0x01, 0x00, 0x00, 0x22, 0x40, 0x00, 0x00, 0x60, 0x01, 0x00, 0x00,
    0x0d, 0x01, 0x0a, 0x00, 0x03, 0x00, 0x00, 0x00, 0x00, 0x40, 0x00, 0x00,
    0x70, 0xd5, 0x01, 0x00, 0x10, 0x40, 0x00, 0x00, 0x30, 0x37, 0x02, 0x00,
    0x03, 0x00, 0x00, 0x00, 0x00, 0x40, 0x00, 0x00, 0x90, 0x33, 0x02, 0x00,
    0x0b, 0x01, 0x00, 0x00, 0x0c, 0x01, 0x00, 0x00, 0x01, 0x01, 0x00, 0x00,
    0x02, 0x01, 0x00, 0x00, 0x10, 0x40, 0x00, 0x00, 0x30, 0xeb, 0x01, 0x00,
    0x21, 0x01, 0x00, 0x00, 0x20, 0x01, 0x00, 0x00, 0x20, 0x40, 0x00, 0x00,
    0x90, 0x03, 0x00, 0x00, 0x21, 0x40, 0x00, 0x00, 0xe0, 0x00, 0x00, 0x00,
    0x22, 0x40, 0x00, 0x00, 0x10, 0x03, 0x00, 0x00, 0x2f, 0x01, 0x01, 0x00,
    0x02, 0x00, 0x00, 0x00, 0x00, 0x40, 0x00, 0x00, 0x30, 0x37, 0x02, 0x00,
    0x10, 0x40, 0x00, 0x00, 0xd0, 0xee, 0x01, 0x00, 0x2f, 0x01, 0x03, 0x00,
    0x02, 0x00, 0x00, 0x00, 0x00, 0x40, 0x00, 0x00, 0x10, 0xd9, 0x01, 0x00,
    0x0b, 0x01, 0x02, 0x00, 0x0c, 0x01, 0x02, 0x00, 0x01, 0x01, 0x03, 0x00,
    0x02, 0x01, 0x03, 0x00, 0x10, 0x40, 0x00, 0x00, 0x90, 0x33, 0x02, 0x00,
    0x21, 0x01, 0x02, 0x00, 0x20, 0x01, 0x06, 0x00, 0x20, 0x40, 0x00, 0x00,
    0xe0, 0x01, 0x00, 0x00, 0x21, 0x40, 0x00, 0x00, 0x30, 0x01, 0x00, 0x00,
    0x22, 0x40, 0x00, 0x00, 0x60, 0x01, 0x00, 0x00, 0x03, 0x00, 0x00, 0x00,
    0x00, 0x40, 0x00, 0x00, 0x30, 0xd9, 0x00, 0x00, 0x0b, 0x01, 0x01, 0x00,
    0x0c, 0x01, 0x01, 0x00, 0x0a, 0x01, 0x72, 0x00, 0x04, 0x01, 0x03, 0x00,
    0x05, 0x40, 0x00, 0x00, 0xcc, 0x01, 0x00, 0x00, 0x04, 0x40, 0x00, 0x00,
    0x04, 0x00, 0x00, 0x00, 0x06, 0x40, 0x00, 0x00, 0x01, 0x00, 0x00, 0x00,
    0x09, 0x01, 0x00, 0x00, 0x05, 0x01, 0x01, 0x00, 0x01, 0x01, 0x00, 0x00,
    0x02, 0x01, 0x00, 0x00, 0x10, 0x40, 0x00, 0x00, 0x30, 0x25, 0x02, 0x00,
    0x11, 0x01, 0x72, 0x00, 0x1a, 0x01, 0x72, 0x00, 0x13, 0x01, 0x03, 0x00,
    0x15, 0x40, 0x00, 0x00, 0x30, 0x07, 0x00, 0x00, 0x16, 0x40, 0x00, 0x00,
    0x30, 0x07, 0x00, 0x00, 0x18, 0x01, 0x00, 0x00, 0x14, 0x01, 0x41, 0x81,
    0x21, 0x01, 0x01, 0x00, 0x20, 0x01, 0x00, 0x00, 0x22, 0x01, 0x02, 0x00,
    0x15, 0x01, 0x15, 0x00, 0x17, 0x01, 0x07, 0x00, 0x05, 0x00, 0x01, 0x00,
    0x00, 0x40, 0x00, 0x00, 0xc8, 0xdc, 0x00, 0x00, 0x10, 0x40, 0x00, 0x00,
    0x60, 0x2c, 0x02, 0x00, 0x05, 0x00, 0x01, 0x00, 0x00, 0x40, 0x00, 0x00,
    0x30, 0x25, 0x02, 0x00, 0x0b, 0x01, 0x00, 0x00, 0x0c, 0x01, 0x00, 0x00,
    0x05, 0x40, 0x00, 0x00, 0x30, 0x07, 0x00, 0x00, 0x04, 0x40, 0x00, 0x00,
    0x10, 0x00, 0x00, 0x00, 0x06, 0x40, 0x00, 0x00, 0x30, 0x07, 0x00, 0x00,
    0x05, 0x01, 0x41, 0x00, 0x01, 0x01, 0x01, 0x00, 0x02, 0x01, 0x01, 0x00,
    0x10, 0x40, 0x00, 0x00, 0x30, 0xce, 0x01, 0x00, 0x11, 0x01, 0x39, 0x00,
    0x1a, 0x01, 0x39, 0x00, 0x13, 0x01, 0x0b, 0x00, 0x15, 0x40, 0x00, 0x00,
    0xa0, 0x03, 0x00, 0x00, 0x16, 0x40, 0x00, 0x00, 0xa0, 0x03, 0x00, 0x00,
    0x18, 0x01, 0x80, 0xff, 0x14, 0x01, 0x41, 0x00, 0x21, 0x01, 0x00, 0x00,
    0x20, 0x01, 0x02, 0x00, 0x22, 0x01, 0x05, 0x00, 0x20, 0x40, 0x00, 0x00,
    0x80, 0x00, 0x00, 0x00, 0x21, 0x40, 0x00, 0x00, 0xe0, 0x00, 0x00, 0x00,
    0x22, 0x40, 0x00, 0x00, 0x00, 0x00, 0x00, 0x00, 0x15, 0x01, 0x39, 0x00,
    0x17, 0x01, 0x0f, 0x00, 0x2f, 0x01, 0x01, 0x00, 0x02, 0x00, 0x00, 0x00,
    0x00, 0x40, 0x00, 0x00, 0x60, 0x2c, 0x02, 0x00, 0x10, 0x40, 0x00, 0x00,
    0xd0, 0xd1, 0x01, 0x00, 0x2f, 0x01, 0x03, 0x00, 0x02, 0x00, 0x00, 0x00,
    0x00, 0x40, 0x00, 0x00, 0x60, 0xe0, 0x00, 0x00, 0x0b, 0x01, 0x01, 0x00,
    0x0c, 0x01, 0x01, 0x00, 0x05, 0x40, 0x00, 0x00, 0xcc, 0x01, 0x00, 0x00,
    0x04, 0x40, 0x00, 0x00, 0x04, 0x00, 0x00, 0x00, 0x06, 0x40, 0x00, 0x00,
    0x01, 0x00, 0x00, 0x00, 0x05, 0x01, 0x01, 0x00, 0x01, 0x01, 0x00, 0x00,
    0x02, 0x01, 0x00, 0x00, 0x10, 0x40, 0x00, 0x00, 0x30, 0x25, 0x02, 0x00,
    0x11, 0x01, 0x72, 0x00, 0x1a, 0x01, 0x72, 0x00, 0x13, 0x01, 0x03, 0x00,
    0x15, 0x40, 0x00, 0x00, 0x30, 0x07, 0x00, 0x00, 0x16, 0x40, 0x00, 0x00,
    0x30, 0x07, 0x00, 0x00, 0x18, 0x01, 0x00, 0x00, 0x14, 0x01, 0x41, 0x81,
    0x21, 0x01, 0x01, 0x00, 0x20, 0x01, 0x00, 0x00, 0x22, 0x01, 0x02, 0x00,
    0x15, 0x01, 0x15, 0x00, 0x17, 0x01, 0x07, 0x00, 0x05, 0x00, 0x01, 0x00,
    0x00, 0x40, 0x00, 0x00, 0xf8, 0xe3, 0x00, 0x00, 0x10, 0x40, 0x00, 0x00,
    0x60, 0x2c, 0x02, 0x00, 0x05, 0x00, 0x01, 0x00, 0x00, 0x40, 0x00, 0x00,
    0x30, 0x25, 0x02, 0x00, 0x0b, 0x01, 0x00, 0x00, 0x0c, 0x01, 0x00, 0x00,
    0x05, 0x40, 0x00, 0x00, 0x30, 0x07, 0x00, 0x00, 0x04, 0x40, 0x00, 0x00,
    0x10, 0x00, 0x00, 0x00, 0x06, 0x40, 0x00, 0x00, 0x30, 0x07, 0x00, 0x00,
    0x05, 0x01, 0x41, 0x00, 0x01, 0x01, 0x01, 0x00, 0x02, 0x01, 0x01, 0x00,
    0x10, 0x40, 0x00, 0x00, 0x70, 0xd5, 0x01, 0x00, 0x11, 0x01, 0x39, 0x00,
    0x1a, 0x01, 0x39, 0x00, 0x13, 0x01, 0x0b, 0x00, 0x15, 0x40, 0x00, 0x00,
    0xa0, 0x03, 0x00, 0x00, 0x16, 0x40, 0x00, 0x00, 0xa0, 0x03, 0x00, 0x00,
    0x18, 0x01, 0x80, 0xff, 0x14, 0x01, 0x41, 0x00, 0x21, 0x01, 0x00, 0x00,
    0x20, 0x01, 0x02, 0x00, 0x22, 0x01, 0x05, 0x00, 0x15, 0x01, 0x39, 0x00,
    0x17, 0x01, 0x0f, 0x00, 0x2f, 0x01, 0x01, 0x00, 0x02, 0x00, 0x00, 0x00,
    0x00, 0x40, 0x00, 0x00, 0x60, 0x2c, 0x02, 0x00, 0x10, 0x40, 0x00, 0x00,
    0x10, 0xd9, 0x01, 0x00, 0x2f, 0x01, 0x03, 0x00, 0x02, 0x00, 0x00, 0x00,
    0x00, 0x40, 0x00, 0x00, 0xb0, 0xdc, 0x01, 0x00, 0x02, 0x40, 0x00, 0x00,
    0x30, 0xce, 0x01, 0x00, 0x0b, 0x01, 0x01, 0x00, 0x0c, 0x01, 0x01, 0x00,
    0x0a, 0x01, 0x39, 0x00, 0x04, 0x01, 0x0b, 0x00, 0x05, 0x40, 0x00, 0x00,
    0xa0, 0x03, 0x00, 0x00, 0x06, 0x40, 0x00, 0x00, 0xa0, 0x03, 0x00, 0x00,
    0x09, 0x01, 0x80, 0xff, 0x01, 0x01, 0x03, 0x00, 0x02, 0x01, 0x03, 0x00,
    0x10, 0x40, 0x00, 0x00, 0x30, 0x37, 0x02, 0x00, 0x21, 0x01, 0x02, 0x00,
    0x20, 0x01, 0x06, 0x00, 0x22, 0x01, 0x00, 0x00, 0x20, 0x40, 0x00, 0x00,
    0xe0, 0x01, 0x00, 0x00, 0x21, 0x40, 0x00, 0x00, 0x30, 0x01, 0x00, 0x00,
    0x22, 0x40, 0x00, 0x00, 0x60, 0x01, 0x00, 0x00, 0x2f, 0x01, 0x01, 0x00,
    0x03, 0x00, 0x00, 0x00, 0x00, 0x40, 0x00, 0x00, 0x90, 0x33, 0x02, 0x00,
    0x02, 0x40, 0x00, 0x00, 0x00, 0x00, 0x00, 0x00, 0x0b, 0x01, 0x00, 0x00,
    0x0c, 0x01, 0x00, 0x00, 0x01, 0x01, 0x00, 0x00, 0x02, 0x01, 0x00, 0x00,
    0x10, 0x40, 0x00, 0x00, 0x70, 0xf2, 0x01, 0x00, 0x21, 0x01, 0x00, 0x00,
    0x20, 0x01, 0x00, 0x00, 0x20, 0x40, 0x00, 0x00, 0x90, 0x03, 0x00, 0x00,
    0x21, 0x40, 0x00, 0x00, 0xe0, 0x00, 0x00, 0x00, 0x22, 0x40, 0x00, 0x00,
    0x10, 0x03, 0x00, 0x00, 0x02, 0x00, 0x00, 0x00, 0x00, 0x40, 0x00, 0x00,
    0x30, 0x37, 0x02, 0x00, 0x10, 0x40, 0x00, 0x00, 0x10, 0xf6, 0x01, 0x00,
    0x2f, 0x01, 0x03, 0x00, 0x02, 0x00, 0x00, 0x00, 0x00, 0x40, 0x00, 0x00,
    0xf0, 0xe3, 0x01, 0x00, 0x0b, 0x01, 0x02, 0x00, 0x0c, 0x01, 0x02, 0x00,
    0x01, 0x01, 0x04, 0x00, 0x02, 0x01, 0x04, 0x00, 0x10, 0x40, 0x00, 0x00,
    0x70, 0x3e, 0x02, 0x00, 0x21, 0x01, 0x02, 0x00, 0x20, 0x01, 0x08, 0x00,
    0x20, 0x40, 0x00, 0x00, 0xf0, 0x04, 0x00, 0x00, 0x21, 0x40, 0x00, 0x00,
    0x90, 0x01, 0x00, 0x00, 0x22, 0x40, 0x00, 0x00, 0x70, 0x04, 0x00, 0x00,
    0x0d, 0x01, 0x12, 0x00, 0x2f, 0x01, 0x01, 0x00, 0x03, 0x00, 0x00, 0x00,
    0x00, 0x40, 0x00, 0x00, 0xd0, 0x3a, 0x02, 0x00, 0x0b, 0x01, 0x00, 0x00,
    0x0c, 0x01, 0x00, 0x00, 0x01, 0x01, 0x00, 0x00, 0x02, 0x01, 0x00, 0x00,
    0x10, 0x40, 0x00, 0x00, 0xb0, 0xa2, 0x01, 0x00, 0x21, 0x01, 0x00, 0x00,
    0x20, 0x01, 0x00, 0x00, 0x20, 0x40, 0x00, 0x00, 0x00, 0x07, 0x00, 0x00,
    0x21, 0x40, 0x00, 0x00, 0x00, 0x01, 0x00, 0x00, 0x22, 0x40, 0x00, 0x00,
    0x80, 0x06, 0x00, 0x00, 0x0d, 0x01, 0x0a, 0x00, 0x02, 0x00, 0x00, 0x00,
    0x00, 0x40, 0x00, 0x00, 0x70, 0x3e, 0x02, 0x00, 0x10, 0x40, 0x00, 0x00,
    0x50, 0xa6, 0x01, 0x00, 0x2f, 0x01, 0x03, 0x00, 0x02, 0x00, 0x00, 0x00,
    0x00, 0x40, 0x00, 0x00, 0x90, 0xe7, 0x01, 0x00, 0x0b, 0x01, 0x02, 0x00,
    0x0c, 0x01, 0x02, 0x00, 0x01, 0x01, 0x04, 0x00, 0x02, 0x01, 0x04, 0x00,
    0x10, 0x40, 0x00, 0x00, 0xd0, 0x3a, 0x02, 0x00, 0x21, 0x01, 0x02, 0x00,
    0x20, 0x01, 0x08, 0x00, 0x20, 0x40, 0x00, 0x00, 0xf0, 0x04, 0x00, 0x00,
    0x21, 0x40, 0x00, 0x00, 0x90, 0x01, 0x00, 0x00, 0x22, 0x40, 0x00, 0x00,
    0x70, 0x04, 0x00, 0x00, 0x0d, 0x01, 0x12, 0x00, 0x03, 0x00, 0x00, 0x00,
    0x00, 0x40, 0x00, 0x00, 0x30, 0xeb, 0x01, 0x00, 0x10, 0x40, 0x00, 0x00,
    0x70, 0x3e, 0x02, 0x00, 0x03, 0x00, 0x00, 0x00, 0x00, 0x40, 0x00, 0x00,
    0xd0, 0x3a, 0x02, 0x00, 0x0b, 0x01, 0x00, 0x00, 0x0c, 0x01, 0x00, 0x00,
    0x01, 0x01, 0x00, 0x00, 0x02, 0x01, 0x00, 0x00, 0x10, 0x40, 0x00, 0x00,
    0xb0, 0x85, 0x01, 0x00, 0x21, 0x01, 0x00, 0x00, 0x20, 0x01, 0x00, 0x00,
    0x20, 0x40, 0x00, 0x00, 0x00, 0x07, 0x00, 0x00, 0x21, 0x40, 0x00, 0x00,
    0x00, 0x01, 0x00, 0x00, 0x22, 0x40, 0x00, 0x00, 0x80, 0x06, 0x00, 0x00,
    0x0d, 0x01, 0x0a, 0x00, 0x2f, 0x01, 0x01, 0x00, 0x02, 0x00, 0x00, 0x00,
    0x00, 0x40, 0x00, 0x00, 0x70, 0x3e, 0x02, 0x00, 0x10, 0x40, 0x00, 0x00,
    0x50, 0x89, 0x01, 0x00, 0x2f, 0x01, 0x03, 0x00, 0x02, 0x00, 0x00, 0x00,
    0x00, 0x40, 0x00, 0x00, 0xf0, 0x8c, 0x01, 0x00, 0x0b, 0x01, 0x04, 0x00,
    0x0c, 0x01, 0x04, 0x00, 0x01, 0x01, 0x01, 0x00, 0x02, 0x01, 0x01, 0x00,
    0x10, 0x40, 0x00, 0x00, 0x10, 0x42, 0x02, 0x00, 0x21, 0x01, 0x04, 0x00,
    0x20, 0x01, 0x02, 0x00, 0x20, 0x40, 0x00, 0x00, 0x80, 0x08, 0x00, 0x00,
    0x21, 0x40, 0x00, 0x00, 0xe0, 0x00, 0x00, 0x00, 0x22, 0x40, 0x00, 0x00,
    0x00, 0x08, 0x00, 0x00, 0x0d, 0x01, 0x12, 0x00, 0x2f, 0x01, 0x01, 0x00,
    0x03, 0x00, 0x00, 0x00, 0x00, 0x40, 0x00, 0x00, 0x90, 0x90, 0x01, 0x00,
    0x10, 0x40, 0x00, 0x00, 0xb0, 0x45, 0x02, 0x00, 0x2f, 0x01, 0x03, 0x00,
    0x03, 0x00, 0x00, 0x00, 0x00, 0x40, 0x00, 0x00, 0x10, 0x42, 0x02, 0x00,
    0x0b, 0x01, 0x00, 0x00, 0x0c, 0x01, 0x00, 0x00, 0x01, 0x01, 0x00, 0x00,
    0x02, 0x01, 0x00, 0x00, 0x10, 0x40, 0x00, 0x00, 0xf0, 0x00, 0x02, 0x00,
    0x21, 0x01, 0x00, 0x00, 0x20, 0x01, 0x00, 0x00, 0x20, 0x40, 0x00, 0x00,
    0xe0, 0x09, 0x00, 0x00, 0x21, 0x40, 0x00, 0x00, 0x00, 0x01, 0x00, 0x00,
    0x22, 0x40, 0x00, 0x00, 0x60, 0x09, 0x00, 0x00, 0x0d, 0x01, 0x0a, 0x00,
    0x2f, 0x01, 0x01, 0x00, 0x02, 0x00, 0x00, 0x00, 0x00, 0x40, 0x00, 0x00,
    0xb0, 0x45, 0x02, 0x00, 0x10, 0x40, 0x00, 0x00, 0x90, 0x04, 0x02, 0x00,
    0x2f, 0x01, 0x03, 0x00, 0x02, 0x00, 0x00, 0x00, 0x00, 0x40, 0x00, 0x00,
    0x30, 0x08, 0x02, 0x00, 0x02, 0x40, 0x00, 0x00, 0xb0, 0xf9, 0x01, 0x00,
    0x0b, 0x01, 0x01, 0x00, 0x0c, 0x01, 0x01, 0x00, 0x01, 0x01, 0x03, 0x00,
    0x02, 0x01, 0x03, 0x00, 0x10, 0x40, 0x00, 0x00, 0xf0, 0x4c, 0x02, 0x00,
    0x21, 0x01, 0x02, 0x00, 0x20, 0x01, 0x06, 0x00, 0x20, 0x40, 0x00, 0x00,
    0x60, 0x0b, 0x00, 0x00, 0x21, 0x40, 0x00, 0x00, 0x40, 0x01, 0x00, 0x00,
    0x22, 0x40, 0x00, 0x00, 0xe0, 0x0a, 0x00, 0x00, 0x2f, 0x01, 0x01, 0x00,
    0x03, 0x00, 0x00, 0x00, 0x00, 0x40, 0x00, 0x00, 0x50, 0x49, 0x02, 0x00,
    0x02, 0x40, 0x00, 0x00, 0x00, 0x00, 0x00, 0x00, 0x0b, 0x01, 0x00, 0x00,
    0x0c, 0x01, 0x00, 0x00, 0x01, 0x01, 0x00, 0x00, 0x02, 0x01, 0x00, 0x00,
    0x10, 0x40, 0x00, 0x00, 0xf0, 0x1d, 0x02, 0x00, 0x21, 0x01, 0x00, 0x00,
    0x20, 0x01, 0x00, 0x00, 0x20, 0x40, 0x00, 0x00, 0x20, 0x0d, 0x00, 0x00,
    0x21, 0x40, 0x00, 0x00, 0x00, 0x01, 0x00, 0x00, 0x22, 0x40, 0x00, 0x00,
    0xa0, 0x0c, 0x00, 0x00, 0x02, 0x00, 0x00, 0x00, 0x00, 0x40, 0x00, 0x00,
    0xf0, 0x4c, 0x02, 0x00, 0x10, 0x40, 0x00, 0x00, 0x90, 0x21, 0x02, 0x00,
    0x2f, 0x01, 0x03, 0x00, 0x02, 0x00, 0x00, 0x00, 0x00, 0x40, 0x00, 0x00,
    0x70, 0x0f, 0x02, 0x00, 0x0b, 0x01, 0x02, 0x00, 0x0c, 0x01, 0x02, 0x00,
    0x01, 0x01, 0x04, 0x00, 0x02, 0x01, 0x04, 0x00, 0x10, 0x40, 0x00, 0x00,
    0x30, 0x54, 0x02, 0x00, 0x21, 0x01, 0x02, 0x00, 0x20, 0x01, 0x08, 0x00,
    0x20, 0x40, 0x00, 0x00, 0xa0, 0x0e, 0x00, 0x00, 0x21, 0x40, 0x00, 0x00,
    0x80, 0x01, 0x00, 0x00, 0x22, 0x40, 0x00, 0x00, 0x20, 0x0e, 0x00, 0x00,
    0x0d, 0x01, 0x12, 0x00, 0x2f, 0x01, 0x01, 0x00, 0x03, 0x00, 0x00, 0x00,
    0x00, 0x40, 0x00, 0x00, 0x90, 0x50, 0x02, 0x00, 0x0b, 0x01, 0x00, 0x00,
    0x0c, 0x01, 0x00, 0x00, 0x01, 0x01, 0x00, 0x00, 0x02, 0x01, 0x00, 0x00,
    0x10, 0x40, 0x00, 0x00, 0xb0, 0xbf, 0x01, 0x00, 0x21, 0x01, 0x00, 0x00,
    0x20, 0x01, 0x00, 0x00, 0x20, 0x40, 0x00, 0x00, 0xa0, 0x10, 0x00, 0x00,
    0x21, 0x40, 0x00, 0x00, 0xf0, 0x00, 0x00, 0x00, 0x22, 0x40, 0x00, 0x00,
    0x20, 0x10, 0x00, 0x00, 0x0d, 0x01, 0x0a, 0x00, 0x02, 0x00, 0x00, 0x00,
    0x00, 0x40, 0x00, 0x00, 0x30, 0x54, 0x02, 0x00, 0x10, 0x40, 0x00, 0x00,
    0x50, 0xc3, 0x01, 0x00, 0x2f, 0x01, 0x03, 0x00, 0x02, 0x00, 0x00, 0x00,
    0x00, 0x40, 0x00, 0x00, 0x10, 0x13, 0x02, 0x00, 0x0b, 0x01, 0x02, 0x00,
    0x0c, 0x01, 0x02, 0x00, 0x01, 0x01, 0x04, 0x00, 0x02, 0x01, 0x04, 0x00,
    0x10, 0x40, 0x00, 0x00, 0x90, 0x50, 0x02, 0x00, 0x21, 0x01, 0x02, 0x00,
    0x20, 0x01, 0x08, 0x00, 0x20, 0x40, 0x00, 0x00, 0xa0, 0x0e, 0x00, 0x00,
    0x21, 0x40, 0x00, 0x00, 0x80, 0x01, 0x00, 0x00, 0x22, 0x40, 0x00, 0x00,
    0x20, 0x0e, 0x00, 0x00, 0x0d, 0x01, 0x12, 0x00, 0x03, 0x00, 0x00, 0x00,
    0x00, 0x40, 0x00, 0x00, 0xb0, 0x16, 0x02, 0x00, 0x10, 0x40, 0x00, 0x00,
    0x30, 0x54, 0x02, 0x00, 0x03, 0x00, 0x00, 0x00, 0x00, 0x40, 0x00, 0x00,
    0x90, 0x50, 0x02, 0x00, 0x0b, 0x01, 0x00, 0x00, 0x0c, 0x01, 0x00, 0x00,
    0x01, 0x01, 0x00, 0x00, 0x02, 0x01, 0x00, 0x00, 0x10, 0x40, 0x00, 0x00,
    0xf0, 0xc6, 0x01, 0x00, 0x21, 0x01, 0x00, 0x00, 0x20, 0x01, 0x00, 0x00,
    0x20, 0x40, 0x00, 0x00, 0xa0, 0x10, 0x00, 0x00, 0x21, 0x40, 0x00, 0x00,
    0xf0, 0x00, 0x00, 0x00, 0x22, 0x40, 0x00, 0x00, 0x20, 0x10, 0x00, 0x00,
    0x0d, 0x01, 0x0a, 0x00, 0x2f, 0x01, 0x01, 0x00, 0x02, 0x00, 0x00, 0x00,
    0x00, 0x40, 0x00, 0x00, 0x30, 0x54, 0x02, 0x00, 0x10, 0x40, 0x00, 0x00,
    0x90, 0xca, 0x01, 0x00, 0x2f, 0x01, 0x03, 0x00, 0x02, 0x00, 0x00, 0x00,
    0x00, 0x40, 0x00, 0x00, 0xf0, 0xa9, 0x01, 0x00, 0x0b, 0x01, 0x04, 0x00,
    0x0c, 0x01, 0x04, 0x00, 0x01, 0x01, 0x01, 0x00, 0x02, 0x01, 0x01, 0x00,
    0x10, 0x40, 0x00, 0x00, 0xd0, 0x57, 0x02, 0x00, 0x21, 0x01, 0x04, 0x00,
    0x20, 0x01, 0x02, 0x00, 0x20, 0x40, 0x00, 0x00, 0x10, 0x12, 0x00, 0x00,
    0x21, 0x40, 0x00, 0x00, 0xe0, 0x00, 0x00, 0x00, 0x22, 0x40, 0x00, 0x00,
    0x90, 0x11, 0x00, 0x00, 0x0d, 0x01, 0x12, 0x00, 0x2f, 0x01, 0x01, 0x00,
    0x03, 0x00, 0x00, 0x00, 0x00, 0x40, 0x00, 0x00, 0x90, 0xad, 0x01, 0x00,
    0x10, 0x40, 0x00, 0x00, 0x70, 0x5b, 0x02, 0x00, 0x2f, 0x01, 0x03, 0x00,
    0x03, 0x00, 0x00, 0x00, 0x00, 0x40, 0x00, 0x00, 0xd0, 0x57, 0x02, 0x00,
    0x0b, 0x01, 0x00, 0x00, 0x0c, 0x01, 0x00, 0x00, 0x01, 0x01, 0x00, 0x00,
    0x02, 0x01, 0x00, 0x00, 0x10, 0x40, 0x00, 0x00, 0x10, 0x5f, 0x02, 0x00,
    0x21, 0x01, 0x00, 0x00, 0x20, 0x01, 0x00, 0x00, 0x20, 0x40, 0x00, 0x00,
    0x70, 0x13, 0x00, 0x00, 0x21, 0x40, 0x00, 0x00, 0x00, 0x01, 0x00, 0x00,
    0x22, 0x40, 0x00, 0x00, 0xf0, 0x12, 0x00, 0x00, 0x0d, 0x01, 0x0a, 0x00,
    0x2f, 0x01, 0x01, 0x00, 0x02, 0x00, 0x00, 0x00, 0x00, 0x40, 0x00, 0x00,
    0x70, 0x5b, 0x02, 0x00, 0x10, 0x40, 0x00, 0x00, 0xb0, 0x62, 0x02, 0x00,
    0x2f, 0x01, 0x03, 0x00, 0x02, 0x00, 0x00, 0x00, 0x00, 0x40, 0x00, 0x00,
    0x10, 0x5f, 0x02, 0x00, 0x10, 0x40, 0x00, 0x00, 0x40, 0x07, 0x00, 0x00,
    0x13, 0x01, 0x00, 0x00, 0x15, 0x40, 0x00, 0x00, 0x3a, 0x00, 0x00, 0x00,
    0x14, 0x40, 0x00, 0x00, 0x01, 0x00, 0x00, 0x00, 0x16, 0x40, 0x00, 0x00,
    0x01, 0x00, 0x00, 0x00, 0x18, 0x01, 0x75, 0x00, 0x14, 0x01, 0x01, 0x00,
    0x20, 0x40, 0x00, 0x00, 0x80, 0x14, 0x00, 0x00, 0x21, 0x40, 0x00, 0x00,
    0x40, 0x00, 0x00, 0x00, 0x22, 0x40, 0x00, 0x00, 0x70, 0x14, 0x00, 0x00,
    0x23, 0x40, 0x00, 0x00, 0x10, 0x00, 0x00, 0x00, 0x17, 0x01, 0x07, 0x00,
    0x2f, 0x01, 0x01, 0x00, 0x02, 0x00, 0x00, 0x00, 0x00, 0x40, 0x00, 0x00,
    0xb0, 0x62, 0x02, 0x00, 0x10, 0x40, 0x00, 0x00, 0x7a, 0x07, 0x00, 0x00,
    0x2f, 0x01, 0x03, 0x00, 0x02, 0x00, 0x00, 0x00, 0x00, 0x40, 0x00, 0x00,
    0x30, 0xb1, 0x01, 0x00, 0x0b, 0x01, 0x04, 0x00, 0x0c, 0x01, 0x04, 0x00,
    0x01, 0x01, 0x01, 0x00, 0x02, 0x01, 0x01, 0x00, 0x10, 0x40, 0x00, 0x00,
    0xd0, 0x57, 0x02, 0x00, 0x13, 0x01, 0x0b, 0x00, 0x15, 0x40, 0x00, 0x00,
    0xa0, 0x03, 0x00, 0x00, 0x14, 0x40, 0x00, 0x00, 0x10, 0x00, 0x00, 0x00,
    0x16, 0x40, 0x00, 0x00, 0xa0, 0x03, 0x00, 0x00, 0x18, 0x01, 0x80, 0xff,
    0x14, 0x01, 0x41, 0x00, 0x21, 0x01, 0x04, 0x00, 0x20, 0x01, 0x02, 0x00,
    0x20, 0x40, 0x00, 0x00, 0x10, 0x12, 0x00, 0x00, 0x21, 0x40, 0x00, 0x00,
    0xe0, 0x00, 0x00, 0x00, 0x22, 0x40, 0x00, 0x00, 0x90, 0x11, 0x00, 0x00,
    0x23, 0x40, 0x00, 0x00, 0x80, 0x00, 0x00, 0x00, 0x17, 0x01, 0x0f, 0x00,
    0x0d, 0x01, 0x12, 0x00, 0x03, 0x00, 0x00, 0x00, 0x00, 0x40, 0x00, 0x00,
    0xd0, 0xb4, 0x01, 0x00, 0x10, 0x40, 0x00, 0x00, 0x70, 0x5b, 0x02, 0x00,
    0x03, 0x00, 0x00, 0x00, 0x00, 0x40, 0x00, 0x00, 0xd0, 0x57, 0x02, 0x00,
    0x0b, 0x01, 0x00, 0x00, 0x0c, 0x01, 0x00, 0x00, 0x01, 0x01, 0x00, 0x00,
    0x02, 0x01, 0x00, 0x00, 0x10, 0x40, 0x00, 0x00, 0x10, 0x5f, 0x02, 0x00,
    0x21, 0x01, 0x00, 0x00, 0x20, 0x01, 0x00, 0x00, 0x20, 0x40, 0x00, 0x00,
    0x70, 0x13, 0x00, 0x00, 0x21, 0x40, 0x00, 0x00, 0x00, 0x01, 0x00, 0x00,
    0x22, 0x40, 0x00, 0x00, 0xf0, 0x12, 0x00, 0x00, 0x0d, 0x01, 0x0a, 0x00,
    0x2f, 0x01, 0x01, 0x00, 0x02, 0x00, 0x00, 0x00, 0x00, 0x40, 0x00, 0x00,
    0x70, 0x5b, 0x02, 0x00, 0x10, 0x40, 0x00, 0x00, 0xb0, 0x62, 0x02, 0x00,
    0x2f, 0x01, 0x03, 0x00, 0x02, 0x00, 0x00, 0x00, 0x00, 0x40, 0x00, 0x00,
    0x10, 0x5f, 0x02, 0x00, 0x10, 0x40, 0x00, 0x00, 0xb4, 0x07, 0x00, 0x00,
    0x13, 0x01, 0x00, 0x00, 0x15, 0x40, 0x00, 0x00, 0x3a, 0x00, 0x00, 0x00,
    0x14, 0x40, 0x00, 0x00, 0x01, 0x00, 0x00, 0x00, 0x16, 0x40, 0x00, 0x00,
    0x01, 0x00, 0x00, 0x00, 0x18, 0x01, 0x75, 0x00, 0x14, 0x01, 0x01, 0x00,
    0x20, 0x40, 0x00, 0x00, 0x80, 0x14, 0x00, 0x00, 0x21, 0x40, 0x00, 0x00,
    0x40, 0x00, 0x00, 0x00, 0x22, 0x40, 0x00, 0x00, 0x70, 0x14, 0x00, 0x00,
    0x23, 0x40, 0x00, 0x00, 0x10, 0x00, 0x00, 0x00, 0x17, 0x01, 0x07, 0x00,
    0x2f, 0x01, 0x01, 0x00, 0x02, 0x00, 0x00, 0x00, 0x00, 0x40, 0x00, 0x00,
    0xb0, 0x62, 0x02, 0x00, 0x10, 0x40, 0x00, 0x00, 0xee, 0x07, 0x00, 0x00,
    0x2f, 0x01, 0x03, 0x00, 0x02, 0x00, 0x00, 0x00, 0x00, 0x40, 0x00, 0x00,
    0x70, 0xb8, 0x01, 0x00, 0x0b, 0x01, 0x04, 0x00, 0x0c, 0x01, 0x04, 0x00,
    0x01, 0x01, 0x01, 0x00, 0x02, 0x01, 0x01, 0x00, 0x10, 0x40, 0x00, 0x00,
    0xd0, 0x57, 0x02, 0x00, 0x13, 0x01, 0x0b, 0x00, 0x15, 0x40, 0x00, 0x00,
    0xa0, 0x03, 0x00, 0x00, 0x14, 0x40, 0x00, 0x00, 0x10, 0x00, 0x00, 0x00,
    0x16, 0x40, 0x00, 0x00, 0xa0, 0x03, 0x00, 0x00, 0x18, 0x01, 0x80, 0xff,
    0x14, 0x01, 0x41, 0x00, 0x21, 0x01, 0x04, 0x00, 0x20, 0x01, 0x02, 0x00,
    0x20, 0x40, 0x00, 0x00, 0x10, 0x12, 0x00, 0x00, 0x21, 0x40, 0x00, 0x00,
    0xe0, 0x00, 0x00, 0x00, 0x22, 0x40, 0x00, 0x00, 0x90, 0x11, 0x00, 0x00,
    0x23, 0x40, 0x00, 0x00, 0x80, 0x00, 0x00, 0x00, 0x17, 0x01, 0x0f, 0x00,
    0x0d, 0x01, 0x12, 0x00, 0x03, 0x00, 0x00, 0x00, 0x00, 0x40, 0x00, 0x00,
    0x10, 0xbc, 0x01, 0x00, 0x10, 0x40, 0x00, 0x00, 0x70, 0x5b, 0x02, 0x00,
    0x03, 0x00, 0x00, 0x00, 0x00, 0x40, 0x00, 0x00, 0xd0, 0x57, 0x02, 0x00,
    0x0b, 0x01, 0x00, 0x00, 0x0c, 0x01, 0x00, 0x00, 0x01, 0x01, 0x00, 0x00,
    0x02, 0x01, 0x00, 0x00, 0x10, 0x40, 0x00, 0x00, 0x10, 0x5f, 0x02, 0x00,
    0x21, 0x01, 0x00, 0x00, 0x20, 0x01, 0x00, 0x00, 0x20, 0x40, 0x00, 0x00,
    0x70, 0x13, 0x00, 0x00, 0x21, 0x40, 0x00, 0x00, 0x00, 0x01, 0x00, 0x00,
    0x22, 0x40, 0x00, 0x00, 0xf0, 0x12, 0x00, 0x00, 0x0d, 0x01, 0x0a, 0x00,
    0x2f, 0x01, 0x01, 0x00, 0x02, 0x00, 0x00, 0x00, 0x00, 0x40, 0x00, 0x00,
    0x70, 0x5b, 0x02, 0x00, 0x10, 0x40, 0x00, 0x00, 0xb0, 0x62, 0x02, 0x00,
    0x2f, 0x01, 0x03, 0x00, 0x02, 0x00, 0x00, 0x00, 0x00, 0x40, 0x00, 0x00,
    0x10, 0x5f, 0x02, 0x00, 0x10, 0x40, 0x00, 0x00, 0x28, 0x08, 0x00, 0x00,
    0x13, 0x01, 0x00, 0x00, 0x15, 0x40, 0x00, 0x00, 0x3a, 0x00, 0x00, 0x00,
    0x14, 0x40, 0x00, 0x00, 0x01, 0x00, 0x00, 0x00, 0x16, 0x40, 0x00, 0x00,
    0x01, 0x00, 0x00, 0x00, 0x18, 0x01, 0x75, 0x00, 0x14, 0x01, 0x01, 0x00,
    0x20, 0x40, 0x00, 0x00, 0x80, 0x14, 0x00, 0x00, 0x21, 0x40, 0x00, 0x00,
    0x40, 0x00, 0x00, 0x00, 0x22, 0x40, 0x00, 0x00, 0x70, 0x14, 0x00, 0x00,
    0x23, 0x40, 0x00, 0x00, 0x10, 0x00, 0x00, 0x00, 0x17, 0x01, 0x07, 0x00,
    0x2f, 0x01, 0x01, 0x00, 0x02, 0x00, 0x00, 0x00, 0x00, 0x40, 0x00, 0x00,
    0xb0, 0x62, 0x02, 0x00, 0x10, 0x40, 0x00, 0x00, 0x62, 0x08, 0x00, 0x00,
    0x2f, 0x01, 0x03, 0x00, 0x02, 0x00, 0x00, 0x00, 0x00, 0x40, 0x00, 0x00,
    0x50, 0x1a, 0x02, 0x00, 0x0b, 0x01, 0x02, 0x00, 0x0c, 0x01, 0x02, 0x00,
    0x01, 0x01, 0x04, 0x00, 0x02, 0x01, 0x04, 0x00, 0x10, 0x40, 0x00, 0x00,
    0x90, 0x50, 0x02, 0x00, 0x13, 0x01, 0x0b, 0x00, 0x15, 0x40, 0x00, 0x00,
    0xa0, 0x03, 0x00, 0x00, 0x14, 0x40, 0x00, 0x00, 0x10, 0x00, 0x00, 0x00,
    0x16, 0x40, 0x00, 0x00, 0xa0, 0x03, 0x00, 0x00, 0x18, 0x01, 0x80, 0xff,
    0x14, 0x01, 0x41, 0x00, 0x21, 0x01, 0x02, 0x00, 0x20, 0x01, 0x08, 0x00,
    0x20, 0x40, 0x00, 0x00, 0xa0, 0x0e, 0x00, 0x00, 0x21, 0x40, 0x00, 0x00,
    0x80, 0x01, 0x00, 0x00, 0x22, 0x40, 0x00, 0x00, 0x20, 0x0e, 0x00, 0x00,
    0x23, 0x40, 0x00, 0x00, 0x80, 0x00, 0x00, 0x00, 0x17, 0x01, 0x0f, 0x00,
    0x0d, 0x01, 0x12, 0x00, 0x03, 0x00, 0x00, 0x00, 0x00, 0x40, 0x00, 0x00,
    0xd0, 0x0b, 0x02, 0x00, 0x02, 0x40, 0x00, 0x00, 0xb0, 0xf9, 0x01, 0x00,
    0x0b, 0x01, 0x00, 0x00, 0x0c, 0x01, 0x00, 0x00, 0x01, 0x01, 0x03, 0x00,
    0x02, 0x01, 0x03, 0x00, 0x10, 0x40, 0x00, 0x00, 0x50, 0x49, 0x02, 0x00,
    0x20, 0x01, 0x06, 0x00, 0x20, 0x40, 0x00, 0x00, 0x60, 0x0b, 0x00, 0x00,
    0x21, 0x40, 0x00, 0x00, 0x40, 0x01, 0x00, 0x00, 0x22, 0x40, 0x00, 0x00,
    0xe0, 0x0a, 0x00, 0x00, 0x0d, 0x01, 0x0a, 0x00, 0x03, 0x00, 0x00, 0x00,
    0x00, 0x40, 0x00, 0x00, 0xb0, 0xf9, 0x01, 0x00, 0x02, 0x40, 0x00, 0x00,
    0x00, 0x00, 0x00, 0x00, 0x0b, 0x01, 0x02, 0x00, 0x0c, 0x01, 0x02, 0x00,
    0x10, 0x40, 0x00, 0x00, 0xf0, 0x4c, 0x02, 0x00, 0x03, 0x00, 0x00, 0x00,
    0x00, 0x40, 0x00, 0x00, 0x50, 0x49, 0x02, 0x00, 0x0b, 0x01, 0x00, 0x00,
    0x0c, 0x01, 0x00, 0x00, 0x01, 0x01, 0x00, 0x00, 0x02, 0x01, 0x00, 0x00,
    0x10, 0x40, 0x00, 0x00, 0x70, 0x0f, 0x02, 0x00, 0x21, 0x01, 0x00, 0x00,
    0x20, 0x01, 0x00, 0x00, 0x20, 0x40, 0x00, 0x00, 0x20, 0x0d, 0x00, 0x00,
    0x21, 0x40, 0x00, 0x00, 0x00, 0x01, 0x00, 0x00, 0x22, 0x40, 0x00, 0x00,
    0xa0, 0x0c, 0x00, 0x00, 0x2f, 0x01, 0x01, 0x00, 0x02, 0x00, 0x00, 0x00,
    0x00, 0x40, 0x00, 0x00, 0xf0, 0x4c, 0x02, 0x00, 0x10, 0x40, 0x00, 0x00,
    0x10, 0x13, 0x02, 0x00, 0x2f, 0x01, 0x03, 0x00, 0x02, 0x00, 0x00, 0x00,
    0x00, 0x40, 0x00, 0x00, 0x50, 0xfd, 0x01, 0x00, 0x0b, 0x01, 0x02, 0x00,
    0x0c, 0x01, 0x02, 0x00, 0x01, 0x01, 0x03, 0x00, 0x02, 0x01, 0x03, 0x00,
    0x10, 0x40, 0x00, 0x00, 0x50, 0x49, 0x02, 0x00, 0x21, 0x01, 0x02, 0x00,
    0x20, 0x01, 0x06, 0x00, 0x20, 0x40, 0x00, 0x00, 0x60, 0x0b, 0x00, 0x00,
    0x21, 0x40, 0x00, 0x00, 0x40, 0x01, 0x00, 0x00, 0x22, 0x40, 0x00, 0x00,
    0xe0, 0x0a, 0x00, 0x00, 0x03, 0x00, 0x00, 0x00, 0x00, 0x40, 0x00, 0x00,
    0x30, 0x94, 0x01, 0x00, 0x0b, 0x01, 0x04, 0x00, 0x0c, 0x01, 0x04, 0x00,
    0x01, 0x01, 0x01, 0x00, 0x02, 0x01, 0x01, 0x00, 0x10, 0x40, 0x00, 0x00,
    0x10, 0x42, 0x02, 0x00, 0x21, 0x01, 0x04, 0x00, 0x20, 0x01, 0x02, 0x00,
    0x20, 0x40, 0x00, 0x00, 0x80, 0x08, 0x00, 0x00, 0x21, 0x40, 0x00, 0x00,
    0xe0, 0x00, 0x00, 0x00, 0x22, 0x40, 0x00, 0x00, 0x00, 0x08, 0x00, 0x00,
    0x0d, 0x01, 0x12, 0x00, 0x03, 0x00, 0x00, 0x00, 0x00, 0x40, 0x00, 0x00,
    0xd0, 0x97, 0x01, 0x00, 0x10, 0x40, 0x00, 0x00, 0xb0, 0x45, 0x02, 0x00,
    0x03, 0x00, 0x00, 0x00, 0x00, 0x40, 0x00, 0x00, 0x10, 0x42, 0x02, 0x00,
    0x0b, 0x01, 0x00, 0x00, 0x0c, 0x01, 0x00, 0x00, 0x01, 0x01, 0x00, 0x00,
    0x02, 0x01, 0x00, 0x00, 0x10, 0x40, 0x00, 0x00, 0x30, 0x08, 0x02, 0x00,
    0x21, 0x01, 0x00, 0x00, 0x20, 0x01, 0x00, 0x00, 0x20, 0x40, 0x00, 0x00,
    0xe0, 0x09, 0x00, 0x00, 0x21, 0x40, 0x00, 0x00, 0x00, 0x01, 0x00, 0x00,
    0x22, 0x40, 0x00, 0x00, 0x60, 0x09, 0x00, 0x00, 0x0d, 0x01, 0x0a, 0x00,
    0x2f, 0x01, 0x01, 0x00, 0x02, 0x00, 0x00, 0x00, 0x00, 0x40, 0x00, 0x00,
    0xb0, 0x45, 0x02, 0x00, 0x10, 0x40, 0x00, 0x00, 0xd0, 0x0b, 0x02, 0x00,
    0x2f, 0x01, 0x03, 0x00, 0x02, 0x00, 0x00, 0x00, 0x00, 0x40, 0x00, 0x00,
    0x70, 0x9b, 0x01, 0x00, 0x02, 0x40, 0x00, 0x00, 0xb0, 0x85, 0x01, 0x00,
    0x0b, 0x01, 0x03, 0x00, 0x0c, 0x01, 0x03, 0x00, 0x01, 0x01, 0x01, 0x00,
    0x02, 0x01, 0x01, 0x00, 0x10, 0x40, 0x00, 0x00, 0x10, 0x42, 0x02, 0x00,
    0x21, 0x01, 0x04, 0x00, 0x20, 0x01, 0x02, 0x00, 0x20, 0x40, 0x00, 0x00,
    0x80, 0x08, 0x00, 0x00, 0x21, 0x40, 0x00, 0x00, 0xe0, 0x00, 0x00, 0x00,
    0x22, 0x40, 0x00, 0x00, 0x00, 0x08, 0x00, 0x00, 0x0d, 0x01, 0x12, 0x00,
    0x03, 0x00, 0x00, 0x00, 0x00, 0x40, 0x00, 0x00, 0x10, 0x9f, 0x01, 0x00,
    0x0b, 0x01, 0x02, 0x00, 0x0c, 0x01, 0x02, 0x00, 0x10, 0x40, 0x00, 0x00,
    0xb0, 0x45, 0x02, 0x00, 0x03, 0x00, 0x00, 0x00, 0x00, 0x40, 0x00, 0x00,
    0x10, 0x42, 0x02, 0x00, 0x02, 0x40, 0x00, 0x00, 0x00, 0x00, 0x00, 0x00,
    0x0b, 0x01, 0x00, 0x00, 0x0c, 0x01, 0x00, 0x00, 0x01, 0x01, 0x00, 0x00,
    0x02, 0x01, 0x00, 0x00, 0x10, 0x40, 0x00, 0x00, 0xb0, 0xf9, 0x01, 0x00,
    0x21, 0x01, 0x00, 0x00, 0x20, 0x01, 0x00, 0x00, 0x20, 0x40, 0x00, 0x00,
    0xe0, 0x09, 0x00, 0x00, 0x21, 0x40, 0x00, 0x00, 0x00, 0x01, 0x00, 0x00,
    0x22, 0x40, 0x00, 0x00, 0x60, 0x09, 0x00, 0x00, 0x0d, 0x01, 0x0a, 0x00,
    0x2f, 0x01, 0x01, 0x00, 0x02, 0x00, 0x00, 0x00, 0x00, 0x40, 0x00, 0x00,
    0xb0, 0x45, 0x02, 0x00, 0x10, 0x40, 0x00, 0x00, 0x50, 0xfd, 0x01, 0x00,
    0x2f, 0x01, 0x03, 0x00, 0x02, 0x00, 0x00, 0x00, 0x00, 0x40, 0x00, 0x00,
    0xf0, 0x00, 0x02, 0x00, 0x0b, 0x01, 0x02, 0x00, 0x0c, 0x01, 0x02, 0x00,
    0x01, 0x01, 0x03, 0x00, 0x02, 0x01, 0x03, 0x00, 0x10, 0x40, 0x00, 0x00,
    0xf0, 0x4c, 0x02, 0x00, 0x21, 0x01, 0x02, 0x00, 0x20, 0x01, 0x06, 0x00,
    0x20, 0x40, 0x00, 0x00, 0x60, 0x0b, 0x00, 0x00, 0x21, 0x40, 0x00, 0x00,
    0x40, 0x01, 0x00, 0x00, 0x22, 0x40, 0x00, 0x00, 0xe0, 0x0a, 0x00, 0x00,
    0x2f, 0x01, 0x01, 0x00, 0x03, 0x00, 0x00, 0x00, 0x00, 0x40, 0x00, 0x00,
    0x50, 0x49, 0x02, 0x00, 0x0b, 0x01, 0x00, 0x00, 0x0c, 0x01, 0x00, 0x00,
    0x01, 0x01, 0x00, 0x00, 0x02, 0x01, 0x00, 0x00, 0x10, 0x40, 0x00, 0x00,
    0xb0, 0x16, 0x02, 0x00, 0x21, 0x01, 0x00, 0x00, 0x20, 0x01, 0x00, 0x00,
    0x20, 0x40, 0x00, 0x00, 0x20, 0x0d, 0x00, 0x00, 0x21, 0x40, 0x00, 0x00,
    0x00, 0x01, 0x00, 0x00, 0x22, 0x40, 0x00, 0x00, 0xa0, 0x0c, 0x00, 0x00,
    0x02, 0x00, 0x00, 0x00, 0x00, 0x40, 0x00, 0x00, 0xf0, 0x4c, 0x02, 0x00,
    0x10, 0x40, 0x00, 0x00, 0x50, 0x1a, 0x02, 0x00, 0x2f, 0x01, 0x03, 0x00,
    0x02, 0x00, 0x00, 0x00, 0x00, 0x40, 0x00, 0x00, 0xf0, 0x1d, 0x02, 0x00,
    0x02, 0x40, 0x00, 0x00, 0x70, 0x0f, 0x02, 0x00, 0x0b, 0x01, 0x01, 0x00,
    0x0c, 0x01, 0x01, 0x00, 0x01, 0x01, 0x04, 0x00, 0x02, 0x01, 0x04, 0x00,
    0x10, 0x40, 0x00, 0x00, 0x30, 0x54, 0x02, 0x00, 0x21, 0x01, 0x02, 0x00,
    0x20, 0x01, 0x08, 0x00, 0x20, 0x40, 0x00, 0x00, 0xa0, 0x0e, 0x00, 0x00,
    0x21, 0x40, 0x00, 0x00, 0x80, 0x01, 0x00, 0x00, 0x22, 0x40, 0x00, 0x00,
    0x20, 0x0e, 0x00, 0x00, 0x0d, 0x01, 0x12, 0x00, 0x2f, 0x01, 0x01, 0x00,
    0x03, 0x00, 0x00, 0x00, 0x00, 0x40, 0x00, 0x00, 0x90, 0x50, 0x02, 0x00,
    0x02, 0x40, 0x00, 0x00, 0x00, 0x00, 0x00, 0x00, 0x0b, 0x01, 0x00, 0x00,
    0x0c, 0x01, 0x00, 0x00, 0x01, 0x01, 0x00, 0x00, 0x02, 0x01, 0x00, 0x00,
    0x10, 0x40, 0x00, 0x00, 0xf0, 0xa9, 0x01, 0x00, 0x21, 0x01, 0x00, 0x00,
    0x20, 0x01, 0x00, 0x00, 0x20, 0x40, 0x00, 0x00, 0xa0, 0x10, 0x00, 0x00,
    0x21, 0x40, 0x00, 0x00, 0xf0, 0x00, 0x00, 0x00, 0x22, 0x40, 0x00, 0x00,
    0x20, 0x10, 0x00, 0x00, 0x0d, 0x01, 0x0a, 0x00, 0x02, 0x00, 0x00, 0x00,
    0x00, 0x40, 0x00, 0x00, 0x30, 0x54, 0x02, 0x00, 0x10, 0x40, 0x00, 0x00,
    0x90, 0xad, 0x01, 0x00, 0x2f, 0x01, 0x03, 0x00, 0x02, 0x00, 0x00, 0x00,
    0x00, 0x40, 0x00, 0x00, 0x90, 0x21, 0x02, 0x00, 0x02, 0x40, 0x00, 0x00,
    0x70, 0x0f, 0x02, 0x00, 0x01, 0x01, 0x04, 0x00, 0x02, 0x01, 0x04, 0x00,
    0x10, 0x40, 0x00, 0x00, 0x90, 0x50, 0x02, 0x00, 0x21, 0x01, 0x02, 0x00,
    0x20, 0x01, 0x08, 0x00, 0x20, 0x40, 0x00, 0x00, 0xa0, 0x0e, 0x00, 0x00,
    0x21, 0x40, 0x00, 0x00, 0x80, 0x01, 0x00, 0x00, 0x22, 0x40, 0x00, 0x00,
    0x20, 0x0e, 0x00, 0x00, 0x0d, 0x01, 0x12, 0x00, 0x03, 0x00, 0x00, 0x00,
    0x00, 0x40, 0x00, 0x00, 0x70, 0x0f, 0x02, 0x00, 0x02, 0x40, 0x00, 0x00,
    0x00, 0x00, 0x00, 0x00, 0x0b, 0x01, 0x02, 0x00, 0x0c, 0x01, 0x02, 0x00,
    0x10, 0x40, 0x00, 0x00, 0x30, 0x54, 0x02, 0x00, 0x03, 0x00, 0x00, 0x00,
    0x00, 0x40, 0x00, 0x00, 0x90, 0x50, 0x02, 0x00, 0x0b, 0x01, 0x00, 0x00,
    0x0c, 0x01, 0x00, 0x00, 0x01, 0x01, 0x00, 0x00, 0x02, 0x01, 0x00, 0x00,
    0x10, 0x40, 0x00, 0x00, 0x30, 0xb1, 0x01, 0x00, 0x21, 0x01, 0x00, 0x00,
    0x20, 0x01, 0x00, 0x00, 0x20, 0x40, 0x00, 0x00, 0xa0, 0x10, 0x00, 0x00,
    0x21, 0x40, 0x00, 0x00, 0xf0, 0x00, 0x00, 0x00, 0x22, 0x40, 0x00, 0x00,
    0x20, 0x10, 0x00, 0x00, 0x0d, 0x01, 0x0a, 0x00, 0x2f, 0x01, 0x01, 0x00,
    0x02, 0x00, 0x00, 0x00, 0x00, 0x40, 0x00, 0x00, 0x30, 0x54, 0x02, 0x00,
    0x10, 0x40, 0x00, 0x00, 0xd0, 0xb4, 0x01, 0x00, 0x2f, 0x01, 0x03, 0x00,
    0x02, 0x00, 0x00, 0x00, 0x00, 0x40, 0x00, 0x00, 0x10, 0x13, 0x02, 0x00,
    0x0b, 0x01, 0x02, 0x00, 0x0c, 0x01, 0x02, 0x00, 0x01, 0x01, 0x04, 0x00,
    0x02, 0x01, 0x04, 0x00, 0x10, 0x40, 0x00, 0x00, 0x90, 0x50, 0x02, 0x00,
    0x21, 0x01, 0x02, 0x00, 0x20, 0x01, 0x08, 0x00, 0x20, 0x40, 0x00, 0x00,
    0xa0, 0x0e, 0x00, 0x00, 0x21, 0x40, 0x00, 0x00, 0x80, 0x01, 0x00, 0x00,
    0x22, 0x40, 0x00, 0x00, 0x20, 0x0e, 0x00, 0x00, 0x0d, 0x01, 0x12, 0x00,
    0x03, 0x00, 0x00, 0x00, 0x00, 0x40, 0x00, 0x00, 0x90, 0x04, 0x02, 0x00,
    0x01, 0x01, 0x03, 0x00, 0x02, 0x01, 0x03, 0x00, 0x10, 0x40, 0x00, 0x00,
    0x50, 0x49, 0x02, 0x00, 0x20, 0x01, 0x06, 0x00, 0x20, 0x40, 0x00, 0x00,
    0x60, 0x0b, 0x00, 0x00, 0x21, 0x40, 0x00, 0x00, 0x40, 0x01, 0x00, 0x00,
    0x22, 0x40, 0x00, 0x00, 0xe0, 0x0a, 0x00, 0x00, 0x0d, 0x01, 0x0a, 0x00,
    0x03, 0x00, 0x00, 0x00, 0x00, 0x40, 0x00, 0x00, 0x30, 0x08, 0x02, 0x00,
    0x02, 0x40, 0x00, 0x00, 0xb0, 0xf9, 0x01, 0x00, 0x0b, 0x01, 0x01, 0x00,
    0x0c, 0x01, 0x01, 0x00, 0x10, 0x40, 0x00, 0x00, 0xf0, 0x4c, 0x02, 0x00,
    0x03, 0x00, 0x00, 0x00, 0x00, 0x40, 0x00, 0x00, 0x50, 0x49, 0x02, 0x00,
    0x02, 0x40, 0x00, 0x00, 0x00, 0x00, 0x00, 0x00, 0x0b, 0x01, 0x00, 0x00,
    0x0c, 0x01, 0x00, 0x00, 0x01, 0x01, 0x00, 0x00, 0x02, 0x01, 0x00, 0x00,
    0x10, 0x40, 0x00, 0x00, 0xf0, 0x1d, 0x02, 0x00, 0x21, 0x01, 0x00, 0x00,
    0x20, 0x01, 0x00, 0x00, 0x20, 0x40, 0x00, 0x00, 0x20, 0x0d, 0x00, 0x00,
    0x21, 0x40, 0x00, 0x00, 0x00, 0x01, 0x00, 0x00, 0x22, 0x40, 0x00, 0x00,
    0xa0, 0x0c, 0x00, 0x00, 0x2f, 0x01, 0x01, 0x00, 0x02, 0x00, 0x00, 0x00,
    0x00, 0x40, 0x00, 0x00, 0xf0, 0x4c, 0x02, 0x00, 0x10, 0x40, 0x00, 0x00,
    0x90, 0x21, 0x02, 0x00, 0x2f, 0x01, 0x03, 0x00, 0x02, 0x00, 0x00, 0x00,
    0x00, 0x40, 0x00, 0x00, 0xd0, 0x0b, 0x02, 0x00, 0x02, 0x40, 0x00, 0x00,
    0xb0, 0xf9, 0x01, 0x00, 0x01, 0x01, 0x03, 0x00, 0x02, 0x01, 0x03, 0x00,
    0x10, 0x40, 0x00, 0x00, 0x50, 0x49, 0x02, 0x00, 0x21, 0x01, 0x02, 0x00,
    0x20, 0x01, 0x06, 0x00, 0x20, 0x40, 0x00, 0x00, 0x60, 0x0b, 0x00, 0x00,
    0x21, 0x40, 0x00, 0x00, 0x40, 0x01, 0x00, 0x00, 0x22, 0x40, 0x00, 0x00,
    0xe0, 0x0a, 0x00, 0x00, 0x03, 0x00, 0x00, 0x00, 0x00, 0x40, 0x00, 0x00,
    0xd0, 0xee, 0x01, 0x00, 0x02, 0x40, 0x00, 0x00, 0x00, 0x00, 0x00, 0x00,
    0x0b, 0x01, 0x02, 0x00, 0x0c, 0x01, 0x02, 0x00, 0x01, 0x01, 0x04, 0x00,
    0x02, 0x01, 0x04, 0x00, 0x10, 0x40, 0x00, 0x00, 0xd0, 0x3a, 0x02, 0x00,
    0x20, 0x01, 0x08, 0x00, 0x20, 0x40, 0x00, 0x00, 0xf0, 0x04, 0x00, 0x00,
    0x21, 0x40, 0x00, 0x00, 0x90, 0x01, 0x00, 0x00, 0x22, 0x40, 0x00, 0x00,
    0x70, 0x04, 0x00, 0x00, 0x0d, 0x01, 0x12, 0x00, 0x03, 0x00, 0x00, 0x00,
    0x00, 0x40, 0x00, 0x00, 0x50, 0xe0, 0x01, 0x00, 0x02, 0x40, 0x00, 0x00,
    0x30, 0xce, 0x01, 0x00, 0x0b, 0x01, 0x00, 0x00, 0x0c, 0x01, 0x00, 0x00,
    0x01, 0x01, 0x03, 0x00, 0x02, 0x01, 0x03, 0x00, 0x10, 0x40, 0x00, 0x00,
    0x90, 0x33, 0x02, 0x00, 0x20, 0x01, 0x06, 0x00, 0x20, 0x40, 0x00, 0x00,
    0xe0, 0x01, 0x00, 0x00, 0x21, 0x40, 0x00, 0x00, 0x30, 0x01, 0x00, 0x00,
    0x22, 0x40, 0x00, 0x00, 0x60, 0x01, 0x00, 0x00, 0x0d, 0x01, 0x0a, 0x00,
    0x03, 0x00, 0x00, 0x00, 0x00, 0x40, 0x00, 0x00, 0x30, 0xce, 0x01, 0x00,
    0x02, 0x40, 0x00, 0x00, 0x00, 0x00, 0x00, 0x00, 0x0b, 0x01, 0x02, 0x00,
    0x0c, 0x01, 0x02, 0x00, 0x10, 0x40, 0x00, 0x00, 0x30, 0x37, 0x02, 0x00,
    0x03, 0x00, 0x00, 0x00, 0x00, 0x40, 0x00, 0x00, 0x90, 0x33, 0x02, 0x00,
    0x0b, 0x01, 0x00, 0x00, 0x0c, 0x01, 0x00, 0x00, 0x01, 0x01, 0x00, 0x00,
    0x02, 0x01, 0x00, 0x00, 0x10, 0x40, 0x00, 0x00, 0xf0, 0xe3, 0x01, 0x00,
    0x21, 0x01, 0x00, 0x00, 0x20, 0x01, 0x00, 0x00, 0x20, 0x40, 0x00, 0x00,
    0x90, 0x03, 0x00, 0x00, 0x21, 0x40, 0x00, 0x00, 0xe0, 0x00, 0x00, 0x00,
    0x22, 0x40, 0x00, 0x00, 0x10, 0x03, 0x00, 0x00, 0x2f, 0x01, 0x01, 0x00,
    0x02, 0x00, 0x00, 0x00, 0x00, 0x40, 0x00, 0x00, 0x30, 0x37, 0x02, 0x00,
    0x10, 0x40, 0x00, 0x00, 0x90, 0xe7, 0x01, 0x00, 0x2f, 0x01, 0x03, 0x00,
    0x02, 0x00, 0x00, 0x00, 0x00, 0x40, 0x00, 0x00, 0xd0, 0xd1, 0x01, 0x00,
    0x0b, 0x01, 0x02, 0x00, 0x0c, 0x01, 0x02, 0x00, 0x01, 0x01, 0x03, 0x00,
    0x02, 0x01, 0x03, 0x00, 0x10, 0x40, 0x00, 0x00, 0x90, 0x33, 0x02, 0x00,
    0x21, 0x01, 0x02, 0x00, 0x20, 0x01, 0x06, 0x00, 0x20, 0x40, 0x00, 0x00,
    0xe0, 0x01, 0x00, 0x00, 0x21, 0x40, 0x00, 0x00, 0x30, 0x01, 0x00, 0x00,
    0x22, 0x40, 0x00, 0x00, 0x60, 0x01, 0x00, 0x00, 0x03, 0x00, 0x00, 0x00,
    0x00, 0x40, 0x00, 0x00, 0x90, 0xe7, 0x00, 0x00, 0x0b, 0x01, 0x01, 0x00,
    0x0c, 0x01, 0x01, 0x00, 0x0a, 0x01, 0x72, 0x00, 0x04, 0x01, 0x03, 0x00,
    0x05, 0x40, 0x00, 0x00, 0xcc, 0x01, 0x00, 0x00, 0x04, 0x40, 0x00, 0x00,
    0x04, 0x00, 0x00, 0x00, 0x06, 0x40, 0x00, 0x00, 0x01, 0x00, 0x00, 0x00,
    0x09, 0x01, 0x00, 0x00, 0x05, 0x01, 0x01, 0x00, 0x01, 0x01, 0x00, 0x00,
    0x02, 0x01, 0x00, 0x00, 0x10, 0x40, 0x00, 0x00, 0x30, 0x25, 0x02, 0x00,
    0x11, 0x01, 0x72, 0x00, 0x1a, 0x01, 0x72, 0x00, 0x13, 0x01, 0x03, 0x00,
    0x15, 0x40, 0x00, 0x00, 0x30, 0x07, 0x00, 0x00, 0x16, 0x40, 0x00, 0x00,
    0x30, 0x07, 0x00, 0x00, 0x18, 0x01, 0x00, 0x00, 0x14, 0x01, 0x41, 0x81,
    0x21, 0x01, 0x01, 0x00, 0x20, 0x01, 0x00, 0x00, 0x22, 0x01, 0x02, 0x00,
    0x15, 0x01, 0x15, 0x00, 0x17, 0x01, 0x07, 0x00, 0x05, 0x00, 0x01, 0x00,
    0x00, 0x40, 0x00, 0x00, 0x28, 0xeb, 0x00, 0x00, 0x10, 0x40, 0x00, 0x00,
    0x60, 0x2c, 0x02, 0x00, 0x05, 0x00, 0x01, 0x00, 0x00, 0x40, 0x00, 0x00,
    0x30, 0x25, 0x02, 0x00, 0x0b, 0x01, 0x00, 0x00, 0x0c, 0x01, 0x00, 0x00,
    0x05, 0x40, 0x00, 0x00, 0x30, 0x07, 0x00, 0x00, 0x04, 0x40, 0x00, 0x00,
    0x10, 0x00, 0x00, 0x00, 0x06, 0x40, 0x00, 0x00, 0x30, 0x07, 0x00, 0x00,
    0x05, 0x01, 0x41, 0x00, 0x01, 0x01, 0x01, 0x00, 0x02, 0x01, 0x01, 0x00,
    0x10, 0x40, 0x00, 0x00, 0xb0, 0xdc, 0x01, 0x00, 0x11, 0x01, 0x39, 0x00,
    0x1a, 0x01, 0x39, 0x00, 0x13, 0x01, 0x0b, 0x00, 0x15, 0x40, 0x00, 0x00,
    0xa0, 0x03, 0x00, 0x00, 0x16, 0x40, 0x00, 0x00, 0xa0, 0x03, 0x00, 0x00,
    0x18, 0x01, 0x80, 0xff, 0x14, 0x01, 0x41, 0x00, 0x21, 0x01, 0x00, 0x00,
    0x20, 0x01, 0x02, 0x00, 0x22, 0x01, 0x05, 0x00, 0x20, 0x40, 0x00, 0x00,
    0x80, 0x00, 0x00, 0x00, 0x21, 0x40, 0x00, 0x00, 0xe0, 0x00, 0x00, 0x00,
    0x22, 0x40, 0x00, 0x00, 0x00, 0x00, 0x00, 0x00, 0x15, 0x01, 0x39, 0x00,
    0x17, 0x01, 0x0f, 0x00, 0x2f, 0x01, 0x01, 0x00, 0x02, 0x00, 0x00, 0x00,
    0x00, 0x40, 0x00, 0x00, 0x60, 0x2c, 0x02, 0x00, 0x10, 0x40, 0x00, 0x00,
    0x50, 0xe0, 0x01, 0x00, 0x2f, 0x01, 0x03, 0x00, 0x02, 0x00, 0x00, 0x00,
    0x00, 0x40, 0x00, 0x00, 0xc0, 0xee, 0x00, 0x00, 0x0b, 0x01, 0x01, 0x00,
    0x0c, 0x01, 0x01, 0x00, 0x05, 0x40, 0x00, 0x00, 0xcc, 0x01, 0x00, 0x00,
    0x04, 0x40, 0x00, 0x00, 0x04, 0x00, 0x00, 0x00, 0x06, 0x40, 0x00, 0x00,
    0x01, 0x00, 0x00, 0x00, 0x05, 0x01, 0x01, 0x00, 0x01, 0x01, 0x00, 0x00,
    0x02, 0x01, 0x00, 0x00, 0x10, 0x40, 0x00, 0x00, 0x30, 0x25, 0x02, 0x00,
    0x11, 0x01, 0x72, 0x00, 0x1a, 0x01, 0x72, 0x00, 0x13, 0x01, 0x03, 0x00,
    0x15, 0x40, 0x00, 0x00, 0x30, 0x07, 0x00, 0x00, 0x16, 0x40, 0x00, 0x00,
    0x30, 0x07, 0x00, 0x00, 0x18, 0x01, 0x00, 0x00, 0x14, 0x01, 0x41, 0x81,
    0x21, 0x01, 0x01, 0x00, 0x20, 0x01, 0x00, 0x00, 0x22, 0x01, 0x02, 0x00,
    0x15, 0x01, 0x15, 0x00, 0x17, 0x01, 0x07, 0x00, 0x05, 0x00, 0x01, 0x00,
    0x00, 0x40, 0x00, 0x00, 0x58, 0xf2, 0x00, 0x00, 0x10, 0x40, 0x00, 0x00,
    0x60, 0x2c, 0x02, 0x00, 0x05, 0x00, 0x01, 0x00, 0x00, 0x40, 0x00, 0x00,
    0x30, 0x25, 0x02, 0x00, 0x0b, 0x01, 0x00, 0x00, 0x0c, 0x01, 0x00, 0x00,
    0x05, 0x40, 0x00, 0x00, 0x30, 0x07, 0x00, 0x00, 0x04, 0x40, 0x00, 0x00,
    0x10, 0x00, 0x00, 0x00, 0x06, 0x40, 0x00, 0x00, 0x30, 0x07, 0x00, 0x00,
    0x05, 0x01, 0x41, 0x00, 0x01, 0x01, 0x01, 0x00, 0x02, 0x01, 0x01, 0x00,
    0x10, 0x40, 0x00, 0x00, 0x30, 0xce, 0x01, 0x00, 0x11, 0x01, 0x39, 0x00,
    0x1a, 0x01, 0x39, 0x00, 0x13, 0x01, 0x0b, 0x00, 0x15, 0x40, 0x00, 0x00,
    0xa0, 0x03, 0x00, 0x00, 0x16, 0x40, 0x00, 0x00, 0xa0, 0x03, 0x00, 0x00,
    0x18, 0x01, 0x80, 0xff, 0x14, 0x01, 0x41, 0x00, 0x21, 0x01, 0x00, 0x00,
    0x20, 0x01, 0x02, 0x00, 0x22, 0x01, 0x05, 0x00, 0x15, 0x01, 0x39, 0x00,
    0x17, 0x01, 0x0f, 0x00, 0x2f, 0x01, 0x01, 0x00, 0x02, 0x00, 0x00, 0x00,
    0x00, 0x40, 0x00, 0x00, 0x60, 0x2c, 0x02, 0x00, 0x10, 0x40, 0x00, 0x00,
    0xd0, 0xd1, 0x01, 0x00, 0x2f, 0x01, 0x03, 0x00, 0x02, 0x00, 0x00, 0x00,
    0x00, 0x40, 0x00, 0x00, 0x70, 0xd5, 0x01, 0x00, 0x0b, 0x01, 0x02, 0x00,
    0x0c, 0x01, 0x02, 0x00, 0x0a, 0x01, 0x39, 0x00, 0x04, 0x01, 0x0b, 0x00,
    0x05, 0x40, 0x00, 0x00, 0xa0, 0x03, 0x00, 0x00, 0x06, 0x40, 0x00, 0x00,
    0xa0, 0x03, 0x00, 0x00, 0x09, 0x01, 0x80, 0xff, 0x01, 0x01, 0x03, 0x00,
    0x02, 0x01, 0x03, 0x00, 0x10, 0x40, 0x00, 0x00, 0x30, 0x37, 0x02, 0x00,
    0x21, 0x01, 0x02, 0x00, 0x20, 0x01, 0x06, 0x00, 0x22, 0x01, 0x00, 0x00,
    0x20, 0x40, 0x00, 0x00, 0xe0, 0x01, 0x00, 0x00, 0x21, 0x40, 0x00, 0x00,
    0x30, 0x01, 0x00, 0x00, 0x22, 0x40, 0x00, 0x00, 0x60, 0x01, 0x00, 0x00,
    0x2f, 0x01, 0x01, 0x00, 0x03, 0x00, 0x00, 0x00, 0x00, 0x40, 0x00, 0x00,
    0x90, 0x33, 0x02, 0x00, 0x0b, 0x01, 0x00, 0x00, 0x0c, 0x01, 0x00, 0x00,
    0x01, 0x01, 0x00, 0x00, 0x02, 0x01, 0x00, 0x00, 0x10, 0x40, 0x00, 0x00,
    0x30, 0xeb, 0x01, 0x00, 0x21, 0x01, 0x00, 0x00, 0x20, 0x01, 0x00, 0x00,
    0x20, 0x40, 0x00, 0x00, 0x90, 0x03, 0x00, 0x00, 0x21, 0x40, 0x00, 0x00,
    0xe0, 0x00, 0x00, 0x00, 0x22, 0x40, 0x00, 0x00, 0x10, 0x03, 0x00, 0x00,
    0x02, 0x00, 0x00, 0x00, 0x00, 0x40, 0x00, 0x00, 0x30, 0x37, 0x02, 0x00,
    0x10, 0x40, 0x00, 0x00, 0xd0, 0xee, 0x01, 0x00, 0x2f, 0x01, 0x03, 0x00,
    0x02, 0x00, 0x00, 0x00, 0x00, 0x40, 0x00, 0x00, 0x70, 0xf2, 0x01, 0x00,
    0x02, 0x40, 0x00, 0x00, 0xf0, 0xe3, 0x01, 0x00, 0x0b, 0x01, 0x01, 0x00,
    0x0c, 0x01, 0x01, 0x00, 0x01, 0x01, 0x04, 0x00, 0x02, 0x01, 0x04, 0x00,
    0x10, 0x40, 0x00, 0x00, 0x70, 0x3e, 0x02, 0x00, 0x21, 0x01, 0x02, 0x00,
    0x20, 0x01, 0x08, 0x00, 0x20, 0x40, 0x00, 0x00, 0xf0, 0x04, 0x00, 0x00,
    0x21, 0x40, 0x00, 0x00, 0x90, 0x01, 0x00, 0x00, 0x22, 0x40, 0x00, 0x00,
    0x70, 0x04, 0x00, 0x00, 0x0d, 0x01, 0x12, 0x00, 0x2f, 0x01, 0x01, 0x00,
    0x03, 0x00, 0x00, 0x00, 0x00, 0x40, 0x00, 0x00, 0xd0, 0x3a, 0x02, 0x00,
    0x02, 0x40, 0x00, 0x00, 0x00, 0x00, 0x00, 0x00, 0x0b, 0x01, 0x00, 0x00,
    0x0c, 0x01, 0x00, 0x00, 0x01, 0x01, 0x00, 0x00, 0x02, 0x01, 0x00, 0x00,
    0x10, 0x40, 0x00, 0x00, 0xf0, 0x8c, 0x01, 0x00, 0x21, 0x01, 0x00, 0x00,
    0x20, 0x01, 0x00, 0x00, 0x20, 0x40, 0x00, 0x00, 0x00, 0x07, 0x00, 0x00,
    0x21, 0x40, 0x00, 0x00, 0x00, 0x01, 0x00, 0x00, 0x22, 0x40, 0x00, 0x00,
    0x80, 0x06, 0x00, 0x00, 0x0d, 0x01, 0x0a, 0x00, 0x02, 0x00, 0x00, 0x00,
    0x00, 0x40, 0x00, 0x00, 0x70, 0x3e, 0x02, 0x00, 0x10, 0x40, 0x00, 0x00,
    0x90, 0x90, 0x01, 0x00, 0x2f, 0x01, 0x03, 0x00, 0x02, 0x00, 0x00, 0x00,
    0x00, 0x40, 0x00, 0x00, 0x10, 0xf6, 0x01, 0x00, 0x02, 0x40, 0x00, 0x00,
    0xf0, 0xe3, 0x01, 0x00, 0x01, 0x01, 0x04, 0x00, 0x02, 0x01, 0x04, 0x00,
    0x10, 0x40, 0x00, 0x00, 0xd0, 0x3a, 0x02, 0x00, 0x21, 0x01, 0x02, 0x00,
    0x20, 0x01, 0x08, 0x00, 0x20, 0x40, 0x00, 0x00, 0xf0, 0x04, 0x00, 0x00,
    0x21, 0x40, 0x00, 0x00, 0x90, 0x01, 0x00, 0x00, 0x22, 0x40, 0x00, 0x00,
    0x70, 0x04, 0x00, 0x00, 0x0d, 0x01, 0x12, 0x00, 0x03, 0x00, 0x00, 0x00,
    0x00, 0x40, 0x00, 0x00, 0xf0, 0xe3, 0x01, 0x00, 0x02, 0x40, 0x00, 0x00,
    0x00, 0x00, 0x00, 0x00, 0x0b, 0x01, 0x02, 0x00, 0x0c, 0x01, 0x02, 0x00,
    0x10, 0x40, 0x00, 0x00, 0x70, 0x3e, 0x02, 0x00, 0x03, 0x00, 0x00, 0x00,
    0x00, 0x40, 0x00, 0x00, 0xd0, 0x3a, 0x02, 0x00, 0x0b, 0x01, 0x00, 0x00,
    0x0c, 0x01, 0x00, 0x00, 0x01, 0x01, 0x00, 0x00, 0x02, 0x01, 0x00, 0x00,
    0x10, 0x40, 0x00, 0x00, 0x30, 0x94, 0x01, 0x00, 0x21, 0x01, 0x00, 0x00,
    0x20, 0x01, 0x00, 0x00, 0x20, 0x40, 0x00, 0x00, 0x00, 0x07, 0x00, 0x00,
    0x21, 0x40, 0x00, 0x00, 0x00, 0x01, 0x00, 0x00, 0x22, 0x40, 0x00, 0x00,
    0x80, 0x06, 0x00, 0x00, 0x0d, 0x01, 0x0a, 0x00, 0x2f, 0x01, 0x01, 0x00,
    0x02, 0x00, 0x00, 0x00, 0x00, 0x40, 0x00, 0x00, 0x70, 0x3e, 0x02, 0x00,
    0x10, 0x40, 0x00, 0x00, 0xd0, 0x97, 0x01, 0x00, 0x2f, 0x01, 0x03, 0x00,
    0x02, 0x00, 0x00, 0x00, 0x00, 0x40, 0x00, 0x00, 0x90, 0xe7, 0x01, 0x00,
    0x0b, 0x01, 0x02, 0x00, 0x0c, 0x01, 0x02, 0x00, 0x01, 0x01, 0x04, 0x00,
    0x02, 0x01, 0x04, 0x00, 0x10, 0x40, 0x00, 0x00, 0xd0, 0x3a, 0x02, 0x00,
    0x21, 0x01, 0x02, 0x00, 0x20, 0x01, 0x08, 0x00, 0x20, 0x40, 0x00, 0x00,
    0xf0, 0x04, 0x00, 0x00, 0x21, 0x40, 0x00, 0x00, 0x90, 0x01, 0x00, 0x00,
    0x22, 0x40, 0x00, 0x00, 0x70, 0x04, 0x00, 0x00, 0x0d, 0x01, 0x12, 0x00,
    0x03, 0x00, 0x00, 0x00, 0x00, 0x40, 0x00, 0x00, 0x10, 0xd9, 0x01, 0x00,
    0x01, 0x01, 0x03, 0x00, 0x02, 0x01, 0x03, 0x00, 0x10, 0x40, 0x00, 0x00,
    0x90, 0x33, 0x02, 0x00, 0x20, 0x01, 0x06, 0x00, 0x20, 0x40, 0x00, 0x00,
    0xe0, 0x01, 0x00, 0x00, 0x21, 0x40, 0x00, 0x00, 0x30, 0x01, 0x00, 0x00,
    0x22, 0x40, 0x00, 0x00, 0x60, 0x01, 0x00, 0x00, 0x0d, 0x01, 0x0a, 0x00,
    0x03, 0x00, 0x00, 0x00, 0x00, 0x40, 0x00, 0x00, 0xb0, 0xdc, 0x01, 0x00,
    0x02, 0x40, 0x00, 0x00, 0x30, 0xce, 0x01, 0x00, 0x0b, 0x01, 0x01, 0x00,
    0x0c, 0x01, 0x01, 0x00, 0x10, 0x40, 0x00, 0x00, 0x30, 0x37, 0x02, 0x00,
    0x03, 0x00, 0x00, 0x00, 0x00, 0x40, 0x00, 0x00, 0x90, 0x33, 0x02, 0x00,
    0x02, 0x40, 0x00, 0x00, 0x00, 0x00, 0x00, 0x00, 0x0b, 0x01, 0x00, 0x00,
    0x0c, 0x01, 0x00, 0x00, 0x01, 0x01, 0x00, 0x00, 0x02, 0x01, 0x00, 0x00,
    0x10, 0x40, 0x00, 0x00, 0x70, 0xf2, 0x01, 0x00, 0x21, 0x01, 0x00, 0x00,
    0x20, 0x01, 0x00, 0x00, 0x20, 0x40, 0x00, 0x00, 0x90, 0x03, 0x00, 0x00,
    0x21, 0x40, 0x00, 0x00, 0xe0, 0x00, 0x00, 0x00, 0x22, 0x40, 0x00, 0x00,
    0x10, 0x03, 0x00, 0x00, 0x2f, 0x01, 0x01, 0x00, 0x02, 0x00, 0x00, 0x00,
    0x00, 0x40, 0x00, 0x00, 0x30, 0x37, 0x02, 0x00, 0x10, 0x40, 0x00, 0x00,
    0x10, 0xf6, 0x01, 0x00, 0x2f, 0x01, 0x03, 0x00, 0x02, 0x00, 0x00, 0x00,
    0x00, 0x40, 0x00, 0x00, 0x50, 0xe0, 0x01, 0x00, 0x02, 0x40, 0x00, 0x00,
    0x30, 0xce, 0x01, 0x00, 0x01, 0x01, 0x03, 0x00, 0x02, 0x01, 0x03, 0x00,
    0x10, 0x40, 0x00, 0x00, 0x90, 0x33, 0x02, 0x00, 0x21, 0x01, 0x02, 0x00,
    0x20, 0x01, 0x06, 0x00, 0x20, 0x40, 0x00, 0x00, 0xe0, 0x01, 0x00, 0x00,
    0x21, 0x40, 0x00, 0x00, 0x30, 0x01, 0x00, 0x00, 0x22, 0x40, 0x00, 0x00,
    0x60, 0x01, 0x00, 0x00, 0x03, 0x00, 0x00, 0x00, 0x00, 0x40, 0x00, 0x00,
    0xf0, 0xf5, 0x00, 0x00, 0x02, 0x40, 0x00, 0x00, 0x00, 0x00, 0x00, 0x00,
    0x0b, 0x01, 0x01, 0x00, 0x0c, 0x01, 0x01, 0x00, 0x0a, 0x01, 0x72, 0x00,
    0x04, 0x01, 0x03, 0x00, 0x05, 0x40, 0x00, 0x00, 0xcc, 0x01, 0x00, 0x00,
    0x04, 0x40, 0x00, 0x00, 0x04, 0x00, 0x00, 0x00, 0x06, 0x40, 0x00, 0x00,
    0x01, 0x00, 0x00, 0x00, 0x09, 0x01, 0x00, 0x00, 0x05, 0x01, 0x01, 0x00,
    0x01, 0x01, 0x00, 0x00, 0x02, 0x01, 0x00, 0x00, 0x10, 0x40, 0x00, 0x00,
    0x30, 0x25, 0x02, 0x00, 0x11, 0x01, 0x72, 0x00, 0x1a, 0x01, 0x72, 0x00,
    0x13, 0x01, 0x03, 0x00, 0x15, 0x40, 0x00, 0x00, 0x30, 0x07, 0x00, 0x00,
    0x16, 0x40, 0x00, 0x00, 0x30, 0x07, 0x00, 0x00, 0x18, 0x01, 0x00, 0x00,
    0x14, 0x01, 0x41, 0x81, 0x21, 0x01, 0x01, 0x00, 0x20, 0x01, 0x00, 0x00,
    0x22, 0x01, 0x02, 0x00, 0x15, 0x01, 0x15, 0x00, 0x17, 0x01, 0x07, 0x00,
    0x05, 0x00, 0x01, 0x00, 0x00, 0x40, 0x00, 0x00, 0x88, 0xf9, 0x00, 0x00,
    0x10, 0x40, 0x00, 0x00, 0x60, 0x2c, 0x02, 0x00, 0x05, 0x00, 0x01, 0x00,
    0x00, 0x40, 0x00, 0x00, 0x30, 0x25, 0x02, 0x00, 0x0b, 0x01, 0x00, 0x00,
    0x0c, 0x01, 0x00, 0x00, 0x05, 0x40, 0x00, 0x00, 0x30, 0x07, 0x00, 0x00,
    0x04, 0x40, 0x00, 0x00, 0x10, 0x00, 0x00, 0x00, 0x06, 0x40, 0x00, 0x00,
    0x30, 0x07, 0x00, 0x00, 0x05, 0x01, 0x41, 0x00, 0x01, 0x01, 0x01, 0x00,
    0x02, 0x01, 0x01, 0x00, 0x10, 0x40, 0x00, 0x00, 0x70, 0xd5, 0x01, 0x00,
    0x11, 0x01, 0x39, 0x00, 0x1a, 0x01, 0x39, 0x00, 0x13, 0x01, 0x0b, 0x00,
    0x15, 0x40, 0x00, 0x00, 0xa0, 0x03, 0x00, 0x00, 0x16, 0x40, 0x00, 0x00,
    0xa0, 0x03, 0x00, 0x00, 0x18, 0x01, 0x80, 0xff, 0x14, 0x01, 0x41, 0x00,
    0x21, 0x01, 0x00, 0x00, 0x20, 0x01, 0x02, 0x00, 0x22, 0x01, 0x05, 0x00,
    0x20, 0x40, 0x00, 0x00, 0x80, 0x00, 0x00, 0x00, 0x21, 0x40, 0x00, 0x00,
    0xe0, 0x00, 0x00, 0x00, 0x22, 0x40, 0x00, 0x00, 0x00, 0x00, 0x00, 0x00,
    0x15, 0x01, 0x39, 0x00, 0x17, 0x01, 0x0f, 0x00, 0x2f, 0x01, 0x01, 0x00,
    0x02, 0x00, 0x00, 0x00, 0x00, 0x40, 0x00, 0x00, 0x60, 0x2c, 0x02, 0x00,
    0x10, 0x40, 0x00, 0x00, 0x10, 0xd9, 0x01, 0x00, 0x2f, 0x01, 0x03, 0x00,
    0x02, 0x00, 0x00, 0x00, 0x00, 0x40, 0x00, 0x00, 0x20, 0xfd, 0x00, 0x00,
    0x0b, 0x01, 0x01, 0x00, 0x0c, 0x01, 0x01, 0x00, 0x05, 0x40, 0x00, 0x00,
    0xcc, 0x01, 0x00, 0x00, 0x04, 0x40, 0x00, 0x00, 0x04, 0x00, 0x00, 0x00,
    0x06, 0x40, 0x00, 0x00, 0x01, 0x00, 0x00, 0x00, 0x05, 0x01, 0x01, 0x00,
    0x01, 0x01, 0x00, 0x00, 0x02, 0x01, 0x00, 0x00, 0x10, 0x40, 0x00, 0x00,
    0x30, 0x25, 0x02, 0x00, 0x11, 0x01, 0x72, 0x00, 0x1a, 0x01, 0x72, 0x00,
    0x13, 0x01, 0x03, 0x00, 0x15, 0x40, 0x00, 0x00, 0x30, 0x07, 0x00, 0x00,
    0x16, 0x40, 0x00, 0x00, 0x30, 0x07, 0x00, 0x00, 0x18, 0x01, 0x00, 0x00,
    0x14, 0x01, 0x41, 0x81, 0x21, 0x01, 0x01, 0x00, 0x20, 0x01, 0x00, 0x00,
    0x22, 0x01, 0x02, 0x00, 0x15, 0x01, 0x15, 0x00, 0x17, 0x01, 0x07, 0x00,
    0x05, 0x00, 0x01, 0x00, 0x00, 0x40, 0x00, 0x00, 0xb8, 0x00, 0x01, 0x00,
    0x10, 0x40, 0x00, 0x00, 0x60, 0x2c, 0x02, 0x00, 0x05, 0x00, 0x01, 0x00,
    0x00, 0x40, 0x00, 0x00, 0x30, 0x25, 0x02, 0x00, 0x0b, 0x01, 0x00, 0x00,
    0x0c, 0x01, 0x00, 0x00, 0x05, 0x40, 0x00, 0x00, 0x30, 0x07, 0x00, 0x00,
    0x04, 0x40, 0x00, 0x00, 0x10, 0x00, 0x00, 0x00, 0x06, 0x40, 0x00, 0x00,
    0x30, 0x07, 0x00, 0x00, 0x05, 0x01, 0x41, 0x00, 0x01, 0x01, 0x01, 0x00,
    0x02, 0x01, 0x01, 0x00, 0x10, 0x40, 0x00, 0x00, 0xb0, 0xdc, 0x01, 0x00,
    0x11, 0x01, 0x39, 0x00, 0x1a, 0x01, 0x39, 0x00, 0x13, 0x01, 0x0b, 0x00,
    0x15, 0x40, 0x00, 0x00, 0xa0, 0x03, 0x00, 0x00, 0x16, 0x40, 0x00, 0x00,
    0xa0, 0x03, 0x00, 0x00, 0x18, 0x01, 0x80, 0xff, 0x14, 0x01, 0x41, 0x00,
    0x21, 0x01, 0x00, 0x00, 0x20, 0x01, 0x02, 0x00, 0x22, 0x01, 0x05, 0x00,
    0x15, 0x01, 0x39, 0x00, 0x17, 0x01, 0x0f, 0x00, 0x2f, 0x01, 0x01, 0x00,
    0x02, 0x00, 0x00, 0x00, 0x00, 0x40, 0x00, 0x00, 0x60, 0x2c, 0x02, 0x00,
    0x10, 0x40, 0x00, 0x00, 0x50, 0xe0, 0x01, 0x00, 0x2f, 0x01, 0x03, 0x00,
    0x02, 0x00, 0x00, 0x00, 0x00, 0x40, 0x00, 0x00, 0x30, 0xce, 0x01, 0x00,
    0x0b, 0x01, 0x02, 0x00, 0x0c, 0x01, 0x02, 0x00, 0x0a, 0x01, 0x39, 0x00,
    0x04, 0x01, 0x0b, 0x00, 0x05, 0x40, 0x00, 0x00, 0xa0, 0x03, 0x00, 0x00,
    0x06, 0x40, 0x00, 0x00, 0xa0, 0x03, 0x00, 0x00, 0x09, 0x01, 0x80, 0xff,
    0x01, 0x01, 0x03, 0x00, 0x02, 0x01, 0x03, 0x00, 0x10, 0x40, 0x00, 0x00,
    0x30, 0x37, 0x02, 0x00, 0x21, 0x01, 0x02, 0x00, 0x20, 0x01, 0x06, 0x00,
    0x22, 0x01, 0x00, 0x00, 0x20, 0x40, 0x00, 0x00, 0xe0, 0x01, 0x00, 0x00,
    0x21, 0x40, 0x00, 0x00, 0x30, 0x01, 0x00, 0x00, 0x22, 0x40, 0x00, 0x00,
    0x60, 0x01, 0x00, 0x00, 0x2f, 0x01, 0x01, 0x00, 0x03, 0x00, 0x00, 0x00,
    0x00, 0x40, 0x00, 0x00, 0x90, 0x33, 0x02, 0x00, 0x0b, 0x01, 0x00, 0x00,
    0x0c, 0x01, 0x00, 0x00, 0x01, 0x01, 0x00, 0x00, 0x02, 0x01, 0x00, 0x00,
    0x10, 0x40, 0x00, 0x00, 0xf0, 0xe3, 0x01, 0x00, 0x21, 0x01, 0x00, 0x00,
    0x20, 0x01, 0x00, 0x00, 0x20, 0x40, 0x00, 0x00, 0x90, 0x03, 0x00, 0x00,
    0x21, 0x40, 0x00, 0x00, 0xe0, 0x00, 0x00, 0x00, 0x22, 0x40, 0x00, 0x00,
    0x10, 0x03, 0x00, 0x00, 0x02, 0x00, 0x00, 0x00, 0x00, 0x40, 0x00, 0x00,
    0x30, 0x37, 0x02, 0x00, 0x10, 0x40, 0x00, 0x00, 0x90, 0xe7, 0x01, 0x00,
    0x2f, 0x01, 0x03, 0x00, 0x02, 0x00, 0x00, 0x00, 0x00, 0x40, 0x00, 0x00,
    0x30, 0xeb, 0x01, 0x00, 0x0b, 0x01, 0x02, 0x00, 0x0c, 0x01, 0x02, 0x00,
    0x01, 0x01, 0x04, 0x00, 0x02, 0x01, 0x04, 0x00, 0x10, 0x40, 0x00, 0x00,
    0x70, 0x3e, 0x02, 0x00, 0x21, 0x01, 0x02, 0x00, 0x20, 0x01, 0x08, 0x00,
    0x20, 0x40, 0x00, 0x00, 0xf0, 0x04, 0x00, 0x00, 0x21, 0x40, 0x00, 0x00,
    0x90, 0x01, 0x00, 0x00, 0x22, 0x40, 0x00, 0x00, 0x70, 0x04, 0x00, 0x00,
    0x0d, 0x01, 0x12, 0x00, 0x2f, 0x01, 0x01, 0x00, 0x03, 0x00, 0x00, 0x00,
    0x00, 0x40, 0x00, 0x00, 0xd0, 0x3a, 0x02, 0x00, 0x0b, 0x01, 0x00, 0x00,
    0x0c, 0x01, 0x00, 0x00, 0x01, 0x01, 0x00, 0x00, 0x02, 0x01, 0x00, 0x00,
    0x10, 0x40, 0x00, 0x00, 0x70, 0x9b, 0x01, 0x00, 0x21, 0x01, 0x00, 0x00,
    0x20, 0x01, 0x00, 0x00, 0x20, 0x40, 0x00, 0x00, 0x00, 0x07, 0x00, 0x00,
    0x21, 0x40, 0x00, 0x00, 0x00, 0x01, 0x00, 0x00, 0x22, 0x40, 0x00, 0x00,
    0x80, 0x06, 0x00, 0x00, 0x0d, 0x01, 0x0a, 0x00, 0x02, 0x00, 0x00, 0x00,
    0x00, 0x40, 0x00, 0x00, 0x70, 0x3e, 0x02, 0x00, 0x10, 0x40, 0x00, 0x00,
    0x10, 0x9f, 0x01, 0x00, 0x2f, 0x01, 0x03, 0x00, 0x02, 0x00, 0x00, 0x00,
    0x00, 0x40, 0x00, 0x00, 0xb0, 0xa2, 0x01, 0x00, 0x02, 0x40, 0x00, 0x00,
    0xb0, 0x85, 0x01, 0x00, 0x0b, 0x01, 0x01, 0x00, 0x0c, 0x01, 0x01, 0x00,
    0x01, 0x01, 0x01, 0x00, 0x02, 0x01, 0x01, 0x00, 0x10, 0x40, 0x00, 0x00,
    0x10, 0x42, 0x02, 0x00, 0x21, 0x01, 0x04, 0x00, 0x20, 0x01, 0x02, 0x00,
    0x20, 0x40, 0x00, 0x00, 0x80, 0x08, 0x00, 0x00, 0x21, 0x40, 0x00, 0x00,
    0xe0, 0x00, 0x00, 0x00, 0x22, 0x40, 0x00, 0x00, 0x00, 0x08, 0x00, 0x00,
    0x0d, 0x01, 0x12, 0x00, 0x2f, 0x01, 0x01, 0x00, 0x03, 0x00, 0x00, 0x00,
    0x00, 0x40, 0x00, 0x00, 0x50, 0xa6, 0x01, 0x00, 0x0b, 0x01, 0x00, 0x00,
    0x0c, 0x01, 0x00, 0x00, 0x10, 0x40, 0x00, 0x00, 0xb0, 0x45, 0x02, 0x00,
    0x2f, 0x01, 0x03, 0x00, 0x03, 0x00, 0x00, 0x00, 0x00, 0x40, 0x00, 0x00,
    0x10, 0x42, 0x02, 0x00, 0x02, 0x40, 0x00, 0x00, 0x00, 0x00, 0x00, 0x00,
    0x01, 0x01, 0x00, 0x00, 0x02, 0x01, 0x00, 0x00, 0x10, 0x40, 0x00, 0x00,
    0xf0, 0x00, 0x02, 0x00, 0x21, 0x01, 0x00, 0x00, 0x20, 0x01, 0x00, 0x00,
    0x20, 0x40, 0x00, 0x00, 0xe0, 0x09, 0x00, 0x00, 0x21, 0x40, 0x00, 0x00,
    0x00, 0x01, 0x00, 0x00, 0x22, 0x40, 0x00, 0x00, 0x60, 0x09, 0x00, 0x00,
    0x0d, 0x01, 0x0a, 0x00, 0x2f, 0x01, 0x01, 0x00, 0x02, 0x00, 0x00, 0x00,
    0x00, 0x40, 0x00, 0x00, 0xb0, 0x45, 0x02, 0x00, 0x10, 0x40, 0x00, 0x00,
    0x90, 0x04, 0x02, 0x00, 0x2f, 0x01, 0x03, 0x00, 0x02, 0x00, 0x00, 0x00,
    0x00, 0x40, 0x00, 0x00, 0xb0, 0x85, 0x01, 0x00, 0x0b, 0x01, 0x04, 0x00,
    0x0c, 0x01, 0x04, 0x00, 0x01, 0x01, 0x01, 0x00, 0x02, 0x01, 0x01, 0x00,
    0x10, 0x40, 0x00, 0x00, 0x10, 0x42, 0x02, 0x00, 0x21, 0x01, 0x04, 0x00,
    0x20, 0x01, 0x02, 0x00, 0x20, 0x40, 0x00, 0x00, 0x80, 0x08, 0x00, 0x00,
    0x21, 0x40, 0x00, 0x00, 0xe0, 0x00, 0x00, 0x00, 0x22, 0x40, 0x00, 0x00,
    0x00, 0x08, 0x00, 0x00, 0x0d, 0x01, 0x12, 0x00, 0x03, 0x00, 0x00, 0x00,
    0x00, 0x40, 0x00, 0x00, 0x50, 0x89, 0x01, 0x00, 0x10, 0x40, 0x00, 0x00,
    0xb0, 0x45, 0x02, 0x00, 0x03, 0x00, 0x00, 0x00, 0x00, 0x40, 0x00, 0x00,
    0x10, 0x42, 0x02, 0x00, 0x0b, 0x01, 0x00, 0x00, 0x0c, 0x01, 0x00, 0x00,
    0x01, 0x01, 0x00, 0x00, 0x02, 0x01, 0x00, 0x00, 0x10, 0x40, 0x00, 0x00,
    0x30, 0x08, 0x02, 0x00, 0x21, 0x01, 0x00, 0x00, 0x20, 0x01, 0x00, 0x00,
    0x20, 0x40, 0x00, 0x00, 0xe0, 0x09, 0x00, 0x00, 0x21, 0x40, 0x00, 0x00,
    0x00, 0x01, 0x00, 0x00, 0x22, 0x40, 0x00, 0x00, 0x60, 0x09, 0x00, 0x00,
    0x0d, 0x01, 0x0a, 0x00, 0x2f, 0x01, 0x01, 0x00, 0x02, 0x00, 0x00, 0x00,
    0x00, 0x40, 0x00, 0x00, 0xb0, 0x45, 0x02, 0x00, 0x10, 0x40, 0x00, 0x00,
    0xd0, 0x0b, 0x02, 0x00, 0x2f, 0x01, 0x03, 0x00, 0x02, 0x00, 0x00, 0x00,
    0x00, 0x40, 0x00, 0x00, 0xb0, 0xf9, 0x01, 0x00, 0x0b, 0x01, 0x02, 0x00,
    0x0c, 0x01, 0x02, 0x00, 0x01, 0x01, 0x03, 0x00, 0x02, 0x01, 0x03, 0x00,
    0x10, 0x40, 0x00, 0x00, 0xf0, 0x4c, 0x02, 0x00, 0x21, 0x01, 0x02, 0x00,
    0x20, 0x01, 0x06, 0x00, 0x20, 0x40, 0x00, 0x00, 0x60, 0x0b, 0x00, 0x00,
    0x21, 0x40, 0x00, 0x00, 0x40, 0x01, 0x00, 0x00, 0x22, 0x40, 0x00, 0x00,
    0xe0, 0x0a, 0x00, 0x00, 0x2f, 0x01, 0x01, 0x00, 0x03, 0x00, 0x00, 0x00,
    0x00, 0x40, 0x00, 0x00, 0x50, 0x49, 0x02, 0x00, 0x0b, 0x01, 0x00, 0x00,
    0x0c, 0x01, 0x00, 0x00, 0x01, 0x01, 0x00, 0x00, 0x02, 0x01, 0x00, 0x00,
    0x10, 0x40, 0x00, 0x00, 0x70, 0x0f, 0x02, 0x00, 0x21, 0x01, 0x00, 0x00,
    0x20, 0x01, 0x00, 0x00, 0x20, 0x40, 0x00, 0x00, 0x20, 0x0d, 0x00, 0x00,
    0x21, 0x40, 0x00, 0x00, 0x00, 0x01, 0x00, 0x00, 0x22, 0x40, 0x00, 0x00,
    0xa0, 0x0c, 0x00, 0x00, 0x02, 0x00, 0x00, 0x00, 0x00, 0x40, 0x00, 0x00,
    0xf0, 0x4c, 0x02, 0x00, 0x10, 0x40, 0x00, 0x00, 0x10, 0x13, 0x02, 0x00,
    0x2f, 0x01, 0x03, 0x00, 0x02, 0x00, 0x00, 0x00, 0x00, 0x40, 0x00, 0x00,
    0xb0, 0x16, 0x02, 0x00, 0x0b, 0x01, 0x02, 0x00, 0x0c, 0x01, 0x02, 0x00,
    0x01, 0x01, 0x04, 0x00, 0x02, 0x01, 0x04, 0x00, 0x10, 0x40, 0x00, 0x00,
    0x30, 0x54, 0x02, 0x00, 0x21, 0x01, 0x02, 0x00, 0x20, 0x01, 0x08, 0x00,
    0x20, 0x40, 0x00, 0x00, 0xa0, 0x0e, 0x00, 0x00, 0x21, 0x40, 0x00, 0x00,
    0x80, 0x01, 0x00, 0x00, 0x22, 0x40, 0x00, 0x00, 0x20, 0x0e, 0x00, 0x00,
    0x0d, 0x01, 0x12, 0x00, 0x2f, 0x01, 0x01, 0x00, 0x03, 0x00, 0x00, 0x00,
    0x00, 0x40, 0x00, 0x00, 0x90, 0x50, 0x02, 0x00, 0x0b, 0x01, 0x00, 0x00,
    0x0c, 0x01, 0x00, 0x00, 0x01, 0x01, 0x00, 0x00, 0x02, 0x01, 0x00, 0x00,
    0x10, 0x40, 0x00, 0x00, 0x70, 0xb8, 0x01, 0x00, 0x21, 0x01, 0x00, 0x00,
    0x20, 0x01, 0x00, 0x00, 0x20, 0x40, 0x00, 0x00, 0xa0, 0x10, 0x00, 0x00,
    0x21, 0x40, 0x00, 0x00, 0xf0, 0x00, 0x00, 0x00, 0x22, 0x40, 0x00, 0x00,
    0x20, 0x10, 0x00, 0x00, 0x0d, 0x01, 0x0a, 0x00, 0x02, 0x00, 0x00, 0x00,
    0x00, 0x40, 0x00, 0x00, 0x30, 0x54, 0x02, 0x00, 0x10, 0x40, 0x00, 0x00,
    0x10, 0xbc, 0x01, 0x00, 0x2f, 0x01, 0x03, 0x00, 0x02, 0x00, 0x00, 0x00,
    0x00, 0x40, 0x00, 0x00, 0xb0, 0xbf, 0x01, 0x00, 0x02, 0x40, 0x00, 0x00,
    0xf0, 0xa9, 0x01, 0x00, 0x0b, 0x01, 0x03, 0x00, 0x0c, 0x01, 0x03, 0x00,
    0x01, 0x01, 0x01, 0x00, 0x02, 0x01, 0x01, 0x00, 0x10, 0x40, 0x00, 0x00,
    0xd0, 0x57, 0x02, 0x00, 0x21, 0x01, 0x04, 0x00, 0x20, 0x01, 0x02, 0x00,
    0x20, 0x40, 0x00, 0x00, 0x10, 0x12, 0x00, 0x00, 0x21, 0x40, 0x00, 0x00,
    0xe0, 0x00, 0x00, 0x00, 0x22, 0x40, 0x00, 0x00, 0x90, 0x11, 0x00, 0x00,
    0x0d, 0x01, 0x12, 0x00, 0x2f, 0x01, 0x01, 0x00, 0x03, 0x00, 0x00, 0x00,
    0x00, 0x40, 0x00, 0x00, 0x50, 0xc3, 0x01, 0x00, 0x0b, 0x01, 0x02, 0x00,
    0x0c, 0x01, 0x02, 0x00, 0x10, 0x40, 0x00, 0x00, 0x70, 0x5b, 0x02, 0x00,
    0x2f, 0x01, 0x03, 0x00, 0x03, 0x00, 0x00, 0x00, 0x00, 0x40, 0x00, 0x00,
    0xd0, 0x57, 0x02, 0x00, 0x02, 0x40, 0x00, 0x00, 0x00, 0x00, 0x00, 0x00,
    0x0b, 0x01, 0x00, 0x00, 0x0c, 0x01, 0x00, 0x00, 0x01, 0x01, 0x00, 0x00,
    0x02, 0x01, 0x00, 0x00, 0x10, 0x40, 0x00, 0x00, 0x10, 0x5f, 0x02, 0x00,
    0x21, 0x01, 0x00, 0x00, 0x20, 0x01, 0x00, 0x00, 0x20, 0x40, 0x00, 0x00,
    0x70, 0x13, 0x00, 0x00, 0x21, 0x40, 0x00, 0x00, 0x00, 0x01, 0x00, 0x00,
    0x22, 0x40, 0x00, 0x00, 0xf0, 0x12, 0x00, 0x00, 0x0d, 0x01, 0x0a, 0x00,
    0x2f, 0x01, 0x01, 0x00, 0x02, 0x00, 0x00, 0x00, 0x00, 0x40, 0x00, 0x00,
    0x70, 0x5b, 0x02, 0x00, 0x10, 0x40, 0x00, 0x00, 0xb0, 0x62, 0x02, 0x00,
    0x2f, 0x01, 0x03, 0x00, 0x02, 0x00, 0x00, 0x00, 0x00, 0x40, 0x00, 0x00,
    0x10, 0x5f, 0x02, 0x00, 0x10, 0x40, 0x00, 0x00, 0x9c, 0x08, 0x00, 0x00,
    0x13, 0x01, 0x00, 0x00, 0x15, 0x40, 0x00, 0x00, 0x3a, 0x00, 0x00, 0x00,
    0x14, 0x40, 0x00, 0x00, 0x01, 0x00, 0x00, 0x00, 0x16, 0x40, 0x00, 0x00,
    0x01, 0x00, 0x00, 0x00, 0x18, 0x01, 0x75, 0x00, 0x14, 0x01, 0x01, 0x00,
    0x20, 0x40, 0x00, 0x00, 0x80, 0x14, 0x00, 0x00, 0x21, 0x40, 0x00, 0x00,
    0x40, 0x00, 0x00, 0x00, 0x22, 0x40, 0x00, 0x00, 0x70, 0x14, 0x00, 0x00,
    0x23, 0x40, 0x00, 0x00, 0x10, 0x00, 0x00, 0x00, 0x17, 0x01, 0x07, 0x00,
    0x2f, 0x01, 0x01, 0x00, 0x02, 0x00, 0x00, 0x00, 0x00, 0x40, 0x00, 0x00,
    0xb0, 0x62, 0x02, 0x00, 0x10, 0x40, 0x00, 0x00, 0xd6, 0x08, 0x00, 0x00,
    0x2f, 0x01, 0x03, 0x00, 0x02, 0x00, 0x00, 0x00, 0x00, 0x40, 0x00, 0x00,
    0xf0, 0xc6, 0x01, 0x00, 0x02, 0x40, 0x00, 0x00, 0xf0, 0xa9, 0x01, 0x00,
    0x0b, 0x01, 0x01, 0x00, 0x0c, 0x01, 0x01, 0x00, 0x01, 0x01, 0x01, 0x00,
    0x02, 0x01, 0x01, 0x00, 0x10, 0x40, 0x00, 0x00, 0xd0, 0x57, 0x02, 0x00,
    0x13, 0x01, 0x0b, 0x00, 0x15, 0x40, 0x00, 0x00, 0xa0, 0x03, 0x00, 0x00,
    0x14, 0x40, 0x00, 0x00, 0x10, 0x00, 0x00, 0x00, 0x16, 0x40, 0x00, 0x00,
    0xa0, 0x03, 0x00, 0x00, 0x18, 0x01, 0x80, 0xff, 0x14, 0x01, 0x41, 0x00,
    0x21, 0x01, 0x04, 0x00, 0x20, 0x01, 0x02, 0x00, 0x20, 0x40, 0x00, 0x00,
    0x10, 0x12, 0x00, 0x00, 0x21, 0x40, 0x00, 0x00, 0xe0, 0x00, 0x00, 0x00,
    0x22, 0x40, 0x00, 0x00, 0x90, 0x11, 0x00, 0x00, 0x23, 0x40, 0x00, 0x00,
    0x80, 0x00, 0x00, 0x00, 0x17, 0x01, 0x0f, 0x00, 0x0d, 0x01, 0x12, 0x00,
    0x03, 0x00, 0x00, 0x00, 0x00, 0x40, 0x00, 0x00, 0x90, 0xca, 0x01, 0x00,
    0x0b, 0x01, 0x00, 0x00, 0x0c, 0x01, 0x00, 0x00, 0x10, 0x40, 0x00, 0x00,
    0x70, 0x5b, 0x02, 0x00, 0x03, 0x00, 0x00, 0x00, 0x00, 0x40, 0x00, 0x00,
    0xd0, 0x57, 0x02, 0x00, 0x02, 0x40, 0x00, 0x00, 0x00, 0x00, 0x00, 0x00,
    0x01, 0x01, 0x00, 0x00, 0x02, 0x01, 0x00, 0x00, 0x10, 0x40, 0x00, 0x00,
    0x10, 0x5f, 0x02, 0x00, 0x21, 0x01, 0x00, 0x00, 0x20, 0x01, 0x00, 0x00,
    0x20, 0x40, 0x00, 0x00, 0x70, 0x13, 0x00, 0x00, 0x21, 0x40, 0x00, 0x00,
    0x00, 0x01, 0x00, 0x00, 0x22, 0x40, 0x00, 0x00, 0xf0, 0x12, 0x00, 0x00,
    0x0d, 0x01, 0x0a, 0x00, 0x2f, 0x01, 0x01, 0x00, 0x02, 0x00, 0x00, 0x00,
    0x00, 0x40, 0x00, 0x00, 0x70, 0x5b, 0x02, 0x00, 0x10, 0x40, 0x00, 0x00,
    0xb0, 0x62, 0x02, 0x00, 0x2f, 0x01, 0x03, 0x00, 0x02, 0x00, 0x00, 0x00,
    0x00, 0x40, 0x00, 0x00, 0x10, 0x5f, 0x02, 0x00, 0x10, 0x40, 0x00, 0x00,
    0x10, 0x09, 0x00, 0x00, 0x13, 0x01, 0x00, 0x00, 0x15, 0x40, 0x00, 0x00,
    0x3a, 0x00, 0x00, 0x00, 0x14, 0x40, 0x00, 0x00, 0x01, 0x00, 0x00, 0x00,
    0x16, 0x40, 0x00, 0x00, 0x01, 0x00, 0x00, 0x00, 0x18, 0x01, 0x75, 0x00,
    0x14, 0x01, 0x01, 0x00, 0x20, 0x40, 0x00, 0x00, 0x80, 0x14, 0x00, 0x00,
    0x21, 0x40, 0x00, 0x00, 0x40, 0x00, 0x00, 0x00, 0x22, 0x40, 0x00, 0x00,
    0x70, 0x14, 0x00, 0x00, 0x23, 0x40, 0x00, 0x00, 0x10, 0x00, 0x00, 0x00,
    0x17, 0x01, 0x07, 0x00, 0x2f, 0x01, 0x01, 0x00, 0x02, 0x00, 0x00, 0x00,
    0x00, 0x40, 0x00, 0x00, 0xb0, 0x62, 0x02, 0x00, 0x10, 0x40, 0x00, 0x00,
    0x4a, 0x09, 0x00, 0x00, 0x2f, 0x01, 0x03, 0x00, 0x02, 0x00, 0x00, 0x00,
    0x00, 0x40, 0x00, 0x00, 0xf0, 0xa9, 0x01, 0x00, 0x0b, 0x01, 0x04, 0x00,
    0x0c, 0x01, 0x04, 0x00, 0x01, 0x01, 0x01, 0x00, 0x02, 0x01, 0x01, 0x00,
    0x10, 0x40, 0x00, 0x00, 0xd0, 0x57, 0x02, 0x00, 0x13, 0x01, 0x0b, 0x00,
    0x15, 0x40, 0x00, 0x00, 0xa0, 0x03, 0x00, 0x00, 0x14, 0x40, 0x00, 0x00,
    0x10, 0x00, 0x00, 0x00, 0x16, 0x40, 0x00, 0x00, 0xa0, 0x03, 0x00, 0x00,
    0x18, 0x01, 0x80, 0xff, 0x14, 0x01, 0x41, 0x00, 0x21, 0x01, 0x04, 0x00,
    0x20, 0x01, 0x02, 0x00, 0x20, 0x40, 0x00, 0x00, 0x10, 0x12, 0x00, 0x00,
    0x21, 0x40, 0x00, 0x00, 0xe0, 0x00, 0x00, 0x00, 0x22, 0x40, 0x00, 0x00,
    0x90, 0x11, 0x00, 0x00, 0x23, 0x40, 0x00, 0x00, 0x80, 0x00, 0x00, 0x00,
    0x17, 0x01, 0x0f, 0x00, 0x0d, 0x01, 0x12, 0x00, 0x03, 0x00, 0x00, 0x00,
    0x00, 0x40, 0x00, 0x00, 0x90, 0xad, 0x01, 0x00, 0x10, 0x40, 0x00, 0x00,
    0x70, 0x5b, 0x02, 0x00, 0x03, 0x00, 0x00, 0x00, 0x00, 0x40, 0x00, 0x00,
    0xd0, 0x57, 0x02, 0x00, 0x0b, 0x01, 0x00, 0x00, 0x0c, 0x01, 0x00, 0x00,
    0x01, 0x01, 0x00, 0x00, 0x02, 0x01, 0x00, 0x00, 0x10, 0x40, 0x00, 0x00,
    0x10, 0x5f, 0x02, 0x00, 0x21, 0x01, 0x00, 0x00, 0x20, 0x01, 0x00, 0x00,
    0x20, 0x40, 0x00, 0x00, 0x70, 0x13, 0x00, 0x00, 0x21, 0x40, 0x00, 0x00,
    0x00, 0x01, 0x00, 0x00, 0x22, 0x40, 0x00, 0x00, 0xf0, 0x12, 0x00, 0x00,
    0x0d, 0x01, 0x0a, 0x00, 0x2f, 0x01, 0x01, 0x00, 0x02, 0x00, 0x00, 0x00,
    0x00, 0x40, 0x00, 0x00, 0x70, 0x5b, 0x02, 0x00, 0x10, 0x40, 0x00, 0x00,
    0xb0, 0x62, 0x02, 0x00, 0x2f, 0x01, 0x03, 0x00, 0x02, 0x00, 0x00, 0x00,
    0x00, 0x40, 0x00, 0x00, 0x10, 0x5f, 0x02, 0x00, 0x10, 0x40, 0x00, 0x00,
    0x84, 0x09, 0x00, 0x00, 0x13, 0x01, 0x00, 0x00, 0x15, 0x40, 0x00, 0x00,
    0x3a, 0x00, 0x00, 0x00, 0x14, 0x40, 0x00, 0x00, 0x01, 0x00, 0x00, 0x00,
    0x16, 0x40, 0x00, 0x00, 0x01, 0x00, 0x00, 0x00, 0x18, 0x01, 0x75, 0x00,
    0x14, 0x01, 0x01, 0x00, 0x20, 0x40, 0x00, 0x00, 0x80, 0x14, 0x00, 0x00,
    0x21, 0x40, 0x00, 0x00, 0x40, 0x00, 0x00, 0x00, 0x22, 0x40, 0x00, 0x00,
    0x70, 0x14, 0x00, 0x00, 0x23, 0x40, 0x00, 0x00, 0x10, 0x00, 0x00, 0x00,
    0x17, 0x01, 0x07, 0x00, 0x2f, 0x01, 0x01, 0x00, 0x02, 0x00, 0x00, 0x00,
    0x00, 0x40, 0x00, 0x00, 0xb0, 0x62, 0x02, 0x00, 0x10, 0x40, 0x00, 0x00,
    0xbe, 0x09, 0x00, 0x00, 0x2f, 0x01, 0x03, 0x00, 0x02, 0x00, 0x00, 0x00,
    0x00, 0x40, 0x00, 0x00, 0x50, 0x1a, 0x02, 0x00, 0x0b, 0x01, 0x02, 0x00,
    0x0c, 0x01, 0x02, 0x00, 0x01, 0x01, 0x04, 0x00, 0x02, 0x01, 0x04, 0x00,
    0x10, 0x40, 0x00, 0x00, 0x90, 0x50, 0x02, 0x00, 0x13, 0x01, 0x0b, 0x00,
    0x15, 0x40, 0x00, 0x00, 0xa0, 0x03, 0x00, 0x00, 0x14, 0x40, 0x00, 0x00,
    0x10, 0x00, 0x00, 0x00, 0x16, 0x40, 0x00, 0x00, 0xa0, 0x03, 0x00, 0x00,
    0x18, 0x01, 0x80, 0xff, 0x14, 0x01, 0x41, 0x00, 0x21, 0x01, 0x02, 0x00,
    0x20, 0x01, 0x08, 0x00, 0x20, 0x40, 0x00, 0x00, 0xa0, 0x0e, 0x00, 0x00,
    0x21, 0x40, 0x00, 0x00, 0x80, 0x01, 0x00, 0x00, 0x22, 0x40, 0x00, 0x00,
    0x20, 0x0e, 0x00, 0x00, 0x23, 0x40, 0x00, 0x00, 0x80, 0x00, 0x00, 0x00,
    0x17, 0x01, 0x0f, 0x00, 0x0d, 0x01, 0x12, 0x00, 0x03, 0x00, 0x00, 0x00,
    0x00, 0x40, 0x00, 0x00, 0xf0, 0x1d, 0x02, 0x00, 0x02, 0x40, 0x00, 0x00,
    0x70, 0x0f, 0x02, 0x00, 0x0b, 0x01, 0x01, 0x00, 0x0c, 0x01, 0x01, 0x00,
    0x10, 0x40, 0x00, 0x00, 0x30, 0x54, 0x02, 0x00, 0x03, 0x00, 0x00, 0x00,
    0x00, 0x40, 0x00, 0x00, 0x90, 0x50, 0x02, 0x00, 0x02, 0x40, 0x00, 0x00,
    0x00, 0x00, 0x00, 0x00, 0x0b, 0x01, 0x00, 0x00, 0x0c, 0x01, 0x00, 0x00,
    0x01, 0x01, 0x00, 0x00, 0x02, 0x01, 0x00, 0x00, 0x10, 0x40, 0x00, 0x00,
    0xb0, 0xbf, 0x01, 0x00, 0x21, 0x01, 0x00, 0x00, 0x20, 0x01, 0x00, 0x00,
    0x20, 0x40, 0x00, 0x00, 0xa0, 0x10, 0x00, 0x00, 0x21, 0x40, 0x00, 0x00,
    0xf0, 0x00, 0x00, 0x00, 0x22, 0x40, 0x00, 0x00, 0x20, 0x10, 0x00, 0x00,
    0x0d, 0x01, 0x0a, 0x00, 0x2f, 0x01, 0x01, 0x00, 0x02, 0x00, 0x00, 0x00,
    0x00, 0x40, 0x00, 0x00, 0x30, 0x54, 0x02, 0x00, 0x10, 0x40, 0x00, 0x00,
    0x50, 0xc3, 0x01, 0x00, 0x2f, 0x01, 0x03, 0x00, 0x02, 0x00, 0x00, 0x00,
    0x00, 0x40, 0x00, 0x00, 0x90, 0x21, 0x02, 0x00, 0x02, 0x40, 0x00, 0x00,
    0x70, 0x0f, 0x02, 0x00, 0x01, 0x01, 0x04, 0x00, 0x02, 0x01, 0x04, 0x00,
    0x10, 0x40, 0x00, 0x00, 0x90, 0x50, 0x02, 0x00, 0x21, 0x01, 0x02, 0x00,
    0x20, 0x01, 0x08, 0x00, 0x20, 0x40, 0x00, 0x00, 0xa0, 0x0e, 0x00, 0x00,
    0x21, 0x40, 0x00, 0x00, 0x80, 0x01, 0x00, 0x00, 0x22, 0x40, 0x00, 0x00,
    0x20, 0x0e, 0x00, 0x00, 0x0d, 0x01, 0x12, 0x00, 0x03, 0x00, 0x00, 0x00,
    0x00, 0x40, 0x00, 0x00, 0x50, 0xfd, 0x01, 0x00, 0x02, 0x40, 0x00, 0x00,
    0x00, 0x00, 0x00, 0x00, 0x0b, 0x01, 0x02, 0x00, 0x0c, 0x01, 0x02, 0x00,
    0x01, 0x01, 0x03, 0x00, 0x02, 0x01, 0x03, 0x00, 0x10, 0x40, 0x00, 0x00,
    0x50, 0x49, 0x02, 0x00, 0x20, 0x01, 0x06, 0x00, 0x20, 0x40, 0x00, 0x00,
    0x60, 0x0b, 0x00, 0x00, 0x21, 0x40, 0x00, 0x00, 0x40, 0x01, 0x00, 0x00,
    0x22, 0x40, 0x00, 0x00, 0xe0, 0x0a, 0x00, 0x00, 0x0d, 0x01, 0x0a, 0x00,
    0x03, 0x00, 0x00, 0x00, 0x00, 0x40, 0x00, 0x00, 0xf0, 0x00, 0x02, 0x00,
    0x10, 0x40, 0x00, 0x00, 0xf0, 0x4c, 0x02, 0x00, 0x03, 0x00, 0x00, 0x00,
    0x00, 0x40, 0x00, 0x00, 0x50, 0x49, 0x02, 0x00, 0x0b, 0x01, 0x00, 0x00,
    0x0c, 0x01, 0x00, 0x00, 0x01, 0x01, 0x00, 0x00, 0x02, 0x01, 0x00, 0x00,
    0x10, 0x40, 0x00, 0x00, 0xb0, 0x16, 0x02, 0x00, 0x21, 0x01, 0x00, 0x00,
    0x20, 0x01, 0x00, 0x00, 0x20, 0x40, 0x00, 0x00, 0x20, 0x0d, 0x00, 0x00,
    0x21, 0x40, 0x00, 0x00, 0x00, 0x01, 0x00, 0x00, 0x22, 0x40, 0x00, 0x00,
    0xa0, 0x0c, 0x00, 0x00, 0x2f, 0x01, 0x01, 0x00, 0x02, 0x00, 0x00, 0x00,
    0x00, 0x40, 0x00, 0x00, 0xf0, 0x4c, 0x02, 0x00, 0x10, 0x40, 0x00, 0x00,
    0x50, 0x1a, 0x02, 0x00, 0x2f, 0x01, 0x03, 0x00, 0x02, 0x00, 0x00, 0x00,
    0x00, 0x40, 0x00, 0x00, 0x90, 0x04, 0x02, 0x00, 0x0b, 0x01, 0x02, 0x00,
    0x0c, 0x01, 0x02, 0x00, 0x01, 0x01, 0x03, 0x00, 0x02, 0x01, 0x03, 0x00,
    0x10, 0x40, 0x00, 0x00, 0x50, 0x49, 0x02, 0x00, 0x21, 0x01, 0x02, 0x00,
    0x20, 0x01, 0x06, 0x00, 0x20, 0x40, 0x00, 0x00, 0x60, 0x0b, 0x00, 0x00,
    0x21, 0x40, 0x00, 0x00, 0x40, 0x01, 0x00, 0x00, 0x22, 0x40, 0x00, 0x00,
    0xe0, 0x0a, 0x00, 0x00, 0x03, 0x00, 0x00, 0x00, 0x00, 0x40, 0x00, 0x00,
    0xf0, 0x8c, 0x01, 0x00, 0x0b, 0x01, 0x04, 0x00, 0x0c, 0x01, 0x04, 0x00,
    0x01, 0x01, 0x01, 0x00, 0x02, 0x01, 0x01, 0x00, 0x10, 0x40, 0x00, 0x00,
    0x10, 0x42, 0x02, 0x00, 0x21, 0x01, 0x04, 0x00, 0x20, 0x01, 0x02, 0x00,
    0x20, 0x40, 0x00, 0x00, 0x80, 0x08, 0x00, 0x00, 0x21, 0x40, 0x00, 0x00,
    0xe0, 0x00, 0x00, 0x00, 0x22, 0x40, 0x00, 0x00, 0x00, 0x08, 0x00, 0x00,
    0x0d, 0x01, 0x12, 0x00, 0x03, 0x00, 0x00, 0x00, 0x00, 0x40, 0x00, 0x00,
    0x90, 0x90, 0x01, 0x00, 0x10, 0x40, 0x00, 0x00, 0xb0, 0x45, 0x02, 0x00,
    0x03, 0x00, 0x00, 0x00, 0x00, 0x40, 0x00, 0x00, 0x10, 0x42, 0x02, 0x00,
    0x0b, 0x01, 0x00, 0x00, 0x0c, 0x01, 0x00, 0x00, 0x01, 0x01, 0x00, 0x00,
    0x02, 0x01, 0x00, 0x00, 0x10, 0x40, 0x00, 0x00, 0xb0, 0xf9, 0x01, 0x00,
    0x21, 0x01, 0x00, 0x00, 0x20, 0x01, 0x00, 0x00, 0x20, 0x40, 0x00, 0x00,
    0xe0, 0x09, 0x00, 0x00, 0x21, 0x40, 0x00, 0x00, 0x00, 0x01, 0x00, 0x00,
    0x22, 0x40, 0x00, 0x00, 0x60, 0x09, 0x00, 0x00, 0x0d, 0x01, 0x0a, 0x00,
    0x2f, 0x01, 0x01, 0x00, 0x02, 0x00, 0x00, 0x00, 0x00, 0x40, 0x00, 0x00,
    0xb0, 0x45, 0x02, 0x00, 0x10, 0x40, 0x00, 0x00, 0x50, 0xfd, 0x01, 0x00,
    0x2f, 0x01, 0x03, 0x00, 0x02, 0x00, 0x00, 0x00, 0x00, 0x40, 0x00, 0x00,
    0xd0, 0xee, 0x01, 0x00, 0x0b, 0x01, 0x02, 0x00, 0x0c, 0x01, 0x02, 0x00,
    0x01, 0x01, 0x04, 0x00, 0x02, 0x01, 0x04, 0x00, 0x10, 0x40, 0x00, 0x00,
    0xd0, 0x3a, 0x02, 0x00, 0x21, 0x01, 0x02, 0x00, 0x20, 0x01, 0x08, 0x00,
    0x20, 0x40, 0x00, 0x00, 0xf0, 0x04, 0x00, 0x00, 0x21, 0x40, 0x00, 0x00,
    0x90, 0x01, 0x00, 0x00, 0x22, 0x40, 0x00, 0x00, 0x70, 0x04, 0x00, 0x00,
    0x0d, 0x01, 0x12, 0x00, 0x03, 0x00, 0x00, 0x00, 0x00, 0x40, 0x00, 0x00,
    0x70, 0xf2, 0x01, 0x00, 0x02, 0x40, 0x00, 0x00, 0xf0, 0xe3, 0x01, 0x00,
    0x0b, 0x01, 0x01, 0x00, 0x0c, 0x01, 0x01, 0x00, 0x10, 0x40, 0x00, 0x00,
    0x70, 0x3e, 0x02, 0x00, 0x03, 0x00, 0x00, 0x00, 0x00, 0x40, 0x00, 0x00,
    0xd0, 0x3a, 0x02, 0x00, 0x02, 0x40, 0x00, 0x00, 0x00, 0x00, 0x00, 0x00,
    0x0b, 0x01, 0x00, 0x00, 0x0c, 0x01, 0x00, 0x00, 0x01, 0x01, 0x00, 0x00,
    0x02, 0x01, 0x00, 0x00, 0x10, 0x40, 0x00, 0x00, 0xb0, 0xa2, 0x01, 0x00,
    0x21, 0x01, 0x00, 0x00, 0x20, 0x01, 0x00, 0x00, 0x20, 0x40, 0x00, 0x00,
    0x00, 0x07, 0x00, 0x00, 0x21, 0x40, 0x00, 0x00, 0x00, 0x01, 0x00, 0x00,
    0x22, 0x40, 0x00, 0x00, 0x80, 0x06, 0x00, 0x00, 0x0d, 0x01, 0x0a, 0x00,
    0x2f, 0x01, 0x01, 0x00, 0x02, 0x00, 0x00, 0x00, 0x00, 0x40, 0x00, 0x00,
    0x70, 0x3e, 0x02, 0x00, 0x10, 0x40, 0x00, 0x00, 0x50, 0xa6, 0x01, 0x00,
    0x2f, 0x01, 0x03, 0x00, 0x02, 0x00, 0x00, 0x00, 0x00, 0x40, 0x00, 0x00,
    0x10, 0xf6, 0x01, 0x00, 0x02, 0x40, 0x00, 0x00, 0xf0, 0xe3, 0x01, 0x00,
    0x01, 0x01, 0x04, 0x00, 0x02, 0x01, 0x04, 0x00, 0x10, 0x40, 0x00, 0x00,
    0xd0, 0x3a, 0x02, 0x00, 0x21, 0x01, 0x02, 0x00, 0x20, 0x01, 0x08, 0x00,
    0x20, 0x40, 0x00, 0x00, 0xf0, 0x04, 0x00, 0x00, 0x21, 0x40, 0x00, 0x00,
    0x90, 0x01, 0x00, 0x00, 0x22, 0x40, 0x00, 0x00, 0x70, 0x04, 0x00, 0x00,
    0x0d, 0x01, 0x12, 0x00, 0x03, 0x00, 0x00, 0x00, 0x00, 0x40, 0x00, 0x00,
    0xd0, 0xd1, 0x01, 0x00, 0x02, 0x40, 0x00, 0x00, 0x00, 0x00, 0x00, 0x00,
    0x0b, 0x01, 0x02, 0x00, 0x0c, 0x01, 0x02, 0x00, 0x01, 0x01, 0x03, 0x00,
    0x02, 0x01, 0x03, 0x00, 0x10, 0x40, 0x00, 0x00, 0x90, 0x33, 0x02, 0x00,
    0x20, 0x01, 0x06, 0x00, 0x20, 0x40, 0x00, 0x00, 0xe0, 0x01, 0x00, 0x00,
    0x21, 0x40, 0x00, 0x00, 0x30, 0x01, 0x00, 0x00, 0x22, 0x40, 0x00, 0x00,
    0x60, 0x01, 0x00, 0x00, 0x0d, 0x01, 0x0a, 0x00, 0x03, 0x00, 0x00, 0x00,
    0x00, 0x40, 0x00, 0x00, 0x70, 0xd5, 0x01, 0x00, 0x10, 0x40, 0x00, 0x00,
    0x30, 0x37, 0x02, 0x00, 0x03, 0x00, 0x00, 0x00, 0x00, 0x40, 0x00, 0x00,
    0x90, 0x33, 0x02, 0x00, 0x0b, 0x01, 0x00, 0x00, 0x0c, 0x01, 0x00, 0x00,
    0x01, 0x01, 0x00, 0x00, 0x02, 0x01, 0x00, 0x00, 0x10, 0x40, 0x00, 0x00,
    0x30, 0xeb, 0x01, 0x00, 0x21, 0x01, 0x00, 0x00, 0x20, 0x01, 0x00, 0x00,
    0x20, 0x40, 0x00, 0x00, 0x90, 0x03, 0x00, 0x00, 0x21, 0x40, 0x00, 0x00,
    0xe0, 0x00, 0x00, 0x00, 0x22, 0x40, 0x00, 0x00, 0x10, 0x03, 0x00, 0x00,
    0x2f, 0x01, 0x01, 0x00, 0x02, 0x00, 0x00, 0x00, 0x00, 0x40, 0x00, 0x00,
    0x30, 0x37, 0x02, 0x00, 0x10, 0x40, 0x00, 0x00, 0xd0, 0xee, 0x01, 0x00,
    0x2f, 0x01, 0x03, 0x00, 0x02, 0x00, 0x00, 0x00, 0x00, 0x40, 0x00, 0x00,
    0x10, 0xd9, 0x01, 0x00, 0x0b, 0x01, 0x02, 0x00, 0x0c, 0x01, 0x02, 0x00,
    0x01, 0x01, 0x03, 0x00, 0x02, 0x01, 0x03, 0x00, 0x10, 0x40, 0x00, 0x00,
    0x90, 0x33, 0x02, 0x00, 0x21, 0x01, 0x02, 0x00, 0x20, 0x01, 0x06, 0x00,
    0x20, 0x40, 0x00, 0x00, 0xe0, 0x01, 0x00, 0x00, 0x21, 0x40, 0x00, 0x00,
    0x30, 0x01, 0x00, 0x00, 0x22, 0x40, 0x00, 0x00, 0x60, 0x01, 0x00, 0x00,
    0x03, 0x00, 0x00, 0x00, 0x00, 0x40, 0x00, 0x00, 0x50, 0x04, 0x01, 0x00,
    0x0b, 0x01, 0x01, 0x00, 0x0c, 0x01, 0x01, 0x00, 0x0a, 0x01, 0x72, 0x00,
    0x04, 0x01, 0x03, 0x00, 0x05, 0x40, 0x00, 0x00, 0xcc, 0x01, 0x00, 0x00,
    0x04, 0x40, 0x00, 0x00, 0x04, 0x00, 0x00, 0x00, 0x06, 0x40, 0x00, 0x00,
    0x01, 0x00, 0x00, 0x00, 0x09, 0x01, 0x00, 0x00, 0x05, 0x01, 0x01, 0x00,
    0x01, 0x01, 0x00, 0x00, 0x02, 0x01, 0x00, 0x00, 0x10, 0x40, 0x00, 0x00,
    0x30, 0x25, 0x02, 0x00, 0x11, 0x01, 0x72, 0x00, 0x1a, 0x01, 0x72, 0x00,
    0x13, 0x01, 0x03, 0x00, 0x15, 0x40, 0x00, 0x00, 0x30, 0x07, 0x00, 0x00,
    0x16, 0x40, 0x00, 0x00, 0x30, 0x07, 0x00, 0x00, 0x18, 0x01, 0x00, 0x00,
    0x14, 0x01, 0x41, 0x81, 0x21, 0x01, 0x01, 0x00, 0x20, 0x01, 0x00, 0x00,
    0x22, 0x01, 0x02, 0x00, 0x15, 0x01, 0x15, 0x00, 0x17, 0x01, 0x07, 0x00,
    0x05, 0x00, 0x01, 0x00, 0x00, 0x40, 0x00, 0x00, 0xe8, 0x07, 0x01, 0x00,
    0x10, 0x40, 0x00, 0x00, 0x60, 0x2c, 0x02, 0x00, 0x05, 0x00, 0x01, 0x00,
    0x00, 0x40, 0x00, 0x00, 0x30, 0x25, 0x02, 0x00, 0x0b, 0x01, 0x00, 0x00,
    0x0c, 0x01, 0x00, 0x00, 0x05, 0x40, 0x00, 0x00, 0x30, 0x07, 0x00, 0x00,
    0x04, 0x40, 0x00, 0x00, 0x10, 0x00, 0x00, 0x00, 0x06, 0x40, 0x00, 0x00,
    0x30, 0x07, 0x00, 0x00, 0x05, 0x01, 0x41, 0x00, 0x01, 0x01, 0x01, 0x00,
    0x02, 0x01, 0x01, 0x00, 0x10, 0x40, 0x00, 0x00, 0x30, 0xce, 0x01, 0x00,
    0x11, 0x01, 0x39, 0x00, 0x1a, 0x01, 0x39, 0x00, 0x13, 0x01, 0x0b, 0x00,
    0x15, 0x40, 0x00, 0x00, 0xa0, 0x03, 0x00, 0x00, 0x16, 0x40, 0x00, 0x00,
    0xa0, 0x03, 0x00, 0x00, 0x18, 0x01, 0x80, 0xff, 0x14, 0x01, 0x41, 0x00,
    0x21, 0x01, 0x00, 0x00, 0x20, 0x01, 0x02, 0x00, 0x22, 0x01, 0x05, 0x00,
    0x20, 0x40, 0x00, 0x00, 0x80, 0x00, 0x00, 0x00, 0x21, 0x40, 0x00, 0x00,
    0xe0, 0x00, 0x00, 0x00, 0x22, 0x40, 0x00, 0x00, 0x00, 0x00, 0x00, 0x00,
    0x15, 0x01, 0x39, 0x00, 0x17, 0x01, 0x0f, 0x00, 0x2f, 0x01, 0x01, 0x00,
    0x02, 0x00, 0x00, 0x00, 0x00, 0x40, 0x00, 0x00, 0x60, 0x2c, 0x02, 0x00,
    0x10, 0x40, 0x00, 0x00, 0xd0, 0xd1, 0x01, 0x00, 0x2f, 0x01, 0x03, 0x00,
    0x02, 0x00, 0x00, 0x00, 0x00, 0x40, 0x00, 0x00, 0x80, 0x0b, 0x01, 0x00,
    0x0b, 0x01, 0x01, 0x00, 0x0c, 0x01, 0x01, 0x00, 0x05, 0x40, 0x00, 0x00,
    0xcc, 0x01, 0x00, 0x00, 0x04, 0x40, 0x00, 0x00, 0x04, 0x00, 0x00, 0x00,
    0x06, 0x40, 0x00, 0x00, 0x01, 0x00, 0x00, 0x00, 0x05, 0x01, 0x01, 0x00,
    0x01, 0x01, 0x00, 0x00, 0x02, 0x01, 0x00, 0x00, 0x10, 0x40, 0x00, 0x00,
    0x30, 0x25, 0x02, 0x00, 0x11, 0x01, 0x72, 0x00, 0x1a, 0x01, 0x72, 0x00,
    0x13, 0x01, 0x03, 0x00, 0x15, 0x40, 0x00, 0x00, 0x30, 0x07, 0x00, 0x00,
    0x16, 0x40, 0x00, 0x00, 0x30, 0x07, 0x00, 0x00, 0x18, 0x01, 0x00, 0x00,
    0x14, 0x01, 0x41, 0x81, 0x21, 0x01, 0x01, 0x00, 0x20, 0x01, 0x00, 0x00,
    0x22, 0x01, 0x02, 0x00, 0x15, 0x01, 0x15, 0x00, 0x17, 0x01, 0x07, 0x00,
    0x05, 0x00, 0x01, 0x00, 0x00, 0x40, 0x00, 0x00, 0x18, 0x0f, 0x01, 0x00,
    0x10, 0x40, 0x00, 0x00, 0x60, 0x2c, 0x02, 0x00, 0x05, 0x00, 0x01, 0x00,
    0x00, 0x40, 0x00, 0x00, 0x30, 0x25, 0x02, 0x00, 0x0b, 0x01, 0x00, 0x00,
    0x0c, 0x01, 0x00, 0x00, 0x05, 0x40, 0x00, 0x00, 0x30, 0x07, 0x00, 0x00,
    0x04, 0x40, 0x00, 0x00, 0x10, 0x00, 0x00, 0x00, 0x06, 0x40, 0x00, 0x00,
    0x30, 0x07, 0x00, 0x00, 0x05, 0x01, 0x41, 0x00, 0x01, 0x01, 0x01, 0x00,
    0x02, 0x01, 0x01, 0x00, 0x10, 0x40, 0x00, 0x00, 0x70, 0xd5, 0x01, 0x00,
    0x11, 0x01, 0x39, 0x00, 0x1a, 0x01, 0x39, 0x00, 0x13, 0x01, 0x0b, 0x00,
    0x15, 0x40, 0x00, 0x00, 0xa0, 0x03, 0x00, 0x00, 0x16, 0x40, 0x00, 0x00,
    0xa0, 0x03, 0x00, 0x00, 0x18, 0x01, 0x80, 0xff, 0x14, 0x01, 0x41, 0x00,
    0x21, 0x01, 0x00, 0x00, 0x20, 0x01, 0x02, 0x00, 0x22, 0x01, 0x05, 0x00,
    0x15, 0x01, 0x39, 0x00, 0x17, 0x01, 0x0f, 0x00, 0x2f, 0x01, 0x01, 0x00,
    0x02, 0x00, 0x00, 0x00, 0x00, 0x40, 0x00, 0x00, 0x60, 0x2c, 0x02, 0x00,
    0x10, 0x40, 0x00, 0x00, 0x10, 0xd9, 0x01, 0x00, 0x2f, 0x01, 0x03, 0x00,
    0x02, 0x00, 0x00, 0x00, 0x00, 0x40, 0x00, 0x00, 0xb0, 0xdc, 0x01, 0x00,
    0x02, 0x40, 0x00, 0x00, 0x30, 0xce, 0x01, 0x00, 0x0b, 0x01, 0x01, 0x00,
    0x0c, 0x01, 0x01, 0x00, 0x0a, 0x01, 0x39, 0x00, 0x04, 0x01, 0x0b, 0x00,
    0x05, 0x40, 0x00, 0x00, 0xa0, 0x03, 0x00, 0x00, 0x06, 0x40, 0x00, 0x00,
    0xa0, 0x03, 0x00, 0x00, 0x09, 0x01, 0x80, 0xff, 0x01, 0x01, 0x03, 0x00,
    0x02, 0x01, 0x03, 0x00, 0x10, 0x40, 0x00, 0x00, 0x30, 0x37, 0x02, 0x00,
    0x21, 0x01, 0x02, 0x00, 0x20, 0x01, 0x06, 0x00, 0x22, 0x01, 0x00, 0x00,
    0x20, 0x40, 0x00, 0x00, 0xe0, 0x01, 0x00, 0x00, 0x21, 0x40, 0x00, 0x00,
    0x30, 0x01, 0x00, 0x00, 0x22, 0x40, 0x00, 0x00, 0x60, 0x01, 0x00, 0x00,
    0x2f, 0x01, 0x01, 0x00, 0x03, 0x00, 0x00, 0x00, 0x00, 0x40, 0x00, 0x00,
    0x90, 0x33, 0x02, 0x00, 0x02, 0x40, 0x00, 0x00, 0x00, 0x00, 0x00, 0x00,
    0x0b, 0x01, 0x00, 0x00, 0x0c, 0x01, 0x00, 0x00, 0x01, 0x01, 0x00, 0x00,
    0x02, 0x01, 0x00, 0x00, 0x10, 0x40, 0x00, 0x00, 0x70, 0xf2, 0x01, 0x00,
    0x21, 0x01, 0x00, 0x00, 0x20, 0x01, 0x00, 0x00, 0x20, 0x40, 0x00, 0x00,
    0x90, 0x03, 0x00, 0x00, 0x21, 0x40, 0x00, 0x00, 0xe0, 0x00, 0x00, 0x00,
    0x22, 0x40, 0x00, 0x00, 0x10, 0x03, 0x00, 0x00, 0x02, 0x00, 0x00, 0x00,
    0x00, 0x40, 0x00, 0x00, 0x30, 0x37, 0x02, 0x00, 0x10, 0x40, 0x00, 0x00,
    0x10, 0xf6, 0x01, 0x00, 0x2f, 0x01, 0x03, 0x00, 0x02, 0x00, 0x00, 0x00,
    0x00, 0x40, 0x00, 0x00, 0xf0, 0xe3, 0x01, 0x00, 0x0b, 0x01, 0x02, 0x00,
    0x0c, 0x01, 0x02, 0x00, 0x01, 0x01, 0x04, 0x00, 0x02, 0x01, 0x04, 0x00,
    0x10, 0x40, 0x00, 0x00, 0x70, 0x3e, 0x02, 0x00, 0x21, 0x01, 0x02, 0x00,
    0x20, 0x01, 0x08, 0x00, 0x20, 0x40, 0x00, 0x00, 0xf0, 0x04, 0x00, 0x00,
    0x21, 0x40, 0x00, 0x00, 0x90, 0x01, 0x00, 0x00, 0x22, 0x40, 0x00, 0x00,
    0x70, 0x04, 0x00, 0x00, 0x0d, 0x01, 0x12, 0x00, 0x2f, 0x01, 0x01, 0x00,
    0x03, 0x00, 0x00, 0x00, 0x00, 0x40, 0x00, 0x00, 0xd0, 0x3a, 0x02, 0x00,
    0x0b, 0x01, 0x00, 0x00, 0x0c, 0x01, 0x00, 0x00, 0x01, 0x01, 0x00, 0x00,
    0x02, 0x01, 0x00, 0x00, 0x10, 0x40, 0x00, 0x00, 0xb0, 0x85, 0x01, 0x00,
    0x21, 0x01, 0x00, 0x00, 0x20, 0x01, 0x00, 0x00, 0x20, 0x40, 0x00, 0x00,
    0x00, 0x07, 0x00, 0x00, 0x21, 0x40, 0x00, 0x00, 0x00, 0x01, 0x00, 0x00,
    0x22, 0x40, 0x00, 0x00, 0x80, 0x06, 0x00, 0x00, 0x0d, 0x01, 0x0a, 0x00,
    0x02, 0x00, 0x00, 0x00, 0x00, 0x40, 0x00, 0x00, 0x70, 0x3e, 0x02, 0x00,
    0x10, 0x40, 0x00, 0x00, 0x50, 0x89, 0x01, 0x00, 0x2f, 0x01, 0x03, 0x00,
    0x02, 0x00, 0x00, 0x00, 0x00, 0x40, 0x00, 0x00, 0x90, 0xe7, 0x01, 0x00,
    0x0b, 0x01, 0x02, 0x00, 0x0c, 0x01, 0x02, 0x00, 0x01, 0x01, 0x04, 0x00,
    0x02, 0x01, 0x04, 0x00, 0x10, 0x40, 0x00, 0x00, 0xd0, 0x3a, 0x02, 0x00,
    0x21, 0x01, 0x02, 0x00, 0x20, 0x01, 0x08, 0x00, 0x20, 0x40, 0x00, 0x00,
    0xf0, 0x04, 0x00, 0x00, 0x21, 0x40, 0x00, 0x00, 0x90, 0x01, 0x00, 0x00,
    0x22, 0x40, 0x00, 0x00, 0x70, 0x04, 0x00, 0x00, 0x0d, 0x01, 0x12, 0x00,
    0x03, 0x00, 0x00, 0x00, 0x00, 0x40, 0x00, 0x00, 0x30, 0xeb, 0x01, 0x00,
    0x10, 0x40, 0x00, 0x00, 0x70, 0x3e, 0x02, 0x00, 0x03, 0x00, 0x00, 0x00,
    0x00, 0x40, 0x00, 0x00, 0xd0, 0x3a, 0x02, 0x00, 0x0b, 0x01, 0x00, 0x00,
    0x0c, 0x01, 0x00, 0x00, 0x01, 0x01, 0x00, 0x00, 0x02, 0x01, 0x00, 0x00,
    0x10, 0x40, 0x00, 0x00, 0xf0, 0x8c, 0x01, 0x00, 0x21, 0x01, 0x00, 0x00,
    0x20, 0x01, 0x00, 0x00, 0x20, 0x40, 0x00, 0x00, 0x00, 0x07, 0x00, 0x00,
    0x21, 0x40, 0x00, 0x00, 0x00, 0x01, 0x00, 0x00, 0x22, 0x40, 0x00, 0x00,
    0x80, 0x06, 0x00, 0x00, 0x0d, 0x01, 0x0a, 0x00, 0x2f, 0x01, 0x01, 0x00,
    0x02, 0x00, 0x00, 0x00, 0x00, 0x40, 0x00, 0x00, 0x70, 0x3e, 0x02, 0x00,
    0x10, 0x40, 0x00, 0x00, 0x90, 0x90, 0x01, 0x00, 0x2f, 0x01, 0x03, 0x00,
    0x02, 0x00, 0x00, 0x00, 0x00, 0x40, 0x00, 0x00, 0x30, 0x94, 0x01, 0x00,
    0x0b, 0x01, 0x04, 0x00, 0x0c, 0x01, 0x04, 0x00, 0x01, 0x01, 0x01, 0x00,
    0x02, 0x01, 0x01, 0x00, 0x10, 0x40, 0x00, 0x00, 0x10, 0x42, 0x02, 0x00,
    0x21, 0x01, 0x04, 0x00, 0x20, 0x01, 0x02, 0x00, 0x20, 0x40, 0x00, 0x00,
    0x80, 0x08, 0x00, 0x00, 0x21, 0x40, 0x00, 0x00, 0xe0, 0x00, 0x00, 0x00,
    0x22, 0x40, 0x00, 0x00, 0x00, 0x08, 0x00, 0x00, 0x0d, 0x01, 0x12, 0x00,
    0x2f, 0x01, 0x01, 0x00, 0x03, 0x00, 0x00, 0x00, 0x00, 0x40, 0x00, 0x00,
    0xd0, 0x97, 0x01, 0x00, 0x10, 0x40, 0x00, 0x00, 0xb0, 0x45, 0x02, 0x00,
    0x2f, 0x01, 0x03, 0x00, 0x03, 0x00, 0x00, 0x00, 0x00, 0x40, 0x00, 0x00,
    0x10, 0x42, 0x02, 0x00, 0x0b, 0x01, 0x00, 0x00, 0x0c, 0x01, 0x00, 0x00,
    0x01, 0x01, 0x00, 0x00, 0x02, 0x01, 0x00, 0x00, 0x10, 0x40, 0x00, 0x00,
    0xf0, 0x00, 0x02, 0x00, 0x21, 0x01, 0x00, 0x00, 0x20, 0x01, 0x00, 0x00,
    0x20, 0x40, 0x00, 0x00, 0xe0, 0x09, 0x00, 0x00, 0x21, 0x40, 0x00, 0x00,
    0x00, 0x01, 0x00, 0x00, 0x22, 0x40, 0x00, 0x00, 0x60, 0x09, 0x00, 0x00,
    0x0d, 0x01, 0x0a, 0x00, 0x2f, 0x01, 0x01, 0x00, 0x02, 0x00, 0x00, 0x00,
    0x00, 0x40, 0x00, 0x00, 0xb0, 0x45, 0x02, 0x00, 0x10, 0x40, 0x00, 0x00,
    0x90, 0x04, 0x02, 0x00, 0x2f, 0x01, 0x03, 0x00, 0x02, 0x00, 0x00, 0x00,
    0x00, 0x40, 0x00, 0x00, 0x30, 0x08, 0x02, 0x00, 0x02, 0x40, 0x00, 0x00,
    0xb0, 0xf9, 0x01, 0x00, 0x0b, 0x01, 0x01, 0x00, 0x0c, 0x01, 0x01, 0x00,
    0x01, 0x01, 0x03, 0x00, 0x02, 0x01, 0x03, 0x00, 0x10, 0x40, 0x00, 0x00,
    0xf0, 0x4c, 0x02, 0x00, 0x21, 0x01, 0x02, 0x00, 0x20, 0x01, 0x06, 0x00,
    0x20, 0x40, 0x00, 0x00, 0x60, 0x0b, 0x00, 0x00, 0x21, 0x40, 0x00, 0x00,
    0x40, 0x01, 0x00, 0x00, 0x22, 0x40, 0x00, 0x00, 0xe0, 0x0a, 0x00, 0x00,
    0x2f, 0x01, 0x01, 0x00, 0x03, 0x00, 0x00, 0x00, 0x00, 0x40, 0x00, 0x00,
    0x50, 0x49, 0x02, 0x00, 0x02, 0x40, 0x00, 0x00, 0x00, 0x00, 0x00, 0x00,
    0x0b, 0x01, 0x00, 0x00, 0x0c, 0x01, 0x00, 0x00, 0x01, 0x01, 0x00, 0x00,
    0x02, 0x01, 0x00, 0x00, 0x10, 0x40, 0x00, 0x00, 0xf0, 0x1d, 0x02, 0x00,
    0x21, 0x01, 0x00, 0x00, 0x20, 0x01, 0x00, 0x00, 0x20, 0x40, 0x00, 0x00,
    0x20, 0x0d, 0x00, 0x00, 0x21, 0x40, 0x00, 0x00, 0x00, 0x01, 0x00, 0x00,
    0x22, 0x40, 0x00, 0x00, 0xa0, 0x0c, 0x00, 0x00, 0x02, 0x00, 0x00, 0x00,
    0x00, 0x40, 0x00, 0x00, 0xf0, 0x4c, 0x02, 0x00, 0x10, 0x40, 0x00, 0x00,
    0x90, 0x21, 0x02, 0x00, 0x2f, 0x01, 0x03, 0x00, 0x02, 0x00, 0x00, 0x00,
    0x00, 0x40, 0x00, 0x00, 0x70, 0x0f, 0x02, 0x00, 0x0b, 0x01, 0x02, 0x00,
    0x0c, 0x01, 0x02, 0x00, 0x01, 0x01, 0x04, 0x00, 0x02, 0x01, 0x04, 0x00,
    0x10, 0x40, 0x00, 0x00, 0x30, 0x54, 0x02, 0x00, 0x21, 0x01, 0x02, 0x00,
    0x20, 0x01, 0x08, 0x00, 0x20, 0x40, 0x00, 0x00, 0xa0, 0x0e, 0x00, 0x00,
    0x21, 0x40, 0x00, 0x00, 0x80, 0x01, 0x00, 0x00, 0x22, 0x40, 0x00, 0x00,
    0x20, 0x0e, 0x00, 0x00, 0x0d, 0x01, 0x12, 0x00, 0x2f, 0x01, 0x01, 0x00,
    0x03, 0x00, 0x00, 0x00, 0x00, 0x40, 0x00, 0x00, 0x90, 0x50, 0x02, 0x00,
    0x0b, 0x01, 0x00, 0x00, 0x0c, 0x01, 0x00, 0x00, 0x01, 0x01, 0x00, 0x00,
    0x02, 0x01, 0x00, 0x00, 0x10, 0x40, 0x00, 0x00, 0xf0, 0xc6, 0x01, 0x00,
    0x21, 0x01, 0x00, 0x00, 0x20, 0x01, 0x00, 0x00, 0x20, 0x40, 0x00, 0x00,
    0xa0, 0x10, 0x00, 0x00, 0x21, 0x40, 0x00, 0x00, 0xf0, 0x00, 0x00, 0x00,
    0x22, 0x40, 0x00, 0x00, 0x20, 0x10, 0x00, 0x00, 0x0d, 0x01, 0x0a, 0x00,
    0x02, 0x00, 0x00, 0x00, 0x00, 0x40, 0x00, 0x00, 0x30, 0x54, 0x02, 0x00,
    0x10, 0x40, 0x00, 0x00, 0x90, 0xca, 0x01, 0x00, 0x2f, 0x01, 0x03, 0x00,
    0x02, 0x00, 0x00, 0x00, 0x00, 0x40, 0x00, 0x00, 0x10, 0x13, 0x02, 0x00,
    0x0b, 0x01, 0x02, 0x00, 0x0c, 0x01, 0x02, 0x00, 0x01, 0x01, 0x04, 0x00,
    0x02, 0x01, 0x04, 0x00, 0x10, 0x40, 0x00, 0x00, 0x90, 0x50, 0x02, 0x00,
    0x21, 0x01, 0x02, 0x00, 0x20, 0x01, 0x08, 0x00, 0x20, 0x40, 0x00, 0x00,
    0xa0, 0x0e, 0x00, 0x00, 0x21, 0x40, 0x00, 0x00, 0x80, 0x01, 0x00, 0x00,
    0x22, 0x40, 0x00, 0x00, 0x20, 0x0e, 0x00, 0x00, 0x0d, 0x01, 0x12, 0x00,
    0x03, 0x00, 0x00, 0x00, 0x00, 0x40, 0x00, 0x00, 0xb0, 0x16, 0x02, 0x00,
    0x10, 0x40, 0x00, 0x00, 0x30, 0x54, 0x02, 0x00, 0x03, 0x00, 0x00, 0x00,
    0x00, 0x40, 0x00, 0x00, 0x90, 0x50, 0x02, 0x00, 0x0b, 0x01, 0x00, 0x00,
    0x0c, 0x01, 0x00, 0x00, 0x01, 0x01, 0x00, 0x00, 0x02, 0x01, 0x00, 0x00,
    0x10, 0x40, 0x00, 0x00, 0xf0, 0xa9, 0x01, 0x00, 0x21, 0x01, 0x00, 0x00,
    0x20, 0x01, 0x00, 0x00, 0x20, 0x40, 0x00, 0x00, 0xa0, 0x10, 0x00, 0x00,
    0x21, 0x40, 0x00, 0x00, 0xf0, 0x00, 0x00, 0x00, 0x22, 0x40, 0x00, 0x00,
    0x20, 0x10, 0x00, 0x00, 0x0d, 0x01, 0x0a, 0x00, 0x2f, 0x01, 0x01, 0x00,
    0x02, 0x00, 0x00, 0x00, 0x00, 0x40, 0x00, 0x00, 0x30, 0x54, 0x02, 0x00,
    0x10, 0x40, 0x00, 0x00, 0x90, 0xad, 0x01, 0x00, 0x2f, 0x01, 0x03, 0x00,
    0x02, 0x00, 0x00, 0x00, 0x00, 0x40, 0x00, 0x00, 0x30, 0xb1, 0x01, 0x00,
    0x0b, 0x01, 0x04, 0x00, 0x0c, 0x01, 0x04, 0x00, 0x01, 0x01, 0x01, 0x00,
    0x02, 0x01, 0x01, 0x00, 0x10, 0x40, 0x00, 0x00, 0xd0, 0x57, 0x02, 0x00,
    0x21, 0x01, 0x04, 0x00, 0x20, 0x01, 0x02, 0x00, 0x20, 0x40, 0x00, 0x00,
    0x10, 0x12, 0x00, 0x00, 0x21, 0x40, 0x00, 0x00, 0xe0, 0x00, 0x00, 0x00,
    0x22, 0x40, 0x00, 0x00, 0x90, 0x11, 0x00, 0x00, 0x0d, 0x01, 0x12, 0x00,
    0x2f, 0x01, 0x01, 0x00, 0x03, 0x00, 0x00, 0x00, 0x00, 0x40, 0x00, 0x00,
    0xd0, 0xb4, 0x01, 0x00, 0x10, 0x40, 0x00, 0x00, 0x70, 0x5b, 0x02, 0x00,
    0x2f, 0x01, 0x03, 0x00, 0x03, 0x00, 0x00, 0x00, 0x00, 0x40, 0x00, 0x00,
    0xd0, 0x57, 0x02, 0x00, 0x0b, 0x01, 0x00, 0x00, 0x0c, 0x01, 0x00, 0x00,
    0x01, 0x01, 0x00, 0x00, 0x02, 0x01, 0x00, 0x00, 0x10, 0x40, 0x00, 0x00,
    0x10, 0x5f, 0x02, 0x00, 0x21, 0x01, 0x00, 0x00, 0x20, 0x01, 0x00, 0x00,
    0x20, 0x40, 0x00, 0x00, 0x70, 0x13, 0x00, 0x00, 0x21, 0x40, 0x00, 0x00,
    0x00, 0x01, 0x00, 0x00, 0x22, 0x40, 0x00, 0x00, 0xf0, 0x12, 0x00, 0x00,
    0x0d, 0x01, 0x0a, 0x00, 0x2f, 0x01, 0x01, 0x00, 0x02, 0x00, 0x00, 0x00,
    0x00, 0x40, 0x00, 0x00, 0x70, 0x5b, 0x02, 0x00, 0x10, 0x40, 0x00, 0x00,
    0xb0, 0x62, 0x02, 0x00, 0x2f, 0x01, 0x03, 0x00, 0x02, 0x00, 0x00, 0x00,
    0x00, 0x40, 0x00, 0x00, 0x10, 0x5f, 0x02, 0x00, 0x10, 0x40, 0x00, 0x00,
    0xf8, 0x09, 0x00, 0x00, 0x13, 0x01, 0x00, 0x00, 0x15, 0x40, 0x00, 0x00,
    0x3a, 0x00, 0x00, 0x00, 0x14, 0x40, 0x00, 0x00, 0x01, 0x00, 0x00, 0x00,
    0x16, 0x40, 0x00, 0x00, 0x01, 0x00, 0x00, 0x00, 0x18, 0x01, 0x75, 0x00,
    0x14, 0x01, 0x01, 0x00, 0x20, 0x40, 0x00, 0x00, 0x80, 0x14, 0x00, 0x00,
    0x21, 0x40, 0x00, 0x00, 0x40, 0x00, 0x00, 0x00, 0x22, 0x40, 0x00, 0x00,
    0x70, 0x14, 0x00, 0x00, 0x23, 0x40, 0x00, 0x00, 0x10, 0x00, 0x00, 0x00,
    0x17, 0x01, 0x07, 0x00, 0x2f, 0x01, 0x01, 0x00, 0x02, 0x00, 0x00, 0x00,
    0x00, 0x40, 0x00, 0x00, 0xb0, 0x62, 0x02, 0x00, 0x10, 0x40, 0x00, 0x00,
    0x32, 0x0a, 0x00, 0x00, 0x2f, 0x01, 0x03, 0x00, 0x02, 0x00, 0x00, 0x00,
    0x00, 0x40, 0x00, 0x00, 0x70, 0xb8, 0x01, 0x00, 0x0b, 0x01, 0x04, 0x00,
    0x0c, 0x01, 0x04, 0x00, 0x01, 0x01, 0x01, 0x00, 0x02, 0x01, 0x01, 0x00,
    0x10, 0x40, 0x00, 0x00, 0xd0, 0x57, 0x02, 0x00, 0x13, 0x01, 0x0b, 0x00,
    0x15, 0x40, 0x00, 0x00, 0xa0, 0x03, 0x00, 0x00, 0x14, 0x40, 0x00, 0x00,
    0x10, 0x00, 0x00, 0x00, 0x16, 0x40, 0x00, 0x00, 0xa0, 0x03, 0x00, 0x00,
    0x18, 0x01, 0x80, 0xff, 0x14, 0x01, 0x41, 0x00, 0x21, 0x01, 0x04, 0x00,
    0x20, 0x01, 0x02, 0x00, 0x20, 0x40, 0x00, 0x00, 0x10, 0x12, 0x00, 0x00,
    0x21, 0x40, 0x00, 0x00, 0xe0, 0x00, 0x00, 0x00, 0x22, 0x40, 0x00, 0x00,
    0x90, 0x11, 0x00, 0x00, 0x23, 0x40, 0x00, 0x00, 0x80, 0x00, 0x00, 0x00,
    0x17, 0x01, 0x0f, 0x00, 0x0d, 0x01, 0x12, 0x00, 0x03, 0x00, 0x00, 0x00,
    0x00, 0x40, 0x00, 0x00, 0x10, 0xbc, 0x01, 0x00, 0x10, 0x40, 0x00, 0x00,
    0x70, 0x5b, 0x02, 0x00, 0x03, 0x00, 0x00, 0x00, 0x00, 0x40, 0x00, 0x00,
    0xd0, 0x57, 0x02, 0x00, 0x0b, 0x01, 0x00, 0x00, 0x0c, 0x01, 0x00, 0x00,
    0x01, 0x01, 0x00, 0x00, 0x02, 0x01, 0x00, 0x00, 0x10, 0x40, 0x00, 0x00,
    0x10, 0x5f, 0x02, 0x00, 0x21, 0x01, 0x00, 0x00, 0x20, 0x01, 0x00, 0x00,
    0x20, 0x40, 0x00, 0x00, 0x70, 0x13, 0x00, 0x00, 0x21, 0x40, 0x00, 0x00,
    0x00, 0x01, 0x00, 0x00, 0x22, 0x40, 0x00, 0x00, 0xf0, 0x12, 0x00, 0x00,
    0x0d, 0x01, 0x0a, 0x00, 0x2f, 0x01, 0x01, 0x00, 0x02, 0x00, 0x00, 0x00,
    0x00, 0x40, 0x00, 0x00, 0x70, 0x5b, 0x02, 0x00, 0x10, 0x40, 0x00, 0x00,
    0xb0, 0x62, 0x02, 0x00, 0x2f, 0x01, 0x03, 0x00, 0x02, 0x00, 0x00, 0x00,
    0x00, 0x40, 0x00, 0x00, 0x10, 0x5f, 0x02, 0x00, 0x10, 0x40, 0x00, 0x00,
    0x6c, 0x0a, 0x00, 0x00, 0x13, 0x01, 0x00, 0x00, 0x15, 0x40, 0x00, 0x00,
    0x3a, 0x00, 0x00, 0x00, 0x14, 0x40, 0x00, 0x00, 0x01, 0x00, 0x00, 0x00,
    0x16, 0x40, 0x00, 0x00, 0x01, 0x00, 0x00, 0x00, 0x18, 0x01, 0x75, 0x00,
    0x14, 0x01, 0x01, 0x00, 0x20, 0x40, 0x00, 0x00, 0x80, 0x14, 0x00, 0x00,
    0x21, 0x40, 0x00, 0x00, 0x40, 0x00, 0x00, 0x00, 0x22, 0x40, 0x00, 0x00,
    0x70, 0x14, 0x00, 0x00, 0x23, 0x40, 0x00, 0x00, 0x10, 0x00, 0x00, 0x00,
    0x17, 0x01, 0x07, 0x00, 0x2f, 0x01, 0x01, 0x00, 0x02, 0x00, 0x00, 0x00,
    0x00, 0x40, 0x00, 0x00, 0xb0, 0x62, 0x02, 0x00, 0x10, 0x40, 0x00, 0x00,
    0xa6, 0x0a, 0x00, 0x00, 0x2f, 0x01, 0x03, 0x00, 0x02, 0x00, 0x00, 0x00,
    0x00, 0x40, 0x00, 0x00, 0xb0, 0xbf, 0x01, 0x00, 0x02, 0x40, 0x00, 0x00,
    0xf0, 0xa9, 0x01, 0x00, 0x0b, 0x01, 0x03, 0x00, 0x0c, 0x01, 0x03, 0x00,
    0x01, 0x01, 0x01, 0x00, 0x02, 0x01, 0x01, 0x00, 0x10, 0x40, 0x00, 0x00,
    0xd0, 0x57, 0x02, 0x00, 0x13, 0x01, 0x0b, 0x00, 0x15, 0x40, 0x00, 0x00,
    0xa0, 0x03, 0x00, 0x00, 0x14, 0x40, 0x00, 0x00, 0x10, 0x00, 0x00, 0x00,
    0x16, 0x40, 0x00, 0x00, 0xa0, 0x03, 0x00, 0x00, 0x18, 0x01, 0x80, 0xff,
    0x14, 0x01, 0x41, 0x00, 0x21, 0x01, 0x04, 0x00, 0x20, 0x01, 0x02, 0x00,
    0x20, 0x40, 0x00, 0x00, 0x10, 0x12, 0x00, 0x00, 0x21, 0x40, 0x00, 0x00,
    0xe0, 0x00, 0x00, 0x00, 0x22, 0x40, 0x00, 0x00, 0x90, 0x11, 0x00, 0x00,
    0x23, 0x40, 0x00, 0x00, 0x80, 0x00, 0x00, 0x00, 0x17, 0x01, 0x0f, 0x00,
    0x0d, 0x01, 0x12, 0x00, 0x03, 0x00, 0x00, 0x00, 0x00, 0x40, 0x00, 0x00,
    0x50, 0xc3, 0x01, 0x00, 0x0b, 0x01, 0x02, 0x00, 0x0c, 0x01, 0x02, 0x00,
    0x10, 0x40, 0x00, 0x00, 0x70, 0x5b, 0x02, 0x00, 0x03, 0x00, 0x00, 0x00,
    0x00, 0x40, 0x00, 0x00, 0xd0, 0x57, 0x02, 0x00, 0x02, 0x40, 0x00, 0x00,
    0x00, 0x00, 0x00, 0x00, 0x0b, 0x01, 0x00, 0x00, 0x0c, 0x01, 0x00, 0x00,
    0x01, 0x01, 0x00, 0x00, 0x02, 0x01, 0x00, 0x00, 0x10, 0x40, 0x00, 0x00,
    0x10, 0x5f, 0x02, 0x00, 0x21, 0x01, 0x00, 0x00, 0x20, 0x01, 0x00, 0x00,
    0x20, 0x40, 0x00, 0x00, 0x70, 0x13, 0x00, 0x00, 0x21, 0x40, 0x00, 0x00,
    0x00, 0x01, 0x00, 0x00, 0x22, 0x40, 0x00, 0x00, 0xf0, 0x12, 0x00, 0x00,
    0x0d, 0x01, 0x0a, 0x00, 0x2f, 0x01, 0x01, 0x00, 0x02, 0x00, 0x00, 0x00,
    0x00, 0x40, 0x00, 0x00, 0x70, 0x5b, 0x02, 0x00, 0x10, 0x40, 0x00, 0x00,
    0xb0, 0x62, 0x02, 0x00, 0x2f, 0x01, 0x03, 0x00, 0x02, 0x00, 0x00, 0x00,
    0x00, 0x40, 0x00, 0x00, 0x10, 0x5f, 0x02, 0x00, 0x10, 0x40, 0x00, 0x00,
    0xe0, 0x0a, 0x00, 0x00, 0x13, 0x01, 0x00, 0x00, 0x15, 0x40, 0x00, 0x00,
    0x3a, 0x00, 0x00, 0x00, 0x14, 0x40, 0x00, 0x00, 0x01, 0x00, 0x00, 0x00,
    0x16, 0x40, 0x00, 0x00, 0x01, 0x00, 0x00, 0x00, 0x18, 0x01, 0x75, 0x00,
    0x14, 0x01, 0x01, 0x00, 0x20, 0x40, 0x00, 0x00, 0x80, 0x14, 0x00, 0x00,
    0x21, 0x40, 0x00, 0x00, 0x40, 0x00, 0x00, 0x00, 0x22, 0x40, 0x00, 0x00,
    0x70, 0x14, 0x00, 0x00, 0x23, 0x40, 0x00, 0x00, 0x10, 0x00, 0x00, 0x00,
    0x17, 0x01, 0x07, 0x00, 0x2f, 0x01, 0x01, 0x00, 0x02, 0x00, 0x00, 0x00,
    0x00, 0x40, 0x00, 0x00, 0xb0, 0x62, 0x02, 0x00, 0x10, 0x40, 0x00, 0x00,
    0x1a, 0x0b, 0x00, 0x00, 0x2f, 0x01, 0x03, 0x00, 0x02, 0x00, 0x00, 0x00,
    0x00, 0x40, 0x00, 0x00, 0x50, 0x1a, 0x02, 0x00, 0x0b, 0x01, 0x02, 0x00,
    0x0c, 0x01, 0x02, 0x00, 0x01, 0x01, 0x04, 0x00, 0x02, 0x01, 0x04, 0x00,
    0x10, 0x40, 0x00, 0x00, 0x90, 0x50, 0x02, 0x00, 0x13, 0x01, 0x0b, 0x00,
    0x15, 0x40, 0x00, 0x00, 0xa0, 0x03, 0x00, 0x00, 0x14, 0x40, 0x00, 0x00,
    0x10, 0x00, 0x00, 0x00, 0x16, 0x40, 0x00, 0x00, 0xa0, 0x03, 0x00, 0x00,
    0x18, 0x01, 0x80, 0xff, 0x14, 0x01, 0x41, 0x00, 0x21, 0x01, 0x02, 0x00,
    0x20, 0x01, 0x08, 0x00, 0x20, 0x40, 0x00, 0x00, 0xa0, 0x0e, 0x00, 0x00,
    0x21, 0x40, 0x00, 0x00, 0x80, 0x01, 0x00, 0x00, 0x22, 0x40, 0x00, 0x00,
    0x20, 0x0e, 0x00, 0x00, 0x23, 0x40, 0x00, 0x00, 0x80, 0x00, 0x00, 0x00,
    0x17, 0x01, 0x0f, 0x00, 0x0d, 0x01, 0x12, 0x00, 0x03, 0x00, 0x00, 0x00,
    0x00, 0x40, 0x00, 0x00, 0xd0, 0x0b, 0x02, 0x00, 0x02, 0x40, 0x00, 0x00,
    0xb0, 0xf9, 0x01, 0x00, 0x0b, 0x01, 0x00, 0x00, 0x0c, 0x01, 0x00, 0x00,
    0x01, 0x01, 0x03, 0x00, 0x02, 0x01, 0x03, 0x00, 0x10, 0x40, 0x00, 0x00,
    0x50, 0x49, 0x02, 0x00, 0x20, 0x01, 0x06, 0x00, 0x20, 0x40, 0x00, 0x00,
    0x60, 0x0b, 0x00, 0x00, 0x21, 0x40, 0x00, 0x00, 0x40, 0x01, 0x00, 0x00,
    0x22, 0x40, 0x00, 0x00, 0xe0, 0x0a, 0x00, 0x00, 0x0d, 0x01, 0x0a, 0x00,
    0x03, 0x00, 0x00, 0x00, 0x00, 0x40, 0x00, 0x00, 0xb0, 0xf9, 0x01, 0x00,
    0x02, 0x40, 0x00, 0x00, 0x00, 0x00, 0x00, 0x00, 0x0b, 0x01, 0x02, 0x00,
    0x0c, 0x01, 0x02, 0x00, 0x10, 0x40, 0x00, 0x00, 0xf0, 0x4c, 0x02, 0x00,
    0x03, 0x00, 0x00, 0x00, 0x00, 0x40, 0x00, 0x00, 0x50, 0x49, 0x02, 0x00,
    0x0b, 0x01, 0x00, 0x00, 0x0c, 0x01, 0x00, 0x00, 0x01, 0x01, 0x00, 0x00,
    0x02, 0x01, 0x00, 0x00, 0x10, 0x40, 0x00, 0x00, 0x70, 0x0f, 0x02, 0x00,
    0x21, 0x01, 0x00, 0x00, 0x20, 0x01, 0x00, 0x00, 0x20, 0x40, 0x00, 0x00,
    0x20, 0x0d, 0x00, 0x00, 0x21, 0x40, 0x00, 0x00, 0x00, 0x01, 0x00, 0x00,
    0x22, 0x40, 0x00, 0x00, 0xa0, 0x0c, 0x00, 0x00, 0x2f, 0x01, 0x01, 0x00,
    0x02, 0x00, 0x00, 0x00, 0x00, 0x40, 0x00, 0x00, 0xf0, 0x4c, 0x02, 0x00,
    0x10, 0x40, 0x00, 0x00, 0x10, 0x13, 0x02, 0x00, 0x2f, 0x01, 0x03, 0x00,
    0x02, 0x00, 0x00, 0x00, 0x00, 0x40, 0x00, 0x00, 0x50, 0xfd, 0x01, 0x00,
    0x0b, 0x01, 0x02, 0x00, 0x0c, 0x01, 0x02, 0x00, 0x01, 0x01, 0x03, 0x00,
    0x02, 0x01, 0x03, 0x00, 0x10, 0x40, 0x00, 0x00, 0x50, 0x49, 0x02, 0x00,
    0x21, 0x01, 0x02, 0x00, 0x20, 0x01, 0x06, 0x00, 0x20, 0x40, 0x00, 0x00,
    0x60, 0x0b, 0x00, 0x00, 0x21, 0x40, 0x00, 0x00, 0x40, 0x01, 0x00, 0x00,
    0x22, 0x40, 0x00, 0x00, 0xe0, 0x0a, 0x00, 0x00, 0x03, 0x00, 0x00, 0x00,
    0x00, 0x40, 0x00, 0x00, 0x70, 0x9b, 0x01, 0x00, 0x02, 0x40, 0x00, 0x00,
    0xb0, 0x85, 0x01, 0x00, 0x0b, 0x01, 0x03, 0x00, 0x0c, 0x01, 0x03, 0x00,
    0x01, 0x01, 0x01, 0x00, 0x02, 0x01, 0x01, 0x00, 0x10, 0x40, 0x00, 0x00,
    0x10, 0x42, 0x02, 0x00, 0x21, 0x01, 0x04, 0x00, 0x20, 0x01, 0x02, 0x00,
    0x20, 0x40, 0x00, 0x00, 0x80, 0x08, 0x00, 0x00, 0x21, 0x40, 0x00, 0x00,
    0xe0, 0x00, 0x00, 0x00, 0x22, 0x40, 0x00, 0x00, 0x00, 0x08, 0x00, 0x00,
    0x0d, 0x01, 0x12, 0x00, 0x03, 0x00, 0x00, 0x00, 0x00, 0x40, 0x00, 0x00,
    0x10, 0x9f, 0x01, 0x00, 0x0b, 0x01, 0x02, 0x00, 0x0c, 0x01, 0x02, 0x00,
    0x10, 0x40, 0x00, 0x00, 0xb0, 0x45, 0x02, 0x00, 0x03, 0x00, 0x00, 0x00,
    0x00, 0x40, 0x00, 0x00, 0x10, 0x42, 0x02, 0x00, 0x02, 0x40, 0x00, 0x00,
    0x00, 0x00, 0x00, 0x00, 0x0b, 0x01, 0x00, 0x00, 0x0c, 0x01, 0x00, 0x00,
    0x01, 0x01, 0x00, 0x00, 0x02, 0x01, 0x00, 0x00, 0x10, 0x40, 0x00, 0x00,
    0x30, 0x08, 0x02, 0x00, 0x21, 0x01, 0x00, 0x00, 0x20, 0x01, 0x00, 0x00,
    0x20, 0x40, 0x00, 0x00, 0xe0, 0x09, 0x00, 0x00, 0x21, 0x40, 0x00, 0x00,
    0x00, 0x01, 0x00, 0x00, 0x22, 0x40, 0x00, 0x00, 0x60, 0x09, 0x00, 0x00,
    0x0d, 0x01, 0x0a, 0x00, 0x2f, 0x01, 0x01, 0x00, 0x02, 0x00, 0x00, 0x00,
    0x00, 0x40, 0x00, 0x00, 0xb0, 0x45, 0x02, 0x00, 0x10, 0x40, 0x00, 0x00,
    0xd0, 0x0b, 0x02, 0x00, 0x2f, 0x01, 0x03, 0x00, 0x02, 0x00, 0x00, 0x00,
    0x00, 0x40, 0x00, 0x00, 0xb0, 0xa2, 0x01, 0x00, 0x02, 0x40, 0x00, 0x00,
    0xb0, 0x85, 0x01, 0x00, 0x0b, 0x01, 0x01, 0x00, 0x0c, 0x01, 0x01, 0x00,
    0x01, 0x01, 0x01, 0x00, 0x02, 0x01, 0x01, 0x00, 0x10, 0x40, 0x00, 0x00,
    0x10, 0x42, 0x02, 0x00, 0x21, 0x01, 0x04, 0x00, 0x20, 0x01, 0x02, 0x00,
    0x20, 0x40, 0x00, 0x00, 0x80, 0x08, 0x00, 0x00, 0x21, 0x40, 0x00, 0x00,
    0xe0, 0x00, 0x00, 0x00, 0x22, 0x40, 0x00, 0x00, 0x00, 0x08, 0x00, 0x00,
    0x0d, 0x01, 0x12, 0x00, 0x03, 0x00, 0x00, 0x00, 0x00, 0x40, 0x00, 0x00,
    0x50, 0xa6, 0x01, 0x00, 0x0b, 0x01, 0x00, 0x00, 0x0c, 0x01, 0x00, 0x00,
    0x10, 0x40, 0x00, 0x00, 0xb0, 0x45, 0x02, 0x00, 0x03, 0x00, 0x00, 0x00,
    0x00, 0x40, 0x00, 0x00, 0x10, 0x42, 0x02, 0x00, 0x02, 0x40, 0x00, 0x00,
    0x00, 0x00, 0x00, 0x00, 0x01, 0x01, 0x00, 0x00, 0x02, 0x01, 0x00, 0x00,
    0x10, 0x40, 0x00, 0x00, 0xb0, 0xf9, 0x01, 0x00, 0x21, 0x01, 0x00, 0x00,
    0x20, 0x01, 0x00, 0x00, 0x20, 0x40, 0x00, 0x00, 0xe0, 0x09, 0x00, 0x00,
    0x21, 0x40, 0x00, 0x00, 0x00, 0x01, 0x00, 0x00, 0x22, 0x40, 0x00, 0x00,
    0x60, 0x09, 0x00, 0x00, 0x0d, 0x01, 0x0a, 0x00, 0x2f, 0x01, 0x01, 0x00,
    0x02, 0x00, 0x00, 0x00, 0x00, 0x40, 0x00, 0x00, 0xb0, 0x45, 0x02, 0x00,
    0x10, 0x40, 0x00, 0x00, 0x50, 0xfd, 0x01, 0x00, 0x2f, 0x01, 0x03, 0x00,
    0x02, 0x00, 0x00, 0x00, 0x00, 0x40, 0x00, 0x00, 0xf0, 0x00, 0x02, 0x00,
    0x0b, 0x01, 0x02, 0x00, 0x0c, 0x01, 0x02, 0x00, 0x01, 0x01, 0x03, 0x00,
    0x02, 0x01, 0x03, 0x00, 0x10, 0x40, 0x00, 0x00, 0xf0, 0x4c, 0x02, 0x00,
    0x21, 0x01, 0x02, 0x00, 0x20, 0x01, 0x06, 0x00, 0x20, 0x40, 0x00, 0x00,
    0x60, 0x0b, 0x00, 0x00, 0x21, 0x40, 0x00, 0x00, 0x40, 0x01, 0x00, 0x00,
    0x22, 0x40, 0x00, 0x00, 0xe0, 0x0a, 0x00, 0x00, 0x2f, 0x01, 0x01, 0x00,
    0x03, 0x00, 0x00, 0x00, 0x00, 0x40, 0x00, 0x00, 0x50, 0x49, 0x02, 0x00,
    0x0b, 0x01, 0x00, 0x00, 0x0c, 0x01, 0x00, 0x00, 0x01, 0x01, 0x00, 0x00,
    0x02, 0x01, 0x00, 0x00, 0x10, 0x40, 0x00, 0x00, 0xb0, 0x16, 0x02, 0x00,
    0x21, 0x01, 0x00, 0x00, 0x20, 0x01, 0x00, 0x00, 0x20, 0x40, 0x00, 0x00,
    0x20, 0x0d, 0x00, 0x00, 0x21, 0x40, 0x00, 0x00, 0x00, 0x01, 0x00, 0x00,
    0x22, 0x40, 0x00, 0x00, 0xa0, 0x0c, 0x00, 0x00, 0x02, 0x00, 0x00, 0x00,
    0x00, 0x40, 0x00, 0x00, 0xf0, 0x4c, 0x02, 0x00, 0x10, 0x40, 0x00, 0x00,
    0x50, 0x1a, 0x02, 0x00, 0x2f, 0x01, 0x03, 0x00, 0x02, 0x00, 0x00, 0x00,
    0x00, 0x40, 0x00, 0x00, 0xf0, 0x1d, 0x02, 0x00, 0x02, 0x40, 0x00, 0x00,
    0x70, 0x0f, 0x02, 0x00, 0x0b, 0x01, 0x01, 0x00, 0x0c, 0x01, 0x01, 0x00,
    0x01, 0x01, 0x04, 0x00, 0x02, 0x01, 0x04, 0x00, 0x10, 0x40, 0x00, 0x00,
    0x30, 0x54, 0x02, 0x00, 0x21, 0x01, 0x02, 0x00, 0x20, 0x01, 0x08, 0x00,
    0x20, 0x40, 0x00, 0x00, 0xa0, 0x0e, 0x00, 0x00, 0x21, 0x40, 0x00, 0x00,
    0x80, 0x01, 0x00, 0x00, 0x22, 0x40, 0x00, 0x00, 0x20, 0x0e, 0x00, 0x00,
    0x0d, 0x01, 0x12, 0x00, 0x2f, 0x01, 0x01, 0x00, 0x03, 0x00, 0x00, 0x00,
    0x00, 0x40, 0x00, 0x00, 0x90, 0x50, 0x02, 0x00, 0x02, 0x40, 0x00, 0x00,
    0x00, 0x00, 0x00, 0x00, 0x0b, 0x01, 0x00, 0x00, 0x0c, 0x01, 0x00, 0x00,
    0x01, 0x01, 0x00, 0x00, 0x02, 0x01, 0x00, 0x00, 0x10, 0x40, 0x00, 0x00,
    0x30, 0xb1, 0x01, 0x00, 0x21, 0x01, 0x00, 0x00, 0x20, 0x01, 0x00, 0x00,
    0x20, 0x40, 0x00, 0x00, 0xa0, 0x10, 0x00, 0x00, 0x21, 0x40, 0x00, 0x00,
    0xf0, 0x00, 0x00, 0x00, 0x22, 0x40, 0x00, 0x00, 0x20, 0x10, 0x00, 0x00,
    0x0d, 0x01, 0x0a, 0x00, 0x02, 0x00, 0x00, 0x00, 0x00, 0x40, 0x00, 0x00,
    0x30, 0x54, 0x02, 0x00, 0x10, 0x40, 0x00, 0x00, 0xd0, 0xb4, 0x01, 0x00,
    0x2f, 0x01, 0x03, 0x00, 0x02, 0x00, 0x00, 0x00, 0x00, 0x40, 0x00, 0x00,
    0x90, 0x21, 0x02, 0x00, 0x02, 0x40, 0x00, 0x00, 0x70, 0x0f, 0x02, 0x00,
    0x01, 0x01, 0x04, 0x00, 0x02, 0x01, 0x04, 0x00, 0x10, 0x40, 0x00, 0x00,
    0x90, 0x50, 0x02, 0x00, 0x21, 0x01, 0x02, 0x00, 0x20, 0x01, 0x08, 0x00,
    0x20, 0x40, 0x00, 0x00, 0xa0, 0x0e, 0x00, 0x00, 0x21, 0x40, 0x00, 0x00,
    0x80, 0x01, 0x00, 0x00, 0x22, 0x40, 0x00, 0x00, 0x20, 0x0e, 0x00, 0x00,
    0x0d, 0x01, 0x12, 0x00, 0x03, 0x00, 0x00, 0x00, 0x00, 0x40, 0x00, 0x00,
    0x70, 0x0f, 0x02, 0x00, 0x02, 0x40, 0x00, 0x00, 0x00, 0x00, 0x00, 0x00,
    0x0b, 0x01, 0x02, 0x00, 0x0c, 0x01, 0x02, 0x00, 0x10, 0x40, 0x00, 0x00,
    0x30, 0x54, 0x02, 0x00, 0x03, 0x00, 0x00, 0x00, 0x00, 0x40, 0x00, 0x00,
    0x90, 0x50, 0x02, 0x00, 0x0b, 0x01, 0x00, 0x00, 0x0c, 0x01, 0x00, 0x00,
    0x01, 0x01, 0x00, 0x00, 0x02, 0x01, 0x00, 0x00, 0x10, 0x40, 0x00, 0x00,
    0x70, 0xb8, 0x01, 0x00, 0x21, 0x01, 0x00, 0x00, 0x20, 0x01, 0x00, 0x00,
    0x20, 0x40, 0x00, 0x00, 0xa0, 0x10, 0x00, 0x00, 0x21, 0x40, 0x00, 0x00,
    0xf0, 0x00, 0x00, 0x00, 0x22, 0x40, 0x00, 0x00, 0x20, 0x10, 0x00, 0x00,
    0x0d, 0x01, 0x0a, 0x00, 0x2f, 0x01, 0x01, 0x00, 0x02, 0x00, 0x00, 0x00,
    0x00, 0x40, 0x00, 0x00, 0x30, 0x54, 0x02, 0x00, 0x10, 0x40, 0x00, 0x00,
    0x10, 0xbc, 0x01, 0x00, 0x2f, 0x01, 0x03, 0x00, 0x02, 0x00, 0x00, 0x00,
    0x00, 0x40, 0x00, 0x00, 0x10, 0x13, 0x02, 0x00, 0x0b, 0x01, 0x02, 0x00,
    0x0c, 0x01, 0x02, 0x00, 0x01, 0x01, 0x04, 0x00, 0x02, 0x01, 0x04, 0x00,
    0x10, 0x40, 0x00, 0x00, 0x90, 0x50, 0x02, 0x00, 0x21, 0x01, 0x02, 0x00,
    0x20, 0x01, 0x08, 0x00, 0x20, 0x40, 0x00, 0x00, 0xa0, 0x0e, 0x00, 0x00,
    0x21, 0x40, 0x00, 0x00, 0x80, 0x01, 0x00, 0x00, 0x22, 0x40, 0x00, 0x00,
    0x20, 0x0e, 0x00, 0x00, 0x0d, 0x01, 0x12, 0x00, 0x03, 0x00, 0x00, 0x00,
    0x00, 0x40, 0x00, 0x00, 0x90, 0x04, 0x02, 0x00, 0x01, 0x01, 0x03, 0x00,
    0x02, 0x01, 0x03, 0x00, 0x10, 0x40, 0x00, 0x00, 0x50, 0x49, 0x02, 0x00,
    0x20, 0x01, 0x06, 0x00, 0x20, 0x40, 0x00, 0x00, 0x60, 0x0b, 0x00, 0x00,
    0x21, 0x40, 0x00, 0x00, 0x40, 0x01, 0x00, 0x00, 0x22, 0x40, 0x00, 0x00,
    0xe0, 0x0a, 0x00, 0x00, 0x0d, 0x01, 0x0a, 0x00, 0x03, 0x00, 0x00, 0x00,
    0x00, 0x40, 0x00, 0x00, 0x30, 0x08, 0x02, 0x00, 0x02, 0x40, 0x00, 0x00,
    0xb0, 0xf9, 0x01, 0x00, 0x0b, 0x01, 0x01, 0x00, 0x0c, 0x01, 0x01, 0x00,
    0x10, 0x40, 0x00, 0x00, 0xf0, 0x4c, 0x02, 0x00, 0x03, 0x00, 0x00, 0x00,
    0x00, 0x40, 0x00, 0x00, 0x50, 0x49, 0x02, 0x00, 0x02, 0x40, 0x00, 0x00,
    0x00, 0x00, 0x00, 0x00, 0x0b, 0x01, 0x00, 0x00, 0x0c, 0x01, 0x00, 0x00,
    0x01, 0x01, 0x00, 0x00, 0x02, 0x01, 0x00, 0x00, 0x10, 0x40, 0x00, 0x00,
    0xf0, 0x1d, 0x02, 0x00, 0x21, 0x01, 0x00, 0x00, 0x20, 0x01, 0x00, 0x00,
    0x20, 0x40, 0x00, 0x00, 0x20, 0x0d, 0x00, 0x00, 0x21, 0x40, 0x00, 0x00,
    0x00, 0x01, 0x00, 0x00, 0x22, 0x40, 0x00, 0x00, 0xa0, 0x0c, 0x00, 0x00,
    0x2f, 0x01, 0x01, 0x00, 0x02, 0x00, 0x00, 0x00, 0x00, 0x40, 0x00, 0x00,
    0xf0, 0x4c, 0x02, 0x00, 0x10, 0x40, 0x00, 0x00, 0x90, 0x21, 0x02, 0x00,
    0x2f, 0x01, 0x03, 0x00, 0x02, 0x00, 0x00, 0x00, 0x00, 0x40, 0x00, 0x00,
    0xd0, 0x0b, 0x02, 0x00, 0x02, 0x40, 0x00, 0x00, 0xb0, 0xf9, 0x01, 0x00,
    0x01, 0x01, 0x03, 0x00, 0x02, 0x01, 0x03, 0x00, 0x10, 0x40, 0x00, 0x00,
    0x50, 0x49, 0x02, 0x00, 0x21, 0x01, 0x02, 0x00, 0x20, 0x01, 0x06, 0x00,
    0x20, 0x40, 0x00, 0x00, 0x60, 0x0b, 0x00, 0x00, 0x21, 0x40, 0x00, 0x00,
    0x40, 0x01, 0x00, 0x00, 0x22, 0x40, 0x00, 0x00, 0xe0, 0x0a, 0x00, 0x00,
    0x03, 0x00, 0x00, 0x00, 0x00, 0x40, 0x00, 0x00, 0xd0, 0xee, 0x01, 0x00,
    0x02, 0x40, 0x00, 0x00, 0x00, 0x00, 0x00, 0x00, 0x0b, 0x01, 0x02, 0x00,
    0x0c, 0x01, 0x02, 0x00, 0x01, 0x01, 0x04, 0x00, 0x02, 0x01, 0x04, 0x00,
    0x10, 0x40, 0x00, 0x00, 0xd0, 0x3a, 0x02, 0x00, 0x20, 0x01, 0x08, 0x00,
    0x20, 0x40, 0x00, 0x00, 0xf0, 0x04, 0x00, 0x00, 0x21, 0x40, 0x00, 0x00,
    0x90, 0x01, 0x00, 0x00, 0x22, 0x40, 0x00, 0x00, 0x70, 0x04, 0x00, 0x00,
    0x0d, 0x01, 0x12, 0x00, 0x03, 0x00, 0x00, 0x00, 0x00, 0x40, 0x00, 0x00,
    0x50, 0xe0, 0x01, 0x00, 0x02, 0x40, 0x00, 0x00, 0x30, 0xce, 0x01, 0x00,
    0x0b, 0x01, 0x00, 0x00, 0x0c, 0x01, 0x00, 0x00, 0x01, 0x01, 0x03, 0x00,
    0x02, 0x01, 0x03, 0x00, 0x10, 0x40, 0x00, 0x00, 0x90, 0x33, 0x02, 0x00,
    0x20, 0x01, 0x06, 0x00, 0x20, 0x40, 0x00, 0x00, 0xe0, 0x01, 0x00, 0x00,
    0x21, 0x40, 0x00, 0x00, 0x30, 0x01, 0x00, 0x00, 0x22, 0x40, 0x00, 0x00,
    0x60, 0x01, 0x00, 0x00, 0x0d, 0x01, 0x0a, 0x00, 0x03, 0x00, 0x00, 0x00,
    0x00, 0x40, 0x00, 0x00, 0x30, 0xce, 0x01, 0x00, 0x02, 0x40, 0x00, 0x00,
    0x00, 0x00, 0x00, 0x00, 0x0b, 0x01, 0x02, 0x00, 0x0c, 0x01, 0x02, 0x00,
    0x10, 0x40, 0x00, 0x00, 0x30, 0x37, 0x02, 0x00, 0x03, 0x00, 0x00, 0x00,
    0x00, 0x40, 0x00, 0x00, 0x90, 0x33, 0x02, 0x00, 0x0b, 0x01, 0x00, 0x00,
    0x0c, 0x01, 0x00, 0x00, 0x01, 0x01, 0x00, 0x00, 0x02, 0x01, 0x00, 0x00,
    0x10, 0x40, 0x00, 0x00, 0xf0, 0xe3, 0x01, 0x00, 0x21, 0x01, 0x00, 0x00,
    0x20, 0x01, 0x00, 0x00, 0x20, 0x40, 0x00, 0x00, 0x90, 0x03, 0x00, 0x00,
    0x21, 0x40, 0x00, 0x00, 0xe0, 0x00, 0x00, 0x00, 0x22, 0x40, 0x00, 0x00,
    0x10, 0x03, 0x00, 0x00, 0x2f, 0x01, 0x01, 0x00, 0x02, 0x00, 0x00, 0x00,
    0x00, 0x40, 0x00, 0x00, 0x30, 0x37, 0x02, 0x00, 0x10, 0x40, 0x00, 0x00,
    0x90, 0xe7, 0x01, 0x00, 0x2f, 0x01, 0x03, 0x00, 0x02, 0x00, 0x00, 0x00,
    0x00, 0x40, 0x00, 0x00, 0xd0, 0xd1, 0x01, 0x00, 0x0b, 0x01, 0x02, 0x00,
    0x0c, 0x01, 0x02, 0x00, 0x01, 0x01, 0x03, 0x00, 0x02, 0x01, 0x03, 0x00,
    0x10, 0x40, 0x00, 0x00, 0x90, 0x33, 0x02, 0x00, 0x21, 0x01, 0x02, 0x00,
    0x20, 0x01, 0x06, 0x00, 0x20, 0x40, 0x00, 0x00, 0xe0, 0x01, 0x00, 0x00,
    0x21, 0x40, 0x00, 0x00, 0x30, 0x01, 0x00, 0x00, 0x22, 0x40, 0x00, 0x00,
    0x60, 0x01, 0x00, 0x00, 0x03, 0x00, 0x00, 0x00, 0x00, 0x40, 0x00, 0x00,
    0xb0, 0x12, 0x01, 0x00, 0x0b, 0x01, 0x01, 0x00, 0x0c, 0x01, 0x01, 0x00,
    0x0a, 0x01, 0x72, 0x00, 0x04, 0x01, 0x03, 0x00, 0x05, 0x40, 0x00, 0x00,
    0xcc, 0x01, 0x00, 0x00, 0x04, 0x40, 0x00, 0x00, 0x04, 0x00, 0x00, 0x00,
    0x06, 0x40, 0x00, 0x00, 0x01, 0x00, 0x00, 0x00, 0x09, 0x01, 0x00, 0x00,
    0x05, 0x01, 0x01, 0x00, 0x01, 0x01, 0x00, 0x00, 0x02, 0x01, 0x00, 0x00,
    0x10, 0x40, 0x00, 0x00, 0x30, 0x25, 0x02, 0x00, 0x11, 0x01, 0x72, 0x00,
    0x1a, 0x01, 0x72, 0x00, 0x13, 0x01, 0x03, 0x00, 0x15, 0x40, 0x00, 0x00,
    0x30, 0x07, 0x00, 0x00, 0x16, 0x40, 0x00, 0x00, 0x30, 0x07, 0x00, 0x00,
    0x18, 0x01, 0x00, 0x00, 0x14, 0x01, 0x41, 0x81, 0x21, 0x01, 0x01, 0x00,
    0x20, 0x01, 0x00, 0x00, 0x22, 0x01, 0x02, 0x00, 0x15, 0x01, 0x15, 0x00,
    0x17, 0x01, 0x07, 0x00, 0x05, 0x00, 0x01, 0x00, 0x00, 0x40, 0x00, 0x00,
    0x48, 0x16, 0x01, 0x00, 0x10, 0x40, 0x00, 0x00, 0x60, 0x2c, 0x02, 0x00,
    0x05, 0x00, 0x01, 0x00, 0x00, 0x40, 0x00, 0x00, 0x30, 0x25, 0x02, 0x00,
    0x0b, 0x01, 0x00, 0x00, 0x0c, 0x01, 0x00, 0x00, 0x05, 0x40, 0x00, 0x00,
    0x30, 0x07, 0x00, 0x00, 0x04, 0x40, 0x00, 0x00, 0x10, 0x00, 0x00, 0x00,
    0x06, 0x40, 0x00, 0x00, 0x30, 0x07, 0x00, 0x00, 0x05, 0x01, 0x41, 0x00,
    0x01, 0x01, 0x01, 0x00, 0x02, 0x01, 0x01, 0x00, 0x10, 0x40, 0x00, 0x00,
    0xb0, 0xdc, 0x01, 0x00, 0x11, 0x01, 0x39, 0x00, 0x1a, 0x01, 0x39, 0x00,
    0x13, 0x01, 0x0b, 0x00, 0x15, 0x40, 0x00, 0x00, 0xa0, 0x03, 0x00, 0x00,
    0x16, 0x40, 0x00, 0x00, 0xa0, 0x03, 0x00, 0x00, 0x18, 0x01, 0x80, 0xff,
    0x14, 0x01, 0x41, 0x00, 0x21, 0x01, 0x00, 0x00, 0x20, 0x01, 0x02, 0x00,
    0x22, 0x01, 0x05, 0x00, 0x20, 0x40, 0x00, 0x00, 0x80, 0x00, 0x00, 0x00,
    0x21, 0x40, 0x00, 0x00, 0xe0, 0x00, 0x00, 0x00, 0x22, 0x40, 0x00, 0x00,
    0x00, 0x00, 0x00, 0x00, 0x15, 0x01, 0x39, 0x00, 0x17, 0x01, 0x0f, 0x00,
    0x2f, 0x01, 0x01, 0x00, 0x02, 0x00, 0x00, 0x00, 0x00, 0x40, 0x00, 0x00,
    0x60, 0x2c, 0x02, 0x00, 0x10, 0x40, 0x00, 0x00, 0x50, 0xe0, 0x01, 0x00,
    0x2f, 0x01, 0x03, 0x00, 0x02, 0x00, 0x00, 0x00, 0x00, 0x40, 0x00, 0x00,
    0xe0, 0x19, 0x01, 0x00, 0x0b, 0x01, 0x01, 0x00, 0x0c, 0x01, 0x01, 0x00,
    0x05, 0x40, 0x00, 0x00, 0xcc, 0x01, 0x00, 0x00, 0x04, 0x40, 0x00, 0x00,
    0x04, 0x00, 0x00, 0x00, 0x06, 0x40, 0x00, 0x00, 0x01, 0x00, 0x00, 0x00,
    0x05, 0x01, 0x01, 0x00, 0x01, 0x01, 0x00, 0x00, 0x02, 0x01, 0x00, 0x00,
    0x10, 0x40, 0x00, 0x00, 0x30, 0x25, 0x02, 0x00, 0x11, 0x01, 0x72, 0x00,
    0x1a, 0x01, 0x72, 0x00, 0x13, 0x01, 0x03, 0x00, 0x15, 0x40, 0x00, 0x00,
    0x30, 0x07, 0x00, 0x00, 0x16, 0x40, 0x00, 0x00, 0x30, 0x07, 0x00, 0x00,
    0x18, 0x01, 0x00, 0x00, 0x14, 0x01, 0x41, 0x81, 0x21, 0x01, 0x01, 0x00,
    0x20, 0x01, 0x00, 0x00, 0x22, 0x01, 0x02, 0x00, 0x15, 0x01, 0x15, 0x00,
    0x17, 0x01, 0x07, 0x00, 0x05, 0x00, 0x01, 0x00, 0x00, 0x40, 0x00, 0x00,
    0x78, 0x1d, 0x01, 0x00, 0x10, 0x40, 0x00, 0x00, 0x60, 0x2c, 0x02, 0x00,
    0x05, 0x00, 0x01, 0x00, 0x00, 0x40, 0x00, 0x00, 0x30, 0x25, 0x02, 0x00,
    0x0b, 0x01, 0x00, 0x00, 0x0c, 0x01, 0x00, 0x00, 0x05, 0x40, 0x00, 0x00,
    0x30, 0x07, 0x00, 0x00, 0x04, 0x40, 0x00, 0x00, 0x10, 0x00, 0x00, 0x00,
    0x06, 0x40, 0x00, 0x00, 0x30, 0x07, 0x00, 0x00, 0x05, 0x01, 0x41, 0x00,
    0x01, 0x01, 0x01, 0x00, 0x02, 0x01, 0x01, 0x00, 0x10, 0x40, 0x00, 0x00,
    0x30, 0xce, 0x01, 0x00, 0x11, 0x01, 0x39, 0x00, 0x1a, 0x01, 0x39, 0x00,
    0x13, 0x01, 0x0b, 0x00, 0x15, 0x40, 0x00, 0x00, 0xa0, 0x03, 0x00, 0x00,
    0x16, 0x40, 0x00, 0x00, 0xa0, 0x03, 0x00, 0x00, 0x18, 0x01, 0x80, 0xff,
    0x14, 0x01, 0x41, 0x00, 0x21, 0x01, 0x00, 0x00, 0x20, 0x01, 0x02, 0x00,
    0x22, 0x01, 0x05, 0x00, 0x15, 0x01, 0x39, 0x00, 0x17, 0x01, 0x0f, 0x00,
    0x2f, 0x01, 0x01, 0x00, 0x02, 0x00, 0x00, 0x00, 0x00, 0x40, 0x00, 0x00,
    0x60, 0x2c, 0x02, 0x00, 0x10, 0x40, 0x00, 0x00, 0xd0, 0xd1, 0x01, 0x00,
    0x2f, 0x01, 0x03, 0x00, 0x02, 0x00, 0x00, 0x00, 0x00, 0x40, 0x00, 0x00,
    0x70, 0xd5, 0x01, 0x00, 0x0b, 0x01, 0x02, 0x00, 0x0c, 0x01, 0x02, 0x00,
    0x0a, 0x01, 0x39, 0x00, 0x04, 0x01, 0x0b, 0x00, 0x05, 0x40, 0x00, 0x00,
    0xa0, 0x03, 0x00, 0x00, 0x06, 0x40, 0x00, 0x00, 0xa0, 0x03, 0x00, 0x00,
    0x09, 0x01, 0x80, 0xff, 0x01, 0x01, 0x03, 0x00, 0x02, 0x01, 0x03, 0x00,
    0x10, 0x40, 0x00, 0x00, 0x30, 0x37, 0x02, 0x00, 0x21, 0x01, 0x02, 0x00,
    0x20, 0x01, 0x06, 0x00, 0x22, 0x01, 0x00, 0x00, 0x20, 0x40, 0x00, 0x00,
    0xe0, 0x01, 0x00, 0x00, 0x21, 0x40, 0x00, 0x00, 0x30, 0x01, 0x00, 0x00,
    0x22, 0x40, 0x00, 0x00, 0x60, 0x01, 0x00, 0x00, 0x2f, 0x01, 0x01, 0x00,
    0x03, 0x00, 0x00, 0x00, 0x00, 0x40, 0x00, 0x00, 0x90, 0x33, 0x02, 0x00,
    0x0b, 0x01, 0x00, 0x00, 0x0c, 0x01, 0x00, 0x00, 0x01, 0x01, 0x00, 0x00,
    0x02, 0x01, 0x00, 0x00, 0x10, 0x40, 0x00, 0x00, 0x30, 0xeb, 0x01, 0x00,
    0x21, 0x01, 0x00, 0x00, 0x20, 0x01, 0x00, 0x00, 0x20, 0x40, 0x00, 0x00,
    0x90, 0x03, 0x00, 0x00, 0x21, 0x40, 0x00, 0x00, 0xe0, 0x00, 0x00, 0x00,
    0x22, 0x40, 0x00, 0x00, 0x10, 0x03, 0x00, 0x00, 0x02, 0x00, 0x00, 0x00,
    0x00, 0x40, 0x00, 0x00, 0x30, 0x37, 0x02, 0x00, 0x10, 0x40, 0x00, 0x00,
    0xd0, 0xee, 0x01, 0x00, 0x2f, 0x01, 0x03, 0x00, 0x02, 0x00, 0x00, 0x00,
    0x00, 0x40, 0x00, 0x00, 0x70, 0xf2, 0x01, 0x00, 0x02, 0x40, 0x00, 0x00,
    0xf0, 0xe3, 0x01, 0x00, 0x0b, 0x01, 0x01, 0x00, 0x0c, 0x01, 0x01, 0x00,
    0x01, 0x01, 0x04, 0x00, 0x02, 0x01, 0x04, 0x00, 0x10, 0x40, 0x00, 0x00,
    0x70, 0x3e, 0x02, 0x00, 0x21, 0x01, 0x02, 0x00, 0x20, 0x01, 0x08, 0x00,
    0x20, 0x40, 0x00, 0x00, 0xf0, 0x04, 0x00, 0x00, 0x21, 0x40, 0x00, 0x00,
    0x90, 0x01, 0x00, 0x00, 0x22, 0x40, 0x00, 0x00, 0x70, 0x04, 0x00, 0x00,
    0x0d, 0x01, 0x12, 0x00, 0x2f, 0x01, 0x01, 0x00, 0x03, 0x00, 0x00, 0x00,
    0x00, 0x40, 0x00, 0x00, 0xd0, 0x3a, 0x02, 0x00, 0x02, 0x40, 0x00, 0x00,
    0x00, 0x00, 0x00, 0x00, 0x0b, 0x01, 0x00, 0x00, 0x0c, 0x01, 0x00, 0x00,
    0x01, 0x01, 0x00, 0x00, 0x02, 0x01, 0x00, 0x00, 0x10, 0x40, 0x00, 0x00,
    0x30, 0x94, 0x01, 0x00, 0x21, 0x01, 0x00, 0x00, 0x20, 0x01, 0x00, 0x00,
    0x20, 0x40, 0x00, 0x00, 0x00, 0x07, 0x00, 0x00, 0x21, 0x40, 0x00, 0x00,
    0x00, 0x01, 0x00, 0x00, 0x22, 0x40, 0x00, 0x00, 0x80, 0x06, 0x00, 0x00,
    0x0d, 0x01, 0x0a, 0x00, 0x02, 0x00, 0x00, 0x00, 0x00, 0x40, 0x00, 0x00,
    0x70, 0x3e, 0x02, 0x00, 0x10, 0x40, 0x00, 0x00, 0xd0, 0x97, 0x01, 0x00,
    0x2f, 0x01, 0x03, 0x00, 0x02, 0x00, 0x00, 0x00, 0x00, 0x40, 0x00, 0x00,
    0x10, 0xf6, 0x01, 0x00, 0x02, 0x40, 0x00, 0x00, 0xf0, 0xe3, 0x01, 0x00,
    0x01, 0x01, 0x04, 0x00, 0x02, 0x01, 0x04, 0x00, 0x10, 0x40, 0x00, 0x00,
    0xd0, 0x3a, 0x02, 0x00, 0x21, 0x01, 0x02, 0x00, 0x20, 0x01, 0x08, 0x00,
    0x20, 0x40, 0x00, 0x00, 0xf0, 0x04, 0x00, 0x00, 0x21, 0x40, 0x00, 0x00,
    0x90, 0x01, 0x00, 0x00, 0x22, 0x40, 0x00, 0x00, 0x70, 0x04, 0x00, 0x00,
    0x0d, 0x01, 0x12, 0x00, 0x03, 0x00, 0x00, 0x00, 0x00, 0x40, 0x00, 0x00,
    0xf0, 0xe3, 0x01, 0x00, 0x02, 0x40, 0x00, 0x00, 0x00, 0x00, 0x00, 0x00,
    0x0b, 0x01, 0x02, 0x00, 0x0c, 0x01, 0x02, 0x00, 0x10, 0x40, 0x00, 0x00,
    0x70, 0x3e, 0x02, 0x00, 0x03, 0x00, 0x00, 0x00, 0x00, 0x40, 0x00, 0x00,
    0xd0, 0x3a, 0x02, 0x00, 0x0b, 0x01, 0x00, 0x00, 0x0c, 0x01, 0x00, 0x00,
    0x01, 0x01, 0x00, 0x00, 0x02, 0x01, 0x00, 0x00, 0x10, 0x40, 0x00, 0x00,
    0x70, 0x9b, 0x01, 0x00, 0x21, 0x01, 0x00, 0x00, 0x20, 0x01, 0x00, 0x00,
    0x20, 0x40, 0x00, 0x00, 0x00, 0x07, 0x00, 0x00, 0x21, 0x40, 0x00, 0x00,
    0x00, 0x01, 0x00, 0x00, 0x22, 0x40, 0x00, 0x00, 0x80, 0x06, 0x00, 0x00,
    0x0d, 0x01, 0x0a, 0x00, 0x2f, 0x01, 0x01, 0x00, 0x02, 0x00, 0x00, 0x00,
    0x00, 0x40, 0x00, 0x00, 0x70, 0x3e, 0x02, 0x00, 0x10, 0x40, 0x00, 0x00,
    0x10, 0x9f, 0x01, 0x00, 0x2f, 0x01, 0x03, 0x00, 0x02, 0x00, 0x00, 0x00,
    0x00, 0x40, 0x00, 0x00, 0x90, 0xe7, 0x01, 0x00, 0x0b, 0x01, 0x02, 0x00,
    0x0c, 0x01, 0x02, 0x00, 0x01, 0x01, 0x04, 0x00, 0x02, 0x01, 0x04, 0x00,
    0x10, 0x40, 0x00, 0x00, 0xd0, 0x3a, 0x02, 0x00, 0x21, 0x01, 0x02, 0x00,
    0x20, 0x01, 0x08, 0x00, 0x20, 0x40, 0x00, 0x00, 0xf0, 0x04, 0x00, 0x00,
    0x21, 0x40, 0x00, 0x00, 0x90, 0x01, 0x00, 0x00, 0x22, 0x40, 0x00, 0x00,
    0x70, 0x04, 0x00, 0x00, 0x0d, 0x01, 0x12, 0x00, 0x03, 0x00, 0x00, 0x00,
    0x00, 0x40, 0x00, 0x00, 0x10, 0xd9, 0x01, 0x00, 0x01, 0x01, 0x03, 0x00,
    0x02, 0x01, 0x03, 0x00, 0x10, 0x40, 0x00, 0x00, 0x90, 0x33, 0x02, 0x00,
    0x20, 0x01, 0x06, 0x00, 0x20, 0x40, 0x00, 0x00, 0xe0, 0x01, 0x00, 0x00,
    0x21, 0x40, 0x00, 0x00, 0x30, 0x01, 0x00, 0x00, 0x22, 0x40, 0x00, 0x00,
    0x60, 0x01, 0x00, 0x00, 0x0d, 0x01, 0x0a, 0x00, 0x03, 0x00, 0x00, 0x00,
    0x00, 0x40, 0x00, 0x00, 0xb0, 0xdc, 0x01, 0x00, 0x02, 0x40, 0x00, 0x00,
    0x30, 0xce, 0x01, 0x00, 0x0b, 0x01, 0x01, 0x00, 0x0c, 0x01, 0x01, 0x00,
    0x10, 0x40, 0x00, 0x00, 0x30, 0x37, 0x02, 0x00, 0x03, 0x00, 0x00, 0x00,
    0x00, 0x40, 0x00, 0x00, 0x90, 0x33, 0x02, 0x00, 0x02, 0x40, 0x00, 0x00,
    0x00, 0x00, 0x00, 0x00, 0x0b, 0x01, 0x00, 0x00, 0x0c, 0x01, 0x00, 0x00,
    0x01, 0x01, 0x00, 0x00, 0x02, 0x01, 0x00, 0x00, 0x10, 0x40, 0x00, 0x00,
    0x70, 0xf2, 0x01, 0x00, 0x21, 0x01, 0x00, 0x00, 0x20, 0x01, 0x00, 0x00,
    0x20, 0x40, 0x00, 0x00, 0x90, 0x03, 0x00, 0x00, 0x21, 0x40, 0x00, 0x00,
    0xe0, 0x00, 0x00, 0x00, 0x22, 0x40, 0x00, 0x00, 0x10, 0x03, 0x00, 0x00,
    0x2f, 0x01, 0x01, 0x00, 0x02, 0x00, 0x00, 0x00, 0x00, 0x40, 0x00, 0x00,
    0x30, 0x37, 0x02, 0x00, 0x10, 0x40, 0x00, 0x00, 0x10, 0xf6, 0x01, 0x00,
    0x2f, 0x01, 0x03, 0x00, 0x02, 0x00, 0x00, 0x00, 0x00, 0x40, 0x00, 0x00,
    0x50, 0xe0, 0x01, 0x00, 0x02, 0x40, 0x00, 0x00, 0x30, 0xce, 0x01, 0x00,
    0x01, 0x01, 0x03, 0x00, 0x02, 0x01, 0x03, 0x00, 0x10, 0x40, 0x00, 0x00,
    0x90, 0x33, 0x02, 0x00, 0x21, 0x01, 0x02, 0x00, 0x20, 0x01, 0x06, 0x00,
    0x20, 0x40, 0x00, 0x00, 0xe0, 0x01, 0x00, 0x00, 0x21, 0x40, 0x00, 0x00,
    0x30, 0x01, 0x00, 0x00, 0x22, 0x40, 0x00, 0x00, 0x60, 0x01, 0x00, 0x00,
    0x03, 0x00, 0x00, 0x00, 0x00, 0x40, 0x00, 0x00, 0x10, 0x21, 0x01, 0x00,
    0x02, 0x40, 0x00, 0x00, 0x00, 0x00, 0x00, 0x00, 0x0b, 0x01, 0x01, 0x00,
    0x0c, 0x01, 0x01, 0x00, 0x0a, 0x01, 0x72, 0x00, 0x04, 0x01, 0x03, 0x00,
    0x05, 0x40, 0x00, 0x00, 0xcc, 0x01, 0x00, 0x00, 0x04, 0x40, 0x00, 0x00,
    0x04, 0x00, 0x00, 0x00, 0x06, 0x40, 0x00, 0x00, 0x01, 0x00, 0x00, 0x00,
    0x09, 0x01, 0x00, 0x00, 0x05, 0x01, 0x01, 0x00, 0x01, 0x01, 0x00, 0x00,
    0x02, 0x01, 0x00, 0x00, 0x10, 0x40, 0x00, 0x00, 0x30, 0x25, 0x02, 0x00,
    0x11, 0x01, 0x72, 0x00, 0x1a, 0x01, 0x72, 0x00, 0x13, 0x01, 0x03, 0x00,
    0x15, 0x40, 0x00, 0x00, 0x30, 0x07, 0x00, 0x00, 0x16, 0x40, 0x00, 0x00,
    0x30, 0x07, 0x00, 0x00, 0x18, 0x01, 0x00, 0x00, 0x14, 0x01, 0x41, 0x81,
    0x21, 0x01, 0x01, 0x00, 0x20, 0x01, 0x00, 0x00, 0x22, 0x01, 0x02, 0x00,
    0x15, 0x01, 0x15, 0x00, 0x17, 0x01, 0x07, 0x00, 0x05, 0x00, 0x01, 0x00,
    0x00, 0x40, 0x00, 0x00, 0xa8, 0x24, 0x01, 0x00, 0x10, 0x40, 0x00, 0x00,
    0x60, 0x2c, 0x02, 0x00, 0x05, 0x00, 0x01, 0x00, 0x00, 0x40, 0x00, 0x00,
    0x30, 0x25, 0x02, 0x00, 0x0b, 0x01, 0x00, 0x00, 0x0c, 0x01, 0x00, 0x00,
    0x05, 0x40, 0x00, 0x00, 0x30, 0x07, 0x00, 0x00, 0x04, 0x40, 0x00, 0x00,
    0x10, 0x00, 0x00, 0x00, 0x06, 0x40, 0x00, 0x00, 0x30, 0x07, 0x00, 0x00,
    0x05, 0x01, 0x41, 0x00, 0x01, 0x01, 0x01, 0x00, 0x02, 0x01, 0x01, 0x00,
    0x10, 0x40, 0x00, 0x00, 0x70, 0xd5, 0x01, 0x00, 0x11, 0x01, 0x39, 0x00,
    0x1a, 0x01, 0x39, 0x00, 0x13, 0x01, 0x0b, 0x00, 0x15, 0x40, 0x00, 0x00,
    0xa0, 0x03, 0x00, 0x00, 0x16, 0x40, 0x00, 0x00, 0xa0, 0x03, 0x00, 0x00,
    0x18, 0x01, 0x80, 0xff, 0x14, 0x01, 0x41, 0x00, 0x21, 0x01, 0x00, 0x00,
    0x20, 0x01, 0x02, 0x00, 0x22, 0x01, 0x05, 0x00, 0x20, 0x40, 0x00, 0x00,
    0x80, 0x00, 0x00, 0x00, 0x21, 0x40, 0x00, 0x00, 0xe0, 0x00, 0x00, 0x00,
    0x22, 0x40, 0x00, 0x00, 0x00, 0x00, 0x00, 0x00, 0x15, 0x01, 0x39, 0x00,
    0x17, 0x01, 0x0f, 0x00, 0x2f, 0x01, 0x01, 0x00, 0x02, 0x00, 0x00, 0x00,
    0x00, 0x40, 0x00, 0x00, 0x60, 0x2c, 0x02, 0x00, 0x10, 0x40, 0x00, 0x00,
    0x10, 0xd9, 0x01, 0x00, 0x2f, 0x01, 0x03, 0x00, 0x02, 0x00, 0x00, 0x00,
    0x00, 0x40, 0x00, 0x00, 0x40, 0x28, 0x01, 0x00, 0x0b, 0x01, 0x01, 0x00,
    0x0c, 0x01, 0x01, 0x00, 0x05, 0x40, 0x00, 0x00, 0xcc, 0x01, 0x00, 0x00,
    0x04, 0x40, 0x00, 0x00, 0x04, 0x00, 0x00, 0x00, 0x06, 0x40, 0x00, 0x00,
    0x01, 0x00, 0x00, 0x00, 0x05, 0x01, 0x01, 0x00, 0x01, 0x01, 0x00, 0x00,
    0x02, 0x01, 0x00, 0x00, 0x10, 0x40, 0x00, 0x00, 0x30, 0x25, 0x02, 0x00,
    0x11, 0x01, 0x72, 0x00, 0x1a, 0x01, 0x72, 0x00, 0x13, 0x01, 0x03, 0x00,
    0x15, 0x40, 0x00, 0x00, 0x30, 0x07, 0x00, 0x00, 0x16, 0x40, 0x00, 0x00,
    0x30, 0x07, 0x00, 0x00, 0x18, 0x01, 0x00, 0x00, 0x14, 0x01, 0x41, 0x81,
    0x21, 0x01, 0x01, 0x00, 0x20, 0x01, 0x00, 0x00, 0x22, 0x01, 0x02, 0x00,
    0x15, 0x01, 0x15, 0x00, 0x17, 0x01, 0x07, 0x00, 0x05, 0x00, 0x01, 0x00,
    0x00, 0x40, 0x00, 0x00, 0xd8, 0x2b, 0x01, 0x00, 0x10, 0x40, 0x00, 0x00,
    0x60, 0x2c, 0x02, 0x00, 0x05, 0x00, 0x01, 0x00, 0x00, 0x40, 0x00, 0x00,
    0x30, 0x25, 0x02, 0x00, 0x0b, 0x01, 0x00, 0x00, 0x0c, 0x01, 0x00, 0x00,
    0x05, 0x40, 0x00, 0x00, 0x30, 0x07, 0x00, 0x00, 0x04, 0x40, 0x00, 0x00,
    0x10, 0x00, 0x00, 0x00, 0x06, 0x40, 0x00, 0x00, 0x30, 0x07, 0x00, 0x00,
    0x05, 0x01, 0x41, 0x00, 0x01, 0x01, 0x01, 0x00, 0x02, 0x01, 0x01, 0x00,
    0x10, 0x40, 0x00, 0x00, 0xb0, 0xdc, 0x01, 0x00, 0x11, 0x01, 0x39, 0x00,
    0x1a, 0x01, 0x39, 0x00, 0x13, 0x01, 0x0b, 0x00, 0x15, 0x40, 0x00, 0x00,
    0xa0, 0x03, 0x00, 0x00, 0x16, 0x40, 0x00, 0x00, 0xa0, 0x03, 0x00, 0x00,
    0x18, 0x01, 0x80, 0xff, 0x14, 0x01, 0x41, 0x00, 0x21, 0x01, 0x00, 0x00,
    0x20, 0x01, 0x02, 0x00, 0x22, 0x01, 0x05, 0x00, 0x15, 0x01, 0x39, 0x00,
    0x17, 0x01, 0x0f, 0x00, 0x2f, 0x01, 0x01, 0x00, 0x02, 0x00, 0x00, 0x00,
    0x00, 0x40, 0x00, 0x00, 0x60, 0x2c, 0x02, 0x00, 0x10, 0x40, 0x00, 0x00,
    0x50, 0xe0, 0x01, 0x00, 0x2f, 0x01, 0x03, 0x00, 0x02, 0x00, 0x00, 0x00,
    0x00, 0x40, 0x00, 0x00, 0x30, 0xce, 0x01, 0x00, 0x0b, 0x01, 0x02, 0x00,
    0x0c, 0x01, 0x02, 0x00, 0x0a, 0x01, 0x39, 0x00, 0x04, 0x01, 0x0b, 0x00,
    0x05, 0x40, 0x00, 0x00, 0xa0, 0x03, 0x00, 0x00, 0x06, 0x40, 0x00, 0x00,
    0xa0, 0x03, 0x00, 0x00, 0x09, 0x01, 0x80, 0xff, 0x01, 0x01, 0x03, 0x00,
    0x02, 0x01, 0x03, 0x00, 0x10, 0x40, 0x00, 0x00, 0x30, 0x37, 0x02, 0x00,
    0x21, 0x01, 0x02, 0x00, 0x20, 0x01, 0x06, 0x00, 0x22, 0x01, 0x00, 0x00,
    0x20, 0x40, 0x00, 0x00, 0xe0, 0x01, 0x00, 0x00, 0x21, 0x40, 0x00, 0x00,
    0x30, 0x01, 0x00, 0x00, 0x22, 0x40, 0x00, 0x00, 0x60, 0x01, 0x00, 0x00,
    0x2f, 0x01, 0x01, 0x00, 0x03, 0x00, 0x00, 0x00, 0x00, 0x40, 0x00, 0x00,
    0x90, 0x33, 0x02, 0x00, 0x0b, 0x01, 0x00, 0x00, 0x0c, 0x01, 0x00, 0x00,
    0x01, 0x01, 0x00, 0x00, 0x02, 0x01, 0x00, 0x00, 0x10, 0x40, 0x00, 0x00,
    0xf0, 0xe3, 0x01, 0x00, 0x21, 0x01, 0x00, 0x00, 0x20, 0x01, 0x00, 0x00,
    0x20, 0x40, 0x00, 0x00, 0x90, 0x03, 0x00, 0x00, 0x21, 0x40, 0x00, 0x00,
    0xe0, 0x00, 0x00, 0x00, 0x22, 0x40, 0x00, 0x00, 0x10, 0x03, 0x00, 0x00,
    0x02, 0x00, 0x00, 0x00, 0x00, 0x40, 0x00, 0x00, 0x30, 0x37, 0x02, 0x00,
    0x10, 0x40, 0x00, 0x00, 0x90, 0xe7, 0x01, 0x00, 0x2f, 0x01, 0x03, 0x00,
    0x02, 0x00, 0x00, 0x00, 0x00, 0x40, 0x00, 0x00, 0x30, 0xeb, 0x01, 0x00,
    0x0b, 0x01, 0x02, 0x00, 0x0c, 0x01, 0x02, 0x00, 0x01, 0x01, 0x04, 0x00,
    0x02, 0x01, 0x04, 0x00, 0x10, 0x40, 0x00, 0x00, 0x70, 0x3e, 0x02, 0x00,
    0x21, 0x01, 0x02, 0x00, 0x20, 0x01, 0x08, 0x00, 0x20, 0x40, 0x00, 0x00,
    0xf0, 0x04, 0x00, 0x00, 0x21, 0x40, 0x00, 0x00, 0x90, 0x01, 0x00, 0x00,
    0x22, 0x40, 0x00, 0x00, 0x70, 0x04, 0x00, 0x00, 0x0d, 0x01, 0x12, 0x00,
    0x2f, 0x01, 0x01, 0x00, 0x03, 0x00, 0x00, 0x00, 0x00, 0x40, 0x00, 0x00,
    0xd0, 0x3a, 0x02, 0x00, 0x0b, 0x01, 0x00, 0x00, 0x0c, 0x01, 0x00, 0x00,
    0x01, 0x01, 0x00, 0x00, 0x02, 0x01, 0x00, 0x00, 0x10, 0x40, 0x00, 0x00,
    0xb0, 0xa2, 0x01, 0x00, 0x21, 0x01, 0x00, 0x00, 0x20, 0x01, 0x00, 0x00,
    0x20, 0x40, 0x00, 0x00, 0x00, 0x07, 0x00, 0x00, 0x21, 0x40, 0x00, 0x00,
    0x00, 0x01, 0x00, 0x00, 0x22, 0x40, 0x00, 0x00, 0x80, 0x06, 0x00, 0x00,
    0x0d, 0x01, 0x0a, 0x00, 0x02, 0x00, 0x00, 0x00, 0x00, 0x40, 0x00, 0x00,
    0x70, 0x3e, 0x02, 0x00, 0x10, 0x40, 0x00, 0x00, 0x50, 0xa6, 0x01, 0x00,
    0x2f, 0x01, 0x03, 0x00, 0x02, 0x00, 0x00, 0x00, 0x00, 0x40, 0x00, 0x00,
    0xb0, 0x85, 0x01, 0x00, 0x0b, 0x01, 0x04, 0x00, 0x0c, 0x01, 0x04, 0x00,
    0x01, 0x01, 0x01, 0x00, 0x02, 0x01, 0x01, 0x00, 0x10, 0x40, 0x00, 0x00,
    0x10, 0x42, 0x02, 0x00, 0x21, 0x01, 0x04, 0x00, 0x20, 0x01, 0x02, 0x00,
    0x20, 0x40, 0x00, 0x00, 0x80, 0x08, 0x00, 0x00, 0x21, 0x40, 0x00, 0x00,
    0xe0, 0x00, 0x00, 0x00, 0x22, 0x40, 0x00, 0x00, 0x00, 0x08, 0x00, 0x00,
    0x0d, 0x01, 0x12, 0x00, 0x2f, 0x01, 0x01, 0x00, 0x03, 0x00, 0x00, 0x00,
    0x00, 0x40, 0x00, 0x00, 0x50, 0x89, 0x01, 0x00, 0x10, 0x40, 0x00, 0x00,
    0xb0, 0x45, 0x02, 0x00, 0x2f, 0x01, 0x03, 0x00, 0x03, 0x00, 0x00, 0x00,
    0x00, 0x40, 0x00, 0x00, 0x10, 0x42, 0x02, 0x00, 0x0b, 0x01, 0x00, 0x00,
    0x0c, 0x01, 0x00, 0x00, 0x01, 0x01, 0x00, 0x00, 0x02, 0x01, 0x00, 0x00,
    0x10, 0x40, 0x00, 0x00, 0xf0, 0x00, 0x02, 0x00, 0x21, 0x01, 0x00, 0x00,
    0x20, 0x01, 0x00, 0x00, 0x20, 0x40, 0x00, 0x00, 0xe0, 0x09, 0x00, 0x00,
    0x21, 0x40, 0x00, 0x00, 0x00, 0x01, 0x00, 0x00, 0x22, 0x40, 0x00, 0x00,
    0x60, 0x09, 0x00, 0x00, 0x0d, 0x01, 0x0a, 0x00, 0x2f, 0x01, 0x01, 0x00,
    0x02, 0x00, 0x00, 0x00, 0x00, 0x40, 0x00, 0x00, 0xb0, 0x45, 0x02, 0x00,
    0x10, 0x40, 0x00, 0x00, 0x90, 0x04, 0x02, 0x00, 0x2f, 0x01, 0x03, 0x00,
    0x02, 0x00, 0x00, 0x00, 0x00, 0x40, 0x00, 0x00, 0xf0, 0x8c, 0x01, 0x00,
    0x0b, 0x01, 0x04, 0x00, 0x0c, 0x01, 0x04, 0x00, 0x01, 0x01, 0x01, 0x00,
    0x02, 0x01, 0x01, 0x00, 0x10, 0x40, 0x00, 0x00, 0x10, 0x42, 0x02, 0x00,
    0x21, 0x01, 0x04, 0x00, 0x20, 0x01, 0x02, 0x00, 0x20, 0x40, 0x00, 0x00,
    0x80, 0x08, 0x00, 0x00, 0x21, 0x40, 0x00, 0x00, 0xe0, 0x00, 0x00, 0x00,
    0x22, 0x40, 0x00, 0x00, 0x00, 0x08, 0x00, 0x00, 0x0d, 0x01, 0x12, 0x00,
    0x03, 0x00, 0x00, 0x00, 0x00, 0x40, 0x00, 0x00, 0x90, 0x90, 0x01, 0x00,
    0x10, 0x40, 0x00, 0x00, 0xb0, 0x45, 0x02, 0x00, 0x03, 0x00, 0x00, 0x00,
    0x00, 0x40, 0x00, 0x00, 0x10, 0x42, 0x02, 0x00, 0x0b, 0x01, 0x00, 0x00,
    0x0c, 0x01, 0x00, 0x00, 0x01, 0x01, 0x00, 0x00, 0x02, 0x01, 0x00, 0x00,
    0x10, 0x40, 0x00, 0x00, 0x30, 0x08, 0x02, 0x00, 0x21, 0x01, 0x00, 0x00,
    0x20, 0x01, 0x00, 0x00, 0x20, 0x40, 0x00, 0x00, 0xe0, 0x09, 0x00, 0x00,
    0x21, 0x40, 0x00, 0x00, 0x00, 0x01, 0x00, 0x00, 0x22, 0x40, 0x00, 0x00,
    0x60, 0x09, 0x00, 0x00, 0x0d, 0x01, 0x0a, 0x00, 0x2f, 0x01, 0x01, 0x00,
    0x02, 0x00, 0x00, 0x00, 0x00, 0x40, 0x00, 0x00, 0xb0, 0x45, 0x02, 0x00,
    0x10, 0x40, 0x00, 0x00, 0xd0, 0x0b, 0x02, 0x00, 0x2f, 0x01, 0x03, 0x00,
    0x02, 0x00, 0x00, 0x00, 0x00, 0x40, 0x00, 0x00, 0xb0, 0xf9, 0x01, 0x00,
    0x0b, 0x01, 0x02, 0x00, 0x0c, 0x01, 0x02, 0x00, 0x01, 0x01, 0x03, 0x00,
    0x02, 0x01, 0x03, 0x00, 0x10, 0x40, 0x00, 0x00, 0xf0, 0x4c, 0x02, 0x00,
    0x21, 0x01, 0x02, 0x00, 0x20, 0x01, 0x06, 0x00, 0x20, 0x40, 0x00, 0x00,
    0x60, 0x0b, 0x00, 0x00, 0x21, 0x40, 0x00, 0x00, 0x40, 0x01, 0x00, 0x00,
    0x22, 0x40, 0x00, 0x00, 0xe0, 0x0a, 0x00, 0x00, 0x2f, 0x01, 0x01, 0x00,
    0x03, 0x00, 0x00, 0x00, 0x00, 0x40, 0x00, 0x00, 0x50, 0x49, 0x02, 0x00,
    0x0b, 0x01, 0x00, 0x00, 0x0c, 0x01, 0x00, 0x00, 0x01, 0x01, 0x00, 0x00,
    0x02, 0x01, 0x00, 0x00, 0x10, 0x40, 0x00, 0x00, 0x70, 0x0f, 0x02, 0x00,
    0x21, 0x01, 0x00, 0x00, 0x20, 0x01, 0x00, 0x00, 0x20, 0x40, 0x00, 0x00,
    0x20, 0x0d, 0x00, 0x00, 0x21, 0x40, 0x00, 0x00, 0x00, 0x01, 0x00, 0x00,
    0x22, 0x40, 0x00, 0x00, 0xa0, 0x0c, 0x00, 0x00, 0x02, 0x00, 0x00, 0x00,
    0x00, 0x40, 0x00, 0x00, 0xf0, 0x4c, 0x02, 0x00, 0x10, 0x40, 0x00, 0x00,
    0x10, 0x13, 0x02, 0x00, 0x2f, 0x01, 0x03, 0x00, 0x02, 0x00, 0x00, 0x00,
    0x00, 0x40, 0x00, 0x00, 0xb0, 0x16, 0x02, 0x00, 0x0b, 0x01, 0x02, 0x00,
    0x0c, 0x01, 0x02, 0x00, 0x01, 0x01, 0x04, 0x00, 0x02, 0x01, 0x04, 0x00,
    0x10, 0x40, 0x00, 0x00, 0x30, 0x54, 0x02, 0x00, 0x21, 0x01, 0x02, 0x00,
    0x20, 0x01, 0x08, 0x00, 0x20, 0x40, 0x00, 0x00, 0xa0, 0x0e, 0x00, 0x00,
    0x21, 0x40, 0x00, 0x00, 0x80, 0x01, 0x00, 0x00, 0x22, 0x40, 0x00, 0x00,
    0x20, 0x0e, 0x00, 0x00, 0x0d, 0x01, 0x12, 0x00, 0x2f, 0x01, 0x01, 0x00,
    0x03, 0x00, 0x00, 0x00, 0x00, 0x40, 0x00, 0x00, 0x90, 0x50, 0x02, 0x00,
    0x0b, 0x01, 0x00, 0x00, 0x0c, 0x01, 0x00, 0x00, 0x01, 0x01, 0x00, 0x00,
    0x02, 0x01, 0x00, 0x00, 0x10, 0x40, 0x00, 0x00, 0xb0, 0xbf, 0x01, 0x00,
    0x21, 0x01, 0x00, 0x00, 0x20, 0x01, 0x00, 0x00, 0x20, 0x40, 0x00, 0x00,
    0xa0, 0x10, 0x00, 0x00, 0x21, 0x40, 0x00, 0x00, 0xf0, 0x00, 0x00, 0x00,
    0x22, 0x40, 0x00, 0x00, 0x20, 0x10, 0x00, 0x00, 0x0d, 0x01, 0x0a, 0x00,
    0x02, 0x00, 0x00, 0x00, 0x00, 0x40, 0x00, 0x00, 0x30, 0x54, 0x02, 0x00,
    0x10, 0x40, 0x00, 0x00, 0x50, 0xc3, 0x01, 0x00, 0x2f, 0x01, 0x03, 0x00,
    0x02, 0x00, 0x00, 0x00, 0x00, 0x40, 0x00, 0x00, 0xf0, 0xc6, 0x01, 0x00,
    0x02, 0x40, 0x00, 0x00, 0xf0, 0xa9, 0x01, 0x00, 0x0b, 0x01, 0x01, 0x00,
    0x0c, 0x01, 0x01, 0x00, 0x01, 0x01, 0x01, 0x00, 0x02, 0x01, 0x01, 0x00,
    0x10, 0x40, 0x00, 0x00, 0xd0, 0x57, 0x02, 0x00, 0x21, 0x01, 0x04, 0x00,
    0x20, 0x01, 0x02, 0x00, 0x20, 0x40, 0x00, 0x00, 0x10, 0x12, 0x00, 0x00,
    0x21, 0x40, 0x00, 0x00, 0xe0, 0x00, 0x00, 0x00, 0x22, 0x40, 0x00, 0x00,
    0x90, 0x11, 0x00, 0x00, 0x0d, 0x01, 0x12, 0x00, 0x2f, 0x01, 0x01, 0x00,
    0x03, 0x00, 0x00, 0x00, 0x00, 0x40, 0x00, 0x00, 0x90, 0xca, 0x01, 0x00,
    0x0b, 0x01, 0x00, 0x00, 0x0c, 0x01, 0x00, 0x00, 0x10, 0x40, 0x00, 0x00,
    0x70, 0x5b, 0x02, 0x00, 0x2f, 0x01, 0x03, 0x00, 0x03, 0x00, 0x00, 0x00,
    0x00, 0x40, 0x00, 0x00, 0xd0, 0x57, 0x02, 0x00, 0x02, 0x40, 0x00, 0x00,
    0x00, 0x00, 0x00, 0x00, 0x01, 0x01, 0x00, 0x00, 0x02, 0x01, 0x00, 0x00,
    0x10, 0x40, 0x00, 0x00, 0x10, 0x5f, 0x02, 0x00, 0x21, 0x01, 0x00, 0x00,
    0x20, 0x01, 0x00, 0x00, 0x20, 0x40, 0x00, 0x00, 0x70, 0x13, 0x00, 0x00,
    0x21, 0x40, 0x00, 0x00, 0x00, 0x01, 0x00, 0x00, 0x22, 0x40, 0x00, 0x00,
    0xf0, 0x12, 0x00, 0x00, 0x0d, 0x01, 0x0a, 0x00, 0x2f, 0x01, 0x01, 0x00,
    0x02, 0x00, 0x00, 0x00, 0x00, 0x40, 0x00, 0x00, 0x70, 0x5b, 0x02, 0x00,
    0x10, 0x40, 0x00, 0x00, 0xb0, 0x62, 0x02, 0x00, 0x2f, 0x01, 0x03, 0x00,
    0x02, 0x00, 0x00, 0x00, 0x00, 0x40, 0x00, 0x00, 0x10, 0x5f, 0x02, 0x00,
    0x10, 0x40, 0x00, 0x00, 0x54, 0x0b, 0x00, 0x00, 0x13, 0x01, 0x00, 0x00,
    0x15, 0x40, 0x00, 0x00, 0x3a, 0x00, 0x00, 0x00, 0x14, 0x40, 0x00, 0x00,
    0x01, 0x00, 0x00, 0x00, 0x16, 0x40, 0x00, 0x00, 0x01, 0x00, 0x00, 0x00,
    0x18, 0x01, 0x75, 0x00, 0x14, 0x01, 0x01, 0x00, 0x20, 0x40, 0x00, 0x00,
    0x80, 0x14, 0x00, 0x00, 0x21, 0x40, 0x00, 0x00, 0x40, 0x00, 0x00, 0x00,
    0x22, 0x40, 0x00, 0x00, 0x70, 0x14, 0x00, 0x00, 0x23, 0x40, 0x00, 0x00,
    0x10, 0x00, 0x00, 0x00, 0x17, 0x01, 0x07, 0x00, 0x2f, 0x01, 0x01, 0x00,
    0x02, 0x00, 0x00, 0x00, 0x00, 0x40, 0x00, 0x00, 0xb0, 0x62, 0x02, 0x00,
    0x10, 0x40, 0x00, 0x00, 0x8e, 0x0b, 0x00, 0x00, 0x2f, 0x01, 0x03, 0x00,
    0x02, 0x00, 0x00, 0x00, 0x00, 0x40, 0x00, 0x00, 0xf0, 0xa9, 0x01, 0x00,
    0x0b, 0x01, 0x04, 0x00, 0x0c, 0x01, 0x04, 0x00, 0x01, 0x01, 0x01, 0x00,
    0x02, 0x01, 0x01, 0x00, 0x10, 0x40, 0x00, 0x00, 0xd0, 0x57, 0x02, 0x00,
    0x13, 0x01, 0x0b, 0x00, 0x15, 0x40, 0x00, 0x00, 0xa0, 0x03, 0x00, 0x00,
    0x14, 0x40, 0x00, 0x00, 0x10, 0x00, 0x00, 0x00, 0x16, 0x40, 0x00, 0x00,
    0xa0, 0x03, 0x00, 0x00, 0x18, 0x01, 0x80, 0xff, 0x14, 0x01, 0x41, 0x00,
    0x21, 0x01, 0x04, 0x00, 0x20, 0x01, 0x02, 0x00, 0x20, 0x40, 0x00, 0x00,
    0x10, 0x12, 0x00, 0x00, 0x21, 0x40, 0x00, 0x00, 0xe0, 0x00, 0x00, 0x00,
    0x22, 0x40, 0x00, 0x00, 0x90, 0x11, 0x00, 0x00, 0x23, 0x40, 0x00, 0x00,
    0x80, 0x00, 0x00, 0x00, 0x17, 0x01, 0x0f, 0x00, 0x0d, 0x01, 0x12, 0x00,
    0x03, 0x00, 0x00, 0x00, 0x00, 0x40, 0x00, 0x00, 0x90, 0xad, 0x01, 0x00,
    0x10, 0x40, 0x00, 0x00, 0x70, 0x5b, 0x02, 0x00, 0x03, 0x00, 0x00, 0x00,
    0x00, 0x40, 0x00, 0x00, 0xd0, 0x57, 0x02, 0x00, 0x0b, 0x01, 0x00, 0x00,
    0x0c, 0x01, 0x00, 0x00, 0x01, 0x01, 0x00, 0x00, 0x02, 0x01, 0x00, 0x00,
    0x10, 0x40, 0x00, 0x00, 0x10, 0x5f, 0x02, 0x00, 0x21, 0x01, 0x00, 0x00,
    0x20, 0x01, 0x00, 0x00, 0x20, 0x40, 0x00, 0x00, 0x70, 0x13, 0x00, 0x00,
    0x21, 0x40, 0x00, 0x00, 0x00, 0x01, 0x00, 0x00, 0x22, 0x40, 0x00, 0x00,
    0xf0, 0x12, 0x00, 0x00, 0x0d, 0x01, 0x0a, 0x00, 0x2f, 0x01, 0x01, 0x00,
    0x02, 0x00, 0x00, 0x00, 0x00, 0x40, 0x00, 0x00, 0x70, 0x5b, 0x02, 0x00,
    0x10, 0x40, 0x00, 0x00, 0xb0, 0x62, 0x02, 0x00, 0x2f, 0x01, 0x03, 0x00,
    0x02, 0x00, 0x00, 0x00, 0x00, 0x40, 0x00, 0x00, 0x10, 0x5f, 0x02, 0x00,
    0x10, 0x40, 0x00, 0x00, 0xc8, 0x0b, 0x00, 0x00, 0x13, 0x01, 0x00, 0x00,
    0x15, 0x40, 0x00, 0x00, 0x3a, 0x00, 0x00, 0x00, 0x14, 0x40, 0x00, 0x00,
    0x01, 0x00, 0x00, 0x00, 0x16, 0x40, 0x00, 0x00, 0x01, 0x00, 0x00, 0x00,
    0x18, 0x01, 0x75, 0x00, 0x14, 0x01, 0x01, 0x00, 0x20, 0x40, 0x00, 0x00,
    0x80, 0x14, 0x00, 0x00, 0x21, 0x40, 0x00, 0x00, 0x40, 0x00, 0x00, 0x00,
    0x22, 0x40, 0x00, 0x00, 0x70, 0x14, 0x00, 0x00, 0x23, 0x40, 0x00, 0x00,
    0x10, 0x00, 0x00, 0x00, 0x17, 0x01, 0x07, 0x00, 0x2f, 0x01, 0x01, 0x00,
    0x02, 0x00, 0x00, 0x00, 0x00, 0x40, 0x00, 0x00, 0xb0, 0x62, 0x02, 0x00,
    0x10, 0x40, 0x00, 0x00, 0x02, 0x0c, 0x00, 0x00, 0x2f, 0x01, 0x03, 0x00,
    0x02, 0x00, 0x00, 0x00, 0x00, 0x40, 0x00, 0x00, 0x30, 0xb1, 0x01, 0x00,
    0x0b, 0x01, 0x04, 0x00, 0x0c, 0x01, 0x04, 0x00, 0x01, 0x01, 0x01, 0x00,
    0x02, 0x01, 0x01, 0x00, 0x10, 0x40, 0x00, 0x00, 0xd0, 0x57, 0x02, 0x00,
    0x13, 0x01, 0x0b, 0x00, 0x15, 0x40, 0x00, 0x00, 0xa0, 0x03, 0x00, 0x00,
    0x14, 0x40, 0x00, 0x00, 0x10, 0x00, 0x00, 0x00, 0x16, 0x40, 0x00, 0x00,
    0xa0, 0x03, 0x00, 0x00, 0x18, 0x01, 0x80, 0xff, 0x14, 0x01, 0x41, 0x00,
    0x21, 0x01, 0x04, 0x00, 0x20, 0x01, 0x02, 0x00, 0x20, 0x40, 0x00, 0x00,
    0x10, 0x12, 0x00, 0x00, 0x21, 0x40, 0x00, 0x00, 0xe0, 0x00, 0x00, 0x00,
    0x22, 0x40, 0x00, 0x00, 0x90, 0x11, 0x00, 0x00, 0x23, 0x40, 0x00, 0x00,
    0x80, 0x00, 0x00, 0x00, 0x17, 0x01, 0x0f, 0x00, 0x0d, 0x01, 0x12, 0x00,
    0x03, 0x00, 0x00, 0x00, 0x00, 0x40, 0x00, 0x00, 0xd0, 0xb4, 0x01, 0x00,
    0x10, 0x40, 0x00, 0x00, 0x70, 0x5b, 0x02, 0x00, 0x03, 0x00, 0x00, 0x00,
    0x00, 0x40, 0x00, 0x00, 0xd0, 0x57, 0x02, 0x00, 0x0b, 0x01, 0x00, 0x00,
    0x0c, 0x01, 0x00, 0x00, 0x01, 0x01, 0x00, 0x00, 0x02, 0x01, 0x00, 0x00,
    0x10, 0x40, 0x00, 0x00, 0x10, 0x5f, 0x02, 0x00, 0x21, 0x01, 0x00, 0x00,
    0x20, 0x01, 0x00, 0x00, 0x20, 0x40, 0x00, 0x00, 0x70, 0x13, 0x00, 0x00,
    0x21, 0x40, 0x00, 0x00, 0x00, 0x01, 0x00, 0x00, 0x22, 0x40, 0x00, 0x00,
    0xf0, 0x12, 0x00, 0x00, 0x0d, 0x01, 0x0a, 0x00, 0x2f, 0x01, 0x01, 0x00,
    0x02, 0x00, 0x00, 0x00, 0x00, 0x40, 0x00, 0x00, 0x70, 0x5b, 0x02, 0x00,
    0x10, 0x40, 0x00, 0x00, 0xb0, 0x62, 0x02, 0x00, 0x2f, 0x01, 0x03, 0x00,
    0x02, 0x00, 0x00, 0x00, 0x00, 0x40, 0x00, 0x00, 0x10, 0x5f, 0x02, 0x00,
    0x10, 0x40, 0x00, 0x00, 0x3c, 0x0c, 0x00, 0x00, 0x13, 0x01, 0x00, 0x00,
    0x15, 0x40, 0x00, 0x00, 0x3a, 0x00, 0x00, 0x00, 0x14, 0x40, 0x00, 0x00,
    0x01, 0x00, 0x00, 0x00, 0x16, 0x40, 0x00, 0x00, 0x01, 0x00, 0x00, 0x00,
    0x18, 0x01, 0x75, 0x00, 0x14, 0x01, 0x01, 0x00, 0x20, 0x40, 0x00, 0x00,
    0x80, 0x14, 0x00, 0x00, 0x21, 0x40, 0x00, 0x00, 0x40, 0x00, 0x00, 0x00,
    0x22, 0x40, 0x00, 0x00, 0x70, 0x14, 0x00, 0x00, 0x23, 0x40, 0x00, 0x00,
    0x10, 0x00, 0x00, 0x00, 0x17, 0x01, 0x07, 0x00, 0x2f, 0x01, 0x01, 0x00,
    0x02, 0x00, 0x00, 0x00, 0x00, 0x40, 0x00, 0x00, 0xb0, 0x62, 0x02, 0x00,
    0x10, 0x40, 0x00, 0x00, 0x76, 0x0c, 0x00, 0x00, 0x2f, 0x01, 0x03, 0x00,
    0x02, 0x00, 0x00, 0x00, 0x00, 0x40, 0x00, 0x00, 0x50, 0x1a, 0x02, 0x00,
    0x0b, 0x01, 0x02, 0x00, 0x0c, 0x01, 0x02, 0x00, 0x01, 0x01, 0x04, 0x00,
    0x02, 0x01, 0x04, 0x00, 0x10, 0x40, 0x00, 0x00, 0x90, 0x50, 0x02, 0x00,
    0x13, 0x01, 0x0b, 0x00, 0x15, 0x40, 0x00, 0x00, 0xa0, 0x03, 0x00, 0x00,
    0x14, 0x40, 0x00, 0x00, 0x10, 0x00, 0x00, 0x00, 0x16, 0x40, 0x00, 0x00,
    0xa0, 0x03, 0x00, 0x00, 0x18, 0x01, 0x80, 0xff, 0x14, 0x01, 0x41, 0x00,
    0x21, 0x01, 0x02, 0x00, 0x20, 0x01, 0x08, 0x00, 0x20, 0x40, 0x00, 0x00,
    0xa0, 0x0e, 0x00, 0x00, 0x21, 0x40, 0x00, 0x00, 0x80, 0x01, 0x00, 0x00,
    0x22, 0x40, 0x00, 0x00, 0x20, 0x0e, 0x00, 0x00, 0x23, 0x40, 0x00, 0x00,
    0x80, 0x00, 0x00, 0x00, 0x17, 0x01, 0x0f, 0x00, 0x0d, 0x01, 0x12, 0x00,
    0x03, 0x00, 0x00, 0x00, 0x00, 0x40, 0x00, 0x00, 0xf0, 0x1d, 0x02, 0x00,
    0x02, 0x40, 0x00, 0x00, 0x70, 0x0f, 0x02, 0x00, 0x0b, 0x01, 0x01, 0x00,
    0x0c, 0x01, 0x01, 0x00, 0x10, 0x40, 0x00, 0x00, 0x30, 0x54, 0x02, 0x00,
    0x03, 0x00, 0x00, 0x00, 0x00, 0x40, 0x00, 0x00, 0x90, 0x50, 0x02, 0x00,
    0x02, 0x40, 0x00, 0x00, 0x00, 0x00, 0x00, 0x00, 0x0b, 0x01, 0x00, 0x00,
    0x0c, 0x01, 0x00, 0x00, 0x01, 0x01, 0x00, 0x00, 0x02, 0x01, 0x00, 0x00,
    0x10, 0x40, 0x00, 0x00, 0xf0, 0xc6, 0x01, 0x00, 0x21, 0x01, 0x00, 0x00,
    0x20, 0x01, 0x00, 0x00, 0x20, 0x40, 0x00, 0x00, 0xa0, 0x10, 0x00, 0x00,
    0x21, 0x40, 0x00, 0x00, 0xf0, 0x00, 0x00, 0x00, 0x22, 0x40, 0x00, 0x00,
    0x20, 0x10, 0x00, 0x00, 0x0d, 0x01, 0x0a, 0x00, 0x2f, 0x01, 0x01, 0x00,
    0x02, 0x00, 0x00, 0x00, 0x00, 0x40, 0x00, 0x00, 0x30, 0x54, 0x02, 0x00,
    0x10, 0x40, 0x00, 0x00, 0x90, 0xca, 0x01, 0x00, 0x2f, 0x01, 0x03, 0x00,
    0x02, 0x00, 0x00, 0x00, 0x00, 0x40, 0x00, 0x00, 0x90, 0x21, 0x02, 0x00,
    0x02, 0x40, 0x00, 0x00, 0x70, 0x0f, 0x02, 0x00, 0x01, 0x01, 0x04, 0x00,
    0x02, 0x01, 0x04, 0x00, 0x10, 0x40, 0x00, 0x00, 0x90, 0x50, 0x02, 0x00,
    0x21, 0x01, 0x02, 0x00, 0x20, 0x01, 0x08, 0x00, 0x20, 0x40, 0x00, 0x00,
    0xa0, 0x0e, 0x00, 0x00, 0x21, 0x40, 0x00, 0x00, 0x80, 0x01, 0x00, 0x00,
    0x22, 0x40, 0x00, 0x00, 0x20, 0x0e, 0x00, 0x00, 0x0d, 0x01, 0x12, 0x00,
    0x03, 0x00, 0x00, 0x00, 0x00, 0x40, 0x00, 0x00, 0x50, 0xfd, 0x01, 0x00,
    0x02, 0x40, 0x00, 0x00, 0x00, 0x00, 0x00, 0x00, 0x0b, 0x01, 0x02, 0x00,
    0x0c, 0x01, 0x02, 0x00, 0x01, 0x01, 0x03, 0x00, 0x02, 0x01, 0x03, 0x00,
    0x10, 0x40, 0x00, 0x00, 0x50, 0x49, 0x02, 0x00, 0x20, 0x01, 0x06, 0x00,
    0x20, 0x40, 0x00, 0x00, 0x60, 0x0b, 0x00, 0x00, 0x21, 0x40, 0x00, 0x00,
    0x40, 0x01, 0x00, 0x00, 0x22, 0x40, 0x00, 0x00, 0xe0, 0x0a, 0x00, 0x00,
    0x0d, 0x01, 0x0a, 0x00, 0x03, 0x00, 0x00, 0x00, 0x00, 0x40, 0x00, 0x00,
    0xf0, 0x00, 0x02, 0x00, 0x10, 0x40, 0x00, 0x00, 0xf0, 0x4c, 0x02, 0x00,
    0x03, 0x00, 0x00, 0x00, 0x00, 0x40, 0x00, 0x00, 0x50, 0x49, 0x02, 0x00,
    0x0b, 0x01, 0x00, 0x00, 0x0c, 0x01, 0x00, 0x00, 0x01, 0x01, 0x00, 0x00,
    0x02, 0x01, 0x00, 0x00, 0x10, 0x40, 0x00, 0x00, 0xb0, 0x16, 0x02, 0x00,
    0x21, 0x01, 0x00, 0x00, 0x20, 0x01, 0x00, 0x00, 0x20, 0x40, 0x00, 0x00,
    0x20, 0x0d, 0x00, 0x00, 0x21, 0x40, 0x00, 0x00, 0x00, 0x01, 0x00, 0x00,
    0x22, 0x40, 0x00, 0x00, 0xa0, 0x0c, 0x00, 0x00, 0x2f, 0x01, 0x01, 0x00,
    0x02, 0x00, 0x00, 0x00, 0x00, 0x40, 0x00, 0x00, 0xf0, 0x4c, 0x02, 0x00,
    0x10, 0x40, 0x00, 0x00, 0x50, 0x1a, 0x02, 0x00, 0x2f, 0x01, 0x03, 0x00,
    0x02, 0x00, 0x00, 0x00, 0x00, 0x40, 0x00, 0x00, 0x90, 0x04, 0x02, 0x00,
    0x0b, 0x01, 0x02, 0x00, 0x0c, 0x01, 0x02, 0x00, 0x01, 0x01, 0x03, 0x00,
    0x02, 0x01, 0x03, 0x00, 0x10, 0x40, 0x00, 0x00, 0x50, 0x49, 0x02, 0x00,
    0x21, 0x01, 0x02, 0x00, 0x20, 0x01, 0x06, 0x00, 0x20, 0x40, 0x00, 0x00,
    0x60, 0x0b, 0x00, 0x00, 0x21, 0x40, 0x00, 0x00, 0x40, 0x01, 0x00, 0x00,
    0x22, 0x40, 0x00, 0x00, 0xe0, 0x0a, 0x00, 0x00, 0x03, 0x00, 0x00, 0x00,
    0x00, 0x40, 0x00, 0x00, 0x30, 0x94, 0x01, 0x00, 0x0b, 0x01, 0x04, 0x00,
    0x0c, 0x01, 0x04, 0x00, 0x01, 0x01, 0x01, 0x00, 0x02, 0x01, 0x01, 0x00,
    0x10, 0x40, 0x00, 0x00, 0x10, 0x42, 0x02, 0x00, 0x21, 0x01, 0x04, 0x00,
    0x20, 0x01, 0x02, 0x00, 0x20, 0x40, 0x00, 0x00, 0x80, 0x08, 0x00, 0x00,
    0x21, 0x40, 0x00, 0x00, 0xe0, 0x00, 0x00, 0x00, 0x22, 0x40, 0x00, 0x00,
    0x00, 0x08, 0x00, 0x00, 0x0d, 0x01, 0x12, 0x00, 0x03, 0x00, 0x00, 0x00,
    0x00, 0x40, 0x00, 0x00, 0xd0, 0x97, 0x01, 0x00, 0x10, 0x40, 0x00, 0x00,
    0xb0, 0x45, 0x02, 0x00, 0x03, 0x00, 0x00, 0x00, 0x00, 0x40, 0x00, 0x00,
    0x10, 0x42, 0x02, 0x00, 0x0b, 0x01, 0x00, 0x00, 0x0c, 0x01, 0x00, 0x00,
    0x01, 0x01, 0x00, 0x00, 0x02, 0x01, 0x00, 0x00, 0x10, 0x40, 0x00, 0x00,
    0xb0, 0xf9, 0x01, 0x00, 0x21, 0x01, 0x00, 0x00, 0x20, 0x01, 0x00, 0x00,
    0x20, 0x40, 0x00, 0x00, 0xe0, 0x09, 0x00, 0x00, 0x21, 0x40, 0x00, 0x00,
    0x00, 0x01, 0x00, 0x00, 0x22, 0x40, 0x00, 0x00, 0x60, 0x09, 0x00, 0x00,
    0x0d, 0x01, 0x0a, 0x00, 0x2f, 0x01, 0x01, 0x00, 0x02, 0x00, 0x00, 0x00,
    0x00, 0x40, 0x00, 0x00, 0xb0, 0x45, 0x02, 0x00, 0x10, 0x40, 0x00, 0x00,
    0x50, 0xfd, 0x01, 0x00, 0x2f, 0x01, 0x03, 0x00, 0x02, 0x00, 0x00, 0x00,
    0x00, 0x40, 0x00, 0x00, 0xd0, 0xee, 0x01, 0x00, 0x0b, 0x01, 0x02, 0x00,
    0x0c, 0x01, 0x02, 0x00, 0x01, 0x01, 0x04, 0x00, 0x02, 0x01, 0x04, 0x00,
    0x10, 0x40, 0x00, 0x00, 0xd0, 0x3a, 0x02, 0x00, 0x21, 0x01, 0x02, 0x00,
    0x20, 0x01, 0x08, 0x00, 0x20, 0x40, 0x00, 0x00, 0xf0, 0x04, 0x00, 0x00,
    0x21, 0x40, 0x00, 0x00, 0x90, 0x01, 0x00, 0x00, 0x22, 0x40, 0x00, 0x00,
    0x70, 0x04, 0x00, 0x00, 0x0d, 0x01, 0x12, 0x00, 0x03, 0x00, 0x00, 0x00,
    0x00, 0x40, 0x00, 0x00, 0x70, 0xf2, 0x01, 0x00, 0x02, 0x40, 0x00, 0x00,
    0xf0, 0xe3, 0x01, 0x00, 0x0b, 0x01, 0x01, 0x00, 0x0c, 0x01, 0x01, 0x00,
    0x10, 0x40, 0x00, 0x00, 0x70, 0x3e, 0x02, 0x00, 0x03, 0x00, 0x00, 0x00,
    0x00, 0x40, 0x00, 0x00, 0xd0, 0x3a, 0x02, 0x00, 0x02, 0x40, 0x00, 0x00,
    0x00, 0x00, 0x00, 0x00, 0x0b, 0x01, 0x00, 0x00, 0x0c, 0x01, 0x00, 0x00,
    0x01, 0x01, 0x00, 0x00, 0x02, 0x01, 0x00, 0x00, 0x10, 0x40, 0x00, 0x00,
    0xb0, 0x85, 0x01, 0x00, 0x21, 0x01, 0x00, 0x00, 0x20, 0x01, 0x00, 0x00,
    0x20, 0x40, 0x00, 0x00, 0x00, 0x07, 0x00, 0x00, 0x21, 0x40, 0x00, 0x00,
    0x00, 0x01, 0x00, 0x00, 0x22, 0x40, 0x00, 0x00, 0x80, 0x06, 0x00, 0x00,
    0x0d, 0x01, 0x0a, 0x00, 0x2f, 0x01, 0x01, 0x00, 0x02, 0x00, 0x00, 0x00,
    0x00, 0x40, 0x00, 0x00, 0x70, 0x3e, 0x02, 0x00, 0x10, 0x40, 0x00, 0x00,
    0x50, 0x89, 0x01, 0x00, 0x2f, 0x01, 0x03, 0x00, 0x02, 0x00, 0x00, 0x00,
    0x00, 0x40, 0x00, 0x00, 0x10, 0xf6, 0x01, 0x00, 0x02, 0x40, 0x00, 0x00,
    0xf0, 0xe3, 0x01, 0x00, 0x01, 0x01, 0x04, 0x00, 0x02, 0x01, 0x04, 0x00,
    0x10, 0x40, 0x00, 0x00, 0xd0, 0x3a, 0x02, 0x00, 0x21, 0x01, 0x02, 0x00,
    0x20, 0x01, 0x08, 0x00, 0x20, 0x40, 0x00, 0x00, 0xf0, 0x04, 0x00, 0x00,
    0x21, 0x40, 0x00, 0x00, 0x90, 0x01, 0x00, 0x00, 0x22, 0x40, 0x00, 0x00,
    0x70, 0x04, 0x00, 0x00, 0x0d, 0x01, 0x12, 0x00, 0x03, 0x00, 0x00, 0x00,
    0x00, 0x40, 0x00, 0x00, 0xd0, 0xd1, 0x01, 0x00, 0x02, 0x40, 0x00, 0x00,
    0x00, 0x00, 0x00, 0x00, 0x0b, 0x01, 0x02, 0x00, 0x0c, 0x01, 0x02, 0x00,
    0x01, 0x01, 0x03, 0x00, 0x02, 0x01, 0x03, 0x00, 0x10, 0x40, 0x00, 0x00,
    0x90, 0x33, 0x02, 0x00, 0x20, 0x01, 0x06, 0x00, 0x20, 0x40, 0x00, 0x00,
    0xe0, 0x01, 0x00, 0x00, 0x21, 0x40, 0x00, 0x00, 0x30, 0x01, 0x00, 0x00,
    0x22, 0x40, 0x00, 0x00, 0x60, 0x01, 0x00, 0x00, 0x0d, 0x01, 0x0a, 0x00,
    0x03, 0x00, 0x00, 0x00, 0x00, 0x40, 0x00, 0x00, 0x70, 0xd5, 0x01, 0x00,
    0x10, 0x40, 0x00, 0x00, 0x30, 0x37, 0x02, 0x00, 0x03, 0x00, 0x00, 0x00,
    0x00, 0x40, 0x00, 0x00, 0x90, 0x33, 0x02, 0x00, 0x0b, 0x01, 0x00, 0x00,
    0x0c, 0x01, 0x00, 0x00, 0x01, 0x01, 0x00, 0x00, 0x02, 0x01, 0x00, 0x00,
    0x10, 0x40, 0x00, 0x00, 0x30, 0xeb, 0x01, 0x00, 0x21, 0x01, 0x00, 0x00,
    0x20, 0x01, 0x00, 0x00, 0x20, 0x40, 0x00, 0x00, 0x90, 0x03, 0x00, 0x00,
    0x21, 0x40, 0x00, 0x00, 0xe0, 0x00, 0x00, 0x00, 0x22, 0x40, 0x00, 0x00,
    0x10, 0x03, 0x00, 0x00, 0x2f, 0x01, 0x01, 0x00, 0x02, 0x00, 0x00, 0x00,
    0x00, 0x40, 0x00, 0x00, 0x30, 0x37, 0x02, 0x00, 0x10, 0x40, 0x00, 0x00,
    0xd0, 0xee, 0x01, 0x00, 0x2f, 0x01, 0x03, 0x00, 0x02, 0x00, 0x00, 0x00,
    0x00, 0x40, 0x00, 0x00, 0x10, 0xd9, 0x01, 0x00, 0x0b, 0x01, 0x02, 0x00,
    0x0c, 0x01, 0x02, 0x00, 0x01, 0x01, 0x03, 0x00, 0x02, 0x01, 0x03, 0x00,
    0x10, 0x40, 0x00, 0x00, 0x90, 0x33, 0x02, 0x00, 0x21, 0x01, 0x02, 0x00,
    0x20, 0x01, 0x06, 0x00, 0x20, 0x40, 0x00, 0x00, 0xe0, 0x01, 0x00, 0x00,
    0x21, 0x40, 0x00, 0x00, 0x30, 0x01, 0x00, 0x00, 0x22, 0x40, 0x00, 0x00,
    0x60, 0x01, 0x00, 0x00, 0x03, 0x00, 0x00, 0x00, 0x00, 0x40, 0x00, 0x00,
    0x70, 0x2f, 0x01, 0x00, 0x0b, 0x01, 0x01, 0x00, 0x0c, 0x01, 0x01, 0x00,
    0x0a, 0x01, 0x72, 0x00, 0x04, 0x01, 0x03, 0x00, 0x05, 0x40, 0x00, 0x00,
    0xcc, 0x01, 0x00, 0x00, 0x04, 0x40, 0x00, 0x00, 0x04, 0x00, 0x00, 0x00,
    0x06, 0x40, 0x00, 0x00, 0x01, 0x00, 0x00, 0x00, 0x09, 0x01, 0x00, 0x00,
    0x05, 0x01, 0x01, 0x00, 0x01, 0x01, 0x00, 0x00, 0x02, 0x01, 0x00, 0x00,
    0x10, 0x40, 0x00, 0x00, 0x30, 0x25, 0x02, 0x00, 0x11, 0x01, 0x72, 0x00,
    0x1a, 0x01, 0x72, 0x00, 0x13, 0x01, 0x03, 0x00, 0x15, 0x40, 0x00, 0x00,
    0x30, 0x07, 0x00, 0x00, 0x16, 0x40, 0x00, 0x00, 0x30, 0x07, 0x00, 0x00,
    0x18, 0x01, 0x00, 0x00, 0x14, 0x01, 0x41, 0x81, 0x21, 0x01, 0x01, 0x00,
    0x20, 0x01, 0x00, 0x00, 0x22, 0x01, 0x02, 0x00, 0x15, 0x01, 0x15, 0x00,
    0x17, 0x01, 0x07, 0x00, 0x05, 0x00, 0x01, 0x00, 0x00, 0x40, 0x00, 0x00,
    0x08, 0x33, 0x01, 0x00, 0x10, 0x40, 0x00, 0x00, 0x60, 0x2c, 0x02, 0x00,
    0x05, 0x00, 0x01, 0x00, 0x00, 0x40, 0x00, 0x00, 0x30, 0x25, 0x02, 0x00,
    0x0b, 0x01, 0x00, 0x00, 0x0c, 0x01, 0x00, 0x00, 0x05, 0x40, 0x00, 0x00,
    0x30, 0x07, 0x00, 0x00, 0x04, 0x40, 0x00, 0x00, 0x10, 0x00, 0x00, 0x00,
    0x06, 0x40, 0x00, 0x00, 0x30, 0x07, 0x00, 0x00, 0x05, 0x01, 0x41, 0x00,
    0x01, 0x01, 0x01, 0x00, 0x02, 0x01, 0x01, 0x00, 0x10, 0x40, 0x00, 0x00,
    0x30, 0xce, 0x01, 0x00, 0x11, 0x01, 0x39, 0x00, 0x1a, 0x01, 0x39, 0x00,
    0x13, 0x01, 0x0b, 0x00, 0x15, 0x40, 0x00, 0x00, 0xa0, 0x03, 0x00, 0x00,
    0x16, 0x40, 0x00, 0x00, 0xa0, 0x03, 0x00, 0x00, 0x18, 0x01, 0x80, 0xff,
    0x14, 0x01, 0x41, 0x00, 0x21, 0x01, 0x00, 0x00, 0x20, 0x01, 0x02, 0x00,
    0x22, 0x01, 0x05, 0x00, 0x20, 0x40, 0x00, 0x00, 0x80, 0x00, 0x00, 0x00,
    0x21, 0x40, 0x00, 0x00, 0xe0, 0x00, 0x00, 0x00, 0x22, 0x40, 0x00, 0x00,
    0x00, 0x00, 0x00, 0x00, 0x15, 0x01, 0x39, 0x00, 0x17, 0x01, 0x0f, 0x00,
    0x2f, 0x01, 0x01, 0x00, 0x02, 0x00, 0x00, 0x00, 0x00, 0x40, 0x00, 0x00,
    0x60, 0x2c, 0x02, 0x00, 0x10, 0x40, 0x00, 0x00, 0xd0, 0xd1, 0x01, 0x00,
    0x2f, 0x01, 0x03, 0x00, 0x02, 0x00, 0x00, 0x00, 0x00, 0x40, 0x00, 0x00,
    0xa0, 0x36, 0x01, 0x00, 0x0b, 0x01, 0x01, 0x00, 0x0c, 0x01, 0x01, 0x00,
    0x05, 0x40, 0x00, 0x00, 0xcc, 0x01, 0x00, 0x00, 0x04, 0x40, 0x00, 0x00,
    0x04, 0x00, 0x00, 0x00, 0x06, 0x40, 0x00, 0x00, 0x01, 0x00, 0x00, 0x00,
    0x05, 0x01, 0x01, 0x00, 0x01, 0x01, 0x00, 0x00, 0x02, 0x01, 0x00, 0x00,
    0x10, 0x40, 0x00, 0x00, 0x30, 0x25, 0x02, 0x00, 0x11, 0x01, 0x72, 0x00,
    0x1a, 0x01, 0x72, 0x00, 0x13, 0x01, 0x03, 0x00, 0x15, 0x40, 0x00, 0x00,
    0x30, 0x07, 0x00, 0x00, 0x16, 0x40, 0x00, 0x00, 0x30, 0x07, 0x00, 0x00,
    0x18, 0x01, 0x00, 0x00, 0x14, 0x01, 0x41, 0x81, 0x21, 0x01, 0x01, 0x00,
    0x20, 0x01, 0x00, 0x00, 0x22, 0x01, 0x02, 0x00, 0x15, 0x01, 0x15, 0x00,
    0x17, 0x01, 0x07, 0x00, 0x05, 0x00, 0x01, 0x00, 0x00, 0x40, 0x00, 0x00,
    0x38, 0x3a, 0x01, 0x00, 0x10, 0x40, 0x00, 0x00, 0x60, 0x2c, 0x02, 0x00,
    0x05, 0x00, 0x01, 0x00, 0x00, 0x40, 0x00, 0x00, 0x30, 0x25, 0x02, 0x00,
    0x0b, 0x01, 0x00, 0x00, 0x0c, 0x01, 0x00, 0x00, 0x05, 0x40, 0x00, 0x00,
    0x30, 0x07, 0x00, 0x00, 0x04, 0x40, 0x00, 0x00, 0x10, 0x00, 0x00, 0x00,
    0x06, 0x40, 0x00, 0x00, 0x30, 0x07, 0x00, 0x00, 0x05, 0x01, 0x41, 0x00,
    0x01, 0x01, 0x01, 0x00, 0x02, 0x01, 0x01, 0x00, 0x10, 0x40, 0x00, 0x00,
    0x70, 0xd5, 0x01, 0x00, 0x11, 0x01, 0x39, 0x00, 0x1a, 0x01, 0x39, 0x00,
    0x13, 0x01, 0x0b, 0x00, 0x15, 0x40, 0x00, 0x00, 0xa0, 0x03, 0x00, 0x00,
    0x16, 0x40, 0x00, 0x00, 0xa0, 0x03, 0x00, 0x00, 0x18, 0x01, 0x80, 0xff,
    0x14, 0x01, 0x41, 0x00, 0x21, 0x01, 0x00, 0x00, 0x20, 0x01, 0x02, 0x00,
    0x22, 0x01, 0x05, 0x00, 0x15, 0x01, 0x39, 0x00, 0x17, 0x01, 0x0f, 0x00,
    0x2f, 0x01, 0x01, 0x00, 0x02, 0x00, 0x00, 0x00, 0x00, 0x40, 0x00, 0x00,
    0x60, 0x2c, 0x02, 0x00, 0x10, 0x40, 0x00, 0x00, 0x10, 0xd9, 0x01, 0x00,
    0x2f, 0x01, 0x03, 0x00, 0x02, 0x00, 0x00, 0x00, 0x00, 0x40, 0x00, 0x00,
    0xb0, 0xdc, 0x01, 0x00, 0x02, 0x40, 0x00, 0x00, 0x30, 0xce, 0x01, 0x00,
    0x0b, 0x01, 0x01, 0x00, 0x0c, 0x01, 0x01, 0x00, 0x0a, 0x01, 0x39, 0x00,
    0x04, 0x01, 0x0b, 0x00, 0x05, 0x40, 0x00, 0x00, 0xa0, 0x03, 0x00, 0x00,
    0x06, 0x40, 0x00, 0x00, 0xa0, 0x03, 0x00, 0x00, 0x09, 0x01, 0x80, 0xff,
    0x01, 0x01, 0x03, 0x00, 0x02, 0x01, 0x03, 0x00, 0x10, 0x40, 0x00, 0x00,
    0x30, 0x37, 0x02, 0x00, 0x21, 0x01, 0x02, 0x00, 0x20, 0x01, 0x06, 0x00,
    0x22, 0x01, 0x00, 0x00, 0x20, 0x40, 0x00, 0x00, 0xe0, 0x01, 0x00, 0x00,
    0x21, 0x40, 0x00, 0x00, 0x30, 0x01, 0x00, 0x00, 0x22, 0x40, 0x00, 0x00,
    0x60, 0x01, 0x00, 0x00, 0x2f, 0x01, 0x01, 0x00, 0x03, 0x00, 0x00, 0x00,
    0x00, 0x40, 0x00, 0x00, 0x90, 0x33, 0x02, 0x00, 0x02, 0x40, 0x00, 0x00,
    0x00, 0x00, 0x00, 0x00, 0x0b, 0x01, 0x00, 0x00, 0x0c, 0x01, 0x00, 0x00,
    0x01, 0x01, 0x00, 0x00, 0x02, 0x01, 0x00, 0x00, 0x10, 0x40, 0x00, 0x00,
    0x70, 0xf2, 0x01, 0x00, 0x21, 0x01, 0x00, 0x00, 0x20, 0x01, 0x00, 0x00,
    0x20, 0x40, 0x00, 0x00, 0x90, 0x03, 0x00, 0x00, 0x21, 0x40, 0x00, 0x00,
    0xe0, 0x00, 0x00, 0x00, 0x22, 0x40, 0x00, 0x00, 0x10, 0x03, 0x00, 0x00,
    0x02, 0x00, 0x00, 0x00, 0x00, 0x40, 0x00, 0x00, 0x30, 0x37, 0x02, 0x00,
    0x10, 0x40, 0x00, 0x00, 0x10, 0xf6, 0x01, 0x00, 0x2f, 0x01, 0x03, 0x00,
    0x02, 0x00, 0x00, 0x00, 0x00, 0x40, 0x00, 0x00, 0xf0, 0xe3, 0x01, 0x00,
    0x0b, 0x01, 0x02, 0x00, 0x0c, 0x01, 0x02, 0x00, 0x01, 0x01, 0x04, 0x00,
    0x02, 0x01, 0x04, 0x00, 0x10, 0x40, 0x00, 0x00, 0x70, 0x3e, 0x02, 0x00,
    0x21, 0x01, 0x02, 0x00, 0x20, 0x01, 0x08, 0x00, 0x20, 0x40, 0x00, 0x00,
    0xf0, 0x04, 0x00, 0x00, 0x21, 0x40, 0x00, 0x00, 0x90, 0x01, 0x00, 0x00,
    0x22, 0x40, 0x00, 0x00, 0x70, 0x04, 0x00, 0x00, 0x0d, 0x01, 0x12, 0x00,
    0x2f, 0x01, 0x01, 0x00, 0x03, 0x00, 0x00, 0x00, 0x00, 0x40, 0x00, 0x00,
    0xd0, 0x3a, 0x02, 0x00, 0x0b, 0x01, 0x00, 0x00, 0x0c, 0x01, 0x00, 0x00,
    0x01, 0x01, 0x00, 0x00, 0x02, 0x01, 0x00, 0x00, 0x10, 0x40, 0x00, 0x00,
    0xf0, 0x8c, 0x01, 0x00, 0x21, 0x01, 0x00, 0x00, 0x20, 0x01, 0x00, 0x00,
    0x20, 0x40, 0x00, 0x00, 0x00, 0x07, 0x00, 0x00, 0x21, 0x40, 0x00, 0x00,
    0x00, 0x01, 0x00, 0x00, 0x22, 0x40, 0x00, 0x00, 0x80, 0x06, 0x00, 0x00,
    0x0d, 0x01, 0x0a, 0x00, 0x02, 0x00, 0x00, 0x00, 0x00, 0x40, 0x00, 0x00,
    0x70, 0x3e, 0x02, 0x00, 0x10, 0x40, 0x00, 0x00, 0x90, 0x90, 0x01, 0x00,
    0x2f, 0x01, 0x03, 0x00, 0x02, 0x00, 0x00, 0x00, 0x00, 0x40, 0x00, 0x00,
    0x90, 0xe7, 0x01, 0x00, 0x0b, 0x01, 0x02, 0x00, 0x0c, 0x01, 0x02, 0x00,
    0x01, 0x01, 0x04, 0x00, 0x02, 0x01, 0x04, 0x00, 0x10, 0x40, 0x00, 0x00,
    0xd0, 0x3a, 0x02, 0x00, 0x21, 0x01, 0x02, 0x00, 0x20, 0x01, 0x08, 0x00,
    0x20, 0x40, 0x00, 0x00, 0xf0, 0x04, 0x00, 0x00, 0x21, 0x40, 0x00, 0x00,
    0x90, 0x01, 0x00, 0x00, 0x22, 0x40, 0x00, 0x00, 0x70, 0x04, 0x00, 0x00,
    0x0d, 0x01, 0x12, 0x00, 0x03, 0x00, 0x00, 0x00, 0x00, 0x40, 0x00, 0x00,
    0x30, 0xeb, 0x01, 0x00, 0x10, 0x40, 0x00, 0x00, 0x70, 0x3e, 0x02, 0x00,
    0x03, 0x00, 0x00, 0x00, 0x00, 0x40, 0x00, 0x00, 0xd0, 0x3a, 0x02, 0x00,
    0x0b, 0x01, 0x00, 0x00, 0x0c, 0x01, 0x00, 0x00, 0x01, 0x01, 0x00, 0x00,
    0x02, 0x01, 0x00, 0x00, 0x10, 0x40, 0x00, 0x00, 0x30, 0x94, 0x01, 0x00,
    0x21, 0x01, 0x00, 0x00, 0x20, 0x01, 0x00, 0x00, 0x20, 0x40, 0x00, 0x00,
    0x00, 0x07, 0x00, 0x00, 0x21, 0x40, 0x00, 0x00, 0x00, 0x01, 0x00, 0x00,
    0x22, 0x40, 0x00, 0x00, 0x80, 0x06, 0x00, 0x00, 0x0d, 0x01, 0x0a, 0x00,
    0x2f, 0x01, 0x01, 0x00, 0x02, 0x00, 0x00, 0x00, 0x00, 0x40, 0x00, 0x00,
    0x70, 0x3e, 0x02, 0x00, 0x10, 0x40, 0x00, 0x00, 0xd0, 0x97, 0x01, 0x00,
    0x2f, 0x01, 0x03, 0x00, 0x02, 0x00, 0x00, 0x00, 0x00, 0x40, 0x00, 0x00,
    0x70, 0x9b, 0x01, 0x00, 0x02, 0x40, 0x00, 0x00, 0xb0, 0x85, 0x01, 0x00,
    0x0b, 0x01, 0x03, 0x00, 0x0c, 0x01, 0x03, 0x00, 0x01, 0x01, 0x01, 0x00,
    0x02, 0x01, 0x01, 0x00, 0x10, 0x40, 0x00, 0x00, 0x10, 0x42, 0x02, 0x00,
    0x21, 0x01, 0x04, 0x00, 0x20, 0x01, 0x02, 0x00, 0x20, 0x40, 0x00, 0x00,
    0x80, 0x08, 0x00, 0x00, 0x21, 0x40, 0x00, 0x00, 0xe0, 0x00, 0x00, 0x00,
    0x22, 0x40, 0x00, 0x00, 0x00, 0x08, 0x00, 0x00, 0x0d, 0x01, 0x12, 0x00,
    0x2f, 0x01, 0x01, 0x00, 0x03, 0x00, 0x00, 0x00, 0x00, 0x40, 0x00, 0x00,
    0x10, 0x9f, 0x01, 0x00, 0x0b, 0x01, 0x02, 0x00, 0x0c, 0x01, 0x02, 0x00,
    0x10, 0x40, 0x00, 0x00, 0xb0, 0x45, 0x02, 0x00, 0x2f, 0x01, 0x03, 0x00,
    0x03, 0x00, 0x00, 0x00, 0x00, 0x40, 0x00, 0x00, 0x10, 0x42, 0x02, 0x00,
    0x02, 0x40, 0x00, 0x00, 0x00, 0x00, 0x00, 0x00, 0x0b, 0x01, 0x00, 0x00,
    0x0c, 0x01, 0x00, 0x00, 0x01, 0x01, 0x00, 0x00, 0x02, 0x01, 0x00, 0x00,
    0x10, 0x40, 0x00, 0x00, 0xf0, 0x00, 0x02, 0x00, 0x21, 0x01, 0x00, 0x00,
    0x20, 0x01, 0x00, 0x00, 0x20, 0x40, 0x00, 0x00, 0xe0, 0x09, 0x00, 0x00,
    0x21, 0x40, 0x00, 0x00, 0x00, 0x01, 0x00, 0x00, 0x22, 0x40, 0x00, 0x00,
    0x60, 0x09, 0x00, 0x00, 0x0d, 0x01, 0x0a, 0x00, 0x2f, 0x01, 0x01, 0x00,
    0x02, 0x00, 0x00, 0x00, 0x00, 0x40, 0x00, 0x00, 0xb0, 0x45, 0x02, 0x00,
    0x10, 0x40, 0x00, 0x00, 0x90, 0x04, 0x02, 0x00, 0x2f, 0x01, 0x03, 0x00,
    0x02, 0x00, 0x00, 0x00, 0x00, 0x40, 0x00, 0x00, 0x30, 0x08, 0x02, 0x00,
    0x02, 0x40, 0x00, 0x00, 0xb0, 0xf9, 0x01, 0x00, 0x0b, 0x01, 0x01, 0x00,
    0x0c, 0x01, 0x01, 0x00, 0x01, 0x01, 0x03, 0x00, 0x02, 0x01, 0x03, 0x00,
    0x10, 0x40, 0x00, 0x00, 0xf0, 0x4c, 0x02, 0x00, 0x21, 0x01, 0x02, 0x00,
    0x20, 0x01, 0x06, 0x00, 0x20, 0x40, 0x00, 0x00, 0x60, 0x0b, 0x00, 0x00,
    0x21, 0x40, 0x00, 0x00, 0x40, 0x01, 0x00, 0x00, 0x22, 0x40, 0x00, 0x00,
    0xe0, 0x0a, 0x00, 0x00, 0x2f, 0x01, 0x01, 0x00, 0x03, 0x00, 0x00, 0x00,
    0x00, 0x40, 0x00, 0x00, 0x50, 0x49, 0x02, 0x00, 0x02, 0x40, 0x00, 0x00,
    0x00, 0x00, 0x00, 0x00, 0x0b, 0x01, 0x00, 0x00, 0x0c, 0x01, 0x00, 0x00,
    0x01, 0x01, 0x00, 0x00, 0x02, 0x01, 0x00, 0x00, 0x10, 0x40, 0x00, 0x00,
    0xf0, 0x1d, 0x02, 0x00, 0x21, 0x01, 0x00, 0x00, 0x20, 0x01, 0x00, 0x00,
    0x20, 0x40, 0x00, 0x00, 0x20, 0x0d, 0x00, 0x00, 0x21, 0x40, 0x00, 0x00,
    0x00, 0x01, 0x00, 0x00, 0x22, 0x40, 0x00, 0x00, 0xa0, 0x0c, 0x00, 0x00,
    0x02, 0x00, 0x00, 0x00, 0x00, 0x40, 0x00, 0x00, 0xf0, 0x4c, 0x02, 0x00,
    0x10, 0x40, 0x00, 0x00, 0x90, 0x21, 0x02, 0x00, 0x2f, 0x01, 0x03, 0x00,
    0x02, 0x00, 0x00, 0x00, 0x00, 0x40, 0x00, 0x00, 0x70, 0x0f, 0x02, 0x00,
    0x0b, 0x01, 0x02, 0x00, 0x0c, 0x01, 0x02, 0x00, 0x01, 0x01, 0x04, 0x00,
    0x02, 0x01, 0x04, 0x00, 0x10, 0x40, 0x00, 0x00, 0x30, 0x54, 0x02, 0x00,
    0x21, 0x01, 0x02, 0x00, 0x20, 0x01, 0x08, 0x00, 0x20, 0x40, 0x00, 0x00,
    0xa0, 0x0e, 0x00, 0x00, 0x21, 0x40, 0x00, 0x00, 0x80, 0x01, 0x00, 0x00,
    0x22, 0x40, 0x00, 0x00, 0x20, 0x0e, 0x00, 0x00, 0x0d, 0x01, 0x12, 0x00,
    0x2f, 0x01, 0x01, 0x00, 0x03, 0x00, 0x00, 0x00, 0x00, 0x40, 0x00, 0x00,
    0x90, 0x50, 0x02, 0x00, 0x0b, 0x01, 0x00, 0x00, 0x0c, 0x01, 0x00, 0x00,
    0x01, 0x01, 0x00, 0x00, 0x02, 0x01, 0x00, 0x00, 0x10, 0x40, 0x00, 0x00,
    0xf0, 0xa9, 0x01, 0x00, 0x21, 0x01, 0x00, 0x00, 0x20, 0x01, 0x00, 0x00,
    0x20, 0x40, 0x00, 0x00, 0xa0, 0x10, 0x00, 0x00, 0x21, 0x40, 0x00, 0x00,
    0xf0, 0x00, 0x00, 0x00, 0x22, 0x40, 0x00, 0x00, 0x20, 0x10, 0x00, 0x00,
    0x0d, 0x01, 0x0a, 0x00, 0x02, 0x00, 0x00, 0x00, 0x00, 0x40, 0x00, 0x00,
    0x30, 0x54, 0x02, 0x00, 0x10, 0x40, 0x00, 0x00, 0x90, 0xad, 0x01, 0x00,
    0x2f, 0x01, 0x03, 0x00, 0x02, 0x00, 0x00, 0x00, 0x00, 0x40, 0x00, 0x00,
    0x10, 0x13, 0x02, 0x00, 0x0b, 0x01, 0x02, 0x00, 0x0c, 0x01, 0x02, 0x00,
    0x01, 0x01, 0x04, 0x00, 0x02, 0x01, 0x04, 0x00, 0x10, 0x40, 0x00, 0x00,
    0x90, 0x50, 0x02, 0x00, 0x21, 0x01, 0x02, 0x00, 0x20, 0x01, 0x08, 0x00,
    0x20, 0x40, 0x00, 0x00, 0xa0, 0x0e, 0x00, 0x00, 0x21, 0x40, 0x00, 0x00,
    0x80, 0x01, 0x00, 0x00, 0x22, 0x40, 0x00, 0x00, 0x20, 0x0e, 0x00, 0x00,
    0x0d, 0x01, 0x12, 0x00, 0x03, 0x00, 0x00, 0x00, 0x00, 0x40, 0x00, 0x00,
    0xb0, 0x16, 0x02, 0x00, 0x10, 0x40, 0x00, 0x00, 0x30, 0x54, 0x02, 0x00,
    0x03, 0x00, 0x00, 0x00, 0x00, 0x40, 0x00, 0x00, 0x90, 0x50, 0x02, 0x00,
    0x0b, 0x01, 0x00, 0x00, 0x0c, 0x01, 0x00, 0x00, 0x01, 0x01, 0x00, 0x00,
    0x02, 0x01, 0x00, 0x00, 0x10, 0x40, 0x00, 0x00, 0x30, 0xb1, 0x01, 0x00,
    0x21, 0x01, 0x00, 0x00, 0x20, 0x01, 0x00, 0x00, 0x20, 0x40, 0x00, 0x00,
    0xa0, 0x10, 0x00, 0x00, 0x21, 0x40, 0x00, 0x00, 0xf0, 0x00, 0x00, 0x00,
    0x22, 0x40, 0x00, 0x00, 0x20, 0x10, 0x00, 0x00, 0x0d, 0x01, 0x0a, 0x00,
    0x2f, 0x01, 0x01, 0x00, 0x02, 0x00, 0x00, 0x00, 0x00, 0x40, 0x00, 0x00,
    0x30, 0x54, 0x02, 0x00, 0x10, 0x40, 0x00, 0x00, 0xd0, 0xb4, 0x01, 0x00,
    0x2f, 0x01, 0x03, 0x00, 0x02, 0x00, 0x00, 0x00, 0x00, 0x40, 0x00, 0x00,
    0x70, 0xb8, 0x01, 0x00, 0x0b, 0x01, 0x04, 0x00, 0x0c, 0x01, 0x04, 0x00,
    0x01, 0x01, 0x01, 0x00, 0x02, 0x01, 0x01, 0x00, 0x10, 0x40, 0x00, 0x00,
    0xd0, 0x57, 0x02, 0x00, 0x21, 0x01, 0x04, 0x00, 0x20, 0x01, 0x02, 0x00,
    0x20, 0x40, 0x00, 0x00, 0x10, 0x12, 0x00, 0x00, 0x21, 0x40, 0x00, 0x00,
    0xe0, 0x00, 0x00, 0x00, 0x22, 0x40, 0x00, 0x00, 0x90, 0x11, 0x00, 0x00,
    0x0d, 0x01, 0x12, 0x00, 0x2f, 0x01, 0x01, 0x00, 0x03, 0x00, 0x00, 0x00,
    0x00, 0x40, 0x00, 0x00, 0x10, 0xbc, 0x01, 0x00, 0x10, 0x40, 0x00, 0x00,
    0x70, 0x5b, 0x02, 0x00, 0x2f, 0x01, 0x03, 0x00, 0x03, 0x00, 0x00, 0x00,
    0x00, 0x40, 0x00, 0x00, 0xd0, 0x57, 0x02, 0x00, 0x0b, 0x01, 0x00, 0x00,
    0x0c, 0x01, 0x00, 0x00, 0x01, 0x01, 0x00, 0x00, 0x02, 0x01, 0x00, 0x00,
    0x10, 0x40, 0x00, 0x00, 0x10, 0x5f, 0x02, 0x00, 0x21, 0x01, 0x00, 0x00,
    0x20, 0x01, 0x00, 0x00, 0x20, 0x40, 0x00, 0x00, 0x70, 0x13, 0x00, 0x00,
    0x21, 0x40, 0x00, 0x00, 0x00, 0x01, 0x00, 0x00, 0x22, 0x40, 0x00, 0x00,
    0xf0, 0x12, 0x00, 0x00, 0x0d, 0x01, 0x0a, 0x00, 0x2f, 0x01, 0x01, 0x00,
    0x02, 0x00, 0x00, 0x00, 0x00, 0x40, 0x00, 0x00, 0x70, 0x5b, 0x02, 0x00,
    0x10, 0x40, 0x00, 0x00, 0xb0, 0x62, 0x02, 0x00, 0x2f, 0x01, 0x03, 0x00,
    0x02, 0x00, 0x00, 0x00, 0x00, 0x40, 0x00, 0x00, 0x10, 0x5f, 0x02, 0x00,
    0x10, 0x40, 0x00, 0x00, 0xb0, 0x0c, 0x00, 0x00, 0x13, 0x01, 0x00, 0x00,
    0x15, 0x40, 0x00, 0x00, 0x3a, 0x00, 0x00, 0x00, 0x14, 0x40, 0x00, 0x00,
    0x01, 0x00, 0x00, 0x00, 0x16, 0x40, 0x00, 0x00, 0x01, 0x00, 0x00, 0x00,
    0x18, 0x01, 0x75, 0x00, 0x14, 0x01, 0x01, 0x00, 0x20, 0x40, 0x00, 0x00,
    0x80, 0x14, 0x00, 0x00, 0x21, 0x40, 0x00, 0x00, 0x40, 0x00, 0x00, 0x00,
    0x22, 0x40, 0x00, 0x00, 0x70, 0x14, 0x00, 0x00, 0x23, 0x40, 0x00, 0x00,
    0x10, 0x00, 0x00, 0x00, 0x17, 0x01, 0x07, 0x00, 0x2f, 0x01, 0x01, 0x00,
    0x02, 0x00, 0x00, 0x00, 0x00, 0x40, 0x00, 0x00, 0xb0, 0x62, 0x02, 0x00,
    0x10, 0x40, 0x00, 0x00, 0xea, 0x0c, 0x00, 0x00, 0x2f, 0x01, 0x03, 0x00,
    0x02, 0x00, 0x00, 0x00, 0x00, 0x40, 0x00, 0x00, 0xb0, 0xbf, 0x01, 0x00,
    0x02, 0x40, 0x00, 0x00, 0xf0, 0xa9, 0x01, 0x00, 0x0b, 0x01, 0x03, 0x00,
    0x0c, 0x01, 0x03, 0x00, 0x01, 0x01, 0x01, 0x00, 0x02, 0x01, 0x01, 0x00,
    0x10, 0x40, 0x00, 0x00, 0xd0, 0x57, 0x02, 0x00, 0x13, 0x01, 0x0b, 0x00,
    0x15, 0x40, 0x00, 0x00, 0xa0, 0x03, 0x00, 0x00, 0x14, 0x40, 0x00, 0x00,
    0x10, 0x00, 0x00, 0x00, 0x16, 0x40, 0x00, 0x00, 0xa0, 0x03, 0x00, 0x00,
    0x18, 0x01, 0x80, 0xff, 0x14, 0x01, 0x41, 0x00, 0x21, 0x01, 0x04, 0x00,
    0x20, 0x01, 0x02, 0x00, 0x20, 0x40, 0x00, 0x00, 0x10, 0x12, 0x00, 0x00,
    0x21, 0x40, 0x00, 0x00, 0xe0, 0x00, 0x00, 0x00, 0x22, 0x40, 0x00, 0x00,
    0x90, 0x11, 0x00, 0x00, 0x23, 0x40, 0x00, 0x00, 0x80, 0x00, 0x00, 0x00,
    0x17, 0x01, 0x0f, 0x00, 0x0d, 0x01, 0x12, 0x00, 0x03, 0x00, 0x00, 0x00,
    0x00, 0x40, 0x00, 0x00, 0x50, 0xc3, 0x01, 0x00, 0x0b, 0x01, 0x02, 0x00,
    0x0c, 0x01, 0x02, 0x00, 0x10, 0x40, 0x00, 0x00, 0x70, 0x5b, 0x02, 0x00,
    0x03, 0x00, 0x00, 0x00, 0x00, 0x40, 0x00, 0x00, 0xd0, 0x57, 0x02, 0x00,
    0x02, 0x40, 0x00, 0x00, 0x00, 0x00, 0x00, 0x00, 0x0b, 0x01, 0x00, 0x00,
    0x0c, 0x01, 0x00, 0x00, 0x01, 0x01, 0x00, 0x00, 0x02, 0x01, 0x00, 0x00,
    0x10, 0x40, 0x00, 0x00, 0x10, 0x5f, 0x02, 0x00, 0x21, 0x01, 0x00, 0x00,
    0x20, 0x01, 0x00, 0x00, 0x20, 0x40, 0x00, 0x00, 0x70, 0x13, 0x00, 0x00,
    0x21, 0x40, 0x00, 0x00, 0x00, 0x01, 0x00, 0x00, 0x22, 0x40, 0x00, 0x00,
    0xf0, 0x12, 0x00, 0x00, 0x0d, 0x01, 0x0a, 0x00, 0x2f, 0x01, 0x01, 0x00,
    0x02, 0x00, 0x00, 0x00, 0x00, 0x40, 0x00, 0x00, 0x70, 0x5b, 0x02, 0x00,
    0x10, 0x40, 0x00, 0x00, 0xb0, 0x62, 0x02, 0x00, 0x2f, 0x01, 0x03, 0x00,
    0x02, 0x00, 0x00, 0x00, 0x00, 0x40, 0x00, 0x00, 0x10, 0x5f, 0x02, 0x00,
    0x10, 0x40, 0x00, 0x00, 0x24, 0x0d, 0x00, 0x00, 0x13, 0x01, 0x00, 0x00,
    0x15, 0x40, 0x00, 0x00, 0x3a, 0x00, 0x00, 0x00, 0x14, 0x40, 0x00, 0x00,
    0x01, 0x00, 0x00, 0x00, 0x16, 0x40, 0x00, 0x00, 0x01, 0x00, 0x00, 0x00,
    0x18, 0x01, 0x75, 0x00, 0x14, 0x01, 0x01, 0x00, 0x20, 0x40, 0x00, 0x00,
    0x80, 0x14, 0x00, 0x00, 0x21, 0x40, 0x00, 0x00, 0x40, 0x00, 0x00, 0x00,
    0x22, 0x40, 0x00, 0x00, 0x70, 0x14, 0x00, 0x00, 0x23, 0x40, 0x00, 0x00,
    0x10, 0x00, 0x00, 0x00, 0x17, 0x01, 0x07, 0x00, 0x2f, 0x01, 0x01, 0x00,
    0x02, 0x00, 0x00, 0x00, 0x00, 0x40, 0x00, 0x00, 0xb0, 0x62, 0x02, 0x00,
    0x10, 0x40, 0x00, 0x00, 0x5e, 0x0d, 0x00, 0x00, 0x2f, 0x01, 0x03, 0x00,
    0x02, 0x00, 0x00, 0x00, 0x00, 0x40, 0x00, 0x00, 0xf0, 0xc6, 0x01, 0x00,
    0x02, 0x40, 0x00, 0x00, 0xf0, 0xa9, 0x01, 0x00, 0x0b, 0x01, 0x01, 0x00,
    0x0c, 0x01, 0x01, 0x00, 0x01, 0x01, 0x01, 0x00, 0x02, 0x01, 0x01, 0x00,
    0x10, 0x40, 0x00, 0x00, 0xd0, 0x57, 0x02, 0x00, 0x13, 0x01, 0x0b, 0x00,
    0x15, 0x40, 0x00, 0x00, 0xa0, 0x03, 0x00, 0x00, 0x14, 0x40, 0x00, 0x00,
    0x10, 0x00, 0x00, 0x00, 0x16, 0x40, 0x00, 0x00, 0xa0, 0x03, 0x00, 0x00,
    0x18, 0x01, 0x80, 0xff, 0x14, 0x01, 0x41, 0x00, 0x21, 0x01, 0x04, 0x00,
    0x20, 0x01, 0x02, 0x00, 0x20, 0x40, 0x00, 0x00, 0x10, 0x12, 0x00, 0x00,
    0x21, 0x40, 0x00, 0x00, 0xe0, 0x00, 0x00, 0x00, 0x22, 0x40, 0x00, 0x00,
    0x90, 0x11, 0x00, 0x00, 0x23, 0x40, 0x00, 0x00, 0x80, 0x00, 0x00, 0x00,
    0x17, 0x01, 0x0f, 0x00, 0x0d, 0x01, 0x12, 0x00, 0x03, 0x00, 0x00, 0x00,
    0x00, 0x40, 0x00, 0x00, 0x90, 0xca, 0x01, 0x00, 0x0b, 0x01, 0x00, 0x00,
    0x0c, 0x01, 0x00, 0x00, 0x10, 0x40, 0x00, 0x00, 0x70, 0x5b, 0x02, 0x00,
    0x03, 0x00, 0x00, 0x00, 0x00, 0x40, 0x00, 0x00, 0xd0, 0x57, 0x02, 0x00,
    0x02, 0x40, 0x00, 0x00, 0x00, 0x00, 0x00, 0x00, 0x01, 0x01, 0x00, 0x00,
    0x02, 0x01, 0x00, 0x00, 0x10, 0x40, 0x00, 0x00, 0x10, 0x5f, 0x02, 0x00,
    0x21, 0x01, 0x00, 0x00, 0x20, 0x01, 0x00, 0x00, 0x20, 0x40, 0x00, 0x00,
    0x70, 0x13, 0x00, 0x00, 0x21, 0x40, 0x00, 0x00, 0x00, 0x01, 0x00, 0x00,
    0x22, 0x40, 0x00, 0x00, 0xf0, 0x12, 0x00, 0x00, 0x0d, 0x01, 0x0a, 0x00,
    0x2f, 0x01, 0x01, 0x00, 0x02, 0x00, 0x00, 0x00, 0x00, 0x40, 0x00, 0x00,
    0x70, 0x5b, 0x02, 0x00, 0x10, 0x40, 0x00, 0x00, 0xb0, 0x62, 0x02, 0x00,
    0x2f, 0x01, 0x03, 0x00, 0x02, 0x00, 0x00, 0x00, 0x00, 0x40, 0x00, 0x00,
    0x10, 0x5f, 0x02, 0x00, 0x10, 0x40, 0x00, 0x00, 0x98, 0x0d, 0x00, 0x00,
    0x13, 0x01, 0x00, 0x00, 0x15, 0x40, 0x00, 0x00, 0x3a, 0x00, 0x00, 0x00,
    0x14, 0x40, 0x00, 0x00, 0x01, 0x00, 0x00, 0x00, 0x16, 0x40, 0x00, 0x00,
    0x01, 0x00, 0x00, 0x00, 0x18, 0x01, 0x75, 0x00, 0x14, 0x01, 0x01, 0x00,
    0x20, 0x40, 0x00, 0x00, 0x80, 0x14, 0x00, 0x00, 0x21, 0x40, 0x00, 0x00,
    0x40, 0x00, 0x00, 0x00, 0x22, 0x40, 0x00, 0x00, 0x70, 0x14, 0x00, 0x00,
    0x23, 0x40, 0x00, 0x00, 0x10, 0x00, 0x00, 0x00, 0x17, 0x01, 0x07, 0x00,
    0x2f, 0x01, 0x01, 0x00, 0x02, 0x00, 0x00, 0x00, 0x00, 0x40, 0x00, 0x00,
    0xb0, 0x62, 0x02, 0x00, 0x10, 0x40, 0x00, 0x00, 0xd2, 0x0d, 0x00, 0x00,
    0x2f, 0x01, 0x03, 0x00, 0x02, 0x00, 0x00, 0x00, 0x00, 0x40, 0x00, 0x00,
    0x50, 0x1a, 0x02, 0x00, 0x0b, 0x01, 0x02, 0x00, 0x0c, 0x01, 0x02, 0x00,
    0x01, 0x01, 0x04, 0x00, 0x02, 0x01, 0x04, 0x00, 0x10, 0x40, 0x00, 0x00,
    0x90, 0x50, 0x02, 0x00, 0x13, 0x01, 0x0b, 0x00, 0x15, 0x40, 0x00, 0x00,
    0xa0, 0x03, 0x00, 0x00, 0x14, 0x40, 0x00, 0x00, 0x10, 0x00, 0x00, 0x00,
    0x16, 0x40, 0x00, 0x00, 0xa0, 0x03, 0x00, 0x00, 0x18, 0x01, 0x80, 0xff,
    0x14, 0x01, 0x41, 0x00, 0x21, 0x01, 0x02, 0x00, 0x20, 0x01, 0x08, 0x00,
    0x20, 0x40, 0x00, 0x00, 0xa0, 0x0e, 0x00, 0x00, 0x21, 0x40, 0x00, 0x00,
    0x80, 0x01, 0x00, 0x00, 0x22, 0x40, 0x00, 0x00, 0x20, 0x0e, 0x00, 0x00,
    0x23, 0x40, 0x00, 0x00, 0x80, 0x00, 0x00, 0x00, 0x17, 0x01, 0x0f, 0x00,
    0x0d, 0x01, 0x12, 0x00, 0x03, 0x00, 0x00, 0x00, 0x00, 0x40, 0x00, 0x00,
    0xd0, 0x0b, 0x02, 0x00, 0x02, 0x40, 0x00, 0x00, 0xb0, 0xf9, 0x01, 0x00,
    0x0b, 0x01, 0x00, 0x00, 0x0c, 0x01, 0x00, 0x00, 0x01, 0x01, 0x03, 0x00,
    0x02, 0x01, 0x03, 0x00, 0x10, 0x40, 0x00, 0x00, 0x50, 0x49, 0x02, 0x00,
    0x20, 0x01, 0x06, 0x00, 0x20, 0x40, 0x00, 0x00, 0x60, 0x0b, 0x00, 0x00,
    0x21, 0x40, 0x00, 0x00, 0x40, 0x01, 0x00, 0x00, 0x22, 0x40, 0x00, 0x00,
    0xe0, 0x0a, 0x00, 0x00, 0x0d, 0x01, 0x0a, 0x00, 0x03, 0x00, 0x00, 0x00,
    0x00, 0x40, 0x00, 0x00, 0xb0, 0xf9, 0x01, 0x00, 0x02, 0x40, 0x00, 0x00,
    0x00, 0x00, 0x00, 0x00, 0x0b, 0x01, 0x02, 0x00, 0x0c, 0x01, 0x02, 0x00,
    0x10, 0x40, 0x00, 0x00, 0xf0, 0x4c, 0x02, 0x00, 0x03, 0x00, 0x00, 0x00,
    0x00, 0x40, 0x00, 0x00, 0x50, 0x49, 0x02, 0x00, 0x0b, 0x01, 0x00, 0x00,
    0x0c, 0x01, 0x00, 0x00, 0x01, 0x01, 0x00, 0x00, 0x02, 0x01, 0x00, 0x00,
    0x10, 0x40, 0x00, 0x00, 0x70, 0x0f, 0x02, 0x00, 0x21, 0x01, 0x00, 0x00,
    0x20, 0x01, 0x00, 0x00, 0x20, 0x40, 0x00, 0x00, 0x20, 0x0d, 0x00, 0x00,
    0x21, 0x40, 0x00, 0x00, 0x00, 0x01, 0x00, 0x00, 0x22, 0x40, 0x00, 0x00,
    0xa0, 0x0c, 0x00, 0x00, 0x2f, 0x01, 0x01, 0x00, 0x02, 0x00, 0x00, 0x00,
    0x00, 0x40, 0x00, 0x00, 0xf0, 0x4c, 0x02, 0x00, 0x10, 0x40, 0x00, 0x00,
    0x10, 0x13, 0x02, 0x00, 0x2f, 0x01, 0x03, 0x00, 0x02, 0x00, 0x00, 0x00,
    0x00, 0x40, 0x00, 0x00, 0x50, 0xfd, 0x01, 0x00, 0x0b, 0x01, 0x02, 0x00,
    0x0c, 0x01, 0x02, 0x00, 0x01, 0x01, 0x03, 0x00, 0x02, 0x01, 0x03, 0x00,
    0x10, 0x40, 0x00, 0x00, 0x50, 0x49, 0x02, 0x00, 0x21, 0x01, 0x02, 0x00,
    0x20, 0x01, 0x06, 0x00, 0x20, 0x40, 0x00, 0x00, 0x60, 0x0b, 0x00, 0x00,
    0x21, 0x40, 0x00, 0x00, 0x40, 0x01, 0x00, 0x00, 0x22, 0x40, 0x00, 0x00,
    0xe0, 0x0a, 0x00, 0x00, 0x03, 0x00, 0x00, 0x00, 0x00, 0x40, 0x00, 0x00,
    0xb0, 0xa2, 0x01, 0x00, 0x02, 0x40, 0x00, 0x00, 0xb0, 0x85, 0x01, 0x00,
    0x0b, 0x01, 0x01, 0x00, 0x0c, 0x01, 0x01, 0x00, 0x01, 0x01, 0x01, 0x00,
    0x02, 0x01, 0x01, 0x00, 0x10, 0x40, 0x00, 0x00, 0x10, 0x42, 0x02, 0x00,
    0x21, 0x01, 0x04, 0x00, 0x20, 0x01, 0x02, 0x00, 0x20, 0x40, 0x00, 0x00,
    0x80, 0x08, 0x00, 0x00, 0x21, 0x40, 0x00, 0x00, 0xe0, 0x00, 0x00, 0x00,
    0x22, 0x40, 0x00, 0x00, 0x00, 0x08, 0x00, 0x00, 0x0d, 0x01, 0x12, 0x00,
    0x03, 0x00, 0x00, 0x00, 0x00, 0x40, 0x00, 0x00, 0x50, 0xa6, 0x01, 0x00,
    0x0b, 0x01, 0x00, 0x00, 0x0c, 0x01, 0x00, 0x00, 0x10, 0x40, 0x00, 0x00,
    0xb0, 0x45, 0x02, 0x00, 0x03, 0x00, 0x00, 0x00, 0x00, 0x40, 0x00, 0x00,
    0x10, 0x42, 0x02, 0x00, 0x02, 0x40, 0x00, 0x00, 0x00, 0x00, 0x00, 0x00,
    0x01, 0x01, 0x00, 0x00, 0x02, 0x01, 0x00, 0x00, 0x10, 0x40, 0x00, 0x00,
    0x30, 0x08, 0x02, 0x00, 0x21, 0x01, 0x00, 0x00, 0x20, 0x01, 0x00, 0x00,
    0x20, 0x40, 0x00, 0x00, 0xe0, 0x09, 0x00, 0x00, 0x21, 0x40, 0x00, 0x00,
    0x00, 0x01, 0x00, 0x00, 0x22, 0x40, 0x00, 0x00, 0x60, 0x09, 0x00, 0x00,
    0x0d, 0x01, 0x0a, 0x00, 0x2f, 0x01, 0x01, 0x00, 0x02, 0x00, 0x00, 0x00,
    0x00, 0x40, 0x00, 0x00, 0xb0, 0x45, 0x02, 0x00, 0x10, 0x40, 0x00, 0x00,
    0xd0, 0x0b, 0x02, 0x00, 0x2f, 0x01, 0x03, 0x00, 0x02, 0x00, 0x00, 0x00,
    0x00, 0x40, 0x00, 0x00, 0xb0, 0x85, 0x01, 0x00, 0x0b, 0x01, 0x04, 0x00,
    0x0c, 0x01, 0x04, 0x00, 0x01, 0x01, 0x01, 0x00, 0x02, 0x01, 0x01, 0x00,
    0x10, 0x40, 0x00, 0x00, 0x10, 0x42, 0x02, 0x00, 0x21, 0x01, 0x04, 0x00,
    0x20, 0x01, 0x02, 0x00, 0x20, 0x40, 0x00, 0x00, 0x80, 0x08, 0x00, 0x00,
    0x21, 0x40, 0x00, 0x00, 0xe0, 0x00, 0x00, 0x00, 0x22, 0x40, 0x00, 0x00,
    0x00, 0x08, 0x00, 0x00, 0x0d, 0x01, 0x12, 0x00, 0x03, 0x00, 0x00, 0x00,
    0x00, 0x40, 0x00, 0x00, 0x50, 0x89, 0x01, 0x00, 0x10, 0x40, 0x00, 0x00,
    0xb0, 0x45, 0x02, 0x00, 0x03, 0x00, 0x00, 0x00, 0x00, 0x40, 0x00, 0x00,
    0x10, 0x42, 0x02, 0x00, 0x0b, 0x01, 0x00, 0x00, 0x0c, 0x01, 0x00, 0x00,
    0x01, 0x01, 0x00, 0x00, 0x02, 0x01, 0x00, 0x00, 0x10, 0x40, 0x00, 0x00,
    0xb0, 0xf9, 0x01, 0x00, 0x21, 0x01, 0x00, 0x00, 0x20, 0x01, 0x00, 0x00,
    0x20, 0x40, 0x00, 0x00, 0xe0, 0x09, 0x00, 0x00, 0x21, 0x40, 0x00, 0x00,
    0x00, 0x01, 0x00, 0x00, 0x22, 0x40, 0x00, 0x00, 0x60, 0x09, 0x00, 0x00,
    0x0d, 0x01, 0x0a, 0x00, 0x2f, 0x01, 0x01, 0x00, 0x02, 0x00, 0x00, 0x00,
    0x00, 0x40, 0x00, 0x00, 0xb0, 0x45, 0x02, 0x00, 0x10, 0x40, 0x00, 0x00,
    0x50, 0xfd, 0x01, 0x00, 0x2f, 0x01, 0x03, 0x00, 0x02, 0x00, 0x00, 0x00,
    0x00, 0x40, 0x00, 0x00, 0xf0, 0x00, 0x02, 0x00, 0x0b, 0x01, 0x02, 0x00,
    0x0c, 0x01, 0x02, 0x00, 0x01, 0x01, 0x03, 0x00, 0x02, 0x01, 0x03, 0x00,
    0x10, 0x40, 0x00, 0x00, 0xf0, 0x4c, 0x02, 0x00, 0x21, 0x01, 0x02, 0x00,
    0x20, 0x01, 0x06, 0x00, 0x20, 0x40, 0x00, 0x00, 0x60, 0x0b, 0x00, 0x00,
    0x21, 0x40, 0x00, 0x00, 0x40, 0x01, 0x00, 0x00, 0x22, 0x40, 0x00, 0x00,
    0xe0, 0x0a, 0x00, 0x00, 0x2f, 0x01, 0x01, 0x00, 0x03, 0x00, 0x00, 0x00,
    0x00, 0x40, 0x00, 0x00, 0x50, 0x49, 0x02, 0x00, 0x0b, 0x01, 0x00, 0x00,
    0x0c, 0x01, 0x00, 0x00, 0x01, 0x01, 0x00, 0x00, 0x02, 0x01, 0x00, 0x00,
    0x10, 0x40, 0x00, 0x00, 0xb0, 0x16, 0x02, 0x00, 0x21, 0x01, 0x00, 0x00,
    0x20, 0x01, 0x00, 0x00, 0x20, 0x40, 0x00, 0x00, 0x20, 0x0d, 0x00, 0x00,
    0x21, 0x40, 0x00, 0x00, 0x00, 0x01, 0x00, 0x00, 0x22, 0x40, 0x00, 0x00,
    0xa0, 0x0c, 0x00, 0x00, 0x02, 0x00, 0x00, 0x00, 0x00, 0x40, 0x00, 0x00,
    0xf0, 0x4c, 0x02, 0x00, 0x10, 0x40, 0x00, 0x00, 0x50, 0x1a, 0x02, 0x00,
    0x2f, 0x01, 0x03, 0x00, 0x02, 0x00, 0x00, 0x00, 0x00, 0x40, 0x00, 0x00,
    0xf0, 0x1d, 0x02, 0x00, 0x02, 0x40, 0x00, 0x00, 0x70, 0x0f, 0x02, 0x00,
    0x0b, 0x01, 0x01, 0x00, 0x0c, 0x01, 0x01, 0x00, 0x01, 0x01, 0x04, 0x00,
    0x02, 0x01, 0x04, 0x00, 0x10, 0x40, 0x00, 0x00, 0x30, 0x54, 0x02, 0x00,
    0x21, 0x01, 0x02, 0x00, 0x20, 0x01, 0x08, 0x00, 0x20, 0x40, 0x00, 0x00,
    0xa0, 0x0e, 0x00, 0x00, 0x21, 0x40, 0x00, 0x00, 0x80, 0x01, 0x00, 0x00,
    0x22, 0x40, 0x00, 0x00, 0x20, 0x0e, 0x00, 0x00, 0x0d, 0x01, 0x12, 0x00,
    0x2f, 0x01, 0x01, 0x00, 0x03, 0x00, 0x00, 0x00, 0x00, 0x40, 0x00, 0x00,
    0x90, 0x50, 0x02, 0x00, 0x02, 0x40, 0x00, 0x00, 0x00, 0x00, 0x00, 0x00,
    0x0b, 0x01, 0x00, 0x00, 0x0c, 0x01, 0x00, 0x00, 0x01, 0x01, 0x00, 0x00,
    0x02, 0x01, 0x00, 0x00, 0x10, 0x40, 0x00, 0x00, 0x70, 0xb8, 0x01, 0x00,
    0x21, 0x01, 0x00, 0x00, 0x20, 0x01, 0x00, 0x00, 0x20, 0x40, 0x00, 0x00,
    0xa0, 0x10, 0x00, 0x00, 0x21, 0x40, 0x00, 0x00, 0xf0, 0x00, 0x00, 0x00,
    0x22, 0x40, 0x00, 0x00, 0x20, 0x10, 0x00, 0x00, 0x0d, 0x01, 0x0a, 0x00,
    0x02, 0x00, 0x00, 0x00, 0x00, 0x40, 0x00, 0x00, 0x30, 0x54, 0x02, 0x00,
    0x10, 0x40, 0x00, 0x00, 0x10, 0xbc, 0x01, 0x00, 0x2f, 0x01, 0x03, 0x00,
    0x02, 0x00, 0x00, 0x00, 0x00, 0x40, 0x00, 0x00, 0x90, 0x21, 0x02, 0x00,
    0x02, 0x40, 0x00, 0x00, 0x70, 0x0f, 0x02, 0x00, 0x01, 0x01, 0x04, 0x00,
    0x02, 0x01, 0x04, 0x00, 0x10, 0x40, 0x00, 0x00, 0x90, 0x50, 0x02, 0x00,
    0x21, 0x01, 0x02, 0x00, 0x20, 0x01, 0x08, 0x00, 0x20, 0x40, 0x00, 0x00,
    0xa0, 0x0e, 0x00, 0x00, 0x21, 0x40, 0x00, 0x00, 0x80, 0x01, 0x00, 0x00,
    0x22, 0x40, 0x00, 0x00, 0x20, 0x0e, 0x00, 0x00, 0x0d, 0x01, 0x12, 0x00,
    0x03, 0x00, 0x00, 0x00, 0x00, 0x40, 0x00, 0x00, 0x70, 0x0f, 0x02, 0x00,
    0x02, 0x40, 0x00, 0x00, 0x00, 0x00, 0x00, 0x00, 0x0b, 0x01, 0x02, 0x00,
    0x0c, 0x01, 0x02, 0x00, 0x10, 0x40, 0x00, 0x00, 0x30, 0x54, 0x02, 0x00,
    0x03, 0x00, 0x00, 0x00, 0x00, 0x40, 0x00, 0x00, 0x90, 0x50, 0x02, 0x00,
    0x0b, 0x01, 0x00, 0x00, 0x0c, 0x01, 0x00, 0x00, 0x01, 0x01, 0x00, 0x00,
    0x02, 0x01, 0x00, 0x00, 0x10, 0x40, 0x00, 0x00, 0xb0, 0xbf, 0x01, 0x00,
    0x21, 0x01, 0x00, 0x00, 0x20, 0x01, 0x00, 0x00, 0x20, 0x40, 0x00, 0x00,
    0xa0, 0x10, 0x00, 0x00, 0x21, 0x40, 0x00, 0x00, 0xf0, 0x00, 0x00, 0x00,
    0x22, 0x40, 0x00, 0x00, 0x20, 0x10, 0x00, 0x00, 0x0d, 0x01, 0x0a, 0x00,
    0x2f, 0x01, 0x01, 0x00, 0x02, 0x00, 0x00, 0x00, 0x00, 0x40, 0x00, 0x00,
    0x30, 0x54, 0x02, 0x00, 0x10, 0x40, 0x00, 0x00, 0x50, 0xc3, 0x01, 0x00,
    0x2f, 0x01, 0x03, 0x00, 0x02, 0x00, 0x00, 0x00, 0x00, 0x40, 0x00, 0x00,
    0x10, 0x13, 0x02, 0x00, 0x0b, 0x01, 0x02, 0x00, 0x0c, 0x01, 0x02, 0x00,
    0x01, 0x01, 0x04, 0x00, 0x02, 0x01, 0x04, 0x00, 0x10, 0x40, 0x00, 0x00,
    0x90, 0x50, 0x02, 0x00, 0x21, 0x01, 0x02, 0x00, 0x20, 0x01, 0x08, 0x00,
    0x20, 0x40, 0x00, 0x00, 0xa0, 0x0e, 0x00, 0x00, 0x21, 0x40, 0x00, 0x00,
    0x80, 0x01, 0x00, 0x00, 0x22, 0x40, 0x00, 0x00, 0x20, 0x0e, 0x00, 0x00,
    0x0d, 0x01, 0x12, 0x00, 0x03, 0x00, 0x00, 0x00, 0x00, 0x40, 0x00, 0x00,
    0x90, 0x04, 0x02, 0x00, 0x01, 0x01, 0x03, 0x00, 0x02, 0x01, 0x03, 0x00,
    0x10, 0x40, 0x00, 0x00, 0x50, 0x49, 0x02, 0x00, 0x20, 0x01, 0x06, 0x00,
    0x20, 0x40, 0x00, 0x00, 0x60, 0x0b, 0x00, 0x00, 0x21, 0x40, 0x00, 0x00,
    0x40, 0x01, 0x00, 0x00, 0x22, 0x40, 0x00, 0x00, 0xe0, 0x0a, 0x00, 0x00,
    0x0d, 0x01, 0x0a, 0x00, 0x03, 0x00, 0x00, 0x00, 0x00, 0x40, 0x00, 0x00,
    0x30, 0x08, 0x02, 0x00, 0x02, 0x40, 0x00, 0x00, 0xb0, 0xf9, 0x01, 0x00,
    0x0b, 0x01, 0x01, 0x00, 0x0c, 0x01, 0x01, 0x00, 0x10, 0x40, 0x00, 0x00,
    0xf0, 0x4c, 0x02, 0x00, 0x03, 0x00, 0x00, 0x00, 0x00, 0x40, 0x00, 0x00,
    0x50, 0x49, 0x02, 0x00, 0x02, 0x40, 0x00, 0x00, 0x00, 0x00, 0x00, 0x00,
    0x0b, 0x01, 0x00, 0x00, 0x0c, 0x01, 0x00, 0x00, 0x01, 0x01, 0x00, 0x00,
    0x02, 0x01, 0x00, 0x00, 0x10, 0x40, 0x00, 0x00, 0xf0, 0x1d, 0x02, 0x00,
    0x21, 0x01, 0x00, 0x00, 0x20, 0x01, 0x00, 0x00, 0x20, 0x40, 0x00, 0x00,
    0x20, 0x0d, 0x00, 0x00, 0x21, 0x40, 0x00, 0x00, 0x00, 0x01, 0x00, 0x00,
    0x22, 0x40, 0x00, 0x00, 0xa0, 0x0c, 0x00, 0x00, 0x2f, 0x01, 0x01, 0x00,
    0x02, 0x00, 0x00, 0x00, 0x00, 0x40, 0x00, 0x00, 0xf0, 0x4c, 0x02, 0x00,
    0x10, 0x40, 0x00, 0x00, 0x90, 0x21, 0x02, 0x00, 0x2f, 0x01, 0x03, 0x00,
    0x02, 0x00, 0x00, 0x00, 0x00, 0x40, 0x00, 0x00, 0xd0, 0x0b, 0x02, 0x00,
    0x02, 0x40, 0x00, 0x00, 0xb0, 0xf9, 0x01, 0x00, 0x01, 0x01, 0x03, 0x00,
    0x02, 0x01, 0x03, 0x00, 0x10, 0x40, 0x00, 0x00, 0x50, 0x49, 0x02, 0x00,
    0x21, 0x01, 0x02, 0x00, 0x20, 0x01, 0x06, 0x00, 0x20, 0x40, 0x00, 0x00,
    0x60, 0x0b, 0x00, 0x00, 0x21, 0x40, 0x00, 0x00, 0x40, 0x01, 0x00, 0x00,
    0x22, 0x40, 0x00, 0x00, 0xe0, 0x0a, 0x00, 0x00, 0x03, 0x00, 0x00, 0x00,
    0x00, 0x40, 0x00, 0x00, 0xd0, 0xee, 0x01, 0x00, 0x02, 0x40, 0x00, 0x00,
    0x00, 0x00, 0x00, 0x00, 0x0b, 0x01, 0x02, 0x00, 0x0c, 0x01, 0x02, 0x00,
    0x01, 0x01, 0x04, 0x00, 0x02, 0x01, 0x04, 0x00, 0x10, 0x40, 0x00, 0x00,
    0xd0, 0x3a, 0x02, 0x00, 0x20, 0x01, 0x08, 0x00, 0x20, 0x40, 0x00, 0x00,
    0xf0, 0x04, 0x00, 0x00, 0x21, 0x40, 0x00, 0x00, 0x90, 0x01, 0x00, 0x00,
    0x22, 0x40, 0x00, 0x00, 0x70, 0x04, 0x00, 0x00, 0x0d, 0x01, 0x12, 0x00,
    0x03, 0x00, 0x00, 0x00, 0x00, 0x40, 0x00, 0x00, 0x50, 0xe0, 0x01, 0x00,
    0x02, 0x40, 0x00, 0x00, 0x30, 0xce, 0x01, 0x00, 0x0b, 0x01, 0x00, 0x00,
    0x0c, 0x01, 0x00, 0x00, 0x01, 0x01, 0x03, 0x00, 0x02, 0x01, 0x03, 0x00,
    0x10, 0x40, 0x00, 0x00, 0x90, 0x33, 0x02, 0x00, 0x20, 0x01, 0x06, 0x00,
    0x20, 0x40, 0x00, 0x00, 0xe0, 0x01, 0x00, 0x00, 0x21, 0x40, 0x00, 0x00,
    0x30, 0x01, 0x00, 0x00, 0x22, 0x40, 0x00, 0x00, 0x60, 0x01, 0x00, 0x00,
    0x0d, 0x01, 0x0a, 0x00, 0x03, 0x00, 0x00, 0x00, 0x00, 0x40, 0x00, 0x00,
    0x30, 0xce, 0x01, 0x00, 0x02, 0x40, 0x00, 0x00, 0x00, 0x00, 0x00, 0x00,
    0x0b, 0x01, 0x02, 0x00, 0x0c, 0x01, 0x02, 0x00, 0x10, 0x40, 0x00, 0x00,
    0x30, 0x37, 0x02, 0x00, 0x03, 0x00, 0x00, 0x00, 0x00, 0x40, 0x00, 0x00,
    0x90, 0x33, 0x02, 0x00, 0x0b, 0x01, 0x00, 0x00, 0x0c, 0x01, 0x00, 0x00,
    0x01, 0x01, 0x00, 0x00, 0x02, 0x01, 0x00, 0x00, 0x10, 0x40, 0x00, 0x00,
    0xf0, 0xe3, 0x01, 0x00, 0x21, 0x01, 0x00, 0x00, 0x20, 0x01, 0x00, 0x00,
    0x20, 0x40, 0x00, 0x00, 0x90, 0x03, 0x00, 0x00, 0x21, 0x40, 0x00, 0x00,
    0xe0, 0x00, 0x00, 0x00, 0x22, 0x40, 0x00, 0x00, 0x10, 0x03, 0x00, 0x00,
    0x2f, 0x01, 0x01, 0x00, 0x02, 0x00, 0x00, 0x00, 0x00, 0x40, 0x00, 0x00,
    0x30, 0x37, 0x02, 0x00, 0x10, 0x40, 0x00, 0x00, 0x90, 0xe7, 0x01, 0x00,
    0x2f, 0x01, 0x03, 0x00, 0x02, 0x00, 0x00, 0x00, 0x00, 0x40, 0x00, 0x00,
    0xd0, 0xd1, 0x01, 0x00, 0x0b, 0x01, 0x02, 0x00, 0x0c, 0x01, 0x02, 0x00,
    0x01, 0x01, 0x03, 0x00, 0x02, 0x01, 0x03, 0x00, 0x10, 0x40, 0x00, 0x00,
    0x90, 0x33, 0x02, 0x00, 0x21, 0x01, 0x02, 0x00, 0x20, 0x01, 0x06, 0x00,
    0x20, 0x40, 0x00, 0x00, 0xe0, 0x01, 0x00, 0x00, 0x21, 0x40, 0x00, 0x00,
    0x30, 0x01, 0x00, 0x00, 0x22, 0x40, 0x00, 0x00, 0x60, 0x01, 0x00, 0x00,
    0x03, 0x00, 0x00, 0x00, 0x00, 0x40, 0x00, 0x00, 0xd0, 0x3d, 0x01, 0x00,
    0x0b, 0x01, 0x01, 0x00, 0x0c, 0x01, 0x01, 0x00, 0x0a, 0x01, 0x72, 0x00,
    0x04, 0x01, 0x03, 0x00, 0x05, 0x40, 0x00, 0x00, 0xcc, 0x01, 0x00, 0x00,
    0x04, 0x40, 0x00, 0x00, 0x04, 0x00, 0x00, 0x00, 0x06, 0x40, 0x00, 0x00,
    0x01, 0x00, 0x00, 0x00, 0x09, 0x01, 0x00, 0x00, 0x05, 0x01, 0x01, 0x00,
    0x01, 0x01, 0x00, 0x00, 0x02, 0x01, 0x00, 0x00, 0x10, 0x40, 0x00, 0x00,
    0x30, 0x25, 0x02, 0x00, 0x11, 0x01, 0x72, 0x00, 0x1a, 0x01, 0x72, 0x00,
    0x13, 0x01, 0x03, 0x00, 0x15, 0x40, 0x00, 0x00, 0x30, 0x07, 0x00, 0x00,
    0x16, 0x40, 0x00, 0x00, 0x30, 0x07, 0x00, 0x00, 0x18, 0x01, 0x00, 0x00,
    0x14, 0x01, 0x41, 0x81, 0x21, 0x01, 0x01, 0x00, 0x20, 0x01, 0x00, 0x00,
    0x22, 0x01, 0x02, 0x00, 0x15, 0x01, 0x15, 0x00, 0x17, 0x01, 0x07, 0x00,
    0x05, 0x00, 0x01, 0x00, 0x00, 0x40, 0x00, 0x00, 0x68, 0x41, 0x01, 0x00,
    0x10, 0x40, 0x00, 0x00, 0x60, 0x2c, 0x02, 0x00, 0x05, 0x00, 0x01, 0x00,
    0x00, 0x40, 0x00, 0x00, 0x30, 0x25, 0x02, 0x00, 0x0b, 0x01, 0x00, 0x00,
    0x0c, 0x01, 0x00, 0x00, 0x05, 0x40, 0x00, 0x00, 0x30, 0x07, 0x00, 0x00,
    0x04, 0x40, 0x00, 0x00, 0x10, 0x00, 0x00, 0x00, 0x06, 0x40, 0x00, 0x00,
    0x30, 0x07, 0x00, 0x00, 0x05, 0x01, 0x41, 0x00, 0x01, 0x01, 0x01, 0x00,
    0x02, 0x01, 0x01, 0x00, 0x10, 0x40, 0x00, 0x00, 0xb0, 0xdc, 0x01, 0x00,
    0x11, 0x01, 0x39, 0x00, 0x1a, 0x01, 0x39, 0x00, 0x13, 0x01, 0x0b, 0x00,
    0x15, 0x40, 0x00, 0x00, 0xa0, 0x03, 0x00, 0x00, 0x16, 0x40, 0x00, 0x00,
    0xa0, 0x03, 0x00, 0x00, 0x18, 0x01, 0x80, 0xff, 0x14, 0x01, 0x41, 0x00,
    0x21, 0x01, 0x00, 0x00, 0x20, 0x01, 0x02, 0x00, 0x22, 0x01, 0x05, 0x00,
    0x20, 0x40, 0x00, 0x00, 0x80, 0x00, 0x00, 0x00, 0x21, 0x40, 0x00, 0x00,
    0xe0, 0x00, 0x00, 0x00, 0x22, 0x40, 0x00, 0x00, 0x00, 0x00, 0x00, 0x00,
    0x15, 0x01, 0x39, 0x00, 0x17, 0x01, 0x0f, 0x00, 0x2f, 0x01, 0x01, 0x00,
    0x02, 0x00, 0x00, 0x00, 0x00, 0x40, 0x00, 0x00, 0x60, 0x2c, 0x02, 0x00,
    0x10, 0x40, 0x00, 0x00, 0x50, 0xe0, 0x01, 0x00, 0x2f, 0x01, 0x03, 0x00,
    0x02, 0x00, 0x00, 0x00, 0x00, 0x40, 0x00, 0x00, 0x00, 0x45, 0x01, 0x00,
    0x0b, 0x01, 0x01, 0x00, 0x0c, 0x01, 0x01, 0x00, 0x05, 0x40, 0x00, 0x00,
    0xcc, 0x01, 0x00, 0x00, 0x04, 0x40, 0x00, 0x00, 0x04, 0x00, 0x00, 0x00,
    0x06, 0x40, 0x00, 0x00, 0x01, 0x00, 0x00, 0x00, 0x05, 0x01, 0x01, 0x00,
    0x01, 0x01, 0x00, 0x00, 0x02, 0x01, 0x00, 0x00, 0x10, 0x40, 0x00, 0x00,
    0x30, 0x25, 0x02, 0x00, 0x11, 0x01, 0x72, 0x00, 0x1a, 0x01, 0x72, 0x00,
    0x13, 0x01, 0x03, 0x00, 0x15, 0x40, 0x00, 0x00, 0x30, 0x07, 0x00, 0x00,
    0x16, 0x40, 0x00, 0x00, 0x30, 0x07, 0x00, 0x00, 0x18, 0x01, 0x00, 0x00,
    0x14, 0x01, 0x41, 0x81, 0x21, 0x01, 0x01, 0x00, 0x20, 0x01, 0x00, 0x00,
    0x22, 0x01, 0x02, 0x00, 0x15, 0x01, 0x15, 0x00, 0x17, 0x01, 0x07, 0x00,
    0x05, 0x00, 0x01, 0x00, 0x00, 0x40, 0x00, 0x00, 0x98, 0x48, 0x01, 0x00,
    0x10, 0x40, 0x00, 0x00, 0x60, 0x2c, 0x02, 0x00, 0x05, 0x00, 0x01, 0x00,
    0x00, 0x40, 0x00, 0x00, 0x30, 0x25, 0x02, 0x00, 0x0b, 0x01, 0x00, 0x00,
    0x0c, 0x01, 0x00, 0x00, 0x05, 0x40, 0x00, 0x00, 0x30, 0x07, 0x00, 0x00,
    0x04, 0x40, 0x00, 0x00, 0x10, 0x00, 0x00, 0x00, 0x06, 0x40, 0x00, 0x00,
    0x30, 0x07, 0x00, 0x00, 0x05, 0x01, 0x41, 0x00, 0x01, 0x01, 0x01, 0x00,
    0x02, 0x01, 0x01, 0x00, 0x10, 0x40, 0x00, 0x00, 0x30, 0xce, 0x01, 0x00,
    0x11, 0x01, 0x39, 0x00, 0x1a, 0x01, 0x39, 0x00, 0x13, 0x01, 0x0b, 0x00,
    0x15, 0x40, 0x00, 0x00, 0xa0, 0x03, 0x00, 0x00, 0x16, 0x40, 0x00, 0x00,
    0xa0, 0x03, 0x00, 0x00, 0x18, 0x01, 0x80, 0xff, 0x14, 0x01, 0x41, 0x00,
    0x21, 0x01, 0x00, 0x00, 0x20, 0x01, 0x02, 0x00, 0x22, 0x01, 0x05, 0x00,
    0x15, 0x01, 0x39, 0x00, 0x17, 0x01, 0x0f, 0x00, 0x2f, 0x01, 0x01, 0x00,
    0x02, 0x00, 0x00, 0x00, 0x00, 0x40, 0x00, 0x00, 0x60, 0x2c, 0x02, 0x00,
    0x10, 0x40, 0x00, 0x00, 0xd0, 0xd1, 0x01, 0x00, 0x2f, 0x01, 0x03, 0x00,
    0x02, 0x00, 0x00, 0x00, 0x00, 0x40, 0x00, 0x00, 0x70, 0xd5, 0x01, 0x00,
    0x0b, 0x01, 0x02, 0x00, 0x0c, 0x01, 0x02, 0x00, 0x0a, 0x01, 0x39, 0x00,
    0x04, 0x01, 0x0b, 0x00, 0x05, 0x40, 0x00, 0x00, 0xa0, 0x03, 0x00, 0x00,
    0x06, 0x40, 0x00, 0x00, 0xa0, 0x03, 0x00, 0x00, 0x09, 0x01, 0x80, 0xff,
    0x01, 0x01, 0x03, 0x00, 0x02, 0x01, 0x03, 0x00, 0x10, 0x40, 0x00, 0x00,
    0x30, 0x37, 0x02, 0x00, 0x21, 0x01, 0x02, 0x00, 0x20, 0x01, 0x06, 0x00,
    0x22, 0x01, 0x00, 0x00, 0x20, 0x40, 0x00, 0x00, 0xe0, 0x01, 0x00, 0x00,
    0x21, 0x40, 0x00, 0x00, 0x30, 0x01, 0x00, 0x00, 0x22, 0x40, 0x00, 0x00,
    0x60, 0x01, 0x00, 0x00, 0x2f, 0x01, 0x01, 0x00, 0x03, 0x00, 0x00, 0x00,
    0x00, 0x40, 0x00, 0x00, 0x90, 0x33, 0x02, 0x00, 0x0b, 0x01, 0x00, 0x00,
    0x0c, 0x01, 0x00, 0x00, 0x01, 0x01, 0x00, 0x00, 0x02, 0x01, 0x00, 0x00,
    0x10, 0x40, 0x00, 0x00, 0x30, 0xeb, 0x01, 0x00, 0x21, 0x01, 0x00, 0x00,
    0x20, 0x01, 0x00, 0x00, 0x20, 0x40, 0x00, 0x00, 0x90, 0x03, 0x00, 0x00,
    0x21, 0x40, 0x00, 0x00, 0xe0, 0x00, 0x00, 0x00, 0x22, 0x40, 0x00, 0x00,
    0x10, 0x03, 0x00, 0x00, 0x02, 0x00, 0x00, 0x00, 0x00, 0x40, 0x00, 0x00,
    0x30, 0x37, 0x02, 0x00, 0x10, 0x40, 0x00, 0x00, 0xd0, 0xee, 0x01, 0x00,
    0x2f, 0x01, 0x03, 0x00, 0x02, 0x00, 0x00, 0x00, 0x00, 0x40, 0x00, 0x00,
    0x70, 0xf2, 0x01, 0x00, 0x02, 0x40, 0x00, 0x00, 0xf0, 0xe3, 0x01, 0x00,
    0x0b, 0x01, 0x01, 0x00, 0x0c, 0x01, 0x01, 0x00, 0x01, 0x01, 0x04, 0x00,
    0x02, 0x01, 0x04, 0x00, 0x10, 0x40, 0x00, 0x00, 0x70, 0x3e, 0x02, 0x00,
    0x21, 0x01, 0x02, 0x00, 0x20, 0x01, 0x08, 0x00, 0x20, 0x40, 0x00, 0x00,
    0xf0, 0x04, 0x00, 0x00, 0x21, 0x40, 0x00, 0x00, 0x90, 0x01, 0x00, 0x00,
    0x22, 0x40, 0x00, 0x00, 0x70, 0x04, 0x00, 0x00, 0x0d, 0x01, 0x12, 0x00,
    0x2f, 0x01, 0x01, 0x00, 0x03, 0x00, 0x00, 0x00, 0x00, 0x40, 0x00, 0x00,
    0xd0, 0x3a, 0x02, 0x00, 0x02, 0x40, 0x00, 0x00, 0x00, 0x00, 0x00, 0x00,
    0x0b, 0x01, 0x00, 0x00, 0x0c, 0x01, 0x00, 0x00, 0x01, 0x01, 0x00, 0x00,
    0x02, 0x01, 0x00, 0x00, 0x10, 0x40, 0x00, 0x00, 0x70, 0x9b, 0x01, 0x00,
    0x21, 0x01, 0x00, 0x00, 0x20, 0x01, 0x00, 0x00, 0x20, 0x40, 0x00, 0x00,
    0x00, 0x07, 0x00, 0x00, 0x21, 0x40, 0x00, 0x00, 0x00, 0x01, 0x00, 0x00,
    0x22, 0x40, 0x00, 0x00, 0x80, 0x06, 0x00, 0x00, 0x0d, 0x01, 0x0a, 0x00,
    0x02, 0x00, 0x00, 0x00, 0x00, 0x40, 0x00, 0x00, 0x70, 0x3e, 0x02, 0x00,
    0x10, 0x40, 0x00, 0x00, 0x10, 0x9f, 0x01, 0x00, 0x2f, 0x01, 0x03, 0x00,
    0x02, 0x00, 0x00, 0x00, 0x00, 0x40, 0x00, 0x00, 0x10, 0xf6, 0x01, 0x00,
    0x02, 0x40, 0x00, 0x00, 0xf0, 0xe3, 0x01, 0x00, 0x01, 0x01, 0x04, 0x00,
    0x02, 0x01, 0x04, 0x00, 0x10, 0x40, 0x00, 0x00, 0xd0, 0x3a, 0x02, 0x00,
    0x21, 0x01, 0x02, 0x00, 0x20, 0x01, 0x08, 0x00, 0x20, 0x40, 0x00, 0x00,
    0xf0, 0x04, 0x00, 0x00, 0x21, 0x40, 0x00, 0x00, 0x90, 0x01, 0x00, 0x00,
    0x22, 0x40, 0x00, 0x00, 0x70, 0x04, 0x00, 0x00, 0x0d, 0x01, 0x12, 0x00,
    0x03, 0x00, 0x00, 0x00, 0x00, 0x40, 0x00, 0x00, 0xf0, 0xe3, 0x01, 0x00,
    0x02, 0x40, 0x00, 0x00, 0x00, 0x00, 0x00, 0x00, 0x0b, 0x01, 0x02, 0x00,
    0x0c, 0x01, 0x02, 0x00, 0x10, 0x40, 0x00, 0x00, 0x70, 0x3e, 0x02, 0x00,
    0x03, 0x00, 0x00, 0x00, 0x00, 0x40, 0x00, 0x00, 0xd0, 0x3a, 0x02, 0x00,
    0x0b, 0x01, 0x00, 0x00, 0x0c, 0x01, 0x00, 0x00, 0x01, 0x01, 0x00, 0x00,
    0x02, 0x01, 0x00, 0x00, 0x10, 0x40, 0x00, 0x00, 0xb0, 0xa2, 0x01, 0x00,
    0x21, 0x01, 0x00, 0x00, 0x20, 0x01, 0x00, 0x00, 0x20, 0x40, 0x00, 0x00,
    0x00, 0x07, 0x00, 0x00, 0x21, 0x40, 0x00, 0x00, 0x00, 0x01, 0x00, 0x00,
    0x22, 0x40, 0x00, 0x00, 0x80, 0x06, 0x00, 0x00, 0x0d, 0x01, 0x0a, 0x00,
    0x2f, 0x01, 0x01, 0x00, 0x02, 0x00, 0x00, 0x00, 0x00, 0x40, 0x00, 0x00,
    0x70, 0x3e, 0x02, 0x00, 0x10, 0x40, 0x00, 0x00, 0x50, 0xa6, 0x01, 0x00,
    0x2f, 0x01, 0x03, 0x00, 0x02, 0x00, 0x00, 0x00, 0x00, 0x40, 0x00, 0x00,
    0x90, 0xe7, 0x01, 0x00, 0x0b, 0x01, 0x02, 0x00, 0x0c, 0x01, 0x02, 0x00,
    0x01, 0x01, 0x04, 0x00, 0x02, 0x01, 0x04, 0x00, 0x10, 0x40, 0x00, 0x00,
    0xd0, 0x3a, 0x02, 0x00, 0x21, 0x01, 0x02, 0x00, 0x20, 0x01, 0x08, 0x00,
    0x20, 0x40, 0x00, 0x00, 0xf0, 0x04, 0x00, 0x00, 0x21, 0x40, 0x00, 0x00,
    0x90, 0x01, 0x00, 0x00, 0x22, 0x40, 0x00, 0x00, 0x70, 0x04, 0x00, 0x00,
    0x0d, 0x01, 0x12, 0x00, 0x03, 0x00, 0x00, 0x00, 0x00, 0x40, 0x00, 0x00,
    0x10, 0xd9, 0x01, 0x00, 0x01, 0x01, 0x03, 0x00, 0x02, 0x01, 0x03, 0x00,
    0x10, 0x40, 0x00, 0x00, 0x90, 0x33, 0x02, 0x00, 0x20, 0x01, 0x06, 0x00,
    0x20, 0x40, 0x00, 0x00, 0xe0, 0x01, 0x00, 0x00, 0x21, 0x40, 0x00, 0x00,
    0x30, 0x01, 0x00, 0x00, 0x22, 0x40, 0x00, 0x00, 0x60, 0x01, 0x00, 0x00,
    0x0d, 0x01, 0x0a, 0x00, 0x03, 0x00, 0x00, 0x00, 0x00, 0x40, 0x00, 0x00,
    0xb0, 0xdc, 0x01, 0x00, 0x02, 0x40, 0x00, 0x00, 0x30, 0xce, 0x01, 0x00,
    0x0b, 0x01, 0x01, 0x00, 0x0c, 0x01, 0x01, 0x00, 0x10, 0x40, 0x00, 0x00,
    0x30, 0x37, 0x02, 0x00, 0x03, 0x00, 0x00, 0x00, 0x00, 0x40, 0x00, 0x00,
    0x90, 0x33, 0x02, 0x00, 0x02, 0x40, 0x00, 0x00, 0x00, 0x00, 0x00, 0x00,
    0x0b, 0x01, 0x00, 0x00, 0x0c, 0x01, 0x00, 0x00, 0x01, 0x01, 0x00, 0x00,
    0x02, 0x01, 0x00, 0x00, 0x10, 0x40, 0x00, 0x00, 0x70, 0xf2, 0x01, 0x00,
    0x21, 0x01, 0x00, 0x00, 0x20, 0x01, 0x00, 0x00, 0x20, 0x40, 0x00, 0x00,
    0x90, 0x03, 0x00, 0x00, 0x21, 0x40, 0x00, 0x00, 0xe0, 0x00, 0x00, 0x00,
    0x22, 0x40, 0x00, 0x00, 0x10, 0x03, 0x00, 0x00, 0x2f, 0x01, 0x01, 0x00,
    0x02, 0x00, 0x00, 0x00, 0x00, 0x40, 0x00, 0x00, 0x30, 0x37, 0x02, 0x00,
    0x10, 0x40, 0x00, 0x00, 0x10, 0xf6, 0x01, 0x00, 0x2f, 0x01, 0x03, 0x00,
    0x02, 0x00, 0x00, 0x00, 0x00, 0x40, 0x00, 0x00, 0x50, 0xe0, 0x01, 0x00,
    0x02, 0x40, 0x00, 0x00, 0x30, 0xce, 0x01, 0x00, 0x01, 0x01, 0x03, 0x00,
    0x02, 0x01, 0x03, 0x00, 0x10, 0x40, 0x00, 0x00, 0x90, 0x33, 0x02, 0x00,
    0x21, 0x01, 0x02, 0x00, 0x20, 0x01, 0x06, 0x00, 0x20, 0x40, 0x00, 0x00,
    0xe0, 0x01, 0x00, 0x00, 0x21, 0x40, 0x00, 0x00, 0x30, 0x01, 0x00, 0x00,
    0x22, 0x40, 0x00, 0x00, 0x60, 0x01, 0x00, 0x00, 0x03, 0x00, 0x00, 0x00,
    0x00, 0x40, 0x00, 0x00, 0x30, 0x4c, 0x01, 0x00, 0x02, 0x40, 0x00, 0x00,
    0x00, 0x00, 0x00, 0x00, 0x0b, 0x01, 0x01, 0x00, 0x0c, 0x01, 0x01, 0x00,
    0x0a, 0x01, 0x72, 0x00, 0x04, 0x01, 0x03, 0x00, 0x05, 0x40, 0x00, 0x00,
    0xcc, 0x01, 0x00, 0x00, 0x04, 0x40, 0x00, 0x00, 0x04, 0x00, 0x00, 0x00,
    0x06, 0x40, 0x00, 0x00, 0x01, 0x00, 0x00, 0x00, 0x09, 0x01, 0x00, 0x00,
    0x05, 0x01, 0x01, 0x00, 0x01, 0x01, 0x00, 0x00, 0x02, 0x01, 0x00, 0x00,
    0x10, 0x40, 0x00, 0x00, 0x30, 0x25, 0x02, 0x00, 0x11, 0x01, 0x72, 0x00,
    0x1a, 0x01, 0x72, 0x00, 0x13, 0x01, 0x03, 0x00, 0x15, 0x40, 0x00, 0x00,
    0x30, 0x07, 0x00, 0x00, 0x16, 0x40, 0x00, 0x00, 0x30, 0x07, 0x00, 0x00,
    0x18, 0x01, 0x00, 0x00, 0x14, 0x01, 0x41, 0x81, 0x21, 0x01, 0x01, 0x00,
    0x20, 0x01, 0x00, 0x00, 0x22, 0x01, 0x02, 0x00, 0x15, 0x01, 0x15, 0x00,
    0x17, 0x01, 0x07, 0x00, 0x05, 0x00, 0x01, 0x00, 0x00, 0x40, 0x00, 0x00,
    0xc8, 0x4f, 0x01, 0x00, 0x10, 0x40, 0x00, 0x00, 0x60, 0x2c, 0x02, 0x00,
    0x05, 0x00, 0x01, 0x00, 0x00, 0x40, 0x00, 0x00, 0x30, 0x25, 0x02, 0x00,
    0x0b, 0x01, 0x00, 0x00, 0x0c, 0x01, 0x00, 0x00, 0x05, 0x40, 0x00, 0x00,
    0x30, 0x07, 0x00, 0x00, 0x04, 0x40, 0x00, 0x00, 0x10, 0x00, 0x00, 0x00,
    0x06, 0x40, 0x00, 0x00, 0x30, 0x07, 0x00, 0x00, 0x05, 0x01, 0x41, 0x00,
    0x01, 0x01, 0x01, 0x00, 0x02, 0x01, 0x01, 0x00, 0x10, 0x40, 0x00, 0x00,
    0x70, 0xd5, 0x01, 0x00, 0x11, 0x01, 0x39, 0x00, 0x1a, 0x01, 0x39, 0x00,
    0x13, 0x01, 0x0b, 0x00, 0x15, 0x40, 0x00, 0x00, 0xa0, 0x03, 0x00, 0x00,
    0x16, 0x40, 0x00, 0x00, 0xa0, 0x03, 0x00, 0x00, 0x18, 0x01, 0x80, 0xff,
    0x14, 0x01, 0x41, 0x00, 0x21, 0x01, 0x00, 0x00, 0x20, 0x01, 0x02, 0x00,
    0x22, 0x01, 0x05, 0x00, 0x20, 0x40, 0x00, 0x00, 0x80, 0x00, 0x00, 0x00,
    0x21, 0x40, 0x00, 0x00, 0xe0, 0x00, 0x00, 0x00, 0x22, 0x40, 0x00, 0x00,
    0x00, 0x00, 0x00, 0x00, 0x15, 0x01, 0x39, 0x00, 0x17, 0x01, 0x0f, 0x00,
    0x2f, 0x01, 0x01, 0x00, 0x02, 0x00, 0x00, 0x00, 0x00, 0x40, 0x00, 0x00,
    0x60, 0x2c, 0x02, 0x00, 0x10, 0x40, 0x00, 0x00, 0x10, 0xd9, 0x01, 0x00,
    0x2f, 0x01, 0x03, 0x00, 0x02, 0x00, 0x00, 0x00, 0x00, 0x40, 0x00, 0x00,
    0x60, 0x53, 0x01, 0x00, 0x0b, 0x01, 0x01, 0x00, 0x0c, 0x01, 0x01, 0x00,
    0x05, 0x40, 0x00, 0x00, 0xcc, 0x01, 0x00, 0x00, 0x04, 0x40, 0x00, 0x00,
    0x04, 0x00, 0x00, 0x00, 0x06, 0x40, 0x00, 0x00, 0x01, 0x00, 0x00, 0x00,
    0x05, 0x01, 0x01, 0x00, 0x01, 0x01, 0x00, 0x00, 0x02, 0x01, 0x00, 0x00,
    0x10, 0x40, 0x00, 0x00, 0x30, 0x25, 0x02, 0x00, 0x11, 0x01, 0x72, 0x00,
    0x1a, 0x01, 0x72, 0x00, 0x13, 0x01, 0x03, 0x00, 0x15, 0x40, 0x00, 0x00,
    0x30, 0x07, 0x00, 0x00, 0x16, 0x40, 0x00, 0x00, 0x30, 0x07, 0x00, 0x00,
    0x18, 0x01, 0x00, 0x00, 0x14, 0x01, 0x41, 0x81, 0x21, 0x01, 0x01, 0x00,
    0x20, 0x01, 0x00, 0x00, 0x22, 0x01, 0x02, 0x00, 0x15, 0x01, 0x15, 0x00,
    0x17, 0x01, 0x07, 0x00, 0x05, 0x00, 0x01, 0x00, 0x00, 0x40, 0x00, 0x00,
    0xf8, 0x56, 0x01, 0x00, 0x10, 0x40, 0x00, 0x00, 0x60, 0x2c, 0x02, 0x00,
    0x05, 0x00, 0x01, 0x00, 0x00, 0x40, 0x00, 0x00, 0x30, 0x25, 0x02, 0x00,
    0x0b, 0x01, 0x00, 0x00, 0x0c, 0x01, 0x00, 0x00, 0x05, 0x40, 0x00, 0x00,
    0x30, 0x07, 0x00, 0x00, 0x04, 0x40, 0x00, 0x00, 0x10, 0x00, 0x00, 0x00,
    0x06, 0x40, 0x00, 0x00, 0x30, 0x07, 0x00, 0x00, 0x05, 0x01, 0x41, 0x00,
    0x01, 0x01, 0x01, 0x00, 0x02, 0x01, 0x01, 0x00, 0x10, 0x40, 0x00, 0x00,
    0xb0, 0xdc, 0x01, 0x00, 0x11, 0x01, 0x39, 0x00, 0x1a, 0x01, 0x39, 0x00,
    0x13, 0x01, 0x0b, 0x00, 0x15, 0x40, 0x00, 0x00, 0xa0, 0x03, 0x00, 0x00,
    0x16, 0x40, 0x00, 0x00, 0xa0, 0x03, 0x00, 0x00, 0x18, 0x01, 0x80, 0xff,
    0x14, 0x01, 0x41, 0x00, 0x21, 0x01, 0x00, 0x00, 0x20, 0x01, 0x02, 0x00,
    0x22, 0x01, 0x05, 0x00, 0x15, 0x01, 0x39, 0x00, 0x17, 0x01, 0x0f, 0x00,
    0x2f, 0x01, 0x01, 0x00, 0x02, 0x00, 0x00, 0x00, 0x00, 0x40, 0x00, 0x00,
    0x60, 0x2c, 0x02, 0x00, 0x10, 0x40, 0x00, 0x00, 0x50, 0xe0, 0x01, 0x00,
    0x2f, 0x01, 0x03, 0x00, 0x02, 0x00, 0x00, 0x00, 0x00, 0x40, 0x00, 0x00,
    0x30, 0xce, 0x01, 0x00, 0x0b, 0x01, 0x02, 0x00, 0x0c, 0x01, 0x02, 0x00,
    0x0a, 0x01, 0x39, 0x00, 0x04, 0x01, 0x0b, 0x00, 0x05, 0x40, 0x00, 0x00,
    0xa0, 0x03, 0x00, 0x00, 0x06, 0x40, 0x00, 0x00, 0xa0, 0x03, 0x00, 0x00,
    0x09, 0x01, 0x80, 0xff, 0x01, 0x01, 0x03, 0x00, 0x02, 0x01, 0x03, 0x00,
    0x10, 0x40, 0x00, 0x00, 0x30, 0x37, 0x02, 0x00, 0x21, 0x01, 0x02, 0x00,
    0x20, 0x01, 0x06, 0x00, 0x22, 0x01, 0x00, 0x00, 0x20, 0x40, 0x00, 0x00,
    0xe0, 0x01, 0x00, 0x00, 0x21, 0x40, 0x00, 0x00, 0x30, 0x01, 0x00, 0x00,
    0x22, 0x40, 0x00, 0x00, 0x60, 0x01, 0x00, 0x00, 0x2f, 0x01, 0x01, 0x00,
    0x03, 0x00, 0x00, 0x00, 0x00, 0x40, 0x00, 0x00, 0x90, 0x33, 0x02, 0x00,
    0x0b, 0x01, 0x00, 0x00, 0x0c, 0x01, 0x00, 0x00, 0x01, 0x01, 0x00, 0x00,
    0x02, 0x01, 0x00, 0x00, 0x10, 0x40, 0x00, 0x00, 0xf0, 0xe3, 0x01, 0x00,
    0x21, 0x01, 0x00, 0x00, 0x20, 0x01, 0x00, 0x00, 0x20, 0x40, 0x00, 0x00,
    0x90, 0x03, 0x00, 0x00, 0x21, 0x40, 0x00, 0x00, 0xe0, 0x00, 0x00, 0x00,
    0x22, 0x40, 0x00, 0x00, 0x10, 0x03, 0x00, 0x00, 0x02, 0x00, 0x00, 0x00,
    0x00, 0x40, 0x00, 0x00, 0x30, 0x37, 0x02, 0x00, 0x10, 0x40, 0x00, 0x00,
    0x90, 0xe7, 0x01, 0x00, 0x2f, 0x01, 0x03, 0x00, 0x02, 0x00, 0x00, 0x00,
    0x00, 0x40, 0x00, 0x00, 0x30, 0xeb, 0x01, 0x00, 0x0b, 0x01, 0x02, 0x00,
    0x0c, 0x01, 0x02, 0x00, 0x01, 0x01, 0x04, 0x00, 0x02, 0x01, 0x04, 0x00,
    0x10, 0x40, 0x00, 0x00, 0x70, 0x3e, 0x02, 0x00, 0x21, 0x01, 0x02, 0x00,
    0x20, 0x01, 0x08, 0x00, 0x20, 0x40, 0x00, 0x00, 0xf0, 0x04, 0x00, 0x00,
    0x21, 0x40, 0x00, 0x00, 0x90, 0x01, 0x00, 0x00, 0x22, 0x40, 0x00, 0x00,
    0x70, 0x04, 0x00, 0x00, 0x0d, 0x01, 0x12, 0x00, 0x2f, 0x01, 0x01, 0x00,
    0x03, 0x00, 0x00, 0x00, 0x00, 0x40, 0x00, 0x00, 0xd0, 0x3a, 0x02, 0x00,
    0x0b, 0x01, 0x00, 0x00, 0x0c, 0x01, 0x00, 0x00, 0x01, 0x01, 0x00, 0x00,
    0x02, 0x01, 0x00, 0x00, 0x10, 0x40, 0x00, 0x00, 0xb0, 0x85, 0x01, 0x00,
    0x21, 0x01, 0x00, 0x00, 0x20, 0x01, 0x00, 0x00, 0x20, 0x40, 0x00, 0x00,
    0x00, 0x07, 0x00, 0x00, 0x21, 0x40, 0x00, 0x00, 0x00, 0x01, 0x00, 0x00,
    0x22, 0x40, 0x00, 0x00, 0x80, 0x06, 0x00, 0x00, 0x0d, 0x01, 0x0a, 0x00,
    0x02, 0x00, 0x00, 0x00, 0x00, 0x40, 0x00, 0x00, 0x70, 0x3e, 0x02, 0x00,
    0x10, 0x40, 0x00, 0x00, 0x50, 0x89, 0x01, 0x00, 0x2f, 0x01, 0x03, 0x00,
    0x02, 0x00, 0x00, 0x00, 0x00, 0x40, 0x00, 0x00, 0xf0, 0x8c, 0x01, 0x00,
    0x0b, 0x01, 0x04, 0x00, 0x0c, 0x01, 0x04, 0x00, 0x01, 0x01, 0x01, 0x00,
    0x02, 0x01, 0x01, 0x00, 0x10, 0x40, 0x00, 0x00, 0x10, 0x42, 0x02, 0x00,
    0x21, 0x01, 0x04, 0x00, 0x20, 0x01, 0x02, 0x00, 0x20, 0x40, 0x00, 0x00,
    0x80, 0x08, 0x00, 0x00, 0x21, 0x40, 0x00, 0x00, 0xe0, 0x00, 0x00, 0x00,
    0x22, 0x40, 0x00, 0x00, 0x00, 0x08, 0x00, 0x00, 0x0d, 0x01, 0x12, 0x00,
    0x2f, 0x01, 0x01, 0x00, 0x03, 0x00, 0x00, 0x00, 0x00, 0x40, 0x00, 0x00,
    0x90, 0x90, 0x01, 0x00, 0x10, 0x40, 0x00, 0x00, 0xb0, 0x45, 0x02, 0x00,
    0x2f, 0x01, 0x03, 0x00, 0x03, 0x00, 0x00, 0x00, 0x00, 0x40, 0x00, 0x00,
    0x10, 0x42, 0x02, 0x00, 0x0b, 0x01, 0x00, 0x00, 0x0c, 0x01, 0x00, 0x00,
    0x01, 0x01, 0x00, 0x00, 0x02, 0x01, 0x00, 0x00, 0x10, 0x40, 0x00, 0x00,
    0xf0, 0x00, 0x02, 0x00, 0x21, 0x01, 0x00, 0x00, 0x20, 0x01, 0x00, 0x00,
    0x20, 0x40, 0x00, 0x00, 0xe0, 0x09, 0x00, 0x00, 0x21, 0x40, 0x00, 0x00,
    0x00, 0x01, 0x00, 0x00, 0x22, 0x40, 0x00, 0x00, 0x60, 0x09, 0x00, 0x00,
    0x0d, 0x01, 0x0a, 0x00, 0x2f, 0x01, 0x01, 0x00, 0x02, 0x00, 0x00, 0x00,
    0x00, 0x40, 0x00, 0x00, 0xb0, 0x45, 0x02, 0x00, 0x10, 0x40, 0x00, 0x00,
    0x90, 0x04, 0x02, 0x00, 0x2f, 0x01, 0x03, 0x00, 0x02, 0x00, 0x00, 0x00,
    0x00, 0x40, 0x00, 0x00, 0x30, 0x94, 0x01, 0x00, 0x0b, 0x01, 0x04, 0x00,
    0x0c, 0x01, 0x04, 0x00, 0x01, 0x01, 0x01, 0x00, 0x02, 0x01, 0x01, 0x00,
    0x10, 0x40, 0x00, 0x00, 0x10, 0x42, 0x02, 0x00, 0x21, 0x01, 0x04, 0x00,
    0x20, 0x01, 0x02, 0x00, 0x20, 0x40, 0x00, 0x00, 0x80, 0x08, 0x00, 0x00,
    0x21, 0x40, 0x00, 0x00, 0xe0, 0x00, 0x00, 0x00, 0x22, 0x40, 0x00, 0x00,
    0x00, 0x08, 0x00, 0x00, 0x0d, 0x01, 0x12, 0x00, 0x03, 0x00, 0x00, 0x00,
    0x00, 0x40, 0x00, 0x00, 0xd0, 0x97, 0x01, 0x00, 0x10, 0x40, 0x00, 0x00,
    0xb0, 0x45, 0x02, 0x00, 0x03, 0x00, 0x00, 0x00, 0x00, 0x40, 0x00, 0x00,
    0x10, 0x42, 0x02, 0x00, 0x0b, 0x01, 0x00, 0x00, 0x0c, 0x01, 0x00, 0x00,
    0x01, 0x01, 0x00, 0x00, 0x02, 0x01, 0x00, 0x00, 0x10, 0x40, 0x00, 0x00,
    0x30, 0x08, 0x02, 0x00, 0x21, 0x01, 0x00, 0x00, 0x20, 0x01, 0x00, 0x00,
    0x20, 0x40, 0x00, 0x00, 0xe0, 0x09, 0x00, 0x00, 0x21, 0x40, 0x00, 0x00,
    0x00, 0x01, 0x00, 0x00, 0x22, 0x40, 0x00, 0x00, 0x60, 0x09, 0x00, 0x00,
    0x0d, 0x01, 0x0a, 0x00, 0x2f, 0x01, 0x01, 0x00, 0x02, 0x00, 0x00, 0x00,
    0x00, 0x40, 0x00, 0x00, 0xb0, 0x45, 0x02, 0x00, 0x10, 0x40, 0x00, 0x00,
    0xd0, 0x0b, 0x02, 0x00, 0x2f, 0x01, 0x03, 0x00, 0x02, 0x00, 0x00, 0x00,
    0x00, 0x40, 0x00, 0x00, 0xb0, 0xf9, 0x01, 0x00, 0x0b, 0x01, 0x02, 0x00,
    0x0c, 0x01, 0x02, 0x00, 0x01, 0x01, 0x03, 0x00, 0x02, 0x01, 0x03, 0x00,
    0x10, 0x40, 0x00, 0x00, 0xf0, 0x4c, 0x02, 0x00, 0x21, 0x01, 0x02, 0x00,
    0x20, 0x01, 0x06, 0x00, 0x20, 0x40, 0x00, 0x00, 0x60, 0x0b, 0x00, 0x00,
    0x21, 0x40, 0x00, 0x00, 0x40, 0x01, 0x00, 0x00, 0x22, 0x40, 0x00, 0x00,
    0xe0, 0x0a, 0x00, 0x00, 0x2f, 0x01, 0x01, 0x00, 0x03, 0x00, 0x00, 0x00,
    0x00, 0x40, 0x00, 0x00, 0x50, 0x49, 0x02, 0x00, 0x0b, 0x01, 0x00, 0x00,
    0x0c, 0x01, 0x00, 0x00, 0x01, 0x01, 0x00, 0x00, 0x02, 0x01, 0x00, 0x00,
    0x10, 0x40, 0x00, 0x00, 0x70, 0x0f, 0x02, 0x00, 0x21, 0x01, 0x00, 0x00,
    0x20, 0x01, 0x00, 0x00, 0x20, 0x40, 0x00, 0x00, 0x20, 0x0d, 0x00, 0x00,
    0x21, 0x40, 0x00, 0x00, 0x00, 0x01, 0x00, 0x00, 0x22, 0x40, 0x00, 0x00,
    0xa0, 0x0c, 0x00, 0x00, 0x02, 0x00, 0x00, 0x00, 0x00, 0x40, 0x00, 0x00,
    0xf0, 0x4c, 0x02, 0x00, 0x10, 0x40, 0x00, 0x00, 0x10, 0x13, 0x02, 0x00,
    0x2f, 0x01, 0x03, 0x00, 0x02, 0x00, 0x00, 0x00, 0x00, 0x40, 0x00, 0x00,
    0xb0, 0x16, 0x02, 0x00, 0x0b, 0x01, 0x02, 0x00, 0x0c, 0x01, 0x02, 0x00,
    0x01, 0x01, 0x04, 0x00, 0x02, 0x01, 0x04, 0x00, 0x10, 0x40, 0x00, 0x00,
    0x30, 0x54, 0x02, 0x00, 0x21, 0x01, 0x02, 0x00, 0x20, 0x01, 0x08, 0x00,
    0x20, 0x40, 0x00, 0x00, 0xa0, 0x0e, 0x00, 0x00, 0x21, 0x40, 0x00, 0x00,
    0x80, 0x01, 0x00, 0x00, 0x22, 0x40, 0x00, 0x00, 0x20, 0x0e, 0x00, 0x00,
    0x0d, 0x01, 0x12, 0x00, 0x2f, 0x01, 0x01, 0x00, 0x03, 0x00, 0x00, 0x00,
    0x00, 0x40, 0x00, 0x00, 0x90, 0x50, 0x02, 0x00, 0x0b, 0x01, 0x00, 0x00,
    0x0c, 0x01, 0x00, 0x00, 0x01, 0x01, 0x00, 0x00, 0x02, 0x01, 0x00, 0x00,
    0x10, 0x40, 0x00, 0x00, 0xf0, 0xc6, 0x01, 0x00, 0x21, 0x01, 0x00, 0x00,
    0x20, 0x01, 0x00, 0x00, 0x20, 0x40, 0x00, 0x00, 0xa0, 0x10, 0x00, 0x00,
    0x21, 0x40, 0x00, 0x00, 0xf0, 0x00, 0x00, 0x00, 0x22, 0x40, 0x00, 0x00,
    0x20, 0x10, 0x00, 0x00, 0x0d, 0x01, 0x0a, 0x00, 0x02, 0x00, 0x00, 0x00,
    0x00, 0x40, 0x00, 0x00, 0x30, 0x54, 0x02, 0x00, 0x10, 0x40, 0x00, 0x00,
    0x90, 0xca, 0x01, 0x00, 0x2f, 0x01, 0x03, 0x00, 0x02, 0x00, 0x00, 0x00,
    0x00, 0x40, 0x00, 0x00, 0xf0, 0xa9, 0x01, 0x00, 0x0b, 0x01, 0x04, 0x00,
    0x0c, 0x01, 0x04, 0x00, 0x01, 0x01, 0x01, 0x00, 0x02, 0x01, 0x01, 0x00,
    0x10, 0x40, 0x00, 0x00, 0xd0, 0x57, 0x02, 0x00, 0x21, 0x01, 0x04, 0x00,
    0x20, 0x01, 0x02, 0x00, 0x20, 0x40, 0x00, 0x00, 0x10, 0x12, 0x00, 0x00,
    0x21, 0x40, 0x00, 0x00, 0xe0, 0x00, 0x00, 0x00, 0x22, 0x40, 0x00, 0x00,
    0x90, 0x11, 0x00, 0x00, 0x0d, 0x01, 0x12, 0x00, 0x2f, 0x01, 0x01, 0x00,
    0x03, 0x00, 0x00, 0x00, 0x00, 0x40, 0x00, 0x00, 0x90, 0xad, 0x01, 0x00,
    0x10, 0x40, 0x00, 0x00, 0x70, 0x5b, 0x02, 0x00, 0x2f, 0x01, 0x03, 0x00,
    0x03, 0x00, 0x00, 0x00, 0x00, 0x40, 0x00, 0x00, 0xd0, 0x57, 0x02, 0x00,
    0x0b, 0x01, 0x00, 0x00, 0x0c, 0x01, 0x00, 0x00, 0x01, 0x01, 0x00, 0x00,
    0x02, 0x01, 0x00, 0x00, 0x10, 0x40, 0x00, 0x00, 0x10, 0x5f, 0x02, 0x00,
    0x21, 0x01, 0x00, 0x00, 0x20, 0x01, 0x00, 0x00, 0x20, 0x40, 0x00, 0x00,
    0x70, 0x13, 0x00, 0x00, 0x21, 0x40, 0x00, 0x00, 0x00, 0x01, 0x00, 0x00,
    0x22, 0x40, 0x00, 0x00, 0xf0, 0x12, 0x00, 0x00, 0x0d, 0x01, 0x0a, 0x00,
    0x2f, 0x01, 0x01, 0x00, 0x02, 0x00, 0x00, 0x00, 0x00, 0x40, 0x00, 0x00,
    0x70, 0x5b, 0x02, 0x00, 0x10, 0x40, 0x00, 0x00, 0xb0, 0x62, 0x02, 0x00,
    0x2f, 0x01, 0x03, 0x00, 0x02, 0x00, 0x00, 0x00, 0x00, 0x40, 0x00, 0x00,
    0x10, 0x5f, 0x02, 0x00, 0x10, 0x40, 0x00, 0x00, 0x0c, 0x0e, 0x00, 0x00,
    0x13, 0x01, 0x00, 0x00, 0x15, 0x40, 0x00, 0x00, 0x3a, 0x00, 0x00, 0x00,
    0x14, 0x40, 0x00, 0x00, 0x01, 0x00, 0x00, 0x00, 0x16, 0x40, 0x00, 0x00,
    0x01, 0x00, 0x00, 0x00, 0x18, 0x01, 0x75, 0x00, 0x14, 0x01, 0x01, 0x00,
    0x20, 0x40, 0x00, 0x00, 0x80, 0x14, 0x00, 0x00, 0x21, 0x40, 0x00, 0x00,
    0x40, 0x00, 0x00, 0x00, 0x22, 0x40, 0x00, 0x00, 0x70, 0x14, 0x00, 0x00,
    0x23, 0x40, 0x00, 0x00, 0x10, 0x00, 0x00, 0x00, 0x17, 0x01, 0x07, 0x00,
    0x2f, 0x01, 0x01, 0x00, 0x02, 0x00, 0x00, 0x00, 0x00, 0x40, 0x00, 0x00,
    0xb0, 0x62, 0x02, 0x00, 0x10, 0x40, 0x00, 0x00, 0x46, 0x0e, 0x00, 0x00,
    0x2f, 0x01, 0x03, 0x00, 0x02, 0x00, 0x00, 0x00, 0x00, 0x40, 0x00, 0x00,
    0x30, 0xb1, 0x01, 0x00, 0x0b, 0x01, 0x04, 0x00, 0x0c, 0x01, 0x04, 0x00,
    0x01, 0x01, 0x01, 0x00, 0x02, 0x01, 0x01, 0x00, 0x10, 0x40, 0x00, 0x00,
    0xd0, 0x57, 0x02, 0x00, 0x13, 0x01, 0x0b, 0x00, 0x15, 0x40, 0x00, 0x00,
    0xa0, 0x03, 0x00, 0x00, 0x14, 0x40, 0x00, 0x00, 0x10, 0x00, 0x00, 0x00,
    0x16, 0x40, 0x00, 0x00, 0xa0, 0x03, 0x00, 0x00, 0x18, 0x01, 0x80, 0xff,
    0x14, 0x01, 0x41, 0x00, 0x21, 0x01, 0x04, 0x00, 0x20, 0x01, 0x02, 0x00,
    0x20, 0x40, 0x00, 0x00, 0x10, 0x12, 0x00, 0x00, 0x21, 0x40, 0x00, 0x00,
    0xe0, 0x00, 0x00, 0x00, 0x22, 0x40, 0x00, 0x00, 0x90, 0x11, 0x00, 0x00,
    0x23, 0x40, 0x00, 0x00, 0x80, 0x00, 0x00, 0x00, 0x17, 0x01, 0x0f, 0x00,
    0x0d, 0x01, 0x12, 0x00, 0x03, 0x00, 0x00, 0x00, 0x00, 0x40, 0x00, 0x00,
    0xd0, 0xb4, 0x01, 0x00, 0x10, 0x40, 0x00, 0x00, 0x70, 0x5b, 0x02, 0x00,
    0x03, 0x00, 0x00, 0x00, 0x00, 0x40, 0x00, 0x00, 0xd0, 0x57, 0x02, 0x00,
    0x0b, 0x01, 0x00, 0x00, 0x0c, 0x01, 0x00, 0x00, 0x01, 0x01, 0x00, 0x00,
    0x02, 0x01, 0x00, 0x00, 0x10, 0x40, 0x00, 0x00, 0x10, 0x5f, 0x02, 0x00,
    0x21, 0x01, 0x00, 0x00, 0x20, 0x01, 0x00, 0x00, 0x20, 0x40, 0x00, 0x00,
    0x70, 0x13, 0x00, 0x00, 0x21, 0x40, 0x00, 0x00, 0x00, 0x01, 0x00, 0x00,
    0x22, 0x40, 0x00, 0x00, 0xf0, 0x12, 0x00, 0x00, 0x0d, 0x01, 0x0a, 0x00,
    0x2f, 0x01, 0x01, 0x00, 0x02, 0x00, 0x00, 0x00, 0x00, 0x40, 0x00, 0x00,
    0x70, 0x5b, 0x02, 0x00, 0x10, 0x40, 0x00, 0x00, 0xb0, 0x62, 0x02, 0x00,
    0x2f, 0x01, 0x03, 0x00, 0x02, 0x00, 0x00, 0x00, 0x00, 0x40, 0x00, 0x00,
    0x10, 0x5f, 0x02, 0x00, 0x10, 0x40, 0x00, 0x00, 0x80, 0x0e, 0x00, 0x00,
    0x13, 0x01, 0x00, 0x00, 0x15, 0x40, 0x00, 0x00, 0x3a, 0x00, 0x00, 0x00,
    0x14, 0x40, 0x00, 0x00, 0x01, 0x00, 0x00, 0x00, 0x16, 0x40, 0x00, 0x00,
    0x01, 0x00, 0x00, 0x00, 0x18, 0x01, 0x75, 0x00, 0x14, 0x01, 0x01, 0x00,
    0x20, 0x40, 0x00, 0x00, 0x80, 0x14, 0x00, 0x00, 0x21, 0x40, 0x00, 0x00,
    0x40, 0x00, 0x00, 0x00, 0x22, 0x40, 0x00, 0x00, 0x70, 0x14, 0x00, 0x00,
    0x23, 0x40, 0x00, 0x00, 0x10, 0x00, 0x00, 0x00, 0x17, 0x01, 0x07, 0x00,
    0x2f, 0x01, 0x01, 0x00, 0x02, 0x00, 0x00, 0x00, 0x00, 0x40, 0x00, 0x00,
    0xb0, 0x62, 0x02, 0x00, 0x10, 0x40, 0x00, 0x00, 0xba, 0x0e, 0x00, 0x00,
    0x2f, 0x01, 0x03, 0x00, 0x02, 0x00, 0x00, 0x00, 0x00, 0x40, 0x00, 0x00,
    0x70, 0xb8, 0x01, 0x00, 0x0b, 0x01, 0x04, 0x00, 0x0c, 0x01, 0x04, 0x00,
    0x01, 0x01, 0x01, 0x00, 0x02, 0x01, 0x01, 0x00, 0x10, 0x40, 0x00, 0x00,
    0xd0, 0x57, 0x02, 0x00, 0x13, 0x01, 0x0b, 0x00, 0x15, 0x40, 0x00, 0x00,
    0xa0, 0x03, 0x00, 0x00, 0x14, 0x40, 0x00, 0x00, 0x10, 0x00, 0x00, 0x00,
    0x16, 0x40, 0x00, 0x00, 0xa0, 0x03, 0x00, 0x00, 0x18, 0x01, 0x80, 0xff,
    0x14, 0x01, 0x41, 0x00, 0x21, 0x01, 0x04, 0x00, 0x20, 0x01, 0x02, 0x00,
    0x20, 0x40, 0x00, 0x00, 0x10, 0x12, 0x00, 0x00, 0x21, 0x40, 0x00, 0x00,
    0xe0, 0x00, 0x00, 0x00, 0x22, 0x40, 0x00, 0x00, 0x90, 0x11, 0x00, 0x00,
    0x23, 0x40, 0x00, 0x00, 0x80, 0x00, 0x00, 0x00, 0x17, 0x01, 0x0f, 0x00,
    0x0d, 0x01, 0x12, 0x00, 0x03, 0x00, 0x00, 0x00, 0x00, 0x40, 0x00, 0x00,
    0x10, 0xbc, 0x01, 0x00, 0x10, 0x40, 0x00, 0x00, 0x70, 0x5b, 0x02, 0x00,
    0x03, 0x00, 0x00, 0x00, 0x00, 0x40, 0x00, 0x00, 0xd0, 0x57, 0x02, 0x00,
    0x0b, 0x01, 0x00, 0x00, 0x0c, 0x01, 0x00, 0x00, 0x01, 0x01, 0x00, 0x00,
    0x02, 0x01, 0x00, 0x00, 0x10, 0x40, 0x00, 0x00, 0x10, 0x5f, 0x02, 0x00,
    0x21, 0x01, 0x00, 0x00, 0x20, 0x01, 0x00, 0x00, 0x20, 0x40, 0x00, 0x00,
    0x70, 0x13, 0x00, 0x00, 0x21, 0x40, 0x00, 0x00, 0x00, 0x01, 0x00, 0x00,
    0x22, 0x40, 0x00, 0x00, 0xf0, 0x12, 0x00, 0x00, 0x0d, 0x01, 0x0a, 0x00,
    0x2f, 0x01, 0x01, 0x00, 0x02, 0x00, 0x00, 0x00, 0x00, 0x40, 0x00, 0x00,
    0x70, 0x5b, 0x02, 0x00, 0x10, 0x40, 0x00, 0x00, 0xb0, 0x62, 0x02, 0x00,
    0x2f, 0x01, 0x03, 0x00, 0x02, 0x00, 0x00, 0x00, 0x00, 0x40, 0x00, 0x00,
    0x10, 0x5f, 0x02, 0x00, 0x10, 0x40, 0x00, 0x00, 0xf4, 0x0e, 0x00, 0x00,
    0x13, 0x01, 0x00, 0x00, 0x15, 0x40, 0x00, 0x00, 0x3a, 0x00, 0x00, 0x00,
    0x14, 0x40, 0x00, 0x00, 0x01, 0x00, 0x00, 0x00, 0x16, 0x40, 0x00, 0x00,
    0x01, 0x00, 0x00, 0x00, 0x18, 0x01, 0x75, 0x00, 0x14, 0x01, 0x01, 0x00,
    0x20, 0x40, 0x00, 0x00, 0x80, 0x14, 0x00, 0x00, 0x21, 0x40, 0x00, 0x00,
    0x40, 0x00, 0x00, 0x00, 0x22, 0x40, 0x00, 0x00, 0x70, 0x14, 0x00, 0x00,
    0x23, 0x40, 0x00, 0x00, 0x10, 0x00, 0x00, 0x00, 0x17, 0x01, 0x07, 0x00,
    0x2f, 0x01, 0x01, 0x00, 0x02, 0x00, 0x00, 0x00, 0x00, 0x40, 0x00, 0x00,
    0xb0, 0x62, 0x02, 0x00, 0x10, 0x40, 0x00, 0x00, 0x2e, 0x0f, 0x00, 0x00,
    0x2f, 0x01, 0x03, 0x00, 0x02, 0x00, 0x00, 0x00, 0x00, 0x40, 0x00, 0x00,
    0x50, 0x1a, 0x02, 0x00, 0x0b, 0x01, 0x02, 0x00, 0x0c, 0x01, 0x02, 0x00,
    0x01, 0x01, 0x04, 0x00, 0x02, 0x01, 0x04, 0x00, 0x10, 0x40, 0x00, 0x00,
    0x90, 0x50, 0x02, 0x00, 0x13, 0x01, 0x0b, 0x00, 0x15, 0x40, 0x00, 0x00,
    0xa0, 0x03, 0x00, 0x00, 0x14, 0x40, 0x00, 0x00, 0x10, 0x00, 0x00, 0x00,
    0x16, 0x40, 0x00, 0x00, 0xa0, 0x03, 0x00, 0x00, 0x18, 0x01, 0x80, 0xff,
    0x14, 0x01, 0x41, 0x00, 0x21, 0x01, 0x02, 0x00, 0x20, 0x01, 0x08, 0x00,
    0x20, 0x40, 0x00, 0x00, 0xa0, 0x0e, 0x00, 0x00, 0x21, 0x40, 0x00, 0x00,
    0x80, 0x01, 0x00, 0x00, 0x22, 0x40, 0x00, 0x00, 0x20, 0x0e, 0x00, 0x00,
    0x23, 0x40, 0x00, 0x00, 0x80, 0x00, 0x00, 0x00, 0x17, 0x01, 0x0f, 0x00,
    0x0d, 0x01, 0x12, 0x00, 0x03, 0x00, 0x00, 0x00, 0x00, 0x40, 0x00, 0x00,
    0xf0, 0x1d, 0x02, 0x00, 0x02, 0x40, 0x00, 0x00, 0x70, 0x0f, 0x02, 0x00,
    0x0b, 0x01, 0x01, 0x00, 0x0c, 0x01, 0x01, 0x00, 0x10, 0x40, 0x00, 0x00,
    0x30, 0x54, 0x02, 0x00, 0x03, 0x00, 0x00, 0x00, 0x00, 0x40, 0x00, 0x00,
    0x90, 0x50, 0x02, 0x00, 0x02, 0x40, 0x00, 0x00, 0x00, 0x00, 0x00, 0x00,
    0x0b, 0x01, 0x00, 0x00, 0x0c, 0x01, 0x00, 0x00, 0x01, 0x01, 0x00, 0x00,
    0x02, 0x01, 0x00, 0x00, 0x10, 0x40, 0x00, 0x00, 0xf0, 0xa9, 0x01, 0x00,
    0x21, 0x01, 0x00, 0x00, 0x20, 0x01, 0x00, 0x00, 0x20, 0x40, 0x00, 0x00,
    0xa0, 0x10, 0x00, 0x00, 0x21, 0x40, 0x00, 0x00, 0xf0, 0x00, 0x00, 0x00,
    0x22, 0x40, 0x00, 0x00, 0x20, 0x10, 0x00, 0x00, 0x0d, 0x01, 0x0a, 0x00,
    0x2f, 0x01, 0x01, 0x00, 0x02, 0x00, 0x00, 0x00, 0x00, 0x40, 0x00, 0x00,
    0x30, 0x54, 0x02, 0x00, 0x10, 0x40, 0x00, 0x00, 0x90, 0xad, 0x01, 0x00,
    0x2f, 0x01, 0x03, 0x00, 0x02, 0x00, 0x00, 0x00, 0x00, 0x40, 0x00, 0x00,
    0x90, 0x21, 0x02, 0x00, 0x02, 0x40, 0x00, 0x00, 0x70, 0x0f, 0x02, 0x00,
    0x01, 0x01, 0x04, 0x00, 0x02, 0x01, 0x04, 0x00, 0x10, 0x40, 0x00, 0x00,
    0x90, 0x50, 0x02, 0x00, 0x21, 0x01, 0x02, 0x00, 0x20, 0x01, 0x08, 0x00,
    0x20, 0x40, 0x00, 0x00, 0xa0, 0x0e, 0x00, 0x00, 0x21, 0x40, 0x00, 0x00,
    0x80, 0x01, 0x00, 0x00, 0x22, 0x40, 0x00, 0x00, 0x20, 0x0e, 0x00, 0x00,
    0x0d, 0x01, 0x12, 0x00, 0x03, 0x00, 0x00, 0x00, 0x00, 0x40, 0x00, 0x00,
    0x50, 0xfd, 0x01, 0x00, 0x02, 0x40, 0x00, 0x00, 0x00, 0x00, 0x00, 0x00,
    0x0b, 0x01, 0x02, 0x00, 0x0c, 0x01, 0x02, 0x00, 0x01, 0x01, 0x03, 0x00,
    0x02, 0x01, 0x03, 0x00, 0x10, 0x40, 0x00, 0x00, 0x50, 0x49, 0x02, 0x00,
    0x20, 0x01, 0x06, 0x00, 0x20, 0x40, 0x00, 0x00, 0x60, 0x0b, 0x00, 0x00,
    0x21, 0x40, 0x00, 0x00, 0x40, 0x01, 0x00, 0x00, 0x22, 0x40, 0x00, 0x00,
    0xe0, 0x0a, 0x00, 0x00, 0x0d, 0x01, 0x0a, 0x00, 0x03, 0x00, 0x00, 0x00,
    0x00, 0x40, 0x00, 0x00, 0xf0, 0x00, 0x02, 0x00, 0x10, 0x40, 0x00, 0x00,
    0xf0, 0x4c, 0x02, 0x00, 0x03, 0x00, 0x00, 0x00, 0x00, 0x40, 0x00, 0x00,
    0x50, 0x49, 0x02, 0x00, 0x0b, 0x01, 0x00, 0x00, 0x0c, 0x01, 0x00, 0x00,
    0x01, 0x01, 0x00, 0x00, 0x02, 0x01, 0x00, 0x00, 0x10, 0x40, 0x00, 0x00,
    0xb0, 0x16, 0x02, 0x00, 0x21, 0x01, 0x00, 0x00, 0x20, 0x01, 0x00, 0x00,
    0x20, 0x40, 0x00, 0x00, 0x20, 0x0d, 0x00, 0x00, 0x21, 0x40, 0x00, 0x00,
    0x00, 0x01, 0x00, 0x00, 0x22, 0x40, 0x00, 0x00, 0xa0, 0x0c, 0x00, 0x00,
    0x2f, 0x01, 0x01, 0x00, 0x02, 0x00, 0x00, 0x00, 0x00, 0x40, 0x00, 0x00,
    0xf0, 0x4c, 0x02, 0x00, 0x10, 0x40, 0x00, 0x00, 0x50, 0x1a, 0x02, 0x00,
    0x2f, 0x01, 0x03, 0x00, 0x02, 0x00, 0x00, 0x00, 0x00, 0x40, 0x00, 0x00,
    0x90, 0x04, 0x02, 0x00, 0x0b, 0x01, 0x02, 0x00, 0x0c, 0x01, 0x02, 0x00,
    0x01, 0x01, 0x03, 0x00, 0x02, 0x01, 0x03, 0x00, 0x10, 0x40, 0x00, 0x00,
    0x50, 0x49, 0x02, 0x00, 0x21, 0x01, 0x02, 0x00, 0x20, 0x01, 0x06, 0x00,
    0x20, 0x40, 0x00, 0x00, 0x60, 0x0b, 0x00, 0x00, 0x21, 0x40, 0x00, 0x00,
    0x40, 0x01, 0x00, 0x00, 0x22, 0x40, 0x00, 0x00, 0xe0, 0x0a, 0x00, 0x00,
    0x03, 0x00, 0x00, 0x00, 0x00, 0x40, 0x00, 0x00, 0x70, 0x9b, 0x01, 0x00,
    0x02, 0x40, 0x00, 0x00, 0xb0, 0x85, 0x01, 0x00, 0x0b, 0x01, 0x03, 0x00,
    0x0c, 0x01, 0x03, 0x00, 0x01, 0x01, 0x01, 0x00, 0x02, 0x01, 0x01, 0x00,
    0x10, 0x40, 0x00, 0x00, 0x10, 0x42, 0x02, 0x00, 0x21, 0x01, 0x04, 0x00,
    0x20, 0x01, 0x02, 0x00, 0x20, 0x40, 0x00, 0x00, 0x80, 0x08, 0x00, 0x00,
    0x21, 0x40, 0x00, 0x00, 0xe0, 0x00, 0x00, 0x00, 0x22, 0x40, 0x00, 0x00,
    0x00, 0x08, 0x00, 0x00, 0x0d, 0x01, 0x12, 0x00, 0x03, 0x00, 0x00, 0x00,
    0x00, 0x40, 0x00, 0x00, 0x10, 0x9f, 0x01, 0x00, 0x0b, 0x01, 0x02, 0x00,
    0x0c, 0x01, 0x02, 0x00, 0x10, 0x40, 0x00, 0x00, 0xb0, 0x45, 0x02, 0x00,
    0x03, 0x00, 0x00, 0x00, 0x00, 0x40, 0x00, 0x00, 0x10, 0x42, 0x02, 0x00,
    0x02, 0x40, 0x00, 0x00, 0x00, 0x00, 0x00, 0x00, 0x0b, 0x01, 0x00, 0x00,
    0x0c, 0x01, 0x00, 0x00, 0x01, 0x01, 0x00, 0x00, 0x02, 0x01, 0x00, 0x00,
    0x10, 0x40, 0x00, 0x00, 0xb0, 0xf9, 0x01, 0x00, 0x21, 0x01, 0x00, 0x00,
    0x20, 0x01, 0x00, 0x00, 0x20, 0x40, 0x00, 0x00, 0xe0, 0x09, 0x00, 0x00,
    0x21, 0x40, 0x00, 0x00, 0x00, 0x01, 0x00, 0x00, 0x22, 0x40, 0x00, 0x00,
    0x60, 0x09, 0x00, 0x00, 0x0d, 0x01, 0x0a, 0x00, 0x2f, 0x01, 0x01, 0x00,
    0x02, 0x00, 0x00, 0x00, 0x00, 0x40, 0x00, 0x00, 0xb0, 0x45, 0x02, 0x00,
    0x10, 0x40, 0x00, 0x00, 0x50, 0xfd, 0x01, 0x00, 0x2f, 0x01, 0x03, 0x00,
    0x02, 0x00, 0x00, 0x00, 0x00, 0x40, 0x00, 0x00, 0xd0, 0xee, 0x01, 0x00,
    0x0b, 0x01, 0x02, 0x00, 0x0c, 0x01, 0x02, 0x00, 0x01, 0x01, 0x04, 0x00,
    0x02, 0x01, 0x04, 0x00, 0x10, 0x40, 0x00, 0x00, 0xd0, 0x3a, 0x02, 0x00,
    0x21, 0x01, 0x02, 0x00, 0x20, 0x01, 0x08, 0x00, 0x20, 0x40, 0x00, 0x00,
    0xf0, 0x04, 0x00, 0x00, 0x21, 0x40, 0x00, 0x00, 0x90, 0x01, 0x00, 0x00,
    0x22, 0x40, 0x00, 0x00, 0x70, 0x04, 0x00, 0x00, 0x0d, 0x01, 0x12, 0x00,
    0x03, 0x00, 0x00, 0x00, 0x00, 0x40, 0x00, 0x00, 0x70, 0xf2, 0x01, 0x00,
    0x02, 0x40, 0x00, 0x00, 0xf0, 0xe3, 0x01, 0x00, 0x0b, 0x01, 0x01, 0x00,
    0x0c, 0x01, 0x01, 0x00, 0x10, 0x40, 0x00, 0x00, 0x70, 0x3e, 0x02, 0x00,
    0x03, 0x00, 0x00, 0x00, 0x00, 0x40, 0x00, 0x00, 0xd0, 0x3a, 0x02, 0x00,
    0x02, 0x40, 0x00, 0x00, 0x00, 0x00, 0x00, 0x00, 0x0b, 0x01, 0x00, 0x00,
    0x0c, 0x01, 0x00, 0x00, 0x01, 0x01, 0x00, 0x00, 0x02, 0x01, 0x00, 0x00,
    0x10, 0x40, 0x00, 0x00, 0xf0, 0x8c, 0x01, 0x00, 0x21, 0x01, 0x00, 0x00,
    0x20, 0x01, 0x00, 0x00, 0x20, 0x40, 0x00, 0x00, 0x00, 0x07, 0x00, 0x00,
    0x21, 0x40, 0x00, 0x00, 0x00, 0x01, 0x00, 0x00, 0x22, 0x40, 0x00, 0x00,
    0x80, 0x06, 0x00, 0x00, 0x0d, 0x01, 0x0a, 0x00, 0x2f, 0x01, 0x01, 0x00,
    0x02, 0x00, 0x00, 0x00, 0x00, 0x40, 0x00, 0x00, 0x70, 0x3e, 0x02, 0x00,
    0x10, 0x40, 0x00, 0x00, 0x90, 0x90, 0x01, 0x00, 0x2f, 0x01, 0x03, 0x00,
    0x02, 0x00, 0x00, 0x00, 0x00, 0x40, 0x00, 0x00, 0x10, 0xf6, 0x01, 0x00,
    0x02, 0x40, 0x00, 0x00, 0xf0, 0xe3, 0x01, 0x00, 0x01, 0x01, 0x04, 0x00,
    0x02, 0x01, 0x04, 0x00, 0x10, 0x40, 0x00, 0x00, 0xd0, 0x3a, 0x02, 0x00,
    0x21, 0x01, 0x02, 0x00, 0x20, 0x01, 0x08, 0x00, 0x20, 0x40, 0x00, 0x00,
    0xf0, 0x04, 0x00, 0x00, 0x21, 0x40, 0x00, 0x00, 0x90, 0x01, 0x00, 0x00,
    0x22, 0x40, 0x00, 0x00, 0x70, 0x04, 0x00, 0x00, 0x0d, 0x01, 0x12, 0x00,
    0x03, 0x00, 0x00, 0x00, 0x00, 0x40, 0x00, 0x00, 0xd0, 0xd1, 0x01, 0x00,
    0x02, 0x40, 0x00, 0x00, 0x00, 0x00, 0x00, 0x00, 0x0b, 0x01, 0x02, 0x00,
    0x0c, 0x01, 0x02, 0x00, 0x01, 0x01, 0x03, 0x00, 0x02, 0x01, 0x03, 0x00,
    0x10, 0x40, 0x00, 0x00, 0x90, 0x33, 0x02, 0x00, 0x20, 0x01, 0x06, 0x00,
    0x20, 0x40, 0x00, 0x00, 0xe0, 0x01, 0x00, 0x00, 0x21, 0x40, 0x00, 0x00,
    0x30, 0x01, 0x00, 0x00, 0x22, 0x40, 0x00, 0x00, 0x60, 0x01, 0x00, 0x00,
    0x0d, 0x01, 0x0a, 0x00, 0x03, 0x00, 0x00, 0x00, 0x00, 0x40, 0x00, 0x00,
    0x70, 0xd5, 0x01, 0x00, 0x10, 0x40, 0x00, 0x00, 0x30, 0x37, 0x02, 0x00,
    0x03, 0x00, 0x00, 0x00, 0x00, 0x40, 0x00, 0x00, 0x90, 0x33, 0x02, 0x00,
    0x0b, 0x01, 0x00, 0x00, 0x0c, 0x01, 0x00, 0x00, 0x01, 0x01, 0x00, 0x00,
    0x02, 0x01, 0x00, 0x00, 0x10, 0x40, 0x00, 0x00, 0x30, 0xeb, 0x01, 0x00,
    0x21, 0x01, 0x00, 0x00, 0x20, 0x01, 0x00, 0x00, 0x20, 0x40, 0x00, 0x00,
    0x90, 0x03, 0x00, 0x00, 0x21, 0x40, 0x00, 0x00, 0xe0, 0x00, 0x00, 0x00,
    0x22, 0x40, 0x00, 0x00, 0x10, 0x03, 0x00, 0x00, 0x2f, 0x01, 0x01, 0x00,
    0x02, 0x00, 0x00, 0x00, 0x00, 0x40, 0x00, 0x00, 0x30, 0x37, 0x02, 0x00,
    0x10, 0x40, 0x00, 0x00, 0xd0, 0xee, 0x01, 0x00, 0x2f, 0x01, 0x03, 0x00,
    0x02, 0x00, 0x00, 0x00, 0x00, 0x40, 0x00, 0x00, 0x10, 0xd9, 0x01, 0x00,
    0x0b, 0x01, 0x02, 0x00, 0x0c, 0x01, 0x02, 0x00, 0x01, 0x01, 0x03, 0x00,
    0x02, 0x01, 0x03, 0x00, 0x10, 0x40, 0x00, 0x00, 0x90, 0x33, 0x02, 0x00,
    0x21, 0x01, 0x02, 0x00, 0x20, 0x01, 0x06, 0x00, 0x20, 0x40, 0x00, 0x00,
    0xe0, 0x01, 0x00, 0x00, 0x21, 0x40, 0x00, 0x00, 0x30, 0x01, 0x00, 0x00,
    0x22, 0x40, 0x00, 0x00, 0x60, 0x01, 0x00, 0x00, 0x03, 0x00, 0x00, 0x00,
    0x00, 0x40, 0x00, 0x00, 0x90, 0x5a, 0x01, 0x00, 0x0b, 0x01, 0x01, 0x00,
    0x0c, 0x01, 0x01, 0x00, 0x0a, 0x01, 0x72, 0x00, 0x04, 0x01, 0x03, 0x00,
    0x05, 0x40, 0x00, 0x00, 0xcc, 0x01, 0x00, 0x00, 0x04, 0x40, 0x00, 0x00,
    0x04, 0x00, 0x00, 0x00, 0x06, 0x40, 0x00, 0x00, 0x01, 0x00, 0x00, 0x00,
    0x09, 0x01, 0x00, 0x00, 0x05, 0x01, 0x01, 0x00, 0x01, 0x01, 0x00, 0x00,
    0x02, 0x01, 0x00, 0x00, 0x10, 0x40, 0x00, 0x00, 0x30, 0x25, 0x02, 0x00,
    0x11, 0x01, 0x72, 0x00, 0x1a, 0x01, 0x72, 0x00, 0x13, 0x01, 0x03, 0x00,
    0x15, 0x40, 0x00, 0x00, 0x30, 0x07, 0x00, 0x00, 0x16, 0x40, 0x00, 0x00,
    0x30, 0x07, 0x00, 0x00, 0x18, 0x01, 0x00, 0x00, 0x14, 0x01, 0x41, 0x81,
    0x21, 0x01, 0x01, 0x00, 0x20, 0x01, 0x00, 0x00, 0x22, 0x01, 0x02, 0x00,
    0x15, 0x01, 0x15, 0x00, 0x17, 0x01, 0x07, 0x00, 0x05, 0x00, 0x01, 0x00,
    0x00, 0x40, 0x00, 0x00, 0x28, 0x5e, 0x01, 0x00, 0x10, 0x40, 0x00, 0x00,
    0x60, 0x2c, 0x02, 0x00, 0x05, 0x00, 0x01, 0x00, 0x00, 0x40, 0x00, 0x00,
    0x30, 0x25, 0x02, 0x00, 0x0b, 0x01, 0x00, 0x00, 0x0c, 0x01, 0x00, 0x00,
    0x05, 0x40, 0x00, 0x00, 0x30, 0x07, 0x00, 0x00, 0x04, 0x40, 0x00, 0x00,
    0x10, 0x00, 0x00, 0x00, 0x06, 0x40, 0x00, 0x00, 0x30, 0x07, 0x00, 0x00,
    0x05, 0x01, 0x41, 0x00, 0x01, 0x01, 0x01, 0x00, 0x02, 0x01, 0x01, 0x00,
    0x10, 0x40, 0x00, 0x00, 0x30, 0xce, 0x01, 0x00, 0x11, 0x01, 0x39, 0x00,
    0x1a, 0x01, 0x39, 0x00, 0x13, 0x01, 0x0b, 0x00, 0x15, 0x40, 0x00, 0x00,
    0xa0, 0x03, 0x00, 0x00, 0x16, 0x40, 0x00, 0x00, 0xa0, 0x03, 0x00, 0x00,
    0x18, 0x01, 0x80, 0xff, 0x14, 0x01, 0x41, 0x00, 0x21, 0x01, 0x00, 0x00,
    0x20, 0x01, 0x02, 0x00, 0x22, 0x01, 0x05, 0x00, 0x20, 0x40, 0x00, 0x00,
    0x80, 0x00, 0x00, 0x00, 0x21, 0x40, 0x00, 0x00, 0xe0, 0x00, 0x00, 0x00,
    0x22, 0x40, 0x00, 0x00, 0x00, 0x00, 0x00, 0x00, 0x15, 0x01, 0x39, 0x00,
    0x17, 0x01, 0x0f, 0x00, 0x2f, 0x01, 0x01, 0x00, 0x02, 0x00, 0x00, 0x00,
    0x00, 0x40, 0x00, 0x00, 0x60, 0x2c, 0x02, 0x00, 0x10, 0x40, 0x00, 0x00,
    0xd0, 0xd1, 0x01, 0x00, 0x2f, 0x01, 0x03, 0x00, 0x02, 0x00, 0x00, 0x00,
    0x00, 0x40, 0x00, 0x00, 0xc0, 0x61, 0x01, 0x00, 0x0b, 0x01, 0x01, 0x00,
    0x0c, 0x01, 0x01, 0x00, 0x05, 0x40, 0x00, 0x00, 0xcc, 0x01, 0x00, 0x00,
    0x04, 0x40, 0x00, 0x00, 0x04, 0x00, 0x00, 0x00, 0x06, 0x40, 0x00, 0x00,
    0x01, 0x00, 0x00, 0x00, 0x05, 0x01, 0x01, 0x00, 0x01, 0x01, 0x00, 0x00,
    0x02, 0x01, 0x00, 0x00, 0x10, 0x40, 0x00, 0x00, 0x30, 0x25, 0x02, 0x00,
    0x11, 0x01, 0x72, 0x00, 0x1a, 0x01, 0x72, 0x00, 0x13, 0x01, 0x03, 0x00,
    0x15, 0x40, 0x00, 0x00, 0x30, 0x07, 0x00, 0x00, 0x16, 0x40, 0x00, 0x00,
    0x30, 0x07, 0x00, 0x00, 0x18, 0x01, 0x00, 0x00, 0x14, 0x01, 0x41, 0x81,
    0x21, 0x01, 0x01, 0x00, 0x20, 0x01, 0x00, 0x00, 0x22, 0x01, 0x02, 0x00,
    0x15, 0x01, 0x15, 0x00, 0x17, 0x01, 0x07, 0x00, 0x05, 0x00, 0x01, 0x00,
    0x00, 0x40, 0x00, 0x00, 0x58, 0x65, 0x01, 0x00, 0x10, 0x40, 0x00, 0x00,
    0x60, 0x2c, 0x02, 0x00, 0x05, 0x00, 0x01, 0x00, 0x00, 0x40, 0x00, 0x00,
    0x30, 0x25, 0x02, 0x00, 0x0b, 0x01, 0x00, 0x00, 0x0c, 0x01, 0x00, 0x00,
    0x05, 0x40, 0x00, 0x00, 0x30, 0x07, 0x00, 0x00, 0x04, 0x40, 0x00, 0x00,
    0x10, 0x00, 0x00, 0x00, 0x06, 0x40, 0x00, 0x00, 0x30, 0x07, 0x00, 0x00,
    0x05, 0x01, 0x41, 0x00, 0x01, 0x01, 0x01, 0x00, 0x02, 0x01, 0x01, 0x00,
    0x10, 0x40, 0x00, 0x00, 0x70, 0xd5, 0x01, 0x00, 0x11, 0x01, 0x39, 0x00,
    0x1a, 0x01, 0x39, 0x00, 0x13, 0x01, 0x0b, 0x00, 0x15, 0x40, 0x00, 0x00,
    0xa0, 0x03, 0x00, 0x00, 0x16, 0x40, 0x00, 0x00, 0xa0, 0x03, 0x00, 0x00,
    0x18, 0x01, 0x80, 0xff, 0x14, 0x01, 0x41, 0x00, 0x21, 0x01, 0x00, 0x00,
    0x20, 0x01, 0x02, 0x00, 0x22, 0x01, 0x05, 0x00, 0x15, 0x01, 0x39, 0x00,
    0x17, 0x01, 0x0f, 0x00, 0x2f, 0x01, 0x01, 0x00, 0x02, 0x00, 0x00, 0x00,
    0x00, 0x40, 0x00, 0x00, 0x60, 0x2c, 0x02, 0x00, 0x10, 0x40, 0x00, 0x00,
    0x10, 0xd9, 0x01, 0x00, 0x2f, 0x01, 0x03, 0x00, 0x02, 0x00, 0x00, 0x00,
    0x00, 0x40, 0x00, 0x00, 0xb0, 0xdc, 0x01, 0x00, 0x02, 0x40, 0x00, 0x00,
    0x30, 0xce, 0x01, 0x00, 0x0b, 0x01, 0x01, 0x00, 0x0c, 0x01, 0x01, 0x00,
    0x0a, 0x01, 0x39, 0x00, 0x04, 0x01, 0x0b, 0x00, 0x05, 0x40, 0x00, 0x00,
    0xa0, 0x03, 0x00, 0x00, 0x06, 0x40, 0x00, 0x00, 0xa0, 0x03, 0x00, 0x00,
    0x09, 0x01, 0x80, 0xff, 0x01, 0x01, 0x03, 0x00, 0x02, 0x01, 0x03, 0x00,
    0x10, 0x40, 0x00, 0x00, 0x30, 0x37, 0x02, 0x00, 0x21, 0x01, 0x02, 0x00,
    0x20, 0x01, 0x06, 0x00, 0x22, 0x01, 0x00, 0x00, 0x20, 0x40, 0x00, 0x00,
    0xe0, 0x01, 0x00, 0x00, 0x21, 0x40, 0x00, 0x00, 0x30, 0x01, 0x00, 0x00,
    0x22, 0x40, 0x00, 0x00, 0x60, 0x01, 0x00, 0x00, 0x2f, 0x01, 0x01, 0x00,
    0x03, 0x00, 0x00, 0x00, 0x00, 0x40, 0x00, 0x00, 0x90, 0x33, 0x02, 0x00,
    0x02, 0x40, 0x00, 0x00, 0x00, 0x00, 0x00, 0x00, 0x0b, 0x01, 0x00, 0x00,
    0x0c, 0x01, 0x00, 0x00, 0x01, 0x01, 0x00, 0x00, 0x02, 0x01, 0x00, 0x00,
    0x10, 0x40, 0x00, 0x00, 0x70, 0xf2, 0x01, 0x00, 0x21, 0x01, 0x00, 0x00,
    0x20, 0x01, 0x00, 0x00, 0x20, 0x40, 0x00, 0x00, 0x90, 0x03, 0x00, 0x00,
    0x21, 0x40, 0x00, 0x00, 0xe0, 0x00, 0x00, 0x00, 0x22, 0x40, 0x00, 0x00,
    0x10, 0x03, 0x00, 0x00, 0x02, 0x00, 0x00, 0x00, 0x00, 0x40, 0x00, 0x00,
    0x30, 0x37, 0x02, 0x00, 0x10, 0x40, 0x00, 0x00, 0x10, 0xf6, 0x01, 0x00,
    0x2f, 0x01, 0x03, 0x00, 0x02, 0x00, 0x00, 0x00, 0x00, 0x40, 0x00, 0x00,
    0xf0, 0xe3, 0x01, 0x00, 0x0b, 0x01, 0x02, 0x00, 0x0c, 0x01, 0x02, 0x00,
    0x01, 0x01, 0x04, 0x00, 0x02, 0x01, 0x04, 0x00, 0x10, 0x40, 0x00, 0x00,
    0x70, 0x3e, 0x02, 0x00, 0x21, 0x01, 0x02, 0x00, 0x20, 0x01, 0x08, 0x00,
    0x20, 0x40, 0x00, 0x00, 0xf0, 0x04, 0x00, 0x00, 0x21, 0x40, 0x00, 0x00,
    0x90, 0x01, 0x00, 0x00, 0x22, 0x40, 0x00, 0x00, 0x70, 0x04, 0x00, 0x00,
    0x0d, 0x01, 0x12, 0x00, 0x2f, 0x01, 0x01, 0x00, 0x03, 0x00, 0x00, 0x00,
    0x00, 0x40, 0x00, 0x00, 0xd0, 0x3a, 0x02, 0x00, 0x0b, 0x01, 0x00, 0x00,
    0x0c, 0x01, 0x00, 0x00, 0x01, 0x01, 0x00, 0x00, 0x02, 0x01, 0x00, 0x00,
    0x10, 0x40, 0x00, 0x00, 0x30, 0x94, 0x01, 0x00, 0x21, 0x01, 0x00, 0x00,
    0x20, 0x01, 0x00, 0x00, 0x20, 0x40, 0x00, 0x00, 0x00, 0x07, 0x00, 0x00,
    0x21, 0x40, 0x00, 0x00, 0x00, 0x01, 0x00, 0x00, 0x22, 0x40, 0x00, 0x00,
    0x80, 0x06, 0x00, 0x00, 0x0d, 0x01, 0x0a, 0x00, 0x02, 0x00, 0x00, 0x00,
    0x00, 0x40, 0x00, 0x00, 0x70, 0x3e, 0x02, 0x00, 0x10, 0x40, 0x00, 0x00,
    0xd0, 0x97, 0x01, 0x00, 0x2f, 0x01, 0x03, 0x00, 0x02, 0x00, 0x00, 0x00,
    0x00, 0x40, 0x00, 0x00, 0x90, 0xe7, 0x01, 0x00, 0x0b, 0x01, 0x02, 0x00,
    0x0c, 0x01, 0x02, 0x00, 0x01, 0x01, 0x04, 0x00, 0x02, 0x01, 0x04, 0x00,
    0x10, 0x40, 0x00, 0x00, 0xd0, 0x3a, 0x02, 0x00, 0x21, 0x01, 0x02, 0x00,
    0x20, 0x01, 0x08, 0x00, 0x20, 0x40, 0x00, 0x00, 0xf0, 0x04, 0x00, 0x00,
    0x21, 0x40, 0x00, 0x00, 0x90, 0x01, 0x00, 0x00, 0x22, 0x40, 0x00, 0x00,
    0x70, 0x04, 0x00, 0x00, 0x0d, 0x01, 0x12, 0x00, 0x03, 0x00, 0x00, 0x00,
    0x00, 0x40, 0x00, 0x00, 0x30, 0xeb, 0x01, 0x00, 0x10, 0x40, 0x00, 0x00,
    0x70, 0x3e, 0x02, 0x00, 0x03, 0x00, 0x00, 0x00, 0x00, 0x40, 0x00, 0x00,
    0xd0, 0x3a, 0x02, 0x00, 0x0b, 0x01, 0x00, 0x00, 0x0c, 0x01, 0x00, 0x00,
    0x01, 0x01, 0x00, 0x00, 0x02, 0x01, 0x00, 0x00, 0x10, 0x40, 0x00, 0x00,
    0x70, 0x9b, 0x01, 0x00, 0x21, 0x01, 0x00, 0x00, 0x20, 0x01, 0x00, 0x00,
    0x20, 0x40, 0x00, 0x00, 0x00, 0x07, 0x00, 0x00, 0x21, 0x40, 0x00, 0x00,
    0x00, 0x01, 0x00, 0x00, 0x22, 0x40, 0x00, 0x00, 0x80, 0x06, 0x00, 0x00,
    0x0d, 0x01, 0x0a, 0x00, 0x2f, 0x01, 0x01, 0x00, 0x02, 0x00, 0x00, 0x00,
    0x00, 0x40, 0x00, 0x00, 0x70, 0x3e, 0x02, 0x00, 0x10, 0x40, 0x00, 0x00,
    0x10, 0x9f, 0x01, 0x00, 0x2f, 0x01, 0x03, 0x00, 0x02, 0x00, 0x00, 0x00,
    0x00, 0x40, 0x00, 0x00, 0xb0, 0xa2, 0x01, 0x00, 0x02, 0x40, 0x00, 0x00,
    0xb0, 0x85, 0x01, 0x00, 0x0b, 0x01, 0x01, 0x00, 0x0c, 0x01, 0x01, 0x00,
    0x01, 0x01, 0x01, 0x00, 0x02, 0x01, 0x01, 0x00, 0x10, 0x40, 0x00, 0x00,
    0x10, 0x42, 0x02, 0x00, 0x21, 0x01, 0x04, 0x00, 0x20, 0x01, 0x02, 0x00,
    0x20, 0x40, 0x00, 0x00, 0x80, 0x08, 0x00, 0x00, 0x21, 0x40, 0x00, 0x00,
    0xe0, 0x00, 0x00, 0x00, 0x22, 0x40, 0x00, 0x00, 0x00, 0x08, 0x00, 0x00,
    0x0d, 0x01, 0x12, 0x00, 0x2f, 0x01, 0x01, 0x00, 0x03, 0x00, 0x00, 0x00,
    0x00, 0x40, 0x00, 0x00, 0x50, 0xa6, 0x01, 0x00, 0x0b, 0x01, 0x00, 0x00,
    0x0c, 0x01, 0x00, 0x00, 0x10, 0x40, 0x00, 0x00, 0xb0, 0x45, 0x02, 0x00,
    0x2f, 0x01, 0x03, 0x00, 0x03, 0x00, 0x00, 0x00, 0x00, 0x40, 0x00, 0x00,
    0x10, 0x42, 0x02, 0x00, 0x02, 0x40, 0x00, 0x00, 0x00, 0x00, 0x00, 0x00,
    0x01, 0x01, 0x00, 0x00, 0x02, 0x01, 0x00, 0x00, 0x10, 0x40, 0x00, 0x00,
    0xf0, 0x00, 0x02, 0x00, 0x21, 0x01, 0x00, 0x00, 0x20, 0x01, 0x00, 0x00,
    0x20, 0x40, 0x00, 0x00, 0xe0, 0x09, 0x00, 0x00, 0x21, 0x40, 0x00, 0x00,
    0x00, 0x01, 0x00, 0x00, 0x22, 0x40, 0x00, 0x00, 0x60, 0x09, 0x00, 0x00,
    0x0d, 0x01, 0x0a, 0x00, 0x2f, 0x01, 0x01, 0x00, 0x02, 0x00, 0x00, 0x00,
    0x00, 0x40, 0x00, 0x00, 0xb0, 0x45, 0x02, 0x00, 0x10, 0x40, 0x00, 0x00,
    0x90, 0x04, 0x02, 0x00, 0x2f, 0x01, 0x03, 0x00, 0x02, 0x00, 0x00, 0x00,
    0x00, 0x40, 0x00, 0x00, 0x30, 0x08, 0x02, 0x00, 0x02, 0x40, 0x00, 0x00,
    0xb0, 0xf9, 0x01, 0x00, 0x0b, 0x01, 0x01, 0x00, 0x0c, 0x01, 0x01, 0x00,
    0x01, 0x01, 0x03, 0x00, 0x02, 0x01, 0x03, 0x00, 0x10, 0x40, 0x00, 0x00,
    0xf0, 0x4c, 0x02, 0x00, 0x21, 0x01, 0x02, 0x00, 0x20, 0x01, 0x06, 0x00,
    0x20, 0x40, 0x00, 0x00, 0x60, 0x0b, 0x00, 0x00, 0x21, 0x40, 0x00, 0x00,
    0x40, 0x01, 0x00, 0x00, 0x22, 0x40, 0x00, 0x00, 0xe0, 0x0a, 0x00, 0x00,
    0x2f, 0x01, 0x01, 0x00, 0x03, 0x00, 0x00, 0x00, 0x00, 0x40, 0x00, 0x00,
    0x50, 0x49, 0x02, 0x00, 0x02, 0x40, 0x00, 0x00, 0x00, 0x00, 0x00, 0x00,
    0x0b, 0x01, 0x00, 0x00, 0x0c, 0x01, 0x00, 0x00, 0x01, 0x01, 0x00, 0x00,
    0x02, 0x01, 0x00, 0x00, 0x10, 0x40, 0x00, 0x00, 0xf0, 0x1d, 0x02, 0x00,
    0x21, 0x01, 0x00, 0x00, 0x20, 0x01, 0x00, 0x00, 0x20, 0x40, 0x00, 0x00,
    0x20, 0x0d, 0x00, 0x00, 0x21, 0x40, 0x00, 0x00, 0x00, 0x01, 0x00, 0x00,
    0x22, 0x40, 0x00, 0x00, 0xa0, 0x0c, 0x00, 0x00, 0x02, 0x00, 0x00, 0x00,
    0x00, 0x40, 0x00, 0x00, 0xf0, 0x4c, 0x02, 0x00, 0x10, 0x40, 0x00, 0x00,
    0x90, 0x21, 0x02, 0x00, 0x2f, 0x01, 0x03, 0x00, 0x02, 0x00, 0x00, 0x00,
    0x00, 0x40, 0x00, 0x00, 0x70, 0x0f, 0x02, 0x00, 0x0b, 0x01, 0x02, 0x00,
    0x0c, 0x01, 0x02, 0x00, 0x01, 0x01, 0x04, 0x00, 0x02, 0x01, 0x04, 0x00,
    0x10, 0x40, 0x00, 0x00, 0x30, 0x54, 0x02, 0x00, 0x21, 0x01, 0x02, 0x00,
    0x20, 0x01, 0x08, 0x00, 0x20, 0x40, 0x00, 0x00, 0xa0, 0x0e, 0x00, 0x00,
    0x21, 0x40, 0x00, 0x00, 0x80, 0x01, 0x00, 0x00, 0x22, 0x40, 0x00, 0x00,
    0x20, 0x0e, 0x00, 0x00, 0x0d, 0x01, 0x12, 0x00, 0x2f, 0x01, 0x01, 0x00,
    0x03, 0x00, 0x00, 0x00, 0x00, 0x40, 0x00, 0x00, 0x90, 0x50, 0x02, 0x00,
    0x0b, 0x01, 0x00, 0x00, 0x0c, 0x01, 0x00, 0x00, 0x01, 0x01, 0x00, 0x00,
    0x02, 0x01, 0x00, 0x00, 0x10, 0x40, 0x00, 0x00, 0x30, 0xb1, 0x01, 0x00,
    0x21, 0x01, 0x00, 0x00, 0x20, 0x01, 0x00, 0x00, 0x20, 0x40, 0x00, 0x00,
    0xa0, 0x10, 0x00, 0x00, 0x21, 0x40, 0x00, 0x00, 0xf0, 0x00, 0x00, 0x00,
    0x22, 0x40, 0x00, 0x00, 0x20, 0x10, 0x00, 0x00, 0x0d, 0x01, 0x0a, 0x00,
    0x02, 0x00, 0x00, 0x00, 0x00, 0x40, 0x00, 0x00, 0x30, 0x54, 0x02, 0x00,
    0x10, 0x40, 0x00, 0x00, 0xd0, 0xb4, 0x01, 0x00, 0x2f, 0x01, 0x03, 0x00,
    0x02, 0x00, 0x00, 0x00, 0x00, 0x40, 0x00, 0x00, 0x10, 0x13, 0x02, 0x00,
    0x0b, 0x01, 0x02, 0x00, 0x0c, 0x01, 0x02, 0x00, 0x01, 0x01, 0x04, 0x00,
    0x02, 0x01, 0x04, 0x00, 0x10, 0x40, 0x00, 0x00, 0x90, 0x50, 0x02, 0x00,
    0x21, 0x01, 0x02, 0x00, 0x20, 0x01, 0x08, 0x00, 0x20, 0x40, 0x00, 0x00,
    0xa0, 0x0e, 0x00, 0x00, 0x21, 0x40, 0x00, 0x00, 0x80, 0x01, 0x00, 0x00,
    0x22, 0x40, 0x00, 0x00, 0x20, 0x0e, 0x00, 0x00, 0x0d, 0x01, 0x12, 0x00,
    0x03, 0x00, 0x00, 0x00, 0x00, 0x40, 0x00, 0x00, 0xb0, 0x16, 0x02, 0x00,
    0x10, 0x40, 0x00, 0x00, 0x30, 0x54, 0x02, 0x00, 0x03, 0x00, 0x00, 0x00,
    0x00, 0x40, 0x00, 0x00, 0x90, 0x50, 0x02, 0x00, 0x0b, 0x01, 0x00, 0x00,
    0x0c, 0x01, 0x00, 0x00, 0x01, 0x01, 0x00, 0x00, 0x02, 0x01, 0x00, 0x00,
    0x10, 0x40, 0x00, 0x00, 0x70, 0xb8, 0x01, 0x00, 0x21, 0x01, 0x00, 0x00,
    0x20, 0x01, 0x00, 0x00, 0x20, 0x40, 0x00, 0x00, 0xa0, 0x10, 0x00, 0x00,
    0x21, 0x40, 0x00, 0x00, 0xf0, 0x00, 0x00, 0x00, 0x22, 0x40, 0x00, 0x00,
    0x20, 0x10, 0x00, 0x00, 0x0d, 0x01, 0x0a, 0x00, 0x2f, 0x01, 0x01, 0x00,
    0x02, 0x00, 0x00, 0x00, 0x00, 0x40, 0x00, 0x00, 0x30, 0x54, 0x02, 0x00,
    0x10, 0x40, 0x00, 0x00, 0x10, 0xbc, 0x01, 0x00, 0x2f, 0x01, 0x03, 0x00,
    0x02, 0x00, 0x00, 0x00, 0x00, 0x40, 0x00, 0x00, 0xb0, 0xbf, 0x01, 0x00,
    0x02, 0x40, 0x00, 0x00, 0xf0, 0xa9, 0x01, 0x00, 0x0b, 0x01, 0x03, 0x00,
    0x0c, 0x01, 0x03, 0x00, 0x01, 0x01, 0x01, 0x00, 0x02, 0x01, 0x01, 0x00,
    0x10, 0x40, 0x00, 0x00, 0xd0, 0x57, 0x02, 0x00, 0x21, 0x01, 0x04, 0x00,
    0x20, 0x01, 0x02, 0x00, 0x20, 0x40, 0x00, 0x00, 0x10, 0x12, 0x00, 0x00,
    0x21, 0x40, 0x00, 0x00, 0xe0, 0x00, 0x00, 0x00, 0x22, 0x40, 0x00, 0x00,
    0x90, 0x11, 0x00, 0x00, 0x0d, 0x01, 0x12, 0x00, 0x2f, 0x01, 0x01, 0x00,
    0x03, 0x00, 0x00, 0x00, 0x00, 0x40, 0x00, 0x00, 0x50, 0xc3, 0x01, 0x00,
    0x0b, 0x01, 0x02, 0x00, 0x0c, 0x01, 0x02, 0x00, 0x10, 0x40, 0x00, 0x00,
    0x70, 0x5b, 0x02, 0x00, 0x2f, 0x01, 0x03, 0x00, 0x03, 0x00, 0x00, 0x00,
    0x00, 0x40, 0x00, 0x00, 0xd0, 0x57, 0x02, 0x00, 0x02, 0x40, 0x00, 0x00,
    0x00, 0x00, 0x00, 0x00, 0x0b, 0x01, 0x00, 0x00, 0x0c, 0x01, 0x00, 0x00,
    0x01, 0x01, 0x00, 0x00, 0x02, 0x01, 0x00, 0x00, 0x10, 0x40, 0x00, 0x00,
    0x10, 0x5f, 0x02, 0x00, 0x21, 0x01, 0x00, 0x00, 0x20, 0x01, 0x00, 0x00,
    0x20, 0x40, 0x00, 0x00, 0x70, 0x13, 0x00, 0x00, 0x21, 0x40, 0x00, 0x00,
    0x00, 0x01, 0x00, 0x00, 0x22, 0x40, 0x00, 0x00, 0xf0, 0x12, 0x00, 0x00,
    0x0d, 0x01, 0x0a, 0x00, 0x2f, 0x01, 0x01, 0x00, 0x02, 0x00, 0x00, 0x00,
    0x00, 0x40, 0x00, 0x00, 0x70, 0x5b, 0x02, 0x00, 0x10, 0x40, 0x00, 0x00,
    0xb0, 0x62, 0x02, 0x00, 0x2f, 0x01, 0x03, 0x00, 0x02, 0x00, 0x00, 0x00,
    0x00, 0x40, 0x00, 0x00, 0x10, 0x5f, 0x02, 0x00, 0x10, 0x40, 0x00, 0x00,
    0x68, 0x0f, 0x00, 0x00, 0x13, 0x01, 0x00, 0x00, 0x15, 0x40, 0x00, 0x00,
    0x3a, 0x00, 0x00, 0x00, 0x14, 0x40, 0x00, 0x00, 0x01, 0x00, 0x00, 0x00,
    0x16, 0x40, 0x00, 0x00, 0x01, 0x00, 0x00, 0x00, 0x18, 0x01, 0x75, 0x00,
    0x14, 0x01, 0x01, 0x00, 0x20, 0x40, 0x00, 0x00, 0x80, 0x14, 0x00, 0x00,
    0x21, 0x40, 0x00, 0x00, 0x40, 0x00, 0x00, 0x00, 0x22, 0x40, 0x00, 0x00,
    0x70, 0x14, 0x00, 0x00, 0x23, 0x40, 0x00, 0x00, 0x10, 0x00, 0x00, 0x00,
    0x17, 0x01, 0x07, 0x00, 0x2f, 0x01, 0x01, 0x00, 0x02, 0x00, 0x00, 0x00,
    0x00, 0x40, 0x00, 0x00, 0xb0, 0x62, 0x02, 0x00, 0x10, 0x40, 0x00, 0x00,
    0xa2, 0x0f, 0x00, 0x00, 0x2f, 0x01, 0x03, 0x00, 0x02, 0x00, 0x00, 0x00,
    0x00, 0x40, 0x00, 0x00, 0xf0, 0xc6, 0x01, 0x00, 0x02, 0x40, 0x00, 0x00,
    0xf0, 0xa9, 0x01, 0x00, 0x0b, 0x01, 0x01, 0x00, 0x0c, 0x01, 0x01, 0x00,
    0x01, 0x01, 0x01, 0x00, 0x02, 0x01, 0x01, 0x00, 0x10, 0x40, 0x00, 0x00,
    0xd0, 0x57, 0x02, 0x00, 0x13, 0x01, 0x0b, 0x00, 0x15, 0x40, 0x00, 0x00,
    0xa0, 0x03, 0x00, 0x00, 0x14, 0x40, 0x00, 0x00, 0x10, 0x00, 0x00, 0x00,
    0x16, 0x40, 0x00, 0x00, 0xa0, 0x03, 0x00, 0x00, 0x18, 0x01, 0x80, 0xff,
    0x14, 0x01, 0x41, 0x00, 0x21, 0x01, 0x04, 0x00, 0x20, 0x01, 0x02, 0x00,
    0x20, 0x40, 0x00, 0x00, 0x10, 0x12, 0x00, 0x00, 0x21, 0x40, 0x00, 0x00,
    0xe0, 0x00, 0x00, 0x00, 0x22, 0x40, 0x00, 0x00, 0x90, 0x11, 0x00, 0x00,
    0x23, 0x40, 0x00, 0x00, 0x80, 0x00, 0x00, 0x00, 0x17, 0x01, 0x0f, 0x00,
    0x0d, 0x01, 0x12, 0x00, 0x03, 0x00, 0x00, 0x00, 0x00, 0x40, 0x00, 0x00,
    0x90, 0xca, 0x01, 0x00, 0x0b, 0x01, 0x00, 0x00, 0x0c, 0x01, 0x00, 0x00,
    0x10, 0x40, 0x00, 0x00, 0x70, 0x5b, 0x02, 0x00, 0x03, 0x00, 0x00, 0x00,
    0x00, 0x40, 0x00, 0x00, 0xd0, 0x57, 0x02, 0x00, 0x02, 0x40, 0x00, 0x00,
    0x00, 0x00, 0x00, 0x00, 0x01, 0x01, 0x00, 0x00, 0x02, 0x01, 0x00, 0x00,
    0x10, 0x40, 0x00, 0x00, 0x10, 0x5f, 0x02, 0x00, 0x21, 0x01, 0x00, 0x00,
    0x20, 0x01, 0x00, 0x00, 0x20, 0x40, 0x00, 0x00, 0x70, 0x13, 0x00, 0x00,
    0x21, 0x40, 0x00, 0x00, 0x00, 0x01, 0x00, 0x00, 0x22, 0x40, 0x00, 0x00,
    0xf0, 0x12, 0x00, 0x00, 0x0d, 0x01, 0x0a, 0x00, 0x2f, 0x01, 0x01, 0x00,
    0x02, 0x00, 0x00, 0x00, 0x00, 0x40, 0x00, 0x00, 0x70, 0x5b, 0x02, 0x00,
    0x10, 0x40, 0x00, 0x00, 0xb0, 0x62, 0x02, 0x00, 0x2f, 0x01, 0x03, 0x00,
    0x02, 0x00, 0x00, 0x00, 0x00, 0x40, 0x00, 0x00, 0x10, 0x5f, 0x02, 0x00,
    0x10, 0x40, 0x00, 0x00, 0xdc, 0x0f, 0x00, 0x00, 0x13, 0x01, 0x00, 0x00,
    0x15, 0x40, 0x00, 0x00, 0x3a, 0x00, 0x00, 0x00, 0x14, 0x40, 0x00, 0x00,
    0x01, 0x00, 0x00, 0x00, 0x16, 0x40, 0x00, 0x00, 0x01, 0x00, 0x00, 0x00,
    0x18, 0x01, 0x75, 0x00, 0x14, 0x01, 0x01, 0x00, 0x20, 0x40, 0x00, 0x00,
    0x80, 0x14, 0x00, 0x00, 0x21, 0x40, 0x00, 0x00, 0x40, 0x00, 0x00, 0x00,
    0x22, 0x40, 0x00, 0x00, 0x70, 0x14, 0x00, 0x00, 0x23, 0x40, 0x00, 0x00,
    0x10, 0x00, 0x00, 0x00, 0x17, 0x01, 0x07, 0x00, 0x2f, 0x01, 0x01, 0x00,
    0x02, 0x00, 0x00, 0x00, 0x00, 0x40, 0x00, 0x00, 0xb0, 0x62, 0x02, 0x00,
    0x10, 0x40, 0x00, 0x00, 0x16, 0x10, 0x00, 0x00, 0x2f, 0x01, 0x03, 0x00,
    0x02, 0x00, 0x00, 0x00, 0x00, 0x40, 0x00, 0x00, 0xf0, 0xa9, 0x01, 0x00,
    0x0b, 0x01, 0x04, 0x00, 0x0c, 0x01, 0x04, 0x00, 0x01, 0x01, 0x01, 0x00,
    0x02, 0x01, 0x01, 0x00, 0x10, 0x40, 0x00, 0x00, 0xd0, 0x57, 0x02, 0x00,
    0x13, 0x01, 0x0b, 0x00, 0x15, 0x40, 0x00, 0x00, 0xa0, 0x03, 0x00, 0x00,
    0x14, 0x40, 0x00, 0x00, 0x10, 0x00, 0x00, 0x00, 0x16, 0x40, 0x00, 0x00,
    0xa0, 0x03, 0x00, 0x00, 0x18, 0x01, 0x80, 0xff, 0x14, 0x01, 0x41, 0x00,
    0x21, 0x01, 0x04, 0x00, 0x20, 0x01, 0x02, 0x00, 0x20, 0x40, 0x00, 0x00,
    0x10, 0x12, 0x00, 0x00, 0x21, 0x40, 0x00, 0x00, 0xe0, 0x00, 0x00, 0x00,
    0x22, 0x40, 0x00, 0x00, 0x90, 0x11, 0x00, 0x00, 0x23, 0x40, 0x00, 0x00,
    0x80, 0x00, 0x00, 0x00, 0x17, 0x01, 0x0f, 0x00, 0x0d, 0x01, 0x12, 0x00,
    0x03, 0x00, 0x00, 0x00, 0x00, 0x40, 0x00, 0x00, 0x90, 0xad, 0x01, 0x00,
    0x10, 0x40, 0x00, 0x00, 0x70, 0x5b, 0x02, 0x00, 0x03, 0x00, 0x00, 0x00,
    0x00, 0x40, 0x00, 0x00, 0xd0, 0x57, 0x02, 0x00, 0x0b, 0x01, 0x00, 0x00,
    0x0c, 0x01, 0x00, 0x00, 0x01, 0x01, 0x00, 0x00, 0x02, 0x01, 0x00, 0x00,
    0x10, 0x40, 0x00, 0x00, 0x10, 0x5f, 0x02, 0x00, 0x21, 0x01, 0x00, 0x00,
    0x20, 0x01, 0x00, 0x00, 0x20, 0x40, 0x00, 0x00, 0x70, 0x13, 0x00, 0x00,
    0x21, 0x40, 0x00, 0x00, 0x00, 0x01, 0x00, 0x00, 0x22, 0x40, 0x00, 0x00,
    0xf0, 0x12, 0x00, 0x00, 0x0d, 0x01, 0x0a, 0x00, 0x2f, 0x01, 0x01, 0x00,
    0x02, 0x00, 0x00, 0x00, 0x00, 0x40, 0x00, 0x00, 0x70, 0x5b, 0x02, 0x00,
    0x10, 0x40, 0x00, 0x00, 0xb0, 0x62, 0x02, 0x00, 0x2f, 0x01, 0x03, 0x00,
    0x02, 0x00, 0x00, 0x00, 0x00, 0x40, 0x00, 0x00, 0x10, 0x5f, 0x02, 0x00,
    0x10, 0x40, 0x00, 0x00, 0x50, 0x10, 0x00, 0x00, 0x13, 0x01, 0x00, 0x00,
    0x15, 0x40, 0x00, 0x00, 0x3a, 0x00, 0x00, 0x00, 0x14, 0x40, 0x00, 0x00,
    0x01, 0x00, 0x00, 0x00, 0x16, 0x40, 0x00, 0x00, 0x01, 0x00, 0x00, 0x00,
    0x18, 0x01, 0x75, 0x00, 0x14, 0x01, 0x01, 0x00, 0x20, 0x40, 0x00, 0x00,
    0x80, 0x14, 0x00, 0x00, 0x21, 0x40, 0x00, 0x00, 0x40, 0x00, 0x00, 0x00,
    0x22, 0x40, 0x00, 0x00, 0x70, 0x14, 0x00, 0x00, 0x23, 0x40, 0x00, 0x00,
    0x10, 0x00, 0x00, 0x00, 0x17, 0x01, 0x07, 0x00, 0x2f, 0x01, 0x01, 0x00,
    0x02, 0x00, 0x00, 0x00, 0x00, 0x40, 0x00, 0x00, 0xb0, 0x62, 0x02, 0x00,
    0x10, 0x40, 0x00, 0x00, 0x8a, 0x10, 0x00, 0x00, 0x2f, 0x01, 0x03, 0x00,
    0x02, 0x00, 0x00, 0x00, 0x00, 0x40, 0x00, 0x00, 0x50, 0x1a, 0x02, 0x00,
    0x0b, 0x01, 0x02, 0x00, 0x0c, 0x01, 0x02, 0x00, 0x01, 0x01, 0x04, 0x00,
    0x02, 0x01, 0x04, 0x00, 0x10, 0x40, 0x00, 0x00, 0x90, 0x50, 0x02, 0x00,
    0x13, 0x01, 0x0b, 0x00, 0x15, 0x40, 0x00, 0x00, 0xa0, 0x03, 0x00, 0x00,
    0x14, 0x40, 0x00, 0x00, 0x10, 0x00, 0x00, 0x00, 0x16, 0x40, 0x00, 0x00,
    0xa0, 0x03, 0x00, 0x00, 0x18, 0x01, 0x80, 0xff, 0x14, 0x01, 0x41, 0x00,
    0x21, 0x01, 0x02, 0x00, 0x20, 0x01, 0x08, 0x00, 0x20, 0x40, 0x00, 0x00,
    0xa0, 0x0e, 0x00, 0x00, 0x21, 0x40, 0x00, 0x00, 0x80, 0x01, 0x00, 0x00,
    0x22, 0x40, 0x00, 0x00, 0x20, 0x0e, 0x00, 0x00, 0x23, 0x40, 0x00, 0x00,
    0x80, 0x00, 0x00, 0x00, 0x17, 0x01, 0x0f, 0x00, 0x0d, 0x01, 0x12, 0x00,
    0x03, 0x00, 0x00, 0x00, 0x00, 0x40, 0x00, 0x00, 0xd0, 0x0b, 0x02, 0x00,
    0x02, 0x40, 0x00, 0x00, 0xb0, 0xf9, 0x01, 0x00, 0x0b, 0x01, 0x00, 0x00,
    0x0c, 0x01, 0x00, 0x00, 0x01, 0x01, 0x03, 0x00, 0x02, 0x01, 0x03, 0x00,
    0x10, 0x40, 0x00, 0x00, 0x50, 0x49, 0x02, 0x00, 0x20, 0x01, 0x06, 0x00,
    0x20, 0x40, 0x00, 0x00, 0x60, 0x0b, 0x00, 0x00, 0x21, 0x40, 0x00, 0x00,
    0x40, 0x01, 0x00, 0x00, 0x22, 0x40, 0x00, 0x00, 0xe0, 0x0a, 0x00, 0x00,
    0x0d, 0x01, 0x0a, 0x00, 0x03, 0x00, 0x00, 0x00, 0x00, 0x40, 0x00, 0x00,
    0xb0, 0xf9, 0x01, 0x00, 0x02, 0x40, 0x00, 0x00, 0x00, 0x00, 0x00, 0x00,
    0x0b, 0x01, 0x02, 0x00, 0x0c, 0x01, 0x02, 0x00, 0x10, 0x40, 0x00, 0x00,
    0xf0, 0x4c, 0x02, 0x00, 0x03, 0x00, 0x00, 0x00, 0x00, 0x40, 0x00, 0x00,
    0x50, 0x49, 0x02, 0x00, 0x0b, 0x01, 0x00, 0x00, 0x0c, 0x01, 0x00, 0x00,
    0x01, 0x01, 0x00, 0x00, 0x02, 0x01, 0x00, 0x00, 0x10, 0x40, 0x00, 0x00,
    0x70, 0x0f, 0x02, 0x00, 0x21, 0x01, 0x00, 0x00, 0x20, 0x01, 0x00, 0x00,
    0x20, 0x40, 0x00, 0x00, 0x20, 0x0d, 0x00, 0x00, 0x21, 0x40, 0x00, 0x00,
    0x00, 0x01, 0x00, 0x00, 0x22, 0x40, 0x00, 0x00, 0xa0, 0x0c, 0x00, 0x00,
    0x2f, 0x01, 0x01, 0x00, 0x02, 0x00, 0x00, 0x00, 0x00, 0x40, 0x00, 0x00,
    0xf0, 0x4c, 0x02, 0x00, 0x10, 0x40, 0x00, 0x00, 0x10, 0x13, 0x02, 0x00,
    0x2f, 0x01, 0x03, 0x00, 0x02, 0x00, 0x00, 0x00, 0x00, 0x40, 0x00, 0x00,
    0x50, 0xfd, 0x01, 0x00, 0x0b, 0x01, 0x02, 0x00, 0x0c, 0x01, 0x02, 0x00,
    0x01, 0x01, 0x03, 0x00, 0x02, 0x01, 0x03, 0x00, 0x10, 0x40, 0x00, 0x00,
    0x50, 0x49, 0x02, 0x00, 0x21, 0x01, 0x02, 0x00, 0x20, 0x01, 0x06, 0x00,
    0x20, 0x40, 0x00, 0x00, 0x60, 0x0b, 0x00, 0x00, 0x21, 0x40, 0x00, 0x00,
    0x40, 0x01, 0x00, 0x00, 0x22, 0x40, 0x00, 0x00, 0xe0, 0x0a, 0x00, 0x00,
    0x03, 0x00, 0x00, 0x00, 0x00, 0x40, 0x00, 0x00, 0xb0, 0x85, 0x01, 0x00,
    0x0b, 0x01, 0x04, 0x00, 0x0c, 0x01, 0x04, 0x00, 0x01, 0x01, 0x01, 0x00,
    0x02, 0x01, 0x01, 0x00, 0x10, 0x40, 0x00, 0x00, 0x10, 0x42, 0x02, 0x00,
    0x21, 0x01, 0x04, 0x00, 0x20, 0x01, 0x02, 0x00, 0x20, 0x40, 0x00, 0x00,
    0x80, 0x08, 0x00, 0x00, 0x21, 0x40, 0x00, 0x00, 0xe0, 0x00, 0x00, 0x00,
    0x22, 0x40, 0x00, 0x00, 0x00, 0x08, 0x00, 0x00, 0x0d, 0x01, 0x12, 0x00,
    0x03, 0x00, 0x00, 0x00, 0x00, 0x40, 0x00, 0x00, 0x50, 0x89, 0x01, 0x00,
    0x10, 0x40, 0x00, 0x00, 0xb0, 0x45, 0x02, 0x00, 0x03, 0x00, 0x00, 0x00,
    0x00, 0x40, 0x00, 0x00, 0x10, 0x42, 0x02, 0x00, 0x0b, 0x01, 0x00, 0x00,
    0x0c, 0x01, 0x00, 0x00, 0x01, 0x01, 0x00, 0x00, 0x02, 0x01, 0x00, 0x00,
    0x10, 0x40, 0x00, 0x00, 0x30, 0x08, 0x02, 0x00, 0x21, 0x01, 0x00, 0x00,
    0x20, 0x01, 0x00, 0x00, 0x20, 0x40, 0x00, 0x00, 0xe0, 0x09, 0x00, 0x00,
    0x21, 0x40, 0x00, 0x00, 0x00, 0x01, 0x00, 0x00, 0x22, 0x40, 0x00, 0x00,
    0x60, 0x09, 0x00, 0x00, 0x0d, 0x01, 0x0a, 0x00, 0x2f, 0x01, 0x01, 0x00,
    0x02, 0x00, 0x00, 0x00, 0x00, 0x40, 0x00, 0x00, 0xb0, 0x45, 0x02, 0x00,
    0x10, 0x40, 0x00, 0x00, 0xd0, 0x0b, 0x02, 0x00, 0x2f, 0x01, 0x03, 0x00,
    0x02, 0x00, 0x00, 0x00, 0x00, 0x40, 0x00, 0x00, 0xf0, 0x8c, 0x01, 0x00,
    0x0b, 0x01, 0x04, 0x00, 0x0c, 0x01, 0x04, 0x00, 0x01, 0x01, 0x01, 0x00,
    0x02, 0x01, 0x01, 0x00, 0x10, 0x40, 0x00, 0x00, 0x10, 0x42, 0x02, 0x00,
    0x21, 0x01, 0x04, 0x00, 0x20, 0x01, 0x02, 0x00, 0x20, 0x40, 0x00, 0x00,
    0x80, 0x08, 0x00, 0x00, 0x21, 0x40, 0x00, 0x00, 0xe0, 0x00, 0x00, 0x00,
    0x22, 0x40, 0x00, 0x00, 0x00, 0x08, 0x00, 0x00, 0x0d, 0x01, 0x12, 0x00,
    0x03, 0x00, 0x00, 0x00, 0x00, 0x40, 0x00, 0x00, 0x90, 0x90, 0x01, 0x00,
    0x10, 0x40, 0x00, 0x00, 0xb0, 0x45, 0x02, 0x00, 0x03, 0x00, 0x00, 0x00,
    0x00, 0x40, 0x00, 0x00, 0x10, 0x42, 0x02, 0x00, 0x0b, 0x01, 0x00, 0x00,
    0x0c, 0x01, 0x00, 0x00, 0x01, 0x01, 0x00, 0x00, 0x02, 0x01, 0x00, 0x00,
    0x10, 0x40, 0x00, 0x00, 0xb0, 0xf9, 0x01, 0x00, 0x21, 0x01, 0x00, 0x00,
    0x20, 0x01, 0x00, 0x00, 0x20, 0x40, 0x00, 0x00, 0xe0, 0x09, 0x00, 0x00,
    0x21, 0x40, 0x00, 0x00, 0x00, 0x01, 0x00, 0x00, 0x22, 0x40, 0x00, 0x00,
    0x60, 0x09, 0x00, 0x00, 0x0d, 0x01, 0x0a, 0x00, 0x2f, 0x01, 0x01, 0x00,
    0x02, 0x00, 0x00, 0x00, 0x00, 0x40, 0x00, 0x00, 0xb0, 0x45, 0x02, 0x00,
    0x10, 0x40, 0x00, 0x00, 0x50, 0xfd, 0x01, 0x00, 0x2f, 0x01, 0x03, 0x00,
    0x02, 0x00, 0x00, 0x00, 0x00, 0x40, 0x00, 0x00, 0xf0, 0x00, 0x02, 0x00,
    0x0b, 0x01, 0x02, 0x00, 0x0c, 0x01, 0x02, 0x00, 0x01, 0x01, 0x03, 0x00,
    0x02, 0x01, 0x03, 0x00, 0x10, 0x40, 0x00, 0x00, 0xf0, 0x4c, 0x02, 0x00,
    0x21, 0x01, 0x02, 0x00, 0x20, 0x01, 0x06, 0x00, 0x20, 0x40, 0x00, 0x00,
    0x60, 0x0b, 0x00, 0x00, 0x21, 0x40, 0x00, 0x00, 0x40, 0x01, 0x00, 0x00,
    0x22, 0x40, 0x00, 0x00, 0xe0, 0x0a, 0x00, 0x00, 0x2f, 0x01, 0x01, 0x00,
    0x03, 0x00, 0x00, 0x00, 0x00, 0x40, 0x00, 0x00, 0x50, 0x49, 0x02, 0x00,
    0x0b, 0x01, 0x00, 0x00, 0x0c, 0x01, 0x00, 0x00, 0x01, 0x01, 0x00, 0x00,
    0x02, 0x01, 0x00, 0x00, 0x10, 0x40, 0x00, 0x00, 0xb0, 0x16, 0x02, 0x00,
    0x21, 0x01, 0x00, 0x00, 0x20, 0x01, 0x00, 0x00, 0x20, 0x40, 0x00, 0x00,
    0x20, 0x0d, 0x00, 0x00, 0x21, 0x40, 0x00, 0x00, 0x00, 0x01, 0x00, 0x00,
    0x22, 0x40, 0x00, 0x00, 0xa0, 0x0c, 0x00, 0x00, 0x02, 0x00, 0x00, 0x00,
    0x00, 0x40, 0x00, 0x00, 0xf0, 0x4c, 0x02, 0x00, 0x10, 0x40, 0x00, 0x00,
    0x50, 0x1a, 0x02, 0x00, 0x2f, 0x01, 0x03, 0x00, 0x02, 0x00, 0x00, 0x00,
    0x00, 0x40, 0x00, 0x00, 0xf0, 0x1d, 0x02, 0x00, 0x02, 0x40, 0x00, 0x00,
    0x70, 0x0f, 0x02, 0x00, 0x0b, 0x01, 0x01, 0x00, 0x0c, 0x01, 0x01, 0x00,
    0x01, 0x01, 0x04, 0x00, 0x02, 0x01, 0x04, 0x00, 0x10, 0x40, 0x00, 0x00,
    0x30, 0x54, 0x02, 0x00, 0x21, 0x01, 0x02, 0x00, 0x20, 0x01, 0x08, 0x00,
    0x20, 0x40, 0x00, 0x00, 0xa0, 0x0e, 0x00, 0x00, 0x21, 0x40, 0x00, 0x00,
    0x80, 0x01, 0x00, 0x00, 0x22, 0x40, 0x00, 0x00, 0x20, 0x0e, 0x00, 0x00,
    0x0d, 0x01, 0x12, 0x00, 0x2f, 0x01, 0x01, 0x00, 0x03, 0x00, 0x00, 0x00,
    0x00, 0x40, 0x00, 0x00, 0x90, 0x50, 0x02, 0x00, 0x02, 0x40, 0x00, 0x00,
    0x00, 0x00, 0x00, 0x00, 0x0b, 0x01, 0x00, 0x00, 0x0c, 0x01, 0x00, 0x00,
    0x01, 0x01, 0x00, 0x00, 0x02, 0x01, 0x00, 0x00, 0x10, 0x40, 0x00, 0x00,
    0xb0, 0xbf, 0x01, 0x00, 0x21, 0x01, 0x00, 0x00, 0x20, 0x01, 0x00, 0x00,
    0x20, 0x40, 0x00, 0x00, 0xa0, 0x10, 0x00, 0x00, 0x21, 0x40, 0x00, 0x00,
    0xf0, 0x00, 0x00, 0x00, 0x22, 0x40, 0x00, 0x00, 0x20, 0x10, 0x00, 0x00,
    0x0d, 0x01, 0x0a, 0x00, 0x02, 0x00, 0x00, 0x00, 0x00, 0x40, 0x00, 0x00,
    0x30, 0x54, 0x02, 0x00, 0x10, 0x40, 0x00, 0x00, 0x50, 0xc3, 0x01, 0x00,
    0x2f, 0x01, 0x03, 0x00, 0x02, 0x00, 0x00, 0x00, 0x00, 0x40, 0x00, 0x00,
    0x90, 0x21, 0x02, 0x00, 0x02, 0x40, 0x00, 0x00, 0x70, 0x0f, 0x02, 0x00,
    0x01, 0x01, 0x04, 0x00, 0x02, 0x01, 0x04, 0x00, 0x10, 0x40, 0x00, 0x00,
    0x90, 0x50, 0x02, 0x00, 0x21, 0x01, 0x02, 0x00, 0x20, 0x01, 0x08, 0x00,
    0x20, 0x40, 0x00, 0x00, 0xa0, 0x0e, 0x00, 0x00, 0x21, 0x40, 0x00, 0x00,
    0x80, 0x01, 0x00, 0x00, 0x22, 0x40, 0x00, 0x00, 0x20, 0x0e, 0x00, 0x00,
    0x0d, 0x01, 0x12, 0x00, 0x03, 0x00, 0x00, 0x00, 0x00, 0x40, 0x00, 0x00,
    0x70, 0x0f, 0x02, 0x00, 0x02, 0x40, 0x00, 0x00, 0x00, 0x00, 0x00, 0x00,
    0x0b, 0x01, 0x02, 0x00, 0x0c, 0x01, 0x02, 0x00, 0x10, 0x40, 0x00, 0x00,
    0x30, 0x54, 0x02, 0x00, 0x03, 0x00, 0x00, 0x00, 0x00, 0x40, 0x00, 0x00,
    0x90, 0x50, 0x02, 0x00, 0x0b, 0x01, 0x00, 0x00, 0x0c, 0x01, 0x00, 0x00,
    0x01, 0x01, 0x00, 0x00, 0x02, 0x01, 0x00, 0x00, 0x10, 0x40, 0x00, 0x00,
    0xf0, 0xc6, 0x01, 0x00, 0x21, 0x01, 0x00, 0x00, 0x20, 0x01, 0x00, 0x00,
    0x20, 0x40, 0x00, 0x00, 0xa0, 0x10, 0x00, 0x00, 0x21, 0x40, 0x00, 0x00,
    0xf0, 0x00, 0x00, 0x00, 0x22, 0x40, 0x00, 0x00, 0x20, 0x10, 0x00, 0x00,
    0x0d, 0x01, 0x0a, 0x00, 0x2f, 0x01, 0x01, 0x00, 0x02, 0x00, 0x00, 0x00,
    0x00, 0x40, 0x00, 0x00, 0x30, 0x54, 0x02, 0x00, 0x10, 0x40, 0x00, 0x00,
    0x90, 0xca, 0x01, 0x00, 0x2f, 0x01, 0x03, 0x00, 0x02, 0x00, 0x00, 0x00,
    0x00, 0x40, 0x00, 0x00, 0x10, 0x13, 0x02, 0x00, 0x0b, 0x01, 0x02, 0x00,
    0x0c, 0x01, 0x02, 0x00, 0x01, 0x01, 0x04, 0x00, 0x02, 0x01, 0x04, 0x00,
    0x10, 0x40, 0x00, 0x00, 0x90, 0x50, 0x02, 0x00, 0x21, 0x01, 0x02, 0x00,
    0x20, 0x01, 0x08, 0x00, 0x20, 0x40, 0x00, 0x00, 0xa0, 0x0e, 0x00, 0x00,
    0x21, 0x40, 0x00, 0x00, 0x80, 0x01, 0x00, 0x00, 0x22, 0x40, 0x00, 0x00,
    0x20, 0x0e, 0x00, 0x00, 0x0d, 0x01, 0x12, 0x00, 0x03, 0x00, 0x00, 0x00,
    0x00, 0x40, 0x00, 0x00, 0x90, 0x04, 0x02, 0x00, 0x01, 0x01, 0x03, 0x00,
    0x02, 0x01, 0x03, 0x00, 0x10, 0x40, 0x00, 0x00, 0x50, 0x49, 0x02, 0x00,
    0x20, 0x01, 0x06, 0x00, 0x20, 0x40, 0x00, 0x00, 0x60, 0x0b, 0x00, 0x00,
    0x21, 0x40, 0x00, 0x00, 0x40, 0x01, 0x00, 0x00, 0x22, 0x40, 0x00, 0x00,
    0xe0, 0x0a, 0x00, 0x00, 0x0d, 0x01, 0x0a, 0x00, 0x03, 0x00, 0x00, 0x00,
    0x00, 0x40, 0x00, 0x00, 0x30, 0x08, 0x02, 0x00, 0x02, 0x40, 0x00, 0x00,
    0xb0, 0xf9, 0x01, 0x00, 0x0b, 0x01, 0x01, 0x00, 0x0c, 0x01, 0x01, 0x00,
    0x10, 0x40, 0x00, 0x00, 0xf0, 0x4c, 0x02, 0x00, 0x03, 0x00, 0x00, 0x00,
    0x00, 0x40, 0x00, 0x00, 0x50, 0x49, 0x02, 0x00, 0x02, 0x40, 0x00, 0x00,
    0x00, 0x00, 0x00, 0x00, 0x0b, 0x01, 0x00, 0x00, 0x0c, 0x01, 0x00, 0x00,
    0x01, 0x01, 0x00, 0x00, 0x02, 0x01, 0x00, 0x00, 0x10, 0x40, 0x00, 0x00,
    0xf0, 0x1d, 0x02, 0x00, 0x21, 0x01, 0x00, 0x00, 0x20, 0x01, 0x00, 0x00,
    0x20, 0x40, 0x00, 0x00, 0x20, 0x0d, 0x00, 0x00, 0x21, 0x40, 0x00, 0x00,
    0x00, 0x01, 0x00, 0x00, 0x22, 0x40, 0x00, 0x00, 0xa0, 0x0c, 0x00, 0x00,
    0x2f, 0x01, 0x01, 0x00, 0x02, 0x00, 0x00, 0x00, 0x00, 0x40, 0x00, 0x00,
    0xf0, 0x4c, 0x02, 0x00, 0x10, 0x40, 0x00, 0x00, 0x90, 0x21, 0x02, 0x00,
    0x2f, 0x01, 0x03, 0x00, 0x02, 0x00, 0x00, 0x00, 0x00, 0x40, 0x00, 0x00,
    0xd0, 0x0b, 0x02, 0x00, 0x02, 0x40, 0x00, 0x00, 0xb0, 0xf9, 0x01, 0x00,
    0x01, 0x01, 0x03, 0x00, 0x02, 0x01, 0x03, 0x00, 0x10, 0x40, 0x00, 0x00,
    0x50, 0x49, 0x02, 0x00, 0x21, 0x01, 0x02, 0x00, 0x20, 0x01, 0x06, 0x00,
    0x20, 0x40, 0x00, 0x00, 0x60, 0x0b, 0x00, 0x00, 0x21, 0x40, 0x00, 0x00,
    0x40, 0x01, 0x00, 0x00, 0x22, 0x40, 0x00, 0x00, 0xe0, 0x0a, 0x00, 0x00,
    0x03, 0x00, 0x00, 0x00, 0x00, 0x40, 0x00, 0x00, 0xd0, 0xee, 0x01, 0x00,
    0x02, 0x40, 0x00, 0x00, 0x00, 0x00, 0x00, 0x00, 0x0b, 0x01, 0x02, 0x00,
    0x0c, 0x01, 0x02, 0x00, 0x01, 0x01, 0x04, 0x00, 0x02, 0x01, 0x04, 0x00,
    0x10, 0x40, 0x00, 0x00, 0xd0, 0x3a, 0x02, 0x00, 0x20, 0x01, 0x08, 0x00,
    0x20, 0x40, 0x00, 0x00, 0xf0, 0x04, 0x00, 0x00, 0x21, 0x40, 0x00, 0x00,
    0x90, 0x01, 0x00, 0x00, 0x22, 0x40, 0x00, 0x00, 0x70, 0x04, 0x00, 0x00,
    0x0d, 0x01, 0x12, 0x00, 0x03, 0x00, 0x00, 0x00, 0x00, 0x40, 0x00, 0x00,
    0x50, 0xe0, 0x01, 0x00, 0x02, 0x40, 0x00, 0x00, 0x30, 0xce, 0x01, 0x00,
    0x0b, 0x01, 0x00, 0x00, 0x0c, 0x01, 0x00, 0x00, 0x01, 0x01, 0x03, 0x00,
    0x02, 0x01, 0x03, 0x00, 0x10, 0x40, 0x00, 0x00, 0x90, 0x33, 0x02, 0x00,
    0x20, 0x01, 0x06, 0x00, 0x20, 0x40, 0x00, 0x00, 0xe0, 0x01, 0x00, 0x00,
    0x21, 0x40, 0x00, 0x00, 0x30, 0x01, 0x00, 0x00, 0x22, 0x40, 0x00, 0x00,
    0x60, 0x01, 0x00, 0x00, 0x0d, 0x01, 0x0a, 0x00, 0x03, 0x00, 0x00, 0x00,
    0x00, 0x40, 0x00, 0x00, 0x30, 0xce, 0x01, 0x00, 0x02, 0x40, 0x00, 0x00,
    0x00, 0x00, 0x00, 0x00, 0x0b, 0x01, 0x02, 0x00, 0x0c, 0x01, 0x02, 0x00,
    0x10, 0x40, 0x00, 0x00, 0x30, 0x37, 0x02, 0x00, 0x03, 0x00, 0x00, 0x00,
    0x00, 0x40, 0x00, 0x00, 0x90, 0x33, 0x02, 0x00, 0x0b, 0x01, 0x00, 0x00,
    0x0c, 0x01, 0x00, 0x00, 0x01, 0x01, 0x00, 0x00, 0x02, 0x01, 0x00, 0x00,
    0x10, 0x40, 0x00, 0x00, 0xf0, 0xe3, 0x01, 0x00, 0x21, 0x01, 0x00, 0x00,
    0x20, 0x01, 0x00, 0x00, 0x20, 0x40, 0x00, 0x00, 0x90, 0x03, 0x00, 0x00,
    0x21, 0x40, 0x00, 0x00, 0xe0, 0x00, 0x00, 0x00, 0x22, 0x40, 0x00, 0x00,
    0x10, 0x03, 0x00, 0x00, 0x2f, 0x01, 0x01, 0x00, 0x02, 0x00, 0x00, 0x00,
    0x00, 0x40, 0x00, 0x00, 0x30, 0x37, 0x02, 0x00, 0x10, 0x40, 0x00, 0x00,
    0x90, 0xe7, 0x01, 0x00, 0x2f, 0x01, 0x03, 0x00, 0x02, 0x00, 0x00, 0x00,
    0x00, 0x40, 0x00, 0x00, 0xd0, 0xd1, 0x01, 0x00, 0x0b, 0x01, 0x02, 0x00,
    0x0c, 0x01, 0x02, 0x00, 0x01, 0x01, 0x03, 0x00, 0x02, 0x01, 0x03, 0x00,
    0x10, 0x40, 0x00, 0x00, 0x90, 0x33, 0x02, 0x00, 0x21, 0x01, 0x02, 0x00,
    0x20, 0x01, 0x06, 0x00, 0x20, 0x40, 0x00, 0x00, 0xe0, 0x01, 0x00, 0x00,
    0x21, 0x40, 0x00, 0x00, 0x30, 0x01, 0x00, 0x00, 0x22, 0x40, 0x00, 0x00,
    0x60, 0x01, 0x00, 0x00, 0x03, 0x00, 0x00, 0x00, 0x00, 0x40, 0x00, 0x00,
    0xf0, 0x68, 0x01, 0x00, 0x0b, 0x01, 0x01, 0x00, 0x0c, 0x01, 0x01, 0x00,
    0x0a, 0x01, 0x72, 0x00, 0x04, 0x01, 0x03, 0x00, 0x05, 0x40, 0x00, 0x00,
    0xcc, 0x01, 0x00, 0x00, 0x04, 0x40, 0x00, 0x00, 0x04, 0x00, 0x00, 0x00,
    0x06, 0x40, 0x00, 0x00, 0x01, 0x00, 0x00, 0x00, 0x09, 0x01, 0x00, 0x00,
    0x05, 0x01, 0x01, 0x00, 0x01, 0x01, 0x00, 0x00, 0x02, 0x01, 0x00, 0x00,
    0x10, 0x40, 0x00, 0x00, 0x30, 0x25, 0x02, 0x00, 0x11, 0x01, 0x72, 0x00,
    0x1a, 0x01, 0x72, 0x00, 0x13, 0x01, 0x03, 0x00, 0x15, 0x40, 0x00, 0x00,
    0x30, 0x07, 0x00, 0x00, 0x16, 0x40, 0x00, 0x00, 0x30, 0x07, 0x00, 0x00,
    0x18, 0x01, 0x00, 0x00, 0x14, 0x01, 0x41, 0x81, 0x21, 0x01, 0x01, 0x00,
    0x20, 0x01, 0x00, 0x00, 0x22, 0x01, 0x02, 0x00, 0x15, 0x01, 0x15, 0x00,
    0x17, 0x01, 0x07, 0x00, 0x05, 0x00, 0x01, 0x00, 0x00, 0x40, 0x00, 0x00,
    0x88, 0x6c, 0x01, 0x00, 0x10, 0x40, 0x00, 0x00, 0x60, 0x2c, 0x02, 0x00,
    0x05, 0x00, 0x01, 0x00, 0x00, 0x40, 0x00, 0x00, 0x30, 0x25, 0x02, 0x00,
    0x0b, 0x01, 0x00, 0x00, 0x0c, 0x01, 0x00, 0x00, 0x05, 0x40, 0x00, 0x00,
    0x30, 0x07, 0x00, 0x00, 0x04, 0x40, 0x00, 0x00, 0x10, 0x00, 0x00, 0x00,
    0x06, 0x40, 0x00, 0x00, 0x30, 0x07, 0x00, 0x00, 0x05, 0x01, 0x41, 0x00,
    0x01, 0x01, 0x01, 0x00, 0x02, 0x01, 0x01, 0x00, 0x10, 0x40, 0x00, 0x00,
    0xb0, 0xdc, 0x01, 0x00, 0x11, 0x01, 0x39, 0x00, 0x1a, 0x01, 0x39, 0x00,
    0x13, 0x01, 0x0b, 0x00, 0x15, 0x40, 0x00, 0x00, 0xa0, 0x03, 0x00, 0x00,
    0x16, 0x40, 0x00, 0x00, 0xa0, 0x03, 0x00, 0x00, 0x18, 0x01, 0x80, 0xff,
    0x14, 0x01, 0x41, 0x00, 0x21, 0x01, 0x00, 0x00, 0x20, 0x01, 0x02, 0x00,
    0x22, 0x01, 0x05, 0x00, 0x20, 0x40, 0x00, 0x00, 0x80, 0x00, 0x00, 0x00,
    0x21, 0x40, 0x00, 0x00, 0xe0, 0x00, 0x00, 0x00, 0x22, 0x40, 0x00, 0x00,
    0x00, 0x00, 0x00, 0x00, 0x15, 0x01, 0x39, 0x00, 0x17, 0x01, 0x0f, 0x00,
    0x2f, 0x01, 0x01, 0x00, 0x02, 0x00, 0x00, 0x00, 0x00, 0x40, 0x00, 0x00,
    0x60, 0x2c, 0x02, 0x00, 0x10, 0x40, 0x00, 0x00, 0x50, 0xe0, 0x01, 0x00,
    0x2f, 0x01, 0x03, 0x00, 0x02, 0x00, 0x00, 0x00, 0x00, 0x40, 0x00, 0x00,
    0x20, 0x70, 0x01, 0x00, 0x0b, 0x01, 0x01, 0x00, 0x0c, 0x01, 0x01, 0x00,
    0x05, 0x40, 0x00, 0x00, 0xcc, 0x01, 0x00, 0x00, 0x04, 0x40, 0x00, 0x00,
    0x04, 0x00, 0x00, 0x00, 0x06, 0x40, 0x00, 0x00, 0x01, 0x00, 0x00, 0x00,
    0x05, 0x01, 0x01, 0x00, 0x01, 0x01, 0x00, 0x00, 0x02, 0x01, 0x00, 0x00,
    0x10, 0x40, 0x00, 0x00, 0x30, 0x25, 0x02, 0x00, 0x11, 0x01, 0x72, 0x00,
    0x1a, 0x01, 0x72, 0x00, 0x13, 0x01, 0x03, 0x00, 0x15, 0x40, 0x00, 0x00,
    0x30, 0x07, 0x00, 0x00, 0x16, 0x40, 0x00, 0x00, 0x30, 0x07, 0x00, 0x00,
    0x18, 0x01, 0x00, 0x00, 0x14, 0x01, 0x41, 0x81, 0x21, 0x01, 0x01, 0x00,
    0x20, 0x01, 0x00, 0x00, 0x22, 0x01, 0x02, 0x00, 0x15, 0x01, 0x15, 0x00,
    0x17, 0x01, 0x07, 0x00, 0x05, 0x00, 0x01, 0x00, 0x00, 0x40, 0x00, 0x00,
    0xb8, 0x73, 0x01, 0x00, 0x10, 0x40, 0x00, 0x00, 0x60, 0x2c, 0x02, 0x00,
    0x05, 0x00, 0x01, 0x00, 0x00, 0x40, 0x00, 0x00, 0x30, 0x25, 0x02, 0x00,
    0x0b, 0x01, 0x00, 0x00, 0x0c, 0x01, 0x00, 0x00, 0x05, 0x40, 0x00, 0x00,
    0x30, 0x07, 0x00, 0x00, 0x04, 0x40, 0x00, 0x00, 0x10, 0x00, 0x00, 0x00,
    0x06, 0x40, 0x00, 0x00, 0x30, 0x07, 0x00, 0x00, 0x05, 0x01, 0x41, 0x00,
    0x01, 0x01, 0x01, 0x00, 0x02, 0x01, 0x01, 0x00, 0x10, 0x40, 0x00, 0x00,
    0x30, 0xce, 0x01, 0x00, 0x11, 0x01, 0x39, 0x00, 0x1a, 0x01, 0x39, 0x00,
    0x13, 0x01, 0x0b, 0x00, 0x15, 0x40, 0x00, 0x00, 0xa0, 0x03, 0x00, 0x00,
    0x16, 0x40, 0x00, 0x00, 0xa0, 0x03, 0x00, 0x00, 0x18, 0x01, 0x80, 0xff,
    0x14, 0x01, 0x41, 0x00, 0x21, 0x01, 0x00, 0x00, 0x20, 0x01, 0x02, 0x00,
    0x22, 0x01, 0x05, 0x00, 0x15, 0x01, 0x39, 0x00, 0x17, 0x01, 0x0f, 0x00,
    0x2f, 0x01, 0x01, 0x00, 0x02, 0x00, 0x00, 0x00, 0x00, 0x40, 0x00, 0x00,
    0x60, 0x2c, 0x02, 0x00, 0x10, 0x40, 0x00, 0x00, 0xd0, 0xd1, 0x01, 0x00,
    0x2f, 0x01, 0x03, 0x00, 0x02, 0x00, 0x00, 0x00, 0x00, 0x40, 0x00, 0x00,
    0x70, 0xd5, 0x01, 0x00, 0x0b, 0x01, 0x02, 0x00, 0x0c, 0x01, 0x02, 0x00,
    0x0a, 0x01, 0x39, 0x00, 0x04, 0x01, 0x0b, 0x00, 0x05, 0x40, 0x00, 0x00,
    0xa0, 0x03, 0x00, 0x00, 0x06, 0x40, 0x00, 0x00, 0xa0, 0x03, 0x00, 0x00,
    0x09, 0x01, 0x80, 0xff, 0x01, 0x01, 0x03, 0x00, 0x02, 0x01, 0x03, 0x00,
    0x10, 0x40, 0x00, 0x00, 0x30, 0x37, 0x02, 0x00, 0x21, 0x01, 0x02, 0x00,
    0x20, 0x01, 0x06, 0x00, 0x22, 0x01, 0x00, 0x00, 0x20, 0x40, 0x00, 0x00,
    0xe0, 0x01, 0x00, 0x00, 0x21, 0x40, 0x00, 0x00, 0x30, 0x01, 0x00, 0x00,
    0x22, 0x40, 0x00, 0x00, 0x60, 0x01, 0x00, 0x00, 0x2f, 0x01, 0x01, 0x00,
    0x03, 0x00, 0x00, 0x00, 0x00, 0x40, 0x00, 0x00, 0x90, 0x33, 0x02, 0x00,
    0x0b, 0x01, 0x00, 0x00, 0x0c, 0x01, 0x00, 0x00, 0x01, 0x01, 0x00, 0x00,
    0x02, 0x01, 0x00, 0x00, 0x10, 0x40, 0x00, 0x00, 0x30, 0xeb, 0x01, 0x00,
    0x21, 0x01, 0x00, 0x00, 0x20, 0x01, 0x00, 0x00, 0x20, 0x40, 0x00, 0x00,
    0x90, 0x03, 0x00, 0x00, 0x21, 0x40, 0x00, 0x00, 0xe0, 0x00, 0x00, 0x00,
    0x22, 0x40, 0x00, 0x00, 0x10, 0x03, 0x00, 0x00, 0x02, 0x00, 0x00, 0x00,
    0x00, 0x40, 0x00, 0x00, 0x30, 0x37, 0x02, 0x00, 0x10, 0x40, 0x00, 0x00,
    0xd0, 0xee, 0x01, 0x00, 0x2f, 0x01, 0x03, 0x00, 0x02, 0x00, 0x00, 0x00,
    0x00, 0x40, 0x00, 0x00, 0x70, 0xf2, 0x01, 0x00, 0x02, 0x40, 0x00, 0x00,
    0xf0, 0xe3, 0x01, 0x00, 0x0b, 0x01, 0x01, 0x00, 0x0c, 0x01, 0x01, 0x00,
    0x01, 0x01, 0x04, 0x00, 0x02, 0x01, 0x04, 0x00, 0x10, 0x40, 0x00, 0x00,
    0x70, 0x3e, 0x02, 0x00, 0x21, 0x01, 0x02, 0x00, 0x20, 0x01, 0x08, 0x00,
    0x20, 0x40, 0x00, 0x00, 0xf0, 0x04, 0x00, 0x00, 0x21, 0x40, 0x00, 0x00,
    0x90, 0x01, 0x00, 0x00, 0x22, 0x40, 0x00, 0x00, 0x70, 0x04, 0x00, 0x00,
    0x0d, 0x01, 0x12, 0x00, 0x2f, 0x01, 0x01, 0x00, 0x03, 0x00, 0x00, 0x00,
    0x00, 0x40, 0x00, 0x00, 0xd0, 0x3a, 0x02, 0x00, 0x02, 0x40, 0x00, 0x00,
    0x00, 0x00, 0x00, 0x00, 0x0b, 0x01, 0x00, 0x00, 0x0c, 0x01, 0x00, 0x00,
    0x01, 0x01, 0x00, 0x00, 0x02, 0x01, 0x00, 0x00, 0x10, 0x40, 0x00, 0x00,
    0xb0, 0xa2, 0x01, 0x00, 0x21, 0x01, 0x00, 0x00, 0x20, 0x01, 0x00, 0x00,
    0x20, 0x40, 0x00, 0x00, 0x00, 0x07, 0x00, 0x00, 0x21, 0x40, 0x00, 0x00,
    0x00, 0x01, 0x00, 0x00, 0x22, 0x40, 0x00, 0x00, 0x80, 0x06, 0x00, 0x00,
    0x0d, 0x01, 0x0a, 0x00, 0x02, 0x00, 0x00, 0x00, 0x00, 0x40, 0x00, 0x00,
    0x70, 0x3e, 0x02, 0x00, 0x10, 0x40, 0x00, 0x00, 0x50, 0xa6, 0x01, 0x00,
    0x2f, 0x01, 0x03, 0x00, 0x02, 0x00, 0x00, 0x00, 0x00, 0x40, 0x00, 0x00,
    0x10, 0xf6, 0x01, 0x00, 0x02, 0x40, 0x00, 0x00, 0xf0, 0xe3, 0x01, 0x00,
    0x01, 0x01, 0x04, 0x00, 0x02, 0x01, 0x04, 0x00, 0x10, 0x40, 0x00, 0x00,
    0xd0, 0x3a, 0x02, 0x00, 0x21, 0x01, 0x02, 0x00, 0x20, 0x01, 0x08, 0x00,
    0x20, 0x40, 0x00, 0x00, 0xf0, 0x04, 0x00, 0x00, 0x21, 0x40, 0x00, 0x00,
    0x90, 0x01, 0x00, 0x00, 0x22, 0x40, 0x00, 0x00, 0x70, 0x04, 0x00, 0x00,
    0x0d, 0x01, 0x12, 0x00, 0x03, 0x00, 0x00, 0x00, 0x00, 0x40, 0x00, 0x00,
    0xf0, 0xe3, 0x01, 0x00, 0x02, 0x40, 0x00, 0x00, 0x00, 0x00, 0x00, 0x00,
    0x0b, 0x01, 0x02, 0x00, 0x0c, 0x01, 0x02, 0x00, 0x10, 0x40, 0x00, 0x00,
    0x70, 0x3e, 0x02, 0x00, 0x03, 0x00, 0x00, 0x00, 0x00, 0x40, 0x00, 0x00,
    0xd0, 0x3a, 0x02, 0x00, 0x0b, 0x01, 0x00, 0x00, 0x0c, 0x01, 0x00, 0x00,
    0x01, 0x01, 0x00, 0x00, 0x02, 0x01, 0x00, 0x00, 0x10, 0x40, 0x00, 0x00,
    0xb0, 0x85, 0x01, 0x00, 0x21, 0x01, 0x00, 0x00, 0x20, 0x01, 0x00, 0x00,
    0x20, 0x40, 0x00, 0x00, 0x00, 0x07, 0x00, 0x00, 0x21, 0x40, 0x00, 0x00,
    0x00, 0x01, 0x00, 0x00, 0x22, 0x40, 0x00, 0x00, 0x80, 0x06, 0x00, 0x00,
    0x0d, 0x01, 0x0a, 0x00, 0x2f, 0x01, 0x01, 0x00, 0x02, 0x00, 0x00, 0x00,
    0x00, 0x40, 0x00, 0x00, 0x70, 0x3e, 0x02, 0x00, 0x10, 0x40, 0x00, 0x00,
    0x50, 0x89, 0x01, 0x00, 0x2f, 0x01, 0x03, 0x00, 0x02, 0x00, 0x00, 0x00,
    0x00, 0x40, 0x00, 0x00, 0x90, 0xe7, 0x01, 0x00, 0x0b, 0x01, 0x02, 0x00,
    0x0c, 0x01, 0x02, 0x00, 0x01, 0x01, 0x04, 0x00, 0x02, 0x01, 0x04, 0x00,
    0x10, 0x40, 0x00, 0x00, 0xd0, 0x3a, 0x02, 0x00, 0x21, 0x01, 0x02, 0x00,
    0x20, 0x01, 0x08, 0x00, 0x20, 0x40, 0x00, 0x00, 0xf0, 0x04, 0x00, 0x00,
    0x21, 0x40, 0x00, 0x00, 0x90, 0x01, 0x00, 0x00, 0x22, 0x40, 0x00, 0x00,
    0x70, 0x04, 0x00, 0x00, 0x0d, 0x01, 0x12, 0x00, 0x03, 0x00, 0x00, 0x00,
    0x00, 0x40, 0x00, 0x00, 0x10, 0xd9, 0x01, 0x00, 0x01, 0x01, 0x03, 0x00,
    0x02, 0x01, 0x03, 0x00, 0x10, 0x40, 0x00, 0x00, 0x90, 0x33, 0x02, 0x00,
    0x20, 0x01, 0x06, 0x00, 0x20, 0x40, 0x00, 0x00, 0xe0, 0x01, 0x00, 0x00,
    0x21, 0x40, 0x00, 0x00, 0x30, 0x01, 0x00, 0x00, 0x22, 0x40, 0x00, 0x00,
    0x60, 0x01, 0x00, 0x00, 0x0d, 0x01, 0x0a, 0x00, 0x03, 0x00, 0x00, 0x00,
    0x00, 0x40, 0x00, 0x00, 0xb0, 0xdc, 0x01, 0x00, 0x02, 0x40, 0x00, 0x00,
    0x30, 0xce, 0x01, 0x00, 0x0b, 0x01, 0x01, 0x00, 0x0c, 0x01, 0x01, 0x00,
    0x10, 0x40, 0x00, 0x00, 0x30, 0x37, 0x02, 0x00, 0x03, 0x00, 0x00, 0x00,
    0x00, 0x40, 0x00, 0x00, 0x90, 0x33, 0x02, 0x00, 0x02, 0x40, 0x00, 0x00,
    0x00, 0x00, 0x00, 0x00, 0x0b, 0x01, 0x00, 0x00, 0x0c, 0x01, 0x00, 0x00,
    0x01, 0x01, 0x00, 0x00, 0x02, 0x01, 0x00, 0x00, 0x10, 0x40, 0x00, 0x00,
    0x70, 0xf2, 0x01, 0x00, 0x21, 0x01, 0x00, 0x00, 0x20, 0x01, 0x00, 0x00,
    0x20, 0x40, 0x00, 0x00, 0x90, 0x03, 0x00, 0x00, 0x21, 0x40, 0x00, 0x00,
    0xe0, 0x00, 0x00, 0x00, 0x22, 0x40, 0x00, 0x00, 0x10, 0x03, 0x00, 0x00,
    0x2f, 0x01, 0x01, 0x00, 0x02, 0x00, 0x00, 0x00, 0x00, 0x40, 0x00, 0x00,
    0x30, 0x37, 0x02, 0x00, 0x10, 0x40, 0x00, 0x00, 0x10, 0xf6, 0x01, 0x00,
    0x2f, 0x01, 0x03, 0x00, 0x02, 0x00, 0x00, 0x00, 0x00, 0x40, 0x00, 0x00,
    0x50, 0xe0, 0x01, 0x00, 0x02, 0x40, 0x00, 0x00, 0x30, 0xce, 0x01, 0x00,
    0x01, 0x01, 0x03, 0x00, 0x02, 0x01, 0x03, 0x00, 0x10, 0x40, 0x00, 0x00,
    0x90, 0x33, 0x02, 0x00, 0x21, 0x01, 0x02, 0x00, 0x20, 0x01, 0x06, 0x00,
    0x20, 0x40, 0x00, 0x00, 0xe0, 0x01, 0x00, 0x00, 0x21, 0x40, 0x00, 0x00,
    0x30, 0x01, 0x00, 0x00, 0x22, 0x40, 0x00, 0x00, 0x60, 0x01, 0x00, 0x00,
    0x03, 0x00, 0x00, 0x00, 0x00, 0x40, 0x00, 0x00, 0x50, 0x77, 0x01, 0x00,
    0x02, 0x40, 0x00, 0x00, 0x00, 0x00, 0x00, 0x00, 0x0b, 0x01, 0x01, 0x00,
    0x0c, 0x01, 0x01, 0x00, 0x0a, 0x01, 0x72, 0x00, 0x04, 0x01, 0x03, 0x00,
    0x05, 0x40, 0x00, 0x00, 0xcc, 0x01, 0x00, 0x00, 0x04, 0x40, 0x00, 0x00,
    0x04, 0x00, 0x00, 0x00, 0x06, 0x40, 0x00, 0x00, 0x01, 0x00, 0x00, 0x00,
    0x09, 0x01, 0x00, 0x00, 0x05, 0x01, 0x01, 0x00, 0x01, 0x01, 0x00, 0x00,
    0x02, 0x01, 0x00, 0x00, 0x10, 0x40, 0x00, 0x00, 0x30, 0x25, 0x02, 0x00,
    0x11, 0x01, 0x72, 0x00, 0x1a, 0x01, 0x72, 0x00, 0x13, 0x01, 0x03, 0x00,
    0x15, 0x40, 0x00, 0x00, 0x30, 0x07, 0x00, 0x00, 0x16, 0x40, 0x00, 0x00,
    0x30, 0x07, 0x00, 0x00, 0x18, 0x01, 0x00, 0x00, 0x14, 0x01, 0x41, 0x81,
    0x21, 0x01, 0x01, 0x00, 0x20, 0x01, 0x00, 0x00, 0x22, 0x01, 0x02, 0x00,
    0x15, 0x01, 0x15, 0x00, 0x17, 0x01, 0x07, 0x00, 0x05, 0x00, 0x01, 0x00,
    0x00, 0x40, 0x00, 0x00, 0xe8, 0x7a, 0x01, 0x00, 0x10, 0x40, 0x00, 0x00,
    0x60, 0x2c, 0x02, 0x00, 0x05, 0x00, 0x01, 0x00, 0x00, 0x40, 0x00, 0x00,
    0x30, 0x25, 0x02, 0x00, 0x0b, 0x01, 0x00, 0x00, 0x0c, 0x01, 0x00, 0x00,
    0x05, 0x40, 0x00, 0x00, 0x30, 0x07, 0x00, 0x00, 0x04, 0x40, 0x00, 0x00,
    0x10, 0x00, 0x00, 0x00, 0x06, 0x40, 0x00, 0x00, 0x30, 0x07, 0x00, 0x00,
    0x05, 0x01, 0x41, 0x00, 0x01, 0x01, 0x01, 0x00, 0x02, 0x01, 0x01, 0x00,
    0x10, 0x40, 0x00, 0x00, 0x70, 0xd5, 0x01, 0x00, 0x11, 0x01, 0x39, 0x00,
    0x1a, 0x01, 0x39, 0x00, 0x13, 0x01, 0x0b, 0x00, 0x15, 0x40, 0x00, 0x00,
    0xa0, 0x03, 0x00, 0x00, 0x16, 0x40, 0x00, 0x00, 0xa0, 0x03, 0x00, 0x00,
    0x18, 0x01, 0x80, 0xff, 0x14, 0x01, 0x41, 0x00, 0x21, 0x01, 0x00, 0x00,
    0x20, 0x01, 0x02, 0x00, 0x22, 0x01, 0x05, 0x00, 0x20, 0x40, 0x00, 0x00,
    0x80, 0x00, 0x00, 0x00, 0x21, 0x40, 0x00, 0x00, 0xe0, 0x00, 0x00, 0x00,
    0x22, 0x40, 0x00, 0x00, 0x00, 0x00, 0x00, 0x00, 0x15, 0x01, 0x39, 0x00,
    0x17, 0x01, 0x0f, 0x00, 0x2f, 0x01, 0x01, 0x00, 0x02, 0x00, 0x00, 0x00,
    0x00, 0x40, 0x00, 0x00, 0x60, 0x2c, 0x02, 0x00, 0x10, 0x40, 0x00, 0x00,
    0x10, 0xd9, 0x01, 0x00, 0x2f, 0x01, 0x03, 0x00, 0x02, 0x00, 0x00, 0x00,
    0x00, 0x40, 0x00, 0x00, 0x80, 0x7e, 0x01, 0x00, 0x0b, 0x01, 0x01, 0x00,
    0x0c, 0x01, 0x01, 0x00, 0x05, 0x40, 0x00, 0x00, 0xcc, 0x01, 0x00, 0x00,
    0x04, 0x40, 0x00, 0x00, 0x04, 0x00, 0x00, 0x00, 0x06, 0x40, 0x00, 0x00,
    0x01, 0x00, 0x00, 0x00, 0x05, 0x01, 0x01, 0x00, 0x01, 0x01, 0x00, 0x00,
    0x02, 0x01, 0x00, 0x00, 0x10, 0x40, 0x00, 0x00, 0x30, 0x25, 0x02, 0x00,
    0x11, 0x01, 0x72, 0x00, 0x1a, 0x01, 0x72, 0x00, 0x13, 0x01, 0x03, 0x00,
    0x15, 0x40, 0x00, 0x00, 0x30, 0x07, 0x00, 0x00, 0x16, 0x40, 0x00, 0x00,
    0x30, 0x07, 0x00, 0x00, 0x18, 0x01, 0x00, 0x00, 0x14, 0x01, 0x41, 0x81,
    0x21, 0x01, 0x01, 0x00, 0x20, 0x01, 0x00, 0x00, 0x22, 0x01, 0x02, 0x00,
    0x15, 0x01, 0x15, 0x00, 0x17, 0x01, 0x07, 0x00, 0x05, 0x00, 0x01, 0x00,
    0x00, 0x40, 0x00, 0x00, 0x18, 0x82, 0x01, 0x00, 0x10, 0x40, 0x00, 0x00,
    0x60, 0x2c, 0x02, 0x00, 0x05, 0x00, 0x01, 0x00, 0x00, 0x40, 0x00, 0x00,
    0x30, 0x25, 0x02, 0x00, 0x0b, 0x01, 0x00, 0x00, 0x0c, 0x01, 0x00, 0x00,
    0x05, 0x40, 0x00, 0x00, 0x30, 0x07, 0x00, 0x00, 0x04, 0x40, 0x00, 0x00,
    0x10, 0x00, 0x00, 0x00, 0x06, 0x40, 0x00, 0x00, 0x30, 0x07, 0x00, 0x00,
    0x05, 0x01, 0x41, 0x00, 0x01, 0x01, 0x01, 0x00, 0x02, 0x01, 0x01, 0x00,
    0x10, 0x40, 0x00, 0x00, 0xb0, 0xdc, 0x01, 0x00, 0x11, 0x01, 0x39, 0x00,
    0x1a, 0x01, 0x39, 0x00, 0x13, 0x01, 0x0b, 0x00, 0x15, 0x40, 0x00, 0x00,
    0xa0, 0x03, 0x00, 0x00, 0x16, 0x40, 0x00, 0x00, 0xa0, 0x03, 0x00, 0x00,
    0x18, 0x01, 0x80, 0xff, 0x14, 0x01, 0x41, 0x00, 0x21, 0x01, 0x00, 0x00,
    0x20, 0x01, 0x02, 0x00, 0x22, 0x01, 0x05, 0x00, 0x15, 0x01, 0x39, 0x00,
    0x17, 0x01, 0x0f, 0x00, 0x2f, 0x01, 0x01, 0x00, 0x02, 0x00, 0x00, 0x00,
    0x00, 0x40, 0x00, 0x00, 0x60, 0x2c, 0x02, 0x00, 0x10, 0x40, 0x00, 0x00,
    0x50, 0xe0, 0x01, 0x00, 0x2f, 0x01, 0x03, 0x00, 0x02, 0x00, 0x00, 0x00,
    0x00, 0x40, 0x00, 0x00, 0x30, 0xce, 0x01, 0x00, 0x0b, 0x01, 0x02, 0x00,
    0x0c, 0x01, 0x02, 0x00, 0x0a, 0x01, 0x39, 0x00, 0x04, 0x01, 0x0b, 0x00,
    0x05, 0x40, 0x00, 0x00, 0xa0, 0x03, 0x00, 0x00, 0x06, 0x40, 0x00, 0x00,
    0xa0, 0x03, 0x00, 0x00, 0x09, 0x01, 0x80, 0xff, 0x01, 0x01, 0x03, 0x00,
    0x02, 0x01, 0x03, 0x00, 0x10, 0x40, 0x00, 0x00, 0x30, 0x37, 0x02, 0x00,
    0x21, 0x01, 0x02, 0x00, 0x20, 0x01, 0x06, 0x00, 0x22, 0x01, 0x00, 0x00,
    0x20, 0x40, 0x00, 0x00, 0xe0, 0x01, 0x00, 0x00, 0x21, 0x40, 0x00, 0x00,
    0x30, 0x01, 0x00, 0x00, 0x22, 0x40, 0x00, 0x00, 0x60, 0x01, 0x00, 0x00,
    0x2f, 0x01, 0x01, 0x00, 0x03, 0x00, 0x00, 0x00, 0x00, 0x40, 0x00, 0x00,
    0x90, 0x33, 0x02, 0x00, 0x0b, 0x01, 0x00, 0x00, 0x0c, 0x01, 0x00, 0x00,
    0x01, 0x01, 0x00, 0x00, 0x02, 0x01, 0x00, 0x00, 0x10, 0x40, 0x00, 0x00,
    0xf0, 0xe3, 0x01, 0x00, 0x21, 0x01, 0x00, 0x00, 0x20, 0x01, 0x00, 0x00,
    0x20, 0x40, 0x00, 0x00, 0x90, 0x03, 0x00, 0x00, 0x21, 0x40, 0x00, 0x00,
    0xe0, 0x00, 0x00, 0x00, 0x22, 0x40, 0x00, 0x00, 0x10, 0x03, 0x00, 0x00,
    0x02, 0x00, 0x00, 0x00, 0x00, 0x40, 0x00, 0x00, 0x30, 0x37, 0x02, 0x00,
    0x10, 0x40, 0x00, 0x00, 0x90, 0xe7, 0x01, 0x00, 0x2f, 0x01, 0x03, 0x00,
    0x02, 0x00, 0x00, 0x00, 0x00, 0x40, 0x00, 0x00, 0x30, 0xeb, 0x01, 0x00,
    0x0b, 0x01, 0x02, 0x00, 0x0c, 0x01, 0x02, 0x00, 0x01, 0x01, 0x04, 0x00,
    0x02, 0x01, 0x04, 0x00, 0x10, 0x40, 0x00, 0x00, 0x70, 0x3e, 0x02, 0x00,
    0x21, 0x01, 0x02, 0x00, 0x20, 0x01, 0x08, 0x00, 0x20, 0x40, 0x00, 0x00,
    0xf0, 0x04, 0x00, 0x00, 0x21, 0x40, 0x00, 0x00, 0x90, 0x01, 0x00, 0x00,
    0x22, 0x40, 0x00, 0x00, 0x70, 0x04, 0x00, 0x00, 0x0d, 0x01, 0x12, 0x00,
    0x2f, 0x01, 0x01, 0x00, 0x03, 0x00, 0x00, 0x00, 0x00, 0x40, 0x00, 0x00,
    0xd0, 0x3a, 0x02, 0x00, 0x0b, 0x01, 0x00, 0x00, 0x0c, 0x01, 0x00, 0x00,
    0x01, 0x01, 0x00, 0x00, 0x02, 0x01, 0x00, 0x00, 0x10, 0x40, 0x00, 0x00,
    0xf0, 0x8c, 0x01, 0x00, 0x21, 0x01, 0x00, 0x00, 0x20, 0x01, 0x00, 0x00,
    0x20, 0x40, 0x00, 0x00, 0x00, 0x07, 0x00, 0x00, 0x21, 0x40, 0x00, 0x00,
    0x00, 0x01, 0x00, 0x00, 0x22, 0x40, 0x00, 0x00, 0x80, 0x06, 0x00, 0x00,
    0x0d, 0x01, 0x0a, 0x00, 0x02, 0x00, 0x00, 0x00, 0x00, 0x40, 0x00, 0x00,
    0x70, 0x3e, 0x02, 0x00, 0x10, 0x40, 0x00, 0x00, 0x90, 0x90, 0x01, 0x00,
    0x2f, 0x01, 0x03, 0x00, 0x02, 0x00, 0x00, 0x00, 0x00, 0x40, 0x00, 0x00,
    0x30, 0x94, 0x01, 0x00, 0x0b, 0x01, 0x04, 0x00, 0x0c, 0x01, 0x04, 0x00,
    0x01, 0x01, 0x01, 0x00, 0x02, 0x01, 0x01, 0x00, 0x10, 0x40, 0x00, 0x00,
    0x10, 0x42, 0x02, 0x00, 0x21, 0x01, 0x04, 0x00, 0x20, 0x01, 0x02, 0x00,
    0x20, 0x40, 0x00, 0x00, 0x80, 0x08, 0x00, 0x00, 0x21, 0x40, 0x00, 0x00,
    0xe0, 0x00, 0x00, 0x00, 0x22, 0x40, 0x00, 0x00, 0x00, 0x08, 0x00, 0x00,
    0x0d, 0x01, 0x12, 0x00, 0x2f, 0x01, 0x01, 0x00, 0x03, 0x00, 0x00, 0x00,
    0x00, 0x40, 0x00, 0x00, 0xd0, 0x97, 0x01, 0x00, 0x10, 0x40, 0x00, 0x00,
    0xb0, 0x45, 0x02, 0x00, 0x2f, 0x01, 0x03, 0x00, 0x03, 0x00, 0x00, 0x00,
    0x00, 0x40, 0x00, 0x00, 0x10, 0x42, 0x02, 0x00, 0x0b, 0x01, 0x00, 0x00,
    0x0c, 0x01, 0x00, 0x00, 0x01, 0x01, 0x00, 0x00, 0x02, 0x01, 0x00, 0x00,
    0x10, 0x40, 0x00, 0x00, 0xf0, 0x00, 0x02, 0x00, 0x21, 0x01, 0x00, 0x00,
    0x20, 0x01, 0x00, 0x00, 0x20, 0x40, 0x00, 0x00, 0xe0, 0x09, 0x00, 0x00,
    0x21, 0x40, 0x00, 0x00, 0x00, 0x01, 0x00, 0x00, 0x22, 0x40, 0x00, 0x00,
    0x60, 0x09, 0x00, 0x00, 0x0d, 0x01, 0x0a, 0x00, 0x2f, 0x01, 0x01, 0x00,
    0x02, 0x00, 0x00, 0x00, 0x00, 0x40, 0x00, 0x00, 0xb0, 0x45, 0x02, 0x00,
    0x10, 0x40, 0x00, 0x00, 0x90, 0x04, 0x02, 0x00, 0x2f, 0x01, 0x03, 0x00,
    0x02, 0x00, 0x00, 0x00, 0x00, 0x40, 0x00, 0x00, 0x70, 0x9b, 0x01, 0x00,
    0x02, 0x40, 0x00, 0x00, 0xb0, 0x85, 0x01, 0x00, 0x0b, 0x01, 0x03, 0x00,
    0x0c, 0x01, 0x03, 0x00, 0x01, 0x01, 0x01, 0x00, 0x02, 0x01, 0x01, 0x00,
    0x10, 0x40, 0x00, 0x00, 0x10, 0x42, 0x02, 0x00, 0x21, 0x01, 0x04, 0x00,
    0x20, 0x01, 0x02, 0x00, 0x20, 0x40, 0x00, 0x00, 0x80, 0x08, 0x00, 0x00,
    0x21, 0x40, 0x00, 0x00, 0xe0, 0x00, 0x00, 0x00, 0x22, 0x40, 0x00, 0x00,
    0x00, 0x08, 0x00, 0x00, 0x0d, 0x01, 0x12, 0x00, 0x03, 0x00, 0x00, 0x00,
    0x00, 0x40, 0x00, 0x00, 0x10, 0x9f, 0x01, 0x00, 0x0b, 0x01, 0x02, 0x00,
    0x0c, 0x01, 0x02, 0x00, 0x10, 0x40, 0x00, 0x00, 0xb0, 0x45, 0x02, 0x00,
    0x03, 0x00, 0x00, 0x00, 0x00, 0x40, 0x00, 0x00, 0x10, 0x42, 0x02, 0x00,
    0x02, 0x40, 0x00, 0x00, 0x00, 0x00, 0x00, 0x00, 0x0b, 0x01, 0x00, 0x00,
    0x0c, 0x01, 0x00, 0x00, 0x01, 0x01, 0x00, 0x00, 0x02, 0x01, 0x00, 0x00,
    0x10, 0x40, 0x00, 0x00, 0x30, 0x08, 0x02, 0x00, 0x21, 0x01, 0x00, 0x00,
    0x20, 0x01, 0x00, 0x00, 0x20, 0x40, 0x00, 0x00, 0xe0, 0x09, 0x00, 0x00,
    0x21, 0x40, 0x00, 0x00, 0x00, 0x01, 0x00, 0x00, 0x22, 0x40, 0x00, 0x00,
    0x60, 0x09, 0x00, 0x00, 0x0d, 0x01, 0x0a, 0x00, 0x2f, 0x01, 0x01, 0x00,
    0x02, 0x00, 0x00, 0x00, 0x00, 0x40, 0x00, 0x00, 0xb0, 0x45, 0x02, 0x00,
    0x10, 0x40, 0x00, 0x00, 0xd0, 0x0b, 0x02, 0x00, 0x2f, 0x01, 0x03, 0x00,
    0x02, 0x00, 0x00, 0x00, 0x00, 0x40, 0x00, 0x00, 0xb0, 0xf9, 0x01, 0x00,
    0x0b, 0x01, 0x02, 0x00, 0x0c, 0x01, 0x02, 0x00, 0x01, 0x01, 0x03, 0x00,
    0x02, 0x01, 0x03, 0x00, 0x10, 0x40, 0x00, 0x00, 0xf0, 0x4c, 0x02, 0x00,
    0x21, 0x01, 0x02, 0x00, 0x20, 0x01, 0x06, 0x00, 0x20, 0x40, 0x00, 0x00,
    0x60, 0x0b, 0x00, 0x00, 0x21, 0x40, 0x00, 0x00, 0x40, 0x01, 0x00, 0x00,
    0x22, 0x40, 0x00, 0x00, 0xe0, 0x0a, 0x00, 0x00, 0x2f, 0x01, 0x01, 0x00,
    0x03, 0x00, 0x00, 0x00, 0x00, 0x40, 0x00, 0x00, 0x50, 0x49, 0x02, 0x00,
    0x0b, 0x01, 0x00, 0x00, 0x0c, 0x01, 0x00, 0x00, 0x01, 0x01, 0x00, 0x00,
    0x02, 0x01, 0x00, 0x00, 0x10, 0x40, 0x00, 0x00, 0x70, 0x0f, 0x02, 0x00,
    0x21, 0x01, 0x00, 0x00, 0x20, 0x01, 0x00, 0x00, 0x20, 0x40, 0x00, 0x00,
    0x20, 0x0d, 0x00, 0x00, 0x21, 0x40, 0x00, 0x00, 0x00, 0x01, 0x00, 0x00,
    0x22, 0x40, 0x00, 0x00, 0xa0, 0x0c, 0x00, 0x00, 0x02, 0x00, 0x00, 0x00,
    0x00, 0x40, 0x00, 0x00, 0xf0, 0x4c, 0x02, 0x00, 0x10, 0x40, 0x00, 0x00,
    0x10, 0x13, 0x02, 0x00, 0x2f, 0x01, 0x03, 0x00, 0x02, 0x00, 0x00, 0x00,
    0x00, 0x40, 0x00, 0x00, 0xb0, 0x16, 0x02, 0x00, 0x0b, 0x01, 0x02, 0x00,
    0x0c, 0x01, 0x02, 0x00, 0x01, 0x01, 0x04, 0x00, 0x02, 0x01, 0x04, 0x00,
    0x10, 0x40, 0x00, 0x00, 0x30, 0x54, 0x02, 0x00, 0x21, 0x01, 0x02, 0x00,
    0x20, 0x01, 0x08, 0x00, 0x20, 0x40, 0x00, 0x00, 0xa0, 0x0e, 0x00, 0x00,
    0x21, 0x40, 0x00, 0x00, 0x80, 0x01, 0x00, 0x00, 0x22, 0x40, 0x00, 0x00,
    0x20, 0x0e, 0x00, 0x00, 0x0d, 0x01, 0x12, 0x00, 0x2f, 0x01, 0x01, 0x00,
    0x03, 0x00, 0x00, 0x00, 0x00, 0x40, 0x00, 0x00, 0x90, 0x50, 0x02, 0x00,
    0x0b, 0x01, 0x00, 0x00, 0x0c, 0x01, 0x00, 0x00, 0x01, 0x01, 0x00, 0x00,
    0x02, 0x01, 0x00, 0x00, 0x10, 0x40, 0x00, 0x00, 0xf0, 0xa9, 0x01, 0x00,
    0x21, 0x01, 0x00, 0x00, 0x20, 0x01, 0x00, 0x00, 0x20, 0x40, 0x00, 0x00,
    0xa0, 0x10, 0x00, 0x00, 0x21, 0x40, 0x00, 0x00, 0xf0, 0x00, 0x00, 0x00,
    0x22, 0x40, 0x00, 0x00, 0x20, 0x10, 0x00, 0x00, 0x0d, 0x01, 0x0a, 0x00,
    0x02, 0x00, 0x00, 0x00, 0x00, 0x40, 0x00, 0x00, 0x30, 0x54, 0x02, 0x00,
    0x10, 0x40, 0x00, 0x00, 0x90, 0xad, 0x01, 0x00, 0x2f, 0x01, 0x03, 0x00,
    0x02, 0x00, 0x00, 0x00, 0x00, 0x40, 0x00, 0x00, 0x30, 0xb1, 0x01, 0x00,
    0x0b, 0x01, 0x04, 0x00, 0x0c, 0x01, 0x04, 0x00, 0x01, 0x01, 0x01, 0x00,
    0x02, 0x01, 0x01, 0x00, 0x10, 0x40, 0x00, 0x00, 0xd0, 0x57, 0x02, 0x00,
    0x21, 0x01, 0x04, 0x00, 0x20, 0x01, 0x02, 0x00, 0x20, 0x40, 0x00, 0x00,
    0x10, 0x12, 0x00, 0x00, 0x21, 0x40, 0x00, 0x00, 0xe0, 0x00, 0x00, 0x00,
    0x22, 0x40, 0x00, 0x00, 0x90, 0x11, 0x00, 0x00, 0x0d, 0x01, 0x12, 0x00,
    0x2f, 0x01, 0x01, 0x00, 0x03, 0x00, 0x00, 0x00, 0x00, 0x40, 0x00, 0x00,
    0xd0, 0xb4, 0x01, 0x00, 0x10, 0x40, 0x00, 0x00, 0x70, 0x5b, 0x02, 0x00,
    0x2f, 0x01, 0x03, 0x00, 0x03, 0x00, 0x00, 0x00, 0x00, 0x40, 0x00, 0x00,
    0xd0, 0x57, 0x02, 0x00, 0x0b, 0x01, 0x00, 0x00, 0x0c, 0x01, 0x00, 0x00,
    0x01, 0x01, 0x00, 0x00, 0x02, 0x01, 0x00, 0x00, 0x10, 0x40, 0x00, 0x00,
    0x10, 0x5f, 0x02, 0x00, 0x21, 0x01, 0x00, 0x00, 0x20, 0x01, 0x00, 0x00,
    0x20, 0x40, 0x00, 0x00, 0x70, 0x13, 0x00, 0x00, 0x21, 0x40, 0x00, 0x00,
    0x00, 0x01, 0x00, 0x00, 0x22, 0x40, 0x00, 0x00, 0xf0, 0x12, 0x00, 0x00,
    0x0d, 0x01, 0x0a, 0x00, 0x2f, 0x01, 0x01, 0x00, 0x02, 0x00, 0x00, 0x00,
    0x00, 0x40, 0x00, 0x00, 0x70, 0x5b, 0x02, 0x00, 0x10, 0x40, 0x00, 0x00,
    0xb0, 0x62, 0x02, 0x00, 0x2f, 0x01, 0x03, 0x00, 0x02, 0x00, 0x00, 0x00,
    0x00, 0x40, 0x00, 0x00, 0x10, 0x5f, 0x02, 0x00, 0x10, 0x40, 0x00, 0x00,
    0xc4, 0x10, 0x00, 0x00, 0x13, 0x01, 0x00, 0x00, 0x15, 0x40, 0x00, 0x00,
    0x3a, 0x00, 0x00, 0x00, 0x14, 0x40, 0x00, 0x00, 0x01, 0x00, 0x00, 0x00,
    0x16, 0x40, 0x00, 0x00, 0x01, 0x00, 0x00, 0x00, 0x18, 0x01, 0x75, 0x00,
    0x14, 0x01, 0x01, 0x00, 0x20, 0x40, 0x00, 0x00, 0x80, 0x14, 0x00, 0x00,
    0x21, 0x40, 0x00, 0x00, 0x40, 0x00, 0x00, 0x00, 0x22, 0x40, 0x00, 0x00,
    0x70, 0x14, 0x00, 0x00, 0x23, 0x40, 0x00, 0x00, 0x10, 0x00, 0x00, 0x00,
    0x17, 0x01, 0x07, 0x00, 0x2f, 0x01, 0x01, 0x00, 0x02, 0x00, 0x00, 0x00,
    0x00, 0x40, 0x00, 0x00, 0xb0, 0x62, 0x02, 0x00, 0x10, 0x40, 0x00, 0x00,
    0xfe, 0x10, 0x00, 0x00, 0x2f, 0x01, 0x03, 0x00, 0x02, 0x00, 0x00, 0x00,
    0x00, 0x40, 0x00, 0x00, 0x70, 0xb8, 0x01, 0x00, 0x0b, 0x01, 0x04, 0x00,
    0x0c, 0x01, 0x04, 0x00, 0x01, 0x01, 0x01, 0x00, 0x02, 0x01, 0x01, 0x00,
    0x10, 0x40, 0x00, 0x00, 0xd0, 0x57, 0x02, 0x00, 0x13, 0x01, 0x0b, 0x00,
    0x15, 0x40, 0x00, 0x00, 0xa0, 0x03, 0x00, 0x00, 0x14, 0x40, 0x00, 0x00,
    0x10, 0x00, 0x00, 0x00, 0x16, 0x40, 0x00, 0x00, 0xa0, 0x03, 0x00, 0x00,
    0x18, 0x01, 0x80, 0xff, 0x14, 0x01, 0x41, 0x00, 0x21, 0x01, 0x04, 0x00,
    0x20, 0x01, 0x02, 0x00, 0x20, 0x40, 0x00, 0x00, 0x10, 0x12, 0x00, 0x00,
    0x21, 0x40, 0x00, 0x00, 0xe0, 0x00, 0x00, 0x00, 0x22, 0x40, 0x00, 0x00,
    0x90, 0x11, 0x00, 0x00, 0x23, 0x40, 0x00, 0x00, 0x80, 0x00, 0x00, 0x00,
    0x17, 0x01, 0x0f, 0x00, 0x0d, 0x01, 0x12, 0x00, 0x03, 0x00, 0x00, 0x00,
    0x00, 0x40, 0x00, 0x00, 0x10, 0xbc, 0x01, 0x00, 0x10, 0x40, 0x00, 0x00,
    0x70, 0x5b, 0x02, 0x00, 0x03, 0x00, 0x00, 0x00, 0x00, 0x40, 0x00, 0x00,
    0xd0, 0x57, 0x02, 0x00, 0x0b, 0x01, 0x00, 0x00, 0x0c, 0x01, 0x00, 0x00,
    0x01, 0x01, 0x00, 0x00, 0x02, 0x01, 0x00, 0x00, 0x10, 0x40, 0x00, 0x00,
    0x10, 0x5f, 0x02, 0x00, 0x21, 0x01, 0x00, 0x00, 0x20, 0x01, 0x00, 0x00,
    0x20, 0x40, 0x00, 0x00, 0x70, 0x13, 0x00, 0x00, 0x21, 0x40, 0x00, 0x00,
    0x00, 0x01, 0x00, 0x00, 0x22, 0x40, 0x00, 0x00, 0xf0, 0x12, 0x00, 0x00,
    0x0d, 0x01, 0x0a, 0x00, 0x2f, 0x01, 0x01, 0x00, 0x02, 0x00, 0x00, 0x00,
    0x00, 0x40, 0x00, 0x00, 0x70, 0x5b, 0x02, 0x00, 0x10, 0x40, 0x00, 0x00,
    0xb0, 0x62, 0x02, 0x00, 0x2f, 0x01, 0x03, 0x00, 0x02, 0x00, 0x00, 0x00,
    0x00, 0x40, 0x00, 0x00, 0x10, 0x5f, 0x02, 0x00, 0x10, 0x40, 0x00, 0x00,
    0x38, 0x11, 0x00, 0x00, 0x13, 0x01, 0x00, 0x00, 0x15, 0x40, 0x00, 0x00,
    0x3a, 0x00, 0x00, 0x00, 0x14, 0x40, 0x00, 0x00, 0x01, 0x00, 0x00, 0x00,
    0x16, 0x40, 0x00, 0x00, 0x01, 0x00, 0x00, 0x00, 0x18, 0x01, 0x75, 0x00,
    0x14, 0x01, 0x01, 0x00, 0x20, 0x40, 0x00, 0x00, 0x80, 0x14, 0x00, 0x00,
    0x21, 0x40, 0x00, 0x00, 0x40, 0x00, 0x00, 0x00, 0x22, 0x40, 0x00, 0x00,
    0x70, 0x14, 0x00, 0x00, 0x23, 0x40, 0x00, 0x00, 0x10, 0x00, 0x00, 0x00,
    0x17, 0x01, 0x07, 0x00, 0x2f, 0x01, 0x01, 0x00, 0x02, 0x00, 0x00, 0x00,
    0x00, 0x40, 0x00, 0x00, 0xb0, 0x62, 0x02, 0x00, 0x10, 0x40, 0x00, 0x00,
    0x72, 0x11, 0x00, 0x00, 0x2f, 0x01, 0x03, 0x00, 0x02, 0x00, 0x00, 0x00,
    0x00, 0x40, 0x00, 0x00, 0xb0, 0xbf, 0x01, 0x00, 0x02, 0x40, 0x00, 0x00,
    0xf0, 0xa9, 0x01, 0x00, 0x0b, 0x01, 0x03, 0x00, 0x0c, 0x01, 0x03, 0x00,
    0x01, 0x01, 0x01, 0x00, 0x02, 0x01, 0x01, 0x00, 0x10, 0x40, 0x00, 0x00,
    0xd0, 0x57, 0x02, 0x00, 0x13, 0x01, 0x0b, 0x00, 0x15, 0x40, 0x00, 0x00,
    0xa0, 0x03, 0x00, 0x00, 0x14, 0x40, 0x00, 0x00, 0x10, 0x00, 0x00, 0x00,
    0x16, 0x40, 0x00, 0x00, 0xa0, 0x03, 0x00, 0x00, 0x18, 0x01, 0x80, 0xff,
    0x14, 0x01, 0x41, 0x00, 0x21, 0x01, 0x04, 0x00, 0x20, 0x01, 0x02, 0x00,
    0x20, 0x40, 0x00, 0x00, 0x10, 0x12, 0x00, 0x00, 0x21, 0x40, 0x00, 0x00,
    0xe0, 0x00, 0x00, 0x00, 0x22, 0x40, 0x00, 0x00, 0x90, 0x11, 0x00, 0x00,
    0x23, 0x40, 0x00, 0x00, 0x80, 0x00, 0x00, 0x00, 0x17, 0x01, 0x0f, 0x00,
    0x0d, 0x01, 0x12, 0x00, 0x03, 0x00, 0x00, 0x00, 0x00, 0x40, 0x00, 0x00,
    0x50, 0xc3, 0x01, 0x00, 0x0b, 0x01, 0x02, 0x00, 0x0c, 0x01, 0x02, 0x00,
    0x10, 0x40, 0x00, 0x00, 0x70, 0x5b, 0x02, 0x00, 0x03, 0x00, 0x00, 0x00,
    0x00, 0x40, 0x00, 0x00, 0xd0, 0x57, 0x02, 0x00, 0x02, 0x40, 0x00, 0x00,
    0x00, 0x00, 0x00, 0x00, 0x0b, 0x01, 0x00, 0x00, 0x0c, 0x01, 0x00, 0x00,
    0x01, 0x01, 0x00, 0x00, 0x02, 0x01, 0x00, 0x00, 0x10, 0x40, 0x00, 0x00,
    0x10, 0x5f, 0x02, 0x00, 0x21, 0x01, 0x00, 0x00, 0x20, 0x01, 0x00, 0x00,
    0x20, 0x40, 0x00, 0x00, 0x70, 0x13, 0x00, 0x00, 0x21, 0x40, 0x00, 0x00,
    0x00, 0x01, 0x00, 0x00, 0x22, 0x40, 0x00, 0x00, 0xf0, 0x12, 0x00, 0x00,
    0x0d, 0x01, 0x0a, 0x00, 0x2f, 0x01, 0x01, 0x00, 0x02, 0x00, 0x00, 0x00,
    0x00, 0x40, 0x00, 0x00, 0x70, 0x5b, 0x02, 0x00, 0x10, 0x40, 0x00, 0x00,
    0xb0, 0x62, 0x02, 0x00, 0x2f, 0x01, 0x03, 0x00, 0x02, 0x00, 0x00, 0x00,
    0x00, 0x40, 0x00, 0x00, 0x10, 0x5f, 0x02, 0x00, 0x10, 0x40, 0x00, 0x00,
    0xac, 0x11, 0x00, 0x00, 0x13, 0x01, 0x00, 0x00, 0x15, 0x40, 0x00, 0x00,
    0x3a, 0x00, 0x00, 0x00, 0x14, 0x40, 0x00, 0x00, 0x01, 0x00, 0x00, 0x00,
    0x16, 0x40, 0x00, 0x00, 0x01, 0x00, 0x00, 0x00, 0x18, 0x01, 0x75, 0x00,
    0x14, 0x01, 0x01, 0x00, 0x20, 0x40, 0x00, 0x00, 0x80, 0x14, 0x00, 0x00,
    0x21, 0x40, 0x00, 0x00, 0x40, 0x00, 0x00, 0x00, 0x22, 0x40, 0x00, 0x00,
    0x70, 0x14, 0x00, 0x00, 0x23, 0x40, 0x00, 0x00, 0x10, 0x00, 0x00, 0x00,
    0x17, 0x01, 0x07, 0x00, 0x2f, 0x01, 0x01, 0x00, 0x02, 0x00, 0x00, 0x00,
    0x00, 0x40, 0x00, 0x00, 0xb0, 0x62, 0x02, 0x00, 0x10, 0x40, 0x00, 0x00,
    0xe6, 0x11, 0x00, 0x00, 0x2f, 0x01, 0x03, 0x00, 0x02, 0x00, 0x00, 0x00,
    0x00, 0x40, 0x00, 0x00, 0x50, 0x1a, 0x02, 0x00, 0x0b, 0x01, 0x02, 0x00,
    0x0c, 0x01, 0x02, 0x00, 0x01, 0x01, 0x04, 0x00, 0x02, 0x01, 0x04, 0x00,
    0x10, 0x40, 0x00, 0x00, 0x90, 0x50, 0x02, 0x00, 0x13, 0x01, 0x0b, 0x00,
    0x15, 0x40, 0x00, 0x00, 0xa0, 0x03, 0x00, 0x00, 0x14, 0x40, 0x00, 0x00,
    0x10, 0x00, 0x00, 0x00, 0x16, 0x40, 0x00, 0x00, 0xa0, 0x03, 0x00, 0x00,
    0x18, 0x01, 0x80, 0xff, 0x14, 0x01, 0x41, 0x00, 0x21, 0x01, 0x02, 0x00,
    0x20, 0x01, 0x08, 0x00, 0x20, 0x40, 0x00, 0x00, 0xa0, 0x0e, 0x00, 0x00,
    0x21, 0x40, 0x00, 0x00, 0x80, 0x01, 0x00, 0x00, 0x22, 0x40, 0x00, 0x00,
    0x20, 0x0e, 0x00, 0x00, 0x23, 0x40, 0x00, 0x00, 0x80, 0x00, 0x00, 0x00,
    0x17, 0x01, 0x0f, 0x00, 0x0d, 0x01, 0x12, 0x00, 0x03, 0x00, 0x00, 0x00,
    0x00, 0x40, 0x00, 0x00, 0xf0, 0x1d, 0x02, 0x00, 0x02, 0x40, 0x00, 0x00,
    0x70, 0x0f, 0x02, 0x00, 0x0b, 0x01, 0x01, 0x00, 0x0c, 0x01, 0x01, 0x00,
    0x10, 0x40, 0x00, 0x00, 0x30, 0x54, 0x02, 0x00, 0x03, 0x00, 0x00, 0x00,
    0x00, 0x40, 0x00, 0x00, 0x90, 0x50, 0x02, 0x00, 0x02, 0x40, 0x00, 0x00,
    0x00, 0x00, 0x00, 0x00, 0x0b, 0x01, 0x00, 0x00, 0x0c, 0x01, 0x00, 0x00,
    0x01, 0x01, 0x00, 0x00, 0x02, 0x01, 0x00, 0x00, 0x10, 0x40, 0x00, 0x00,
    0x30, 0xb1, 0x01, 0x00, 0x21, 0x01, 0x00, 0x00, 0x20, 0x01, 0x00, 0x00,
    0x20, 0x40, 0x00, 0x00, 0xa0, 0x10, 0x00, 0x00, 0x21, 0x40, 0x00, 0x00,
    0xf0, 0x00, 0x00, 0x00, 0x22, 0x40, 0x00, 0x00, 0x20, 0x10, 0x00, 0x00,
    0x0d, 0x01, 0x0a, 0x00, 0x2f, 0x01, 0x01, 0x00, 0x02, 0x00, 0x00, 0x00,
    0x00, 0x40, 0x00, 0x00, 0x30, 0x54, 0x02, 0x00, 0x10, 0x40, 0x00, 0x00,
    0xd0, 0xb4, 0x01, 0x00, 0x2f, 0x01, 0x03, 0x00, 0x02, 0x00, 0x00, 0x00,
    0x00, 0x40, 0x00, 0x00, 0x90, 0x21, 0x02, 0x00, 0x02, 0x40, 0x00, 0x00,
    0x70, 0x0f, 0x02, 0x00, 0x01, 0x01, 0x04, 0x00, 0x02, 0x01, 0x04, 0x00,
    0x10, 0x40, 0x00, 0x00, 0x90, 0x50, 0x02, 0x00, 0x21, 0x01, 0x02, 0x00,
    0x20, 0x01, 0x08, 0x00, 0x20, 0x40, 0x00, 0x00, 0xa0, 0x0e, 0x00, 0x00,
    0x21, 0x40, 0x00, 0x00, 0x80, 0x01, 0x00, 0x00, 0x22, 0x40, 0x00, 0x00,
    0x20, 0x0e, 0x00, 0x00, 0x0d, 0x01, 0x12, 0x00, 0x03, 0x00, 0x00, 0x00,
    0x00, 0x40, 0x00, 0x00, 0x50, 0xfd, 0x01, 0x00, 0x02, 0x40, 0x00, 0x00,
    0x00, 0x00, 0x00, 0x00, 0x0b, 0x01, 0x02, 0x00, 0x0c, 0x01, 0x02, 0x00,
    0x01, 0x01, 0x03, 0x00, 0x02, 0x01, 0x03, 0x00, 0x10, 0x40, 0x00, 0x00,
    0x50, 0x49, 0x02, 0x00, 0x20, 0x01, 0x06, 0x00, 0x20, 0x40, 0x00, 0x00,
    0x60, 0x0b, 0x00, 0x00, 0x21, 0x40, 0x00, 0x00, 0x40, 0x01, 0x00, 0x00,
    0x22, 0x40, 0x00, 0x00, 0xe0, 0x0a, 0x00, 0x00, 0x0d, 0x01, 0x0a, 0x00,
    0x03, 0x00, 0x00, 0x00, 0x00, 0x40, 0x00, 0x00, 0xf0, 0x00, 0x02, 0x00,
    0x10, 0x40, 0x00, 0x00, 0xf0, 0x4c, 0x02, 0x00, 0x03, 0x00, 0x00, 0x00,
    0x00, 0x40, 0x00, 0x00, 0x50, 0x49, 0x02, 0x00, 0x0b, 0x01, 0x00, 0x00,
    0x0c, 0x01, 0x00, 0x00, 0x01, 0x01, 0x00, 0x00, 0x02, 0x01, 0x00, 0x00,
    0x10, 0x40, 0x00, 0x00, 0xb0, 0x16, 0x02, 0x00, 0x21, 0x01, 0x00, 0x00,
    0x20, 0x01, 0x00, 0x00, 0x20, 0x40, 0x00, 0x00, 0x20, 0x0d, 0x00, 0x00,
    0x21, 0x40, 0x00, 0x00, 0x00, 0x01, 0x00, 0x00, 0x22, 0x40, 0x00, 0x00,
    0xa0, 0x0c, 0x00, 0x00, 0x2f, 0x01, 0x01, 0x00, 0x02, 0x00, 0x00, 0x00,
    0x00, 0x40, 0x00, 0x00, 0xf0, 0x4c, 0x02, 0x00, 0x10, 0x40, 0x00, 0x00,
    0x50, 0x1a, 0x02, 0x00, 0x2f, 0x01, 0x03, 0x00, 0x02, 0x00, 0x00, 0x00,
    0x00, 0x40, 0x00, 0x00, 0x90, 0x04, 0x02, 0x00, 0x0b, 0x01, 0x02, 0x00,
    0x0c, 0x01, 0x02, 0x00, 0x01, 0x01, 0x03, 0x00, 0x02, 0x01, 0x03, 0x00,
    0x10, 0x40, 0x00, 0x00, 0x50, 0x49, 0x02, 0x00, 0x21, 0x01, 0x02, 0x00,
    0x20, 0x01, 0x06, 0x00, 0x20, 0x40, 0x00, 0x00, 0x60, 0x0b, 0x00, 0x00,
    0x21, 0x40, 0x00, 0x00, 0x40, 0x01, 0x00, 0x00, 0x22, 0x40, 0x00, 0x00,
    0xe0, 0x0a, 0x00, 0x00, 0x03, 0x00, 0x00, 0x00, 0x00, 0x40, 0x00, 0x00,
    0xb0, 0xa2, 0x01, 0x00, 0x02, 0x40, 0x00, 0x00, 0xb0, 0x85, 0x01, 0x00,
    0x0b, 0x01, 0x01, 0x00, 0x0c, 0x01, 0x01, 0x00, 0x01, 0x01, 0x01, 0x00,
    0x02, 0x01, 0x01, 0x00, 0x10, 0x40, 0x00, 0x00, 0x10, 0x42, 0x02, 0x00,
    0x21, 0x01, 0x04, 0x00, 0x20, 0x01, 0x02, 0x00, 0x20, 0x40, 0x00, 0x00,
    0x80, 0x08, 0x00, 0x00, 0x21, 0x40, 0x00, 0x00, 0xe0, 0x00, 0x00, 0x00,
    0x22, 0x40, 0x00, 0x00, 0x00, 0x08, 0x00, 0x00, 0x0d, 0x01, 0x12, 0x00,
    0x03, 0x00, 0x00, 0x00, 0x00, 0x40, 0x00, 0x00, 0x50, 0xa6, 0x01, 0x00,
    0x0b, 0x01, 0x00, 0x00, 0x0c, 0x01, 0x00, 0x00, 0x10, 0x40, 0x00, 0x00,
    0xb0, 0x45, 0x02, 0x00, 0x03, 0x00, 0x00, 0x00, 0x00, 0x40, 0x00, 0x00,
    0x10, 0x42, 0x02, 0x00, 0x02, 0x40, 0x00, 0x00, 0x00, 0x00, 0x00, 0x00,
    0x01, 0x01, 0x00, 0x00, 0x02, 0x01, 0x00, 0x00, 0x10, 0x40, 0x00, 0x00,
    0xb0, 0xf9, 0x01, 0x00, 0x21, 0x01, 0x00, 0x00, 0x20, 0x01, 0x00, 0x00,
    0x20, 0x40, 0x00, 0x00, 0xe0, 0x09, 0x00, 0x00, 0x21, 0x40, 0x00, 0x00,
    0x00, 0x01, 0x00, 0x00, 0x22, 0x40, 0x00, 0x00, 0x60, 0x09, 0x00, 0x00,
    0x0d, 0x01, 0x0a, 0x00, 0x2f, 0x01, 0x01, 0x00, 0x02, 0x00, 0x00, 0x00,
    0x00, 0x40, 0x00, 0x00, 0xb0, 0x45, 0x02, 0x00, 0x10, 0x40, 0x00, 0x00,
    0x50, 0xfd, 0x01, 0x00, 0x2f, 0x01, 0x03, 0x00, 0x02, 0x00, 0x00, 0x00,
    0x00, 0x40, 0x00, 0x00, 0xd0, 0xee, 0x01, 0x00, 0x0b, 0x01, 0x02, 0x00,
    0x0c, 0x01, 0x02, 0x00, 0x01, 0x01, 0x04, 0x00, 0x02, 0x01, 0x04, 0x00,
    0x10, 0x40, 0x00, 0x00, 0xd0, 0x3a, 0x02, 0x00, 0x21, 0x01, 0x02, 0x00,
    0x20, 0x01, 0x08, 0x00, 0x20, 0x40, 0x00, 0x00, 0xf0, 0x04, 0x00, 0x00,
    0x21, 0x40, 0x00, 0x00, 0x90, 0x01, 0x00, 0x00, 0x22, 0x40, 0x00, 0x00,
    0x70, 0x04, 0x00, 0x00, 0x0d, 0x01, 0x12, 0x00, 0x03, 0x00, 0x00, 0x00,
    0x00, 0x40, 0x00, 0x00, 0x70, 0xf2, 0x01, 0x00, 0x02, 0x40, 0x00, 0x00,
    0xf0, 0xe3, 0x01, 0x00, 0x0b, 0x01, 0x01, 0x00, 0x0c, 0x01, 0x01, 0x00,
    0x10, 0x40, 0x00, 0x00, 0x70, 0x3e, 0x02, 0x00, 0x03, 0x00, 0x00, 0x00,
    0x00, 0x40, 0x00, 0x00, 0xd0, 0x3a, 0x02, 0x00, 0x02, 0x40, 0x00, 0x00,
    0x00, 0x00, 0x00, 0x00, 0x0b, 0x01, 0x00, 0x00, 0x0c, 0x01, 0x00, 0x00,
    0x01, 0x01, 0x00, 0x00, 0x02, 0x01, 0x00, 0x00, 0x10, 0x40, 0x00, 0x00,
    0x30, 0x94, 0x01, 0x00, 0x21, 0x01, 0x00, 0x00, 0x20, 0x01, 0x00, 0x00,
    0x20, 0x40, 0x00, 0x00, 0x00, 0x07, 0x00, 0x00, 0x21, 0x40, 0x00, 0x00,
    0x00, 0x01, 0x00, 0x00, 0x22, 0x40, 0x00, 0x00, 0x80, 0x06, 0x00, 0x00,
    0x0d, 0x01, 0x0a, 0x00, 0x2f, 0x01, 0x01, 0x00, 0x02, 0x00, 0x00, 0x00,
    0x00, 0x40, 0x00, 0x00, 0x70, 0x3e, 0x02, 0x00, 0x10, 0x40, 0x00, 0x00,
    0xd0, 0x97, 0x01, 0x00, 0x2f, 0x01, 0x03, 0x00, 0x02, 0x00, 0x00, 0x00,
    0x00, 0x40, 0x00, 0x00, 0x10, 0xf6, 0x01, 0x00, 0x02, 0x40, 0x00, 0x00,
    0xf0, 0xe3, 0x01, 0x00, 0x01, 0x01, 0x04, 0x00, 0x02, 0x01, 0x04, 0x00,
    0x10, 0x40, 0x00, 0x00, 0xd0, 0x3a, 0x02, 0x00, 0x21, 0x01, 0x02, 0x00,
    0x20, 0x01, 0x08, 0x00, 0x20, 0x40, 0x00, 0x00, 0xf0, 0x04, 0x00, 0x00,
    0x21, 0x40, 0x00, 0x00, 0x90, 0x01, 0x00, 0x00, 0x22, 0x40, 0x00, 0x00,
    0x70, 0x04, 0x00, 0x00, 0x0d, 0x01, 0x12, 0x00, 0x03, 0x00, 0x00, 0x00,
    0x00, 0x40, 0x00, 0x00, 0xd0, 0xd1, 0x01, 0x00, 0x02, 0x40, 0x00, 0x00,
    0x00, 0x00, 0x00, 0x00, 0x0b, 0x01, 0x02, 0x00, 0x0c, 0x01, 0x02, 0x00,
    0x01, 0x01, 0x03, 0x00, 0x02, 0x01, 0x03, 0x00, 0x10, 0x40, 0x00, 0x00,
    0x90, 0x33, 0x02, 0x00, 0x20, 0x01, 0x06, 0x00, 0x20, 0x40, 0x00, 0x00,
    0xe0, 0x01, 0x00, 0x00, 0x21, 0x40, 0x00, 0x00, 0x30, 0x01, 0x00, 0x00,
    0x22, 0x40, 0x00, 0x00, 0x60, 0x01, 0x00, 0x00, 0x0d, 0x01, 0x0a, 0x00,
    0x03, 0x00, 0x00, 0x00, 0x00, 0x40, 0x00, 0x00, 0x70, 0xd5, 0x01, 0x00,
    0x10, 0x40, 0x00, 0x00, 0x30, 0x37, 0x02, 0x00, 0x03, 0x00, 0x00, 0x00,
    0x00, 0x40, 0x00, 0x00, 0x90, 0x33, 0x02, 0x00, 0x0b, 0x01, 0x00, 0x00,
    0x0c, 0x01, 0x00, 0x00, 0x01, 0x01, 0x00, 0x00, 0x02, 0x01, 0x00, 0x00,
    0x10, 0x40, 0x00, 0x00, 0x30, 0xeb, 0x01, 0x00, 0x21, 0x01, 0x00, 0x00,
    0x20, 0x01, 0x00, 0x00, 0x20, 0x40, 0x00, 0x00, 0x90, 0x03, 0x00, 0x00,
    0x21, 0x40, 0x00, 0x00, 0xe0, 0x00, 0x00, 0x00, 0x22, 0x40, 0x00, 0x00,
    0x10, 0x03, 0x00, 0x00, 0x2f, 0x01, 0x01, 0x00, 0x02, 0x00, 0x00, 0x00,
    0x00, 0x40, 0x00, 0x00, 0x30, 0x37, 0x02, 0x00, 0x10, 0x40, 0x00, 0x00,
    0xd0, 0xee, 0x01, 0x00, 0x2f, 0x01, 0x03, 0x00, 0x02, 0x00, 0x00, 0x00,
    0x00, 0x40, 0x00, 0x00, 0x10, 0xd9, 0x01, 0x00, 0x0b, 0x01, 0x02, 0x00,
    0x0c, 0x01, 0x02, 0x00, 0x01, 0x01, 0x03, 0x00, 0x02, 0x01, 0x03, 0x00,
    0x10, 0x40, 0x00, 0x00, 0x90, 0x33, 0x02, 0x00, 0x21, 0x01, 0x02, 0x00,
    0x20, 0x01, 0x06, 0x00, 0x20, 0x40, 0x00, 0x00, 0xe0, 0x01, 0x00, 0x00,
    0x21, 0x40, 0x00, 0x00, 0x30, 0x01, 0x00, 0x00, 0x22, 0x40, 0x00, 0x00,
    0x60, 0x01, 0x00, 0x00, 0x03, 0x00, 0x00, 0x00, 0x00, 0x40, 0x00, 0x00,
    0xb0, 0xdc, 0x01, 0x00, 0x0b, 0x01, 0x01, 0x00, 0x0c, 0x01, 0x01, 0x00,
    0x03, 0x01, 0x01, 0x00, 0x10, 0x40, 0x00, 0x00, 0x30, 0x37, 0x02, 0x00,
    0x03, 0x00, 0x00, 0x00, 0x00, 0x40, 0x00, 0x00, 0x90, 0x33, 0x02, 0x00,
    0x0b, 0x01, 0x00, 0x00, 0x0c, 0x01, 0x00, 0x00, 0x01, 0x01, 0x00, 0x00,
    0x03, 0x01, 0x00, 0x00, 0x02, 0x01, 0x00, 0x00, 0x10, 0x40, 0x00, 0x00,
    0x70, 0xf2, 0x01, 0x00, 0x21, 0x01, 0x00, 0x00, 0x20, 0x01, 0x00, 0x00,
    0x20, 0x40, 0x00, 0x00, 0x90, 0x03, 0x00, 0x00, 0x21, 0x40, 0x00, 0x00,
    0xe0, 0x00, 0x00, 0x00, 0x22, 0x40, 0x00, 0x00, 0x10, 0x03, 0x00, 0x00,
    0x2f, 0x01, 0x01, 0x00, 0x02, 0x00, 0x00, 0x00, 0x00, 0x40, 0x00, 0x00,
    0x30, 0x37, 0x02, 0x00, 0x10, 0x40, 0x00, 0x00, 0x10, 0xf6, 0x01, 0x00,
    0x2f, 0x01, 0x03, 0x00, 0x02, 0x00, 0x00, 0x00, 0x00, 0x40, 0x00, 0x00,
    0xf0, 0xe3, 0x01, 0x00, 0x0b, 0x01, 0x02, 0x00, 0x0c, 0x01, 0x02, 0x00,
    0x01, 0x01, 0x04, 0x00, 0x02, 0x01, 0x04, 0x00, 0x10, 0x40, 0x00, 0x00,
    0x70, 0x3e, 0x02, 0x00, 0x21, 0x01, 0x02, 0x00, 0x20, 0x01, 0x08, 0x00,
    0x20, 0x40, 0x00, 0x00, 0xf0, 0x04, 0x00, 0x00, 0x21, 0x40, 0x00, 0x00,
    0x90, 0x01, 0x00, 0x00, 0x22, 0x40, 0x00, 0x00, 0x70, 0x04, 0x00, 0x00,
    0x0d, 0x01, 0x12, 0x00, 0x2f, 0x01, 0x01, 0x00, 0x03, 0x00, 0x00, 0x00,
    0x00, 0x40, 0x00, 0x00, 0xd0, 0x3a, 0x02, 0x00, 0x0b, 0x01, 0x00, 0x00,
    0x0c, 0x01, 0x00, 0x00, 0x01, 0x01, 0x00, 0x00, 0x02, 0x01, 0x00, 0x00,
    0x10, 0x40, 0x00, 0x00, 0x70, 0x9b, 0x01, 0x00, 0x21, 0x01, 0x00, 0x00,
    0x20, 0x01, 0x00, 0x00, 0x20, 0x40, 0x00, 0x00, 0x00, 0x07, 0x00, 0x00,
    0x21, 0x40, 0x00, 0x00, 0x00, 0x01, 0x00, 0x00, 0x22, 0x40, 0x00, 0x00,
    0x80, 0x06, 0x00, 0x00, 0x0d, 0x01, 0x0a, 0x00, 0x02, 0x00, 0x00, 0x00,
    0x00, 0x40, 0x00, 0x00, 0x70, 0x3e, 0x02, 0x00, 0x10, 0x40, 0x00, 0x00,
    0x10, 0x9f, 0x01, 0x00, 0x2f, 0x01, 0x03, 0x00, 0x02, 0x00, 0x00, 0x00,
    0x00, 0x40, 0x00, 0x00, 0x90, 0xe7, 0x01, 0x00, 0x0b, 0x01, 0x02, 0x00,
    0x0c, 0x01, 0x02, 0x00, 0x01, 0x01, 0x04, 0x00, 0x02, 0x01, 0x04, 0x00,
    0x10, 0x40, 0x00, 0x00, 0xd0, 0x3a, 0x02, 0x00, 0x21, 0x01, 0x02, 0x00,
    0x20, 0x01, 0x08, 0x00, 0x20, 0x40, 0x00, 0x00, 0xf0, 0x04, 0x00, 0x00,
    0x21, 0x40, 0x00, 0x00, 0x90, 0x01, 0x00, 0x00, 0x22, 0x40, 0x00, 0x00,
    0x70, 0x04, 0x00, 0x00, 0x0d, 0x01, 0x12, 0x00, 0x03, 0x00, 0x00, 0x00,
    0x00, 0x40, 0x00, 0x00, 0x30, 0xeb, 0x01, 0x00, 0x10, 0x40, 0x00, 0x00,
    0x70, 0x3e, 0x02, 0x00, 0x03, 0x00, 0x00, 0x00, 0x00, 0x40, 0x00, 0x00,
    0xd0, 0x3a, 0x02, 0x00, 0x0b, 0x01, 0x00, 0x00, 0x0c, 0x01, 0x00, 0x00,
    0x01, 0x01, 0x00, 0x00, 0x02, 0x01, 0x00, 0x00, 0x10, 0x40, 0x00, 0x00,
    0xb0, 0xa2, 0x01, 0x00, 0x21, 0x01, 0x00, 0x00, 0x20, 0x01, 0x00, 0x00,
    0x20, 0x40, 0x00, 0x00, 0x00, 0x07, 0x00, 0x00, 0x21, 0x40, 0x00, 0x00,
    0x00, 0x01, 0x00, 0x00, 0x22, 0x40, 0x00, 0x00, 0x80, 0x06, 0x00, 0x00,
    0x0d, 0x01, 0x0a, 0x00, 0x2f, 0x01, 0x01, 0x00, 0x02, 0x00, 0x00, 0x00,
    0x00, 0x40, 0x00, 0x00, 0x70, 0x3e, 0x02, 0x00, 0x10, 0x40, 0x00, 0x00,
    0x50, 0xa6, 0x01, 0x00, 0x2f, 0x01, 0x03, 0x00, 0x02, 0x00, 0x00, 0x00,
    0x00, 0x40, 0x00, 0x00, 0xb0, 0x85, 0x01, 0x00, 0x0b, 0x01, 0x04, 0x00,
    0x0c, 0x01, 0x04, 0x00, 0x01, 0x01, 0x01, 0x00, 0x02, 0x01, 0x01, 0x00,
    0x10, 0x40, 0x00, 0x00, 0x10, 0x42, 0x02, 0x00, 0x21, 0x01, 0x04, 0x00,
    0x20, 0x01, 0x02, 0x00, 0x20, 0x40, 0x00, 0x00, 0x80, 0x08, 0x00, 0x00,
    0x21, 0x40, 0x00, 0x00, 0xe0, 0x00, 0x00, 0x00, 0x22, 0x40, 0x00, 0x00,
    0x00, 0x08, 0x00, 0x00, 0x0d, 0x01, 0x12, 0x00, 0x2f, 0x01, 0x01, 0x00,
    0x03, 0x00, 0x00, 0x00, 0x00, 0x40, 0x00, 0x00, 0x50, 0x89, 0x01, 0x00,
    0x10, 0x40, 0x00, 0x00, 0xb0, 0x45, 0x02, 0x00, 0x2f, 0x01, 0x03, 0x00,
    0x03, 0x00, 0x00, 0x00, 0x00, 0x40, 0x00, 0x00, 0x10, 0x42, 0x02, 0x00,
    0x0b, 0x01, 0x00, 0x00, 0x0c, 0x01, 0x00, 0x00, 0x01, 0x01, 0x00, 0x00,
    0x02, 0x01, 0x00, 0x00, 0x10, 0x40, 0x00, 0x00, 0xf0, 0x00, 0x02, 0x00,
    0x21, 0x01, 0x00, 0x00, 0x20, 0x01, 0x00, 0x00, 0x20, 0x40, 0x00, 0x00,
    0xe0, 0x09, 0x00, 0x00, 0x21, 0x40, 0x00, 0x00, 0x00, 0x01, 0x00, 0x00,
    0x22, 0x40, 0x00, 0x00, 0x60, 0x09, 0x00, 0x00, 0x0d, 0x01, 0x0a, 0x00,
    0x2f, 0x01, 0x01, 0x00, 0x02, 0x00, 0x00, 0x00, 0x00, 0x40, 0x00, 0x00,
    0xb0, 0x45, 0x02, 0x00, 0x10, 0x40, 0x00, 0x00, 0x90, 0x04, 0x02, 0x00,
    0x2f, 0x01, 0x03, 0x00, 0x02, 0x00, 0x00, 0x00, 0x00, 0x40, 0x00, 0x00,
    0x30, 0x08, 0x02, 0x00, 0x02, 0x40, 0x00, 0x00, 0xb0, 0xf9, 0x01, 0x00,
    0x0b, 0x01, 0x01, 0x00, 0x0c, 0x01, 0x01, 0x00, 0x01, 0x01, 0x03, 0x00,
    0x02, 0x01, 0x03, 0x00, 0x10, 0x40, 0x00, 0x00, 0xf0, 0x4c, 0x02, 0x00,
    0x21, 0x01, 0x02, 0x00, 0x20, 0x01, 0x06, 0x00, 0x20, 0x40, 0x00, 0x00,
    0x60, 0x0b, 0x00, 0x00, 0x21, 0x40, 0x00, 0x00, 0x40, 0x01, 0x00, 0x00,
    0x22, 0x40, 0x00, 0x00, 0xe0, 0x0a, 0x00, 0x00, 0x2f, 0x01, 0x01, 0x00,
    0x03, 0x00, 0x00, 0x00, 0x00, 0x40, 0x00, 0x00, 0x50, 0x49, 0x02, 0x00,
    0x02, 0x40, 0x00, 0x00, 0x00, 0x00, 0x00, 0x00, 0x0b, 0x01, 0x00, 0x00,
    0x0c, 0x01, 0x00, 0x00, 0x01, 0x01, 0x00, 0x00, 0x02, 0x01, 0x00, 0x00,
    0x10, 0x40, 0x00, 0x00, 0xf0, 0x1d, 0x02, 0x00, 0x21, 0x01, 0x00, 0x00,
    0x20, 0x01, 0x00, 0x00, 0x20, 0x40, 0x00, 0x00, 0x20, 0x0d, 0x00, 0x00,
    0x21, 0x40, 0x00, 0x00, 0x00, 0x01, 0x00, 0x00, 0x22, 0x40, 0x00, 0x00,
    0xa0, 0x0c, 0x00, 0x00, 0x02, 0x00, 0x00, 0x00, 0x00, 0x40, 0x00, 0x00,
    0xf0, 0x4c, 0x02, 0x00, 0x10, 0x40, 0x00, 0x00, 0x90, 0x21, 0x02, 0x00,
    0x2f, 0x01, 0x03, 0x00, 0x02, 0x00, 0x00, 0x00, 0x00, 0x40, 0x00, 0x00,
    0x70, 0x0f, 0x02, 0x00, 0x0b, 0x01, 0x02, 0x00, 0x0c, 0x01, 0x02, 0x00,
    0x01, 0x01, 0x04, 0x00, 0x02, 0x01, 0x04, 0x00, 0x10, 0x40, 0x00, 0x00,
    0x30, 0x54, 0x02, 0x00, 0x21, 0x01, 0x02, 0x00, 0x20, 0x01, 0x08, 0x00,
    0x20, 0x40, 0x00, 0x00, 0xa0, 0x0e, 0x00, 0x00, 0x21, 0x40, 0x00, 0x00,
    0x80, 0x01, 0x00, 0x00, 0x22, 0x40, 0x00, 0x00, 0x20, 0x0e, 0x00, 0x00,
    0x0d, 0x01, 0x12, 0x00, 0x2f, 0x01, 0x01, 0x00, 0x03, 0x00, 0x00, 0x00,
    0x00, 0x40, 0x00, 0x00, 0x90, 0x50, 0x02, 0x00, 0x0b, 0x01, 0x00, 0x00,
    0x0c, 0x01, 0x00, 0x00, 0x01, 0x01, 0x00, 0x00, 0x02, 0x01, 0x00, 0x00,
    0x10, 0x40, 0x00, 0x00, 0x70, 0xb8, 0x01, 0x00, 0x21, 0x01, 0x00, 0x00,
    0x20, 0x01, 0x00, 0x00, 0x20, 0x40, 0x00, 0x00, 0xa0, 0x10, 0x00, 0x00,
    0x21, 0x40, 0x00, 0x00, 0xf0, 0x00, 0x00, 0x00, 0x22, 0x40, 0x00, 0x00,
    0x20, 0x10, 0x00, 0x00, 0x0d, 0x01, 0x0a, 0x00, 0x02, 0x00, 0x00, 0x00,
    0x00, 0x40, 0x00, 0x00, 0x30, 0x54, 0x02, 0x00, 0x10, 0x40, 0x00, 0x00,
    0x10, 0xbc, 0x01, 0x00, 0x2f, 0x01, 0x03, 0x00, 0x02, 0x00, 0x00, 0x00,
    0x00, 0x40, 0x00, 0x00, 0x10, 0x13, 0x02, 0x00, 0x0b, 0x01, 0x02, 0x00,
    0x0c, 0x01, 0x02, 0x00, 0x01, 0x01, 0x04, 0x00, 0x02, 0x01, 0x04, 0x00,
    0x10, 0x40, 0x00, 0x00, 0x90, 0x50, 0x02, 0x00, 0x21, 0x01, 0x02, 0x00,
    0x20, 0x01, 0x08, 0x00, 0x20, 0x40, 0x00, 0x00, 0xa0, 0x0e, 0x00, 0x00,
    0x21, 0x40, 0x00, 0x00, 0x80, 0x01, 0x00, 0x00, 0x22, 0x40, 0x00, 0x00,
    0x20, 0x0e, 0x00, 0x00, 0x0d, 0x01, 0x12, 0x00, 0x03, 0x00, 0x00, 0x00,
    0x00, 0x40, 0x00, 0x00, 0xb0, 0x16, 0x02, 0x00, 0x10, 0x40, 0x00, 0x00,
    0x30, 0x54, 0x02, 0x00, 0x03, 0x00, 0x00, 0x00, 0x00, 0x40, 0x00, 0x00,
    0x90, 0x50, 0x02, 0x00, 0x0b, 0x01, 0x00, 0x00, 0x0c, 0x01, 0x00, 0x00,
    0x01, 0x01, 0x00, 0x00, 0x02, 0x01, 0x00, 0x00, 0x10, 0x40, 0x00, 0x00,
    0xb0, 0xbf, 0x01, 0x00, 0x21, 0x01, 0x00, 0x00, 0x20, 0x01, 0x00, 0x00,
    0x20, 0x40, 0x00, 0x00, 0xa0, 0x10, 0x00, 0x00, 0x21, 0x40, 0x00, 0x00,
    0xf0, 0x00, 0x00, 0x00, 0x22, 0x40, 0x00, 0x00, 0x20, 0x10, 0x00, 0x00,
    0x0d, 0x01, 0x0a, 0x00, 0x2f, 0x01, 0x01, 0x00, 0x02, 0x00, 0x00, 0x00,
    0x00, 0x40, 0x00, 0x00, 0x30, 0x54, 0x02, 0x00, 0x10, 0x40, 0x00, 0x00,
    0x50, 0xc3, 0x01, 0x00, 0x2f, 0x01, 0x03, 0x00, 0x02, 0x00, 0x00, 0x00,
    0x00, 0x40, 0x00, 0x00, 0xf0, 0xc6, 0x01, 0x00, 0x02, 0x40, 0x00, 0x00,
    0xf0, 0xa9, 0x01, 0x00, 0x0b, 0x01, 0x01, 0x00, 0x0c, 0x01, 0x01, 0x00,
    0x01, 0x01, 0x01, 0x00, 0x02, 0x01, 0x01, 0x00, 0x10, 0x40, 0x00, 0x00,
    0xd0, 0x57, 0x02, 0x00, 0x21, 0x01, 0x04, 0x00, 0x20, 0x01, 0x02, 0x00,
    0x20, 0x40, 0x00, 0x00, 0x10, 0x12, 0x00, 0x00, 0x21, 0x40, 0x00, 0x00,
    0xe0, 0x00, 0x00, 0x00, 0x22, 0x40, 0x00, 0x00, 0x90, 0x11, 0x00, 0x00,
    0x0d, 0x01, 0x12, 0x00, 0x2f, 0x01, 0x01, 0x00, 0x03, 0x00, 0x00, 0x00,
    0x00, 0x40, 0x00, 0x00, 0x90, 0xca, 0x01, 0x00, 0x0b, 0x01, 0x00, 0x00,
    0x0c, 0x01, 0x00, 0x00, 0x10, 0x40, 0x00, 0x00, 0x70, 0x5b, 0x02, 0x00,
    0x2f, 0x01, 0x03, 0x00, 0x03, 0x00, 0x00, 0x00, 0x00, 0x40, 0x00, 0x00,
    0xd0, 0x57, 0x02, 0x00, 0x02, 0x40, 0x00, 0x00, 0x00, 0x00, 0x00, 0x00,
    0x01, 0x01, 0x00, 0x00, 0x02, 0x01, 0x00, 0x00, 0x10, 0x40, 0x00, 0x00,
    0x10, 0x5f, 0x02, 0x00, 0x21, 0x01, 0x00, 0x00, 0x20, 0x01, 0x00, 0x00,
    0x20, 0x40, 0x00, 0x00, 0x70, 0x13, 0x00, 0x00, 0x21, 0x40, 0x00, 0x00,
    0x00, 0x01, 0x00, 0x00, 0x22, 0x40, 0x00, 0x00, 0xf0, 0x12, 0x00, 0x00,
    0x0d, 0x01, 0x0a, 0x00, 0x2f, 0x01, 0x01, 0x00, 0x02, 0x00, 0x00, 0x00,
    0x00, 0x40, 0x00, 0x00, 0x70, 0x5b, 0x02, 0x00, 0x10, 0x40, 0x00, 0x00,
    0xb0, 0x62, 0x02, 0x00, 0x2f, 0x01, 0x03, 0x00, 0x02, 0x00, 0x00, 0x00,
    0x00, 0x40, 0x00, 0x00, 0x10, 0x5f, 0x02, 0x00, 0x10, 0x40, 0x00, 0x00,
    0x20, 0x12, 0x00, 0x00, 0x13, 0x01, 0x00, 0x00, 0x15, 0x40, 0x00, 0x00,
    0x3a, 0x00, 0x00, 0x00, 0x14, 0x40, 0x00, 0x00, 0x01, 0x00, 0x00, 0x00,
    0x16, 0x40, 0x00, 0x00, 0x01, 0x00, 0x00, 0x00, 0x18, 0x01, 0x75, 0x00,
    0x14, 0x01, 0x01, 0x00, 0x20, 0x40, 0x00, 0x00, 0x80, 0x14, 0x00, 0x00,
    0x21, 0x40, 0x00, 0x00, 0x40, 0x00, 0x00, 0x00, 0x22, 0x40, 0x00, 0x00,
    0x70, 0x14, 0x00, 0x00, 0x23, 0x40, 0x00, 0x00, 0x10, 0x00, 0x00, 0x00,
    0x17, 0x01, 0x07, 0x00, 0x2f, 0x01, 0x01, 0x00, 0x02, 0x00, 0x00, 0x00,
    0x00, 0x40, 0x00, 0x00, 0xb0, 0x62, 0x02, 0x00, 0x10, 0x40, 0x00, 0x00,
    0x5a, 0x12, 0x00, 0x00, 0x2f, 0x01, 0x03, 0x00, 0x02, 0x00, 0x00, 0x00,
    0x00, 0x40, 0x00, 0x00, 0xf0, 0xa9, 0x01, 0x00, 0x0b, 0x01, 0x04, 0x00,
    0x0c, 0x01, 0x04, 0x00, 0x01, 0x01, 0x01, 0x00, 0x02, 0x01, 0x01, 0x00,
    0x10, 0x40, 0x00, 0x00, 0xd0, 0x57, 0x02, 0x00, 0x13, 0x01, 0x0b, 0x00,
    0x15, 0x40, 0x00, 0x00, 0xa0, 0x03, 0x00, 0x00, 0x14, 0x40, 0x00, 0x00,
    0x10, 0x00, 0x00, 0x00, 0x16, 0x40, 0x00, 0x00, 0xa0, 0x03, 0x00, 0x00,
    0x18, 0x01, 0x80, 0xff, 0x14, 0x01, 0x41, 0x00, 0x21, 0x01, 0x04, 0x00,
    0x20, 0x01, 0x02, 0x00, 0x20, 0x40, 0x00, 0x00, 0x10, 0x12, 0x00, 0x00,
    0x21, 0x40, 0x00, 0x00, 0xe0, 0x00, 0x00, 0x00, 0x22, 0x40, 0x00, 0x00,
    0x90, 0x11, 0x00, 0x00, 0x23, 0x40, 0x00, 0x00, 0x80, 0x00, 0x00, 0x00,
    0x17, 0x01, 0x0f, 0x00, 0x0d, 0x01, 0x12, 0x00, 0x03, 0x00, 0x00, 0x00,
    0x00, 0x40, 0x00, 0x00, 0x90, 0xad, 0x01, 0x00, 0x10, 0x40, 0x00, 0x00,
    0x70, 0x5b, 0x02, 0x00, 0x03, 0x00, 0x00, 0x00, 0x00, 0x40, 0x00, 0x00,
    0xd0, 0x57, 0x02, 0x00, 0x0b, 0x01, 0x00, 0x00, 0x0c, 0x01, 0x00, 0x00,
    0x01, 0x01, 0x00, 0x00, 0x02, 0x01, 0x00, 0x00, 0x10, 0x40, 0x00, 0x00,
    0x10, 0x5f, 0x02, 0x00, 0x21, 0x01, 0x00, 0x00, 0x20, 0x01, 0x00, 0x00,
    0x20, 0x40, 0x00, 0x00, 0x70, 0x13, 0x00, 0x00, 0x21, 0x40, 0x00, 0x00,
    0x00, 0x01, 0x00, 0x00, 0x22, 0x40, 0x00, 0x00, 0xf0, 0x12, 0x00, 0x00,
    0x0d, 0x01, 0x0a, 0x00, 0x2f, 0x01, 0x01, 0x00, 0x02, 0x00, 0x00, 0x00,
    0x00, 0x40, 0x00, 0x00, 0x70, 0x5b, 0x02, 0x00, 0x10, 0x40, 0x00, 0x00,
    0xb0, 0x62, 0x02, 0x00, 0x2f, 0x01, 0x03, 0x00, 0x02, 0x00, 0x00, 0x00,
    0x00, 0x40, 0x00, 0x00, 0x10, 0x5f, 0x02, 0x00, 0x10, 0x40, 0x00, 0x00,
    0x94, 0x12, 0x00, 0x00, 0x13, 0x01, 0x00, 0x00, 0x15, 0x40, 0x00, 0x00,
    0x3a, 0x00, 0x00, 0x00, 0x14, 0x40, 0x00, 0x00, 0x01, 0x00, 0x00, 0x00,
    0x16, 0x40, 0x00, 0x00, 0x01, 0x00, 0x00, 0x00, 0x18, 0x01, 0x75, 0x00,
    0x14, 0x01, 0x01, 0x00, 0x20, 0x40, 0x00, 0x00, 0x80, 0x14, 0x00, 0x00,
    0x21, 0x40, 0x00, 0x00, 0x40, 0x00, 0x00, 0x00, 0x22, 0x40, 0x00, 0x00,
    0x70, 0x14, 0x00, 0x00, 0x23, 0x40, 0x00, 0x00, 0x10, 0x00, 0x00, 0x00,
    0x17, 0x01, 0x07, 0x00, 0x2f, 0x01, 0x01, 0x00, 0x02, 0x00, 0x00, 0x00,
    0x00, 0x40, 0x00, 0x00, 0xb0, 0x62, 0x02, 0x00, 0x10, 0x40, 0x00, 0x00,
    0xce, 0x12, 0x00, 0x00, 0x2f, 0x01, 0x03, 0x00, 0x02, 0x00, 0x00, 0x00,
    0x00, 0x40, 0x00, 0x00, 0x30, 0xb1, 0x01, 0x00, 0x0b, 0x01, 0x04, 0x00,
    0x0c, 0x01, 0x04, 0x00, 0x01, 0x01, 0x01, 0x00, 0x02, 0x01, 0x01, 0x00,
    0x10, 0x40, 0x00, 0x00, 0xd0, 0x57, 0x02, 0x00, 0x13, 0x01, 0x0b, 0x00,
    0x15, 0x40, 0x00, 0x00, 0xa0, 0x03, 0x00, 0x00, 0x14, 0x40, 0x00, 0x00,
    0x10, 0x00, 0x00, 0x00, 0x16, 0x40, 0x00, 0x00, 0xa0, 0x03, 0x00, 0x00,
    0x18, 0x01, 0x80, 0xff, 0x14, 0x01, 0x41, 0x00, 0x21, 0x01, 0x04, 0x00,
    0x20, 0x01, 0x02, 0x00, 0x20, 0x40, 0x00, 0x00, 0x10, 0x12, 0x00, 0x00,
    0x21, 0x40, 0x00, 0x00, 0xe0, 0x00, 0x00, 0x00, 0x22, 0x40, 0x00, 0x00,
    0x90, 0x11, 0x00, 0x00, 0x23, 0x40, 0x00, 0x00, 0x80, 0x00, 0x00, 0x00,
    0x17, 0x01, 0x0f, 0x00, 0x0d, 0x01, 0x12, 0x00, 0x03, 0x00, 0x00, 0x00,
    0x00, 0x40, 0x00, 0x00, 0xd0, 0xb4, 0x01, 0x00, 0x10, 0x40, 0x00, 0x00,
    0x70, 0x5b, 0x02, 0x00, 0x03, 0x00, 0x00, 0x00, 0x00, 0x40, 0x00, 0x00,
    0xd0, 0x57, 0x02, 0x00, 0x0b, 0x01, 0x00, 0x00, 0x0c, 0x01, 0x00, 0x00,
    0x01, 0x01, 0x00, 0x00, 0x02, 0x01, 0x00, 0x00, 0x10, 0x40, 0x00, 0x00,
    0x10, 0x5f, 0x02, 0x00, 0x21, 0x01, 0x00, 0x00, 0x20, 0x01, 0x00, 0x00,
    0x20, 0x40, 0x00, 0x00, 0x70, 0x13, 0x00, 0x00, 0x21, 0x40, 0x00, 0x00,
    0x00, 0x01, 0x00, 0x00, 0x22, 0x40, 0x00, 0x00, 0xf0, 0x12, 0x00, 0x00,
    0x0d, 0x01, 0x0a, 0x00, 0x2f, 0x01, 0x01, 0x00, 0x02, 0x00, 0x00, 0x00,
    0x00, 0x40, 0x00, 0x00, 0x70, 0x5b, 0x02, 0x00, 0x10, 0x40, 0x00, 0x00,
    0xb0, 0x62, 0x02, 0x00, 0x2f, 0x01, 0x03, 0x00, 0x02, 0x00, 0x00, 0x00,
    0x00, 0x40, 0x00, 0x00, 0x10, 0x5f, 0x02, 0x00, 0x10, 0x40, 0x00, 0x00,
    0x08, 0x13, 0x00, 0x00, 0x13, 0x01, 0x00, 0x00, 0x15, 0x40, 0x00, 0x00,
    0x3a, 0x00, 0x00, 0x00, 0x14, 0x40, 0x00, 0x00, 0x01, 0x00, 0x00, 0x00,
    0x16, 0x40, 0x00, 0x00, 0x01, 0x00, 0x00, 0x00, 0x18, 0x01, 0x75, 0x00,
    0x14, 0x01, 0x01, 0x00, 0x20, 0x40, 0x00, 0x00, 0x80, 0x14, 0x00, 0x00,
    0x21, 0x40, 0x00, 0x00, 0x40, 0x00, 0x00, 0x00, 0x22, 0x40, 0x00, 0x00,
    0x70, 0x14, 0x00, 0x00, 0x23, 0x40, 0x00, 0x00, 0x10, 0x00, 0x00, 0x00,
    0x17, 0x01, 0x07, 0x00, 0x2f, 0x01, 0x01, 0x00, 0x02, 0x00, 0x00, 0x00,
    0x00, 0x40, 0x00, 0x00, 0xb0, 0x62, 0x02, 0x00, 0x10, 0x40, 0x00, 0x00,
    0x42, 0x13, 0x00, 0x00, 0x2f, 0x01, 0x03, 0x00, 0x02, 0x00, 0x00, 0x00,
    0x00, 0x40, 0x00, 0x00, 0x50, 0x1a, 0x02, 0x00, 0x0b, 0x01, 0x02, 0x00,
    0x0c, 0x01, 0x02, 0x00, 0x01, 0x01, 0x04, 0x00, 0x02, 0x01, 0x04, 0x00,
    0x10, 0x40, 0x00, 0x00, 0x90, 0x50, 0x02, 0x00, 0x13, 0x01, 0x0b, 0x00,
    0x15, 0x40, 0x00, 0x00, 0xa0, 0x03, 0x00, 0x00, 0x14, 0x40, 0x00, 0x00,
    0x10, 0x00, 0x00, 0x00, 0x16, 0x40, 0x00, 0x00, 0xa0, 0x03, 0x00, 0x00,
    0x18, 0x01, 0x80, 0xff, 0x14, 0x01, 0x41, 0x00, 0x21, 0x01, 0x02, 0x00,
    0x20, 0x01, 0x08, 0x00, 0x20, 0x40, 0x00, 0x00, 0xa0, 0x0e, 0x00, 0x00,
    0x21, 0x40, 0x00, 0x00, 0x80, 0x01, 0x00, 0x00, 0x22, 0x40, 0x00, 0x00,
    0x20, 0x0e, 0x00, 0x00, 0x23, 0x40, 0x00, 0x00, 0x80, 0x00, 0x00, 0x00,
    0x17, 0x01, 0x0f, 0x00, 0x0d, 0x01, 0x12, 0x00, 0x03, 0x00, 0x00, 0x00,
    0x00, 0x40, 0x00, 0x00, 0xd0, 0x0b, 0x02, 0x00, 0x02, 0x40, 0x00, 0x00,
    0xb0, 0xf9, 0x01, 0x00, 0x0b, 0x01, 0x00, 0x00, 0x0c, 0x01, 0x00, 0x00,
    0x01, 0x01, 0x03, 0x00, 0x02, 0x01, 0x03, 0x00, 0x10, 0x40, 0x00, 0x00,
    0x50, 0x49, 0x02, 0x00, 0x20, 0x01, 0x06, 0x00, 0x20, 0x40, 0x00, 0x00,
    0x60, 0x0b, 0x00, 0x00, 0x21, 0x40, 0x00, 0x00, 0x40, 0x01, 0x00, 0x00,
    0x22, 0x40, 0x00, 0x00, 0xe0, 0x0a, 0x00, 0x00, 0x0d, 0x01, 0x0a, 0x00,
    0x03, 0x00, 0x00, 0x00, 0x00, 0x40, 0x00, 0x00, 0xb0, 0xf9, 0x01, 0x00,
    0x02, 0x40, 0x00, 0x00, 0x00, 0x00, 0x00, 0x00, 0x0b, 0x01, 0x02, 0x00,
    0x0c, 0x01, 0x02, 0x00, 0x10, 0x40, 0x00, 0x00, 0xf0, 0x4c, 0x02, 0x00,
    0x03, 0x00, 0x00, 0x00, 0x00, 0x40, 0x00, 0x00, 0x50, 0x49, 0x02, 0x00,
    0x0b, 0x01, 0x00, 0x00, 0x0c, 0x01, 0x00, 0x00, 0x01, 0x01, 0x00, 0x00,
    0x02, 0x01, 0x00, 0x00, 0x10, 0x40, 0x00, 0x00, 0x70, 0x0f, 0x02, 0x00,
    0x21, 0x01, 0x00, 0x00, 0x20, 0x01, 0x00, 0x00, 0x20, 0x40, 0x00, 0x00,
    0x20, 0x0d, 0x00, 0x00, 0x21, 0x40, 0x00, 0x00, 0x00, 0x01, 0x00, 0x00,
    0x22, 0x40, 0x00, 0x00, 0xa0, 0x0c, 0x00, 0x00, 0x2f, 0x01, 0x01, 0x00,
    0x02, 0x00, 0x00, 0x00, 0x00, 0x40, 0x00, 0x00, 0xf0, 0x4c, 0x02, 0x00,
    0x10, 0x40, 0x00, 0x00, 0x10, 0x13, 0x02, 0x00, 0x2f, 0x01, 0x03, 0x00,
    0x02, 0x00, 0x00, 0x00, 0x00, 0x40, 0x00, 0x00, 0x50, 0xfd, 0x01, 0x00,
    0x0b, 0x01, 0x02, 0x00, 0x0c, 0x01, 0x02, 0x00, 0x01, 0x01, 0x03, 0x00,
    0x02, 0x01, 0x03, 0x00, 0x10, 0x40, 0x00, 0x00, 0x50, 0x49, 0x02, 0x00,
    0x21, 0x01, 0x02, 0x00, 0x20, 0x01, 0x06, 0x00, 0x20, 0x40, 0x00, 0x00,
    0x60, 0x0b, 0x00, 0x00, 0x21, 0x40, 0x00, 0x00, 0x40, 0x01, 0x00, 0x00,
    0x22, 0x40, 0x00, 0x00, 0xe0, 0x0a, 0x00, 0x00, 0x03, 0x00, 0x00, 0x00,
    0x00, 0x40, 0x00, 0x00, 0xf0, 0x8c, 0x01, 0x00, 0x0b, 0x01, 0x04, 0x00,
    0x0c, 0x01, 0x04, 0x00, 0x01, 0x01, 0x01, 0x00, 0x02, 0x01, 0x01, 0x00,
    0x10, 0x40, 0x00, 0x00, 0x10, 0x42, 0x02, 0x00, 0x21, 0x01, 0x04, 0x00,
    0x20, 0x01, 0x02, 0x00, 0x20, 0x40, 0x00, 0x00, 0x80, 0x08, 0x00, 0x00,
    0x21, 0x40, 0x00, 0x00, 0xe0, 0x00, 0x00, 0x00, 0x22, 0x40, 0x00, 0x00,
    0x00, 0x08, 0x00, 0x00, 0x0d, 0x01, 0x12, 0x00, 0x03, 0x00, 0x00, 0x00,
    0x00, 0x40, 0x00, 0x00, 0x90, 0x90, 0x01, 0x00, 0x10, 0x40, 0x00, 0x00,
    0xb0, 0x45, 0x02, 0x00, 0x03, 0x00, 0x00, 0x00, 0x00, 0x40, 0x00, 0x00,
    0x10, 0x42, 0x02, 0x00, 0x0b, 0x01, 0x00, 0x00, 0x0c, 0x01, 0x00, 0x00,
    0x01, 0x01, 0x00, 0x00, 0x02, 0x01, 0x00, 0x00, 0x10, 0x40, 0x00, 0x00,
    0x30, 0x08, 0x02, 0x00, 0x21, 0x01, 0x00, 0x00, 0x20, 0x01, 0x00, 0x00,
    0x20, 0x40, 0x00, 0x00, 0xe0, 0x09, 0x00, 0x00, 0x21, 0x40, 0x00, 0x00,
    0x00, 0x01, 0x00, 0x00, 0x22, 0x40, 0x00, 0x00, 0x60, 0x09, 0x00, 0x00,
    0x0d, 0x01, 0x0a, 0x00, 0x2f, 0x01, 0x01, 0x00, 0x02, 0x00, 0x00, 0x00,
    0x00, 0x40, 0x00, 0x00, 0xb0, 0x45, 0x02, 0x00, 0x10, 0x40, 0x00, 0x00,
    0xd0, 0x0b, 0x02, 0x00, 0x2f, 0x01, 0x03, 0x00, 0x02, 0x00, 0x00, 0x00,
    0x00, 0x40, 0x00, 0x00, 0x30, 0x94, 0x01, 0x00, 0x0b, 0x01, 0x04, 0x00,
    0x0c, 0x01, 0x04, 0x00, 0x01, 0x01, 0x01, 0x00, 0x02, 0x01, 0x01, 0x00,
    0x10, 0x40, 0x00, 0x00, 0x10, 0x42, 0x02, 0x00, 0x21, 0x01, 0x04, 0x00,
    0x20, 0x01, 0x02, 0x00, 0x20, 0x40, 0x00, 0x00, 0x80, 0x08, 0x00, 0x00,
    0x21, 0x40, 0x00, 0x00, 0xe0, 0x00, 0x00, 0x00, 0x22, 0x40, 0x00, 0x00,
    0x00, 0x08, 0x00, 0x00, 0x0d, 0x01, 0x12, 0x00, 0x03, 0x00, 0x00, 0x00,
    0x00, 0x40, 0x00, 0x00, 0xd0, 0x97, 0x01, 0x00, 0x10, 0x40, 0x00, 0x00,
    0xb0, 0x45, 0x02, 0x00, 0x03, 0x00, 0x00, 0x00, 0x00, 0x40, 0x00, 0x00,
    0x10, 0x42, 0x02, 0x00, 0x0b, 0x01, 0x00, 0x00, 0x0c, 0x01, 0x00, 0x00,
    0x01, 0x01, 0x00, 0x00, 0x02, 0x01, 0x00, 0x00, 0x10, 0x40, 0x00, 0x00,
    0xb0, 0xf9, 0x01, 0x00, 0x21, 0x01, 0x00, 0x00, 0x20, 0x01, 0x00, 0x00,
    0x20, 0x40, 0x00, 0x00, 0xe0, 0x09, 0x00, 0x00, 0x21, 0x40, 0x00, 0x00,
    0x00, 0x01, 0x00, 0x00, 0x22, 0x40, 0x00, 0x00, 0x60, 0x09, 0x00, 0x00,
    0x0d, 0x01, 0x0a, 0x00, 0x2f, 0x01, 0x01, 0x00, 0x02, 0x00, 0x00, 0x00,
    0x00, 0x40, 0x00, 0x00, 0xb0, 0x45, 0x02, 0x00, 0x10, 0x40, 0x00, 0x00,
    0x50, 0xfd, 0x01, 0x00, 0x2f, 0x01, 0x03, 0x00, 0x02, 0x00, 0x00, 0x00,
    0x00, 0x40, 0x00, 0x00, 0xf0, 0x00, 0x02, 0x00, 0x0b, 0x01, 0x02, 0x00,
    0x0c, 0x01, 0x02, 0x00, 0x01, 0x01, 0x03, 0x00, 0x02, 0x01, 0x03, 0x00,
    0x10, 0x40, 0x00, 0x00, 0xf0, 0x4c, 0x02, 0x00, 0x21, 0x01, 0x02, 0x00,
    0x20, 0x01, 0x06, 0x00, 0x20, 0x40, 0x00, 0x00, 0x60, 0x0b, 0x00, 0x00,
    0x21, 0x40, 0x00, 0x00, 0x40, 0x01, 0x00, 0x00, 0x22, 0x40, 0x00, 0x00,
    0xe0, 0x0a, 0x00, 0x00, 0x2f, 0x01, 0x01, 0x00, 0x03, 0x00, 0x00, 0x00,
    0x00, 0x40, 0x00, 0x00, 0x50, 0x49, 0x02, 0x00, 0x0b, 0x01, 0x00, 0x00,
    0x0c, 0x01, 0x00, 0x00, 0x01, 0x01, 0x00, 0x00, 0x02, 0x01, 0x00, 0x00,
    0x10, 0x40, 0x00, 0x00, 0xb0, 0x16, 0x02, 0x00, 0x21, 0x01, 0x00, 0x00,
    0x20, 0x01, 0x00, 0x00, 0x20, 0x40, 0x00, 0x00, 0x20, 0x0d, 0x00, 0x00,
    0x21, 0x40, 0x00, 0x00, 0x00, 0x01, 0x00, 0x00, 0x22, 0x40, 0x00, 0x00,
    0xa0, 0x0c, 0x00, 0x00, 0x02, 0x00, 0x00, 0x00, 0x00, 0x40, 0x00, 0x00,
    0xf0, 0x4c, 0x02, 0x00, 0x10, 0x40, 0x00, 0x00, 0x50, 0x1a, 0x02, 0x00,
    0x2f, 0x01, 0x03, 0x00, 0x02, 0x00, 0x00, 0x00, 0x00, 0x40, 0x00, 0x00,
    0xf0, 0x1d, 0x02, 0x00, 0x02, 0x40, 0x00, 0x00, 0x70, 0x0f, 0x02, 0x00,
    0x0b, 0x01, 0x01, 0x00, 0x0c, 0x01, 0x01, 0x00, 0x01, 0x01, 0x04, 0x00,
    0x02, 0x01, 0x04, 0x00, 0x10, 0x40, 0x00, 0x00, 0x30, 0x54, 0x02, 0x00,
    0x21, 0x01, 0x02, 0x00, 0x20, 0x01, 0x08, 0x00, 0x20, 0x40, 0x00, 0x00,
    0xa0, 0x0e, 0x00, 0x00, 0x21, 0x40, 0x00, 0x00, 0x80, 0x01, 0x00, 0x00,
    0x22, 0x40, 0x00, 0x00, 0x20, 0x0e, 0x00, 0x00, 0x0d, 0x01, 0x12, 0x00,
    0x2f, 0x01, 0x01, 0x00, 0x03, 0x00, 0x00, 0x00, 0x00, 0x40, 0x00, 0x00,
    0x90, 0x50, 0x02, 0x00, 0x02, 0x40, 0x00, 0x00, 0x00, 0x00, 0x00, 0x00,
    0x0b, 0x01, 0x00, 0x00, 0x0c, 0x01, 0x00, 0x00, 0x01, 0x01, 0x00, 0x00,
    0x02, 0x01, 0x00, 0x00, 0x10, 0x40, 0x00, 0x00, 0xf0, 0xc6, 0x01, 0x00,
    0x21, 0x01, 0x00, 0x00, 0x20, 0x01, 0x00, 0x00, 0x20, 0x40, 0x00, 0x00,
    0xa0, 0x10, 0x00, 0x00, 0x21, 0x40, 0x00, 0x00, 0xf0, 0x00, 0x00, 0x00,
    0x22, 0x40, 0x00, 0x00, 0x20, 0x10, 0x00, 0x00, 0x0d, 0x01, 0x0a, 0x00,
    0x02, 0x00, 0x00, 0x00, 0x00, 0x40, 0x00, 0x00, 0x30, 0x54, 0x02, 0x00,
    0x10, 0x40, 0x00, 0x00, 0x90, 0xca, 0x01, 0x00, 0x2f, 0x01, 0x03, 0x00,
    0x02, 0x00, 0x00, 0x00, 0x00, 0x40, 0x00, 0x00, 0x90, 0x21, 0x02, 0x00,
    0x02, 0x40, 0x00, 0x00, 0x70, 0x0f, 0x02, 0x00, 0x01, 0x01, 0x04, 0x00,
    0x02, 0x01, 0x04, 0x00, 0x10, 0x40, 0x00, 0x00, 0x90, 0x50, 0x02, 0x00,
    0x21, 0x01, 0x02, 0x00, 0x20, 0x01, 0x08, 0x00, 0x20, 0x40, 0x00, 0x00,
    0xa0, 0x0e, 0x00, 0x00, 0x21, 0x40, 0x00, 0x00, 0x80, 0x01, 0x00, 0x00,
    0x22, 0x40, 0x00, 0x00, 0x20, 0x0e, 0x00, 0x00, 0x0d, 0x01, 0x12, 0x00,
    0x03, 0x00, 0x00, 0x00, 0x00, 0x40, 0x00, 0x00, 0x70, 0x0f, 0x02, 0x00,
    0x02, 0x40, 0x00, 0x00, 0x00, 0x00, 0x00, 0x00, 0x0b, 0x01, 0x02, 0x00,
    0x0c, 0x01, 0x02, 0x00, 0x10, 0x40, 0x00, 0x00, 0x30, 0x54, 0x02, 0x00,
    0x03, 0x00, 0x00, 0x00, 0x00, 0x40, 0x00, 0x00, 0x90, 0x50, 0x02, 0x00,
    0x0b, 0x01, 0x00, 0x00, 0x0c, 0x01, 0x00, 0x00, 0x01, 0x01, 0x00, 0x00,
    0x02, 0x01, 0x00, 0x00, 0x10, 0x40, 0x00, 0x00, 0xf0, 0xa9, 0x01, 0x00,
    0x21, 0x01, 0x00, 0x00, 0x20, 0x01, 0x00, 0x00, 0x20, 0x40, 0x00, 0x00,
    0xa0, 0x10, 0x00, 0x00, 0x21, 0x40, 0x00, 0x00, 0xf0, 0x00, 0x00, 0x00,
    0x22, 0x40, 0x00, 0x00, 0x20, 0x10, 0x00, 0x00, 0x0d, 0x01, 0x0a, 0x00,
    0x2f, 0x01, 0x01, 0x00, 0x02, 0x00, 0x00, 0x00, 0x00, 0x40, 0x00, 0x00,
    0x30, 0x54, 0x02, 0x00, 0x10, 0x40, 0x00, 0x00, 0x90, 0xad, 0x01, 0x00,
    0x2f, 0x01, 0x03, 0x00, 0x02, 0x00, 0x00, 0x00, 0x00, 0x40, 0x00, 0x00,
    0x10, 0x13, 0x02, 0x00, 0x0b, 0x01, 0x02, 0x00, 0x0c, 0x01, 0x02, 0x00,
    0x01, 0x01, 0x04, 0x00, 0x02, 0x01, 0x04, 0x00, 0x10, 0x40, 0x00, 0x00,
    0x90, 0x50, 0x02, 0x00, 0x21, 0x01, 0x02, 0x00, 0x20, 0x01, 0x08, 0x00,
    0x20, 0x40, 0x00, 0x00, 0xa0, 0x0e, 0x00, 0x00, 0x21, 0x40, 0x00, 0x00,
    0x80, 0x01, 0x00, 0x00, 0x22, 0x40, 0x00, 0x00, 0x20, 0x0e, 0x00, 0x00,
    0x0d, 0x01, 0x12, 0x00, 0x03, 0x00, 0x00, 0x00, 0x00, 0x40, 0x00, 0x00,
    0x90, 0x04, 0x02, 0x00, 0x01, 0x01, 0x03, 0x00, 0x02, 0x01, 0x03, 0x00,
    0x10, 0x40, 0x00, 0x00, 0x50, 0x49, 0x02, 0x00, 0x20, 0x01, 0x06, 0x00,
    0x20, 0x40, 0x00, 0x00, 0x60, 0x0b, 0x00, 0x00, 0x21, 0x40, 0x00, 0x00,
    0x40, 0x01, 0x00, 0x00, 0x22, 0x40, 0x00, 0x00, 0xe0, 0x0a, 0x00, 0x00,
    0x0d, 0x01, 0x0a, 0x00, 0x03, 0x00, 0x00, 0x00, 0x00, 0x40, 0x00, 0x00,
    0x30, 0x08, 0x02, 0x00, 0x02, 0x40, 0x00, 0x00, 0xb0, 0xf9, 0x01, 0x00,
    0x0b, 0x01, 0x01, 0x00, 0x0c, 0x01, 0x01, 0x00, 0x10, 0x40, 0x00, 0x00,
    0xf0, 0x4c, 0x02, 0x00, 0x03, 0x00, 0x00, 0x00, 0x00, 0x40, 0x00, 0x00,
    0x50, 0x49, 0x02, 0x00, 0x02, 0x40, 0x00, 0x00, 0x00, 0x00, 0x00, 0x00,
    0x0b, 0x01, 0x00, 0x00, 0x0c, 0x01, 0x00, 0x00, 0x01, 0x01, 0x00, 0x00,
    0x02, 0x01, 0x00, 0x00, 0x10, 0x40, 0x00, 0x00, 0xf0, 0x1d, 0x02, 0x00,
    0x21, 0x01, 0x00, 0x00, 0x20, 0x01, 0x00, 0x00, 0x20, 0x40, 0x00, 0x00,
    0x20, 0x0d, 0x00, 0x00, 0x21, 0x40, 0x00, 0x00, 0x00, 0x01, 0x00, 0x00,
    0x22, 0x40, 0x00, 0x00, 0xa0, 0x0c, 0x00, 0x00, 0x2f, 0x01, 0x01, 0x00,
    0x02, 0x00, 0x00, 0x00, 0x00, 0x40, 0x00, 0x00, 0xf0, 0x4c, 0x02, 0x00,
    0x10, 0x40, 0x00, 0x00, 0x90, 0x21, 0x02, 0x00, 0x2f, 0x01, 0x03, 0x00,
    0x02, 0x00, 0x00, 0x00, 0x00, 0x40, 0x00, 0x00, 0xd0, 0x0b, 0x02, 0x00,
    0x02, 0x40, 0x00, 0x00, 0xb0, 0xf9, 0x01, 0x00, 0x01, 0x01, 0x03, 0x00,
    0x02, 0x01, 0x03, 0x00, 0x10, 0x40, 0x00, 0x00, 0x50, 0x49, 0x02, 0x00,
    0x21, 0x01, 0x02, 0x00, 0x20, 0x01, 0x06, 0x00, 0x20, 0x40, 0x00, 0x00,
    0x60, 0x0b, 0x00, 0x00, 0x21, 0x40, 0x00, 0x00, 0x40, 0x01, 0x00, 0x00,
    0x22, 0x40, 0x00, 0x00, 0xe0, 0x0a, 0x00, 0x00, 0x03, 0x00, 0x00, 0x00,
    0x00, 0x40, 0x00, 0x00, 0xd0, 0xee, 0x01, 0x00, 0x02, 0x40, 0x00, 0x00,
    0x00, 0x00, 0x00, 0x00, 0x0b, 0x01, 0x02, 0x00, 0x0c, 0x01, 0x02, 0x00,
    0x01, 0x01, 0x04, 0x00, 0x02, 0x01, 0x04, 0x00, 0x10, 0x40, 0x00, 0x00,
    0xd0, 0x3a, 0x02, 0x00, 0x20, 0x01, 0x08, 0x00, 0x20, 0x40, 0x00, 0x00,
    0xf0, 0x04, 0x00, 0x00, 0x21, 0x40, 0x00, 0x00, 0x90, 0x01, 0x00, 0x00,
    0x22, 0x40, 0x00, 0x00, 0x70, 0x04, 0x00, 0x00, 0x0d, 0x01, 0x12, 0x00,
    0x03, 0x00, 0x00, 0x00, 0x00, 0x40, 0x00, 0x00, 0x70, 0xf2, 0x01, 0x00,
    0x0b, 0x01, 0x01, 0x00, 0x0c, 0x01, 0x01, 0x00, 0x03, 0x01, 0x01, 0x00,
    0x10, 0x40, 0x00, 0x00, 0x70, 0x3e, 0x02, 0x00, 0x03, 0x00, 0x00, 0x00,
    0x00, 0x40, 0x00, 0x00, 0xd0, 0x3a, 0x02, 0x00, 0x0b, 0x01, 0x00, 0x00,
    0x0c, 0x01, 0x00, 0x00, 0x01, 0x01, 0x00, 0x00, 0x03, 0x01, 0x00, 0x00,
    0x02, 0x01, 0x00, 0x00, 0x10, 0x40, 0x00, 0x00, 0xb0, 0x85, 0x01, 0x00,
    0x21, 0x01, 0x00, 0x00, 0x20, 0x01, 0x00, 0x00, 0x20, 0x40, 0x00, 0x00,
    0x00, 0x07, 0x00, 0x00, 0x21, 0x40, 0x00, 0x00, 0x00, 0x01, 0x00, 0x00,
    0x22, 0x40, 0x00, 0x00, 0x80, 0x06, 0x00, 0x00, 0x0d, 0x01, 0x0a, 0x00,
    0x2f, 0x01, 0x01, 0x00, 0x02, 0x00, 0x00, 0x00, 0x00, 0x40, 0x00, 0x00,
    0x70, 0x3e, 0x02, 0x00, 0x10, 0x40, 0x00, 0x00, 0x50, 0x89, 0x01, 0x00,
    0x2f, 0x01, 0x03, 0x00, 0x02, 0x00, 0x00, 0x00, 0x00, 0x40, 0x00, 0x00,
    0x70, 0x9b, 0x01, 0x00, 0x02, 0x40, 0x00, 0x00, 0xb0, 0x85, 0x01, 0x00,
    0x0b, 0x01, 0x03, 0x00, 0x0c, 0x01, 0x03, 0x00, 0x01, 0x01, 0x01, 0x00,
    0x02, 0x01, 0x01, 0x00, 0x10, 0x40, 0x00, 0x00, 0x10, 0x42, 0x02, 0x00,
    0x21, 0x01, 0x04, 0x00, 0x20, 0x01, 0x02, 0x00, 0x20, 0x40, 0x00, 0x00,
    0x80, 0x08, 0x00, 0x00, 0x21, 0x40, 0x00, 0x00, 0xe0, 0x00, 0x00, 0x00,
    0x22, 0x40, 0x00, 0x00, 0x00, 0x08, 0x00, 0x00, 0x0d, 0x01, 0x12, 0x00,
    0x2f, 0x01, 0x01, 0x00, 0x03, 0x00, 0x00, 0x00, 0x00, 0x40, 0x00, 0x00,
    0x10, 0x9f, 0x01, 0x00, 0x0b, 0x01, 0x02, 0x00, 0x0c, 0x01, 0x02, 0x00,
    0x10, 0x40, 0x00, 0x00, 0xb0, 0x45, 0x02, 0x00, 0x2f, 0x01, 0x03, 0x00,
    0x03, 0x00, 0x00, 0x00, 0x00, 0x40, 0x00, 0x00, 0x10, 0x42, 0x02, 0x00,
    0x02, 0x40, 0x00, 0x00, 0x00, 0x00, 0x00, 0x00, 0x0b, 0x01, 0x00, 0x00,
    0x0c, 0x01, 0x00, 0x00, 0x01, 0x01, 0x00, 0x00, 0x02, 0x01, 0x00, 0x00,
    0x10, 0x40, 0x00, 0x00, 0xf0, 0x00, 0x02, 0x00, 0x21, 0x01, 0x00, 0x00,
    0x20, 0x01, 0x00, 0x00, 0x20, 0x40, 0x00, 0x00, 0xe0, 0x09, 0x00, 0x00,
    0x21, 0x40, 0x00, 0x00, 0x00, 0x01, 0x00, 0x00, 0x22, 0x40, 0x00, 0x00,
    0x60, 0x09, 0x00, 0x00, 0x0d, 0x01, 0x0a, 0x00, 0x2f, 0x01, 0x01, 0x00,
    0x02, 0x00, 0x00, 0x00, 0x00, 0x40, 0x00, 0x00, 0xb0, 0x45, 0x02, 0x00,
    0x10, 0x40, 0x00, 0x00, 0x90, 0x04, 0x02, 0x00, 0x2f, 0x01, 0x03, 0x00,
    0x02, 0x00, 0x00, 0x00, 0x00, 0x40, 0x00, 0x00, 0xb0, 0xa2, 0x01, 0x00,
    0x02, 0x40, 0x00, 0x00, 0xb0, 0x85, 0x01, 0x00, 0x0b, 0x01, 0x01, 0x00,
    0x0c, 0x01, 0x01, 0x00, 0x01, 0x01, 0x01, 0x00, 0x03, 0x01, 0x01, 0x00,
    0x02, 0x01, 0x01, 0x00, 0x10, 0x40, 0x00, 0x00, 0x10, 0x42, 0x02, 0x00,
    0x21, 0x01, 0x04, 0x00, 0x20, 0x01, 0x02, 0x00, 0x20, 0x40, 0x00, 0x00,
    0x80, 0x08, 0x00, 0x00, 0x21, 0x40, 0x00, 0x00, 0xe0, 0x00, 0x00, 0x00,
    0x22, 0x40, 0x00, 0x00, 0x00, 0x08, 0x00, 0x00, 0x0d, 0x01, 0x12, 0x00,
    0x03, 0x00, 0x00, 0x00, 0x00, 0x40, 0x00, 0x00, 0x50, 0xa6, 0x01, 0x00,
    0x0b, 0x01, 0x00, 0x00, 0x0c, 0x01, 0x00, 0x00, 0x03, 0x01, 0x02, 0x00,
    0x10, 0x40, 0x00, 0x00, 0xb0, 0x45, 0x02, 0x00, 0x03, 0x00, 0x00, 0x00,
    0x00, 0x40, 0x00, 0x00, 0x10, 0x42, 0x02, 0x00, 0x02, 0x40, 0x00, 0x00,
    0x00, 0x00, 0x00, 0x00, 0x01, 0x01, 0x00, 0x00, 0x03, 0x01, 0x00, 0x00,
    0x02, 0x01, 0x00, 0x00, 0x10, 0x40, 0x00, 0x00, 0x30, 0x08, 0x02, 0x00,
    0x21, 0x01, 0x00, 0x00, 0x20, 0x01, 0x00, 0x00, 0x20, 0x40, 0x00, 0x00,
    0xe0, 0x09, 0x00, 0x00, 0x21, 0x40, 0x00, 0x00, 0x00, 0x01, 0x00, 0x00,
    0x22, 0x40, 0x00, 0x00, 0x60, 0x09, 0x00, 0x00, 0x0d, 0x01, 0x0a, 0x00,
    0x2f, 0x01, 0x01, 0x00, 0x02, 0x00, 0x00, 0x00, 0x00, 0x40, 0x00, 0x00,
    0xb0, 0x45, 0x02, 0x00, 0x10, 0x40, 0x00, 0x00, 0xd0, 0x0b, 0x02, 0x00,
    0x2f, 0x01, 0x03, 0x00, 0x02, 0x00, 0x00, 0x00, 0x00, 0x40, 0x00, 0x00,
    0xb0, 0xf9, 0x01, 0x00, 0x0b, 0x01, 0x02, 0x00, 0x0c, 0x01, 0x02, 0x00,
    0x01, 0x01, 0x03, 0x00, 0x02, 0x01, 0x03, 0x00, 0x10, 0x40, 0x00, 0x00,
    0xf0, 0x4c, 0x02, 0x00, 0x21, 0x01, 0x02, 0x00, 0x20, 0x01, 0x06, 0x00,
    0x20, 0x40, 0x00, 0x00, 0x60, 0x0b, 0x00, 0x00, 0x21, 0x40, 0x00, 0x00,
    0x40, 0x01, 0x00, 0x00, 0x22, 0x40, 0x00, 0x00, 0xe0, 0x0a, 0x00, 0x00,
    0x2f, 0x01, 0x01, 0x00, 0x03, 0x00, 0x00, 0x00, 0x00, 0x40, 0x00, 0x00,
    0x50, 0x49, 0x02, 0x00, 0x0b, 0x01, 0x00, 0x00, 0x0c, 0x01, 0x00, 0x00,
    0x01, 0x01, 0x00, 0x00, 0x02, 0x01, 0x00, 0x00, 0x10, 0x40, 0x00, 0x00,
    0x70, 0x0f, 0x02, 0x00, 0x21, 0x01, 0x00, 0x00, 0x20, 0x01, 0x00, 0x00,
    0x20, 0x40, 0x00, 0x00, 0x20, 0x0d, 0x00, 0x00, 0x21, 0x40, 0x00, 0x00,
    0x00, 0x01, 0x00, 0x00, 0x22, 0x40, 0x00, 0x00, 0xa0, 0x0c, 0x00, 0x00,
    0x02, 0x00, 0x00, 0x00, 0x00, 0x40, 0x00, 0x00, 0xf0, 0x4c, 0x02, 0x00,
    0x10, 0x40, 0x00, 0x00, 0x10, 0x13, 0x02, 0x00, 0x2f, 0x01, 0x03, 0x00,
    0x02, 0x00, 0x00, 0x00, 0x00, 0x40, 0x00, 0x00, 0xb0, 0x16, 0x02, 0x00,
    0x0b, 0x01, 0x02, 0x00, 0x0c, 0x01, 0x02, 0x00, 0x01, 0x01, 0x04, 0x00,
    0x02, 0x01, 0x04, 0x00, 0x10, 0x40, 0x00, 0x00, 0x30, 0x54, 0x02, 0x00,
    0x21, 0x01, 0x02, 0x00, 0x20, 0x01, 0x08, 0x00, 0x20, 0x40, 0x00, 0x00,
    0xa0, 0x0e, 0x00, 0x00, 0x21, 0x40, 0x00, 0x00, 0x80, 0x01, 0x00, 0x00,
    0x22, 0x40, 0x00, 0x00, 0x20, 0x0e, 0x00, 0x00, 0x0d, 0x01, 0x12, 0x00,
    0x2f, 0x01, 0x01, 0x00, 0x03, 0x00, 0x00, 0x00, 0x00, 0x40, 0x00, 0x00,
    0x90, 0x50, 0x02, 0x00, 0x0b, 0x01, 0x00, 0x00, 0x0c, 0x01, 0x00, 0x00,
    0x01, 0x01, 0x00, 0x00, 0x02, 0x01, 0x00, 0x00, 0x10, 0x40, 0x00, 0x00,
    0x30, 0xb1, 0x01, 0x00, 0x21, 0x01, 0x00, 0x00, 0x20, 0x01, 0x00, 0x00,
    0x20, 0x40, 0x00, 0x00, 0xa0, 0x10, 0x00, 0x00, 0x21, 0x40, 0x00, 0x00,
    0xf0, 0x00, 0x00, 0x00, 0x22, 0x40, 0x00, 0x00, 0x20, 0x10, 0x00, 0x00,
    0x0d, 0x01, 0x0a, 0x00, 0x02, 0x00, 0x00, 0x00, 0x00, 0x40, 0x00, 0x00,
    0x30, 0x54, 0x02, 0x00, 0x10, 0x40, 0x00, 0x00, 0xd0, 0xb4, 0x01, 0x00,
    0x2f, 0x01, 0x03, 0x00, 0x02, 0x00, 0x00, 0x00, 0x00, 0x40, 0x00, 0x00,
    0x70, 0xb8, 0x01, 0x00, 0x0b, 0x01, 0x04, 0x00, 0x0c, 0x01, 0x04, 0x00,
    0x01, 0x01, 0x01, 0x00, 0x02, 0x01, 0x01, 0x00, 0x10, 0x40, 0x00, 0x00,
    0xd0, 0x57, 0x02, 0x00, 0x21, 0x01, 0x04, 0x00, 0x20, 0x01, 0x02, 0x00,
    0x20, 0x40, 0x00, 0x00, 0x10, 0x12, 0x00, 0x00, 0x21, 0x40, 0x00, 0x00,
    0xe0, 0x00, 0x00, 0x00, 0x22, 0x40, 0x00, 0x00, 0x90, 0x11, 0x00, 0x00,
    0x0d, 0x01, 0x12, 0x00, 0x2f, 0x01, 0x01, 0x00, 0x03, 0x00, 0x00, 0x00,
    0x00, 0x40, 0x00, 0x00, 0x10, 0xbc, 0x01, 0x00, 0x10, 0x40, 0x00, 0x00,
    0x70, 0x5b, 0x02, 0x00, 0x2f, 0x01, 0x03, 0x00, 0x03, 0x00, 0x00, 0x00,
    0x00, 0x40, 0x00, 0x00, 0xd0, 0x57, 0x02, 0x00, 0x0b, 0x01, 0x00, 0x00,
    0x0c, 0x01, 0x00, 0x00, 0x01, 0x01, 0x00, 0x00, 0x02, 0x01, 0x00, 0x00,
    0x10, 0x40, 0x00, 0x00, 0x10, 0x5f, 0x02, 0x00, 0x21, 0x01, 0x00, 0x00,
    0x20, 0x01, 0x00, 0x00, 0x20, 0x40, 0x00, 0x00, 0x70, 0x13, 0x00, 0x00,
    0x21, 0x40, 0x00, 0x00, 0x00, 0x01, 0x00, 0x00, 0x22, 0x40, 0x00, 0x00,
    0xf0, 0x12, 0x00, 0x00, 0x0d, 0x01, 0x0a, 0x00, 0x2f, 0x01, 0x01, 0x00,
    0x02, 0x00, 0x00, 0x00, 0x00, 0x40, 0x00, 0x00, 0x70, 0x5b, 0x02, 0x00,
    0x10, 0x40, 0x00, 0x00, 0xb0, 0x62, 0x02, 0x00, 0x2f, 0x01, 0x03, 0x00,
    0x02, 0x00, 0x00, 0x00, 0x00, 0x40, 0x00, 0x00, 0x10, 0x5f, 0x02, 0x00,
    0x10, 0x40, 0x00, 0x00, 0x7c, 0x13, 0x00, 0x00, 0x13, 0x01, 0x00, 0x00,
    0x15, 0x40, 0x00, 0x00, 0x3a, 0x00, 0x00, 0x00, 0x14, 0x40, 0x00, 0x00,
    0x01, 0x00, 0x00, 0x00, 0x16, 0x40, 0x00, 0x00, 0x01, 0x00, 0x00, 0x00,
    0x18, 0x01, 0x75, 0x00, 0x14, 0x01, 0x01, 0x00, 0x20, 0x40, 0x00, 0x00,
    0x80, 0x14, 0x00, 0x00, 0x21, 0x40, 0x00, 0x00, 0x40, 0x00, 0x00, 0x00,
    0x22, 0x40, 0x00, 0x00, 0x70, 0x14, 0x00, 0x00, 0x23, 0x40, 0x00, 0x00,
    0x10, 0x00, 0x00, 0x00, 0x17, 0x01, 0x07, 0x00, 0x2f, 0x01, 0x01, 0x00,
    0x02, 0x00, 0x00, 0x00, 0x00, 0x40, 0x00, 0x00, 0xb0, 0x62, 0x02, 0x00,
    0x10, 0x40, 0x00, 0x00, 0xb6, 0x13, 0x00, 0x00, 0x2f, 0x01, 0x03, 0x00,
    0x02, 0x00, 0x00, 0x00, 0x00, 0x40, 0x00, 0x00, 0xb0, 0xbf, 0x01, 0x00,
    0x02, 0x40, 0x00, 0x00, 0xf0, 0xa9, 0x01, 0x00, 0x0b, 0x01, 0x03, 0x00,
    0x0c, 0x01, 0x03, 0x00, 0x01, 0x01, 0x01, 0x00, 0x02, 0x01, 0x01, 0x00,
    0x10, 0x40, 0x00, 0x00, 0xd0, 0x57, 0x02, 0x00, 0x13, 0x01, 0x0b, 0x00,
    0x15, 0x40, 0x00, 0x00, 0xa0, 0x03, 0x00, 0x00, 0x14, 0x40, 0x00, 0x00,
    0x10, 0x00, 0x00, 0x00, 0x16, 0x40, 0x00, 0x00, 0xa0, 0x03, 0x00, 0x00,
    0x18, 0x01, 0x80, 0xff, 0x14, 0x01, 0x41, 0x00, 0x21, 0x01, 0x04, 0x00,
    0x20, 0x01, 0x02, 0x00, 0x20, 0x40, 0x00, 0x00, 0x10, 0x12, 0x00, 0x00,
    0x21, 0x40, 0x00, 0x00, 0xe0, 0x00, 0x00, 0x00, 0x22, 0x40, 0x00, 0x00,
    0x90, 0x11, 0x00, 0x00, 0x23, 0x40, 0x00, 0x00, 0x80, 0x00, 0x00, 0x00,
    0x17, 0x01, 0x0f, 0x00, 0x0d, 0x01, 0x12, 0x00, 0x03, 0x00, 0x00, 0x00,
    0x00, 0x40, 0x00, 0x00, 0x50, 0xc3, 0x01, 0x00, 0x0b, 0x01, 0x02, 0x00,
    0x0c, 0x01, 0x02, 0x00, 0x10, 0x40, 0x00, 0x00, 0x70, 0x5b, 0x02, 0x00,
    0x03, 0x00, 0x00, 0x00, 0x00, 0x40, 0x00, 0x00, 0xd0, 0x57, 0x02, 0x00,
    0x02, 0x40, 0x00, 0x00, 0x00, 0x00, 0x00, 0x00, 0x0b, 0x01, 0x00, 0x00,
    0x0c, 0x01, 0x00, 0x00, 0x01, 0x01, 0x00, 0x00, 0x02, 0x01, 0x00, 0x00,
    0x10, 0x40, 0x00, 0x00, 0x10, 0x5f, 0x02, 0x00, 0x21, 0x01, 0x00, 0x00,
    0x20, 0x01, 0x00, 0x00, 0x20, 0x40, 0x00, 0x00, 0x70, 0x13, 0x00, 0x00,
    0x21, 0x40, 0x00, 0x00, 0x00, 0x01, 0x00, 0x00, 0x22, 0x40, 0x00, 0x00,
    0xf0, 0x12, 0x00, 0x00, 0x0d, 0x01, 0x0a, 0x00, 0x2f, 0x01, 0x01, 0x00,
    0x02, 0x00, 0x00, 0x00, 0x00, 0x40, 0x00, 0x00, 0x70, 0x5b, 0x02, 0x00,
    0x10, 0x40, 0x00, 0x00, 0xb0, 0x62, 0x02, 0x00, 0x2f, 0x01, 0x03, 0x00,
    0x02, 0x00, 0x00, 0x00, 0x00, 0x40, 0x00, 0x00, 0x10, 0x5f, 0x02, 0x00,
    0x10, 0x40, 0x00, 0x00, 0xf0, 0x13, 0x00, 0x00, 0x13, 0x01, 0x00, 0x00,
    0x15, 0x40, 0x00, 0x00, 0x3a, 0x00, 0x00, 0x00, 0x14, 0x40, 0x00, 0x00,
    0x01, 0x00, 0x00, 0x00, 0x16, 0x40, 0x00, 0x00, 0x01, 0x00, 0x00, 0x00,
    0x18, 0x01, 0x75, 0x00, 0x14, 0x01, 0x01, 0x00, 0x20, 0x40, 0x00, 0x00,
    0x80, 0x14, 0x00, 0x00, 0x21, 0x40, 0x00, 0x00, 0x40, 0x00, 0x00, 0x00,
    0x22, 0x40, 0x00, 0x00, 0x70, 0x14, 0x00, 0x00, 0x23, 0x40, 0x00, 0x00,
    0x10, 0x00, 0x00, 0x00, 0x17, 0x01, 0x07, 0x00, 0x2f, 0x01, 0x01, 0x00,
    0x02, 0x00, 0x00, 0x00, 0x00, 0x40, 0x00, 0x00, 0xb0, 0x62, 0x02, 0x00,
    0x10, 0x40, 0x00, 0x00, 0x2a, 0x14, 0x00, 0x00, 0x2f, 0x01, 0x03, 0x00,
    0x02, 0x00, 0x00, 0x00, 0x00, 0x40, 0x00, 0x00, 0xf0, 0xc6, 0x01, 0x00,
    0x02, 0x40, 0x00, 0x00, 0xf0, 0xa9, 0x01, 0x00, 0x0b, 0x01, 0x01, 0x00,
    0x0c, 0x01, 0x01, 0x00, 0x01, 0x01, 0x01, 0x00, 0x02, 0x01, 0x01, 0x00,
    0x10, 0x40, 0x00, 0x00, 0xd0, 0x57, 0x02, 0x00, 0x13, 0x01, 0x0b, 0x00,
    0x15, 0x40, 0x00, 0x00, 0xa0, 0x03, 0x00, 0x00, 0x14, 0x40, 0x00, 0x00,
    0x10, 0x00, 0x00, 0x00, 0x16, 0x40, 0x00, 0x00, 0xa0, 0x03, 0x00, 0x00,
    0x18, 0x01, 0x80, 0xff, 0x14, 0x01, 0x41, 0x00, 0x21, 0x01, 0x04, 0x00,
    0x20, 0x01, 0x02, 0x00, 0x20, 0x40, 0x00, 0x00, 0x10, 0x12, 0x00, 0x00,
    0x21, 0x40, 0x00, 0x00, 0xe0, 0x00, 0x00, 0x00, 0x22, 0x40, 0x00, 0x00,
    0x90, 0x11, 0x00, 0x00, 0x23, 0x40, 0x00, 0x00, 0x80, 0x00, 0x00, 0x00,
    0x17, 0x01, 0x0f, 0x00, 0x0d, 0x01, 0x12, 0x00, 0x03, 0x00, 0x00, 0x00,
    0x00, 0x40, 0x00, 0x00, 0x90, 0xca, 0x01, 0x00, 0x0b, 0x01, 0x00, 0x00,
    0x0c, 0x01, 0x00, 0x00, 0x10, 0x40, 0x00, 0x00, 0x70, 0x5b, 0x02, 0x00,
    0x03, 0x00, 0x00, 0x00, 0x00, 0x40, 0x00, 0x00, 0xd0, 0x57, 0x02, 0x00,
    0x02, 0x40, 0x00, 0x00, 0x00, 0x00, 0x00, 0x00, 0x01, 0x01, 0x00, 0x00,
    0x02, 0x01, 0x00, 0x00, 0x10, 0x40, 0x00, 0x00, 0x10, 0x5f, 0x02, 0x00,
    0x21, 0x01, 0x00, 0x00, 0x20, 0x01, 0x00, 0x00, 0x20, 0x40, 0x00, 0x00,
    0x70, 0x13, 0x00, 0x00, 0x21, 0x40, 0x00, 0x00, 0x00, 0x01, 0x00, 0x00,
    0x22, 0x40, 0x00, 0x00, 0xf0, 0x12, 0x00, 0x00, 0x0d, 0x01, 0x0a, 0x00,
    0x2f, 0x01, 0x01, 0x00, 0x02, 0x00, 0x00, 0x00, 0x00, 0x40, 0x00, 0x00,
    0x70, 0x5b, 0x02, 0x00, 0x10, 0x40, 0x00, 0x00, 0xb0, 0x62, 0x02, 0x00,
    0x2f, 0x01, 0x03, 0x00, 0x02, 0x00, 0x00, 0x00, 0x00, 0x40, 0x00, 0x00,
    0x10, 0x5f, 0x02, 0x00, 0x10, 0x40, 0x00, 0x00, 0x64, 0x14, 0x00, 0x00,
    0x13, 0x01, 0x00, 0x00, 0x15, 0x40, 0x00, 0x00, 0x3a, 0x00, 0x00, 0x00,
    0x14, 0x40, 0x00, 0x00, 0x01, 0x00, 0x00, 0x00, 0x16, 0x40, 0x00, 0x00,
    0x01, 0x00, 0x00, 0x00, 0x18, 0x01, 0x75, 0x00, 0x14, 0x01, 0x01, 0x00,
    0x20, 0x40, 0x00, 0x00, 0x80, 0x14, 0x00, 0x00, 0x21, 0x40, 0x00, 0x00,
    0x40, 0x00, 0x00, 0x00, 0x22, 0x40, 0x00, 0x00, 0x70, 0x14, 0x00, 0x00,
    0x23, 0x40, 0x00, 0x00, 0x10, 0x00, 0x00, 0x00, 0x17, 0x01, 0x07, 0x00,
    0x2f, 0x01, 0x01, 0x00, 0x02, 0x00, 0x00, 0x00, 0x00, 0x40, 0x00, 0x00,
    0xb0, 0x62, 0x02, 0x00, 0x10, 0x40, 0x00, 0x00, 0x9e, 0x14, 0x00, 0x00,
    0x2f, 0x01, 0x03, 0x00, 0x02, 0x00, 0x00, 0x00, 0x00, 0x40, 0x00, 0x00,
    0x50, 0x1a, 0x02, 0x00, 0x0b, 0x01, 0x02, 0x00, 0x0c, 0x01, 0x02, 0x00,
    0x01, 0x01, 0x04, 0x00, 0x02, 0x01, 0x04, 0x00, 0x10, 0x40, 0x00, 0x00,
    0x90, 0x50, 0x02, 0x00, 0x13, 0x01, 0x0b, 0x00, 0x15, 0x40, 0x00, 0x00,
    0xa0, 0x03, 0x00, 0x00, 0x14, 0x40, 0x00, 0x00, 0x10, 0x00, 0x00, 0x00,
    0x16, 0x40, 0x00, 0x00, 0xa0, 0x03, 0x00, 0x00, 0x18, 0x01, 0x80, 0xff,
    0x14, 0x01, 0x41, 0x00, 0x21, 0x01, 0x02, 0x00, 0x20, 0x01, 0x08, 0x00,
    0x20, 0x40, 0x00, 0x00, 0xa0, 0x0e, 0x00, 0x00, 0x21, 0x40, 0x00, 0x00,
    0x80, 0x01, 0x00, 0x00, 0x22, 0x40, 0x00, 0x00, 0x20, 0x0e, 0x00, 0x00,
    0x23, 0x40, 0x00, 0x00, 0x80, 0x00, 0x00, 0x00, 0x17, 0x01, 0x0f, 0x00,
    0x0d, 0x01, 0x12, 0x00, 0x03, 0x00, 0x00, 0x00, 0x00, 0x40, 0x00, 0x00,
    0xf0, 0x1d, 0x02, 0x00, 0x02, 0x40, 0x00, 0x00, 0x70, 0x0f, 0x02, 0x00,
    0x0b, 0x01, 0x01, 0x00, 0x0c, 0x01, 0x01, 0x00, 0x10, 0x40, 0x00, 0x00,
    0x30, 0x54, 0x02, 0x00, 0x03, 0x00, 0x00, 0x00, 0x00, 0x40, 0x00, 0x00,
    0x90, 0x50, 0x02, 0x00, 0x02, 0x40, 0x00, 0x00, 0x00, 0x00, 0x00, 0x00,
    0x0b, 0x01, 0x00, 0x00, 0x0c, 0x01, 0x00, 0x00, 0x01, 0x01, 0x00, 0x00,
    0x02, 0x01, 0x00, 0x00, 0x10, 0x40, 0x00, 0x00, 0x70, 0xb8, 0x01, 0x00,
    0x21, 0x01, 0x00, 0x00, 0x20, 0x01, 0x00, 0x00, 0x20, 0x40, 0x00, 0x00,
    0xa0, 0x10, 0x00, 0x00, 0x21, 0x40, 0x00, 0x00, 0xf0, 0x00, 0x00, 0x00,
    0x22, 0x40, 0x00, 0x00, 0x20, 0x10, 0x00, 0x00, 0x0d, 0x01, 0x0a, 0x00,
    0x2f, 0x01, 0x01, 0x00, 0x02, 0x00, 0x00, 0x00, 0x00, 0x40, 0x00, 0x00,
    0x30, 0x54, 0x02, 0x00, 0x10, 0x40, 0x00, 0x00, 0x10, 0xbc, 0x01, 0x00,
    0x2f, 0x01, 0x03, 0x00, 0x02, 0x00, 0x00, 0x00, 0x00, 0x40, 0x00, 0x00,
    0x90, 0x21, 0x02, 0x00, 0x02, 0x40, 0x00, 0x00, 0x70, 0x0f, 0x02, 0x00,
    0x01, 0x01, 0x04, 0x00, 0x02, 0x01, 0x04, 0x00, 0x10, 0x40, 0x00, 0x00,
    0x90, 0x50, 0x02, 0x00, 0x21, 0x01, 0x02, 0x00, 0x20, 0x01, 0x08, 0x00,
    0x20, 0x40, 0x00, 0x00, 0xa0, 0x0e, 0x00, 0x00, 0x21, 0x40, 0x00, 0x00,
    0x80, 0x01, 0x00, 0x00, 0x22, 0x40, 0x00, 0x00, 0x20, 0x0e, 0x00, 0x00,
    0x0d, 0x01, 0x12, 0x00, 0x03, 0x00, 0x00, 0x00, 0x00, 0x40, 0x00, 0x00,
    0x50, 0xfd, 0x01, 0x00, 0x02, 0x40, 0x00, 0x00, 0x00, 0x00, 0x00, 0x00,
    0x0b, 0x01, 0x02, 0x00, 0x0c, 0x01, 0x02, 0x00, 0x01, 0x01, 0x03, 0x00,
    0x02, 0x01, 0x03, 0x00, 0x10, 0x40, 0x00, 0x00, 0x50, 0x49, 0x02, 0x00,
    0x20, 0x01, 0x06, 0x00, 0x20, 0x40, 0x00, 0x00, 0x60, 0x0b, 0x00, 0x00,
    0x21, 0x40, 0x00, 0x00, 0x40, 0x01, 0x00, 0x00, 0x22, 0x40, 0x00, 0x00,
    0xe0, 0x0a, 0x00, 0x00, 0x0d, 0x01, 0x0a, 0x00, 0x03, 0x00, 0x00, 0x00,
    0x00, 0x40, 0x00, 0x00, 0xf0, 0x00, 0x02, 0x00, 0x10, 0x40, 0x00, 0x00,
    0xf0, 0x4c, 0x02, 0x00, 0x03, 0x00, 0x00, 0x00, 0x00, 0x40, 0x00, 0x00,
    0x50, 0x49, 0x02, 0x00, 0x0b, 0x01, 0x00, 0x00, 0x0c, 0x01, 0x00, 0x00,
    0x01, 0x01, 0x00, 0x00, 0x02, 0x01, 0x00, 0x00, 0x10, 0x40, 0x00, 0x00,
    0xb0, 0x16, 0x02, 0x00, 0x21, 0x01, 0x00, 0x00, 0x20, 0x01, 0x00, 0x00,
    0x20, 0x40, 0x00, 0x00, 0x20, 0x0d, 0x00, 0x00, 0x21, 0x40, 0x00, 0x00,
    0x00, 0x01, 0x00, 0x00, 0x22, 0x40, 0x00, 0x00, 0xa0, 0x0c, 0x00, 0x00,
    0x2f, 0x01, 0x01, 0x00, 0x02, 0x00, 0x00, 0x00, 0x00, 0x40, 0x00, 0x00,
    0xf0, 0x4c, 0x02, 0x00, 0x10, 0x40, 0x00, 0x00, 0x50, 0x1a, 0x02, 0x00,
    0x2f, 0x01, 0x03, 0x00, 0x02, 0x00, 0x00, 0x00, 0x00, 0x40, 0x00, 0x00,
    0x90, 0x04, 0x02, 0x00, 0x0b, 0x01, 0x02, 0x00, 0x0c, 0x01, 0x02, 0x00,
    0x01, 0x01, 0x03, 0x00, 0x02, 0x01, 0x03, 0x00, 0x10, 0x40, 0x00, 0x00,
    0x50, 0x49, 0x02, 0x00, 0x21, 0x01, 0x02, 0x00, 0x20, 0x01, 0x06, 0x00,
    0x20, 0x40, 0x00, 0x00, 0x60, 0x0b, 0x00, 0x00, 0x21, 0x40, 0x00, 0x00,
    0x40, 0x01, 0x00, 0x00, 0x22, 0x40, 0x00, 0x00, 0xe0, 0x0a, 0x00, 0x00,
    0x03, 0x00, 0x00, 0x00, 0x00, 0x40, 0x00, 0x00, 0x30, 0x08, 0x02, 0x00,
    0x0b, 0x01, 0x01, 0x00, 0x0c, 0x01, 0x01, 0x00, 0x03, 0x01, 0x01, 0x00,
    0x10, 0x40, 0x00, 0x00, 0xf0, 0x4c, 0x02, 0x00, 0x03, 0x00, 0x00, 0x00,
    0x00, 0x40, 0x00, 0x00, 0x50, 0x49, 0x02, 0x00, 0x0b, 0x01, 0x00, 0x00,
    0x0c, 0x01, 0x00, 0x00, 0x01, 0x01, 0x00, 0x00, 0x03, 0x01, 0x00, 0x00,
    0x02, 0x01, 0x00, 0x00, 0x10, 0x40, 0x00, 0x00, 0xf0, 0x1d, 0x02, 0x00,
    0x21, 0x01, 0x00, 0x00, 0x20, 0x01, 0x00, 0x00, 0x20, 0x40, 0x00, 0x00,
    0x20, 0x0d, 0x00, 0x00, 0x21, 0x40, 0x00, 0x00, 0x00, 0x01, 0x00, 0x00,
    0x22, 0x40, 0x00, 0x00, 0xa0, 0x0c, 0x00, 0x00, 0x2f, 0x01, 0x01, 0x00,
    0x02, 0x00, 0x00, 0x00, 0x00, 0x40, 0x00, 0x00, 0xf0, 0x4c, 0x02, 0x00,
    0x10, 0x40, 0x00, 0x00, 0x90, 0x21, 0x02, 0x00, 0x2f, 0x01, 0x03, 0x00,
    0x02, 0x00, 0x00, 0x00, 0x00, 0x40, 0x00, 0x00, 0x70, 0x0f, 0x02, 0x00,
    0x0b, 0x01, 0x02, 0x00, 0x0c, 0x01, 0x02, 0x00, 0x01, 0x01, 0x04, 0x00,
    0x02, 0x01, 0x04, 0x00, 0x10, 0x40, 0x00, 0x00, 0x30, 0x54, 0x02, 0x00,
    0x21, 0x01, 0x02, 0x00, 0x20, 0x01, 0x08, 0x00, 0x20, 0x40, 0x00, 0x00,
    0xa0, 0x0e, 0x00, 0x00, 0x21, 0x40, 0x00, 0x00, 0x80, 0x01, 0x00, 0x00,
    0x22, 0x40, 0x00, 0x00, 0x20, 0x0e, 0x00, 0x00, 0x0d, 0x01, 0x12, 0x00,
    0x2f, 0x01, 0x01, 0x00, 0x03, 0x00, 0x00, 0x00, 0x00, 0x40, 0x00, 0x00,
    0x90, 0x50, 0x02, 0x00, 0x0b, 0x01, 0x00, 0x00, 0x0c, 0x01, 0x00, 0x00,
    0x01, 0x01, 0x00, 0x00, 0x02, 0x01, 0x00, 0x00, 0x10, 0x40, 0x00, 0x00,
    0xb0, 0xbf, 0x01, 0x00, 0x21, 0x01, 0x00, 0x00, 0x20, 0x01, 0x00, 0x00,
    0x20, 0x40, 0x00, 0x00, 0xa0, 0x10, 0x00, 0x00, 0x21, 0x40, 0x00, 0x00,
    0xf0, 0x00, 0x00, 0x00, 0x22, 0x40, 0x00, 0x00, 0x20, 0x10, 0x00, 0x00,
    0x0d, 0x01, 0x0a, 0x00, 0x02, 0x00, 0x00, 0x00, 0x00, 0x40, 0x00, 0x00,
    0x30, 0x54, 0x02, 0x00, 0x10, 0x40, 0x00, 0x00, 0x50, 0xc3, 0x01, 0x00,
    0x2f, 0x01, 0x03, 0x00, 0x02, 0x00, 0x00, 0x00, 0x00, 0x40, 0x00, 0x00,
    0x10, 0x13, 0x02, 0x00, 0x0b, 0x01, 0x02, 0x00, 0x0c, 0x01, 0x02, 0x00,
    0x01, 0x01, 0x04, 0x00, 0x02, 0x01, 0x04, 0x00, 0x10, 0x40, 0x00, 0x00,
    0x90, 0x50, 0x02, 0x00, 0x21, 0x01, 0x02, 0x00, 0x20, 0x01, 0x08, 0x00,
    0x20, 0x40, 0x00, 0x00, 0xa0, 0x0e, 0x00, 0x00, 0x21, 0x40, 0x00, 0x00,
    0x80, 0x01, 0x00, 0x00, 0x22, 0x40, 0x00, 0x00, 0x20, 0x0e, 0x00, 0x00,
    0x0d, 0x01, 0x12, 0x00, 0x03, 0x00, 0x00, 0x00, 0x00, 0x40, 0x00, 0x00,
    0xb0, 0x16, 0x02, 0x00, 0x10, 0x40, 0x00, 0x00, 0x30, 0x54, 0x02, 0x00,
    0x03, 0x00, 0x00, 0x00, 0x00, 0x40, 0x00, 0x00, 0x90, 0x50, 0x02, 0x00,
    0x0b, 0x01, 0x00, 0x00, 0x0c, 0x01, 0x00, 0x00, 0x01, 0x01, 0x00, 0x00,
    0x02, 0x01, 0x00, 0x00, 0x10, 0x40, 0x00, 0x00, 0xf0, 0xc6, 0x01, 0x00,
    0x21, 0x01, 0x00, 0x00, 0x20, 0x01, 0x00, 0x00, 0x20, 0x40, 0x00, 0x00,
    0xa0, 0x10, 0x00, 0x00, 0x21, 0x40, 0x00, 0x00, 0xf0, 0x00, 0x00, 0x00,
    0x22, 0x40, 0x00, 0x00, 0x20, 0x10, 0x00, 0x00, 0x0d, 0x01, 0x0a, 0x00,
    0x2f, 0x01, 0x01, 0x00, 0x02, 0x00, 0x00, 0x00, 0x00, 0x40, 0x00, 0x00,
    0x30, 0x54, 0x02, 0x00, 0x10, 0x40, 0x00, 0x00, 0x90, 0xca, 0x01, 0x00,
    0x2f, 0x01, 0x03, 0x00, 0x02, 0x00, 0x00, 0x00, 0x00, 0x40, 0x00, 0x00,
    0xf0, 0xa9, 0x01, 0x00, 0x0b, 0x01, 0x04, 0x00, 0x0c, 0x01, 0x04, 0x00,
    0x01, 0x01, 0x01, 0x00, 0x02, 0x01, 0x01, 0x00, 0x10, 0x40, 0x00, 0x00,
    0xd0, 0x57, 0x02, 0x00, 0x21, 0x01, 0x04, 0x00, 0x20, 0x01, 0x02, 0x00,
    0x20, 0x40, 0x00, 0x00, 0x10, 0x12, 0x00, 0x00, 0x21, 0x40, 0x00, 0x00,
    0xe0, 0x00, 0x00, 0x00, 0x22, 0x40, 0x00, 0x00, 0x90, 0x11, 0x00, 0x00,
    0x0d, 0x01, 0x12, 0x00, 0x2f, 0x01, 0x01, 0x00, 0x03, 0x00, 0x00, 0x00,
    0x00, 0x40, 0x00, 0x00, 0x90, 0xad, 0x01, 0x00, 0x10, 0x40, 0x00, 0x00,
    0x70, 0x5b, 0x02, 0x00, 0x2f, 0x01, 0x03, 0x00, 0x03, 0x00, 0x00, 0x00,
    0x00, 0x40, 0x00, 0x00, 0xd0, 0x57, 0x02, 0x00, 0x0b, 0x01, 0x00, 0x00,
    0x0c, 0x01, 0x00, 0x00, 0x01, 0x01, 0x00, 0x00, 0x02, 0x01, 0x00, 0x00,
    0x10, 0x40, 0x00, 0x00, 0x10, 0x5f, 0x02, 0x00, 0x21, 0x01, 0x00, 0x00,
    0x20, 0x01, 0x00, 0x00, 0x20, 0x40, 0x00, 0x00, 0x70, 0x13, 0x00, 0x00,
    0x21, 0x40, 0x00, 0x00, 0x00, 0x01, 0x00, 0x00, 0x22, 0x40, 0x00, 0x00,
    0xf0, 0x12, 0x00, 0x00, 0x0d, 0x01, 0x0a, 0x00, 0x2f, 0x01, 0x01, 0x00,
    0x02, 0x00, 0x00, 0x00, 0x00, 0x40, 0x00, 0x00, 0x70, 0x5b, 0x02, 0x00,
    0x10, 0x40, 0x00, 0x00, 0xb0, 0x62, 0x02, 0x00, 0x2f, 0x01, 0x03, 0x00,
    0x02, 0x00, 0x00, 0x00, 0x00, 0x40, 0x00, 0x00, 0x10, 0x5f, 0x02, 0x00,
    0x10, 0x40, 0x00, 0x00, 0xd8, 0x14, 0x00, 0x00, 0x13, 0x01, 0x00, 0x00,
    0x15, 0x40, 0x00, 0x00, 0x3a, 0x00, 0x00, 0x00, 0x14, 0x40, 0x00, 0x00,
    0x01, 0x00, 0x00, 0x00, 0x16, 0x40, 0x00, 0x00, 0x01, 0x00, 0x00, 0x00,
    0x18, 0x01, 0x75, 0x00, 0x14, 0x01, 0x01, 0x00, 0x20, 0x40, 0x00, 0x00,
    0x80, 0x14, 0x00, 0x00, 0x21, 0x40, 0x00, 0x00, 0x40, 0x00, 0x00, 0x00,
    0x22, 0x40, 0x00, 0x00, 0x70, 0x14, 0x00, 0x00, 0x23, 0x40, 0x00, 0x00,
    0x10, 0x00, 0x00, 0x00, 0x17, 0x01, 0x07, 0x00, 0x2f, 0x01, 0x01, 0x00,
    0x02, 0x00, 0x00, 0x00, 0x00, 0x40, 0x00, 0x00, 0xb0, 0x62, 0x02, 0x00,
    0x10, 0x40, 0x00, 0x00, 0x12, 0x15, 0x00, 0x00, 0x2f, 0x01, 0x03, 0x00,
    0x02, 0x00, 0x00, 0x00, 0x00, 0x40, 0x00, 0x00, 0x30, 0xb1, 0x01, 0x00,
    0x0b, 0x01, 0x04, 0x00, 0x0c, 0x01, 0x04, 0x00, 0x01, 0x01, 0x01, 0x00,
    0x02, 0x01, 0x01, 0x00, 0x10, 0x40, 0x00, 0x00, 0xd0, 0x57, 0x02, 0x00,
    0x13, 0x01, 0x0b, 0x00, 0x15, 0x40, 0x00, 0x00, 0xa0, 0x03, 0x00, 0x00,
    0x14, 0x40, 0x00, 0x00, 0x10, 0x00, 0x00, 0x00, 0x16, 0x40, 0x00, 0x00,
    0xa0, 0x03, 0x00, 0x00, 0x18, 0x01, 0x80, 0xff, 0x14, 0x01, 0x41, 0x00,
    0x21, 0x01, 0x04, 0x00, 0x20, 0x01, 0x02, 0x00, 0x20, 0x40, 0x00, 0x00,
    0x10, 0x12, 0x00, 0x00, 0x21, 0x40, 0x00, 0x00, 0xe0, 0x00, 0x00, 0x00,
    0x22, 0x40, 0x00, 0x00, 0x90, 0x11, 0x00, 0x00, 0x23, 0x40, 0x00, 0x00,
    0x80, 0x00, 0x00, 0x00, 0x17, 0x01, 0x0f, 0x00, 0x0d, 0x01, 0x12, 0x00,
    0x03, 0x00, 0x00, 0x00, 0x00, 0x40, 0x00, 0x00, 0xd0, 0xb4, 0x01, 0x00,
    0x10, 0x40, 0x00, 0x00, 0x70, 0x5b, 0x02, 0x00, 0x03, 0x00, 0x00, 0x00,
    0x00, 0x40, 0x00, 0x00, 0xd0, 0x57, 0x02, 0x00, 0x0b, 0x01, 0x00, 0x00,
    0x0c, 0x01, 0x00, 0x00, 0x01, 0x01, 0x00, 0x00, 0x02, 0x01, 0x00, 0x00,
    0x10, 0x40, 0x00, 0x00, 0x10, 0x5f, 0x02, 0x00, 0x21, 0x01, 0x00, 0x00,
    0x20, 0x01, 0x00, 0x00, 0x20, 0x40, 0x00, 0x00, 0x70, 0x13, 0x00, 0x00,
    0x21, 0x40, 0x00, 0x00, 0x00, 0x01, 0x00, 0x00, 0x22, 0x40, 0x00, 0x00,
    0xf0, 0x12, 0x00, 0x00, 0x0d, 0x01, 0x0a, 0x00, 0x2f, 0x01, 0x01, 0x00,
    0x02, 0x00, 0x00, 0x00, 0x00, 0x40, 0x00, 0x00, 0x70, 0x5b, 0x02, 0x00,
    0x10, 0x40, 0x00, 0x00, 0xb0, 0x62, 0x02, 0x00, 0x2f, 0x01, 0x03, 0x00,
    0x02, 0x00, 0x00, 0x00, 0x00, 0x40, 0x00, 0x00, 0x10, 0x5f, 0x02, 0x00,
    0x10, 0x40, 0x00, 0x00, 0x4c, 0x15, 0x00, 0x00, 0x13, 0x01, 0x00, 0x00,
    0x15, 0x40, 0x00, 0x00, 0x3a, 0x00, 0x00, 0x00, 0x14, 0x40, 0x00, 0x00,
    0x01, 0x00, 0x00, 0x00, 0x16, 0x40, 0x00, 0x00, 0x01, 0x00, 0x00, 0x00,
    0x18, 0x01, 0x75, 0x00, 0x14, 0x01, 0x01, 0x00, 0x20, 0x40, 0x00, 0x00,
    0x80, 0x14, 0x00, 0x00, 0x21, 0x40, 0x00, 0x00, 0x40, 0x00, 0x00, 0x00,
    0x22, 0x40, 0x00, 0x00, 0x70, 0x14, 0x00, 0x00, 0x23, 0x40, 0x00, 0x00,
    0x10, 0x00, 0x00, 0x00, 0x17, 0x01, 0x07, 0x00, 0x2f, 0x01, 0x01, 0x00,
    0x02, 0x00, 0x00, 0x00, 0x00, 0x40, 0x00, 0x00, 0xb0, 0x62, 0x02, 0x00,
    0x10, 0x40, 0x00, 0x00, 0x86, 0x15, 0x00, 0x00, 0x2f, 0x01, 0x03, 0x00,
    0x02, 0x00, 0x00, 0x00, 0x00, 0x40, 0x00, 0x00, 0x70, 0xb8, 0x01, 0x00,
    0x0b, 0x01, 0x04, 0x00, 0x0c, 0x01, 0x04, 0x00, 0x01, 0x01, 0x01, 0x00,
    0x02, 0x01, 0x01, 0x00, 0x10, 0x40, 0x00, 0x00, 0xd0, 0x57, 0x02, 0x00,
    0x13, 0x01, 0x0b, 0x00, 0x15, 0x40, 0x00, 0x00, 0xa0, 0x03, 0x00, 0x00,
    0x14, 0x40, 0x00, 0x00, 0x10, 0x00, 0x00, 0x00, 0x16, 0x40, 0x00, 0x00,
    0xa0, 0x03, 0x00, 0x00, 0x18, 0x01, 0x80, 0xff, 0x14, 0x01, 0x41, 0x00,
    0x21, 0x01, 0x04, 0x00, 0x20, 0x01, 0x02, 0x00, 0x20, 0x40, 0x00, 0x00,
    0x10, 0x12, 0x00, 0x00, 0x21, 0x40, 0x00, 0x00, 0xe0, 0x00, 0x00, 0x00,
    0x22, 0x40, 0x00, 0x00, 0x90, 0x11, 0x00, 0x00, 0x23, 0x40, 0x00, 0x00,
    0x80, 0x00, 0x00, 0x00, 0x17, 0x01, 0x0f, 0x00, 0x0d, 0x01, 0x12, 0x00,
    0x03, 0x00, 0x00, 0x00, 0x00, 0x40, 0x00, 0x00, 0x10, 0xbc, 0x01, 0x00,
    0x10, 0x40, 0x00, 0x00, 0x70, 0x5b, 0x02, 0x00, 0x03, 0x00, 0x00, 0x00,
    0x00, 0x40, 0x00, 0x00, 0xd0, 0x57, 0x02, 0x00, 0x0b, 0x01, 0x00, 0x00,
    0x0c, 0x01, 0x00, 0x00, 0x01, 0x01, 0x00, 0x00, 0x02, 0x01, 0x00, 0x00,
    0x10, 0x40, 0x00, 0x00, 0x10, 0x5f, 0x02, 0x00, 0x21, 0x01, 0x00, 0x00,
    0x20, 0x01, 0x00, 0x00, 0x20, 0x40, 0x00, 0x00, 0x70, 0x13, 0x00, 0x00,
    0x21, 0x40, 0x00, 0x00, 0x00, 0x01, 0x00, 0x00, 0x22, 0x40, 0x00, 0x00,
    0xf0, 0x12, 0x00, 0x00, 0x0d, 0x01, 0x0a, 0x00, 0x2f, 0x01, 0x01, 0x00,
    0x02, 0x00, 0x00, 0x00, 0x00, 0x40, 0x00, 0x00, 0x70, 0x5b, 0x02, 0x00,
    0x10, 0x40, 0x00, 0x00, 0xb0, 0x62, 0x02, 0x00, 0x2f, 0x01, 0x03, 0x00,
    0x02, 0x00, 0x00, 0x00, 0x00, 0x40, 0x00, 0x00, 0x10, 0x5f, 0x02, 0x00,
    0x10, 0x40, 0x00, 0x00, 0xc0, 0x15, 0x00, 0x00, 0x13, 0x01, 0x00, 0x00,
    0x15, 0x40, 0x00, 0x00, 0x3a, 0x00, 0x00, 0x00, 0x14, 0x40, 0x00, 0x00,
    0x01, 0x00, 0x00, 0x00, 0x16, 0x40, 0x00, 0x00, 0x01, 0x00, 0x00, 0x00,
    0x18, 0x01, 0x75, 0x00, 0x14, 0x01, 0x01, 0x00, 0x20, 0x40, 0x00, 0x00,
    0x80, 0x14, 0x00, 0x00, 0x21, 0x40, 0x00, 0x00, 0x40, 0x00, 0x00, 0x00,
    0x22, 0x40, 0x00, 0x00, 0x70, 0x14, 0x00, 0x00, 0x23, 0x40, 0x00, 0x00,
    0x10, 0x00, 0x00, 0x00, 0x17, 0x01, 0x07, 0x00, 0x2f, 0x01, 0x01, 0x00,
    0x02, 0x00, 0x00, 0x00, 0x00, 0x40, 0x00, 0x00, 0xb0, 0x62, 0x02, 0x00,
    0x10, 0x40, 0x00, 0x00, 0xfa, 0x15, 0x00, 0x00, 0x2f, 0x01, 0x03, 0x00,
    0x02, 0x00, 0x00, 0x00, 0x00, 0x40, 0x00, 0x00, 0x50, 0x1a, 0x02, 0x00,
    0x0b, 0x01, 0x02, 0x00, 0x0c, 0x01, 0x02, 0x00, 0x01, 0x01, 0x04, 0x00,
    0x02, 0x01, 0x04, 0x00, 0x10, 0x40, 0x00, 0x00, 0x90, 0x50, 0x02, 0x00,
    0x13, 0x01, 0x0b, 0x00, 0x15, 0x40, 0x00, 0x00, 0xa0, 0x03, 0x00, 0x00,
    0x14, 0x40, 0x00, 0x00, 0x10, 0x00, 0x00, 0x00, 0x16, 0x40, 0x00, 0x00,
    0xa0, 0x03, 0x00, 0x00, 0x18, 0x01, 0x80, 0xff, 0x14, 0x01, 0x41, 0x00,
    0x21, 0x01, 0x02, 0x00, 0x20, 0x01, 0x08, 0x00, 0x20, 0x40, 0x00, 0x00,
    0xa0, 0x0e, 0x00, 0x00, 0x21, 0x40, 0x00, 0x00, 0x80, 0x01, 0x00, 0x00,
    0x22, 0x40, 0x00, 0x00, 0x20, 0x0e, 0x00, 0x00, 0x23, 0x40, 0x00, 0x00,
    0x80, 0x00, 0x00, 0x00, 0x17, 0x01, 0x0f, 0x00, 0x0d, 0x01, 0x12, 0x00,
    0x03, 0x00, 0x00, 0x00, 0x00, 0x40, 0x00, 0x00, 0xf0, 0x1d, 0x02, 0x00,
    0x0b, 0x01, 0x01, 0x00, 0x0c, 0x01, 0x01, 0x00, 0x03, 0x01, 0x01, 0x00,
    0x10, 0x40, 0x00, 0x00, 0x30, 0x54, 0x02, 0x00, 0x03, 0x00, 0x00, 0x00,
    0x00, 0x40, 0x00, 0x00, 0x90, 0x50, 0x02, 0x00, 0x0b, 0x01, 0x00, 0x00,
    0x0c, 0x01, 0x00, 0x00, 0x01, 0x01, 0x00, 0x00, 0x03, 0x01, 0x00, 0x00,
    0x02, 0x01, 0x00, 0x00, 0x10, 0x40, 0x00, 0x00, 0xf0, 0xa9, 0x01, 0x00,
    0x21, 0x01, 0x00, 0x00, 0x20, 0x01, 0x00, 0x00, 0x20, 0x40, 0x00, 0x00,
    0xa0, 0x10, 0x00, 0x00, 0x21, 0x40, 0x00, 0x00, 0xf0, 0x00, 0x00, 0x00,
    0x22, 0x40, 0x00, 0x00, 0x20, 0x10, 0x00, 0x00, 0x0d, 0x01, 0x0a, 0x00,
    0x2f, 0x01, 0x01, 0x00, 0x02, 0x00, 0x00, 0x00, 0x00, 0x40, 0x00, 0x00,
    0x30, 0x54, 0x02, 0x00, 0x10, 0x40, 0x00, 0x00, 0x90, 0xad, 0x01, 0x00,
    0x2f, 0x01, 0x03, 0x00, 0x02, 0x00, 0x00, 0x00, 0x00, 0x40, 0x00, 0x00,
    0xb0, 0xbf, 0x01, 0x00, 0x02, 0x40, 0x00, 0x00, 0xf0, 0xa9, 0x01, 0x00,
    0x0b, 0x01, 0x03, 0x00, 0x0c, 0x01, 0x03, 0x00, 0x01, 0x01, 0x01, 0x00,
    0x02, 0x01, 0x01, 0x00, 0x10, 0x40, 0x00, 0x00, 0xd0, 0x57, 0x02, 0x00,
    0x21, 0x01, 0x04, 0x00, 0x20, 0x01, 0x02, 0x00, 0x20, 0x40, 0x00, 0x00,
    0x10, 0x12, 0x00, 0x00, 0x21, 0x40, 0x00, 0x00, 0xe0, 0x00, 0x00, 0x00,
    0x22, 0x40, 0x00, 0x00, 0x90, 0x11, 0x00, 0x00, 0x0d, 0x01, 0x12, 0x00,
    0x2f, 0x01, 0x01, 0x00, 0x03, 0x00, 0x00, 0x00, 0x00, 0x40, 0x00, 0x00,
    0x50, 0xc3, 0x01, 0x00, 0x0b, 0x01, 0x02, 0x00, 0x0c, 0x01, 0x02, 0x00,
    0x10, 0x40, 0x00, 0x00, 0x70, 0x5b, 0x02, 0x00, 0x2f, 0x01, 0x03, 0x00,
    0x03, 0x00, 0x00, 0x00, 0x00, 0x40, 0x00, 0x00, 0xd0, 0x57, 0x02, 0x00,
    0x02, 0x40, 0x00, 0x00, 0x00, 0x00, 0x00, 0x00, 0x0b, 0x01, 0x00, 0x00,
    0x0c, 0x01, 0x00, 0x00, 0x01, 0x01, 0x00, 0x00, 0x02, 0x01, 0x00, 0x00,
    0x10, 0x40, 0x00, 0x00, 0x10, 0x5f, 0x02, 0x00, 0x21, 0x01, 0x00, 0x00,
    0x20, 0x01, 0x00, 0x00, 0x20, 0x40, 0x00, 0x00, 0x70, 0x13, 0x00, 0x00,
    0x21, 0x40, 0x00, 0x00, 0x00, 0x01, 0x00, 0x00, 0x22, 0x40, 0x00, 0x00,
    0xf0, 0x12, 0x00, 0x00, 0x0d, 0x01, 0x0a, 0x00, 0x2f, 0x01, 0x01, 0x00,
    0x02, 0x00, 0x00, 0x00, 0x00, 0x40, 0x00, 0x00, 0x70, 0x5b, 0x02, 0x00,
    0x10, 0x40, 0x00, 0x00, 0xb0, 0x62, 0x02, 0x00, 0x2f, 0x01, 0x03, 0x00,
    0x02, 0x00, 0x00, 0x00, 0x00, 0x40, 0x00, 0x00, 0x10, 0x5f, 0x02, 0x00,
    0x10, 0x40, 0x00, 0x00, 0x34, 0x16, 0x00, 0x00, 0x13, 0x01, 0x00, 0x00,
    0x15, 0x40, 0x00, 0x00, 0x3a, 0x00, 0x00, 0x00, 0x14, 0x40, 0x00, 0x00,
    0x01, 0x00, 0x00, 0x00, 0x16, 0x40, 0x00, 0x00, 0x01, 0x00, 0x00, 0x00,
    0x18, 0x01, 0x75, 0x00, 0x14, 0x01, 0x01, 0x00, 0x20, 0x40, 0x00, 0x00,
    0x80, 0x14, 0x00, 0x00, 0x21, 0x40, 0x00, 0x00, 0x40, 0x00, 0x00, 0x00,
    0x22, 0x40, 0x00, 0x00, 0x70, 0x14, 0x00, 0x00, 0x23, 0x40, 0x00, 0x00,
    0x10, 0x00, 0x00, 0x00, 0x17, 0x01, 0x07, 0x00, 0x2f, 0x01, 0x01, 0x00,
    0x02, 0x00, 0x00, 0x00, 0x00, 0x40, 0x00, 0x00, 0xb0, 0x62, 0x02, 0x00,
    0x10, 0x40, 0x00, 0x00, 0x6e, 0x16, 0x00, 0x00, 0x2f, 0x01, 0x03, 0x00,
    0x02, 0x00, 0x00, 0x00, 0x00, 0x40, 0x00, 0x00, 0xf0, 0xc6, 0x01, 0x00,
    0x02, 0x40, 0x00, 0x00, 0xf0, 0xa9, 0x01, 0x00, 0x0b, 0x01, 0x01, 0x00,
    0x0c, 0x01, 0x01, 0x00, 0x01, 0x01, 0x01, 0x00, 0x03, 0x01, 0x01, 0x00,
    0x02, 0x01, 0x01, 0x00, 0x10, 0x40, 0x00, 0x00, 0xd0, 0x57, 0x02, 0x00,
    0x13, 0x01, 0x0b, 0x00, 0x15, 0x40, 0x00, 0x00, 0xa0, 0x03, 0x00, 0x00,
    0x14, 0x40, 0x00, 0x00, 0x10, 0x00, 0x00, 0x00, 0x16, 0x40, 0x00, 0x00,
    0xa0, 0x03, 0x00, 0x00, 0x18, 0x01, 0x80, 0xff, 0x14, 0x01, 0x41, 0x00,
    0x21, 0x01, 0x04, 0x00, 0x20, 0x01, 0x02, 0x00, 0x20, 0x40, 0x00, 0x00,
    0x10, 0x12, 0x00, 0x00, 0x21, 0x40, 0x00, 0x00, 0xe0, 0x00, 0x00, 0x00,
    0x22, 0x40, 0x00, 0x00, 0x90, 0x11, 0x00, 0x00, 0x23, 0x40, 0x00, 0x00,
    0x80, 0x00, 0x00, 0x00, 0x17, 0x01, 0x0f, 0x00, 0x0d, 0x01, 0x12, 0x00,
    0x03, 0x00, 0x00, 0x00, 0x00, 0x40, 0x00, 0x00, 0x90, 0xca, 0x01, 0x00,
    0x0b, 0x01, 0x00, 0x00, 0x0c, 0x01, 0x00, 0x00, 0x03, 0x01, 0x02, 0x00,
    0x10, 0x40, 0x00, 0x00, 0x70, 0x5b, 0x02, 0x00, 0x03, 0x00, 0x00, 0x00,
    0x00, 0x40, 0x00, 0x00, 0xd0, 0x57, 0x02, 0x00, 0x02, 0x40, 0x00, 0x00,
    0x00, 0x00, 0x00, 0x00, 0x01, 0x01, 0x00, 0x00, 0x03, 0x01, 0x00, 0x00,
    0x02, 0x01, 0x00, 0x00, 0x10, 0x40, 0x00, 0x00, 0x10, 0x5f, 0x02, 0x00,
    0x21, 0x01, 0x00, 0x00, 0x20, 0x01, 0x00, 0x00, 0x20, 0x40, 0x00, 0x00,
    0x70, 0x13, 0x00, 0x00, 0x21, 0x40, 0x00, 0x00, 0x00, 0x01, 0x00, 0x00,
    0x22, 0x40, 0x00, 0x00, 0xf0, 0x12, 0x00, 0x00, 0x0d, 0x01, 0x0a, 0x00,
    0x2f, 0x01, 0x01, 0x00, 0x02, 0x00, 0x00, 0x00, 0x00, 0x40, 0x00, 0x00,
    0x70, 0x5b, 0x02, 0x00, 0x10, 0x40, 0x00, 0x00, 0xb0, 0x62, 0x02, 0x00,
    0x2f, 0x01, 0x03, 0x00, 0x02, 0x00, 0x00, 0x00, 0x00, 0x40, 0x00, 0x00,
    0x10, 0x5f, 0x02, 0x00, 0x10, 0x40, 0x00, 0x00, 0xa8, 0x16, 0x00, 0x00,
    0x13, 0x01, 0x00, 0x00, 0x15, 0x40, 0x00, 0x00, 0x3a, 0x00, 0x00, 0x00,
    0x14, 0x40, 0x00, 0x00, 0x01, 0x00, 0x00, 0x00, 0x16, 0x40, 0x00, 0x00,
    0x01, 0x00, 0x00, 0x00, 0x18, 0x01, 0x75, 0x00, 0x14, 0x01, 0x01, 0x00,
    0x20, 0x40, 0x00, 0x00, 0x80, 0x14, 0x00, 0x00, 0x21, 0x40, 0x00, 0x00,
    0x40, 0x00, 0x00, 0x00, 0x22, 0x40, 0x00, 0x00, 0x70, 0x14, 0x00, 0x00,
    0x23, 0x40, 0x00, 0x00, 0x10, 0x00, 0x00, 0x00, 0x17, 0x01, 0x07, 0x00,
    0x2f, 0x01, 0x01, 0x00, 0x02, 0x00, 0x00, 0x00, 0x00, 0x40, 0x00, 0x00,
    0xb0, 0x62, 0x02, 0x00, 0x10, 0x40, 0x00, 0x00, 0xe2, 0x16, 0x00, 0x00,
    0x2f, 0x01, 0x03, 0x00, 0x02, 0x00, 0x00, 0x00, 0x00, 0x00, 0xff, 0xff,
};

static const uint8_t g_rf_v31_t12_weights[RF_V31_T12_WEIGHT_BYTES]
    RF_V31_ALIGN RF_V31_WEIGHT_SECTION = {
    0x65, 0x00, 0x00, 0x00, 0x00, 0x8e, 0x19, 0x73, 0x78, 0x24, 0x41, 0x00,
    0x00, 0x00, 0x00, 0x12, 0x37, 0x50, 0x44, 0x23, 0xdf, 0xff, 0xff, 0xff,
    0xff, 0x4b, 0x96, 0xe8, 0x6c, 0x24, 0x3c, 0x00, 0x00, 0x00, 0x00, 0xc8,
    0xd8, 0x35, 0x45, 0x23, 0xc7, 0xff, 0xff, 0xff, 0xff, 0x0b, 0xff, 0x4a,
    0x66, 0x24, 0xc9, 0xff, 0xff, 0xff, 0xff, 0xa7, 0xbf, 0x69, 0x75, 0x24,
    0x08, 0x00, 0x00, 0x00, 0x00, 0x34, 0x1e, 0x0f, 0x66, 0x24, 0xa8, 0x00,
    0x00, 0x00, 0x00, 0xe2, 0x68, 0x0c, 0x55, 0x24, 0xbe, 0xff, 0xff, 0xff,
    0xff, 0x46, 0x9d, 0xd7, 0x6d, 0x24, 0x90, 0x00, 0x00, 0x00, 0x00, 0xcc,
    0x40, 0x47, 0x60, 0x24, 0xae, 0xff, 0xff, 0xff, 0xff, 0x51, 0xa9, 0xe6,
    0x5a, 0x24, 0x79, 0x00, 0x00, 0x00, 0x00, 0xba, 0x13, 0x02, 0x7e, 0x24,
    0x00, 0x00, 0x00, 0x00, 0x00, 0x00, 0x00, 0x00, 0x68, 0x04, 0x5c, 0x02,
    0x0c, 0x0f, 0x0f, 0xdf, 0xec, 0x02, 0xa5, 0xa9, 0x5f, 0xd1, 0x59, 0x41,
    0x0f, 0xa7, 0xb8, 0x65, 0xe9, 0xa2, 0x22, 0x1a, 0x8f, 0x0f, 0x6f, 0x53,
    0xa5, 0x29, 0x78, 0xfe, 0xc6, 0x68, 0x03, 0x0f, 0xf8, 0xfa, 0x8f, 0xda,
    0x38, 0xac, 0x54, 0x9c, 0x0f, 0x0f, 0x0f, 0x43, 0xca, 0x7d, 0xa7, 0x90,
    0x4a, 0xbb, 0x7c, 0x0f, 0x3f, 0xdf, 0x90, 0x3f, 0xb9, 0x76, 0xac, 0x0f,
    0x0c, 0x0f, 0x35, 0xb7, 0xa2, 0x67, 0x99, 0x5d, 0xfb, 0x7f, 0x0f, 0x0f,
    0x0f, 0x45, 0x5b, 0xcd, 0xfa, 0x96, 0x33, 0x35, 0xdd, 0x8f, 0xdf, 0x21,
    0xa1, 0x4f, 0x18, 0x85, 0x01, 0x2a, 0x0c, 0x0f, 0x42, 0xfa, 0x10, 0xbe,
    0xb3, 0x8b, 0x93, 0x25, 0x0f, 0x0f, 0x0f, 0xfb, 0x04, 0xbd, 0x5a, 0xce,
    0x20, 0x1e, 0xa1, 0x0f, 0xaf, 0x5b, 0xb9, 0x15, 0x03, 0x50, 0xe8, 0x1b,
    0xf4, 0xff, 0xfa, 0xd8, 0xae, 0x0e, 0xfa, 0x6c, 0x3b, 0xb6, 0xff, 0xff,
    0xff, 0xff, 0xff, 0xff, 0x0f, 0x0f, 0x0f, 0x0f, 0x9f, 0x87, 0x29, 0xf2,
    0x08, 0x36, 0x2b, 0xd8, 0xf8, 0xff, 0xe3, 0xb6, 0x29, 0x2f, 0x6a, 0x71,
    0x57, 0x45, 0xff, 0xff, 0x0f, 0x0f, 0x0f, 0x0f, 0x2c, 0xaf, 0x20, 0x62,
    0xfb, 0x4d, 0x6b, 0xe6, 0xff, 0xff, 0xff, 0x5b, 0x20, 0x1c, 0x4f, 0x5c,
    0x3d, 0xfb, 0x67, 0xff, 0x0f, 0x0f, 0x0f, 0x0f, 0xff, 0xf7, 0x4b, 0xa4,
    0x18, 0xaf, 0x82, 0xff, 0xff, 0xff, 0xff, 0xff, 0xff, 0xff, 0xff, 0xff,
    0xff, 0xff, 0x0f, 0xff, 0xff, 0xff, 0xff, 0xff, 0xff, 0xff, 0xff, 0xff,
    0xff, 0xff, 0xff, 0xff, 0x7d, 0xe5, 0xff, 0xff, 0xff, 0x00, 0x07, 0x97,
    0x4d, 0x26, 0x53, 0x11, 0x00, 0x00, 0x00, 0x00, 0x2d, 0x7a, 0x79, 0x27,
    0xbd, 0x11, 0x00, 0x00, 0x00, 0x80, 0x77, 0x6d, 0x5b, 0x26, 0xf3, 0x08,
    0x00, 0x00, 0x00, 0x80, 0x38, 0xc1, 0x4d, 0x26, 0xa6, 0xf4, 0xff, 0xff,
    0xff, 0x00, 0xcf, 0xc7, 0x62, 0x26, 0x2d, 0x0f, 0x00, 0x00, 0x00, 0x00,
    0xae, 0x6c, 0x63, 0x26, 0x65, 0xe8, 0xff, 0xff, 0xff, 0x00, 0xfc, 0x95,
    0x54, 0x26, 0x7a, 0x06, 0x00, 0x00, 0x00, 0x00, 0x3d, 0x97, 0x73, 0x26,
    0xf8, 0x0d, 0x00, 0x00, 0x00, 0x00, 0x73, 0xd0, 0x54, 0x26, 0xd5, 0xec,
    0xff, 0xff, 0xff, 0x00, 0x9a, 0x3e, 0x7a, 0x27, 0xa3, 0x19, 0x00, 0x00,
    0x00, 0x80, 0x5d, 0x31, 0x55, 0x26, 0x57, 0x1a, 0x00, 0x00, 0x00, 0x80,
    0x45, 0xd5, 0x44, 0x26, 0x00, 0x00, 0x00, 0x00, 0x00, 0x00, 0x00, 0x00,
    0xc0, 0x07, 0x5c, 0x01, 0x0c, 0x00, 0x05, 0x8d, 0x88, 0x61, 0x09, 0x0f,
    0x6c, 0xf7, 0x00, 0x60, 0xe1, 0xbb, 0x35, 0x36, 0xb5, 0xe6, 0x61, 0x07,
    0x00, 0x6f, 0x2b, 0x55, 0xb4, 0xd6, 0x1d, 0x50, 0xde, 0x0d, 0xdc, 0x9d,
    0x2b, 0x36, 0xad, 0xfd, 0x87, 0x00, 0x40, 0xb6, 0x0f, 0xd2, 0x30, 0x93,
    0x4e, 0xf6, 0x0d, 0x00, 0xb0, 0x9e, 0xd9, 0xfd, 0x04, 0x3d, 0x9a, 0x00,
    0x4f, 0xd3, 0x0d, 0xc3, 0x4a, 0x1d, 0x88, 0x25, 0x00, 0x60, 0xa7, 0x7a,
    0x04, 0x93, 0x68, 0x7a, 0x73, 0x06, 0x00, 0x67, 0xde, 0x47, 0x7e, 0x28,
    0xe2, 0x46, 0xfc, 0xca, 0x54, 0x3e, 0xd2, 0xb0, 0x08, 0x90, 0x2c, 0x00,
    0xd0, 0x3b, 0x7d, 0xdb, 0xc6, 0x8f, 0x11, 0x0a, 0x00, 0x04, 0x50, 0x59,
    0x52, 0x2e, 0x24, 0xfd, 0x38, 0x94, 0xbe, 0x3f, 0x02, 0x98, 0x6d, 0x01,
    0x63, 0xb1, 0x00, 0x00, 0xd0, 0x90, 0x98, 0x13, 0x3d, 0xb9, 0xd3, 0x0f,
    0x00, 0x21, 0xfc, 0x31, 0x4c, 0xdf, 0x6c, 0x84, 0x94, 0x26, 0x65, 0x43,
    0x8d, 0x3d, 0x5c, 0x47, 0x7a, 0x00, 0x10, 0xa0, 0xa3, 0x06, 0x47, 0xea,
    0xda, 0xa6, 0x06, 0x00, 0x0e, 0x9e, 0xeb, 0x80, 0xc0, 0xcc, 0x6e, 0xe0,
    0xe9, 0xab, 0x47, 0x30, 0x29, 0xa0, 0x94, 0xe6, 0x00, 0x70, 0x3d, 0x8b,
    0xb4, 0x3b, 0x25, 0x35, 0x4f, 0xf4, 0xff, 0xfd, 0x15, 0x82, 0x46, 0x50,
    0x2a, 0x49, 0x35, 0xff, 0xdf, 0xef, 0xe6, 0x72, 0x3d, 0xf7, 0x92, 0x09,
    0x09, 0x0f, 0x0f, 0x0f, 0x0f, 0xc2, 0x47, 0xad, 0x25, 0x1b, 0x08, 0x39,
    0x3d, 0x0f, 0xef, 0x9a, 0x49, 0x0c, 0x50, 0x75, 0xd4, 0x0f, 0x09, 0x0f,
    0x3a, 0xfd, 0x88, 0x04, 0x03, 0x75, 0xc4, 0x85, 0x0f, 0x0f, 0x0f, 0x72,
    0xd3, 0xc3, 0xfd, 0xf8, 0x2c, 0x3b, 0xd7, 0x0f, 0xcf, 0xe8, 0xc8, 0x52,
    0x6a, 0xec, 0x10, 0xd8, 0x08, 0x0f, 0x4e, 0x13, 0x25, 0x2c, 0xf4, 0x2f,
    0x95, 0x10, 0x1f, 0x0f, 0x0f, 0x49, 0xa7, 0xa0, 0x9d, 0x68, 0x3d, 0xc7,
    0x87, 0x0f, 0x9f, 0x15, 0xa8, 0xa4, 0xd8, 0x91, 0x21, 0x2f, 0x09, 0x2f,
    0x97, 0x12, 0x52, 0x2c, 0x82, 0x29, 0x1b, 0x99, 0x0f, 0xff, 0xff, 0x37,
    0xff, 0x0f, 0x00, 0xff, 0x51, 0xf2, 0xff, 0xff, 0xff, 0x00, 0xf3, 0x20,
    0x6e, 0x26, 0xb1, 0xf9, 0xff, 0xff, 0xff, 0x00, 0x57, 0xee, 0x6a, 0x26,
    0xde, 0x18, 0x00, 0x00, 0x00, 0x80, 0xed, 0x6d, 0x5b, 0x26, 0x09, 0x0f,
    0x00, 0x00, 0x00, 0x00, 0x2d, 0xf4, 0x5e, 0x26, 0x68, 0x1e, 0x00, 0x00,
    0x00, 0x00, 0x30, 0x41, 0x7c, 0x26, 0x1d, 0xf3, 0xff, 0xff, 0xff, 0x80,
    0x8b, 0x13, 0x43, 0x25, 0x07, 0x16, 0x00, 0x00, 0x00, 0x80, 0x43, 0x31,
    0x50, 0x26, 0x1c, 0xf8, 0xff, 0xff, 0xff, 0x80, 0xf8, 0x7c, 0x40, 0x25,
    0x9f, 0xef, 0xff, 0xff, 0xff, 0x00, 0xb2, 0x6b, 0x6e, 0x26, 0x90, 0x0b,
    0x00, 0x00, 0x00, 0x00, 0x21, 0xad, 0x4d, 0x25, 0xcb, 0x1b, 0x00, 0x00,
    0x00, 0x00, 0x97, 0x96, 0x67, 0x26, 0x79, 0xe4, 0xff, 0xff, 0xff, 0x80,
    0x7b, 0x96, 0x40, 0x25, 0x00, 0x00, 0x00, 0x00, 0x00, 0x00, 0x00, 0x00,
    0x70, 0x04, 0x5c, 0x03, 0x0c, 0x00, 0xf8, 0x63, 0xad, 0xc6, 0x99, 0x4a,
    0x8a, 0x7f, 0x00, 0x20, 0xb1, 0xbb, 0xfd, 0x72, 0x7d, 0x71, 0x80, 0x0f,
    0x00, 0xf9, 0x02, 0x28, 0x32, 0xf5, 0x0d, 0x31, 0xd5, 0xf9, 0x81, 0x70,
    0xe1, 0x83, 0xc8, 0x99, 0x04, 0x00, 0x10, 0x80, 0x73, 0x9d, 0xef, 0xd7,
    0xfb, 0x95, 0x0b, 0x00, 0x5a, 0x68, 0x5f, 0xae, 0x54, 0x47, 0xc0, 0x37,
    0xf9, 0x92, 0xa1, 0x71, 0xbc, 0x9a, 0x8f, 0xa5, 0x00, 0x8f, 0x0f, 0x85,
    0x84, 0xbb, 0x24, 0x96, 0x06, 0x04, 0x0f, 0x86, 0x87, 0xd4, 0x82, 0x06,
    0x78, 0xb2, 0xde, 0x0f, 0xcf, 0x30, 0xcc, 0x34, 0x6c, 0x5a, 0xb1, 0xa9,
    0x06, 0x0f, 0x00, 0x1a, 0x23, 0xf1, 0xf8, 0x9b, 0xc8, 0xc3, 0x0f, 0x0f,
    0xff, 0x1b, 0xc9, 0x15, 0x49, 0x1a, 0x67, 0x9f, 0x37, 0xff, 0x6f, 0x26,
    0x80, 0xcf, 0x82, 0x60, 0xa9, 0xce, 0xf5, 0xff, 0xff, 0xff, 0xff, 0xff,
    0xff, 0xff, 0xff, 0xff, 0xff, 0xff, 0xff, 0xff, 0x0f, 0x00, 0x02, 0x08,
    0x35, 0x38, 0x6f, 0x33, 0x83, 0x58, 0xbf, 0x00, 0x50, 0x97, 0x4f, 0x5c,
    0xf8, 0xa9, 0xfb, 0xd5, 0xf1, 0xff, 0xf8, 0x75, 0x1c, 0x5e, 0x04, 0xc6,
    0xb2, 0xa1, 0xff, 0xdf, 0xf0, 0xf1, 0x79, 0x89, 0x5f, 0x55, 0x99, 0xfa,
    0x0f, 0x0f, 0x0f, 0x0f, 0xed, 0x04, 0x6b, 0x40, 0x04, 0x8c, 0xa4, 0xff,
    0xff, 0xff, 0xff, 0xff, 0xff, 0xff, 0xff, 0xff, 0xff, 0xff, 0xff, 0xff,
    0xff, 0xff, 0xff, 0xff, 0xff, 0xff, 0xff, 0x0f, 0xff, 0xff, 0xff, 0xff,
    0xff, 0xff, 0xff, 0xff, 0xff, 0xff, 0xff, 0xff, 0x92, 0x15, 0x00, 0x00,
    0x00, 0x80, 0x29, 0x6b, 0x54, 0x26, 0x9f, 0xf9, 0xff, 0xff, 0xff, 0x80,
    0xca, 0xc1, 0x61, 0x26, 0xa8, 0x3c, 0x00, 0x00, 0x00, 0x80, 0x60, 0xb2,
    0x45, 0x26, 0x61, 0xfd, 0xff, 0xff, 0xff, 0x80, 0xb5, 0xe5, 0x43, 0x25,
    0x3e, 0xf3, 0xff, 0xff, 0xff, 0x00, 0x78, 0xda, 0x64, 0x26, 0xd7, 0x08,
    0x00, 0x00, 0x00, 0x00, 0xcf, 0xa5, 0x49, 0x26, 0x71, 0x03, 0x00, 0x00,
    0x00, 0x00, 0xf5, 0x9e, 0x73, 0x26, 0x4a, 0x00, 0x00, 0x00, 0x00, 0x80,
    0x67, 0x74, 0x5d, 0x26, 0xa8, 0x22, 0x00, 0x00, 0x00, 0x80, 0xdf, 0xca,
    0x50, 0x27, 0x10, 0x09, 0x00, 0x00, 0x00, 0x00, 0xa5, 0x4c, 0x5e, 0x27,
    0x5c, 0xed, 0xff, 0xff, 0xff, 0x00, 0xe5, 0xc5, 0x67, 0x26, 0x2c, 0x06,
    0x00, 0x00, 0x00, 0x00, 0x0a, 0x87, 0x4f, 0x26, 0x00, 0x00, 0x00, 0x00,
    0x00, 0x00, 0x00, 0x00, 0x10, 0x0a, 0x5c, 0x01, 0x0c, 0x00, 0x61, 0x7f,
    0x54, 0x70, 0xfd, 0x7b, 0xef, 0x24, 0x00, 0x40, 0x9a, 0x1d, 0x0d, 0x77,
    0x03, 0x73, 0x4c, 0x08, 0x00, 0x0a, 0x51, 0x2c, 0x2b, 0x52, 0x31, 0x81,
    0xea, 0x03, 0xfc, 0xef, 0x36, 0xbe, 0x0f, 0x33, 0x07, 0x00, 0xa0, 0x24,
    0x39, 0xdb, 0x9f, 0x53, 0x45, 0x00, 0x08, 0x00, 0x5f, 0x8c, 0xb3, 0x31,
    0x94, 0x6c, 0xfc, 0x49, 0x78, 0xaf, 0xc7, 0x17, 0x3b, 0xbd, 0xbf, 0x75,
    0x00, 0x00, 0x15, 0xe0, 0x15, 0x4e, 0xd4, 0xdb, 0x72, 0x08, 0x00, 0x4d,
    0x3a, 0x6a, 0x3c, 0x62, 0xa2, 0x4b, 0x0a, 0xdd, 0x1e, 0x89, 0x88, 0x86,
    0x9f, 0x5b, 0x7d, 0x08, 0xf0, 0x91, 0x12, 0xfd, 0x51, 0xe1, 0x76, 0xda,
    0x00, 0x00, 0xee, 0xb1, 0x2d, 0x50, 0x3c, 0x6a, 0x1b, 0x91, 0x74, 0x79,
    0xba, 0xa1, 0x76, 0xda, 0x6d, 0x1d, 0x00, 0xa0, 0x87, 0xf8, 0x00, 0x3e,
    0x04, 0x57, 0x55, 0x01, 0x00, 0x5e, 0x2d, 0x26, 0x1d, 0x20, 0x08, 0xac,
    0x74, 0x21, 0x43, 0x98, 0x1a, 0x29, 0x56, 0x32, 0x29, 0x00, 0xd0, 0x10,
    0x66, 0x0c, 0x64, 0xb1, 0x29, 0xf9, 0x04, 0x00, 0x31, 0xb9, 0x6b, 0x5c,
    0x99, 0x25, 0x9a, 0xfd, 0xb7, 0xfd, 0x53, 0x2c, 0x1a, 0xbc, 0x61, 0x84,
    0x00, 0x00, 0xb7, 0xc1, 0x24, 0xf2, 0x53, 0x17, 0x89, 0x07, 0x00, 0xac,
    0x5d, 0x31, 0x1c, 0x76, 0xbc, 0x71, 0x3b, 0xa1, 0x1b, 0x05, 0x90, 0x5b,
    0x44, 0x6e, 0x74, 0x00, 0x90, 0x66, 0x11, 0xb3, 0x23, 0x52, 0x28, 0xd9,
    0x00, 0x0f, 0xdd, 0x4d, 0x3e, 0x42, 0x04, 0xcc, 0x38, 0x11, 0x0f, 0x1f,
    0x34, 0xac, 0xa7, 0x67, 0xe3, 0xdb, 0x4f, 0x0b, 0x0f, 0xb4, 0xb9, 0x59,
    0xfd, 0x5d, 0x94, 0x79, 0xd1, 0x0f, 0xcf, 0xef, 0x00, 0xf0, 0x82, 0x6a,
    0x24, 0xb5, 0x02, 0x0f, 0x91, 0x18, 0x21, 0x36, 0xe2, 0xc2, 0x0f, 0xbd,
    0x0f, 0x0f, 0x0f, 0xcb, 0x41, 0xd7, 0x2d, 0x58, 0x6c, 0x41, 0xb3, 0x0f,
    0x7f, 0x2a, 0x25, 0xa1, 0x81, 0xed, 0x50, 0x79, 0x0d, 0x0f, 0x76, 0x80,
    0x72, 0xc5, 0x84, 0xfc, 0xe3, 0x30, 0x0f, 0x0f, 0x0f, 0x45, 0x2d, 0x3c,
    0x74, 0x00, 0x3e, 0x33, 0x7c, 0x0f, 0xbf, 0x5d, 0xc5, 0x34, 0x38, 0xc4,
    0x85, 0x5f, 0x02, 0x0f, 0x81, 0x83, 0xaf, 0x63, 0xb3, 0x3a, 0x98, 0x46,
    0x0f, 0x0f, 0x0f, 0x29, 0x49, 0x9e, 0x0c, 0xad, 0xf1, 0x0f, 0x51, 0x0f,
    0x3f, 0x4a, 0xdd, 0x4b, 0xc3, 0x02, 0x8d, 0x99, 0x0a, 0x00, 0x2a, 0x03,
    0x97, 0xd9, 0xb1, 0x5f, 0xfd, 0x5d, 0x00, 0x90, 0x91, 0xd2, 0x79, 0xe7,
    0xb2, 0x25, 0x53, 0xff, 0x0f, 0x74, 0x55, 0xbe, 0xad, 0xfc, 0x50, 0x91,
    0xd3, 0x0f, 0x9f, 0x26, 0x68, 0x31, 0xe5, 0x56, 0xe9, 0xd7, 0x07, 0xff,
    0x77, 0x08, 0x04, 0x0f, 0xf0, 0xff, 0xff, 0xff, 0xff, 0xff, 0xff, 0xff,
    0xff, 0xff, 0xff, 0xff, 0xff, 0xff, 0xff, 0xff, 0xc2, 0x18, 0x00, 0x00,
    0x00, 0x00, 0xca, 0xb7, 0x74, 0x26, 0xa9, 0xf0, 0xff, 0xff, 0xff, 0x80,
    0xee, 0x41, 0x4c, 0x26, 0xae, 0xeb, 0xff, 0xff, 0xff, 0x00, 0x94, 0x93,
    0x4b, 0x26, 0xff, 0xf4, 0xff, 0xff, 0xff, 0x00, 0x82, 0x8d, 0x63, 0x26,
    0x6a, 0x1a, 0x00, 0x00, 0x00, 0x80, 0x27, 0x1f, 0x64, 0x26, 0xe9, 0x11,
    0x00, 0x00, 0x00, 0x00, 0x62, 0x58, 0x63, 0x26, 0x9f, 0xf3, 0xff, 0xff,
    0xff, 0x80, 0xbf, 0xf1, 0x70, 0x26, 0xc7, 0x02, 0x00, 0x00, 0x00, 0x00,
    0xf3, 0x8c, 0x5f, 0x26, 0x0d, 0xfe, 0xff, 0xff, 0xff, 0x00, 0x18, 0xad,
    0x6f, 0x26, 0x6d, 0xe6, 0xff, 0xff, 0xff, 0x00, 0x7c, 0xbb, 0x5a, 0x26,
    0x30, 0x1b, 0x00, 0x00, 0x00, 0x80, 0x3e, 0x19, 0x5a, 0x26, 0x3d, 0xe1,
    0xff, 0xff, 0xff, 0x80, 0x2d, 0xdd, 0x72, 0x26, 0x00, 0x00, 0x00, 0x00,
    0x00, 0x00, 0x00, 0x00, 0x78, 0x04, 0x54, 0xf1, 0xfd, 0xef, 0xcf, 0xca,
    0x3b, 0x18, 0x47, 0x76, 0x73, 0x2d, 0xbd, 0xdc, 0xbb, 0xea, 0xb9, 0x89,
    0x48, 0xb8, 0x67, 0x36, 0xf6, 0x25, 0x15, 0x95, 0xb3, 0x51, 0xc0, 0x6f,
    0x5f, 0x2f, 0xef, 0xce, 0x0e, 0x39, 0x00, 0xe0, 0xde, 0x7e, 0xff, 0x5d,
    0x70, 0x38, 0x31, 0xdd, 0xc0, 0x1f, 0x00, 0xdc, 0x3b, 0x4f, 0x9d, 0x9e,
    0xff, 0x05, 0x06, 0x2a, 0xe6, 0x0b, 0x00, 0x80, 0xad, 0x02, 0x12, 0xff,
    0x63, 0x5d, 0x72, 0x05, 0xe0, 0x2e, 0x4c, 0x56, 0x7f, 0x00, 0xe0, 0x7d,
    0x77, 0x35, 0x80, 0x46, 0xcf, 0x33, 0xa7, 0xe2, 0xca, 0xf5, 0xc2, 0x00,
    0x60, 0xa7, 0x64, 0x06, 0x85, 0xdb, 0x5f, 0xdc, 0xfe, 0xe2, 0xd1, 0xc6,
    0x2a, 0xc0, 0x01, 0xfe, 0x27, 0x03, 0xc1, 0xd1, 0x5c, 0x86, 0x07, 0x77,
    0xb3, 0x27, 0x36, 0xb6, 0xc0, 0xde, 0x3f, 0x7c, 0x76, 0x58, 0xaf, 0x28,
    0x8b, 0x74, 0x67, 0x78, 0xf0, 0xb7, 0x07, 0xc5, 0xaf, 0xef, 0xff, 0xe1,
    0xbb, 0x0b, 0x2c, 0x07, 0xf3, 0x76, 0xe1, 0xdf, 0x2f, 0xda, 0x9d, 0x7d,
    0xfe, 0xff, 0x37, 0x57, 0xd3, 0x74, 0xf2, 0xff, 0xdf, 0x08, 0x42, 0x99,
    0xff, 0xff, 0xff, 0xff, 0xff, 0xff, 0xff, 0xff, 0xff, 0xff, 0xff, 0xff,
    0x07, 0xf8, 0x2b, 0x00, 0xd8, 0xfd, 0xa3, 0xfb, 0xd6, 0x87, 0x6e, 0xe6,
    0x13, 0x00, 0xf2, 0xf5, 0x23, 0x02, 0xb3, 0xc1, 0x6f, 0xc0, 0x02, 0x12,
    0x9a, 0xfb, 0xff, 0x72, 0x3a, 0x0c, 0x00, 0x26, 0x96, 0xff, 0xcf, 0x80,
    0x80, 0xc1, 0x1f, 0xfb, 0x87, 0xdf, 0x7c, 0xf8, 0xbd, 0x03, 0x00, 0x0f,
    0x87, 0x8f, 0x5e, 0xfe, 0x7f, 0xff, 0xff, 0xff, 0xff, 0xff, 0xff, 0xff,
    0xff, 0xff, 0xff, 0xff, 0xff, 0xff, 0xff, 0xff, 0xff, 0xff, 0xff, 0xff,
    0x0f, 0xff, 0xff, 0xff, 0xff, 0xff, 0xff, 0xff, 0x5e, 0x2d, 0x00, 0x00,
    0x00, 0x00, 0x7f, 0x5f, 0x53, 0x26, 0x6b, 0xe6, 0xff, 0xff, 0xff, 0x00,
    0xb5, 0x9a, 0x7d, 0x27, 0x1a, 0xef, 0xff, 0xff, 0xff, 0x80, 0x40, 0x32,
    0x42, 0x26, 0xbe, 0x17, 0x00, 0x00, 0x00, 0x00, 0x12, 0x83, 0x57, 0x26,
    0xa0, 0xd6, 0xff, 0xff, 0xff, 0x00, 0x7c, 0xcc, 0x4d, 0x26, 0xe2, 0xfe,
    0xff, 0xff, 0xff, 0x80, 0xed, 0xe9, 0x6a, 0x26, 0x84, 0xf8, 0xff, 0xff,
    0xff, 0x00, 0x54, 0xb3, 0x56, 0x26, 0x69, 0x0e, 0x00, 0x00, 0x00, 0x80,
    0x82, 0xbb, 0x65, 0x26, 0x60, 0x0b, 0x00, 0x00, 0x00, 0x00, 0x73, 0x6a,
    0x5b, 0x26, 0xf2, 0x23, 0x00, 0x00, 0x00, 0x00, 0x6f, 0xcc, 0x7c, 0x27,
    0x80, 0xf7, 0xff, 0xff, 0xff, 0x80, 0x64, 0xb9, 0x56, 0x25, 0x84, 0x0e,
    0x00, 0x00, 0x00, 0x80, 0x76, 0x53, 0x4d, 0x26, 0x00, 0x00, 0x00, 0x00,
    0x00, 0x00, 0x00, 0x00, 0x88, 0x05, 0xdc, 0x01, 0x0c, 0x00, 0x1b, 0x8b,
    0x12, 0x96, 0x89, 0x7c, 0xcf, 0xa4, 0x00, 0xe0, 0xe2, 0x89, 0x70, 0x94,
    0x89, 0x7d, 0x72, 0x07, 0x04, 0x57, 0x6a, 0xfb, 0x0d, 0x95, 0x35, 0x0e,
    0xbe, 0x1c, 0x40, 0xf5, 0x0a, 0x61, 0xf0, 0x25, 0x80, 0x00, 0xb0, 0x1f,
    0xcf, 0x5f, 0x39, 0x96, 0xa7, 0xce, 0x0a, 0x00, 0x6e, 0xa1, 0xbc, 0xfb,
    0xbc, 0xcd, 0x2d, 0xb8, 0xb0, 0xf5, 0x2a, 0x21, 0x5d, 0xfc, 0x7b, 0x68,
    0x00, 0x90, 0xdb, 0xa0, 0x55, 0xd9, 0xe6, 0xc8, 0x2f, 0x07, 0x00, 0xab,
    0x88, 0x32, 0xfb, 0xf7, 0x7e, 0x74, 0x45, 0xa5, 0x99, 0x5c, 0x06, 0x20,
    0x1e, 0x9d, 0xf8, 0x00, 0x30, 0x6d, 0xf8, 0xb1, 0x71, 0x45, 0x86, 0xc4,
    0x0f, 0x02, 0x30, 0xd8, 0x2b, 0x48, 0xa9, 0xc1, 0x52, 0xbc, 0xf5, 0xd8,
    0x7e, 0x2f, 0x36, 0xad, 0x00, 0xb7, 0x00, 0xa0, 0xe2, 0x91, 0xc3, 0x1f,
    0xb6, 0x21, 0x70, 0xf8, 0x0f, 0x43, 0x77, 0x26, 0x5f, 0xb7, 0x36, 0xc1,
    0x9c, 0x0f, 0x1f, 0xc8, 0x1b, 0x18, 0xb4, 0xa2, 0xcd, 0xc2, 0x0f, 0x0f,
    0x2c, 0xfb, 0x4a, 0x22, 0x22, 0x04, 0xaf, 0x23, 0x0f, 0x0f, 0x0f, 0x10,
    0x09, 0x09, 0x1f, 0x45, 0xed, 0x16, 0x1e, 0x0f, 0xbf, 0x8f, 0x8d, 0xcd,
    0xf7, 0xbc, 0xe2, 0x4b, 0x03, 0x0f, 0x78, 0x7a, 0x3f, 0x98, 0x9e, 0xe0,
    0x59, 0xc8, 0x0f, 0x0f, 0x0f, 0x93, 0x3e, 0x6f, 0xea, 0x20, 0xc8, 0xfc,
    0x24, 0x0f, 0xaf, 0x36, 0x06, 0x1e, 0x89, 0x78, 0x03, 0xee, 0x02, 0xff,
    0x3d, 0x31, 0x0f, 0xf0, 0xff, 0xff, 0xff, 0xff, 0xff, 0xff, 0xff, 0xff,
    0x72, 0x1c, 0x00, 0x00, 0x00, 0x80, 0xc9, 0x0f, 0x4f, 0x26, 0xf7, 0x07,
    0x00, 0x00, 0x00, 0x00, 0xfc, 0x33, 0x74, 0x26, 0xed, 0xf3, 0xff, 0xff,
    0xff, 0x80, 0x55, 0x8f, 0x6a, 0x26, 0x62, 0xe7, 0xff, 0xff, 0xff, 0x80,
    0x05, 0xe0, 0x6e, 0x26, 0xab, 0x1e, 0x00, 0x00, 0x00, 0x80, 0xfc, 0xe9,
    0x49, 0x26, 0x00, 0x09, 0x00, 0x00, 0x00, 0x80, 0x15, 0xae, 0x76, 0x26,
    0xec, 0x1a, 0x00, 0x00, 0x00, 0x00, 0x74, 0xc7, 0x78, 0x26, 0x30, 0x0f,
    0x00, 0x00, 0x00, 0x80, 0x71, 0x83, 0x46, 0x26, 0xb7, 0x01, 0x00, 0x00,
    0x00, 0x00, 0xbb, 0xfc, 0x7e, 0x26, 0xc9, 0xf7, 0xff, 0xff, 0xff, 0x80,
    0xbb, 0xa9, 0x50, 0x25, 0xb9, 0xf8, 0xff, 0xff, 0xff, 0x00, 0x8f, 0x7e,
    0x46, 0x25, 0x6a, 0xf9, 0xff, 0xff, 0xff, 0x00, 0x5d, 0x75, 0x76, 0x26,
    0x00, 0x00, 0x00, 0x00, 0x00, 0x00, 0x00, 0x00, 0x70, 0x04, 0x54, 0xf1,
    0xfd, 0x5f, 0x29, 0x87, 0x24, 0x04, 0xe3, 0x3f, 0x2a, 0x3a, 0xe9, 0x88,
    0x58, 0xf8, 0xe7, 0xc6, 0x46, 0xa6, 0x85, 0x05, 0x95, 0x44, 0xd4, 0x81,
    0x61, 0x41, 0xa0, 0x4f, 0x6f, 0x1e, 0xee, 0xbd, 0xed, 0x57, 0x00, 0xb0,
    0x71, 0xbc, 0xbb, 0xa0, 0x1f, 0xf1, 0x65, 0xca, 0xfc, 0x0e, 0x00, 0xdc,
    0x68, 0x25, 0xe4, 0x0c, 0xf3, 0x6b, 0xd7, 0xa4, 0xcb, 0xe6, 0x34, 0xcb,
    0x02, 0xc0, 0xab, 0x1b, 0xb0, 0xd7, 0x9f, 0xcb, 0x1e, 0x19, 0xf2, 0xe3,
    0x03, 0x77, 0x00, 0x00, 0xff, 0x9d, 0x59, 0xa4, 0xc0, 0x70, 0x4f, 0x96,
    0x1d, 0x6e, 0xc3, 0x7c, 0x00, 0xf8, 0x54, 0x35, 0x99, 0x04, 0x35, 0xda,
    0x3a, 0xc0, 0x7f, 0xf3, 0x00, 0x32, 0x96, 0xb9, 0xb7, 0xd7, 0x3f, 0xb4,
    0x1f, 0xe9, 0x3b, 0x78, 0x70, 0x36, 0x32, 0x05, 0xff, 0x3d, 0x3e, 0xde,
    0xae, 0x40, 0xa7, 0x27, 0x1f, 0xd3, 0x0c, 0x0f, 0xef, 0x02, 0xd9, 0x3b,
    0x18, 0x5c, 0xdf, 0xc3, 0xfb, 0x29, 0x27, 0xea, 0x9e, 0xbe, 0x0e, 0xfe,
    0x5b, 0x3b, 0x5c, 0x23, 0x18, 0xff, 0xaf, 0x00, 0x28, 0xa6, 0xfd, 0xff,
    0xff, 0xff, 0xff, 0xff, 0xff, 0xff, 0xff, 0xff, 0xff, 0xff, 0xff, 0xff,
    0x03, 0xb8, 0x19, 0x00, 0xbc, 0x1c, 0xc7, 0x5f, 0x0d, 0x16, 0x7a, 0xa1,
    0x18, 0x01, 0x80, 0x1b, 0x67, 0xc5, 0x47, 0x00, 0x74, 0xf9, 0x6b, 0xc0,
    0x0b, 0x9e, 0xae, 0xf8, 0x7f, 0xa4, 0xe8, 0x2a, 0xb8, 0x0d, 0xf3, 0xff,
    0xff, 0xd0, 0x3f, 0x0f, 0xff, 0x5c, 0x00, 0xe0, 0xa1, 0x17, 0x61, 0xba,
    0xff, 0x2f, 0xdd, 0xfe, 0xff, 0xff, 0xff, 0xff, 0xff, 0xff, 0xff, 0xff,
    0xff, 0xff, 0xff, 0xff, 0xff, 0xff, 0xff, 0xff, 0xff, 0xff, 0xc3, 0xff,
    0xff, 0xff, 0xff, 0xff, 0xff, 0xff, 0xff, 0xff, 0xff, 0xff, 0xff, 0xff,
    0x72, 0xdd, 0xff, 0xff, 0xff, 0x00, 0x65, 0x32, 0x57, 0x26, 0xce, 0x12,
    0x00, 0x00, 0x00, 0x00, 0xea, 0xf8, 0x45, 0x26, 0x9d, 0x03, 0x00, 0x00,
    0x00, 0x80, 0x05, 0x13, 0x4e, 0x26, 0xe7, 0x31, 0x00, 0x00, 0x00, 0x00,
    0x11, 0xb8, 0x6c, 0x27, 0x72, 0x1e, 0x00, 0x00, 0x00, 0x80, 0xc8, 0x09,
    0x6a, 0x26, 0x6e, 0xdd, 0xff, 0xff, 0xff, 0x80, 0x2c, 0x62, 0x61, 0x27,
    0x93, 0xf1, 0xff, 0xff, 0xff, 0x80, 0x5b, 0xf6, 0x45, 0x26, 0x9e, 0x37,
    0x00, 0x00, 0x00, 0x00, 0x17, 0x79, 0x4c, 0x26, 0xf4, 0xdb, 0xff, 0xff,
    0xff, 0x80, 0x88, 0xad, 0x7e, 0x27, 0xf8, 0xf5, 0xff, 0xff, 0xff, 0x80,
    0x5d, 0x89, 0x5f, 0x26, 0x82, 0xfb, 0xff, 0xff, 0xff, 0x80, 0x87, 0x36,
    0x45, 0x26, 0xfc, 0xdc, 0xff, 0xff, 0xff, 0x80, 0xf5, 0xce, 0x65, 0x27,
    0x00, 0x00, 0x00, 0x00, 0x00, 0x00, 0x00, 0x00, 0xd0, 0x07, 0x5c, 0x01,
    0x0c, 0x00, 0x03, 0xb0, 0xbb, 0xfc, 0x39, 0x49, 0x3e, 0x75, 0x00, 0xd0,
    0xd1, 0xd0, 0x8f, 0x23, 0x22, 0x7e, 0x60, 0x06, 0x00, 0x0a, 0xc9, 0x3a,
    0x35, 0x04, 0x38, 0x7d, 0x33, 0x18, 0x62, 0xfb, 0xcd, 0x21, 0xcc, 0xb7,
    0x30, 0x00, 0x30, 0x47, 0xc0, 0xd4, 0xfb, 0xe6, 0x45, 0x94, 0x0d, 0x00,
    0x6b, 0x9c, 0xa4, 0x3f, 0x5b, 0x15, 0xfd, 0x97, 0x29, 0x60, 0x1a, 0x89,
    0x98, 0x88, 0x8a, 0x9d, 0x00, 0xb0, 0x58, 0x4c, 0x94, 0xd3, 0x4f, 0x95,
    0xd7, 0x07, 0x00, 0x61, 0x63, 0x95, 0x07, 0x00, 0x54, 0x90, 0x20, 0x40,
    0x15, 0x75, 0xa6, 0x63, 0x3b, 0x00, 0x15, 0x00, 0x20, 0x1b, 0xe7, 0x5a,
    0x93, 0x55, 0x5b, 0x76, 0x02, 0x00, 0x70, 0x6f, 0x3c, 0x1b, 0x05, 0x21,
    0x1a, 0x4c, 0x92, 0x24, 0xac, 0x9b, 0x1d, 0xce, 0x4e, 0x79, 0x00, 0x40,
    0x8d, 0x23, 0x65, 0xf7, 0xcd, 0xef, 0x57, 0x01, 0x00, 0xe8, 0x1c, 0xc1,
    0x7b, 0x6d, 0x25, 0xb6, 0x93, 0xc4, 0xfd, 0x54, 0xbd, 0x37, 0x18, 0x0f,
    0xbf, 0x00, 0xb0, 0x31, 0x7b, 0x9f, 0xe4, 0x06, 0x2a, 0x8c, 0x01, 0x00,
    0x5f, 0x91, 0x7a, 0x5d, 0xa6, 0x0e, 0x91, 0x07, 0x88, 0x4c, 0xef, 0xcd,
    0x51, 0x3f, 0xba, 0x34, 0x00, 0xc0, 0xcf, 0x68, 0x7a, 0xd2, 0x36, 0x66,
    0x18, 0xfe, 0xff, 0xc4, 0x87, 0x24, 0xd3, 0x6d, 0x62, 0xda, 0xfd, 0xff,
    0x6f, 0xca, 0x5f, 0x2d, 0x01, 0x66, 0x16, 0x0b, 0x01, 0x0f, 0x0f, 0x0f,
    0x0f, 0x5d, 0xa4, 0x2a, 0x80, 0x41, 0x45, 0x6b, 0x55, 0x0f, 0x4f, 0x4b,
    0x81, 0xc5, 0x99, 0x50, 0xf2, 0x96, 0x03, 0x0f, 0x91, 0x4a, 0xc4, 0x70,
    0x3c, 0x0e, 0x1b, 0xcc, 0x0f, 0x0f, 0x0f, 0x96, 0x51, 0x31, 0x7a, 0x8d,
    0x7d, 0x07, 0xc0, 0x2f, 0x2f, 0x56, 0xdb, 0xcf, 0x3f, 0x2a, 0xa6, 0x83,
    0x02, 0x0f, 0x0c, 0x32, 0xa7, 0xc6, 0x8d, 0x5e, 0x73, 0xf8, 0x0f, 0x0f,
    0x0f, 0x02, 0x2f, 0xd2, 0xfc, 0xa6, 0xd3, 0x69, 0x37, 0x0f, 0xcf, 0x04,
    0xbe, 0x60, 0x2a, 0x80, 0x82, 0x87, 0x06, 0x0f, 0x1e, 0xc0, 0x41, 0x71,
    0x45, 0xae, 0xaa, 0x92, 0x0f, 0xff, 0xff, 0x42, 0x4a, 0xcc, 0xff, 0x0f,
    0x00, 0xff, 0xff, 0xff, 0xff, 0xff, 0xff, 0xff, 0xff, 0xff, 0xff, 0xff,
    0xff, 0xff, 0xff, 0xff, 0x3a, 0xfb, 0xff, 0xff, 0xff, 0x00, 0x6c, 0x2b,
    0x58, 0x26, 0x7c, 0x04, 0x00, 0x00, 0x00, 0x00, 0x7d, 0x83, 0x71, 0x26,
    0x25, 0xec, 0xff, 0xff, 0xff, 0x00, 0xb5, 0x83, 0x48, 0x26, 0x7d, 0x0f,
    0x00, 0x00, 0x00, 0x80, 0x55, 0xf1, 0x45, 0x25, 0x7c, 0x0d, 0x00, 0x00,
    0x00, 0x00, 0xf7, 0xc7, 0x6a, 0x26, 0x9e, 0x19, 0x00, 0x00, 0x00, 0x80,
    0xf9, 0x16, 0x57, 0x26, 0x59, 0x1b, 0x00, 0x00, 0x00, 0x80, 0x72, 0xc8,
    0x43, 0x26, 0x65, 0x07, 0x00, 0x00, 0x00, 0x00, 0x13, 0x92, 0x50, 0x26,
    0xd2, 0x03, 0x00, 0x00, 0x00, 0x00, 0xe5, 0xb9, 0x74, 0x26, 0x4f, 0x10,
    0x00, 0x00, 0x00, 0x00, 0x00, 0xfe, 0x7c, 0x26, 0x90, 0x07, 0x00, 0x00,
    0x00, 0x80, 0x97, 0x6c, 0x44, 0x26, 0xc7, 0x0a, 0x00, 0x00, 0x00, 0x00,
    0xed, 0xe7, 0x4e, 0x26, 0x00, 0x00, 0x00, 0x00, 0x00, 0x00, 0x00, 0x00,
    0x68, 0x04, 0xd4, 0xf1, 0xfd, 0xef, 0x5f, 0xda, 0xa2, 0x91, 0x6b, 0x1b,
    0xe9, 0x58, 0x46, 0x86, 0x55, 0xd5, 0xb4, 0xa4, 0x54, 0x44, 0x24, 0xf4,
    0xb3, 0x63, 0xb3, 0xa2, 0x32, 0xf2, 0xb1, 0x91, 0x60, 0x2f, 0x1f, 0x6f,
    0xfe, 0xe1, 0x00, 0xe0, 0xee, 0xae, 0xfb, 0xae, 0x52, 0xb6, 0x03, 0xe5,
    0xd4, 0x01, 0x3b, 0xec, 0x00, 0x90, 0xee, 0x86, 0x40, 0x8c, 0x61, 0xbd,
    0xff, 0x8e, 0x3d, 0x04, 0x80, 0x2f, 0x12, 0xf1, 0x89, 0xd7, 0xcd, 0x5b,
    0x85, 0x02, 0x3a, 0xb3, 0x8c, 0x03, 0x80, 0xa6, 0x63, 0xd1, 0x3a, 0xe4,
    0x83, 0x01, 0x80, 0x55, 0x7c, 0x9d, 0x34, 0xca, 0x2d, 0xff, 0x7d, 0x6e,
    0x67, 0x0c, 0x8f, 0x0f, 0x10, 0xa0, 0xc7, 0x01, 0xbe, 0x8f, 0xe4, 0x9f,
    0xd2, 0x98, 0xc1, 0xc3, 0xff, 0x24, 0x73, 0x66, 0x12, 0xce, 0xc5, 0x0c,
    0xd5, 0x4f, 0x77, 0xfe, 0xf0, 0xff, 0x47, 0x88, 0xd7, 0x58, 0x0a, 0x09,
    0xe2, 0xc2, 0xc3, 0x27, 0xaa, 0x3a, 0xc0, 0xc3, 0x4f, 0x82, 0x76, 0x1b,
    0xd8, 0xf4, 0x9f, 0x19, 0x16, 0x08, 0x28, 0xb6, 0xd6, 0xff, 0xff, 0xff,
    0xff, 0xff, 0xff, 0xff, 0xff, 0xff, 0xff, 0xff, 0xff, 0xff, 0xff, 0xff,
    0x03, 0xdc, 0x27, 0x00, 0x4c, 0x1f, 0xfe, 0x2a, 0xfb, 0x00, 0xb3, 0x80,
    0xf7, 0x01, 0xf0, 0xdd, 0x23, 0x9c, 0xc8, 0x67, 0xfb, 0xcf, 0xdf, 0xf7,
    0x0a, 0xa0, 0xca, 0xf7, 0xfe, 0xff, 0x7e, 0x69, 0x81, 0x8f, 0xe5, 0xff,
    0x9f, 0x4e, 0xae, 0xf0, 0x0f, 0x4c, 0x69, 0x73, 0x7e, 0x02, 0x0f, 0xff,
    0x7a, 0xf0, 0xd0, 0xef, 0xff, 0xc5, 0x85, 0xe6, 0xff, 0xff, 0xff, 0xff,
    0xff, 0xff, 0xff, 0xff, 0xff, 0xff, 0xff, 0xff, 0xff, 0xff, 0xff, 0xff,
    0xff, 0xff, 0x1f, 0xfe, 0xff, 0xff, 0xff, 0xff, 0xff, 0xff, 0xff, 0xff,
    0xff, 0xff, 0xff, 0xff, 0x13, 0x20, 0x00, 0x00, 0x00, 0x80, 0x15, 0xdd,
    0x48, 0x27, 0x3c, 0xfe, 0xff, 0xff, 0xff, 0x00, 0xf7, 0x9a, 0x57, 0x26,
    0x09, 0x3d, 0x00, 0x00, 0x00, 0x80, 0x24, 0x16, 0x7b, 0x28, 0x45, 0x20,
    0x00, 0x00, 0x00, 0x00, 0xf5, 0x67, 0x42, 0x26, 0xfc, 0xff, 0xff, 0xff,
    0xff, 0x80, 0x3d, 0x39, 0x41, 0x26, 0xe3, 0xc8, 0xff, 0xff, 0xff, 0x80,
    0x88, 0x54, 0x42, 0x26, 0xc0, 0xb7, 0xff, 0xff, 0xff, 0x80, 0x3a, 0x30,
    0x47, 0x27, 0x46, 0x41, 0x00, 0x00, 0x00, 0x80, 0xa1, 0xa2, 0x6b, 0x27,
    0xa6, 0xdf, 0xff, 0xff, 0xff, 0x00, 0x47, 0xad, 0x61, 0x27, 0xc7, 0x00,
    0x00, 0x00, 0x00, 0x00, 0xa4, 0xd9, 0x66, 0x26, 0x21, 0x4e, 0x00, 0x00,
    0x00, 0x80, 0xc5, 0x1b, 0x61, 0x27, 0xea, 0x59, 0x00, 0x00, 0x00, 0x00,
    0xb7, 0x59, 0x42, 0x27, 0x00, 0x00, 0x00, 0x00, 0x00, 0x00, 0x00, 0x00,
    0x00, 0x0a, 0xdc, 0x01, 0x0c, 0x00, 0x42, 0xfa, 0x7a, 0xe4, 0xf3, 0x29,
    0x25, 0xba, 0x00, 0xc0, 0xc8, 0x45, 0x20, 0x95, 0x37, 0xb9, 0xe7, 0x08,
    0x00, 0xab, 0x23, 0x7a, 0x05, 0x79, 0x02, 0x05, 0x16, 0x78, 0xd8, 0x12,
    0xb8, 0x85, 0x0d, 0x43, 0xa2, 0x00, 0x20, 0xa0, 0x01, 0x95, 0x94, 0xb9,
    0x76, 0x23, 0x08, 0x00, 0xfc, 0xcc, 0x51, 0x6a, 0x4d, 0x75, 0xc9, 0xb4,
    0xc2, 0x19, 0xec, 0x44, 0xb9, 0x77, 0x91, 0x18, 0x00, 0x90, 0xa1, 0x2e,
    0x80, 0xc0, 0xbe, 0x1f, 0x2e, 0x04, 0x00, 0x52, 0x5d, 0x76, 0x13, 0x50,
    0x4b, 0x81, 0x0b, 0x6f, 0x5c, 0x3c, 0x1b, 0xd8, 0x7d, 0xa5, 0x48, 0x00,
    0x50, 0xb6, 0x0f, 0x8e, 0xd9, 0xb2, 0x7f, 0x2c, 0x05, 0x00, 0x2a, 0x10,
    0x34, 0x07, 0xbe, 0x75, 0x46, 0x60, 0xb6, 0x21, 0x80, 0x17, 0xf4, 0x97,
    0x32, 0x9f, 0x00, 0x00, 0xa7, 0xf0, 0x66, 0xcb, 0x11, 0xb3, 0x78, 0x00,
    0x00, 0x62, 0xf7, 0x18, 0x04, 0x5c, 0x20, 0x67, 0x6d, 0x6e, 0x69, 0x16,
    0xaa, 0x66, 0x39, 0x1c, 0x1c, 0x00, 0xd0, 0x94, 0x4e, 0x1d, 0x86, 0xba,
    0x5a, 0x97, 0x08, 0x10, 0x6b, 0x12, 0xfc, 0x0c, 0x9a, 0x06, 0x2e, 0x26,
    0x27, 0x05, 0xc6, 0x20, 0xfc, 0x63, 0xc1, 0x19, 0x00, 0xc0, 0xf5, 0xf4,
    0x68, 0x0c, 0xb0, 0x0f, 0x4b, 0x06, 0x00, 0xaf, 0x41, 0x61, 0x1a, 0x27,
    0x83, 0x5c, 0x00, 0x36, 0x3d, 0x33, 0x18, 0x40, 0x53, 0x6c, 0x09, 0x80,
    0xe0, 0x42, 0x33, 0xb0, 0xdb, 0x93, 0x9a, 0xab, 0x08, 0x0f, 0x75, 0x64,
    0xeb, 0x2d, 0x3e, 0x48, 0x15, 0x0e, 0x0f, 0x1f, 0xc6, 0xcf, 0x22, 0xa9,
    0x87, 0x2d, 0x09, 0x4c, 0x0f, 0x00, 0x35, 0x53, 0x4c, 0x3a, 0x8e, 0x52,
    0x24, 0x0f, 0xaf, 0xa6, 0x22, 0xe9, 0x2c, 0xd4, 0x24, 0x83, 0x03, 0x0f,
    0x34, 0x0a, 0x82, 0x4c, 0xa1, 0x89, 0x5d, 0x0f, 0x0f, 0x0f, 0x0f, 0x03,
    0x0f, 0x7e, 0x42, 0xf0, 0xad, 0x1f, 0x3a, 0x0f, 0x1f, 0xd1, 0xc6, 0x43,
    0x67, 0xdc, 0x12, 0x05, 0x04, 0x0f, 0xea, 0x61, 0x73, 0x3e, 0xb2, 0x95,
    0x7c, 0x5c, 0x0f, 0x0f, 0x0f, 0x9f, 0xfb, 0x33, 0x42, 0x2e, 0x1a, 0xb2,
    0x01, 0x0f, 0x2f, 0xb1, 0xb6, 0xc5, 0x0f, 0x18, 0xd1, 0xc4, 0x0a, 0x0f,
    0x6c, 0x3f, 0xfb, 0x66, 0xd6, 0x69, 0x15, 0xca, 0x0f, 0x0f, 0x0f, 0x7a,
    0x25, 0x18, 0x9c, 0x98, 0x1d, 0x61, 0x23, 0x0f, 0x4f, 0x39, 0x22, 0xa1,
    0x06, 0xf0, 0x61, 0xc8, 0x08, 0x00, 0x26, 0x59, 0x24, 0xe5, 0x7c, 0xb6,
    0x9d, 0x19, 0x00, 0xc0, 0xdf, 0x3a, 0xa3, 0xc2, 0xef, 0x76, 0xa7, 0xf1,
    0x0f, 0x1a, 0x14, 0x87, 0x0b, 0x5e, 0x8b, 0xd4, 0xc2, 0x0f, 0x8f, 0xd2,
    0x91, 0xcd, 0x81, 0xd6, 0xb5, 0xbc, 0x03, 0xff, 0xba, 0x0f, 0xf0, 0xff,
    0xfe, 0xd6, 0xff, 0xff, 0xff, 0x80, 0x4e, 0x6f, 0x6f, 0x26, 0x88, 0xfb,
    0xff, 0xff, 0xff, 0x00, 0xa1, 0xa4, 0x45, 0x25, 0xaf, 0x08, 0x00, 0x00,
    0x00, 0x80, 0xcf, 0x96, 0x45, 0x26, 0x16, 0xe4, 0xff, 0xff, 0xff, 0x00,
    0x14, 0x53, 0x62, 0x26, 0x53, 0x02, 0x00, 0x00, 0x00, 0x80, 0x12, 0x99,
    0x45, 0x25, 0x65, 0xf6, 0xff, 0xff, 0xff, 0x80, 0x9e, 0xe9, 0x68, 0x26,
    0xf5, 0x18, 0x00, 0x00, 0x00, 0x80, 0x3f, 0x34, 0x41, 0x26, 0x5e, 0x10,
    0x00, 0x00, 0x00, 0x00, 0xc0, 0x94, 0x58, 0x26, 0x98, 0xf5, 0xff, 0xff,
    0xff, 0x00, 0x4f, 0xac, 0x56, 0x26, 0x24, 0xed, 0xff, 0xff, 0xff, 0x80,
    0x2b, 0x72, 0x62, 0x26, 0xb3, 0x0c, 0x00, 0x00, 0x00, 0x80, 0x78, 0xa5,
    0x63, 0x27, 0x38, 0xe0, 0xff, 0xff, 0xff, 0x00, 0x27, 0xaa, 0x48, 0x25,
    0x00, 0x00, 0x00, 0x00, 0x00, 0x00, 0x00, 0x00, 0x70, 0x04, 0x54, 0xf1,
    0xed, 0xff, 0x4f, 0x84, 0xa8, 0x27, 0x37, 0xd6, 0xd4, 0xa1, 0x8e, 0x7d,
    0x2c, 0x5a, 0xe9, 0xd8, 0x27, 0x86, 0x25, 0xa5, 0x94, 0xe4, 0x83, 0x73,
    0xc2, 0x71, 0x11, 0xa1, 0x70, 0xb0, 0xaf, 0x3f, 0xff, 0xdc, 0x00, 0xd8,
    0xef, 0x8e, 0xf6, 0xcd, 0x1b, 0x0d, 0x74, 0x0e, 0x00, 0x8e, 0x95, 0xb0,
    0xc1, 0x80, 0x87, 0xde, 0xe0, 0x3c, 0x8d, 0x80, 0x14, 0x8f, 0x0e, 0x00,
    0xf3, 0x7b, 0x1b, 0x24, 0xe6, 0xf2, 0xe0, 0x9e, 0x5c, 0x09, 0xfc, 0xaf,
    0x79, 0x00, 0xe8, 0x6b, 0x57, 0xbd, 0x7b, 0x41, 0xef, 0xf1, 0xde, 0x74,
    0x31, 0x2a, 0xd9, 0x03, 0x00, 0xbe, 0xd0, 0x9c, 0xd9, 0x02, 0x7e, 0xf7,
    0x36, 0xcc, 0xe0, 0x92, 0x0c, 0x4b, 0x80, 0x3f, 0x9a, 0xf1, 0x90, 0x15,
    0x21, 0xc2, 0xc3, 0x39, 0x70, 0xef, 0x2f, 0xd8, 0xe2, 0x45, 0x3f, 0xfc,
    0x10, 0xac, 0x51, 0x4e, 0xbe, 0x87, 0xc0, 0xc3, 0x03, 0x1f, 0x8a, 0xa9,
    0x6c, 0x3a, 0xee, 0x87, 0xdf, 0xce, 0x5d, 0xf8, 0xff, 0xfd, 0xa7, 0x57,
    0x59, 0xd7, 0xe1, 0xff, 0x55, 0x3e, 0x12, 0x8c, 0xff, 0x6f, 0x88, 0xa1,
    0x4a, 0xee, 0x02, 0xfe, 0xff, 0xff, 0xff, 0xff, 0xff, 0xff, 0xff, 0xff,
    0xff, 0xff, 0xff, 0x1f, 0x00, 0x00, 0x3c, 0xe1, 0x6e, 0x3b, 0x00, 0xcc,
    0x1b, 0x35, 0xc4, 0xfe, 0x91, 0x01, 0xe9, 0xd7, 0x62, 0xaa, 0x36, 0x62,
    0xff, 0xff, 0x7f, 0x0b, 0x10, 0x38, 0x04, 0x05, 0xff, 0xff, 0x09, 0x6e,
    0xdc, 0x3f, 0x0c, 0xc0, 0xc3, 0x07, 0x0f, 0x3b, 0x13, 0x9c, 0xfe, 0xff,
    0xff, 0xff, 0xff, 0xff, 0xff, 0xff, 0xff, 0xff, 0xff, 0xff, 0xff, 0xff,
    0xff, 0xff, 0xff, 0xff, 0xff, 0xff, 0x1f, 0xfe, 0xca, 0xf1, 0xff, 0xff,
    0xff, 0x00, 0x96, 0x80, 0x45, 0x26, 0xa5, 0x04, 0x00, 0x00, 0x00, 0x80,
    0x94, 0x99, 0x60, 0x26, 0xa2, 0xea, 0xff, 0xff, 0xff, 0x80, 0xce, 0xbb,
    0x6e, 0x26, 0x35, 0xd7, 0xff, 0xff, 0xff, 0x00, 0xe6, 0x61, 0x65, 0x27,
    0x19, 0x18, 0x00, 0x00, 0x00, 0x00, 0x4d, 0x92, 0x57, 0x26, 0x83, 0xe1,
    0xff, 0xff, 0xff, 0x80, 0x3e, 0xd4, 0x4f, 0x27, 0x00, 0xde, 0xff, 0xff,
    0xff, 0x00, 0x97, 0xa5, 0x41, 0x26, 0x6b, 0xff, 0xff, 0xff, 0xff, 0x80,
    0x4c, 0x7c, 0x5e, 0x26, 0x8a, 0x2a, 0x00, 0x00, 0x00, 0x00, 0x1d, 0x8d,
    0x4d, 0x26, 0x26, 0xd9, 0xff, 0xff, 0xff, 0x00, 0xc3, 0xe8, 0x6c, 0x27,
    0x23, 0xe6, 0xff, 0xff, 0xff, 0x80, 0x0e, 0xc9, 0x63, 0x26, 0xee, 0xe7,
    0xff, 0xff, 0xff, 0x80, 0xb8, 0x2f, 0x7e, 0x27, 0x00, 0x00, 0x00, 0x00,
    0x00, 0x00, 0x00, 0x00, 0x98, 0x05, 0x5c, 0x01, 0x0c, 0x00, 0x13, 0xdd,
    0x45, 0x51, 0xb7, 0x4a, 0x92, 0xdb, 0x00, 0x60, 0xd7, 0xa9, 0x97, 0xb1,
    0x67, 0x15, 0x26, 0x00, 0x00, 0x1a, 0x17, 0x14, 0x6c, 0x56, 0x40, 0x80,
    0xfd, 0x64, 0xfd, 0xfc, 0x0f, 0x17, 0xfc, 0xd2, 0xf1, 0x00, 0xc0, 0x85,
    0xa1, 0x2c, 0xca, 0x24, 0x9a, 0x66, 0x05, 0x00, 0x02, 0x4d, 0x5d, 0x6e,
    0x14, 0x0a, 0x08, 0x0d, 0x7a, 0x86, 0x56, 0xfc, 0x4f, 0x82, 0x28, 0xe6,
    0x00, 0xc0, 0x9f, 0x22, 0x58, 0xf8, 0x41, 0x8f, 0x22, 0x01, 0x00, 0x50,
    0x72, 0x5b, 0x1d, 0xbf, 0x12, 0x0c, 0x64, 0x9a, 0x0b, 0x18, 0x01, 0xb3,
    0x58, 0x4a, 0x00, 0x00, 0xa0, 0x26, 0x25, 0x0c, 0x49, 0x82, 0x00, 0xa3,
    0x04, 0x00, 0x4b, 0x1e, 0x28, 0x5c, 0xfd, 0x7d, 0x62, 0x38, 0xaf, 0x1c,
    0x76, 0x7c, 0x24, 0x80, 0x8a, 0x1b, 0x00, 0xd0, 0xab, 0x94, 0x04, 0xbc,
    0x96, 0xa2, 0xa3, 0xf6, 0x0f, 0x4e, 0x53, 0x63, 0x7a, 0x34, 0xf6, 0xfc,
    0x4f, 0x0f, 0xcf, 0x68, 0xaf, 0x28, 0xdd, 0xe4, 0x42, 0xc8, 0x0f, 0x0f,
    0x71, 0x15, 0x0d, 0x80, 0x0e, 0x2b, 0x63, 0xbe, 0x0f, 0x0f, 0x0f, 0x87,
    0xdc, 0xfc, 0x56, 0xfd, 0x98, 0x46, 0xc0, 0x0f, 0xdf, 0x68, 0x69, 0x5d,
    0xb8, 0xc5, 0x4f, 0xc2, 0x0a, 0x0f, 0xe7, 0x10, 0x91, 0xb4, 0x0f, 0xc6,
    0xbc, 0x37, 0x0f, 0x0f, 0x0f, 0x73, 0x94, 0xc0, 0xc7, 0x23, 0x29, 0x17,
    0x8d, 0x0f, 0x7f, 0x21, 0x11, 0xd4, 0x4a, 0x12, 0xc2, 0x88, 0x01, 0xff,
    0x3a, 0xa1, 0x13, 0x00, 0x0f, 0xf0, 0xff, 0xff, 0xff, 0xff, 0xff, 0xff,
    0x60, 0x08, 0x00, 0x00, 0x00, 0x00, 0x71, 0x9a, 0x41, 0x25, 0x29, 0xf4,
    0xff, 0xff, 0xff, 0x80, 0x0f, 0x23, 0x63, 0x26, 0x94, 0xf4, 0xff, 0xff,
    0xff, 0x00, 0x25, 0x16, 0x6b, 0x26, 0x76, 0x19, 0x00, 0x00, 0x00, 0x00,
    0xbc, 0x73, 0x48, 0x25, 0xe5, 0xf7, 0xff, 0xff, 0xff, 0x80, 0x76, 0xb7,
    0x4d, 0x26, 0xe1, 0xe7, 0xff, 0xff, 0xff, 0x00, 0x58, 0xc1, 0x4d, 0x25,
    0xee, 0x03, 0x00, 0x00, 0x00, 0x80, 0xf6, 0xc0, 0x7d, 0x26, 0x21, 0x1b,
    0x00, 0x00, 0x00, 0x00, 0x58, 0xc5, 0x51, 0x25, 0x96, 0x22, 0x00, 0x00,
    0x00, 0x80, 0xa5, 0x0d, 0x67, 0x26, 0xc7, 0x1c, 0x00, 0x00, 0x00, 0x80,
    0x63, 0x46, 0x5c, 0x26, 0x3a, 0xeb, 0xff, 0xff, 0xff, 0x80, 0xc7, 0x0c,
    0x7e, 0x26, 0xba, 0x0b, 0x00, 0x00, 0x00, 0x00, 0x4e, 0xa3, 0x65, 0x25,
    0x00, 0x00, 0x00, 0x00, 0x00, 0x00, 0x00, 0x00, 0x70, 0x04, 0x54, 0xf1,
    0xfd, 0xef, 0x5f, 0x54, 0xe0, 0xfd, 0x3c, 0xa8, 0x67, 0xa7, 0x15, 0xf5,
    0xc4, 0x93, 0x83, 0xe3, 0xd2, 0xb2, 0x92, 0x72, 0x02, 0xf2, 0xe1, 0xa1,
    0x91, 0x61, 0x41, 0x11, 0x91, 0x70, 0x20, 0x10, 0x7f, 0x4e, 0x00, 0xb0,
    0xfd, 0xa3, 0xbb, 0x94, 0x5d, 0x06, 0x4a, 0x02, 0x3c, 0x00, 0xb4, 0xb1,
    0xc5, 0x87, 0x16, 0x84, 0xa7, 0x0d, 0x18, 0x7d, 0xb2, 0xa1, 0x21, 0x0c,
    0x00, 0xa7, 0xc6, 0x62, 0x8a, 0xa0, 0xe1, 0xf6, 0x04, 0x00, 0xba, 0xbd,
    0x9c, 0x8a, 0x1e, 0x10, 0xe7, 0xad, 0xfb, 0x11, 0x0e, 0xbc, 0xfe, 0x04,
    0xdc, 0x01, 0xe0, 0x17, 0x3e, 0x7b, 0x99, 0xe1, 0x7e, 0x04, 0x3c, 0xd5,
    0xa2, 0xbb, 0x00, 0xff, 0x9f, 0x40, 0x57, 0x38, 0xa1, 0xe1, 0x80, 0x87,
    0x87, 0xf8, 0x26, 0xde, 0xf3, 0xf0, 0xfb, 0xa0, 0xb3, 0x50, 0xf6, 0x00,
    0xf2, 0x0c, 0x0f, 0xed, 0xd9, 0x81, 0xc1, 0xf5, 0xfd, 0xf0, 0xb7, 0xa1,
    0x09, 0xea, 0x58, 0x99, 0xd5, 0xf0, 0xef, 0xff, 0x9b, 0x8b, 0xf8, 0xdd,
    0xff, 0xdf, 0x7e, 0x14, 0x50, 0x3c, 0xf8, 0xff, 0xe8, 0xcb, 0xf0, 0xff,
    0xff, 0xff, 0xff, 0xff, 0xff, 0xff, 0xff, 0xff, 0xff, 0xff, 0xff, 0x00,
    0xff, 0x0b, 0x00, 0xba, 0xbe, 0x31, 0xff, 0xda, 0xcb, 0xd1, 0x6f, 0xd4,
    0x9c, 0xcb, 0x5d, 0x21, 0xeb, 0x47, 0x00, 0xde, 0xa7, 0x32, 0x6e, 0x11,
    0xf0, 0x70, 0xf0, 0xff, 0x1d, 0x04, 0x37, 0xc1, 0xff, 0xdf, 0x3f, 0xb5,
    0x06, 0x3b, 0xd0, 0x7f, 0xe8, 0x85, 0x87, 0x37, 0xe0, 0xc1, 0xaf, 0x6d,
    0xec, 0xff, 0xff, 0xff, 0xff, 0xff, 0xff, 0xff, 0xff, 0xff, 0xff, 0xff,
    0xff, 0xff, 0xff, 0xff, 0xff, 0xff, 0xff, 0xff, 0xff, 0x7f, 0xf8, 0xff,
    0xff, 0xff, 0xff, 0xff, 0xff, 0xff, 0xff, 0xff, 0xff, 0xff, 0xff, 0xff,
    0xad, 0xa9, 0xff, 0xff, 0xff, 0x7a, 0xa3, 0xa4, 0x69, 0x27, 0x00, 0x00,
    0x00, 0x00, 0x00, 0x00, 0x58, 0x00, 0x68, 0xbc, 0xfc, 0x7f, 0x3f, 0x7e,
    0x6d, 0xfc, 0x98, 0x98, 0x17, 0xd7, 0x45, 0x83, 0xf1, 0x95, 0x00, 0x5f,
    0xf3, 0xff, 0x50, 0x7e, 0xa3, 0xff, 0xff, 0xff, 0xff, 0xff, 0xf0, 0xff,
    0xff, 0xff, 0xff, 0xff, 0xff, 0xff, 0xff, 0xff, 0xff, 0xff, 0xff, 0xff,
    0xff, 0xff, 0xff, 0xff, 0xff, 0xff, 0xff, 0xff, 0xff, 0xff, 0x00, 0xff,
    0xff, 0xff, 0xff, 0xff, 0xff, 0xff, 0xff, 0xff,
};

const rf_v31_model_blob_t g_rf_v31_t12_model = {
    .name = "v31_t12_specialist",
    .command = g_rf_v31_t12_command,
    .weights = g_rf_v31_t12_weights,
    .command_bytes = RF_V31_T12_COMMAND_BYTES,
    .weight_bytes = RF_V31_T12_WEIGHT_BYTES,
    .weight_region = 0u,
    .scratch_region = 1u,
    .scratch_bytes = RF_V31_T12_SCRATCH_BYTES,
    .input_region = 1u,
    .input_offset = RF_V31_T12_INPUT_OFFSET,
    .input_bytes = RF_V31_T12_INPUT_BYTES,
    .output_count = RF_V31_T12_OUTPUT_COUNT,
    .output_region = {1u, 0u, 0u, 0u, 0u},
    .output_offset = {0u, 0u, 0u, 0u, 0u},
    .output_bytes = {5916u, 0u, 0u, 0u, 0u},
};
