#include "rf_v31_model_data.h"

#ifndef RF_V31_ALIGN
#define RF_V31_ALIGN __attribute__((aligned(16)))
#endif

#ifndef RF_V31_COMMAND_SECTION
#define RF_V31_COMMAND_SECTION
#endif

#ifndef RF_V31_WEIGHT_SECTION
#define RF_V31_WEIGHT_SECTION
#endif

static const uint8_t g_rf_v31_dji_video_command[RF_V31_DJI_VIDEO_COMMAND_BYTES]
    RF_V31_ALIGN RF_V31_COMMAND_SECTION = {
    0x43, 0x4f, 0x50, 0x31, 0x01, 0x00, 0x10, 0x00, 0x08, 0x30, 0x00, 0x00,
    0x01, 0x60, 0x06, 0x10, 0x05, 0x00, 0x00, 0x00, 0x05, 0x00, 0x00, 0x00,
    0x05, 0x00, 0x00, 0x00, 0x02, 0x00, 0x5b, 0x19, 0x0f, 0x01, 0x01, 0x00,
    0x00, 0x40, 0x00, 0x00, 0xe0, 0xb8, 0x00, 0x00, 0x01, 0x40, 0x00, 0x00,
    0x00, 0x00, 0x00, 0x00, 0x02, 0x40, 0x00, 0x00, 0x00, 0x00, 0x00, 0x00,
    0x03, 0x40, 0x00, 0x00, 0x00, 0x00, 0x00, 0x00, 0x0b, 0x01, 0x01, 0x00,
    0x0c, 0x01, 0x01, 0x00, 0x0a, 0x01, 0x72, 0x00, 0x04, 0x01, 0x03, 0x00,
    0x05, 0x40, 0x00, 0x00, 0xcc, 0x01, 0x00, 0x00, 0x04, 0x40, 0x00, 0x00,
    0x04, 0x00, 0x00, 0x00, 0x06, 0x40, 0x00, 0x00, 0x01, 0x00, 0x00, 0x00,
    0x09, 0x01, 0x00, 0x00, 0x05, 0x01, 0x01, 0x00, 0x07, 0x01, 0x00, 0x00,
    0x00, 0x01, 0x01, 0x00, 0x01, 0x01, 0x01, 0x00, 0x03, 0x01, 0x00, 0x00,
    0x02, 0x01, 0x01, 0x00, 0x1f, 0x01, 0x01, 0x00, 0x10, 0x40, 0x00, 0x00,
    0x70, 0x27, 0x02, 0x00, 0x11, 0x40, 0x00, 0x00, 0x00, 0x00, 0x00, 0x00,
    0x12, 0x40, 0x00, 0x00, 0x00, 0x00, 0x00, 0x00, 0x13, 0x40, 0x00, 0x00,
    0x00, 0x00, 0x00, 0x00, 0x12, 0x01, 0x00, 0x00, 0x11, 0x01, 0x72, 0x00,
    0x1b, 0x01, 0x00, 0x00, 0x1c, 0x01, 0x00, 0x00, 0x1a, 0x01, 0x72, 0x00,
    0x13, 0x01, 0x07, 0x00, 0x15, 0x40, 0x00, 0x00, 0x30, 0x07, 0x00, 0x00,
    0x14, 0x40, 0x00, 0x00, 0x10, 0x00, 0x00, 0x00, 0x16, 0x40, 0x00, 0x00,
    0x30, 0x07, 0x00, 0x00, 0x18, 0x01, 0x80, 0xff, 0x14, 0x01, 0x41, 0x00,
    0x21, 0x01, 0x02, 0x00, 0x20, 0x01, 0x02, 0x00, 0x22, 0x01, 0x06, 0x00,
    0x28, 0x01, 0x00, 0x00, 0x20, 0x40, 0x00, 0x00, 0x50, 0x00, 0x00, 0x00,
    0x21, 0x40, 0x00, 0x00, 0x90, 0x01, 0x00, 0x00, 0x29, 0x01, 0x00, 0x00,
    0x22, 0x40, 0x00, 0x00, 0x00, 0x00, 0x00, 0x00, 0x23, 0x40, 0x00, 0x00,
    0x50, 0x00, 0x00, 0x00, 0x25, 0x01, 0x00, 0x00, 0x26, 0x01, 0x80, 0xff,
    0x27, 0x01, 0x7f, 0x00, 0x16, 0x01, 0x01, 0x00, 0x15, 0x01, 0x3f, 0x00,
    0x17, 0x01, 0x07, 0x00, 0x0d, 0x01, 0x0a, 0x00, 0x2d, 0x01, 0x1e, 0x00,
    0x24, 0x01, 0x00, 0x00, 0x2f, 0x01, 0x00, 0x00, 0x02, 0x00, 0x00, 0x00,
    0x00, 0x40, 0x00, 0x00, 0xac, 0xba, 0x00, 0x00, 0x0b, 0x01, 0x02, 0x00,
    0x0c, 0x01, 0x02, 0x00, 0x00, 0x01, 0x00, 0x00, 0x10, 0x40, 0x00, 0x00,
    0xa0, 0x2e, 0x02, 0x00, 0x2f, 0x01, 0x03, 0x00, 0x02, 0x00, 0x00, 0x00,
    0x00, 0x40, 0x00, 0x00, 0x44, 0xbe, 0x00, 0x00, 0x10, 0x40, 0x00, 0x00,
    0xd0, 0x35, 0x02, 0x00, 0x02, 0x00, 0x00, 0x00, 0x00, 0x40, 0x00, 0x00,
    0xdc, 0xc1, 0x00, 0x00, 0x10, 0x40, 0x00, 0x00, 0x00, 0x3d, 0x02, 0x00,
    0x02, 0x00, 0x00, 0x00, 0x00, 0x40, 0x00, 0x00, 0x74, 0xc5, 0x00, 0x00,
    0x10, 0x40, 0x00, 0x00, 0x30, 0x44, 0x02, 0x00, 0x02, 0x00, 0x00, 0x00,
    0x00, 0x40, 0x00, 0x00, 0x0c, 0xc9, 0x00, 0x00, 0x10, 0x40, 0x00, 0x00,
    0x60, 0x4b, 0x02, 0x00, 0x02, 0x00, 0x00, 0x00, 0x00, 0x40, 0x00, 0x00,
    0x70, 0x27, 0x02, 0x00, 0x0b, 0x01, 0x01, 0x00, 0x0c, 0x01, 0x01, 0x00,
    0x04, 0x01, 0x07, 0x00, 0x05, 0x40, 0x00, 0x00, 0x30, 0x07, 0x00, 0x00,
    0x04, 0x40, 0x00, 0x00, 0x10, 0x00, 0x00, 0x00, 0x06, 0x40, 0x00, 0x00,
    0x30, 0x07, 0x00, 0x00, 0x09, 0x01, 0x80, 0xff, 0x05, 0x01, 0x41, 0x00,
    0x00, 0x01, 0x01, 0x00, 0x10, 0x40, 0x00, 0x00, 0x50, 0x68, 0x02, 0x00,
    0x11, 0x01, 0x39, 0x00, 0x1a, 0x01, 0x39, 0x00, 0x15, 0x40, 0x00, 0x00,
    0xa0, 0x03, 0x00, 0x00, 0x16, 0x40, 0x00, 0x00, 0xa0, 0x03, 0x00, 0x00,
    0x22, 0x01, 0x01, 0x00, 0x20, 0x40, 0x00, 0x00, 0x30, 0x02, 0x00, 0x00,
    0x21, 0x40, 0x00, 0x00, 0x80, 0x00, 0x00, 0x00, 0x22, 0x40, 0x00, 0x00,
    0xe0, 0x01, 0x00, 0x00, 0x15, 0x01, 0x39, 0x00, 0x2f, 0x01, 0x01, 0x00,
    0x03, 0x00, 0x00, 0x00, 0x0b, 0x01, 0x02, 0x00, 0x0c, 0x01, 0x02, 0x00,
    0x00, 0x01, 0x00, 0x00, 0x10, 0x40, 0x00, 0x00, 0xf0, 0x6b, 0x02, 0x00,
    0x2f, 0x01, 0x03, 0x00, 0x03, 0x00, 0x00, 0x00, 0x00, 0x40, 0x00, 0x00,
    0xa0, 0x2e, 0x02, 0x00, 0x10, 0x40, 0x00, 0x00, 0x90, 0x6f, 0x02, 0x00,
    0x03, 0x00, 0x00, 0x00, 0x00, 0x40, 0x00, 0x00, 0xd0, 0x35, 0x02, 0x00,
    0x10, 0x40, 0x00, 0x00, 0x30, 0x73, 0x02, 0x00, 0x03, 0x00, 0x00, 0x00,
    0x00, 0x40, 0x00, 0x00, 0x50, 0x68, 0x02, 0x00, 0x0b, 0x01, 0x01, 0x00,
    0x0c, 0x01, 0x01, 0x00, 0x0a, 0x01, 0x39, 0x00, 0x05, 0x40, 0x00, 0x00,
    0xa0, 0x03, 0x00, 0x00, 0x06, 0x40, 0x00, 0x00, 0xa0, 0x03, 0x00, 0x00,
    0x01, 0x01, 0x00, 0x00, 0x02, 0x01, 0x00, 0x00, 0x10, 0x40, 0x00, 0x00,
    0x90, 0x52, 0x02, 0x00, 0x12, 0x01, 0x01, 0x00, 0x1b, 0x01, 0x01, 0x00,
    0x1c, 0x01, 0x01, 0x00, 0x13, 0x01, 0x0b, 0x00, 0x21, 0x01, 0x00, 0x00,
    0x20, 0x01, 0x00, 0x00, 0x22, 0x01, 0x04, 0x00, 0x20, 0x40, 0x00, 0x00,
    0x30, 0x03, 0x00, 0x00, 0x21, 0x40, 0x00, 0x00, 0xc0, 0x00, 0x00, 0x00,
    0x22, 0x40, 0x00, 0x00, 0xb0, 0x02, 0x00, 0x00, 0x23, 0x40, 0x00, 0x00,
    0x80, 0x00, 0x00, 0x00, 0x17, 0x01, 0x0f, 0x00, 0x2f, 0x01, 0x01, 0x00,
    0x02, 0x00, 0x00, 0x00, 0x00, 0x40, 0x00, 0x00, 0x90, 0x6f, 0x02, 0x00,
    0x10, 0x40, 0x00, 0x00, 0xd0, 0x59, 0x02, 0x00, 0x2f, 0x01, 0x03, 0x00,
    0x02, 0x00, 0x00, 0x00, 0x00, 0x40, 0x00, 0x00, 0x00, 0x3d, 0x02, 0x00,
    0x0b, 0x01, 0x02, 0x00, 0x0c, 0x01, 0x02, 0x00, 0x0a, 0x01, 0x72, 0x00,
    0x05, 0x40, 0x00, 0x00, 0x30, 0x07, 0x00, 0x00, 0x06, 0x40, 0x00, 0x00,
    0x30, 0x07, 0x00, 0x00, 0x01, 0x01, 0x01, 0x00, 0x02, 0x01, 0x01, 0x00,
    0x10, 0x40, 0x00, 0x00, 0x50, 0x68, 0x02, 0x00, 0x12, 0x01, 0x00, 0x00,
    0x1b, 0x01, 0x00, 0x00, 0x1c, 0x01, 0x00, 0x00, 0x13, 0x01, 0x07, 0x00,
    0x21, 0x01, 0x02, 0x00, 0x20, 0x01, 0x02, 0x00, 0x22, 0x01, 0x01, 0x00,
    0x20, 0x40, 0x00, 0x00, 0x30, 0x02, 0x00, 0x00, 0x21, 0x40, 0x00, 0x00,
    0x80, 0x00, 0x00, 0x00, 0x22, 0x40, 0x00, 0x00, 0xe0, 0x01, 0x00, 0x00,
    0x23, 0x40, 0x00, 0x00, 0x50, 0x00, 0x00, 0x00, 0x17, 0x01, 0x07, 0x00,
    0x03, 0x00, 0x00, 0x00, 0x00, 0x40, 0x00, 0x00, 0xa4, 0xcc, 0x00, 0x00,
    0x04, 0x01, 0x03, 0x00, 0x05, 0x40, 0x00, 0x00, 0xcc, 0x01, 0x00, 0x00,
    0x04, 0x40, 0x00, 0x00, 0x04, 0x00, 0x00, 0x00, 0x06, 0x40, 0x00, 0x00,
    0x01, 0x00, 0x00, 0x00, 0x09, 0x01, 0x00, 0x00, 0x05, 0x01, 0x01, 0x00,
    0x10, 0x40, 0x00, 0x00, 0x70, 0x27, 0x02, 0x00, 0x11, 0x01, 0x72, 0x00,
    0x1a, 0x01, 0x72, 0x00, 0x15, 0x40, 0x00, 0x00, 0x30, 0x07, 0x00, 0x00,
    0x16, 0x40, 0x00, 0x00, 0x30, 0x07, 0x00, 0x00, 0x22, 0x01, 0x06, 0x00,
    0x20, 0x40, 0x00, 0x00, 0x50, 0x00, 0x00, 0x00, 0x21, 0x40, 0x00, 0x00,
    0x90, 0x01, 0x00, 0x00, 0x22, 0x40, 0x00, 0x00, 0x00, 0x00, 0x00, 0x00,
    0x15, 0x01, 0x3f, 0x00, 0x02, 0x00, 0x00, 0x00, 0x00, 0x40, 0x00, 0x00,
    0x3c, 0xd0, 0x00, 0x00, 0x10, 0x40, 0x00, 0x00, 0xa0, 0x2e, 0x02, 0x00,
    0x02, 0x00, 0x00, 0x00, 0x00, 0x40, 0x00, 0x00, 0xd4, 0xd3, 0x00, 0x00,
    0x10, 0x40, 0x00, 0x00, 0xd0, 0x35, 0x02, 0x00, 0x02, 0x00, 0x00, 0x00,
    0x00, 0x40, 0x00, 0x00, 0x6c, 0xd7, 0x00, 0x00, 0x10, 0x40, 0x00, 0x00,
    0x00, 0x3d, 0x02, 0x00, 0x02, 0x00, 0x00, 0x00, 0x00, 0x40, 0x00, 0x00,
    0x30, 0x44, 0x02, 0x00, 0x02, 0x40, 0x00, 0x00, 0x70, 0x27, 0x02, 0x00,
    0x0b, 0x01, 0x01, 0x00, 0x0c, 0x01, 0x01, 0x00, 0x04, 0x01, 0x07, 0x00,
    0x05, 0x40, 0x00, 0x00, 0x30, 0x07, 0x00, 0x00, 0x04, 0x40, 0x00, 0x00,
    0x10, 0x00, 0x00, 0x00, 0x06, 0x40, 0x00, 0x00, 0x30, 0x07, 0x00, 0x00,
    0x09, 0x01, 0x80, 0xff, 0x05, 0x01, 0x41, 0x00, 0x10, 0x40, 0x00, 0x00,
    0xf0, 0x6b, 0x02, 0x00, 0x11, 0x01, 0x39, 0x00, 0x1a, 0x01, 0x39, 0x00,
    0x15, 0x40, 0x00, 0x00, 0xa0, 0x03, 0x00, 0x00, 0x16, 0x40, 0x00, 0x00,
    0xa0, 0x03, 0x00, 0x00, 0x22, 0x01, 0x01, 0x00, 0x20, 0x40, 0x00, 0x00,
    0x30, 0x02, 0x00, 0x00, 0x21, 0x40, 0x00, 0x00, 0x80, 0x00, 0x00, 0x00,
    0x22, 0x40, 0x00, 0x00, 0xe0, 0x01, 0x00, 0x00, 0x15, 0x01, 0x39, 0x00,
    0x2f, 0x01, 0x01, 0x00, 0x03, 0x00, 0x00, 0x00, 0x00, 0x40, 0x00, 0x00,
    0x60, 0x4b, 0x02, 0x00, 0x0b, 0x01, 0x00, 0x00, 0x0c, 0x01, 0x00, 0x00,
    0x10, 0x40, 0x00, 0x00, 0x90, 0x6f, 0x02, 0x00, 0x2f, 0x01, 0x03, 0x00,
    0x03, 0x00, 0x00, 0x00, 0x00, 0x40, 0x00, 0x00, 0x70, 0x27, 0x02, 0x00,
    0x02, 0x40, 0x00, 0x00, 0x00, 0x00, 0x00, 0x00, 0x0b, 0x01, 0x02, 0x00,
    0x0c, 0x01, 0x02, 0x00, 0x10, 0x40, 0x00, 0x00, 0x30, 0x73, 0x02, 0x00,
    0x03, 0x00, 0x00, 0x00, 0x00, 0x40, 0x00, 0x00, 0x50, 0x68, 0x02, 0x00,
    0x0b, 0x01, 0x01, 0x00, 0x0c, 0x01, 0x01, 0x00, 0x0a, 0x01, 0x39, 0x00,
    0x05, 0x40, 0x00, 0x00, 0xa0, 0x03, 0x00, 0x00, 0x06, 0x40, 0x00, 0x00,
    0xa0, 0x03, 0x00, 0x00, 0x01, 0x01, 0x00, 0x00, 0x02, 0x01, 0x00, 0x00,
    0x10, 0x40, 0x00, 0x00, 0x10, 0x61, 0x02, 0x00, 0x12, 0x01, 0x01, 0x00,
    0x1b, 0x01, 0x01, 0x00, 0x1c, 0x01, 0x01, 0x00, 0x13, 0x01, 0x0b, 0x00,
    0x21, 0x01, 0x00, 0x00, 0x20, 0x01, 0x00, 0x00, 0x22, 0x01, 0x04, 0x00,
    0x20, 0x40, 0x00, 0x00, 0x30, 0x03, 0x00, 0x00, 0x21, 0x40, 0x00, 0x00,
    0xc0, 0x00, 0x00, 0x00, 0x22, 0x40, 0x00, 0x00, 0xb0, 0x02, 0x00, 0x00,
    0x23, 0x40, 0x00, 0x00, 0x80, 0x00, 0x00, 0x00, 0x17, 0x01, 0x0f, 0x00,
    0x2f, 0x01, 0x01, 0x00, 0x02, 0x00, 0x00, 0x00, 0x00, 0x40, 0x00, 0x00,
    0x90, 0x52, 0x02, 0x00, 0x04, 0x01, 0x0b, 0x00, 0x00, 0x01, 0x01, 0x00,
    0x10, 0x40, 0x00, 0x00, 0x00, 0x00, 0x00, 0x00, 0x12, 0x01, 0x00, 0x00,
    0x1b, 0x01, 0x00, 0x00, 0x1c, 0x01, 0x00, 0x00, 0x21, 0x01, 0x02, 0x00,
    0x22, 0x01, 0x02, 0x00, 0x20, 0x40, 0x00, 0x00, 0x70, 0x04, 0x00, 0x00,
    0x21, 0x40, 0x00, 0x00, 0x50, 0x00, 0x00, 0x00, 0x22, 0x40, 0x00, 0x00,
    0xf0, 0x03, 0x00, 0x00, 0x0d, 0x01, 0x12, 0x00, 0x03, 0x00, 0x00, 0x00,
    0x00, 0x40, 0x00, 0x00, 0x30, 0x56, 0x02, 0x00, 0x0b, 0x01, 0x02, 0x00,
    0x0c, 0x01, 0x02, 0x00, 0x00, 0x01, 0x00, 0x00, 0x10, 0x40, 0x00, 0x00,
    0xa0, 0x03, 0x00, 0x00, 0x2f, 0x01, 0x03, 0x00, 0x03, 0x00, 0x00, 0x00,
    0x00, 0x40, 0x00, 0x00, 0x70, 0x5d, 0x02, 0x00, 0x10, 0x40, 0x00, 0x00,
    0x40, 0x07, 0x00, 0x00, 0x03, 0x00, 0x00, 0x00, 0x00, 0x40, 0x00, 0x00,
    0x90, 0x6f, 0x02, 0x00, 0x0b, 0x01, 0x01, 0x00, 0x0c, 0x01, 0x01, 0x00,
    0x04, 0x01, 0x07, 0x00, 0x10, 0x40, 0x00, 0x00, 0x90, 0x52, 0x02, 0x00,
    0x12, 0x01, 0x01, 0x00, 0x1b, 0x01, 0x01, 0x00, 0x1c, 0x01, 0x01, 0x00,
    0x21, 0x01, 0x00, 0x00, 0x22, 0x01, 0x04, 0x00, 0x20, 0x40, 0x00, 0x00,
    0x30, 0x03, 0x00, 0x00, 0x21, 0x40, 0x00, 0x00, 0xc0, 0x00, 0x00, 0x00,
    0x22, 0x40, 0x00, 0x00, 0xb0, 0x02, 0x00, 0x00, 0x0d, 0x01, 0x0a, 0x00,
    0x02, 0x00, 0x00, 0x00, 0x00, 0x40, 0x00, 0x00, 0xa0, 0x2e, 0x02, 0x00,
    0x0b, 0x01, 0x02, 0x00, 0x0c, 0x01, 0x02, 0x00, 0x0a, 0x01, 0x72, 0x00,
    0x05, 0x40, 0x00, 0x00, 0x30, 0x07, 0x00, 0x00, 0x06, 0x40, 0x00, 0x00,
    0x30, 0x07, 0x00, 0x00, 0x01, 0x01, 0x01, 0x00, 0x02, 0x01, 0x01, 0x00,
    0x10, 0x40, 0x00, 0x00, 0x50, 0x68, 0x02, 0x00, 0x12, 0x01, 0x00, 0x00,
    0x1b, 0x01, 0x00, 0x00, 0x1c, 0x01, 0x00, 0x00, 0x13, 0x01, 0x07, 0x00,
    0x21, 0x01, 0x02, 0x00, 0x20, 0x01, 0x02, 0x00, 0x22, 0x01, 0x01, 0x00,
    0x20, 0x40, 0x00, 0x00, 0x30, 0x02, 0x00, 0x00, 0x21, 0x40, 0x00, 0x00,
    0x80, 0x00, 0x00, 0x00, 0x22, 0x40, 0x00, 0x00, 0xe0, 0x01, 0x00, 0x00,
    0x23, 0x40, 0x00, 0x00, 0x50, 0x00, 0x00, 0x00, 0x17, 0x01, 0x07, 0x00,
    0x03, 0x00, 0x00, 0x00, 0x00, 0x40, 0x00, 0x00, 0x04, 0xdb, 0x00, 0x00,
    0x04, 0x01, 0x03, 0x00, 0x05, 0x40, 0x00, 0x00, 0xcc, 0x01, 0x00, 0x00,
    0x04, 0x40, 0x00, 0x00, 0x04, 0x00, 0x00, 0x00, 0x06, 0x40, 0x00, 0x00,
    0x01, 0x00, 0x00, 0x00, 0x09, 0x01, 0x00, 0x00, 0x05, 0x01, 0x01, 0x00,
    0x10, 0x40, 0x00, 0x00, 0x30, 0x44, 0x02, 0x00, 0x11, 0x01, 0x72, 0x00,
    0x1a, 0x01, 0x72, 0x00, 0x15, 0x40, 0x00, 0x00, 0x30, 0x07, 0x00, 0x00,
    0x16, 0x40, 0x00, 0x00, 0x30, 0x07, 0x00, 0x00, 0x22, 0x01, 0x06, 0x00,
    0x20, 0x40, 0x00, 0x00, 0x50, 0x00, 0x00, 0x00, 0x21, 0x40, 0x00, 0x00,
    0x90, 0x01, 0x00, 0x00, 0x22, 0x40, 0x00, 0x00, 0x00, 0x00, 0x00, 0x00,
    0x15, 0x01, 0x3f, 0x00, 0x02, 0x00, 0x00, 0x00, 0x00, 0x40, 0x00, 0x00,
    0x9c, 0xde, 0x00, 0x00, 0x10, 0x40, 0x00, 0x00, 0x60, 0x4b, 0x02, 0x00,
    0x02, 0x00, 0x00, 0x00, 0x00, 0x40, 0x00, 0x00, 0x34, 0xe2, 0x00, 0x00,
    0x10, 0x40, 0x00, 0x00, 0x70, 0x27, 0x02, 0x00, 0x02, 0x00, 0x00, 0x00,
    0x00, 0x40, 0x00, 0x00, 0xcc, 0xe5, 0x00, 0x00, 0x10, 0x40, 0x00, 0x00,
    0xa0, 0x2e, 0x02, 0x00, 0x02, 0x00, 0x00, 0x00, 0x00, 0x40, 0x00, 0x00,
    0xd0, 0x35, 0x02, 0x00, 0x04, 0x01, 0x07, 0x00, 0x05, 0x40, 0x00, 0x00,
    0x30, 0x07, 0x00, 0x00, 0x04, 0x40, 0x00, 0x00, 0x10, 0x00, 0x00, 0x00,
    0x06, 0x40, 0x00, 0x00, 0x30, 0x07, 0x00, 0x00, 0x09, 0x01, 0x80, 0xff,
    0x05, 0x01, 0x41, 0x00, 0x10, 0x40, 0x00, 0x00, 0xf0, 0x6b, 0x02, 0x00,
    0x11, 0x01, 0x39, 0x00, 0x1a, 0x01, 0x39, 0x00, 0x15, 0x40, 0x00, 0x00,
    0xa0, 0x03, 0x00, 0x00, 0x16, 0x40, 0x00, 0x00, 0xa0, 0x03, 0x00, 0x00,
    0x22, 0x01, 0x01, 0x00, 0x20, 0x40, 0x00, 0x00, 0x30, 0x02, 0x00, 0x00,
    0x21, 0x40, 0x00, 0x00, 0x80, 0x00, 0x00, 0x00, 0x22, 0x40, 0x00, 0x00,
    0xe0, 0x01, 0x00, 0x00, 0x15, 0x01, 0x39, 0x00, 0x2f, 0x01, 0x01, 0x00,
    0x03, 0x00, 0x00, 0x00, 0x00, 0x40, 0x00, 0x00, 0x00, 0x3d, 0x02, 0x00,
    0x10, 0x40, 0x00, 0x00, 0x90, 0x6f, 0x02, 0x00, 0x2f, 0x01, 0x03, 0x00,
    0x03, 0x00, 0x00, 0x00, 0x00, 0x40, 0x00, 0x00, 0x30, 0x44, 0x02, 0x00,
    0x02, 0x40, 0x00, 0x00, 0x70, 0x27, 0x02, 0x00, 0x0b, 0x01, 0x01, 0x00,
    0x0c, 0x01, 0x01, 0x00, 0x10, 0x40, 0x00, 0x00, 0x30, 0x73, 0x02, 0x00,
    0x03, 0x00, 0x00, 0x00, 0x00, 0x40, 0x00, 0x00, 0x50, 0x68, 0x02, 0x00,
    0x02, 0x40, 0x00, 0x00, 0x00, 0x00, 0x00, 0x00, 0x0a, 0x01, 0x39, 0x00,
    0x05, 0x40, 0x00, 0x00, 0xa0, 0x03, 0x00, 0x00, 0x06, 0x40, 0x00, 0x00,
    0xa0, 0x03, 0x00, 0x00, 0x01, 0x01, 0x00, 0x00, 0x02, 0x01, 0x00, 0x00,
    0x10, 0x40, 0x00, 0x00, 0xd0, 0x59, 0x02, 0x00, 0x12, 0x01, 0x01, 0x00,
    0x1b, 0x01, 0x01, 0x00, 0x1c, 0x01, 0x01, 0x00, 0x13, 0x01, 0x0b, 0x00,
    0x21, 0x01, 0x00, 0x00, 0x20, 0x01, 0x00, 0x00, 0x22, 0x01, 0x04, 0x00,
    0x20, 0x40, 0x00, 0x00, 0x30, 0x03, 0x00, 0x00, 0x21, 0x40, 0x00, 0x00,
    0xc0, 0x00, 0x00, 0x00, 0x22, 0x40, 0x00, 0x00, 0xb0, 0x02, 0x00, 0x00,
    0x23, 0x40, 0x00, 0x00, 0x80, 0x00, 0x00, 0x00, 0x17, 0x01, 0x0f, 0x00,
    0x2f, 0x01, 0x01, 0x00, 0x02, 0x00, 0x00, 0x00, 0x00, 0x40, 0x00, 0x00,
    0xb0, 0x64, 0x02, 0x00, 0x02, 0x40, 0x00, 0x00, 0x90, 0x52, 0x02, 0x00,
    0x0b, 0x01, 0x00, 0x00, 0x0c, 0x01, 0x00, 0x00, 0x04, 0x01, 0x0b, 0x00,
    0x10, 0x40, 0x00, 0x00, 0xe0, 0x0a, 0x00, 0x00, 0x12, 0x01, 0x00, 0x00,
    0x1b, 0x01, 0x00, 0x00, 0x1c, 0x01, 0x00, 0x00, 0x21, 0x01, 0x02, 0x00,
    0x22, 0x01, 0x02, 0x00, 0x20, 0x40, 0x00, 0x00, 0x70, 0x04, 0x00, 0x00,
    0x21, 0x40, 0x00, 0x00, 0x50, 0x00, 0x00, 0x00, 0x22, 0x40, 0x00, 0x00,
    0xf0, 0x03, 0x00, 0x00, 0x0d, 0x01, 0x12, 0x00, 0x03, 0x00, 0x00, 0x00,
    0x00, 0x40, 0x00, 0x00, 0x30, 0x56, 0x02, 0x00, 0x02, 0x40, 0x00, 0x00,
    0x00, 0x00, 0x00, 0x00, 0x0b, 0x01, 0x02, 0x00, 0x0c, 0x01, 0x02, 0x00,
    0x10, 0x40, 0x00, 0x00, 0x80, 0x0e, 0x00, 0x00, 0x2f, 0x01, 0x03, 0x00,
    0x03, 0x00, 0x00, 0x00, 0x00, 0x40, 0x00, 0x00, 0x90, 0x6f, 0x02, 0x00,
    0x0b, 0x01, 0x01, 0x00, 0x0c, 0x01, 0x01, 0x00, 0x04, 0x01, 0x07, 0x00,
    0x10, 0x40, 0x00, 0x00, 0x10, 0x61, 0x02, 0x00, 0x12, 0x01, 0x01, 0x00,
    0x1b, 0x01, 0x01, 0x00, 0x1c, 0x01, 0x01, 0x00, 0x21, 0x01, 0x00, 0x00,
    0x22, 0x01, 0x04, 0x00, 0x20, 0x40, 0x00, 0x00, 0x30, 0x03, 0x00, 0x00,
    0x21, 0x40, 0x00, 0x00, 0xc0, 0x00, 0x00, 0x00, 0x22, 0x40, 0x00, 0x00,
    0xb0, 0x02, 0x00, 0x00, 0x0d, 0x01, 0x0a, 0x00, 0x02, 0x00, 0x00, 0x00,
    0x00, 0x40, 0x00, 0x00, 0x60, 0x4b, 0x02, 0x00, 0x02, 0x40, 0x00, 0x00,
    0x70, 0x27, 0x02, 0x00, 0x0b, 0x01, 0x00, 0x00, 0x0c, 0x01, 0x00, 0x00,
    0x0a, 0x01, 0x72, 0x00, 0x05, 0x40, 0x00, 0x00, 0x30, 0x07, 0x00, 0x00,
    0x06, 0x40, 0x00, 0x00, 0x30, 0x07, 0x00, 0x00, 0x01, 0x01, 0x01, 0x00,
    0x02, 0x01, 0x01, 0x00, 0x10, 0x40, 0x00, 0x00, 0x50, 0x68, 0x02, 0x00,
    0x12, 0x01, 0x00, 0x00, 0x1b, 0x01, 0x00, 0x00, 0x1c, 0x01, 0x00, 0x00,
    0x13, 0x01, 0x07, 0x00, 0x21, 0x01, 0x02, 0x00, 0x20, 0x01, 0x02, 0x00,
    0x22, 0x01, 0x01, 0x00, 0x20, 0x40, 0x00, 0x00, 0x30, 0x02, 0x00, 0x00,
    0x21, 0x40, 0x00, 0x00, 0x80, 0x00, 0x00, 0x00, 0x22, 0x40, 0x00, 0x00,
    0xe0, 0x01, 0x00, 0x00, 0x23, 0x40, 0x00, 0x00, 0x50, 0x00, 0x00, 0x00,
    0x17, 0x01, 0x07, 0x00, 0x03, 0x00, 0x00, 0x00, 0x00, 0x40, 0x00, 0x00,
    0x64, 0xe9, 0x00, 0x00, 0x02, 0x40, 0x00, 0x00, 0x00, 0x00, 0x00, 0x00,
    0x0b, 0x01, 0x02, 0x00, 0x0c, 0x01, 0x02, 0x00, 0x04, 0x01, 0x03, 0x00,
    0x05, 0x40, 0x00, 0x00, 0xcc, 0x01, 0x00, 0x00, 0x04, 0x40, 0x00, 0x00,
    0x04, 0x00, 0x00, 0x00, 0x06, 0x40, 0x00, 0x00, 0x01, 0x00, 0x00, 0x00,
    0x09, 0x01, 0x00, 0x00, 0x05, 0x01, 0x01, 0x00, 0x10, 0x40, 0x00, 0x00,
    0xd0, 0x35, 0x02, 0x00, 0x11, 0x01, 0x72, 0x00, 0x1a, 0x01, 0x72, 0x00,
    0x15, 0x40, 0x00, 0x00, 0x30, 0x07, 0x00, 0x00, 0x16, 0x40, 0x00, 0x00,
    0x30, 0x07, 0x00, 0x00, 0x22, 0x01, 0x06, 0x00, 0x20, 0x40, 0x00, 0x00,
    0x50, 0x00, 0x00, 0x00, 0x21, 0x40, 0x00, 0x00, 0x90, 0x01, 0x00, 0x00,
    0x22, 0x40, 0x00, 0x00, 0x00, 0x00, 0x00, 0x00, 0x15, 0x01, 0x3f, 0x00,
    0x02, 0x00, 0x00, 0x00, 0x00, 0x40, 0x00, 0x00, 0xfc, 0xec, 0x00, 0x00,
    0x10, 0x40, 0x00, 0x00, 0x00, 0x3d, 0x02, 0x00, 0x02, 0x00, 0x00, 0x00,
    0x00, 0x40, 0x00, 0x00, 0x94, 0xf0, 0x00, 0x00, 0x10, 0x40, 0x00, 0x00,
    0x30, 0x44, 0x02, 0x00, 0x02, 0x00, 0x00, 0x00, 0x00, 0x40, 0x00, 0x00,
    0x2c, 0xf4, 0x00, 0x00, 0x10, 0x40, 0x00, 0x00, 0x60, 0x4b, 0x02, 0x00,
    0x02, 0x00, 0x00, 0x00, 0x00, 0x40, 0x00, 0x00, 0x70, 0x27, 0x02, 0x00,
    0x04, 0x01, 0x07, 0x00, 0x05, 0x40, 0x00, 0x00, 0x30, 0x07, 0x00, 0x00,
    0x04, 0x40, 0x00, 0x00, 0x10, 0x00, 0x00, 0x00, 0x06, 0x40, 0x00, 0x00,
    0x30, 0x07, 0x00, 0x00, 0x09, 0x01, 0x80, 0xff, 0x05, 0x01, 0x41, 0x00,
    0x10, 0x40, 0x00, 0x00, 0xf0, 0x6b, 0x02, 0x00, 0x11, 0x01, 0x39, 0x00,
    0x1a, 0x01, 0x39, 0x00, 0x15, 0x40, 0x00, 0x00, 0xa0, 0x03, 0x00, 0x00,
    0x16, 0x40, 0x00, 0x00, 0xa0, 0x03, 0x00, 0x00, 0x22, 0x01, 0x01, 0x00,
    0x20, 0x40, 0x00, 0x00, 0x30, 0x02, 0x00, 0x00, 0x21, 0x40, 0x00, 0x00,
    0x80, 0x00, 0x00, 0x00, 0x22, 0x40, 0x00, 0x00, 0xe0, 0x01, 0x00, 0x00,
    0x15, 0x01, 0x39, 0x00, 0x2f, 0x01, 0x01, 0x00, 0x03, 0x00, 0x00, 0x00,
    0x00, 0x40, 0x00, 0x00, 0xa0, 0x2e, 0x02, 0x00, 0x10, 0x40, 0x00, 0x00,
    0x90, 0x6f, 0x02, 0x00, 0x2f, 0x01, 0x03, 0x00, 0x03, 0x00, 0x00, 0x00,
    0x00, 0x40, 0x00, 0x00, 0xd0, 0x35, 0x02, 0x00, 0x10, 0x40, 0x00, 0x00,
    0x30, 0x73, 0x02, 0x00, 0x03, 0x00, 0x00, 0x00, 0x00, 0x40, 0x00, 0x00,
    0x50, 0x68, 0x02, 0x00, 0x0b, 0x01, 0x01, 0x00, 0x0c, 0x01, 0x01, 0x00,
    0x0a, 0x01, 0x39, 0x00, 0x05, 0x40, 0x00, 0x00, 0xa0, 0x03, 0x00, 0x00,
    0x06, 0x40, 0x00, 0x00, 0xa0, 0x03, 0x00, 0x00, 0x01, 0x01, 0x00, 0x00,
    0x02, 0x01, 0x00, 0x00, 0x10, 0x40, 0x00, 0x00, 0x90, 0x52, 0x02, 0x00,
    0x12, 0x01, 0x01, 0x00, 0x1b, 0x01, 0x01, 0x00, 0x1c, 0x01, 0x01, 0x00,
    0x13, 0x01, 0x0b, 0x00, 0x21, 0x01, 0x00, 0x00, 0x20, 0x01, 0x00, 0x00,
    0x22, 0x01, 0x04, 0x00, 0x20, 0x40, 0x00, 0x00, 0x30, 0x03, 0x00, 0x00,
    0x21, 0x40, 0x00, 0x00, 0xc0, 0x00, 0x00, 0x00, 0x22, 0x40, 0x00, 0x00,
    0xb0, 0x02, 0x00, 0x00, 0x23, 0x40, 0x00, 0x00, 0x80, 0x00, 0x00, 0x00,
    0x17, 0x01, 0x0f, 0x00, 0x2f, 0x01, 0x01, 0x00, 0x02, 0x00, 0x00, 0x00,
    0x00, 0x40, 0x00, 0x00, 0x70, 0x5d, 0x02, 0x00, 0x0b, 0x01, 0x02, 0x00,
    0x0c, 0x01, 0x02, 0x00, 0x04, 0x01, 0x0b, 0x00, 0x10, 0x40, 0x00, 0x00,
    0x20, 0x12, 0x00, 0x00, 0x12, 0x01, 0x00, 0x00, 0x1b, 0x01, 0x00, 0x00,
    0x1c, 0x01, 0x00, 0x00, 0x21, 0x01, 0x02, 0x00, 0x22, 0x01, 0x02, 0x00,
    0x20, 0x40, 0x00, 0x00, 0x70, 0x04, 0x00, 0x00, 0x21, 0x40, 0x00, 0x00,
    0x50, 0x00, 0x00, 0x00, 0x22, 0x40, 0x00, 0x00, 0xf0, 0x03, 0x00, 0x00,
    0x0d, 0x01, 0x12, 0x00, 0x03, 0x00, 0x00, 0x00, 0x00, 0x40, 0x00, 0x00,
    0xb0, 0x64, 0x02, 0x00, 0x02, 0x40, 0x00, 0x00, 0x90, 0x52, 0x02, 0x00,
    0x0b, 0x01, 0x00, 0x00, 0x0c, 0x01, 0x00, 0x00, 0x10, 0x40, 0x00, 0x00,
    0xc0, 0x15, 0x00, 0x00, 0x2f, 0x01, 0x03, 0x00, 0x03, 0x00, 0x00, 0x00,
    0x00, 0x40, 0x00, 0x00, 0x90, 0x6f, 0x02, 0x00, 0x02, 0x40, 0x00, 0x00,
    0x00, 0x00, 0x00, 0x00, 0x0b, 0x01, 0x01, 0x00, 0x0c, 0x01, 0x01, 0x00,
    0x04, 0x01, 0x07, 0x00, 0x10, 0x40, 0x00, 0x00, 0xd0, 0x59, 0x02, 0x00,
    0x12, 0x01, 0x01, 0x00, 0x1b, 0x01, 0x01, 0x00, 0x1c, 0x01, 0x01, 0x00,
    0x21, 0x01, 0x00, 0x00, 0x22, 0x01, 0x04, 0x00, 0x20, 0x40, 0x00, 0x00,
    0x30, 0x03, 0x00, 0x00, 0x21, 0x40, 0x00, 0x00, 0xc0, 0x00, 0x00, 0x00,
    0x22, 0x40, 0x00, 0x00, 0xb0, 0x02, 0x00, 0x00, 0x0d, 0x01, 0x0a, 0x00,
    0x02, 0x00, 0x00, 0x00, 0x00, 0x40, 0x00, 0x00, 0x00, 0x3d, 0x02, 0x00,
    0x0b, 0x01, 0x02, 0x00, 0x0c, 0x01, 0x02, 0x00, 0x0a, 0x01, 0x72, 0x00,
    0x05, 0x40, 0x00, 0x00, 0x30, 0x07, 0x00, 0x00, 0x06, 0x40, 0x00, 0x00,
    0x30, 0x07, 0x00, 0x00, 0x01, 0x01, 0x01, 0x00, 0x02, 0x01, 0x01, 0x00,
    0x10, 0x40, 0x00, 0x00, 0x50, 0x68, 0x02, 0x00, 0x12, 0x01, 0x00, 0x00,
    0x1b, 0x01, 0x00, 0x00, 0x1c, 0x01, 0x00, 0x00, 0x13, 0x01, 0x07, 0x00,
    0x21, 0x01, 0x02, 0x00, 0x20, 0x01, 0x02, 0x00, 0x22, 0x01, 0x01, 0x00,
    0x20, 0x40, 0x00, 0x00, 0x30, 0x02, 0x00, 0x00, 0x21, 0x40, 0x00, 0x00,
    0x80, 0x00, 0x00, 0x00, 0x22, 0x40, 0x00, 0x00, 0xe0, 0x01, 0x00, 0x00,
    0x23, 0x40, 0x00, 0x00, 0x50, 0x00, 0x00, 0x00, 0x17, 0x01, 0x07, 0x00,
    0x03, 0x00, 0x00, 0x00, 0x00, 0x40, 0x00, 0x00, 0xc4, 0xf7, 0x00, 0x00,
    0x04, 0x01, 0x03, 0x00, 0x05, 0x40, 0x00, 0x00, 0xcc, 0x01, 0x00, 0x00,
    0x04, 0x40, 0x00, 0x00, 0x04, 0x00, 0x00, 0x00, 0x06, 0x40, 0x00, 0x00,
    0x01, 0x00, 0x00, 0x00, 0x09, 0x01, 0x00, 0x00, 0x05, 0x01, 0x01, 0x00,
    0x10, 0x40, 0x00, 0x00, 0x70, 0x27, 0x02, 0x00, 0x11, 0x01, 0x72, 0x00,
    0x1a, 0x01, 0x72, 0x00, 0x15, 0x40, 0x00, 0x00, 0x30, 0x07, 0x00, 0x00,
    0x16, 0x40, 0x00, 0x00, 0x30, 0x07, 0x00, 0x00, 0x22, 0x01, 0x06, 0x00,
    0x20, 0x40, 0x00, 0x00, 0x50, 0x00, 0x00, 0x00, 0x21, 0x40, 0x00, 0x00,
    0x90, 0x01, 0x00, 0x00, 0x22, 0x40, 0x00, 0x00, 0x00, 0x00, 0x00, 0x00,
    0x15, 0x01, 0x3f, 0x00, 0x02, 0x00, 0x00, 0x00, 0x00, 0x40, 0x00, 0x00,
    0x5c, 0xfb, 0x00, 0x00, 0x10, 0x40, 0x00, 0x00, 0xa0, 0x2e, 0x02, 0x00,
    0x02, 0x00, 0x00, 0x00, 0x00, 0x40, 0x00, 0x00, 0xf4, 0xfe, 0x00, 0x00,
    0x10, 0x40, 0x00, 0x00, 0xd0, 0x35, 0x02, 0x00, 0x02, 0x00, 0x00, 0x00,
    0x00, 0x40, 0x00, 0x00, 0x8c, 0x02, 0x01, 0x00, 0x10, 0x40, 0x00, 0x00,
    0x00, 0x3d, 0x02, 0x00, 0x02, 0x00, 0x00, 0x00, 0x00, 0x40, 0x00, 0x00,
    0x30, 0x44, 0x02, 0x00, 0x02, 0x40, 0x00, 0x00, 0x70, 0x27, 0x02, 0x00,
    0x0b, 0x01, 0x01, 0x00, 0x0c, 0x01, 0x01, 0x00, 0x04, 0x01, 0x07, 0x00,
    0x05, 0x40, 0x00, 0x00, 0x30, 0x07, 0x00, 0x00, 0x04, 0x40, 0x00, 0x00,
    0x10, 0x00, 0x00, 0x00, 0x06, 0x40, 0x00, 0x00, 0x30, 0x07, 0x00, 0x00,
    0x09, 0x01, 0x80, 0xff, 0x05, 0x01, 0x41, 0x00, 0x10, 0x40, 0x00, 0x00,
    0xf0, 0x6b, 0x02, 0x00, 0x11, 0x01, 0x39, 0x00, 0x1a, 0x01, 0x39, 0x00,
    0x15, 0x40, 0x00, 0x00, 0xa0, 0x03, 0x00, 0x00, 0x16, 0x40, 0x00, 0x00,
    0xa0, 0x03, 0x00, 0x00, 0x22, 0x01, 0x01, 0x00, 0x20, 0x40, 0x00, 0x00,
    0x30, 0x02, 0x00, 0x00, 0x21, 0x40, 0x00, 0x00, 0x80, 0x00, 0x00, 0x00,
    0x22, 0x40, 0x00, 0x00, 0xe0, 0x01, 0x00, 0x00, 0x15, 0x01, 0x39, 0x00,
    0x2f, 0x01, 0x01, 0x00, 0x03, 0x00, 0x00, 0x00, 0x00, 0x40, 0x00, 0x00,
    0x60, 0x4b, 0x02, 0x00, 0x0b, 0x01, 0x00, 0x00, 0x0c, 0x01, 0x00, 0x00,
    0x10, 0x40, 0x00, 0x00, 0x90, 0x6f, 0x02, 0x00, 0x2f, 0x01, 0x03, 0x00,
    0x03, 0x00, 0x00, 0x00, 0x00, 0x40, 0x00, 0x00, 0x70, 0x27, 0x02, 0x00,
    0x02, 0x40, 0x00, 0x00, 0x00, 0x00, 0x00, 0x00, 0x0b, 0x01, 0x02, 0x00,
    0x0c, 0x01, 0x02, 0x00, 0x10, 0x40, 0x00, 0x00, 0x30, 0x73, 0x02, 0x00,
    0x03, 0x00, 0x00, 0x00, 0x00, 0x40, 0x00, 0x00, 0x50, 0x68, 0x02, 0x00,
    0x0b, 0x01, 0x01, 0x00, 0x0c, 0x01, 0x01, 0x00, 0x0a, 0x01, 0x39, 0x00,
    0x05, 0x40, 0x00, 0x00, 0xa0, 0x03, 0x00, 0x00, 0x06, 0x40, 0x00, 0x00,
    0xa0, 0x03, 0x00, 0x00, 0x01, 0x01, 0x00, 0x00, 0x02, 0x01, 0x00, 0x00,
    0x10, 0x40, 0x00, 0x00, 0x10, 0x61, 0x02, 0x00, 0x12, 0x01, 0x01, 0x00,
    0x1b, 0x01, 0x01, 0x00, 0x1c, 0x01, 0x01, 0x00, 0x13, 0x01, 0x0b, 0x00,
    0x21, 0x01, 0x00, 0x00, 0x20, 0x01, 0x00, 0x00, 0x22, 0x01, 0x04, 0x00,
    0x20, 0x40, 0x00, 0x00, 0x30, 0x03, 0x00, 0x00, 0x21, 0x40, 0x00, 0x00,
    0xc0, 0x00, 0x00, 0x00, 0x22, 0x40, 0x00, 0x00, 0xb0, 0x02, 0x00, 0x00,
    0x23, 0x40, 0x00, 0x00, 0x80, 0x00, 0x00, 0x00, 0x17, 0x01, 0x0f, 0x00,
    0x2f, 0x01, 0x01, 0x00, 0x02, 0x00, 0x00, 0x00, 0x00, 0x40, 0x00, 0x00,
    0x30, 0x56, 0x02, 0x00, 0x0b, 0x01, 0x02, 0x00, 0x0c, 0x01, 0x02, 0x00,
    0x04, 0x01, 0x0b, 0x00, 0x10, 0x40, 0x00, 0x00, 0x60, 0x19, 0x00, 0x00,
    0x12, 0x01, 0x00, 0x00, 0x1b, 0x01, 0x00, 0x00, 0x1c, 0x01, 0x00, 0x00,
    0x21, 0x01, 0x02, 0x00, 0x22, 0x01, 0x02, 0x00, 0x20, 0x40, 0x00, 0x00,
    0x70, 0x04, 0x00, 0x00, 0x21, 0x40, 0x00, 0x00, 0x50, 0x00, 0x00, 0x00,
    0x22, 0x40, 0x00, 0x00, 0xf0, 0x03, 0x00, 0x00, 0x0d, 0x01, 0x12, 0x00,
    0x03, 0x00, 0x00, 0x00, 0x00, 0x40, 0x00, 0x00, 0x70, 0x5d, 0x02, 0x00,
    0x10, 0x40, 0x00, 0x00, 0x00, 0x1d, 0x00, 0x00, 0x2f, 0x01, 0x03, 0x00,
    0x03, 0x00, 0x00, 0x00, 0x00, 0x40, 0x00, 0x00, 0x90, 0x6f, 0x02, 0x00,
    0x0b, 0x01, 0x01, 0x00, 0x0c, 0x01, 0x01, 0x00, 0x04, 0x01, 0x07, 0x00,
    0x10, 0x40, 0x00, 0x00, 0x90, 0x52, 0x02, 0x00, 0x12, 0x01, 0x01, 0x00,
    0x1b, 0x01, 0x01, 0x00, 0x1c, 0x01, 0x01, 0x00, 0x21, 0x01, 0x00, 0x00,
    0x22, 0x01, 0x04, 0x00, 0x20, 0x40, 0x00, 0x00, 0x30, 0x03, 0x00, 0x00,
    0x21, 0x40, 0x00, 0x00, 0xc0, 0x00, 0x00, 0x00, 0x22, 0x40, 0x00, 0x00,
    0xb0, 0x02, 0x00, 0x00, 0x0d, 0x01, 0x0a, 0x00, 0x02, 0x00, 0x00, 0x00,
    0x00, 0x40, 0x00, 0x00, 0xa0, 0x2e, 0x02, 0x00, 0x0b, 0x01, 0x02, 0x00,
    0x0c, 0x01, 0x02, 0x00, 0x0a, 0x01, 0x72, 0x00, 0x05, 0x40, 0x00, 0x00,
    0x30, 0x07, 0x00, 0x00, 0x06, 0x40, 0x00, 0x00, 0x30, 0x07, 0x00, 0x00,
    0x01, 0x01, 0x01, 0x00, 0x02, 0x01, 0x01, 0x00, 0x10, 0x40, 0x00, 0x00,
    0x50, 0x68, 0x02, 0x00, 0x12, 0x01, 0x00, 0x00, 0x1b, 0x01, 0x00, 0x00,
    0x1c, 0x01, 0x00, 0x00, 0x13, 0x01, 0x07, 0x00, 0x21, 0x01, 0x02, 0x00,
    0x20, 0x01, 0x02, 0x00, 0x22, 0x01, 0x01, 0x00, 0x20, 0x40, 0x00, 0x00,
    0x30, 0x02, 0x00, 0x00, 0x21, 0x40, 0x00, 0x00, 0x80, 0x00, 0x00, 0x00,
    0x22, 0x40, 0x00, 0x00, 0xe0, 0x01, 0x00, 0x00, 0x23, 0x40, 0x00, 0x00,
    0x50, 0x00, 0x00, 0x00, 0x17, 0x01, 0x07, 0x00, 0x03, 0x00, 0x00, 0x00,
    0x00, 0x40, 0x00, 0x00, 0x24, 0x06, 0x01, 0x00, 0x04, 0x01, 0x03, 0x00,
    0x05, 0x40, 0x00, 0x00, 0xcc, 0x01, 0x00, 0x00, 0x04, 0x40, 0x00, 0x00,
    0x04, 0x00, 0x00, 0x00, 0x06, 0x40, 0x00, 0x00, 0x01, 0x00, 0x00, 0x00,
    0x09, 0x01, 0x00, 0x00, 0x05, 0x01, 0x01, 0x00, 0x10, 0x40, 0x00, 0x00,
    0x30, 0x44, 0x02, 0x00, 0x11, 0x01, 0x72, 0x00, 0x1a, 0x01, 0x72, 0x00,
    0x15, 0x40, 0x00, 0x00, 0x30, 0x07, 0x00, 0x00, 0x16, 0x40, 0x00, 0x00,
    0x30, 0x07, 0x00, 0x00, 0x22, 0x01, 0x06, 0x00, 0x20, 0x40, 0x00, 0x00,
    0x50, 0x00, 0x00, 0x00, 0x21, 0x40, 0x00, 0x00, 0x90, 0x01, 0x00, 0x00,
    0x22, 0x40, 0x00, 0x00, 0x00, 0x00, 0x00, 0x00, 0x15, 0x01, 0x3f, 0x00,
    0x02, 0x00, 0x00, 0x00, 0x00, 0x40, 0x00, 0x00, 0xbc, 0x09, 0x01, 0x00,
    0x10, 0x40, 0x00, 0x00, 0x60, 0x4b, 0x02, 0x00, 0x02, 0x00, 0x00, 0x00,
    0x00, 0x40, 0x00, 0x00, 0x54, 0x0d, 0x01, 0x00, 0x10, 0x40, 0x00, 0x00,
    0x70, 0x27, 0x02, 0x00, 0x02, 0x00, 0x00, 0x00, 0x00, 0x40, 0x00, 0x00,
    0xec, 0x10, 0x01, 0x00, 0x10, 0x40, 0x00, 0x00, 0xa0, 0x2e, 0x02, 0x00,
    0x02, 0x00, 0x00, 0x00, 0x00, 0x40, 0x00, 0x00, 0xd0, 0x35, 0x02, 0x00,
    0x04, 0x01, 0x07, 0x00, 0x05, 0x40, 0x00, 0x00, 0x30, 0x07, 0x00, 0x00,
    0x04, 0x40, 0x00, 0x00, 0x10, 0x00, 0x00, 0x00, 0x06, 0x40, 0x00, 0x00,
    0x30, 0x07, 0x00, 0x00, 0x09, 0x01, 0x80, 0xff, 0x05, 0x01, 0x41, 0x00,
    0x10, 0x40, 0x00, 0x00, 0xf0, 0x6b, 0x02, 0x00, 0x11, 0x01, 0x39, 0x00,
    0x1a, 0x01, 0x39, 0x00, 0x15, 0x40, 0x00, 0x00, 0xa0, 0x03, 0x00, 0x00,
    0x16, 0x40, 0x00, 0x00, 0xa0, 0x03, 0x00, 0x00, 0x22, 0x01, 0x01, 0x00,
    0x20, 0x40, 0x00, 0x00, 0x30, 0x02, 0x00, 0x00, 0x21, 0x40, 0x00, 0x00,
    0x80, 0x00, 0x00, 0x00, 0x22, 0x40, 0x00, 0x00, 0xe0, 0x01, 0x00, 0x00,
    0x15, 0x01, 0x39, 0x00, 0x2f, 0x01, 0x01, 0x00, 0x03, 0x00, 0x00, 0x00,
    0x00, 0x40, 0x00, 0x00, 0x00, 0x3d, 0x02, 0x00, 0x10, 0x40, 0x00, 0x00,
    0x90, 0x6f, 0x02, 0x00, 0x2f, 0x01, 0x03, 0x00, 0x03, 0x00, 0x00, 0x00,
    0x00, 0x40, 0x00, 0x00, 0x30, 0x44, 0x02, 0x00, 0x02, 0x40, 0x00, 0x00,
    0x70, 0x27, 0x02, 0x00, 0x0b, 0x01, 0x01, 0x00, 0x0c, 0x01, 0x01, 0x00,
    0x10, 0x40, 0x00, 0x00, 0x30, 0x73, 0x02, 0x00, 0x03, 0x00, 0x00, 0x00,
    0x00, 0x40, 0x00, 0x00, 0x50, 0x68, 0x02, 0x00, 0x02, 0x40, 0x00, 0x00,
    0x00, 0x00, 0x00, 0x00, 0x0a, 0x01, 0x39, 0x00, 0x05, 0x40, 0x00, 0x00,
    0xa0, 0x03, 0x00, 0x00, 0x06, 0x40, 0x00, 0x00, 0xa0, 0x03, 0x00, 0x00,
    0x01, 0x01, 0x00, 0x00, 0x02, 0x01, 0x00, 0x00, 0x10, 0x40, 0x00, 0x00,
    0xd0, 0x59, 0x02, 0x00, 0x12, 0x01, 0x01, 0x00, 0x1b, 0x01, 0x01, 0x00,
    0x1c, 0x01, 0x01, 0x00, 0x13, 0x01, 0x0b, 0x00, 0x21, 0x01, 0x00, 0x00,
    0x20, 0x01, 0x00, 0x00, 0x22, 0x01, 0x04, 0x00, 0x20, 0x40, 0x00, 0x00,
    0x30, 0x03, 0x00, 0x00, 0x21, 0x40, 0x00, 0x00, 0xc0, 0x00, 0x00, 0x00,
    0x22, 0x40, 0x00, 0x00, 0xb0, 0x02, 0x00, 0x00, 0x23, 0x40, 0x00, 0x00,
    0x80, 0x00, 0x00, 0x00, 0x17, 0x01, 0x0f, 0x00, 0x2f, 0x01, 0x01, 0x00,
    0x02, 0x00, 0x00, 0x00, 0x00, 0x40, 0x00, 0x00, 0xb0, 0x64, 0x02, 0x00,
    0x02, 0x40, 0x00, 0x00, 0x90, 0x52, 0x02, 0x00, 0x0b, 0x01, 0x00, 0x00,
    0x0c, 0x01, 0x00, 0x00, 0x04, 0x01, 0x0b, 0x00, 0x10, 0x40, 0x00, 0x00,
    0xa0, 0x20, 0x00, 0x00, 0x12, 0x01, 0x00, 0x00, 0x1b, 0x01, 0x00, 0x00,
    0x1c, 0x01, 0x00, 0x00, 0x21, 0x01, 0x02, 0x00, 0x22, 0x01, 0x02, 0x00,
    0x20, 0x40, 0x00, 0x00, 0x70, 0x04, 0x00, 0x00, 0x21, 0x40, 0x00, 0x00,
    0x50, 0x00, 0x00, 0x00, 0x22, 0x40, 0x00, 0x00, 0xf0, 0x03, 0x00, 0x00,
    0x0d, 0x01, 0x12, 0x00, 0x03, 0x00, 0x00, 0x00, 0x00, 0x40, 0x00, 0x00,
    0x30, 0x56, 0x02, 0x00, 0x02, 0x40, 0x00, 0x00, 0x00, 0x00, 0x00, 0x00,
    0x0b, 0x01, 0x02, 0x00, 0x0c, 0x01, 0x02, 0x00, 0x10, 0x40, 0x00, 0x00,
    0x40, 0x24, 0x00, 0x00, 0x2f, 0x01, 0x03, 0x00, 0x03, 0x00, 0x00, 0x00,
    0x00, 0x40, 0x00, 0x00, 0x90, 0x6f, 0x02, 0x00, 0x0b, 0x01, 0x01, 0x00,
    0x0c, 0x01, 0x01, 0x00, 0x04, 0x01, 0x07, 0x00, 0x10, 0x40, 0x00, 0x00,
    0x10, 0x61, 0x02, 0x00, 0x12, 0x01, 0x01, 0x00, 0x1b, 0x01, 0x01, 0x00,
    0x1c, 0x01, 0x01, 0x00, 0x21, 0x01, 0x00, 0x00, 0x22, 0x01, 0x04, 0x00,
    0x20, 0x40, 0x00, 0x00, 0x30, 0x03, 0x00, 0x00, 0x21, 0x40, 0x00, 0x00,
    0xc0, 0x00, 0x00, 0x00, 0x22, 0x40, 0x00, 0x00, 0xb0, 0x02, 0x00, 0x00,
    0x0d, 0x01, 0x0a, 0x00, 0x02, 0x00, 0x00, 0x00, 0x00, 0x40, 0x00, 0x00,
    0x60, 0x4b, 0x02, 0x00, 0x02, 0x40, 0x00, 0x00, 0x70, 0x27, 0x02, 0x00,
    0x0b, 0x01, 0x00, 0x00, 0x0c, 0x01, 0x00, 0x00, 0x0a, 0x01, 0x72, 0x00,
    0x05, 0x40, 0x00, 0x00, 0x30, 0x07, 0x00, 0x00, 0x06, 0x40, 0x00, 0x00,
    0x30, 0x07, 0x00, 0x00, 0x01, 0x01, 0x01, 0x00, 0x02, 0x01, 0x01, 0x00,
    0x10, 0x40, 0x00, 0x00, 0x50, 0x68, 0x02, 0x00, 0x12, 0x01, 0x00, 0x00,
    0x1b, 0x01, 0x00, 0x00, 0x1c, 0x01, 0x00, 0x00, 0x13, 0x01, 0x07, 0x00,
    0x21, 0x01, 0x02, 0x00, 0x20, 0x01, 0x02, 0x00, 0x22, 0x01, 0x01, 0x00,
    0x20, 0x40, 0x00, 0x00, 0x30, 0x02, 0x00, 0x00, 0x21, 0x40, 0x00, 0x00,
    0x80, 0x00, 0x00, 0x00, 0x22, 0x40, 0x00, 0x00, 0xe0, 0x01, 0x00, 0x00,
    0x23, 0x40, 0x00, 0x00, 0x50, 0x00, 0x00, 0x00, 0x17, 0x01, 0x07, 0x00,
    0x03, 0x00, 0x00, 0x00, 0x00, 0x40, 0x00, 0x00, 0x84, 0x14, 0x01, 0x00,
    0x02, 0x40, 0x00, 0x00, 0x00, 0x00, 0x00, 0x00, 0x0b, 0x01, 0x02, 0x00,
    0x0c, 0x01, 0x02, 0x00, 0x04, 0x01, 0x03, 0x00, 0x05, 0x40, 0x00, 0x00,
    0xcc, 0x01, 0x00, 0x00, 0x04, 0x40, 0x00, 0x00, 0x04, 0x00, 0x00, 0x00,
    0x06, 0x40, 0x00, 0x00, 0x01, 0x00, 0x00, 0x00, 0x09, 0x01, 0x00, 0x00,
    0x05, 0x01, 0x01, 0x00, 0x10, 0x40, 0x00, 0x00, 0xd0, 0x35, 0x02, 0x00,
    0x11, 0x01, 0x72, 0x00, 0x1a, 0x01, 0x72, 0x00, 0x15, 0x40, 0x00, 0x00,
    0x30, 0x07, 0x00, 0x00, 0x16, 0x40, 0x00, 0x00, 0x30, 0x07, 0x00, 0x00,
    0x22, 0x01, 0x06, 0x00, 0x20, 0x40, 0x00, 0x00, 0x50, 0x00, 0x00, 0x00,
    0x21, 0x40, 0x00, 0x00, 0x90, 0x01, 0x00, 0x00, 0x22, 0x40, 0x00, 0x00,
    0x00, 0x00, 0x00, 0x00, 0x15, 0x01, 0x3f, 0x00, 0x02, 0x00, 0x00, 0x00,
    0x00, 0x40, 0x00, 0x00, 0x1c, 0x18, 0x01, 0x00, 0x10, 0x40, 0x00, 0x00,
    0x00, 0x3d, 0x02, 0x00, 0x02, 0x00, 0x00, 0x00, 0x00, 0x40, 0x00, 0x00,
    0xb4, 0x1b, 0x01, 0x00, 0x10, 0x40, 0x00, 0x00, 0x30, 0x44, 0x02, 0x00,
    0x02, 0x00, 0x00, 0x00, 0x00, 0x40, 0x00, 0x00, 0x4c, 0x1f, 0x01, 0x00,
    0x10, 0x40, 0x00, 0x00, 0x60, 0x4b, 0x02, 0x00, 0x02, 0x00, 0x00, 0x00,
    0x00, 0x40, 0x00, 0x00, 0x70, 0x27, 0x02, 0x00, 0x04, 0x01, 0x07, 0x00,
    0x05, 0x40, 0x00, 0x00, 0x30, 0x07, 0x00, 0x00, 0x04, 0x40, 0x00, 0x00,
    0x10, 0x00, 0x00, 0x00, 0x06, 0x40, 0x00, 0x00, 0x30, 0x07, 0x00, 0x00,
    0x09, 0x01, 0x80, 0xff, 0x05, 0x01, 0x41, 0x00, 0x10, 0x40, 0x00, 0x00,
    0xf0, 0x6b, 0x02, 0x00, 0x11, 0x01, 0x39, 0x00, 0x1a, 0x01, 0x39, 0x00,
    0x15, 0x40, 0x00, 0x00, 0xa0, 0x03, 0x00, 0x00, 0x16, 0x40, 0x00, 0x00,
    0xa0, 0x03, 0x00, 0x00, 0x22, 0x01, 0x01, 0x00, 0x20, 0x40, 0x00, 0x00,
    0x30, 0x02, 0x00, 0x00, 0x21, 0x40, 0x00, 0x00, 0x80, 0x00, 0x00, 0x00,
    0x22, 0x40, 0x00, 0x00, 0xe0, 0x01, 0x00, 0x00, 0x15, 0x01, 0x39, 0x00,
    0x2f, 0x01, 0x01, 0x00, 0x03, 0x00, 0x00, 0x00, 0x00, 0x40, 0x00, 0x00,
    0xa0, 0x2e, 0x02, 0x00, 0x10, 0x40, 0x00, 0x00, 0x90, 0x6f, 0x02, 0x00,
    0x2f, 0x01, 0x03, 0x00, 0x03, 0x00, 0x00, 0x00, 0x00, 0x40, 0x00, 0x00,
    0xd0, 0x35, 0x02, 0x00, 0x10, 0x40, 0x00, 0x00, 0x30, 0x73, 0x02, 0x00,
    0x03, 0x00, 0x00, 0x00, 0x00, 0x40, 0x00, 0x00, 0x50, 0x68, 0x02, 0x00,
    0x0b, 0x01, 0x01, 0x00, 0x0c, 0x01, 0x01, 0x00, 0x0a, 0x01, 0x39, 0x00,
    0x05, 0x40, 0x00, 0x00, 0xa0, 0x03, 0x00, 0x00, 0x06, 0x40, 0x00, 0x00,
    0xa0, 0x03, 0x00, 0x00, 0x01, 0x01, 0x00, 0x00, 0x02, 0x01, 0x00, 0x00,
    0x10, 0x40, 0x00, 0x00, 0x90, 0x52, 0x02, 0x00, 0x12, 0x01, 0x01, 0x00,
    0x1b, 0x01, 0x01, 0x00, 0x1c, 0x01, 0x01, 0x00, 0x13, 0x01, 0x0b, 0x00,
    0x21, 0x01, 0x00, 0x00, 0x20, 0x01, 0x00, 0x00, 0x22, 0x01, 0x04, 0x00,
    0x20, 0x40, 0x00, 0x00, 0x30, 0x03, 0x00, 0x00, 0x21, 0x40, 0x00, 0x00,
    0xc0, 0x00, 0x00, 0x00, 0x22, 0x40, 0x00, 0x00, 0xb0, 0x02, 0x00, 0x00,
    0x23, 0x40, 0x00, 0x00, 0x80, 0x00, 0x00, 0x00, 0x17, 0x01, 0x0f, 0x00,
    0x2f, 0x01, 0x01, 0x00, 0x02, 0x00, 0x00, 0x00, 0x00, 0x40, 0x00, 0x00,
    0x70, 0x5d, 0x02, 0x00, 0x0b, 0x01, 0x02, 0x00, 0x0c, 0x01, 0x02, 0x00,
    0x04, 0x01, 0x0b, 0x00, 0x10, 0x40, 0x00, 0x00, 0xe0, 0x27, 0x00, 0x00,
    0x12, 0x01, 0x00, 0x00, 0x1b, 0x01, 0x00, 0x00, 0x1c, 0x01, 0x00, 0x00,
    0x21, 0x01, 0x02, 0x00, 0x22, 0x01, 0x02, 0x00, 0x20, 0x40, 0x00, 0x00,
    0x70, 0x04, 0x00, 0x00, 0x21, 0x40, 0x00, 0x00, 0x50, 0x00, 0x00, 0x00,
    0x22, 0x40, 0x00, 0x00, 0xf0, 0x03, 0x00, 0x00, 0x0d, 0x01, 0x12, 0x00,
    0x03, 0x00, 0x00, 0x00, 0x00, 0x40, 0x00, 0x00, 0xb0, 0x64, 0x02, 0x00,
    0x02, 0x40, 0x00, 0x00, 0x90, 0x52, 0x02, 0x00, 0x0b, 0x01, 0x00, 0x00,
    0x0c, 0x01, 0x00, 0x00, 0x10, 0x40, 0x00, 0x00, 0x80, 0x2b, 0x00, 0x00,
    0x2f, 0x01, 0x03, 0x00, 0x03, 0x00, 0x00, 0x00, 0x00, 0x40, 0x00, 0x00,
    0x90, 0x6f, 0x02, 0x00, 0x02, 0x40, 0x00, 0x00, 0x00, 0x00, 0x00, 0x00,
    0x0b, 0x01, 0x01, 0x00, 0x0c, 0x01, 0x01, 0x00, 0x04, 0x01, 0x07, 0x00,
    0x10, 0x40, 0x00, 0x00, 0xd0, 0x59, 0x02, 0x00, 0x12, 0x01, 0x01, 0x00,
    0x1b, 0x01, 0x01, 0x00, 0x1c, 0x01, 0x01, 0x00, 0x21, 0x01, 0x00, 0x00,
    0x22, 0x01, 0x04, 0x00, 0x20, 0x40, 0x00, 0x00, 0x30, 0x03, 0x00, 0x00,
    0x21, 0x40, 0x00, 0x00, 0xc0, 0x00, 0x00, 0x00, 0x22, 0x40, 0x00, 0x00,
    0xb0, 0x02, 0x00, 0x00, 0x0d, 0x01, 0x0a, 0x00, 0x02, 0x00, 0x00, 0x00,
    0x00, 0x40, 0x00, 0x00, 0x00, 0x3d, 0x02, 0x00, 0x0b, 0x01, 0x02, 0x00,
    0x0c, 0x01, 0x02, 0x00, 0x0a, 0x01, 0x72, 0x00, 0x05, 0x40, 0x00, 0x00,
    0x30, 0x07, 0x00, 0x00, 0x06, 0x40, 0x00, 0x00, 0x30, 0x07, 0x00, 0x00,
    0x01, 0x01, 0x01, 0x00, 0x02, 0x01, 0x01, 0x00, 0x10, 0x40, 0x00, 0x00,
    0x50, 0x68, 0x02, 0x00, 0x12, 0x01, 0x00, 0x00, 0x1b, 0x01, 0x00, 0x00,
    0x1c, 0x01, 0x00, 0x00, 0x13, 0x01, 0x07, 0x00, 0x21, 0x01, 0x02, 0x00,
    0x20, 0x01, 0x02, 0x00, 0x22, 0x01, 0x01, 0x00, 0x20, 0x40, 0x00, 0x00,
    0x30, 0x02, 0x00, 0x00, 0x21, 0x40, 0x00, 0x00, 0x80, 0x00, 0x00, 0x00,
    0x22, 0x40, 0x00, 0x00, 0xe0, 0x01, 0x00, 0x00, 0x23, 0x40, 0x00, 0x00,
    0x50, 0x00, 0x00, 0x00, 0x17, 0x01, 0x07, 0x00, 0x03, 0x00, 0x00, 0x00,
    0x00, 0x40, 0x00, 0x00, 0xe4, 0x22, 0x01, 0x00, 0x04, 0x01, 0x03, 0x00,
    0x05, 0x40, 0x00, 0x00, 0xcc, 0x01, 0x00, 0x00, 0x04, 0x40, 0x00, 0x00,
    0x04, 0x00, 0x00, 0x00, 0x06, 0x40, 0x00, 0x00, 0x01, 0x00, 0x00, 0x00,
    0x09, 0x01, 0x00, 0x00, 0x05, 0x01, 0x01, 0x00, 0x10, 0x40, 0x00, 0x00,
    0x70, 0x27, 0x02, 0x00, 0x11, 0x01, 0x72, 0x00, 0x1a, 0x01, 0x72, 0x00,
    0x15, 0x40, 0x00, 0x00, 0x30, 0x07, 0x00, 0x00, 0x16, 0x40, 0x00, 0x00,
    0x30, 0x07, 0x00, 0x00, 0x22, 0x01, 0x06, 0x00, 0x20, 0x40, 0x00, 0x00,
    0x50, 0x00, 0x00, 0x00, 0x21, 0x40, 0x00, 0x00, 0x90, 0x01, 0x00, 0x00,
    0x22, 0x40, 0x00, 0x00, 0x00, 0x00, 0x00, 0x00, 0x15, 0x01, 0x3f, 0x00,
    0x02, 0x00, 0x00, 0x00, 0x00, 0x40, 0x00, 0x00, 0x7c, 0x26, 0x01, 0x00,
    0x10, 0x40, 0x00, 0x00, 0xa0, 0x2e, 0x02, 0x00, 0x02, 0x00, 0x00, 0x00,
    0x00, 0x40, 0x00, 0x00, 0x14, 0x2a, 0x01, 0x00, 0x10, 0x40, 0x00, 0x00,
    0xd0, 0x35, 0x02, 0x00, 0x02, 0x00, 0x00, 0x00, 0x00, 0x40, 0x00, 0x00,
    0xac, 0x2d, 0x01, 0x00, 0x10, 0x40, 0x00, 0x00, 0x00, 0x3d, 0x02, 0x00,
    0x02, 0x00, 0x00, 0x00, 0x00, 0x40, 0x00, 0x00, 0x30, 0x44, 0x02, 0x00,
    0x02, 0x40, 0x00, 0x00, 0x70, 0x27, 0x02, 0x00, 0x0b, 0x01, 0x01, 0x00,
    0x0c, 0x01, 0x01, 0x00, 0x04, 0x01, 0x07, 0x00, 0x05, 0x40, 0x00, 0x00,
    0x30, 0x07, 0x00, 0x00, 0x04, 0x40, 0x00, 0x00, 0x10, 0x00, 0x00, 0x00,
    0x06, 0x40, 0x00, 0x00, 0x30, 0x07, 0x00, 0x00, 0x09, 0x01, 0x80, 0xff,
    0x05, 0x01, 0x41, 0x00, 0x10, 0x40, 0x00, 0x00, 0xf0, 0x6b, 0x02, 0x00,
    0x11, 0x01, 0x39, 0x00, 0x1a, 0x01, 0x39, 0x00, 0x15, 0x40, 0x00, 0x00,
    0xa0, 0x03, 0x00, 0x00, 0x16, 0x40, 0x00, 0x00, 0xa0, 0x03, 0x00, 0x00,
    0x22, 0x01, 0x01, 0x00, 0x20, 0x40, 0x00, 0x00, 0x30, 0x02, 0x00, 0x00,
    0x21, 0x40, 0x00, 0x00, 0x80, 0x00, 0x00, 0x00, 0x22, 0x40, 0x00, 0x00,
    0xe0, 0x01, 0x00, 0x00, 0x15, 0x01, 0x39, 0x00, 0x2f, 0x01, 0x01, 0x00,
    0x03, 0x00, 0x00, 0x00, 0x00, 0x40, 0x00, 0x00, 0x60, 0x4b, 0x02, 0x00,
    0x0b, 0x01, 0x00, 0x00, 0x0c, 0x01, 0x00, 0x00, 0x10, 0x40, 0x00, 0x00,
    0x90, 0x6f, 0x02, 0x00, 0x2f, 0x01, 0x03, 0x00, 0x03, 0x00, 0x00, 0x00,
    0x00, 0x40, 0x00, 0x00, 0x70, 0x27, 0x02, 0x00, 0x02, 0x40, 0x00, 0x00,
    0x00, 0x00, 0x00, 0x00, 0x0b, 0x01, 0x02, 0x00, 0x0c, 0x01, 0x02, 0x00,
    0x10, 0x40, 0x00, 0x00, 0x30, 0x73, 0x02, 0x00, 0x03, 0x00, 0x00, 0x00,
    0x00, 0x40, 0x00, 0x00, 0x50, 0x68, 0x02, 0x00, 0x0b, 0x01, 0x01, 0x00,
    0x0c, 0x01, 0x01, 0x00, 0x0a, 0x01, 0x39, 0x00, 0x05, 0x40, 0x00, 0x00,
    0xa0, 0x03, 0x00, 0x00, 0x06, 0x40, 0x00, 0x00, 0xa0, 0x03, 0x00, 0x00,
    0x01, 0x01, 0x00, 0x00, 0x02, 0x01, 0x00, 0x00, 0x10, 0x40, 0x00, 0x00,
    0x10, 0x61, 0x02, 0x00, 0x12, 0x01, 0x01, 0x00, 0x1b, 0x01, 0x01, 0x00,
    0x1c, 0x01, 0x01, 0x00, 0x13, 0x01, 0x0b, 0x00, 0x21, 0x01, 0x00, 0x00,
    0x20, 0x01, 0x00, 0x00, 0x22, 0x01, 0x04, 0x00, 0x20, 0x40, 0x00, 0x00,
    0x30, 0x03, 0x00, 0x00, 0x21, 0x40, 0x00, 0x00, 0xc0, 0x00, 0x00, 0x00,
    0x22, 0x40, 0x00, 0x00, 0xb0, 0x02, 0x00, 0x00, 0x23, 0x40, 0x00, 0x00,
    0x80, 0x00, 0x00, 0x00, 0x17, 0x01, 0x0f, 0x00, 0x2f, 0x01, 0x01, 0x00,
    0x02, 0x00, 0x00, 0x00, 0x00, 0x40, 0x00, 0x00, 0x30, 0x56, 0x02, 0x00,
    0x0b, 0x01, 0x02, 0x00, 0x0c, 0x01, 0x02, 0x00, 0x04, 0x01, 0x0b, 0x00,
    0x10, 0x40, 0x00, 0x00, 0x20, 0x2f, 0x00, 0x00, 0x12, 0x01, 0x00, 0x00,
    0x1b, 0x01, 0x00, 0x00, 0x1c, 0x01, 0x00, 0x00, 0x21, 0x01, 0x02, 0x00,
    0x22, 0x01, 0x02, 0x00, 0x20, 0x40, 0x00, 0x00, 0x70, 0x04, 0x00, 0x00,
    0x21, 0x40, 0x00, 0x00, 0x50, 0x00, 0x00, 0x00, 0x22, 0x40, 0x00, 0x00,
    0xf0, 0x03, 0x00, 0x00, 0x0d, 0x01, 0x12, 0x00, 0x03, 0x00, 0x00, 0x00,
    0x00, 0x40, 0x00, 0x00, 0x70, 0x5d, 0x02, 0x00, 0x10, 0x40, 0x00, 0x00,
    0xc0, 0x32, 0x00, 0x00, 0x2f, 0x01, 0x03, 0x00, 0x03, 0x00, 0x00, 0x00,
    0x00, 0x40, 0x00, 0x00, 0x90, 0x6f, 0x02, 0x00, 0x0b, 0x01, 0x01, 0x00,
    0x0c, 0x01, 0x01, 0x00, 0x04, 0x01, 0x07, 0x00, 0x10, 0x40, 0x00, 0x00,
    0x90, 0x52, 0x02, 0x00, 0x12, 0x01, 0x01, 0x00, 0x1b, 0x01, 0x01, 0x00,
    0x1c, 0x01, 0x01, 0x00, 0x21, 0x01, 0x00, 0x00, 0x22, 0x01, 0x04, 0x00,
    0x20, 0x40, 0x00, 0x00, 0x30, 0x03, 0x00, 0x00, 0x21, 0x40, 0x00, 0x00,
    0xc0, 0x00, 0x00, 0x00, 0x22, 0x40, 0x00, 0x00, 0xb0, 0x02, 0x00, 0x00,
    0x0d, 0x01, 0x0a, 0x00, 0x02, 0x00, 0x00, 0x00, 0x00, 0x40, 0x00, 0x00,
    0xa0, 0x2e, 0x02, 0x00, 0x0b, 0x01, 0x02, 0x00, 0x0c, 0x01, 0x02, 0x00,
    0x0a, 0x01, 0x72, 0x00, 0x05, 0x40, 0x00, 0x00, 0x30, 0x07, 0x00, 0x00,
    0x06, 0x40, 0x00, 0x00, 0x30, 0x07, 0x00, 0x00, 0x01, 0x01, 0x01, 0x00,
    0x02, 0x01, 0x01, 0x00, 0x10, 0x40, 0x00, 0x00, 0x50, 0x68, 0x02, 0x00,
    0x12, 0x01, 0x00, 0x00, 0x1b, 0x01, 0x00, 0x00, 0x1c, 0x01, 0x00, 0x00,
    0x13, 0x01, 0x07, 0x00, 0x21, 0x01, 0x02, 0x00, 0x20, 0x01, 0x02, 0x00,
    0x22, 0x01, 0x01, 0x00, 0x20, 0x40, 0x00, 0x00, 0x30, 0x02, 0x00, 0x00,
    0x21, 0x40, 0x00, 0x00, 0x80, 0x00, 0x00, 0x00, 0x22, 0x40, 0x00, 0x00,
    0xe0, 0x01, 0x00, 0x00, 0x23, 0x40, 0x00, 0x00, 0x50, 0x00, 0x00, 0x00,
    0x17, 0x01, 0x07, 0x00, 0x03, 0x00, 0x00, 0x00, 0x00, 0x40, 0x00, 0x00,
    0x44, 0x31, 0x01, 0x00, 0x04, 0x01, 0x03, 0x00, 0x05, 0x40, 0x00, 0x00,
    0xcc, 0x01, 0x00, 0x00, 0x04, 0x40, 0x00, 0x00, 0x04, 0x00, 0x00, 0x00,
    0x06, 0x40, 0x00, 0x00, 0x01, 0x00, 0x00, 0x00, 0x09, 0x01, 0x00, 0x00,
    0x05, 0x01, 0x01, 0x00, 0x10, 0x40, 0x00, 0x00, 0x30, 0x44, 0x02, 0x00,
    0x11, 0x01, 0x72, 0x00, 0x1a, 0x01, 0x72, 0x00, 0x15, 0x40, 0x00, 0x00,
    0x30, 0x07, 0x00, 0x00, 0x16, 0x40, 0x00, 0x00, 0x30, 0x07, 0x00, 0x00,
    0x22, 0x01, 0x06, 0x00, 0x20, 0x40, 0x00, 0x00, 0x50, 0x00, 0x00, 0x00,
    0x21, 0x40, 0x00, 0x00, 0x90, 0x01, 0x00, 0x00, 0x22, 0x40, 0x00, 0x00,
    0x00, 0x00, 0x00, 0x00, 0x15, 0x01, 0x3f, 0x00, 0x02, 0x00, 0x00, 0x00,
    0x00, 0x40, 0x00, 0x00, 0xdc, 0x34, 0x01, 0x00, 0x10, 0x40, 0x00, 0x00,
    0x60, 0x4b, 0x02, 0x00, 0x02, 0x00, 0x00, 0x00, 0x00, 0x40, 0x00, 0x00,
    0x74, 0x38, 0x01, 0x00, 0x10, 0x40, 0x00, 0x00, 0x70, 0x27, 0x02, 0x00,
    0x02, 0x00, 0x00, 0x00, 0x00, 0x40, 0x00, 0x00, 0x0c, 0x3c, 0x01, 0x00,
    0x10, 0x40, 0x00, 0x00, 0xa0, 0x2e, 0x02, 0x00, 0x02, 0x00, 0x00, 0x00,
    0x00, 0x40, 0x00, 0x00, 0xd0, 0x35, 0x02, 0x00, 0x04, 0x01, 0x07, 0x00,
    0x05, 0x40, 0x00, 0x00, 0x30, 0x07, 0x00, 0x00, 0x04, 0x40, 0x00, 0x00,
    0x10, 0x00, 0x00, 0x00, 0x06, 0x40, 0x00, 0x00, 0x30, 0x07, 0x00, 0x00,
    0x09, 0x01, 0x80, 0xff, 0x05, 0x01, 0x41, 0x00, 0x10, 0x40, 0x00, 0x00,
    0xf0, 0x6b, 0x02, 0x00, 0x11, 0x01, 0x39, 0x00, 0x1a, 0x01, 0x39, 0x00,
    0x15, 0x40, 0x00, 0x00, 0xa0, 0x03, 0x00, 0x00, 0x16, 0x40, 0x00, 0x00,
    0xa0, 0x03, 0x00, 0x00, 0x22, 0x01, 0x01, 0x00, 0x20, 0x40, 0x00, 0x00,
    0x30, 0x02, 0x00, 0x00, 0x21, 0x40, 0x00, 0x00, 0x80, 0x00, 0x00, 0x00,
    0x22, 0x40, 0x00, 0x00, 0xe0, 0x01, 0x00, 0x00, 0x15, 0x01, 0x39, 0x00,
    0x2f, 0x01, 0x01, 0x00, 0x03, 0x00, 0x00, 0x00, 0x00, 0x40, 0x00, 0x00,
    0x00, 0x3d, 0x02, 0x00, 0x10, 0x40, 0x00, 0x00, 0x90, 0x6f, 0x02, 0x00,
    0x2f, 0x01, 0x03, 0x00, 0x03, 0x00, 0x00, 0x00, 0x00, 0x40, 0x00, 0x00,
    0x30, 0x44, 0x02, 0x00, 0x02, 0x40, 0x00, 0x00, 0x70, 0x27, 0x02, 0x00,
    0x0b, 0x01, 0x01, 0x00, 0x0c, 0x01, 0x01, 0x00, 0x10, 0x40, 0x00, 0x00,
    0x30, 0x73, 0x02, 0x00, 0x03, 0x00, 0x00, 0x00, 0x00, 0x40, 0x00, 0x00,
    0x50, 0x68, 0x02, 0x00, 0x02, 0x40, 0x00, 0x00, 0x00, 0x00, 0x00, 0x00,
    0x0a, 0x01, 0x39, 0x00, 0x05, 0x40, 0x00, 0x00, 0xa0, 0x03, 0x00, 0x00,
    0x06, 0x40, 0x00, 0x00, 0xa0, 0x03, 0x00, 0x00, 0x01, 0x01, 0x00, 0x00,
    0x02, 0x01, 0x00, 0x00, 0x10, 0x40, 0x00, 0x00, 0xd0, 0x59, 0x02, 0x00,
    0x12, 0x01, 0x01, 0x00, 0x1b, 0x01, 0x01, 0x00, 0x1c, 0x01, 0x01, 0x00,
    0x13, 0x01, 0x0b, 0x00, 0x21, 0x01, 0x00, 0x00, 0x20, 0x01, 0x00, 0x00,
    0x22, 0x01, 0x04, 0x00, 0x20, 0x40, 0x00, 0x00, 0x30, 0x03, 0x00, 0x00,
    0x21, 0x40, 0x00, 0x00, 0xc0, 0x00, 0x00, 0x00, 0x22, 0x40, 0x00, 0x00,
    0xb0, 0x02, 0x00, 0x00, 0x23, 0x40, 0x00, 0x00, 0x80, 0x00, 0x00, 0x00,
    0x17, 0x01, 0x0f, 0x00, 0x2f, 0x01, 0x01, 0x00, 0x02, 0x00, 0x00, 0x00,
    0x00, 0x40, 0x00, 0x00, 0xb0, 0x64, 0x02, 0x00, 0x02, 0x40, 0x00, 0x00,
    0x90, 0x52, 0x02, 0x00, 0x0b, 0x01, 0x00, 0x00, 0x0c, 0x01, 0x00, 0x00,
    0x04, 0x01, 0x0b, 0x00, 0x10, 0x40, 0x00, 0x00, 0x60, 0x36, 0x00, 0x00,
    0x12, 0x01, 0x00, 0x00, 0x1b, 0x01, 0x00, 0x00, 0x1c, 0x01, 0x00, 0x00,
    0x21, 0x01, 0x02, 0x00, 0x22, 0x01, 0x02, 0x00, 0x20, 0x40, 0x00, 0x00,
    0x70, 0x04, 0x00, 0x00, 0x21, 0x40, 0x00, 0x00, 0x50, 0x00, 0x00, 0x00,
    0x22, 0x40, 0x00, 0x00, 0xf0, 0x03, 0x00, 0x00, 0x0d, 0x01, 0x12, 0x00,
    0x03, 0x00, 0x00, 0x00, 0x00, 0x40, 0x00, 0x00, 0x30, 0x56, 0x02, 0x00,
    0x02, 0x40, 0x00, 0x00, 0x00, 0x00, 0x00, 0x00, 0x0b, 0x01, 0x02, 0x00,
    0x0c, 0x01, 0x02, 0x00, 0x10, 0x40, 0x00, 0x00, 0x00, 0x3a, 0x00, 0x00,
    0x2f, 0x01, 0x03, 0x00, 0x03, 0x00, 0x00, 0x00, 0x00, 0x40, 0x00, 0x00,
    0x90, 0x6f, 0x02, 0x00, 0x0b, 0x01, 0x01, 0x00, 0x0c, 0x01, 0x01, 0x00,
    0x04, 0x01, 0x07, 0x00, 0x10, 0x40, 0x00, 0x00, 0x10, 0x61, 0x02, 0x00,
    0x12, 0x01, 0x01, 0x00, 0x1b, 0x01, 0x01, 0x00, 0x1c, 0x01, 0x01, 0x00,
    0x21, 0x01, 0x00, 0x00, 0x22, 0x01, 0x04, 0x00, 0x20, 0x40, 0x00, 0x00,
    0x30, 0x03, 0x00, 0x00, 0x21, 0x40, 0x00, 0x00, 0xc0, 0x00, 0x00, 0x00,
    0x22, 0x40, 0x00, 0x00, 0xb0, 0x02, 0x00, 0x00, 0x0d, 0x01, 0x0a, 0x00,
    0x02, 0x00, 0x00, 0x00, 0x00, 0x40, 0x00, 0x00, 0x60, 0x4b, 0x02, 0x00,
    0x02, 0x40, 0x00, 0x00, 0x70, 0x27, 0x02, 0x00, 0x0b, 0x01, 0x00, 0x00,
    0x0c, 0x01, 0x00, 0x00, 0x0a, 0x01, 0x72, 0x00, 0x05, 0x40, 0x00, 0x00,
    0x30, 0x07, 0x00, 0x00, 0x06, 0x40, 0x00, 0x00, 0x30, 0x07, 0x00, 0x00,
    0x01, 0x01, 0x01, 0x00, 0x02, 0x01, 0x01, 0x00, 0x10, 0x40, 0x00, 0x00,
    0x50, 0x68, 0x02, 0x00, 0x12, 0x01, 0x00, 0x00, 0x1b, 0x01, 0x00, 0x00,
    0x1c, 0x01, 0x00, 0x00, 0x13, 0x01, 0x07, 0x00, 0x21, 0x01, 0x02, 0x00,
    0x20, 0x01, 0x02, 0x00, 0x22, 0x01, 0x01, 0x00, 0x20, 0x40, 0x00, 0x00,
    0x30, 0x02, 0x00, 0x00, 0x21, 0x40, 0x00, 0x00, 0x80, 0x00, 0x00, 0x00,
    0x22, 0x40, 0x00, 0x00, 0xe0, 0x01, 0x00, 0x00, 0x23, 0x40, 0x00, 0x00,
    0x50, 0x00, 0x00, 0x00, 0x17, 0x01, 0x07, 0x00, 0x03, 0x00, 0x00, 0x00,
    0x00, 0x40, 0x00, 0x00, 0xa4, 0x3f, 0x01, 0x00, 0x02, 0x40, 0x00, 0x00,
    0x00, 0x00, 0x00, 0x00, 0x0b, 0x01, 0x02, 0x00, 0x0c, 0x01, 0x02, 0x00,
    0x04, 0x01, 0x03, 0x00, 0x05, 0x40, 0x00, 0x00, 0xcc, 0x01, 0x00, 0x00,
    0x04, 0x40, 0x00, 0x00, 0x04, 0x00, 0x00, 0x00, 0x06, 0x40, 0x00, 0x00,
    0x01, 0x00, 0x00, 0x00, 0x09, 0x01, 0x00, 0x00, 0x05, 0x01, 0x01, 0x00,
    0x10, 0x40, 0x00, 0x00, 0xd0, 0x35, 0x02, 0x00, 0x11, 0x01, 0x72, 0x00,
    0x1a, 0x01, 0x72, 0x00, 0x15, 0x40, 0x00, 0x00, 0x30, 0x07, 0x00, 0x00,
    0x16, 0x40, 0x00, 0x00, 0x30, 0x07, 0x00, 0x00, 0x22, 0x01, 0x06, 0x00,
    0x20, 0x40, 0x00, 0x00, 0x50, 0x00, 0x00, 0x00, 0x21, 0x40, 0x00, 0x00,
    0x90, 0x01, 0x00, 0x00, 0x22, 0x40, 0x00, 0x00, 0x00, 0x00, 0x00, 0x00,
    0x15, 0x01, 0x3f, 0x00, 0x02, 0x00, 0x00, 0x00, 0x00, 0x40, 0x00, 0x00,
    0x3c, 0x43, 0x01, 0x00, 0x10, 0x40, 0x00, 0x00, 0x00, 0x3d, 0x02, 0x00,
    0x02, 0x00, 0x00, 0x00, 0x00, 0x40, 0x00, 0x00, 0xd4, 0x46, 0x01, 0x00,
    0x10, 0x40, 0x00, 0x00, 0x30, 0x44, 0x02, 0x00, 0x02, 0x00, 0x00, 0x00,
    0x00, 0x40, 0x00, 0x00, 0x6c, 0x4a, 0x01, 0x00, 0x10, 0x40, 0x00, 0x00,
    0x60, 0x4b, 0x02, 0x00, 0x02, 0x00, 0x00, 0x00, 0x00, 0x40, 0x00, 0x00,
    0x70, 0x27, 0x02, 0x00, 0x04, 0x01, 0x07, 0x00, 0x05, 0x40, 0x00, 0x00,
    0x30, 0x07, 0x00, 0x00, 0x04, 0x40, 0x00, 0x00, 0x10, 0x00, 0x00, 0x00,
    0x06, 0x40, 0x00, 0x00, 0x30, 0x07, 0x00, 0x00, 0x09, 0x01, 0x80, 0xff,
    0x05, 0x01, 0x41, 0x00, 0x10, 0x40, 0x00, 0x00, 0xf0, 0x6b, 0x02, 0x00,
    0x11, 0x01, 0x39, 0x00, 0x1a, 0x01, 0x39, 0x00, 0x15, 0x40, 0x00, 0x00,
    0xa0, 0x03, 0x00, 0x00, 0x16, 0x40, 0x00, 0x00, 0xa0, 0x03, 0x00, 0x00,
    0x22, 0x01, 0x01, 0x00, 0x20, 0x40, 0x00, 0x00, 0x30, 0x02, 0x00, 0x00,
    0x21, 0x40, 0x00, 0x00, 0x80, 0x00, 0x00, 0x00, 0x22, 0x40, 0x00, 0x00,
    0xe0, 0x01, 0x00, 0x00, 0x15, 0x01, 0x39, 0x00, 0x2f, 0x01, 0x01, 0x00,
    0x03, 0x00, 0x00, 0x00, 0x00, 0x40, 0x00, 0x00, 0xa0, 0x2e, 0x02, 0x00,
    0x10, 0x40, 0x00, 0x00, 0x90, 0x6f, 0x02, 0x00, 0x2f, 0x01, 0x03, 0x00,
    0x03, 0x00, 0x00, 0x00, 0x00, 0x40, 0x00, 0x00, 0xd0, 0x35, 0x02, 0x00,
    0x10, 0x40, 0x00, 0x00, 0x30, 0x73, 0x02, 0x00, 0x03, 0x00, 0x00, 0x00,
    0x00, 0x40, 0x00, 0x00, 0x50, 0x68, 0x02, 0x00, 0x0b, 0x01, 0x01, 0x00,
    0x0c, 0x01, 0x01, 0x00, 0x0a, 0x01, 0x39, 0x00, 0x05, 0x40, 0x00, 0x00,
    0xa0, 0x03, 0x00, 0x00, 0x06, 0x40, 0x00, 0x00, 0xa0, 0x03, 0x00, 0x00,
    0x01, 0x01, 0x00, 0x00, 0x02, 0x01, 0x00, 0x00, 0x10, 0x40, 0x00, 0x00,
    0x90, 0x52, 0x02, 0x00, 0x12, 0x01, 0x01, 0x00, 0x1b, 0x01, 0x01, 0x00,
    0x1c, 0x01, 0x01, 0x00, 0x13, 0x01, 0x0b, 0x00, 0x21, 0x01, 0x00, 0x00,
    0x20, 0x01, 0x00, 0x00, 0x22, 0x01, 0x04, 0x00, 0x20, 0x40, 0x00, 0x00,
    0x30, 0x03, 0x00, 0x00, 0x21, 0x40, 0x00, 0x00, 0xc0, 0x00, 0x00, 0x00,
    0x22, 0x40, 0x00, 0x00, 0xb0, 0x02, 0x00, 0x00, 0x23, 0x40, 0x00, 0x00,
    0x80, 0x00, 0x00, 0x00, 0x17, 0x01, 0x0f, 0x00, 0x2f, 0x01, 0x01, 0x00,
    0x02, 0x00, 0x00, 0x00, 0x00, 0x40, 0x00, 0x00, 0x70, 0x5d, 0x02, 0x00,
    0x0b, 0x01, 0x02, 0x00, 0x0c, 0x01, 0x02, 0x00, 0x04, 0x01, 0x0b, 0x00,
    0x10, 0x40, 0x00, 0x00, 0xa0, 0x3d, 0x00, 0x00, 0x12, 0x01, 0x00, 0x00,
    0x1b, 0x01, 0x00, 0x00, 0x1c, 0x01, 0x00, 0x00, 0x21, 0x01, 0x02, 0x00,
    0x22, 0x01, 0x02, 0x00, 0x20, 0x40, 0x00, 0x00, 0x70, 0x04, 0x00, 0x00,
    0x21, 0x40, 0x00, 0x00, 0x50, 0x00, 0x00, 0x00, 0x22, 0x40, 0x00, 0x00,
    0xf0, 0x03, 0x00, 0x00, 0x0d, 0x01, 0x12, 0x00, 0x03, 0x00, 0x00, 0x00,
    0x00, 0x40, 0x00, 0x00, 0xb0, 0x64, 0x02, 0x00, 0x02, 0x40, 0x00, 0x00,
    0x90, 0x52, 0x02, 0x00, 0x0b, 0x01, 0x00, 0x00, 0x0c, 0x01, 0x00, 0x00,
    0x10, 0x40, 0x00, 0x00, 0x40, 0x41, 0x00, 0x00, 0x2f, 0x01, 0x03, 0x00,
    0x03, 0x00, 0x00, 0x00, 0x00, 0x40, 0x00, 0x00, 0x90, 0x6f, 0x02, 0x00,
    0x02, 0x40, 0x00, 0x00, 0x00, 0x00, 0x00, 0x00, 0x0b, 0x01, 0x01, 0x00,
    0x0c, 0x01, 0x01, 0x00, 0x04, 0x01, 0x07, 0x00, 0x10, 0x40, 0x00, 0x00,
    0xd0, 0x59, 0x02, 0x00, 0x12, 0x01, 0x01, 0x00, 0x1b, 0x01, 0x01, 0x00,
    0x1c, 0x01, 0x01, 0x00, 0x21, 0x01, 0x00, 0x00, 0x22, 0x01, 0x04, 0x00,
    0x20, 0x40, 0x00, 0x00, 0x30, 0x03, 0x00, 0x00, 0x21, 0x40, 0x00, 0x00,
    0xc0, 0x00, 0x00, 0x00, 0x22, 0x40, 0x00, 0x00, 0xb0, 0x02, 0x00, 0x00,
    0x0d, 0x01, 0x0a, 0x00, 0x02, 0x00, 0x00, 0x00, 0x00, 0x40, 0x00, 0x00,
    0x00, 0x3d, 0x02, 0x00, 0x0b, 0x01, 0x02, 0x00, 0x0c, 0x01, 0x02, 0x00,
    0x0a, 0x01, 0x72, 0x00, 0x05, 0x40, 0x00, 0x00, 0x30, 0x07, 0x00, 0x00,
    0x06, 0x40, 0x00, 0x00, 0x30, 0x07, 0x00, 0x00, 0x01, 0x01, 0x01, 0x00,
    0x02, 0x01, 0x01, 0x00, 0x10, 0x40, 0x00, 0x00, 0x50, 0x68, 0x02, 0x00,
    0x12, 0x01, 0x00, 0x00, 0x1b, 0x01, 0x00, 0x00, 0x1c, 0x01, 0x00, 0x00,
    0x13, 0x01, 0x07, 0x00, 0x21, 0x01, 0x02, 0x00, 0x20, 0x01, 0x02, 0x00,
    0x22, 0x01, 0x01, 0x00, 0x20, 0x40, 0x00, 0x00, 0x30, 0x02, 0x00, 0x00,
    0x21, 0x40, 0x00, 0x00, 0x80, 0x00, 0x00, 0x00, 0x22, 0x40, 0x00, 0x00,
    0xe0, 0x01, 0x00, 0x00, 0x23, 0x40, 0x00, 0x00, 0x50, 0x00, 0x00, 0x00,
    0x17, 0x01, 0x07, 0x00, 0x03, 0x00, 0x00, 0x00, 0x00, 0x40, 0x00, 0x00,
    0x04, 0x4e, 0x01, 0x00, 0x04, 0x01, 0x03, 0x00, 0x05, 0x40, 0x00, 0x00,
    0xcc, 0x01, 0x00, 0x00, 0x04, 0x40, 0x00, 0x00, 0x04, 0x00, 0x00, 0x00,
    0x06, 0x40, 0x00, 0x00, 0x01, 0x00, 0x00, 0x00, 0x09, 0x01, 0x00, 0x00,
    0x05, 0x01, 0x01, 0x00, 0x10, 0x40, 0x00, 0x00, 0x70, 0x27, 0x02, 0x00,
    0x11, 0x01, 0x72, 0x00, 0x1a, 0x01, 0x72, 0x00, 0x15, 0x40, 0x00, 0x00,
    0x30, 0x07, 0x00, 0x00, 0x16, 0x40, 0x00, 0x00, 0x30, 0x07, 0x00, 0x00,
    0x22, 0x01, 0x06, 0x00, 0x20, 0x40, 0x00, 0x00, 0x50, 0x00, 0x00, 0x00,
    0x21, 0x40, 0x00, 0x00, 0x90, 0x01, 0x00, 0x00, 0x22, 0x40, 0x00, 0x00,
    0x00, 0x00, 0x00, 0x00, 0x15, 0x01, 0x3f, 0x00, 0x02, 0x00, 0x00, 0x00,
    0x00, 0x40, 0x00, 0x00, 0x9c, 0x51, 0x01, 0x00, 0x10, 0x40, 0x00, 0x00,
    0xa0, 0x2e, 0x02, 0x00, 0x02, 0x00, 0x00, 0x00, 0x00, 0x40, 0x00, 0x00,
    0x34, 0x55, 0x01, 0x00, 0x10, 0x40, 0x00, 0x00, 0xd0, 0x35, 0x02, 0x00,
    0x02, 0x00, 0x00, 0x00, 0x00, 0x40, 0x00, 0x00, 0xcc, 0x58, 0x01, 0x00,
    0x10, 0x40, 0x00, 0x00, 0x00, 0x3d, 0x02, 0x00, 0x02, 0x00, 0x00, 0x00,
    0x00, 0x40, 0x00, 0x00, 0x30, 0x44, 0x02, 0x00, 0x02, 0x40, 0x00, 0x00,
    0x70, 0x27, 0x02, 0x00, 0x0b, 0x01, 0x01, 0x00, 0x0c, 0x01, 0x01, 0x00,
    0x04, 0x01, 0x07, 0x00, 0x05, 0x40, 0x00, 0x00, 0x30, 0x07, 0x00, 0x00,
    0x04, 0x40, 0x00, 0x00, 0x10, 0x00, 0x00, 0x00, 0x06, 0x40, 0x00, 0x00,
    0x30, 0x07, 0x00, 0x00, 0x09, 0x01, 0x80, 0xff, 0x05, 0x01, 0x41, 0x00,
    0x10, 0x40, 0x00, 0x00, 0xf0, 0x6b, 0x02, 0x00, 0x11, 0x01, 0x39, 0x00,
    0x1a, 0x01, 0x39, 0x00, 0x15, 0x40, 0x00, 0x00, 0xa0, 0x03, 0x00, 0x00,
    0x16, 0x40, 0x00, 0x00, 0xa0, 0x03, 0x00, 0x00, 0x22, 0x01, 0x01, 0x00,
    0x20, 0x40, 0x00, 0x00, 0x30, 0x02, 0x00, 0x00, 0x21, 0x40, 0x00, 0x00,
    0x80, 0x00, 0x00, 0x00, 0x22, 0x40, 0x00, 0x00, 0xe0, 0x01, 0x00, 0x00,
    0x15, 0x01, 0x39, 0x00, 0x2f, 0x01, 0x01, 0x00, 0x03, 0x00, 0x00, 0x00,
    0x00, 0x40, 0x00, 0x00, 0x60, 0x4b, 0x02, 0x00, 0x0b, 0x01, 0x00, 0x00,
    0x0c, 0x01, 0x00, 0x00, 0x10, 0x40, 0x00, 0x00, 0x90, 0x6f, 0x02, 0x00,
    0x2f, 0x01, 0x03, 0x00, 0x03, 0x00, 0x00, 0x00, 0x00, 0x40, 0x00, 0x00,
    0x70, 0x27, 0x02, 0x00, 0x02, 0x40, 0x00, 0x00, 0x00, 0x00, 0x00, 0x00,
    0x0b, 0x01, 0x02, 0x00, 0x0c, 0x01, 0x02, 0x00, 0x10, 0x40, 0x00, 0x00,
    0x30, 0x73, 0x02, 0x00, 0x03, 0x00, 0x00, 0x00, 0x00, 0x40, 0x00, 0x00,
    0x50, 0x68, 0x02, 0x00, 0x0b, 0x01, 0x01, 0x00, 0x0c, 0x01, 0x01, 0x00,
    0x0a, 0x01, 0x39, 0x00, 0x05, 0x40, 0x00, 0x00, 0xa0, 0x03, 0x00, 0x00,
    0x06, 0x40, 0x00, 0x00, 0xa0, 0x03, 0x00, 0x00, 0x01, 0x01, 0x00, 0x00,
    0x02, 0x01, 0x00, 0x00, 0x10, 0x40, 0x00, 0x00, 0x10, 0x61, 0x02, 0x00,
    0x12, 0x01, 0x01, 0x00, 0x1b, 0x01, 0x01, 0x00, 0x1c, 0x01, 0x01, 0x00,
    0x13, 0x01, 0x0b, 0x00, 0x21, 0x01, 0x00, 0x00, 0x20, 0x01, 0x00, 0x00,
    0x22, 0x01, 0x04, 0x00, 0x20, 0x40, 0x00, 0x00, 0x30, 0x03, 0x00, 0x00,
    0x21, 0x40, 0x00, 0x00, 0xc0, 0x00, 0x00, 0x00, 0x22, 0x40, 0x00, 0x00,
    0xb0, 0x02, 0x00, 0x00, 0x23, 0x40, 0x00, 0x00, 0x80, 0x00, 0x00, 0x00,
    0x17, 0x01, 0x0f, 0x00, 0x2f, 0x01, 0x01, 0x00, 0x02, 0x00, 0x00, 0x00,
    0x00, 0x40, 0x00, 0x00, 0x30, 0x56, 0x02, 0x00, 0x0b, 0x01, 0x02, 0x00,
    0x0c, 0x01, 0x02, 0x00, 0x04, 0x01, 0x0b, 0x00, 0x10, 0x40, 0x00, 0x00,
    0xe0, 0x44, 0x00, 0x00, 0x12, 0x01, 0x00, 0x00, 0x1b, 0x01, 0x00, 0x00,
    0x1c, 0x01, 0x00, 0x00, 0x21, 0x01, 0x02, 0x00, 0x22, 0x01, 0x02, 0x00,
    0x20, 0x40, 0x00, 0x00, 0x70, 0x04, 0x00, 0x00, 0x21, 0x40, 0x00, 0x00,
    0x50, 0x00, 0x00, 0x00, 0x22, 0x40, 0x00, 0x00, 0xf0, 0x03, 0x00, 0x00,
    0x0d, 0x01, 0x12, 0x00, 0x03, 0x00, 0x00, 0x00, 0x00, 0x40, 0x00, 0x00,
    0x70, 0x5d, 0x02, 0x00, 0x10, 0x40, 0x00, 0x00, 0x80, 0x48, 0x00, 0x00,
    0x2f, 0x01, 0x03, 0x00, 0x03, 0x00, 0x00, 0x00, 0x00, 0x40, 0x00, 0x00,
    0x90, 0x6f, 0x02, 0x00, 0x0b, 0x01, 0x01, 0x00, 0x0c, 0x01, 0x01, 0x00,
    0x04, 0x01, 0x07, 0x00, 0x10, 0x40, 0x00, 0x00, 0x90, 0x52, 0x02, 0x00,
    0x12, 0x01, 0x01, 0x00, 0x1b, 0x01, 0x01, 0x00, 0x1c, 0x01, 0x01, 0x00,
    0x21, 0x01, 0x00, 0x00, 0x22, 0x01, 0x04, 0x00, 0x20, 0x40, 0x00, 0x00,
    0x30, 0x03, 0x00, 0x00, 0x21, 0x40, 0x00, 0x00, 0xc0, 0x00, 0x00, 0x00,
    0x22, 0x40, 0x00, 0x00, 0xb0, 0x02, 0x00, 0x00, 0x0d, 0x01, 0x0a, 0x00,
    0x02, 0x00, 0x00, 0x00, 0x00, 0x40, 0x00, 0x00, 0xa0, 0x2e, 0x02, 0x00,
    0x0b, 0x01, 0x02, 0x00, 0x0c, 0x01, 0x02, 0x00, 0x0a, 0x01, 0x72, 0x00,
    0x05, 0x40, 0x00, 0x00, 0x30, 0x07, 0x00, 0x00, 0x06, 0x40, 0x00, 0x00,
    0x30, 0x07, 0x00, 0x00, 0x01, 0x01, 0x01, 0x00, 0x02, 0x01, 0x01, 0x00,
    0x10, 0x40, 0x00, 0x00, 0x50, 0x68, 0x02, 0x00, 0x12, 0x01, 0x00, 0x00,
    0x1b, 0x01, 0x00, 0x00, 0x1c, 0x01, 0x00, 0x00, 0x13, 0x01, 0x07, 0x00,
    0x21, 0x01, 0x02, 0x00, 0x20, 0x01, 0x02, 0x00, 0x22, 0x01, 0x01, 0x00,
    0x20, 0x40, 0x00, 0x00, 0x30, 0x02, 0x00, 0x00, 0x21, 0x40, 0x00, 0x00,
    0x80, 0x00, 0x00, 0x00, 0x22, 0x40, 0x00, 0x00, 0xe0, 0x01, 0x00, 0x00,
    0x23, 0x40, 0x00, 0x00, 0x50, 0x00, 0x00, 0x00, 0x17, 0x01, 0x07, 0x00,
    0x03, 0x00, 0x00, 0x00, 0x00, 0x40, 0x00, 0x00, 0x64, 0x5c, 0x01, 0x00,
    0x04, 0x01, 0x03, 0x00, 0x05, 0x40, 0x00, 0x00, 0xcc, 0x01, 0x00, 0x00,
    0x04, 0x40, 0x00, 0x00, 0x04, 0x00, 0x00, 0x00, 0x06, 0x40, 0x00, 0x00,
    0x01, 0x00, 0x00, 0x00, 0x09, 0x01, 0x00, 0x00, 0x05, 0x01, 0x01, 0x00,
    0x10, 0x40, 0x00, 0x00, 0x30, 0x44, 0x02, 0x00, 0x11, 0x01, 0x72, 0x00,
    0x1a, 0x01, 0x72, 0x00, 0x15, 0x40, 0x00, 0x00, 0x30, 0x07, 0x00, 0x00,
    0x16, 0x40, 0x00, 0x00, 0x30, 0x07, 0x00, 0x00, 0x22, 0x01, 0x06, 0x00,
    0x20, 0x40, 0x00, 0x00, 0x50, 0x00, 0x00, 0x00, 0x21, 0x40, 0x00, 0x00,
    0x90, 0x01, 0x00, 0x00, 0x22, 0x40, 0x00, 0x00, 0x00, 0x00, 0x00, 0x00,
    0x15, 0x01, 0x3f, 0x00, 0x02, 0x00, 0x00, 0x00, 0x00, 0x40, 0x00, 0x00,
    0xfc, 0x5f, 0x01, 0x00, 0x10, 0x40, 0x00, 0x00, 0x60, 0x4b, 0x02, 0x00,
    0x02, 0x00, 0x00, 0x00, 0x00, 0x40, 0x00, 0x00, 0x94, 0x63, 0x01, 0x00,
    0x10, 0x40, 0x00, 0x00, 0x70, 0x27, 0x02, 0x00, 0x02, 0x00, 0x00, 0x00,
    0x00, 0x40, 0x00, 0x00, 0x2c, 0x67, 0x01, 0x00, 0x10, 0x40, 0x00, 0x00,
    0xa0, 0x2e, 0x02, 0x00, 0x02, 0x00, 0x00, 0x00, 0x00, 0x40, 0x00, 0x00,
    0xd0, 0x35, 0x02, 0x00, 0x04, 0x01, 0x07, 0x00, 0x05, 0x40, 0x00, 0x00,
    0x30, 0x07, 0x00, 0x00, 0x04, 0x40, 0x00, 0x00, 0x10, 0x00, 0x00, 0x00,
    0x06, 0x40, 0x00, 0x00, 0x30, 0x07, 0x00, 0x00, 0x09, 0x01, 0x80, 0xff,
    0x05, 0x01, 0x41, 0x00, 0x10, 0x40, 0x00, 0x00, 0xf0, 0x6b, 0x02, 0x00,
    0x11, 0x01, 0x39, 0x00, 0x1a, 0x01, 0x39, 0x00, 0x15, 0x40, 0x00, 0x00,
    0xa0, 0x03, 0x00, 0x00, 0x16, 0x40, 0x00, 0x00, 0xa0, 0x03, 0x00, 0x00,
    0x22, 0x01, 0x01, 0x00, 0x20, 0x40, 0x00, 0x00, 0x30, 0x02, 0x00, 0x00,
    0x21, 0x40, 0x00, 0x00, 0x80, 0x00, 0x00, 0x00, 0x22, 0x40, 0x00, 0x00,
    0xe0, 0x01, 0x00, 0x00, 0x15, 0x01, 0x39, 0x00, 0x2f, 0x01, 0x01, 0x00,
    0x03, 0x00, 0x00, 0x00, 0x00, 0x40, 0x00, 0x00, 0x00, 0x3d, 0x02, 0x00,
    0x10, 0x40, 0x00, 0x00, 0x90, 0x6f, 0x02, 0x00, 0x2f, 0x01, 0x03, 0x00,
    0x03, 0x00, 0x00, 0x00, 0x00, 0x40, 0x00, 0x00, 0x30, 0x44, 0x02, 0x00,
    0x02, 0x40, 0x00, 0x00, 0x70, 0x27, 0x02, 0x00, 0x0b, 0x01, 0x01, 0x00,
    0x0c, 0x01, 0x01, 0x00, 0x10, 0x40, 0x00, 0x00, 0x30, 0x73, 0x02, 0x00,
    0x03, 0x00, 0x00, 0x00, 0x00, 0x40, 0x00, 0x00, 0x50, 0x68, 0x02, 0x00,
    0x02, 0x40, 0x00, 0x00, 0x00, 0x00, 0x00, 0x00, 0x0a, 0x01, 0x39, 0x00,
    0x05, 0x40, 0x00, 0x00, 0xa0, 0x03, 0x00, 0x00, 0x06, 0x40, 0x00, 0x00,
    0xa0, 0x03, 0x00, 0x00, 0x01, 0x01, 0x00, 0x00, 0x02, 0x01, 0x00, 0x00,
    0x10, 0x40, 0x00, 0x00, 0xd0, 0x59, 0x02, 0x00, 0x12, 0x01, 0x01, 0x00,
    0x1b, 0x01, 0x01, 0x00, 0x1c, 0x01, 0x01, 0x00, 0x13, 0x01, 0x0b, 0x00,
    0x21, 0x01, 0x00, 0x00, 0x20, 0x01, 0x00, 0x00, 0x22, 0x01, 0x04, 0x00,
    0x20, 0x40, 0x00, 0x00, 0x30, 0x03, 0x00, 0x00, 0x21, 0x40, 0x00, 0x00,
    0xc0, 0x00, 0x00, 0x00, 0x22, 0x40, 0x00, 0x00, 0xb0, 0x02, 0x00, 0x00,
    0x23, 0x40, 0x00, 0x00, 0x80, 0x00, 0x00, 0x00, 0x17, 0x01, 0x0f, 0x00,
    0x2f, 0x01, 0x01, 0x00, 0x02, 0x00, 0x00, 0x00, 0x00, 0x40, 0x00, 0x00,
    0xb0, 0x64, 0x02, 0x00, 0x02, 0x40, 0x00, 0x00, 0x90, 0x52, 0x02, 0x00,
    0x0b, 0x01, 0x00, 0x00, 0x0c, 0x01, 0x00, 0x00, 0x04, 0x01, 0x0b, 0x00,
    0x10, 0x40, 0x00, 0x00, 0x20, 0x4c, 0x00, 0x00, 0x12, 0x01, 0x00, 0x00,
    0x1b, 0x01, 0x00, 0x00, 0x1c, 0x01, 0x00, 0x00, 0x21, 0x01, 0x02, 0x00,
    0x22, 0x01, 0x02, 0x00, 0x20, 0x40, 0x00, 0x00, 0x70, 0x04, 0x00, 0x00,
    0x21, 0x40, 0x00, 0x00, 0x50, 0x00, 0x00, 0x00, 0x22, 0x40, 0x00, 0x00,
    0xf0, 0x03, 0x00, 0x00, 0x0d, 0x01, 0x12, 0x00, 0x03, 0x00, 0x00, 0x00,
    0x00, 0x40, 0x00, 0x00, 0x30, 0x56, 0x02, 0x00, 0x02, 0x40, 0x00, 0x00,
    0x00, 0x00, 0x00, 0x00, 0x0b, 0x01, 0x02, 0x00, 0x0c, 0x01, 0x02, 0x00,
    0x10, 0x40, 0x00, 0x00, 0xc0, 0x4f, 0x00, 0x00, 0x2f, 0x01, 0x03, 0x00,
    0x03, 0x00, 0x00, 0x00, 0x00, 0x40, 0x00, 0x00, 0x90, 0x6f, 0x02, 0x00,
    0x0b, 0x01, 0x01, 0x00, 0x0c, 0x01, 0x01, 0x00, 0x04, 0x01, 0x07, 0x00,
    0x10, 0x40, 0x00, 0x00, 0x10, 0x61, 0x02, 0x00, 0x12, 0x01, 0x01, 0x00,
    0x1b, 0x01, 0x01, 0x00, 0x1c, 0x01, 0x01, 0x00, 0x21, 0x01, 0x00, 0x00,
    0x22, 0x01, 0x04, 0x00, 0x20, 0x40, 0x00, 0x00, 0x30, 0x03, 0x00, 0x00,
    0x21, 0x40, 0x00, 0x00, 0xc0, 0x00, 0x00, 0x00, 0x22, 0x40, 0x00, 0x00,
    0xb0, 0x02, 0x00, 0x00, 0x0d, 0x01, 0x0a, 0x00, 0x02, 0x00, 0x00, 0x00,
    0x00, 0x40, 0x00, 0x00, 0x60, 0x4b, 0x02, 0x00, 0x02, 0x40, 0x00, 0x00,
    0x70, 0x27, 0x02, 0x00, 0x0b, 0x01, 0x00, 0x00, 0x0c, 0x01, 0x00, 0x00,
    0x0a, 0x01, 0x72, 0x00, 0x05, 0x40, 0x00, 0x00, 0x30, 0x07, 0x00, 0x00,
    0x06, 0x40, 0x00, 0x00, 0x30, 0x07, 0x00, 0x00, 0x01, 0x01, 0x01, 0x00,
    0x02, 0x01, 0x01, 0x00, 0x10, 0x40, 0x00, 0x00, 0x50, 0x68, 0x02, 0x00,
    0x12, 0x01, 0x00, 0x00, 0x1b, 0x01, 0x00, 0x00, 0x1c, 0x01, 0x00, 0x00,
    0x13, 0x01, 0x07, 0x00, 0x21, 0x01, 0x02, 0x00, 0x20, 0x01, 0x02, 0x00,
    0x22, 0x01, 0x01, 0x00, 0x20, 0x40, 0x00, 0x00, 0x30, 0x02, 0x00, 0x00,
    0x21, 0x40, 0x00, 0x00, 0x80, 0x00, 0x00, 0x00, 0x22, 0x40, 0x00, 0x00,
    0xe0, 0x01, 0x00, 0x00, 0x23, 0x40, 0x00, 0x00, 0x50, 0x00, 0x00, 0x00,
    0x17, 0x01, 0x07, 0x00, 0x03, 0x00, 0x00, 0x00, 0x00, 0x40, 0x00, 0x00,
    0xc4, 0x6a, 0x01, 0x00, 0x02, 0x40, 0x00, 0x00, 0x00, 0x00, 0x00, 0x00,
    0x0b, 0x01, 0x02, 0x00, 0x0c, 0x01, 0x02, 0x00, 0x04, 0x01, 0x03, 0x00,
    0x05, 0x40, 0x00, 0x00, 0xcc, 0x01, 0x00, 0x00, 0x04, 0x40, 0x00, 0x00,
    0x04, 0x00, 0x00, 0x00, 0x06, 0x40, 0x00, 0x00, 0x01, 0x00, 0x00, 0x00,
    0x09, 0x01, 0x00, 0x00, 0x05, 0x01, 0x01, 0x00, 0x10, 0x40, 0x00, 0x00,
    0xd0, 0x35, 0x02, 0x00, 0x11, 0x01, 0x72, 0x00, 0x1a, 0x01, 0x72, 0x00,
    0x15, 0x40, 0x00, 0x00, 0x30, 0x07, 0x00, 0x00, 0x16, 0x40, 0x00, 0x00,
    0x30, 0x07, 0x00, 0x00, 0x22, 0x01, 0x06, 0x00, 0x20, 0x40, 0x00, 0x00,
    0x50, 0x00, 0x00, 0x00, 0x21, 0x40, 0x00, 0x00, 0x90, 0x01, 0x00, 0x00,
    0x22, 0x40, 0x00, 0x00, 0x00, 0x00, 0x00, 0x00, 0x15, 0x01, 0x3f, 0x00,
    0x02, 0x00, 0x00, 0x00, 0x00, 0x40, 0x00, 0x00, 0x5c, 0x6e, 0x01, 0x00,
    0x10, 0x40, 0x00, 0x00, 0x00, 0x3d, 0x02, 0x00, 0x02, 0x00, 0x00, 0x00,
    0x00, 0x40, 0x00, 0x00, 0xf4, 0x71, 0x01, 0x00, 0x10, 0x40, 0x00, 0x00,
    0x30, 0x44, 0x02, 0x00, 0x02, 0x00, 0x00, 0x00, 0x00, 0x40, 0x00, 0x00,
    0x8c, 0x75, 0x01, 0x00, 0x10, 0x40, 0x00, 0x00, 0x60, 0x4b, 0x02, 0x00,
    0x02, 0x00, 0x00, 0x00, 0x00, 0x40, 0x00, 0x00, 0x70, 0x27, 0x02, 0x00,
    0x04, 0x01, 0x07, 0x00, 0x05, 0x40, 0x00, 0x00, 0x30, 0x07, 0x00, 0x00,
    0x04, 0x40, 0x00, 0x00, 0x10, 0x00, 0x00, 0x00, 0x06, 0x40, 0x00, 0x00,
    0x30, 0x07, 0x00, 0x00, 0x09, 0x01, 0x80, 0xff, 0x05, 0x01, 0x41, 0x00,
    0x10, 0x40, 0x00, 0x00, 0xf0, 0x6b, 0x02, 0x00, 0x11, 0x01, 0x39, 0x00,
    0x1a, 0x01, 0x39, 0x00, 0x15, 0x40, 0x00, 0x00, 0xa0, 0x03, 0x00, 0x00,
    0x16, 0x40, 0x00, 0x00, 0xa0, 0x03, 0x00, 0x00, 0x22, 0x01, 0x01, 0x00,
    0x20, 0x40, 0x00, 0x00, 0x30, 0x02, 0x00, 0x00, 0x21, 0x40, 0x00, 0x00,
    0x80, 0x00, 0x00, 0x00, 0x22, 0x40, 0x00, 0x00, 0xe0, 0x01, 0x00, 0x00,
    0x15, 0x01, 0x39, 0x00, 0x2f, 0x01, 0x01, 0x00, 0x03, 0x00, 0x00, 0x00,
    0x00, 0x40, 0x00, 0x00, 0xa0, 0x2e, 0x02, 0x00, 0x10, 0x40, 0x00, 0x00,
    0x90, 0x6f, 0x02, 0x00, 0x2f, 0x01, 0x03, 0x00, 0x03, 0x00, 0x00, 0x00,
    0x00, 0x40, 0x00, 0x00, 0xd0, 0x35, 0x02, 0x00, 0x10, 0x40, 0x00, 0x00,
    0x30, 0x73, 0x02, 0x00, 0x03, 0x00, 0x00, 0x00, 0x00, 0x40, 0x00, 0x00,
    0x50, 0x68, 0x02, 0x00, 0x0b, 0x01, 0x01, 0x00, 0x0c, 0x01, 0x01, 0x00,
    0x0a, 0x01, 0x39, 0x00, 0x05, 0x40, 0x00, 0x00, 0xa0, 0x03, 0x00, 0x00,
    0x06, 0x40, 0x00, 0x00, 0xa0, 0x03, 0x00, 0x00, 0x01, 0x01, 0x00, 0x00,
    0x02, 0x01, 0x00, 0x00, 0x10, 0x40, 0x00, 0x00, 0x90, 0x52, 0x02, 0x00,
    0x12, 0x01, 0x01, 0x00, 0x1b, 0x01, 0x01, 0x00, 0x1c, 0x01, 0x01, 0x00,
    0x13, 0x01, 0x0b, 0x00, 0x21, 0x01, 0x00, 0x00, 0x20, 0x01, 0x00, 0x00,
    0x22, 0x01, 0x04, 0x00, 0x20, 0x40, 0x00, 0x00, 0x30, 0x03, 0x00, 0x00,
    0x21, 0x40, 0x00, 0x00, 0xc0, 0x00, 0x00, 0x00, 0x22, 0x40, 0x00, 0x00,
    0xb0, 0x02, 0x00, 0x00, 0x23, 0x40, 0x00, 0x00, 0x80, 0x00, 0x00, 0x00,
    0x17, 0x01, 0x0f, 0x00, 0x2f, 0x01, 0x01, 0x00, 0x02, 0x00, 0x00, 0x00,
    0x00, 0x40, 0x00, 0x00, 0x70, 0x5d, 0x02, 0x00, 0x0b, 0x01, 0x02, 0x00,
    0x0c, 0x01, 0x02, 0x00, 0x04, 0x01, 0x0b, 0x00, 0x10, 0x40, 0x00, 0x00,
    0x60, 0x53, 0x00, 0x00, 0x12, 0x01, 0x00, 0x00, 0x1b, 0x01, 0x00, 0x00,
    0x1c, 0x01, 0x00, 0x00, 0x21, 0x01, 0x02, 0x00, 0x22, 0x01, 0x02, 0x00,
    0x20, 0x40, 0x00, 0x00, 0x70, 0x04, 0x00, 0x00, 0x21, 0x40, 0x00, 0x00,
    0x50, 0x00, 0x00, 0x00, 0x22, 0x40, 0x00, 0x00, 0xf0, 0x03, 0x00, 0x00,
    0x0d, 0x01, 0x12, 0x00, 0x03, 0x00, 0x00, 0x00, 0x00, 0x40, 0x00, 0x00,
    0xb0, 0x64, 0x02, 0x00, 0x02, 0x40, 0x00, 0x00, 0x90, 0x52, 0x02, 0x00,
    0x0b, 0x01, 0x00, 0x00, 0x0c, 0x01, 0x00, 0x00, 0x10, 0x40, 0x00, 0x00,
    0x00, 0x57, 0x00, 0x00, 0x2f, 0x01, 0x03, 0x00, 0x03, 0x00, 0x00, 0x00,
    0x00, 0x40, 0x00, 0x00, 0x90, 0x6f, 0x02, 0x00, 0x02, 0x40, 0x00, 0x00,
    0x00, 0x00, 0x00, 0x00, 0x0b, 0x01, 0x01, 0x00, 0x0c, 0x01, 0x01, 0x00,
    0x04, 0x01, 0x07, 0x00, 0x10, 0x40, 0x00, 0x00, 0xd0, 0x59, 0x02, 0x00,
    0x12, 0x01, 0x01, 0x00, 0x1b, 0x01, 0x01, 0x00, 0x1c, 0x01, 0x01, 0x00,
    0x21, 0x01, 0x00, 0x00, 0x22, 0x01, 0x04, 0x00, 0x20, 0x40, 0x00, 0x00,
    0x30, 0x03, 0x00, 0x00, 0x21, 0x40, 0x00, 0x00, 0xc0, 0x00, 0x00, 0x00,
    0x22, 0x40, 0x00, 0x00, 0xb0, 0x02, 0x00, 0x00, 0x0d, 0x01, 0x0a, 0x00,
    0x02, 0x00, 0x00, 0x00, 0x00, 0x40, 0x00, 0x00, 0x00, 0x3d, 0x02, 0x00,
    0x0b, 0x01, 0x02, 0x00, 0x0c, 0x01, 0x02, 0x00, 0x0a, 0x01, 0x72, 0x00,
    0x05, 0x40, 0x00, 0x00, 0x30, 0x07, 0x00, 0x00, 0x06, 0x40, 0x00, 0x00,
    0x30, 0x07, 0x00, 0x00, 0x01, 0x01, 0x01, 0x00, 0x02, 0x01, 0x01, 0x00,
    0x10, 0x40, 0x00, 0x00, 0x50, 0x68, 0x02, 0x00, 0x12, 0x01, 0x00, 0x00,
    0x1b, 0x01, 0x00, 0x00, 0x1c, 0x01, 0x00, 0x00, 0x13, 0x01, 0x07, 0x00,
    0x21, 0x01, 0x02, 0x00, 0x20, 0x01, 0x02, 0x00, 0x22, 0x01, 0x01, 0x00,
    0x20, 0x40, 0x00, 0x00, 0x30, 0x02, 0x00, 0x00, 0x21, 0x40, 0x00, 0x00,
    0x80, 0x00, 0x00, 0x00, 0x22, 0x40, 0x00, 0x00, 0xe0, 0x01, 0x00, 0x00,
    0x23, 0x40, 0x00, 0x00, 0x50, 0x00, 0x00, 0x00, 0x17, 0x01, 0x07, 0x00,
    0x03, 0x00, 0x00, 0x00, 0x00, 0x40, 0x00, 0x00, 0x24, 0x79, 0x01, 0x00,
    0x04, 0x01, 0x03, 0x00, 0x05, 0x40, 0x00, 0x00, 0xcc, 0x01, 0x00, 0x00,
    0x04, 0x40, 0x00, 0x00, 0x04, 0x00, 0x00, 0x00, 0x06, 0x40, 0x00, 0x00,
    0x01, 0x00, 0x00, 0x00, 0x09, 0x01, 0x00, 0x00, 0x05, 0x01, 0x01, 0x00,
    0x10, 0x40, 0x00, 0x00, 0x70, 0x27, 0x02, 0x00, 0x11, 0x01, 0x72, 0x00,
    0x1a, 0x01, 0x72, 0x00, 0x15, 0x40, 0x00, 0x00, 0x30, 0x07, 0x00, 0x00,
    0x16, 0x40, 0x00, 0x00, 0x30, 0x07, 0x00, 0x00, 0x22, 0x01, 0x06, 0x00,
    0x20, 0x40, 0x00, 0x00, 0x50, 0x00, 0x00, 0x00, 0x21, 0x40, 0x00, 0x00,
    0x90, 0x01, 0x00, 0x00, 0x22, 0x40, 0x00, 0x00, 0x00, 0x00, 0x00, 0x00,
    0x15, 0x01, 0x3f, 0x00, 0x02, 0x00, 0x00, 0x00, 0x00, 0x40, 0x00, 0x00,
    0xbc, 0x7c, 0x01, 0x00, 0x10, 0x40, 0x00, 0x00, 0xa0, 0x2e, 0x02, 0x00,
    0x02, 0x00, 0x00, 0x00, 0x00, 0x40, 0x00, 0x00, 0x54, 0x80, 0x01, 0x00,
    0x10, 0x40, 0x00, 0x00, 0xd0, 0x35, 0x02, 0x00, 0x02, 0x00, 0x00, 0x00,
    0x00, 0x40, 0x00, 0x00, 0xec, 0x83, 0x01, 0x00, 0x10, 0x40, 0x00, 0x00,
    0x00, 0x3d, 0x02, 0x00, 0x02, 0x00, 0x00, 0x00, 0x00, 0x40, 0x00, 0x00,
    0x30, 0x44, 0x02, 0x00, 0x02, 0x40, 0x00, 0x00, 0x70, 0x27, 0x02, 0x00,
    0x0b, 0x01, 0x01, 0x00, 0x0c, 0x01, 0x01, 0x00, 0x04, 0x01, 0x07, 0x00,
    0x05, 0x40, 0x00, 0x00, 0x30, 0x07, 0x00, 0x00, 0x04, 0x40, 0x00, 0x00,
    0x10, 0x00, 0x00, 0x00, 0x06, 0x40, 0x00, 0x00, 0x30, 0x07, 0x00, 0x00,
    0x09, 0x01, 0x80, 0xff, 0x05, 0x01, 0x41, 0x00, 0x10, 0x40, 0x00, 0x00,
    0xf0, 0x6b, 0x02, 0x00, 0x11, 0x01, 0x39, 0x00, 0x1a, 0x01, 0x39, 0x00,
    0x15, 0x40, 0x00, 0x00, 0xa0, 0x03, 0x00, 0x00, 0x16, 0x40, 0x00, 0x00,
    0xa0, 0x03, 0x00, 0x00, 0x22, 0x01, 0x01, 0x00, 0x20, 0x40, 0x00, 0x00,
    0x30, 0x02, 0x00, 0x00, 0x21, 0x40, 0x00, 0x00, 0x80, 0x00, 0x00, 0x00,
    0x22, 0x40, 0x00, 0x00, 0xe0, 0x01, 0x00, 0x00, 0x15, 0x01, 0x39, 0x00,
    0x2f, 0x01, 0x01, 0x00, 0x03, 0x00, 0x00, 0x00, 0x00, 0x40, 0x00, 0x00,
    0x60, 0x4b, 0x02, 0x00, 0x0b, 0x01, 0x00, 0x00, 0x0c, 0x01, 0x00, 0x00,
    0x10, 0x40, 0x00, 0x00, 0x90, 0x6f, 0x02, 0x00, 0x2f, 0x01, 0x03, 0x00,
    0x03, 0x00, 0x00, 0x00, 0x00, 0x40, 0x00, 0x00, 0x70, 0x27, 0x02, 0x00,
    0x02, 0x40, 0x00, 0x00, 0x00, 0x00, 0x00, 0x00, 0x0b, 0x01, 0x02, 0x00,
    0x0c, 0x01, 0x02, 0x00, 0x10, 0x40, 0x00, 0x00, 0x30, 0x73, 0x02, 0x00,
    0x03, 0x00, 0x00, 0x00, 0x00, 0x40, 0x00, 0x00, 0x50, 0x68, 0x02, 0x00,
    0x0b, 0x01, 0x01, 0x00, 0x0c, 0x01, 0x01, 0x00, 0x0a, 0x01, 0x39, 0x00,
    0x05, 0x40, 0x00, 0x00, 0xa0, 0x03, 0x00, 0x00, 0x06, 0x40, 0x00, 0x00,
    0xa0, 0x03, 0x00, 0x00, 0x01, 0x01, 0x00, 0x00, 0x02, 0x01, 0x00, 0x00,
    0x10, 0x40, 0x00, 0x00, 0x10, 0x61, 0x02, 0x00, 0x12, 0x01, 0x01, 0x00,
    0x1b, 0x01, 0x01, 0x00, 0x1c, 0x01, 0x01, 0x00, 0x13, 0x01, 0x0b, 0x00,
    0x21, 0x01, 0x00, 0x00, 0x20, 0x01, 0x00, 0x00, 0x22, 0x01, 0x04, 0x00,
    0x20, 0x40, 0x00, 0x00, 0x30, 0x03, 0x00, 0x00, 0x21, 0x40, 0x00, 0x00,
    0xc0, 0x00, 0x00, 0x00, 0x22, 0x40, 0x00, 0x00, 0xb0, 0x02, 0x00, 0x00,
    0x23, 0x40, 0x00, 0x00, 0x80, 0x00, 0x00, 0x00, 0x17, 0x01, 0x0f, 0x00,
    0x2f, 0x01, 0x01, 0x00, 0x02, 0x00, 0x00, 0x00, 0x00, 0x40, 0x00, 0x00,
    0x30, 0x56, 0x02, 0x00, 0x0b, 0x01, 0x02, 0x00, 0x0c, 0x01, 0x02, 0x00,
    0x04, 0x01, 0x0b, 0x00, 0x10, 0x40, 0x00, 0x00, 0xa0, 0x5a, 0x00, 0x00,
    0x12, 0x01, 0x00, 0x00, 0x1b, 0x01, 0x00, 0x00, 0x1c, 0x01, 0x00, 0x00,
    0x21, 0x01, 0x02, 0x00, 0x22, 0x01, 0x02, 0x00, 0x20, 0x40, 0x00, 0x00,
    0x70, 0x04, 0x00, 0x00, 0x21, 0x40, 0x00, 0x00, 0x50, 0x00, 0x00, 0x00,
    0x22, 0x40, 0x00, 0x00, 0xf0, 0x03, 0x00, 0x00, 0x0d, 0x01, 0x12, 0x00,
    0x03, 0x00, 0x00, 0x00, 0x00, 0x40, 0x00, 0x00, 0x70, 0x5d, 0x02, 0x00,
    0x10, 0x40, 0x00, 0x00, 0x40, 0x5e, 0x00, 0x00, 0x2f, 0x01, 0x03, 0x00,
    0x03, 0x00, 0x00, 0x00, 0x00, 0x40, 0x00, 0x00, 0x90, 0x6f, 0x02, 0x00,
    0x0b, 0x01, 0x01, 0x00, 0x0c, 0x01, 0x01, 0x00, 0x04, 0x01, 0x07, 0x00,
    0x10, 0x40, 0x00, 0x00, 0x90, 0x52, 0x02, 0x00, 0x12, 0x01, 0x01, 0x00,
    0x1b, 0x01, 0x01, 0x00, 0x1c, 0x01, 0x01, 0x00, 0x21, 0x01, 0x00, 0x00,
    0x22, 0x01, 0x04, 0x00, 0x20, 0x40, 0x00, 0x00, 0x30, 0x03, 0x00, 0x00,
    0x21, 0x40, 0x00, 0x00, 0xc0, 0x00, 0x00, 0x00, 0x22, 0x40, 0x00, 0x00,
    0xb0, 0x02, 0x00, 0x00, 0x0d, 0x01, 0x0a, 0x00, 0x02, 0x00, 0x00, 0x00,
    0x00, 0x40, 0x00, 0x00, 0xa0, 0x2e, 0x02, 0x00, 0x0b, 0x01, 0x02, 0x00,
    0x0c, 0x01, 0x02, 0x00, 0x0a, 0x01, 0x72, 0x00, 0x05, 0x40, 0x00, 0x00,
    0x30, 0x07, 0x00, 0x00, 0x06, 0x40, 0x00, 0x00, 0x30, 0x07, 0x00, 0x00,
    0x01, 0x01, 0x01, 0x00, 0x02, 0x01, 0x01, 0x00, 0x10, 0x40, 0x00, 0x00,
    0x50, 0x68, 0x02, 0x00, 0x12, 0x01, 0x00, 0x00, 0x1b, 0x01, 0x00, 0x00,
    0x1c, 0x01, 0x00, 0x00, 0x13, 0x01, 0x07, 0x00, 0x21, 0x01, 0x02, 0x00,
    0x20, 0x01, 0x02, 0x00, 0x22, 0x01, 0x01, 0x00, 0x20, 0x40, 0x00, 0x00,
    0x30, 0x02, 0x00, 0x00, 0x21, 0x40, 0x00, 0x00, 0x80, 0x00, 0x00, 0x00,
    0x22, 0x40, 0x00, 0x00, 0xe0, 0x01, 0x00, 0x00, 0x23, 0x40, 0x00, 0x00,
    0x50, 0x00, 0x00, 0x00, 0x17, 0x01, 0x07, 0x00, 0x03, 0x00, 0x00, 0x00,
    0x00, 0x40, 0x00, 0x00, 0x84, 0x87, 0x01, 0x00, 0x04, 0x01, 0x03, 0x00,
    0x05, 0x40, 0x00, 0x00, 0xcc, 0x01, 0x00, 0x00, 0x04, 0x40, 0x00, 0x00,
    0x04, 0x00, 0x00, 0x00, 0x06, 0x40, 0x00, 0x00, 0x01, 0x00, 0x00, 0x00,
    0x09, 0x01, 0x00, 0x00, 0x05, 0x01, 0x01, 0x00, 0x10, 0x40, 0x00, 0x00,
    0x30, 0x44, 0x02, 0x00, 0x11, 0x01, 0x72, 0x00, 0x1a, 0x01, 0x72, 0x00,
    0x15, 0x40, 0x00, 0x00, 0x30, 0x07, 0x00, 0x00, 0x16, 0x40, 0x00, 0x00,
    0x30, 0x07, 0x00, 0x00, 0x22, 0x01, 0x06, 0x00, 0x20, 0x40, 0x00, 0x00,
    0x50, 0x00, 0x00, 0x00, 0x21, 0x40, 0x00, 0x00, 0x90, 0x01, 0x00, 0x00,
    0x22, 0x40, 0x00, 0x00, 0x00, 0x00, 0x00, 0x00, 0x15, 0x01, 0x3f, 0x00,
    0x02, 0x00, 0x00, 0x00, 0x00, 0x40, 0x00, 0x00, 0x1c, 0x8b, 0x01, 0x00,
    0x10, 0x40, 0x00, 0x00, 0x60, 0x4b, 0x02, 0x00, 0x02, 0x00, 0x00, 0x00,
    0x00, 0x40, 0x00, 0x00, 0xb4, 0x8e, 0x01, 0x00, 0x10, 0x40, 0x00, 0x00,
    0x70, 0x27, 0x02, 0x00, 0x02, 0x00, 0x00, 0x00, 0x00, 0x40, 0x00, 0x00,
    0x4c, 0x92, 0x01, 0x00, 0x10, 0x40, 0x00, 0x00, 0xa0, 0x2e, 0x02, 0x00,
    0x02, 0x00, 0x00, 0x00, 0x00, 0x40, 0x00, 0x00, 0xd0, 0x35, 0x02, 0x00,
    0x04, 0x01, 0x07, 0x00, 0x05, 0x40, 0x00, 0x00, 0x30, 0x07, 0x00, 0x00,
    0x04, 0x40, 0x00, 0x00, 0x10, 0x00, 0x00, 0x00, 0x06, 0x40, 0x00, 0x00,
    0x30, 0x07, 0x00, 0x00, 0x09, 0x01, 0x80, 0xff, 0x05, 0x01, 0x41, 0x00,
    0x10, 0x40, 0x00, 0x00, 0xf0, 0x6b, 0x02, 0x00, 0x11, 0x01, 0x39, 0x00,
    0x1a, 0x01, 0x39, 0x00, 0x15, 0x40, 0x00, 0x00, 0xa0, 0x03, 0x00, 0x00,
    0x16, 0x40, 0x00, 0x00, 0xa0, 0x03, 0x00, 0x00, 0x22, 0x01, 0x01, 0x00,
    0x20, 0x40, 0x00, 0x00, 0x30, 0x02, 0x00, 0x00, 0x21, 0x40, 0x00, 0x00,
    0x80, 0x00, 0x00, 0x00, 0x22, 0x40, 0x00, 0x00, 0xe0, 0x01, 0x00, 0x00,
    0x15, 0x01, 0x39, 0x00, 0x2f, 0x01, 0x01, 0x00, 0x03, 0x00, 0x00, 0x00,
    0x00, 0x40, 0x00, 0x00, 0x00, 0x3d, 0x02, 0x00, 0x10, 0x40, 0x00, 0x00,
    0x90, 0x6f, 0x02, 0x00, 0x2f, 0x01, 0x03, 0x00, 0x03, 0x00, 0x00, 0x00,
    0x00, 0x40, 0x00, 0x00, 0x30, 0x44, 0x02, 0x00, 0x02, 0x40, 0x00, 0x00,
    0x70, 0x27, 0x02, 0x00, 0x0b, 0x01, 0x01, 0x00, 0x0c, 0x01, 0x01, 0x00,
    0x10, 0x40, 0x00, 0x00, 0x30, 0x73, 0x02, 0x00, 0x03, 0x00, 0x00, 0x00,
    0x00, 0x40, 0x00, 0x00, 0x50, 0x68, 0x02, 0x00, 0x02, 0x40, 0x00, 0x00,
    0x00, 0x00, 0x00, 0x00, 0x0a, 0x01, 0x39, 0x00, 0x05, 0x40, 0x00, 0x00,
    0xa0, 0x03, 0x00, 0x00, 0x06, 0x40, 0x00, 0x00, 0xa0, 0x03, 0x00, 0x00,
    0x01, 0x01, 0x00, 0x00, 0x02, 0x01, 0x00, 0x00, 0x10, 0x40, 0x00, 0x00,
    0xd0, 0x59, 0x02, 0x00, 0x12, 0x01, 0x01, 0x00, 0x1b, 0x01, 0x01, 0x00,
    0x1c, 0x01, 0x01, 0x00, 0x13, 0x01, 0x0b, 0x00, 0x21, 0x01, 0x00, 0x00,
    0x20, 0x01, 0x00, 0x00, 0x22, 0x01, 0x04, 0x00, 0x20, 0x40, 0x00, 0x00,
    0x30, 0x03, 0x00, 0x00, 0x21, 0x40, 0x00, 0x00, 0xc0, 0x00, 0x00, 0x00,
    0x22, 0x40, 0x00, 0x00, 0xb0, 0x02, 0x00, 0x00, 0x23, 0x40, 0x00, 0x00,
    0x80, 0x00, 0x00, 0x00, 0x17, 0x01, 0x0f, 0x00, 0x2f, 0x01, 0x01, 0x00,
    0x02, 0x00, 0x00, 0x00, 0x00, 0x40, 0x00, 0x00, 0xb0, 0x64, 0x02, 0x00,
    0x02, 0x40, 0x00, 0x00, 0x90, 0x52, 0x02, 0x00, 0x0b, 0x01, 0x00, 0x00,
    0x0c, 0x01, 0x00, 0x00, 0x04, 0x01, 0x0b, 0x00, 0x10, 0x40, 0x00, 0x00,
    0xe0, 0x61, 0x00, 0x00, 0x12, 0x01, 0x00, 0x00, 0x1b, 0x01, 0x00, 0x00,
    0x1c, 0x01, 0x00, 0x00, 0x21, 0x01, 0x02, 0x00, 0x22, 0x01, 0x02, 0x00,
    0x20, 0x40, 0x00, 0x00, 0x70, 0x04, 0x00, 0x00, 0x21, 0x40, 0x00, 0x00,
    0x50, 0x00, 0x00, 0x00, 0x22, 0x40, 0x00, 0x00, 0xf0, 0x03, 0x00, 0x00,
    0x0d, 0x01, 0x12, 0x00, 0x03, 0x00, 0x00, 0x00, 0x00, 0x40, 0x00, 0x00,
    0x30, 0x56, 0x02, 0x00, 0x02, 0x40, 0x00, 0x00, 0x00, 0x00, 0x00, 0x00,
    0x0b, 0x01, 0x02, 0x00, 0x0c, 0x01, 0x02, 0x00, 0x10, 0x40, 0x00, 0x00,
    0x80, 0x65, 0x00, 0x00, 0x2f, 0x01, 0x03, 0x00, 0x03, 0x00, 0x00, 0x00,
    0x00, 0x40, 0x00, 0x00, 0x90, 0x6f, 0x02, 0x00, 0x0b, 0x01, 0x01, 0x00,
    0x0c, 0x01, 0x01, 0x00, 0x04, 0x01, 0x07, 0x00, 0x10, 0x40, 0x00, 0x00,
    0x10, 0x61, 0x02, 0x00, 0x12, 0x01, 0x01, 0x00, 0x1b, 0x01, 0x01, 0x00,
    0x1c, 0x01, 0x01, 0x00, 0x21, 0x01, 0x00, 0x00, 0x22, 0x01, 0x04, 0x00,
    0x20, 0x40, 0x00, 0x00, 0x30, 0x03, 0x00, 0x00, 0x21, 0x40, 0x00, 0x00,
    0xc0, 0x00, 0x00, 0x00, 0x22, 0x40, 0x00, 0x00, 0xb0, 0x02, 0x00, 0x00,
    0x0d, 0x01, 0x0a, 0x00, 0x02, 0x00, 0x00, 0x00, 0x00, 0x40, 0x00, 0x00,
    0x60, 0x4b, 0x02, 0x00, 0x02, 0x40, 0x00, 0x00, 0x70, 0x27, 0x02, 0x00,
    0x0b, 0x01, 0x00, 0x00, 0x0c, 0x01, 0x00, 0x00, 0x0a, 0x01, 0x72, 0x00,
    0x05, 0x40, 0x00, 0x00, 0x30, 0x07, 0x00, 0x00, 0x06, 0x40, 0x00, 0x00,
    0x30, 0x07, 0x00, 0x00, 0x01, 0x01, 0x01, 0x00, 0x02, 0x01, 0x01, 0x00,
    0x10, 0x40, 0x00, 0x00, 0x50, 0x68, 0x02, 0x00, 0x12, 0x01, 0x00, 0x00,
    0x1b, 0x01, 0x00, 0x00, 0x1c, 0x01, 0x00, 0x00, 0x13, 0x01, 0x07, 0x00,
    0x21, 0x01, 0x02, 0x00, 0x20, 0x01, 0x02, 0x00, 0x22, 0x01, 0x01, 0x00,
    0x20, 0x40, 0x00, 0x00, 0x30, 0x02, 0x00, 0x00, 0x21, 0x40, 0x00, 0x00,
    0x80, 0x00, 0x00, 0x00, 0x22, 0x40, 0x00, 0x00, 0xe0, 0x01, 0x00, 0x00,
    0x23, 0x40, 0x00, 0x00, 0x50, 0x00, 0x00, 0x00, 0x17, 0x01, 0x07, 0x00,
    0x03, 0x00, 0x00, 0x00, 0x00, 0x40, 0x00, 0x00, 0xe4, 0x95, 0x01, 0x00,
    0x02, 0x40, 0x00, 0x00, 0x00, 0x00, 0x00, 0x00, 0x0b, 0x01, 0x02, 0x00,
    0x0c, 0x01, 0x02, 0x00, 0x04, 0x01, 0x03, 0x00, 0x05, 0x40, 0x00, 0x00,
    0xcc, 0x01, 0x00, 0x00, 0x04, 0x40, 0x00, 0x00, 0x04, 0x00, 0x00, 0x00,
    0x06, 0x40, 0x00, 0x00, 0x01, 0x00, 0x00, 0x00, 0x09, 0x01, 0x00, 0x00,
    0x05, 0x01, 0x01, 0x00, 0x10, 0x40, 0x00, 0x00, 0xd0, 0x35, 0x02, 0x00,
    0x11, 0x01, 0x72, 0x00, 0x1a, 0x01, 0x72, 0x00, 0x15, 0x40, 0x00, 0x00,
    0x30, 0x07, 0x00, 0x00, 0x16, 0x40, 0x00, 0x00, 0x30, 0x07, 0x00, 0x00,
    0x22, 0x01, 0x06, 0x00, 0x20, 0x40, 0x00, 0x00, 0x50, 0x00, 0x00, 0x00,
    0x21, 0x40, 0x00, 0x00, 0x90, 0x01, 0x00, 0x00, 0x22, 0x40, 0x00, 0x00,
    0x00, 0x00, 0x00, 0x00, 0x15, 0x01, 0x3f, 0x00, 0x02, 0x00, 0x00, 0x00,
    0x00, 0x40, 0x00, 0x00, 0x7c, 0x99, 0x01, 0x00, 0x10, 0x40, 0x00, 0x00,
    0x00, 0x3d, 0x02, 0x00, 0x02, 0x00, 0x00, 0x00, 0x00, 0x40, 0x00, 0x00,
    0x14, 0x9d, 0x01, 0x00, 0x10, 0x40, 0x00, 0x00, 0x30, 0x44, 0x02, 0x00,
    0x02, 0x00, 0x00, 0x00, 0x00, 0x40, 0x00, 0x00, 0xac, 0xa0, 0x01, 0x00,
    0x10, 0x40, 0x00, 0x00, 0x60, 0x4b, 0x02, 0x00, 0x02, 0x00, 0x00, 0x00,
    0x00, 0x40, 0x00, 0x00, 0x70, 0x27, 0x02, 0x00, 0x04, 0x01, 0x07, 0x00,
    0x05, 0x40, 0x00, 0x00, 0x30, 0x07, 0x00, 0x00, 0x04, 0x40, 0x00, 0x00,
    0x10, 0x00, 0x00, 0x00, 0x06, 0x40, 0x00, 0x00, 0x30, 0x07, 0x00, 0x00,
    0x09, 0x01, 0x80, 0xff, 0x05, 0x01, 0x41, 0x00, 0x10, 0x40, 0x00, 0x00,
    0xf0, 0x6b, 0x02, 0x00, 0x11, 0x01, 0x39, 0x00, 0x1a, 0x01, 0x39, 0x00,
    0x15, 0x40, 0x00, 0x00, 0xa0, 0x03, 0x00, 0x00, 0x16, 0x40, 0x00, 0x00,
    0xa0, 0x03, 0x00, 0x00, 0x22, 0x01, 0x01, 0x00, 0x20, 0x40, 0x00, 0x00,
    0x30, 0x02, 0x00, 0x00, 0x21, 0x40, 0x00, 0x00, 0x80, 0x00, 0x00, 0x00,
    0x22, 0x40, 0x00, 0x00, 0xe0, 0x01, 0x00, 0x00, 0x15, 0x01, 0x39, 0x00,
    0x2f, 0x01, 0x01, 0x00, 0x03, 0x00, 0x00, 0x00, 0x00, 0x40, 0x00, 0x00,
    0xa0, 0x2e, 0x02, 0x00, 0x10, 0x40, 0x00, 0x00, 0x90, 0x6f, 0x02, 0x00,
    0x2f, 0x01, 0x03, 0x00, 0x03, 0x00, 0x00, 0x00, 0x00, 0x40, 0x00, 0x00,
    0xd0, 0x35, 0x02, 0x00, 0x10, 0x40, 0x00, 0x00, 0x30, 0x73, 0x02, 0x00,
    0x03, 0x00, 0x00, 0x00, 0x00, 0x40, 0x00, 0x00, 0x50, 0x68, 0x02, 0x00,
    0x0b, 0x01, 0x01, 0x00, 0x0c, 0x01, 0x01, 0x00, 0x0a, 0x01, 0x39, 0x00,
    0x05, 0x40, 0x00, 0x00, 0xa0, 0x03, 0x00, 0x00, 0x06, 0x40, 0x00, 0x00,
    0xa0, 0x03, 0x00, 0x00, 0x01, 0x01, 0x00, 0x00, 0x02, 0x01, 0x00, 0x00,
    0x10, 0x40, 0x00, 0x00, 0x90, 0x52, 0x02, 0x00, 0x12, 0x01, 0x01, 0x00,
    0x1b, 0x01, 0x01, 0x00, 0x1c, 0x01, 0x01, 0x00, 0x13, 0x01, 0x0b, 0x00,
    0x21, 0x01, 0x00, 0x00, 0x20, 0x01, 0x00, 0x00, 0x22, 0x01, 0x04, 0x00,
    0x20, 0x40, 0x00, 0x00, 0x30, 0x03, 0x00, 0x00, 0x21, 0x40, 0x00, 0x00,
    0xc0, 0x00, 0x00, 0x00, 0x22, 0x40, 0x00, 0x00, 0xb0, 0x02, 0x00, 0x00,
    0x23, 0x40, 0x00, 0x00, 0x80, 0x00, 0x00, 0x00, 0x17, 0x01, 0x0f, 0x00,
    0x2f, 0x01, 0x01, 0x00, 0x02, 0x00, 0x00, 0x00, 0x00, 0x40, 0x00, 0x00,
    0x70, 0x5d, 0x02, 0x00, 0x0b, 0x01, 0x02, 0x00, 0x0c, 0x01, 0x02, 0x00,
    0x04, 0x01, 0x0b, 0x00, 0x10, 0x40, 0x00, 0x00, 0x20, 0x69, 0x00, 0x00,
    0x12, 0x01, 0x00, 0x00, 0x1b, 0x01, 0x00, 0x00, 0x1c, 0x01, 0x00, 0x00,
    0x21, 0x01, 0x02, 0x00, 0x22, 0x01, 0x02, 0x00, 0x20, 0x40, 0x00, 0x00,
    0x70, 0x04, 0x00, 0x00, 0x21, 0x40, 0x00, 0x00, 0x50, 0x00, 0x00, 0x00,
    0x22, 0x40, 0x00, 0x00, 0xf0, 0x03, 0x00, 0x00, 0x0d, 0x01, 0x12, 0x00,
    0x03, 0x00, 0x00, 0x00, 0x00, 0x40, 0x00, 0x00, 0xb0, 0x64, 0x02, 0x00,
    0x02, 0x40, 0x00, 0x00, 0x90, 0x52, 0x02, 0x00, 0x0b, 0x01, 0x00, 0x00,
    0x0c, 0x01, 0x00, 0x00, 0x10, 0x40, 0x00, 0x00, 0xc0, 0x6c, 0x00, 0x00,
    0x2f, 0x01, 0x03, 0x00, 0x03, 0x00, 0x00, 0x00, 0x00, 0x40, 0x00, 0x00,
    0x90, 0x6f, 0x02, 0x00, 0x02, 0x40, 0x00, 0x00, 0x00, 0x00, 0x00, 0x00,
    0x0b, 0x01, 0x01, 0x00, 0x0c, 0x01, 0x01, 0x00, 0x04, 0x01, 0x07, 0x00,
    0x10, 0x40, 0x00, 0x00, 0xd0, 0x59, 0x02, 0x00, 0x12, 0x01, 0x01, 0x00,
    0x1b, 0x01, 0x01, 0x00, 0x1c, 0x01, 0x01, 0x00, 0x21, 0x01, 0x00, 0x00,
    0x22, 0x01, 0x04, 0x00, 0x20, 0x40, 0x00, 0x00, 0x30, 0x03, 0x00, 0x00,
    0x21, 0x40, 0x00, 0x00, 0xc0, 0x00, 0x00, 0x00, 0x22, 0x40, 0x00, 0x00,
    0xb0, 0x02, 0x00, 0x00, 0x0d, 0x01, 0x0a, 0x00, 0x02, 0x00, 0x00, 0x00,
    0x00, 0x40, 0x00, 0x00, 0x00, 0x3d, 0x02, 0x00, 0x0b, 0x01, 0x02, 0x00,
    0x0c, 0x01, 0x02, 0x00, 0x0a, 0x01, 0x72, 0x00, 0x05, 0x40, 0x00, 0x00,
    0x30, 0x07, 0x00, 0x00, 0x06, 0x40, 0x00, 0x00, 0x30, 0x07, 0x00, 0x00,
    0x01, 0x01, 0x01, 0x00, 0x02, 0x01, 0x01, 0x00, 0x10, 0x40, 0x00, 0x00,
    0x50, 0x68, 0x02, 0x00, 0x12, 0x01, 0x00, 0x00, 0x1b, 0x01, 0x00, 0x00,
    0x1c, 0x01, 0x00, 0x00, 0x13, 0x01, 0x07, 0x00, 0x21, 0x01, 0x02, 0x00,
    0x20, 0x01, 0x02, 0x00, 0x22, 0x01, 0x01, 0x00, 0x20, 0x40, 0x00, 0x00,
    0x30, 0x02, 0x00, 0x00, 0x21, 0x40, 0x00, 0x00, 0x80, 0x00, 0x00, 0x00,
    0x22, 0x40, 0x00, 0x00, 0xe0, 0x01, 0x00, 0x00, 0x23, 0x40, 0x00, 0x00,
    0x50, 0x00, 0x00, 0x00, 0x17, 0x01, 0x07, 0x00, 0x03, 0x00, 0x00, 0x00,
    0x00, 0x40, 0x00, 0x00, 0x44, 0xa4, 0x01, 0x00, 0x04, 0x01, 0x03, 0x00,
    0x05, 0x40, 0x00, 0x00, 0xcc, 0x01, 0x00, 0x00, 0x04, 0x40, 0x00, 0x00,
    0x04, 0x00, 0x00, 0x00, 0x06, 0x40, 0x00, 0x00, 0x01, 0x00, 0x00, 0x00,
    0x09, 0x01, 0x00, 0x00, 0x05, 0x01, 0x01, 0x00, 0x10, 0x40, 0x00, 0x00,
    0x70, 0x27, 0x02, 0x00, 0x11, 0x01, 0x72, 0x00, 0x1a, 0x01, 0x72, 0x00,
    0x15, 0x40, 0x00, 0x00, 0x30, 0x07, 0x00, 0x00, 0x16, 0x40, 0x00, 0x00,
    0x30, 0x07, 0x00, 0x00, 0x22, 0x01, 0x06, 0x00, 0x20, 0x40, 0x00, 0x00,
    0x50, 0x00, 0x00, 0x00, 0x21, 0x40, 0x00, 0x00, 0x90, 0x01, 0x00, 0x00,
    0x22, 0x40, 0x00, 0x00, 0x00, 0x00, 0x00, 0x00, 0x15, 0x01, 0x3f, 0x00,
    0x02, 0x00, 0x00, 0x00, 0x00, 0x40, 0x00, 0x00, 0xdc, 0xa7, 0x01, 0x00,
    0x10, 0x40, 0x00, 0x00, 0xa0, 0x2e, 0x02, 0x00, 0x02, 0x00, 0x00, 0x00,
    0x00, 0x40, 0x00, 0x00, 0x74, 0xab, 0x01, 0x00, 0x10, 0x40, 0x00, 0x00,
    0xd0, 0x35, 0x02, 0x00, 0x02, 0x00, 0x00, 0x00, 0x00, 0x40, 0x00, 0x00,
    0x0c, 0xaf, 0x01, 0x00, 0x10, 0x40, 0x00, 0x00, 0x00, 0x3d, 0x02, 0x00,
    0x02, 0x00, 0x00, 0x00, 0x00, 0x40, 0x00, 0x00, 0x30, 0x44, 0x02, 0x00,
    0x02, 0x40, 0x00, 0x00, 0x70, 0x27, 0x02, 0x00, 0x0b, 0x01, 0x01, 0x00,
    0x0c, 0x01, 0x01, 0x00, 0x04, 0x01, 0x07, 0x00, 0x05, 0x40, 0x00, 0x00,
    0x30, 0x07, 0x00, 0x00, 0x04, 0x40, 0x00, 0x00, 0x10, 0x00, 0x00, 0x00,
    0x06, 0x40, 0x00, 0x00, 0x30, 0x07, 0x00, 0x00, 0x09, 0x01, 0x80, 0xff,
    0x05, 0x01, 0x41, 0x00, 0x10, 0x40, 0x00, 0x00, 0xf0, 0x6b, 0x02, 0x00,
    0x11, 0x01, 0x39, 0x00, 0x1a, 0x01, 0x39, 0x00, 0x15, 0x40, 0x00, 0x00,
    0xa0, 0x03, 0x00, 0x00, 0x16, 0x40, 0x00, 0x00, 0xa0, 0x03, 0x00, 0x00,
    0x22, 0x01, 0x01, 0x00, 0x20, 0x40, 0x00, 0x00, 0x30, 0x02, 0x00, 0x00,
    0x21, 0x40, 0x00, 0x00, 0x80, 0x00, 0x00, 0x00, 0x22, 0x40, 0x00, 0x00,
    0xe0, 0x01, 0x00, 0x00, 0x15, 0x01, 0x39, 0x00, 0x2f, 0x01, 0x01, 0x00,
    0x03, 0x00, 0x00, 0x00, 0x00, 0x40, 0x00, 0x00, 0x60, 0x4b, 0x02, 0x00,
    0x0b, 0x01, 0x00, 0x00, 0x0c, 0x01, 0x00, 0x00, 0x10, 0x40, 0x00, 0x00,
    0x90, 0x6f, 0x02, 0x00, 0x2f, 0x01, 0x03, 0x00, 0x03, 0x00, 0x00, 0x00,
    0x00, 0x40, 0x00, 0x00, 0x70, 0x27, 0x02, 0x00, 0x02, 0x40, 0x00, 0x00,
    0x00, 0x00, 0x00, 0x00, 0x0b, 0x01, 0x02, 0x00, 0x0c, 0x01, 0x02, 0x00,
    0x10, 0x40, 0x00, 0x00, 0x30, 0x73, 0x02, 0x00, 0x03, 0x00, 0x00, 0x00,
    0x00, 0x40, 0x00, 0x00, 0x50, 0x68, 0x02, 0x00, 0x0b, 0x01, 0x01, 0x00,
    0x0c, 0x01, 0x01, 0x00, 0x0a, 0x01, 0x39, 0x00, 0x05, 0x40, 0x00, 0x00,
    0xa0, 0x03, 0x00, 0x00, 0x06, 0x40, 0x00, 0x00, 0xa0, 0x03, 0x00, 0x00,
    0x01, 0x01, 0x00, 0x00, 0x02, 0x01, 0x00, 0x00, 0x10, 0x40, 0x00, 0x00,
    0x10, 0x61, 0x02, 0x00, 0x12, 0x01, 0x01, 0x00, 0x1b, 0x01, 0x01, 0x00,
    0x1c, 0x01, 0x01, 0x00, 0x13, 0x01, 0x0b, 0x00, 0x21, 0x01, 0x00, 0x00,
    0x20, 0x01, 0x00, 0x00, 0x22, 0x01, 0x04, 0x00, 0x20, 0x40, 0x00, 0x00,
    0x30, 0x03, 0x00, 0x00, 0x21, 0x40, 0x00, 0x00, 0xc0, 0x00, 0x00, 0x00,
    0x22, 0x40, 0x00, 0x00, 0xb0, 0x02, 0x00, 0x00, 0x23, 0x40, 0x00, 0x00,
    0x80, 0x00, 0x00, 0x00, 0x17, 0x01, 0x0f, 0x00, 0x2f, 0x01, 0x01, 0x00,
    0x02, 0x00, 0x00, 0x00, 0x00, 0x40, 0x00, 0x00, 0x30, 0x56, 0x02, 0x00,
    0x0b, 0x01, 0x02, 0x00, 0x0c, 0x01, 0x02, 0x00, 0x04, 0x01, 0x0b, 0x00,
    0x10, 0x40, 0x00, 0x00, 0x60, 0x70, 0x00, 0x00, 0x12, 0x01, 0x00, 0x00,
    0x1b, 0x01, 0x00, 0x00, 0x1c, 0x01, 0x00, 0x00, 0x21, 0x01, 0x02, 0x00,
    0x22, 0x01, 0x02, 0x00, 0x20, 0x40, 0x00, 0x00, 0x70, 0x04, 0x00, 0x00,
    0x21, 0x40, 0x00, 0x00, 0x50, 0x00, 0x00, 0x00, 0x22, 0x40, 0x00, 0x00,
    0xf0, 0x03, 0x00, 0x00, 0x0d, 0x01, 0x12, 0x00, 0x03, 0x00, 0x00, 0x00,
    0x00, 0x40, 0x00, 0x00, 0x70, 0x5d, 0x02, 0x00, 0x10, 0x40, 0x00, 0x00,
    0x00, 0x74, 0x00, 0x00, 0x2f, 0x01, 0x03, 0x00, 0x03, 0x00, 0x00, 0x00,
    0x00, 0x40, 0x00, 0x00, 0x90, 0x6f, 0x02, 0x00, 0x0b, 0x01, 0x01, 0x00,
    0x0c, 0x01, 0x01, 0x00, 0x04, 0x01, 0x07, 0x00, 0x10, 0x40, 0x00, 0x00,
    0x90, 0x52, 0x02, 0x00, 0x12, 0x01, 0x01, 0x00, 0x1b, 0x01, 0x01, 0x00,
    0x1c, 0x01, 0x01, 0x00, 0x21, 0x01, 0x00, 0x00, 0x22, 0x01, 0x04, 0x00,
    0x20, 0x40, 0x00, 0x00, 0x30, 0x03, 0x00, 0x00, 0x21, 0x40, 0x00, 0x00,
    0xc0, 0x00, 0x00, 0x00, 0x22, 0x40, 0x00, 0x00, 0xb0, 0x02, 0x00, 0x00,
    0x0d, 0x01, 0x0a, 0x00, 0x02, 0x00, 0x00, 0x00, 0x00, 0x40, 0x00, 0x00,
    0xa0, 0x2e, 0x02, 0x00, 0x0b, 0x01, 0x02, 0x00, 0x0c, 0x01, 0x02, 0x00,
    0x0a, 0x01, 0x72, 0x00, 0x05, 0x40, 0x00, 0x00, 0x30, 0x07, 0x00, 0x00,
    0x06, 0x40, 0x00, 0x00, 0x30, 0x07, 0x00, 0x00, 0x01, 0x01, 0x01, 0x00,
    0x02, 0x01, 0x01, 0x00, 0x10, 0x40, 0x00, 0x00, 0x50, 0x68, 0x02, 0x00,
    0x12, 0x01, 0x00, 0x00, 0x1b, 0x01, 0x00, 0x00, 0x1c, 0x01, 0x00, 0x00,
    0x13, 0x01, 0x07, 0x00, 0x21, 0x01, 0x02, 0x00, 0x20, 0x01, 0x02, 0x00,
    0x22, 0x01, 0x01, 0x00, 0x20, 0x40, 0x00, 0x00, 0x30, 0x02, 0x00, 0x00,
    0x21, 0x40, 0x00, 0x00, 0x80, 0x00, 0x00, 0x00, 0x22, 0x40, 0x00, 0x00,
    0xe0, 0x01, 0x00, 0x00, 0x23, 0x40, 0x00, 0x00, 0x50, 0x00, 0x00, 0x00,
    0x17, 0x01, 0x07, 0x00, 0x03, 0x00, 0x00, 0x00, 0x00, 0x40, 0x00, 0x00,
    0xa4, 0xb2, 0x01, 0x00, 0x04, 0x01, 0x03, 0x00, 0x05, 0x40, 0x00, 0x00,
    0xcc, 0x01, 0x00, 0x00, 0x04, 0x40, 0x00, 0x00, 0x04, 0x00, 0x00, 0x00,
    0x06, 0x40, 0x00, 0x00, 0x01, 0x00, 0x00, 0x00, 0x09, 0x01, 0x00, 0x00,
    0x05, 0x01, 0x01, 0x00, 0x10, 0x40, 0x00, 0x00, 0x30, 0x44, 0x02, 0x00,
    0x11, 0x01, 0x72, 0x00, 0x1a, 0x01, 0x72, 0x00, 0x15, 0x40, 0x00, 0x00,
    0x30, 0x07, 0x00, 0x00, 0x16, 0x40, 0x00, 0x00, 0x30, 0x07, 0x00, 0x00,
    0x22, 0x01, 0x06, 0x00, 0x20, 0x40, 0x00, 0x00, 0x50, 0x00, 0x00, 0x00,
    0x21, 0x40, 0x00, 0x00, 0x90, 0x01, 0x00, 0x00, 0x22, 0x40, 0x00, 0x00,
    0x00, 0x00, 0x00, 0x00, 0x15, 0x01, 0x3f, 0x00, 0x02, 0x00, 0x00, 0x00,
    0x00, 0x40, 0x00, 0x00, 0x3c, 0xb6, 0x01, 0x00, 0x10, 0x40, 0x00, 0x00,
    0x60, 0x4b, 0x02, 0x00, 0x02, 0x00, 0x00, 0x00, 0x00, 0x40, 0x00, 0x00,
    0xd4, 0xb9, 0x01, 0x00, 0x10, 0x40, 0x00, 0x00, 0x70, 0x27, 0x02, 0x00,
    0x02, 0x00, 0x00, 0x00, 0x00, 0x40, 0x00, 0x00, 0x6c, 0xbd, 0x01, 0x00,
    0x10, 0x40, 0x00, 0x00, 0xa0, 0x2e, 0x02, 0x00, 0x02, 0x00, 0x00, 0x00,
    0x00, 0x40, 0x00, 0x00, 0xd0, 0x35, 0x02, 0x00, 0x04, 0x01, 0x07, 0x00,
    0x05, 0x40, 0x00, 0x00, 0x30, 0x07, 0x00, 0x00, 0x04, 0x40, 0x00, 0x00,
    0x10, 0x00, 0x00, 0x00, 0x06, 0x40, 0x00, 0x00, 0x30, 0x07, 0x00, 0x00,
    0x09, 0x01, 0x80, 0xff, 0x05, 0x01, 0x41, 0x00, 0x10, 0x40, 0x00, 0x00,
    0xf0, 0x6b, 0x02, 0x00, 0x11, 0x01, 0x39, 0x00, 0x1a, 0x01, 0x39, 0x00,
    0x15, 0x40, 0x00, 0x00, 0xa0, 0x03, 0x00, 0x00, 0x16, 0x40, 0x00, 0x00,
    0xa0, 0x03, 0x00, 0x00, 0x22, 0x01, 0x01, 0x00, 0x20, 0x40, 0x00, 0x00,
    0x30, 0x02, 0x00, 0x00, 0x21, 0x40, 0x00, 0x00, 0x80, 0x00, 0x00, 0x00,
    0x22, 0x40, 0x00, 0x00, 0xe0, 0x01, 0x00, 0x00, 0x15, 0x01, 0x39, 0x00,
    0x2f, 0x01, 0x01, 0x00, 0x03, 0x00, 0x00, 0x00, 0x00, 0x40, 0x00, 0x00,
    0x00, 0x3d, 0x02, 0x00, 0x10, 0x40, 0x00, 0x00, 0x90, 0x6f, 0x02, 0x00,
    0x2f, 0x01, 0x03, 0x00, 0x03, 0x00, 0x00, 0x00, 0x00, 0x40, 0x00, 0x00,
    0x30, 0x44, 0x02, 0x00, 0x02, 0x40, 0x00, 0x00, 0x70, 0x27, 0x02, 0x00,
    0x0b, 0x01, 0x01, 0x00, 0x0c, 0x01, 0x01, 0x00, 0x10, 0x40, 0x00, 0x00,
    0x30, 0x73, 0x02, 0x00, 0x03, 0x00, 0x00, 0x00, 0x00, 0x40, 0x00, 0x00,
    0x50, 0x68, 0x02, 0x00, 0x02, 0x40, 0x00, 0x00, 0x00, 0x00, 0x00, 0x00,
    0x0a, 0x01, 0x39, 0x00, 0x05, 0x40, 0x00, 0x00, 0xa0, 0x03, 0x00, 0x00,
    0x06, 0x40, 0x00, 0x00, 0xa0, 0x03, 0x00, 0x00, 0x01, 0x01, 0x00, 0x00,
    0x02, 0x01, 0x00, 0x00, 0x10, 0x40, 0x00, 0x00, 0xd0, 0x59, 0x02, 0x00,
    0x12, 0x01, 0x01, 0x00, 0x1b, 0x01, 0x01, 0x00, 0x1c, 0x01, 0x01, 0x00,
    0x13, 0x01, 0x0b, 0x00, 0x21, 0x01, 0x00, 0x00, 0x20, 0x01, 0x00, 0x00,
    0x22, 0x01, 0x04, 0x00, 0x20, 0x40, 0x00, 0x00, 0x30, 0x03, 0x00, 0x00,
    0x21, 0x40, 0x00, 0x00, 0xc0, 0x00, 0x00, 0x00, 0x22, 0x40, 0x00, 0x00,
    0xb0, 0x02, 0x00, 0x00, 0x23, 0x40, 0x00, 0x00, 0x80, 0x00, 0x00, 0x00,
    0x17, 0x01, 0x0f, 0x00, 0x2f, 0x01, 0x01, 0x00, 0x02, 0x00, 0x00, 0x00,
    0x00, 0x40, 0x00, 0x00, 0xb0, 0x64, 0x02, 0x00, 0x02, 0x40, 0x00, 0x00,
    0x90, 0x52, 0x02, 0x00, 0x0b, 0x01, 0x00, 0x00, 0x0c, 0x01, 0x00, 0x00,
    0x04, 0x01, 0x0b, 0x00, 0x10, 0x40, 0x00, 0x00, 0xa0, 0x77, 0x00, 0x00,
    0x12, 0x01, 0x00, 0x00, 0x1b, 0x01, 0x00, 0x00, 0x1c, 0x01, 0x00, 0x00,
    0x21, 0x01, 0x02, 0x00, 0x22, 0x01, 0x02, 0x00, 0x20, 0x40, 0x00, 0x00,
    0x70, 0x04, 0x00, 0x00, 0x21, 0x40, 0x00, 0x00, 0x50, 0x00, 0x00, 0x00,
    0x22, 0x40, 0x00, 0x00, 0xf0, 0x03, 0x00, 0x00, 0x0d, 0x01, 0x12, 0x00,
    0x03, 0x00, 0x00, 0x00, 0x00, 0x40, 0x00, 0x00, 0x30, 0x56, 0x02, 0x00,
    0x02, 0x40, 0x00, 0x00, 0x00, 0x00, 0x00, 0x00, 0x0b, 0x01, 0x02, 0x00,
    0x0c, 0x01, 0x02, 0x00, 0x10, 0x40, 0x00, 0x00, 0x40, 0x7b, 0x00, 0x00,
    0x2f, 0x01, 0x03, 0x00, 0x03, 0x00, 0x00, 0x00, 0x00, 0x40, 0x00, 0x00,
    0x90, 0x6f, 0x02, 0x00, 0x0b, 0x01, 0x01, 0x00, 0x0c, 0x01, 0x01, 0x00,
    0x04, 0x01, 0x07, 0x00, 0x10, 0x40, 0x00, 0x00, 0x10, 0x61, 0x02, 0x00,
    0x12, 0x01, 0x01, 0x00, 0x1b, 0x01, 0x01, 0x00, 0x1c, 0x01, 0x01, 0x00,
    0x21, 0x01, 0x00, 0x00, 0x22, 0x01, 0x04, 0x00, 0x20, 0x40, 0x00, 0x00,
    0x30, 0x03, 0x00, 0x00, 0x21, 0x40, 0x00, 0x00, 0xc0, 0x00, 0x00, 0x00,
    0x22, 0x40, 0x00, 0x00, 0xb0, 0x02, 0x00, 0x00, 0x0d, 0x01, 0x0a, 0x00,
    0x02, 0x00, 0x00, 0x00, 0x00, 0x40, 0x00, 0x00, 0x60, 0x4b, 0x02, 0x00,
    0x02, 0x40, 0x00, 0x00, 0x70, 0x27, 0x02, 0x00, 0x0b, 0x01, 0x00, 0x00,
    0x0c, 0x01, 0x00, 0x00, 0x0a, 0x01, 0x72, 0x00, 0x05, 0x40, 0x00, 0x00,
    0x30, 0x07, 0x00, 0x00, 0x06, 0x40, 0x00, 0x00, 0x30, 0x07, 0x00, 0x00,
    0x01, 0x01, 0x01, 0x00, 0x02, 0x01, 0x01, 0x00, 0x10, 0x40, 0x00, 0x00,
    0x50, 0x68, 0x02, 0x00, 0x12, 0x01, 0x00, 0x00, 0x1b, 0x01, 0x00, 0x00,
    0x1c, 0x01, 0x00, 0x00, 0x13, 0x01, 0x07, 0x00, 0x21, 0x01, 0x02, 0x00,
    0x20, 0x01, 0x02, 0x00, 0x22, 0x01, 0x01, 0x00, 0x20, 0x40, 0x00, 0x00,
    0x30, 0x02, 0x00, 0x00, 0x21, 0x40, 0x00, 0x00, 0x80, 0x00, 0x00, 0x00,
    0x22, 0x40, 0x00, 0x00, 0xe0, 0x01, 0x00, 0x00, 0x23, 0x40, 0x00, 0x00,
    0x50, 0x00, 0x00, 0x00, 0x17, 0x01, 0x07, 0x00, 0x03, 0x00, 0x00, 0x00,
    0x00, 0x40, 0x00, 0x00, 0x04, 0xc1, 0x01, 0x00, 0x02, 0x40, 0x00, 0x00,
    0x00, 0x00, 0x00, 0x00, 0x0b, 0x01, 0x02, 0x00, 0x0c, 0x01, 0x02, 0x00,
    0x04, 0x01, 0x03, 0x00, 0x05, 0x40, 0x00, 0x00, 0xcc, 0x01, 0x00, 0x00,
    0x04, 0x40, 0x00, 0x00, 0x04, 0x00, 0x00, 0x00, 0x06, 0x40, 0x00, 0x00,
    0x01, 0x00, 0x00, 0x00, 0x09, 0x01, 0x00, 0x00, 0x05, 0x01, 0x01, 0x00,
    0x10, 0x40, 0x00, 0x00, 0xd0, 0x35, 0x02, 0x00, 0x11, 0x01, 0x72, 0x00,
    0x1a, 0x01, 0x72, 0x00, 0x15, 0x40, 0x00, 0x00, 0x30, 0x07, 0x00, 0x00,
    0x16, 0x40, 0x00, 0x00, 0x30, 0x07, 0x00, 0x00, 0x22, 0x01, 0x06, 0x00,
    0x20, 0x40, 0x00, 0x00, 0x50, 0x00, 0x00, 0x00, 0x21, 0x40, 0x00, 0x00,
    0x90, 0x01, 0x00, 0x00, 0x22, 0x40, 0x00, 0x00, 0x00, 0x00, 0x00, 0x00,
    0x15, 0x01, 0x3f, 0x00, 0x02, 0x00, 0x00, 0x00, 0x00, 0x40, 0x00, 0x00,
    0x9c, 0xc4, 0x01, 0x00, 0x10, 0x40, 0x00, 0x00, 0x00, 0x3d, 0x02, 0x00,
    0x02, 0x00, 0x00, 0x00, 0x00, 0x40, 0x00, 0x00, 0x34, 0xc8, 0x01, 0x00,
    0x10, 0x40, 0x00, 0x00, 0x30, 0x44, 0x02, 0x00, 0x02, 0x00, 0x00, 0x00,
    0x00, 0x40, 0x00, 0x00, 0xcc, 0xcb, 0x01, 0x00, 0x10, 0x40, 0x00, 0x00,
    0x60, 0x4b, 0x02, 0x00, 0x02, 0x00, 0x00, 0x00, 0x00, 0x40, 0x00, 0x00,
    0x70, 0x27, 0x02, 0x00, 0x04, 0x01, 0x07, 0x00, 0x05, 0x40, 0x00, 0x00,
    0x30, 0x07, 0x00, 0x00, 0x04, 0x40, 0x00, 0x00, 0x10, 0x00, 0x00, 0x00,
    0x06, 0x40, 0x00, 0x00, 0x30, 0x07, 0x00, 0x00, 0x09, 0x01, 0x80, 0xff,
    0x05, 0x01, 0x41, 0x00, 0x10, 0x40, 0x00, 0x00, 0xf0, 0x6b, 0x02, 0x00,
    0x11, 0x01, 0x39, 0x00, 0x1a, 0x01, 0x39, 0x00, 0x15, 0x40, 0x00, 0x00,
    0xa0, 0x03, 0x00, 0x00, 0x16, 0x40, 0x00, 0x00, 0xa0, 0x03, 0x00, 0x00,
    0x22, 0x01, 0x01, 0x00, 0x20, 0x40, 0x00, 0x00, 0x30, 0x02, 0x00, 0x00,
    0x21, 0x40, 0x00, 0x00, 0x80, 0x00, 0x00, 0x00, 0x22, 0x40, 0x00, 0x00,
    0xe0, 0x01, 0x00, 0x00, 0x15, 0x01, 0x39, 0x00, 0x2f, 0x01, 0x01, 0x00,
    0x03, 0x00, 0x00, 0x00, 0x00, 0x40, 0x00, 0x00, 0xa0, 0x2e, 0x02, 0x00,
    0x10, 0x40, 0x00, 0x00, 0x90, 0x6f, 0x02, 0x00, 0x2f, 0x01, 0x03, 0x00,
    0x03, 0x00, 0x00, 0x00, 0x00, 0x40, 0x00, 0x00, 0xd0, 0x35, 0x02, 0x00,
    0x10, 0x40, 0x00, 0x00, 0x30, 0x73, 0x02, 0x00, 0x03, 0x00, 0x00, 0x00,
    0x00, 0x40, 0x00, 0x00, 0x50, 0x68, 0x02, 0x00, 0x0b, 0x01, 0x01, 0x00,
    0x0c, 0x01, 0x01, 0x00, 0x0a, 0x01, 0x39, 0x00, 0x05, 0x40, 0x00, 0x00,
    0xa0, 0x03, 0x00, 0x00, 0x06, 0x40, 0x00, 0x00, 0xa0, 0x03, 0x00, 0x00,
    0x01, 0x01, 0x00, 0x00, 0x02, 0x01, 0x00, 0x00, 0x10, 0x40, 0x00, 0x00,
    0x90, 0x52, 0x02, 0x00, 0x12, 0x01, 0x01, 0x00, 0x1b, 0x01, 0x01, 0x00,
    0x1c, 0x01, 0x01, 0x00, 0x13, 0x01, 0x0b, 0x00, 0x21, 0x01, 0x00, 0x00,
    0x20, 0x01, 0x00, 0x00, 0x22, 0x01, 0x04, 0x00, 0x20, 0x40, 0x00, 0x00,
    0x30, 0x03, 0x00, 0x00, 0x21, 0x40, 0x00, 0x00, 0xc0, 0x00, 0x00, 0x00,
    0x22, 0x40, 0x00, 0x00, 0xb0, 0x02, 0x00, 0x00, 0x23, 0x40, 0x00, 0x00,
    0x80, 0x00, 0x00, 0x00, 0x17, 0x01, 0x0f, 0x00, 0x2f, 0x01, 0x01, 0x00,
    0x02, 0x00, 0x00, 0x00, 0x00, 0x40, 0x00, 0x00, 0x70, 0x5d, 0x02, 0x00,
    0x0b, 0x01, 0x02, 0x00, 0x0c, 0x01, 0x02, 0x00, 0x04, 0x01, 0x0b, 0x00,
    0x10, 0x40, 0x00, 0x00, 0xe0, 0x7e, 0x00, 0x00, 0x12, 0x01, 0x00, 0x00,
    0x1b, 0x01, 0x00, 0x00, 0x1c, 0x01, 0x00, 0x00, 0x21, 0x01, 0x02, 0x00,
    0x22, 0x01, 0x02, 0x00, 0x20, 0x40, 0x00, 0x00, 0x70, 0x04, 0x00, 0x00,
    0x21, 0x40, 0x00, 0x00, 0x50, 0x00, 0x00, 0x00, 0x22, 0x40, 0x00, 0x00,
    0xf0, 0x03, 0x00, 0x00, 0x0d, 0x01, 0x12, 0x00, 0x03, 0x00, 0x00, 0x00,
    0x00, 0x40, 0x00, 0x00, 0xb0, 0x64, 0x02, 0x00, 0x02, 0x40, 0x00, 0x00,
    0x90, 0x52, 0x02, 0x00, 0x0b, 0x01, 0x00, 0x00, 0x0c, 0x01, 0x00, 0x00,
    0x10, 0x40, 0x00, 0x00, 0x80, 0x82, 0x00, 0x00, 0x2f, 0x01, 0x03, 0x00,
    0x03, 0x00, 0x00, 0x00, 0x00, 0x40, 0x00, 0x00, 0x90, 0x6f, 0x02, 0x00,
    0x02, 0x40, 0x00, 0x00, 0x00, 0x00, 0x00, 0x00, 0x0b, 0x01, 0x01, 0x00,
    0x0c, 0x01, 0x01, 0x00, 0x04, 0x01, 0x07, 0x00, 0x10, 0x40, 0x00, 0x00,
    0xd0, 0x59, 0x02, 0x00, 0x12, 0x01, 0x01, 0x00, 0x1b, 0x01, 0x01, 0x00,
    0x1c, 0x01, 0x01, 0x00, 0x21, 0x01, 0x00, 0x00, 0x22, 0x01, 0x04, 0x00,
    0x20, 0x40, 0x00, 0x00, 0x30, 0x03, 0x00, 0x00, 0x21, 0x40, 0x00, 0x00,
    0xc0, 0x00, 0x00, 0x00, 0x22, 0x40, 0x00, 0x00, 0xb0, 0x02, 0x00, 0x00,
    0x0d, 0x01, 0x0a, 0x00, 0x02, 0x00, 0x00, 0x00, 0x00, 0x40, 0x00, 0x00,
    0x00, 0x3d, 0x02, 0x00, 0x0b, 0x01, 0x02, 0x00, 0x0c, 0x01, 0x02, 0x00,
    0x0a, 0x01, 0x72, 0x00, 0x05, 0x40, 0x00, 0x00, 0x30, 0x07, 0x00, 0x00,
    0x06, 0x40, 0x00, 0x00, 0x30, 0x07, 0x00, 0x00, 0x01, 0x01, 0x01, 0x00,
    0x02, 0x01, 0x01, 0x00, 0x10, 0x40, 0x00, 0x00, 0x50, 0x68, 0x02, 0x00,
    0x12, 0x01, 0x00, 0x00, 0x1b, 0x01, 0x00, 0x00, 0x1c, 0x01, 0x00, 0x00,
    0x13, 0x01, 0x07, 0x00, 0x21, 0x01, 0x02, 0x00, 0x20, 0x01, 0x02, 0x00,
    0x22, 0x01, 0x01, 0x00, 0x20, 0x40, 0x00, 0x00, 0x30, 0x02, 0x00, 0x00,
    0x21, 0x40, 0x00, 0x00, 0x80, 0x00, 0x00, 0x00, 0x22, 0x40, 0x00, 0x00,
    0xe0, 0x01, 0x00, 0x00, 0x23, 0x40, 0x00, 0x00, 0x50, 0x00, 0x00, 0x00,
    0x17, 0x01, 0x07, 0x00, 0x03, 0x00, 0x00, 0x00, 0x00, 0x40, 0x00, 0x00,
    0x64, 0xcf, 0x01, 0x00, 0x04, 0x01, 0x03, 0x00, 0x05, 0x40, 0x00, 0x00,
    0xcc, 0x01, 0x00, 0x00, 0x04, 0x40, 0x00, 0x00, 0x04, 0x00, 0x00, 0x00,
    0x06, 0x40, 0x00, 0x00, 0x01, 0x00, 0x00, 0x00, 0x09, 0x01, 0x00, 0x00,
    0x05, 0x01, 0x01, 0x00, 0x10, 0x40, 0x00, 0x00, 0x70, 0x27, 0x02, 0x00,
    0x11, 0x01, 0x72, 0x00, 0x1a, 0x01, 0x72, 0x00, 0x15, 0x40, 0x00, 0x00,
    0x30, 0x07, 0x00, 0x00, 0x16, 0x40, 0x00, 0x00, 0x30, 0x07, 0x00, 0x00,
    0x22, 0x01, 0x06, 0x00, 0x20, 0x40, 0x00, 0x00, 0x50, 0x00, 0x00, 0x00,
    0x21, 0x40, 0x00, 0x00, 0x90, 0x01, 0x00, 0x00, 0x22, 0x40, 0x00, 0x00,
    0x00, 0x00, 0x00, 0x00, 0x15, 0x01, 0x3f, 0x00, 0x02, 0x00, 0x00, 0x00,
    0x00, 0x40, 0x00, 0x00, 0xfc, 0xd2, 0x01, 0x00, 0x10, 0x40, 0x00, 0x00,
    0xa0, 0x2e, 0x02, 0x00, 0x02, 0x00, 0x00, 0x00, 0x00, 0x40, 0x00, 0x00,
    0x94, 0xd6, 0x01, 0x00, 0x10, 0x40, 0x00, 0x00, 0xd0, 0x35, 0x02, 0x00,
    0x02, 0x00, 0x00, 0x00, 0x00, 0x40, 0x00, 0x00, 0x2c, 0xda, 0x01, 0x00,
    0x10, 0x40, 0x00, 0x00, 0x00, 0x3d, 0x02, 0x00, 0x02, 0x00, 0x00, 0x00,
    0x00, 0x40, 0x00, 0x00, 0x30, 0x44, 0x02, 0x00, 0x02, 0x40, 0x00, 0x00,
    0x70, 0x27, 0x02, 0x00, 0x0b, 0x01, 0x01, 0x00, 0x0c, 0x01, 0x01, 0x00,
    0x04, 0x01, 0x07, 0x00, 0x05, 0x40, 0x00, 0x00, 0x30, 0x07, 0x00, 0x00,
    0x04, 0x40, 0x00, 0x00, 0x10, 0x00, 0x00, 0x00, 0x06, 0x40, 0x00, 0x00,
    0x30, 0x07, 0x00, 0x00, 0x09, 0x01, 0x80, 0xff, 0x05, 0x01, 0x41, 0x00,
    0x10, 0x40, 0x00, 0x00, 0xf0, 0x6b, 0x02, 0x00, 0x11, 0x01, 0x39, 0x00,
    0x1a, 0x01, 0x39, 0x00, 0x15, 0x40, 0x00, 0x00, 0xa0, 0x03, 0x00, 0x00,
    0x16, 0x40, 0x00, 0x00, 0xa0, 0x03, 0x00, 0x00, 0x22, 0x01, 0x01, 0x00,
    0x20, 0x40, 0x00, 0x00, 0x30, 0x02, 0x00, 0x00, 0x21, 0x40, 0x00, 0x00,
    0x80, 0x00, 0x00, 0x00, 0x22, 0x40, 0x00, 0x00, 0xe0, 0x01, 0x00, 0x00,
    0x15, 0x01, 0x39, 0x00, 0x2f, 0x01, 0x01, 0x00, 0x03, 0x00, 0x00, 0x00,
    0x00, 0x40, 0x00, 0x00, 0x60, 0x4b, 0x02, 0x00, 0x0b, 0x01, 0x00, 0x00,
    0x0c, 0x01, 0x00, 0x00, 0x10, 0x40, 0x00, 0x00, 0x90, 0x6f, 0x02, 0x00,
    0x2f, 0x01, 0x03, 0x00, 0x03, 0x00, 0x00, 0x00, 0x00, 0x40, 0x00, 0x00,
    0x70, 0x27, 0x02, 0x00, 0x02, 0x40, 0x00, 0x00, 0x00, 0x00, 0x00, 0x00,
    0x0b, 0x01, 0x02, 0x00, 0x0c, 0x01, 0x02, 0x00, 0x10, 0x40, 0x00, 0x00,
    0x30, 0x73, 0x02, 0x00, 0x03, 0x00, 0x00, 0x00, 0x00, 0x40, 0x00, 0x00,
    0x50, 0x68, 0x02, 0x00, 0x0b, 0x01, 0x01, 0x00, 0x0c, 0x01, 0x01, 0x00,
    0x0a, 0x01, 0x39, 0x00, 0x05, 0x40, 0x00, 0x00, 0xa0, 0x03, 0x00, 0x00,
    0x06, 0x40, 0x00, 0x00, 0xa0, 0x03, 0x00, 0x00, 0x01, 0x01, 0x00, 0x00,
    0x02, 0x01, 0x00, 0x00, 0x10, 0x40, 0x00, 0x00, 0x10, 0x61, 0x02, 0x00,
    0x12, 0x01, 0x01, 0x00, 0x1b, 0x01, 0x01, 0x00, 0x1c, 0x01, 0x01, 0x00,
    0x13, 0x01, 0x0b, 0x00, 0x21, 0x01, 0x00, 0x00, 0x20, 0x01, 0x00, 0x00,
    0x22, 0x01, 0x04, 0x00, 0x20, 0x40, 0x00, 0x00, 0x30, 0x03, 0x00, 0x00,
    0x21, 0x40, 0x00, 0x00, 0xc0, 0x00, 0x00, 0x00, 0x22, 0x40, 0x00, 0x00,
    0xb0, 0x02, 0x00, 0x00, 0x23, 0x40, 0x00, 0x00, 0x80, 0x00, 0x00, 0x00,
    0x17, 0x01, 0x0f, 0x00, 0x2f, 0x01, 0x01, 0x00, 0x02, 0x00, 0x00, 0x00,
    0x00, 0x40, 0x00, 0x00, 0x30, 0x56, 0x02, 0x00, 0x0b, 0x01, 0x02, 0x00,
    0x0c, 0x01, 0x02, 0x00, 0x04, 0x01, 0x0b, 0x00, 0x10, 0x40, 0x00, 0x00,
    0x20, 0x86, 0x00, 0x00, 0x12, 0x01, 0x00, 0x00, 0x1b, 0x01, 0x00, 0x00,
    0x1c, 0x01, 0x00, 0x00, 0x21, 0x01, 0x02, 0x00, 0x22, 0x01, 0x02, 0x00,
    0x20, 0x40, 0x00, 0x00, 0x70, 0x04, 0x00, 0x00, 0x21, 0x40, 0x00, 0x00,
    0x50, 0x00, 0x00, 0x00, 0x22, 0x40, 0x00, 0x00, 0xf0, 0x03, 0x00, 0x00,
    0x0d, 0x01, 0x12, 0x00, 0x03, 0x00, 0x00, 0x00, 0x00, 0x40, 0x00, 0x00,
    0x70, 0x5d, 0x02, 0x00, 0x10, 0x40, 0x00, 0x00, 0xc0, 0x89, 0x00, 0x00,
    0x2f, 0x01, 0x03, 0x00, 0x03, 0x00, 0x00, 0x00, 0x00, 0x40, 0x00, 0x00,
    0x90, 0x6f, 0x02, 0x00, 0x0b, 0x01, 0x01, 0x00, 0x0c, 0x01, 0x01, 0x00,
    0x04, 0x01, 0x07, 0x00, 0x10, 0x40, 0x00, 0x00, 0x90, 0x52, 0x02, 0x00,
    0x12, 0x01, 0x01, 0x00, 0x1b, 0x01, 0x01, 0x00, 0x1c, 0x01, 0x01, 0x00,
    0x21, 0x01, 0x00, 0x00, 0x22, 0x01, 0x04, 0x00, 0x20, 0x40, 0x00, 0x00,
    0x30, 0x03, 0x00, 0x00, 0x21, 0x40, 0x00, 0x00, 0xc0, 0x00, 0x00, 0x00,
    0x22, 0x40, 0x00, 0x00, 0xb0, 0x02, 0x00, 0x00, 0x0d, 0x01, 0x0a, 0x00,
    0x02, 0x00, 0x00, 0x00, 0x00, 0x40, 0x00, 0x00, 0xa0, 0x2e, 0x02, 0x00,
    0x0b, 0x01, 0x02, 0x00, 0x0c, 0x01, 0x02, 0x00, 0x0a, 0x01, 0x72, 0x00,
    0x05, 0x40, 0x00, 0x00, 0x30, 0x07, 0x00, 0x00, 0x06, 0x40, 0x00, 0x00,
    0x30, 0x07, 0x00, 0x00, 0x01, 0x01, 0x01, 0x00, 0x02, 0x01, 0x01, 0x00,
    0x10, 0x40, 0x00, 0x00, 0x50, 0x68, 0x02, 0x00, 0x12, 0x01, 0x00, 0x00,
    0x1b, 0x01, 0x00, 0x00, 0x1c, 0x01, 0x00, 0x00, 0x13, 0x01, 0x07, 0x00,
    0x21, 0x01, 0x02, 0x00, 0x20, 0x01, 0x02, 0x00, 0x22, 0x01, 0x01, 0x00,
    0x20, 0x40, 0x00, 0x00, 0x30, 0x02, 0x00, 0x00, 0x21, 0x40, 0x00, 0x00,
    0x80, 0x00, 0x00, 0x00, 0x22, 0x40, 0x00, 0x00, 0xe0, 0x01, 0x00, 0x00,
    0x23, 0x40, 0x00, 0x00, 0x50, 0x00, 0x00, 0x00, 0x17, 0x01, 0x07, 0x00,
    0x03, 0x00, 0x00, 0x00, 0x00, 0x40, 0x00, 0x00, 0xc4, 0xdd, 0x01, 0x00,
    0x04, 0x01, 0x03, 0x00, 0x05, 0x40, 0x00, 0x00, 0xcc, 0x01, 0x00, 0x00,
    0x04, 0x40, 0x00, 0x00, 0x04, 0x00, 0x00, 0x00, 0x06, 0x40, 0x00, 0x00,
    0x01, 0x00, 0x00, 0x00, 0x09, 0x01, 0x00, 0x00, 0x05, 0x01, 0x01, 0x00,
    0x10, 0x40, 0x00, 0x00, 0x30, 0x44, 0x02, 0x00, 0x11, 0x01, 0x72, 0x00,
    0x1a, 0x01, 0x72, 0x00, 0x15, 0x40, 0x00, 0x00, 0x30, 0x07, 0x00, 0x00,
    0x16, 0x40, 0x00, 0x00, 0x30, 0x07, 0x00, 0x00, 0x22, 0x01, 0x06, 0x00,
    0x20, 0x40, 0x00, 0x00, 0x50, 0x00, 0x00, 0x00, 0x21, 0x40, 0x00, 0x00,
    0x90, 0x01, 0x00, 0x00, 0x22, 0x40, 0x00, 0x00, 0x00, 0x00, 0x00, 0x00,
    0x15, 0x01, 0x3f, 0x00, 0x02, 0x00, 0x00, 0x00, 0x00, 0x40, 0x00, 0x00,
    0x5c, 0xe1, 0x01, 0x00, 0x10, 0x40, 0x00, 0x00, 0x60, 0x4b, 0x02, 0x00,
    0x02, 0x00, 0x00, 0x00, 0x00, 0x40, 0x00, 0x00, 0xf4, 0xe4, 0x01, 0x00,
    0x10, 0x40, 0x00, 0x00, 0x70, 0x27, 0x02, 0x00, 0x02, 0x00, 0x00, 0x00,
    0x00, 0x40, 0x00, 0x00, 0x8c, 0xe8, 0x01, 0x00, 0x10, 0x40, 0x00, 0x00,
    0xa0, 0x2e, 0x02, 0x00, 0x02, 0x00, 0x00, 0x00, 0x00, 0x40, 0x00, 0x00,
    0xd0, 0x35, 0x02, 0x00, 0x04, 0x01, 0x07, 0x00, 0x05, 0x40, 0x00, 0x00,
    0x30, 0x07, 0x00, 0x00, 0x04, 0x40, 0x00, 0x00, 0x10, 0x00, 0x00, 0x00,
    0x06, 0x40, 0x00, 0x00, 0x30, 0x07, 0x00, 0x00, 0x09, 0x01, 0x80, 0xff,
    0x05, 0x01, 0x41, 0x00, 0x10, 0x40, 0x00, 0x00, 0xf0, 0x6b, 0x02, 0x00,
    0x11, 0x01, 0x39, 0x00, 0x1a, 0x01, 0x39, 0x00, 0x15, 0x40, 0x00, 0x00,
    0xa0, 0x03, 0x00, 0x00, 0x16, 0x40, 0x00, 0x00, 0xa0, 0x03, 0x00, 0x00,
    0x22, 0x01, 0x01, 0x00, 0x20, 0x40, 0x00, 0x00, 0x30, 0x02, 0x00, 0x00,
    0x21, 0x40, 0x00, 0x00, 0x80, 0x00, 0x00, 0x00, 0x22, 0x40, 0x00, 0x00,
    0xe0, 0x01, 0x00, 0x00, 0x15, 0x01, 0x39, 0x00, 0x2f, 0x01, 0x01, 0x00,
    0x03, 0x00, 0x00, 0x00, 0x00, 0x40, 0x00, 0x00, 0x00, 0x3d, 0x02, 0x00,
    0x10, 0x40, 0x00, 0x00, 0x90, 0x6f, 0x02, 0x00, 0x2f, 0x01, 0x03, 0x00,
    0x03, 0x00, 0x00, 0x00, 0x00, 0x40, 0x00, 0x00, 0x30, 0x44, 0x02, 0x00,
    0x02, 0x40, 0x00, 0x00, 0x70, 0x27, 0x02, 0x00, 0x0b, 0x01, 0x01, 0x00,
    0x0c, 0x01, 0x01, 0x00, 0x10, 0x40, 0x00, 0x00, 0x30, 0x73, 0x02, 0x00,
    0x03, 0x00, 0x00, 0x00, 0x00, 0x40, 0x00, 0x00, 0x50, 0x68, 0x02, 0x00,
    0x02, 0x40, 0x00, 0x00, 0x00, 0x00, 0x00, 0x00, 0x0a, 0x01, 0x39, 0x00,
    0x05, 0x40, 0x00, 0x00, 0xa0, 0x03, 0x00, 0x00, 0x06, 0x40, 0x00, 0x00,
    0xa0, 0x03, 0x00, 0x00, 0x01, 0x01, 0x00, 0x00, 0x02, 0x01, 0x00, 0x00,
    0x10, 0x40, 0x00, 0x00, 0xd0, 0x59, 0x02, 0x00, 0x12, 0x01, 0x01, 0x00,
    0x1b, 0x01, 0x01, 0x00, 0x1c, 0x01, 0x01, 0x00, 0x13, 0x01, 0x0b, 0x00,
    0x21, 0x01, 0x00, 0x00, 0x20, 0x01, 0x00, 0x00, 0x22, 0x01, 0x04, 0x00,
    0x20, 0x40, 0x00, 0x00, 0x30, 0x03, 0x00, 0x00, 0x21, 0x40, 0x00, 0x00,
    0xc0, 0x00, 0x00, 0x00, 0x22, 0x40, 0x00, 0x00, 0xb0, 0x02, 0x00, 0x00,
    0x23, 0x40, 0x00, 0x00, 0x80, 0x00, 0x00, 0x00, 0x17, 0x01, 0x0f, 0x00,
    0x2f, 0x01, 0x01, 0x00, 0x02, 0x00, 0x00, 0x00, 0x00, 0x40, 0x00, 0x00,
    0xb0, 0x64, 0x02, 0x00, 0x02, 0x40, 0x00, 0x00, 0x90, 0x52, 0x02, 0x00,
    0x0b, 0x01, 0x00, 0x00, 0x0c, 0x01, 0x00, 0x00, 0x04, 0x01, 0x0b, 0x00,
    0x10, 0x40, 0x00, 0x00, 0x60, 0x8d, 0x00, 0x00, 0x12, 0x01, 0x00, 0x00,
    0x1b, 0x01, 0x00, 0x00, 0x1c, 0x01, 0x00, 0x00, 0x21, 0x01, 0x02, 0x00,
    0x22, 0x01, 0x02, 0x00, 0x20, 0x40, 0x00, 0x00, 0x70, 0x04, 0x00, 0x00,
    0x21, 0x40, 0x00, 0x00, 0x50, 0x00, 0x00, 0x00, 0x22, 0x40, 0x00, 0x00,
    0xf0, 0x03, 0x00, 0x00, 0x0d, 0x01, 0x12, 0x00, 0x03, 0x00, 0x00, 0x00,
    0x00, 0x40, 0x00, 0x00, 0x30, 0x56, 0x02, 0x00, 0x02, 0x40, 0x00, 0x00,
    0x00, 0x00, 0x00, 0x00, 0x0b, 0x01, 0x02, 0x00, 0x0c, 0x01, 0x02, 0x00,
    0x10, 0x40, 0x00, 0x00, 0x00, 0x91, 0x00, 0x00, 0x2f, 0x01, 0x03, 0x00,
    0x03, 0x00, 0x00, 0x00, 0x00, 0x40, 0x00, 0x00, 0x90, 0x6f, 0x02, 0x00,
    0x0b, 0x01, 0x01, 0x00, 0x0c, 0x01, 0x01, 0x00, 0x04, 0x01, 0x07, 0x00,
    0x10, 0x40, 0x00, 0x00, 0x10, 0x61, 0x02, 0x00, 0x12, 0x01, 0x01, 0x00,
    0x1b, 0x01, 0x01, 0x00, 0x1c, 0x01, 0x01, 0x00, 0x21, 0x01, 0x00, 0x00,
    0x22, 0x01, 0x04, 0x00, 0x20, 0x40, 0x00, 0x00, 0x30, 0x03, 0x00, 0x00,
    0x21, 0x40, 0x00, 0x00, 0xc0, 0x00, 0x00, 0x00, 0x22, 0x40, 0x00, 0x00,
    0xb0, 0x02, 0x00, 0x00, 0x0d, 0x01, 0x0a, 0x00, 0x02, 0x00, 0x00, 0x00,
    0x00, 0x40, 0x00, 0x00, 0x60, 0x4b, 0x02, 0x00, 0x02, 0x40, 0x00, 0x00,
    0x70, 0x27, 0x02, 0x00, 0x0b, 0x01, 0x00, 0x00, 0x0c, 0x01, 0x00, 0x00,
    0x0a, 0x01, 0x72, 0x00, 0x05, 0x40, 0x00, 0x00, 0x30, 0x07, 0x00, 0x00,
    0x06, 0x40, 0x00, 0x00, 0x30, 0x07, 0x00, 0x00, 0x01, 0x01, 0x01, 0x00,
    0x02, 0x01, 0x01, 0x00, 0x10, 0x40, 0x00, 0x00, 0x50, 0x68, 0x02, 0x00,
    0x12, 0x01, 0x00, 0x00, 0x1b, 0x01, 0x00, 0x00, 0x1c, 0x01, 0x00, 0x00,
    0x13, 0x01, 0x07, 0x00, 0x21, 0x01, 0x02, 0x00, 0x20, 0x01, 0x02, 0x00,
    0x22, 0x01, 0x01, 0x00, 0x20, 0x40, 0x00, 0x00, 0x30, 0x02, 0x00, 0x00,
    0x21, 0x40, 0x00, 0x00, 0x80, 0x00, 0x00, 0x00, 0x22, 0x40, 0x00, 0x00,
    0xe0, 0x01, 0x00, 0x00, 0x23, 0x40, 0x00, 0x00, 0x50, 0x00, 0x00, 0x00,
    0x17, 0x01, 0x07, 0x00, 0x03, 0x00, 0x00, 0x00, 0x00, 0x40, 0x00, 0x00,
    0x24, 0xec, 0x01, 0x00, 0x02, 0x40, 0x00, 0x00, 0x00, 0x00, 0x00, 0x00,
    0x0b, 0x01, 0x02, 0x00, 0x0c, 0x01, 0x02, 0x00, 0x04, 0x01, 0x03, 0x00,
    0x05, 0x40, 0x00, 0x00, 0xcc, 0x01, 0x00, 0x00, 0x04, 0x40, 0x00, 0x00,
    0x04, 0x00, 0x00, 0x00, 0x06, 0x40, 0x00, 0x00, 0x01, 0x00, 0x00, 0x00,
    0x09, 0x01, 0x00, 0x00, 0x05, 0x01, 0x01, 0x00, 0x10, 0x40, 0x00, 0x00,
    0xd0, 0x35, 0x02, 0x00, 0x11, 0x01, 0x72, 0x00, 0x1a, 0x01, 0x72, 0x00,
    0x15, 0x40, 0x00, 0x00, 0x30, 0x07, 0x00, 0x00, 0x16, 0x40, 0x00, 0x00,
    0x30, 0x07, 0x00, 0x00, 0x22, 0x01, 0x06, 0x00, 0x20, 0x40, 0x00, 0x00,
    0x50, 0x00, 0x00, 0x00, 0x21, 0x40, 0x00, 0x00, 0x90, 0x01, 0x00, 0x00,
    0x22, 0x40, 0x00, 0x00, 0x00, 0x00, 0x00, 0x00, 0x15, 0x01, 0x3f, 0x00,
    0x02, 0x00, 0x00, 0x00, 0x00, 0x40, 0x00, 0x00, 0xbc, 0xef, 0x01, 0x00,
    0x10, 0x40, 0x00, 0x00, 0x00, 0x3d, 0x02, 0x00, 0x02, 0x00, 0x00, 0x00,
    0x00, 0x40, 0x00, 0x00, 0x54, 0xf3, 0x01, 0x00, 0x10, 0x40, 0x00, 0x00,
    0x30, 0x44, 0x02, 0x00, 0x02, 0x00, 0x00, 0x00, 0x00, 0x40, 0x00, 0x00,
    0xec, 0xf6, 0x01, 0x00, 0x10, 0x40, 0x00, 0x00, 0x60, 0x4b, 0x02, 0x00,
    0x02, 0x00, 0x00, 0x00, 0x00, 0x40, 0x00, 0x00, 0x70, 0x27, 0x02, 0x00,
    0x04, 0x01, 0x07, 0x00, 0x05, 0x40, 0x00, 0x00, 0x30, 0x07, 0x00, 0x00,
    0x04, 0x40, 0x00, 0x00, 0x10, 0x00, 0x00, 0x00, 0x06, 0x40, 0x00, 0x00,
    0x30, 0x07, 0x00, 0x00, 0x09, 0x01, 0x80, 0xff, 0x05, 0x01, 0x41, 0x00,
    0x10, 0x40, 0x00, 0x00, 0xf0, 0x6b, 0x02, 0x00, 0x11, 0x01, 0x39, 0x00,
    0x1a, 0x01, 0x39, 0x00, 0x15, 0x40, 0x00, 0x00, 0xa0, 0x03, 0x00, 0x00,
    0x16, 0x40, 0x00, 0x00, 0xa0, 0x03, 0x00, 0x00, 0x22, 0x01, 0x01, 0x00,
    0x20, 0x40, 0x00, 0x00, 0x30, 0x02, 0x00, 0x00, 0x21, 0x40, 0x00, 0x00,
    0x80, 0x00, 0x00, 0x00, 0x22, 0x40, 0x00, 0x00, 0xe0, 0x01, 0x00, 0x00,
    0x15, 0x01, 0x39, 0x00, 0x2f, 0x01, 0x01, 0x00, 0x03, 0x00, 0x00, 0x00,
    0x00, 0x40, 0x00, 0x00, 0xa0, 0x2e, 0x02, 0x00, 0x10, 0x40, 0x00, 0x00,
    0x90, 0x6f, 0x02, 0x00, 0x2f, 0x01, 0x03, 0x00, 0x03, 0x00, 0x00, 0x00,
    0x00, 0x40, 0x00, 0x00, 0xd0, 0x35, 0x02, 0x00, 0x10, 0x40, 0x00, 0x00,
    0x30, 0x73, 0x02, 0x00, 0x03, 0x00, 0x00, 0x00, 0x00, 0x40, 0x00, 0x00,
    0x50, 0x68, 0x02, 0x00, 0x0b, 0x01, 0x01, 0x00, 0x0c, 0x01, 0x01, 0x00,
    0x0a, 0x01, 0x39, 0x00, 0x05, 0x40, 0x00, 0x00, 0xa0, 0x03, 0x00, 0x00,
    0x06, 0x40, 0x00, 0x00, 0xa0, 0x03, 0x00, 0x00, 0x01, 0x01, 0x00, 0x00,
    0x02, 0x01, 0x00, 0x00, 0x10, 0x40, 0x00, 0x00, 0x90, 0x52, 0x02, 0x00,
    0x12, 0x01, 0x01, 0x00, 0x1b, 0x01, 0x01, 0x00, 0x1c, 0x01, 0x01, 0x00,
    0x13, 0x01, 0x0b, 0x00, 0x21, 0x01, 0x00, 0x00, 0x20, 0x01, 0x00, 0x00,
    0x22, 0x01, 0x04, 0x00, 0x20, 0x40, 0x00, 0x00, 0x30, 0x03, 0x00, 0x00,
    0x21, 0x40, 0x00, 0x00, 0xc0, 0x00, 0x00, 0x00, 0x22, 0x40, 0x00, 0x00,
    0xb0, 0x02, 0x00, 0x00, 0x23, 0x40, 0x00, 0x00, 0x80, 0x00, 0x00, 0x00,
    0x17, 0x01, 0x0f, 0x00, 0x2f, 0x01, 0x01, 0x00, 0x02, 0x00, 0x00, 0x00,
    0x00, 0x40, 0x00, 0x00, 0x70, 0x5d, 0x02, 0x00, 0x0b, 0x01, 0x02, 0x00,
    0x0c, 0x01, 0x02, 0x00, 0x04, 0x01, 0x0b, 0x00, 0x10, 0x40, 0x00, 0x00,
    0xa0, 0x94, 0x00, 0x00, 0x12, 0x01, 0x00, 0x00, 0x1b, 0x01, 0x00, 0x00,
    0x1c, 0x01, 0x00, 0x00, 0x21, 0x01, 0x02, 0x00, 0x22, 0x01, 0x02, 0x00,
    0x20, 0x40, 0x00, 0x00, 0x70, 0x04, 0x00, 0x00, 0x21, 0x40, 0x00, 0x00,
    0x50, 0x00, 0x00, 0x00, 0x22, 0x40, 0x00, 0x00, 0xf0, 0x03, 0x00, 0x00,
    0x0d, 0x01, 0x12, 0x00, 0x03, 0x00, 0x00, 0x00, 0x00, 0x40, 0x00, 0x00,
    0xb0, 0x64, 0x02, 0x00, 0x02, 0x40, 0x00, 0x00, 0x90, 0x52, 0x02, 0x00,
    0x0b, 0x01, 0x00, 0x00, 0x0c, 0x01, 0x00, 0x00, 0x10, 0x40, 0x00, 0x00,
    0x40, 0x98, 0x00, 0x00, 0x2f, 0x01, 0x03, 0x00, 0x03, 0x00, 0x00, 0x00,
    0x00, 0x40, 0x00, 0x00, 0x90, 0x6f, 0x02, 0x00, 0x02, 0x40, 0x00, 0x00,
    0x00, 0x00, 0x00, 0x00, 0x0b, 0x01, 0x01, 0x00, 0x0c, 0x01, 0x01, 0x00,
    0x04, 0x01, 0x07, 0x00, 0x10, 0x40, 0x00, 0x00, 0xd0, 0x59, 0x02, 0x00,
    0x12, 0x01, 0x01, 0x00, 0x1b, 0x01, 0x01, 0x00, 0x1c, 0x01, 0x01, 0x00,
    0x21, 0x01, 0x00, 0x00, 0x22, 0x01, 0x04, 0x00, 0x20, 0x40, 0x00, 0x00,
    0x30, 0x03, 0x00, 0x00, 0x21, 0x40, 0x00, 0x00, 0xc0, 0x00, 0x00, 0x00,
    0x22, 0x40, 0x00, 0x00, 0xb0, 0x02, 0x00, 0x00, 0x0d, 0x01, 0x0a, 0x00,
    0x02, 0x00, 0x00, 0x00, 0x00, 0x40, 0x00, 0x00, 0x00, 0x3d, 0x02, 0x00,
    0x0b, 0x01, 0x02, 0x00, 0x0c, 0x01, 0x02, 0x00, 0x0a, 0x01, 0x72, 0x00,
    0x05, 0x40, 0x00, 0x00, 0x30, 0x07, 0x00, 0x00, 0x06, 0x40, 0x00, 0x00,
    0x30, 0x07, 0x00, 0x00, 0x01, 0x01, 0x01, 0x00, 0x02, 0x01, 0x01, 0x00,
    0x10, 0x40, 0x00, 0x00, 0x50, 0x68, 0x02, 0x00, 0x12, 0x01, 0x00, 0x00,
    0x1b, 0x01, 0x00, 0x00, 0x1c, 0x01, 0x00, 0x00, 0x13, 0x01, 0x07, 0x00,
    0x21, 0x01, 0x02, 0x00, 0x20, 0x01, 0x02, 0x00, 0x22, 0x01, 0x01, 0x00,
    0x20, 0x40, 0x00, 0x00, 0x30, 0x02, 0x00, 0x00, 0x21, 0x40, 0x00, 0x00,
    0x80, 0x00, 0x00, 0x00, 0x22, 0x40, 0x00, 0x00, 0xe0, 0x01, 0x00, 0x00,
    0x23, 0x40, 0x00, 0x00, 0x50, 0x00, 0x00, 0x00, 0x17, 0x01, 0x07, 0x00,
    0x03, 0x00, 0x00, 0x00, 0x00, 0x40, 0x00, 0x00, 0x84, 0xfa, 0x01, 0x00,
    0x04, 0x01, 0x03, 0x00, 0x05, 0x40, 0x00, 0x00, 0xcc, 0x01, 0x00, 0x00,
    0x04, 0x40, 0x00, 0x00, 0x04, 0x00, 0x00, 0x00, 0x06, 0x40, 0x00, 0x00,
    0x01, 0x00, 0x00, 0x00, 0x09, 0x01, 0x00, 0x00, 0x05, 0x01, 0x01, 0x00,
    0x10, 0x40, 0x00, 0x00, 0x70, 0x27, 0x02, 0x00, 0x11, 0x01, 0x72, 0x00,
    0x1a, 0x01, 0x72, 0x00, 0x15, 0x40, 0x00, 0x00, 0x30, 0x07, 0x00, 0x00,
    0x16, 0x40, 0x00, 0x00, 0x30, 0x07, 0x00, 0x00, 0x22, 0x01, 0x06, 0x00,
    0x20, 0x40, 0x00, 0x00, 0x50, 0x00, 0x00, 0x00, 0x21, 0x40, 0x00, 0x00,
    0x90, 0x01, 0x00, 0x00, 0x22, 0x40, 0x00, 0x00, 0x00, 0x00, 0x00, 0x00,
    0x15, 0x01, 0x3f, 0x00, 0x02, 0x00, 0x00, 0x00, 0x00, 0x40, 0x00, 0x00,
    0x1c, 0xfe, 0x01, 0x00, 0x10, 0x40, 0x00, 0x00, 0xa0, 0x2e, 0x02, 0x00,
    0x02, 0x00, 0x00, 0x00, 0x00, 0x40, 0x00, 0x00, 0xb4, 0x01, 0x02, 0x00,
    0x10, 0x40, 0x00, 0x00, 0xd0, 0x35, 0x02, 0x00, 0x02, 0x00, 0x00, 0x00,
    0x00, 0x40, 0x00, 0x00, 0x4c, 0x05, 0x02, 0x00, 0x10, 0x40, 0x00, 0x00,
    0x00, 0x3d, 0x02, 0x00, 0x02, 0x00, 0x00, 0x00, 0x00, 0x40, 0x00, 0x00,
    0x30, 0x44, 0x02, 0x00, 0x02, 0x40, 0x00, 0x00, 0x70, 0x27, 0x02, 0x00,
    0x0b, 0x01, 0x01, 0x00, 0x0c, 0x01, 0x01, 0x00, 0x04, 0x01, 0x07, 0x00,
    0x05, 0x40, 0x00, 0x00, 0x30, 0x07, 0x00, 0x00, 0x04, 0x40, 0x00, 0x00,
    0x10, 0x00, 0x00, 0x00, 0x06, 0x40, 0x00, 0x00, 0x30, 0x07, 0x00, 0x00,
    0x09, 0x01, 0x80, 0xff, 0x05, 0x01, 0x41, 0x00, 0x10, 0x40, 0x00, 0x00,
    0xf0, 0x6b, 0x02, 0x00, 0x11, 0x01, 0x39, 0x00, 0x1a, 0x01, 0x39, 0x00,
    0x15, 0x40, 0x00, 0x00, 0xa0, 0x03, 0x00, 0x00, 0x16, 0x40, 0x00, 0x00,
    0xa0, 0x03, 0x00, 0x00, 0x22, 0x01, 0x01, 0x00, 0x20, 0x40, 0x00, 0x00,
    0x30, 0x02, 0x00, 0x00, 0x21, 0x40, 0x00, 0x00, 0x80, 0x00, 0x00, 0x00,
    0x22, 0x40, 0x00, 0x00, 0xe0, 0x01, 0x00, 0x00, 0x15, 0x01, 0x39, 0x00,
    0x2f, 0x01, 0x01, 0x00, 0x03, 0x00, 0x00, 0x00, 0x00, 0x40, 0x00, 0x00,
    0x60, 0x4b, 0x02, 0x00, 0x0b, 0x01, 0x00, 0x00, 0x0c, 0x01, 0x00, 0x00,
    0x10, 0x40, 0x00, 0x00, 0x90, 0x6f, 0x02, 0x00, 0x2f, 0x01, 0x03, 0x00,
    0x03, 0x00, 0x00, 0x00, 0x00, 0x40, 0x00, 0x00, 0x70, 0x27, 0x02, 0x00,
    0x02, 0x40, 0x00, 0x00, 0x00, 0x00, 0x00, 0x00, 0x0b, 0x01, 0x02, 0x00,
    0x0c, 0x01, 0x02, 0x00, 0x10, 0x40, 0x00, 0x00, 0x30, 0x73, 0x02, 0x00,
    0x03, 0x00, 0x00, 0x00, 0x00, 0x40, 0x00, 0x00, 0x50, 0x68, 0x02, 0x00,
    0x0b, 0x01, 0x01, 0x00, 0x0c, 0x01, 0x01, 0x00, 0x0a, 0x01, 0x39, 0x00,
    0x05, 0x40, 0x00, 0x00, 0xa0, 0x03, 0x00, 0x00, 0x06, 0x40, 0x00, 0x00,
    0xa0, 0x03, 0x00, 0x00, 0x01, 0x01, 0x00, 0x00, 0x02, 0x01, 0x00, 0x00,
    0x10, 0x40, 0x00, 0x00, 0x10, 0x61, 0x02, 0x00, 0x12, 0x01, 0x01, 0x00,
    0x1b, 0x01, 0x01, 0x00, 0x1c, 0x01, 0x01, 0x00, 0x13, 0x01, 0x0b, 0x00,
    0x21, 0x01, 0x00, 0x00, 0x20, 0x01, 0x00, 0x00, 0x22, 0x01, 0x04, 0x00,
    0x20, 0x40, 0x00, 0x00, 0x30, 0x03, 0x00, 0x00, 0x21, 0x40, 0x00, 0x00,
    0xc0, 0x00, 0x00, 0x00, 0x22, 0x40, 0x00, 0x00, 0xb0, 0x02, 0x00, 0x00,
    0x23, 0x40, 0x00, 0x00, 0x80, 0x00, 0x00, 0x00, 0x17, 0x01, 0x0f, 0x00,
    0x2f, 0x01, 0x01, 0x00, 0x02, 0x00, 0x00, 0x00, 0x00, 0x40, 0x00, 0x00,
    0x30, 0x56, 0x02, 0x00, 0x0b, 0x01, 0x02, 0x00, 0x0c, 0x01, 0x02, 0x00,
    0x04, 0x01, 0x0b, 0x00, 0x10, 0x40, 0x00, 0x00, 0xe0, 0x9b, 0x00, 0x00,
    0x12, 0x01, 0x00, 0x00, 0x1b, 0x01, 0x00, 0x00, 0x1c, 0x01, 0x00, 0x00,
    0x21, 0x01, 0x02, 0x00, 0x22, 0x01, 0x02, 0x00, 0x20, 0x40, 0x00, 0x00,
    0x70, 0x04, 0x00, 0x00, 0x21, 0x40, 0x00, 0x00, 0x50, 0x00, 0x00, 0x00,
    0x22, 0x40, 0x00, 0x00, 0xf0, 0x03, 0x00, 0x00, 0x0d, 0x01, 0x12, 0x00,
    0x03, 0x00, 0x00, 0x00, 0x00, 0x40, 0x00, 0x00, 0x70, 0x5d, 0x02, 0x00,
    0x10, 0x40, 0x00, 0x00, 0x80, 0x9f, 0x00, 0x00, 0x2f, 0x01, 0x03, 0x00,
    0x03, 0x00, 0x00, 0x00, 0x00, 0x40, 0x00, 0x00, 0x90, 0x6f, 0x02, 0x00,
    0x0b, 0x01, 0x01, 0x00, 0x0c, 0x01, 0x01, 0x00, 0x04, 0x01, 0x07, 0x00,
    0x10, 0x40, 0x00, 0x00, 0x90, 0x52, 0x02, 0x00, 0x12, 0x01, 0x01, 0x00,
    0x1b, 0x01, 0x01, 0x00, 0x1c, 0x01, 0x01, 0x00, 0x21, 0x01, 0x00, 0x00,
    0x22, 0x01, 0x04, 0x00, 0x20, 0x40, 0x00, 0x00, 0x30, 0x03, 0x00, 0x00,
    0x21, 0x40, 0x00, 0x00, 0xc0, 0x00, 0x00, 0x00, 0x22, 0x40, 0x00, 0x00,
    0xb0, 0x02, 0x00, 0x00, 0x0d, 0x01, 0x0a, 0x00, 0x02, 0x00, 0x00, 0x00,
    0x00, 0x40, 0x00, 0x00, 0xa0, 0x2e, 0x02, 0x00, 0x0b, 0x01, 0x02, 0x00,
    0x0c, 0x01, 0x02, 0x00, 0x0a, 0x01, 0x72, 0x00, 0x05, 0x40, 0x00, 0x00,
    0x30, 0x07, 0x00, 0x00, 0x06, 0x40, 0x00, 0x00, 0x30, 0x07, 0x00, 0x00,
    0x01, 0x01, 0x01, 0x00, 0x02, 0x01, 0x01, 0x00, 0x10, 0x40, 0x00, 0x00,
    0x50, 0x68, 0x02, 0x00, 0x12, 0x01, 0x00, 0x00, 0x1b, 0x01, 0x00, 0x00,
    0x1c, 0x01, 0x00, 0x00, 0x13, 0x01, 0x07, 0x00, 0x21, 0x01, 0x02, 0x00,
    0x20, 0x01, 0x02, 0x00, 0x22, 0x01, 0x01, 0x00, 0x20, 0x40, 0x00, 0x00,
    0x30, 0x02, 0x00, 0x00, 0x21, 0x40, 0x00, 0x00, 0x80, 0x00, 0x00, 0x00,
    0x22, 0x40, 0x00, 0x00, 0xe0, 0x01, 0x00, 0x00, 0x23, 0x40, 0x00, 0x00,
    0x50, 0x00, 0x00, 0x00, 0x17, 0x01, 0x07, 0x00, 0x03, 0x00, 0x00, 0x00,
    0x00, 0x40, 0x00, 0x00, 0xe4, 0x08, 0x02, 0x00, 0x04, 0x01, 0x03, 0x00,
    0x05, 0x40, 0x00, 0x00, 0xcc, 0x01, 0x00, 0x00, 0x04, 0x40, 0x00, 0x00,
    0x04, 0x00, 0x00, 0x00, 0x06, 0x40, 0x00, 0x00, 0x01, 0x00, 0x00, 0x00,
    0x09, 0x01, 0x00, 0x00, 0x05, 0x01, 0x01, 0x00, 0x10, 0x40, 0x00, 0x00,
    0x30, 0x44, 0x02, 0x00, 0x11, 0x01, 0x72, 0x00, 0x1a, 0x01, 0x72, 0x00,
    0x15, 0x40, 0x00, 0x00, 0x30, 0x07, 0x00, 0x00, 0x16, 0x40, 0x00, 0x00,
    0x30, 0x07, 0x00, 0x00, 0x22, 0x01, 0x06, 0x00, 0x20, 0x40, 0x00, 0x00,
    0x50, 0x00, 0x00, 0x00, 0x21, 0x40, 0x00, 0x00, 0x90, 0x01, 0x00, 0x00,
    0x22, 0x40, 0x00, 0x00, 0x00, 0x00, 0x00, 0x00, 0x15, 0x01, 0x3f, 0x00,
    0x02, 0x00, 0x00, 0x00, 0x00, 0x40, 0x00, 0x00, 0x7c, 0x0c, 0x02, 0x00,
    0x10, 0x40, 0x00, 0x00, 0x60, 0x4b, 0x02, 0x00, 0x02, 0x00, 0x00, 0x00,
    0x00, 0x40, 0x00, 0x00, 0x14, 0x10, 0x02, 0x00, 0x10, 0x40, 0x00, 0x00,
    0x70, 0x27, 0x02, 0x00, 0x02, 0x00, 0x00, 0x00, 0x00, 0x40, 0x00, 0x00,
    0xac, 0x13, 0x02, 0x00, 0x10, 0x40, 0x00, 0x00, 0xa0, 0x2e, 0x02, 0x00,
    0x02, 0x00, 0x00, 0x00, 0x00, 0x40, 0x00, 0x00, 0xd0, 0x35, 0x02, 0x00,
    0x04, 0x01, 0x07, 0x00, 0x05, 0x40, 0x00, 0x00, 0x30, 0x07, 0x00, 0x00,
    0x04, 0x40, 0x00, 0x00, 0x10, 0x00, 0x00, 0x00, 0x06, 0x40, 0x00, 0x00,
    0x30, 0x07, 0x00, 0x00, 0x09, 0x01, 0x80, 0xff, 0x05, 0x01, 0x41, 0x00,
    0x10, 0x40, 0x00, 0x00, 0xf0, 0x6b, 0x02, 0x00, 0x11, 0x01, 0x39, 0x00,
    0x1a, 0x01, 0x39, 0x00, 0x15, 0x40, 0x00, 0x00, 0xa0, 0x03, 0x00, 0x00,
    0x16, 0x40, 0x00, 0x00, 0xa0, 0x03, 0x00, 0x00, 0x22, 0x01, 0x01, 0x00,
    0x20, 0x40, 0x00, 0x00, 0x30, 0x02, 0x00, 0x00, 0x21, 0x40, 0x00, 0x00,
    0x80, 0x00, 0x00, 0x00, 0x22, 0x40, 0x00, 0x00, 0xe0, 0x01, 0x00, 0x00,
    0x15, 0x01, 0x39, 0x00, 0x2f, 0x01, 0x01, 0x00, 0x03, 0x00, 0x00, 0x00,
    0x00, 0x40, 0x00, 0x00, 0x00, 0x3d, 0x02, 0x00, 0x10, 0x40, 0x00, 0x00,
    0x90, 0x6f, 0x02, 0x00, 0x2f, 0x01, 0x03, 0x00, 0x03, 0x00, 0x00, 0x00,
    0x00, 0x40, 0x00, 0x00, 0x30, 0x44, 0x02, 0x00, 0x02, 0x40, 0x00, 0x00,
    0x70, 0x27, 0x02, 0x00, 0x0b, 0x01, 0x01, 0x00, 0x0c, 0x01, 0x01, 0x00,
    0x10, 0x40, 0x00, 0x00, 0x30, 0x73, 0x02, 0x00, 0x03, 0x00, 0x00, 0x00,
    0x00, 0x40, 0x00, 0x00, 0x50, 0x68, 0x02, 0x00, 0x02, 0x40, 0x00, 0x00,
    0x00, 0x00, 0x00, 0x00, 0x0a, 0x01, 0x39, 0x00, 0x05, 0x40, 0x00, 0x00,
    0xa0, 0x03, 0x00, 0x00, 0x06, 0x40, 0x00, 0x00, 0xa0, 0x03, 0x00, 0x00,
    0x01, 0x01, 0x00, 0x00, 0x02, 0x01, 0x00, 0x00, 0x10, 0x40, 0x00, 0x00,
    0xd0, 0x59, 0x02, 0x00, 0x12, 0x01, 0x01, 0x00, 0x1b, 0x01, 0x01, 0x00,
    0x1c, 0x01, 0x01, 0x00, 0x13, 0x01, 0x0b, 0x00, 0x21, 0x01, 0x00, 0x00,
    0x20, 0x01, 0x00, 0x00, 0x22, 0x01, 0x04, 0x00, 0x20, 0x40, 0x00, 0x00,
    0x30, 0x03, 0x00, 0x00, 0x21, 0x40, 0x00, 0x00, 0xc0, 0x00, 0x00, 0x00,
    0x22, 0x40, 0x00, 0x00, 0xb0, 0x02, 0x00, 0x00, 0x23, 0x40, 0x00, 0x00,
    0x80, 0x00, 0x00, 0x00, 0x17, 0x01, 0x0f, 0x00, 0x2f, 0x01, 0x01, 0x00,
    0x02, 0x00, 0x00, 0x00, 0x00, 0x40, 0x00, 0x00, 0xb0, 0x64, 0x02, 0x00,
    0x02, 0x40, 0x00, 0x00, 0x90, 0x52, 0x02, 0x00, 0x0b, 0x01, 0x00, 0x00,
    0x0c, 0x01, 0x00, 0x00, 0x04, 0x01, 0x0b, 0x00, 0x10, 0x40, 0x00, 0x00,
    0x20, 0xa3, 0x00, 0x00, 0x12, 0x01, 0x00, 0x00, 0x1b, 0x01, 0x00, 0x00,
    0x1c, 0x01, 0x00, 0x00, 0x21, 0x01, 0x02, 0x00, 0x22, 0x01, 0x02, 0x00,
    0x20, 0x40, 0x00, 0x00, 0x70, 0x04, 0x00, 0x00, 0x21, 0x40, 0x00, 0x00,
    0x50, 0x00, 0x00, 0x00, 0x22, 0x40, 0x00, 0x00, 0xf0, 0x03, 0x00, 0x00,
    0x0d, 0x01, 0x12, 0x00, 0x03, 0x00, 0x00, 0x00, 0x00, 0x40, 0x00, 0x00,
    0x30, 0x56, 0x02, 0x00, 0x02, 0x40, 0x00, 0x00, 0x00, 0x00, 0x00, 0x00,
    0x0b, 0x01, 0x02, 0x00, 0x0c, 0x01, 0x02, 0x00, 0x10, 0x40, 0x00, 0x00,
    0xc0, 0xa6, 0x00, 0x00, 0x2f, 0x01, 0x03, 0x00, 0x03, 0x00, 0x00, 0x00,
    0x00, 0x40, 0x00, 0x00, 0x90, 0x6f, 0x02, 0x00, 0x0b, 0x01, 0x01, 0x00,
    0x0c, 0x01, 0x01, 0x00, 0x04, 0x01, 0x07, 0x00, 0x10, 0x40, 0x00, 0x00,
    0x10, 0x61, 0x02, 0x00, 0x12, 0x01, 0x01, 0x00, 0x1b, 0x01, 0x01, 0x00,
    0x1c, 0x01, 0x01, 0x00, 0x21, 0x01, 0x00, 0x00, 0x22, 0x01, 0x04, 0x00,
    0x20, 0x40, 0x00, 0x00, 0x30, 0x03, 0x00, 0x00, 0x21, 0x40, 0x00, 0x00,
    0xc0, 0x00, 0x00, 0x00, 0x22, 0x40, 0x00, 0x00, 0xb0, 0x02, 0x00, 0x00,
    0x0d, 0x01, 0x0a, 0x00, 0x02, 0x00, 0x00, 0x00, 0x00, 0x40, 0x00, 0x00,
    0x60, 0x4b, 0x02, 0x00, 0x02, 0x40, 0x00, 0x00, 0x70, 0x27, 0x02, 0x00,
    0x0b, 0x01, 0x00, 0x00, 0x0c, 0x01, 0x00, 0x00, 0x0a, 0x01, 0x72, 0x00,
    0x05, 0x40, 0x00, 0x00, 0x30, 0x07, 0x00, 0x00, 0x06, 0x40, 0x00, 0x00,
    0x30, 0x07, 0x00, 0x00, 0x01, 0x01, 0x01, 0x00, 0x02, 0x01, 0x01, 0x00,
    0x10, 0x40, 0x00, 0x00, 0x50, 0x68, 0x02, 0x00, 0x12, 0x01, 0x00, 0x00,
    0x1b, 0x01, 0x00, 0x00, 0x1c, 0x01, 0x00, 0x00, 0x13, 0x01, 0x07, 0x00,
    0x21, 0x01, 0x02, 0x00, 0x20, 0x01, 0x02, 0x00, 0x22, 0x01, 0x01, 0x00,
    0x20, 0x40, 0x00, 0x00, 0x30, 0x02, 0x00, 0x00, 0x21, 0x40, 0x00, 0x00,
    0x80, 0x00, 0x00, 0x00, 0x22, 0x40, 0x00, 0x00, 0xe0, 0x01, 0x00, 0x00,
    0x23, 0x40, 0x00, 0x00, 0x50, 0x00, 0x00, 0x00, 0x17, 0x01, 0x07, 0x00,
    0x03, 0x00, 0x00, 0x00, 0x00, 0x40, 0x00, 0x00, 0x44, 0x17, 0x02, 0x00,
    0x02, 0x40, 0x00, 0x00, 0x00, 0x00, 0x00, 0x00, 0x0b, 0x01, 0x02, 0x00,
    0x0c, 0x01, 0x02, 0x00, 0x04, 0x01, 0x03, 0x00, 0x05, 0x40, 0x00, 0x00,
    0xcc, 0x01, 0x00, 0x00, 0x04, 0x40, 0x00, 0x00, 0x04, 0x00, 0x00, 0x00,
    0x06, 0x40, 0x00, 0x00, 0x01, 0x00, 0x00, 0x00, 0x09, 0x01, 0x00, 0x00,
    0x05, 0x01, 0x01, 0x00, 0x10, 0x40, 0x00, 0x00, 0xd0, 0x35, 0x02, 0x00,
    0x11, 0x01, 0x72, 0x00, 0x1a, 0x01, 0x72, 0x00, 0x15, 0x40, 0x00, 0x00,
    0x30, 0x07, 0x00, 0x00, 0x16, 0x40, 0x00, 0x00, 0x30, 0x07, 0x00, 0x00,
    0x22, 0x01, 0x06, 0x00, 0x20, 0x40, 0x00, 0x00, 0x50, 0x00, 0x00, 0x00,
    0x21, 0x40, 0x00, 0x00, 0x90, 0x01, 0x00, 0x00, 0x22, 0x40, 0x00, 0x00,
    0x00, 0x00, 0x00, 0x00, 0x15, 0x01, 0x3f, 0x00, 0x02, 0x00, 0x00, 0x00,
    0x00, 0x40, 0x00, 0x00, 0xdc, 0x1a, 0x02, 0x00, 0x10, 0x40, 0x00, 0x00,
    0x00, 0x3d, 0x02, 0x00, 0x02, 0x00, 0x00, 0x00, 0x00, 0x40, 0x00, 0x00,
    0x74, 0x1e, 0x02, 0x00, 0x10, 0x40, 0x00, 0x00, 0x30, 0x44, 0x02, 0x00,
    0x02, 0x00, 0x00, 0x00, 0x00, 0x40, 0x00, 0x00, 0x0c, 0x22, 0x02, 0x00,
    0x10, 0x40, 0x00, 0x00, 0x60, 0x4b, 0x02, 0x00, 0x02, 0x00, 0x00, 0x00,
    0x00, 0x40, 0x00, 0x00, 0x70, 0x27, 0x02, 0x00, 0x04, 0x01, 0x07, 0x00,
    0x05, 0x40, 0x00, 0x00, 0x30, 0x07, 0x00, 0x00, 0x04, 0x40, 0x00, 0x00,
    0x10, 0x00, 0x00, 0x00, 0x06, 0x40, 0x00, 0x00, 0x30, 0x07, 0x00, 0x00,
    0x09, 0x01, 0x80, 0xff, 0x05, 0x01, 0x41, 0x00, 0x10, 0x40, 0x00, 0x00,
    0xf0, 0x6b, 0x02, 0x00, 0x11, 0x01, 0x39, 0x00, 0x1a, 0x01, 0x39, 0x00,
    0x15, 0x40, 0x00, 0x00, 0xa0, 0x03, 0x00, 0x00, 0x16, 0x40, 0x00, 0x00,
    0xa0, 0x03, 0x00, 0x00, 0x22, 0x01, 0x01, 0x00, 0x20, 0x40, 0x00, 0x00,
    0x30, 0x02, 0x00, 0x00, 0x21, 0x40, 0x00, 0x00, 0x80, 0x00, 0x00, 0x00,
    0x22, 0x40, 0x00, 0x00, 0xe0, 0x01, 0x00, 0x00, 0x15, 0x01, 0x39, 0x00,
    0x2f, 0x01, 0x01, 0x00, 0x03, 0x00, 0x00, 0x00, 0x00, 0x40, 0x00, 0x00,
    0xa0, 0x2e, 0x02, 0x00, 0x10, 0x40, 0x00, 0x00, 0x90, 0x6f, 0x02, 0x00,
    0x2f, 0x01, 0x03, 0x00, 0x03, 0x00, 0x00, 0x00, 0x00, 0x40, 0x00, 0x00,
    0xd0, 0x35, 0x02, 0x00, 0x10, 0x40, 0x00, 0x00, 0x30, 0x73, 0x02, 0x00,
    0x03, 0x00, 0x00, 0x00, 0x00, 0x40, 0x00, 0x00, 0x50, 0x68, 0x02, 0x00,
    0x0b, 0x01, 0x01, 0x00, 0x0c, 0x01, 0x01, 0x00, 0x0a, 0x01, 0x39, 0x00,
    0x05, 0x40, 0x00, 0x00, 0xa0, 0x03, 0x00, 0x00, 0x06, 0x40, 0x00, 0x00,
    0xa0, 0x03, 0x00, 0x00, 0x01, 0x01, 0x00, 0x00, 0x02, 0x01, 0x00, 0x00,
    0x10, 0x40, 0x00, 0x00, 0x90, 0x52, 0x02, 0x00, 0x12, 0x01, 0x01, 0x00,
    0x1b, 0x01, 0x01, 0x00, 0x1c, 0x01, 0x01, 0x00, 0x13, 0x01, 0x0b, 0x00,
    0x21, 0x01, 0x00, 0x00, 0x20, 0x01, 0x00, 0x00, 0x22, 0x01, 0x04, 0x00,
    0x20, 0x40, 0x00, 0x00, 0x30, 0x03, 0x00, 0x00, 0x21, 0x40, 0x00, 0x00,
    0xc0, 0x00, 0x00, 0x00, 0x22, 0x40, 0x00, 0x00, 0xb0, 0x02, 0x00, 0x00,
    0x23, 0x40, 0x00, 0x00, 0x80, 0x00, 0x00, 0x00, 0x17, 0x01, 0x0f, 0x00,
    0x2f, 0x01, 0x01, 0x00, 0x02, 0x00, 0x00, 0x00, 0x00, 0x40, 0x00, 0x00,
    0x70, 0x5d, 0x02, 0x00, 0x0b, 0x01, 0x02, 0x00, 0x0c, 0x01, 0x02, 0x00,
    0x04, 0x01, 0x0b, 0x00, 0x10, 0x40, 0x00, 0x00, 0x60, 0xaa, 0x00, 0x00,
    0x12, 0x01, 0x00, 0x00, 0x1b, 0x01, 0x00, 0x00, 0x1c, 0x01, 0x00, 0x00,
    0x21, 0x01, 0x02, 0x00, 0x22, 0x01, 0x02, 0x00, 0x20, 0x40, 0x00, 0x00,
    0x70, 0x04, 0x00, 0x00, 0x21, 0x40, 0x00, 0x00, 0x50, 0x00, 0x00, 0x00,
    0x22, 0x40, 0x00, 0x00, 0xf0, 0x03, 0x00, 0x00, 0x0d, 0x01, 0x12, 0x00,
    0x03, 0x00, 0x00, 0x00, 0x00, 0x40, 0x00, 0x00, 0xb0, 0x64, 0x02, 0x00,
    0x02, 0x40, 0x00, 0x00, 0x90, 0x52, 0x02, 0x00, 0x0b, 0x01, 0x00, 0x00,
    0x0c, 0x01, 0x00, 0x00, 0x10, 0x40, 0x00, 0x00, 0x00, 0xae, 0x00, 0x00,
    0x2f, 0x01, 0x03, 0x00, 0x03, 0x00, 0x00, 0x00, 0x00, 0x40, 0x00, 0x00,
    0x90, 0x6f, 0x02, 0x00, 0x02, 0x40, 0x00, 0x00, 0x00, 0x00, 0x00, 0x00,
    0x0b, 0x01, 0x01, 0x00, 0x0c, 0x01, 0x01, 0x00, 0x04, 0x01, 0x07, 0x00,
    0x10, 0x40, 0x00, 0x00, 0xd0, 0x59, 0x02, 0x00, 0x12, 0x01, 0x01, 0x00,
    0x1b, 0x01, 0x01, 0x00, 0x1c, 0x01, 0x01, 0x00, 0x21, 0x01, 0x00, 0x00,
    0x22, 0x01, 0x04, 0x00, 0x20, 0x40, 0x00, 0x00, 0x30, 0x03, 0x00, 0x00,
    0x21, 0x40, 0x00, 0x00, 0xc0, 0x00, 0x00, 0x00, 0x22, 0x40, 0x00, 0x00,
    0xb0, 0x02, 0x00, 0x00, 0x0d, 0x01, 0x0a, 0x00, 0x02, 0x00, 0x00, 0x00,
    0x00, 0x40, 0x00, 0x00, 0x00, 0x3d, 0x02, 0x00, 0x0b, 0x01, 0x02, 0x00,
    0x0c, 0x01, 0x02, 0x00, 0x0a, 0x01, 0x72, 0x00, 0x05, 0x40, 0x00, 0x00,
    0x30, 0x07, 0x00, 0x00, 0x06, 0x40, 0x00, 0x00, 0x30, 0x07, 0x00, 0x00,
    0x01, 0x01, 0x01, 0x00, 0x02, 0x01, 0x01, 0x00, 0x10, 0x40, 0x00, 0x00,
    0x50, 0x68, 0x02, 0x00, 0x12, 0x01, 0x00, 0x00, 0x1b, 0x01, 0x00, 0x00,
    0x1c, 0x01, 0x00, 0x00, 0x13, 0x01, 0x07, 0x00, 0x21, 0x01, 0x02, 0x00,
    0x20, 0x01, 0x02, 0x00, 0x22, 0x01, 0x01, 0x00, 0x20, 0x40, 0x00, 0x00,
    0x30, 0x02, 0x00, 0x00, 0x21, 0x40, 0x00, 0x00, 0x80, 0x00, 0x00, 0x00,
    0x22, 0x40, 0x00, 0x00, 0xe0, 0x01, 0x00, 0x00, 0x23, 0x40, 0x00, 0x00,
    0x50, 0x00, 0x00, 0x00, 0x17, 0x01, 0x07, 0x00, 0x03, 0x00, 0x00, 0x00,
    0x00, 0x40, 0x00, 0x00, 0x30, 0x44, 0x02, 0x00, 0x0b, 0x01, 0x01, 0x00,
    0x0c, 0x01, 0x01, 0x00, 0x03, 0x01, 0x01, 0x00, 0x10, 0x40, 0x00, 0x00,
    0xf0, 0x6b, 0x02, 0x00, 0x03, 0x00, 0x00, 0x00, 0x00, 0x40, 0x00, 0x00,
    0x50, 0x68, 0x02, 0x00, 0x0a, 0x01, 0x39, 0x00, 0x05, 0x40, 0x00, 0x00,
    0xa0, 0x03, 0x00, 0x00, 0x06, 0x40, 0x00, 0x00, 0xa0, 0x03, 0x00, 0x00,
    0x01, 0x01, 0x00, 0x00, 0x03, 0x01, 0x00, 0x00, 0x02, 0x01, 0x00, 0x00,
    0x10, 0x40, 0x00, 0x00, 0x10, 0x61, 0x02, 0x00, 0x12, 0x01, 0x01, 0x00,
    0x1b, 0x01, 0x01, 0x00, 0x1c, 0x01, 0x01, 0x00, 0x13, 0x01, 0x0b, 0x00,
    0x21, 0x01, 0x00, 0x00, 0x20, 0x01, 0x00, 0x00, 0x22, 0x01, 0x04, 0x00,
    0x20, 0x40, 0x00, 0x00, 0x30, 0x03, 0x00, 0x00, 0x21, 0x40, 0x00, 0x00,
    0xc0, 0x00, 0x00, 0x00, 0x22, 0x40, 0x00, 0x00, 0xb0, 0x02, 0x00, 0x00,
    0x23, 0x40, 0x00, 0x00, 0x80, 0x00, 0x00, 0x00, 0x17, 0x01, 0x0f, 0x00,
    0x2f, 0x01, 0x00, 0x00, 0x02, 0x00, 0x00, 0x00, 0x00, 0x40, 0x00, 0x00,
    0x30, 0x56, 0x02, 0x00, 0x0b, 0x01, 0x02, 0x00, 0x0c, 0x01, 0x02, 0x00,
    0x04, 0x01, 0x0b, 0x00, 0x10, 0x40, 0x00, 0x00, 0xa0, 0xb1, 0x00, 0x00,
    0x12, 0x01, 0x00, 0x00, 0x1b, 0x01, 0x00, 0x00, 0x1c, 0x01, 0x00, 0x00,
    0x21, 0x01, 0x02, 0x00, 0x22, 0x01, 0x02, 0x00, 0x20, 0x40, 0x00, 0x00,
    0x70, 0x04, 0x00, 0x00, 0x21, 0x40, 0x00, 0x00, 0x50, 0x00, 0x00, 0x00,
    0x22, 0x40, 0x00, 0x00, 0xf0, 0x03, 0x00, 0x00, 0x0d, 0x01, 0x12, 0x00,
    0x2f, 0x01, 0x01, 0x00, 0x03, 0x00, 0x00, 0x00, 0x00, 0x40, 0x00, 0x00,
    0x70, 0x5d, 0x02, 0x00, 0x10, 0x40, 0x00, 0x00, 0x40, 0xb5, 0x00, 0x00,
    0x2f, 0x01, 0x03, 0x00, 0x03, 0x00, 0x00, 0x00, 0x30, 0x01, 0x00, 0x00,
    0x30, 0x40, 0x00, 0x00, 0xc0, 0x04, 0x00, 0x00, 0x31, 0x01, 0x01, 0x00,
    0x31, 0x40, 0x00, 0x00, 0xc0, 0x71, 0x01, 0x00, 0x32, 0x40, 0x00, 0x00,
    0xb0, 0x01, 0x00, 0x00, 0x10, 0x00, 0x00, 0x00, 0x00, 0x40, 0x00, 0x00,
    0x00, 0x00, 0x00, 0x00, 0x0b, 0x01, 0x32, 0x00, 0x0c, 0x01, 0x32, 0x00,
    0x10, 0x40, 0x00, 0x00, 0xe0, 0xb8, 0x00, 0x00, 0x12, 0x01, 0x32, 0x00,
    0x1b, 0x01, 0x32, 0x00, 0x1c, 0x01, 0x32, 0x00, 0x13, 0x01, 0x0f, 0x00,
    0x21, 0x01, 0x00, 0x00, 0x22, 0x01, 0x00, 0x00, 0x28, 0x01, 0x01, 0x00,
    0x20, 0x40, 0x00, 0x00, 0x60, 0x72, 0x01, 0x00, 0x21, 0x40, 0x00, 0x00,
    0x10, 0x01, 0x00, 0x00, 0x29, 0x01, 0x01, 0x00, 0x22, 0x40, 0x00, 0x00,
    0xc0, 0x71, 0x01, 0x00, 0x23, 0x40, 0x00, 0x00, 0xa0, 0x00, 0x00, 0x00,
    0x16, 0x01, 0x03, 0x00, 0x0d, 0x01, 0x0a, 0x00, 0x2d, 0x01, 0x0e, 0x00,
    0x2f, 0x01, 0x01, 0x00, 0x11, 0x00, 0x00, 0x00, 0x02, 0x00, 0x00, 0x00,
    0x30, 0x40, 0x00, 0x00, 0x70, 0x06, 0x00, 0x00, 0x31, 0x40, 0x00, 0x00,
    0x90, 0x2c, 0x02, 0x00, 0x32, 0x40, 0x00, 0x00, 0x20, 0x02, 0x00, 0x00,
    0x10, 0x00, 0x00, 0x00, 0x00, 0x40, 0x00, 0x00, 0xe0, 0xb8, 0x00, 0x00,
    0x04, 0x01, 0x0f, 0x00, 0x00, 0x01, 0x03, 0x00, 0x01, 0x01, 0x01, 0x00,
    0x03, 0x01, 0x03, 0x00, 0x02, 0x01, 0x01, 0x00, 0x10, 0x40, 0x00, 0x00,
    0xc0, 0x71, 0x01, 0x00, 0x21, 0x01, 0x06, 0x00, 0x20, 0x01, 0x02, 0x00,
    0x20, 0x40, 0x00, 0x00, 0x30, 0x2d, 0x02, 0x00, 0x21, 0x40, 0x00, 0x00,
    0x80, 0x01, 0x00, 0x00, 0x22, 0x40, 0x00, 0x00, 0x90, 0x2c, 0x02, 0x00,
    0x16, 0x01, 0x19, 0x00, 0x15, 0x01, 0x05, 0x00, 0x2f, 0x01, 0x03, 0x00,
    0x11, 0x00, 0x00, 0x00, 0x03, 0x00, 0x00, 0x00, 0x30, 0x40, 0x00, 0x00,
    0x90, 0x08, 0x00, 0x00, 0x31, 0x40, 0x00, 0x00, 0xa0, 0x2a, 0x02, 0x00,
    0x32, 0x40, 0x00, 0x00, 0xf0, 0x01, 0x00, 0x00, 0x10, 0x00, 0x00, 0x00,
    0x00, 0x40, 0x00, 0x00, 0xc0, 0x71, 0x01, 0x00, 0x00, 0x01, 0x00, 0x00,
    0x01, 0x01, 0x00, 0x00, 0x03, 0x01, 0x00, 0x00, 0x02, 0x01, 0x00, 0x00,
    0x10, 0x40, 0x00, 0x00, 0x00, 0x00, 0x00, 0x00, 0x18, 0x01, 0xf8, 0xff,
    0x21, 0x01, 0x00, 0x00, 0x20, 0x01, 0x00, 0x00, 0x20, 0x40, 0x00, 0x00,
    0x40, 0x2b, 0x02, 0x00, 0x21, 0x40, 0x00, 0x00, 0x50, 0x01, 0x00, 0x00,
    0x22, 0x40, 0x00, 0x00, 0xa0, 0x2a, 0x02, 0x00, 0x16, 0x01, 0x03, 0x00,
    0x15, 0x01, 0x39, 0x00, 0x11, 0x00, 0x00, 0x00, 0x02, 0x00, 0x00, 0x00,
    0x25, 0x40, 0x0d, 0x00, 0xa7, 0x88, 0x76, 0x4d, 0x26, 0x40, 0x00, 0x00,
    0x00, 0x00, 0x00, 0x00, 0x24, 0x40, 0x30, 0x00, 0x6b, 0xf1, 0xc0, 0x69,
    0x00, 0x40, 0x00, 0x00, 0xe0, 0xb8, 0x00, 0x00, 0x05, 0x01, 0x41, 0x01,
    0x18, 0x01, 0x80, 0xff, 0x14, 0x01, 0x41, 0x01, 0x8f, 0x01, 0x01, 0x00,
    0x80, 0x40, 0x00, 0x00, 0x00, 0x00, 0x00, 0x00, 0x81, 0x40, 0x00, 0x00,
    0x00, 0x00, 0x00, 0x00, 0x82, 0x40, 0x00, 0x00, 0x00, 0x00, 0x00, 0x00,
    0x83, 0x40, 0x00, 0x00, 0x00, 0x00, 0x00, 0x00, 0x8b, 0x01, 0x32, 0x00,
    0x8c, 0x01, 0x32, 0x00, 0x8a, 0x01, 0x39, 0x00, 0x85, 0x40, 0x00, 0x00,
    0xa0, 0x03, 0x00, 0x00, 0x84, 0x40, 0x00, 0x00, 0x10, 0x00, 0x00, 0x00,
    0x86, 0x40, 0x00, 0x00, 0xa0, 0x03, 0x00, 0x00, 0x89, 0x01, 0xf8, 0xff,
    0x85, 0x01, 0x41, 0x00, 0x80, 0x01, 0x00, 0x00, 0x16, 0x01, 0x0f, 0x00,
    0x15, 0x01, 0x1f, 0x00, 0x0d, 0x01, 0x2e, 0x00, 0x2d, 0x01, 0x2e, 0x00,
    0x8d, 0x01, 0x12, 0x00, 0x06, 0x00, 0x01, 0x00, 0x30, 0x40, 0x00, 0x00,
    0x80, 0x0a, 0x00, 0x00, 0x31, 0x40, 0x00, 0x00, 0x90, 0x2c, 0x02, 0x00,
    0x32, 0x40, 0x00, 0x00, 0xb0, 0x01, 0x00, 0x00, 0x10, 0x00, 0x00, 0x00,
    0x00, 0x40, 0x00, 0x00, 0x00, 0x00, 0x00, 0x00, 0x05, 0x01, 0x41, 0x00,
    0x00, 0x01, 0x01, 0x00, 0x01, 0x01, 0x02, 0x00, 0x03, 0x01, 0x01, 0x00,
    0x02, 0x01, 0x02, 0x00, 0x10, 0x40, 0x00, 0x00, 0xc0, 0x71, 0x01, 0x00,
    0x14, 0x01, 0x41, 0x00, 0x21, 0x01, 0x02, 0x00, 0x20, 0x01, 0x04, 0x00,
    0x20, 0x40, 0x00, 0x00, 0x30, 0x2d, 0x02, 0x00, 0x21, 0x40, 0x00, 0x00,
    0x10, 0x01, 0x00, 0x00, 0x22, 0x40, 0x00, 0x00, 0x90, 0x2c, 0x02, 0x00,
    0x16, 0x01, 0x07, 0x00, 0x15, 0x01, 0x13, 0x00, 0x0d, 0x01, 0x0a, 0x00,
    0x2d, 0x01, 0x0e, 0x00, 0x11, 0x00, 0x00, 0x00, 0x03, 0x00, 0x00, 0x00,
    0x30, 0x40, 0x00, 0x00, 0x30, 0x0c, 0x00, 0x00, 0x31, 0x40, 0x00, 0x00,
    0xa0, 0x2a, 0x02, 0x00, 0x32, 0x40, 0x00, 0x00, 0xf0, 0x01, 0x00, 0x00,
    0x10, 0x00, 0x00, 0x00, 0x00, 0x40, 0x00, 0x00, 0xc0, 0x71, 0x01, 0x00,
    0x00, 0x01, 0x00, 0x00, 0x01, 0x01, 0x00, 0x00, 0x03, 0x01, 0x00, 0x00,
    0x02, 0x01, 0x00, 0x00, 0x10, 0x40, 0x00, 0x00, 0xe0, 0xb8, 0x00, 0x00,
    0x18, 0x01, 0xff, 0xff, 0x21, 0x01, 0x00, 0x00, 0x20, 0x01, 0x00, 0x00,
    0x20, 0x40, 0x00, 0x00, 0x40, 0x2b, 0x02, 0x00, 0x21, 0x40, 0x00, 0x00,
    0x50, 0x01, 0x00, 0x00, 0x22, 0x40, 0x00, 0x00, 0xa0, 0x2a, 0x02, 0x00,
    0x16, 0x01, 0x03, 0x00, 0x15, 0x01, 0x39, 0x00, 0x11, 0x00, 0x00, 0x00,
    0x02, 0x00, 0x00, 0x00, 0x25, 0x40, 0x0d, 0x00, 0xc1, 0xff, 0x1b, 0x43,
    0x24, 0x40, 0x30, 0x00, 0x88, 0xc3, 0x11, 0x7a, 0x00, 0x40, 0x00, 0x00,
    0x00, 0x00, 0x00, 0x00, 0x05, 0x01, 0x41, 0x01, 0x18, 0x01, 0x80, 0xff,
    0x14, 0x01, 0x41, 0x01, 0x80, 0x40, 0x00, 0x00, 0xe0, 0xb8, 0x00, 0x00,
    0x89, 0x01, 0xff, 0xff, 0x16, 0x01, 0x0f, 0x00, 0x15, 0x01, 0x1f, 0x00,
    0x0d, 0x01, 0x2e, 0x00, 0x2d, 0x01, 0x2e, 0x00, 0x06, 0x00, 0x01, 0x00,
    0x30, 0x40, 0x00, 0x00, 0x20, 0x0e, 0x00, 0x00, 0x31, 0x40, 0x00, 0x00,
    0x90, 0x2c, 0x02, 0x00, 0x32, 0x40, 0x00, 0x00, 0x30, 0x02, 0x00, 0x00,
    0x10, 0x00, 0x00, 0x00, 0x00, 0x40, 0x00, 0x00, 0xe0, 0xb8, 0x00, 0x00,
    0x05, 0x01, 0x41, 0x00, 0x00, 0x01, 0x03, 0x00, 0x01, 0x01, 0x01, 0x00,
    0x03, 0x01, 0x03, 0x00, 0x02, 0x01, 0x01, 0x00, 0x10, 0x40, 0x00, 0x00,
    0xc0, 0x71, 0x01, 0x00, 0x14, 0x01, 0x41, 0x00, 0x21, 0x01, 0x06, 0x00,
    0x20, 0x01, 0x02, 0x00, 0x20, 0x40, 0x00, 0x00, 0x30, 0x2d, 0x02, 0x00,
    0x21, 0x40, 0x00, 0x00, 0x90, 0x01, 0x00, 0x00, 0x22, 0x40, 0x00, 0x00,
    0x90, 0x2c, 0x02, 0x00, 0x16, 0x01, 0x19, 0x00, 0x15, 0x01, 0x05, 0x00,
    0x0d, 0x01, 0x0a, 0x00, 0x2d, 0x01, 0x0e, 0x00, 0x11, 0x00, 0x00, 0x00,
    0x03, 0x00, 0x00, 0x00, 0x30, 0x40, 0x00, 0x00, 0x50, 0x10, 0x00, 0x00,
    0x31, 0x40, 0x00, 0x00, 0xa0, 0x2a, 0x02, 0x00, 0x32, 0x40, 0x00, 0x00,
    0xf0, 0x01, 0x00, 0x00, 0x10, 0x00, 0x00, 0x00, 0x00, 0x40, 0x00, 0x00,
    0xc0, 0x71, 0x01, 0x00, 0x00, 0x01, 0x00, 0x00, 0x01, 0x01, 0x00, 0x00,
    0x03, 0x01, 0x00, 0x00, 0x02, 0x01, 0x00, 0x00, 0x10, 0x40, 0x00, 0x00,
    0x00, 0x00, 0x00, 0x00, 0x18, 0x01, 0xf6, 0xff, 0x21, 0x01, 0x00, 0x00,
    0x20, 0x01, 0x00, 0x00, 0x20, 0x40, 0x00, 0x00, 0x40, 0x2b, 0x02, 0x00,
    0x21, 0x40, 0x00, 0x00, 0x50, 0x01, 0x00, 0x00, 0x22, 0x40, 0x00, 0x00,
    0xa0, 0x2a, 0x02, 0x00, 0x16, 0x01, 0x03, 0x00, 0x15, 0x01, 0x39, 0x00,
    0x11, 0x00, 0x00, 0x00, 0x02, 0x00, 0x00, 0x00, 0x25, 0x40, 0x0d, 0x00,
    0x44, 0xb3, 0xc2, 0x50, 0x24, 0x40, 0x30, 0x00, 0xd7, 0x87, 0x6f, 0x65,
    0x00, 0x40, 0x00, 0x00, 0xe0, 0xb8, 0x00, 0x00, 0x05, 0x01, 0x41, 0x01,
    0x18, 0x01, 0x80, 0xff, 0x14, 0x01, 0x41, 0x01, 0x80, 0x40, 0x00, 0x00,
    0x00, 0x00, 0x00, 0x00, 0x89, 0x01, 0xf6, 0xff, 0x16, 0x01, 0x0f, 0x00,
    0x15, 0x01, 0x1f, 0x00, 0x0d, 0x01, 0x2e, 0x00, 0x2d, 0x01, 0x2e, 0x00,
    0x06, 0x00, 0x01, 0x00, 0x30, 0x40, 0x00, 0x00, 0x40, 0x12, 0x00, 0x00,
    0x31, 0x40, 0x00, 0x00, 0x90, 0x2c, 0x02, 0x00, 0x32, 0x40, 0x00, 0x00,
    0xb0, 0x01, 0x00, 0x00, 0x10, 0x00, 0x00, 0x00, 0x00, 0x40, 0x00, 0x00,
    0x00, 0x00, 0x00, 0x00, 0x05, 0x01, 0x41, 0x00, 0x00, 0x01, 0x01, 0x00,
    0x01, 0x01, 0x02, 0x00, 0x03, 0x01, 0x01, 0x00, 0x02, 0x01, 0x02, 0x00,
    0x10, 0x40, 0x00, 0x00, 0xc0, 0x71, 0x01, 0x00, 0x14, 0x01, 0x41, 0x00,
    0x21, 0x01, 0x02, 0x00, 0x20, 0x01, 0x04, 0x00, 0x20, 0x40, 0x00, 0x00,
    0x30, 0x2d, 0x02, 0x00, 0x21, 0x40, 0x00, 0x00, 0x10, 0x01, 0x00, 0x00,
    0x22, 0x40, 0x00, 0x00, 0x90, 0x2c, 0x02, 0x00, 0x16, 0x01, 0x07, 0x00,
    0x15, 0x01, 0x13, 0x00, 0x0d, 0x01, 0x0a, 0x00, 0x2d, 0x01, 0x0e, 0x00,
    0x11, 0x00, 0x00, 0x00, 0x03, 0x00, 0x00, 0x00, 0x30, 0x40, 0x00, 0x00,
    0xf0, 0x13, 0x00, 0x00, 0x31, 0x40, 0x00, 0x00, 0xa0, 0x2a, 0x02, 0x00,
    0x32, 0x40, 0x00, 0x00, 0xf0, 0x01, 0x00, 0x00, 0x10, 0x00, 0x00, 0x00,
    0x00, 0x40, 0x00, 0x00, 0xc0, 0x71, 0x01, 0x00, 0x00, 0x01, 0x00, 0x00,
    0x01, 0x01, 0x00, 0x00, 0x03, 0x01, 0x00, 0x00, 0x02, 0x01, 0x00, 0x00,
    0x10, 0x40, 0x00, 0x00, 0xe0, 0xb8, 0x00, 0x00, 0x18, 0x01, 0x04, 0x00,
    0x21, 0x01, 0x00, 0x00, 0x20, 0x01, 0x00, 0x00, 0x20, 0x40, 0x00, 0x00,
    0x40, 0x2b, 0x02, 0x00, 0x21, 0x40, 0x00, 0x00, 0x50, 0x01, 0x00, 0x00,
    0x22, 0x40, 0x00, 0x00, 0xa0, 0x2a, 0x02, 0x00, 0x16, 0x01, 0x03, 0x00,
    0x15, 0x01, 0x39, 0x00, 0x11, 0x00, 0x00, 0x00, 0x02, 0x00, 0x00, 0x00,
    0x25, 0x40, 0x0d, 0x00, 0xee, 0x4d, 0xe1, 0x4f, 0x24, 0x40, 0x30, 0x00,
    0xd4, 0xbf, 0x8d, 0x66, 0x00, 0x40, 0x00, 0x00, 0x00, 0x00, 0x00, 0x00,
    0x05, 0x01, 0x41, 0x01, 0x18, 0x01, 0x80, 0xff, 0x14, 0x01, 0x41, 0x01,
    0x80, 0x40, 0x00, 0x00, 0xe0, 0xb8, 0x00, 0x00, 0x89, 0x01, 0x04, 0x00,
    0x16, 0x01, 0x0f, 0x00, 0x15, 0x01, 0x1f, 0x00, 0x0d, 0x01, 0x2e, 0x00,
    0x2d, 0x01, 0x2e, 0x00, 0x06, 0x00, 0x01, 0x00, 0x30, 0x40, 0x00, 0x00,
    0xe0, 0x15, 0x00, 0x00, 0x31, 0x40, 0x00, 0x00, 0x90, 0x2c, 0x02, 0x00,
    0x32, 0x40, 0x00, 0x00, 0x20, 0x02, 0x00, 0x00, 0x10, 0x00, 0x00, 0x00,
    0x00, 0x40, 0x00, 0x00, 0xe0, 0xb8, 0x00, 0x00, 0x05, 0x01, 0x41, 0x00,
    0x00, 0x01, 0x03, 0x00, 0x01, 0x01, 0x01, 0x00, 0x03, 0x01, 0x03, 0x00,
    0x02, 0x01, 0x01, 0x00, 0x10, 0x40, 0x00, 0x00, 0xc0, 0x71, 0x01, 0x00,
    0x14, 0x01, 0x41, 0x00, 0x21, 0x01, 0x06, 0x00, 0x20, 0x01, 0x02, 0x00,
    0x20, 0x40, 0x00, 0x00, 0x30, 0x2d, 0x02, 0x00, 0x21, 0x40, 0x00, 0x00,
    0x80, 0x01, 0x00, 0x00, 0x22, 0x40, 0x00, 0x00, 0x90, 0x2c, 0x02, 0x00,
    0x16, 0x01, 0x19, 0x00, 0x15, 0x01, 0x05, 0x00, 0x0d, 0x01, 0x0a, 0x00,
    0x2d, 0x01, 0x0e, 0x00, 0x11, 0x00, 0x00, 0x00, 0x03, 0x00, 0x00, 0x00,
    0x30, 0x40, 0x00, 0x00, 0x00, 0x18, 0x00, 0x00, 0x31, 0x40, 0x00, 0x00,
    0xa0, 0x2a, 0x02, 0x00, 0x32, 0x40, 0x00, 0x00, 0xf0, 0x01, 0x00, 0x00,
    0x10, 0x00, 0x00, 0x00, 0x00, 0x40, 0x00, 0x00, 0xc0, 0x71, 0x01, 0x00,
    0x00, 0x01, 0x00, 0x00, 0x01, 0x01, 0x00, 0x00, 0x03, 0x01, 0x00, 0x00,
    0x02, 0x01, 0x00, 0x00, 0x10, 0x40, 0x00, 0x00, 0x00, 0x00, 0x00, 0x00,
    0x18, 0x01, 0x0c, 0x00, 0x21, 0x01, 0x00, 0x00, 0x20, 0x01, 0x00, 0x00,
    0x20, 0x40, 0x00, 0x00, 0x40, 0x2b, 0x02, 0x00, 0x21, 0x40, 0x00, 0x00,
    0x50, 0x01, 0x00, 0x00, 0x22, 0x40, 0x00, 0x00, 0xa0, 0x2a, 0x02, 0x00,
    0x16, 0x01, 0x03, 0x00, 0x15, 0x01, 0x39, 0x00, 0x11, 0x00, 0x00, 0x00,
    0x02, 0x00, 0x00, 0x00, 0x25, 0x40, 0x0d, 0x00, 0x8b, 0xbb, 0xb1, 0x56,
    0x24, 0x40, 0x30, 0x00, 0x25, 0x34, 0x7e, 0x5e, 0x00, 0x40, 0x00, 0x00,
    0xe0, 0xb8, 0x00, 0x00, 0x05, 0x01, 0x41, 0x01, 0x18, 0x01, 0x80, 0xff,
    0x14, 0x01, 0x41, 0x01, 0x80, 0x40, 0x00, 0x00, 0x00, 0x00, 0x00, 0x00,
    0x89, 0x01, 0x0c, 0x00, 0x16, 0x01, 0x0f, 0x00, 0x15, 0x01, 0x1f, 0x00,
    0x0d, 0x01, 0x2e, 0x00, 0x2d, 0x01, 0x2e, 0x00, 0x06, 0x00, 0x01, 0x00,
    0x30, 0x40, 0x00, 0x00, 0xf0, 0x19, 0x00, 0x00, 0x31, 0x40, 0x00, 0x00,
    0x90, 0x2c, 0x02, 0x00, 0x32, 0x40, 0x00, 0x00, 0xb0, 0x01, 0x00, 0x00,
    0x10, 0x00, 0x00, 0x00, 0x00, 0x40, 0x00, 0x00, 0x00, 0x00, 0x00, 0x00,
    0x05, 0x01, 0x41, 0x00, 0x00, 0x01, 0x01, 0x00, 0x01, 0x01, 0x02, 0x00,
    0x03, 0x01, 0x01, 0x00, 0x02, 0x01, 0x02, 0x00, 0x10, 0x40, 0x00, 0x00,
    0xc0, 0x71, 0x01, 0x00, 0x14, 0x01, 0x41, 0x00, 0x21, 0x01, 0x02, 0x00,
    0x20, 0x01, 0x04, 0x00, 0x20, 0x40, 0x00, 0x00, 0x30, 0x2d, 0x02, 0x00,
    0x21, 0x40, 0x00, 0x00, 0x10, 0x01, 0x00, 0x00, 0x22, 0x40, 0x00, 0x00,
    0x90, 0x2c, 0x02, 0x00, 0x16, 0x01, 0x07, 0x00, 0x15, 0x01, 0x13, 0x00,
    0x0d, 0x01, 0x0a, 0x00, 0x2d, 0x01, 0x0e, 0x00, 0x11, 0x00, 0x00, 0x00,
    0x03, 0x00, 0x00, 0x00, 0x30, 0x40, 0x00, 0x00, 0xa0, 0x1b, 0x00, 0x00,
    0x31, 0x40, 0x00, 0x00, 0xa0, 0x2a, 0x02, 0x00, 0x32, 0x40, 0x00, 0x00,
    0xf0, 0x01, 0x00, 0x00, 0x10, 0x00, 0x00, 0x00, 0x00, 0x40, 0x00, 0x00,
    0xc0, 0x71, 0x01, 0x00, 0x00, 0x01, 0x00, 0x00, 0x01, 0x01, 0x00, 0x00,
    0x03, 0x01, 0x00, 0x00, 0x02, 0x01, 0x00, 0x00, 0x10, 0x40, 0x00, 0x00,
    0xe0, 0xb8, 0x00, 0x00, 0x18, 0x01, 0xf3, 0xff, 0x21, 0x01, 0x00, 0x00,
    0x20, 0x01, 0x00, 0x00, 0x20, 0x40, 0x00, 0x00, 0x40, 0x2b, 0x02, 0x00,
    0x21, 0x40, 0x00, 0x00, 0x50, 0x01, 0x00, 0x00, 0x22, 0x40, 0x00, 0x00,
    0xa0, 0x2a, 0x02, 0x00, 0x16, 0x01, 0x03, 0x00, 0x15, 0x01, 0x39, 0x00,
    0x11, 0x00, 0x00, 0x00, 0x02, 0x00, 0x00, 0x00, 0x25, 0x40, 0x0d, 0x00,
    0xaa, 0x50, 0xcb, 0x56, 0x24, 0x40, 0x30, 0x00, 0x1b, 0x5a, 0x62, 0x5e,
    0x00, 0x40, 0x00, 0x00, 0x00, 0x00, 0x00, 0x00, 0x05, 0x01, 0x41, 0x01,
    0x18, 0x01, 0x80, 0xff, 0x14, 0x01, 0x41, 0x01, 0x80, 0x40, 0x00, 0x00,
    0xe0, 0xb8, 0x00, 0x00, 0x89, 0x01, 0xf3, 0xff, 0x16, 0x01, 0x0f, 0x00,
    0x15, 0x01, 0x1f, 0x00, 0x0d, 0x01, 0x2e, 0x00, 0x2d, 0x01, 0x2e, 0x00,
    0x06, 0x00, 0x01, 0x00, 0x30, 0x40, 0x00, 0x00, 0x90, 0x1d, 0x00, 0x00,
    0x31, 0x40, 0x00, 0x00, 0x90, 0x2c, 0x02, 0x00, 0x32, 0x40, 0x00, 0x00,
    0x30, 0x02, 0x00, 0x00, 0x10, 0x00, 0x00, 0x00, 0x00, 0x40, 0x00, 0x00,
    0xe0, 0xb8, 0x00, 0x00, 0x05, 0x01, 0x41, 0x00, 0x00, 0x01, 0x03, 0x00,
    0x01, 0x01, 0x01, 0x00, 0x03, 0x01, 0x03, 0x00, 0x02, 0x01, 0x01, 0x00,
    0x10, 0x40, 0x00, 0x00, 0xc0, 0x71, 0x01, 0x00, 0x14, 0x01, 0x41, 0x00,
    0x21, 0x01, 0x06, 0x00, 0x20, 0x01, 0x02, 0x00, 0x20, 0x40, 0x00, 0x00,
    0x30, 0x2d, 0x02, 0x00, 0x21, 0x40, 0x00, 0x00, 0x90, 0x01, 0x00, 0x00,
    0x22, 0x40, 0x00, 0x00, 0x90, 0x2c, 0x02, 0x00, 0x16, 0x01, 0x19, 0x00,
    0x15, 0x01, 0x05, 0x00, 0x0d, 0x01, 0x0a, 0x00, 0x2d, 0x01, 0x0e, 0x00,
    0x11, 0x00, 0x00, 0x00, 0x03, 0x00, 0x00, 0x00, 0x30, 0x40, 0x00, 0x00,
    0xc0, 0x1f, 0x00, 0x00, 0x31, 0x40, 0x00, 0x00, 0xa0, 0x2a, 0x02, 0x00,
    0x32, 0x40, 0x00, 0x00, 0xf0, 0x01, 0x00, 0x00, 0x10, 0x00, 0x00, 0x00,
    0x00, 0x40, 0x00, 0x00, 0xc0, 0x71, 0x01, 0x00, 0x00, 0x01, 0x00, 0x00,
    0x01, 0x01, 0x00, 0x00, 0x03, 0x01, 0x00, 0x00, 0x02, 0x01, 0x00, 0x00,
    0x10, 0x40, 0x00, 0x00, 0x00, 0x00, 0x00, 0x00, 0x18, 0x01, 0xf0, 0xff,
    0x21, 0x01, 0x00, 0x00, 0x20, 0x01, 0x00, 0x00, 0x20, 0x40, 0x00, 0x00,
    0x40, 0x2b, 0x02, 0x00, 0x21, 0x40, 0x00, 0x00, 0x50, 0x01, 0x00, 0x00,
    0x22, 0x40, 0x00, 0x00, 0xa0, 0x2a, 0x02, 0x00, 0x16, 0x01, 0x03, 0x00,
    0x15, 0x01, 0x39, 0x00, 0x11, 0x00, 0x00, 0x00, 0x02, 0x00, 0x00, 0x00,
    0x25, 0x40, 0x0d, 0x00, 0x98, 0x18, 0xc6, 0x60, 0x24, 0x40, 0x30, 0x00,
    0xeb, 0xa7, 0xa6, 0x54, 0x00, 0x40, 0x00, 0x00, 0xe0, 0xb8, 0x00, 0x00,
    0x05, 0x01, 0x41, 0x01, 0x18, 0x01, 0x80, 0xff, 0x14, 0x01, 0x41, 0x01,
    0x80, 0x40, 0x00, 0x00, 0x00, 0x00, 0x00, 0x00, 0x89, 0x01, 0xf0, 0xff,
    0x16, 0x01, 0x0f, 0x00, 0x15, 0x01, 0x1f, 0x00, 0x0d, 0x01, 0x2e, 0x00,
    0x2d, 0x01, 0x2e, 0x00, 0x06, 0x00, 0x01, 0x00, 0x30, 0x40, 0x00, 0x00,
    0xb0, 0x21, 0x00, 0x00, 0x31, 0x40, 0x00, 0x00, 0x90, 0x2c, 0x02, 0x00,
    0x32, 0x40, 0x00, 0x00, 0xb0, 0x01, 0x00, 0x00, 0x10, 0x00, 0x00, 0x00,
    0x00, 0x40, 0x00, 0x00, 0x00, 0x00, 0x00, 0x00, 0x05, 0x01, 0x41, 0x00,
    0x00, 0x01, 0x01, 0x00, 0x01, 0x01, 0x02, 0x00, 0x03, 0x01, 0x01, 0x00,
    0x02, 0x01, 0x02, 0x00, 0x10, 0x40, 0x00, 0x00, 0xc0, 0x71, 0x01, 0x00,
    0x14, 0x01, 0x41, 0x00, 0x21, 0x01, 0x02, 0x00, 0x20, 0x01, 0x04, 0x00,
    0x20, 0x40, 0x00, 0x00, 0x30, 0x2d, 0x02, 0x00, 0x21, 0x40, 0x00, 0x00,
    0x10, 0x01, 0x00, 0x00, 0x22, 0x40, 0x00, 0x00, 0x90, 0x2c, 0x02, 0x00,
    0x16, 0x01, 0x07, 0x00, 0x15, 0x01, 0x13, 0x00, 0x0d, 0x01, 0x0a, 0x00,
    0x2d, 0x01, 0x0e, 0x00, 0x11, 0x00, 0x00, 0x00, 0x03, 0x00, 0x00, 0x00,
    0x30, 0x40, 0x00, 0x00, 0x60, 0x23, 0x00, 0x00, 0x31, 0x40, 0x00, 0x00,
    0xa0, 0x2a, 0x02, 0x00, 0x32, 0x40, 0x00, 0x00, 0xf0, 0x01, 0x00, 0x00,
    0x10, 0x00, 0x00, 0x00, 0x00, 0x40, 0x00, 0x00, 0xc0, 0x71, 0x01, 0x00,
    0x00, 0x01, 0x00, 0x00, 0x01, 0x01, 0x00, 0x00, 0x03, 0x01, 0x00, 0x00,
    0x02, 0x01, 0x00, 0x00, 0x10, 0x40, 0x00, 0x00, 0xe0, 0xb8, 0x00, 0x00,
    0x18, 0x01, 0x13, 0x00, 0x21, 0x01, 0x00, 0x00, 0x20, 0x01, 0x00, 0x00,
    0x20, 0x40, 0x00, 0x00, 0x40, 0x2b, 0x02, 0x00, 0x21, 0x40, 0x00, 0x00,
    0x50, 0x01, 0x00, 0x00, 0x22, 0x40, 0x00, 0x00, 0xa0, 0x2a, 0x02, 0x00,
    0x16, 0x01, 0x03, 0x00, 0x15, 0x01, 0x39, 0x00, 0x11, 0x00, 0x00, 0x00,
    0x02, 0x00, 0x00, 0x00, 0x25, 0x40, 0x0d, 0x00, 0xd9, 0xd3, 0x19, 0x53,
    0x24, 0x40, 0x30, 0x00, 0x5c, 0x37, 0x94, 0x62, 0x00, 0x40, 0x00, 0x00,
    0x00, 0x00, 0x00, 0x00, 0x05, 0x01, 0x41, 0x01, 0x18, 0x01, 0x80, 0xff,
    0x14, 0x01, 0x41, 0x01, 0x80, 0x40, 0x00, 0x00, 0xe0, 0xb8, 0x00, 0x00,
    0x89, 0x01, 0x13, 0x00, 0x16, 0x01, 0x0f, 0x00, 0x15, 0x01, 0x1f, 0x00,
    0x0d, 0x01, 0x2e, 0x00, 0x2d, 0x01, 0x2e, 0x00, 0x06, 0x00, 0x01, 0x00,
    0x30, 0x40, 0x00, 0x00, 0x50, 0x25, 0x00, 0x00, 0x31, 0x40, 0x00, 0x00,
    0xb0, 0x73, 0x01, 0x00, 0x32, 0x40, 0x00, 0x00, 0x20, 0x02, 0x00, 0x00,
    0x12, 0x00, 0x01, 0x00, 0x10, 0x00, 0x00, 0x00, 0x00, 0x40, 0x00, 0x00,
    0xe0, 0xb8, 0x00, 0x00, 0x05, 0x01, 0x41, 0x00, 0x00, 0x01, 0x03, 0x00,
    0x01, 0x01, 0x01, 0x00, 0x03, 0x01, 0x03, 0x00, 0x02, 0x01, 0x01, 0x00,
    0x10, 0x40, 0x00, 0x00, 0x00, 0x00, 0x00, 0x00, 0x14, 0x01, 0x41, 0x00,
    0x21, 0x01, 0x06, 0x00, 0x20, 0x01, 0x02, 0x00, 0x20, 0x40, 0x00, 0x00,
    0x50, 0x74, 0x01, 0x00, 0x21, 0x40, 0x00, 0x00, 0x80, 0x01, 0x00, 0x00,
    0x22, 0x40, 0x00, 0x00, 0xb0, 0x73, 0x01, 0x00, 0x16, 0x01, 0x19, 0x00,
    0x15, 0x01, 0x05, 0x00, 0x0d, 0x01, 0x0a, 0x00, 0x2d, 0x01, 0x0e, 0x00,
    0x11, 0x00, 0x00, 0x00, 0x03, 0x00, 0x00, 0x00, 0x30, 0x40, 0x00, 0x00,
    0x70, 0x27, 0x00, 0x00, 0x31, 0x40, 0x00, 0x00, 0xc0, 0x71, 0x01, 0x00,
    0x32, 0x40, 0x00, 0x00, 0xf0, 0x01, 0x00, 0x00, 0x10, 0x00, 0x00, 0x00,
    0x00, 0x40, 0x00, 0x00, 0x00, 0x00, 0x00, 0x00, 0x00, 0x01, 0x00, 0x00,
    0x01, 0x01, 0x00, 0x00, 0x03, 0x01, 0x00, 0x00, 0x02, 0x01, 0x00, 0x00,
    0x10, 0x40, 0x00, 0x00, 0xb0, 0x73, 0x01, 0x00, 0x18, 0x01, 0xfc, 0xff,
    0x21, 0x01, 0x00, 0x00, 0x20, 0x01, 0x00, 0x00, 0x20, 0x40, 0x00, 0x00,
    0x60, 0x72, 0x01, 0x00, 0x21, 0x40, 0x00, 0x00, 0x50, 0x01, 0x00, 0x00,
    0x22, 0x40, 0x00, 0x00, 0xc0, 0x71, 0x01, 0x00, 0x16, 0x01, 0x03, 0x00,
    0x15, 0x01, 0x39, 0x00, 0x11, 0x00, 0x00, 0x00, 0x02, 0x00, 0x00, 0x00,
    0x25, 0x40, 0x0d, 0x00, 0xf3, 0x9a, 0x91, 0x5e, 0x24, 0x40, 0x30, 0x00,
    0x50, 0xf2, 0x9f, 0x56, 0x00, 0x40, 0x00, 0x00, 0xe0, 0xb8, 0x00, 0x00,
    0x05, 0x01, 0x41, 0x01, 0x18, 0x01, 0x80, 0xff, 0x14, 0x01, 0x41, 0x01,
    0x80, 0x40, 0x00, 0x00, 0xb0, 0x73, 0x01, 0x00, 0x89, 0x01, 0xfc, 0xff,
    0x16, 0x01, 0x0f, 0x00, 0x15, 0x01, 0x1f, 0x00, 0x0d, 0x01, 0x2e, 0x00,
    0x2d, 0x01, 0x2e, 0x00, 0x06, 0x00, 0x01, 0x00, 0x30, 0x40, 0x00, 0x00,
    0x60, 0x29, 0x00, 0x00, 0x31, 0x40, 0x00, 0x00, 0x90, 0x2c, 0x02, 0x00,
    0x32, 0x40, 0x00, 0x00, 0xb0, 0x01, 0x00, 0x00, 0x10, 0x00, 0x00, 0x00,
    0x00, 0x40, 0x00, 0x00, 0xb0, 0x73, 0x01, 0x00, 0x05, 0x01, 0x41, 0x00,
    0x00, 0x01, 0x01, 0x00, 0x01, 0x01, 0x02, 0x00, 0x03, 0x01, 0x01, 0x00,
    0x02, 0x01, 0x02, 0x00, 0x10, 0x40, 0x00, 0x00, 0x00, 0x00, 0x00, 0x00,
    0x14, 0x01, 0x41, 0x00, 0x21, 0x01, 0x02, 0x00, 0x20, 0x01, 0x04, 0x00,
    0x20, 0x40, 0x00, 0x00, 0x30, 0x2d, 0x02, 0x00, 0x21, 0x40, 0x00, 0x00,
    0x10, 0x01, 0x00, 0x00, 0x22, 0x40, 0x00, 0x00, 0x90, 0x2c, 0x02, 0x00,
    0x16, 0x01, 0x07, 0x00, 0x15, 0x01, 0x13, 0x00, 0x0d, 0x01, 0x0a, 0x00,
    0x2d, 0x01, 0x0e, 0x00, 0x11, 0x00, 0x00, 0x00, 0x03, 0x00, 0x00, 0x00,
    0x30, 0x40, 0x00, 0x00, 0x10, 0x2b, 0x00, 0x00, 0x31, 0x40, 0x00, 0x00,
    0xc0, 0x71, 0x01, 0x00, 0x32, 0x40, 0x00, 0x00, 0xf0, 0x01, 0x00, 0x00,
    0x10, 0x00, 0x00, 0x00, 0x00, 0x40, 0x00, 0x00, 0x00, 0x00, 0x00, 0x00,
    0x00, 0x01, 0x00, 0x00, 0x01, 0x01, 0x00, 0x00, 0x03, 0x01, 0x00, 0x00,
    0x02, 0x01, 0x00, 0x00, 0x10, 0x40, 0x00, 0x00, 0xe0, 0xb8, 0x00, 0x00,
    0x18, 0x01, 0x07, 0x00, 0x21, 0x01, 0x00, 0x00, 0x20, 0x01, 0x00, 0x00,
    0x20, 0x40, 0x00, 0x00, 0x60, 0x72, 0x01, 0x00, 0x21, 0x40, 0x00, 0x00,
    0x50, 0x01, 0x00, 0x00, 0x22, 0x40, 0x00, 0x00, 0xc0, 0x71, 0x01, 0x00,
    0x16, 0x01, 0x03, 0x00, 0x15, 0x01, 0x39, 0x00, 0x11, 0x00, 0x00, 0x00,
    0x02, 0x00, 0x00, 0x00, 0x25, 0x40, 0x0d, 0x00, 0xee, 0x8b, 0xdf, 0x4c,
    0x24, 0x40, 0x30, 0x00, 0x8f, 0xa7, 0x90, 0x6a, 0x00, 0x40, 0x00, 0x00,
    0xb0, 0x73, 0x01, 0x00, 0x05, 0x01, 0x41, 0x01, 0x10, 0x40, 0x00, 0x00,
    0x00, 0x00, 0x00, 0x00, 0x18, 0x01, 0x80, 0xff, 0x14, 0x01, 0x41, 0x01,
    0x80, 0x40, 0x00, 0x00, 0xe0, 0xb8, 0x00, 0x00, 0x89, 0x01, 0x07, 0x00,
    0x16, 0x01, 0x0f, 0x00, 0x15, 0x01, 0x1f, 0x00, 0x0d, 0x01, 0x2e, 0x00,
    0x2d, 0x01, 0x2e, 0x00, 0x06, 0x00, 0x01, 0x00, 0x00, 0x40, 0x00, 0x00,
    0x00, 0x00, 0x00, 0x00, 0x0b, 0x01, 0x00, 0x00, 0x0c, 0x01, 0x00, 0x00,
    0x05, 0x01, 0x41, 0x80, 0x10, 0x40, 0x00, 0x00, 0x80, 0xbc, 0x00, 0x00,
    0x12, 0x01, 0x00, 0x00, 0x1b, 0x01, 0x00, 0x00, 0x1c, 0x01, 0x00, 0x00,
    0x14, 0x01, 0x41, 0x81, 0x24, 0x40, 0x00, 0x00, 0x01, 0x00, 0x00, 0x00,
    0x16, 0x01, 0x01, 0x00, 0x15, 0x01, 0x35, 0x00, 0x0d, 0x01, 0x0a, 0x00,
    0x2d, 0x01, 0x1e, 0x00, 0x2f, 0x01, 0x00, 0x00, 0x05, 0x00, 0x01, 0x00,
    0x00, 0x40, 0x00, 0x00, 0xa0, 0x03, 0x00, 0x00, 0x10, 0x40, 0x00, 0x00,
    0xc0, 0xc3, 0x00, 0x00, 0x2f, 0x01, 0x03, 0x00, 0x05, 0x00, 0x01, 0x00,
    0x00, 0x40, 0x00, 0x00, 0x40, 0x07, 0x00, 0x00, 0x10, 0x40, 0x00, 0x00,
    0x00, 0xcb, 0x00, 0x00, 0x05, 0x00, 0x01, 0x00, 0x00, 0x40, 0x00, 0x00,
    0xe0, 0x0a, 0x00, 0x00, 0x10, 0x40, 0x00, 0x00, 0x40, 0xd2, 0x00, 0x00,
    0x05, 0x00, 0x01, 0x00, 0x00, 0x40, 0x00, 0x00, 0x80, 0x0e, 0x00, 0x00,
    0x10, 0x40, 0x00, 0x00, 0x80, 0xd9, 0x00, 0x00, 0x05, 0x00, 0x01, 0x00,
    0x00, 0x40, 0x00, 0x00, 0x20, 0x12, 0x00, 0x00, 0x10, 0x40, 0x00, 0x00,
    0xc0, 0xe0, 0x00, 0x00, 0x05, 0x00, 0x01, 0x00, 0x00, 0x40, 0x00, 0x00,
    0xc0, 0x15, 0x00, 0x00, 0x10, 0x40, 0x00, 0x00, 0x00, 0xe8, 0x00, 0x00,
    0x05, 0x00, 0x01, 0x00, 0x00, 0x40, 0x00, 0x00, 0x60, 0x19, 0x00, 0x00,
    0x10, 0x40, 0x00, 0x00, 0x40, 0xef, 0x00, 0x00, 0x05, 0x00, 0x01, 0x00,
    0x00, 0x40, 0x00, 0x00, 0x00, 0x1d, 0x00, 0x00, 0x10, 0x40, 0x00, 0x00,
    0x80, 0xf6, 0x00, 0x00, 0x05, 0x00, 0x01, 0x00, 0x00, 0x40, 0x00, 0x00,
    0xa0, 0x20, 0x00, 0x00, 0x10, 0x40, 0x00, 0x00, 0xc0, 0xfd, 0x00, 0x00,
    0x05, 0x00, 0x01, 0x00, 0x00, 0x40, 0x00, 0x00, 0x40, 0x24, 0x00, 0x00,
    0x10, 0x40, 0x00, 0x00, 0x00, 0x05, 0x01, 0x00, 0x05, 0x00, 0x01, 0x00,
    0x00, 0x40, 0x00, 0x00, 0xe0, 0x27, 0x00, 0x00, 0x10, 0x40, 0x00, 0x00,
    0x40, 0x0c, 0x01, 0x00, 0x05, 0x00, 0x01, 0x00, 0x00, 0x40, 0x00, 0x00,
    0x80, 0x2b, 0x00, 0x00, 0x10, 0x40, 0x00, 0x00, 0x80, 0x13, 0x01, 0x00,
    0x05, 0x00, 0x01, 0x00, 0x00, 0x40, 0x00, 0x00, 0x20, 0x2f, 0x00, 0x00,
    0x10, 0x40, 0x00, 0x00, 0xc0, 0x1a, 0x01, 0x00, 0x05, 0x00, 0x01, 0x00,
    0x00, 0x40, 0x00, 0x00, 0xc0, 0x32, 0x00, 0x00, 0x10, 0x40, 0x00, 0x00,
    0x00, 0x22, 0x01, 0x00, 0x05, 0x00, 0x01, 0x00, 0x00, 0x40, 0x00, 0x00,
    0x60, 0x36, 0x00, 0x00, 0x10, 0x40, 0x00, 0x00, 0x40, 0x29, 0x01, 0x00,
    0x05, 0x00, 0x01, 0x00, 0x00, 0x40, 0x00, 0x00, 0x00, 0x3a, 0x00, 0x00,
    0x10, 0x40, 0x00, 0x00, 0x80, 0x30, 0x01, 0x00, 0x05, 0x00, 0x01, 0x00,
    0x00, 0x40, 0x00, 0x00, 0xa0, 0x3d, 0x00, 0x00, 0x10, 0x40, 0x00, 0x00,
    0xc0, 0x37, 0x01, 0x00, 0x05, 0x00, 0x01, 0x00, 0x00, 0x40, 0x00, 0x00,
    0x40, 0x41, 0x00, 0x00, 0x10, 0x40, 0x00, 0x00, 0x00, 0x3f, 0x01, 0x00,
    0x05, 0x00, 0x01, 0x00, 0x00, 0x40, 0x00, 0x00, 0xe0, 0x44, 0x00, 0x00,
    0x10, 0x40, 0x00, 0x00, 0x40, 0x46, 0x01, 0x00, 0x05, 0x00, 0x01, 0x00,
    0x00, 0x40, 0x00, 0x00, 0x80, 0x48, 0x00, 0x00, 0x10, 0x40, 0x00, 0x00,
    0x80, 0x4d, 0x01, 0x00, 0x05, 0x00, 0x01, 0x00, 0x00, 0x40, 0x00, 0x00,
    0x20, 0x4c, 0x00, 0x00, 0x10, 0x40, 0x00, 0x00, 0xc0, 0x54, 0x01, 0x00,
    0x05, 0x00, 0x01, 0x00, 0x00, 0x40, 0x00, 0x00, 0xc0, 0x4f, 0x00, 0x00,
    0x10, 0x40, 0x00, 0x00, 0x00, 0x5c, 0x01, 0x00, 0x05, 0x00, 0x01, 0x00,
    0x00, 0x40, 0x00, 0x00, 0x60, 0x53, 0x00, 0x00, 0x10, 0x40, 0x00, 0x00,
    0x40, 0x63, 0x01, 0x00, 0x05, 0x00, 0x01, 0x00, 0x00, 0x40, 0x00, 0x00,
    0x00, 0x57, 0x00, 0x00, 0x10, 0x40, 0x00, 0x00, 0x80, 0x6a, 0x01, 0x00,
    0x05, 0x00, 0x01, 0x00, 0x00, 0x40, 0x00, 0x00, 0xa0, 0x5a, 0x00, 0x00,
    0x10, 0x40, 0x00, 0x00, 0xc0, 0x71, 0x01, 0x00, 0x05, 0x00, 0x01, 0x00,
    0x00, 0x40, 0x00, 0x00, 0x40, 0x5e, 0x00, 0x00, 0x10, 0x40, 0x00, 0x00,
    0x00, 0x79, 0x01, 0x00, 0x05, 0x00, 0x01, 0x00, 0x00, 0x40, 0x00, 0x00,
    0xe0, 0x61, 0x00, 0x00, 0x10, 0x40, 0x00, 0x00, 0x40, 0x80, 0x01, 0x00,
    0x05, 0x00, 0x01, 0x00, 0x00, 0x40, 0x00, 0x00, 0x80, 0x65, 0x00, 0x00,
    0x10, 0x40, 0x00, 0x00, 0x80, 0x87, 0x01, 0x00, 0x05, 0x00, 0x01, 0x00,
    0x00, 0x40, 0x00, 0x00, 0x20, 0x69, 0x00, 0x00, 0x10, 0x40, 0x00, 0x00,
    0xc0, 0x8e, 0x01, 0x00, 0x05, 0x00, 0x01, 0x00, 0x00, 0x40, 0x00, 0x00,
    0xc0, 0x6c, 0x00, 0x00, 0x10, 0x40, 0x00, 0x00, 0x00, 0x96, 0x01, 0x00,
    0x05, 0x00, 0x01, 0x00, 0x00, 0x40, 0x00, 0x00, 0x60, 0x70, 0x00, 0x00,
    0x10, 0x40, 0x00, 0x00, 0x40, 0x9d, 0x01, 0x00, 0x05, 0x00, 0x01, 0x00,
    0x00, 0x40, 0x00, 0x00, 0x00, 0x74, 0x00, 0x00, 0x10, 0x40, 0x00, 0x00,
    0x80, 0xa4, 0x01, 0x00, 0x05, 0x00, 0x01, 0x00, 0x00, 0x40, 0x00, 0x00,
    0xa0, 0x77, 0x00, 0x00, 0x10, 0x40, 0x00, 0x00, 0xc0, 0xab, 0x01, 0x00,
    0x05, 0x00, 0x01, 0x00, 0x00, 0x40, 0x00, 0x00, 0x40, 0x7b, 0x00, 0x00,
    0x10, 0x40, 0x00, 0x00, 0x00, 0xb3, 0x01, 0x00, 0x05, 0x00, 0x01, 0x00,
    0x00, 0x40, 0x00, 0x00, 0xe0, 0x7e, 0x00, 0x00, 0x10, 0x40, 0x00, 0x00,
    0x40, 0xba, 0x01, 0x00, 0x05, 0x00, 0x01, 0x00, 0x00, 0x40, 0x00, 0x00,
    0x80, 0x82, 0x00, 0x00, 0x10, 0x40, 0x00, 0x00, 0x80, 0xc1, 0x01, 0x00,
    0x05, 0x00, 0x01, 0x00, 0x00, 0x40, 0x00, 0x00, 0x20, 0x86, 0x00, 0x00,
    0x10, 0x40, 0x00, 0x00, 0xc0, 0xc8, 0x01, 0x00, 0x05, 0x00, 0x01, 0x00,
    0x00, 0x40, 0x00, 0x00, 0xc0, 0x89, 0x00, 0x00, 0x10, 0x40, 0x00, 0x00,
    0x00, 0xd0, 0x01, 0x00, 0x05, 0x00, 0x01, 0x00, 0x00, 0x40, 0x00, 0x00,
    0x60, 0x8d, 0x00, 0x00, 0x10, 0x40, 0x00, 0x00, 0x40, 0xd7, 0x01, 0x00,
    0x05, 0x00, 0x01, 0x00, 0x00, 0x40, 0x00, 0x00, 0x00, 0x91, 0x00, 0x00,
    0x10, 0x40, 0x00, 0x00, 0x80, 0xde, 0x01, 0x00, 0x05, 0x00, 0x01, 0x00,
    0x00, 0x40, 0x00, 0x00, 0xa0, 0x94, 0x00, 0x00, 0x10, 0x40, 0x00, 0x00,
    0xc0, 0xe5, 0x01, 0x00, 0x05, 0x00, 0x01, 0x00, 0x00, 0x40, 0x00, 0x00,
    0x40, 0x98, 0x00, 0x00, 0x10, 0x40, 0x00, 0x00, 0x00, 0xed, 0x01, 0x00,
    0x05, 0x00, 0x01, 0x00, 0x00, 0x40, 0x00, 0x00, 0xe0, 0x9b, 0x00, 0x00,
    0x10, 0x40, 0x00, 0x00, 0x40, 0xf4, 0x01, 0x00, 0x05, 0x00, 0x01, 0x00,
    0x00, 0x40, 0x00, 0x00, 0x80, 0x9f, 0x00, 0x00, 0x10, 0x40, 0x00, 0x00,
    0x80, 0xfb, 0x01, 0x00, 0x05, 0x00, 0x01, 0x00, 0x00, 0x40, 0x00, 0x00,
    0x20, 0xa3, 0x00, 0x00, 0x10, 0x40, 0x00, 0x00, 0xc0, 0x02, 0x02, 0x00,
    0x05, 0x00, 0x01, 0x00, 0x00, 0x40, 0x00, 0x00, 0xc0, 0xa6, 0x00, 0x00,
    0x10, 0x40, 0x00, 0x00, 0x00, 0x0a, 0x02, 0x00, 0x05, 0x00, 0x01, 0x00,
    0x00, 0x40, 0x00, 0x00, 0x60, 0xaa, 0x00, 0x00, 0x10, 0x40, 0x00, 0x00,
    0x40, 0x11, 0x02, 0x00, 0x05, 0x00, 0x01, 0x00, 0x00, 0x40, 0x00, 0x00,
    0x00, 0xae, 0x00, 0x00, 0x10, 0x40, 0x00, 0x00, 0x80, 0x18, 0x02, 0x00,
    0x05, 0x00, 0x01, 0x00, 0x00, 0x40, 0x00, 0x00, 0xa0, 0xb1, 0x00, 0x00,
    0x10, 0x40, 0x00, 0x00, 0xc0, 0x1f, 0x02, 0x00, 0x05, 0x00, 0x01, 0x00,
    0x00, 0x40, 0x00, 0x00, 0x40, 0xb5, 0x00, 0x00, 0x10, 0x40, 0x00, 0x00,
    0x00, 0x27, 0x02, 0x00, 0x05, 0x00, 0x01, 0x00, 0x00, 0x40, 0x00, 0x00,
    0x00, 0x00, 0x00, 0x00, 0x10, 0x40, 0x00, 0x00, 0xe0, 0xb8, 0x00, 0x00,
    0x05, 0x00, 0x01, 0x00, 0x00, 0x40, 0x00, 0x00, 0xa0, 0x03, 0x00, 0x00,
    0x10, 0x40, 0x00, 0x00, 0x20, 0xc0, 0x00, 0x00, 0x05, 0x00, 0x01, 0x00,
    0x00, 0x40, 0x00, 0x00, 0x40, 0x07, 0x00, 0x00, 0x10, 0x40, 0x00, 0x00,
    0x60, 0xc7, 0x00, 0x00, 0x05, 0x00, 0x01, 0x00, 0x00, 0x40, 0x00, 0x00,
    0xe0, 0x0a, 0x00, 0x00, 0x10, 0x40, 0x00, 0x00, 0xa0, 0xce, 0x00, 0x00,
    0x05, 0x00, 0x01, 0x00, 0x00, 0x40, 0x00, 0x00, 0x80, 0x0e, 0x00, 0x00,
    0x10, 0x40, 0x00, 0x00, 0xe0, 0xd5, 0x00, 0x00, 0x05, 0x00, 0x01, 0x00,
    0x00, 0x40, 0x00, 0x00, 0x20, 0x12, 0x00, 0x00, 0x10, 0x40, 0x00, 0x00,
    0x20, 0xdd, 0x00, 0x00, 0x05, 0x00, 0x01, 0x00, 0x00, 0x40, 0x00, 0x00,
    0xc0, 0x15, 0x00, 0x00, 0x10, 0x40, 0x00, 0x00, 0x60, 0xe4, 0x00, 0x00,
    0x05, 0x00, 0x01, 0x00, 0x00, 0x40, 0x00, 0x00, 0x60, 0x19, 0x00, 0x00,
    0x10, 0x40, 0x00, 0x00, 0xa0, 0xeb, 0x00, 0x00, 0x05, 0x00, 0x01, 0x00,
    0x00, 0x40, 0x00, 0x00, 0x00, 0x1d, 0x00, 0x00, 0x10, 0x40, 0x00, 0x00,
    0xe0, 0xf2, 0x00, 0x00, 0x05, 0x00, 0x01, 0x00, 0x00, 0x40, 0x00, 0x00,
    0xa0, 0x20, 0x00, 0x00, 0x10, 0x40, 0x00, 0x00, 0x20, 0xfa, 0x00, 0x00,
    0x05, 0x00, 0x01, 0x00, 0x00, 0x40, 0x00, 0x00, 0x40, 0x24, 0x00, 0x00,
    0x10, 0x40, 0x00, 0x00, 0x60, 0x01, 0x01, 0x00, 0x05, 0x00, 0x01, 0x00,
    0x00, 0x40, 0x00, 0x00, 0xe0, 0x27, 0x00, 0x00, 0x10, 0x40, 0x00, 0x00,
    0xa0, 0x08, 0x01, 0x00, 0x05, 0x00, 0x01, 0x00, 0x00, 0x40, 0x00, 0x00,
    0x80, 0x2b, 0x00, 0x00, 0x10, 0x40, 0x00, 0x00, 0xe0, 0x0f, 0x01, 0x00,
    0x05, 0x00, 0x01, 0x00, 0x00, 0x40, 0x00, 0x00, 0x20, 0x2f, 0x00, 0x00,
    0x10, 0x40, 0x00, 0x00, 0x20, 0x17, 0x01, 0x00, 0x05, 0x00, 0x01, 0x00,
    0x00, 0x40, 0x00, 0x00, 0xc0, 0x32, 0x00, 0x00, 0x10, 0x40, 0x00, 0x00,
    0x60, 0x1e, 0x01, 0x00, 0x05, 0x00, 0x01, 0x00, 0x00, 0x40, 0x00, 0x00,
    0x60, 0x36, 0x00, 0x00, 0x10, 0x40, 0x00, 0x00, 0xa0, 0x25, 0x01, 0x00,
    0x05, 0x00, 0x01, 0x00, 0x00, 0x40, 0x00, 0x00, 0x00, 0x3a, 0x00, 0x00,
    0x10, 0x40, 0x00, 0x00, 0xe0, 0x2c, 0x01, 0x00, 0x05, 0x00, 0x01, 0x00,
    0x00, 0x40, 0x00, 0x00, 0xa0, 0x3d, 0x00, 0x00, 0x10, 0x40, 0x00, 0x00,
    0x20, 0x34, 0x01, 0x00, 0x05, 0x00, 0x01, 0x00, 0x00, 0x40, 0x00, 0x00,
    0x40, 0x41, 0x00, 0x00, 0x10, 0x40, 0x00, 0x00, 0x60, 0x3b, 0x01, 0x00,
    0x05, 0x00, 0x01, 0x00, 0x00, 0x40, 0x00, 0x00, 0xe0, 0x44, 0x00, 0x00,
    0x10, 0x40, 0x00, 0x00, 0xa0, 0x42, 0x01, 0x00, 0x05, 0x00, 0x01, 0x00,
    0x00, 0x40, 0x00, 0x00, 0x80, 0x48, 0x00, 0x00, 0x10, 0x40, 0x00, 0x00,
    0xe0, 0x49, 0x01, 0x00, 0x05, 0x00, 0x01, 0x00, 0x00, 0x40, 0x00, 0x00,
    0x20, 0x4c, 0x00, 0x00, 0x10, 0x40, 0x00, 0x00, 0x20, 0x51, 0x01, 0x00,
    0x05, 0x00, 0x01, 0x00, 0x00, 0x40, 0x00, 0x00, 0xc0, 0x4f, 0x00, 0x00,
    0x10, 0x40, 0x00, 0x00, 0x60, 0x58, 0x01, 0x00, 0x05, 0x00, 0x01, 0x00,
    0x00, 0x40, 0x00, 0x00, 0x60, 0x53, 0x00, 0x00, 0x10, 0x40, 0x00, 0x00,
    0xa0, 0x5f, 0x01, 0x00, 0x05, 0x00, 0x01, 0x00, 0x00, 0x40, 0x00, 0x00,
    0x00, 0x57, 0x00, 0x00, 0x10, 0x40, 0x00, 0x00, 0xe0, 0x66, 0x01, 0x00,
    0x05, 0x00, 0x01, 0x00, 0x00, 0x40, 0x00, 0x00, 0xa0, 0x5a, 0x00, 0x00,
    0x10, 0x40, 0x00, 0x00, 0x20, 0x6e, 0x01, 0x00, 0x05, 0x00, 0x01, 0x00,
    0x00, 0x40, 0x00, 0x00, 0x40, 0x5e, 0x00, 0x00, 0x10, 0x40, 0x00, 0x00,
    0x60, 0x75, 0x01, 0x00, 0x05, 0x00, 0x01, 0x00, 0x00, 0x40, 0x00, 0x00,
    0xe0, 0x61, 0x00, 0x00, 0x10, 0x40, 0x00, 0x00, 0xa0, 0x7c, 0x01, 0x00,
    0x05, 0x00, 0x01, 0x00, 0x00, 0x40, 0x00, 0x00, 0x80, 0x65, 0x00, 0x00,
    0x10, 0x40, 0x00, 0x00, 0xe0, 0x83, 0x01, 0x00, 0x05, 0x00, 0x01, 0x00,
    0x00, 0x40, 0x00, 0x00, 0x20, 0x69, 0x00, 0x00, 0x10, 0x40, 0x00, 0x00,
    0x20, 0x8b, 0x01, 0x00, 0x05, 0x00, 0x01, 0x00, 0x00, 0x40, 0x00, 0x00,
    0xc0, 0x6c, 0x00, 0x00, 0x10, 0x40, 0x00, 0x00, 0x60, 0x92, 0x01, 0x00,
    0x05, 0x00, 0x01, 0x00, 0x00, 0x40, 0x00, 0x00, 0x60, 0x70, 0x00, 0x00,
    0x10, 0x40, 0x00, 0x00, 0xa0, 0x99, 0x01, 0x00, 0x05, 0x00, 0x01, 0x00,
    0x00, 0x40, 0x00, 0x00, 0x00, 0x74, 0x00, 0x00, 0x10, 0x40, 0x00, 0x00,
    0xe0, 0xa0, 0x01, 0x00, 0x05, 0x00, 0x01, 0x00, 0x00, 0x40, 0x00, 0x00,
    0xa0, 0x77, 0x00, 0x00, 0x10, 0x40, 0x00, 0x00, 0x20, 0xa8, 0x01, 0x00,
    0x05, 0x00, 0x01, 0x00, 0x00, 0x40, 0x00, 0x00, 0x40, 0x7b, 0x00, 0x00,
    0x10, 0x40, 0x00, 0x00, 0x60, 0xaf, 0x01, 0x00, 0x05, 0x00, 0x01, 0x00,
    0x00, 0x40, 0x00, 0x00, 0xe0, 0x7e, 0x00, 0x00, 0x10, 0x40, 0x00, 0x00,
    0xa0, 0xb6, 0x01, 0x00, 0x05, 0x00, 0x01, 0x00, 0x00, 0x40, 0x00, 0x00,
    0x80, 0x82, 0x00, 0x00, 0x10, 0x40, 0x00, 0x00, 0xe0, 0xbd, 0x01, 0x00,
    0x05, 0x00, 0x01, 0x00, 0x00, 0x40, 0x00, 0x00, 0x20, 0x86, 0x00, 0x00,
    0x10, 0x40, 0x00, 0x00, 0x20, 0xc5, 0x01, 0x00, 0x05, 0x00, 0x01, 0x00,
    0x00, 0x40, 0x00, 0x00, 0xc0, 0x89, 0x00, 0x00, 0x10, 0x40, 0x00, 0x00,
    0x60, 0xcc, 0x01, 0x00, 0x05, 0x00, 0x01, 0x00, 0x00, 0x40, 0x00, 0x00,
    0x60, 0x8d, 0x00, 0x00, 0x10, 0x40, 0x00, 0x00, 0xa0, 0xd3, 0x01, 0x00,
    0x05, 0x00, 0x01, 0x00, 0x00, 0x40, 0x00, 0x00, 0x00, 0x91, 0x00, 0x00,
    0x10, 0x40, 0x00, 0x00, 0xe0, 0xda, 0x01, 0x00, 0x05, 0x00, 0x01, 0x00,
    0x00, 0x40, 0x00, 0x00, 0xa0, 0x94, 0x00, 0x00, 0x10, 0x40, 0x00, 0x00,
    0x20, 0xe2, 0x01, 0x00, 0x05, 0x00, 0x01, 0x00, 0x00, 0x40, 0x00, 0x00,
    0x40, 0x98, 0x00, 0x00, 0x10, 0x40, 0x00, 0x00, 0x60, 0xe9, 0x01, 0x00,
    0x05, 0x00, 0x01, 0x00, 0x00, 0x40, 0x00, 0x00, 0xe0, 0x9b, 0x00, 0x00,
    0x10, 0x40, 0x00, 0x00, 0xa0, 0xf0, 0x01, 0x00, 0x05, 0x00, 0x01, 0x00,
    0x00, 0x40, 0x00, 0x00, 0x80, 0x9f, 0x00, 0x00, 0x10, 0x40, 0x00, 0x00,
    0xe0, 0xf7, 0x01, 0x00, 0x05, 0x00, 0x01, 0x00, 0x00, 0x40, 0x00, 0x00,
    0x20, 0xa3, 0x00, 0x00, 0x10, 0x40, 0x00, 0x00, 0x20, 0xff, 0x01, 0x00,
    0x05, 0x00, 0x01, 0x00, 0x00, 0x40, 0x00, 0x00, 0xc0, 0xa6, 0x00, 0x00,
    0x10, 0x40, 0x00, 0x00, 0x60, 0x06, 0x02, 0x00, 0x05, 0x00, 0x01, 0x00,
    0x00, 0x40, 0x00, 0x00, 0x60, 0xaa, 0x00, 0x00, 0x10, 0x40, 0x00, 0x00,
    0xa0, 0x0d, 0x02, 0x00, 0x05, 0x00, 0x01, 0x00, 0x00, 0x40, 0x00, 0x00,
    0x00, 0xae, 0x00, 0x00, 0x10, 0x40, 0x00, 0x00, 0xe0, 0x14, 0x02, 0x00,
    0x05, 0x00, 0x01, 0x00, 0x00, 0x40, 0x00, 0x00, 0xa0, 0xb1, 0x00, 0x00,
    0x10, 0x40, 0x00, 0x00, 0x20, 0x1c, 0x02, 0x00, 0x05, 0x00, 0x01, 0x00,
    0x00, 0x40, 0x00, 0x00, 0x40, 0xb5, 0x00, 0x00, 0x10, 0x40, 0x00, 0x00,
    0x60, 0x23, 0x02, 0x00, 0x05, 0x00, 0x01, 0x00, 0x30, 0x40, 0x00, 0x00,
    0x00, 0x2d, 0x00, 0x00, 0x31, 0x40, 0x00, 0x00, 0xa0, 0x2a, 0x02, 0x00,
    0x32, 0x40, 0x00, 0x00, 0x50, 0x00, 0x00, 0x00, 0x10, 0x00, 0x00, 0x00,
    0x00, 0x40, 0x00, 0x00, 0xe0, 0xb8, 0x00, 0x00, 0x0b, 0x01, 0x65, 0x00,
    0x0c, 0x01, 0x65, 0x00, 0x05, 0x01, 0x41, 0x00, 0x10, 0x40, 0x00, 0x00,
    0x00, 0x00, 0x00, 0x00, 0x12, 0x01, 0x65, 0x00, 0x1b, 0x01, 0x65, 0x00,
    0x1c, 0x01, 0x65, 0x00, 0x13, 0x01, 0x00, 0x00, 0x15, 0x40, 0x00, 0x00,
    0x3a, 0x00, 0x00, 0x00, 0x14, 0x40, 0x00, 0x00, 0x01, 0x00, 0x00, 0x00,
    0x16, 0x40, 0x00, 0x00, 0x01, 0x00, 0x00, 0x00, 0x18, 0x01, 0x4f, 0x00,
    0x14, 0x01, 0x01, 0x00, 0x20, 0x40, 0x00, 0x00, 0xb0, 0x2a, 0x02, 0x00,
    0x21, 0x40, 0x00, 0x00, 0x40, 0x00, 0x00, 0x00, 0x22, 0x40, 0x00, 0x00,
    0xa0, 0x2a, 0x02, 0x00, 0x23, 0x40, 0x00, 0x00, 0x10, 0x00, 0x00, 0x00,
    0x16, 0x01, 0x03, 0x00, 0x15, 0x01, 0x39, 0x00, 0x17, 0x01, 0x07, 0x00,
    0x2f, 0x01, 0x00, 0x00, 0x11, 0x00, 0x00, 0x00, 0x02, 0x00, 0x00, 0x00,
    0x00, 0x00, 0xff, 0xff,
};

static const uint8_t g_rf_v31_dji_video_weights[RF_V31_DJI_VIDEO_WEIGHT_BYTES]
    RF_V31_ALIGN RF_V31_WEIGHT_SECTION = {
    0x42, 0x00, 0x00, 0x00, 0x00, 0x11, 0x56, 0x0f, 0x62, 0x25, 0xf6, 0x04,
    0x00, 0x00, 0x00, 0x39, 0x62, 0xa0, 0x53, 0x25, 0x15, 0xff, 0xff, 0xff,
    0xff, 0x8f, 0xc7, 0x70, 0x40, 0x24, 0x84, 0x01, 0x00, 0x00, 0x00, 0xb5,
    0x48, 0x93, 0x67, 0x25, 0x2b, 0xff, 0xff, 0xff, 0xff, 0x49, 0xe1, 0x1b,
    0x73, 0x25, 0x72, 0xff, 0xff, 0xff, 0xff, 0xeb, 0xab, 0x08, 0x66, 0x25,
    0x7e, 0xfe, 0xff, 0xff, 0xff, 0x2f, 0xdc, 0x73, 0x50, 0x24, 0xb1, 0x00,
    0x00, 0x00, 0x00, 0xe6, 0xda, 0xb5, 0x76, 0x25, 0xf0, 0x08, 0x5c, 0x01,
    0x0c, 0x0f, 0x0f, 0x3f, 0x24, 0xf4, 0x6b, 0x0c, 0x67, 0xd2, 0xb2, 0x0d,
    0x0f, 0x3b, 0x5b, 0xf0, 0x7d, 0x7c, 0x5a, 0x89, 0xe3, 0x2f, 0xdf, 0x22,
    0xcb, 0xdf, 0xc1, 0x62, 0xd6, 0x8f, 0x06, 0x0f, 0x19, 0x5f, 0x79, 0x43,
    0x37, 0xfc, 0xb2, 0x9c, 0x0f, 0x0f, 0x0f, 0x31, 0x4f, 0x83, 0x21, 0xfc,
    0xbb, 0xad, 0x9f, 0x0f, 0xff, 0x7b, 0xf0, 0x15, 0x96, 0xe7, 0x31, 0xb1,
    0x01, 0x0f, 0x19, 0x68, 0x5c, 0x00, 0x28, 0x0f, 0x77, 0x43, 0x0f, 0x0f,
    0x0f, 0x18, 0x99, 0x33, 0x9f, 0x1d, 0x7e, 0x65, 0x55, 0x0f, 0x2f, 0xf5,
    0x65, 0x62, 0x12, 0x76, 0x7b, 0x16, 0x01, 0x0f, 0x13, 0x5d, 0xfc, 0x33,
    0x59, 0xa1, 0xf3, 0x69, 0x0f, 0x0f, 0x0f, 0x05, 0xa6, 0x98, 0x40, 0x59,
    0xb4, 0x06, 0x08, 0x0f, 0x6f, 0x82, 0x81, 0x23, 0x71, 0x01, 0xa5, 0x48,
    0x02, 0x0f, 0x80, 0x5f, 0x13, 0x32, 0x0d, 0xe8, 0xc1, 0x70, 0x0f, 0x0f,
    0x0f, 0x9c, 0x1e, 0x5a, 0x20, 0x44, 0x06, 0x1b, 0x14, 0x0f, 0xcf, 0xda,
    0xa3, 0x91, 0x96, 0xb0, 0x74, 0x0c, 0x07, 0x0f, 0x1b, 0xe8, 0x1d, 0x1c,
    0x93, 0x25, 0x0e, 0x49, 0x0f, 0x0f, 0x0f, 0x3f, 0xe5, 0x18, 0x5b, 0x84,
    0x94, 0x8d, 0x85, 0x0f, 0x6f, 0x83, 0x90, 0x2d, 0x40, 0xb1, 0xd8, 0x4f,
    0x00, 0x0f, 0x22, 0x6c, 0x77, 0x47, 0x25, 0x40, 0x5b, 0x5f, 0x0f, 0x0f,
    0x0f, 0x02, 0xfc, 0xfb, 0x96, 0x12, 0xfc, 0x7d, 0x07, 0x0f, 0xcf, 0xf2,
    0x63, 0xc1, 0x55, 0x05, 0x72, 0xd5, 0x05, 0x0f, 0x2a, 0x91, 0x0a, 0x85,
    0x91, 0x8b, 0xc7, 0x46, 0x0f, 0x0f, 0x0f, 0x9d, 0x0c, 0x41, 0x7d, 0x1b,
    0x5a, 0xbb, 0x37, 0x0f, 0xcf, 0xc3, 0x0a, 0x28, 0x88, 0x87, 0xe8, 0x0a,
    0x02, 0x0f, 0x00, 0xfd, 0x4b, 0x32, 0x6a, 0x7c, 0x09, 0x52, 0x0f, 0x0f,
    0x0f, 0x8c, 0x58, 0x54, 0x8a, 0xbc, 0x32, 0xa9, 0x97, 0x0f, 0x2f, 0xc8,
    0xc5, 0xa2, 0xa7, 0xb3, 0x7a, 0x3c, 0x03, 0x0f, 0x1b, 0x0a, 0x1b, 0x20,
    0x31, 0x52, 0x50, 0x5c, 0x0f, 0x0f, 0x0f, 0x42, 0x65, 0x23, 0x17, 0x0f,
    0x14, 0x95, 0x85, 0x0f, 0x4f, 0xe4, 0x65, 0x94, 0xb0, 0x64, 0x11, 0x1a,
    0x00, 0x0f, 0x50, 0x95, 0x08, 0x27, 0x50, 0x87, 0x69, 0x56, 0x0f, 0x0f,
    0x0f, 0x0d, 0x51, 0xab, 0x5a, 0x47, 0x1f, 0x5a, 0x12, 0x0f, 0x1f, 0xf7,
    0xa4, 0xf4, 0x43, 0x33, 0xf6, 0x25, 0x02, 0x0f, 0x2d, 0x6d, 0x66, 0x0d,
    0x5b, 0x64, 0x12, 0x65, 0x0f, 0x0f, 0x0f, 0x26, 0x05, 0x21, 0x5d, 0x06,
    0x53, 0x04, 0x59, 0x0f, 0x1f, 0x81, 0x96, 0x32, 0x09, 0x85, 0x84, 0xfc,
    0xff, 0xff, 0xff, 0xff, 0xff, 0xff, 0xff, 0xff, 0xff, 0xff, 0xff, 0xff,
    0xff, 0xff, 0xff, 0xff, 0xff, 0xff, 0xff, 0xff, 0xff, 0xff, 0xff, 0x0f,
    0x00, 0xff, 0xff, 0xff, 0xff, 0xff, 0xff, 0xff, 0xff, 0xff, 0xff, 0xff,
    0x0d, 0xfa, 0xff, 0xff, 0xff, 0x00, 0xfe, 0xac, 0x78, 0x26, 0x60, 0x12,
    0x00, 0x00, 0x00, 0x80, 0x7e, 0x6f, 0x50, 0x26, 0x9d, 0x03, 0x00, 0x00,
    0x00, 0x80, 0xfa, 0x1d, 0x6b, 0x26, 0x12, 0x24, 0x00, 0x00, 0x00, 0x80,
    0xe7, 0xeb, 0x47, 0x26, 0xcc, 0xf9, 0xff, 0xff, 0xff, 0x80, 0xa2, 0xfe,
    0x4a, 0x25, 0xf0, 0xf4, 0xff, 0xff, 0xff, 0x00, 0x75, 0x13, 0x6e, 0x26,
    0xb5, 0xf5, 0xff, 0xff, 0xff, 0x00, 0xea, 0x06, 0x6d, 0x26, 0xb8, 0xf5,
    0xff, 0xff, 0xff, 0x00, 0x9f, 0x13, 0x40, 0x25, 0x30, 0x02, 0x54, 0xf5,
    0xfd, 0xef, 0xaf, 0x09, 0x46, 0x15, 0x52, 0x81, 0xbf, 0x8e, 0xfe, 0xdd,
    0xcd, 0x8d, 0x6d, 0x5d, 0x3d, 0xad, 0x6c, 0x2c, 0xfc, 0xdb, 0x7b, 0xab,
    0x6a, 0x5a, 0x3a, 0xca, 0x99, 0x89, 0x59, 0x29, 0x49, 0x60, 0x00, 0xf0,
    0x31, 0x9b, 0x24, 0xea, 0x1a, 0xc0, 0xde, 0x38, 0x69, 0x02, 0x00, 0x3f,
    0xd9, 0x1a, 0xb2, 0x0d, 0x71, 0x8c, 0x09, 0x00, 0x57, 0x94, 0x12, 0x06,
    0xf4, 0x51, 0xc0, 0xe8, 0xc3, 0x03, 0x6f, 0x60, 0x15, 0xec, 0x03, 0x00,
    0x84, 0x72, 0x49, 0x81, 0x84, 0xbf, 0x11, 0x9d, 0x00, 0x6e, 0xc0, 0x0a,
    0xf4, 0x0e, 0x00, 0x23, 0x0d, 0x06, 0x00, 0x9f, 0x8f, 0x77, 0x15, 0xc5,
    0xd0, 0x02, 0x96, 0xaa, 0x99, 0x71, 0xad, 0xff, 0x27, 0x38, 0xff, 0x3f,
    0x00, 0xfc, 0xff, 0xff, 0xff, 0xff, 0xff, 0xff, 0xff, 0xff, 0xff, 0xff,
    0xff, 0xff, 0xff, 0xff, 0x91, 0x02, 0x00, 0x00, 0x00, 0x00, 0x9d, 0x0c,
    0x7a, 0x26, 0x22, 0x04, 0x00, 0x00, 0x00, 0x00, 0x16, 0xf0, 0x44, 0x25,
    0x44, 0x0b, 0x00, 0x00, 0x00, 0x00, 0x2e, 0x2a, 0x5b, 0x26, 0x0b, 0x11,
    0x00, 0x00, 0x00, 0x80, 0x11, 0xe2, 0x5e, 0x26, 0x82, 0xfb, 0xff, 0xff,
    0xff, 0x00, 0x2f, 0x9e, 0x48, 0x25, 0x7b, 0xf4, 0xff, 0xff, 0xff, 0x00,
    0xb5, 0x55, 0x7b, 0x26, 0xd3, 0x0f, 0x00, 0x00, 0x00, 0x00, 0xf7, 0xec,
    0x54, 0x25, 0xb7, 0xf0, 0xff, 0xff, 0xff, 0x00, 0xc4, 0x31, 0x60, 0x26,
    0x3b, 0x12, 0x00, 0x00, 0x00, 0x00, 0x63, 0x2c, 0x4a, 0x25, 0x32, 0x0e,
    0x00, 0x00, 0x00, 0x00, 0x83, 0x5f, 0x4b, 0x25, 0xbd, 0xff, 0xff, 0xff,
    0xff, 0x00, 0xbb, 0x3e, 0x7e, 0x26, 0x39, 0x11, 0x00, 0x00, 0x00, 0x80,
    0x47, 0x2a, 0x6f, 0x26, 0x00, 0x00, 0x00, 0x00, 0x00, 0x00, 0x00, 0x00,
    0xf0, 0x02, 0x50, 0xf1, 0xfd, 0xef, 0xff, 0x55, 0xfd, 0x7b, 0x4b, 0x98,
    0xd7, 0x06, 0x36, 0x84, 0xc3, 0xe2, 0xa1, 0xa1, 0x90, 0xd0, 0xaf, 0x3d,
    0xdd, 0xcc, 0xac, 0x4c, 0x3c, 0x1c, 0x0c, 0xdb, 0xba, 0x99, 0x89, 0x59,
    0x79, 0x53, 0x00, 0xa0, 0x9e, 0x8e, 0x7c, 0x8b, 0x36, 0x9a, 0xc0, 0xf7,
    0x01, 0xe0, 0xbf, 0x37, 0xf5, 0x13, 0x60, 0xef, 0x1b, 0x37, 0x3f, 0x7e,
    0x0e, 0x20, 0xfd, 0xbd, 0x24, 0xe2, 0x77, 0xcf, 0x9f, 0x83, 0x7c, 0xdd,
    0x3d, 0x00, 0x6c, 0x5f, 0x00, 0x2d, 0x4f, 0xea, 0x05, 0xd9, 0x78, 0xf0,
    0xf7, 0xe3, 0x2a, 0x7f, 0x8c, 0x2f, 0x00, 0xec, 0x43, 0x12, 0x02, 0xbd,
    0xfc, 0x83, 0x7b, 0x33, 0x7b, 0x7f, 0xf8, 0xbf, 0xbb, 0x6a, 0x45, 0x61,
    0xce, 0xbe, 0xff, 0x7f, 0xaf, 0x02, 0xf6, 0xff, 0xe9, 0x3b, 0xf7, 0xff,
    0xff, 0xff, 0xff, 0xff, 0xff, 0xff, 0xff, 0xff, 0xff, 0xff, 0xff, 0xff,
    0xff, 0xff, 0xff, 0xff, 0xff, 0xff, 0x0f, 0x30, 0xff, 0x00, 0xf0, 0xb3,
    0xd1, 0x75, 0x04, 0x75, 0x9e, 0x0e, 0x00, 0x9e, 0xdb, 0xf1, 0x5a, 0x98,
    0x07, 0xf0, 0x6b, 0x96, 0x60, 0xf8, 0x7f, 0x45, 0xf8, 0xff, 0xff, 0xff,
    0xff, 0xff, 0xff, 0xff, 0xff, 0xff, 0xff, 0xff, 0xff, 0xff, 0xff, 0xff,
    0xff, 0xff, 0xff, 0xff, 0xff, 0xff, 0xff, 0xff, 0xff, 0xff, 0x7f, 0xf8,
    0x72, 0xf9, 0xff, 0xff, 0xff, 0x00, 0xc7, 0x00, 0x43, 0x25, 0x54, 0xfa,
    0xff, 0xff, 0xff, 0x80, 0x29, 0x29, 0x4d, 0x24, 0xc6, 0xf4, 0xff, 0xff,
    0xff, 0x00, 0x61, 0x00, 0x40, 0x25, 0x7e, 0x04, 0x00, 0x00, 0x00, 0x00,
    0x6a, 0x95, 0x56, 0x24, 0x0d, 0x07, 0x00, 0x00, 0x00, 0x80, 0x0e, 0x1d,
    0x7e, 0x26, 0x2e, 0xfd, 0xff, 0xff, 0xff, 0x80, 0x91, 0x95, 0x4d, 0x25,
    0x0c, 0x0e, 0x00, 0x00, 0x00, 0x80, 0xcc, 0xa6, 0x51, 0x25, 0x62, 0x0e,
    0x00, 0x00, 0x00, 0x80, 0x49, 0x4b, 0x75, 0x26, 0xe5, 0xee, 0xff, 0xff,
    0xff, 0x80, 0x2d, 0xb7, 0x56, 0x25, 0x16, 0xf6, 0xff, 0xff, 0xff, 0x80,
    0x66, 0x3f, 0x54, 0x25, 0xfe, 0xff, 0xff, 0xff, 0xff, 0x00, 0x9a, 0xcc,
    0x55, 0x25, 0x1e, 0x12, 0x00, 0x00, 0x00, 0x80, 0xf5, 0xe6, 0x70, 0x25,
    0x00, 0x00, 0x00, 0x00, 0x00, 0x00, 0x00, 0x00, 0xfe, 0x01, 0x48, 0xa0,
    0x0d, 0xf0, 0xef, 0x3f, 0x6f, 0x4e, 0x0d, 0x7d, 0x3b, 0x1b, 0xca, 0x69,
    0x49, 0x29, 0xc9, 0x58, 0xf8, 0x56, 0x26, 0xf6, 0xc5, 0x65, 0xf5, 0xc4,
    0xa2, 0x11, 0x31, 0x40, 0x33, 0xef, 0xef, 0xec, 0x55, 0xeb, 0xba, 0xb6,
    0xfe, 0x92, 0xe9, 0xce, 0x1f, 0x31, 0x00, 0xd8, 0x12, 0xfc, 0x58, 0x00,
    0x00, 0xda, 0xf8, 0xbe, 0x0d, 0xc0, 0x46, 0x00, 0x00, 0x50, 0x00, 0x10,
    0x00, 0x00, 0xe0, 0xff, 0xff, 0xff, 0xff, 0xff, 0xff, 0xff, 0xff, 0xff,
    0xff, 0xff, 0xff, 0xff, 0xf0, 0xf1, 0xff, 0xff, 0xff, 0x80, 0x4a, 0x98,
    0x50, 0x26, 0xb9, 0x18, 0x00, 0x00, 0x00, 0x00, 0xe3, 0x27, 0x79, 0x26,
    0x78, 0x21, 0x00, 0x00, 0x00, 0x00, 0xe8, 0x39, 0x5f, 0x26, 0x0f, 0xe4,
    0xff, 0xff, 0xff, 0x00, 0x9d, 0x2d, 0x5f, 0x26, 0x1c, 0x07, 0x00, 0x00,
    0x00, 0x80, 0x0f, 0x87, 0x58, 0x26, 0x25, 0x01, 0x00, 0x00, 0x00, 0x00,
    0xf9, 0xd0, 0x5d, 0x26, 0xbb, 0xf8, 0xff, 0xff, 0xff, 0x80, 0x2e, 0x82,
    0x5f, 0x26, 0x6e, 0x03, 0x00, 0x00, 0x00, 0x00, 0xf6, 0xa9, 0x41, 0x25,
    0x8a, 0x02, 0x00, 0x00, 0x00, 0x80, 0xea, 0x72, 0x67, 0x26, 0x33, 0x14,
    0x00, 0x00, 0x00, 0x00, 0x79, 0x8b, 0x44, 0x26, 0x1f, 0x0d, 0x00, 0x00,
    0x00, 0x80, 0x1d, 0xa3, 0x74, 0x26, 0xb4, 0x00, 0x00, 0x00, 0x00, 0x80,
    0x57, 0xd3, 0x79, 0x26, 0x07, 0xfd, 0xff, 0xff, 0xff, 0x00, 0xe6, 0x24,
    0x5f, 0x26, 0x79, 0xff, 0xff, 0xff, 0xff, 0x00, 0x94, 0x07, 0x67, 0x26,
    0x40, 0xec, 0xff, 0xff, 0xff, 0x00, 0x1e, 0xf7, 0x64, 0x26, 0x41, 0x1f,
    0x00, 0x00, 0x00, 0x00, 0x0a, 0x01, 0x50, 0x26, 0xe8, 0x05, 0x5c, 0x01,
    0x0c, 0x00, 0xe6, 0x1a, 0xe4, 0x3a, 0x64, 0xfc, 0xae, 0x38, 0x00, 0x41,
    0x35, 0x68, 0x60, 0x12, 0x78, 0xd6, 0xc8, 0x02, 0x00, 0xf7, 0x85, 0x81,
    0x70, 0x31, 0x8a, 0xf7, 0x13, 0xf2, 0xc3, 0x54, 0x0b, 0x04, 0xaa, 0xfc,
    0xfd, 0x00, 0x40, 0x56, 0x30, 0x83, 0x34, 0x4b, 0x47, 0x58, 0x02, 0x00,
    0x0f, 0x07, 0x1f, 0x4a, 0x73, 0x45, 0x19, 0xfc, 0x3f, 0x79, 0x4f, 0x77,
    0x35, 0x82, 0xc6, 0x16, 0x00, 0x7f, 0xb2, 0xc2, 0x29, 0x67, 0xcc, 0xd9,
    0x74, 0x0b, 0x0f, 0x32, 0x85, 0xc5, 0x65, 0xc4, 0xbf, 0xfd, 0xfd, 0x0f,
    0x7f, 0xea, 0x94, 0x9b, 0x62, 0x84, 0xeb, 0x5a, 0x08, 0x0f, 0x05, 0xc7,
    0x18, 0xc5, 0x8c, 0xfc, 0x45, 0x8e, 0x0f, 0x0f, 0xff, 0xc1, 0x27, 0x19,
    0x39, 0x37, 0x4d, 0xfd, 0x22, 0xff, 0x4f, 0x59, 0x98, 0x55, 0xcd, 0xcc,
    0x7f, 0xbc, 0xfe, 0xff, 0xff, 0xff, 0xff, 0xff, 0xff, 0xff, 0xff, 0xff,
    0xff, 0xff, 0xff, 0xff, 0x0f, 0x00, 0x00, 0x7a, 0x81, 0x70, 0x5b, 0x51,
    0xfd, 0x9e, 0x2b, 0x00, 0xd0, 0xf3, 0xa0, 0x72, 0x77, 0xb2, 0xd0, 0xcf,
    0x07, 0x00, 0x29, 0x5d, 0x3b, 0x95, 0x57, 0x30, 0x1e, 0x5a, 0x3e, 0xa7,
    0x74, 0xa1, 0x79, 0xfc, 0x2e, 0x6f, 0x80, 0xb0, 0x84, 0xe3, 0x03, 0xc0,
    0x7f, 0xa8, 0x20, 0x02, 0x00, 0xc5, 0xfc, 0x60, 0x2f, 0x80, 0x12, 0x2b,
    0x52, 0xe3, 0x65, 0x16, 0x81, 0x50, 0x59, 0x86, 0xc5, 0x0f, 0x9f, 0x17,
    0x01, 0x7a, 0xf9, 0x34, 0x7e, 0x01, 0x08, 0x0f, 0xec, 0x73, 0x27, 0x51,
    0xfc, 0x13, 0x49, 0xef, 0x0f, 0x0f, 0x0f, 0x68, 0x9e, 0xcd, 0x1a, 0x5e,
    0x9a, 0xe2, 0x54, 0x0f, 0xaf, 0xe5, 0xc4, 0x98, 0xbc, 0xde, 0xff, 0xff,
    0xff, 0xff, 0xff, 0xff, 0xff, 0xff, 0xff, 0xff, 0xff, 0xff, 0xff, 0xff,
    0xff, 0xff, 0x0f, 0xff, 0xff, 0xff, 0xff, 0xff, 0xff, 0xff, 0xff, 0xff,
    0xff, 0xff, 0xff, 0xff, 0x13, 0xef, 0xff, 0xff, 0xff, 0x80, 0x56, 0x99,
    0x42, 0x26, 0x9c, 0x19, 0x00, 0x00, 0x00, 0x00, 0x7d, 0x18, 0x4f, 0x26,
    0xc0, 0x0a, 0x00, 0x00, 0x00, 0x00, 0x1a, 0xcf, 0x7c, 0x26, 0x97, 0x03,
    0x00, 0x00, 0x00, 0x00, 0xcc, 0x99, 0x62, 0x26, 0x3e, 0xe2, 0xff, 0xff,
    0xff, 0x00, 0xac, 0x2e, 0x77, 0x26, 0xa3, 0x0d, 0x00, 0x00, 0x00, 0x80,
    0x80, 0x23, 0x4e, 0x26, 0x71, 0x05, 0x00, 0x00, 0x00, 0x80, 0xf6, 0xa6,
    0x5d, 0x26, 0x5d, 0x14, 0x00, 0x00, 0x00, 0x00, 0x25, 0xcf, 0x5b, 0x26,
    0x91, 0xfa, 0xff, 0xff, 0xff, 0x00, 0x91, 0x5a, 0x5d, 0x26, 0x9d, 0xf2,
    0xff, 0xff, 0xff, 0x80, 0x14, 0xd8, 0x44, 0x25, 0x96, 0xfa, 0xff, 0xff,
    0xff, 0x80, 0x95, 0x7b, 0x5b, 0x26, 0xba, 0x0f, 0x00, 0x00, 0x00, 0x80,
    0x9a, 0x5d, 0x75, 0x26, 0x44, 0xdd, 0xff, 0xff, 0xff, 0x00, 0x00, 0x46,
    0x51, 0x26, 0x55, 0xe3, 0xff, 0xff, 0xff, 0x00, 0xc5, 0x49, 0x41, 0x26,
    0xa9, 0xed, 0xff, 0xff, 0xff, 0x00, 0x73, 0x3d, 0x48, 0x26, 0xc5, 0x04,
    0x00, 0x00, 0x00, 0x00, 0x14, 0x9a, 0x6b, 0x26, 0x7e, 0x05, 0x5c, 0x00,
    0xac, 0x91, 0x75, 0x45, 0xd2, 0xf0, 0xbf, 0x0f, 0x74, 0x2b, 0xc1, 0x44,
    0x1b, 0x22, 0xa1, 0x05, 0x83, 0x84, 0x28, 0x43, 0x70, 0x35, 0x7b, 0xd4,
    0xe1, 0xff, 0x8f, 0xb3, 0x64, 0xf6, 0xc7, 0xc1, 0x67, 0x9b, 0x24, 0x9d,
    0xa5, 0xa5, 0x06, 0xe1, 0x4a, 0x75, 0x08, 0xaf, 0x24, 0x13, 0x2b, 0xc2,
    0x27, 0x55, 0xf8, 0x76, 0x41, 0x09, 0x09, 0x91, 0x80, 0x37, 0xc6, 0x87,
    0x86, 0x03, 0xe6, 0xfd, 0x0f, 0xb4, 0x73, 0x5b, 0x68, 0x64, 0x22, 0x3c,
    0x9d, 0x05, 0xd4, 0xb6, 0x31, 0x15, 0xf8, 0x5f, 0xd5, 0x89, 0xd5, 0x66,
    0x87, 0xc7, 0xc1, 0xf3, 0x60, 0x26, 0xf7, 0xef, 0xbf, 0xe1, 0x75, 0x24,
    0x50, 0x95, 0x9c, 0x10, 0xdc, 0x30, 0x3a, 0x94, 0x27, 0x07, 0xd3, 0xd6,
    0x41, 0xb3, 0x03, 0x55, 0xd1, 0x55, 0x46, 0x04, 0xb2, 0x53, 0x6f, 0xb6,
    0x66, 0x91, 0x3e, 0x57, 0x54, 0x70, 0x54, 0x19, 0x06, 0xc6, 0x90, 0x98,
    0x80, 0x8a, 0x21, 0x34, 0x01, 0x09, 0x56, 0xb8, 0xe8, 0x5f, 0xd2, 0xbd,
    0x42, 0x14, 0x05, 0xf3, 0xd7, 0x93, 0x19, 0x3a, 0x15, 0x62, 0x2d, 0x34,
    0x00, 0x3c, 0x74, 0x20, 0x43, 0x02, 0x63, 0xf0, 0x00, 0x74, 0xb5, 0x52,
    0x18, 0x10, 0x10, 0x10, 0x10, 0x10, 0x10, 0x10, 0x60, 0x08, 0x00, 0xf8,
    0x7f, 0x00, 0xf8, 0x7f, 0xf8, 0xff, 0x80, 0x67, 0x57, 0xc0, 0x49, 0x54,
    0xbb, 0x21, 0x7e, 0x40, 0xd3, 0xed, 0x28, 0xe0, 0xa3, 0x13, 0xa3, 0x73,
    0x92, 0x92, 0xba, 0x1a, 0xfb, 0x5a, 0x08, 0xa0, 0xc0, 0x7b, 0x20, 0x73,
    0x85, 0xe3, 0x7d, 0x00, 0x2b, 0xd3, 0xf4, 0xf7, 0x8f, 0x5d, 0x29, 0xf0,
    0x03, 0x6d, 0x06, 0xac, 0x62, 0x2c, 0x21, 0x7a, 0x2b, 0x92, 0xd6, 0x16,
    0x59, 0x44, 0x83, 0x1a, 0x81, 0x27, 0x4e, 0x0c, 0x0b, 0x99, 0xfa, 0xd8,
    0xf1, 0xc8, 0xfa, 0xd7, 0xfa, 0x91, 0x01, 0x01, 0x33, 0xca, 0xc3, 0x51,
    0xca, 0x24, 0x74, 0x05, 0xb4, 0x73, 0x13, 0x9f, 0xdd, 0x78, 0xf4, 0x1f,
    0x93, 0x69, 0x4c, 0xb9, 0x5a, 0x59, 0x39, 0x29, 0x62, 0xf4, 0xb7, 0xc3,
    0xed, 0x71, 0xcf, 0x08, 0x99, 0xba, 0x69, 0x90, 0x35, 0xa3, 0xc3, 0x79,
    0x5b, 0xfb, 0xec, 0xdc, 0x11, 0x83, 0x35, 0x19, 0xf8, 0xd3, 0x90, 0x1b,
    0x48, 0xbb, 0x19, 0x90, 0xfe, 0x47, 0xf1, 0xef, 0x4b, 0xf3, 0x87, 0x9b,
    0x4a, 0x53, 0x69, 0x8d, 0x21, 0xf8, 0x03, 0x5e, 0x0c, 0x52, 0x81, 0x68,
    0xf0, 0xd1, 0xc1, 0xf2, 0xe7, 0x49, 0x74, 0xda, 0xf8, 0xe7, 0x90, 0x12,
    0xcd, 0x6e, 0x0a, 0xa8, 0x61, 0x18, 0xc6, 0x00, 0xe9, 0x0f, 0x08, 0x08,
    0x08, 0x08, 0x08, 0x08, 0x08, 0xf0, 0x03, 0x00, 0xfc, 0x3f, 0x00, 0x3c,
    0x00, 0xfc, 0xff, 0xff, 0xff, 0xff, 0xff, 0xff, 0xc0, 0x04, 0x00, 0x00,
    0x00, 0xe2, 0x2b, 0xcb, 0x5a, 0x28, 0x0e, 0xf9, 0xff, 0xff, 0xff, 0x69,
    0x62, 0xef, 0x54, 0x28, 0x3a, 0x17, 0x00, 0x00, 0x00, 0x3c, 0xb7, 0x2e,
    0x51, 0x28, 0x10, 0xf8, 0xff, 0xff, 0xff, 0xb5, 0x19, 0xf8, 0x49, 0x28,
    0x1c, 0x0e, 0x00, 0x00, 0x00, 0x30, 0x68, 0x3f, 0x4b, 0x27, 0x3e, 0xf1,
    0xff, 0xff, 0xff, 0x78, 0x01, 0x02, 0x51, 0x28, 0x83, 0x0b, 0x00, 0x00,
    0x00, 0x38, 0xaf, 0xad, 0x40, 0x27, 0x9a, 0x0c, 0x00, 0x00, 0x00, 0x88,
    0x13, 0x58, 0x79, 0x28, 0x22, 0xfc, 0xff, 0xff, 0xff, 0xc0, 0x8f, 0xaa,
    0x42, 0x27, 0xe1, 0xf0, 0xff, 0xff, 0xff, 0xa7, 0x93, 0x71, 0x5f, 0x28,
    0x1f, 0x08, 0x00, 0x00, 0x00, 0x5b, 0x32, 0x4d, 0x78, 0x28, 0xd4, 0xf7,
    0xff, 0xff, 0xff, 0x27, 0xf7, 0xc0, 0x50, 0x28, 0x27, 0xef, 0xff, 0xff,
    0xff, 0x2e, 0x64, 0xa8, 0x65, 0x28, 0x9f, 0x17, 0x00, 0x00, 0x00, 0xd0,
    0xba, 0xad, 0x66, 0x28, 0xee, 0x07, 0x00, 0x00, 0x00, 0x7b, 0x64, 0x0e,
    0x66, 0x28, 0xd9, 0x24, 0x00, 0x00, 0x00, 0x24, 0xd5, 0xb8, 0x48, 0x28,
    0xe8, 0x07, 0x5c, 0x01, 0x0c, 0x00, 0xe3, 0x98, 0x88, 0x2d, 0xb3, 0x7f,
    0x7b, 0xca, 0x00, 0xc0, 0xad, 0xd4, 0x44, 0x21, 0x9c, 0x66, 0xcb, 0x0f,
    0x00, 0x2a, 0xc1, 0x4c, 0x56, 0x0f, 0x63, 0xe1, 0x9f, 0x19, 0x46, 0xa1,
    0x59, 0x08, 0x9e, 0x7a, 0xf6, 0x00, 0xd0, 0x7f, 0xd0, 0x93, 0x16, 0x68,
    0x82, 0x43, 0x09, 0x00, 0x23, 0x6f, 0x9e, 0x9e, 0x69, 0x53, 0x05, 0x48,
    0x04, 0xef, 0xa4, 0x40, 0x31, 0xfd, 0x92, 0x3b, 0x00, 0x80, 0x16, 0x52,
    0x54, 0xbb, 0x08, 0xa1, 0xc0, 0x0f, 0x00, 0x67, 0xfd, 0x1b, 0x24, 0x12,
    0x94, 0xb1, 0xa4, 0x64, 0x88, 0x47, 0x67, 0x85, 0xdd, 0x31, 0xbb, 0x00,
    0xd0, 0x5f, 0x33, 0xd4, 0x90, 0x36, 0xad, 0xc1, 0x08, 0x00, 0xfc, 0x04,
    0xd5, 0x83, 0x8e, 0x80, 0x15, 0x9b, 0x20, 0x21, 0x36, 0x04, 0xc5, 0x06,
    0x1f, 0x24, 0x00, 0x30, 0x86, 0xba, 0x21, 0x27, 0xd6, 0x2f, 0x7f, 0x05,
    0xf8, 0x53, 0xde, 0x32, 0x56, 0x42, 0x1e, 0xc9, 0x9d, 0xff, 0x1f, 0x1a,
    0x11, 0x36, 0xa0, 0x18, 0x7e, 0xa0, 0xf6, 0xff, 0x43, 0x29, 0x26, 0x5d,
    0x6f, 0x75, 0x1d, 0xfc, 0xff, 0xff, 0xff, 0xff, 0xff, 0xff, 0xff, 0xff,
    0xff, 0xff, 0xff, 0xff, 0x0f, 0x00, 0x02, 0xbc, 0x3b, 0x79, 0xb6, 0x42,
    0xa9, 0x58, 0x6d, 0x00, 0xf0, 0x16, 0x10, 0x2a, 0xe7, 0xe2, 0xb4, 0x76,
    0x03, 0x00, 0x41, 0x42, 0x7a, 0x48, 0x22, 0x3c, 0x44, 0xb2, 0xc7, 0xf4,
    0xfc, 0x7a, 0x4f, 0x99, 0x58, 0x6a, 0x00, 0xb0, 0x29, 0x72, 0x80, 0xfb,
    0xe6, 0xe0, 0x97, 0x03, 0x00, 0x89, 0xfd, 0x5a, 0x8f, 0xb6, 0x6f, 0xc5,
    0x29, 0x11, 0x0c, 0x25, 0x2a, 0x70, 0x13, 0x3e, 0x12, 0x00, 0xc0, 0xcf,
    0x7b, 0xb4, 0x25, 0x46, 0x46, 0x51, 0x0a, 0x00, 0x18, 0xd6, 0x07, 0x43,
    0xba, 0xb1, 0xfd, 0x53, 0x65, 0x4a, 0x33, 0xbe, 0x05, 0x10, 0xfd, 0x7c,
    0x00, 0xa0, 0x4d, 0xc8, 0xd2, 0x1b, 0xd4, 0x86, 0x09, 0x00, 0x00, 0x59,
    0xa8, 0x22, 0xf1, 0xba, 0xc8, 0x5d, 0x69, 0xaf, 0x0a, 0x06, 0x21, 0xfd,
    0x97, 0x40, 0x4d, 0x00, 0x40, 0x6b, 0x78, 0xf2, 0xf9, 0xf1, 0x24, 0xc1,
    0xf5, 0xff, 0xfd, 0xdb, 0x7f, 0x9d, 0x73, 0x64, 0xff, 0xff, 0xff, 0xff,
    0xff, 0xff, 0xff, 0xff, 0xff, 0xff, 0xff, 0xff, 0xff, 0xff, 0x0f, 0xff,
    0xff, 0xff, 0xff, 0xff, 0xff, 0xff, 0xff, 0xff, 0xff, 0xff, 0xff, 0xff,
    0xc2, 0xf7, 0xff, 0xff, 0xff, 0x80, 0x52, 0x52, 0x5a, 0x26, 0xf5, 0xd1,
    0xff, 0xff, 0xff, 0x00, 0x22, 0xbf, 0x4d, 0x26, 0x2e, 0x13, 0x00, 0x00,
    0x00, 0x00, 0xf1, 0x49, 0x43, 0x25, 0xce, 0xcc, 0xff, 0xff, 0xff, 0x80,
    0x09, 0xe8, 0x66, 0x27, 0xa6, 0xcf, 0xff, 0xff, 0xff, 0x00, 0x1a, 0x3a,
    0x48, 0x26, 0x4e, 0xff, 0xff, 0xff, 0xff, 0x80, 0xdf, 0x6b, 0x55, 0x26,
    0x9c, 0x15, 0x00, 0x00, 0x00, 0x80, 0xc4, 0xae, 0x4b, 0x26, 0x04, 0xeb,
    0xff, 0xff, 0xff, 0x00, 0x7c, 0x21, 0x48, 0x26, 0x2f, 0x14, 0x00, 0x00,
    0x00, 0x00, 0x74, 0xa3, 0x42, 0x26, 0xca, 0x27, 0x00, 0x00, 0x00, 0x80,
    0x7f, 0xe6, 0x68, 0x27, 0x6e, 0x21, 0x00, 0x00, 0x00, 0x00, 0x75, 0x1d,
    0x62, 0x27, 0x82, 0xf7, 0xff, 0xff, 0xff, 0x80, 0x88, 0x8d, 0x4e, 0x25,
    0xdb, 0xd4, 0xff, 0xff, 0xff, 0x80, 0x6a, 0xe6, 0x7b, 0x27, 0x0f, 0xd3,
    0xff, 0xff, 0xff, 0x80, 0x96, 0x36, 0x4e, 0x26, 0x94, 0xf5, 0xff, 0xff,
    0xff, 0x00, 0xa5, 0x45, 0x79, 0x27, 0xde, 0x00, 0x00, 0x00, 0x00, 0x00,
    0x35, 0x37, 0x57, 0x26, 0xfe, 0x07, 0x5c, 0x00, 0xbc, 0x74, 0xe2, 0xe3,
    0x7f, 0x08, 0xee, 0xe4, 0x06, 0xa4, 0x39, 0xa5, 0x55, 0x63, 0x24, 0x13,
    0xa9, 0x67, 0x78, 0x83, 0x17, 0x42, 0x3f, 0x5c, 0x72, 0xa9, 0x4a, 0x93,
    0x7a, 0x25, 0xd4, 0x23, 0xe8, 0xef, 0x62, 0xb3, 0xf1, 0xba, 0x74, 0x87,
    0xc9, 0x24, 0x59, 0xa6, 0xe2, 0xa2, 0xe4, 0x49, 0xd4, 0x70, 0xc2, 0x42,
    0x6e, 0x0f, 0xc4, 0xb3, 0x12, 0xe5, 0x1b, 0x4a, 0x4e, 0x2e, 0x9a, 0xf8,
    0x5a, 0x65, 0xc3, 0x22, 0x20, 0xc9, 0x57, 0x86, 0x04, 0x08, 0x72, 0x17,
    0xe0, 0x9f, 0x76, 0x17, 0x6b, 0x32, 0xe9, 0xe8, 0x00, 0xbe, 0x2b, 0x04,
    0x4f, 0x47, 0xe4, 0x44, 0x28, 0xf9, 0xf4, 0x7f, 0x9f, 0xe7, 0xff, 0x40,
    0x96, 0xf2, 0x8f, 0x41, 0xda, 0x95, 0x30, 0x2c, 0x37, 0x30, 0xaf, 0xab,
    0x43, 0xf3, 0xf4, 0x0f, 0x08, 0x72, 0x22, 0xe0, 0x1f, 0x10, 0x10, 0x10,
    0x10, 0x10, 0x10, 0x10, 0xe0, 0xc3, 0x13, 0x97, 0x72, 0x05, 0xf1, 0xf9,
    0xf5, 0xb2, 0x41, 0x52, 0x83, 0xa1, 0xc3, 0x31, 0x9c, 0xb3, 0x0c, 0xb6,
    0x81, 0x59, 0x10, 0xb2, 0xdc, 0xc6, 0xf2, 0x1b, 0x41, 0x8a, 0x07, 0xc4,
    0x5c, 0xb1, 0x5c, 0x05, 0x22, 0x11, 0xa1, 0x5d, 0x95, 0xfa, 0x38, 0x13,
    0x01, 0xc1, 0x56, 0x72, 0x5e, 0xa7, 0x01, 0xb8, 0x60, 0x6b, 0x67, 0x43,
    0xe3, 0x56, 0x21, 0xda, 0x50, 0x44, 0x3d, 0x49, 0xeb, 0x9f, 0x92, 0xcd,
    0xe9, 0x8f, 0x10, 0x34, 0x9a, 0x73, 0xfe, 0xe9, 0x4f, 0xe0, 0xef, 0x8d,
    0xd3, 0x34, 0xfe, 0xdf, 0xc4, 0x99, 0xd3, 0xf1, 0x9c, 0xa7, 0xb8, 0x0e,
    0x92, 0xe2, 0x06, 0x87, 0x81, 0xfb, 0x6f, 0xe4, 0xd4, 0xba, 0x93, 0x87,
    0xdb, 0x89, 0x10, 0xd9, 0xf2, 0xf0, 0x74, 0xe5, 0x5f, 0x35, 0x6e, 0xfb,
    0x00, 0x42, 0xe0, 0x4f, 0x1c, 0x10, 0x10, 0x10, 0x10, 0x10, 0x10, 0x10,
    0xf0, 0xff, 0xff, 0xff, 0xff, 0xff, 0xff, 0xff, 0xff, 0xff, 0xff, 0xff,
    0x82, 0x0c, 0x00, 0x00, 0x00, 0x70, 0xe6, 0x99, 0x6d, 0x28, 0x3d, 0xff,
    0xff, 0xff, 0xff, 0xbb, 0x2f, 0x35, 0x4d, 0x28, 0xf9, 0xe9, 0xff, 0xff,
    0xff, 0xbc, 0xe4, 0x66, 0x50, 0x28, 0x02, 0xed, 0xff, 0xff, 0xff, 0x32,
    0xe6, 0x5e, 0x6a, 0x28, 0x47, 0xf4, 0xff, 0xff, 0xff, 0xc6, 0x58, 0x0f,
    0x64, 0x28, 0xed, 0xf7, 0xff, 0xff, 0xff, 0x67, 0x91, 0x74, 0x51, 0x28,
    0x5f, 0x09, 0x00, 0x00, 0x00, 0x82, 0x08, 0x5c, 0x71, 0x28, 0xca, 0x01,
    0x00, 0x00, 0x00, 0xdd, 0xc8, 0x54, 0x65, 0x28, 0x93, 0x1d, 0x00, 0x00,
    0x00, 0xb7, 0x4b, 0xbb, 0x67, 0x28, 0x63, 0x10, 0x00, 0x00, 0x00, 0xc5,
    0xfd, 0xc0, 0x67, 0x28, 0x4f, 0x10, 0x00, 0x00, 0x00, 0x7e, 0x8f, 0xc0,
    0x5b, 0x28, 0x0c, 0xf9, 0xff, 0xff, 0xff, 0xad, 0x80, 0x27, 0x56, 0x28,
    0xb5, 0x09, 0x00, 0x00, 0x00, 0x92, 0xc6, 0x93, 0x75, 0x28, 0x19, 0x10,
    0x00, 0x00, 0x00, 0x0d, 0x77, 0x99, 0x63, 0x28, 0x8c, 0x0d, 0x00, 0x00,
    0x00, 0x08, 0xa0, 0x6f, 0x6c, 0x28, 0xce, 0x08, 0x00, 0x00, 0x00, 0xc7,
    0xf1, 0x05, 0x63, 0x28, 0xf8, 0x07, 0xdc, 0x01, 0x0c, 0x00, 0x76, 0x45,
    0xaf, 0xa2, 0x3d, 0x61, 0x87, 0x7b, 0x00, 0x60, 0x80, 0x23, 0x9e, 0x12,
    0xdb, 0x65, 0x82, 0x02, 0x00, 0x97, 0x12, 0x37, 0x06, 0x30, 0x89, 0x4f,
    0x5f, 0x3b, 0xfb, 0x7e, 0x65, 0x0c, 0x5f, 0x28, 0xd9, 0x00, 0xb0, 0x67,
    0x5a, 0xb7, 0xaa, 0xb1, 0x0f, 0xa3, 0x04, 0x00, 0xd9, 0xfc, 0x4d, 0x71,
    0x20, 0x05, 0x7f, 0xca, 0xfb, 0xf8, 0x1f, 0x53, 0xa5, 0x1c, 0x02, 0xbb,
    0x00, 0x90, 0xd1, 0xb8, 0x3c, 0xa2, 0x53, 0xb8, 0x3a, 0x01, 0x00, 0x5a,
    0x38, 0x8c, 0x58, 0x03, 0xae, 0x76, 0xfc, 0x31, 0x41, 0xf4, 0xd2, 0xd9,
    0xce, 0xfb, 0x20, 0x00, 0x80, 0x06, 0x59, 0x55, 0x11, 0xb5, 0x3f, 0x47,
    0x04, 0x00, 0x47, 0x97, 0x11, 0x88, 0x78, 0x1c, 0x4c, 0x19, 0x2f, 0x95,
    0x03, 0x13, 0x80, 0xc8, 0x19, 0xd5, 0x00, 0x50, 0x40, 0xe5, 0x60, 0xf6,
    0x10, 0x36, 0xea, 0x00, 0xf0, 0x39, 0x7f, 0x00, 0x7a, 0x8a, 0xae, 0x52,
    0x4e, 0xff, 0xcf, 0x32, 0x9a, 0xc3, 0x8f, 0xce, 0x6c, 0x43, 0xfd, 0xff,
    0x78, 0x45, 0x60, 0xc0, 0x79, 0xc5, 0x7e, 0x1a, 0xff, 0xff, 0xff, 0xff,
    0xff, 0xff, 0xff, 0xff, 0xff, 0xff, 0xff, 0xff, 0x0f, 0x00, 0x00, 0x2c,
    0x0c, 0x40, 0x9a, 0x44, 0xa7, 0xf8, 0xf6, 0x00, 0x50, 0x24, 0x92, 0x20,
    0x9f, 0x23, 0x7d, 0x26, 0x05, 0x00, 0xfc, 0x26, 0x6e, 0x18, 0x3d, 0x72,
    0x71, 0x4f, 0x4c, 0x9b, 0x24, 0x33, 0xfc, 0x3b, 0x24, 0xda, 0x00, 0xc0,
    0xff, 0x26, 0xc0, 0xca, 0x81, 0x5e, 0xc6, 0x09, 0x00, 0x38, 0xfc, 0x2e,
    0x3e, 0x19, 0x3c, 0x41, 0x23, 0x16, 0xfb, 0x3e, 0x63, 0xce, 0x21, 0xd4,
    0x4c, 0x00, 0x20, 0x1d, 0xc4, 0x2f, 0xb9, 0xa2, 0xc4, 0x57, 0x00, 0x00,
    0x9a, 0x27, 0x1c, 0x75, 0x84, 0xfb, 0x2c, 0x14, 0x65, 0x74, 0x2b, 0x71,
    0x46, 0xfc, 0x0e, 0x31, 0x00, 0x80, 0x10, 0x34, 0x64, 0xb0, 0x4a, 0xa5,
    0x90, 0x09, 0x00, 0x20, 0x4c, 0x15, 0xdf, 0x89, 0x06, 0x54, 0x2b, 0x3d,
    0x88, 0x30, 0x5d, 0x53, 0xa6, 0x91, 0xb3, 0x00, 0x10, 0xd4, 0xc0, 0xf5,
    0x30, 0xc4, 0xe2, 0xc1, 0xf2, 0xff, 0x31, 0xce, 0xb9, 0x96, 0x35, 0x94,
    0x99, 0x1d, 0xff, 0xff, 0xff, 0xff, 0xff, 0xff, 0xff, 0xff, 0xff, 0xff,
    0xff, 0xff, 0xff, 0xff, 0x0f, 0xff, 0xff, 0xff, 0xff, 0xff, 0xff, 0xff,
    0xff, 0xff, 0xff, 0xff, 0xad, 0x32, 0x00, 0x00, 0x00, 0x00, 0x6b, 0x5a,
    0x5f, 0x27, 0x6c, 0x31, 0x00, 0x00, 0x00, 0x00, 0x05, 0x17, 0x67, 0x27,
    0xae, 0x0f, 0x00, 0x00, 0x00, 0x80, 0x43, 0x0f, 0x44, 0x26, 0x70, 0xe0,
    0xff, 0xff, 0xff, 0x80, 0x40, 0xeb, 0x4e, 0x27, 0xae, 0xc2, 0xff, 0xff,
    0xff, 0x80, 0xf8, 0xc4, 0x66, 0x27, 0x7a, 0xdc, 0xff, 0xff, 0xff, 0x80,
    0x52, 0xd2, 0x67, 0x27, 0x9d, 0x05, 0x00, 0x00, 0x00, 0x80, 0x2a, 0x9f,
    0x69, 0x27, 0xfc, 0x24, 0x00, 0x00, 0x00, 0x80, 0x3c, 0x63, 0x5b, 0x27,
    0x8e, 0xba, 0xff, 0xff, 0xff, 0x00, 0x4c, 0x09, 0x51, 0x27, 0x82, 0x13,
    0x00, 0x00, 0x00, 0x00, 0xb1, 0x17, 0x41, 0x26, 0xa8, 0xd4, 0xff, 0xff,
    0xff, 0x80, 0x16, 0x5c, 0x43, 0x26, 0x92, 0x1a, 0x00, 0x00, 0x00, 0x80,
    0x2f, 0x50, 0x5c, 0x26, 0x44, 0xbf, 0xff, 0xff, 0xff, 0x00, 0xcc, 0x6f,
    0x58, 0x27, 0xfa, 0xe2, 0xff, 0xff, 0xff, 0x80, 0x55, 0x43, 0x53, 0x27,
    0x04, 0x2b, 0x00, 0x00, 0x00, 0x00, 0x19, 0xea, 0x76, 0x27, 0x7a, 0xb3,
    0xff, 0xff, 0xff, 0x80, 0x02, 0x8d, 0x5f, 0x27, 0x70, 0x0a, 0x5c, 0x01,
    0x0c, 0x00, 0xd2, 0x8f, 0xd7, 0xa2, 0xc3, 0x66, 0x32, 0x26, 0x00, 0x40,
    0x48, 0x73, 0xc8, 0xdf, 0x88, 0x04, 0x9a, 0x0e, 0x00, 0xd7, 0x1d, 0x0d,
    0x80, 0x83, 0xb2, 0xfc, 0xe9, 0x1e, 0x9e, 0x60, 0x50, 0x2a, 0x20, 0x10,
    0xcf, 0x00, 0xb0, 0x3a, 0x06, 0x84, 0xa7, 0x0f, 0x1b, 0x69, 0x03, 0x00,
    0x7c, 0x01, 0x40, 0xf2, 0x40, 0x2a, 0x3b, 0x10, 0x1d, 0x02, 0xd9, 0x1c,
    0x01, 0x38, 0x18, 0x96, 0x00, 0xd0, 0x1a, 0x1c, 0x01, 0x88, 0x64, 0x40,
    0x92, 0x01, 0x00, 0x00, 0xd1, 0x05, 0x81, 0x0a, 0x52, 0x05, 0xf7, 0xb0,
    0xb1, 0xc7, 0x2c, 0x3b, 0x88, 0x65, 0x32, 0x00, 0x70, 0x8f, 0xfc, 0xb2,
    0x86, 0xe0, 0x67, 0xd4, 0x0f, 0x00, 0x6d, 0x8a, 0xfd, 0x95, 0x27, 0x9e,
    0x47, 0xb4, 0x0f, 0x0a, 0x27, 0x51, 0x24, 0x2c, 0x66, 0x6c, 0x00, 0xb0,
    0x93, 0x89, 0x5c, 0x28, 0x2b, 0x24, 0x27, 0x0e, 0x00, 0xfd, 0xa3, 0x1c,
    0x77, 0xb0, 0xfc, 0x5e, 0xed, 0xba, 0xbd, 0x60, 0x3a, 0xa7, 0x73, 0x61,
    0x93, 0x00, 0x50, 0xda, 0x2f, 0xf8, 0x03, 0xb5, 0xb4, 0x80, 0x0f, 0x00,
    0x02, 0x85, 0x6e, 0x19, 0xaa, 0x49, 0x81, 0x4f, 0x4d, 0xbc, 0x84, 0x6e,
    0xb8, 0x1f, 0xbb, 0x28, 0x00, 0x70, 0xf4, 0xf5, 0x55, 0xc4, 0x35, 0x74,
    0x84, 0xf2, 0xff, 0x11, 0x70, 0x19, 0x30, 0xfc, 0x0a, 0x43, 0x63, 0xff,
    0x9f, 0x77, 0x59, 0x57, 0x6b, 0x68, 0x31, 0x18, 0x04, 0x00, 0x00, 0x60,
    0xd5, 0xd1, 0xe6, 0x5a, 0x13, 0x23, 0x82, 0x05, 0x00, 0xad, 0xac, 0xfc,
    0x18, 0x77, 0x3f, 0x7a, 0xfc, 0x4b, 0xa6, 0x62, 0x85, 0x28, 0x61, 0xfd,
    0x45, 0x00, 0x40, 0x61, 0x5a, 0x01, 0xbc, 0xf4, 0xf7, 0x2e, 0x0b, 0x00,
    0x1f, 0x50, 0x62, 0x2d, 0x37, 0x32, 0x7f, 0x2c, 0x91, 0x17, 0x9e, 0x18,
    0x1c, 0xab, 0xc9, 0x52, 0x02, 0x00, 0x1b, 0x36, 0x9c, 0xf9, 0x35, 0xea,
    0xb7, 0x04, 0x00, 0x7d, 0x40, 0x9f, 0xda, 0x5c, 0x68, 0xaa, 0x44, 0x04,
    0xf5, 0x03, 0x8c, 0xe7, 0x4e, 0x62, 0x60, 0x00, 0x00, 0x45, 0xda, 0xca,
    0x8f, 0xdd, 0x20, 0x95, 0x00, 0x00, 0x49, 0x0c, 0x8f, 0x1b, 0xfc, 0xc8,
    0x52, 0x4c, 0xfd, 0x61, 0x73, 0x7a, 0x91, 0x28, 0x43, 0x30, 0x00, 0x50,
    0x24, 0x83, 0xb9, 0xe3, 0x2e, 0xb4, 0xb2, 0x03, 0x00, 0x33, 0x0f, 0xeb,
    0x45, 0x7a, 0x12, 0x0a, 0x46, 0x57, 0x74, 0x0f, 0x4b, 0x0a, 0xf5, 0x77,
    0x76, 0x00, 0xb0, 0x23, 0x21, 0xa4, 0x88, 0x59, 0x6b, 0xd4, 0x03, 0x00,
    0x3f, 0x41, 0xfd, 0x19, 0xbe, 0x3c, 0x0a, 0xe8, 0x4b, 0xb2, 0x2d, 0x1a,
    0x71, 0x49, 0x87, 0xa4, 0x00, 0x40, 0x6c, 0xea, 0x28, 0x17, 0x70, 0x11,
    0xc7, 0xff, 0xff, 0xf5, 0xc0, 0x2c, 0x2c, 0x0a, 0xb8, 0x7c, 0xff, 0x0f,
    0x00, 0xff, 0xff, 0xff, 0xff, 0xff, 0xff, 0xff, 0xff, 0xff, 0xff, 0xff,
    0xc4, 0x05, 0x00, 0x00, 0x00, 0x29, 0x4d, 0x25, 0x6c, 0x28, 0x24, 0x07,
    0x00, 0x00, 0x00, 0xd1, 0x8f, 0x11, 0x7e, 0x28, 0xb6, 0xfc, 0xff, 0xff,
    0xff, 0x51, 0xfd, 0x3c, 0x45, 0x27, 0x2d, 0xff, 0xff, 0xff, 0xff, 0xa4,
    0x16, 0x63, 0x6f, 0x28, 0x29, 0x08, 0x00, 0x00, 0x00, 0x88, 0xb4, 0xa1,
    0x50, 0x27, 0x9b, 0xe0, 0xff, 0xff, 0xff, 0xcf, 0x64, 0x97, 0x73, 0x28,
    0x38, 0x0e, 0x00, 0x00, 0x00, 0x90, 0x44, 0xfb, 0x51, 0x28, 0x22, 0x1c,
    0x00, 0x00, 0x00, 0xff, 0x83, 0xb0, 0x73, 0x28, 0x7b, 0xfc, 0xff, 0xff,
    0xff, 0x42, 0x6a, 0xd4, 0x5b, 0x27, 0x02, 0xec, 0xff, 0xff, 0xff, 0x48,
    0x8d, 0x54, 0x78, 0x28, 0x66, 0xfe, 0xff, 0xff, 0xff, 0x32, 0xb4, 0x5b,
    0x48, 0x27, 0xb6, 0xef, 0xff, 0xff, 0xff, 0x66, 0x62, 0xa4, 0x64, 0x28,
    0xc3, 0xf6, 0xff, 0xff, 0xff, 0xfa, 0xd7, 0xfd, 0x50, 0x27, 0x75, 0x00,
    0x00, 0x00, 0x00, 0xe2, 0x28, 0xd7, 0x56, 0x27, 0x9b, 0xeb, 0xff, 0xff,
    0xff, 0x5a, 0xe7, 0x70, 0x5b, 0x28, 0x50, 0xf3, 0xff, 0xff, 0xff, 0xaa,
    0x69, 0xeb, 0x62, 0x28, 0xf0, 0x07, 0x5c, 0x01, 0x0c, 0x00, 0x4d, 0xed,
    0xd6, 0xa3, 0xf9, 0x55, 0xfd, 0x08, 0x00, 0xc0, 0x04, 0xd7, 0x51, 0xe1,
    0xd3, 0x6f, 0xd1, 0x09, 0x00, 0x00, 0x1f, 0xa3, 0x0d, 0xb3, 0x53, 0x83,
    0x21, 0x64, 0x26, 0xb3, 0x1c, 0x26, 0x29, 0xf3, 0x8a, 0x00, 0xe0, 0xb8,
    0xd7, 0x68, 0xf6, 0xd4, 0x9f, 0x90, 0x03, 0x00, 0x26, 0x39, 0x52, 0x96,
    0x56, 0x18, 0x2f, 0x70, 0x81, 0xce, 0xfc, 0x4d, 0x61, 0xf9, 0xe2, 0x95,
    0x00, 0x90, 0x62, 0xd6, 0x00, 0x40, 0xd1, 0x9f, 0xca, 0x05, 0x00, 0x92,
    0x4c, 0x08, 0x2b, 0x18, 0xbe, 0x8a, 0x80, 0x15, 0x94, 0x11, 0x8f, 0x15,
    0x98, 0x65, 0x9b, 0x00, 0x40, 0x46, 0xc5, 0x66, 0x57, 0xac, 0xc5, 0xef,
    0x03, 0x00, 0x40, 0x1d, 0x40, 0x1c, 0x84, 0x2e, 0xfd, 0x0d, 0x32, 0x4e,
    0xae, 0x8b, 0x5c, 0x28, 0x33, 0x34, 0x00, 0x80, 0x90, 0xb5, 0xa1, 0x7a,
    0xc5, 0xe6, 0xc2, 0x0f, 0xf0, 0x89, 0x76, 0xe9, 0x15, 0x8b, 0xb0, 0x83,
    0xe6, 0xff, 0xbf, 0xe5, 0x44, 0x94, 0x13, 0xd8, 0x13, 0x9b, 0xf2, 0xff,
    0xa6, 0x4d, 0x4c, 0x3d, 0xd7, 0x2e, 0x34, 0x22, 0xff, 0xff, 0xff, 0xff,
    0xff, 0xff, 0xff, 0xff, 0xff, 0xff, 0xff, 0xff, 0x0f, 0x00, 0x00, 0x75,
    0x5a, 0x86, 0xe2, 0x6b, 0x79, 0x72, 0x02, 0x00, 0xc0, 0x11, 0x00, 0x63,
    0x06, 0xc7, 0xbf, 0x00, 0x03, 0x00, 0xa1, 0x76, 0xfc, 0xf9, 0x12, 0xb8,
    0xcd, 0x6b, 0x80, 0x61, 0x4c, 0x7d, 0x7f, 0xfc, 0x18, 0x60, 0x00, 0xe0,
    0x53, 0x34, 0xc1, 0x44, 0x52, 0x2c, 0x10, 0x02, 0x00, 0x9f, 0x05, 0x0a,
    0x52, 0x58, 0x3c, 0xf6, 0xf9, 0x1d, 0xfd, 0x94, 0x84, 0xca, 0xa5, 0xe7,
    0xe4, 0x00, 0x30, 0xc0, 0x8f, 0x04, 0xba, 0x45, 0xb0, 0x13, 0x00, 0x02,
    0xc0, 0x68, 0x9d, 0x24, 0x01, 0x39, 0xfc, 0xa1, 0x7d, 0x5f, 0x40, 0x2f,
    0x39, 0xc5, 0x17, 0x20, 0x00, 0xc0, 0x91, 0xc3, 0xeb, 0x96, 0xc3, 0x5b,
    0xf2, 0x00, 0x00, 0x52, 0x2a, 0x68, 0x2b, 0x63, 0xac, 0x15, 0x3f, 0x4b,
    0x4f, 0x26, 0x59, 0x00, 0xfc, 0xc4, 0xf6, 0x00, 0xf0, 0xb0, 0x68, 0xb5,
    0xd8, 0x4f, 0xe9, 0x6d, 0xfe, 0xff, 0x30, 0x55, 0xca, 0x2c, 0x96, 0x60,
    0x6e, 0xff, 0xff, 0xff, 0xff, 0xff, 0xff, 0xff, 0xff, 0xff, 0xff, 0xff,
    0xff, 0xff, 0xff, 0x0f, 0xff, 0xff, 0xff, 0xff, 0xff, 0xff, 0xff, 0xff,
    0xff, 0xff, 0xff, 0xff, 0xc5, 0x2f, 0x00, 0x00, 0x00, 0x00, 0x2f, 0x46,
    0x6c, 0x27, 0x47, 0xfa, 0xff, 0xff, 0xff, 0x00, 0xf2, 0x85, 0x4f, 0x26,
    0xbe, 0xca, 0xff, 0xff, 0xff, 0x00, 0x71, 0x0a, 0x5a, 0x27, 0xc5, 0xf0,
    0xff, 0xff, 0xff, 0x80, 0x11, 0x85, 0x74, 0x27, 0xae, 0x3f, 0x00, 0x00,
    0x00, 0x80, 0xbe, 0x4a, 0x6f, 0x27, 0x76, 0xe8, 0xff, 0xff, 0xff, 0x80,
    0x15, 0xbb, 0x56, 0x27, 0xa7, 0x62, 0x00, 0x00, 0x00, 0x00, 0x4e, 0xb3,
    0x46, 0x27, 0xe0, 0x5e, 0x00, 0x00, 0x00, 0x80, 0xe7, 0xbe, 0x67, 0x27,
    0xa4, 0x3f, 0x00, 0x00, 0x00, 0x80, 0xfc, 0xe3, 0x45, 0x27, 0x9b, 0xc0,
    0xff, 0xff, 0xff, 0x80, 0x69, 0x3c, 0x43, 0x27, 0x80, 0x30, 0x00, 0x00,
    0x00, 0x80, 0x2d, 0x71, 0x60, 0x27, 0xdc, 0x09, 0x00, 0x00, 0x00, 0x00,
    0xfd, 0x76, 0x5d, 0x26, 0xf9, 0xfe, 0xff, 0xff, 0xff, 0x80, 0x2f, 0x02,
    0x61, 0x27, 0x15, 0x4a, 0x00, 0x00, 0x00, 0x00, 0x45, 0x8c, 0x4c, 0x27,
    0x66, 0x1d, 0x00, 0x00, 0x00, 0x80, 0xc7, 0x23, 0x7b, 0x27, 0x9a, 0x57,
    0x00, 0x00, 0x00, 0x80, 0xd6, 0xbf, 0x5c, 0x27, 0xf6, 0x03, 0x5c, 0x00,
    0x2c, 0x99, 0xca, 0x24, 0xd0, 0xfb, 0xf3, 0x10, 0xb2, 0x93, 0xb2, 0xaa,
    0x03, 0x08, 0x6a, 0x3a, 0x23, 0xfb, 0x48, 0xa9, 0x92, 0xf9, 0x72, 0xb8,
    0x38, 0xe9, 0x20, 0x76, 0x67, 0x64, 0xfd, 0x7f, 0xc3, 0x62, 0x6f, 0x52,
    0x61, 0xc4, 0x56, 0xb9, 0xc4, 0xf5, 0x41, 0xa8, 0x70, 0xee, 0x2f, 0x14,
    0xd3, 0xe5, 0x5f, 0xe4, 0xff, 0x2f, 0x53, 0x94, 0xb0, 0x99, 0xb4, 0xc4,
    0xdd, 0x99, 0x96, 0x0d, 0xf9, 0xd8, 0xa8, 0x8c, 0x05, 0x4a, 0x92, 0xbe,
    0x18, 0x8e, 0xe7, 0x4f, 0xe7, 0xa1, 0x78, 0x9d, 0xc4, 0x55, 0x78, 0x31,
    0x59, 0x57, 0xc4, 0x30, 0xec, 0x20, 0x0a, 0x59, 0xd6, 0xc0, 0x2c, 0x7d,
    0xf8, 0xcf, 0x49, 0x78, 0xf3, 0xa0, 0xff, 0xc1, 0xe6, 0x70, 0x38, 0xd3,
    0x17, 0xb7, 0x06, 0xf4, 0x9f, 0x26, 0x40, 0x6e, 0x62, 0xbb, 0x6a, 0x35,
    0x10, 0x10, 0x10, 0x10, 0x10, 0x10, 0x10, 0x60, 0x00, 0x40, 0x00, 0x80,
    0xfe, 0x03, 0x9c, 0x75, 0x26, 0xad, 0xdf, 0x1b, 0x94, 0x87, 0x8d, 0x64,
    0xf8, 0xf1, 0xe5, 0x10, 0xae, 0x0d, 0xb1, 0x7f, 0xc3, 0xf0, 0x83, 0x1b,
    0x7f, 0xe3, 0xb6, 0x00, 0xff, 0x2e, 0xcf, 0xe2, 0x74, 0x07, 0x33, 0x26,
    0x61, 0x90, 0xff, 0xb1, 0xdb, 0xff, 0x39, 0x03, 0xf8, 0x53, 0x32, 0x4e,
    0xe7, 0xec, 0x7f, 0x0d, 0xbb, 0x96, 0x26, 0xbb, 0xd4, 0xbd, 0x1f, 0x52,
    0x71, 0x38, 0x2c, 0x11, 0x2c, 0x0a, 0x21, 0xa5, 0x52, 0x1e, 0xac, 0xe1,
    0x88, 0xa0, 0x24, 0xc8, 0x8d, 0x0f, 0x0b, 0xba, 0xfb, 0xc9, 0xab, 0x5b,
    0x60, 0x5a, 0x32, 0x91, 0xa7, 0x96, 0xc7, 0xc4, 0xa9, 0x44, 0x9b, 0x01,
    0x26, 0xdd, 0xab, 0x13, 0x47, 0x13, 0x25, 0xed, 0x70, 0x2a, 0x9d, 0x66,
    0xb9, 0x7f, 0x18, 0xd6, 0x5d, 0x9c, 0x30, 0x5d, 0xaa, 0x97, 0xfe, 0xff,
    0xcb, 0xdc, 0x88, 0x80, 0x80, 0x80, 0x80, 0x80, 0x80, 0x80, 0x80, 0xff,
    0xff, 0xff, 0xff, 0xff, 0x81, 0xf3, 0xff, 0xff, 0xff, 0x72, 0x79, 0xb4,
    0x68, 0x28, 0x79, 0xf7, 0xff, 0xff, 0xff, 0x90, 0x94, 0x01, 0x67, 0x28,
    0xd7, 0xe6, 0xff, 0xff, 0xff, 0x1a, 0x35, 0xc9, 0x66, 0x28, 0xde, 0x04,
    0x00, 0x00, 0x00, 0x17, 0xa0, 0xff, 0x74, 0x28, 0x15, 0x04, 0x00, 0x00,
    0x00, 0xa5, 0x8d, 0xef, 0x78, 0x28, 0x48, 0xfa, 0xff, 0xff, 0xff, 0x72,
    0x2a, 0xde, 0x4f, 0x28, 0xc7, 0x1c, 0x00, 0x00, 0x00, 0xb2, 0x8d, 0x98,
    0x4d, 0x27, 0x44, 0x11, 0x00, 0x00, 0x00, 0xc8, 0x9e, 0x2b, 0x40, 0x27,
    0x42, 0x13, 0x00, 0x00, 0x00, 0x11, 0x1a, 0xfb, 0x49, 0x27, 0x2e, 0xf7,
    0xff, 0xff, 0xff, 0x5e, 0x5c, 0xea, 0x69, 0x28, 0xc6, 0x00, 0x00, 0x00,
    0x00, 0x77, 0xb8, 0x8f, 0x74, 0x28, 0xfb, 0x18, 0x00, 0x00, 0x00, 0xb2,
    0xe6, 0xfe, 0x57, 0x28, 0x93, 0xfe, 0xff, 0xff, 0xff, 0x32, 0x98, 0xb3,
    0x7e, 0x28, 0x95, 0xff, 0xff, 0xff, 0xff, 0xeb, 0x11, 0xc8, 0x42, 0x27,
    0xce, 0xef, 0xff, 0xff, 0xff, 0x14, 0x8b, 0x4c, 0x47, 0x27, 0x99, 0x20,
    0x00, 0x00, 0x00, 0x55, 0x70, 0x5a, 0x7d, 0x28, 0xf0, 0x07, 0xdc, 0x01,
    0x0c, 0x00, 0xfc, 0x99, 0x42, 0xaa, 0x81, 0x9d, 0x45, 0x97, 0x00, 0x70,
    0xd7, 0x8b, 0xd2, 0x1d, 0x64, 0x83, 0x23, 0x0f, 0x00, 0xca, 0x97, 0xb1,
    0x55, 0x6d, 0xb7, 0xc5, 0x53, 0x3b, 0x63, 0x80, 0x3b, 0x4e, 0xfc, 0x39,
    0x3c, 0x00, 0xd0, 0x07, 0x03, 0xc3, 0xa1, 0xc3, 0xc1, 0x35, 0x07, 0x00,
    0x04, 0x18, 0x54, 0x63, 0xa4, 0x86, 0x3c, 0x9e, 0x63, 0x86, 0xbe, 0x10,
    0x06, 0x0c, 0x02, 0x03, 0x00, 0xa0, 0xf8, 0xd1, 0xc3, 0xff, 0xd6, 0x86,
    0x23, 0x0a, 0x00, 0x5a, 0x3b, 0x34, 0x05, 0x0b, 0x91, 0x25, 0x9e, 0x7b,
    0x94, 0xb1, 0xce, 0xc6, 0x8a, 0xfb, 0x53, 0x00, 0x30, 0xc9, 0x8f, 0x74,
    0x28, 0x43, 0x53, 0x15, 0x06, 0x00, 0xbc, 0x37, 0x7c, 0x25, 0x1f, 0x52,
    0x69, 0x8e, 0x18, 0xca, 0x45, 0x2f, 0xc0, 0x16, 0xfb, 0xbd, 0x00, 0x80,
    0xc4, 0x1f, 0x5d, 0xef, 0xf2, 0xf5, 0xee, 0x03, 0xf0, 0x50, 0x14, 0x05,
    0x00, 0x67, 0xfc, 0x23, 0xda, 0xff, 0x5f, 0x21, 0x7b, 0x33, 0x50, 0x2b,
    0xbf, 0x33, 0xf2, 0xff, 0x13, 0x34, 0x02, 0xc6, 0xfc, 0x50, 0xa8, 0x87,
    0xff, 0xff, 0xff, 0xff, 0xff, 0xff, 0xff, 0xff, 0xff, 0xff, 0xff, 0xff,
    0x0f, 0x00, 0x00, 0x1f, 0x68, 0x1a, 0x78, 0xc0, 0x5f, 0x9d, 0x11, 0x00,
    0x50, 0x40, 0xa1, 0x35, 0xb8, 0xb0, 0x2f, 0x9b, 0x04, 0x00, 0x6a, 0x38,
    0xe2, 0x16, 0x40, 0x54, 0x4e, 0x93, 0xce, 0xc1, 0x04, 0x8d, 0x83, 0x49,
    0x47, 0x37, 0x00, 0xd8, 0xc9, 0xc8, 0xa5, 0x70, 0xca, 0xf2, 0xb4, 0x07,
    0x00, 0x29, 0xc1, 0x36, 0xde, 0x1b, 0x09, 0xfb, 0xd9, 0x4d, 0x35, 0x26,
    0xea, 0x2a, 0xd0, 0xa8, 0x0b, 0x00, 0x70, 0xb8, 0x02, 0x20, 0x77, 0x99,
    0x42, 0xb2, 0x0f, 0x00, 0xe8, 0x4b, 0x81, 0xc1, 0x59, 0x51, 0xc0, 0x07,
    0x5b, 0x30, 0xbe, 0x08, 0x1d, 0x40, 0x6a, 0x2a, 0x00, 0xc0, 0xbf, 0xe4,
    0x13, 0x60, 0xc3, 0x45, 0x06, 0x03, 0x00, 0xfc, 0x41, 0x4d, 0x04, 0x18,
    0x1e, 0x2f, 0x17, 0x72, 0xfb, 0x21, 0x7d, 0x0f, 0xf6, 0x64, 0x0f, 0x00,
    0x20, 0x00, 0x4a, 0xa2, 0x33, 0x5a, 0xf0, 0xc4, 0xff, 0xff, 0xb3, 0x1c,
    0x5e, 0x26, 0x6a, 0x18, 0x11, 0xff, 0xff, 0xff, 0xff, 0xff, 0xff, 0xff,
    0xff, 0xff, 0xff, 0xff, 0xff, 0xff, 0xff, 0x0f, 0xff, 0xff, 0xff, 0xff,
    0xff, 0xff, 0xff, 0xff, 0xff, 0xff, 0xff, 0xff, 0xe8, 0x2e, 0x00, 0x00,
    0x00, 0x00, 0x62, 0x7d, 0x43, 0x27, 0xcc, 0x53, 0x00, 0x00, 0x00, 0x80,
    0x93, 0x90, 0x59, 0x27, 0xa2, 0xbb, 0xff, 0xff, 0xff, 0x80, 0xad, 0xd2,
    0x7b, 0x28, 0x99, 0x1a, 0x00, 0x00, 0x00, 0x00, 0xcd, 0xd7, 0x78, 0x27,
    0xeb, 0xd4, 0xff, 0xff, 0xff, 0x80, 0xd0, 0x10, 0x53, 0x27, 0x46, 0xce,
    0xff, 0xff, 0xff, 0x80, 0xa5, 0x70, 0x67, 0x27, 0xed, 0x75, 0x00, 0x00,
    0x00, 0x80, 0xb6, 0x6c, 0x4b, 0x27, 0x71, 0xb9, 0xff, 0xff, 0xff, 0x00,
    0xc6, 0xc4, 0x57, 0x27, 0xb8, 0x41, 0x01, 0x00, 0x00, 0x80, 0xf2, 0xaf,
    0x6d, 0x28, 0x81, 0x34, 0x00, 0x00, 0x00, 0x00, 0x39, 0x27, 0x51, 0x27,
    0xe8, 0x37, 0x00, 0x00, 0x00, 0x80, 0x1f, 0xb5, 0x41, 0x27, 0xda, 0xf6,
    0xff, 0xff, 0xff, 0x00, 0x42, 0xb7, 0x50, 0x26, 0x46, 0x34, 0x00, 0x00,
    0x00, 0x00, 0xda, 0x70, 0x4b, 0x27, 0x7a, 0xb1, 0xff, 0xff, 0xff, 0x80,
    0x58, 0xb8, 0x45, 0x27, 0x8a, 0x12, 0x00, 0x00, 0x00, 0x80, 0x2d, 0xb6,
    0x58, 0x27, 0x56, 0xdf, 0xff, 0xff, 0xff, 0x00, 0xab, 0x50, 0x50, 0x27,
    0x7e, 0x05, 0x5c, 0x00, 0x6c, 0x32, 0x16, 0xa5, 0x65, 0x5a, 0x33, 0x07,
    0x87, 0x84, 0x21, 0xb3, 0x43, 0x02, 0x08, 0xd8, 0x50, 0x51, 0xa0, 0x92,
    0xe4, 0xa5, 0xe8, 0x34, 0xc6, 0xd5, 0x24, 0x8c, 0x23, 0xa6, 0xe0, 0xb4,
    0xf6, 0xef, 0xa0, 0xa7, 0x49, 0x3d, 0x53, 0xc1, 0x9e, 0x3d, 0xfa, 0xf3,
    0x4f, 0xd4, 0xd7, 0xcb, 0x06, 0xbe, 0x34, 0x30, 0x53, 0x11, 0x32, 0x18,
    0x54, 0xa5, 0x97, 0xb7, 0xb4, 0x79, 0x8b, 0x68, 0x51, 0x83, 0xe4, 0x43,
    0xd3, 0xeb, 0x47, 0xe4, 0xd6, 0x1a, 0xad, 0xbe, 0xe9, 0xe8, 0x9c, 0x5c,
    0xf4, 0x9b, 0xda, 0x90, 0x26, 0x1a, 0x7d, 0x34, 0x01, 0x6a, 0x51, 0x25,
    0x36, 0x8d, 0x72, 0xa9, 0xfe, 0x78, 0xe1, 0xdf, 0xac, 0x62, 0x8a, 0xf4,
    0xf2, 0xaf, 0xe1, 0x0b, 0xe4, 0xef, 0x4e, 0xc3, 0xf8, 0x80, 0xc5, 0x01,
    0xc5, 0x85, 0xf5, 0x2f, 0x29, 0xfe, 0x6f, 0x26, 0x70, 0x46, 0x2d, 0x30,
    0x83, 0x53, 0x84, 0x72, 0xd4, 0x44, 0xf6, 0xb2, 0x16, 0x9b, 0xbf, 0x76,
    0x5c, 0xe6, 0xcf, 0xe2, 0x6f, 0x5c, 0x65, 0x5a, 0x92, 0x6a, 0xb0, 0x53,
    0x14, 0x4c, 0xe2, 0x83, 0x54, 0x20, 0x9b, 0x26, 0x83, 0xfa, 0xda, 0xa4,
    0x43, 0x01, 0x58, 0x30, 0x1e, 0x10, 0x10, 0x10, 0x10, 0x10, 0x10, 0x10,
    0xe0, 0x07, 0x00, 0xf8, 0x7f, 0x00, 0x78, 0x00, 0x30, 0x00, 0x40, 0xfc,
    0xff, 0xff, 0x1f, 0xc0, 0xb6, 0x2b, 0xe0, 0x2c, 0xa3, 0x89, 0x8e, 0x50,
    0x33, 0x0c, 0x1c, 0xac, 0xdc, 0x50, 0x72, 0xf9, 0x4f, 0x55, 0x94, 0xfe,
    0x2b, 0xb8, 0xaf, 0x69, 0xe2, 0x9b, 0x3d, 0x0a, 0xbf, 0x79, 0x92, 0xd1,
    0x98, 0xe5, 0x0d, 0x42, 0xc7, 0x09, 0x3f, 0xa1, 0xfc, 0xfb, 0x03, 0x41,
    0x88, 0x60, 0xbe, 0x7d, 0x14, 0x62, 0xdd, 0x28, 0x86, 0x09, 0xf8, 0xbb,
    0x62, 0x41, 0xfc, 0xaf, 0x6e, 0xc8, 0xec, 0x08, 0x16, 0x20, 0x4d, 0xdd,
    0x04, 0x0c, 0x99, 0xfd, 0xbc, 0x01, 0xb5, 0xbd, 0x7b, 0xfc, 0x5f, 0xe1,
    0x28, 0xce, 0xec, 0xcc, 0x1a, 0x4d, 0xd4, 0xcd, 0xb9, 0x78, 0xcf, 0x21,
    0x48, 0x95, 0xb0, 0xa5, 0xea, 0x3e, 0x34, 0xfa, 0x4e, 0x8a, 0x0d, 0x0e,
    0x3a, 0xb6, 0x49, 0xec, 0x3d, 0x19, 0xe5, 0xa1, 0xbe, 0x40, 0x6a, 0x94,
    0x77, 0xd4, 0x04, 0x32, 0x89, 0xdc, 0x45, 0xca, 0x55, 0xaf, 0x22, 0x32,
    0x4d, 0x73, 0xe4, 0x7e, 0x45, 0x36, 0x4e, 0xaf, 0xa5, 0x43, 0xf5, 0x20,
    0xe1, 0x68, 0x16, 0xfe, 0x1c, 0x95, 0x24, 0x46, 0xfd, 0xff, 0x2d, 0xd4,
    0x85, 0x4e, 0x8e, 0x19, 0x24, 0x94, 0x6a, 0x98, 0x05, 0xa4, 0xdc, 0xad,
    0xc3, 0xfd, 0xf8, 0x1d, 0x26, 0xec, 0x06, 0x04, 0x04, 0x04, 0x04, 0x04,
    0x04, 0x04, 0xf8, 0x01, 0x00, 0xfe, 0x1f, 0x00, 0x1e, 0x00, 0xfe, 0xff,
    0x4e, 0xf4, 0xff, 0xff, 0xff, 0xcb, 0x3f, 0xd7, 0x7d, 0x28, 0x1f, 0xf5,
    0xff, 0xff, 0xff, 0x7d, 0xae, 0x0a, 0x7e, 0x28, 0xda, 0x0a, 0x00, 0x00,
    0x00, 0xd9, 0x2e, 0x2c, 0x71, 0x28, 0x7c, 0xec, 0xff, 0xff, 0xff, 0x9f,
    0x56, 0x1d, 0x67, 0x28, 0xd7, 0x08, 0x00, 0x00, 0x00, 0x55, 0x03, 0x5e,
    0x45, 0x27, 0xfc, 0xf5, 0xff, 0xff, 0xff, 0x0f, 0x48, 0x6e, 0x73, 0x28,
    0x67, 0x08, 0x00, 0x00, 0x00, 0x65, 0x2c, 0x65, 0x65, 0x27, 0x4e, 0x1c,
    0x00, 0x00, 0x00, 0x0f, 0x25, 0xa0, 0x42, 0x27, 0x16, 0x1c, 0x00, 0x00,
    0x00, 0xbf, 0xb8, 0x2f, 0x69, 0x27, 0xc8, 0xee, 0xff, 0xff, 0xff, 0x9b,
    0xbb, 0x0a, 0x4a, 0x27, 0x53, 0xea, 0xff, 0xff, 0xff, 0x27, 0xa6, 0x51,
    0x41, 0x27, 0xd5, 0xf4, 0xff, 0xff, 0xff, 0xfd, 0xfb, 0x05, 0x43, 0x27,
    0xbf, 0x0b, 0x00, 0x00, 0x00, 0x6b, 0x01, 0xcd, 0x63, 0x27, 0x9c, 0x14,
    0x00, 0x00, 0x00, 0xe7, 0xcb, 0xb5, 0x7c, 0x28, 0x8a, 0xd7, 0xff, 0xff,
    0xff, 0x39, 0x74, 0x3e, 0x40, 0x27, 0x4e, 0x11, 0x00, 0x00, 0x00, 0x10,
    0xa2, 0x6a, 0x58, 0x27, 0xe8, 0x07, 0x5c, 0x01, 0x0c, 0x00, 0x06, 0x33,
    0xfc, 0x6d, 0x98, 0x00, 0xb8, 0x9f, 0x00, 0xc0, 0xa2, 0x20, 0x23, 0xc9,
    0xb4, 0x30, 0xcd, 0x08, 0x00, 0x36, 0xb6, 0x36, 0x92, 0xfd, 0x3c, 0x75,
    0x1e, 0x24, 0x4d, 0xda, 0x8c, 0x3e, 0x54, 0x59, 0x29, 0x00, 0xa0, 0x70,
    0xd7, 0x62, 0xb8, 0x21, 0x90, 0xa0, 0x0f, 0x00, 0x51, 0x01, 0x50, 0x05,
    0x24, 0x7e, 0x13, 0x16, 0xfc, 0x79, 0x3d, 0x21, 0x71, 0x07, 0x2b, 0x6f,
    0x00, 0xc0, 0x58, 0xfa, 0xf9, 0x2a, 0xee, 0xd0, 0x55, 0x0c, 0x00, 0x0e,
    0x63, 0xcc, 0x3f, 0x59, 0x48, 0x4a, 0x0e, 0x1f, 0xc6, 0x2b, 0x8a, 0x21,
    0xfd, 0x5a, 0x63, 0x00, 0xd0, 0xa3, 0x45, 0x37, 0xf3, 0x92, 0xd8, 0x37,
    0x49, 0x02, 0xb4, 0xe3, 0xce, 0xfd, 0x50, 0xd0, 0x73, 0x44, 0x76, 0xa8,
    0xfd, 0xed, 0x0a, 0x57, 0xfc, 0x83, 0x00, 0x80, 0xd6, 0x5f, 0x45, 0x1a,
    0x5c, 0x20, 0x41, 0x00, 0xf0, 0x20, 0x57, 0x8a, 0x4e, 0x7c, 0x3f, 0xb4,
    0xfd, 0xff, 0xff, 0x7b, 0x47, 0xfd, 0x50, 0x2c, 0x33, 0xd6, 0xf9, 0xff,
    0x82, 0x0e, 0x38, 0x89, 0x10, 0x4a, 0x25, 0x90, 0xff, 0xff, 0xff, 0xff,
    0xff, 0xff, 0xff, 0xff, 0xff, 0xff, 0xff, 0xff, 0x0f, 0x00, 0x00, 0x37,
    0x38, 0x2b, 0x3c, 0x72, 0x27, 0xa3, 0x29, 0x00, 0x90, 0x40, 0xc3, 0x2f,
    0xf5, 0xc1, 0x59, 0x73, 0x06, 0x00, 0x40, 0x76, 0x4a, 0x18, 0xd6, 0x63,
    0x5c, 0x46, 0x33, 0x40, 0x65, 0x26, 0x86, 0x1d, 0x11, 0x87, 0x00, 0xd0,
    0x6e, 0x30, 0x36, 0xda, 0x0f, 0xe2, 0xd3, 0x04, 0x00, 0x7e, 0x06, 0x1c,
    0xde, 0x12, 0xab, 0x14, 0x4e, 0x1d, 0x11, 0x1e, 0x20, 0x03, 0x1e, 0x07,
    0x7f, 0x00, 0x70, 0xf6, 0x30, 0x72, 0x62, 0xd1, 0xcf, 0xbf, 0x0b, 0x00,
    0xb1, 0x8f, 0xac, 0x35, 0x96, 0xde, 0x22, 0x65, 0xb3, 0xde, 0x27, 0x2c,
    0x9c, 0x2a, 0x20, 0x77, 0x00, 0x60, 0xd9, 0xcf, 0x01, 0xd1, 0x06, 0x43,
    0x17, 0x05, 0x00, 0x72, 0x95, 0x0e, 0x12, 0xfd, 0x9d, 0x8a, 0x71, 0xb2,
    0x95, 0x17, 0x32, 0x8a, 0xd0, 0xfc, 0x38, 0x00, 0x40, 0x0c, 0xa8, 0xc2,
    0x66, 0xa2, 0xd0, 0xef, 0xf2, 0xff, 0x1c, 0x08, 0xb6, 0x97, 0x79, 0x23,
    0xff, 0xff, 0xff, 0xff, 0xff, 0xff, 0xff, 0xff, 0xff, 0xff, 0xff, 0xff,
    0xff, 0xff, 0x0f, 0xff, 0xff, 0xff, 0xff, 0xff, 0xff, 0xff, 0xff, 0xff,
    0xff, 0xff, 0xff, 0xff, 0xb0, 0xef, 0xff, 0xff, 0xff, 0x00, 0xd1, 0xd7,
    0x65, 0x27, 0x43, 0xbc, 0xff, 0xff, 0xff, 0x00, 0x6e, 0x43, 0x54, 0x27,
    0x43, 0xd7, 0xff, 0xff, 0xff, 0x80, 0x1d, 0x75, 0x44, 0x27, 0x53, 0x22,
    0x00, 0x00, 0x00, 0x80, 0x89, 0x60, 0x68, 0x27, 0x40, 0x64, 0xff, 0xff,
    0xff, 0x80, 0xfa, 0xfa, 0x7f, 0x28, 0x11, 0x0b, 0x00, 0x00, 0x00, 0x80,
    0xe7, 0x05, 0x76, 0x27, 0x9e, 0xed, 0xff, 0xff, 0xff, 0x00, 0x52, 0xc0,
    0x48, 0x27, 0x91, 0x43, 0x00, 0x00, 0x00, 0x80, 0x8b, 0x7f, 0x4c, 0x27,
    0x94, 0xfb, 0xff, 0xff, 0xff, 0x80, 0x65, 0x2d, 0x5a, 0x27, 0xa2, 0xb0,
    0xff, 0xff, 0xff, 0x00, 0xbe, 0xa4, 0x4d, 0x27, 0x57, 0x34, 0x00, 0x00,
    0x00, 0x80, 0x48, 0xdd, 0x42, 0x27, 0x29, 0xf8, 0xff, 0xff, 0xff, 0x80,
    0x9b, 0x63, 0x4f, 0x26, 0x45, 0x33, 0x00, 0x00, 0x00, 0x00, 0x13, 0xc0,
    0x5f, 0x27, 0x16, 0x76, 0x00, 0x00, 0x00, 0x00, 0x92, 0x32, 0x5a, 0x27,
    0xe1, 0xad, 0xff, 0xff, 0xff, 0x80, 0x56, 0x16, 0x7c, 0x28, 0x5d, 0x8f,
    0xff, 0xff, 0xff, 0x80, 0x03, 0xcd, 0x4c, 0x27, 0xfe, 0x07, 0x5c, 0x00,
    0xec, 0x55, 0x39, 0x2f, 0xe3, 0x9f, 0xa2, 0xe3, 0xef, 0x6a, 0xf5, 0x5b,
    0xc4, 0xf3, 0x66, 0x2b, 0x33, 0xb9, 0x07, 0x3e, 0xb5, 0xfa, 0xf0, 0xaa,
    0xfb, 0xf7, 0x41, 0xe1, 0xab, 0xc6, 0xb2, 0x0f, 0x1d, 0x81, 0xc0, 0xfd,
    0x28, 0x56, 0x88, 0x36, 0x25, 0x25, 0x96, 0xf5, 0xd7, 0xba, 0xe8, 0x3a,
    0x87, 0xe3, 0xa5, 0xd3, 0x6e, 0xce, 0xb3, 0xdc, 0x14, 0xa6, 0xae, 0x14,
    0x27, 0x6b, 0xb4, 0xb4, 0x15, 0xea, 0xef, 0x6f, 0x29, 0xce, 0x5f, 0x73,
    0xe8, 0xe1, 0xb5, 0x42, 0xc1, 0x63, 0xe7, 0xcc, 0x67, 0xa5, 0x93, 0x35,
    0x82, 0x71, 0xeb, 0x59, 0x2f, 0x36, 0x59, 0xfa, 0x8f, 0xf5, 0x7f, 0x91,
    0x70, 0xc7, 0x45, 0x6a, 0x32, 0x75, 0xfb, 0x7b, 0x88, 0xa0, 0xe6, 0x7d,
    0xa6, 0x81, 0xb1, 0xd1, 0xe7, 0x6f, 0x07, 0x41, 0x09, 0xe6, 0xe6, 0x1f,
    0x1c, 0x10, 0x10, 0x10, 0x10, 0x10, 0x10, 0x10, 0x00, 0xe2, 0x5a, 0x2c,
    0xd9, 0x22, 0x32, 0xe0, 0xbf, 0x80, 0xd8, 0xe9, 0xff, 0xdf, 0xe1, 0x2f,
    0x03, 0xd9, 0xb2, 0x43, 0xc4, 0xfa, 0xa4, 0x30, 0x2a, 0xa5, 0x01, 0x6d,
    0x0a, 0x21, 0x62, 0xe2, 0xf8, 0xdf, 0xc2, 0xf4, 0x30, 0x77, 0x03, 0x35,
    0x0b, 0xe6, 0x98, 0xb9, 0xa9, 0xb6, 0xb8, 0x83, 0x6b, 0x41, 0x91, 0xaa,
    0xc8, 0x62, 0xb1, 0xd5, 0x67, 0xea, 0x38, 0xea, 0x51, 0xfd, 0x8f, 0xca,
    0xc3, 0x17, 0xc0, 0x88, 0x4d, 0xbb, 0x57, 0x62, 0x5a, 0x93, 0x06, 0xf2,
    0x96, 0x16, 0x41, 0x08, 0x33, 0x3c, 0x27, 0x32, 0x7b, 0xd2, 0xc7, 0xf5,
    0x85, 0x82, 0xa6, 0xba, 0x34, 0x70, 0x22, 0x6d, 0x92, 0xe6, 0x8a, 0xf1,
    0x77, 0x44, 0xc4, 0x8c, 0xb7, 0xe6, 0x1f, 0x0d, 0xc4, 0xa8, 0xe5, 0xc0,
    0xc1, 0x21, 0xfa, 0x9f, 0xbd, 0xe6, 0x00, 0xd9, 0x10, 0x10, 0x10, 0x10,
    0x10, 0x10, 0x10, 0x10, 0xf0, 0xff, 0xff, 0xff, 0xff, 0xff, 0xff, 0xff,
    0xff, 0xff, 0xff, 0xff, 0xf1, 0xfd, 0xff, 0xff, 0xff, 0xda, 0xa2, 0x86,
    0x4d, 0x27, 0xc7, 0x16, 0x00, 0x00, 0x00, 0xbf, 0x48, 0xeb, 0x7c, 0x28,
    0xd1, 0xe4, 0xff, 0xff, 0xff, 0x1f, 0x1b, 0x9a, 0x5e, 0x27, 0xf0, 0x08,
    0x00, 0x00, 0x00, 0x3d, 0x15, 0xe1, 0x73, 0x28, 0xd8, 0x0e, 0x00, 0x00,
    0x00, 0x1c, 0x68, 0xe6, 0x41, 0x27, 0xf6, 0xf6, 0xff, 0xff, 0xff, 0x85,
    0x79, 0x92, 0x68, 0x28, 0x18, 0x1a, 0x00, 0x00, 0x00, 0x2c, 0x8f, 0xbc,
    0x78, 0x28, 0xf4, 0x0a, 0x00, 0x00, 0x00, 0xfb, 0x75, 0x1a, 0x6c, 0x28,
    0x01, 0x0e, 0x00, 0x00, 0x00, 0x04, 0x0d, 0x6e, 0x7a, 0x28, 0x28, 0x0d,
    0x00, 0x00, 0x00, 0x19, 0x7f, 0xfd, 0x7a, 0x28, 0x39, 0xff, 0xff, 0xff,
    0xff, 0x99, 0xde, 0x43, 0x7a, 0x28, 0x20, 0xfb, 0xff, 0xff, 0xff, 0x2e,
    0x9f, 0x26, 0x53, 0x28, 0xc0, 0x16, 0x00, 0x00, 0x00, 0x4e, 0xd1, 0xee,
    0x7c, 0x28, 0x9c, 0xf5, 0xff, 0xff, 0xff, 0xc0, 0xd1, 0x3a, 0x51, 0x27,
    0x5c, 0xe4, 0xff, 0xff, 0xff, 0x48, 0x77, 0xb3, 0x41, 0x27, 0x95, 0x0e,
    0x00, 0x00, 0x00, 0x1a, 0xb2, 0x42, 0x42, 0x27, 0xf0, 0x07, 0x5c, 0x02,
    0x0c, 0x00, 0x4c, 0x90, 0xce, 0x9d, 0x27, 0x91, 0x68, 0x07, 0x00, 0x40,
    0x9b, 0x29, 0xb2, 0xdf, 0x55, 0x04, 0x04, 0x09, 0x00, 0x3a, 0x73, 0x43,
    0x56, 0x65, 0xfa, 0x22, 0x28, 0x4c, 0xad, 0x3b, 0x3a, 0x08, 0x91, 0x8e,
    0x1c, 0x00, 0xf0, 0x21, 0x43, 0x12, 0xc0, 0xa9, 0x90, 0xb8, 0x0f, 0x00,
    0xd9, 0x53, 0x64, 0x18, 0x41, 0xa9, 0xfa, 0xcf, 0xf9, 0x3a, 0xd9, 0xfb,
    0x22, 0x62, 0xd0, 0x41, 0x00, 0x10, 0xbd, 0x6f, 0x36, 0xc3, 0x23, 0x42,
    0xeb, 0x17, 0x00, 0x5e, 0x76, 0x1c, 0x78, 0xfb, 0x3c, 0x2e, 0xc5, 0x59,
    0x75, 0x21, 0xd5, 0xe7, 0x10, 0x6b, 0x32, 0x00, 0xd0, 0x03, 0xc3, 0x0a,
    0xa6, 0xb8, 0x04, 0xc7, 0x00, 0x00, 0x12, 0x75, 0x99, 0x2c, 0xfb, 0x08,
    0xd5, 0xb5, 0xea, 0x60, 0x7f, 0x14, 0x1e, 0x84, 0x35, 0x70, 0x00, 0x50,
    0x63, 0x22, 0x22, 0x9a, 0x86, 0xc0, 0x91, 0x04, 0xf0, 0x84, 0xcb, 0xc7,
    0xb0, 0x3e, 0x37, 0x05, 0x57, 0xff, 0x8f, 0xf3, 0xa8, 0x59, 0x84, 0xe1,
    0x38, 0xe8, 0xf5, 0xff, 0xaf, 0x24, 0x74, 0x75, 0xd0, 0x53, 0x9c, 0x96,
    0xff, 0xff, 0xff, 0xff, 0xff, 0xff, 0xff, 0xff, 0xff, 0xff, 0xff, 0xff,
    0x0f, 0x00, 0x00, 0xbf, 0x5e, 0x1d, 0x82, 0x83, 0x56, 0xfb, 0xad, 0x00,
    0x30, 0x2c, 0x54, 0xa4, 0x1f, 0xb4, 0xe7, 0xcb, 0x05, 0x00, 0xe6, 0xbc,
    0xc3, 0x5c, 0x3d, 0xe7, 0xe9, 0x0c, 0x18, 0x96, 0xd8, 0x12, 0x69, 0xfb,
    0xe8, 0xdc, 0x00, 0x80, 0x78, 0xbd, 0x8f, 0x83, 0x86, 0x84, 0x29, 0x09,
    0x00, 0xc2, 0x48, 0x3c, 0x60, 0x04, 0xfb, 0x3e, 0x92, 0xb8, 0xab, 0x84,
    0x1a, 0x00, 0xbc, 0xbf, 0x5f, 0x00, 0xb0, 0x0f, 0xf5, 0xc2, 0xd8, 0xf5,
    0xa3, 0x50, 0x05, 0x00, 0x22, 0x30, 0x47, 0xef, 0x23, 0x0a, 0x7a, 0xbd,
    0x1c, 0x68, 0x4e, 0x63, 0x2b, 0x78, 0x16, 0xfb, 0x00, 0x00, 0x25, 0xdd,
    0xd5, 0x15, 0x29, 0x2b, 0x10, 0x06, 0x00, 0x67, 0x0e, 0x35, 0x99, 0xf3,
    0x95, 0x98, 0x0e, 0x54, 0x94, 0x58, 0x5c, 0x64, 0x3f, 0xab, 0x76, 0x00,
    0xe0, 0xe0, 0xf3, 0x24, 0xc1, 0xc4, 0x60, 0xd9, 0xf6, 0xff, 0xbb, 0xfb,
    0x58, 0x89, 0x68, 0x18, 0x40, 0xff, 0xff, 0xff, 0xff, 0xff, 0xff, 0xff,
    0xff, 0xff, 0xff, 0xff, 0xff, 0xff, 0xff, 0x0f, 0xff, 0xff, 0xff, 0xff,
    0xff, 0xff, 0xff, 0xff, 0xff, 0xff, 0xff, 0xff, 0x98, 0xbb, 0x00, 0x00,
    0x00, 0x00, 0x6c, 0xbc, 0x7d, 0x29, 0x95, 0xd5, 0xff, 0xff, 0xff, 0x00,
    0x98, 0xfe, 0x6d, 0x27, 0xa9, 0x8a, 0xff, 0xff, 0xff, 0x00, 0xdb, 0x65,
    0x5e, 0x28, 0x36, 0x36, 0x00, 0x00, 0x00, 0x00, 0xe4, 0xa1, 0x64, 0x27,
    0x2e, 0xe3, 0xff, 0xff, 0xff, 0x80, 0x72, 0xb1, 0x7e, 0x28, 0x38, 0x07,
    0x00, 0x00, 0x00, 0x00, 0x05, 0x67, 0x6c, 0x27, 0x7b, 0xf8, 0xff, 0xff,
    0xff, 0x80, 0x48, 0x2b, 0x48, 0x27, 0xc7, 0x79, 0xff, 0xff, 0xff, 0x80,
    0x76, 0x57, 0x54, 0x27, 0x16, 0xc7, 0x00, 0x00, 0x00, 0x80, 0xa7, 0x08,
    0x73, 0x28, 0x0a, 0x3b, 0x00, 0x00, 0x00, 0x80, 0x65, 0x7c, 0x72, 0x28,
    0xb9, 0x64, 0x00, 0x00, 0x00, 0x80, 0x07, 0x42, 0x60, 0x28, 0x48, 0xf9,
    0xff, 0xff, 0xff, 0x00, 0x1c, 0x49, 0x65, 0x26, 0xc6, 0x2c, 0x00, 0x00,
    0x00, 0x00, 0x0f, 0x71, 0x4a, 0x27, 0xd6, 0xd5, 0xff, 0xff, 0xff, 0x00,
    0xb8, 0x0a, 0x5c, 0x28, 0x24, 0x54, 0x00, 0x00, 0x00, 0x00, 0xee, 0x1a,
    0x75, 0x28, 0xe3, 0x59, 0xff, 0xff, 0xff, 0x80, 0x40, 0xbe, 0x54, 0x28,
    0x68, 0x0a, 0x5c, 0x01, 0x0c, 0x00, 0x37, 0x0b, 0xfc, 0xd5, 0x64, 0x18,
    0x4a, 0x5b, 0x00, 0xd0, 0xa5, 0x48, 0xe4, 0xa1, 0xc0, 0x4f, 0x63, 0x03,
    0x00, 0x5d, 0x25, 0x04, 0x3d, 0x7c, 0x13, 0xe3, 0x00, 0xcd, 0xa8, 0xde,
    0xfd, 0x34, 0x47, 0x16, 0x8c, 0x00, 0xf0, 0x61, 0xe9, 0xb3, 0xa3, 0xe7,
    0xe3, 0x05, 0x05, 0x00, 0x6d, 0xc9, 0x1b, 0x00, 0x16, 0x3a, 0xc7, 0x2d,
    0x37, 0xeb, 0xa4, 0x27, 0x84, 0xf8, 0x58, 0x9b, 0x00, 0xf0, 0xd3, 0xa4,
    0x6a, 0x12, 0xb2, 0x26, 0x78, 0x06, 0x00, 0x04, 0x65, 0x4b, 0x1c, 0xfc,
    0x88, 0x01, 0x68, 0x3f, 0x54, 0x86, 0x9d, 0x01, 0x1a, 0x75, 0x27, 0x00,
    0x20, 0xc7, 0x8e, 0x47, 0xb0, 0x35, 0x16, 0x75, 0x04, 0x00, 0xc3, 0xb4,
    0x4a, 0x23, 0xca, 0x3f, 0x07, 0x21, 0xa7, 0x41, 0x56, 0x54, 0xc3, 0xab,
    0x94, 0x39, 0x00, 0xd0, 0xaf, 0xe1, 0x94, 0x33, 0x07, 0xa2, 0x6b, 0x03,
    0x00, 0x8f, 0x3a, 0x25, 0x6a, 0xae, 0xba, 0xfd, 0x8c, 0x27, 0x21, 0x7a,
    0xcd, 0xad, 0x27, 0x46, 0x28, 0x00, 0x90, 0xcc, 0xef, 0xf7, 0x3a, 0xd4,
    0x1d, 0x47, 0x09, 0x00, 0x82, 0x42, 0x20, 0x19, 0x8f, 0xf7, 0x12, 0x0b,
    0x47, 0x07, 0xa6, 0x59, 0x49, 0xbd, 0x3d, 0xfc, 0x00, 0x00, 0xd1, 0xda,
    0x05, 0x16, 0xdd, 0xca, 0xe9, 0xf8, 0xff, 0x05, 0xa2, 0x72, 0x4e, 0x26,
    0x22, 0x4c, 0x9e, 0xff, 0xef, 0xb5, 0x9e, 0xa9, 0x74, 0xe5, 0x3a, 0x1f,
    0x04, 0x00, 0x00, 0xb0, 0xd4, 0x7a, 0x57, 0x64, 0x00, 0xed, 0x67, 0x00,
    0x00, 0xb2, 0x57, 0x18, 0x7b, 0x46, 0x52, 0x4e, 0x84, 0x63, 0xb9, 0x61,
    0xfc, 0x2c, 0x2f, 0x1c, 0x2d, 0x00, 0xa2, 0xd3, 0xbf, 0x5a, 0xd6, 0x1f,
    0x7b, 0x35, 0x86, 0x00, 0x5d, 0xcb, 0x00, 0x35, 0x6d, 0xb5, 0xb8, 0x30,
    0x30, 0xfd, 0xba, 0x71, 0xcd, 0x6d, 0x47, 0x71, 0x00, 0x20, 0xd0, 0xd0,
    0xb1, 0x04, 0x1e, 0x30, 0xa4, 0x02, 0x00, 0xb7, 0x12, 0x40, 0xee, 0xd3,
    0xc4, 0x1c, 0xb3, 0x0e, 0x01, 0x11, 0xd5, 0xa5, 0x97, 0xfd, 0x68, 0x00,
    0xf0, 0x00, 0x9d, 0xb2, 0x2e, 0x16, 0x95, 0x14, 0x0b, 0x00, 0x61, 0x70,
    0x32, 0x74, 0x06, 0x3b, 0xbf, 0x18, 0x9b, 0x6a, 0x9a, 0x88, 0xb9, 0xc7,
    0x9f, 0xa4, 0x00, 0x60, 0x25, 0xe2, 0x24, 0x50, 0x71, 0x22, 0x32, 0x00,
    0x00, 0x6f, 0x2f, 0x09, 0xd0, 0x7b, 0x45, 0xa7, 0x84, 0x19, 0x3e, 0xa1,
    0xfd, 0xfd, 0xb0, 0xc5, 0x41, 0x00, 0x90, 0x74, 0x27, 0x31, 0x64, 0x05,
    0xc3, 0xc8, 0x03, 0x00, 0x2e, 0x45, 0x3c, 0x39, 0x46, 0xf8, 0x42, 0x28,
    0x20, 0x57, 0x03, 0x73, 0xf3, 0xe2, 0x6f, 0x68, 0x00, 0x80, 0x14, 0x54,
    0x4d, 0x58, 0xc8, 0x2f, 0x63, 0xfb, 0xff, 0x0a, 0x02, 0x4f, 0xd2, 0xa2,
    0x52, 0xff, 0x0f, 0x00, 0xff, 0xff, 0xff, 0xff, 0xff, 0xff, 0xff, 0xff,
    0xff, 0xff, 0xff, 0xff, 0x46, 0xfa, 0xff, 0xff, 0xff, 0x60, 0x11, 0x89,
    0x53, 0x27, 0x58, 0xe8, 0xff, 0xff, 0xff, 0x30, 0xbb, 0x03, 0x76, 0x28,
    0x15, 0x05, 0x00, 0x00, 0x00, 0xd9, 0x7a, 0x13, 0x45, 0x27, 0xee, 0xe1,
    0xff, 0xff, 0xff, 0x3d, 0xb5, 0xb3, 0x42, 0x27, 0x71, 0xf8, 0xff, 0xff,
    0xff, 0xb8, 0x31, 0xa6, 0x75, 0x28, 0x33, 0xf3, 0xff, 0xff, 0xff, 0x3c,
    0x88, 0x70, 0x46, 0x27, 0xad, 0x15, 0x00, 0x00, 0x00, 0x45, 0xd5, 0x93,
    0x62, 0x27, 0x15, 0x18, 0x00, 0x00, 0x00, 0xef, 0xff, 0x54, 0x63, 0x27,
    0x9a, 0xf8, 0xff, 0xff, 0xff, 0x8c, 0x7e, 0xa2, 0x53, 0x27, 0xca, 0x0a,
    0x00, 0x00, 0x00, 0x43, 0x80, 0xc4, 0x7d, 0x28, 0xe1, 0x11, 0x00, 0x00,
    0x00, 0x42, 0xae, 0xd6, 0x5b, 0x27, 0xbd, 0xc4, 0xff, 0xff, 0xff, 0x90,
    0x7b, 0x8b, 0x6e, 0x28, 0x1c, 0x15, 0x00, 0x00, 0x00, 0x02, 0x7e, 0xb5,
    0x5d, 0x27, 0xff, 0x0c, 0x00, 0x00, 0x00, 0xbd, 0x58, 0x07, 0x50, 0x27,
    0x5c, 0xe4, 0xff, 0xff, 0xff, 0x7a, 0x19, 0x58, 0x4e, 0x27, 0xe0, 0x0b,
    0x00, 0x00, 0x00, 0x9a, 0x83, 0x52, 0x48, 0x27, 0xf0, 0x07, 0x5c, 0x01,
    0x0c, 0x00, 0x55, 0x54, 0xd6, 0x72, 0xfd, 0x44, 0x0e, 0x1d, 0x00, 0x80,
    0x12, 0xda, 0xef, 0x6c, 0x5c, 0x25, 0xa9, 0x06, 0x00, 0x62, 0xa8, 0xe7,
    0x28, 0xfd, 0x45, 0x51, 0x0d, 0x96, 0x4e, 0x43, 0x64, 0xf2, 0x9e, 0xfc,
    0x21, 0x00, 0x70, 0x6e, 0x2d, 0xab, 0xfb, 0x63, 0x51, 0x41, 0x01, 0x00,
    0x81, 0x19, 0xfd, 0xd9, 0x6a, 0x60, 0x20, 0x5a, 0x59, 0x08, 0xfd, 0x3e,
    0x1e, 0x5d, 0x64, 0x1c, 0x00, 0x50, 0xd5, 0xbf, 0xc3, 0xe1, 0x08, 0x41,
    0xb0, 0x05, 0x00, 0x03, 0x49, 0xde, 0x51, 0x18, 0x52, 0x55, 0x08, 0x27,
    0xd5, 0x90, 0x0e, 0xb2, 0x86, 0x46, 0x64, 0x00, 0x20, 0xe1, 0xa4, 0xf0,
    0x52, 0xa4, 0xe3, 0x30, 0x0a, 0x00, 0xdd, 0x2d, 0xd7, 0x68, 0x38, 0x5b,
    0x30, 0x2e, 0x8a, 0x3f, 0x5d, 0xc8, 0xfc, 0xec, 0x77, 0x49, 0x00, 0xb0,
    0x0b, 0x6b, 0xea, 0x04, 0x24, 0x23, 0x47, 0x05, 0xf0, 0x3d, 0x2b, 0x39,
    0x0e, 0x16, 0x70, 0x51, 0x63, 0xff, 0x0f, 0x92, 0x27, 0xa3, 0x49, 0xa0,
    0x53, 0x4a, 0xf1, 0xff, 0x25, 0xfc, 0xa4, 0x62, 0x75, 0x35, 0x1a, 0xa2,
    0xff, 0xff, 0xff, 0xff, 0xff, 0xff, 0xff, 0xff, 0xff, 0xff, 0xff, 0xff,
    0x0f, 0x00, 0x00, 0x94, 0x88, 0xf8, 0x89, 0x77, 0x79, 0xe5, 0xfd, 0x00,
    0x10, 0x58, 0xd7, 0xd5, 0x1f, 0xe7, 0xeb, 0x63, 0x0a, 0x00, 0xfc, 0x29,
    0xb5, 0x2f, 0xec, 0x10, 0x58, 0xd8, 0x45, 0x77, 0x71, 0x5f, 0x6c, 0x96,
    0x21, 0xcc, 0x00, 0x20, 0xa3, 0x73, 0x9d, 0xd0, 0x4f, 0xa7, 0x6a, 0x03,
    0x00, 0xae, 0x00, 0x15, 0x47, 0x0a, 0x1f, 0xbe, 0xa1, 0x52, 0xb7, 0x58,
    0x82, 0x3d, 0x44, 0xae, 0xfd, 0x00, 0x20, 0x22, 0x5a, 0x98, 0x55, 0xb0,
    0xd5, 0xc1, 0x09, 0x00, 0x55, 0x32, 0x4a, 0x5f, 0x8b, 0x10, 0x5f, 0x96,
    0x41, 0x96, 0x15, 0x7a, 0x32, 0x3b, 0x8f, 0xab, 0x00, 0x80, 0x68, 0x0c,
    0xd4, 0xc6, 0x0d, 0xe1, 0xfa, 0x18, 0x00, 0xb4, 0x21, 0x75, 0x03, 0x65,
    0xfd, 0x93, 0xba, 0x10, 0x87, 0xd6, 0x67, 0x2b, 0x32, 0xc0, 0x6e, 0x00,
    0x60, 0x0c, 0x64, 0x22, 0xae, 0x40, 0xdd, 0x5f, 0xfb, 0xff, 0x18, 0xcc,
    0x51, 0x19, 0x3b, 0x23, 0x76, 0xff, 0xff, 0xff, 0xff, 0xff, 0xff, 0xff,
    0xff, 0xff, 0xff, 0xff, 0xff, 0xff, 0xff, 0x0f, 0xff, 0xff, 0xff, 0xff,
    0xff, 0xff, 0xff, 0xff, 0xff, 0xff, 0xff, 0xff, 0x26, 0x35, 0x00, 0x00,
    0x00, 0x80, 0xab, 0x4b, 0x72, 0x28, 0x4d, 0x5b, 0x00, 0x00, 0x00, 0x00,
    0x3b, 0xbd, 0x69, 0x27, 0x7a, 0x3c, 0x00, 0x00, 0x00, 0x00, 0xfa, 0x19,
    0x6a, 0x27, 0x16, 0x0a, 0x00, 0x00, 0x00, 0x80, 0x6b, 0x89, 0x4d, 0x26,
    0xe0, 0x45, 0x00, 0x00, 0x00, 0x00, 0x87, 0xfd, 0x4c, 0x27, 0x01, 0xcb,
    0xff, 0xff, 0xff, 0x00, 0x54, 0x2e, 0x42, 0x26, 0x78, 0x98, 0xff, 0xff,
    0xff, 0x00, 0x94, 0x3a, 0x45, 0x27, 0x88, 0x62, 0x00, 0x00, 0x00, 0x80,
    0x2f, 0xfc, 0x47, 0x27, 0x60, 0xe6, 0xff, 0xff, 0xff, 0x80, 0xa8, 0xb0,
    0x73, 0x27, 0x82, 0xa4, 0xff, 0xff, 0xff, 0x00, 0x46, 0x18, 0x41, 0x27,
    0xd2, 0x42, 0x00, 0x00, 0x00, 0x00, 0x18, 0x7a, 0x4f, 0x27, 0xd3, 0xe2,
    0xff, 0xff, 0xff, 0x00, 0xaa, 0x9d, 0x56, 0x26, 0x8c, 0x9d, 0x01, 0x00,
    0x00, 0x80, 0x61, 0x8d, 0x43, 0x28, 0x85, 0xa9, 0x00, 0x00, 0x00, 0x80,
    0x9c, 0xa6, 0x79, 0x28, 0x82, 0x25, 0x00, 0x00, 0x00, 0x80, 0xf8, 0x68,
    0x69, 0x27, 0xa9, 0x19, 0xff, 0xff, 0xff, 0x80, 0xdc, 0x71, 0x5c, 0x28,
    0xfe, 0x07, 0x5c, 0x00, 0x1c, 0x51, 0xe3, 0x10, 0x7a, 0xa5, 0x58, 0xe4,
    0xc9, 0x69, 0x02, 0x9c, 0x95, 0x07, 0xe9, 0x10, 0x57, 0xd1, 0x4a, 0x65,
    0x60, 0x81, 0xe4, 0x87, 0x37, 0x9a, 0xd0, 0xb7, 0x98, 0xc6, 0xc4, 0xf5,
    0x70, 0xb3, 0x38, 0x1c, 0xfb, 0xbf, 0x92, 0x63, 0xca, 0x91, 0x3b, 0x79,
    0xe0, 0xa0, 0xa6, 0x33, 0xe3, 0xbd, 0xa2, 0x32, 0xc3, 0xe8, 0x57, 0xb0,
    0xfd, 0x5f, 0xf4, 0x8f, 0xa2, 0x85, 0xe1, 0x9f, 0xca, 0x12, 0x42, 0x19,
    0x96, 0x26, 0x87, 0x35, 0xf2, 0xbc, 0x79, 0xef, 0x57, 0xeb, 0x3f, 0xee,
    0xf2, 0xe1, 0x11, 0xd7, 0xb4, 0x07, 0x86, 0x99, 0x22, 0x5c, 0xdb, 0xe5,
    0x6f, 0x56, 0xf3, 0xf4, 0x5f, 0x34, 0x82, 0xc4, 0x24, 0xc8, 0x20, 0xc6,
    0x33, 0xf1, 0xdf, 0x21, 0xe6, 0xe8, 0x82, 0xa4, 0xf2, 0x8f, 0xf8, 0xfc,
    0x95, 0xc1, 0x38, 0x1a, 0x16, 0x10, 0x10, 0x10, 0x10, 0x10, 0x10, 0x10,
    0x10, 0x01, 0x26, 0x26, 0x9a, 0x7c, 0xac, 0x44, 0x13, 0x58, 0x37, 0x7b,
    0xf6, 0xbf, 0x82, 0xb6, 0xd8, 0xe0, 0x9f, 0x83, 0x72, 0x2f, 0xb4, 0x04,
    0x03, 0x04, 0x49, 0x81, 0xa3, 0x38, 0xa3, 0x6c, 0x41, 0xa0, 0xd5, 0x6d,
    0xda, 0xfd, 0x4f, 0x15, 0x83, 0xc3, 0xe6, 0x27, 0xc7, 0x7b, 0xfa, 0xdf,
    0x20, 0xe1, 0xf5, 0xeb, 0x23, 0x84, 0x02, 0x43, 0xef, 0x4f, 0xa9, 0x61,
    0x37, 0x41, 0x9d, 0xe9, 0x4a, 0x83, 0x54, 0xf9, 0xf2, 0xbd, 0x54, 0xee,
    0x3f, 0xa4, 0xb2, 0x42, 0x39, 0x7e, 0x36, 0xf8, 0x12, 0xf2, 0x30, 0x62,
    0x9e, 0x91, 0x14, 0xb6, 0x78, 0x58, 0x02, 0xbe, 0xd1, 0xc8, 0x30, 0xc0,
    0x6c, 0x06, 0xe7, 0x0b, 0x71, 0x2d, 0x82, 0xa8, 0xfa, 0xb4, 0xf1, 0x5f,
    0x70, 0x3f, 0xb6, 0xb7, 0x86, 0x20, 0x54, 0xec, 0xff, 0x48, 0x52, 0x48,
    0x17, 0x10, 0x10, 0x10, 0x10, 0x10, 0x10, 0x10, 0xf0, 0xff, 0xff, 0xff,
    0xff, 0xff, 0xff, 0xff, 0xff, 0xff, 0xff, 0xff, 0xd4, 0x19, 0x00, 0x00,
    0x00, 0xda, 0x9e, 0x48, 0x5c, 0x27, 0x0c, 0x04, 0x00, 0x00, 0x00, 0x03,
    0x87, 0x46, 0x77, 0x28, 0xab, 0xed, 0xff, 0xff, 0xff, 0x31, 0x22, 0xab,
    0x44, 0x27, 0x38, 0xd4, 0xff, 0xff, 0xff, 0xb7, 0x62, 0x44, 0x73, 0x28,
    0x51, 0x11, 0x00, 0x00, 0x00, 0xed, 0xb7, 0xab, 0x6a, 0x28, 0x52, 0xdd,
    0xff, 0xff, 0xff, 0xd7, 0x98, 0x04, 0x44, 0x27, 0x0f, 0xfd, 0xff, 0xff,
    0xff, 0x64, 0xeb, 0x8b, 0x55, 0x27, 0xf3, 0x2b, 0x00, 0x00, 0x00, 0xdd,
    0xaf, 0x56, 0x43, 0x27, 0x60, 0x05, 0x00, 0x00, 0x00, 0x95, 0x38, 0xcb,
    0x41, 0x27, 0xef, 0x05, 0x00, 0x00, 0x00, 0xb8, 0x02, 0x04, 0x46, 0x27,
    0x76, 0xfc, 0xff, 0xff, 0xff, 0x05, 0xbb, 0x34, 0x4a, 0x27, 0xc9, 0xcb,
    0xff, 0xff, 0xff, 0xb5, 0x26, 0xa4, 0x5c, 0x28, 0x92, 0x21, 0x00, 0x00,
    0x00, 0xf7, 0x96, 0xd3, 0x44, 0x27, 0xd7, 0x27, 0x00, 0x00, 0x00, 0x75,
    0xb7, 0x64, 0x4f, 0x27, 0x15, 0x03, 0x00, 0x00, 0x00, 0x32, 0x94, 0x4a,
    0x65, 0x28, 0x60, 0x07, 0x00, 0x00, 0x00, 0xc4, 0x93, 0x57, 0x47, 0x27,
    0xf0, 0x07, 0x5c, 0x01, 0x0c, 0x00, 0x39, 0x5a, 0x48, 0x87, 0x49, 0x1c,
    0x81, 0x71, 0x00, 0x60, 0xe3, 0x52, 0x51, 0xd6, 0x76, 0x70, 0x14, 0x09,
    0x00, 0x5d, 0x6d, 0x3c, 0x42, 0x68, 0xfc, 0x90, 0x6e, 0x64, 0x52, 0x10,
    0x8d, 0x52, 0xe4, 0x05, 0x70, 0x00, 0x60, 0x72, 0xb5, 0x03, 0x16, 0xc4,
    0xe8, 0x71, 0x8d, 0x00, 0x12, 0x96, 0x9e, 0x54, 0x44, 0x77, 0x6b, 0x50,
    0x7a, 0xb6, 0x60, 0x01, 0xd3, 0xfd, 0x4a, 0x3b, 0x00, 0xe0, 0x85, 0x7b,
    0x99, 0x57, 0xbc, 0x3c, 0xf3, 0x01, 0x00, 0x45, 0x7c, 0xaf, 0x0b, 0xfd,
    0x1b, 0x2e, 0x44, 0xfc, 0x0c, 0x5f, 0x67, 0x34, 0x7f, 0x5d, 0x87, 0x00,
    0x10, 0x68, 0x23, 0x65, 0xd2, 0x73, 0xe1, 0x24, 0x09, 0x00, 0x5c, 0x80,
    0x22, 0x18, 0xda, 0xfd, 0x08, 0x3c, 0xe7, 0xfc, 0xde, 0x0b, 0xa3, 0x45,
    0x64, 0x87, 0x00, 0x60, 0xc3, 0x0f, 0x4a, 0x17, 0xd4, 0x26, 0xaa, 0x06,
    0xf0, 0xc7, 0x70, 0x68, 0xa0, 0x83, 0x37, 0xb6, 0xfd, 0xff, 0x5f, 0x72,
    0xd7, 0x37, 0x48, 0xe1, 0x45, 0x44, 0xf7, 0xff, 0x74, 0x5b, 0x90, 0x88,
    0x99, 0x1a, 0x03, 0xbe, 0xff, 0xff, 0xff, 0xff, 0xff, 0xff, 0xff, 0xff,
    0xff, 0xff, 0xff, 0xff, 0x0f, 0x00, 0x00, 0x23, 0x5d, 0x9e, 0x53, 0xfd,
    0xc3, 0x7c, 0xb7, 0x00, 0x90, 0x26, 0x0e, 0x65, 0xd2, 0xc1, 0xd4, 0x3f,
    0x0d, 0x00, 0x84, 0xd1, 0xfa, 0x5e, 0x70, 0xcc, 0x5b, 0xb9, 0x39, 0x38,
    0x07, 0xfd, 0xc9, 0x06, 0x51, 0x7f, 0x00, 0xd0, 0x7f, 0x87, 0xf6, 0x31,
    0x47, 0x04, 0x78, 0x02, 0x00, 0x27, 0x38, 0x01, 0xbf, 0x17, 0x00, 0xc8,
    0x96, 0x66, 0x2b, 0x13, 0xa4, 0x32, 0x5f, 0x98, 0x6f, 0x00, 0xc0, 0xef,
    0x71, 0x3b, 0xc2, 0xb0, 0xd5, 0xe2, 0x08, 0x00, 0x43, 0x13, 0x8f, 0x15,
    0x30, 0x00, 0x0f, 0x3a, 0x4b, 0x48, 0x4c, 0x2c, 0x5e, 0xcb, 0x8a, 0x1a,
    0x00, 0xf0, 0xc2, 0x68, 0x30, 0xc0, 0xaf, 0x1f, 0x72, 0x09, 0x00, 0xa2,
    0x31, 0xdf, 0xce, 0x56, 0x83, 0x7f, 0x6d, 0x6f, 0x73, 0x18, 0xb7, 0x56,
    0x8f, 0x2c, 0xb3, 0x00, 0xa0, 0xdd, 0xbf, 0x46, 0xe3, 0x70, 0xe5, 0x04,
    0xfa, 0xff, 0x22, 0x29, 0xdd, 0x26, 0xfd, 0x87, 0x0d, 0xff, 0xff, 0xff,
    0xff, 0xff, 0xff, 0xff, 0xff, 0xff, 0xff, 0xff, 0xff, 0xff, 0xff, 0x0f,
    0xff, 0xff, 0xff, 0xff, 0xff, 0xff, 0xff, 0xff, 0xff, 0xff, 0xff, 0xff,
    0x49, 0xd5, 0xff, 0xff, 0xff, 0x80, 0xe8, 0x13, 0x6a, 0x28, 0x7d, 0x4d,
    0x00, 0x00, 0x00, 0x80, 0x63, 0xe3, 0x56, 0x27, 0x28, 0x1e, 0x00, 0x00,
    0x00, 0x80, 0x41, 0x03, 0x6a, 0x27, 0xb0, 0xb2, 0xff, 0xff, 0xff, 0x00,
    0x39, 0x29, 0x46, 0x27, 0xa4, 0xb0, 0xff, 0xff, 0xff, 0x80, 0xab, 0x13,
    0x62, 0x28, 0x20, 0x47, 0x00, 0x00, 0x00, 0x80, 0x29, 0x54, 0x6e, 0x27,
    0xf2, 0x7a, 0xff, 0xff, 0xff, 0x80, 0xcd, 0x77, 0x76, 0x28, 0x6a, 0x64,
    0x00, 0x00, 0x00, 0x80, 0x38, 0xa9, 0x43, 0x27, 0xc7, 0xc8, 0x00, 0x00,
    0x00, 0x00, 0x17, 0x3f, 0x70, 0x28, 0xea, 0x7e, 0xff, 0xff, 0xff, 0x80,
    0xbe, 0x6b, 0x6e, 0x28, 0x65, 0x31, 0x00, 0x00, 0x00, 0x00, 0xa1, 0xaf,
    0x48, 0x27, 0x01, 0xff, 0xff, 0xff, 0xff, 0x00, 0x50, 0x0f, 0x4d, 0x25,
    0x19, 0x21, 0xff, 0xff, 0xff, 0x80, 0x09, 0xb2, 0x78, 0x28, 0xc6, 0x5d,
    0xff, 0xff, 0xff, 0x00, 0x3c, 0x19, 0x6b, 0x28, 0x11, 0x6c, 0x00, 0x00,
    0x00, 0x80, 0x27, 0x69, 0x60, 0x28, 0xdd, 0x62, 0xff, 0xff, 0xff, 0x00,
    0x9c, 0xa1, 0x6a, 0x28, 0x7e, 0x05, 0x5c, 0x00, 0x5c, 0x96, 0x59, 0xeb,
    0x07, 0xb2, 0x68, 0x52, 0x44, 0x0c, 0x57, 0xe5, 0x9f, 0x92, 0x76, 0x69,
    0x94, 0x98, 0xb4, 0x21, 0xf7, 0x8f, 0x31, 0x72, 0x30, 0xd6, 0x09, 0x47,
    0xed, 0xf2, 0x3a, 0xa9, 0x09, 0xb9, 0x35, 0x08, 0x37, 0xc6, 0x51, 0x57,
    0xbc, 0xf1, 0x34, 0x2b, 0xb8, 0x06, 0x91, 0xb9, 0xc7, 0xb3, 0xf0, 0x75,
    0x83, 0xb0, 0x66, 0x55, 0x12, 0x9d, 0x70, 0x83, 0xff, 0xbb, 0x68, 0x23,
    0xaa, 0x0d, 0xe6, 0x4e, 0x91, 0xf6, 0xcf, 0x10, 0x64, 0xa6, 0x21, 0xee,
    0xa7, 0x20, 0xa3, 0xb6, 0x09, 0x15, 0xab, 0x59, 0x51, 0x94, 0xea, 0xe6,
    0x83, 0x28, 0x94, 0x30, 0xc1, 0xd4, 0x06, 0xa2, 0x56, 0xd6, 0x0a, 0xd5,
    0xc5, 0x33, 0x4f, 0x68, 0x37, 0xf4, 0x69, 0xa2, 0xe3, 0xcb, 0x97, 0x36,
    0xc5, 0x22, 0x0b, 0x46, 0x5a, 0xf7, 0xb7, 0x00, 0x58, 0x3c, 0xfb, 0x05,
    0xe5, 0x98, 0x5b, 0x54, 0xf1, 0x78, 0x79, 0x83, 0xa4, 0xbe, 0xa8, 0x5a,
    0xc4, 0xfd, 0x0f, 0xa1, 0xc1, 0xbc, 0xe5, 0x1a, 0xf0, 0x3f, 0xd2, 0x8b,
    0xa4, 0xd8, 0x65, 0xa0, 0x64, 0x4a, 0xf2, 0x5f, 0xa0, 0x80, 0xe1, 0x31,
    0x4c, 0x8b, 0x51, 0xa5, 0x23, 0x9a, 0xe0, 0xff, 0x1f, 0x10, 0x10, 0x10,
    0x10, 0x10, 0x10, 0x10, 0xe0, 0x07, 0x00, 0xf8, 0x7f, 0x00, 0x78, 0x00,
    0xf0, 0x2b, 0xe0, 0xfc, 0x9b, 0xa0, 0xd8, 0x49, 0x76, 0x5d, 0x6b, 0x8f,
    0x19, 0x82, 0xf6, 0x30, 0xeb, 0x6c, 0x7b, 0x7e, 0x13, 0x84, 0x87, 0x78,
    0x59, 0x9c, 0x02, 0x7d, 0x95, 0x91, 0xcd, 0x08, 0x52, 0xae, 0xdf, 0xc4,
    0xa8, 0x14, 0x6c, 0x39, 0xe0, 0xff, 0x3b, 0x79, 0x60, 0xae, 0x35, 0xa9,
    0x0c, 0x45, 0x51, 0x1a, 0x48, 0xfc, 0xff, 0x05, 0x09, 0x64, 0x24, 0x06,
    0xfa, 0x4f, 0x8f, 0x4c, 0x21, 0xef, 0xd8, 0x7c, 0x51, 0x5d, 0x36, 0x78,
    0xd0, 0xbb, 0xc1, 0x8d, 0x50, 0x01, 0x0f, 0xac, 0x71, 0xd0, 0x6d, 0x59,
    0x58, 0xed, 0x9d, 0x8c, 0x85, 0x0b, 0x75, 0x0d, 0x20, 0xf0, 0x55, 0xed,
    0x60, 0xf9, 0xfc, 0xbb, 0xe4, 0xfc, 0x24, 0x6c, 0x42, 0xc5, 0x10, 0xb7,
    0xa0, 0x99, 0x75, 0x88, 0x8a, 0x6d, 0x68, 0x89, 0x8d, 0x68, 0x6e, 0x70,
    0xfd, 0xe7, 0x55, 0xa0, 0x60, 0xb6, 0x0a, 0x52, 0x34, 0xd1, 0x74, 0x5a,
    0x59, 0x69, 0xa6, 0xb0, 0xfd, 0x1c, 0x6c, 0x29, 0x4c, 0xec, 0x49, 0x74,
    0x64, 0x74, 0xcf, 0x7c, 0x28, 0x5c, 0xb3, 0x59, 0xa7, 0x10, 0x21, 0xf7,
    0xf0, 0xfc, 0x39, 0x4a, 0xbd, 0x6d, 0xc9, 0xd8, 0xd0, 0x48, 0xfb, 0xfb,
    0xfb, 0x7f, 0x5a, 0x05, 0x04, 0x04, 0x04, 0x04, 0x04, 0x04, 0x04, 0xf8,
    0x01, 0x00, 0xfe, 0x1f, 0x00, 0x1e, 0x00, 0xfe, 0xff, 0xff, 0xff, 0xff,
    0xff, 0xff, 0xff, 0xff, 0xfb, 0xf5, 0xff, 0xff, 0xff, 0xbf, 0x50, 0x2b,
    0x4c, 0x27, 0x1d, 0xe7, 0xff, 0xff, 0xff, 0xcb, 0x9b, 0x9a, 0x7d, 0x28,
    0xc2, 0xf9, 0xff, 0xff, 0xff, 0x4d, 0x25, 0x1f, 0x62, 0x27, 0x2f, 0xd9,
    0xff, 0xff, 0xff, 0xd2, 0x97, 0x1d, 0x54, 0x27, 0x57, 0x04, 0x00, 0x00,
    0x00, 0x92, 0xaa, 0xdf, 0x4e, 0x27, 0x3f, 0x01, 0x00, 0x00, 0x00, 0x05,
    0x53, 0x8d, 0x61, 0x27, 0x35, 0x15, 0x00, 0x00, 0x00, 0x56, 0xc8, 0x37,
    0x50, 0x27, 0x48, 0x22, 0x00, 0x00, 0x00, 0x91, 0x5f, 0x1e, 0x51, 0x27,
    0x92, 0x02, 0x00, 0x00, 0x00, 0x53, 0xeb, 0x36, 0x54, 0x27, 0x52, 0xf4,
    0xff, 0xff, 0xff, 0xc1, 0x05, 0xe0, 0x65, 0x27, 0x6d, 0xfa, 0xff, 0xff,
    0xff, 0xc6, 0x28, 0x02, 0x4e, 0x27, 0x57, 0xf8, 0xff, 0xff, 0xff, 0x02,
    0xf5, 0x0e, 0x57, 0x27, 0x94, 0x0b, 0x00, 0x00, 0x00, 0x50, 0xb0, 0xce,
    0x54, 0x27, 0xb3, 0xfa, 0xff, 0xff, 0xff, 0xbe, 0xe9, 0xe1, 0x47, 0x27,
    0xf8, 0xe5, 0xff, 0xff, 0xff, 0x91, 0xd0, 0x82, 0x40, 0x27, 0x70, 0x11,
    0x00, 0x00, 0x00, 0x84, 0xe9, 0x19, 0x44, 0x27, 0xf0, 0x07, 0x5c, 0x01,
    0x0c, 0x00, 0x50, 0x08, 0x14, 0x42, 0x6a, 0x1d, 0x9c, 0x3b, 0x00, 0xc0,
    0xdf, 0x7a, 0xe3, 0x07, 0x6c, 0x54, 0xe7, 0x0b, 0x00, 0x5c, 0x15, 0xd9,
    0x5e, 0x6e, 0x72, 0x2e, 0x31, 0x54, 0x2c, 0x1f, 0x4a, 0x7e, 0xfc, 0x0f,
    0x30, 0x00, 0x10, 0xda, 0x04, 0xf9, 0xc9, 0x32, 0x21, 0xe6, 0x06, 0x00,
    0x8c, 0x1a, 0x65, 0x44, 0x3d, 0x7e, 0x99, 0x61, 0x53, 0x53, 0x07, 0xa5,
    0xfd, 0x94, 0x84, 0x43, 0x00, 0xa0, 0x20, 0x0f, 0xd1, 0x57, 0xf9, 0x72,
    0x5b, 0x08, 0x00, 0x07, 0xfc, 0xdc, 0x43, 0x58, 0x30, 0x7f, 0x71, 0x0a,
    0xa6, 0x85, 0x3d, 0x56, 0x7a, 0x4d, 0x26, 0x00, 0x50, 0x82, 0x79, 0x03,
    0xd1, 0x8f, 0xa2, 0x07, 0x00, 0x00, 0xb3, 0x74, 0xb6, 0x42, 0x29, 0x06,
    0xd4, 0x9c, 0xe5, 0x23, 0xe9, 0x88, 0xfc, 0xa2, 0x5a, 0x85, 0x00, 0xc0,
    0x9f, 0x77, 0x22, 0xf7, 0xb5, 0xd5, 0x63, 0x05, 0xf0, 0x16, 0xa1, 0x44,
    0x2b, 0x77, 0xa2, 0x4b, 0x4e, 0xff, 0xdf, 0x2f, 0x56, 0x8a, 0xcb, 0x54,
    0x6c, 0x72, 0xf1, 0xff, 0x39, 0x72, 0xb8, 0x1d, 0x53, 0x0f, 0x98, 0x6e,
    0xff, 0xff, 0xff, 0xff, 0xff, 0xff, 0xff, 0xff, 0xff, 0xff, 0xff, 0xff,
    0x0f, 0x00, 0x00, 0x07, 0x92, 0x67, 0x47, 0x99, 0x3a, 0xbe, 0x70, 0x00,
    0xa1, 0xc2, 0xc1, 0x7f, 0x66, 0x63, 0xa0, 0xb1, 0x00, 0x00, 0x7d, 0x1d,
    0x71, 0x08, 0xfc, 0x5b, 0x01, 0x7e, 0x18, 0x50, 0xfd, 0x41, 0xb7, 0x87,
    0x71, 0xfc, 0x00, 0xb0, 0xc4, 0xb2, 0xc5, 0x95, 0x84, 0x25, 0xd7, 0x0f,
    0x00, 0xac, 0x95, 0x1a, 0x0c, 0x7e, 0xb8, 0x94, 0x13, 0x5f, 0x3e, 0x2d,
    0x15, 0xb8, 0xfd, 0xe7, 0x73, 0x00, 0xe0, 0xb9, 0xd6, 0x5f, 0xf3, 0x50,
    0x04, 0xcf, 0x0f, 0x00, 0x64, 0x5a, 0x0a, 0x31, 0x8d, 0x47, 0x5e, 0x15,
    0x67, 0x2b, 0x09, 0xcd, 0x7e, 0x22, 0x7e, 0x5a, 0x00, 0x60, 0x60, 0x85,
    0x74, 0xfe, 0x00, 0x04, 0x91, 0x05, 0x00, 0x65, 0x66, 0x27, 0x5e, 0xca,
    0x46, 0x8a, 0x49, 0xdc, 0x8b, 0x89, 0xe0, 0x27, 0x49, 0x6e, 0xfa, 0x00,
    0x10, 0xa2, 0xac, 0x50, 0x03, 0xd3, 0x09, 0x68, 0xf3, 0xff, 0xce, 0x40,
    0xdf, 0x4a, 0x8d, 0x86, 0x93, 0xff, 0xff, 0xff, 0xff, 0xff, 0xff, 0xff,
    0xff, 0xff, 0xff, 0xff, 0xff, 0xff, 0xff, 0x0f, 0xff, 0xff, 0xff, 0xff,
    0xff, 0xff, 0xff, 0xff, 0xff, 0xff, 0xff, 0xff, 0xe4, 0x2e, 0xff, 0xff,
    0xff, 0x00, 0xae, 0xb3, 0x47, 0x28, 0x16, 0xbb, 0xff, 0xff, 0xff, 0x00,
    0xfa, 0x55, 0x47, 0x27, 0xc0, 0xb4, 0xff, 0xff, 0xff, 0x80, 0xd6, 0x8b,
    0x57, 0x27, 0x2a, 0xf7, 0xff, 0xff, 0xff, 0x00, 0xe4, 0x5e, 0x42, 0x26,
    0x76, 0x13, 0x01, 0x00, 0x00, 0x00, 0xfd, 0x8e, 0x62, 0x28, 0x6b, 0x15,
    0x00, 0x00, 0x00, 0x80, 0x92, 0x6f, 0x41, 0x26, 0x5b, 0x51, 0x01, 0x00,
    0x00, 0x80, 0x84, 0xb8, 0x40, 0x28, 0x69, 0xbf, 0xff, 0xff, 0xff, 0x80,
    0x1f, 0x7a, 0x75, 0x28, 0xf2, 0xf1, 0xff, 0xff, 0xff, 0x00, 0x7a, 0x31,
    0x4b, 0x27, 0xd7, 0x64, 0xff, 0xff, 0xff, 0x00, 0x07, 0xd9, 0x55, 0x28,
    0x4c, 0x32, 0x00, 0x00, 0x00, 0x00, 0xff, 0xfc, 0x4d, 0x27, 0x4f, 0xe7,
    0xff, 0xff, 0xff, 0x00, 0xd4, 0x06, 0x56, 0x26, 0xa8, 0xff, 0xff, 0xff,
    0xff, 0x80, 0x52, 0x31, 0x55, 0x27, 0xb6, 0xb8, 0xfe, 0xff, 0xff, 0x00,
    0x54, 0x1d, 0x40, 0x27, 0xae, 0x16, 0x00, 0x00, 0x00, 0x80, 0xde, 0x63,
    0x66, 0x27, 0x74, 0xbb, 0xff, 0xff, 0xff, 0x80, 0x20, 0x89, 0x4f, 0x27,
    0xfe, 0x07, 0x5c, 0x00, 0xec, 0xe7, 0x4f, 0x73, 0x90, 0x76, 0xd5, 0x02,
    0xa8, 0xe4, 0xd2, 0x63, 0x6c, 0x61, 0x20, 0xac, 0x6c, 0x2d, 0x98, 0x90,
    0x75, 0x01, 0xe5, 0xd7, 0xf5, 0xc1, 0x00, 0x08, 0xf4, 0x44, 0xd4, 0xff,
    0xbf, 0xc5, 0x08, 0x34, 0x4d, 0x65, 0x5a, 0x6b, 0x98, 0x43, 0x66, 0x85,
    0x39, 0x3c, 0xa8, 0xce, 0xac, 0x83, 0x65, 0xe6, 0x10, 0x3a, 0xa9, 0x40,
    0xe8, 0x8f, 0xdc, 0xe4, 0xf2, 0xff, 0x7f, 0x74, 0xdc, 0xf0, 0x62, 0x38,
    0x76, 0xe6, 0xe4, 0x94, 0x58, 0xd7, 0x29, 0x9d, 0x48, 0xe4, 0x92, 0x4b,
    0x2c, 0x24, 0x0d, 0xde, 0x82, 0xd5, 0xfd, 0xef, 0xc7, 0x1a, 0x07, 0xe1,
    0xbf, 0x83, 0xa1, 0x10, 0xc3, 0xcf, 0x71, 0x60, 0x90, 0x78, 0x39, 0x3d,
    0x00, 0xff, 0x62, 0xa5, 0x32, 0xb8, 0x11, 0x2b, 0x23, 0x40, 0xe3, 0xbf,
    0xb2, 0x23, 0xbb, 0xdf, 0x1b, 0x10, 0x10, 0x10, 0x10, 0x10, 0x10, 0x10,
    0x50, 0x2d, 0xe0, 0x49, 0xd2, 0xec, 0xbf, 0x2d, 0x36, 0x50, 0x91, 0xe3,
    0x41, 0xb7, 0x55, 0x84, 0x74, 0xd4, 0x35, 0xc8, 0xe1, 0xa2, 0xb6, 0xd9,
    0x4c, 0x95, 0x79, 0x80, 0x69, 0xe5, 0xe1, 0x6b, 0x28, 0x0b, 0xd7, 0xfe,
    0xd3, 0x63, 0x25, 0x60, 0x7f, 0xcf, 0x13, 0x64, 0x35, 0x63, 0xb2, 0xa6,
    0x38, 0x03, 0x7f, 0x8b, 0xe3, 0x47, 0xa6, 0x05, 0xea, 0xaf, 0x6f, 0x7c,
    0xf5, 0xcf, 0xfa, 0xbf, 0x8c, 0x35, 0x33, 0x2a, 0x16, 0x72, 0x50, 0x02,
    0x03, 0x94, 0xf5, 0x8f, 0xc4, 0xc4, 0x27, 0x1b, 0xb8, 0xa6, 0xac, 0xe9,
    0xcf, 0x92, 0xc5, 0xd5, 0xa6, 0xe1, 0x2f, 0x45, 0x66, 0xec, 0x29, 0xf7,
    0x75, 0x02, 0x8a, 0xc5, 0xb8, 0x2a, 0xb9, 0xad, 0x86, 0x45, 0x4c, 0xa5,
    0x8c, 0xc9, 0x50, 0x67, 0x9d, 0x62, 0x1e, 0xec, 0x70, 0xf3, 0x42, 0xfc,
    0x1f, 0x10, 0x10, 0x10, 0x10, 0x10, 0x10, 0x10, 0xf0, 0xff, 0xff, 0xff,
    0xff, 0xff, 0xff, 0xff, 0xff, 0xff, 0xff, 0xff, 0x1b, 0x12, 0x00, 0x00,
    0x00, 0x97, 0xde, 0x75, 0x54, 0x27, 0xd6, 0xf2, 0xff, 0xff, 0xff, 0x9b,
    0x5a, 0xe9, 0x48, 0x27, 0x6f, 0xe2, 0xff, 0xff, 0xff, 0xdd, 0xb0, 0xc4,
    0x48, 0x27, 0x6c, 0xe9, 0xff, 0xff, 0xff, 0xc1, 0x30, 0x7e, 0x44, 0x28,
    0x72, 0x1a, 0x00, 0x00, 0x00, 0x79, 0x64, 0x61, 0x72, 0x28, 0x3f, 0xe6,
    0xff, 0xff, 0xff, 0x07, 0x82, 0x5e, 0x44, 0x27, 0x2c, 0x13, 0x00, 0x00,
    0x00, 0x23, 0x33, 0x41, 0x76, 0x28, 0x8c, 0x16, 0x00, 0x00, 0x00, 0xd5,
    0xdd, 0x9a, 0x40, 0x27, 0x39, 0x22, 0x00, 0x00, 0x00, 0x80, 0x0c, 0x99,
    0x6d, 0x28, 0xef, 0xfd, 0xff, 0xff, 0xff, 0x91, 0x86, 0xaa, 0x74, 0x28,
    0x85, 0x14, 0x00, 0x00, 0x00, 0xf1, 0x2f, 0xb6, 0x64, 0x28, 0x0a, 0x05,
    0x00, 0x00, 0x00, 0xd2, 0x5d, 0xe4, 0x50, 0x28, 0xad, 0xf1, 0xff, 0xff,
    0xff, 0x6c, 0x99, 0xaa, 0x53, 0x28, 0x02, 0x23, 0x00, 0x00, 0x00, 0x29,
    0x44, 0x37, 0x63, 0x28, 0x1c, 0xfd, 0xff, 0xff, 0xff, 0x4a, 0x27, 0xf4,
    0x73, 0x28, 0x6e, 0x1a, 0x00, 0x00, 0x00, 0x07, 0x33, 0x9e, 0x54, 0x28,
    0xe0, 0x07, 0x5c, 0x02, 0x0c, 0x00, 0x23, 0x01, 0x81, 0x0c, 0xd2, 0x47,
    0x8d, 0x62, 0x00, 0xd0, 0x90, 0x15, 0x40, 0x9d, 0xa4, 0x6f, 0xda, 0x02,
    0x00, 0x45, 0x10, 0x90, 0x30, 0x3b, 0xfa, 0x76, 0x4b, 0xfb, 0xeb, 0xd0,
    0x1f, 0x60, 0x50, 0xb3, 0x38, 0x81, 0x90, 0x5c, 0xb6, 0x1f, 0x99, 0x12,
    0xc9, 0x27, 0x00, 0x02, 0x40, 0x18, 0x63, 0xfa, 0x5e, 0x76, 0x75, 0x51,
    0xbd, 0x75, 0x11, 0x3a, 0x4b, 0x2c, 0xe1, 0x42, 0x00, 0x10, 0x35, 0xf0,
    0x06, 0x21, 0xbe, 0x4f, 0xf7, 0x00, 0x00, 0x61, 0x29, 0x0e, 0x55, 0x5c,
    0x5e, 0xcf, 0x1b, 0x76, 0x1d, 0x2b, 0x4e, 0x0d, 0x78, 0x7e, 0x72, 0x00,
    0x90, 0xf0, 0x65, 0x03, 0x83, 0x24, 0xfc, 0xe1, 0x05, 0x00, 0x42, 0x4f,
    0x34, 0x5a, 0xec, 0x02, 0x00, 0x64, 0x5b, 0x78, 0x5a, 0x12, 0x0b, 0x88,
    0xa7, 0x38, 0x00, 0xf0, 0x31, 0xa7, 0x86, 0x19, 0xe1, 0xf7, 0x76, 0x04,
    0xf0, 0x5b, 0xc4, 0xb3, 0xfa, 0x52, 0xd9, 0x50, 0x0f, 0xff, 0xbf, 0x9f,
    0x12, 0x28, 0xc9, 0x41, 0x40, 0xbe, 0xff, 0xff, 0x6f, 0xbd, 0x93, 0x2f,
    0x33, 0xe2, 0x8a, 0x96, 0xff, 0xff, 0xff, 0xff, 0xff, 0xff, 0xff, 0xff,
    0xff, 0xff, 0xff, 0xff, 0x0f, 0x00, 0x00, 0x3a, 0x17, 0xac, 0xad, 0x99,
    0x6f, 0x72, 0xe3, 0x00, 0xa0, 0x09, 0x25, 0x91, 0xf9, 0xd0, 0x24, 0x0f,
    0x0b, 0x00, 0x1f, 0x1a, 0x04, 0x6d, 0x73, 0x9c, 0xaa, 0x2e, 0xb6, 0xfb,
    0x1a, 0x3c, 0x80, 0xca, 0xc4, 0xdd, 0x00, 0xf0, 0x62, 0x31, 0x52, 0x3e,
    0x62, 0xb8, 0x93, 0x01, 0x00, 0xba, 0xed, 0xc8, 0xb3, 0x4f, 0xfb, 0x75,
    0x78, 0xb8, 0x2d, 0x86, 0xbb, 0xbd, 0x42, 0x5e, 0x3e, 0x00, 0xb0, 0xfd,
    0x34, 0x71, 0x6a, 0xb0, 0x3f, 0x09, 0x05, 0x00, 0x73, 0x33, 0x5d, 0x7c,
    0x82, 0x80, 0x1f, 0x51, 0xfb, 0xcd, 0x00, 0x89, 0x35, 0x35, 0xfb, 0x02,
    0x00, 0x10, 0x32, 0xce, 0xf1, 0xec, 0xbd, 0x81, 0xbb, 0x04, 0x00, 0xa9,
    0x62, 0x6d, 0x88, 0xac, 0x3d, 0x16, 0x91, 0x93, 0x50, 0xfb, 0xaf, 0x60,
    0xfa, 0x4d, 0x36, 0x00, 0x20, 0x9a, 0x33, 0x55, 0x71, 0xa7, 0x84, 0x3b,
    0xf7, 0xff, 0xf9, 0x85, 0x02, 0x21, 0xf4, 0xff, 0xff, 0xff, 0xff, 0xff,
    0xff, 0xff, 0xff, 0xff, 0xff, 0xff, 0xff, 0xff, 0xff, 0x0f, 0xff, 0xff,
    0xff, 0xff, 0xff, 0xff, 0xff, 0xff, 0xff, 0xff, 0xff, 0xff, 0xff, 0xff,
    0xea, 0xb1, 0xff, 0xff, 0xff, 0xd9, 0x00, 0xc3, 0x46, 0x28, 0x00, 0x00,
    0x00, 0x00, 0x00, 0x00, 0x78, 0x00, 0xdc, 0xe2, 0xcc, 0xf4, 0x5f, 0x5e,
    0xbd, 0xbc, 0xd9, 0xb6, 0x66, 0x36, 0x26, 0xe6, 0x05, 0x14, 0x52, 0x00,
    0xf0, 0xff, 0x9f, 0xac, 0x68, 0x1b, 0x57, 0xed, 0xf0, 0xff, 0x32, 0x40,
    0xff, 0xff, 0xff, 0x0f, 0xf0, 0xff, 0xff, 0xff, 0xff, 0xff, 0xff, 0xff,
    0xff, 0xff, 0xff, 0xff, 0xff, 0xff, 0xff, 0xff, 0xff, 0xff, 0xff, 0xff,
    0xff, 0xff, 0xff, 0x0f, 0xf0, 0xff, 0xff, 0xff,
};

const rf_v31_model_blob_t g_rf_v31_dji_video_model = {
    .name = "v31_dji_video",
    .command = g_rf_v31_dji_video_command,
    .weights = g_rf_v31_dji_video_weights,
    .command_bytes = RF_V31_DJI_VIDEO_COMMAND_BYTES,
    .weight_bytes = RF_V31_DJI_VIDEO_WEIGHT_BYTES,
    .weight_region = 0u,
    .scratch_region = 1u,
    .scratch_bytes = RF_V31_DJI_VIDEO_SCRATCH_BYTES,
    .input_region = 1u,
    .input_offset = RF_V31_DJI_VIDEO_INPUT_OFFSET,
    .input_bytes = RF_V31_DJI_VIDEO_INPUT_BYTES,
    .output_count = RF_V31_DJI_VIDEO_OUTPUT_COUNT,
    .output_region = {1u, 0u, 0u, 0u, 0u},
    .output_offset = {0u, 0u, 0u, 0u, 0u},
    .output_bytes = {5916u, 0u, 0u, 0u, 0u},
};
