#if 0 /* V31 is authoritative; CPU1 owns the V25 activity state, not this blob. */
#include "rf_v27_model_data.h"

#define RF_V27_ALIGN __attribute__((aligned(16)))

static const uint8_t g_rf_v27_absolute_command[RF_V27_ABSOLUTE_COMMAND_BYTES]
    RF_V27_ALIGN = {
    0x43, 0x4f, 0x50, 0x31, 0x01, 0x00, 0x10, 0x00, 0x08, 0x30, 0x00, 0x00,
    0x01, 0x60, 0x06, 0x10, 0x05, 0x00, 0x00, 0x00, 0x05, 0x00, 0x00, 0x00,
    0x05, 0x00, 0x00, 0x00, 0x02, 0x00, 0x46, 0x13, 0x0f, 0x01, 0x01, 0x00,
    0x00, 0x40, 0x00, 0x00, 0x00, 0x00, 0x00, 0x00, 0x01, 0x40, 0x00, 0x00,
    0x00, 0x00, 0x00, 0x00, 0x02, 0x40, 0x00, 0x00, 0x00, 0x00, 0x00, 0x00,
    0x03, 0x40, 0x00, 0x00, 0x00, 0x00, 0x00, 0x00, 0x0b, 0x01, 0x01, 0x00,
    0x0c, 0x01, 0x01, 0x00, 0x0a, 0x01, 0x72, 0x00, 0x04, 0x01, 0x03, 0x00,
    0x05, 0x40, 0x00, 0x00, 0xcc, 0x01, 0x00, 0x00, 0x04, 0x40, 0x00, 0x00,
    0x04, 0x00, 0x00, 0x00, 0x06, 0x40, 0x00, 0x00, 0x01, 0x00, 0x00, 0x00,
    0x09, 0x01, 0x00, 0x00, 0x05, 0x01, 0x01, 0x00, 0x07, 0x01, 0x00, 0x00,
    0x00, 0x01, 0x00, 0x00, 0x01, 0x01, 0x00, 0x00, 0x03, 0x01, 0x00, 0x00,
    0x02, 0x01, 0x00, 0x00, 0x1f, 0x01, 0x01, 0x00, 0x10, 0x40, 0x00, 0x00,
    0x90, 0x6e, 0x01, 0x00, 0x11, 0x40, 0x00, 0x00, 0x00, 0x00, 0x00, 0x00,
    0x12, 0x40, 0x00, 0x00, 0x00, 0x00, 0x00, 0x00, 0x13, 0x40, 0x00, 0x00,
    0x00, 0x00, 0x00, 0x00, 0x12, 0x01, 0x00, 0x00, 0x11, 0x01, 0x72, 0x00,
    0x1b, 0x01, 0x00, 0x00, 0x1c, 0x01, 0x00, 0x00, 0x1a, 0x01, 0x72, 0x00,
    0x13, 0x01, 0x03, 0x00, 0x15, 0x40, 0x00, 0x00, 0x30, 0x07, 0x00, 0x00,
    0x14, 0x40, 0x00, 0x00, 0x10, 0x00, 0x00, 0x00, 0x16, 0x40, 0x00, 0x00,
    0x30, 0x07, 0x00, 0x00, 0x18, 0x01, 0x00, 0x00, 0x14, 0x01, 0x41, 0x81,
    0x21, 0x01, 0x01, 0x00, 0x20, 0x01, 0x00, 0x00, 0x22, 0x01, 0x02, 0x00,
    0x25, 0x01, 0x00, 0x00, 0x26, 0x01, 0x80, 0xff, 0x27, 0x01, 0x7f, 0x00,
    0x24, 0x40, 0x20, 0x00, 0x01, 0x00, 0x00, 0x80, 0x16, 0x01, 0x01, 0x00,
    0x15, 0x01, 0x15, 0x00, 0x17, 0x01, 0x07, 0x00, 0x0d, 0x01, 0x0a, 0x00,
    0x2d, 0x01, 0x1e, 0x00, 0x24, 0x01, 0x00, 0x00, 0x2f, 0x01, 0x00, 0x00,
    0x05, 0x00, 0x01, 0x00, 0x00, 0x40, 0x00, 0x00, 0x98, 0x03, 0x00, 0x00,
    0x10, 0x40, 0x00, 0x00, 0xc0, 0x75, 0x01, 0x00, 0x2f, 0x01, 0x03, 0x00,
    0x05, 0x00, 0x01, 0x00, 0x00, 0x40, 0x00, 0x00, 0x90, 0x6e, 0x01, 0x00,
    0x0b, 0x01, 0x00, 0x00, 0x0c, 0x01, 0x00, 0x00, 0x05, 0x40, 0x00, 0x00,
    0x30, 0x07, 0x00, 0x00, 0x04, 0x40, 0x00, 0x00, 0x10, 0x00, 0x00, 0x00,
    0x06, 0x40, 0x00, 0x00, 0x30, 0x07, 0x00, 0x00, 0x09, 0x01, 0xff, 0xff,
    0x05, 0x01, 0x41, 0x00, 0x01, 0x01, 0x01, 0x00, 0x02, 0x01, 0x01, 0x00,
    0x10, 0x40, 0x00, 0x00, 0xf0, 0x7c, 0x01, 0x00, 0x11, 0x01, 0x39, 0x00,
    0x1a, 0x01, 0x39, 0x00, 0x13, 0x01, 0x0f, 0x00, 0x15, 0x40, 0x00, 0x00,
    0xa0, 0x03, 0x00, 0x00, 0x16, 0x40, 0x00, 0x00, 0xa0, 0x03, 0x00, 0x00,
    0x18, 0x01, 0x80, 0xff, 0x14, 0x01, 0x41, 0x00, 0x21, 0x01, 0x00, 0x00,
    0x20, 0x01, 0x02, 0x00, 0x22, 0x01, 0x05, 0x00, 0x28, 0x01, 0x00, 0x00,
    0x20, 0x40, 0x00, 0x00, 0xa0, 0x00, 0x00, 0x00, 0x21, 0x40, 0x00, 0x00,
    0x10, 0x01, 0x00, 0x00, 0x29, 0x01, 0x00, 0x00, 0x22, 0x40, 0x00, 0x00,
    0x00, 0x00, 0x00, 0x00, 0x23, 0x40, 0x00, 0x00, 0xa0, 0x00, 0x00, 0x00,
    0x15, 0x01, 0x39, 0x00, 0x17, 0x01, 0x0f, 0x00, 0x2f, 0x01, 0x01, 0x00,
    0x02, 0x00, 0x00, 0x00, 0x00, 0x40, 0x00, 0x00, 0xc0, 0x75, 0x01, 0x00,
    0x10, 0x40, 0x00, 0x00, 0x90, 0x80, 0x01, 0x00, 0x2f, 0x01, 0x03, 0x00,
    0x02, 0x00, 0x00, 0x00, 0x00, 0x40, 0x00, 0x00, 0x30, 0x07, 0x00, 0x00,
    0x0b, 0x01, 0x01, 0x00, 0x0c, 0x01, 0x01, 0x00, 0x05, 0x40, 0x00, 0x00,
    0xcc, 0x01, 0x00, 0x00, 0x04, 0x40, 0x00, 0x00, 0x04, 0x00, 0x00, 0x00,
    0x06, 0x40, 0x00, 0x00, 0x01, 0x00, 0x00, 0x00, 0x09, 0x01, 0x00, 0x00,
    0x05, 0x01, 0x01, 0x00, 0x01, 0x01, 0x00, 0x00, 0x02, 0x01, 0x00, 0x00,
    0x10, 0x40, 0x00, 0x00, 0x90, 0x6e, 0x01, 0x00, 0x11, 0x01, 0x72, 0x00,
    0x1a, 0x01, 0x72, 0x00, 0x13, 0x01, 0x03, 0x00, 0x15, 0x40, 0x00, 0x00,
    0x30, 0x07, 0x00, 0x00, 0x16, 0x40, 0x00, 0x00, 0x30, 0x07, 0x00, 0x00,
    0x18, 0x01, 0x00, 0x00, 0x14, 0x01, 0x41, 0x81, 0x21, 0x01, 0x01, 0x00,
    0x20, 0x01, 0x00, 0x00, 0x22, 0x01, 0x02, 0x00, 0x15, 0x01, 0x15, 0x00,
    0x17, 0x01, 0x07, 0x00, 0x05, 0x00, 0x01, 0x00, 0x00, 0x40, 0x00, 0x00,
    0xc8, 0x0a, 0x00, 0x00, 0x10, 0x40, 0x00, 0x00, 0xc0, 0x75, 0x01, 0x00,
    0x05, 0x00, 0x01, 0x00, 0x00, 0x40, 0x00, 0x00, 0x90, 0x6e, 0x01, 0x00,
    0x0b, 0x01, 0x00, 0x00, 0x0c, 0x01, 0x00, 0x00, 0x05, 0x40, 0x00, 0x00,
    0x30, 0x07, 0x00, 0x00, 0x04, 0x40, 0x00, 0x00, 0x10, 0x00, 0x00, 0x00,
    0x06, 0x40, 0x00, 0x00, 0x30, 0x07, 0x00, 0x00, 0x09, 0x01, 0xff, 0xff,
    0x05, 0x01, 0x41, 0x00, 0x01, 0x01, 0x01, 0x00, 0x02, 0x01, 0x01, 0x00,
    0x10, 0x40, 0x00, 0x00, 0x30, 0x84, 0x01, 0x00, 0x11, 0x01, 0x39, 0x00,
    0x1a, 0x01, 0x39, 0x00, 0x13, 0x01, 0x0f, 0x00, 0x15, 0x40, 0x00, 0x00,
    0xa0, 0x03, 0x00, 0x00, 0x16, 0x40, 0x00, 0x00, 0xa0, 0x03, 0x00, 0x00,
    0x18, 0x01, 0x80, 0xff, 0x14, 0x01, 0x41, 0x00, 0x21, 0x01, 0x00, 0x00,
    0x20, 0x01, 0x02, 0x00, 0x22, 0x01, 0x05, 0x00, 0x15, 0x01, 0x39, 0x00,
    0x17, 0x01, 0x0f, 0x00, 0x2f, 0x01, 0x01, 0x00, 0x02, 0x00, 0x00, 0x00,
    0x00, 0x40, 0x00, 0x00, 0xc0, 0x75, 0x01, 0x00, 0x10, 0x40, 0x00, 0x00,
    0xd0, 0x87, 0x01, 0x00, 0x2f, 0x01, 0x03, 0x00, 0x02, 0x00, 0x00, 0x00,
    0x00, 0x40, 0x00, 0x00, 0x60, 0x0e, 0x00, 0x00, 0x0b, 0x01, 0x01, 0x00,
    0x0c, 0x01, 0x01, 0x00, 0x05, 0x40, 0x00, 0x00, 0xcc, 0x01, 0x00, 0x00,
    0x04, 0x40, 0x00, 0x00, 0x04, 0x00, 0x00, 0x00, 0x06, 0x40, 0x00, 0x00,
    0x01, 0x00, 0x00, 0x00, 0x09, 0x01, 0x00, 0x00, 0x05, 0x01, 0x01, 0x00,
    0x01, 0x01, 0x00, 0x00, 0x02, 0x01, 0x00, 0x00, 0x10, 0x40, 0x00, 0x00,
    0x90, 0x6e, 0x01, 0x00, 0x11, 0x01, 0x72, 0x00, 0x1a, 0x01, 0x72, 0x00,
    0x13, 0x01, 0x03, 0x00, 0x15, 0x40, 0x00, 0x00, 0x30, 0x07, 0x00, 0x00,
    0x16, 0x40, 0x00, 0x00, 0x30, 0x07, 0x00, 0x00, 0x18, 0x01, 0x00, 0x00,
    0x14, 0x01, 0x41, 0x81, 0x21, 0x01, 0x01, 0x00, 0x20, 0x01, 0x00, 0x00,
    0x22, 0x01, 0x02, 0x00, 0x15, 0x01, 0x15, 0x00, 0x17, 0x01, 0x07, 0x00,
    0x05, 0x00, 0x01, 0x00, 0x00, 0x40, 0x00, 0x00, 0xf8, 0x11, 0x00, 0x00,
    0x10, 0x40, 0x00, 0x00, 0xc0, 0x75, 0x01, 0x00, 0x05, 0x00, 0x01, 0x00,
    0x00, 0x40, 0x00, 0x00, 0x90, 0x6e, 0x01, 0x00, 0x0b, 0x01, 0x00, 0x00,
    0x0c, 0x01, 0x00, 0x00, 0x05, 0x40, 0x00, 0x00, 0x30, 0x07, 0x00, 0x00,
    0x04, 0x40, 0x00, 0x00, 0x10, 0x00, 0x00, 0x00, 0x06, 0x40, 0x00, 0x00,
    0x30, 0x07, 0x00, 0x00, 0x09, 0x01, 0xff, 0xff, 0x05, 0x01, 0x41, 0x00,
    0x01, 0x01, 0x01, 0x00, 0x02, 0x01, 0x01, 0x00, 0x10, 0x40, 0x00, 0x00,
    0x70, 0x8b, 0x01, 0x00, 0x11, 0x01, 0x39, 0x00, 0x1a, 0x01, 0x39, 0x00,
    0x13, 0x01, 0x0f, 0x00, 0x15, 0x40, 0x00, 0x00, 0xa0, 0x03, 0x00, 0x00,
    0x16, 0x40, 0x00, 0x00, 0xa0, 0x03, 0x00, 0x00, 0x18, 0x01, 0x80, 0xff,
    0x14, 0x01, 0x41, 0x00, 0x21, 0x01, 0x00, 0x00, 0x20, 0x01, 0x02, 0x00,
    0x22, 0x01, 0x05, 0x00, 0x15, 0x01, 0x39, 0x00, 0x17, 0x01, 0x0f, 0x00,
    0x2f, 0x01, 0x01, 0x00, 0x02, 0x00, 0x00, 0x00, 0x00, 0x40, 0x00, 0x00,
    0xc0, 0x75, 0x01, 0x00, 0x10, 0x40, 0x00, 0x00, 0x10, 0x8f, 0x01, 0x00,
    0x2f, 0x01, 0x03, 0x00, 0x02, 0x00, 0x00, 0x00, 0x00, 0x40, 0x00, 0x00,
    0x90, 0x15, 0x00, 0x00, 0x0b, 0x01, 0x01, 0x00, 0x0c, 0x01, 0x01, 0x00,
    0x05, 0x40, 0x00, 0x00, 0xcc, 0x01, 0x00, 0x00, 0x04, 0x40, 0x00, 0x00,
    0x04, 0x00, 0x00, 0x00, 0x06, 0x40, 0x00, 0x00, 0x01, 0x00, 0x00, 0x00,
    0x09, 0x01, 0x00, 0x00, 0x05, 0x01, 0x01, 0x00, 0x01, 0x01, 0x00, 0x00,
    0x02, 0x01, 0x00, 0x00, 0x10, 0x40, 0x00, 0x00, 0x90, 0x6e, 0x01, 0x00,
    0x11, 0x01, 0x72, 0x00, 0x1a, 0x01, 0x72, 0x00, 0x13, 0x01, 0x03, 0x00,
    0x15, 0x40, 0x00, 0x00, 0x30, 0x07, 0x00, 0x00, 0x16, 0x40, 0x00, 0x00,
    0x30, 0x07, 0x00, 0x00, 0x18, 0x01, 0x00, 0x00, 0x14, 0x01, 0x41, 0x81,
    0x21, 0x01, 0x01, 0x00, 0x20, 0x01, 0x00, 0x00, 0x22, 0x01, 0x02, 0x00,
    0x15, 0x01, 0x15, 0x00, 0x17, 0x01, 0x07, 0x00, 0x05, 0x00, 0x01, 0x00,
    0x00, 0x40, 0x00, 0x00, 0x28, 0x19, 0x00, 0x00, 0x10, 0x40, 0x00, 0x00,
    0xc0, 0x75, 0x01, 0x00, 0x05, 0x00, 0x01, 0x00, 0x00, 0x40, 0x00, 0x00,
    0x90, 0x6e, 0x01, 0x00, 0x0b, 0x01, 0x00, 0x00, 0x0c, 0x01, 0x00, 0x00,
    0x05, 0x40, 0x00, 0x00, 0x30, 0x07, 0x00, 0x00, 0x04, 0x40, 0x00, 0x00,
    0x10, 0x00, 0x00, 0x00, 0x06, 0x40, 0x00, 0x00, 0x30, 0x07, 0x00, 0x00,
    0x09, 0x01, 0xff, 0xff, 0x05, 0x01, 0x41, 0x00, 0x01, 0x01, 0x01, 0x00,
    0x02, 0x01, 0x01, 0x00, 0x10, 0x40, 0x00, 0x00, 0xb0, 0x92, 0x01, 0x00,
    0x11, 0x01, 0x39, 0x00, 0x1a, 0x01, 0x39, 0x00, 0x13, 0x01, 0x0f, 0x00,
    0x15, 0x40, 0x00, 0x00, 0xa0, 0x03, 0x00, 0x00, 0x16, 0x40, 0x00, 0x00,
    0xa0, 0x03, 0x00, 0x00, 0x18, 0x01, 0x80, 0xff, 0x14, 0x01, 0x41, 0x00,
    0x21, 0x01, 0x00, 0x00, 0x20, 0x01, 0x02, 0x00, 0x22, 0x01, 0x05, 0x00,
    0x15, 0x01, 0x39, 0x00, 0x17, 0x01, 0x0f, 0x00, 0x2f, 0x01, 0x01, 0x00,
    0x02, 0x00, 0x00, 0x00, 0x00, 0x40, 0x00, 0x00, 0xc0, 0x75, 0x01, 0x00,
    0x10, 0x40, 0x00, 0x00, 0x50, 0x96, 0x01, 0x00, 0x2f, 0x01, 0x03, 0x00,
    0x02, 0x00, 0x00, 0x00, 0x00, 0x40, 0x00, 0x00, 0xc0, 0x1c, 0x00, 0x00,
    0x0b, 0x01, 0x01, 0x00, 0x0c, 0x01, 0x01, 0x00, 0x05, 0x40, 0x00, 0x00,
    0xcc, 0x01, 0x00, 0x00, 0x04, 0x40, 0x00, 0x00, 0x04, 0x00, 0x00, 0x00,
    0x06, 0x40, 0x00, 0x00, 0x01, 0x00, 0x00, 0x00, 0x09, 0x01, 0x00, 0x00,
    0x05, 0x01, 0x01, 0x00, 0x01, 0x01, 0x00, 0x00, 0x02, 0x01, 0x00, 0x00,
    0x10, 0x40, 0x00, 0x00, 0x90, 0x6e, 0x01, 0x00, 0x11, 0x01, 0x72, 0x00,
    0x1a, 0x01, 0x72, 0x00, 0x13, 0x01, 0x03, 0x00, 0x15, 0x40, 0x00, 0x00,
    0x30, 0x07, 0x00, 0x00, 0x16, 0x40, 0x00, 0x00, 0x30, 0x07, 0x00, 0x00,
    0x18, 0x01, 0x00, 0x00, 0x14, 0x01, 0x41, 0x81, 0x21, 0x01, 0x01, 0x00,
    0x20, 0x01, 0x00, 0x00, 0x22, 0x01, 0x02, 0x00, 0x15, 0x01, 0x15, 0x00,
    0x17, 0x01, 0x07, 0x00, 0x05, 0x00, 0x01, 0x00, 0x00, 0x40, 0x00, 0x00,
    0x58, 0x20, 0x00, 0x00, 0x10, 0x40, 0x00, 0x00, 0xc0, 0x75, 0x01, 0x00,
    0x05, 0x00, 0x01, 0x00, 0x00, 0x40, 0x00, 0x00, 0x90, 0x6e, 0x01, 0x00,
    0x0b, 0x01, 0x00, 0x00, 0x0c, 0x01, 0x00, 0x00, 0x05, 0x40, 0x00, 0x00,
    0x30, 0x07, 0x00, 0x00, 0x04, 0x40, 0x00, 0x00, 0x10, 0x00, 0x00, 0x00,
    0x06, 0x40, 0x00, 0x00, 0x30, 0x07, 0x00, 0x00, 0x09, 0x01, 0xff, 0xff,
    0x05, 0x01, 0x41, 0x00, 0x01, 0x01, 0x01, 0x00, 0x02, 0x01, 0x01, 0x00,
    0x10, 0x40, 0x00, 0x00, 0xf0, 0x99, 0x01, 0x00, 0x11, 0x01, 0x39, 0x00,
    0x1a, 0x01, 0x39, 0x00, 0x13, 0x01, 0x0f, 0x00, 0x15, 0x40, 0x00, 0x00,
    0xa0, 0x03, 0x00, 0x00, 0x16, 0x40, 0x00, 0x00, 0xa0, 0x03, 0x00, 0x00,
    0x18, 0x01, 0x80, 0xff, 0x14, 0x01, 0x41, 0x00, 0x21, 0x01, 0x00, 0x00,
    0x20, 0x01, 0x02, 0x00, 0x22, 0x01, 0x05, 0x00, 0x15, 0x01, 0x39, 0x00,
    0x17, 0x01, 0x0f, 0x00, 0x2f, 0x01, 0x01, 0x00, 0x02, 0x00, 0x00, 0x00,
    0x00, 0x40, 0x00, 0x00, 0xc0, 0x75, 0x01, 0x00, 0x10, 0x40, 0x00, 0x00,
    0x90, 0x9d, 0x01, 0x00, 0x2f, 0x01, 0x03, 0x00, 0x02, 0x00, 0x00, 0x00,
    0x00, 0x40, 0x00, 0x00, 0xf0, 0x23, 0x00, 0x00, 0x0b, 0x01, 0x01, 0x00,
    0x0c, 0x01, 0x01, 0x00, 0x05, 0x40, 0x00, 0x00, 0xcc, 0x01, 0x00, 0x00,
    0x04, 0x40, 0x00, 0x00, 0x04, 0x00, 0x00, 0x00, 0x06, 0x40, 0x00, 0x00,
    0x01, 0x00, 0x00, 0x00, 0x09, 0x01, 0x00, 0x00, 0x05, 0x01, 0x01, 0x00,
    0x01, 0x01, 0x00, 0x00, 0x02, 0x01, 0x00, 0x00, 0x10, 0x40, 0x00, 0x00,
    0x90, 0x6e, 0x01, 0x00, 0x11, 0x01, 0x72, 0x00, 0x1a, 0x01, 0x72, 0x00,
    0x13, 0x01, 0x03, 0x00, 0x15, 0x40, 0x00, 0x00, 0x30, 0x07, 0x00, 0x00,
    0x16, 0x40, 0x00, 0x00, 0x30, 0x07, 0x00, 0x00, 0x18, 0x01, 0x00, 0x00,
    0x14, 0x01, 0x41, 0x81, 0x21, 0x01, 0x01, 0x00, 0x20, 0x01, 0x00, 0x00,
    0x22, 0x01, 0x02, 0x00, 0x15, 0x01, 0x15, 0x00, 0x17, 0x01, 0x07, 0x00,
    0x05, 0x00, 0x01, 0x00, 0x00, 0x40, 0x00, 0x00, 0x88, 0x27, 0x00, 0x00,
    0x10, 0x40, 0x00, 0x00, 0xc0, 0x75, 0x01, 0x00, 0x05, 0x00, 0x01, 0x00,
    0x00, 0x40, 0x00, 0x00, 0x90, 0x6e, 0x01, 0x00, 0x0b, 0x01, 0x00, 0x00,
    0x0c, 0x01, 0x00, 0x00, 0x05, 0x40, 0x00, 0x00, 0x30, 0x07, 0x00, 0x00,
    0x04, 0x40, 0x00, 0x00, 0x10, 0x00, 0x00, 0x00, 0x06, 0x40, 0x00, 0x00,
    0x30, 0x07, 0x00, 0x00, 0x09, 0x01, 0xff, 0xff, 0x05, 0x01, 0x41, 0x00,
    0x01, 0x01, 0x01, 0x00, 0x02, 0x01, 0x01, 0x00, 0x10, 0x40, 0x00, 0x00,
    0x30, 0xa1, 0x01, 0x00, 0x11, 0x01, 0x39, 0x00, 0x1a, 0x01, 0x39, 0x00,
    0x13, 0x01, 0x0f, 0x00, 0x15, 0x40, 0x00, 0x00, 0xa0, 0x03, 0x00, 0x00,
    0x16, 0x40, 0x00, 0x00, 0xa0, 0x03, 0x00, 0x00, 0x18, 0x01, 0x80, 0xff,
    0x14, 0x01, 0x41, 0x00, 0x21, 0x01, 0x00, 0x00, 0x20, 0x01, 0x02, 0x00,
    0x22, 0x01, 0x05, 0x00, 0x15, 0x01, 0x39, 0x00, 0x17, 0x01, 0x0f, 0x00,
    0x2f, 0x01, 0x01, 0x00, 0x02, 0x00, 0x00, 0x00, 0x00, 0x40, 0x00, 0x00,
    0xc0, 0x75, 0x01, 0x00, 0x10, 0x40, 0x00, 0x00, 0xd0, 0xa4, 0x01, 0x00,
    0x2f, 0x01, 0x03, 0x00, 0x02, 0x00, 0x00, 0x00, 0x00, 0x40, 0x00, 0x00,
    0x20, 0x2b, 0x00, 0x00, 0x0b, 0x01, 0x01, 0x00, 0x0c, 0x01, 0x01, 0x00,
    0x05, 0x40, 0x00, 0x00, 0xcc, 0x01, 0x00, 0x00, 0x04, 0x40, 0x00, 0x00,
    0x04, 0x00, 0x00, 0x00, 0x06, 0x40, 0x00, 0x00, 0x01, 0x00, 0x00, 0x00,
    0x09, 0x01, 0x00, 0x00, 0x05, 0x01, 0x01, 0x00, 0x01, 0x01, 0x00, 0x00,
    0x02, 0x01, 0x00, 0x00, 0x10, 0x40, 0x00, 0x00, 0x90, 0x6e, 0x01, 0x00,
    0x11, 0x01, 0x72, 0x00, 0x1a, 0x01, 0x72, 0x00, 0x13, 0x01, 0x03, 0x00,
    0x15, 0x40, 0x00, 0x00, 0x30, 0x07, 0x00, 0x00, 0x16, 0x40, 0x00, 0x00,
    0x30, 0x07, 0x00, 0x00, 0x18, 0x01, 0x00, 0x00, 0x14, 0x01, 0x41, 0x81,
    0x21, 0x01, 0x01, 0x00, 0x20, 0x01, 0x00, 0x00, 0x22, 0x01, 0x02, 0x00,
    0x15, 0x01, 0x15, 0x00, 0x17, 0x01, 0x07, 0x00, 0x05, 0x00, 0x01, 0x00,
    0x00, 0x40, 0x00, 0x00, 0xb8, 0x2e, 0x00, 0x00, 0x10, 0x40, 0x00, 0x00,
    0xc0, 0x75, 0x01, 0x00, 0x05, 0x00, 0x01, 0x00, 0x00, 0x40, 0x00, 0x00,
    0x90, 0x6e, 0x01, 0x00, 0x0b, 0x01, 0x00, 0x00, 0x0c, 0x01, 0x00, 0x00,
    0x05, 0x40, 0x00, 0x00, 0x30, 0x07, 0x00, 0x00, 0x04, 0x40, 0x00, 0x00,
    0x10, 0x00, 0x00, 0x00, 0x06, 0x40, 0x00, 0x00, 0x30, 0x07, 0x00, 0x00,
    0x09, 0x01, 0xff, 0xff, 0x05, 0x01, 0x41, 0x00, 0x01, 0x01, 0x01, 0x00,
    0x02, 0x01, 0x01, 0x00, 0x10, 0x40, 0x00, 0x00, 0x70, 0xa8, 0x01, 0x00,
    0x11, 0x01, 0x39, 0x00, 0x1a, 0x01, 0x39, 0x00, 0x13, 0x01, 0x0f, 0x00,
    0x15, 0x40, 0x00, 0x00, 0xa0, 0x03, 0x00, 0x00, 0x16, 0x40, 0x00, 0x00,
    0xa0, 0x03, 0x00, 0x00, 0x18, 0x01, 0x80, 0xff, 0x14, 0x01, 0x41, 0x00,
    0x21, 0x01, 0x00, 0x00, 0x20, 0x01, 0x02, 0x00, 0x22, 0x01, 0x05, 0x00,
    0x15, 0x01, 0x39, 0x00, 0x17, 0x01, 0x0f, 0x00, 0x2f, 0x01, 0x01, 0x00,
    0x02, 0x00, 0x00, 0x00, 0x00, 0x40, 0x00, 0x00, 0xc0, 0x75, 0x01, 0x00,
    0x10, 0x40, 0x00, 0x00, 0x10, 0xac, 0x01, 0x00, 0x2f, 0x01, 0x03, 0x00,
    0x02, 0x00, 0x00, 0x00, 0x00, 0x40, 0x00, 0x00, 0x50, 0x32, 0x00, 0x00,
    0x0b, 0x01, 0x01, 0x00, 0x0c, 0x01, 0x01, 0x00, 0x05, 0x40, 0x00, 0x00,
    0xcc, 0x01, 0x00, 0x00, 0x04, 0x40, 0x00, 0x00, 0x04, 0x00, 0x00, 0x00,
    0x06, 0x40, 0x00, 0x00, 0x01, 0x00, 0x00, 0x00, 0x09, 0x01, 0x00, 0x00,
    0x05, 0x01, 0x01, 0x00, 0x01, 0x01, 0x00, 0x00, 0x02, 0x01, 0x00, 0x00,
    0x10, 0x40, 0x00, 0x00, 0x90, 0x6e, 0x01, 0x00, 0x11, 0x01, 0x72, 0x00,
    0x1a, 0x01, 0x72, 0x00, 0x13, 0x01, 0x03, 0x00, 0x15, 0x40, 0x00, 0x00,
    0x30, 0x07, 0x00, 0x00, 0x16, 0x40, 0x00, 0x00, 0x30, 0x07, 0x00, 0x00,
    0x18, 0x01, 0x00, 0x00, 0x14, 0x01, 0x41, 0x81, 0x21, 0x01, 0x01, 0x00,
    0x20, 0x01, 0x00, 0x00, 0x22, 0x01, 0x02, 0x00, 0x15, 0x01, 0x15, 0x00,
    0x17, 0x01, 0x07, 0x00, 0x05, 0x00, 0x01, 0x00, 0x00, 0x40, 0x00, 0x00,
    0xe8, 0x35, 0x00, 0x00, 0x10, 0x40, 0x00, 0x00, 0xc0, 0x75, 0x01, 0x00,
    0x05, 0x00, 0x01, 0x00, 0x00, 0x40, 0x00, 0x00, 0x90, 0x6e, 0x01, 0x00,
    0x0b, 0x01, 0x00, 0x00, 0x0c, 0x01, 0x00, 0x00, 0x05, 0x40, 0x00, 0x00,
    0x30, 0x07, 0x00, 0x00, 0x04, 0x40, 0x00, 0x00, 0x10, 0x00, 0x00, 0x00,
    0x06, 0x40, 0x00, 0x00, 0x30, 0x07, 0x00, 0x00, 0x09, 0x01, 0xff, 0xff,
    0x05, 0x01, 0x41, 0x00, 0x01, 0x01, 0x01, 0x00, 0x02, 0x01, 0x01, 0x00,
    0x10, 0x40, 0x00, 0x00, 0xb0, 0xaf, 0x01, 0x00, 0x11, 0x01, 0x39, 0x00,
    0x1a, 0x01, 0x39, 0x00, 0x13, 0x01, 0x0f, 0x00, 0x15, 0x40, 0x00, 0x00,
    0xa0, 0x03, 0x00, 0x00, 0x16, 0x40, 0x00, 0x00, 0xa0, 0x03, 0x00, 0x00,
    0x18, 0x01, 0x80, 0xff, 0x14, 0x01, 0x41, 0x00, 0x21, 0x01, 0x00, 0x00,
    0x20, 0x01, 0x02, 0x00, 0x22, 0x01, 0x05, 0x00, 0x15, 0x01, 0x39, 0x00,
    0x17, 0x01, 0x0f, 0x00, 0x2f, 0x01, 0x01, 0x00, 0x02, 0x00, 0x00, 0x00,
    0x00, 0x40, 0x00, 0x00, 0xc0, 0x75, 0x01, 0x00, 0x10, 0x40, 0x00, 0x00,
    0x50, 0xb3, 0x01, 0x00, 0x2f, 0x01, 0x03, 0x00, 0x02, 0x00, 0x00, 0x00,
    0x00, 0x40, 0x00, 0x00, 0x80, 0x39, 0x00, 0x00, 0x0b, 0x01, 0x01, 0x00,
    0x0c, 0x01, 0x01, 0x00, 0x05, 0x40, 0x00, 0x00, 0xcc, 0x01, 0x00, 0x00,
    0x04, 0x40, 0x00, 0x00, 0x04, 0x00, 0x00, 0x00, 0x06, 0x40, 0x00, 0x00,
    0x01, 0x00, 0x00, 0x00, 0x09, 0x01, 0x00, 0x00, 0x05, 0x01, 0x01, 0x00,
    0x01, 0x01, 0x00, 0x00, 0x02, 0x01, 0x00, 0x00, 0x10, 0x40, 0x00, 0x00,
    0x90, 0x6e, 0x01, 0x00, 0x11, 0x01, 0x72, 0x00, 0x1a, 0x01, 0x72, 0x00,
    0x13, 0x01, 0x03, 0x00, 0x15, 0x40, 0x00, 0x00, 0x30, 0x07, 0x00, 0x00,
    0x16, 0x40, 0x00, 0x00, 0x30, 0x07, 0x00, 0x00, 0x18, 0x01, 0x00, 0x00,
    0x14, 0x01, 0x41, 0x81, 0x21, 0x01, 0x01, 0x00, 0x20, 0x01, 0x00, 0x00,
    0x22, 0x01, 0x02, 0x00, 0x15, 0x01, 0x15, 0x00, 0x17, 0x01, 0x07, 0x00,
    0x05, 0x00, 0x01, 0x00, 0x00, 0x40, 0x00, 0x00, 0x18, 0x3d, 0x00, 0x00,
    0x10, 0x40, 0x00, 0x00, 0xc0, 0x75, 0x01, 0x00, 0x05, 0x00, 0x01, 0x00,
    0x00, 0x40, 0x00, 0x00, 0x90, 0x6e, 0x01, 0x00, 0x0b, 0x01, 0x00, 0x00,
    0x0c, 0x01, 0x00, 0x00, 0x05, 0x40, 0x00, 0x00, 0x30, 0x07, 0x00, 0x00,
    0x04, 0x40, 0x00, 0x00, 0x10, 0x00, 0x00, 0x00, 0x06, 0x40, 0x00, 0x00,
    0x30, 0x07, 0x00, 0x00, 0x09, 0x01, 0xff, 0xff, 0x05, 0x01, 0x41, 0x00,
    0x01, 0x01, 0x01, 0x00, 0x02, 0x01, 0x01, 0x00, 0x10, 0x40, 0x00, 0x00,
    0xf0, 0xb6, 0x01, 0x00, 0x11, 0x01, 0x39, 0x00, 0x1a, 0x01, 0x39, 0x00,
    0x13, 0x01, 0x0f, 0x00, 0x15, 0x40, 0x00, 0x00, 0xa0, 0x03, 0x00, 0x00,
    0x16, 0x40, 0x00, 0x00, 0xa0, 0x03, 0x00, 0x00, 0x18, 0x01, 0x80, 0xff,
    0x14, 0x01, 0x41, 0x00, 0x21, 0x01, 0x00, 0x00, 0x20, 0x01, 0x02, 0x00,
    0x22, 0x01, 0x05, 0x00, 0x15, 0x01, 0x39, 0x00, 0x17, 0x01, 0x0f, 0x00,
    0x2f, 0x01, 0x01, 0x00, 0x02, 0x00, 0x00, 0x00, 0x00, 0x40, 0x00, 0x00,
    0xc0, 0x75, 0x01, 0x00, 0x10, 0x40, 0x00, 0x00, 0x90, 0xba, 0x01, 0x00,
    0x2f, 0x01, 0x03, 0x00, 0x02, 0x00, 0x00, 0x00, 0x00, 0x40, 0x00, 0x00,
    0xb0, 0x40, 0x00, 0x00, 0x0b, 0x01, 0x01, 0x00, 0x0c, 0x01, 0x01, 0x00,
    0x05, 0x40, 0x00, 0x00, 0xcc, 0x01, 0x00, 0x00, 0x04, 0x40, 0x00, 0x00,
    0x04, 0x00, 0x00, 0x00, 0x06, 0x40, 0x00, 0x00, 0x01, 0x00, 0x00, 0x00,
    0x09, 0x01, 0x00, 0x00, 0x05, 0x01, 0x01, 0x00, 0x01, 0x01, 0x00, 0x00,
    0x02, 0x01, 0x00, 0x00, 0x10, 0x40, 0x00, 0x00, 0x90, 0x6e, 0x01, 0x00,
    0x11, 0x01, 0x72, 0x00, 0x1a, 0x01, 0x72, 0x00, 0x13, 0x01, 0x03, 0x00,
    0x15, 0x40, 0x00, 0x00, 0x30, 0x07, 0x00, 0x00, 0x16, 0x40, 0x00, 0x00,
    0x30, 0x07, 0x00, 0x00, 0x18, 0x01, 0x00, 0x00, 0x14, 0x01, 0x41, 0x81,
    0x21, 0x01, 0x01, 0x00, 0x20, 0x01, 0x00, 0x00, 0x22, 0x01, 0x02, 0x00,
    0x15, 0x01, 0x15, 0x00, 0x17, 0x01, 0x07, 0x00, 0x05, 0x00, 0x01, 0x00,
    0x00, 0x40, 0x00, 0x00, 0x48, 0x44, 0x00, 0x00, 0x10, 0x40, 0x00, 0x00,
    0xc0, 0x75, 0x01, 0x00, 0x05, 0x00, 0x01, 0x00, 0x00, 0x40, 0x00, 0x00,
    0x90, 0x6e, 0x01, 0x00, 0x0b, 0x01, 0x00, 0x00, 0x0c, 0x01, 0x00, 0x00,
    0x05, 0x40, 0x00, 0x00, 0x30, 0x07, 0x00, 0x00, 0x04, 0x40, 0x00, 0x00,
    0x10, 0x00, 0x00, 0x00, 0x06, 0x40, 0x00, 0x00, 0x30, 0x07, 0x00, 0x00,
    0x09, 0x01, 0xff, 0xff, 0x05, 0x01, 0x41, 0x00, 0x01, 0x01, 0x01, 0x00,
    0x02, 0x01, 0x01, 0x00, 0x10, 0x40, 0x00, 0x00, 0x30, 0xbe, 0x01, 0x00,
    0x11, 0x01, 0x39, 0x00, 0x1a, 0x01, 0x39, 0x00, 0x13, 0x01, 0x0f, 0x00,
    0x15, 0x40, 0x00, 0x00, 0xa0, 0x03, 0x00, 0x00, 0x16, 0x40, 0x00, 0x00,
    0xa0, 0x03, 0x00, 0x00, 0x18, 0x01, 0x80, 0xff, 0x14, 0x01, 0x41, 0x00,
    0x21, 0x01, 0x00, 0x00, 0x20, 0x01, 0x02, 0x00, 0x22, 0x01, 0x05, 0x00,
    0x15, 0x01, 0x39, 0x00, 0x17, 0x01, 0x0f, 0x00, 0x2f, 0x01, 0x01, 0x00,
    0x02, 0x00, 0x00, 0x00, 0x00, 0x40, 0x00, 0x00, 0xc0, 0x75, 0x01, 0x00,
    0x10, 0x40, 0x00, 0x00, 0xd0, 0xc1, 0x01, 0x00, 0x2f, 0x01, 0x03, 0x00,
    0x02, 0x00, 0x00, 0x00, 0x00, 0x40, 0x00, 0x00, 0xe0, 0x47, 0x00, 0x00,
    0x0b, 0x01, 0x01, 0x00, 0x0c, 0x01, 0x01, 0x00, 0x05, 0x40, 0x00, 0x00,
    0xcc, 0x01, 0x00, 0x00, 0x04, 0x40, 0x00, 0x00, 0x04, 0x00, 0x00, 0x00,
    0x06, 0x40, 0x00, 0x00, 0x01, 0x00, 0x00, 0x00, 0x09, 0x01, 0x00, 0x00,
    0x05, 0x01, 0x01, 0x00, 0x01, 0x01, 0x00, 0x00, 0x02, 0x01, 0x00, 0x00,
    0x10, 0x40, 0x00, 0x00, 0x90, 0x6e, 0x01, 0x00, 0x11, 0x01, 0x72, 0x00,
    0x1a, 0x01, 0x72, 0x00, 0x13, 0x01, 0x03, 0x00, 0x15, 0x40, 0x00, 0x00,
    0x30, 0x07, 0x00, 0x00, 0x16, 0x40, 0x00, 0x00, 0x30, 0x07, 0x00, 0x00,
    0x18, 0x01, 0x00, 0x00, 0x14, 0x01, 0x41, 0x81, 0x21, 0x01, 0x01, 0x00,
    0x20, 0x01, 0x00, 0x00, 0x22, 0x01, 0x02, 0x00, 0x15, 0x01, 0x15, 0x00,
    0x17, 0x01, 0x07, 0x00, 0x05, 0x00, 0x01, 0x00, 0x00, 0x40, 0x00, 0x00,
    0x78, 0x4b, 0x00, 0x00, 0x10, 0x40, 0x00, 0x00, 0xc0, 0x75, 0x01, 0x00,
    0x05, 0x00, 0x01, 0x00, 0x00, 0x40, 0x00, 0x00, 0x90, 0x6e, 0x01, 0x00,
    0x0b, 0x01, 0x00, 0x00, 0x0c, 0x01, 0x00, 0x00, 0x05, 0x40, 0x00, 0x00,
    0x30, 0x07, 0x00, 0x00, 0x04, 0x40, 0x00, 0x00, 0x10, 0x00, 0x00, 0x00,
    0x06, 0x40, 0x00, 0x00, 0x30, 0x07, 0x00, 0x00, 0x09, 0x01, 0xff, 0xff,
    0x05, 0x01, 0x41, 0x00, 0x01, 0x01, 0x01, 0x00, 0x02, 0x01, 0x01, 0x00,
    0x10, 0x40, 0x00, 0x00, 0x70, 0xc5, 0x01, 0x00, 0x11, 0x01, 0x39, 0x00,
    0x1a, 0x01, 0x39, 0x00, 0x13, 0x01, 0x0f, 0x00, 0x15, 0x40, 0x00, 0x00,
    0xa0, 0x03, 0x00, 0x00, 0x16, 0x40, 0x00, 0x00, 0xa0, 0x03, 0x00, 0x00,
    0x18, 0x01, 0x80, 0xff, 0x14, 0x01, 0x41, 0x00, 0x21, 0x01, 0x00, 0x00,
    0x20, 0x01, 0x02, 0x00, 0x22, 0x01, 0x05, 0x00, 0x15, 0x01, 0x39, 0x00,
    0x17, 0x01, 0x0f, 0x00, 0x2f, 0x01, 0x01, 0x00, 0x02, 0x00, 0x00, 0x00,
    0x00, 0x40, 0x00, 0x00, 0xc0, 0x75, 0x01, 0x00, 0x10, 0x40, 0x00, 0x00,
    0x10, 0xc9, 0x01, 0x00, 0x2f, 0x01, 0x03, 0x00, 0x02, 0x00, 0x00, 0x00,
    0x00, 0x40, 0x00, 0x00, 0x10, 0x4f, 0x00, 0x00, 0x0b, 0x01, 0x01, 0x00,
    0x0c, 0x01, 0x01, 0x00, 0x05, 0x40, 0x00, 0x00, 0xcc, 0x01, 0x00, 0x00,
    0x04, 0x40, 0x00, 0x00, 0x04, 0x00, 0x00, 0x00, 0x06, 0x40, 0x00, 0x00,
    0x01, 0x00, 0x00, 0x00, 0x09, 0x01, 0x00, 0x00, 0x05, 0x01, 0x01, 0x00,
    0x01, 0x01, 0x00, 0x00, 0x02, 0x01, 0x00, 0x00, 0x10, 0x40, 0x00, 0x00,
    0x90, 0x6e, 0x01, 0x00, 0x11, 0x01, 0x72, 0x00, 0x1a, 0x01, 0x72, 0x00,
    0x13, 0x01, 0x03, 0x00, 0x15, 0x40, 0x00, 0x00, 0x30, 0x07, 0x00, 0x00,
    0x16, 0x40, 0x00, 0x00, 0x30, 0x07, 0x00, 0x00, 0x18, 0x01, 0x00, 0x00,
    0x14, 0x01, 0x41, 0x81, 0x21, 0x01, 0x01, 0x00, 0x20, 0x01, 0x00, 0x00,
    0x22, 0x01, 0x02, 0x00, 0x15, 0x01, 0x15, 0x00, 0x17, 0x01, 0x07, 0x00,
    0x05, 0x00, 0x01, 0x00, 0x00, 0x40, 0x00, 0x00, 0xa8, 0x52, 0x00, 0x00,
    0x10, 0x40, 0x00, 0x00, 0xc0, 0x75, 0x01, 0x00, 0x05, 0x00, 0x01, 0x00,
    0x00, 0x40, 0x00, 0x00, 0x90, 0x6e, 0x01, 0x00, 0x0b, 0x01, 0x00, 0x00,
    0x0c, 0x01, 0x00, 0x00, 0x05, 0x40, 0x00, 0x00, 0x30, 0x07, 0x00, 0x00,
    0x04, 0x40, 0x00, 0x00, 0x10, 0x00, 0x00, 0x00, 0x06, 0x40, 0x00, 0x00,
    0x30, 0x07, 0x00, 0x00, 0x09, 0x01, 0xff, 0xff, 0x05, 0x01, 0x41, 0x00,
    0x01, 0x01, 0x01, 0x00, 0x02, 0x01, 0x01, 0x00, 0x10, 0x40, 0x00, 0x00,
    0xb0, 0xcc, 0x01, 0x00, 0x11, 0x01, 0x39, 0x00, 0x1a, 0x01, 0x39, 0x00,
    0x13, 0x01, 0x0f, 0x00, 0x15, 0x40, 0x00, 0x00, 0xa0, 0x03, 0x00, 0x00,
    0x16, 0x40, 0x00, 0x00, 0xa0, 0x03, 0x00, 0x00, 0x18, 0x01, 0x80, 0xff,
    0x14, 0x01, 0x41, 0x00, 0x21, 0x01, 0x00, 0x00, 0x20, 0x01, 0x02, 0x00,
    0x22, 0x01, 0x05, 0x00, 0x15, 0x01, 0x39, 0x00, 0x17, 0x01, 0x0f, 0x00,
    0x2f, 0x01, 0x01, 0x00, 0x02, 0x00, 0x00, 0x00, 0x00, 0x40, 0x00, 0x00,
    0xc0, 0x75, 0x01, 0x00, 0x10, 0x40, 0x00, 0x00, 0x50, 0xd0, 0x01, 0x00,
    0x2f, 0x01, 0x03, 0x00, 0x02, 0x00, 0x00, 0x00, 0x00, 0x40, 0x00, 0x00,
    0x40, 0x56, 0x00, 0x00, 0x0b, 0x01, 0x01, 0x00, 0x0c, 0x01, 0x01, 0x00,
    0x05, 0x40, 0x00, 0x00, 0xcc, 0x01, 0x00, 0x00, 0x04, 0x40, 0x00, 0x00,
    0x04, 0x00, 0x00, 0x00, 0x06, 0x40, 0x00, 0x00, 0x01, 0x00, 0x00, 0x00,
    0x09, 0x01, 0x00, 0x00, 0x05, 0x01, 0x01, 0x00, 0x01, 0x01, 0x00, 0x00,
    0x02, 0x01, 0x00, 0x00, 0x10, 0x40, 0x00, 0x00, 0x90, 0x6e, 0x01, 0x00,
    0x11, 0x01, 0x72, 0x00, 0x1a, 0x01, 0x72, 0x00, 0x13, 0x01, 0x03, 0x00,
    0x15, 0x40, 0x00, 0x00, 0x30, 0x07, 0x00, 0x00, 0x16, 0x40, 0x00, 0x00,
    0x30, 0x07, 0x00, 0x00, 0x18, 0x01, 0x00, 0x00, 0x14, 0x01, 0x41, 0x81,
    0x21, 0x01, 0x01, 0x00, 0x20, 0x01, 0x00, 0x00, 0x22, 0x01, 0x02, 0x00,
    0x15, 0x01, 0x15, 0x00, 0x17, 0x01, 0x07, 0x00, 0x05, 0x00, 0x01, 0x00,
    0x00, 0x40, 0x00, 0x00, 0xd8, 0x59, 0x00, 0x00, 0x10, 0x40, 0x00, 0x00,
    0xc0, 0x75, 0x01, 0x00, 0x05, 0x00, 0x01, 0x00, 0x00, 0x40, 0x00, 0x00,
    0x90, 0x6e, 0x01, 0x00, 0x0b, 0x01, 0x00, 0x00, 0x0c, 0x01, 0x00, 0x00,
    0x05, 0x40, 0x00, 0x00, 0x30, 0x07, 0x00, 0x00, 0x04, 0x40, 0x00, 0x00,
    0x10, 0x00, 0x00, 0x00, 0x06, 0x40, 0x00, 0x00, 0x30, 0x07, 0x00, 0x00,
    0x09, 0x01, 0xff, 0xff, 0x05, 0x01, 0x41, 0x00, 0x01, 0x01, 0x01, 0x00,
    0x02, 0x01, 0x01, 0x00, 0x10, 0x40, 0x00, 0x00, 0xf0, 0xd3, 0x01, 0x00,
    0x11, 0x01, 0x39, 0x00, 0x1a, 0x01, 0x39, 0x00, 0x13, 0x01, 0x0f, 0x00,
    0x15, 0x40, 0x00, 0x00, 0xa0, 0x03, 0x00, 0x00, 0x16, 0x40, 0x00, 0x00,
    0xa0, 0x03, 0x00, 0x00, 0x18, 0x01, 0x80, 0xff, 0x14, 0x01, 0x41, 0x00,
    0x21, 0x01, 0x00, 0x00, 0x20, 0x01, 0x02, 0x00, 0x22, 0x01, 0x05, 0x00,
    0x15, 0x01, 0x39, 0x00, 0x17, 0x01, 0x0f, 0x00, 0x2f, 0x01, 0x01, 0x00,
    0x02, 0x00, 0x00, 0x00, 0x00, 0x40, 0x00, 0x00, 0xc0, 0x75, 0x01, 0x00,
    0x10, 0x40, 0x00, 0x00, 0x90, 0xd7, 0x01, 0x00, 0x2f, 0x01, 0x03, 0x00,
    0x02, 0x00, 0x00, 0x00, 0x00, 0x40, 0x00, 0x00, 0x70, 0x5d, 0x00, 0x00,
    0x0b, 0x01, 0x01, 0x00, 0x0c, 0x01, 0x01, 0x00, 0x05, 0x40, 0x00, 0x00,
    0xcc, 0x01, 0x00, 0x00, 0x04, 0x40, 0x00, 0x00, 0x04, 0x00, 0x00, 0x00,
    0x06, 0x40, 0x00, 0x00, 0x01, 0x00, 0x00, 0x00, 0x09, 0x01, 0x00, 0x00,
    0x05, 0x01, 0x01, 0x00, 0x01, 0x01, 0x00, 0x00, 0x02, 0x01, 0x00, 0x00,
    0x10, 0x40, 0x00, 0x00, 0x90, 0x6e, 0x01, 0x00, 0x11, 0x01, 0x72, 0x00,
    0x1a, 0x01, 0x72, 0x00, 0x13, 0x01, 0x03, 0x00, 0x15, 0x40, 0x00, 0x00,
    0x30, 0x07, 0x00, 0x00, 0x16, 0x40, 0x00, 0x00, 0x30, 0x07, 0x00, 0x00,
    0x18, 0x01, 0x00, 0x00, 0x14, 0x01, 0x41, 0x81, 0x21, 0x01, 0x01, 0x00,
    0x20, 0x01, 0x00, 0x00, 0x22, 0x01, 0x02, 0x00, 0x15, 0x01, 0x15, 0x00,
    0x17, 0x01, 0x07, 0x00, 0x05, 0x00, 0x01, 0x00, 0x00, 0x40, 0x00, 0x00,
    0x08, 0x61, 0x00, 0x00, 0x10, 0x40, 0x00, 0x00, 0xc0, 0x75, 0x01, 0x00,
    0x05, 0x00, 0x01, 0x00, 0x00, 0x40, 0x00, 0x00, 0x90, 0x6e, 0x01, 0x00,
    0x0b, 0x01, 0x00, 0x00, 0x0c, 0x01, 0x00, 0x00, 0x05, 0x40, 0x00, 0x00,
    0x30, 0x07, 0x00, 0x00, 0x04, 0x40, 0x00, 0x00, 0x10, 0x00, 0x00, 0x00,
    0x06, 0x40, 0x00, 0x00, 0x30, 0x07, 0x00, 0x00, 0x09, 0x01, 0xff, 0xff,
    0x05, 0x01, 0x41, 0x00, 0x01, 0x01, 0x01, 0x00, 0x02, 0x01, 0x01, 0x00,
    0x10, 0x40, 0x00, 0x00, 0x30, 0xdb, 0x01, 0x00, 0x11, 0x01, 0x39, 0x00,
    0x1a, 0x01, 0x39, 0x00, 0x13, 0x01, 0x0f, 0x00, 0x15, 0x40, 0x00, 0x00,
    0xa0, 0x03, 0x00, 0x00, 0x16, 0x40, 0x00, 0x00, 0xa0, 0x03, 0x00, 0x00,
    0x18, 0x01, 0x80, 0xff, 0x14, 0x01, 0x41, 0x00, 0x21, 0x01, 0x00, 0x00,
    0x20, 0x01, 0x02, 0x00, 0x22, 0x01, 0x05, 0x00, 0x15, 0x01, 0x39, 0x00,
    0x17, 0x01, 0x0f, 0x00, 0x2f, 0x01, 0x01, 0x00, 0x02, 0x00, 0x00, 0x00,
    0x00, 0x40, 0x00, 0x00, 0xc0, 0x75, 0x01, 0x00, 0x10, 0x40, 0x00, 0x00,
    0xd0, 0xde, 0x01, 0x00, 0x2f, 0x01, 0x03, 0x00, 0x02, 0x00, 0x00, 0x00,
    0x00, 0x40, 0x00, 0x00, 0xa0, 0x64, 0x00, 0x00, 0x0b, 0x01, 0x01, 0x00,
    0x0c, 0x01, 0x01, 0x00, 0x05, 0x40, 0x00, 0x00, 0xcc, 0x01, 0x00, 0x00,
    0x04, 0x40, 0x00, 0x00, 0x04, 0x00, 0x00, 0x00, 0x06, 0x40, 0x00, 0x00,
    0x01, 0x00, 0x00, 0x00, 0x09, 0x01, 0x00, 0x00, 0x05, 0x01, 0x01, 0x00,
    0x01, 0x01, 0x00, 0x00, 0x02, 0x01, 0x00, 0x00, 0x10, 0x40, 0x00, 0x00,
    0x90, 0x6e, 0x01, 0x00, 0x11, 0x01, 0x72, 0x00, 0x1a, 0x01, 0x72, 0x00,
    0x13, 0x01, 0x03, 0x00, 0x15, 0x40, 0x00, 0x00, 0x30, 0x07, 0x00, 0x00,
    0x16, 0x40, 0x00, 0x00, 0x30, 0x07, 0x00, 0x00, 0x18, 0x01, 0x00, 0x00,
    0x14, 0x01, 0x41, 0x81, 0x21, 0x01, 0x01, 0x00, 0x20, 0x01, 0x00, 0x00,
    0x22, 0x01, 0x02, 0x00, 0x15, 0x01, 0x15, 0x00, 0x17, 0x01, 0x07, 0x00,
    0x05, 0x00, 0x01, 0x00, 0x00, 0x40, 0x00, 0x00, 0x38, 0x68, 0x00, 0x00,
    0x10, 0x40, 0x00, 0x00, 0xc0, 0x75, 0x01, 0x00, 0x05, 0x00, 0x01, 0x00,
    0x00, 0x40, 0x00, 0x00, 0x90, 0x6e, 0x01, 0x00, 0x0b, 0x01, 0x00, 0x00,
    0x0c, 0x01, 0x00, 0x00, 0x05, 0x40, 0x00, 0x00, 0x30, 0x07, 0x00, 0x00,
    0x04, 0x40, 0x00, 0x00, 0x10, 0x00, 0x00, 0x00, 0x06, 0x40, 0x00, 0x00,
    0x30, 0x07, 0x00, 0x00, 0x09, 0x01, 0xff, 0xff, 0x05, 0x01, 0x41, 0x00,
    0x01, 0x01, 0x01, 0x00, 0x02, 0x01, 0x01, 0x00, 0x10, 0x40, 0x00, 0x00,
    0x70, 0xe2, 0x01, 0x00, 0x11, 0x01, 0x39, 0x00, 0x1a, 0x01, 0x39, 0x00,
    0x13, 0x01, 0x0f, 0x00, 0x15, 0x40, 0x00, 0x00, 0xa0, 0x03, 0x00, 0x00,
    0x16, 0x40, 0x00, 0x00, 0xa0, 0x03, 0x00, 0x00, 0x18, 0x01, 0x80, 0xff,
    0x14, 0x01, 0x41, 0x00, 0x21, 0x01, 0x00, 0x00, 0x20, 0x01, 0x02, 0x00,
    0x22, 0x01, 0x05, 0x00, 0x15, 0x01, 0x39, 0x00, 0x17, 0x01, 0x0f, 0x00,
    0x2f, 0x01, 0x01, 0x00, 0x02, 0x00, 0x00, 0x00, 0x00, 0x40, 0x00, 0x00,
    0xc0, 0x75, 0x01, 0x00, 0x10, 0x40, 0x00, 0x00, 0x10, 0xe6, 0x01, 0x00,
    0x2f, 0x01, 0x03, 0x00, 0x02, 0x00, 0x00, 0x00, 0x00, 0x40, 0x00, 0x00,
    0xd0, 0x6b, 0x00, 0x00, 0x0b, 0x01, 0x01, 0x00, 0x0c, 0x01, 0x01, 0x00,
    0x05, 0x40, 0x00, 0x00, 0xcc, 0x01, 0x00, 0x00, 0x04, 0x40, 0x00, 0x00,
    0x04, 0x00, 0x00, 0x00, 0x06, 0x40, 0x00, 0x00, 0x01, 0x00, 0x00, 0x00,
    0x09, 0x01, 0x00, 0x00, 0x05, 0x01, 0x01, 0x00, 0x01, 0x01, 0x00, 0x00,
    0x02, 0x01, 0x00, 0x00, 0x10, 0x40, 0x00, 0x00, 0x90, 0x6e, 0x01, 0x00,
    0x11, 0x01, 0x72, 0x00, 0x1a, 0x01, 0x72, 0x00, 0x13, 0x01, 0x03, 0x00,
    0x15, 0x40, 0x00, 0x00, 0x30, 0x07, 0x00, 0x00, 0x16, 0x40, 0x00, 0x00,
    0x30, 0x07, 0x00, 0x00, 0x18, 0x01, 0x00, 0x00, 0x14, 0x01, 0x41, 0x81,
    0x21, 0x01, 0x01, 0x00, 0x20, 0x01, 0x00, 0x00, 0x22, 0x01, 0x02, 0x00,
    0x15, 0x01, 0x15, 0x00, 0x17, 0x01, 0x07, 0x00, 0x05, 0x00, 0x01, 0x00,
    0x00, 0x40, 0x00, 0x00, 0x68, 0x6f, 0x00, 0x00, 0x10, 0x40, 0x00, 0x00,
    0xc0, 0x75, 0x01, 0x00, 0x05, 0x00, 0x01, 0x00, 0x00, 0x40, 0x00, 0x00,
    0x90, 0x6e, 0x01, 0x00, 0x0b, 0x01, 0x00, 0x00, 0x0c, 0x01, 0x00, 0x00,
    0x05, 0x40, 0x00, 0x00, 0x30, 0x07, 0x00, 0x00, 0x04, 0x40, 0x00, 0x00,
    0x10, 0x00, 0x00, 0x00, 0x06, 0x40, 0x00, 0x00, 0x30, 0x07, 0x00, 0x00,
    0x09, 0x01, 0xff, 0xff, 0x05, 0x01, 0x41, 0x00, 0x01, 0x01, 0x01, 0x00,
    0x02, 0x01, 0x01, 0x00, 0x10, 0x40, 0x00, 0x00, 0xb0, 0xe9, 0x01, 0x00,
    0x11, 0x01, 0x39, 0x00, 0x1a, 0x01, 0x39, 0x00, 0x13, 0x01, 0x0f, 0x00,
    0x15, 0x40, 0x00, 0x00, 0xa0, 0x03, 0x00, 0x00, 0x16, 0x40, 0x00, 0x00,
    0xa0, 0x03, 0x00, 0x00, 0x18, 0x01, 0x80, 0xff, 0x14, 0x01, 0x41, 0x00,
    0x21, 0x01, 0x00, 0x00, 0x20, 0x01, 0x02, 0x00, 0x22, 0x01, 0x05, 0x00,
    0x15, 0x01, 0x39, 0x00, 0x17, 0x01, 0x0f, 0x00, 0x2f, 0x01, 0x01, 0x00,
    0x02, 0x00, 0x00, 0x00, 0x00, 0x40, 0x00, 0x00, 0xc0, 0x75, 0x01, 0x00,
    0x10, 0x40, 0x00, 0x00, 0x50, 0xed, 0x01, 0x00, 0x2f, 0x01, 0x03, 0x00,
    0x02, 0x00, 0x00, 0x00, 0x00, 0x40, 0x00, 0x00, 0x00, 0x73, 0x00, 0x00,
    0x0b, 0x01, 0x01, 0x00, 0x0c, 0x01, 0x01, 0x00, 0x05, 0x40, 0x00, 0x00,
    0xcc, 0x01, 0x00, 0x00, 0x04, 0x40, 0x00, 0x00, 0x04, 0x00, 0x00, 0x00,
    0x06, 0x40, 0x00, 0x00, 0x01, 0x00, 0x00, 0x00, 0x09, 0x01, 0x00, 0x00,
    0x05, 0x01, 0x01, 0x00, 0x01, 0x01, 0x00, 0x00, 0x02, 0x01, 0x00, 0x00,
    0x10, 0x40, 0x00, 0x00, 0x90, 0x6e, 0x01, 0x00, 0x11, 0x01, 0x72, 0x00,
    0x1a, 0x01, 0x72, 0x00, 0x13, 0x01, 0x03, 0x00, 0x15, 0x40, 0x00, 0x00,
    0x30, 0x07, 0x00, 0x00, 0x16, 0x40, 0x00, 0x00, 0x30, 0x07, 0x00, 0x00,
    0x18, 0x01, 0x00, 0x00, 0x14, 0x01, 0x41, 0x81, 0x21, 0x01, 0x01, 0x00,
    0x20, 0x01, 0x00, 0x00, 0x22, 0x01, 0x02, 0x00, 0x15, 0x01, 0x15, 0x00,
    0x17, 0x01, 0x07, 0x00, 0x05, 0x00, 0x01, 0x00, 0x00, 0x40, 0x00, 0x00,
    0x98, 0x76, 0x00, 0x00, 0x10, 0x40, 0x00, 0x00, 0xc0, 0x75, 0x01, 0x00,
    0x05, 0x00, 0x01, 0x00, 0x00, 0x40, 0x00, 0x00, 0x90, 0x6e, 0x01, 0x00,
    0x0b, 0x01, 0x00, 0x00, 0x0c, 0x01, 0x00, 0x00, 0x05, 0x40, 0x00, 0x00,
    0x30, 0x07, 0x00, 0x00, 0x04, 0x40, 0x00, 0x00, 0x10, 0x00, 0x00, 0x00,
    0x06, 0x40, 0x00, 0x00, 0x30, 0x07, 0x00, 0x00, 0x09, 0x01, 0xff, 0xff,
    0x05, 0x01, 0x41, 0x00, 0x01, 0x01, 0x01, 0x00, 0x02, 0x01, 0x01, 0x00,
    0x10, 0x40, 0x00, 0x00, 0xf0, 0xf0, 0x01, 0x00, 0x11, 0x01, 0x39, 0x00,
    0x1a, 0x01, 0x39, 0x00, 0x13, 0x01, 0x0f, 0x00, 0x15, 0x40, 0x00, 0x00,
    0xa0, 0x03, 0x00, 0x00, 0x16, 0x40, 0x00, 0x00, 0xa0, 0x03, 0x00, 0x00,
    0x18, 0x01, 0x80, 0xff, 0x14, 0x01, 0x41, 0x00, 0x21, 0x01, 0x00, 0x00,
    0x20, 0x01, 0x02, 0x00, 0x22, 0x01, 0x05, 0x00, 0x15, 0x01, 0x39, 0x00,
    0x17, 0x01, 0x0f, 0x00, 0x2f, 0x01, 0x01, 0x00, 0x02, 0x00, 0x00, 0x00,
    0x00, 0x40, 0x00, 0x00, 0xc0, 0x75, 0x01, 0x00, 0x10, 0x40, 0x00, 0x00,
    0x90, 0xf4, 0x01, 0x00, 0x2f, 0x01, 0x03, 0x00, 0x02, 0x00, 0x00, 0x00,
    0x00, 0x40, 0x00, 0x00, 0x30, 0x7a, 0x00, 0x00, 0x0b, 0x01, 0x01, 0x00,
    0x0c, 0x01, 0x01, 0x00, 0x05, 0x40, 0x00, 0x00, 0xcc, 0x01, 0x00, 0x00,
    0x04, 0x40, 0x00, 0x00, 0x04, 0x00, 0x00, 0x00, 0x06, 0x40, 0x00, 0x00,
    0x01, 0x00, 0x00, 0x00, 0x09, 0x01, 0x00, 0x00, 0x05, 0x01, 0x01, 0x00,
    0x01, 0x01, 0x00, 0x00, 0x02, 0x01, 0x00, 0x00, 0x10, 0x40, 0x00, 0x00,
    0x90, 0x6e, 0x01, 0x00, 0x11, 0x01, 0x72, 0x00, 0x1a, 0x01, 0x72, 0x00,
    0x13, 0x01, 0x03, 0x00, 0x15, 0x40, 0x00, 0x00, 0x30, 0x07, 0x00, 0x00,
    0x16, 0x40, 0x00, 0x00, 0x30, 0x07, 0x00, 0x00, 0x18, 0x01, 0x00, 0x00,
    0x14, 0x01, 0x41, 0x81, 0x21, 0x01, 0x01, 0x00, 0x20, 0x01, 0x00, 0x00,
    0x22, 0x01, 0x02, 0x00, 0x15, 0x01, 0x15, 0x00, 0x17, 0x01, 0x07, 0x00,
    0x05, 0x00, 0x01, 0x00, 0x00, 0x40, 0x00, 0x00, 0xc8, 0x7d, 0x00, 0x00,
    0x10, 0x40, 0x00, 0x00, 0xc0, 0x75, 0x01, 0x00, 0x05, 0x00, 0x01, 0x00,
    0x00, 0x40, 0x00, 0x00, 0x90, 0x6e, 0x01, 0x00, 0x0b, 0x01, 0x00, 0x00,
    0x0c, 0x01, 0x00, 0x00, 0x05, 0x40, 0x00, 0x00, 0x30, 0x07, 0x00, 0x00,
    0x04, 0x40, 0x00, 0x00, 0x10, 0x00, 0x00, 0x00, 0x06, 0x40, 0x00, 0x00,
    0x30, 0x07, 0x00, 0x00, 0x09, 0x01, 0xff, 0xff, 0x05, 0x01, 0x41, 0x00,
    0x01, 0x01, 0x01, 0x00, 0x02, 0x01, 0x01, 0x00, 0x10, 0x40, 0x00, 0x00,
    0x30, 0xf8, 0x01, 0x00, 0x11, 0x01, 0x39, 0x00, 0x1a, 0x01, 0x39, 0x00,
    0x13, 0x01, 0x0f, 0x00, 0x15, 0x40, 0x00, 0x00, 0xa0, 0x03, 0x00, 0x00,
    0x16, 0x40, 0x00, 0x00, 0xa0, 0x03, 0x00, 0x00, 0x18, 0x01, 0x80, 0xff,
    0x14, 0x01, 0x41, 0x00, 0x21, 0x01, 0x00, 0x00, 0x20, 0x01, 0x02, 0x00,
    0x22, 0x01, 0x05, 0x00, 0x15, 0x01, 0x39, 0x00, 0x17, 0x01, 0x0f, 0x00,
    0x2f, 0x01, 0x01, 0x00, 0x02, 0x00, 0x00, 0x00, 0x00, 0x40, 0x00, 0x00,
    0xc0, 0x75, 0x01, 0x00, 0x10, 0x40, 0x00, 0x00, 0xd0, 0xfb, 0x01, 0x00,
    0x2f, 0x01, 0x03, 0x00, 0x02, 0x00, 0x00, 0x00, 0x00, 0x40, 0x00, 0x00,
    0x60, 0x81, 0x00, 0x00, 0x0b, 0x01, 0x01, 0x00, 0x0c, 0x01, 0x01, 0x00,
    0x05, 0x40, 0x00, 0x00, 0xcc, 0x01, 0x00, 0x00, 0x04, 0x40, 0x00, 0x00,
    0x04, 0x00, 0x00, 0x00, 0x06, 0x40, 0x00, 0x00, 0x01, 0x00, 0x00, 0x00,
    0x09, 0x01, 0x00, 0x00, 0x05, 0x01, 0x01, 0x00, 0x01, 0x01, 0x00, 0x00,
    0x02, 0x01, 0x00, 0x00, 0x10, 0x40, 0x00, 0x00, 0x90, 0x6e, 0x01, 0x00,
    0x11, 0x01, 0x72, 0x00, 0x1a, 0x01, 0x72, 0x00, 0x13, 0x01, 0x03, 0x00,
    0x15, 0x40, 0x00, 0x00, 0x30, 0x07, 0x00, 0x00, 0x16, 0x40, 0x00, 0x00,
    0x30, 0x07, 0x00, 0x00, 0x18, 0x01, 0x00, 0x00, 0x14, 0x01, 0x41, 0x81,
    0x21, 0x01, 0x01, 0x00, 0x20, 0x01, 0x00, 0x00, 0x22, 0x01, 0x02, 0x00,
    0x15, 0x01, 0x15, 0x00, 0x17, 0x01, 0x07, 0x00, 0x05, 0x00, 0x01, 0x00,
    0x00, 0x40, 0x00, 0x00, 0xf8, 0x84, 0x00, 0x00, 0x10, 0x40, 0x00, 0x00,
    0xc0, 0x75, 0x01, 0x00, 0x05, 0x00, 0x01, 0x00, 0x00, 0x40, 0x00, 0x00,
    0x90, 0x6e, 0x01, 0x00, 0x0b, 0x01, 0x00, 0x00, 0x0c, 0x01, 0x00, 0x00,
    0x05, 0x40, 0x00, 0x00, 0x30, 0x07, 0x00, 0x00, 0x04, 0x40, 0x00, 0x00,
    0x10, 0x00, 0x00, 0x00, 0x06, 0x40, 0x00, 0x00, 0x30, 0x07, 0x00, 0x00,
    0x09, 0x01, 0xff, 0xff, 0x05, 0x01, 0x41, 0x00, 0x01, 0x01, 0x01, 0x00,
    0x02, 0x01, 0x01, 0x00, 0x10, 0x40, 0x00, 0x00, 0x70, 0xff, 0x01, 0x00,
    0x11, 0x01, 0x39, 0x00, 0x1a, 0x01, 0x39, 0x00, 0x13, 0x01, 0x0f, 0x00,
    0x15, 0x40, 0x00, 0x00, 0xa0, 0x03, 0x00, 0x00, 0x16, 0x40, 0x00, 0x00,
    0xa0, 0x03, 0x00, 0x00, 0x18, 0x01, 0x80, 0xff, 0x14, 0x01, 0x41, 0x00,
    0x21, 0x01, 0x00, 0x00, 0x20, 0x01, 0x02, 0x00, 0x22, 0x01, 0x05, 0x00,
    0x15, 0x01, 0x39, 0x00, 0x17, 0x01, 0x0f, 0x00, 0x2f, 0x01, 0x01, 0x00,
    0x02, 0x00, 0x00, 0x00, 0x00, 0x40, 0x00, 0x00, 0xc0, 0x75, 0x01, 0x00,
    0x10, 0x40, 0x00, 0x00, 0x10, 0x03, 0x02, 0x00, 0x2f, 0x01, 0x03, 0x00,
    0x02, 0x00, 0x00, 0x00, 0x00, 0x40, 0x00, 0x00, 0x90, 0x88, 0x00, 0x00,
    0x0b, 0x01, 0x01, 0x00, 0x0c, 0x01, 0x01, 0x00, 0x05, 0x40, 0x00, 0x00,
    0xcc, 0x01, 0x00, 0x00, 0x04, 0x40, 0x00, 0x00, 0x04, 0x00, 0x00, 0x00,
    0x06, 0x40, 0x00, 0x00, 0x01, 0x00, 0x00, 0x00, 0x09, 0x01, 0x00, 0x00,
    0x05, 0x01, 0x01, 0x00, 0x01, 0x01, 0x00, 0x00, 0x02, 0x01, 0x00, 0x00,
    0x10, 0x40, 0x00, 0x00, 0x90, 0x6e, 0x01, 0x00, 0x11, 0x01, 0x72, 0x00,
    0x1a, 0x01, 0x72, 0x00, 0x13, 0x01, 0x03, 0x00, 0x15, 0x40, 0x00, 0x00,
    0x30, 0x07, 0x00, 0x00, 0x16, 0x40, 0x00, 0x00, 0x30, 0x07, 0x00, 0x00,
    0x18, 0x01, 0x00, 0x00, 0x14, 0x01, 0x41, 0x81, 0x21, 0x01, 0x01, 0x00,
    0x20, 0x01, 0x00, 0x00, 0x22, 0x01, 0x02, 0x00, 0x15, 0x01, 0x15, 0x00,
    0x17, 0x01, 0x07, 0x00, 0x05, 0x00, 0x01, 0x00, 0x00, 0x40, 0x00, 0x00,
    0x28, 0x8c, 0x00, 0x00, 0x10, 0x40, 0x00, 0x00, 0xc0, 0x75, 0x01, 0x00,
    0x05, 0x00, 0x01, 0x00, 0x00, 0x40, 0x00, 0x00, 0x90, 0x6e, 0x01, 0x00,
    0x0b, 0x01, 0x00, 0x00, 0x0c, 0x01, 0x00, 0x00, 0x05, 0x40, 0x00, 0x00,
    0x30, 0x07, 0x00, 0x00, 0x04, 0x40, 0x00, 0x00, 0x10, 0x00, 0x00, 0x00,
    0x06, 0x40, 0x00, 0x00, 0x30, 0x07, 0x00, 0x00, 0x09, 0x01, 0xff, 0xff,
    0x05, 0x01, 0x41, 0x00, 0x01, 0x01, 0x01, 0x00, 0x02, 0x01, 0x01, 0x00,
    0x10, 0x40, 0x00, 0x00, 0xb0, 0x06, 0x02, 0x00, 0x11, 0x01, 0x39, 0x00,
    0x1a, 0x01, 0x39, 0x00, 0x13, 0x01, 0x0f, 0x00, 0x15, 0x40, 0x00, 0x00,
    0xa0, 0x03, 0x00, 0x00, 0x16, 0x40, 0x00, 0x00, 0xa0, 0x03, 0x00, 0x00,
    0x18, 0x01, 0x80, 0xff, 0x14, 0x01, 0x41, 0x00, 0x21, 0x01, 0x00, 0x00,
    0x20, 0x01, 0x02, 0x00, 0x22, 0x01, 0x05, 0x00, 0x15, 0x01, 0x39, 0x00,
    0x17, 0x01, 0x0f, 0x00, 0x2f, 0x01, 0x01, 0x00, 0x02, 0x00, 0x00, 0x00,
    0x00, 0x40, 0x00, 0x00, 0xc0, 0x75, 0x01, 0x00, 0x10, 0x40, 0x00, 0x00,
    0x50, 0x0a, 0x02, 0x00, 0x2f, 0x01, 0x03, 0x00, 0x02, 0x00, 0x00, 0x00,
    0x00, 0x40, 0x00, 0x00, 0xc0, 0x8f, 0x00, 0x00, 0x0b, 0x01, 0x01, 0x00,
    0x0c, 0x01, 0x01, 0x00, 0x05, 0x40, 0x00, 0x00, 0xcc, 0x01, 0x00, 0x00,
    0x04, 0x40, 0x00, 0x00, 0x04, 0x00, 0x00, 0x00, 0x06, 0x40, 0x00, 0x00,
    0x01, 0x00, 0x00, 0x00, 0x09, 0x01, 0x00, 0x00, 0x05, 0x01, 0x01, 0x00,
    0x01, 0x01, 0x00, 0x00, 0x02, 0x01, 0x00, 0x00, 0x10, 0x40, 0x00, 0x00,
    0x90, 0x6e, 0x01, 0x00, 0x11, 0x01, 0x72, 0x00, 0x1a, 0x01, 0x72, 0x00,
    0x13, 0x01, 0x03, 0x00, 0x15, 0x40, 0x00, 0x00, 0x30, 0x07, 0x00, 0x00,
    0x16, 0x40, 0x00, 0x00, 0x30, 0x07, 0x00, 0x00, 0x18, 0x01, 0x00, 0x00,
    0x14, 0x01, 0x41, 0x81, 0x21, 0x01, 0x01, 0x00, 0x20, 0x01, 0x00, 0x00,
    0x22, 0x01, 0x02, 0x00, 0x15, 0x01, 0x15, 0x00, 0x17, 0x01, 0x07, 0x00,
    0x05, 0x00, 0x01, 0x00, 0x00, 0x40, 0x00, 0x00, 0x58, 0x93, 0x00, 0x00,
    0x10, 0x40, 0x00, 0x00, 0xc0, 0x75, 0x01, 0x00, 0x05, 0x00, 0x01, 0x00,
    0x00, 0x40, 0x00, 0x00, 0x90, 0x6e, 0x01, 0x00, 0x0b, 0x01, 0x00, 0x00,
    0x0c, 0x01, 0x00, 0x00, 0x05, 0x40, 0x00, 0x00, 0x30, 0x07, 0x00, 0x00,
    0x04, 0x40, 0x00, 0x00, 0x10, 0x00, 0x00, 0x00, 0x06, 0x40, 0x00, 0x00,
    0x30, 0x07, 0x00, 0x00, 0x09, 0x01, 0xff, 0xff, 0x05, 0x01, 0x41, 0x00,
    0x01, 0x01, 0x01, 0x00, 0x02, 0x01, 0x01, 0x00, 0x10, 0x40, 0x00, 0x00,
    0xf0, 0x0d, 0x02, 0x00, 0x11, 0x01, 0x39, 0x00, 0x1a, 0x01, 0x39, 0x00,
    0x13, 0x01, 0x0f, 0x00, 0x15, 0x40, 0x00, 0x00, 0xa0, 0x03, 0x00, 0x00,
    0x16, 0x40, 0x00, 0x00, 0xa0, 0x03, 0x00, 0x00, 0x18, 0x01, 0x80, 0xff,
    0x14, 0x01, 0x41, 0x00, 0x21, 0x01, 0x00, 0x00, 0x20, 0x01, 0x02, 0x00,
    0x22, 0x01, 0x05, 0x00, 0x15, 0x01, 0x39, 0x00, 0x17, 0x01, 0x0f, 0x00,
    0x2f, 0x01, 0x01, 0x00, 0x02, 0x00, 0x00, 0x00, 0x00, 0x40, 0x00, 0x00,
    0xc0, 0x75, 0x01, 0x00, 0x10, 0x40, 0x00, 0x00, 0x90, 0x11, 0x02, 0x00,
    0x2f, 0x01, 0x03, 0x00, 0x02, 0x00, 0x00, 0x00, 0x00, 0x40, 0x00, 0x00,
    0xf0, 0x96, 0x00, 0x00, 0x0b, 0x01, 0x01, 0x00, 0x0c, 0x01, 0x01, 0x00,
    0x05, 0x40, 0x00, 0x00, 0xcc, 0x01, 0x00, 0x00, 0x04, 0x40, 0x00, 0x00,
    0x04, 0x00, 0x00, 0x00, 0x06, 0x40, 0x00, 0x00, 0x01, 0x00, 0x00, 0x00,
    0x09, 0x01, 0x00, 0x00, 0x05, 0x01, 0x01, 0x00, 0x01, 0x01, 0x00, 0x00,
    0x02, 0x01, 0x00, 0x00, 0x10, 0x40, 0x00, 0x00, 0x90, 0x6e, 0x01, 0x00,
    0x11, 0x01, 0x72, 0x00, 0x1a, 0x01, 0x72, 0x00, 0x13, 0x01, 0x03, 0x00,
    0x15, 0x40, 0x00, 0x00, 0x30, 0x07, 0x00, 0x00, 0x16, 0x40, 0x00, 0x00,
    0x30, 0x07, 0x00, 0x00, 0x18, 0x01, 0x00, 0x00, 0x14, 0x01, 0x41, 0x81,
    0x21, 0x01, 0x01, 0x00, 0x20, 0x01, 0x00, 0x00, 0x22, 0x01, 0x02, 0x00,
    0x15, 0x01, 0x15, 0x00, 0x17, 0x01, 0x07, 0x00, 0x05, 0x00, 0x01, 0x00,
    0x00, 0x40, 0x00, 0x00, 0x88, 0x9a, 0x00, 0x00, 0x10, 0x40, 0x00, 0x00,
    0xc0, 0x75, 0x01, 0x00, 0x05, 0x00, 0x01, 0x00, 0x00, 0x40, 0x00, 0x00,
    0x90, 0x6e, 0x01, 0x00, 0x0b, 0x01, 0x00, 0x00, 0x0c, 0x01, 0x00, 0x00,
    0x05, 0x40, 0x00, 0x00, 0x30, 0x07, 0x00, 0x00, 0x04, 0x40, 0x00, 0x00,
    0x10, 0x00, 0x00, 0x00, 0x06, 0x40, 0x00, 0x00, 0x30, 0x07, 0x00, 0x00,
    0x09, 0x01, 0xff, 0xff, 0x05, 0x01, 0x41, 0x00, 0x01, 0x01, 0x01, 0x00,
    0x02, 0x01, 0x01, 0x00, 0x10, 0x40, 0x00, 0x00, 0x30, 0x15, 0x02, 0x00,
    0x11, 0x01, 0x39, 0x00, 0x1a, 0x01, 0x39, 0x00, 0x13, 0x01, 0x0f, 0x00,
    0x15, 0x40, 0x00, 0x00, 0xa0, 0x03, 0x00, 0x00, 0x16, 0x40, 0x00, 0x00,
    0xa0, 0x03, 0x00, 0x00, 0x18, 0x01, 0x80, 0xff, 0x14, 0x01, 0x41, 0x00,
    0x21, 0x01, 0x00, 0x00, 0x20, 0x01, 0x02, 0x00, 0x22, 0x01, 0x05, 0x00,
    0x15, 0x01, 0x39, 0x00, 0x17, 0x01, 0x0f, 0x00, 0x2f, 0x01, 0x01, 0x00,
    0x02, 0x00, 0x00, 0x00, 0x00, 0x40, 0x00, 0x00, 0xc0, 0x75, 0x01, 0x00,
    0x10, 0x40, 0x00, 0x00, 0xd0, 0x18, 0x02, 0x00, 0x2f, 0x01, 0x03, 0x00,
    0x02, 0x00, 0x00, 0x00, 0x00, 0x40, 0x00, 0x00, 0x20, 0x9e, 0x00, 0x00,
    0x0b, 0x01, 0x01, 0x00, 0x0c, 0x01, 0x01, 0x00, 0x05, 0x40, 0x00, 0x00,
    0xcc, 0x01, 0x00, 0x00, 0x04, 0x40, 0x00, 0x00, 0x04, 0x00, 0x00, 0x00,
    0x06, 0x40, 0x00, 0x00, 0x01, 0x00, 0x00, 0x00, 0x09, 0x01, 0x00, 0x00,
    0x05, 0x01, 0x01, 0x00, 0x01, 0x01, 0x00, 0x00, 0x02, 0x01, 0x00, 0x00,
    0x10, 0x40, 0x00, 0x00, 0x90, 0x6e, 0x01, 0x00, 0x11, 0x01, 0x72, 0x00,
    0x1a, 0x01, 0x72, 0x00, 0x13, 0x01, 0x03, 0x00, 0x15, 0x40, 0x00, 0x00,
    0x30, 0x07, 0x00, 0x00, 0x16, 0x40, 0x00, 0x00, 0x30, 0x07, 0x00, 0x00,
    0x18, 0x01, 0x00, 0x00, 0x14, 0x01, 0x41, 0x81, 0x21, 0x01, 0x01, 0x00,
    0x20, 0x01, 0x00, 0x00, 0x22, 0x01, 0x02, 0x00, 0x15, 0x01, 0x15, 0x00,
    0x17, 0x01, 0x07, 0x00, 0x05, 0x00, 0x01, 0x00, 0x00, 0x40, 0x00, 0x00,
    0xb8, 0xa1, 0x00, 0x00, 0x10, 0x40, 0x00, 0x00, 0xc0, 0x75, 0x01, 0x00,
    0x05, 0x00, 0x01, 0x00, 0x00, 0x40, 0x00, 0x00, 0x90, 0x6e, 0x01, 0x00,
    0x0b, 0x01, 0x00, 0x00, 0x0c, 0x01, 0x00, 0x00, 0x05, 0x40, 0x00, 0x00,
    0x30, 0x07, 0x00, 0x00, 0x04, 0x40, 0x00, 0x00, 0x10, 0x00, 0x00, 0x00,
    0x06, 0x40, 0x00, 0x00, 0x30, 0x07, 0x00, 0x00, 0x09, 0x01, 0xff, 0xff,
    0x05, 0x01, 0x41, 0x00, 0x01, 0x01, 0x01, 0x00, 0x02, 0x01, 0x01, 0x00,
    0x10, 0x40, 0x00, 0x00, 0x70, 0x1c, 0x02, 0x00, 0x11, 0x01, 0x39, 0x00,
    0x1a, 0x01, 0x39, 0x00, 0x13, 0x01, 0x0f, 0x00, 0x15, 0x40, 0x00, 0x00,
    0xa0, 0x03, 0x00, 0x00, 0x16, 0x40, 0x00, 0x00, 0xa0, 0x03, 0x00, 0x00,
    0x18, 0x01, 0x80, 0xff, 0x14, 0x01, 0x41, 0x00, 0x21, 0x01, 0x00, 0x00,
    0x20, 0x01, 0x02, 0x00, 0x22, 0x01, 0x05, 0x00, 0x15, 0x01, 0x39, 0x00,
    0x17, 0x01, 0x0f, 0x00, 0x2f, 0x01, 0x01, 0x00, 0x02, 0x00, 0x00, 0x00,
    0x00, 0x40, 0x00, 0x00, 0xc0, 0x75, 0x01, 0x00, 0x10, 0x40, 0x00, 0x00,
    0x10, 0x20, 0x02, 0x00, 0x2f, 0x01, 0x03, 0x00, 0x02, 0x00, 0x00, 0x00,
    0x00, 0x40, 0x00, 0x00, 0x50, 0xa5, 0x00, 0x00, 0x0b, 0x01, 0x01, 0x00,
    0x0c, 0x01, 0x01, 0x00, 0x05, 0x40, 0x00, 0x00, 0xcc, 0x01, 0x00, 0x00,
    0x04, 0x40, 0x00, 0x00, 0x04, 0x00, 0x00, 0x00, 0x06, 0x40, 0x00, 0x00,
    0x01, 0x00, 0x00, 0x00, 0x09, 0x01, 0x00, 0x00, 0x05, 0x01, 0x01, 0x00,
    0x01, 0x01, 0x00, 0x00, 0x02, 0x01, 0x00, 0x00, 0x10, 0x40, 0x00, 0x00,
    0x90, 0x6e, 0x01, 0x00, 0x11, 0x01, 0x72, 0x00, 0x1a, 0x01, 0x72, 0x00,
    0x13, 0x01, 0x03, 0x00, 0x15, 0x40, 0x00, 0x00, 0x30, 0x07, 0x00, 0x00,
    0x16, 0x40, 0x00, 0x00, 0x30, 0x07, 0x00, 0x00, 0x18, 0x01, 0x00, 0x00,
    0x14, 0x01, 0x41, 0x81, 0x21, 0x01, 0x01, 0x00, 0x20, 0x01, 0x00, 0x00,
    0x22, 0x01, 0x02, 0x00, 0x15, 0x01, 0x15, 0x00, 0x17, 0x01, 0x07, 0x00,
    0x05, 0x00, 0x01, 0x00, 0x00, 0x40, 0x00, 0x00, 0xe8, 0xa8, 0x00, 0x00,
    0x10, 0x40, 0x00, 0x00, 0xc0, 0x75, 0x01, 0x00, 0x05, 0x00, 0x01, 0x00,
    0x00, 0x40, 0x00, 0x00, 0x90, 0x6e, 0x01, 0x00, 0x0b, 0x01, 0x00, 0x00,
    0x0c, 0x01, 0x00, 0x00, 0x05, 0x40, 0x00, 0x00, 0x30, 0x07, 0x00, 0x00,
    0x04, 0x40, 0x00, 0x00, 0x10, 0x00, 0x00, 0x00, 0x06, 0x40, 0x00, 0x00,
    0x30, 0x07, 0x00, 0x00, 0x09, 0x01, 0xff, 0xff, 0x05, 0x01, 0x41, 0x00,
    0x01, 0x01, 0x01, 0x00, 0x02, 0x01, 0x01, 0x00, 0x10, 0x40, 0x00, 0x00,
    0xb0, 0x23, 0x02, 0x00, 0x11, 0x01, 0x39, 0x00, 0x1a, 0x01, 0x39, 0x00,
    0x13, 0x01, 0x0f, 0x00, 0x15, 0x40, 0x00, 0x00, 0xa0, 0x03, 0x00, 0x00,
    0x16, 0x40, 0x00, 0x00, 0xa0, 0x03, 0x00, 0x00, 0x18, 0x01, 0x80, 0xff,
    0x14, 0x01, 0x41, 0x00, 0x21, 0x01, 0x00, 0x00, 0x20, 0x01, 0x02, 0x00,
    0x22, 0x01, 0x05, 0x00, 0x15, 0x01, 0x39, 0x00, 0x17, 0x01, 0x0f, 0x00,
    0x2f, 0x01, 0x01, 0x00, 0x02, 0x00, 0x00, 0x00, 0x00, 0x40, 0x00, 0x00,
    0xc0, 0x75, 0x01, 0x00, 0x10, 0x40, 0x00, 0x00, 0x50, 0x27, 0x02, 0x00,
    0x2f, 0x01, 0x03, 0x00, 0x02, 0x00, 0x00, 0x00, 0x00, 0x40, 0x00, 0x00,
    0x80, 0xac, 0x00, 0x00, 0x0b, 0x01, 0x01, 0x00, 0x0c, 0x01, 0x01, 0x00,
    0x05, 0x40, 0x00, 0x00, 0xcc, 0x01, 0x00, 0x00, 0x04, 0x40, 0x00, 0x00,
    0x04, 0x00, 0x00, 0x00, 0x06, 0x40, 0x00, 0x00, 0x01, 0x00, 0x00, 0x00,
    0x09, 0x01, 0x00, 0x00, 0x05, 0x01, 0x01, 0x00, 0x01, 0x01, 0x00, 0x00,
    0x02, 0x01, 0x00, 0x00, 0x10, 0x40, 0x00, 0x00, 0x90, 0x6e, 0x01, 0x00,
    0x11, 0x01, 0x72, 0x00, 0x1a, 0x01, 0x72, 0x00, 0x13, 0x01, 0x03, 0x00,
    0x15, 0x40, 0x00, 0x00, 0x30, 0x07, 0x00, 0x00, 0x16, 0x40, 0x00, 0x00,
    0x30, 0x07, 0x00, 0x00, 0x18, 0x01, 0x00, 0x00, 0x14, 0x01, 0x41, 0x81,
    0x21, 0x01, 0x01, 0x00, 0x20, 0x01, 0x00, 0x00, 0x22, 0x01, 0x02, 0x00,
    0x15, 0x01, 0x15, 0x00, 0x17, 0x01, 0x07, 0x00, 0x05, 0x00, 0x01, 0x00,
    0x00, 0x40, 0x00, 0x00, 0x18, 0xb0, 0x00, 0x00, 0x10, 0x40, 0x00, 0x00,
    0xc0, 0x75, 0x01, 0x00, 0x05, 0x00, 0x01, 0x00, 0x00, 0x40, 0x00, 0x00,
    0x90, 0x6e, 0x01, 0x00, 0x0b, 0x01, 0x00, 0x00, 0x0c, 0x01, 0x00, 0x00,
    0x05, 0x40, 0x00, 0x00, 0x30, 0x07, 0x00, 0x00, 0x04, 0x40, 0x00, 0x00,
    0x10, 0x00, 0x00, 0x00, 0x06, 0x40, 0x00, 0x00, 0x30, 0x07, 0x00, 0x00,
    0x09, 0x01, 0xff, 0xff, 0x05, 0x01, 0x41, 0x00, 0x01, 0x01, 0x01, 0x00,
    0x02, 0x01, 0x01, 0x00, 0x10, 0x40, 0x00, 0x00, 0xf0, 0x2a, 0x02, 0x00,
    0x11, 0x01, 0x39, 0x00, 0x1a, 0x01, 0x39, 0x00, 0x13, 0x01, 0x0f, 0x00,
    0x15, 0x40, 0x00, 0x00, 0xa0, 0x03, 0x00, 0x00, 0x16, 0x40, 0x00, 0x00,
    0xa0, 0x03, 0x00, 0x00, 0x18, 0x01, 0x80, 0xff, 0x14, 0x01, 0x41, 0x00,
    0x21, 0x01, 0x00, 0x00, 0x20, 0x01, 0x02, 0x00, 0x22, 0x01, 0x05, 0x00,
    0x15, 0x01, 0x39, 0x00, 0x17, 0x01, 0x0f, 0x00, 0x2f, 0x01, 0x01, 0x00,
    0x02, 0x00, 0x00, 0x00, 0x00, 0x40, 0x00, 0x00, 0xc0, 0x75, 0x01, 0x00,
    0x10, 0x40, 0x00, 0x00, 0x90, 0x2e, 0x02, 0x00, 0x2f, 0x01, 0x03, 0x00,
    0x02, 0x00, 0x00, 0x00, 0x00, 0x40, 0x00, 0x00, 0xb0, 0xb3, 0x00, 0x00,
    0x0b, 0x01, 0x01, 0x00, 0x0c, 0x01, 0x01, 0x00, 0x05, 0x40, 0x00, 0x00,
    0xcc, 0x01, 0x00, 0x00, 0x04, 0x40, 0x00, 0x00, 0x04, 0x00, 0x00, 0x00,
    0x06, 0x40, 0x00, 0x00, 0x01, 0x00, 0x00, 0x00, 0x09, 0x01, 0x00, 0x00,
    0x05, 0x01, 0x01, 0x00, 0x01, 0x01, 0x00, 0x00, 0x02, 0x01, 0x00, 0x00,
    0x10, 0x40, 0x00, 0x00, 0x90, 0x6e, 0x01, 0x00, 0x11, 0x01, 0x72, 0x00,
    0x1a, 0x01, 0x72, 0x00, 0x13, 0x01, 0x03, 0x00, 0x15, 0x40, 0x00, 0x00,
    0x30, 0x07, 0x00, 0x00, 0x16, 0x40, 0x00, 0x00, 0x30, 0x07, 0x00, 0x00,
    0x18, 0x01, 0x00, 0x00, 0x14, 0x01, 0x41, 0x81, 0x21, 0x01, 0x01, 0x00,
    0x20, 0x01, 0x00, 0x00, 0x22, 0x01, 0x02, 0x00, 0x15, 0x01, 0x15, 0x00,
    0x17, 0x01, 0x07, 0x00, 0x05, 0x00, 0x01, 0x00, 0x00, 0x40, 0x00, 0x00,
    0x48, 0xb7, 0x00, 0x00, 0x10, 0x40, 0x00, 0x00, 0xc0, 0x75, 0x01, 0x00,
    0x05, 0x00, 0x01, 0x00, 0x00, 0x40, 0x00, 0x00, 0x90, 0x6e, 0x01, 0x00,
    0x0b, 0x01, 0x00, 0x00, 0x0c, 0x01, 0x00, 0x00, 0x05, 0x40, 0x00, 0x00,
    0x30, 0x07, 0x00, 0x00, 0x04, 0x40, 0x00, 0x00, 0x10, 0x00, 0x00, 0x00,
    0x06, 0x40, 0x00, 0x00, 0x30, 0x07, 0x00, 0x00, 0x09, 0x01, 0xff, 0xff,
    0x05, 0x01, 0x41, 0x00, 0x01, 0x01, 0x01, 0x00, 0x02, 0x01, 0x01, 0x00,
    0x10, 0x40, 0x00, 0x00, 0x30, 0x32, 0x02, 0x00, 0x11, 0x01, 0x39, 0x00,
    0x1a, 0x01, 0x39, 0x00, 0x13, 0x01, 0x0f, 0x00, 0x15, 0x40, 0x00, 0x00,
    0xa0, 0x03, 0x00, 0x00, 0x16, 0x40, 0x00, 0x00, 0xa0, 0x03, 0x00, 0x00,
    0x18, 0x01, 0x80, 0xff, 0x14, 0x01, 0x41, 0x00, 0x21, 0x01, 0x00, 0x00,
    0x20, 0x01, 0x02, 0x00, 0x22, 0x01, 0x05, 0x00, 0x15, 0x01, 0x39, 0x00,
    0x17, 0x01, 0x0f, 0x00, 0x2f, 0x01, 0x01, 0x00, 0x02, 0x00, 0x00, 0x00,
    0x00, 0x40, 0x00, 0x00, 0xc0, 0x75, 0x01, 0x00, 0x10, 0x40, 0x00, 0x00,
    0xd0, 0x35, 0x02, 0x00, 0x2f, 0x01, 0x03, 0x00, 0x02, 0x00, 0x00, 0x00,
    0x00, 0x40, 0x00, 0x00, 0xe0, 0xba, 0x00, 0x00, 0x0b, 0x01, 0x01, 0x00,
    0x0c, 0x01, 0x01, 0x00, 0x05, 0x40, 0x00, 0x00, 0xcc, 0x01, 0x00, 0x00,
    0x04, 0x40, 0x00, 0x00, 0x04, 0x00, 0x00, 0x00, 0x06, 0x40, 0x00, 0x00,
    0x01, 0x00, 0x00, 0x00, 0x09, 0x01, 0x00, 0x00, 0x05, 0x01, 0x01, 0x00,
    0x01, 0x01, 0x00, 0x00, 0x02, 0x01, 0x00, 0x00, 0x10, 0x40, 0x00, 0x00,
    0x90, 0x6e, 0x01, 0x00, 0x11, 0x01, 0x72, 0x00, 0x1a, 0x01, 0x72, 0x00,
    0x13, 0x01, 0x03, 0x00, 0x15, 0x40, 0x00, 0x00, 0x30, 0x07, 0x00, 0x00,
    0x16, 0x40, 0x00, 0x00, 0x30, 0x07, 0x00, 0x00, 0x18, 0x01, 0x00, 0x00,
    0x14, 0x01, 0x41, 0x81, 0x21, 0x01, 0x01, 0x00, 0x20, 0x01, 0x00, 0x00,
    0x22, 0x01, 0x02, 0x00, 0x15, 0x01, 0x15, 0x00, 0x17, 0x01, 0x07, 0x00,
    0x05, 0x00, 0x01, 0x00, 0x00, 0x40, 0x00, 0x00, 0x78, 0xbe, 0x00, 0x00,
    0x10, 0x40, 0x00, 0x00, 0xc0, 0x75, 0x01, 0x00, 0x05, 0x00, 0x01, 0x00,
    0x00, 0x40, 0x00, 0x00, 0x90, 0x6e, 0x01, 0x00, 0x0b, 0x01, 0x00, 0x00,
    0x0c, 0x01, 0x00, 0x00, 0x05, 0x40, 0x00, 0x00, 0x30, 0x07, 0x00, 0x00,
    0x04, 0x40, 0x00, 0x00, 0x10, 0x00, 0x00, 0x00, 0x06, 0x40, 0x00, 0x00,
    0x30, 0x07, 0x00, 0x00, 0x09, 0x01, 0xff, 0xff, 0x05, 0x01, 0x41, 0x00,
    0x01, 0x01, 0x01, 0x00, 0x02, 0x01, 0x01, 0x00, 0x10, 0x40, 0x00, 0x00,
    0x70, 0x39, 0x02, 0x00, 0x11, 0x01, 0x39, 0x00, 0x1a, 0x01, 0x39, 0x00,
    0x13, 0x01, 0x0f, 0x00, 0x15, 0x40, 0x00, 0x00, 0xa0, 0x03, 0x00, 0x00,
    0x16, 0x40, 0x00, 0x00, 0xa0, 0x03, 0x00, 0x00, 0x18, 0x01, 0x80, 0xff,
    0x14, 0x01, 0x41, 0x00, 0x21, 0x01, 0x00, 0x00, 0x20, 0x01, 0x02, 0x00,
    0x22, 0x01, 0x05, 0x00, 0x15, 0x01, 0x39, 0x00, 0x17, 0x01, 0x0f, 0x00,
    0x2f, 0x01, 0x01, 0x00, 0x02, 0x00, 0x00, 0x00, 0x00, 0x40, 0x00, 0x00,
    0xc0, 0x75, 0x01, 0x00, 0x10, 0x40, 0x00, 0x00, 0x10, 0x3d, 0x02, 0x00,
    0x2f, 0x01, 0x03, 0x00, 0x02, 0x00, 0x00, 0x00, 0x00, 0x40, 0x00, 0x00,
    0x10, 0xc2, 0x00, 0x00, 0x0b, 0x01, 0x01, 0x00, 0x0c, 0x01, 0x01, 0x00,
    0x05, 0x40, 0x00, 0x00, 0xcc, 0x01, 0x00, 0x00, 0x04, 0x40, 0x00, 0x00,
    0x04, 0x00, 0x00, 0x00, 0x06, 0x40, 0x00, 0x00, 0x01, 0x00, 0x00, 0x00,
    0x09, 0x01, 0x00, 0x00, 0x05, 0x01, 0x01, 0x00, 0x01, 0x01, 0x00, 0x00,
    0x02, 0x01, 0x00, 0x00, 0x10, 0x40, 0x00, 0x00, 0x90, 0x6e, 0x01, 0x00,
    0x11, 0x01, 0x72, 0x00, 0x1a, 0x01, 0x72, 0x00, 0x13, 0x01, 0x03, 0x00,
    0x15, 0x40, 0x00, 0x00, 0x30, 0x07, 0x00, 0x00, 0x16, 0x40, 0x00, 0x00,
    0x30, 0x07, 0x00, 0x00, 0x18, 0x01, 0x00, 0x00, 0x14, 0x01, 0x41, 0x81,
    0x21, 0x01, 0x01, 0x00, 0x20, 0x01, 0x00, 0x00, 0x22, 0x01, 0x02, 0x00,
    0x15, 0x01, 0x15, 0x00, 0x17, 0x01, 0x07, 0x00, 0x05, 0x00, 0x01, 0x00,
    0x00, 0x40, 0x00, 0x00, 0xa8, 0xc5, 0x00, 0x00, 0x10, 0x40, 0x00, 0x00,
    0xc0, 0x75, 0x01, 0x00, 0x05, 0x00, 0x01, 0x00, 0x00, 0x40, 0x00, 0x00,
    0x90, 0x6e, 0x01, 0x00, 0x0b, 0x01, 0x00, 0x00, 0x0c, 0x01, 0x00, 0x00,
    0x05, 0x40, 0x00, 0x00, 0x30, 0x07, 0x00, 0x00, 0x04, 0x40, 0x00, 0x00,
    0x10, 0x00, 0x00, 0x00, 0x06, 0x40, 0x00, 0x00, 0x30, 0x07, 0x00, 0x00,
    0x09, 0x01, 0xff, 0xff, 0x05, 0x01, 0x41, 0x00, 0x01, 0x01, 0x01, 0x00,
    0x02, 0x01, 0x01, 0x00, 0x10, 0x40, 0x00, 0x00, 0xb0, 0x40, 0x02, 0x00,
    0x11, 0x01, 0x39, 0x00, 0x1a, 0x01, 0x39, 0x00, 0x13, 0x01, 0x0f, 0x00,
    0x15, 0x40, 0x00, 0x00, 0xa0, 0x03, 0x00, 0x00, 0x16, 0x40, 0x00, 0x00,
    0xa0, 0x03, 0x00, 0x00, 0x18, 0x01, 0x80, 0xff, 0x14, 0x01, 0x41, 0x00,
    0x21, 0x01, 0x00, 0x00, 0x20, 0x01, 0x02, 0x00, 0x22, 0x01, 0x05, 0x00,
    0x15, 0x01, 0x39, 0x00, 0x17, 0x01, 0x0f, 0x00, 0x2f, 0x01, 0x01, 0x00,
    0x02, 0x00, 0x00, 0x00, 0x00, 0x40, 0x00, 0x00, 0xc0, 0x75, 0x01, 0x00,
    0x10, 0x40, 0x00, 0x00, 0x50, 0x44, 0x02, 0x00, 0x2f, 0x01, 0x03, 0x00,
    0x02, 0x00, 0x00, 0x00, 0x00, 0x40, 0x00, 0x00, 0x40, 0xc9, 0x00, 0x00,
    0x0b, 0x01, 0x01, 0x00, 0x0c, 0x01, 0x01, 0x00, 0x05, 0x40, 0x00, 0x00,
    0xcc, 0x01, 0x00, 0x00, 0x04, 0x40, 0x00, 0x00, 0x04, 0x00, 0x00, 0x00,
    0x06, 0x40, 0x00, 0x00, 0x01, 0x00, 0x00, 0x00, 0x09, 0x01, 0x00, 0x00,
    0x05, 0x01, 0x01, 0x00, 0x01, 0x01, 0x00, 0x00, 0x02, 0x01, 0x00, 0x00,
    0x10, 0x40, 0x00, 0x00, 0x90, 0x6e, 0x01, 0x00, 0x11, 0x01, 0x72, 0x00,
    0x1a, 0x01, 0x72, 0x00, 0x13, 0x01, 0x03, 0x00, 0x15, 0x40, 0x00, 0x00,
    0x30, 0x07, 0x00, 0x00, 0x16, 0x40, 0x00, 0x00, 0x30, 0x07, 0x00, 0x00,
    0x18, 0x01, 0x00, 0x00, 0x14, 0x01, 0x41, 0x81, 0x21, 0x01, 0x01, 0x00,
    0x20, 0x01, 0x00, 0x00, 0x22, 0x01, 0x02, 0x00, 0x15, 0x01, 0x15, 0x00,
    0x17, 0x01, 0x07, 0x00, 0x05, 0x00, 0x01, 0x00, 0x00, 0x40, 0x00, 0x00,
    0xd8, 0xcc, 0x00, 0x00, 0x10, 0x40, 0x00, 0x00, 0xc0, 0x75, 0x01, 0x00,
    0x05, 0x00, 0x01, 0x00, 0x00, 0x40, 0x00, 0x00, 0x90, 0x6e, 0x01, 0x00,
    0x0b, 0x01, 0x00, 0x00, 0x0c, 0x01, 0x00, 0x00, 0x05, 0x40, 0x00, 0x00,
    0x30, 0x07, 0x00, 0x00, 0x04, 0x40, 0x00, 0x00, 0x10, 0x00, 0x00, 0x00,
    0x06, 0x40, 0x00, 0x00, 0x30, 0x07, 0x00, 0x00, 0x09, 0x01, 0xff, 0xff,
    0x05, 0x01, 0x41, 0x00, 0x01, 0x01, 0x01, 0x00, 0x02, 0x01, 0x01, 0x00,
    0x10, 0x40, 0x00, 0x00, 0xf0, 0x47, 0x02, 0x00, 0x11, 0x01, 0x39, 0x00,
    0x1a, 0x01, 0x39, 0x00, 0x13, 0x01, 0x0f, 0x00, 0x15, 0x40, 0x00, 0x00,
    0xa0, 0x03, 0x00, 0x00, 0x16, 0x40, 0x00, 0x00, 0xa0, 0x03, 0x00, 0x00,
    0x18, 0x01, 0x80, 0xff, 0x14, 0x01, 0x41, 0x00, 0x21, 0x01, 0x00, 0x00,
    0x20, 0x01, 0x02, 0x00, 0x22, 0x01, 0x05, 0x00, 0x15, 0x01, 0x39, 0x00,
    0x17, 0x01, 0x0f, 0x00, 0x2f, 0x01, 0x01, 0x00, 0x02, 0x00, 0x00, 0x00,
    0x00, 0x40, 0x00, 0x00, 0xc0, 0x75, 0x01, 0x00, 0x10, 0x40, 0x00, 0x00,
    0x90, 0x4b, 0x02, 0x00, 0x2f, 0x01, 0x03, 0x00, 0x02, 0x00, 0x00, 0x00,
    0x00, 0x40, 0x00, 0x00, 0x70, 0xd0, 0x00, 0x00, 0x0b, 0x01, 0x01, 0x00,
    0x0c, 0x01, 0x01, 0x00, 0x05, 0x40, 0x00, 0x00, 0xcc, 0x01, 0x00, 0x00,
    0x04, 0x40, 0x00, 0x00, 0x04, 0x00, 0x00, 0x00, 0x06, 0x40, 0x00, 0x00,
    0x01, 0x00, 0x00, 0x00, 0x09, 0x01, 0x00, 0x00, 0x05, 0x01, 0x01, 0x00,
    0x01, 0x01, 0x00, 0x00, 0x02, 0x01, 0x00, 0x00, 0x10, 0x40, 0x00, 0x00,
    0x90, 0x6e, 0x01, 0x00, 0x11, 0x01, 0x72, 0x00, 0x1a, 0x01, 0x72, 0x00,
    0x13, 0x01, 0x03, 0x00, 0x15, 0x40, 0x00, 0x00, 0x30, 0x07, 0x00, 0x00,
    0x16, 0x40, 0x00, 0x00, 0x30, 0x07, 0x00, 0x00, 0x18, 0x01, 0x00, 0x00,
    0x14, 0x01, 0x41, 0x81, 0x21, 0x01, 0x01, 0x00, 0x20, 0x01, 0x00, 0x00,
    0x22, 0x01, 0x02, 0x00, 0x15, 0x01, 0x15, 0x00, 0x17, 0x01, 0x07, 0x00,
    0x05, 0x00, 0x01, 0x00, 0x00, 0x40, 0x00, 0x00, 0x08, 0xd4, 0x00, 0x00,
    0x10, 0x40, 0x00, 0x00, 0xc0, 0x75, 0x01, 0x00, 0x05, 0x00, 0x01, 0x00,
    0x00, 0x40, 0x00, 0x00, 0x90, 0x6e, 0x01, 0x00, 0x0b, 0x01, 0x00, 0x00,
    0x0c, 0x01, 0x00, 0x00, 0x05, 0x40, 0x00, 0x00, 0x30, 0x07, 0x00, 0x00,
    0x04, 0x40, 0x00, 0x00, 0x10, 0x00, 0x00, 0x00, 0x06, 0x40, 0x00, 0x00,
    0x30, 0x07, 0x00, 0x00, 0x09, 0x01, 0xff, 0xff, 0x05, 0x01, 0x41, 0x00,
    0x01, 0x01, 0x01, 0x00, 0x02, 0x01, 0x01, 0x00, 0x10, 0x40, 0x00, 0x00,
    0x30, 0x4f, 0x02, 0x00, 0x11, 0x01, 0x39, 0x00, 0x1a, 0x01, 0x39, 0x00,
    0x13, 0x01, 0x0f, 0x00, 0x15, 0x40, 0x00, 0x00, 0xa0, 0x03, 0x00, 0x00,
    0x16, 0x40, 0x00, 0x00, 0xa0, 0x03, 0x00, 0x00, 0x18, 0x01, 0x80, 0xff,
    0x14, 0x01, 0x41, 0x00, 0x21, 0x01, 0x00, 0x00, 0x20, 0x01, 0x02, 0x00,
    0x22, 0x01, 0x05, 0x00, 0x15, 0x01, 0x39, 0x00, 0x17, 0x01, 0x0f, 0x00,
    0x2f, 0x01, 0x01, 0x00, 0x02, 0x00, 0x00, 0x00, 0x00, 0x40, 0x00, 0x00,
    0xc0, 0x75, 0x01, 0x00, 0x10, 0x40, 0x00, 0x00, 0xd0, 0x52, 0x02, 0x00,
    0x2f, 0x01, 0x03, 0x00, 0x02, 0x00, 0x00, 0x00, 0x00, 0x40, 0x00, 0x00,
    0xa0, 0xd7, 0x00, 0x00, 0x0b, 0x01, 0x01, 0x00, 0x0c, 0x01, 0x01, 0x00,
    0x05, 0x40, 0x00, 0x00, 0xcc, 0x01, 0x00, 0x00, 0x04, 0x40, 0x00, 0x00,
    0x04, 0x00, 0x00, 0x00, 0x06, 0x40, 0x00, 0x00, 0x01, 0x00, 0x00, 0x00,
    0x09, 0x01, 0x00, 0x00, 0x05, 0x01, 0x01, 0x00, 0x01, 0x01, 0x00, 0x00,
    0x02, 0x01, 0x00, 0x00, 0x10, 0x40, 0x00, 0x00, 0x90, 0x6e, 0x01, 0x00,
    0x11, 0x01, 0x72, 0x00, 0x1a, 0x01, 0x72, 0x00, 0x13, 0x01, 0x03, 0x00,
    0x15, 0x40, 0x00, 0x00, 0x30, 0x07, 0x00, 0x00, 0x16, 0x40, 0x00, 0x00,
    0x30, 0x07, 0x00, 0x00, 0x18, 0x01, 0x00, 0x00, 0x14, 0x01, 0x41, 0x81,
    0x21, 0x01, 0x01, 0x00, 0x20, 0x01, 0x00, 0x00, 0x22, 0x01, 0x02, 0x00,
    0x15, 0x01, 0x15, 0x00, 0x17, 0x01, 0x07, 0x00, 0x05, 0x00, 0x01, 0x00,
    0x00, 0x40, 0x00, 0x00, 0x38, 0xdb, 0x00, 0x00, 0x10, 0x40, 0x00, 0x00,
    0xc0, 0x75, 0x01, 0x00, 0x05, 0x00, 0x01, 0x00, 0x00, 0x40, 0x00, 0x00,
    0x90, 0x6e, 0x01, 0x00, 0x0b, 0x01, 0x00, 0x00, 0x0c, 0x01, 0x00, 0x00,
    0x05, 0x40, 0x00, 0x00, 0x30, 0x07, 0x00, 0x00, 0x04, 0x40, 0x00, 0x00,
    0x10, 0x00, 0x00, 0x00, 0x06, 0x40, 0x00, 0x00, 0x30, 0x07, 0x00, 0x00,
    0x09, 0x01, 0xff, 0xff, 0x05, 0x01, 0x41, 0x00, 0x01, 0x01, 0x01, 0x00,
    0x02, 0x01, 0x01, 0x00, 0x10, 0x40, 0x00, 0x00, 0x70, 0x56, 0x02, 0x00,
    0x11, 0x01, 0x39, 0x00, 0x1a, 0x01, 0x39, 0x00, 0x13, 0x01, 0x0f, 0x00,
    0x15, 0x40, 0x00, 0x00, 0xa0, 0x03, 0x00, 0x00, 0x16, 0x40, 0x00, 0x00,
    0xa0, 0x03, 0x00, 0x00, 0x18, 0x01, 0x80, 0xff, 0x14, 0x01, 0x41, 0x00,
    0x21, 0x01, 0x00, 0x00, 0x20, 0x01, 0x02, 0x00, 0x22, 0x01, 0x05, 0x00,
    0x15, 0x01, 0x39, 0x00, 0x17, 0x01, 0x0f, 0x00, 0x2f, 0x01, 0x01, 0x00,
    0x02, 0x00, 0x00, 0x00, 0x00, 0x40, 0x00, 0x00, 0xc0, 0x75, 0x01, 0x00,
    0x10, 0x40, 0x00, 0x00, 0x10, 0x5a, 0x02, 0x00, 0x2f, 0x01, 0x03, 0x00,
    0x02, 0x00, 0x00, 0x00, 0x00, 0x40, 0x00, 0x00, 0xd0, 0xde, 0x00, 0x00,
    0x0b, 0x01, 0x01, 0x00, 0x0c, 0x01, 0x01, 0x00, 0x05, 0x40, 0x00, 0x00,
    0xcc, 0x01, 0x00, 0x00, 0x04, 0x40, 0x00, 0x00, 0x04, 0x00, 0x00, 0x00,
    0x06, 0x40, 0x00, 0x00, 0x01, 0x00, 0x00, 0x00, 0x09, 0x01, 0x00, 0x00,
    0x05, 0x01, 0x01, 0x00, 0x01, 0x01, 0x00, 0x00, 0x02, 0x01, 0x00, 0x00,
    0x10, 0x40, 0x00, 0x00, 0x90, 0x6e, 0x01, 0x00, 0x11, 0x01, 0x72, 0x00,
    0x1a, 0x01, 0x72, 0x00, 0x13, 0x01, 0x03, 0x00, 0x15, 0x40, 0x00, 0x00,
    0x30, 0x07, 0x00, 0x00, 0x16, 0x40, 0x00, 0x00, 0x30, 0x07, 0x00, 0x00,
    0x18, 0x01, 0x00, 0x00, 0x14, 0x01, 0x41, 0x81, 0x21, 0x01, 0x01, 0x00,
    0x20, 0x01, 0x00, 0x00, 0x22, 0x01, 0x02, 0x00, 0x15, 0x01, 0x15, 0x00,
    0x17, 0x01, 0x07, 0x00, 0x05, 0x00, 0x01, 0x00, 0x00, 0x40, 0x00, 0x00,
    0x68, 0xe2, 0x00, 0x00, 0x10, 0x40, 0x00, 0x00, 0xc0, 0x75, 0x01, 0x00,
    0x05, 0x00, 0x01, 0x00, 0x00, 0x40, 0x00, 0x00, 0x90, 0x6e, 0x01, 0x00,
    0x0b, 0x01, 0x00, 0x00, 0x0c, 0x01, 0x00, 0x00, 0x05, 0x40, 0x00, 0x00,
    0x30, 0x07, 0x00, 0x00, 0x04, 0x40, 0x00, 0x00, 0x10, 0x00, 0x00, 0x00,
    0x06, 0x40, 0x00, 0x00, 0x30, 0x07, 0x00, 0x00, 0x09, 0x01, 0xff, 0xff,
    0x05, 0x01, 0x41, 0x00, 0x01, 0x01, 0x01, 0x00, 0x02, 0x01, 0x01, 0x00,
    0x10, 0x40, 0x00, 0x00, 0xb0, 0x5d, 0x02, 0x00, 0x11, 0x01, 0x39, 0x00,
    0x1a, 0x01, 0x39, 0x00, 0x13, 0x01, 0x0f, 0x00, 0x15, 0x40, 0x00, 0x00,
    0xa0, 0x03, 0x00, 0x00, 0x16, 0x40, 0x00, 0x00, 0xa0, 0x03, 0x00, 0x00,
    0x18, 0x01, 0x80, 0xff, 0x14, 0x01, 0x41, 0x00, 0x21, 0x01, 0x00, 0x00,
    0x20, 0x01, 0x02, 0x00, 0x22, 0x01, 0x05, 0x00, 0x15, 0x01, 0x39, 0x00,
    0x17, 0x01, 0x0f, 0x00, 0x2f, 0x01, 0x01, 0x00, 0x02, 0x00, 0x00, 0x00,
    0x00, 0x40, 0x00, 0x00, 0xc0, 0x75, 0x01, 0x00, 0x10, 0x40, 0x00, 0x00,
    0x50, 0x61, 0x02, 0x00, 0x2f, 0x01, 0x03, 0x00, 0x02, 0x00, 0x00, 0x00,
    0x00, 0x40, 0x00, 0x00, 0x00, 0xe6, 0x00, 0x00, 0x0b, 0x01, 0x01, 0x00,
    0x0c, 0x01, 0x01, 0x00, 0x05, 0x40, 0x00, 0x00, 0xcc, 0x01, 0x00, 0x00,
    0x04, 0x40, 0x00, 0x00, 0x04, 0x00, 0x00, 0x00, 0x06, 0x40, 0x00, 0x00,
    0x01, 0x00, 0x00, 0x00, 0x09, 0x01, 0x00, 0x00, 0x05, 0x01, 0x01, 0x00,
    0x01, 0x01, 0x00, 0x00, 0x02, 0x01, 0x00, 0x00, 0x10, 0x40, 0x00, 0x00,
    0x90, 0x6e, 0x01, 0x00, 0x11, 0x01, 0x72, 0x00, 0x1a, 0x01, 0x72, 0x00,
    0x13, 0x01, 0x03, 0x00, 0x15, 0x40, 0x00, 0x00, 0x30, 0x07, 0x00, 0x00,
    0x16, 0x40, 0x00, 0x00, 0x30, 0x07, 0x00, 0x00, 0x18, 0x01, 0x00, 0x00,
    0x14, 0x01, 0x41, 0x81, 0x21, 0x01, 0x01, 0x00, 0x20, 0x01, 0x00, 0x00,
    0x22, 0x01, 0x02, 0x00, 0x15, 0x01, 0x15, 0x00, 0x17, 0x01, 0x07, 0x00,
    0x05, 0x00, 0x01, 0x00, 0x00, 0x40, 0x00, 0x00, 0x98, 0xe9, 0x00, 0x00,
    0x10, 0x40, 0x00, 0x00, 0xc0, 0x75, 0x01, 0x00, 0x05, 0x00, 0x01, 0x00,
    0x00, 0x40, 0x00, 0x00, 0x90, 0x6e, 0x01, 0x00, 0x0b, 0x01, 0x00, 0x00,
    0x0c, 0x01, 0x00, 0x00, 0x05, 0x40, 0x00, 0x00, 0x30, 0x07, 0x00, 0x00,
    0x04, 0x40, 0x00, 0x00, 0x10, 0x00, 0x00, 0x00, 0x06, 0x40, 0x00, 0x00,
    0x30, 0x07, 0x00, 0x00, 0x09, 0x01, 0xff, 0xff, 0x05, 0x01, 0x41, 0x00,
    0x01, 0x01, 0x01, 0x00, 0x02, 0x01, 0x01, 0x00, 0x10, 0x40, 0x00, 0x00,
    0xf0, 0x64, 0x02, 0x00, 0x11, 0x01, 0x39, 0x00, 0x1a, 0x01, 0x39, 0x00,
    0x13, 0x01, 0x0f, 0x00, 0x15, 0x40, 0x00, 0x00, 0xa0, 0x03, 0x00, 0x00,
    0x16, 0x40, 0x00, 0x00, 0xa0, 0x03, 0x00, 0x00, 0x18, 0x01, 0x80, 0xff,
    0x14, 0x01, 0x41, 0x00, 0x21, 0x01, 0x00, 0x00, 0x20, 0x01, 0x02, 0x00,
    0x22, 0x01, 0x05, 0x00, 0x15, 0x01, 0x39, 0x00, 0x17, 0x01, 0x0f, 0x00,
    0x2f, 0x01, 0x01, 0x00, 0x02, 0x00, 0x00, 0x00, 0x00, 0x40, 0x00, 0x00,
    0xc0, 0x75, 0x01, 0x00, 0x10, 0x40, 0x00, 0x00, 0x90, 0x68, 0x02, 0x00,
    0x2f, 0x01, 0x03, 0x00, 0x02, 0x00, 0x00, 0x00, 0x00, 0x40, 0x00, 0x00,
    0x30, 0xed, 0x00, 0x00, 0x0b, 0x01, 0x01, 0x00, 0x0c, 0x01, 0x01, 0x00,
    0x05, 0x40, 0x00, 0x00, 0xcc, 0x01, 0x00, 0x00, 0x04, 0x40, 0x00, 0x00,
    0x04, 0x00, 0x00, 0x00, 0x06, 0x40, 0x00, 0x00, 0x01, 0x00, 0x00, 0x00,
    0x09, 0x01, 0x00, 0x00, 0x05, 0x01, 0x01, 0x00, 0x01, 0x01, 0x00, 0x00,
    0x02, 0x01, 0x00, 0x00, 0x10, 0x40, 0x00, 0x00, 0x90, 0x6e, 0x01, 0x00,
    0x11, 0x01, 0x72, 0x00, 0x1a, 0x01, 0x72, 0x00, 0x13, 0x01, 0x03, 0x00,
    0x15, 0x40, 0x00, 0x00, 0x30, 0x07, 0x00, 0x00, 0x16, 0x40, 0x00, 0x00,
    0x30, 0x07, 0x00, 0x00, 0x18, 0x01, 0x00, 0x00, 0x14, 0x01, 0x41, 0x81,
    0x21, 0x01, 0x01, 0x00, 0x20, 0x01, 0x00, 0x00, 0x22, 0x01, 0x02, 0x00,
    0x15, 0x01, 0x15, 0x00, 0x17, 0x01, 0x07, 0x00, 0x05, 0x00, 0x01, 0x00,
    0x00, 0x40, 0x00, 0x00, 0xc8, 0xf0, 0x00, 0x00, 0x10, 0x40, 0x00, 0x00,
    0xc0, 0x75, 0x01, 0x00, 0x05, 0x00, 0x01, 0x00, 0x00, 0x40, 0x00, 0x00,
    0x90, 0x6e, 0x01, 0x00, 0x0b, 0x01, 0x00, 0x00, 0x0c, 0x01, 0x00, 0x00,
    0x05, 0x40, 0x00, 0x00, 0x30, 0x07, 0x00, 0x00, 0x04, 0x40, 0x00, 0x00,
    0x10, 0x00, 0x00, 0x00, 0x06, 0x40, 0x00, 0x00, 0x30, 0x07, 0x00, 0x00,
    0x09, 0x01, 0xff, 0xff, 0x05, 0x01, 0x41, 0x00, 0x01, 0x01, 0x01, 0x00,
    0x02, 0x01, 0x01, 0x00, 0x10, 0x40, 0x00, 0x00, 0x30, 0x6c, 0x02, 0x00,
    0x11, 0x01, 0x39, 0x00, 0x1a, 0x01, 0x39, 0x00, 0x13, 0x01, 0x0f, 0x00,
    0x15, 0x40, 0x00, 0x00, 0xa0, 0x03, 0x00, 0x00, 0x16, 0x40, 0x00, 0x00,
    0xa0, 0x03, 0x00, 0x00, 0x18, 0x01, 0x80, 0xff, 0x14, 0x01, 0x41, 0x00,
    0x21, 0x01, 0x00, 0x00, 0x20, 0x01, 0x02, 0x00, 0x22, 0x01, 0x05, 0x00,
    0x15, 0x01, 0x39, 0x00, 0x17, 0x01, 0x0f, 0x00, 0x2f, 0x01, 0x01, 0x00,
    0x02, 0x00, 0x00, 0x00, 0x00, 0x40, 0x00, 0x00, 0xc0, 0x75, 0x01, 0x00,
    0x10, 0x40, 0x00, 0x00, 0xd0, 0x6f, 0x02, 0x00, 0x2f, 0x01, 0x03, 0x00,
    0x02, 0x00, 0x00, 0x00, 0x00, 0x40, 0x00, 0x00, 0x60, 0xf4, 0x00, 0x00,
    0x0b, 0x01, 0x01, 0x00, 0x0c, 0x01, 0x01, 0x00, 0x05, 0x40, 0x00, 0x00,
    0xcc, 0x01, 0x00, 0x00, 0x04, 0x40, 0x00, 0x00, 0x04, 0x00, 0x00, 0x00,
    0x06, 0x40, 0x00, 0x00, 0x01, 0x00, 0x00, 0x00, 0x09, 0x01, 0x00, 0x00,
    0x05, 0x01, 0x01, 0x00, 0x01, 0x01, 0x00, 0x00, 0x02, 0x01, 0x00, 0x00,
    0x10, 0x40, 0x00, 0x00, 0x90, 0x6e, 0x01, 0x00, 0x11, 0x01, 0x72, 0x00,
    0x1a, 0x01, 0x72, 0x00, 0x13, 0x01, 0x03, 0x00, 0x15, 0x40, 0x00, 0x00,
    0x30, 0x07, 0x00, 0x00, 0x16, 0x40, 0x00, 0x00, 0x30, 0x07, 0x00, 0x00,
    0x18, 0x01, 0x00, 0x00, 0x14, 0x01, 0x41, 0x81, 0x21, 0x01, 0x01, 0x00,
    0x20, 0x01, 0x00, 0x00, 0x22, 0x01, 0x02, 0x00, 0x15, 0x01, 0x15, 0x00,
    0x17, 0x01, 0x07, 0x00, 0x05, 0x00, 0x01, 0x00, 0x00, 0x40, 0x00, 0x00,
    0xf8, 0xf7, 0x00, 0x00, 0x10, 0x40, 0x00, 0x00, 0xc0, 0x75, 0x01, 0x00,
    0x05, 0x00, 0x01, 0x00, 0x00, 0x40, 0x00, 0x00, 0x90, 0x6e, 0x01, 0x00,
    0x0b, 0x01, 0x00, 0x00, 0x0c, 0x01, 0x00, 0x00, 0x05, 0x40, 0x00, 0x00,
    0x30, 0x07, 0x00, 0x00, 0x04, 0x40, 0x00, 0x00, 0x10, 0x00, 0x00, 0x00,
    0x06, 0x40, 0x00, 0x00, 0x30, 0x07, 0x00, 0x00, 0x09, 0x01, 0xff, 0xff,
    0x05, 0x01, 0x41, 0x00, 0x01, 0x01, 0x01, 0x00, 0x02, 0x01, 0x01, 0x00,
    0x10, 0x40, 0x00, 0x00, 0x70, 0x73, 0x02, 0x00, 0x11, 0x01, 0x39, 0x00,
    0x1a, 0x01, 0x39, 0x00, 0x13, 0x01, 0x0f, 0x00, 0x15, 0x40, 0x00, 0x00,
    0xa0, 0x03, 0x00, 0x00, 0x16, 0x40, 0x00, 0x00, 0xa0, 0x03, 0x00, 0x00,
    0x18, 0x01, 0x80, 0xff, 0x14, 0x01, 0x41, 0x00, 0x21, 0x01, 0x00, 0x00,
    0x20, 0x01, 0x02, 0x00, 0x22, 0x01, 0x05, 0x00, 0x15, 0x01, 0x39, 0x00,
    0x17, 0x01, 0x0f, 0x00, 0x2f, 0x01, 0x01, 0x00, 0x02, 0x00, 0x00, 0x00,
    0x00, 0x40, 0x00, 0x00, 0xc0, 0x75, 0x01, 0x00, 0x10, 0x40, 0x00, 0x00,
    0x10, 0x77, 0x02, 0x00, 0x2f, 0x01, 0x03, 0x00, 0x02, 0x00, 0x00, 0x00,
    0x00, 0x40, 0x00, 0x00, 0x90, 0xfb, 0x00, 0x00, 0x0b, 0x01, 0x01, 0x00,
    0x0c, 0x01, 0x01, 0x00, 0x05, 0x40, 0x00, 0x00, 0xcc, 0x01, 0x00, 0x00,
    0x04, 0x40, 0x00, 0x00, 0x04, 0x00, 0x00, 0x00, 0x06, 0x40, 0x00, 0x00,
    0x01, 0x00, 0x00, 0x00, 0x09, 0x01, 0x00, 0x00, 0x05, 0x01, 0x01, 0x00,
    0x01, 0x01, 0x00, 0x00, 0x02, 0x01, 0x00, 0x00, 0x10, 0x40, 0x00, 0x00,
    0x90, 0x6e, 0x01, 0x00, 0x11, 0x01, 0x72, 0x00, 0x1a, 0x01, 0x72, 0x00,
    0x13, 0x01, 0x03, 0x00, 0x15, 0x40, 0x00, 0x00, 0x30, 0x07, 0x00, 0x00,
    0x16, 0x40, 0x00, 0x00, 0x30, 0x07, 0x00, 0x00, 0x18, 0x01, 0x00, 0x00,
    0x14, 0x01, 0x41, 0x81, 0x21, 0x01, 0x01, 0x00, 0x20, 0x01, 0x00, 0x00,
    0x22, 0x01, 0x02, 0x00, 0x15, 0x01, 0x15, 0x00, 0x17, 0x01, 0x07, 0x00,
    0x05, 0x00, 0x01, 0x00, 0x00, 0x40, 0x00, 0x00, 0x28, 0xff, 0x00, 0x00,
    0x10, 0x40, 0x00, 0x00, 0xc0, 0x75, 0x01, 0x00, 0x05, 0x00, 0x01, 0x00,
    0x00, 0x40, 0x00, 0x00, 0x90, 0x6e, 0x01, 0x00, 0x0b, 0x01, 0x00, 0x00,
    0x0c, 0x01, 0x00, 0x00, 0x05, 0x40, 0x00, 0x00, 0x30, 0x07, 0x00, 0x00,
    0x04, 0x40, 0x00, 0x00, 0x10, 0x00, 0x00, 0x00, 0x06, 0x40, 0x00, 0x00,
    0x30, 0x07, 0x00, 0x00, 0x09, 0x01, 0xff, 0xff, 0x05, 0x01, 0x41, 0x00,
    0x01, 0x01, 0x01, 0x00, 0x02, 0x01, 0x01, 0x00, 0x10, 0x40, 0x00, 0x00,
    0xb0, 0x7a, 0x02, 0x00, 0x11, 0x01, 0x39, 0x00, 0x1a, 0x01, 0x39, 0x00,
    0x13, 0x01, 0x0f, 0x00, 0x15, 0x40, 0x00, 0x00, 0xa0, 0x03, 0x00, 0x00,
    0x16, 0x40, 0x00, 0x00, 0xa0, 0x03, 0x00, 0x00, 0x18, 0x01, 0x80, 0xff,
    0x14, 0x01, 0x41, 0x00, 0x21, 0x01, 0x00, 0x00, 0x20, 0x01, 0x02, 0x00,
    0x22, 0x01, 0x05, 0x00, 0x15, 0x01, 0x39, 0x00, 0x17, 0x01, 0x0f, 0x00,
    0x2f, 0x01, 0x01, 0x00, 0x02, 0x00, 0x00, 0x00, 0x00, 0x40, 0x00, 0x00,
    0xc0, 0x75, 0x01, 0x00, 0x10, 0x40, 0x00, 0x00, 0x50, 0x7e, 0x02, 0x00,
    0x2f, 0x01, 0x03, 0x00, 0x02, 0x00, 0x00, 0x00, 0x00, 0x40, 0x00, 0x00,
    0xc0, 0x02, 0x01, 0x00, 0x0b, 0x01, 0x01, 0x00, 0x0c, 0x01, 0x01, 0x00,
    0x05, 0x40, 0x00, 0x00, 0xcc, 0x01, 0x00, 0x00, 0x04, 0x40, 0x00, 0x00,
    0x04, 0x00, 0x00, 0x00, 0x06, 0x40, 0x00, 0x00, 0x01, 0x00, 0x00, 0x00,
    0x09, 0x01, 0x00, 0x00, 0x05, 0x01, 0x01, 0x00, 0x01, 0x01, 0x00, 0x00,
    0x02, 0x01, 0x00, 0x00, 0x10, 0x40, 0x00, 0x00, 0x90, 0x6e, 0x01, 0x00,
    0x11, 0x01, 0x72, 0x00, 0x1a, 0x01, 0x72, 0x00, 0x13, 0x01, 0x03, 0x00,
    0x15, 0x40, 0x00, 0x00, 0x30, 0x07, 0x00, 0x00, 0x16, 0x40, 0x00, 0x00,
    0x30, 0x07, 0x00, 0x00, 0x18, 0x01, 0x00, 0x00, 0x14, 0x01, 0x41, 0x81,
    0x21, 0x01, 0x01, 0x00, 0x20, 0x01, 0x00, 0x00, 0x22, 0x01, 0x02, 0x00,
    0x15, 0x01, 0x15, 0x00, 0x17, 0x01, 0x07, 0x00, 0x05, 0x00, 0x01, 0x00,
    0x00, 0x40, 0x00, 0x00, 0x58, 0x06, 0x01, 0x00, 0x10, 0x40, 0x00, 0x00,
    0xc0, 0x75, 0x01, 0x00, 0x05, 0x00, 0x01, 0x00, 0x00, 0x40, 0x00, 0x00,
    0x90, 0x6e, 0x01, 0x00, 0x0b, 0x01, 0x00, 0x00, 0x0c, 0x01, 0x00, 0x00,
    0x05, 0x40, 0x00, 0x00, 0x30, 0x07, 0x00, 0x00, 0x04, 0x40, 0x00, 0x00,
    0x10, 0x00, 0x00, 0x00, 0x06, 0x40, 0x00, 0x00, 0x30, 0x07, 0x00, 0x00,
    0x09, 0x01, 0xff, 0xff, 0x05, 0x01, 0x41, 0x00, 0x01, 0x01, 0x01, 0x00,
    0x02, 0x01, 0x01, 0x00, 0x10, 0x40, 0x00, 0x00, 0xf0, 0x81, 0x02, 0x00,
    0x11, 0x01, 0x39, 0x00, 0x1a, 0x01, 0x39, 0x00, 0x13, 0x01, 0x0f, 0x00,
    0x15, 0x40, 0x00, 0x00, 0xa0, 0x03, 0x00, 0x00, 0x16, 0x40, 0x00, 0x00,
    0xa0, 0x03, 0x00, 0x00, 0x18, 0x01, 0x80, 0xff, 0x14, 0x01, 0x41, 0x00,
    0x21, 0x01, 0x00, 0x00, 0x20, 0x01, 0x02, 0x00, 0x22, 0x01, 0x05, 0x00,
    0x15, 0x01, 0x39, 0x00, 0x17, 0x01, 0x0f, 0x00, 0x2f, 0x01, 0x01, 0x00,
    0x02, 0x00, 0x00, 0x00, 0x00, 0x40, 0x00, 0x00, 0xc0, 0x75, 0x01, 0x00,
    0x10, 0x40, 0x00, 0x00, 0x90, 0x85, 0x02, 0x00, 0x2f, 0x01, 0x03, 0x00,
    0x02, 0x00, 0x00, 0x00, 0x00, 0x40, 0x00, 0x00, 0xf0, 0x09, 0x01, 0x00,
    0x0b, 0x01, 0x01, 0x00, 0x0c, 0x01, 0x01, 0x00, 0x05, 0x40, 0x00, 0x00,
    0xcc, 0x01, 0x00, 0x00, 0x04, 0x40, 0x00, 0x00, 0x04, 0x00, 0x00, 0x00,
    0x06, 0x40, 0x00, 0x00, 0x01, 0x00, 0x00, 0x00, 0x09, 0x01, 0x00, 0x00,
    0x05, 0x01, 0x01, 0x00, 0x01, 0x01, 0x00, 0x00, 0x02, 0x01, 0x00, 0x00,
    0x10, 0x40, 0x00, 0x00, 0x90, 0x6e, 0x01, 0x00, 0x11, 0x01, 0x72, 0x00,
    0x1a, 0x01, 0x72, 0x00, 0x13, 0x01, 0x03, 0x00, 0x15, 0x40, 0x00, 0x00,
    0x30, 0x07, 0x00, 0x00, 0x16, 0x40, 0x00, 0x00, 0x30, 0x07, 0x00, 0x00,
    0x18, 0x01, 0x00, 0x00, 0x14, 0x01, 0x41, 0x81, 0x21, 0x01, 0x01, 0x00,
    0x20, 0x01, 0x00, 0x00, 0x22, 0x01, 0x02, 0x00, 0x15, 0x01, 0x15, 0x00,
    0x17, 0x01, 0x07, 0x00, 0x05, 0x00, 0x01, 0x00, 0x00, 0x40, 0x00, 0x00,
    0x88, 0x0d, 0x01, 0x00, 0x10, 0x40, 0x00, 0x00, 0xc0, 0x75, 0x01, 0x00,
    0x05, 0x00, 0x01, 0x00, 0x00, 0x40, 0x00, 0x00, 0x90, 0x6e, 0x01, 0x00,
    0x0b, 0x01, 0x00, 0x00, 0x0c, 0x01, 0x00, 0x00, 0x05, 0x40, 0x00, 0x00,
    0x30, 0x07, 0x00, 0x00, 0x04, 0x40, 0x00, 0x00, 0x10, 0x00, 0x00, 0x00,
    0x06, 0x40, 0x00, 0x00, 0x30, 0x07, 0x00, 0x00, 0x09, 0x01, 0xff, 0xff,
    0x05, 0x01, 0x41, 0x00, 0x01, 0x01, 0x01, 0x00, 0x02, 0x01, 0x01, 0x00,
    0x10, 0x40, 0x00, 0x00, 0x30, 0x89, 0x02, 0x00, 0x11, 0x01, 0x39, 0x00,
    0x1a, 0x01, 0x39, 0x00, 0x13, 0x01, 0x0f, 0x00, 0x15, 0x40, 0x00, 0x00,
    0xa0, 0x03, 0x00, 0x00, 0x16, 0x40, 0x00, 0x00, 0xa0, 0x03, 0x00, 0x00,
    0x18, 0x01, 0x80, 0xff, 0x14, 0x01, 0x41, 0x00, 0x21, 0x01, 0x00, 0x00,
    0x20, 0x01, 0x02, 0x00, 0x22, 0x01, 0x05, 0x00, 0x15, 0x01, 0x39, 0x00,
    0x17, 0x01, 0x0f, 0x00, 0x2f, 0x01, 0x01, 0x00, 0x02, 0x00, 0x00, 0x00,
    0x00, 0x40, 0x00, 0x00, 0xc0, 0x75, 0x01, 0x00, 0x10, 0x40, 0x00, 0x00,
    0xd0, 0x8c, 0x02, 0x00, 0x2f, 0x01, 0x03, 0x00, 0x02, 0x00, 0x00, 0x00,
    0x00, 0x40, 0x00, 0x00, 0x20, 0x11, 0x01, 0x00, 0x0b, 0x01, 0x01, 0x00,
    0x0c, 0x01, 0x01, 0x00, 0x05, 0x40, 0x00, 0x00, 0xcc, 0x01, 0x00, 0x00,
    0x04, 0x40, 0x00, 0x00, 0x04, 0x00, 0x00, 0x00, 0x06, 0x40, 0x00, 0x00,
    0x01, 0x00, 0x00, 0x00, 0x09, 0x01, 0x00, 0x00, 0x05, 0x01, 0x01, 0x00,
    0x01, 0x01, 0x00, 0x00, 0x02, 0x01, 0x00, 0x00, 0x10, 0x40, 0x00, 0x00,
    0x90, 0x6e, 0x01, 0x00, 0x11, 0x01, 0x72, 0x00, 0x1a, 0x01, 0x72, 0x00,
    0x13, 0x01, 0x03, 0x00, 0x15, 0x40, 0x00, 0x00, 0x30, 0x07, 0x00, 0x00,
    0x16, 0x40, 0x00, 0x00, 0x30, 0x07, 0x00, 0x00, 0x18, 0x01, 0x00, 0x00,
    0x14, 0x01, 0x41, 0x81, 0x21, 0x01, 0x01, 0x00, 0x20, 0x01, 0x00, 0x00,
    0x22, 0x01, 0x02, 0x00, 0x15, 0x01, 0x15, 0x00, 0x17, 0x01, 0x07, 0x00,
    0x05, 0x00, 0x01, 0x00, 0x00, 0x40, 0x00, 0x00, 0xb8, 0x14, 0x01, 0x00,
    0x10, 0x40, 0x00, 0x00, 0xc0, 0x75, 0x01, 0x00, 0x05, 0x00, 0x01, 0x00,
    0x00, 0x40, 0x00, 0x00, 0x90, 0x6e, 0x01, 0x00, 0x0b, 0x01, 0x00, 0x00,
    0x0c, 0x01, 0x00, 0x00, 0x05, 0x40, 0x00, 0x00, 0x30, 0x07, 0x00, 0x00,
    0x04, 0x40, 0x00, 0x00, 0x10, 0x00, 0x00, 0x00, 0x06, 0x40, 0x00, 0x00,
    0x30, 0x07, 0x00, 0x00, 0x09, 0x01, 0xff, 0xff, 0x05, 0x01, 0x41, 0x00,
    0x01, 0x01, 0x01, 0x00, 0x02, 0x01, 0x01, 0x00, 0x10, 0x40, 0x00, 0x00,
    0x70, 0x90, 0x02, 0x00, 0x11, 0x01, 0x39, 0x00, 0x1a, 0x01, 0x39, 0x00,
    0x13, 0x01, 0x0f, 0x00, 0x15, 0x40, 0x00, 0x00, 0xa0, 0x03, 0x00, 0x00,
    0x16, 0x40, 0x00, 0x00, 0xa0, 0x03, 0x00, 0x00, 0x18, 0x01, 0x80, 0xff,
    0x14, 0x01, 0x41, 0x00, 0x21, 0x01, 0x00, 0x00, 0x20, 0x01, 0x02, 0x00,
    0x22, 0x01, 0x05, 0x00, 0x15, 0x01, 0x39, 0x00, 0x17, 0x01, 0x0f, 0x00,
    0x2f, 0x01, 0x01, 0x00, 0x02, 0x00, 0x00, 0x00, 0x00, 0x40, 0x00, 0x00,
    0xc0, 0x75, 0x01, 0x00, 0x10, 0x40, 0x00, 0x00, 0x10, 0x94, 0x02, 0x00,
    0x2f, 0x01, 0x03, 0x00, 0x02, 0x00, 0x00, 0x00, 0x00, 0x40, 0x00, 0x00,
    0x50, 0x18, 0x01, 0x00, 0x0b, 0x01, 0x01, 0x00, 0x0c, 0x01, 0x01, 0x00,
    0x05, 0x40, 0x00, 0x00, 0xcc, 0x01, 0x00, 0x00, 0x04, 0x40, 0x00, 0x00,
    0x04, 0x00, 0x00, 0x00, 0x06, 0x40, 0x00, 0x00, 0x01, 0x00, 0x00, 0x00,
    0x09, 0x01, 0x00, 0x00, 0x05, 0x01, 0x01, 0x00, 0x01, 0x01, 0x00, 0x00,
    0x02, 0x01, 0x00, 0x00, 0x10, 0x40, 0x00, 0x00, 0x90, 0x6e, 0x01, 0x00,
    0x11, 0x01, 0x72, 0x00, 0x1a, 0x01, 0x72, 0x00, 0x13, 0x01, 0x03, 0x00,
    0x15, 0x40, 0x00, 0x00, 0x30, 0x07, 0x00, 0x00, 0x16, 0x40, 0x00, 0x00,
    0x30, 0x07, 0x00, 0x00, 0x18, 0x01, 0x00, 0x00, 0x14, 0x01, 0x41, 0x81,
    0x21, 0x01, 0x01, 0x00, 0x20, 0x01, 0x00, 0x00, 0x22, 0x01, 0x02, 0x00,
    0x15, 0x01, 0x15, 0x00, 0x17, 0x01, 0x07, 0x00, 0x05, 0x00, 0x01, 0x00,
    0x00, 0x40, 0x00, 0x00, 0xe8, 0x1b, 0x01, 0x00, 0x10, 0x40, 0x00, 0x00,
    0xc0, 0x75, 0x01, 0x00, 0x05, 0x00, 0x01, 0x00, 0x00, 0x40, 0x00, 0x00,
    0x90, 0x6e, 0x01, 0x00, 0x0b, 0x01, 0x00, 0x00, 0x0c, 0x01, 0x00, 0x00,
    0x05, 0x40, 0x00, 0x00, 0x30, 0x07, 0x00, 0x00, 0x04, 0x40, 0x00, 0x00,
    0x10, 0x00, 0x00, 0x00, 0x06, 0x40, 0x00, 0x00, 0x30, 0x07, 0x00, 0x00,
    0x09, 0x01, 0xff, 0xff, 0x05, 0x01, 0x41, 0x00, 0x01, 0x01, 0x01, 0x00,
    0x02, 0x01, 0x01, 0x00, 0x10, 0x40, 0x00, 0x00, 0xb0, 0x97, 0x02, 0x00,
    0x11, 0x01, 0x39, 0x00, 0x1a, 0x01, 0x39, 0x00, 0x13, 0x01, 0x0f, 0x00,
    0x15, 0x40, 0x00, 0x00, 0xa0, 0x03, 0x00, 0x00, 0x16, 0x40, 0x00, 0x00,
    0xa0, 0x03, 0x00, 0x00, 0x18, 0x01, 0x80, 0xff, 0x14, 0x01, 0x41, 0x00,
    0x21, 0x01, 0x00, 0x00, 0x20, 0x01, 0x02, 0x00, 0x22, 0x01, 0x05, 0x00,
    0x15, 0x01, 0x39, 0x00, 0x17, 0x01, 0x0f, 0x00, 0x2f, 0x01, 0x01, 0x00,
    0x02, 0x00, 0x00, 0x00, 0x00, 0x40, 0x00, 0x00, 0xc0, 0x75, 0x01, 0x00,
    0x10, 0x40, 0x00, 0x00, 0x50, 0x9b, 0x02, 0x00, 0x2f, 0x01, 0x03, 0x00,
    0x02, 0x00, 0x00, 0x00, 0x00, 0x40, 0x00, 0x00, 0x80, 0x1f, 0x01, 0x00,
    0x0b, 0x01, 0x01, 0x00, 0x0c, 0x01, 0x01, 0x00, 0x05, 0x40, 0x00, 0x00,
    0xcc, 0x01, 0x00, 0x00, 0x04, 0x40, 0x00, 0x00, 0x04, 0x00, 0x00, 0x00,
    0x06, 0x40, 0x00, 0x00, 0x01, 0x00, 0x00, 0x00, 0x09, 0x01, 0x00, 0x00,
    0x05, 0x01, 0x01, 0x00, 0x01, 0x01, 0x00, 0x00, 0x02, 0x01, 0x00, 0x00,
    0x10, 0x40, 0x00, 0x00, 0x90, 0x6e, 0x01, 0x00, 0x11, 0x01, 0x72, 0x00,
    0x1a, 0x01, 0x72, 0x00, 0x13, 0x01, 0x03, 0x00, 0x15, 0x40, 0x00, 0x00,
    0x30, 0x07, 0x00, 0x00, 0x16, 0x40, 0x00, 0x00, 0x30, 0x07, 0x00, 0x00,
    0x18, 0x01, 0x00, 0x00, 0x14, 0x01, 0x41, 0x81, 0x21, 0x01, 0x01, 0x00,
    0x20, 0x01, 0x00, 0x00, 0x22, 0x01, 0x02, 0x00, 0x15, 0x01, 0x15, 0x00,
    0x17, 0x01, 0x07, 0x00, 0x05, 0x00, 0x01, 0x00, 0x00, 0x40, 0x00, 0x00,
    0x18, 0x23, 0x01, 0x00, 0x10, 0x40, 0x00, 0x00, 0xc0, 0x75, 0x01, 0x00,
    0x05, 0x00, 0x01, 0x00, 0x00, 0x40, 0x00, 0x00, 0x90, 0x6e, 0x01, 0x00,
    0x0b, 0x01, 0x00, 0x00, 0x0c, 0x01, 0x00, 0x00, 0x05, 0x40, 0x00, 0x00,
    0x30, 0x07, 0x00, 0x00, 0x04, 0x40, 0x00, 0x00, 0x10, 0x00, 0x00, 0x00,
    0x06, 0x40, 0x00, 0x00, 0x30, 0x07, 0x00, 0x00, 0x09, 0x01, 0xff, 0xff,
    0x05, 0x01, 0x41, 0x00, 0x01, 0x01, 0x01, 0x00, 0x02, 0x01, 0x01, 0x00,
    0x10, 0x40, 0x00, 0x00, 0xf0, 0x9e, 0x02, 0x00, 0x11, 0x01, 0x39, 0x00,
    0x1a, 0x01, 0x39, 0x00, 0x13, 0x01, 0x0f, 0x00, 0x15, 0x40, 0x00, 0x00,
    0xa0, 0x03, 0x00, 0x00, 0x16, 0x40, 0x00, 0x00, 0xa0, 0x03, 0x00, 0x00,
    0x18, 0x01, 0x80, 0xff, 0x14, 0x01, 0x41, 0x00, 0x21, 0x01, 0x00, 0x00,
    0x20, 0x01, 0x02, 0x00, 0x22, 0x01, 0x05, 0x00, 0x15, 0x01, 0x39, 0x00,
    0x17, 0x01, 0x0f, 0x00, 0x2f, 0x01, 0x01, 0x00, 0x02, 0x00, 0x00, 0x00,
    0x00, 0x40, 0x00, 0x00, 0xc0, 0x75, 0x01, 0x00, 0x10, 0x40, 0x00, 0x00,
    0x90, 0xa2, 0x02, 0x00, 0x2f, 0x01, 0x03, 0x00, 0x02, 0x00, 0x00, 0x00,
    0x00, 0x40, 0x00, 0x00, 0xb0, 0x26, 0x01, 0x00, 0x0b, 0x01, 0x01, 0x00,
    0x0c, 0x01, 0x01, 0x00, 0x05, 0x40, 0x00, 0x00, 0xcc, 0x01, 0x00, 0x00,
    0x04, 0x40, 0x00, 0x00, 0x04, 0x00, 0x00, 0x00, 0x06, 0x40, 0x00, 0x00,
    0x01, 0x00, 0x00, 0x00, 0x09, 0x01, 0x00, 0x00, 0x05, 0x01, 0x01, 0x00,
    0x01, 0x01, 0x00, 0x00, 0x02, 0x01, 0x00, 0x00, 0x10, 0x40, 0x00, 0x00,
    0x90, 0x6e, 0x01, 0x00, 0x11, 0x01, 0x72, 0x00, 0x1a, 0x01, 0x72, 0x00,
    0x13, 0x01, 0x03, 0x00, 0x15, 0x40, 0x00, 0x00, 0x30, 0x07, 0x00, 0x00,
    0x16, 0x40, 0x00, 0x00, 0x30, 0x07, 0x00, 0x00, 0x18, 0x01, 0x00, 0x00,
    0x14, 0x01, 0x41, 0x81, 0x21, 0x01, 0x01, 0x00, 0x20, 0x01, 0x00, 0x00,
    0x22, 0x01, 0x02, 0x00, 0x15, 0x01, 0x15, 0x00, 0x17, 0x01, 0x07, 0x00,
    0x05, 0x00, 0x01, 0x00, 0x00, 0x40, 0x00, 0x00, 0x48, 0x2a, 0x01, 0x00,
    0x10, 0x40, 0x00, 0x00, 0xc0, 0x75, 0x01, 0x00, 0x05, 0x00, 0x01, 0x00,
    0x00, 0x40, 0x00, 0x00, 0x90, 0x6e, 0x01, 0x00, 0x0b, 0x01, 0x00, 0x00,
    0x0c, 0x01, 0x00, 0x00, 0x05, 0x40, 0x00, 0x00, 0x30, 0x07, 0x00, 0x00,
    0x04, 0x40, 0x00, 0x00, 0x10, 0x00, 0x00, 0x00, 0x06, 0x40, 0x00, 0x00,
    0x30, 0x07, 0x00, 0x00, 0x09, 0x01, 0xff, 0xff, 0x05, 0x01, 0x41, 0x00,
    0x01, 0x01, 0x01, 0x00, 0x02, 0x01, 0x01, 0x00, 0x10, 0x40, 0x00, 0x00,
    0x30, 0xa6, 0x02, 0x00, 0x11, 0x01, 0x39, 0x00, 0x1a, 0x01, 0x39, 0x00,
    0x13, 0x01, 0x0f, 0x00, 0x15, 0x40, 0x00, 0x00, 0xa0, 0x03, 0x00, 0x00,
    0x16, 0x40, 0x00, 0x00, 0xa0, 0x03, 0x00, 0x00, 0x18, 0x01, 0x80, 0xff,
    0x14, 0x01, 0x41, 0x00, 0x21, 0x01, 0x00, 0x00, 0x20, 0x01, 0x02, 0x00,
    0x22, 0x01, 0x05, 0x00, 0x15, 0x01, 0x39, 0x00, 0x17, 0x01, 0x0f, 0x00,
    0x2f, 0x01, 0x01, 0x00, 0x02, 0x00, 0x00, 0x00, 0x00, 0x40, 0x00, 0x00,
    0xc0, 0x75, 0x01, 0x00, 0x10, 0x40, 0x00, 0x00, 0xd0, 0xa9, 0x02, 0x00,
    0x2f, 0x01, 0x03, 0x00, 0x02, 0x00, 0x00, 0x00, 0x00, 0x40, 0x00, 0x00,
    0xe0, 0x2d, 0x01, 0x00, 0x0b, 0x01, 0x01, 0x00, 0x0c, 0x01, 0x01, 0x00,
    0x05, 0x40, 0x00, 0x00, 0xcc, 0x01, 0x00, 0x00, 0x04, 0x40, 0x00, 0x00,
    0x04, 0x00, 0x00, 0x00, 0x06, 0x40, 0x00, 0x00, 0x01, 0x00, 0x00, 0x00,
    0x09, 0x01, 0x00, 0x00, 0x05, 0x01, 0x01, 0x00, 0x01, 0x01, 0x00, 0x00,
    0x02, 0x01, 0x00, 0x00, 0x10, 0x40, 0x00, 0x00, 0x90, 0x6e, 0x01, 0x00,
    0x11, 0x01, 0x72, 0x00, 0x1a, 0x01, 0x72, 0x00, 0x13, 0x01, 0x03, 0x00,
    0x15, 0x40, 0x00, 0x00, 0x30, 0x07, 0x00, 0x00, 0x16, 0x40, 0x00, 0x00,
    0x30, 0x07, 0x00, 0x00, 0x18, 0x01, 0x00, 0x00, 0x14, 0x01, 0x41, 0x81,
    0x21, 0x01, 0x01, 0x00, 0x20, 0x01, 0x00, 0x00, 0x22, 0x01, 0x02, 0x00,
    0x15, 0x01, 0x15, 0x00, 0x17, 0x01, 0x07, 0x00, 0x05, 0x00, 0x01, 0x00,
    0x00, 0x40, 0x00, 0x00, 0x78, 0x31, 0x01, 0x00, 0x10, 0x40, 0x00, 0x00,
    0xc0, 0x75, 0x01, 0x00, 0x05, 0x00, 0x01, 0x00, 0x00, 0x40, 0x00, 0x00,
    0x90, 0x6e, 0x01, 0x00, 0x0b, 0x01, 0x00, 0x00, 0x0c, 0x01, 0x00, 0x00,
    0x05, 0x40, 0x00, 0x00, 0x30, 0x07, 0x00, 0x00, 0x04, 0x40, 0x00, 0x00,
    0x10, 0x00, 0x00, 0x00, 0x06, 0x40, 0x00, 0x00, 0x30, 0x07, 0x00, 0x00,
    0x09, 0x01, 0xff, 0xff, 0x05, 0x01, 0x41, 0x00, 0x01, 0x01, 0x01, 0x00,
    0x02, 0x01, 0x01, 0x00, 0x10, 0x40, 0x00, 0x00, 0x70, 0xad, 0x02, 0x00,
    0x11, 0x01, 0x39, 0x00, 0x1a, 0x01, 0x39, 0x00, 0x13, 0x01, 0x0f, 0x00,
    0x15, 0x40, 0x00, 0x00, 0xa0, 0x03, 0x00, 0x00, 0x16, 0x40, 0x00, 0x00,
    0xa0, 0x03, 0x00, 0x00, 0x18, 0x01, 0x80, 0xff, 0x14, 0x01, 0x41, 0x00,
    0x21, 0x01, 0x00, 0x00, 0x20, 0x01, 0x02, 0x00, 0x22, 0x01, 0x05, 0x00,
    0x15, 0x01, 0x39, 0x00, 0x17, 0x01, 0x0f, 0x00, 0x2f, 0x01, 0x01, 0x00,
    0x02, 0x00, 0x00, 0x00, 0x00, 0x40, 0x00, 0x00, 0xc0, 0x75, 0x01, 0x00,
    0x10, 0x40, 0x00, 0x00, 0x10, 0xb1, 0x02, 0x00, 0x2f, 0x01, 0x03, 0x00,
    0x02, 0x00, 0x00, 0x00, 0x00, 0x40, 0x00, 0x00, 0x10, 0x35, 0x01, 0x00,
    0x0b, 0x01, 0x01, 0x00, 0x0c, 0x01, 0x01, 0x00, 0x05, 0x40, 0x00, 0x00,
    0xcc, 0x01, 0x00, 0x00, 0x04, 0x40, 0x00, 0x00, 0x04, 0x00, 0x00, 0x00,
    0x06, 0x40, 0x00, 0x00, 0x01, 0x00, 0x00, 0x00, 0x09, 0x01, 0x00, 0x00,
    0x05, 0x01, 0x01, 0x00, 0x01, 0x01, 0x00, 0x00, 0x02, 0x01, 0x00, 0x00,
    0x10, 0x40, 0x00, 0x00, 0x90, 0x6e, 0x01, 0x00, 0x11, 0x01, 0x72, 0x00,
    0x1a, 0x01, 0x72, 0x00, 0x13, 0x01, 0x03, 0x00, 0x15, 0x40, 0x00, 0x00,
    0x30, 0x07, 0x00, 0x00, 0x16, 0x40, 0x00, 0x00, 0x30, 0x07, 0x00, 0x00,
    0x18, 0x01, 0x00, 0x00, 0x14, 0x01, 0x41, 0x81, 0x21, 0x01, 0x01, 0x00,
    0x20, 0x01, 0x00, 0x00, 0x22, 0x01, 0x02, 0x00, 0x15, 0x01, 0x15, 0x00,
    0x17, 0x01, 0x07, 0x00, 0x05, 0x00, 0x01, 0x00, 0x00, 0x40, 0x00, 0x00,
    0xa8, 0x38, 0x01, 0x00, 0x10, 0x40, 0x00, 0x00, 0xc0, 0x75, 0x01, 0x00,
    0x05, 0x00, 0x01, 0x00, 0x00, 0x40, 0x00, 0x00, 0x90, 0x6e, 0x01, 0x00,
    0x0b, 0x01, 0x00, 0x00, 0x0c, 0x01, 0x00, 0x00, 0x05, 0x40, 0x00, 0x00,
    0x30, 0x07, 0x00, 0x00, 0x04, 0x40, 0x00, 0x00, 0x10, 0x00, 0x00, 0x00,
    0x06, 0x40, 0x00, 0x00, 0x30, 0x07, 0x00, 0x00, 0x09, 0x01, 0xff, 0xff,
    0x05, 0x01, 0x41, 0x00, 0x01, 0x01, 0x01, 0x00, 0x02, 0x01, 0x01, 0x00,
    0x10, 0x40, 0x00, 0x00, 0xb0, 0xb4, 0x02, 0x00, 0x11, 0x01, 0x39, 0x00,
    0x1a, 0x01, 0x39, 0x00, 0x13, 0x01, 0x0f, 0x00, 0x15, 0x40, 0x00, 0x00,
    0xa0, 0x03, 0x00, 0x00, 0x16, 0x40, 0x00, 0x00, 0xa0, 0x03, 0x00, 0x00,
    0x18, 0x01, 0x80, 0xff, 0x14, 0x01, 0x41, 0x00, 0x21, 0x01, 0x00, 0x00,
    0x20, 0x01, 0x02, 0x00, 0x22, 0x01, 0x05, 0x00, 0x15, 0x01, 0x39, 0x00,
    0x17, 0x01, 0x0f, 0x00, 0x2f, 0x01, 0x01, 0x00, 0x02, 0x00, 0x00, 0x00,
    0x00, 0x40, 0x00, 0x00, 0xc0, 0x75, 0x01, 0x00, 0x10, 0x40, 0x00, 0x00,
    0x50, 0xb8, 0x02, 0x00, 0x2f, 0x01, 0x03, 0x00, 0x02, 0x00, 0x00, 0x00,
    0x00, 0x40, 0x00, 0x00, 0x40, 0x3c, 0x01, 0x00, 0x0b, 0x01, 0x01, 0x00,
    0x0c, 0x01, 0x01, 0x00, 0x05, 0x40, 0x00, 0x00, 0xcc, 0x01, 0x00, 0x00,
    0x04, 0x40, 0x00, 0x00, 0x04, 0x00, 0x00, 0x00, 0x06, 0x40, 0x00, 0x00,
    0x01, 0x00, 0x00, 0x00, 0x09, 0x01, 0x00, 0x00, 0x05, 0x01, 0x01, 0x00,
    0x01, 0x01, 0x00, 0x00, 0x02, 0x01, 0x00, 0x00, 0x10, 0x40, 0x00, 0x00,
    0x90, 0x6e, 0x01, 0x00, 0x11, 0x01, 0x72, 0x00, 0x1a, 0x01, 0x72, 0x00,
    0x13, 0x01, 0x03, 0x00, 0x15, 0x40, 0x00, 0x00, 0x30, 0x07, 0x00, 0x00,
    0x16, 0x40, 0x00, 0x00, 0x30, 0x07, 0x00, 0x00, 0x18, 0x01, 0x00, 0x00,
    0x14, 0x01, 0x41, 0x81, 0x21, 0x01, 0x01, 0x00, 0x20, 0x01, 0x00, 0x00,
    0x22, 0x01, 0x02, 0x00, 0x15, 0x01, 0x15, 0x00, 0x17, 0x01, 0x07, 0x00,
    0x05, 0x00, 0x01, 0x00, 0x00, 0x40, 0x00, 0x00, 0xd8, 0x3f, 0x01, 0x00,
    0x10, 0x40, 0x00, 0x00, 0xc0, 0x75, 0x01, 0x00, 0x05, 0x00, 0x01, 0x00,
    0x00, 0x40, 0x00, 0x00, 0x90, 0x6e, 0x01, 0x00, 0x0b, 0x01, 0x00, 0x00,
    0x0c, 0x01, 0x00, 0x00, 0x05, 0x40, 0x00, 0x00, 0x30, 0x07, 0x00, 0x00,
    0x04, 0x40, 0x00, 0x00, 0x10, 0x00, 0x00, 0x00, 0x06, 0x40, 0x00, 0x00,
    0x30, 0x07, 0x00, 0x00, 0x09, 0x01, 0xff, 0xff, 0x05, 0x01, 0x41, 0x00,
    0x01, 0x01, 0x01, 0x00, 0x02, 0x01, 0x01, 0x00, 0x10, 0x40, 0x00, 0x00,
    0xf0, 0xbb, 0x02, 0x00, 0x11, 0x01, 0x39, 0x00, 0x1a, 0x01, 0x39, 0x00,
    0x13, 0x01, 0x0f, 0x00, 0x15, 0x40, 0x00, 0x00, 0xa0, 0x03, 0x00, 0x00,
    0x16, 0x40, 0x00, 0x00, 0xa0, 0x03, 0x00, 0x00, 0x18, 0x01, 0x80, 0xff,
    0x14, 0x01, 0x41, 0x00, 0x21, 0x01, 0x00, 0x00, 0x20, 0x01, 0x02, 0x00,
    0x22, 0x01, 0x05, 0x00, 0x15, 0x01, 0x39, 0x00, 0x17, 0x01, 0x0f, 0x00,
    0x2f, 0x01, 0x01, 0x00, 0x02, 0x00, 0x00, 0x00, 0x00, 0x40, 0x00, 0x00,
    0xc0, 0x75, 0x01, 0x00, 0x10, 0x40, 0x00, 0x00, 0x90, 0xbf, 0x02, 0x00,
    0x2f, 0x01, 0x03, 0x00, 0x02, 0x00, 0x00, 0x00, 0x00, 0x40, 0x00, 0x00,
    0x70, 0x43, 0x01, 0x00, 0x0b, 0x01, 0x01, 0x00, 0x0c, 0x01, 0x01, 0x00,
    0x05, 0x40, 0x00, 0x00, 0xcc, 0x01, 0x00, 0x00, 0x04, 0x40, 0x00, 0x00,
    0x04, 0x00, 0x00, 0x00, 0x06, 0x40, 0x00, 0x00, 0x01, 0x00, 0x00, 0x00,
    0x09, 0x01, 0x00, 0x00, 0x05, 0x01, 0x01, 0x00, 0x01, 0x01, 0x00, 0x00,
    0x02, 0x01, 0x00, 0x00, 0x10, 0x40, 0x00, 0x00, 0x90, 0x6e, 0x01, 0x00,
    0x11, 0x01, 0x72, 0x00, 0x1a, 0x01, 0x72, 0x00, 0x13, 0x01, 0x03, 0x00,
    0x15, 0x40, 0x00, 0x00, 0x30, 0x07, 0x00, 0x00, 0x16, 0x40, 0x00, 0x00,
    0x30, 0x07, 0x00, 0x00, 0x18, 0x01, 0x00, 0x00, 0x14, 0x01, 0x41, 0x81,
    0x21, 0x01, 0x01, 0x00, 0x20, 0x01, 0x00, 0x00, 0x22, 0x01, 0x02, 0x00,
    0x15, 0x01, 0x15, 0x00, 0x17, 0x01, 0x07, 0x00, 0x05, 0x00, 0x01, 0x00,
    0x00, 0x40, 0x00, 0x00, 0x08, 0x47, 0x01, 0x00, 0x10, 0x40, 0x00, 0x00,
    0xc0, 0x75, 0x01, 0x00, 0x05, 0x00, 0x01, 0x00, 0x00, 0x40, 0x00, 0x00,
    0x90, 0x6e, 0x01, 0x00, 0x0b, 0x01, 0x00, 0x00, 0x0c, 0x01, 0x00, 0x00,
    0x05, 0x40, 0x00, 0x00, 0x30, 0x07, 0x00, 0x00, 0x04, 0x40, 0x00, 0x00,
    0x10, 0x00, 0x00, 0x00, 0x06, 0x40, 0x00, 0x00, 0x30, 0x07, 0x00, 0x00,
    0x09, 0x01, 0xff, 0xff, 0x05, 0x01, 0x41, 0x00, 0x01, 0x01, 0x01, 0x00,
    0x02, 0x01, 0x01, 0x00, 0x10, 0x40, 0x00, 0x00, 0x30, 0xc3, 0x02, 0x00,
    0x11, 0x01, 0x39, 0x00, 0x1a, 0x01, 0x39, 0x00, 0x13, 0x01, 0x0f, 0x00,
    0x15, 0x40, 0x00, 0x00, 0xa0, 0x03, 0x00, 0x00, 0x16, 0x40, 0x00, 0x00,
    0xa0, 0x03, 0x00, 0x00, 0x18, 0x01, 0x80, 0xff, 0x14, 0x01, 0x41, 0x00,
    0x21, 0x01, 0x00, 0x00, 0x20, 0x01, 0x02, 0x00, 0x22, 0x01, 0x05, 0x00,
    0x15, 0x01, 0x39, 0x00, 0x17, 0x01, 0x0f, 0x00, 0x2f, 0x01, 0x01, 0x00,
    0x02, 0x00, 0x00, 0x00, 0x00, 0x40, 0x00, 0x00, 0xc0, 0x75, 0x01, 0x00,
    0x10, 0x40, 0x00, 0x00, 0xd0, 0xc6, 0x02, 0x00, 0x2f, 0x01, 0x03, 0x00,
    0x02, 0x00, 0x00, 0x00, 0x00, 0x40, 0x00, 0x00, 0xa0, 0x4a, 0x01, 0x00,
    0x0b, 0x01, 0x01, 0x00, 0x0c, 0x01, 0x01, 0x00, 0x05, 0x40, 0x00, 0x00,
    0xcc, 0x01, 0x00, 0x00, 0x04, 0x40, 0x00, 0x00, 0x04, 0x00, 0x00, 0x00,
    0x06, 0x40, 0x00, 0x00, 0x01, 0x00, 0x00, 0x00, 0x09, 0x01, 0x00, 0x00,
    0x05, 0x01, 0x01, 0x00, 0x01, 0x01, 0x00, 0x00, 0x02, 0x01, 0x00, 0x00,
    0x10, 0x40, 0x00, 0x00, 0x90, 0x6e, 0x01, 0x00, 0x11, 0x01, 0x72, 0x00,
    0x1a, 0x01, 0x72, 0x00, 0x13, 0x01, 0x03, 0x00, 0x15, 0x40, 0x00, 0x00,
    0x30, 0x07, 0x00, 0x00, 0x16, 0x40, 0x00, 0x00, 0x30, 0x07, 0x00, 0x00,
    0x18, 0x01, 0x00, 0x00, 0x14, 0x01, 0x41, 0x81, 0x21, 0x01, 0x01, 0x00,
    0x20, 0x01, 0x00, 0x00, 0x22, 0x01, 0x02, 0x00, 0x15, 0x01, 0x15, 0x00,
    0x17, 0x01, 0x07, 0x00, 0x05, 0x00, 0x01, 0x00, 0x00, 0x40, 0x00, 0x00,
    0x38, 0x4e, 0x01, 0x00, 0x10, 0x40, 0x00, 0x00, 0xc0, 0x75, 0x01, 0x00,
    0x05, 0x00, 0x01, 0x00, 0x00, 0x40, 0x00, 0x00, 0x90, 0x6e, 0x01, 0x00,
    0x0b, 0x01, 0x00, 0x00, 0x0c, 0x01, 0x00, 0x00, 0x05, 0x40, 0x00, 0x00,
    0x30, 0x07, 0x00, 0x00, 0x04, 0x40, 0x00, 0x00, 0x10, 0x00, 0x00, 0x00,
    0x06, 0x40, 0x00, 0x00, 0x30, 0x07, 0x00, 0x00, 0x09, 0x01, 0xff, 0xff,
    0x05, 0x01, 0x41, 0x00, 0x01, 0x01, 0x01, 0x00, 0x02, 0x01, 0x01, 0x00,
    0x10, 0x40, 0x00, 0x00, 0x70, 0xca, 0x02, 0x00, 0x11, 0x01, 0x39, 0x00,
    0x1a, 0x01, 0x39, 0x00, 0x13, 0x01, 0x0f, 0x00, 0x15, 0x40, 0x00, 0x00,
    0xa0, 0x03, 0x00, 0x00, 0x16, 0x40, 0x00, 0x00, 0xa0, 0x03, 0x00, 0x00,
    0x18, 0x01, 0x80, 0xff, 0x14, 0x01, 0x41, 0x00, 0x21, 0x01, 0x00, 0x00,
    0x20, 0x01, 0x02, 0x00, 0x22, 0x01, 0x05, 0x00, 0x15, 0x01, 0x39, 0x00,
    0x17, 0x01, 0x0f, 0x00, 0x2f, 0x01, 0x01, 0x00, 0x02, 0x00, 0x00, 0x00,
    0x00, 0x40, 0x00, 0x00, 0xc0, 0x75, 0x01, 0x00, 0x10, 0x40, 0x00, 0x00,
    0x10, 0xce, 0x02, 0x00, 0x2f, 0x01, 0x03, 0x00, 0x02, 0x00, 0x00, 0x00,
    0x00, 0x40, 0x00, 0x00, 0xd0, 0x51, 0x01, 0x00, 0x0b, 0x01, 0x01, 0x00,
    0x0c, 0x01, 0x01, 0x00, 0x05, 0x40, 0x00, 0x00, 0xcc, 0x01, 0x00, 0x00,
    0x04, 0x40, 0x00, 0x00, 0x04, 0x00, 0x00, 0x00, 0x06, 0x40, 0x00, 0x00,
    0x01, 0x00, 0x00, 0x00, 0x09, 0x01, 0x00, 0x00, 0x05, 0x01, 0x01, 0x00,
    0x01, 0x01, 0x00, 0x00, 0x02, 0x01, 0x00, 0x00, 0x10, 0x40, 0x00, 0x00,
    0x90, 0x6e, 0x01, 0x00, 0x11, 0x01, 0x72, 0x00, 0x1a, 0x01, 0x72, 0x00,
    0x13, 0x01, 0x03, 0x00, 0x15, 0x40, 0x00, 0x00, 0x30, 0x07, 0x00, 0x00,
    0x16, 0x40, 0x00, 0x00, 0x30, 0x07, 0x00, 0x00, 0x18, 0x01, 0x00, 0x00,
    0x14, 0x01, 0x41, 0x81, 0x21, 0x01, 0x01, 0x00, 0x20, 0x01, 0x00, 0x00,
    0x22, 0x01, 0x02, 0x00, 0x15, 0x01, 0x15, 0x00, 0x17, 0x01, 0x07, 0x00,
    0x05, 0x00, 0x01, 0x00, 0x00, 0x40, 0x00, 0x00, 0x68, 0x55, 0x01, 0x00,
    0x10, 0x40, 0x00, 0x00, 0xc0, 0x75, 0x01, 0x00, 0x05, 0x00, 0x01, 0x00,
    0x00, 0x40, 0x00, 0x00, 0x90, 0x6e, 0x01, 0x00, 0x0b, 0x01, 0x00, 0x00,
    0x0c, 0x01, 0x00, 0x00, 0x05, 0x40, 0x00, 0x00, 0x30, 0x07, 0x00, 0x00,
    0x04, 0x40, 0x00, 0x00, 0x10, 0x00, 0x00, 0x00, 0x06, 0x40, 0x00, 0x00,
    0x30, 0x07, 0x00, 0x00, 0x09, 0x01, 0xff, 0xff, 0x05, 0x01, 0x41, 0x00,
    0x01, 0x01, 0x01, 0x00, 0x02, 0x01, 0x01, 0x00, 0x10, 0x40, 0x00, 0x00,
    0xb0, 0xd1, 0x02, 0x00, 0x11, 0x01, 0x39, 0x00, 0x1a, 0x01, 0x39, 0x00,
    0x13, 0x01, 0x0f, 0x00, 0x15, 0x40, 0x00, 0x00, 0xa0, 0x03, 0x00, 0x00,
    0x16, 0x40, 0x00, 0x00, 0xa0, 0x03, 0x00, 0x00, 0x18, 0x01, 0x80, 0xff,
    0x14, 0x01, 0x41, 0x00, 0x21, 0x01, 0x00, 0x00, 0x20, 0x01, 0x02, 0x00,
    0x22, 0x01, 0x05, 0x00, 0x15, 0x01, 0x39, 0x00, 0x17, 0x01, 0x0f, 0x00,
    0x2f, 0x01, 0x01, 0x00, 0x02, 0x00, 0x00, 0x00, 0x00, 0x40, 0x00, 0x00,
    0xc0, 0x75, 0x01, 0x00, 0x10, 0x40, 0x00, 0x00, 0x50, 0xd5, 0x02, 0x00,
    0x2f, 0x01, 0x03, 0x00, 0x02, 0x00, 0x00, 0x00, 0x00, 0x40, 0x00, 0x00,
    0x00, 0x59, 0x01, 0x00, 0x0b, 0x01, 0x01, 0x00, 0x0c, 0x01, 0x01, 0x00,
    0x05, 0x40, 0x00, 0x00, 0xcc, 0x01, 0x00, 0x00, 0x04, 0x40, 0x00, 0x00,
    0x04, 0x00, 0x00, 0x00, 0x06, 0x40, 0x00, 0x00, 0x01, 0x00, 0x00, 0x00,
    0x09, 0x01, 0x00, 0x00, 0x05, 0x01, 0x01, 0x00, 0x01, 0x01, 0x00, 0x00,
    0x02, 0x01, 0x00, 0x00, 0x10, 0x40, 0x00, 0x00, 0x90, 0x6e, 0x01, 0x00,
    0x11, 0x01, 0x72, 0x00, 0x1a, 0x01, 0x72, 0x00, 0x13, 0x01, 0x03, 0x00,
    0x15, 0x40, 0x00, 0x00, 0x30, 0x07, 0x00, 0x00, 0x16, 0x40, 0x00, 0x00,
    0x30, 0x07, 0x00, 0x00, 0x18, 0x01, 0x00, 0x00, 0x14, 0x01, 0x41, 0x81,
    0x21, 0x01, 0x01, 0x00, 0x20, 0x01, 0x00, 0x00, 0x22, 0x01, 0x02, 0x00,
    0x15, 0x01, 0x15, 0x00, 0x17, 0x01, 0x07, 0x00, 0x05, 0x00, 0x01, 0x00,
    0x00, 0x40, 0x00, 0x00, 0x98, 0x5c, 0x01, 0x00, 0x10, 0x40, 0x00, 0x00,
    0xc0, 0x75, 0x01, 0x00, 0x05, 0x00, 0x01, 0x00, 0x00, 0x40, 0x00, 0x00,
    0x90, 0x6e, 0x01, 0x00, 0x0b, 0x01, 0x00, 0x00, 0x0c, 0x01, 0x00, 0x00,
    0x05, 0x40, 0x00, 0x00, 0x30, 0x07, 0x00, 0x00, 0x04, 0x40, 0x00, 0x00,
    0x10, 0x00, 0x00, 0x00, 0x06, 0x40, 0x00, 0x00, 0x30, 0x07, 0x00, 0x00,
    0x09, 0x01, 0xff, 0xff, 0x05, 0x01, 0x41, 0x00, 0x01, 0x01, 0x01, 0x00,
    0x02, 0x01, 0x01, 0x00, 0x10, 0x40, 0x00, 0x00, 0xf0, 0xd8, 0x02, 0x00,
    0x11, 0x01, 0x39, 0x00, 0x1a, 0x01, 0x39, 0x00, 0x13, 0x01, 0x0f, 0x00,
    0x15, 0x40, 0x00, 0x00, 0xa0, 0x03, 0x00, 0x00, 0x16, 0x40, 0x00, 0x00,
    0xa0, 0x03, 0x00, 0x00, 0x18, 0x01, 0x80, 0xff, 0x14, 0x01, 0x41, 0x00,
    0x21, 0x01, 0x00, 0x00, 0x20, 0x01, 0x02, 0x00, 0x22, 0x01, 0x05, 0x00,
    0x15, 0x01, 0x39, 0x00, 0x17, 0x01, 0x0f, 0x00, 0x2f, 0x01, 0x01, 0x00,
    0x02, 0x00, 0x00, 0x00, 0x00, 0x40, 0x00, 0x00, 0xc0, 0x75, 0x01, 0x00,
    0x10, 0x40, 0x00, 0x00, 0x90, 0xdc, 0x02, 0x00, 0x2f, 0x01, 0x03, 0x00,
    0x02, 0x00, 0x00, 0x00, 0x00, 0x40, 0x00, 0x00, 0x30, 0x60, 0x01, 0x00,
    0x0b, 0x01, 0x01, 0x00, 0x0c, 0x01, 0x01, 0x00, 0x05, 0x40, 0x00, 0x00,
    0xcc, 0x01, 0x00, 0x00, 0x04, 0x40, 0x00, 0x00, 0x04, 0x00, 0x00, 0x00,
    0x06, 0x40, 0x00, 0x00, 0x01, 0x00, 0x00, 0x00, 0x09, 0x01, 0x00, 0x00,
    0x05, 0x01, 0x01, 0x00, 0x01, 0x01, 0x00, 0x00, 0x02, 0x01, 0x00, 0x00,
    0x10, 0x40, 0x00, 0x00, 0x90, 0x6e, 0x01, 0x00, 0x11, 0x01, 0x72, 0x00,
    0x1a, 0x01, 0x72, 0x00, 0x13, 0x01, 0x03, 0x00, 0x15, 0x40, 0x00, 0x00,
    0x30, 0x07, 0x00, 0x00, 0x16, 0x40, 0x00, 0x00, 0x30, 0x07, 0x00, 0x00,
    0x18, 0x01, 0x00, 0x00, 0x14, 0x01, 0x41, 0x81, 0x21, 0x01, 0x01, 0x00,
    0x20, 0x01, 0x00, 0x00, 0x22, 0x01, 0x02, 0x00, 0x15, 0x01, 0x15, 0x00,
    0x17, 0x01, 0x07, 0x00, 0x05, 0x00, 0x01, 0x00, 0x00, 0x40, 0x00, 0x00,
    0xc8, 0x63, 0x01, 0x00, 0x10, 0x40, 0x00, 0x00, 0xc0, 0x75, 0x01, 0x00,
    0x05, 0x00, 0x01, 0x00, 0x00, 0x40, 0x00, 0x00, 0x90, 0x6e, 0x01, 0x00,
    0x0b, 0x01, 0x00, 0x00, 0x0c, 0x01, 0x00, 0x00, 0x05, 0x40, 0x00, 0x00,
    0x30, 0x07, 0x00, 0x00, 0x04, 0x40, 0x00, 0x00, 0x10, 0x00, 0x00, 0x00,
    0x06, 0x40, 0x00, 0x00, 0x30, 0x07, 0x00, 0x00, 0x09, 0x01, 0xff, 0xff,
    0x05, 0x01, 0x41, 0x00, 0x01, 0x01, 0x01, 0x00, 0x02, 0x01, 0x01, 0x00,
    0x10, 0x40, 0x00, 0x00, 0x30, 0xe0, 0x02, 0x00, 0x11, 0x01, 0x39, 0x00,
    0x1a, 0x01, 0x39, 0x00, 0x13, 0x01, 0x0f, 0x00, 0x15, 0x40, 0x00, 0x00,
    0xa0, 0x03, 0x00, 0x00, 0x16, 0x40, 0x00, 0x00, 0xa0, 0x03, 0x00, 0x00,
    0x18, 0x01, 0x80, 0xff, 0x14, 0x01, 0x41, 0x00, 0x21, 0x01, 0x00, 0x00,
    0x20, 0x01, 0x02, 0x00, 0x22, 0x01, 0x05, 0x00, 0x15, 0x01, 0x39, 0x00,
    0x17, 0x01, 0x0f, 0x00, 0x2f, 0x01, 0x01, 0x00, 0x02, 0x00, 0x00, 0x00,
    0x00, 0x40, 0x00, 0x00, 0xc0, 0x75, 0x01, 0x00, 0x10, 0x40, 0x00, 0x00,
    0xd0, 0xe3, 0x02, 0x00, 0x2f, 0x01, 0x03, 0x00, 0x02, 0x00, 0x00, 0x00,
    0x00, 0x40, 0x00, 0x00, 0x60, 0x67, 0x01, 0x00, 0x0b, 0x01, 0x01, 0x00,
    0x0c, 0x01, 0x01, 0x00, 0x05, 0x40, 0x00, 0x00, 0xcc, 0x01, 0x00, 0x00,
    0x04, 0x40, 0x00, 0x00, 0x04, 0x00, 0x00, 0x00, 0x06, 0x40, 0x00, 0x00,
    0x01, 0x00, 0x00, 0x00, 0x09, 0x01, 0x00, 0x00, 0x05, 0x01, 0x01, 0x00,
    0x01, 0x01, 0x00, 0x00, 0x02, 0x01, 0x00, 0x00, 0x10, 0x40, 0x00, 0x00,
    0x90, 0x6e, 0x01, 0x00, 0x11, 0x01, 0x72, 0x00, 0x1a, 0x01, 0x72, 0x00,
    0x13, 0x01, 0x03, 0x00, 0x15, 0x40, 0x00, 0x00, 0x30, 0x07, 0x00, 0x00,
    0x16, 0x40, 0x00, 0x00, 0x30, 0x07, 0x00, 0x00, 0x18, 0x01, 0x00, 0x00,
    0x14, 0x01, 0x41, 0x81, 0x21, 0x01, 0x01, 0x00, 0x20, 0x01, 0x00, 0x00,
    0x22, 0x01, 0x02, 0x00, 0x15, 0x01, 0x15, 0x00, 0x17, 0x01, 0x07, 0x00,
    0x05, 0x00, 0x01, 0x00, 0x00, 0x40, 0x00, 0x00, 0xf8, 0x6a, 0x01, 0x00,
    0x10, 0x40, 0x00, 0x00, 0xc0, 0x75, 0x01, 0x00, 0x05, 0x00, 0x01, 0x00,
    0x00, 0x40, 0x00, 0x00, 0x90, 0x6e, 0x01, 0x00, 0x0b, 0x01, 0x00, 0x00,
    0x0c, 0x01, 0x00, 0x00, 0x05, 0x40, 0x00, 0x00, 0x30, 0x07, 0x00, 0x00,
    0x04, 0x40, 0x00, 0x00, 0x10, 0x00, 0x00, 0x00, 0x06, 0x40, 0x00, 0x00,
    0x30, 0x07, 0x00, 0x00, 0x09, 0x01, 0xff, 0xff, 0x05, 0x01, 0x41, 0x00,
    0x01, 0x01, 0x01, 0x00, 0x02, 0x01, 0x01, 0x00, 0x10, 0x40, 0x00, 0x00,
    0x70, 0xe7, 0x02, 0x00, 0x11, 0x01, 0x39, 0x00, 0x1a, 0x01, 0x39, 0x00,
    0x13, 0x01, 0x0f, 0x00, 0x15, 0x40, 0x00, 0x00, 0xa0, 0x03, 0x00, 0x00,
    0x16, 0x40, 0x00, 0x00, 0xa0, 0x03, 0x00, 0x00, 0x18, 0x01, 0x80, 0xff,
    0x14, 0x01, 0x41, 0x00, 0x21, 0x01, 0x00, 0x00, 0x20, 0x01, 0x02, 0x00,
    0x22, 0x01, 0x05, 0x00, 0x15, 0x01, 0x39, 0x00, 0x17, 0x01, 0x0f, 0x00,
    0x2f, 0x01, 0x01, 0x00, 0x02, 0x00, 0x00, 0x00, 0x00, 0x40, 0x00, 0x00,
    0xc0, 0x75, 0x01, 0x00, 0x10, 0x40, 0x00, 0x00, 0x10, 0xeb, 0x02, 0x00,
    0x2f, 0x01, 0x03, 0x00, 0x02, 0x00, 0x00, 0x00, 0x30, 0x01, 0x00, 0x00,
    0x30, 0x40, 0x00, 0x00, 0xb0, 0x01, 0x00, 0x00, 0x31, 0x01, 0x01, 0x00,
    0x31, 0x40, 0x00, 0x00, 0x80, 0x73, 0x01, 0x00, 0x32, 0x40, 0x00, 0x00,
    0x50, 0x01, 0x00, 0x00, 0x12, 0x00, 0x01, 0x00, 0x10, 0x00, 0x00, 0x00,
    0x00, 0x40, 0x00, 0x00, 0xf0, 0x7c, 0x01, 0x00, 0x0b, 0x01, 0x65, 0x00,
    0x0c, 0x01, 0x65, 0x00, 0x0a, 0x01, 0x39, 0x00, 0x04, 0x01, 0x0f, 0x00,
    0x05, 0x40, 0x00, 0x00, 0xa0, 0x03, 0x00, 0x00, 0x06, 0x40, 0x00, 0x00,
    0xa0, 0x03, 0x00, 0x00, 0x09, 0x01, 0x80, 0xff, 0x00, 0x01, 0x03, 0x00,
    0x01, 0x01, 0x00, 0x00, 0x03, 0x01, 0x03, 0x00, 0x02, 0x01, 0x00, 0x00,
    0x10, 0x40, 0x00, 0x00, 0x00, 0x00, 0x00, 0x00, 0x12, 0x01, 0x65, 0x00,
    0x1b, 0x01, 0x65, 0x00, 0x1c, 0x01, 0x65, 0x00, 0x21, 0x01, 0x06, 0x00,
    0x20, 0x01, 0x00, 0x00, 0x22, 0x01, 0x00, 0x00, 0x28, 0x01, 0x01, 0x00,
    0x20, 0x40, 0x00, 0x00, 0x20, 0x74, 0x01, 0x00, 0x21, 0x40, 0x00, 0x00,
    0xb0, 0x00, 0x00, 0x00, 0x29, 0x01, 0x01, 0x00, 0x22, 0x40, 0x00, 0x00,
    0x80, 0x73, 0x01, 0x00, 0x16, 0x01, 0x1f, 0x00, 0x15, 0x01, 0x05, 0x00,
    0x2d, 0x01, 0x0e, 0x00, 0x2f, 0x01, 0x01, 0x00, 0x11, 0x00, 0x00, 0x00,
    0x03, 0x00, 0x00, 0x00, 0x30, 0x40, 0x00, 0x00, 0x00, 0x03, 0x00, 0x00,
    0x31, 0x40, 0x00, 0x00, 0xc0, 0x71, 0x01, 0x00, 0x32, 0x40, 0x00, 0x00,
    0xc0, 0x01, 0x00, 0x00, 0x10, 0x00, 0x00, 0x00, 0x00, 0x40, 0x00, 0x00,
    0x00, 0x00, 0x00, 0x00, 0x00, 0x01, 0x00, 0x00, 0x03, 0x01, 0x00, 0x00,
    0x10, 0x40, 0x00, 0x00, 0x70, 0x74, 0x01, 0x00, 0x21, 0x01, 0x00, 0x00,
    0x20, 0x40, 0x00, 0x00, 0x60, 0x72, 0x01, 0x00, 0x21, 0x40, 0x00, 0x00,
    0x20, 0x01, 0x00, 0x00, 0x22, 0x40, 0x00, 0x00, 0xc0, 0x71, 0x01, 0x00,
    0x16, 0x01, 0x03, 0x00, 0x15, 0x01, 0x39, 0x00, 0x2f, 0x01, 0x03, 0x00,
    0x11, 0x00, 0x00, 0x00, 0x02, 0x00, 0x00, 0x00, 0x30, 0x40, 0x00, 0x00,
    0xc0, 0x04, 0x00, 0x00, 0x31, 0x40, 0x00, 0x00, 0x80, 0x73, 0x01, 0x00,
    0x32, 0x40, 0x00, 0x00, 0xf0, 0x00, 0x00, 0x00, 0x12, 0x00, 0x01, 0x00,
    0x10, 0x00, 0x00, 0x00, 0x00, 0x40, 0x00, 0x00, 0x70, 0x74, 0x01, 0x00,
    0x01, 0x01, 0x01, 0x00, 0x02, 0x01, 0x01, 0x00, 0x10, 0x40, 0x00, 0x00,
    0xf0, 0x00, 0x00, 0x00, 0x20, 0x01, 0x02, 0x00, 0x20, 0x40, 0x00, 0x00,
    0x20, 0x74, 0x01, 0x00, 0x21, 0x40, 0x00, 0x00, 0x50, 0x00, 0x00, 0x00,
    0x22, 0x40, 0x00, 0x00, 0x80, 0x73, 0x01, 0x00, 0x11, 0x00, 0x00, 0x00,
    0x03, 0x00, 0x00, 0x00, 0x30, 0x40, 0x00, 0x00, 0xb0, 0x05, 0x00, 0x00,
    0x31, 0x40, 0x00, 0x00, 0x60, 0xe8, 0x02, 0x00, 0x32, 0x40, 0x00, 0x00,
    0xf0, 0x01, 0x00, 0x00, 0x10, 0x00, 0x00, 0x00, 0x00, 0x40, 0x00, 0x00,
    0xf0, 0x00, 0x00, 0x00, 0x01, 0x01, 0x00, 0x00, 0x02, 0x01, 0x00, 0x00,
    0x10, 0x40, 0x00, 0x00, 0xa0, 0x76, 0x01, 0x00, 0x20, 0x01, 0x00, 0x00,
    0x20, 0x40, 0x00, 0x00, 0x00, 0xe9, 0x02, 0x00, 0x21, 0x40, 0x00, 0x00,
    0x50, 0x01, 0x00, 0x00, 0x22, 0x40, 0x00, 0x00, 0x60, 0xe8, 0x02, 0x00,
    0x11, 0x00, 0x00, 0x00, 0x02, 0x00, 0x00, 0x00, 0x30, 0x40, 0x00, 0x00,
    0xa0, 0x07, 0x00, 0x00, 0x31, 0x40, 0x00, 0x00, 0x00, 0x00, 0x00, 0x00,
    0x32, 0x40, 0x00, 0x00, 0xf0, 0x00, 0x00, 0x00, 0x10, 0x00, 0x00, 0x00,
    0x00, 0x40, 0x00, 0x00, 0xa0, 0x76, 0x01, 0x00, 0x00, 0x01, 0x01, 0x00,
    0x03, 0x01, 0x01, 0x00, 0x10, 0x40, 0x00, 0x00, 0xf0, 0x00, 0x00, 0x00,
    0x21, 0x01, 0x02, 0x00, 0x20, 0x40, 0x00, 0x00, 0xa0, 0x00, 0x00, 0x00,
    0x21, 0x40, 0x00, 0x00, 0x50, 0x00, 0x00, 0x00, 0x22, 0x40, 0x00, 0x00,
    0x00, 0x00, 0x00, 0x00, 0x16, 0x01, 0x1f, 0x00, 0x15, 0x01, 0x05, 0x00,
    0x11, 0x00, 0x00, 0x00, 0x03, 0x00, 0x00, 0x00, 0x30, 0x40, 0x00, 0x00,
    0x90, 0x08, 0x00, 0x00, 0x31, 0x40, 0x00, 0x00, 0xe0, 0x74, 0x01, 0x00,
    0x32, 0x40, 0x00, 0x00, 0xc0, 0x01, 0x00, 0x00, 0x10, 0x00, 0x00, 0x00,
    0x00, 0x40, 0x00, 0x00, 0xf0, 0x00, 0x00, 0x00, 0x00, 0x01, 0x00, 0x00,
    0x03, 0x01, 0x00, 0x00, 0x10, 0x40, 0x00, 0x00, 0xa0, 0x76, 0x01, 0x00,
    0x21, 0x01, 0x00, 0x00, 0x20, 0x40, 0x00, 0x00, 0x80, 0x75, 0x01, 0x00,
    0x21, 0x40, 0x00, 0x00, 0x20, 0x01, 0x00, 0x00, 0x22, 0x40, 0x00, 0x00,
    0xe0, 0x74, 0x01, 0x00, 0x16, 0x01, 0x03, 0x00, 0x15, 0x01, 0x39, 0x00,
    0x11, 0x00, 0x00, 0x00, 0x02, 0x00, 0x00, 0x00, 0x30, 0x40, 0x00, 0x00,
    0x50, 0x0a, 0x00, 0x00, 0x31, 0x40, 0x00, 0x00, 0xb0, 0x73, 0x01, 0x00,
    0x32, 0x40, 0x00, 0x00, 0x30, 0x01, 0x00, 0x00, 0x10, 0x00, 0x00, 0x00,
    0x00, 0x40, 0x00, 0x00, 0xa0, 0x76, 0x01, 0x00, 0x01, 0x01, 0x02, 0x00,
    0x02, 0x01, 0x02, 0x00, 0x10, 0x40, 0x00, 0x00, 0x00, 0x00, 0x00, 0x00,
    0x20, 0x01, 0x04, 0x00, 0x20, 0x40, 0x00, 0x00, 0x50, 0x74, 0x01, 0x00,
    0x21, 0x40, 0x00, 0x00, 0x90, 0x00, 0x00, 0x00, 0x22, 0x40, 0x00, 0x00,
    0xb0, 0x73, 0x01, 0x00, 0x11, 0x00, 0x00, 0x00, 0x03, 0x00, 0x00, 0x00,
    0x30, 0x40, 0x00, 0x00, 0x80, 0x0b, 0x00, 0x00, 0x31, 0x40, 0x00, 0x00,
    0xc0, 0x71, 0x01, 0x00, 0x32, 0x40, 0x00, 0x00, 0xf0, 0x01, 0x00, 0x00,
    0x12, 0x00, 0x01, 0x00, 0x10, 0x00, 0x00, 0x00, 0x00, 0x40, 0x00, 0x00,
    0x00, 0x00, 0x00, 0x00, 0x01, 0x01, 0x00, 0x00, 0x02, 0x01, 0x00, 0x00,
    0x10, 0x40, 0x00, 0x00, 0xf0, 0x74, 0x01, 0x00, 0x20, 0x01, 0x00, 0x00,
    0x20, 0x40, 0x00, 0x00, 0x60, 0x72, 0x01, 0x00, 0x21, 0x40, 0x00, 0x00,
    0x50, 0x01, 0x00, 0x00, 0x22, 0x40, 0x00, 0x00, 0xc0, 0x71, 0x01, 0x00,
    0x11, 0x00, 0x00, 0x00, 0x02, 0x00, 0x00, 0x00, 0x30, 0x40, 0x00, 0x00,
    0x70, 0x0d, 0x00, 0x00, 0x31, 0x40, 0x00, 0x00, 0xb0, 0x73, 0x01, 0x00,
    0x32, 0x40, 0x00, 0x00, 0x40, 0x01, 0x00, 0x00, 0x12, 0x00, 0x01, 0x00,
    0x10, 0x00, 0x00, 0x00, 0x00, 0x40, 0x00, 0x00, 0xf0, 0x74, 0x01, 0x00,
    0x00, 0x01, 0x03, 0x00, 0x03, 0x01, 0x03, 0x00, 0x10, 0x40, 0x00, 0x00,
    0x00, 0x00, 0x00, 0x00, 0x21, 0x01, 0x06, 0x00, 0x20, 0x40, 0x00, 0x00,
    0x50, 0x74, 0x01, 0x00, 0x21, 0x40, 0x00, 0x00, 0xa0, 0x00, 0x00, 0x00,
    0x22, 0x40, 0x00, 0x00, 0xb0, 0x73, 0x01, 0x00, 0x16, 0x01, 0x1f, 0x00,
    0x15, 0x01, 0x05, 0x00, 0x11, 0x00, 0x00, 0x00, 0x03, 0x00, 0x00, 0x00,
    0x30, 0x40, 0x00, 0x00, 0xb0, 0x0e, 0x00, 0x00, 0x31, 0x40, 0x00, 0x00,
    0xc0, 0x71, 0x01, 0x00, 0x32, 0x40, 0x00, 0x00, 0xd0, 0x01, 0x00, 0x00,
    0x12, 0x00, 0x01, 0x00, 0x10, 0x00, 0x00, 0x00, 0x00, 0x40, 0x00, 0x00,
    0x00, 0x00, 0x00, 0x00, 0x00, 0x01, 0x00, 0x00, 0x03, 0x01, 0x00, 0x00,
    0x10, 0x40, 0x00, 0x00, 0x90, 0x73, 0x01, 0x00, 0x21, 0x01, 0x00, 0x00,
    0x20, 0x40, 0x00, 0x00, 0x60, 0x72, 0x01, 0x00, 0x21, 0x40, 0x00, 0x00,
    0x30, 0x01, 0x00, 0x00, 0x22, 0x40, 0x00, 0x00, 0xc0, 0x71, 0x01, 0x00,
    0x16, 0x01, 0x03, 0x00, 0x15, 0x01, 0x39, 0x00, 0x11, 0x00, 0x00, 0x00,
    0x02, 0x00, 0x00, 0x00, 0x30, 0x40, 0x00, 0x00, 0x80, 0x10, 0x00, 0x00,
    0x31, 0x40, 0x00, 0x00, 0x50, 0xe5, 0x02, 0x00, 0x32, 0x40, 0x00, 0x00,
    0xf0, 0x00, 0x00, 0x00, 0x12, 0x00, 0x01, 0x00, 0x10, 0x00, 0x00, 0x00,
    0x00, 0x40, 0x00, 0x00, 0x90, 0x73, 0x01, 0x00, 0x01, 0x01, 0x01, 0x00,
    0x02, 0x01, 0x01, 0x00, 0x10, 0x40, 0x00, 0x00, 0x00, 0x00, 0x00, 0x00,
    0x20, 0x01, 0x02, 0x00, 0x20, 0x40, 0x00, 0x00, 0xf0, 0xe5, 0x02, 0x00,
    0x21, 0x40, 0x00, 0x00, 0x50, 0x00, 0x00, 0x00, 0x22, 0x40, 0x00, 0x00,
    0x50, 0xe5, 0x02, 0x00, 0x11, 0x00, 0x00, 0x00, 0x03, 0x00, 0x00, 0x00,
    0x30, 0x40, 0x00, 0x00, 0x70, 0x11, 0x00, 0x00, 0x31, 0x40, 0x00, 0x00,
    0x40, 0xe6, 0x02, 0x00, 0x32, 0x40, 0x00, 0x00, 0xf0, 0x01, 0x00, 0x00,
    0x10, 0x00, 0x00, 0x00, 0x00, 0x40, 0x00, 0x00, 0x00, 0x00, 0x00, 0x00,
    0x01, 0x01, 0x00, 0x00, 0x02, 0x01, 0x00, 0x00, 0x10, 0x40, 0x00, 0x00,
    0xc0, 0x71, 0x01, 0x00, 0x20, 0x01, 0x00, 0x00, 0x20, 0x40, 0x00, 0x00,
    0xe0, 0xe6, 0x02, 0x00, 0x21, 0x40, 0x00, 0x00, 0x50, 0x01, 0x00, 0x00,
    0x22, 0x40, 0x00, 0x00, 0x40, 0xe6, 0x02, 0x00, 0x11, 0x00, 0x00, 0x00,
    0x02, 0x00, 0x00, 0x00, 0x30, 0x40, 0x00, 0x00, 0x60, 0x13, 0x00, 0x00,
    0x31, 0x40, 0x00, 0x00, 0x40, 0xe5, 0x02, 0x00, 0x32, 0x40, 0x00, 0x00,
    0xf0, 0x00, 0x00, 0x00, 0x12, 0x00, 0x01, 0x00, 0x10, 0x00, 0x00, 0x00,
    0x00, 0x40, 0x00, 0x00, 0xc0, 0x71, 0x01, 0x00, 0x00, 0x01, 0x01, 0x00,
    0x03, 0x01, 0x01, 0x00, 0x10, 0x40, 0x00, 0x00, 0x00, 0x00, 0x00, 0x00,
    0x21, 0x01, 0x02, 0x00, 0x20, 0x40, 0x00, 0x00, 0xe0, 0xe5, 0x02, 0x00,
    0x21, 0x40, 0x00, 0x00, 0x50, 0x00, 0x00, 0x00, 0x22, 0x40, 0x00, 0x00,
    0x40, 0xe5, 0x02, 0x00, 0x16, 0x01, 0x1f, 0x00, 0x15, 0x01, 0x05, 0x00,
    0x11, 0x00, 0x00, 0x00, 0x03, 0x00, 0x00, 0x00, 0x30, 0x40, 0x00, 0x00,
    0x50, 0x14, 0x00, 0x00, 0x31, 0x40, 0x00, 0x00, 0x80, 0xe3, 0x02, 0x00,
    0x32, 0x40, 0x00, 0x00, 0xc0, 0x01, 0x00, 0x00, 0x10, 0x00, 0x00, 0x00,
    0x00, 0x40, 0x00, 0x00, 0x00, 0x00, 0x00, 0x00, 0x00, 0x01, 0x00, 0x00,
    0x03, 0x01, 0x00, 0x00, 0x10, 0x40, 0x00, 0x00, 0xc0, 0x71, 0x01, 0x00,
    0x21, 0x01, 0x00, 0x00, 0x20, 0x40, 0x00, 0x00, 0x20, 0xe4, 0x02, 0x00,
    0x21, 0x40, 0x00, 0x00, 0x20, 0x01, 0x00, 0x00, 0x22, 0x40, 0x00, 0x00,
    0x80, 0xe3, 0x02, 0x00, 0x16, 0x01, 0x03, 0x00, 0x15, 0x01, 0x39, 0x00,
    0x11, 0x00, 0x00, 0x00, 0x02, 0x00, 0x00, 0x00, 0x30, 0x40, 0x00, 0x00,
    0x10, 0x16, 0x00, 0x00, 0x31, 0x40, 0x00, 0x00, 0x70, 0xe5, 0x02, 0x00,
    0x32, 0x40, 0x00, 0x00, 0x30, 0x01, 0x00, 0x00, 0x12, 0x00, 0x01, 0x00,
    0x10, 0x00, 0x00, 0x00, 0x00, 0x40, 0x00, 0x00, 0xc0, 0x71, 0x01, 0x00,
    0x01, 0x01, 0x02, 0x00, 0x02, 0x01, 0x02, 0x00, 0x10, 0x40, 0x00, 0x00,
    0x00, 0x00, 0x00, 0x00, 0x20, 0x01, 0x04, 0x00, 0x20, 0x40, 0x00, 0x00,
    0x10, 0xe6, 0x02, 0x00, 0x21, 0x40, 0x00, 0x00, 0x90, 0x00, 0x00, 0x00,
    0x22, 0x40, 0x00, 0x00, 0x70, 0xe5, 0x02, 0x00, 0x11, 0x00, 0x00, 0x00,
    0x03, 0x00, 0x00, 0x00, 0x30, 0x40, 0x00, 0x00, 0x40, 0x17, 0x00, 0x00,
    0x31, 0x40, 0x00, 0x00, 0x80, 0xe3, 0x02, 0x00, 0x32, 0x40, 0x00, 0x00,
    0xf0, 0x01, 0x00, 0x00, 0x12, 0x00, 0x01, 0x00, 0x10, 0x00, 0x00, 0x00,
    0x00, 0x40, 0x00, 0x00, 0x00, 0x00, 0x00, 0x00, 0x01, 0x01, 0x00, 0x00,
    0x02, 0x01, 0x00, 0x00, 0x10, 0x40, 0x00, 0x00, 0xc0, 0x71, 0x01, 0x00,
    0x20, 0x01, 0x00, 0x00, 0x20, 0x40, 0x00, 0x00, 0x20, 0xe4, 0x02, 0x00,
    0x21, 0x40, 0x00, 0x00, 0x50, 0x01, 0x00, 0x00, 0x22, 0x40, 0x00, 0x00,
    0x80, 0xe3, 0x02, 0x00, 0x11, 0x00, 0x00, 0x00, 0x02, 0x00, 0x00, 0x00,
    0x30, 0x40, 0x00, 0x00, 0x30, 0x19, 0x00, 0x00, 0x31, 0x40, 0x00, 0x00,
    0x70, 0xe5, 0x02, 0x00, 0x32, 0x40, 0x00, 0x00, 0x40, 0x01, 0x00, 0x00,
    0x12, 0x00, 0x01, 0x00, 0x10, 0x00, 0x00, 0x00, 0x00, 0x40, 0x00, 0x00,
    0xc0, 0x71, 0x01, 0x00, 0x00, 0x01, 0x03, 0x00, 0x03, 0x01, 0x03, 0x00,
    0x10, 0x40, 0x00, 0x00, 0x00, 0x00, 0x00, 0x00, 0x21, 0x01, 0x06, 0x00,
    0x20, 0x40, 0x00, 0x00, 0x10, 0xe6, 0x02, 0x00, 0x21, 0x40, 0x00, 0x00,
    0xa0, 0x00, 0x00, 0x00, 0x22, 0x40, 0x00, 0x00, 0x70, 0xe5, 0x02, 0x00,
    0x16, 0x01, 0x1f, 0x00, 0x15, 0x01, 0x05, 0x00, 0x11, 0x00, 0x00, 0x00,
    0x03, 0x00, 0x00, 0x00, 0x30, 0x40, 0x00, 0x00, 0x70, 0x1a, 0x00, 0x00,
    0x31, 0x40, 0x00, 0x00, 0x80, 0xe3, 0x02, 0x00, 0x32, 0x40, 0x00, 0x00,
    0xc0, 0x01, 0x00, 0x00, 0x12, 0x00, 0x01, 0x00, 0x10, 0x00, 0x00, 0x00,
    0x00, 0x40, 0x00, 0x00, 0x00, 0x00, 0x00, 0x00, 0x00, 0x01, 0x00, 0x00,
    0x03, 0x01, 0x00, 0x00, 0x10, 0x40, 0x00, 0x00, 0xc0, 0x71, 0x01, 0x00,
    0x21, 0x01, 0x00, 0x00, 0x20, 0x40, 0x00, 0x00, 0x20, 0xe4, 0x02, 0x00,
    0x21, 0x40, 0x00, 0x00, 0x20, 0x01, 0x00, 0x00, 0x22, 0x40, 0x00, 0x00,
    0x80, 0xe3, 0x02, 0x00, 0x16, 0x01, 0x03, 0x00, 0x15, 0x01, 0x39, 0x00,
    0x11, 0x00, 0x00, 0x00, 0x02, 0x00, 0x00, 0x00, 0x30, 0x40, 0x00, 0x00,
    0x30, 0x1c, 0x00, 0x00, 0x31, 0x40, 0x00, 0x00, 0x40, 0xe5, 0x02, 0x00,
    0x32, 0x40, 0x00, 0x00, 0xf0, 0x00, 0x00, 0x00, 0x12, 0x00, 0x01, 0x00,
    0x10, 0x00, 0x00, 0x00, 0x00, 0x40, 0x00, 0x00, 0xc0, 0x71, 0x01, 0x00,
    0x01, 0x01, 0x01, 0x00, 0x02, 0x01, 0x01, 0x00, 0x10, 0x40, 0x00, 0x00,
    0x00, 0x00, 0x00, 0x00, 0x20, 0x01, 0x02, 0x00, 0x20, 0x40, 0x00, 0x00,
    0xe0, 0xe5, 0x02, 0x00, 0x21, 0x40, 0x00, 0x00, 0x50, 0x00, 0x00, 0x00,
    0x22, 0x40, 0x00, 0x00, 0x40, 0xe5, 0x02, 0x00, 0x11, 0x00, 0x00, 0x00,
    0x03, 0x00, 0x00, 0x00, 0x30, 0x40, 0x00, 0x00, 0x20, 0x1d, 0x00, 0x00,
    0x31, 0x40, 0x00, 0x00, 0x30, 0xe6, 0x02, 0x00, 0x32, 0x40, 0x00, 0x00,
    0xf0, 0x01, 0x00, 0x00, 0x10, 0x00, 0x00, 0x00, 0x00, 0x40, 0x00, 0x00,
    0x00, 0x00, 0x00, 0x00, 0x01, 0x01, 0x00, 0x00, 0x02, 0x01, 0x00, 0x00,
    0x10, 0x40, 0x00, 0x00, 0xc0, 0x71, 0x01, 0x00, 0x20, 0x01, 0x00, 0x00,
    0x20, 0x40, 0x00, 0x00, 0xd0, 0xe6, 0x02, 0x00, 0x21, 0x40, 0x00, 0x00,
    0x50, 0x01, 0x00, 0x00, 0x22, 0x40, 0x00, 0x00, 0x30, 0xe6, 0x02, 0x00,
    0x11, 0x00, 0x00, 0x00, 0x02, 0x00, 0x00, 0x00, 0x30, 0x40, 0x00, 0x00,
    0x10, 0x1f, 0x00, 0x00, 0x31, 0x40, 0x00, 0x00, 0x20, 0xe8, 0x02, 0x00,
    0x32, 0x40, 0x00, 0x00, 0xf0, 0x00, 0x00, 0x00, 0x10, 0x00, 0x00, 0x00,
    0x00, 0x40, 0x00, 0x00, 0xc0, 0x71, 0x01, 0x00, 0x00, 0x01, 0x01, 0x00,
    0x03, 0x01, 0x01, 0x00, 0x10, 0x40, 0x00, 0x00, 0x00, 0x00, 0x00, 0x00,
    0x21, 0x01, 0x02, 0x00, 0x20, 0x40, 0x00, 0x00, 0xc0, 0xe8, 0x02, 0x00,
    0x21, 0x40, 0x00, 0x00, 0x50, 0x00, 0x00, 0x00, 0x22, 0x40, 0x00, 0x00,
    0x20, 0xe8, 0x02, 0x00, 0x16, 0x01, 0x1f, 0x00, 0x15, 0x01, 0x05, 0x00,
    0x11, 0x00, 0x00, 0x00, 0x03, 0x00, 0x00, 0x00, 0x30, 0x40, 0x00, 0x00,
    0x00, 0x20, 0x00, 0x00, 0x31, 0x40, 0x00, 0x00, 0x80, 0xe3, 0x02, 0x00,
    0x32, 0x40, 0x00, 0x00, 0xd0, 0x01, 0x00, 0x00, 0x10, 0x00, 0x00, 0x00,
    0x00, 0x40, 0x00, 0x00, 0x00, 0x00, 0x00, 0x00, 0x00, 0x01, 0x00, 0x00,
    0x03, 0x01, 0x00, 0x00, 0x10, 0x40, 0x00, 0x00, 0xc0, 0x71, 0x01, 0x00,
    0x21, 0x01, 0x00, 0x00, 0x20, 0x40, 0x00, 0x00, 0x20, 0xe4, 0x02, 0x00,
    0x21, 0x40, 0x00, 0x00, 0x30, 0x01, 0x00, 0x00, 0x22, 0x40, 0x00, 0x00,
    0x80, 0xe3, 0x02, 0x00, 0x16, 0x01, 0x03, 0x00, 0x15, 0x01, 0x39, 0x00,
    0x11, 0x00, 0x00, 0x00, 0x02, 0x00, 0x00, 0x00, 0x30, 0x40, 0x00, 0x00,
    0xd0, 0x21, 0x00, 0x00, 0x31, 0x40, 0x00, 0x00, 0x70, 0xe5, 0x02, 0x00,
    0x32, 0x40, 0x00, 0x00, 0x20, 0x01, 0x00, 0x00, 0x10, 0x00, 0x00, 0x00,
    0x00, 0x40, 0x00, 0x00, 0xc0, 0x71, 0x01, 0x00, 0x01, 0x01, 0x02, 0x00,
    0x02, 0x01, 0x02, 0x00, 0x10, 0x40, 0x00, 0x00, 0x00, 0x00, 0x00, 0x00,
    0x20, 0x01, 0x04, 0x00, 0x20, 0x40, 0x00, 0x00, 0x10, 0xe6, 0x02, 0x00,
    0x21, 0x40, 0x00, 0x00, 0x80, 0x00, 0x00, 0x00, 0x22, 0x40, 0x00, 0x00,
    0x70, 0xe5, 0x02, 0x00, 0x11, 0x00, 0x00, 0x00, 0x03, 0x00, 0x00, 0x00,
    0x30, 0x40, 0x00, 0x00, 0xf0, 0x22, 0x00, 0x00, 0x31, 0x40, 0x00, 0x00,
    0x80, 0xe3, 0x02, 0x00, 0x32, 0x40, 0x00, 0x00, 0xf0, 0x01, 0x00, 0x00,
    0x12, 0x00, 0x01, 0x00, 0x10, 0x00, 0x00, 0x00, 0x00, 0x40, 0x00, 0x00,
    0x00, 0x00, 0x00, 0x00, 0x01, 0x01, 0x00, 0x00, 0x02, 0x01, 0x00, 0x00,
    0x10, 0x40, 0x00, 0x00, 0xc0, 0x71, 0x01, 0x00, 0x20, 0x01, 0x00, 0x00,
    0x20, 0x40, 0x00, 0x00, 0x20, 0xe4, 0x02, 0x00, 0x21, 0x40, 0x00, 0x00,
    0x50, 0x01, 0x00, 0x00, 0x22, 0x40, 0x00, 0x00, 0x80, 0xe3, 0x02, 0x00,
    0x11, 0x00, 0x00, 0x00, 0x02, 0x00, 0x00, 0x00, 0x30, 0x40, 0x00, 0x00,
    0xe0, 0x24, 0x00, 0x00, 0x31, 0x40, 0x00, 0x00, 0x70, 0xe5, 0x02, 0x00,
    0x32, 0x40, 0x00, 0x00, 0x40, 0x01, 0x00, 0x00, 0x12, 0x00, 0x01, 0x00,
    0x10, 0x00, 0x00, 0x00, 0x00, 0x40, 0x00, 0x00, 0xc0, 0x71, 0x01, 0x00,
    0x00, 0x01, 0x03, 0x00, 0x03, 0x01, 0x03, 0x00, 0x10, 0x40, 0x00, 0x00,
    0x00, 0x00, 0x00, 0x00, 0x21, 0x01, 0x06, 0x00, 0x20, 0x40, 0x00, 0x00,
    0x10, 0xe6, 0x02, 0x00, 0x21, 0x40, 0x00, 0x00, 0xa0, 0x00, 0x00, 0x00,
    0x22, 0x40, 0x00, 0x00, 0x70, 0xe5, 0x02, 0x00, 0x16, 0x01, 0x1f, 0x00,
    0x15, 0x01, 0x05, 0x00, 0x11, 0x00, 0x00, 0x00, 0x03, 0x00, 0x00, 0x00,
    0x30, 0x40, 0x00, 0x00, 0x20, 0x26, 0x00, 0x00, 0x31, 0x40, 0x00, 0x00,
    0x80, 0xe3, 0x02, 0x00, 0x32, 0x40, 0x00, 0x00, 0xd0, 0x01, 0x00, 0x00,
    0x12, 0x00, 0x01, 0x00, 0x10, 0x00, 0x00, 0x00, 0x00, 0x40, 0x00, 0x00,
    0x00, 0x00, 0x00, 0x00, 0x00, 0x01, 0x00, 0x00, 0x03, 0x01, 0x00, 0x00,
    0x10, 0x40, 0x00, 0x00, 0xc0, 0x71, 0x01, 0x00, 0x21, 0x01, 0x00, 0x00,
    0x20, 0x40, 0x00, 0x00, 0x20, 0xe4, 0x02, 0x00, 0x21, 0x40, 0x00, 0x00,
    0x30, 0x01, 0x00, 0x00, 0x22, 0x40, 0x00, 0x00, 0x80, 0xe3, 0x02, 0x00,
    0x16, 0x01, 0x03, 0x00, 0x15, 0x01, 0x39, 0x00, 0x11, 0x00, 0x00, 0x00,
    0x02, 0x00, 0x00, 0x00, 0x30, 0x40, 0x00, 0x00, 0xf0, 0x27, 0x00, 0x00,
    0x31, 0x40, 0x00, 0x00, 0x50, 0xe5, 0x02, 0x00, 0x32, 0x40, 0x00, 0x00,
    0xf0, 0x00, 0x00, 0x00, 0x12, 0x00, 0x01, 0x00, 0x10, 0x00, 0x00, 0x00,
    0x00, 0x40, 0x00, 0x00, 0xc0, 0x71, 0x01, 0x00, 0x01, 0x01, 0x01, 0x00,
    0x02, 0x01, 0x01, 0x00, 0x10, 0x40, 0x00, 0x00, 0x00, 0x00, 0x00, 0x00,
    0x20, 0x01, 0x02, 0x00, 0x20, 0x40, 0x00, 0x00, 0xf0, 0xe5, 0x02, 0x00,
    0x21, 0x40, 0x00, 0x00, 0x50, 0x00, 0x00, 0x00, 0x22, 0x40, 0x00, 0x00,
    0x50, 0xe5, 0x02, 0x00, 0x11, 0x00, 0x00, 0x00, 0x03, 0x00, 0x00, 0x00,
    0x30, 0x40, 0x00, 0x00, 0xe0, 0x28, 0x00, 0x00, 0x31, 0x40, 0x00, 0x00,
    0x40, 0xe6, 0x02, 0x00, 0x32, 0x40, 0x00, 0x00, 0xf0, 0x01, 0x00, 0x00,
    0x10, 0x00, 0x00, 0x00, 0x00, 0x40, 0x00, 0x00, 0x00, 0x00, 0x00, 0x00,
    0x01, 0x01, 0x00, 0x00, 0x02, 0x01, 0x00, 0x00, 0x10, 0x40, 0x00, 0x00,
    0xc0, 0x71, 0x01, 0x00, 0x20, 0x01, 0x00, 0x00, 0x20, 0x40, 0x00, 0x00,
    0xe0, 0xe6, 0x02, 0x00, 0x21, 0x40, 0x00, 0x00, 0x50, 0x01, 0x00, 0x00,
    0x22, 0x40, 0x00, 0x00, 0x40, 0xe6, 0x02, 0x00, 0x11, 0x00, 0x00, 0x00,
    0x02, 0x00, 0x00, 0x00, 0x30, 0x40, 0x00, 0x00, 0xd0, 0x2a, 0x00, 0x00,
    0x31, 0x40, 0x00, 0x00, 0x50, 0xe5, 0x02, 0x00, 0x32, 0x40, 0x00, 0x00,
    0xf0, 0x00, 0x00, 0x00, 0x12, 0x00, 0x01, 0x00, 0x10, 0x00, 0x00, 0x00,
    0x00, 0x40, 0x00, 0x00, 0xc0, 0x71, 0x01, 0x00, 0x00, 0x01, 0x01, 0x00,
    0x03, 0x01, 0x01, 0x00, 0x10, 0x40, 0x00, 0x00, 0x00, 0x00, 0x00, 0x00,
    0x21, 0x01, 0x02, 0x00, 0x20, 0x40, 0x00, 0x00, 0xf0, 0xe5, 0x02, 0x00,
    0x21, 0x40, 0x00, 0x00, 0x50, 0x00, 0x00, 0x00, 0x22, 0x40, 0x00, 0x00,
    0x50, 0xe5, 0x02, 0x00, 0x16, 0x01, 0x1f, 0x00, 0x15, 0x01, 0x05, 0x00,
    0x11, 0x00, 0x00, 0x00, 0x03, 0x00, 0x00, 0x00, 0x30, 0x40, 0x00, 0x00,
    0xc0, 0x2b, 0x00, 0x00, 0x31, 0x40, 0x00, 0x00, 0x80, 0xe3, 0x02, 0x00,
    0x32, 0x40, 0x00, 0x00, 0xd0, 0x01, 0x00, 0x00, 0x10, 0x00, 0x00, 0x00,
    0x00, 0x40, 0x00, 0x00, 0x00, 0x00, 0x00, 0x00, 0x00, 0x01, 0x00, 0x00,
    0x03, 0x01, 0x00, 0x00, 0x10, 0x40, 0x00, 0x00, 0xc0, 0x71, 0x01, 0x00,
    0x21, 0x01, 0x00, 0x00, 0x20, 0x40, 0x00, 0x00, 0x20, 0xe4, 0x02, 0x00,
    0x21, 0x40, 0x00, 0x00, 0x30, 0x01, 0x00, 0x00, 0x22, 0x40, 0x00, 0x00,
    0x80, 0xe3, 0x02, 0x00, 0x16, 0x01, 0x03, 0x00, 0x15, 0x01, 0x39, 0x00,
    0x11, 0x00, 0x00, 0x00, 0x02, 0x00, 0x00, 0x00, 0x30, 0x40, 0x00, 0x00,
    0x90, 0x2d, 0x00, 0x00, 0x31, 0x40, 0x00, 0x00, 0x70, 0xe5, 0x02, 0x00,
    0x32, 0x40, 0x00, 0x00, 0x30, 0x01, 0x00, 0x00, 0x12, 0x00, 0x01, 0x00,
    0x10, 0x00, 0x00, 0x00, 0x00, 0x40, 0x00, 0x00, 0xc0, 0x71, 0x01, 0x00,
    0x01, 0x01, 0x02, 0x00, 0x02, 0x01, 0x02, 0x00, 0x10, 0x40, 0x00, 0x00,
    0x00, 0x00, 0x00, 0x00, 0x20, 0x01, 0x04, 0x00, 0x20, 0x40, 0x00, 0x00,
    0x10, 0xe6, 0x02, 0x00, 0x21, 0x40, 0x00, 0x00, 0x90, 0x00, 0x00, 0x00,
    0x22, 0x40, 0x00, 0x00, 0x70, 0xe5, 0x02, 0x00, 0x11, 0x00, 0x00, 0x00,
    0x03, 0x00, 0x00, 0x00, 0x30, 0x40, 0x00, 0x00, 0xc0, 0x2e, 0x00, 0x00,
    0x31, 0x40, 0x00, 0x00, 0x80, 0xe3, 0x02, 0x00, 0x32, 0x40, 0x00, 0x00,
    0xf0, 0x01, 0x00, 0x00, 0x12, 0x00, 0x01, 0x00, 0x10, 0x00, 0x00, 0x00,
    0x00, 0x40, 0x00, 0x00, 0x00, 0x00, 0x00, 0x00, 0x01, 0x01, 0x00, 0x00,
    0x02, 0x01, 0x00, 0x00, 0x10, 0x40, 0x00, 0x00, 0xc0, 0x71, 0x01, 0x00,
    0x20, 0x01, 0x00, 0x00, 0x20, 0x40, 0x00, 0x00, 0x20, 0xe4, 0x02, 0x00,
    0x21, 0x40, 0x00, 0x00, 0x50, 0x01, 0x00, 0x00, 0x22, 0x40, 0x00, 0x00,
    0x80, 0xe3, 0x02, 0x00, 0x11, 0x00, 0x00, 0x00, 0x02, 0x00, 0x00, 0x00,
    0x30, 0x40, 0x00, 0x00, 0xb0, 0x30, 0x00, 0x00, 0x31, 0x40, 0x00, 0x00,
    0x70, 0xe5, 0x02, 0x00, 0x32, 0x40, 0x00, 0x00, 0x40, 0x01, 0x00, 0x00,
    0x12, 0x00, 0x01, 0x00, 0x10, 0x00, 0x00, 0x00, 0x00, 0x40, 0x00, 0x00,
    0xc0, 0x71, 0x01, 0x00, 0x00, 0x01, 0x03, 0x00, 0x03, 0x01, 0x03, 0x00,
    0x10, 0x40, 0x00, 0x00, 0x00, 0x00, 0x00, 0x00, 0x21, 0x01, 0x06, 0x00,
    0x20, 0x40, 0x00, 0x00, 0x10, 0xe6, 0x02, 0x00, 0x21, 0x40, 0x00, 0x00,
    0xa0, 0x00, 0x00, 0x00, 0x22, 0x40, 0x00, 0x00, 0x70, 0xe5, 0x02, 0x00,
    0x16, 0x01, 0x1f, 0x00, 0x15, 0x01, 0x05, 0x00, 0x11, 0x00, 0x00, 0x00,
    0x03, 0x00, 0x00, 0x00, 0x30, 0x40, 0x00, 0x00, 0xf0, 0x31, 0x00, 0x00,
    0x31, 0x40, 0x00, 0x00, 0x80, 0xe3, 0x02, 0x00, 0x32, 0x40, 0x00, 0x00,
    0xd0, 0x01, 0x00, 0x00, 0x12, 0x00, 0x01, 0x00, 0x10, 0x00, 0x00, 0x00,
    0x00, 0x40, 0x00, 0x00, 0x00, 0x00, 0x00, 0x00, 0x00, 0x01, 0x00, 0x00,
    0x03, 0x01, 0x00, 0x00, 0x10, 0x40, 0x00, 0x00, 0xc0, 0x71, 0x01, 0x00,
    0x21, 0x01, 0x00, 0x00, 0x20, 0x40, 0x00, 0x00, 0x20, 0xe4, 0x02, 0x00,
    0x21, 0x40, 0x00, 0x00, 0x30, 0x01, 0x00, 0x00, 0x22, 0x40, 0x00, 0x00,
    0x80, 0xe3, 0x02, 0x00, 0x16, 0x01, 0x03, 0x00, 0x15, 0x01, 0x39, 0x00,
    0x11, 0x00, 0x00, 0x00, 0x02, 0x00, 0x00, 0x00, 0x30, 0x40, 0x00, 0x00,
    0xc0, 0x33, 0x00, 0x00, 0x31, 0x40, 0x00, 0x00, 0x50, 0xe5, 0x02, 0x00,
    0x32, 0x40, 0x00, 0x00, 0xf0, 0x00, 0x00, 0x00, 0x12, 0x00, 0x01, 0x00,
    0x10, 0x00, 0x00, 0x00, 0x00, 0x40, 0x00, 0x00, 0xc0, 0x71, 0x01, 0x00,
    0x01, 0x01, 0x01, 0x00, 0x02, 0x01, 0x01, 0x00, 0x10, 0x40, 0x00, 0x00,
    0x00, 0x00, 0x00, 0x00, 0x20, 0x01, 0x02, 0x00, 0x20, 0x40, 0x00, 0x00,
    0xf0, 0xe5, 0x02, 0x00, 0x21, 0x40, 0x00, 0x00, 0x50, 0x00, 0x00, 0x00,
    0x22, 0x40, 0x00, 0x00, 0x50, 0xe5, 0x02, 0x00, 0x11, 0x00, 0x00, 0x00,
    0x03, 0x00, 0x00, 0x00, 0x30, 0x40, 0x00, 0x00, 0xb0, 0x34, 0x00, 0x00,
    0x31, 0x40, 0x00, 0x00, 0x40, 0xe6, 0x02, 0x00, 0x32, 0x40, 0x00, 0x00,
    0xf0, 0x01, 0x00, 0x00, 0x10, 0x00, 0x00, 0x00, 0x00, 0x40, 0x00, 0x00,
    0x00, 0x00, 0x00, 0x00, 0x01, 0x01, 0x00, 0x00, 0x02, 0x01, 0x00, 0x00,
    0x10, 0x40, 0x00, 0x00, 0x90, 0x73, 0x01, 0x00, 0x20, 0x01, 0x00, 0x00,
    0x20, 0x40, 0x00, 0x00, 0xe0, 0xe6, 0x02, 0x00, 0x21, 0x40, 0x00, 0x00,
    0x50, 0x01, 0x00, 0x00, 0x22, 0x40, 0x00, 0x00, 0x40, 0xe6, 0x02, 0x00,
    0x11, 0x00, 0x00, 0x00, 0x02, 0x00, 0x00, 0x00, 0x30, 0x40, 0x00, 0x00,
    0xa0, 0x36, 0x00, 0x00, 0x31, 0x40, 0x00, 0x00, 0x50, 0xe5, 0x02, 0x00,
    0x32, 0x40, 0x00, 0x00, 0xf0, 0x00, 0x00, 0x00, 0x12, 0x00, 0x01, 0x00,
    0x10, 0x00, 0x00, 0x00, 0x00, 0x40, 0x00, 0x00, 0x90, 0x73, 0x01, 0x00,
    0x00, 0x01, 0x01, 0x00, 0x03, 0x01, 0x01, 0x00, 0x10, 0x40, 0x00, 0x00,
    0x00, 0x00, 0x00, 0x00, 0x21, 0x01, 0x02, 0x00, 0x20, 0x40, 0x00, 0x00,
    0xf0, 0xe5, 0x02, 0x00, 0x21, 0x40, 0x00, 0x00, 0x50, 0x00, 0x00, 0x00,
    0x22, 0x40, 0x00, 0x00, 0x50, 0xe5, 0x02, 0x00, 0x16, 0x01, 0x1f, 0x00,
    0x15, 0x01, 0x05, 0x00, 0x11, 0x00, 0x00, 0x00, 0x03, 0x00, 0x00, 0x00,
    0x30, 0x40, 0x00, 0x00, 0x90, 0x37, 0x00, 0x00, 0x31, 0x40, 0x00, 0x00,
    0xc0, 0x71, 0x01, 0x00, 0x32, 0x40, 0x00, 0x00, 0xd0, 0x01, 0x00, 0x00,
    0x10, 0x00, 0x00, 0x00, 0x00, 0x40, 0x00, 0x00, 0x00, 0x00, 0x00, 0x00,
    0x00, 0x01, 0x00, 0x00, 0x03, 0x01, 0x00, 0x00, 0x10, 0x40, 0x00, 0x00,
    0xe0, 0x74, 0x01, 0x00, 0x21, 0x01, 0x00, 0x00, 0x20, 0x40, 0x00, 0x00,
    0x60, 0x72, 0x01, 0x00, 0x21, 0x40, 0x00, 0x00, 0x30, 0x01, 0x00, 0x00,
    0x22, 0x40, 0x00, 0x00, 0xc0, 0x71, 0x01, 0x00, 0x16, 0x01, 0x03, 0x00,
    0x15, 0x01, 0x39, 0x00, 0x11, 0x00, 0x00, 0x00, 0x02, 0x00, 0x00, 0x00,
    0x30, 0x40, 0x00, 0x00, 0x60, 0x39, 0x00, 0x00, 0x31, 0x40, 0x00, 0x00,
    0xb0, 0x73, 0x01, 0x00, 0x32, 0x40, 0x00, 0x00, 0x30, 0x01, 0x00, 0x00,
    0x12, 0x00, 0x01, 0x00, 0x10, 0x00, 0x00, 0x00, 0x00, 0x40, 0x00, 0x00,
    0xe0, 0x74, 0x01, 0x00, 0x01, 0x01, 0x02, 0x00, 0x02, 0x01, 0x02, 0x00,
    0x10, 0x40, 0x00, 0x00, 0xf0, 0x01, 0x00, 0x00, 0x20, 0x01, 0x04, 0x00,
    0x20, 0x40, 0x00, 0x00, 0x50, 0x74, 0x01, 0x00, 0x21, 0x40, 0x00, 0x00,
    0x90, 0x00, 0x00, 0x00, 0x22, 0x40, 0x00, 0x00, 0xb0, 0x73, 0x01, 0x00,
    0x11, 0x00, 0x00, 0x00, 0x03, 0x00, 0x00, 0x00, 0x30, 0x40, 0x00, 0x00,
    0x90, 0x3a, 0x00, 0x00, 0x31, 0x40, 0x00, 0x00, 0x00, 0x00, 0x00, 0x00,
    0x32, 0x40, 0x00, 0x00, 0xf0, 0x01, 0x00, 0x00, 0x12, 0x00, 0x01, 0x00,
    0x10, 0x00, 0x00, 0x00, 0x00, 0x40, 0x00, 0x00, 0xf0, 0x01, 0x00, 0x00,
    0x01, 0x01, 0x00, 0x00, 0x02, 0x01, 0x00, 0x00, 0x10, 0x40, 0x00, 0x00,
    0xb0, 0x73, 0x01, 0x00, 0x20, 0x01, 0x00, 0x00, 0x20, 0x40, 0x00, 0x00,
    0xa0, 0x00, 0x00, 0x00, 0x21, 0x40, 0x00, 0x00, 0x50, 0x01, 0x00, 0x00,
    0x22, 0x40, 0x00, 0x00, 0x00, 0x00, 0x00, 0x00, 0x11, 0x00, 0x00, 0x00,
    0x02, 0x00, 0x00, 0x00, 0x30, 0x40, 0x00, 0x00, 0x80, 0x3c, 0x00, 0x00,
    0x31, 0x40, 0x00, 0x00, 0x70, 0xe5, 0x02, 0x00, 0x32, 0x40, 0x00, 0x00,
    0xa0, 0x01, 0x00, 0x00, 0x12, 0x00, 0x01, 0x00, 0x10, 0x00, 0x00, 0x00,
    0x00, 0x40, 0x00, 0x00, 0xb0, 0x73, 0x01, 0x00, 0x00, 0x01, 0x02, 0x00,
    0x01, 0x01, 0x01, 0x00, 0x03, 0x01, 0x02, 0x00, 0x02, 0x01, 0x01, 0x00,
    0x10, 0x40, 0x00, 0x00, 0x00, 0x00, 0x00, 0x00, 0x13, 0x01, 0x00, 0x00,
    0x15, 0x40, 0x00, 0x00, 0x3a, 0x00, 0x00, 0x00, 0x14, 0x40, 0x00, 0x00,
    0x01, 0x00, 0x00, 0x00, 0x16, 0x40, 0x00, 0x00, 0x01, 0x00, 0x00, 0x00,
    0x18, 0x01, 0x75, 0x00, 0x14, 0x01, 0x01, 0x00, 0x21, 0x01, 0x04, 0x00,
    0x20, 0x01, 0x02, 0x00, 0x22, 0x01, 0x04, 0x00, 0x20, 0x40, 0x00, 0x00,
    0x80, 0xe5, 0x02, 0x00, 0x21, 0x40, 0x00, 0x00, 0x90, 0x01, 0x00, 0x00,
    0x22, 0x40, 0x00, 0x00, 0x70, 0xe5, 0x02, 0x00, 0x23, 0x40, 0x00, 0x00,
    0x10, 0x00, 0x00, 0x00, 0x16, 0x01, 0x11, 0x00, 0x15, 0x01, 0x0d, 0x00,
    0x17, 0x01, 0x07, 0x00, 0x0d, 0x01, 0x12, 0x00, 0x2d, 0x01, 0x1e, 0x00,
    0x11, 0x00, 0x00, 0x00, 0x02, 0x00, 0x00, 0x00, 0x30, 0x40, 0x00, 0x00,
    0x20, 0x3e, 0x00, 0x00, 0x31, 0x40, 0x00, 0x00, 0x40, 0x2e, 0x00, 0x00,
    0x32, 0x40, 0x00, 0x00, 0x20, 0x01, 0x00, 0x00, 0x12, 0x00, 0x01, 0x00,
    0x10, 0x00, 0x00, 0x00, 0x00, 0x01, 0x01, 0x00, 0x03, 0x01, 0x01, 0x00,
    0x10, 0x40, 0x00, 0x00, 0x20, 0x17, 0x00, 0x00, 0x18, 0x01, 0x64, 0x00,
    0x21, 0x01, 0x02, 0x00, 0x20, 0x40, 0x00, 0x00, 0x50, 0x2e, 0x00, 0x00,
    0x21, 0x40, 0x00, 0x00, 0x10, 0x01, 0x00, 0x00, 0x22, 0x40, 0x00, 0x00,
    0x40, 0x2e, 0x00, 0x00, 0x16, 0x01, 0x0f, 0x00, 0x15, 0x01, 0x0f, 0x00,
    0x11, 0x00, 0x00, 0x00, 0x02, 0x00, 0x00, 0x00, 0x30, 0x40, 0x00, 0x00,
    0x40, 0x3f, 0x00, 0x00, 0x31, 0x40, 0x00, 0x00, 0x60, 0x45, 0x00, 0x00,
    0x32, 0x40, 0x00, 0x00, 0xa0, 0x01, 0x00, 0x00, 0x10, 0x00, 0x00, 0x00,
    0x01, 0x01, 0x02, 0x00, 0x02, 0x01, 0x02, 0x00, 0x10, 0x40, 0x00, 0x00,
    0x40, 0x2e, 0x00, 0x00, 0x18, 0x01, 0x74, 0x00, 0x20, 0x01, 0x04, 0x00,
    0x20, 0x40, 0x00, 0x00, 0x70, 0x45, 0x00, 0x00, 0x21, 0x40, 0x00, 0x00,
    0x90, 0x01, 0x00, 0x00, 0x22, 0x40, 0x00, 0x00, 0x60, 0x45, 0x00, 0x00,
    0x16, 0x01, 0x0b, 0x00, 0x15, 0x01, 0x13, 0x00, 0x11, 0x00, 0x00, 0x00,
    0x02, 0x00, 0x00, 0x00, 0x30, 0x40, 0x00, 0x00, 0xe0, 0x40, 0x00, 0x00,
    0x31, 0x40, 0x00, 0x00, 0x80, 0x5c, 0x00, 0x00, 0x32, 0x40, 0x00, 0x00,
    0x40, 0x00, 0x00, 0x00, 0x10, 0x00, 0x00, 0x00, 0x00, 0x01, 0x00, 0x00,
    0x01, 0x01, 0x00, 0x00, 0x03, 0x01, 0x00, 0x00, 0x02, 0x01, 0x00, 0x00,
    0x10, 0x40, 0x00, 0x00, 0x60, 0x45, 0x00, 0x00, 0x18, 0x01, 0x7f, 0x00,
    0x21, 0x01, 0x00, 0x00, 0x20, 0x01, 0x00, 0x00, 0x22, 0x01, 0x00, 0x00,
    0x20, 0x40, 0x00, 0x00, 0x90, 0x5c, 0x00, 0x00, 0x21, 0x40, 0x00, 0x00,
    0x30, 0x00, 0x00, 0x00, 0x22, 0x40, 0x00, 0x00, 0x80, 0x5c, 0x00, 0x00,
    0x16, 0x01, 0x03, 0x00, 0x15, 0x01, 0x39, 0x00, 0x0d, 0x01, 0x0a, 0x00,
    0x11, 0x00, 0x00, 0x00, 0x02, 0x00, 0x00, 0x00, 0x30, 0x40, 0x00, 0x00,
    0x20, 0x41, 0x00, 0x00, 0x31, 0x40, 0x00, 0x00, 0xa0, 0x73, 0x00, 0x00,
    0x32, 0x40, 0x00, 0x00, 0x20, 0x01, 0x00, 0x00, 0x10, 0x00, 0x00, 0x00,
    0x00, 0x01, 0x01, 0x00, 0x01, 0x01, 0x01, 0x00, 0x03, 0x01, 0x01, 0x00,
    0x02, 0x01, 0x01, 0x00, 0x10, 0x40, 0x00, 0x00, 0x80, 0x5c, 0x00, 0x00,
    0x18, 0x01, 0x77, 0x00, 0x21, 0x01, 0x02, 0x00, 0x20, 0x01, 0x02, 0x00,
    0x22, 0x01, 0x04, 0x00, 0x20, 0x40, 0x00, 0x00, 0xb0, 0x73, 0x00, 0x00,
    0x21, 0x40, 0x00, 0x00, 0x10, 0x01, 0x00, 0x00, 0x22, 0x40, 0x00, 0x00,
    0xa0, 0x73, 0x00, 0x00, 0x16, 0x01, 0x0f, 0x00, 0x15, 0x01, 0x0f, 0x00,
    0x0d, 0x01, 0x12, 0x00, 0x11, 0x00, 0x00, 0x00, 0x02, 0x00, 0x00, 0x00,
    0x00, 0x00, 0xff, 0xff,
};

static const uint8_t g_rf_v27_absolute_weights[RF_V27_ABSOLUTE_WEIGHT_BYTES]
    RF_V27_ALIGN = {
    0x1c, 0x00, 0x00, 0x00, 0x00, 0x84, 0xb2, 0xab, 0x6c, 0x24, 0x73, 0xff,
    0xff, 0xff, 0xff, 0x42, 0xaa, 0xa6, 0x4f, 0x23, 0xf9, 0xff, 0xff, 0xff,
    0xff, 0x91, 0x31, 0xda, 0x7c, 0x24, 0x65, 0x00, 0x00, 0x00, 0x00, 0xbe,
    0xbd, 0x4b, 0x45, 0x23, 0x53, 0x00, 0x00, 0x00, 0x00, 0xd0, 0x2f, 0x76,
    0x75, 0x24, 0x09, 0xff, 0xff, 0xff, 0xff, 0x5d, 0xab, 0x21, 0x78, 0x24,
    0x2c, 0x00, 0x00, 0x00, 0x00, 0x0c, 0x05, 0x0a, 0x61, 0x24, 0x4f, 0x0f,
    0x00, 0x00, 0x00, 0x87, 0xc9, 0xc8, 0x74, 0x26, 0x8c, 0xfe, 0xff, 0xff,
    0xff, 0xfd, 0x9f, 0x66, 0x73, 0x25, 0x90, 0x00, 0x00, 0x00, 0x00, 0xf7,
    0xc7, 0x21, 0x6b, 0x24, 0x00, 0xff, 0xff, 0xff, 0xff, 0x3b, 0x3c, 0x1e,
    0x76, 0x24, 0xfd, 0xff, 0xff, 0xff, 0xff, 0x16, 0xea, 0x41, 0x4e, 0x23,
    0xb2, 0xff, 0xff, 0xff, 0xff, 0x36, 0x23, 0x71, 0x5b, 0x24, 0x69, 0xff,
    0xff, 0xff, 0xff, 0x95, 0x95, 0x38, 0x52, 0x24, 0xf6, 0x01, 0x00, 0x00,
    0x00, 0x35, 0x3d, 0x8a, 0x60, 0x24, 0xb1, 0xff, 0xff, 0xff, 0xff, 0x62,
    0x1f, 0x20, 0x57, 0x23, 0xf0, 0x05, 0x5c, 0x01, 0x0c, 0x0f, 0x0f, 0x1f,
    0xc9, 0x85, 0x67, 0x28, 0xc7, 0x30, 0x26, 0x01, 0x0f, 0x77, 0x74, 0x6d,
    0xfd, 0x24, 0x08, 0x41, 0x3e, 0x0f, 0x7f, 0xe2, 0xf1, 0x81, 0xcb, 0x36,
    0xa2, 0xc1, 0x05, 0x0f, 0x1e, 0x78, 0xfc, 0x20, 0x4e, 0x05, 0x48, 0x21,
    0x0f, 0x0f, 0x0f, 0x86, 0x1b, 0x9e, 0x4f, 0x87, 0x48, 0x1c, 0xfd, 0x0f,
    0x0f, 0x53, 0x33, 0xb7, 0x98, 0x18, 0xd5, 0x0f, 0x0d, 0x0f, 0xac, 0x0e,
    0xbf, 0xfc, 0x33, 0x05, 0x04, 0xfd, 0x0f, 0x0f, 0x0f, 0x2b, 0x1d, 0x2a,
    0x8d, 0xfc, 0x00, 0x22, 0x16, 0x0f, 0x1f, 0xe8, 0xf3, 0xc2, 0x0f, 0x72,
    0x50, 0x73, 0x03, 0x1f, 0x5a, 0x14, 0x49, 0x3a, 0x10, 0x93, 0x17, 0x35,
    0x0f, 0x0f, 0x0f, 0x3e, 0x6d, 0x50, 0x57, 0x8a, 0xe8, 0x57, 0x01, 0x0f,
    0x4f, 0x44, 0xf5, 0x37, 0x52, 0x11, 0x51, 0xe0, 0xfb, 0xff, 0x35, 0xe4,
    0x96, 0x8a, 0x3b, 0xfc, 0xa8, 0x44, 0xff, 0xff, 0xff, 0xff, 0xff, 0xff,
    0x0f, 0x0f, 0x0f, 0x0f, 0x6f, 0x9c, 0x63, 0xf2, 0x72, 0xc6, 0xdf, 0x26,
    0x01, 0x0f, 0x18, 0xfd, 0x84, 0xd2, 0x50, 0x74, 0xfd, 0x64, 0x0f, 0x0f,
    0x0f, 0x77, 0x2f, 0x4a, 0x0d, 0x41, 0x0f, 0x03, 0x6e, 0x0f, 0x7f, 0xd7,
    0xcf, 0x9b, 0xd2, 0x83, 0x54, 0x85, 0x00, 0x0f, 0x7e, 0x1e, 0xfd, 0x3f,
    0x58, 0x04, 0x1c, 0x22, 0x0f, 0x0f, 0x0f, 0x0f, 0x3d, 0xe9, 0x45, 0x4e,
    0xd6, 0x9c, 0x57, 0x0f, 0x6f, 0xd0, 0xcf, 0xd2, 0xe2, 0xd1, 0x4f, 0xd9,
    0x02, 0x0f, 0x96, 0x10, 0x82, 0x2e, 0x2e, 0x3a, 0x31, 0x71, 0x0f, 0x0f,
    0x0f, 0x15, 0x6b, 0x93, 0x62, 0x38, 0x11, 0x8a, 0x17, 0x0f, 0xcf, 0x71,
    0xd7, 0x92, 0x44, 0x45, 0xa5, 0x04, 0x04, 0x0f, 0x30, 0x69, 0xab, 0x2a,
    0x31, 0x89, 0x85, 0xff, 0xff, 0xff, 0xff, 0xff, 0xff, 0xff, 0xff, 0x0f,
    0xff, 0xff, 0xff, 0xff, 0xff, 0xff, 0xff, 0xff, 0xff, 0xff, 0xff, 0xff,
    0x82, 0xff, 0xff, 0xff, 0xff, 0x00, 0xb5, 0xda, 0x4c, 0x24, 0xc8, 0xf8,
    0xff, 0xff, 0xff, 0x00, 0x5a, 0x3a, 0x40, 0x25, 0x2b, 0xff, 0xff, 0xff,
    0xff, 0x80, 0x65, 0x8d, 0x41, 0x24, 0x03, 0x1a, 0x00, 0x00, 0x00, 0x00,
    0xea, 0x50, 0x5e, 0x26, 0xbc, 0x12, 0x00, 0x00, 0x00, 0x80, 0x5b, 0xb7,
    0x6c, 0x26, 0x4a, 0x11, 0x00, 0x00, 0x00, 0x80, 0x19, 0x47, 0x5f, 0x26,
    0xfd, 0x02, 0x00, 0x00, 0x00, 0x00, 0x7c, 0x19, 0x70, 0x25, 0x31, 0x02,
    0x00, 0x00, 0x00, 0x80, 0x87, 0xa3, 0x72, 0x24, 0x88, 0x06, 0x00, 0x00,
    0x00, 0x80, 0x0e, 0xd8, 0x6c, 0x25, 0xd3, 0x0f, 0x00, 0x00, 0x00, 0x80,
    0x5f, 0xb8, 0x6d, 0x26, 0x03, 0xf6, 0xff, 0xff, 0xff, 0x80, 0xf2, 0x37,
    0x47, 0x25, 0x08, 0x12, 0x00, 0x00, 0x00, 0x80, 0x19, 0xb6, 0x73, 0x26,
    0x83, 0xfd, 0xff, 0xff, 0xff, 0x80, 0xf3, 0x40, 0x69, 0x25, 0xaa, 0xf7,
    0xff, 0xff, 0xff, 0x00, 0xa5, 0xc6, 0x50, 0x25, 0xe1, 0x07, 0x00, 0x00,
    0x00, 0x00, 0xac, 0x50, 0x5e, 0x25, 0xab, 0x08, 0x00, 0x00, 0x00, 0x00,
    0x30, 0x74, 0x48, 0x25, 0x06, 0x02, 0x54, 0xf0, 0x0d, 0xf0, 0xef, 0xbf,
    0x71, 0x9f, 0x67, 0x37, 0x16, 0xf6, 0x95, 0x13, 0xf3, 0x22, 0xe2, 0xa1,
    0x5f, 0x5f, 0xde, 0x9d, 0x8d, 0xcd, 0xac, 0x7c, 0x2c, 0x6c, 0x3b, 0x1b,
    0xcb, 0x7a, 0x3a, 0x1a, 0x7a, 0xe5, 0x73, 0xa0, 0xb0, 0x02, 0x33, 0xe8,
    0xdd, 0xd9, 0x67, 0xbb, 0x94, 0x10, 0x89, 0xee, 0xc1, 0x83, 0xe7, 0xef,
    0xb6, 0x0a, 0xa1, 0x00, 0xc4, 0x6f, 0xd9, 0x73, 0x6e, 0xc2, 0x1c, 0x03,
    0x8c, 0xad, 0xf8, 0xe1, 0x74, 0xed, 0x1f, 0x89, 0x3f, 0x39, 0xe9, 0xb1,
    0x42, 0x40, 0x80, 0xe2, 0x02, 0x7f, 0x01, 0x20, 0x9e, 0xc1, 0x24, 0x00,
    0x00, 0x00, 0x00, 0x40, 0x30, 0x00, 0x00, 0x05, 0x00, 0xf7, 0x00, 0x4a,
    0x80, 0xf9, 0x59, 0xec, 0xb8, 0xb4, 0x84, 0xaa, 0xb9, 0x94, 0x8d, 0xf6,
    0x9d, 0x00, 0x12, 0xc8, 0x2f, 0xf6, 0x51, 0x3b, 0x41, 0x04, 0xda, 0x06,
    0x3b, 0x37, 0x27, 0x50, 0xc4, 0xfa, 0x67, 0xdb, 0x6e, 0x14, 0xf3, 0x65,
    0xf1, 0x6a, 0x77, 0x5e, 0x57, 0x33, 0x71, 0x03, 0x28, 0x00, 0x24, 0x0e,
    0x5e, 0x6f, 0x8d, 0x01, 0x00, 0x00, 0x00, 0x00, 0xfc, 0xff, 0xff, 0xff,
    0xff, 0xff, 0xff, 0xff, 0xff, 0xff, 0xff, 0xff, 0xff, 0xff, 0xff, 0xff,
    0xdb, 0xf4, 0xff, 0xff, 0xff, 0x80, 0xf6, 0x2c, 0x45, 0x25, 0x17, 0xfc,
    0xff, 0xff, 0xff, 0x80, 0xde, 0xe0, 0x4f, 0x25, 0x07, 0xfb, 0xff, 0xff,
    0xff, 0x00, 0xf4, 0x1f, 0x5c, 0x25, 0xd5, 0xf6, 0xff, 0xff, 0xff, 0x00,
    0x7c, 0xf5, 0x4f, 0x24, 0xe1, 0xf7, 0xff, 0xff, 0xff, 0x80, 0x19, 0x39,
    0x5e, 0x24, 0x25, 0xfe, 0xff, 0xff, 0xff, 0x00, 0x82, 0xdf, 0x6e, 0x24,
    0x15, 0xfb, 0xff, 0xff, 0xff, 0x00, 0xa7, 0x22, 0x69, 0x25, 0x8a, 0xff,
    0xff, 0xff, 0xff, 0x00, 0x02, 0x57, 0x4c, 0x25, 0x8c, 0xfe, 0xff, 0xff,
    0xff, 0x00, 0xec, 0x4c, 0x42, 0x24, 0x1a, 0xfc, 0xff, 0xff, 0xff, 0x80,
    0x43, 0x1c, 0x46, 0x24, 0xc8, 0xf3, 0xff, 0xff, 0xff, 0x00, 0x8f, 0xf5,
    0x4c, 0x25, 0x1b, 0xfc, 0xff, 0xff, 0xff, 0x80, 0xc9, 0x05, 0x71, 0x24,
    0x02, 0xfc, 0xff, 0xff, 0xff, 0x00, 0x2c, 0x88, 0x61, 0x25, 0x18, 0xfc,
    0xff, 0xff, 0xff, 0x80, 0xb0, 0xe6, 0x63, 0x25, 0x37, 0x02, 0x00, 0x00,
    0x00, 0x00, 0x83, 0xfa, 0x72, 0x25, 0x17, 0xf8, 0xff, 0xff, 0xff, 0x80,
    0x82, 0xbf, 0x44, 0x24, 0xb0, 0x07, 0x4c, 0xf1, 0xed, 0x7f, 0x20, 0xc0,
    0xb0, 0x60, 0x50, 0x40, 0x30, 0xf0, 0x80, 0x90, 0xd1, 0xb0, 0xe1, 0xa0,
    0x70, 0x31, 0x01, 0x11, 0x82, 0x51, 0x21, 0x91, 0xb0, 0x42, 0x11, 0x71,
    0xe2, 0xd1, 0x11, 0xd4, 0xc2, 0x2e, 0x00, 0x00, 0x7f, 0xe1, 0x07, 0x57,
    0x86, 0xbf, 0x00, 0x27, 0x08, 0x20, 0xb3, 0x9e, 0xdc, 0x92, 0x84, 0xa0,
    0xc0, 0xdc, 0x23, 0xe2, 0xc7, 0x7e, 0x00, 0x28, 0x80, 0xc2, 0x83, 0x4d,
    0x56, 0x05, 0x00, 0x94, 0x9c, 0x02, 0xd1, 0xe4, 0xa7, 0x01, 0xa0, 0xcf,
    0x6e, 0x94, 0xa1, 0xda, 0x51, 0xeb, 0x06, 0x42, 0xb2, 0x04, 0x00, 0xd5,
    0x0d, 0xd7, 0x34, 0x1a, 0x01, 0x40, 0x58, 0x84, 0xa9, 0xc0, 0x79, 0x90,
    0xd2, 0x0f, 0x3c, 0x2e, 0x44, 0x61, 0x7e, 0x26, 0xd7, 0xfc, 0x33, 0x00,
    0xe8, 0x13, 0xbf, 0xfc, 0x69, 0x86, 0xf9, 0x3f, 0xc0, 0xff, 0x99, 0xd4,
    0x8d, 0xe7, 0xdf, 0xde, 0x9d, 0x3f, 0x7f, 0xb5, 0x9d, 0xf2, 0xfd, 0x7f,
    0xff, 0x13, 0xed, 0xff, 0x3f, 0x8a, 0xfe, 0xff, 0xff, 0xff, 0xff, 0xff,
    0xff, 0xff, 0xff, 0xff, 0xff, 0xff, 0x1f, 0x40, 0xfd, 0x00, 0xc0, 0x9e,
    0xfe, 0x7a, 0xb3, 0x8d, 0xaf, 0x2f, 0x40, 0xf8, 0x56, 0x49, 0x52, 0xc5,
    0x98, 0xa2, 0xd4, 0xbb, 0x00, 0xe2, 0x53, 0x14, 0x4a, 0x19, 0xe4, 0x7d,
    0x00, 0x50, 0xf5, 0xa4, 0xd2, 0x37, 0x5f, 0x5f, 0xb4, 0x7d, 0x9f, 0x76,
    0x00, 0x58, 0x6f, 0xb2, 0xf4, 0x2f, 0xd5, 0xf8, 0xaa, 0x98, 0x39, 0x00,
    0x54, 0x01, 0xa3, 0xc8, 0xf7, 0xb8, 0x1b, 0x8c, 0xb2, 0xfa, 0x5f, 0x00,
    0xf0, 0x9e, 0x25, 0xc3, 0xd1, 0x23, 0x41, 0xf0, 0xf4, 0x02, 0x10, 0x5d,
    0x5c, 0x40, 0x52, 0x5c, 0xae, 0x00, 0x30, 0x8f, 0x40, 0x94, 0x76, 0x3e,
    0xfd, 0x0b, 0x1b, 0x7a, 0x0d, 0x00, 0x80, 0xbe, 0x3c, 0xfe, 0xff, 0xda,
    0xa7, 0x0f, 0xff, 0xff, 0xff, 0xff, 0xff, 0xff, 0xff, 0xff, 0xff, 0xff,
    0xff, 0xff, 0xff, 0xff, 0x0f, 0xff, 0xff, 0xff, 0xff, 0xff, 0xff, 0xff,
    0xff, 0xff, 0xff, 0xff, 0x73, 0x08, 0x00, 0x00, 0x00, 0x80, 0xdc, 0x15,
    0x42, 0x25, 0x98, 0xfd, 0xff, 0xff, 0xff, 0x80, 0xbb, 0x63, 0x4a, 0x25,
    0x1b, 0xf5, 0xff, 0xff, 0xff, 0x00, 0x74, 0x41, 0x70, 0x26, 0x11, 0x0b,
    0x00, 0x00, 0x00, 0x80, 0x5a, 0xd9, 0x4c, 0x25, 0x0f, 0x08, 0x00, 0x00,
    0x00, 0x80, 0x0b, 0xae, 0x63, 0x25, 0xe7, 0xf8, 0xff, 0xff, 0xff, 0x80,
    0x0d, 0xdc, 0x7b, 0x25, 0x68, 0xfa, 0xff, 0xff, 0xff, 0x80, 0xe1, 0xe6,
    0x4a, 0x25, 0x8d, 0xfc, 0xff, 0xff, 0xff, 0x00, 0x3c, 0x5a, 0x42, 0x25,
    0x3f, 0xf0, 0xff, 0xff, 0xff, 0x00, 0x3f, 0x9a, 0x53, 0x25, 0x3f, 0x0b,
    0x00, 0x00, 0x00, 0x00, 0xdc, 0xef, 0x56, 0x25, 0x99, 0xfb, 0xff, 0xff,
    0xff, 0x80, 0x97, 0x0f, 0x43, 0x25, 0x04, 0xe9, 0xff, 0xff, 0xff, 0x00,
    0xb7, 0xeb, 0x67, 0x26, 0xb8, 0xf3, 0xff, 0xff, 0xff, 0x80, 0x30, 0xdb,
    0x53, 0x26, 0x5c, 0x08, 0x00, 0x00, 0x00, 0x80, 0xdd, 0xf2, 0x44, 0x25,
    0x7d, 0xf6, 0xff, 0xff, 0xff, 0x00, 0x5b, 0xf4, 0x76, 0x26, 0x41, 0xf8,
    0xff, 0xff, 0xff, 0x80, 0x99, 0x99, 0x52, 0x25, 0xfe, 0x01, 0x4c, 0xf0,
    0x0d, 0xe0, 0xff, 0x4f, 0x0d, 0xe4, 0x2c, 0x7c, 0xdb, 0x7a, 0x0a, 0x6a,
    0xb8, 0xa7, 0x87, 0xb7, 0x96, 0x66, 0x46, 0x46, 0x35, 0x45, 0x34, 0xe4,
    0x82, 0x32, 0x22, 0x12, 0xf2, 0x01, 0xd1, 0x90, 0x10, 0xbd, 0xe6, 0xb5,
    0x54, 0x3c, 0x61, 0x84, 0x56, 0x46, 0x23, 0xab, 0x64, 0x11, 0x01, 0x63,
    0x45, 0xce, 0x00, 0xd0, 0xd2, 0x04, 0x00, 0xe4, 0xee, 0x0e, 0x57, 0xad,
    0x0c, 0x52, 0x82, 0x00, 0xe0, 0xcf, 0x61, 0xef, 0x00, 0x00, 0x00, 0xfc,
    0xff, 0xff, 0xff, 0xff, 0x80, 0x0e, 0x00, 0x00, 0x00, 0x80, 0x11, 0xb6,
    0x4a, 0x26, 0x4a, 0x18, 0x00, 0x00, 0x00, 0x80, 0x83, 0x05, 0x5c, 0x26,
    0x74, 0x01, 0x00, 0x00, 0x00, 0x00, 0x50, 0x22, 0x46, 0x25, 0x82, 0xf8,
    0xff, 0xff, 0xff, 0x00, 0xc9, 0xf7, 0x4d, 0x26, 0x6c, 0x0d, 0x00, 0x00,
    0x00, 0x00, 0x66, 0xdd, 0x49, 0x26, 0x9a, 0x16, 0x00, 0x00, 0x00, 0x00,
    0x78, 0x02, 0x75, 0x27, 0x92, 0x03, 0x00, 0x00, 0x00, 0x00, 0x76, 0x38,
    0x43, 0x25, 0x3c, 0x11, 0x00, 0x00, 0x00, 0x00, 0x2e, 0x91, 0x43, 0x26,
    0x4e, 0x02, 0x00, 0x00, 0x00, 0x00, 0xdf, 0x8a, 0x51, 0x26, 0x23, 0xfc,
    0xff, 0xff, 0xff, 0x80, 0x15, 0xcd, 0x51, 0x26, 0xa4, 0xf6, 0xff, 0xff,
    0xff, 0x00, 0xa5, 0xc0, 0x79, 0x26, 0x01, 0x16, 0x00, 0x00, 0x00, 0x00,
    0xd3, 0xa5, 0x44, 0x25, 0xf7, 0xf9, 0xff, 0xff, 0xff, 0x00, 0x48, 0xd2,
    0x72, 0x27, 0xc7, 0x0f, 0x00, 0x00, 0x00, 0x80, 0x2e, 0x1d, 0x62, 0x26,
    0xc6, 0xfd, 0xff, 0xff, 0xff, 0x80, 0xe6, 0x39, 0x45, 0x26, 0x15, 0x02,
    0x00, 0x00, 0x00, 0x80, 0x12, 0x24, 0x7e, 0x26, 0xe0, 0x07, 0x5c, 0x01,
    0x0c, 0x00, 0x10, 0x28, 0xfd, 0x80, 0xba, 0x79, 0x23, 0xb8, 0x00, 0x20,
    0x94, 0xac, 0x84, 0xf6, 0x77, 0xd4, 0x1f, 0x01, 0x00, 0xfd, 0x40, 0x54,
    0x41, 0xc8, 0x65, 0x73, 0x83, 0x42, 0x4c, 0x0e, 0x94, 0xd8, 0x29, 0xfc,
    0x0d, 0x00, 0xe0, 0x61, 0x83, 0xaa, 0x20, 0xdc, 0xff, 0x38, 0x05, 0x00,
    0xc6, 0x26, 0x71, 0xfd, 0x10, 0xa3, 0x91, 0x24, 0xaa, 0x65, 0x5f, 0x6f,
    0xfd, 0x0b, 0x64, 0x1f, 0x00, 0xb0, 0xb0, 0xde, 0xd1, 0x5f, 0x1a, 0xbd,
    0xc4, 0x09, 0x00, 0xa0, 0x0d, 0x43, 0x25, 0x59, 0x77, 0x5a, 0x9f, 0x4b,
    0xd9, 0x44, 0x9c, 0x8a, 0xb9, 0x25, 0x20, 0x00, 0xf0, 0xd1, 0xa1, 0xae,
    0x87, 0x85, 0xb5, 0xe3, 0x02, 0x00, 0xd2, 0x89, 0x87, 0xdd, 0x3a, 0x6c,
    0xb7, 0x77, 0xe5, 0xdc, 0x75, 0xb2, 0x83, 0x4d, 0x8b, 0x13, 0x00, 0x30,
    0x05, 0x46, 0xb4, 0x8a, 0xc4, 0x83, 0x3c, 0x02, 0xf0, 0x08, 0x50, 0x9e,
    0x4b, 0x4e, 0x09, 0x20, 0x3e, 0xff, 0x7f, 0x45, 0xb7, 0xa3, 0xa8, 0x41,
    0xa0, 0x3a, 0xf0, 0xff, 0xfd, 0x40, 0x78, 0x39, 0x4f, 0x67, 0xec, 0x29,
    0xff, 0xff, 0xff, 0xff, 0xff, 0xff, 0xff, 0xff, 0xff, 0xff, 0xff, 0xff,
    0x0f, 0x00, 0x00, 0x29, 0x10, 0x57, 0x63, 0x5a, 0x19, 0x00, 0x05, 0x00,
    0x60, 0xa1, 0xc3, 0x1f, 0x61, 0xe0, 0xb0, 0xf4, 0x02, 0x00, 0xab, 0x31,
    0x0b, 0x38, 0x91, 0x0b, 0xbf, 0x0f, 0x7b, 0x89, 0x7a, 0x02, 0x02, 0x3b,
    0x2d, 0xfc, 0x00, 0xd0, 0x77, 0xd9, 0x95, 0xb5, 0x10, 0x36, 0x76, 0x05,
    0x00, 0x17, 0xa6, 0xe0, 0x4d, 0x32, 0x72, 0xea, 0xdf, 0x13, 0x5b, 0xaf,
    0x3c, 0x02, 0x1b, 0xca, 0x7d, 0x00, 0xc0, 0xd6, 0xe6, 0xa5, 0x82, 0x32,
    0x05, 0x42, 0x05, 0x10, 0xfc, 0x6d, 0x0e, 0xa7, 0x9c, 0xbd, 0xb0, 0x50,
    0x8a, 0x7e, 0x03, 0x0a, 0x27, 0x94, 0xad, 0x55, 0x08, 0xd0, 0xcf, 0x50,
    0x90, 0x20, 0xc4, 0xa3, 0x23, 0x00, 0x00, 0x09, 0x92, 0x48, 0x15, 0x7a,
    0x59, 0xb2, 0xac, 0x27, 0x09, 0x6a, 0x6f, 0xfd, 0x53, 0x1a, 0x1a, 0x00,
    0xb4, 0x22, 0xd0, 0x3f, 0x52, 0x72, 0xd3, 0xd2, 0xf2, 0xff, 0x16, 0x06,
    0xa1, 0xfc, 0x4b, 0xff, 0xff, 0xff, 0xff, 0xff, 0xff, 0xff, 0xff, 0xff,
    0xff, 0xff, 0xff, 0xff, 0xff, 0x0f, 0xff, 0xff, 0xff, 0xff, 0xff, 0xff,
    0xff, 0xff, 0xff, 0xff, 0xff, 0xff, 0xff, 0xff, 0xd7, 0xe5, 0xff, 0xff,
    0xff, 0x80, 0x8a, 0x58, 0x43, 0x25, 0x9d, 0xfa, 0xff, 0xff, 0xff, 0x80,
    0x81, 0x04, 0x68, 0x25, 0x75, 0xf6, 0xff, 0xff, 0xff, 0x80, 0x64, 0x38,
    0x70, 0x26, 0xcb, 0x0b, 0x00, 0x00, 0x00, 0x00, 0xd0, 0x2e, 0x4a, 0x25,
    0x14, 0x00, 0x00, 0x00, 0x00, 0x00, 0x72, 0x9e, 0x62, 0x25, 0x5b, 0xfa,
    0xff, 0xff, 0xff, 0x00, 0x72, 0x3f, 0x41, 0x24, 0x2c, 0xf6, 0xff, 0xff,
    0xff, 0x80, 0x4b, 0x41, 0x40, 0x25, 0xc4, 0xf4, 0xff, 0xff, 0xff, 0x00,
    0xac, 0x81, 0x40, 0x25, 0xef, 0xf3, 0xff, 0xff, 0xff, 0x00, 0xb8, 0x8d,
    0x46, 0x25, 0x8b, 0x02, 0x00, 0x00, 0x00, 0x00, 0xb2, 0xbf, 0x53, 0x25,
    0xe3, 0xf2, 0xff, 0xff, 0xff, 0x00, 0x3b, 0xba, 0x42, 0x25, 0x9b, 0x00,
    0x00, 0x00, 0x00, 0x00, 0x30, 0xb5, 0x7c, 0x25, 0x94, 0xf8, 0xff, 0xff,
    0xff, 0x00, 0x95, 0xa6, 0x48, 0x25, 0x12, 0xfb, 0xff, 0xff, 0xff, 0x80,
    0xc0, 0x77, 0x5a, 0x25, 0x0e, 0xfc, 0xff, 0xff, 0xff, 0x80, 0x0e, 0x3f,
    0x64, 0x25, 0xc0, 0xf5, 0xff, 0xff, 0xff, 0x80, 0x28, 0x24, 0x56, 0x25,
    0xfe, 0x01, 0x4c, 0xe0, 0x0d, 0xe0, 0xff, 0x2f, 0xcb, 0x7a, 0x4a, 0x4f,
    0x1e, 0xcd, 0xeb, 0xea, 0xc9, 0x39, 0xe9, 0x38, 0x08, 0xa7, 0x56, 0xc6,
    0xa5, 0x95, 0xa5, 0x64, 0x34, 0xc4, 0xa3, 0x43, 0x23, 0xe3, 0xc0, 0xa0,
    0x86, 0x7a, 0x09, 0xd9, 0x1e, 0x65, 0x49, 0x30, 0x20, 0x51, 0xe8, 0xf7,
    0x14, 0x53, 0x23, 0x14, 0x10, 0x00, 0x00, 0xe7, 0x6c, 0x02, 0x49, 0xbc,
    0x88, 0xbc, 0x52, 0xb2, 0xd6, 0xdc, 0x00, 0x40, 0x44, 0x07, 0x29, 0x00,
    0x00, 0xc0, 0xff, 0xff, 0xff, 0xff, 0xff, 0xff, 0x00, 0xfd, 0xff, 0xff,
    0xff, 0x80, 0x0e, 0x86, 0x46, 0x25, 0xfa, 0xff, 0xff, 0xff, 0xff, 0x80,
    0x4b, 0x1b, 0x54, 0x25, 0xce, 0xfe, 0xff, 0xff, 0xff, 0x00, 0x40, 0xa1,
    0x7f, 0x26, 0xcd, 0xf7, 0xff, 0xff, 0xff, 0x00, 0xe4, 0x26, 0x78, 0x25,
    0x35, 0xfa, 0xff, 0xff, 0xff, 0x00, 0x39, 0x5c, 0x65, 0x25, 0xf1, 0xfc,
    0xff, 0xff, 0xff, 0x80, 0x3c, 0xac, 0x4b, 0x25, 0x5d, 0xf4, 0xff, 0xff,
    0xff, 0x80, 0xf8, 0x02, 0x41, 0x25, 0x65, 0xf8, 0xff, 0xff, 0xff, 0x80,
    0x67, 0xe4, 0x71, 0x26, 0x0d, 0xf9, 0xff, 0xff, 0xff, 0x80, 0xc8, 0x0c,
    0x4c, 0x25, 0xcd, 0xf6, 0xff, 0xff, 0xff, 0x80, 0xec, 0xc8, 0x41, 0x24,
    0x4e, 0xfa, 0xff, 0xff, 0xff, 0x00, 0xd0, 0x46, 0x75, 0x26, 0x69, 0xf9,
    0xff, 0xff, 0xff, 0x80, 0x48, 0x9f, 0x60, 0x25, 0x94, 0xf6, 0xff, 0xff,
    0xff, 0x00, 0x63, 0xaf, 0x41, 0x25, 0xd3, 0xf7, 0xff, 0xff, 0xff, 0x80,
    0x5a, 0x75, 0x4e, 0x25, 0x5b, 0xf4, 0xff, 0xff, 0xff, 0x80, 0x8e, 0x5d,
    0x72, 0x26, 0x26, 0xfa, 0xff, 0xff, 0xff, 0x80, 0x0a, 0xdb, 0x4a, 0x25,
    0xb0, 0x07, 0x50, 0xf1, 0xed, 0x2f, 0xe0, 0x90, 0xb1, 0xa0, 0x80, 0x50,
    0x30, 0x00, 0x91, 0x70, 0x60, 0x40, 0x50, 0xb1, 0x42, 0xf1, 0xd0, 0xc0,
    0xf0, 0xb1, 0x11, 0xa1, 0x71, 0x31, 0x01, 0xd3, 0xa2, 0x62, 0x22, 0x02,
    0xa2, 0x83, 0x00, 0xe0, 0x4c, 0x08, 0x40, 0x32, 0x77, 0x66, 0x51, 0x00,
    0xa0, 0xf2, 0x51, 0xbe, 0x40, 0xd3, 0x9b, 0xda, 0x5c, 0xb3, 0x40, 0xc0,
    0x81, 0x66, 0x3f, 0xa8, 0xaa, 0x61, 0x00, 0x60, 0x88, 0xff, 0x02, 0x28,
    0x03, 0xcc, 0x00, 0x60, 0x02, 0x69, 0x1b, 0x6a, 0x92, 0x25, 0x00, 0x00,
    0x58, 0x3b, 0x03, 0x6b, 0x03, 0xf3, 0x7c, 0x00, 0x18, 0x13, 0x2f, 0x40,
    0x47, 0x9d, 0x16, 0xb3, 0x01, 0x3c, 0xb2, 0x18, 0xb0, 0xba, 0x3b, 0x01,
    0xc0, 0x70, 0x52, 0xc1, 0x34, 0x21, 0xbf, 0x83, 0x00, 0xb0, 0x8d, 0x53,
    0x51, 0x45, 0x39, 0xc1, 0x00, 0x00, 0x20, 0xcb, 0x72, 0xaf, 0x78, 0x05,
    0x10, 0x6f, 0x9c, 0x4b, 0x8e, 0x2a, 0xfa, 0x6c, 0xbd, 0xf9, 0xff, 0xeb,
    0xf8, 0x3b, 0xe6, 0xb1, 0x88, 0xfe, 0x1f, 0x8d, 0x57, 0x45, 0xff, 0xff,
    0xff, 0xff, 0xff, 0xff, 0xff, 0xff, 0xff, 0xff, 0xff, 0xff, 0x1f, 0xe0,
    0x73, 0x00, 0x60, 0x64, 0x3d, 0x00, 0x00, 0x72, 0xd8, 0x21, 0x0b, 0x97,
    0x98, 0x02, 0x87, 0xb4, 0x4d, 0x6a, 0x92, 0x0d, 0x00, 0x2c, 0xa7, 0x33,
    0xe8, 0x35, 0xc8, 0x81, 0x0d, 0x00, 0xb0, 0x52, 0xcd, 0x24, 0x3a, 0x0b,
    0xdc, 0x08, 0x01, 0x20, 0x80, 0x5f, 0xb5, 0x75, 0x0a, 0x1b, 0x04, 0x0e,
    0x84, 0x68, 0x95, 0x14, 0xe0, 0xa7, 0x3e, 0xde, 0xfe, 0x40, 0x00, 0x00,
    0x4c, 0xe1, 0x20, 0xed, 0x18, 0x00, 0x3a, 0x09, 0x34, 0x32, 0x0a, 0xea,
    0x31, 0x8d, 0x0f, 0x00, 0x68, 0xca, 0x2b, 0x70, 0x61, 0x02, 0x03, 0xb1,
    0x10, 0x84, 0x20, 0x57, 0x80, 0xd7, 0x6d, 0x60, 0x8d, 0x37, 0x67, 0x00,
    0xf8, 0x7f, 0xf8, 0xff, 0xff, 0xff, 0xff, 0xff, 0xff, 0xff, 0xff, 0xff,
    0xff, 0xff, 0xff, 0xff, 0x7f, 0xf8, 0xff, 0xff, 0xff, 0xff, 0xff, 0xff,
    0x4b, 0xfa, 0xff, 0xff, 0xff, 0x00, 0x96, 0xad, 0x54, 0x25, 0x32, 0x15,
    0x00, 0x00, 0x00, 0x80, 0x62, 0x3c, 0x6e, 0x26, 0x6c, 0xfe, 0xff, 0xff,
    0xff, 0x00, 0xec, 0x5f, 0x53, 0x26, 0x07, 0x08, 0x00, 0x00, 0x00, 0x00,
    0x3d, 0xfc, 0x45, 0x25, 0xfa, 0x00, 0x00, 0x00, 0x00, 0x00, 0x16, 0x40,
    0x6f, 0x26, 0x93, 0x07, 0x00, 0x00, 0x00, 0x80, 0x4e, 0xb1, 0x56, 0x26,
    0x20, 0xff, 0xff, 0xff, 0xff, 0x00, 0x5e, 0x31, 0x77, 0x26, 0xe2, 0xfb,
    0xff, 0xff, 0xff, 0x80, 0xa0, 0x51, 0x59, 0x25, 0xf4, 0xfe, 0xff, 0xff,
    0xff, 0x80, 0x81, 0xa3, 0x71, 0x26, 0xe0, 0x14, 0x00, 0x00, 0x00, 0x00,
    0x8a, 0x84, 0x44, 0x26, 0xc0, 0xfa, 0xff, 0xff, 0xff, 0x80, 0x04, 0x47,
    0x47, 0x25, 0x19, 0xf0, 0xff, 0xff, 0xff, 0x00, 0x4a, 0x75, 0x54, 0x26,
    0xc1, 0xf8, 0xff, 0xff, 0xff, 0x00, 0x94, 0x98, 0x46, 0x25, 0x83, 0xf8,
    0xff, 0xff, 0xff, 0x80, 0x44, 0xce, 0x6d, 0x26, 0xd5, 0xf6, 0xff, 0xff,
    0xff, 0x80, 0x81, 0x99, 0x78, 0x26, 0x9e, 0x0f, 0x00, 0x00, 0x00, 0x80,
    0xb3, 0xe7, 0x54, 0x26, 0x86, 0x01, 0x54, 0xf0, 0x0d, 0xe0, 0xff, 0xbf,
    0x5e, 0x5e, 0x0b, 0xda, 0x17, 0xa4, 0xd3, 0xf1, 0xc0, 0x7f, 0xdf, 0xce,
    0x5d, 0xcd, 0xbb, 0x9b, 0x0b, 0xcb, 0x9a, 0x3a, 0x2a, 0xd9, 0xf8, 0xc7,
    0x87, 0xb7, 0x76, 0x56, 0x16, 0x58, 0x0f, 0xa3, 0xfe, 0x8b, 0x9b, 0xf6,
    0x8f, 0x31, 0x10, 0x0e, 0x02, 0x5f, 0x24, 0x44, 0x87, 0x99, 0xb1, 0x80,
    0xf5, 0x32, 0x57, 0x44, 0x86, 0xe1, 0x00, 0xa5, 0x70, 0x5e, 0x48, 0x3c,
    0x04, 0x00, 0x38, 0xa2, 0x40, 0x00, 0x00, 0x00, 0x00, 0x00, 0x60, 0x08,
    0x00, 0x00, 0x00, 0x3c, 0x58, 0xc3, 0x00, 0xc8, 0x87, 0xae, 0xe2, 0xfe,
    0xbb, 0x79, 0x63, 0xbb, 0x15, 0xf8, 0xef, 0xe5, 0x74, 0xa0, 0x0e, 0x02,
    0xa1, 0x61, 0xa1, 0x7f, 0x70, 0x61, 0x09, 0xda, 0x08, 0x0a, 0x24, 0x00,
    0xa8, 0x02, 0x9d, 0x3c, 0x00, 0x00, 0x00, 0x00, 0x00, 0x30, 0x03, 0x00,
    0x01, 0x00, 0x00, 0xfc, 0xff, 0xff, 0xff, 0xff, 0xff, 0xff, 0xff, 0xff,
    0xff, 0xff, 0xff, 0xff, 0x17, 0x07, 0x00, 0x00, 0x00, 0x00, 0x8f, 0x49,
    0x4e, 0x26, 0xd2, 0xf6, 0xff, 0xff, 0xff, 0x80, 0xb1, 0xb6, 0x74, 0x27,
    0xf8, 0x18, 0x00, 0x00, 0x00, 0x00, 0x22, 0x22, 0x79, 0x27, 0x67, 0xf6,
    0xff, 0xff, 0xff, 0x80, 0x44, 0xf9, 0x44, 0x25, 0x11, 0x02, 0x00, 0x00,
    0x00, 0x00, 0x91, 0x80, 0x44, 0x26, 0x39, 0xfb, 0xff, 0xff, 0xff, 0x80,
    0xd0, 0x35, 0x71, 0x26, 0xfb, 0x1d, 0x00, 0x00, 0x00, 0x00, 0x8d, 0x40,
    0x59, 0x26, 0x0f, 0x04, 0x00, 0x00, 0x00, 0x00, 0x05, 0x78, 0x40, 0x25,
    0x92, 0xfe, 0xff, 0xff, 0xff, 0x00, 0x1c, 0x43, 0x4f, 0x26, 0xb9, 0x13,
    0x00, 0x00, 0x00, 0x00, 0x8c, 0xa5, 0x55, 0x26, 0x26, 0xfb, 0xff, 0xff,
    0xff, 0x00, 0x49, 0x72, 0x64, 0x26, 0x36, 0x01, 0x00, 0x00, 0x00, 0x00,
    0xa8, 0xc4, 0x4c, 0x26, 0x93, 0xfc, 0xff, 0xff, 0xff, 0x00, 0x51, 0xba,
    0x50, 0x26, 0xe6, 0x2b, 0x00, 0x00, 0x00, 0x00, 0x8b, 0x06, 0x6a, 0x27,
    0xeb, 0x00, 0x00, 0x00, 0x00, 0x00, 0xeb, 0x24, 0x78, 0x26, 0x24, 0xee,
    0xff, 0xff, 0xff, 0x00, 0x27, 0xcf, 0x67, 0x26, 0xf8, 0x07, 0x5c, 0x01,
    0x0c, 0x00, 0xf9, 0xbb, 0x28, 0xc4, 0x22, 0x6f, 0xfc, 0x4e, 0x00, 0xc0,
    0x8f, 0x02, 0x8e, 0x08, 0x03, 0x31, 0x05, 0x05, 0x00, 0x02, 0x95, 0xfd,
    0x64, 0xd1, 0x67, 0x73, 0x19, 0x7a, 0xfc, 0x09, 0x42, 0x96, 0x12, 0x3f,
    0x8f, 0x00, 0x90, 0x07, 0xea, 0x25, 0x6a, 0x50, 0xe2, 0x95, 0x0a, 0x00,
    0x23, 0x2a, 0x03, 0x43, 0x3b, 0xfc, 0x67, 0x3e, 0xc5, 0xfd, 0x2a, 0x6b,
    0x23, 0x06, 0x28, 0xb1, 0x00, 0x90, 0x62, 0x55, 0xa5, 0xd3, 0x73, 0x97,
    0xd5, 0x06, 0x00, 0xb4, 0x64, 0xaf, 0x21, 0x94, 0x3d, 0x44, 0x09, 0x97,
    0x53, 0xd3, 0xdf, 0x38, 0xdb, 0x38, 0x98, 0x00, 0x30, 0xde, 0xba, 0xca,
    0xcd, 0x20, 0x11, 0x60, 0x02, 0x00, 0x0c, 0x72, 0x07, 0x09, 0xb1, 0x47,
    0x51, 0x22, 0xfd, 0x34, 0xbc, 0x5b, 0x61, 0x18, 0x2f, 0x16, 0x00, 0xa0,
    0xd2, 0x04, 0x17, 0x80, 0x10, 0xa5, 0x8e, 0x0c, 0xf0, 0x86, 0x34, 0x9f,
    0x12, 0x3e, 0x10, 0x1b, 0x99, 0xff, 0xcf, 0x5f, 0xcb, 0x37, 0xd1, 0x66,
    0x43, 0x40, 0xf3, 0xff, 0x3e, 0x79, 0x01, 0x9c, 0x46, 0x28, 0x38, 0x58,
    0xff, 0xff, 0xff, 0xff, 0xff, 0xff, 0xff, 0xff, 0xff, 0xff, 0xff, 0xff,
    0x0f, 0x00, 0x00, 0x8a, 0x49, 0x78, 0x39, 0x26, 0x4f, 0x6f, 0xb6, 0x00,
    0xd0, 0x0f, 0xea, 0x60, 0xc9, 0xe5, 0x57, 0xe2, 0x00, 0x00, 0x6e, 0x32,
    0x35, 0x38, 0x51, 0xa0, 0x42, 0xfc, 0x52, 0x0e, 0x8f, 0x6f, 0x1b, 0x60,
    0x23, 0x74, 0x00, 0x50, 0x6f, 0x85, 0x53, 0xf9, 0x9c, 0xd1, 0xad, 0x00,
    0x00, 0xc6, 0x5d, 0xfc, 0x9f, 0x1f, 0x4a, 0x11, 0x2e, 0x48, 0xc0, 0x7e,
    0x00, 0x0a, 0x38, 0x00, 0x0b, 0x00, 0x20, 0x93, 0x70, 0xa7, 0xc6, 0xcf,
    0xd2, 0x38, 0x00, 0x00, 0xe7, 0x04, 0x1e, 0x3b, 0x1b, 0x24, 0xfd, 0x73,
    0x14, 0x48, 0x43, 0x84, 0x5b, 0x34, 0x9b, 0x03, 0x00, 0x10, 0x14, 0xb6,
    0x72, 0x83, 0xd5, 0x72, 0x46, 0x0d, 0x00, 0x26, 0xcf, 0x1a, 0x98, 0x9c,
    0xfc, 0x6b, 0x46, 0x01, 0xe4, 0xd7, 0xe9, 0x6d, 0xe7, 0xfd, 0xdd, 0x00,
    0x90, 0x50, 0x50, 0x62, 0x51, 0x8e, 0x42, 0x56, 0xf7, 0xff, 0x5b, 0x3a,
    0x1a, 0xae, 0xd9, 0x24, 0xfc, 0xfd, 0xff, 0xff, 0xff, 0xff, 0xff, 0xff,
    0xff, 0xff, 0xff, 0xff, 0xff, 0xff, 0xff, 0xff, 0x0f, 0xff, 0xff, 0xff,
    0xff, 0xff, 0xff, 0xff, 0xff, 0xff, 0xff, 0xff, 0xe0, 0x0e, 0x00, 0x00,
    0x00, 0x80, 0x2a, 0x8a, 0x51, 0x26, 0xfd, 0x07, 0x00, 0x00, 0x00, 0x80,
    0x59, 0x2b, 0x62, 0x25, 0x35, 0x0b, 0x00, 0x00, 0x00, 0x00, 0x1f, 0xf5,
    0x4b, 0x24, 0xe9, 0x02, 0x00, 0x00, 0x00, 0x00, 0xfb, 0x12, 0x54, 0x25,
    0xe8, 0x01, 0x00, 0x00, 0x00, 0x00, 0xb3, 0x5b, 0x6b, 0x25, 0x1f, 0x01,
    0x00, 0x00, 0x00, 0x80, 0xfd, 0xe0, 0x5b, 0x25, 0x50, 0x13, 0x00, 0x00,
    0x00, 0x00, 0x5d, 0xf5, 0x72, 0x26, 0x2b, 0x10, 0x00, 0x00, 0x00, 0x00,
    0x6b, 0x08, 0x4b, 0x26, 0xc0, 0xfd, 0xff, 0xff, 0xff, 0x80, 0x4e, 0x54,
    0x5e, 0x26, 0xc0, 0x09, 0x00, 0x00, 0x00, 0x80, 0x5e, 0xf7, 0x5e, 0x25,
    0xa9, 0xf1, 0xff, 0xff, 0xff, 0x80, 0x80, 0x5d, 0x48, 0x25, 0x0c, 0xf9,
    0xff, 0xff, 0xff, 0x80, 0xcb, 0x0e, 0x7b, 0x26, 0x31, 0x04, 0x00, 0x00,
    0x00, 0x00, 0x63, 0xd5, 0x43, 0x25, 0x53, 0xf3, 0xff, 0xff, 0xff, 0x00,
    0xe8, 0xee, 0x43, 0x24, 0xff, 0x19, 0x00, 0x00, 0x00, 0x80, 0xda, 0xe2,
    0x46, 0x26, 0xf0, 0x1c, 0x00, 0x00, 0x00, 0x00, 0x6e, 0x82, 0x45, 0x26,
    0xfe, 0x03, 0x54, 0xf0, 0x0d, 0xf0, 0xef, 0xdf, 0xe0, 0x29, 0x75, 0x31,
    0x3c, 0x6a, 0x59, 0x59, 0x18, 0xc6, 0x95, 0xd5, 0x64, 0xe3, 0xf2, 0x81,
    0xd0, 0x7f, 0x1f, 0xde, 0xbd, 0x7d, 0x6d, 0x0d, 0xcd, 0xbc, 0x9c, 0x7c,
    0x6c, 0x8c, 0x5f, 0xbe, 0xf5, 0xdd, 0x93, 0xca, 0x45, 0x1c, 0xc3, 0x9a,
    0x53, 0x63, 0x94, 0x77, 0xc8, 0x4f, 0x02, 0x0f, 0x3d, 0x04, 0x8f, 0x1a,
    0xe6, 0xff, 0x7c, 0x58, 0x24, 0x22, 0xbb, 0xb7, 0xe2, 0x0e, 0x65, 0x35,
    0x46, 0x98, 0xba, 0x04, 0x90, 0x4b, 0x98, 0x06, 0x58, 0xfa, 0xa9, 0x1c,
    0x48, 0x6b, 0x7a, 0x50, 0xf9, 0xeb, 0x5e, 0x00, 0x00, 0x00, 0x00, 0x78,
    0xe3, 0x1d, 0x88, 0x3e, 0x0a, 0xc5, 0xe6, 0x2d, 0xec, 0x5f, 0x04, 0x53,
    0x2c, 0xcc, 0xb5, 0xd0, 0x42, 0x95, 0x41, 0x20, 0x0d, 0x4e, 0x11, 0x2a,
    0x59, 0x50, 0x6a, 0x27, 0x7c, 0x53, 0xb9, 0x42, 0x76, 0x6c, 0xf3, 0x0d,
    0xf9, 0xbe, 0x1f, 0x96, 0x84, 0xd0, 0xde, 0x06, 0x00, 0x54, 0x49, 0xb0,
    0x68, 0x64, 0x00, 0x00, 0x00, 0x00, 0x80, 0xff, 0xff, 0xff, 0xff, 0xff,
    0xff, 0xff, 0xff, 0xff, 0x45, 0xfb, 0xff, 0xff, 0xff, 0x80, 0xf3, 0xbd,
    0x42, 0x24, 0x9b, 0xf5, 0xff, 0xff, 0xff, 0x80, 0x8a, 0xe4, 0x48, 0x24,
    0xbf, 0xfa, 0xff, 0xff, 0xff, 0x80, 0x0c, 0x25, 0x77, 0x25, 0x9e, 0xf8,
    0xff, 0xff, 0xff, 0x80, 0x37, 0xc7, 0x68, 0x25, 0x28, 0xf9, 0xff, 0xff,
    0xff, 0x00, 0x05, 0x80, 0x75, 0x25, 0x21, 0xf9, 0xff, 0xff, 0xff, 0x80,
    0xb3, 0x21, 0x5a, 0x25, 0x73, 0xf6, 0xff, 0xff, 0xff, 0x00, 0x62, 0x33,
    0x4a, 0x24, 0x41, 0xf8, 0xff, 0xff, 0xff, 0x80, 0x5a, 0x7c, 0x50, 0x24,
    0xc1, 0xfb, 0xff, 0xff, 0xff, 0x00, 0xe3, 0x27, 0x44, 0x25, 0x96, 0xf5,
    0xff, 0xff, 0xff, 0x00, 0x6d, 0xc2, 0x67, 0x25, 0x04, 0xff, 0xff, 0xff,
    0xff, 0x00, 0x0f, 0x0a, 0x5f, 0x25, 0xbb, 0xff, 0xff, 0xff, 0xff, 0x00,
    0x41, 0x34, 0x47, 0x25, 0x27, 0xf8, 0xff, 0xff, 0xff, 0x00, 0x09, 0x05,
    0x5b, 0x25, 0xe7, 0xf7, 0xff, 0xff, 0xff, 0x00, 0x36, 0x91, 0x46, 0x25,
    0xce, 0xf8, 0xff, 0xff, 0xff, 0x00, 0x57, 0x5a, 0x70, 0x24, 0x5e, 0xf9,
    0xff, 0xff, 0xff, 0x00, 0xb2, 0x7a, 0x62, 0x24, 0xe0, 0x07, 0x50, 0xf1,
    0xed, 0x2f, 0xb0, 0x11, 0x61, 0xf1, 0x60, 0x30, 0x20, 0x02, 0x91, 0x70,
    0x70, 0x12, 0x92, 0x51, 0x31, 0x21, 0xe1, 0xb0, 0xa0, 0x80, 0x50, 0x40,
    0x30, 0xf2, 0x81, 0xd1, 0xc0, 0x80, 0xd2, 0x31, 0x63, 0x60, 0x00, 0x30,
    0xef, 0x01, 0x03, 0x82, 0x72, 0xf1, 0x82, 0x00, 0x00, 0x09, 0x7c, 0x2a,
    0x36, 0x40, 0x66, 0x00, 0x00, 0x90, 0x22, 0x3f, 0xb5, 0xe0, 0xdd, 0xa6,
    0xec, 0x04, 0xb7, 0x01, 0x80, 0x71, 0xec, 0x2b, 0xb0, 0xe6, 0x87, 0xfc,
    0x39, 0x00, 0xe4, 0x74, 0x0b, 0xa1, 0x75, 0x3a, 0x98, 0x1c, 0x1b, 0x60,
    0x40, 0xfa, 0x11, 0x00, 0x52, 0xa2, 0x92, 0x18, 0x6e, 0xd7, 0x79, 0x00,
    0xe0, 0xd1, 0xd9, 0xe2, 0x52, 0x2e, 0x9c, 0x0d, 0x00, 0x7e, 0x13, 0xe4,
    0x98, 0x50, 0x13, 0x81, 0x19, 0x6c, 0x75, 0xce, 0x24, 0x00, 0x0c, 0xe9,
    0x4c, 0x5d, 0x63, 0xe3, 0xc6, 0x6c, 0x00, 0x00, 0xaa, 0x3e, 0x9d, 0x4e,
    0x41, 0x75, 0x5c, 0x80, 0xb7, 0xba, 0xa1, 0x61, 0x71, 0x30, 0xed, 0x61,
    0xff, 0xbf, 0xc1, 0x66, 0x46, 0x80, 0xf1, 0xff, 0x45, 0xe3, 0x9c, 0x20,
    0xad, 0xfe, 0xff, 0xff, 0xff, 0xff, 0xff, 0xff, 0xff, 0xff, 0xff, 0xff,
    0xff, 0x1f, 0x00, 0xeb, 0x01, 0x60, 0x6e, 0x7f, 0x00, 0x70, 0x43, 0xb3,
    0x1c, 0xf0, 0xf7, 0xeb, 0x41, 0x74, 0x41, 0xaf, 0xb9, 0x26, 0x00, 0x00,
    0x7f, 0xde, 0xef, 0xc2, 0xc6, 0x1d, 0x00, 0x00, 0x8a, 0x29, 0x57, 0x09,
    0xd1, 0x2a, 0xc0, 0x05, 0x80, 0x91, 0x98, 0x44, 0x68, 0x7e, 0x67, 0x26,
    0x17, 0x01, 0x60, 0x56, 0x42, 0xc0, 0x92, 0xc5, 0x18, 0x07, 0x00, 0x6f,
    0x00, 0xce, 0x1b, 0x9b, 0x6a, 0xb4, 0x96, 0x87, 0x46, 0xba, 0x7c, 0xac,
    0x00, 0x00, 0xd0, 0x80, 0xe4, 0x0a, 0xe3, 0x9b, 0x05, 0x80, 0x9c, 0x10,
    0xa0, 0x5b, 0x9f, 0x14, 0x07, 0xae, 0x00, 0x00, 0xa3, 0xbc, 0x22, 0xe5,
    0xf5, 0xff, 0x10, 0xa7, 0xb6, 0x3b, 0x04, 0xff, 0xff, 0xff, 0xff, 0xff,
    0xff, 0xff, 0xff, 0xff, 0xff, 0xff, 0xff, 0xff, 0xff, 0x0f, 0xff, 0xff,
    0xff, 0xff, 0xff, 0xff, 0xff, 0xff, 0xff, 0xff, 0xff, 0xff, 0xff, 0xff,
    0x6e, 0xfd, 0xff, 0xff, 0xff, 0x00, 0xcc, 0x31, 0x51, 0x24, 0x2b, 0xec,
    0xff, 0xff, 0xff, 0x00, 0xa7, 0x69, 0x74, 0x26, 0x7c, 0x14, 0x00, 0x00,
    0x00, 0x00, 0x75, 0x87, 0x66, 0x26, 0x72, 0x07, 0x00, 0x00, 0x00, 0x00,
    0x54, 0x66, 0x4b, 0x25, 0x26, 0x13, 0x00, 0x00, 0x00, 0x80, 0x7b, 0x7a,
    0x75, 0x26, 0xcb, 0x0f, 0x00, 0x00, 0x00, 0x80, 0xf4, 0x4c, 0x57, 0x26,
    0x3f, 0xf2, 0xff, 0xff, 0xff, 0x80, 0x19, 0xc6, 0x75, 0x26, 0x51, 0xf4,
    0xff, 0xff, 0xff, 0x00, 0x17, 0x44, 0x67, 0x26, 0x6d, 0xf9, 0xff, 0xff,
    0xff, 0x00, 0x42, 0x8c, 0x67, 0x26, 0x04, 0x0f, 0x00, 0x00, 0x00, 0x00,
    0x5d, 0xd3, 0x42, 0x25, 0x22, 0x06, 0x00, 0x00, 0x00, 0x00, 0x3a, 0x64,
    0x42, 0x25, 0x7e, 0xf5, 0xff, 0xff, 0xff, 0x80, 0x3a, 0xeb, 0x54, 0x26,
    0x6e, 0x0a, 0x00, 0x00, 0x00, 0x00, 0xfc, 0xc3, 0x6c, 0x26, 0x1f, 0xef,
    0xff, 0xff, 0xff, 0x80, 0x64, 0x54, 0x6a, 0x26, 0x58, 0x12, 0x00, 0x00,
    0x00, 0x80, 0x58, 0xa6, 0x79, 0x26, 0xbe, 0x16, 0x00, 0x00, 0x00, 0x80,
    0x51, 0x05, 0x5c, 0x26, 0xfe, 0x01, 0x5c, 0xe0, 0x0d, 0xf0, 0xef, 0xcf,
    0x3d, 0xd8, 0xa6, 0x6e, 0x1e, 0x5e, 0x1c, 0x0b, 0x1b, 0xf9, 0x88, 0xf8,
    0x87, 0x57, 0xb7, 0x66, 0x55, 0xa5, 0x94, 0x54, 0xe4, 0x93, 0x23, 0xd3,
    0xb1, 0xa1, 0x20, 0xb0, 0x45, 0xf0, 0x5c, 0x8a, 0x5a, 0x60, 0xb2, 0x25,
    0x3a, 0x21, 0x30, 0x09, 0x21, 0x90, 0x05, 0x00, 0x00, 0x00, 0x00, 0x70,
    0x9b, 0x1a, 0x73, 0x84, 0x20, 0x7a, 0x10, 0x48, 0xd0, 0x60, 0xc2, 0xc9,
    0x41, 0xb3, 0x07, 0x00, 0x00, 0x00, 0x00, 0xf0, 0xff, 0xff, 0xff, 0xff,
    0xe1, 0xf5, 0xff, 0xff, 0xff, 0x00, 0x22, 0x3f, 0x5c, 0x26, 0xbe, 0x0f,
    0x00, 0x00, 0x00, 0x00, 0x4e, 0x8a, 0x4a, 0x25, 0x2f, 0x18, 0x00, 0x00,
    0x00, 0x00, 0x31, 0xc8, 0x65, 0x26, 0xe8, 0xff, 0xff, 0xff, 0xff, 0x80,
    0xdb, 0x4b, 0x4e, 0x25, 0x5c, 0x04, 0x00, 0x00, 0x00, 0x00, 0x5a, 0xbd,
    0x60, 0x26, 0x7c, 0xf5, 0xff, 0xff, 0xff, 0x00, 0xf6, 0x90, 0x4b, 0x25,
    0x8b, 0x14, 0x00, 0x00, 0x00, 0x00, 0x93, 0xcb, 0x69, 0x26, 0x6b, 0x04,
    0x00, 0x00, 0x00, 0x80, 0xe7, 0xba, 0x63, 0x26, 0xe0, 0xf1, 0xff, 0xff,
    0xff, 0x80, 0xb9, 0xaa, 0x6a, 0x26, 0x30, 0x15, 0x00, 0x00, 0x00, 0x00,
    0x81, 0x08, 0x6b, 0x26, 0x30, 0x15, 0x00, 0x00, 0x00, 0x00, 0x30, 0x85,
    0x40, 0x25, 0x19, 0x11, 0x00, 0x00, 0x00, 0x00, 0x09, 0x06, 0x4d, 0x25,
    0x05, 0xf1, 0xff, 0xff, 0xff, 0x80, 0x0a, 0xd5, 0x4a, 0x26, 0xbc, 0xed,
    0xff, 0xff, 0xff, 0x00, 0x0e, 0xef, 0x72, 0x26, 0x27, 0x02, 0x00, 0x00,
    0x00, 0x00, 0x95, 0x82, 0x56, 0x26, 0xfb, 0xf7, 0xff, 0xff, 0xff, 0x00,
    0xf6, 0x43, 0x7f, 0x26, 0xf0, 0x07, 0x5c, 0x01, 0x0c, 0x00, 0x36, 0x62,
    0x33, 0xfc, 0x24, 0x12, 0x59, 0xed, 0x00, 0x58, 0x24, 0x38, 0xd2, 0x31,
    0x6b, 0x25, 0xb7, 0x06, 0x00, 0x86, 0xc4, 0x26, 0x33, 0xfb, 0x8a, 0xfd,
    0x71, 0x72, 0x37, 0x35, 0xfd, 0x58, 0x12, 0x40, 0x84, 0x00, 0xf0, 0xc3,
    0x79, 0x07, 0xf7, 0x47, 0x68, 0x09, 0x03, 0x00, 0x63, 0xfc, 0x44, 0x34,
    0x96, 0x32, 0x00, 0xfd, 0x22, 0x9d, 0x6d, 0x95, 0x91, 0x29, 0x01, 0x2e,
    0x00, 0x30, 0xc4, 0xb9, 0x49, 0x31, 0xca, 0xc1, 0x1f, 0x0b, 0x00, 0xd9,
    0x5e, 0x65, 0x1a, 0xf6, 0x6a, 0x2c, 0xd5, 0xfd, 0x2e, 0x97, 0x50, 0x1c,
    0x4f, 0x54, 0x6e, 0x00, 0x10, 0x91, 0xdc, 0x5a, 0x39, 0x99, 0xba, 0xfe,
    0x04, 0x00, 0x94, 0x8a, 0x81, 0x64, 0x0c, 0x4c, 0x59, 0xfd, 0x69, 0x0d,
    0xce, 0x21, 0x85, 0x13, 0x6d, 0x76, 0x00, 0x60, 0xf5, 0xa7, 0x49, 0x51,
    0xb0, 0x33, 0x0b, 0x08, 0xf0, 0x54, 0x35, 0x70, 0x45, 0x30, 0xae, 0x6f,
    0x84, 0xff, 0xbf, 0xc1, 0x82, 0x34, 0xf4, 0xf5, 0x49, 0xc5, 0xf3, 0xff,
    0x4c, 0x1b, 0x09, 0x68, 0x85, 0x13, 0x8c, 0x0d, 0xff, 0xff, 0xff, 0xff,
    0xff, 0xff, 0xff, 0xff, 0xff, 0xff, 0xff, 0xff, 0x0f, 0x00, 0x00, 0x0a,
    0x95, 0x2b, 0x90, 0xfd, 0x62, 0x2f, 0x57, 0x00, 0x00, 0x70, 0xf7, 0xc3,
    0xa1, 0x90, 0xb7, 0x34, 0x08, 0x00, 0x1b, 0x54, 0x3b, 0x9a, 0x0b, 0x32,
    0x3d, 0x15, 0x06, 0xe5, 0x02, 0x9a, 0x42, 0x57, 0x85, 0xfc, 0x00, 0x20,
    0x80, 0xe1, 0x49, 0x12, 0x47, 0x6c, 0xc1, 0x03, 0x00, 0x90, 0x96, 0xb7,
    0x88, 0x33, 0x8f, 0x1b, 0xa7, 0x35, 0x35, 0x7d, 0x54, 0x0c, 0x13, 0x0d,
    0xaa, 0x00, 0x50, 0x42, 0x30, 0x45, 0xc0, 0xbf, 0x25, 0x39, 0x0d, 0x00,
    0x79, 0x8c, 0x55, 0x50, 0x04, 0x65, 0x11, 0x35, 0x2f, 0x87, 0xfc, 0x77,
    0x33, 0x33, 0x17, 0x8b, 0x00, 0xd0, 0x1f, 0x63, 0x6a, 0xf9, 0x92, 0x57,
    0x2c, 0x0c, 0x00, 0x38, 0x80, 0xc2, 0xfd, 0xb2, 0xa0, 0x67, 0x2e, 0x06,
    0x85, 0x38, 0xde, 0x16, 0x36, 0x0c, 0xd1, 0x00, 0xd0, 0xef, 0x20, 0x40,
    0x67, 0xf6, 0x5a, 0x09, 0xfb, 0xff, 0x06, 0x30, 0x3e, 0xfc, 0x6a, 0x60,
    0x63, 0xff, 0xff, 0xff, 0xff, 0xff, 0xff, 0xff, 0xff, 0xff, 0xff, 0xff,
    0xff, 0xff, 0xff, 0x0f, 0xff, 0xff, 0xff, 0xff, 0xff, 0xff, 0xff, 0xff,
    0xff, 0xff, 0xff, 0xff, 0xea, 0xe9, 0xff, 0xff, 0xff, 0x80, 0xca, 0xc3,
    0x68, 0x26, 0xc8, 0x0f, 0x00, 0x00, 0x00, 0x00, 0x8b, 0xc2, 0x52, 0x25,
    0xf7, 0xf9, 0xff, 0xff, 0xff, 0x00, 0x14, 0xd0, 0x43, 0x24, 0x7d, 0x0a,
    0x00, 0x00, 0x00, 0x80, 0x5c, 0xb3, 0x51, 0x25, 0x52, 0xf9, 0xff, 0xff,
    0xff, 0x00, 0xdc, 0xcd, 0x5f, 0x25, 0x4d, 0xf2, 0xff, 0xff, 0xff, 0x80,
    0xd7, 0xa1, 0x6c, 0x26, 0x17, 0xf4, 0xff, 0xff, 0xff, 0x80, 0x0b, 0x7d,
    0x53, 0x25, 0x90, 0xf8, 0xff, 0xff, 0xff, 0x00, 0xa7, 0x9c, 0x44, 0x25,
    0x12, 0x01, 0x00, 0x00, 0x00, 0x80, 0xea, 0x06, 0x4b, 0x25, 0x3f, 0xf1,
    0xff, 0xff, 0xff, 0x00, 0x64, 0x6b, 0x59, 0x25, 0x0e, 0xf6, 0xff, 0xff,
    0xff, 0x00, 0xce, 0x3f, 0x58, 0x25, 0x62, 0xea, 0xff, 0xff, 0xff, 0x00,
    0x61, 0x27, 0x72, 0x26, 0x6f, 0xfb, 0xff, 0xff, 0xff, 0x80, 0x42, 0xab,
    0x43, 0x24, 0x37, 0x03, 0x00, 0x00, 0x00, 0x80, 0xaa, 0x3e, 0x4d, 0x25,
    0x1e, 0xee, 0xff, 0xff, 0xff, 0x80, 0x42, 0xd6, 0x76, 0x26, 0x4d, 0xf7,
    0xff, 0xff, 0xff, 0x00, 0x85, 0xa9, 0x53, 0x25, 0xfe, 0x01, 0x4c, 0xf0,
    0x0d, 0xe0, 0xff, 0x4f, 0x2f, 0xfe, 0xbd, 0xac, 0x7c, 0x0c, 0x2c, 0xfb,
    0x0a, 0xd8, 0xc7, 0x67, 0xf7, 0x26, 0xe6, 0xd5, 0x85, 0x55, 0xe5, 0x64,
    0x24, 0xc4, 0x93, 0x83, 0x13, 0x73, 0x42, 0x12, 0xb2, 0x1b, 0x6c, 0xb7,
    0xad, 0x32, 0x82, 0x30, 0x69, 0x7d, 0xb9, 0x39, 0xf6, 0xf8, 0x01, 0x6a,
    0x09, 0x6a, 0x10, 0xc6, 0x8a, 0x00, 0x00, 0x00, 0x2d, 0xa2, 0x53, 0x9e,
    0x24, 0xde, 0xce, 0xa0, 0x45, 0x25, 0x13, 0x06, 0x00, 0xba, 0x18, 0x00,
    0x00, 0xe0, 0xff, 0xff, 0x20, 0xf5, 0xff, 0xff, 0xff, 0x80, 0x11, 0xb0,
    0x46, 0x25, 0x6b, 0xf3, 0xff, 0xff, 0xff, 0x00, 0x0f, 0x0e, 0x69, 0x25,
    0x83, 0xf6, 0xff, 0xff, 0xff, 0x80, 0x9c, 0xe8, 0x4e, 0x25, 0x4b, 0xf9,
    0xff, 0xff, 0xff, 0x80, 0x8b, 0xac, 0x4b, 0x24, 0x2d, 0xf7, 0xff, 0xff,
    0xff, 0x00, 0x5d, 0x65, 0x46, 0x25, 0xc4, 0xf9, 0xff, 0xff, 0xff, 0x80,
    0xc5, 0x9b, 0x5d, 0x26, 0x47, 0xf3, 0xff, 0xff, 0xff, 0x00, 0x81, 0x95,
    0x68, 0x26, 0x62, 0xfd, 0xff, 0xff, 0xff, 0x80, 0x39, 0x23, 0x46, 0x25,
    0x4d, 0xf7, 0xff, 0xff, 0xff, 0x80, 0x7c, 0x7d, 0x5a, 0x25, 0x8d, 0xfc,
    0xff, 0xff, 0xff, 0x00, 0x2b, 0x71, 0x46, 0x25, 0xf5, 0xf9, 0xff, 0xff,
    0xff, 0x80, 0xfa, 0xea, 0x41, 0x25, 0x9e, 0x02, 0x00, 0x00, 0x00, 0x00,
    0x89, 0x48, 0x4c, 0x25, 0xf4, 0xf9, 0xff, 0xff, 0xff, 0x80, 0x51, 0xc0,
    0x48, 0x25, 0x38, 0xf6, 0xff, 0xff, 0xff, 0x00, 0xa5, 0xc6, 0x5a, 0x25,
    0xa1, 0xf8, 0xff, 0xff, 0xff, 0x80, 0x40, 0xba, 0x4e, 0x25, 0xcd, 0xfa,
    0xff, 0xff, 0xff, 0x00, 0xa8, 0x3b, 0x49, 0x25, 0xb8, 0x07, 0x50, 0xf1,
    0xed, 0x7f, 0x40, 0x10, 0xc1, 0x80, 0x30, 0x20, 0xd0, 0xa0, 0x50, 0xe0,
    0xb0, 0xa0, 0x01, 0xf1, 0x60, 0x52, 0xd2, 0xc1, 0x31, 0x21, 0x91, 0x30,
    0x22, 0x12, 0xe2, 0x81, 0x71, 0x61, 0x80, 0xb2, 0x01, 0x55, 0x00, 0x00,
    0x8f, 0x02, 0x00, 0x05, 0xc8, 0xac, 0x7a, 0x29, 0x81, 0xdf, 0x1c, 0x32,
    0xe4, 0x47, 0xc1, 0x60, 0xd8, 0x00, 0xb0, 0x54, 0x2b, 0x20, 0x6f, 0x01,
    0x10, 0x00, 0xe2, 0xa6, 0x08, 0xcc, 0x24, 0x56, 0x04, 0x94, 0x10, 0x00,
    0x90, 0x6d, 0xd2, 0x53, 0x40, 0x1f, 0x4b, 0x03, 0x00, 0x80, 0x7d, 0x53,
    0x81, 0x54, 0x4f, 0xa3, 0x61, 0x0c, 0x00, 0xa8, 0xfc, 0x37, 0xb6, 0xed,
    0xd1, 0x29, 0xb3, 0x57, 0x00, 0xc0, 0x50, 0xb4, 0xa8, 0x59, 0x8b, 0xca,
    0xfb, 0x80, 0xc0, 0x57, 0x01, 0x33, 0x99, 0xc2, 0x36, 0x67, 0x6e, 0x2b,
    0xaa, 0xb6, 0x9d, 0x03, 0x80, 0x76, 0xcc, 0xca, 0x63, 0x8b, 0x3f, 0x80,
    0x67, 0x12, 0x23, 0x4e, 0x2f, 0xab, 0xff, 0x67, 0x3c, 0x2b, 0x43, 0x65,
    0xf8, 0xff, 0x71, 0x40, 0x97, 0x3b, 0x92, 0xfe, 0xff, 0xff, 0xff, 0xff,
    0xff, 0xff, 0xff, 0xff, 0xff, 0xff, 0xff, 0x1f, 0x80, 0xaf, 0x01, 0x60,
    0x33, 0x38, 0x59, 0x48, 0x54, 0xd6, 0x00, 0xc4, 0xb4, 0x52, 0xd4, 0xf5,
    0xc3, 0x76, 0xfc, 0x01, 0x00, 0x09, 0x6e, 0x93, 0xe7, 0x9c, 0x01, 0xc0,
    0x42, 0x6d, 0x7c, 0xf5, 0x84, 0x6e, 0xd4, 0xcf, 0x03, 0x20, 0xe8, 0xe4,
    0x27, 0x61, 0x40, 0xdc, 0x20, 0x16, 0x27, 0xef, 0x08, 0x23, 0x00, 0x40,
    0x10, 0x2e, 0x0e, 0x1c, 0x4c, 0xb4, 0x4c, 0xdc, 0x01, 0x40, 0x46, 0x73,
    0xa2, 0x60, 0x52, 0x02, 0x34, 0x80, 0x80, 0x3b, 0x39, 0x68, 0xc4, 0xc0,
    0x6c, 0x00, 0x00, 0x6e, 0x10, 0x38, 0x0a, 0x67, 0xfc, 0x1d, 0x00, 0x00,
    0x04, 0x64, 0xbc, 0xe1, 0x52, 0x60, 0xfc, 0xff, 0x79, 0xcd, 0x49, 0xf0,
    0xff, 0xff, 0xff, 0xff, 0xff, 0xff, 0xff, 0xff, 0xff, 0xff, 0xff, 0xff,
    0xff, 0xff, 0xf0, 0xff, 0xff, 0xff, 0xff, 0xff, 0xee, 0xeb, 0xff, 0xff,
    0xff, 0x80, 0x49, 0x34, 0x44, 0x26, 0xf6, 0x12, 0x00, 0x00, 0x00, 0x00,
    0xdb, 0xc8, 0x63, 0x26, 0xb6, 0x0e, 0x00, 0x00, 0x00, 0x80, 0x00, 0xfc,
    0x64, 0x26, 0x3e, 0x07, 0x00, 0x00, 0x00, 0x80, 0x8a, 0x09, 0x4d, 0x25,
    0x7e, 0xf3, 0xff, 0xff, 0xff, 0x80, 0x2d, 0x3f, 0x51, 0x26, 0xd7, 0xf7,
    0xff, 0xff, 0xff, 0x80, 0x50, 0x5e, 0x45, 0x26, 0x9c, 0xef, 0xff, 0xff,
    0xff, 0x80, 0x90, 0x07, 0x45, 0x26, 0x23, 0x06, 0x00, 0x00, 0x00, 0x80,
    0x34, 0xea, 0x57, 0x25, 0x0d, 0x1b, 0x00, 0x00, 0x00, 0x00, 0xb1, 0x1e,
    0x43, 0x26, 0x84, 0x0e, 0x00, 0x00, 0x00, 0x00, 0x65, 0x78, 0x5e, 0x26,
    0x21, 0x03, 0x00, 0x00, 0x00, 0x00, 0xa3, 0x8a, 0x41, 0x25, 0xe4, 0x0d,
    0x00, 0x00, 0x00, 0x00, 0x6b, 0xa0, 0x60, 0x26, 0x17, 0x03, 0x00, 0x00,
    0x00, 0x80, 0xf4, 0x6e, 0x62, 0x26, 0xa6, 0x05, 0x00, 0x00, 0x00, 0x80,
    0xa4, 0x7a, 0x5c, 0x26, 0x22, 0xf1, 0xff, 0xff, 0xff, 0x80, 0xe1, 0xaf,
    0x73, 0x26, 0x3e, 0x04, 0x00, 0x00, 0x00, 0x00, 0x9d, 0xdf, 0x6d, 0x26,
    0x7e, 0x01, 0x54, 0xf0, 0x0d, 0xf0, 0xef, 0x3f, 0x19, 0x16, 0x25, 0x73,
    0x6f, 0x4f, 0x3f, 0x8f, 0x6d, 0xfd, 0xcc, 0xec, 0xbb, 0x8b, 0x7b, 0x6b,
    0x1b, 0xdb, 0xaa, 0x2a, 0x1a, 0xca, 0x99, 0x49, 0x09, 0x99, 0x88, 0x08,
    0xb8, 0xf0, 0x97, 0x08, 0x8c, 0x38, 0x61, 0xa6, 0x5a, 0x6e, 0xe6, 0xa8,
    0x96, 0xc0, 0x66, 0x1c, 0xc3, 0x22, 0x70, 0x98, 0x39, 0xdc, 0x85, 0xd8,
    0x2b, 0xc7, 0x00, 0x00, 0x82, 0x8b, 0xe7, 0x49, 0xd2, 0xa8, 0xc4, 0x00,
    0x00, 0x00, 0x00, 0x00, 0x60, 0x08, 0x40, 0x02, 0x00, 0x08, 0x00, 0x00,
    0xd0, 0x31, 0x00, 0xf2, 0xf6, 0xcf, 0x3b, 0x77, 0xf6, 0x1d, 0x85, 0x67,
    0xfa, 0xd8, 0xad, 0x95, 0xe3, 0xc7, 0xbc, 0xc3, 0xd1, 0xa6, 0x9e, 0xa9,
    0xac, 0x6c, 0x48, 0xac, 0x7f, 0xbf, 0x1f, 0x91, 0x7c, 0x57, 0xe1, 0xef,
    0xe0, 0x9f, 0x32, 0x00, 0x50, 0x3f, 0x00, 0x00, 0x00, 0x00, 0x00, 0x30,
    0x03, 0x00, 0x00, 0x00, 0x00, 0xfc, 0xff, 0xff, 0xff, 0xff, 0xff, 0xff,
    0xa0, 0x11, 0x00, 0x00, 0x00, 0x80, 0x77, 0x3f, 0x53, 0x26, 0x86, 0x0b,
    0x00, 0x00, 0x00, 0x80, 0xe7, 0x38, 0x64, 0x26, 0x3a, 0x0f, 0x00, 0x00,
    0x00, 0x00, 0x0f, 0xc6, 0x5c, 0x26, 0x29, 0xfa, 0xff, 0xff, 0xff, 0x00,
    0xb9, 0x56, 0x49, 0x25, 0xd2, 0xfb, 0xff, 0xff, 0xff, 0x00, 0xb8, 0x04,
    0x5e, 0x26, 0x8f, 0xe0, 0xff, 0xff, 0xff, 0x80, 0x69, 0x77, 0x69, 0x26,
    0xcf, 0x01, 0x00, 0x00, 0x00, 0x00, 0xd2, 0x06, 0x71, 0x26, 0x9e, 0xf2,
    0xff, 0xff, 0xff, 0x80, 0x49, 0x36, 0x49, 0x25, 0x4d, 0x1b, 0x00, 0x00,
    0x00, 0x00, 0xcb, 0xc0, 0x76, 0x26, 0xed, 0x08, 0x00, 0x00, 0x00, 0x00,
    0xef, 0x27, 0x51, 0x26, 0x9d, 0xed, 0xff, 0xff, 0xff, 0x80, 0xd9, 0x17,
    0x6d, 0x26, 0xec, 0x00, 0x00, 0x00, 0x00, 0x80, 0xdf, 0x6e, 0x5c, 0x26,
    0x66, 0x09, 0x00, 0x00, 0x00, 0x00, 0xa2, 0x83, 0x4a, 0x25, 0x2a, 0x19,
    0x00, 0x00, 0x00, 0x80, 0x87, 0xe7, 0x49, 0x26, 0xf8, 0x03, 0x00, 0x00,
    0x00, 0x00, 0xaf, 0xa1, 0x55, 0x26, 0x0b, 0xf6, 0xff, 0xff, 0xff, 0x00,
    0x01, 0x30, 0x74, 0x26, 0xd0, 0x07, 0x5c, 0x01, 0x0c, 0x00, 0xc1, 0x35,
    0xfd, 0x10, 0x81, 0x38, 0x15, 0xa3, 0x00, 0x40, 0xd7, 0xbf, 0xf5, 0x83,
    0x04, 0x4d, 0xc0, 0x04, 0x00, 0x87, 0x71, 0x49, 0x0b, 0x0e, 0x5c, 0x52,
    0x66, 0x18, 0x17, 0x73, 0x06, 0x24, 0x19, 0x24, 0xda, 0x00, 0x50, 0xd7,
    0x5f, 0x38, 0x41, 0x2a, 0x84, 0x38, 0x01, 0x00, 0x43, 0x9a, 0x16, 0xf6,
    0xcd, 0x3a, 0x5d, 0xfc, 0x55, 0x75, 0x46, 0x7d, 0x25, 0xde, 0xfd, 0x06,
    0x00, 0x30, 0x42, 0x12, 0x0a, 0x3f, 0xc1, 0xcf, 0x46, 0x40, 0x00, 0x64,
    0x49, 0xf2, 0x31, 0x1a, 0xb4, 0x39, 0x14, 0x0c, 0xc6, 0x10, 0x5f, 0x18,
    0xa3, 0x75, 0xed, 0x00, 0xa0, 0xc2, 0x5f, 0x44, 0x42, 0xd2, 0xa8, 0xc1,
    0x04, 0x00, 0x10, 0x37, 0x20, 0x52, 0x6d, 0x7f, 0xfc, 0xdc, 0x7e, 0x0f,
    0x8a, 0x70, 0x57, 0x2b, 0x10, 0xda, 0x00, 0x80, 0xe2, 0x13, 0x82, 0x04,
    0x8d, 0xea, 0x00, 0x83, 0xf0, 0x6e, 0x36, 0xa4, 0xc1, 0x37, 0x16, 0x9e,
    0x0a, 0xff, 0x7f, 0xd4, 0xcb, 0x79, 0xa3, 0xab, 0x34, 0x98, 0xf4, 0xff,
    0x07, 0x9d, 0x7c, 0x24, 0x1d, 0x89, 0xab, 0x09, 0xff, 0xff, 0xff, 0xff,
    0xff, 0xff, 0xff, 0xff, 0xff, 0xff, 0xff, 0xff, 0x2f, 0x00, 0x00, 0x83,
    0xa4, 0xbe, 0x0b, 0x29, 0x90, 0x92, 0x0e, 0x00, 0xe0, 0x48, 0x60, 0x24,
    0xeb, 0x71, 0x83, 0x5f, 0x0b, 0x00, 0x41, 0xb3, 0x26, 0xfd, 0x7c, 0x71,
    0xa2, 0x6e, 0x54, 0xbe, 0x17, 0x43, 0x1c, 0x21, 0xd9, 0xcd, 0x00, 0xa0,
    0x20, 0xb1, 0xdc, 0x8b, 0x2a, 0xe5, 0x46, 0x01, 0x00, 0xe5, 0x60, 0x03,
    0x6b, 0x97, 0x66, 0x2d, 0xad, 0x2d, 0xfc, 0x40, 0x47, 0x03, 0xfd, 0x5d,
    0x9b, 0x00, 0x20, 0x05, 0xb0, 0xc1, 0x68, 0x01, 0x16, 0xc7, 0x0f, 0x20,
    0xb5, 0x82, 0x91, 0x20, 0x2c, 0x6e, 0x0a, 0x9b, 0x01, 0x60, 0xa1, 0x81,
    0xea, 0xd0, 0xaf, 0x40, 0x16, 0xba, 0xab, 0x28, 0xd0, 0x1f, 0xce, 0xd8,
    0x58, 0x05, 0x00, 0x8f, 0x19, 0x2b, 0x3a, 0x2e, 0x5a, 0xac, 0x5d, 0x00,
    0xd0, 0x1f, 0xc6, 0x92, 0xb2, 0x05, 0x64, 0x78, 0x75, 0xc8, 0x6f, 0x73,
    0x05, 0x49, 0xc9, 0x4a, 0xf9, 0xff, 0x35, 0xf0, 0xb7, 0xff, 0xff, 0xff,
    0xff, 0xff, 0xff, 0xff, 0xff, 0xff, 0xff, 0xff, 0xff, 0xff, 0xff, 0x0f,
    0xff, 0xff, 0xff, 0xff, 0xff, 0xff, 0xff, 0xff, 0xff, 0xff, 0xff, 0xff,
    0xff, 0xff, 0xff, 0xff, 0xc0, 0x02, 0x00, 0x00, 0x00, 0x00, 0x0d, 0x4d,
    0x48, 0x25, 0xee, 0xf2, 0xff, 0xff, 0xff, 0x80, 0xe7, 0x2e, 0x49, 0x26,
    0xd0, 0x10, 0x00, 0x00, 0x00, 0x00, 0xf5, 0x0b, 0x76, 0x26, 0x24, 0x20,
    0x00, 0x00, 0x00, 0x00, 0x77, 0x34, 0x50, 0x26, 0x82, 0x09, 0x00, 0x00,
    0x00, 0x00, 0x1a, 0xe4, 0x61, 0x26, 0x48, 0x02, 0x00, 0x00, 0x00, 0x00,
    0xed, 0xf5, 0x6b, 0x26, 0x00, 0xee, 0xff, 0xff, 0xff, 0x80, 0x42, 0x01,
    0x72, 0x26, 0x79, 0x14, 0x00, 0x00, 0x00, 0x80, 0x7b, 0x2f, 0x55, 0x26,
    0xfb, 0x03, 0x00, 0x00, 0x00, 0x00, 0xf2, 0x53, 0x51, 0x25, 0x56, 0xef,
    0xff, 0xff, 0xff, 0x00, 0xa8, 0x6a, 0x60, 0x27, 0xee, 0x09, 0x00, 0x00,
    0x00, 0x80, 0x6e, 0x58, 0x5e, 0x26, 0x2f, 0x0a, 0x00, 0x00, 0x00, 0x00,
    0xed, 0x3b, 0x7d, 0x25, 0x93, 0x0d, 0x00, 0x00, 0x00, 0x80, 0xb7, 0xfc,
    0x42, 0x25, 0xa1, 0xfd, 0xff, 0xff, 0xff, 0x80, 0x6c, 0x01, 0x45, 0x24,
    0xd2, 0x0e, 0x00, 0x00, 0x00, 0x00, 0xea, 0x05, 0x54, 0x27, 0xd6, 0xea,
    0xff, 0xff, 0xff, 0x80, 0xab, 0x02, 0x51, 0x26, 0xfe, 0x03, 0x54, 0xf0,
    0x0d, 0xf0, 0xef, 0xcf, 0xa4, 0x41, 0x7c, 0xbb, 0x97, 0x65, 0x54, 0x04,
    0xe3, 0x61, 0x40, 0xc0, 0x8f, 0x7f, 0x0f, 0xff, 0xee, 0x9e, 0x0e, 0xde,
    0x7d, 0xfd, 0x8c, 0x5c, 0x2c, 0x1c, 0x5c, 0xbb, 0x6a, 0xf1, 0x6b, 0x7b,
    0xb8, 0xc5, 0x61, 0x26, 0xb8, 0xe3, 0x0c, 0xfe, 0xc9, 0x05, 0xe2, 0x45,
    0x37, 0xb7, 0x87, 0xaa, 0x4a, 0x7a, 0x28, 0x09, 0xcc, 0x6f, 0x09, 0x24,
    0xe7, 0x04, 0xa1, 0x7d, 0x11, 0x2e, 0x97, 0xf2, 0xff, 0xa3, 0x2d, 0x1f,
    0x34, 0x6c, 0x91, 0x82, 0x9d, 0x23, 0x70, 0xdf, 0xae, 0x0d, 0x15, 0xf2,
    0xed, 0x15, 0x5a, 0x01, 0x00, 0x00, 0x90, 0xba, 0x7f, 0x00, 0x40, 0x2a,
    0x81, 0x2d, 0x16, 0xfe, 0xc7, 0xd0, 0x8d, 0xd6, 0x9b, 0xf6, 0x58, 0xf5,
    0x12, 0x16, 0x72, 0xc5, 0x24, 0x2e, 0xf8, 0x4b, 0x85, 0x3f, 0xb5, 0x44,
    0xae, 0xfa, 0x49, 0x3d, 0x3f, 0x7b, 0xbc, 0x8a, 0x54, 0xc5, 0x08, 0x7b,
    0x4d, 0xb2, 0x0f, 0x27, 0x75, 0x22, 0xe8, 0x00, 0x08, 0x55, 0x5b, 0x01,
    0x60, 0x02, 0x00, 0x00, 0x00, 0x00, 0xf0, 0xff, 0xff, 0xff, 0xff, 0xff,
    0x09, 0xf9, 0xff, 0xff, 0xff, 0x80, 0x3e, 0x7a, 0x4d, 0x25, 0x8f, 0xfa,
    0xff, 0xff, 0xff, 0x00, 0x65, 0x58, 0x7d, 0x26, 0x95, 0xfa, 0xff, 0xff,
    0xff, 0x80, 0x18, 0x91, 0x7b, 0x25, 0x16, 0xf8, 0xff, 0xff, 0xff, 0x80,
    0x3d, 0x52, 0x5c, 0x24, 0xde, 0xf6, 0xff, 0xff, 0xff, 0x00, 0x2d, 0xb7,
    0x60, 0x25, 0xf8, 0xf5, 0xff, 0xff, 0xff, 0x00, 0xfb, 0xfe, 0x69, 0x25,
    0x10, 0xf6, 0xff, 0xff, 0xff, 0x80, 0x65, 0xfb, 0x59, 0x25, 0xe7, 0xfc,
    0xff, 0xff, 0xff, 0x80, 0xa4, 0x3a, 0x55, 0x24, 0x72, 0xfd, 0xff, 0xff,
    0xff, 0x00, 0xd7, 0x95, 0x57, 0x25, 0x3f, 0xfe, 0xff, 0xff, 0xff, 0x00,
    0x11, 0x34, 0x48, 0x25, 0x0c, 0xf6, 0xff, 0xff, 0xff, 0x00, 0x2d, 0x9e,
    0x4c, 0x24, 0xf4, 0xfa, 0xff, 0xff, 0xff, 0x00, 0x65, 0x7a, 0x70, 0x25,
    0x4f, 0xfa, 0xff, 0xff, 0xff, 0x80, 0x60, 0x3a, 0x4d, 0x24, 0xd1, 0xf4,
    0xff, 0xff, 0xff, 0x00, 0xef, 0xb8, 0x46, 0x25, 0x44, 0x00, 0x00, 0x00,
    0x00, 0x00, 0x0a, 0xdb, 0x5a, 0x25, 0xfc, 0xf3, 0xff, 0xff, 0xff, 0x80,
    0x21, 0xdc, 0x41, 0x25, 0xd8, 0x07, 0x50, 0xf1, 0xed, 0xaf, 0x70, 0x60,
    0x40, 0xe0, 0xc0, 0x30, 0x80, 0x10, 0x62, 0x31, 0x11, 0xf1, 0x50, 0x90,
    0x51, 0x91, 0x20, 0xb0, 0x81, 0x01, 0xb1, 0x40, 0xf2, 0x71, 0x41, 0xd1,
    0xc0, 0x22, 0xe2, 0xd1, 0x61, 0xe9, 0x00, 0x30, 0x17, 0x50, 0xc0, 0xd2,
    0x1a, 0x64, 0x01, 0x20, 0x04, 0x06, 0xf0, 0xe1, 0x13, 0x33, 0x20, 0x00,
    0x70, 0x8c, 0x82, 0x03, 0x75, 0x88, 0x32, 0x26, 0x0c, 0x42, 0x00, 0x80,
    0x0b, 0x86, 0x23, 0xa2, 0xca, 0x31, 0x00, 0x00, 0xa6, 0x80, 0xf1, 0x30,
    0x31, 0x6a, 0x08, 0x2f, 0x00, 0x40, 0x68, 0x5c, 0x7c, 0x88, 0xe0, 0x9a,
    0x13, 0x00, 0x60, 0x79, 0xf1, 0xd1, 0x08, 0xc8, 0x46, 0x85, 0x00, 0x00,
    0x2d, 0xaa, 0x49, 0xb3, 0x5f, 0xd1, 0x08, 0x00, 0xf0, 0xe7, 0x2b, 0x68,
    0xa5, 0x02, 0x7b, 0x96, 0x01, 0xa0, 0x90, 0xbb, 0x91, 0x1a, 0xa1, 0x6b,
    0xd6, 0x37, 0x04, 0x24, 0x28, 0x42, 0xed, 0x05, 0xf0, 0xd1, 0x36, 0x41,
    0x00, 0xf7, 0x06, 0xff, 0x3f, 0xfc, 0xff, 0x39, 0x9b, 0x36, 0xb7, 0xd5,
    0xff, 0xff, 0xff, 0xff, 0xff, 0xff, 0xff, 0xff, 0xff, 0xff, 0xff, 0xff,
    0x03, 0x14, 0x37, 0x00, 0xf0, 0x3f, 0xb1, 0x13, 0x7c, 0xa8, 0xca, 0x5e,
    0x00, 0x00, 0x2c, 0x20, 0xff, 0x88, 0xcc, 0x1e, 0x00, 0x80, 0xd8, 0xd9,
    0xb3, 0x1d, 0x17, 0xb3, 0x9d, 0x00, 0xf8, 0x7b, 0x7d, 0xe1, 0xca, 0xcf,
    0xc5, 0xef, 0x70, 0x2a, 0x9f, 0xdf, 0x00, 0x03, 0x00, 0x0d, 0x44, 0x15,
    0x62, 0xc7, 0x31, 0x00, 0xf0, 0xa2, 0x35, 0xd0, 0xcd, 0x03, 0x78, 0xa3,
    0x08, 0x48, 0xa0, 0x64, 0x0a, 0x00, 0x18, 0x66, 0xf0, 0x54, 0x3e, 0xd1,
    0xac, 0x34, 0x00, 0x00, 0x40, 0xcc, 0x4e, 0xc2, 0x10, 0x17, 0x07, 0xbf,
    0x22, 0xc0, 0x2e, 0xf8, 0xbc, 0x49, 0x06, 0xe0, 0x3b, 0x03, 0xc0, 0x4d,
    0xff, 0xf4, 0xaa, 0x00, 0x28, 0x90, 0x62, 0xfb, 0xff, 0xa1, 0x73, 0xf0,
    0xff, 0xff, 0xff, 0xff, 0xff, 0xff, 0xff, 0xff, 0xff, 0xff, 0xff, 0xff,
    0xff, 0xff, 0xf0, 0xff, 0xf7, 0xfa, 0xff, 0xff, 0xff, 0x80, 0xea, 0x3e,
    0x43, 0x25, 0xdb, 0xf9, 0xff, 0xff, 0xff, 0x00, 0x78, 0xaa, 0x5a, 0x26,
    0xcc, 0xe5, 0xff, 0xff, 0xff, 0x00, 0x48, 0x12, 0x4d, 0x26, 0x10, 0x0b,
    0x00, 0x00, 0x00, 0x80, 0xd5, 0x5a, 0x45, 0x25, 0xe5, 0xf2, 0xff, 0xff,
    0xff, 0x00, 0xda, 0xeb, 0x4d, 0x26, 0x48, 0x07, 0x00, 0x00, 0x00, 0x00,
    0xfe, 0xae, 0x48, 0x25, 0x57, 0xf5, 0xff, 0xff, 0xff, 0x80, 0xd8, 0xfe,
    0x51, 0x26, 0xc5, 0xeb, 0xff, 0xff, 0xff, 0x00, 0x4e, 0xb8, 0x4b, 0x25,
    0x41, 0xf4, 0xff, 0xff, 0xff, 0x80, 0x50, 0x91, 0x64, 0x26, 0xf8, 0xff,
    0xff, 0xff, 0xff, 0x00, 0xa2, 0x58, 0x78, 0x25, 0x5c, 0xf5, 0xff, 0xff,
    0xff, 0x80, 0x0c, 0xcc, 0x74, 0x26, 0x15, 0x0b, 0x00, 0x00, 0x00, 0x80,
    0x10, 0xe5, 0x5b, 0x25, 0x55, 0x0b, 0x00, 0x00, 0x00, 0x00, 0xae, 0x0f,
    0x54, 0x25, 0xeb, 0xfe, 0xff, 0xff, 0xff, 0x00, 0x40, 0xb3, 0x4b, 0x25,
    0xc1, 0xfe, 0xff, 0xff, 0xff, 0x80, 0x0b, 0xa3, 0x78, 0x25, 0xcb, 0x0c,
    0x00, 0x00, 0x00, 0x00, 0xd1, 0xb3, 0x40, 0x26, 0xfe, 0x01, 0x50, 0xf0,
    0x0d, 0xe0, 0xff, 0x2f, 0x18, 0x15, 0x9f, 0x2e, 0x1e, 0xae, 0xcd, 0x8c,
    0xab, 0x49, 0x39, 0xa9, 0x68, 0xe8, 0xa7, 0xe7, 0x86, 0x16, 0x96, 0x45,
    0x04, 0xd4, 0x53, 0xe3, 0x62, 0x12, 0xd2, 0x60, 0x30, 0x00, 0x38, 0x38,
    0x20, 0x9c, 0x1c, 0x12, 0x71, 0x11, 0x02, 0x70, 0x78, 0x85, 0x90, 0x51,
    0x5c, 0x5f, 0x42, 0x24, 0x00, 0x00, 0x00, 0x00, 0xf4, 0x9c, 0xb0, 0x80,
    0x84, 0xa2, 0x7a, 0x22, 0xc9, 0x4c, 0x00, 0x20, 0x04, 0xeb, 0xc3, 0x0b,
    0x00, 0x00, 0x00, 0xe0, 0x31, 0x0f, 0x00, 0x00, 0x00, 0x80, 0x2f, 0x59,
    0x79, 0x26, 0xc7, 0xf2, 0xff, 0xff, 0xff, 0x80, 0xb0, 0xe3, 0x41, 0x26,
    0x5e, 0x00, 0x00, 0x00, 0x00, 0x80, 0x36, 0xd9, 0x44, 0x26, 0xe2, 0xef,
    0xff, 0xff, 0xff, 0x00, 0xd7, 0x55, 0x51, 0x26, 0x3f, 0x06, 0x00, 0x00,
    0x00, 0x80, 0xd0, 0x0a, 0x54, 0x26, 0x55, 0xfc, 0xff, 0xff, 0xff, 0x00,
    0xeb, 0xc9, 0x5e, 0x26, 0x58, 0xfa, 0xff, 0xff, 0xff, 0x80, 0xb0, 0xa8,
    0x4f, 0x26, 0x96, 0xff, 0xff, 0xff, 0xff, 0x80, 0x1a, 0xd8, 0x57, 0x26,
    0x93, 0x1c, 0x00, 0x00, 0x00, 0x00, 0x1b, 0x33, 0x40, 0x26, 0x9a, 0xf3,
    0xff, 0xff, 0xff, 0x00, 0x11, 0xbe, 0x51, 0x26, 0x76, 0x16, 0x00, 0x00,
    0x00, 0x80, 0x04, 0x4d, 0x7b, 0x27, 0x53, 0x04, 0x00, 0x00, 0x00, 0x80,
    0xa3, 0xa4, 0x71, 0x26, 0xba, 0x13, 0x00, 0x00, 0x00, 0x00, 0xfe, 0xec,
    0x51, 0x26, 0x74, 0x07, 0x00, 0x00, 0x00, 0x00, 0x47, 0xdb, 0x55, 0x26,
    0xfc, 0x00, 0x00, 0x00, 0x00, 0x00, 0x97, 0x0b, 0x7c, 0x26, 0x31, 0x02,
    0x00, 0x00, 0x00, 0x80, 0x3d, 0x6b, 0x6d, 0x26, 0xe0, 0x07, 0x5c, 0x01,
    0x0c, 0x00, 0x76, 0x3a, 0x43, 0x69, 0xb7, 0xa9, 0x6f, 0x56, 0x08, 0xb0,
    0xca, 0x9f, 0x94, 0xc6, 0xf5, 0xa5, 0xb6, 0x03, 0x00, 0x09, 0x19, 0xbc,
    0x2c, 0xbe, 0x68, 0x49, 0x37, 0x4a, 0x34, 0x10, 0xfc, 0x4b, 0x22, 0x1e,
    0x0e, 0x20, 0x80, 0xb5, 0x08, 0x60, 0xe1, 0x62, 0xd5, 0x6f, 0x00, 0x00,
    0x14, 0x2e, 0x4c, 0x0f, 0xfc, 0x0f, 0x7c, 0xda, 0x12, 0x9b, 0x49, 0x3f,
    0xfc, 0x99, 0xb2, 0x59, 0x00, 0x60, 0xc7, 0x4f, 0x34, 0x42, 0xbe, 0x2c,
    0x0d, 0x03, 0x00, 0x21, 0x9b, 0xed, 0x84, 0x80, 0xfd, 0x2a, 0x4f, 0x30,
    0xd0, 0x3e, 0x00, 0xa8, 0x38, 0x79, 0xfc, 0x00, 0x80, 0x6b, 0x21, 0x26,
    0x69, 0xd0, 0x0b, 0xea, 0x00, 0x00, 0x66, 0x31, 0x1a, 0x00, 0x21, 0x24,
    0x5c, 0x52, 0x4b, 0x69, 0x31, 0x3d, 0xb1, 0x16, 0x09, 0x25, 0x00, 0xa0,
    0x90, 0x73, 0x6b, 0x95, 0xa1, 0x45, 0x73, 0x05, 0xf0, 0x91, 0xa4, 0x62,
    0x14, 0x37, 0x72, 0x44, 0x36, 0xff, 0xff, 0x90, 0x5a, 0x68, 0x98, 0x10,
    0x1a, 0xf3, 0xf8, 0xff, 0x0a, 0x22, 0x85, 0x75, 0xf9, 0x45, 0x0a, 0xab,
    0xff, 0xff, 0xff, 0xff, 0xff, 0xff, 0xff, 0xff, 0xff, 0xff, 0xff, 0xff,
    0x0f, 0x00, 0x00, 0x84, 0x6c, 0x0f, 0xfc, 0x81, 0x36, 0xb9, 0xfd, 0x00,
    0x60, 0xe8, 0x55, 0xbb, 0xd7, 0x6f, 0x01, 0x9f, 0x0b, 0x00, 0x0d, 0x58,
    0x05, 0x05, 0x8b, 0x29, 0x37, 0x00, 0x93, 0x4b, 0x59, 0x20, 0xfd, 0x8c,
    0x05, 0xdb, 0x02, 0x40, 0x87, 0xf4, 0xf6, 0x33, 0x7f, 0xd4, 0xdf, 0x05,
    0x00, 0x90, 0x21, 0x2e, 0x5e, 0x99, 0x5e, 0x6d, 0x68, 0x12, 0xfc, 0x0d,
    0x02, 0x1d, 0x4d, 0x2a, 0xfd, 0x00, 0x20, 0xcd, 0x62, 0x33, 0x84, 0x70,
    0xe6, 0x8e, 0x07, 0x00, 0xc5, 0xd4, 0x12, 0x40, 0x1e, 0x35, 0x79, 0x32,
    0x44, 0x27, 0x3d, 0x01, 0xc7, 0x0e, 0x4c, 0xfd, 0x00, 0xb0, 0x08, 0xd4,
    0x48, 0x89, 0x2a, 0x45, 0x47, 0x07, 0x00, 0x57, 0xa3, 0xd5, 0xa4, 0x15,
    0x8a, 0x05, 0xfd, 0x52, 0x62, 0x28, 0x60, 0x98, 0x13, 0x66, 0x20, 0x00,
    0x90, 0x15, 0xa1, 0xc0, 0xed, 0xf7, 0x15, 0x41, 0xf5, 0xff, 0x65, 0x0b,
    0x4c, 0x54, 0x4b, 0xff, 0xff, 0xff, 0xff, 0xff, 0xff, 0xff, 0xff, 0xff,
    0xff, 0xff, 0xff, 0xff, 0xff, 0x0f, 0xff, 0xff, 0xff, 0xff, 0xff, 0xff,
    0xff, 0xff, 0xff, 0xff, 0xff, 0xff, 0xff, 0xff, 0xec, 0x08, 0x00, 0x00,
    0x00, 0x80, 0xb4, 0x30, 0x4a, 0x25, 0x3d, 0xe9, 0xff, 0xff, 0xff, 0x00,
    0x09, 0xb7, 0x52, 0x26, 0xe1, 0xee, 0xff, 0xff, 0xff, 0x00, 0xc3, 0x14,
    0x5e, 0x26, 0xf6, 0xf9, 0xff, 0xff, 0xff, 0x80, 0xad, 0xe2, 0x5f, 0x26,
    0xdf, 0x09, 0x00, 0x00, 0x00, 0x80, 0x5e, 0xa3, 0x56, 0x25, 0x92, 0xf9,
    0xff, 0xff, 0xff, 0x00, 0x5d, 0x51, 0x6c, 0x25, 0x9f, 0xf6, 0xff, 0xff,
    0xff, 0x00, 0x30, 0x4c, 0x40, 0x25, 0xce, 0xf6, 0xff, 0xff, 0xff, 0x80,
    0x57, 0xb0, 0x69, 0x26, 0x43, 0x00, 0x00, 0x00, 0x00, 0x80, 0x3a, 0x71,
    0x7b, 0x24, 0x47, 0xf8, 0xff, 0xff, 0xff, 0x00, 0x84, 0xaf, 0x7a, 0x26,
    0xbe, 0x0b, 0x00, 0x00, 0x00, 0x80, 0x6f, 0x4b, 0x49, 0x24, 0x12, 0xff,
    0xff, 0xff, 0xff, 0x80, 0x6e, 0x6c, 0x75, 0x25, 0xd1, 0xff, 0xff, 0xff,
    0xff, 0x00, 0x58, 0x0a, 0x7d, 0x25, 0x8e, 0xfa, 0xff, 0xff, 0xff, 0x00,
    0x31, 0xf5, 0x52, 0x24, 0x64, 0xf1, 0xff, 0xff, 0xff, 0x80, 0x9c, 0x27,
    0x67, 0x26, 0x14, 0xf4, 0xff, 0xff, 0xff, 0x00, 0x49, 0x9b, 0x74, 0x26,
    0xfe, 0x01, 0x4c, 0xf0, 0x0d, 0xe0, 0xff, 0x7f, 0xc8, 0xaf, 0x8f, 0x5f,
    0x8f, 0x3e, 0x4e, 0xad, 0xcb, 0xaa, 0x0a, 0x6a, 0xe8, 0x67, 0xa7, 0x86,
    0x76, 0xf5, 0xc4, 0x94, 0x74, 0x34, 0xc4, 0x63, 0x23, 0x12, 0xd2, 0x31,
    0x71, 0x75, 0xb4, 0xc3, 0x48, 0xc0, 0x4c, 0x33, 0xce, 0x20, 0x45, 0xc9,
    0xb7, 0x28, 0x45, 0xe7, 0xad, 0x4f, 0x02, 0x00, 0x00, 0xe7, 0x0e, 0x40,
    0x6f, 0xd8, 0xa1, 0x72, 0x12, 0x11, 0xd7, 0x02, 0xbc, 0x95, 0xa3, 0x99,
    0x00, 0x00, 0x03, 0x00, 0x00, 0xfc, 0xff, 0xff, 0x2b, 0xfc, 0xff, 0xff,
    0xff, 0x00, 0x2b, 0xc0, 0x69, 0x25, 0x07, 0xf5, 0xff, 0xff, 0xff, 0x00,
    0xb7, 0xd1, 0x40, 0x25, 0xe9, 0xf6, 0xff, 0xff, 0xff, 0x80, 0x5e, 0x09,
    0x6a, 0x26, 0xcb, 0xfc, 0xff, 0xff, 0xff, 0x80, 0xa1, 0xce, 0x45, 0x25,
    0xae, 0xf7, 0xff, 0xff, 0xff, 0x00, 0xab, 0x96, 0x4e, 0x24, 0xc2, 0xf4,
    0xff, 0xff, 0xff, 0x80, 0x61, 0xd2, 0x41, 0x25, 0xab, 0xf0, 0xff, 0xff,
    0xff, 0x00, 0x72, 0x2c, 0x6b, 0x26, 0x41, 0x05, 0x00, 0x00, 0x00, 0x00,
    0x2e, 0x9e, 0x5c, 0x27, 0x59, 0xfb, 0xff, 0xff, 0xff, 0x80, 0xa4, 0x8e,
    0x5d, 0x25, 0x0c, 0xf6, 0xff, 0xff, 0xff, 0x00, 0x1f, 0xae, 0x57, 0x26,
    0x87, 0xf5, 0xff, 0xff, 0xff, 0x80, 0x49, 0x95, 0x57, 0x25, 0xb8, 0xf9,
    0xff, 0xff, 0xff, 0x00, 0xb6, 0xc3, 0x53, 0x25, 0xef, 0xfc, 0xff, 0xff,
    0xff, 0x80, 0x23, 0xfa, 0x5e, 0x25, 0xd6, 0xf7, 0xff, 0xff, 0xff, 0x00,
    0x17, 0x1c, 0x51, 0x25, 0xe9, 0xf8, 0xff, 0xff, 0xff, 0x80, 0x82, 0x46,
    0x73, 0x26, 0xc7, 0xfc, 0xff, 0xff, 0xff, 0x00, 0xd8, 0x7f, 0x48, 0x25,
    0xc0, 0x07, 0x50, 0xf1, 0xed, 0x2f, 0x31, 0x80, 0x70, 0x50, 0x40, 0x20,
    0x70, 0x11, 0x51, 0x31, 0xf1, 0xc0, 0x00, 0x02, 0xb1, 0xc0, 0x72, 0xb2,
    0xe1, 0xd0, 0xa0, 0x90, 0xf2, 0x91, 0x81, 0x61, 0x41, 0x61, 0x30, 0x22,
    0x82, 0x3b, 0x00, 0xe0, 0x42, 0x25, 0x02, 0x12, 0x2e, 0x1f, 0xfd, 0x20,
    0x02, 0xc0, 0x1a, 0x42, 0xca, 0x16, 0x05, 0x3e, 0x80, 0x01, 0x02, 0x18,
    0x18, 0x28, 0x06, 0x0a, 0x08, 0x0b, 0x00, 0x91, 0x9e, 0xb5, 0x40, 0x79,
    0x31, 0xac, 0xff, 0x00, 0xe0, 0x2e, 0x3f, 0x1c, 0x85, 0x8f, 0x06, 0xdd,
    0xfb, 0x7f, 0x50, 0xe1, 0x7c, 0x54, 0x00, 0x70, 0xd0, 0xf3, 0x0b, 0x08,
    0x86, 0x41, 0xb6, 0xa4, 0x02, 0xa2, 0xd3, 0x5e, 0x18, 0x9d, 0xc5, 0x82,
    0x27, 0x00, 0x30, 0x03, 0x40, 0xc7, 0xc4, 0xed, 0x1d, 0x08, 0x00, 0x84,
    0x9a, 0x55, 0x0d, 0xe5, 0x9f, 0x22, 0x27, 0x01, 0x80, 0xea, 0xda, 0xb8,
    0x55, 0xdc, 0x38, 0xfc, 0xdf, 0xef, 0x01, 0xf8, 0x61, 0x90, 0x76, 0xde,
    0x76, 0xff, 0x6f, 0x66, 0xf6, 0xe8, 0xea, 0xfc, 0xff, 0xf2, 0x38, 0x37,
    0x9d, 0xff, 0xff, 0xff, 0xff, 0xff, 0xff, 0xff, 0xff, 0xff, 0xff, 0xff,
    0xff, 0x0f, 0xb0, 0xc3, 0x00, 0x30, 0xf0, 0x1f, 0x00, 0xd8, 0x6e, 0xf4,
    0xb6, 0x3e, 0xa2, 0xc5, 0xd9, 0x99, 0x36, 0x12, 0x1f, 0x47, 0x00, 0xc0,
    0x8e, 0xb7, 0x94, 0x06, 0xdb, 0x11, 0x01, 0x40, 0x0a, 0x48, 0x52, 0xb1,
    0x70, 0xe6, 0xae, 0xdb, 0xf9, 0xae, 0x28, 0xec, 0xe8, 0xfd, 0x00, 0x00,
    0xe6, 0x67, 0x83, 0x61, 0x79, 0x7c, 0x04, 0x12, 0x76, 0xa6, 0x30, 0xb9,
    0xad, 0xd8, 0x00, 0x00, 0xf1, 0x3f, 0x48, 0x92, 0x1b, 0x40, 0x59, 0x04,
    0x29, 0x76, 0xc0, 0xc8, 0x00, 0x02, 0xd5, 0xfa, 0x88, 0xd1, 0x70, 0x7c,
    0x1a, 0x00, 0x80, 0x26, 0x14, 0x0b, 0x18, 0xa6, 0x7d, 0x0c, 0x6b, 0x01,
    0x00, 0x60, 0xe3, 0x1f, 0xc0, 0x66, 0xfe, 0xff, 0xd3, 0x2c, 0xf0, 0xff,
    0xff, 0xff, 0xff, 0xff, 0xff, 0xff, 0xff, 0xff, 0xff, 0xff, 0xff, 0xff,
    0xff, 0xf0, 0xff, 0xff, 0xff, 0xff, 0xff, 0xff, 0xff, 0xff, 0xff, 0xff,
    0xff, 0xff, 0xff, 0xff, 0x1e, 0x0a, 0x00, 0x00, 0x00, 0x80, 0x3d, 0xf9,
    0x45, 0x25, 0x71, 0xf6, 0xff, 0xff, 0xff, 0x80, 0x19, 0xaf, 0x5c, 0x26,
    0xd4, 0x09, 0x00, 0x00, 0x00, 0x00, 0xbc, 0x68, 0x53, 0x26, 0x61, 0xf6,
    0xff, 0xff, 0xff, 0x80, 0x5e, 0x00, 0x57, 0x26, 0xc7, 0x11, 0x00, 0x00,
    0x00, 0x00, 0x17, 0xbe, 0x51, 0x25, 0x3d, 0x0b, 0x00, 0x00, 0x00, 0x00,
    0x67, 0x01, 0x59, 0x26, 0x4c, 0xf7, 0xff, 0xff, 0xff, 0x80, 0xf2, 0x33,
    0x65, 0x26, 0xbb, 0x04, 0x00, 0x00, 0x00, 0x80, 0x66, 0xfc, 0x50, 0x25,
    0xd4, 0xf4, 0xff, 0xff, 0xff, 0x80, 0x58, 0xae, 0x46, 0x25, 0xc1, 0xfc,
    0xff, 0xff, 0xff, 0x00, 0xf1, 0xc0, 0x51, 0x25, 0x8d, 0xf6, 0xff, 0xff,
    0xff, 0x00, 0x22, 0x57, 0x5e, 0x26, 0x46, 0x16, 0x00, 0x00, 0x00, 0x00,
    0xfb, 0x5e, 0x4e, 0x26, 0x92, 0x08, 0x00, 0x00, 0x00, 0x00, 0x08, 0x8d,
    0x6d, 0x26, 0x7e, 0xf7, 0xff, 0xff, 0xff, 0x80, 0x38, 0x30, 0x78, 0x26,
    0x61, 0xfb, 0xff, 0xff, 0xff, 0x80, 0x40, 0x06, 0x46, 0x25, 0xbc, 0x0e,
    0x00, 0x00, 0x00, 0x80, 0x44, 0xf0, 0x46, 0x26, 0x78, 0x02, 0xd4, 0xf1,
    0xfd, 0xef, 0xdf, 0x12, 0x02, 0xd6, 0x43, 0x33, 0x91, 0x50, 0xbf, 0x2e,
    0xde, 0x7d, 0x6d, 0xcd, 0xbc, 0x2c, 0xdc, 0x9b, 0xdb, 0x5a, 0xba, 0x59,
    0xe9, 0x88, 0x48, 0x88, 0x47, 0xa7, 0x86, 0x76, 0x36, 0x00, 0x00, 0x10,
    0x34, 0xce, 0x2c, 0x00, 0x81, 0x11, 0x9c, 0x38, 0x09, 0x00, 0x82, 0x02,
    0x2b, 0xa0, 0x70, 0x23, 0x65, 0x98, 0x74, 0x0f, 0x00, 0x90, 0xd6, 0x31,
    0x00, 0x7e, 0x23, 0x03, 0x2b, 0xb0, 0xf0, 0xbf, 0x40, 0x6f, 0x2d, 0x28,
    0x21, 0xf4, 0xff, 0x83, 0x29, 0x80, 0x4f, 0x71, 0xc8, 0x03, 0x80, 0x05,
    0x00, 0x54, 0x91, 0x50, 0x1a, 0x00, 0x3a, 0x67, 0x42, 0x04, 0x00, 0x40,
    0x24, 0x00, 0xb9, 0xc3, 0x6c, 0xd0, 0x75, 0xc0, 0x00, 0x7c, 0x7b, 0xc3,
    0xe7, 0x7f, 0x4c, 0x00, 0xff, 0xff, 0x0f, 0xff, 0xff, 0xff, 0xff, 0xff,
    0xff, 0xff, 0xff, 0xff, 0x88, 0xff, 0xff, 0xff, 0xff, 0x80, 0xee, 0x1f,
    0x41, 0x25, 0xa9, 0xfc, 0xff, 0xff, 0xff, 0x00, 0x27, 0x24, 0x4e, 0x26,
    0x01, 0x32, 0x00, 0x00, 0x00, 0x80, 0x98, 0xde, 0x52, 0x27, 0x15, 0xf9,
    0xff, 0xff, 0xff, 0x00, 0x28, 0xb8, 0x41, 0x25, 0x0e, 0x0f, 0x00, 0x00,
    0x00, 0x00, 0xfd, 0x6f, 0x45, 0x25, 0x6f, 0x0b, 0x00, 0x00, 0x00, 0x80,
    0x51, 0xf0, 0x4f, 0x26, 0x45, 0xf1, 0xff, 0xff, 0xff, 0x80, 0xf2, 0x43,
    0x56, 0x26, 0xdd, 0x14, 0x00, 0x00, 0x00, 0x00, 0xa6, 0xbd, 0x7b, 0x27,
    0xf8, 0x00, 0x00, 0x00, 0x00, 0x80, 0x98, 0x59, 0x51, 0x25, 0x4c, 0x08,
    0x00, 0x00, 0x00, 0x80, 0x9d, 0x9f, 0x68, 0x26, 0x4e, 0xfb, 0xff, 0xff,
    0xff, 0x00, 0x58, 0x7d, 0x4e, 0x26, 0x11, 0x05, 0x00, 0x00, 0x00, 0x80,
    0x46, 0x1f, 0x64, 0x26, 0x53, 0xf7, 0xff, 0xff, 0xff, 0x80, 0x45, 0x56,
    0x49, 0x25, 0xa4, 0x05, 0x00, 0x00, 0x00, 0x00, 0x98, 0xf0, 0x5d, 0x25,
    0xe3, 0xf4, 0xff, 0xff, 0xff, 0x00, 0x86, 0x32, 0x5d, 0x26, 0xdd, 0x02,
    0x00, 0x00, 0x00, 0x80, 0x95, 0x5e, 0x71, 0x26, 0xd8, 0x07, 0x5c, 0x01,
    0x0c, 0x00, 0x39, 0x27, 0x38, 0x47, 0x08, 0xfd, 0xda, 0x43, 0x00, 0x20,
    0x60, 0xf6, 0xc5, 0xdf, 0x23, 0xd4, 0x20, 0x0b, 0x00, 0x63, 0x7d, 0x9f,
    0x41, 0x55, 0x3a, 0x17, 0x2c, 0x45, 0x2b, 0xeb, 0x9e, 0x68, 0x4d, 0xa4,
    0xfd, 0x00, 0x40, 0x80, 0x80, 0x42, 0x40, 0x23, 0x77, 0xb0, 0x08, 0x02,
    0xf9, 0xfc, 0x1c, 0x7c, 0x0b, 0x88, 0x51, 0xdd, 0x1d, 0x52, 0x12, 0x10,
    0x7e, 0xa6, 0x6c, 0x94, 0x10, 0x30, 0x84, 0x71, 0x0c, 0xd5, 0x1f, 0x95,
    0x28, 0x01, 0x20, 0x4c, 0x52, 0x03, 0x1d, 0x34, 0x28, 0x87, 0x19, 0x56,
    0xad, 0xc0, 0x60, 0x0a, 0x34, 0x11, 0xfd, 0x00, 0x50, 0x75, 0x00, 0x60,
    0x25, 0xe7, 0xe7, 0x31, 0x03, 0x02, 0xa2, 0x1d, 0x0e, 0x22, 0xf0, 0xfd,
    0x39, 0x0a, 0x00, 0xf0, 0x26, 0x32, 0x13, 0xe2, 0x51, 0x9b, 0x27, 0xa7,
    0x80, 0x12, 0x6c, 0x43, 0x60, 0xc6, 0xdf, 0x03, 0xf0, 0x68, 0x8f, 0x4b,
    0x43, 0x7a, 0x48, 0x9d, 0x98, 0xff, 0x9f, 0x27, 0x40, 0xbb, 0x21, 0x71,
    0x36, 0x44, 0xf5, 0xff, 0x2e, 0x32, 0x12, 0x3d, 0x18, 0x08, 0x8e, 0x0a,
    0xff, 0xff, 0xff, 0xff, 0xff, 0xff, 0xff, 0xff, 0xff, 0xff, 0xff, 0xff,
    0x0f, 0x00, 0x00, 0x00, 0xc0, 0xd7, 0x5f, 0x77, 0x8c, 0xea, 0xe9, 0xc0,
    0x3f, 0xf0, 0xbc, 0xee, 0x54, 0xc4, 0xe5, 0xfc, 0x08, 0x00, 0x76, 0xcd,
    0x3a, 0xfd, 0x47, 0x48, 0x8a, 0x26, 0x00, 0x40, 0x63, 0xc1, 0xff, 0xa2,
    0xe0, 0xd0, 0x9f, 0xc2, 0x32, 0xa6, 0x64, 0x50, 0xc5, 0x7f, 0x71, 0x03,
    0x00, 0x21, 0x25, 0xb4, 0x52, 0x86, 0x18, 0x18, 0x12, 0x00, 0x30, 0xbc,
    0x95, 0xf0, 0x91, 0xc6, 0xd3, 0x35, 0x95, 0xc5, 0x2f, 0x01, 0x7a, 0xa1,
    0xc5, 0x66, 0x09, 0x00, 0x45, 0x03, 0x5e, 0x2b, 0x54, 0x11, 0x36, 0xb5,
    0x00, 0x70, 0xd7, 0xa2, 0x43, 0xa3, 0xd3, 0x00, 0x49, 0x00, 0x2b, 0x65,
    0x30, 0x57, 0x00, 0x93, 0x79, 0x03, 0x00, 0x1f, 0x43, 0x19, 0x68, 0x43,
    0x1d, 0x40, 0x10, 0x00, 0xa0, 0x45, 0xc0, 0xb2, 0x84, 0x00, 0x63, 0xd4,
    0x40, 0x82, 0x54, 0x31, 0xc0, 0x7f, 0xf9, 0x66, 0xf1, 0xff, 0x0a, 0xca,
    0x2f, 0x4b, 0xff, 0xff, 0xff, 0xff, 0xff, 0xff, 0xff, 0xff, 0xff, 0xff,
    0xff, 0xff, 0xff, 0xff, 0x0f, 0xff, 0xff, 0xff, 0xff, 0xff, 0xff, 0xff,
    0xff, 0xff, 0xff, 0xff, 0xff, 0xff, 0xff, 0xff, 0xb5, 0xf5, 0xff, 0xff,
    0xff, 0x00, 0x1f, 0x93, 0x40, 0x26, 0x31, 0x10, 0x00, 0x00, 0x00, 0x80,
    0x53, 0x00, 0x7d, 0x26, 0xe3, 0x20, 0x00, 0x00, 0x00, 0x00, 0x7a, 0x52,
    0x45, 0x25, 0x38, 0xed, 0xff, 0xff, 0xff, 0x80, 0x1c, 0xf2, 0x53, 0x26,
    0x1d, 0x12, 0x00, 0x00, 0x00, 0x80, 0x6b, 0x68, 0x5c, 0x25, 0x96, 0x13,
    0x00, 0x00, 0x00, 0x00, 0xb2, 0x31, 0x47, 0x25, 0xbf, 0x1d, 0x00, 0x00,
    0x00, 0x00, 0xbb, 0x2c, 0x78, 0x27, 0x6e, 0x10, 0x00, 0x00, 0x00, 0x80,
    0xcf, 0x7e, 0x7a, 0x25, 0xf3, 0x13, 0x00, 0x00, 0x00, 0x80, 0x40, 0x92,
    0x72, 0x26, 0xb5, 0xec, 0xff, 0xff, 0xff, 0x00, 0x37, 0x46, 0x77, 0x27,
    0x8c, 0x0c, 0x00, 0x00, 0x00, 0x80, 0xb5, 0xf0, 0x60, 0x26, 0xf4, 0x1e,
    0x00, 0x00, 0x00, 0x80, 0xb9, 0xcb, 0x5b, 0x26, 0x5a, 0xf2, 0xff, 0xff,
    0xff, 0x80, 0xd3, 0x23, 0x62, 0x26, 0x2f, 0x05, 0x00, 0x00, 0x00, 0x80,
    0xdc, 0xd4, 0x57, 0x26, 0x23, 0x0b, 0x00, 0x00, 0x00, 0x00, 0x31, 0x27,
    0x66, 0x26, 0xf7, 0x03, 0x00, 0x00, 0x00, 0x00, 0xe4, 0x74, 0x5b, 0x26,
    0xfe, 0x03, 0x54, 0xf0, 0x0d, 0xf0, 0xef, 0xdf, 0x23, 0xde, 0x3a, 0x0a,
    0x57, 0x06, 0x96, 0x55, 0xe5, 0x34, 0xf4, 0xd3, 0x32, 0x82, 0xd1, 0x30,
    0xb0, 0x9f, 0x4f, 0xdf, 0xce, 0x1e, 0xfe, 0x9d, 0xfd, 0xcb, 0xeb, 0x6a,
    0xca, 0x1b, 0x53, 0x8e, 0xdf, 0x4c, 0xba, 0xa2, 0x99, 0xe0, 0x12, 0xa6,
    0xbe, 0x8b, 0x78, 0x7c, 0x08, 0x73, 0xfd, 0xf6, 0x5f, 0x87, 0x05, 0x1b,
    0xad, 0xdf, 0x2c, 0x89, 0x10, 0xbb, 0x09, 0xbc, 0xb3, 0x4b, 0x9d, 0xec,
    0xa5, 0x6e, 0xe0, 0x50, 0xef, 0x82, 0xd5, 0xa9, 0xc8, 0x04, 0x98, 0x97,
    0x23, 0x55, 0x10, 0x07, 0xef, 0xe6, 0x73, 0x04, 0x00, 0x00, 0x00, 0x00,
    0x9c, 0xd3, 0x0e, 0x98, 0xa7, 0x27, 0x0c, 0x7b, 0x94, 0x39, 0x79, 0x08,
    0x58, 0xec, 0x87, 0xf6, 0x8f, 0x5c, 0x54, 0x84, 0xc0, 0xab, 0xf6, 0x6f,
    0xdb, 0x20, 0x60, 0x8a, 0x00, 0xe1, 0xcb, 0x9f, 0x2d, 0xc4, 0x44, 0xdb,
    0x26, 0x3b, 0x41, 0xa8, 0x49, 0x36, 0x71, 0x80, 0x09, 0xdf, 0x66, 0x1d,
    0x5a, 0xac, 0x38, 0x01, 0x00, 0x00, 0x00, 0x00, 0xfe, 0xff, 0xff, 0xff,
    0xff, 0xff, 0xff, 0xff, 0x40, 0x00, 0x00, 0x00, 0x00, 0x80, 0x91, 0xe3,
    0x48, 0x25, 0x02, 0xfa, 0xff, 0xff, 0xff, 0x80, 0x11, 0x62, 0x41, 0x24,
    0xb0, 0xf2, 0xff, 0xff, 0xff, 0x00, 0x6f, 0xe3, 0x62, 0x25, 0x1c, 0xf1,
    0xff, 0xff, 0xff, 0x00, 0xb1, 0x90, 0x73, 0x26, 0x39, 0xfb, 0xff, 0xff,
    0xff, 0x80, 0xe1, 0x0a, 0x69, 0x25, 0xb3, 0xfb, 0xff, 0xff, 0xff, 0x80,
    0x35, 0x7a, 0x41, 0x24, 0x7d, 0xf6, 0xff, 0xff, 0xff, 0x00, 0xfa, 0x73,
    0x51, 0x24, 0xe7, 0xfb, 0xff, 0xff, 0xff, 0x00, 0x37, 0xab, 0x64, 0x25,
    0x58, 0xf8, 0xff, 0xff, 0xff, 0x80, 0xca, 0xa5, 0x74, 0x25, 0x36, 0xfe,
    0xff, 0xff, 0xff, 0x80, 0x61, 0x31, 0x78, 0x26, 0x5c, 0xf5, 0xff, 0xff,
    0xff, 0x80, 0xce, 0x4c, 0x4f, 0x24, 0x5a, 0xf7, 0xff, 0xff, 0xff, 0x00,
    0xfb, 0x68, 0x65, 0x25, 0x1f, 0xf7, 0xff, 0xff, 0xff, 0x00, 0xb7, 0xe7,
    0x72, 0x26, 0xe4, 0xff, 0xff, 0xff, 0xff, 0x00, 0x1f, 0xab, 0x60, 0x25,
    0xcd, 0xfc, 0xff, 0xff, 0xff, 0x80, 0x98, 0x8a, 0x49, 0x24, 0xc5, 0xfc,
    0xff, 0xff, 0xff, 0x00, 0x48, 0x48, 0x76, 0x26, 0xc0, 0x07, 0x50, 0xf1,
    0xed, 0x5f, 0xd0, 0x50, 0x31, 0x41, 0xc0, 0xa0, 0x80, 0x70, 0xf1, 0x30,
    0xb0, 0x41, 0xe1, 0x90, 0x70, 0x20, 0x50, 0xf2, 0xf1, 0x12, 0xd2, 0x91,
    0xb1, 0x60, 0x70, 0xd4, 0x62, 0x42, 0x32, 0x22, 0x02, 0x99, 0x00, 0x90,
    0xfe, 0x03, 0x0c, 0xa2, 0xfb, 0xd9, 0x42, 0x00, 0x00, 0x1c, 0xee, 0xb3,
    0x62, 0xa0, 0xf9, 0xf1, 0xf0, 0xf6, 0x00, 0xf1, 0xef, 0x1d, 0xc8, 0xd3,
    0x43, 0x76, 0x5c, 0x0f, 0x39, 0x11, 0x15, 0x00, 0xc0, 0xe4, 0xa1, 0x48,
    0xea, 0x15, 0x02, 0x98, 0xea, 0x22, 0x0c, 0xc8, 0xe6, 0x25, 0xf0, 0x11,
    0x00, 0x04, 0x80, 0xc5, 0x4b, 0xf5, 0x01, 0x7c, 0x00, 0xe8, 0x04, 0x48,
    0x34, 0x19, 0xf2, 0xe4, 0xee, 0xff, 0x6d, 0x23, 0x5b, 0xd8, 0x3a, 0x0f,
    0x00, 0xc4, 0x31, 0xec, 0xfb, 0xdf, 0xe6, 0xe6, 0xa7, 0xa3, 0x54, 0x18,
    0x00, 0xc0, 0x88, 0x76, 0x08, 0x23, 0x1f, 0x29, 0x1e, 0x3c, 0xaa, 0x00,
    0x08, 0xdc, 0x0d, 0x57, 0x27, 0xaa, 0xf5, 0x82, 0x80, 0xf8, 0x40, 0x3e,
    0x42, 0xb6, 0xe3, 0x09, 0x87, 0xff, 0xb7, 0xff, 0x87, 0x35, 0x39, 0x3a,
    0x15, 0xfb, 0xff, 0xff, 0xff, 0xff, 0xff, 0xff, 0xff, 0xff, 0xff, 0xff,
    0xff, 0x7f, 0x02, 0xe6, 0x04, 0x80, 0x87, 0xd1, 0x00, 0x20, 0x3c, 0x65,
    0xc0, 0x3b, 0xf9, 0x26, 0x04, 0xb0, 0x61, 0x6b, 0xbe, 0x5a, 0x4d, 0xaf,
    0x81, 0xd7, 0xc5, 0xe1, 0xe4, 0x98, 0xa8, 0x03, 0x00, 0xff, 0xec, 0x34,
    0xe6, 0xc3, 0x3d, 0x00, 0x04, 0x1c, 0x34, 0xe7, 0xff, 0x06, 0x97, 0x70,
    0xfa, 0xe9, 0x04, 0x13, 0x00, 0x90, 0x2e, 0x09, 0x01, 0xad, 0x71, 0xeb,
    0xcb, 0x78, 0x10, 0x00, 0x18, 0x69, 0x06, 0xe0, 0x58, 0x73, 0xf8, 0x00,
    0xe0, 0xd8, 0x40, 0x0c, 0xe9, 0xbc, 0x5b, 0xa4, 0x00, 0x10, 0x3c, 0x0d,
    0x10, 0xae, 0xcc, 0x1d, 0x00, 0x3a, 0x74, 0xd9, 0x01, 0x08, 0x43, 0x34,
    0x00, 0x14, 0x42, 0x99, 0x70, 0xff, 0xbf, 0x52, 0xc0, 0xff, 0xff, 0xff,
    0xff, 0xff, 0xff, 0xff, 0xff, 0xff, 0xff, 0xff, 0xff, 0xff, 0xff, 0xc3,
    0xff, 0xff, 0xff, 0xff, 0xff, 0xff, 0xff, 0xff, 0xff, 0xff, 0xff, 0xff,
    0x83, 0xfa, 0xff, 0xff, 0xff, 0x80, 0xf0, 0xc5, 0x6a, 0x26, 0xfe, 0x07,
    0x00, 0x00, 0x00, 0x00, 0x59, 0xe3, 0x43, 0x24, 0x2b, 0xf0, 0xff, 0xff,
    0xff, 0x80, 0xba, 0x53, 0x50, 0x26, 0x3e, 0x0a, 0x00, 0x00, 0x00, 0x00,
    0x96, 0xec, 0x58, 0x26, 0x6f, 0x05, 0x00, 0x00, 0x00, 0x00, 0x3a, 0x31,
    0x76, 0x25, 0x16, 0x19, 0x00, 0x00, 0x00, 0x00, 0x59, 0xc9, 0x40, 0x25,
    0xae, 0xf0, 0xff, 0xff, 0xff, 0x00, 0xcf, 0xc8, 0x7d, 0x25, 0x73, 0x0e,
    0x00, 0x00, 0x00, 0x80, 0xa4, 0x39, 0x70, 0x26, 0x15, 0x02, 0x00, 0x00,
    0x00, 0x80, 0x97, 0xa1, 0x4d, 0x25, 0x76, 0x01, 0x00, 0x00, 0x00, 0x00,
    0x5f, 0x07, 0x5b, 0x25, 0x73, 0x14, 0x00, 0x00, 0x00, 0x80, 0x55, 0x70,
    0x44, 0x25, 0x8e, 0xf8, 0xff, 0xff, 0xff, 0x80, 0xe3, 0x96, 0x4d, 0x24,
    0x4a, 0x0b, 0x00, 0x00, 0x00, 0x00, 0x18, 0x51, 0x4e, 0x25, 0x45, 0x03,
    0x00, 0x00, 0x00, 0x80, 0x18, 0x32, 0x6c, 0x26, 0xa8, 0xf8, 0xff, 0xff,
    0xff, 0x80, 0xb2, 0x4c, 0x5b, 0x26, 0x70, 0xef, 0xff, 0xff, 0xff, 0x80,
    0x37, 0x31, 0x40, 0x25, 0xfe, 0x01, 0x48, 0xd0, 0x0d, 0xf0, 0xef, 0xef,
    0xa6, 0x94, 0x72, 0x81, 0xe0, 0x3e, 0xbe, 0x1d, 0xfc, 0xfb, 0xe8, 0xa8,
    0x57, 0xe7, 0xc5, 0xb5, 0xa5, 0x65, 0x15, 0xe5, 0x54, 0x44, 0xc3, 0x22,
    0xe2, 0x31, 0xc0, 0xe9, 0x75, 0xe7, 0xcc, 0xdb, 0xa6, 0xbf, 0x5d, 0xff,
    0x6a, 0xf4, 0x77, 0xcd, 0xc3, 0x02, 0xa8, 0x48, 0x55, 0x6e, 0x37, 0x00,
    0x00, 0xda, 0x97, 0x59, 0x6a, 0xeb, 0xd8, 0xdd, 0xed, 0xc3, 0x00, 0x70,
    0xd9, 0x0d, 0x00, 0xf0, 0xff, 0xff, 0xff, 0xff, 0xff, 0xff, 0xff, 0xff,
    0x13, 0x16, 0x00, 0x00, 0x00, 0x80, 0x15, 0x5c, 0x60, 0x26, 0x94, 0x00,
    0x00, 0x00, 0x00, 0x80, 0x0e, 0x5f, 0x40, 0x25, 0x52, 0x18, 0x00, 0x00,
    0x00, 0x80, 0xc2, 0xee, 0x50, 0x26, 0x6b, 0x05, 0x00, 0x00, 0x00, 0x80,
    0xc1, 0x8e, 0x72, 0x26, 0x5f, 0x0d, 0x00, 0x00, 0x00, 0x00, 0x01, 0xb2,
    0x6d, 0x26, 0x5a, 0x08, 0x00, 0x00, 0x00, 0x80, 0x6d, 0xfc, 0x69, 0x26,
    0xff, 0x0c, 0x00, 0x00, 0x00, 0x80, 0xa9, 0xba, 0x68, 0x26, 0xf6, 0x06,
    0x00, 0x00, 0x00, 0x00, 0xd8, 0xc0, 0x55, 0x25, 0x78, 0x0f, 0x00, 0x00,
    0x00, 0x80, 0xa3, 0xb8, 0x5a, 0x26, 0xbd, 0x12, 0x00, 0x00, 0x00, 0x00,
    0x96, 0xa6, 0x7c, 0x26, 0x1b, 0x01, 0x00, 0x00, 0x00, 0x80, 0x87, 0xe0,
    0x66, 0x26, 0x15, 0xf2, 0xff, 0xff, 0xff, 0x00, 0xd7, 0xd7, 0x61, 0x25,
    0x1f, 0xf5, 0xff, 0xff, 0xff, 0x80, 0x38, 0xdf, 0x44, 0x25, 0xfe, 0x33,
    0x00, 0x00, 0x00, 0x00, 0xde, 0x79, 0x6a, 0x27, 0x1d, 0x1b, 0x00, 0x00,
    0x00, 0x80, 0x27, 0xb6, 0x78, 0x26, 0xaa, 0xf8, 0xff, 0xff, 0xff, 0x80,
    0x9d, 0x5b, 0x5a, 0x26, 0xf8, 0x07, 0x5c, 0x01, 0x0c, 0x00, 0xfb, 0x02,
    0xb2, 0x67, 0x96, 0xd8, 0x6d, 0xb5, 0x00, 0xf0, 0xf1, 0x61, 0xe4, 0x11,
    0xc4, 0x72, 0x82, 0x01, 0x00, 0x7b, 0x31, 0xf5, 0x2a, 0xad, 0xfd, 0x0e,
    0x4a, 0x2b, 0xfd, 0x0a, 0x1f, 0x58, 0x05, 0x8c, 0x64, 0x00, 0xe0, 0x3a,
    0x15, 0x4d, 0x58, 0xb7, 0x9c, 0x0d, 0x01, 0x00, 0x8a, 0x67, 0xcd, 0x83,
    0x26, 0x21, 0x45, 0x5d, 0x89, 0xb9, 0x65, 0x08, 0x8e, 0xad, 0xfc, 0x11,
    0x00, 0x90, 0x00, 0x53, 0x85, 0x36, 0x18, 0x02, 0x45, 0x08, 0x00, 0x2c,
    0x06, 0x2d, 0x9f, 0x83, 0xfd, 0x96, 0x07, 0x05, 0x2d, 0xfc, 0x55, 0x20,
    0x6f, 0x3c, 0x02, 0x00, 0xa0, 0xd0, 0x90, 0x0c, 0x68, 0x9b, 0xc3, 0x40,
    0x01, 0x00, 0x1c, 0x34, 0x9f, 0x18, 0x22, 0x65, 0x6e, 0x0c, 0x23, 0x37,
    0xc2, 0x95, 0xfc, 0x4c, 0xb4, 0xb3, 0x00, 0xb0, 0x4a, 0x55, 0x03, 0x47,
    0xc4, 0x34, 0xc5, 0x0f, 0xf0, 0x61, 0x17, 0xd7, 0x44, 0x3c, 0x21, 0x9d,
    0x39, 0xff, 0x0f, 0x26, 0xb1, 0xd7, 0xaf, 0x44, 0xd6, 0xd0, 0xf1, 0xff,
    0xfa, 0x53, 0x35, 0xaa, 0x0c, 0x9d, 0x70, 0xfd, 0xff, 0xff, 0xff, 0xff,
    0xff, 0xff, 0xff, 0xff, 0xff, 0xff, 0xff, 0xff, 0x0f, 0x00, 0x00, 0x3f,
    0x0a, 0x26, 0x65, 0x31, 0xfd, 0xa5, 0x42, 0x00, 0x30, 0xf5, 0x39, 0xc5,
    0x41, 0x65, 0x83, 0xcc, 0x05, 0x00, 0x3f, 0x5b, 0x17, 0x7c, 0x80, 0x88,
    0x95, 0xa7, 0x4f, 0x07, 0x07, 0xfc, 0x1f, 0xca, 0x16, 0xa7, 0x00, 0xc0,
    0xcf, 0x50, 0x38, 0x16, 0x94, 0xba, 0x9e, 0x00, 0x00, 0x6a, 0x4f, 0x09,
    0x2e, 0x6d, 0xcf, 0x93, 0x01, 0xf1, 0x67, 0x9b, 0x16, 0x96, 0x1e, 0xfc,
    0x59, 0x00, 0xd0, 0x36, 0xf7, 0xd6, 0x2c, 0xea, 0xc3, 0x71, 0x01, 0x00,
    0x21, 0x6e, 0xaa, 0x3e, 0x20, 0x4f, 0x49, 0x1d, 0x81, 0xfd, 0xb1, 0x02,
    0x5c, 0x50, 0x5f, 0x5e, 0x00, 0xb0, 0xf0, 0xe9, 0x26, 0xc2, 0x9f, 0xc5,
    0x09, 0x03, 0x00, 0x34, 0x38, 0x0b, 0x79, 0xe4, 0x11, 0x27, 0x30, 0x02,
    0x0b, 0x2c, 0x85, 0x09, 0x13, 0xe9, 0x49, 0x00, 0xd0, 0x99, 0x70, 0xf0,
    0x38, 0xb1, 0xc2, 0x8f, 0xf5, 0xff, 0x14, 0x14, 0x1b, 0x6c, 0x1d, 0xcf,
    0xc4, 0x00, 0xff, 0xff, 0xff, 0xff, 0xff, 0xff, 0xff, 0xff, 0xff, 0xff,
    0xff, 0xff, 0xff, 0xff, 0x0f, 0xff, 0xff, 0xff, 0xff, 0xff, 0xff, 0xff,
    0xff, 0xff, 0xff, 0xff, 0x89, 0xff, 0xff, 0xff, 0xff, 0x80, 0x55, 0x01,
    0x58, 0x25, 0x01, 0xfe, 0xff, 0xff, 0xff, 0x80, 0x60, 0x52, 0x62, 0x25,
    0x70, 0xfd, 0xff, 0xff, 0xff, 0x80, 0x74, 0x95, 0x47, 0x24, 0x64, 0x1c,
    0x00, 0x00, 0x00, 0x00, 0x65, 0x54, 0x42, 0x25, 0x14, 0x16, 0x00, 0x00,
    0x00, 0x80, 0x63, 0xdd, 0x5f, 0x26, 0x12, 0xf5, 0xff, 0xff, 0xff, 0x00,
    0xc1, 0x22, 0x62, 0x25, 0x65, 0x02, 0x00, 0x00, 0x00, 0x80, 0x97, 0x47,
    0x42, 0x24, 0xd2, 0xed, 0xff, 0xff, 0xff, 0x80, 0xdb, 0xbc, 0x4f, 0x25,
    0xe3, 0xf4, 0xff, 0xff, 0xff, 0x80, 0xd8, 0x50, 0x7d, 0x26, 0x43, 0xf6,
    0xff, 0xff, 0xff, 0x00, 0x1d, 0x54, 0x5f, 0x25, 0xa0, 0xe5, 0xff, 0xff,
    0xff, 0x80, 0x1a, 0x13, 0x7a, 0x26, 0x59, 0xee, 0xff, 0xff, 0xff, 0x80,
    0xc9, 0x66, 0x75, 0x26, 0x1d, 0xf7, 0xff, 0xff, 0xff, 0x80, 0xcc, 0xf8,
    0x56, 0x25, 0x16, 0xf4, 0xff, 0xff, 0xff, 0x80, 0x57, 0xf7, 0x47, 0x25,
    0x9e, 0xf1, 0xff, 0xff, 0xff, 0x80, 0x15, 0x6c, 0x7d, 0x26, 0x6b, 0xf7,
    0xff, 0xff, 0xff, 0x80, 0x13, 0x99, 0x4d, 0x24, 0xfe, 0x01, 0x4c, 0xf0,
    0x0d, 0xe0, 0xff, 0x2f, 0xf9, 0x96, 0x8f, 0x5f, 0x2f, 0x4f, 0xce, 0xec,
    0x8b, 0xab, 0x2a, 0x4a, 0x19, 0x88, 0x77, 0x67, 0xc7, 0x46, 0x06, 0xf6,
    0xc4, 0x24, 0xc4, 0x63, 0x53, 0xc3, 0x52, 0x42, 0xa2, 0xfc, 0xa7, 0x17,
    0x20, 0x71, 0x58, 0x07, 0x0b, 0x72, 0x1a, 0x7d, 0x14, 0x0a, 0x3a, 0x8b,
    0x24, 0xef, 0x00, 0x80, 0x4f, 0xbf, 0x08, 0x60, 0x1d, 0x92, 0x22, 0xf5,
    0xfb, 0xc2, 0x28, 0x06, 0x90, 0x92, 0x87, 0x50, 0x06, 0x00, 0x00, 0xf0,
    0xff, 0xff, 0xff, 0xff, 0x3c, 0xf9, 0xff, 0xff, 0xff, 0x00, 0x7f, 0x3e,
    0x49, 0x25, 0x57, 0xfc, 0xff, 0xff, 0xff, 0x00, 0x0e, 0xdb, 0x58, 0x25,
    0xef, 0x01, 0x00, 0x00, 0x00, 0x00, 0x1f, 0xac, 0x42, 0x25, 0x97, 0x06,
    0x00, 0x00, 0x00, 0x00, 0x0c, 0xce, 0x51, 0x26, 0x4e, 0xfd, 0xff, 0xff,
    0xff, 0x80, 0x15, 0x51, 0x4c, 0x25, 0x26, 0xf3, 0xff, 0xff, 0xff, 0x80,
    0xfd, 0xdc, 0x44, 0x25, 0xa5, 0x01, 0x00, 0x00, 0x00, 0x80, 0xe5, 0x3c,
    0x5d, 0x25, 0x82, 0xfe, 0xff, 0xff, 0xff, 0x00, 0xf5, 0x6f, 0x65, 0x25,
    0xa5, 0xff, 0xff, 0xff, 0xff, 0x00, 0xd0, 0xc5, 0x5b, 0x26, 0x43, 0xf2,
    0xff, 0xff, 0xff, 0x00, 0xcf, 0x38, 0x41, 0x25, 0xd6, 0xf4, 0xff, 0xff,
    0xff, 0x00, 0x83, 0x51, 0x4a, 0x25, 0x73, 0x02, 0x00, 0x00, 0x00, 0x00,
    0xfb, 0x27, 0x7e, 0x26, 0xba, 0xff, 0xff, 0xff, 0xff, 0x00, 0xad, 0x02,
    0x7b, 0x26, 0x27, 0xfc, 0xff, 0xff, 0xff, 0x00, 0x2c, 0xc8, 0x76, 0x26,
    0x73, 0xf6, 0xff, 0xff, 0xff, 0x80, 0x43, 0xae, 0x56, 0x25, 0x20, 0xfd,
    0xff, 0xff, 0xff, 0x80, 0xe7, 0xc0, 0x4d, 0x25, 0xb8, 0x07, 0x50, 0xf1,
    0xed, 0x9f, 0xd0, 0x70, 0x30, 0x22, 0x51, 0x30, 0x20, 0x10, 0x32, 0xb1,
    0x40, 0x70, 0x01, 0xf1, 0xa0, 0xe0, 0xe1, 0x80, 0xd0, 0x52, 0xd2, 0x91,
    0x81, 0x41, 0x11, 0xf1, 0xa2, 0x72, 0xc2, 0xb1, 0xe1, 0xfb, 0x00, 0xd0,
    0xe9, 0x71, 0x6c, 0xe0, 0x43, 0x4c, 0x38, 0x06, 0x00, 0x1b, 0x05, 0x01,
    0x78, 0xfe, 0xdf, 0x96, 0xaf, 0xa3, 0x80, 0x58, 0x87, 0x05, 0x00, 0x58,
    0xcd, 0x9d, 0xa1, 0x31, 0x40, 0x78, 0xe0, 0x4a, 0x92, 0x89, 0x03, 0xfa,
    0x44, 0x92, 0x8f, 0x13, 0x0f, 0x00, 0x80, 0x55, 0x78, 0x01, 0x1e, 0xd0,
    0x20, 0x86, 0xc1, 0x00, 0x00, 0x2c, 0x66, 0xbc, 0x00, 0x04, 0xf2, 0xb5,
    0x03, 0x00, 0x60, 0xc1, 0xec, 0x58, 0x42, 0x5b, 0xb4, 0x7e, 0x87, 0xa0,
    0xf8, 0xda, 0x00, 0x37, 0x54, 0x5f, 0xe6, 0x5b, 0x00, 0x3a, 0x17, 0x05,
    0x5c, 0x23, 0x93, 0xb9, 0xf2, 0x7c, 0xf1, 0x1f, 0x00, 0x40, 0x93, 0xb5,
    0x74, 0xd6, 0x24, 0xe4, 0x34, 0x80, 0xb7, 0x55, 0xab, 0xb5, 0xda, 0xf4,
    0xbf, 0xff, 0xff, 0xf6, 0x1b, 0x78, 0x24, 0xc7, 0x4f, 0xfc, 0xff, 0x8e,
    0x3d, 0xf9, 0x7f, 0x01, 0x8e, 0x9d, 0x1a, 0xfe, 0xff, 0xff, 0xff, 0xff,
    0xff, 0xff, 0xff, 0xff, 0xff, 0xff, 0x07, 0x60, 0x1f, 0x00, 0xa0, 0x00,
    0x1c, 0x00, 0xd8, 0x03, 0x55, 0x10, 0xe1, 0xa2, 0x52, 0x01, 0x40, 0x29,
    0x5a, 0x3b, 0x91, 0x93, 0x74, 0x00, 0x00, 0xf8, 0x98, 0x42, 0x86, 0xa6,
    0xee, 0x12, 0x42, 0x41, 0x26, 0xf5, 0x8e, 0x04, 0x00, 0x89, 0x40, 0xf9,
    0xf9, 0x36, 0xb8, 0xf9, 0x3f, 0x23, 0x09, 0x40, 0x65, 0xa0, 0x95, 0x96,
    0x0b, 0x11, 0x32, 0x94, 0x0c, 0x3a, 0x19, 0x32, 0x8f, 0x08, 0x00, 0x46,
    0x83, 0x5f, 0x67, 0x1f, 0xc8, 0x2b, 0x6b, 0xe2, 0xcc, 0x1e, 0x17, 0xce,
    0xa1, 0x10, 0x40, 0xfc, 0x5b, 0x75, 0x01, 0x19, 0x02, 0x00, 0x80, 0x72,
    0xd2, 0x19, 0x88, 0xac, 0xf9, 0x7f, 0x0f, 0x31, 0xf8, 0xff, 0xff, 0xff,
    0xff, 0xff, 0xff, 0xff, 0xff, 0xff, 0xff, 0xff, 0xff, 0xff, 0x7f, 0xf8,
    0xff, 0xff, 0xff, 0xff, 0xff, 0xff, 0xff, 0xff, 0xff, 0xff, 0xff, 0xff,
    0xc4, 0x18, 0x00, 0x00, 0x00, 0x80, 0xe1, 0x59, 0x55, 0x26, 0x89, 0x1c,
    0x00, 0x00, 0x00, 0x00, 0x19, 0x69, 0x48, 0x26, 0xa6, 0x03, 0x00, 0x00,
    0x00, 0x80, 0x7a, 0x7b, 0x56, 0x25, 0xb8, 0xf3, 0xff, 0xff, 0xff, 0x80,
    0x18, 0xf7, 0x5b, 0x25, 0x51, 0x13, 0x00, 0x00, 0x00, 0x00, 0x2a, 0x83,
    0x5a, 0x25, 0xbb, 0x0d, 0x00, 0x00, 0x00, 0x80, 0xb0, 0xc0, 0x58, 0x26,
    0x07, 0x04, 0x00, 0x00, 0x00, 0x80, 0x78, 0x82, 0x56, 0x25, 0x45, 0x0d,
    0x00, 0x00, 0x00, 0x80, 0x27, 0x3c, 0x6d, 0x26, 0x3e, 0x02, 0x00, 0x00,
    0x00, 0x80, 0x79, 0x5b, 0x60, 0x25, 0xcb, 0xf7, 0xff, 0xff, 0xff, 0x00,
    0xb5, 0xb5, 0x5f, 0x26, 0xac, 0xfd, 0xff, 0xff, 0xff, 0x80, 0x41, 0xc0,
    0x62, 0x25, 0x80, 0x10, 0x00, 0x00, 0x00, 0x80, 0x53, 0x3a, 0x6e, 0x26,
    0x43, 0xf5, 0xff, 0xff, 0xff, 0x00, 0x8f, 0xcb, 0x6b, 0x26, 0xd1, 0x13,
    0x00, 0x00, 0x00, 0x80, 0x36, 0xd7, 0x5b, 0x26, 0x4b, 0x01, 0x00, 0x00,
    0x00, 0x80, 0x60, 0x39, 0x4c, 0x25, 0x23, 0xf5, 0xff, 0xff, 0xff, 0x80,
    0xfe, 0x81, 0x7a, 0x26, 0x86, 0x01, 0x54, 0xf0, 0x0d, 0xf0, 0xef, 0xbf,
    0x14, 0xca, 0x29, 0x19, 0xf7, 0xf5, 0x93, 0x63, 0xe2, 0x50, 0x6f, 0x2e,
    0xdd, 0x8c, 0x4c, 0xfc, 0xdb, 0x5b, 0x99, 0xf8, 0xe7, 0xb7, 0xa7, 0x97,
    0x87, 0x37, 0xb7, 0x86, 0x66, 0x00, 0x23, 0x01, 0x27, 0xb8, 0x1e, 0x5a,
    0x08, 0x81, 0x46, 0x1c, 0x0d, 0x8b, 0x0d, 0x53, 0x53, 0xc0, 0x7a, 0x30,
    0x81, 0x58, 0x17, 0x92, 0xd6, 0x57, 0x01, 0x55, 0x00, 0x00, 0xe9, 0x8a,
    0x33, 0xf2, 0x05, 0x00, 0x00, 0x00, 0x00, 0x00, 0x7e, 0x00, 0x00, 0x00,
    0x40, 0x80, 0x8e, 0x01, 0x90, 0x3b, 0xfc, 0x01, 0x7f, 0xc0, 0x42, 0x12,
    0xec, 0xc6, 0xef, 0xd7, 0xc2, 0x90, 0x76, 0x03, 0x19, 0xfb, 0xa7, 0xb8,
    0x9b, 0x90, 0xb9, 0xcb, 0x2f, 0x31, 0x9f, 0x75, 0x1b, 0xb8, 0x5d, 0x8c,
    0x76, 0x00, 0x48, 0x20, 0x00, 0x00, 0x00, 0x00, 0x00, 0x30, 0x03, 0x00,
    0x00, 0x00, 0x00, 0xfc, 0xff, 0xff, 0xff, 0xff, 0xff, 0xff, 0xff, 0xff,
    0xff, 0xff, 0xff, 0xff, 0xc2, 0xec, 0xff, 0xff, 0xff, 0x00, 0xa7, 0xb8,
    0x65, 0x26, 0x19, 0xe4, 0xff, 0xff, 0xff, 0x80, 0x8e, 0x85, 0x7e, 0x26,
    0x6b, 0x12, 0x00, 0x00, 0x00, 0x00, 0x8f, 0x5d, 0x59, 0x25, 0xab, 0x30,
    0x00, 0x00, 0x00, 0x80, 0x49, 0xf5, 0x43, 0x27, 0x71, 0x11, 0x00, 0x00,
    0x00, 0x80, 0x52, 0xde, 0x52, 0x26, 0xdf, 0x00, 0x00, 0x00, 0x00, 0x80,
    0x57, 0x8a, 0x7d, 0x26, 0xfc, 0x00, 0x00, 0x00, 0x00, 0x00, 0x74, 0xae,
    0x46, 0x25, 0xb2, 0xf3, 0xff, 0xff, 0xff, 0x80, 0xb7, 0xf4, 0x7f, 0x26,
    0xb2, 0xfe, 0xff, 0xff, 0xff, 0x80, 0x3f, 0x8e, 0x46, 0x25, 0xe0, 0x30,
    0x00, 0x00, 0x00, 0x00, 0x04, 0x33, 0x74, 0x26, 0x49, 0x18, 0x00, 0x00,
    0x00, 0x00, 0x52, 0xd1, 0x47, 0x25, 0x81, 0x23, 0x00, 0x00, 0x00, 0x00,
    0xfa, 0x6f, 0x74, 0x27, 0x79, 0xe8, 0xff, 0xff, 0xff, 0x80, 0xf6, 0x6f,
    0x54, 0x25, 0xfd, 0xe8, 0xff, 0xff, 0xff, 0x00, 0xd4, 0x8f, 0x59, 0x26,
    0xf0, 0x21, 0x00, 0x00, 0x00, 0x00, 0x41, 0x31, 0x54, 0x27, 0x61, 0x09,
    0x00, 0x00, 0x00, 0x00, 0x49, 0xee, 0x44, 0x25, 0xe0, 0x07, 0x5c, 0x01,
    0x8c, 0x00, 0x9d, 0x76, 0x94, 0xc9, 0x07, 0xee, 0x06, 0x66, 0x00, 0xd0,
    0xe1, 0x9e, 0x40, 0x94, 0xc4, 0x55, 0x34, 0x06, 0x00, 0x0f, 0x51, 0x87,
    0x33, 0x54, 0x12, 0x15, 0x48, 0x16, 0xbc, 0x1d, 0x39, 0x4b, 0xfd, 0x49,
    0xba, 0x20, 0x00, 0xd0, 0x31, 0x4f, 0xba, 0x77, 0xd6, 0x02, 0x03, 0x01,
    0x03, 0x21, 0xb9, 0x0c, 0x07, 0xce, 0x4c, 0xfd, 0x19, 0x38, 0x34, 0x43,
    0x41, 0x6d, 0x09, 0xac, 0x00, 0xd0, 0x36, 0xf0, 0xc1, 0x4f, 0xf9, 0x30,
    0x10, 0x0a, 0x00, 0x76, 0x92, 0xfc, 0x75, 0x04, 0xfc, 0x2a, 0x6b, 0x0b,
    0x5e, 0x94, 0x31, 0xb8, 0x8f, 0x2f, 0x56, 0x00, 0xd0, 0xef, 0x21, 0xc5,
    0xa0, 0x74, 0xd0, 0x88, 0x02, 0x00, 0x92, 0x9b, 0xa6, 0x0f, 0x56, 0x58,
    0xfc, 0x4b, 0x2f, 0xa9, 0x43, 0x44, 0x85, 0x7d, 0x16, 0x68, 0x00, 0xc0,
    0x5f, 0x2a, 0x30, 0x2c, 0x41, 0x64, 0xfd, 0x06, 0xf0, 0x31, 0x1c, 0x0c,
    0x1e, 0x6c, 0x76, 0x05, 0x6b, 0xff, 0x1f, 0xaa, 0xe5, 0x61, 0xc3, 0x26,
    0xf1, 0xc2, 0xff, 0xff, 0x12, 0x04, 0x42, 0x51, 0xb5, 0xbd, 0xc7, 0xfd,
    0xff, 0xff, 0xff, 0xff, 0xff, 0xff, 0xff, 0xff, 0xff, 0xff, 0xff, 0xff,
    0x0f, 0x00, 0x00, 0xf3, 0x69, 0x2a, 0xc6, 0x2e, 0xfd, 0x0b, 0x0a, 0x00,
    0xa0, 0x14, 0xa9, 0xd5, 0xe3, 0x40, 0xcb, 0xfa, 0x03, 0x00, 0xe2, 0x40,
    0xfd, 0xeb, 0xe9, 0x66, 0xfc, 0x14, 0x01, 0x67, 0x8e, 0x2a, 0x49, 0x15,
    0x7c, 0xfc, 0x00, 0x80, 0xb1, 0x57, 0x52, 0xa2, 0x55, 0xb1, 0x25, 0x0c,
    0x00, 0x27, 0x3a, 0x38, 0x1e, 0x9a, 0x15, 0x44, 0x42, 0x15, 0x06, 0x82,
    0x17, 0xfd, 0x30, 0x04, 0x16, 0x00, 0xf0, 0xc4, 0x59, 0xa3, 0x32, 0x45,
    0xa1, 0x53, 0x05, 0x00, 0x09, 0x3b, 0x77, 0x0f, 0x91, 0x2d, 0x19, 0xb5,
    0x65, 0x42, 0x16, 0x17, 0x13, 0x20, 0x1b, 0x40, 0x00, 0x50, 0xb0, 0x54,
    0x0e, 0x51, 0x9b, 0x11, 0x21, 0x05, 0x00, 0x68, 0x41, 0xe6, 0x69, 0x08,
    0x2a, 0x81, 0xac, 0x0a, 0x4e, 0x2e, 0x33, 0x06, 0x30, 0xca, 0x3d, 0x00,
    0x30, 0xb0, 0xd1, 0xdf, 0xb3, 0xf0, 0x11, 0xa3, 0xf4, 0xff, 0x04, 0x1d,
    0xbc, 0x1a, 0xcb, 0xff, 0xff, 0xff, 0xff, 0xff, 0xff, 0xff, 0xff, 0xff,
    0xff, 0xff, 0xff, 0xff, 0xff, 0x0f, 0xff, 0xff, 0xff, 0xff, 0xff, 0xff,
    0xff, 0xff, 0xff, 0xff, 0xff, 0xff, 0xff, 0xff, 0xed, 0xfd, 0xff, 0xff,
    0xff, 0x80, 0x2f, 0x5a, 0x4c, 0x25, 0x21, 0x17, 0x00, 0x00, 0x00, 0x00,
    0x0c, 0x3d, 0x5e, 0x26, 0x14, 0x25, 0x00, 0x00, 0x00, 0x00, 0xb3, 0xa5,
    0x5b, 0x26, 0x24, 0x1f, 0x00, 0x00, 0x00, 0x00, 0x5b, 0xdf, 0x66, 0x25,
    0x5b, 0x18, 0x00, 0x00, 0x00, 0x80, 0x34, 0x00, 0x5f, 0x26, 0xb1, 0x19,
    0x00, 0x00, 0x00, 0x00, 0x49, 0x1a, 0x47, 0x25, 0x4a, 0xf6, 0xff, 0xff,
    0xff, 0x00, 0x5d, 0x81, 0x5c, 0x26, 0x18, 0xf3, 0xff, 0xff, 0xff, 0x00,
    0x92, 0x47, 0x67, 0x26, 0x7d, 0x15, 0x00, 0x00, 0x00, 0x00, 0x1a, 0x60,
    0x45, 0x25, 0x03, 0x0a, 0x00, 0x00, 0x00, 0x00, 0x65, 0xa2, 0x4a, 0x25,
    0x0e, 0x03, 0x00, 0x00, 0x00, 0x80, 0xc5, 0xe0, 0x5a, 0x25, 0x3f, 0xe6,
    0xff, 0xff, 0xff, 0x80, 0x9d, 0x2e, 0x70, 0x26, 0x69, 0x1b, 0x00, 0x00,
    0x00, 0x00, 0x2c, 0x81, 0x59, 0x26, 0x1b, 0x0b, 0x00, 0x00, 0x00, 0x80,
    0xbf, 0xd8, 0x6b, 0x26, 0x4f, 0xec, 0xff, 0xff, 0xff, 0x80, 0x8d, 0xa8,
    0x75, 0x25, 0xb3, 0x00, 0x00, 0x00, 0x00, 0x00, 0x6e, 0xa9, 0x4a, 0x25,
    0xfe, 0x03, 0x54, 0xf0, 0x0d, 0xf0, 0xef, 0xcf, 0x17, 0x24, 0xbd, 0x98,
    0x18, 0x97, 0x76, 0x96, 0xb5, 0x24, 0x54, 0xa3, 0x92, 0x72, 0x42, 0x12,
    0xa2, 0x50, 0x40, 0xb0, 0xff, 0xce, 0x1e, 0x3e, 0xdd, 0xbc, 0x5c, 0xbc,
    0x0b, 0x76, 0xdd, 0xf4, 0xa6, 0xa2, 0x86, 0x3b, 0x67, 0x88, 0x00, 0x81,
    0xad, 0xce, 0xa1, 0xf8, 0x10, 0xde, 0xbd, 0x2a, 0xbf, 0x70, 0xc8, 0x10,
    0x9d, 0x37, 0xdc, 0x0b, 0x70, 0x08, 0xa5, 0xe8, 0xa5, 0x72, 0xfc, 0x2f,
    0xd5, 0x1e, 0x1f, 0xed, 0x3d, 0x90, 0x18, 0x6c, 0x34, 0xb8, 0x02, 0x70,
    0xff, 0x16, 0x63, 0xa4, 0x07, 0x00, 0x00, 0x12, 0xf7, 0x07, 0x00, 0x80,
    0xe0, 0xcc, 0x53, 0xda, 0xa9, 0x99, 0x72, 0x8c, 0x19, 0xb0, 0x64, 0xa1,
    0xb3, 0x1c, 0xc9, 0x8c, 0x37, 0x5d, 0x46, 0xfa, 0xed, 0x5b, 0xc2, 0x10,
    0x83, 0x1e, 0x13, 0x9c, 0x68, 0xe9, 0xe9, 0xc6, 0xa6, 0x4e, 0x55, 0x68,
    0xc7, 0x88, 0x88, 0x06, 0xe0, 0x9f, 0x96, 0xbc, 0x80, 0x82, 0xa7, 0x05,
    0x00, 0x00, 0x00, 0x00, 0xe0, 0xff, 0xff, 0xff, 0xff, 0xff, 0xff, 0xff,
    0xff, 0xff, 0xff, 0xff, 0x12, 0x05, 0x00, 0x00, 0x00, 0x80, 0xbb, 0x5f,
    0x58, 0x25, 0x0a, 0xf8, 0xff, 0xff, 0xff, 0x80, 0x07, 0x41, 0x79, 0x25,
    0x0a, 0xf9, 0xff, 0xff, 0xff, 0x80, 0xc4, 0x51, 0x5b, 0x25, 0x35, 0xf4,
    0xff, 0xff, 0xff, 0x80, 0x70, 0x72, 0x4d, 0x25, 0x68, 0x01, 0x00, 0x00,
    0x00, 0x00, 0x69, 0x0d, 0x74, 0x25, 0x15, 0xfa, 0xff, 0xff, 0xff, 0x80,
    0x7c, 0xde, 0x7f, 0x26, 0x7c, 0xf8, 0xff, 0xff, 0xff, 0x00, 0x55, 0x65,
    0x51, 0x25, 0xe9, 0xf2, 0xff, 0xff, 0xff, 0x00, 0xab, 0xe3, 0x56, 0x25,
    0x12, 0xfe, 0xff, 0xff, 0xff, 0x80, 0xde, 0x97, 0x7f, 0x25, 0x5c, 0xf9,
    0xff, 0xff, 0xff, 0x80, 0xbc, 0x78, 0x49, 0x25, 0x3d, 0xfd, 0xff, 0xff,
    0xff, 0x00, 0x88, 0xd5, 0x46, 0x25, 0xa3, 0x00, 0x00, 0x00, 0x00, 0x00,
    0x9f, 0x04, 0x51, 0x25, 0x0e, 0xf3, 0xff, 0xff, 0xff, 0x00, 0xb4, 0x32,
    0x61, 0x25, 0x21, 0xf1, 0xff, 0xff, 0xff, 0x00, 0xec, 0x7e, 0x76, 0x25,
    0xc3, 0xfe, 0xff, 0xff, 0xff, 0x80, 0x66, 0x3a, 0x68, 0x26, 0xc4, 0x02,
    0x00, 0x00, 0x00, 0x00, 0x2c, 0xb2, 0x4b, 0x25, 0xd0, 0x07, 0x50, 0xf1,
    0xed, 0x5f, 0x21, 0x21, 0x30, 0x83, 0x31, 0xe1, 0xb0, 0x71, 0xd1, 0xc0,
    0x10, 0x92, 0x60, 0x50, 0x40, 0x30, 0x00, 0x42, 0x22, 0xa2, 0x41, 0x11,
    0xa1, 0x80, 0x70, 0x95, 0x63, 0x73, 0xf2, 0xc1, 0x41, 0x67, 0x00, 0xc0,
    0xc4, 0x12, 0x80, 0x2f, 0x02, 0x43, 0x4d, 0x00, 0x00, 0x5c, 0x0b, 0x47,
    0x25, 0x58, 0x6b, 0xd6, 0xd5, 0xdf, 0x03, 0x00, 0xc4, 0x67, 0x20, 0x0b,
    0xb2, 0x88, 0x00, 0x00, 0x04, 0xfe, 0x2c, 0x11, 0xdc, 0x11, 0x00, 0xdc,
    0xfa, 0xbe, 0xd1, 0x4c, 0xe0, 0xb9, 0xd9, 0x98, 0x97, 0xc4, 0x16, 0xe4,
    0xbf, 0x01, 0xc0, 0x59, 0x2f, 0x1f, 0xa7, 0x04, 0x9f, 0xb6, 0x3f, 0x8b,
    0xb5, 0xf9, 0xf4, 0x10, 0xc0, 0x6d, 0x59, 0xdd, 0xc0, 0x87, 0x47, 0x6e,
    0x57, 0x3e, 0x20, 0xe8, 0xb9, 0x7e, 0x0b, 0x70, 0xf6, 0xba, 0x7f, 0x03,
    0x00, 0xe4, 0xd1, 0xd1, 0x29, 0x2f, 0xb6, 0x3b, 0x46, 0x4f, 0x4d, 0xc0,
    0x03, 0x08, 0x40, 0xee, 0x66, 0xec, 0xfe, 0x0c, 0xf0, 0x63, 0x52, 0xe7,
    0xa5, 0x8e, 0x63, 0x2e, 0x5a, 0xfa, 0xff, 0xcd, 0x03, 0x1e, 0x1b, 0x1a,
    0xff, 0x4f, 0xa3, 0x9c, 0xf7, 0xf2, 0xff, 0xff, 0xff, 0xff, 0xff, 0xff,
    0xff, 0xff, 0xff, 0xff, 0xff, 0xff, 0x82, 0x00, 0xd0, 0x93, 0x1d, 0xd0,
    0x04, 0x00, 0x92, 0x65, 0xb2, 0x8a, 0x92, 0x1e, 0x00, 0xe0, 0x5a, 0x78,
    0x49, 0xe2, 0x5a, 0xe8, 0xe4, 0x00, 0x60, 0x96, 0x73, 0x3a, 0x62, 0xb7,
    0x1f, 0xfe, 0x38, 0xe9, 0x97, 0xa7, 0x12, 0x9f, 0x00, 0xf0, 0x2c, 0x75,
    0x34, 0x1c, 0xe0, 0x3d, 0x21, 0x93, 0x01, 0x02, 0xdd, 0x00, 0xf0, 0xd7,
    0xf6, 0x98, 0x2d, 0x48, 0xce, 0x02, 0x40, 0x73, 0x8a, 0xa3, 0xab, 0x87,
    0xbf, 0x0f, 0x9d, 0xb8, 0x46, 0x3c, 0x0a, 0x00, 0x2e, 0x37, 0x4c, 0xc0,
    0xdf, 0x9b, 0xad, 0x03, 0xa4, 0x40, 0xcc, 0x90, 0x00, 0x60, 0x48, 0x1e,
    0xc9, 0x40, 0x0f, 0x00, 0x3c, 0xf8, 0x73, 0x00, 0x5e, 0x01, 0x00, 0x70,
    0xa1, 0x71, 0xd7, 0xff, 0x3f, 0xfc, 0xff, 0xff, 0xff, 0xff, 0xff, 0xff,
    0xff, 0xff, 0xff, 0xff, 0xff, 0xff, 0xff, 0x3f, 0xfc, 0xff, 0xff, 0xff,
    0x5a, 0xf3, 0xff, 0xff, 0xff, 0x80, 0xd0, 0x9f, 0x42, 0x25, 0x51, 0xf0,
    0xff, 0xff, 0xff, 0x80, 0x9c, 0xe8, 0x6a, 0x26, 0xdb, 0xf1, 0xff, 0xff,
    0xff, 0x00, 0x52, 0x53, 0x4a, 0x25, 0x12, 0xfc, 0xff, 0xff, 0xff, 0x80,
    0xaa, 0xd5, 0x4c, 0x25, 0xd9, 0x1b, 0x00, 0x00, 0x00, 0x80, 0xdd, 0x78,
    0x66, 0x26, 0x6a, 0x0a, 0x00, 0x00, 0x00, 0x80, 0xa2, 0xc6, 0x4b, 0x24,
    0x1e, 0xf8, 0xff, 0xff, 0xff, 0x80, 0x60, 0x4b, 0x79, 0x26, 0x5b, 0xf5,
    0xff, 0xff, 0xff, 0x80, 0x40, 0xf6, 0x50, 0x25, 0xf9, 0x11, 0x00, 0x00,
    0x00, 0x00, 0x08, 0x77, 0x40, 0x25, 0xbf, 0xfb, 0xff, 0xff, 0xff, 0x80,
    0x74, 0x5e, 0x5e, 0x25, 0x9b, 0x14, 0x00, 0x00, 0x00, 0x00, 0xd9, 0x71,
    0x7c, 0x26, 0x5c, 0xf9, 0xff, 0xff, 0xff, 0x00, 0xd6, 0x9f, 0x5d, 0x25,
    0xce, 0x11, 0x00, 0x00, 0x00, 0x80, 0x1b, 0x4b, 0x4e, 0x25, 0xe9, 0x17,
    0x00, 0x00, 0x00, 0x80, 0xc3, 0x2b, 0x66, 0x26, 0xc0, 0xfb, 0xff, 0xff,
    0xff, 0x80, 0x38, 0x7c, 0x6c, 0x25, 0xce, 0x00, 0x00, 0x00, 0x00, 0x00,
    0x5f, 0x98, 0x58, 0x25, 0xfe, 0x01, 0x48, 0xf0, 0x0d, 0xf0, 0xef, 0xbf,
    0x66, 0xb2, 0xb0, 0x0f, 0xee, 0x3d, 0x9d, 0x8c, 0xcc, 0x0b, 0x6a, 0xf8,
    0xf7, 0xc6, 0xf6, 0x35, 0xb5, 0x64, 0xc4, 0xb3, 0xe3, 0xc2, 0x32, 0xc2,
    0xb1, 0xa1, 0x60, 0x20, 0x70, 0xf2, 0x7a, 0xff, 0xb7, 0xd9, 0x31, 0xcb,
    0x8f, 0xf5, 0x1b, 0xf7, 0x82, 0x56, 0xa2, 0x80, 0xdf, 0x0b, 0x14, 0x08,
    0x37, 0x1f, 0x80, 0x5c, 0xdd, 0xfd, 0x2d, 0xcb, 0xef, 0xe4, 0x5b, 0x67,
    0x1f, 0xbc, 0x3b, 0x0e, 0x00, 0x03, 0x00, 0xc0, 0xff, 0xff, 0xff, 0xff,
    0x3c, 0x11, 0x00, 0x00, 0x00, 0x80, 0x70, 0x7a, 0x4a, 0x26, 0x7d, 0x23,
    0x00, 0x00, 0x00, 0x80, 0x11, 0x0c, 0x52, 0x26, 0x5a, 0xed, 0xff, 0xff,
    0xff, 0x00, 0x01, 0xa4, 0x66, 0x26, 0x99, 0x20, 0x00, 0x00, 0x00, 0x80,
    0x71, 0x04, 0x5c, 0x27, 0xdc, 0xeb, 0xff, 0xff, 0xff, 0x00, 0x9d, 0xe5,
    0x57, 0x26, 0x3a, 0x03, 0x00, 0x00, 0x00, 0x80, 0x0c, 0xf2, 0x73, 0x27,
    0xe3, 0x04, 0x00, 0x00, 0x00, 0x00, 0x73, 0xd8, 0x4b, 0x25, 0x1f, 0x15,
    0x00, 0x00, 0x00, 0x80, 0x32, 0x3a, 0x46, 0x26, 0x59, 0x1e, 0x00, 0x00,
    0x00, 0x80, 0xc5, 0x47, 0x67, 0x27, 0xee, 0x0f, 0x00, 0x00, 0x00, 0x00,
    0xf8, 0x9e, 0x4a, 0x27, 0x56, 0x0a, 0x00, 0x00, 0x00, 0x00, 0x07, 0x00,
    0x41, 0x26, 0x57, 0x00, 0x00, 0x00, 0x00, 0x00, 0x97, 0x1e, 0x77, 0x26,
    0x98, 0x1a, 0x00, 0x00, 0x00, 0x80, 0xd6, 0xfa, 0x7f, 0x27, 0xca, 0xdd,
    0xff, 0xff, 0xff, 0x80, 0xe5, 0x03, 0x70, 0x26, 0xa7, 0xef, 0xff, 0xff,
    0xff, 0x00, 0x63, 0xcd, 0x61, 0x26, 0x77, 0x5b, 0x00, 0x00, 0x00, 0x80,
    0xc0, 0x44, 0x4e, 0x28, 0xe0, 0x07, 0x5c, 0x01, 0x0c, 0x00, 0x06, 0x1a,
    0x01, 0xea, 0x31, 0xfd, 0x14, 0x30, 0x00, 0x90, 0x3e, 0xba, 0xb0, 0xf5,
    0x4e, 0xf0, 0x3a, 0x08, 0x00, 0xfc, 0x56, 0x40, 0x01, 0x27, 0x0b, 0x15,
    0xdf, 0x67, 0x1f, 0x38, 0x1d, 0xbc, 0x63, 0x2f, 0x0c, 0x00, 0x70, 0x31,
    0xc5, 0x18, 0x70, 0x21, 0xc0, 0x2f, 0x05, 0x00, 0x1c, 0x07, 0x26, 0x51,
    0x90, 0xb9, 0x6f, 0x21, 0x45, 0x67, 0x60, 0x4e, 0x27, 0xa2, 0x2f, 0x54,
    0x00, 0x30, 0xb4, 0xc2, 0xaf, 0xb5, 0x54, 0x18, 0x10, 0x00, 0x20, 0x5e,
    0x6b, 0x1d, 0xce, 0x73, 0x18, 0x29, 0x29, 0xfd, 0x39, 0xc4, 0x1f, 0x22,
    0x46, 0x55, 0x0b, 0x00, 0x70, 0x22, 0x62, 0x0a, 0x49, 0x01, 0x83, 0x54,
    0x04, 0x00, 0x7b, 0x9e, 0x20, 0x85, 0xa5, 0xfc, 0xab, 0x6c, 0xa4, 0x6d,
    0xca, 0x5c, 0x81, 0x73, 0x3c, 0x14, 0x00, 0xc0, 0x2f, 0x08, 0xcb, 0x12,
    0xd7, 0x01, 0x62, 0x0a, 0xf0, 0xfc, 0x79, 0xbf, 0xc3, 0x8f, 0x59, 0x64,
    0x67, 0xff, 0x8f, 0x68, 0x32, 0xf0, 0x10, 0xab, 0x90, 0xb8, 0xf5, 0xff,
    0xfd, 0x42, 0x14, 0x1f, 0x36, 0x31, 0x31, 0x76, 0xff, 0xff, 0xff, 0xff,
    0xff, 0xff, 0xff, 0xff, 0xff, 0xff, 0xff, 0xff, 0x0f, 0x00, 0x00, 0x03,
    0x12, 0x8a, 0xee, 0xca, 0x4c, 0x0e, 0xfc, 0x01, 0x30, 0x64, 0x11, 0x0b,
    0x67, 0xd7, 0x06, 0x37, 0x0c, 0x00, 0x9a, 0x10, 0x3f, 0x1f, 0xfd, 0x4a,
    0x6b, 0x06, 0x00, 0x29, 0xfc, 0x3d, 0x33, 0x2d, 0x5e, 0x53, 0x00, 0xf0,
    0x62, 0xe2, 0x8a, 0x24, 0x60, 0x27, 0x50, 0x03, 0x80, 0x92, 0x1f, 0x44,
    0xa2, 0x39, 0x46, 0xb8, 0x1f, 0x71, 0x3c, 0x74, 0x9b, 0x56, 0xfd, 0x2b,
    0x2b, 0x00, 0x10, 0xa7, 0xee, 0xd9, 0x28, 0x05, 0x55, 0x76, 0x06, 0x00,
    0xc0, 0x0f, 0x19, 0x24, 0xfd, 0x23, 0xc9, 0x3a, 0xc5, 0x1e, 0x70, 0xfd,
    0x70, 0x5c, 0x44, 0x69, 0x00, 0x70, 0xd7, 0xe7, 0x25, 0x03, 0xa9, 0x32,
    0xb0, 0x0c, 0x00, 0x19, 0x5d, 0x7b, 0x7a, 0x96, 0x15, 0x2f, 0x48, 0x8c,
    0x72, 0x11, 0xfc, 0x0d, 0x31, 0x74, 0x9c, 0x00, 0xe0, 0x39, 0xe1, 0xd2,
    0xff, 0x43, 0x15, 0x2f, 0xf4, 0xff, 0x15, 0xbe, 0x86, 0x57, 0x1a, 0xff,
    0xff, 0xff, 0xff, 0xff, 0xff, 0xff, 0xff, 0xff, 0xff, 0xff, 0xff, 0xff,
    0xff, 0x0f, 0xff, 0xff, 0xff, 0xff, 0xff, 0xff, 0xff, 0xff, 0xff, 0xff,
    0xff, 0xff, 0xff, 0xff, 0x6d, 0xf6, 0xff, 0xff, 0xff, 0x00, 0x8a, 0xab,
    0x41, 0x25, 0xe3, 0xf5, 0xff, 0xff, 0xff, 0x80, 0x88, 0xd4, 0x4d, 0x25,
    0x4a, 0xfd, 0xff, 0xff, 0xff, 0x00, 0x76, 0x42, 0x46, 0x25, 0x51, 0xf0,
    0xff, 0xff, 0xff, 0x00, 0x36, 0x3c, 0x41, 0x25, 0x80, 0xf3, 0xff, 0xff,
    0xff, 0x00, 0x95, 0x4c, 0x6c, 0x26, 0x67, 0xf4, 0xff, 0xff, 0xff, 0x00,
    0x86, 0x2b, 0x42, 0x25, 0x6f, 0xf5, 0xff, 0xff, 0xff, 0x00, 0xb5, 0x57,
    0x45, 0x26, 0xcc, 0xf2, 0xff, 0xff, 0xff, 0x80, 0x00, 0x36, 0x7b, 0x26,
    0xc3, 0xf5, 0xff, 0xff, 0xff, 0x80, 0x0b, 0x9d, 0x77, 0x25, 0xb6, 0xf0,
    0xff, 0xff, 0xff, 0x80, 0x22, 0x6e, 0x43, 0x24, 0x86, 0xeb, 0xff, 0xff,
    0xff, 0x00, 0xd4, 0x25, 0x52, 0x25, 0xb3, 0xf6, 0xff, 0xff, 0xff, 0x80,
    0x5e, 0x5f, 0x4c, 0x25, 0x1a, 0xfb, 0xff, 0xff, 0xff, 0x00, 0x2e, 0xe1,
    0x58, 0x25, 0xb1, 0xeb, 0xff, 0xff, 0xff, 0x80, 0x9a, 0x37, 0x68, 0x26,
    0xe5, 0xf3, 0xff, 0xff, 0xff, 0x80, 0x10, 0x58, 0x5f, 0x25, 0x85, 0xf4,
    0xff, 0xff, 0xff, 0x80, 0xf7, 0xde, 0x62, 0x24, 0xfe, 0x01, 0x50, 0xf0,
    0x0d, 0xe0, 0x6f, 0x4a, 0xf7, 0xcf, 0x4e, 0x6e, 0xed, 0xbc, 0x8c, 0x7c,
    0x6c, 0x5b, 0xca, 0x89, 0x69, 0xc9, 0x28, 0x88, 0xf7, 0xc6, 0x66, 0x26,
    0x26, 0x03, 0x82, 0x71, 0xa1, 0x70, 0x60, 0x50, 0x90, 0x61, 0x84, 0x20,
    0xf0, 0x70, 0x9d, 0xa8, 0xc8, 0x27, 0x00, 0x08, 0xc1, 0xe4, 0x38, 0x85,
    0xb0, 0x28, 0x63, 0x60, 0x00, 0x00, 0x00, 0x00, 0x22, 0xc6, 0x03, 0x60,
    0x23, 0x24, 0x88, 0x23, 0x70, 0x1a, 0x00, 0xbe, 0x4e, 0x6c, 0x23, 0x1a,
    0x00, 0x00, 0x00, 0xe0, 0x76, 0xfd, 0xff, 0xff, 0xff, 0x00, 0xbf, 0xd9,
    0x5b, 0x25, 0x28, 0xfc, 0xff, 0xff, 0xff, 0x00, 0xfc, 0xa9, 0x77, 0x26,
    0x3d, 0xfe, 0xff, 0xff, 0xff, 0x00, 0x06, 0x1c, 0x5e, 0x25, 0x40, 0xfa,
    0xff, 0xff, 0xff, 0x00, 0x66, 0xa0, 0x64, 0x25, 0x06, 0xf6, 0xff, 0xff,
    0xff, 0x00, 0x3a, 0xb0, 0x45, 0x25, 0xc9, 0x04, 0x00, 0x00, 0x00, 0x00,
    0x19, 0x74, 0x60, 0x26, 0xba, 0x09, 0x00, 0x00, 0x00, 0x80, 0x78, 0xd5,
    0x45, 0x25, 0xb8, 0xfd, 0xff, 0xff, 0xff, 0x80, 0x34, 0x94, 0x57, 0x26,
    0x5d, 0x00, 0x00, 0x00, 0x00, 0x00, 0x96, 0x7d, 0x59, 0x25, 0x09, 0xf3,
    0xff, 0xff, 0xff, 0x80, 0x64, 0x6a, 0x4a, 0x25, 0xb7, 0xf3, 0xff, 0xff,
    0xff, 0x00, 0x01, 0x3a, 0x51, 0x25, 0xb3, 0x10, 0x00, 0x00, 0x00, 0x00,
    0xe7, 0xce, 0x69, 0x26, 0x12, 0x01, 0x00, 0x00, 0x00, 0x00, 0x26, 0x43,
    0x53, 0x25, 0xbb, 0xf7, 0xff, 0xff, 0xff, 0x80, 0xf6, 0x5e, 0x5d, 0x26,
    0x06, 0xfe, 0xff, 0xff, 0xff, 0x80, 0x71, 0x2e, 0x78, 0x26, 0xfd, 0xfc,
    0xff, 0xff, 0xff, 0x00, 0xa3, 0x51, 0x6a, 0x26, 0xb8, 0x07, 0x50, 0xf1,
    0xed, 0x2f, 0xd0, 0x80, 0xf0, 0x31, 0xf1, 0xb0, 0xa0, 0x70, 0x30, 0xf0,
    0x02, 0x52, 0xc1, 0x60, 0x40, 0x10, 0xb2, 0x61, 0x41, 0x51, 0x10, 0x94,
    0x82, 0x52, 0xd2, 0xc1, 0x71, 0x91, 0x20, 0xa2, 0x01, 0xff, 0x00, 0xb0,
    0x1d, 0x45, 0x00, 0x12, 0x28, 0xa4, 0x1d, 0x00, 0x60, 0xf0, 0x0e, 0x68,
    0x84, 0x87, 0x88, 0x41, 0x03, 0x00, 0x00, 0x46, 0x5c, 0xa6, 0x32, 0x20,
    0xf8, 0x21, 0xc2, 0x6d, 0x41, 0x8f, 0xcf, 0x09, 0x19, 0xd7, 0x76, 0x08,
    0xf0, 0x1f, 0xe5, 0xe0, 0x3b, 0xae, 0x34, 0xf4, 0x66, 0xfd, 0x3d, 0x00,
    0xe4, 0x1d, 0xcc, 0x35, 0x3a, 0xd9, 0xe1, 0xbf, 0xba, 0x83, 0x6b, 0x0c,
    0x41, 0x00, 0x00, 0xd6, 0x9a, 0xc9, 0x06, 0x00, 0x7c, 0x38, 0xea, 0x40,
    0xa2, 0x51, 0x4d, 0x51, 0x23, 0xf7, 0x15, 0xec, 0xc2, 0xfa, 0x40, 0x70,
    0x59, 0xd5, 0x78, 0xcb, 0x3c, 0x8e, 0xb9, 0x0c, 0x00, 0xef, 0xc6, 0xff,
    0x3f, 0xfd, 0xcd, 0xa6, 0x91, 0x75, 0xae, 0x9e, 0x0d, 0xf0, 0xc0, 0x2f,
    0x56, 0xb0, 0x89, 0x08, 0xff, 0x2f, 0x03, 0x09, 0xa0, 0x09, 0xd1, 0xff,
    0x97, 0x70, 0x3d, 0xc7, 0xdb, 0xc4, 0xff, 0xff, 0xff, 0xff, 0xff, 0xff,
    0xff, 0xff, 0xff, 0xff, 0xff, 0xff, 0x03, 0x00, 0xc1, 0x9c, 0xe3, 0xbd,
    0x1e, 0x00, 0x98, 0x27, 0x18, 0x69, 0xc5, 0xdb, 0x5d, 0x00, 0xf8, 0x2e,
    0x3d, 0xb6, 0x3d, 0xfd, 0x79, 0x29, 0x2a, 0xb7, 0xe7, 0x86, 0x96, 0xb3,
    0xea, 0xed, 0x01, 0x40, 0x08, 0x01, 0xf5, 0xff, 0xe1, 0x08, 0x00, 0x00,
    0xe2, 0x16, 0x5a, 0xba, 0x81, 0xe1, 0x07, 0x80, 0xf1, 0xaf, 0x74, 0x06,
    0x49, 0x35, 0x0d, 0x37, 0x5f, 0xfb, 0x86, 0x63, 0x40, 0xd2, 0x05, 0x00,
    0xcc, 0x10, 0x0d, 0x66, 0xfd, 0x18, 0x00, 0xf4, 0x95, 0xbe, 0x7a, 0xa1,
    0xeb, 0xea, 0x07, 0xec, 0x8b, 0xa7, 0x61, 0x97, 0x01, 0x80, 0xb1, 0x36,
    0x74, 0x63, 0x14, 0x2e, 0x00, 0x40, 0x85, 0x31, 0xd7, 0x5d, 0x42, 0xfc,
    0xbf, 0x4d, 0x18, 0xfc, 0xff, 0xff, 0xff, 0xff, 0xff, 0xff, 0xff, 0xff,
    0xff, 0xff, 0xff, 0xff, 0xff, 0x3f, 0xfc, 0xff, 0xff, 0xff, 0xff, 0xff,
    0x39, 0x15, 0x00, 0x00, 0x00, 0x80, 0x67, 0x89, 0x62, 0x26, 0xd0, 0xf0,
    0xff, 0xff, 0xff, 0x80, 0x34, 0x04, 0x76, 0x26, 0x81, 0x0b, 0x00, 0x00,
    0x00, 0x80, 0x1c, 0xb1, 0x7e, 0x26, 0xfa, 0x1d, 0x00, 0x00, 0x00, 0x00,
    0x7f, 0x16, 0x57, 0x26, 0xa8, 0x20, 0x00, 0x00, 0x00, 0x00, 0x0e, 0xe6,
    0x44, 0x26, 0x07, 0x12, 0x00, 0x00, 0x00, 0x80, 0x71, 0xbf, 0x42, 0x25,
    0x69, 0xfd, 0xff, 0xff, 0xff, 0x00, 0x9a, 0x7b, 0x43, 0x25, 0x21, 0x1d,
    0x00, 0x00, 0x00, 0x80, 0x6b, 0x7e, 0x6d, 0x26, 0xcc, 0xf8, 0xff, 0xff,
    0xff, 0x00, 0x44, 0x80, 0x5a, 0x25, 0xc9, 0x03, 0x00, 0x00, 0x00, 0x80,
    0x03, 0xdd, 0x6b, 0x26, 0xee, 0x14, 0x00, 0x00, 0x00, 0x00, 0x82, 0x7e,
    0x65, 0x26, 0x55, 0xf5, 0xff, 0xff, 0xff, 0x00, 0xe9, 0xd9, 0x50, 0x25,
    0x5b, 0xf8, 0xff, 0xff, 0xff, 0x80, 0x20, 0xca, 0x6d, 0x26, 0x71, 0xf5,
    0xff, 0xff, 0xff, 0x80, 0x0a, 0xe8, 0x74, 0x26, 0x25, 0x15, 0x00, 0x00,
    0x00, 0x00, 0x06, 0x7c, 0x67, 0x26, 0x32, 0x1a, 0x00, 0x00, 0x00, 0x00,
    0xc4, 0xe6, 0x70, 0x26, 0x96, 0x01, 0x50, 0xf0, 0x0d, 0xf0, 0xef, 0x9f,
    0x54, 0x71, 0x52, 0xd2, 0x20, 0xb0, 0x2f, 0xaf, 0xbe, 0x9d, 0x3d, 0x4d,
    0xbc, 0xab, 0x9b, 0x5b, 0xfb, 0xba, 0x9a, 0x8a, 0x9a, 0x59, 0x39, 0xd9,
    0x58, 0x38, 0xd7, 0xa6, 0x96, 0xe3, 0x9e, 0x03, 0x1a, 0xb0, 0x8e, 0x08,
    0xc5, 0x3f, 0x9a, 0x5b, 0x8d, 0xc8, 0x8b, 0xb0, 0x62, 0xbb, 0x1b, 0x4e,
    0x0f, 0x49, 0xb8, 0xf7, 0x1d, 0x39, 0xe7, 0x12, 0x08, 0x00, 0x0b, 0x47,
    0xbd, 0x00, 0x10, 0x08, 0x00, 0x00, 0x00, 0x00, 0x00, 0x66, 0x00, 0x20,
    0x00, 0x00, 0x00, 0xcb, 0x00, 0xc8, 0xd9, 0xa7, 0xa3, 0x7f, 0x77, 0x91,
    0x24, 0x22, 0x19, 0xfe, 0xf1, 0x21, 0x4e, 0x28, 0xee, 0x5f, 0x7b, 0x86,
    0x4f, 0xd1, 0xcb, 0xcd, 0x4d, 0x69, 0x4c, 0x31, 0x32, 0x8c, 0x33, 0x06,
    0x08, 0x00, 0x24, 0x31, 0xf2, 0xac, 0x00, 0x00, 0x00, 0x00, 0x00, 0x60,
    0x06, 0x00, 0x02, 0x00, 0x00, 0xf8, 0xff, 0xff, 0xff, 0xff, 0xff, 0xff,
    0xff, 0xff, 0xff, 0xff, 0x36, 0x00, 0x00, 0x00, 0x00, 0x80, 0xa3, 0xef,
    0x41, 0x25, 0x56, 0xe4, 0xff, 0xff, 0xff, 0x00, 0x13, 0x7a, 0x68, 0x26,
    0x74, 0x02, 0x00, 0x00, 0x00, 0x00, 0xe7, 0x84, 0x4a, 0x26, 0x7e, 0xed,
    0xff, 0xff, 0xff, 0x80, 0x28, 0xae, 0x56, 0x26, 0xec, 0xeb, 0xff, 0xff,
    0xff, 0x00, 0x0b, 0x6d, 0x45, 0x25, 0x43, 0x10, 0x00, 0x00, 0x00, 0x00,
    0x2c, 0x97, 0x44, 0x25, 0x47, 0x09, 0x00, 0x00, 0x00, 0x00, 0x47, 0x7c,
    0x50, 0x26, 0x85, 0x05, 0x00, 0x00, 0x00, 0x00, 0x22, 0x13, 0x63, 0x26,
    0xa7, 0x15, 0x00, 0x00, 0x00, 0x00, 0x46, 0x08, 0x66, 0x25, 0xb3, 0xf1,
    0xff, 0xff, 0xff, 0x00, 0x76, 0xb8, 0x48, 0x25, 0x0d, 0x11, 0x00, 0x00,
    0x00, 0x00, 0x7e, 0x8c, 0x6d, 0x27, 0xcd, 0xf7, 0xff, 0xff, 0xff, 0x80,
    0x61, 0x96, 0x61, 0x26, 0xd5, 0x24, 0x00, 0x00, 0x00, 0x80, 0x32, 0x14,
    0x4b, 0x26, 0xf4, 0x2a, 0x00, 0x00, 0x00, 0x00, 0x13, 0x2b, 0x7d, 0x26,
    0xae, 0xea, 0xff, 0xff, 0xff, 0x80, 0x0e, 0xf4, 0x53, 0x25, 0x2f, 0x0b,
    0x00, 0x00, 0x00, 0x80, 0x44, 0xd5, 0x48, 0x26, 0xd0, 0x07, 0xdc, 0x01,
    0x0c, 0x00, 0x1d, 0x8a, 0x1c, 0x1c, 0xfb, 0x2d, 0x5b, 0x40, 0x00, 0x50,
    0x6b, 0x03, 0xb6, 0x00, 0x90, 0x27, 0xb6, 0x0f, 0x00, 0x31, 0x33, 0x42,
    0x05, 0x88, 0x9e, 0xb0, 0x86, 0x10, 0x0d, 0x62, 0xd5, 0x8e, 0x71, 0x4f,
    0x0c, 0x00, 0x90, 0x67, 0xb2, 0x3f, 0x35, 0x83, 0x45, 0x06, 0x00, 0x00,
    0x2b, 0x56, 0xec, 0x31, 0x7d, 0xfc, 0x70, 0x77, 0xfc, 0x51, 0x17, 0xb2,
    0x6f, 0x98, 0x53, 0x51, 0x00, 0xa0, 0xab, 0x96, 0xf0, 0xeb, 0xb7, 0xcb,
    0xda, 0x09, 0x02, 0x7e, 0x12, 0x71, 0x0e, 0x21, 0x08, 0x0a, 0x18, 0x51,
    0x3d, 0x7c, 0x51, 0x71, 0x12, 0x57, 0x42, 0x00, 0x40, 0x13, 0x1a, 0x8b,
    0xb2, 0xcf, 0x53, 0x35, 0x08, 0x80, 0x23, 0x31, 0xfb, 0x78, 0x29, 0x07,
    0x01, 0x7d, 0x09, 0x97, 0x56, 0x45, 0x32, 0x19, 0x58, 0x3f, 0x00, 0x40,
    0x33, 0x66, 0x88, 0x02, 0xeb, 0x81, 0x97, 0x02, 0xf0, 0x4b, 0x33, 0x45,
    0x0a, 0x30, 0x4f, 0xb8, 0xea, 0xff, 0xaf, 0x03, 0x4b, 0xa9, 0xb4, 0xbf,
    0x95, 0x62, 0xf2, 0xff, 0x09, 0x06, 0x2a, 0x5d, 0x28, 0xfc, 0xfc, 0x00,
    0xff, 0xff, 0xff, 0xff, 0xff, 0xff, 0xff, 0xff, 0xff, 0xff, 0xff, 0xff,
    0x0f, 0x00, 0x00, 0x1c, 0x35, 0x55, 0x3d, 0x2f, 0xd9, 0x1b, 0xc4, 0x00,
    0xa0, 0x52, 0xa2, 0x05, 0x24, 0x54, 0x9a, 0x99, 0x09, 0x00, 0x19, 0x87,
    0xb1, 0x17, 0x10, 0x21, 0x14, 0xd2, 0x4c, 0x3b, 0x07, 0xfc, 0x33, 0x98,
    0x38, 0xc2, 0x00, 0xf0, 0x03, 0x42, 0x36, 0x40, 0x73, 0xe0, 0x91, 0x00,
    0x00, 0x27, 0x53, 0xfb, 0x2f, 0x23, 0x0f, 0x0d, 0x1b, 0xac, 0x52, 0x6b,
    0x02, 0x51, 0xbc, 0x26, 0x0a, 0x00, 0xe0, 0xf1, 0xa4, 0xd5, 0xc0, 0x27,
    0x51, 0x41, 0x00, 0x60, 0x38, 0x3f, 0x53, 0x0c, 0x41, 0x60, 0xfc, 0x99,
    0x20, 0x40, 0xb4, 0x0e, 0xb8, 0xa6, 0x0e, 0xc3, 0xaf, 0xd7, 0x83, 0xe2,
    0xa7, 0x44, 0x45, 0x09, 0x51, 0x04, 0x00, 0x00, 0x53, 0x72, 0x7b, 0xe2,
    0x8c, 0x0f, 0x6c, 0x00, 0x30, 0xe2, 0xca, 0x1f, 0x86, 0xa4, 0x51, 0x30,
    0x80, 0x14, 0x08, 0xb0, 0x44, 0x02, 0xc1, 0x9d, 0xfd, 0xff, 0x31, 0xfb,
    0x2a, 0xff, 0xff, 0xff, 0xff, 0xff, 0xff, 0xff, 0xff, 0xff, 0xff, 0xff,
    0xff, 0xff, 0xff, 0x0f, 0xff, 0xff, 0xff, 0xff, 0xff, 0xff, 0xff, 0xff,
    0xff, 0xff, 0xff, 0xff, 0xff, 0xff, 0xff, 0xff, 0xc9, 0xb1, 0xff, 0xff,
    0xff, 0x03, 0x0c, 0x2a, 0x52, 0x28, 0x00, 0x00, 0x00, 0x00, 0x00, 0x00,
    0x5a, 0x07, 0x54, 0xf1, 0x7b, 0x52, 0xac, 0x20, 0x86, 0x62, 0x69, 0xf1,
    0xbd, 0xc5, 0x5e, 0x2e, 0xd3, 0xe4, 0x31, 0x78, 0xaf, 0xc7, 0xd1, 0xe5,
    0x71, 0x28, 0x0c, 0xce, 0x64, 0x24, 0x46, 0x02, 0x01, 0x49, 0x80, 0xff,
    0xf4, 0xfa, 0x0f, 0x1b, 0xe5, 0x46, 0xbb, 0xef, 0x55, 0x07, 0x08, 0x40,
    0x03, 0xfc, 0x87, 0x33, 0x41, 0x42, 0x00, 0x0a, 0xfc, 0x81, 0x10, 0x8d,
    0x0d, 0x7d, 0x80, 0x30, 0x00, 0xf4, 0x3d, 0xfe, 0x57, 0x03, 0xc0, 0x07,
    0xe4, 0x72, 0x79, 0x69, 0x17, 0xf8, 0x3b, 0xff, 0x87, 0x0e, 0x00, 0x38,
    0xc0, 0x99, 0xd9, 0x57, 0xbd, 0x47, 0x14, 0xfc, 0xff, 0x2b, 0x00, 0x40,
    0xc0, 0x8f, 0x65, 0xf7, 0x2d, 0xf3, 0x6d, 0x7c, 0xfb, 0x9f, 0x1d, 0x00,
    0x04, 0xfc, 0xf7, 0xb3, 0x37, 0x7f, 0x87, 0xa9, 0xfb, 0x87, 0x1e, 0x00,
    0x98, 0x00, 0xfc, 0x2f, 0x0f, 0xab, 0x6e, 0x46, 0x00, 0x3f, 0xa0, 0xfb,
    0xe9, 0x30, 0xdc, 0x59, 0x10, 0xc0, 0xb5, 0xf3, 0xff, 0x5e, 0x00, 0x78,
    0x80, 0x3a, 0xe8, 0x98, 0xd0, 0x67, 0xff, 0xaf, 0x07, 0x00, 0x30, 0xc0,
    0x31, 0xac, 0x07, 0x50, 0x7d, 0xdc, 0xff, 0xff, 0x07, 0x00, 0x28, 0x47,
    0x80, 0x77, 0x7a, 0x92, 0x85, 0x74, 0xff, 0xc7, 0xdb, 0x1e, 0x97, 0x2f,
    0xb3, 0x11, 0x00, 0x00, 0xe0, 0xff, 0xd4, 0x44, 0x2e, 0xcc, 0x1d, 0x3b,
    0xf3, 0x07, 0x3d, 0x00, 0xf0, 0x1f, 0xcd, 0x9a, 0x2a, 0xa0, 0x00, 0x08,
    0xd3, 0x07, 0x2c, 0xe0, 0xff, 0x10, 0x5b, 0xd7, 0x35, 0x8c, 0x16, 0x00,
    0xe0, 0xd0, 0xff, 0x37, 0xfc, 0x81, 0x14, 0xa3, 0x6c, 0xaf, 0x44, 0x91,
    0xf8, 0x0f, 0xc0, 0x07, 0x00, 0x98, 0xe1, 0xff, 0x06, 0x00, 0x1c, 0x60,
    0xd2, 0xa7, 0x52, 0x02, 0x9f, 0x0a, 0xe4, 0xf1, 0xff, 0x9f, 0x01, 0x00,
    0x02, 0x5c, 0xaf, 0xde, 0x01, 0x1b, 0x3f, 0xf1, 0x7f, 0x51, 0x00, 0x00,
    0xc0, 0x2f, 0x60, 0xfc, 0x6c, 0x0d, 0x16, 0xcc, 0xd6, 0x7f, 0x74, 0x01,
    0x00, 0x39, 0x01, 0xff, 0x7f, 0x0d, 0x3b, 0x56, 0x1c, 0xe0, 0x0f, 0xaa,
    0x7c, 0xc7, 0xac, 0x06, 0x80, 0x9f, 0xe1, 0xff, 0x1c, 0x00, 0x1f, 0xd0,
    0xd3, 0xcb, 0xa8, 0x11, 0x60, 0xd0, 0xfe, 0x3f, 0x01, 0x01, 0x03, 0xac,
    0x00, 0xf0, 0xae, 0xe2, 0xd0, 0xee, 0xcd, 0xfe, 0x7f, 0x27, 0x00, 0x00,
    0xc0, 0x13, 0x33, 0x30, 0x64, 0x27, 0x16, 0xfe, 0x67, 0x00, 0x00, 0x80,
    0xff, 0x84, 0x10, 0xa3, 0xe0, 0x70, 0x01, 0x60, 0x88, 0x7f, 0x18, 0x00,
    0xc0, 0x7f, 0x23, 0xf5, 0xb8, 0x55, 0xf6, 0xe1, 0x00, 0x9f, 0xfe, 0x03,
    0x91, 0x01, 0xf8, 0x5f, 0x14, 0x6e, 0x93, 0x6e, 0x0b, 0x00, 0x82, 0xe6,
    0x01, 0x18, 0xfe, 0x7f, 0x7f, 0x1c, 0xc8, 0xf0, 0xa4, 0x2e, 0x00, 0x80,
    0x01, 0xfe, 0x7f, 0x00, 0x80, 0xff, 0x7f, 0x00, 0xfe, 0xff, 0xff, 0xff,
    0xff, 0xff, 0xff, 0xff, 0xc5, 0xa8, 0xff, 0xff, 0xff, 0xa1, 0x99, 0xbb,
    0x4b, 0x27, 0x00, 0x00, 0x00, 0x00, 0x00, 0x00, 0x62, 0x04, 0x54, 0xf1,
    0x7d, 0xe2, 0xa1, 0x71, 0x55, 0x32, 0xc1, 0xb0, 0x90, 0x80, 0x70, 0x30,
    0xf0, 0x39, 0x39, 0xb8, 0xb6, 0xd5, 0x74, 0x64, 0x54, 0x44, 0x34, 0x74,
    0x43, 0x13, 0xb3, 0x22, 0xb2, 0x91, 0x41, 0x21, 0x91, 0x1f, 0x00, 0x2f,
    0xa6, 0xed, 0xff, 0x61, 0x3d, 0x7b, 0x19, 0x18, 0xf3, 0x4b, 0x00, 0x00,
    0xe0, 0x87, 0x8e, 0x25, 0xc4, 0x0c, 0x69, 0x70, 0x94, 0xff, 0x70, 0x02,
    0x40, 0x8e, 0xe1, 0xbf, 0xdd, 0x2c, 0xb1, 0x6f, 0x51, 0x40, 0xf0, 0x01,
    0x50, 0xe8, 0x2a, 0xc6, 0xbe, 0x00, 0xb7, 0xfb, 0x7f, 0x27, 0x00, 0x70,
    0x80, 0x5b, 0x3d, 0x03, 0x06, 0x25, 0x94, 0xfe, 0xdf, 0x01, 0x00, 0x02,
    0xbc, 0xb3, 0x43, 0x84, 0xe8, 0x69, 0xce, 0xff, 0xff, 0xbd, 0x0a, 0x00,
    0x70, 0xf3, 0x80, 0xaf, 0x07, 0xf7, 0xf9, 0x29, 0xf3, 0xf7, 0x1f, 0xed,
    0x8f, 0x7c, 0x7b, 0xe5, 0x09, 0x00, 0x80, 0x3f, 0x32, 0x61, 0x74, 0x80,
    0x73, 0xfe, 0x00, 0x07, 0x00, 0xff, 0x95, 0x6c, 0xbb, 0xd7, 0x36, 0x27,
    0x00, 0x0d, 0xf0, 0xff, 0x07, 0xfe, 0xff, 0x8e, 0xae, 0x00, 0x07, 0x03,
    0xff, 0xff, 0xff, 0x7f, 0x00, 0xb0, 0xf8, 0x7f, 0x00, 0x80, 0x03, 0x86,
    0x06, 0x45, 0x06, 0xe2, 0x7a, 0x95, 0xf2, 0xff, 0x04, 0x00, 0xe0, 0x1b,
    0xc0, 0x7f, 0x0c, 0x01, 0x80, 0x3f, 0x87, 0x27, 0x07, 0x64, 0xc0, 0xca,
    0x00, 0x46, 0xfc, 0xc1, 0x01, 0xc0, 0xff, 0x7f, 0xbd, 0x15, 0x21, 0x37,
    0x04, 0x00, 0x7c, 0x7e, 0x40, 0x0e, 0x94, 0xb9, 0xff, 0x5f, 0xdd, 0x2c,
    0x3a, 0x09, 0x83, 0x01, 0x80, 0x03, 0x3c, 0x3c, 0xf8, 0x51, 0x2e, 0xce,
    0xfe, 0xff, 0x7f, 0x00, 0x00, 0x01, 0x4e, 0xab, 0x67, 0x9a, 0x05, 0xfe,
    0xef, 0x00, 0x00, 0x80, 0x7f, 0x4a, 0x21, 0x31, 0xf1, 0xff, 0x00, 0xc0,
    0xff, 0xff, 0xff, 0xff, 0xff, 0x07, 0xff, 0xff, 0xff, 0xff, 0xff, 0xff,
    0xff, 0xff, 0xff, 0xff, 0x4d, 0xa9, 0xff, 0xff, 0xff, 0x3c, 0x53, 0x8a,
    0x6f, 0x28, 0x00, 0x00, 0x00, 0x00, 0x00, 0x00, 0x62, 0x07, 0x54, 0xf1,
    0x8b, 0xa8, 0xec, 0x56, 0x27, 0x91, 0x07, 0xd3, 0x88, 0x26, 0x6b, 0xa9,
    0xcc, 0x65, 0x12, 0x81, 0x3c, 0x1c, 0x0b, 0xc3, 0x9d, 0xdb, 0x3c, 0x16,
    0x6f, 0xb0, 0x57, 0xcb, 0x34, 0x34, 0x00, 0xbf, 0x6e, 0xe7, 0x7f, 0x4c,
    0x5d, 0xb4, 0xaa, 0xac, 0x14, 0x0a, 0x00, 0x40, 0xa4, 0x03, 0x7f, 0x2b,
    0x92, 0x00, 0xa6, 0x41, 0x07, 0xff, 0xf0, 0xf1, 0xdc, 0x06, 0x0a, 0x04,
    0x00, 0x7b, 0x09, 0xff, 0xa9, 0x00, 0x3f, 0x90, 0x07, 0xb8, 0x41, 0x81,
    0x09, 0xf0, 0x3f, 0xfc, 0xbf, 0x3a, 0x00, 0x90, 0xcc, 0x03, 0x6c, 0xdf,
    0x72, 0x16, 0x08, 0xe5, 0xff, 0x6f, 0x79, 0xe2, 0xda, 0xb3, 0xec, 0x18,
    0x00, 0x60, 0x80, 0x45, 0x6d, 0xa9, 0xc7, 0x2f, 0xc8, 0xff, 0x03, 0x00,
    0x00, 0xbc, 0x84, 0xfd, 0xcf, 0x03, 0x00, 0x74, 0x23, 0xf0, 0xcf, 0xd1,
    0xa0, 0xb4, 0x2b, 0x02, 0x61, 0xef, 0xfe, 0xc1, 0xb9, 0x9c, 0x02, 0x1e,
    0x71, 0x00, 0x00, 0xfe, 0x11, 0xdf, 0x21, 0x26, 0x00, 0x12, 0xff, 0x01,
    0x0b, 0xc0, 0xff, 0x32, 0x50, 0x30, 0x98, 0x38, 0x01, 0x00, 0x62, 0xf3,
    0x01, 0x76, 0xc8, 0xe0, 0xff, 0xef, 0x99, 0xfe, 0x34, 0x2f, 0x04, 0x00,
    0x18, 0xe0, 0x2b, 0xa8, 0xda, 0x85, 0xe8, 0x45, 0xfb, 0x7f, 0x1b, 0x00,
    0x00, 0xe0, 0xdb, 0x80, 0x80, 0x69, 0x5d, 0xf0, 0xe0, 0x7f, 0x0a, 0x00,
    0x00, 0xfc, 0x3b, 0xe7, 0x93, 0x47, 0x9c, 0x12, 0x85, 0x3f, 0x08, 0x20,
    0x3c, 0xf1, 0xff, 0x07, 0x80, 0xb2, 0xfe, 0x9f, 0xd9, 0x9b, 0x65, 0x3f,
    0xc0, 0x7f, 0xc4, 0x1d, 0xc2, 0x18, 0x36, 0xf8, 0x01, 0xfe, 0xc0, 0x1f,
    0x00, 0x00, 0xd7, 0xf8, 0x9f, 0x02, 0xf0, 0x01, 0x88, 0x59, 0x54, 0x0f,
    0x8a, 0x19, 0x08, 0x55, 0xff, 0x8f, 0x00, 0xc0, 0x01, 0x67, 0x40, 0x02,
    0x16, 0x52, 0x76, 0x4e, 0x07, 0xff, 0xbf, 0x4d, 0x00, 0x00, 0x7c, 0x5b,
    0xc2, 0xdf, 0x3b, 0x42, 0x40, 0xfc, 0x8f, 0x00, 0x00, 0xc0, 0x1f, 0x13,
    0x81, 0x0a, 0xec, 0xb5, 0x17, 0x85, 0x41, 0xfd, 0x07, 0x08, 0x00, 0xf8,
    0xaf, 0xb6, 0xae, 0xef, 0x11, 0xe5, 0x7c, 0x09, 0xf8, 0x00, 0xe0, 0x93,
    0xfd, 0x5f, 0x0c, 0x00, 0x38, 0x40, 0xb0, 0x43, 0x46, 0x4f, 0x19, 0xc0,
    0xda, 0xfc, 0xff, 0x1b, 0x00, 0x20, 0xc0, 0xc7, 0xc0, 0x5f, 0xfc, 0x18,
    0xfa, 0xbf, 0x01, 0x00, 0x00, 0xfc, 0xfb, 0xda, 0x0d, 0xce, 0xb5, 0xcf,
    0xe0, 0x8c, 0xff, 0xe0, 0x00, 0x00, 0xf8, 0x4b, 0xa0, 0x65, 0x28, 0xbd,
    0x1e, 0x80, 0xac, 0xfe, 0x40, 0x03, 0x80, 0xff, 0xc6, 0xeb, 0x7e, 0x7e,
    0x63, 0x1a, 0x80, 0xc3, 0xfb, 0x80, 0x3b, 0xc0, 0x01, 0xfe, 0xff, 0x07,
    0x3c, 0xa0, 0x03, 0x00, 0x38, 0x40, 0xc5, 0xaa, 0xe1, 0xff, 0x01, 0x00,
    0xfe, 0xff, 0x03, 0xf8, 0xff, 0xff, 0xff, 0xff, 0xff, 0xff, 0xff, 0xff,
    0x00, 0x00, 0x00, 0xc0, 0xff, 0xab, 0xff, 0x7f, 0x7f, 0x35, 0x00, 0x00,
    0x00, 0x00, 0x00, 0x00, 0x00, 0x00, 0x40, 0x00, 0x10, 0x00, 0xfe, 0xef,
    0xff, 0xff, 0xff, 0xff, 0xff, 0xff, 0xff, 0xff, 0xff, 0xff, 0xff, 0xff,
    0xff, 0xff, 0xff, 0xff, 0xff, 0xff, 0xff, 0xff, 0xff, 0xff, 0xff, 0xff,
    0xff, 0xff, 0xff, 0xff, 0xff, 0xff, 0x01, 0xfe, 0xff, 0xff, 0xff, 0xff,
    0xff, 0xff, 0xff, 0xff, 0xa8, 0x89, 0xff, 0xff, 0xff, 0x8c, 0x07, 0xf3,
    0x57, 0x28, 0x00, 0x00, 0x00, 0x00, 0x00, 0x00, 0x7a, 0x04, 0xd4, 0xf1,
    0x9d, 0xb2, 0xa0, 0x50, 0xbc, 0x99, 0x16, 0xb6, 0x95, 0x94, 0x81, 0xf1,
    0xf0, 0xd8, 0x58, 0xb8, 0x97, 0x07, 0xf7, 0xb6, 0x26, 0xf5, 0xd4, 0xc4,
    0x84, 0x44, 0x34, 0x24, 0xe4, 0x42, 0x32, 0xf2, 0xd1, 0x6c, 0x00, 0x7f,
    0xe3, 0x5d, 0x6d, 0xa9, 0xcd, 0x82, 0x14, 0x02, 0x00, 0xec, 0xc4, 0xff,
    0x3c, 0x51, 0x47, 0x97, 0x91, 0x06, 0x7e, 0x32, 0xba, 0x0a, 0xd9, 0x06,
    0xd8, 0x86, 0x7f, 0x78, 0x00, 0x00, 0xfe, 0xe9, 0x4f, 0x5d, 0x18, 0xe9,
    0x00, 0xce, 0xfa, 0x07, 0xb6, 0x01, 0xd6, 0x83, 0xff, 0x3b, 0xf2, 0xc2,
    0xf2, 0x35, 0x00, 0x3c, 0x00, 0x77, 0x7c, 0x8a, 0xdd, 0x03, 0x1c, 0xf0,
    0xff, 0x7f, 0x00, 0x80, 0x01, 0xd6, 0x4b, 0xec, 0x18, 0xd0, 0x9c, 0xfe,
    0x7f, 0x12, 0x00, 0x00, 0xe0, 0x11, 0xa8, 0x60, 0x7d, 0x8c, 0xc9, 0x97,
    0xfc, 0x8f, 0x0f, 0x00, 0x00, 0xf8, 0xa1, 0x43, 0xd4, 0xf3, 0x04, 0x51,
    0xf8, 0x0f, 0x09, 0x00, 0xf0, 0x5f, 0x24, 0x93, 0x6a, 0xb7, 0xa4, 0x16,
    0xc0, 0x39, 0xfc, 0x7f, 0x0e, 0xf0, 0xff, 0x34, 0x56, 0x06, 0x49, 0xf8,
    0xff, 0xff, 0xff, 0x3f, 0x70, 0x8f, 0xfc, 0xbf, 0x07, 0x00, 0x0f, 0x00,
    0x1f, 0x37, 0xeb, 0x41, 0xd1, 0xfe, 0xbf, 0x0e, 0x00, 0x30, 0xc0, 0x40,
    0x90, 0x81, 0x08, 0xd9, 0xaf, 0xf7, 0xff, 0xdc, 0x00, 0x00, 0x00, 0xde,
    0x62, 0x71, 0x14, 0x1a, 0x08, 0xf8, 0x3f, 0x02, 0x00, 0x00, 0x3f, 0x98,
    0x40, 0x97, 0x62, 0x11, 0x3f, 0x14, 0x9c, 0xe1, 0x1f, 0x3e, 0x00, 0xc0,
    0x3f, 0x43, 0x87, 0x4c, 0x01, 0x00, 0x12, 0xef, 0x07, 0x38, 0x80, 0x3d,
    0xe6, 0xff, 0x7f, 0x97, 0xb1, 0x19, 0x25, 0x19, 0x0f, 0x00, 0x0f, 0x10,
    0xe1, 0x79, 0xb0, 0x75, 0xff, 0x7f, 0x06, 0x00, 0x30, 0xc0, 0xaa, 0xb7,
    0x7b, 0x9d, 0xff, 0x7f, 0x00, 0x80, 0xff, 0xff, 0xff, 0xff, 0xff, 0x7f,
    0x00, 0xe0, 0xff, 0xff,
};

const rf_v27_model_blob_t g_rf_v27_absolute_model = {
    .name = "v27_absolute_dji_state",
    .command = g_rf_v27_absolute_command,
    .weights = g_rf_v27_absolute_weights,
    .command_bytes = RF_V27_ABSOLUTE_COMMAND_BYTES,
    .weight_bytes = RF_V27_ABSOLUTE_WEIGHT_BYTES,
    .weight_region = 0u,
    .scratch_region = 1u,
    .scratch_bytes = 192176u,
    .input_region = 1u,
    .input_offset = RF_V27_ABSOLUTE_INPUT_OFFSET,
    .input_bytes = RF_V27_ABSOLUTE_INPUT_BYTES,
    .output_count = RF_V27_ABSOLUTE_OUTPUT_COUNT,
    .output_region = {1u, 1u, 1u, 1u, 1u},
    .output_offset = {23680u, 17760u, 11840u, 5920u, 0u},
    .output_bytes = {5916u, 5916u, 5916u, 5916u, 5916u},
};
#endif
