#include "rf_device_thumbnails.h"

const LV_ATTRIBUTE_MEM_ALIGN LV_ATTRIBUTE_LARGE_CONST uint8_t rf_device_dji_mini_3_pro_strip_map[] = {
    0xC7,0x31,0xC7,0x31,0xC7,0x31,0xC7,0x31,0xC7,0x31,0xC7,0x31,0xC7,0x31,0xC7,0x31,
    0xC7,0x31,0xC7,0x31,0xC7,0x31,0xC7,0x31,0xC7,0x31,0xC7,0x31,0xC7,0x31,0xC7,0x31,
    0xC7,0x31,0xC7,0x31,0xC7,0x31,0xC7,0x31,0xC7,0x31,0xC7,0x31,0xC7,0x31,0xC7,0x31,
    0xC7,0x31,0xC7,0x31,0xC7,0x31,0xC7,0x31,0xC7,0x31,0xC7,0x31,0xC7,0x31,0xC7,0x31,
    0xC7,0x31,0xC7,0x31,0xC7,0x31,0xC7,0x31,0xC7,0x31,0xC7,0x31,0xC7,0x31,0xC7,0x31,
    0xC7,0x31,0xC7,0x31,0xC7,0x31,0xC7,0x31,0xC7,0x31,0xC7,0x31,0xC7,0x31,0xC7,0x31,
    0xC7,0x31,0xC7,0x31,0xC7,0x31,0xC7,0x31,0xC7,0x31,0xC7,0x31,0xC7,0x31,0xC7,0x31,
    0xC7,0x31,0xC7,0x31,0xC7,0x31,0xC7,0x31,0xC7,0x31,0xC7,0x31,0xC7,0x31,0xC7,0x31,
    0xC7,0x31,0xC7,0x31,0xC7,0x31,0xC7,0x31,0xC7,0x31,0xC7,0x31,0xC7,0x31,0xC7,0x31,
    0xC7,0x31,0xC7,0x31,0xC7,0x31,0xC7,0x31,0xC7,0x31,0xC7,0x31,0xC7,0x31,0xC7,0x31,
    0xC7,0x31,0xC7,0x31,0xC7,0x31,0xC7,0x31,0xC7,0x31,0xC7,0x31,0xC7,0x31,0xC7,0x31,
    0xC7,0x31,0xC7,0x31,0xC7,0x31,0xC7,0x31,0xC7,0x31,0xC7,0x31,0xC7,0x31,0xC7,0x31,
    0xC7,0x31,0xC7,0x31,0xC7,0x31,0xC7,0x31,0xC7,0x31,0xC7,0x31,0xC7,0x31,0xC7,0x31,
    0xC7,0x31,0xC7,0x31,0xC7,0x31,0xC7,0x31,0xC7,0x31,0xC7,0x31,0xC7,0x31,0xC7,0x31,
    0xC7,0x31,0xC7,0x31,0xC7,0x31,0xC7,0x31,0xC7,0x31,0xC7,0x31,0xC7,0x31,0xC7,0x31,
    0xC7,0x31,0xC7,0x31,0xC7,0x31,0xC7,0x31,0xC7,0x31,0xC7,0x31,0xC7,0x31,0xC7,0x31,
    0xC7,0x31,0xC7,0x31,0xC7,0x31,0xC7,0x31,0xC7,0x31,0xC7,0x31,0xC7,0x31,0xC7,0x31,
    0xC7,0x31,0xC7,0x31,0xC7,0x31,0xC7,0x31,0xC7,0x31,0xC7,0x31,0xC7,0x31,0xC7,0x31,
    0xC7,0x31,0xC7,0x31,0xC7,0x31,0xC7,0x31,0xC7,0x31,0xC7,0x31,0xC7,0x31,0xC7,0x31,
    0xC7,0x31,0xC7,0x31,0xC7,0x31,0xC7,0x31,0xC7,0x31,0xC7,0x31,0xC7,0x31,0xC7,0x31,
    0xC7,0x31,0xC7,0x31,0xC7,0x31,0xC7,0x31,0xC7,0x31,0xC7,0x31,0xC7,0x31,0xC7,0x31,
    0xC7,0x31,0xC7,0x31,0xC7,0x31,0xC7,0x31,0xC7,0x31,0xC7,0x31,0xC7,0x31,0xC7,0x31,
    0xC7,0x31,0xC7,0x31,0xC7,0x31,0xC7,0x31,0xC7,0x31,0xC7,0x31,0xC7,0x31,0xC7,0x31,
    0xC7,0x31,0xC7,0x31,0xC7,0x31,0xC7,0x31,0xC7,0x31,0xC7,0x31,0xC7,0x31,0xC7,0x31,
    0xC7,0x31,0xC7,0x31,0xC7,0x31,0xC7,0x31,0xC7,0x31,0xC7,0x31,0xC7,0x31,0xC7,0x31,
    0xC7,0x31,0xC7,0x31,0xC7,0x31,0xC7,0x31,0xC7,0x31,0xC7,0x31,0xC7,0x31,0xC7,0x31,
    0xC7,0x31,0xC7,0x31,0xC7,0x31,0xC7,0x31,0xC7,0x31,0xC7,0x31,0xC7,0x31,0xC7,0x31,
    0xC7,0x31,0xC7,0x31,0xC7,0x31,0xC7,0x31,0xC7,0x31,0xC7,0x31,0xC7,0x31,0xC7,0x31,
    0xC7,0x31,0xC7,0x31,0xC7,0x31,0xC7,0x31,0xC7,0x31,0xC7,0x31,0xC7,0x31,0xC7,0x31,
    0xC7,0x31,0xC7,0x31,0xC7,0x31,0xC7,0x31,0xC7,0x31,0xC7,0x31,0xC7,0x31,0xC7,0x31,
    0xC7,0x31,0xC7,0x31,0xC7,0x31,0xC7,0x31,0xC7,0x31,0xC7,0x31,0xC7,0x31,0xC7,0x31,
    0xC7,0x31,0xC7,0x31,0xC7,0x31,0xC7,0x31,0xC7,0x31,0xC7,0x31,0xC7,0x31,0xC7,0x31,
    0xC7,0x31,0xC7,0x31,0xC7,0x31,0xC7,0x31,0xC7,0x31,0xC7,0x31,0xC7,0x31,0xC7,0x31,
    0xC7,0x31,0xC7,0x31,0xC7,0x31,0xC7,0x31,0xC7,0x31,0xC7,0x31,0xC7,0x31,0xC7,0x31,
    0xC7,0x31,0xC7,0x31,0xC7,0x31,0xC7,0x31,0xC7,0x31,0xC7,0x31,0xC7,0x31,0xC7,0x31,
    0xC7,0x31,0xC7,0x31,0xC7,0x31,0xC7,0x31,0xC7,0x31,0xC7,0x31,0xC7,0x31,0xC7,0x31,
    0xC7,0x31,0xC7,0x31,0xC7,0x31,0xC7,0x31,0xC7,0x31,0xC7,0x31,0xC7,0x31,0xC7,0x31,
    0xC7,0x31,0xC7,0x31,0xC7,0x31,0xC7,0x31,0xC7,0x31,0xC7,0x31,0xC7,0x31,0xC7,0x31,
    0xC7,0x31,0xC7,0x31,0xC7,0x31,0xC7,0x31,0xC7,0x31,0xC7,0x31,0xC7,0x31,0xC7,0x31,
    0xC7,0x31,0xC7,0x31,0xC7,0x31,0xC7,0x31,0xC7,0x31,0xC7,0x31,0xC7,0x31,0xC7,0x31,
    0xC7,0x31,0xC7,0x31,0xC7,0x31,0xC7,0x31,0xC7,0x31,0xC7,0x31,0xC7,0x31,0xC7,0x31,
    0xC7,0x31,0xC7,0x31,0xC7,0x31,0xC7,0x31,0xC7,0x31,0xC7,0x31,0xC7,0x31,0xC7,0x31,
    0xC7,0x31,0xC7,0x31,0xC7,0x31,0xC7,0x31,0xC7,0x31,0xC7,0x31,0xC7,0x31,0xC7,0x31,
    0xC7,0x31,0xC7,0x31,0xC7,0x31,0xC7,0x31,0xC7,0x31,0xC7,0x31,0xC7,0x31,0xC7,0x31,
    0xC7,0x31,0xC7,0x31,0xC7,0x31,0xC7,0x31,0xC7,0x31,0xC7,0x31,0xC7,0x31,0xC7,0x31,
    0xC7,0x31,0xC7,0x31,0xC7,0x31,0xC7,0x31,0xC7,0x31,0xC7,0x31,0xC7,0x31,0xC7,0x31,
    0xC7,0x31,0xC7,0x31,0xC7,0x31,0xC7,0x31,0xC7,0x31,0xC7,0x31,0xC7,0x31,0xC7,0x31,
    0xC7,0x31,0xC7,0x31,0xC7,0x31,0xC7,0x31,0xC7,0x31,0xC7,0x31,0xC7,0x31,0xC7,0x31,
    0xC7,0x31,0xC7,0x31,0xC7,0x31,0xC7,0x31,0xC7,0x31,0xC7,0x31,0xC7,0x31,0xC7,0x31,
    0xC7,0x31,0xC7,0x31,0xC7,0x31,0xC7,0x31,0xC7,0x31,0xC7,0x31,0xC7,0x31,0xC7,0x31,
    0xC7,0x31,0xC7,0x31,0xC7,0x31,0xC7,0x31,0xC7,0x31,0xC7,0x31,0xC7,0x31,0xC7,0x31,
    0xC7,0x31,0xC7,0x31,0xC7,0x31,0xC7,0x31,0xC7,0x31,0xC7,0x31,0xC7,0x31,0xC7,0x31,
    0xC7,0x31,0xC7,0x31,0xC7,0x31,0x08,0x3A,0xE8,0x39,0xC7,0x31,0xC7,0x31,0xC7,0x31,
    0xC7,0x31,0xC7,0x31,0xC7,0x31,0xC7,0x31,0xC7,0x31,0xC7,0x31,0xC7,0x31,0xC7,0x31,
    0xC7,0x31,0xC7,0x31,0xC7,0x31,0xC7,0x31,0xC7,0x31,0xC7,0x31,0xC7,0x31,0xC7,0x31,
    0xC7,0x31,0xC7,0x31,0xC7,0x31,0xC7,0x31,0xC7,0x31,0xC7,0x31,0xC7,0x31,0xC7,0x31,
    0xC7,0x31,0xC7,0x31,0xC7,0x31,0x08,0x3A,0x28,0x3A,0xCD,0x83,0x69,0x4A,0xC7,0x31,
    0xC7,0x31,0xC7,0x31,0xC7,0x31,0xC7,0x31,0xC7,0x31,0xC7,0x31,0xC7,0x31,0xC7,0x31,
    0xC7,0x31,0xC7,0x31,0xC7,0x31,0xC7,0x31,0xC7,0x31,0xC7,0x31,0xC7,0x31,0xC7,0x31,
    0xC7,0x31,0xC7,0x31,0xC7,0x31,0xC7,0x31,0xC7,0x31,0xC7,0x31,0xC7,0x31,0xC7,0x31,
    0xC7,0x31,0xC7,0x31,0xC7,0x31,0xC7,0x31,0xC7,0x31,0xC7,0x31,0xC7,0x31,0xC7,0x31,
    0xC7,0x31,0xC7,0x31,0xC7,0x31,0xC7,0x31,0xC7,0x31,0xC7,0x31,0xC7,0x31,0xC7,0x31,
    0xC7,0x31,0xC7,0x31,0xC8,0x31,0x08,0x3A,0x6A,0x42,0x8A,0x4A,0x6A,0x4A,0x49,0x42,
    0x49,0x42,0x2C,0x6B,0x08,0x3A,0xC7,0x31,0xC7,0x31,0xC7,0x31,0xC7,0x31,0xC7,0x31,
    0xC7,0x31,0xC7,0x31,0xC7,0x31,0xC7,0x31,0xC7,0x31,0xC7,0x31,0xC7,0x31,0xC7,0x31,
    0xC7,0x31,0xC7,0x31,0xC7,0x31,0xC7,0x31,0xC7,0x31,0xC7,0x31,0xC7,0x31,0xC7,0x31,
    0xC7,0x31,0xC7,0x31,0xC7,0x31,0xC7,0x31,0xC7,0x31,0xC7,0x31,0xC7,0x31,0xC7,0x31,
    0xC7,0x31,0xC7,0x31,0xC7,0x31,0xC7,0x31,0xC7,0x31,0xC7,0x31,0xC7,0x31,0xC7,0x31,
    0xC7,0x31,0xC7,0x31,0xC7,0x31,0xC8,0x31,0xA7,0x31,0x08,0x3A,0x29,0x42,0x49,0x42,
    0x49,0x42,0x08,0x3A,0xC7,0x31,0xC7,0x31,0xC7,0x31,0xC7,0x31,0xC7,0x31,0xC7,0x31,
    0xC7,0x31,0xC7,0x31,0xC7,0x31,0xC7,0x31,0xC7,0x31,0xC7,0x31,0xC7,0x31,0xC7,0x31,
    0xC7,0x31,0xC7,0x31,0xC7,0x31,0xC7,0x31,0xC7,0x31,0xC7,0x31,0xC7,0x31,0xC7,0x31,
    0xC7,0x31,0xC7,0x31,0xC7,0x31,0xC7,0x31,0xC7,0x31,0xC7,0x31,0xC7,0x31,0xC7,0x31,
    0xC7,0x31,0xC7,0x31,0xC7,0x31,0xC7,0x31,0xC7,0x31,0xC7,0x31,0xC7,0x31,0xC7,0x31,
    0xC7,0x31,0xC7,0x31,0x08,0x3A,0x29,0x42,0x49,0x42,0xAB,0x52,0x49,0x4A,0x8A,0x4A,
    0xEB,0x5A,0x49,0x42,0xC7,0x31,0xC7,0x31,0xC7,0x31,0xC7,0x31,0xC7,0x31,0xC7,0x31,
    0xC7,0x31,0xC7,0x31,0xC7,0x31,0xC7,0x31,0xC7,0x31,0xC7,0x31,0xC7,0x31,0xC7,0x31,
    0x8A,0x52,0x0E,0x94,0x49,0x4A,0xC7,0x31,0xC7,0x31,0xC7,0x31,0xC7,0x31,0xC7,0x31,
    0xC7,0x31,0xC7,0x31,0xC7,0x31,0xC7,0x31,0xC7,0x31,0xC7,0x31,0xC7,0x31,0xC7,0x31,
    0xC7,0x31,0xC7,0x31,0xC7,0x31,0xC7,0x31,0xC7,0x31,0x6C,0x73,0xCA,0x5A,0xC7,0x31,
    0xC7,0x31,0x08,0x3A,0x69,0x4A,0x49,0x42,0x6A,0x4A,0x8A,0x4A,0xAA,0x52,0xCB,0x52,
    0xEC,0x5A,0xCB,0x52,0x29,0x42,0xD3,0x9C,0x9A,0xD6,0xF0,0x7B,0xC7,0x31,0xC7,0x31,
    0xC7,0x31,0xC7,0x31,0xC7,0x31,0xC7,0x31,0xC7,0x31,0xC7,0x31,0xC7,0x31,0xC7,0x31,
    0xC7,0x31,0xC7,0x31,0xC7,0x31,0xC7,0x31,0x08,0x42,0x6C,0x73,0x8A,0x4A,0xC7,0x31,
    0xC7,0x31,0xC7,0x31,0xC7,0x31,0xC7,0x31,0xC7,0x31,0xC7,0x31,0xC7,0x31,0xC7,0x31,
    0xC7,0x31,0xC7,0x31,0xC7,0x31,0xC7,0x31,0xC7,0x31,0xC7,0x31,0xC7,0x31,0xC7,0x31,
    0x8A,0x4A,0xAE,0x73,0x69,0x4A,0xC7,0x31,0xC7,0x31,0xAD,0x7B,0x4C,0x73,0x49,0x42,
    0x49,0x42,0x29,0x42,0x08,0x3A,0x08,0x42,0x28,0x3A,0xC7,0x31,0xC7,0x31,0x38,0xC6,
    0x38,0xC6,0x6A,0x4A,0xC7,0x31,0xC7,0x31,0xC7,0x31,0xC7,0x31,0xC7,0x31,0xC7,0x31,
    0xC7,0x31,0xC7,0x31,0xC7,0x31,0xC7,0x31,0xC7,0x31,0xC7,0x31,0xC7,0x31,0xC7,0x31,
    0xC7,0x31,0xEB,0x5A,0xAA,0x52,0xC7,0x31,0xC7,0x31,0xC7,0x31,0xC7,0x31,0xC7,0x31,
    0xC7,0x31,0xC7,0x31,0xC7,0x31,0xC7,0x31,0xC7,0x31,0xC7,0x31,0xC7,0x31,0xC7,0x31,
    0xC7,0x31,0xC7,0x31,0xC7,0x31,0x6A,0x42,0x6D,0x6B,0xAA,0x52,0xC7,0x31,0xC7,0x31,
    0xC7,0x31,0x08,0x3A,0xC7,0x31,0xC7,0x31,0xC7,0x31,0xC7,0x31,0xC7,0x31,0xC7,0x31,
    0xC7,0x31,0xC7,0x31,0xC7,0x31,0x14,0xA5,0x18,0xC6,0xC7,0x31,0xC7,0x31,0xC7,0x31,
    0xC7,0x31,0xC7,0x31,0xC7,0x31,0xC7,0x31,0xC7,0x31,0xC7,0x31,0xC7,0x31,0xC7,0x31,
    0xC7,0x31,0xC7,0x31,0xC7,0x31,0xC7,0x31,0xC7,0x31,0xCB,0x5A,0xCB,0x5A,0xE8,0x39,
    0xC7,0x31,0xC7,0x31,0xC7,0x31,0xC7,0x31,0xC7,0x31,0xC7,0x31,0xC7,0x31,0xC7,0x31,
    0xC7,0x31,0xC7,0x31,0xC7,0x31,0xC7,0x31,0xC7,0x31,0xC7,0x31,0x49,0x42,0x0C,0x63,
    0x2C,0x63,0x49,0x42,0xC7,0x31,0xC7,0x31,0xC7,0x31,0xC7,0x31,0xC7,0x31,0xC7,0x31,
    0xC7,0x31,0xC7,0x31,0xC7,0x31,0xC7,0x31,0xC7,0x31,0xC7,0x31,0xC7,0x31,0x4A,0x42,
    0x59,0xCE,0xEC,0x5A,0xC7,0x31,0xC7,0x31,0xC7,0x31,0xC7,0x31,0xC7,0x31,0xC7,0x31,
    0xC7,0x31,0xC7,0x31,0xC7,0x31,0xC7,0x31,0xC7,0x31,0xC7,0x31,0xC7,0x31,0xC7,0x31,
    0xC7,0x31,0xCB,0x5A,0xEB,0x5A,0x08,0x3A,0xC7,0x31,0xC7,0x31,0xC7,0x31,0xC7,0x31,
    0xC7,0x31,0xC7,0x31,0xC7,0x31,0xC7,0x31,0xC7,0x31,0xC7,0x31,0xC7,0x31,0xC7,0x31,
    0xC7,0x31,0xE8,0x31,0xCB,0x5A,0x4D,0x6B,0xCB,0x5A,0xC7,0x31,0xC7,0x31,0xC7,0x31,
    0xC7,0x31,0xC7,0x31,0xC7,0x31,0xC7,0x31,0xC7,0x31,0xC7,0x31,0xC7,0x31,0xC7,0x31,
    0xC7,0x31,0xC7,0x31,0xC7,0x31,0xC7,0x31,0x39,0xC6,0xBA,0xD6,0x30,0x84,0xF0,0x7B,
    0xF0,0x7B,0xC7,0x31,0xC7,0x31,0xC7,0x31,0xC7,0x31,0xC7,0x31,0xC7,0x31,0xC7,0x31,
    0xC7,0x31,0xC7,0x31,0xC7,0x31,0xC7,0x31,0xC7,0x31,0x6A,0x4A,0xAB,0x52,0xE8,0x39,
    0xC7,0x31,0xC7,0x31,0xC7,0x31,0xC7,0x31,0xC7,0x31,0xC7,0x31,0xC7,0x31,0xC7,0x31,
    0xC7,0x31,0xC7,0x31,0xC7,0x31,0xC7,0x31,0xC7,0x31,0x29,0x42,0xEB,0x5A,0xEC,0x5A,
    0x29,0x42,0xC7,0x31,0xC7,0x31,0xC7,0x31,0xC7,0x31,0xC7,0x31,0xC7,0x31,0xC7,0x31,
    0xC7,0x31,0xC7,0x31,0xC7,0x31,0xC7,0x31,0xC7,0x31,0xC7,0x31,0xC7,0x31,0xAB,0x52,
    0x9A,0xD6,0xFF,0xFF,0x9E,0xF7,0xBE,0xF7,0x9E,0xF7,0x59,0xC6,0x92,0x94,0xC7,0x31,
    0xC7,0x31,0xC7,0x31,0xC7,0x31,0xC7,0x31,0xC7,0x31,0xC7,0x31,0xC7,0x31,0xC7,0x31,
    0xC7,0x31,0x29,0x42,0xCB,0x5A,0xE8,0x39,0xC7,0x31,0xC7,0x31,0xC7,0x31,0xC7,0x31,
    0xC7,0x31,0xC7,0x31,0xC7,0x31,0xC7,0x31,0xC7,0x31,0xC7,0x31,0xC7,0x31,0xC7,0x31,
    0xE8,0x39,0xC7,0x31,0x49,0x4A,0xC7,0x31,0xC7,0x31,0xC7,0x31,0xC7,0x31,0xC7,0x31,
    0xC7,0x31,0xC7,0x31,0xC7,0x31,0xC7,0x31,0xC7,0x31,0xC7,0x31,0xC7,0x31,0xC7,0x31,
    0xEC,0x5A,0xF3,0x9C,0xF7,0xBD,0x3C,0xE7,0x9E,0xF7,0x5D,0xEF,0x5D,0xEF,0x7D,0xEF,
    0x5D,0xEF,0x9E,0xF7,0xBA,0xD6,0xCF,0x7B,0xCB,0x52,0xC7,0x31,0xC7,0x31,0xC7,0x31,
    0xC7,0x31,0xC7,0x31,0xC7,0x31,0xC7,0x31,0xC7,0x31,0xA7,0x29,0x2C,0x63,0x49,0x4A,
    0xC7,0x31,0xC7,0x31,0xC7,0x31,0xC7,0x31,0xC7,0x31,0xC7,0x31,0xC7,0x31,0xC7,0x31,
    0xC7,0x31,0xC7,0x31,0xC7,0x31,0xE8,0x31,0x0C,0x5B,0x0F,0x84,0x55,0xAD,0xAA,0x52,
    0xC7,0x31,0xC7,0x31,0xC7,0x31,0xC7,0x31,0xC7,0x31,0xC7,0x31,0xC7,0x31,0x8A,0x4A,
    0x18,0xBE,0x59,0xCE,0x34,0xA5,0xD7,0xBD,0x7D,0xEF,0xFF,0xFF,0xFF,0xFF,0x9E,0xF7,
    0x5D,0xEF,0x7D,0xEF,0x5D,0xEF,0xFB,0xDE,0xDA,0xDE,0xDB,0xDE,0x10,0x84,0x92,0x94,
    0x9E,0xF7,0x92,0x8C,0xC7,0x31,0xC7,0x31,0xC7,0x31,0xC7,0x31,0xC7,0x31,0xC7,0x31,
    0x69,0x4A,0x10,0x84,0x0B,0x63,0x0B,0x63,0xC7,0x31,0xC7,0x31,0xC7,0x31,0xC7,0x31,
    0xC7,0x31,0xC7,0x31,0xC7,0x31,0xC7,0x31,0xC7,0x31,0xC7,0x31,0x08,0x3A,0xEC,0x5A,
    0xB3,0x94,0xF7,0xBD,0x79,0xCE,0x79,0xCE,0x59,0xCE,0x75,0xAD,0xF3,0x9C,0x6E,0x6B,
    0xCB,0x52,0x2C,0x5B,0x28,0x42,0x96,0xAD,0xFF,0xFF,0xFF,0xFF,0xFF,0xFF,0xFF,0xFF,
    0xBE,0xF7,0x7D,0xEF,0x7D,0xEF,0x7D,0xEF,0x5D,0xEF,0xFB,0xDE,0x9A,0xD6,0x79,0xCE,
    0x79,0xCE,0xF7,0xBD,0x75,0xAD,0x18,0xC6,0xBA,0xD6,0xF7,0xBD,0xD3,0x9C,0xD3,0x94,
    0x35,0xA5,0xB6,0xB5,0x59,0xCE,0x18,0xC6,0x18,0xC6,0x75,0xAD,0x69,0x4A,0xCB,0x52,
    0xE8,0x31,0xC7,0x31,0xC7,0x31,0xC7,0x31,0xC7,0x31,0xC7,0x31,0xC7,0x31,0xC7,0x31,
    0xC7,0x31,0x08,0x3A,0x2D,0x63,0x8A,0x4A,0xAB,0x52,0xEC,0x5A,0x8E,0x73,0xD3,0x9C,
    0xB6,0xB5,0x18,0xC6,0x9A,0xCE,0x9A,0xCE,0x79,0xCE,0xFB,0xDE,0x4C,0x63,0x8A,0x52,
    0x55,0xAD,0x75,0xAD,0xBA,0xD6,0xBE,0xF7,0x9E,0xF7,0x7D,0xEF,0x9E,0xF7,0xFB,0xDE,
    0x79,0xCE,0x9A,0xD6,0x59,0xCE,0xF7,0xBD,0x34,0xA5,0xD3,0x9C,0xCB,0x5A,0xA6,0x31,
    0x4D,0x6B,0x51,0x8C,0xD7,0xBD,0x96,0xAD,0x55,0xAD,0xF4,0x9C,0x92,0x8C,0x31,0x84,
    0xF0,0x7B,0xEB,0x5A,0x69,0x4A,0x0C,0x63,0x49,0x42,0xC7,0x31,0xC7,0x31,0xC7,0x31,
    0xC7,0x31,0xC7,0x31,0xC7,0x31,0xC7,0x31,0xE8,0x31,0xCB,0x5A,0xCB,0x5A,0xC7,0x31,
    0xC7,0x31,0xC7,0x31,0xC7,0x31,0xC7,0x31,0xC7,0x31,0xC7,0x31,0x8A,0x4A,0x8E,0x6B,
    0x51,0x84,0x14,0x9D,0x72,0x8C,0x30,0x84,0x2C,0x63,0x4D,0x6B,0xEF,0x7B,0xD3,0x9C,
    0x1C,0xE7,0xFF,0xFF,0x9E,0xF7,0xBA,0xD6,0x9A,0xD6,0x38,0xC6,0x34,0xA5,0xD3,0x9C,
    0xD3,0x9C,0xB2,0x94,0x71,0x8C,0xD3,0x9C,0x51,0x8C,0xCB,0x52,0xE8,0x31,0xC7,0x31,
    0xC7,0x31,0xC7,0x31,0xC7,0x31,0xC7,0x31,0xC7,0x31,0xE8,0x39,0xAA,0x52,0x4D,0x6B,
    0x8A,0x4A,0xC7,0x31,0xC7,0x31,0xC7,0x31,0xC7,0x31,0xC7,0x31,0xC7,0x31,0xC7,0x31,
    0x4A,0x42,0xCB,0x5A,0xE8,0x39,0xC7,0x31,0xC7,0x31,0xC7,0x31,0xC7,0x31,0xC7,0x31,
    0xC7,0x31,0xC7,0x31,0xC7,0x31,0xC7,0x31,0xC7,0x31,0xC7,0x31,0x96,0xB5,0x30,0x84,
    0xC7,0x39,0x8E,0x6B,0x2C,0x63,0xC7,0x39,0x4D,0x6B,0x34,0xA5,0x1C,0xE7,0xF7,0xBD,
    0x55,0xAD,0xD3,0x9C,0xD3,0x9C,0xD3,0x9C,0xD3,0x9C,0xD3,0x9C,0xB2,0x94,0x92,0x94,
    0x8B,0x4A,0xC7,0x31,0xC7,0x31,0xC7,0x31,0xC7,0x31,0xC7,0x31,0xC7,0x31,0xC7,0x31,
    0xC7,0x31,0xE8,0x39,0x89,0x52,0x6D,0x6B,0xAB,0x52,0xC7,0x31,0xC7,0x31,0xC7,0x31,
    0xC7,0x31,0xC7,0x31,0xC7,0x31,0xCA,0x62,0xCD,0x83,0xCB,0x52,0xC7,0x31,0xC7,0x31,
    0xC7,0x31,0xC7,0x31,0xC7,0x31,0xC7,0x31,0xC7,0x31,0xC7,0x31,0xC7,0x31,0xC7,0x31,
    0xC7,0x31,0x31,0x84,0xB6,0xB5,0x04,0x21,0x08,0x42,0x69,0x4A,0xC7,0x39,0x45,0x21,
    0x49,0x4A,0xE7,0x39,0x34,0xA5,0xB2,0x94,0x51,0x8C,0x71,0x8C,0xD3,0x9C,0x14,0xA5,
    0x14,0xA5,0x10,0x7C,0xEC,0x5A,0xEB,0x5A,0xE8,0x31,0xC7,0x31,0xC7,0x31,0xC7,0x31,
    0xC7,0x31,0xC7,0x31,0xC7,0x31,0xC7,0x31,0xC7,0x31,0xC7,0x31,0x69,0x4A,0xAE,0x73,
    0xAB,0x52,0xC7,0x31,0xC7,0x31,0xC7,0x31,0xC7,0x31,0xC7,0x31,0xC7,0x31,0x6C,0x7B,
    0x0D,0x8C,0xC7,0x31,0xC7,0x31,0xC7,0x31,0xC7,0x31,0xC7,0x31,0xC7,0x31,0xC7,0x31,
    0xC7,0x31,0xC7,0x31,0xC7,0x31,0xC7,0x31,0xC7,0x31,0xF0,0x7B,0xAF,0x73,0x86,0x31,
    0x28,0x42,0xEB,0x5A,0x49,0x4A,0xA3,0x10,0x86,0x31,0x4D,0x6B,0x30,0x84,0x51,0x8C,
    0x55,0xAD,0x79,0xCE,0x55,0xAD,0x92,0x8C,0x6D,0x6B,0xC7,0x31,0xC7,0x31,0xC7,0x31,
    0xC7,0x31,0xC7,0x31,0xC7,0x31,0xC7,0x31,0xC7,0x31,0xC7,0x31,0xC7,0x31,0xC7,0x31,
    0xC7,0x31,0xC7,0x31,0x29,0x42,0x8E,0x73,0xEC,0x5A,0xC7,0x31,0xC7,0x31,0xC7,0x31,
    0xC7,0x31,0xC7,0x31,0xC7,0x31,0xC7,0x31,0xC7,0x31,0xC7,0x31,0xC7,0x31,0xC7,0x31,
    0xC7,0x31,0xC7,0x31,0xC7,0x31,0xC7,0x31,0xC7,0x31,0xC7,0x31,0xC7,0x31,0xC7,0x31,
    0xC7,0x31,0xC7,0x31,0xE8,0x39,0xA7,0x31,0x86,0x31,0xE8,0x41,0xC3,0x18,0x20,0x00,
    0x28,0x42,0x75,0xAD,0x55,0xAD,0xF3,0x9C,0x14,0xA5,0xFB,0xDE,0xDB,0xDE,0xAB,0x4A,
    0xC7,0x31,0xC7,0x31,0xC7,0x31,0xC7,0x31,0xC7,0x31,0xC7,0x31,0xC7,0x31,0xC7,0x31,
    0xC7,0x31,0xC7,0x31,0xC7,0x31,0xC7,0x31,0xC7,0x31,0xC7,0x31,0xC7,0x31,0xCC,0x8B,
    0x6E,0xA4,0xC7,0x31,0xC7,0x31,0xC7,0x31,0xC7,0x31,0xC7,0x31,0xC7,0x31,0xC7,0x31,
    0xC7,0x31,0xC7,0x31,0xC7,0x31,0xC7,0x31,0xC7,0x31,0xC7,0x31,0xC7,0x31,0xC7,0x31,
    0xC7,0x31,0xC7,0x31,0xC7,0x31,0xC7,0x31,0xC7,0x31,0xC7,0x31,0xC7,0x31,0xE8,0x31,
    0x86,0x29,0xA6,0x31,0xE3,0x18,0xE3,0x18,0xF7,0xBD,0x79,0xCE,0x55,0xAD,0xB2,0x94,
    0xB2,0x94,0x55,0xAD,0x7D,0xEF,0xF7,0xBD,0xC7,0x31,0xC7,0x31,0xC7,0x31,0xC7,0x31,
    0xC7,0x31,0xC7,0x31,0xC7,0x31,0xC7,0x31,0xC7,0x31,0xC7,0x31,0xC7,0x31,0xC7,0x31,
    0xC7,0x31,0xE7,0x31,0x29,0x42,0x8F,0xAC,0x2B,0x73,0xC7,0x31,0xC7,0x31,0xC7,0x31,
    0xC7,0x31,0xC7,0x31,0xC7,0x31,0xC7,0x31,0xC7,0x31,0xC7,0x31,0xC7,0x31,0xC7,0x31,
    0xC7,0x31,0xC7,0x31,0xC7,0x31,0xC7,0x31,0xC7,0x31,0xC7,0x31,0xC7,0x31,0xC7,0x31,
    0xC7,0x31,0xC7,0x31,0xC7,0x31,0xC7,0x31,0xC7,0x31,0x8A,0x4A,0xA7,0x31,0x28,0x42,
    0x1C,0xE7,0x38,0xC6,0x14,0xA5,0x92,0x94,0xEF,0x7B,0x8A,0x4A,0xB6,0xB5,0xBE,0xF7,
    0xCF,0x7B,0xC7,0x31,0xC7,0x31,0xC7,0x31,0xC7,0x31,0xC7,0x31,0xC7,0x31,0xC7,0x31,
    0xC7,0x31,0xC7,0x31,0xE8,0x39,0x29,0x42,0xAA,0x52,0x2C,0x63,0x6E,0x6B,0x6F,0xA4,
    0x89,0x4A,0xC7,0x31,0xC7,0x31,0xC7,0x31,0xC7,0x31,0xC7,0x31,0xC7,0x31,0xC7,0x31,
    0xC7,0x31,0xC7,0x31,0xC7,0x31,0xC7,0x31,0xC7,0x31,0xC7,0x31,0xC7,0x31,0xC7,0x31,
    0xC7,0x31,0xC7,0x31,0xC7,0x31,0xC7,0x31,0xC7,0x31,0xC7,0x31,0xC7,0x31,0xC7,0x31,
    0xC7,0x31,0xC7,0x31,0x08,0x3A,0x49,0x42,0x14,0xA5,0x75,0xAD,0x8E,0x6B,0x49,0x42,
    0xC7,0x31,0xC7,0x31,0x8A,0x4A,0x59,0xCE,0xBA,0xD6,0xE8,0x39,0xC7,0x31,0xC7,0x31,
    0xC7,0x31,0xC7,0x31,0xC7,0x31,0xC8,0x31,0x29,0x42,0x6A,0x4A,0xCB,0x5A,0x8E,0x6B,
    0x4D,0x6B,0xEB,0x5A,0x49,0x42,0xC7,0x31,0xC7,0x31,0xC7,0x31,0xC7,0x31,0xC7,0x31,
    0xC7,0x31,0xC7,0x31,0xC7,0x31,0xC7,0x31,0xC7,0x31,0xC7,0x31,0xC7,0x31,0xC7,0x31,
    0xC7,0x31,0xC7,0x31,0xC7,0x31,0xC7,0x31,0xC7,0x31,0xC7,0x31,0xC7,0x31,0xC7,0x31,
    0xC7,0x31,0xC7,0x31,0xC7,0x31,0xC7,0x31,0xC7,0x31,0xC7,0x31,0xC7,0x31,0xC7,0x31,
    0xC7,0x31,0xC7,0x31,0xC7,0x31,0xC7,0x31,0xC7,0x31,0xC7,0x31,0xC7,0x31,0xCB,0x52,
    0xFB,0xDE,0xBA,0xD6,0x49,0x42,0xC7,0x31,0xC7,0x31,0xC7,0x31,0x09,0x3A,0xAB,0x52,
    0x0C,0x63,0x4D,0x6B,0x0C,0x63,0xCB,0x52,0x29,0x42,0xC7,0x31,0xC7,0x31,0xC7,0x31,
    0xC7,0x31,0xC7,0x31,0xC7,0x31,0xC7,0x31,0xC7,0x31,0xC7,0x31,0xC7,0x31,0xC7,0x31,
    0xC7,0x31,0xC7,0x31,0xC7,0x31,0xC7,0x31,0xC7,0x31,0xC7,0x31,0xC7,0x31,0xC7,0x31,
    0xC7,0x31,0xC7,0x31,0xC7,0x31,0xC7,0x31,0xC7,0x31,0xC7,0x31,0xC7,0x31,0xC7,0x31,
    0xC7,0x31,0xC7,0x31,0xC7,0x31,0xC7,0x31,0xC7,0x31,0xC7,0x31,0xC7,0x31,0xC7,0x31,
    0xC7,0x31,0xC7,0x31,0xC7,0x31,0xC7,0x31,0x6D,0x6B,0x7D,0xEF,0xFB,0xDE,0xEC,0x5A,
    0xA7,0x31,0x8E,0x6B,0x8A,0x52,0xAB,0x52,0xAA,0x52,0xAA,0x52,0xC7,0x31,0xC7,0x31,
    0xC7,0x31,0xC7,0x31,0xC7,0x31,0xC7,0x31,0xC7,0x31,0xC7,0x31,0xC7,0x31,0xC7,0x31,
    0xC7,0x31,0xC7,0x31,0xC7,0x31,0xC7,0x31,0xC7,0x31,0xC7,0x31,0xC7,0x31,0xC7,0x31,
    0xC7,0x31,0xC7,0x31,0xC7,0x31,0xC7,0x31,0xC7,0x31,0xC7,0x31,0xC7,0x31,0xC7,0x31,
    0xC7,0x31,0xC7,0x31,0xC7,0x31,0xC7,0x31,0xC7,0x31,0xC7,0x31,0xC7,0x31,0xC7,0x31,
    0xC7,0x31,0xC7,0x31,0xC7,0x31,0xC7,0x31,0xC7,0x31,0xC7,0x31,0xC7,0x31,0xC7,0x31,
    0x29,0x3A,0xAF,0x73,0x34,0xA5,0xEF,0x7B,0x8E,0x73,0x8A,0x52,0x08,0x3A,0xC7,0x31,
    0xC7,0x31,0xC7,0x31,0xC7,0x31,0xC7,0x31,0xC7,0x31,0xC7,0x31,0xC7,0x31,0xC7,0x31,
    0xC7,0x31,0xC7,0x31,0xC7,0x31,0xC7,0x31,0xC7,0x31,0xC7,0x31,0xC7,0x31,0xC7,0x31,
    0xC7,0x31,0xC7,0x31,0xC7,0x31,0xC7,0x31,0xC7,0x31,0xC7,0x31,0xC7,0x31,0xC7,0x31,
    0xC7,0x31,0xC7,0x31,0xC7,0x31,0xC7,0x31,0xC7,0x31,0xC7,0x31,0xC7,0x31,0xC7,0x31,
    0xC7,0x31,0xC7,0x31,0xC7,0x31,0xC7,0x31,0xC7,0x31,0xC7,0x31,0xC7,0x31,0xC7,0x31,
    0xC7,0x31,0x29,0x3A,0xAB,0x52,0xEC,0x5A,0xAA,0x52,0xE7,0x39,0x45,0x29,0x8A,0x52,
    0xAE,0x73,0xCF,0x7B,0x0C,0x5B,0xC7,0x31,0xC7,0x31,0xC7,0x31,0xC7,0x31,0xC7,0x31,
    0xC7,0x31,0xC7,0x31,0xC7,0x31,0xC7,0x31,0xC7,0x31,0xC7,0x31,0xC7,0x31,0xC7,0x31,
    0xC7,0x31,0xC7,0x31,0xC7,0x31,0xC7,0x31,0xC7,0x31,0xC7,0x31,0xC7,0x31,0xC7,0x31,
    0xC7,0x31,0xC7,0x31,0xC7,0x31,0xC7,0x31,0xC7,0x31,0xC7,0x31,0xC7,0x31,0xC7,0x31,
    0xC7,0x31,0xC7,0x31,0xC7,0x31,0xC7,0x31,0xC7,0x31,0xC7,0x31,0xC7,0x31,0xC7,0x31,
    0xC7,0x31,0xC7,0x31,0xC7,0x31,0x08,0x3A,0x8A,0x4A,0xEB,0x5A,0xEB,0x5A,0x69,0x4A,
    0x07,0x42,0xE7,0x39,0xA7,0x31,0xD3,0x9C,0x9A,0xD6,0xD7,0xBD,0x49,0x42,0xC7,0x31,
    0xC7,0x31,0xC7,0x31,0xC7,0x31,0xC7,0x31,0xC7,0x31,0xC7,0x31,0xC7,0x31,0xC7,0x31,
    0xC7,0x31,0xC7,0x31,0xC7,0x31,0xC7,0x31,0xC7,0x31,0xC7,0x31,0xC7,0x31,0xC7,0x31,
    0xC7,0x31,0xC7,0x31,0xC7,0x31,0xC7,0x31,0xC7,0x31,0xC7,0x31,0xC7,0x31,0xC7,0x31,
    0xC7,0x31,0xC7,0x31,0xC7,0x31,0xC7,0x31,0xC7,0x31,0xC7,0x31,0xC7,0x31,0xC7,0x31,
    0xC7,0x31,0xC7,0x31,0xC7,0x31,0xC7,0x31,0xC7,0x31,0x8A,0x4A,0xAB,0x52,0xCB,0x52,
    0xEB,0x5A,0x69,0x52,0x28,0x42,0xE7,0x39,0xE7,0x39,0xE7,0x39,0xC7,0x31,0xAB,0x52,
    0x91,0x8C,0x0C,0x5B,0xC7,0x31,0xC7,0x31,0xC7,0x31,0xC7,0x31,0xC7,0x31,0xC7,0x31,
    0xC7,0x31,0xC7,0x31,0xC7,0x31,0xC7,0x31,0xC7,0x31,0xC7,0x31,0xC7,0x31,0xC7,0x31,
    0xC7,0x31,0xC7,0x31,0xC7,0x31,0xC7,0x31,0xC7,0x31,0xC7,0x31,0xC7,0x31,0xC7,0x31,
    0xC7,0x31,0xC7,0x31,0xC7,0x31,0xC7,0x31,0xC7,0x31,0xC7,0x31,0xC7,0x31,0xC7,0x31,
    0xC7,0x31,0xC7,0x31,0xC7,0x31,0xC7,0x31,0xC7,0x31,0xC7,0x31,0xC7,0x31,0xC7,0x31,
    0x4D,0xAC,0xED,0x93,0xCB,0x52,0x49,0x4A,0x08,0x42,0xE8,0x39,0xE8,0x39,0xE8,0x39,
    0xE8,0x31,0xC7,0x31,0xC7,0x31,0xC7,0x31,0xC7,0x31,0xC7,0x31,0xC7,0x31,0xC7,0x31,
    0xC7,0x31,0xC7,0x31,0xC7,0x31,0xC7,0x31,0xC7,0x31,0xC7,0x31,0xC7,0x31,0xC7,0x31,
    0xC7,0x31,0xC7,0x31,0xC7,0x31,0xC7,0x31,0xC7,0x31,0xC7,0x31,0xC7,0x31,0xC7,0x31,
    0xC7,0x31,0xC7,0x31,0xC7,0x31,0xC7,0x31,0xC7,0x31,0xC7,0x31,0xC7,0x31,0xC7,0x31,
    0xC7,0x31,0xC7,0x31,0xC7,0x31,0xC7,0x31,0xC7,0x31,0xC7,0x31,0xC7,0x31,0xC7,0x31,
    0xC7,0x31,0xC7,0x31,0xC7,0x31,0xC7,0x31,0xAC,0x8B,0x2B,0x73,0xE8,0x39,0xE8,0x31,
    0xC7,0x31,0xC7,0x31,0xC7,0x31,0xC7,0x31,0xC7,0x31,0xC7,0x31,0xC7,0x31,0xC7,0x31,
    0xC7,0x31,0xC7,0x31,0xC7,0x31,0xC7,0x31,0xC7,0x31,0xC7,0x31,0xC7,0x31,0xC7,0x31,
    0xC7,0x31,0xC7,0x31,0xC7,0x31,0xC7,0x31,0xC7,0x31,0xC7,0x31,0xC7,0x31,0xC7,0x31,
    0xC7,0x31,0xC7,0x31,0xC7,0x31,0xC7,0x31,0xC7,0x31,0xC7,0x31,0xC7,0x31,0xC7,0x31,
    0xC7,0x31,0xC7,0x31,0xC7,0x31,0xC7,0x31,0xC7,0x31,0xC7,0x31,0xC7,0x31,0xC7,0x31,
    0xC7,0x31,0xC7,0x31,0xC7,0x31,0xC7,0x31,0xC7,0x31,0xC7,0x31,0xC7,0x31,0xC7,0x31,
    0xC7,0x31,0xC7,0x31,0xC7,0x31,0xC7,0x31,0xC7,0x31,0xC7,0x31,0xC7,0x31,0xC7,0x31,
    0xC7,0x31,0xC7,0x31,0xC7,0x31,0xC7,0x31,0xC7,0x31,0xC7,0x31,0xC7,0x31,0xC7,0x31,
    0xC7,0x31,0xC7,0x31,0xC7,0x31,0xC7,0x31,0xC7,0x31,0xC7,0x31,0xC7,0x31,0xC7,0x31,
    0xC7,0x31,0xC7,0x31,0xC7,0x31,0xC7,0x31,0xC7,0x31,0xC7,0x31,0xC7,0x31,0xC7,0x31,
    0xC7,0x31,0xC7,0x31,0xC7,0x31,0xC7,0x31,0xC7,0x31,0xC7,0x31,0xC7,0x31,0xC7,0x31,
    0xC7,0x31,0xC7,0x31,0xC7,0x31,0xC7,0x31,0xC7,0x31,0xC7,0x31,0xC7,0x31,0xC7,0x31,
    0xC7,0x31,0xC7,0x31,0xC7,0x31,0xC7,0x31,0xC7,0x31,0xC7,0x31,0xC7,0x31,0xC7,0x31,
    0xC7,0x31,0xC7,0x31,0xC7,0x31,0xC7,0x31,0xC7,0x31,0xC7,0x31,0xC7,0x31,0xC7,0x31,
    0xC7,0x31,0xC7,0x31,0xC7,0x31,0xC7,0x31,0xC7,0x31,0xC7,0x31,0xC7,0x31,0xC7,0x31,
    0xC7,0x31,0xC7,0x31,0xC7,0x31,0xC7,0x31,0xC7,0x31,0xC7,0x31,0xC7,0x31,0xC7,0x31,
    0xC7,0x31,0xC7,0x31,0xC7,0x31,0xC7,0x31,0xC7,0x31,0xC7,0x31,0xC7,0x31,0xC7,0x31,
    0xC7,0x31,0xC7,0x31,0xC7,0x31,0xC7,0x31,0xC7,0x31,0xC7,0x31,0xC7,0x31,0xC7,0x31,
    0xC7,0x31,0xC7,0x31,0xC7,0x31,0xC7,0x31,0xC7,0x31,0xC7,0x31,0xC7,0x31,0xC7,0x31,
    0xC7,0x31,0xC7,0x31,0xC7,0x31,0xC7,0x31,0xC7,0x31,0xC7,0x31,0xC7,0x31,0xC7,0x31,
    0xC7,0x31,0xC7,0x31,0xC7,0x31,0xC7,0x31,0xC7,0x31,0xC7,0x31,0xC7,0x31,0xC7,0x31,
    0xC7,0x31,0xC7,0x31,0xC7,0x31,0xC7,0x31,0xC7,0x31,0xC7,0x31,0xC7,0x31,0xC7,0x31,
    0xC7,0x31,0xC7,0x31,0xC7,0x31,0xC7,0x31,0xC7,0x31,0xC7,0x31,0xC7,0x31,0xC7,0x31,
    0xC7,0x31,0xC7,0x31,0xC7,0x31,0xC7,0x31,0xC7,0x31,0xC7,0x31,0xC7,0x31,0xC7,0x31,
    0xC7,0x31,0xC7,0x31,0xC7,0x31,0xC7,0x31,0xC7,0x31,0xC7,0x31,0xC7,0x31,0xC7,0x31,
    0xC7,0x31,0xC7,0x31,0xC7,0x31,0xC7,0x31,0xC7,0x31,0xC7,0x31,0xC7,0x31,0xC7,0x31,
    0xC7,0x31,0xC7,0x31,0xC7,0x31,0xC7,0x31,0xC7,0x31,0xC7,0x31,0xC7,0x31,0xC7,0x31,
    0xC7,0x31,0xC7,0x31,0xC7,0x31,0xC7,0x31,0xC7,0x31,0xC7,0x31,0xC7,0x31,0xC7,0x31,
    0xC7,0x31,0xC7,0x31,0xC7,0x31,0xC7,0x31,0xC7,0x31,0xC7,0x31,0xC7,0x31,0xC7,0x31,
    0xC7,0x31,0xC7,0x31,0xC7,0x31,0xC7,0x31,0xC7,0x31,0xC7,0x31,0xC7,0x31,0xC7,0x31,
    0xC7,0x31,0xC7,0x31,0xC7,0x31,0xC7,0x31,0xC7,0x31,0xC7,0x31,0xC7,0x31,0xC7,0x31,
    0xC7,0x31,0xC7,0x31,0xC7,0x31,0xC7,0x31,0xC7,0x31,0xC7,0x31,0xC7,0x31,0xC7,0x31,
    0xC7,0x31,0xC7,0x31,0xC7,0x31,0xC7,0x31,0xC7,0x31,0xC7,0x31,0xC7,0x31,0xC7,0x31,
    0xC7,0x31,0xC7,0x31,0xC7,0x31,0xC7,0x31,0xC7,0x31,0xC7,0x31,0xC7,0x31,0xC7,0x31,
    0xC7,0x31,0xC7,0x31,0xC7,0x31,0xC7,0x31,0xC7,0x31,0xC7,0x31,0xC7,0x31,0xC7,0x31,
    0xC7,0x31,0xC7,0x31,0xC7,0x31,0xC7,0x31,0xC7,0x31,0xC7,0x31,0xC7,0x31,0xC7,0x31,
    0xC7,0x31,0xC7,0x31,0xC7,0x31,0xC7,0x31,0xC7,0x31,0xC7,0x31,0xC7,0x31,0xC7,0x31,
    0xC7,0x31,0xC7,0x31,0xC7,0x31,0xC7,0x31,0xC7,0x31,0xC7,0x31,0xC7,0x31,0xC7,0x31,
    0xC7,0x31,0xC7,0x31,0xC7,0x31,0xC7,0x31,0xC7,0x31,0xC7,0x31,0xC7,0x31,0xC7,0x31,
    0xC7,0x31,0xC7,0x31,0xC7,0x31,0xC7,0x31,0xC7,0x31,0xC7,0x31,0xC7,0x31,0xC7,0x31,
    0xC7,0x31,0xC7,0x31,0xC7,0x31,0xC7,0x31,0xC7,0x31,0xC7,0x31,0xC7,0x31,0xC7,0x31,
    0xC7,0x31,0xC7,0x31,0xC7,0x31,0xC7,0x31,0xC7,0x31,0xC7,0x31,0xC7,0x31,0xC7,0x31,
    0xC7,0x31,0xC7,0x31,0xC7,0x31,0xC7,0x31,0xC7,0x31,0xC7,0x31,0xC7,0x31,0xC7,0x31,
    0xC7,0x31,0xC7,0x31,0xC7,0x31,0xC7,0x31,0xC7,0x31,0xC7,0x31,0xC7,0x31,0xC7,0x31,
    0xC7,0x31,0xC7,0x31,0xC7,0x31,0xC7,0x31,0xC7,0x31,0xC7,0x31,0xC7,0x31,0xC7,0x31,
    0xC7,0x31,0xC7,0x31,0xC7,0x31,0xC7,0x31,0xC7,0x31,0xC7,0x31,0xC7,0x31,0xC7,0x31,
    0xC7,0x31,0xC7,0x31,0xC7,0x31,0xC7,0x31,0xC7,0x31,0xC7,0x31,0xC7,0x31,0xC7,0x31,
    0xC7,0x31,0xC7,0x31,0xC7,0x31,0xC7,0x31,0xC7,0x31,0xC7,0x31,0xC7,0x31,0xC7,0x31,
    0xC7,0x31,0xC7,0x31,0xC7,0x31,0xC7,0x31,0xC7,0x31,0xC7,0x31,0xC7,0x31,0xC7,0x31,
    0xC7,0x31,0xC7,0x31,0xC7,0x31,0xC7,0x31,0xC7,0x31,0xC7,0x31,0xC7,0x31,0xC7,0x31,
    0xC7,0x31,0xC7,0x31,0xC7,0x31,0xC7,0x31,0xC7,0x31,0xC7,0x31,0xC7,0x31,0xC7,0x31,
    0xC7,0x31,0xC7,0x31,0xC7,0x31,0xC7,0x31,0xC7,0x31,0xC7,0x31,0xC7,0x31,0xC7,0x31,
    0xC7,0x31,0xC7,0x31,0xC7,0x31,0xC7,0x31,0xC7,0x31,0xC7,0x31,0xC7,0x31,0xC7,0x31,
    0xC7,0x31,0xC7,0x31,0xC7,0x31,0xC7,0x31,0xC7,0x31,0xC7,0x31,0xC7,0x31,0xC7,0x31,
    0xC7,0x31,0xC7,0x31,0xC7,0x31,0xC7,0x31,0xC7,0x31,0xC7,0x31,0xC7,0x31,0xC7,0x31,
};
const lv_image_dsc_t rf_device_dji_mini_3_pro_strip = {
    .header.magic = LV_IMAGE_HEADER_MAGIC,
    .header.cf = LV_COLOR_FORMAT_RGB565,
    .header.flags = 0,
    .header.w = 52,
    .header.h = 46,
    .header.stride = 104,
    .data_size = sizeof(rf_device_dji_mini_3_pro_strip_map),
    .data = rf_device_dji_mini_3_pro_strip_map,
};
const LV_ATTRIBUTE_MEM_ALIGN LV_ATTRIBUTE_LARGE_CONST uint8_t rf_device_dji_mini_3_pro_detail_map[] = {
    0xC7,0x31,0xC7,0x31,0xC7,0x31,0xC7,0x31,0xC7,0x31,0xC7,0x31,0xC7,0x31,0xC7,0x31,
    0xC7,0x31,0xC7,0x31,0xC7,0x31,0xC7,0x31,0xC7,0x31,0xC7,0x31,0xC7,0x31,0xC7,0x31,
    0xC7,0x31,0xC7,0x31,0xC7,0x31,0xC7,0x31,0xC7,0x31,0xC7,0x31,0xC7,0x31,0xC7,0x31,
    0xC7,0x31,0xC7,0x31,0xC7,0x31,0xC7,0x31,0xC7,0x31,0xC7,0x31,0xC7,0x31,0xC7,0x31,
    0xC7,0x31,0xC7,0x31,0xC7,0x31,0xC7,0x31,0xC7,0x31,0xC7,0x31,0xC7,0x31,0xC7,0x31,
    0xC7,0x31,0xC7,0x31,0xC7,0x31,0xC7,0x31,0xC7,0x31,0xC7,0x31,0xC7,0x31,0xC7,0x31,
    0xC7,0x31,0xC7,0x31,0xC7,0x31,0xC7,0x31,0xC7,0x31,0xC7,0x31,0xC7,0x31,0xC7,0x31,
    0xC7,0x31,0xC7,0x31,0xC7,0x31,0xC7,0x31,0xC7,0x31,0xC7,0x31,0xC7,0x31,0xC7,0x31,
    0xC7,0x31,0xC7,0x31,0xC7,0x31,0xC7,0x31,0xC7,0x31,0xC7,0x31,0xC7,0x31,0xC7,0x31,
    0xC7,0x31,0xC7,0x31,0xC7,0x31,0xC7,0x31,0xC7,0x31,0xC7,0x31,0xC7,0x31,0xC7,0x31,
    0xC7,0x31,0xC7,0x31,0xC7,0x31,0xC7,0x31,0xC7,0x31,0xC7,0x31,0xC7,0x31,0xC7,0x31,
    0xC7,0x31,0xC7,0x31,0xC7,0x31,0xC7,0x31,0xC7,0x31,0xC7,0x31,0xC7,0x31,0xC7,0x31,
    0xC7,0x31,0xC7,0x31,0xC7,0x31,0xC7,0x31,0xC7,0x31,0xC7,0x31,0xC7,0x31,0xC7,0x31,
    0xC7,0x31,0xC7,0x31,0xC7,0x31,0xC7,0x31,0xC7,0x31,0xC7,0x31,0xC7,0x31,0xC7,0x31,
    0xC7,0x31,0xC7,0x31,0xC7,0x31,0xC7,0x31,0xC7,0x31,0xC7,0x31,0xC7,0x31,0xC7,0x31,
    0xC7,0x31,0xC7,0x31,0xC7,0x31,0xC7,0x31,0xC7,0x31,0xC7,0x31,0xC7,0x31,0xC7,0x31,
    0xC7,0x31,0xC7,0x31,0xC7,0x31,0xC7,0x31,0xC7,0x31,0xC7,0x31,0xC7,0x31,0xC7,0x31,
    0xC7,0x31,0xC7,0x31,0xC7,0x31,0xC7,0x31,0xC7,0x31,0xC7,0x31,0xC7,0x31,0xC7,0x31,
    0xC7,0x31,0xC7,0x31,0xC7,0x31,0xC7,0x31,0xC7,0x31,0xC7,0x31,0xC7,0x31,0xC7,0x31,
    0xC7,0x31,0xC7,0x31,0xC7,0x31,0xC7,0x31,0xC7,0x31,0xC7,0x31,0xC7,0x31,0xC7,0x31,
    0xC7,0x31,0xC7,0x31,0xC7,0x31,0xC7,0x31,0xC7,0x31,0xC7,0x31,0xC7,0x31,0xC7,0x31,
    0xC7,0x31,0xC7,0x31,0xC7,0x31,0xC7,0x31,0xC7,0x31,0xC7,0x31,0xC7,0x31,0xC7,0x31,
    0xC7,0x31,0xC7,0x31,0xC7,0x31,0xC7,0x31,0xC7,0x31,0xC7,0x31,0xC7,0x31,0xC7,0x31,
    0xC7,0x31,0xC7,0x31,0xC7,0x31,0xC7,0x31,0xC7,0x31,0xC7,0x31,0xC7,0x31,0xC7,0x31,
    0xC7,0x31,0xC7,0x31,0xC7,0x31,0xC7,0x31,0xC7,0x31,0xC7,0x31,0xC7,0x31,0xC7,0x31,
    0xC7,0x31,0xC7,0x31,0xC7,0x31,0xC7,0x31,0xC7,0x31,0xC7,0x31,0xC7,0x31,0xC7,0x31,
    0xC7,0x31,0xC7,0x31,0xC7,0x31,0xC7,0x31,0xC7,0x31,0xC7,0x31,0xC7,0x31,0xC7,0x31,
    0xC7,0x31,0xC7,0x31,0xC7,0x31,0xC7,0x31,0xC7,0x31,0xC7,0x31,0xC7,0x31,0xC7,0x31,
    0xC7,0x31,0xC7,0x31,0xC7,0x31,0xC7,0x31,0xC7,0x31,0xC7,0x31,0xC7,0x31,0xC7,0x31,
    0xC7,0x31,0xC7,0x31,0xC7,0x31,0xC7,0x31,0xC7,0x31,0xC7,0x31,0xC7,0x31,0xC7,0x31,
    0xC7,0x31,0xC7,0x31,0xC7,0x31,0xC7,0x31,0xC7,0x31,0xC7,0x31,0xC7,0x31,0xC7,0x31,
    0xC7,0x31,0xC7,0x31,0xC7,0x31,0xC7,0x31,0xC7,0x31,0xC7,0x31,0xC7,0x31,0xC7,0x31,
    0xC7,0x31,0xC7,0x31,0xC7,0x31,0xC7,0x31,0xC7,0x31,0xC7,0x31,0xC7,0x31,0xC7,0x31,
    0xC7,0x31,0xC7,0x31,0xC7,0x31,0xC7,0x31,0xC7,0x31,0xC7,0x31,0xC7,0x31,0xC7,0x31,
    0xC7,0x31,0xC7,0x31,0xC7,0x31,0xC7,0x31,0xC7,0x31,0xC7,0x31,0xC7,0x31,0xC7,0x31,
    0xC7,0x31,0xC7,0x31,0xC7,0x31,0xC7,0x31,0xC7,0x31,0xC7,0x31,0xC7,0x31,0xC7,0x31,
    0xC7,0x31,0xC7,0x31,0xC7,0x31,0xC7,0x31,0xC7,0x31,0xC7,0x31,0xC7,0x31,0xC7,0x31,
    0xC7,0x31,0xC7,0x31,0xC7,0x31,0xC7,0x31,0xC7,0x31,0xC7,0x31,0xC7,0x31,0xC7,0x31,
    0xC7,0x31,0xC7,0x31,0xC7,0x31,0xC7,0x31,0xC7,0x31,0xC7,0x31,0xC7,0x31,0xC7,0x31,
    0xC7,0x31,0xC7,0x31,0xC7,0x31,0xC7,0x31,0xC7,0x31,0xC7,0x31,0xC7,0x31,0xC7,0x31,
    0xC7,0x31,0xC7,0x31,0xC7,0x31,0xC7,0x31,0xC7,0x31,0xC7,0x31,0xC7,0x31,0xC7,0x31,
    0xC7,0x31,0xC7,0x31,0xC7,0x31,0xC7,0x31,0xC7,0x31,0xC7,0x31,0xC7,0x31,0xC7,0x31,
    0xC7,0x31,0xC7,0x31,0xC7,0x31,0xC7,0x31,0xC7,0x31,0xC7,0x31,0xC7,0x31,0xC7,0x31,
    0xC7,0x31,0xC7,0x31,0xC7,0x31,0xC7,0x31,0xC7,0x31,0xC7,0x31,0xC7,0x31,0xC7,0x31,
    0xC7,0x31,0xC7,0x31,0xC7,0x31,0xC7,0x31,0xC7,0x31,0xC7,0x31,0xC7,0x31,0xC7,0x31,
    0xC7,0x31,0xC7,0x31,0xC7,0x31,0xC7,0x31,0xC7,0x31,0xC7,0x31,0xC7,0x31,0xC7,0x31,
    0xC7,0x31,0xC7,0x31,0xC7,0x31,0xC7,0x31,0xC7,0x31,0xC7,0x31,0xC7,0x31,0xC7,0x31,
    0xC7,0x31,0xC7,0x31,0xC7,0x31,0xC7,0x31,0xC7,0x31,0xC7,0x31,0xC7,0x31,0xC7,0x31,
    0xC7,0x31,0xC7,0x31,0xC7,0x31,0xC7,0x31,0xC7,0x31,0xC7,0x31,0xC7,0x31,0xC7,0x31,
    0xC7,0x31,0xC7,0x31,0xC7,0x31,0xC7,0x31,0xC7,0x31,0xC7,0x31,0xC7,0x31,0xC7,0x31,
    0xC7,0x31,0xC7,0x31,0xC7,0x31,0xC7,0x31,0xC7,0x31,0xC7,0x31,0xC7,0x31,0xC7,0x31,
    0xC7,0x31,0xC7,0x31,0xC7,0x31,0xC7,0x31,0xC7,0x31,0xC7,0x31,0xC7,0x31,0xC7,0x31,
    0xC7,0x31,0xC7,0x31,0xC7,0x31,0xC7,0x31,0xC7,0x31,0xC7,0x31,0xC7,0x31,0xC7,0x31,
    0xC7,0x31,0xC7,0x31,0xC7,0x31,0xC7,0x31,0xC7,0x31,0xC7,0x31,0xC7,0x31,0xC7,0x31,
    0xC7,0x31,0xC7,0x31,0xC7,0x31,0xC7,0x31,0xC7,0x31,0xC7,0x31,0xC7,0x31,0xC7,0x31,
    0xC7,0x31,0xC7,0x31,0xC7,0x31,0xC7,0x31,0xC7,0x31,0xC7,0x31,0xC7,0x31,0xC7,0x31,
    0xC7,0x31,0xC7,0x31,0xC7,0x31,0xC7,0x31,0xC7,0x31,0xC7,0x31,0xC7,0x31,0xC7,0x31,
    0xC7,0x31,0xC7,0x31,0xC7,0x31,0xC7,0x31,0xC7,0x31,0xC7,0x31,0xC7,0x31,0xC7,0x31,
    0xC7,0x31,0xC7,0x31,0xC7,0x31,0xC7,0x31,0xC7,0x31,0xC7,0x31,0xC7,0x31,0xC7,0x31,
    0xC7,0x31,0xC7,0x31,0xC7,0x31,0xC7,0x31,0xC7,0x31,0xC7,0x31,0xC7,0x31,0xC7,0x31,
    0xC7,0x31,0xC7,0x31,0xC7,0x31,0xC7,0x31,0xC7,0x31,0xC7,0x31,0xC7,0x31,0xC7,0x31,
    0xC7,0x31,0xC7,0x31,0xC7,0x31,0xC7,0x31,0xC7,0x31,0xC7,0x31,0xC7,0x31,0xC7,0x31,
    0xC7,0x31,0xC7,0x31,0xC7,0x31,0xC7,0x31,0xC7,0x31,0xC7,0x31,0xC7,0x31,0xC7,0x31,
    0xC7,0x31,0xC7,0x31,0xC7,0x31,0xC7,0x31,0xC7,0x31,0xC7,0x31,0xC7,0x31,0xC7,0x31,
    0xC7,0x31,0xC7,0x31,0xC7,0x31,0xC7,0x31,0xC7,0x31,0xC7,0x31,0xC7,0x31,0xC7,0x31,
    0xC7,0x31,0xC7,0x31,0xC7,0x31,0xC7,0x31,0xC7,0x31,0xC7,0x31,0xC7,0x31,0xC7,0x31,
    0xC7,0x31,0xC7,0x31,0xC7,0x31,0xC7,0x31,0xC7,0x31,0xC7,0x31,0xC7,0x31,0xC7,0x31,
    0xC7,0x31,0xC7,0x31,0xC7,0x31,0xC7,0x31,0xC7,0x31,0xC7,0x31,0xC7,0x31,0xC7,0x31,
    0xC7,0x31,0xC7,0x31,0xC7,0x31,0xC7,0x31,0xC7,0x31,0xC7,0x31,0xC7,0x31,0xC7,0x31,
    0xC7,0x31,0xC7,0x31,0xC7,0x31,0xC7,0x31,0xC7,0x31,0xC7,0x31,0xC7,0x31,0xC7,0x31,
    0xC7,0x31,0xC7,0x31,0xC7,0x31,0xC7,0x31,0xC7,0x31,0xC7,0x31,0xC7,0x31,0xC7,0x31,
    0xC7,0x31,0xC7,0x31,0xC7,0x31,0xC7,0x31,0xC7,0x31,0xC7,0x31,0xC7,0x31,0xC7,0x31,
    0xC7,0x31,0xC7,0x31,0xC7,0x31,0xC7,0x31,0xC7,0x31,0xC7,0x31,0xC7,0x31,0xC7,0x31,
    0xC7,0x31,0xC7,0x31,0xC7,0x31,0xC7,0x31,0xC7,0x31,0xC7,0x31,0xC7,0x31,0xC7,0x31,
    0xC7,0x31,0xC7,0x31,0xC7,0x31,0xC7,0x31,0xC7,0x31,0xC7,0x31,0xC7,0x31,0xC7,0x31,
    0xC7,0x31,0xC7,0x31,0xC7,0x31,0xC7,0x31,0xC7,0x31,0xC7,0x31,0xC7,0x31,0xC7,0x31,
    0xC7,0x31,0xC7,0x31,0xC7,0x31,0xC7,0x31,0xC7,0x31,0xC7,0x31,0xC7,0x31,0xC7,0x31,
    0xC7,0x31,0xC7,0x31,0xC7,0x31,0xC7,0x31,0xC7,0x31,0xC7,0x31,0xC7,0x31,0xC7,0x31,
    0xC7,0x31,0xC7,0x31,0xC7,0x31,0xC7,0x31,0xC7,0x31,0xC7,0x31,0xC7,0x31,0xC7,0x31,
    0xC7,0x31,0xC7,0x31,0xC7,0x31,0xC7,0x31,0xC7,0x31,0xC7,0x31,0xC7,0x31,0xC7,0x31,
    0xC7,0x31,0xC7,0x31,0xC7,0x31,0xC7,0x31,0xC7,0x31,0xC7,0x31,0xC7,0x31,0xC7,0x31,
    0xC7,0x31,0xC7,0x31,0xC7,0x31,0xC7,0x31,0xC7,0x31,0xC7,0x31,0xC7,0x31,0xC7,0x31,
    0xC7,0x31,0xC7,0x31,0xC7,0x31,0xC7,0x31,0xC7,0x31,0xC7,0x31,0xC7,0x31,0xC7,0x31,
    0xC7,0x31,0xC7,0x31,0xC7,0x31,0xC7,0x31,0xC7,0x31,0xC7,0x31,0xC7,0x31,0xC7,0x31,
    0xC7,0x31,0xC7,0x31,0xC7,0x31,0xC7,0x31,0xC7,0x31,0xC7,0x31,0xC7,0x31,0xC7,0x31,
    0xC7,0x31,0xC7,0x31,0xC7,0x31,0xC7,0x31,0xC7,0x31,0xC7,0x31,0xC7,0x31,0xC7,0x31,
    0xC7,0x31,0xC7,0x31,0xC7,0x31,0xC7,0x31,0xC7,0x31,0xC7,0x31,0xC7,0x31,0xC7,0x31,
    0xC7,0x31,0xC7,0x31,0xC7,0x31,0xC7,0x31,0xC7,0x31,0xC7,0x31,0xC7,0x31,0xC7,0x31,
    0xC7,0x31,0xC7,0x31,0xC7,0x31,0xC7,0x31,0xC7,0x31,0xC7,0x31,0xC7,0x31,0xC7,0x31,
    0xC7,0x31,0xC7,0x31,0xC7,0x31,0xC7,0x31,0xC7,0x31,0xC7,0x31,0xC7,0x31,0xC7,0x31,
    0xC7,0x31,0xC7,0x31,0xC7,0x31,0xC7,0x31,0xC7,0x31,0xC7,0x31,0xC7,0x31,0xC7,0x31,
    0xC7,0x31,0xC7,0x31,0xC7,0x31,0xC7,0x31,0xC7,0x31,0xC7,0x31,0xC7,0x31,0xC7,0x31,
    0xC7,0x31,0xC7,0x31,0xC7,0x31,0xC7,0x31,0xC7,0x31,0xC7,0x31,0xC7,0x31,0xC7,0x31,
    0xC7,0x31,0xC7,0x31,0xC7,0x31,0xC7,0x31,0xC7,0x31,0xC7,0x31,0xC7,0x31,0xC7,0x31,
    0xC7,0x31,0xC7,0x31,0xC7,0x31,0xC7,0x31,0xC7,0x31,0xC7,0x31,0xC7,0x31,0xC7,0x31,
    0xC7,0x31,0xC7,0x31,0xC7,0x31,0xC7,0x31,0xC7,0x31,0xC7,0x31,0xC7,0x31,0xC7,0x31,
    0xC7,0x31,0xC7,0x31,0xC7,0x31,0xC7,0x31,0xC7,0x31,0xC7,0x31,0xC7,0x31,0xC7,0x31,
    0xC7,0x31,0xC7,0x31,0xC7,0x31,0xC7,0x31,0xC7,0x31,0xC7,0x31,0xC7,0x31,0xC7,0x31,
    0xC7,0x31,0xC7,0x31,0xC7,0x31,0xC7,0x31,0xC7,0x31,0xC7,0x31,0xC7,0x31,0xC7,0x31,
    0xC7,0x31,0xC7,0x31,0xC7,0x31,0xC7,0x31,0xC7,0x31,0xC7,0x31,0xC7,0x31,0xC7,0x31,
    0xC7,0x31,0xC7,0x31,0xC7,0x31,0xC7,0x31,0xC7,0x31,0xC7,0x31,0xC7,0x31,0xC7,0x31,
    0xC7,0x31,0xC7,0x31,0xC7,0x31,0xC7,0x31,0xC7,0x31,0xC7,0x31,0xC7,0x31,0xC7,0x31,
    0xC7,0x31,0xC7,0x31,0xC7,0x31,0xC7,0x31,0xC7,0x31,0xC7,0x31,0xC7,0x31,0xC7,0x31,
    0xC7,0x31,0xC7,0x31,0xC7,0x31,0xC7,0x31,0xC7,0x31,0xC7,0x31,0xC7,0x31,0xC7,0x31,
    0xC7,0x31,0xC7,0x31,0xC7,0x31,0xC7,0x31,0xC7,0x31,0xC7,0x31,0xC7,0x31,0xC7,0x31,
    0xC7,0x31,0xC7,0x31,0xC7,0x31,0xC7,0x31,0xC7,0x31,0xC7,0x31,0xC7,0x31,0xC7,0x31,
    0xC7,0x31,0xC7,0x31,0xC7,0x31,0xC7,0x31,0xC7,0x31,0xC7,0x31,0xC7,0x31,0xC7,0x31,
    0xC7,0x31,0xC7,0x31,0xC7,0x31,0xC7,0x31,0xC7,0x31,0xC7,0x31,0xC7,0x31,0xC7,0x31,
    0xC7,0x31,0xC7,0x31,0xC7,0x31,0xC7,0x31,0xC7,0x31,0xC7,0x31,0xC7,0x31,0xC7,0x31,
    0xC7,0x31,0xC7,0x31,0xC7,0x31,0xC7,0x31,0xC7,0x31,0xC7,0x31,0xC7,0x31,0xC7,0x31,
    0xC7,0x31,0xC7,0x31,0xC7,0x31,0xC7,0x31,0xC7,0x31,0xC7,0x31,0xC7,0x31,0xC7,0x31,
    0xC7,0x31,0xC7,0x31,0xC7,0x31,0xC7,0x31,0xC7,0x31,0xC7,0x31,0xC7,0x31,0xC7,0x31,
    0xC7,0x31,0xC7,0x31,0xC7,0x31,0xC7,0x31,0xC7,0x31,0xC7,0x31,0xC7,0x31,0xC7,0x31,
    0xC7,0x31,0xC7,0x31,0xC7,0x31,0xC7,0x31,0xC7,0x31,0xC7,0x31,0xC7,0x31,0xC7,0x31,
    0xC7,0x31,0xC7,0x31,0xC7,0x31,0xC7,0x31,0xC7,0x31,0xC7,0x31,0xC7,0x31,0xC7,0x31,
    0xC7,0x31,0xC7,0x31,0xC7,0x31,0xC7,0x31,0xC7,0x31,0xC7,0x31,0xC7,0x31,0xC7,0x31,
    0xC7,0x31,0xC7,0x31,0xC7,0x31,0xC7,0x31,0xC7,0x31,0xC7,0x31,0xC7,0x31,0xC7,0x31,
    0xC7,0x31,0xC7,0x31,0xC7,0x31,0xC7,0x31,0xC7,0x31,0xC7,0x31,0xC7,0x31,0xC7,0x31,
    0xC7,0x31,0xC7,0x31,0xC7,0x31,0xC7,0x31,0xC7,0x31,0xC7,0x31,0xC7,0x31,0xC7,0x31,
    0xC7,0x31,0xC7,0x31,0xC7,0x31,0xC7,0x31,0xC7,0x31,0xC7,0x31,0xC7,0x31,0xC7,0x31,
    0xC7,0x31,0xC7,0x31,0xC7,0x31,0xC7,0x31,0xC7,0x31,0xC7,0x31,0xC7,0x31,0xC7,0x31,
    0xC7,0x31,0xC7,0x31,0xC7,0x31,0xC7,0x31,0xC7,0x31,0xC7,0x31,0xC7,0x31,0xC7,0x31,
    0xC7,0x31,0xC7,0x31,0xC7,0x31,0xC7,0x31,0xC7,0x31,0xC7,0x31,0xC7,0x31,0xC7,0x31,
    0xC7,0x31,0xC7,0x31,0xC7,0x31,0xC7,0x31,0xC7,0x31,0xC7,0x31,0xC7,0x31,0xC7,0x31,
    0xC7,0x31,0xC7,0x31,0xC7,0x31,0xC7,0x31,0xC7,0x31,0xC7,0x31,0xC7,0x31,0xC7,0x31,
    0xC7,0x31,0xC7,0x31,0xC7,0x31,0xC7,0x31,0xC7,0x31,0xC7,0x31,0xC7,0x31,0xC7,0x31,
    0xC7,0x31,0xC7,0x31,0xC7,0x31,0xC7,0x31,0xC7,0x31,0xC7,0x31,0xC7,0x31,0xC7,0x31,
    0xC7,0x31,0xC7,0x31,0xC7,0x31,0xC7,0x31,0xC7,0x31,0xC7,0x31,0xC7,0x31,0xC7,0x31,
    0xC7,0x31,0xC7,0x31,0xC7,0x31,0xC7,0x31,0xC7,0x31,0xC7,0x31,0xC7,0x31,0xC7,0x31,
    0xC7,0x31,0xC7,0x31,0xC7,0x31,0xC7,0x31,0xC7,0x31,0xC7,0x31,0xC7,0x31,0xC7,0x31,
    0xC7,0x31,0xC7,0x31,0xC7,0x31,0xC7,0x31,0xC7,0x31,0xC7,0x31,0xC7,0x31,0xC7,0x31,
    0xC7,0x31,0xC7,0x31,0xC7,0x31,0xC7,0x31,0xC7,0x31,0xC7,0x31,0xC7,0x31,0xC7,0x31,
    0xC7,0x31,0xC7,0x31,0xC7,0x31,0xC7,0x31,0xC7,0x31,0xC7,0x31,0xC7,0x31,0xC7,0x31,
    0xC7,0x31,0xC7,0x31,0xC7,0x31,0xC7,0x31,0xC7,0x31,0xC7,0x31,0xC7,0x31,0xC7,0x31,
    0xC7,0x31,0xC7,0x31,0xC7,0x31,0xC7,0x31,0xC7,0x31,0xC7,0x31,0xC7,0x31,0xC7,0x31,
    0xC7,0x31,0xC7,0x31,0xC7,0x31,0xC7,0x31,0xC7,0x31,0xC7,0x31,0xC7,0x31,0xC7,0x31,
    0xC7,0x31,0xC7,0x31,0xC7,0x31,0xC7,0x31,0xC7,0x31,0xC7,0x31,0xC7,0x31,0xC7,0x31,
    0xC7,0x31,0xC7,0x31,0xC7,0x31,0xC7,0x31,0xC7,0x31,0xC7,0x31,0xC7,0x31,0xC7,0x31,
    0xC7,0x31,0xC7,0x31,0xC7,0x31,0xC7,0x31,0xC7,0x31,0xC7,0x31,0xC7,0x31,0xC7,0x31,
    0xC7,0x31,0xC7,0x31,0xC7,0x31,0xC7,0x31,0xC7,0x31,0xC7,0x31,0xC7,0x31,0xC7,0x31,
    0xC7,0x31,0xC7,0x31,0xC7,0x31,0xC7,0x31,0xC7,0x31,0xC7,0x31,0xC7,0x31,0xC7,0x31,
    0xC7,0x31,0xC7,0x31,0xC7,0x31,0xC7,0x31,0xC7,0x31,0xC7,0x31,0xC7,0x31,0xC7,0x31,
    0xC7,0x31,0xC7,0x31,0xC7,0x31,0xC7,0x31,0xC7,0x31,0xC7,0x31,0xC7,0x31,0xC7,0x31,
    0xC7,0x31,0xC7,0x31,0xC7,0x31,0xC7,0x31,0xC7,0x31,0xC7,0x31,0xC7,0x31,0xC7,0x31,
    0xC7,0x31,0xC7,0x31,0xC7,0x31,0xC7,0x31,0xC7,0x31,0xC7,0x31,0xC7,0x31,0xC7,0x31,
    0xC7,0x31,0xC7,0x31,0xC7,0x31,0xC7,0x31,0xC7,0x31,0xC7,0x31,0xC7,0x31,0xC7,0x31,
    0xC7,0x31,0xC7,0x31,0xC7,0x31,0xC7,0x31,0xC7,0x31,0xC7,0x31,0xC7,0x31,0xC7,0x31,
    0xC7,0x31,0xC7,0x31,0xC7,0x31,0xC7,0x31,0xC7,0x31,0xC7,0x31,0xC7,0x31,0xC7,0x31,
    0xC7,0x31,0xC7,0x31,0xC7,0x31,0xC7,0x31,0xC7,0x31,0xC7,0x31,0xC7,0x31,0xC7,0x31,
    0xC7,0x31,0xC7,0x31,0xC7,0x31,0xC7,0x31,0xC7,0x31,0xC7,0x31,0xC7,0x31,0xC7,0x31,
    0xC7,0x31,0xC7,0x31,0xC7,0x31,0xC7,0x31,0xC7,0x31,0xC7,0x31,0xC7,0x31,0xC7,0x31,
    0xC7,0x31,0xC7,0x31,0xC7,0x31,0xC7,0x31,0xC7,0x31,0xC7,0x31,0xC7,0x31,0xC7,0x31,
    0xC7,0x31,0xC7,0x31,0xC7,0x31,0xC7,0x31,0xC7,0x31,0xC7,0x31,0xC7,0x31,0xC7,0x31,
    0xC7,0x31,0xC7,0x31,0xC7,0x31,0xC7,0x31,0xC7,0x31,0xC7,0x31,0xC7,0x31,0xC7,0x31,
    0xC7,0x31,0xC7,0x31,0xC7,0x31,0xC7,0x31,0xC7,0x31,0xC7,0x31,0xC7,0x31,0xC7,0x31,
    0xC7,0x31,0xC7,0x31,0xC7,0x31,0xC7,0x31,0xC7,0x31,0xC7,0x31,0xC7,0x31,0xC7,0x31,
    0xC7,0x31,0xC7,0x31,0xC7,0x31,0xC7,0x31,0xC7,0x31,0xC7,0x31,0xC7,0x31,0xC7,0x31,
    0xC7,0x31,0xC7,0x31,0xC7,0x31,0xC7,0x31,0xC7,0x31,0xC7,0x31,0xC7,0x31,0xC7,0x31,
    0xC7,0x31,0xC7,0x31,0xC7,0x31,0xC7,0x31,0xC7,0x31,0xC7,0x31,0xC7,0x31,0xC7,0x31,
    0xC7,0x31,0xC7,0x31,0xC7,0x31,0xC7,0x31,0xC7,0x31,0xC7,0x31,0xC7,0x31,0xC7,0x31,
    0xC7,0x31,0xC7,0x31,0xC7,0x31,0xC7,0x31,0xC7,0x31,0xC7,0x31,0xC7,0x31,0xC7,0x31,
    0xC7,0x31,0xC7,0x31,0xC7,0x31,0xC7,0x31,0xC7,0x31,0xC7,0x31,0xC7,0x31,0xC7,0x31,
    0xC7,0x31,0xC7,0x31,0xC7,0x31,0xC7,0x31,0xC7,0x31,0xC7,0x31,0xC7,0x31,0xC7,0x31,
    0xC7,0x31,0xC7,0x31,0xC7,0x31,0xC7,0x31,0xC7,0x31,0xC7,0x31,0xC7,0x31,0xC7,0x31,
    0xC7,0x31,0xC7,0x31,0xC7,0x31,0xC7,0x31,0xC7,0x31,0xC7,0x31,0xC7,0x31,0xC7,0x31,
    0xC7,0x31,0xC7,0x31,0xC7,0x31,0xC7,0x31,0xC7,0x31,0xC7,0x31,0xC7,0x31,0xC7,0x31,
    0xC7,0x31,0xC7,0x31,0xC7,0x31,0xC7,0x31,0xC7,0x31,0xC7,0x31,0xC7,0x31,0xC7,0x31,
    0xC7,0x31,0xC7,0x31,0xC7,0x31,0xC7,0x31,0xC7,0x31,0xC7,0x31,0xC7,0x31,0xC7,0x31,
    0xC7,0x31,0xC7,0x31,0xC7,0x31,0xC7,0x31,0xC7,0x31,0xC7,0x31,0xC7,0x31,0xC7,0x31,
    0xC7,0x31,0xC7,0x31,0xC7,0x31,0xC7,0x31,0xC7,0x31,0xC7,0x31,0xC7,0x31,0xC7,0x31,
    0xC7,0x31,0xC7,0x31,0xC7,0x31,0xC7,0x31,0xC7,0x31,0xC7,0x31,0xC7,0x31,0xC7,0x31,
    0xC7,0x31,0xC7,0x31,0xC7,0x31,0xC7,0x31,0xC7,0x31,0xC7,0x31,0xC7,0x31,0xC7,0x31,
    0xC7,0x31,0xC7,0x31,0xC7,0x31,0xC7,0x31,0xC7,0x31,0xC7,0x31,0xC7,0x31,0xC7,0x31,
    0xC7,0x31,0xC7,0x31,0xC7,0x31,0xC7,0x31,0xC7,0x31,0xC7,0x31,0xC7,0x31,0xC7,0x31,
    0xC7,0x31,0xC7,0x31,0xC7,0x31,0xC7,0x31,0xC7,0x31,0xC7,0x31,0xC7,0x31,0xC7,0x31,
    0xC7,0x31,0xC7,0x31,0xC7,0x31,0xC7,0x31,0xC7,0x31,0xC7,0x31,0xC7,0x31,0xC7,0x31,
    0xC7,0x31,0xC7,0x31,0xC7,0x31,0xC7,0x31,0xC7,0x31,0xC7,0x31,0xC7,0x31,0xC7,0x31,
    0xC7,0x31,0xC7,0x31,0xC7,0x31,0xC7,0x31,0xC7,0x31,0xC7,0x31,0xC7,0x31,0xC7,0x31,
    0xC7,0x31,0xC7,0x31,0xC7,0x31,0xC7,0x31,0xC7,0x31,0xC7,0x31,0xC7,0x31,0xC7,0x31,
    0xC7,0x31,0xC7,0x31,0xC7,0x31,0xC7,0x31,0xC7,0x31,0xC7,0x31,0xC7,0x31,0xC7,0x31,
    0xC7,0x31,0xC7,0x31,0xC7,0x31,0xC7,0x31,0xC7,0x31,0xC7,0x31,0xC7,0x31,0xC7,0x31,
    0xC7,0x31,0xC7,0x31,0xC7,0x31,0xC7,0x31,0xC7,0x31,0xC7,0x31,0xC7,0x31,0xC7,0x31,
    0xC7,0x31,0xC7,0x31,0xC7,0x31,0xC7,0x31,0xC7,0x31,0xC7,0x31,0xC7,0x31,0xC7,0x31,
    0xC7,0x31,0xC7,0x31,0xC7,0x31,0xC7,0x31,0xC7,0x31,0xC7,0x31,0xC7,0x31,0xC7,0x31,
    0xC7,0x31,0xC7,0x31,0xC7,0x31,0xC7,0x31,0xC7,0x31,0xC7,0x31,0xC7,0x31,0xC7,0x31,
    0xC7,0x31,0xC7,0x31,0xC7,0x31,0xC7,0x31,0xC7,0x31,0xC7,0x31,0xC7,0x31,0xC7,0x31,
    0xC7,0x31,0xC7,0x31,0xC7,0x31,0xC7,0x31,0xC7,0x31,0xC7,0x31,0xC7,0x31,0xC7,0x31,
    0xC7,0x31,0xC7,0x31,0xC7,0x31,0xC7,0x31,0xC7,0x31,0xC7,0x31,0xC7,0x31,0xC7,0x31,
    0xC7,0x31,0xC7,0x31,0xC7,0x31,0xC7,0x31,0xC7,0x31,0xC7,0x31,0xC7,0x31,0xC7,0x31,
    0xC7,0x31,0xC7,0x31,0xC7,0x31,0xC7,0x31,0xC7,0x31,0xC7,0x31,0xC7,0x31,0xC7,0x31,
    0xC7,0x31,0xC7,0x31,0xC7,0x31,0xC7,0x31,0xC7,0x31,0xC7,0x31,0xC7,0x31,0xC7,0x31,
    0xC7,0x31,0xC7,0x31,0xC7,0x31,0xC7,0x31,0xC7,0x31,0xC7,0x31,0xC7,0x31,0xC7,0x31,
    0xC7,0x31,0xC7,0x31,0xC7,0x31,0xC7,0x31,0xC7,0x31,0xC7,0x31,0xC7,0x31,0xC7,0x31,
    0xC7,0x31,0xC7,0x31,0xC7,0x31,0xC7,0x31,0xC7,0x31,0xC7,0x31,0xC7,0x31,0xC7,0x31,
    0xC7,0x31,0xC7,0x31,0xC7,0x31,0xC7,0x31,0xC7,0x31,0xC7,0x31,0xC7,0x31,0xC7,0x31,
    0xC7,0x31,0xC7,0x31,0xC7,0x31,0xC7,0x31,0xC7,0x31,0xC7,0x31,0xC7,0x31,0xC7,0x31,
    0xC7,0x31,0xC7,0x31,0xC7,0x31,0xC7,0x31,0xC7,0x31,0xC7,0x31,0xC7,0x31,0xC7,0x31,
    0xC7,0x31,0xC7,0x31,0xC7,0x31,0xC7,0x31,0xC7,0x31,0xC7,0x31,0xC7,0x31,0xC7,0x31,
    0xC7,0x31,0xC7,0x31,0xC7,0x31,0xC7,0x31,0xC7,0x31,0xC7,0x31,0xC7,0x31,0xC7,0x31,
    0xC7,0x31,0xC7,0x31,0xC7,0x31,0xC7,0x31,0xC7,0x31,0xC7,0x31,0xC7,0x31,0xC7,0x31,
    0xC7,0x31,0xC7,0x31,0xC7,0x31,0xC7,0x31,0xC7,0x31,0xC7,0x31,0xC7,0x31,0xC7,0x31,
    0xC7,0x31,0xC7,0x31,0xC7,0x31,0xC7,0x31,0xC7,0x31,0xC7,0x31,0xC7,0x31,0xC7,0x31,
    0xC7,0x31,0xC7,0x31,0xC7,0x31,0xC7,0x31,0xC7,0x31,0xC7,0x31,0xC7,0x31,0xC7,0x31,
    0xC7,0x31,0xC7,0x31,0xC7,0x31,0xC7,0x31,0xC7,0x31,0xC7,0x31,0xC7,0x31,0xC7,0x31,
    0xC7,0x31,0xC7,0x31,0xC7,0x31,0xC7,0x31,0xC7,0x31,0xC7,0x31,0xC7,0x31,0xC7,0x31,
    0xC7,0x31,0xC7,0x31,0xC7,0x31,0xC7,0x31,0xC7,0x31,0xC7,0x31,0xC7,0x31,0xC7,0x31,
    0xC7,0x31,0xC7,0x31,0xC7,0x31,0xC7,0x31,0xC7,0x31,0xC7,0x31,0xC7,0x31,0xC7,0x31,
    0xC7,0x31,0xC7,0x31,0xC7,0x31,0xC7,0x31,0xC7,0x31,0xC7,0x31,0xC7,0x31,0xC7,0x31,
    0xC7,0x31,0xC7,0x31,0xC7,0x31,0xC7,0x31,0xC7,0x31,0xC7,0x31,0xC7,0x31,0xC7,0x31,
    0xC7,0x31,0xC7,0x31,0xC7,0x31,0xC7,0x31,0xC7,0x31,0xC7,0x31,0xC7,0x31,0xC7,0x31,
    0xC7,0x31,0xC7,0x31,0xC7,0x31,0xC7,0x31,0xC7,0x31,0xC7,0x31,0xC7,0x31,0xC7,0x31,
    0xC7,0x31,0xC7,0x31,0xC7,0x31,0xC7,0x31,0xC7,0x31,0xC7,0x31,0xC7,0x31,0xC7,0x31,
    0xC7,0x31,0xC7,0x31,0xC7,0x31,0xC7,0x31,0xC7,0x31,0xC7,0x31,0xC7,0x31,0xC7,0x31,
    0xC7,0x31,0xC7,0x31,0xC7,0x31,0xC7,0x31,0xC7,0x31,0xC7,0x31,0xC7,0x31,0xC7,0x31,
    0xC7,0x31,0xC7,0x31,0xC7,0x31,0xC7,0x31,0xC7,0x31,0xC7,0x31,0xC7,0x31,0xC7,0x31,
    0xC7,0x31,0xC7,0x31,0xC7,0x31,0xC7,0x31,0xC7,0x31,0xC7,0x31,0xC7,0x31,0xC7,0x31,
    0xC7,0x31,0xC7,0x31,0xC7,0x31,0xC7,0x31,0xC7,0x31,0xC7,0x31,0xC7,0x31,0xC7,0x31,
    0xC7,0x31,0xC7,0x31,0xC7,0x31,0xC7,0x31,0xC7,0x31,0xC7,0x31,0xC7,0x31,0xC7,0x31,
    0xC7,0x31,0xC7,0x31,0xC7,0x31,0xC7,0x31,0xC7,0x31,0xC7,0x31,0xC7,0x31,0xC7,0x31,
    0xC7,0x31,0xC7,0x31,0xC7,0x31,0xC7,0x31,0xC7,0x31,0xC7,0x31,0xC7,0x31,0xC7,0x31,
    0xC7,0x31,0xC7,0x31,0xC7,0x31,0xC7,0x31,0xC7,0x31,0xC7,0x31,0xC7,0x31,0xC7,0x31,
    0xC7,0x31,0xC7,0x31,0xC7,0x31,0xC7,0x31,0xC7,0x31,0xC7,0x31,0xC7,0x31,0xC7,0x31,
    0xC7,0x31,0xC7,0x31,0xC7,0x31,0xC7,0x31,0xC7,0x31,0xC7,0x31,0xC7,0x31,0xC7,0x31,
    0xC7,0x31,0xC7,0x31,0xC7,0x31,0xC7,0x31,0xC7,0x31,0xC7,0x31,0xC7,0x31,0xC7,0x31,
    0xC7,0x31,0xC7,0x31,0xC7,0x31,0xC7,0x31,0xC7,0x31,0xC7,0x31,0xC7,0x31,0xC7,0x31,
    0xC7,0x31,0xC7,0x31,0xC7,0x31,0xC7,0x31,0xC7,0x31,0xC7,0x31,0xC7,0x31,0xC7,0x31,
    0xC7,0x31,0xC7,0x31,0xC7,0x31,0xC7,0x31,0xC7,0x31,0xC7,0x31,0xC7,0x31,0xC7,0x31,
    0xC7,0x31,0xC7,0x31,0xC7,0x31,0xC7,0x31,0xC7,0x31,0xC7,0x31,0xC7,0x31,0xC7,0x31,
    0xC7,0x31,0xC7,0x31,0xC7,0x31,0xC7,0x31,0xC7,0x31,0xC7,0x31,0xC7,0x31,0xC7,0x31,
    0xC7,0x31,0xC7,0x31,0xC7,0x31,0xC7,0x31,0xC7,0x31,0xC7,0x31,0xC7,0x31,0xC7,0x31,
    0xC7,0x31,0xC7,0x31,0xC7,0x31,0xC7,0x31,0xC7,0x31,0xC7,0x31,0xC7,0x31,0xC7,0x31,
    0xC7,0x31,0xC7,0x31,0xC7,0x31,0xC7,0x31,0xC7,0x31,0xC7,0x31,0xC7,0x31,0xC7,0x31,
    0xC7,0x31,0xC7,0x31,0xC7,0x31,0xC7,0x31,0xC7,0x31,0xC7,0x31,0xC7,0x31,0xC7,0x31,
    0xC7,0x31,0xC7,0x31,0xC7,0x31,0xC7,0x31,0xC7,0x31,0xC7,0x31,0xC7,0x31,0xC7,0x31,
    0xC7,0x31,0xC7,0x31,0xC7,0x31,0xC7,0x31,0xC7,0x31,0xC7,0x31,0xC7,0x31,0xC7,0x31,
    0xC7,0x31,0xC7,0x31,0xC7,0x31,0xC7,0x31,0xC7,0x31,0xC7,0x31,0xC7,0x31,0xC7,0x31,
    0xC7,0x31,0xC7,0x31,0xC7,0x31,0xC7,0x31,0xC7,0x31,0xC7,0x31,0xC7,0x31,0xC7,0x31,
    0xC7,0x31,0xC7,0x31,0xC7,0x31,0xC7,0x31,0xC7,0x31,0xC7,0x31,0xC7,0x31,0xC7,0x31,
    0xC7,0x31,0xC7,0x31,0xC7,0x31,0xC7,0x31,0xC7,0x31,0xC7,0x31,0xC7,0x31,0xC7,0x31,
    0xC7,0x31,0xC7,0x31,0xC7,0x31,0xC7,0x31,0xC7,0x31,0xC7,0x31,0xC7,0x31,0xC7,0x31,
    0xC7,0x31,0xC7,0x31,0xC7,0x31,0xC7,0x31,0xC7,0x31,0xC7,0x31,0xC7,0x31,0xC7,0x31,
    0xC7,0x31,0xC7,0x31,0xC7,0x31,0xC7,0x31,0xC7,0x31,0xC7,0x31,0xC7,0x31,0xC7,0x31,
    0xC7,0x31,0xC7,0x31,0xC7,0x31,0xC7,0x31,0xC7,0x31,0xC7,0x31,0xC7,0x31,0xC7,0x31,
    0xC7,0x31,0xC7,0x31,0xC7,0x31,0xC7,0x31,0xC7,0x31,0xC7,0x31,0xC7,0x31,0xC7,0x31,
    0xC7,0x31,0xC7,0x31,0xC7,0x31,0xC7,0x31,0xC7,0x31,0xC7,0x31,0xC7,0x31,0xC7,0x31,
    0xC7,0x31,0xC7,0x31,0xC7,0x31,0xC7,0x31,0xC7,0x31,0xC7,0x31,0xC7,0x31,0xC7,0x31,
    0xC7,0x31,0xC7,0x31,0xC7,0x31,0xC7,0x31,0xC7,0x31,0xC7,0x31,0xC7,0x31,0xC7,0x31,
    0xC7,0x31,0xC7,0x31,0xC7,0x31,0xC7,0x31,0xC7,0x31,0xC7,0x31,0xC7,0x31,0xC7,0x31,
    0xC7,0x31,0xC7,0x31,0xC7,0x31,0xC7,0x31,0xC7,0x31,0xC7,0x31,0xC7,0x31,0xC7,0x31,
    0xC7,0x31,0xC7,0x31,0xC7,0x31,0xC7,0x31,0xC7,0x31,0xC7,0x31,0xC7,0x31,0xC7,0x31,
    0xC7,0x31,0xC7,0x31,0xC7,0x31,0xC7,0x31,0xC7,0x31,0xC7,0x31,0xC7,0x31,0xC7,0x31,
    0xC7,0x31,0xC7,0x31,0xC7,0x31,0xC7,0x31,0xC7,0x31,0xC7,0x31,0xC7,0x31,0xC7,0x31,
    0xC7,0x31,0xC7,0x31,0xC7,0x31,0xC7,0x31,0xC7,0x31,0xC7,0x31,0xC7,0x31,0xC7,0x31,
    0xC7,0x31,0xC7,0x31,0xC7,0x31,0xC7,0x31,0xC7,0x31,0xC7,0x31,0xC7,0x31,0xC7,0x31,
    0xC7,0x31,0xC7,0x31,0xC7,0x31,0xC7,0x31,0xC7,0x31,0xC7,0x31,0xC7,0x31,0xC7,0x31,
    0xC7,0x31,0xC7,0x31,0xC7,0x31,0xC7,0x31,0xC7,0x31,0xC7,0x31,0xC7,0x31,0xC7,0x31,
    0xC7,0x31,0xC7,0x31,0xC7,0x31,0xC7,0x31,0xC7,0x31,0xC7,0x31,0xC7,0x31,0xC7,0x31,
    0xC7,0x31,0xC7,0x31,0xC7,0x31,0xC7,0x31,0xC7,0x31,0xC7,0x31,0xC7,0x31,0xC7,0x31,
    0xC7,0x31,0xC7,0x31,0xC7,0x31,0xC7,0x31,0xC7,0x31,0xC7,0x31,0xC7,0x31,0xC7,0x31,
    0xC7,0x31,0xC7,0x31,0xC7,0x31,0xC7,0x31,0xC7,0x31,0xC7,0x31,0xC7,0x31,0xC7,0x31,
    0xC7,0x31,0xC7,0x31,0xC7,0x31,0xC7,0x31,0xC7,0x31,0xC7,0x31,0xC7,0x31,0xC7,0x31,
    0xC7,0x31,0xC7,0x31,0xC7,0x31,0xC7,0x31,0xC7,0x31,0xC7,0x31,0xC7,0x31,0xC7,0x31,
    0xC7,0x31,0xC7,0x31,0xC7,0x31,0xC7,0x31,0xC7,0x31,0xC7,0x31,0xC7,0x31,0xC7,0x31,
    0xC7,0x31,0xC7,0x31,0xC7,0x31,0xC7,0x31,0xC7,0x31,0xC7,0x31,0xC7,0x31,0xC7,0x31,
    0xC7,0x31,0xC7,0x31,0xC7,0x31,0xC7,0x31,0xC7,0x31,0xC7,0x31,0xC7,0x31,0xC7,0x31,
    0xC7,0x31,0xC7,0x31,0xC7,0x31,0xC7,0x31,0xC7,0x31,0xC7,0x31,0xC7,0x31,0xC7,0x31,
    0xC7,0x31,0xC7,0x31,0xC7,0x31,0xC7,0x31,0xC7,0x31,0xC7,0x31,0xC7,0x31,0xC7,0x31,
    0xC7,0x31,0xC7,0x31,0xC7,0x31,0xC7,0x31,0xC7,0x31,0xC7,0x31,0xC7,0x31,0xC7,0x31,
    0xC7,0x31,0xC7,0x31,0xC7,0x31,0xC7,0x31,0xC7,0x31,0xC7,0x31,0xC7,0x31,0xC7,0x31,
    0xC7,0x31,0xC7,0x31,0xC7,0x31,0xC7,0x31,0xC7,0x31,0xC7,0x31,0xC7,0x31,0xC7,0x31,
    0xC7,0x31,0xC7,0x31,0xC7,0x31,0xC7,0x31,0xC7,0x31,0xC7,0x31,0xC7,0x31,0xC7,0x31,
    0xC7,0x31,0xC7,0x31,0xC7,0x31,0xC7,0x31,0xC7,0x31,0xC7,0x31,0xC7,0x31,0xC7,0x31,
    0xC7,0x31,0xC7,0x31,0xC7,0x31,0xC7,0x31,0xC7,0x31,0xC7,0x31,0xC7,0x31,0xC7,0x31,
    0xC7,0x31,0xC7,0x31,0xC7,0x31,0xC7,0x31,0xC7,0x31,0xC7,0x31,0xC7,0x31,0xC7,0x31,
    0xC7,0x31,0xC7,0x31,0xC7,0x31,0xC7,0x31,0xC7,0x31,0xC7,0x31,0xC7,0x31,0xC7,0x31,
    0xC7,0x31,0xC7,0x31,0xC7,0x31,0xC7,0x31,0xC7,0x31,0xC7,0x31,0xC7,0x31,0xC7,0x31,
    0xC7,0x31,0xC7,0x31,0xC7,0x31,0xC7,0x31,0xC7,0x31,0xC7,0x31,0xC7,0x31,0xC7,0x31,
    0xC7,0x31,0xC7,0x31,0xC7,0x31,0xC7,0x31,0xC7,0x31,0xC7,0x31,0xC7,0x31,0xC7,0x31,
    0xC7,0x31,0xC7,0x31,0xC7,0x31,0xC7,0x31,0xC7,0x31,0xC7,0x31,0xC7,0x31,0xC7,0x31,
    0xC7,0x31,0xC7,0x31,0xC7,0x31,0xC7,0x31,0xC7,0x31,0xC7,0x31,0xC7,0x31,0xC7,0x31,
    0xC7,0x31,0xC7,0x31,0xC7,0x31,0xC7,0x31,0xC7,0x31,0xC7,0x31,0xC7,0x31,0xC7,0x31,
    0xC7,0x31,0xC7,0x31,0xC7,0x31,0xC7,0x31,0xC7,0x31,0xC7,0x31,0xC7,0x31,0xC7,0x31,
    0xC7,0x31,0xC7,0x31,0xC7,0x31,0xC7,0x31,0xC7,0x31,0xC7,0x31,0xC7,0x31,0xC7,0x31,
    0xC7,0x31,0xC7,0x31,0xC7,0x31,0xC7,0x31,0xC7,0x31,0xC7,0x31,0xC7,0x31,0xC7,0x31,
    0xC7,0x31,0xC7,0x31,0xC7,0x31,0xC7,0x31,0xC7,0x31,0xC7,0x31,0xC7,0x31,0xC7,0x31,
    0xC7,0x31,0xC7,0x31,0xC7,0x31,0xC7,0x31,0xC7,0x31,0xC7,0x31,0xC7,0x31,0xC7,0x31,
    0xC7,0x31,0xC7,0x31,0xC7,0x31,0xC7,0x31,0xC7,0x31,0xC7,0x31,0xC7,0x31,0xC7,0x31,
    0xC7,0x31,0xC7,0x31,0xC7,0x31,0xC7,0x31,0xC7,0x31,0xC7,0x31,0xC7,0x31,0xC7,0x31,
    0xC7,0x31,0xC7,0x31,0xC7,0x31,0xC7,0x31,0xC7,0x31,0xC7,0x31,0xC7,0x31,0xC7,0x31,
    0xC7,0x31,0xC7,0x31,0xC7,0x31,0xC7,0x31,0xC7,0x31,0xC7,0x31,0xC7,0x31,0xC7,0x31,
    0xC7,0x31,0xC7,0x31,0xC7,0x31,0xC7,0x31,0xC7,0x31,0xC7,0x31,0xC7,0x31,0xC7,0x31,
    0xC7,0x31,0xC7,0x31,0xC7,0x31,0xC7,0x31,0xC7,0x31,0xC7,0x31,0xC7,0x31,0xC7,0x31,
    0xC7,0x31,0xC7,0x31,0xC7,0x31,0xC7,0x31,0xC7,0x31,0xC7,0x31,0xC7,0x31,0xC7,0x31,
    0xC7,0x31,0xC7,0x31,0xC7,0x31,0xC7,0x31,0xC7,0x31,0xC7,0x31,0xC7,0x31,0xC7,0x31,
    0xC7,0x31,0xC7,0x31,0xC7,0x31,0xC7,0x31,0xC7,0x31,0xC7,0x31,0xC7,0x31,0xC7,0x31,
    0xC7,0x31,0xC7,0x31,0xC7,0x31,0xC7,0x31,0xC7,0x31,0xC7,0x31,0xC7,0x31,0xC7,0x31,
    0xC7,0x31,0xC7,0x31,0xC7,0x31,0xC7,0x31,0xC7,0x31,0xC7,0x31,0xC7,0x31,0xC7,0x31,
    0xC7,0x31,0xC7,0x31,0xC7,0x31,0xC7,0x31,0xC7,0x31,0xC7,0x31,0xC7,0x31,0xC7,0x31,
    0xC7,0x31,0xC7,0x31,0xC7,0x31,0xC7,0x31,0xC7,0x31,0xC7,0x31,0xC7,0x31,0xC7,0x31,
    0xC7,0x31,0xC7,0x31,0xC7,0x31,0xC7,0x31,0xC7,0x31,0xC7,0x31,0xC7,0x31,0xC7,0x31,
    0xC7,0x31,0xC7,0x31,0xC7,0x31,0xC7,0x31,0xC7,0x31,0xC7,0x31,0xC7,0x31,0xC7,0x31,
    0xC7,0x31,0xC7,0x31,0xC7,0x31,0xC7,0x31,0xC7,0x31,0xC7,0x31,0xC7,0x31,0xC7,0x31,
    0xC7,0x31,0xC7,0x31,0xC7,0x31,0xC7,0x31,0xC7,0x31,0xC7,0x31,0xC7,0x31,0xC7,0x31,
    0xC7,0x31,0xC7,0x31,0xC7,0x31,0xC7,0x31,0xC7,0x31,0xC7,0x31,0xC7,0x31,0xC7,0x31,
    0xC7,0x31,0xC7,0x31,0xC7,0x31,0xC7,0x31,0xC7,0x31,0xC7,0x31,0xC7,0x31,0xC7,0x31,
    0x4A,0x42,0x8A,0x4A,0xC7,0x31,0xAB,0x52,0x09,0x3A,0xC7,0x31,0xC7,0x31,0xC7,0x31,
    0xC7,0x31,0xC7,0x31,0xC7,0x31,0xC7,0x31,0xC7,0x31,0xC7,0x31,0xC7,0x31,0xC7,0x31,
    0xC7,0x31,0xC7,0x31,0xC7,0x31,0xC7,0x31,0xC7,0x31,0xC7,0x31,0xC7,0x31,0xC7,0x31,
    0xC7,0x31,0xC7,0x31,0xC7,0x31,0xC7,0x31,0xC7,0x31,0xC7,0x31,0xC7,0x31,0xC7,0x31,
    0xC7,0x31,0xC7,0x31,0xC7,0x31,0xC7,0x31,0xC7,0x31,0xC7,0x31,0xC7,0x31,0xC7,0x31,
    0xC7,0x31,0xC7,0x31,0xC7,0x31,0xC7,0x31,0xC7,0x31,0xC7,0x31,0xC7,0x31,0xC7,0x31,
    0xC7,0x31,0xC7,0x31,0xC7,0x31,0xC7,0x31,0xC7,0x31,0xC7,0x31,0xC7,0x31,0xC7,0x31,
    0xC7,0x31,0xC7,0x31,0xC7,0x31,0xC7,0x31,0xC7,0x31,0xC7,0x31,0xC7,0x31,0xC7,0x31,
    0xC7,0x31,0xC7,0x31,0xC7,0x31,0xC7,0x31,0xC7,0x31,0xC7,0x31,0xC7,0x31,0xC7,0x31,
    0xC7,0x31,0xC7,0x31,0xC7,0x31,0xC7,0x31,0xC7,0x31,0xC7,0x31,0xC7,0x31,0xC7,0x31,
    0xC7,0x31,0xC7,0x31,0xC7,0x31,0xC7,0x31,0xC7,0x31,0xC7,0x31,0xC7,0x31,0xC7,0x31,
    0xC7,0x31,0xC7,0x31,0xC7,0x31,0xC7,0x31,0xC7,0x31,0xC7,0x31,0xC7,0x31,0xC7,0x31,
    0xC7,0x31,0xC7,0x31,0xC7,0x31,0xC7,0x31,0xC7,0x31,0xC7,0x31,0xC7,0x31,0xC7,0x31,
    0xC7,0x31,0xC7,0x31,0xC7,0x31,0xC7,0x31,0xC7,0x31,0xC7,0x31,0xC7,0x31,0xC7,0x31,
    0xC7,0x31,0xC7,0x31,0xC7,0x31,0xC7,0x31,0xC7,0x31,0xC7,0x31,0xC7,0x31,0xC7,0x31,
    0xC7,0x31,0xC7,0x31,0xC7,0x31,0xC7,0x31,0xC7,0x31,0xC7,0x31,0xC7,0x31,0xC7,0x31,
    0xC7,0x31,0xC7,0x31,0xC7,0x31,0xC7,0x31,0xC7,0x31,0xC7,0x31,0xC7,0x31,0xC7,0x31,
    0xC7,0x31,0xC7,0x31,0xC7,0x31,0xC7,0x31,0xC7,0x31,0xC7,0x31,0xC7,0x31,0xC7,0x31,
    0xC7,0x31,0xC7,0x31,0xC7,0x31,0xC7,0x31,0xC7,0x31,0xC7,0x31,0xC7,0x31,0xC7,0x31,
    0xC7,0x31,0xC7,0x31,0xC7,0x31,0xC7,0x31,0xC7,0x31,0xC7,0x31,0xC7,0x31,0xC7,0x31,
    0xC7,0x31,0xC7,0x31,0xC7,0x31,0xC7,0x31,0xC7,0x31,0xC7,0x31,0xC7,0x31,0xC7,0x31,
    0xC7,0x31,0xC7,0x31,0xC7,0x31,0xC7,0x31,0xC7,0x31,0xC7,0x31,0xC7,0x31,0xC7,0x31,
    0xC7,0x31,0xC7,0x31,0xC7,0x31,0xC7,0x31,0xC7,0x31,0xC7,0x31,0xC7,0x31,0xC7,0x31,
    0xC7,0x31,0xC7,0x31,0xC7,0x31,0xC7,0x31,0xC7,0x31,0xC7,0x31,0xC7,0x31,0xC7,0x31,
    0xC7,0x31,0xC7,0x31,0xC7,0x31,0xC7,0x31,0xC7,0x31,0xC7,0x31,0xC7,0x31,0xC7,0x31,
    0xC7,0x31,0xC7,0x31,0xC7,0x31,0xC7,0x31,0xC7,0x31,0xC7,0x31,0xC7,0x31,0xC7,0x31,
    0xC7,0x31,0x29,0x3A,0xE8,0x39,0x6B,0x73,0xF4,0xCD,0xAE,0x6B,0xC7,0x31,0xC7,0x31,
    0xC7,0x31,0xC7,0x31,0xC7,0x31,0xC7,0x31,0xC7,0x31,0xC7,0x31,0xC7,0x31,0xC7,0x31,
    0xC7,0x31,0xC7,0x31,0xC7,0x31,0xC7,0x31,0xC7,0x31,0xC7,0x31,0xC7,0x31,0xC7,0x31,
    0xC7,0x31,0xC7,0x31,0xC7,0x31,0xC7,0x31,0xC7,0x31,0xC7,0x31,0xC7,0x31,0xC7,0x31,
    0xC7,0x31,0xC7,0x31,0xC7,0x31,0xC7,0x31,0xC7,0x31,0xC7,0x31,0xC7,0x31,0xC7,0x31,
    0xC7,0x31,0xC7,0x31,0xC7,0x31,0xC7,0x31,0xC7,0x31,0xC7,0x31,0xC7,0x31,0xC7,0x31,
    0xC7,0x31,0xC7,0x31,0xC7,0x31,0xC7,0x31,0xC7,0x31,0xC7,0x31,0xC7,0x31,0xC7,0x31,
    0xC7,0x31,0xC7,0x31,0xC7,0x31,0xC7,0x31,0xC7,0x31,0xC7,0x31,0xC7,0x31,0xC7,0x31,
    0xC7,0x31,0xC7,0x31,0xC7,0x31,0xC7,0x31,0xC7,0x31,0xC7,0x31,0xC7,0x31,0xC7,0x31,
    0xC7,0x31,0xC7,0x31,0xC7,0x31,0xC7,0x31,0xC7,0x31,0xC7,0x31,0xC7,0x31,0xC7,0x31,
    0xC7,0x31,0xC7,0x31,0xC7,0x31,0xC7,0x31,0xC7,0x31,0xC7,0x31,0xC7,0x31,0xC7,0x31,
    0xC7,0x31,0xC7,0x31,0xC7,0x31,0xC7,0x31,0xC7,0x31,0xC7,0x31,0xC7,0x31,0xC7,0x31,
    0xC7,0x31,0xC7,0x31,0xC7,0x31,0xC7,0x31,0xC7,0x31,0xC7,0x31,0xC7,0x31,0xC7,0x31,
    0xC7,0x31,0xC7,0x31,0xC7,0x31,0xC7,0x31,0xC7,0x31,0xC7,0x31,0xC7,0x31,0xC7,0x31,
    0xC7,0x31,0xC7,0x31,0xC7,0x31,0xC7,0x31,0xC7,0x31,0xC7,0x31,0xC7,0x31,0xC7,0x31,
    0xC7,0x31,0xC7,0x31,0xC7,0x31,0xC7,0x31,0xC7,0x31,0x29,0x42,0x6A,0x4A,0x8A,0x4A,
    0x8A,0x4A,0x6A,0x42,0xAA,0x52,0x72,0xC5,0xB3,0xC5,0x8E,0x6B,0xC7,0x31,0xC7,0x31,
    0xC7,0x31,0xC7,0x31,0xC7,0x31,0xC7,0x31,0xC7,0x31,0xC7,0x31,0xC7,0x31,0xC7,0x31,
    0xC7,0x31,0xC7,0x31,0xC7,0x31,0xC7,0x31,0xC7,0x31,0xC7,0x31,0xC7,0x31,0xC7,0x31,
    0xC7,0x31,0xC7,0x31,0xC7,0x31,0xC7,0x31,0xC7,0x31,0xC7,0x31,0xC7,0x31,0xC7,0x31,
    0xC7,0x31,0xC7,0x31,0xC7,0x31,0xC7,0x31,0xC7,0x31,0xC7,0x31,0xC7,0x31,0xC7,0x31,
    0xC7,0x31,0xC7,0x31,0xC7,0x31,0xC7,0x31,0xC7,0x31,0xC7,0x31,0xC7,0x31,0xC7,0x31,
    0xC7,0x31,0xC7,0x31,0xC7,0x31,0xC7,0x31,0xC7,0x31,0xC7,0x31,0xC7,0x31,0xC7,0x31,
    0xC7,0x31,0xC7,0x31,0xC7,0x31,0xC7,0x31,0xC7,0x31,0xC7,0x31,0xC7,0x31,0xC7,0x31,
    0xC7,0x31,0xC7,0x31,0xC7,0x31,0xC7,0x31,0xC7,0x31,0xC7,0x31,0xC7,0x31,0xC7,0x31,
    0xC7,0x31,0xC7,0x31,0xC7,0x31,0xC7,0x31,0xC7,0x31,0xC7,0x31,0xC7,0x31,0xC7,0x31,
    0xC7,0x31,0xC7,0x31,0xC7,0x31,0xC7,0x31,0xC7,0x31,0xC7,0x31,0xC7,0x31,0xC7,0x31,
    0xC7,0x31,0xC7,0x31,0xC7,0x31,0xC7,0x31,0xC7,0x31,0xC7,0x31,0xC7,0x31,0xC7,0x31,
    0xC7,0x31,0xC7,0x31,0xC7,0x31,0xC7,0x31,0xC7,0x31,0xC7,0x31,0xC7,0x31,0xC7,0x31,
    0xC7,0x31,0xC7,0x31,0xC7,0x31,0xC7,0x31,0xC7,0x31,0xC7,0x31,0xC7,0x31,0xC7,0x31,
    0xC7,0x31,0xC7,0x31,0xC7,0x31,0xC7,0x31,0xC7,0x31,0xC7,0x31,0xC7,0x31,0xC7,0x31,
    0xC7,0x31,0x8A,0x4A,0xAB,0x4A,0xEC,0x52,0xCB,0x52,0xEB,0x52,0xAB,0x4A,0x8A,0x4A,
    0x29,0x42,0x08,0x3A,0x6A,0x4A,0xEC,0x5A,0xC7,0x31,0xC7,0x31,0xC7,0x31,0xC7,0x31,
    0xC7,0x31,0xC7,0x31,0xC7,0x31,0xC7,0x31,0xC7,0x31,0xC7,0x31,0xC7,0x31,0xC7,0x31,
    0xC7,0x31,0xC7,0x31,0xC7,0x31,0xC7,0x31,0xC7,0x31,0xC7,0x31,0xC7,0x31,0xC7,0x31,
    0xC7,0x31,0xC7,0x31,0xC7,0x31,0xC7,0x31,0xC7,0x31,0xC7,0x31,0xC7,0x31,0xC7,0x31,
    0xC7,0x31,0xC7,0x31,0xC7,0x31,0xC7,0x31,0xC7,0x31,0xC7,0x31,0xC7,0x31,0xC7,0x31,
    0xC7,0x31,0xC7,0x31,0xC7,0x31,0xC7,0x31,0xC7,0x31,0xC7,0x31,0xC7,0x31,0xC7,0x31,
    0xC7,0x31,0xC7,0x31,0xC7,0x31,0xC7,0x31,0xC7,0x31,0xC7,0x31,0xC7,0x31,0xC7,0x31,
    0xC7,0x31,0xC7,0x31,0xC7,0x31,0xC7,0x31,0xC7,0x31,0xC7,0x31,0xC7,0x31,0xC7,0x31,
    0xC7,0x31,0xC7,0x31,0xC7,0x31,0xC7,0x31,0xC7,0x31,0xC7,0x31,0xC7,0x31,0xC7,0x31,
    0xC7,0x31,0xC7,0x31,0xC7,0x31,0xC7,0x31,0xC7,0x31,0xC7,0x31,0xC7,0x31,0xC7,0x31,
    0xC7,0x31,0xC7,0x31,0xC7,0x31,0xC7,0x31,0xC7,0x31,0xC7,0x31,0xC7,0x31,0xC7,0x31,
    0xC7,0x31,0xC7,0x31,0xC7,0x31,0xC7,0x31,0xC7,0x31,0xC7,0x31,0xC7,0x31,0xC7,0x31,
    0xC7,0x31,0xC7,0x31,0xC7,0x31,0xC7,0x31,0xC7,0x31,0xC7,0x31,0xC7,0x31,0xC7,0x31,
    0xC7,0x31,0xC7,0x31,0xC7,0x31,0xC7,0x31,0xC7,0x31,0xC7,0x31,0xC7,0x31,0xC7,0x31,
    0xC7,0x31,0xC7,0x31,0xC7,0x31,0xC7,0x31,0xC7,0x31,0x29,0x42,0xAB,0x4A,0xEC,0x52,
    0x2D,0x5B,0x0C,0x5B,0xCC,0x52,0xAA,0x4A,0x6A,0x42,0x29,0x3A,0xC7,0x31,0xC7,0x31,
    0xC7,0x31,0xC7,0x31,0xC7,0x31,0xC7,0x31,0xC7,0x31,0xC7,0x31,0xC7,0x31,0xC7,0x31,
    0xC7,0x31,0xC7,0x31,0xC7,0x31,0xC7,0x31,0xC7,0x31,0xC7,0x31,0xC7,0x31,0xC7,0x31,
    0xC7,0x31,0xC7,0x31,0xC7,0x31,0xC7,0x31,0xC7,0x31,0xC7,0x31,0xC7,0x31,0xC7,0x31,
    0xC7,0x31,0xC7,0x31,0xC7,0x31,0xC7,0x31,0xC7,0x31,0xC7,0x31,0xC7,0x31,0xC7,0x31,
    0xC7,0x31,0xC7,0x31,0xC7,0x31,0xC7,0x31,0xC7,0x31,0xC7,0x31,0xC7,0x31,0xC7,0x31,
    0xC7,0x31,0xC7,0x31,0xC7,0x31,0xC7,0x31,0xC7,0x31,0xC7,0x31,0xC7,0x31,0xC7,0x31,
    0xC7,0x31,0xC7,0x31,0xC7,0x31,0xC7,0x31,0xC7,0x31,0xC7,0x31,0xC7,0x31,0xC7,0x31,
    0xC7,0x31,0xC7,0x31,0xC7,0x31,0xC7,0x31,0xC7,0x31,0xC7,0x31,0xC7,0x31,0xC7,0x31,
    0xC7,0x31,0xC7,0x31,0xC7,0x31,0xC7,0x31,0xC7,0x31,0xC7,0x31,0xC7,0x31,0xC7,0x31,
    0xC7,0x31,0xC7,0x31,0xC7,0x31,0xC7,0x31,0xC7,0x31,0xC7,0x31,0xC7,0x31,0xC7,0x31,
    0xC7,0x31,0xC7,0x31,0xC7,0x31,0xC7,0x31,0xC7,0x31,0xC7,0x31,0xC7,0x31,0xC7,0x31,
    0xC7,0x31,0xC7,0x31,0xC7,0x31,0xC7,0x31,0xC7,0x31,0xC7,0x31,0xC7,0x31,0xC7,0x31,
    0xC7,0x31,0xC7,0x31,0xC7,0x31,0xC7,0x31,0xC7,0x31,0xC7,0x31,0xC7,0x31,0xC7,0x31,
    0xC7,0x31,0xC7,0x31,0xC7,0x31,0xC7,0x31,0xC7,0x31,0xC7,0x31,0xC7,0x31,0xC7,0x31,
    0xC7,0x31,0xC7,0x31,0x08,0x3A,0x8A,0x4A,0xEC,0x52,0xEC,0x52,0xEC,0x52,0xAA,0x4A,
    0x29,0x42,0xE8,0x31,0xC7,0x31,0xC7,0x31,0xC7,0x31,0xC7,0x31,0xC7,0x31,0xC7,0x31,
    0xC7,0x31,0xC7,0x31,0xC7,0x31,0xC7,0x31,0xC7,0x31,0xC7,0x31,0xC7,0x31,0xC7,0x31,
    0xC7,0x31,0xC7,0x31,0xC7,0x31,0xC7,0x31,0xC7,0x31,0xC7,0x31,0xC7,0x31,0xC7,0x31,
    0xC7,0x31,0xC7,0x31,0xC7,0x31,0xC7,0x31,0xC7,0x31,0xC7,0x31,0xC7,0x31,0xC7,0x31,
    0xC7,0x31,0xC7,0x31,0xC7,0x31,0xC7,0x31,0xC7,0x31,0xC7,0x31,0xC7,0x31,0xC7,0x31,
    0xC7,0x31,0xC7,0x31,0xC7,0x31,0xC7,0x31,0xC7,0x31,0xC7,0x31,0xC7,0x31,0xC7,0x31,
    0xC7,0x31,0xC7,0x31,0xC7,0x31,0xC7,0x31,0xC7,0x31,0xC7,0x31,0xC7,0x31,0xC7,0x31,
    0xC7,0x31,0xC7,0x31,0xC7,0x31,0xC7,0x31,0xC7,0x31,0xC7,0x31,0xC7,0x31,0xC7,0x31,
    0xC7,0x31,0xC7,0x31,0xC7,0x31,0xC7,0x31,0xC7,0x31,0xC7,0x31,0xC7,0x31,0xC7,0x31,
    0xC7,0x31,0xC7,0x31,0xC7,0x31,0xC7,0x31,0xC7,0x31,0xC7,0x31,0xC7,0x31,0xC7,0x31,
    0xC7,0x31,0xC7,0x31,0xC7,0x31,0xC7,0x31,0xC7,0x31,0xC7,0x31,0xC7,0x31,0xC7,0x31,
    0xC7,0x31,0xC7,0x31,0xC7,0x31,0xC7,0x31,0xC7,0x31,0xC7,0x31,0xC7,0x31,0xC7,0x31,
    0xC7,0x31,0xC7,0x31,0xC7,0x31,0xC7,0x31,0xC7,0x31,0xC7,0x31,0xC7,0x31,0xC7,0x31,
    0xC7,0x31,0xC7,0x31,0xC7,0x31,0xC7,0x31,0xC7,0x31,0xC7,0x31,0xC7,0x31,0xC7,0x31,
    0xC7,0x31,0xC7,0x31,0xC7,0x31,0xC7,0x31,0xC7,0x31,0x6A,0x4A,0x49,0x42,0x4A,0x42,
    0x6A,0x4A,0xAB,0x4A,0x6A,0x42,0x6A,0x42,0x29,0x42,0xE8,0x31,0xC7,0x31,0xC7,0x31,
    0xC7,0x31,0xC7,0x31,0xC7,0x31,0xC7,0x31,0xC7,0x31,0xC7,0x31,0xC7,0x31,0xC7,0x31,
    0xC7,0x31,0xC7,0x31,0xC7,0x31,0xC7,0x31,0xC7,0x31,0xC7,0x31,0xC7,0x31,0xC7,0x31,
    0xC7,0x31,0xC7,0x31,0xC7,0x31,0xC7,0x31,0xC7,0x31,0xC7,0x31,0xC7,0x31,0xC7,0x31,
    0xC7,0x31,0xC7,0x31,0xC7,0x31,0xC7,0x31,0xC7,0x31,0xC7,0x31,0xC7,0x31,0xC7,0x31,
    0xC7,0x31,0xC7,0x31,0xC7,0x31,0xC7,0x31,0xC7,0x31,0xC7,0x31,0xC7,0x31,0xC7,0x31,
    0xC7,0x31,0xC7,0x31,0xC7,0x31,0xC7,0x31,0xC7,0x31,0xC7,0x31,0xC7,0x31,0xC7,0x31,
    0xC7,0x31,0xC7,0x31,0xC7,0x31,0xC7,0x31,0xC7,0x31,0xC7,0x31,0xC7,0x31,0xC7,0x31,
    0xC7,0x31,0xC7,0x31,0xC7,0x31,0xC7,0x31,0xC7,0x31,0xC7,0x31,0xC7,0x31,0xC7,0x31,
    0xC7,0x31,0xC7,0x31,0xC7,0x31,0xC7,0x31,0xC7,0x31,0xC7,0x31,0xC7,0x31,0xC7,0x31,
    0xC7,0x31,0xC7,0x31,0xC7,0x31,0xC7,0x31,0xC7,0x31,0xC7,0x31,0xC7,0x31,0xC7,0x31,
    0xC7,0x31,0xC7,0x31,0xC7,0x31,0xC7,0x31,0xC7,0x31,0xC7,0x31,0xC7,0x31,0xC7,0x31,
    0xC7,0x31,0xC7,0x31,0xC7,0x31,0xC7,0x31,0xC7,0x31,0xC7,0x31,0xC7,0x31,0xC7,0x31,
    0xC7,0x31,0xC7,0x31,0xC7,0x31,0xC7,0x31,0xC7,0x31,0xC7,0x31,0xC7,0x31,0xC7,0x31,
    0xC7,0x31,0xC7,0x31,0xC7,0x31,0xC7,0x31,0xC7,0x31,0x08,0x3A,0x29,0x3A,0x29,0x42,
    0x29,0x3A,0x29,0x3A,0xCC,0x52,0x8B,0x4A,0xA6,0x29,0x28,0x3A,0x28,0x42,0x6A,0x4A,
    0x8A,0x4A,0x09,0x3A,0xC7,0x31,0xC7,0x31,0xC7,0x31,0xC7,0x31,0xC7,0x31,0xC7,0x31,
    0xC7,0x31,0xC7,0x31,0xC7,0x31,0xC7,0x31,0xC7,0x31,0xC7,0x31,0xC7,0x31,0xC7,0x31,
    0xC7,0x31,0xC7,0x31,0xC7,0x31,0xC7,0x31,0xC7,0x31,0xC7,0x31,0xC7,0x31,0xC7,0x31,
    0xC7,0x31,0xC7,0x31,0xC7,0x31,0xC7,0x31,0xC7,0x31,0xC7,0x31,0xC7,0x31,0xC7,0x31,
    0xC7,0x31,0xC7,0x31,0xC7,0x31,0xC7,0x31,0xC7,0x31,0xC7,0x31,0xC7,0x31,0xC7,0x31,
    0xC7,0x31,0xC7,0x31,0xC7,0x31,0xC7,0x31,0xC7,0x31,0xC7,0x31,0xC7,0x31,0xC7,0x31,
    0xC7,0x31,0xC7,0x31,0xC7,0x31,0xC7,0x31,0xC7,0x31,0xC7,0x31,0xC7,0x31,0xC7,0x31,
    0xC7,0x31,0xC7,0x31,0xC7,0x31,0xC7,0x31,0xC7,0x31,0xC7,0x31,0xC7,0x31,0xC7,0x31,
    0xC7,0x31,0xC7,0x31,0xC7,0x31,0xC7,0x31,0xC7,0x31,0xC7,0x31,0xC7,0x31,0xC7,0x31,
    0xC7,0x31,0xC7,0x31,0xC7,0x31,0xC7,0x31,0xC7,0x31,0xC7,0x31,0xC7,0x31,0xC7,0x31,
    0xC7,0x31,0xC7,0x31,0xC7,0x31,0xC7,0x31,0xC7,0x31,0xC7,0x31,0xC7,0x31,0xC7,0x31,
    0xC7,0x31,0xC7,0x31,0xC7,0x31,0xC7,0x31,0xC7,0x31,0xC7,0x31,0xC7,0x31,0xC7,0x31,
    0xC7,0x31,0xC7,0x31,0xC7,0x31,0xC7,0x31,0xC7,0x31,0xC7,0x31,0xC7,0x31,0xC7,0x31,
    0xC7,0x31,0xC7,0x31,0xC7,0x31,0xC7,0x31,0xC7,0x31,0xC7,0x31,0xC7,0x31,0xC7,0x31,
    0xC7,0x31,0x29,0x42,0x49,0x42,0x6A,0x42,0x6A,0x4A,0x6A,0x4A,0x8B,0x4A,0xEC,0x5A,
    0x0C,0x5B,0x6A,0x4A,0x29,0x42,0xE7,0x39,0x91,0x94,0xE7,0x41,0x61,0x08,0x86,0x29,
    0xC7,0x31,0xC7,0x31,0xC7,0x31,0xC7,0x31,0xC7,0x31,0xC7,0x31,0xC7,0x31,0xC7,0x31,
    0xC7,0x31,0xC7,0x31,0xC7,0x31,0xC7,0x31,0xC7,0x31,0xC7,0x31,0xC7,0x31,0xC7,0x31,
    0xC7,0x31,0xC7,0x31,0xC7,0x31,0xC7,0x31,0xC7,0x31,0xC7,0x31,0xC7,0x31,0xC7,0x31,
    0xC7,0x31,0xC7,0x31,0xC7,0x31,0xC7,0x31,0xC7,0x31,0xC7,0x31,0xC7,0x31,0xC7,0x31,
    0xC7,0x31,0xC7,0x31,0xC7,0x31,0xC7,0x31,0xC7,0x31,0xE8,0x31,0xF2,0xA4,0x32,0xB5,
    0xD1,0xA4,0x6A,0x4A,0xC7,0x31,0xC7,0x31,0xC7,0x31,0xC7,0x31,0xC7,0x31,0xC7,0x31,
    0xC7,0x31,0xC7,0x31,0xC7,0x31,0xC7,0x31,0xC7,0x31,0xC7,0x31,0xC7,0x31,0xC7,0x31,
    0xC7,0x31,0xC7,0x31,0xC7,0x31,0xC7,0x31,0xC7,0x31,0xC7,0x31,0xC7,0x31,0xC7,0x31,
    0xC7,0x31,0xC7,0x31,0xC7,0x31,0xC7,0x31,0xC7,0x31,0xC7,0x31,0xC7,0x31,0xC7,0x31,
    0xC7,0x31,0xC7,0x31,0xC7,0x31,0xC7,0x31,0xC7,0x31,0xC7,0x31,0xC7,0x31,0xC7,0x31,
    0xC7,0x31,0xC7,0x31,0xC7,0x31,0xC7,0x31,0xC7,0x31,0xC7,0x31,0xC7,0x31,0xC7,0x31,
    0xC7,0x31,0xC7,0x31,0xC7,0x31,0xC7,0x31,0xC7,0x31,0xC7,0x31,0xC7,0x31,0xC7,0x31,
    0xC7,0x31,0xC7,0x31,0xC7,0x31,0xC7,0x31,0xC7,0x31,0xC7,0x31,0xC7,0x31,0xC7,0x31,
    0xC7,0x31,0xC7,0x31,0xC7,0x31,0xC7,0x31,0xC7,0x31,0xC7,0x31,0x6A,0x42,0x6A,0x42,
    0x8A,0x4A,0x8A,0x4A,0x8A,0x4A,0xAB,0x52,0xAB,0x52,0xAB,0x52,0xAB,0x52,0xEC,0x5A,
    0x0C,0x63,0x29,0x42,0xE4,0x18,0x44,0x21,0xF3,0x9C,0x0C,0x63,0x71,0x8C,0x55,0xAD,
    0xC7,0x31,0xC7,0x31,0xC7,0x31,0xC7,0x31,0xC7,0x31,0xC7,0x31,0xC7,0x31,0xC7,0x31,
    0xC7,0x31,0xC7,0x31,0xC7,0x31,0xC7,0x31,0xC7,0x31,0xC7,0x31,0xC7,0x31,0xC7,0x31,
    0xC7,0x31,0xC7,0x31,0xC7,0x31,0xC7,0x31,0xC7,0x31,0xC7,0x31,0xC7,0x31,0xC7,0x31,
    0xC7,0x31,0xC7,0x31,0xC7,0x31,0xC7,0x31,0xC7,0x31,0xC7,0x31,0xC7,0x31,0xC7,0x31,
    0xC7,0x31,0xC7,0x31,0xC7,0x31,0xC7,0x31,0xC7,0x31,0xE8,0x31,0xD4,0xCD,0xEE,0xBC,
    0x6F,0x94,0x2D,0x63,0xC7,0x31,0xC7,0x31,0xC7,0x31,0xC7,0x31,0xC7,0x31,0xC7,0x31,
    0xC7,0x31,0xC7,0x31,0xC7,0x31,0xC7,0x31,0xC7,0x31,0xC7,0x31,0xC7,0x31,0xC7,0x31,
    0xC7,0x31,0xC7,0x31,0xC7,0x31,0xC7,0x31,0xC7,0x31,0xC7,0x31,0xC7,0x31,0xC7,0x31,
    0xC7,0x31,0xC7,0x31,0xC7,0x31,0xC7,0x31,0xC7,0x31,0xC7,0x31,0xC7,0x31,0xC7,0x31,
    0xC7,0x31,0xC7,0x31,0xC7,0x31,0xC7,0x31,0xC7,0x31,0xC7,0x31,0xC7,0x31,0xC7,0x31,
    0xC7,0x31,0xC7,0x31,0xC7,0x31,0xC7,0x31,0xC7,0x31,0xC7,0x31,0xC7,0x31,0xC7,0x31,
    0xC7,0x31,0xC7,0x31,0xC7,0x31,0xC7,0x31,0xC7,0x31,0xC7,0x31,0xC7,0x31,0xC7,0x31,
    0xC7,0x31,0xC7,0x31,0xC7,0x31,0xC7,0x31,0xC7,0x31,0xC7,0x31,0xC7,0x31,0xC7,0x31,
    0xC7,0x31,0xC7,0x31,0x29,0x3A,0x4A,0x42,0xAB,0x4A,0xAB,0x52,0xAB,0x52,0xAA,0x52,
    0x8A,0x52,0x69,0x4A,0x6A,0x4A,0x8A,0x4A,0xAB,0x52,0xCB,0x52,0x0C,0x5B,0x6E,0x6B,
    0xAB,0x52,0xE8,0x39,0xCF,0x7B,0xB6,0xB5,0x34,0xA5,0x18,0xC6,0xBE,0xF7,0x39,0xC6,
    0xC7,0x31,0xC7,0x31,0xC7,0x31,0xC7,0x31,0xC7,0x31,0xC7,0x31,0xC7,0x31,0xC7,0x31,
    0xC7,0x31,0xC7,0x31,0xC7,0x31,0xC7,0x31,0xC7,0x31,0xC7,0x31,0xC7,0x31,0xC7,0x31,
    0xC7,0x31,0xC7,0x31,0xC7,0x31,0xC7,0x31,0xC7,0x31,0xC7,0x31,0xC7,0x31,0xC7,0x31,
    0xC7,0x31,0xC7,0x31,0xC7,0x31,0xC7,0x31,0xC7,0x31,0xC7,0x31,0xC7,0x31,0xC7,0x31,
    0xC7,0x31,0xC7,0x31,0xC7,0x31,0xC7,0x31,0xC7,0x31,0xC7,0x31,0xEB,0x62,0x6D,0x73,
    0x0C,0x63,0x6A,0x4A,0xC7,0x31,0xC7,0x31,0xC7,0x31,0xC7,0x31,0xC7,0x31,0xC7,0x31,
    0xC7,0x31,0xC7,0x31,0xC7,0x31,0xC7,0x31,0xC7,0x31,0xC7,0x31,0xC7,0x31,0xC7,0x31,
    0xC7,0x31,0xC7,0x31,0xC7,0x31,0xC7,0x31,0xC7,0x31,0xC7,0x31,0xC7,0x31,0xC7,0x31,
    0xC7,0x31,0xC7,0x31,0xC7,0x31,0xC7,0x31,0xC7,0x31,0xC7,0x31,0xC7,0x31,0xC7,0x31,
    0xC7,0x31,0xC7,0x31,0xC7,0x31,0xC7,0x31,0xC7,0x31,0xC7,0x31,0xC7,0x31,0xC7,0x31,
    0xC7,0x31,0xC7,0x31,0xC7,0x31,0xC7,0x31,0xC7,0x31,0xC7,0x31,0xC7,0x31,0xC7,0x31,
    0xC7,0x31,0x12,0xA5,0xF1,0xB4,0x90,0x9C,0x49,0x42,0xC7,0x31,0xC7,0x31,0xC7,0x31,
    0xC7,0x31,0xC7,0x31,0xC7,0x31,0xC7,0x31,0xC7,0x31,0xC7,0x31,0xC7,0x31,0x6A,0x42,
    0xAB,0x52,0xCB,0x52,0xAB,0x52,0xAB,0x52,0xAB,0x52,0x8A,0x4A,0x69,0x4A,0x69,0x4A,
    0x6A,0x4A,0x8A,0x4A,0x8A,0x52,0xAB,0x52,0xEC,0x5A,0x0D,0x5B,0x0D,0x5B,0xEC,0x5A,
    0xC7,0x31,0xC7,0x31,0xD3,0x94,0x59,0xCE,0xD3,0x94,0x14,0xA5,0x18,0xC6,0x96,0xAD,
    0xAB,0x52,0xC7,0x31,0xC7,0x31,0xC7,0x31,0xC7,0x31,0xC7,0x31,0xC7,0x31,0xC7,0x31,
    0xC7,0x31,0xC7,0x31,0xC7,0x31,0xC7,0x31,0xC7,0x31,0xC7,0x31,0xC7,0x31,0xC7,0x31,
    0xC7,0x31,0xC7,0x31,0xC7,0x31,0xC7,0x31,0xC7,0x31,0xC7,0x31,0xC7,0x31,0xC7,0x31,
    0xC7,0x31,0xC7,0x31,0xC7,0x31,0xC7,0x31,0xC7,0x31,0xC7,0x31,0xC7,0x31,0xC7,0x31,
    0xC7,0x31,0xC7,0x31,0xC7,0x31,0xC7,0x31,0xC7,0x31,0xC7,0x31,0x29,0x42,0x6D,0x6B,
    0x0B,0x63,0xCB,0x5A,0x09,0x3A,0xC7,0x31,0xC7,0x31,0xC7,0x31,0xC7,0x31,0xC7,0x31,
    0xC7,0x31,0xC7,0x31,0xC7,0x31,0xC7,0x31,0xC7,0x31,0xC7,0x31,0xC7,0x31,0xC7,0x31,
    0xC7,0x31,0xC7,0x31,0xC7,0x31,0xC7,0x31,0xC7,0x31,0xC7,0x31,0xC7,0x31,0xC7,0x31,
    0xC7,0x31,0xC7,0x31,0xC7,0x31,0xC7,0x31,0xC7,0x31,0xC7,0x31,0xC7,0x31,0xC7,0x31,
    0xC7,0x31,0xC7,0x31,0xC7,0x31,0xC7,0x31,0xC7,0x31,0xC7,0x31,0xC7,0x31,0xC7,0x31,
    0xC7,0x31,0xC7,0x31,0xC7,0x31,0xC7,0x31,0xC7,0x31,0xC7,0x31,0xC7,0x31,0xC7,0x31,
    0xAF,0x73,0x12,0xAD,0xAC,0x83,0x8D,0x73,0x08,0x3A,0xC7,0x31,0xC7,0x31,0xC7,0x31,
    0xC7,0x31,0xC7,0x31,0xC7,0x31,0x6A,0x4A,0x33,0xAD,0x70,0x94,0x8A,0x4A,0xEC,0x5A,
    0xEB,0x5A,0xAB,0x52,0x8A,0x52,0x8A,0x4A,0x8A,0x4A,0x8A,0x52,0x8A,0x52,0x8A,0x4A,
    0x8A,0x4A,0x6A,0x4A,0x8A,0x4A,0x8A,0x52,0xCC,0x5A,0x6A,0x42,0x28,0x3A,0xC7,0x31,
    0xC7,0x31,0xC7,0x31,0x4D,0x63,0xB6,0xB5,0xD6,0xBD,0xF7,0xC5,0xD7,0xBD,0x76,0xAD,
    0xCC,0x52,0xC7,0x31,0xC7,0x31,0xC7,0x31,0xC7,0x31,0xC7,0x31,0xC7,0x31,0xC7,0x31,
    0xC7,0x31,0xC7,0x31,0xC7,0x31,0xC7,0x31,0xC7,0x31,0xC7,0x31,0xC7,0x31,0xC7,0x31,
    0xC7,0x31,0xC7,0x31,0xC7,0x31,0xC7,0x31,0xC7,0x31,0xC7,0x31,0xC7,0x31,0xC7,0x31,
    0xC7,0x31,0xC7,0x31,0xC7,0x31,0xC7,0x31,0xC7,0x31,0xC7,0x31,0xC7,0x31,0xC7,0x31,
    0xC7,0x31,0xC7,0x31,0xC7,0x31,0xC7,0x31,0xC7,0x31,0xC7,0x31,0xAB,0x52,0x8D,0x73,
    0xEB,0x62,0xEC,0x5A,0x4A,0x42,0xC7,0x31,0xC7,0x31,0xC7,0x31,0xC7,0x31,0xC7,0x31,
    0xC7,0x31,0xC7,0x31,0xC7,0x31,0xC7,0x31,0xC7,0x31,0xC7,0x31,0xC7,0x31,0xC7,0x31,
    0xC7,0x31,0xC7,0x31,0xC7,0x31,0xC7,0x31,0xC7,0x31,0xC7,0x31,0xC7,0x31,0xC7,0x31,
    0xC7,0x31,0xC7,0x31,0xC7,0x31,0xC7,0x31,0xC7,0x31,0xC7,0x31,0xC7,0x31,0xC7,0x31,
    0xC7,0x31,0xC7,0x31,0xC7,0x31,0xC7,0x31,0xC7,0x31,0xC7,0x31,0xC7,0x31,0xC7,0x31,
    0xC7,0x31,0xC7,0x31,0xC7,0x31,0xC7,0x31,0xC7,0x31,0xC7,0x31,0xC7,0x31,0x8B,0x4A,
    0xAF,0x73,0x0C,0x5B,0x0C,0x63,0x29,0x3A,0xC7,0x31,0xC7,0x31,0xC7,0x31,0xC7,0x31,
    0xC7,0x31,0xC7,0x31,0xC7,0x31,0x12,0xAD,0xB2,0xDD,0x89,0x5A,0xAA,0x52,0x49,0x4A,
    0x49,0x42,0x69,0x4A,0x29,0x42,0x29,0x42,0x6A,0x4A,0x29,0x42,0x29,0x42,0x29,0x42,
    0x29,0x42,0x08,0x3A,0xC7,0x31,0xC7,0x31,0xC7,0x31,0xC7,0x31,0xC7,0x31,0xC7,0x31,
    0xC7,0x31,0xC7,0x31,0x6A,0x4A,0xDB,0xDE,0xFF,0xFF,0x5D,0xEF,0x75,0xAD,0x2D,0x63,
    0xC7,0x31,0xC7,0x31,0xC7,0x31,0xC7,0x31,0xC7,0x31,0xC7,0x31,0xC7,0x31,0xC7,0x31,
    0xC7,0x31,0xC7,0x31,0xC7,0x31,0xC7,0x31,0xC7,0x31,0xC7,0x31,0xC7,0x31,0xC7,0x31,
    0xC7,0x31,0xC7,0x31,0xC7,0x31,0xC7,0x31,0xC7,0x31,0xC7,0x31,0xC7,0x31,0xC7,0x31,
    0xC7,0x31,0xC7,0x31,0xC7,0x31,0xC7,0x31,0xC7,0x31,0xC7,0x31,0xC7,0x31,0xC7,0x31,
    0xC7,0x31,0xC7,0x31,0xC7,0x31,0xC7,0x31,0xC7,0x31,0xC7,0x31,0x6A,0x4A,0x6D,0x6B,
    0x0B,0x63,0xEB,0x5A,0x6A,0x42,0xC7,0x31,0xC7,0x31,0xC7,0x31,0xC7,0x31,0xC7,0x31,
    0xC7,0x31,0xC7,0x31,0xC7,0x31,0xC7,0x31,0xC7,0x31,0xC7,0x31,0xC7,0x31,0xC7,0x31,
    0xC7,0x31,0xC7,0x31,0xC7,0x31,0xC7,0x31,0xC7,0x31,0xC7,0x31,0xC7,0x31,0xC7,0x31,
    0xC7,0x31,0xC7,0x31,0xC7,0x31,0xC7,0x31,0xC7,0x31,0xC7,0x31,0xC7,0x31,0xC7,0x31,
    0xC7,0x31,0xC7,0x31,0xC7,0x31,0xC7,0x31,0xC7,0x31,0xC7,0x31,0xC7,0x31,0xC7,0x31,
    0xC7,0x31,0xC7,0x31,0xC7,0x31,0xC7,0x31,0xC7,0x31,0xC7,0x31,0xCB,0x52,0xCF,0x73,
    0x4D,0x63,0xEC,0x5A,0xEB,0x5A,0x09,0x3A,0xC7,0x31,0xC7,0x31,0xC7,0x31,0xC7,0x31,
    0xC7,0x31,0xC7,0x31,0xC7,0x31,0x0F,0x84,0x12,0xAD,0x08,0x3A,0x29,0x3A,0xE8,0x39,
    0x08,0x3A,0xC7,0x31,0xC7,0x31,0xC7,0x31,0xC7,0x31,0xC7,0x31,0xC7,0x31,0xC7,0x31,
    0xC7,0x31,0xC7,0x31,0xC7,0x31,0xC7,0x31,0xC7,0x31,0xC7,0x31,0xC7,0x31,0xC7,0x31,
    0xC7,0x31,0xC7,0x31,0xC7,0x31,0xD3,0x9C,0xBE,0xF7,0x5D,0xEF,0x8E,0x6B,0xC7,0x31,
    0xC7,0x31,0xC7,0x31,0xC7,0x31,0xC7,0x31,0xC7,0x31,0xC7,0x31,0xC7,0x31,0xC7,0x31,
    0xC7,0x31,0xC7,0x31,0xC7,0x31,0xC7,0x31,0xC7,0x31,0xC7,0x31,0xC7,0x31,0xC7,0x31,
    0xC7,0x31,0xC7,0x31,0xC7,0x31,0xC7,0x31,0xC7,0x31,0xC7,0x31,0xC7,0x31,0xC7,0x31,
    0xC7,0x31,0xC7,0x31,0xC7,0x31,0xC7,0x31,0xC7,0x31,0xC7,0x31,0xC7,0x31,0xC7,0x31,
    0xC7,0x31,0xC7,0x31,0xC7,0x31,0xC7,0x31,0xC7,0x31,0xC7,0x31,0x6A,0x4A,0x6E,0x6B,
    0xEB,0x5A,0xAA,0x52,0x8A,0x4A,0x08,0x3A,0xC7,0x31,0xC7,0x31,0xC7,0x31,0xC7,0x31,
    0xC7,0x31,0xC7,0x31,0xC7,0x31,0xC7,0x31,0xC7,0x31,0xC7,0x31,0xC7,0x31,0xC7,0x31,
    0xC7,0x31,0xC7,0x31,0xC7,0x31,0xC7,0x31,0xC7,0x31,0xC7,0x31,0xC7,0x31,0xC7,0x31,
    0xC7,0x31,0xC7,0x31,0xC7,0x31,0xC7,0x31,0xC7,0x31,0xC7,0x31,0xC7,0x31,0xC7,0x31,
    0xC7,0x31,0xC7,0x31,0xC7,0x31,0xC7,0x31,0xC7,0x31,0xC7,0x31,0xC7,0x31,0xC7,0x31,
    0xC7,0x31,0xC7,0x31,0xC7,0x31,0xC7,0x31,0xC7,0x31,0x6A,0x42,0xAF,0x73,0x4D,0x63,
    0xEB,0x5A,0x0C,0x63,0x8A,0x4A,0xC7,0x31,0xC7,0x31,0xC7,0x31,0xC7,0x31,0xC7,0x31,
    0xC7,0x31,0xC7,0x31,0xC7,0x31,0xC7,0x31,0xC7,0x31,0xC7,0x31,0xC7,0x31,0xC7,0x31,
    0xC7,0x31,0xC7,0x31,0xC7,0x31,0xC7,0x31,0xC7,0x31,0xC7,0x31,0xC7,0x31,0xC7,0x31,
    0xC7,0x31,0xC7,0x31,0xC7,0x31,0xC7,0x31,0xC7,0x31,0xC7,0x31,0xC7,0x31,0xC7,0x31,
    0xC7,0x31,0xC7,0x31,0xC7,0x31,0x6A,0x4A,0x3C,0xE7,0x7D,0xEF,0x4D,0x63,0xC7,0x31,
    0xC7,0x31,0xC7,0x31,0xC7,0x31,0xC7,0x31,0xC7,0x31,0xC7,0x31,0xC7,0x31,0xC7,0x31,
    0xC7,0x31,0xC7,0x31,0xC7,0x31,0xC7,0x31,0xC7,0x31,0xC7,0x31,0xC7,0x31,0xC7,0x31,
    0xC7,0x31,0xC7,0x31,0xC7,0x31,0xC7,0x31,0xC7,0x31,0xC7,0x31,0xC7,0x31,0xC7,0x31,
    0xC7,0x31,0xC7,0x31,0xC7,0x31,0xC7,0x31,0xC7,0x31,0xC7,0x31,0xC7,0x31,0xC7,0x31,
    0xC7,0x31,0xC7,0x31,0xC7,0x31,0xC7,0x31,0xC7,0x31,0xC7,0x31,0x29,0x42,0x2D,0x63,
    0xEB,0x5A,0xAA,0x52,0xAA,0x52,0x29,0x42,0xC7,0x31,0xC7,0x31,0xC7,0x31,0xC7,0x31,
    0xC7,0x31,0xC7,0x31,0xC7,0x31,0xC7,0x31,0xC7,0x31,0xC7,0x31,0xC7,0x31,0xC7,0x31,
    0xC7,0x31,0xC7,0x31,0xC7,0x31,0xC7,0x31,0xC7,0x31,0xC7,0x31,0xC7,0x31,0xC7,0x31,
    0xC7,0x31,0xC7,0x31,0xC7,0x31,0xC7,0x31,0xC7,0x31,0xC7,0x31,0xC7,0x31,0xC7,0x31,
    0xC7,0x31,0xC7,0x31,0xC7,0x31,0xC7,0x31,0xC7,0x31,0xC7,0x31,0xC7,0x31,0xC7,0x31,
    0xC7,0x31,0xC7,0x31,0xC7,0x31,0xC7,0x31,0x09,0x3A,0x6E,0x6B,0x4C,0x6B,0xCB,0x5A,
    0xEB,0x5A,0xCB,0x5A,0x09,0x3A,0xC7,0x31,0xC7,0x31,0xC7,0x31,0xC7,0x31,0xC7,0x31,
    0xC7,0x31,0xC7,0x31,0xC7,0x31,0xC7,0x31,0xC7,0x31,0xC7,0x31,0xC7,0x31,0xC7,0x31,
    0xC7,0x31,0xC7,0x31,0xC7,0x31,0xC7,0x31,0xC7,0x31,0xC7,0x31,0xC7,0x31,0xC7,0x31,
    0xC7,0x31,0xC7,0x31,0xC7,0x31,0xC7,0x31,0xC7,0x31,0xC7,0x31,0xC7,0x31,0xC7,0x31,
    0xC7,0x31,0xC7,0x31,0xC7,0x31,0xE8,0x31,0x7A,0xD6,0xFF,0xFF,0x96,0xAD,0xC7,0x31,
    0xC7,0x31,0xC7,0x31,0xC7,0x31,0xC7,0x31,0xC7,0x31,0xC7,0x31,0xC7,0x31,0xC7,0x31,
    0xC7,0x31,0xC7,0x31,0xC7,0x31,0xC7,0x31,0xC7,0x31,0xC7,0x31,0xC7,0x31,0xC7,0x31,
    0xC7,0x31,0xC7,0x31,0xC7,0x31,0xC7,0x31,0xC7,0x31,0xC7,0x31,0xC7,0x31,0xC7,0x31,
    0xC7,0x31,0xC7,0x31,0xC7,0x31,0xC7,0x31,0xC7,0x31,0xC7,0x31,0xC7,0x31,0xC7,0x31,
    0xC7,0x31,0xC7,0x31,0xC7,0x31,0xC7,0x31,0xC7,0x31,0xC7,0x31,0x29,0x3A,0x4D,0x63,
    0xEB,0x62,0xAA,0x52,0x8A,0x52,0x49,0x42,0xC7,0x31,0xC7,0x31,0xC7,0x31,0xC7,0x31,
    0xC7,0x31,0xC7,0x31,0xC7,0x31,0xC7,0x31,0xC7,0x31,0xC7,0x31,0xC7,0x31,0xC7,0x31,
    0xC7,0x31,0xC7,0x31,0xC7,0x31,0xC7,0x31,0xC7,0x31,0xC7,0x31,0xC7,0x31,0xC7,0x31,
    0xC7,0x31,0xC7,0x31,0xC7,0x31,0xC7,0x31,0xC7,0x31,0xC7,0x31,0xC7,0x31,0xC7,0x31,
    0xC7,0x31,0xC7,0x31,0xC7,0x31,0xC7,0x31,0xC7,0x31,0xC7,0x31,0xC7,0x31,0xC7,0x31,
    0xC7,0x31,0xC7,0x31,0xC7,0x31,0x29,0x3A,0x2D,0x63,0x4D,0x63,0xCB,0x5A,0xCB,0x5A,
    0x0B,0x63,0xAA,0x52,0xC7,0x31,0xC7,0x31,0xC7,0x31,0xC7,0x31,0xC7,0x31,0xC7,0x31,
    0xC7,0x31,0xC7,0x31,0xC7,0x31,0xC7,0x31,0xC7,0x31,0xC7,0x31,0xC7,0x31,0xC7,0x31,
    0xC7,0x31,0xC7,0x31,0xC7,0x31,0xC7,0x31,0xC7,0x31,0xC7,0x31,0xC7,0x31,0xC7,0x31,
    0xC7,0x31,0xC7,0x31,0xC7,0x31,0xC7,0x31,0xC7,0x31,0xC7,0x31,0xC7,0x31,0xC7,0x31,
    0xC7,0x31,0xC7,0x31,0xC7,0x31,0xC7,0x31,0xD3,0x9C,0x5D,0xEF,0x1C,0xE7,0x8A,0x4A,
    0xC7,0x31,0xC7,0x31,0xC7,0x31,0xC7,0x31,0xC7,0x31,0xC7,0x31,0xC7,0x31,0xC7,0x31,
    0xC7,0x31,0xC7,0x31,0xC7,0x31,0xC7,0x31,0xC7,0x31,0xC7,0x31,0xC7,0x31,0xC7,0x31,
    0xC7,0x31,0xC7,0x31,0xC7,0x31,0xC7,0x31,0xC7,0x31,0xC7,0x31,0xC7,0x31,0xC7,0x31,
    0xC7,0x31,0xC7,0x31,0xC7,0x31,0xC7,0x31,0xC7,0x31,0xC7,0x31,0xC7,0x31,0xC7,0x31,
    0xC7,0x31,0xC7,0x31,0xC7,0x31,0xC7,0x31,0xC7,0x31,0xC7,0x31,0xE8,0x31,0x2D,0x63,
    0x0B,0x63,0x8A,0x52,0x69,0x4A,0x49,0x4A,0x08,0x3A,0xC7,0x31,0xC7,0x31,0xC7,0x31,
    0xC7,0x31,0xC7,0x31,0xC7,0x31,0xC7,0x31,0xC7,0x31,0xC7,0x31,0xC7,0x31,0xC7,0x31,
    0xC7,0x31,0xC7,0x31,0xC7,0x31,0xC7,0x31,0xC7,0x31,0xC7,0x31,0xC7,0x31,0xC7,0x31,
    0xC7,0x31,0xC7,0x31,0xC7,0x31,0xC7,0x31,0xC7,0x31,0xC7,0x31,0xC7,0x31,0xC7,0x31,
    0xC7,0x31,0xC7,0x31,0xC7,0x31,0xC7,0x31,0xC7,0x31,0xC7,0x31,0xC7,0x31,0xC7,0x31,
    0xC7,0x31,0xC7,0x31,0x49,0x42,0x4D,0x63,0x2D,0x63,0xCB,0x5A,0xCB,0x5A,0xCB,0x5A,
    0xEB,0x5A,0x49,0x42,0xC7,0x31,0xC7,0x31,0xC7,0x31,0xC7,0x31,0xC7,0x31,0xC7,0x31,
    0xC7,0x31,0xC7,0x31,0xC7,0x31,0xC7,0x31,0xC7,0x31,0xC7,0x31,0xC7,0x31,0xC7,0x31,
    0xC7,0x31,0xC7,0x31,0xC7,0x31,0xC7,0x31,0xC7,0x31,0xC7,0x31,0xC7,0x31,0xC7,0x31,
    0xC7,0x31,0xC7,0x31,0xC7,0x31,0xC7,0x31,0xC7,0x31,0xC7,0x31,0xC7,0x31,0xC7,0x31,
    0xC7,0x31,0xC7,0x31,0xC7,0x31,0xC7,0x31,0x29,0x3A,0xB2,0x94,0xFF,0xFF,0x55,0xAD,
    0xC7,0x31,0xC7,0x31,0xC7,0x31,0xC7,0x31,0xC7,0x31,0xC7,0x31,0xC7,0x31,0xC7,0x31,
    0xC7,0x31,0xC7,0x31,0xC7,0x31,0xC7,0x31,0xC7,0x31,0xC7,0x31,0xC7,0x31,0xC7,0x31,
    0xC7,0x31,0xC7,0x31,0xC7,0x31,0xC7,0x31,0xC7,0x31,0xC7,0x31,0xC7,0x31,0xC7,0x31,
    0xC7,0x31,0xC7,0x31,0xC7,0x31,0xC7,0x31,0xC7,0x31,0xC7,0x31,0xC7,0x31,0xC7,0x31,
    0xC7,0x31,0xC7,0x31,0xC7,0x31,0xC7,0x31,0xC7,0x31,0xC7,0x31,0xC7,0x31,0x0C,0x63,
    0x0B,0x63,0x8A,0x52,0x69,0x4A,0x69,0x4A,0x08,0x3A,0xC7,0x31,0xC7,0x31,0xC7,0x31,
    0xC7,0x31,0xC7,0x31,0xC7,0x31,0xC7,0x31,0xC7,0x31,0xC7,0x31,0xC7,0x31,0xC7,0x31,
    0xC7,0x31,0xC7,0x31,0xC7,0x31,0xC7,0x31,0xC7,0x31,0xC7,0x31,0xC7,0x31,0xC7,0x31,
    0xC7,0x31,0xC7,0x31,0xC7,0x31,0xC7,0x31,0xC7,0x31,0xC7,0x31,0xC7,0x31,0xC7,0x31,
    0xC7,0x31,0xC7,0x31,0xC7,0x31,0xC7,0x31,0xC7,0x31,0xC7,0x31,0xC7,0x31,0xC7,0x31,
    0xC7,0x31,0x29,0x42,0x2D,0x5B,0x2D,0x63,0xCB,0x5A,0xCB,0x5A,0xCB,0x5A,0x0C,0x5B,
    0xCB,0x52,0xC7,0x31,0xC7,0x31,0xC7,0x31,0xC7,0x31,0xC7,0x31,0xC7,0x31,0xC7,0x31,
    0xC7,0x31,0xC7,0x31,0xC7,0x31,0xC7,0x31,0xC7,0x31,0xC7,0x31,0xC7,0x31,0xC7,0x31,
    0xC7,0x31,0xC7,0x31,0xC7,0x31,0xC7,0x31,0xC7,0x31,0xC7,0x31,0xC7,0x31,0xC7,0x31,
    0xC7,0x31,0xC7,0x31,0xC7,0x31,0xC7,0x31,0xC7,0x31,0xC7,0x31,0xC7,0x31,0xC7,0x31,
    0xC7,0x31,0xC7,0x31,0xC7,0x31,0xC7,0x31,0xE8,0x39,0xD3,0x94,0xFF,0xFF,0x7A,0xCE,
    0xC7,0x31,0xC7,0x31,0xC7,0x31,0xC7,0x31,0xC7,0x31,0xC7,0x31,0xC7,0x31,0xC7,0x31,
    0xC7,0x31,0xC7,0x31,0xC7,0x31,0xC7,0x31,0xC7,0x31,0xC7,0x31,0xC7,0x31,0xC7,0x31,
    0xC7,0x31,0xC7,0x31,0xC7,0x31,0xC7,0x31,0xC7,0x31,0xC7,0x31,0xC7,0x31,0xC7,0x31,
    0xC7,0x31,0xC7,0x31,0xC7,0x31,0xC7,0x31,0xC7,0x31,0xC7,0x31,0xC7,0x31,0xC7,0x31,
    0xC7,0x31,0xC7,0x31,0xC7,0x31,0xC7,0x31,0xC7,0x31,0xC7,0x31,0xC7,0x31,0x2D,0x5B,
    0x2C,0x63,0x8A,0x52,0x69,0x4A,0x49,0x4A,0x09,0x3A,0xC7,0x31,0xC7,0x31,0xC7,0x31,
    0xC7,0x31,0xC7,0x31,0xC7,0x31,0xC7,0x31,0xC7,0x31,0xC7,0x31,0xC7,0x31,0xC7,0x31,
    0xC7,0x31,0xC7,0x31,0xC7,0x31,0xC7,0x31,0xC7,0x31,0xC7,0x31,0xC7,0x31,0xC7,0x31,
    0xC7,0x31,0xC7,0x31,0xC7,0x31,0xC7,0x31,0xC7,0x31,0xC7,0x31,0xC7,0x31,0xC7,0x31,
    0xC7,0x31,0xC7,0x31,0xC7,0x31,0xC7,0x31,0xC7,0x31,0xC7,0x31,0xC7,0x31,0xC7,0x31,
    0xC7,0x31,0xCB,0x52,0x2D,0x63,0xCB,0x5A,0xCB,0x5A,0xCB,0x5A,0xCB,0x5A,0x0C,0x63,
    0x49,0x42,0xC7,0x31,0xC7,0x31,0xC7,0x31,0xC7,0x31,0xC7,0x31,0xC7,0x31,0xC7,0x31,
    0xC7,0x31,0xC7,0x31,0xC7,0x31,0xC7,0x31,0xC7,0x31,0xC7,0x31,0xC7,0x31,0xC7,0x31,
    0xC7,0x31,0xC7,0x31,0xC7,0x31,0xC7,0x31,0xC7,0x31,0xC7,0x31,0xC7,0x31,0xC7,0x31,
    0xC7,0x31,0xC7,0x31,0xC7,0x31,0xC7,0x31,0xC7,0x31,0xC7,0x31,0xC7,0x31,0xC7,0x31,
    0xC7,0x31,0xC7,0x31,0xC7,0x31,0xC7,0x31,0x08,0x3A,0x55,0xAD,0x5D,0xEF,0x7D,0xEF,
    0x92,0x94,0x2D,0x63,0xC7,0x31,0xC7,0x31,0xC7,0x31,0xC7,0x31,0xC7,0x31,0xC7,0x31,
    0xC7,0x31,0xC7,0x31,0xC7,0x31,0xC7,0x31,0xC7,0x31,0xC7,0x31,0xC7,0x31,0xC7,0x31,
    0xC7,0x31,0xC7,0x31,0xC7,0x31,0xC7,0x31,0xC7,0x31,0xC7,0x31,0xC7,0x31,0xC7,0x31,
    0xC7,0x31,0xC7,0x31,0xC7,0x31,0xC7,0x31,0xC7,0x31,0xC7,0x31,0xC7,0x31,0xC7,0x31,
    0xC7,0x31,0xC7,0x31,0xC7,0x31,0xC7,0x31,0xC7,0x31,0xC7,0x31,0xC7,0x31,0xCB,0x52,
    0x2C,0x63,0x89,0x52,0x49,0x4A,0x49,0x42,0x29,0x3A,0xC7,0x31,0xC7,0x31,0xC7,0x31,
    0xC7,0x31,0xC7,0x31,0xC7,0x31,0xC7,0x31,0xC7,0x31,0xC7,0x31,0xC7,0x31,0xC7,0x31,
    0xC7,0x31,0xC7,0x31,0xC7,0x31,0xC7,0x31,0xC7,0x31,0xC7,0x31,0xC7,0x31,0xC7,0x31,
    0xC7,0x31,0xC7,0x31,0xC7,0x31,0xC7,0x31,0xC7,0x31,0xC7,0x31,0xC7,0x31,0xC7,0x31,
    0xC7,0x31,0xC7,0x31,0xC7,0x31,0xC7,0x31,0xC7,0x31,0xC7,0x31,0xC7,0x31,0xC7,0x31,
    0x49,0x42,0xCB,0x52,0xCA,0x5A,0xCB,0x5A,0xCB,0x5A,0xEB,0x5A,0x4D,0x6B,0xCB,0x52,
    0xC7,0x31,0xC7,0x31,0xC7,0x31,0xC7,0x31,0xC7,0x31,0xC7,0x31,0xC7,0x31,0xC7,0x31,
    0xC7,0x31,0xC7,0x31,0xC7,0x31,0xC7,0x31,0xC7,0x31,0xC7,0x31,0xC7,0x31,0xC7,0x31,
    0xC7,0x31,0xC7,0x31,0xC7,0x31,0xC7,0x31,0xC7,0x31,0xC7,0x31,0xC7,0x31,0xC7,0x31,
    0xC7,0x31,0xC7,0x31,0xC7,0x31,0xC7,0x31,0xC7,0x31,0xC7,0x31,0xC7,0x31,0xC7,0x31,
    0xC7,0x31,0xC7,0x31,0xC7,0x31,0xC7,0x31,0xC7,0x31,0x35,0xA5,0x9E,0xEF,0x7D,0xEF,
    0x9D,0xEF,0x5D,0xEF,0x14,0xA5,0xCF,0x73,0xF0,0x7B,0x55,0xAD,0x34,0xA5,0x51,0x8C,
    0x30,0x84,0xC7,0x31,0xC7,0x31,0xC7,0x31,0xC7,0x31,0xC7,0x31,0xC7,0x31,0xC7,0x31,
    0xC7,0x31,0xC7,0x31,0xC7,0x31,0xC7,0x31,0xC7,0x31,0xC7,0x31,0xC7,0x31,0xC7,0x31,
    0xC7,0x31,0xC7,0x31,0xC7,0x31,0xC7,0x31,0xC7,0x31,0xC7,0x31,0xC7,0x31,0xC7,0x31,
    0xC7,0x31,0xC7,0x31,0xC7,0x31,0xC7,0x31,0xC7,0x31,0xC7,0x31,0xC7,0x31,0x49,0x42,
    0x0C,0x63,0x69,0x4A,0x29,0x42,0x08,0x42,0x29,0x42,0xC7,0x31,0xC7,0x31,0xC7,0x31,
    0xC7,0x31,0xC7,0x31,0xC7,0x31,0xC7,0x31,0xC7,0x31,0xC7,0x31,0xC7,0x31,0xC7,0x31,
    0xC7,0x31,0xC7,0x31,0xC7,0x31,0xC7,0x31,0xC7,0x31,0xC7,0x31,0xC7,0x31,0xC7,0x31,
    0xC7,0x31,0xC7,0x31,0xC7,0x31,0xC7,0x31,0xC7,0x31,0xC7,0x31,0xC7,0x31,0xC7,0x31,
    0xC7,0x31,0xC7,0x31,0xC7,0x31,0xC7,0x31,0xC7,0x31,0xC7,0x31,0xC7,0x31,0xC7,0x31,
    0x6A,0x42,0xEB,0x5A,0xEB,0x5A,0xEB,0x5A,0x0C,0x63,0x8E,0x73,0x6D,0x6B,0xC7,0x31,
    0xC7,0x31,0xC7,0x31,0xC7,0x31,0xC7,0x31,0xC7,0x31,0xC7,0x31,0xC7,0x31,0xC7,0x31,
    0xC7,0x31,0xC7,0x31,0xC7,0x31,0xC7,0x31,0xC7,0x31,0xC7,0x31,0xC7,0x31,0xC7,0x31,
    0xC7,0x31,0xC7,0x31,0xC7,0x31,0xC7,0x31,0xC7,0x31,0xC7,0x31,0xC7,0x31,0xC7,0x31,
    0xC7,0x31,0xC7,0x31,0xC7,0x31,0xC7,0x31,0xC7,0x31,0xC7,0x31,0xC7,0x31,0xC7,0x31,
    0xC7,0x31,0xC7,0x31,0xC7,0x31,0xC7,0x31,0xC7,0x31,0xF3,0x9C,0xDF,0xFF,0x5D,0xEF,
    0x7D,0xEF,0x7D,0xEF,0xBE,0xF7,0x9E,0xF7,0xBE,0xF7,0xDF,0xFF,0xDF,0xFF,0x9E,0xF7,
    0xBE,0xF7,0xD7,0xBD,0x49,0x42,0xC7,0x31,0xC7,0x31,0xC7,0x31,0xC7,0x31,0xC7,0x31,
    0xC7,0x31,0xC7,0x31,0xC7,0x31,0xC7,0x31,0xC7,0x31,0xC7,0x31,0xC7,0x31,0xC7,0x31,
    0xC7,0x31,0xC7,0x31,0xC7,0x31,0xC7,0x31,0xC7,0x31,0xC7,0x31,0xC7,0x31,0xC7,0x31,
    0xC7,0x31,0xC7,0x31,0xC7,0x31,0xC7,0x31,0xC7,0x31,0xC7,0x31,0xC7,0x31,0xC7,0x31,
    0xEC,0x5A,0x69,0x4A,0x08,0x3A,0x08,0x42,0xE8,0x39,0xC7,0x31,0xC7,0x31,0xC7,0x31,
    0xC7,0x31,0xC7,0x31,0xC7,0x31,0xC7,0x31,0xC7,0x31,0xC7,0x31,0xC7,0x31,0xC7,0x31,
    0xC7,0x31,0xC7,0x31,0xC7,0x31,0xC7,0x31,0xC7,0x31,0xC7,0x31,0xC7,0x31,0xC7,0x31,
    0xC7,0x31,0xC7,0x31,0xC7,0x31,0xC7,0x31,0xC7,0x31,0xC7,0x31,0xC7,0x31,0xC7,0x31,
    0xC7,0x31,0xC7,0x31,0xC7,0x31,0xC7,0x31,0xC7,0x31,0xC7,0x31,0xC7,0x31,0xC7,0x31,
    0xE8,0x39,0xAA,0x52,0x2C,0x63,0x8E,0x73,0x4D,0x6B,0xCB,0x5A,0xE8,0x31,0xC7,0x31,
    0xC7,0x31,0xC7,0x31,0xC7,0x31,0xC7,0x31,0xC7,0x31,0xC7,0x31,0xC7,0x31,0xC7,0x31,
    0xC7,0x31,0xC7,0x31,0xC7,0x31,0xC7,0x31,0xC7,0x31,0xC7,0x31,0xC7,0x31,0xC7,0x31,
    0xC7,0x31,0xC7,0x31,0xC7,0x31,0xC7,0x31,0xC7,0x31,0xC7,0x31,0xC7,0x31,0xC7,0x31,
    0xC7,0x31,0xC7,0x31,0xC7,0x31,0xC7,0x31,0xC7,0x31,0xC7,0x31,0xC7,0x31,0xC7,0x31,
    0xC7,0x31,0xC7,0x31,0x08,0x3A,0xC7,0x31,0xC7,0x31,0x14,0x9D,0xFF,0xFF,0x5D,0xEF,
    0x5D,0xEF,0x5D,0xEF,0x5D,0xEF,0x5D,0xEF,0x5D,0xEF,0x5D,0xEF,0x3D,0xE7,0x3C,0xE7,
    0x1C,0xE7,0x9E,0xF7,0xFC,0xDE,0x51,0x8C,0xEB,0x5A,0xC7,0x31,0xC7,0x31,0xC7,0x31,
    0xC7,0x31,0xC7,0x31,0xC7,0x31,0xC7,0x31,0xC7,0x31,0xC7,0x31,0xC7,0x31,0xC7,0x31,
    0xC7,0x31,0xC7,0x31,0xC7,0x31,0xC7,0x31,0xC7,0x31,0xC7,0x31,0xC7,0x31,0xC7,0x31,
    0xC7,0x31,0xC7,0x31,0xC7,0x31,0xC7,0x31,0xC7,0x31,0xC7,0x31,0xC7,0x31,0xC7,0x31,
    0xAB,0x52,0x69,0x4A,0x86,0x31,0xE8,0x41,0xE8,0x39,0xC7,0x31,0xC7,0x31,0xC7,0x31,
    0xC7,0x31,0xC7,0x31,0xC7,0x31,0xC7,0x31,0xC7,0x31,0xC7,0x31,0xC7,0x31,0xC7,0x31,
    0xC7,0x31,0xC7,0x31,0xC7,0x31,0xC7,0x31,0xC7,0x31,0xC7,0x31,0xC7,0x31,0xC7,0x31,
    0xC7,0x31,0xC7,0x31,0xC7,0x31,0xC7,0x31,0xC7,0x31,0xC7,0x31,0xC7,0x31,0xC7,0x31,
    0xC7,0x31,0xC7,0x31,0xC7,0x31,0xC7,0x31,0xC7,0x31,0xC7,0x31,0xC7,0x31,0x0D,0x5B,
    0x6E,0x6B,0x08,0x42,0xAB,0x52,0xAB,0x52,0x29,0x42,0xC7,0x31,0xC7,0x31,0xC7,0x31,
    0xC7,0x31,0xC7,0x31,0xC7,0x31,0xC7,0x31,0xC7,0x31,0xC7,0x31,0xC7,0x31,0xC7,0x31,
    0xC7,0x31,0xC7,0x31,0xC7,0x31,0xC7,0x31,0xC7,0x31,0xC7,0x31,0xC7,0x31,0xC7,0x31,
    0xC7,0x31,0xC7,0x31,0xC7,0x31,0xC7,0x31,0xC7,0x31,0xC7,0x31,0xC7,0x31,0xC7,0x31,
    0xC7,0x31,0xC7,0x31,0xC7,0x31,0xC7,0x31,0xC7,0x31,0xC7,0x31,0xC7,0x31,0xC7,0x31,
    0xC7,0x31,0xC7,0x31,0xC8,0x31,0xF0,0x7B,0xF7,0xBD,0x5D,0xEF,0x9D,0xEF,0x5D,0xEF,
    0x5D,0xEF,0x5D,0xEF,0x5D,0xEF,0x5D,0xEF,0x5D,0xEF,0x5D,0xEF,0x5D,0xEF,0x5D,0xEF,
    0x3C,0xE7,0x3D,0xE7,0x9E,0xF7,0x3C,0xE7,0x7D,0xEF,0x9A,0xD6,0x2C,0x63,0xC7,0x31,
    0xC7,0x31,0xC7,0x31,0xC7,0x31,0xC7,0x31,0xC7,0x31,0xC7,0x31,0xC7,0x31,0xC7,0x31,
    0xC7,0x31,0xC7,0x31,0xC7,0x31,0xC7,0x31,0xC7,0x31,0xC7,0x31,0xC7,0x31,0xC7,0x31,
    0xC7,0x31,0xC7,0x31,0xC7,0x31,0xC7,0x31,0xC7,0x31,0xC7,0x31,0xC7,0x31,0xC7,0x31,
    0x49,0x42,0x10,0x7C,0xEF,0x7B,0x8A,0x52,0xC7,0x31,0xC7,0x31,0xC7,0x31,0xC7,0x31,
    0xC7,0x31,0xC7,0x31,0xC7,0x31,0xC7,0x31,0xC7,0x31,0xC7,0x31,0xC7,0x31,0xC7,0x31,
    0xC7,0x31,0xC7,0x31,0xC7,0x31,0xC7,0x31,0xC7,0x31,0xC7,0x31,0xC7,0x31,0xC7,0x31,
    0xC7,0x31,0xC7,0x31,0xC7,0x31,0xC7,0x31,0xC7,0x31,0xC7,0x31,0xC7,0x31,0xC7,0x31,
    0xC7,0x31,0xC7,0x31,0xC7,0x31,0xC7,0x31,0xC7,0x31,0xC7,0x31,0xC7,0x31,0x4A,0x42,
    0xA7,0x31,0x08,0x3A,0xAB,0x52,0xC7,0x31,0xC7,0x31,0xC7,0x31,0xC7,0x31,0xC7,0x31,
    0xC7,0x31,0xC7,0x31,0xC7,0x31,0xC7,0x31,0xC7,0x31,0xC7,0x31,0xC7,0x31,0xC7,0x31,
    0xC7,0x31,0xC7,0x31,0xC7,0x31,0xC7,0x31,0xC7,0x31,0xC7,0x31,0xC7,0x31,0xC7,0x31,
    0xC7,0x31,0xC7,0x31,0xC7,0x31,0xC7,0x31,0xC7,0x31,0xC7,0x31,0xC7,0x31,0xC7,0x31,
    0xC7,0x31,0xC7,0x31,0xC7,0x31,0xC7,0x31,0xC7,0x31,0xC7,0x31,0xC7,0x31,0xC7,0x31,
    0x28,0x3A,0xB6,0xB5,0x79,0xCE,0x9E,0xF7,0xFF,0xFF,0x9D,0xF7,0x5D,0xEF,0x5D,0xEF,
    0x5D,0xEF,0x5D,0xEF,0x5D,0xEF,0x5D,0xEF,0x5D,0xEF,0x5D,0xEF,0x5D,0xEF,0x5D,0xEF,
    0x5D,0xEF,0x5D,0xEF,0x5D,0xEF,0x5D,0xEF,0x5D,0xEF,0xDF,0xFF,0x1C,0xE7,0x18,0xC6,
    0x71,0x8C,0xC7,0x31,0xC7,0x31,0xC7,0x31,0xC7,0x31,0xC7,0x31,0xC7,0x31,0xC7,0x31,
    0xC7,0x31,0xC7,0x31,0xC7,0x31,0xC7,0x31,0xC7,0x31,0xC7,0x31,0xC7,0x31,0xC7,0x31,
    0xC7,0x31,0xC7,0x31,0xC7,0x31,0xC7,0x31,0xC7,0x31,0xC7,0x31,0xC7,0x31,0xC7,0x31,
    0x69,0x4A,0xEF,0x7B,0xB6,0xB5,0xEF,0x7B,0xC7,0x31,0xC7,0x31,0xC7,0x31,0xC7,0x31,
    0xC7,0x31,0xC7,0x31,0xC7,0x31,0xC7,0x31,0xC7,0x31,0xC7,0x31,0xC7,0x31,0xC7,0x31,
    0xC7,0x31,0xC7,0x31,0xC7,0x31,0xC7,0x31,0xC7,0x31,0xC7,0x31,0xC7,0x31,0xC7,0x31,
    0xC7,0x31,0xC7,0x31,0xC7,0x31,0xC7,0x31,0xC7,0x31,0xC7,0x31,0xC7,0x31,0xC7,0x31,
    0xC7,0x31,0xC7,0x31,0xC7,0x31,0xC7,0x31,0xC7,0x31,0x6A,0x4A,0xAF,0x73,0x08,0x3A,
    0xE3,0x18,0xC3,0x18,0xCF,0x7B,0x8A,0x4A,0xC7,0x31,0xC7,0x31,0xC7,0x31,0xC7,0x31,
    0xC7,0x31,0xC7,0x31,0xC7,0x31,0xC7,0x31,0xC7,0x31,0xC7,0x31,0xC7,0x31,0xC7,0x31,
    0xC7,0x31,0xC7,0x31,0xC7,0x31,0xC7,0x31,0xC7,0x31,0xC7,0x31,0xC7,0x31,0xC7,0x31,
    0xC7,0x31,0xC7,0x31,0xC7,0x31,0xC7,0x31,0xC7,0x31,0xC7,0x31,0xC7,0x31,0xC7,0x31,
    0xC7,0x31,0xC7,0x31,0xC7,0x31,0xC7,0x31,0x8A,0x4A,0x55,0xAD,0xDA,0xD6,0x9A,0xD6,
    0xDA,0xD6,0xFF,0xFF,0xFF,0xFF,0x7D,0xEF,0x5D,0xEF,0x5D,0xEF,0x5D,0xEF,0x5D,0xEF,
    0x5D,0xEF,0x5D,0xEF,0x5D,0xEF,0x5D,0xEF,0x5D,0xEF,0x5D,0xEF,0x5D,0xEF,0x5D,0xEF,
    0x5D,0xEF,0x1C,0xE7,0xFB,0xDE,0xFB,0xDE,0xFC,0xDE,0xF8,0xBD,0x92,0x94,0x6D,0x6B,
    0x8A,0x52,0x10,0x84,0x6E,0x6B,0xC7,0x31,0xC7,0x31,0xC7,0x31,0xC7,0x31,0xC7,0x31,
    0xC7,0x31,0xC7,0x31,0xC7,0x31,0xC7,0x31,0xC7,0x31,0xC7,0x31,0xC7,0x31,0xC7,0x31,
    0xC7,0x31,0xC7,0x31,0xC7,0x31,0xC7,0x31,0xC7,0x31,0xC7,0x31,0xC7,0x31,0xC7,0x31,
    0x65,0x29,0xC2,0x18,0x04,0x21,0x86,0x31,0x49,0x42,0xC7,0x31,0xC7,0x31,0xC7,0x31,
    0xC7,0x31,0xC7,0x31,0xC7,0x31,0xC7,0x31,0xC7,0x31,0xC7,0x31,0xC7,0x31,0xC7,0x31,
    0xC7,0x31,0xC7,0x31,0xC7,0x31,0xC7,0x31,0xC7,0x31,0xC7,0x31,0xC7,0x31,0xC7,0x31,
    0xC7,0x31,0xC7,0x31,0xC7,0x31,0xC7,0x31,0xC7,0x31,0xC7,0x31,0xC7,0x31,0xC7,0x31,
    0xC7,0x31,0xC7,0x31,0xC7,0x31,0xC7,0x31,0xC7,0x31,0x69,0x42,0xAB,0x52,0x65,0x29,
    0xA6,0x39,0x8A,0x5A,0x1C,0xE7,0xF0,0x73,0xC7,0x31,0xC7,0x31,0xC7,0x31,0xC7,0x31,
    0xC7,0x31,0xC7,0x31,0xC7,0x31,0xC7,0x31,0xC7,0x31,0xC7,0x31,0xC7,0x31,0xC7,0x31,
    0xC7,0x31,0xC7,0x31,0xC7,0x31,0xC7,0x31,0xC7,0x31,0xC7,0x31,0xC7,0x31,0xC7,0x31,
    0xC7,0x31,0xC7,0x31,0xEB,0x5A,0x30,0x84,0x10,0x7C,0x08,0x3A,0xC7,0x31,0xC7,0x31,
    0xC7,0x31,0xC7,0x31,0xB2,0x94,0x79,0xCE,0x9A,0xD6,0xFF,0xFF,0xFF,0xFF,0xDF,0xFF,
    0xDF,0xFF,0x7D,0xEF,0x7D,0xEF,0x5D,0xEF,0x5D,0xEF,0x5D,0xEF,0x5D,0xEF,0x5D,0xEF,
    0x5D,0xEF,0x5D,0xEF,0x5D,0xEF,0x5D,0xEF,0x5D,0xEF,0x5D,0xEF,0x3C,0xE7,0xFB,0xDE,
    0xDB,0xDE,0xBA,0xD6,0xFB,0xDE,0xF7,0xBD,0x6A,0x4A,0x45,0x29,0x04,0x21,0x28,0x42,
    0x92,0x8C,0x7D,0xEF,0xDB,0xDE,0x6A,0x4A,0xC7,0x31,0xC7,0x31,0xC7,0x31,0xC7,0x31,
    0xC7,0x31,0xC7,0x31,0xC7,0x31,0xC7,0x31,0xC7,0x31,0xC7,0x31,0xC7,0x31,0xC7,0x31,
    0xC7,0x31,0xC7,0x31,0xC7,0x31,0xC7,0x31,0xC7,0x31,0xC7,0x31,0xC7,0x31,0x28,0x42,
    0x03,0x29,0x6D,0x73,0x38,0xCE,0x2C,0x6B,0xA6,0x31,0x09,0x3A,0xC7,0x31,0xC7,0x31,
    0xC7,0x31,0xC7,0x31,0xC7,0x31,0xC7,0x31,0xC7,0x31,0xC7,0x31,0xC7,0x31,0xC7,0x31,
    0xC7,0x31,0xC7,0x31,0xC7,0x31,0xC7,0x31,0xC7,0x31,0xC7,0x31,0xC7,0x31,0xC7,0x31,
    0xC7,0x31,0xC7,0x31,0xC7,0x31,0xC7,0x31,0xC7,0x31,0xC7,0x31,0xC7,0x31,0xC7,0x31,
    0xC7,0x31,0xC7,0x31,0xC7,0x31,0xC7,0x31,0xAB,0x52,0x6D,0x6B,0xA6,0x31,0xE7,0x39,
    0x34,0xAD,0x17,0xC6,0x59,0xCE,0x93,0x8C,0xC7,0x31,0xC7,0x31,0xC7,0x31,0xC7,0x31,
    0xC7,0x31,0xC7,0x31,0xC7,0x31,0xC7,0x31,0xC7,0x31,0xC7,0x31,0xC7,0x31,0xC7,0x31,
    0xC7,0x31,0xC7,0x31,0xC7,0x31,0xC7,0x31,0xC7,0x31,0xC7,0x31,0xC7,0x31,0xC7,0x31,
    0xC7,0x31,0x49,0x42,0xFB,0xDE,0xFF,0xFF,0x9E,0xEF,0x79,0xCE,0x38,0xCE,0xB6,0xBD,
    0xF3,0x9C,0x34,0xA5,0x9E,0xF7,0xFF,0xFF,0xDF,0xFF,0x7D,0xEF,0x7D,0xEF,0x7D,0xEF,
    0x7D,0xEF,0x7D,0xEF,0x7D,0xEF,0x5D,0xEF,0x5D,0xEF,0x5D,0xEF,0x5D,0xEF,0x5D,0xEF,
    0x5D,0xEF,0x5D,0xEF,0x5D,0xEF,0x5D,0xEF,0x3C,0xE7,0xFB,0xDE,0xBA,0xD6,0xBA,0xD6,
    0xBA,0xD6,0x9A,0xD6,0xBA,0xD6,0x79,0xCE,0xAA,0x52,0x24,0x21,0x0C,0x63,0x18,0xC6,
    0x5C,0xEF,0x7D,0xEF,0xFF,0xFF,0x96,0xAD,0xC7,0x31,0xC7,0x31,0xC7,0x31,0xC7,0x31,
    0xC7,0x31,0xC7,0x31,0xC7,0x31,0xC7,0x31,0xC7,0x31,0xC7,0x31,0xC7,0x31,0xC7,0x31,
    0xC7,0x31,0xC7,0x31,0xC7,0x31,0xC7,0x31,0xC7,0x31,0xC7,0x31,0xF0,0x73,0x9A,0xD6,
    0x6C,0x73,0x27,0x42,0x69,0x4A,0x28,0x4A,0x91,0x94,0x31,0x84,0xC7,0x31,0xC7,0x31,
    0xC7,0x31,0xC7,0x31,0xC7,0x31,0xC7,0x31,0xC7,0x31,0xC7,0x31,0xC7,0x31,0xC7,0x31,
    0xC7,0x31,0xC7,0x31,0xC7,0x31,0xC7,0x31,0xC7,0x31,0xC7,0x31,0xC7,0x31,0xC7,0x31,
    0xC7,0x31,0xC7,0x31,0xC7,0x31,0xC7,0x31,0xC7,0x31,0xC7,0x31,0xC7,0x31,0xC7,0x31,
    0xC7,0x31,0xC7,0x31,0xC7,0x31,0x0C,0x5B,0x4E,0x63,0x30,0x84,0x38,0xC6,0xDB,0xDE,
    0x1C,0xE7,0x54,0xAD,0xB6,0xB5,0x18,0xC6,0x0C,0x5B,0x49,0x42,0xC7,0x31,0xC7,0x31,
    0xC7,0x31,0xC7,0x31,0xC7,0x31,0xC7,0x31,0xC7,0x31,0xC7,0x31,0xC7,0x31,0xC7,0x31,
    0xC7,0x31,0xC7,0x31,0xC7,0x31,0xC7,0x31,0xC7,0x31,0xC7,0x31,0xC7,0x31,0x29,0x42,
    0x14,0xA5,0x3C,0xE7,0xDF,0xFF,0x7D,0xF7,0x7D,0xEF,0x9E,0xF7,0xBE,0xF7,0xDE,0xFF,
    0xDF,0xFF,0xFF,0xFF,0x9E,0xF7,0x7D,0xEF,0x7D,0xEF,0x7D,0xEF,0x7D,0xEF,0x7D,0xEF,
    0x7D,0xEF,0x7D,0xEF,0x7D,0xEF,0x5D,0xEF,0x5D,0xEF,0x5D,0xEF,0x5D,0xEF,0x5D,0xEF,
    0x5D,0xEF,0x7D,0xEF,0x3C,0xE7,0xDB,0xDE,0xBA,0xD6,0x9A,0xD6,0x9A,0xD6,0x9A,0xD6,
    0x9A,0xD6,0x9A,0xD6,0x9A,0xD6,0xDB,0xDE,0x1C,0xE7,0x38,0xC6,0xDB,0xDE,0x7D,0xEF,
    0x5D,0xEF,0x3C,0xE7,0x7D,0xEF,0x9D,0xF7,0x92,0x94,0xC7,0x31,0xC7,0x31,0xC7,0x31,
    0xC7,0x31,0xC7,0x31,0xC7,0x31,0xC7,0x31,0xC7,0x31,0xC7,0x31,0x49,0x42,0x49,0x42,
    0x49,0x42,0x49,0x42,0xCB,0x52,0x0C,0x5B,0x8A,0x4A,0xF0,0x7B,0x96,0xAD,0x75,0xAD,
    0xFB,0xDE,0xAA,0x52,0x85,0x31,0x28,0x42,0xF3,0x9C,0xCB,0x52,0xC7,0x31,0xC7,0x31,
    0xC7,0x31,0xC7,0x31,0xC7,0x31,0xC7,0x31,0xC7,0x31,0xC7,0x31,0xC7,0x31,0xC7,0x31,
    0xC7,0x31,0xC7,0x31,0xC7,0x31,0xC7,0x31,0xC7,0x31,0xC7,0x31,0xC7,0x31,0xC7,0x31,
    0xC7,0x31,0xC7,0x31,0xC7,0x31,0xC7,0x31,0xC7,0x31,0xC7,0x31,0xC7,0x31,0xC7,0x31,
    0xC7,0x31,0xC7,0x31,0x0C,0x5B,0xAF,0x73,0x6D,0x63,0x14,0xA5,0x18,0xC6,0xF7,0xBD,
    0x96,0xB5,0x75,0xAD,0x9A,0xD6,0x3C,0xE7,0xBA,0xD6,0xBA,0xD6,0x79,0xCE,0xDB,0xDE,
    0xD7,0xB5,0x8E,0x73,0x8E,0x6B,0xCB,0x5A,0xEB,0x5A,0xC7,0x31,0xC7,0x31,0xC7,0x31,
    0xC7,0x31,0xC7,0x31,0xC7,0x31,0xC7,0x31,0xC7,0x31,0x2D,0x5B,0x69,0x4A,0x18,0xC6,
    0xFF,0xFF,0xDF,0xFF,0x7D,0xEF,0x7D,0xEF,0x7D,0xEF,0x7D,0xEF,0x5D,0xE7,0x3C,0xE7,
    0x5D,0xEF,0x7D,0xEF,0x7D,0xEF,0x7D,0xEF,0x7D,0xEF,0x7D,0xEF,0x7D,0xEF,0x7D,0xEF,
    0x7D,0xEF,0x7D,0xEF,0x7D,0xEF,0x7D,0xEF,0x5D,0xEF,0x5D,0xEF,0x5D,0xEF,0x7D,0xEF,
    0x3C,0xE7,0xDB,0xDE,0x9A,0xD6,0x9A,0xD6,0x9A,0xD6,0x79,0xCE,0x79,0xCE,0x79,0xCE,
    0x79,0xCE,0x9A,0xD6,0x9A,0xD6,0x18,0xC6,0xF7,0xBD,0xBA,0xD6,0xDB,0xDE,0xDB,0xDE,
    0xFB,0xDE,0x3C,0xE7,0x1C,0xE7,0xB7,0xB5,0xD3,0x9C,0x52,0x8C,0xE8,0x31,0xC7,0x31,
    0xC7,0x31,0x8E,0x6B,0xCF,0x73,0xAE,0x73,0xAE,0x73,0xB2,0x94,0x1C,0xE7,0xFB,0xDE,
    0xDB,0xDE,0xBA,0xD6,0xDB,0xDE,0xBB,0xD6,0x79,0xCE,0xBA,0xD6,0x18,0xC6,0x30,0x84,
    0x50,0x8C,0x28,0x42,0x48,0x4A,0x8A,0x52,0xCB,0x5A,0x29,0x42,0xC7,0x31,0xC7,0x31,
    0xC7,0x31,0xC7,0x31,0xC7,0x31,0xC7,0x31,0xC7,0x31,0xC7,0x31,0xC7,0x31,0xC7,0x31,
    0xC7,0x31,0xC7,0x31,0xC7,0x31,0xC7,0x31,0xC7,0x31,0xC7,0x31,0xC7,0x31,0xC7,0x31,
    0xC7,0x31,0xC7,0x31,0xC7,0x31,0xC7,0x31,0xC7,0x31,0xC7,0x31,0xC7,0x31,0xC7,0x31,
    0x29,0x42,0x0D,0x5B,0x8E,0x6B,0x0C,0x5B,0xF0,0x7B,0x92,0x94,0xF0,0x7B,0x30,0x84,
    0xB2,0x94,0xB6,0xB5,0x38,0xC6,0x59,0xCE,0x9A,0xD6,0xBA,0xD6,0xFB,0xDE,0x1C,0xE7,
    0x1C,0xE7,0xDB,0xDE,0xDB,0xDE,0xBA,0xD6,0x1C,0xE7,0x14,0xA5,0xF0,0x7B,0x2D,0x63,
    0x28,0x3A,0x49,0x42,0x0C,0x5B,0x4D,0x63,0xEF,0x7B,0xCB,0x52,0x65,0x29,0x28,0x42,
    0xBA,0xD6,0x5D,0xEF,0x1C,0xE7,0x1C,0xE7,0x5D,0xEF,0x7D,0xEF,0x7D,0xEF,0x5D,0xEF,
    0x5D,0xEF,0x5D,0xEF,0x7D,0xEF,0x9E,0xF7,0x7D,0xEF,0x7D,0xEF,0x7D,0xEF,0x7D,0xEF,
    0x7D,0xEF,0x7D,0xEF,0x7D,0xEF,0x7D,0xEF,0x7D,0xEF,0x7D,0xEF,0x5D,0xEF,0xDB,0xDE,
    0x79,0xCE,0x79,0xCE,0x79,0xCE,0x79,0xCE,0x79,0xCE,0x79,0xCE,0x79,0xCE,0x79,0xCE,
    0x79,0xCE,0x18,0xC6,0x55,0xAD,0x92,0x94,0x92,0x94,0xB2,0x94,0x14,0xA5,0x96,0xB5,
    0xF7,0xBD,0xF7,0xBD,0x14,0xA5,0x71,0x8C,0x9A,0xD6,0xBF,0xF7,0x18,0xBE,0xF8,0xBD,
    0x39,0xC6,0xDB,0xD6,0xFB,0xDE,0xDA,0xD6,0xBA,0xD6,0xBA,0xD6,0xBA,0xD6,0x9A,0xD6,
    0x99,0xD6,0x79,0xCE,0x38,0xC6,0x18,0xC6,0x38,0xC6,0x18,0xC6,0x18,0xC6,0x96,0xB5,
    0xAA,0x52,0x28,0x42,0x68,0x4A,0x89,0x52,0x4D,0x6B,0xAB,0x4A,0xC7,0x31,0xC7,0x31,
    0xC7,0x31,0xC7,0x31,0xC7,0x31,0xC7,0x31,0xC7,0x31,0xC7,0x31,0xC7,0x31,0xC7,0x31,
    0xC7,0x31,0xC7,0x31,0xC7,0x31,0xC7,0x31,0xC7,0x31,0xC7,0x31,0xC7,0x31,0xC7,0x31,
    0xC7,0x31,0xC7,0x31,0xC7,0x31,0xC7,0x31,0xC7,0x31,0xC7,0x31,0xC7,0x31,0xE8,0x31,
    0x2D,0x63,0x8E,0x6B,0x2D,0x63,0x8A,0x4A,0xCB,0x52,0x31,0x84,0x31,0x84,0x30,0x84,
    0x92,0x8C,0xD3,0x9C,0x34,0xA5,0xD7,0xBD,0x99,0xCE,0xBA,0xD6,0x9A,0xD6,0x79,0xD6,
    0x79,0xCE,0x7A,0xCE,0x7A,0xCE,0x9A,0xD6,0xBA,0xD6,0xDB,0xD6,0xDB,0xDE,0x79,0xCE,
    0x38,0xC6,0x59,0xCE,0xBA,0xD6,0xFB,0xDE,0x59,0xCE,0x07,0x42,0x69,0x4A,0xC7,0x31,
    0xEB,0x5A,0xFB,0xDE,0x79,0xCE,0x79,0xCE,0x9A,0xD6,0xDB,0xDE,0x3C,0xE7,0x9E,0xF7,
    0x7D,0xEF,0x7D,0xEF,0x5D,0xEF,0x5D,0xEF,0x7D,0xEF,0x9E,0xF7,0x7D,0xEF,0x7D,0xEF,
    0x7D,0xEF,0x7D,0xEF,0x7D,0xEF,0x9E,0xF7,0x3C,0xE7,0xDB,0xDE,0x79,0xCE,0x59,0xCE,
    0x79,0xCE,0x79,0xCE,0x79,0xCE,0x79,0xCE,0x59,0xCE,0x59,0xCE,0x59,0xCE,0x18,0xC6,
    0x75,0xAD,0xD3,0x9C,0x92,0x94,0xB2,0x94,0x6D,0x6B,0x61,0x08,0xA2,0x10,0x86,0x31,
    0x6D,0x6B,0xB2,0x94,0x71,0x8C,0x55,0xAD,0x38,0xC6,0x7A,0xCE,0xBB,0xD6,0x79,0xCE,
    0x79,0xCE,0x38,0xC6,0x18,0xC6,0x18,0xC6,0x18,0xC6,0x18,0xC6,0x17,0xBE,0xF7,0xBD,
    0xF7,0xBD,0xD7,0xB5,0xB6,0xB5,0x75,0xAD,0x55,0xA5,0x35,0xA5,0x55,0xA5,0x92,0x8C,
    0x28,0x42,0x48,0x4A,0x69,0x4A,0x8A,0x52,0x6E,0x6B,0x0C,0x5B,0xC7,0x31,0xC7,0x31,
    0xC7,0x31,0xC7,0x31,0xC7,0x31,0xC7,0x31,0xC7,0x31,0xC7,0x31,0xC7,0x31,0xC7,0x31,
    0xC7,0x31,0xC7,0x31,0xC7,0x31,0xC7,0x31,0xC7,0x31,0xC7,0x31,0xC7,0x31,0xC7,0x31,
    0xC7,0x31,0xC7,0x31,0xC7,0x31,0xC7,0x31,0xC7,0x31,0xC7,0x31,0x29,0x3A,0x2D,0x5B,
    0x4D,0x63,0x0C,0x63,0xCB,0x52,0xC7,0x31,0xC7,0x31,0x09,0x3A,0x49,0x42,0xC7,0x31,
    0xC7,0x31,0xC7,0x31,0xC7,0x31,0xCB,0x52,0x10,0x7C,0xD3,0x94,0x75,0xAD,0xD7,0xBD,
    0x18,0xC6,0x59,0xCE,0x9A,0xD6,0xBB,0xD6,0xBA,0xD6,0x9A,0xD6,0x79,0xCE,0x79,0xCE,
    0x9A,0xD6,0x9A,0xD6,0x79,0xCE,0x9A,0xD6,0x59,0xCE,0x49,0x4A,0x28,0x42,0x69,0x4A,
    0xE7,0x39,0xF7,0xBD,0x14,0xA5,0xB2,0x94,0x55,0xA5,0xD7,0xBD,0x38,0xC6,0xDB,0xDE,
    0x5D,0xEF,0x9E,0xF7,0x9E,0xF7,0x7D,0xEF,0x5D,0xEF,0x5D,0xEF,0x7D,0xEF,0x7D,0xEF,
    0x9E,0xF7,0xBE,0xF7,0x5D,0xEF,0x79,0xCE,0x38,0xC6,0x38,0xC6,0x59,0xCE,0x9A,0xD6,
    0x79,0xCE,0x79,0xCE,0x59,0xCE,0x59,0xCE,0x59,0xCE,0xF7,0xBD,0x75,0xAD,0xD3,0x9C,
    0xB2,0x94,0xB2,0x94,0xB2,0x94,0x92,0x94,0x8E,0x73,0xC7,0x39,0x65,0x29,0xC7,0x39,
    0x86,0x31,0x45,0x29,0x65,0x29,0xA6,0x31,0x8A,0x52,0x75,0xAD,0xD7,0xBD,0x75,0xAD,
    0x55,0xAD,0x55,0xA5,0x75,0xAD,0x34,0xA5,0xF3,0x9C,0xB2,0x94,0x72,0x8C,0x51,0x84,
    0xD0,0x7B,0x6E,0x6B,0x2D,0x63,0xCB,0x52,0x6A,0x42,0x29,0x3A,0xC7,0x31,0x6A,0x4A,
    0x69,0x4A,0x49,0x4A,0x69,0x4A,0xAA,0x52,0x6D,0x6B,0x4D,0x63,0xC7,0x31,0xC7,0x31,
    0xC7,0x31,0xC7,0x31,0xC7,0x31,0xC7,0x31,0xC7,0x31,0xC7,0x31,0xC7,0x31,0xC7,0x31,
    0xC7,0x31,0xC7,0x31,0xC7,0x31,0xC7,0x31,0xC7,0x31,0xC7,0x31,0xC7,0x31,0xC7,0x31,
    0xC7,0x31,0xC7,0x31,0xC7,0x31,0xC7,0x31,0xC7,0x31,0xC7,0x31,0xEC,0x5A,0x4D,0x63,
    0x0C,0x63,0xEB,0x5A,0x08,0x3A,0xC7,0x31,0xC7,0x31,0xC7,0x31,0xC7,0x31,0xC7,0x31,
    0xC7,0x31,0xC7,0x31,0xC7,0x31,0xC7,0x31,0xC7,0x31,0xC7,0x31,0xC7,0x31,0xE8,0x39,
    0xAB,0x4A,0x6E,0x6B,0x11,0x7C,0xB3,0x94,0x55,0xA5,0xB7,0xB5,0x18,0xC6,0x79,0xCE,
    0xBA,0xD6,0xBA,0xD6,0x9A,0xD6,0x79,0xCE,0x9A,0xD6,0x51,0x8C,0x86,0x31,0x65,0x29,
    0x49,0x4A,0xB2,0x94,0x0C,0x63,0x0C,0x63,0x8E,0x73,0xAE,0x73,0x10,0x84,0x14,0x9D,
    0x18,0xBE,0xDB,0xDE,0x5D,0xEF,0x9E,0xF7,0x9E,0xF7,0x9E,0xF7,0x7D,0xEF,0x9E,0xF7,
    0x9E,0xF7,0x9E,0xF7,0x5D,0xEF,0x59,0xCE,0x38,0xC6,0x79,0xCE,0x9A,0xD6,0x9A,0xD6,
    0x9A,0xD6,0x79,0xCE,0x59,0xCE,0x18,0xC6,0x75,0xAD,0xF3,0x9C,0xB2,0x94,0xD3,0x9C,
    0xD3,0x9C,0xD3,0x9C,0xB2,0x94,0x71,0x8C,0x8E,0x73,0xEB,0x5A,0xEB,0x5A,0x4D,0x6B,
    0x30,0x84,0x51,0x8C,0xD3,0x9C,0xF3,0x9C,0x71,0x8C,0x72,0x84,0xEF,0x73,0x0C,0x5B,
    0xCB,0x52,0x49,0x42,0x4A,0x42,0xE8,0x39,0xC7,0x31,0xC7,0x31,0xC7,0x31,0xC7,0x31,
    0xC7,0x31,0xC7,0x31,0xC7,0x31,0xC7,0x31,0xC7,0x31,0xC7,0x31,0xC7,0x31,0x29,0x42,
    0x69,0x4A,0x49,0x4A,0x89,0x52,0xCB,0x5A,0x4D,0x6B,0xAE,0x6B,0x09,0x3A,0xC7,0x31,
    0xC7,0x31,0xC7,0x31,0xC7,0x31,0xC7,0x31,0xC7,0x31,0xC7,0x31,0xC7,0x31,0xC7,0x31,
    0xC7,0x31,0xC7,0x31,0xC7,0x31,0xC7,0x31,0xC7,0x31,0xC7,0x31,0xC7,0x31,0xC7,0x31,
    0xC7,0x31,0xC7,0x31,0xC7,0x31,0xC7,0x31,0xC7,0x31,0x8A,0x4A,0x2D,0x63,0xEB,0x5A,
    0xEB,0x5A,0x8A,0x4A,0xC7,0x31,0xC7,0x31,0xC7,0x31,0xC7,0x31,0xC7,0x31,0xC7,0x31,
    0xC7,0x31,0xC7,0x31,0xC7,0x31,0xC7,0x31,0xC7,0x31,0xC7,0x31,0xC7,0x31,0xC7,0x31,
    0xC7,0x31,0xC7,0x31,0xC7,0x31,0xC7,0x31,0xC7,0x31,0xC7,0x31,0x8B,0x4A,0x6E,0x6B,
    0x51,0x84,0xD4,0x9C,0x76,0xAD,0xB7,0xB5,0x38,0xC6,0x79,0xCE,0x92,0x94,0x8A,0x52,
    0xAE,0x73,0x0C,0x5B,0xAA,0x52,0x8A,0x52,0x0C,0x63,0x2C,0x63,0x6D,0x6B,0xAE,0x73,
    0x50,0x84,0x34,0xA5,0x38,0xC6,0xDB,0xDE,0x5D,0xEF,0xBE,0xF7,0xBE,0xF7,0xBE,0xF7,
    0xBE,0xF7,0x7D,0xEF,0x5D,0xEF,0x3C,0xE7,0x9A,0xD6,0x9A,0xD6,0xBA,0xD6,0xDB,0xDE,
    0x9A,0xD6,0x18,0xC6,0x96,0xB5,0x14,0xA5,0xD3,0x9C,0xD3,0x9C,0xD3,0x9C,0xD3,0x9C,
    0xD3,0x9C,0xD3,0x9C,0xB2,0x94,0x71,0x8C,0x71,0x8C,0x92,0x94,0xB2,0x94,0xB2,0x94,
    0xB2,0x94,0x34,0xA5,0x55,0xA5,0x8F,0x6B,0xC7,0x31,0xC7,0x31,0xC7,0x31,0xC7,0x31,
    0xC7,0x31,0xC7,0x31,0xC7,0x31,0xC7,0x31,0xC7,0x31,0xC7,0x31,0xC7,0x31,0xC7,0x31,
    0xC7,0x31,0xC7,0x31,0xC7,0x31,0xC7,0x31,0xC7,0x31,0xC7,0x31,0xC7,0x31,0x49,0x42,
    0x69,0x4A,0x49,0x4A,0x89,0x52,0xCA,0x5A,0x4C,0x6B,0xAE,0x6B,0x29,0x42,0xC7,0x31,
    0xC7,0x31,0xC7,0x31,0xC7,0x31,0xC7,0x31,0xC7,0x31,0xC7,0x31,0xC7,0x31,0xC7,0x31,
    0xC7,0x31,0xC7,0x31,0xC7,0x31,0xC7,0x31,0xC7,0x31,0xC7,0x31,0xC7,0x31,0xC7,0x31,
    0xC7,0x31,0xC7,0x31,0xC7,0x31,0xC7,0x31,0x6A,0x4A,0x0C,0x63,0xEB,0x5A,0x2D,0x63,
    0x4D,0x63,0xC7,0x31,0xC7,0x31,0xC7,0x31,0xC7,0x31,0xC7,0x31,0xC7,0x31,0xC7,0x31,
    0xC7,0x31,0xC7,0x31,0xC7,0x31,0xC7,0x31,0xC7,0x31,0xC7,0x31,0xC7,0x31,0xC7,0x31,
    0xC7,0x31,0xC7,0x31,0xC7,0x31,0xC7,0x31,0xC7,0x31,0xC7,0x31,0xC7,0x31,0xC7,0x31,
    0xC7,0x31,0xC7,0x31,0xC7,0x31,0xC7,0x31,0xEC,0x5A,0x8E,0x6B,0xB6,0xB5,0xDB,0xDE,
    0x55,0xAD,0x51,0x8C,0x0B,0x5B,0x4D,0x63,0x51,0x8C,0xAE,0x73,0xCE,0x73,0xEF,0x7B,
    0xAE,0x73,0x2C,0x63,0x2C,0x63,0x92,0x94,0x79,0xCE,0xFF,0xFF,0xDF,0xFF,0x9E,0xF7,
    0x9E,0xF7,0x9E,0xF7,0x1C,0xE7,0xBA,0xD6,0x59,0xCE,0x38,0xC6,0xDB,0xDE,0x9A,0xD6,
    0xB6,0xB5,0x14,0xA5,0xD3,0x9C,0xD3,0x9C,0xD3,0x9C,0xD3,0x9C,0xD3,0x9C,0xD3,0x9C,
    0xD3,0x9C,0xD3,0x9C,0x92,0x94,0x92,0x94,0xD3,0x9C,0xF3,0x9C,0x14,0xA5,0x34,0xA5,
    0x75,0xAD,0x72,0x8C,0xE8,0x39,0xC7,0x31,0xC7,0x31,0xC7,0x31,0xC7,0x31,0xC7,0x31,
    0xC7,0x31,0xC7,0x31,0xC7,0x31,0xC7,0x31,0xC7,0x31,0xC7,0x31,0xC7,0x31,0xC7,0x31,
    0xC7,0x31,0xC7,0x31,0xC7,0x31,0xC7,0x31,0xC7,0x31,0xC7,0x31,0xC7,0x31,0x29,0x42,
    0x6A,0x4A,0x49,0x4A,0x89,0x52,0xCA,0x5A,0x4C,0x63,0xAF,0x73,0x49,0x42,0xC7,0x31,
    0xC7,0x31,0xC7,0x31,0xC7,0x31,0xC7,0x31,0xC7,0x31,0xC7,0x31,0xC7,0x31,0xC7,0x31,
    0xC7,0x31,0xC7,0x31,0xC7,0x31,0xC7,0x31,0xC7,0x31,0xC7,0x31,0xC7,0x31,0xC7,0x31,
    0xC7,0x31,0xC7,0x31,0xC7,0x31,0x29,0x3A,0xEC,0x5A,0xEB,0x5A,0xEB,0x5A,0x6A,0x4A,
    0xC7,0x31,0xC7,0x31,0xC7,0x31,0xC7,0x31,0xC7,0x31,0xC7,0x31,0xC7,0x31,0xC7,0x31,
    0xC7,0x31,0xC7,0x31,0xC7,0x31,0xC7,0x31,0xC7,0x31,0xC7,0x31,0xC7,0x31,0xC7,0x31,
    0xC7,0x31,0xC7,0x31,0xC7,0x31,0xC7,0x31,0xC7,0x31,0xC7,0x31,0xC7,0x31,0xC7,0x31,
    0xC7,0x31,0xC7,0x31,0xC7,0x31,0xC7,0x31,0xC7,0x31,0x29,0x42,0x76,0xAD,0x59,0xCE,
    0xD7,0xBD,0x0C,0x63,0x69,0x4A,0x10,0x84,0xEF,0x7B,0xAE,0x73,0xCF,0x73,0xCF,0x7B,
    0xEF,0x7B,0xE7,0x39,0x86,0x31,0xCB,0x5A,0x38,0xC6,0x38,0xC6,0x9E,0xF7,0xBE,0xF7,
    0x5D,0xEF,0x1C,0xE7,0x9A,0xD6,0x38,0xC6,0xD7,0xBD,0x96,0xB5,0x18,0xC6,0x75,0xAD,
    0xD3,0x9C,0xB2,0x94,0xD3,0x9C,0xF3,0x9C,0xF3,0x9C,0xF3,0x9C,0xD3,0x9C,0xD3,0x9C,
    0xD3,0x9C,0xD3,0x9C,0x92,0x94,0x71,0x8C,0x92,0x94,0xB2,0x94,0x92,0x94,0xEF,0x7B,
    0x30,0x84,0xC7,0x31,0xC7,0x31,0xC7,0x31,0xC7,0x31,0xC7,0x31,0xC7,0x31,0xC7,0x31,
    0xC7,0x31,0xC7,0x31,0xC7,0x31,0xC7,0x31,0xC7,0x31,0xC7,0x31,0xC7,0x31,0xC7,0x31,
    0xC7,0x31,0xC7,0x31,0xC7,0x31,0xC7,0x31,0xC7,0x31,0xC7,0x31,0xC7,0x31,0x08,0x3A,
    0x69,0x4A,0x69,0x4A,0x8A,0x52,0xEB,0x5A,0x4C,0x6B,0xCF,0x73,0x8A,0x4A,0xC7,0x31,
    0xC7,0x31,0xC7,0x31,0xC7,0x31,0xC7,0x31,0xC7,0x31,0xC7,0x31,0xC7,0x31,0xC7,0x31,
    0xC7,0x31,0xC7,0x31,0xC7,0x31,0xC7,0x31,0xC7,0x31,0xC7,0x31,0xC7,0x31,0xC7,0x31,
    0xC7,0x31,0xC7,0x31,0xC7,0x31,0xAB,0x52,0xEC,0x5A,0xCB,0x5A,0xAB,0x52,0xC7,0x31,
    0xC7,0x31,0xC7,0x31,0xC7,0x31,0xC7,0x31,0xC7,0x31,0xC7,0x31,0xC7,0x31,0xC7,0x31,
    0xC7,0x31,0xC7,0x31,0xC7,0x31,0xC7,0x31,0xC7,0x31,0xC7,0x31,0xC7,0x31,0xC7,0x31,
    0xC7,0x31,0xC7,0x31,0xC7,0x31,0xC7,0x31,0xC7,0x31,0xC7,0x31,0xC7,0x31,0xC7,0x31,
    0xC7,0x31,0xC7,0x31,0xC7,0x31,0xC7,0x31,0xAB,0x4A,0xF7,0xBD,0x9A,0xD6,0xF7,0xBD,
    0x08,0x42,0x00,0x00,0xE3,0x18,0x0C,0x63,0x8E,0x73,0xAE,0x73,0x10,0x84,0x10,0x84,
    0x4D,0x6B,0x65,0x29,0xA6,0x31,0x51,0x8C,0xCB,0x5A,0xC3,0x18,0x69,0x4A,0x1C,0xE7,
    0x1C,0xE7,0x9A,0xD6,0x38,0xC6,0xB6,0xB5,0x96,0xB5,0x75,0xAD,0xF3,0x9C,0xB2,0x94,
    0xB2,0x94,0xD3,0x9C,0xF3,0x9C,0xF3,0x9C,0xF3,0x9C,0xF3,0x9C,0xD3,0x9C,0xD3,0x9C,
    0xD3,0x9C,0xD2,0x94,0x92,0x94,0x30,0x84,0xEF,0x7B,0x51,0x8C,0x51,0x8C,0xCF,0x7B,
    0x31,0x84,0xC7,0x31,0xC7,0x31,0xC7,0x31,0xC7,0x31,0xC7,0x31,0xC7,0x31,0xC7,0x31,
    0xC7,0x31,0xC7,0x31,0xC7,0x31,0xC7,0x31,0xC7,0x31,0xC7,0x31,0xC7,0x31,0xC7,0x31,
    0xC7,0x31,0xC7,0x31,0xC7,0x31,0xC7,0x31,0xC7,0x31,0xC7,0x31,0xC7,0x31,0xC7,0x31,
    0x29,0x42,0x8A,0x52,0xAA,0x52,0xEB,0x5A,0x4D,0x6B,0xCF,0x7B,0xAB,0x4A,0xC7,0x31,
    0xC7,0x31,0xC7,0x31,0xC7,0x31,0xC7,0x31,0xC7,0x31,0xC7,0x31,0xC7,0x31,0xC7,0x31,
    0xC7,0x31,0xC7,0x31,0xC7,0x31,0xC7,0x31,0xC7,0x31,0xC7,0x31,0xC7,0x31,0xC7,0x31,
    0xC7,0x31,0xC7,0x31,0x4A,0x42,0xAB,0x52,0x49,0x42,0xAF,0x73,0x49,0x42,0xC7,0x31,
    0xC7,0x31,0xC7,0x31,0xC7,0x31,0xC7,0x31,0xC7,0x31,0xC7,0x31,0xC7,0x31,0xC7,0x31,
    0xC7,0x31,0xC7,0x31,0xC7,0x31,0xC7,0x31,0xC7,0x31,0xC7,0x31,0xC7,0x31,0xC7,0x31,
    0xC7,0x31,0xC7,0x31,0xC7,0x31,0xC7,0x31,0xC7,0x31,0xC7,0x31,0xC7,0x31,0xC7,0x31,
    0xC7,0x31,0xC7,0x31,0xC7,0x31,0xC7,0x31,0x75,0xAD,0xDB,0xDE,0x59,0xCE,0x28,0x42,
    0x00,0x00,0x82,0x10,0xC3,0x18,0x28,0x42,0x48,0x42,0xA6,0x31,0x28,0x42,0x08,0x42,
    0x04,0x19,0xE3,0x18,0x04,0x19,0xAE,0x73,0xE7,0x39,0x49,0x42,0x24,0x21,0xAE,0x73,
    0xDB,0xDE,0x18,0xC6,0xB6,0xB5,0x75,0xAD,0x55,0xAD,0xD3,0x9C,0x92,0x94,0xB2,0x94,
    0xB2,0x94,0xD3,0x9C,0xD3,0x9C,0xF3,0x9C,0xD3,0x9C,0xD3,0x9C,0xD3,0x9C,0xD3,0x9C,
    0xB2,0x94,0x92,0x94,0x92,0x94,0x92,0x94,0x31,0x84,0xAE,0x7B,0x6D,0x6B,0x71,0x8C,
    0x8E,0x6B,0xC7,0x31,0xC7,0x31,0xC7,0x31,0xC7,0x31,0xC7,0x31,0xC7,0x31,0xC7,0x31,
    0xC7,0x31,0xC7,0x31,0xC7,0x31,0xC7,0x31,0xC7,0x31,0xC7,0x31,0xC7,0x31,0xC7,0x31,
    0xC7,0x31,0xC7,0x31,0xC7,0x31,0xC7,0x31,0xC7,0x31,0xC7,0x31,0xC7,0x31,0xC7,0x31,
    0x29,0x3A,0x8A,0x4A,0xAA,0x52,0xEB,0x5A,0x4D,0x6B,0xF0,0x7B,0xEB,0x5A,0xC7,0x31,
    0xC7,0x31,0xC7,0x31,0xC7,0x31,0xC7,0x31,0xC7,0x31,0xC7,0x31,0xC7,0x31,0xC7,0x31,
    0xC7,0x31,0xC7,0x31,0xC7,0x31,0xC7,0x31,0xC7,0x31,0xC7,0x31,0xC7,0x31,0xC7,0x31,
    0xC7,0x31,0xC8,0x31,0x4A,0x42,0x0A,0x6B,0xEE,0x83,0xAE,0x6B,0xE8,0x39,0xC7,0x31,
    0xC7,0x31,0xC7,0x31,0xC7,0x31,0xC7,0x31,0xC7,0x31,0xC7,0x31,0xC7,0x31,0xC7,0x31,
    0xC7,0x31,0xC7,0x31,0xC7,0x31,0xC7,0x31,0xC7,0x31,0xC7,0x31,0xC7,0x31,0xC7,0x31,
    0xC7,0x31,0xC7,0x31,0xC7,0x31,0xC7,0x31,0xC7,0x31,0xC7,0x31,0xC7,0x31,0xC7,0x31,
    0xC7,0x31,0xC7,0x31,0xC7,0x31,0x08,0x32,0x18,0xBE,0x1C,0xE7,0x51,0x8C,0x21,0x00,
    0x04,0x21,0xA7,0x31,0x8A,0x52,0x6A,0x4A,0x69,0x4A,0x28,0x42,0xA6,0x31,0x24,0x21,
    0x03,0x19,0xE3,0x18,0xC3,0x18,0x6D,0x6B,0x08,0x3A,0x8A,0x52,0x69,0x4A,0x08,0x42,
    0xF7,0xBD,0x75,0xAD,0x14,0xA5,0xB2,0x94,0x92,0x94,0x92,0x94,0x30,0x84,0xCF,0x7B,
    0xB2,0x94,0xD3,0x9C,0xD3,0x9C,0xD3,0x9C,0xD3,0x9C,0xD3,0x9C,0xD3,0x9C,0xB2,0x94,
    0xB2,0x94,0xF3,0x9C,0xD3,0x94,0xAF,0x73,0xCB,0x52,0x8E,0x73,0xAF,0x73,0x4D,0x63,
    0xC7,0x31,0xC7,0x31,0xC7,0x31,0xC7,0x31,0xC7,0x31,0xC7,0x31,0xC7,0x31,0xC7,0x31,
    0xC7,0x31,0xC7,0x31,0xC7,0x31,0xC7,0x31,0xC7,0x31,0xC7,0x31,0xC7,0x31,0xC7,0x31,
    0xC7,0x31,0xC7,0x31,0xC7,0x31,0xC7,0x31,0xC7,0x31,0xC7,0x31,0xC7,0x31,0xC7,0x31,
    0xC7,0x31,0x6A,0x4A,0xAA,0x52,0xEB,0x5A,0x4D,0x6B,0xF0,0x7B,0xCB,0x52,0xC7,0x31,
    0xC7,0x31,0xC7,0x31,0xC7,0x31,0xC7,0x31,0xC7,0x31,0xC7,0x31,0xC7,0x31,0xC7,0x31,
    0xC7,0x31,0xC7,0x31,0xC7,0x31,0xC7,0x31,0xC7,0x31,0xC7,0x31,0xC7,0x31,0xC7,0x31,
    0x4D,0x6B,0xCC,0x8B,0xE9,0xA3,0x6E,0xDD,0x72,0xB5,0x49,0x42,0xAA,0x4A,0xC7,0x31,
    0xC7,0x31,0xC7,0x31,0xC7,0x31,0xC7,0x31,0xC7,0x31,0xC7,0x31,0xC7,0x31,0xC7,0x31,
    0xC7,0x31,0xC7,0x31,0xC7,0x31,0xC7,0x31,0xC7,0x31,0xC7,0x31,0xC7,0x31,0xC7,0x31,
    0xC7,0x31,0xC7,0x31,0xC7,0x31,0xC7,0x31,0xC7,0x31,0xC7,0x31,0xC7,0x31,0xC7,0x31,
    0xC7,0x31,0xC7,0x31,0xC7,0x31,0x4D,0x63,0x7A,0xCE,0xBA,0xD6,0xA6,0x31,0x25,0x21,
    0x08,0x42,0xAA,0x52,0x69,0x4A,0x8A,0x52,0xAA,0x52,0xAA,0x52,0x69,0x4A,0x49,0x4A,
    0x28,0x42,0x86,0x31,0x61,0x08,0xEB,0x5A,0xCB,0x5A,0xE7,0x39,0x28,0x42,0xC7,0x31,
    0x14,0xA5,0xD3,0x94,0x71,0x8C,0x51,0x8C,0x51,0x8C,0x51,0x8C,0x51,0x8C,0xAE,0x73,
    0xB2,0x94,0xD3,0x9C,0xD3,0x9C,0xD3,0x9C,0xD3,0x9C,0xD2,0x9C,0xB2,0x94,0xF3,0x9C,
    0x34,0xA5,0x92,0x8C,0xAB,0x52,0xC7,0x31,0xC7,0x31,0xE8,0x31,0x8B,0x4A,0xC7,0x31,
    0xC7,0x31,0xC7,0x31,0xC7,0x31,0xC7,0x31,0xC7,0x31,0xC7,0x31,0xC7,0x31,0xC7,0x31,
    0xC7,0x31,0xC7,0x31,0xC7,0x31,0xC7,0x31,0xC7,0x31,0xC7,0x31,0xC7,0x31,0xC7,0x31,
    0xC7,0x31,0xC7,0x31,0xC7,0x31,0xC7,0x31,0xC7,0x31,0xC7,0x31,0xC7,0x31,0xC7,0x31,
    0xC7,0x31,0x6A,0x4A,0xCB,0x5A,0xEB,0x5A,0x2C,0x63,0xEF,0x7B,0xEC,0x5A,0xC7,0x31,
    0xC7,0x31,0xC7,0x31,0xC7,0x31,0xC7,0x31,0xC7,0x31,0xC7,0x31,0xC7,0x31,0xC7,0x31,
    0xC7,0x31,0xC7,0x31,0xC7,0x31,0xC7,0x31,0xC7,0x31,0xC7,0x31,0xC7,0x31,0xC7,0x31,
    0xEC,0x5A,0x93,0xC5,0xD2,0xDD,0xF6,0xC5,0xE8,0x31,0xC7,0x31,0xC7,0x31,0xC7,0x31,
    0xC7,0x31,0xC7,0x31,0xC7,0x31,0xC7,0x31,0xC7,0x31,0xC7,0x31,0xC7,0x31,0xC7,0x31,
    0xC7,0x31,0xC7,0x31,0xC7,0x31,0xC7,0x31,0xC7,0x31,0xC7,0x31,0xC7,0x31,0xC7,0x31,
    0xC7,0x31,0xC7,0x31,0xC7,0x31,0xC7,0x31,0xC7,0x31,0xC7,0x31,0xC7,0x31,0xC7,0x31,
    0xC7,0x31,0xC7,0x31,0xC7,0x31,0xCB,0x52,0xBA,0xD6,0xD7,0xBD,0xA2,0x10,0xA7,0x31,
    0x8A,0x52,0x69,0x4A,0x69,0x4A,0x69,0x4A,0x69,0x4A,0xCA,0x5A,0x4D,0x6B,0x6D,0x6B,
    0x49,0x4A,0x45,0x29,0xA2,0x10,0xE3,0x18,0x10,0x84,0xCB,0x5A,0x45,0x29,0xCB,0x5A,
    0xF3,0x9C,0x71,0x8C,0x30,0x84,0xEF,0x7B,0x10,0x84,0x92,0x94,0x18,0xC6,0xD7,0xBD,
    0xF7,0xBD,0x96,0xB5,0xB2,0x94,0xD3,0x9C,0xD2,0x9C,0xD3,0x9C,0x34,0xAD,0xD3,0x9C,
    0x8E,0x6B,0xC7,0x31,0xC7,0x31,0xC7,0x31,0xC7,0x31,0xC7,0x31,0xC7,0x31,0xC7,0x31,
    0xC7,0x31,0xC7,0x31,0xC7,0x31,0xC7,0x31,0xC7,0x31,0xC7,0x31,0xC7,0x31,0xC7,0x31,
    0xC7,0x31,0xC7,0x31,0xC7,0x31,0xC7,0x31,0xC7,0x31,0xC7,0x31,0xC7,0x31,0xC7,0x31,
    0xC7,0x31,0xC7,0x31,0xC7,0x31,0xC7,0x31,0xC7,0x31,0xC7,0x31,0xC7,0x31,0xC7,0x31,
    0xC7,0x31,0x08,0x3A,0xAA,0x52,0xEB,0x5A,0x2C,0x63,0xCF,0x7B,0x2C,0x63,0xC7,0x31,
    0xC7,0x31,0xC7,0x31,0xC7,0x31,0xC7,0x31,0xC7,0x31,0xC7,0x31,0xC7,0x31,0xC7,0x31,
    0xC7,0x31,0xC7,0x31,0xC7,0x31,0xC7,0x31,0xC7,0x31,0xC7,0x31,0xC7,0x31,0xC7,0x31,
    0xC7,0x31,0xC7,0x31,0xC7,0x31,0x0C,0x5B,0x29,0x42,0xC7,0x31,0xC7,0x31,0xC7,0x31,
    0xC7,0x31,0xC7,0x31,0xC7,0x31,0xC7,0x31,0xC7,0x31,0xC7,0x31,0xC7,0x31,0xC7,0x31,
    0xC7,0x31,0xC7,0x31,0xC7,0x31,0xC7,0x31,0xC7,0x31,0xC7,0x31,0xC7,0x31,0xC7,0x31,
    0xC7,0x31,0xC7,0x31,0xC7,0x31,0xC7,0x31,0xC7,0x31,0xC7,0x31,0xC7,0x31,0xC7,0x31,
    0xC7,0x31,0xC7,0x31,0xC7,0x31,0xE8,0x39,0x59,0xCE,0xB6,0xB5,0x41,0x08,0x08,0x42,
    0xE8,0x39,0x65,0x29,0xE8,0x39,0x49,0x4A,0xAB,0x52,0x2C,0x63,0xCB,0x5A,0xE7,0x39,
    0x24,0x21,0xC3,0x18,0xA2,0x10,0x41,0x08,0x65,0x29,0x8E,0x73,0xCF,0x7B,0xB2,0x94,
    0xEF,0x7B,0x10,0x7C,0x0F,0x7C,0x51,0x8C,0xD3,0x9C,0x34,0xA5,0xF7,0xBD,0x9A,0xD6,
    0x3C,0xE7,0xBA,0xD6,0x55,0xAD,0xB2,0x94,0x35,0xA5,0x14,0xA5,0x51,0x8C,0x49,0x42,
    0xC7,0x31,0xC7,0x31,0xC7,0x31,0xC7,0x31,0xC7,0x31,0xC7,0x31,0xC7,0x31,0xC7,0x31,
    0xC7,0x31,0xC7,0x31,0xC7,0x31,0xC7,0x31,0xC7,0x31,0xC7,0x31,0xC7,0x31,0xC7,0x31,
    0xC7,0x31,0xC7,0x31,0xC7,0x31,0xC7,0x31,0xC7,0x31,0xC7,0x31,0xC7,0x31,0xC7,0x31,
    0xC7,0x31,0xC7,0x31,0xC7,0x31,0xC7,0x31,0xC7,0x31,0xC7,0x31,0xC7,0x31,0xC7,0x31,
    0xC7,0x31,0xC7,0x31,0x8A,0x4A,0x0C,0x63,0x4C,0x6B,0xCF,0x7B,0x2D,0x5B,0xC7,0x31,
    0xC7,0x31,0xC7,0x31,0xC7,0x31,0xC7,0x31,0xC7,0x31,0xC7,0x31,0xC7,0x31,0xC7,0x31,
    0xC7,0x31,0xC7,0x31,0xC7,0x31,0xC7,0x31,0xC7,0x31,0xC7,0x31,0xC7,0x31,0xC7,0x31,
    0xC7,0x31,0xC7,0x31,0x08,0x3A,0xC7,0x31,0xC7,0x31,0xC7,0x31,0xC7,0x31,0xC7,0x31,
    0xC7,0x31,0xC7,0x31,0xC7,0x31,0xC7,0x31,0xC7,0x31,0xC7,0x31,0xC7,0x31,0xC7,0x31,
    0xC7,0x31,0xC7,0x31,0xC7,0x31,0xC7,0x31,0xC7,0x31,0xC7,0x31,0xC7,0x31,0xC7,0x31,
    0xC7,0x31,0xC7,0x31,0xC7,0x31,0xC7,0x31,0xC7,0x31,0xC7,0x31,0xC7,0x31,0xC7,0x31,
    0xC7,0x31,0xC7,0x31,0xC7,0x31,0xC7,0x31,0x8E,0x6B,0xB2,0x94,0x41,0x08,0xAA,0x52,
    0x69,0x4A,0x82,0x10,0x45,0x29,0x49,0x4A,0x6D,0x6B,0x28,0x42,0x65,0x29,0x24,0x21,
    0xC3,0x18,0x82,0x10,0x82,0x10,0xA2,0x10,0xE3,0x18,0x45,0x29,0x71,0x8C,0xD3,0x9C,
    0x51,0x8C,0x71,0x8C,0xD3,0x9C,0x34,0xA5,0x14,0xA5,0xF3,0x9C,0xD7,0xBD,0xD7,0xBD,
    0xDB,0xDE,0x3C,0xE7,0xBA,0xD6,0x55,0xAD,0x92,0x8C,0xEC,0x52,0xC7,0x31,0xC7,0x31,
    0xC7,0x31,0xC7,0x31,0xC7,0x31,0xC7,0x31,0xC7,0x31,0xC7,0x31,0xC7,0x31,0xC7,0x31,
    0xC7,0x31,0xC7,0x31,0xC7,0x31,0xC7,0x31,0xC7,0x31,0xC7,0x31,0xC7,0x31,0xC7,0x31,
    0xC7,0x31,0xC7,0x31,0xC7,0x31,0xC7,0x31,0xC7,0x31,0xC7,0x31,0xC7,0x31,0xC7,0x31,
    0xC7,0x31,0xC7,0x31,0xC7,0x31,0xC7,0x31,0xC7,0x31,0xC7,0x31,0xC7,0x31,0xC7,0x31,
    0xC7,0x31,0xC7,0x31,0x29,0x42,0xEB,0x5A,0x2D,0x63,0xAE,0x73,0x0E,0x8C,0xAA,0x52,
    0xC7,0x31,0xC7,0x31,0xC7,0x31,0xC7,0x31,0xC7,0x31,0xC7,0x31,0xC7,0x31,0xC7,0x31,
    0xC7,0x31,0xC7,0x31,0xC7,0x31,0xC7,0x31,0xC7,0x31,0xC7,0x31,0xC7,0x31,0xC7,0x31,
    0xC7,0x31,0xC7,0x31,0xC7,0x31,0xC7,0x31,0xC7,0x31,0xC7,0x31,0xC7,0x31,0xC7,0x31,
    0xC7,0x31,0xC7,0x31,0xC7,0x31,0xC7,0x31,0xC7,0x31,0xC7,0x31,0xC7,0x31,0xC7,0x31,
    0xC7,0x31,0xC7,0x31,0xC7,0x31,0xC7,0x31,0xC7,0x31,0xC7,0x31,0xC7,0x31,0xC7,0x31,
    0xC7,0x31,0xC7,0x31,0xC7,0x31,0xC7,0x31,0xC7,0x31,0xC7,0x31,0xC7,0x31,0xC7,0x31,
    0xC7,0x31,0xC7,0x31,0xC7,0x31,0xC7,0x31,0xC7,0x31,0xC7,0x31,0x86,0x29,0x09,0x42,
    0xE8,0x39,0x82,0x10,0x25,0x21,0x8A,0x52,0x69,0x4A,0x45,0x29,0x45,0x29,0xE3,0x18,
    0xA2,0x10,0x82,0x10,0x61,0x08,0x82,0x10,0x86,0x31,0xD3,0x9C,0x96,0xB5,0x55,0xAD,
    0x55,0xAD,0x75,0xAD,0x96,0xB5,0x75,0xAD,0x71,0x8C,0x92,0x94,0xB6,0xB5,0xD7,0xBD,
    0x59,0xCE,0x1C,0xE7,0x7E,0xF7,0xD7,0xBD,0xC7,0x31,0xC7,0x31,0xC7,0x31,0xC7,0x31,
    0xC7,0x31,0xC7,0x31,0xC7,0x31,0xC7,0x31,0xC7,0x31,0xC7,0x31,0xC7,0x31,0xC7,0x31,
    0xC7,0x31,0xC7,0x31,0xC7,0x31,0xC7,0x31,0xC7,0x31,0xC7,0x31,0xC7,0x31,0xC7,0x31,
    0xC7,0x31,0xC7,0x31,0xC7,0x31,0xC7,0x31,0xC7,0x31,0xC7,0x31,0xC7,0x31,0xC7,0x31,
    0xC7,0x31,0xC7,0x31,0xC7,0x31,0xC7,0x31,0xC7,0x31,0xC7,0x31,0xC7,0x31,0xC7,0x31,
    0xE8,0x31,0xCB,0x52,0xC7,0x31,0xCB,0x52,0x4C,0x73,0xAA,0x9B,0xF2,0xF5,0x10,0x84,
    0xC7,0x31,0xC7,0x31,0xC7,0x31,0xC7,0x31,0xC7,0x31,0xC7,0x31,0xC7,0x31,0xC7,0x31,
    0xC7,0x31,0xC7,0x31,0xC7,0x31,0xC7,0x31,0xC7,0x31,0xC7,0x31,0xC7,0x31,0xC7,0x31,
    0xC7,0x31,0xC7,0x31,0xC7,0x31,0xC7,0x31,0xC7,0x31,0xC7,0x31,0xC7,0x31,0xC7,0x31,
    0xC7,0x31,0xC7,0x31,0xC7,0x31,0xC7,0x31,0xC7,0x31,0xC7,0x31,0xC7,0x31,0xC7,0x31,
    0xC7,0x31,0xC7,0x31,0xC7,0x31,0xC7,0x31,0xC7,0x31,0xC7,0x31,0xC7,0x31,0xC7,0x31,
    0xC7,0x31,0xC7,0x31,0xC7,0x31,0xC7,0x31,0xC7,0x31,0xC7,0x31,0xC7,0x31,0xC7,0x31,
    0xC7,0x31,0xC7,0x31,0xC7,0x31,0xC7,0x31,0xC7,0x31,0xC7,0x31,0xC7,0x31,0x8B,0x4A,
    0xE7,0x39,0x82,0x10,0x45,0x29,0x08,0x42,0x08,0x42,0x04,0x21,0x24,0x21,0xC3,0x18,
    0xA2,0x10,0x82,0x10,0x61,0x08,0x45,0x29,0xD3,0x9C,0x38,0xC6,0x96,0xB5,0x96,0xB5,
    0xB6,0xB5,0xD7,0xBD,0x75,0xAD,0xD3,0x9C,0x51,0x8C,0x51,0x8C,0x96,0xB5,0xD7,0xBD,
    0xF7,0xBD,0x9A,0xD6,0x5D,0xEF,0x1C,0xE7,0xF8,0xBD,0xAB,0x52,0xC7,0x31,0xC7,0x31,
    0xC7,0x31,0xC7,0x31,0xC7,0x31,0xC7,0x31,0xC7,0x31,0xC7,0x31,0xC7,0x31,0xC7,0x31,
    0xC7,0x31,0xC7,0x31,0xC7,0x31,0xC7,0x31,0xC7,0x31,0xC7,0x31,0xC7,0x31,0xC7,0x31,
    0xC7,0x31,0xC7,0x31,0xC7,0x31,0xC7,0x31,0xC7,0x31,0xC7,0x31,0xC7,0x31,0xC7,0x31,
    0xC7,0x31,0xC7,0x31,0xC7,0x31,0xC7,0x31,0xC7,0x31,0xC7,0x31,0xC7,0x31,0xC7,0x31,
    0xC7,0x31,0x69,0x42,0xC7,0x31,0xEF,0x7B,0x70,0xDD,0x8F,0xED,0xF3,0xDD,0xAE,0x73,
    0xC7,0x31,0xC7,0x31,0xC7,0x31,0xC7,0x31,0xC7,0x31,0xC7,0x31,0xC7,0x31,0xC7,0x31,
    0xC7,0x31,0xC7,0x31,0xC7,0x31,0xC7,0x31,0xC7,0x31,0xC7,0x31,0xC7,0x31,0xC7,0x31,
    0xC7,0x31,0xC7,0x31,0xC7,0x31,0xC7,0x31,0xC7,0x31,0xC7,0x31,0xC7,0x31,0xC7,0x31,
    0xC7,0x31,0xC7,0x31,0xC7,0x31,0xC7,0x31,0xC7,0x31,0xC7,0x31,0xC7,0x31,0xC7,0x31,
    0xC7,0x31,0xC7,0x31,0xC7,0x31,0xC7,0x31,0xC7,0x31,0xC7,0x31,0xC7,0x31,0xC7,0x31,
    0xC7,0x31,0xC7,0x31,0xC7,0x31,0xC7,0x31,0xC7,0x31,0xC7,0x31,0xC7,0x31,0xC7,0x31,
    0xC7,0x31,0xC7,0x31,0xC7,0x31,0xC7,0x31,0xC7,0x31,0xC7,0x31,0xC7,0x31,0xC7,0x31,
    0x6A,0x4A,0x87,0x29,0xE3,0x18,0xE3,0x18,0x45,0x29,0x24,0x21,0x24,0x21,0xE3,0x18,
    0xA2,0x10,0x41,0x08,0xE3,0x18,0xCF,0x7B,0x9A,0xD6,0x18,0xC6,0x18,0xC6,0xF7,0xBD,
    0xF7,0xBD,0x55,0xAD,0xD3,0x9C,0xB2,0x94,0x71,0x8C,0x10,0x84,0xF3,0x9C,0x55,0xAD,
    0xD7,0xBD,0x38,0xC6,0xBA,0xD6,0x7D,0xEF,0xBE,0xF7,0x51,0x84,0xC7,0x31,0xC7,0x31,
    0xC7,0x31,0xC7,0x31,0xC7,0x31,0xC7,0x31,0xC7,0x31,0xC7,0x31,0xC7,0x31,0xC7,0x31,
    0xC7,0x31,0xC7,0x31,0xC7,0x31,0xC7,0x31,0xC7,0x31,0xC7,0x31,0xC7,0x31,0xC7,0x31,
    0xC7,0x31,0xC7,0x31,0xC7,0x31,0xC7,0x31,0xC7,0x31,0xC7,0x31,0xC7,0x31,0xC7,0x31,
    0xC7,0x31,0xC7,0x31,0xC7,0x31,0xC7,0x31,0xC7,0x31,0xC7,0x31,0xC7,0x31,0xC7,0x31,
    0xC7,0x31,0xC7,0x31,0xC7,0x31,0xC7,0x31,0x30,0x84,0xB2,0x8C,0x6D,0x63,0x08,0x3A,
    0xC7,0x31,0xC7,0x31,0xC7,0x31,0xC7,0x31,0xC7,0x31,0xC7,0x31,0xC7,0x31,0xC7,0x31,
    0xC7,0x31,0xC7,0x31,0xC7,0x31,0xC7,0x31,0xC7,0x31,0xC7,0x31,0xC7,0x31,0xC7,0x31,
    0xC7,0x31,0xC7,0x31,0xC7,0x31,0xC7,0x31,0xC7,0x31,0xC7,0x31,0xC7,0x31,0xC7,0x31,
    0xC7,0x31,0xC7,0x31,0xC7,0x31,0xC7,0x31,0xC7,0x31,0xC7,0x31,0xC7,0x31,0xC7,0x31,
    0xC7,0x31,0xC7,0x31,0xC7,0x31,0xC7,0x31,0xC7,0x31,0xC7,0x31,0xC7,0x31,0xC7,0x31,
    0xC7,0x31,0xC7,0x31,0xC7,0x31,0xC7,0x31,0xC7,0x31,0xC7,0x31,0xC7,0x31,0xC7,0x31,
    0xC7,0x31,0xC7,0x31,0xC7,0x31,0xC7,0x31,0xC7,0x31,0xC7,0x31,0xC7,0x31,0xC7,0x31,
    0xC7,0x31,0x6A,0x4A,0xE8,0x39,0x45,0x21,0xA7,0x31,0xC7,0x31,0x86,0x31,0x24,0x21,
    0x82,0x10,0x20,0x00,0x65,0x29,0xD7,0xBD,0xDB,0xDE,0x59,0xCE,0x38,0xC6,0x38,0xC6,
    0x75,0xAD,0xD3,0x9C,0xD3,0x9C,0xB2,0x94,0x92,0x94,0x51,0x8C,0x92,0x94,0x71,0x8C,
    0x13,0xA5,0x38,0xC6,0x58,0xCE,0xDB,0xDE,0x9E,0xF7,0x59,0xCE,0xF0,0x7B,0xC7,0x31,
    0xC7,0x31,0xC7,0x31,0xC7,0x31,0xC7,0x31,0xC7,0x31,0xC7,0x31,0xC7,0x31,0xC7,0x31,
    0xC7,0x31,0xC7,0x31,0xC7,0x31,0xC7,0x31,0xC7,0x31,0xC7,0x31,0xC7,0x31,0xC7,0x31,
    0xC7,0x31,0xC7,0x31,0xC7,0x31,0xC7,0x31,0xC7,0x31,0xC7,0x31,0xC7,0x31,0xC7,0x31,
    0xC7,0x31,0xC7,0x31,0xC7,0x31,0xC7,0x31,0xC7,0x31,0xC7,0x31,0xC7,0x31,0xC7,0x31,
    0xC7,0x31,0x09,0x3A,0x49,0x42,0x50,0x94,0x15,0xD6,0x49,0x42,0xC7,0x31,0xE8,0x31,
    0xC7,0x31,0xC7,0x31,0xC7,0x31,0xC7,0x31,0xC7,0x31,0xC7,0x31,0xC7,0x31,0xC7,0x31,
    0xC7,0x31,0xC7,0x31,0xC7,0x31,0xC7,0x31,0xC7,0x31,0xC7,0x31,0xC7,0x31,0xC7,0x31,
    0xC7,0x31,0xC7,0x31,0xC7,0x31,0xC7,0x31,0xC7,0x31,0xC7,0x31,0xC7,0x31,0xC7,0x31,
    0xC7,0x31,0xC7,0x31,0xC7,0x31,0xC7,0x31,0xC7,0x31,0xC7,0x31,0xC7,0x31,0xC7,0x31,
    0xC7,0x31,0xC7,0x31,0xC7,0x31,0xC7,0x31,0xC7,0x31,0xC7,0x31,0xC7,0x31,0xC7,0x31,
    0xC7,0x31,0xC7,0x31,0xC7,0x31,0xC7,0x31,0xC7,0x31,0xC7,0x31,0xC7,0x31,0xC7,0x31,
    0xC7,0x31,0xC7,0x31,0xC7,0x31,0xC7,0x31,0xC7,0x31,0xC7,0x31,0xC7,0x31,0xC7,0x31,
    0xC7,0x31,0xC7,0x31,0xC7,0x31,0x29,0x42,0xCB,0x52,0xCB,0x52,0xE8,0x39,0x86,0x31,
    0x04,0x21,0x20,0x00,0xE7,0x41,0x9A,0xD6,0x9A,0xD6,0x79,0xCE,0x38,0xC6,0xD7,0xBD,
    0xF3,0x9C,0xD3,0x9C,0xB2,0x94,0xB2,0x94,0x92,0x94,0x92,0x94,0xF3,0x9C,0xAF,0x73,
    0xCB,0x52,0x96,0xAD,0x79,0xCE,0x59,0xCE,0x1C,0xDF,0xFF,0xFF,0xB6,0xB5,0xE8,0x31,
    0xC7,0x31,0xC7,0x31,0xC7,0x31,0xC7,0x31,0xC7,0x31,0xC7,0x31,0xC7,0x31,0xC7,0x31,
    0xC7,0x31,0xC7,0x31,0xC7,0x31,0xC7,0x31,0xC7,0x31,0xC7,0x31,0xC7,0x31,0xC7,0x31,
    0xC7,0x31,0xC7,0x31,0xC7,0x31,0xC7,0x31,0xC7,0x31,0xC7,0x31,0xC7,0x31,0xC7,0x31,
    0xC7,0x31,0xC7,0x31,0xC7,0x31,0xC7,0x31,0xC7,0x31,0x08,0x3A,0x4A,0x42,0x8B,0x4A,
    0xEB,0x52,0x0C,0x5B,0x4D,0x63,0x6C,0x73,0x4E,0xE5,0x51,0xCD,0xC7,0x31,0xC7,0x31,
    0xC7,0x31,0xC7,0x31,0xC7,0x31,0xC7,0x31,0xC7,0x31,0xC7,0x31,0xC7,0x31,0xC7,0x31,
    0xC7,0x31,0xC7,0x31,0xC7,0x31,0xC7,0x31,0xC7,0x31,0xC7,0x31,0xC7,0x31,0xC7,0x31,
    0xC7,0x31,0xC7,0x31,0xC7,0x31,0xC7,0x31,0xC7,0x31,0xC7,0x31,0xC7,0x31,0xC7,0x31,
    0xC7,0x31,0xC7,0x31,0xC7,0x31,0xC7,0x31,0xC7,0x31,0xC7,0x31,0xC7,0x31,0xC7,0x31,
    0xC7,0x31,0xC7,0x31,0xC7,0x31,0xC7,0x31,0xC7,0x31,0xC7,0x31,0xC7,0x31,0xC7,0x31,
    0xC7,0x31,0xC7,0x31,0xC7,0x31,0xC7,0x31,0xC7,0x31,0xC7,0x31,0xC7,0x31,0xC7,0x31,
    0xC7,0x31,0xC7,0x31,0xC7,0x31,0xC7,0x31,0xC7,0x31,0xC7,0x31,0xC7,0x31,0xC7,0x31,
    0xC7,0x31,0xC7,0x31,0xC7,0x31,0xC7,0x31,0xC7,0x31,0x2C,0x5B,0x49,0x42,0x86,0x31,
    0x45,0x29,0x41,0x08,0x28,0x42,0xDB,0xDE,0x7A,0xCE,0x38,0xC6,0x38,0xC6,0x75,0xAD,
    0xB3,0x94,0xB2,0x94,0xD3,0x9C,0x13,0x9D,0xB2,0x94,0x34,0xA5,0xB2,0x94,0x8A,0x4A,
    0xC7,0x31,0x0C,0x5B,0x38,0xC6,0x79,0xD6,0x9A,0xD6,0x7D,0xEF,0xDB,0xD6,0x6A,0x4A,
    0xC7,0x31,0xC7,0x31,0xC7,0x31,0xC7,0x31,0xC7,0x31,0xC7,0x31,0xC7,0x31,0xC7,0x31,
    0xC7,0x31,0xC7,0x31,0xC7,0x31,0xC7,0x31,0xC7,0x31,0xC7,0x31,0xC7,0x31,0xC7,0x31,
    0xC7,0x31,0xC7,0x31,0xC7,0x31,0xC7,0x31,0xC7,0x31,0xC7,0x31,0xC7,0x31,0xC7,0x31,
    0xC7,0x31,0xC7,0x31,0x28,0x3A,0x4A,0x42,0x8A,0x4A,0xCB,0x52,0xEC,0x5A,0x2D,0x63,
    0x4D,0x63,0x8E,0x6B,0xCF,0x73,0x90,0xA4,0xD0,0xF5,0x11,0xB5,0xC7,0x31,0xC7,0x31,
    0xC7,0x31,0xC7,0x31,0xC7,0x31,0xC7,0x31,0xC7,0x31,0xC7,0x31,0xC7,0x31,0xC7,0x31,
    0xC7,0x31,0xC7,0x31,0xC7,0x31,0xC7,0x31,0xC7,0x31,0xC7,0x31,0xC7,0x31,0xC7,0x31,
    0xC7,0x31,0xC7,0x31,0xC7,0x31,0xC7,0x31,0xC7,0x31,0xC7,0x31,0xC7,0x31,0xC7,0x31,
    0xC7,0x31,0xC7,0x31,0xC7,0x31,0xC7,0x31,0xC7,0x31,0xC7,0x31,0xC7,0x31,0xC7,0x31,
    0xC7,0x31,0xC7,0x31,0xC7,0x31,0xC7,0x31,0xC7,0x31,0xC7,0x31,0xC7,0x31,0xC7,0x31,
    0xC7,0x31,0xC7,0x31,0xC7,0x31,0xC7,0x31,0xC7,0x31,0xC7,0x31,0xC7,0x31,0xC7,0x31,
    0xC7,0x31,0xC7,0x31,0xC7,0x31,0xC7,0x31,0xC7,0x31,0xC7,0x31,0xC7,0x31,0xC7,0x31,
    0xC7,0x31,0xC7,0x31,0xC7,0x31,0xC7,0x31,0xC7,0x31,0xAB,0x4A,0xCB,0x52,0xA6,0x31,
    0xA6,0x31,0xA6,0x31,0xCB,0x5A,0xBA,0xD6,0x79,0xCE,0x38,0xC6,0x18,0xC6,0x14,0xA5,
    0xB2,0x94,0x14,0xA5,0xF4,0x9C,0xEF,0x7B,0xCF,0x73,0xCF,0x73,0x8B,0x4A,0xC7,0x31,
    0xC7,0x31,0xC7,0x31,0x8E,0x6B,0xF8,0xBD,0x59,0xCE,0xBA,0xD6,0xBF,0xF7,0x96,0xB5,
    0x49,0x42,0xC7,0x31,0xC7,0x31,0xC7,0x31,0xC7,0x31,0xC7,0x31,0xC7,0x31,0xC7,0x31,
    0xC7,0x31,0xC7,0x31,0xC7,0x31,0xC7,0x31,0xC7,0x31,0xC7,0x31,0xC7,0x31,0xC7,0x31,
    0xC7,0x31,0xC7,0x31,0xC7,0x31,0xC7,0x31,0xC7,0x31,0xC7,0x31,0xC7,0x31,0x49,0x42,
    0x6A,0x4A,0x8B,0x4A,0xCB,0x52,0xEC,0x5A,0x0C,0x63,0x0C,0x63,0x0C,0x63,0x6D,0x6B,
    0xCF,0x73,0xAE,0x73,0x2D,0x63,0x10,0x84,0xB3,0x94,0xC7,0x31,0xC7,0x31,0xC7,0x31,
    0xC7,0x31,0xC7,0x31,0xC7,0x31,0xC7,0x31,0xC7,0x31,0xC7,0x31,0xC7,0x31,0xC7,0x31,
    0xC7,0x31,0xC7,0x31,0xC7,0x31,0xC7,0x31,0xC7,0x31,0xC7,0x31,0xC7,0x31,0xC7,0x31,
    0xC7,0x31,0xC7,0x31,0xC7,0x31,0xC7,0x31,0xC7,0x31,0xC7,0x31,0xC7,0x31,0xC7,0x31,
    0xC7,0x31,0xC7,0x31,0xC7,0x31,0xC7,0x31,0xC7,0x31,0xC7,0x31,0xC7,0x31,0xC7,0x31,
    0xC7,0x31,0xC7,0x31,0xC7,0x31,0xC7,0x31,0xC7,0x31,0xC7,0x31,0xC7,0x31,0xC7,0x31,
    0xC7,0x31,0xC7,0x31,0xC7,0x31,0xC7,0x31,0xC7,0x31,0xC7,0x31,0xC7,0x31,0xC7,0x31,
    0xC7,0x31,0xC7,0x31,0xC7,0x31,0xC7,0x31,0xC7,0x31,0xC7,0x31,0xC7,0x31,0xC7,0x31,
    0xC7,0x31,0xC7,0x31,0xC7,0x31,0xC7,0x31,0xC7,0x31,0xC7,0x31,0xCB,0x52,0xAB,0x4A,
    0x29,0x42,0x49,0x42,0xCB,0x5A,0x96,0xB5,0xDB,0xDE,0x79,0xD6,0x18,0xC6,0x55,0xAD,
    0x14,0xA5,0x72,0x8C,0xEC,0x52,0xC7,0x31,0xC7,0x31,0xC7,0x31,0xC7,0x31,0xC7,0x31,
    0xC7,0x31,0xC7,0x31,0xC7,0x31,0xF0,0x7B,0x59,0xCE,0x9A,0xD6,0xDA,0xDE,0xBE,0xF7,
    0x10,0x7C,0xC7,0x31,0xC7,0x31,0xC7,0x31,0xC7,0x31,0xC7,0x31,0xC7,0x31,0xC7,0x31,
    0xC7,0x31,0xC7,0x31,0xC7,0x31,0xC7,0x31,0xC7,0x31,0xC7,0x31,0xC7,0x31,0xC7,0x31,
    0xC7,0x31,0xC7,0x31,0xC7,0x31,0xC7,0x31,0x29,0x3A,0x29,0x42,0x8A,0x4A,0xAB,0x52,
    0xCB,0x5A,0xCB,0x5A,0xCB,0x5A,0xEB,0x5A,0x0C,0x63,0x6D,0x6B,0xAE,0x73,0x6D,0x6B,
    0x0C,0x5B,0x29,0x42,0xC7,0x31,0xC7,0x31,0xC7,0x31,0xC7,0x31,0xC7,0x31,0xC7,0x31,
    0xC7,0x31,0xC7,0x31,0xC7,0x31,0xC7,0x31,0xC7,0x31,0xC7,0x31,0xC7,0x31,0xC7,0x31,
    0xC7,0x31,0xC7,0x31,0xC7,0x31,0xC7,0x31,0xC7,0x31,0xC7,0x31,0xC7,0x31,0xC7,0x31,
    0xC7,0x31,0xC7,0x31,0xC7,0x31,0xC7,0x31,0xC7,0x31,0xC7,0x31,0xC7,0x31,0xC7,0x31,
    0xC7,0x31,0xC7,0x31,0xC7,0x31,0xC7,0x31,0xC7,0x31,0xC7,0x31,0xC7,0x31,0xC7,0x31,
    0xC7,0x31,0xC7,0x31,0xC7,0x31,0xC7,0x31,0xC7,0x31,0xC7,0x31,0xC7,0x31,0xC7,0x31,
    0xC7,0x31,0xC7,0x31,0xC7,0x31,0xC7,0x31,0xC7,0x31,0xC7,0x31,0xC7,0x31,0xC7,0x31,
    0xC7,0x31,0xC7,0x31,0xC7,0x31,0xC7,0x31,0xC7,0x31,0xC7,0x31,0xC7,0x31,0xC7,0x31,
    0xC7,0x31,0xC7,0x31,0xC7,0x31,0xC7,0x31,0xC7,0x31,0xC7,0x31,0xC7,0x31,0xC7,0x31,
    0xC7,0x31,0xC7,0x31,0xC7,0x31,0xC7,0x31,0x31,0x84,0x96,0xAD,0xB7,0xB5,0xD4,0x9C,
    0x6E,0x6B,0xC7,0x31,0xC7,0x31,0xC7,0x31,0xC7,0x31,0xC7,0x31,0xC7,0x31,0xC7,0x31,
    0xC7,0x31,0xC7,0x31,0xC7,0x31,0xC7,0x31,0x51,0x84,0x38,0xC6,0x99,0xD6,0x3C,0xE7,
    0xFB,0xDE,0x8A,0x4A,0xC7,0x31,0xC7,0x31,0xC7,0x31,0xC7,0x31,0xC7,0x31,0xC7,0x31,
    0xC7,0x31,0xC7,0x31,0xC7,0x31,0xC7,0x31,0xC7,0x31,0xC7,0x31,0xC7,0x31,0xC7,0x31,
    0xC7,0x31,0xC7,0x31,0x4A,0x42,0x8A,0x4A,0xAB,0x4A,0xAB,0x52,0xAA,0x52,0xAA,0x52,
    0xAA,0x52,0xCB,0x5A,0x2C,0x63,0x8E,0x6B,0xAF,0x73,0x6D,0x6B,0xCB,0x5A,0x08,0x3A,
    0xC7,0x31,0xC7,0x31,0xC7,0x31,0xC7,0x31,0xC7,0x31,0xC7,0x31,0xC7,0x31,0xC7,0x31,
    0xC7,0x31,0xC7,0x31,0xC7,0x31,0xC7,0x31,0xC7,0x31,0xC7,0x31,0xC7,0x31,0xC7,0x31,
    0xC7,0x31,0xC7,0x31,0xC7,0x31,0xC7,0x31,0xC7,0x31,0xC7,0x31,0xC7,0x31,0xC7,0x31,
    0xC7,0x31,0xC7,0x31,0xC7,0x31,0xC7,0x31,0xC7,0x31,0xC7,0x31,0xC7,0x31,0xC7,0x31,
    0xC7,0x31,0xC7,0x31,0xC7,0x31,0xC7,0x31,0xC7,0x31,0xC7,0x31,0xC7,0x31,0xC7,0x31,
    0xC7,0x31,0xC7,0x31,0xC7,0x31,0xC7,0x31,0xC7,0x31,0xC7,0x31,0xC7,0x31,0xC7,0x31,
    0xC7,0x31,0xC7,0x31,0xC7,0x31,0xC7,0x31,0xC7,0x31,0xC7,0x31,0xC7,0x31,0xC7,0x31,
    0xC7,0x31,0xC7,0x31,0xC7,0x31,0xC7,0x31,0xC7,0x31,0xC7,0x31,0xC7,0x31,0xC7,0x31,
    0xC7,0x31,0xC7,0x31,0xC7,0x31,0xC7,0x31,0xC7,0x31,0xC7,0x31,0xC7,0x31,0xC7,0x31,
    0xC7,0x31,0xC7,0x31,0xC7,0x31,0xC7,0x31,0xC7,0x31,0xC7,0x31,0x69,0x4A,0xC7,0x31,
    0xC7,0x31,0xC7,0x31,0xC7,0x31,0xC7,0x31,0xC7,0x31,0xC7,0x31,0xC7,0x31,0xC7,0x31,
    0xC7,0x31,0xC7,0x31,0xC7,0x31,0xC7,0x31,0xC7,0x31,0x10,0x7C,0xDB,0xDE,0x9A,0xD6,
    0x7D,0xEF,0xDB,0xDE,0x8A,0x4A,0xC7,0x31,0xC7,0x31,0xC7,0x31,0xC7,0x31,0xC7,0x31,
    0xC7,0x31,0xC7,0x31,0xC7,0x31,0xC7,0x31,0xC7,0x31,0xC7,0x31,0xC7,0x31,0xC7,0x31,
    0x49,0x42,0x8A,0x4A,0xCB,0x52,0xAB,0x52,0xAA,0x52,0xAA,0x52,0xAA,0x52,0xCB,0x5A,
    0x2C,0x63,0xAE,0x73,0xAE,0x73,0x6D,0x6B,0x0C,0x5B,0xE8,0x31,0xC7,0x31,0xC7,0x31,
    0xC7,0x31,0xC7,0x31,0xC7,0x31,0xC7,0x31,0xC7,0x31,0xC7,0x31,0xC7,0x31,0xC7,0x31,
    0xC7,0x31,0xC7,0x31,0xC7,0x31,0xC7,0x31,0xC7,0x31,0xC7,0x31,0xC7,0x31,0xC7,0x31,
    0xC7,0x31,0xC7,0x31,0xC7,0x31,0xC7,0x31,0xC7,0x31,0xC7,0x31,0xC7,0x31,0xC7,0x31,
    0xC7,0x31,0xC7,0x31,0xC7,0x31,0xC7,0x31,0xC7,0x31,0xC7,0x31,0xC7,0x31,0xC7,0x31,
    0xC7,0x31,0xC7,0x31,0xC7,0x31,0xC7,0x31,0xC7,0x31,0xC7,0x31,0xC7,0x31,0xC7,0x31,
    0xC7,0x31,0xC7,0x31,0xC7,0x31,0xC7,0x31,0xC7,0x31,0xC7,0x31,0xC7,0x31,0xC7,0x31,
    0xC7,0x31,0xC7,0x31,0xC7,0x31,0xC7,0x31,0xC7,0x31,0xC7,0x31,0xC7,0x31,0xC7,0x31,
    0xC7,0x31,0xC7,0x31,0xC7,0x31,0xC7,0x31,0xC7,0x31,0xC7,0x31,0xC7,0x31,0xC7,0x31,
    0xC7,0x31,0xC7,0x31,0xC7,0x31,0xC7,0x31,0xC7,0x31,0xC7,0x31,0xC7,0x31,0xC7,0x31,
    0xC7,0x31,0xC7,0x31,0xC7,0x31,0xC7,0x31,0xC7,0x31,0xC7,0x31,0xC7,0x31,0xC7,0x31,
    0xC7,0x31,0xC7,0x31,0xC7,0x31,0xC7,0x31,0xC7,0x31,0xC7,0x31,0xC7,0x31,0xC7,0x31,
    0xC7,0x31,0xC7,0x31,0xC7,0x31,0xC7,0x31,0xC7,0x31,0x28,0x3A,0x14,0x9D,0xFB,0xDE,
    0xBB,0xD6,0xDF,0xF7,0xBA,0xD6,0xAE,0x73,0xC7,0x31,0xC7,0x31,0xC7,0x31,0xC7,0x31,
    0xC7,0x31,0xC7,0x31,0xC7,0x31,0xC7,0x31,0xC7,0x31,0xC7,0x31,0xC7,0x31,0x8B,0x4A,
    0xEC,0x5A,0xCB,0x52,0x8A,0x52,0x8A,0x52,0xAA,0x52,0xCA,0x5A,0x4C,0x6B,0xAE,0x73,
    0xAE,0x73,0x0C,0x63,0x49,0x42,0xC7,0x31,0xC7,0x31,0xC7,0x31,0xC7,0x31,0xC7,0x31,
    0xC7,0x31,0xC7,0x31,0xC7,0x31,0xC7,0x31,0xC7,0x31,0xC7,0x31,0xC7,0x31,0xC7,0x31,
    0xC7,0x31,0xC7,0x31,0xC7,0x31,0xC7,0x31,0xC7,0x31,0xC7,0x31,0xC7,0x31,0xC7,0x31,
    0xC7,0x31,0xC7,0x31,0xC7,0x31,0xC7,0x31,0xC7,0x31,0xC7,0x31,0xC7,0x31,0xC7,0x31,
    0xC7,0x31,0xC7,0x31,0xC7,0x31,0xC7,0x31,0xC7,0x31,0xC7,0x31,0xC7,0x31,0xC7,0x31,
    0xC7,0x31,0xC7,0x31,0xC7,0x31,0xC7,0x31,0xC7,0x31,0xC7,0x31,0xC7,0x31,0xC7,0x31,
    0xC7,0x31,0xC7,0x31,0xC7,0x31,0xC7,0x31,0xC7,0x31,0xC7,0x31,0xC7,0x31,0xC7,0x31,
    0xC7,0x31,0xC7,0x31,0xC7,0x31,0xC7,0x31,0xC7,0x31,0xC7,0x31,0xC7,0x31,0xC7,0x31,
    0xC7,0x31,0xC7,0x31,0xC7,0x31,0xC7,0x31,0xC7,0x31,0xC7,0x31,0xC7,0x31,0xC7,0x31,
    0xC7,0x31,0xC7,0x31,0xC7,0x31,0xC7,0x31,0xC7,0x31,0xC7,0x31,0xC7,0x31,0xC7,0x31,
    0xC7,0x31,0xC7,0x31,0xC7,0x31,0xC7,0x31,0xC7,0x31,0xC7,0x31,0xC7,0x31,0xC7,0x31,
    0xC7,0x31,0xC7,0x31,0xC7,0x31,0xC7,0x31,0xC7,0x31,0xC7,0x31,0xC7,0x31,0xC7,0x31,
    0xC7,0x31,0xC7,0x31,0xC7,0x31,0xC7,0x31,0xC7,0x31,0xC7,0x31,0xC7,0x31,0x55,0xA5,
    0x1C,0xE7,0xBA,0xD6,0xDF,0xF7,0x3C,0xE7,0xCB,0x52,0xC7,0x31,0xC7,0x31,0xC7,0x31,
    0xC7,0x31,0xC7,0x31,0xC7,0x31,0xC7,0x31,0xC7,0x31,0xC7,0x31,0x6A,0x4A,0xCC,0x5A,
    0xAA,0x52,0x8A,0x52,0xAA,0x52,0xCB,0x5A,0x6D,0x6B,0xAE,0x73,0x4D,0x6B,0xEC,0x5A,
    0x49,0x42,0xC7,0x31,0xC7,0x31,0xC7,0x31,0xC7,0x31,0xC7,0x31,0xC7,0x31,0xC7,0x31,
    0xC7,0x31,0xC7,0x31,0xC7,0x31,0xC7,0x31,0xC7,0x31,0xC7,0x31,0xC7,0x31,0xC7,0x31,
    0xC7,0x31,0xC7,0x31,0xC7,0x31,0xC7,0x31,0xC7,0x31,0xC7,0x31,0xC7,0x31,0xC7,0x31,
    0xC7,0x31,0xC7,0x31,0xC7,0x31,0xC7,0x31,0xC7,0x31,0xC7,0x31,0xC7,0x31,0xC7,0x31,
    0xC7,0x31,0xC7,0x31,0xC7,0x31,0xC7,0x31,0xC7,0x31,0xC7,0x31,0xC7,0x31,0xC7,0x31,
    0xC7,0x31,0xC7,0x31,0xC7,0x31,0xC7,0x31,0xC7,0x31,0xC7,0x31,0xC7,0x31,0xC7,0x31,
    0xC7,0x31,0xC7,0x31,0xC7,0x31,0xC7,0x31,0xC7,0x31,0xC7,0x31,0xC7,0x31,0xC7,0x31,
    0xC7,0x31,0xC7,0x31,0xC7,0x31,0xC7,0x31,0xC7,0x31,0xC7,0x31,0xC7,0x31,0xC7,0x31,
    0xC7,0x31,0xC7,0x31,0xC7,0x31,0xC7,0x31,0xC7,0x31,0xC7,0x31,0xC7,0x31,0xC7,0x31,
    0xC7,0x31,0xC7,0x31,0xC7,0x31,0xC7,0x31,0xC7,0x31,0xC7,0x31,0xC7,0x31,0xC7,0x31,
    0xC7,0x31,0xC7,0x31,0xC7,0x31,0xC7,0x31,0xC7,0x31,0xC7,0x31,0xC7,0x31,0xC7,0x31,
    0xC7,0x31,0xC7,0x31,0xC7,0x31,0xC7,0x31,0xC7,0x31,0xC7,0x31,0xC7,0x31,0xC7,0x31,
    0xC7,0x31,0xC7,0x31,0xC7,0x31,0xC7,0x31,0xC7,0x31,0xC7,0x31,0xC7,0x31,0x29,0x42,
    0xD7,0xB5,0x1C,0xE7,0xBA,0xD6,0xDF,0xFF,0x79,0xCE,0xCB,0x52,0xC7,0x31,0xC7,0x31,
    0xC7,0x31,0xC7,0x31,0xC7,0x31,0xC7,0x31,0xC7,0x31,0xAB,0x52,0xCB,0x52,0xAB,0x52,
    0xCB,0x52,0xEB,0x5A,0x0C,0x63,0xEB,0x5A,0x6D,0x6B,0xAF,0x73,0xC7,0x31,0xC7,0x31,
    0xC7,0x31,0xC7,0x31,0xC7,0x31,0xC7,0x31,0xC7,0x31,0xC7,0x31,0xC7,0x31,0xC7,0x31,
    0xC7,0x31,0xC7,0x31,0xC7,0x31,0xC7,0x31,0xC7,0x31,0xC7,0x31,0xC7,0x31,0xC7,0x31,
    0xC7,0x31,0xC7,0x31,0xC7,0x31,0xC7,0x31,0xC7,0x31,0xC7,0x31,0xC7,0x31,0xC7,0x31,
    0xC7,0x31,0xC7,0x31,0xC7,0x31,0xC7,0x31,0xC7,0x31,0xC7,0x31,0xC7,0x31,0xC7,0x31,
    0xC7,0x31,0xC7,0x31,0xC7,0x31,0xC7,0x31,0xC7,0x31,0xC7,0x31,0xC7,0x31,0xC7,0x31,
    0xC7,0x31,0xC7,0x31,0xC7,0x31,0xC7,0x31,0xC7,0x31,0xC7,0x31,0xC7,0x31,0xC7,0x31,
    0xC7,0x31,0xC7,0x31,0xC7,0x31,0xC7,0x31,0xC7,0x31,0xC7,0x31,0xC7,0x31,0xC7,0x31,
    0xC7,0x31,0xC7,0x31,0xC7,0x31,0xC7,0x31,0xC7,0x31,0xC7,0x31,0xC7,0x31,0xC7,0x31,
    0xC7,0x31,0xC7,0x31,0xC7,0x31,0xC7,0x31,0xC7,0x31,0xC7,0x31,0xC7,0x31,0xC7,0x31,
    0xC7,0x31,0xC7,0x31,0xC7,0x31,0xC7,0x31,0xC7,0x31,0xC7,0x31,0xC7,0x31,0xC7,0x31,
    0xC7,0x31,0xC7,0x31,0xC7,0x31,0xC7,0x31,0xC7,0x31,0xC7,0x31,0xC7,0x31,0xC7,0x31,
    0xC7,0x31,0xC7,0x31,0xC7,0x31,0xC7,0x31,0xC7,0x31,0xC7,0x31,0xC7,0x31,0xC7,0x31,
    0xC7,0x31,0xC7,0x31,0xC7,0x31,0xC7,0x31,0xC7,0x31,0xC7,0x31,0xC7,0x31,0xC7,0x31,
    0x6A,0x42,0x18,0xC6,0xFC,0xE6,0xDB,0xDE,0xFF,0xFF,0x79,0xCE,0x49,0x42,0xC7,0x31,
    0xA7,0x31,0xC7,0x31,0x49,0x4A,0x34,0xA5,0xB2,0x94,0x8A,0x52,0x8A,0x4A,0x8A,0x52,
    0xAB,0x52,0xAB,0x52,0x6A,0x4A,0x49,0x42,0xC7,0x31,0xC7,0x31,0xC7,0x31,0xC7,0x31,
    0xC7,0x31,0xC7,0x31,0xC7,0x31,0xC7,0x31,0xC7,0x31,0xC7,0x31,0xC7,0x31,0xC7,0x31,
    0xC7,0x31,0xC7,0x31,0xC7,0x31,0xC7,0x31,0xC7,0x31,0xC7,0x31,0xC7,0x31,0xC7,0x31,
    0xC7,0x31,0xC7,0x31,0xC7,0x31,0xC7,0x31,0xC7,0x31,0xC7,0x31,0xC7,0x31,0xC7,0x31,
    0xC7,0x31,0xC7,0x31,0xC7,0x31,0xC7,0x31,0xC7,0x31,0xC7,0x31,0xC7,0x31,0xC7,0x31,
    0xC7,0x31,0xC7,0x31,0xC7,0x31,0xC7,0x31,0xC7,0x31,0xC7,0x31,0xC7,0x31,0xC7,0x31,
    0xC7,0x31,0xC7,0x31,0xC7,0x31,0xC7,0x31,0xC7,0x31,0xC7,0x31,0xC7,0x31,0xC7,0x31,
    0xC7,0x31,0xC7,0x31,0xC7,0x31,0xC7,0x31,0xC7,0x31,0xC7,0x31,0xC7,0x31,0xC7,0x31,
    0xC7,0x31,0xC7,0x31,0xC7,0x31,0xC7,0x31,0xC7,0x31,0xC7,0x31,0xC7,0x31,0xC7,0x31,
    0xC7,0x31,0xC7,0x31,0xC7,0x31,0xC7,0x31,0xC7,0x31,0xC7,0x31,0xC7,0x31,0xC7,0x31,
    0xC7,0x31,0xC7,0x31,0xC7,0x31,0xC7,0x31,0xC7,0x31,0xC7,0x31,0xC7,0x31,0xC7,0x31,
    0xC7,0x31,0xC7,0x31,0xC7,0x31,0xC7,0x31,0xC7,0x31,0xC7,0x31,0xC7,0x31,0xC7,0x31,
    0xC7,0x31,0xC7,0x31,0xC7,0x31,0xC7,0x31,0xC7,0x31,0xC7,0x31,0xC7,0x31,0xC7,0x31,
    0xC7,0x31,0xC7,0x31,0xC7,0x31,0xC7,0x31,0xC7,0x31,0xC7,0x31,0xC7,0x31,0xC7,0x31,
    0xC7,0x31,0x4D,0x63,0x9A,0xCE,0x3C,0xE7,0x5D,0xEF,0xFF,0xFF,0x1C,0xE7,0x8E,0x6B,
    0x08,0x42,0x64,0x31,0x27,0x4A,0xF7,0xC5,0x96,0xB5,0x08,0x42,0x49,0x4A,0x49,0x42,
    0xC7,0x31,0xC7,0x31,0xC7,0x31,0xC7,0x31,0xC7,0x31,0xC7,0x31,0xC7,0x31,0xC7,0x31,
    0xC7,0x31,0xC7,0x31,0xC7,0x31,0xC7,0x31,0xC7,0x31,0xC7,0x31,0xC7,0x31,0xC7,0x31,
    0xC7,0x31,0xC7,0x31,0xC7,0x31,0xC7,0x31,0xC7,0x31,0xC7,0x31,0xC7,0x31,0xC7,0x31,
    0xC7,0x31,0xC7,0x31,0xC7,0x31,0xC7,0x31,0xC7,0x31,0xC7,0x31,0xC7,0x31,0xC7,0x31,
    0xC7,0x31,0xC7,0x31,0xC7,0x31,0xC7,0x31,0xC7,0x31,0xC7,0x31,0xC7,0x31,0xC7,0x31,
    0xC7,0x31,0xC7,0x31,0xC7,0x31,0xC7,0x31,0xC7,0x31,0xC7,0x31,0xC7,0x31,0xC7,0x31,
    0xC7,0x31,0xC7,0x31,0xC7,0x31,0xC7,0x31,0xC7,0x31,0xC7,0x31,0xC7,0x31,0xC7,0x31,
    0xC7,0x31,0xC7,0x31,0xC7,0x31,0xC7,0x31,0xC7,0x31,0xC7,0x31,0xC7,0x31,0xC7,0x31,
    0xC7,0x31,0xC7,0x31,0xC7,0x31,0xC7,0x31,0xC7,0x31,0xC7,0x31,0xC7,0x31,0xC7,0x31,
    0xC7,0x31,0xC7,0x31,0xC7,0x31,0xC7,0x31,0xC7,0x31,0xC7,0x31,0xC7,0x31,0xC7,0x31,
    0xC7,0x31,0xC7,0x31,0xC7,0x31,0xC7,0x31,0xC7,0x31,0xC7,0x31,0xC7,0x31,0xC7,0x31,
    0xC7,0x31,0xC7,0x31,0xC7,0x31,0xC7,0x31,0xC7,0x31,0xC7,0x31,0xC7,0x31,0xC7,0x31,
    0xC7,0x31,0xC7,0x31,0xC7,0x31,0xC7,0x31,0xC7,0x31,0xC7,0x31,0xC7,0x31,0xC7,0x31,
    0xC7,0x31,0xC7,0x31,0xC7,0x31,0xC7,0x31,0xC7,0x31,0xC7,0x31,0xC7,0x31,0xC7,0x31,
    0xAB,0x4A,0xAB,0x52,0xCF,0x73,0x91,0x8C,0x10,0x84,0x51,0x8C,0x0F,0x84,0xD7,0xBD,
    0x3C,0xE7,0x95,0xB5,0xCE,0x7B,0x81,0x10,0xE3,0x18,0xA7,0x31,0x28,0x3A,0xC7,0x31,
    0xC7,0x31,0xC7,0x31,0xC7,0x31,0xC7,0x31,0xC7,0x31,0xC7,0x31,0xC7,0x31,0xC7,0x31,
    0xC7,0x31,0xC7,0x31,0xC7,0x31,0xC7,0x31,0xC7,0x31,0xC7,0x31,0xC7,0x31,0xC7,0x31,
    0xC7,0x31,0xC7,0x31,0xC7,0x31,0xC7,0x31,0xC7,0x31,0xC7,0x31,0xC7,0x31,0xC7,0x31,
    0xC7,0x31,0xC7,0x31,0xC7,0x31,0xC7,0x31,0xC7,0x31,0xC7,0x31,0xC7,0x31,0xC7,0x31,
    0xC7,0x31,0xC7,0x31,0xC7,0x31,0xC7,0x31,0xC7,0x31,0xC7,0x31,0xC7,0x31,0xC7,0x31,
    0xC7,0x31,0xC7,0x31,0xC7,0x31,0xC7,0x31,0xC7,0x31,0xC7,0x31,0xC7,0x31,0xC7,0x31,
    0xC7,0x31,0xC7,0x31,0xC7,0x31,0xC7,0x31,0xC7,0x31,0xC7,0x31,0xC7,0x31,0xC7,0x31,
    0xC7,0x31,0xC7,0x31,0xC7,0x31,0xC7,0x31,0xC7,0x31,0xC7,0x31,0xC7,0x31,0xC7,0x31,
    0xC7,0x31,0xC7,0x31,0xC7,0x31,0xC7,0x31,0xC7,0x31,0xC7,0x31,0xC7,0x31,0xC7,0x31,
    0xC7,0x31,0xC7,0x31,0xC7,0x31,0xC7,0x31,0xC7,0x31,0xC7,0x31,0xC7,0x31,0xC7,0x31,
    0xC7,0x31,0xC7,0x31,0xC7,0x31,0xC7,0x31,0xC7,0x31,0xC7,0x31,0xC7,0x31,0xC7,0x31,
    0xC7,0x31,0xC7,0x31,0xC7,0x31,0xC7,0x31,0xC7,0x31,0xC7,0x31,0xC7,0x31,0xC7,0x31,
    0xC7,0x31,0xC7,0x31,0xC7,0x31,0xC7,0x31,0xC7,0x31,0xC7,0x31,0xC7,0x31,0xC7,0x31,
    0xC7,0x31,0xC7,0x31,0xC7,0x31,0xC7,0x31,0xC7,0x31,0xC7,0x31,0xCC,0x52,0x4E,0x63,
    0x4D,0x63,0x0C,0x5B,0x69,0x4A,0xC7,0x39,0xA6,0x31,0xC7,0x39,0xC7,0x39,0x69,0x4A,
    0x8A,0x52,0x55,0xAD,0x96,0xB5,0x61,0x08,0xE3,0x18,0x4D,0x6B,0xC7,0x31,0xC7,0x31,
    0xC7,0x31,0xC7,0x31,0xC7,0x31,0xC7,0x31,0xC7,0x31,0xC7,0x31,0xC7,0x31,0xC7,0x31,
    0xC7,0x31,0xC7,0x31,0xC7,0x31,0xC7,0x31,0xC7,0x31,0xC7,0x31,0xC7,0x31,0xC7,0x31,
    0xC7,0x31,0xC7,0x31,0xC7,0x31,0xC7,0x31,0xC7,0x31,0xC7,0x31,0xC7,0x31,0xC7,0x31,
    0xC7,0x31,0xC7,0x31,0xC7,0x31,0xC7,0x31,0xC7,0x31,0xC7,0x31,0xC7,0x31,0xC7,0x31,
    0xC7,0x31,0xC7,0x31,0xC7,0x31,0xC7,0x31,0xC7,0x31,0xC7,0x31,0xC7,0x31,0xC7,0x31,
    0xC7,0x31,0xC7,0x31,0xC7,0x31,0xC7,0x31,0xC7,0x31,0xC7,0x31,0xC7,0x31,0xC7,0x31,
    0xC7,0x31,0xC7,0x31,0xC7,0x31,0xC7,0x31,0xC7,0x31,0xC7,0x31,0xC7,0x31,0xC7,0x31,
    0xC7,0x31,0xC7,0x31,0xC7,0x31,0xC7,0x31,0xC7,0x31,0xC7,0x31,0xC7,0x31,0xC7,0x31,
    0xC7,0x31,0xC7,0x31,0xC7,0x31,0xC7,0x31,0xC7,0x31,0xC7,0x31,0xC7,0x31,0xC7,0x31,
    0xC7,0x31,0xC7,0x31,0xC7,0x31,0xC7,0x31,0xC7,0x31,0xC7,0x31,0xC7,0x31,0xC7,0x31,
    0xC7,0x31,0xC7,0x31,0xC7,0x31,0xC7,0x31,0xC7,0x31,0xC7,0x31,0xC7,0x31,0xC7,0x31,
    0xC7,0x31,0xC7,0x31,0xC7,0x31,0xC7,0x31,0xC7,0x31,0xC7,0x31,0xC7,0x31,0xC7,0x31,
    0xC7,0x31,0xC7,0x31,0xC7,0x31,0xC7,0x31,0xC7,0x31,0xC7,0x31,0xC7,0x31,0xC7,0x31,
    0xC7,0x31,0xC7,0x31,0xC7,0x31,0x6A,0x42,0x0C,0x5B,0x6E,0x6B,0x4E,0x63,0x0C,0x63,
    0x89,0x4A,0x28,0x42,0x08,0x42,0xC7,0x39,0xA6,0x31,0xA6,0x31,0xC7,0x39,0x04,0x21,
    0x00,0x00,0xC7,0x31,0x45,0x29,0x20,0x08,0x71,0x94,0x14,0xA5,0xC7,0x31,0xC7,0x31,
    0xC7,0x31,0xC7,0x31,0xC7,0x31,0xC7,0x31,0xC7,0x31,0xC7,0x31,0xC7,0x31,0xC7,0x31,
    0xC7,0x31,0xC7,0x31,0xC7,0x31,0xC7,0x31,0xC7,0x31,0xC7,0x31,0xC7,0x31,0xC7,0x31,
    0xC7,0x31,0xC7,0x31,0xC7,0x31,0xC7,0x31,0xC7,0x31,0xC7,0x31,0xC7,0x31,0xC7,0x31,
    0xC7,0x31,0xC7,0x31,0xC7,0x31,0xC7,0x31,0xC7,0x31,0xC7,0x31,0xC7,0x31,0xC7,0x31,
    0xC7,0x31,0xC7,0x31,0xC7,0x31,0xC7,0x31,0xC7,0x31,0xC7,0x31,0xC7,0x31,0xC7,0x31,
    0xC7,0x31,0xC7,0x31,0xC7,0x31,0xC7,0x31,0xC7,0x31,0xC7,0x31,0xC7,0x31,0xC7,0x31,
    0xC7,0x31,0xC7,0x31,0xC7,0x31,0xC7,0x31,0xC7,0x31,0xC7,0x31,0xC7,0x31,0xC7,0x31,
    0xC7,0x31,0xC7,0x31,0xC7,0x31,0xC7,0x31,0xC7,0x31,0xC7,0x31,0xC7,0x31,0xC7,0x31,
    0xC7,0x31,0xC7,0x31,0xC7,0x31,0xC7,0x31,0xC7,0x31,0xC7,0x31,0xC7,0x31,0xC7,0x31,
    0xC7,0x31,0xC7,0x31,0xC7,0x31,0xC7,0x31,0xC7,0x31,0xC7,0x31,0xC7,0x31,0xC7,0x31,
    0xC7,0x31,0xC7,0x31,0xC7,0x31,0xC7,0x31,0xC7,0x31,0xC7,0x31,0xC7,0x31,0xC7,0x31,
    0xC7,0x31,0xC7,0x31,0xC7,0x31,0xC7,0x31,0xC7,0x31,0xC7,0x31,0xC7,0x31,0xC7,0x31,
    0xC7,0x31,0xC7,0x31,0xC7,0x31,0xC7,0x31,0xC7,0x31,0xC7,0x31,0xC7,0x31,0xC7,0x31,
    0xC7,0x31,0x8A,0x4A,0x2D,0x5B,0x6E,0x6B,0x4D,0x6B,0xCB,0x5A,0x69,0x4A,0x49,0x4A,
    0x28,0x42,0x08,0x42,0xE7,0x39,0xC7,0x39,0xA6,0x31,0x86,0x31,0xC7,0x39,0x10,0x84,
    0xF3,0x9C,0x30,0x8C,0xCE,0x83,0x34,0xAD,0x9E,0xF7,0x92,0x8C,0xC7,0x31,0xC7,0x31,
    0xC7,0x31,0xC7,0x31,0xC7,0x31,0xC7,0x31,0xC7,0x31,0xC7,0x31,0xC7,0x31,0xC7,0x31,
    0xC7,0x31,0xC7,0x31,0xC7,0x31,0xC7,0x31,0xC7,0x31,0xC7,0x31,0xC7,0x31,0xC7,0x31,
    0xC7,0x31,0xC7,0x31,0xC7,0x31,0xC7,0x31,0xC7,0x31,0xC7,0x31,0xC7,0x31,0xC7,0x31,
    0xC7,0x31,0xC7,0x31,0xC7,0x31,0xC7,0x31,0xC7,0x31,0xC7,0x31,0xC7,0x31,0xC7,0x31,
    0xC7,0x31,0xC7,0x31,0xC7,0x31,0xC7,0x31,0xC7,0x31,0xC7,0x31,0xC7,0x31,0xC7,0x31,
    0xC7,0x31,0xC7,0x31,0xC7,0x31,0xC7,0x31,0xC7,0x31,0xC7,0x31,0xC7,0x31,0xC7,0x31,
    0xC7,0x31,0xC7,0x31,0xC7,0x31,0xC7,0x31,0xC7,0x31,0xC7,0x31,0xC7,0x31,0xC7,0x31,
    0xC7,0x31,0xC7,0x31,0xC7,0x31,0xC7,0x31,0xC7,0x31,0xC7,0x31,0xC7,0x31,0xC7,0x31,
    0xC7,0x31,0xC7,0x31,0xC7,0x31,0xC7,0x31,0xC7,0x31,0xC7,0x31,0xC7,0x31,0xC7,0x31,
    0xC7,0x31,0xC7,0x31,0xC7,0x31,0xC7,0x31,0xC7,0x31,0xC7,0x31,0xC7,0x31,0xC7,0x31,
    0xC7,0x31,0xC7,0x31,0xC7,0x31,0xC7,0x31,0xC7,0x31,0xC7,0x31,0xC7,0x31,0xC7,0x31,
    0xC7,0x31,0xC7,0x31,0xC7,0x31,0xC7,0x31,0xC7,0x31,0xC7,0x31,0xC7,0x31,0xC7,0x31,
    0xC7,0x31,0xC7,0x31,0xC7,0x31,0xC7,0x31,0xC7,0x31,0xC7,0x31,0xC7,0x31,0x6A,0x42,
    0x0C,0x5B,0x6E,0x63,0x4D,0x6B,0xCB,0x5A,0x89,0x52,0x49,0x4A,0x28,0x42,0x08,0x42,
    0x08,0x42,0xE7,0x39,0xC7,0x39,0xC7,0x39,0xA6,0x31,0xA6,0x31,0xEF,0x7B,0xBA,0xD6,
    0x1C,0xE7,0xFB,0xDE,0xBA,0xD6,0x9A,0xD6,0x79,0xCE,0x8E,0x6B,0xC7,0x31,0xC7,0x31,
    0xC7,0x31,0xC7,0x31,0xC7,0x31,0xC7,0x31,0xC7,0x31,0xC7,0x31,0xC7,0x31,0xC7,0x31,
    0xC7,0x31,0xC7,0x31,0xC7,0x31,0xC7,0x31,0xC7,0x31,0xC7,0x31,0xC7,0x31,0xC7,0x31,
    0xC7,0x31,0xC7,0x31,0xC7,0x31,0xC7,0x31,0xC7,0x31,0xC7,0x31,0xC7,0x31,0xC7,0x31,
    0xC7,0x31,0xC7,0x31,0xC7,0x31,0xC7,0x31,0xC7,0x31,0xC7,0x31,0xC7,0x31,0xC7,0x31,
    0xC7,0x31,0xC7,0x31,0xC7,0x31,0xC7,0x31,0xC7,0x31,0xC7,0x31,0xC7,0x31,0xC7,0x31,
    0xC7,0x31,0xC7,0x31,0xC7,0x31,0xC7,0x31,0xC7,0x31,0xC7,0x31,0xC7,0x31,0xC7,0x31,
    0xC7,0x31,0xC7,0x31,0xC7,0x31,0xC7,0x31,0xC7,0x31,0xC7,0x31,0xC7,0x31,0xC7,0x31,
    0xC7,0x31,0xC7,0x31,0xC7,0x31,0xC7,0x31,0xC7,0x31,0xC7,0x31,0xC7,0x31,0xC7,0x31,
    0xC7,0x31,0xC7,0x31,0xC7,0x31,0xC7,0x31,0xC7,0x31,0xC7,0x31,0xC7,0x31,0xC7,0x31,
    0xC7,0x31,0xC7,0x31,0xC7,0x31,0xC7,0x31,0xC7,0x31,0xC7,0x31,0xC7,0x31,0xC7,0x31,
    0xC7,0x31,0xC7,0x31,0xC7,0x31,0xC7,0x31,0xC7,0x31,0xC7,0x31,0xC7,0x31,0xC7,0x31,
    0xC7,0x31,0xC7,0x31,0xC7,0x31,0xC7,0x31,0xC7,0x31,0xC7,0x31,0xC7,0x31,0xC7,0x31,
    0xC7,0x31,0xC7,0x31,0xC7,0x31,0xC7,0x31,0xC7,0x31,0x8A,0x4A,0x0C,0x5B,0x2C,0x63,
    0x0C,0x63,0xAB,0x52,0x89,0x52,0x69,0x4A,0x49,0x4A,0x28,0x42,0x08,0x42,0x08,0x42,
    0xE7,0x39,0xC7,0x39,0xA6,0x39,0xA6,0x39,0xC7,0x39,0x8A,0x4A,0xD3,0x9C,0xB2,0x94,
    0x34,0xA5,0xB6,0xB5,0xF7,0xBD,0xB6,0xB5,0x34,0xA5,0xCB,0x52,0xC7,0x31,0xC7,0x31,
    0xC7,0x31,0xC7,0x31,0xC7,0x31,0xC7,0x31,0xC7,0x31,0xC7,0x31,0xC7,0x31,0xC7,0x31,
    0xC7,0x31,0xC7,0x31,0xC7,0x31,0xC7,0x31,0xC7,0x31,0xC7,0x31,0xC7,0x31,0xC7,0x31,
    0xC7,0x31,0xC7,0x31,0xC7,0x31,0xC7,0x31,0xC7,0x31,0xC7,0x31,0xC7,0x31,0xC7,0x31,
    0xC7,0x31,0xC7,0x31,0xC7,0x31,0xC7,0x31,0xC7,0x31,0xC7,0x31,0xC7,0x31,0xC7,0x31,
    0xC7,0x31,0xC7,0x31,0xC7,0x31,0xC7,0x31,0xC7,0x31,0xC7,0x31,0xC7,0x31,0xC7,0x31,
    0xC7,0x31,0xC7,0x31,0xC7,0x31,0xC7,0x31,0xC7,0x31,0xC7,0x31,0xC7,0x31,0xC7,0x31,
    0xC7,0x31,0xC7,0x31,0xC7,0x31,0xC7,0x31,0xC7,0x31,0xC7,0x31,0xC7,0x31,0xC7,0x31,
    0xC7,0x31,0xC7,0x31,0xC7,0x31,0xC7,0x31,0xC7,0x31,0xC7,0x31,0xC7,0x31,0xC7,0x31,
    0xC7,0x31,0xC7,0x31,0xC7,0x31,0xC7,0x31,0xC7,0x31,0xC7,0x31,0xC7,0x31,0xC7,0x31,
    0xC7,0x31,0xC7,0x31,0xC7,0x31,0xC7,0x31,0xC7,0x31,0xC7,0x31,0xC7,0x31,0xC7,0x31,
    0xC7,0x31,0xC7,0x31,0xC7,0x31,0xC7,0x31,0xC7,0x31,0xC7,0x31,0xC7,0x31,0xC7,0x31,
    0xC7,0x31,0xC7,0x31,0xC7,0x31,0xC7,0x31,0xC7,0x31,0xC7,0x31,0xC7,0x31,0xC7,0x31,
    0xC7,0x31,0xC7,0x31,0xC7,0x31,0x6A,0x42,0xEC,0x5A,0x0C,0x63,0x0C,0x5B,0xAA,0x52,
    0x69,0x52,0x49,0x4A,0x48,0x4A,0x28,0x42,0x08,0x42,0x08,0x42,0xE7,0x39,0xE7,0x39,
    0xC7,0x39,0xA6,0x31,0xA6,0x31,0xE7,0x39,0x08,0x3A,0xC7,0x31,0x0C,0x5B,0x92,0x94,
    0xB2,0x94,0xF4,0x9C,0x34,0xA5,0x75,0xAD,0x92,0x8C,0xC7,0x31,0xC7,0x31,0xC7,0x31,
    0xC7,0x31,0xC7,0x31,0xC7,0x31,0xC7,0x31,0xC7,0x31,0xC7,0x31,0xC7,0x31,0xC7,0x31,
    0xC7,0x31,0xC7,0x31,0xC7,0x31,0xC7,0x31,0xC7,0x31,0xC7,0x31,0xC7,0x31,0xC7,0x31,
    0xC7,0x31,0xC7,0x31,0xC7,0x31,0xC7,0x31,0xC7,0x31,0xC7,0x31,0xC7,0x31,0xC7,0x31,
    0xC7,0x31,0xC7,0x31,0xC7,0x31,0xC7,0x31,0xC7,0x31,0xC7,0x31,0xC7,0x31,0xC7,0x31,
    0xC7,0x31,0xC7,0x31,0xC7,0x31,0xC7,0x31,0xC7,0x31,0xC7,0x31,0xC7,0x31,0xC7,0x31,
    0xC7,0x31,0xC7,0x31,0xC7,0x31,0xC7,0x31,0xC7,0x31,0xC7,0x31,0xC7,0x31,0xC7,0x31,
    0xC7,0x31,0xC7,0x31,0xC7,0x31,0xC7,0x31,0xC7,0x31,0xC7,0x31,0xC7,0x31,0xC7,0x31,
    0xC7,0x31,0xC7,0x31,0xC7,0x31,0xC7,0x31,0xC7,0x31,0xC7,0x31,0xC7,0x31,0xC7,0x31,
    0xC7,0x31,0xC7,0x31,0xC7,0x31,0xC7,0x31,0xC7,0x31,0xC7,0x31,0xC7,0x31,0xC7,0x31,
    0xC7,0x31,0xC7,0x31,0xC7,0x31,0xC7,0x31,0xC7,0x31,0xC7,0x31,0xC7,0x31,0xC7,0x31,
    0xC7,0x31,0xC7,0x31,0xC7,0x31,0xC7,0x31,0xC7,0x31,0xC7,0x31,0xC7,0x31,0xC7,0x31,
    0xC7,0x31,0xC7,0x31,0xC7,0x31,0xC7,0x31,0xC7,0x31,0xC7,0x31,0xC7,0x31,0xC7,0x31,
    0x49,0x3A,0xAB,0x52,0x0D,0x5B,0x2D,0x5B,0xEC,0x5A,0xAA,0x52,0x89,0x52,0x69,0x52,
    0x49,0x4A,0x28,0x4A,0x28,0x42,0x07,0x42,0xE7,0x39,0xE7,0x39,0xC7,0x39,0xC7,0x39,
    0xC7,0x39,0xE7,0x39,0xE8,0x39,0x49,0x42,0xC7,0x31,0xC7,0x31,0xC7,0x31,0xEC,0x5A,
    0xF3,0x9C,0xD2,0x9C,0x34,0xA5,0x31,0x84,0x49,0x42,0xC7,0x31,0xC7,0x31,0xC7,0x31,
    0xC7,0x31,0xC7,0x31,0xC7,0x31,0xC7,0x31,0xC7,0x31,0xC7,0x31,0xC7,0x31,0xC7,0x31,
    0xC7,0x31,0xC7,0x31,0xC7,0x31,0xC7,0x31,0xC7,0x31,0xC7,0x31,0xC7,0x31,0xC7,0x31,
    0xC7,0x31,0xC7,0x31,0xC7,0x31,0xC7,0x31,0xC7,0x31,0xC7,0x31,0xC7,0x31,0xC7,0x31,
    0xC7,0x31,0xC7,0x31,0xC7,0x31,0xC7,0x31,0xC7,0x31,0xC7,0x31,0xC7,0x31,0xC7,0x31,
    0xC7,0x31,0xC7,0x31,0xC7,0x31,0xC7,0x31,0xC7,0x31,0xC7,0x31,0xC7,0x31,0xC7,0x31,
    0xC7,0x31,0xC7,0x31,0xC7,0x31,0xC7,0x31,0xC7,0x31,0xC7,0x31,0xC7,0x31,0xC7,0x31,
    0xC7,0x31,0xC7,0x31,0xC7,0x31,0xC7,0x31,0xC7,0x31,0xC7,0x31,0xC7,0x31,0xC7,0x31,
    0xC7,0x31,0xC7,0x31,0xC7,0x31,0xC7,0x31,0xC7,0x31,0xC7,0x31,0xC7,0x31,0xC7,0x31,
    0xC7,0x31,0xC7,0x31,0xC7,0x31,0xC7,0x31,0xC7,0x31,0xC7,0x31,0xC7,0x31,0xC7,0x31,
    0xC7,0x31,0xC7,0x31,0xC7,0x31,0xC7,0x31,0xC7,0x31,0xC7,0x31,0xC7,0x31,0xC7,0x31,
    0xC7,0x31,0xC7,0x31,0xC7,0x31,0xC7,0x31,0xC7,0x31,0xC7,0x31,0xC7,0x31,0xC7,0x31,
    0xC7,0x31,0xC7,0x31,0xC7,0x31,0xC7,0x31,0xC7,0x31,0xC7,0x31,0xCC,0x52,0xAB,0x52,
    0x0D,0x63,0x2C,0x63,0xEB,0x5A,0xAB,0x52,0x8A,0x52,0x69,0x4A,0x49,0x4A,0x48,0x4A,
    0x28,0x42,0x08,0x42,0x07,0x42,0xE7,0x39,0xC7,0x39,0xE7,0x39,0xE7,0x39,0xC7,0x39,
    0x08,0x42,0x29,0x42,0x28,0x3A,0xC7,0x31,0xC7,0x31,0xC7,0x31,0xC7,0x31,0xC7,0x31,
    0x8D,0x6B,0x2F,0x8C,0xAE,0x73,0xC7,0x31,0xC7,0x31,0xC7,0x31,0xC7,0x31,0xC7,0x31,
    0xC7,0x31,0xC7,0x31,0xC7,0x31,0xC7,0x31,0xC7,0x31,0xC7,0x31,0xC7,0x31,0xC7,0x31,
    0xC7,0x31,0xC7,0x31,0xC7,0x31,0xC7,0x31,0xC7,0x31,0xC7,0x31,0xC7,0x31,0xC7,0x31,
    0xC7,0x31,0xC7,0x31,0xC7,0x31,0xC7,0x31,0xC7,0x31,0xC7,0x31,0xC7,0x31,0xC7,0x31,
    0xC7,0x31,0xC7,0x31,0xC7,0x31,0xC7,0x31,0xC7,0x31,0xC7,0x31,0xC7,0x31,0xC7,0x31,
    0xC7,0x31,0xC7,0x31,0xC7,0x31,0xC7,0x31,0xC7,0x31,0xC7,0x31,0xC7,0x31,0xC7,0x31,
    0xC7,0x31,0xC7,0x31,0xC7,0x31,0xC7,0x31,0xC7,0x31,0xC7,0x31,0xC7,0x31,0xC7,0x31,
    0xC7,0x31,0xC7,0x31,0xC7,0x31,0xC7,0x31,0xC7,0x31,0xC7,0x31,0xC7,0x31,0xC7,0x31,
    0xC7,0x31,0xC7,0x31,0xC7,0x31,0xC7,0x31,0xC7,0x31,0xC7,0x31,0xC7,0x31,0xC7,0x31,
    0xC7,0x31,0xC7,0x31,0xC7,0x31,0xC7,0x31,0xC7,0x31,0xC7,0x31,0xC7,0x31,0xC7,0x31,
    0xC7,0x31,0xC7,0x31,0xC7,0x31,0xC7,0x31,0xC7,0x31,0xC7,0x31,0xC7,0x31,0xC7,0x31,
    0xC7,0x31,0xC7,0x31,0xC7,0x31,0xC7,0x31,0xC7,0x31,0xC7,0x31,0xC7,0x31,0xC7,0x31,
    0xC7,0x31,0xC7,0x31,0xC7,0x31,0xC7,0x31,0xD3,0x9C,0xF3,0xD5,0xAE,0xB4,0x0C,0x63,
    0xEB,0x5A,0xAA,0x52,0x8A,0x52,0x89,0x4A,0x69,0x4A,0x48,0x4A,0x28,0x42,0x28,0x42,
    0x28,0x42,0x08,0x42,0x07,0x42,0xE7,0x41,0x08,0x42,0x08,0x3A,0x29,0x42,0x09,0x3A,
    0xC7,0x31,0xC7,0x31,0xC7,0x31,0xC7,0x31,0xC7,0x31,0xC7,0x31,0xC7,0x31,0xC7,0x31,
    0xC7,0x31,0x69,0x4A,0xC7,0x31,0xC7,0x31,0xC7,0x31,0xC7,0x31,0xC7,0x31,0xC7,0x31,
    0xC7,0x31,0xC7,0x31,0xC7,0x31,0xC7,0x31,0xC7,0x31,0xC7,0x31,0xC7,0x31,0xC7,0x31,
    0xC7,0x31,0xC7,0x31,0xC7,0x31,0xC7,0x31,0xC7,0x31,0xC7,0x31,0xC7,0x31,0xC7,0x31,
    0xC7,0x31,0xC7,0x31,0xC7,0x31,0xC7,0x31,0xC7,0x31,0xC7,0x31,0xC7,0x31,0xC7,0x31,
    0xC7,0x31,0xC7,0x31,0xC7,0x31,0xC7,0x31,0xC7,0x31,0xC7,0x31,0xC7,0x31,0xC7,0x31,
    0xC7,0x31,0xC7,0x31,0xC7,0x31,0xC7,0x31,0xC7,0x31,0xC7,0x31,0xC7,0x31,0xC7,0x31,
    0xC7,0x31,0xC7,0x31,0xC7,0x31,0xC7,0x31,0xC7,0x31,0xC7,0x31,0xC7,0x31,0xC7,0x31,
    0xC7,0x31,0xC7,0x31,0xC7,0x31,0xC7,0x31,0xC7,0x31,0xC7,0x31,0xC7,0x31,0xC7,0x31,
    0xC7,0x31,0xC7,0x31,0xC7,0x31,0xC7,0x31,0xC7,0x31,0xC7,0x31,0xC7,0x31,0xC7,0x31,
    0xC7,0x31,0xC7,0x31,0xC7,0x31,0xC7,0x31,0xC7,0x31,0xC7,0x31,0xC7,0x31,0xC7,0x31,
    0xC7,0x31,0xC7,0x31,0xC7,0x31,0xC7,0x31,0xC7,0x31,0xC7,0x31,0xC7,0x31,0xC7,0x31,
    0xC7,0x31,0xC7,0x31,0xC7,0x31,0xC7,0x31,0xC7,0x31,0xC7,0x31,0xC7,0x31,0xC7,0x31,
    0xC7,0x31,0xC7,0x31,0xC7,0x31,0xC7,0x31,0x90,0xE5,0xCB,0xE4,0xC9,0x62,0xCB,0x5A,
    0xAA,0x52,0x8A,0x52,0x69,0x4A,0x69,0x4A,0x49,0x4A,0x28,0x42,0x08,0x42,0x08,0x42,
    0x08,0x3A,0x08,0x3A,0x08,0x3A,0x29,0x42,0xC7,0x31,0xC7,0x31,0xC7,0x31,0xC7,0x31,
    0xC7,0x31,0xC7,0x31,0xC7,0x31,0xC7,0x31,0xC7,0x31,0xC7,0x31,0xC7,0x31,0xC7,0x31,
    0xC7,0x31,0xC7,0x31,0xC7,0x31,0xC7,0x31,0xC7,0x31,0xC7,0x31,0xC7,0x31,0xC7,0x31,
    0xC7,0x31,0xC7,0x31,0xC7,0x31,0xC7,0x31,0xC7,0x31,0xC7,0x31,0xC7,0x31,0xC7,0x31,
    0xC7,0x31,0xC7,0x31,0xC7,0x31,0xC7,0x31,0xC7,0x31,0xC7,0x31,0xC7,0x31,0xC7,0x31,
    0xC7,0x31,0xC7,0x31,0xC7,0x31,0xC7,0x31,0xC7,0x31,0xC7,0x31,0xC7,0x31,0xC7,0x31,
    0xC7,0x31,0xC7,0x31,0xC7,0x31,0xC7,0x31,0xC7,0x31,0xC7,0x31,0xC7,0x31,0xC7,0x31,
    0xC7,0x31,0xC7,0x31,0xC7,0x31,0xC7,0x31,0xC7,0x31,0xC7,0x31,0xC7,0x31,0xC7,0x31,
    0xC7,0x31,0xC7,0x31,0xC7,0x31,0xC7,0x31,0xC7,0x31,0xC7,0x31,0xC7,0x31,0xC7,0x31,
    0xC7,0x31,0xC7,0x31,0xC7,0x31,0xC7,0x31,0xC7,0x31,0xC7,0x31,0xC7,0x31,0xC7,0x31,
    0xC7,0x31,0xC7,0x31,0xC7,0x31,0xC7,0x31,0xC7,0x31,0xC7,0x31,0xC7,0x31,0xC7,0x31,
    0xC7,0x31,0xC7,0x31,0xC7,0x31,0xC7,0x31,0xC7,0x31,0xC7,0x31,0xC7,0x31,0xC7,0x31,
    0xC7,0x31,0xC7,0x31,0xC7,0x31,0xC7,0x31,0xC7,0x31,0xC7,0x31,0xC7,0x31,0xC7,0x31,
    0xC7,0x31,0xC7,0x31,0xC7,0x31,0xC7,0x31,0xC7,0x31,0xC7,0x31,0xC7,0x31,0xC7,0x31,
    0xC7,0x31,0xC7,0x31,0xC7,0x31,0xC7,0x31,0x51,0xCD,0x0B,0xED,0x68,0x5A,0x6A,0x4A,
    0x8A,0x52,0x49,0x42,0x29,0x42,0x08,0x42,0x08,0x3A,0x08,0x3A,0x09,0x3A,0x28,0x3A,
    0xC7,0x31,0xC7,0x31,0xC7,0x31,0xC7,0x31,0xC7,0x31,0xC7,0x31,0xC7,0x31,0xC7,0x31,
    0xC7,0x31,0xC7,0x31,0xC7,0x31,0xC7,0x31,0xC7,0x31,0xC7,0x31,0xC7,0x31,0xC7,0x31,
    0xC7,0x31,0xC7,0x31,0xC7,0x31,0xC7,0x31,0xC7,0x31,0xC7,0x31,0xC7,0x31,0xC7,0x31,
    0xC7,0x31,0xC7,0x31,0xC7,0x31,0xC7,0x31,0xC7,0x31,0xC7,0x31,0xC7,0x31,0xC7,0x31,
    0xC7,0x31,0xC7,0x31,0xC7,0x31,0xC7,0x31,0xC7,0x31,0xC7,0x31,0xC7,0x31,0xC7,0x31,
    0xC7,0x31,0xC7,0x31,0xC7,0x31,0xC7,0x31,0xC7,0x31,0xC7,0x31,0xC7,0x31,0xC7,0x31,
    0xC7,0x31,0xC7,0x31,0xC7,0x31,0xC7,0x31,0xC7,0x31,0xC7,0x31,0xC7,0x31,0xC7,0x31,
    0xC7,0x31,0xC7,0x31,0xC7,0x31,0xC7,0x31,0xC7,0x31,0xC7,0x31,0xC7,0x31,0xC7,0x31,
    0xC7,0x31,0xC7,0x31,0xC7,0x31,0xC7,0x31,0xC7,0x31,0xC7,0x31,0xC7,0x31,0xC7,0x31,
    0xC7,0x31,0xC7,0x31,0xC7,0x31,0xC7,0x31,0xC7,0x31,0xC7,0x31,0xC7,0x31,0xC7,0x31,
    0xC7,0x31,0xC7,0x31,0xC7,0x31,0xC7,0x31,0xC7,0x31,0xC7,0x31,0xC7,0x31,0xC7,0x31,
    0xC7,0x31,0xC7,0x31,0xC7,0x31,0xC7,0x31,0xC7,0x31,0xC7,0x31,0xC7,0x31,0xC7,0x31,
    0xC7,0x31,0xC7,0x31,0xC7,0x31,0xC7,0x31,0xC7,0x31,0xC7,0x31,0xC7,0x31,0xC7,0x31,
    0xC7,0x31,0xC7,0x31,0xC7,0x31,0xC7,0x31,0xC7,0x31,0xC7,0x31,0xC7,0x31,0xC7,0x31,
    0xC7,0x31,0xC7,0x31,0xC7,0x31,0xC7,0x31,0xEF,0x73,0x13,0xE6,0x0D,0x94,0xE7,0x31,
    0x49,0x42,0x08,0x3A,0xE8,0x39,0xC7,0x31,0xC7,0x31,0xC7,0x31,0xC7,0x31,0xC7,0x31,
    0xC7,0x31,0xC7,0x31,0xC7,0x31,0xC7,0x31,0xC7,0x31,0xC7,0x31,0xC7,0x31,0xC7,0x31,
    0xC7,0x31,0xC7,0x31,0xC7,0x31,0xC7,0x31,0xC7,0x31,0xC7,0x31,0xC7,0x31,0xC7,0x31,
    0xC7,0x31,0xC7,0x31,0xC7,0x31,0xC7,0x31,0xC7,0x31,0xC7,0x31,0xC7,0x31,0xC7,0x31,
    0xC7,0x31,0xC7,0x31,0xC7,0x31,0xC7,0x31,0xC7,0x31,0xC7,0x31,0xC7,0x31,0xC7,0x31,
    0xC7,0x31,0xC7,0x31,0xC7,0x31,0xC7,0x31,0xC7,0x31,0xC7,0x31,0xC7,0x31,0xC7,0x31,
    0xC7,0x31,0xC7,0x31,0xC7,0x31,0xC7,0x31,0xC7,0x31,0xC7,0x31,0xC7,0x31,0xC7,0x31,
    0xC7,0x31,0xC7,0x31,0xC7,0x31,0xC7,0x31,0xC7,0x31,0xC7,0x31,0xC7,0x31,0xC7,0x31,
    0xC7,0x31,0xC7,0x31,0xC7,0x31,0xC7,0x31,0xC7,0x31,0xC7,0x31,0xC7,0x31,0xC7,0x31,
    0xC7,0x31,0xC7,0x31,0xC7,0x31,0xC7,0x31,0xC7,0x31,0xC7,0x31,0xC7,0x31,0xC7,0x31,
    0xC7,0x31,0xC7,0x31,0xC7,0x31,0xC7,0x31,0xC7,0x31,0xC7,0x31,0xC7,0x31,0xC7,0x31,
    0xC7,0x31,0xC7,0x31,0xC7,0x31,0xC7,0x31,0xC7,0x31,0xC7,0x31,0xC7,0x31,0xC7,0x31,
    0xC7,0x31,0xC7,0x31,0xC7,0x31,0xC7,0x31,0xC7,0x31,0xC7,0x31,0xC7,0x31,0xC7,0x31,
    0xC7,0x31,0xC7,0x31,0xC7,0x31,0xC7,0x31,0xC7,0x31,0xC7,0x31,0xC7,0x31,0xC7,0x31,
    0xC7,0x31,0xC7,0x31,0xC7,0x31,0xC7,0x31,0xC7,0x31,0xC7,0x31,0xC7,0x31,0xC7,0x31,
    0xC7,0x31,0xC7,0x31,0xC7,0x31,0xC7,0x31,0xAA,0x52,0x69,0x4A,0xEB,0x5A,0xC7,0x31,
    0xC7,0x31,0xC7,0x31,0xC7,0x31,0xC7,0x31,0xC7,0x31,0xC7,0x31,0xC7,0x31,0xC7,0x31,
    0xC7,0x31,0xC7,0x31,0xC7,0x31,0xC7,0x31,0xC7,0x31,0xC7,0x31,0xC7,0x31,0xC7,0x31,
    0xC7,0x31,0xC7,0x31,0xC7,0x31,0xC7,0x31,0xC7,0x31,0xC7,0x31,0xC7,0x31,0xC7,0x31,
    0xC7,0x31,0xC7,0x31,0xC7,0x31,0xC7,0x31,0xC7,0x31,0xC7,0x31,0xC7,0x31,0xC7,0x31,
    0xC7,0x31,0xC7,0x31,0xC7,0x31,0xC7,0x31,0xC7,0x31,0xC7,0x31,0xC7,0x31,0xC7,0x31,
    0xC7,0x31,0xC7,0x31,0xC7,0x31,0xC7,0x31,0xC7,0x31,0xC7,0x31,0xC7,0x31,0xC7,0x31,
    0xC7,0x31,0xC7,0x31,0xC7,0x31,0xC7,0x31,0xC7,0x31,0xC7,0x31,0xC7,0x31,0xC7,0x31,
    0xC7,0x31,0xC7,0x31,0xC7,0x31,0xC7,0x31,0xC7,0x31,0xC7,0x31,0xC7,0x31,0xC7,0x31,
    0xC7,0x31,0xC7,0x31,0xC7,0x31,0xC7,0x31,0xC7,0x31,0xC7,0x31,0xC7,0x31,0xC7,0x31,
    0xC7,0x31,0xC7,0x31,0xC7,0x31,0xC7,0x31,0xC7,0x31,0xC7,0x31,0xC7,0x31,0xC7,0x31,
    0xC7,0x31,0xC7,0x31,0xC7,0x31,0xC7,0x31,0xC7,0x31,0xC7,0x31,0xC7,0x31,0xC7,0x31,
    0xC7,0x31,0xC7,0x31,0xC7,0x31,0xC7,0x31,0xC7,0x31,0xC7,0x31,0xC7,0x31,0xC7,0x31,
    0xC7,0x31,0xC7,0x31,0xC7,0x31,0xC7,0x31,0xC7,0x31,0xC7,0x31,0xC7,0x31,0xC7,0x31,
    0xC7,0x31,0xC7,0x31,0xC7,0x31,0xC7,0x31,0xC7,0x31,0xC7,0x31,0xC7,0x31,0xC7,0x31,
    0xC7,0x31,0xC7,0x31,0xC7,0x31,0xC7,0x31,0xC7,0x31,0xC7,0x31,0xC7,0x31,0xC7,0x31,
    0xC7,0x31,0xC7,0x31,0xC7,0x31,0xC7,0x31,0xC7,0x31,0xC7,0x31,0xC7,0x31,0xC7,0x31,
    0xC7,0x31,0xC7,0x31,0xC7,0x31,0xC7,0x31,0xC7,0x31,0xC7,0x31,0xC7,0x31,0xC7,0x31,
    0xC7,0x31,0xC7,0x31,0xC7,0x31,0xC7,0x31,0xC7,0x31,0xC7,0x31,0xC7,0x31,0xC7,0x31,
    0xC7,0x31,0xC7,0x31,0xC7,0x31,0xC7,0x31,0xC7,0x31,0xC7,0x31,0xC7,0x31,0xC7,0x31,
    0xC7,0x31,0xC7,0x31,0xC7,0x31,0xC7,0x31,0xC7,0x31,0xC7,0x31,0xC7,0x31,0xC7,0x31,
    0xC7,0x31,0xC7,0x31,0xC7,0x31,0xC7,0x31,0xC7,0x31,0xC7,0x31,0xC7,0x31,0xC7,0x31,
    0xC7,0x31,0xC7,0x31,0xC7,0x31,0xC7,0x31,0xC7,0x31,0xC7,0x31,0xC7,0x31,0xC7,0x31,
    0xC7,0x31,0xC7,0x31,0xC7,0x31,0xC7,0x31,0xC7,0x31,0xC7,0x31,0xC7,0x31,0xC7,0x31,
    0xC7,0x31,0xC7,0x31,0xC7,0x31,0xC7,0x31,0xC7,0x31,0xC7,0x31,0xC7,0x31,0xC7,0x31,
    0xC7,0x31,0xC7,0x31,0xC7,0x31,0xC7,0x31,0xC7,0x31,0xC7,0x31,0xC7,0x31,0xC7,0x31,
    0xC7,0x31,0xC7,0x31,0xC7,0x31,0xC7,0x31,0xC7,0x31,0xC7,0x31,0xC7,0x31,0xC7,0x31,
    0xC7,0x31,0xC7,0x31,0xC7,0x31,0xC7,0x31,0xC7,0x31,0xC7,0x31,0xC7,0x31,0xC7,0x31,
    0xC7,0x31,0xC7,0x31,0xC7,0x31,0xC7,0x31,0xC7,0x31,0xC7,0x31,0xC7,0x31,0xC7,0x31,
    0xC7,0x31,0xC7,0x31,0xC7,0x31,0xC7,0x31,0xC7,0x31,0xC7,0x31,0xC7,0x31,0xC7,0x31,
    0xC7,0x31,0xC7,0x31,0xC7,0x31,0xC7,0x31,0xC7,0x31,0xC7,0x31,0xC7,0x31,0xC7,0x31,
    0xC7,0x31,0xC7,0x31,0xC7,0x31,0xC7,0x31,0xC7,0x31,0xC7,0x31,0xC7,0x31,0xC7,0x31,
    0xC7,0x31,0xC7,0x31,0xC7,0x31,0xC7,0x31,0xC7,0x31,0xC7,0x31,0xC7,0x31,0xC7,0x31,
    0xC7,0x31,0xC7,0x31,0xC7,0x31,0xC7,0x31,0xC7,0x31,0xC7,0x31,0xC7,0x31,0xC7,0x31,
    0xC7,0x31,0xC7,0x31,0xC7,0x31,0xC7,0x31,0xC7,0x31,0xC7,0x31,0xC7,0x31,0xC7,0x31,
    0xC7,0x31,0xC7,0x31,0xC7,0x31,0xC7,0x31,0xC7,0x31,0xC7,0x31,0xC7,0x31,0xC7,0x31,
    0xC7,0x31,0xC7,0x31,0xC7,0x31,0xC7,0x31,0xC7,0x31,0xC7,0x31,0xC7,0x31,0xC7,0x31,
    0xC7,0x31,0xC7,0x31,0xC7,0x31,0xC7,0x31,0xC7,0x31,0xC7,0x31,0xC7,0x31,0xC7,0x31,
    0xC7,0x31,0xC7,0x31,0xC7,0x31,0xC7,0x31,0xC7,0x31,0xC7,0x31,0xC7,0x31,0xC7,0x31,
    0xC7,0x31,0xC7,0x31,0xC7,0x31,0xC7,0x31,0xC7,0x31,0xC7,0x31,0xC7,0x31,0xC7,0x31,
    0xC7,0x31,0xC7,0x31,0xC7,0x31,0xC7,0x31,0xC7,0x31,0xC7,0x31,0xC7,0x31,0xC7,0x31,
    0xC7,0x31,0xC7,0x31,0xC7,0x31,0xC7,0x31,0xC7,0x31,0xC7,0x31,0xC7,0x31,0xC7,0x31,
    0xC7,0x31,0xC7,0x31,0xC7,0x31,0xC7,0x31,0xC7,0x31,0xC7,0x31,0xC7,0x31,0xC7,0x31,
    0xC7,0x31,0xC7,0x31,0xC7,0x31,0xC7,0x31,0xC7,0x31,0xC7,0x31,0xC7,0x31,0xC7,0x31,
    0xC7,0x31,0xC7,0x31,0xC7,0x31,0xC7,0x31,0xC7,0x31,0xC7,0x31,0xC7,0x31,0xC7,0x31,
    0xC7,0x31,0xC7,0x31,0xC7,0x31,0xC7,0x31,0xC7,0x31,0xC7,0x31,0xC7,0x31,0xC7,0x31,
    0xC7,0x31,0xC7,0x31,0xC7,0x31,0xC7,0x31,0xC7,0x31,0xC7,0x31,0xC7,0x31,0xC7,0x31,
    0xC7,0x31,0xC7,0x31,0xC7,0x31,0xC7,0x31,0xC7,0x31,0xC7,0x31,0xC7,0x31,0xC7,0x31,
    0xC7,0x31,0xC7,0x31,0xC7,0x31,0xC7,0x31,0xC7,0x31,0xC7,0x31,0xC7,0x31,0xC7,0x31,
    0xC7,0x31,0xC7,0x31,0xC7,0x31,0xC7,0x31,0xC7,0x31,0xC7,0x31,0xC7,0x31,0xC7,0x31,
    0xC7,0x31,0xC7,0x31,0xC7,0x31,0xC7,0x31,0xC7,0x31,0xC7,0x31,0xC7,0x31,0xC7,0x31,
    0xC7,0x31,0xC7,0x31,0xC7,0x31,0xC7,0x31,0xC7,0x31,0xC7,0x31,0xC7,0x31,0xC7,0x31,
    0xC7,0x31,0xC7,0x31,0xC7,0x31,0xC7,0x31,0xC7,0x31,0xC7,0x31,0xC7,0x31,0xC7,0x31,
    0xC7,0x31,0xC7,0x31,0xC7,0x31,0xC7,0x31,0xC7,0x31,0xC7,0x31,0xC7,0x31,0xC7,0x31,
    0xC7,0x31,0xC7,0x31,0xC7,0x31,0xC7,0x31,0xC7,0x31,0xC7,0x31,0xC7,0x31,0xC7,0x31,
    0xC7,0x31,0xC7,0x31,0xC7,0x31,0xC7,0x31,0xC7,0x31,0xC7,0x31,0xC7,0x31,0xC7,0x31,
    0xC7,0x31,0xC7,0x31,0xC7,0x31,0xC7,0x31,0xC7,0x31,0xC7,0x31,0xC7,0x31,0xC7,0x31,
    0xC7,0x31,0xC7,0x31,0xC7,0x31,0xC7,0x31,0xC7,0x31,0xC7,0x31,0xC7,0x31,0xC7,0x31,
    0xC7,0x31,0xC7,0x31,0xC7,0x31,0xC7,0x31,0xC7,0x31,0xC7,0x31,0xC7,0x31,0xC7,0x31,
    0xC7,0x31,0xC7,0x31,0xC7,0x31,0xC7,0x31,0xC7,0x31,0xC7,0x31,0xC7,0x31,0xC7,0x31,
    0xC7,0x31,0xC7,0x31,0xC7,0x31,0xC7,0x31,0xC7,0x31,0xC7,0x31,0xC7,0x31,0xC7,0x31,
    0xC7,0x31,0xC7,0x31,0xC7,0x31,0xC7,0x31,0xC7,0x31,0xC7,0x31,0xC7,0x31,0xC7,0x31,
    0xC7,0x31,0xC7,0x31,0xC7,0x31,0xC7,0x31,0xC7,0x31,0xC7,0x31,0xC7,0x31,0xC7,0x31,
    0xC7,0x31,0xC7,0x31,0xC7,0x31,0xC7,0x31,0xC7,0x31,0xC7,0x31,0xC7,0x31,0xC7,0x31,
    0xC7,0x31,0xC7,0x31,0xC7,0x31,0xC7,0x31,0xC7,0x31,0xC7,0x31,0xC7,0x31,0xC7,0x31,
    0xC7,0x31,0xC7,0x31,0xC7,0x31,0xC7,0x31,0xC7,0x31,0xC7,0x31,0xC7,0x31,0xC7,0x31,
    0xC7,0x31,0xC7,0x31,0xC7,0x31,0xC7,0x31,0xC7,0x31,0xC7,0x31,0xC7,0x31,0xC7,0x31,
    0xC7,0x31,0xC7,0x31,0xC7,0x31,0xC7,0x31,0xC7,0x31,0xC7,0x31,0xC7,0x31,0xC7,0x31,
    0xC7,0x31,0xC7,0x31,0xC7,0x31,0xC7,0x31,0xC7,0x31,0xC7,0x31,0xC7,0x31,0xC7,0x31,
    0xC7,0x31,0xC7,0x31,0xC7,0x31,0xC7,0x31,0xC7,0x31,0xC7,0x31,0xC7,0x31,0xC7,0x31,
    0xC7,0x31,0xC7,0x31,0xC7,0x31,0xC7,0x31,0xC7,0x31,0xC7,0x31,0xC7,0x31,0xC7,0x31,
    0xC7,0x31,0xC7,0x31,0xC7,0x31,0xC7,0x31,0xC7,0x31,0xC7,0x31,0xC7,0x31,0xC7,0x31,
    0xC7,0x31,0xC7,0x31,0xC7,0x31,0xC7,0x31,0xC7,0x31,0xC7,0x31,0xC7,0x31,0xC7,0x31,
    0xC7,0x31,0xC7,0x31,0xC7,0x31,0xC7,0x31,0xC7,0x31,0xC7,0x31,0xC7,0x31,0xC7,0x31,
    0xC7,0x31,0xC7,0x31,0xC7,0x31,0xC7,0x31,0xC7,0x31,0xC7,0x31,0xC7,0x31,0xC7,0x31,
    0xC7,0x31,0xC7,0x31,0xC7,0x31,0xC7,0x31,0xC7,0x31,0xC7,0x31,0xC7,0x31,0xC7,0x31,
    0xC7,0x31,0xC7,0x31,0xC7,0x31,0xC7,0x31,0xC7,0x31,0xC7,0x31,0xC7,0x31,0xC7,0x31,
    0xC7,0x31,0xC7,0x31,0xC7,0x31,0xC7,0x31,0xC7,0x31,0xC7,0x31,0xC7,0x31,0xC7,0x31,
    0xC7,0x31,0xC7,0x31,0xC7,0x31,0xC7,0x31,0xC7,0x31,0xC7,0x31,0xC7,0x31,0xC7,0x31,
    0xC7,0x31,0xC7,0x31,0xC7,0x31,0xC7,0x31,0xC7,0x31,0xC7,0x31,0xC7,0x31,0xC7,0x31,
    0xC7,0x31,0xC7,0x31,0xC7,0x31,0xC7,0x31,0xC7,0x31,0xC7,0x31,0xC7,0x31,0xC7,0x31,
    0xC7,0x31,0xC7,0x31,0xC7,0x31,0xC7,0x31,0xC7,0x31,0xC7,0x31,0xC7,0x31,0xC7,0x31,
    0xC7,0x31,0xC7,0x31,0xC7,0x31,0xC7,0x31,0xC7,0x31,0xC7,0x31,0xC7,0x31,0xC7,0x31,
    0xC7,0x31,0xC7,0x31,0xC7,0x31,0xC7,0x31,0xC7,0x31,0xC7,0x31,0xC7,0x31,0xC7,0x31,
    0xC7,0x31,0xC7,0x31,0xC7,0x31,0xC7,0x31,0xC7,0x31,0xC7,0x31,0xC7,0x31,0xC7,0x31,
    0xC7,0x31,0xC7,0x31,0xC7,0x31,0xC7,0x31,0xC7,0x31,0xC7,0x31,0xC7,0x31,0xC7,0x31,
    0xC7,0x31,0xC7,0x31,0xC7,0x31,0xC7,0x31,0xC7,0x31,0xC7,0x31,0xC7,0x31,0xC7,0x31,
    0xC7,0x31,0xC7,0x31,0xC7,0x31,0xC7,0x31,0xC7,0x31,0xC7,0x31,0xC7,0x31,0xC7,0x31,
    0xC7,0x31,0xC7,0x31,0xC7,0x31,0xC7,0x31,0xC7,0x31,0xC7,0x31,0xC7,0x31,0xC7,0x31,
    0xC7,0x31,0xC7,0x31,0xC7,0x31,0xC7,0x31,0xC7,0x31,0xC7,0x31,0xC7,0x31,0xC7,0x31,
    0xC7,0x31,0xC7,0x31,0xC7,0x31,0xC7,0x31,0xC7,0x31,0xC7,0x31,0xC7,0x31,0xC7,0x31,
    0xC7,0x31,0xC7,0x31,0xC7,0x31,0xC7,0x31,0xC7,0x31,0xC7,0x31,0xC7,0x31,0xC7,0x31,
    0xC7,0x31,0xC7,0x31,0xC7,0x31,0xC7,0x31,0xC7,0x31,0xC7,0x31,0xC7,0x31,0xC7,0x31,
    0xC7,0x31,0xC7,0x31,0xC7,0x31,0xC7,0x31,0xC7,0x31,0xC7,0x31,0xC7,0x31,0xC7,0x31,
    0xC7,0x31,0xC7,0x31,0xC7,0x31,0xC7,0x31,0xC7,0x31,0xC7,0x31,0xC7,0x31,0xC7,0x31,
    0xC7,0x31,0xC7,0x31,0xC7,0x31,0xC7,0x31,0xC7,0x31,0xC7,0x31,0xC7,0x31,0xC7,0x31,
    0xC7,0x31,0xC7,0x31,0xC7,0x31,0xC7,0x31,0xC7,0x31,0xC7,0x31,0xC7,0x31,0xC7,0x31,
    0xC7,0x31,0xC7,0x31,0xC7,0x31,0xC7,0x31,0xC7,0x31,0xC7,0x31,0xC7,0x31,0xC7,0x31,
    0xC7,0x31,0xC7,0x31,0xC7,0x31,0xC7,0x31,0xC7,0x31,0xC7,0x31,0xC7,0x31,0xC7,0x31,
    0xC7,0x31,0xC7,0x31,0xC7,0x31,0xC7,0x31,0xC7,0x31,0xC7,0x31,0xC7,0x31,0xC7,0x31,
    0xC7,0x31,0xC7,0x31,0xC7,0x31,0xC7,0x31,0xC7,0x31,0xC7,0x31,0xC7,0x31,0xC7,0x31,
    0xC7,0x31,0xC7,0x31,0xC7,0x31,0xC7,0x31,0xC7,0x31,0xC7,0x31,0xC7,0x31,0xC7,0x31,
    0xC7,0x31,0xC7,0x31,0xC7,0x31,0xC7,0x31,0xC7,0x31,0xC7,0x31,0xC7,0x31,0xC7,0x31,
    0xC7,0x31,0xC7,0x31,0xC7,0x31,0xC7,0x31,0xC7,0x31,0xC7,0x31,0xC7,0x31,0xC7,0x31,
    0xC7,0x31,0xC7,0x31,0xC7,0x31,0xC7,0x31,0xC7,0x31,0xC7,0x31,0xC7,0x31,0xC7,0x31,
    0xC7,0x31,0xC7,0x31,0xC7,0x31,0xC7,0x31,0xC7,0x31,0xC7,0x31,0xC7,0x31,0xC7,0x31,
    0xC7,0x31,0xC7,0x31,0xC7,0x31,0xC7,0x31,0xC7,0x31,0xC7,0x31,0xC7,0x31,0xC7,0x31,
    0xC7,0x31,0xC7,0x31,0xC7,0x31,0xC7,0x31,0xC7,0x31,0xC7,0x31,0xC7,0x31,0xC7,0x31,
    0xC7,0x31,0xC7,0x31,0xC7,0x31,0xC7,0x31,0xC7,0x31,0xC7,0x31,0xC7,0x31,0xC7,0x31,
    0xC7,0x31,0xC7,0x31,0xC7,0x31,0xC7,0x31,0xC7,0x31,0xC7,0x31,0xC7,0x31,0xC7,0x31,
    0xC7,0x31,0xC7,0x31,0xC7,0x31,0xC7,0x31,0xC7,0x31,0xC7,0x31,0xC7,0x31,0xC7,0x31,
    0xC7,0x31,0xC7,0x31,0xC7,0x31,0xC7,0x31,0xC7,0x31,0xC7,0x31,0xC7,0x31,0xC7,0x31,
    0xC7,0x31,0xC7,0x31,0xC7,0x31,0xC7,0x31,0xC7,0x31,0xC7,0x31,0xC7,0x31,0xC7,0x31,
    0xC7,0x31,0xC7,0x31,0xC7,0x31,0xC7,0x31,0xC7,0x31,0xC7,0x31,0xC7,0x31,0xC7,0x31,
    0xC7,0x31,0xC7,0x31,0xC7,0x31,0xC7,0x31,0xC7,0x31,0xC7,0x31,0xC7,0x31,0xC7,0x31,
    0xC7,0x31,0xC7,0x31,0xC7,0x31,0xC7,0x31,0xC7,0x31,0xC7,0x31,0xC7,0x31,0xC7,0x31,
    0xC7,0x31,0xC7,0x31,0xC7,0x31,0xC7,0x31,0xC7,0x31,0xC7,0x31,0xC7,0x31,0xC7,0x31,
    0xC7,0x31,0xC7,0x31,0xC7,0x31,0xC7,0x31,0xC7,0x31,0xC7,0x31,0xC7,0x31,0xC7,0x31,
    0xC7,0x31,0xC7,0x31,0xC7,0x31,0xC7,0x31,0xC7,0x31,0xC7,0x31,0xC7,0x31,0xC7,0x31,
    0xC7,0x31,0xC7,0x31,0xC7,0x31,0xC7,0x31,0xC7,0x31,0xC7,0x31,0xC7,0x31,0xC7,0x31,
    0xC7,0x31,0xC7,0x31,0xC7,0x31,0xC7,0x31,0xC7,0x31,0xC7,0x31,0xC7,0x31,0xC7,0x31,
    0xC7,0x31,0xC7,0x31,0xC7,0x31,0xC7,0x31,0xC7,0x31,0xC7,0x31,0xC7,0x31,0xC7,0x31,
    0xC7,0x31,0xC7,0x31,0xC7,0x31,0xC7,0x31,0xC7,0x31,0xC7,0x31,0xC7,0x31,0xC7,0x31,
    0xC7,0x31,0xC7,0x31,0xC7,0x31,0xC7,0x31,0xC7,0x31,0xC7,0x31,0xC7,0x31,0xC7,0x31,
    0xC7,0x31,0xC7,0x31,0xC7,0x31,0xC7,0x31,0xC7,0x31,0xC7,0x31,0xC7,0x31,0xC7,0x31,
    0xC7,0x31,0xC7,0x31,0xC7,0x31,0xC7,0x31,0xC7,0x31,0xC7,0x31,0xC7,0x31,0xC7,0x31,
    0xC7,0x31,0xC7,0x31,0xC7,0x31,0xC7,0x31,0xC7,0x31,0xC7,0x31,0xC7,0x31,0xC7,0x31,
    0xC7,0x31,0xC7,0x31,0xC7,0x31,0xC7,0x31,0xC7,0x31,0xC7,0x31,0xC7,0x31,0xC7,0x31,
    0xC7,0x31,0xC7,0x31,0xC7,0x31,0xC7,0x31,0xC7,0x31,0xC7,0x31,0xC7,0x31,0xC7,0x31,
    0xC7,0x31,0xC7,0x31,0xC7,0x31,0xC7,0x31,0xC7,0x31,0xC7,0x31,0xC7,0x31,0xC7,0x31,
    0xC7,0x31,0xC7,0x31,0xC7,0x31,0xC7,0x31,0xC7,0x31,0xC7,0x31,0xC7,0x31,0xC7,0x31,
    0xC7,0x31,0xC7,0x31,0xC7,0x31,0xC7,0x31,0xC7,0x31,0xC7,0x31,0xC7,0x31,0xC7,0x31,
    0xC7,0x31,0xC7,0x31,0xC7,0x31,0xC7,0x31,0xC7,0x31,0xC7,0x31,0xC7,0x31,0xC7,0x31,
    0xC7,0x31,0xC7,0x31,0xC7,0x31,0xC7,0x31,0xC7,0x31,0xC7,0x31,0xC7,0x31,0xC7,0x31,
    0xC7,0x31,0xC7,0x31,0xC7,0x31,0xC7,0x31,0xC7,0x31,0xC7,0x31,0xC7,0x31,0xC7,0x31,
    0xC7,0x31,0xC7,0x31,0xC7,0x31,0xC7,0x31,0xC7,0x31,0xC7,0x31,0xC7,0x31,0xC7,0x31,
    0xC7,0x31,0xC7,0x31,0xC7,0x31,0xC7,0x31,0xC7,0x31,0xC7,0x31,0xC7,0x31,0xC7,0x31,
    0xC7,0x31,0xC7,0x31,0xC7,0x31,0xC7,0x31,0xC7,0x31,0xC7,0x31,0xC7,0x31,0xC7,0x31,
    0xC7,0x31,0xC7,0x31,0xC7,0x31,0xC7,0x31,0xC7,0x31,0xC7,0x31,0xC7,0x31,0xC7,0x31,
    0xC7,0x31,0xC7,0x31,0xC7,0x31,0xC7,0x31,0xC7,0x31,0xC7,0x31,0xC7,0x31,0xC7,0x31,
    0xC7,0x31,0xC7,0x31,0xC7,0x31,0xC7,0x31,0xC7,0x31,0xC7,0x31,0xC7,0x31,0xC7,0x31,
    0xC7,0x31,0xC7,0x31,0xC7,0x31,0xC7,0x31,0xC7,0x31,0xC7,0x31,0xC7,0x31,0xC7,0x31,
    0xC7,0x31,0xC7,0x31,0xC7,0x31,0xC7,0x31,0xC7,0x31,0xC7,0x31,0xC7,0x31,0xC7,0x31,
    0xC7,0x31,0xC7,0x31,0xC7,0x31,0xC7,0x31,0xC7,0x31,0xC7,0x31,0xC7,0x31,0xC7,0x31,
    0xC7,0x31,0xC7,0x31,0xC7,0x31,0xC7,0x31,0xC7,0x31,0xC7,0x31,0xC7,0x31,0xC7,0x31,
    0xC7,0x31,0xC7,0x31,0xC7,0x31,0xC7,0x31,0xC7,0x31,0xC7,0x31,0xC7,0x31,0xC7,0x31,
    0xC7,0x31,0xC7,0x31,0xC7,0x31,0xC7,0x31,0xC7,0x31,0xC7,0x31,0xC7,0x31,0xC7,0x31,
    0xC7,0x31,0xC7,0x31,0xC7,0x31,0xC7,0x31,0xC7,0x31,0xC7,0x31,0xC7,0x31,0xC7,0x31,
    0xC7,0x31,0xC7,0x31,0xC7,0x31,0xC7,0x31,0xC7,0x31,0xC7,0x31,0xC7,0x31,0xC7,0x31,
    0xC7,0x31,0xC7,0x31,0xC7,0x31,0xC7,0x31,0xC7,0x31,0xC7,0x31,0xC7,0x31,0xC7,0x31,
    0xC7,0x31,0xC7,0x31,0xC7,0x31,0xC7,0x31,0xC7,0x31,0xC7,0x31,0xC7,0x31,0xC7,0x31,
    0xC7,0x31,0xC7,0x31,0xC7,0x31,0xC7,0x31,0xC7,0x31,0xC7,0x31,0xC7,0x31,0xC7,0x31,
    0xC7,0x31,0xC7,0x31,0xC7,0x31,0xC7,0x31,0xC7,0x31,0xC7,0x31,0xC7,0x31,0xC7,0x31,
    0xC7,0x31,0xC7,0x31,0xC7,0x31,0xC7,0x31,0xC7,0x31,0xC7,0x31,0xC7,0x31,0xC7,0x31,
    0xC7,0x31,0xC7,0x31,0xC7,0x31,0xC7,0x31,0xC7,0x31,0xC7,0x31,0xC7,0x31,0xC7,0x31,
    0xC7,0x31,0xC7,0x31,0xC7,0x31,0xC7,0x31,0xC7,0x31,0xC7,0x31,0xC7,0x31,0xC7,0x31,
    0xC7,0x31,0xC7,0x31,0xC7,0x31,0xC7,0x31,0xC7,0x31,0xC7,0x31,0xC7,0x31,0xC7,0x31,
    0xC7,0x31,0xC7,0x31,0xC7,0x31,0xC7,0x31,0xC7,0x31,0xC7,0x31,0xC7,0x31,0xC7,0x31,
    0xC7,0x31,0xC7,0x31,0xC7,0x31,0xC7,0x31,0xC7,0x31,0xC7,0x31,0xC7,0x31,0xC7,0x31,
    0xC7,0x31,0xC7,0x31,0xC7,0x31,0xC7,0x31,0xC7,0x31,0xC7,0x31,0xC7,0x31,0xC7,0x31,
    0xC7,0x31,0xC7,0x31,0xC7,0x31,0xC7,0x31,0xC7,0x31,0xC7,0x31,0xC7,0x31,0xC7,0x31,
    0xC7,0x31,0xC7,0x31,0xC7,0x31,0xC7,0x31,0xC7,0x31,0xC7,0x31,0xC7,0x31,0xC7,0x31,
    0xC7,0x31,0xC7,0x31,0xC7,0x31,0xC7,0x31,0xC7,0x31,0xC7,0x31,0xC7,0x31,0xC7,0x31,
    0xC7,0x31,0xC7,0x31,0xC7,0x31,0xC7,0x31,0xC7,0x31,0xC7,0x31,0xC7,0x31,0xC7,0x31,
    0xC7,0x31,0xC7,0x31,0xC7,0x31,0xC7,0x31,0xC7,0x31,0xC7,0x31,0xC7,0x31,0xC7,0x31,
    0xC7,0x31,0xC7,0x31,0xC7,0x31,0xC7,0x31,0xC7,0x31,0xC7,0x31,0xC7,0x31,0xC7,0x31,
    0xC7,0x31,0xC7,0x31,0xC7,0x31,0xC7,0x31,0xC7,0x31,0xC7,0x31,0xC7,0x31,0xC7,0x31,
    0xC7,0x31,0xC7,0x31,0xC7,0x31,0xC7,0x31,0xC7,0x31,0xC7,0x31,0xC7,0x31,0xC7,0x31,
    0xC7,0x31,0xC7,0x31,0xC7,0x31,0xC7,0x31,0xC7,0x31,0xC7,0x31,0xC7,0x31,0xC7,0x31,
    0xC7,0x31,0xC7,0x31,0xC7,0x31,0xC7,0x31,0xC7,0x31,0xC7,0x31,0xC7,0x31,0xC7,0x31,
    0xC7,0x31,0xC7,0x31,0xC7,0x31,0xC7,0x31,0xC7,0x31,0xC7,0x31,0xC7,0x31,0xC7,0x31,
    0xC7,0x31,0xC7,0x31,0xC7,0x31,0xC7,0x31,0xC7,0x31,0xC7,0x31,0xC7,0x31,0xC7,0x31,
    0xC7,0x31,0xC7,0x31,0xC7,0x31,0xC7,0x31,0xC7,0x31,0xC7,0x31,0xC7,0x31,0xC7,0x31,
    0xC7,0x31,0xC7,0x31,0xC7,0x31,0xC7,0x31,0xC7,0x31,0xC7,0x31,0xC7,0x31,0xC7,0x31,
    0xC7,0x31,0xC7,0x31,0xC7,0x31,0xC7,0x31,0xC7,0x31,0xC7,0x31,0xC7,0x31,0xC7,0x31,
    0xC7,0x31,0xC7,0x31,0xC7,0x31,0xC7,0x31,0xC7,0x31,0xC7,0x31,0xC7,0x31,0xC7,0x31,
    0xC7,0x31,0xC7,0x31,0xC7,0x31,0xC7,0x31,0xC7,0x31,0xC7,0x31,0xC7,0x31,0xC7,0x31,
    0xC7,0x31,0xC7,0x31,0xC7,0x31,0xC7,0x31,0xC7,0x31,0xC7,0x31,0xC7,0x31,0xC7,0x31,
    0xC7,0x31,0xC7,0x31,0xC7,0x31,0xC7,0x31,0xC7,0x31,0xC7,0x31,0xC7,0x31,0xC7,0x31,
    0xC7,0x31,0xC7,0x31,0xC7,0x31,0xC7,0x31,0xC7,0x31,0xC7,0x31,0xC7,0x31,0xC7,0x31,
    0xC7,0x31,0xC7,0x31,0xC7,0x31,0xC7,0x31,0xC7,0x31,0xC7,0x31,0xC7,0x31,0xC7,0x31,
    0xC7,0x31,0xC7,0x31,0xC7,0x31,0xC7,0x31,0xC7,0x31,0xC7,0x31,0xC7,0x31,0xC7,0x31,
    0xC7,0x31,0xC7,0x31,0xC7,0x31,0xC7,0x31,0xC7,0x31,0xC7,0x31,0xC7,0x31,0xC7,0x31,
    0xC7,0x31,0xC7,0x31,0xC7,0x31,0xC7,0x31,0xC7,0x31,0xC7,0x31,0xC7,0x31,0xC7,0x31,
    0xC7,0x31,0xC7,0x31,0xC7,0x31,0xC7,0x31,0xC7,0x31,0xC7,0x31,0xC7,0x31,0xC7,0x31,
    0xC7,0x31,0xC7,0x31,0xC7,0x31,0xC7,0x31,0xC7,0x31,0xC7,0x31,0xC7,0x31,0xC7,0x31,
    0xC7,0x31,0xC7,0x31,0xC7,0x31,0xC7,0x31,0xC7,0x31,0xC7,0x31,0xC7,0x31,0xC7,0x31,
    0xC7,0x31,0xC7,0x31,0xC7,0x31,0xC7,0x31,0xC7,0x31,0xC7,0x31,0xC7,0x31,0xC7,0x31,
    0xC7,0x31,0xC7,0x31,0xC7,0x31,0xC7,0x31,0xC7,0x31,0xC7,0x31,0xC7,0x31,0xC7,0x31,
    0xC7,0x31,0xC7,0x31,0xC7,0x31,0xC7,0x31,0xC7,0x31,0xC7,0x31,0xC7,0x31,0xC7,0x31,
    0xC7,0x31,0xC7,0x31,0xC7,0x31,0xC7,0x31,0xC7,0x31,0xC7,0x31,0xC7,0x31,0xC7,0x31,
    0xC7,0x31,0xC7,0x31,0xC7,0x31,0xC7,0x31,0xC7,0x31,0xC7,0x31,0xC7,0x31,0xC7,0x31,
    0xC7,0x31,0xC7,0x31,0xC7,0x31,0xC7,0x31,0xC7,0x31,0xC7,0x31,0xC7,0x31,0xC7,0x31,
    0xC7,0x31,0xC7,0x31,0xC7,0x31,0xC7,0x31,0xC7,0x31,0xC7,0x31,0xC7,0x31,0xC7,0x31,
    0xC7,0x31,0xC7,0x31,0xC7,0x31,0xC7,0x31,0xC7,0x31,0xC7,0x31,0xC7,0x31,0xC7,0x31,
    0xC7,0x31,0xC7,0x31,0xC7,0x31,0xC7,0x31,0xC7,0x31,0xC7,0x31,0xC7,0x31,0xC7,0x31,
    0xC7,0x31,0xC7,0x31,0xC7,0x31,0xC7,0x31,0xC7,0x31,0xC7,0x31,0xC7,0x31,0xC7,0x31,
    0xC7,0x31,0xC7,0x31,0xC7,0x31,0xC7,0x31,0xC7,0x31,0xC7,0x31,0xC7,0x31,0xC7,0x31,
    0xC7,0x31,0xC7,0x31,0xC7,0x31,0xC7,0x31,0xC7,0x31,0xC7,0x31,0xC7,0x31,0xC7,0x31,
    0xC7,0x31,0xC7,0x31,0xC7,0x31,0xC7,0x31,0xC7,0x31,0xC7,0x31,0xC7,0x31,0xC7,0x31,
    0xC7,0x31,0xC7,0x31,0xC7,0x31,0xC7,0x31,0xC7,0x31,0xC7,0x31,0xC7,0x31,0xC7,0x31,
    0xC7,0x31,0xC7,0x31,0xC7,0x31,0xC7,0x31,0xC7,0x31,0xC7,0x31,0xC7,0x31,0xC7,0x31,
    0xC7,0x31,0xC7,0x31,0xC7,0x31,0xC7,0x31,0xC7,0x31,0xC7,0x31,0xC7,0x31,0xC7,0x31,
    0xC7,0x31,0xC7,0x31,0xC7,0x31,0xC7,0x31,0xC7,0x31,0xC7,0x31,0xC7,0x31,0xC7,0x31,
    0xC7,0x31,0xC7,0x31,0xC7,0x31,0xC7,0x31,0xC7,0x31,0xC7,0x31,0xC7,0x31,0xC7,0x31,
    0xC7,0x31,0xC7,0x31,0xC7,0x31,0xC7,0x31,0xC7,0x31,0xC7,0x31,0xC7,0x31,0xC7,0x31,
    0xC7,0x31,0xC7,0x31,0xC7,0x31,0xC7,0x31,0xC7,0x31,0xC7,0x31,0xC7,0x31,0xC7,0x31,
    0xC7,0x31,0xC7,0x31,0xC7,0x31,0xC7,0x31,0xC7,0x31,0xC7,0x31,0xC7,0x31,0xC7,0x31,
    0xC7,0x31,0xC7,0x31,0xC7,0x31,0xC7,0x31,0xC7,0x31,0xC7,0x31,0xC7,0x31,0xC7,0x31,
    0xC7,0x31,0xC7,0x31,0xC7,0x31,0xC7,0x31,0xC7,0x31,0xC7,0x31,0xC7,0x31,0xC7,0x31,
    0xC7,0x31,0xC7,0x31,0xC7,0x31,0xC7,0x31,0xC7,0x31,0xC7,0x31,0xC7,0x31,0xC7,0x31,
    0xC7,0x31,0xC7,0x31,0xC7,0x31,0xC7,0x31,0xC7,0x31,0xC7,0x31,0xC7,0x31,0xC7,0x31,
    0xC7,0x31,0xC7,0x31,0xC7,0x31,0xC7,0x31,0xC7,0x31,0xC7,0x31,0xC7,0x31,0xC7,0x31,
    0xC7,0x31,0xC7,0x31,0xC7,0x31,0xC7,0x31,0xC7,0x31,0xC7,0x31,0xC7,0x31,0xC7,0x31,
    0xC7,0x31,0xC7,0x31,0xC7,0x31,0xC7,0x31,0xC7,0x31,0xC7,0x31,0xC7,0x31,0xC7,0x31,
    0xC7,0x31,0xC7,0x31,0xC7,0x31,0xC7,0x31,0xC7,0x31,0xC7,0x31,0xC7,0x31,0xC7,0x31,
    0xC7,0x31,0xC7,0x31,0xC7,0x31,0xC7,0x31,0xC7,0x31,0xC7,0x31,0xC7,0x31,0xC7,0x31,
    0xC7,0x31,0xC7,0x31,0xC7,0x31,0xC7,0x31,0xC7,0x31,0xC7,0x31,0xC7,0x31,0xC7,0x31,
    0xC7,0x31,0xC7,0x31,0xC7,0x31,0xC7,0x31,0xC7,0x31,0xC7,0x31,0xC7,0x31,0xC7,0x31,
    0xC7,0x31,0xC7,0x31,0xC7,0x31,0xC7,0x31,0xC7,0x31,0xC7,0x31,0xC7,0x31,0xC7,0x31,
    0xC7,0x31,0xC7,0x31,0xC7,0x31,0xC7,0x31,0xC7,0x31,0xC7,0x31,0xC7,0x31,0xC7,0x31,
    0xC7,0x31,0xC7,0x31,0xC7,0x31,0xC7,0x31,0xC7,0x31,0xC7,0x31,0xC7,0x31,0xC7,0x31,
    0xC7,0x31,0xC7,0x31,0xC7,0x31,0xC7,0x31,0xC7,0x31,0xC7,0x31,0xC7,0x31,0xC7,0x31,
    0xC7,0x31,0xC7,0x31,0xC7,0x31,0xC7,0x31,0xC7,0x31,0xC7,0x31,0xC7,0x31,0xC7,0x31,
    0xC7,0x31,0xC7,0x31,0xC7,0x31,0xC7,0x31,0xC7,0x31,0xC7,0x31,0xC7,0x31,0xC7,0x31,
    0xC7,0x31,0xC7,0x31,0xC7,0x31,0xC7,0x31,0xC7,0x31,0xC7,0x31,0xC7,0x31,0xC7,0x31,
    0xC7,0x31,0xC7,0x31,0xC7,0x31,0xC7,0x31,0xC7,0x31,0xC7,0x31,0xC7,0x31,0xC7,0x31,
    0xC7,0x31,0xC7,0x31,0xC7,0x31,0xC7,0x31,0xC7,0x31,0xC7,0x31,0xC7,0x31,0xC7,0x31,
    0xC7,0x31,0xC7,0x31,0xC7,0x31,0xC7,0x31,0xC7,0x31,0xC7,0x31,0xC7,0x31,0xC7,0x31,
    0xC7,0x31,0xC7,0x31,0xC7,0x31,0xC7,0x31,0xC7,0x31,0xC7,0x31,0xC7,0x31,0xC7,0x31,
    0xC7,0x31,0xC7,0x31,0xC7,0x31,0xC7,0x31,0xC7,0x31,0xC7,0x31,0xC7,0x31,0xC7,0x31,
    0xC7,0x31,0xC7,0x31,0xC7,0x31,0xC7,0x31,0xC7,0x31,0xC7,0x31,0xC7,0x31,0xC7,0x31,
    0xC7,0x31,0xC7,0x31,0xC7,0x31,0xC7,0x31,0xC7,0x31,0xC7,0x31,0xC7,0x31,0xC7,0x31,
    0xC7,0x31,0xC7,0x31,0xC7,0x31,0xC7,0x31,0xC7,0x31,0xC7,0x31,0xC7,0x31,0xC7,0x31,
    0xC7,0x31,0xC7,0x31,0xC7,0x31,0xC7,0x31,0xC7,0x31,0xC7,0x31,0xC7,0x31,0xC7,0x31,
    0xC7,0x31,0xC7,0x31,0xC7,0x31,0xC7,0x31,0xC7,0x31,0xC7,0x31,0xC7,0x31,0xC7,0x31,
    0xC7,0x31,0xC7,0x31,0xC7,0x31,0xC7,0x31,0xC7,0x31,0xC7,0x31,0xC7,0x31,0xC7,0x31,
    0xC7,0x31,0xC7,0x31,0xC7,0x31,0xC7,0x31,0xC7,0x31,0xC7,0x31,0xC7,0x31,0xC7,0x31,
    0xC7,0x31,0xC7,0x31,0xC7,0x31,0xC7,0x31,0xC7,0x31,0xC7,0x31,0xC7,0x31,0xC7,0x31,
    0xC7,0x31,0xC7,0x31,0xC7,0x31,0xC7,0x31,0xC7,0x31,0xC7,0x31,0xC7,0x31,0xC7,0x31,
    0xC7,0x31,0xC7,0x31,0xC7,0x31,0xC7,0x31,0xC7,0x31,0xC7,0x31,0xC7,0x31,0xC7,0x31,
    0xC7,0x31,0xC7,0x31,0xC7,0x31,0xC7,0x31,0xC7,0x31,0xC7,0x31,0xC7,0x31,0xC7,0x31,
    0xC7,0x31,0xC7,0x31,0xC7,0x31,0xC7,0x31,0xC7,0x31,0xC7,0x31,0xC7,0x31,0xC7,0x31,
    0xC7,0x31,0xC7,0x31,0xC7,0x31,0xC7,0x31,0xC7,0x31,0xC7,0x31,0xC7,0x31,0xC7,0x31,
    0xC7,0x31,0xC7,0x31,0xC7,0x31,0xC7,0x31,0xC7,0x31,0xC7,0x31,0xC7,0x31,0xC7,0x31,
    0xC7,0x31,0xC7,0x31,0xC7,0x31,0xC7,0x31,0xC7,0x31,0xC7,0x31,0xC7,0x31,0xC7,0x31,
    0xC7,0x31,0xC7,0x31,0xC7,0x31,0xC7,0x31,0xC7,0x31,0xC7,0x31,0xC7,0x31,0xC7,0x31,
    0xC7,0x31,0xC7,0x31,0xC7,0x31,0xC7,0x31,0xC7,0x31,0xC7,0x31,0xC7,0x31,0xC7,0x31,
    0xC7,0x31,0xC7,0x31,0xC7,0x31,0xC7,0x31,0xC7,0x31,0xC7,0x31,0xC7,0x31,0xC7,0x31,
    0xC7,0x31,0xC7,0x31,0xC7,0x31,0xC7,0x31,0xC7,0x31,0xC7,0x31,0xC7,0x31,0xC7,0x31,
    0xC7,0x31,0xC7,0x31,0xC7,0x31,0xC7,0x31,0xC7,0x31,0xC7,0x31,0xC7,0x31,0xC7,0x31,
    0xC7,0x31,0xC7,0x31,0xC7,0x31,0xC7,0x31,0xC7,0x31,0xC7,0x31,0xC7,0x31,0xC7,0x31,
    0xC7,0x31,0xC7,0x31,0xC7,0x31,0xC7,0x31,0xC7,0x31,0xC7,0x31,0xC7,0x31,0xC7,0x31,
    0xC7,0x31,0xC7,0x31,0xC7,0x31,0xC7,0x31,0xC7,0x31,0xC7,0x31,0xC7,0x31,0xC7,0x31,
    0xC7,0x31,0xC7,0x31,0xC7,0x31,0xC7,0x31,0xC7,0x31,0xC7,0x31,0xC7,0x31,0xC7,0x31,
    0xC7,0x31,0xC7,0x31,0xC7,0x31,0xC7,0x31,0xC7,0x31,0xC7,0x31,0xC7,0x31,0xC7,0x31,
    0xC7,0x31,0xC7,0x31,0xC7,0x31,0xC7,0x31,0xC7,0x31,0xC7,0x31,0xC7,0x31,0xC7,0x31,
    0xC7,0x31,0xC7,0x31,0xC7,0x31,0xC7,0x31,0xC7,0x31,0xC7,0x31,0xC7,0x31,0xC7,0x31,
    0xC7,0x31,0xC7,0x31,0xC7,0x31,0xC7,0x31,0xC7,0x31,0xC7,0x31,0xC7,0x31,0xC7,0x31,
    0xC7,0x31,0xC7,0x31,0xC7,0x31,0xC7,0x31,0xC7,0x31,0xC7,0x31,0xC7,0x31,0xC7,0x31,
    0xC7,0x31,0xC7,0x31,0xC7,0x31,0xC7,0x31,0xC7,0x31,0xC7,0x31,0xC7,0x31,0xC7,0x31,
    0xC7,0x31,0xC7,0x31,0xC7,0x31,0xC7,0x31,0xC7,0x31,0xC7,0x31,0xC7,0x31,0xC7,0x31,
    0xC7,0x31,0xC7,0x31,0xC7,0x31,0xC7,0x31,0xC7,0x31,0xC7,0x31,0xC7,0x31,0xC7,0x31,
    0xC7,0x31,0xC7,0x31,0xC7,0x31,0xC7,0x31,0xC7,0x31,0xC7,0x31,0xC7,0x31,0xC7,0x31,
    0xC7,0x31,0xC7,0x31,0xC7,0x31,0xC7,0x31,0xC7,0x31,0xC7,0x31,0xC7,0x31,0xC7,0x31,
    0xC7,0x31,0xC7,0x31,0xC7,0x31,0xC7,0x31,0xC7,0x31,0xC7,0x31,0xC7,0x31,0xC7,0x31,
    0xC7,0x31,0xC7,0x31,0xC7,0x31,0xC7,0x31,0xC7,0x31,0xC7,0x31,0xC7,0x31,0xC7,0x31,
    0xC7,0x31,0xC7,0x31,0xC7,0x31,0xC7,0x31,0xC7,0x31,0xC7,0x31,0xC7,0x31,0xC7,0x31,
    0xC7,0x31,0xC7,0x31,0xC7,0x31,0xC7,0x31,0xC7,0x31,0xC7,0x31,0xC7,0x31,0xC7,0x31,
    0xC7,0x31,0xC7,0x31,0xC7,0x31,0xC7,0x31,0xC7,0x31,0xC7,0x31,0xC7,0x31,0xC7,0x31,
    0xC7,0x31,0xC7,0x31,0xC7,0x31,0xC7,0x31,0xC7,0x31,0xC7,0x31,0xC7,0x31,0xC7,0x31,
    0xC7,0x31,0xC7,0x31,0xC7,0x31,0xC7,0x31,0xC7,0x31,0xC7,0x31,0xC7,0x31,0xC7,0x31,
    0xC7,0x31,0xC7,0x31,0xC7,0x31,0xC7,0x31,0xC7,0x31,0xC7,0x31,0xC7,0x31,0xC7,0x31,
    0xC7,0x31,0xC7,0x31,0xC7,0x31,0xC7,0x31,0xC7,0x31,0xC7,0x31,0xC7,0x31,0xC7,0x31,
    0xC7,0x31,0xC7,0x31,0xC7,0x31,0xC7,0x31,0xC7,0x31,0xC7,0x31,0xC7,0x31,0xC7,0x31,
    0xC7,0x31,0xC7,0x31,0xC7,0x31,0xC7,0x31,0xC7,0x31,0xC7,0x31,0xC7,0x31,0xC7,0x31,
    0xC7,0x31,0xC7,0x31,0xC7,0x31,0xC7,0x31,0xC7,0x31,0xC7,0x31,0xC7,0x31,0xC7,0x31,
    0xC7,0x31,0xC7,0x31,0xC7,0x31,0xC7,0x31,0xC7,0x31,0xC7,0x31,0xC7,0x31,0xC7,0x31,
    0xC7,0x31,0xC7,0x31,0xC7,0x31,0xC7,0x31,0xC7,0x31,0xC7,0x31,0xC7,0x31,0xC7,0x31,
    0xC7,0x31,0xC7,0x31,0xC7,0x31,0xC7,0x31,0xC7,0x31,0xC7,0x31,0xC7,0x31,0xC7,0x31,
    0xC7,0x31,0xC7,0x31,0xC7,0x31,0xC7,0x31,0xC7,0x31,0xC7,0x31,0xC7,0x31,0xC7,0x31,
    0xC7,0x31,0xC7,0x31,0xC7,0x31,0xC7,0x31,0xC7,0x31,0xC7,0x31,0xC7,0x31,0xC7,0x31,
    0xC7,0x31,0xC7,0x31,0xC7,0x31,0xC7,0x31,0xC7,0x31,0xC7,0x31,0xC7,0x31,0xC7,0x31,
    0xC7,0x31,0xC7,0x31,0xC7,0x31,0xC7,0x31,0xC7,0x31,0xC7,0x31,0xC7,0x31,0xC7,0x31,
    0xC7,0x31,0xC7,0x31,0xC7,0x31,0xC7,0x31,0xC7,0x31,0xC7,0x31,0xC7,0x31,0xC7,0x31,
    0xC7,0x31,0xC7,0x31,0xC7,0x31,0xC7,0x31,0xC7,0x31,0xC7,0x31,0xC7,0x31,0xC7,0x31,
    0xC7,0x31,0xC7,0x31,0xC7,0x31,0xC7,0x31,0xC7,0x31,0xC7,0x31,0xC7,0x31,0xC7,0x31,
    0xC7,0x31,0xC7,0x31,0xC7,0x31,0xC7,0x31,0xC7,0x31,0xC7,0x31,0xC7,0x31,0xC7,0x31,
    0xC7,0x31,0xC7,0x31,0xC7,0x31,0xC7,0x31,0xC7,0x31,0xC7,0x31,0xC7,0x31,0xC7,0x31,
    0xC7,0x31,0xC7,0x31,0xC7,0x31,0xC7,0x31,0xC7,0x31,0xC7,0x31,0xC7,0x31,0xC7,0x31,
    0xC7,0x31,0xC7,0x31,0xC7,0x31,0xC7,0x31,0xC7,0x31,0xC7,0x31,0xC7,0x31,0xC7,0x31,
    0xC7,0x31,0xC7,0x31,0xC7,0x31,0xC7,0x31,0xC7,0x31,0xC7,0x31,0xC7,0x31,0xC7,0x31,
    0xC7,0x31,0xC7,0x31,0xC7,0x31,0xC7,0x31,0xC7,0x31,0xC7,0x31,0xC7,0x31,0xC7,0x31,
    0xC7,0x31,0xC7,0x31,0xC7,0x31,0xC7,0x31,0xC7,0x31,0xC7,0x31,0xC7,0x31,0xC7,0x31,
    0xC7,0x31,0xC7,0x31,0xC7,0x31,0xC7,0x31,0xC7,0x31,0xC7,0x31,0xC7,0x31,0xC7,0x31,
    0xC7,0x31,0xC7,0x31,0xC7,0x31,0xC7,0x31,0xC7,0x31,0xC7,0x31,0xC7,0x31,0xC7,0x31,
    0xC7,0x31,0xC7,0x31,0xC7,0x31,0xC7,0x31,0xC7,0x31,0xC7,0x31,0xC7,0x31,0xC7,0x31,
    0xC7,0x31,0xC7,0x31,0xC7,0x31,0xC7,0x31,0xC7,0x31,0xC7,0x31,0xC7,0x31,0xC7,0x31,
    0xC7,0x31,0xC7,0x31,0xC7,0x31,0xC7,0x31,0xC7,0x31,0xC7,0x31,0xC7,0x31,0xC7,0x31,
    0xC7,0x31,0xC7,0x31,0xC7,0x31,0xC7,0x31,0xC7,0x31,0xC7,0x31,0xC7,0x31,0xC7,0x31,
    0xC7,0x31,0xC7,0x31,0xC7,0x31,0xC7,0x31,0xC7,0x31,0xC7,0x31,0xC7,0x31,0xC7,0x31,
    0xC7,0x31,0xC7,0x31,0xC7,0x31,0xC7,0x31,0xC7,0x31,0xC7,0x31,0xC7,0x31,0xC7,0x31,
    0xC7,0x31,0xC7,0x31,0xC7,0x31,0xC7,0x31,0xC7,0x31,0xC7,0x31,0xC7,0x31,0xC7,0x31,
    0xC7,0x31,0xC7,0x31,0xC7,0x31,0xC7,0x31,0xC7,0x31,0xC7,0x31,0xC7,0x31,0xC7,0x31,
    0xC7,0x31,0xC7,0x31,0xC7,0x31,0xC7,0x31,0xC7,0x31,0xC7,0x31,0xC7,0x31,0xC7,0x31,
    0xC7,0x31,0xC7,0x31,0xC7,0x31,0xC7,0x31,0xC7,0x31,0xC7,0x31,0xC7,0x31,0xC7,0x31,
    0xC7,0x31,0xC7,0x31,0xC7,0x31,0xC7,0x31,0xC7,0x31,0xC7,0x31,0xC7,0x31,0xC7,0x31,
    0xC7,0x31,0xC7,0x31,0xC7,0x31,0xC7,0x31,0xC7,0x31,0xC7,0x31,0xC7,0x31,0xC7,0x31,
    0xC7,0x31,0xC7,0x31,0xC7,0x31,0xC7,0x31,0xC7,0x31,0xC7,0x31,0xC7,0x31,0xC7,0x31,
    0xC7,0x31,0xC7,0x31,0xC7,0x31,0xC7,0x31,0xC7,0x31,0xC7,0x31,0xC7,0x31,0xC7,0x31,
    0xC7,0x31,0xC7,0x31,0xC7,0x31,0xC7,0x31,0xC7,0x31,0xC7,0x31,0xC7,0x31,0xC7,0x31,
    0xC7,0x31,0xC7,0x31,0xC7,0x31,0xC7,0x31,0xC7,0x31,0xC7,0x31,0xC7,0x31,0xC7,0x31,
    0xC7,0x31,0xC7,0x31,0xC7,0x31,0xC7,0x31,0xC7,0x31,0xC7,0x31,0xC7,0x31,0xC7,0x31,
};

const lv_image_dsc_t rf_device_dji_mini_3_pro_detail = {
    .header.magic = LV_IMAGE_HEADER_MAGIC,
    .header.cf = LV_COLOR_FORMAT_RGB565,
    .header.flags = 0,
    .header.w = 128,
    .header.h = 112,
    .header.stride = 256,
    .data_size = sizeof(rf_device_dji_mini_3_pro_detail_map),
    .data = rf_device_dji_mini_3_pro_detail_map,
};

const LV_ATTRIBUTE_MEM_ALIGN LV_ATTRIBUTE_LARGE_CONST uint8_t rf_device_xiaobawang_strip_map[] = {
    0xC7,0x31,0xC7,0x31,0xC7,0x31,0xC7,0x31,0xC7,0x31,0xC7,0x31,0xC7,0x31,0xC7,0x31,
    0xC7,0x31,0xC7,0x31,0xC7,0x31,0xC7,0x31,0xC7,0x31,0xC7,0x31,0xC7,0x31,0xC7,0x31,
    0xC7,0x31,0xC7,0x31,0xC7,0x31,0xC7,0x31,0xC7,0x31,0xC7,0x31,0xC7,0x31,0xC7,0x31,
    0xC7,0x31,0xC7,0x31,0xC7,0x31,0xC7,0x31,0xC7,0x31,0xC7,0x31,0xC7,0x31,0xC7,0x31,
    0xC7,0x31,0xC7,0x31,0xC7,0x31,0xC7,0x31,0xC7,0x31,0xC7,0x31,0xC7,0x31,0xC7,0x31,
    0xC7,0x31,0xC7,0x31,0xC7,0x31,0xC7,0x31,0xC7,0x31,0xC7,0x31,0xC7,0x31,0xC7,0x31,
    0xC7,0x31,0xC7,0x31,0xC7,0x31,0xC7,0x31,0xC7,0x31,0xC7,0x31,0xC7,0x31,0xC7,0x31,
    0xC7,0x31,0xC7,0x31,0xC7,0x31,0xC7,0x31,0xC7,0x31,0xC7,0x31,0xC7,0x31,0xC7,0x31,
    0xC7,0x31,0xC7,0x31,0xC7,0x31,0xC7,0x31,0xC7,0x31,0xC7,0x31,0xC7,0x31,0xC7,0x31,
    0xC7,0x31,0xC7,0x31,0xC7,0x31,0xC7,0x31,0xC7,0x31,0xC7,0x31,0xC7,0x31,0xC7,0x31,
    0xC7,0x31,0xC7,0x31,0xC7,0x31,0xC7,0x31,0xC7,0x31,0xC7,0x31,0xC7,0x31,0xC7,0x31,
    0xC7,0x31,0xC7,0x31,0xC7,0x31,0xC7,0x31,0xC7,0x31,0xC7,0x31,0xC7,0x31,0xC7,0x31,
    0xC7,0x31,0xC7,0x31,0xC7,0x31,0xC7,0x31,0xC7,0x31,0xC7,0x31,0xC7,0x31,0xC7,0x31,
    0xC7,0x31,0xC7,0x31,0xC7,0x31,0xC7,0x31,0xC7,0x31,0xC7,0x31,0xC7,0x31,0xC7,0x31,
    0xC7,0x31,0xC7,0x31,0xC7,0x31,0xC7,0x31,0xC7,0x31,0xC7,0x31,0xC7,0x31,0xC7,0x31,
    0xC7,0x31,0xC7,0x31,0xC7,0x31,0xC7,0x31,0xC7,0x31,0xC7,0x31,0xC7,0x31,0xC7,0x31,
    0xC7,0x31,0xC7,0x31,0xC7,0x31,0xC7,0x31,0xC7,0x31,0xC7,0x31,0xC7,0x31,0xC7,0x31,
    0xC7,0x31,0xC7,0x31,0xC7,0x31,0xC7,0x31,0xC7,0x31,0xC7,0x31,0xC7,0x31,0xC7,0x31,
    0xC7,0x31,0xC7,0x31,0xC7,0x31,0xC7,0x31,0xC7,0x31,0xC7,0x31,0xC7,0x31,0xC7,0x31,
    0xC7,0x31,0xC7,0x31,0xC7,0x31,0xC7,0x31,0xC7,0x31,0xC7,0x31,0xC7,0x31,0xC7,0x31,
    0xC7,0x31,0xC7,0x31,0xC7,0x31,0xC7,0x31,0xC7,0x31,0xC7,0x31,0xC7,0x31,0xC7,0x31,
    0xC7,0x31,0xC7,0x31,0xC7,0x31,0xC7,0x31,0xC7,0x31,0xC7,0x31,0xC7,0x31,0xC7,0x31,
    0xC7,0x31,0xC7,0x31,0xC7,0x31,0xC7,0x31,0xC7,0x31,0xC7,0x31,0xC7,0x31,0xC7,0x31,
    0xC7,0x31,0xC7,0x31,0xC7,0x31,0xC7,0x31,0xC7,0x31,0xC7,0x31,0xC7,0x31,0xC7,0x31,
    0xC7,0x31,0xC7,0x31,0xC7,0x31,0xC7,0x31,0xC7,0x31,0xC7,0x31,0xC7,0x31,0xC7,0x31,
    0xC7,0x31,0xC7,0x31,0xC7,0x31,0xC7,0x31,0xC7,0x31,0xC7,0x31,0xC7,0x31,0xC7,0x31,
    0xC7,0x31,0xC7,0x31,0xC7,0x31,0xC7,0x31,0xC7,0x31,0xC7,0x31,0xC7,0x31,0xC7,0x31,
    0xC7,0x31,0xC7,0x31,0xC7,0x31,0xC7,0x31,0xC7,0x31,0xC7,0x31,0xC7,0x31,0xC7,0x31,
    0xC7,0x31,0xC7,0x31,0xC7,0x31,0xC7,0x31,0xC7,0x31,0xC7,0x31,0xC7,0x31,0xC7,0x31,
    0xC7,0x31,0xC7,0x31,0xC7,0x31,0xC7,0x31,0xC7,0x31,0xC7,0x31,0xC7,0x31,0xC7,0x31,
    0xC7,0x31,0xC7,0x31,0xC7,0x31,0xC7,0x31,0xC7,0x31,0xC7,0x31,0xC7,0x31,0xC7,0x31,
    0xC7,0x31,0xC7,0x31,0xC7,0x31,0xC7,0x31,0xC7,0x31,0xC7,0x31,0xC7,0x31,0xC7,0x31,
    0xC7,0x31,0xC7,0x31,0xC7,0x31,0xC7,0x31,0xC7,0x31,0xC7,0x31,0xC7,0x31,0xC7,0x31,
    0xC7,0x31,0xC7,0x31,0xC7,0x31,0xC7,0x31,0xC7,0x31,0xC7,0x31,0xC7,0x31,0xC7,0x31,
    0xC7,0x31,0xC7,0x31,0xC7,0x31,0xC7,0x31,0xC7,0x31,0xC7,0x31,0xC7,0x31,0xC7,0x31,
    0xC7,0x31,0xC7,0x31,0xC7,0x31,0xC7,0x31,0xC7,0x31,0xC7,0x31,0xC7,0x31,0xC7,0x31,
    0xC7,0x31,0xC7,0x31,0xC7,0x31,0xC7,0x31,0xC7,0x31,0xC7,0x31,0xC7,0x31,0xC7,0x31,
    0xC7,0x31,0xC7,0x31,0xC7,0x31,0xC7,0x31,0xC7,0x31,0xC7,0x31,0xC7,0x31,0xC7,0x31,
    0xC7,0x31,0xC7,0x31,0xC7,0x31,0xC7,0x31,0xC7,0x31,0xC7,0x31,0xC7,0x31,0xC7,0x31,
    0xC7,0x31,0xC7,0x31,0xC7,0x31,0xC7,0x31,0xC7,0x31,0xC7,0x31,0xC7,0x31,0xC7,0x31,
    0xC7,0x31,0xC7,0x31,0xC7,0x31,0xC7,0x31,0xC7,0x31,0xC7,0x31,0xC7,0x31,0xC7,0x31,
    0xC7,0x31,0xC7,0x31,0xC7,0x31,0xC7,0x31,0xC7,0x31,0xC7,0x31,0xC7,0x31,0xC7,0x31,
    0xC7,0x31,0xC7,0x31,0xC7,0x31,0xC7,0x31,0xC7,0x31,0xC7,0x31,0xC7,0x31,0xC7,0x31,
    0xC7,0x31,0xC7,0x31,0xC7,0x31,0xC7,0x31,0xC7,0x31,0xC7,0x31,0xC7,0x31,0xC7,0x31,
    0xC7,0x31,0xC7,0x31,0xC7,0x31,0xC7,0x31,0xC7,0x31,0xC7,0x31,0xC7,0x31,0xC7,0x31,
    0xC7,0x31,0xC7,0x31,0xC7,0x31,0xC7,0x31,0xC7,0x31,0xC7,0x31,0xC7,0x31,0xC7,0x31,
    0xC7,0x31,0xC7,0x31,0xC7,0x31,0xC7,0x31,0xC7,0x31,0xC7,0x31,0xC7,0x31,0xC7,0x31,
    0xC7,0x31,0xC7,0x31,0xC7,0x31,0xC7,0x31,0xC7,0x31,0xC7,0x31,0xC7,0x31,0xC7,0x31,
    0xC7,0x31,0xC7,0x31,0xC7,0x31,0xC7,0x31,0xC7,0x31,0xC7,0x31,0xC7,0x31,0xC7,0x31,
    0xC7,0x31,0xC7,0x31,0x8A,0x4A,0x6E,0x6B,0x30,0x84,0x71,0x8C,0x71,0x8C,0x51,0x8C,
    0x51,0x8C,0x71,0x8C,0x2C,0x63,0xC7,0x31,0xC7,0x31,0xC7,0x31,0xC7,0x31,0xC7,0x31,
    0xC7,0x31,0xC7,0x31,0xC7,0x31,0xC7,0x31,0xC7,0x31,0xC7,0x31,0xC7,0x31,0xC7,0x31,
    0xC7,0x31,0xC7,0x31,0xC7,0x31,0xC7,0x31,0xC7,0x31,0xC7,0x31,0xC7,0x31,0xC7,0x31,
    0xC7,0x31,0xC7,0x31,0xC7,0x31,0xC7,0x31,0xC7,0x31,0xC7,0x31,0xC7,0x31,0xC7,0x31,
    0xC7,0x31,0xC7,0x31,0xC7,0x31,0xC7,0x31,0xC7,0x31,0xC7,0x31,0xC7,0x31,0xC7,0x31,
    0xC7,0x31,0xC7,0x31,0xC7,0x31,0xC7,0x31,0x2C,0x63,0x51,0x8C,0xF3,0x9C,0x55,0xAD,
    0x14,0xA5,0x71,0x8C,0xAE,0x73,0x6D,0x6B,0xCF,0x7B,0xB2,0x94,0xF3,0x9C,0x8A,0x52,
    0xC7,0x31,0xC7,0x31,0xC7,0x31,0xC7,0x31,0xC7,0x31,0xC7,0x31,0xC7,0x31,0xC7,0x31,
    0xC7,0x31,0xC7,0x31,0xC7,0x31,0xC7,0x31,0xC7,0x31,0xC7,0x31,0xC7,0x31,0xC7,0x31,
    0xC7,0x31,0xC7,0x31,0xC7,0x31,0xC7,0x31,0xC7,0x31,0xC7,0x31,0xC7,0x31,0xC7,0x31,
    0xC7,0x31,0xC7,0x31,0xC7,0x31,0xC7,0x31,0xC7,0x31,0xC7,0x31,0xC7,0x31,0xC7,0x31,
    0xC7,0x31,0xC7,0x31,0xC7,0x31,0xC7,0x31,0xC7,0x31,0xC7,0x31,0xEB,0x5A,0xB3,0x94,
    0x75,0xAD,0x14,0xA5,0x51,0x8C,0x8E,0x73,0xEB,0x5A,0x49,0x4A,0x6A,0x4A,0x0C,0x5B,
    0xCB,0x5A,0x6D,0x6B,0x34,0xA5,0x4D,0x63,0xC7,0x31,0xC7,0x31,0xC7,0x31,0xC7,0x31,
    0xC7,0x31,0xC7,0x31,0xC7,0x31,0xC7,0x31,0xC7,0x31,0xC7,0x31,0xC7,0x31,0xC7,0x31,
    0xC7,0x31,0xC7,0x31,0xC7,0x31,0xC7,0x31,0xC7,0x31,0xC7,0x31,0xC7,0x31,0xC7,0x31,
    0xC7,0x31,0xC7,0x31,0xC7,0x31,0xC7,0x31,0xC7,0x31,0xC7,0x31,0xC7,0x31,0xC7,0x31,
    0xC7,0x31,0xC7,0x31,0xC7,0x31,0xC7,0x31,0xC7,0x31,0xC7,0x31,0xC7,0x31,0xC7,0x31,
    0xC7,0x31,0xCF,0x7B,0x96,0xB5,0xB6,0xB5,0x51,0x8C,0x4D,0x6B,0xAA,0x52,0x49,0x42,
    0xC7,0x31,0x4D,0x63,0xF7,0xBD,0xBA,0xD6,0x2C,0x63,0x34,0xA5,0x14,0xA5,0x29,0x42,
    0xC7,0x31,0xC7,0x31,0xC7,0x31,0xC7,0x31,0xC7,0x31,0xC7,0x31,0xC7,0x31,0xC7,0x31,
    0xC7,0x31,0xC7,0x31,0xC7,0x31,0xC7,0x31,0xC7,0x31,0xC7,0x31,0xC7,0x31,0xC7,0x31,
    0xC7,0x31,0xC7,0x31,0xC7,0x31,0xC7,0x31,0xC7,0x31,0xC7,0x31,0xC7,0x31,0xC7,0x31,
    0xC7,0x31,0xC7,0x31,0xC7,0x31,0xC7,0x31,0xC7,0x31,0xC7,0x31,0xC7,0x31,0xC7,0x31,
    0xC7,0x31,0xC7,0x31,0xC7,0x31,0xC7,0x31,0x31,0x84,0x18,0xC6,0x34,0xA5,0x6E,0x6B,
    0x8A,0x52,0x8A,0x4A,0xC7,0x31,0x86,0x29,0x0C,0x63,0x92,0x94,0x75,0xAD,0xAE,0x73,
    0x34,0xA5,0x79,0xCE,0x8E,0x6B,0x0C,0x5B,0x10,0x7C,0x71,0x8C,0xB2,0x94,0xB2,0x94,
    0x92,0x94,0x51,0x8C,0x8E,0x6B,0xE8,0x31,0xC7,0x31,0xC7,0x31,0xC7,0x31,0xC7,0x31,
    0xC7,0x31,0xC7,0x31,0xC7,0x31,0xC7,0x31,0xC7,0x31,0xC7,0x31,0xC7,0x31,0xC7,0x31,
    0xC7,0x31,0xC7,0x31,0xC7,0x31,0xC7,0x31,0xC7,0x31,0xC7,0x31,0xC7,0x31,0xC7,0x31,
    0xC7,0x31,0xC7,0x31,0xC7,0x31,0xC7,0x31,0xC7,0x31,0xC7,0x31,0xC7,0x31,0x10,0x84,
    0x38,0xC6,0xF3,0x9C,0x8E,0x73,0x92,0x94,0x96,0xAD,0x92,0x94,0xCB,0x5A,0xE7,0x39,
    0x69,0x4A,0x38,0xC6,0x30,0x84,0xB2,0x94,0xBA,0xD6,0xB6,0xB5,0x75,0xAD,0xB6,0xB5,
    0xF7,0xBD,0xF7,0xBD,0xD7,0xBD,0xB6,0xB5,0x75,0xAD,0x96,0xB5,0x96,0xB5,0x14,0xA5,
    0xCB,0x52,0xC7,0x31,0xC7,0x31,0xC7,0x31,0xC7,0x31,0xC7,0x31,0xC7,0x31,0xC7,0x31,
    0xC7,0x31,0xC7,0x31,0xC7,0x31,0xC7,0x31,0xC7,0x31,0xC7,0x31,0xC7,0x31,0xC7,0x31,
    0xC7,0x31,0xC7,0x31,0xC7,0x31,0xC7,0x31,0xC7,0x31,0xC7,0x31,0xC7,0x31,0xAF,0x73,
    0xD3,0x94,0x55,0xAD,0x75,0xAD,0x79,0xCE,0xF7,0xBD,0x30,0x84,0xD3,0x9C,0x51,0x8C,
    0xAE,0x73,0xE7,0x39,0x04,0x21,0x49,0x4A,0xAA,0x52,0x6D,0x6B,0x71,0x8C,0x9A,0xD6,
    0xB6,0xB5,0x34,0xA5,0x51,0x8C,0xAE,0x73,0x4D,0x6B,0x0C,0x63,0xEB,0x5A,0xCB,0x5A,
    0xEB,0x5A,0x4D,0x6B,0x71,0x8C,0xB6,0xB5,0xF3,0x9C,0xC7,0x31,0xC7,0x31,0xC7,0x31,
    0xC7,0x31,0xC7,0x31,0xC7,0x31,0xC7,0x31,0xC7,0x31,0xC7,0x31,0xC7,0x31,0xC7,0x31,
    0xC7,0x31,0xC7,0x31,0xC7,0x31,0xC7,0x31,0xC7,0x31,0xC7,0x31,0xC7,0x31,0xC7,0x31,
    0xC7,0x31,0x6D,0x6B,0x96,0xB5,0x59,0xCE,0xFB,0xDE,0x75,0xAD,0x2C,0x63,0x51,0x8C,
    0x9A,0xD6,0x9A,0xD6,0x7D,0xEF,0x71,0x8C,0x69,0x4A,0xCB,0x5A,0xCB,0x5A,0x8A,0x52,
    0xAE,0x73,0xF3,0x9C,0x38,0xC6,0x75,0xAD,0x30,0x84,0x2C,0x63,0x8A,0x52,0x29,0x42,
    0x08,0x42,0xE8,0x39,0xA7,0x31,0xC7,0x31,0x6E,0x6B,0xCF,0x7B,0xCB,0x5A,0x92,0x94,
    0x75,0xAD,0xC7,0x31,0xC7,0x31,0xC7,0x31,0xC7,0x31,0xC7,0x31,0xC7,0x31,0xC7,0x31,
    0xC7,0x31,0xC7,0x31,0xC7,0x31,0xC7,0x31,0xC7,0x31,0xC7,0x31,0xC7,0x31,0xC7,0x31,
    0xC7,0x31,0xC7,0x31,0xC7,0x31,0xC7,0x31,0xAE,0x73,0x9A,0xD6,0xDB,0xDE,0x79,0xCE,
    0x2C,0x63,0xE3,0x18,0xE7,0x39,0xB2,0x94,0x3C,0xE7,0x1C,0xE7,0xBA,0xD6,0xF7,0xBD,
    0x55,0xAD,0xFB,0xDE,0x79,0xCE,0x14,0xA5,0x9A,0xD6,0x9A,0xD6,0x75,0xAD,0xAE,0x73,
    0x8A,0x52,0x08,0x42,0xE7,0x31,0xC7,0x31,0xC7,0x31,0xC7,0x31,0x8E,0x73,0x18,0xBE,
    0xBA,0xD6,0x2D,0x63,0xF3,0x9C,0x18,0xC6,0x14,0x9D,0xC7,0x31,0xC7,0x31,0xC7,0x31,
    0xC7,0x31,0xC7,0x31,0xC7,0x31,0xC7,0x31,0xC7,0x31,0xC7,0x31,0xC7,0x31,0xC7,0x31,
    0xC7,0x31,0xC7,0x31,0xC7,0x31,0xC7,0x31,0xC7,0x31,0xC7,0x31,0xC7,0x31,0xC7,0x31,
    0x92,0x94,0x38,0xC6,0xBA,0xD6,0xDB,0xDE,0x14,0xA5,0x71,0x8C,0xDB,0xDE,0x9E,0xF7,
    0x3C,0xE7,0xFB,0xDE,0xDB,0xDE,0xBA,0xD6,0xBA,0xD6,0xDB,0xDE,0x3C,0xE7,0x5D,0xEF,
    0xBA,0xD6,0xD7,0xBD,0xEF,0x7B,0xAE,0x73,0xCF,0x7B,0x8E,0x73,0xCF,0x73,0x66,0x29,
    0xC7,0x39,0xEF,0x7B,0xB2,0x94,0x14,0xA5,0x69,0x4A,0xEF,0x7B,0xFF,0xFF,0x9A,0xD6,
    0x8E,0x73,0xC7,0x31,0xC7,0x31,0xC7,0x31,0xC7,0x31,0xC7,0x31,0xC7,0x31,0xC7,0x31,
    0xC7,0x31,0xC7,0x31,0xC7,0x31,0xC7,0x31,0xC7,0x31,0xC7,0x31,0xC7,0x31,0xC7,0x31,
    0xC7,0x31,0x8A,0x4A,0x8E,0x73,0x71,0x8C,0x14,0xA5,0xF3,0x9C,0x96,0xB5,0x9A,0xD6,
    0x5D,0xEF,0x9E,0xF7,0x3C,0xE7,0x3C,0xE7,0x5D,0xEF,0x3C,0xE7,0xFB,0xDE,0x1C,0xE7,
    0x1C,0xE7,0xB6,0xB5,0x34,0xA5,0xBA,0xD6,0x59,0xCE,0x10,0x84,0xD3,0x9C,0x38,0xC6,
    0x55,0xAD,0x30,0x84,0xCB,0x5A,0xAA,0x52,0x65,0x29,0xAE,0x73,0x75,0xAD,0x69,0x4A,
    0x10,0x84,0xBE,0xF7,0x79,0xCE,0x10,0x84,0x49,0x42,0xC7,0x31,0xC7,0x31,0xC7,0x31,
    0xC7,0x31,0xC7,0x31,0xC7,0x31,0xC7,0x31,0xC7,0x31,0xC7,0x31,0xC7,0x31,0xC7,0x31,
    0xC7,0x31,0xC7,0x31,0x8A,0x52,0x51,0x8C,0x55,0xAD,0x96,0xB5,0xF7,0xBD,0x38,0xC6,
    0x75,0xAD,0xB2,0x94,0x14,0xA5,0x55,0xAD,0x38,0xC6,0x5D,0xEF,0x7D,0xEF,0x5D,0xEF,
    0x5D,0xEF,0x5D,0xEF,0xDF,0xFF,0x59,0xCE,0xEB,0x5A,0x61,0x08,0x61,0x08,0x30,0x84,
    0xD7,0xBD,0xAE,0x73,0x4D,0x6B,0xCB,0x5A,0x08,0x42,0x45,0x29,0xE3,0x18,0x08,0x42,
    0x49,0x4A,0x6D,0x6B,0xAE,0x73,0xF3,0x9C,0xFF,0xFF,0x59,0xCE,0x8E,0x73,0x29,0x42,
    0x29,0x42,0xC7,0x31,0xC7,0x31,0xC7,0x31,0xC7,0x31,0xC7,0x31,0xC7,0x31,0xC7,0x31,
    0xC7,0x31,0xC7,0x31,0xC7,0x31,0xC7,0x31,0x49,0x42,0xD3,0x9C,0xF7,0xBD,0x18,0xC6,
    0x34,0xA5,0x10,0x84,0x6D,0x6B,0x4D,0x6B,0xAE,0x73,0x10,0x84,0x92,0x94,0x14,0xA5,
    0x14,0xA5,0x18,0xC6,0x7D,0xEF,0x7D,0xEF,0x9E,0xF7,0xBE,0xF7,0x30,0x84,0x82,0x10,
    0x61,0x08,0xE7,0x39,0x04,0x21,0xC3,0x18,0x6D,0x6B,0x55,0xAD,0xCF,0x7B,0x69,0x4A,
    0xE7,0x39,0x45,0x29,0xA6,0x31,0x49,0x4A,0x08,0x42,0x45,0x29,0x6D,0x6B,0x9E,0xF7,
    0xD3,0x9C,0xCB,0x5A,0x29,0x42,0x08,0x3A,0xC7,0x31,0xC7,0x31,0xC7,0x31,0xC7,0x31,
    0xC7,0x31,0xC7,0x31,0xC7,0x31,0xC7,0x31,0xC7,0x31,0xC7,0x31,0xC7,0x31,0x10,0x84,
    0x18,0xC6,0x38,0xC6,0x92,0x94,0x4D,0x6B,0x0C,0x63,0xAE,0x73,0x14,0xA5,0x75,0xAD,
    0xD3,0x9C,0x8E,0x73,0x51,0x8C,0xB2,0x94,0xF3,0x9C,0xF3,0x9C,0xD7,0xBD,0x7D,0xEF,
    0x1C,0xE7,0x28,0x42,0x41,0x08,0x86,0x31,0xCB,0x5A,0x0C,0x63,0x2C,0x63,0xE7,0x39,
    0xE3,0x18,0xEB,0x5A,0x10,0x84,0xF3,0x9C,0xB6,0xB5,0x59,0xCE,0x14,0xA5,0x0C,0x63,
    0x0C,0x63,0x8E,0x73,0x10,0x84,0xCB,0x5A,0x28,0x42,0x28,0x42,0x28,0x3A,0xC7,0x31,
    0xC7,0x31,0xC7,0x31,0xC7,0x31,0xC7,0x31,0xC7,0x31,0xC7,0x31,0xC7,0x31,0xC7,0x31,
    0xC7,0x31,0x29,0x42,0x55,0xAD,0xBA,0xD6,0x34,0xA5,0x4D,0x6B,0xAA,0x52,0x29,0x42,
    0x4D,0x63,0x3C,0xE7,0xFF,0xFF,0xFF,0xFF,0xFF,0xFF,0x79,0xCE,0x14,0xA5,0x96,0xB5,
    0xB2,0x94,0x92,0x94,0xF3,0x9C,0xD7,0xBD,0x59,0xCE,0x08,0x42,0xC7,0x39,0x2C,0x63,
    0x2C,0x63,0x6D,0x6B,0x2C,0x63,0x8A,0x52,0xE7,0x39,0x65,0x29,0x2C,0x63,0xF3,0x9C,
    0x79,0xCE,0xBA,0xD6,0xD7,0xBD,0xCF,0x7B,0x4D,0x6B,0x8A,0x52,0xE7,0x39,0x08,0x3A,
    0x28,0x42,0xC7,0x31,0xC7,0x31,0xC7,0x31,0xC7,0x31,0xC7,0x31,0xC7,0x31,0xC7,0x31,
    0xC7,0x31,0xC7,0x31,0xC7,0x31,0xC7,0x31,0x8A,0x4A,0xB6,0xB5,0x9A,0xD6,0x92,0x94,
    0xCB,0x52,0x49,0x4A,0xE8,0x31,0xC7,0x31,0xEF,0x7B,0x75,0xAD,0x55,0xAD,0x59,0xCE,
    0xFF,0xFF,0x5D,0xEF,0x18,0xC6,0xBA,0xD6,0x96,0xB5,0x51,0x8C,0x71,0x8C,0xB2,0x94,
    0xB6,0xB5,0x79,0xCE,0xAA,0x52,0x08,0x42,0x6D,0x6B,0xCB,0x5A,0xCB,0x5A,0x49,0x4A,
    0x08,0x42,0x45,0x29,0x08,0x42,0xCF,0x7B,0x28,0x42,0xA6,0x31,0x65,0x29,0x86,0x31,
    0x86,0x31,0xA6,0x31,0x8A,0x52,0x69,0x4A,0xC7,0x31,0xC7,0x31,0xC7,0x31,0xC7,0x31,
    0xC7,0x31,0xC7,0x31,0xC7,0x31,0xC7,0x31,0xC7,0x31,0xC7,0x31,0xC7,0x31,0x29,0x42,
    0x96,0xAD,0x79,0xCE,0x51,0x8C,0x69,0x4A,0xC7,0x31,0xC7,0x31,0xC7,0x31,0x69,0x4A,
    0xAA,0x52,0xC7,0x39,0x8A,0x52,0xB2,0x94,0xBA,0xD6,0x9A,0xD6,0xFB,0xDE,0x1C,0xE7,
    0x59,0xCE,0xF3,0x9C,0xEF,0x7B,0xCF,0x7B,0x30,0x84,0x34,0xA5,0x75,0xAD,0xA6,0x31,
    0xC7,0x39,0x28,0x42,0x4D,0x6B,0x69,0x4A,0x08,0x42,0x8A,0x52,0xA6,0x31,0xAE,0x73,
    0x08,0x42,0xA7,0x31,0xC7,0x31,0xE8,0x39,0xC7,0x39,0xE7,0x39,0x69,0x4A,0x08,0x3A,
    0xC7,0x31,0xC7,0x31,0xC7,0x31,0xC7,0x31,0xC7,0x31,0xC7,0x31,0xC7,0x31,0xC7,0x31,
    0xC7,0x31,0xC7,0x31,0xC7,0x31,0xB2,0x94,0x9A,0xD6,0x92,0x94,0xAA,0x52,0x10,0x84,
    0x55,0xA5,0x71,0x8C,0xAA,0x52,0x28,0x42,0x65,0x29,0x49,0x4A,0x75,0xAD,0xF7,0xBD,
    0x38,0xC6,0xDB,0xDE,0x3C,0xE7,0x1C,0xE7,0xBA,0xD6,0xD7,0xBD,0x71,0x8C,0x6D,0x6B,
    0x8E,0x73,0xCF,0x7B,0x71,0x8C,0x4D,0x6B,0x24,0x21,0xE7,0x39,0x49,0x4A,0x45,0x29,
    0x24,0x21,0xA6,0x31,0x28,0x42,0x0C,0x63,0x6E,0x6B,0xC7,0x31,0xC7,0x31,0xC7,0x31,
    0x08,0x3A,0xE8,0x39,0x08,0x3A,0xC7,0x31,0xC7,0x31,0xC7,0x31,0xC7,0x31,0xC7,0x31,
    0xC7,0x31,0xC7,0x31,0xC7,0x31,0xC7,0x31,0xC7,0x31,0xC7,0x31,0xC7,0x31,0xD7,0xBD,
    0xB6,0xB5,0x6D,0x6B,0xE8,0x39,0x79,0xCE,0xFB,0xDE,0xB3,0x94,0xAE,0x73,0x2C,0x63,
    0x0C,0x63,0xCF,0x7B,0xFB,0xDE,0xFB,0xDE,0x9A,0xD6,0x79,0xCE,0x59,0xCE,0x59,0xCE,
    0xD7,0xBD,0x75,0xAD,0xF3,0x9C,0x51,0x8C,0x6D,0x6B,0x6D,0x6B,0x8E,0x73,0x6D,0x6B,
    0x65,0x29,0xA6,0x31,0x86,0x31,0xA6,0x31,0xA7,0x31,0x04,0x21,0x69,0x4A,0x29,0x42,
    0x6A,0x4A,0xC7,0x31,0xC7,0x31,0xC7,0x31,0xC7,0x31,0xC7,0x31,0xC7,0x31,0xC7,0x31,
    0xC7,0x31,0xC7,0x31,0xC7,0x31,0xC7,0x31,0xC7,0x31,0xC7,0x31,0xC7,0x31,0xC7,0x31,
    0xC7,0x31,0xC7,0x31,0xC7,0x31,0x18,0xC6,0xD7,0xBD,0xAA,0x52,0xC7,0x31,0x14,0x9D,
    0x59,0xCE,0xAE,0x73,0x0C,0x63,0x10,0x84,0xB6,0xB5,0x1C,0xE7,0x38,0xC6,0x92,0x94,
    0xCF,0x7B,0xCF,0x7B,0xEF,0x7B,0xCB,0x5A,0x8A,0x52,0xAA,0x52,0xEC,0x5A,0xCF,0x7B,
    0xD3,0x9C,0xCF,0x7B,0x8E,0x73,0x4D,0x6B,0x28,0x42,0x65,0x29,0xC7,0x39,0x24,0x21,
    0x25,0x21,0x28,0x42,0x49,0x4A,0xC7,0x31,0xC7,0x31,0xC7,0x31,0xC7,0x31,0xC7,0x31,
    0xC7,0x31,0xC7,0x31,0xC7,0x31,0xC7,0x31,0xC7,0x31,0xC7,0x31,0xC7,0x31,0xC7,0x31,
    0xC7,0x31,0xC7,0x31,0xC7,0x31,0xC7,0x31,0xC7,0x31,0xC7,0x31,0xC7,0x31,0xD3,0x9C,
    0xFB,0xDE,0x14,0xA5,0x71,0x8C,0x51,0x8C,0x71,0x8C,0x92,0x94,0xD7,0xBD,0x1C,0xE7,
    0x1C,0xE7,0xF3,0x9C,0xEB,0x5A,0x49,0x4A,0x08,0x42,0x6D,0x6B,0xF7,0xBD,0xC7,0x31,
    0xC7,0x31,0xC7,0x31,0x08,0x3A,0x8A,0x52,0xF3,0x9C,0x38,0xC6,0xCF,0x7B,0x0C,0x63,
    0xCB,0x5A,0x24,0x21,0x08,0x42,0xE7,0x39,0x28,0x42,0x49,0x4A,0xE8,0x31,0xC7,0x31,
    0xC7,0x31,0xC7,0x31,0xC7,0x31,0xC7,0x31,0xC7,0x31,0xC7,0x31,0xC7,0x31,0xC7,0x31,
    0xC7,0x31,0xC7,0x31,0xC7,0x31,0xC7,0x31,0xC7,0x31,0xC7,0x31,0xC7,0x31,0xC7,0x31,
    0xC7,0x31,0xC7,0x31,0xC7,0x31,0xC7,0x31,0x10,0x84,0x75,0xAD,0xB6,0xB5,0x14,0xA5,
    0x71,0x8C,0xCF,0x7B,0xBA,0xD6,0xFB,0xDE,0x51,0x8C,0x69,0x4A,0x28,0x42,0x49,0x42,
    0xC7,0x31,0x6D,0x6B,0x38,0xC6,0xE8,0x39,0xAF,0x73,0xB2,0x94,0xC7,0x31,0xC7,0x31,
    0x14,0xA5,0x34,0xA5,0x86,0x31,0xAA,0x52,0x2C,0x63,0x28,0x42,0x45,0x21,0x08,0x3A,
    0x08,0x3A,0xC7,0x31,0xC7,0x31,0xC7,0x31,0xC7,0x31,0xC7,0x31,0xC7,0x31,0xC7,0x31,
    0xC7,0x31,0xC7,0x31,0xC7,0x31,0xC7,0x31,0xC7,0x31,0xC7,0x31,0xC7,0x31,0xC7,0x31,
    0xC7,0x31,0xC7,0x31,0xC7,0x31,0xC7,0x31,0xC7,0x31,0xC7,0x31,0xC7,0x31,0xC7,0x31,
    0xC7,0x31,0xC7,0x31,0x6A,0x4A,0x8A,0x52,0x08,0x3A,0xF7,0xBD,0x1C,0xE7,0x71,0x8C,
    0x69,0x4A,0x49,0x4A,0x49,0x4A,0xC7,0x31,0xC7,0x31,0x6E,0x6B,0x38,0xC6,0xB2,0x94,
    0xD7,0xBD,0x79,0xCE,0xB6,0xB5,0x0C,0x5B,0xF7,0xBD,0xCB,0x52,0x25,0x21,0x08,0x3A,
    0x6A,0x4A,0x8A,0x52,0xC7,0x31,0xC7,0x31,0xC7,0x31,0xC7,0x31,0xC7,0x31,0xC7,0x31,
    0xC7,0x31,0xC7,0x31,0xC7,0x31,0xC7,0x31,0xC7,0x31,0xC7,0x31,0xC7,0x31,0xC7,0x31,
    0xC7,0x31,0xC7,0x31,0xC7,0x31,0xC7,0x31,0xC7,0x31,0xC7,0x31,0xC7,0x31,0xC7,0x31,
    0xC7,0x31,0xC7,0x31,0xC7,0x31,0xC7,0x31,0xC7,0x31,0xC7,0x31,0xC7,0x31,0xC7,0x31,
    0x34,0xA5,0x9E,0xF7,0x55,0xAD,0xEB,0x5A,0x29,0x42,0xC7,0x31,0xC7,0x31,0xC7,0x31,
    0xE8,0x39,0xAB,0x52,0xEF,0x7B,0xCB,0x5A,0x49,0x4A,0x2C,0x63,0x18,0xC6,0x9A,0xD6,
    0x92,0x94,0xE7,0x39,0xC7,0x31,0xC7,0x31,0xC7,0x31,0xC7,0x31,0xC7,0x31,0xC7,0x31,
    0xC7,0x31,0xC7,0x31,0xC7,0x31,0xC7,0x31,0xC7,0x31,0xC7,0x31,0xC7,0x31,0xC7,0x31,
    0xC7,0x31,0xC7,0x31,0xC7,0x31,0xC7,0x31,0xC7,0x31,0xC7,0x31,0xC7,0x31,0xC7,0x31,
    0xC7,0x31,0xC7,0x31,0xC7,0x31,0xC7,0x31,0xC7,0x31,0xC7,0x31,0xC7,0x31,0xC7,0x31,
    0xC7,0x31,0xC7,0x31,0xC7,0x31,0xAA,0x52,0xDB,0xDE,0xBA,0xD6,0xCF,0x7B,0x49,0x4A,
    0xC7,0x31,0x0C,0x63,0x71,0x8C,0x10,0x84,0x8A,0x52,0xE7,0x39,0x86,0x31,0x65,0x29,
    0x8E,0x73,0xF3,0x9C,0xD7,0xBD,0xD3,0x9C,0x69,0x4A,0xE8,0x39,0xC7,0x31,0xC7,0x31,
    0xC7,0x31,0xC7,0x31,0xC7,0x31,0xC7,0x31,0xC7,0x31,0xC7,0x31,0xC7,0x31,0xC7,0x31,
    0xC7,0x31,0xC7,0x31,0xC7,0x31,0xC7,0x31,0xC7,0x31,0xC7,0x31,0xC7,0x31,0xC7,0x31,
    0xC7,0x31,0xC7,0x31,0xC7,0x31,0xC7,0x31,0xC7,0x31,0xC7,0x31,0xC7,0x31,0xC7,0x31,
    0xC7,0x31,0xC7,0x31,0xC7,0x31,0xC7,0x31,0xC7,0x31,0xC7,0x31,0xC7,0x31,0x92,0x94,
    0xBE,0xF7,0xB6,0xB5,0xEC,0x5A,0xE8,0x31,0x2D,0x63,0x79,0xCE,0xD7,0xBD,0xF3,0x9C,
    0x8E,0x73,0xAA,0x52,0x8A,0x52,0x28,0x42,0xF7,0xBD,0x5D,0xEF,0xB2,0x94,0x8A,0x52,
    0x28,0x42,0xC7,0x31,0xC7,0x31,0xC7,0x31,0xC7,0x31,0xC7,0x31,0xC7,0x31,0xC7,0x31,
    0xC7,0x31,0xC7,0x31,0xC7,0x31,0xC7,0x31,0xC7,0x31,0xC7,0x31,0xC7,0x31,0xC7,0x31,
    0xC7,0x31,0xC7,0x31,0xC7,0x31,0xC7,0x31,0xC7,0x31,0xC7,0x31,0xC7,0x31,0xC7,0x31,
    0xC7,0x31,0xC7,0x31,0xC7,0x31,0xC7,0x31,0xC7,0x31,0xC7,0x31,0xC7,0x31,0xC7,0x31,
    0xC7,0x31,0xC7,0x31,0xC7,0x31,0x55,0xAD,0x9E,0xF7,0x55,0xAD,0x8A,0x4A,0xC7,0x31,
    0xCB,0x52,0xBA,0xD6,0x38,0xC6,0xF3,0x9C,0xAE,0x73,0xCB,0x5A,0x49,0x4A,0x2C,0x63,
    0xF7,0xBD,0x71,0x8C,0xAA,0x52,0x49,0x4A,0xC7,0x31,0xC7,0x31,0xC7,0x31,0xC7,0x31,
    0xC7,0x31,0xC7,0x31,0xC7,0x31,0xC7,0x31,0xC7,0x31,0xC7,0x31,0xC7,0x31,0xC7,0x31,
    0xC7,0x31,0xC7,0x31,0xC7,0x31,0xC7,0x31,0xC7,0x31,0xC7,0x31,0xC7,0x31,0xC7,0x31,
    0xC7,0x31,0xC7,0x31,0xC7,0x31,0xC7,0x31,0xC7,0x31,0xC7,0x31,0xC7,0x31,0xC7,0x31,
    0xC7,0x31,0xC7,0x31,0xC7,0x31,0xC7,0x31,0xC7,0x31,0xC7,0x31,0xC7,0x31,0xB2,0x94,
    0xBE,0xF7,0xB6,0xB5,0xE7,0x31,0xC7,0x31,0x2C,0x63,0x76,0xAD,0xD3,0x9C,0x6D,0x6B,
    0xEF,0x7B,0xAE,0x73,0x92,0x94,0xF3,0x9C,0x4D,0x6B,0x49,0x4A,0x49,0x4A,0xC7,0x31,
    0xC7,0x31,0xC7,0x31,0xC7,0x31,0xC7,0x31,0xC7,0x31,0xC7,0x31,0xC7,0x31,0xC7,0x31,
    0xC7,0x31,0xC7,0x31,0xC7,0x31,0xC7,0x31,0xC7,0x31,0xC7,0x31,0xC7,0x31,0xC7,0x31,
    0xC7,0x31,0xC7,0x31,0xC7,0x31,0xC7,0x31,0xC7,0x31,0xC7,0x31,0xC7,0x31,0xC7,0x31,
    0xC7,0x31,0xC7,0x31,0xC7,0x31,0xC7,0x31,0xC7,0x31,0xC7,0x31,0xC7,0x31,0xC7,0x31,
    0xC7,0x31,0xC7,0x31,0xC7,0x31,0x8A,0x4A,0x38,0xC6,0x7D,0xEF,0x96,0xB5,0xB2,0x94,
    0x51,0x8C,0x92,0x94,0x96,0xB5,0x9A,0xD6,0xBA,0xD6,0x75,0xAD,0xCF,0x7B,0x69,0x4A,
    0xAA,0x52,0x6A,0x4A,0xC7,0x31,0xC7,0x31,0xC7,0x31,0xC7,0x31,0xC7,0x31,0xC7,0x31,
    0xC7,0x31,0xC7,0x31,0xC7,0x31,0xC7,0x31,0xC7,0x31,0xC7,0x31,0xC7,0x31,0xC7,0x31,
    0xC7,0x31,0xC7,0x31,0xC7,0x31,0xC7,0x31,0xC7,0x31,0xC7,0x31,0xC7,0x31,0xC7,0x31,
    0xC7,0x31,0xC7,0x31,0xC7,0x31,0xC7,0x31,0xC7,0x31,0xC7,0x31,0xC7,0x31,0xC7,0x31,
    0xC7,0x31,0xC7,0x31,0xC7,0x31,0xC7,0x31,0xC7,0x31,0xC7,0x31,0xC7,0x31,0xC7,0x31,
    0x8A,0x4A,0x34,0xA5,0x79,0xCE,0x79,0xCE,0xD7,0xBD,0x18,0xC6,0xB6,0xB5,0x71,0x8C,
    0x2C,0x63,0x8A,0x52,0x8A,0x52,0x0C,0x63,0xCB,0x5A,0x28,0x42,0xC7,0x31,0xC7,0x31,
    0xC7,0x31,0xC7,0x31,0xC7,0x31,0xC7,0x31,0xC7,0x31,0xC7,0x31,0xC7,0x31,0xC7,0x31,
    0xC7,0x31,0xC7,0x31,0xC7,0x31,0xC7,0x31,0xC7,0x31,0xC7,0x31,0xC7,0x31,0xC7,0x31,
    0xC7,0x31,0xC7,0x31,0xC7,0x31,0xC7,0x31,0xC7,0x31,0xC7,0x31,0xC7,0x31,0xC7,0x31,
    0xC7,0x31,0xC7,0x31,0xC7,0x31,0xC7,0x31,0xC7,0x31,0xC7,0x31,0xC7,0x31,0xC7,0x31,
    0xC7,0x31,0xC7,0x31,0xC7,0x31,0xC7,0x31,0xC7,0x31,0xC7,0x31,0x29,0x42,0x2C,0x63,
    0x4D,0x63,0xEB,0x5A,0x8A,0x52,0xAA,0x52,0x8A,0x4A,0x29,0x42,0x6A,0x4A,0xAA,0x52,
    0x08,0x3A,0xC7,0x31,0xC7,0x31,0xC7,0x31,0xC7,0x31,0xC7,0x31,0xC7,0x31,0xC7,0x31,
    0xC7,0x31,0xC7,0x31,0xC7,0x31,0xC7,0x31,0xC7,0x31,0xC7,0x31,0xC7,0x31,0xC7,0x31,
    0xC7,0x31,0xC7,0x31,0xC7,0x31,0xC7,0x31,0xC7,0x31,0xC7,0x31,0xC7,0x31,0xC7,0x31,
    0xC7,0x31,0xC7,0x31,0xC7,0x31,0xC7,0x31,0xC7,0x31,0xC7,0x31,0xC7,0x31,0xC7,0x31,
    0xC7,0x31,0xC7,0x31,0xC7,0x31,0xC7,0x31,0xC7,0x31,0xC7,0x31,0xC7,0x31,0xC7,0x31,
    0xC7,0x31,0xC7,0x31,0xC7,0x31,0xC7,0x31,0xC7,0x31,0xC7,0x31,0xC7,0x31,0xC7,0x31,
    0xC7,0x31,0xC7,0x31,0xC7,0x31,0xC7,0x31,0xC7,0x31,0xC7,0x31,0xC7,0x31,0xC7,0x31,
    0xC7,0x31,0xC7,0x31,0xC7,0x31,0xC7,0x31,0xC7,0x31,0xC7,0x31,0xC7,0x31,0xC7,0x31,
    0xC7,0x31,0xC7,0x31,0xC7,0x31,0xC7,0x31,0xC7,0x31,0xC7,0x31,0xC7,0x31,0xC7,0x31,
    0xC7,0x31,0xC7,0x31,0xC7,0x31,0xC7,0x31,0xC7,0x31,0xC7,0x31,0xC7,0x31,0xC7,0x31,
    0xC7,0x31,0xC7,0x31,0xC7,0x31,0xC7,0x31,0xC7,0x31,0xC7,0x31,0xC7,0x31,0xC7,0x31,
    0xC7,0x31,0xC7,0x31,0xC7,0x31,0xC7,0x31,0xC7,0x31,0xC7,0x31,0xC7,0x31,0xC7,0x31,
    0xC7,0x31,0xC7,0x31,0xC7,0x31,0xC7,0x31,0xC7,0x31,0xC7,0x31,0xC7,0x31,0xC7,0x31,
    0xC7,0x31,0xC7,0x31,0xC7,0x31,0xC7,0x31,0xC7,0x31,0xC7,0x31,0xC7,0x31,0xC7,0x31,
    0xC7,0x31,0xC7,0x31,0xC7,0x31,0xC7,0x31,0xC7,0x31,0xC7,0x31,0xC7,0x31,0xC7,0x31,
    0xC7,0x31,0xC7,0x31,0xC7,0x31,0xC7,0x31,0xC7,0x31,0xC7,0x31,0xC7,0x31,0xC7,0x31,
    0xC7,0x31,0xC7,0x31,0xC7,0x31,0xC7,0x31,0xC7,0x31,0xC7,0x31,0xC7,0x31,0xC7,0x31,
    0xC7,0x31,0xC7,0x31,0xC7,0x31,0xC7,0x31,0xC7,0x31,0xC7,0x31,0xC7,0x31,0xC7,0x31,
    0xC7,0x31,0xC7,0x31,0xC7,0x31,0xC7,0x31,0xC7,0x31,0xC7,0x31,0xC7,0x31,0xC7,0x31,
    0xC7,0x31,0xC7,0x31,0xC7,0x31,0xC7,0x31,0xC7,0x31,0xC7,0x31,0xC7,0x31,0xC7,0x31,
    0xC7,0x31,0xC7,0x31,0xC7,0x31,0xC7,0x31,0xC7,0x31,0xC7,0x31,0xC7,0x31,0xC7,0x31,
    0xC7,0x31,0xC7,0x31,0xC7,0x31,0xC7,0x31,0xC7,0x31,0xC7,0x31,0xC7,0x31,0xC7,0x31,
    0xC7,0x31,0xC7,0x31,0xC7,0x31,0xC7,0x31,0xC7,0x31,0xC7,0x31,0xC7,0x31,0xC7,0x31,
    0xC7,0x31,0xC7,0x31,0xC7,0x31,0xC7,0x31,0xC7,0x31,0xC7,0x31,0xC7,0x31,0xC7,0x31,
    0xC7,0x31,0xC7,0x31,0xC7,0x31,0xC7,0x31,0xC7,0x31,0xC7,0x31,0xC7,0x31,0xC7,0x31,
    0xC7,0x31,0xC7,0x31,0xC7,0x31,0xC7,0x31,0xC7,0x31,0xC7,0x31,0xC7,0x31,0xC7,0x31,
    0xC7,0x31,0xC7,0x31,0xC7,0x31,0xC7,0x31,0xC7,0x31,0xC7,0x31,0xC7,0x31,0xC7,0x31,
    0xC7,0x31,0xC7,0x31,0xC7,0x31,0xC7,0x31,0xC7,0x31,0xC7,0x31,0xC7,0x31,0xC7,0x31,
    0xC7,0x31,0xC7,0x31,0xC7,0x31,0xC7,0x31,0xC7,0x31,0xC7,0x31,0xC7,0x31,0xC7,0x31,
    0xC7,0x31,0xC7,0x31,0xC7,0x31,0xC7,0x31,0xC7,0x31,0xC7,0x31,0xC7,0x31,0xC7,0x31,
    0xC7,0x31,0xC7,0x31,0xC7,0x31,0xC7,0x31,0xC7,0x31,0xC7,0x31,0xC7,0x31,0xC7,0x31,
    0xC7,0x31,0xC7,0x31,0xC7,0x31,0xC7,0x31,0xC7,0x31,0xC7,0x31,0xC7,0x31,0xC7,0x31,
    0xC7,0x31,0xC7,0x31,0xC7,0x31,0xC7,0x31,0xC7,0x31,0xC7,0x31,0xC7,0x31,0xC7,0x31,
    0xC7,0x31,0xC7,0x31,0xC7,0x31,0xC7,0x31,0xC7,0x31,0xC7,0x31,0xC7,0x31,0xC7,0x31,
    0xC7,0x31,0xC7,0x31,0xC7,0x31,0xC7,0x31,0xC7,0x31,0xC7,0x31,0xC7,0x31,0xC7,0x31,
    0xC7,0x31,0xC7,0x31,0xC7,0x31,0xC7,0x31,0xC7,0x31,0xC7,0x31,0xC7,0x31,0xC7,0x31,
    0xC7,0x31,0xC7,0x31,0xC7,0x31,0xC7,0x31,0xC7,0x31,0xC7,0x31,0xC7,0x31,0xC7,0x31,
    0xC7,0x31,0xC7,0x31,0xC7,0x31,0xC7,0x31,0xC7,0x31,0xC7,0x31,0xC7,0x31,0xC7,0x31,
    0xC7,0x31,0xC7,0x31,0xC7,0x31,0xC7,0x31,0xC7,0x31,0xC7,0x31,0xC7,0x31,0xC7,0x31,
    0xC7,0x31,0xC7,0x31,0xC7,0x31,0xC7,0x31,0xC7,0x31,0xC7,0x31,0xC7,0x31,0xC7,0x31,
    0xC7,0x31,0xC7,0x31,0xC7,0x31,0xC7,0x31,0xC7,0x31,0xC7,0x31,0xC7,0x31,0xC7,0x31,
    0xC7,0x31,0xC7,0x31,0xC7,0x31,0xC7,0x31,0xC7,0x31,0xC7,0x31,0xC7,0x31,0xC7,0x31,
    0xC7,0x31,0xC7,0x31,0xC7,0x31,0xC7,0x31,0xC7,0x31,0xC7,0x31,0xC7,0x31,0xC7,0x31,
    0xC7,0x31,0xC7,0x31,0xC7,0x31,0xC7,0x31,0xC7,0x31,0xC7,0x31,0xC7,0x31,0xC7,0x31,
    0xC7,0x31,0xC7,0x31,0xC7,0x31,0xC7,0x31,0xC7,0x31,0xC7,0x31,0xC7,0x31,0xC7,0x31,
    0xC7,0x31,0xC7,0x31,0xC7,0x31,0xC7,0x31,0xC7,0x31,0xC7,0x31,0xC7,0x31,0xC7,0x31,
    0xC7,0x31,0xC7,0x31,0xC7,0x31,0xC7,0x31,0xC7,0x31,0xC7,0x31,0xC7,0x31,0xC7,0x31,
    0xC7,0x31,0xC7,0x31,0xC7,0x31,0xC7,0x31,0xC7,0x31,0xC7,0x31,0xC7,0x31,0xC7,0x31,
    0xC7,0x31,0xC7,0x31,0xC7,0x31,0xC7,0x31,0xC7,0x31,0xC7,0x31,0xC7,0x31,0xC7,0x31,
    0xC7,0x31,0xC7,0x31,0xC7,0x31,0xC7,0x31,0xC7,0x31,0xC7,0x31,0xC7,0x31,0xC7,0x31,
    0xC7,0x31,0xC7,0x31,0xC7,0x31,0xC7,0x31,0xC7,0x31,0xC7,0x31,0xC7,0x31,0xC7,0x31,
    0xC7,0x31,0xC7,0x31,0xC7,0x31,0xC7,0x31,0xC7,0x31,0xC7,0x31,0xC7,0x31,0xC7,0x31,
    0xC7,0x31,0xC7,0x31,0xC7,0x31,0xC7,0x31,0xC7,0x31,0xC7,0x31,0xC7,0x31,0xC7,0x31,
    0xC7,0x31,0xC7,0x31,0xC7,0x31,0xC7,0x31,0xC7,0x31,0xC7,0x31,0xC7,0x31,0xC7,0x31,
    0xC7,0x31,0xC7,0x31,0xC7,0x31,0xC7,0x31,0xC7,0x31,0xC7,0x31,0xC7,0x31,0xC7,0x31,
    0xC7,0x31,0xC7,0x31,0xC7,0x31,0xC7,0x31,0xC7,0x31,0xC7,0x31,0xC7,0x31,0xC7,0x31,
};

const lv_image_dsc_t rf_device_xiaobawang_strip = {
    .header.magic = LV_IMAGE_HEADER_MAGIC,
    .header.cf = LV_COLOR_FORMAT_RGB565,
    .header.flags = 0,
    .header.w = 52,
    .header.h = 46,
    .header.stride = 104,
    .data_size = sizeof(rf_device_xiaobawang_strip_map),
    .data = rf_device_xiaobawang_strip_map,
};

const LV_ATTRIBUTE_MEM_ALIGN LV_ATTRIBUTE_LARGE_CONST uint8_t rf_device_xiaobawang_detail_map[] = {
    0xC7,0x31,0xC7,0x31,0xC7,0x31,0xC7,0x31,0xC7,0x31,0xC7,0x31,0xC7,0x31,0xC7,0x31,
    0xC7,0x31,0xC7,0x31,0xC7,0x31,0xC7,0x31,0xC7,0x31,0xC7,0x31,0xC7,0x31,0xC7,0x31,
    0xC7,0x31,0xC7,0x31,0xC7,0x31,0xC7,0x31,0xC7,0x31,0xC7,0x31,0xC7,0x31,0xC7,0x31,
    0xC7,0x31,0xC7,0x31,0xC7,0x31,0xC7,0x31,0xC7,0x31,0xC7,0x31,0xC7,0x31,0xC7,0x31,
    0xC7,0x31,0xC7,0x31,0xC7,0x31,0xC7,0x31,0xC7,0x31,0xC7,0x31,0xC7,0x31,0xC7,0x31,
    0xC7,0x31,0xC7,0x31,0xC7,0x31,0xC7,0x31,0xC7,0x31,0xC7,0x31,0xC7,0x31,0xC7,0x31,
    0xC7,0x31,0xC7,0x31,0xC7,0x31,0xC7,0x31,0xC7,0x31,0xC7,0x31,0xC7,0x31,0xC7,0x31,
    0xC7,0x31,0xC7,0x31,0xC7,0x31,0xC7,0x31,0xC7,0x31,0xC7,0x31,0xC7,0x31,0xC7,0x31,
    0xC7,0x31,0xC7,0x31,0xC7,0x31,0xC7,0x31,0xC7,0x31,0xC7,0x31,0xC7,0x31,0xC7,0x31,
    0xC7,0x31,0xC7,0x31,0xC7,0x31,0xC7,0x31,0xC7,0x31,0xC7,0x31,0xC7,0x31,0xC7,0x31,
    0xC7,0x31,0xC7,0x31,0xC7,0x31,0xC7,0x31,0xC7,0x31,0xC7,0x31,0xC7,0x31,0xC7,0x31,
    0xC7,0x31,0xC7,0x31,0xC7,0x31,0xC7,0x31,0xC7,0x31,0xC7,0x31,0xC7,0x31,0xC7,0x31,
    0xC7,0x31,0xC7,0x31,0xC7,0x31,0xC7,0x31,0xC7,0x31,0xC7,0x31,0xC7,0x31,0xC7,0x31,
    0xC7,0x31,0xC7,0x31,0xC7,0x31,0xC7,0x31,0xC7,0x31,0xC7,0x31,0xC7,0x31,0xC7,0x31,
    0xC7,0x31,0xC7,0x31,0xC7,0x31,0xC7,0x31,0xC7,0x31,0xC7,0x31,0xC7,0x31,0xC7,0x31,
    0xC7,0x31,0xC7,0x31,0xC7,0x31,0xC7,0x31,0xC7,0x31,0xC7,0x31,0xC7,0x31,0xC7,0x31,
    0xC7,0x31,0xC7,0x31,0xC7,0x31,0xC7,0x31,0xC7,0x31,0xC7,0x31,0xC7,0x31,0xC7,0x31,
    0xC7,0x31,0xC7,0x31,0xC7,0x31,0xC7,0x31,0xC7,0x31,0xC7,0x31,0xC7,0x31,0xC7,0x31,
    0xC7,0x31,0xC7,0x31,0xC7,0x31,0xC7,0x31,0xC7,0x31,0xC7,0x31,0xC7,0x31,0xC7,0x31,
    0xC7,0x31,0xC7,0x31,0xC7,0x31,0xC7,0x31,0xC7,0x31,0xC7,0x31,0xC7,0x31,0xC7,0x31,
    0xC7,0x31,0xC7,0x31,0xC7,0x31,0xC7,0x31,0xC7,0x31,0xC7,0x31,0xC7,0x31,0xC7,0x31,
    0xC7,0x31,0xC7,0x31,0xC7,0x31,0xC7,0x31,0xC7,0x31,0xC7,0x31,0xC7,0x31,0xC7,0x31,
    0xC7,0x31,0xC7,0x31,0xC7,0x31,0xC7,0x31,0xC7,0x31,0xC7,0x31,0xC7,0x31,0xC7,0x31,
    0xC7,0x31,0xC7,0x31,0xC7,0x31,0xC7,0x31,0xC7,0x31,0xC7,0x31,0xC7,0x31,0xC7,0x31,
    0xC7,0x31,0xC7,0x31,0xC7,0x31,0xC7,0x31,0xC7,0x31,0xC7,0x31,0xC7,0x31,0xC7,0x31,
    0xC7,0x31,0xC7,0x31,0xC7,0x31,0xC7,0x31,0xC7,0x31,0xC7,0x31,0xC7,0x31,0xC7,0x31,
    0xC7,0x31,0xC7,0x31,0xC7,0x31,0xC7,0x31,0xC7,0x31,0xC7,0x31,0xC7,0x31,0xC7,0x31,
    0xC7,0x31,0xC7,0x31,0xC7,0x31,0xC7,0x31,0xC7,0x31,0xC7,0x31,0xC7,0x31,0xC7,0x31,
    0xC7,0x31,0xC7,0x31,0xC7,0x31,0xC7,0x31,0xC7,0x31,0xC7,0x31,0xC7,0x31,0xC7,0x31,
    0xC7,0x31,0xC7,0x31,0xC7,0x31,0xC7,0x31,0xC7,0x31,0xC7,0x31,0xC7,0x31,0xC7,0x31,
    0xC7,0x31,0xC7,0x31,0xC7,0x31,0xC7,0x31,0xC7,0x31,0xC7,0x31,0xC7,0x31,0xC7,0x31,
    0xC7,0x31,0xC7,0x31,0xC7,0x31,0xC7,0x31,0xC7,0x31,0xC7,0x31,0xC7,0x31,0xC7,0x31,
    0xC7,0x31,0xC7,0x31,0xC7,0x31,0xC7,0x31,0xC7,0x31,0xC7,0x31,0xC7,0x31,0xC7,0x31,
    0xC7,0x31,0xC7,0x31,0xC7,0x31,0xC7,0x31,0xC7,0x31,0xC7,0x31,0xC7,0x31,0xC7,0x31,
    0xC7,0x31,0xC7,0x31,0xC7,0x31,0xC7,0x31,0xC7,0x31,0xC7,0x31,0xC7,0x31,0xC7,0x31,
    0xC7,0x31,0xC7,0x31,0xC7,0x31,0xC7,0x31,0xC7,0x31,0xC7,0x31,0xC7,0x31,0xC7,0x31,
    0xC7,0x31,0xC7,0x31,0xC7,0x31,0xC7,0x31,0xC7,0x31,0xC7,0x31,0xC7,0x31,0xC7,0x31,
    0xC7,0x31,0xC7,0x31,0xC7,0x31,0xC7,0x31,0xC7,0x31,0xC7,0x31,0xC7,0x31,0xC7,0x31,
    0xC7,0x31,0xC7,0x31,0xC7,0x31,0xC7,0x31,0xC7,0x31,0xC7,0x31,0xC7,0x31,0xC7,0x31,
    0xC7,0x31,0xC7,0x31,0xC7,0x31,0xC7,0x31,0xC7,0x31,0xC7,0x31,0xC7,0x31,0xC7,0x31,
    0xC7,0x31,0xC7,0x31,0xC7,0x31,0xC7,0x31,0xC7,0x31,0xC7,0x31,0xC7,0x31,0xC7,0x31,
    0xC7,0x31,0xC7,0x31,0xC7,0x31,0xC7,0x31,0xC7,0x31,0xC7,0x31,0xC7,0x31,0xC7,0x31,
    0xC7,0x31,0xC7,0x31,0xC7,0x31,0xC7,0x31,0xC7,0x31,0xC7,0x31,0xC7,0x31,0xC7,0x31,
    0xC7,0x31,0xC7,0x31,0xC7,0x31,0xC7,0x31,0xC7,0x31,0xC7,0x31,0xC7,0x31,0xC7,0x31,
    0xC7,0x31,0xC7,0x31,0xC7,0x31,0xC7,0x31,0xC7,0x31,0xC7,0x31,0xC7,0x31,0xC7,0x31,
    0xC7,0x31,0xC7,0x31,0xC7,0x31,0xC7,0x31,0xC7,0x31,0xC7,0x31,0xC7,0x31,0xC7,0x31,
    0xC7,0x31,0xC7,0x31,0xC7,0x31,0xC7,0x31,0xC7,0x31,0xC7,0x31,0xC7,0x31,0xC7,0x31,
    0xC7,0x31,0xC7,0x31,0xC7,0x31,0xC7,0x31,0xC7,0x31,0xC7,0x31,0xC7,0x31,0xC7,0x31,
    0xC7,0x31,0xC7,0x31,0xC7,0x31,0xC7,0x31,0xC7,0x31,0xC7,0x31,0xC7,0x31,0xC7,0x31,
    0xC7,0x31,0xC7,0x31,0xC7,0x31,0xC7,0x31,0xC7,0x31,0xC7,0x31,0xC7,0x31,0xC7,0x31,
    0xC7,0x31,0xC7,0x31,0xC7,0x31,0xC7,0x31,0xC7,0x31,0xC7,0x31,0xC7,0x31,0xC7,0x31,
    0xC7,0x31,0xC7,0x31,0xC7,0x31,0xC7,0x31,0xC7,0x31,0xC7,0x31,0xC7,0x31,0xC7,0x31,
    0xC7,0x31,0xC7,0x31,0xC7,0x31,0xC7,0x31,0xC7,0x31,0xC7,0x31,0xC7,0x31,0xC7,0x31,
    0xC7,0x31,0xC7,0x31,0xC7,0x31,0xC7,0x31,0xC7,0x31,0xC7,0x31,0xC7,0x31,0xC7,0x31,
    0xC7,0x31,0xC7,0x31,0xC7,0x31,0xC7,0x31,0xC7,0x31,0xC7,0x31,0xC7,0x31,0xC7,0x31,
    0xC7,0x31,0xC7,0x31,0xC7,0x31,0xC7,0x31,0xC7,0x31,0xC7,0x31,0xC7,0x31,0xC7,0x31,
    0xC7,0x31,0xC7,0x31,0xC7,0x31,0xC7,0x31,0xC7,0x31,0xC7,0x31,0xC7,0x31,0xC7,0x31,
    0xC7,0x31,0xC7,0x31,0xC7,0x31,0xC7,0x31,0xC7,0x31,0xC7,0x31,0xC7,0x31,0xC7,0x31,
    0xC7,0x31,0xC7,0x31,0xC7,0x31,0xC7,0x31,0xC7,0x31,0xC7,0x31,0xC7,0x31,0xC7,0x31,
    0xC7,0x31,0xC7,0x31,0xC7,0x31,0xC7,0x31,0xC7,0x31,0xC7,0x31,0xC7,0x31,0xC7,0x31,
    0xC7,0x31,0xC7,0x31,0xC7,0x31,0xC7,0x31,0xC7,0x31,0xC7,0x31,0xC7,0x31,0xC7,0x31,
    0xC7,0x31,0xC7,0x31,0xC7,0x31,0xC7,0x31,0xC7,0x31,0xC7,0x31,0xC7,0x31,0xC7,0x31,
    0xC7,0x31,0xC7,0x31,0xC7,0x31,0xC7,0x31,0xC7,0x31,0xC7,0x31,0xC7,0x31,0xC7,0x31,
    0xC7,0x31,0xC7,0x31,0xC7,0x31,0xC7,0x31,0xC7,0x31,0xC7,0x31,0xC7,0x31,0xC7,0x31,
    0xC7,0x31,0xC7,0x31,0xC7,0x31,0xC7,0x31,0xC7,0x31,0xC7,0x31,0xC7,0x31,0xC7,0x31,
    0xC7,0x31,0xC7,0x31,0xC7,0x31,0xC7,0x31,0xC7,0x31,0xC7,0x31,0xC7,0x31,0xC7,0x31,
    0xC7,0x31,0xC7,0x31,0xC7,0x31,0xC7,0x31,0xC7,0x31,0xC7,0x31,0xC7,0x31,0xC7,0x31,
    0xC7,0x31,0xC7,0x31,0xC7,0x31,0xC7,0x31,0xC7,0x31,0xC7,0x31,0xC7,0x31,0xC7,0x31,
    0xC7,0x31,0xC7,0x31,0xC7,0x31,0xC7,0x31,0xC7,0x31,0xC7,0x31,0xC7,0x31,0xC7,0x31,
    0xC7,0x31,0xC7,0x31,0xC7,0x31,0xC7,0x31,0xC7,0x31,0xC7,0x31,0xC7,0x31,0xC7,0x31,
    0xC7,0x31,0xC7,0x31,0xC7,0x31,0xC7,0x31,0xC7,0x31,0xC7,0x31,0xC7,0x31,0xC7,0x31,
    0xC7,0x31,0xC7,0x31,0xC7,0x31,0xC7,0x31,0xC7,0x31,0xC7,0x31,0xC7,0x31,0xC7,0x31,
    0xC7,0x31,0xC7,0x31,0xC7,0x31,0xC7,0x31,0xC7,0x31,0xC7,0x31,0xC7,0x31,0xC7,0x31,
    0xC7,0x31,0xC7,0x31,0xC7,0x31,0xC7,0x31,0xC7,0x31,0xC7,0x31,0xC7,0x31,0xC7,0x31,
    0xC7,0x31,0xC7,0x31,0xC7,0x31,0xC7,0x31,0xC7,0x31,0xC7,0x31,0xC7,0x31,0xC7,0x31,
    0xC7,0x31,0xC7,0x31,0xC7,0x31,0xC7,0x31,0xC7,0x31,0xC7,0x31,0xC7,0x31,0xC7,0x31,
    0xC7,0x31,0xC7,0x31,0xC7,0x31,0xC7,0x31,0xC7,0x31,0xC7,0x31,0xC7,0x31,0xC7,0x31,
    0xC7,0x31,0xC7,0x31,0xC7,0x31,0xC7,0x31,0xC7,0x31,0xC7,0x31,0xC7,0x31,0xC7,0x31,
    0xC7,0x31,0xC7,0x31,0xC7,0x31,0xC7,0x31,0xC7,0x31,0xC7,0x31,0xC7,0x31,0xC7,0x31,
    0xC7,0x31,0xC7,0x31,0xC7,0x31,0xC7,0x31,0xC7,0x31,0xC7,0x31,0xC7,0x31,0xC7,0x31,
    0xC7,0x31,0xC7,0x31,0xC7,0x31,0xC7,0x31,0xC7,0x31,0xC7,0x31,0xC7,0x31,0xC7,0x31,
    0xC7,0x31,0xC7,0x31,0xC7,0x31,0xC7,0x31,0xC7,0x31,0xC7,0x31,0xC7,0x31,0xC7,0x31,
    0xC7,0x31,0xC7,0x31,0xC7,0x31,0xC7,0x31,0xC7,0x31,0xC7,0x31,0xC7,0x31,0xC7,0x31,
    0xC7,0x31,0xC7,0x31,0xC7,0x31,0xC7,0x31,0xC7,0x31,0xC7,0x31,0xC7,0x31,0xC7,0x31,
    0xC7,0x31,0xC7,0x31,0xC7,0x31,0xC7,0x31,0xC7,0x31,0xC7,0x31,0xC7,0x31,0xC7,0x31,
    0xC7,0x31,0xC7,0x31,0xC7,0x31,0xC7,0x31,0xC7,0x31,0xC7,0x31,0xC7,0x31,0xC7,0x31,
    0xC7,0x31,0xC7,0x31,0xC7,0x31,0xC7,0x31,0xC7,0x31,0xC7,0x31,0xC7,0x31,0xC7,0x31,
    0xC7,0x31,0xC7,0x31,0xC7,0x31,0xC7,0x31,0xC7,0x31,0xC7,0x31,0xC7,0x31,0xC7,0x31,
    0xC7,0x31,0xC7,0x31,0xC7,0x31,0xC7,0x31,0xC7,0x31,0xC7,0x31,0xC7,0x31,0xC7,0x31,
    0xC7,0x31,0xC7,0x31,0xC7,0x31,0xC7,0x31,0xC7,0x31,0xC7,0x31,0xC7,0x31,0xC7,0x31,
    0xC7,0x31,0xC7,0x31,0xC7,0x31,0xC7,0x31,0xC7,0x31,0xC7,0x31,0xC7,0x31,0xC7,0x31,
    0xC7,0x31,0xC7,0x31,0xC7,0x31,0xC7,0x31,0xC7,0x31,0xC7,0x31,0xC7,0x31,0xC7,0x31,
    0xC7,0x31,0xC7,0x31,0xC7,0x31,0xC7,0x31,0xC7,0x31,0xC7,0x31,0xC7,0x31,0xC7,0x31,
    0xC7,0x31,0xC7,0x31,0xC7,0x31,0xC7,0x31,0xC7,0x31,0xC7,0x31,0xC7,0x31,0xC7,0x31,
    0xC7,0x31,0xC7,0x31,0xC7,0x31,0xC7,0x31,0xC7,0x31,0xC7,0x31,0xC7,0x31,0xC7,0x31,
    0xC7,0x31,0xC7,0x31,0xC7,0x31,0xC7,0x31,0xC7,0x31,0xC7,0x31,0xC7,0x31,0xC7,0x31,
    0xC7,0x31,0xC7,0x31,0xC7,0x31,0xC7,0x31,0xC7,0x31,0xC7,0x31,0xC7,0x31,0xC7,0x31,
    0xC7,0x31,0xC7,0x31,0xC7,0x31,0xC7,0x31,0xC7,0x31,0xC7,0x31,0xC7,0x31,0xC7,0x31,
    0xC7,0x31,0xC7,0x31,0xC7,0x31,0xC7,0x31,0xC7,0x31,0xC7,0x31,0xC7,0x31,0xC7,0x31,
    0xC7,0x31,0xC7,0x31,0xC7,0x31,0xC7,0x31,0xC7,0x31,0xC7,0x31,0xC7,0x31,0xC7,0x31,
    0xC7,0x31,0xC7,0x31,0xC7,0x31,0xC7,0x31,0xC7,0x31,0xC7,0x31,0xC7,0x31,0xC7,0x31,
    0xC7,0x31,0xC7,0x31,0xC7,0x31,0xC7,0x31,0xC7,0x31,0xC7,0x31,0xC7,0x31,0xC7,0x31,
    0xC7,0x31,0xC7,0x31,0xC7,0x31,0xC7,0x31,0xC7,0x31,0xC7,0x31,0xC7,0x31,0xC7,0x31,
    0xC7,0x31,0xC7,0x31,0xC7,0x31,0xC7,0x31,0xC7,0x31,0xC7,0x31,0xC7,0x31,0xC7,0x31,
    0xC7,0x31,0xC7,0x31,0xC7,0x31,0xC7,0x31,0xC7,0x31,0xC7,0x31,0xC7,0x31,0xC7,0x31,
    0xC7,0x31,0xC7,0x31,0xC7,0x31,0xC7,0x31,0xC7,0x31,0xC7,0x31,0xC7,0x31,0xC7,0x31,
    0xC7,0x31,0xC7,0x31,0xC7,0x31,0xC7,0x31,0xC7,0x31,0xC7,0x31,0xC7,0x31,0xC7,0x31,
    0xC7,0x31,0xC7,0x31,0xC7,0x31,0xC7,0x31,0xC7,0x31,0xC7,0x31,0xC7,0x31,0xC7,0x31,
    0xC7,0x31,0xC7,0x31,0xC7,0x31,0xC7,0x31,0xC7,0x31,0xC7,0x31,0xC7,0x31,0xC7,0x31,
    0xC7,0x31,0xC7,0x31,0xC7,0x31,0xC7,0x31,0xC7,0x31,0xC7,0x31,0xC7,0x31,0xC7,0x31,
    0xC7,0x31,0xC7,0x31,0xC7,0x31,0xC7,0x31,0xC7,0x31,0xC7,0x31,0xC7,0x31,0xC7,0x31,
    0xC7,0x31,0xC7,0x31,0xC7,0x31,0xC7,0x31,0xC7,0x31,0xC7,0x31,0xC7,0x31,0xC7,0x31,
    0xC7,0x31,0xC7,0x31,0xC7,0x31,0xC7,0x31,0xC7,0x31,0xC7,0x31,0xC7,0x31,0xC7,0x31,
    0xC7,0x31,0xC7,0x31,0xC7,0x31,0xC7,0x31,0xC7,0x31,0xC7,0x31,0xC7,0x31,0xC7,0x31,
    0xC7,0x31,0xC7,0x31,0xC7,0x31,0xC7,0x31,0xC7,0x31,0xC7,0x31,0xC7,0x31,0xC7,0x31,
    0xC7,0x31,0xC7,0x31,0xC7,0x31,0xC7,0x31,0xC7,0x31,0xC7,0x31,0xC7,0x31,0xC7,0x31,
    0xC7,0x31,0xC7,0x31,0xC7,0x31,0xC7,0x31,0xC7,0x31,0xC7,0x31,0xC7,0x31,0xC7,0x31,
    0xC7,0x31,0xC7,0x31,0xC7,0x31,0xC7,0x31,0xC7,0x31,0xC7,0x31,0xC7,0x31,0xC7,0x31,
    0xC7,0x31,0xC7,0x31,0xC7,0x31,0xC7,0x31,0xC7,0x31,0xC7,0x31,0xC7,0x31,0xC7,0x31,
    0xC7,0x31,0xC7,0x31,0xC7,0x31,0xC7,0x31,0xC7,0x31,0xC7,0x31,0xC7,0x31,0xC7,0x31,
    0xC7,0x31,0xC7,0x31,0xC7,0x31,0xC7,0x31,0xC7,0x31,0xC7,0x31,0xC7,0x31,0xC7,0x31,
    0xC7,0x31,0xC7,0x31,0xC7,0x31,0xC7,0x31,0xC7,0x31,0xC7,0x31,0xC7,0x31,0xC7,0x31,
    0xC7,0x31,0xC7,0x31,0xC7,0x31,0xC7,0x31,0xC7,0x31,0xC7,0x31,0xC7,0x31,0xC7,0x31,
    0xC7,0x31,0xC7,0x31,0xC7,0x31,0xC7,0x31,0xC7,0x31,0xC7,0x31,0xC7,0x31,0xC7,0x31,
    0xC7,0x31,0xC7,0x31,0xC7,0x31,0xC7,0x31,0xC7,0x31,0xC7,0x31,0xC7,0x31,0xC7,0x31,
    0xC7,0x31,0xC7,0x31,0xC7,0x31,0xC7,0x31,0xC7,0x31,0xC7,0x31,0xC7,0x31,0xC7,0x31,
    0xC7,0x31,0xC7,0x31,0xC7,0x31,0xC7,0x31,0xC7,0x31,0xC7,0x31,0xC7,0x31,0xC7,0x31,
    0xC7,0x31,0xC7,0x31,0xC7,0x31,0xC7,0x31,0xC7,0x31,0xC7,0x31,0xC7,0x31,0xC7,0x31,
    0xC7,0x31,0xC7,0x31,0xC7,0x31,0xC7,0x31,0xC7,0x31,0xC7,0x31,0xC7,0x31,0xC7,0x31,
    0xC7,0x31,0xC7,0x31,0xC7,0x31,0xC7,0x31,0xC7,0x31,0xC7,0x31,0xC7,0x31,0xC7,0x31,
    0xC7,0x31,0xC7,0x31,0xC7,0x31,0xC7,0x31,0xC7,0x31,0xC7,0x31,0xC7,0x31,0xC7,0x31,
    0xC7,0x31,0xC7,0x31,0xC7,0x31,0xC7,0x31,0xC7,0x31,0xC7,0x31,0xC7,0x31,0xC7,0x31,
    0xC7,0x31,0xC7,0x31,0xC7,0x31,0xC7,0x31,0xC7,0x31,0xC7,0x31,0xC7,0x31,0xC7,0x31,
    0xC7,0x31,0xC7,0x31,0xC7,0x31,0xC7,0x31,0xC7,0x31,0xC7,0x31,0xC7,0x31,0xC7,0x31,
    0xC7,0x31,0xC7,0x31,0xC7,0x31,0xC7,0x31,0xC7,0x31,0xC7,0x31,0xC7,0x31,0xC7,0x31,
    0xC7,0x31,0xC7,0x31,0xC7,0x31,0xC7,0x31,0xC7,0x31,0xC7,0x31,0xC7,0x31,0xC7,0x31,
    0xC7,0x31,0xC7,0x31,0xC7,0x31,0xC7,0x31,0xC7,0x31,0xC7,0x31,0xC7,0x31,0xC7,0x31,
    0xC7,0x31,0xC7,0x31,0xC7,0x31,0xC7,0x31,0xC7,0x31,0xC7,0x31,0xC7,0x31,0xC7,0x31,
    0xC7,0x31,0xC7,0x31,0xC7,0x31,0xC7,0x31,0xC7,0x31,0xC7,0x31,0xC7,0x31,0xC7,0x31,
    0xC7,0x31,0xC7,0x31,0xC7,0x31,0xC7,0x31,0xC7,0x31,0xC7,0x31,0xC7,0x31,0xC7,0x31,
    0xC7,0x31,0xC7,0x31,0xC7,0x31,0xC7,0x31,0xC7,0x31,0xC7,0x31,0xC7,0x31,0xC7,0x31,
    0xC7,0x31,0xC7,0x31,0xC7,0x31,0xC7,0x31,0xC7,0x31,0xC7,0x31,0xC7,0x31,0xC7,0x31,
    0xC7,0x31,0xC7,0x31,0xC7,0x31,0xC7,0x31,0xC7,0x31,0xC7,0x31,0xC7,0x31,0xC7,0x31,
    0xC7,0x31,0xC7,0x31,0xC7,0x31,0xC7,0x31,0xC7,0x31,0xC7,0x31,0xC7,0x31,0xC7,0x31,
    0xC7,0x31,0xC7,0x31,0xC7,0x31,0xC7,0x31,0xC7,0x31,0xC7,0x31,0xC7,0x31,0xC7,0x31,
    0xC7,0x31,0xC7,0x31,0xC7,0x31,0xC7,0x31,0xC7,0x31,0xC7,0x31,0xC7,0x31,0xC7,0x31,
    0xC7,0x31,0xC7,0x31,0xC7,0x31,0xC7,0x31,0xC7,0x31,0xC7,0x31,0xC7,0x31,0xC7,0x31,
    0xC7,0x31,0xC7,0x31,0xC7,0x31,0xC7,0x31,0xC7,0x31,0xC7,0x31,0xC7,0x31,0xC7,0x31,
    0xC7,0x31,0xC7,0x31,0xC7,0x31,0xC7,0x31,0xC7,0x31,0xC7,0x31,0xC7,0x31,0xC7,0x31,
    0xC7,0x31,0xC7,0x31,0xC7,0x31,0xC7,0x31,0xC7,0x31,0xC7,0x31,0xC7,0x31,0xC7,0x31,
    0xC7,0x31,0xC7,0x31,0xC7,0x31,0xC7,0x31,0xC7,0x31,0xC7,0x31,0xC7,0x31,0xC7,0x31,
    0xC7,0x31,0xC7,0x31,0xC7,0x31,0xC7,0x31,0xC7,0x31,0xC7,0x31,0xC7,0x31,0xC7,0x31,
    0xC7,0x31,0xC7,0x31,0xC7,0x31,0xC7,0x31,0xC7,0x31,0xC7,0x31,0xC7,0x31,0xC7,0x31,
    0xC7,0x31,0xC7,0x31,0xC7,0x31,0xC7,0x31,0xC7,0x31,0xC7,0x31,0xC7,0x31,0xC7,0x31,
    0xC7,0x31,0xC7,0x31,0xC7,0x31,0xC7,0x31,0xC7,0x31,0xC7,0x31,0xC7,0x31,0xC7,0x31,
    0xC7,0x31,0xC7,0x31,0xC7,0x31,0xC7,0x31,0xC7,0x31,0xC7,0x31,0xC7,0x31,0xC7,0x31,
    0xC7,0x31,0xC7,0x31,0xC7,0x31,0xC7,0x31,0xC7,0x31,0xC7,0x31,0xC7,0x31,0xC7,0x31,
    0xC7,0x31,0xC7,0x31,0xC7,0x31,0xC7,0x31,0xC7,0x31,0xC7,0x31,0xC7,0x31,0xC7,0x31,
    0xC7,0x31,0xC7,0x31,0xC7,0x31,0xC7,0x31,0xC7,0x31,0xC7,0x31,0xC7,0x31,0xC7,0x31,
    0xC7,0x31,0xC7,0x31,0xC7,0x31,0xC7,0x31,0xC7,0x31,0xC7,0x31,0xC7,0x31,0xC7,0x31,
    0xC7,0x31,0xC7,0x31,0xC7,0x31,0xC7,0x31,0xC7,0x31,0xC7,0x31,0xC7,0x31,0xC7,0x31,
    0xC7,0x31,0xC7,0x31,0xC7,0x31,0xC7,0x31,0xC7,0x31,0xC7,0x31,0xC7,0x31,0xC7,0x31,
    0xC7,0x31,0xC7,0x31,0xC7,0x31,0xC7,0x31,0xC7,0x31,0xC7,0x31,0xC7,0x31,0xC7,0x31,
    0xC7,0x31,0xC7,0x31,0xC7,0x31,0xC7,0x31,0xC7,0x31,0xC7,0x31,0xC7,0x31,0xC7,0x31,
    0xC7,0x31,0xC7,0x31,0xC7,0x31,0xC7,0x31,0xC7,0x31,0xC7,0x31,0xC7,0x31,0xC7,0x31,
    0xC7,0x31,0xC7,0x31,0xC7,0x31,0xC7,0x31,0xC7,0x31,0xC7,0x31,0xC7,0x31,0xC7,0x31,
    0xC7,0x31,0xC7,0x31,0xC7,0x31,0xC7,0x31,0xC7,0x31,0xC7,0x31,0xC7,0x31,0xC7,0x31,
    0xC7,0x31,0xC7,0x31,0xC7,0x31,0xC7,0x31,0xC7,0x31,0xC7,0x31,0xC7,0x31,0xC7,0x31,
    0xC7,0x31,0xC7,0x31,0xC7,0x31,0xC7,0x31,0xC7,0x31,0xC7,0x31,0xC7,0x31,0xC7,0x31,
    0xC7,0x31,0xC7,0x31,0xC7,0x31,0xC7,0x31,0xC7,0x31,0xC7,0x31,0xC7,0x31,0xC7,0x31,
    0xC7,0x31,0xC7,0x31,0xC7,0x31,0xC7,0x31,0xC7,0x31,0xC7,0x31,0xC7,0x31,0xC7,0x31,
    0xC7,0x31,0xC7,0x31,0xC7,0x31,0xC7,0x31,0xC7,0x31,0xC7,0x31,0xC7,0x31,0xC7,0x31,
    0xC7,0x31,0xC7,0x31,0xC7,0x31,0xC7,0x31,0xC7,0x31,0xC7,0x31,0xC7,0x31,0xC7,0x31,
    0xC7,0x31,0xC7,0x31,0xC7,0x31,0xC7,0x31,0xC7,0x31,0xC7,0x31,0xC7,0x31,0xC7,0x31,
    0xC7,0x31,0xC7,0x31,0xC7,0x31,0xC7,0x31,0xC7,0x31,0xC7,0x31,0xC7,0x31,0xC7,0x31,
    0xC7,0x31,0xC7,0x31,0xC7,0x31,0xC7,0x31,0xC7,0x31,0xC7,0x31,0xC7,0x31,0xC7,0x31,
    0xC7,0x31,0xC7,0x31,0xC7,0x31,0xC7,0x31,0xC7,0x31,0xC7,0x31,0xC7,0x31,0xC7,0x31,
    0xC7,0x31,0xC7,0x31,0xC7,0x31,0xC7,0x31,0xC7,0x31,0xC7,0x31,0xC7,0x31,0xC7,0x31,
    0xC7,0x31,0xC7,0x31,0xC7,0x31,0xC7,0x31,0xC7,0x31,0xC7,0x31,0xC7,0x31,0xC7,0x31,
    0xC7,0x31,0xC7,0x31,0xC7,0x31,0xC7,0x31,0xC7,0x31,0xC7,0x31,0xC7,0x31,0xC7,0x31,
    0xC7,0x31,0xC7,0x31,0xC7,0x31,0xC7,0x31,0xC7,0x31,0xC7,0x31,0xC7,0x31,0xC7,0x31,
    0xC7,0x31,0xC7,0x31,0xC7,0x31,0xC7,0x31,0xC7,0x31,0xC7,0x31,0xC7,0x31,0xC7,0x31,
    0xC7,0x31,0xC7,0x31,0xC7,0x31,0xC7,0x31,0xC7,0x31,0xC7,0x31,0xC7,0x31,0xC7,0x31,
    0xC7,0x31,0xC7,0x31,0xC7,0x31,0xC7,0x31,0xC7,0x31,0xC7,0x31,0xC7,0x31,0xC7,0x31,
    0xC7,0x31,0xC7,0x31,0xC7,0x31,0xC7,0x31,0xC7,0x31,0xC7,0x31,0xC7,0x31,0xC7,0x31,
    0xC7,0x31,0xC7,0x31,0xC7,0x31,0xC7,0x31,0xC7,0x31,0xC7,0x31,0xC7,0x31,0xC7,0x31,
    0xC7,0x31,0xC7,0x31,0xC7,0x31,0xC7,0x31,0xC7,0x31,0xC7,0x31,0xC7,0x31,0xC7,0x31,
    0xC7,0x31,0xC7,0x31,0xC7,0x31,0xC7,0x31,0xC7,0x31,0xC7,0x31,0xC7,0x31,0xC7,0x31,
    0xC7,0x31,0xC7,0x31,0xC7,0x31,0xC7,0x31,0xC7,0x31,0xC7,0x31,0xC7,0x31,0xC7,0x31,
    0xC7,0x31,0xC7,0x31,0xC7,0x31,0xC7,0x31,0xC7,0x31,0xC7,0x31,0xC7,0x31,0xC7,0x31,
    0xC7,0x31,0xC7,0x31,0xC7,0x31,0xC7,0x31,0xC7,0x31,0xC7,0x31,0xC7,0x31,0xC7,0x31,
    0xC7,0x31,0xC7,0x31,0xC7,0x31,0xC7,0x31,0xC7,0x31,0xC7,0x31,0xC7,0x31,0xC7,0x31,
    0xC7,0x31,0xC7,0x31,0xC7,0x31,0xC7,0x31,0xC7,0x31,0xC7,0x31,0xC7,0x31,0xC7,0x31,
    0xC7,0x31,0xC7,0x31,0xC7,0x31,0xC7,0x31,0xC7,0x31,0xC7,0x31,0xC7,0x31,0xC7,0x31,
    0xC7,0x31,0xC7,0x31,0xC7,0x31,0xC7,0x31,0xC7,0x31,0xC7,0x31,0xC7,0x31,0xC7,0x31,
    0xC7,0x31,0xC7,0x31,0xC7,0x31,0xC7,0x31,0xC7,0x31,0xC7,0x31,0xC7,0x31,0xC7,0x31,
    0xC7,0x31,0xC7,0x31,0xC7,0x31,0xC7,0x31,0xC7,0x31,0xC7,0x31,0xC7,0x31,0xC7,0x31,
    0xC7,0x31,0xC7,0x31,0xC7,0x31,0xC7,0x31,0xC7,0x31,0xC7,0x31,0xC7,0x31,0xC7,0x31,
    0xC7,0x31,0xC7,0x31,0xC7,0x31,0xC7,0x31,0xC7,0x31,0xC7,0x31,0xC7,0x31,0xC7,0x31,
    0xC7,0x31,0xC7,0x31,0xC7,0x31,0xC7,0x31,0xC7,0x31,0xC7,0x31,0xC7,0x31,0xC7,0x31,
    0xC7,0x31,0xC7,0x31,0xC7,0x31,0xC7,0x31,0xC7,0x31,0xC7,0x31,0xC7,0x31,0xC7,0x31,
    0xC7,0x31,0xC7,0x31,0xC7,0x31,0xC7,0x31,0xC7,0x31,0xC7,0x31,0xC7,0x31,0xC7,0x31,
    0xC7,0x31,0xC7,0x31,0xC7,0x31,0xC7,0x31,0xC7,0x31,0xC7,0x31,0xC7,0x31,0xC7,0x31,
    0xC7,0x31,0xC7,0x31,0xC7,0x31,0xC7,0x31,0xC7,0x31,0xC7,0x31,0xC7,0x31,0xC7,0x31,
    0xC7,0x31,0xC7,0x31,0xC7,0x31,0xC7,0x31,0xC7,0x31,0xC7,0x31,0xC7,0x31,0xC7,0x31,
    0xC7,0x31,0xC7,0x31,0xC7,0x31,0xC7,0x31,0xC7,0x31,0xC7,0x31,0xC7,0x31,0xC7,0x31,
    0xC7,0x31,0xC7,0x31,0xC7,0x31,0xC7,0x31,0xC7,0x31,0xC7,0x31,0xC7,0x31,0xC7,0x31,
    0xC7,0x31,0xC7,0x31,0xC7,0x31,0xC7,0x31,0xC7,0x31,0xC7,0x31,0xC7,0x31,0xC7,0x31,
    0xC7,0x31,0xC7,0x31,0xC7,0x31,0xC7,0x31,0xC7,0x31,0xC7,0x31,0xC7,0x31,0xC7,0x31,
    0xC7,0x31,0xC7,0x31,0xC7,0x31,0xC7,0x31,0xC7,0x31,0xC7,0x31,0xC7,0x31,0xC7,0x31,
    0xC7,0x31,0xC7,0x31,0xC7,0x31,0xC7,0x31,0xC7,0x31,0xC7,0x31,0xC7,0x31,0xC7,0x31,
    0xC7,0x31,0xC7,0x31,0xC7,0x31,0xC7,0x31,0xC7,0x31,0xC7,0x31,0xC7,0x31,0xC7,0x31,
    0xC7,0x31,0xC7,0x31,0xC7,0x31,0xC7,0x31,0xC7,0x31,0xC7,0x31,0xC7,0x31,0xC7,0x31,
    0xC7,0x31,0xC7,0x31,0xC7,0x31,0xC7,0x31,0xC7,0x31,0xC7,0x31,0xC7,0x31,0xC7,0x31,
    0xC7,0x31,0xC7,0x31,0xC7,0x31,0xC7,0x31,0xC7,0x31,0xC7,0x31,0xC7,0x31,0xC7,0x31,
    0xC7,0x31,0xC7,0x31,0xC7,0x31,0xC7,0x31,0xC7,0x31,0xC7,0x31,0xC7,0x31,0xC7,0x31,
    0xC7,0x31,0xC7,0x31,0xC7,0x31,0xC7,0x31,0xC7,0x31,0xC7,0x31,0xC7,0x31,0xC7,0x31,
    0xC7,0x31,0xC7,0x31,0xC7,0x31,0xC7,0x31,0xC7,0x31,0xC7,0x31,0xC7,0x31,0xC7,0x31,
    0xC7,0x31,0xC7,0x31,0xC7,0x31,0xC7,0x31,0xC7,0x31,0xC7,0x31,0xC7,0x31,0xC7,0x31,
    0xC7,0x31,0xC7,0x31,0xC7,0x31,0xC7,0x31,0xC7,0x31,0xC7,0x31,0xC7,0x31,0xC7,0x31,
    0xC7,0x31,0xC7,0x31,0xC7,0x31,0xC7,0x31,0xC7,0x31,0xC7,0x31,0xC7,0x31,0xC7,0x31,
    0xC7,0x31,0xC7,0x31,0xC7,0x31,0xC7,0x31,0xC7,0x31,0xC7,0x31,0xC7,0x31,0xC7,0x31,
    0xC7,0x31,0xC7,0x31,0xC7,0x31,0xC7,0x31,0xC7,0x31,0xC7,0x31,0xC7,0x31,0xC7,0x31,
    0xC7,0x31,0xC7,0x31,0xC7,0x31,0xC7,0x31,0xC7,0x31,0xC7,0x31,0xC7,0x31,0xC7,0x31,
    0xC7,0x31,0xC7,0x31,0xC7,0x31,0xC7,0x31,0xC7,0x31,0xC7,0x31,0xC7,0x31,0xC7,0x31,
    0xC7,0x31,0xC7,0x31,0xC7,0x31,0xC7,0x31,0xC7,0x31,0xC7,0x31,0xC7,0x31,0xC7,0x31,
    0xC7,0x31,0xC7,0x31,0xC7,0x31,0xC7,0x31,0xC7,0x31,0xC7,0x31,0xC7,0x31,0xC7,0x31,
    0xC7,0x31,0xC7,0x31,0xC7,0x31,0xC7,0x31,0xC7,0x31,0xC7,0x31,0xC7,0x31,0xC7,0x31,
    0xC7,0x31,0xC7,0x31,0xC7,0x31,0xC7,0x31,0xC7,0x31,0xC7,0x31,0xC7,0x31,0xC7,0x31,
    0xC7,0x31,0xC7,0x31,0xC7,0x31,0xC7,0x31,0xC7,0x31,0xC7,0x31,0xC7,0x31,0xC7,0x31,
    0xC7,0x31,0xC7,0x31,0xC7,0x31,0xC7,0x31,0xC7,0x31,0xC7,0x31,0xC7,0x31,0xC7,0x31,
    0xC7,0x31,0xC7,0x31,0xC7,0x31,0xC7,0x31,0xC7,0x31,0xC7,0x31,0xC7,0x31,0xC7,0x31,
    0xC7,0x31,0xC7,0x31,0xC7,0x31,0xC7,0x31,0xC7,0x31,0xC7,0x31,0xC7,0x31,0xC7,0x31,
    0xC7,0x31,0xC7,0x31,0xC7,0x31,0xC7,0x31,0xC7,0x31,0xC7,0x31,0xC7,0x31,0xC7,0x31,
    0xC7,0x31,0xC7,0x31,0xC7,0x31,0xC7,0x31,0xC7,0x31,0xC7,0x31,0xC7,0x31,0xC7,0x31,
    0xC7,0x31,0xC7,0x31,0xC7,0x31,0xC7,0x31,0xC7,0x31,0xC7,0x31,0xC7,0x31,0xC7,0x31,
    0xC7,0x31,0xC7,0x31,0xC7,0x31,0xC7,0x31,0xC7,0x31,0xC7,0x31,0xC7,0x31,0xC7,0x31,
    0xC7,0x31,0xC7,0x31,0xC7,0x31,0xC7,0x31,0xC7,0x31,0xC7,0x31,0xC7,0x31,0xC7,0x31,
    0xC7,0x31,0xC7,0x31,0xC7,0x31,0xC7,0x31,0xC7,0x31,0xC7,0x31,0xC7,0x31,0xC7,0x31,
    0xC7,0x31,0xC7,0x31,0xC7,0x31,0xC7,0x31,0xC7,0x31,0xC7,0x31,0xC7,0x31,0xC7,0x31,
    0xC7,0x31,0xC7,0x31,0xC7,0x31,0xC7,0x31,0xC7,0x31,0xC7,0x31,0xC7,0x31,0xC7,0x31,
    0xC7,0x31,0xC7,0x31,0xC7,0x31,0xC7,0x31,0xC7,0x31,0xC7,0x31,0xC7,0x31,0xC7,0x31,
    0xC7,0x31,0xC7,0x31,0xC7,0x31,0xC7,0x31,0xC7,0x31,0xC7,0x31,0xC7,0x31,0xC7,0x31,
    0xC7,0x31,0xC7,0x31,0xC7,0x31,0xC7,0x31,0xC7,0x31,0xC7,0x31,0xC7,0x31,0xC7,0x31,
    0xC7,0x31,0xC7,0x31,0xC7,0x31,0xC7,0x31,0xC7,0x31,0xC7,0x31,0xC7,0x31,0xC7,0x31,
    0xC7,0x31,0xC7,0x31,0xC7,0x31,0xC7,0x31,0xC7,0x31,0xC7,0x31,0xC7,0x31,0xC7,0x31,
    0xC7,0x31,0xC7,0x31,0xC7,0x31,0xC7,0x31,0xC7,0x31,0xC7,0x31,0xC7,0x31,0xC7,0x31,
    0xC7,0x31,0xC7,0x31,0xC7,0x31,0xC7,0x31,0xC7,0x31,0xC7,0x31,0xC7,0x31,0xC7,0x31,
    0xC7,0x31,0xC7,0x31,0xC7,0x31,0xC7,0x31,0xC7,0x31,0xC7,0x31,0xC7,0x31,0xC7,0x31,
    0xC7,0x31,0xC7,0x31,0xC7,0x31,0xC7,0x31,0xC7,0x31,0xC7,0x31,0xC7,0x31,0xC7,0x31,
    0xC7,0x31,0xC7,0x31,0xC7,0x31,0xC7,0x31,0xC7,0x31,0xC7,0x31,0xC7,0x31,0xC7,0x31,
    0xC7,0x31,0xC7,0x31,0xC7,0x31,0xC7,0x31,0xC7,0x31,0xC7,0x31,0xC7,0x31,0xC7,0x31,
    0xC7,0x31,0xC7,0x31,0xC7,0x31,0xC7,0x31,0xC7,0x31,0xC7,0x31,0xC7,0x31,0xC7,0x31,
    0xC7,0x31,0xC7,0x31,0xC7,0x31,0xC7,0x31,0xC7,0x31,0xC7,0x31,0xC7,0x31,0xC7,0x31,
    0xC7,0x31,0xC7,0x31,0xC7,0x31,0xC7,0x31,0xC7,0x31,0xC7,0x31,0xC7,0x31,0xC7,0x31,
    0xC7,0x31,0xC7,0x31,0xC7,0x31,0xC7,0x31,0xC7,0x31,0xC7,0x31,0xC7,0x31,0xC7,0x31,
    0xC7,0x31,0xC7,0x31,0xC7,0x31,0xC7,0x31,0xC7,0x31,0xC7,0x31,0xC7,0x31,0xC7,0x31,
    0xC7,0x31,0xC7,0x31,0xC7,0x31,0xC7,0x31,0xC7,0x31,0xC7,0x31,0xC7,0x31,0xC7,0x31,
    0xC7,0x31,0xC7,0x31,0xC7,0x31,0xC7,0x31,0xC7,0x31,0xC7,0x31,0xC7,0x31,0xC7,0x31,
    0xC7,0x31,0xC7,0x31,0xC7,0x31,0xC7,0x31,0xC7,0x31,0xC7,0x31,0xC7,0x31,0xC7,0x31,
    0xC7,0x31,0xC7,0x31,0xC7,0x31,0xC7,0x31,0xC7,0x31,0xC7,0x31,0xC7,0x31,0xC7,0x31,
    0xC7,0x31,0xC7,0x31,0xC7,0x31,0xC7,0x31,0xC7,0x31,0xC7,0x31,0xC7,0x31,0xC7,0x31,
    0xC7,0x31,0xC7,0x31,0xC7,0x31,0xC7,0x31,0xC7,0x31,0xC7,0x31,0xC7,0x31,0xC7,0x31,
    0xC7,0x31,0xC7,0x31,0xC7,0x31,0xC7,0x31,0xC7,0x31,0xC7,0x31,0xC7,0x31,0xC7,0x31,
    0xC7,0x31,0xC7,0x31,0xC7,0x31,0xC7,0x31,0xC7,0x31,0xC7,0x31,0xC7,0x31,0xC7,0x31,
    0xC7,0x31,0xC7,0x31,0xC7,0x31,0xC7,0x31,0xC7,0x31,0xC7,0x31,0xC7,0x31,0xC7,0x31,
    0xC7,0x31,0xC7,0x31,0xC7,0x31,0xC7,0x31,0xC7,0x31,0xC7,0x31,0xC7,0x31,0xC7,0x31,
    0xC7,0x31,0xC7,0x31,0xC7,0x31,0xC7,0x31,0xC7,0x31,0xC7,0x31,0xC7,0x31,0xC7,0x31,
    0xC7,0x31,0xC7,0x31,0xC7,0x31,0xC7,0x31,0xC7,0x31,0xC7,0x31,0xC7,0x31,0xC7,0x31,
    0xC7,0x31,0xC7,0x31,0xC7,0x31,0xC7,0x31,0xC7,0x31,0xC7,0x31,0xC7,0x31,0xC7,0x31,
    0xC7,0x31,0xC7,0x31,0xC7,0x31,0xC7,0x31,0xC7,0x31,0xC7,0x31,0xC7,0x31,0xC7,0x31,
    0xC7,0x31,0xC7,0x31,0xC7,0x31,0xC7,0x31,0xC7,0x31,0xC7,0x31,0xC7,0x31,0xC7,0x31,
    0xC7,0x31,0xC7,0x31,0xC7,0x31,0xC7,0x31,0xC7,0x31,0xC7,0x31,0xC7,0x31,0xC7,0x31,
    0xC7,0x31,0xC7,0x31,0xC7,0x31,0xC7,0x31,0xC7,0x31,0xC7,0x31,0xC7,0x31,0xC7,0x31,
    0xC7,0x31,0xC7,0x31,0xC7,0x31,0xC7,0x31,0xC7,0x31,0xC7,0x31,0xC7,0x31,0xC7,0x31,
    0xC7,0x31,0xC7,0x31,0xC7,0x31,0xC7,0x31,0xC7,0x31,0xC7,0x31,0xC7,0x31,0xC7,0x31,
    0xC7,0x31,0xC7,0x31,0xC7,0x31,0xC7,0x31,0xC7,0x31,0xC7,0x31,0xC7,0x31,0xC7,0x31,
    0xC7,0x31,0xC7,0x31,0xC7,0x31,0xC7,0x31,0xC7,0x31,0xC7,0x31,0xC7,0x31,0xC7,0x31,
    0xC7,0x31,0xC7,0x31,0xC7,0x31,0xC7,0x31,0xC7,0x31,0xC7,0x31,0xC7,0x31,0xC7,0x31,
    0xC7,0x31,0xC7,0x31,0xC7,0x31,0xC7,0x31,0xC7,0x31,0xC7,0x31,0xC7,0x31,0xC7,0x31,
    0xC7,0x31,0xC7,0x31,0xC7,0x31,0xC7,0x31,0xC7,0x31,0xC7,0x31,0xC7,0x31,0xC7,0x31,
    0xC7,0x31,0xC7,0x31,0xC7,0x31,0xC7,0x31,0xC7,0x31,0xC7,0x31,0xC7,0x31,0xC7,0x31,
    0xC7,0x31,0xC7,0x31,0xC7,0x31,0xC7,0x31,0xC7,0x31,0xC7,0x31,0xC7,0x31,0xC7,0x31,
    0xC7,0x31,0xC7,0x31,0xC7,0x31,0xC7,0x31,0xC7,0x31,0xC7,0x31,0xC7,0x31,0xC7,0x31,
    0xC7,0x31,0xC7,0x31,0xC7,0x31,0xC7,0x31,0xC7,0x31,0xC7,0x31,0xC7,0x31,0xC7,0x31,
    0xC7,0x31,0xC7,0x31,0xC7,0x31,0xC7,0x31,0xC7,0x31,0xC7,0x31,0xC7,0x31,0xC7,0x31,
    0xC7,0x31,0xC7,0x31,0xC7,0x31,0xC7,0x31,0xC7,0x31,0xC7,0x31,0xC7,0x31,0xC7,0x31,
    0xC7,0x31,0xC7,0x31,0xC7,0x31,0xC7,0x31,0xC7,0x31,0xC7,0x31,0xC7,0x31,0xC7,0x31,
    0xC7,0x31,0xC7,0x31,0xC7,0x31,0xC7,0x31,0xC7,0x31,0xC7,0x31,0xC7,0x31,0xC7,0x31,
    0xC7,0x31,0xC7,0x31,0xC7,0x31,0xC7,0x31,0xC7,0x31,0xC7,0x31,0xC7,0x31,0xC7,0x31,
    0xC7,0x31,0xC7,0x31,0xC7,0x31,0xC7,0x31,0xC7,0x31,0xC7,0x31,0xC7,0x31,0xC7,0x31,
    0xC7,0x31,0xC7,0x31,0xC7,0x31,0xC7,0x31,0xC7,0x31,0xC7,0x31,0xC7,0x31,0xC7,0x31,
    0xC7,0x31,0xC7,0x31,0xC7,0x31,0xC7,0x31,0xC7,0x31,0xC7,0x31,0xC7,0x31,0xC7,0x31,
    0xC7,0x31,0xC7,0x31,0xC7,0x31,0xC7,0x31,0xC7,0x31,0xC7,0x31,0xC7,0x31,0xC7,0x31,
    0xC7,0x31,0xC7,0x31,0xC7,0x31,0xC7,0x31,0xC7,0x31,0xC7,0x31,0xC7,0x31,0xC7,0x31,
    0xC7,0x31,0xC7,0x31,0xC7,0x31,0xC7,0x31,0xC7,0x31,0xC7,0x31,0xC7,0x31,0xC7,0x31,
    0xC7,0x31,0xC7,0x31,0xC7,0x31,0xC7,0x31,0xC7,0x31,0xC7,0x31,0xC7,0x31,0xC7,0x31,
    0xC7,0x31,0xC7,0x31,0xC7,0x31,0xC7,0x31,0xC7,0x31,0xC7,0x31,0xC7,0x31,0xEB,0x5A,
    0x4D,0x63,0xAE,0x73,0x10,0x84,0x30,0x84,0x51,0x8C,0x71,0x8C,0x51,0x8C,0x51,0x8C,
    0x71,0x8C,0x71,0x8C,0x71,0x8C,0x30,0x84,0x6D,0x6B,0xC7,0x31,0xC7,0x31,0xC7,0x31,
    0xC7,0x31,0xC7,0x31,0xC7,0x31,0xC7,0x31,0xC7,0x31,0xC7,0x31,0xC7,0x31,0xC7,0x31,
    0xC7,0x31,0xC7,0x31,0xC7,0x31,0xC7,0x31,0xC7,0x31,0xC7,0x31,0xC7,0x31,0xC7,0x31,
    0xC7,0x31,0xC7,0x31,0xC7,0x31,0xC7,0x31,0xC7,0x31,0xC7,0x31,0xC7,0x31,0xC7,0x31,
    0xC7,0x31,0xC7,0x31,0xC7,0x31,0xC7,0x31,0xC7,0x31,0xC7,0x31,0xC7,0x31,0xC7,0x31,
    0xC7,0x31,0xC7,0x31,0xC7,0x31,0xC7,0x31,0xC7,0x31,0xC7,0x31,0xC7,0x31,0xC7,0x31,
    0xC7,0x31,0xC7,0x31,0xC7,0x31,0xC7,0x31,0xC7,0x31,0xC7,0x31,0xC7,0x31,0xC7,0x31,
    0xC7,0x31,0xC7,0x31,0xC7,0x31,0xC7,0x31,0xC7,0x31,0xC7,0x31,0xC7,0x31,0xC7,0x31,
    0xC7,0x31,0xC7,0x31,0xC7,0x31,0xC7,0x31,0xC7,0x31,0xC7,0x31,0xC7,0x31,0xC7,0x31,
    0xC7,0x31,0xC7,0x31,0xC7,0x31,0xC7,0x31,0xC7,0x31,0xC7,0x31,0xC7,0x31,0xC7,0x31,
    0xC7,0x31,0xC7,0x31,0xC7,0x31,0xC7,0x31,0xC7,0x31,0xC7,0x31,0xC7,0x31,0xC7,0x31,
    0xC7,0x31,0xC7,0x31,0xC7,0x31,0xC7,0x31,0xC7,0x31,0xC7,0x31,0xC7,0x31,0xC7,0x31,
    0xC7,0x31,0xC7,0x31,0xC7,0x31,0xC7,0x31,0xC7,0x31,0xC7,0x31,0xC7,0x31,0xC7,0x31,
    0xC7,0x31,0xC7,0x31,0xC7,0x31,0xC7,0x31,0xC7,0x31,0xC7,0x31,0xC7,0x31,0xC7,0x31,
    0xC7,0x31,0xC7,0x31,0xC7,0x31,0x29,0x42,0x4D,0x6B,0xEF,0x7B,0x51,0x8C,0xB2,0x94,
    0xD3,0x9C,0xF3,0x9C,0xD3,0x9C,0xB2,0x94,0x92,0x94,0x71,0x8C,0x51,0x8C,0x51,0x8C,
    0x51,0x8C,0x71,0x8C,0xB2,0x94,0x14,0xA5,0x34,0xA5,0xD3,0x9C,0xCB,0x52,0xC7,0x31,
    0xC7,0x31,0xC7,0x31,0xC7,0x31,0xC7,0x31,0xC7,0x31,0xC7,0x31,0xC7,0x31,0xC7,0x31,
    0xC7,0x31,0xC7,0x31,0xC7,0x31,0xC7,0x31,0xC7,0x31,0xC7,0x31,0xC7,0x31,0xC7,0x31,
    0xC7,0x31,0xC7,0x31,0xC7,0x31,0xC7,0x31,0xC7,0x31,0xC7,0x31,0xC7,0x31,0xC7,0x31,
    0xC7,0x31,0xC7,0x31,0xC7,0x31,0xC7,0x31,0xC7,0x31,0xC7,0x31,0xC7,0x31,0xC7,0x31,
    0xC7,0x31,0xC7,0x31,0xC7,0x31,0xC7,0x31,0xC7,0x31,0xC7,0x31,0xC7,0x31,0xC7,0x31,
    0xC7,0x31,0xC7,0x31,0xC7,0x31,0xC7,0x31,0xC7,0x31,0xC7,0x31,0xC7,0x31,0xC7,0x31,
    0xC7,0x31,0xC7,0x31,0xC7,0x31,0xC7,0x31,0xC7,0x31,0xC7,0x31,0xC7,0x31,0xC7,0x31,
    0xC7,0x31,0xC7,0x31,0xC7,0x31,0xC7,0x31,0xC7,0x31,0xC7,0x31,0xC7,0x31,0xC7,0x31,
    0xC7,0x31,0xC7,0x31,0xC7,0x31,0xC7,0x31,0xC7,0x31,0xC7,0x31,0xC7,0x31,0xC7,0x31,
    0xC7,0x31,0xC7,0x31,0xC7,0x31,0xC7,0x31,0xC7,0x31,0xC7,0x31,0xC7,0x31,0xC7,0x31,
    0xC7,0x31,0xC7,0x31,0xC7,0x31,0xC7,0x31,0xC7,0x31,0xC7,0x31,0xC7,0x31,0xC7,0x31,
    0xC7,0x31,0xC7,0x31,0xC7,0x31,0xC7,0x31,0xC7,0x31,0xC7,0x31,0xC7,0x31,0xC7,0x31,
    0xC7,0x31,0xC7,0x31,0xC7,0x31,0xC7,0x31,0xC7,0x31,0xC7,0x31,0xC7,0x31,0xC7,0x31,
    0xC7,0x31,0x4D,0x63,0x10,0x7C,0x71,0x8C,0xF3,0x9C,0x14,0xA5,0xF3,0x9C,0xD3,0x9C,
    0xD3,0x9C,0xD3,0x9C,0xB2,0x94,0x71,0x8C,0x51,0x8C,0x30,0x84,0x10,0x84,0xEF,0x7B,
    0x10,0x84,0x10,0x84,0x30,0x84,0x51,0x8C,0x92,0x94,0x55,0xAD,0x34,0xA5,0xEC,0x5A,
    0xC7,0x31,0xC7,0x31,0xC7,0x31,0xC7,0x31,0xC7,0x31,0xC7,0x31,0xC7,0x31,0xC7,0x31,
    0xC7,0x31,0xC7,0x31,0xC7,0x31,0xC7,0x31,0xC7,0x31,0xC7,0x31,0xC7,0x31,0xC7,0x31,
    0xC7,0x31,0xC7,0x31,0xC7,0x31,0xC7,0x31,0xC7,0x31,0xC7,0x31,0xC7,0x31,0xC7,0x31,
    0xC7,0x31,0xC7,0x31,0xC7,0x31,0xC7,0x31,0xC7,0x31,0xC7,0x31,0xC7,0x31,0xC7,0x31,
    0xC7,0x31,0xC7,0x31,0xC7,0x31,0xC7,0x31,0xC7,0x31,0xC7,0x31,0xC7,0x31,0xC7,0x31,
    0xC7,0x31,0xC7,0x31,0xC7,0x31,0xC7,0x31,0xC7,0x31,0xC7,0x31,0xC7,0x31,0xC7,0x31,
    0xC7,0x31,0xC7,0x31,0xC7,0x31,0xC7,0x31,0xC7,0x31,0xC7,0x31,0xC7,0x31,0xC7,0x31,
    0xC7,0x31,0xC7,0x31,0xC7,0x31,0xC7,0x31,0xC7,0x31,0xC7,0x31,0xC7,0x31,0xC7,0x31,
    0xC7,0x31,0xC7,0x31,0xC7,0x31,0xC7,0x31,0xC7,0x31,0xC7,0x31,0xC7,0x31,0xC7,0x31,
    0xC7,0x31,0xC7,0x31,0xC7,0x31,0xC7,0x31,0xC7,0x31,0xC7,0x31,0xC7,0x31,0xC7,0x31,
    0xC7,0x31,0xC7,0x31,0xC7,0x31,0xC7,0x31,0xC7,0x31,0xC7,0x31,0xC7,0x31,0xC7,0x31,
    0xC7,0x31,0xC7,0x31,0xC7,0x31,0xC7,0x31,0xC7,0x31,0xC7,0x31,0xC7,0x31,0xC7,0x31,
    0xC7,0x31,0xC7,0x31,0xC7,0x31,0xC7,0x31,0xC7,0x31,0xC7,0x31,0x8A,0x4A,0xAE,0x73,
    0x51,0x8C,0xD3,0x9C,0x14,0xA5,0xF3,0x9C,0xF3,0x9C,0xF3,0x9C,0x14,0xA5,0x14,0xA5,
    0xD3,0x9C,0x92,0x94,0x51,0x8C,0x10,0x84,0xCF,0x7B,0x8E,0x73,0x8E,0x73,0x8E,0x73,
    0xAE,0x73,0xCF,0x7B,0xEF,0x7B,0x30,0x84,0x71,0x8C,0xB2,0x94,0x96,0xB5,0xB2,0x94,
    0xC7,0x31,0xC7,0x31,0xC7,0x31,0xC7,0x31,0xC7,0x31,0xC7,0x31,0xC7,0x31,0xC7,0x31,
    0xC7,0x31,0xC7,0x31,0xC7,0x31,0xC7,0x31,0xC7,0x31,0xC7,0x31,0xC7,0x31,0xC7,0x31,
    0xC7,0x31,0xC7,0x31,0xC7,0x31,0xC7,0x31,0xC7,0x31,0xC7,0x31,0xC7,0x31,0xC7,0x31,
    0xC7,0x31,0xC7,0x31,0xC7,0x31,0xC7,0x31,0xC7,0x31,0xC7,0x31,0xC7,0x31,0xC7,0x31,
    0xC7,0x31,0xC7,0x31,0xC7,0x31,0xC7,0x31,0xC7,0x31,0xC7,0x31,0xC7,0x31,0xC7,0x31,
    0xC7,0x31,0xC7,0x31,0xC7,0x31,0xC7,0x31,0xC7,0x31,0xC7,0x31,0xC7,0x31,0xC7,0x31,
    0xC7,0x31,0xC7,0x31,0xC7,0x31,0xC7,0x31,0xC7,0x31,0xC7,0x31,0xC7,0x31,0xC7,0x31,
    0xC7,0x31,0xC7,0x31,0xC7,0x31,0xC7,0x31,0xC7,0x31,0xC7,0x31,0xC7,0x31,0xC7,0x31,
    0xC7,0x31,0xC7,0x31,0xC7,0x31,0xC7,0x31,0xC7,0x31,0xC7,0x31,0xC7,0x31,0xC7,0x31,
    0xC7,0x31,0xC7,0x31,0xC7,0x31,0xC7,0x31,0xC7,0x31,0xC7,0x31,0xC7,0x31,0xC7,0x31,
    0xC7,0x31,0xC7,0x31,0xC7,0x31,0xC7,0x31,0xC7,0x31,0xC7,0x31,0xC7,0x31,0xC7,0x31,
    0xC7,0x31,0xC7,0x31,0xC7,0x31,0xC7,0x31,0xC7,0x31,0xC7,0x31,0xC7,0x31,0xC7,0x31,
    0xC7,0x31,0xC7,0x31,0xC7,0x31,0xC7,0x31,0xCB,0x52,0xEF,0x7B,0xB2,0x94,0x14,0xA5,
    0x14,0xA5,0xF3,0x9C,0x14,0xA5,0x14,0xA5,0xF3,0x9C,0xD3,0x9C,0x92,0x94,0x51,0x8C,
    0xEF,0x7B,0x8E,0x73,0x2C,0x63,0x0C,0x63,0xEB,0x5A,0xCB,0x5A,0xEB,0x5A,0xEB,0x5A,
    0x0C,0x63,0x2C,0x63,0x8E,0x73,0xCF,0x7B,0x30,0x84,0x92,0x94,0xF3,0x9C,0x55,0xAD,
    0x8A,0x4A,0xC7,0x31,0xC7,0x31,0xC7,0x31,0xC7,0x31,0xC7,0x31,0xC7,0x31,0xC7,0x31,
    0xC7,0x31,0xC7,0x31,0xC7,0x31,0xC7,0x31,0xC7,0x31,0xC7,0x31,0xC7,0x31,0xC7,0x31,
    0xC7,0x31,0xC7,0x31,0xC7,0x31,0xC7,0x31,0xC7,0x31,0xC7,0x31,0xC7,0x31,0xC7,0x31,
    0xC7,0x31,0xC7,0x31,0xC7,0x31,0xC7,0x31,0xC7,0x31,0xC7,0x31,0xC7,0x31,0xC7,0x31,
    0xC7,0x31,0xC7,0x31,0xC7,0x31,0xC7,0x31,0xC7,0x31,0xC7,0x31,0xC7,0x31,0xC7,0x31,
    0xC7,0x31,0xC7,0x31,0xC7,0x31,0xC7,0x31,0xC7,0x31,0xC7,0x31,0xC7,0x31,0xC7,0x31,
    0xC7,0x31,0xC7,0x31,0xC7,0x31,0xC7,0x31,0xC7,0x31,0xC7,0x31,0xC7,0x31,0xC7,0x31,
    0xC7,0x31,0xC7,0x31,0xC7,0x31,0xC7,0x31,0xC7,0x31,0xC7,0x31,0xC7,0x31,0xC7,0x31,
    0xC7,0x31,0xC7,0x31,0xC7,0x31,0xC7,0x31,0xC7,0x31,0xC7,0x31,0xC7,0x31,0xC7,0x31,
    0xC7,0x31,0xC7,0x31,0xC7,0x31,0xC7,0x31,0xC7,0x31,0xC7,0x31,0xC7,0x31,0xC7,0x31,
    0xC7,0x31,0xC7,0x31,0xC7,0x31,0xC7,0x31,0xC7,0x31,0xC7,0x31,0xC7,0x31,0xC7,0x31,
    0xC7,0x31,0xC7,0x31,0xC7,0x31,0xC7,0x31,0xC7,0x31,0xC7,0x31,0xC7,0x31,0xC7,0x31,
    0xC7,0x31,0xC7,0x31,0x29,0x42,0xEF,0x7B,0xF3,0x9C,0x55,0xAD,0x14,0xA5,0xF3,0x9C,
    0xF3,0x9C,0xF3,0x9C,0xB2,0x94,0x71,0x8C,0x30,0x84,0xCF,0x7B,0x6D,0x6B,0x0C,0x63,
    0xCB,0x5A,0xCB,0x5A,0xCB,0x5A,0xCB,0x5A,0xCB,0x5A,0xCB,0x5A,0xCB,0x5A,0xEB,0x5A,
    0xEB,0x5A,0xEB,0x5A,0xEB,0x5A,0x4D,0x6B,0xEF,0x7B,0x71,0x8C,0xF3,0x9C,0x75,0xAD,
    0x0C,0x5B,0xC7,0x31,0xC7,0x31,0xC7,0x31,0xC7,0x31,0xC7,0x31,0xC7,0x31,0xC7,0x31,
    0xC7,0x31,0xC7,0x31,0xC7,0x31,0xC7,0x31,0xC7,0x31,0xC7,0x31,0xC7,0x31,0xC7,0x31,
    0xC7,0x31,0xC7,0x31,0xC7,0x31,0xC7,0x31,0xC7,0x31,0xC7,0x31,0xC7,0x31,0xC7,0x31,
    0xC7,0x31,0xC7,0x31,0xC7,0x31,0xC7,0x31,0xC7,0x31,0xC7,0x31,0xC7,0x31,0xC7,0x31,
    0xC7,0x31,0xC7,0x31,0xC7,0x31,0xC7,0x31,0xC7,0x31,0xC7,0x31,0xC7,0x31,0xC7,0x31,
    0xC7,0x31,0xC7,0x31,0xC7,0x31,0xC7,0x31,0xC7,0x31,0xC7,0x31,0xC7,0x31,0xC7,0x31,
    0xC7,0x31,0xC7,0x31,0xC7,0x31,0xC7,0x31,0xC7,0x31,0xC7,0x31,0xC7,0x31,0xC7,0x31,
    0xC7,0x31,0xC7,0x31,0xC7,0x31,0xC7,0x31,0xC7,0x31,0xC7,0x31,0xC7,0x31,0xC7,0x31,
    0xC7,0x31,0xC7,0x31,0xC7,0x31,0xC7,0x31,0xC7,0x31,0xC7,0x31,0xC7,0x31,0xC7,0x31,
    0xC7,0x31,0xC7,0x31,0xC7,0x31,0xC7,0x31,0xC7,0x31,0xC7,0x31,0xC7,0x31,0xC7,0x31,
    0xC7,0x31,0xC7,0x31,0xC7,0x31,0xC7,0x31,0xC7,0x31,0xC7,0x31,0xC7,0x31,0xC7,0x31,
    0xC7,0x31,0xC7,0x31,0xC7,0x31,0xC7,0x31,0xC7,0x31,0xC7,0x31,0xC7,0x31,0xC7,0x31,
    0xC7,0x31,0x6D,0x6B,0xD3,0x9C,0x55,0xAD,0x34,0xA5,0x14,0xA5,0x14,0xA5,0xF3,0x9C,
    0x92,0x94,0x30,0x84,0xAE,0x73,0x6D,0x6B,0x0C,0x63,0xEB,0x5A,0xEB,0x5A,0xEB,0x5A,
    0xEB,0x5A,0xCB,0x5A,0xCB,0x52,0xAA,0x52,0xEC,0x5A,0x08,0x3A,0x49,0x4A,0x29,0x42,
    0x0C,0x63,0xCB,0x52,0x6D,0x6B,0x6D,0x6B,0x6D,0x6B,0x51,0x8C,0xF3,0x9C,0x75,0xAD,
    0xAB,0x52,0xC7,0x31,0xC7,0x31,0xC7,0x31,0xC7,0x31,0xC7,0x31,0xC7,0x31,0xC7,0x31,
    0xC7,0x31,0xC7,0x31,0xC7,0x31,0xC7,0x31,0xC7,0x31,0xC7,0x31,0xC7,0x31,0xC7,0x31,
    0xC7,0x31,0xC7,0x31,0xC7,0x31,0xC7,0x31,0xC7,0x31,0xC7,0x31,0xC7,0x31,0xC7,0x31,
    0xC7,0x31,0xC7,0x31,0xC7,0x31,0xC7,0x31,0xC7,0x31,0xC7,0x31,0xC7,0x31,0xC7,0x31,
    0xC7,0x31,0xC7,0x31,0xC7,0x31,0xC7,0x31,0xC7,0x31,0xC7,0x31,0xC7,0x31,0xC7,0x31,
    0xC7,0x31,0xC7,0x31,0xC7,0x31,0xC7,0x31,0xC7,0x31,0xC7,0x31,0xC7,0x31,0xC7,0x31,
    0xC7,0x31,0xC7,0x31,0xC7,0x31,0xC7,0x31,0xC7,0x31,0xC7,0x31,0xC7,0x31,0xC7,0x31,
    0xC7,0x31,0xC7,0x31,0xC7,0x31,0xC7,0x31,0xC7,0x31,0xC7,0x31,0xC7,0x31,0xC7,0x31,
    0xC7,0x31,0xC7,0x31,0xC7,0x31,0xC7,0x31,0xC7,0x31,0xC7,0x31,0xC7,0x31,0xC7,0x31,
    0xC7,0x31,0xC7,0x31,0xC7,0x31,0xC7,0x31,0xC7,0x31,0xC7,0x31,0xC7,0x31,0xC7,0x31,
    0xC7,0x31,0xC7,0x31,0xC7,0x31,0xC7,0x31,0xC7,0x31,0xC7,0x31,0xC7,0x31,0xC7,0x31,
    0xC7,0x31,0xC7,0x31,0xC7,0x31,0xC7,0x31,0xC7,0x31,0xC7,0x31,0xC7,0x31,0xC7,0x31,
    0x10,0x84,0x55,0xAD,0x75,0xAD,0x55,0xAD,0x55,0xAD,0x34,0xA5,0xD3,0x9C,0x30,0x84,
    0xAE,0x73,0x2C,0x63,0x0C,0x63,0x0C,0x63,0x2C,0x63,0x0C,0x63,0xEC,0x5A,0xAB,0x52,
    0x6A,0x4A,0x08,0x3A,0xC7,0x31,0xC7,0x31,0xC7,0x31,0xB7,0xB5,0xFB,0xDE,0x18,0xC6,
    0xC7,0x31,0x0C,0x63,0xEF,0x7B,0xAA,0x52,0xAE,0x73,0x30,0x84,0x34,0xA5,0x34,0xA5,
    0x49,0x42,0xC7,0x31,0xC7,0x31,0xC7,0x31,0xC7,0x31,0xC7,0x31,0xC7,0x31,0xC7,0x31,
    0xC7,0x31,0xC7,0x31,0xC7,0x31,0xC7,0x31,0xC7,0x31,0xC7,0x31,0xC7,0x31,0xC7,0x31,
    0xC7,0x31,0xC7,0x31,0xC7,0x31,0xC7,0x31,0xC7,0x31,0xC7,0x31,0xC7,0x31,0xC7,0x31,
    0xC7,0x31,0xC7,0x31,0xC7,0x31,0xC7,0x31,0xC7,0x31,0xC7,0x31,0xC7,0x31,0xC7,0x31,
    0xC7,0x31,0xC7,0x31,0xC7,0x31,0xC7,0x31,0xC7,0x31,0xC7,0x31,0xC7,0x31,0xC7,0x31,
    0xC7,0x31,0xC7,0x31,0xC7,0x31,0xC7,0x31,0xC7,0x31,0xC7,0x31,0xC7,0x31,0xC7,0x31,
    0xC7,0x31,0xC7,0x31,0xC7,0x31,0xC7,0x31,0xC7,0x31,0xC7,0x31,0xC7,0x31,0xC7,0x31,
    0xC7,0x31,0xC7,0x31,0xC7,0x31,0xC7,0x31,0xC7,0x31,0xC7,0x31,0xC7,0x31,0xC7,0x31,
    0xC7,0x31,0xC7,0x31,0xC7,0x31,0xC7,0x31,0xC7,0x31,0xC7,0x31,0xC7,0x31,0xC7,0x31,
    0xC7,0x31,0xC7,0x31,0xC7,0x31,0xC7,0x31,0xC7,0x31,0xC7,0x31,0xC7,0x31,0xC7,0x31,
    0xC7,0x31,0xC7,0x31,0xC7,0x31,0xC7,0x31,0xC7,0x31,0xC7,0x31,0xC7,0x31,0xC7,0x31,
    0xC7,0x31,0xC7,0x31,0xC7,0x31,0xC7,0x31,0xC7,0x31,0xC7,0x31,0x8A,0x4A,0xD3,0x9C,
    0xB6,0xB5,0x55,0xAD,0x75,0xAD,0x75,0xAD,0x34,0xA5,0x92,0x94,0xCF,0x7B,0x4D,0x6B,
    0x0C,0x63,0x4D,0x6B,0x4D,0x6B,0x6D,0x6B,0xAB,0x52,0x6A,0x4A,0xC7,0x31,0xC7,0x31,
    0xC7,0x31,0xC7,0x31,0xC7,0x31,0x72,0x8C,0xBA,0xD6,0x3C,0xE7,0xFB,0xDE,0xDF,0xFF,
    0x59,0xC6,0xAE,0x73,0x08,0x42,0xEF,0x7B,0x7D,0xEF,0xB2,0x94,0x75,0xAD,0x30,0x84,
    0x29,0x42,0xC7,0x31,0xC7,0x31,0xC7,0x31,0xC7,0x31,0xC7,0x31,0xC7,0x31,0xC7,0x31,
    0xC7,0x31,0xC7,0x31,0xC7,0x31,0xC7,0x31,0xC7,0x31,0xC7,0x31,0xC7,0x31,0xC7,0x31,
    0xC7,0x31,0xC7,0x31,0xC7,0x31,0xC7,0x31,0xC7,0x31,0xC7,0x31,0xC7,0x31,0xC7,0x31,
    0xC7,0x31,0xC7,0x31,0xC7,0x31,0xC7,0x31,0xC7,0x31,0xC7,0x31,0xC7,0x31,0xC7,0x31,
    0xC7,0x31,0xC7,0x31,0xC7,0x31,0xC7,0x31,0xC7,0x31,0xC7,0x31,0xC7,0x31,0xC7,0x31,
    0xC7,0x31,0xC7,0x31,0xC7,0x31,0xC7,0x31,0xC7,0x31,0xC7,0x31,0xC7,0x31,0xC7,0x31,
    0xC7,0x31,0xC7,0x31,0xC7,0x31,0xC7,0x31,0xC7,0x31,0xC7,0x31,0xC7,0x31,0xC7,0x31,
    0xC7,0x31,0xC7,0x31,0xC7,0x31,0xC7,0x31,0xC7,0x31,0xC7,0x31,0xC7,0x31,0xC7,0x31,
    0xC7,0x31,0xC7,0x31,0xC7,0x31,0xC7,0x31,0xC7,0x31,0xC7,0x31,0xC7,0x31,0xC7,0x31,
    0xC7,0x31,0xC7,0x31,0xC7,0x31,0xC7,0x31,0xC7,0x31,0xC7,0x31,0xC7,0x31,0xC7,0x31,
    0xC7,0x31,0xC7,0x31,0xC7,0x31,0xC7,0x31,0xC7,0x31,0xC7,0x31,0xC7,0x31,0xC7,0x31,
    0xC7,0x31,0xC7,0x31,0xC7,0x31,0xC7,0x31,0xC7,0x31,0x0C,0x5B,0x55,0xAD,0xB6,0xB5,
    0x55,0xAD,0x75,0xAD,0x75,0xAD,0x34,0xA5,0x51,0x8C,0x8E,0x73,0x2C,0x63,0x4D,0x6B,
    0x4D,0x6B,0x2C,0x63,0xAA,0x52,0xC7,0x31,0xC7,0x31,0xC7,0x31,0xC7,0x31,0xC7,0x31,
    0xC7,0x31,0xE8,0x31,0x96,0xB5,0xBA,0xD6,0xF7,0xBD,0x75,0xAD,0x18,0xC6,0x9A,0xD6,
    0xB2,0x94,0x08,0x42,0x0C,0x63,0xBE,0xF7,0xBA,0xD6,0x14,0xA5,0xF3,0x9C,0x0C,0x63,
    0xEB,0x5A,0xC7,0x31,0xC7,0x31,0xC7,0x31,0xC7,0x31,0xC7,0x31,0xC7,0x31,0xC7,0x31,
    0xC7,0x31,0xC7,0x31,0xC7,0x31,0xC7,0x31,0xC7,0x31,0xC7,0x31,0xC7,0x31,0xC7,0x31,
    0xC7,0x31,0xC7,0x31,0xC7,0x31,0xC7,0x31,0xC7,0x31,0xC7,0x31,0xC7,0x31,0xC7,0x31,
    0xC7,0x31,0xC7,0x31,0xC7,0x31,0xC7,0x31,0xC7,0x31,0xC7,0x31,0xC7,0x31,0xC7,0x31,
    0xC7,0x31,0xC7,0x31,0xC7,0x31,0xC7,0x31,0xC7,0x31,0xC7,0x31,0xC7,0x31,0xC7,0x31,
    0xC7,0x31,0xC7,0x31,0xC7,0x31,0xC7,0x31,0xC7,0x31,0xC7,0x31,0xC7,0x31,0xC7,0x31,
    0xC7,0x31,0xC7,0x31,0xC7,0x31,0xC7,0x31,0xC7,0x31,0xC7,0x31,0xC7,0x31,0xC7,0x31,
    0xC7,0x31,0xC7,0x31,0xC7,0x31,0xC7,0x31,0xC7,0x31,0xC7,0x31,0xC7,0x31,0xC7,0x31,
    0xC7,0x31,0xC7,0x31,0xC7,0x31,0xC7,0x31,0xC7,0x31,0xC7,0x31,0xC7,0x31,0xC7,0x31,
    0xC7,0x31,0xC7,0x31,0xC7,0x31,0xC7,0x31,0xC7,0x31,0xC7,0x31,0xC7,0x31,0xC7,0x31,
    0xC7,0x31,0xC7,0x31,0xC7,0x31,0xC7,0x31,0xC7,0x31,0xC7,0x31,0xC7,0x31,0xC7,0x31,
    0xC7,0x31,0xC7,0x31,0xC7,0x31,0xC7,0x31,0x6D,0x6B,0x75,0xAD,0xB6,0xB5,0x75,0xAD,
    0x75,0xAD,0x75,0xAD,0xD3,0x9C,0xEF,0x7B,0x4D,0x6B,0x4D,0x6B,0x6D,0x6B,0x6E,0x6B,
    0xAA,0x52,0xC7,0x31,0xC7,0x31,0xC7,0x31,0xC7,0x31,0x49,0x42,0xC7,0x31,0xC7,0x31,
    0x8E,0x6B,0x38,0xC6,0x18,0xC6,0xB2,0x94,0x71,0x8C,0x34,0xA5,0xD7,0xBD,0x10,0x84,
    0xE7,0x39,0x8A,0x52,0x5D,0xEF,0xBE,0xF7,0x34,0xA5,0x34,0xA5,0x4D,0x6B,0x69,0x4A,
    0xEB,0x5A,0xC7,0x31,0xC7,0x31,0xC7,0x31,0xC7,0x31,0x6A,0x4A,0xCB,0x52,0x0C,0x63,
    0x8E,0x73,0x2C,0x63,0x2C,0x63,0x2C,0x63,0x4D,0x63,0x8E,0x6B,0x0C,0x5B,0xAB,0x52,
    0xC7,0x31,0xC7,0x31,0xC7,0x31,0xC7,0x31,0xC7,0x31,0xC7,0x31,0xC7,0x31,0xC7,0x31,
    0xC7,0x31,0xC7,0x31,0xC7,0x31,0xC7,0x31,0xC7,0x31,0xC7,0x31,0xC7,0x31,0xC7,0x31,
    0xC7,0x31,0xC7,0x31,0xC7,0x31,0xC7,0x31,0xC7,0x31,0xC7,0x31,0xC7,0x31,0xC7,0x31,
    0xC7,0x31,0xC7,0x31,0xC7,0x31,0xC7,0x31,0xC7,0x31,0xC7,0x31,0xC7,0x31,0xC7,0x31,
    0xC7,0x31,0xC7,0x31,0xC7,0x31,0xC7,0x31,0xC7,0x31,0xC7,0x31,0xC7,0x31,0xC7,0x31,
    0xC7,0x31,0xC7,0x31,0xC7,0x31,0xC7,0x31,0xC7,0x31,0xC7,0x31,0xC7,0x31,0xC7,0x31,
    0xC7,0x31,0xC7,0x31,0xC7,0x31,0xC7,0x31,0xC7,0x31,0xC7,0x31,0xC7,0x31,0xC7,0x31,
    0xC7,0x31,0xC7,0x31,0xC7,0x31,0xC7,0x31,0xC7,0x31,0xC7,0x31,0xC7,0x31,0xC7,0x31,
    0xC7,0x31,0xC7,0x31,0xC7,0x31,0xC7,0x31,0xC7,0x31,0xC7,0x31,0xC7,0x31,0xC7,0x31,
    0xC7,0x31,0xC7,0x31,0xC7,0x31,0x4D,0x63,0x96,0xB5,0xB6,0xB5,0x75,0xAD,0x75,0xAD,
    0x55,0xAD,0x92,0x94,0xAE,0x73,0x4D,0x6B,0x8E,0x73,0x6D,0x6B,0xAB,0x52,0xC7,0x31,
    0xC7,0x31,0xC7,0x31,0xC7,0x31,0x49,0x42,0x08,0x3A,0xA6,0x31,0x8A,0x52,0xB2,0x94,
    0xB6,0xB5,0x71,0x8C,0x4D,0x6B,0xAE,0x73,0x71,0x8C,0x34,0xA5,0xEF,0x7B,0xE7,0x39,
    0x69,0x4A,0xDB,0xDE,0xFF,0xFF,0x96,0xB5,0x34,0xA5,0x8E,0x73,0x8A,0x52,0x8A,0x4A,
    0x4D,0x6B,0xEF,0x7B,0x71,0x8C,0xF3,0x9C,0x34,0xA5,0x55,0xAD,0x75,0xAD,0x96,0xB5,
    0xD7,0xBD,0xB6,0xB5,0x96,0xB5,0x96,0xB5,0x96,0xB5,0x96,0xB5,0x55,0xAD,0x55,0xAD,
    0x14,0xA5,0x92,0x94,0x8E,0x73,0xC7,0x31,0xC7,0x31,0xC7,0x31,0xC7,0x31,0xC7,0x31,
    0xC7,0x31,0xC7,0x31,0xC7,0x31,0xC7,0x31,0xC7,0x31,0xC7,0x31,0xC7,0x31,0xC7,0x31,
    0xC7,0x31,0xC7,0x31,0xC7,0x31,0xC7,0x31,0xC7,0x31,0xC7,0x31,0xC7,0x31,0xC7,0x31,
    0xC7,0x31,0xC7,0x31,0xC7,0x31,0xC7,0x31,0xC7,0x31,0xC7,0x31,0xC7,0x31,0xC7,0x31,
    0xC7,0x31,0xC7,0x31,0xC7,0x31,0xC7,0x31,0xC7,0x31,0xC7,0x31,0xC7,0x31,0xC7,0x31,
    0xC7,0x31,0xC7,0x31,0xC7,0x31,0xC7,0x31,0xC7,0x31,0xC7,0x31,0xC7,0x31,0xC7,0x31,
    0xC7,0x31,0xC7,0x31,0xC7,0x31,0xC7,0x31,0xC7,0x31,0xC7,0x31,0xC7,0x31,0xC7,0x31,
    0xC7,0x31,0xC7,0x31,0xC7,0x31,0xC7,0x31,0xC7,0x31,0xC7,0x31,0xC7,0x31,0xC7,0x31,
    0xC7,0x31,0xC7,0x31,0xC7,0x31,0xC7,0x31,0xC7,0x31,0xC7,0x31,0xC7,0x31,0xC7,0x31,
    0xC7,0x31,0xC7,0x31,0x0C,0x5B,0x34,0xA5,0xD7,0xBD,0x96,0xB5,0x75,0xAD,0x34,0xA5,
    0x71,0x8C,0x8E,0x73,0x2C,0x63,0x2C,0x63,0xAA,0x52,0xC7,0x31,0xC7,0x31,0x8A,0x4A,
    0xCF,0x7B,0x92,0x94,0xD3,0x9C,0x6D,0x6B,0x45,0x29,0x41,0x08,0x82,0x10,0xAA,0x52,
    0x69,0x4A,0xAA,0x52,0xEF,0x7B,0x14,0xA5,0xD7,0xBD,0x51,0x8C,0x28,0x42,0x69,0x4A,
    0x9A,0xD6,0xFF,0xFF,0xB6,0xB5,0x55,0xAD,0x75,0xAD,0x10,0x84,0x92,0x94,0x55,0xAD,
    0x96,0xB5,0x18,0xC6,0x18,0xC6,0x18,0xC6,0xF7,0xBD,0xD7,0xBD,0xD7,0xBD,0xB6,0xB5,
    0xB6,0xB5,0xB6,0xB5,0xB6,0xB5,0x96,0xB5,0x75,0xAD,0x75,0xAD,0x55,0xAD,0x55,0xAD,
    0x75,0xAD,0xB6,0xB5,0x96,0xB5,0x55,0xA5,0xCF,0x7B,0xC7,0x31,0xC7,0x31,0xC7,0x31,
    0xC7,0x31,0xC7,0x31,0xC7,0x31,0xC7,0x31,0xC7,0x31,0xC7,0x31,0xC7,0x31,0xC7,0x31,
    0xC7,0x31,0xC7,0x31,0xC7,0x31,0xC7,0x31,0xC7,0x31,0xC7,0x31,0xC7,0x31,0xC7,0x31,
    0xC7,0x31,0xC7,0x31,0xC7,0x31,0xC7,0x31,0xC7,0x31,0xC7,0x31,0xC7,0x31,0xC7,0x31,
    0xC7,0x31,0xC7,0x31,0xC7,0x31,0xC7,0x31,0xC7,0x31,0xC7,0x31,0xC7,0x31,0xC7,0x31,
    0xC7,0x31,0xC7,0x31,0xC7,0x31,0xC7,0x31,0xC7,0x31,0xC7,0x31,0xC7,0x31,0xC7,0x31,
    0xC7,0x31,0xC7,0x31,0xC7,0x31,0xC7,0x31,0xC7,0x31,0xC7,0x31,0xC7,0x31,0xC7,0x31,
    0xC7,0x31,0xC7,0x31,0xC7,0x31,0xC7,0x31,0xC7,0x31,0xC7,0x31,0xC7,0x31,0xC7,0x31,
    0xC7,0x31,0xC7,0x31,0xC7,0x31,0xC7,0x31,0xC7,0x31,0xC7,0x31,0xC7,0x31,0xC7,0x31,
    0xC7,0x31,0xAB,0x52,0x34,0xA5,0xF7,0xBD,0xB6,0xB5,0x96,0xB5,0x34,0xA5,0x92,0x94,
    0x8E,0x73,0x4D,0x6B,0x30,0x84,0xB2,0x94,0xF3,0x9C,0xD7,0xBD,0x59,0xCE,0x59,0xCE,
    0x18,0xC6,0x96,0xB5,0x51,0x8C,0x49,0x4A,0x4D,0x6B,0xAA,0x52,0x65,0x29,0xA2,0x10,
    0x0C,0x63,0x59,0xCE,0xFB,0xDE,0x9E,0xF7,0x55,0xAD,0x69,0x4A,0x69,0x4A,0xDB,0xDE,
    0xFF,0xFF,0xF7,0xBD,0x75,0xAD,0xD7,0xBD,0xF7,0xBD,0x18,0xC6,0x18,0xC6,0x18,0xC6,
    0xD7,0xBD,0xB6,0xB5,0xB6,0xB5,0xB6,0xB5,0xB6,0xB5,0xB6,0xB5,0xB6,0xB5,0xB6,0xB5,
    0x96,0xB5,0x96,0xB5,0x75,0xAD,0x55,0xAD,0x55,0xAD,0x55,0xAD,0x34,0xA5,0x34,0xA5,
    0x14,0xA5,0x14,0xA5,0x34,0xA5,0x96,0xB5,0xD7,0xBD,0x92,0x94,0xC7,0x31,0xC7,0x31,
    0xC7,0x31,0xC7,0x31,0xC7,0x31,0xC7,0x31,0xC7,0x31,0xC7,0x31,0xC7,0x31,0xC7,0x31,
    0xC7,0x31,0xC7,0x31,0xC7,0x31,0xC7,0x31,0xC7,0x31,0xC7,0x31,0xC7,0x31,0xC7,0x31,
    0xC7,0x31,0xC7,0x31,0xC7,0x31,0xC7,0x31,0xC7,0x31,0xC7,0x31,0xC7,0x31,0xC7,0x31,
    0xC7,0x31,0xC7,0x31,0xC7,0x31,0xC7,0x31,0xC7,0x31,0xC7,0x31,0xC7,0x31,0xC7,0x31,
    0xC7,0x31,0xC7,0x31,0xC7,0x31,0xC7,0x31,0xC7,0x31,0xC7,0x31,0xC7,0x31,0xC7,0x31,
    0xC7,0x31,0xC7,0x31,0xC7,0x31,0xC7,0x31,0xC7,0x31,0xC7,0x31,0xC7,0x31,0xC7,0x31,
    0xC7,0x31,0xC7,0x31,0xC7,0x31,0xC7,0x31,0xC7,0x31,0xC7,0x31,0xC7,0x31,0xC7,0x31,
    0xC7,0x31,0xC7,0x31,0xC7,0x31,0xC7,0x31,0xC7,0x31,0xC7,0x31,0xC7,0x31,0xC7,0x31,
    0x29,0x42,0x34,0xA5,0x18,0xC6,0xD7,0xBD,0xB6,0xB5,0x75,0xAD,0xD3,0x9C,0xCF,0x7B,
    0x4D,0x6B,0x10,0x84,0xD7,0xBD,0xDB,0xDE,0x3C,0xE7,0xDB,0xDE,0xD7,0xBD,0xD3,0x9C,
    0xAE,0x73,0x08,0x42,0x65,0x29,0x45,0x29,0x8E,0x73,0xCF,0x7B,0xC7,0x39,0x49,0x4A,
    0x8E,0x73,0xF7,0xBD,0xFF,0xFF,0xD7,0xBD,0x8A,0x52,0x69,0x4A,0xBA,0xD6,0x9E,0xF7,
    0xD7,0xBD,0x96,0xB5,0xF7,0xBD,0xF7,0xBD,0xD7,0xBD,0xB6,0xB5,0x96,0xB5,0x75,0xAD,
    0x55,0xAD,0x14,0xA5,0xF3,0x9C,0xF3,0x9C,0xD3,0x9C,0xD3,0x9C,0xB2,0x94,0x92,0x94,
    0x92,0x94,0x71,0x8C,0x51,0x8C,0x51,0x8C,0x51,0x8C,0x51,0x8C,0x71,0x8C,0xB2,0x94,
    0xD3,0x9C,0xF3,0x9C,0x14,0xA5,0x14,0xA5,0x34,0xA5,0xF7,0xBD,0x92,0x8C,0xC7,0x31,
    0xC7,0x31,0xC7,0x31,0xC7,0x31,0xC7,0x31,0xC7,0x31,0xC7,0x31,0xC7,0x31,0xC7,0x31,
    0xC7,0x31,0xC7,0x31,0xC7,0x31,0xC7,0x31,0xC7,0x31,0xC7,0x31,0xC7,0x31,0xC7,0x31,
    0xC7,0x31,0xC7,0x31,0xC7,0x31,0xC7,0x31,0xC7,0x31,0xC7,0x31,0xC7,0x31,0xC7,0x31,
    0xC7,0x31,0xC7,0x31,0xC7,0x31,0xC7,0x31,0xC7,0x31,0xC7,0x31,0xC7,0x31,0xC7,0x31,
    0xC7,0x31,0xC7,0x31,0xC7,0x31,0xC7,0x31,0xC7,0x31,0xC7,0x31,0xC7,0x31,0xC7,0x31,
    0xC7,0x31,0xC7,0x31,0xC7,0x31,0xC7,0x31,0xC7,0x31,0xC7,0x31,0xC7,0x31,0xC7,0x31,
    0xC7,0x31,0xC7,0x31,0xC7,0x31,0xC7,0x31,0xC7,0x31,0xC7,0x31,0xC7,0x31,0xC7,0x31,
    0xC7,0x31,0x0C,0x5B,0xEF,0x7B,0x71,0x8C,0x71,0x8C,0x71,0x8C,0x30,0x84,0xCF,0x7B,
    0x14,0x9D,0x38,0xC6,0xF7,0xBD,0xF7,0xBD,0xB6,0xB5,0x55,0xAD,0x30,0x84,0x2C,0x63,
    0x6D,0x6B,0xCB,0x5A,0x0C,0x63,0xAE,0x73,0x30,0x84,0x30,0x84,0xCF,0x7B,0xEB,0x5A,
    0xE7,0x39,0x86,0x31,0x24,0x21,0xA2,0x10,0xE3,0x18,0xC7,0x39,0x08,0x42,0xCB,0x5A,
    0x8A,0x52,0x0C,0x63,0xD3,0x9C,0x8A,0x52,0x69,0x4A,0x18,0xC6,0xFB,0xDE,0xB6,0xB5,
    0xB6,0xB5,0xF7,0xBD,0xD7,0xBD,0xB6,0xB5,0x75,0xAD,0x14,0xA5,0xB2,0x94,0x71,0x8C,
    0x10,0x84,0xEF,0x7B,0xAE,0x73,0x8E,0x73,0x6D,0x6B,0x4D,0x6B,0x2C,0x63,0x0C,0x63,
    0x0C,0x63,0xEB,0x5A,0xEB,0x5A,0x0C,0x63,0x2C,0x63,0x4D,0x6B,0x8E,0x73,0xCF,0x7B,
    0x30,0x84,0x71,0x8C,0xD3,0x9C,0x14,0xA5,0x14,0xA5,0x55,0xAD,0xF7,0xBD,0x8E,0x6B,
    0xC7,0x31,0xC7,0x31,0xC7,0x31,0xC7,0x31,0xC7,0x31,0xC7,0x31,0xC7,0x31,0xC7,0x31,
    0xC7,0x31,0xC7,0x31,0xC7,0x31,0xC7,0x31,0xC7,0x31,0xC7,0x31,0xC7,0x31,0xC7,0x31,
    0xC7,0x31,0xC7,0x31,0xC7,0x31,0xC7,0x31,0xC7,0x31,0xC7,0x31,0xC7,0x31,0xC7,0x31,
    0xC7,0x31,0xC7,0x31,0xC7,0x31,0xC7,0x31,0xC7,0x31,0xC7,0x31,0xC7,0x31,0xC7,0x31,
    0xC7,0x31,0xC7,0x31,0xC7,0x31,0xC7,0x31,0xC7,0x31,0xC7,0x31,0xC7,0x31,0xC7,0x31,
    0xC7,0x31,0xC7,0x31,0xC7,0x31,0xC7,0x31,0xC7,0x31,0xC7,0x31,0xC7,0x31,0xC7,0x31,
    0xC7,0x31,0xC7,0x31,0xC7,0x31,0xC7,0x31,0xC7,0x31,0xC7,0x31,0x49,0x42,0x10,0x84,
    0x14,0xA5,0xB6,0xB5,0x18,0xC6,0x18,0xC6,0x38,0xC6,0x59,0xCE,0x79,0xCE,0xBA,0xD6,
    0x79,0xCE,0x38,0xC6,0x38,0xC6,0x38,0xC6,0x18,0xC6,0x14,0xA5,0x8E,0x73,0xAE,0x73,
    0x3C,0xE7,0x38,0xC6,0xEF,0x7B,0xAA,0x52,0x49,0x4A,0x49,0x4A,0x08,0x42,0xC7,0x39,
    0x86,0x31,0x65,0x29,0x45,0x29,0x45,0x29,0xE7,0x39,0x28,0x42,0xAA,0x52,0x0C,0x63,
    0xCB,0x5A,0x08,0x42,0xE7,0x39,0x8A,0x52,0x14,0xA5,0x59,0xCE,0xB6,0xB5,0xF7,0xBD,
    0xD7,0xBD,0x96,0xB5,0x55,0xAD,0xD3,0x9C,0x71,0x8C,0xEF,0x7B,0x8E,0x73,0x4D,0x6B,
    0x0C,0x63,0xCB,0x5A,0x8A,0x52,0x49,0x4A,0x28,0x42,0x28,0x42,0x28,0x42,0x08,0x42,
    0x28,0x42,0x49,0x4A,0x49,0x4A,0x49,0x4A,0x69,0x4A,0x8A,0x52,0xCB,0x5A,0x0C,0x63,
    0x6D,0x6B,0xCF,0x7B,0x71,0x8C,0xD3,0x9C,0xF3,0x9C,0x34,0xA5,0xD7,0xBD,0x14,0xA5,
    0xC7,0x31,0xC7,0x31,0xC7,0x31,0xC7,0x31,0xC7,0x31,0xC7,0x31,0xC7,0x31,0xC7,0x31,
    0xC7,0x31,0xC7,0x31,0xC7,0x31,0xC7,0x31,0xC7,0x31,0xC7,0x31,0xC7,0x31,0xC7,0x31,
    0xC7,0x31,0xC7,0x31,0xC7,0x31,0xC7,0x31,0xC7,0x31,0xC7,0x31,0xC7,0x31,0xC7,0x31,
    0xC7,0x31,0xC7,0x31,0xC7,0x31,0xC7,0x31,0xC7,0x31,0xC7,0x31,0xC7,0x31,0xC7,0x31,
    0xC7,0x31,0xC7,0x31,0xC7,0x31,0xC7,0x31,0xC7,0x31,0xC7,0x31,0xC7,0x31,0xC7,0x31,
    0xC7,0x31,0xC7,0x31,0xC7,0x31,0xC7,0x31,0xC7,0x31,0xC7,0x31,0xC7,0x31,0xC7,0x31,
    0xC7,0x31,0xC7,0x31,0xC7,0x31,0xC7,0x31,0x08,0x3A,0x30,0x84,0x55,0xAD,0x18,0xC6,
    0x18,0xC6,0xD7,0xBD,0xD7,0xBD,0x18,0xC6,0x18,0xC6,0x79,0xCE,0x9A,0xD6,0x14,0xA5,
    0x18,0xC6,0xDB,0xDE,0x79,0xCE,0x79,0xCE,0x9A,0xD6,0x18,0xC6,0x51,0x8C,0x18,0xC6,
    0xFF,0xFF,0xBE,0xF7,0xDB,0xDE,0x34,0xA5,0x4D,0x6B,0x08,0x42,0xC7,0x39,0x86,0x31,
    0x45,0x29,0x45,0x29,0xE7,0x39,0x08,0x42,0xCB,0x5A,0xCB,0x5A,0x2C,0x63,0x6D,0x6B,
    0x4D,0x6B,0x28,0x42,0x6D,0x6B,0x96,0xB5,0x38,0xC6,0xF7,0xBD,0xF7,0xBD,0xB6,0xB5,
    0x75,0xAD,0x14,0xA5,0x71,0x8C,0xEF,0x7B,0x6D,0x6B,0x0C,0x63,0xAA,0x52,0x69,0x4A,
    0x49,0x4A,0x28,0x42,0x28,0x42,0x49,0x4A,0x49,0x4A,0x49,0x4A,0x49,0x4A,0x69,0x4A,
    0x49,0x4A,0x28,0x42,0x29,0x42,0xAA,0x52,0x8A,0x52,0xAA,0x52,0xAA,0x52,0xCB,0x5A,
    0xCB,0x5A,0x2C,0x63,0xEF,0x7B,0x71,0x8C,0xF3,0x9C,0x34,0xA5,0x96,0xB5,0x75,0xAD,
    0xC7,0x31,0xC7,0x31,0xC7,0x31,0xC7,0x31,0xC7,0x31,0xC7,0x31,0xC7,0x31,0xC7,0x31,
    0xC7,0x31,0xC7,0x31,0xC7,0x31,0xC7,0x31,0xC7,0x31,0xC7,0x31,0xC7,0x31,0xC7,0x31,
    0xC7,0x31,0xC7,0x31,0xC7,0x31,0xC7,0x31,0xC7,0x31,0xC7,0x31,0xC7,0x31,0xC7,0x31,
    0xC7,0x31,0xC7,0x31,0xC7,0x31,0xC7,0x31,0xC7,0x31,0xC7,0x31,0xC7,0x31,0xC7,0x31,
    0xC7,0x31,0xC7,0x31,0xC7,0x31,0xC7,0x31,0xC7,0x31,0xC7,0x31,0xC7,0x31,0xC7,0x31,
    0xC7,0x31,0xC7,0x31,0xC7,0x31,0xC7,0x31,0xC7,0x31,0xC7,0x31,0xC7,0x31,0xC7,0x31,
    0xC7,0x31,0xC7,0x31,0xC7,0x31,0x4D,0x63,0x75,0xAD,0x38,0xC6,0x18,0xC6,0xD7,0xBD,
    0xD7,0xBD,0xD7,0xBD,0x18,0xC6,0x79,0xCE,0xDB,0xDE,0xB6,0xB5,0x69,0x4A,0xC3,0x18,
    0x24,0x21,0x51,0x8C,0x79,0xCE,0xBA,0xD6,0xBA,0xD6,0xDB,0xDE,0xBA,0xD6,0x1C,0xE7,
    0x7D,0xEF,0x3C,0xE7,0x38,0xC6,0xB2,0x94,0x6D,0x6B,0xEB,0x5A,0xCB,0x5A,0xEB,0x5A,
    0xCB,0x5A,0x69,0x4A,0xE7,0x39,0xAA,0x52,0x8E,0x73,0xEB,0x5A,0xEB,0x5A,0x69,0x4A,
    0xAE,0x73,0x34,0xA5,0x59,0xCE,0x59,0xCE,0x18,0xC6,0xD7,0xBD,0x96,0xB5,0x55,0xAD,
    0xD3,0x9C,0x30,0x84,0x8E,0x73,0x0C,0x63,0xAA,0x52,0x69,0x4A,0x49,0x4A,0x69,0x4A,
    0x8A,0x52,0x8A,0x52,0xAA,0x52,0x6A,0x4A,0x8A,0x4A,0x69,0x4A,0x49,0x42,0x8A,0x4A,
    0xC7,0x31,0xC7,0x31,0xC7,0x31,0xC7,0x31,0xC7,0x31,0x49,0x42,0x10,0x7C,0x2C,0x63,
    0x8E,0x73,0x6D,0x6B,0x2C,0x63,0xEF,0x7B,0xD3,0x9C,0x34,0xA5,0x75,0xAD,0x75,0xAD,
    0xC7,0x31,0xC7,0x31,0xC7,0x31,0xC7,0x31,0xC7,0x31,0xC7,0x31,0xC7,0x31,0xC7,0x31,
    0xC7,0x31,0xC7,0x31,0xC7,0x31,0xC7,0x31,0xC7,0x31,0xC7,0x31,0xC7,0x31,0xC7,0x31,
    0xC7,0x31,0xC7,0x31,0xC7,0x31,0xC7,0x31,0xC7,0x31,0xC7,0x31,0xC7,0x31,0xC7,0x31,
    0xC7,0x31,0xC7,0x31,0xC7,0x31,0xC7,0x31,0xC7,0x31,0xC7,0x31,0xC7,0x31,0xC7,0x31,
    0xC7,0x31,0xC7,0x31,0xC7,0x31,0xC7,0x31,0xC7,0x31,0xC7,0x31,0xC7,0x31,0xC7,0x31,
    0xC7,0x31,0xC7,0x31,0xC7,0x31,0xC7,0x31,0xC7,0x31,0xC7,0x31,0xC7,0x31,0xC7,0x31,
    0xC7,0x31,0xC7,0x31,0x10,0x84,0x18,0xC6,0x59,0xCE,0x18,0xC6,0x38,0xC6,0x18,0xC6,
    0x18,0xC6,0x79,0xCE,0xFB,0xDE,0x59,0xCE,0x2C,0x63,0x82,0x10,0xC7,0x39,0x6D,0x6B,
    0x08,0x42,0x00,0x00,0xC7,0x39,0x59,0xCE,0xDB,0xDE,0xFB,0xDE,0xFB,0xDE,0xDB,0xDE,
    0xDB,0xDE,0xBA,0xD6,0xF7,0xBD,0xD3,0x9C,0x30,0x84,0xEF,0x7B,0x30,0x84,0x92,0x94,
    0x55,0xAD,0x38,0xC6,0x38,0xC6,0x6D,0x6B,0x8A,0x52,0x49,0x4A,0x6D,0x6B,0x14,0xA5,
    0x59,0xCE,0x9A,0xD6,0x59,0xCE,0x18,0xC6,0xD7,0xBD,0x96,0xB5,0x34,0xA5,0xB2,0x94,
    0xEF,0x7B,0x2C,0x63,0xCB,0x5A,0x8A,0x52,0x8A,0x52,0xCB,0x5A,0xAA,0x52,0xCB,0x52,
    0xAA,0x52,0xCB,0x52,0xC7,0x31,0xC7,0x31,0xC7,0x31,0xC7,0x31,0xC7,0x31,0xC7,0x31,
    0xC7,0x31,0xC7,0x31,0xC7,0x31,0xF0,0x7B,0xF7,0xBD,0x59,0xCE,0x5D,0xEF,0xF7,0xBD,
    0xCF,0x7B,0x08,0x42,0xEB,0x5A,0x4D,0x6B,0x92,0x94,0x34,0xA5,0x96,0xB5,0x55,0xAD,
    0xC7,0x31,0xC7,0x31,0xC7,0x31,0xC7,0x31,0xC7,0x31,0xC7,0x31,0xC7,0x31,0xC7,0x31,
    0xC7,0x31,0xC7,0x31,0xC7,0x31,0xC7,0x31,0xC7,0x31,0xC7,0x31,0xC7,0x31,0xC7,0x31,
    0xC7,0x31,0xC7,0x31,0xC7,0x31,0xC7,0x31,0xC7,0x31,0xC7,0x31,0xC7,0x31,0xC7,0x31,
    0xC7,0x31,0xC7,0x31,0xC7,0x31,0xC7,0x31,0xC7,0x31,0xC7,0x31,0xC7,0x31,0xC7,0x31,
    0xC7,0x31,0xC7,0x31,0xC7,0x31,0xC7,0x31,0xC7,0x31,0xC7,0x31,0xC7,0x31,0xC7,0x31,
    0xC7,0x31,0xC7,0x31,0xC7,0x31,0xC7,0x31,0xC7,0x31,0xC7,0x31,0xC7,0x31,0xC7,0x31,
    0xC7,0x31,0x51,0x84,0x79,0xCE,0x59,0xCE,0x38,0xC6,0x59,0xCE,0x59,0xCE,0x79,0xCE,
    0x9A,0xD6,0x79,0xCE,0x51,0x8C,0x45,0x29,0xC3,0x18,0x04,0x21,0x45,0x29,0x28,0x42,
    0x86,0x31,0xAA,0x52,0xD7,0xBD,0xFB,0xDE,0x1C,0xE7,0x1C,0xE7,0x1C,0xE7,0xFB,0xDE,
    0xDB,0xDE,0xBA,0xD6,0x9A,0xD6,0xD7,0xBD,0xF3,0x9C,0xD3,0x9C,0x34,0xA5,0x96,0xB5,
    0x59,0xCE,0x5D,0xEF,0xFF,0xFF,0xF3,0x9C,0x2C,0x63,0xF3,0x9C,0x79,0xCE,0xDB,0xDE,
    0x9A,0xD6,0x79,0xCE,0x38,0xC6,0xD7,0xBD,0x96,0xB5,0x55,0xAD,0xB2,0x94,0xAE,0x73,
    0x0C,0x63,0xAA,0x52,0xAA,0x52,0xEB,0x5A,0xCB,0x5A,0xAA,0x52,0x8A,0x4A,0xC7,0x31,
    0xC7,0x31,0xC7,0x31,0xC7,0x31,0xC7,0x31,0xC7,0x31,0xC7,0x31,0xC7,0x31,0xC7,0x31,
    0xC7,0x31,0xAE,0x73,0x18,0xBE,0x3C,0xE7,0x5D,0xEF,0x5D,0xEF,0xBA,0xD6,0x51,0x8C,
    0x86,0x31,0xC7,0x39,0x3C,0xE7,0xD7,0xBD,0x51,0x8C,0x34,0xA5,0xB6,0xB5,0x14,0xA5,
    0xC7,0x31,0xC7,0x31,0xC7,0x31,0xC7,0x31,0xC7,0x31,0xC7,0x31,0xC7,0x31,0xC7,0x31,
    0xC7,0x31,0xC7,0x31,0xC7,0x31,0xC7,0x31,0xC7,0x31,0xC7,0x31,0xC7,0x31,0xC7,0x31,
    0xC7,0x31,0xC7,0x31,0xC7,0x31,0xC7,0x31,0xC7,0x31,0xC7,0x31,0xC7,0x31,0xC7,0x31,
    0xC7,0x31,0xC7,0x31,0xC7,0x31,0xC7,0x31,0xC7,0x31,0xC7,0x31,0xC7,0x31,0xC7,0x31,
    0xC7,0x31,0xC7,0x31,0xC7,0x31,0xC7,0x31,0xC7,0x31,0xC7,0x31,0xC7,0x31,0xC7,0x31,
    0xC7,0x31,0xC7,0x31,0xC7,0x31,0xC7,0x31,0xC7,0x31,0xC7,0x31,0xC7,0x31,0xC7,0x31,
    0x8A,0x52,0xF7,0xBD,0xBA,0xD6,0x79,0xCE,0x79,0xCE,0x79,0xCE,0x9A,0xD6,0x9A,0xD6,
    0xDB,0xDE,0x8E,0x73,0x00,0x00,0x45,0x29,0x4D,0x6B,0x4D,0x6B,0xA2,0x10,0xA6,0x31,
    0x34,0xA5,0x7D,0xEF,0x5D,0xEF,0x1C,0xE7,0x3C,0xE7,0xFB,0xDE,0xBA,0xD6,0xFB,0xDE,
    0xDB,0xDE,0xBA,0xD6,0xBA,0xD6,0xDB,0xDE,0x79,0xCE,0xD7,0xBD,0xD7,0xBD,0x9A,0xD6,
    0x7D,0xEF,0xDF,0xFF,0x5D,0xEF,0x38,0xC6,0x79,0xCE,0xFB,0xDE,0xDB,0xDE,0xBA,0xD6,
    0x9A,0xD6,0x59,0xCE,0xF7,0xBD,0xB6,0xB5,0x75,0xAD,0xB2,0x94,0x8E,0x73,0xEB,0x5A,
    0xEB,0x5A,0xEB,0x5A,0xEB,0x5A,0x0C,0x5B,0xC7,0x31,0xC7,0x31,0xC7,0x31,0xC7,0x31,
    0xC7,0x31,0xC7,0x31,0xC7,0x31,0xC7,0x31,0xC7,0x31,0xC7,0x31,0xC7,0x31,0xEB,0x5A,
    0xB6,0xB5,0xDB,0xDE,0xDB,0xDE,0xF7,0xBD,0xF7,0xBD,0xB6,0xB5,0x8E,0x73,0x86,0x31,
    0x86,0x31,0x79,0xCE,0xFF,0xFF,0xFF,0xFF,0x75,0xAD,0x34,0xA5,0xD7,0xBD,0x30,0x84,
    0xC7,0x31,0xC7,0x31,0xC7,0x31,0xC7,0x31,0xC7,0x31,0xC7,0x31,0xC7,0x31,0xC7,0x31,
    0xC7,0x31,0xC7,0x31,0xC7,0x31,0xC7,0x31,0xC7,0x31,0xC7,0x31,0xC7,0x31,0xC7,0x31,
    0xC7,0x31,0xC7,0x31,0xC7,0x31,0xC7,0x31,0xC7,0x31,0xC7,0x31,0xC7,0x31,0xC7,0x31,
    0xC7,0x31,0xC7,0x31,0xC7,0x31,0xC7,0x31,0xC7,0x31,0xC7,0x31,0xC7,0x31,0xC7,0x31,
    0xC7,0x31,0xC7,0x31,0xC7,0x31,0xC7,0x31,0xC7,0x31,0xC7,0x31,0xC7,0x31,0xC7,0x31,
    0xC7,0x31,0xC7,0x31,0xC7,0x31,0xC7,0x31,0xC7,0x31,0xC7,0x31,0xC7,0x31,0xC7,0x31,
    0x10,0x84,0x75,0xAD,0xD7,0xBD,0xBA,0xD6,0x9A,0xD6,0x9A,0xD6,0x9A,0xD6,0xBA,0xD6,
    0x79,0xCE,0x59,0xCE,0x71,0x8C,0x24,0x21,0xC3,0x18,0xC7,0x39,0x71,0x8C,0x3C,0xE7,
    0x7D,0xEF,0x3C,0xE7,0x3C,0xE7,0x3C,0xE7,0x1C,0xE7,0x1C,0xE7,0x79,0xCE,0xDB,0xDE,
    0xDB,0xDE,0xBA,0xD6,0xBA,0xD6,0x9A,0xD6,0x9A,0xD6,0xBA,0xD6,0x79,0xCE,0x9A,0xD6,
    0xDB,0xDE,0x79,0xCE,0x79,0xCE,0xFB,0xDE,0x1C,0xE7,0xFB,0xDE,0xDB,0xDE,0xBA,0xD6,
    0x79,0xCE,0x38,0xC6,0xF7,0xBD,0x96,0xB5,0xD3,0x9C,0x8E,0x73,0x0C,0x63,0x2C,0x63,
    0xEB,0x5A,0x8A,0x4A,0xC7,0x31,0xC7,0x31,0xC7,0x31,0xC7,0x31,0xC7,0x31,0xC7,0x31,
    0x8A,0x4A,0x6A,0x4A,0x6D,0x6B,0x2C,0x63,0xC7,0x31,0xC7,0x31,0xF3,0x9C,0x79,0xCE,
    0x9A,0xD6,0x55,0xAD,0xD3,0x9C,0x14,0xA5,0x14,0xA5,0x6D,0x6B,0x65,0x29,0x65,0x29,
    0xF7,0xBD,0xFF,0xFF,0xDF,0xFF,0xBE,0xF7,0x55,0xAD,0x96,0xB5,0x75,0xAD,0x2C,0x63,
    0xC7,0x31,0xC7,0x31,0xC7,0x31,0xC7,0x31,0xC7,0x31,0xC7,0x31,0xC7,0x31,0xC7,0x31,
    0xC7,0x31,0xC7,0x31,0xC7,0x31,0xC7,0x31,0xC7,0x31,0xC7,0x31,0xC7,0x31,0xC7,0x31,
    0xC7,0x31,0xC7,0x31,0xC7,0x31,0xC7,0x31,0xC7,0x31,0xC7,0x31,0xC7,0x31,0xC7,0x31,
    0xC7,0x31,0xC7,0x31,0xC7,0x31,0xC7,0x31,0xC7,0x31,0xC7,0x31,0xC7,0x31,0xC7,0x31,
    0xC7,0x31,0xC7,0x31,0xC7,0x31,0xC7,0x31,0xC7,0x31,0xC7,0x31,0xC7,0x31,0xC7,0x31,
    0xC7,0x31,0xC7,0x31,0xC7,0x31,0xC7,0x31,0xC7,0x31,0xC7,0x31,0xC7,0x31,0x29,0x42,
    0xB2,0x94,0x34,0xA5,0x14,0xA5,0x96,0xB5,0x9A,0xD6,0xBA,0xD6,0xBA,0xD6,0xBA,0xD6,
    0xDB,0xDE,0xDB,0xDE,0x3C,0xE7,0x38,0xC6,0x71,0x8C,0x79,0xCE,0x9E,0xF7,0x3C,0xE7,
    0x3C,0xE7,0x3C,0xE7,0x1C,0xE7,0x3C,0xE7,0x3C,0xE7,0x3C,0xE7,0x3C,0xE7,0xFB,0xDE,
    0xDB,0xDE,0xDB,0xDE,0xBA,0xD6,0xBA,0xD6,0x9A,0xD6,0x9A,0xD6,0x9A,0xD6,0x79,0xCE,
    0x59,0xCE,0x79,0xCE,0xBA,0xD6,0x1C,0xE7,0x1C,0xE7,0x1C,0xE7,0xDB,0xDE,0x9A,0xD6,
    0x79,0xCE,0x18,0xC6,0xD7,0xBD,0xF3,0x9C,0x8E,0x73,0xEB,0x5A,0x0C,0x5B,0xCB,0x5A,
    0xC7,0x31,0xC7,0x31,0xC7,0x31,0x69,0x4A,0x8A,0x52,0x8A,0x52,0x8A,0x52,0x6D,0x6B,
    0xE7,0x39,0x82,0x10,0x45,0x29,0xEB,0x5A,0xB2,0x94,0xB6,0xB5,0x18,0xC6,0xB2,0x94,
    0xEF,0x7B,0xEF,0x7B,0x51,0x8C,0x92,0x94,0x2C,0x63,0x86,0x31,0x65,0x29,0x55,0xAD,
    0x9E,0xF7,0x5D,0xEF,0xFF,0xFF,0x79,0xCE,0x34,0xA5,0x96,0xB5,0xAE,0x73,0x28,0x3A,
    0xC7,0x31,0xC7,0x31,0xC7,0x31,0xC7,0x31,0xC7,0x31,0xC7,0x31,0xC7,0x31,0xC7,0x31,
    0xC7,0x31,0xC7,0x31,0xC7,0x31,0xC7,0x31,0xC7,0x31,0xC7,0x31,0xC7,0x31,0xC7,0x31,
    0xC7,0x31,0xC7,0x31,0xC7,0x31,0xC7,0x31,0xC7,0x31,0xC7,0x31,0xC7,0x31,0xC7,0x31,
    0xC7,0x31,0xC7,0x31,0xC7,0x31,0xC7,0x31,0xC7,0x31,0xC7,0x31,0xC7,0x31,0xC7,0x31,
    0xC7,0x31,0xC7,0x31,0xC7,0x31,0xC7,0x31,0xC7,0x31,0xC7,0x31,0xC7,0x31,0xC7,0x31,
    0xC7,0x31,0xC7,0x31,0xC7,0x31,0xC7,0x31,0xC7,0x31,0xC7,0x31,0xC7,0x31,0x2C,0x63,
    0x34,0xA5,0xF3,0x9C,0x14,0xA5,0x14,0xA5,0x75,0xAD,0x59,0xCE,0xDB,0xDE,0xBA,0xD6,
    0xDB,0xDE,0xFB,0xDE,0xDB,0xDE,0x1C,0xE7,0x7D,0xEF,0x3C,0xE7,0x3C,0xE7,0x3C,0xE7,
    0x3C,0xE7,0x3C,0xE7,0x3C,0xE7,0x3C,0xE7,0x3C,0xE7,0x3C,0xE7,0x1C,0xE7,0x1C,0xE7,
    0xFB,0xDE,0xDB,0xDE,0xDB,0xDE,0xBA,0xD6,0xBA,0xD6,0x9A,0xD6,0x9A,0xD6,0x79,0xCE,
    0x79,0xCE,0x79,0xCE,0x79,0xCE,0x79,0xCE,0xDB,0xDE,0xFB,0xDE,0xBA,0xD6,0x9A,0xD6,
    0x59,0xCE,0x18,0xC6,0x14,0xA5,0x6D,0x6B,0xCB,0x5A,0xD3,0x9C,0x59,0xCE,0x59,0xCE,
    0x79,0xCE,0x38,0xC6,0x18,0xC6,0x38,0xC6,0x38,0xC6,0xF7,0xBD,0x96,0xB5,0x4D,0x6B,
    0x65,0x29,0xA2,0x10,0x41,0x08,0x41,0x08,0xEF,0x7B,0xAE,0x73,0x49,0x4A,0x8A,0x52,
    0x4D,0x6B,0xEF,0x7B,0x51,0x8C,0x0C,0x63,0x65,0x29,0x45,0x29,0xF3,0x9C,0xFB,0xDE,
    0xFB,0xDE,0x9E,0xF7,0x1C,0xE7,0x34,0xA5,0xB6,0xB5,0x30,0x84,0xAB,0x52,0xC7,0x31,
    0xC7,0x31,0xC7,0x31,0xC7,0x31,0xC7,0x31,0xC7,0x31,0xC7,0x31,0xC7,0x31,0xC7,0x31,
    0xC7,0x31,0xC7,0x31,0xC7,0x31,0xC7,0x31,0xC7,0x31,0xC7,0x31,0xC7,0x31,0xC7,0x31,
    0xC7,0x31,0xC7,0x31,0xC7,0x31,0xC7,0x31,0xC7,0x31,0xC7,0x31,0xC7,0x31,0xC7,0x31,
    0xC7,0x31,0xC7,0x31,0xC7,0x31,0xC7,0x31,0xC7,0x31,0xC7,0x31,0xC7,0x31,0xC7,0x31,
    0xC7,0x31,0xC7,0x31,0xC7,0x31,0xC7,0x31,0xC7,0x31,0xC7,0x31,0xC7,0x31,0xC7,0x31,
    0xC7,0x31,0xC7,0x31,0xC7,0x31,0xC7,0x31,0xC7,0x31,0xCB,0x52,0x6D,0x6B,0xD3,0x9C,
    0x14,0xA5,0xF3,0x9C,0xF3,0x9C,0x34,0xA5,0x14,0xA5,0x34,0xA5,0x18,0xC6,0xDB,0xDE,
    0xDB,0xDE,0xDB,0xDE,0xFB,0xDE,0x1C,0xE7,0x1C,0xE7,0x3C,0xE7,0x3C,0xE7,0x3C,0xE7,
    0x59,0xCE,0x3C,0xE7,0x5D,0xEF,0x3C,0xE7,0x5D,0xEF,0x3C,0xE7,0x3C,0xE7,0x1C,0xE7,
    0xFB,0xDE,0xFB,0xDE,0xDB,0xDE,0xDB,0xDE,0xBA,0xD6,0x9A,0xD6,0x9A,0xD6,0x79,0xCE,
    0xBA,0xD6,0xDB,0xDE,0xBA,0xD6,0xBA,0xD6,0x38,0xC6,0x59,0xCE,0xBA,0xD6,0x9A,0xD6,
    0x59,0xCE,0x96,0xB5,0xCF,0x7B,0x2C,0x63,0xF3,0x9C,0x3C,0xE7,0x1C,0xE7,0xBA,0xD6,
    0x59,0xCE,0xF7,0xBD,0x96,0xB5,0x14,0xA5,0x10,0x84,0x4D,0x6B,0xAA,0x52,0x86,0x31,
    0x8E,0x73,0xEB,0x5A,0x65,0x29,0x04,0x21,0x82,0x10,0x65,0x29,0x4D,0x6B,0x30,0x84,
    0xF3,0x9C,0x34,0xA5,0x6D,0x6B,0x86,0x31,0x45,0x29,0x14,0xA5,0xFB,0xDE,0xDB,0xDE,
    0x5D,0xEF,0x3C,0xE7,0x55,0xAD,0x96,0xB5,0x30,0x84,0xEB,0x5A,0xEB,0x5A,0xC7,0x31,
    0xC7,0x31,0xC7,0x31,0xC7,0x31,0xC7,0x31,0xC7,0x31,0xC7,0x31,0xC7,0x31,0xC7,0x31,
    0xC7,0x31,0xC7,0x31,0xC7,0x31,0xC7,0x31,0xC7,0x31,0xC7,0x31,0xC7,0x31,0xC7,0x31,
    0xC7,0x31,0xC7,0x31,0xC7,0x31,0xC7,0x31,0xC7,0x31,0xC7,0x31,0xC7,0x31,0xC7,0x31,
    0xC7,0x31,0xC7,0x31,0xC7,0x31,0xC7,0x31,0xC7,0x31,0xC7,0x31,0xC7,0x31,0xC7,0x31,
    0xC7,0x31,0xC7,0x31,0xC7,0x31,0xC7,0x31,0xC7,0x31,0xC7,0x31,0xC7,0x31,0xC7,0x31,
    0xC7,0x31,0xAB,0x52,0xCF,0x73,0x92,0x8C,0x34,0xA5,0x96,0xB5,0xD7,0xBD,0xD7,0xBD,
    0x14,0xA5,0xD3,0x9C,0xF3,0x9C,0x14,0xA5,0x34,0xA5,0x34,0xA5,0x14,0xA5,0x96,0xB5,
    0x9A,0xD6,0xFB,0xDE,0xFB,0xDE,0xFB,0xDE,0x1C,0xE7,0x3C,0xE7,0x3C,0xE7,0x5D,0xEF,
    0x1C,0xE7,0x3C,0xE7,0x5D,0xEF,0x5D,0xEF,0x5D,0xEF,0x3C,0xE7,0x3C,0xE7,0x3C,0xE7,
    0x1C,0xE7,0x1C,0xE7,0xFB,0xDE,0xFB,0xDE,0xDB,0xDE,0xBA,0xD6,0xFB,0xDE,0xFB,0xDE,
    0x96,0xB5,0x2C,0x63,0xE7,0x39,0xD3,0x9C,0xBA,0xD6,0x38,0xC6,0xF7,0xBD,0x59,0xCE,
    0x18,0xC6,0x51,0x8C,0x8E,0x73,0xB2,0x94,0x34,0xA5,0x14,0xA5,0x34,0xA5,0x14,0xA5,
    0xD3,0x9C,0x30,0x84,0x8E,0x73,0xCB,0x5A,0xC7,0x39,0x65,0x29,0x65,0x29,0xA6,0x31,
    0x30,0x84,0x30,0x84,0x49,0x4A,0xA6,0x31,0x45,0x29,0xAE,0x73,0x9A,0xD6,0x3C,0xE7,
    0xFB,0xDE,0x51,0x8C,0xA6,0x31,0x65,0x29,0x96,0xB5,0xBE,0xF7,0x5D,0xEF,0x9E,0xF7,
    0x3C,0xE7,0x96,0xB5,0x75,0xAD,0x10,0x84,0x69,0x4A,0x8A,0x52,0x0C,0x63,0xC7,0x31,
    0xC7,0x31,0xC7,0x31,0xC7,0x31,0xC7,0x31,0xC7,0x31,0xC7,0x31,0xC7,0x31,0xC7,0x31,
    0xC7,0x31,0xC7,0x31,0xC7,0x31,0xC7,0x31,0xC7,0x31,0xC7,0x31,0xC7,0x31,0xC7,0x31,
    0xC7,0x31,0xC7,0x31,0xC7,0x31,0xC7,0x31,0xC7,0x31,0xC7,0x31,0xC7,0x31,0xC7,0x31,
    0xC7,0x31,0xC7,0x31,0xC7,0x31,0xC7,0x31,0xC7,0x31,0xC7,0x31,0xC7,0x31,0xC7,0x31,
    0xC7,0x31,0xC7,0x31,0xC7,0x31,0xC7,0x31,0xC7,0x31,0xE8,0x31,0x8E,0x73,0x51,0x8C,
    0x14,0xA5,0x96,0xB5,0xF7,0xBD,0x18,0xC6,0xF7,0xBD,0xD7,0xBD,0xD7,0xBD,0xD7,0xBD,
    0x96,0xB5,0xF3,0x9C,0xD3,0x9C,0xF3,0x9C,0x14,0xA5,0x34,0xA5,0x34,0xA5,0x34,0xA5,
    0x55,0xAD,0x38,0xC6,0xFB,0xDE,0x1C,0xE7,0x1C,0xE7,0x3C,0xE7,0x5D,0xEF,0x5D,0xEF,
    0x5D,0xEF,0x5D,0xEF,0x5D,0xEF,0x5D,0xEF,0x3C,0xE7,0x3C,0xE7,0x5D,0xEF,0x3C,0xE7,
    0x3C,0xE7,0x3C,0xE7,0x1C,0xE7,0xFB,0xDE,0x3C,0xE7,0x1C,0xE7,0x55,0xAD,0x69,0x4A,
    0x41,0x08,0x00,0x00,0x00,0x00,0xC7,0x39,0xEF,0x7B,0x38,0xC6,0x79,0xCE,0xB6,0xB5,
    0x34,0xA5,0x2C,0x63,0x49,0x4A,0xEF,0x7B,0x71,0x8C,0x30,0x84,0xAE,0x73,0x6D,0x6B,
    0x2C,0x63,0xCB,0x5A,0x28,0x42,0xC7,0x39,0x86,0x31,0x45,0x29,0xE3,0x18,0xA2,0x10,
    0x49,0x4A,0x2C,0x63,0x49,0x4A,0xA6,0x31,0x4D,0x6B,0x6D,0x6B,0xD7,0xBD,0xFF,0xFF,
    0xD3,0x9C,0xC7,0x39,0x65,0x29,0xF7,0xBD,0xFF,0xFF,0xFF,0xFF,0xFF,0xFF,0x1C,0xE7,
    0xD7,0xBD,0x75,0xAD,0xAE,0x73,0x69,0x4A,0xC7,0x39,0x69,0x4A,0x6D,0x6B,0xC7,0x31,
    0xC7,0x31,0xC7,0x31,0xC7,0x31,0xC7,0x31,0xC7,0x31,0xC7,0x31,0xC7,0x31,0xC7,0x31,
    0xC7,0x31,0xC7,0x31,0xC7,0x31,0xC7,0x31,0xC7,0x31,0xC7,0x31,0xC7,0x31,0xC7,0x31,
    0xC7,0x31,0xC7,0x31,0xC7,0x31,0xC7,0x31,0xC7,0x31,0xC7,0x31,0xC7,0x31,0xC7,0x31,
    0xC7,0x31,0xC7,0x31,0xC7,0x31,0xC7,0x31,0xC7,0x31,0xC7,0x31,0xC7,0x31,0xC7,0x31,
    0xC7,0x31,0xC7,0x31,0xC7,0x31,0x4D,0x63,0x92,0x8C,0x96,0xAD,0xF7,0xBD,0x38,0xC6,
    0x18,0xC6,0xD7,0xBD,0x96,0xB5,0x96,0xB5,0x96,0xB5,0x96,0xB5,0x96,0xB5,0xB6,0xB5,
    0xB6,0xB5,0x14,0xA5,0x92,0x94,0xD3,0x9C,0xF3,0x9C,0x14,0xA5,0x34,0xA5,0x34,0xA5,
    0x34,0xA5,0x34,0xA5,0xB6,0xB5,0xDB,0xDE,0x5D,0xEF,0x5D,0xEF,0x5D,0xEF,0x5D,0xEF,
    0x5D,0xEF,0x5D,0xEF,0x5D,0xEF,0x5D,0xEF,0x5D,0xEF,0x5D,0xEF,0x5D,0xEF,0x5D,0xEF,
    0x3C,0xE7,0x3C,0xE7,0x5D,0xEF,0x7D,0xEF,0x96,0xB5,0x49,0x4A,0x00,0x00,0x00,0x00,
    0x00,0x00,0x41,0x08,0x20,0x00,0xC3,0x18,0x28,0x42,0x2C,0x63,0x96,0xB5,0x9A,0xD6,
    0x75,0xAD,0xEF,0x7B,0xAA,0x52,0x86,0x31,0xE7,0x39,0x8A,0x52,0xCB,0x5A,0x8A,0x52,
    0x28,0x42,0xE7,0x39,0xC7,0x39,0xA6,0x31,0x65,0x29,0x04,0x21,0xE3,0x18,0xE3,0x18,
    0xE3,0x18,0x65,0x29,0xC7,0x39,0x8A,0x52,0xEB,0x5A,0x49,0x4A,0x08,0x42,0x0C,0x63,
    0xC7,0x39,0x65,0x29,0xF7,0xBD,0xFF,0xFF,0xFF,0xFF,0xDF,0xFF,0x9A,0xD6,0xD7,0xBD,
    0x14,0xA5,0x2C,0x63,0x49,0x4A,0xAA,0x52,0x69,0x4A,0xCB,0x52,0xAA,0x52,0xC7,0x31,
    0xC7,0x31,0xC7,0x31,0xC7,0x31,0xC7,0x31,0xC7,0x31,0xC7,0x31,0xC7,0x31,0xC7,0x31,
    0xC7,0x31,0xC7,0x31,0xC7,0x31,0xC7,0x31,0xC7,0x31,0xC7,0x31,0xC7,0x31,0xC7,0x31,
    0xC7,0x31,0xC7,0x31,0xC7,0x31,0xC7,0x31,0xC7,0x31,0xC7,0x31,0xC7,0x31,0xC7,0x31,
    0xC7,0x31,0xC7,0x31,0xC7,0x31,0xC7,0x31,0xC7,0x31,0xC7,0x31,0xC7,0x31,0xC7,0x31,
    0xC7,0x31,0xAE,0x73,0x55,0xAD,0xF7,0xBD,0x38,0xC6,0x18,0xC6,0xD7,0xBD,0xB6,0xB5,
    0x96,0xB5,0x75,0xAD,0x34,0xA5,0x34,0xA5,0x14,0xA5,0x14,0xA5,0x14,0xA5,0x14,0xA5,
    0x34,0xA5,0x14,0xA5,0x71,0x8C,0x71,0x8C,0xB2,0x94,0xF3,0x9C,0x14,0xA5,0x14,0xA5,
    0x34,0xA5,0x55,0xAD,0x34,0xA5,0x55,0xAD,0xBA,0xD6,0x9E,0xF7,0x7D,0xEF,0x5D,0xEF,
    0x5D,0xEF,0x7D,0xEF,0x7D,0xEF,0x7D,0xEF,0x7D,0xEF,0x7D,0xEF,0x5D,0xEF,0x5D,0xEF,
    0x5D,0xEF,0xBE,0xF7,0x79,0xCE,0xEB,0x5A,0x20,0x00,0x00,0x00,0x41,0x08,0xA2,0x10,
    0x24,0x21,0xE3,0x18,0x61,0x08,0x00,0x00,0x04,0x21,0x69,0x4A,0xAA,0x52,0xD3,0x9C,
    0x79,0xCE,0x75,0xAD,0xF7,0xBD,0x96,0xB5,0x4D,0x6B,0xE7,0x39,0xA6,0x31,0xA6,0x31,
    0xA6,0x31,0xA6,0x31,0x86,0x31,0x86,0x31,0x65,0x29,0x86,0x31,0x86,0x31,0xE7,0x39,
    0x8A,0x52,0xAA,0x52,0x69,0x4A,0x49,0x4A,0x49,0x4A,0x49,0x4A,0x86,0x31,0x24,0x21,
    0xC7,0x39,0xF7,0xBD,0xFF,0xFF,0xFF,0xFF,0x3C,0xE7,0x38,0xC6,0x96,0xB5,0x51,0x8C,
    0x8A,0x52,0x49,0x4A,0x8A,0x52,0xAA,0x52,0xC7,0x31,0xC7,0x31,0xC7,0x31,0xC7,0x31,
    0xC7,0x31,0xC7,0x31,0xC7,0x31,0xC7,0x31,0xC7,0x31,0xC7,0x31,0xC7,0x31,0xC7,0x31,
    0xC7,0x31,0xC7,0x31,0xC7,0x31,0xC7,0x31,0xC7,0x31,0xC7,0x31,0xC7,0x31,0xC7,0x31,
    0xC7,0x31,0xC7,0x31,0xC7,0x31,0xC7,0x31,0xC7,0x31,0xC7,0x31,0xC7,0x31,0xC7,0x31,
    0xC7,0x31,0xC7,0x31,0xC7,0x31,0xC7,0x31,0xC7,0x31,0xC7,0x31,0xC7,0x31,0xAE,0x73,
    0x55,0xAD,0x38,0xC6,0x59,0xCE,0xF7,0xBD,0xD7,0xBD,0xB6,0xB5,0x75,0xAD,0x34,0xA5,
    0xF3,0x9C,0x92,0x94,0x51,0x8C,0x10,0x84,0xEF,0x7B,0xEF,0x7B,0xEF,0x7B,0x10,0x84,
    0x51,0x8C,0x92,0x94,0x51,0x8C,0x10,0x84,0x51,0x8C,0xB2,0x94,0xF3,0x9C,0xF3,0x9C,
    0x14,0xA5,0x34,0xA5,0x55,0xAD,0x34,0xA5,0x34,0xA5,0x9A,0xD6,0x9E,0xF7,0x7D,0xEF,
    0x7D,0xEF,0x7D,0xEF,0x7D,0xEF,0x7D,0xEF,0x7D,0xEF,0x7D,0xEF,0x5D,0xEF,0xBE,0xF7,
    0x9E,0xF7,0xB2,0x94,0x24,0x21,0x00,0x00,0x20,0x00,0x82,0x10,0x04,0x21,0x86,0x31,
    0x28,0x42,0x08,0x42,0x24,0x21,0x82,0x10,0x41,0x08,0x45,0x29,0x28,0x42,0x8A,0x52,
    0x51,0x8C,0xD7,0xBD,0x71,0x8C,0xF3,0x9C,0xF3,0x9C,0x8E,0x73,0xAA,0x52,0x28,0x42,
    0xA6,0x31,0x45,0x29,0x24,0x21,0x65,0x29,0xE7,0x39,0x69,0x4A,0xAA,0x52,0x08,0x42,
    0x28,0x42,0x49,0x4A,0x86,0x31,0x69,0x4A,0x69,0x4A,0xEB,0x5A,0xC7,0x39,0x04,0x21,
    0x14,0xA5,0xFF,0xFF,0x7D,0xEF,0x9A,0xD6,0xB6,0xB5,0xD3,0x9C,0x2C,0x63,0x28,0x42,
    0x49,0x4A,0x8A,0x52,0xCB,0x52,0x08,0x3A,0xC7,0x31,0xC7,0x31,0xC7,0x31,0xC7,0x31,
    0xC7,0x31,0xC7,0x31,0xC7,0x31,0xC7,0x31,0xC7,0x31,0xC7,0x31,0xC7,0x31,0xC7,0x31,
    0xC7,0x31,0xC7,0x31,0xC7,0x31,0xC7,0x31,0xC7,0x31,0xC7,0x31,0xC7,0x31,0xC7,0x31,
    0xC7,0x31,0xC7,0x31,0xC7,0x31,0xC7,0x31,0xC7,0x31,0xC7,0x31,0xC7,0x31,0xC7,0x31,
    0xC7,0x31,0xC7,0x31,0xC7,0x31,0xC7,0x31,0xC7,0x31,0x0C,0x5B,0x14,0xA5,0x59,0xCE,
    0x79,0xCE,0xF7,0xBD,0xD7,0xBD,0x75,0xAD,0x34,0xA5,0xB2,0x94,0x51,0x8C,0xCF,0x7B,
    0x4D,0x6B,0x0C,0x63,0xEB,0x5A,0xAA,0x52,0xAA,0x52,0x8A,0x52,0x8A,0x52,0xAA,0x52,
    0xEB,0x5A,0x6D,0x6B,0xEF,0x7B,0x10,0x84,0x10,0x84,0x51,0x8C,0xB2,0x94,0xD3,0x9C,
    0xF3,0x9C,0x34,0xA5,0x55,0xAD,0x34,0xA5,0x34,0xA5,0x34,0xA5,0x59,0xCE,0x9E,0xF7,
    0x7D,0xEF,0x5D,0xEF,0x7D,0xEF,0x7D,0xEF,0x7D,0xEF,0x7D,0xEF,0xFF,0xFF,0xBA,0xD6,
    0x8A,0x52,0x00,0x00,0x20,0x00,0x82,0x10,0xC3,0x18,0x65,0x29,0x08,0x42,0x69,0x4A,
    0x8A,0x52,0xCB,0x5A,0xAA,0x52,0x86,0x31,0xC3,0x18,0xA2,0x10,0x45,0x29,0x08,0x42,
    0x69,0x4A,0x30,0x84,0x34,0xA5,0x8E,0x73,0x30,0x84,0x30,0x84,0xAE,0x73,0xAE,0x73,
    0x8E,0x73,0x2C,0x63,0x69,0x4A,0x65,0x29,0xE3,0x18,0x65,0x29,0xE7,0x39,0xE7,0x39,
    0xEF,0x7B,0xAA,0x52,0x8A,0x52,0x8A,0x52,0x86,0x31,0x28,0x42,0xA6,0x31,0x45,0x29,
    0x92,0x94,0xDB,0xDE,0xB6,0xB5,0xB2,0x94,0x6D,0x6B,0x49,0x4A,0x28,0x42,0x49,0x4A,
    0x8A,0x52,0x0C,0x63,0x49,0x42,0xC7,0x31,0xC7,0x31,0xC7,0x31,0xC7,0x31,0xC7,0x31,
    0xC7,0x31,0xC7,0x31,0xC7,0x31,0xC7,0x31,0xC7,0x31,0xC7,0x31,0xC7,0x31,0xC7,0x31,
    0xC7,0x31,0xC7,0x31,0xC7,0x31,0xC7,0x31,0xC7,0x31,0xC7,0x31,0xC7,0x31,0xC7,0x31,
    0xC7,0x31,0xC7,0x31,0xC7,0x31,0xC7,0x31,0xC7,0x31,0xC7,0x31,0xC7,0x31,0xC7,0x31,
    0xC7,0x31,0xC7,0x31,0xC7,0x31,0x08,0x3A,0xD3,0x9C,0x18,0xC6,0x79,0xCE,0x38,0xC6,
    0xF7,0xBD,0x75,0xAD,0xF3,0x9C,0x71,0x8C,0xAE,0x73,0x2C,0x63,0xCB,0x5A,0x8A,0x52,
    0xAA,0x52,0x8A,0x52,0x49,0x4A,0x69,0x4A,0xCB,0x5A,0x0C,0x63,0x2C,0x63,0xEB,0x5A,
    0x8A,0x52,0x28,0x42,0x8A,0x52,0xCF,0x7B,0x30,0x84,0x30,0x84,0x71,0x8C,0xB2,0x94,
    0xD3,0x9C,0xF3,0x9C,0x14,0xA5,0x14,0xA5,0x14,0xA5,0x55,0xAD,0x34,0xA5,0xF7,0xBD,
    0x7D,0xEF,0x9E,0xF7,0x7D,0xEF,0x7D,0xEF,0x7D,0xEF,0xFF,0xFF,0x75,0xAD,0xE3,0x18,
    0x00,0x00,0x61,0x08,0xC3,0x18,0x45,0x29,0xC7,0x39,0x49,0x4A,0xAA,0x52,0xCB,0x5A,
    0xEB,0x5A,0xEB,0x5A,0x0C,0x63,0x0C,0x63,0xE7,0x39,0xE3,0x18,0xA2,0x10,0x24,0x21,
    0xC7,0x39,0x49,0x4A,0x71,0x8C,0x51,0x8C,0x2C,0x63,0x92,0x94,0x92,0x94,0x71,0x8C,
    0x92,0x94,0xF3,0x9C,0x55,0xAD,0x75,0xAD,0xB2,0x94,0x2C,0x63,0xE7,0x39,0x08,0x42,
    0x8E,0x73,0x08,0x42,0xC7,0x39,0x86,0x31,0x45,0x29,0x65,0x29,0x0C,0x63,0xD3,0x9C,
    0x96,0xB5,0x92,0x94,0x4D,0x6B,0x49,0x4A,0x08,0x42,0x28,0x42,0x49,0x4A,0x8A,0x52,
    0xCB,0x5A,0x8A,0x4A,0xC7,0x31,0xC7,0x31,0xC7,0x31,0xC7,0x31,0xC7,0x31,0xC7,0x31,
    0xC7,0x31,0xC7,0x31,0xC7,0x31,0xC7,0x31,0xC7,0x31,0xC7,0x31,0xC7,0x31,0xC7,0x31,
    0xC7,0x31,0xC7,0x31,0xC7,0x31,0xC7,0x31,0xC7,0x31,0xC7,0x31,0xC7,0x31,0xC7,0x31,
    0xC7,0x31,0xC7,0x31,0xC7,0x31,0xC7,0x31,0xC7,0x31,0xC7,0x31,0xC7,0x31,0xC7,0x31,
    0xC7,0x31,0xC7,0x31,0xCF,0x7B,0x96,0xB5,0x9A,0xD6,0x59,0xCE,0x18,0xC6,0xB6,0xB5,
    0xF3,0x9C,0x30,0x84,0x8E,0x73,0xEB,0x5A,0xAA,0x52,0xAA,0x52,0x0C,0x63,0x10,0x84,
    0xAE,0x73,0x8E,0x73,0x55,0xAD,0x79,0xCE,0x3C,0xE7,0x9E,0xF7,0x9E,0xF7,0x7D,0xEF,
    0xFB,0xDE,0xF7,0xBD,0xAE,0x73,0xAA,0x52,0x51,0x8C,0x71,0x8C,0x92,0x94,0x92,0x94,
    0xB2,0x94,0xD3,0x9C,0xF3,0x9C,0xF3,0x9C,0xD3,0x9C,0x34,0xA5,0x55,0xAD,0x34,0xA5,
    0xB6,0xB5,0x3C,0xE7,0x9E,0xF7,0x7D,0xEF,0x7D,0xEF,0x30,0x84,0x20,0x00,0x00,0x00,
    0xA2,0x10,0x24,0x21,0xA6,0x31,0x28,0x42,0x8A,0x52,0xCB,0x5A,0xEB,0x5A,0xEB,0x5A,
    0xEB,0x5A,0x0C,0x63,0x0C,0x63,0x0C,0x63,0x2C,0x63,0x8A,0x52,0x45,0x29,0xA2,0x10,
    0xE3,0x18,0x86,0x31,0xAA,0x52,0xB2,0x94,0x4D,0x6B,0x8E,0x73,0x34,0xA5,0x14,0xA5,
    0x75,0xAD,0xB6,0xB5,0x38,0xC6,0xDB,0xDE,0xDF,0xFF,0xFF,0xFF,0xDB,0xDE,0xEF,0x7B,
    0x8A,0x52,0x86,0x31,0x49,0x4A,0xAE,0x73,0x51,0x8C,0x55,0xAD,0xB6,0xB5,0xD3,0x9C,
    0x2C,0x63,0x08,0x42,0xE7,0x39,0x28,0x42,0x28,0x42,0x49,0x4A,0x8A,0x52,0x6A,0x4A,
    0xC7,0x31,0xC7,0x31,0xC7,0x31,0xC7,0x31,0xC7,0x31,0xC7,0x31,0xC7,0x31,0xC7,0x31,
    0xC7,0x31,0xC7,0x31,0xC7,0x31,0xC7,0x31,0xC7,0x31,0xC7,0x31,0xC7,0x31,0xC7,0x31,
    0xC7,0x31,0xC7,0x31,0xC7,0x31,0xC7,0x31,0xC7,0x31,0xC7,0x31,0xC7,0x31,0xC7,0x31,
    0xC7,0x31,0xC7,0x31,0xC7,0x31,0xC7,0x31,0xC7,0x31,0xC7,0x31,0xC7,0x31,0xC7,0x31,
    0x49,0x42,0x14,0x9D,0x59,0xCE,0x79,0xCE,0x38,0xC6,0xF7,0xBD,0x55,0xAD,0x92,0x94,
    0x8E,0x73,0xEB,0x5A,0xAA,0x52,0xCB,0x5A,0x0C,0x63,0x0C,0x63,0x0C,0x63,0xF4,0x9C,
    0xEF,0x7B,0x3C,0xE7,0xFF,0xFF,0xFF,0xFF,0xFF,0xFF,0xFF,0xFF,0xFF,0xFF,0xFF,0xFF,
    0xFF,0xFF,0xFF,0xFF,0x9E,0xF7,0x2C,0x63,0x10,0x84,0x14,0xA5,0x14,0xA5,0x14,0xA5,
    0xD3,0x9C,0xB2,0x94,0xD3,0x9C,0xD3,0x9C,0xB2,0x94,0xF3,0x9C,0x14,0xA5,0x34,0xA5,
    0x55,0xAD,0x96,0xB5,0xFB,0xDE,0xDF,0xFF,0x9A,0xD6,0x61,0x08,0x82,0x10,0x45,0x29,
    0xC7,0x39,0x28,0x42,0x69,0x4A,0xCB,0x5A,0xEB,0x5A,0xEB,0x5A,0x0C,0x63,0x0C,0x63,
    0x2C,0x63,0x2C,0x63,0x2C,0x63,0x2C,0x63,0x4D,0x6B,0x6D,0x6B,0xAA,0x52,0xA6,0x31,
    0x65,0x29,0x24,0x21,0x65,0x29,0xAE,0x73,0x51,0x8C,0xAA,0x52,0xF3,0x9C,0x38,0xC6,
    0x59,0xCE,0xBA,0xD6,0x3C,0xE7,0xDF,0xFF,0xFF,0xFF,0xFF,0xFF,0xFF,0xFF,0xF7,0xBD,
    0x92,0x94,0xF3,0x9C,0xB6,0xB5,0xB6,0xB5,0xF3,0x9C,0xAE,0x73,0xAA,0x52,0x08,0x42,
    0xE7,0x39,0x08,0x42,0x08,0x42,0x28,0x42,0x69,0x4A,0xAA,0x52,0xAA,0x52,0xC7,0x31,
    0xC7,0x31,0xC7,0x31,0xC7,0x31,0xC7,0x31,0xC7,0x31,0xC7,0x31,0xC7,0x31,0xC7,0x31,
    0xC7,0x31,0xC7,0x31,0xC7,0x31,0xC7,0x31,0xC7,0x31,0xC7,0x31,0xC7,0x31,0xC7,0x31,
    0xC7,0x31,0xC7,0x31,0xC7,0x31,0xC7,0x31,0xC7,0x31,0xC7,0x31,0xC7,0x31,0xC7,0x31,
    0xC7,0x31,0xC7,0x31,0xC7,0x31,0xC7,0x31,0xC7,0x31,0xC7,0x31,0xC7,0x31,0x8E,0x6B,
    0xB6,0xB5,0x9A,0xD6,0x38,0xC6,0x18,0xC6,0xB6,0xB5,0xF3,0x9C,0xEF,0x7B,0xEB,0x5A,
    0x8A,0x52,0xCB,0x5A,0x0C,0x63,0x2C,0x63,0x0C,0x5B,0x8A,0x4A,0xC7,0x31,0x92,0x94,
    0xEF,0x7B,0x1C,0xE7,0xFF,0xFF,0xFF,0xFF,0xDF,0xFF,0xDF,0xFF,0xFF,0xFF,0xFF,0xFF,
    0xFF,0xFF,0xFF,0xFF,0xFF,0xFF,0x59,0xCE,0x51,0x8C,0x75,0xAD,0x96,0xB5,0xB6,0xB5,
    0x96,0xB5,0xD3,0x9C,0x92,0x94,0xB2,0x94,0x92,0x94,0xB2,0x94,0xD3,0x9C,0x14,0xA5,
    0x55,0xAD,0x55,0xAD,0x75,0xAD,0xBA,0xD6,0xDF,0xFF,0x34,0xA5,0xE3,0x18,0x65,0x29,
    0x28,0x42,0xEB,0x5A,0x0C,0x63,0xEB,0x5A,0x0C,0x63,0x0C,0x63,0x0C,0x63,0x2C,0x63,
    0x2C,0x63,0x4D,0x6B,0x4D,0x6B,0x6D,0x6B,0x4D,0x6B,0x69,0x4A,0x08,0x42,0x49,0x4A,
    0x49,0x4A,0x08,0x42,0x04,0x21,0xE7,0x39,0x92,0x94,0x4D,0x6B,0xAE,0x73,0xB6,0xB5,
    0xF7,0xBD,0x59,0xCE,0xBA,0xD6,0xDB,0xDE,0xBA,0xD6,0x79,0xCE,0x18,0xC6,0xB6,0xB5,
    0x14,0xA5,0x51,0x8C,0x2C,0x63,0x69,0x4A,0xE7,0x39,0xC7,0x39,0xE7,0x39,0x08,0x42,
    0x08,0x42,0x08,0x42,0x49,0x4A,0x8A,0x52,0x8A,0x4A,0xC7,0x31,0xC7,0x31,0xC7,0x31,
    0xC7,0x31,0xC7,0x31,0xC7,0x31,0xC7,0x31,0xC7,0x31,0xC7,0x31,0xC7,0x31,0xC7,0x31,
    0xC7,0x31,0xC7,0x31,0xC7,0x31,0xC7,0x31,0xC7,0x31,0xC7,0x31,0xC7,0x31,0xC7,0x31,
    0xC7,0x31,0xC7,0x31,0xC7,0x31,0xC7,0x31,0xC7,0x31,0xC7,0x31,0xC7,0x31,0xC7,0x31,
    0xC7,0x31,0xC7,0x31,0xC7,0x31,0xC7,0x31,0xC7,0x31,0xC7,0x31,0x10,0x7C,0x38,0xC6,
    0x59,0xCE,0x38,0xC6,0x18,0xC6,0x96,0xB5,0xB2,0x94,0x6D,0x6B,0xAA,0x52,0xAA,0x52,
    0x2C,0x63,0x0C,0x63,0x0C,0x5B,0x6A,0x4A,0xC7,0x31,0xC7,0x31,0xC7,0x31,0x14,0xA5,
    0x10,0x84,0x3C,0xE7,0xBE,0xF7,0x3C,0xE7,0x1C,0xE7,0x5D,0xEF,0xBE,0xF7,0xDF,0xFF,
    0xFF,0xFF,0xFF,0xFF,0xFF,0xFF,0xFF,0xFF,0xB6,0xB5,0x96,0xB5,0xF7,0xBD,0x38,0xC6,
    0x38,0xC6,0xB6,0xB5,0xD3,0x9C,0x92,0x94,0x51,0x8C,0x92,0x94,0xB2,0x94,0xD3,0x9C,
    0x14,0xA5,0x55,0xAD,0x55,0xAD,0x55,0xAD,0x59,0xCE,0xFF,0xFF,0xB6,0xB5,0x45,0x29,
    0x45,0x29,0x08,0x42,0x0C,0x63,0x2C,0x63,0x2C,0x63,0x2C,0x63,0x2C,0x63,0x2C,0x63,
    0x4D,0x6B,0x6D,0x6B,0x8E,0x73,0xCB,0x5A,0xA6,0x31,0x86,0x31,0xE7,0x39,0x08,0x42,
    0x08,0x42,0x28,0x42,0x65,0x29,0x82,0x10,0x2C,0x63,0x51,0x8C,0x2C,0x63,0x92,0x94,
    0x55,0xAD,0x34,0xA5,0xF3,0x9C,0x92,0x94,0xEF,0x7B,0x4D,0x6B,0xAA,0x52,0x28,0x42,
    0xE7,0x39,0xC7,0x39,0xC7,0x39,0xE7,0x39,0xE7,0x39,0xE7,0x39,0xE7,0x39,0xC7,0x39,
    0xE7,0x39,0x69,0x4A,0x6A,0x4A,0xE8,0x39,0xC7,0x31,0xC7,0x31,0xC7,0x31,0xC7,0x31,
    0xC7,0x31,0xC7,0x31,0xC7,0x31,0xC7,0x31,0xC7,0x31,0xC7,0x31,0xC7,0x31,0xC7,0x31,
    0xC7,0x31,0xC7,0x31,0xC7,0x31,0xC7,0x31,0xC7,0x31,0xC7,0x31,0xC7,0x31,0xC7,0x31,
    0xC7,0x31,0xC7,0x31,0xC7,0x31,0xC7,0x31,0xC7,0x31,0xC7,0x31,0xC7,0x31,0xC7,0x31,
    0xC7,0x31,0xC7,0x31,0xC7,0x31,0xC7,0x31,0xC7,0x31,0xB2,0x94,0x38,0xC6,0x38,0xC6,
    0x18,0xC6,0x18,0xC6,0x75,0xAD,0x92,0x94,0x2C,0x63,0x8A,0x52,0xEB,0x5A,0x0C,0x63,
    0xEC,0x5A,0x8A,0x4A,0xC7,0x31,0xC7,0x31,0xC7,0x31,0xC7,0x31,0xC7,0x31,0x75,0xAD,
    0x10,0x84,0x79,0xCE,0x79,0xCE,0x18,0xC6,0x38,0xC6,0x9A,0xD6,0x1C,0xE7,0x9E,0xF7,
    0xDF,0xFF,0xFF,0xFF,0xFF,0xFF,0x9E,0xF7,0x96,0xB5,0xF7,0xBD,0x38,0xC6,0x79,0xCE,
    0x79,0xCE,0x38,0xC6,0x96,0xB5,0xB2,0x94,0x51,0x8C,0x71,0x8C,0x92,0x94,0xB2,0x94,
    0xD3,0x9C,0x14,0xA5,0x55,0xAD,0x75,0xAD,0x55,0xAD,0xF7,0xBD,0xBE,0xF7,0xD7,0xBD,
    0x45,0x29,0x24,0x21,0xE7,0x39,0xEB,0x5A,0x6D,0x6B,0x4D,0x6B,0x4D,0x6B,0x6D,0x6B,
    0xAE,0x73,0x2C,0x63,0xE7,0x39,0x65,0x29,0x49,0x4A,0x69,0x4A,0xC7,0x39,0x86,0x31,
    0x86,0x31,0x86,0x31,0x65,0x29,0x61,0x08,0x45,0x29,0x71,0x8C,0xCF,0x7B,0xAE,0x73,
    0xCB,0x5A,0x69,0x4A,0xE7,0x39,0xA6,0x31,0x65,0x29,0x65,0x29,0x65,0x29,0x86,0x31,
    0xA6,0x31,0xA6,0x31,0xC7,0x39,0xC7,0x39,0xC7,0x39,0xC7,0x39,0xC7,0x39,0x08,0x42,
    0xCB,0x5A,0x2C,0x63,0xC7,0x31,0xC7,0x31,0xC7,0x31,0xC7,0x31,0xC7,0x31,0xC7,0x31,
    0xC7,0x31,0xC7,0x31,0xC7,0x31,0xC7,0x31,0xC7,0x31,0xC7,0x31,0xC7,0x31,0xC7,0x31,
    0xC7,0x31,0xC7,0x31,0xC7,0x31,0xC7,0x31,0xC7,0x31,0xC7,0x31,0xC7,0x31,0xC7,0x31,
    0xC7,0x31,0xC7,0x31,0xC7,0x31,0xC7,0x31,0xC7,0x31,0xC7,0x31,0xC7,0x31,0xC7,0x31,
    0xC7,0x31,0xC7,0x31,0xC7,0x31,0xC7,0x31,0x71,0x8C,0x59,0xCE,0x18,0xC6,0x18,0xC6,
    0xF7,0xBD,0x55,0xAD,0x51,0x8C,0xEB,0x5A,0xAA,0x52,0x0C,0x63,0xEB,0x5A,0x6A,0x4A,
    0xC7,0x31,0xC7,0x31,0xC7,0x31,0xC7,0x31,0xC7,0x31,0xC7,0x31,0xE8,0x39,0x55,0xAD,
    0x6D,0x6B,0x14,0xA5,0xF3,0x9C,0x92,0x94,0xD3,0x9C,0x34,0xA5,0x18,0xC6,0xDB,0xDE,
    0x9E,0xF7,0xDF,0xFF,0xFF,0xFF,0xFB,0xDE,0xB6,0xB5,0x59,0xCE,0x9A,0xD6,0xBA,0xD6,
    0xBA,0xD6,0x79,0xCE,0xF7,0xBD,0x55,0xAD,0x71,0x8C,0x51,0x8C,0x51,0x8C,0x71,0x8C,
    0x71,0x8C,0x71,0x8C,0xB2,0x94,0x34,0xA5,0x75,0xAD,0x55,0xAD,0x96,0xB5,0x7D,0xEF,
    0xD7,0xBD,0x24,0x21,0x24,0x21,0xC7,0x39,0x8A,0x52,0x6D,0x6B,0x8E,0x73,0x4D,0x6B,
    0x69,0x4A,0x45,0x29,0x28,0x42,0x30,0x84,0xEF,0x7B,0xAA,0x52,0xE7,0x39,0xA6,0x31,
    0xA6,0x31,0xC7,0x39,0x08,0x42,0x45,0x29,0x20,0x00,0x4D,0x6B,0x71,0x8C,0x6D,0x6B,
    0x45,0x29,0x24,0x21,0x45,0x29,0x45,0x29,0x45,0x29,0x45,0x29,0x45,0x29,0x65,0x29,
    0x86,0x31,0xC7,0x39,0xA6,0x31,0xA6,0x31,0xA6,0x31,0xC7,0x39,0x08,0x42,0x69,0x4A,
    0xCB,0x5A,0x0C,0x63,0xC7,0x31,0xC7,0x31,0xC7,0x31,0xC7,0x31,0xC7,0x31,0xC7,0x31,
    0xC7,0x31,0xC7,0x31,0xC7,0x31,0xC7,0x31,0xC7,0x31,0xC7,0x31,0xC7,0x31,0xC7,0x31,
    0xC7,0x31,0xC7,0x31,0xC7,0x31,0xC7,0x31,0xC7,0x31,0xC7,0x31,0xC7,0x31,0xC7,0x31,
    0xC7,0x31,0xC7,0x31,0xC7,0x31,0xC7,0x31,0xC7,0x31,0xC7,0x31,0xC7,0x31,0xC7,0x31,
    0xC7,0x31,0xC7,0x31,0xC7,0x31,0x71,0x8C,0x59,0xCE,0x18,0xC6,0xF7,0xBD,0xD7,0xBD,
    0x55,0xAD,0x30,0x84,0xCB,0x5A,0xCB,0x5A,0x0C,0x63,0xCB,0x52,0xC7,0x31,0xC7,0x31,
    0xC7,0x31,0xC7,0x31,0xC7,0x31,0xC7,0x31,0xEB,0x5A,0xF0,0x7B,0x96,0xB5,0x30,0x84,
    0x69,0x4A,0x0C,0x63,0xCB,0x5A,0xAA,0x52,0xEB,0x5A,0xAE,0x73,0xF3,0x9C,0x18,0xC6,
    0xFB,0xDE,0xBE,0xF7,0xBE,0xF7,0x18,0xC6,0x59,0xCE,0xBA,0xD6,0xFB,0xDE,0xFB,0xDE,
    0xDB,0xDE,0x79,0xCE,0x18,0xC6,0xB6,0xB5,0xF3,0x9C,0x51,0x8C,0x30,0x84,0x30,0x84,
    0x30,0x84,0x10,0x84,0x10,0x84,0x51,0x8C,0xF3,0x9C,0x75,0xAD,0x34,0xA5,0x55,0xAD,
    0x3C,0xE7,0x75,0xAD,0x04,0x21,0x45,0x29,0x86,0x31,0x49,0x4A,0xEB,0x5A,0xC7,0x39,
    0x24,0x21,0x49,0x4A,0xD3,0x9C,0x51,0x8C,0x08,0x42,0x65,0x29,0x49,0x4A,0xEB,0x5A,
    0x0C,0x63,0x8A,0x52,0x65,0x29,0xE7,0x39,0x04,0x21,0xA6,0x31,0x92,0x94,0x10,0x84,
    0x08,0x42,0x24,0x21,0x86,0x31,0x86,0x31,0xA6,0x31,0xC7,0x39,0xE7,0x39,0x28,0x42,
    0x29,0x42,0x69,0x4A,0x28,0x42,0x86,0x31,0x86,0x31,0xC7,0x39,0xE7,0x39,0x28,0x42,
    0xAA,0x52,0xEB,0x5A,0xC7,0x31,0xC7,0x31,0xC7,0x31,0xC7,0x31,0xC7,0x31,0xC7,0x31,
    0xC7,0x31,0xC7,0x31,0xC7,0x31,0xC7,0x31,0xC7,0x31,0xC7,0x31,0xC7,0x31,0xC7,0x31,
    0xC7,0x31,0xC7,0x31,0xC7,0x31,0xC7,0x31,0xC7,0x31,0xC7,0x31,0xC7,0x31,0xC7,0x31,
    0xC7,0x31,0xC7,0x31,0xC7,0x31,0xC7,0x31,0xC7,0x31,0xC7,0x31,0xC7,0x31,0xC7,0x31,
    0xC7,0x31,0xC7,0x31,0x8E,0x73,0x38,0xC6,0x18,0xC6,0xF7,0xBD,0xB6,0xB5,0x55,0xAD,
    0x30,0x84,0xCB,0x5A,0xEB,0x5A,0x2C,0x63,0x6A,0x4A,0xC7,0x31,0xC7,0x31,0xC7,0x31,
    0xC7,0x31,0xC7,0x31,0xAA,0x52,0xC7,0x39,0xA6,0x31,0x2C,0x63,0x0C,0x63,0xA6,0x31,
    0xC7,0x39,0xC7,0x39,0x86,0x31,0xE7,0x39,0xAA,0x52,0xCF,0x7B,0xD3,0x9C,0xB6,0xB5,
    0x9A,0xD6,0x3C,0xE7,0x79,0xCE,0x38,0xC6,0xDB,0xDE,0x1C,0xE7,0x1C,0xE7,0x1C,0xE7,
    0xFB,0xDE,0x9A,0xD6,0x59,0xCE,0xF7,0xBD,0x75,0xAD,0xD3,0x9C,0x10,0x84,0xEF,0x7B,
    0xEF,0x7B,0xEF,0x7B,0xEF,0x7B,0xEF,0x7B,0xEF,0x7B,0x92,0x94,0x34,0xA5,0x14,0xA5,
    0xF3,0x9C,0xBA,0xD6,0x10,0x84,0xC3,0x18,0x45,0x29,0xC7,0x39,0x08,0x42,0x86,0x31,
    0xA6,0x31,0x10,0x84,0x10,0x84,0x65,0x29,0x08,0x42,0xCF,0x7B,0x2C,0x63,0x69,0x4A,
    0x49,0x4A,0x2C,0x63,0xEF,0x7B,0xC7,0x39,0xC7,0x39,0xE3,0x18,0xCF,0x7B,0x30,0x84,
    0x4D,0x6B,0xC7,0x39,0x29,0x42,0x29,0x42,0x69,0x4A,0x8A,0x4A,0xC7,0x31,0xC7,0x31,
    0xC7,0x31,0xC7,0x31,0x49,0x42,0xC7,0x39,0x65,0x29,0xA6,0x31,0xE7,0x39,0x28,0x42,
    0xCB,0x5A,0x08,0x3A,0xC7,0x31,0xC7,0x31,0xC7,0x31,0xC7,0x31,0xC7,0x31,0xC7,0x31,
    0xC7,0x31,0xC7,0x31,0xC7,0x31,0xC7,0x31,0xC7,0x31,0xC7,0x31,0xC7,0x31,0xC7,0x31,
    0xC7,0x31,0xC7,0x31,0xC7,0x31,0xC7,0x31,0xC7,0x31,0xC7,0x31,0xC7,0x31,0xC7,0x31,
    0xC7,0x31,0xC7,0x31,0xC7,0x31,0xC7,0x31,0xC7,0x31,0xC7,0x31,0xC7,0x31,0xC7,0x31,
    0xC7,0x31,0x0C,0x5B,0xD7,0xBD,0x38,0xC6,0xF7,0xBD,0xB6,0xB5,0x34,0xA5,0x30,0x84,
    0x0C,0x63,0xEB,0x5A,0x0C,0x63,0x49,0x42,0xC7,0x31,0xC7,0x31,0xC7,0x31,0xC7,0x31,
    0xC7,0x31,0xC7,0x31,0x8A,0x4A,0xA2,0x10,0xE7,0x39,0x0C,0x63,0x24,0x21,0x04,0x21,
    0x45,0x29,0x86,0x31,0x49,0x4A,0x2C,0x63,0xCF,0x7B,0x92,0x94,0x34,0xA5,0xD7,0xBD,
    0x38,0xC6,0xF7,0xBD,0x38,0xC6,0xDB,0xDE,0xFB,0xDE,0x1C,0xE7,0x1C,0xE7,0x1C,0xE7,
    0xFB,0xDE,0xBA,0xD6,0x79,0xCE,0x18,0xC6,0xB6,0xB5,0x34,0xA5,0x92,0x94,0xCF,0x7B,
    0xAE,0x73,0xAE,0x73,0xCF,0x7B,0xCF,0x7B,0xCF,0x7B,0xCF,0x7B,0x51,0x8C,0xF3,0x9C,
    0xB2,0x94,0xB2,0x94,0xD7,0xBD,0x49,0x4A,0xA2,0x10,0x08,0x42,0x28,0x42,0x65,0x29,
    0x69,0x4A,0x6D,0x6B,0x65,0x29,0x69,0x4A,0xEF,0x7B,0x65,0x29,0xA2,0x10,0xE3,0x18,
    0x04,0x21,0x04,0x21,0x08,0x42,0x10,0x84,0x86,0x31,0x24,0x21,0x69,0x4A,0x92,0x94,
    0xF0,0x7B,0x8A,0x4A,0xC7,0x31,0xC7,0x31,0xC7,0x31,0xC7,0x31,0xC7,0x31,0xC7,0x31,
    0xC7,0x31,0xC7,0x31,0xC7,0x31,0x8A,0x4A,0x28,0x42,0xC7,0x39,0xC7,0x39,0x49,0x4A,
    0x0C,0x5B,0xC7,0x31,0xC7,0x31,0xC7,0x31,0xC7,0x31,0xC7,0x31,0xC7,0x31,0xC7,0x31,
    0xC7,0x31,0xC7,0x31,0xC7,0x31,0xC7,0x31,0xC7,0x31,0xC7,0x31,0xC7,0x31,0xC7,0x31,
    0xC7,0x31,0xC7,0x31,0xC7,0x31,0xC7,0x31,0xC7,0x31,0xC7,0x31,0xC7,0x31,0xC7,0x31,
    0xC7,0x31,0xC7,0x31,0xC7,0x31,0xC7,0x31,0xC7,0x31,0xC7,0x31,0xC7,0x31,0xC7,0x31,
    0xC7,0x31,0x55,0xAD,0x79,0xCE,0xF7,0xBD,0xD7,0xBD,0x55,0xAD,0x51,0x8C,0x2C,0x63,
    0x2C,0x63,0x2C,0x63,0xC7,0x31,0xC7,0x31,0x10,0x7C,0xF4,0x9C,0x14,0xA5,0x75,0xAD,
    0x96,0xB5,0xF3,0x9C,0xAA,0x52,0x82,0x10,0xAA,0x52,0xEF,0x7B,0xE3,0x18,0xE3,0x18,
    0x24,0x21,0x28,0x42,0x51,0x8C,0xB2,0x94,0x14,0xA5,0x96,0xB5,0xD7,0xBD,0xB6,0xB5,
    0x96,0xB5,0x18,0xC6,0x9A,0xD6,0xDB,0xDE,0xFB,0xDE,0x1C,0xE7,0x1C,0xE7,0x1C,0xE7,
    0xFB,0xDE,0xDB,0xDE,0x79,0xCE,0x38,0xC6,0xD7,0xBD,0x75,0xAD,0xF3,0x9C,0x30,0x84,
    0x8E,0x73,0x8E,0x73,0x8E,0x73,0x8E,0x73,0xAE,0x73,0xCF,0x7B,0xAE,0x73,0x10,0x84,
    0x92,0x94,0x30,0x84,0x71,0x8C,0x51,0x8C,0x04,0x21,0xC7,0x39,0xA6,0x31,0x65,0x29,
    0x49,0x4A,0xC7,0x39,0x08,0x42,0xCF,0x7B,0xA2,0x10,0xC3,0x18,0x45,0x29,0x45,0x29,
    0x45,0x29,0x65,0x29,0x04,0x21,0x0C,0x63,0xCB,0x5A,0x24,0x21,0x45,0x29,0x71,0x8C,
    0x10,0x84,0x6A,0x4A,0xC7,0x31,0xC7,0x31,0xC7,0x31,0xC7,0x31,0xC7,0x31,0xC7,0x31,
    0xC7,0x31,0xC7,0x31,0xC7,0x31,0xC7,0x31,0xC7,0x31,0x29,0x42,0xE8,0x39,0x69,0x4A,
    0x8A,0x4A,0xC7,0x31,0xC7,0x31,0xC7,0x31,0xC7,0x31,0xC7,0x31,0xC7,0x31,0xC7,0x31,
    0xC7,0x31,0xC7,0x31,0xC7,0x31,0xC7,0x31,0xC7,0x31,0xC7,0x31,0xC7,0x31,0xC7,0x31,
    0xC7,0x31,0xC7,0x31,0xC7,0x31,0xC7,0x31,0xC7,0x31,0xC7,0x31,0xC7,0x31,0xC7,0x31,
    0xC7,0x31,0xC7,0x31,0xC7,0x31,0xC7,0x31,0xC7,0x31,0xC7,0x31,0xC7,0x31,0xC7,0x31,
    0x4D,0x63,0x38,0xC6,0x18,0xC6,0xF7,0xBD,0x96,0xB5,0xB2,0x94,0x6D,0x6B,0x2C,0x63,
    0x2C,0x63,0x49,0x42,0x8E,0x73,0x9A,0xD6,0x1C,0xE7,0xBA,0xD6,0x18,0xC6,0x55,0xAD,
    0x10,0x84,0x0C,0x63,0xA6,0x31,0x86,0x31,0x08,0x42,0xC7,0x39,0x08,0x42,0x86,0x31,
    0xE7,0x39,0xAA,0x52,0xB2,0x94,0xBA,0xD6,0x9A,0xD6,0x59,0xCE,0xD7,0xBD,0xF7,0xBD,
    0x59,0xCE,0x9A,0xD6,0xDB,0xDE,0xFB,0xDE,0xFB,0xDE,0xFB,0xDE,0xFB,0xDE,0xFB,0xDE,
    0xDB,0xDE,0xBA,0xD6,0x79,0xCE,0x38,0xC6,0xF7,0xBD,0x96,0xB5,0x34,0xA5,0xB2,0x94,
    0xEF,0x7B,0x6D,0x6B,0x4D,0x6B,0x6D,0x6B,0x8E,0x73,0xAE,0x73,0xCF,0x7B,0xAE,0x73,
    0xEF,0x7B,0x10,0x84,0xAE,0x73,0x30,0x84,0xCB,0x5A,0xE3,0x18,0x04,0x21,0x45,0x29,
    0xE7,0x39,0x45,0x29,0xCF,0x7B,0x45,0x29,0xA2,0x10,0x45,0x29,0xC7,0x31,0xC6,0x31,
    0xE3,0x18,0xE3,0x18,0x45,0x29,0x28,0x42,0x6D,0x6B,0x45,0x29,0xC3,0x18,0xAE,0x73,
    0x10,0x84,0x08,0x3A,0xC7,0x31,0xC7,0x31,0xC7,0x31,0xC7,0x31,0xC7,0x31,0xC7,0x31,
    0xC7,0x31,0xC7,0x31,0xC7,0x31,0xC7,0x31,0xC7,0x31,0xC7,0x31,0xC7,0x31,0xC7,0x31,
    0xC7,0x31,0xC7,0x31,0xC7,0x31,0xC7,0x31,0xC7,0x31,0xC7,0x31,0xC7,0x31,0xC7,0x31,
    0xC7,0x31,0xC7,0x31,0xC7,0x31,0xC7,0x31,0xC7,0x31,0xC7,0x31,0xC7,0x31,0xC7,0x31,
    0xC7,0x31,0xC7,0x31,0xC7,0x31,0xC7,0x31,0xC7,0x31,0xC7,0x31,0xC7,0x31,0xC7,0x31,
    0xC7,0x31,0xC7,0x31,0xC7,0x31,0xC7,0x31,0xC7,0x31,0xC7,0x31,0xC7,0x31,0xC7,0x31,
    0xF3,0x9C,0x79,0xCE,0xF7,0xBD,0xD7,0xBD,0x34,0xA5,0xEF,0x7B,0x2C,0x63,0x4D,0x6B,
    0xAB,0x52,0xC7,0x31,0x79,0xCE,0x9E,0xF7,0xF7,0xBD,0x14,0xA5,0x51,0x8C,0xAE,0x73,
    0x30,0x84,0x34,0xA5,0xEF,0x7B,0x51,0x8C,0xEB,0x5A,0x8A,0x52,0xEB,0x5A,0x4D,0x6B,
    0xCF,0x7B,0x49,0x4A,0x49,0x4A,0xBA,0xD6,0x1C,0xE7,0x79,0xCE,0xBA,0xD6,0xFB,0xDE,
    0xFB,0xDE,0xDB,0xDE,0xBA,0xD6,0xBA,0xD6,0xBA,0xD6,0xBA,0xD6,0xDB,0xDE,0xDB,0xDE,
    0xBA,0xD6,0x9A,0xD6,0x79,0xCE,0x59,0xCE,0xF7,0xBD,0xB6,0xB5,0x55,0xAD,0xF3,0x9C,
    0x92,0x94,0xEF,0x7B,0x6D,0x6B,0x4D,0x6B,0x6D,0x6B,0x8E,0x73,0x8E,0x73,0xAE,0x73,
    0xCF,0x7B,0xAE,0x73,0x6D,0x6B,0x4D,0x6B,0xCF,0x7B,0x24,0x21,0xA2,0x10,0x24,0x21,
    0x86,0x31,0x49,0x4A,0x2C,0x63,0x41,0x08,0x04,0x21,0x86,0x31,0x29,0x42,0x0C,0x5B,
    0x04,0x19,0x82,0x08,0x45,0x21,0xE7,0x39,0x4D,0x6B,0x65,0x29,0x86,0x31,0x2C,0x63,
    0xEF,0x7B,0xC7,0x31,0xC7,0x31,0xC7,0x31,0xC7,0x31,0xC7,0x31,0xC7,0x31,0xC7,0x31,
    0xC7,0x31,0xC7,0x31,0xC7,0x31,0xC7,0x31,0xC7,0x31,0xC7,0x31,0xC7,0x31,0xC7,0x31,
    0xC7,0x31,0xC7,0x31,0xC7,0x31,0xC7,0x31,0xC7,0x31,0xC7,0x31,0xC7,0x31,0xC7,0x31,
    0xC7,0x31,0xC7,0x31,0xC7,0x31,0xC7,0x31,0xC7,0x31,0xC7,0x31,0xC7,0x31,0xC7,0x31,
    0xC7,0x31,0xC7,0x31,0xC7,0x31,0xC7,0x31,0xC7,0x31,0xC7,0x31,0xC7,0x31,0xC7,0x31,
    0xC7,0x31,0xC7,0x31,0xC7,0x31,0xC7,0x31,0xC7,0x31,0xC7,0x31,0xC7,0x31,0xC7,0x31,
    0x96,0xB5,0x59,0xCE,0x18,0xC6,0xB6,0xB5,0xD3,0x9C,0x8E,0x73,0x6D,0x6B,0x0C,0x63,
    0xC7,0x31,0xC7,0x31,0x38,0xC6,0x5D,0xEF,0xF7,0xBD,0x34,0xA5,0xB2,0x94,0xD7,0xBD,
    0x59,0xCE,0x71,0x8C,0x30,0x84,0x30,0x84,0x2C,0x63,0x0C,0x63,0xCF,0x7B,0xEF,0x7B,
    0xCB,0x5A,0xAA,0x52,0x10,0x84,0x79,0xCE,0xFB,0xDE,0xFB,0xDE,0xFB,0xDE,0xBA,0xD6,
    0x79,0xCE,0x59,0xCE,0x38,0xC6,0x38,0xC6,0x59,0xCE,0x9A,0xD6,0xBA,0xD6,0xDB,0xDE,
    0xBA,0xD6,0x79,0xCE,0x59,0xCE,0x18,0xC6,0xF7,0xBD,0xB6,0xB5,0x55,0xAD,0x14,0xA5,
    0xD3,0x9C,0xB2,0x94,0x30,0x84,0x8E,0x73,0x4D,0x6B,0x4D,0x6B,0x8E,0x73,0x8E,0x73,
    0xAE,0x73,0xAE,0x73,0x0C,0x63,0xEB,0x5A,0x8E,0x73,0x69,0x4A,0x41,0x08,0xE3,0x18,
    0x45,0x29,0x0C,0x63,0x08,0x42,0x61,0x08,0x65,0x29,0xC7,0x31,0x29,0x42,0x86,0x29,
    0xC3,0x10,0xA2,0x10,0x04,0x21,0x49,0x4A,0x0C,0x63,0xA6,0x31,0x69,0x4A,0xEC,0x5A,
    0x2C,0x63,0xC7,0x31,0xC7,0x31,0xC7,0x31,0xC7,0x31,0xC7,0x31,0xC7,0x31,0xC7,0x31,
    0xC7,0x31,0xC7,0x31,0xC7,0x31,0xC7,0x31,0xC7,0x31,0xC7,0x31,0xC7,0x31,0xC7,0x31,
    0xC7,0x31,0xC7,0x31,0xC7,0x31,0xC7,0x31,0xC7,0x31,0xC7,0x31,0xC7,0x31,0xC7,0x31,
    0xC7,0x31,0xC7,0x31,0xC7,0x31,0xC7,0x31,0xC7,0x31,0xC7,0x31,0xC7,0x31,0xC7,0x31,
    0xC7,0x31,0xC7,0x31,0xC7,0x31,0xC7,0x31,0xC7,0x31,0xC7,0x31,0xC7,0x31,0xC7,0x31,
    0xC7,0x31,0xC7,0x31,0xC7,0x31,0xC7,0x31,0xC7,0x31,0xC7,0x31,0xC7,0x31,0xC7,0x31,
    0xD7,0xBD,0x38,0xC6,0x18,0xC6,0x96,0xB5,0x71,0x8C,0x6D,0x6B,0x2C,0x63,0x28,0x3A,
    0xC7,0x31,0xC7,0x31,0x14,0xA5,0x9E,0xF7,0x38,0xC6,0xF7,0xBD,0xFB,0xDE,0x59,0xCE,
    0x0C,0x5B,0xC7,0x31,0xCB,0x52,0x30,0x84,0x8E,0x73,0x2C,0x63,0x10,0x84,0xAE,0x73,
    0x8E,0x73,0xF7,0xBD,0x3C,0xE7,0x1C,0xE7,0xFB,0xDE,0x9A,0xD6,0x38,0xC6,0xD7,0xBD,
    0x96,0xB5,0x75,0xAD,0x75,0xAD,0xB6,0xB5,0xD7,0xBD,0xB6,0xB5,0x55,0xAD,0xF3,0x9C,
    0x51,0x8C,0xCF,0x7B,0xAE,0x73,0x6D,0x6B,0x6D,0x6B,0x6D,0x6B,0xAE,0x73,0xEF,0x7B,
    0x30,0x84,0x92,0x94,0xB2,0x94,0x51,0x8C,0x8E,0x73,0x2C,0x63,0x8E,0x73,0x8E,0x73,
    0xAE,0x73,0xAE,0x73,0x4D,0x6B,0x0C,0x63,0x0C,0x63,0x6D,0x6B,0xA2,0x10,0xA2,0x10,
    0x24,0x21,0x2C,0x63,0xC7,0x39,0x82,0x10,0x65,0x29,0xC7,0x39,0x8A,0x52,0x08,0x3A,
    0xE4,0x18,0xE3,0x18,0xC3,0x18,0x2C,0x63,0x69,0x4A,0x49,0x42,0xC7,0x31,0xC7,0x31,
    0xC7,0x31,0xC7,0x31,0xC7,0x31,0xC7,0x31,0xC7,0x31,0xC7,0x31,0xC7,0x31,0xC7,0x31,
    0xC7,0x31,0xC7,0x31,0xC7,0x31,0xC7,0x31,0xC7,0x31,0xC7,0x31,0xC7,0x31,0xC7,0x31,
    0xC7,0x31,0xC7,0x31,0xC7,0x31,0xC7,0x31,0xC7,0x31,0xC7,0x31,0xC7,0x31,0xC7,0x31,
    0xC7,0x31,0xC7,0x31,0xC7,0x31,0xC7,0x31,0xC7,0x31,0xC7,0x31,0xC7,0x31,0xC7,0x31,
    0xC7,0x31,0xC7,0x31,0xC7,0x31,0xC7,0x31,0xC7,0x31,0xC7,0x31,0xC7,0x31,0xC7,0x31,
    0xC7,0x31,0xC7,0x31,0xC7,0x31,0xC7,0x31,0xC7,0x31,0xC7,0x31,0xC7,0x31,0xC7,0x31,
    0xF7,0xBD,0x38,0xC6,0x18,0xC6,0xB6,0xB5,0x71,0x8C,0x8E,0x73,0x0C,0x5B,0xC7,0x31,
    0xC7,0x31,0xC7,0x31,0x6D,0x6B,0x5D,0xEF,0x9E,0xF7,0x5D,0xEF,0x96,0xB5,0xC7,0x31,
    0xC7,0x31,0xC7,0x31,0x8E,0x6B,0x71,0x8C,0x4D,0x6B,0xEB,0x5A,0xCF,0x7B,0x96,0xB5,
    0xFB,0xDE,0x3C,0xE7,0x1C,0xE7,0xBA,0xD6,0x38,0xC6,0x96,0xB5,0xF3,0x9C,0x92,0x94,
    0x71,0x8C,0x51,0x8C,0x10,0x84,0xAE,0x73,0x2C,0x63,0xAA,0x52,0xAA,0x52,0xCB,0x5A,
    0xAA,0x52,0xEB,0x5A,0xCB,0x5A,0xCB,0x5A,0xCB,0x5A,0xEB,0x5A,0xEB,0x5A,0xEB,0x5A,
    0xCB,0x5A,0x2C,0x63,0x30,0x84,0xF3,0x9C,0xD3,0x9C,0xEF,0x7B,0x4D,0x6B,0x8E,0x73,
    0xAE,0x73,0xAE,0x73,0x8E,0x73,0x0C,0x63,0xEB,0x5A,0x4D,0x6B,0xE7,0x39,0x41,0x08,
    0x24,0x21,0x0C,0x63,0x08,0x42,0x61,0x08,0x24,0x21,0xC7,0x39,0xE8,0x39,0x87,0x31,
    0x05,0x21,0xE3,0x18,0xC7,0x31,0x6D,0x6B,0x65,0x29,0x49,0x42,0xC7,0x31,0xC7,0x31,
    0xC7,0x31,0xC7,0x31,0xC7,0x31,0xC7,0x31,0xC7,0x31,0xC7,0x31,0xC7,0x31,0xC7,0x31,
    0xC7,0x31,0xC7,0x31,0xC7,0x31,0xC7,0x31,0xC7,0x31,0xC7,0x31,0xC7,0x31,0xC7,0x31,
    0xC7,0x31,0xC7,0x31,0xC7,0x31,0xC7,0x31,0xC7,0x31,0xC7,0x31,0xC7,0x31,0xC7,0x31,
    0xC7,0x31,0xC7,0x31,0xC7,0x31,0xC7,0x31,0xC7,0x31,0xC7,0x31,0xC7,0x31,0xC7,0x31,
    0xC7,0x31,0xC7,0x31,0xC7,0x31,0xC7,0x31,0xC7,0x31,0xC7,0x31,0xC7,0x31,0xC7,0x31,
    0xC7,0x31,0xC7,0x31,0xC7,0x31,0xC7,0x31,0xC7,0x31,0xC7,0x31,0xC7,0x31,0xC7,0x31,
    0x96,0xB5,0x79,0xCE,0x18,0xC6,0xF7,0xBD,0xB2,0x94,0x8E,0x73,0xCB,0x5A,0xC7,0x31,
    0xC7,0x31,0xC7,0x31,0xC7,0x31,0x92,0x8C,0x96,0xB5,0x92,0x8C,0x4D,0x63,0x71,0x8C,
    0xD3,0x9C,0xD3,0x9C,0x30,0x84,0xEB,0x5A,0xEF,0x7B,0x75,0xAD,0xDB,0xDE,0x3C,0xE7,
    0x1C,0xE7,0xFB,0xDE,0x79,0xCE,0xB6,0xB5,0xD3,0x9C,0x30,0x84,0xAE,0x73,0x4D,0x6B,
    0xEB,0x5A,0x8A,0x52,0x49,0x4A,0x69,0x4A,0x2C,0x63,0x92,0x94,0xEF,0x7B,0x08,0x3A,
    0x8A,0x52,0xCB,0x5A,0xAA,0x52,0x6A,0x4A,0x49,0x42,0xCB,0x5A,0x0C,0x5B,0x0C,0x63,
    0x2C,0x63,0xCB,0x5A,0xEB,0x5A,0x71,0x8C,0x75,0xAD,0xB6,0xB5,0x51,0x8C,0x4D,0x6B,
    0x8E,0x73,0xAE,0x73,0xAE,0x73,0x0C,0x63,0xEB,0x5A,0xEB,0x5A,0xEB,0x5A,0x61,0x08,
    0x24,0x21,0x08,0x42,0x6D,0x6B,0x20,0x00,0xA2,0x10,0x24,0x21,0x65,0x29,0x25,0x21,
    0xA3,0x10,0x24,0x21,0xAE,0x73,0xE7,0x39,0x69,0x4A,0xC7,0x31,0xC7,0x31,0xC7,0x31,
    0xC7,0x31,0xC7,0x31,0xC7,0x31,0xC7,0x31,0xC7,0x31,0xC7,0x31,0xC7,0x31,0xC7,0x31,
    0xC7,0x31,0xC7,0x31,0xC7,0x31,0xC7,0x31,0xC7,0x31,0xC7,0x31,0xC7,0x31,0xC7,0x31,
    0xC7,0x31,0xC7,0x31,0xC7,0x31,0xC7,0x31,0xC7,0x31,0xC7,0x31,0xC7,0x31,0xC7,0x31,
    0xC7,0x31,0xC7,0x31,0xC7,0x31,0xC7,0x31,0xC7,0x31,0xC7,0x31,0xC7,0x31,0xC7,0x31,
    0xC7,0x31,0xC7,0x31,0xC7,0x31,0xC7,0x31,0xC7,0x31,0xC7,0x31,0xC7,0x31,0xC7,0x31,
    0xC7,0x31,0xC7,0x31,0xC7,0x31,0xC7,0x31,0xC7,0x31,0xC7,0x31,0xC7,0x31,0xC7,0x31,
    0x92,0x94,0xDB,0xDE,0x38,0xC6,0x38,0xC6,0xB6,0xB5,0xCF,0x7B,0xC7,0x31,0xC7,0x31,
    0xC7,0x31,0x8A,0x4A,0x10,0x7C,0x51,0x8C,0xB2,0x94,0xB2,0x94,0x92,0x94,0x10,0x84,
    0x6D,0x6B,0x8E,0x73,0x51,0x8C,0xD7,0xBD,0xDB,0xDE,0x1C,0xE7,0x1C,0xE7,0x1C,0xE7,
    0xBA,0xD6,0xF7,0xBD,0xF3,0x9C,0x10,0x84,0x6D,0x6B,0xEB,0x5A,0x69,0x4A,0x28,0x42,
    0x08,0x42,0x69,0x4A,0xCB,0x5A,0x0C,0x63,0x38,0xC6,0x5D,0xEF,0x34,0xA5,0xA7,0x31,
    0xC7,0x31,0xC7,0x31,0xC7,0x31,0xC7,0x31,0xC7,0x31,0xC7,0x31,0xC7,0x31,0xC7,0x31,
    0x0C,0x63,0xCB,0x5A,0xEB,0x5A,0x4D,0x6B,0x55,0xAD,0x18,0xC6,0x18,0xC6,0x71,0x8C,
    0x6D,0x6B,0x8E,0x73,0x8E,0x73,0x4D,0x6B,0xCB,0x5A,0xAA,0x52,0x2C,0x63,0x45,0x29,
    0xC3,0x18,0x04,0x21,0x4D,0x6B,0xCB,0x5A,0x61,0x08,0x41,0x08,0x61,0x08,0x82,0x10,
    0xE7,0x39,0x8E,0x73,0xE7,0x39,0x08,0x42,0xEB,0x5A,0xC7,0x31,0xC7,0x31,0xC7,0x31,
    0xC7,0x31,0xC7,0x31,0xC7,0x31,0xC7,0x31,0xC7,0x31,0xC7,0x31,0xC7,0x31,0xC7,0x31,
    0xC7,0x31,0xC7,0x31,0xC7,0x31,0xC7,0x31,0xC7,0x31,0xC7,0x31,0xC7,0x31,0xC7,0x31,
    0xC7,0x31,0xC7,0x31,0xC7,0x31,0xC7,0x31,0xC7,0x31,0xC7,0x31,0xC7,0x31,0xC7,0x31,
    0xC7,0x31,0xC7,0x31,0xC7,0x31,0xC7,0x31,0xC7,0x31,0xC7,0x31,0xC7,0x31,0xC7,0x31,
    0xC7,0x31,0xC7,0x31,0xC7,0x31,0xC7,0x31,0xC7,0x31,0xC7,0x31,0xC7,0x31,0xC7,0x31,
    0xC7,0x31,0xC7,0x31,0xC7,0x31,0xC7,0x31,0xC7,0x31,0xC7,0x31,0xC7,0x31,0xC7,0x31,
    0x49,0x42,0xB6,0xB5,0xDB,0xDE,0x59,0xCE,0x59,0xCE,0xD7,0xBD,0x51,0x8C,0x51,0x8C,
    0xD3,0x9C,0xF3,0x9C,0x92,0x94,0x30,0x84,0xAE,0x73,0x4D,0x6B,0x8E,0x73,0x71,0x8C,
    0xB6,0xB5,0x9A,0xD6,0xFB,0xDE,0xFB,0xDE,0xFB,0xDE,0x1C,0xE7,0xFB,0xDE,0x9A,0xD6,
    0x96,0xB5,0x92,0x94,0x8E,0x73,0xEB,0x5A,0x8A,0x52,0x28,0x42,0x08,0x42,0x69,0x4A,
    0xAA,0x52,0x0C,0x5B,0xCB,0x52,0xAB,0x52,0x9A,0xD6,0x3C,0xE7,0x34,0xA5,0xA7,0x31,
    0xC7,0x31,0xC7,0x31,0xC7,0x31,0xC7,0x31,0xC7,0x31,0xC7,0x31,0xC7,0x31,0xC7,0x31,
    0xC7,0x31,0x6D,0x6B,0x2C,0x63,0xEB,0x5A,0xD3,0x9C,0x38,0xC6,0x38,0xC6,0x38,0xC6,
    0x14,0xA5,0x4D,0x6B,0x4D,0x6B,0x4D,0x6B,0xCB,0x5A,0xAA,0x52,0xEB,0x5A,0x69,0x4A,
    0x41,0x08,0x65,0x29,0x04,0x21,0x0C,0x63,0x6D,0x6B,0xAA,0x52,0xCB,0x5A,0x2C,0x63,
    0x0C,0x63,0xC7,0x39,0x28,0x42,0xCB,0x52,0xC7,0x31,0xC7,0x31,0xC7,0x31,0xC7,0x31,
    0xC7,0x31,0xC7,0x31,0xC7,0x31,0xC7,0x31,0xC7,0x31,0xC7,0x31,0xC7,0x31,0xC7,0x31,
    0xC7,0x31,0xC7,0x31,0xC7,0x31,0xC7,0x31,0xC7,0x31,0xC7,0x31,0xC7,0x31,0xC7,0x31,
    0xC7,0x31,0xC7,0x31,0xC7,0x31,0xC7,0x31,0xC7,0x31,0xC7,0x31,0xC7,0x31,0xC7,0x31,
    0xC7,0x31,0xC7,0x31,0xC7,0x31,0xC7,0x31,0xC7,0x31,0xC7,0x31,0xC7,0x31,0xC7,0x31,
    0xC7,0x31,0xC7,0x31,0xC7,0x31,0xC7,0x31,0xC7,0x31,0xC7,0x31,0xC7,0x31,0xC7,0x31,
    0xC7,0x31,0xC7,0x31,0xC7,0x31,0xC7,0x31,0xC7,0x31,0xC7,0x31,0xC7,0x31,0xC7,0x31,
    0xC7,0x31,0x49,0x42,0x55,0xA5,0x9A,0xD6,0x9A,0xD6,0x9A,0xD6,0xDB,0xDE,0xDB,0xDE,
    0x59,0xCE,0x75,0xAD,0x14,0xA5,0x34,0xA5,0xD7,0xBD,0x59,0xCE,0x79,0xCE,0x38,0xC6,
    0x34,0xA5,0xF3,0x9C,0xDB,0xDE,0xFB,0xDE,0x1C,0xE7,0xFB,0xDE,0x59,0xCE,0x55,0xAD,
    0x51,0x8C,0x4D,0x6B,0x8A,0x52,0x49,0x4A,0x28,0x42,0x28,0x42,0xAA,0x52,0xCB,0x5A,
    0x8A,0x4A,0xC7,0x31,0xC7,0x31,0xC7,0x31,0x38,0xC6,0x5D,0xEF,0x34,0xA5,0xA6,0x31,
    0xC7,0x31,0xC7,0x31,0xC7,0x31,0xC7,0x31,0xC7,0x31,0xC7,0x31,0xC7,0x31,0xC7,0x31,
    0xC7,0x31,0xC7,0x31,0xEB,0x5A,0x2C,0x63,0xB2,0x94,0x59,0xCE,0x59,0xCE,0xD7,0xBD,
    0xEF,0x7B,0x69,0x4A,0xAA,0x52,0x4D,0x6B,0xEB,0x5A,0xAA,0x52,0xAA,0x52,0x0C,0x63,
    0xC3,0x18,0x61,0x08,0x45,0x29,0x04,0x21,0x86,0x31,0x08,0x42,0x28,0x42,0xC7,0x39,
    0xC7,0x39,0x49,0x4A,0x28,0x3A,0xC7,0x31,0xC7,0x31,0xC7,0x31,0xC7,0x31,0xC7,0x31,
    0xC7,0x31,0xC7,0x31,0xC7,0x31,0xC7,0x31,0xC7,0x31,0xC7,0x31,0xC7,0x31,0xC7,0x31,
    0xC7,0x31,0xC7,0x31,0xC7,0x31,0xC7,0x31,0xC7,0x31,0xC7,0x31,0xC7,0x31,0xC7,0x31,
    0xC7,0x31,0xC7,0x31,0xC7,0x31,0xC7,0x31,0xC7,0x31,0xC7,0x31,0xC7,0x31,0xC7,0x31,
    0xC7,0x31,0xC7,0x31,0xC7,0x31,0xC7,0x31,0xC7,0x31,0xC7,0x31,0xC7,0x31,0xC7,0x31,
    0xC7,0x31,0xC7,0x31,0xC7,0x31,0xC7,0x31,0xC7,0x31,0xC7,0x31,0xC7,0x31,0xC7,0x31,
    0xC7,0x31,0xC7,0x31,0xC7,0x31,0xC7,0x31,0xC7,0x31,0xC7,0x31,0xC7,0x31,0xC7,0x31,
    0xC7,0x31,0xC7,0x31,0xC7,0x31,0xCF,0x7B,0x14,0xA5,0xD7,0xBD,0xF7,0xBD,0xF7,0xBD,
    0x18,0xC6,0x38,0xC6,0x18,0xC6,0xD7,0xBD,0x55,0xAD,0x92,0x94,0xEF,0x7B,0x2C,0x63,
    0x69,0x4A,0x92,0x94,0x1C,0xE7,0x1C,0xE7,0xFB,0xDE,0x59,0xCE,0x55,0xAD,0x10,0x84,
    0x0C,0x63,0x8A,0x52,0x49,0x4A,0x28,0x42,0x28,0x42,0xCB,0x5A,0xAB,0x52,0xC7,0x31,
    0xC7,0x31,0xC7,0x31,0xC7,0x31,0xC7,0x31,0x59,0xC6,0x3C,0xE7,0x34,0xA5,0x28,0x42,
    0xC7,0x31,0xC7,0x31,0xC7,0x31,0xC7,0x31,0x08,0x3A,0xC7,0x31,0xC7,0x31,0xC7,0x31,
    0xC7,0x31,0xC7,0x31,0xC7,0x31,0x8A,0x52,0x14,0xA5,0x9A,0xD6,0x38,0xC6,0x0C,0x63,
    0x65,0x29,0x45,0x29,0xE7,0x39,0x0C,0x63,0x0C,0x63,0xAA,0x52,0xAA,0x52,0x0C,0x63,
    0x49,0x4A,0xC3,0x18,0xA2,0x10,0x04,0x21,0xA6,0x31,0x08,0x42,0x28,0x42,0x49,0x42,
    0x49,0x42,0xC7,0x31,0xC7,0x31,0xC7,0x31,0xC7,0x31,0xC7,0x31,0xC7,0x31,0xC7,0x31,
    0xC7,0x31,0xC7,0x31,0xC7,0x31,0xC7,0x31,0xC7,0x31,0xC7,0x31,0xC7,0x31,0xC7,0x31,
    0xC7,0x31,0xC7,0x31,0xC7,0x31,0xC7,0x31,0xC7,0x31,0xC7,0x31,0xC7,0x31,0xC7,0x31,
    0xC7,0x31,0xC7,0x31,0xC7,0x31,0xC7,0x31,0xC7,0x31,0xC7,0x31,0xC7,0x31,0xC7,0x31,
    0xC7,0x31,0xC7,0x31,0xC7,0x31,0xC7,0x31,0xC7,0x31,0xC7,0x31,0xC7,0x31,0xC7,0x31,
    0xC7,0x31,0xC7,0x31,0xC7,0x31,0xC7,0x31,0xC7,0x31,0xC7,0x31,0xC7,0x31,0xC7,0x31,
    0xC7,0x31,0xC7,0x31,0xC7,0x31,0xC7,0x31,0xC7,0x31,0xC7,0x31,0xC7,0x31,0xC7,0x31,
    0xC7,0x31,0xC7,0x31,0xC7,0x31,0xC7,0x31,0x08,0x3A,0x2D,0x63,0x8E,0x73,0xCF,0x7B,
    0xEF,0x7B,0x8E,0x73,0x0C,0x63,0xEB,0x5A,0xEB,0x5A,0xEB,0x5A,0xCB,0x5A,0x8A,0x52,
    0x51,0x8C,0x1C,0xE7,0x1C,0xE7,0xFB,0xDE,0x38,0xC6,0x55,0xAD,0x10,0x84,0x0C,0x63,
    0x8A,0x52,0x49,0x4A,0x28,0x42,0x28,0x42,0x28,0x42,0x6A,0x4A,0xC7,0x31,0xC7,0x31,
    0xC7,0x31,0xC7,0x31,0xC7,0x31,0xC7,0x31,0x59,0xC6,0x3C,0xE7,0x34,0xA5,0x8A,0x52,
    0xC7,0x31,0xC7,0x31,0x14,0xA5,0x79,0xCE,0x1C,0xE7,0x18,0xC6,0x8A,0x4A,0xC7,0x31,
    0xC7,0x31,0xC7,0x31,0xC7,0x31,0x08,0x3A,0xF7,0xBD,0xDB,0xDE,0xD3,0x9C,0x86,0x31,
    0x24,0x21,0x04,0x21,0x04,0x21,0xAA,0x52,0x4D,0x6B,0xEB,0x5A,0xAA,0x52,0xCB,0x5A,
    0x6D,0x6B,0xEB,0x5A,0xE7,0x31,0xC7,0x31,0x28,0x42,0xC7,0x31,0xC7,0x31,0xC7,0x31,
    0xC7,0x31,0xC7,0x31,0xC7,0x31,0xC7,0x31,0xC7,0x31,0xC7,0x31,0xC7,0x31,0xC7,0x31,
    0xC7,0x31,0xC7,0x31,0xC7,0x31,0xC7,0x31,0xC7,0x31,0xC7,0x31,0xC7,0x31,0xC7,0x31,
    0xC7,0x31,0xC7,0x31,0xC7,0x31,0xC7,0x31,0xC7,0x31,0xC7,0x31,0xC7,0x31,0xC7,0x31,
    0xC7,0x31,0xC7,0x31,0xC7,0x31,0xC7,0x31,0xC7,0x31,0xC7,0x31,0xC7,0x31,0xC7,0x31,
    0xC7,0x31,0xC7,0x31,0xC7,0x31,0xC7,0x31,0xC7,0x31,0xC7,0x31,0xC7,0x31,0xC7,0x31,
    0xC7,0x31,0xC7,0x31,0xC7,0x31,0xC7,0x31,0xC7,0x31,0xC7,0x31,0xC7,0x31,0xC7,0x31,
    0xC7,0x31,0xC7,0x31,0xC7,0x31,0xC7,0x31,0xC7,0x31,0xC7,0x31,0xC7,0x31,0xC7,0x31,
    0xC7,0x31,0xC7,0x31,0xC7,0x31,0xC7,0x31,0xC7,0x31,0xC7,0x31,0xC7,0x31,0xEB,0x5A,
    0x0C,0x63,0x8E,0x73,0x2C,0x63,0xE7,0x39,0xAA,0x52,0x4D,0x6B,0xEB,0x5A,0x30,0x84,
    0xFB,0xDE,0x3C,0xE7,0xFB,0xDE,0x59,0xCE,0x75,0xAD,0x30,0x84,0xEB,0x5A,0x69,0x4A,
    0x49,0x4A,0x49,0x4A,0xAA,0x52,0x69,0x4A,0xE7,0x39,0xE8,0x31,0xC7,0x31,0xC7,0x31,
    0xC7,0x31,0xC7,0x31,0xC7,0x31,0xC7,0x31,0x59,0xC6,0x1C,0xE7,0x55,0xAD,0x49,0x42,
    0xEF,0x7B,0x59,0xCE,0x3C,0xE7,0xFB,0xDE,0xDB,0xDE,0x7D,0xEF,0xFB,0xDE,0x31,0x84,
    0xC7,0x31,0xC7,0x31,0xC7,0x31,0xCF,0x73,0xBA,0xD6,0x79,0xCE,0x0C,0x63,0x24,0x21,
    0xE3,0x18,0xE3,0x18,0x65,0x29,0x6A,0x4A,0x2C,0x63,0xEB,0x5A,0xEB,0x5A,0xAA,0x52,
    0x0C,0x63,0xCB,0x52,0xC7,0x31,0xC7,0x31,0xC7,0x31,0xC7,0x31,0xC7,0x31,0xC7,0x31,
    0xC7,0x31,0xC7,0x31,0xC7,0x31,0xC7,0x31,0xC7,0x31,0xC7,0x31,0xC7,0x31,0xC7,0x31,
    0xC7,0x31,0xC7,0x31,0xC7,0x31,0xC7,0x31,0xC7,0x31,0xC7,0x31,0xC7,0x31,0xC7,0x31,
    0xC7,0x31,0xC7,0x31,0xC7,0x31,0xC7,0x31,0xC7,0x31,0xC7,0x31,0xC7,0x31,0xC7,0x31,
    0xC7,0x31,0xC7,0x31,0xC7,0x31,0xC7,0x31,0xC7,0x31,0xC7,0x31,0xC7,0x31,0xC7,0x31,
    0xC7,0x31,0xC7,0x31,0xC7,0x31,0xC7,0x31,0xC7,0x31,0xC7,0x31,0xC7,0x31,0xC7,0x31,
    0xC7,0x31,0xC7,0x31,0xC7,0x31,0xC7,0x31,0xC7,0x31,0xC7,0x31,0xC7,0x31,0xC7,0x31,
    0xC7,0x31,0xC7,0x31,0xC7,0x31,0xC7,0x31,0xC7,0x31,0xC7,0x31,0xC7,0x31,0xC7,0x31,
    0xC7,0x31,0xC7,0x31,0xC7,0x31,0xC7,0x31,0xC7,0x31,0xC7,0x31,0xC7,0x31,0xC7,0x31,
    0xC7,0x31,0x2D,0x63,0x10,0x84,0xCB,0x5A,0x8A,0x4A,0x69,0x4A,0x8E,0x73,0x1C,0xE7,
    0x3C,0xE7,0xFB,0xDE,0x79,0xCE,0x96,0xB5,0x51,0x8C,0x0C,0x63,0x69,0x4A,0x49,0x4A,
    0x69,0x4A,0x8A,0x52,0x2C,0x63,0xCB,0x5A,0x08,0x42,0x08,0x3A,0xC7,0x31,0xC7,0x31,
    0xC7,0x31,0xC7,0x31,0xC7,0x31,0xC7,0x31,0x59,0xC6,0x3C,0xE7,0x14,0xA5,0xEF,0x7B,
    0xDB,0xDE,0x59,0xCE,0x75,0xAD,0x55,0xAD,0x75,0xAD,0xD7,0xBD,0xDB,0xDE,0x7D,0xEF,
    0x55,0xAD,0xC7,0x31,0xC7,0x31,0x75,0xAD,0x3C,0xE7,0xF3,0x9C,0x08,0x42,0x86,0x31,
    0x65,0x29,0xE7,0x39,0x29,0x42,0xC7,0x31,0xC7,0x31,0xC7,0x31,0xC7,0x31,0x49,0x42,
    0x29,0x42,0x28,0x3A,0xC7,0x31,0xC7,0x31,0xC7,0x31,0xC7,0x31,0xC7,0x31,0xC7,0x31,
    0xC7,0x31,0xC7,0x31,0xC7,0x31,0xC7,0x31,0xC7,0x31,0xC7,0x31,0xC7,0x31,0xC7,0x31,
    0xC7,0x31,0xC7,0x31,0xC7,0x31,0xC7,0x31,0xC7,0x31,0xC7,0x31,0xC7,0x31,0xC7,0x31,
    0xC7,0x31,0xC7,0x31,0xC7,0x31,0xC7,0x31,0xC7,0x31,0xC7,0x31,0xC7,0x31,0xC7,0x31,
    0xC7,0x31,0xC7,0x31,0xC7,0x31,0xC7,0x31,0xC7,0x31,0xC7,0x31,0xC7,0x31,0xC7,0x31,
    0xC7,0x31,0xC7,0x31,0xC7,0x31,0xC7,0x31,0xC7,0x31,0xC7,0x31,0xC7,0x31,0xC7,0x31,
    0xC7,0x31,0xC7,0x31,0xC7,0x31,0xC7,0x31,0xC7,0x31,0xC7,0x31,0xC7,0x31,0xC7,0x31,
    0xC7,0x31,0xC7,0x31,0xC7,0x31,0xC7,0x31,0xC7,0x31,0xC7,0x31,0xC7,0x31,0xC7,0x31,
    0xC7,0x31,0xC7,0x31,0xC7,0x31,0xC7,0x31,0xC7,0x31,0xC7,0x31,0xC7,0x31,0xC7,0x31,
    0xC7,0x31,0xC7,0x31,0xC7,0x31,0xC7,0x31,0xC7,0x31,0xC7,0x31,0x38,0xC6,0x7D,0xEF,
    0x1C,0xE7,0xBA,0xD6,0xD7,0xBD,0xB2,0x94,0x4D,0x6B,0x8A,0x52,0x69,0x4A,0xAA,0x52,
    0xAA,0x52,0xC7,0x31,0xC7,0x31,0xCB,0x52,0x08,0x3A,0xC7,0x31,0xC7,0x31,0xC7,0x31,
    0xC7,0x31,0xC7,0x31,0xC7,0x31,0xC7,0x31,0x79,0xCE,0x1C,0xE7,0x71,0x8C,0xCF,0x7B,
    0x34,0xA5,0x30,0x84,0xCF,0x7B,0xAE,0x73,0xEF,0x7B,0x51,0x8C,0x14,0xA5,0x59,0xCE,
    0x7D,0xEF,0x14,0xA5,0x10,0x84,0xDB,0xDE,0x59,0xCE,0xEB,0x5A,0x08,0x42,0x29,0x42,
    0x49,0x42,0xC7,0x31,0xC7,0x31,0xC7,0x31,0xC7,0x31,0xC7,0x31,0xC7,0x31,0xC7,0x31,
    0xC7,0x31,0xC7,0x31,0xC7,0x31,0xC7,0x31,0xC7,0x31,0xC7,0x31,0xC7,0x31,0xC7,0x31,
    0xC7,0x31,0xC7,0x31,0xC7,0x31,0xC7,0x31,0xC7,0x31,0xC7,0x31,0xC7,0x31,0xC7,0x31,
    0xC7,0x31,0xC7,0x31,0xC7,0x31,0xC7,0x31,0xC7,0x31,0xC7,0x31,0xC7,0x31,0xC7,0x31,
    0xC7,0x31,0xC7,0x31,0xC7,0x31,0xC7,0x31,0xC7,0x31,0xC7,0x31,0xC7,0x31,0xC7,0x31,
    0xC7,0x31,0xC7,0x31,0xC7,0x31,0xC7,0x31,0xC7,0x31,0xC7,0x31,0xC7,0x31,0xC7,0x31,
    0xC7,0x31,0xC7,0x31,0xC7,0x31,0xC7,0x31,0xC7,0x31,0xC7,0x31,0xC7,0x31,0xC7,0x31,
    0xC7,0x31,0xC7,0x31,0xC7,0x31,0xC7,0x31,0xC7,0x31,0xC7,0x31,0xC7,0x31,0xC7,0x31,
    0xC7,0x31,0xC7,0x31,0xC7,0x31,0xC7,0x31,0xC7,0x31,0xC7,0x31,0xC7,0x31,0xC7,0x31,
    0xC7,0x31,0xC7,0x31,0xC7,0x31,0xC7,0x31,0xC7,0x31,0xC7,0x31,0xC7,0x31,0xC7,0x31,
    0xC7,0x31,0xC7,0x31,0xC7,0x31,0xC7,0x31,0xC7,0x31,0x14,0xA5,0x7D,0xEF,0x1C,0xE7,
    0xDB,0xDE,0x18,0xC6,0x14,0xA5,0xAE,0x73,0xAA,0x52,0x8A,0x52,0xCB,0x5A,0x49,0x4A,
    0xC7,0x31,0xC7,0x31,0xC7,0x31,0xC7,0x31,0xC7,0x31,0xC7,0x31,0xC7,0x31,0xC7,0x31,
    0xC7,0x31,0xC7,0x31,0x8A,0x52,0xAB,0x52,0xB6,0xB5,0xF3,0x9C,0xCB,0x5A,0x69,0x4A,
    0xCB,0x5A,0x69,0x4A,0x28,0x42,0x28,0x42,0x8A,0x52,0x6D,0x6B,0x71,0x8C,0x96,0xB5,
    0x9A,0xD6,0x3C,0xE7,0x59,0xCE,0xBA,0xD6,0x10,0x84,0x28,0x42,0x49,0x4A,0x28,0x3A,
    0xC7,0x31,0xC7,0x31,0xC7,0x31,0xC7,0x31,0xC7,0x31,0xC7,0x31,0xC7,0x31,0xC7,0x31,
    0xC7,0x31,0xC7,0x31,0xC7,0x31,0xC7,0x31,0xC7,0x31,0xC7,0x31,0xC7,0x31,0xC7,0x31,
    0xC7,0x31,0xC7,0x31,0xC7,0x31,0xC7,0x31,0xC7,0x31,0xC7,0x31,0xC7,0x31,0xC7,0x31,
    0xC7,0x31,0xC7,0x31,0xC7,0x31,0xC7,0x31,0xC7,0x31,0xC7,0x31,0xC7,0x31,0xC7,0x31,
    0xC7,0x31,0xC7,0x31,0xC7,0x31,0xC7,0x31,0xC7,0x31,0xC7,0x31,0xC7,0x31,0xC7,0x31,
    0xC7,0x31,0xC7,0x31,0xC7,0x31,0xC7,0x31,0xC7,0x31,0xC7,0x31,0xC7,0x31,0xC7,0x31,
    0xC7,0x31,0xC7,0x31,0xC7,0x31,0xC7,0x31,0xC7,0x31,0xC7,0x31,0xC7,0x31,0xC7,0x31,
    0xC7,0x31,0xC7,0x31,0xC7,0x31,0xC7,0x31,0xC7,0x31,0xC7,0x31,0xC7,0x31,0xC7,0x31,
    0xC7,0x31,0xC7,0x31,0xC7,0x31,0xC7,0x31,0xC7,0x31,0xC7,0x31,0xC7,0x31,0xC7,0x31,
    0xC7,0x31,0xC7,0x31,0xC7,0x31,0xC7,0x31,0xC7,0x31,0xC7,0x31,0xC7,0x31,0xC7,0x31,
    0xC7,0x31,0xC7,0x31,0xC7,0x31,0xC7,0x31,0xCB,0x5A,0xDB,0xDE,0x3C,0xE7,0xFB,0xDE,
    0x79,0xCE,0x96,0xB5,0x51,0x8C,0xEB,0x5A,0xAA,0x52,0xAA,0x52,0xCB,0x52,0xC7,0x31,
    0xC7,0x31,0xC7,0x31,0xC7,0x31,0xC7,0x31,0xC7,0x31,0xC7,0x31,0xC7,0x31,0xC7,0x31,
    0xC7,0x31,0xEB,0x5A,0x04,0x21,0x65,0x29,0x49,0x4A,0x08,0x42,0x86,0x31,0x86,0x31,
    0xA6,0x31,0x86,0x31,0xA6,0x31,0x28,0x42,0x0C,0x63,0xEF,0x7B,0xB2,0x94,0x75,0xAD,
    0x38,0xC6,0xB6,0xB5,0x59,0xCE,0xD3,0x9C,0x49,0x4A,0x49,0x4A,0xCB,0x52,0xC7,0x31,
    0xC7,0x31,0xC7,0x31,0xC7,0x31,0xC7,0x31,0xC7,0x31,0xC7,0x31,0xC7,0x31,0xC7,0x31,
    0xC7,0x31,0xC7,0x31,0xC7,0x31,0xC7,0x31,0xC7,0x31,0xC7,0x31,0xC7,0x31,0xC7,0x31,
    0xC7,0x31,0xC7,0x31,0xC7,0x31,0xC7,0x31,0xC7,0x31,0xC7,0x31,0xC7,0x31,0xC7,0x31,
    0xC7,0x31,0xC7,0x31,0xC7,0x31,0xC7,0x31,0xC7,0x31,0xC7,0x31,0xC7,0x31,0xC7,0x31,
    0xC7,0x31,0xC7,0x31,0xC7,0x31,0xC7,0x31,0xC7,0x31,0xC7,0x31,0xC7,0x31,0xC7,0x31,
    0xC7,0x31,0xC7,0x31,0xC7,0x31,0xC7,0x31,0xC7,0x31,0xC7,0x31,0xC7,0x31,0xC7,0x31,
    0xC7,0x31,0xC7,0x31,0xC7,0x31,0xC7,0x31,0xC7,0x31,0xC7,0x31,0xC7,0x31,0xC7,0x31,
    0xC7,0x31,0xC7,0x31,0xC7,0x31,0xC7,0x31,0xC7,0x31,0xC7,0x31,0xC7,0x31,0xC7,0x31,
    0xC7,0x31,0xC7,0x31,0xC7,0x31,0xC7,0x31,0xC7,0x31,0xC7,0x31,0xC7,0x31,0xC7,0x31,
    0xC7,0x31,0xC7,0x31,0xC7,0x31,0xC7,0x31,0xC7,0x31,0xC7,0x31,0xC7,0x31,0xC7,0x31,
    0xC7,0x31,0xC7,0x31,0xC7,0x31,0xC7,0x31,0x34,0xA5,0x9E,0xF7,0x1C,0xE7,0xDB,0xDE,
    0x18,0xC6,0x14,0xA5,0x8E,0x73,0xAA,0x52,0x0C,0x63,0xCB,0x52,0xC7,0x31,0xC7,0x31,
    0xC7,0x31,0xC7,0x31,0xC7,0x31,0xC7,0x31,0xC7,0x31,0xC7,0x31,0xC7,0x31,0xC7,0x31,
    0x96,0xB5,0xEB,0x5A,0x00,0x00,0x49,0x4A,0x8E,0x73,0x65,0x29,0xE3,0x18,0x24,0x21,
    0x45,0x29,0xC7,0x39,0xAA,0x52,0x6D,0x6B,0x10,0x84,0x92,0x94,0x34,0xA5,0xB6,0xB5,
    0x55,0xAD,0xD7,0xBD,0x14,0xA5,0xAA,0x52,0x49,0x4A,0x8A,0x52,0xE8,0x39,0xC7,0x31,
    0xC7,0x31,0xC7,0x31,0xC7,0x31,0xC7,0x31,0xC7,0x31,0xC7,0x31,0xC7,0x31,0xC7,0x31,
    0xC7,0x31,0xC7,0x31,0xC7,0x31,0xC7,0x31,0xC7,0x31,0xC7,0x31,0xC7,0x31,0xC7,0x31,
    0xC7,0x31,0xC7,0x31,0xC7,0x31,0xC7,0x31,0xC7,0x31,0xC7,0x31,0xC7,0x31,0xC7,0x31,
    0xC7,0x31,0xC7,0x31,0xC7,0x31,0xC7,0x31,0xC7,0x31,0xC7,0x31,0xC7,0x31,0xC7,0x31,
    0xC7,0x31,0xC7,0x31,0xC7,0x31,0xC7,0x31,0xC7,0x31,0xC7,0x31,0xC7,0x31,0xC7,0x31,
    0xC7,0x31,0xC7,0x31,0xC7,0x31,0xC7,0x31,0xC7,0x31,0xC7,0x31,0xC7,0x31,0xC7,0x31,
    0xC7,0x31,0xC7,0x31,0xC7,0x31,0xC7,0x31,0xC7,0x31,0xC7,0x31,0xC7,0x31,0xC7,0x31,
    0xC7,0x31,0xC7,0x31,0xC7,0x31,0xC7,0x31,0xC7,0x31,0xC7,0x31,0xC7,0x31,0xC7,0x31,
    0xC7,0x31,0xC7,0x31,0xC7,0x31,0xC7,0x31,0xC7,0x31,0xC7,0x31,0xC7,0x31,0xC7,0x31,
    0xC7,0x31,0xC7,0x31,0xC7,0x31,0xC7,0x31,0xC7,0x31,0xC7,0x31,0xC7,0x31,0xC7,0x31,
    0xC7,0x31,0xC7,0x31,0xC7,0x31,0xEC,0x5A,0xBA,0xD6,0x3C,0xE7,0xFB,0xDE,0x79,0xCE,
    0xB6,0xB5,0x92,0x94,0xEB,0x5A,0xEB,0x5A,0xCB,0x5A,0xC7,0x31,0xC7,0x31,0xC7,0x31,
    0xC7,0x31,0xC7,0x31,0x8E,0x6B,0xF4,0x9C,0x55,0xAD,0x96,0xB5,0xD7,0xBD,0x96,0xB5,
    0x34,0xA5,0xC7,0x39,0xA2,0x10,0x8A,0x52,0x30,0x84,0x45,0x29,0xA2,0x10,0x24,0x21,
    0x28,0x42,0xCF,0x7B,0x51,0x8C,0xB2,0x94,0x14,0xA5,0x75,0xAD,0xD7,0xBD,0x75,0xAD,
    0x96,0xB5,0x34,0xA5,0xAA,0x52,0x49,0x4A,0xCB,0x5A,0xEB,0x5A,0xC7,0x31,0xC7,0x31,
    0xC7,0x31,0xC7,0x31,0xC7,0x31,0xC7,0x31,0xC7,0x31,0xC7,0x31,0xC7,0x31,0xC7,0x31,
    0xC7,0x31,0xC7,0x31,0xC7,0x31,0xC7,0x31,0xC7,0x31,0xC7,0x31,0xC7,0x31,0xC7,0x31,
    0xC7,0x31,0xC7,0x31,0xC7,0x31,0xC7,0x31,0xC7,0x31,0xC7,0x31,0xC7,0x31,0xC7,0x31,
    0xC7,0x31,0xC7,0x31,0xC7,0x31,0xC7,0x31,0xC7,0x31,0xC7,0x31,0xC7,0x31,0xC7,0x31,
    0xC7,0x31,0xC7,0x31,0xC7,0x31,0xC7,0x31,0xC7,0x31,0xC7,0x31,0xC7,0x31,0xC7,0x31,
    0xC7,0x31,0xC7,0x31,0xC7,0x31,0xC7,0x31,0xC7,0x31,0xC7,0x31,0xC7,0x31,0xC7,0x31,
    0xC7,0x31,0xC7,0x31,0xC7,0x31,0xC7,0x31,0xC7,0x31,0xC7,0x31,0xC7,0x31,0xC7,0x31,
    0xC7,0x31,0xC7,0x31,0xC7,0x31,0xC7,0x31,0xC7,0x31,0xC7,0x31,0xC7,0x31,0xC7,0x31,
    0xC7,0x31,0xC7,0x31,0xC7,0x31,0xC7,0x31,0xC7,0x31,0xC7,0x31,0xC7,0x31,0xC7,0x31,
    0xC7,0x31,0xC7,0x31,0xC7,0x31,0xC7,0x31,0xC7,0x31,0xC7,0x31,0xC7,0x31,0xC7,0x31,
    0xC7,0x31,0xC7,0x31,0xC7,0x31,0xD3,0x9C,0x9E,0xF7,0x1C,0xE7,0xDB,0xDE,0x59,0xCE,
    0x55,0xAD,0xAE,0x73,0xCB,0x5A,0x2C,0x63,0xE8,0x39,0xC7,0x31,0xC7,0x31,0xC7,0x31,
    0xB2,0x94,0xFB,0xDE,0xDB,0xDE,0xFB,0xDE,0x79,0xCE,0xD7,0xBD,0xF3,0x9C,0x2C,0x63,
    0x65,0x29,0x24,0x21,0x65,0x29,0x28,0x42,0xE7,0x39,0x86,0x31,0x49,0x4A,0x28,0x42,
    0xA6,0x31,0x10,0x84,0x59,0xCE,0x38,0xC6,0x59,0xCE,0x9A,0xD6,0xF7,0xBD,0xF7,0xBD,
    0x55,0xAD,0xCB,0x5A,0x49,0x4A,0x8A,0x52,0xAA,0x52,0xC7,0x31,0xC7,0x31,0xC7,0x31,
    0xC7,0x31,0xC7,0x31,0xC7,0x31,0xC7,0x31,0xC7,0x31,0xC7,0x31,0xC7,0x31,0xC7,0x31,
    0xC7,0x31,0xC7,0x31,0xC7,0x31,0xC7,0x31,0xC7,0x31,0xC7,0x31,0xC7,0x31,0xC7,0x31,
    0xC7,0x31,0xC7,0x31,0xC7,0x31,0xC7,0x31,0xC7,0x31,0xC7,0x31,0xC7,0x31,0xC7,0x31,
    0xC7,0x31,0xC7,0x31,0xC7,0x31,0xC7,0x31,0xC7,0x31,0xC7,0x31,0xC7,0x31,0xC7,0x31,
    0xC7,0x31,0xC7,0x31,0xC7,0x31,0xC7,0x31,0xC7,0x31,0xC7,0x31,0xC7,0x31,0xC7,0x31,
    0xC7,0x31,0xC7,0x31,0xC7,0x31,0xC7,0x31,0xC7,0x31,0xC7,0x31,0xC7,0x31,0xC7,0x31,
    0xC7,0x31,0xC7,0x31,0xC7,0x31,0xC7,0x31,0xC7,0x31,0xC7,0x31,0xC7,0x31,0xC7,0x31,
    0xC7,0x31,0xC7,0x31,0xC7,0x31,0xC7,0x31,0xC7,0x31,0xC7,0x31,0xC7,0x31,0xC7,0x31,
    0xC7,0x31,0xC7,0x31,0xC7,0x31,0xC7,0x31,0xC7,0x31,0xC7,0x31,0xC7,0x31,0xC7,0x31,
    0xC7,0x31,0xC7,0x31,0xC7,0x31,0xC7,0x31,0xC7,0x31,0xC7,0x31,0xC7,0x31,0xC7,0x31,
    0xC7,0x31,0xC7,0x31,0xC7,0x31,0xD7,0xBD,0x7D,0xEF,0x1C,0xE7,0xBA,0xD6,0x18,0xC6,
    0xF3,0x9C,0x0C,0x63,0x2C,0x63,0xEC,0x5A,0xE8,0x31,0xC7,0x31,0xC7,0x31,0x28,0x3A,
    0xDB,0xDE,0x5D,0xEF,0x18,0xC6,0x34,0xA5,0x71,0x8C,0xCF,0x7B,0x6D,0x6B,0x2C,0x63,
    0x0C,0x63,0x55,0xAD,0xCF,0x7B,0x49,0x4A,0x28,0x42,0xAA,0x52,0xCF,0x7B,0x8A,0x52,
    0x45,0x29,0x28,0x42,0xFB,0xDE,0xBE,0xF7,0x7D,0xEF,0xBA,0xD6,0x79,0xCE,0x75,0xAD,
    0xEB,0x5A,0x49,0x4A,0x8A,0x52,0xCB,0x5A,0x49,0x42,0xC7,0x31,0xC7,0x31,0xC7,0x31,
    0xC7,0x31,0xC7,0x31,0xC7,0x31,0xC7,0x31,0xC7,0x31,0xC7,0x31,0xC7,0x31,0xC7,0x31,
    0xC7,0x31,0xC7,0x31,0xC7,0x31,0xC7,0x31,0xC7,0x31,0xC7,0x31,0xC7,0x31,0xC7,0x31,
    0xC7,0x31,0xC7,0x31,0xC7,0x31,0xC7,0x31,0xC7,0x31,0xC7,0x31,0xC7,0x31,0xC7,0x31,
    0xC7,0x31,0xC7,0x31,0xC7,0x31,0xC7,0x31,0xC7,0x31,0xC7,0x31,0xC7,0x31,0xC7,0x31,
    0xC7,0x31,0xC7,0x31,0xC7,0x31,0xC7,0x31,0xC7,0x31,0xC7,0x31,0xC7,0x31,0xC7,0x31,
    0xC7,0x31,0xC7,0x31,0xC7,0x31,0xC7,0x31,0xC7,0x31,0xC7,0x31,0xC7,0x31,0xC7,0x31,
    0xC7,0x31,0xC7,0x31,0xC7,0x31,0xC7,0x31,0xC7,0x31,0xC7,0x31,0xC7,0x31,0xC7,0x31,
    0xC7,0x31,0xC7,0x31,0xC7,0x31,0xC7,0x31,0xC7,0x31,0xC7,0x31,0xC7,0x31,0xC7,0x31,
    0xC7,0x31,0xC7,0x31,0xC7,0x31,0xC7,0x31,0xC7,0x31,0xC7,0x31,0xC7,0x31,0xC7,0x31,
    0xC7,0x31,0xC7,0x31,0xC7,0x31,0xC7,0x31,0xC7,0x31,0xC7,0x31,0xC7,0x31,0xC7,0x31,
    0xC7,0x31,0xC7,0x31,0x49,0x42,0x79,0xCE,0x3C,0xE7,0xFB,0xDE,0x9A,0xD6,0xF7,0xBD,
    0x71,0x8C,0x2C,0x63,0x2C,0x63,0xC7,0x31,0xC7,0x31,0xC7,0x31,0xC7,0x31,0x8A,0x4A,
    0xDB,0xDE,0xBA,0xD6,0xD7,0xBD,0x34,0xA5,0x92,0x94,0x71,0x8C,0xB6,0xB5,0xF7,0xBD,
    0xD3,0x9C,0xEF,0x7B,0x0C,0x63,0xAA,0x52,0xCB,0x5A,0x0C,0x63,0x49,0x4A,0x28,0x42,
    0xCB,0x5A,0x0C,0x63,0xD7,0xBD,0xDB,0xDE,0xBA,0xD6,0xDB,0xDE,0x14,0xA5,0xAA,0x52,
    0x69,0x4A,0x8A,0x52,0xEB,0x5A,0x8A,0x4A,0xC7,0x31,0xC7,0x31,0xC7,0x31,0xC7,0x31,
    0xC7,0x31,0xC7,0x31,0xC7,0x31,0xC7,0x31,0xC7,0x31,0xC7,0x31,0xC7,0x31,0xC7,0x31,
    0xC7,0x31,0xC7,0x31,0xC7,0x31,0xC7,0x31,0xC7,0x31,0xC7,0x31,0xC7,0x31,0xC7,0x31,
    0xC7,0x31,0xC7,0x31,0xC7,0x31,0xC7,0x31,0xC7,0x31,0xC7,0x31,0xC7,0x31,0xC7,0x31,
    0xC7,0x31,0xC7,0x31,0xC7,0x31,0xC7,0x31,0xC7,0x31,0xC7,0x31,0xC7,0x31,0xC7,0x31,
    0xC7,0x31,0xC7,0x31,0xC7,0x31,0xC7,0x31,0xC7,0x31,0xC7,0x31,0xC7,0x31,0xC7,0x31,
    0xC7,0x31,0xC7,0x31,0xC7,0x31,0xC7,0x31,0xC7,0x31,0xC7,0x31,0xC7,0x31,0xC7,0x31,
    0xC7,0x31,0xC7,0x31,0xC7,0x31,0xC7,0x31,0xC7,0x31,0xC7,0x31,0xC7,0x31,0xC7,0x31,
    0xC7,0x31,0xC7,0x31,0xC7,0x31,0xC7,0x31,0xC7,0x31,0xC7,0x31,0xC7,0x31,0xC7,0x31,
    0xC7,0x31,0xC7,0x31,0xC7,0x31,0xC7,0x31,0xC7,0x31,0xC7,0x31,0xC7,0x31,0xC7,0x31,
    0xC7,0x31,0xC7,0x31,0xC7,0x31,0xC7,0x31,0xC7,0x31,0xC7,0x31,0xC7,0x31,0xC7,0x31,
    0xC7,0x31,0xC7,0x31,0x0C,0x63,0xBA,0xD6,0x1C,0xE7,0xFB,0xDE,0x9A,0xD6,0xF7,0xBD,
    0x30,0x84,0x6D,0x6B,0xCB,0x5A,0xC7,0x31,0xC7,0x31,0xC7,0x31,0xC7,0x31,0xC7,0x31,
    0x9A,0xD6,0x3C,0xE7,0x18,0xC6,0x75,0xAD,0x96,0xB5,0xBA,0xD6,0x38,0xC6,0x6D,0x6B,
    0x6E,0x6B,0xAE,0x73,0xEB,0x5A,0xEB,0x5A,0x0C,0x63,0x30,0x84,0xC7,0x39,0x28,0x42,
    0x10,0x84,0xB2,0x94,0x34,0xA5,0x9A,0xD6,0x79,0xCE,0x51,0x8C,0x69,0x4A,0x69,0x4A,
    0x8A,0x52,0xEB,0x5A,0xAA,0x52,0xC7,0x31,0xC7,0x31,0xC7,0x31,0xC7,0x31,0xC7,0x31,
    0xC7,0x31,0xC7,0x31,0xC7,0x31,0xC7,0x31,0xC7,0x31,0xC7,0x31,0xC7,0x31,0xC7,0x31,
    0xC7,0x31,0xC7,0x31,0xC7,0x31,0xC7,0x31,0xC7,0x31,0xC7,0x31,0xC7,0x31,0xC7,0x31,
    0xC7,0x31,0xC7,0x31,0xC7,0x31,0xC7,0x31,0xC7,0x31,0xC7,0x31,0xC7,0x31,0xC7,0x31,
    0xC7,0x31,0xC7,0x31,0xC7,0x31,0xC7,0x31,0xC7,0x31,0xC7,0x31,0xC7,0x31,0xC7,0x31,
    0xC7,0x31,0xC7,0x31,0xC7,0x31,0xC7,0x31,0xC7,0x31,0xC7,0x31,0xC7,0x31,0xC7,0x31,
    0xC7,0x31,0xC7,0x31,0xC7,0x31,0xC7,0x31,0xC7,0x31,0xC7,0x31,0xC7,0x31,0xC7,0x31,
    0xC7,0x31,0xC7,0x31,0xC7,0x31,0xC7,0x31,0xC7,0x31,0xC7,0x31,0xC7,0x31,0xC7,0x31,
    0xC7,0x31,0xC7,0x31,0xC7,0x31,0xC7,0x31,0xC7,0x31,0xC7,0x31,0xC7,0x31,0xC7,0x31,
    0xC7,0x31,0xC7,0x31,0xC7,0x31,0xC7,0x31,0xC7,0x31,0xC7,0x31,0xC7,0x31,0xC7,0x31,
    0xC7,0x31,0xC7,0x31,0xC7,0x31,0xC7,0x31,0xC7,0x31,0xC7,0x31,0xC7,0x31,0xC7,0x31,
    0xC7,0x31,0xC7,0x31,0x2D,0x63,0xDB,0xDE,0x1C,0xE7,0xDB,0xDE,0x9A,0xD6,0xF7,0xBD,
    0x10,0x84,0x4D,0x6B,0x49,0x42,0xC7,0x31,0xC7,0x31,0xC7,0x31,0xC7,0x31,0xC7,0x31,
    0xD7,0xBD,0x9E,0xF7,0x79,0xCE,0xBA,0xD6,0x1C,0xE7,0x75,0xAD,0xC7,0x31,0xC7,0x31,
    0x8E,0x73,0x92,0x94,0x8A,0x52,0x49,0x4A,0x69,0x4A,0xEB,0x5A,0x28,0x42,0x86,0x31,
    0x28,0x42,0xD3,0x9C,0xDB,0xDE,0xF7,0xBD,0x6D,0x6B,0x49,0x4A,0x8A,0x52,0x8A,0x52,
    0x0C,0x63,0xEC,0x5A,0xC7,0x31,0xC7,0x31,0xC7,0x31,0xC7,0x31,0xC7,0x31,0xC7,0x31,
    0xC7,0x31,0xC7,0x31,0xC7,0x31,0xC7,0x31,0xC7,0x31,0xC7,0x31,0xC7,0x31,0xC7,0x31,
    0xC7,0x31,0xC7,0x31,0xC7,0x31,0xC7,0x31,0xC7,0x31,0xC7,0x31,0xC7,0x31,0xC7,0x31,
    0xC7,0x31,0xC7,0x31,0xC7,0x31,0xC7,0x31,0xC7,0x31,0xC7,0x31,0xC7,0x31,0xC7,0x31,
    0xC7,0x31,0xC7,0x31,0xC7,0x31,0xC7,0x31,0xC7,0x31,0xC7,0x31,0xC7,0x31,0xC7,0x31,
    0xC7,0x31,0xC7,0x31,0xC7,0x31,0xC7,0x31,0xC7,0x31,0xC7,0x31,0xC7,0x31,0xC7,0x31,
    0xC7,0x31,0xC7,0x31,0xC7,0x31,0xC7,0x31,0xC7,0x31,0xC7,0x31,0xC7,0x31,0xC7,0x31,
    0xC7,0x31,0xC7,0x31,0xC7,0x31,0xC7,0x31,0xC7,0x31,0xC7,0x31,0xC7,0x31,0xC7,0x31,
    0xC7,0x31,0xC7,0x31,0xC7,0x31,0xC7,0x31,0xC7,0x31,0xC7,0x31,0xC7,0x31,0xC7,0x31,
    0xC7,0x31,0xC7,0x31,0xC7,0x31,0xC7,0x31,0xC7,0x31,0xC7,0x31,0xC7,0x31,0xC7,0x31,
    0xC7,0x31,0xC7,0x31,0xC7,0x31,0xC7,0x31,0xC7,0x31,0xC7,0x31,0xC7,0x31,0xC7,0x31,
    0xC7,0x31,0xC7,0x31,0xCB,0x5A,0x9A,0xD6,0x1C,0xE7,0xDB,0xDE,0x9A,0xD6,0xF7,0xBD,
    0x71,0x8C,0x2C,0x63,0xC7,0x31,0xC7,0x31,0xC7,0x31,0xC7,0x31,0xC7,0x31,0xC7,0x31,
    0x31,0x84,0x7D,0xEF,0x1C,0xE7,0xBA,0xD6,0xB3,0x94,0xAE,0x73,0x14,0xA5,0x96,0xB5,
    0x14,0xA5,0x2C,0x63,0x8A,0x52,0x08,0x42,0xCB,0x5A,0x8A,0x52,0x69,0x4A,0x8E,0x73,
    0x59,0xCE,0xDB,0xDE,0xB2,0x94,0xAA,0x52,0x69,0x4A,0x8A,0x52,0xAA,0x52,0xEB,0x5A,
    0xEB,0x5A,0xC7,0x31,0xC7,0x31,0xC7,0x31,0xC7,0x31,0xC7,0x31,0xC7,0x31,0xC7,0x31,
    0xC7,0x31,0xC7,0x31,0xC7,0x31,0xC7,0x31,0xC7,0x31,0xC7,0x31,0xC7,0x31,0xC7,0x31,
    0xC7,0x31,0xC7,0x31,0xC7,0x31,0xC7,0x31,0xC7,0x31,0xC7,0x31,0xC7,0x31,0xC7,0x31,
    0xC7,0x31,0xC7,0x31,0xC7,0x31,0xC7,0x31,0xC7,0x31,0xC7,0x31,0xC7,0x31,0xC7,0x31,
    0xC7,0x31,0xC7,0x31,0xC7,0x31,0xC7,0x31,0xC7,0x31,0xC7,0x31,0xC7,0x31,0xC7,0x31,
    0xC7,0x31,0xC7,0x31,0xC7,0x31,0xC7,0x31,0xC7,0x31,0xC7,0x31,0xC7,0x31,0xC7,0x31,
    0xC7,0x31,0xC7,0x31,0xC7,0x31,0xC7,0x31,0xC7,0x31,0xC7,0x31,0xC7,0x31,0xC7,0x31,
    0xC7,0x31,0xC7,0x31,0xC7,0x31,0xC7,0x31,0xC7,0x31,0xC7,0x31,0xC7,0x31,0xC7,0x31,
    0xC7,0x31,0xC7,0x31,0xC7,0x31,0xC7,0x31,0xC7,0x31,0xC7,0x31,0xC7,0x31,0xC7,0x31,
    0xC7,0x31,0xC7,0x31,0xC7,0x31,0xC7,0x31,0xC7,0x31,0xC7,0x31,0xC7,0x31,0xC7,0x31,
    0xC7,0x31,0xC7,0x31,0xC7,0x31,0xC7,0x31,0xC7,0x31,0xC7,0x31,0xC7,0x31,0xC7,0x31,
    0xC7,0x31,0xC7,0x31,0xE8,0x31,0x38,0xC6,0x3C,0xE7,0xDB,0xDE,0xBA,0xD6,0x38,0xC6,
    0xF3,0x9C,0xEB,0x5A,0xC7,0x31,0xC7,0x31,0xC7,0x31,0xC7,0x31,0xC7,0x31,0xC7,0x31,
    0xC7,0x31,0xD7,0xBD,0x9A,0xD6,0xD7,0xB5,0x96,0xAD,0x55,0xAD,0x92,0x94,0x4D,0x6B,
    0x28,0x42,0x08,0x42,0xCB,0x5A,0xAA,0x52,0x2C,0x63,0x30,0x84,0xF7,0xBD,0xFB,0xDE,
    0x96,0xB5,0x6D,0x6B,0x69,0x4A,0x69,0x4A,0x8A,0x52,0xCB,0x5A,0xCB,0x5A,0xAA,0x52,
    0xC7,0x31,0xC7,0x31,0xC7,0x31,0xC7,0x31,0xC7,0x31,0xC7,0x31,0xC7,0x31,0xC7,0x31,
    0xC7,0x31,0xC7,0x31,0xC7,0x31,0xC7,0x31,0xC7,0x31,0xC7,0x31,0xC7,0x31,0xC7,0x31,
    0xC7,0x31,0xC7,0x31,0xC7,0x31,0xC7,0x31,0xC7,0x31,0xC7,0x31,0xC7,0x31,0xC7,0x31,
    0xC7,0x31,0xC7,0x31,0xC7,0x31,0xC7,0x31,0xC7,0x31,0xC7,0x31,0xC7,0x31,0xC7,0x31,
    0xC7,0x31,0xC7,0x31,0xC7,0x31,0xC7,0x31,0xC7,0x31,0xC7,0x31,0xC7,0x31,0xC7,0x31,
    0xC7,0x31,0xC7,0x31,0xC7,0x31,0xC7,0x31,0xC7,0x31,0xC7,0x31,0xC7,0x31,0xC7,0x31,
    0xC7,0x31,0xC7,0x31,0xC7,0x31,0xC7,0x31,0xC7,0x31,0xC7,0x31,0xC7,0x31,0xC7,0x31,
    0xC7,0x31,0xC7,0x31,0xC7,0x31,0xC7,0x31,0xC7,0x31,0xC7,0x31,0xC7,0x31,0xC7,0x31,
    0xC7,0x31,0xC7,0x31,0xC7,0x31,0xC7,0x31,0xC7,0x31,0xC7,0x31,0xC7,0x31,0xC7,0x31,
    0xC7,0x31,0xC7,0x31,0xC7,0x31,0xC7,0x31,0xC7,0x31,0xC7,0x31,0xC7,0x31,0xC7,0x31,
    0xC7,0x31,0xC7,0x31,0xC7,0x31,0xC7,0x31,0xC7,0x31,0xC7,0x31,0xC7,0x31,0xC7,0x31,
    0xC7,0x31,0xC7,0x31,0xC7,0x31,0xD3,0x9C,0x5D,0xEF,0xDB,0xDE,0xDB,0xDE,0x9A,0xD6,
    0xF7,0xBD,0x2C,0x63,0xC7,0x31,0xC7,0x31,0xC7,0x31,0xEC,0x5A,0x92,0x94,0x55,0xAD,
    0xD7,0xB5,0x55,0xAD,0xD3,0x9C,0xEF,0x7B,0xCB,0x5A,0x28,0x42,0x69,0x4A,0x8E,0x73,
    0x14,0xA5,0x9A,0xD6,0x9A,0xD6,0x92,0x94,0x18,0xC6,0xFB,0xDE,0xD7,0xBD,0xCF,0x7B,
    0x8A,0x52,0x69,0x4A,0x8A,0x52,0x8A,0x52,0xAA,0x52,0xEC,0x5A,0x49,0x42,0xC7,0x31,
    0xC7,0x31,0xC7,0x31,0xC7,0x31,0xC7,0x31,0xC7,0x31,0xC7,0x31,0xC7,0x31,0xC7,0x31,
    0xC7,0x31,0xC7,0x31,0xC7,0x31,0xC7,0x31,0xC7,0x31,0xC7,0x31,0xC7,0x31,0xC7,0x31,
    0xC7,0x31,0xC7,0x31,0xC7,0x31,0xC7,0x31,0xC7,0x31,0xC7,0x31,0xC7,0x31,0xC7,0x31,
    0xC7,0x31,0xC7,0x31,0xC7,0x31,0xC7,0x31,0xC7,0x31,0xC7,0x31,0xC7,0x31,0xC7,0x31,
    0xC7,0x31,0xC7,0x31,0xC7,0x31,0xC7,0x31,0xC7,0x31,0xC7,0x31,0xC7,0x31,0xC7,0x31,
    0xC7,0x31,0xC7,0x31,0xC7,0x31,0xC7,0x31,0xC7,0x31,0xC7,0x31,0xC7,0x31,0xC7,0x31,
    0xC7,0x31,0xC7,0x31,0xC7,0x31,0xC7,0x31,0xC7,0x31,0xC7,0x31,0xC7,0x31,0xC7,0x31,
    0xC7,0x31,0xC7,0x31,0xC7,0x31,0xC7,0x31,0xC7,0x31,0xC7,0x31,0xC7,0x31,0xC7,0x31,
    0xC7,0x31,0xC7,0x31,0xC7,0x31,0xC7,0x31,0xC7,0x31,0xC7,0x31,0xC7,0x31,0xC7,0x31,
    0xC7,0x31,0xC7,0x31,0xC7,0x31,0xC7,0x31,0xC7,0x31,0xC7,0x31,0xC7,0x31,0xC7,0x31,
    0xC7,0x31,0xC7,0x31,0xC7,0x31,0xC7,0x31,0xC7,0x31,0xC7,0x31,0xC7,0x31,0xC7,0x31,
    0xC7,0x31,0xC7,0x31,0xC7,0x31,0x6A,0x4A,0x38,0xC6,0x1C,0xE7,0xDB,0xDE,0xBA,0xD6,
    0xBA,0xD6,0x55,0xAD,0xAE,0x73,0xD3,0x9C,0xD7,0xBD,0xF7,0xBD,0xB6,0xB5,0xB2,0x94,
    0x6D,0x6B,0x69,0x4A,0x49,0x4A,0x2C,0x63,0x71,0x8C,0xF7,0xBD,0x3C,0xE7,0xFF,0xFF,
    0xFF,0xFF,0x7D,0xEF,0x1C,0xE7,0xDB,0xDE,0xB6,0xB5,0xEF,0x7B,0xAA,0x52,0x49,0x4A,
    0x69,0x4A,0x8A,0x52,0x8A,0x52,0x8A,0x52,0x0C,0x63,0xC7,0x31,0xC7,0x31,0xC7,0x31,
    0xC7,0x31,0xC7,0x31,0xC7,0x31,0xC7,0x31,0xC7,0x31,0xC7,0x31,0xC7,0x31,0xC7,0x31,
    0xC7,0x31,0xC7,0x31,0xC7,0x31,0xC7,0x31,0xC7,0x31,0xC7,0x31,0xC7,0x31,0xC7,0x31,
    0xC7,0x31,0xC7,0x31,0xC7,0x31,0xC7,0x31,0xC7,0x31,0xC7,0x31,0xC7,0x31,0xC7,0x31,
    0xC7,0x31,0xC7,0x31,0xC7,0x31,0xC7,0x31,0xC7,0x31,0xC7,0x31,0xC7,0x31,0xC7,0x31,
    0xC7,0x31,0xC7,0x31,0xC7,0x31,0xC7,0x31,0xC7,0x31,0xC7,0x31,0xC7,0x31,0xC7,0x31,
    0xC7,0x31,0xC7,0x31,0xC7,0x31,0xC7,0x31,0xC7,0x31,0xC7,0x31,0xC7,0x31,0xC7,0x31,
    0xC7,0x31,0xC7,0x31,0xC7,0x31,0xC7,0x31,0xC7,0x31,0xC7,0x31,0xC7,0x31,0xC7,0x31,
    0xC7,0x31,0xC7,0x31,0xC7,0x31,0xC7,0x31,0xC7,0x31,0xC7,0x31,0xC7,0x31,0xC7,0x31,
    0xC7,0x31,0xC7,0x31,0xC7,0x31,0xC7,0x31,0xC7,0x31,0xC7,0x31,0xC7,0x31,0xC7,0x31,
    0xC7,0x31,0xC7,0x31,0xC7,0x31,0xC7,0x31,0xC7,0x31,0xC7,0x31,0xC7,0x31,0xC7,0x31,
    0xC7,0x31,0xC7,0x31,0xC7,0x31,0xC7,0x31,0xC7,0x31,0xC7,0x31,0xC7,0x31,0xC7,0x31,
    0xC7,0x31,0xC7,0x31,0xC7,0x31,0xC7,0x31,0xCF,0x7B,0x9A,0xD6,0x1C,0xE7,0xDB,0xDE,
    0xBA,0xD6,0xBA,0xD6,0xDB,0xDE,0x79,0xCE,0x92,0x94,0x0C,0x63,0x69,0x4A,0xCB,0x5A,
    0xCF,0x7B,0x34,0xA5,0x9A,0xD6,0x7D,0xEF,0xDF,0xFF,0xBE,0xF7,0x3C,0xE7,0xDB,0xDE,
    0x9A,0xD6,0x18,0xC6,0x14,0xA5,0xAE,0x73,0xAA,0x52,0x49,0x4A,0x69,0x4A,0x8A,0x52,
    0x8A,0x52,0x8A,0x52,0x8A,0x52,0xCB,0x5A,0xCB,0x5A,0xC7,0x31,0xC7,0x31,0xC7,0x31,
    0xC7,0x31,0xC7,0x31,0xC7,0x31,0xC7,0x31,0xC7,0x31,0xC7,0x31,0xC7,0x31,0xC7,0x31,
    0xC7,0x31,0xC7,0x31,0xC7,0x31,0xC7,0x31,0xC7,0x31,0xC7,0x31,0xC7,0x31,0xC7,0x31,
    0xC7,0x31,0xC7,0x31,0xC7,0x31,0xC7,0x31,0xC7,0x31,0xC7,0x31,0xC7,0x31,0xC7,0x31,
    0xC7,0x31,0xC7,0x31,0xC7,0x31,0xC7,0x31,0xC7,0x31,0xC7,0x31,0xC7,0x31,0xC7,0x31,
    0xC7,0x31,0xC7,0x31,0xC7,0x31,0xC7,0x31,0xC7,0x31,0xC7,0x31,0xC7,0x31,0xC7,0x31,
    0xC7,0x31,0xC7,0x31,0xC7,0x31,0xC7,0x31,0xC7,0x31,0xC7,0x31,0xC7,0x31,0xC7,0x31,
    0xC7,0x31,0xC7,0x31,0xC7,0x31,0xC7,0x31,0xC7,0x31,0xC7,0x31,0xC7,0x31,0xC7,0x31,
    0xC7,0x31,0xC7,0x31,0xC7,0x31,0xC7,0x31,0xC7,0x31,0xC7,0x31,0xC7,0x31,0xC7,0x31,
    0xC7,0x31,0xC7,0x31,0xC7,0x31,0xC7,0x31,0xC7,0x31,0xC7,0x31,0xC7,0x31,0xC7,0x31,
    0xC7,0x31,0xC7,0x31,0xC7,0x31,0xC7,0x31,0xC7,0x31,0xC7,0x31,0xC7,0x31,0xC7,0x31,
    0xC7,0x31,0xC7,0x31,0xC7,0x31,0xC7,0x31,0xC7,0x31,0xC7,0x31,0xC7,0x31,0xC7,0x31,
    0xC7,0x31,0xC7,0x31,0xC7,0x31,0xC7,0x31,0xC7,0x31,0x6D,0x6B,0xF7,0xBD,0xFB,0xDE,
    0xFB,0xDE,0xDB,0xDE,0xDB,0xDE,0xBA,0xD6,0x38,0xC6,0xD7,0xBD,0x75,0xAD,0x59,0xCE,
    0x1C,0xE7,0x3C,0xE7,0x1C,0xE7,0xDB,0xDE,0xBA,0xD6,0x9A,0xD6,0x18,0xC6,0x55,0xAD,
    0x30,0x84,0x2C,0x63,0x8A,0x52,0x69,0x4A,0x8A,0x52,0x8A,0x52,0x8A,0x52,0x8A,0x52,
    0xAA,0x52,0xAA,0x52,0xAA,0x52,0x0C,0x63,0xCB,0x5A,0xC7,0x31,0xC7,0x31,0xC7,0x31,
    0xC7,0x31,0xC7,0x31,0xC7,0x31,0xC7,0x31,0xC7,0x31,0xC7,0x31,0xC7,0x31,0xC7,0x31,
    0xC7,0x31,0xC7,0x31,0xC7,0x31,0xC7,0x31,0xC7,0x31,0xC7,0x31,0xC7,0x31,0xC7,0x31,
    0xC7,0x31,0xC7,0x31,0xC7,0x31,0xC7,0x31,0xC7,0x31,0xC7,0x31,0xC7,0x31,0xC7,0x31,
    0xC7,0x31,0xC7,0x31,0xC7,0x31,0xC7,0x31,0xC7,0x31,0xC7,0x31,0xC7,0x31,0xC7,0x31,
    0xC7,0x31,0xC7,0x31,0xC7,0x31,0xC7,0x31,0xC7,0x31,0xC7,0x31,0xC7,0x31,0xC7,0x31,
    0xC7,0x31,0xC7,0x31,0xC7,0x31,0xC7,0x31,0xC7,0x31,0xC7,0x31,0xC7,0x31,0xC7,0x31,
    0xC7,0x31,0xC7,0x31,0xC7,0x31,0xC7,0x31,0xC7,0x31,0xC7,0x31,0xC7,0x31,0xC7,0x31,
    0xC7,0x31,0xC7,0x31,0xC7,0x31,0xC7,0x31,0xC7,0x31,0xC7,0x31,0xC7,0x31,0xC7,0x31,
    0xC7,0x31,0xC7,0x31,0xC7,0x31,0xC7,0x31,0xC7,0x31,0xC7,0x31,0xC7,0x31,0xC7,0x31,
    0xC7,0x31,0xC7,0x31,0xC7,0x31,0xC7,0x31,0xC7,0x31,0xC7,0x31,0xC7,0x31,0xC7,0x31,
    0xC7,0x31,0xC7,0x31,0xC7,0x31,0xC7,0x31,0xC7,0x31,0xC7,0x31,0xC7,0x31,0xC7,0x31,
    0xC7,0x31,0xC7,0x31,0xC7,0x31,0xC7,0x31,0xC7,0x31,0xC7,0x31,0x08,0x3A,0x51,0x8C,
    0x96,0xB5,0x59,0xCE,0x79,0xCE,0x9A,0xD6,0xBA,0xD6,0xFB,0xDE,0xFB,0xDE,0xBA,0xD6,
    0x9A,0xD6,0x59,0xCE,0xF7,0xBD,0x75,0xAD,0xD3,0x9C,0xEF,0x7B,0x2C,0x63,0xAA,0x52,
    0x8A,0x52,0x8A,0x52,0x8A,0x52,0x8A,0x52,0xAA,0x52,0xEB,0x5A,0xCB,0x5A,0xCB,0x5A,
    0xCB,0x5A,0xAA,0x52,0xCB,0x5A,0xCB,0x5A,0x29,0x42,0xC7,0x31,0xC7,0x31,0xC7,0x31,
    0xC7,0x31,0xC7,0x31,0xC7,0x31,0xC7,0x31,0xC7,0x31,0xC7,0x31,0xC7,0x31,0xC7,0x31,
    0xC7,0x31,0xC7,0x31,0xC7,0x31,0xC7,0x31,0xC7,0x31,0xC7,0x31,0xC7,0x31,0xC7,0x31,
    0xC7,0x31,0xC7,0x31,0xC7,0x31,0xC7,0x31,0xC7,0x31,0xC7,0x31,0xC7,0x31,0xC7,0x31,
    0xC7,0x31,0xC7,0x31,0xC7,0x31,0xC7,0x31,0xC7,0x31,0xC7,0x31,0xC7,0x31,0xC7,0x31,
    0xC7,0x31,0xC7,0x31,0xC7,0x31,0xC7,0x31,0xC7,0x31,0xC7,0x31,0xC7,0x31,0xC7,0x31,
    0xC7,0x31,0xC7,0x31,0xC7,0x31,0xC7,0x31,0xC7,0x31,0xC7,0x31,0xC7,0x31,0xC7,0x31,
    0xC7,0x31,0xC7,0x31,0xC7,0x31,0xC7,0x31,0xC7,0x31,0xC7,0x31,0xC7,0x31,0xC7,0x31,
    0xC7,0x31,0xC7,0x31,0xC7,0x31,0xC7,0x31,0xC7,0x31,0xC7,0x31,0xC7,0x31,0xC7,0x31,
    0xC7,0x31,0xC7,0x31,0xC7,0x31,0xC7,0x31,0xC7,0x31,0xC7,0x31,0xC7,0x31,0xC7,0x31,
    0xC7,0x31,0xC7,0x31,0xC7,0x31,0xC7,0x31,0xC7,0x31,0xC7,0x31,0xC7,0x31,0xC7,0x31,
    0xC7,0x31,0xC7,0x31,0xC7,0x31,0xC7,0x31,0xC7,0x31,0xC7,0x31,0xC7,0x31,0xC7,0x31,
    0xC7,0x31,0xC7,0x31,0xC7,0x31,0xC7,0x31,0xC7,0x31,0xC7,0x31,0xC7,0x31,0xC7,0x31,
    0x49,0x42,0x8E,0x73,0x30,0x84,0x92,0x94,0xB2,0x94,0x92,0x94,0x51,0x8C,0xEF,0x7B,
    0xCF,0x7B,0x6D,0x6B,0x0C,0x63,0xCB,0x5A,0x8A,0x52,0xAA,0x52,0xAA,0x52,0x8A,0x52,
    0x49,0x4A,0xAA,0x52,0xEB,0x5A,0x0C,0x63,0xEB,0x5A,0xCB,0x5A,0x8E,0x73,0x4D,0x6B,
    0x0C,0x63,0xEB,0x5A,0xCB,0x5A,0x6A,0x4A,0xC7,0x31,0xC7,0x31,0xC7,0x31,0xC7,0x31,
    0xC7,0x31,0xC7,0x31,0xC7,0x31,0xC7,0x31,0xC7,0x31,0xC7,0x31,0xC7,0x31,0xC7,0x31,
    0xC7,0x31,0xC7,0x31,0xC7,0x31,0xC7,0x31,0xC7,0x31,0xC7,0x31,0xC7,0x31,0xC7,0x31,
    0xC7,0x31,0xC7,0x31,0xC7,0x31,0xC7,0x31,0xC7,0x31,0xC7,0x31,0xC7,0x31,0xC7,0x31,
    0xC7,0x31,0xC7,0x31,0xC7,0x31,0xC7,0x31,0xC7,0x31,0xC7,0x31,0xC7,0x31,0xC7,0x31,
    0xC7,0x31,0xC7,0x31,0xC7,0x31,0xC7,0x31,0xC7,0x31,0xC7,0x31,0xC7,0x31,0xC7,0x31,
    0xC7,0x31,0xC7,0x31,0xC7,0x31,0xC7,0x31,0xC7,0x31,0xC7,0x31,0xC7,0x31,0xC7,0x31,
    0xC7,0x31,0xC7,0x31,0xC7,0x31,0xC7,0x31,0xC7,0x31,0xC7,0x31,0xC7,0x31,0xC7,0x31,
    0xC7,0x31,0xC7,0x31,0xC7,0x31,0xC7,0x31,0xC7,0x31,0xC7,0x31,0xC7,0x31,0xC7,0x31,
    0xC7,0x31,0xC7,0x31,0xC7,0x31,0xC7,0x31,0xC7,0x31,0xC7,0x31,0xC7,0x31,0xC7,0x31,
    0xC7,0x31,0xC7,0x31,0xC7,0x31,0xC7,0x31,0xC7,0x31,0xC7,0x31,0xC7,0x31,0xC7,0x31,
    0xC7,0x31,0xC7,0x31,0xC7,0x31,0xC7,0x31,0xC7,0x31,0xC7,0x31,0xC7,0x31,0xC7,0x31,
    0xC7,0x31,0xC7,0x31,0xC7,0x31,0xC7,0x31,0xC7,0x31,0xC7,0x31,0xC7,0x31,0xC7,0x31,
    0xC7,0x31,0xC7,0x31,0x08,0x3A,0xCB,0x52,0x4D,0x6B,0x8E,0x6B,0x4D,0x6B,0x4D,0x6B,
    0x4D,0x6B,0x4D,0x6B,0x2C,0x63,0x2C,0x63,0x0C,0x63,0x4D,0x6B,0x2C,0x63,0xEB,0x5A,
    0x2C,0x63,0xEB,0x5A,0xAB,0x52,0xAA,0x52,0xC7,0x31,0xC7,0x31,0xCB,0x5A,0x2C,0x63,
    0xCB,0x52,0x8A,0x4A,0x49,0x42,0xE8,0x39,0xC7,0x31,0xC7,0x31,0xC7,0x31,0xC7,0x31,
    0xC7,0x31,0xC7,0x31,0xC7,0x31,0xC7,0x31,0xC7,0x31,0xC7,0x31,0xC7,0x31,0xC7,0x31,
    0xC7,0x31,0xC7,0x31,0xC7,0x31,0xC7,0x31,0xC7,0x31,0xC7,0x31,0xC7,0x31,0xC7,0x31,
    0xC7,0x31,0xC7,0x31,0xC7,0x31,0xC7,0x31,0xC7,0x31,0xC7,0x31,0xC7,0x31,0xC7,0x31,
    0xC7,0x31,0xC7,0x31,0xC7,0x31,0xC7,0x31,0xC7,0x31,0xC7,0x31,0xC7,0x31,0xC7,0x31,
    0xC7,0x31,0xC7,0x31,0xC7,0x31,0xC7,0x31,0xC7,0x31,0xC7,0x31,0xC7,0x31,0xC7,0x31,
    0xC7,0x31,0xC7,0x31,0xC7,0x31,0xC7,0x31,0xC7,0x31,0xC7,0x31,0xC7,0x31,0xC7,0x31,
    0xC7,0x31,0xC7,0x31,0xC7,0x31,0xC7,0x31,0xC7,0x31,0xC7,0x31,0xC7,0x31,0xC7,0x31,
    0xC7,0x31,0xC7,0x31,0xC7,0x31,0xC7,0x31,0xC7,0x31,0xC7,0x31,0xC7,0x31,0xC7,0x31,
    0xC7,0x31,0xC7,0x31,0xC7,0x31,0xC7,0x31,0xC7,0x31,0xC7,0x31,0xC7,0x31,0xC7,0x31,
    0xC7,0x31,0xC7,0x31,0xC7,0x31,0xC7,0x31,0xC7,0x31,0xC7,0x31,0xC7,0x31,0xC7,0x31,
    0xC7,0x31,0xC7,0x31,0xC7,0x31,0xC7,0x31,0xC7,0x31,0xC7,0x31,0xC7,0x31,0xC7,0x31,
    0xC7,0x31,0xC7,0x31,0xC7,0x31,0xC7,0x31,0xC7,0x31,0xC7,0x31,0xC7,0x31,0xC7,0x31,
    0xC7,0x31,0xC7,0x31,0xC7,0x31,0xC7,0x31,0xC7,0x31,0xE8,0x31,0xCB,0x5A,0xCB,0x5A,
    0xEB,0x5A,0x2C,0x63,0x0C,0x63,0x0C,0x63,0x2C,0x63,0xEB,0x5A,0x6D,0x6B,0x4D,0x6B,
    0x6D,0x6B,0xC7,0x31,0xC7,0x31,0xC7,0x31,0xC7,0x31,0xC7,0x31,0xC7,0x31,0xC7,0x31,
    0xC7,0x31,0xC7,0x31,0xC7,0x31,0xC7,0x31,0xC7,0x31,0xC7,0x31,0xC7,0x31,0xC7,0x31,
    0xC7,0x31,0xC7,0x31,0xC7,0x31,0xC7,0x31,0xC7,0x31,0xC7,0x31,0xC7,0x31,0xC7,0x31,
    0xC7,0x31,0xC7,0x31,0xC7,0x31,0xC7,0x31,0xC7,0x31,0xC7,0x31,0xC7,0x31,0xC7,0x31,
    0xC7,0x31,0xC7,0x31,0xC7,0x31,0xC7,0x31,0xC7,0x31,0xC7,0x31,0xC7,0x31,0xC7,0x31,
    0xC7,0x31,0xC7,0x31,0xC7,0x31,0xC7,0x31,0xC7,0x31,0xC7,0x31,0xC7,0x31,0xC7,0x31,
    0xC7,0x31,0xC7,0x31,0xC7,0x31,0xC7,0x31,0xC7,0x31,0xC7,0x31,0xC7,0x31,0xC7,0x31,
    0xC7,0x31,0xC7,0x31,0xC7,0x31,0xC7,0x31,0xC7,0x31,0xC7,0x31,0xC7,0x31,0xC7,0x31,
    0xC7,0x31,0xC7,0x31,0xC7,0x31,0xC7,0x31,0xC7,0x31,0xC7,0x31,0xC7,0x31,0xC7,0x31,
    0xC7,0x31,0xC7,0x31,0xC7,0x31,0xC7,0x31,0xC7,0x31,0xC7,0x31,0xC7,0x31,0xC7,0x31,
    0xC7,0x31,0xC7,0x31,0xC7,0x31,0xC7,0x31,0xC7,0x31,0xC7,0x31,0xC7,0x31,0xC7,0x31,
    0xC7,0x31,0xC7,0x31,0xC7,0x31,0xC7,0x31,0xC7,0x31,0xC7,0x31,0xC7,0x31,0xC7,0x31,
    0xC7,0x31,0xC7,0x31,0xC7,0x31,0xC7,0x31,0xC7,0x31,0xC7,0x31,0xC7,0x31,0xC7,0x31,
    0xC7,0x31,0xC7,0x31,0xC7,0x31,0xC7,0x31,0xC7,0x31,0xC7,0x31,0xC7,0x31,0xC7,0x31,
    0xC7,0x31,0xC7,0x31,0xC7,0x31,0xC7,0x31,0xC7,0x31,0xC7,0x31,0xC7,0x31,0xC7,0x31,
    0xC7,0x31,0xC7,0x31,0xC7,0x31,0xC7,0x31,0xC7,0x31,0xC7,0x31,0xC7,0x31,0xC7,0x31,
    0xC7,0x31,0xC7,0x31,0xC7,0x31,0xC7,0x31,0xC7,0x31,0xC7,0x31,0xC7,0x31,0xC7,0x31,
    0xC7,0x31,0xC7,0x31,0xC7,0x31,0xC7,0x31,0xC7,0x31,0xC7,0x31,0xC7,0x31,0xC7,0x31,
    0xC7,0x31,0xC7,0x31,0xC7,0x31,0xC7,0x31,0xC7,0x31,0xC7,0x31,0xC7,0x31,0xC7,0x31,
    0xC7,0x31,0xC7,0x31,0xC7,0x31,0xC7,0x31,0xC7,0x31,0xC7,0x31,0xC7,0x31,0xC7,0x31,
    0xC7,0x31,0xC7,0x31,0xC7,0x31,0xC7,0x31,0xC7,0x31,0xC7,0x31,0xC7,0x31,0xC7,0x31,
    0xC7,0x31,0xC7,0x31,0xC7,0x31,0xC7,0x31,0xC7,0x31,0xC7,0x31,0xC7,0x31,0xC7,0x31,
    0xC7,0x31,0xC7,0x31,0xC7,0x31,0xC7,0x31,0xC7,0x31,0xC7,0x31,0xC7,0x31,0xC7,0x31,
    0xC7,0x31,0xC7,0x31,0xC7,0x31,0xC7,0x31,0xC7,0x31,0xC7,0x31,0xC7,0x31,0xC7,0x31,
    0xC7,0x31,0xC7,0x31,0xC7,0x31,0xC7,0x31,0xC7,0x31,0xC7,0x31,0xC7,0x31,0xC7,0x31,
    0xC7,0x31,0xC7,0x31,0xC7,0x31,0xC7,0x31,0xC7,0x31,0xC7,0x31,0xC7,0x31,0xC7,0x31,
    0xC7,0x31,0xC7,0x31,0xC7,0x31,0xC7,0x31,0xC7,0x31,0xC7,0x31,0xC7,0x31,0xC7,0x31,
    0xC7,0x31,0xC7,0x31,0xC7,0x31,0xC7,0x31,0xC7,0x31,0xC7,0x31,0xC7,0x31,0xC7,0x31,
    0xC7,0x31,0xC7,0x31,0xC7,0x31,0xC7,0x31,0xC7,0x31,0xC7,0x31,0xC7,0x31,0xC7,0x31,
    0xC7,0x31,0xC7,0x31,0xC7,0x31,0xC7,0x31,0xC7,0x31,0xC7,0x31,0xC7,0x31,0xC7,0x31,
    0xC7,0x31,0xC7,0x31,0xC7,0x31,0xC7,0x31,0xC7,0x31,0xC7,0x31,0xC7,0x31,0xC7,0x31,
    0xC7,0x31,0xC7,0x31,0xC7,0x31,0xC7,0x31,0xC7,0x31,0xC7,0x31,0xC7,0x31,0xC7,0x31,
    0xC7,0x31,0xC7,0x31,0xC7,0x31,0xC7,0x31,0xC7,0x31,0xC7,0x31,0xC7,0x31,0xC7,0x31,
    0xC7,0x31,0xC7,0x31,0xC7,0x31,0xC7,0x31,0xC7,0x31,0xC7,0x31,0xC7,0x31,0xC7,0x31,
    0xC7,0x31,0xC7,0x31,0xC7,0x31,0xC7,0x31,0xC7,0x31,0xC7,0x31,0xC7,0x31,0xC7,0x31,
    0xC7,0x31,0xC7,0x31,0xC7,0x31,0xC7,0x31,0xC7,0x31,0xC7,0x31,0xC7,0x31,0xC7,0x31,
    0xC7,0x31,0xC7,0x31,0xC7,0x31,0xC7,0x31,0xC7,0x31,0xC7,0x31,0xC7,0x31,0xC7,0x31,
    0xC7,0x31,0xC7,0x31,0xC7,0x31,0xC7,0x31,0xC7,0x31,0xC7,0x31,0xC7,0x31,0xC7,0x31,
    0xC7,0x31,0xC7,0x31,0xC7,0x31,0xC7,0x31,0xC7,0x31,0xC7,0x31,0xC7,0x31,0xC7,0x31,
    0xC7,0x31,0xC7,0x31,0xC7,0x31,0xC7,0x31,0xC7,0x31,0xC7,0x31,0xC7,0x31,0xC7,0x31,
    0xC7,0x31,0xC7,0x31,0xC7,0x31,0xC7,0x31,0xC7,0x31,0xC7,0x31,0xC7,0x31,0xC7,0x31,
    0xC7,0x31,0xC7,0x31,0xC7,0x31,0xC7,0x31,0xC7,0x31,0xC7,0x31,0xC7,0x31,0xC7,0x31,
    0xC7,0x31,0xC7,0x31,0xC7,0x31,0xC7,0x31,0xC7,0x31,0xC7,0x31,0xC7,0x31,0xC7,0x31,
    0xC7,0x31,0xC7,0x31,0xC7,0x31,0xC7,0x31,0xC7,0x31,0xC7,0x31,0xC7,0x31,0xC7,0x31,
    0xC7,0x31,0xC7,0x31,0xC7,0x31,0xC7,0x31,0xC7,0x31,0xC7,0x31,0xC7,0x31,0xC7,0x31,
    0xC7,0x31,0xC7,0x31,0xC7,0x31,0xC7,0x31,0xC7,0x31,0xC7,0x31,0xC7,0x31,0xC7,0x31,
    0xC7,0x31,0xC7,0x31,0xC7,0x31,0xC7,0x31,0xC7,0x31,0xC7,0x31,0xC7,0x31,0xC7,0x31,
    0xC7,0x31,0xC7,0x31,0xC7,0x31,0xC7,0x31,0xC7,0x31,0xC7,0x31,0xC7,0x31,0xC7,0x31,
    0xC7,0x31,0xC7,0x31,0xC7,0x31,0xC7,0x31,0xC7,0x31,0xC7,0x31,0xC7,0x31,0xC7,0x31,
    0xC7,0x31,0xC7,0x31,0xC7,0x31,0xC7,0x31,0xC7,0x31,0xC7,0x31,0xC7,0x31,0xC7,0x31,
    0xC7,0x31,0xC7,0x31,0xC7,0x31,0xC7,0x31,0xC7,0x31,0xC7,0x31,0xC7,0x31,0xC7,0x31,
    0xC7,0x31,0xC7,0x31,0xC7,0x31,0xC7,0x31,0xC7,0x31,0xC7,0x31,0xC7,0x31,0xC7,0x31,
    0xC7,0x31,0xC7,0x31,0xC7,0x31,0xC7,0x31,0xC7,0x31,0xC7,0x31,0xC7,0x31,0xC7,0x31,
    0xC7,0x31,0xC7,0x31,0xC7,0x31,0xC7,0x31,0xC7,0x31,0xC7,0x31,0xC7,0x31,0xC7,0x31,
    0xC7,0x31,0xC7,0x31,0xC7,0x31,0xC7,0x31,0xC7,0x31,0xC7,0x31,0xC7,0x31,0xC7,0x31,
    0xC7,0x31,0xC7,0x31,0xC7,0x31,0xC7,0x31,0xC7,0x31,0xC7,0x31,0xC7,0x31,0xC7,0x31,
    0xC7,0x31,0xC7,0x31,0xC7,0x31,0xC7,0x31,0xC7,0x31,0xC7,0x31,0xC7,0x31,0xC7,0x31,
    0xC7,0x31,0xC7,0x31,0xC7,0x31,0xC7,0x31,0xC7,0x31,0xC7,0x31,0xC7,0x31,0xC7,0x31,
    0xC7,0x31,0xC7,0x31,0xC7,0x31,0xC7,0x31,0xC7,0x31,0xC7,0x31,0xC7,0x31,0xC7,0x31,
    0xC7,0x31,0xC7,0x31,0xC7,0x31,0xC7,0x31,0xC7,0x31,0xC7,0x31,0xC7,0x31,0xC7,0x31,
    0xC7,0x31,0xC7,0x31,0xC7,0x31,0xC7,0x31,0xC7,0x31,0xC7,0x31,0xC7,0x31,0xC7,0x31,
    0xC7,0x31,0xC7,0x31,0xC7,0x31,0xC7,0x31,0xC7,0x31,0xC7,0x31,0xC7,0x31,0xC7,0x31,
    0xC7,0x31,0xC7,0x31,0xC7,0x31,0xC7,0x31,0xC7,0x31,0xC7,0x31,0xC7,0x31,0xC7,0x31,
    0xC7,0x31,0xC7,0x31,0xC7,0x31,0xC7,0x31,0xC7,0x31,0xC7,0x31,0xC7,0x31,0xC7,0x31,
    0xC7,0x31,0xC7,0x31,0xC7,0x31,0xC7,0x31,0xC7,0x31,0xC7,0x31,0xC7,0x31,0xC7,0x31,
    0xC7,0x31,0xC7,0x31,0xC7,0x31,0xC7,0x31,0xC7,0x31,0xC7,0x31,0xC7,0x31,0xC7,0x31,
    0xC7,0x31,0xC7,0x31,0xC7,0x31,0xC7,0x31,0xC7,0x31,0xC7,0x31,0xC7,0x31,0xC7,0x31,
    0xC7,0x31,0xC7,0x31,0xC7,0x31,0xC7,0x31,0xC7,0x31,0xC7,0x31,0xC7,0x31,0xC7,0x31,
    0xC7,0x31,0xC7,0x31,0xC7,0x31,0xC7,0x31,0xC7,0x31,0xC7,0x31,0xC7,0x31,0xC7,0x31,
    0xC7,0x31,0xC7,0x31,0xC7,0x31,0xC7,0x31,0xC7,0x31,0xC7,0x31,0xC7,0x31,0xC7,0x31,
    0xC7,0x31,0xC7,0x31,0xC7,0x31,0xC7,0x31,0xC7,0x31,0xC7,0x31,0xC7,0x31,0xC7,0x31,
    0xC7,0x31,0xC7,0x31,0xC7,0x31,0xC7,0x31,0xC7,0x31,0xC7,0x31,0xC7,0x31,0xC7,0x31,
    0xC7,0x31,0xC7,0x31,0xC7,0x31,0xC7,0x31,0xC7,0x31,0xC7,0x31,0xC7,0x31,0xC7,0x31,
    0xC7,0x31,0xC7,0x31,0xC7,0x31,0xC7,0x31,0xC7,0x31,0xC7,0x31,0xC7,0x31,0xC7,0x31,
    0xC7,0x31,0xC7,0x31,0xC7,0x31,0xC7,0x31,0xC7,0x31,0xC7,0x31,0xC7,0x31,0xC7,0x31,
    0xC7,0x31,0xC7,0x31,0xC7,0x31,0xC7,0x31,0xC7,0x31,0xC7,0x31,0xC7,0x31,0xC7,0x31,
    0xC7,0x31,0xC7,0x31,0xC7,0x31,0xC7,0x31,0xC7,0x31,0xC7,0x31,0xC7,0x31,0xC7,0x31,
    0xC7,0x31,0xC7,0x31,0xC7,0x31,0xC7,0x31,0xC7,0x31,0xC7,0x31,0xC7,0x31,0xC7,0x31,
    0xC7,0x31,0xC7,0x31,0xC7,0x31,0xC7,0x31,0xC7,0x31,0xC7,0x31,0xC7,0x31,0xC7,0x31,
    0xC7,0x31,0xC7,0x31,0xC7,0x31,0xC7,0x31,0xC7,0x31,0xC7,0x31,0xC7,0x31,0xC7,0x31,
    0xC7,0x31,0xC7,0x31,0xC7,0x31,0xC7,0x31,0xC7,0x31,0xC7,0x31,0xC7,0x31,0xC7,0x31,
    0xC7,0x31,0xC7,0x31,0xC7,0x31,0xC7,0x31,0xC7,0x31,0xC7,0x31,0xC7,0x31,0xC7,0x31,
    0xC7,0x31,0xC7,0x31,0xC7,0x31,0xC7,0x31,0xC7,0x31,0xC7,0x31,0xC7,0x31,0xC7,0x31,
    0xC7,0x31,0xC7,0x31,0xC7,0x31,0xC7,0x31,0xC7,0x31,0xC7,0x31,0xC7,0x31,0xC7,0x31,
    0xC7,0x31,0xC7,0x31,0xC7,0x31,0xC7,0x31,0xC7,0x31,0xC7,0x31,0xC7,0x31,0xC7,0x31,
    0xC7,0x31,0xC7,0x31,0xC7,0x31,0xC7,0x31,0xC7,0x31,0xC7,0x31,0xC7,0x31,0xC7,0x31,
    0xC7,0x31,0xC7,0x31,0xC7,0x31,0xC7,0x31,0xC7,0x31,0xC7,0x31,0xC7,0x31,0xC7,0x31,
    0xC7,0x31,0xC7,0x31,0xC7,0x31,0xC7,0x31,0xC7,0x31,0xC7,0x31,0xC7,0x31,0xC7,0x31,
    0xC7,0x31,0xC7,0x31,0xC7,0x31,0xC7,0x31,0xC7,0x31,0xC7,0x31,0xC7,0x31,0xC7,0x31,
    0xC7,0x31,0xC7,0x31,0xC7,0x31,0xC7,0x31,0xC7,0x31,0xC7,0x31,0xC7,0x31,0xC7,0x31,
    0xC7,0x31,0xC7,0x31,0xC7,0x31,0xC7,0x31,0xC7,0x31,0xC7,0x31,0xC7,0x31,0xC7,0x31,
    0xC7,0x31,0xC7,0x31,0xC7,0x31,0xC7,0x31,0xC7,0x31,0xC7,0x31,0xC7,0x31,0xC7,0x31,
    0xC7,0x31,0xC7,0x31,0xC7,0x31,0xC7,0x31,0xC7,0x31,0xC7,0x31,0xC7,0x31,0xC7,0x31,
    0xC7,0x31,0xC7,0x31,0xC7,0x31,0xC7,0x31,0xC7,0x31,0xC7,0x31,0xC7,0x31,0xC7,0x31,
    0xC7,0x31,0xC7,0x31,0xC7,0x31,0xC7,0x31,0xC7,0x31,0xC7,0x31,0xC7,0x31,0xC7,0x31,
    0xC7,0x31,0xC7,0x31,0xC7,0x31,0xC7,0x31,0xC7,0x31,0xC7,0x31,0xC7,0x31,0xC7,0x31,
    0xC7,0x31,0xC7,0x31,0xC7,0x31,0xC7,0x31,0xC7,0x31,0xC7,0x31,0xC7,0x31,0xC7,0x31,
    0xC7,0x31,0xC7,0x31,0xC7,0x31,0xC7,0x31,0xC7,0x31,0xC7,0x31,0xC7,0x31,0xC7,0x31,
    0xC7,0x31,0xC7,0x31,0xC7,0x31,0xC7,0x31,0xC7,0x31,0xC7,0x31,0xC7,0x31,0xC7,0x31,
    0xC7,0x31,0xC7,0x31,0xC7,0x31,0xC7,0x31,0xC7,0x31,0xC7,0x31,0xC7,0x31,0xC7,0x31,
    0xC7,0x31,0xC7,0x31,0xC7,0x31,0xC7,0x31,0xC7,0x31,0xC7,0x31,0xC7,0x31,0xC7,0x31,
    0xC7,0x31,0xC7,0x31,0xC7,0x31,0xC7,0x31,0xC7,0x31,0xC7,0x31,0xC7,0x31,0xC7,0x31,
    0xC7,0x31,0xC7,0x31,0xC7,0x31,0xC7,0x31,0xC7,0x31,0xC7,0x31,0xC7,0x31,0xC7,0x31,
    0xC7,0x31,0xC7,0x31,0xC7,0x31,0xC7,0x31,0xC7,0x31,0xC7,0x31,0xC7,0x31,0xC7,0x31,
    0xC7,0x31,0xC7,0x31,0xC7,0x31,0xC7,0x31,0xC7,0x31,0xC7,0x31,0xC7,0x31,0xC7,0x31,
    0xC7,0x31,0xC7,0x31,0xC7,0x31,0xC7,0x31,0xC7,0x31,0xC7,0x31,0xC7,0x31,0xC7,0x31,
    0xC7,0x31,0xC7,0x31,0xC7,0x31,0xC7,0x31,0xC7,0x31,0xC7,0x31,0xC7,0x31,0xC7,0x31,
    0xC7,0x31,0xC7,0x31,0xC7,0x31,0xC7,0x31,0xC7,0x31,0xC7,0x31,0xC7,0x31,0xC7,0x31,
    0xC7,0x31,0xC7,0x31,0xC7,0x31,0xC7,0x31,0xC7,0x31,0xC7,0x31,0xC7,0x31,0xC7,0x31,
    0xC7,0x31,0xC7,0x31,0xC7,0x31,0xC7,0x31,0xC7,0x31,0xC7,0x31,0xC7,0x31,0xC7,0x31,
    0xC7,0x31,0xC7,0x31,0xC7,0x31,0xC7,0x31,0xC7,0x31,0xC7,0x31,0xC7,0x31,0xC7,0x31,
    0xC7,0x31,0xC7,0x31,0xC7,0x31,0xC7,0x31,0xC7,0x31,0xC7,0x31,0xC7,0x31,0xC7,0x31,
    0xC7,0x31,0xC7,0x31,0xC7,0x31,0xC7,0x31,0xC7,0x31,0xC7,0x31,0xC7,0x31,0xC7,0x31,
    0xC7,0x31,0xC7,0x31,0xC7,0x31,0xC7,0x31,0xC7,0x31,0xC7,0x31,0xC7,0x31,0xC7,0x31,
    0xC7,0x31,0xC7,0x31,0xC7,0x31,0xC7,0x31,0xC7,0x31,0xC7,0x31,0xC7,0x31,0xC7,0x31,
    0xC7,0x31,0xC7,0x31,0xC7,0x31,0xC7,0x31,0xC7,0x31,0xC7,0x31,0xC7,0x31,0xC7,0x31,
    0xC7,0x31,0xC7,0x31,0xC7,0x31,0xC7,0x31,0xC7,0x31,0xC7,0x31,0xC7,0x31,0xC7,0x31,
    0xC7,0x31,0xC7,0x31,0xC7,0x31,0xC7,0x31,0xC7,0x31,0xC7,0x31,0xC7,0x31,0xC7,0x31,
    0xC7,0x31,0xC7,0x31,0xC7,0x31,0xC7,0x31,0xC7,0x31,0xC7,0x31,0xC7,0x31,0xC7,0x31,
    0xC7,0x31,0xC7,0x31,0xC7,0x31,0xC7,0x31,0xC7,0x31,0xC7,0x31,0xC7,0x31,0xC7,0x31,
    0xC7,0x31,0xC7,0x31,0xC7,0x31,0xC7,0x31,0xC7,0x31,0xC7,0x31,0xC7,0x31,0xC7,0x31,
    0xC7,0x31,0xC7,0x31,0xC7,0x31,0xC7,0x31,0xC7,0x31,0xC7,0x31,0xC7,0x31,0xC7,0x31,
    0xC7,0x31,0xC7,0x31,0xC7,0x31,0xC7,0x31,0xC7,0x31,0xC7,0x31,0xC7,0x31,0xC7,0x31,
    0xC7,0x31,0xC7,0x31,0xC7,0x31,0xC7,0x31,0xC7,0x31,0xC7,0x31,0xC7,0x31,0xC7,0x31,
    0xC7,0x31,0xC7,0x31,0xC7,0x31,0xC7,0x31,0xC7,0x31,0xC7,0x31,0xC7,0x31,0xC7,0x31,
    0xC7,0x31,0xC7,0x31,0xC7,0x31,0xC7,0x31,0xC7,0x31,0xC7,0x31,0xC7,0x31,0xC7,0x31,
    0xC7,0x31,0xC7,0x31,0xC7,0x31,0xC7,0x31,0xC7,0x31,0xC7,0x31,0xC7,0x31,0xC7,0x31,
    0xC7,0x31,0xC7,0x31,0xC7,0x31,0xC7,0x31,0xC7,0x31,0xC7,0x31,0xC7,0x31,0xC7,0x31,
    0xC7,0x31,0xC7,0x31,0xC7,0x31,0xC7,0x31,0xC7,0x31,0xC7,0x31,0xC7,0x31,0xC7,0x31,
    0xC7,0x31,0xC7,0x31,0xC7,0x31,0xC7,0x31,0xC7,0x31,0xC7,0x31,0xC7,0x31,0xC7,0x31,
    0xC7,0x31,0xC7,0x31,0xC7,0x31,0xC7,0x31,0xC7,0x31,0xC7,0x31,0xC7,0x31,0xC7,0x31,
    0xC7,0x31,0xC7,0x31,0xC7,0x31,0xC7,0x31,0xC7,0x31,0xC7,0x31,0xC7,0x31,0xC7,0x31,
    0xC7,0x31,0xC7,0x31,0xC7,0x31,0xC7,0x31,0xC7,0x31,0xC7,0x31,0xC7,0x31,0xC7,0x31,
    0xC7,0x31,0xC7,0x31,0xC7,0x31,0xC7,0x31,0xC7,0x31,0xC7,0x31,0xC7,0x31,0xC7,0x31,
    0xC7,0x31,0xC7,0x31,0xC7,0x31,0xC7,0x31,0xC7,0x31,0xC7,0x31,0xC7,0x31,0xC7,0x31,
    0xC7,0x31,0xC7,0x31,0xC7,0x31,0xC7,0x31,0xC7,0x31,0xC7,0x31,0xC7,0x31,0xC7,0x31,
    0xC7,0x31,0xC7,0x31,0xC7,0x31,0xC7,0x31,0xC7,0x31,0xC7,0x31,0xC7,0x31,0xC7,0x31,
    0xC7,0x31,0xC7,0x31,0xC7,0x31,0xC7,0x31,0xC7,0x31,0xC7,0x31,0xC7,0x31,0xC7,0x31,
    0xC7,0x31,0xC7,0x31,0xC7,0x31,0xC7,0x31,0xC7,0x31,0xC7,0x31,0xC7,0x31,0xC7,0x31,
    0xC7,0x31,0xC7,0x31,0xC7,0x31,0xC7,0x31,0xC7,0x31,0xC7,0x31,0xC7,0x31,0xC7,0x31,
    0xC7,0x31,0xC7,0x31,0xC7,0x31,0xC7,0x31,0xC7,0x31,0xC7,0x31,0xC7,0x31,0xC7,0x31,
    0xC7,0x31,0xC7,0x31,0xC7,0x31,0xC7,0x31,0xC7,0x31,0xC7,0x31,0xC7,0x31,0xC7,0x31,
    0xC7,0x31,0xC7,0x31,0xC7,0x31,0xC7,0x31,0xC7,0x31,0xC7,0x31,0xC7,0x31,0xC7,0x31,
    0xC7,0x31,0xC7,0x31,0xC7,0x31,0xC7,0x31,0xC7,0x31,0xC7,0x31,0xC7,0x31,0xC7,0x31,
    0xC7,0x31,0xC7,0x31,0xC7,0x31,0xC7,0x31,0xC7,0x31,0xC7,0x31,0xC7,0x31,0xC7,0x31,
    0xC7,0x31,0xC7,0x31,0xC7,0x31,0xC7,0x31,0xC7,0x31,0xC7,0x31,0xC7,0x31,0xC7,0x31,
    0xC7,0x31,0xC7,0x31,0xC7,0x31,0xC7,0x31,0xC7,0x31,0xC7,0x31,0xC7,0x31,0xC7,0x31,
    0xC7,0x31,0xC7,0x31,0xC7,0x31,0xC7,0x31,0xC7,0x31,0xC7,0x31,0xC7,0x31,0xC7,0x31,
    0xC7,0x31,0xC7,0x31,0xC7,0x31,0xC7,0x31,0xC7,0x31,0xC7,0x31,0xC7,0x31,0xC7,0x31,
    0xC7,0x31,0xC7,0x31,0xC7,0x31,0xC7,0x31,0xC7,0x31,0xC7,0x31,0xC7,0x31,0xC7,0x31,
    0xC7,0x31,0xC7,0x31,0xC7,0x31,0xC7,0x31,0xC7,0x31,0xC7,0x31,0xC7,0x31,0xC7,0x31,
    0xC7,0x31,0xC7,0x31,0xC7,0x31,0xC7,0x31,0xC7,0x31,0xC7,0x31,0xC7,0x31,0xC7,0x31,
    0xC7,0x31,0xC7,0x31,0xC7,0x31,0xC7,0x31,0xC7,0x31,0xC7,0x31,0xC7,0x31,0xC7,0x31,
    0xC7,0x31,0xC7,0x31,0xC7,0x31,0xC7,0x31,0xC7,0x31,0xC7,0x31,0xC7,0x31,0xC7,0x31,
    0xC7,0x31,0xC7,0x31,0xC7,0x31,0xC7,0x31,0xC7,0x31,0xC7,0x31,0xC7,0x31,0xC7,0x31,
    0xC7,0x31,0xC7,0x31,0xC7,0x31,0xC7,0x31,0xC7,0x31,0xC7,0x31,0xC7,0x31,0xC7,0x31,
    0xC7,0x31,0xC7,0x31,0xC7,0x31,0xC7,0x31,0xC7,0x31,0xC7,0x31,0xC7,0x31,0xC7,0x31,
    0xC7,0x31,0xC7,0x31,0xC7,0x31,0xC7,0x31,0xC7,0x31,0xC7,0x31,0xC7,0x31,0xC7,0x31,
    0xC7,0x31,0xC7,0x31,0xC7,0x31,0xC7,0x31,0xC7,0x31,0xC7,0x31,0xC7,0x31,0xC7,0x31,
    0xC7,0x31,0xC7,0x31,0xC7,0x31,0xC7,0x31,0xC7,0x31,0xC7,0x31,0xC7,0x31,0xC7,0x31,
    0xC7,0x31,0xC7,0x31,0xC7,0x31,0xC7,0x31,0xC7,0x31,0xC7,0x31,0xC7,0x31,0xC7,0x31,
    0xC7,0x31,0xC7,0x31,0xC7,0x31,0xC7,0x31,0xC7,0x31,0xC7,0x31,0xC7,0x31,0xC7,0x31,
    0xC7,0x31,0xC7,0x31,0xC7,0x31,0xC7,0x31,0xC7,0x31,0xC7,0x31,0xC7,0x31,0xC7,0x31,
    0xC7,0x31,0xC7,0x31,0xC7,0x31,0xC7,0x31,0xC7,0x31,0xC7,0x31,0xC7,0x31,0xC7,0x31,
    0xC7,0x31,0xC7,0x31,0xC7,0x31,0xC7,0x31,0xC7,0x31,0xC7,0x31,0xC7,0x31,0xC7,0x31,
    0xC7,0x31,0xC7,0x31,0xC7,0x31,0xC7,0x31,0xC7,0x31,0xC7,0x31,0xC7,0x31,0xC7,0x31,
    0xC7,0x31,0xC7,0x31,0xC7,0x31,0xC7,0x31,0xC7,0x31,0xC7,0x31,0xC7,0x31,0xC7,0x31,
    0xC7,0x31,0xC7,0x31,0xC7,0x31,0xC7,0x31,0xC7,0x31,0xC7,0x31,0xC7,0x31,0xC7,0x31,
    0xC7,0x31,0xC7,0x31,0xC7,0x31,0xC7,0x31,0xC7,0x31,0xC7,0x31,0xC7,0x31,0xC7,0x31,
    0xC7,0x31,0xC7,0x31,0xC7,0x31,0xC7,0x31,0xC7,0x31,0xC7,0x31,0xC7,0x31,0xC7,0x31,
    0xC7,0x31,0xC7,0x31,0xC7,0x31,0xC7,0x31,0xC7,0x31,0xC7,0x31,0xC7,0x31,0xC7,0x31,
    0xC7,0x31,0xC7,0x31,0xC7,0x31,0xC7,0x31,0xC7,0x31,0xC7,0x31,0xC7,0x31,0xC7,0x31,
    0xC7,0x31,0xC7,0x31,0xC7,0x31,0xC7,0x31,0xC7,0x31,0xC7,0x31,0xC7,0x31,0xC7,0x31,
    0xC7,0x31,0xC7,0x31,0xC7,0x31,0xC7,0x31,0xC7,0x31,0xC7,0x31,0xC7,0x31,0xC7,0x31,
    0xC7,0x31,0xC7,0x31,0xC7,0x31,0xC7,0x31,0xC7,0x31,0xC7,0x31,0xC7,0x31,0xC7,0x31,
    0xC7,0x31,0xC7,0x31,0xC7,0x31,0xC7,0x31,0xC7,0x31,0xC7,0x31,0xC7,0x31,0xC7,0x31,
    0xC7,0x31,0xC7,0x31,0xC7,0x31,0xC7,0x31,0xC7,0x31,0xC7,0x31,0xC7,0x31,0xC7,0x31,
    0xC7,0x31,0xC7,0x31,0xC7,0x31,0xC7,0x31,0xC7,0x31,0xC7,0x31,0xC7,0x31,0xC7,0x31,
    0xC7,0x31,0xC7,0x31,0xC7,0x31,0xC7,0x31,0xC7,0x31,0xC7,0x31,0xC7,0x31,0xC7,0x31,
    0xC7,0x31,0xC7,0x31,0xC7,0x31,0xC7,0x31,0xC7,0x31,0xC7,0x31,0xC7,0x31,0xC7,0x31,
    0xC7,0x31,0xC7,0x31,0xC7,0x31,0xC7,0x31,0xC7,0x31,0xC7,0x31,0xC7,0x31,0xC7,0x31,
    0xC7,0x31,0xC7,0x31,0xC7,0x31,0xC7,0x31,0xC7,0x31,0xC7,0x31,0xC7,0x31,0xC7,0x31,
    0xC7,0x31,0xC7,0x31,0xC7,0x31,0xC7,0x31,0xC7,0x31,0xC7,0x31,0xC7,0x31,0xC7,0x31,
    0xC7,0x31,0xC7,0x31,0xC7,0x31,0xC7,0x31,0xC7,0x31,0xC7,0x31,0xC7,0x31,0xC7,0x31,
    0xC7,0x31,0xC7,0x31,0xC7,0x31,0xC7,0x31,0xC7,0x31,0xC7,0x31,0xC7,0x31,0xC7,0x31,
    0xC7,0x31,0xC7,0x31,0xC7,0x31,0xC7,0x31,0xC7,0x31,0xC7,0x31,0xC7,0x31,0xC7,0x31,
    0xC7,0x31,0xC7,0x31,0xC7,0x31,0xC7,0x31,0xC7,0x31,0xC7,0x31,0xC7,0x31,0xC7,0x31,
    0xC7,0x31,0xC7,0x31,0xC7,0x31,0xC7,0x31,0xC7,0x31,0xC7,0x31,0xC7,0x31,0xC7,0x31,
    0xC7,0x31,0xC7,0x31,0xC7,0x31,0xC7,0x31,0xC7,0x31,0xC7,0x31,0xC7,0x31,0xC7,0x31,
    0xC7,0x31,0xC7,0x31,0xC7,0x31,0xC7,0x31,0xC7,0x31,0xC7,0x31,0xC7,0x31,0xC7,0x31,
    0xC7,0x31,0xC7,0x31,0xC7,0x31,0xC7,0x31,0xC7,0x31,0xC7,0x31,0xC7,0x31,0xC7,0x31,
    0xC7,0x31,0xC7,0x31,0xC7,0x31,0xC7,0x31,0xC7,0x31,0xC7,0x31,0xC7,0x31,0xC7,0x31,
    0xC7,0x31,0xC7,0x31,0xC7,0x31,0xC7,0x31,0xC7,0x31,0xC7,0x31,0xC7,0x31,0xC7,0x31,
    0xC7,0x31,0xC7,0x31,0xC7,0x31,0xC7,0x31,0xC7,0x31,0xC7,0x31,0xC7,0x31,0xC7,0x31,
    0xC7,0x31,0xC7,0x31,0xC7,0x31,0xC7,0x31,0xC7,0x31,0xC7,0x31,0xC7,0x31,0xC7,0x31,
    0xC7,0x31,0xC7,0x31,0xC7,0x31,0xC7,0x31,0xC7,0x31,0xC7,0x31,0xC7,0x31,0xC7,0x31,
    0xC7,0x31,0xC7,0x31,0xC7,0x31,0xC7,0x31,0xC7,0x31,0xC7,0x31,0xC7,0x31,0xC7,0x31,
    0xC7,0x31,0xC7,0x31,0xC7,0x31,0xC7,0x31,0xC7,0x31,0xC7,0x31,0xC7,0x31,0xC7,0x31,
    0xC7,0x31,0xC7,0x31,0xC7,0x31,0xC7,0x31,0xC7,0x31,0xC7,0x31,0xC7,0x31,0xC7,0x31,
    0xC7,0x31,0xC7,0x31,0xC7,0x31,0xC7,0x31,0xC7,0x31,0xC7,0x31,0xC7,0x31,0xC7,0x31,
    0xC7,0x31,0xC7,0x31,0xC7,0x31,0xC7,0x31,0xC7,0x31,0xC7,0x31,0xC7,0x31,0xC7,0x31,
    0xC7,0x31,0xC7,0x31,0xC7,0x31,0xC7,0x31,0xC7,0x31,0xC7,0x31,0xC7,0x31,0xC7,0x31,
    0xC7,0x31,0xC7,0x31,0xC7,0x31,0xC7,0x31,0xC7,0x31,0xC7,0x31,0xC7,0x31,0xC7,0x31,
    0xC7,0x31,0xC7,0x31,0xC7,0x31,0xC7,0x31,0xC7,0x31,0xC7,0x31,0xC7,0x31,0xC7,0x31,
    0xC7,0x31,0xC7,0x31,0xC7,0x31,0xC7,0x31,0xC7,0x31,0xC7,0x31,0xC7,0x31,0xC7,0x31,
    0xC7,0x31,0xC7,0x31,0xC7,0x31,0xC7,0x31,0xC7,0x31,0xC7,0x31,0xC7,0x31,0xC7,0x31,
    0xC7,0x31,0xC7,0x31,0xC7,0x31,0xC7,0x31,0xC7,0x31,0xC7,0x31,0xC7,0x31,0xC7,0x31,
    0xC7,0x31,0xC7,0x31,0xC7,0x31,0xC7,0x31,0xC7,0x31,0xC7,0x31,0xC7,0x31,0xC7,0x31,
    0xC7,0x31,0xC7,0x31,0xC7,0x31,0xC7,0x31,0xC7,0x31,0xC7,0x31,0xC7,0x31,0xC7,0x31,
    0xC7,0x31,0xC7,0x31,0xC7,0x31,0xC7,0x31,0xC7,0x31,0xC7,0x31,0xC7,0x31,0xC7,0x31,
    0xC7,0x31,0xC7,0x31,0xC7,0x31,0xC7,0x31,0xC7,0x31,0xC7,0x31,0xC7,0x31,0xC7,0x31,
    0xC7,0x31,0xC7,0x31,0xC7,0x31,0xC7,0x31,0xC7,0x31,0xC7,0x31,0xC7,0x31,0xC7,0x31,
    0xC7,0x31,0xC7,0x31,0xC7,0x31,0xC7,0x31,0xC7,0x31,0xC7,0x31,0xC7,0x31,0xC7,0x31,
    0xC7,0x31,0xC7,0x31,0xC7,0x31,0xC7,0x31,0xC7,0x31,0xC7,0x31,0xC7,0x31,0xC7,0x31,
    0xC7,0x31,0xC7,0x31,0xC7,0x31,0xC7,0x31,0xC7,0x31,0xC7,0x31,0xC7,0x31,0xC7,0x31,
    0xC7,0x31,0xC7,0x31,0xC7,0x31,0xC7,0x31,0xC7,0x31,0xC7,0x31,0xC7,0x31,0xC7,0x31,
    0xC7,0x31,0xC7,0x31,0xC7,0x31,0xC7,0x31,0xC7,0x31,0xC7,0x31,0xC7,0x31,0xC7,0x31,
    0xC7,0x31,0xC7,0x31,0xC7,0x31,0xC7,0x31,0xC7,0x31,0xC7,0x31,0xC7,0x31,0xC7,0x31,
    0xC7,0x31,0xC7,0x31,0xC7,0x31,0xC7,0x31,0xC7,0x31,0xC7,0x31,0xC7,0x31,0xC7,0x31,
    0xC7,0x31,0xC7,0x31,0xC7,0x31,0xC7,0x31,0xC7,0x31,0xC7,0x31,0xC7,0x31,0xC7,0x31,
    0xC7,0x31,0xC7,0x31,0xC7,0x31,0xC7,0x31,0xC7,0x31,0xC7,0x31,0xC7,0x31,0xC7,0x31,
    0xC7,0x31,0xC7,0x31,0xC7,0x31,0xC7,0x31,0xC7,0x31,0xC7,0x31,0xC7,0x31,0xC7,0x31,
    0xC7,0x31,0xC7,0x31,0xC7,0x31,0xC7,0x31,0xC7,0x31,0xC7,0x31,0xC7,0x31,0xC7,0x31,
    0xC7,0x31,0xC7,0x31,0xC7,0x31,0xC7,0x31,0xC7,0x31,0xC7,0x31,0xC7,0x31,0xC7,0x31,
    0xC7,0x31,0xC7,0x31,0xC7,0x31,0xC7,0x31,0xC7,0x31,0xC7,0x31,0xC7,0x31,0xC7,0x31,
    0xC7,0x31,0xC7,0x31,0xC7,0x31,0xC7,0x31,0xC7,0x31,0xC7,0x31,0xC7,0x31,0xC7,0x31,
    0xC7,0x31,0xC7,0x31,0xC7,0x31,0xC7,0x31,0xC7,0x31,0xC7,0x31,0xC7,0x31,0xC7,0x31,
    0xC7,0x31,0xC7,0x31,0xC7,0x31,0xC7,0x31,0xC7,0x31,0xC7,0x31,0xC7,0x31,0xC7,0x31,
    0xC7,0x31,0xC7,0x31,0xC7,0x31,0xC7,0x31,0xC7,0x31,0xC7,0x31,0xC7,0x31,0xC7,0x31,
    0xC7,0x31,0xC7,0x31,0xC7,0x31,0xC7,0x31,0xC7,0x31,0xC7,0x31,0xC7,0x31,0xC7,0x31,
    0xC7,0x31,0xC7,0x31,0xC7,0x31,0xC7,0x31,0xC7,0x31,0xC7,0x31,0xC7,0x31,0xC7,0x31,
    0xC7,0x31,0xC7,0x31,0xC7,0x31,0xC7,0x31,0xC7,0x31,0xC7,0x31,0xC7,0x31,0xC7,0x31,
    0xC7,0x31,0xC7,0x31,0xC7,0x31,0xC7,0x31,0xC7,0x31,0xC7,0x31,0xC7,0x31,0xC7,0x31,
    0xC7,0x31,0xC7,0x31,0xC7,0x31,0xC7,0x31,0xC7,0x31,0xC7,0x31,0xC7,0x31,0xC7,0x31,
    0xC7,0x31,0xC7,0x31,0xC7,0x31,0xC7,0x31,0xC7,0x31,0xC7,0x31,0xC7,0x31,0xC7,0x31,
    0xC7,0x31,0xC7,0x31,0xC7,0x31,0xC7,0x31,0xC7,0x31,0xC7,0x31,0xC7,0x31,0xC7,0x31,
    0xC7,0x31,0xC7,0x31,0xC7,0x31,0xC7,0x31,0xC7,0x31,0xC7,0x31,0xC7,0x31,0xC7,0x31,
    0xC7,0x31,0xC7,0x31,0xC7,0x31,0xC7,0x31,0xC7,0x31,0xC7,0x31,0xC7,0x31,0xC7,0x31,
    0xC7,0x31,0xC7,0x31,0xC7,0x31,0xC7,0x31,0xC7,0x31,0xC7,0x31,0xC7,0x31,0xC7,0x31,
    0xC7,0x31,0xC7,0x31,0xC7,0x31,0xC7,0x31,0xC7,0x31,0xC7,0x31,0xC7,0x31,0xC7,0x31,
    0xC7,0x31,0xC7,0x31,0xC7,0x31,0xC7,0x31,0xC7,0x31,0xC7,0x31,0xC7,0x31,0xC7,0x31,
    0xC7,0x31,0xC7,0x31,0xC7,0x31,0xC7,0x31,0xC7,0x31,0xC7,0x31,0xC7,0x31,0xC7,0x31,
    0xC7,0x31,0xC7,0x31,0xC7,0x31,0xC7,0x31,0xC7,0x31,0xC7,0x31,0xC7,0x31,0xC7,0x31,
    0xC7,0x31,0xC7,0x31,0xC7,0x31,0xC7,0x31,0xC7,0x31,0xC7,0x31,0xC7,0x31,0xC7,0x31,
    0xC7,0x31,0xC7,0x31,0xC7,0x31,0xC7,0x31,0xC7,0x31,0xC7,0x31,0xC7,0x31,0xC7,0x31,
    0xC7,0x31,0xC7,0x31,0xC7,0x31,0xC7,0x31,0xC7,0x31,0xC7,0x31,0xC7,0x31,0xC7,0x31,
    0xC7,0x31,0xC7,0x31,0xC7,0x31,0xC7,0x31,0xC7,0x31,0xC7,0x31,0xC7,0x31,0xC7,0x31,
    0xC7,0x31,0xC7,0x31,0xC7,0x31,0xC7,0x31,0xC7,0x31,0xC7,0x31,0xC7,0x31,0xC7,0x31,
    0xC7,0x31,0xC7,0x31,0xC7,0x31,0xC7,0x31,0xC7,0x31,0xC7,0x31,0xC7,0x31,0xC7,0x31,
    0xC7,0x31,0xC7,0x31,0xC7,0x31,0xC7,0x31,0xC7,0x31,0xC7,0x31,0xC7,0x31,0xC7,0x31,
    0xC7,0x31,0xC7,0x31,0xC7,0x31,0xC7,0x31,0xC7,0x31,0xC7,0x31,0xC7,0x31,0xC7,0x31,
    0xC7,0x31,0xC7,0x31,0xC7,0x31,0xC7,0x31,0xC7,0x31,0xC7,0x31,0xC7,0x31,0xC7,0x31,
    0xC7,0x31,0xC7,0x31,0xC7,0x31,0xC7,0x31,0xC7,0x31,0xC7,0x31,0xC7,0x31,0xC7,0x31,
    0xC7,0x31,0xC7,0x31,0xC7,0x31,0xC7,0x31,0xC7,0x31,0xC7,0x31,0xC7,0x31,0xC7,0x31,
    0xC7,0x31,0xC7,0x31,0xC7,0x31,0xC7,0x31,0xC7,0x31,0xC7,0x31,0xC7,0x31,0xC7,0x31,
    0xC7,0x31,0xC7,0x31,0xC7,0x31,0xC7,0x31,0xC7,0x31,0xC7,0x31,0xC7,0x31,0xC7,0x31,
    0xC7,0x31,0xC7,0x31,0xC7,0x31,0xC7,0x31,0xC7,0x31,0xC7,0x31,0xC7,0x31,0xC7,0x31,
    0xC7,0x31,0xC7,0x31,0xC7,0x31,0xC7,0x31,0xC7,0x31,0xC7,0x31,0xC7,0x31,0xC7,0x31,
    0xC7,0x31,0xC7,0x31,0xC7,0x31,0xC7,0x31,0xC7,0x31,0xC7,0x31,0xC7,0x31,0xC7,0x31,
    0xC7,0x31,0xC7,0x31,0xC7,0x31,0xC7,0x31,0xC7,0x31,0xC7,0x31,0xC7,0x31,0xC7,0x31,
    0xC7,0x31,0xC7,0x31,0xC7,0x31,0xC7,0x31,0xC7,0x31,0xC7,0x31,0xC7,0x31,0xC7,0x31,
    0xC7,0x31,0xC7,0x31,0xC7,0x31,0xC7,0x31,0xC7,0x31,0xC7,0x31,0xC7,0x31,0xC7,0x31,
    0xC7,0x31,0xC7,0x31,0xC7,0x31,0xC7,0x31,0xC7,0x31,0xC7,0x31,0xC7,0x31,0xC7,0x31,
    0xC7,0x31,0xC7,0x31,0xC7,0x31,0xC7,0x31,0xC7,0x31,0xC7,0x31,0xC7,0x31,0xC7,0x31,
    0xC7,0x31,0xC7,0x31,0xC7,0x31,0xC7,0x31,0xC7,0x31,0xC7,0x31,0xC7,0x31,0xC7,0x31,
    0xC7,0x31,0xC7,0x31,0xC7,0x31,0xC7,0x31,0xC7,0x31,0xC7,0x31,0xC7,0x31,0xC7,0x31,
    0xC7,0x31,0xC7,0x31,0xC7,0x31,0xC7,0x31,0xC7,0x31,0xC7,0x31,0xC7,0x31,0xC7,0x31,
    0xC7,0x31,0xC7,0x31,0xC7,0x31,0xC7,0x31,0xC7,0x31,0xC7,0x31,0xC7,0x31,0xC7,0x31,
    0xC7,0x31,0xC7,0x31,0xC7,0x31,0xC7,0x31,0xC7,0x31,0xC7,0x31,0xC7,0x31,0xC7,0x31,
    0xC7,0x31,0xC7,0x31,0xC7,0x31,0xC7,0x31,0xC7,0x31,0xC7,0x31,0xC7,0x31,0xC7,0x31,
    0xC7,0x31,0xC7,0x31,0xC7,0x31,0xC7,0x31,0xC7,0x31,0xC7,0x31,0xC7,0x31,0xC7,0x31,
    0xC7,0x31,0xC7,0x31,0xC7,0x31,0xC7,0x31,0xC7,0x31,0xC7,0x31,0xC7,0x31,0xC7,0x31,
    0xC7,0x31,0xC7,0x31,0xC7,0x31,0xC7,0x31,0xC7,0x31,0xC7,0x31,0xC7,0x31,0xC7,0x31,
    0xC7,0x31,0xC7,0x31,0xC7,0x31,0xC7,0x31,0xC7,0x31,0xC7,0x31,0xC7,0x31,0xC7,0x31,
    0xC7,0x31,0xC7,0x31,0xC7,0x31,0xC7,0x31,0xC7,0x31,0xC7,0x31,0xC7,0x31,0xC7,0x31,
    0xC7,0x31,0xC7,0x31,0xC7,0x31,0xC7,0x31,0xC7,0x31,0xC7,0x31,0xC7,0x31,0xC7,0x31,
    0xC7,0x31,0xC7,0x31,0xC7,0x31,0xC7,0x31,0xC7,0x31,0xC7,0x31,0xC7,0x31,0xC7,0x31,
    0xC7,0x31,0xC7,0x31,0xC7,0x31,0xC7,0x31,0xC7,0x31,0xC7,0x31,0xC7,0x31,0xC7,0x31,
    0xC7,0x31,0xC7,0x31,0xC7,0x31,0xC7,0x31,0xC7,0x31,0xC7,0x31,0xC7,0x31,0xC7,0x31,
    0xC7,0x31,0xC7,0x31,0xC7,0x31,0xC7,0x31,0xC7,0x31,0xC7,0x31,0xC7,0x31,0xC7,0x31,
    0xC7,0x31,0xC7,0x31,0xC7,0x31,0xC7,0x31,0xC7,0x31,0xC7,0x31,0xC7,0x31,0xC7,0x31,
    0xC7,0x31,0xC7,0x31,0xC7,0x31,0xC7,0x31,0xC7,0x31,0xC7,0x31,0xC7,0x31,0xC7,0x31,
    0xC7,0x31,0xC7,0x31,0xC7,0x31,0xC7,0x31,0xC7,0x31,0xC7,0x31,0xC7,0x31,0xC7,0x31,
    0xC7,0x31,0xC7,0x31,0xC7,0x31,0xC7,0x31,0xC7,0x31,0xC7,0x31,0xC7,0x31,0xC7,0x31,
    0xC7,0x31,0xC7,0x31,0xC7,0x31,0xC7,0x31,0xC7,0x31,0xC7,0x31,0xC7,0x31,0xC7,0x31,
    0xC7,0x31,0xC7,0x31,0xC7,0x31,0xC7,0x31,0xC7,0x31,0xC7,0x31,0xC7,0x31,0xC7,0x31,
    0xC7,0x31,0xC7,0x31,0xC7,0x31,0xC7,0x31,0xC7,0x31,0xC7,0x31,0xC7,0x31,0xC7,0x31,
    0xC7,0x31,0xC7,0x31,0xC7,0x31,0xC7,0x31,0xC7,0x31,0xC7,0x31,0xC7,0x31,0xC7,0x31,
    0xC7,0x31,0xC7,0x31,0xC7,0x31,0xC7,0x31,0xC7,0x31,0xC7,0x31,0xC7,0x31,0xC7,0x31,
    0xC7,0x31,0xC7,0x31,0xC7,0x31,0xC7,0x31,0xC7,0x31,0xC7,0x31,0xC7,0x31,0xC7,0x31,
    0xC7,0x31,0xC7,0x31,0xC7,0x31,0xC7,0x31,0xC7,0x31,0xC7,0x31,0xC7,0x31,0xC7,0x31,
    0xC7,0x31,0xC7,0x31,0xC7,0x31,0xC7,0x31,0xC7,0x31,0xC7,0x31,0xC7,0x31,0xC7,0x31,
    0xC7,0x31,0xC7,0x31,0xC7,0x31,0xC7,0x31,0xC7,0x31,0xC7,0x31,0xC7,0x31,0xC7,0x31,
    0xC7,0x31,0xC7,0x31,0xC7,0x31,0xC7,0x31,0xC7,0x31,0xC7,0x31,0xC7,0x31,0xC7,0x31,
    0xC7,0x31,0xC7,0x31,0xC7,0x31,0xC7,0x31,0xC7,0x31,0xC7,0x31,0xC7,0x31,0xC7,0x31,
    0xC7,0x31,0xC7,0x31,0xC7,0x31,0xC7,0x31,0xC7,0x31,0xC7,0x31,0xC7,0x31,0xC7,0x31,
    0xC7,0x31,0xC7,0x31,0xC7,0x31,0xC7,0x31,0xC7,0x31,0xC7,0x31,0xC7,0x31,0xC7,0x31,
    0xC7,0x31,0xC7,0x31,0xC7,0x31,0xC7,0x31,0xC7,0x31,0xC7,0x31,0xC7,0x31,0xC7,0x31,
    0xC7,0x31,0xC7,0x31,0xC7,0x31,0xC7,0x31,0xC7,0x31,0xC7,0x31,0xC7,0x31,0xC7,0x31,
};

const lv_image_dsc_t rf_device_xiaobawang_detail = {
    .header.magic = LV_IMAGE_HEADER_MAGIC,
    .header.cf = LV_COLOR_FORMAT_RGB565,
    .header.flags = 0,
    .header.w = 128,
    .header.h = 112,
    .header.stride = 256,
    .data_size = sizeof(rf_device_xiaobawang_detail_map),
    .data = rf_device_xiaobawang_detail_map,
};

const LV_ATTRIBUTE_MEM_ALIGN LV_ATTRIBUTE_LARGE_CONST uint8_t rf_device_radiolink_at9s_strip_map[] = {
    0xC7,0x31,0xC7,0x31,0xC7,0x31,0xC7,0x31,0xC7,0x31,0xC7,0x31,0xC7,0x31,0xC7,0x31,
    0xC7,0x31,0xC7,0x31,0xC7,0x31,0xC7,0x31,0xC7,0x31,0xC7,0x31,0xC7,0x31,0xC7,0x31,
    0xC7,0x31,0xC7,0x31,0xC7,0x31,0xC7,0x31,0xC7,0x31,0xC7,0x31,0xC7,0x31,0xC7,0x31,
    0xC7,0x31,0xC7,0x31,0xC7,0x31,0xC7,0x31,0xC7,0x31,0xC7,0x31,0xC7,0x31,0xC7,0x31,
    0xC7,0x31,0xC7,0x31,0xC7,0x31,0xC7,0x31,0xC7,0x31,0xC7,0x31,0xC7,0x31,0xC7,0x31,
    0xC7,0x31,0xC7,0x31,0xC7,0x31,0xC7,0x31,0xC7,0x31,0xC7,0x31,0xC7,0x31,0xC7,0x31,
    0xC7,0x31,0xC7,0x31,0xC7,0x31,0xC7,0x31,0xC7,0x31,0xC7,0x31,0xC7,0x31,0xC7,0x31,
    0xC7,0x31,0xC7,0x31,0xC7,0x31,0xC7,0x31,0xC7,0x31,0xC7,0x31,0xC7,0x31,0xC7,0x31,
    0xC7,0x31,0xC7,0x31,0xC7,0x31,0xC7,0x31,0xC7,0x31,0xC7,0x31,0xC7,0x31,0xC7,0x31,
    0xC7,0x31,0xC7,0x31,0xC7,0x31,0xC7,0x31,0xC7,0x31,0xC7,0x31,0xC7,0x31,0xC7,0x31,
    0xC7,0x31,0xC7,0x31,0xC7,0x31,0xC7,0x31,0xC7,0x31,0xC7,0x31,0xC7,0x31,0xC7,0x31,
    0xC7,0x31,0xC7,0x31,0xC7,0x31,0xC7,0x31,0xC7,0x31,0xC7,0x31,0xC7,0x31,0xC7,0x31,
    0xC7,0x31,0xC7,0x31,0xC7,0x31,0xC7,0x31,0xC7,0x31,0xC7,0x31,0xC7,0x31,0xC7,0x31,
    0xC7,0x31,0xC7,0x31,0xC7,0x31,0xC7,0x31,0xC7,0x31,0xC7,0x31,0xC7,0x31,0xC7,0x31,
    0xC7,0x31,0xC7,0x31,0xC7,0x31,0xC7,0x31,0xC7,0x31,0xC7,0x31,0xC7,0x31,0xC7,0x31,
    0xC7,0x31,0xC7,0x31,0xC7,0x31,0xC7,0x31,0xC7,0x31,0xC7,0x31,0xC7,0x31,0xC7,0x31,
    0xC7,0x31,0xC7,0x31,0xC7,0x31,0xC7,0x31,0xC7,0x31,0xC7,0x31,0xC7,0x31,0xC7,0x31,
    0xC7,0x31,0xC7,0x31,0xC7,0x31,0xC7,0x31,0xC7,0x31,0xC7,0x31,0xC7,0x31,0xC7,0x31,
    0xC7,0x31,0xC7,0x31,0xC7,0x31,0xC7,0x31,0xC7,0x31,0xC7,0x31,0xC7,0x31,0xC7,0x31,
    0xC7,0x31,0xC7,0x31,0xC7,0x31,0xC7,0x31,0xC7,0x31,0xC7,0x31,0xC7,0x31,0xC7,0x31,
    0xC7,0x31,0xC7,0x31,0xC7,0x31,0xC7,0x31,0xC7,0x31,0xC7,0x31,0xC7,0x31,0xC7,0x31,
    0xC7,0x31,0xC7,0x31,0xC7,0x31,0xC7,0x31,0xC7,0x31,0xC7,0x31,0xC7,0x31,0xC7,0x31,
    0xC7,0x31,0xC7,0x31,0xC7,0x31,0xC7,0x31,0xC7,0x31,0xC7,0x31,0xC7,0x31,0xC7,0x31,
    0xC7,0x31,0xC7,0x31,0xC7,0x31,0xC7,0x31,0xC7,0x31,0xE8,0x39,0x25,0x21,0x65,0x29,
    0xC7,0x31,0xC7,0x31,0xC7,0x31,0xC7,0x31,0xC7,0x31,0xC7,0x31,0xC7,0x31,0xC7,0x31,
    0xC7,0x31,0xC7,0x31,0xC7,0x31,0xC7,0x31,0xC7,0x31,0xC7,0x31,0xC7,0x31,0xC7,0x31,
    0xC7,0x31,0xC7,0x31,0xC7,0x31,0xC7,0x31,0xC7,0x31,0xC7,0x31,0xC7,0x31,0xC7,0x31,
    0xC7,0x31,0xC7,0x31,0xC7,0x31,0xC7,0x31,0xC7,0x31,0xC7,0x31,0xC7,0x31,0xC7,0x31,
    0xC7,0x31,0xC7,0x31,0xC7,0x31,0xC7,0x31,0xC7,0x31,0xC7,0x31,0xC7,0x31,0xC7,0x31,
    0xC7,0x31,0xC7,0x31,0xC7,0x31,0xC7,0x31,0xC7,0x31,0xC7,0x31,0xC7,0x31,0xC7,0x31,
    0xC7,0x31,0x04,0x21,0xE3,0x18,0xA7,0x31,0xC7,0x31,0xC7,0x31,0xC7,0x31,0xC7,0x31,
    0xC7,0x31,0xC7,0x31,0xC7,0x31,0xC7,0x31,0xC7,0x31,0xC7,0x31,0xC7,0x31,0xC7,0x31,
    0xC7,0x31,0xC7,0x31,0xC7,0x31,0xC7,0x31,0xC7,0x31,0xC7,0x31,0xC7,0x31,0xC7,0x31,
    0xC7,0x31,0xC7,0x31,0xC7,0x31,0xC7,0x31,0xC7,0x31,0xC7,0x31,0xC7,0x31,0xC7,0x31,
    0xC7,0x31,0xC7,0x31,0xC7,0x31,0xC7,0x31,0xC7,0x31,0xC7,0x31,0xC7,0x31,0xC7,0x31,
    0xC7,0x31,0xC7,0x31,0xC7,0x31,0xC7,0x31,0xC7,0x31,0xC7,0x31,0xC7,0x31,0xC7,0x31,
    0xC7,0x31,0xC7,0x31,0xC7,0x31,0xC7,0x31,0xE3,0x18,0x04,0x19,0xC7,0x31,0xC7,0x31,
    0xC7,0x31,0xC7,0x31,0xC7,0x31,0xC7,0x31,0xC7,0x31,0xC7,0x31,0xC7,0x31,0xC7,0x31,
    0xC7,0x31,0xC7,0x31,0xC7,0x31,0xC7,0x31,0xC7,0x31,0xC7,0x31,0xC7,0x31,0xC7,0x31,
    0xC7,0x31,0xC7,0x31,0xC7,0x31,0xC7,0x31,0xC7,0x31,0xC7,0x31,0xC7,0x31,0xC7,0x31,
    0xC7,0x31,0xC7,0x31,0xC7,0x31,0xC7,0x31,0xC7,0x31,0xC7,0x31,0xC7,0x31,0xC7,0x31,
    0xC7,0x31,0xC7,0x31,0xC7,0x31,0xC7,0x31,0xC7,0x31,0xC7,0x31,0xC7,0x31,0xC7,0x31,
    0xC7,0x31,0xC7,0x31,0xC7,0x31,0xC7,0x31,0xC7,0x31,0xC7,0x31,0xA6,0x31,0xC3,0x10,
    0x25,0x21,0xC7,0x31,0xC7,0x31,0xC7,0x31,0xC7,0x31,0xC7,0x31,0xC7,0x31,0xC7,0x31,
    0xC7,0x31,0xC7,0x31,0xC7,0x31,0xC7,0x31,0xC7,0x31,0xC7,0x31,0xC7,0x31,0xC7,0x31,
    0xC7,0x31,0xC7,0x31,0xC7,0x31,0xC7,0x31,0xC7,0x31,0xC7,0x31,0xC7,0x31,0xC7,0x31,
    0xC7,0x31,0xC7,0x31,0xC7,0x31,0xC7,0x31,0xC7,0x31,0xC7,0x31,0xC7,0x31,0xC7,0x31,
    0xC7,0x31,0xC7,0x31,0xC7,0x31,0xC7,0x31,0xC7,0x31,0xC7,0x31,0xC7,0x31,0xC7,0x31,
    0xC7,0x31,0xC7,0x31,0xC7,0x31,0xC7,0x31,0xC7,0x31,0xC7,0x31,0xC7,0x31,0xC7,0x31,
    0xC7,0x31,0x86,0x29,0xA2,0x10,0x65,0x21,0xC7,0x31,0xC7,0x31,0xC7,0x31,0xC7,0x31,
    0xC7,0x31,0xC7,0x31,0xC7,0x31,0xC7,0x31,0xC7,0x31,0xC7,0x31,0xC7,0x31,0xC7,0x31,
    0xC7,0x31,0xC7,0x31,0xC7,0x31,0xC7,0x31,0xC7,0x31,0xC7,0x31,0xC7,0x31,0xC7,0x31,
    0xC7,0x31,0xC7,0x31,0xC7,0x31,0xC7,0x31,0xC7,0x31,0xC7,0x31,0xC7,0x31,0xC7,0x31,
    0xC7,0x31,0xC7,0x31,0xC7,0x31,0xC7,0x31,0xC7,0x31,0xC7,0x31,0xC7,0x31,0xC7,0x31,
    0xC7,0x31,0xC7,0x31,0xC7,0x31,0xC7,0x31,0xC7,0x31,0xC7,0x31,0xC7,0x31,0xC7,0x31,
    0xC7,0x31,0xC7,0x31,0xC7,0x31,0x08,0x3A,0x65,0x29,0xA2,0x10,0x86,0x29,0xC7,0x31,
    0xC7,0x31,0xC7,0x31,0xC7,0x31,0xC7,0x31,0xC7,0x31,0xC7,0x31,0xC7,0x31,0xC7,0x31,
    0xC7,0x31,0xC7,0x31,0xC7,0x31,0xC7,0x31,0xC7,0x31,0xC7,0x31,0xC7,0x31,0xC7,0x31,
    0xC7,0x31,0xC7,0x31,0xC7,0x31,0xC7,0x31,0xC7,0x31,0xC7,0x31,0xC7,0x31,0xC7,0x31,
    0xC7,0x31,0xC7,0x31,0xC7,0x31,0xC7,0x31,0xC7,0x31,0xC7,0x31,0xC7,0x31,0xC7,0x31,
    0xC7,0x31,0xC7,0x31,0xC7,0x31,0xC7,0x31,0xC7,0x31,0xC7,0x31,0xC7,0x31,0xC7,0x31,
    0xC7,0x31,0xC7,0x31,0xC7,0x31,0xC7,0x31,0xC7,0x31,0xC7,0x31,0xE8,0x39,0x25,0x21,
    0xA2,0x10,0x86,0x29,0xC7,0x31,0xC7,0x31,0xC7,0x31,0xC7,0x31,0xC7,0x31,0xC7,0x31,
    0xC7,0x31,0xC7,0x31,0xC7,0x31,0xC7,0x31,0xC7,0x31,0xC7,0x31,0xC7,0x31,0xC7,0x31,
    0xC7,0x31,0xC7,0x31,0xC7,0x31,0xC7,0x31,0xC7,0x31,0xC7,0x31,0xC7,0x31,0xC7,0x31,
    0xC7,0x31,0xC7,0x31,0xC7,0x31,0xC7,0x31,0xC7,0x31,0xC7,0x31,0xC7,0x31,0xC7,0x31,
    0xC7,0x31,0xC7,0x31,0xC7,0x31,0xC7,0x31,0xC7,0x31,0xC7,0x31,0xC7,0x31,0xC7,0x31,
    0xC7,0x31,0xC7,0x31,0xC7,0x31,0xC7,0x31,0xC7,0x31,0xC7,0x31,0xC7,0x31,0xC7,0x31,
    0xC7,0x31,0xC7,0x31,0xE4,0x18,0xC3,0x10,0xA7,0x31,0xC7,0x31,0xC7,0x31,0xC7,0x31,
    0xC7,0x31,0xC7,0x31,0xC7,0x31,0xC7,0x31,0xC7,0x31,0xC7,0x31,0xC7,0x31,0xC7,0x31,
    0xC7,0x31,0xC7,0x31,0xC7,0x31,0xC7,0x31,0xC7,0x31,0xC7,0x31,0xC7,0x31,0xC7,0x31,
    0xC7,0x31,0xC7,0x31,0xC7,0x31,0xC7,0x31,0xC7,0x31,0xC7,0x31,0xC7,0x31,0xC7,0x31,
    0xC7,0x31,0xC7,0x31,0xC7,0x31,0xC7,0x31,0xC7,0x31,0xC7,0x31,0xC7,0x31,0xC7,0x31,
    0xC7,0x31,0xC7,0x31,0xC7,0x31,0xC7,0x31,0xC7,0x31,0xC7,0x31,0xC7,0x31,0xC7,0x31,
    0xC7,0x31,0xC7,0x31,0xC7,0x31,0xC7,0x31,0xA7,0x31,0xE3,0x18,0xE4,0x18,0xC7,0x31,
    0xC7,0x31,0xC7,0x31,0xC7,0x31,0xC7,0x31,0xC7,0x31,0xC7,0x31,0xC7,0x31,0xC7,0x31,
    0xC7,0x31,0xC7,0x31,0xC7,0x31,0xC7,0x31,0xC7,0x31,0xC7,0x31,0xC7,0x31,0xC7,0x31,
    0xC7,0x31,0xC7,0x31,0xC7,0x31,0xC7,0x31,0xC7,0x31,0xC7,0x31,0xC7,0x31,0xC7,0x31,
    0xC7,0x31,0xC7,0x31,0xC7,0x31,0xC7,0x31,0xC7,0x31,0xC7,0x31,0xC7,0x31,0xC7,0x31,
    0xC7,0x31,0xC7,0x31,0xC7,0x31,0xC7,0x31,0xC7,0x31,0xC7,0x31,0xC7,0x31,0xC7,0x31,
    0xC7,0x31,0xC7,0x31,0xC7,0x31,0xC7,0x31,0xC7,0x31,0xC7,0x31,0xC7,0x31,0xC7,0x31,
    0xA7,0x31,0x04,0x21,0xE8,0x31,0xC7,0x31,0xC7,0x31,0xC7,0x31,0xC7,0x31,0xC7,0x31,
    0xC7,0x31,0xC7,0x31,0xC7,0x31,0xC7,0x31,0xC7,0x31,0xC7,0x31,0xC7,0x31,0xC7,0x31,
    0xC7,0x31,0xC7,0x31,0xC7,0x31,0xC7,0x31,0xC7,0x31,0xC7,0x31,0xC7,0x31,0xC7,0x31,
    0xC7,0x31,0xC7,0x31,0xC7,0x31,0xC7,0x31,0xC7,0x31,0xC7,0x31,0xC7,0x31,0xC7,0x31,
    0xC7,0x31,0xC7,0x31,0xC7,0x31,0xC7,0x31,0xC7,0x31,0xC7,0x31,0xC7,0x31,0xC7,0x31,
    0xC7,0x31,0xC7,0x31,0xC7,0x31,0xC7,0x31,0xC7,0x31,0xC7,0x31,0xC7,0x31,0xC7,0x31,
    0xC7,0x31,0xC7,0x31,0xC7,0x31,0xC7,0x31,0xC7,0x31,0xA6,0x31,0xC7,0x31,0xC7,0x31,
    0xC7,0x31,0xC7,0x31,0xC7,0x31,0xC7,0x31,0xC7,0x31,0xC7,0x31,0xC7,0x31,0xC7,0x31,
    0xC7,0x31,0xC7,0x31,0xC7,0x31,0xC7,0x31,0xC7,0x31,0xC7,0x31,0xC7,0x31,0xC7,0x31,
    0xC7,0x31,0xC7,0x31,0xC7,0x31,0xC7,0x31,0xC7,0x31,0xC7,0x31,0xC7,0x31,0xC7,0x31,
    0xC7,0x31,0xC7,0x31,0xC7,0x31,0xC7,0x31,0xC7,0x31,0xC7,0x31,0xC7,0x31,0xC7,0x31,
    0xC7,0x31,0xC7,0x31,0xC7,0x31,0xC7,0x31,0xC7,0x31,0xC7,0x31,0x8A,0x4A,0xEB,0x5A,
    0xC7,0x31,0xC7,0x31,0xC7,0x31,0xC7,0x31,0xC7,0x31,0xC7,0x31,0xC7,0x31,0xC7,0x31,
    0x08,0x3A,0xA6,0x29,0xA7,0x31,0xC7,0x31,0xC7,0x31,0xC7,0x31,0xC7,0x31,0xC7,0x31,
    0xC7,0x31,0xC7,0x31,0xC7,0x31,0xC7,0x31,0x8E,0x73,0x48,0x3A,0xC7,0x31,0xC7,0x31,
    0xC7,0x31,0xC7,0x31,0xC7,0x31,0xC7,0x31,0xC7,0x31,0xC7,0x31,0xC7,0x31,0xC7,0x31,
    0xC7,0x31,0xC7,0x31,0xC7,0x31,0xC7,0x31,0xC7,0x31,0xC7,0x31,0xC7,0x31,0xC7,0x31,
    0xC7,0x31,0xC7,0x31,0xC7,0x31,0xC7,0x31,0xC7,0x31,0xC7,0x31,0xC7,0x31,0xC7,0x31,
    0xC7,0x31,0xE8,0x31,0x8E,0x6B,0x10,0x7C,0xC7,0x31,0xC7,0x31,0xC7,0x31,0xC7,0x31,
    0x29,0x3A,0xEC,0x5A,0x4D,0x63,0x0C,0x5B,0xA6,0x29,0xC7,0x31,0x25,0x21,0xCB,0x52,
    0x4D,0x63,0xEC,0x5A,0xAB,0x52,0x29,0x42,0xC7,0x31,0xC7,0x31,0xC7,0x31,0x28,0x3A,
    0x95,0xAD,0x8A,0x4A,0xC7,0x31,0xC7,0x31,0xC7,0x31,0xC7,0x31,0xC7,0x31,0xC7,0x31,
    0xC7,0x31,0xC7,0x31,0xC7,0x31,0xC7,0x31,0xC7,0x31,0xC7,0x31,0xC7,0x31,0xC7,0x31,
    0xC7,0x31,0xC7,0x31,0xC7,0x31,0xC7,0x31,0xC7,0x31,0xC7,0x31,0xC7,0x31,0xC7,0x31,
    0xC7,0x31,0xC7,0x31,0xC7,0x31,0xC7,0x31,0xC7,0x31,0x6E,0x6B,0x92,0x94,0xAF,0x6B,
    0xC7,0x31,0xC7,0x31,0xC7,0x31,0xCB,0x52,0x14,0xA5,0x51,0x8C,0xAE,0x73,0xCB,0x5A,
    0x28,0x4A,0xE6,0x39,0xC6,0x39,0x2C,0x63,0x10,0x84,0x71,0x8C,0xB2,0x9C,0x75,0xAD,
    0xEC,0x5A,0xC7,0x31,0xC7,0x31,0x49,0x42,0xD6,0xBD,0x91,0x94,0xC7,0x31,0xC7,0x31,
    0xC7,0x31,0xC7,0x31,0xC7,0x31,0xC7,0x31,0xC7,0x31,0xC7,0x31,0xC7,0x31,0xC7,0x31,
    0xC7,0x31,0xC7,0x31,0xC7,0x31,0xC7,0x31,0xC7,0x31,0xC7,0x31,0xC7,0x31,0xC7,0x31,
    0xC7,0x31,0xC7,0x31,0xC7,0x31,0xC7,0x31,0xC7,0x31,0xC7,0x31,0xC7,0x31,0xC7,0x31,
    0xC7,0x31,0x4D,0x63,0xD3,0x9C,0x51,0x8C,0xCA,0x62,0xEE,0x8B,0xB1,0xA4,0x94,0xC5,
    0x0B,0x63,0xE4,0x18,0xC3,0x10,0xE3,0x18,0xA7,0x31,0xA6,0x31,0xC7,0x31,0xE3,0x18,
    0x04,0x19,0x04,0x19,0x4F,0x9C,0x3B,0xF7,0x12,0xAD,0xCD,0x83,0xAA,0x5A,0xEC,0x5A,
    0x75,0xAD,0x8E,0x6B,0xC7,0x31,0xC7,0x31,0xC7,0x31,0xC7,0x31,0xC7,0x31,0xC7,0x31,
    0xC7,0x31,0xC7,0x31,0xC7,0x31,0xC7,0x31,0xC7,0x31,0xC7,0x31,0xC7,0x31,0xC7,0x31,
    0xC7,0x31,0xC7,0x31,0xC7,0x31,0xC7,0x31,0xC7,0x31,0xC7,0x31,0xC7,0x31,0xC7,0x31,
    0xC7,0x31,0xC7,0x31,0xC7,0x31,0xC7,0x31,0xC7,0x31,0x68,0x5A,0x93,0xCD,0xD7,0xF6,
    0x19,0xFF,0x7A,0xFF,0x9B,0xFF,0xF9,0xF6,0x27,0x4A,0x61,0x10,0x61,0x08,0xC3,0x18,
    0xA7,0x39,0xC7,0x31,0x08,0x3A,0x61,0x08,0x81,0x10,0x61,0x10,0xED,0x93,0xB7,0xEE,
    0x18,0xFF,0x38,0xFF,0xD7,0xFE,0x96,0xEE,0x52,0xC5,0x28,0x4A,0xC7,0x31,0xC7,0x31,
    0xC7,0x31,0xC7,0x31,0xC7,0x31,0xC7,0x31,0xC7,0x31,0xC7,0x31,0xC7,0x31,0xC7,0x31,
    0xC7,0x31,0xC7,0x31,0xC7,0x31,0xC7,0x31,0xC7,0x31,0xC7,0x31,0xC7,0x31,0xC7,0x31,
    0xC7,0x31,0xC7,0x31,0xC7,0x31,0xC7,0x31,0xC7,0x31,0xC7,0x31,0xC7,0x31,0xC7,0x31,
    0xC7,0x39,0xD0,0xBC,0x15,0xDE,0xF1,0xAC,0x12,0xBD,0x8D,0x7B,0x4F,0xA4,0x73,0xCD,
    0xD4,0xD5,0x74,0xB5,0x53,0xBD,0x51,0xCD,0x51,0xC5,0x52,0xC5,0x52,0xC5,0x52,0xC5,
    0x54,0xB5,0x52,0xBD,0x71,0xD5,0x6E,0xAC,0x2B,0x73,0x4B,0x7B,0xF0,0xBC,0xD1,0xAC,
    0xB8,0xF6,0x4E,0xA4,0xC7,0x31,0xC7,0x31,0xC7,0x31,0xC7,0x31,0xC7,0x31,0xC7,0x31,
    0xC7,0x31,0xC7,0x31,0xC7,0x31,0xC7,0x31,0xC7,0x31,0xC7,0x31,0xC7,0x31,0xC7,0x31,
    0xC7,0x31,0xC7,0x31,0xC7,0x31,0xC7,0x31,0xC7,0x31,0xC7,0x31,0xC7,0x31,0xC7,0x31,
    0xC7,0x31,0xC7,0x31,0xC7,0x31,0xC7,0x31,0x68,0x5A,0xB8,0xF6,0xD1,0xA4,0x86,0x31,
    0x90,0xAC,0x47,0x52,0x6F,0xA4,0x9B,0xFF,0x3A,0xFF,0xB2,0x94,0xF5,0xCD,0xFC,0xFF,
    0xFD,0xFF,0xFD,0xFF,0xFD,0xFF,0x5B,0xFF,0xB3,0x94,0xF6,0xC5,0xBB,0xFF,0xB7,0xEE,
    0x48,0x5A,0x8C,0x83,0x4B,0x73,0xE7,0x39,0x16,0xCE,0xF9,0xFE,0x48,0x52,0xC7,0x31,
    0xC7,0x31,0xC7,0x31,0xC7,0x31,0xC7,0x31,0xC7,0x31,0xC7,0x31,0xC7,0x31,0xC7,0x31,
    0xC7,0x31,0xC7,0x31,0xC7,0x31,0xC7,0x31,0xC7,0x31,0xC7,0x31,0xC7,0x31,0xC7,0x31,
    0xC7,0x31,0xC7,0x31,0xC7,0x31,0xC7,0x31,0xC7,0x31,0xC7,0x31,0xC7,0x31,0xC7,0x31,
    0xC9,0x72,0xF4,0xE5,0x77,0xDE,0x90,0xA4,0xF6,0xD5,0x73,0xC5,0x94,0xC5,0x16,0xCE,
    0x16,0xD6,0x4E,0xAC,0xAF,0xB4,0x73,0xC5,0x53,0xC5,0x74,0xCD,0x94,0xCD,0x94,0xCD,
    0xCC,0x9B,0x52,0xC5,0x16,0xCE,0xD4,0xCD,0xD0,0xB4,0x93,0xCD,0xD0,0xB4,0x90,0xA4,
    0xB8,0xE6,0x35,0xEE,0xEA,0x6A,0xC7,0x31,0xC7,0x31,0xC7,0x31,0xC7,0x31,0xC7,0x31,
    0xC7,0x31,0xC7,0x31,0xC7,0x31,0xC7,0x31,0xC7,0x31,0xC7,0x31,0xC7,0x31,0xC7,0x31,
    0xC7,0x31,0xC7,0x31,0xC7,0x31,0xC7,0x31,0xC7,0x31,0xC7,0x31,0xC7,0x31,0xC7,0x31,
    0xC7,0x31,0xC7,0x31,0xC7,0x31,0xC7,0x31,0xCD,0x93,0x2F,0x8C,0x04,0x19,0xE4,0x18,
    0x41,0x08,0x41,0x08,0x41,0x00,0x41,0x08,0xC3,0x10,0x4C,0x73,0xF1,0xC4,0x6C,0x8B,
    0x6C,0x83,0xAD,0x8B,0x8C,0x8B,0xD0,0xBC,0xED,0x93,0x44,0x29,0x20,0x00,0x00,0x00,
    0x41,0x00,0x20,0x00,0x61,0x08,0xA2,0x10,0x04,0x21,0x90,0xAC,0x8C,0x8B,0xC7,0x31,
    0xC7,0x31,0xC7,0x31,0xC7,0x31,0xC7,0x31,0xC7,0x31,0xC7,0x31,0xC7,0x31,0xC7,0x31,
    0xC7,0x31,0xC7,0x31,0xC7,0x31,0xC7,0x31,0xC7,0x31,0xC7,0x31,0xC7,0x31,0xC7,0x31,
    0xC7,0x31,0xC7,0x31,0xC7,0x31,0xC7,0x31,0xC7,0x31,0xC7,0x31,0xC7,0x31,0xC7,0x31,
    0xB0,0xAC,0x29,0x42,0x00,0x00,0x00,0x00,0x00,0x00,0x00,0x00,0x00,0x00,0x00,0x00,
    0x41,0x00,0x21,0x00,0x65,0x29,0x6A,0x62,0x8A,0x62,0x68,0x52,0x2A,0x63,0xC7,0x39,
    0x62,0x00,0x00,0x00,0x00,0x00,0x00,0x00,0x41,0x00,0x41,0x00,0x20,0x00,0x00,0x00,
    0x00,0x00,0xEA,0x62,0x2E,0xA4,0xC7,0x31,0xC7,0x31,0xC7,0x31,0xC7,0x31,0xC7,0x31,
    0xC7,0x31,0xC7,0x31,0xC7,0x31,0xC7,0x31,0xC7,0x31,0xC7,0x31,0xC7,0x31,0xC7,0x31,
    0xC7,0x31,0xC7,0x31,0xC7,0x31,0xC7,0x31,0xC7,0x31,0xC7,0x31,0xC7,0x31,0xC7,0x31,
    0xC7,0x31,0xC7,0x31,0xC7,0x31,0xC7,0x31,0xF1,0xB4,0x49,0x42,0x00,0x00,0x41,0x00,
    0x41,0x08,0x20,0x00,0x20,0x00,0x20,0x00,0x21,0x00,0x82,0x08,0x41,0x00,0x42,0x00,
    0x42,0x00,0x42,0x00,0x62,0x08,0x21,0x00,0x41,0x00,0x20,0x00,0x00,0x00,0x00,0x00,
    0x20,0x00,0x20,0x00,0x21,0x00,0x41,0x00,0x00,0x00,0xEB,0x62,0x6F,0xAC,0xC7,0x31,
    0xC7,0x31,0xC7,0x31,0xC7,0x31,0xC7,0x31,0xC7,0x31,0xC7,0x31,0xC7,0x31,0xC7,0x31,
    0xC7,0x31,0xC7,0x31,0xC7,0x31,0xC7,0x31,0xC7,0x31,0xC7,0x31,0xC7,0x31,0xC7,0x31,
    0xC7,0x31,0xC7,0x31,0xC7,0x31,0xC7,0x31,0xC7,0x31,0xC7,0x31,0xC7,0x31,0xC7,0x31,
    0x53,0xC5,0x69,0x4A,0x20,0x00,0x04,0x21,0xC3,0x18,0x25,0x21,0x20,0x00,0x82,0x10,
    0xE4,0x18,0xA2,0x10,0x82,0x08,0x62,0x00,0x82,0x08,0x82,0x08,0x62,0x00,0x41,0x00,
    0x41,0x00,0x61,0x08,0xC3,0x10,0x41,0x08,0xC3,0x10,0xA3,0x10,0xA2,0x10,0x24,0x21,
    0x21,0x00,0x4C,0x73,0xD1,0xB4,0xC7,0x31,0xC7,0x31,0xC7,0x31,0xC7,0x31,0xC7,0x31,
    0xC7,0x31,0xC7,0x31,0xC7,0x31,0xC7,0x31,0xC7,0x31,0xC7,0x31,0xC7,0x31,0xC7,0x31,
    0xC7,0x31,0xC7,0x31,0xC7,0x31,0xC7,0x31,0xC7,0x31,0xC7,0x31,0xC7,0x31,0xC7,0x31,
    0xC7,0x31,0xC7,0x31,0xC7,0x31,0xC7,0x31,0xD5,0xD5,0xCB,0x5A,0x00,0x00,0x20,0x00,
    0xE3,0x18,0x10,0x84,0x61,0x08,0x00,0x00,0x20,0x00,0x82,0x08,0x62,0x00,0x62,0x00,
    0x04,0x19,0x25,0x21,0x82,0x08,0x41,0x00,0x41,0x00,0x41,0x00,0x00,0x00,0x61,0x08,
    0x71,0x84,0xE7,0x39,0x00,0x00,0x61,0x08,0x21,0x00,0x0F,0x8C,0x32,0xC5,0xC7,0x31,
    0xC7,0x31,0xC7,0x31,0xC7,0x31,0xC7,0x31,0xC7,0x31,0xC7,0x31,0xC7,0x31,0xC7,0x31,
    0xC7,0x31,0xC7,0x31,0xC7,0x31,0xC7,0x31,0xC7,0x31,0xC7,0x31,0xC7,0x31,0xC7,0x31,
    0xC7,0x31,0xC7,0x31,0xC7,0x31,0xC7,0x31,0xC7,0x31,0xC7,0x31,0xC7,0x31,0xC7,0x31,
    0x77,0xE6,0x8E,0x73,0x00,0x00,0x00,0x00,0xC3,0x18,0x8A,0x52,0x20,0x00,0x00,0x00,
    0x00,0x00,0x62,0x08,0x82,0x08,0x41,0x00,0x04,0x19,0x24,0x21,0x82,0x08,0x41,0x00,
    0x41,0x00,0x20,0x00,0x00,0x00,0x41,0x08,0xC7,0x31,0xE4,0x18,0x00,0x00,0x00,0x00,
    0xC3,0x10,0xF2,0xAC,0x73,0xC5,0xC7,0x31,0xC7,0x31,0xC7,0x31,0xC7,0x31,0xC7,0x31,
    0xC7,0x31,0xC7,0x31,0xC7,0x31,0xC7,0x31,0xC7,0x31,0xC7,0x31,0xC7,0x31,0xC7,0x31,
    0xC7,0x31,0xC7,0x31,0xC7,0x31,0xC7,0x31,0xC7,0x31,0xC7,0x31,0xC7,0x31,0xC7,0x31,
    0xC7,0x31,0xC7,0x31,0xC7,0x31,0xC7,0x31,0x98,0xE6,0xD2,0x9C,0x62,0x00,0x20,0x00,
    0x00,0x00,0x00,0x00,0x00,0x00,0x00,0x00,0x20,0x00,0x82,0x08,0xA3,0x10,0x82,0x10,
    0xC3,0x18,0xC3,0x10,0x82,0x08,0x82,0x08,0xA3,0x10,0x21,0x00,0x20,0x00,0x00,0x00,
    0x00,0x00,0x00,0x00,0x00,0x00,0x82,0x08,0x25,0x21,0x17,0xD6,0x53,0xC5,0xC7,0x31,
    0xC7,0x31,0xC7,0x31,0xC7,0x31,0xC7,0x31,0xC7,0x31,0xC7,0x31,0xC7,0x31,0xC7,0x31,
    0xC7,0x31,0xC7,0x31,0xC7,0x31,0xC7,0x31,0xC7,0x31,0xC7,0x31,0xC7,0x31,0xC7,0x31,
    0xC7,0x31,0xC7,0x31,0xC7,0x31,0xC7,0x31,0xC7,0x31,0xC7,0x31,0xC7,0x31,0xC7,0x31,
    0x16,0xD6,0xB9,0xDE,0x04,0x19,0x65,0x21,0xC3,0x10,0x61,0x08,0x00,0x00,0x00,0x00,
    0x41,0x00,0x61,0x08,0x41,0x00,0xC3,0x10,0x25,0x21,0xE4,0x18,0x45,0x21,0x20,0x00,
    0x21,0x00,0x21,0x00,0x41,0x00,0x21,0x00,0x41,0x00,0x41,0x00,0xC3,0x10,0xE4,0x10,
    0xC6,0x39,0x7B,0xFF,0xF2,0xB4,0xC7,0x31,0xC7,0x31,0xC7,0x31,0xC7,0x31,0xC7,0x31,
    0xC7,0x31,0xC7,0x31,0xC7,0x31,0xC7,0x31,0xC7,0x31,0xC7,0x31,0xC7,0x31,0xC7,0x31,
    0xC7,0x31,0xC7,0x31,0xC7,0x31,0xC7,0x31,0xC7,0x31,0xC7,0x31,0xC7,0x31,0xC7,0x31,
    0xC7,0x31,0xC7,0x31,0xC7,0x31,0xC7,0x31,0x74,0xBD,0xFF,0xFF,0x2F,0x9C,0xA6,0x31,
    0xA7,0x29,0xA3,0x08,0x00,0x00,0x62,0x00,0x41,0x00,0x00,0x00,0x00,0x00,0x20,0x00,
    0xC2,0x10,0xE3,0x18,0x00,0x00,0x00,0x00,0x00,0x00,0x00,0x00,0x41,0x00,0x20,0x00,
    0x21,0x00,0x82,0x08,0x04,0x19,0x65,0x29,0xD1,0xB4,0xBD,0xFF,0xD1,0xAC,0xC7,0x31,
    0xC7,0x31,0xC7,0x31,0xC7,0x31,0xC7,0x31,0xC7,0x31,0xC7,0x31,0xC7,0x31,0xC7,0x31,
    0xC7,0x31,0xC7,0x31,0xC7,0x31,0xC7,0x31,0xC7,0x31,0xC7,0x31,0xC7,0x31,0xC7,0x31,
    0xC7,0x31,0xC7,0x31,0xC7,0x31,0xC7,0x31,0xC7,0x31,0xC7,0x31,0xC7,0x31,0xC7,0x31,
    0xF2,0xB4,0xFE,0xFF,0x19,0xFF,0x72,0xD5,0xCC,0x93,0xA9,0x62,0xC6,0x41,0xA6,0x39,
    0xE3,0x18,0x03,0x21,0x8C,0x83,0xF2,0xAC,0x0F,0x8C,0xAE,0x7B,0x70,0x9C,0xCD,0x8B,
    0x44,0x31,0x41,0x08,0x45,0x29,0x24,0x29,0xC6,0x41,0xEA,0x6A,0xCC,0x8B,0xAF,0xB4,
    0x73,0xCD,0x9C,0xFF,0x90,0xA4,0xC7,0x31,0xC7,0x31,0xC7,0x31,0xC7,0x31,0xC7,0x31,
    0xC7,0x31,0xC7,0x31,0xC7,0x31,0xC7,0x31,0xC7,0x31,0xC7,0x31,0xC7,0x31,0xC7,0x31,
    0xC7,0x31,0xC7,0x31,0xC7,0x31,0xC7,0x31,0xC7,0x31,0xC7,0x31,0xC7,0x31,0xC7,0x31,
    0xC7,0x31,0xC7,0x31,0xC7,0x31,0xC7,0x31,0x90,0xA4,0xDE,0xFF,0x16,0xDE,0x73,0xCD,
    0xF4,0xED,0x92,0xDD,0x10,0xCD,0xF0,0xC4,0xF0,0xBC,0x72,0xD5,0x34,0xEE,0x53,0xC5,
    0x2E,0x9C,0x0E,0x9C,0xF1,0xB4,0x14,0xE6,0xF3,0xE5,0xD0,0xBC,0xF0,0xBC,0x31,0xC5,
    0x11,0xC5,0xAF,0xBC,0x2D,0xAC,0xCC,0x9B,0x32,0xBD,0x9C,0xFF,0x2F,0x9C,0xC7,0x31,
    0xC7,0x31,0xC7,0x31,0xC7,0x31,0xC7,0x31,0xC7,0x31,0xC7,0x31,0xC7,0x31,0xC7,0x31,
    0xC7,0x31,0xC7,0x31,0xC7,0x31,0xC7,0x31,0xC7,0x31,0xC7,0x31,0xC7,0x31,0xC7,0x31,
    0xC7,0x31,0xC7,0x31,0xC7,0x31,0xC7,0x31,0xC7,0x31,0xC7,0x31,0xC7,0x31,0xC7,0x31,
    0x0E,0x94,0xFE,0xFF,0x70,0x94,0xC3,0x10,0xE7,0x41,0x07,0x4A,0xA2,0x10,0xC2,0x18,
    0x03,0x21,0x03,0x21,0x03,0x29,0x03,0x29,0x23,0x29,0x44,0x31,0x23,0x31,0x44,0x31,
    0x23,0x31,0x44,0x31,0x03,0x29,0xC2,0x20,0x64,0x39,0xAB,0x9B,0xAB,0x9B,0xEC,0xA3,
    0x94,0xCD,0x7C,0xFF,0xCD,0x8B,0xC7,0x31,0xC7,0x31,0xC7,0x31,0xC7,0x31,0xC7,0x31,
    0xC7,0x31,0xC7,0x31,0xC7,0x31,0xC7,0x31,0xC7,0x31,0xC7,0x31,0xC7,0x31,0xC7,0x31,
    0xC7,0x31,0xC7,0x31,0xC7,0x31,0xC7,0x31,0xC7,0x31,0xC7,0x31,0xC7,0x31,0xC7,0x31,
    0xC7,0x31,0xC7,0x31,0xC7,0x31,0xC7,0x31,0x0A,0x7B,0xBC,0xFF,0x95,0xBD,0x61,0x00,
    0x82,0x08,0xA3,0x10,0x00,0x00,0x00,0x00,0x21,0x00,0xE4,0x18,0xC3,0x10,0x62,0x08,
    0x00,0x00,0x00,0x00,0x00,0x00,0x63,0x08,0xA3,0x09,0x80,0x00,0x00,0x00,0x00,0x00,
    0x81,0x10,0xA5,0x39,0x85,0x39,0xAC,0x8B,0x37,0xE6,0x7C,0xFF,0x6C,0x7B,0xC7,0x31,
    0xC7,0x31,0xC7,0x31,0xC7,0x31,0xC7,0x31,0xC7,0x31,0xC7,0x31,0xC7,0x31,0xC7,0x31,
    0xC7,0x31,0xC7,0x31,0xC7,0x31,0xC7,0x31,0xC7,0x31,0xC7,0x31,0xC7,0x31,0xC7,0x31,
    0xC7,0x31,0xC7,0x31,0xC7,0x31,0xC7,0x31,0xC7,0x31,0xC7,0x31,0xC7,0x31,0xC7,0x31,
    0x28,0x4A,0x78,0xE6,0xDA,0xEE,0x04,0x19,0xA3,0x08,0xA3,0x10,0x00,0x00,0x00,0x00,
    0x41,0x08,0xE4,0x18,0xE4,0x18,0xE4,0x18,0x20,0x00,0x81,0x08,0xA2,0x08,0x65,0x21,
    0x66,0x21,0x61,0x08,0x00,0x00,0x00,0x00,0x20,0x00,0x00,0x00,0x00,0x00,0xE3,0x18,
    0x78,0xE6,0xB9,0xEE,0x48,0x4A,0xC7,0x31,0xC7,0x31,0xC7,0x31,0xC7,0x31,0xC7,0x31,
    0xC7,0x31,0xC7,0x31,0xC7,0x31,0xC7,0x31,0xC7,0x31,0xC7,0x31,0xC7,0x31,0xC7,0x31,
    0xC7,0x31,0xC7,0x31,0xC7,0x31,0xC7,0x31,0xC7,0x31,0xC7,0x31,0xC7,0x31,0xC7,0x31,
    0xC7,0x31,0xC7,0x31,0xC7,0x31,0xC7,0x31,0xC7,0x31,0xA6,0x31,0x13,0xAD,0xE8,0x39,
    0xC3,0x10,0xC3,0x10,0x00,0x00,0x00,0x00,0x20,0x00,0x82,0x08,0x24,0x19,0x65,0x21,
    0x23,0x19,0xC2,0x18,0xE2,0x38,0x60,0x18,0x00,0x00,0x61,0x08,0x00,0x00,0x41,0x08,
    0x41,0x08,0x61,0x08,0x41,0x00,0x01,0x00,0x4C,0x6B,0xE7,0x39,0xA7,0x31,0xC7,0x31,
    0xC7,0x31,0xC7,0x31,0xC7,0x31,0xC7,0x31,0xC7,0x31,0xC7,0x31,0xC7,0x31,0xC7,0x31,
    0xC7,0x31,0xC7,0x31,0xC7,0x31,0xC7,0x31,0xC7,0x31,0xC7,0x31,0xC7,0x31,0xC7,0x31,
    0xC7,0x31,0xC7,0x31,0xC7,0x31,0xC7,0x31,0xC7,0x31,0xC7,0x31,0xC7,0x31,0xC7,0x31,
    0xC7,0x31,0x04,0x19,0x28,0x3A,0x45,0x21,0xC3,0x10,0xC3,0x10,0x00,0x00,0x00,0x00,
    0x61,0x08,0xE5,0x20,0xC9,0x40,0x0A,0x41,0xC8,0x38,0x20,0x08,0x81,0x40,0x20,0x10,
    0x61,0x08,0x41,0x08,0x00,0x00,0x40,0x00,0x41,0x00,0x20,0x00,0x41,0x00,0x41,0x08,
    0x86,0x29,0x04,0x19,0x29,0x42,0xC7,0x31,0xC7,0x31,0xC7,0x31,0xC7,0x31,0xC7,0x31,
    0xC7,0x31,0xC7,0x31,0xC7,0x31,0xC7,0x31,0xC7,0x31,0xC7,0x31,0xC7,0x31,0xC7,0x31,
    0xC7,0x31,0xC7,0x31,0xC7,0x31,0xC7,0x31,0xC7,0x31,0xC7,0x31,0xC7,0x31,0xC7,0x31,
    0xC7,0x31,0xC7,0x31,0xC7,0x31,0xC7,0x31,0xC7,0x31,0x45,0x21,0x49,0x42,0x86,0x29,
    0x62,0x08,0xE4,0x18,0x20,0x00,0x00,0x00,0x81,0x08,0x27,0x31,0xA9,0x40,0xC9,0x40,
    0x67,0x30,0x82,0x08,0x25,0x19,0x04,0x19,0xE3,0x18,0x41,0x08,0x00,0x00,0x00,0x00,
    0x20,0x00,0x40,0x00,0x41,0x00,0xA2,0x10,0xC7,0x31,0x25,0x21,0xC7,0x31,0xC7,0x31,
    0xC7,0x31,0xC7,0x31,0xC7,0x31,0xC7,0x31,0xC7,0x31,0xC7,0x31,0xC7,0x31,0xC7,0x31,
    0xC7,0x31,0xC7,0x31,0xC7,0x31,0xC7,0x31,0xC7,0x31,0xC7,0x31,0xC7,0x31,0xC7,0x31,
    0xC7,0x31,0xC7,0x31,0xC7,0x31,0xC7,0x31,0xC7,0x31,0xC7,0x31,0xC7,0x31,0xC7,0x31,
    0xC7,0x31,0x66,0x29,0xE7,0x31,0x49,0x42,0x62,0x00,0x82,0x08,0x20,0x00,0x00,0x00,
    0x61,0x08,0x04,0x19,0x03,0x19,0x03,0x19,0x20,0x00,0x61,0x08,0xE3,0x18,0xC3,0x18,
    0xA2,0x10,0x40,0x00,0x00,0x00,0x00,0x00,0x00,0x00,0x00,0x00,0x82,0x10,0x65,0x21,
    0x45,0x21,0x45,0x21,0xC7,0x31,0xC7,0x31,0xC7,0x31,0xC7,0x31,0xC7,0x31,0xC7,0x31,
    0xC7,0x31,0xC7,0x31,0xC7,0x31,0xC7,0x31,0xC7,0x31,0xC7,0x31,0xC7,0x31,0xC7,0x31,
    0xC7,0x31,0xC7,0x31,0xC7,0x31,0xC7,0x31,0xC7,0x31,0xC7,0x31,0xC7,0x31,0xC7,0x31,
    0xC7,0x31,0xC7,0x31,0xC7,0x31,0xC7,0x31,0xC7,0x31,0xC7,0x31,0x86,0x29,0x28,0x42,
    0xA3,0x08,0x62,0x00,0x20,0x00,0x00,0x00,0x20,0x00,0x61,0x08,0xC2,0x10,0xA2,0x10,
    0x41,0x08,0x41,0x08,0xA2,0x10,0xC2,0x10,0x61,0x08,0x00,0x00,0x00,0x00,0x00,0x00,
    0x20,0x00,0x00,0x00,0xE3,0x18,0x45,0x21,0x45,0x21,0xA7,0x31,0xC7,0x31,0xC7,0x31,
    0xC7,0x31,0xC7,0x31,0xC7,0x31,0xC7,0x31,0xC7,0x31,0xC7,0x31,0xC7,0x31,0xC7,0x31,
    0xC7,0x31,0xC7,0x31,0xC7,0x31,0xC7,0x31,0xC7,0x31,0xC7,0x31,0xC7,0x31,0xC7,0x31,
    0xC7,0x31,0xC7,0x31,0xC7,0x31,0xC7,0x31,0xC7,0x31,0xC7,0x31,0xC7,0x31,0xC7,0x31,
    0xC7,0x31,0xC7,0x31,0xC7,0x31,0x86,0x29,0xA3,0x08,0x21,0x00,0x20,0x00,0x00,0x00,
    0xC3,0x10,0xE4,0x18,0xE3,0x18,0x24,0x21,0xC3,0x18,0x04,0x19,0xE3,0x18,0xC2,0x10,
    0xE3,0x18,0x61,0x08,0x00,0x00,0x00,0x00,0x00,0x00,0x00,0x00,0xC3,0x18,0x24,0x19,
    0xC7,0x31,0xC7,0x31,0xC7,0x31,0xC7,0x31,0xC7,0x31,0xC7,0x31,0xC7,0x31,0xC7,0x31,
    0xC7,0x31,0xC7,0x31,0xC7,0x31,0xC7,0x31,0xC7,0x31,0xC7,0x31,0xC7,0x31,0xC7,0x31,
    0xC7,0x31,0xC7,0x31,0xC7,0x31,0xC7,0x31,0xC7,0x31,0xC7,0x31,0xC7,0x31,0xC7,0x31,
    0xC7,0x31,0xC7,0x31,0xC7,0x31,0xC7,0x31,0xC7,0x31,0xC7,0x31,0xC7,0x31,0xA7,0x31,
    0x24,0x19,0xE3,0x18,0xC3,0x18,0xC3,0x10,0xA2,0x10,0x82,0x08,0x82,0x08,0x62,0x08,
    0x62,0x08,0x62,0x08,0x62,0x08,0x62,0x08,0x62,0x08,0x62,0x08,0x62,0x08,0x62,0x08,
    0x62,0x08,0x62,0x08,0x82,0x10,0x86,0x29,0xC7,0x31,0xC7,0x31,0xC7,0x31,0xC7,0x31,
    0xC7,0x31,0xC7,0x31,0xC7,0x31,0xC7,0x31,0xC7,0x31,0xC7,0x31,0xC7,0x31,0xC7,0x31,
    0xC7,0x31,0xC7,0x31,0xC7,0x31,0xC7,0x31,0xC7,0x31,0xC7,0x31,0xC7,0x31,0xC7,0x31,
    0xC7,0x31,0xC7,0x31,0xC7,0x31,0xC7,0x31,0xC7,0x31,0xC7,0x31,0xC7,0x31,0xC7,0x31,
    0xC7,0x31,0xC7,0x31,0xC7,0x31,0xC7,0x31,0xC7,0x31,0xC7,0x31,0xC7,0x31,0xC7,0x31,
    0xC7,0x31,0xC7,0x31,0xC7,0x31,0xC7,0x31,0xC7,0x31,0xC7,0x31,0xC7,0x31,0xC7,0x31,
    0xC7,0x31,0xC7,0x31,0xC7,0x31,0xC7,0x31,0xC7,0x31,0xC7,0x31,0xC7,0x31,0xC7,0x31,
    0xC7,0x31,0xC7,0x31,0xC7,0x31,0xC7,0x31,0xC7,0x31,0xC7,0x31,0xC7,0x31,0xC7,0x31,
    0xC7,0x31,0xC7,0x31,0xC7,0x31,0xC7,0x31,0xC7,0x31,0xC7,0x31,0xC7,0x31,0xC7,0x31,
    0xC7,0x31,0xC7,0x31,0xC7,0x31,0xC7,0x31,0xC7,0x31,0xC7,0x31,0xC7,0x31,0xC7,0x31,
    0xC7,0x31,0xC7,0x31,0xC7,0x31,0xC7,0x31,0xC7,0x31,0xC7,0x31,0xC7,0x31,0xC7,0x31,
    0xC7,0x31,0xC7,0x31,0xC7,0x31,0xC7,0x31,0xC7,0x31,0xC7,0x31,0xC7,0x31,0xC7,0x31,
    0xC7,0x31,0xC7,0x31,0xC7,0x31,0xC7,0x31,0xC7,0x31,0xC7,0x31,0xC7,0x31,0xC7,0x31,
    0xC7,0x31,0xC7,0x31,0xC7,0x31,0xC7,0x31,0xC7,0x31,0xC7,0x31,0xC7,0x31,0xC7,0x31,
    0xC7,0x31,0xC7,0x31,0xC7,0x31,0xC7,0x31,0xC7,0x31,0xC7,0x31,0xC7,0x31,0xC7,0x31,
    0xC7,0x31,0xC7,0x31,0xC7,0x31,0xC7,0x31,0xC7,0x31,0xC7,0x31,0xC7,0x31,0xC7,0x31,
    0xC7,0x31,0xC7,0x31,0xC7,0x31,0xC7,0x31,0xC7,0x31,0xC7,0x31,0xC7,0x31,0xC7,0x31,
    0xC7,0x31,0xC7,0x31,0xC7,0x31,0xC7,0x31,0xC7,0x31,0xC7,0x31,0xC7,0x31,0xC7,0x31,
    0xC7,0x31,0xC7,0x31,0xC7,0x31,0xC7,0x31,0xC7,0x31,0xC7,0x31,0xC7,0x31,0xC7,0x31,
    0xC7,0x31,0xC7,0x31,0xC7,0x31,0xC7,0x31,0xC7,0x31,0xC7,0x31,0xC7,0x31,0xC7,0x31,
    0xC7,0x31,0xC7,0x31,0xC7,0x31,0xC7,0x31,0xC7,0x31,0xC7,0x31,0xC7,0x31,0xC7,0x31,
    0xC7,0x31,0xC7,0x31,0xC7,0x31,0xC7,0x31,0xC7,0x31,0xC7,0x31,0xC7,0x31,0xC7,0x31,
};

const lv_image_dsc_t rf_device_radiolink_at9s_strip = {
    .header.magic = LV_IMAGE_HEADER_MAGIC,
    .header.cf = LV_COLOR_FORMAT_RGB565,
    .header.flags = 0,
    .header.w = 52,
    .header.h = 46,
    .header.stride = 104,
    .data_size = sizeof(rf_device_radiolink_at9s_strip_map),
    .data = rf_device_radiolink_at9s_strip_map,
};

const LV_ATTRIBUTE_MEM_ALIGN LV_ATTRIBUTE_LARGE_CONST uint8_t rf_device_radiolink_at9s_detail_map[] = {
    0xC7,0x31,0xC7,0x31,0xC7,0x31,0xC7,0x31,0xC7,0x31,0xC7,0x31,0xC7,0x31,0xC7,0x31,
    0xC7,0x31,0xC7,0x31,0xC7,0x31,0xC7,0x31,0xC7,0x31,0xC7,0x31,0xC7,0x31,0xC7,0x31,
    0xC7,0x31,0xC7,0x31,0xC7,0x31,0xC7,0x31,0xC7,0x31,0xC7,0x31,0xC7,0x31,0xC7,0x31,
    0xC7,0x31,0xC7,0x31,0xC7,0x31,0xC7,0x31,0xC7,0x31,0xC7,0x31,0xC7,0x31,0xC7,0x31,
    0xC7,0x31,0xC7,0x31,0xC7,0x31,0xC7,0x31,0xC7,0x31,0xC7,0x31,0xC7,0x31,0xC7,0x31,
    0xC7,0x31,0xC7,0x31,0xC7,0x31,0xC7,0x31,0xC7,0x31,0xC7,0x31,0xC7,0x31,0xC7,0x31,
    0xC7,0x31,0xC7,0x31,0xC7,0x31,0xC7,0x31,0xC7,0x31,0xC7,0x31,0xC7,0x31,0xC7,0x31,
    0xC7,0x31,0xC7,0x31,0xC7,0x31,0xC7,0x31,0xC7,0x31,0xC7,0x31,0xC7,0x31,0xC7,0x31,
    0xC7,0x31,0xC7,0x31,0xC7,0x31,0xC7,0x31,0xC7,0x31,0xC7,0x31,0xC7,0x31,0xC7,0x31,
    0xC7,0x31,0xC7,0x31,0xC7,0x31,0xC7,0x31,0xC7,0x31,0xC7,0x31,0xC7,0x31,0xC7,0x31,
    0xC7,0x31,0xC7,0x31,0xC7,0x31,0xC7,0x31,0xC7,0x31,0xC7,0x31,0xC7,0x31,0xC7,0x31,
    0xC7,0x31,0xC7,0x31,0xC7,0x31,0xC7,0x31,0xC7,0x31,0xC7,0x31,0xC7,0x31,0xC7,0x31,
    0xC7,0x31,0xC7,0x31,0xC7,0x31,0xC7,0x31,0xC7,0x31,0xC7,0x31,0xC7,0x31,0xC7,0x31,
    0xC7,0x31,0xC7,0x31,0xC7,0x31,0xC7,0x31,0xC7,0x31,0xC7,0x31,0xC7,0x31,0xC7,0x31,
    0xC7,0x31,0xC7,0x31,0xC7,0x31,0xC7,0x31,0xC7,0x31,0xC7,0x31,0xC7,0x31,0xC7,0x31,
    0xC7,0x31,0xC7,0x31,0xC7,0x31,0xC7,0x31,0xC7,0x31,0xC7,0x31,0xC7,0x31,0xC7,0x31,
    0xC7,0x31,0xC7,0x31,0xC7,0x31,0xC7,0x31,0xC7,0x31,0xC7,0x31,0xC7,0x31,0xC7,0x31,
    0xC7,0x31,0xC7,0x31,0xC7,0x31,0xC7,0x31,0xC7,0x31,0xC7,0x31,0xC7,0x31,0xC7,0x31,
    0xC7,0x31,0xC7,0x31,0xC7,0x31,0xC7,0x31,0xC7,0x31,0xC7,0x31,0xC7,0x31,0xC7,0x31,
    0xC7,0x31,0xC7,0x31,0xC7,0x31,0xC7,0x31,0xC7,0x31,0xC7,0x31,0xC7,0x31,0xC7,0x31,
    0xC7,0x31,0xC7,0x31,0xC7,0x31,0xC7,0x31,0xC7,0x31,0xC7,0x31,0xC7,0x31,0xC7,0x31,
    0xC7,0x31,0xC7,0x31,0xC7,0x31,0xC7,0x31,0xC7,0x31,0xC7,0x31,0xC7,0x31,0xC7,0x31,
    0xC7,0x31,0xC7,0x31,0xC7,0x31,0xC7,0x31,0xC7,0x31,0xC7,0x31,0xC7,0x31,0xC7,0x31,
    0xC7,0x31,0xC7,0x31,0xC7,0x31,0xC7,0x31,0xC7,0x31,0xC7,0x31,0xC7,0x31,0xC7,0x31,
    0xC7,0x31,0xC7,0x31,0xC7,0x31,0xC7,0x31,0xC7,0x31,0xC7,0x31,0xC7,0x31,0xC7,0x31,
    0xC7,0x31,0xC7,0x31,0xC7,0x31,0xC7,0x31,0xC7,0x31,0xC7,0x31,0xC7,0x31,0xC7,0x31,
    0xC7,0x31,0xC7,0x31,0xC7,0x31,0xC7,0x31,0xC7,0x31,0xC7,0x31,0xC7,0x31,0xC7,0x31,
    0xC7,0x31,0xC7,0x31,0xC7,0x31,0xC7,0x31,0xC7,0x31,0xC7,0x31,0xC7,0x31,0xC7,0x31,
    0xC7,0x31,0xC7,0x31,0xC7,0x31,0xC7,0x31,0xC7,0x31,0xC7,0x31,0xC7,0x31,0xC7,0x31,
    0xC7,0x31,0xC7,0x31,0xC7,0x31,0xC7,0x31,0xC7,0x31,0xC7,0x31,0xC7,0x31,0xC7,0x31,
    0xC7,0x31,0xC7,0x31,0xC7,0x31,0xC7,0x31,0xC7,0x31,0xC7,0x31,0xC7,0x31,0xC7,0x31,
    0xC7,0x31,0xC7,0x31,0xC7,0x31,0xC7,0x31,0xC7,0x31,0xC7,0x31,0xC7,0x31,0xC7,0x31,
    0xC7,0x31,0xC7,0x31,0xC7,0x31,0xC7,0x31,0xC7,0x31,0xC7,0x31,0xC7,0x31,0xC7,0x31,
    0xC7,0x31,0xC7,0x31,0xC7,0x31,0xC7,0x31,0xC7,0x31,0xC7,0x31,0xC7,0x31,0xC7,0x31,
    0xC7,0x31,0xC7,0x31,0xC7,0x31,0xC7,0x31,0xC7,0x31,0xC7,0x31,0xC7,0x31,0xC7,0x31,
    0xC7,0x31,0xC7,0x31,0xC7,0x31,0xC7,0x31,0xC7,0x31,0xC7,0x31,0xC7,0x31,0xC7,0x31,
    0xC7,0x31,0xC7,0x31,0xC7,0x31,0xC7,0x31,0xC7,0x31,0xC7,0x31,0xC7,0x31,0xC7,0x31,
    0xC7,0x31,0xC7,0x31,0xC7,0x31,0xC7,0x31,0xC7,0x31,0xC7,0x31,0xC7,0x31,0xC7,0x31,
    0xC7,0x31,0xC7,0x31,0xC7,0x31,0xC7,0x31,0xC7,0x31,0xC7,0x31,0xC7,0x31,0xC7,0x31,
    0xC7,0x31,0xC7,0x31,0xC7,0x31,0xC7,0x31,0xC7,0x31,0xC7,0x31,0xC7,0x31,0xC7,0x31,
    0xC7,0x31,0xC7,0x31,0xC7,0x31,0xC7,0x31,0xC7,0x31,0xC7,0x31,0xC7,0x31,0xC7,0x31,
    0xC7,0x31,0xC7,0x31,0xC7,0x31,0xC7,0x31,0xC7,0x31,0xC7,0x31,0xC7,0x31,0xC7,0x31,
    0xC7,0x31,0xC7,0x31,0xC7,0x31,0xC7,0x31,0xC7,0x31,0xC7,0x31,0xC7,0x31,0xC7,0x31,
    0xC7,0x31,0xC7,0x31,0xC7,0x31,0xC7,0x31,0xC7,0x31,0xC7,0x31,0xC7,0x31,0xC7,0x31,
    0xC7,0x31,0xC7,0x31,0xC7,0x31,0xC7,0x31,0xC7,0x31,0xC7,0x31,0xC7,0x31,0xC7,0x31,
    0xC7,0x31,0xC7,0x31,0xC7,0x31,0xC7,0x31,0xC7,0x31,0xC7,0x31,0xC7,0x31,0xC7,0x31,
    0xC7,0x31,0xC7,0x31,0xC7,0x31,0xC7,0x31,0xC7,0x31,0xC7,0x31,0xC7,0x31,0xC7,0x31,
    0xC7,0x31,0xC7,0x31,0xC7,0x31,0xC7,0x31,0xC7,0x31,0xC7,0x31,0xC7,0x31,0xC7,0x31,
    0xC7,0x31,0xC7,0x31,0xC7,0x31,0xC7,0x31,0xC7,0x31,0xC7,0x31,0xC7,0x31,0xC7,0x31,
    0xC7,0x31,0xC7,0x31,0xC7,0x31,0xC7,0x31,0xC7,0x31,0xC7,0x31,0xC7,0x31,0xC7,0x31,
    0xC7,0x31,0xC7,0x31,0xC7,0x31,0xC7,0x31,0xC7,0x31,0xC7,0x31,0xC7,0x31,0xC7,0x31,
    0xC7,0x31,0xC7,0x31,0xC7,0x31,0xC7,0x31,0xC7,0x31,0xC7,0x31,0xC7,0x31,0xC7,0x31,
    0xC7,0x31,0xC7,0x31,0xC7,0x31,0xC7,0x31,0xC7,0x31,0xC7,0x31,0xC7,0x31,0xC7,0x31,
    0xC7,0x31,0xC7,0x31,0xC7,0x31,0xC7,0x31,0xC7,0x31,0xC7,0x31,0xC7,0x31,0xC7,0x31,
    0xC7,0x31,0xC7,0x31,0xC7,0x31,0xC7,0x31,0xC7,0x31,0xC7,0x31,0xC7,0x31,0xC7,0x31,
    0xC7,0x31,0xC7,0x31,0xC7,0x31,0xC7,0x31,0xC7,0x31,0xC7,0x31,0xC7,0x31,0xC7,0x31,
    0xC7,0x31,0xC7,0x31,0xC7,0x31,0xC7,0x31,0xC7,0x31,0xC7,0x31,0xC7,0x31,0xC7,0x31,
    0xC7,0x31,0xC7,0x31,0xC7,0x31,0xC7,0x31,0xC7,0x31,0xC7,0x31,0xC7,0x31,0xC7,0x31,
    0xC7,0x31,0xC7,0x31,0xC7,0x31,0xC7,0x31,0xC7,0x31,0xC7,0x31,0xC7,0x31,0xC7,0x31,
    0xC7,0x31,0xC7,0x31,0xC7,0x31,0xC7,0x31,0xC7,0x31,0xC7,0x31,0xC7,0x31,0xC7,0x31,
    0xC7,0x31,0xC7,0x31,0xC7,0x31,0xC7,0x31,0xC7,0x31,0xC7,0x31,0xC7,0x31,0xC7,0x31,
    0xC7,0x31,0xC7,0x31,0xC7,0x31,0xC7,0x31,0xC7,0x31,0xC7,0x31,0xC7,0x31,0xC7,0x31,
    0xC7,0x31,0xC7,0x31,0xC7,0x31,0xC7,0x31,0xC7,0x31,0xC7,0x31,0xC7,0x31,0xC7,0x31,
    0xC7,0x31,0xC7,0x31,0xC7,0x31,0xC7,0x31,0xC7,0x31,0xC7,0x31,0xC7,0x31,0xC7,0x31,
    0xC7,0x31,0xC7,0x31,0xC7,0x31,0xC7,0x31,0xC7,0x31,0xC7,0x31,0xC7,0x31,0xC7,0x31,
    0xC7,0x31,0xC7,0x31,0xC7,0x31,0xC7,0x31,0xC7,0x31,0xC7,0x31,0xC7,0x31,0xC7,0x31,
    0xC7,0x31,0xC7,0x31,0xC7,0x31,0xC7,0x31,0xC7,0x31,0xC7,0x31,0xC7,0x31,0xC7,0x31,
    0xC7,0x31,0xC7,0x31,0xC7,0x31,0xC7,0x31,0xC7,0x31,0xC7,0x31,0xC7,0x31,0xC7,0x31,
    0xC7,0x31,0xC7,0x31,0xC7,0x31,0xC7,0x31,0xC7,0x31,0xC7,0x31,0xC7,0x31,0xC7,0x31,
    0xC7,0x31,0xC7,0x31,0xC7,0x31,0xC7,0x31,0xC7,0x31,0xC7,0x31,0xC7,0x31,0xC7,0x31,
    0xC7,0x31,0xC7,0x31,0xC7,0x31,0xC7,0x31,0xC7,0x31,0xC7,0x31,0xC7,0x31,0xC7,0x31,
    0xC7,0x31,0xC7,0x31,0xC7,0x31,0xC7,0x31,0xC7,0x31,0xC7,0x31,0xC7,0x31,0xC7,0x31,
    0xC7,0x31,0xC7,0x31,0xC7,0x31,0xC7,0x31,0xC7,0x31,0xC7,0x31,0xC7,0x31,0xC7,0x31,
    0xC7,0x31,0xC7,0x31,0xC7,0x31,0xC7,0x31,0xC7,0x31,0xC7,0x31,0xC7,0x31,0xC7,0x31,
    0xC7,0x31,0xC7,0x31,0xC7,0x31,0xC7,0x31,0xC7,0x31,0xC7,0x31,0xC7,0x31,0xC7,0x31,
    0xC7,0x31,0xC7,0x31,0xC7,0x31,0xC7,0x31,0xC7,0x31,0xC7,0x31,0xC7,0x31,0xC7,0x31,
    0xC7,0x31,0xC7,0x31,0xC7,0x31,0xC7,0x31,0xC7,0x31,0xC7,0x31,0xC7,0x31,0xC7,0x31,
    0xC7,0x31,0xC7,0x31,0xC7,0x31,0xC7,0x31,0xC7,0x31,0xC7,0x31,0xC7,0x31,0xC7,0x31,
    0xC7,0x31,0xC7,0x31,0xC7,0x31,0xC7,0x31,0xC7,0x31,0xC7,0x31,0xC7,0x31,0xC7,0x31,
    0xC7,0x31,0xC7,0x31,0xC7,0x31,0xC7,0x31,0xC7,0x31,0xC7,0x31,0xC7,0x31,0xC7,0x31,
    0xC7,0x31,0xC7,0x31,0xC7,0x31,0xC7,0x31,0xC7,0x31,0xC7,0x31,0xC7,0x31,0xC7,0x31,
    0xC7,0x31,0xC7,0x31,0xC7,0x31,0xC7,0x31,0xC7,0x31,0xC7,0x31,0xC7,0x31,0xC7,0x31,
    0xC7,0x31,0xC7,0x31,0xC7,0x31,0xC7,0x31,0xC7,0x31,0xC7,0x31,0xC7,0x31,0xC7,0x31,
    0xC7,0x31,0xC7,0x31,0xC7,0x31,0xC7,0x31,0xC7,0x31,0xC7,0x31,0xC7,0x31,0xC7,0x31,
    0xC7,0x31,0xC7,0x31,0xC7,0x31,0xC7,0x31,0xC7,0x31,0xC7,0x31,0xC7,0x31,0xC7,0x31,
    0xC7,0x31,0xC7,0x31,0xC7,0x31,0xC7,0x31,0xC7,0x31,0xC7,0x31,0xC7,0x31,0xC7,0x31,
    0xC7,0x31,0xC7,0x31,0xC7,0x31,0xC7,0x31,0xC7,0x31,0xC7,0x31,0xC7,0x31,0xC7,0x31,
    0xC7,0x31,0xC7,0x31,0xC7,0x31,0xC7,0x31,0xC7,0x31,0xC7,0x31,0xC7,0x31,0xC7,0x31,
    0xC7,0x31,0xC7,0x31,0xC7,0x31,0xC7,0x31,0xC7,0x31,0xC7,0x31,0xC7,0x31,0xC7,0x31,
    0xC7,0x31,0xC7,0x31,0xC7,0x31,0xC7,0x31,0xC7,0x31,0xC7,0x31,0xC7,0x31,0xC7,0x31,
    0xC7,0x31,0xC7,0x31,0xC7,0x31,0xC7,0x31,0xC7,0x31,0xC7,0x31,0xC7,0x31,0xC7,0x31,
    0xC7,0x31,0xC7,0x31,0xC7,0x31,0xC7,0x31,0xC7,0x31,0xC7,0x31,0xC7,0x31,0xC7,0x31,
    0xC7,0x31,0xC7,0x31,0xC7,0x31,0xC7,0x31,0xC7,0x31,0xC7,0x31,0xC7,0x31,0xC7,0x31,
    0xC7,0x31,0xC7,0x31,0xC7,0x31,0xC7,0x31,0xC7,0x31,0xC7,0x31,0xC7,0x31,0xC7,0x31,
    0xC7,0x31,0xC7,0x31,0xC7,0x31,0xC7,0x31,0xC7,0x31,0xC7,0x31,0xC7,0x31,0xC7,0x31,
    0xC7,0x31,0xC7,0x31,0xC7,0x31,0xC7,0x31,0xC7,0x31,0xC7,0x31,0xC7,0x31,0xC7,0x31,
    0xC7,0x31,0xC7,0x31,0xC7,0x31,0xC7,0x31,0xC7,0x31,0xC7,0x31,0xC7,0x31,0xC7,0x31,
    0xC7,0x31,0xC7,0x31,0xC7,0x31,0xC7,0x31,0xC7,0x31,0xC7,0x31,0xC7,0x31,0xC7,0x31,
    0xC7,0x31,0xC7,0x31,0xC7,0x31,0xC7,0x31,0xC7,0x31,0xC7,0x31,0xC7,0x31,0xC7,0x31,
    0xC7,0x31,0xC7,0x31,0xC7,0x31,0xC7,0x31,0xC7,0x31,0xC7,0x31,0xC7,0x31,0xC7,0x31,
    0xC7,0x31,0xC7,0x31,0xC7,0x31,0xC7,0x31,0xC7,0x31,0xC7,0x31,0xC7,0x31,0xC7,0x31,
    0xC7,0x31,0xC7,0x31,0xC7,0x31,0xC7,0x31,0xC7,0x31,0xC7,0x31,0xC7,0x31,0xC7,0x31,
    0xC7,0x31,0xC7,0x31,0xC7,0x31,0xC7,0x31,0xC7,0x31,0xC7,0x31,0xC7,0x31,0xC7,0x31,
    0xC7,0x31,0xC7,0x31,0xC7,0x31,0xC7,0x31,0xC7,0x31,0xC7,0x31,0xC7,0x31,0xC7,0x31,
    0xC7,0x31,0xC7,0x31,0xC7,0x31,0xC7,0x31,0xC7,0x31,0xC7,0x31,0xC7,0x31,0xC7,0x31,
    0xC7,0x31,0xC7,0x31,0xC7,0x31,0xC7,0x31,0xC7,0x31,0xC7,0x31,0xC7,0x31,0xC7,0x31,
    0xC7,0x31,0xC7,0x31,0xC7,0x31,0xC7,0x31,0xC7,0x31,0xC7,0x31,0xC7,0x31,0xC7,0x31,
    0xC7,0x31,0xC7,0x31,0xC7,0x31,0xC7,0x31,0xC7,0x31,0xC7,0x31,0xC7,0x31,0xC7,0x31,
    0xC7,0x31,0xC7,0x31,0xC7,0x31,0xC7,0x31,0xC7,0x31,0xC7,0x31,0xC7,0x31,0xC7,0x31,
    0xC7,0x31,0xC7,0x31,0xC7,0x31,0xC7,0x31,0xC7,0x31,0xC7,0x31,0xC7,0x31,0xC7,0x31,
    0xC7,0x31,0xC7,0x31,0xC7,0x31,0xC7,0x31,0xC7,0x31,0xC7,0x31,0xC7,0x31,0xC7,0x31,
    0xC7,0x31,0xC7,0x31,0xC7,0x31,0xC7,0x31,0xC7,0x31,0xC7,0x31,0xC7,0x31,0xC7,0x31,
    0xC7,0x31,0xC7,0x31,0xC7,0x31,0xC7,0x31,0xC7,0x31,0xC7,0x31,0xC7,0x31,0xC7,0x31,
    0xC7,0x31,0xC7,0x31,0xC7,0x31,0xC7,0x31,0xC7,0x31,0xC7,0x31,0xC7,0x31,0xC7,0x31,
    0xC7,0x31,0xC7,0x31,0xC7,0x31,0xC7,0x31,0xC7,0x31,0xC7,0x31,0xC7,0x31,0xC7,0x31,
    0xC7,0x31,0xC7,0x31,0xC7,0x31,0xC7,0x31,0xC7,0x31,0xC7,0x31,0xC7,0x31,0xC7,0x31,
    0xC7,0x31,0xC7,0x31,0xC7,0x31,0xC7,0x31,0xC7,0x31,0xC7,0x31,0xC7,0x31,0xC7,0x31,
    0xC7,0x31,0xC7,0x31,0xC7,0x31,0xC7,0x31,0xC7,0x31,0xC7,0x31,0xC7,0x31,0xC7,0x31,
    0xC7,0x31,0xC7,0x31,0xC7,0x31,0xC7,0x31,0xC7,0x31,0xC7,0x31,0xC7,0x31,0xC7,0x31,
    0xC7,0x31,0xC7,0x31,0xC7,0x31,0xC7,0x31,0xC7,0x31,0xC7,0x31,0xC7,0x31,0xC7,0x31,
    0xC7,0x31,0xC7,0x31,0xC7,0x31,0xC7,0x31,0xC7,0x31,0xC7,0x31,0xC7,0x31,0xC7,0x31,
    0xC7,0x31,0xC7,0x31,0xC7,0x31,0xC7,0x31,0xC7,0x31,0xC7,0x31,0xC7,0x31,0xC7,0x31,
    0xC7,0x31,0xC7,0x31,0xC7,0x31,0xC7,0x31,0xC7,0x31,0xC7,0x31,0x86,0x31,0x65,0x29,
    0xC7,0x31,0xC7,0x31,0xC7,0x31,0xC7,0x31,0xC7,0x31,0xC7,0x31,0xC7,0x31,0xC7,0x31,
    0xC7,0x31,0xC7,0x31,0xC7,0x31,0xC7,0x31,0xC7,0x31,0xC7,0x31,0xC7,0x31,0xC7,0x31,
    0xC7,0x31,0xC7,0x31,0xC7,0x31,0xC7,0x31,0xC7,0x31,0xC7,0x31,0xC7,0x31,0xC7,0x31,
    0xC7,0x31,0xC7,0x31,0xC7,0x31,0xC7,0x31,0xC7,0x31,0xC7,0x31,0xC7,0x31,0xC7,0x31,
    0xC7,0x31,0xC7,0x31,0xC7,0x31,0xC7,0x31,0xC7,0x31,0xC7,0x31,0xC7,0x31,0xC7,0x31,
    0xC7,0x31,0xC7,0x31,0xC7,0x31,0xC7,0x31,0xC7,0x31,0xC7,0x31,0xC7,0x31,0xC7,0x31,
    0xC7,0x31,0xC7,0x31,0xC7,0x31,0xC7,0x31,0xC7,0x31,0xC7,0x31,0xC7,0x31,0xC7,0x31,
    0xC7,0x31,0xC7,0x31,0xC7,0x31,0xC7,0x31,0xC7,0x31,0xC7,0x31,0xC7,0x31,0xC7,0x31,
    0xC7,0x31,0xC7,0x31,0xC7,0x31,0xC7,0x31,0xC7,0x31,0xC7,0x31,0xC7,0x31,0xC7,0x31,
    0xC7,0x31,0xC7,0x31,0xC7,0x31,0xC7,0x31,0xC7,0x31,0xC7,0x31,0xC7,0x31,0xC7,0x31,
    0xC7,0x31,0xC7,0x31,0xC7,0x31,0xC7,0x31,0xC7,0x31,0xC7,0x31,0xC7,0x31,0xC7,0x31,
    0xC7,0x31,0xC7,0x31,0xC7,0x31,0xC7,0x31,0xC7,0x31,0xC7,0x31,0xC7,0x31,0xC7,0x31,
    0xC7,0x31,0xC7,0x31,0xC7,0x31,0xC7,0x31,0xC7,0x31,0xC7,0x31,0xC7,0x31,0xC7,0x31,
    0xC7,0x31,0xC7,0x31,0xC7,0x31,0xC7,0x31,0xC7,0x31,0xC7,0x31,0xC7,0x31,0xC7,0x31,
    0xC7,0x31,0xC7,0x31,0xC7,0x31,0xC7,0x31,0xC7,0x31,0xC7,0x31,0xC7,0x31,0xC7,0x31,
    0xC7,0x31,0xC7,0x31,0xC7,0x31,0xC7,0x31,0xE7,0x31,0x45,0x29,0xC3,0x18,0x82,0x10,
    0x86,0x29,0xC7,0x31,0xC7,0x31,0xC7,0x31,0xC7,0x31,0xC7,0x31,0xC7,0x31,0xC7,0x31,
    0xC7,0x31,0xC7,0x31,0xC7,0x31,0xC7,0x31,0xC7,0x31,0xC7,0x31,0xC7,0x31,0xC7,0x31,
    0xC7,0x31,0xC7,0x31,0xC7,0x31,0xC7,0x31,0xC7,0x31,0xC7,0x31,0xC7,0x31,0xC7,0x31,
    0xC7,0x31,0xC7,0x31,0xC7,0x31,0xC7,0x31,0xC7,0x31,0xC7,0x31,0xC7,0x31,0xC7,0x31,
    0xC7,0x31,0xC7,0x31,0xC7,0x31,0xC7,0x31,0xC7,0x31,0xC7,0x31,0xC7,0x31,0xC7,0x31,
    0xC7,0x31,0xC7,0x31,0xC7,0x31,0xC7,0x31,0xC7,0x31,0xC7,0x31,0xC7,0x31,0xC7,0x31,
    0xC7,0x31,0xC7,0x31,0xC7,0x31,0xC7,0x31,0xC7,0x31,0xC7,0x31,0xC7,0x31,0xC7,0x31,
    0xC7,0x31,0xC7,0x31,0xC7,0x31,0xC7,0x31,0xC7,0x31,0xC7,0x31,0xC7,0x31,0xC7,0x31,
    0xC7,0x31,0xC7,0x31,0xC7,0x31,0xC7,0x31,0xC7,0x31,0xC7,0x31,0xC7,0x31,0xC7,0x31,
    0xC7,0x31,0xC7,0x31,0xC7,0x31,0xC7,0x31,0xC7,0x31,0xC7,0x31,0xC7,0x31,0xC7,0x31,
    0xC7,0x31,0xC7,0x31,0xC7,0x31,0xC7,0x31,0xC7,0x31,0xC7,0x31,0xC7,0x31,0xC7,0x31,
    0xC7,0x31,0xC7,0x31,0xC7,0x31,0xC7,0x31,0xC7,0x31,0xC7,0x31,0xC7,0x31,0xC7,0x31,
    0xC7,0x31,0xC7,0x31,0xC7,0x31,0xC7,0x31,0xC7,0x31,0xC7,0x31,0xC7,0x31,0xC7,0x31,
    0xC7,0x31,0xC7,0x31,0xC7,0x31,0xC7,0x31,0xC7,0x31,0xC7,0x31,0xC7,0x31,0xC7,0x31,
    0xC7,0x31,0xC7,0x31,0xC7,0x31,0xC7,0x31,0xC7,0x31,0xC7,0x31,0xC7,0x31,0xC7,0x31,
    0xC7,0x31,0xC7,0x31,0xC7,0x31,0xC7,0x31,0x24,0x21,0xC3,0x18,0x00,0x00,0xA2,0x10,
    0xC7,0x31,0xC7,0x31,0xC7,0x31,0xC7,0x31,0xC7,0x31,0xC7,0x31,0xC7,0x31,0xC7,0x31,
    0xC7,0x31,0xC7,0x31,0xC7,0x31,0xC7,0x31,0xC7,0x31,0xC7,0x31,0xC7,0x31,0xC7,0x31,
    0xC7,0x31,0xC7,0x31,0xC7,0x31,0xC7,0x31,0xC7,0x31,0xC7,0x31,0xC7,0x31,0xC7,0x31,
    0xC7,0x31,0xC7,0x31,0xC7,0x31,0xC7,0x31,0xC7,0x31,0xC7,0x31,0xC7,0x31,0xC7,0x31,
    0xC7,0x31,0xC7,0x31,0xC7,0x31,0xC7,0x31,0xC7,0x31,0xC7,0x31,0xC7,0x31,0xC7,0x31,
    0xC7,0x31,0xC7,0x31,0xC7,0x31,0xC7,0x31,0xC7,0x31,0xC7,0x31,0xC7,0x31,0xC7,0x31,
    0xC7,0x31,0xC7,0x31,0xC7,0x31,0xC7,0x31,0xC7,0x31,0xC7,0x31,0xC7,0x31,0xC7,0x31,
    0xC7,0x31,0xC7,0x31,0xC7,0x31,0xC7,0x31,0xC7,0x31,0xC7,0x31,0xC7,0x31,0xC7,0x31,
    0xC7,0x31,0xC7,0x31,0xC7,0x31,0xC7,0x31,0xC7,0x31,0xC7,0x31,0xC7,0x31,0xC7,0x31,
    0xC7,0x31,0xC7,0x31,0xC7,0x31,0xC7,0x31,0xC7,0x31,0xC7,0x31,0xC7,0x31,0xC7,0x31,
    0xC7,0x31,0xC7,0x31,0xC7,0x31,0xC7,0x31,0xC7,0x31,0xC7,0x31,0xC7,0x31,0xC7,0x31,
    0xC7,0x31,0xC7,0x31,0xC7,0x31,0xC7,0x31,0xC7,0x31,0xC7,0x31,0xC7,0x31,0xC7,0x31,
    0xC7,0x31,0xC7,0x31,0xC7,0x31,0xC7,0x31,0xC7,0x31,0xC7,0x31,0xC7,0x31,0xC7,0x31,
    0xC7,0x31,0xC7,0x31,0xC7,0x31,0xC7,0x31,0xC7,0x31,0xC7,0x31,0xC7,0x31,0xC7,0x31,
    0xC7,0x31,0xC7,0x31,0xC7,0x31,0xC7,0x31,0xC7,0x31,0xC7,0x31,0xC7,0x31,0xC7,0x31,
    0xC7,0x31,0xC7,0x31,0xA7,0x31,0x24,0x21,0xA2,0x10,0x20,0x00,0xC3,0x18,0xE8,0x31,
    0xC7,0x31,0xC7,0x31,0xC7,0x31,0xC7,0x31,0xC7,0x31,0xC7,0x31,0xC7,0x31,0xC7,0x31,
    0xC7,0x31,0xC7,0x31,0xC7,0x31,0xC7,0x31,0xC7,0x31,0xC7,0x31,0xC7,0x31,0xC7,0x31,
    0xC7,0x31,0xC7,0x31,0xC7,0x31,0xC7,0x31,0xC7,0x31,0xC7,0x31,0xC7,0x31,0xC7,0x31,
    0xC7,0x31,0xC7,0x31,0xC7,0x31,0xC7,0x31,0xC7,0x31,0xC7,0x31,0xC7,0x31,0xC7,0x31,
    0xC7,0x31,0xC7,0x31,0xC7,0x31,0xC7,0x31,0xC7,0x31,0xC7,0x31,0xC7,0x31,0xC7,0x31,
    0xC7,0x31,0xC7,0x31,0xC7,0x31,0xC7,0x31,0xC7,0x31,0xC7,0x31,0xC7,0x31,0xC7,0x31,
    0xC7,0x31,0xC7,0x31,0xC7,0x31,0xC7,0x31,0xC7,0x31,0xC7,0x31,0xC7,0x31,0xC7,0x31,
    0xC7,0x31,0xC7,0x31,0xC7,0x31,0xC7,0x31,0xC7,0x31,0xC7,0x31,0xC7,0x31,0xC7,0x31,
    0xC7,0x31,0xC7,0x31,0xC7,0x31,0xC7,0x31,0xC7,0x31,0xC7,0x31,0xC7,0x31,0xC7,0x31,
    0xC7,0x31,0xC7,0x31,0xC7,0x31,0xC7,0x31,0xC7,0x31,0xC7,0x31,0xC7,0x31,0xC7,0x31,
    0xC7,0x31,0xC7,0x31,0xC7,0x31,0xC7,0x31,0xC7,0x31,0xC7,0x31,0xC7,0x31,0xC7,0x31,
    0xC7,0x31,0xC7,0x31,0xC7,0x31,0xC7,0x31,0xC7,0x31,0xC7,0x31,0xC7,0x31,0xC7,0x31,
    0xC7,0x31,0xC7,0x31,0xC7,0x31,0xC7,0x31,0xC7,0x31,0xC7,0x31,0xC7,0x31,0xC7,0x31,
    0xC7,0x31,0xC7,0x31,0xC7,0x31,0xC7,0x31,0xC7,0x31,0xC7,0x31,0xC7,0x31,0xC7,0x31,
    0xC7,0x31,0xC7,0x31,0xC7,0x31,0xC7,0x31,0xC7,0x31,0xC7,0x31,0xC7,0x31,0xC7,0x31,
    0x08,0x3A,0xA6,0x31,0x24,0x21,0x81,0x08,0x40,0x00,0x45,0x21,0x08,0x3A,0xC7,0x31,
    0xC7,0x31,0xC7,0x31,0xC7,0x31,0xC7,0x31,0xC7,0x31,0xC7,0x31,0xC7,0x31,0xC7,0x31,
    0xC7,0x31,0xC7,0x31,0xC7,0x31,0xC7,0x31,0xC7,0x31,0xC7,0x31,0xC7,0x31,0xC7,0x31,
    0xC7,0x31,0xC7,0x31,0xC7,0x31,0xC7,0x31,0xC7,0x31,0xC7,0x31,0xC7,0x31,0xC7,0x31,
    0xC7,0x31,0xC7,0x31,0xC7,0x31,0xC7,0x31,0xC7,0x31,0xC7,0x31,0xC7,0x31,0xC7,0x31,
    0xC7,0x31,0xC7,0x31,0xC7,0x31,0xC7,0x31,0xC7,0x31,0xC7,0x31,0xC7,0x31,0xC7,0x31,
    0xC7,0x31,0xC7,0x31,0xC7,0x31,0xC7,0x31,0xC7,0x31,0xC7,0x31,0xC7,0x31,0xC7,0x31,
    0xC7,0x31,0xC7,0x31,0xC7,0x31,0xC7,0x31,0xC7,0x31,0xC7,0x31,0xC7,0x31,0xC7,0x31,
    0xC7,0x31,0xC7,0x31,0xC7,0x31,0xC7,0x31,0xC7,0x31,0xC7,0x31,0xC7,0x31,0xC7,0x31,
    0xC7,0x31,0xC7,0x31,0xC7,0x31,0xC7,0x31,0xC7,0x31,0xC7,0x31,0xC7,0x31,0xC7,0x31,
    0xC7,0x31,0xC7,0x31,0xC7,0x31,0xC7,0x31,0xC7,0x31,0xC7,0x31,0xC7,0x31,0xC7,0x31,
    0xC7,0x31,0xC7,0x31,0xC7,0x31,0xC7,0x31,0xC7,0x31,0xC7,0x31,0xC7,0x31,0xC7,0x31,
    0xC7,0x31,0xC7,0x31,0xC7,0x31,0xC7,0x31,0xC7,0x31,0xC7,0x31,0xC7,0x31,0xC7,0x31,
    0xC7,0x31,0xC7,0x31,0xC7,0x31,0xC7,0x31,0xC7,0x31,0xC7,0x31,0xC7,0x31,0xC7,0x31,
    0xC7,0x31,0xC7,0x31,0xC7,0x31,0xC7,0x31,0xC7,0x31,0xC7,0x31,0xC7,0x31,0xC7,0x31,
    0xC7,0x31,0xC7,0x31,0xC7,0x31,0xC7,0x31,0xC7,0x31,0xC7,0x31,0xC7,0x31,0xC7,0x31,
    0x65,0x29,0x24,0x21,0x61,0x08,0x20,0x00,0x65,0x29,0xC7,0x31,0xC7,0x31,0xC7,0x31,
    0xC7,0x31,0xC7,0x31,0xC7,0x31,0xC7,0x31,0xC7,0x31,0xC7,0x31,0xC7,0x31,0xC7,0x31,
    0xC7,0x31,0xC7,0x31,0xC7,0x31,0xC7,0x31,0xC7,0x31,0xC7,0x31,0xC7,0x31,0xC7,0x31,
    0xC7,0x31,0xC7,0x31,0xC7,0x31,0xC7,0x31,0xC7,0x31,0xC7,0x31,0xC7,0x31,0xC7,0x31,
    0xC7,0x31,0xC7,0x31,0xC7,0x31,0xC7,0x31,0xC7,0x31,0xC7,0x31,0xC7,0x31,0xC7,0x31,
    0xC7,0x31,0xC7,0x31,0xC7,0x31,0xC7,0x31,0xC7,0x31,0xC7,0x31,0xC7,0x31,0xC7,0x31,
    0xC7,0x31,0xC7,0x31,0xC7,0x31,0xC7,0x31,0xC7,0x31,0xC7,0x31,0xC7,0x31,0xC7,0x31,
    0xC7,0x31,0xC7,0x31,0xC7,0x31,0xC7,0x31,0xC7,0x31,0xC7,0x31,0xC7,0x31,0xC7,0x31,
    0xC7,0x31,0xC7,0x31,0xC7,0x31,0xC7,0x31,0xC7,0x31,0xC7,0x31,0xC7,0x31,0xC7,0x31,
    0xC7,0x31,0xC7,0x31,0xC7,0x31,0xC7,0x31,0xC7,0x31,0xC7,0x31,0xC7,0x31,0xC7,0x31,
    0xC7,0x31,0xC7,0x31,0xC7,0x31,0xC7,0x31,0xC7,0x31,0xC7,0x31,0xC7,0x31,0xC7,0x31,
    0xC7,0x31,0xC7,0x31,0xC7,0x31,0xC7,0x31,0xC7,0x31,0xC7,0x31,0xC7,0x31,0xC7,0x31,
    0xC7,0x31,0xC7,0x31,0xC7,0x31,0xC7,0x31,0xC7,0x31,0xC7,0x31,0xC7,0x31,0xC7,0x31,
    0xC7,0x31,0xC7,0x31,0xC7,0x31,0xC7,0x31,0xC7,0x31,0xC7,0x31,0xC7,0x31,0xC7,0x31,
    0xC7,0x31,0xC7,0x31,0xC7,0x31,0xC7,0x31,0xC7,0x31,0xC7,0x31,0xC7,0x31,0xC7,0x31,
    0xC7,0x31,0xC7,0x31,0xC7,0x31,0xC7,0x31,0xC7,0x31,0xC7,0x31,0xE7,0x31,0x45,0x29,
    0x04,0x19,0x41,0x00,0x41,0x08,0x86,0x29,0xC7,0x31,0xC7,0x31,0xC7,0x31,0xC7,0x31,
    0xC7,0x31,0xC7,0x31,0xC7,0x31,0xC7,0x31,0xC7,0x31,0xC7,0x31,0xC7,0x31,0xC7,0x31,
    0xC7,0x31,0xC7,0x31,0xC7,0x31,0xC7,0x31,0xC7,0x31,0xC7,0x31,0xC7,0x31,0xC7,0x31,
    0xC7,0x31,0xC7,0x31,0xC7,0x31,0xC7,0x31,0xC7,0x31,0xC7,0x31,0xC7,0x31,0xC7,0x31,
    0xC7,0x31,0xC7,0x31,0xC7,0x31,0xC7,0x31,0xC7,0x31,0xC7,0x31,0xC7,0x31,0xC7,0x31,
    0xC7,0x31,0xC7,0x31,0xC7,0x31,0xC7,0x31,0xC7,0x31,0xC7,0x31,0xC7,0x31,0xC7,0x31,
    0xC7,0x31,0xC7,0x31,0xC7,0x31,0xC7,0x31,0xC7,0x31,0xC7,0x31,0xC7,0x31,0xC7,0x31,
    0xC7,0x31,0xC7,0x31,0xC7,0x31,0xC7,0x31,0xC7,0x31,0xC7,0x31,0xC7,0x31,0xC7,0x31,
    0xC7,0x31,0xC7,0x31,0xC7,0x31,0xC7,0x31,0xC7,0x31,0xC7,0x31,0xC7,0x31,0xC7,0x31,
    0xC7,0x31,0xC7,0x31,0xC7,0x31,0xC7,0x31,0xC7,0x31,0xC7,0x31,0xC7,0x31,0xC7,0x31,
    0xC7,0x31,0xC7,0x31,0xC7,0x31,0xC7,0x31,0xC7,0x31,0xC7,0x31,0xC7,0x31,0xC7,0x31,
    0xC7,0x31,0xC7,0x31,0xC7,0x31,0xC7,0x31,0xC7,0x31,0xC7,0x31,0xC7,0x31,0xC7,0x31,
    0xC7,0x31,0xC7,0x31,0xC7,0x31,0xC7,0x31,0xC7,0x31,0xC7,0x31,0xC7,0x31,0xC7,0x31,
    0xC7,0x31,0xC7,0x31,0xC7,0x31,0xC7,0x31,0xC7,0x31,0xC7,0x31,0xC7,0x31,0xC7,0x31,
    0xC7,0x31,0xC7,0x31,0xC7,0x31,0xC7,0x31,0xC7,0x31,0xC7,0x31,0xC7,0x31,0xC7,0x31,
    0xC7,0x31,0xC7,0x31,0xC7,0x31,0xC7,0x31,0xC7,0x31,0xA7,0x31,0x24,0x21,0xE3,0x18,
    0x21,0x00,0x62,0x08,0xC7,0x31,0xC7,0x31,0xC7,0x31,0xC7,0x31,0xC7,0x31,0xC7,0x31,
    0xC7,0x31,0xC7,0x31,0xC7,0x31,0xC7,0x31,0xC7,0x31,0xC7,0x31,0xC7,0x31,0xC7,0x31,
    0xC7,0x31,0xC7,0x31,0xC7,0x31,0xC7,0x31,0xC7,0x31,0xC7,0x31,0xC7,0x31,0xC7,0x31,
    0xC7,0x31,0xC7,0x31,0xC7,0x31,0xC7,0x31,0xC7,0x31,0xC7,0x31,0xC7,0x31,0xC7,0x31,
    0xC7,0x31,0xC7,0x31,0xC7,0x31,0xC7,0x31,0xC7,0x31,0xC7,0x31,0xC7,0x31,0xC7,0x31,
    0xC7,0x31,0xC7,0x31,0xC7,0x31,0xC7,0x31,0xC7,0x31,0xC7,0x31,0xC7,0x31,0xC7,0x31,
    0xC7,0x31,0xC7,0x31,0xC7,0x31,0xC7,0x31,0xC7,0x31,0xC7,0x31,0xC7,0x31,0xC7,0x31,
    0xC7,0x31,0xC7,0x31,0xC7,0x31,0xC7,0x31,0xC7,0x31,0xC7,0x31,0xC7,0x31,0xC7,0x31,
    0xC7,0x31,0xC7,0x31,0xC7,0x31,0xC7,0x31,0xC7,0x31,0xC7,0x31,0xC7,0x31,0xC7,0x31,
    0xC7,0x31,0xC7,0x31,0xC7,0x31,0xC7,0x31,0xC7,0x31,0xC7,0x31,0xC7,0x31,0xC7,0x31,
    0xC7,0x31,0xC7,0x31,0xC7,0x31,0xC7,0x31,0xC7,0x31,0xC7,0x31,0xC7,0x31,0xC7,0x31,
    0xC7,0x31,0xC7,0x31,0xC7,0x31,0xC7,0x31,0xC7,0x31,0xC7,0x31,0xC7,0x31,0xC7,0x31,
    0xC7,0x31,0xC7,0x31,0xC7,0x31,0xC7,0x31,0xC7,0x31,0xC7,0x31,0xC7,0x31,0xC7,0x31,
    0xC7,0x31,0xC7,0x31,0xC7,0x31,0xC7,0x31,0xC7,0x31,0xC7,0x31,0xC7,0x31,0xC7,0x31,
    0xC7,0x31,0xC7,0x31,0xC7,0x31,0xC7,0x31,0xC7,0x31,0xC7,0x31,0xC7,0x31,0xC7,0x31,
    0xC7,0x31,0xC7,0x31,0xC7,0x31,0xC7,0x31,0xA6,0x31,0x24,0x21,0xA2,0x10,0x00,0x00,
    0xA3,0x10,0xC7,0x31,0xC7,0x31,0xC7,0x31,0xC7,0x31,0xC7,0x31,0xC7,0x31,0xC7,0x31,
    0xC7,0x31,0xC7,0x31,0xC7,0x31,0xC7,0x31,0xC7,0x31,0xC7,0x31,0xC7,0x31,0xC7,0x31,
    0xC7,0x31,0xC7,0x31,0xC7,0x31,0xC7,0x31,0xC7,0x31,0xC7,0x31,0xC7,0x31,0xC7,0x31,
    0xC7,0x31,0xC7,0x31,0xC7,0x31,0xC7,0x31,0xC7,0x31,0xC7,0x31,0xC7,0x31,0xC7,0x31,
    0xC7,0x31,0xC7,0x31,0xC7,0x31,0xC7,0x31,0xC7,0x31,0xC7,0x31,0xC7,0x31,0xC7,0x31,
    0xC7,0x31,0xC7,0x31,0xC7,0x31,0xC7,0x31,0xC7,0x31,0xC7,0x31,0xC7,0x31,0xC7,0x31,
    0xC7,0x31,0xC7,0x31,0xC7,0x31,0xC7,0x31,0xC7,0x31,0xC7,0x31,0xC7,0x31,0xC7,0x31,
    0xC7,0x31,0xC7,0x31,0xC7,0x31,0xC7,0x31,0xC7,0x31,0xC7,0x31,0xC7,0x31,0xC7,0x31,
    0xC7,0x31,0xC7,0x31,0xC7,0x31,0xC7,0x31,0xC7,0x31,0xC7,0x31,0xC7,0x31,0xC7,0x31,
    0xC7,0x31,0xC7,0x31,0xC7,0x31,0xC7,0x31,0xC7,0x31,0xC7,0x31,0xC7,0x31,0xC7,0x31,
    0xC7,0x31,0xC7,0x31,0xC7,0x31,0xC7,0x31,0xC7,0x31,0xC7,0x31,0xC7,0x31,0xC7,0x31,
    0xC7,0x31,0xC7,0x31,0xC7,0x31,0xC7,0x31,0xC7,0x31,0xC7,0x31,0xC7,0x31,0xC7,0x31,
    0xC7,0x31,0xC7,0x31,0xC7,0x31,0xC7,0x31,0xC7,0x31,0xC7,0x31,0xC7,0x31,0xC7,0x31,
    0xC7,0x31,0xC7,0x31,0xC7,0x31,0xC7,0x31,0xC7,0x31,0xC7,0x31,0xC7,0x31,0xC7,0x31,
    0xC7,0x31,0xC7,0x31,0xC7,0x31,0xC7,0x31,0xC7,0x31,0xC7,0x31,0xC7,0x31,0xC7,0x31,
    0xC7,0x31,0xC7,0x31,0xE8,0x39,0x86,0x29,0x24,0x21,0x82,0x10,0x00,0x00,0x04,0x19,
    0xE8,0x39,0xC7,0x31,0xC7,0x31,0xC7,0x31,0xC7,0x31,0xC7,0x31,0xC7,0x31,0xC7,0x31,
    0xC7,0x31,0xC7,0x31,0xC7,0x31,0xC7,0x31,0xC7,0x31,0xC7,0x31,0xC7,0x31,0xC7,0x31,
    0xC7,0x31,0xC7,0x31,0xC7,0x31,0xC7,0x31,0xC7,0x31,0xC7,0x31,0xC7,0x31,0xC7,0x31,
    0xC7,0x31,0xC7,0x31,0xC7,0x31,0xC7,0x31,0xC7,0x31,0xC7,0x31,0xC7,0x31,0xC7,0x31,
    0xC7,0x31,0xC7,0x31,0xC7,0x31,0xC7,0x31,0xC7,0x31,0xC7,0x31,0xC7,0x31,0xC7,0x31,
    0xC7,0x31,0xC7,0x31,0xC7,0x31,0xC7,0x31,0xC7,0x31,0xC7,0x31,0xC7,0x31,0xC7,0x31,
    0xC7,0x31,0xC7,0x31,0xC7,0x31,0xC7,0x31,0xC7,0x31,0xC7,0x31,0xC7,0x31,0xC7,0x31,
    0xC7,0x31,0xC7,0x31,0xC7,0x31,0xC7,0x31,0xC7,0x31,0xC7,0x31,0xC7,0x31,0xC7,0x31,
    0xC7,0x31,0xC7,0x31,0xC7,0x31,0xC7,0x31,0xC7,0x31,0xC7,0x31,0xC7,0x31,0xC7,0x31,
    0xC7,0x31,0xC7,0x31,0xC7,0x31,0xC7,0x31,0xC7,0x31,0xC7,0x31,0xC7,0x31,0xC7,0x31,
    0xC7,0x31,0xC7,0x31,0xC7,0x31,0xC7,0x31,0xC7,0x31,0xC7,0x31,0xC7,0x31,0xC7,0x31,
    0xC7,0x31,0xC7,0x31,0xC7,0x31,0xC7,0x31,0xC7,0x31,0xC7,0x31,0xC7,0x31,0xC7,0x31,
    0xC7,0x31,0xC7,0x31,0xC7,0x31,0xC7,0x31,0xC7,0x31,0xC7,0x31,0xC7,0x31,0xC7,0x31,
    0xC7,0x31,0xC7,0x31,0xC7,0x31,0xC7,0x31,0xC7,0x31,0xC7,0x31,0xC7,0x31,0xC7,0x31,
    0xC7,0x31,0xC7,0x31,0xC7,0x31,0xC7,0x31,0xC7,0x31,0xC7,0x31,0xC7,0x31,0xC7,0x31,
    0xC7,0x31,0xE8,0x39,0x45,0x29,0x04,0x19,0x61,0x08,0x20,0x00,0x25,0x21,0x49,0x42,
    0xC7,0x31,0xC7,0x31,0xC7,0x31,0xC7,0x31,0xC7,0x31,0xC7,0x31,0xC7,0x31,0xC7,0x31,
    0xC7,0x31,0xC7,0x31,0xC7,0x31,0xC7,0x31,0xC7,0x31,0xC7,0x31,0xC7,0x31,0xC7,0x31,
    0xC7,0x31,0xC7,0x31,0xC7,0x31,0xC7,0x31,0xC7,0x31,0xC7,0x31,0xC7,0x31,0xC7,0x31,
    0xC7,0x31,0xC7,0x31,0xC7,0x31,0xC7,0x31,0xC7,0x31,0xC7,0x31,0xC7,0x31,0xC7,0x31,
    0xC7,0x31,0xC7,0x31,0xC7,0x31,0xC7,0x31,0xC7,0x31,0xC7,0x31,0xC7,0x31,0xC7,0x31,
    0xC7,0x31,0xC7,0x31,0xC7,0x31,0xC7,0x31,0xC7,0x31,0xC7,0x31,0xC7,0x31,0xC7,0x31,
    0xC7,0x31,0xC7,0x31,0xC7,0x31,0xC7,0x31,0xC7,0x31,0xC7,0x31,0xC7,0x31,0xC7,0x31,
    0xC7,0x31,0xC7,0x31,0xC7,0x31,0xC7,0x31,0xC7,0x31,0xC7,0x31,0xC7,0x31,0xC7,0x31,
    0xC7,0x31,0xC7,0x31,0xC7,0x31,0xC7,0x31,0xC7,0x31,0xC7,0x31,0xC7,0x31,0xC7,0x31,
    0xC7,0x31,0xC7,0x31,0xC7,0x31,0xC7,0x31,0xC7,0x31,0xC7,0x31,0xC7,0x31,0xC7,0x31,
    0xC7,0x31,0xC7,0x31,0xC7,0x31,0xC7,0x31,0xC7,0x31,0xC7,0x31,0xC7,0x31,0xC7,0x31,
    0xC7,0x31,0xC7,0x31,0xC7,0x31,0xC7,0x31,0xC7,0x31,0xC7,0x31,0xC7,0x31,0xC7,0x31,
    0xC7,0x31,0xC7,0x31,0xC7,0x31,0xC7,0x31,0xC7,0x31,0xC7,0x31,0xC7,0x31,0xC7,0x31,
    0xC7,0x31,0xC7,0x31,0xC7,0x31,0xC7,0x31,0xC7,0x31,0xC7,0x31,0xC7,0x31,0xC7,0x31,
    0xC7,0x31,0xC7,0x31,0xC7,0x31,0xC7,0x31,0xC7,0x31,0xC7,0x31,0xC7,0x31,0xC7,0x31,
    0xC7,0x31,0x45,0x21,0x03,0x19,0x41,0x00,0x21,0x00,0x66,0x21,0x49,0x42,0xC7,0x31,
    0xC7,0x31,0xC7,0x31,0xC7,0x31,0xC7,0x31,0xC7,0x31,0xC7,0x31,0xC7,0x31,0xC7,0x31,
    0xC7,0x31,0xC7,0x31,0xC7,0x31,0xC7,0x31,0xC7,0x31,0xC7,0x31,0xC7,0x31,0xC7,0x31,
    0xC7,0x31,0xC7,0x31,0xC7,0x31,0xC7,0x31,0xC7,0x31,0xC7,0x31,0xC7,0x31,0xC7,0x31,
    0xC7,0x31,0xC7,0x31,0xC7,0x31,0xC7,0x31,0xC7,0x31,0xC7,0x31,0xC7,0x31,0xC7,0x31,
    0xC7,0x31,0xC7,0x31,0xC7,0x31,0xC7,0x31,0xC7,0x31,0xC7,0x31,0xC7,0x31,0xC7,0x31,
    0xC7,0x31,0xC7,0x31,0xC7,0x31,0xC7,0x31,0xC7,0x31,0xC7,0x31,0xC7,0x31,0xC7,0x31,
    0xC7,0x31,0xC7,0x31,0xC7,0x31,0xC7,0x31,0xC7,0x31,0xC7,0x31,0xC7,0x31,0xC7,0x31,
    0xC7,0x31,0xC7,0x31,0xC7,0x31,0xC7,0x31,0xC7,0x31,0xC7,0x31,0xC7,0x31,0xC7,0x31,
    0xC7,0x31,0xC7,0x31,0xC7,0x31,0xC7,0x31,0xC7,0x31,0xC7,0x31,0xC7,0x31,0xC7,0x31,
    0xC7,0x31,0xC7,0x31,0xC7,0x31,0xC7,0x31,0xC7,0x31,0xC7,0x31,0xC7,0x31,0xC7,0x31,
    0xC7,0x31,0xC7,0x31,0xC7,0x31,0xC7,0x31,0xC7,0x31,0xC7,0x31,0xC7,0x31,0xC7,0x31,
    0xC7,0x31,0xC7,0x31,0xC7,0x31,0xC7,0x31,0xC7,0x31,0xC7,0x31,0xC7,0x31,0xC7,0x31,
    0xC7,0x31,0xC7,0x31,0xC7,0x31,0xC7,0x31,0xC7,0x31,0xC7,0x31,0xC7,0x31,0xC7,0x31,
    0xC7,0x31,0xC7,0x31,0xC7,0x31,0xC7,0x31,0xC7,0x31,0xC7,0x31,0xC7,0x31,0xC7,0x31,
    0xC7,0x31,0xC7,0x31,0xC7,0x31,0xC7,0x31,0xC7,0x31,0xC7,0x31,0xC7,0x31,0xC7,0x31,
    0x24,0x21,0xE3,0x18,0x21,0x00,0x41,0x00,0x86,0x29,0xC7,0x31,0xC7,0x31,0xC7,0x31,
    0xC7,0x31,0xC7,0x31,0xC7,0x31,0xC7,0x31,0xC7,0x31,0xC7,0x31,0xC7,0x31,0xC7,0x31,
    0xC7,0x31,0xC7,0x31,0xC7,0x31,0xC7,0x31,0xC7,0x31,0xC7,0x31,0xC7,0x31,0xC7,0x31,
    0xC7,0x31,0xC7,0x31,0xC7,0x31,0xC7,0x31,0xC7,0x31,0xC7,0x31,0xC7,0x31,0xC7,0x31,
    0xC7,0x31,0xC7,0x31,0xC7,0x31,0xC7,0x31,0xC7,0x31,0xC7,0x31,0xC7,0x31,0xC7,0x31,
    0xC7,0x31,0xC7,0x31,0xC7,0x31,0xC7,0x31,0xC7,0x31,0xC7,0x31,0xC7,0x31,0xC7,0x31,
    0xC7,0x31,0xC7,0x31,0xC7,0x31,0xC7,0x31,0xC7,0x31,0xC7,0x31,0xC7,0x31,0xC7,0x31,
    0xC7,0x31,0xC7,0x31,0xC7,0x31,0xC7,0x31,0xC7,0x31,0xC7,0x31,0xC7,0x31,0xC7,0x31,
    0xC7,0x31,0xC7,0x31,0xC7,0x31,0xC7,0x31,0xC7,0x31,0xC7,0x31,0xC7,0x31,0xC7,0x31,
    0xC7,0x31,0xC7,0x31,0xC7,0x31,0xC7,0x31,0xC7,0x31,0xC7,0x31,0xC7,0x31,0xC7,0x31,
    0xC7,0x31,0xC7,0x31,0xC7,0x31,0xC7,0x31,0xC7,0x31,0xC7,0x31,0xC7,0x31,0xC7,0x31,
    0xC7,0x31,0xC7,0x31,0xC7,0x31,0xC7,0x31,0xC7,0x31,0xC7,0x31,0xC7,0x31,0xC7,0x31,
    0xC7,0x31,0xC7,0x31,0xC7,0x31,0xC7,0x31,0xC7,0x31,0xC7,0x31,0xC7,0x31,0xC7,0x31,
    0xC7,0x31,0xC7,0x31,0xC7,0x31,0xC7,0x31,0xC7,0x31,0xC7,0x31,0xC7,0x31,0xC7,0x31,
    0xC7,0x31,0xC7,0x31,0xC7,0x31,0xC7,0x31,0xC7,0x31,0xC7,0x31,0xC7,0x31,0xC7,0x31,
    0xC7,0x31,0xC7,0x31,0xC7,0x31,0xC7,0x31,0xC7,0x31,0xC7,0x31,0x86,0x31,0x24,0x21,
    0xC3,0x10,0x00,0x00,0x61,0x08,0xA7,0x31,0xC7,0x31,0xC7,0x31,0xC7,0x31,0xC7,0x31,
    0xC7,0x31,0xC7,0x31,0xC7,0x31,0xC7,0x31,0xC7,0x31,0xC7,0x31,0xC7,0x31,0xC7,0x31,
    0xC7,0x31,0xC7,0x31,0xC7,0x31,0xC7,0x31,0xC7,0x31,0xC7,0x31,0xC7,0x31,0xC7,0x31,
    0xC7,0x31,0xC7,0x31,0xC7,0x31,0xC7,0x31,0xC7,0x31,0xC7,0x31,0xC7,0x31,0xC7,0x31,
    0xC7,0x31,0xC7,0x31,0xC7,0x31,0xC7,0x31,0xC7,0x31,0xC7,0x31,0xC7,0x31,0xC7,0x31,
    0xC7,0x31,0xC7,0x31,0xC7,0x31,0xC7,0x31,0xC7,0x31,0xC7,0x31,0xC7,0x31,0xC7,0x31,
    0xC7,0x31,0xC7,0x31,0xC7,0x31,0xC7,0x31,0xC7,0x31,0xC7,0x31,0xC7,0x31,0xC7,0x31,
    0xC7,0x31,0xC7,0x31,0xC7,0x31,0xC7,0x31,0xC7,0x31,0xC7,0x31,0xC7,0x31,0xC7,0x31,
    0xC7,0x31,0xC7,0x31,0xC7,0x31,0xC7,0x31,0xC7,0x31,0xC7,0x31,0xC7,0x31,0xC7,0x31,
    0xC7,0x31,0xC7,0x31,0xC7,0x31,0xC7,0x31,0xC7,0x31,0xC7,0x31,0xC7,0x31,0xC7,0x31,
    0xC7,0x31,0xC7,0x31,0xC7,0x31,0xC7,0x31,0xC7,0x31,0xC7,0x31,0xC7,0x31,0xC7,0x31,
    0xC7,0x31,0xC7,0x31,0xC7,0x31,0xC7,0x31,0xC7,0x31,0xC7,0x31,0xC7,0x31,0xC7,0x31,
    0xC7,0x31,0xC7,0x31,0xC7,0x31,0xC7,0x31,0xC7,0x31,0xC7,0x31,0xC7,0x31,0xC7,0x31,
    0xC7,0x31,0xC7,0x31,0xC7,0x31,0xC7,0x31,0xC7,0x31,0xC7,0x31,0xC7,0x31,0xC7,0x31,
    0xC7,0x31,0xC7,0x31,0xC7,0x31,0xC7,0x31,0xC7,0x31,0xC7,0x31,0xC7,0x31,0xC7,0x31,
    0xC7,0x31,0xC7,0x31,0xC7,0x31,0xC7,0x31,0x08,0x3A,0x86,0x29,0x24,0x21,0xA2,0x10,
    0x00,0x00,0x82,0x10,0xC7,0x31,0xC7,0x31,0xC7,0x31,0xC7,0x31,0xC7,0x31,0xC7,0x31,
    0xC7,0x31,0xC7,0x31,0xC7,0x31,0xC7,0x31,0xC7,0x31,0xC7,0x31,0xC7,0x31,0xC7,0x31,
    0xC7,0x31,0xC7,0x31,0xC7,0x31,0xC7,0x31,0xC7,0x31,0xC7,0x31,0xC7,0x31,0xC7,0x31,
    0xC7,0x31,0xC7,0x31,0xC7,0x31,0xC7,0x31,0xC7,0x31,0xC7,0x31,0xC7,0x31,0xC7,0x31,
    0xC7,0x31,0xC7,0x31,0xC7,0x31,0xC7,0x31,0xC7,0x31,0xC7,0x31,0xC7,0x31,0xC7,0x31,
    0xC7,0x31,0xC7,0x31,0xC7,0x31,0xC7,0x31,0xC7,0x31,0xC7,0x31,0xC7,0x31,0xC7,0x31,
    0xC7,0x31,0xC7,0x31,0xC7,0x31,0xC7,0x31,0xC7,0x31,0xC7,0x31,0xC7,0x31,0xC7,0x31,
    0xC7,0x31,0xC7,0x31,0xC7,0x31,0xC7,0x31,0xC7,0x31,0xC7,0x31,0xC7,0x31,0xC7,0x31,
    0xC7,0x31,0xC7,0x31,0xC7,0x31,0xC7,0x31,0xC7,0x31,0xC7,0x31,0xC7,0x31,0xC7,0x31,
    0xC7,0x31,0xC7,0x31,0xC7,0x31,0xC7,0x31,0xC7,0x31,0xC7,0x31,0xC7,0x31,0xC7,0x31,
    0xC7,0x31,0xC7,0x31,0xC7,0x31,0xC7,0x31,0xC7,0x31,0xC7,0x31,0xC7,0x31,0xC7,0x31,
    0xC7,0x31,0xC7,0x31,0xC7,0x31,0xC7,0x31,0xC7,0x31,0xC7,0x31,0xC7,0x31,0xC7,0x31,
    0xC7,0x31,0xC7,0x31,0xC7,0x31,0xC7,0x31,0xC7,0x31,0xC7,0x31,0xC7,0x31,0xC7,0x31,
    0xC7,0x31,0xC7,0x31,0xC7,0x31,0xC7,0x31,0xC7,0x31,0xC7,0x31,0xC7,0x31,0xC7,0x31,
    0xC7,0x31,0xC7,0x31,0xC7,0x31,0xC7,0x31,0xC7,0x31,0xC7,0x31,0xC7,0x31,0xC7,0x31,
    0xC7,0x31,0xC7,0x31,0xC7,0x31,0xE7,0x31,0x65,0x29,0x24,0x21,0x82,0x08,0x00,0x00,
    0xE3,0x18,0x08,0x3A,0xC7,0x31,0xC7,0x31,0xC7,0x31,0xC7,0x31,0xC7,0x31,0xC7,0x31,
    0xC7,0x31,0xC7,0x31,0xC7,0x31,0xC7,0x31,0xC7,0x31,0xC7,0x31,0xC7,0x31,0xC7,0x31,
    0xC7,0x31,0xC7,0x31,0xC7,0x31,0xC7,0x31,0xC7,0x31,0xC7,0x31,0xC7,0x31,0xC7,0x31,
    0xC7,0x31,0xC7,0x31,0xC7,0x31,0xC7,0x31,0xC7,0x31,0xC7,0x31,0xC7,0x31,0xC7,0x31,
    0xC7,0x31,0xC7,0x31,0xC7,0x31,0xC7,0x31,0xC7,0x31,0xC7,0x31,0xC7,0x31,0xC7,0x31,
    0xC7,0x31,0xC7,0x31,0xC7,0x31,0xC7,0x31,0xC7,0x31,0xC7,0x31,0xC7,0x31,0xC7,0x31,
    0xC7,0x31,0xC7,0x31,0xC7,0x31,0xC7,0x31,0xC7,0x31,0xC7,0x31,0xC7,0x31,0xC7,0x31,
    0xC7,0x31,0xC7,0x31,0xC7,0x31,0xC7,0x31,0xC7,0x31,0xC7,0x31,0xC7,0x31,0xC7,0x31,
    0xC7,0x31,0xC7,0x31,0xC7,0x31,0xC7,0x31,0xC7,0x31,0xC7,0x31,0xC7,0x31,0xC7,0x31,
    0xC7,0x31,0xC7,0x31,0xC7,0x31,0xC7,0x31,0xC7,0x31,0xC7,0x31,0xC7,0x31,0xC7,0x31,
    0xC7,0x31,0xC7,0x31,0xC7,0x31,0xC7,0x31,0xC7,0x31,0xC7,0x31,0xC7,0x31,0xC7,0x31,
    0xC7,0x31,0xC7,0x31,0xC7,0x31,0xC7,0x31,0xC7,0x31,0xC7,0x31,0xC7,0x31,0xC7,0x31,
    0xC7,0x31,0xC7,0x31,0xC7,0x31,0xC7,0x31,0xC7,0x31,0xC7,0x31,0xC7,0x31,0xC7,0x31,
    0xC7,0x31,0xC7,0x31,0xC7,0x31,0xC7,0x31,0xC7,0x31,0xC7,0x31,0xC7,0x31,0xC7,0x31,
    0xC7,0x31,0xC7,0x31,0xC7,0x31,0xC7,0x31,0xC7,0x31,0xC7,0x31,0xC7,0x31,0xC7,0x31,
    0xC7,0x31,0xC7,0x31,0xE8,0x39,0x45,0x29,0x24,0x21,0x61,0x08,0x20,0x00,0x24,0x21,
    0x08,0x3A,0xC7,0x31,0xC7,0x31,0xC7,0x31,0xC7,0x31,0xC7,0x31,0xC7,0x31,0xC7,0x31,
    0xC7,0x31,0xC7,0x31,0xC7,0x31,0xC7,0x31,0xC7,0x31,0xC7,0x31,0xC7,0x31,0xC7,0x31,
    0xC7,0x31,0xC7,0x31,0xC7,0x31,0xC7,0x31,0xC7,0x31,0xC7,0x31,0xC7,0x31,0xC7,0x31,
    0xC7,0x31,0xC7,0x31,0xC7,0x31,0xC7,0x31,0xC7,0x31,0xC7,0x31,0xC7,0x31,0xC7,0x31,
    0xC7,0x31,0xC7,0x31,0xC7,0x31,0xC7,0x31,0xC7,0x31,0xC7,0x31,0xC7,0x31,0xC7,0x31,
    0xC7,0x31,0xC7,0x31,0xC7,0x31,0xC7,0x31,0xC7,0x31,0xC7,0x31,0xC7,0x31,0xC7,0x31,
    0xC7,0x31,0xC7,0x31,0xC7,0x31,0xC7,0x31,0xC7,0x31,0xC7,0x31,0xC7,0x31,0xC7,0x31,
    0xC7,0x31,0xC7,0x31,0xC7,0x31,0xC7,0x31,0xC7,0x31,0xC7,0x31,0xC7,0x31,0xC7,0x31,
    0xC7,0x31,0xC7,0x31,0xC7,0x31,0xC7,0x31,0xC7,0x31,0xC7,0x31,0xC7,0x31,0xC7,0x31,
    0xC7,0x31,0xC7,0x31,0xC7,0x31,0xC7,0x31,0xC7,0x31,0xC7,0x31,0xC7,0x31,0xC7,0x31,
    0xC7,0x31,0xC7,0x31,0xC7,0x31,0xC7,0x31,0xC7,0x31,0xC7,0x31,0xC7,0x31,0xC7,0x31,
    0xC7,0x31,0xC7,0x31,0xC7,0x31,0xC7,0x31,0xC7,0x31,0xC7,0x31,0xC7,0x31,0xC7,0x31,
    0xC7,0x31,0xC7,0x31,0xC7,0x31,0xC7,0x31,0xC7,0x31,0xC7,0x31,0xC7,0x31,0xC7,0x31,
    0xC7,0x31,0xC7,0x31,0xC7,0x31,0xC7,0x31,0xC7,0x31,0xC7,0x31,0xC7,0x31,0xC7,0x31,
    0xC7,0x31,0xC7,0x31,0xC7,0x31,0xC7,0x31,0xC7,0x31,0xC7,0x31,0xC7,0x31,0xC7,0x31,
    0xC7,0x31,0xC7,0x39,0x24,0x21,0x04,0x19,0x40,0x00,0x40,0x00,0x65,0x29,0x49,0x42,
    0xC7,0x31,0xC7,0x31,0xC7,0x31,0xC7,0x31,0xC7,0x31,0xC7,0x31,0xC7,0x31,0xC7,0x31,
    0xC7,0x31,0xC7,0x31,0xC7,0x31,0xC7,0x31,0xC7,0x31,0xC7,0x31,0xC7,0x31,0xC7,0x31,
    0xC7,0x31,0xC7,0x31,0xC7,0x31,0xC7,0x31,0xC7,0x31,0xC7,0x31,0xC7,0x31,0xC7,0x31,
    0xC7,0x31,0xC7,0x31,0xC7,0x31,0xC7,0x31,0xC7,0x31,0xC7,0x31,0xC7,0x31,0xC7,0x31,
    0xC7,0x31,0xC7,0x31,0xC7,0x31,0xC7,0x31,0xC7,0x31,0xC7,0x31,0xC7,0x31,0xC7,0x31,
    0xC7,0x31,0xC7,0x31,0xC7,0x31,0xC7,0x31,0xC7,0x31,0xC7,0x31,0xC7,0x31,0xC7,0x31,
    0xC7,0x31,0xC7,0x31,0xC7,0x31,0xC7,0x31,0xC7,0x31,0xC7,0x31,0xC7,0x31,0xC7,0x31,
    0xC7,0x31,0xC7,0x31,0xC7,0x31,0xC7,0x31,0xC7,0x31,0xC7,0x31,0xC7,0x31,0xC7,0x31,
    0xC7,0x31,0xC7,0x31,0xC7,0x31,0xC7,0x31,0xC7,0x31,0xC7,0x31,0xC7,0x31,0xC7,0x31,
    0xC7,0x31,0xC7,0x31,0xC7,0x31,0xC7,0x31,0xC7,0x31,0xC7,0x31,0xC7,0x31,0xC7,0x31,
    0xC7,0x31,0xC7,0x31,0xC7,0x31,0xC7,0x31,0xC7,0x31,0xC7,0x31,0xC7,0x31,0xC7,0x31,
    0xC7,0x31,0xC7,0x31,0xC7,0x31,0xC7,0x31,0xC7,0x31,0xC7,0x31,0xC7,0x31,0xC7,0x31,
    0xC7,0x31,0xC7,0x31,0xC7,0x31,0xC7,0x31,0xC7,0x31,0xC7,0x31,0xC7,0x31,0xC7,0x31,
    0xC7,0x31,0xC7,0x31,0xC7,0x31,0xC7,0x31,0xC7,0x31,0xC7,0x31,0xC7,0x31,0xC7,0x31,
    0xC7,0x31,0xC7,0x31,0xC7,0x31,0xC7,0x31,0xC7,0x31,0xC7,0x31,0xC7,0x31,0xC7,0x31,
    0xA7,0x31,0xE3,0x18,0xC3,0x10,0x20,0x00,0x41,0x00,0x86,0x29,0xC7,0x31,0xC7,0x31,
    0xC7,0x31,0xC7,0x31,0xC7,0x31,0xC7,0x31,0xC7,0x31,0xC7,0x31,0xC7,0x31,0xC7,0x31,
    0xC7,0x31,0xC7,0x31,0xC7,0x31,0xC7,0x31,0xC7,0x31,0xC7,0x31,0xC7,0x31,0xC7,0x31,
    0xC7,0x31,0xC7,0x31,0xC7,0x31,0xC7,0x31,0xC7,0x31,0xC7,0x31,0xC7,0x31,0xC7,0x31,
    0xC7,0x31,0xC7,0x31,0xC7,0x31,0xC7,0x31,0xC7,0x31,0xC7,0x31,0xC7,0x31,0xC7,0x31,
    0xC7,0x31,0xC7,0x31,0xC7,0x31,0xC7,0x31,0xC7,0x31,0xC7,0x31,0xC7,0x31,0xC7,0x31,
    0xC7,0x31,0xC7,0x31,0xC7,0x31,0xC7,0x31,0xC7,0x31,0xC7,0x31,0xC7,0x31,0xC7,0x31,
    0xC7,0x31,0xC7,0x31,0xC7,0x31,0xC7,0x31,0xC7,0x31,0xC7,0x31,0xC7,0x31,0xC7,0x31,
    0xC7,0x31,0xC7,0x31,0xC7,0x31,0xC7,0x31,0xC7,0x31,0xC7,0x31,0xC7,0x31,0xC7,0x31,
    0xC7,0x31,0xC7,0x31,0xC7,0x31,0xC7,0x31,0xC7,0x31,0xC7,0x31,0xC7,0x31,0xC7,0x31,
    0xC7,0x31,0xC7,0x31,0xC7,0x31,0xC7,0x31,0xC7,0x31,0xC7,0x31,0xC7,0x31,0xC7,0x31,
    0xC7,0x31,0xC7,0x31,0xC7,0x31,0xC7,0x31,0xC7,0x31,0xC7,0x31,0xC7,0x31,0xC7,0x31,
    0xC7,0x31,0xC7,0x31,0xC7,0x31,0xC7,0x31,0xC7,0x31,0xC7,0x31,0xC7,0x31,0xC7,0x31,
    0xC7,0x31,0xC7,0x31,0xC7,0x31,0xC7,0x31,0xC7,0x31,0xC7,0x31,0xC7,0x31,0xC7,0x31,
    0xC7,0x31,0xC7,0x31,0xC7,0x31,0xC7,0x31,0xC7,0x31,0xC7,0x31,0xC7,0x31,0xC7,0x31,
    0xC7,0x31,0xC7,0x31,0xC7,0x31,0xC7,0x31,0xC7,0x31,0xC7,0x31,0x08,0x3A,0x66,0x29,
    0x04,0x21,0x82,0x08,0x00,0x00,0x61,0x08,0xA7,0x31,0xC7,0x31,0xC7,0x31,0xC7,0x31,
    0xC7,0x31,0xC7,0x31,0xC7,0x31,0xC7,0x31,0xC7,0x31,0xC7,0x31,0xC7,0x31,0xC7,0x31,
    0xC7,0x31,0xC7,0x31,0xC7,0x31,0xC7,0x31,0xC7,0x31,0xC7,0x31,0xC7,0x31,0xC7,0x31,
    0xC7,0x31,0xC7,0x31,0xC7,0x31,0xC7,0x31,0xC7,0x31,0xC7,0x31,0xC7,0x31,0xC7,0x31,
    0xC7,0x31,0xC7,0x31,0xC7,0x31,0xC7,0x31,0xC7,0x31,0xC7,0x31,0xC7,0x31,0xC7,0x31,
    0xC7,0x31,0xC7,0x31,0xC7,0x31,0xC7,0x31,0xC7,0x31,0xC7,0x31,0xC7,0x31,0xC7,0x31,
    0xC7,0x31,0xC7,0x31,0xC7,0x31,0xC7,0x31,0xC7,0x31,0xC7,0x31,0xC7,0x31,0xC7,0x31,
    0xC7,0x31,0xC7,0x31,0xC7,0x31,0xC7,0x31,0xC7,0x31,0xC7,0x31,0xC7,0x31,0xC7,0x31,
    0xC7,0x31,0xC7,0x31,0xC7,0x31,0xC7,0x31,0xC7,0x31,0xC7,0x31,0xC7,0x31,0xC7,0x31,
    0xC7,0x31,0xC7,0x31,0xC7,0x31,0xC7,0x31,0xC7,0x31,0xC7,0x31,0xC7,0x31,0xC7,0x31,
    0xC7,0x31,0xC7,0x31,0xC7,0x31,0xC7,0x31,0xC7,0x31,0xC7,0x31,0xC7,0x31,0xC7,0x31,
    0xC7,0x31,0xC7,0x31,0xC7,0x31,0xC7,0x31,0xC7,0x31,0xC7,0x31,0xC7,0x31,0xC7,0x31,
    0xC7,0x31,0xC7,0x31,0xC7,0x31,0xC7,0x31,0xC7,0x31,0xC7,0x31,0xC7,0x31,0xC7,0x31,
    0xC7,0x31,0xC7,0x31,0xC7,0x31,0xC7,0x31,0xC7,0x31,0xC7,0x31,0xC7,0x31,0xC7,0x31,
    0xC7,0x31,0xC7,0x31,0xC7,0x31,0xC7,0x31,0xC7,0x31,0xC7,0x31,0xC7,0x31,0xC7,0x31,
    0xC7,0x31,0xC7,0x31,0xC7,0x31,0xC7,0x31,0xC7,0x31,0xC7,0x31,0x45,0x21,0x04,0x19,
    0xA2,0x08,0x00,0x00,0x83,0x10,0xC7,0x31,0xC7,0x31,0xC7,0x31,0xC7,0x31,0xC7,0x31,
    0xC7,0x31,0xC7,0x31,0xC7,0x31,0xC7,0x31,0xC7,0x31,0xC7,0x31,0xC7,0x31,0xC7,0x31,
    0xC7,0x31,0xC7,0x31,0xC7,0x31,0xC7,0x31,0xC7,0x31,0xC7,0x31,0xC7,0x31,0xC7,0x31,
    0xC7,0x31,0xC7,0x31,0xC7,0x31,0xC7,0x31,0xC7,0x31,0xC7,0x31,0xC7,0x31,0xC7,0x31,
    0xC7,0x31,0xC7,0x31,0xC7,0x31,0xC7,0x31,0xC7,0x31,0xC7,0x31,0xC7,0x31,0xC7,0x31,
    0xC7,0x31,0xC7,0x31,0xC7,0x31,0xC7,0x31,0xC7,0x31,0xC7,0x31,0xC7,0x31,0xC7,0x31,
    0xC7,0x31,0xC7,0x31,0xC7,0x31,0xC7,0x31,0xC7,0x31,0xC7,0x31,0xC7,0x31,0xC7,0x31,
    0xC7,0x31,0xC7,0x31,0xC7,0x31,0xC7,0x31,0xC7,0x31,0xC7,0x31,0xC7,0x31,0xC7,0x31,
    0xC7,0x31,0xC7,0x31,0xC7,0x31,0xC7,0x31,0xC7,0x31,0xC7,0x31,0xC7,0x31,0xC7,0x31,
    0xC7,0x31,0xC7,0x31,0xC7,0x31,0xC7,0x31,0xC7,0x31,0xC7,0x31,0xC7,0x31,0xC7,0x31,
    0xC7,0x31,0xC7,0x31,0xC7,0x31,0xC7,0x31,0xC7,0x31,0xC7,0x31,0xC7,0x31,0xC7,0x31,
    0xC7,0x31,0xC7,0x31,0xC7,0x31,0xC7,0x31,0xC7,0x31,0xC7,0x31,0xC7,0x31,0xC7,0x31,
    0xC7,0x31,0xC7,0x31,0xC7,0x31,0xC7,0x31,0xC7,0x31,0xC7,0x31,0xC7,0x31,0xC7,0x31,
    0xC7,0x31,0xC7,0x31,0xC7,0x31,0xC7,0x31,0xC7,0x31,0xC7,0x31,0xC7,0x31,0xC7,0x31,
    0xC7,0x31,0xC7,0x31,0xC7,0x31,0xC7,0x31,0xC7,0x31,0xC7,0x31,0xC7,0x31,0xC7,0x31,
    0xC7,0x31,0xC7,0x31,0xC7,0x31,0xC7,0x31,0x08,0x3A,0x45,0x21,0x45,0x21,0xC3,0x10,
    0x00,0x00,0xE4,0x18,0xE8,0x39,0xC7,0x31,0xC7,0x31,0xC7,0x31,0xC7,0x31,0xC7,0x31,
    0xC7,0x31,0xC7,0x31,0xC7,0x31,0xC7,0x31,0xC7,0x31,0xC7,0x31,0xC7,0x31,0xC7,0x31,
    0xC7,0x31,0xC7,0x31,0xC7,0x31,0xC7,0x31,0xC7,0x31,0xC7,0x31,0xC7,0x31,0xC7,0x31,
    0xC7,0x31,0xC7,0x31,0xC7,0x31,0xC7,0x31,0xC7,0x31,0xC7,0x31,0xC7,0x31,0xC7,0x31,
    0xC7,0x31,0xC7,0x31,0xC7,0x31,0xC7,0x31,0xC7,0x31,0xC7,0x31,0xC7,0x31,0xC7,0x31,
    0xC7,0x31,0xC7,0x31,0xC7,0x31,0xC7,0x31,0xC7,0x31,0xC7,0x31,0xC7,0x31,0xC7,0x31,
    0xC7,0x31,0xC7,0x31,0xC7,0x31,0xC7,0x31,0xC7,0x31,0xC7,0x31,0xC7,0x31,0xC7,0x31,
    0xC7,0x31,0xC7,0x31,0xC7,0x31,0xC7,0x31,0xC7,0x31,0xC7,0x31,0xC7,0x31,0xC7,0x31,
    0xC7,0x31,0xC7,0x31,0xC7,0x31,0xC7,0x31,0xC7,0x31,0xC7,0x31,0xC7,0x31,0xC7,0x31,
    0xC7,0x31,0xC7,0x31,0xC7,0x31,0xC7,0x31,0xC7,0x31,0xC7,0x31,0xC7,0x31,0xC7,0x31,
    0xC7,0x31,0xC7,0x31,0xC7,0x31,0xC7,0x31,0xC7,0x31,0xC7,0x31,0xC7,0x31,0xC7,0x31,
    0xC7,0x31,0xC7,0x31,0xC7,0x31,0xC7,0x31,0xC7,0x31,0xC7,0x31,0xC7,0x31,0xC7,0x31,
    0xC7,0x31,0xC7,0x31,0xC7,0x31,0xC7,0x31,0xC7,0x31,0xC7,0x31,0xC7,0x31,0xC7,0x31,
    0xC7,0x31,0xC7,0x31,0xC7,0x31,0xC7,0x31,0xC7,0x31,0xC7,0x31,0xC7,0x31,0xC7,0x31,
    0xC7,0x31,0xC7,0x31,0xC7,0x31,0xC7,0x31,0xC7,0x31,0xC7,0x31,0xC7,0x31,0xC7,0x31,
    0xC7,0x31,0xC7,0x31,0xC7,0x31,0xC7,0x31,0xC7,0x31,0xA7,0x31,0x61,0x08,0x00,0x00,
    0x45,0x29,0xC7,0x31,0xC7,0x31,0xC7,0x31,0xC7,0x31,0xC7,0x31,0xC7,0x31,0xC7,0x31,
    0xC7,0x31,0xC7,0x31,0xC7,0x31,0xC7,0x31,0xC7,0x31,0xC7,0x31,0xC7,0x31,0xC7,0x31,
    0xC7,0x31,0xC7,0x31,0xC7,0x31,0xC7,0x31,0xC7,0x31,0xC7,0x31,0xC7,0x31,0xC7,0x31,
    0xC7,0x31,0xC7,0x31,0xC7,0x31,0xC7,0x31,0xC7,0x31,0xC7,0x31,0xC7,0x31,0xC7,0x31,
    0xC7,0x31,0xC7,0x31,0xC7,0x31,0xC7,0x31,0xC7,0x31,0xC7,0x31,0xC7,0x31,0xC7,0x31,
    0xC7,0x31,0xC7,0x31,0xC7,0x31,0xC7,0x31,0xC7,0x31,0xC7,0x31,0xC7,0x31,0xC7,0x31,
    0xC7,0x31,0xC7,0x31,0xC7,0x31,0xC7,0x31,0xC7,0x31,0xC7,0x31,0xC7,0x31,0xC7,0x31,
    0xC7,0x31,0xC7,0x31,0xC7,0x31,0xC7,0x31,0xC7,0x31,0xC7,0x31,0xC7,0x31,0xC7,0x31,
    0xC7,0x31,0xC7,0x31,0xC7,0x31,0xC7,0x31,0xC7,0x31,0xC7,0x31,0xC7,0x31,0xC7,0x31,
    0xC7,0x31,0xC7,0x31,0xC7,0x31,0xC7,0x31,0xC7,0x31,0xC7,0x31,0xC7,0x31,0xC7,0x31,
    0xC7,0x31,0xC7,0x31,0xC7,0x31,0xC7,0x31,0xC7,0x31,0xC7,0x31,0xC7,0x31,0xC7,0x31,
    0xC7,0x31,0xC7,0x31,0xC7,0x31,0xC7,0x31,0xC7,0x31,0xC7,0x31,0xC7,0x31,0xC7,0x31,
    0xC7,0x31,0xC7,0x31,0xC7,0x31,0xC7,0x31,0xC7,0x31,0xC7,0x31,0xC7,0x31,0xC7,0x31,
    0xC7,0x31,0xC7,0x31,0xC7,0x31,0xC7,0x31,0xC7,0x31,0xC7,0x31,0xC7,0x31,0xC7,0x31,
    0xC7,0x31,0xC7,0x31,0xC7,0x31,0xC7,0x31,0xC7,0x31,0xC7,0x31,0xC7,0x31,0xC7,0x31,
    0xC7,0x31,0xC7,0x31,0xC7,0x31,0xC7,0x31,0xC7,0x31,0xC7,0x31,0x86,0x31,0xA2,0x10,
    0x08,0x42,0xE8,0x39,0xC7,0x31,0xC7,0x31,0xC7,0x31,0xC7,0x31,0xC7,0x31,0xC7,0x31,
    0xC7,0x31,0xC7,0x31,0xC7,0x31,0xC7,0x31,0xC7,0x31,0xC7,0x31,0xC7,0x31,0xC7,0x31,
    0xC7,0x31,0xC7,0x31,0xC7,0x31,0xC7,0x31,0xC7,0x31,0xC7,0x31,0xC7,0x31,0xC7,0x31,
    0xC7,0x31,0xC7,0x31,0xC7,0x31,0xC7,0x31,0xC7,0x31,0xC7,0x31,0xC7,0x31,0xC7,0x31,
    0xC7,0x31,0xC7,0x31,0xC7,0x31,0xC7,0x31,0xC7,0x31,0xC7,0x31,0xC7,0x31,0xC7,0x31,
    0xC7,0x31,0xC7,0x31,0xC7,0x31,0xC7,0x31,0xC7,0x31,0xC7,0x31,0xC7,0x31,0xC7,0x31,
    0xC7,0x31,0xC7,0x31,0xC7,0x31,0xC7,0x31,0xC7,0x31,0xC7,0x31,0xC7,0x31,0xC7,0x31,
    0xC7,0x31,0xC7,0x31,0xC7,0x31,0xC7,0x31,0xC7,0x31,0xC7,0x31,0xC7,0x31,0xC7,0x31,
    0xC7,0x31,0xC7,0x31,0xC7,0x31,0xC7,0x31,0xC7,0x31,0xC7,0x31,0xC7,0x31,0xC7,0x31,
    0xC7,0x31,0xC7,0x31,0xC7,0x31,0xC7,0x31,0xC7,0x31,0xC7,0x31,0xC7,0x31,0xC7,0x31,
    0xC7,0x31,0xC7,0x31,0xC7,0x31,0xC7,0x31,0xC7,0x31,0xC7,0x31,0xC7,0x31,0xC7,0x31,
    0xC7,0x31,0xC7,0x31,0xC7,0x31,0xC7,0x31,0xC7,0x31,0xC7,0x31,0xC7,0x31,0xC7,0x31,
    0xC7,0x31,0xC7,0x31,0xC7,0x31,0xC7,0x31,0xC7,0x31,0xC7,0x31,0xC7,0x31,0xC7,0x31,
    0xC7,0x31,0xC7,0x31,0xC7,0x31,0xC7,0x31,0xC7,0x31,0xC7,0x31,0xC7,0x31,0xC7,0x31,
    0xC7,0x31,0xC7,0x31,0xC7,0x31,0xC7,0x31,0xC7,0x31,0xC7,0x31,0xC7,0x31,0xC7,0x31,
    0xC7,0x31,0xC7,0x31,0xC7,0x31,0xC7,0x31,0xC7,0x31,0xA7,0x31,0x69,0x4A,0x04,0x21,
    0xE7,0x39,0xA7,0x31,0xC7,0x31,0xC7,0x31,0xC7,0x31,0xC7,0x31,0xC7,0x31,0xC7,0x31,
    0xC7,0x31,0xC7,0x31,0xC7,0x31,0xC7,0x31,0xC7,0x31,0xC7,0x31,0xC7,0x31,0xC7,0x31,
    0xC7,0x31,0xC7,0x31,0xC7,0x31,0xC7,0x31,0xC7,0x31,0xC7,0x31,0xC7,0x31,0xC7,0x31,
    0xC7,0x31,0xC7,0x31,0xC7,0x31,0xC7,0x31,0xC7,0x31,0xC7,0x31,0xC7,0x31,0xC7,0x31,
    0xC7,0x31,0xC7,0x31,0xC7,0x31,0xC7,0x31,0xC7,0x31,0xC7,0x31,0xC7,0x31,0xC7,0x31,
    0xC7,0x31,0xC7,0x31,0xC7,0x31,0xC7,0x31,0xC7,0x31,0xC7,0x31,0xC7,0x31,0xC7,0x31,
    0xC7,0x31,0xC7,0x31,0xC7,0x31,0xC7,0x31,0xC7,0x31,0xC7,0x31,0xC7,0x31,0xC7,0x31,
    0xC7,0x31,0xC7,0x31,0xC7,0x31,0xC7,0x31,0xC7,0x31,0xC7,0x31,0xC7,0x31,0xC7,0x31,
    0xC7,0x31,0xC7,0x31,0xC7,0x31,0xC7,0x31,0xC7,0x31,0xC7,0x31,0xC7,0x31,0xC7,0x31,
    0xC7,0x31,0xC7,0x31,0xC7,0x31,0xC7,0x31,0xC7,0x31,0xC7,0x31,0xC7,0x31,0xC7,0x31,
    0xC7,0x31,0xC7,0x31,0xC7,0x31,0xC7,0x31,0xC7,0x31,0xC7,0x31,0xC7,0x31,0xC7,0x31,
    0xC7,0x31,0xC7,0x31,0xC7,0x31,0xC7,0x31,0xC7,0x31,0xC7,0x31,0xC7,0x31,0xC7,0x31,
    0xC7,0x31,0xC7,0x31,0xC7,0x31,0xC7,0x31,0xC7,0x31,0xC7,0x31,0xC7,0x31,0xC7,0x31,
    0xC7,0x31,0xC7,0x31,0xC7,0x31,0xC7,0x31,0xC7,0x31,0xC7,0x31,0xC7,0x31,0xC7,0x31,
    0xC7,0x31,0xC7,0x31,0xC7,0x31,0xC7,0x31,0xC7,0x31,0xC7,0x31,0xC7,0x31,0xC7,0x31,
    0xC7,0x31,0xC7,0x31,0xC7,0x31,0xC7,0x31,0xC7,0x31,0xA7,0x31,0x28,0x42,0x03,0x19,
    0xE7,0x39,0xA7,0x31,0xC7,0x31,0xC7,0x31,0xC7,0x31,0xC7,0x31,0xC7,0x31,0xC7,0x31,
    0xC7,0x31,0xC7,0x31,0xC7,0x31,0xC7,0x31,0xC7,0x31,0xC7,0x31,0xC7,0x31,0xC7,0x31,
    0xC7,0x31,0xC7,0x31,0xC7,0x31,0xC7,0x31,0xC7,0x31,0xC7,0x31,0xC7,0x31,0xC7,0x31,
    0xC7,0x31,0xC7,0x31,0xC7,0x31,0xC7,0x31,0xC7,0x31,0xC7,0x31,0xC7,0x31,0xC7,0x31,
    0xC7,0x31,0xC7,0x31,0xC7,0x31,0xC7,0x31,0xC7,0x31,0xC7,0x31,0xC7,0x31,0xC7,0x31,
    0xC7,0x31,0xC7,0x31,0xC7,0x31,0xC7,0x31,0xC7,0x31,0xC7,0x31,0xC7,0x31,0xC7,0x31,
    0xC7,0x31,0xC7,0x31,0xC7,0x31,0xC7,0x31,0xC7,0x31,0xC7,0x31,0xC7,0x31,0xC7,0x31,
    0xC7,0x31,0xC7,0x31,0xC7,0x31,0xC7,0x31,0xC7,0x31,0xC7,0x31,0xC7,0x31,0xC7,0x31,
    0xC7,0x31,0xC7,0x31,0xC7,0x31,0xC7,0x31,0xC7,0x31,0xC7,0x31,0xC7,0x31,0xC7,0x31,
    0xC7,0x31,0xC7,0x31,0xC7,0x31,0xC7,0x31,0xC7,0x31,0xC7,0x31,0xC7,0x31,0xC7,0x31,
    0xC7,0x31,0xC7,0x31,0xC7,0x31,0xC7,0x31,0xC7,0x31,0xC7,0x31,0xC7,0x31,0xC7,0x31,
    0xC7,0x31,0xC7,0x31,0xC7,0x31,0xC7,0x31,0xC7,0x31,0xC7,0x31,0xC7,0x31,0xC7,0x31,
    0xC7,0x31,0xC7,0x31,0xC7,0x31,0xC7,0x31,0xC7,0x31,0xC7,0x31,0xC7,0x31,0xC7,0x31,
    0xC7,0x31,0xC7,0x31,0xC7,0x31,0xC7,0x31,0xC7,0x31,0xC7,0x31,0xC7,0x31,0xC7,0x31,
    0xC7,0x31,0xC7,0x31,0xC7,0x31,0xC7,0x31,0xC7,0x31,0xC7,0x31,0xC7,0x31,0xC7,0x31,
    0xC7,0x31,0xC7,0x31,0xC7,0x31,0xC7,0x31,0xC7,0x31,0xA7,0x31,0x08,0x42,0xE3,0x18,
    0x49,0x42,0xA6,0x31,0xC7,0x31,0xC7,0x31,0xC7,0x31,0xC7,0x31,0xC7,0x31,0xC7,0x31,
    0xC7,0x31,0xC7,0x31,0xC7,0x31,0xC7,0x31,0xC7,0x31,0xC7,0x31,0xC7,0x31,0xC7,0x31,
    0xC7,0x31,0xC7,0x31,0xC7,0x31,0xC7,0x31,0xC7,0x31,0xC7,0x31,0xC7,0x31,0xC7,0x31,
    0xC7,0x31,0xC7,0x31,0xC7,0x31,0xC7,0x31,0xC7,0x31,0xC7,0x31,0xC7,0x31,0xC7,0x31,
    0xC7,0x31,0xC7,0x31,0xC7,0x31,0xC7,0x31,0xC7,0x31,0xC7,0x31,0xC7,0x31,0xC7,0x31,
    0xC7,0x31,0xC7,0x31,0xC7,0x31,0xC7,0x31,0xC7,0x31,0xC7,0x31,0xC7,0x31,0xC7,0x31,
    0xC7,0x31,0xC7,0x31,0xC7,0x31,0xC7,0x31,0xC7,0x31,0xC7,0x31,0xC7,0x31,0xC7,0x31,
    0xC7,0x31,0xC7,0x31,0xC7,0x31,0xC7,0x31,0xC7,0x31,0xC7,0x31,0xC7,0x31,0xC7,0x31,
    0xC7,0x31,0xC7,0x31,0xC7,0x31,0xC7,0x31,0xC7,0x31,0xC7,0x31,0xC7,0x31,0xC7,0x31,
    0xC7,0x31,0xC7,0x31,0xC7,0x31,0xC7,0x31,0xC7,0x31,0xC7,0x31,0xC7,0x31,0xC7,0x31,
    0xC7,0x31,0xC7,0x31,0xC7,0x31,0xC7,0x31,0xC7,0x31,0xC7,0x31,0xC7,0x31,0xC7,0x31,
    0xC7,0x31,0xC7,0x31,0xC7,0x31,0xC7,0x31,0xC7,0x31,0xC7,0x31,0xC7,0x31,0xC7,0x31,
    0xC7,0x31,0xC7,0x31,0xC7,0x31,0xC7,0x31,0xC7,0x31,0xC7,0x31,0xC7,0x31,0xC7,0x31,
    0xC7,0x31,0xC7,0x31,0xC7,0x31,0xC7,0x31,0xC7,0x31,0xC7,0x31,0xC7,0x31,0xC7,0x31,
    0xC7,0x31,0xC7,0x31,0xC7,0x31,0xC7,0x31,0xC7,0x31,0xC7,0x31,0xC7,0x31,0xC7,0x31,
    0xC7,0x31,0xC7,0x31,0xC7,0x31,0xC7,0x31,0xC7,0x31,0x86,0x29,0x07,0x3A,0xA2,0x10,
    0xA6,0x31,0x66,0x29,0xC7,0x31,0xC7,0x31,0xC7,0x31,0xC7,0x31,0xC7,0x31,0xC7,0x31,
    0xC7,0x31,0xC7,0x31,0xC7,0x31,0xC7,0x31,0xC7,0x31,0xC7,0x31,0xC7,0x31,0xC7,0x31,
    0xC7,0x31,0xC7,0x31,0xC7,0x31,0xC7,0x31,0xC7,0x31,0xC7,0x31,0xC7,0x31,0xC7,0x31,
    0xC7,0x31,0xC7,0x31,0xC7,0x31,0xC7,0x31,0xC7,0x31,0xC7,0x31,0xC7,0x31,0xC7,0x31,
    0xC7,0x31,0xC7,0x31,0xC7,0x31,0xC7,0x31,0xC7,0x31,0xC7,0x31,0xC7,0x31,0xC7,0x31,
    0xC7,0x31,0xC7,0x31,0xC7,0x31,0xC7,0x31,0xC7,0x31,0xC7,0x31,0xC7,0x31,0xC7,0x31,
    0xC7,0x31,0xC7,0x31,0xC7,0x31,0xC7,0x31,0xC7,0x31,0xC7,0x31,0xC7,0x31,0xC7,0x31,
    0xC7,0x31,0xC7,0x31,0xC7,0x31,0xC7,0x31,0xC7,0x31,0xC7,0x31,0xC7,0x31,0xC7,0x31,
    0xC7,0x31,0xC7,0x31,0xC7,0x31,0xC7,0x31,0xC7,0x31,0xC7,0x31,0xC7,0x31,0xC7,0x31,
    0xC7,0x31,0xC7,0x31,0xC7,0x31,0xC7,0x31,0xC7,0x31,0xC7,0x31,0xC7,0x31,0xC7,0x31,
    0xC7,0x31,0xC7,0x31,0xC7,0x31,0xC7,0x31,0xC7,0x31,0xC7,0x31,0xC7,0x31,0xC7,0x31,
    0xC7,0x31,0xC7,0x31,0xC7,0x31,0xC7,0x31,0xC7,0x31,0xC7,0x31,0xC7,0x31,0xC7,0x31,
    0xC7,0x31,0xC7,0x31,0xC7,0x31,0xC7,0x31,0x29,0x42,0x51,0x84,0x8E,0x6B,0xC7,0x31,
    0xC7,0x31,0xC7,0x31,0xC7,0x31,0xC7,0x31,0xC7,0x31,0xC7,0x31,0xC7,0x31,0xC7,0x31,
    0xC7,0x31,0xC7,0x31,0xC7,0x31,0xC7,0x31,0xC7,0x31,0xC7,0x31,0xC7,0x31,0xC7,0x31,
    0xC7,0x31,0xC7,0x31,0xC7,0x31,0xC7,0x31,0xC7,0x31,0x86,0x29,0x0B,0x5B,0x41,0x00,
    0x65,0x29,0x65,0x29,0xC7,0x31,0xC7,0x31,0xC7,0x31,0xC7,0x31,0xC7,0x31,0xC7,0x31,
    0xC7,0x31,0xC7,0x31,0xC7,0x31,0xC7,0x31,0xC7,0x31,0xC7,0x31,0xC7,0x31,0xC7,0x31,
    0xC7,0x31,0xC7,0x31,0xC7,0x31,0xC7,0x31,0xC7,0x31,0xC7,0x31,0xC7,0x31,0xC7,0x31,
    0xC7,0x31,0xC7,0x31,0x50,0x84,0x92,0x94,0xC7,0x31,0xC7,0x31,0xC7,0x31,0xC7,0x31,
    0xC7,0x31,0xC7,0x31,0xC7,0x31,0xC7,0x31,0xC7,0x31,0xC7,0x31,0xC7,0x31,0xC7,0x31,
    0xC7,0x31,0xC7,0x31,0xC7,0x31,0xC7,0x31,0xC7,0x31,0xC7,0x31,0xC7,0x31,0xC7,0x31,
    0xC7,0x31,0xC7,0x31,0xC7,0x31,0xC7,0x31,0xC7,0x31,0xC7,0x31,0xC7,0x31,0xC7,0x31,
    0xC7,0x31,0xC7,0x31,0xC7,0x31,0xC7,0x31,0xC7,0x31,0xC7,0x31,0xC7,0x31,0xC7,0x31,
    0xC7,0x31,0xC7,0x31,0xC7,0x31,0xC7,0x31,0xC7,0x31,0xC7,0x31,0xC7,0x31,0xC7,0x31,
    0xC7,0x31,0xC7,0x31,0xC7,0x31,0xC7,0x31,0xC7,0x31,0xC7,0x31,0xC7,0x31,0xC7,0x31,
    0xC7,0x31,0xC7,0x31,0xC7,0x31,0xC7,0x31,0xC7,0x31,0xC7,0x31,0xC7,0x31,0xC7,0x31,
    0xC7,0x31,0xC7,0x31,0xC7,0x31,0xC7,0x31,0xC7,0x31,0xC7,0x31,0xC7,0x31,0xC7,0x31,
    0xC7,0x31,0xC7,0x31,0xC7,0x31,0xC7,0x31,0xCB,0x5A,0x59,0xCE,0x10,0x7C,0xC7,0x31,
    0xC7,0x31,0xC7,0x31,0xC7,0x31,0xC7,0x31,0xC7,0x31,0xC7,0x31,0xC7,0x31,0xC7,0x31,
    0xC7,0x31,0xC7,0x31,0xC7,0x31,0xC7,0x31,0xC7,0x31,0xC7,0x31,0xC7,0x31,0xC7,0x31,
    0xC7,0x31,0xC7,0x31,0xC7,0x31,0xC7,0x31,0xC7,0x31,0x86,0x29,0x0B,0x5B,0x41,0x00,
    0x87,0x29,0x86,0x29,0xC7,0x31,0xC7,0x31,0xC7,0x31,0xC7,0x31,0xC7,0x31,0xC7,0x31,
    0xC7,0x31,0xC7,0x31,0xC7,0x31,0xC7,0x31,0xC7,0x31,0xC7,0x31,0xC7,0x31,0xC7,0x31,
    0xC7,0x31,0xC7,0x31,0xC7,0x31,0xC7,0x31,0xC7,0x31,0xC7,0x31,0xC7,0x31,0xC7,0x31,
    0xC7,0x31,0xC7,0x31,0x79,0xCE,0x99,0xD6,0xC7,0x31,0xC7,0x31,0xC7,0x31,0xC7,0x31,
    0xC7,0x31,0xC7,0x31,0xC7,0x31,0xC7,0x31,0xC7,0x31,0xC7,0x31,0xC7,0x31,0xC7,0x31,
    0xC7,0x31,0xC7,0x31,0xC7,0x31,0xC7,0x31,0xC7,0x31,0xC7,0x31,0xC7,0x31,0xC7,0x31,
    0xC7,0x31,0xC7,0x31,0xC7,0x31,0xC7,0x31,0xC7,0x31,0xC7,0x31,0xC7,0x31,0xC7,0x31,
    0xC7,0x31,0xC7,0x31,0xC7,0x31,0xC7,0x31,0xC7,0x31,0xC7,0x31,0xC7,0x31,0xC7,0x31,
    0xC7,0x31,0xC7,0x31,0xC7,0x31,0xC7,0x31,0xC7,0x31,0xC7,0x31,0xC7,0x31,0xC7,0x31,
    0xC7,0x31,0xC7,0x31,0xC7,0x31,0xC7,0x31,0xC7,0x31,0xC7,0x31,0xC7,0x31,0xC7,0x31,
    0xC7,0x31,0xC7,0x31,0xC7,0x31,0xC7,0x31,0xC7,0x31,0xC7,0x31,0xC7,0x31,0xC7,0x31,
    0xC7,0x31,0xC7,0x31,0xC7,0x31,0xC7,0x31,0xC7,0x31,0xC7,0x31,0xC7,0x31,0xC7,0x31,
    0xC7,0x31,0xC7,0x31,0xC7,0x31,0xC7,0x31,0x49,0x4A,0x96,0xAD,0xF0,0x7B,0xC7,0x31,
    0xC7,0x31,0xC7,0x31,0xC7,0x31,0xC7,0x31,0xC7,0x31,0xC7,0x31,0xC7,0x31,0xC7,0x31,
    0xC7,0x31,0xC7,0x31,0xC7,0x31,0xC7,0x31,0xC7,0x31,0xC7,0x31,0xC7,0x31,0xC7,0x31,
    0xC7,0x31,0xC7,0x31,0xC7,0x31,0xC7,0x31,0x29,0x42,0xC3,0x10,0x28,0x3A,0x08,0x3A,
    0xE4,0x18,0xC3,0x18,0xC7,0x31,0xC7,0x31,0xC7,0x31,0xC7,0x31,0xC7,0x31,0xC7,0x31,
    0xC7,0x31,0xC7,0x31,0xC7,0x31,0xC7,0x31,0xC7,0x31,0xC7,0x31,0xC7,0x31,0xC7,0x31,
    0xC7,0x31,0xC7,0x31,0xC7,0x31,0xC7,0x31,0xC7,0x31,0xC7,0x31,0xC7,0x31,0xC7,0x31,
    0xC7,0x31,0x49,0x42,0x9A,0xD6,0x75,0xAD,0xC7,0x31,0xC7,0x31,0xC7,0x31,0xC7,0x31,
    0xC7,0x31,0xC7,0x31,0xC7,0x31,0xC7,0x31,0xC7,0x31,0xC7,0x31,0xC7,0x31,0xC7,0x31,
    0xC7,0x31,0xC7,0x31,0xC7,0x31,0xC7,0x31,0xC7,0x31,0xC7,0x31,0xC7,0x31,0xC7,0x31,
    0xC7,0x31,0xC7,0x31,0xC7,0x31,0xC7,0x31,0xC7,0x31,0xC7,0x31,0xC7,0x31,0xC7,0x31,
    0xC7,0x31,0xC7,0x31,0xC7,0x31,0xC7,0x31,0xC7,0x31,0xC7,0x31,0xC7,0x31,0xC7,0x31,
    0xC7,0x31,0xC7,0x31,0xC7,0x31,0xC7,0x31,0xC7,0x31,0xC7,0x31,0xC7,0x31,0xC7,0x31,
    0xC7,0x31,0xC7,0x31,0xC7,0x31,0xC7,0x31,0xC7,0x31,0xC7,0x31,0xC7,0x31,0xC7,0x31,
    0xC7,0x31,0xC7,0x31,0xC7,0x31,0xC7,0x31,0xC7,0x31,0xC7,0x31,0xC7,0x31,0xC7,0x31,
    0xC7,0x31,0xC7,0x31,0xC7,0x31,0xC7,0x31,0xC7,0x31,0xC7,0x31,0xC7,0x31,0xC7,0x31,
    0xC7,0x31,0xC7,0x31,0xC7,0x31,0x29,0x42,0xE8,0x39,0x96,0xAD,0x30,0x7C,0xC7,0x31,
    0xC7,0x31,0xC7,0x31,0xC7,0x31,0xC7,0x31,0xC7,0x31,0xC7,0x31,0xC7,0x31,0xC7,0x31,
    0xC7,0x31,0xE7,0x31,0xAB,0x52,0x71,0x8C,0x14,0x9D,0x14,0xA5,0x14,0xA5,0x34,0xA5,
    0x34,0xA5,0x35,0xA5,0x35,0xA5,0x2C,0x63,0xC3,0x18,0xA2,0x08,0x28,0x42,0x0B,0x5B,
    0x25,0x21,0x62,0x08,0x82,0x10,0xEC,0x5A,0xB6,0xB5,0x96,0xB5,0x96,0xB5,0x96,0xB5,
    0x75,0xB5,0x75,0xAD,0x75,0xAD,0x75,0xAD,0x75,0xAD,0x96,0xB5,0x55,0xAD,0x8A,0x52,
    0xE8,0x39,0xC7,0x31,0xC7,0x31,0xC7,0x31,0xC7,0x31,0xC7,0x31,0xC7,0x31,0xC7,0x31,
    0xC7,0x31,0xEC,0x5A,0xFB,0xDE,0xB2,0x94,0x6A,0x42,0xC7,0x31,0xC7,0x31,0xC7,0x31,
    0xC7,0x31,0xC7,0x31,0xC7,0x31,0xC7,0x31,0xC7,0x31,0xC7,0x31,0xC7,0x31,0xC7,0x31,
    0xC7,0x31,0xC7,0x31,0xC7,0x31,0xC7,0x31,0xC7,0x31,0xC7,0x31,0xC7,0x31,0xC7,0x31,
    0xC7,0x31,0xC7,0x31,0xC7,0x31,0xC7,0x31,0xC7,0x31,0xC7,0x31,0xC7,0x31,0xC7,0x31,
    0xC7,0x31,0xC7,0x31,0xC7,0x31,0xC7,0x31,0xC7,0x31,0xC7,0x31,0xC7,0x31,0xC7,0x31,
    0xC7,0x31,0xC7,0x31,0xC7,0x31,0xC7,0x31,0xC7,0x31,0xC7,0x31,0xC7,0x31,0xC7,0x31,
    0xC7,0x31,0xC7,0x31,0xC7,0x31,0xC7,0x31,0xC7,0x31,0xC7,0x31,0xC7,0x31,0xC7,0x31,
    0xC7,0x31,0xC7,0x31,0xC7,0x31,0xC7,0x31,0xC7,0x31,0xC7,0x31,0xC7,0x31,0xC7,0x31,
    0xC7,0x31,0xC7,0x31,0xC7,0x31,0xC7,0x31,0xC7,0x31,0xC7,0x31,0xC7,0x31,0xC7,0x31,
    0xC7,0x31,0xC7,0x31,0xD3,0x9C,0x55,0xAD,0x28,0x42,0x14,0x9D,0x51,0x84,0xC7,0x31,
    0xC7,0x31,0xC7,0x31,0xC7,0x31,0xC7,0x31,0xC7,0x31,0xC7,0x31,0xC7,0x31,0xC7,0x31,
    0x6D,0x6B,0x0C,0x63,0xAF,0x73,0x10,0x84,0xCF,0x7B,0xCF,0x7B,0xF0,0x7B,0x10,0x7C,
    0x10,0x84,0x30,0x84,0x92,0x94,0x65,0x29,0x24,0x21,0x71,0x8C,0x24,0x21,0x81,0x08,
    0x24,0x21,0x2C,0x5B,0xA2,0x10,0x66,0x29,0xEF,0x7B,0xCF,0x7B,0xCF,0x7B,0xCF,0x73,
    0xAE,0x73,0x6D,0x6B,0x4D,0x6B,0x4D,0x63,0x0C,0x63,0xEB,0x5A,0x6E,0x6B,0x8E,0x73,
    0xAF,0x73,0xEB,0x5A,0xC7,0x31,0xC7,0x31,0xC7,0x31,0xC7,0x31,0xC7,0x31,0xC7,0x31,
    0xC7,0x31,0xAF,0x73,0x99,0xD6,0x54,0xA5,0x3C,0xE7,0x10,0x84,0xC7,0x31,0xC7,0x31,
    0xC7,0x31,0xC7,0x31,0xC7,0x31,0xC7,0x31,0xC7,0x31,0xC7,0x31,0xC7,0x31,0xC7,0x31,
    0xC7,0x31,0xC7,0x31,0xC7,0x31,0xC7,0x31,0xC7,0x31,0xC7,0x31,0xC7,0x31,0xC7,0x31,
    0xC7,0x31,0xC7,0x31,0xC7,0x31,0xC7,0x31,0xC7,0x31,0xC7,0x31,0xC7,0x31,0xC7,0x31,
    0xC7,0x31,0xC7,0x31,0xC7,0x31,0xC7,0x31,0xC7,0x31,0xC7,0x31,0xC7,0x31,0xC7,0x31,
    0xC7,0x31,0xC7,0x31,0xC7,0x31,0xC7,0x31,0xC7,0x31,0xC7,0x31,0xC7,0x31,0xC7,0x31,
    0xC7,0x31,0xC7,0x31,0xC7,0x31,0xC7,0x31,0xC7,0x31,0xC7,0x31,0xC7,0x31,0xC7,0x31,
    0xC7,0x31,0xC7,0x31,0xC7,0x31,0xC7,0x31,0xC7,0x31,0xC7,0x31,0xC7,0x31,0xC7,0x31,
    0xC7,0x31,0xC7,0x31,0xC7,0x31,0xC7,0x31,0xC7,0x31,0xC7,0x31,0xC7,0x31,0xC7,0x31,
    0xC7,0x31,0xC7,0x31,0x34,0xA5,0xF7,0xBD,0x08,0x3A,0x14,0x9D,0xB3,0x94,0xC7,0x31,
    0xC7,0x31,0xC7,0x31,0xC7,0x31,0xC7,0x31,0xC7,0x31,0xC7,0x31,0xC7,0x31,0xC7,0x31,
    0x8E,0x73,0x31,0x84,0x7A,0xCE,0x95,0xB5,0x14,0xA5,0xD2,0x9C,0x51,0x8C,0xAE,0x7B,
    0x0C,0x6B,0xAA,0x5A,0x69,0x52,0x07,0x52,0x88,0x62,0xCD,0x83,0x67,0x5A,0x06,0x4A,
    0x67,0x5A,0x2A,0x73,0x68,0x5A,0x89,0x5A,0x4C,0x73,0x8D,0x7B,0xEF,0x83,0x91,0x94,
    0xF3,0xA4,0x34,0xAD,0xB6,0xBD,0xF7,0xBD,0x17,0xBE,0x38,0xC6,0x18,0xC6,0xB7,0xB5,
    0x4E,0x6B,0x4D,0x6B,0xC7,0x31,0xC7,0x31,0xC7,0x31,0xC7,0x31,0xC7,0x31,0xC7,0x31,
    0xC7,0x31,0x51,0x84,0x18,0xC6,0x34,0xA5,0x7C,0xF7,0xEC,0x5A,0xC7,0x31,0xC7,0x31,
    0xC7,0x31,0xC7,0x31,0xC7,0x31,0xC7,0x31,0xC7,0x31,0xC7,0x31,0xC7,0x31,0xC7,0x31,
    0xC7,0x31,0xC7,0x31,0xC7,0x31,0xC7,0x31,0xC7,0x31,0xC7,0x31,0xC7,0x31,0xC7,0x31,
    0xC7,0x31,0xC7,0x31,0xC7,0x31,0xC7,0x31,0xC7,0x31,0xC7,0x31,0xC7,0x31,0xC7,0x31,
    0xC7,0x31,0xC7,0x31,0xC7,0x31,0xC7,0x31,0xC7,0x31,0xC7,0x31,0xC7,0x31,0xC7,0x31,
    0xC7,0x31,0xC7,0x31,0xC7,0x31,0xC7,0x31,0xC7,0x31,0xC7,0x31,0xC7,0x31,0xC7,0x31,
    0xC7,0x31,0xC7,0x31,0xC7,0x31,0xC7,0x31,0xC7,0x31,0xC7,0x31,0xC7,0x31,0xC7,0x31,
    0xC7,0x31,0xC7,0x31,0xC7,0x31,0xC7,0x31,0xC7,0x31,0xC7,0x31,0xC7,0x31,0xC7,0x31,
    0xC7,0x31,0xC7,0x31,0xC7,0x31,0xC7,0x31,0xC7,0x31,0xC7,0x31,0xC7,0x31,0xC7,0x31,
    0xC7,0x31,0xC7,0x31,0x92,0x94,0xB6,0xB5,0xC7,0x31,0x56,0xA5,0xF4,0x9C,0xC7,0x31,
    0xC7,0x31,0xC7,0x31,0xC7,0x31,0xC7,0x31,0xC7,0x31,0xC7,0x31,0xC7,0x31,0xC7,0x31,
    0x4D,0x63,0x70,0x94,0x54,0xBD,0x50,0x8C,0x6D,0x6B,0xCB,0x5A,0x08,0x3A,0xA6,0x31,
    0x86,0x29,0x45,0x29,0x24,0x21,0x66,0x29,0xC7,0x31,0x65,0x29,0xA6,0x31,0xC6,0x31,
    0x86,0x29,0x65,0x29,0xE8,0x39,0x08,0x3A,0xE8,0x39,0x08,0x3A,0x29,0x3A,0x69,0x42,
    0xAA,0x4A,0xEB,0x5A,0x0C,0x63,0x0E,0x94,0xD1,0xB4,0x79,0xD6,0xFF,0xFF,0x59,0xCE,
    0x2D,0x63,0xC7,0x31,0xC7,0x31,0xC7,0x31,0xC7,0x31,0xC7,0x31,0xC7,0x31,0xC7,0x31,
    0xC7,0x31,0x72,0x8C,0xD6,0xB5,0x34,0xAD,0xF7,0xC5,0xC7,0x31,0xC7,0x31,0xC7,0x31,
    0xC7,0x31,0xC7,0x31,0xC7,0x31,0xC7,0x31,0xC7,0x31,0xC7,0x31,0xC7,0x31,0xC7,0x31,
    0xC7,0x31,0xC7,0x31,0xC7,0x31,0xC7,0x31,0xC7,0x31,0xC7,0x31,0xC7,0x31,0xC7,0x31,
    0xC7,0x31,0xC7,0x31,0xC7,0x31,0xC7,0x31,0xC7,0x31,0xC7,0x31,0xC7,0x31,0xC7,0x31,
    0xC7,0x31,0xC7,0x31,0xC7,0x31,0xC7,0x31,0xC7,0x31,0xC7,0x31,0xC7,0x31,0xC7,0x31,
    0xC7,0x31,0xC7,0x31,0xC7,0x31,0xC7,0x31,0xC7,0x31,0xC7,0x31,0xC7,0x31,0xC7,0x31,
    0xC7,0x31,0xC7,0x31,0xC7,0x31,0xC7,0x31,0xC7,0x31,0xC7,0x31,0xC7,0x31,0xC7,0x31,
    0xC7,0x31,0xC7,0x31,0xC7,0x31,0xC7,0x31,0xC7,0x31,0xC7,0x31,0xC7,0x31,0xC7,0x31,
    0xC7,0x31,0xC7,0x31,0xC7,0x31,0xC7,0x31,0xC7,0x31,0xC7,0x31,0xC7,0x31,0xC7,0x31,
    0xC7,0x31,0xC7,0x31,0xAE,0x73,0xBA,0xD6,0xCB,0x52,0x14,0x9D,0x3D,0xE7,0xAA,0x52,
    0xC7,0x31,0xC7,0x31,0xC7,0x31,0x29,0x42,0xAB,0x5A,0x4D,0x73,0xAE,0x83,0xCE,0x8B,
    0x74,0xBD,0xF5,0xDD,0x6C,0x7B,0x81,0x08,0xC3,0x10,0xE3,0x10,0x04,0x11,0x04,0x19,
    0x04,0x19,0x04,0x19,0xE3,0x18,0xA2,0x08,0x61,0x00,0x82,0x08,0x82,0x08,0x62,0x08,
    0x62,0x00,0x62,0x08,0x61,0x00,0xC3,0x10,0xC3,0x10,0xE3,0x10,0xE3,0x18,0x04,0x19,
    0x24,0x19,0xE4,0x18,0x41,0x00,0xEE,0x8B,0x8F,0xB4,0xED,0x93,0x37,0xD6,0x74,0xB5,
    0x54,0xAD,0x8A,0x52,0x8B,0x52,0x6A,0x4A,0x08,0x32,0xC7,0x31,0xC7,0x31,0xC7,0x31,
    0xCB,0x5A,0xDB,0xDE,0x13,0x9D,0x99,0xD6,0xB2,0x94,0xC7,0x31,0xC7,0x31,0xC7,0x31,
    0xC7,0x31,0xC7,0x31,0xC7,0x31,0xC7,0x31,0xC7,0x31,0xC7,0x31,0xC7,0x31,0xC7,0x31,
    0xC7,0x31,0xC7,0x31,0xC7,0x31,0xC7,0x31,0xC7,0x31,0xC7,0x31,0xC7,0x31,0xC7,0x31,
    0xC7,0x31,0xC7,0x31,0xC7,0x31,0xC7,0x31,0xC7,0x31,0xC7,0x31,0xC7,0x31,0xC7,0x31,
    0xC7,0x31,0xC7,0x31,0xC7,0x31,0xC7,0x31,0xC7,0x31,0xC7,0x31,0xC7,0x31,0xC7,0x31,
    0xC7,0x31,0xC7,0x31,0xC7,0x31,0xC7,0x31,0xC7,0x31,0xC7,0x31,0xC7,0x31,0xC7,0x31,
    0xC7,0x31,0xC7,0x31,0xC7,0x31,0xC7,0x31,0xC7,0x31,0xC7,0x31,0xC7,0x31,0xC7,0x31,
    0xC7,0x31,0xC7,0x31,0xC7,0x31,0xC7,0x31,0xC7,0x31,0xC7,0x31,0xC7,0x31,0xC7,0x31,
    0xC7,0x31,0xC7,0x31,0xC7,0x31,0xC7,0x31,0xC7,0x31,0xC7,0x31,0xC7,0x31,0xC7,0x31,
    0xC7,0x31,0xE8,0x39,0xF3,0x9C,0xB6,0xB5,0xF3,0x9C,0xAE,0x73,0x34,0xAD,0x91,0x9C,
    0xCE,0x83,0xB0,0xAC,0x52,0xC5,0xF4,0xD5,0x56,0xE6,0xB7,0xF6,0xF8,0xFE,0x39,0xFF,
    0xD8,0xF6,0xB8,0xF6,0x0B,0x6B,0x41,0x00,0x82,0x08,0x41,0x00,0x41,0x00,0x21,0x00,
    0x21,0x00,0x21,0x00,0x20,0x00,0x08,0x3A,0xAB,0x52,0xAB,0x52,0x6A,0x4A,0x69,0x4A,
    0x0C,0x5B,0x49,0x42,0xEC,0x5A,0x61,0x08,0x20,0x00,0x41,0x00,0x41,0x00,0x41,0x00,
    0x41,0x00,0x61,0x00,0x00,0x00,0xAD,0x83,0x76,0xEE,0xF8,0xF6,0x96,0xEE,0x56,0xE6,
    0x55,0xE6,0x55,0xE6,0xD4,0xCD,0x72,0xC5,0xF1,0xB4,0x4F,0xA4,0xEE,0x8B,0xEB,0x62,
    0x6D,0x6B,0x51,0x8C,0x51,0x84,0xF8,0xBD,0xB2,0x94,0xC7,0x31,0xC7,0x31,0xC7,0x31,
    0xC7,0x31,0xC7,0x31,0xC7,0x31,0xC7,0x31,0xC7,0x31,0xC7,0x31,0xC7,0x31,0xC7,0x31,
    0xC7,0x31,0xC7,0x31,0xC7,0x31,0xC7,0x31,0xC7,0x31,0xC7,0x31,0xC7,0x31,0xC7,0x31,
    0xC7,0x31,0xC7,0x31,0xC7,0x31,0xC7,0x31,0xC7,0x31,0xC7,0x31,0xC7,0x31,0xC7,0x31,
    0xC7,0x31,0xC7,0x31,0xC7,0x31,0xC7,0x31,0xC7,0x31,0xC7,0x31,0xC7,0x31,0xC7,0x31,
    0xC7,0x31,0xC7,0x31,0xC7,0x31,0xC7,0x31,0xC7,0x31,0xC7,0x31,0xC7,0x31,0xC7,0x31,
    0xC7,0x31,0xC7,0x31,0xC7,0x31,0xC7,0x31,0xC7,0x31,0xC7,0x31,0xC7,0x31,0xC7,0x31,
    0xC7,0x31,0xC7,0x31,0xC7,0x31,0xC7,0x31,0xC7,0x31,0xC7,0x31,0xC7,0x31,0xC7,0x31,
    0xC7,0x31,0xC7,0x31,0xC7,0x31,0xC7,0x31,0xC7,0x31,0xC7,0x31,0xC7,0x31,0xC7,0x31,
    0xC7,0x31,0x08,0x3A,0xCE,0x83,0x88,0x62,0x6F,0xA4,0x32,0xBD,0xD4,0xDD,0x96,0xF6,
    0x39,0xFF,0x59,0xFF,0x7A,0xFF,0x7A,0xFF,0x7A,0xFF,0x7A,0xFF,0x7A,0xFF,0x9B,0xFF,
    0x7B,0xFF,0x77,0xEE,0x49,0x52,0x00,0x00,0x00,0x00,0x00,0x00,0x00,0x00,0x00,0x00,
    0x00,0x00,0x00,0x00,0x41,0x08,0xEF,0x7B,0xCF,0x7B,0xAB,0x52,0x25,0x21,0xAE,0x73,
    0x51,0x84,0xEF,0x73,0x51,0x84,0x41,0x08,0x00,0x00,0x00,0x00,0x00,0x00,0x00,0x00,
    0x00,0x00,0x00,0x00,0x00,0x00,0x89,0x5A,0x35,0xE6,0xBC,0xFF,0xBC,0xFF,0x9B,0xFF,
    0x9B,0xFF,0x9A,0xFF,0x79,0xFF,0x58,0xFF,0x18,0xFF,0x18,0xFF,0xD7,0xFE,0x96,0xEE,
    0xB3,0xD5,0x4D,0xA4,0xCC,0x8B,0xC5,0x41,0x4D,0x6B,0x08,0x3A,0xC7,0x31,0xC7,0x31,
    0xC7,0x31,0xC7,0x31,0xC7,0x31,0xC7,0x31,0xC7,0x31,0xC7,0x31,0xC7,0x31,0xC7,0x31,
    0xC7,0x31,0xC7,0x31,0xC7,0x31,0xC7,0x31,0xC7,0x31,0xC7,0x31,0xC7,0x31,0xC7,0x31,
    0xC7,0x31,0xC7,0x31,0xC7,0x31,0xC7,0x31,0xC7,0x31,0xC7,0x31,0xC7,0x31,0xC7,0x31,
    0xC7,0x31,0xC7,0x31,0xC7,0x31,0xC7,0x31,0xC7,0x31,0xC7,0x31,0xC7,0x31,0xC7,0x31,
    0xC7,0x31,0xC7,0x31,0xC7,0x31,0xC7,0x31,0xC7,0x31,0xC7,0x31,0xC7,0x31,0xC7,0x31,
    0xC7,0x31,0xC7,0x31,0xC7,0x31,0xC7,0x31,0xC7,0x31,0xC7,0x31,0xC7,0x31,0xC7,0x31,
    0xC7,0x31,0xC7,0x31,0xC7,0x31,0xC7,0x31,0xC7,0x31,0xC7,0x31,0xC7,0x31,0xC7,0x31,
    0xC7,0x31,0xC7,0x31,0xC7,0x31,0xC7,0x31,0xC7,0x31,0xC7,0x31,0xC7,0x31,0xC7,0x31,
    0xC7,0x31,0x08,0x42,0x4A,0x8B,0x72,0xD5,0x97,0xF6,0x39,0xFF,0x59,0xFF,0x39,0xFF,
    0x19,0xFF,0x39,0xFF,0x59,0xFF,0xF8,0xF6,0x19,0xFF,0x19,0xFF,0xB8,0xEE,0x98,0xEE,
    0x36,0xDE,0x15,0xDE,0x8D,0x83,0xC3,0x18,0x82,0x10,0x62,0x08,0x41,0x08,0x21,0x00,
    0x00,0x00,0x00,0x00,0x00,0x00,0x00,0x00,0x00,0x00,0x00,0x00,0x00,0x00,0x00,0x00,
    0x00,0x00,0x00,0x00,0x00,0x00,0x00,0x00,0x00,0x00,0x00,0x00,0x41,0x08,0x61,0x08,
    0x82,0x10,0x61,0x08,0x81,0x10,0x4B,0x7B,0x51,0xCD,0xD3,0xD5,0x15,0xDE,0x56,0xE6,
    0xD8,0xF6,0xF8,0xF6,0x59,0xFF,0x79,0xFF,0x59,0xFF,0x39,0xFF,0x39,0xFF,0x39,0xFF,
    0x38,0xFF,0x38,0xFF,0xF7,0xFE,0xB3,0xE5,0xA8,0x7A,0x65,0x29,0xC7,0x31,0xC7,0x31,
    0xC7,0x31,0xC7,0x31,0xC7,0x31,0xC7,0x31,0xC7,0x31,0xC7,0x31,0xC7,0x31,0xC7,0x31,
    0xC7,0x31,0xC7,0x31,0xC7,0x31,0xC7,0x31,0xC7,0x31,0xC7,0x31,0xC7,0x31,0xC7,0x31,
    0xC7,0x31,0xC7,0x31,0xC7,0x31,0xC7,0x31,0xC7,0x31,0xC7,0x31,0xC7,0x31,0xC7,0x31,
    0xC7,0x31,0xC7,0x31,0xC7,0x31,0xC7,0x31,0xC7,0x31,0xC7,0x31,0xC7,0x31,0xC7,0x31,
    0xC7,0x31,0xC7,0x31,0xC7,0x31,0xC7,0x31,0xC7,0x31,0xC7,0x31,0xC7,0x31,0xC7,0x31,
    0xC7,0x31,0xC7,0x31,0xC7,0x31,0xC7,0x31,0xC7,0x31,0xC7,0x31,0xC7,0x31,0xC7,0x31,
    0xC7,0x31,0xC7,0x31,0xC7,0x31,0xC7,0x31,0xC7,0x31,0xC7,0x31,0xC7,0x31,0xC7,0x31,
    0xC7,0x31,0xC7,0x31,0xC7,0x31,0xC7,0x31,0xC7,0x31,0xC7,0x31,0xC7,0x31,0xC7,0x31,
    0xC7,0x31,0xC8,0x72,0x6D,0xBC,0xB3,0xD5,0xB7,0xF6,0x18,0xFF,0x35,0xEE,0xD8,0xFE,
    0x19,0xFF,0xB7,0xEE,0x16,0xDE,0x74,0xBD,0x90,0xAC,0x52,0xCD,0x56,0xEE,0xD1,0xB4,
    0x52,0xC5,0xB3,0xD5,0xF4,0xD5,0xD4,0xD5,0xB4,0xCD,0x12,0xBD,0xB0,0xAC,0x12,0xBD,
    0x70,0xA4,0x4E,0xA4,0x0D,0x9C,0xED,0x93,0xCC,0x8B,0xAC,0x8B,0xAC,0x8B,0x8C,0x83,
    0xAC,0x83,0xCC,0x8B,0xCD,0x8B,0x0E,0x9C,0x2E,0x9C,0x6F,0xA4,0xF0,0xB4,0x6E,0xA4,
    0x10,0xBD,0xF0,0xBC,0x11,0xC5,0x31,0xC5,0xCF,0xBC,0x4E,0xAC,0xAC,0x93,0xEF,0xC4,
    0x2D,0xAC,0x0E,0x9C,0x6B,0x8B,0xCF,0xC4,0xF3,0xDD,0x55,0xEE,0xB6,0xF6,0x75,0xEE,
    0x38,0xFF,0x59,0xFF,0xD7,0xF6,0x35,0xE6,0xAF,0xC4,0x47,0x5A,0xE8,0x31,0xC7,0x31,
    0xC7,0x31,0xC7,0x31,0xC7,0x31,0xC7,0x31,0xC7,0x31,0xC7,0x31,0xC7,0x31,0xC7,0x31,
    0xC7,0x31,0xC7,0x31,0xC7,0x31,0xC7,0x31,0xC7,0x31,0xC7,0x31,0xC7,0x31,0xC7,0x31,
    0xC7,0x31,0xC7,0x31,0xC7,0x31,0xC7,0x31,0xC7,0x31,0xC7,0x31,0xC7,0x31,0xC7,0x31,
    0xC7,0x31,0xC7,0x31,0xC7,0x31,0xC7,0x31,0xC7,0x31,0xC7,0x31,0xC7,0x31,0xC7,0x31,
    0xC7,0x31,0xC7,0x31,0xC7,0x31,0xC7,0x31,0xC7,0x31,0xC7,0x31,0xC7,0x31,0xC7,0x31,
    0xC7,0x31,0xC7,0x31,0xC7,0x31,0xC7,0x31,0xC7,0x31,0xC7,0x31,0xC7,0x31,0xC7,0x31,
    0xC7,0x31,0xC7,0x31,0xC7,0x31,0xC7,0x31,0xC7,0x31,0xC7,0x31,0xC7,0x31,0xC7,0x31,
    0xC7,0x31,0xC7,0x31,0xC7,0x31,0xC7,0x31,0xC7,0x31,0xC7,0x31,0xC7,0x31,0xC7,0x31,
    0x69,0x5A,0xEB,0xAB,0xB3,0xD5,0x19,0xEF,0x97,0xE6,0xEA,0x72,0x4C,0x7B,0xAD,0x8B,
    0xD4,0xD5,0xF5,0xDD,0xEB,0x6A,0xEF,0x7B,0x92,0x94,0xCE,0x8B,0x11,0xC5,0x53,0xC5,
    0x73,0xCD,0xB3,0xD5,0xF4,0xDD,0x55,0xE6,0xD0,0xAC,0xF3,0xA4,0x33,0xAD,0x11,0xBD,
    0x34,0xEE,0x55,0xEE,0x35,0xEE,0x55,0xEE,0x75,0xEE,0x96,0xF6,0x96,0xEE,0x96,0xEE,
    0x96,0xEE,0x96,0xEE,0x76,0xEE,0x76,0xEE,0x96,0xF6,0xF4,0xDD,0xD1,0xAC,0x74,0xB5,
    0xF1,0xAC,0x51,0xC5,0xF3,0xDD,0x92,0xD5,0x51,0xCD,0x11,0xBD,0xAF,0xAC,0x8E,0xB4,
    0x4B,0x73,0x51,0x84,0x4D,0x63,0x64,0x39,0xCF,0xC4,0xAF,0xBC,0x2A,0x7B,0x2B,0x6B,
    0x68,0x62,0x93,0xCD,0x19,0xFF,0xB8,0xEE,0x51,0xCD,0x28,0x8B,0x28,0x42,0xC7,0x31,
    0xC7,0x31,0xC7,0x31,0xC7,0x31,0xC7,0x31,0xC7,0x31,0xC7,0x31,0xC7,0x31,0xC7,0x31,
    0xC7,0x31,0xC7,0x31,0xC7,0x31,0xC7,0x31,0xC7,0x31,0xC7,0x31,0xC7,0x31,0xC7,0x31,
    0xC7,0x31,0xC7,0x31,0xC7,0x31,0xC7,0x31,0xC7,0x31,0xC7,0x31,0xC7,0x31,0xC7,0x31,
    0xC7,0x31,0xC7,0x31,0xC7,0x31,0xC7,0x31,0xC7,0x31,0xC7,0x31,0xC7,0x31,0xC7,0x31,
    0xC7,0x31,0xC7,0x31,0xC7,0x31,0xC7,0x31,0xC7,0x31,0xC7,0x31,0xC7,0x31,0xC7,0x31,
    0xC7,0x31,0xC7,0x31,0xC7,0x31,0xC7,0x31,0xC7,0x31,0xC7,0x31,0xC7,0x31,0xC7,0x31,
    0xC7,0x31,0xC7,0x31,0xC7,0x31,0xC7,0x31,0xC7,0x31,0xC7,0x31,0xC7,0x31,0xC7,0x31,
    0xC7,0x31,0xC7,0x31,0xC7,0x31,0xC7,0x31,0xC7,0x31,0xC7,0x31,0xC7,0x31,0x28,0x42,
    0xCC,0x9B,0x36,0xEE,0xDE,0xFF,0x9E,0xF7,0x0B,0x73,0x8A,0x52,0x18,0xBE,0xD3,0x9C,
    0x89,0x62,0x8B,0x8B,0xCA,0x62,0x24,0x29,0xA2,0x10,0x6C,0x6B,0xCC,0xA3,0xCE,0x8B,
    0x32,0xBD,0x96,0xF6,0xF4,0xDD,0x11,0xBD,0x75,0xB5,0xBB,0xD6,0xBB,0xD6,0x33,0xAD,
    0xB3,0xD5,0xF4,0xDD,0x96,0xF6,0xB6,0xF6,0xD7,0xF6,0xD7,0xF6,0xF8,0xF6,0xF8,0xF6,
    0xF8,0xF6,0xF7,0xF6,0xD7,0xF6,0xB7,0xF6,0x15,0xDE,0xD1,0xAC,0x18,0xBE,0xBB,0xD6,
    0x7A,0xCE,0xF1,0xAC,0xD3,0xD5,0x35,0xE6,0x55,0xEE,0x32,0xC5,0xF1,0xB4,0xAC,0x93,
    0xAA,0x5A,0x62,0x08,0xC7,0x31,0x8A,0x52,0x09,0x83,0xC9,0x72,0xB2,0x94,0xDB,0xD6,
    0x8A,0x4A,0x64,0x39,0x98,0xE6,0xBE,0xFF,0xBD,0xFF,0x92,0xD5,0x2A,0x83,0x29,0x42,
    0xC7,0x31,0xC7,0x31,0xC7,0x31,0xC7,0x31,0xC7,0x31,0xC7,0x31,0xC7,0x31,0xC7,0x31,
    0xC7,0x31,0xC7,0x31,0xC7,0x31,0xC7,0x31,0xC7,0x31,0xC7,0x31,0xC7,0x31,0xC7,0x31,
    0xC7,0x31,0xC7,0x31,0xC7,0x31,0xC7,0x31,0xC7,0x31,0xC7,0x31,0xC7,0x31,0xC7,0x31,
    0xC7,0x31,0xC7,0x31,0xC7,0x31,0xC7,0x31,0xC7,0x31,0xC7,0x31,0xC7,0x31,0xC7,0x31,
    0xC7,0x31,0xC7,0x31,0xC7,0x31,0xC7,0x31,0xC7,0x31,0xC7,0x31,0xC7,0x31,0xC7,0x31,
    0xC7,0x31,0xC7,0x31,0xC7,0x31,0xC7,0x31,0xC7,0x31,0xC7,0x31,0xC7,0x31,0xC7,0x31,
    0xC7,0x31,0xC7,0x31,0xC7,0x31,0xC7,0x31,0xC7,0x31,0xC7,0x31,0xC7,0x31,0xC7,0x31,
    0xC7,0x31,0xC7,0x31,0xC7,0x31,0xC7,0x31,0xC7,0x31,0xC7,0x31,0xC7,0x31,0x68,0x52,
    0x4E,0xAC,0x78,0xEE,0x5C,0xFF,0x98,0xDE,0xA9,0x6A,0xE8,0x39,0x41,0x00,0xC7,0x31,
    0xA9,0x62,0xF1,0xBC,0x6C,0x7B,0xE4,0x20,0xE3,0x18,0xC9,0x6A,0x8F,0xBC,0xF9,0xEE,
    0xF8,0xF6,0x19,0xFF,0x39,0xFF,0x56,0xDE,0x1B,0xE7,0xB2,0x8C,0xF3,0x94,0x58,0xCE,
    0x97,0xE6,0x3A,0xFF,0x5A,0xFF,0x5A,0xFF,0x7A,0xFF,0x7B,0xFF,0x7B,0xFF,0x7B,0xFF,
    0x7B,0xFF,0x7B,0xFF,0x7B,0xFF,0x7B,0xFF,0x1A,0xF7,0x17,0xCE,0x9A,0xCE,0xF0,0x7B,
    0xD7,0xB5,0xF5,0xC5,0x97,0xE6,0xF8,0xF6,0x18,0xFF,0x56,0xE6,0xF4,0xD5,0x0C,0xA4,
    0x0C,0x6B,0x00,0x00,0xAB,0x52,0x2C,0x73,0x4E,0xA4,0xEA,0x6A,0xE7,0x39,0xA2,0x10,
    0x0C,0x53,0x07,0x4A,0xF1,0xB4,0xFB,0xE6,0xFF,0xFF,0xB8,0xF6,0xEC,0x9B,0x28,0x4A,
    0xC7,0x31,0xC7,0x31,0xC7,0x31,0xC7,0x31,0xC7,0x31,0xC7,0x31,0xC7,0x31,0xC7,0x31,
    0xC7,0x31,0xC7,0x31,0xC7,0x31,0xC7,0x31,0xC7,0x31,0xC7,0x31,0xC7,0x31,0xC7,0x31,
    0xC7,0x31,0xC7,0x31,0xC7,0x31,0xC7,0x31,0xC7,0x31,0xC7,0x31,0xC7,0x31,0xC7,0x31,
    0xC7,0x31,0xC7,0x31,0xC7,0x31,0xC7,0x31,0xC7,0x31,0xC7,0x31,0xC7,0x31,0xC7,0x31,
    0xC7,0x31,0xC7,0x31,0xC7,0x31,0xC7,0x31,0xC7,0x31,0xC7,0x31,0xC7,0x31,0xC7,0x31,
    0xC7,0x31,0xC7,0x31,0xC7,0x31,0xC7,0x31,0xC7,0x31,0xC7,0x31,0xC7,0x31,0xC7,0x31,
    0xC7,0x31,0xC7,0x31,0xC7,0x31,0xC7,0x31,0xC7,0x31,0xC7,0x31,0xC7,0x31,0xC7,0x31,
    0xC7,0x31,0xC7,0x31,0xC7,0x31,0xC7,0x31,0xC7,0x31,0xC7,0x31,0xC7,0x31,0xC9,0x62,
    0x2D,0xAC,0x16,0xE6,0x37,0xDE,0xD2,0xA4,0x6F,0xAC,0xEB,0x62,0x62,0x08,0x69,0x52,
    0xED,0x9B,0x3A,0xF7,0xF1,0xBC,0x48,0x52,0x03,0x31,0xC8,0x82,0xD8,0xF6,0xBC,0xFF,
    0x7B,0xFF,0x7B,0xFF,0x9B,0xFF,0x5B,0xFF,0xB5,0xBD,0x8D,0x6B,0x0C,0x5B,0x0E,0x94,
    0x3A,0xF7,0xDD,0xFF,0xBC,0xFF,0xBD,0xFF,0xDD,0xFF,0xDE,0xFF,0xDD,0xFF,0xDD,0xFF,
    0xDD,0xFF,0xDD,0xFF,0xDD,0xFF,0xDD,0xFF,0xFE,0xFF,0x37,0xDE,0x51,0x8C,0x0C,0x53,
    0xAE,0x73,0x36,0xD6,0xDD,0xFF,0x9B,0xFF,0x7B,0xFF,0x7B,0xFF,0xBB,0xFF,0x14,0xE6,
    0x88,0x6A,0x04,0x29,0x89,0x62,0xEC,0x9B,0x76,0xEE,0xCD,0x93,0xC7,0x31,0x82,0x08,
    0xEF,0x83,0x2B,0x7B,0xB4,0xC5,0xB8,0xE6,0x9C,0xFF,0x77,0xE6,0x2D,0xA4,0xA9,0x5A,
    0xC7,0x31,0xC7,0x31,0xC7,0x31,0xC7,0x31,0xC7,0x31,0xC7,0x31,0xC7,0x31,0xC7,0x31,
    0xC7,0x31,0xC7,0x31,0xC7,0x31,0xC7,0x31,0xC7,0x31,0xC7,0x31,0xC7,0x31,0xC7,0x31,
    0xC7,0x31,0xC7,0x31,0xC7,0x31,0xC7,0x31,0xC7,0x31,0xC7,0x31,0xC7,0x31,0xC7,0x31,
    0xC7,0x31,0xC7,0x31,0xC7,0x31,0xC7,0x31,0xC7,0x31,0xC7,0x31,0xC7,0x31,0xC7,0x31,
    0xC7,0x31,0xC7,0x31,0xC7,0x31,0xC7,0x31,0xC7,0x31,0xC7,0x31,0xC7,0x31,0xC7,0x31,
    0xC7,0x31,0xC7,0x31,0xC7,0x31,0xC7,0x31,0xC7,0x31,0xC7,0x31,0xC7,0x31,0xC7,0x31,
    0xC7,0x31,0xC7,0x31,0xC7,0x31,0xC7,0x31,0xC7,0x31,0xC7,0x31,0xC7,0x31,0xC7,0x31,
    0xC7,0x31,0xC7,0x31,0xC7,0x31,0xC7,0x31,0xC7,0x31,0xC7,0x31,0xC7,0x31,0xC9,0x6A,
    0x2D,0xAC,0x72,0xD5,0x55,0xE6,0xF8,0xF6,0xB7,0xEE,0x6F,0xAC,0x47,0x5A,0x47,0x6A,
    0x35,0xE6,0xDC,0xFF,0x9A,0xFF,0xF4,0xD5,0x6E,0xB4,0x55,0xEE,0x9B,0xFF,0x7B,0xFF,
    0x7B,0xFF,0x7B,0xFF,0x7B,0xFF,0x7B,0xF7,0x72,0xCD,0x67,0x6A,0x05,0x62,0x2D,0xAC,
    0xD8,0xEE,0x1A,0xF7,0x3A,0xF7,0x3A,0xF7,0x3A,0xF7,0x3B,0xF7,0x3B,0xF7,0x3B,0xF7,
    0x3B,0xF7,0x3B,0xF7,0x3B,0xF7,0x3B,0xF7,0x5B,0xF7,0x77,0xE6,0x09,0x83,0xC5,0x51,
    0x09,0x83,0xB8,0xEE,0x7C,0xFF,0x7C,0xFF,0x9B,0xFF,0x7B,0xFF,0x7B,0xFF,0xBB,0xFF,
    0xF3,0xDD,0x0C,0xA4,0xF0,0xBC,0x18,0xFF,0xFC,0xFF,0xD3,0xD5,0x27,0x5A,0x06,0x52,
    0x6B,0x83,0x36,0xDE,0xD5,0xC5,0x15,0xD6,0xF9,0xFE,0x15,0xE6,0x2D,0xAC,0xEA,0x6A,
    0x4A,0x3A,0xC7,0x31,0xC7,0x31,0xC7,0x31,0xC7,0x31,0xC7,0x31,0xC7,0x31,0xC7,0x31,
    0xC7,0x31,0xC7,0x31,0xC7,0x31,0xC7,0x31,0xC7,0x31,0xC7,0x31,0xC7,0x31,0xC7,0x31,
    0xC7,0x31,0xC7,0x31,0xC7,0x31,0xC7,0x31,0xC7,0x31,0xC7,0x31,0xC7,0x31,0xC7,0x31,
    0xC7,0x31,0xC7,0x31,0xC7,0x31,0xC7,0x31,0xC7,0x31,0xC7,0x31,0xC7,0x31,0xC7,0x31,
    0xC7,0x31,0xC7,0x31,0xC7,0x31,0xC7,0x31,0xC7,0x31,0xC7,0x31,0xC7,0x31,0xC7,0x31,
    0xC7,0x31,0xC7,0x31,0xC7,0x31,0xC7,0x31,0xC7,0x31,0xC7,0x31,0xC7,0x31,0xC7,0x31,
    0xC7,0x31,0xC7,0x31,0xC7,0x31,0xC7,0x31,0xC7,0x31,0xC7,0x31,0xC7,0x31,0xC7,0x31,
    0xC7,0x31,0xC7,0x31,0xC7,0x31,0xC7,0x31,0xC7,0x31,0xC7,0x31,0x69,0x4A,0x8C,0x8B,
    0xEC,0xAB,0xD0,0xC4,0xB7,0xF6,0xBA,0xFF,0xDB,0xFF,0xBB,0xFF,0xD8,0xF6,0xD8,0xF6,
    0x5A,0xFF,0x3A,0xFF,0x3A,0xFF,0x5A,0xFF,0x1A,0xFF,0xD8,0xEE,0x98,0xEE,0x97,0xEE,
    0x97,0xE6,0x77,0xE6,0x36,0xE6,0xF4,0xDD,0x32,0xC5,0x6F,0xB4,0x2D,0xAC,0x4E,0xAC,
    0x4E,0xAC,0x8F,0xB4,0x31,0xC5,0x93,0xD5,0x73,0xD5,0x32,0xCD,0x31,0xD5,0x32,0xCD,
    0x52,0xCD,0x93,0xCD,0x52,0xC5,0xF1,0xBC,0x8F,0xAC,0x4E,0xAC,0x0D,0xA4,0xCB,0x9B,
    0x2D,0xA4,0x72,0xCD,0x15,0xDE,0x35,0xE6,0x15,0xE6,0xF4,0xDD,0xF4,0xDD,0xF5,0xE5,
    0x35,0xE6,0x55,0xEE,0xB7,0xF6,0xB7,0xF6,0xB7,0xF6,0x38,0xFF,0x54,0xEE,0xF4,0xE5,
    0x18,0xFF,0xDC,0xFF,0xBB,0xFF,0x59,0xFF,0x36,0xE6,0x93,0xD5,0x4D,0xAC,0x2A,0x7B,
    0x6A,0x4A,0xC7,0x31,0xC7,0x31,0xC7,0x31,0xC7,0x31,0xC7,0x31,0xC7,0x31,0xC7,0x31,
    0xC7,0x31,0xC7,0x31,0xC7,0x31,0xC7,0x31,0xC7,0x31,0xC7,0x31,0xC7,0x31,0xC7,0x31,
    0xC7,0x31,0xC7,0x31,0xC7,0x31,0xC7,0x31,0xC7,0x31,0xC7,0x31,0xC7,0x31,0xC7,0x31,
    0xC7,0x31,0xC7,0x31,0xC7,0x31,0xC7,0x31,0xC7,0x31,0xC7,0x31,0xC7,0x31,0xC7,0x31,
    0xC7,0x31,0xC7,0x31,0xC7,0x31,0xC7,0x31,0xC7,0x31,0xC7,0x31,0xC7,0x31,0xC7,0x31,
    0xC7,0x31,0xC7,0x31,0xC7,0x31,0xC7,0x31,0xC7,0x31,0xC7,0x31,0xC7,0x31,0xC7,0x31,
    0xC7,0x31,0xC7,0x31,0xC7,0x31,0xC7,0x31,0xC7,0x31,0xC7,0x31,0xC7,0x31,0xC7,0x31,
    0xC7,0x31,0xC7,0x31,0xC7,0x31,0xC7,0x31,0xC7,0x31,0xC7,0x31,0x0C,0x5B,0x8B,0x93,
    0xCB,0xA3,0x97,0xEE,0xD6,0xBD,0x2F,0x84,0xAE,0x73,0x6D,0x6B,0x2C,0x63,0xCB,0x5A,
    0x8A,0x4A,0x49,0x42,0x08,0x42,0x08,0x42,0x08,0x3A,0xE7,0x39,0xE7,0x39,0xE8,0x41,
    0x28,0x42,0x49,0x4A,0x8A,0x52,0xCE,0x8B,0x93,0xCD,0x52,0xCD,0xF1,0xBC,0xD0,0xBC,
    0x31,0xC5,0xCD,0x83,0x28,0x5A,0x8D,0x9B,0x89,0x82,0xAA,0x72,0x4C,0x9B,0x4C,0x93,
    0xAD,0xA3,0x4C,0x93,0x6C,0x83,0xF1,0xBC,0xD0,0xBC,0xAF,0xB4,0xAF,0xB4,0x8F,0xAC,
    0x52,0xC5,0xB0,0xAC,0x0B,0x6B,0x89,0x52,0x28,0x4A,0x07,0x42,0xE6,0x41,0xC6,0x39,
    0xC6,0x39,0xC6,0x39,0xC6,0x41,0xE7,0x41,0x07,0x42,0x47,0x4A,0xC9,0x62,0x0B,0x6B,
    0x2B,0x73,0x6C,0x7B,0xCE,0x8B,0x53,0xBD,0x97,0xF6,0x72,0xCD,0x4D,0xAC,0x4A,0x8B,
    0x8A,0x4A,0xC7,0x31,0xC7,0x31,0xC7,0x31,0xC7,0x31,0xC7,0x31,0xC7,0x31,0xC7,0x31,
    0xC7,0x31,0xC7,0x31,0xC7,0x31,0xC7,0x31,0xC7,0x31,0xC7,0x31,0xC7,0x31,0xC7,0x31,
    0xC7,0x31,0xC7,0x31,0xC7,0x31,0xC7,0x31,0xC7,0x31,0xC7,0x31,0xC7,0x31,0xC7,0x31,
    0xC7,0x31,0xC7,0x31,0xC7,0x31,0xC7,0x31,0xC7,0x31,0xC7,0x31,0xC7,0x31,0xC7,0x31,
    0xC7,0x31,0xC7,0x31,0xC7,0x31,0xC7,0x31,0xC7,0x31,0xC7,0x31,0xC7,0x31,0xC7,0x31,
    0xC7,0x31,0xC7,0x31,0xC7,0x31,0xC7,0x31,0xC7,0x31,0xC7,0x31,0xC7,0x31,0xC7,0x31,
    0xC7,0x31,0xC7,0x31,0xC7,0x31,0xC7,0x31,0xC7,0x31,0xC7,0x31,0xC7,0x31,0xC7,0x31,
    0xC7,0x31,0xC7,0x31,0xC7,0x31,0xC7,0x31,0xC7,0x31,0xC7,0x31,0x49,0x4A,0xE8,0x8A,
    0xD4,0xDD,0x95,0xB5,0x87,0x29,0x25,0x19,0xA3,0x10,0x62,0x08,0x41,0x00,0x21,0x00,
    0x00,0x00,0x00,0x00,0x00,0x00,0x00,0x00,0x00,0x00,0x00,0x00,0x20,0x00,0x41,0x00,
    0x41,0x00,0x41,0x00,0x20,0x00,0x00,0x00,0xA6,0x31,0xB1,0xAC,0x93,0xD5,0x11,0xBD,
    0x31,0xCD,0xCA,0x9A,0x07,0x5A,0xC6,0x39,0x89,0x52,0xAA,0x5A,0xEB,0x5A,0xEA,0x62,
    0xEA,0x62,0x69,0x5A,0xC6,0x41,0xB0,0xB4,0xF0,0xBC,0x8F,0xAC,0xD0,0xB4,0x11,0xBD,
    0xEA,0x6A,0x61,0x08,0x00,0x00,0x00,0x00,0x00,0x00,0x00,0x00,0x00,0x00,0x00,0x00,
    0x00,0x00,0x00,0x00,0x00,0x00,0x00,0x00,0x00,0x00,0x00,0x00,0x00,0x00,0x00,0x00,
    0x00,0x00,0x00,0x00,0x00,0x00,0x41,0x00,0xEE,0x8B,0x56,0xE6,0x4E,0xAC,0x6B,0x93,
    0xCB,0x5A,0xC7,0x31,0xC7,0x31,0xC7,0x31,0xC7,0x31,0xC7,0x31,0xC7,0x31,0xC7,0x31,
    0xC7,0x31,0xC7,0x31,0xC7,0x31,0xC7,0x31,0xC7,0x31,0xC7,0x31,0xC7,0x31,0xC7,0x31,
    0xC7,0x31,0xC7,0x31,0xC7,0x31,0xC7,0x31,0xC7,0x31,0xC7,0x31,0xC7,0x31,0xC7,0x31,
    0xC7,0x31,0xC7,0x31,0xC7,0x31,0xC7,0x31,0xC7,0x31,0xC7,0x31,0xC7,0x31,0xC7,0x31,
    0xC7,0x31,0xC7,0x31,0xC7,0x31,0xC7,0x31,0xC7,0x31,0xC7,0x31,0xC7,0x31,0xC7,0x31,
    0xC7,0x31,0xC7,0x31,0xC7,0x31,0xC7,0x31,0xC7,0x31,0xC7,0x31,0xC7,0x31,0xC7,0x31,
    0xC7,0x31,0xC7,0x31,0xC7,0x31,0xC7,0x31,0xC7,0x31,0xC7,0x31,0xC7,0x31,0xC7,0x31,
    0xC7,0x31,0xC7,0x31,0xC7,0x31,0xC7,0x31,0xC7,0x31,0xC7,0x31,0x8A,0x5A,0x8B,0x9B,
    0x78,0xDE,0xCB,0x52,0x05,0x19,0x21,0x00,0x00,0x00,0x00,0x00,0x00,0x00,0x00,0x00,
    0x00,0x00,0x00,0x00,0x00,0x00,0x00,0x00,0x00,0x00,0x00,0x00,0x00,0x00,0x00,0x00,
    0x21,0x00,0x82,0x08,0xA3,0x08,0x82,0x08,0x00,0x00,0x41,0x00,0x0B,0x6B,0x33,0xBD,
    0x52,0xCD,0xF1,0xC4,0x32,0xC5,0x11,0xBD,0xF1,0xB4,0x11,0xBD,0x11,0xBD,0xD0,0xB4,
    0xB0,0xAC,0xF1,0xBC,0xD0,0xB4,0xD0,0xBC,0xF0,0xBC,0x11,0xBD,0x0E,0x94,0x24,0x21,
    0x00,0x00,0x21,0x00,0x41,0x00,0x41,0x00,0x20,0x00,0x00,0x00,0x00,0x00,0x00,0x00,
    0x00,0x00,0x00,0x00,0x00,0x00,0x00,0x00,0x00,0x00,0x00,0x00,0x00,0x00,0x00,0x00,
    0x00,0x00,0x00,0x00,0x00,0x00,0x00,0x00,0xC3,0x10,0xB4,0xCD,0xD0,0xBC,0x8B,0x93,
    0x0C,0x6B,0xC7,0x31,0xC7,0x31,0xC7,0x31,0xC7,0x31,0xC7,0x31,0xC7,0x31,0xC7,0x31,
    0xC7,0x31,0xC7,0x31,0xC7,0x31,0xC7,0x31,0xC7,0x31,0xC7,0x31,0xC7,0x31,0xC7,0x31,
    0xC7,0x31,0xC7,0x31,0xC7,0x31,0xC7,0x31,0xC7,0x31,0xC7,0x31,0xC7,0x31,0xC7,0x31,
    0xC7,0x31,0xC7,0x31,0xC7,0x31,0xC7,0x31,0xC7,0x31,0xC7,0x31,0xC7,0x31,0xC7,0x31,
    0xC7,0x31,0xC7,0x31,0xC7,0x31,0xC7,0x31,0xC7,0x31,0xC7,0x31,0xC7,0x31,0xC7,0x31,
    0xC7,0x31,0xC7,0x31,0xC7,0x31,0xC7,0x31,0xC7,0x31,0xC7,0x31,0xC7,0x31,0xC7,0x31,
    0xC7,0x31,0xC7,0x31,0xC7,0x31,0xC7,0x31,0xC7,0x31,0xC7,0x31,0xC7,0x31,0xC7,0x31,
    0xC7,0x31,0xC7,0x31,0xC7,0x31,0xC7,0x31,0xC7,0x31,0xC7,0x31,0x89,0x5A,0xAE,0xBC,
    0x17,0xC6,0xC8,0x31,0x01,0x00,0x20,0x00,0x20,0x00,0x20,0x00,0x00,0x00,0x00,0x00,
    0x00,0x00,0x00,0x00,0x00,0x00,0x21,0x00,0x62,0x08,0x00,0x00,0x00,0x00,0x00,0x00,
    0x00,0x00,0x20,0x00,0x82,0x08,0xA3,0x10,0x82,0x08,0x41,0x00,0x00,0x00,0x87,0x31,
    0x8D,0x73,0xAD,0x7B,0xAD,0x83,0xCE,0x83,0xCE,0x8B,0xCE,0x8B,0xEE,0x8B,0xCE,0x8B,
    0xCD,0x83,0x8C,0x7B,0x8D,0x83,0x8C,0x7B,0xAD,0x83,0xAA,0x52,0x62,0x00,0x00,0x00,
    0x41,0x00,0x62,0x00,0x61,0x00,0x00,0x00,0x00,0x00,0x00,0x00,0x00,0x00,0x20,0x00,
    0x20,0x00,0x82,0x08,0x41,0x00,0x41,0x00,0x21,0x00,0x41,0x00,0x41,0x00,0x00,0x00,
    0x00,0x00,0x00,0x00,0x00,0x00,0x00,0x00,0x20,0x00,0x4F,0x94,0x93,0xCD,0xAB,0x93,
    0x2C,0x6B,0xC7,0x31,0xC7,0x31,0xC7,0x31,0xC7,0x31,0xC7,0x31,0xC7,0x31,0xC7,0x31,
    0xC7,0x31,0xC7,0x31,0xC7,0x31,0xC7,0x31,0xC7,0x31,0xC7,0x31,0xC7,0x31,0xC7,0x31,
    0xC7,0x31,0xC7,0x31,0xC7,0x31,0xC7,0x31,0xC7,0x31,0xC7,0x31,0xC7,0x31,0xC7,0x31,
    0xC7,0x31,0xC7,0x31,0xC7,0x31,0xC7,0x31,0xC7,0x31,0xC7,0x31,0xC7,0x31,0xC7,0x31,
    0xC7,0x31,0xC7,0x31,0xC7,0x31,0xC7,0x31,0xC7,0x31,0xC7,0x31,0xC7,0x31,0xC7,0x31,
    0xC7,0x31,0xC7,0x31,0xC7,0x31,0xC7,0x31,0xC7,0x31,0xC7,0x31,0xC7,0x31,0xC7,0x31,
    0xC7,0x31,0xC7,0x31,0xC7,0x31,0xC7,0x31,0xC7,0x31,0xC7,0x31,0xC7,0x31,0xC7,0x31,
    0xC7,0x31,0xC7,0x31,0xC7,0x31,0xC7,0x31,0xC7,0x31,0xC7,0x31,0xEA,0x6A,0x31,0xCD,
    0xD6,0xBD,0x66,0x21,0x00,0x00,0x20,0x00,0x20,0x00,0x41,0x00,0x20,0x00,0x00,0x00,
    0x00,0x00,0x20,0x00,0x21,0x00,0x61,0x08,0x82,0x08,0x00,0x00,0x00,0x00,0x00,0x00,
    0x00,0x00,0x00,0x00,0x20,0x00,0x82,0x08,0xA3,0x10,0x62,0x08,0x62,0x08,0x21,0x00,
    0x42,0x00,0x83,0x08,0x82,0x08,0x0B,0x8A,0xA9,0x69,0xC3,0x10,0xE3,0x10,0xC3,0x10,
    0xC5,0x31,0x6D,0x9D,0x85,0x29,0x04,0x19,0x83,0x00,0x21,0x00,0x21,0x00,0x61,0x00,
    0x61,0x00,0x62,0x08,0x20,0x00,0x00,0x00,0x00,0x00,0x00,0x00,0x41,0x00,0x41,0x00,
    0x61,0x00,0xE3,0x10,0x82,0x08,0xA2,0x08,0xA2,0x08,0x62,0x08,0x41,0x08,0x41,0x00,
    0x21,0x00,0x20,0x00,0x20,0x00,0x20,0x00,0x00,0x00,0x8D,0x7B,0xD4,0xD5,0xCB,0x93,
    0x0B,0x6B,0xC7,0x31,0xC7,0x31,0xC7,0x31,0xC7,0x31,0xC7,0x31,0xC7,0x31,0xC7,0x31,
    0xC7,0x31,0xC7,0x31,0xC7,0x31,0xC7,0x31,0xC7,0x31,0xC7,0x31,0xC7,0x31,0xC7,0x31,
    0xC7,0x31,0xC7,0x31,0xC7,0x31,0xC7,0x31,0xC7,0x31,0xC7,0x31,0xC7,0x31,0xC7,0x31,
    0xC7,0x31,0xC7,0x31,0xC7,0x31,0xC7,0x31,0xC7,0x31,0xC7,0x31,0xC7,0x31,0xC7,0x31,
    0xC7,0x31,0xC7,0x31,0xC7,0x31,0xC7,0x31,0xC7,0x31,0xC7,0x31,0xC7,0x31,0xC7,0x31,
    0xC7,0x31,0xC7,0x31,0xC7,0x31,0xC7,0x31,0xC7,0x31,0xC7,0x31,0xC7,0x31,0xC7,0x31,
    0xC7,0x31,0xC7,0x31,0xC7,0x31,0xC7,0x31,0xC7,0x31,0xC7,0x31,0xC7,0x31,0xC7,0x31,
    0xC7,0x31,0xC7,0x31,0xC7,0x31,0xC7,0x31,0xC7,0x31,0xC7,0x31,0xE9,0x72,0x92,0xD5,
    0xD6,0xBD,0x66,0x21,0x00,0x00,0x41,0x00,0x41,0x00,0x20,0x00,0x00,0x00,0x00,0x00,
    0x00,0x00,0x00,0x00,0x00,0x00,0x00,0x00,0x20,0x00,0x00,0x00,0x00,0x00,0x00,0x00,
    0x00,0x00,0x00,0x00,0x20,0x00,0x20,0x00,0xC3,0x10,0x82,0x08,0x82,0x08,0x82,0x08,
    0x62,0x08,0xA3,0x08,0xA3,0x10,0xA3,0x20,0xA3,0x18,0xA2,0x10,0xA3,0x10,0x83,0x08,
    0xC3,0x10,0x85,0x29,0xC2,0x08,0xA3,0x08,0x62,0x00,0x41,0x00,0x61,0x00,0x61,0x00,
    0x82,0x08,0x21,0x00,0x00,0x00,0x00,0x00,0x00,0x00,0x00,0x00,0x20,0x00,0x20,0x00,
    0x20,0x00,0x41,0x00,0x41,0x00,0x41,0x00,0x41,0x00,0x41,0x00,0x20,0x00,0x20,0x00,
    0x41,0x00,0x41,0x00,0x41,0x00,0x41,0x00,0x21,0x00,0x4C,0x73,0xF5,0xDD,0xCC,0x9B,
    0x2C,0x73,0xC7,0x31,0xC7,0x31,0xC7,0x31,0xC7,0x31,0xC7,0x31,0xC7,0x31,0xC7,0x31,
    0xC7,0x31,0xC7,0x31,0xC7,0x31,0xC7,0x31,0xC7,0x31,0xC7,0x31,0xC7,0x31,0xC7,0x31,
    0xC7,0x31,0xC7,0x31,0xC7,0x31,0xC7,0x31,0xC7,0x31,0xC7,0x31,0xC7,0x31,0xC7,0x31,
    0xC7,0x31,0xC7,0x31,0xC7,0x31,0xC7,0x31,0xC7,0x31,0xC7,0x31,0xC7,0x31,0xC7,0x31,
    0xC7,0x31,0xC7,0x31,0xC7,0x31,0xC7,0x31,0xC7,0x31,0xC7,0x31,0xC7,0x31,0xC7,0x31,
    0xC7,0x31,0xC7,0x31,0xC7,0x31,0xC7,0x31,0xC7,0x31,0xC7,0x31,0xC7,0x31,0xC7,0x31,
    0xC7,0x31,0xC7,0x31,0xC7,0x31,0xC7,0x31,0xC7,0x31,0xC7,0x31,0xC7,0x31,0xC7,0x31,
    0xC7,0x31,0xC7,0x31,0xC7,0x31,0xC7,0x31,0xC7,0x31,0xC7,0x31,0x0A,0x7B,0xB3,0xD5,
    0xF7,0xBD,0x66,0x21,0x00,0x00,0x41,0x00,0x41,0x00,0x00,0x00,0x00,0x00,0x00,0x00,
    0x00,0x00,0x00,0x00,0x00,0x00,0x00,0x00,0x00,0x00,0x00,0x00,0x00,0x00,0x00,0x00,
    0x00,0x00,0x00,0x00,0x00,0x00,0x20,0x00,0x61,0x00,0xA3,0x10,0x82,0x08,0x82,0x08,
    0x82,0x08,0x82,0x08,0x82,0x08,0x82,0x08,0x62,0x08,0x83,0x08,0x82,0x08,0x82,0x08,
    0x62,0x08,0x42,0x08,0x62,0x08,0x61,0x00,0x62,0x00,0x62,0x00,0x62,0x00,0x62,0x08,
    0x61,0x08,0x00,0x00,0x20,0x00,0x00,0x00,0x00,0x00,0x00,0x00,0x00,0x00,0x00,0x00,
    0x00,0x00,0x00,0x00,0x00,0x00,0x00,0x00,0x00,0x00,0x00,0x00,0x00,0x00,0x00,0x00,
    0x41,0x00,0x61,0x08,0x61,0x00,0x61,0x00,0x21,0x00,0x2C,0x73,0x16,0xDE,0xEC,0x9B,
    0x2B,0x7B,0xC7,0x31,0xC7,0x31,0xC7,0x31,0xC7,0x31,0xC7,0x31,0xC7,0x31,0xC7,0x31,
    0xC7,0x31,0xC7,0x31,0xC7,0x31,0xC7,0x31,0xC7,0x31,0xC7,0x31,0xC7,0x31,0xC7,0x31,
    0xC7,0x31,0xC7,0x31,0xC7,0x31,0xC7,0x31,0xC7,0x31,0xC7,0x31,0xC7,0x31,0xC7,0x31,
    0xC7,0x31,0xC7,0x31,0xC7,0x31,0xC7,0x31,0xC7,0x31,0xC7,0x31,0xC7,0x31,0xC7,0x31,
    0xC7,0x31,0xC7,0x31,0xC7,0x31,0xC7,0x31,0xC7,0x31,0xC7,0x31,0xC7,0x31,0xC7,0x31,
    0xC7,0x31,0xC7,0x31,0xC7,0x31,0xC7,0x31,0xC7,0x31,0xC7,0x31,0xC7,0x31,0xC7,0x31,
    0xC7,0x31,0xC7,0x31,0xC7,0x31,0xC7,0x31,0xC7,0x31,0xC7,0x31,0xC7,0x31,0xC7,0x31,
    0xC7,0x31,0xC7,0x31,0xC7,0x31,0xC7,0x31,0xC7,0x31,0xC7,0x31,0x09,0x7B,0xD4,0xDD,
    0x38,0xCE,0x66,0x29,0x00,0x00,0x40,0x00,0x40,0x00,0x00,0x00,0x20,0x00,0xC3,0x18,
    0xC3,0x18,0xA2,0x10,0x41,0x08,0x41,0x08,0x62,0x08,0x61,0x08,0x41,0x08,0x41,0x08,
    0x41,0x08,0x00,0x00,0x00,0x00,0x20,0x00,0x41,0x00,0xA2,0x10,0x82,0x08,0x82,0x08,
    0x82,0x08,0x82,0x08,0xA3,0x10,0x83,0x08,0x82,0x08,0x83,0x08,0x83,0x08,0x82,0x08,
    0x83,0x08,0x82,0x08,0x83,0x08,0x61,0x00,0x61,0x00,0x61,0x00,0x61,0x00,0x62,0x08,
    0x00,0x00,0x00,0x00,0x21,0x00,0x00,0x00,0x00,0x00,0x20,0x00,0x20,0x00,0x00,0x00,
    0x21,0x00,0x41,0x08,0x41,0x08,0x20,0x00,0x41,0x08,0x41,0x08,0x41,0x08,0x00,0x00,
    0x00,0x00,0x61,0x08,0x62,0x08,0x62,0x00,0x21,0x00,0x6D,0x7B,0x57,0xE6,0x2D,0xA4,
    0x2B,0x7B,0xC7,0x31,0xC7,0x31,0xC7,0x31,0xC7,0x31,0xC7,0x31,0xC7,0x31,0xC7,0x31,
    0xC7,0x31,0xC7,0x31,0xC7,0x31,0xC7,0x31,0xC7,0x31,0xC7,0x31,0xC7,0x31,0xC7,0x31,
    0xC7,0x31,0xC7,0x31,0xC7,0x31,0xC7,0x31,0xC7,0x31,0xC7,0x31,0xC7,0x31,0xC7,0x31,
    0xC7,0x31,0xC7,0x31,0xC7,0x31,0xC7,0x31,0xC7,0x31,0xC7,0x31,0xC7,0x31,0xC7,0x31,
    0xC7,0x31,0xC7,0x31,0xC7,0x31,0xC7,0x31,0xC7,0x31,0xC7,0x31,0xC7,0x31,0xC7,0x31,
    0xC7,0x31,0xC7,0x31,0xC7,0x31,0xC7,0x31,0xC7,0x31,0xC7,0x31,0xC7,0x31,0xC7,0x31,
    0xC7,0x31,0xC7,0x31,0xC7,0x31,0xC7,0x31,0xC7,0x31,0xC7,0x31,0xC7,0x31,0xC7,0x31,
    0xC7,0x31,0xC7,0x31,0xC7,0x31,0xC7,0x31,0xC7,0x31,0xC7,0x31,0x4A,0x8B,0xF4,0xDD,
    0x78,0xD6,0x87,0x29,0x00,0x00,0x21,0x00,0x62,0x08,0xC3,0x10,0x65,0x29,0x8A,0x52,
    0xA2,0x10,0x82,0x10,0x08,0x42,0xC7,0x31,0x82,0x10,0x62,0x08,0x82,0x08,0x61,0x08,
    0x62,0x08,0xE8,0x39,0x04,0x21,0xE3,0x18,0xA2,0x08,0xA2,0x10,0x82,0x08,0x82,0x08,
    0x82,0x08,0x82,0x08,0x62,0x08,0x62,0x00,0x62,0x08,0x62,0x00,0x41,0x00,0x41,0x00,
    0x62,0x00,0x61,0x00,0x41,0x00,0x41,0x00,0x61,0x00,0x41,0x00,0x61,0x00,0x61,0x00,
    0x00,0x00,0x41,0x00,0x82,0x10,0xC3,0x18,0x65,0x29,0x20,0x00,0x00,0x00,0xE4,0x18,
    0xC3,0x18,0xA2,0x10,0xE3,0x18,0x25,0x21,0x41,0x08,0x41,0x08,0x28,0x42,0x65,0x29,
    0xC3,0x18,0xA2,0x10,0x62,0x08,0x82,0x08,0x21,0x00,0xAE,0x83,0xB8,0xEE,0x4E,0xAC,
    0x4B,0x7B,0xC7,0x31,0xC7,0x31,0xC7,0x31,0xC7,0x31,0xC7,0x31,0xC7,0x31,0xC7,0x31,
    0xC7,0x31,0xC7,0x31,0xC7,0x31,0xC7,0x31,0xC7,0x31,0xC7,0x31,0xC7,0x31,0xC7,0x31,
    0xC7,0x31,0xC7,0x31,0xC7,0x31,0xC7,0x31,0xC7,0x31,0xC7,0x31,0xC7,0x31,0xC7,0x31,
    0xC7,0x31,0xC7,0x31,0xC7,0x31,0xC7,0x31,0xC7,0x31,0xC7,0x31,0xC7,0x31,0xC7,0x31,
    0xC7,0x31,0xC7,0x31,0xC7,0x31,0xC7,0x31,0xC7,0x31,0xC7,0x31,0xC7,0x31,0xC7,0x31,
    0xC7,0x31,0xC7,0x31,0xC7,0x31,0xC7,0x31,0xC7,0x31,0xC7,0x31,0xC7,0x31,0xC7,0x31,
    0xC7,0x31,0xC7,0x31,0xC7,0x31,0xC7,0x31,0xC7,0x31,0xC7,0x31,0xC7,0x31,0xC7,0x31,
    0xC7,0x31,0xC7,0x31,0xC7,0x31,0xC7,0x31,0xC7,0x31,0xC7,0x31,0x8B,0x8B,0x15,0xDE,
    0xB9,0xDE,0xC7,0x31,0x01,0x00,0x41,0x00,0xC3,0x10,0x04,0x19,0x45,0x29,0xE3,0x18,
    0x00,0x00,0x00,0x00,0x6D,0x6B,0xE7,0x31,0x00,0x00,0x00,0x00,0x20,0x00,0x00,0x00,
    0x00,0x00,0x45,0x21,0x04,0x19,0x24,0x21,0xE3,0x18,0xC3,0x10,0xA2,0x08,0x62,0x08,
    0x62,0x08,0x62,0x00,0x82,0x00,0x62,0x08,0x00,0x00,0x00,0x00,0x20,0x00,0x00,0x00,
    0x00,0x00,0x61,0x00,0x62,0x00,0x61,0x00,0x41,0x00,0x41,0x00,0x61,0x00,0x41,0x00,
    0x21,0x00,0x82,0x10,0xE3,0x18,0x24,0x21,0x45,0x29,0x00,0x00,0x00,0x00,0x86,0x31,
    0x82,0x08,0x20,0x00,0xA3,0x08,0xE8,0x39,0x41,0x08,0x00,0x00,0x45,0x29,0xC7,0x39,
    0x65,0x29,0xE3,0x18,0x82,0x08,0xA3,0x10,0x21,0x00,0x0F,0x94,0xF9,0xF6,0x8F,0xAC,
    0x4B,0x83,0xC7,0x31,0xC7,0x31,0xC7,0x31,0xC7,0x31,0xC7,0x31,0xC7,0x31,0xC7,0x31,
    0xC7,0x31,0xC7,0x31,0xC7,0x31,0xC7,0x31,0xC7,0x31,0xC7,0x31,0xC7,0x31,0xC7,0x31,
    0xC7,0x31,0xC7,0x31,0xC7,0x31,0xC7,0x31,0xC7,0x31,0xC7,0x31,0xC7,0x31,0xC7,0x31,
    0xC7,0x31,0xC7,0x31,0xC7,0x31,0xC7,0x31,0xC7,0x31,0xC7,0x31,0xC7,0x31,0xC7,0x31,
    0xC7,0x31,0xC7,0x31,0xC7,0x31,0xC7,0x31,0xC7,0x31,0xC7,0x31,0xC7,0x31,0xC7,0x31,
    0xC7,0x31,0xC7,0x31,0xC7,0x31,0xC7,0x31,0xC7,0x31,0xC7,0x31,0xC7,0x31,0xC7,0x31,
    0xC7,0x31,0xC7,0x31,0xC7,0x31,0xC7,0x31,0xC7,0x31,0xC7,0x31,0xC7,0x31,0xC7,0x31,
    0xC7,0x31,0xC7,0x31,0xC7,0x31,0xC7,0x31,0xC7,0x31,0xC7,0x31,0xCC,0x93,0x36,0xE6,
    0xDA,0xE6,0xE8,0x39,0x21,0x00,0x61,0x00,0xA2,0x08,0x82,0x08,0xE3,0x10,0x21,0x00,
    0x00,0x00,0x00,0x00,0xA6,0x31,0xC7,0x39,0x04,0x19,0x41,0x00,0x00,0x00,0x00,0x00,
    0x00,0x00,0x20,0x00,0x41,0x00,0x41,0x00,0xA2,0x10,0xA2,0x10,0xA2,0x08,0x82,0x08,
    0x62,0x08,0x62,0x00,0x82,0x00,0x62,0x00,0x04,0x21,0x86,0x31,0xC7,0x31,0xC7,0x31,
    0x45,0x29,0x82,0x10,0x62,0x00,0x61,0x00,0x41,0x00,0x41,0x00,0x62,0x00,0x41,0x00,
    0x41,0x00,0x62,0x08,0x61,0x00,0x61,0x00,0x41,0x08,0x00,0x00,0x20,0x00,0x25,0x21,
    0xA6,0x29,0xEB,0x52,0xC3,0x10,0x04,0x21,0x21,0x00,0x00,0x00,0x61,0x08,0xC3,0x18,
    0xA2,0x10,0xA2,0x10,0xA2,0x10,0x04,0x19,0x41,0x00,0x70,0xA4,0x1A,0xFF,0xAF,0xB4,
    0x4B,0x7B,0xC7,0x31,0xC7,0x31,0xC7,0x31,0xC7,0x31,0xC7,0x31,0xC7,0x31,0xC7,0x31,
    0xC7,0x31,0xC7,0x31,0xC7,0x31,0xC7,0x31,0xC7,0x31,0xC7,0x31,0xC7,0x31,0xC7,0x31,
    0xC7,0x31,0xC7,0x31,0xC7,0x31,0xC7,0x31,0xC7,0x31,0xC7,0x31,0xC7,0x31,0xC7,0x31,
    0xC7,0x31,0xC7,0x31,0xC7,0x31,0xC7,0x31,0xC7,0x31,0xC7,0x31,0xC7,0x31,0xC7,0x31,
    0xC7,0x31,0xC7,0x31,0xC7,0x31,0xC7,0x31,0xC7,0x31,0xC7,0x31,0xC7,0x31,0xC7,0x31,
    0xC7,0x31,0xC7,0x31,0xC7,0x31,0xC7,0x31,0xC7,0x31,0xC7,0x31,0xC7,0x31,0xC7,0x31,
    0xC7,0x31,0xC7,0x31,0xC7,0x31,0xC7,0x31,0xC7,0x31,0xC7,0x31,0xC7,0x31,0xC7,0x31,
    0xC7,0x31,0xC7,0x31,0xC7,0x31,0xC7,0x31,0xC7,0x31,0xC7,0x31,0xED,0x9B,0x57,0xE6,
    0xFA,0xEE,0x29,0x42,0x42,0x00,0x82,0x08,0x61,0x00,0x61,0x08,0xC3,0x10,0x20,0x00,
    0x00,0x00,0x00,0x00,0x8E,0x73,0xB7,0xB5,0xAE,0x73,0x82,0x10,0x00,0x00,0x00,0x00,
    0x00,0x00,0x00,0x00,0x00,0x00,0x00,0x00,0x41,0x00,0x61,0x08,0xA2,0x10,0x62,0x08,
    0x62,0x08,0x62,0x08,0x62,0x08,0x21,0x00,0xC7,0x31,0xA7,0x31,0x45,0x21,0x86,0x29,
    0xE8,0x39,0x82,0x08,0x61,0x00,0x41,0x00,0x41,0x00,0x41,0x00,0x62,0x00,0x41,0x00,
    0x62,0x00,0x41,0x00,0x20,0x00,0x20,0x00,0x00,0x00,0x00,0x00,0x00,0x00,0xA7,0x31,
    0x14,0x9D,0xB6,0xB5,0xCF,0x73,0xE4,0x18,0x00,0x00,0x00,0x00,0x00,0x00,0x61,0x08,
    0x61,0x08,0x41,0x08,0xA2,0x10,0x04,0x19,0x61,0x08,0xF2,0xB4,0x5B,0xFF,0xF0,0xBC,
    0x4B,0x7B,0xC7,0x31,0xC7,0x31,0xC7,0x31,0xC7,0x31,0xC7,0x31,0xC7,0x31,0xC7,0x31,
    0xC7,0x31,0xC7,0x31,0xC7,0x31,0xC7,0x31,0xC7,0x31,0xC7,0x31,0xC7,0x31,0xC7,0x31,
    0xC7,0x31,0xC7,0x31,0xC7,0x31,0xC7,0x31,0xC7,0x31,0xC7,0x31,0xC7,0x31,0xC7,0x31,
    0xC7,0x31,0xC7,0x31,0xC7,0x31,0xC7,0x31,0xC7,0x31,0xC7,0x31,0xC7,0x31,0xC7,0x31,
    0xC7,0x31,0xC7,0x31,0xC7,0x31,0xC7,0x31,0xC7,0x31,0xC7,0x31,0xC7,0x31,0xC7,0x31,
    0xC7,0x31,0xC7,0x31,0xC7,0x31,0xC7,0x31,0xC7,0x31,0xC7,0x31,0xC7,0x31,0xC7,0x31,
    0xC7,0x31,0xC7,0x31,0xC7,0x31,0xC7,0x31,0xC7,0x31,0xC7,0x31,0xC7,0x31,0xC7,0x31,
    0xC7,0x31,0xC7,0x31,0xC7,0x31,0xC7,0x31,0xC7,0x31,0xC7,0x31,0xCC,0x9B,0x98,0xEE,
    0x5C,0xF7,0x8A,0x52,0x62,0x00,0xA2,0x08,0x20,0x00,0x20,0x00,0x61,0x08,0x00,0x00,
    0x00,0x00,0x45,0x29,0x55,0xAD,0x51,0x8C,0x14,0x9D,0x62,0x08,0x00,0x00,0x00,0x00,
    0x00,0x00,0x00,0x00,0x00,0x00,0x00,0x00,0x21,0x00,0x61,0x00,0xA2,0x08,0x62,0x00,
    0x62,0x00,0x62,0x00,0x62,0x08,0x41,0x00,0xA3,0x10,0x00,0x00,0x00,0x00,0x00,0x00,
    0xA2,0x10,0x82,0x08,0x41,0x00,0x41,0x00,0x41,0x00,0x21,0x00,0x41,0x00,0x41,0x00,
    0x61,0x00,0x41,0x08,0x00,0x00,0x00,0x00,0x00,0x00,0x00,0x00,0x00,0x00,0xC7,0x31,
    0xD7,0xB5,0xB6,0xB5,0x51,0x8C,0xC3,0x18,0x00,0x00,0x00,0x00,0x00,0x00,0x41,0x08,
    0x41,0x08,0x00,0x00,0xA3,0x10,0x04,0x19,0x82,0x10,0x74,0xC5,0x7B,0xFF,0x11,0xC5,
    0x4B,0x83,0xC7,0x31,0xC7,0x31,0xC7,0x31,0xC7,0x31,0xC7,0x31,0xC7,0x31,0xC7,0x31,
    0xC7,0x31,0xC7,0x31,0xC7,0x31,0xC7,0x31,0xC7,0x31,0xC7,0x31,0xC7,0x31,0xC7,0x31,
    0xC7,0x31,0xC7,0x31,0xC7,0x31,0xC7,0x31,0xC7,0x31,0xC7,0x31,0xC7,0x31,0xC7,0x31,
    0xC7,0x31,0xC7,0x31,0xC7,0x31,0xC7,0x31,0xC7,0x31,0xC7,0x31,0xC7,0x31,0xC7,0x31,
    0xC7,0x31,0xC7,0x31,0xC7,0x31,0xC7,0x31,0xC7,0x31,0xC7,0x31,0xC7,0x31,0xC7,0x31,
    0xC7,0x31,0xC7,0x31,0xC7,0x31,0xC7,0x31,0xC7,0x31,0xC7,0x31,0xC7,0x31,0xC7,0x31,
    0xC7,0x31,0xC7,0x31,0xC7,0x31,0xC7,0x31,0xC7,0x31,0xC7,0x31,0xC7,0x31,0xC7,0x31,
    0xC7,0x31,0xC7,0x31,0xC7,0x31,0xC7,0x31,0xC7,0x31,0xC7,0x31,0x4E,0xA4,0xD9,0xEE,
    0xBD,0xFF,0x2C,0x63,0x41,0x00,0x82,0x08,0x00,0x00,0x00,0x00,0x20,0x00,0x00,0x00,
    0x00,0x00,0x41,0x08,0x75,0xAD,0xB6,0xB5,0xE8,0x39,0x00,0x00,0x20,0x00,0x00,0x00,
    0x00,0x00,0x00,0x00,0x00,0x00,0x00,0x00,0x41,0x00,0x61,0x08,0xA2,0x08,0x41,0x00,
    0x62,0x00,0x62,0x00,0x62,0x00,0x21,0x00,0x25,0x21,0xA6,0x31,0xA3,0x10,0xE4,0x18,
    0x45,0x29,0x82,0x08,0x41,0x00,0x41,0x00,0x21,0x00,0x20,0x00,0x41,0x00,0x41,0x00,
    0x21,0x00,0x41,0x00,0x00,0x00,0x00,0x00,0x00,0x00,0x00,0x00,0x00,0x00,0xA6,0x29,
    0x49,0x42,0x6D,0x6B,0xA3,0x10,0xE8,0x39,0x82,0x10,0x00,0x00,0x00,0x00,0x20,0x00,
    0x20,0x00,0x00,0x00,0x05,0x19,0x25,0x19,0xE3,0x20,0x16,0xD6,0x9C,0xFF,0x32,0xC5,
    0x2B,0x83,0xC7,0x31,0xC7,0x31,0xC7,0x31,0xC7,0x31,0xC7,0x31,0xC7,0x31,0xC7,0x31,
    0xC7,0x31,0xC7,0x31,0xC7,0x31,0xC7,0x31,0xC7,0x31,0xC7,0x31,0xC7,0x31,0xC7,0x31,
    0xC7,0x31,0xC7,0x31,0xC7,0x31,0xC7,0x31,0xC7,0x31,0xC7,0x31,0xC7,0x31,0xC7,0x31,
    0xC7,0x31,0xC7,0x31,0xC7,0x31,0xC7,0x31,0xC7,0x31,0xC7,0x31,0xC7,0x31,0xC7,0x31,
    0xC7,0x31,0xC7,0x31,0xC7,0x31,0xC7,0x31,0xC7,0x31,0xC7,0x31,0xC7,0x31,0xC7,0x31,
    0xC7,0x31,0xC7,0x31,0xC7,0x31,0xC7,0x31,0xC7,0x31,0xC7,0x31,0xC7,0x31,0xC7,0x31,
    0xC7,0x31,0xC7,0x31,0xC7,0x31,0xC7,0x31,0xC7,0x31,0xC7,0x31,0xC7,0x31,0xC7,0x31,
    0xC7,0x31,0xC7,0x31,0xC7,0x31,0xC7,0x31,0xC7,0x31,0xC7,0x31,0x6F,0xAC,0xFA,0xF6,
    0xFE,0xFF,0xEF,0x7B,0x62,0x00,0x62,0x08,0x20,0x00,0x00,0x00,0x00,0x00,0x00,0x00,
    0x21,0x00,0x00,0x00,0xC3,0x18,0x04,0x21,0x00,0x00,0x20,0x00,0x21,0x00,0x21,0x00,
    0x20,0x00,0x00,0x00,0x00,0x00,0x00,0x00,0x41,0x00,0x82,0x08,0x82,0x08,0x20,0x00,
    0x62,0x08,0x61,0x00,0x61,0x00,0x00,0x00,0x66,0x29,0xA7,0x31,0x41,0x00,0xA3,0x10,
    0xA7,0x31,0x62,0x08,0x41,0x00,0x21,0x00,0x21,0x00,0x00,0x00,0x41,0x08,0x62,0x08,
    0x00,0x00,0x41,0x00,0x00,0x00,0x00,0x00,0x00,0x00,0x20,0x00,0x20,0x00,0xC3,0x18,
    0x00,0x00,0x00,0x00,0x00,0x00,0xE4,0x18,0x61,0x08,0x21,0x00,0x00,0x00,0x00,0x00,
    0x00,0x00,0x20,0x00,0x49,0x42,0x25,0x19,0x65,0x31,0xD9,0xE6,0x9C,0xFF,0x53,0xCD,
    0x4B,0x83,0xC7,0x31,0xC7,0x31,0xC7,0x31,0xC7,0x31,0xC7,0x31,0xC7,0x31,0xC7,0x31,
    0xC7,0x31,0xC7,0x31,0xC7,0x31,0xC7,0x31,0xC7,0x31,0xC7,0x31,0xC7,0x31,0xC7,0x31,
    0xC7,0x31,0xC7,0x31,0xC7,0x31,0xC7,0x31,0xC7,0x31,0xC7,0x31,0xC7,0x31,0xC7,0x31,
    0xC7,0x31,0xC7,0x31,0xC7,0x31,0xC7,0x31,0xC7,0x31,0xC7,0x31,0xC7,0x31,0xC7,0x31,
    0xC7,0x31,0xC7,0x31,0xC7,0x31,0xC7,0x31,0xC7,0x31,0xC7,0x31,0xC7,0x31,0xC7,0x31,
    0xC7,0x31,0xC7,0x31,0xC7,0x31,0xC7,0x31,0xC7,0x31,0xC7,0x31,0xC7,0x31,0xC7,0x31,
    0xC7,0x31,0xC7,0x31,0xC7,0x31,0xC7,0x31,0xC7,0x31,0xC7,0x31,0xC7,0x31,0xC7,0x31,
    0xC7,0x31,0xC7,0x31,0xC7,0x31,0xC7,0x31,0xC7,0x31,0xC7,0x31,0x8F,0xAC,0x1B,0xF7,
    0xFF,0xFF,0xB2,0x9C,0xA3,0x10,0x82,0x08,0xA2,0x10,0x00,0x00,0x00,0x00,0x00,0x00,
    0x00,0x00,0x00,0x00,0x00,0x00,0x00,0x00,0x00,0x00,0x00,0x00,0x00,0x00,0x00,0x00,
    0x00,0x00,0x00,0x00,0x00,0x00,0x41,0x08,0x20,0x00,0x82,0x08,0xA3,0x10,0xC7,0x39,
    0xC3,0x10,0x20,0x00,0x61,0x00,0x00,0x00,0x04,0x21,0x08,0x3A,0x28,0x42,0x28,0x42,
    0xA7,0x31,0x41,0x00,0x41,0x00,0x20,0x00,0x62,0x08,0x86,0x31,0xE4,0x18,0x41,0x08,
    0x21,0x00,0x21,0x00,0x21,0x00,0x00,0x00,0x00,0x00,0x00,0x00,0x00,0x00,0x00,0x00,
    0x00,0x00,0x00,0x00,0x00,0x00,0x00,0x00,0x00,0x00,0x00,0x00,0x00,0x00,0x00,0x00,
    0x00,0x00,0xE4,0x18,0xCC,0x52,0x82,0x08,0x89,0x5A,0x5B,0xFF,0x9C,0xFF,0x73,0xCD,
    0x4B,0x83,0xC7,0x31,0xC7,0x31,0xC7,0x31,0xC7,0x31,0xC7,0x31,0xC7,0x31,0xC7,0x31,
    0xC7,0x31,0xC7,0x31,0xC7,0x31,0xC7,0x31,0xC7,0x31,0xC7,0x31,0xC7,0x31,0xC7,0x31,
    0xC7,0x31,0xC7,0x31,0xC7,0x31,0xC7,0x31,0xC7,0x31,0xC7,0x31,0xC7,0x31,0xC7,0x31,
    0xC7,0x31,0xC7,0x31,0xC7,0x31,0xC7,0x31,0xC7,0x31,0xC7,0x31,0xC7,0x31,0xC7,0x31,
    0xC7,0x31,0xC7,0x31,0xC7,0x31,0xC7,0x31,0xC7,0x31,0xC7,0x31,0xC7,0x31,0xC7,0x31,
    0xC7,0x31,0xC7,0x31,0xC7,0x31,0xC7,0x31,0xC7,0x31,0xC7,0x31,0xC7,0x31,0xC7,0x31,
    0xC7,0x31,0xC7,0x31,0xC7,0x31,0xC7,0x31,0xC7,0x31,0xC7,0x31,0xC7,0x31,0xC7,0x31,
    0xC7,0x31,0xC7,0x31,0xC7,0x31,0xC7,0x31,0xC7,0x31,0xC7,0x31,0x4E,0xAC,0xFA,0xEE,
    0xFF,0xFF,0x95,0xBD,0x45,0x21,0xA3,0x08,0x45,0x21,0x61,0x08,0x00,0x00,0x00,0x00,
    0x00,0x00,0x00,0x00,0x00,0x00,0x00,0x00,0x00,0x00,0x00,0x00,0x00,0x00,0x00,0x00,
    0x00,0x00,0x00,0x00,0x21,0x08,0x21,0x00,0x21,0x00,0x82,0x08,0x62,0x08,0x45,0x29,
    0x82,0x08,0x00,0x00,0xA2,0x10,0xA3,0x10,0x82,0x08,0xC3,0x10,0xE3,0x18,0xA2,0x10,
    0x81,0x08,0x61,0x08,0x62,0x08,0x00,0x00,0x41,0x08,0x45,0x21,0x82,0x10,0x41,0x00,
    0x61,0x08,0x00,0x00,0x41,0x00,0x20,0x00,0x00,0x00,0x00,0x00,0x00,0x00,0x00,0x00,
    0x00,0x00,0x00,0x00,0x00,0x00,0x00,0x00,0x00,0x00,0x20,0x00,0x00,0x00,0x00,0x00,
    0x20,0x00,0xC7,0x31,0x08,0x3A,0x00,0x00,0x0F,0x94,0x9C,0xFF,0x7C,0xFF,0x53,0xCD,
    0x4B,0x7B,0xC7,0x31,0xC7,0x31,0xC7,0x31,0xC7,0x31,0xC7,0x31,0xC7,0x31,0xC7,0x31,
    0xC7,0x31,0xC7,0x31,0xC7,0x31,0xC7,0x31,0xC7,0x31,0xC7,0x31,0xC7,0x31,0xC7,0x31,
    0xC7,0x31,0xC7,0x31,0xC7,0x31,0xC7,0x31,0xC7,0x31,0xC7,0x31,0xC7,0x31,0xC7,0x31,
    0xC7,0x31,0xC7,0x31,0xC7,0x31,0xC7,0x31,0xC7,0x31,0xC7,0x31,0xC7,0x31,0xC7,0x31,
    0xC7,0x31,0xC7,0x31,0xC7,0x31,0xC7,0x31,0xC7,0x31,0xC7,0x31,0xC7,0x31,0xC7,0x31,
    0xC7,0x31,0xC7,0x31,0xC7,0x31,0xC7,0x31,0xC7,0x31,0xC7,0x31,0xC7,0x31,0xC7,0x31,
    0xC7,0x31,0xC7,0x31,0xC7,0x31,0xC7,0x31,0xC7,0x31,0xC7,0x31,0xC7,0x31,0xC7,0x31,
    0xC7,0x31,0xC7,0x31,0xC7,0x31,0xC7,0x31,0xC7,0x31,0xC7,0x31,0xCC,0x93,0xDA,0xEE,
    0xFF,0xFF,0x99,0xE6,0x28,0x4A,0xC3,0x10,0x25,0x21,0x65,0x21,0x41,0x08,0x21,0x00,
    0x61,0x08,0x61,0x08,0x41,0x08,0x61,0x08,0x61,0x08,0x00,0x00,0x20,0x00,0x21,0x08,
    0x21,0x08,0x41,0x08,0x21,0x00,0x00,0x00,0x82,0x08,0x62,0x08,0x62,0x08,0xE4,0x18,
    0x41,0x08,0x00,0x00,0xA2,0x10,0xCB,0x5A,0x21,0x00,0x20,0x00,0x00,0x00,0x00,0x00,
    0x20,0x00,0x66,0x29,0x25,0x21,0x00,0x00,0x41,0x00,0x04,0x19,0x62,0x08,0x00,0x00,
    0x82,0x08,0x21,0x00,0x21,0x00,0x41,0x00,0x41,0x00,0x41,0x00,0x41,0x00,0x41,0x00,
    0x21,0x00,0x61,0x08,0x41,0x08,0x61,0x08,0x61,0x08,0x61,0x08,0x61,0x08,0x20,0x00,
    0x04,0x19,0xE8,0x39,0xC3,0x10,0x82,0x10,0x73,0xC5,0x9C,0xFF,0x5C,0xFF,0x32,0xC5,
    0x4B,0x7B,0xC7,0x31,0xC7,0x31,0xC7,0x31,0xC7,0x31,0xC7,0x31,0xC7,0x31,0xC7,0x31,
    0xC7,0x31,0xC7,0x31,0xC7,0x31,0xC7,0x31,0xC7,0x31,0xC7,0x31,0xC7,0x31,0xC7,0x31,
    0xC7,0x31,0xC7,0x31,0xC7,0x31,0xC7,0x31,0xC7,0x31,0xC7,0x31,0xC7,0x31,0xC7,0x31,
    0xC7,0x31,0xC7,0x31,0xC7,0x31,0xC7,0x31,0xC7,0x31,0xC7,0x31,0xC7,0x31,0xC7,0x31,
    0xC7,0x31,0xC7,0x31,0xC7,0x31,0xC7,0x31,0xC7,0x31,0xC7,0x31,0xC7,0x31,0xC7,0x31,
    0xC7,0x31,0xC7,0x31,0xC7,0x31,0xC7,0x31,0xC7,0x31,0xC7,0x31,0xC7,0x31,0xC7,0x31,
    0xC7,0x31,0xC7,0x31,0xC7,0x31,0xC7,0x31,0xC7,0x31,0xC7,0x31,0xC7,0x31,0xC7,0x31,
    0xC7,0x31,0xC7,0x31,0xC7,0x31,0xC7,0x31,0xC7,0x31,0xC7,0x31,0xCC,0x93,0x98,0xEE,
    0xFF,0xFF,0x7C,0xF7,0x6D,0x7B,0xE4,0x10,0x25,0x19,0xC7,0x31,0x86,0x29,0x41,0x08,
    0x00,0x00,0x20,0x00,0x20,0x00,0x82,0x08,0x82,0x10,0x00,0x00,0x00,0x00,0x00,0x00,
    0x00,0x00,0x20,0x00,0x20,0x00,0x41,0x00,0x82,0x08,0x21,0x00,0xC3,0x10,0x20,0x00,
    0x82,0x10,0x21,0x00,0x62,0x08,0xEB,0x5A,0x62,0x08,0x00,0x00,0x00,0x00,0x00,0x00,
    0x00,0x00,0x4D,0x63,0x86,0x29,0x00,0x00,0x62,0x08,0x00,0x00,0x82,0x08,0x21,0x00,
    0x21,0x08,0x62,0x08,0x41,0x00,0x21,0x00,0x20,0x00,0x41,0x00,0x21,0x00,0x41,0x00,
    0x21,0x00,0xA3,0x10,0x41,0x00,0x41,0x00,0x41,0x00,0x21,0x00,0x20,0x00,0xE3,0x18,
    0xA7,0x31,0x45,0x21,0x00,0x00,0x28,0x52,0x57,0xE6,0x9D,0xFF,0x5B,0xF7,0xF1,0xBC,
    0x4B,0x83,0xC7,0x31,0xC7,0x31,0xC7,0x31,0xC7,0x31,0xC7,0x31,0xC7,0x31,0xC7,0x31,
    0xC7,0x31,0xC7,0x31,0xC7,0x31,0xC7,0x31,0xC7,0x31,0xC7,0x31,0xC7,0x31,0xC7,0x31,
    0xC7,0x31,0xC7,0x31,0xC7,0x31,0xC7,0x31,0xC7,0x31,0xC7,0x31,0xC7,0x31,0xC7,0x31,
    0xC7,0x31,0xC7,0x31,0xC7,0x31,0xC7,0x31,0xC7,0x31,0xC7,0x31,0xC7,0x31,0xC7,0x31,
    0xC7,0x31,0xC7,0x31,0xC7,0x31,0xC7,0x31,0xC7,0x31,0xC7,0x31,0xC7,0x31,0xC7,0x31,
    0xC7,0x31,0xC7,0x31,0xC7,0x31,0xC7,0x31,0xC7,0x31,0xC7,0x31,0xC7,0x31,0xC7,0x31,
    0xC7,0x31,0xC7,0x31,0xC7,0x31,0xC7,0x31,0xC7,0x31,0xC7,0x31,0xC7,0x31,0xC7,0x31,
    0xC7,0x31,0xC7,0x31,0xC7,0x31,0xC7,0x31,0xC7,0x31,0xC7,0x31,0xED,0x9B,0x37,0xE6,
    0xFF,0xFF,0xDE,0xFF,0x73,0xCD,0x86,0x31,0xC3,0x10,0xA7,0x29,0x49,0x42,0x08,0x3A,
    0x24,0x21,0x61,0x08,0x00,0x00,0x20,0x00,0x41,0x00,0x00,0x00,0x00,0x00,0x00,0x00,
    0x20,0x00,0x20,0x00,0x41,0x00,0x82,0x08,0x41,0x00,0x21,0x00,0x21,0x00,0x41,0x00,
    0x62,0x08,0x21,0x00,0x20,0x00,0x04,0x19,0xAA,0x52,0xAA,0x52,0x69,0x4A,0x8A,0x4A,
    0x69,0x4A,0x49,0x42,0xA3,0x10,0x00,0x00,0x41,0x00,0x00,0x00,0x20,0x00,0x00,0x00,
    0x00,0x00,0x41,0x08,0x61,0x00,0x41,0x00,0x41,0x00,0x41,0x00,0x20,0x00,0x20,0x00,
    0x21,0x00,0x62,0x08,0x21,0x00,0x21,0x00,0x21,0x00,0x62,0x08,0x45,0x21,0xE8,0x39,
    0xC7,0x31,0x62,0x08,0x41,0x08,0x90,0xA4,0x98,0xEE,0xBD,0xFF,0x3B,0xF7,0xF1,0xBC,
    0x6C,0x83,0xC7,0x31,0xC7,0x31,0xC7,0x31,0xC7,0x31,0xC7,0x31,0xC7,0x31,0xC7,0x31,
    0xC7,0x31,0xC7,0x31,0xC7,0x31,0xC7,0x31,0xC7,0x31,0xC7,0x31,0xC7,0x31,0xC7,0x31,
    0xC7,0x31,0xC7,0x31,0xC7,0x31,0xC7,0x31,0xC7,0x31,0xC7,0x31,0xC7,0x31,0xC7,0x31,
    0xC7,0x31,0xC7,0x31,0xC7,0x31,0xC7,0x31,0xC7,0x31,0xC7,0x31,0xC7,0x31,0xC7,0x31,
    0xC7,0x31,0xC7,0x31,0xC7,0x31,0xC7,0x31,0xC7,0x31,0xC7,0x31,0xC7,0x31,0xC7,0x31,
    0xC7,0x31,0xC7,0x31,0xC7,0x31,0xC7,0x31,0xC7,0x31,0xC7,0x31,0xC7,0x31,0xC7,0x31,
    0xC7,0x31,0xC7,0x31,0xC7,0x31,0xC7,0x31,0xC7,0x31,0xC7,0x31,0xC7,0x31,0xC7,0x31,
    0xC7,0x31,0xC7,0x31,0xC7,0x31,0xC7,0x31,0xC7,0x31,0xC7,0x31,0x8B,0x8B,0x16,0xDE,
    0xBE,0xFF,0xFF,0xFF,0xB8,0xEE,0x4F,0x9C,0xA3,0x10,0xC4,0x10,0x08,0x3A,0xCA,0x52,
    0xCB,0x5A,0x69,0x4A,0xA6,0x31,0xE3,0x18,0x61,0x08,0x41,0x00,0x20,0x00,0x20,0x00,
    0x20,0x00,0x61,0x00,0x82,0x08,0x41,0x00,0x41,0x00,0x41,0x00,0x41,0x00,0x41,0x00,
    0x20,0x00,0x41,0x00,0x20,0x00,0x20,0x00,0xA2,0x10,0x24,0x19,0x65,0x21,0x45,0x21,
    0xC3,0x10,0x00,0x00,0x00,0x00,0x00,0x00,0x00,0x00,0x00,0x00,0x00,0x00,0x00,0x00,
    0x00,0x00,0x00,0x00,0x41,0x00,0x61,0x08,0x61,0x00,0x41,0x00,0x41,0x00,0x41,0x00,
    0x41,0x00,0x41,0x00,0x61,0x08,0x82,0x08,0x25,0x21,0xE7,0x39,0x6A,0x4A,0x29,0x42,
    0xA3,0x10,0x00,0x00,0x4B,0x73,0xD5,0xD5,0xB9,0xE6,0xBD,0xFF,0x3A,0xF7,0x11,0xC5,
    0x2B,0x7B,0xC7,0x31,0xC7,0x31,0xC7,0x31,0xC7,0x31,0xC7,0x31,0xC7,0x31,0xC7,0x31,
    0xC7,0x31,0xC7,0x31,0xC7,0x31,0xC7,0x31,0xC7,0x31,0xC7,0x31,0xC7,0x31,0xC7,0x31,
    0xC7,0x31,0xC7,0x31,0xC7,0x31,0xC7,0x31,0xC7,0x31,0xC7,0x31,0xC7,0x31,0xC7,0x31,
    0xC7,0x31,0xC7,0x31,0xC7,0x31,0xC7,0x31,0xC7,0x31,0xC7,0x31,0xC7,0x31,0xC7,0x31,
    0xC7,0x31,0xC7,0x31,0xC7,0x31,0xC7,0x31,0xC7,0x31,0xC7,0x31,0xC7,0x31,0xC7,0x31,
    0xC7,0x31,0xC7,0x31,0xC7,0x31,0xC7,0x31,0xC7,0x31,0xC7,0x31,0xC7,0x31,0xC7,0x31,
    0xC7,0x31,0xC7,0x31,0xC7,0x31,0xC7,0x31,0xC7,0x31,0xC7,0x31,0xC7,0x31,0xC7,0x31,
    0xC7,0x31,0xC7,0x31,0xC7,0x31,0xC7,0x31,0xC7,0x31,0xC7,0x31,0x6B,0x83,0xF6,0xDD,
    0xBD,0xFF,0xFF,0xFF,0x3B,0xFF,0x35,0xE6,0x2E,0x9C,0x04,0x19,0x63,0x00,0x45,0x21,
    0x29,0x42,0x8A,0x52,0x28,0x42,0x65,0x29,0xC3,0x10,0x62,0x08,0x61,0x00,0x61,0x00,
    0x61,0x00,0x41,0x00,0x20,0x00,0x41,0x00,0x41,0x00,0x41,0x00,0x41,0x00,0x20,0x00,
    0x20,0x00,0x20,0x00,0x20,0x00,0x20,0x00,0x00,0x00,0x00,0x00,0x00,0x00,0x00,0x00,
    0x00,0x00,0x00,0x00,0x00,0x00,0x00,0x00,0x00,0x00,0x00,0x00,0x00,0x00,0x00,0x00,
    0x00,0x00,0x00,0x00,0x00,0x00,0x00,0x00,0x20,0x00,0x41,0x00,0x61,0x00,0x61,0x00,
    0x82,0x08,0xC3,0x10,0x24,0x21,0x86,0x29,0x08,0x3A,0x08,0x3A,0x65,0x29,0x20,0x00,
    0x00,0x00,0xEA,0x6A,0xD4,0xD5,0x73,0xC5,0xD9,0xEE,0xBD,0xFF,0x1A,0xF7,0xF1,0xBC,
    0x4B,0x73,0xC7,0x31,0xC7,0x31,0xC7,0x31,0xC7,0x31,0xC7,0x31,0xC7,0x31,0xC7,0x31,
    0xC7,0x31,0xC7,0x31,0xC7,0x31,0xC7,0x31,0xC7,0x31,0xC7,0x31,0xC7,0x31,0xC7,0x31,
    0xC7,0x31,0xC7,0x31,0xC7,0x31,0xC7,0x31,0xC7,0x31,0xC7,0x31,0xC7,0x31,0xC7,0x31,
    0xC7,0x31,0xC7,0x31,0xC7,0x31,0xC7,0x31,0xC7,0x31,0xC7,0x31,0xC7,0x31,0xC7,0x31,
    0xC7,0x31,0xC7,0x31,0xC7,0x31,0xC7,0x31,0xC7,0x31,0xC7,0x31,0xC7,0x31,0xC7,0x31,
    0xC7,0x31,0xC7,0x31,0xC7,0x31,0xC7,0x31,0xC7,0x31,0xC7,0x31,0xC7,0x31,0xC7,0x31,
    0xC7,0x31,0xC7,0x31,0xC7,0x31,0xC7,0x31,0xC7,0x31,0xC7,0x31,0xC7,0x31,0xC7,0x31,
    0xC7,0x31,0xC7,0x31,0xC7,0x31,0xC7,0x31,0xC7,0x31,0xC7,0x31,0x4B,0x83,0xD5,0xD5,
    0x9D,0xFF,0xFE,0xFF,0x5C,0xFF,0xB8,0xEE,0x15,0xE6,0x52,0xC5,0xEA,0x6A,0x04,0x21,
    0x62,0x00,0x62,0x00,0xC3,0x08,0xE4,0x10,0xC3,0x10,0xA3,0x10,0x41,0x00,0xE3,0x18,
    0x45,0x21,0x24,0x21,0xA2,0x10,0x41,0x00,0x41,0x00,0x41,0x00,0x41,0x00,0x00,0x00,
    0x00,0x00,0x41,0x08,0xA2,0x18,0xE3,0x18,0xC2,0x18,0xA2,0x18,0xA2,0x10,0xA1,0x10,
    0xA2,0x10,0x81,0x10,0x61,0x08,0x20,0x08,0x00,0x00,0x00,0x00,0x00,0x00,0x00,0x00,
    0x00,0x00,0x20,0x00,0x21,0x00,0xA3,0x10,0xA2,0x10,0x82,0x10,0x41,0x08,0x61,0x08,
    0x82,0x08,0xC3,0x10,0xE3,0x18,0xA3,0x10,0x41,0x00,0x00,0x00,0x00,0x00,0xE3,0x20,
    0x0E,0x94,0x14,0xE6,0xF1,0xBC,0x94,0xC5,0xFA,0xEE,0xBD,0xFF,0xFA,0xEE,0xF1,0xBC,
    0x2B,0x73,0xC7,0x31,0xC7,0x31,0xC7,0x31,0xC7,0x31,0xC7,0x31,0xC7,0x31,0xC7,0x31,
    0xC7,0x31,0xC7,0x31,0xC7,0x31,0xC7,0x31,0xC7,0x31,0xC7,0x31,0xC7,0x31,0xC7,0x31,
    0xC7,0x31,0xC7,0x31,0xC7,0x31,0xC7,0x31,0xC7,0x31,0xC7,0x31,0xC7,0x31,0xC7,0x31,
    0xC7,0x31,0xC7,0x31,0xC7,0x31,0xC7,0x31,0xC7,0x31,0xC7,0x31,0xC7,0x31,0xC7,0x31,
    0xC7,0x31,0xC7,0x31,0xC7,0x31,0xC7,0x31,0xC7,0x31,0xC7,0x31,0xC7,0x31,0xC7,0x31,
    0xC7,0x31,0xC7,0x31,0xC7,0x31,0xC7,0x31,0xC7,0x31,0xC7,0x31,0xC7,0x31,0xC7,0x31,
    0xC7,0x31,0xC7,0x31,0xC7,0x31,0xC7,0x31,0xC7,0x31,0xC7,0x31,0xC7,0x31,0xC7,0x31,
    0xC7,0x31,0xC7,0x31,0xC7,0x31,0xC7,0x31,0xC7,0x31,0xC7,0x31,0x0A,0x73,0x93,0xD5,
    0x7C,0xFF,0xFE,0xFF,0x5C,0xFF,0xF9,0xF6,0x77,0xEE,0xF4,0xDD,0xF4,0xED,0x72,0xD5,
    0x4E,0xA4,0xEA,0x72,0xA6,0x39,0xC3,0x18,0x41,0x00,0x21,0x00,0x00,0x00,0xE4,0x18,
    0xA6,0x31,0xA7,0x31,0xE3,0x18,0xA2,0x10,0x41,0x00,0x00,0x00,0x00,0x00,0x85,0x31,
    0x4F,0xA4,0x52,0xC5,0x52,0xC5,0x72,0xC5,0xB4,0xCD,0xB4,0xCD,0xB4,0xCD,0xB4,0xD5,
    0x93,0xCD,0x52,0xBD,0xF1,0xB4,0xF1,0xBC,0x4F,0xA4,0xA6,0x41,0x00,0x00,0x00,0x00,
    0x00,0x00,0x82,0x10,0xC3,0x18,0xC7,0x31,0xC7,0x31,0x24,0x21,0x00,0x00,0x00,0x00,
    0x00,0x00,0x00,0x00,0x00,0x00,0x82,0x08,0xA5,0x39,0xEA,0x6A,0x6E,0xA4,0xF4,0xDD,
    0x14,0xE6,0x8F,0xB4,0xB0,0xB4,0xB5,0xCD,0x1B,0xEF,0xBE,0xFF,0xD9,0xEE,0xD0,0xB4,
    0x0B,0x6B,0xC7,0x31,0xC7,0x31,0xC7,0x31,0xC7,0x31,0xC7,0x31,0xC7,0x31,0xC7,0x31,
    0xC7,0x31,0xC7,0x31,0xC7,0x31,0xC7,0x31,0xC7,0x31,0xC7,0x31,0xC7,0x31,0xC7,0x31,
    0xC7,0x31,0xC7,0x31,0xC7,0x31,0xC7,0x31,0xC7,0x31,0xC7,0x31,0xC7,0x31,0xC7,0x31,
    0xC7,0x31,0xC7,0x31,0xC7,0x31,0xC7,0x31,0xC7,0x31,0xC7,0x31,0xC7,0x31,0xC7,0x31,
    0xC7,0x31,0xC7,0x31,0xC7,0x31,0xC7,0x31,0xC7,0x31,0xC7,0x31,0xC7,0x31,0xC7,0x31,
    0xC7,0x31,0xC7,0x31,0xC7,0x31,0xC7,0x31,0xC7,0x31,0xC7,0x31,0xC7,0x31,0xC7,0x31,
    0xC7,0x31,0xC7,0x31,0xC7,0x31,0xC7,0x31,0xC7,0x31,0xC7,0x31,0xC7,0x31,0xC7,0x31,
    0xC7,0x31,0xC7,0x31,0xC7,0x31,0xC7,0x31,0xC7,0x31,0xC7,0x31,0x2B,0x73,0x52,0xCD,
    0x3B,0xF7,0xDE,0xFF,0x5C,0xFF,0xD9,0xF6,0x98,0xF6,0x37,0xEE,0xB4,0xDD,0x92,0xDD,
    0xD3,0xE5,0xF3,0xED,0xB3,0xE5,0x10,0xCD,0x4E,0xAC,0x4A,0x83,0x68,0x5A,0x85,0x39,
    0xE3,0x20,0x82,0x10,0x82,0x08,0x04,0x19,0x00,0x00,0xA2,0x18,0xAC,0x8B,0x34,0xF6,
    0x93,0xCD,0x76,0xAD,0x7D,0xF7,0x75,0xAD,0x71,0x8C,0x30,0x84,0x10,0x7C,0xF0,0x7B,
    0x6D,0x6B,0x54,0xAD,0x1B,0xEF,0xD3,0x9C,0xD1,0xB4,0x76,0xF6,0xED,0x93,0xA2,0x18,
    0x00,0x00,0x21,0x00,0x25,0x21,0x00,0x00,0x21,0x00,0x61,0x08,0x03,0x21,0xA5,0x39,
    0x89,0x5A,0xAD,0x8B,0xD0,0xB4,0xD3,0xD5,0x54,0xEE,0x55,0xEE,0xD3,0xDD,0xCF,0xBC,
    0x0D,0xA4,0x2E,0xA4,0xB0,0xB4,0xB5,0xCD,0x3B,0xF7,0xBD,0xFF,0x98,0xE6,0xAF,0xB4,
    0xEB,0x6A,0xC7,0x31,0xC7,0x31,0xC7,0x31,0xC7,0x31,0xC7,0x31,0xC7,0x31,0xC7,0x31,
    0xC7,0x31,0xC7,0x31,0xC7,0x31,0xC7,0x31,0xC7,0x31,0xC7,0x31,0xC7,0x31,0xC7,0x31,
    0xC7,0x31,0xC7,0x31,0xC7,0x31,0xC7,0x31,0xC7,0x31,0xC7,0x31,0xC7,0x31,0xC7,0x31,
    0xC7,0x31,0xC7,0x31,0xC7,0x31,0xC7,0x31,0xC7,0x31,0xC7,0x31,0xC7,0x31,0xC7,0x31,
    0xC7,0x31,0xC7,0x31,0xC7,0x31,0xC7,0x31,0xC7,0x31,0xC7,0x31,0xC7,0x31,0xC7,0x31,
    0xC7,0x31,0xC7,0x31,0xC7,0x31,0xC7,0x31,0xC7,0x31,0xC7,0x31,0xC7,0x31,0xC7,0x31,
    0xC7,0x31,0xC7,0x31,0xC7,0x31,0xC7,0x31,0xC7,0x31,0xC7,0x31,0xC7,0x31,0xC7,0x31,
    0xC7,0x31,0xC7,0x31,0xC7,0x31,0xC7,0x31,0xC7,0x31,0xC7,0x31,0xCA,0x6A,0x11,0xC5,
    0x1A,0xEF,0xDE,0xFF,0x5C,0xFF,0xD9,0xF6,0xB8,0xF6,0x77,0xEE,0x15,0xE6,0xD4,0xDD,
    0x72,0xD5,0x52,0xD5,0x31,0xD5,0x51,0xDD,0x92,0xE5,0xD2,0xED,0x13,0xEE,0xD2,0xED,
    0x71,0xDD,0xF0,0xC4,0xAF,0xB4,0x4E,0xA4,0x0D,0x9C,0x71,0xD5,0x54,0xF6,0xD3,0xE5,
    0x6F,0xA4,0xD1,0xAC,0x58,0xD6,0xF3,0x9C,0x4D,0x6B,0x0C,0x6B,0x8E,0x73,0x4D,0x6B,
    0x69,0x4A,0xD2,0x9C,0x38,0xD6,0x50,0x94,0x4B,0x73,0xB3,0xD5,0x75,0xF6,0x92,0xD5,
    0x4B,0x7B,0x2B,0x7B,0xAD,0x8B,0x2E,0x9C,0xB0,0xAC,0x52,0xCD,0x35,0xE6,0xB7,0xF6,
    0xB7,0xFE,0x76,0xFE,0xF4,0xED,0x71,0xD5,0xD0,0xBC,0x2D,0xA4,0xAC,0x9B,0xAC,0x93,
    0xED,0x9B,0x4E,0xA4,0xB0,0xB4,0xB5,0xCD,0x3B,0xF7,0xBD,0xFF,0x78,0xE6,0x8F,0xB4,
    0xCA,0x62,0xC7,0x31,0xC7,0x31,0xC7,0x31,0xC7,0x31,0xC7,0x31,0xC7,0x31,0xC7,0x31,
    0xC7,0x31,0xC7,0x31,0xC7,0x31,0xC7,0x31,0xC7,0x31,0xC7,0x31,0xC7,0x31,0xC7,0x31,
    0xC7,0x31,0xC7,0x31,0xC7,0x31,0xC7,0x31,0xC7,0x31,0xC7,0x31,0xC7,0x31,0xC7,0x31,
    0xC7,0x31,0xC7,0x31,0xC7,0x31,0xC7,0x31,0xC7,0x31,0xC7,0x31,0xC7,0x31,0xC7,0x31,
    0xC7,0x31,0xC7,0x31,0xC7,0x31,0xC7,0x31,0xC7,0x31,0xC7,0x31,0xC7,0x31,0xC7,0x31,
    0xC7,0x31,0xC7,0x31,0xC7,0x31,0xC7,0x31,0xC7,0x31,0xC7,0x31,0xC7,0x31,0xC7,0x31,
    0xC7,0x31,0xC7,0x31,0xC7,0x31,0xC7,0x31,0xC7,0x31,0xC7,0x31,0xC7,0x31,0xC7,0x31,
    0xC7,0x31,0xC7,0x31,0xC7,0x31,0xC7,0x31,0xC7,0x31,0xC7,0x31,0x89,0x5A,0xD0,0xBC,
    0xD9,0xEE,0xBE,0xFF,0x7C,0xFF,0xFA,0xF6,0x57,0xE6,0x56,0xE6,0x97,0xF6,0x35,0xEE,
    0xB3,0xDD,0x31,0xCD,0xF0,0xC4,0xAF,0xBC,0xCF,0xC4,0xF0,0xC4,0x10,0xCD,0x31,0xD5,
    0x71,0xDD,0xB3,0xE5,0x13,0xEE,0x54,0xF6,0x74,0xFE,0x34,0xF6,0x13,0xEE,0xF3,0xE5,
    0x33,0xEE,0x13,0xEE,0x0C,0xA4,0x4A,0x83,0xAB,0x93,0x0C,0xA4,0xCF,0xC4,0x6D,0xB4,
    0x8B,0x93,0x6A,0x8B,0xAB,0x93,0x14,0xE6,0x75,0xF6,0x13,0xE6,0x13,0xEE,0x54,0xF6,
    0xB6,0xFE,0xD6,0xFE,0xB6,0xFE,0x96,0xF6,0x55,0xEE,0xF3,0xE5,0x72,0xD5,0x10,0xC5,
    0x8E,0xB4,0x0C,0xA4,0xAB,0x93,0x6B,0x8B,0x4A,0x8B,0x4B,0x8B,0x8B,0x93,0xCC,0x9B,
    0xED,0x9B,0x2E,0xA4,0xB0,0xB4,0xD5,0xCD,0x5C,0xF7,0x9D,0xFF,0x57,0xDE,0x6F,0xAC,
    0x8A,0x52,0xC7,0x31,0xC7,0x31,0xC7,0x31,0xC7,0x31,0xC7,0x31,0xC7,0x31,0xC7,0x31,
    0xC7,0x31,0xC7,0x31,0xC7,0x31,0xC7,0x31,0xC7,0x31,0xC7,0x31,0xC7,0x31,0xC7,0x31,
    0xC7,0x31,0xC7,0x31,0xC7,0x31,0xC7,0x31,0xC7,0x31,0xC7,0x31,0xC7,0x31,0xC7,0x31,
    0xC7,0x31,0xC7,0x31,0xC7,0x31,0xC7,0x31,0xC7,0x31,0xC7,0x31,0xC7,0x31,0xC7,0x31,
    0xC7,0x31,0xC7,0x31,0xC7,0x31,0xC7,0x31,0xC7,0x31,0xC7,0x31,0xC7,0x31,0xC7,0x31,
    0xC7,0x31,0xC7,0x31,0xC7,0x31,0xC7,0x31,0xC7,0x31,0xC7,0x31,0xC7,0x31,0xC7,0x31,
    0xC7,0x31,0xC7,0x31,0xC7,0x31,0xC7,0x31,0xC7,0x31,0xC7,0x31,0xC7,0x31,0xC7,0x31,
    0xC7,0x31,0xC7,0x31,0xC7,0x31,0xC7,0x31,0xC7,0x31,0xC7,0x31,0x4C,0x73,0xD0,0xBC,
    0x98,0xE6,0xBD,0xFF,0x7C,0xFF,0x5B,0xFF,0x69,0x52,0x03,0x21,0x89,0x5A,0xEE,0x93,
    0xF1,0xB4,0x73,0xD5,0x72,0xDD,0x31,0xCD,0xAC,0x8B,0x4B,0x7B,0x8C,0x8B,0xAC,0x8B,
    0x8C,0x8B,0xAC,0x8B,0xCD,0x93,0x0D,0x9C,0x2D,0xA4,0x4E,0xA4,0x6F,0xAC,0xAF,0xB4,
    0xF0,0xBC,0x11,0xC5,0xF0,0xBC,0x2D,0xA4,0x2D,0xA4,0x4D,0xAC,0x4E,0xAC,0x6E,0xB4,
    0x4D,0xAC,0x2D,0xAC,0x10,0xC5,0x92,0xD5,0x71,0xCD,0x10,0xC5,0xEF,0xBC,0xAE,0xBC,
    0x6E,0xAC,0x4D,0xA4,0xEC,0x9B,0xAB,0x93,0x8B,0x8B,0x6A,0x83,0x49,0x83,0x2A,0x7B,
    0x29,0x7B,0x6A,0x8B,0x8B,0x93,0x8B,0x93,0x6B,0x93,0x6B,0x93,0x8B,0x93,0xAC,0x93,
    0xEC,0x9B,0x4E,0xAC,0xB0,0xB4,0xF6,0xD5,0x5C,0xFF,0x7D,0xFF,0x36,0xDE,0x4E,0xA4,
    0x8A,0x52,0xC7,0x31,0xC7,0x31,0xC7,0x31,0xC7,0x31,0xC7,0x31,0xC7,0x31,0xC7,0x31,
    0xC7,0x31,0xC7,0x31,0xC7,0x31,0xC7,0x31,0xC7,0x31,0xC7,0x31,0xC7,0x31,0xC7,0x31,
    0xC7,0x31,0xC7,0x31,0xC7,0x31,0xC7,0x31,0xC7,0x31,0xC7,0x31,0xC7,0x31,0xC7,0x31,
    0xC7,0x31,0xC7,0x31,0xC7,0x31,0xC7,0x31,0xC7,0x31,0xC7,0x31,0xC7,0x31,0xC7,0x31,
    0xC7,0x31,0xC7,0x31,0xC7,0x31,0xC7,0x31,0xC7,0x31,0xC7,0x31,0xC7,0x31,0xC7,0x31,
    0xC7,0x31,0xC7,0x31,0xC7,0x31,0xC7,0x31,0xC7,0x31,0xC7,0x31,0xC7,0x31,0xC7,0x31,
    0xC7,0x31,0xC7,0x31,0xC7,0x31,0xC7,0x31,0xC7,0x31,0xC7,0x31,0xC7,0x31,0xC7,0x31,
    0xC7,0x31,0xC7,0x31,0xC7,0x31,0xC7,0x31,0xC7,0x31,0xC7,0x31,0xCA,0x5A,0x4E,0xAC,
    0x37,0xDE,0x7C,0xFF,0x7C,0xFF,0xBD,0xFF,0x89,0x52,0xA2,0x08,0xA3,0x08,0x21,0x00,
    0x62,0x08,0x24,0x29,0x68,0x52,0x8D,0x7B,0x62,0x10,0x00,0x00,0x00,0x00,0x00,0x00,
    0x00,0x00,0x00,0x00,0x20,0x00,0x20,0x00,0x00,0x00,0x00,0x00,0x20,0x00,0x21,0x00,
    0x41,0x08,0x41,0x08,0x62,0x10,0x82,0x10,0xA2,0x18,0xC2,0x18,0xC2,0x18,0xC3,0x18,
    0xC3,0x18,0xC3,0x18,0xC2,0x18,0xA2,0x18,0x81,0x10,0x61,0x10,0x81,0x10,0x61,0x10,
    0x81,0x10,0x81,0x10,0x61,0x10,0x81,0x10,0x82,0x10,0x81,0x10,0x61,0x08,0x41,0x08,
    0x21,0x00,0x06,0x52,0xAC,0x9B,0x6A,0x8B,0x6A,0x93,0x6B,0x93,0x8B,0x93,0xAB,0x93,
    0xCC,0x9B,0x4E,0xAC,0xD0,0xBC,0x16,0xD6,0x7D,0xFF,0x7C,0xFF,0x16,0xDE,0x2E,0x9C,
    0x69,0x4A,0xC7,0x31,0xC7,0x31,0xC7,0x31,0xC7,0x31,0xC7,0x31,0xC7,0x31,0xC7,0x31,
    0xC7,0x31,0xC7,0x31,0xC7,0x31,0xC7,0x31,0xC7,0x31,0xC7,0x31,0xC7,0x31,0xC7,0x31,
    0xC7,0x31,0xC7,0x31,0xC7,0x31,0xC7,0x31,0xC7,0x31,0xC7,0x31,0xC7,0x31,0xC7,0x31,
    0xC7,0x31,0xC7,0x31,0xC7,0x31,0xC7,0x31,0xC7,0x31,0xC7,0x31,0xC7,0x31,0xC7,0x31,
    0xC7,0x31,0xC7,0x31,0xC7,0x31,0xC7,0x31,0xC7,0x31,0xC7,0x31,0xC7,0x31,0xC7,0x31,
    0xC7,0x31,0xC7,0x31,0xC7,0x31,0xC7,0x31,0xC7,0x31,0xC7,0x31,0xC7,0x31,0xC7,0x31,
    0xC7,0x31,0xC7,0x31,0xC7,0x31,0xC7,0x31,0xC7,0x31,0xC7,0x31,0xC7,0x31,0xC7,0x31,
    0xC7,0x31,0xC7,0x31,0xC7,0x31,0xC7,0x31,0xC7,0x31,0xC7,0x31,0x08,0x3A,0xCC,0x93,
    0xD5,0xD5,0x5C,0xFF,0x7C,0xFF,0xDD,0xFF,0x8D,0x73,0xE3,0x18,0x08,0x3A,0xC3,0x10,
    0xC3,0x10,0x82,0x08,0x00,0x00,0x04,0x19,0x41,0x08,0x00,0x00,0x00,0x00,0x00,0x00,
    0x00,0x00,0x00,0x00,0x00,0x00,0x00,0x00,0x00,0x00,0x00,0x00,0x00,0x00,0x00,0x00,
    0x00,0x00,0x00,0x00,0x00,0x00,0x00,0x00,0x00,0x00,0x00,0x00,0x00,0x00,0x00,0x00,
    0x00,0x00,0x00,0x00,0x00,0x00,0x00,0x00,0x00,0x00,0x00,0x00,0x00,0x00,0x00,0x00,
    0x00,0x00,0x00,0x00,0x00,0x00,0x00,0x00,0x00,0x00,0x00,0x00,0x00,0x00,0x00,0x00,
    0x00,0x00,0xC5,0x41,0xCC,0xA3,0x8B,0x93,0xAB,0x93,0xAB,0x9B,0x8B,0x93,0xAB,0x93,
    0xED,0x9B,0x8F,0xB4,0xF1,0xBC,0x57,0xDE,0x7D,0xFF,0x5C,0xF7,0xD5,0xD5,0xED,0x93,
    0x29,0x42,0xC7,0x31,0xC7,0x31,0xC7,0x31,0xC7,0x31,0xC7,0x31,0xC7,0x31,0xC7,0x31,
    0xC7,0x31,0xC7,0x31,0xC7,0x31,0xC7,0x31,0xC7,0x31,0xC7,0x31,0xC7,0x31,0xC7,0x31,
    0xC7,0x31,0xC7,0x31,0xC7,0x31,0xC7,0x31,0xC7,0x31,0xC7,0x31,0xC7,0x31,0xC7,0x31,
    0xC7,0x31,0xC7,0x31,0xC7,0x31,0xC7,0x31,0xC7,0x31,0xC7,0x31,0xC7,0x31,0xC7,0x31,
    0xC7,0x31,0xC7,0x31,0xC7,0x31,0xC7,0x31,0xC7,0x31,0xC7,0x31,0xC7,0x31,0xC7,0x31,
    0xC7,0x31,0xC7,0x31,0xC7,0x31,0xC7,0x31,0xC7,0x31,0xC7,0x31,0xC7,0x31,0xC7,0x31,
    0xC7,0x31,0xC7,0x31,0xC7,0x31,0xC7,0x31,0xC7,0x31,0xC7,0x31,0xC7,0x31,0xC7,0x31,
    0xC7,0x31,0xC7,0x31,0xC7,0x31,0xC7,0x31,0xC7,0x31,0xC7,0x31,0xE8,0x31,0x4A,0x83,
    0x73,0xCD,0x1B,0xF7,0x9C,0xFF,0xDD,0xFF,0xD2,0x9C,0x20,0x00,0x24,0x21,0xE3,0x10,
    0xE3,0x10,0xE3,0x10,0xC3,0x10,0xC7,0x31,0x61,0x08,0x00,0x00,0x00,0x00,0x00,0x00,
    0x00,0x00,0x00,0x00,0x00,0x00,0xE3,0x18,0xA3,0x10,0xE4,0x18,0xC4,0x18,0xC4,0x18,
    0xA3,0x10,0xA3,0x10,0xC3,0x18,0x00,0x00,0x41,0x08,0x61,0x08,0x00,0x00,0x00,0x00,
    0x00,0x00,0x00,0x00,0x20,0x00,0x21,0x00,0x41,0x08,0x20,0x00,0x61,0x00,0x02,0x02,
    0x62,0x01,0x00,0x00,0x00,0x00,0x00,0x00,0x00,0x00,0x00,0x00,0x00,0x00,0x00,0x00,
    0x00,0x00,0x68,0x5A,0xCC,0x9B,0xC8,0x6A,0xA8,0x62,0x0A,0x7B,0xCC,0x93,0x0D,0xA4,
    0x2E,0xA4,0xD0,0xBC,0x12,0xBD,0x98,0xE6,0x7D,0xFF,0x3B,0xF7,0xB4,0xD5,0x8C,0x83,
    0xE8,0x39,0xC7,0x31,0xC7,0x31,0xC7,0x31,0xC7,0x31,0xC7,0x31,0xC7,0x31,0xC7,0x31,
    0xC7,0x31,0xC7,0x31,0xC7,0x31,0xC7,0x31,0xC7,0x31,0xC7,0x31,0xC7,0x31,0xC7,0x31,
    0xC7,0x31,0xC7,0x31,0xC7,0x31,0xC7,0x31,0xC7,0x31,0xC7,0x31,0xC7,0x31,0xC7,0x31,
    0xC7,0x31,0xC7,0x31,0xC7,0x31,0xC7,0x31,0xC7,0x31,0xC7,0x31,0xC7,0x31,0xC7,0x31,
    0xC7,0x31,0xC7,0x31,0xC7,0x31,0xC7,0x31,0xC7,0x31,0xC7,0x31,0xC7,0x31,0xC7,0x31,
    0xC7,0x31,0xC7,0x31,0xC7,0x31,0xC7,0x31,0xC7,0x31,0xC7,0x31,0xC7,0x31,0xC7,0x31,
    0xC7,0x31,0xC7,0x31,0xC7,0x31,0xC7,0x31,0xC7,0x31,0xC7,0x31,0xC7,0x31,0xC7,0x31,
    0xC7,0x31,0xC7,0x31,0xC7,0x31,0xC7,0x31,0xC7,0x31,0xC7,0x31,0xE8,0x31,0x0A,0x7B,
    0xF1,0xBC,0xFA,0xF6,0x9C,0xFF,0xBD,0xFF,0xD6,0xBD,0x82,0x08,0xC3,0x10,0xE3,0x10,
    0xC3,0x10,0xC3,0x10,0xA3,0x10,0xE8,0x39,0x82,0x08,0x00,0x00,0x00,0x00,0x00,0x00,
    0x00,0x00,0x00,0x00,0x00,0x00,0xC3,0x18,0xC3,0x18,0x66,0x29,0x87,0x29,0x66,0x29,
    0x66,0x29,0x25,0x21,0xC7,0x31,0x00,0x00,0xA2,0x10,0xE3,0x18,0x00,0x00,0x00,0x00,
    0x00,0x00,0x00,0x00,0xA2,0x10,0x66,0x29,0x67,0x29,0x04,0x21,0xE1,0x08,0x47,0x15,
    0xE6,0x1B,0x00,0x00,0x00,0x00,0x00,0x00,0x00,0x00,0x00,0x00,0x00,0x00,0x00,0x00,
    0x00,0x00,0xC3,0x18,0xA2,0x10,0x41,0x08,0x41,0x00,0x20,0x00,0xA2,0x10,0x27,0x52,
    0xF1,0xBC,0x52,0xCD,0x53,0xC5,0xB9,0xE6,0x7D,0xFF,0x1B,0xF7,0x73,0xCD,0x6C,0x7B,
    0x29,0x3A,0xC7,0x31,0xC7,0x31,0xC7,0x31,0xC7,0x31,0xC7,0x31,0xC7,0x31,0xC7,0x31,
    0xC7,0x31,0xC7,0x31,0xC7,0x31,0xC7,0x31,0xC7,0x31,0xC7,0x31,0xC7,0x31,0xC7,0x31,
    0xC7,0x31,0xC7,0x31,0xC7,0x31,0xC7,0x31,0xC7,0x31,0xC7,0x31,0xC7,0x31,0xC7,0x31,
    0xC7,0x31,0xC7,0x31,0xC7,0x31,0xC7,0x31,0xC7,0x31,0xC7,0x31,0xC7,0x31,0xC7,0x31,
    0xC7,0x31,0xC7,0x31,0xC7,0x31,0xC7,0x31,0xC7,0x31,0xC7,0x31,0xC7,0x31,0xC7,0x31,
    0xC7,0x31,0xC7,0x31,0xC7,0x31,0xC7,0x31,0xC7,0x31,0xC7,0x31,0xC7,0x31,0xC7,0x31,
    0xC7,0x31,0xC7,0x31,0xC7,0x31,0xC7,0x31,0xC7,0x31,0xC7,0x31,0xC7,0x31,0xC7,0x31,
    0xC7,0x31,0xC7,0x31,0xC7,0x31,0xC7,0x31,0xC7,0x31,0xC7,0x31,0xC7,0x31,0xCA,0x6A,
    0xD0,0xBC,0xB9,0xEE,0x7C,0xFF,0x9D,0xFF,0x99,0xDE,0xC3,0x10,0x82,0x08,0xA3,0x10,
    0xC3,0x10,0xE3,0x10,0xC3,0x10,0xA7,0x31,0x82,0x08,0x00,0x00,0x00,0x00,0x00,0x00,
    0x00,0x00,0x00,0x00,0x00,0x00,0x66,0x29,0xE4,0x18,0x66,0x29,0xE4,0x18,0xE4,0x18,
    0x62,0x08,0x66,0x29,0x05,0x21,0x00,0x00,0x00,0x00,0x00,0x00,0x00,0x00,0x00,0x00,
    0x00,0x00,0x00,0x00,0x00,0x00,0x82,0x10,0x87,0x29,0x46,0x21,0xA7,0x29,0x05,0x21,
    0xC4,0x18,0x00,0x00,0x00,0x00,0x00,0x00,0x00,0x00,0x00,0x00,0x00,0x00,0x00,0x00,
    0x20,0x00,0x61,0x08,0x61,0x08,0x41,0x08,0x41,0x08,0x61,0x08,0x61,0x08,0x00,0x00,
    0xA6,0x39,0x74,0xCD,0xB4,0xD5,0xDA,0xEE,0x7D,0xFF,0xFA,0xEE,0x52,0xCD,0x2B,0x73,
    0x29,0x3A,0xC7,0x31,0xC7,0x31,0xC7,0x31,0xC7,0x31,0xC7,0x31,0xC7,0x31,0xC7,0x31,
    0xC7,0x31,0xC7,0x31,0xC7,0x31,0xC7,0x31,0xC7,0x31,0xC7,0x31,0xC7,0x31,0xC7,0x31,
    0xC7,0x31,0xC7,0x31,0xC7,0x31,0xC7,0x31,0xC7,0x31,0xC7,0x31,0xC7,0x31,0xC7,0x31,
    0xC7,0x31,0xC7,0x31,0xC7,0x31,0xC7,0x31,0xC7,0x31,0xC7,0x31,0xC7,0x31,0xC7,0x31,
    0xC7,0x31,0xC7,0x31,0xC7,0x31,0xC7,0x31,0xC7,0x31,0xC7,0x31,0xC7,0x31,0xC7,0x31,
    0xC7,0x31,0xC7,0x31,0xC7,0x31,0xC7,0x31,0xC7,0x31,0xC7,0x31,0xC7,0x31,0xC7,0x31,
    0xC7,0x31,0xC7,0x31,0xC7,0x31,0xC7,0x31,0xC7,0x31,0xC7,0x31,0xC7,0x31,0xC7,0x31,
    0xC7,0x31,0xC7,0x31,0xC7,0x31,0xC7,0x31,0xC7,0x31,0xC7,0x31,0xC7,0x31,0x28,0x4A,
    0x4F,0x9C,0xF9,0xFE,0x5B,0xFF,0x7C,0xFF,0x5C,0xF7,0x45,0x21,0x86,0x29,0xC3,0x10,
    0x82,0x08,0x82,0x08,0xA3,0x08,0xA3,0x10,0x41,0x08,0x00,0x00,0x00,0x00,0x00,0x00,
    0x00,0x00,0x00,0x00,0x00,0x00,0x66,0x29,0xE4,0x18,0xA7,0x31,0x86,0x29,0x46,0x21,
    0x62,0x08,0x87,0x29,0x45,0x29,0x00,0x00,0x00,0x00,0x00,0x00,0x00,0x00,0x00,0x00,
    0x00,0x00,0x00,0x00,0x00,0x00,0x62,0x08,0x2A,0x3A,0x0A,0x3A,0xCC,0x52,0xE9,0x39,
    0xE4,0x18,0x00,0x00,0x00,0x00,0x00,0x00,0x00,0x00,0x00,0x00,0x00,0x00,0x20,0x00,
    0x81,0x08,0x00,0x00,0x00,0x00,0x00,0x00,0x00,0x00,0x20,0x00,0x20,0x00,0xA2,0x10,
    0x41,0x00,0x4C,0x73,0x37,0xDE,0xFA,0xEE,0x7C,0xFF,0x1B,0xF7,0xF1,0xB4,0x28,0x4A,
    0xE8,0x31,0xC7,0x31,0xC7,0x31,0xC7,0x31,0xC7,0x31,0xC7,0x31,0xC7,0x31,0xC7,0x31,
    0xC7,0x31,0xC7,0x31,0xC7,0x31,0xC7,0x31,0xC7,0x31,0xC7,0x31,0xC7,0x31,0xC7,0x31,
    0xC7,0x31,0xC7,0x31,0xC7,0x31,0xC7,0x31,0xC7,0x31,0xC7,0x31,0xC7,0x31,0xC7,0x31,
    0xC7,0x31,0xC7,0x31,0xC7,0x31,0xC7,0x31,0xC7,0x31,0xC7,0x31,0xC7,0x31,0xC7,0x31,
    0xC7,0x31,0xC7,0x31,0xC7,0x31,0xC7,0x31,0xC7,0x31,0xC7,0x31,0xC7,0x31,0xC7,0x31,
    0xC7,0x31,0xC7,0x31,0xC7,0x31,0xC7,0x31,0xC7,0x31,0xC7,0x31,0xC7,0x31,0xC7,0x31,
    0xC7,0x31,0xC7,0x31,0xC7,0x31,0xC7,0x31,0xC7,0x31,0xC7,0x31,0xC7,0x31,0xC7,0x31,
    0xC7,0x31,0xC7,0x31,0xC7,0x31,0xC7,0x31,0xC7,0x31,0xC7,0x31,0xC7,0x31,0xC7,0x31,
    0x65,0x29,0x13,0xAD,0xFE,0xFF,0x7C,0xFF,0xBD,0xFF,0xE7,0x39,0xA7,0x31,0x66,0x29,
    0xA3,0x08,0xA3,0x10,0x82,0x08,0xE4,0x18,0x82,0x10,0x00,0x00,0x00,0x00,0x00,0x00,
    0x00,0x00,0x00,0x00,0x00,0x00,0x00,0x00,0x00,0x00,0xC3,0x18,0x61,0x08,0x00,0x00,
    0x09,0x3A,0x04,0x19,0x65,0x29,0x04,0x21,0x00,0x00,0x43,0x21,0xE4,0x31,0x03,0x19,
    0xE5,0x31,0x84,0x29,0xC4,0x29,0xE5,0x31,0x02,0x19,0x00,0x00,0x00,0x00,0x00,0x00,
    0x25,0x21,0x00,0x00,0x00,0x00,0x00,0x00,0x00,0x00,0x00,0x00,0x00,0x00,0xA2,0x10,
    0x41,0x00,0x00,0x00,0x00,0x00,0x41,0x00,0x41,0x08,0x00,0x00,0x00,0x00,0x20,0x00,
    0xA3,0x10,0x44,0x21,0x74,0xC5,0x7B,0xFF,0xFE,0xFF,0x53,0xB5,0xA6,0x31,0x49,0x42,
    0xC7,0x31,0xC7,0x31,0xC7,0x31,0xC7,0x31,0xC7,0x31,0xC7,0x31,0xC7,0x31,0xC7,0x31,
    0xC7,0x31,0xC7,0x31,0xC7,0x31,0xC7,0x31,0xC7,0x31,0xC7,0x31,0xC7,0x31,0xC7,0x31,
    0xC7,0x31,0xC7,0x31,0xC7,0x31,0xC7,0x31,0xC7,0x31,0xC7,0x31,0xC7,0x31,0xC7,0x31,
    0xC7,0x31,0xC7,0x31,0xC7,0x31,0xC7,0x31,0xC7,0x31,0xC7,0x31,0xC7,0x31,0xC7,0x31,
    0xC7,0x31,0xC7,0x31,0xC7,0x31,0xC7,0x31,0xC7,0x31,0xC7,0x31,0xC7,0x31,0xC7,0x31,
    0xC7,0x31,0xC7,0x31,0xC7,0x31,0xC7,0x31,0xC7,0x31,0xC7,0x31,0xC7,0x31,0xC7,0x31,
    0xC7,0x31,0xC7,0x31,0xC7,0x31,0xC7,0x31,0xC7,0x31,0xC7,0x31,0xC7,0x31,0xC7,0x31,
    0xC7,0x31,0xC7,0x31,0xC7,0x31,0xC7,0x31,0xC7,0x31,0xC7,0x31,0xC7,0x31,0xC7,0x31,
    0x45,0x21,0x20,0x00,0x0F,0x7C,0x1B,0xEF,0xFF,0xFF,0xEB,0x62,0x25,0x19,0xA7,0x29,
    0x82,0x08,0xA3,0x08,0xC3,0x10,0x45,0x21,0xC3,0x18,0x00,0x00,0x00,0x00,0x00,0x00,
    0x00,0x00,0x00,0x00,0x00,0x00,0x61,0x08,0x41,0x08,0x62,0x08,0x41,0x08,0x00,0x00,
    0xE4,0x18,0xA2,0x10,0xC3,0x18,0x62,0x08,0x00,0x00,0x03,0x19,0xC5,0x31,0xC2,0x18,
    0x64,0x29,0x03,0x19,0x03,0x19,0x84,0x29,0x02,0x19,0x00,0x00,0x00,0x00,0x20,0x00,
    0x86,0x31,0x00,0x00,0x00,0x00,0x00,0x00,0x00,0x00,0x00,0x00,0x41,0x08,0x82,0x10,
    0x20,0x00,0x20,0x00,0x82,0x08,0x81,0x08,0x81,0x08,0x62,0x08,0x21,0x00,0x21,0x00,
    0x62,0x08,0x41,0x00,0x90,0x9C,0x5B,0xF7,0xEF,0x83,0x00,0x00,0x24,0x21,0x8A,0x52,
    0xC7,0x31,0xC7,0x31,0xC7,0x31,0xC7,0x31,0xC7,0x31,0xC7,0x31,0xC7,0x31,0xC7,0x31,
    0xC7,0x31,0xC7,0x31,0xC7,0x31,0xC7,0x31,0xC7,0x31,0xC7,0x31,0xC7,0x31,0xC7,0x31,
    0xC7,0x31,0xC7,0x31,0xC7,0x31,0xC7,0x31,0xC7,0x31,0xC7,0x31,0xC7,0x31,0xC7,0x31,
    0xC7,0x31,0xC7,0x31,0xC7,0x31,0xC7,0x31,0xC7,0x31,0xC7,0x31,0xC7,0x31,0xC7,0x31,
    0xC7,0x31,0xC7,0x31,0xC7,0x31,0xC7,0x31,0xC7,0x31,0xC7,0x31,0xC7,0x31,0xC7,0x31,
    0xC7,0x31,0xC7,0x31,0xC7,0x31,0xC7,0x31,0xC7,0x31,0xC7,0x31,0xC7,0x31,0xC7,0x31,
    0xC7,0x31,0xC7,0x31,0xC7,0x31,0xC7,0x31,0xC7,0x31,0xC7,0x31,0xC7,0x31,0xC7,0x31,
    0xC7,0x31,0xC7,0x31,0xC7,0x31,0xC7,0x31,0xC7,0x31,0xC7,0x31,0xC7,0x31,0xC7,0x31,
    0xA7,0x31,0x41,0x00,0xE4,0x10,0x49,0x42,0x75,0xB5,0xCF,0x83,0xE3,0x10,0x08,0x3A,
    0x82,0x08,0xA3,0x10,0xC3,0x10,0x25,0x21,0xE3,0x18,0x00,0x00,0x00,0x00,0x00,0x00,
    0x00,0x00,0x00,0x00,0x00,0x00,0x81,0x08,0x45,0x21,0xC8,0x31,0x41,0x08,0xC8,0x31,
    0xCC,0x52,0xC3,0x18,0x09,0x3A,0xAB,0x4A,0x82,0x10,0xE8,0x39,0x00,0x00,0x00,0x00,
    0x00,0x08,0x21,0x20,0x20,0x28,0x00,0x10,0x00,0x00,0x00,0x00,0x00,0x08,0x20,0x00,
    0xE3,0x18,0x20,0x00,0x00,0x00,0x00,0x00,0x00,0x00,0x00,0x00,0x82,0x08,0x61,0x08,
    0x00,0x00,0x40,0x00,0x03,0x19,0x61,0x00,0x40,0x00,0xA2,0x08,0x61,0x00,0x00,0x00,
    0x62,0x08,0x82,0x08,0x49,0x42,0x28,0x42,0x61,0x00,0x00,0x00,0xE7,0x39,0xC7,0x31,
    0xC7,0x31,0xC7,0x31,0xC7,0x31,0xC7,0x31,0xC7,0x31,0xC7,0x31,0xC7,0x31,0xC7,0x31,
    0xC7,0x31,0xC7,0x31,0xC7,0x31,0xC7,0x31,0xC7,0x31,0xC7,0x31,0xC7,0x31,0xC7,0x31,
    0xC7,0x31,0xC7,0x31,0xC7,0x31,0xC7,0x31,0xC7,0x31,0xC7,0x31,0xC7,0x31,0xC7,0x31,
    0xC7,0x31,0xC7,0x31,0xC7,0x31,0xC7,0x31,0xC7,0x31,0xC7,0x31,0xC7,0x31,0xC7,0x31,
    0xC7,0x31,0xC7,0x31,0xC7,0x31,0xC7,0x31,0xC7,0x31,0xC7,0x31,0xC7,0x31,0xC7,0x31,
    0xC7,0x31,0xC7,0x31,0xC7,0x31,0xC7,0x31,0xC7,0x31,0xC7,0x31,0xC7,0x31,0xC7,0x31,
    0xC7,0x31,0xC7,0x31,0xC7,0x31,0xC7,0x31,0xC7,0x31,0xC7,0x31,0xC7,0x31,0xC7,0x31,
    0xC7,0x31,0xC7,0x31,0xC7,0x31,0xC7,0x31,0xC7,0x31,0xC7,0x31,0xC7,0x31,0xC7,0x31,
    0xE7,0x39,0x62,0x08,0xC7,0x31,0x6A,0x4A,0x28,0x3A,0xC7,0x31,0xC3,0x10,0x49,0x42,
    0xA3,0x10,0xC3,0x10,0xC3,0x10,0x25,0x19,0xE3,0x18,0x00,0x00,0x00,0x00,0x00,0x00,
    0x00,0x00,0x00,0x00,0x00,0x00,0x82,0x10,0xC2,0x10,0x04,0x19,0x20,0x00,0x65,0x21,
    0x89,0x42,0x03,0x19,0x08,0x3A,0xAA,0x4A,0xE3,0x10,0x08,0x3A,0x40,0x00,0x00,0x00,
    0x81,0x38,0xA1,0x78,0xA0,0x90,0x81,0x58,0x61,0x20,0x41,0x20,0x61,0x28,0x40,0x08,
    0x03,0x19,0x20,0x00,0x00,0x00,0x00,0x00,0x00,0x00,0x00,0x00,0x61,0x08,0x61,0x08,
    0x40,0x00,0x20,0x00,0x41,0x00,0x20,0x00,0x20,0x00,0x41,0x00,0x61,0x00,0x21,0x00,
    0x62,0x08,0x82,0x10,0xC7,0x31,0x28,0x3A,0x45,0x21,0x41,0x00,0x49,0x42,0xC7,0x31,
    0xC7,0x31,0xC7,0x31,0xC7,0x31,0xC7,0x31,0xC7,0x31,0xC7,0x31,0xC7,0x31,0xC7,0x31,
    0xC7,0x31,0xC7,0x31,0xC7,0x31,0xC7,0x31,0xC7,0x31,0xC7,0x31,0xC7,0x31,0xC7,0x31,
    0xC7,0x31,0xC7,0x31,0xC7,0x31,0xC7,0x31,0xC7,0x31,0xC7,0x31,0xC7,0x31,0xC7,0x31,
    0xC7,0x31,0xC7,0x31,0xC7,0x31,0xC7,0x31,0xC7,0x31,0xC7,0x31,0xC7,0x31,0xC7,0x31,
    0xC7,0x31,0xC7,0x31,0xC7,0x31,0xC7,0x31,0xC7,0x31,0xC7,0x31,0xC7,0x31,0xC7,0x31,
    0xC7,0x31,0xC7,0x31,0xC7,0x31,0xC7,0x31,0xC7,0x31,0xC7,0x31,0xC7,0x31,0xC7,0x31,
    0xC7,0x31,0xC7,0x31,0xC7,0x31,0xC7,0x31,0xC7,0x31,0xC7,0x31,0xC7,0x31,0xC7,0x31,
    0xC7,0x31,0xC7,0x31,0xC7,0x31,0xC7,0x31,0xC7,0x31,0xC7,0x31,0xC7,0x31,0xC7,0x31,
    0x08,0x3A,0x82,0x08,0x45,0x21,0xAA,0x4A,0xAA,0x4A,0xE7,0x31,0x82,0x08,0xC7,0x31,
    0xC3,0x10,0xA3,0x10,0xC3,0x10,0x04,0x19,0xE3,0x18,0x00,0x00,0x00,0x00,0x00,0x00,
    0x00,0x00,0x00,0x00,0x00,0x00,0xA2,0x10,0x61,0x08,0x00,0x00,0x03,0x08,0x04,0x10,
    0x02,0x08,0x03,0x10,0x03,0x08,0x02,0x08,0x03,0x10,0x02,0x08,0x00,0x00,0x00,0x00,
    0x61,0x30,0xA1,0x58,0x81,0x48,0x20,0x10,0x00,0x00,0x00,0x00,0x00,0x00,0x20,0x00,
    0xE3,0x18,0x20,0x00,0x00,0x00,0x00,0x00,0x00,0x00,0x00,0x00,0x40,0x00,0x81,0x08,
    0x61,0x08,0x20,0x00,0x20,0x00,0x00,0x00,0x00,0x00,0x20,0x00,0x41,0x00,0x62,0x08,
    0x41,0x08,0x82,0x08,0x28,0x42,0x69,0x4A,0xE4,0x18,0x82,0x08,0x8A,0x52,0xC7,0x31,
    0xC7,0x31,0xC7,0x31,0xC7,0x31,0xC7,0x31,0xC7,0x31,0xC7,0x31,0xC7,0x31,0xC7,0x31,
    0xC7,0x31,0xC7,0x31,0xC7,0x31,0xC7,0x31,0xC7,0x31,0xC7,0x31,0xC7,0x31,0xC7,0x31,
    0xC7,0x31,0xC7,0x31,0xC7,0x31,0xC7,0x31,0xC7,0x31,0xC7,0x31,0xC7,0x31,0xC7,0x31,
    0xC7,0x31,0xC7,0x31,0xC7,0x31,0xC7,0x31,0xC7,0x31,0xC7,0x31,0xC7,0x31,0xC7,0x31,
    0xC7,0x31,0xC7,0x31,0xC7,0x31,0xC7,0x31,0xC7,0x31,0xC7,0x31,0xC7,0x31,0xC7,0x31,
    0xC7,0x31,0xC7,0x31,0xC7,0x31,0xC7,0x31,0xC7,0x31,0xC7,0x31,0xC7,0x31,0xC7,0x31,
    0xC7,0x31,0xC7,0x31,0xC7,0x31,0xC7,0x31,0xC7,0x31,0xC7,0x31,0xC7,0x31,0xC7,0x31,
    0xC7,0x31,0xC7,0x31,0xC7,0x31,0xC7,0x31,0xC7,0x31,0xC7,0x31,0xC7,0x31,0xC7,0x31,
    0x28,0x3A,0xC3,0x10,0x04,0x19,0x69,0x42,0x8A,0x4A,0x29,0x42,0x62,0x08,0xA3,0x10,
    0xA3,0x10,0x82,0x08,0x83,0x08,0xC3,0x10,0xE4,0x18,0x00,0x00,0x00,0x00,0x00,0x00,
    0x00,0x00,0x00,0x00,0x00,0x00,0xC2,0x18,0x86,0x29,0x49,0x3A,0x72,0x89,0xB1,0x78,
    0xED,0x58,0xD3,0x88,0xEF,0x68,0xEE,0x60,0xD5,0xA0,0xED,0x60,0x00,0x00,0x40,0x00,
    0x61,0x08,0x61,0x00,0x61,0x08,0x41,0x08,0x41,0x08,0x20,0x00,0x41,0x00,0x41,0x08,
    0x24,0x21,0x20,0x00,0x00,0x00,0x00,0x00,0x00,0x00,0x00,0x00,0x20,0x00,0x40,0x00,
    0x41,0x00,0x20,0x00,0x41,0x00,0x40,0x00,0x40,0x00,0x41,0x00,0x20,0x00,0x61,0x08,
    0x00,0x00,0xE3,0x18,0x08,0x3A,0x49,0x42,0xA2,0x08,0xC3,0x10,0xAA,0x52,0xC7,0x31,
    0xC7,0x31,0xC7,0x31,0xC7,0x31,0xC7,0x31,0xC7,0x31,0xC7,0x31,0xC7,0x31,0xC7,0x31,
    0xC7,0x31,0xC7,0x31,0xC7,0x31,0xC7,0x31,0xC7,0x31,0xC7,0x31,0xC7,0x31,0xC7,0x31,
    0xC7,0x31,0xC7,0x31,0xC7,0x31,0xC7,0x31,0xC7,0x31,0xC7,0x31,0xC7,0x31,0xC7,0x31,
    0xC7,0x31,0xC7,0x31,0xC7,0x31,0xC7,0x31,0xC7,0x31,0xC7,0x31,0xC7,0x31,0xC7,0x31,
    0xC7,0x31,0xC7,0x31,0xC7,0x31,0xC7,0x31,0xC7,0x31,0xC7,0x31,0xC7,0x31,0xC7,0x31,
    0xC7,0x31,0xC7,0x31,0xC7,0x31,0xC7,0x31,0xC7,0x31,0xC7,0x31,0xC7,0x31,0xC7,0x31,
    0xC7,0x31,0xC7,0x31,0xC7,0x31,0xC7,0x31,0xC7,0x31,0xC7,0x31,0xC7,0x31,0xC7,0x31,
    0xC7,0x31,0xC7,0x31,0xC7,0x31,0xC7,0x31,0xC7,0x31,0xC7,0x31,0xC7,0x31,0xC7,0x31,
    0xC7,0x31,0x25,0x21,0xA3,0x10,0x28,0x42,0x8A,0x4A,0x69,0x4A,0x86,0x29,0x82,0x08,
    0xC4,0x10,0xC3,0x10,0x83,0x08,0xA3,0x10,0x45,0x29,0x00,0x00,0x00,0x00,0x00,0x00,
    0x00,0x00,0x00,0x00,0x00,0x00,0xC2,0x10,0xE3,0x18,0x45,0x21,0x0C,0x61,0xAD,0x60,
    0xCB,0x50,0xEE,0x68,0xEC,0x58,0xEB,0x50,0x10,0x79,0xEC,0x50,0x00,0x00,0x61,0x08,
    0xC3,0x10,0xAB,0x4A,0xE3,0x18,0x04,0x21,0x67,0x29,0x09,0x3A,0xA2,0x10,0x81,0x10,
    0x44,0x21,0x20,0x00,0x00,0x00,0x00,0x00,0x00,0x00,0x00,0x00,0x00,0x00,0x41,0x08,
    0x21,0x00,0x41,0x00,0x82,0x08,0x20,0x00,0x41,0x00,0xA2,0x10,0x41,0x00,0x00,0x00,
    0x21,0x00,0x45,0x21,0x08,0x3A,0x28,0x3A,0x61,0x00,0x04,0x19,0xAB,0x52,0xC7,0x31,
    0xC7,0x31,0xC7,0x31,0xC7,0x31,0xC7,0x31,0xC7,0x31,0xC7,0x31,0xC7,0x31,0xC7,0x31,
    0xC7,0x31,0xC7,0x31,0xC7,0x31,0xC7,0x31,0xC7,0x31,0xC7,0x31,0xC7,0x31,0xC7,0x31,
    0xC7,0x31,0xC7,0x31,0xC7,0x31,0xC7,0x31,0xC7,0x31,0xC7,0x31,0xC7,0x31,0xC7,0x31,
    0xC7,0x31,0xC7,0x31,0xC7,0x31,0xC7,0x31,0xC7,0x31,0xC7,0x31,0xC7,0x31,0xC7,0x31,
    0xC7,0x31,0xC7,0x31,0xC7,0x31,0xC7,0x31,0xC7,0x31,0xC7,0x31,0xC7,0x31,0xC7,0x31,
    0xC7,0x31,0xC7,0x31,0xC7,0x31,0xC7,0x31,0xC7,0x31,0xC7,0x31,0xC7,0x31,0xC7,0x31,
    0xC7,0x31,0xC7,0x31,0xC7,0x31,0xC7,0x31,0xC7,0x31,0xC7,0x31,0xC7,0x31,0xC7,0x31,
    0xC7,0x31,0xC7,0x31,0xC7,0x31,0xC7,0x31,0xC7,0x31,0xC7,0x31,0xC7,0x31,0xC7,0x31,
    0xC7,0x31,0x66,0x29,0x82,0x08,0xE7,0x31,0x69,0x42,0x69,0x42,0x8A,0x4A,0xC3,0x10,
    0x42,0x00,0x82,0x08,0xA2,0x08,0x24,0x19,0xE7,0x39,0x00,0x00,0x00,0x00,0x00,0x00,
    0x00,0x00,0x00,0x00,0x00,0x00,0xC2,0x10,0x61,0x08,0x00,0x00,0x00,0x00,0x00,0x00,
    0x00,0x00,0x00,0x00,0x00,0x00,0x00,0x00,0x00,0x00,0x00,0x00,0x00,0x00,0x82,0x10,
    0x82,0x08,0xE3,0x18,0x82,0x10,0xA2,0x10,0xC3,0x10,0xE3,0x18,0x82,0x10,0x82,0x10,
    0xE2,0x18,0x20,0x00,0x00,0x00,0x00,0x00,0x00,0x00,0x00,0x00,0x00,0x00,0x20,0x00,
    0x20,0x00,0x00,0x00,0x20,0x00,0x41,0x00,0x41,0x00,0x41,0x00,0x00,0x00,0x41,0x08,
    0xE4,0x18,0x25,0x21,0x28,0x3A,0xC7,0x31,0x41,0x00,0x45,0x21,0xC7,0x31,0xC7,0x31,
    0xC7,0x31,0xC7,0x31,0xC7,0x31,0xC7,0x31,0xC7,0x31,0xC7,0x31,0xC7,0x31,0xC7,0x31,
    0xC7,0x31,0xC7,0x31,0xC7,0x31,0xC7,0x31,0xC7,0x31,0xC7,0x31,0xC7,0x31,0xC7,0x31,
    0xC7,0x31,0xC7,0x31,0xC7,0x31,0xC7,0x31,0xC7,0x31,0xC7,0x31,0xC7,0x31,0xC7,0x31,
    0xC7,0x31,0xC7,0x31,0xC7,0x31,0xC7,0x31,0xC7,0x31,0xC7,0x31,0xC7,0x31,0xC7,0x31,
    0xC7,0x31,0xC7,0x31,0xC7,0x31,0xC7,0x31,0xC7,0x31,0xC7,0x31,0xC7,0x31,0xC7,0x31,
    0xC7,0x31,0xC7,0x31,0xC7,0x31,0xC7,0x31,0xC7,0x31,0xC7,0x31,0xC7,0x31,0xC7,0x31,
    0xC7,0x31,0xC7,0x31,0xC7,0x31,0xC7,0x31,0xC7,0x31,0xC7,0x31,0xC7,0x31,0xC7,0x31,
    0xC7,0x31,0xC7,0x31,0xC7,0x31,0xC7,0x31,0xC7,0x31,0xC7,0x31,0xC7,0x31,0xC7,0x31,
    0xC7,0x31,0xA7,0x31,0x61,0x08,0x86,0x29,0x49,0x42,0x49,0x42,0xAA,0x52,0x45,0x21,
    0x41,0x00,0x62,0x00,0x61,0x00,0x81,0x08,0x82,0x08,0x20,0x00,0x00,0x00,0x00,0x00,
    0x00,0x00,0x00,0x00,0x00,0x00,0x60,0x08,0xAB,0x4A,0xF1,0x73,0x82,0x08,0xC7,0x31,
    0x6F,0x63,0xE4,0x18,0x66,0x29,0x0C,0x5B,0x61,0x08,0x00,0x00,0x00,0x00,0x82,0x10,
    0x2A,0x42,0x2A,0x42,0x83,0x10,0xE4,0x18,0x25,0x21,0xA8,0x31,0x82,0x08,0x81,0x08,
    0xE3,0x18,0x20,0x00,0x00,0x00,0x00,0x00,0x00,0x00,0x00,0x00,0x00,0x00,0x00,0x00,
    0x20,0x00,0x00,0x00,0x00,0x00,0x00,0x00,0x00,0x00,0x00,0x00,0xC3,0x18,0xA7,0x31,
    0xE4,0x10,0x25,0x19,0x28,0x3A,0x65,0x21,0x41,0x00,0x66,0x29,0xC7,0x31,0xC7,0x31,
    0xC7,0x31,0xC7,0x31,0xC7,0x31,0xC7,0x31,0xC7,0x31,0xC7,0x31,0xC7,0x31,0xC7,0x31,
    0xC7,0x31,0xC7,0x31,0xC7,0x31,0xC7,0x31,0xC7,0x31,0xC7,0x31,0xC7,0x31,0xC7,0x31,
    0xC7,0x31,0xC7,0x31,0xC7,0x31,0xC7,0x31,0xC7,0x31,0xC7,0x31,0xC7,0x31,0xC7,0x31,
    0xC7,0x31,0xC7,0x31,0xC7,0x31,0xC7,0x31,0xC7,0x31,0xC7,0x31,0xC7,0x31,0xC7,0x31,
    0xC7,0x31,0xC7,0x31,0xC7,0x31,0xC7,0x31,0xC7,0x31,0xC7,0x31,0xC7,0x31,0xC7,0x31,
    0xC7,0x31,0xC7,0x31,0xC7,0x31,0xC7,0x31,0xC7,0x31,0xC7,0x31,0xC7,0x31,0xC7,0x31,
    0xC7,0x31,0xC7,0x31,0xC7,0x31,0xC7,0x31,0xC7,0x31,0xC7,0x31,0xC7,0x31,0xC7,0x31,
    0xC7,0x31,0xC7,0x31,0xC7,0x31,0xC7,0x31,0xC7,0x31,0xC7,0x31,0xC7,0x31,0xC7,0x31,
    0xC7,0x31,0xC7,0x31,0x61,0x08,0x24,0x19,0x49,0x42,0x28,0x42,0xAA,0x4A,0xA6,0x29,
    0x41,0x00,0x62,0x00,0x62,0x00,0x62,0x00,0x82,0x08,0x20,0x00,0x00,0x00,0x00,0x00,
    0x00,0x00,0x00,0x00,0x00,0x00,0x81,0x10,0xC7,0x31,0xE8,0x39,0x00,0x00,0x25,0x21,
    0x09,0x3A,0xC3,0x18,0xE3,0x18,0x6A,0x4A,0x61,0x08,0x00,0x00,0x00,0x00,0x61,0x08,
    0x65,0x21,0x65,0x29,0xA2,0x10,0xC2,0x10,0x04,0x21,0x86,0x29,0xC2,0x10,0x61,0x08,
    0xE3,0x18,0x20,0x00,0x00,0x00,0x00,0x00,0x00,0x00,0x00,0x00,0x00,0x00,0x00,0x00,
    0x41,0x08,0x00,0x00,0x00,0x00,0x00,0x00,0x00,0x00,0x00,0x00,0x65,0x29,0x86,0x29,
    0xE3,0x10,0x25,0x21,0xE7,0x31,0xE3,0x10,0x41,0x00,0xA6,0x29,0xC7,0x31,0xC7,0x31,
    0xC7,0x31,0xC7,0x31,0xC7,0x31,0xC7,0x31,0xC7,0x31,0xC7,0x31,0xC7,0x31,0xC7,0x31,
    0xC7,0x31,0xC7,0x31,0xC7,0x31,0xC7,0x31,0xC7,0x31,0xC7,0x31,0xC7,0x31,0xC7,0x31,
    0xC7,0x31,0xC7,0x31,0xC7,0x31,0xC7,0x31,0xC7,0x31,0xC7,0x31,0xC7,0x31,0xC7,0x31,
    0xC7,0x31,0xC7,0x31,0xC7,0x31,0xC7,0x31,0xC7,0x31,0xC7,0x31,0xC7,0x31,0xC7,0x31,
    0xC7,0x31,0xC7,0x31,0xC7,0x31,0xC7,0x31,0xC7,0x31,0xC7,0x31,0xC7,0x31,0xC7,0x31,
    0xC7,0x31,0xC7,0x31,0xC7,0x31,0xC7,0x31,0xC7,0x31,0xC7,0x31,0xC7,0x31,0xC7,0x31,
    0xC7,0x31,0xC7,0x31,0xC7,0x31,0xC7,0x31,0xC7,0x31,0xC7,0x31,0xC7,0x31,0xC7,0x31,
    0xC7,0x31,0xC7,0x31,0xC7,0x31,0xC7,0x31,0xC7,0x31,0xC7,0x31,0xC7,0x31,0xC7,0x31,
    0xC7,0x31,0xE8,0x39,0x04,0x19,0xA3,0x10,0x08,0x3A,0x28,0x3A,0x69,0x42,0x08,0x3A,
    0x41,0x00,0x61,0x00,0x62,0x00,0x62,0x00,0x82,0x00,0x21,0x00,0x00,0x00,0x00,0x00,
    0x00,0x00,0x00,0x00,0x00,0x00,0x41,0x00,0x00,0x00,0x00,0x00,0x00,0x00,0x00,0x00,
    0xA3,0x10,0x42,0x08,0x00,0x00,0x00,0x00,0x00,0x00,0x00,0x00,0x00,0x00,0x00,0x00,
    0x00,0x00,0x00,0x00,0x00,0x00,0xE4,0x18,0x00,0x00,0x00,0x00,0x00,0x00,0x00,0x00,
    0x81,0x08,0x00,0x00,0x00,0x00,0x00,0x00,0x00,0x00,0x00,0x00,0x00,0x00,0x00,0x00,
    0x41,0x08,0x00,0x00,0x00,0x00,0x00,0x00,0x00,0x00,0x00,0x00,0xA6,0x31,0x45,0x21,
    0xE3,0x10,0x45,0x21,0xA6,0x29,0x82,0x08,0xA2,0x08,0xE8,0x39,0xC7,0x31,0xC7,0x31,
    0xC7,0x31,0xC7,0x31,0xC7,0x31,0xC7,0x31,0xC7,0x31,0xC7,0x31,0xC7,0x31,0xC7,0x31,
    0xC7,0x31,0xC7,0x31,0xC7,0x31,0xC7,0x31,0xC7,0x31,0xC7,0x31,0xC7,0x31,0xC7,0x31,
    0xC7,0x31,0xC7,0x31,0xC7,0x31,0xC7,0x31,0xC7,0x31,0xC7,0x31,0xC7,0x31,0xC7,0x31,
    0xC7,0x31,0xC7,0x31,0xC7,0x31,0xC7,0x31,0xC7,0x31,0xC7,0x31,0xC7,0x31,0xC7,0x31,
    0xC7,0x31,0xC7,0x31,0xC7,0x31,0xC7,0x31,0xC7,0x31,0xC7,0x31,0xC7,0x31,0xC7,0x31,
    0xC7,0x31,0xC7,0x31,0xC7,0x31,0xC7,0x31,0xC7,0x31,0xC7,0x31,0xC7,0x31,0xC7,0x31,
    0xC7,0x31,0xC7,0x31,0xC7,0x31,0xC7,0x31,0xC7,0x31,0xC7,0x31,0xC7,0x31,0xC7,0x31,
    0xC7,0x31,0xC7,0x31,0xC7,0x31,0xC7,0x31,0xC7,0x31,0xC7,0x31,0xC7,0x31,0xC7,0x31,
    0xC7,0x31,0xC7,0x31,0x28,0x3A,0x04,0x19,0xA6,0x29,0x08,0x3A,0x49,0x42,0x28,0x3A,
    0x82,0x08,0x41,0x00,0x62,0x00,0x62,0x00,0x82,0x00,0x41,0x00,0x00,0x00,0x00,0x00,
    0x00,0x00,0x00,0x00,0x00,0x00,0x00,0x00,0x41,0x08,0x81,0x08,0x61,0x08,0x61,0x08,
    0x85,0x29,0xE3,0x18,0x61,0x08,0x61,0x08,0x81,0x08,0x20,0x00,0x00,0x00,0x41,0x08,
    0x61,0x08,0x61,0x08,0x40,0x00,0xC6,0x31,0x81,0x08,0x40,0x00,0x40,0x00,0x40,0x00,
    0x00,0x00,0x00,0x00,0x00,0x00,0x00,0x00,0x00,0x00,0x00,0x00,0x00,0x00,0x00,0x00,
    0x41,0x08,0x00,0x00,0x00,0x00,0x00,0x00,0x00,0x00,0x21,0x00,0xC7,0x31,0x24,0x19,
    0xE3,0x10,0x45,0x21,0x65,0x21,0x82,0x08,0xA7,0x31,0xC7,0x31,0xC7,0x31,0xC7,0x31,
    0xC7,0x31,0xC7,0x31,0xC7,0x31,0xC7,0x31,0xC7,0x31,0xC7,0x31,0xC7,0x31,0xC7,0x31,
    0xC7,0x31,0xC7,0x31,0xC7,0x31,0xC7,0x31,0xC7,0x31,0xC7,0x31,0xC7,0x31,0xC7,0x31,
    0xC7,0x31,0xC7,0x31,0xC7,0x31,0xC7,0x31,0xC7,0x31,0xC7,0x31,0xC7,0x31,0xC7,0x31,
    0xC7,0x31,0xC7,0x31,0xC7,0x31,0xC7,0x31,0xC7,0x31,0xC7,0x31,0xC7,0x31,0xC7,0x31,
    0xC7,0x31,0xC7,0x31,0xC7,0x31,0xC7,0x31,0xC7,0x31,0xC7,0x31,0xC7,0x31,0xC7,0x31,
    0xC7,0x31,0xC7,0x31,0xC7,0x31,0xC7,0x31,0xC7,0x31,0xC7,0x31,0xC7,0x31,0xC7,0x31,
    0xC7,0x31,0xC7,0x31,0xC7,0x31,0xC7,0x31,0xC7,0x31,0xC7,0x31,0xC7,0x31,0xC7,0x31,
    0xC7,0x31,0xC7,0x31,0xC7,0x31,0xC7,0x31,0xC7,0x31,0xC7,0x31,0xC7,0x31,0xC7,0x31,
    0xC7,0x31,0xC7,0x31,0xC7,0x31,0xE8,0x31,0x65,0x29,0xC7,0x31,0x08,0x3A,0x49,0x42,
    0xC3,0x10,0x41,0x00,0x62,0x00,0x62,0x00,0x62,0x00,0x41,0x00,0x00,0x00,0x00,0x00,
    0x00,0x00,0x00,0x00,0x00,0x00,0x00,0x00,0x20,0x00,0x61,0x08,0x60,0x08,0x81,0x08,
    0xA1,0x10,0x81,0x08,0x81,0x08,0x81,0x08,0xC2,0x10,0x00,0x00,0x00,0x00,0x81,0x08,
    0xA2,0x10,0xA2,0x10,0xC2,0x10,0x23,0x19,0xA2,0x10,0xC2,0x10,0xC2,0x10,0xC2,0x10,
    0x00,0x00,0x00,0x00,0x00,0x00,0x00,0x00,0x00,0x00,0x00,0x00,0x00,0x00,0x00,0x00,
    0x20,0x00,0x00,0x00,0x00,0x00,0x00,0x00,0x00,0x00,0x82,0x10,0xC7,0x31,0xE4,0x18,
    0xE3,0x10,0x24,0x19,0x25,0x21,0xA7,0x31,0xC7,0x31,0xC7,0x31,0xC7,0x31,0xC7,0x31,
    0xC7,0x31,0xC7,0x31,0xC7,0x31,0xC7,0x31,0xC7,0x31,0xC7,0x31,0xC7,0x31,0xC7,0x31,
    0xC7,0x31,0xC7,0x31,0xC7,0x31,0xC7,0x31,0xC7,0x31,0xC7,0x31,0xC7,0x31,0xC7,0x31,
    0xC7,0x31,0xC7,0x31,0xC7,0x31,0xC7,0x31,0xC7,0x31,0xC7,0x31,0xC7,0x31,0xC7,0x31,
    0xC7,0x31,0xC7,0x31,0xC7,0x31,0xC7,0x31,0xC7,0x31,0xC7,0x31,0xC7,0x31,0xC7,0x31,
    0xC7,0x31,0xC7,0x31,0xC7,0x31,0xC7,0x31,0xC7,0x31,0xC7,0x31,0xC7,0x31,0xC7,0x31,
    0xC7,0x31,0xC7,0x31,0xC7,0x31,0xC7,0x31,0xC7,0x31,0xC7,0x31,0xC7,0x31,0xC7,0x31,
    0xC7,0x31,0xC7,0x31,0xC7,0x31,0xC7,0x31,0xC7,0x31,0xC7,0x31,0xC7,0x31,0xC7,0x31,
    0xC7,0x31,0xC7,0x31,0xC7,0x31,0xC7,0x31,0xC7,0x31,0xC7,0x31,0xC7,0x31,0xC7,0x31,
    0xC7,0x31,0xC7,0x31,0xC7,0x31,0xC7,0x31,0xC7,0x31,0x65,0x29,0x86,0x29,0x49,0x42,
    0x24,0x19,0x41,0x00,0x62,0x00,0x61,0x00,0x61,0x00,0x41,0x00,0x00,0x00,0x00,0x00,
    0x00,0x00,0x00,0x00,0x04,0x21,0x49,0x4A,0xA6,0x31,0x65,0x29,0xE7,0x39,0x61,0x08,
    0x65,0x29,0xC7,0x31,0x85,0x29,0x45,0x21,0xC3,0x10,0x45,0x29,0x45,0x21,0x04,0x19,
    0x45,0x21,0x65,0x29,0xA2,0x10,0x41,0x00,0x04,0x19,0xE3,0x18,0x04,0x19,0xE4,0x18,
    0xE3,0x18,0x61,0x08,0x00,0x00,0x00,0x00,0x00,0x00,0x00,0x00,0x00,0x00,0x00,0x00,
    0x00,0x00,0x00,0x00,0x00,0x00,0x00,0x00,0x00,0x00,0xE4,0x18,0xC7,0x31,0xE4,0x10,
    0xA2,0x08,0x04,0x19,0xC7,0x31,0xC7,0x31,0xC7,0x31,0xC7,0x31,0xC7,0x31,0xC7,0x31,
    0xC7,0x31,0xC7,0x31,0xC7,0x31,0xC7,0x31,0xC7,0x31,0xC7,0x31,0xC7,0x31,0xC7,0x31,
    0xC7,0x31,0xC7,0x31,0xC7,0x31,0xC7,0x31,0xC7,0x31,0xC7,0x31,0xC7,0x31,0xC7,0x31,
    0xC7,0x31,0xC7,0x31,0xC7,0x31,0xC7,0x31,0xC7,0x31,0xC7,0x31,0xC7,0x31,0xC7,0x31,
    0xC7,0x31,0xC7,0x31,0xC7,0x31,0xC7,0x31,0xC7,0x31,0xC7,0x31,0xC7,0x31,0xC7,0x31,
    0xC7,0x31,0xC7,0x31,0xC7,0x31,0xC7,0x31,0xC7,0x31,0xC7,0x31,0xC7,0x31,0xC7,0x31,
    0xC7,0x31,0xC7,0x31,0xC7,0x31,0xC7,0x31,0xC7,0x31,0xC7,0x31,0xC7,0x31,0xC7,0x31,
    0xC7,0x31,0xC7,0x31,0xC7,0x31,0xC7,0x31,0xC7,0x31,0xC7,0x31,0xC7,0x31,0xC7,0x31,
    0xC7,0x31,0xC7,0x31,0xC7,0x31,0xC7,0x31,0xC7,0x31,0xC7,0x31,0xC7,0x31,0xC7,0x31,
    0xC7,0x31,0xC7,0x31,0xC7,0x31,0xC7,0x31,0xC7,0x31,0x08,0x3A,0x65,0x29,0x25,0x21,
    0x04,0x19,0x41,0x00,0x61,0x00,0x41,0x00,0x41,0x00,0x41,0x00,0x21,0x00,0x20,0x00,
    0x20,0x00,0x20,0x00,0xA2,0x10,0x65,0x29,0x24,0x21,0xE3,0x18,0xA7,0x31,0x82,0x10,
    0x85,0x29,0x28,0x42,0xC6,0x31,0xA6,0x31,0xE4,0x18,0xC7,0x31,0xA7,0x31,0x25,0x21,
    0x66,0x29,0x49,0x42,0x24,0x21,0x82,0x08,0xA6,0x29,0x65,0x29,0x45,0x21,0x25,0x21,
    0x65,0x29,0xC3,0x18,0x00,0x00,0x00,0x00,0x00,0x00,0x00,0x00,0x00,0x00,0x00,0x00,
    0x00,0x00,0x00,0x00,0x00,0x00,0x00,0x00,0x00,0x00,0x45,0x21,0x65,0x29,0x62,0x08,
    0x04,0x21,0xE8,0x39,0xC7,0x31,0xC7,0x31,0xC7,0x31,0xC7,0x31,0xC7,0x31,0xC7,0x31,
    0xC7,0x31,0xC7,0x31,0xC7,0x31,0xC7,0x31,0xC7,0x31,0xC7,0x31,0xC7,0x31,0xC7,0x31,
    0xC7,0x31,0xC7,0x31,0xC7,0x31,0xC7,0x31,0xC7,0x31,0xC7,0x31,0xC7,0x31,0xC7,0x31,
    0xC7,0x31,0xC7,0x31,0xC7,0x31,0xC7,0x31,0xC7,0x31,0xC7,0x31,0xC7,0x31,0xC7,0x31,
    0xC7,0x31,0xC7,0x31,0xC7,0x31,0xC7,0x31,0xC7,0x31,0xC7,0x31,0xC7,0x31,0xC7,0x31,
    0xC7,0x31,0xC7,0x31,0xC7,0x31,0xC7,0x31,0xC7,0x31,0xC7,0x31,0xC7,0x31,0xC7,0x31,
    0xC7,0x31,0xC7,0x31,0xC7,0x31,0xC7,0x31,0xC7,0x31,0xC7,0x31,0xC7,0x31,0xC7,0x31,
    0xC7,0x31,0xC7,0x31,0xC7,0x31,0xC7,0x31,0xC7,0x31,0xC7,0x31,0xC7,0x31,0xC7,0x31,
    0xC7,0x31,0xC7,0x31,0xC7,0x31,0xC7,0x31,0xC7,0x31,0xC7,0x31,0xC7,0x31,0xC7,0x31,
    0xC7,0x31,0xC7,0x31,0xC7,0x31,0xC7,0x31,0xC7,0x31,0xC7,0x31,0xE8,0x39,0xC3,0x10,
    0x82,0x08,0x00,0x00,0x00,0x00,0x00,0x00,0x00,0x00,0x00,0x00,0x00,0x00,0x20,0x00,
    0x20,0x00,0x20,0x00,0x00,0x00,0x00,0x00,0x00,0x00,0x00,0x00,0x00,0x00,0x00,0x00,
    0x00,0x00,0x00,0x00,0x00,0x00,0x00,0x00,0x00,0x00,0x00,0x00,0x00,0x00,0x00,0x00,
    0x00,0x00,0x00,0x00,0x00,0x00,0x00,0x00,0x00,0x00,0x00,0x00,0x00,0x00,0x00,0x00,
    0x00,0x00,0x00,0x00,0x00,0x00,0x00,0x00,0x00,0x00,0x00,0x00,0x00,0x00,0x00,0x00,
    0x00,0x00,0x00,0x00,0x00,0x00,0x00,0x00,0x00,0x00,0xA2,0x10,0x41,0x00,0x41,0x00,
    0xC7,0x31,0xC7,0x31,0xC7,0x31,0xC7,0x31,0xC7,0x31,0xC7,0x31,0xC7,0x31,0xC7,0x31,
    0xC7,0x31,0xC7,0x31,0xC7,0x31,0xC7,0x31,0xC7,0x31,0xC7,0x31,0xC7,0x31,0xC7,0x31,
    0xC7,0x31,0xC7,0x31,0xC7,0x31,0xC7,0x31,0xC7,0x31,0xC7,0x31,0xC7,0x31,0xC7,0x31,
    0xC7,0x31,0xC7,0x31,0xC7,0x31,0xC7,0x31,0xC7,0x31,0xC7,0x31,0xC7,0x31,0xC7,0x31,
    0xC7,0x31,0xC7,0x31,0xC7,0x31,0xC7,0x31,0xC7,0x31,0xC7,0x31,0xC7,0x31,0xC7,0x31,
    0xC7,0x31,0xC7,0x31,0xC7,0x31,0xC7,0x31,0xC7,0x31,0xC7,0x31,0xC7,0x31,0xC7,0x31,
    0xC7,0x31,0xC7,0x31,0xC7,0x31,0xC7,0x31,0xC7,0x31,0xC7,0x31,0xC7,0x31,0xC7,0x31,
    0xC7,0x31,0xC7,0x31,0xC7,0x31,0xC7,0x31,0xC7,0x31,0xC7,0x31,0xC7,0x31,0xC7,0x31,
    0xC7,0x31,0xC7,0x31,0xC7,0x31,0xC7,0x31,0xC7,0x31,0xC7,0x31,0xC7,0x31,0xC7,0x31,
    0xC7,0x31,0xC7,0x31,0xC7,0x31,0xC7,0x31,0xC7,0x31,0xC7,0x31,0x08,0x3A,0x04,0x21,
    0xC3,0x10,0x62,0x08,0x41,0x00,0x41,0x00,0x21,0x00,0x20,0x00,0x20,0x00,0x00,0x00,
    0x00,0x00,0x00,0x00,0x00,0x00,0x00,0x00,0x00,0x00,0x00,0x00,0x00,0x00,0x00,0x00,
    0x00,0x00,0x00,0x00,0x00,0x00,0x00,0x00,0x00,0x00,0x00,0x00,0x00,0x00,0x00,0x00,
    0x00,0x00,0x00,0x00,0x00,0x00,0x00,0x00,0x00,0x00,0x00,0x00,0x00,0x00,0x00,0x00,
    0x00,0x00,0x00,0x00,0x00,0x00,0x00,0x00,0x00,0x00,0x00,0x00,0x00,0x00,0x00,0x00,
    0x00,0x00,0x00,0x00,0x00,0x00,0x00,0x00,0x00,0x00,0x00,0x00,0x00,0x00,0x82,0x08,
    0xE8,0x39,0xC7,0x31,0xC7,0x31,0xC7,0x31,0xC7,0x31,0xC7,0x31,0xC7,0x31,0xC7,0x31,
    0xC7,0x31,0xC7,0x31,0xC7,0x31,0xC7,0x31,0xC7,0x31,0xC7,0x31,0xC7,0x31,0xC7,0x31,
    0xC7,0x31,0xC7,0x31,0xC7,0x31,0xC7,0x31,0xC7,0x31,0xC7,0x31,0xC7,0x31,0xC7,0x31,
    0xC7,0x31,0xC7,0x31,0xC7,0x31,0xC7,0x31,0xC7,0x31,0xC7,0x31,0xC7,0x31,0xC7,0x31,
    0xC7,0x31,0xC7,0x31,0xC7,0x31,0xC7,0x31,0xC7,0x31,0xC7,0x31,0xC7,0x31,0xC7,0x31,
    0xC7,0x31,0xC7,0x31,0xC7,0x31,0xC7,0x31,0xC7,0x31,0xC7,0x31,0xC7,0x31,0xC7,0x31,
    0xC7,0x31,0xC7,0x31,0xC7,0x31,0xC7,0x31,0xC7,0x31,0xC7,0x31,0xC7,0x31,0xC7,0x31,
    0xC7,0x31,0xC7,0x31,0xC7,0x31,0xC7,0x31,0xC7,0x31,0xC7,0x31,0xC7,0x31,0xC7,0x31,
    0xC7,0x31,0xC7,0x31,0xC7,0x31,0xC7,0x31,0xC7,0x31,0xC7,0x31,0xC7,0x31,0xC7,0x31,
    0xC7,0x31,0xC7,0x31,0xC7,0x31,0xC7,0x31,0xC7,0x31,0xC7,0x31,0x08,0x3A,0xE8,0x39,
    0xE8,0x39,0xC7,0x31,0x86,0x29,0xC7,0x31,0x86,0x29,0x86,0x29,0x86,0x29,0x45,0x21,
    0x45,0x21,0x45,0x21,0x24,0x21,0x25,0x21,0x04,0x21,0xE4,0x18,0x04,0x19,0xE4,0x18,
    0xC3,0x18,0xC3,0x18,0xC3,0x18,0xC3,0x18,0xA3,0x10,0xA3,0x10,0xA3,0x10,0xA2,0x10,
    0xA2,0x10,0xA2,0x10,0x82,0x10,0xA3,0x10,0xA3,0x10,0xC3,0x10,0xC3,0x10,0xC3,0x10,
    0xA3,0x10,0xA3,0x10,0xA3,0x10,0xA3,0x10,0xA3,0x10,0xA3,0x10,0xA3,0x10,0xA3,0x10,
    0xA2,0x10,0xA2,0x10,0xA2,0x10,0xA3,0x10,0xA3,0x10,0xC3,0x10,0xC3,0x10,0x66,0x29,
    0xE8,0x31,0xC7,0x31,0xC7,0x31,0xC7,0x31,0xC7,0x31,0xC7,0x31,0xC7,0x31,0xC7,0x31,
    0xC7,0x31,0xC7,0x31,0xC7,0x31,0xC7,0x31,0xC7,0x31,0xC7,0x31,0xC7,0x31,0xC7,0x31,
    0xC7,0x31,0xC7,0x31,0xC7,0x31,0xC7,0x31,0xC7,0x31,0xC7,0x31,0xC7,0x31,0xC7,0x31,
    0xC7,0x31,0xC7,0x31,0xC7,0x31,0xC7,0x31,0xC7,0x31,0xC7,0x31,0xC7,0x31,0xC7,0x31,
    0xC7,0x31,0xC7,0x31,0xC7,0x31,0xC7,0x31,0xC7,0x31,0xC7,0x31,0xC7,0x31,0xC7,0x31,
    0xC7,0x31,0xC7,0x31,0xC7,0x31,0xC7,0x31,0xC7,0x31,0xC7,0x31,0xC7,0x31,0xC7,0x31,
    0xC7,0x31,0xC7,0x31,0xC7,0x31,0xC7,0x31,0xC7,0x31,0xC7,0x31,0xC7,0x31,0xC7,0x31,
    0xC7,0x31,0xC7,0x31,0xC7,0x31,0xC7,0x31,0xC7,0x31,0xC7,0x31,0xC7,0x31,0xC7,0x31,
    0xC7,0x31,0xC7,0x31,0xC7,0x31,0xC7,0x31,0xC7,0x31,0xC7,0x31,0xC7,0x31,0xC7,0x31,
    0xC7,0x31,0xC7,0x31,0xC7,0x31,0xC7,0x31,0xC7,0x31,0xC7,0x31,0xC7,0x31,0xC7,0x31,
    0xC7,0x31,0xC7,0x31,0xC7,0x31,0xC7,0x31,0xC7,0x31,0xC7,0x31,0xC7,0x31,0xC7,0x31,
    0xC7,0x31,0xC7,0x31,0xC7,0x31,0xC7,0x31,0xC7,0x31,0xC7,0x31,0xC7,0x31,0xC7,0x31,
    0xC7,0x31,0xC7,0x31,0xC7,0x31,0xC7,0x31,0xC7,0x31,0xC7,0x31,0xC7,0x31,0xC7,0x31,
    0xC7,0x31,0xC7,0x31,0xC7,0x31,0xC7,0x31,0xC7,0x31,0xC7,0x31,0xC7,0x31,0xC7,0x31,
    0xC7,0x31,0xC7,0x31,0xC7,0x31,0xC7,0x31,0xC7,0x31,0xC7,0x31,0xC7,0x31,0xC7,0x31,
    0xC7,0x31,0xC7,0x31,0xC7,0x31,0xC7,0x31,0xC7,0x31,0xC7,0x31,0xC7,0x31,0xC7,0x31,
    0xC7,0x31,0xC7,0x31,0xC7,0x31,0xC7,0x31,0xC7,0x31,0xC7,0x31,0xC7,0x31,0xC7,0x31,
    0xC7,0x31,0xC7,0x31,0xC7,0x31,0xC7,0x31,0xC7,0x31,0xC7,0x31,0xC7,0x31,0xC7,0x31,
    0xC7,0x31,0xC7,0x31,0xC7,0x31,0xC7,0x31,0xC7,0x31,0xC7,0x31,0xC7,0x31,0xC7,0x31,
    0xC7,0x31,0xC7,0x31,0xC7,0x31,0xC7,0x31,0xC7,0x31,0xC7,0x31,0xC7,0x31,0xC7,0x31,
    0xC7,0x31,0xC7,0x31,0xC7,0x31,0xC7,0x31,0xC7,0x31,0xC7,0x31,0xC7,0x31,0xC7,0x31,
    0xC7,0x31,0xC7,0x31,0xC7,0x31,0xC7,0x31,0xC7,0x31,0xC7,0x31,0xC7,0x31,0xC7,0x31,
    0xC7,0x31,0xC7,0x31,0xC7,0x31,0xC7,0x31,0xC7,0x31,0xC7,0x31,0xC7,0x31,0xC7,0x31,
    0xC7,0x31,0xC7,0x31,0xC7,0x31,0xC7,0x31,0xC7,0x31,0xC7,0x31,0xC7,0x31,0xC7,0x31,
    0xC7,0x31,0xC7,0x31,0xC7,0x31,0xC7,0x31,0xC7,0x31,0xC7,0x31,0xC7,0x31,0xC7,0x31,
    0xC7,0x31,0xC7,0x31,0xC7,0x31,0xC7,0x31,0xC7,0x31,0xC7,0x31,0xC7,0x31,0xC7,0x31,
    0xC7,0x31,0xC7,0x31,0xC7,0x31,0xC7,0x31,0xC7,0x31,0xC7,0x31,0xC7,0x31,0xC7,0x31,
    0xC7,0x31,0xC7,0x31,0xC7,0x31,0xC7,0x31,0xC7,0x31,0xC7,0x31,0xC7,0x31,0xC7,0x31,
    0xC7,0x31,0xC7,0x31,0xC7,0x31,0xC7,0x31,0xC7,0x31,0xC7,0x31,0xC7,0x31,0xC7,0x31,
    0xC7,0x31,0xC7,0x31,0xC7,0x31,0xC7,0x31,0xC7,0x31,0xC7,0x31,0xC7,0x31,0xC7,0x31,
    0xC7,0x31,0xC7,0x31,0xC7,0x31,0xC7,0x31,0xC7,0x31,0xC7,0x31,0xC7,0x31,0xC7,0x31,
    0xC7,0x31,0xC7,0x31,0xC7,0x31,0xC7,0x31,0xC7,0x31,0xC7,0x31,0xC7,0x31,0xC7,0x31,
    0xC7,0x31,0xC7,0x31,0xC7,0x31,0xC7,0x31,0xC7,0x31,0xC7,0x31,0xC7,0x31,0xC7,0x31,
    0xC7,0x31,0xC7,0x31,0xC7,0x31,0xC7,0x31,0xC7,0x31,0xC7,0x31,0xC7,0x31,0xC7,0x31,
    0xC7,0x31,0xC7,0x31,0xC7,0x31,0xC7,0x31,0xC7,0x31,0xC7,0x31,0xC7,0x31,0xC7,0x31,
    0xC7,0x31,0xC7,0x31,0xC7,0x31,0xC7,0x31,0xC7,0x31,0xC7,0x31,0xC7,0x31,0xC7,0x31,
    0xC7,0x31,0xC7,0x31,0xC7,0x31,0xC7,0x31,0xC7,0x31,0xC7,0x31,0xC7,0x31,0xC7,0x31,
    0xC7,0x31,0xC7,0x31,0xC7,0x31,0xC7,0x31,0xC7,0x31,0xC7,0x31,0xC7,0x31,0xC7,0x31,
    0xC7,0x31,0xC7,0x31,0xC7,0x31,0xC7,0x31,0xC7,0x31,0xC7,0x31,0xC7,0x31,0xC7,0x31,
    0xC7,0x31,0xC7,0x31,0xC7,0x31,0xC7,0x31,0xC7,0x31,0xC7,0x31,0xC7,0x31,0xC7,0x31,
    0xC7,0x31,0xC7,0x31,0xC7,0x31,0xC7,0x31,0xC7,0x31,0xC7,0x31,0xC7,0x31,0xC7,0x31,
    0xC7,0x31,0xC7,0x31,0xC7,0x31,0xC7,0x31,0xC7,0x31,0xC7,0x31,0xC7,0x31,0xC7,0x31,
    0xC7,0x31,0xC7,0x31,0xC7,0x31,0xC7,0x31,0xC7,0x31,0xC7,0x31,0xC7,0x31,0xC7,0x31,
    0xC7,0x31,0xC7,0x31,0xC7,0x31,0xC7,0x31,0xC7,0x31,0xC7,0x31,0xC7,0x31,0xC7,0x31,
    0xC7,0x31,0xC7,0x31,0xC7,0x31,0xC7,0x31,0xC7,0x31,0xC7,0x31,0xC7,0x31,0xC7,0x31,
    0xC7,0x31,0xC7,0x31,0xC7,0x31,0xC7,0x31,0xC7,0x31,0xC7,0x31,0xC7,0x31,0xC7,0x31,
    0xC7,0x31,0xC7,0x31,0xC7,0x31,0xC7,0x31,0xC7,0x31,0xC7,0x31,0xC7,0x31,0xC7,0x31,
    0xC7,0x31,0xC7,0x31,0xC7,0x31,0xC7,0x31,0xC7,0x31,0xC7,0x31,0xC7,0x31,0xC7,0x31,
    0xC7,0x31,0xC7,0x31,0xC7,0x31,0xC7,0x31,0xC7,0x31,0xC7,0x31,0xC7,0x31,0xC7,0x31,
    0xC7,0x31,0xC7,0x31,0xC7,0x31,0xC7,0x31,0xC7,0x31,0xC7,0x31,0xC7,0x31,0xC7,0x31,
    0xC7,0x31,0xC7,0x31,0xC7,0x31,0xC7,0x31,0xC7,0x31,0xC7,0x31,0xC7,0x31,0xC7,0x31,
    0xC7,0x31,0xC7,0x31,0xC7,0x31,0xC7,0x31,0xC7,0x31,0xC7,0x31,0xC7,0x31,0xC7,0x31,
    0xC7,0x31,0xC7,0x31,0xC7,0x31,0xC7,0x31,0xC7,0x31,0xC7,0x31,0xC7,0x31,0xC7,0x31,
    0xC7,0x31,0xC7,0x31,0xC7,0x31,0xC7,0x31,0xC7,0x31,0xC7,0x31,0xC7,0x31,0xC7,0x31,
    0xC7,0x31,0xC7,0x31,0xC7,0x31,0xC7,0x31,0xC7,0x31,0xC7,0x31,0xC7,0x31,0xC7,0x31,
    0xC7,0x31,0xC7,0x31,0xC7,0x31,0xC7,0x31,0xC7,0x31,0xC7,0x31,0xC7,0x31,0xC7,0x31,
    0xC7,0x31,0xC7,0x31,0xC7,0x31,0xC7,0x31,0xC7,0x31,0xC7,0x31,0xC7,0x31,0xC7,0x31,
    0xC7,0x31,0xC7,0x31,0xC7,0x31,0xC7,0x31,0xC7,0x31,0xC7,0x31,0xC7,0x31,0xC7,0x31,
    0xC7,0x31,0xC7,0x31,0xC7,0x31,0xC7,0x31,0xC7,0x31,0xC7,0x31,0xC7,0x31,0xC7,0x31,
    0xC7,0x31,0xC7,0x31,0xC7,0x31,0xC7,0x31,0xC7,0x31,0xC7,0x31,0xC7,0x31,0xC7,0x31,
    0xC7,0x31,0xC7,0x31,0xC7,0x31,0xC7,0x31,0xC7,0x31,0xC7,0x31,0xC7,0x31,0xC7,0x31,
    0xC7,0x31,0xC7,0x31,0xC7,0x31,0xC7,0x31,0xC7,0x31,0xC7,0x31,0xC7,0x31,0xC7,0x31,
    0xC7,0x31,0xC7,0x31,0xC7,0x31,0xC7,0x31,0xC7,0x31,0xC7,0x31,0xC7,0x31,0xC7,0x31,
    0xC7,0x31,0xC7,0x31,0xC7,0x31,0xC7,0x31,0xC7,0x31,0xC7,0x31,0xC7,0x31,0xC7,0x31,
    0xC7,0x31,0xC7,0x31,0xC7,0x31,0xC7,0x31,0xC7,0x31,0xC7,0x31,0xC7,0x31,0xC7,0x31,
    0xC7,0x31,0xC7,0x31,0xC7,0x31,0xC7,0x31,0xC7,0x31,0xC7,0x31,0xC7,0x31,0xC7,0x31,
    0xC7,0x31,0xC7,0x31,0xC7,0x31,0xC7,0x31,0xC7,0x31,0xC7,0x31,0xC7,0x31,0xC7,0x31,
    0xC7,0x31,0xC7,0x31,0xC7,0x31,0xC7,0x31,0xC7,0x31,0xC7,0x31,0xC7,0x31,0xC7,0x31,
    0xC7,0x31,0xC7,0x31,0xC7,0x31,0xC7,0x31,0xC7,0x31,0xC7,0x31,0xC7,0x31,0xC7,0x31,
    0xC7,0x31,0xC7,0x31,0xC7,0x31,0xC7,0x31,0xC7,0x31,0xC7,0x31,0xC7,0x31,0xC7,0x31,
    0xC7,0x31,0xC7,0x31,0xC7,0x31,0xC7,0x31,0xC7,0x31,0xC7,0x31,0xC7,0x31,0xC7,0x31,
    0xC7,0x31,0xC7,0x31,0xC7,0x31,0xC7,0x31,0xC7,0x31,0xC7,0x31,0xC7,0x31,0xC7,0x31,
    0xC7,0x31,0xC7,0x31,0xC7,0x31,0xC7,0x31,0xC7,0x31,0xC7,0x31,0xC7,0x31,0xC7,0x31,
    0xC7,0x31,0xC7,0x31,0xC7,0x31,0xC7,0x31,0xC7,0x31,0xC7,0x31,0xC7,0x31,0xC7,0x31,
    0xC7,0x31,0xC7,0x31,0xC7,0x31,0xC7,0x31,0xC7,0x31,0xC7,0x31,0xC7,0x31,0xC7,0x31,
    0xC7,0x31,0xC7,0x31,0xC7,0x31,0xC7,0x31,0xC7,0x31,0xC7,0x31,0xC7,0x31,0xC7,0x31,
    0xC7,0x31,0xC7,0x31,0xC7,0x31,0xC7,0x31,0xC7,0x31,0xC7,0x31,0xC7,0x31,0xC7,0x31,
    0xC7,0x31,0xC7,0x31,0xC7,0x31,0xC7,0x31,0xC7,0x31,0xC7,0x31,0xC7,0x31,0xC7,0x31,
    0xC7,0x31,0xC7,0x31,0xC7,0x31,0xC7,0x31,0xC7,0x31,0xC7,0x31,0xC7,0x31,0xC7,0x31,
    0xC7,0x31,0xC7,0x31,0xC7,0x31,0xC7,0x31,0xC7,0x31,0xC7,0x31,0xC7,0x31,0xC7,0x31,
    0xC7,0x31,0xC7,0x31,0xC7,0x31,0xC7,0x31,0xC7,0x31,0xC7,0x31,0xC7,0x31,0xC7,0x31,
    0xC7,0x31,0xC7,0x31,0xC7,0x31,0xC7,0x31,0xC7,0x31,0xC7,0x31,0xC7,0x31,0xC7,0x31,
    0xC7,0x31,0xC7,0x31,0xC7,0x31,0xC7,0x31,0xC7,0x31,0xC7,0x31,0xC7,0x31,0xC7,0x31,
    0xC7,0x31,0xC7,0x31,0xC7,0x31,0xC7,0x31,0xC7,0x31,0xC7,0x31,0xC7,0x31,0xC7,0x31,
    0xC7,0x31,0xC7,0x31,0xC7,0x31,0xC7,0x31,0xC7,0x31,0xC7,0x31,0xC7,0x31,0xC7,0x31,
    0xC7,0x31,0xC7,0x31,0xC7,0x31,0xC7,0x31,0xC7,0x31,0xC7,0x31,0xC7,0x31,0xC7,0x31,
    0xC7,0x31,0xC7,0x31,0xC7,0x31,0xC7,0x31,0xC7,0x31,0xC7,0x31,0xC7,0x31,0xC7,0x31,
    0xC7,0x31,0xC7,0x31,0xC7,0x31,0xC7,0x31,0xC7,0x31,0xC7,0x31,0xC7,0x31,0xC7,0x31,
    0xC7,0x31,0xC7,0x31,0xC7,0x31,0xC7,0x31,0xC7,0x31,0xC7,0x31,0xC7,0x31,0xC7,0x31,
    0xC7,0x31,0xC7,0x31,0xC7,0x31,0xC7,0x31,0xC7,0x31,0xC7,0x31,0xC7,0x31,0xC7,0x31,
    0xC7,0x31,0xC7,0x31,0xC7,0x31,0xC7,0x31,0xC7,0x31,0xC7,0x31,0xC7,0x31,0xC7,0x31,
    0xC7,0x31,0xC7,0x31,0xC7,0x31,0xC7,0x31,0xC7,0x31,0xC7,0x31,0xC7,0x31,0xC7,0x31,
    0xC7,0x31,0xC7,0x31,0xC7,0x31,0xC7,0x31,0xC7,0x31,0xC7,0x31,0xC7,0x31,0xC7,0x31,
    0xC7,0x31,0xC7,0x31,0xC7,0x31,0xC7,0x31,0xC7,0x31,0xC7,0x31,0xC7,0x31,0xC7,0x31,
    0xC7,0x31,0xC7,0x31,0xC7,0x31,0xC7,0x31,0xC7,0x31,0xC7,0x31,0xC7,0x31,0xC7,0x31,
    0xC7,0x31,0xC7,0x31,0xC7,0x31,0xC7,0x31,0xC7,0x31,0xC7,0x31,0xC7,0x31,0xC7,0x31,
    0xC7,0x31,0xC7,0x31,0xC7,0x31,0xC7,0x31,0xC7,0x31,0xC7,0x31,0xC7,0x31,0xC7,0x31,
    0xC7,0x31,0xC7,0x31,0xC7,0x31,0xC7,0x31,0xC7,0x31,0xC7,0x31,0xC7,0x31,0xC7,0x31,
    0xC7,0x31,0xC7,0x31,0xC7,0x31,0xC7,0x31,0xC7,0x31,0xC7,0x31,0xC7,0x31,0xC7,0x31,
    0xC7,0x31,0xC7,0x31,0xC7,0x31,0xC7,0x31,0xC7,0x31,0xC7,0x31,0xC7,0x31,0xC7,0x31,
    0xC7,0x31,0xC7,0x31,0xC7,0x31,0xC7,0x31,0xC7,0x31,0xC7,0x31,0xC7,0x31,0xC7,0x31,
    0xC7,0x31,0xC7,0x31,0xC7,0x31,0xC7,0x31,0xC7,0x31,0xC7,0x31,0xC7,0x31,0xC7,0x31,
    0xC7,0x31,0xC7,0x31,0xC7,0x31,0xC7,0x31,0xC7,0x31,0xC7,0x31,0xC7,0x31,0xC7,0x31,
    0xC7,0x31,0xC7,0x31,0xC7,0x31,0xC7,0x31,0xC7,0x31,0xC7,0x31,0xC7,0x31,0xC7,0x31,
    0xC7,0x31,0xC7,0x31,0xC7,0x31,0xC7,0x31,0xC7,0x31,0xC7,0x31,0xC7,0x31,0xC7,0x31,
    0xC7,0x31,0xC7,0x31,0xC7,0x31,0xC7,0x31,0xC7,0x31,0xC7,0x31,0xC7,0x31,0xC7,0x31,
    0xC7,0x31,0xC7,0x31,0xC7,0x31,0xC7,0x31,0xC7,0x31,0xC7,0x31,0xC7,0x31,0xC7,0x31,
    0xC7,0x31,0xC7,0x31,0xC7,0x31,0xC7,0x31,0xC7,0x31,0xC7,0x31,0xC7,0x31,0xC7,0x31,
    0xC7,0x31,0xC7,0x31,0xC7,0x31,0xC7,0x31,0xC7,0x31,0xC7,0x31,0xC7,0x31,0xC7,0x31,
    0xC7,0x31,0xC7,0x31,0xC7,0x31,0xC7,0x31,0xC7,0x31,0xC7,0x31,0xC7,0x31,0xC7,0x31,
    0xC7,0x31,0xC7,0x31,0xC7,0x31,0xC7,0x31,0xC7,0x31,0xC7,0x31,0xC7,0x31,0xC7,0x31,
    0xC7,0x31,0xC7,0x31,0xC7,0x31,0xC7,0x31,0xC7,0x31,0xC7,0x31,0xC7,0x31,0xC7,0x31,
    0xC7,0x31,0xC7,0x31,0xC7,0x31,0xC7,0x31,0xC7,0x31,0xC7,0x31,0xC7,0x31,0xC7,0x31,
    0xC7,0x31,0xC7,0x31,0xC7,0x31,0xC7,0x31,0xC7,0x31,0xC7,0x31,0xC7,0x31,0xC7,0x31,
    0xC7,0x31,0xC7,0x31,0xC7,0x31,0xC7,0x31,0xC7,0x31,0xC7,0x31,0xC7,0x31,0xC7,0x31,
    0xC7,0x31,0xC7,0x31,0xC7,0x31,0xC7,0x31,0xC7,0x31,0xC7,0x31,0xC7,0x31,0xC7,0x31,
    0xC7,0x31,0xC7,0x31,0xC7,0x31,0xC7,0x31,0xC7,0x31,0xC7,0x31,0xC7,0x31,0xC7,0x31,
};

const lv_image_dsc_t rf_device_radiolink_at9s_detail = {
    .header.magic = LV_IMAGE_HEADER_MAGIC,
    .header.cf = LV_COLOR_FORMAT_RGB565,
    .header.flags = 0,
    .header.w = 128,
    .header.h = 112,
    .header.stride = 256,
    .data_size = sizeof(rf_device_radiolink_at9s_detail_map),
    .data = rf_device_radiolink_at9s_detail_map,
};

const LV_ATTRIBUTE_MEM_ALIGN LV_ATTRIBUTE_LARGE_CONST uint8_t rf_device_yunzhuo_t12_strip_map[] = {
    0xC7,0x31,0xC7,0x31,0xC7,0x31,0xC7,0x31,0xC7,0x31,0xC7,0x31,0xC7,0x31,0xC7,0x31,
    0xC7,0x31,0xC7,0x31,0xC7,0x31,0xC7,0x31,0xC7,0x31,0xC7,0x31,0xC7,0x31,0xC7,0x31,
    0xC7,0x31,0xC7,0x31,0xC7,0x31,0xC7,0x31,0xC7,0x31,0xC7,0x31,0xC7,0x31,0xC7,0x31,
    0xC7,0x31,0xC7,0x31,0xC7,0x31,0xC7,0x31,0xC7,0x31,0xC7,0x31,0xC7,0x31,0xC7,0x31,
    0xC7,0x31,0xC7,0x31,0xC7,0x31,0xC7,0x31,0xC7,0x31,0xC7,0x31,0xC7,0x31,0xC7,0x31,
    0xC7,0x31,0xC7,0x31,0xC7,0x31,0xC7,0x31,0xC7,0x31,0xC7,0x31,0xC7,0x31,0xC7,0x31,
    0xC7,0x31,0xC7,0x31,0xC7,0x31,0xC7,0x31,0xC7,0x31,0xC7,0x31,0xC7,0x31,0xC7,0x31,
    0xC7,0x31,0xC7,0x31,0xC7,0x31,0xC7,0x31,0xC7,0x31,0xC7,0x31,0xC7,0x31,0xC7,0x31,
    0xC7,0x31,0xC7,0x31,0xC7,0x31,0xC7,0x31,0xC7,0x31,0xC7,0x31,0xC7,0x31,0xC7,0x31,
    0xC7,0x31,0xC7,0x31,0xC7,0x31,0xC7,0x31,0xC7,0x31,0xC7,0x31,0xC7,0x31,0xC7,0x31,
    0xC7,0x31,0xC7,0x31,0xC7,0x31,0xC7,0x31,0xC7,0x31,0xC7,0x31,0xC7,0x31,0xC7,0x31,
    0xC7,0x31,0xC7,0x31,0xC7,0x31,0xC7,0x31,0xC7,0x31,0xC7,0x31,0xC7,0x31,0xC7,0x31,
    0xC7,0x31,0xC7,0x31,0xC7,0x31,0xC7,0x31,0xC7,0x31,0xC7,0x31,0xC7,0x31,0xC7,0x31,
    0xC7,0x31,0xC7,0x31,0xC7,0x31,0xC7,0x31,0xC7,0x31,0xC7,0x31,0xC7,0x31,0xC7,0x31,
    0xC7,0x31,0xC7,0x31,0xC7,0x31,0xC7,0x31,0xC7,0x31,0xC7,0x31,0xC7,0x31,0xC7,0x31,
    0xC7,0x31,0xC7,0x31,0xC7,0x31,0xC7,0x31,0xC7,0x31,0xC7,0x31,0xC7,0x31,0xC7,0x31,
    0xC7,0x31,0xC7,0x31,0xC7,0x31,0xC7,0x31,0xC7,0x31,0xC7,0x31,0xC7,0x31,0xC7,0x31,
    0xC7,0x31,0xC7,0x31,0xC7,0x31,0xC7,0x31,0xC7,0x31,0xC7,0x31,0xC7,0x31,0xC7,0x31,
    0xC7,0x31,0xC7,0x31,0xC7,0x31,0xC7,0x31,0xC7,0x31,0xC7,0x31,0xC7,0x31,0xC7,0x31,
    0xC7,0x31,0xC7,0x31,0xC7,0x31,0xC7,0x31,0xC7,0x31,0xC7,0x31,0xC7,0x31,0xC7,0x31,
    0xC7,0x31,0xC7,0x31,0xC7,0x31,0xC7,0x31,0xC7,0x31,0xC7,0x31,0xC7,0x31,0xC7,0x31,
    0xC7,0x31,0xC7,0x31,0xC7,0x31,0xC7,0x31,0xAA,0x52,0xE7,0x39,0xE8,0x39,0x08,0x42,
    0x28,0x42,0x28,0x3A,0xE8,0x31,0xC7,0x31,0xC7,0x31,0xC7,0x31,0x28,0x3A,0xC7,0x31,
    0xC7,0x31,0xC7,0x31,0xC7,0x31,0xC7,0x31,0xC7,0x31,0xC7,0x31,0xC7,0x31,0xC7,0x31,
    0xC7,0x31,0xC7,0x31,0xC7,0x31,0xC7,0x31,0xC7,0x31,0xC7,0x31,0xC7,0x31,0xC7,0x31,
    0xC7,0x31,0xC7,0x31,0xC7,0x31,0xC7,0x31,0xC7,0x31,0xC7,0x31,0xC7,0x31,0xC7,0x31,
    0xC7,0x31,0xC7,0x31,0xC7,0x31,0xC7,0x31,0xC7,0x31,0xC7,0x31,0xC7,0x31,0xC7,0x31,
    0xC7,0x31,0xC7,0x31,0xC7,0x31,0xC7,0x31,0xC7,0x31,0xC7,0x31,0xC7,0x31,0x08,0x3A,
    0xA6,0x31,0x28,0x42,0xE7,0x39,0xC7,0x39,0xE7,0x39,0xC7,0x39,0xC7,0x39,0x49,0x42,
    0x6A,0x4A,0x6A,0x4A,0x08,0x3A,0x08,0x42,0x28,0x42,0x29,0x42,0x29,0x42,0x29,0x42,
    0xC7,0x31,0xC7,0x31,0xC7,0x31,0xC7,0x31,0xC7,0x31,0xC7,0x31,0xC7,0x31,0xC7,0x31,
    0xC7,0x31,0xC7,0x31,0xC7,0x31,0xC7,0x31,0xC7,0x31,0xC7,0x31,0xC7,0x31,0xC7,0x31,
    0xC7,0x31,0xC7,0x31,0xC7,0x31,0xC7,0x31,0xC7,0x31,0xC7,0x31,0xC7,0x31,0xC7,0x31,
    0xC7,0x31,0xC7,0x31,0xC7,0x31,0xC7,0x31,0xC7,0x31,0xC7,0x31,0xC7,0x31,0xC7,0x31,
    0xC7,0x31,0xC7,0x31,0xC7,0x31,0x08,0x42,0xA7,0x31,0x6A,0x4A,0x08,0x42,0xE7,0x31,
    0x69,0x42,0x69,0x4A,0x49,0x42,0x8A,0x4A,0x28,0x42,0xE7,0x39,0xA6,0x31,0xA6,0x31,
    0xC7,0x39,0xE7,0x39,0xC7,0x39,0xE7,0x39,0x08,0x42,0x49,0x42,0xC7,0x31,0xC7,0x31,
    0xC7,0x31,0xC7,0x31,0xC7,0x31,0xC7,0x31,0xC7,0x31,0xC7,0x31,0xC7,0x31,0xC7,0x31,
    0xC7,0x31,0xC7,0x31,0xC7,0x31,0xC7,0x31,0xC7,0x31,0xC7,0x31,0xC7,0x31,0xC7,0x31,
    0xC7,0x31,0xC7,0x31,0xC7,0x31,0xC7,0x31,0xC7,0x31,0xC7,0x31,0xC7,0x31,0xC7,0x31,
    0xC7,0x31,0xC7,0x31,0xC7,0x31,0xC7,0x31,0xC7,0x31,0xC7,0x31,0xC7,0x31,0xE7,0x39,
    0x08,0x42,0xEB,0x5A,0xAA,0x52,0xAA,0x4A,0x89,0x42,0xEB,0x52,0x0C,0x53,0x4D,0x53,
    0x6D,0x6B,0x0C,0x63,0x49,0x4A,0xC7,0x39,0x45,0x29,0x45,0x29,0x85,0x31,0x86,0x31,
    0xA6,0x31,0x08,0x42,0x69,0x4A,0x8A,0x52,0xAA,0x52,0xEB,0x5A,0xC7,0x31,0xC7,0x31,
    0xC7,0x31,0xC7,0x31,0xC7,0x31,0xC7,0x31,0xC7,0x31,0xC7,0x31,0xC7,0x31,0xC7,0x31,
    0xC7,0x31,0xC7,0x31,0xC7,0x31,0xC7,0x31,0xC7,0x31,0xC7,0x31,0xC7,0x31,0xC7,0x31,
    0xC7,0x31,0xC7,0x31,0xC7,0x31,0xC7,0x31,0xC7,0x31,0xC7,0x31,0xC7,0x31,0xC7,0x31,
    0xC7,0x31,0xC7,0x31,0xC7,0x31,0xC7,0x39,0x28,0x42,0xAE,0x73,0xAA,0x4A,0x6C,0x5B,
    0x4C,0x5B,0xCE,0x63,0x50,0x7C,0x50,0x7C,0x0F,0x74,0xCA,0x52,0xE7,0x39,0xCA,0x5A,
    0x65,0x29,0x04,0x21,0xCB,0x5A,0xE7,0x39,0xA6,0x31,0x07,0x42,0x28,0x42,0xC7,0x39,
    0xE7,0x39,0x08,0x3A,0x49,0x4A,0x8A,0x4A,0xAA,0x52,0xCB,0x5A,0x49,0x42,0xC7,0x31,
    0xC7,0x31,0xC7,0x31,0xC7,0x31,0xC7,0x31,0xC7,0x31,0xC7,0x31,0xC7,0x31,0xC7,0x31,
    0xC7,0x31,0xC7,0x31,0xC7,0x31,0xC7,0x31,0xC7,0x31,0xC7,0x31,0xC7,0x31,0xC7,0x31,
    0xC7,0x31,0xC7,0x31,0xC7,0x31,0xC7,0x31,0xC7,0x31,0xC7,0x31,0xC7,0x31,0xC7,0x39,
    0x49,0x4A,0x89,0x4A,0x49,0x42,0x4C,0x5B,0x4C,0x5B,0xCE,0x6B,0x50,0x74,0x50,0x7C,
    0x0F,0x74,0x89,0x42,0xA6,0x29,0x2B,0x63,0x89,0x4A,0x48,0x42,0x2C,0x6B,0x07,0x3A,
    0xE7,0x31,0x0B,0x63,0x4C,0x63,0x08,0x42,0x08,0x42,0x8A,0x52,0xE7,0x39,0xC7,0x39,
    0xC7,0x39,0x08,0x42,0x69,0x4A,0xC7,0x31,0xC7,0x31,0xC7,0x31,0xC7,0x31,0xC7,0x31,
    0xC7,0x31,0xC7,0x31,0xC7,0x31,0xC7,0x31,0xC7,0x31,0xC7,0x31,0xC7,0x31,0xC7,0x31,
    0xC7,0x31,0xC7,0x31,0xC7,0x31,0xC7,0x31,0xC7,0x31,0xC7,0x31,0xC7,0x31,0xC7,0x31,
    0xC7,0x31,0xC7,0x31,0x28,0x42,0xA6,0x31,0xEB,0x5A,0x2C,0x63,0x28,0x3A,0xCA,0x4A,
    0x4C,0x53,0xEF,0x6B,0xEF,0x6B,0xCF,0x6B,0x6D,0x5B,0x28,0x32,0xCA,0x52,0x2B,0x63,
    0x0B,0x63,0x4B,0x63,0xAD,0x7B,0x2B,0x5B,0xEE,0x73,0xCE,0x73,0x2C,0x63,0xEB,0x5A,
    0x2C,0x63,0x6D,0x6B,0xCB,0x5A,0x28,0x42,0xE6,0x39,0xA6,0x31,0x28,0x42,0xC7,0x31,
    0xC7,0x31,0xC7,0x31,0xC7,0x31,0xC7,0x31,0xC7,0x31,0xC7,0x31,0xC7,0x31,0xC7,0x31,
    0xC7,0x31,0xC7,0x31,0xC7,0x31,0xC7,0x31,0xC7,0x31,0xC7,0x31,0xC7,0x31,0xC7,0x31,
    0xC7,0x31,0xC7,0x31,0xC7,0x31,0xC7,0x31,0xC7,0x31,0xC7,0x31,0xE8,0x39,0xC7,0x39,
    0x8A,0x4A,0x08,0x3A,0x27,0x32,0x89,0x42,0x6C,0x5B,0xEE,0x6B,0x0F,0x6C,0x0E,0x6C,
    0x8D,0x5B,0xCA,0x42,0x8D,0x73,0xAC,0x73,0x0A,0x63,0x4B,0x6B,0xCE,0x7B,0x50,0x8C,
    0xEF,0x7B,0x2C,0x63,0xCA,0x5A,0x0B,0x6B,0x10,0x84,0xEF,0x7B,0xAE,0x73,0x4C,0x6B,
    0xEA,0x5A,0xE7,0x39,0x49,0x42,0xC7,0x31,0xC7,0x31,0xC7,0x31,0xC7,0x31,0xC7,0x31,
    0xC7,0x31,0xC7,0x31,0xC7,0x31,0xC7,0x31,0xC7,0x31,0xC7,0x31,0xC7,0x31,0xC7,0x31,
    0xC7,0x31,0xC7,0x31,0xC7,0x31,0xC7,0x31,0xC7,0x31,0xC7,0x31,0xC7,0x31,0xC7,0x31,
    0xC7,0x31,0xC7,0x31,0xE8,0x39,0xE7,0x39,0x0D,0x4B,0x29,0x3A,0x68,0x3A,0xCA,0x4A,
    0x4C,0x5B,0xEF,0x6B,0x2E,0x7C,0x6C,0x84,0xAD,0x73,0x2C,0x5B,0xAA,0x52,0xEA,0x5A,
    0x4B,0x6B,0x0B,0x63,0x0B,0x63,0x0F,0x84,0xAE,0x73,0x69,0x4A,0xC6,0x29,0x27,0x22,
    0xC7,0x39,0x8A,0x5A,0xAA,0x5A,0x0B,0x63,0x6D,0x73,0x08,0x42,0x49,0x42,0xC7,0x31,
    0xC7,0x31,0xC7,0x31,0xC7,0x31,0xC7,0x31,0xC7,0x31,0xC7,0x31,0xC7,0x31,0xC7,0x31,
    0xC7,0x31,0xC7,0x31,0xC7,0x31,0xC7,0x31,0xC7,0x31,0xC7,0x31,0xC7,0x31,0xC7,0x31,
    0xC7,0x31,0xC7,0x31,0xC7,0x31,0xC7,0x31,0xC7,0x31,0xC7,0x31,0xE7,0x39,0xC7,0x31,
    0x8A,0x4A,0x89,0x42,0x89,0x3A,0xCA,0x42,0x4C,0x5B,0x10,0x74,0xEF,0x83,0x2F,0x8C,
    0xF4,0xA4,0x10,0x8C,0xAA,0x5A,0x2C,0x7B,0x0B,0x7B,0x89,0x62,0x4B,0x7B,0x4E,0x84,
    0x0B,0x63,0x68,0x4A,0x49,0x3A,0xE8,0x19,0xC2,0x20,0x8C,0x3A,0x53,0x23,0x2A,0x32,
    0x07,0x42,0xE8,0x41,0x6A,0x4A,0xC7,0x31,0xC7,0x31,0xC7,0x31,0xC7,0x31,0xC7,0x31,
    0xC7,0x31,0xC7,0x31,0xC7,0x31,0xC7,0x31,0xC7,0x31,0xC7,0x31,0xC7,0x31,0xC7,0x31,
    0xC7,0x31,0xC7,0x31,0xC7,0x31,0xC7,0x31,0xC7,0x31,0xC7,0x31,0xC7,0x31,0xC7,0x31,
    0xC7,0x31,0xC7,0x31,0xE7,0x39,0xA7,0x29,0xCB,0x5A,0x2B,0x63,0x48,0x3A,0xCA,0x4A,
    0x6D,0x63,0x50,0x84,0xB3,0xA4,0x15,0x9D,0x72,0x8C,0x2C,0x63,0x2D,0x63,0xCF,0x7B,
    0xAE,0x7B,0xAE,0x7B,0x8C,0x83,0xCC,0x7B,0x8C,0x73,0x47,0x4A,0x69,0x2A,0x86,0x19,
    0x03,0x29,0x73,0x44,0xF9,0x2C,0xB2,0x3B,0xA5,0x39,0x28,0x42,0xC7,0x31,0xC7,0x31,
    0xC7,0x31,0xC7,0x31,0xC7,0x31,0xC7,0x31,0xC7,0x31,0xC7,0x31,0xC7,0x31,0xC7,0x31,
    0xC7,0x31,0xC7,0x31,0xC7,0x31,0xC7,0x31,0xC7,0x31,0xC7,0x31,0xC7,0x31,0xC7,0x31,
    0xC7,0x31,0xC7,0x31,0xC7,0x31,0xC7,0x31,0xC7,0x31,0x08,0x3A,0xC7,0x39,0xC7,0x31,
    0xC7,0x29,0x49,0x42,0x89,0x4A,0xEB,0x52,0xEF,0x73,0x71,0x94,0xD3,0xA4,0x93,0x8C,
    0xD0,0x73,0xF5,0x94,0x0C,0x6B,0x6D,0x6B,0xCE,0x7B,0xAE,0x73,0x4C,0x7B,0x6D,0x7B,
    0xA9,0x52,0x47,0x4A,0x49,0x2A,0x25,0x19,0x24,0x29,0x4F,0x54,0x72,0x55,0x2C,0x4B,
    0xA6,0x39,0x49,0x42,0xC7,0x31,0xC7,0x31,0xC7,0x31,0xC7,0x31,0xC7,0x31,0xC7,0x31,
    0xC7,0x31,0xC7,0x31,0xC7,0x31,0xC7,0x31,0xC7,0x31,0xC7,0x31,0xC7,0x31,0xC7,0x31,
    0xC7,0x31,0xC7,0x31,0xC7,0x31,0xC7,0x31,0xC7,0x31,0xC7,0x31,0xC7,0x31,0xC7,0x31,
    0xC7,0x31,0xE8,0x39,0x28,0x42,0x69,0x42,0xE7,0x29,0xE7,0x31,0x28,0x3A,0x6D,0x63,
    0x92,0x8C,0xB2,0x9C,0x14,0xA5,0x93,0x8C,0xD0,0x73,0x15,0xA5,0x4D,0x73,0xEF,0x83,
    0xCE,0x83,0x6D,0x73,0x8D,0x8B,0x8D,0x73,0x27,0x42,0x27,0x42,0xE7,0x39,0x48,0x42,
    0x28,0x42,0x49,0x4A,0xAA,0x4A,0x08,0x4A,0xE7,0x41,0x49,0x4A,0xC7,0x31,0xC7,0x31,
    0xC7,0x31,0xC7,0x31,0xC7,0x31,0xC7,0x31,0xC7,0x31,0xC7,0x31,0xC7,0x31,0xC7,0x31,
    0xC7,0x31,0xC7,0x31,0xC7,0x31,0xC7,0x31,0xC7,0x31,0xC7,0x31,0xC7,0x31,0xC7,0x31,
    0xC7,0x31,0xC7,0x31,0xC7,0x31,0xC7,0x31,0xC7,0x31,0xC7,0x31,0xAA,0x52,0xEC,0x52,
    0xC7,0x29,0xAA,0x52,0x89,0x42,0x8E,0x6B,0x92,0x8C,0x71,0x94,0xF4,0x9C,0x14,0x9D,
    0xD0,0x73,0xEC,0x5A,0xAF,0x7B,0x0F,0x84,0x0F,0x84,0xCE,0x8B,0x6C,0x83,0xC9,0x5A,
    0xA8,0x52,0x07,0x42,0xE7,0x39,0xAA,0x52,0xCA,0x52,0x69,0x4A,0x69,0x4A,0x08,0x42,
    0xE7,0x39,0x69,0x4A,0xC7,0x31,0xC7,0x31,0xC7,0x31,0xC7,0x31,0xC7,0x31,0xC7,0x31,
    0xC7,0x31,0xC7,0x31,0xC7,0x31,0xC7,0x31,0xC7,0x31,0xC7,0x31,0xC7,0x31,0xC7,0x31,
    0xC7,0x31,0xC7,0x31,0xC7,0x31,0xC7,0x31,0xC7,0x31,0xC7,0x31,0xC7,0x31,0xC7,0x31,
    0xC7,0x31,0xC7,0x39,0x8A,0x52,0xEB,0x62,0x0B,0x63,0x6C,0x6B,0xAA,0x4A,0xAF,0x73,
    0xEE,0x73,0x2D,0x8C,0xD3,0x9C,0x14,0x9D,0xF4,0x94,0x72,0x8C,0x71,0x8C,0x0F,0x84,
    0xAE,0x7B,0x4C,0x83,0x2B,0x6B,0x68,0x4A,0xA9,0x52,0xCB,0x52,0x49,0x42,0x89,0x4A,
    0x49,0x4A,0x28,0x42,0x49,0x4A,0xC7,0x31,0x08,0x42,0xE8,0x31,0xC7,0x31,0xC7,0x31,
    0xC7,0x31,0xC7,0x31,0xC7,0x31,0xC7,0x31,0xC7,0x31,0xC7,0x31,0xC7,0x31,0xC7,0x31,
    0xC7,0x31,0xC7,0x31,0xC7,0x31,0xC7,0x31,0xC7,0x31,0xC7,0x31,0xC7,0x31,0xC7,0x31,
    0xC7,0x31,0xC7,0x31,0xC7,0x31,0xC7,0x31,0xC7,0x31,0xC7,0x39,0x6A,0x52,0x2C,0x73,
    0x4C,0x73,0x89,0x4A,0x6D,0x63,0xEF,0x73,0xEE,0x73,0x0F,0x84,0x30,0x94,0x30,0x94,
    0x50,0x94,0x91,0x9C,0x71,0x8C,0x91,0x8C,0x6D,0x73,0x0B,0x6B,0x2B,0x63,0xA9,0x5A,
    0x68,0x4A,0x91,0x63,0x13,0x6C,0x54,0x74,0x53,0x84,0xEC,0x52,0xAB,0x52,0xE8,0x39,
    0x28,0x42,0xC7,0x31,0xC7,0x31,0xC7,0x31,0xC7,0x31,0xC7,0x31,0xC7,0x31,0xC7,0x31,
    0xC7,0x31,0xC7,0x31,0xC7,0x31,0xC7,0x31,0xC7,0x31,0xC7,0x31,0xC7,0x31,0xC7,0x31,
    0xC7,0x31,0xC7,0x31,0xC7,0x31,0xC7,0x31,0xC7,0x31,0xC7,0x31,0xC7,0x31,0xC7,0x31,
    0xE8,0x39,0x86,0x31,0x6D,0x6B,0x2D,0x6B,0xAA,0x5A,0xCA,0x52,0x2C,0x63,0x6D,0x6B,
    0x30,0x84,0x92,0x8C,0x51,0x84,0x0F,0x7C,0x10,0x8C,0xCF,0x8B,0x6D,0x83,0xCF,0x8B,
    0x2E,0x8C,0x89,0x4A,0x08,0x42,0xCA,0x5A,0x67,0x4A,0xE4,0x29,0xA5,0x29,0x8A,0x42,
    0xF1,0x73,0x32,0x74,0x73,0x7C,0x6A,0x4A,0x28,0x42,0xC7,0x31,0xC7,0x31,0xC7,0x31,
    0xC7,0x31,0xC7,0x31,0xC7,0x31,0xC7,0x31,0xC7,0x31,0xC7,0x31,0xC7,0x31,0xC7,0x31,
    0xC7,0x31,0xC7,0x31,0xC7,0x31,0xC7,0x31,0xC7,0x31,0xC7,0x31,0xC7,0x31,0xC7,0x31,
    0xC7,0x31,0xC7,0x31,0xC7,0x31,0xC7,0x31,0x28,0x3A,0xA6,0x31,0xE7,0x41,0xC7,0x39,
    0xCB,0x5A,0xCA,0x5A,0x2C,0x63,0xAA,0x52,0x4C,0x63,0x8D,0x6B,0xCF,0x7B,0xCF,0x7B,
    0x8E,0x73,0x4D,0x6B,0xAE,0x7B,0x8D,0x73,0x2A,0x63,0x48,0x42,0x28,0x4A,0xA9,0x5A,
    0xA8,0x4A,0xC5,0x42,0xA5,0x42,0x64,0x3A,0x64,0x3A,0x45,0x3A,0x27,0x32,0x08,0x3A,
    0x6A,0x4A,0xC7,0x31,0xC7,0x31,0xC7,0x31,0xC7,0x31,0xC7,0x31,0xC7,0x31,0xC7,0x31,
    0xC7,0x31,0xC7,0x31,0xC7,0x31,0xC7,0x31,0xC7,0x31,0xC7,0x31,0xC7,0x31,0xC7,0x31,
    0xC7,0x31,0xC7,0x31,0xC7,0x31,0xC7,0x31,0xC7,0x31,0xC7,0x31,0xC7,0x31,0xC7,0x31,
    0x69,0x4A,0xEB,0x5A,0xAA,0x52,0xE7,0x39,0x08,0x42,0xE7,0x41,0x08,0x42,0xE7,0x39,
    0xCB,0x5A,0x8A,0x52,0x8E,0x73,0x8A,0x52,0x8A,0x52,0x8E,0x73,0x8D,0x73,0x4C,0x63,
    0xEB,0x5A,0xCB,0x5A,0x48,0x42,0x47,0x4A,0x45,0x42,0x45,0x3A,0x45,0x3A,0x44,0x3A,
    0x44,0x32,0xA5,0x42,0x45,0x3A,0x08,0x42,0x29,0x42,0xC7,0x31,0xC7,0x31,0xC7,0x31,
    0xC7,0x31,0xC7,0x31,0xC7,0x31,0xC7,0x31,0xC7,0x31,0xC7,0x31,0xC7,0x31,0xC7,0x31,
    0xC7,0x31,0xC7,0x31,0xC7,0x31,0xC7,0x31,0xC7,0x31,0xC7,0x31,0xC7,0x31,0xC7,0x31,
    0xC7,0x31,0xC7,0x31,0xC7,0x31,0xCB,0x52,0xCB,0x5A,0xEB,0x5A,0x6D,0x6B,0x08,0x42,
    0xAA,0x52,0xCB,0x5A,0x08,0x42,0x49,0x4A,0xE8,0x41,0x86,0x31,0x08,0x42,0xE7,0x41,
    0x08,0x42,0x2C,0x63,0x4C,0x6B,0x6D,0x6B,0x4C,0x63,0xCA,0x5A,0x48,0x42,0xE6,0x39,
    0x07,0x42,0x07,0x3A,0x47,0x42,0x47,0x4A,0x67,0x4A,0x25,0x3A,0xC5,0x31,0x49,0x42,
    0xC7,0x31,0xC7,0x31,0xC7,0x31,0xC7,0x31,0xC7,0x31,0xC7,0x31,0xC7,0x31,0xC7,0x31,
    0xC7,0x31,0xC7,0x31,0xC7,0x31,0xC7,0x31,0xC7,0x31,0xC7,0x31,0xC7,0x31,0xC7,0x31,
    0xC7,0x31,0xC7,0x31,0xC7,0x31,0xC7,0x31,0xC7,0x31,0xC7,0x31,0x49,0x42,0xCB,0x5A,
    0xA6,0x31,0x24,0x21,0x45,0x29,0xC3,0x18,0x45,0x29,0x49,0x4A,0x69,0x4A,0xAE,0x73,
    0x2D,0x6B,0x8A,0x52,0xC7,0x39,0xC7,0x39,0xA6,0x39,0xA6,0x39,0xE7,0x41,0x49,0x4A,
    0x8A,0x52,0x69,0x4A,0x27,0x42,0xE6,0x39,0x69,0x4A,0x48,0x4A,0x28,0x42,0x29,0x4A,
    0x69,0x4A,0xC6,0x39,0xE7,0x39,0x69,0x4A,0xC7,0x31,0xC7,0x31,0xC7,0x31,0xC7,0x31,
    0xC7,0x31,0xC7,0x31,0xC7,0x31,0xC7,0x31,0xC7,0x31,0xC7,0x31,0xC7,0x31,0xC7,0x31,
    0xC7,0x31,0xC7,0x31,0xC7,0x31,0xC7,0x31,0xC7,0x31,0xC7,0x31,0xC7,0x31,0xC7,0x31,
    0xC7,0x31,0xC7,0x31,0xAA,0x52,0xAA,0x52,0x24,0x21,0xE3,0x18,0x82,0x10,0x61,0x08,
    0xC3,0x18,0x08,0x42,0x8A,0x52,0xE7,0x39,0xE7,0x39,0xAA,0x52,0xC3,0x18,0x03,0x19,
    0xE7,0x39,0x08,0x42,0xC7,0x39,0xA6,0x39,0x86,0x31,0x86,0x31,0xC6,0x39,0xC6,0x39,
    0xE7,0x39,0x48,0x4A,0x48,0x4A,0x28,0x42,0x28,0x42,0x85,0x29,0xE7,0x39,0x6A,0x4A,
    0xC7,0x31,0xC7,0x31,0xC7,0x31,0xC7,0x31,0xC7,0x31,0xC7,0x31,0xC7,0x31,0xC7,0x31,
    0xC7,0x31,0xC7,0x31,0xC7,0x31,0xC7,0x31,0xC7,0x31,0xC7,0x31,0xC7,0x31,0xC7,0x31,
    0xC7,0x31,0xC7,0x31,0xC7,0x31,0xC7,0x31,0xC7,0x31,0x49,0x42,0xCB,0x5A,0x8A,0x52,
    0x65,0x29,0xC3,0x18,0xC3,0x18,0x82,0x10,0xC3,0x18,0x28,0x42,0x4D,0x6B,0x69,0x4A,
    0x49,0x4A,0x65,0x31,0x20,0x08,0x82,0x08,0x86,0x31,0x08,0x42,0x08,0x42,0x08,0x42,
    0xA6,0x31,0xC7,0x39,0xA6,0x31,0x45,0x29,0xA6,0x31,0x65,0x31,0x65,0x31,0xE7,0x41,
    0xA6,0x31,0x65,0x29,0x28,0x42,0x69,0x4A,0xC7,0x31,0xC7,0x31,0xC7,0x31,0xC7,0x31,
    0xC7,0x31,0xC7,0x31,0xC7,0x31,0xC7,0x31,0xC7,0x31,0xC7,0x31,0xC7,0x31,0xC7,0x31,
    0xC7,0x31,0xC7,0x31,0xC7,0x31,0xC7,0x31,0xC7,0x31,0xC7,0x31,0xC7,0x31,0xC7,0x31,
    0xC7,0x31,0x8A,0x4A,0x8A,0x52,0x69,0x4A,0x49,0x4A,0x86,0x31,0x45,0x29,0x45,0x29,
    0x08,0x42,0x69,0x4A,0x49,0x4A,0x49,0x4A,0x28,0x4A,0xA2,0x10,0xC3,0x18,0x24,0x21,
    0x86,0x31,0x28,0x42,0x28,0x42,0x08,0x42,0x08,0x42,0x28,0x42,0x86,0x31,0x04,0x21,
    0x49,0x4A,0x4D,0x6B,0x0C,0x63,0x86,0x31,0x08,0x42,0xA7,0x39,0x28,0x4A,0x28,0x42,
    0x08,0x3A,0xC7,0x31,0xC7,0x31,0xC7,0x31,0xC7,0x31,0xC7,0x31,0xC7,0x31,0xC7,0x31,
    0xC7,0x31,0xC7,0x31,0xC7,0x31,0xC7,0x31,0xC7,0x31,0xC7,0x31,0xC7,0x31,0xC7,0x31,
    0xC7,0x31,0xC7,0x31,0xC7,0x31,0xC7,0x31,0x08,0x3A,0x69,0x4A,0x51,0x8C,0x71,0x8C,
    0x4D,0x6B,0x0C,0x63,0x08,0x42,0x69,0x4A,0x69,0x4A,0x49,0x4A,0x28,0x42,0x28,0x42,
    0x86,0x31,0x61,0x08,0x65,0x29,0x65,0x29,0x86,0x31,0x07,0x3A,0x08,0x42,0x08,0x42,
    0x08,0x42,0x08,0x42,0xA6,0x31,0x04,0x21,0x66,0x31,0xE8,0x41,0xE8,0x41,0xC7,0x39,
    0x08,0x42,0x49,0x4A,0x0C,0x63,0xE7,0x39,0x08,0x42,0x29,0x42,0xC7,0x31,0xC7,0x31,
    0xC7,0x31,0xC7,0x31,0xC7,0x31,0xC7,0x31,0xC7,0x31,0xC7,0x31,0xC7,0x31,0xC7,0x31,
    0xC7,0x31,0xC7,0x31,0xC7,0x31,0xC7,0x31,0xC7,0x31,0xC7,0x31,0xC7,0x31,0xC7,0x31,
    0x49,0x42,0x8A,0x52,0x14,0xA5,0x55,0xAD,0xCB,0x5A,0x55,0xAD,0x30,0x84,0x08,0x42,
    0x28,0x42,0x28,0x42,0x08,0x42,0x08,0x42,0xC3,0x18,0xC3,0x18,0xC7,0x39,0x86,0x31,
    0x65,0x29,0xC7,0x39,0xE7,0x39,0xE7,0x39,0xE7,0x39,0xE7,0x39,0x86,0x31,0x24,0x21,
    0xA6,0x31,0xC7,0x39,0x66,0x31,0xA6,0x31,0xE3,0x20,0x08,0x42,0x6E,0x73,0x65,0x31,
    0xC7,0x39,0x08,0x42,0x08,0x3A,0xC7,0x31,0xC7,0x31,0xC7,0x31,0xC7,0x31,0xC7,0x31,
    0xC7,0x31,0xC7,0x31,0xC7,0x31,0xC7,0x31,0xC7,0x31,0xC7,0x31,0xC7,0x31,0xC7,0x31,
    0xC7,0x31,0xC7,0x31,0xC7,0x31,0xC7,0x31,0x49,0x4A,0xEB,0x5A,0xEF,0x7B,0xCB,0x5A,
    0xEB,0x5A,0x5D,0xEF,0x75,0xAD,0xEB,0x5A,0x69,0x4A,0x08,0x42,0x28,0x42,0x86,0x31,
    0x61,0x08,0x65,0x29,0xC7,0x39,0x86,0x31,0x65,0x29,0xA6,0x31,0xC7,0x39,0xC7,0x39,
    0xC7,0x39,0xC7,0x39,0x65,0x29,0x24,0x21,0xA6,0x31,0x49,0x4A,0xA6,0x39,0x04,0x21,
    0x82,0x10,0xE3,0x20,0x24,0x29,0xE3,0x18,0x86,0x31,0xC7,0x39,0xC7,0x39,0xC7,0x31,
    0xC7,0x31,0xC7,0x31,0xC7,0x31,0xC7,0x31,0xC7,0x31,0xC7,0x31,0xC7,0x31,0xC7,0x31,
    0xC7,0x31,0xC7,0x31,0xC7,0x31,0xC7,0x31,0xC7,0x31,0xC7,0x31,0xC7,0x31,0xC7,0x31,
    0x49,0x42,0x4D,0x6B,0x3C,0xE7,0xCF,0x7B,0xCB,0x5A,0x6D,0x6B,0x69,0x4A,0x2C,0x63,
    0xAA,0x52,0x49,0x4A,0x49,0x4A,0xC3,0x18,0xA2,0x10,0xA6,0x31,0xA6,0x31,0x86,0x31,
    0x65,0x29,0x86,0x31,0xA6,0x31,0xA6,0x31,0xA6,0x31,0x86,0x31,0x45,0x29,0x45,0x29,
    0x45,0x29,0x65,0x29,0x65,0x31,0xE3,0x18,0x82,0x10,0xA2,0x10,0xA2,0x10,0xA2,0x18,
    0x45,0x29,0xA6,0x31,0xA6,0x31,0xC7,0x31,0xC7,0x31,0xC7,0x31,0xC7,0x31,0xC7,0x31,
    0xC7,0x31,0xC7,0x31,0xC7,0x31,0xC7,0x31,0xC7,0x31,0xC7,0x31,0xC7,0x31,0xC7,0x31,
    0xC7,0x31,0xC7,0x31,0xC7,0x31,0xC7,0x31,0x69,0x4A,0xEB,0x5A,0xEB,0x5A,0xAA,0x52,
    0x2C,0x63,0x6D,0x6B,0xAA,0x52,0x8A,0x52,0x8A,0x52,0xAA,0x52,0x8A,0x52,0x86,0x31,
    0x86,0x31,0xC7,0x39,0xA6,0x31,0x65,0x29,0x65,0x29,0x65,0x29,0x86,0x31,0x86,0x31,
    0x86,0x31,0x65,0x29,0x45,0x29,0x45,0x29,0x65,0x29,0x65,0x29,0x86,0x31,0x24,0x21,
    0xC3,0x18,0xC3,0x18,0xC3,0x18,0xC3,0x18,0x45,0x29,0x86,0x31,0xC7,0x39,0xC7,0x31,
    0xC7,0x31,0xC7,0x31,0xC7,0x31,0xC7,0x31,0xC7,0x31,0xC7,0x31,0xC7,0x31,0xC7,0x31,
    0xC7,0x31,0xC7,0x31,0xC7,0x31,0xC7,0x31,0xC7,0x31,0xC7,0x31,0xC7,0x31,0xC7,0x31,
    0xAA,0x52,0x28,0x42,0xAA,0x52,0xCB,0x5A,0xCB,0x5A,0xAA,0x52,0xCB,0x5A,0xCB,0x5A,
    0xCB,0x5A,0xAA,0x52,0xAA,0x52,0xAA,0x52,0x8A,0x52,0x49,0x4A,0x08,0x42,0xC7,0x39,
    0x86,0x31,0x45,0x29,0x45,0x29,0x45,0x29,0x65,0x29,0x65,0x29,0x65,0x29,0x65,0x29,
    0x86,0x31,0x65,0x29,0x65,0x29,0x86,0x31,0x24,0x21,0x24,0x21,0x04,0x21,0x24,0x21,
    0x86,0x31,0x86,0x31,0x08,0x42,0xC7,0x31,0xC7,0x31,0xC7,0x31,0xC7,0x31,0xC7,0x31,
    0xC7,0x31,0xC7,0x31,0xC7,0x31,0xC7,0x31,0xC7,0x31,0xC7,0x31,0xC7,0x31,0xC7,0x31,
    0xC7,0x31,0xC7,0x31,0xC7,0x31,0xC7,0x31,0x2C,0x63,0x69,0x4A,0xC7,0x39,0xE7,0x39,
    0x28,0x42,0x69,0x4A,0x69,0x4A,0x28,0x42,0x49,0x4A,0x8A,0x52,0xAA,0x52,0xAB,0x5A,
    0xC9,0x4A,0xA9,0x4A,0x89,0x4A,0x49,0x4A,0x28,0x42,0x08,0x42,0xC7,0x39,0x86,0x31,
    0x86,0x31,0xC7,0x39,0xC7,0x39,0xA6,0x31,0xA6,0x31,0xA6,0x31,0xC7,0x39,0x65,0x29,
    0xEB,0x5A,0xC7,0x39,0x04,0x21,0xA6,0x31,0x86,0x31,0xA6,0x31,0x8A,0x4A,0xC7,0x31,
    0xC7,0x31,0xC7,0x31,0xC7,0x31,0xC7,0x31,0xC7,0x31,0xC7,0x31,0xC7,0x31,0xC7,0x31,
    0xC7,0x31,0xC7,0x31,0xC7,0x31,0xC7,0x31,0xC7,0x31,0xC7,0x31,0xC7,0x31,0xC7,0x31,
    0xAB,0x52,0xEB,0x5A,0x28,0x42,0x08,0x42,0xE7,0x39,0xC7,0x39,0xA6,0x31,0x86,0x31,
    0xC7,0x39,0xC7,0x39,0xE7,0x39,0x28,0x42,0x69,0x4A,0x8A,0x4A,0xAA,0x4A,0xA9,0x4A,
    0x88,0x4A,0x88,0x42,0x49,0x4A,0x28,0x42,0x28,0x42,0x08,0x42,0x08,0x42,0xE7,0x39,
    0x86,0x31,0xCF,0x7B,0x5C,0xEF,0x48,0x42,0xC7,0x39,0xAE,0x73,0x10,0x84,0xA6,0x31,
    0x45,0x29,0x08,0x42,0x69,0x4A,0xC7,0x31,0xC7,0x31,0xC7,0x31,0xC7,0x31,0xC7,0x31,
    0xC7,0x31,0xC7,0x31,0xC7,0x31,0xC7,0x31,0xC7,0x31,0xC7,0x31,0xC7,0x31,0xC7,0x31,
    0xC7,0x31,0xC7,0x31,0xC7,0x31,0xC7,0x31,0xC7,0x31,0x8A,0x52,0x69,0x4A,0x69,0x4A,
    0x69,0x4A,0x49,0x4A,0x08,0x42,0x08,0x42,0x28,0x42,0x28,0x42,0xE7,0x39,0xC7,0x39,
    0xC7,0x39,0xC7,0x39,0xE7,0x39,0x28,0x42,0x49,0x4A,0x89,0x4A,0x69,0x4A,0x49,0x4A,
    0x49,0x4A,0x28,0x42,0x28,0x42,0x28,0x42,0x08,0x42,0x69,0x4A,0xAE,0x73,0x08,0x42,
    0xE4,0x18,0x71,0x8C,0x99,0xD6,0xA6,0x31,0x65,0x29,0xAA,0x52,0xC7,0x31,0xC7,0x31,
    0xC7,0x31,0xC7,0x31,0xC7,0x31,0xC7,0x31,0xC7,0x31,0xC7,0x31,0xC7,0x31,0xC7,0x31,
    0xC7,0x31,0xC7,0x31,0xC7,0x31,0xC7,0x31,0xC7,0x31,0xC7,0x31,0xC7,0x31,0xC7,0x31,
    0xC7,0x31,0xC7,0x31,0x29,0x42,0x29,0x42,0x49,0x4A,0x49,0x4A,0x28,0x42,0x08,0x3A,
    0x28,0x42,0x49,0x4A,0x28,0x42,0x49,0x4A,0x49,0x4A,0x08,0x42,0xE7,0x39,0xC7,0x39,
    0xC7,0x39,0xC7,0x39,0xE7,0x39,0x28,0x42,0x49,0x4A,0x49,0x4A,0x49,0x4A,0x28,0x42,
    0x28,0x42,0x8A,0x52,0xE7,0x39,0x08,0x42,0x51,0x8C,0xCB,0x5A,0xA6,0x31,0x24,0x21,
    0x08,0x42,0xCB,0x52,0xC7,0x31,0xC7,0x31,0xC7,0x31,0xC7,0x31,0xC7,0x31,0xC7,0x31,
    0xC7,0x31,0xC7,0x31,0xC7,0x31,0xC7,0x31,0xC7,0x31,0xC7,0x31,0xC7,0x31,0xC7,0x31,
    0xC7,0x31,0xC7,0x31,0xC7,0x31,0xC7,0x31,0xC7,0x31,0xC7,0x31,0xC7,0x31,0xC7,0x31,
    0xC7,0x31,0xC7,0x31,0xC7,0x31,0xC7,0x31,0xC7,0x31,0xC7,0x31,0x29,0x42,0x29,0x42,
    0x29,0x42,0x49,0x42,0x28,0x42,0x49,0x4A,0x28,0x42,0x08,0x42,0xC7,0x39,0xC7,0x39,
    0xC7,0x39,0xE7,0x39,0x49,0x4A,0x49,0x4A,0x49,0x4A,0x7D,0xEF,0x55,0xAD,0xE7,0x39,
    0x1C,0xE7,0xB2,0x94,0x45,0x29,0x45,0x29,0xCB,0x5A,0xC7,0x31,0xC7,0x31,0xC7,0x31,
    0xC7,0x31,0xC7,0x31,0xC7,0x31,0xC7,0x31,0xC7,0x31,0xC7,0x31,0xC7,0x31,0xC7,0x31,
    0xC7,0x31,0xC7,0x31,0xC7,0x31,0xC7,0x31,0xC7,0x31,0xC7,0x31,0xC7,0x31,0xC7,0x31,
    0xC7,0x31,0xC7,0x31,0xC7,0x31,0xC7,0x31,0xC7,0x31,0xC7,0x31,0xC7,0x31,0xC7,0x31,
    0xC7,0x31,0xC7,0x31,0xC7,0x31,0xC7,0x31,0xC7,0x31,0xC7,0x31,0x08,0x3A,0x29,0x42,
    0x29,0x42,0x49,0x4A,0x28,0x42,0x28,0x42,0x28,0x42,0x08,0x42,0xE7,0x39,0x08,0x42,
    0x28,0x42,0x8E,0x73,0x0C,0x63,0x08,0x42,0x28,0x42,0xE7,0x39,0x04,0x21,0x69,0x4A,
    0xCB,0x5A,0xC7,0x31,0xC7,0x31,0xC7,0x31,0xC7,0x31,0xC7,0x31,0xC7,0x31,0xC7,0x31,
    0xC7,0x31,0xC7,0x31,0xC7,0x31,0xC7,0x31,0xC7,0x31,0xC7,0x31,0xC7,0x31,0xC7,0x31,
    0xC7,0x31,0xC7,0x31,0xC7,0x31,0xC7,0x31,0xC7,0x31,0xC7,0x31,0xC7,0x31,0xC7,0x31,
    0xC7,0x31,0xC7,0x31,0xC7,0x31,0xC7,0x31,0xC7,0x31,0xC7,0x31,0xC7,0x31,0xC7,0x31,
    0xC7,0x31,0xC7,0x31,0xC7,0x31,0xC7,0x31,0xC7,0x31,0x29,0x42,0x28,0x42,0x29,0x42,
    0x29,0x42,0xAA,0x52,0x28,0x42,0xA6,0x31,0xC7,0x39,0x86,0x31,0xC7,0x39,0x08,0x42,
    0xC7,0x39,0x45,0x29,0xE7,0x39,0x0C,0x63,0xC7,0x31,0xC7,0x31,0xC7,0x31,0xC7,0x31,
    0xC7,0x31,0xC7,0x31,0xC7,0x31,0xC7,0x31,0xC7,0x31,0xC7,0x31,0xC7,0x31,0xC7,0x31,
    0xC7,0x31,0xC7,0x31,0xC7,0x31,0xC7,0x31,0xC7,0x31,0xC7,0x31,0xC7,0x31,0xC7,0x31,
    0xC7,0x31,0xC7,0x31,0xC7,0x31,0xC7,0x31,0xC7,0x31,0xC7,0x31,0xC7,0x31,0xC7,0x31,
    0xC7,0x31,0xC7,0x31,0xC7,0x31,0xC7,0x31,0xC7,0x31,0xC7,0x31,0xC7,0x31,0xC7,0x31,
    0xC7,0x31,0xC7,0x31,0xC7,0x31,0xC7,0x31,0xC7,0x31,0x8A,0x52,0x8A,0x52,0x28,0x42,
    0x08,0x42,0xE7,0x39,0xC7,0x39,0xC7,0x39,0xA6,0x31,0x28,0x42,0xEB,0x5A,0x6A,0x4A,
    0xC7,0x31,0xC7,0x31,0xC7,0x31,0xC7,0x31,0xC7,0x31,0xC7,0x31,0xC7,0x31,0xC7,0x31,
    0xC7,0x31,0xC7,0x31,0xC7,0x31,0xC7,0x31,0xC7,0x31,0xC7,0x31,0xC7,0x31,0xC7,0x31,
    0xC7,0x31,0xC7,0x31,0xC7,0x31,0xC7,0x31,0xC7,0x31,0xC7,0x31,0xC7,0x31,0xC7,0x31,
    0xC7,0x31,0xC7,0x31,0xC7,0x31,0xC7,0x31,0xC7,0x31,0xC7,0x31,0xC7,0x31,0xC7,0x31,
    0xC7,0x31,0xC7,0x31,0xC7,0x31,0xC7,0x31,0xC7,0x31,0xC7,0x31,0xC7,0x31,0xC7,0x31,
    0xC7,0x31,0xC7,0x31,0x29,0x42,0x49,0x4A,0x49,0x4A,0x49,0x4A,0x28,0x42,0x08,0x42,
    0x49,0x4A,0xAA,0x52,0x6A,0x4A,0xC7,0x31,0xC7,0x31,0xC7,0x31,0xC7,0x31,0xC7,0x31,
    0xC7,0x31,0xC7,0x31,0xC7,0x31,0xC7,0x31,0xC7,0x31,0xC7,0x31,0xC7,0x31,0xC7,0x31,
    0xC7,0x31,0xC7,0x31,0xC7,0x31,0xC7,0x31,0xC7,0x31,0xC7,0x31,0xC7,0x31,0xC7,0x31,
    0xC7,0x31,0xC7,0x31,0xC7,0x31,0xC7,0x31,0xC7,0x31,0xC7,0x31,0xC7,0x31,0xC7,0x31,
    0xC7,0x31,0xC7,0x31,0xC7,0x31,0xC7,0x31,0xC7,0x31,0xC7,0x31,0xC7,0x31,0xC7,0x31,
    0xC7,0x31,0xC7,0x31,0xC7,0x31,0xC7,0x31,0xC7,0x31,0xC7,0x31,0xC7,0x31,0xC7,0x31,
    0x08,0x3A,0x49,0x42,0x49,0x4A,0x49,0x4A,0x69,0x4A,0x49,0x42,0xC7,0x31,0xC7,0x31,
    0xC7,0x31,0xC7,0x31,0xC7,0x31,0xC7,0x31,0xC7,0x31,0xC7,0x31,0xC7,0x31,0xC7,0x31,
    0xC7,0x31,0xC7,0x31,0xC7,0x31,0xC7,0x31,0xC7,0x31,0xC7,0x31,0xC7,0x31,0xC7,0x31,
    0xC7,0x31,0xC7,0x31,0xC7,0x31,0xC7,0x31,0xC7,0x31,0xC7,0x31,0xC7,0x31,0xC7,0x31,
    0xC7,0x31,0xC7,0x31,0xC7,0x31,0xC7,0x31,0xC7,0x31,0xC7,0x31,0xC7,0x31,0xC7,0x31,
    0xC7,0x31,0xC7,0x31,0xC7,0x31,0xC7,0x31,0xC7,0x31,0xC7,0x31,0xC7,0x31,0xC7,0x31,
    0xC7,0x31,0xC7,0x31,0xC7,0x31,0xC7,0x31,0xC7,0x31,0xC7,0x31,0xC7,0x31,0xC7,0x31,
    0xC7,0x31,0xC7,0x31,0xC7,0x31,0xC7,0x31,0xC7,0x31,0xC7,0x31,0xC7,0x31,0xC7,0x31,
    0xC7,0x31,0xC7,0x31,0xC7,0x31,0xC7,0x31,0xC7,0x31,0xC7,0x31,0xC7,0x31,0xC7,0x31,
    0xC7,0x31,0xC7,0x31,0xC7,0x31,0xC7,0x31,0xC7,0x31,0xC7,0x31,0xC7,0x31,0xC7,0x31,
    0xC7,0x31,0xC7,0x31,0xC7,0x31,0xC7,0x31,0xC7,0x31,0xC7,0x31,0xC7,0x31,0xC7,0x31,
    0xC7,0x31,0xC7,0x31,0xC7,0x31,0xC7,0x31,0xC7,0x31,0xC7,0x31,0xC7,0x31,0xC7,0x31,
    0xC7,0x31,0xC7,0x31,0xC7,0x31,0xC7,0x31,0xC7,0x31,0xC7,0x31,0xC7,0x31,0xC7,0x31,
    0xC7,0x31,0xC7,0x31,0xC7,0x31,0xC7,0x31,0xC7,0x31,0xC7,0x31,0xC7,0x31,0xC7,0x31,
    0xC7,0x31,0xC7,0x31,0xC7,0x31,0xC7,0x31,0xC7,0x31,0xC7,0x31,0xC7,0x31,0xC7,0x31,
    0xC7,0x31,0xC7,0x31,0xC7,0x31,0xC7,0x31,0xC7,0x31,0xC7,0x31,0xC7,0x31,0xC7,0x31,
    0xC7,0x31,0xC7,0x31,0xC7,0x31,0xC7,0x31,0xC7,0x31,0xC7,0x31,0xC7,0x31,0xC7,0x31,
    0xC7,0x31,0xC7,0x31,0xC7,0x31,0xC7,0x31,0xC7,0x31,0xC7,0x31,0xC7,0x31,0xC7,0x31,
    0xC7,0x31,0xC7,0x31,0xC7,0x31,0xC7,0x31,0xC7,0x31,0xC7,0x31,0xC7,0x31,0xC7,0x31,
    0xC7,0x31,0xC7,0x31,0xC7,0x31,0xC7,0x31,0xC7,0x31,0xC7,0x31,0xC7,0x31,0xC7,0x31,
    0xC7,0x31,0xC7,0x31,0xC7,0x31,0xC7,0x31,0xC7,0x31,0xC7,0x31,0xC7,0x31,0xC7,0x31,
    0xC7,0x31,0xC7,0x31,0xC7,0x31,0xC7,0x31,0xC7,0x31,0xC7,0x31,0xC7,0x31,0xC7,0x31,
};

const lv_image_dsc_t rf_device_yunzhuo_t12_strip = {
    .header.magic = LV_IMAGE_HEADER_MAGIC,
    .header.cf = LV_COLOR_FORMAT_RGB565,
    .header.flags = 0,
    .header.w = 52,
    .header.h = 46,
    .header.stride = 104,
    .data_size = sizeof(rf_device_yunzhuo_t12_strip_map),
    .data = rf_device_yunzhuo_t12_strip_map,
};

const LV_ATTRIBUTE_MEM_ALIGN LV_ATTRIBUTE_LARGE_CONST uint8_t rf_device_yunzhuo_t12_detail_map[] = {
    0xC7,0x31,0xC7,0x31,0xC7,0x31,0xC7,0x31,0xC7,0x31,0xC7,0x31,0xC7,0x31,0xC7,0x31,
    0xC7,0x31,0xC7,0x31,0xC7,0x31,0xC7,0x31,0xC7,0x31,0xC7,0x31,0xC7,0x31,0xC7,0x31,
    0xC7,0x31,0xC7,0x31,0xC7,0x31,0xC7,0x31,0xC7,0x31,0xC7,0x31,0xC7,0x31,0xC7,0x31,
    0xC7,0x31,0xC7,0x31,0xC7,0x31,0xC7,0x31,0xC7,0x31,0xC7,0x31,0xC7,0x31,0xC7,0x31,
    0xC7,0x31,0xC7,0x31,0xC7,0x31,0xC7,0x31,0xC7,0x31,0xC7,0x31,0xC7,0x31,0xC7,0x31,
    0xC7,0x31,0xC7,0x31,0xC7,0x31,0xC7,0x31,0xC7,0x31,0xC7,0x31,0xC7,0x31,0xC7,0x31,
    0xC7,0x31,0xC7,0x31,0xC7,0x31,0xC7,0x31,0xC7,0x31,0xC7,0x31,0xC7,0x31,0xC7,0x31,
    0xC7,0x31,0xC7,0x31,0xC7,0x31,0xC7,0x31,0xC7,0x31,0xC7,0x31,0xC7,0x31,0xC7,0x31,
    0xC7,0x31,0xC7,0x31,0xC7,0x31,0xC7,0x31,0xC7,0x31,0xC7,0x31,0xC7,0x31,0xC7,0x31,
    0xC7,0x31,0xC7,0x31,0xC7,0x31,0xC7,0x31,0xC7,0x31,0xC7,0x31,0xC7,0x31,0xC7,0x31,
    0xC7,0x31,0xC7,0x31,0xC7,0x31,0xC7,0x31,0xC7,0x31,0xC7,0x31,0xC7,0x31,0xC7,0x31,
    0xC7,0x31,0xC7,0x31,0xC7,0x31,0xC7,0x31,0xC7,0x31,0xC7,0x31,0xC7,0x31,0xC7,0x31,
    0xC7,0x31,0xC7,0x31,0xC7,0x31,0xC7,0x31,0xC7,0x31,0xC7,0x31,0xC7,0x31,0xC7,0x31,
    0xC7,0x31,0xC7,0x31,0xC7,0x31,0xC7,0x31,0xC7,0x31,0xC7,0x31,0xC7,0x31,0xC7,0x31,
    0xC7,0x31,0xC7,0x31,0xC7,0x31,0xC7,0x31,0xC7,0x31,0xC7,0x31,0xC7,0x31,0xC7,0x31,
    0xC7,0x31,0xC7,0x31,0xC7,0x31,0xC7,0x31,0xC7,0x31,0xC7,0x31,0xC7,0x31,0xC7,0x31,
    0xC7,0x31,0xC7,0x31,0xC7,0x31,0xC7,0x31,0xC7,0x31,0xC7,0x31,0xC7,0x31,0xC7,0x31,
    0xC7,0x31,0xC7,0x31,0xC7,0x31,0xC7,0x31,0xC7,0x31,0xC7,0x31,0xC7,0x31,0xC7,0x31,
    0xC7,0x31,0xC7,0x31,0xC7,0x31,0xC7,0x31,0xC7,0x31,0xC7,0x31,0xC7,0x31,0xC7,0x31,
    0xC7,0x31,0xC7,0x31,0xC7,0x31,0xC7,0x31,0xC7,0x31,0xC7,0x31,0xC7,0x31,0xC7,0x31,
    0xC7,0x31,0xC7,0x31,0xC7,0x31,0xC7,0x31,0xC7,0x31,0xC7,0x31,0xC7,0x31,0xC7,0x31,
    0xC7,0x31,0xC7,0x31,0xC7,0x31,0xC7,0x31,0xC7,0x31,0xC7,0x31,0xC7,0x31,0xC7,0x31,
    0xC7,0x31,0xC7,0x31,0xC7,0x31,0xC7,0x31,0xC7,0x31,0xC7,0x31,0xC7,0x31,0xC7,0x31,
    0xC7,0x31,0xC7,0x31,0xC7,0x31,0xC7,0x31,0xC7,0x31,0xC7,0x31,0xC7,0x31,0xC7,0x31,
    0xC7,0x31,0xC7,0x31,0xC7,0x31,0xC7,0x31,0xC7,0x31,0xC7,0x31,0xC7,0x31,0xC7,0x31,
    0xC7,0x31,0xC7,0x31,0xC7,0x31,0xC7,0x31,0xC7,0x31,0xC7,0x31,0xC7,0x31,0xC7,0x31,
    0xC7,0x31,0xC7,0x31,0xC7,0x31,0xC7,0x31,0xC7,0x31,0xC7,0x31,0xC7,0x31,0xC7,0x31,
    0xC7,0x31,0xC7,0x31,0xC7,0x31,0xC7,0x31,0xC7,0x31,0xC7,0x31,0xC7,0x31,0xC7,0x31,
    0xC7,0x31,0xC7,0x31,0xC7,0x31,0xC7,0x31,0xC7,0x31,0xC7,0x31,0xC7,0x31,0xC7,0x31,
    0xC7,0x31,0xC7,0x31,0xC7,0x31,0xC7,0x31,0xC7,0x31,0xC7,0x31,0xC7,0x31,0xC7,0x31,
    0xC7,0x31,0xC7,0x31,0xC7,0x31,0xC7,0x31,0xC7,0x31,0xC7,0x31,0xC7,0x31,0xC7,0x31,
    0xC7,0x31,0xC7,0x31,0xC7,0x31,0xC7,0x31,0xC7,0x31,0xC7,0x31,0xC7,0x31,0xC7,0x31,
    0xC7,0x31,0xC7,0x31,0xC7,0x31,0xC7,0x31,0xC7,0x31,0xC7,0x31,0xC7,0x31,0xC7,0x31,
    0xC7,0x31,0xC7,0x31,0xC7,0x31,0xC7,0x31,0xC7,0x31,0xC7,0x31,0xC7,0x31,0xC7,0x31,
    0xC7,0x31,0xC7,0x31,0xC7,0x31,0xC7,0x31,0xC7,0x31,0xC7,0x31,0xC7,0x31,0xC7,0x31,
    0xC7,0x31,0xC7,0x31,0xC7,0x31,0xC7,0x31,0xC7,0x31,0xC7,0x31,0xC7,0x31,0xC7,0x31,
    0xC7,0x31,0xC7,0x31,0xC7,0x31,0xC7,0x31,0xC7,0x31,0xC7,0x31,0xC7,0x31,0xC7,0x31,
    0xC7,0x31,0xC7,0x31,0xC7,0x31,0xC7,0x31,0xC7,0x31,0xC7,0x31,0xC7,0x31,0xC7,0x31,
    0xC7,0x31,0xC7,0x31,0xC7,0x31,0xC7,0x31,0xC7,0x31,0xC7,0x31,0xC7,0x31,0xC7,0x31,
    0xC7,0x31,0xC7,0x31,0xC7,0x31,0xC7,0x31,0xC7,0x31,0xC7,0x31,0xC7,0x31,0xC7,0x31,
    0xC7,0x31,0xC7,0x31,0xC7,0x31,0xC7,0x31,0xC7,0x31,0xC7,0x31,0xC7,0x31,0xC7,0x31,
    0xC7,0x31,0xC7,0x31,0xC7,0x31,0xC7,0x31,0xC7,0x31,0xC7,0x31,0xC7,0x31,0xC7,0x31,
    0xC7,0x31,0xC7,0x31,0xC7,0x31,0xC7,0x31,0xC7,0x31,0xC7,0x31,0xC7,0x31,0xC7,0x31,
    0xC7,0x31,0xC7,0x31,0xC7,0x31,0xC7,0x31,0xC7,0x31,0xC7,0x31,0xC7,0x31,0xC7,0x31,
    0xC7,0x31,0xC7,0x31,0xC7,0x31,0xC7,0x31,0xC7,0x31,0xC7,0x31,0xC7,0x31,0xC7,0x31,
    0xC7,0x31,0xC7,0x31,0xC7,0x31,0xC7,0x31,0xC7,0x31,0xC7,0x31,0xC7,0x31,0xC7,0x31,
    0xC7,0x31,0xC7,0x31,0xC7,0x31,0xC7,0x31,0xC7,0x31,0xC7,0x31,0xC7,0x31,0xC7,0x31,
    0xC7,0x31,0xC7,0x31,0xC7,0x31,0xC7,0x31,0xC7,0x31,0xC7,0x31,0xC7,0x31,0xC7,0x31,
    0xC7,0x31,0xC7,0x31,0xC7,0x31,0xC7,0x31,0xC7,0x31,0xC7,0x31,0xC7,0x31,0xC7,0x31,
    0xC7,0x31,0xC7,0x31,0xC7,0x31,0xC7,0x31,0xC7,0x31,0xC7,0x31,0xC7,0x31,0xC7,0x31,
    0xC7,0x31,0xC7,0x31,0xC7,0x31,0xC7,0x31,0xC7,0x31,0xC7,0x31,0xC7,0x31,0xC7,0x31,
    0xC7,0x31,0xC7,0x31,0xC7,0x31,0xC7,0x31,0xC7,0x31,0xC7,0x31,0xC7,0x31,0xC7,0x31,
    0xC7,0x31,0xC7,0x31,0xC7,0x31,0xC7,0x31,0xC7,0x31,0xC7,0x31,0xC7,0x31,0xC7,0x31,
    0xC7,0x31,0xC7,0x31,0xC7,0x31,0xC7,0x31,0xC7,0x31,0xC7,0x31,0xC7,0x31,0xC7,0x31,
    0xC7,0x31,0xC7,0x31,0xC7,0x31,0xC7,0x31,0xC7,0x31,0xC7,0x31,0xC7,0x31,0xC7,0x31,
    0xC7,0x31,0xC7,0x31,0xC7,0x31,0xC7,0x31,0xC7,0x31,0xC7,0x31,0xC7,0x31,0xC7,0x31,
    0xC7,0x31,0xC7,0x31,0xC7,0x31,0xC7,0x31,0xC7,0x31,0xC7,0x31,0xC7,0x31,0xC7,0x31,
    0xC7,0x31,0xC7,0x31,0xC7,0x31,0xC7,0x31,0xC7,0x31,0xC7,0x31,0xC7,0x31,0xC7,0x31,
    0xC7,0x31,0xC7,0x31,0xC7,0x31,0xC7,0x31,0xC7,0x31,0xC7,0x31,0xC7,0x31,0xC7,0x31,
    0xC7,0x31,0xC7,0x31,0xC7,0x31,0xC7,0x31,0xC7,0x31,0xC7,0x31,0xC7,0x31,0xC7,0x31,
    0xC7,0x31,0xC7,0x31,0xC7,0x31,0xC7,0x31,0xC7,0x31,0xC7,0x31,0xC7,0x31,0xC7,0x31,
    0xC7,0x31,0xC7,0x31,0xC7,0x31,0xC7,0x31,0xC7,0x31,0xC7,0x31,0xC7,0x31,0xC7,0x31,
    0xC7,0x31,0xC7,0x31,0xC7,0x31,0xC7,0x31,0xC7,0x31,0xC7,0x31,0xC7,0x31,0xC7,0x31,
    0xC7,0x31,0xC7,0x31,0xC7,0x31,0xC7,0x31,0xC7,0x31,0xC7,0x31,0xC7,0x31,0xC7,0x31,
    0xC7,0x31,0xC7,0x31,0xC7,0x31,0xC7,0x31,0xC7,0x31,0xC7,0x31,0xC7,0x31,0xC7,0x31,
    0xC7,0x31,0xC7,0x31,0xC7,0x31,0xC7,0x31,0xC7,0x31,0xC7,0x31,0xC7,0x31,0xC7,0x31,
    0xC7,0x31,0xC7,0x31,0xC7,0x31,0xC7,0x31,0xC7,0x31,0xC7,0x31,0xC7,0x31,0xC7,0x31,
    0xC7,0x31,0xC7,0x31,0xC7,0x31,0xC7,0x31,0xC7,0x31,0xC7,0x31,0xC7,0x31,0xC7,0x31,
    0xC7,0x31,0xC7,0x31,0xC7,0x31,0xC7,0x31,0xC7,0x31,0xC7,0x31,0xC7,0x31,0xC7,0x31,
    0xC7,0x31,0xC7,0x31,0xC7,0x31,0xC7,0x31,0xC7,0x31,0xC7,0x31,0xC7,0x31,0xC7,0x31,
    0xC7,0x31,0xC7,0x31,0xC7,0x31,0xC7,0x31,0xC7,0x31,0xC7,0x31,0xC7,0x31,0xC7,0x31,
    0xC7,0x31,0xC7,0x31,0xC7,0x31,0xC7,0x31,0xC7,0x31,0xC7,0x31,0xC7,0x31,0xC7,0x31,
    0xC7,0x31,0xC7,0x31,0xC7,0x31,0xC7,0x31,0xC7,0x31,0xC7,0x31,0xC7,0x31,0xC7,0x31,
    0xC7,0x31,0xC7,0x31,0xC7,0x31,0xC7,0x31,0xC7,0x31,0xC7,0x31,0xC7,0x31,0xC7,0x31,
    0xC7,0x31,0xC7,0x31,0xC7,0x31,0xC7,0x31,0xC7,0x31,0xC7,0x31,0xC7,0x31,0xC7,0x31,
    0xC7,0x31,0xC7,0x31,0xC7,0x31,0xC7,0x31,0xC7,0x31,0xC7,0x31,0xC7,0x31,0xC7,0x31,
    0xC7,0x31,0xC7,0x31,0xC7,0x31,0xC7,0x31,0xC7,0x31,0xC7,0x31,0xC7,0x31,0xC7,0x31,
    0xC7,0x31,0xC7,0x31,0xC7,0x31,0xC7,0x31,0xC7,0x31,0xC7,0x31,0xC7,0x31,0xC7,0x31,
    0xC7,0x31,0xC7,0x31,0xC7,0x31,0xC7,0x31,0xC7,0x31,0xC7,0x31,0xC7,0x31,0xC7,0x31,
    0xC7,0x31,0xC7,0x31,0xC7,0x31,0xC7,0x31,0xC7,0x31,0xC7,0x31,0xC7,0x31,0xC7,0x31,
    0xC7,0x31,0xC7,0x31,0xC7,0x31,0xC7,0x31,0xC7,0x31,0xC7,0x31,0xC7,0x31,0xC7,0x31,
    0xC7,0x31,0xC7,0x31,0xC7,0x31,0xC7,0x31,0xC7,0x31,0xC7,0x31,0xC7,0x31,0xC7,0x31,
    0xC7,0x31,0xC7,0x31,0xC7,0x31,0xC7,0x31,0xC7,0x31,0xC7,0x31,0xC7,0x31,0xC7,0x31,
    0xC7,0x31,0xC7,0x31,0xC7,0x31,0xC7,0x31,0xC7,0x31,0xC7,0x31,0xC7,0x31,0xC7,0x31,
    0xC7,0x31,0xC7,0x31,0xC7,0x31,0xC7,0x31,0xC7,0x31,0xC7,0x31,0xC7,0x31,0xC7,0x31,
    0xC7,0x31,0xC7,0x31,0xC7,0x31,0xC7,0x31,0xC7,0x31,0xC7,0x31,0xC7,0x31,0xC7,0x31,
    0xC7,0x31,0xC7,0x31,0xC7,0x31,0xC7,0x31,0xC7,0x31,0xC7,0x31,0xC7,0x31,0xC7,0x31,
    0xC7,0x31,0xC7,0x31,0xC7,0x31,0xC7,0x31,0xC7,0x31,0xC7,0x31,0xC7,0x31,0xC7,0x31,
    0xC7,0x31,0xC7,0x31,0xC7,0x31,0xC7,0x31,0xC7,0x31,0xC7,0x31,0xC7,0x31,0xC7,0x31,
    0xC7,0x31,0xC7,0x31,0xC7,0x31,0xC7,0x31,0xC7,0x31,0xC7,0x31,0xC7,0x31,0xC7,0x31,
    0xC7,0x31,0xC7,0x31,0xC7,0x31,0xC7,0x31,0xC7,0x31,0xC7,0x31,0xC7,0x31,0xC7,0x31,
    0xC7,0x31,0xC7,0x31,0xC7,0x31,0xC7,0x31,0xC7,0x31,0xC7,0x31,0xC7,0x31,0xC7,0x31,
    0xC7,0x31,0xC7,0x31,0xC7,0x31,0xC7,0x31,0xC7,0x31,0xC7,0x31,0xC7,0x31,0xC7,0x31,
    0xC7,0x31,0xC7,0x31,0xC7,0x31,0xC7,0x31,0xC7,0x31,0xC7,0x31,0xC7,0x31,0xC7,0x31,
    0xC7,0x31,0xC7,0x31,0xC7,0x31,0xC7,0x31,0xC7,0x31,0xC7,0x31,0xC7,0x31,0xC7,0x31,
    0xC7,0x31,0xC7,0x31,0xC7,0x31,0xC7,0x31,0xC7,0x31,0xC7,0x31,0xC7,0x31,0xC7,0x31,
    0xC7,0x31,0xC7,0x31,0xC7,0x31,0xC7,0x31,0xC7,0x31,0xC7,0x31,0xC7,0x31,0xC7,0x31,
    0xC7,0x31,0xC7,0x31,0xC7,0x31,0xC7,0x31,0xC7,0x31,0xC7,0x31,0xC7,0x31,0xC7,0x31,
    0xC7,0x31,0xC7,0x31,0xC7,0x31,0xC7,0x31,0xC7,0x31,0xC7,0x31,0xC7,0x31,0xC7,0x31,
    0xC7,0x31,0xC7,0x31,0xC7,0x31,0xC7,0x31,0xC7,0x31,0xC7,0x31,0xC7,0x31,0xC7,0x31,
    0xC7,0x31,0xC7,0x31,0xC7,0x31,0xC7,0x31,0xC7,0x31,0xC7,0x31,0xC7,0x31,0xC7,0x31,
    0xC7,0x31,0xC7,0x31,0xC7,0x31,0xC7,0x31,0xC7,0x31,0xC7,0x31,0xC7,0x31,0xC7,0x31,
    0xC7,0x31,0xC7,0x31,0xC7,0x31,0xC7,0x31,0xC7,0x31,0xC7,0x31,0xC7,0x31,0xC7,0x31,
    0xC7,0x31,0xC7,0x31,0xC7,0x31,0xC7,0x31,0xC7,0x31,0xC7,0x31,0xC7,0x31,0xC7,0x31,
    0xC7,0x31,0xC7,0x31,0xC7,0x31,0xC7,0x31,0xC7,0x31,0xC7,0x31,0xC7,0x31,0xC7,0x31,
    0xC7,0x31,0xC7,0x31,0xC7,0x31,0xC7,0x31,0xC7,0x31,0xC7,0x31,0xC7,0x31,0xC7,0x31,
    0xC7,0x31,0xC7,0x31,0xC7,0x31,0xC7,0x31,0xC7,0x31,0xC7,0x31,0xC7,0x31,0xC7,0x31,
    0xC7,0x31,0xC7,0x31,0xC7,0x31,0xC7,0x31,0xC7,0x31,0xC7,0x31,0xC7,0x31,0xC7,0x31,
    0xC7,0x31,0xC7,0x31,0xC7,0x31,0xC7,0x31,0xC7,0x31,0xC7,0x31,0xC7,0x31,0xC7,0x31,
    0xC7,0x31,0xC7,0x31,0xC7,0x31,0xC7,0x31,0xC7,0x31,0xC7,0x31,0xC7,0x31,0xC7,0x31,
    0xC7,0x31,0xC7,0x31,0xC7,0x31,0xC7,0x31,0xC7,0x31,0xC7,0x31,0xC7,0x31,0xC7,0x31,
    0xC7,0x31,0xC7,0x31,0xC7,0x31,0xC7,0x31,0xC7,0x31,0xC7,0x31,0xC7,0x31,0xC7,0x31,
    0xC7,0x31,0xC7,0x31,0xC7,0x31,0xC7,0x31,0xC7,0x31,0xC7,0x31,0xC7,0x31,0xC7,0x31,
    0xC7,0x31,0xC7,0x31,0xC7,0x31,0xC7,0x31,0xC7,0x31,0xC7,0x31,0xC7,0x31,0xC7,0x31,
    0xC7,0x31,0xC7,0x31,0xC7,0x31,0xC7,0x31,0xC7,0x31,0xC7,0x31,0xC7,0x31,0xC7,0x31,
    0xC7,0x31,0xC7,0x31,0xC7,0x31,0xC7,0x31,0xC7,0x31,0xC7,0x31,0xC7,0x31,0xC7,0x31,
    0xC7,0x31,0xC7,0x31,0xC7,0x31,0xC7,0x31,0xC7,0x31,0xC7,0x31,0xC7,0x31,0xC7,0x31,
    0x8A,0x4A,0x71,0x8C,0x8E,0x73,0x69,0x4A,0x6A,0x4A,0xCB,0x52,0x49,0x42,0xCB,0x52,
    0xC7,0x31,0xC7,0x31,0xC7,0x31,0xC7,0x31,0xC7,0x31,0xC7,0x31,0xC7,0x31,0xC7,0x31,
    0xC7,0x31,0xC7,0x31,0xC7,0x31,0xC7,0x31,0xC7,0x31,0xC7,0x31,0xC7,0x31,0xC7,0x31,
    0xC7,0x31,0xC7,0x31,0xC7,0x31,0xC7,0x31,0xC7,0x31,0xC7,0x31,0xC7,0x31,0xC7,0x31,
    0xC7,0x31,0xC7,0x31,0xC7,0x31,0xC7,0x31,0xC7,0x31,0xC7,0x31,0xC7,0x31,0xC7,0x31,
    0xC7,0x31,0xC7,0x31,0xC7,0x31,0xC7,0x31,0xC7,0x31,0xC7,0x31,0xC7,0x31,0xC7,0x31,
    0xC7,0x31,0xC7,0x31,0xC7,0x31,0xC7,0x31,0xC7,0x31,0xC7,0x31,0xC7,0x31,0xC7,0x31,
    0xC7,0x31,0xC7,0x31,0xC7,0x31,0xC7,0x31,0xC7,0x31,0xC7,0x31,0xC7,0x31,0xC7,0x31,
    0xC7,0x31,0xC7,0x31,0xC7,0x31,0xC7,0x31,0xC7,0x31,0xC7,0x31,0xC7,0x31,0xC7,0x31,
    0xC7,0x31,0xC7,0x31,0xC7,0x31,0xC7,0x31,0xC7,0x31,0xC7,0x31,0xC7,0x31,0xC7,0x31,
    0xC7,0x31,0xC7,0x31,0xC7,0x31,0xC7,0x31,0xC7,0x31,0xC7,0x31,0xC7,0x31,0xC7,0x31,
    0xC7,0x31,0xC7,0x31,0xC7,0x31,0xC7,0x31,0xC7,0x31,0xC7,0x31,0xC7,0x31,0xC7,0x31,
    0xC7,0x31,0xC7,0x31,0xC7,0x31,0xC7,0x31,0xC7,0x31,0xC7,0x31,0xC7,0x31,0xC7,0x31,
    0xC7,0x31,0xC7,0x31,0xC7,0x31,0xC7,0x31,0xC7,0x31,0xC7,0x31,0xC7,0x31,0xC7,0x31,
    0xC7,0x31,0xC7,0x31,0xC7,0x31,0xC7,0x31,0xC7,0x31,0xC7,0x31,0xC7,0x31,0xC7,0x31,
    0xC7,0x31,0xC7,0x31,0xC7,0x31,0xC7,0x31,0xC7,0x31,0xC7,0x31,0xC7,0x31,0xC7,0x31,
    0x8E,0x73,0xCB,0x5A,0x65,0x29,0xA6,0x31,0xC7,0x39,0xE7,0x39,0xE7,0x39,0x49,0x4A,
    0xCB,0x5A,0x8A,0x52,0xAA,0x52,0x2C,0x63,0xEB,0x5A,0xC7,0x31,0xC7,0x31,0xC7,0x31,
    0xC7,0x31,0xC7,0x31,0xC7,0x31,0xC7,0x31,0xC7,0x31,0xC7,0x31,0xC7,0x31,0xC7,0x31,
    0xC7,0x31,0xC7,0x31,0xC7,0x31,0xC7,0x31,0xC7,0x31,0xC7,0x31,0xC7,0x31,0xC7,0x31,
    0xC7,0x31,0xC7,0x31,0xC7,0x31,0xC7,0x31,0xC7,0x31,0xC7,0x31,0xC7,0x31,0xC7,0x31,
    0xC7,0x31,0xC7,0x31,0xC7,0x31,0xC7,0x31,0xC7,0x31,0xC7,0x31,0xC7,0x31,0xC7,0x31,
    0xC7,0x31,0xC7,0x31,0xC7,0x31,0xC7,0x31,0xC7,0x31,0xC7,0x31,0xC7,0x31,0xC7,0x31,
    0xC7,0x31,0xC7,0x31,0xC7,0x31,0xC7,0x31,0xC7,0x31,0xC7,0x31,0xC7,0x31,0xC7,0x31,
    0xC7,0x31,0xC7,0x31,0xC7,0x31,0xC7,0x31,0xC7,0x31,0xC7,0x31,0xC7,0x31,0xC7,0x31,
    0xC7,0x31,0xC7,0x31,0xC7,0x31,0xC7,0x31,0xC7,0x31,0xC7,0x31,0xC7,0x31,0xC7,0x31,
    0xC7,0x31,0xC7,0x31,0xC7,0x31,0xC7,0x31,0xC7,0x31,0xC7,0x31,0xC7,0x31,0xC7,0x31,
    0xC7,0x31,0xC7,0x31,0xC7,0x31,0xC7,0x31,0xC7,0x31,0xC7,0x31,0xC7,0x31,0xC7,0x31,
    0xC7,0x31,0xC7,0x31,0xC7,0x31,0xC7,0x31,0xC7,0x31,0xC7,0x31,0xC7,0x31,0xC7,0x31,
    0xC7,0x31,0xC7,0x31,0xC7,0x31,0xC7,0x31,0xC7,0x31,0xC7,0x31,0xC7,0x31,0xC7,0x31,
    0xC7,0x31,0xC7,0x31,0xC7,0x31,0xC7,0x31,0xC7,0x31,0xC7,0x31,0xC7,0x31,0xC7,0x31,
    0xC7,0x31,0xC7,0x31,0xC7,0x31,0xC7,0x31,0xC7,0x31,0xC7,0x31,0xC7,0x31,0xC7,0x31,
    0xAB,0x52,0xE7,0x39,0xA6,0x31,0xA6,0x31,0xA6,0x31,0xA6,0x31,0xA6,0x31,0xA6,0x31,
    0x86,0x31,0xC7,0x39,0xE7,0x39,0x08,0x42,0x49,0x4A,0x69,0x4A,0x6A,0x4A,0x2C,0x63,
    0x6A,0x4A,0xCB,0x52,0x8A,0x52,0xC7,0x31,0xC7,0x31,0xC7,0x31,0xC7,0x31,0x28,0x3A,
    0x0C,0x63,0xAA,0x52,0xAB,0x52,0xAA,0x52,0xC7,0x31,0xC7,0x31,0xC7,0x31,0xC7,0x31,
    0xC7,0x31,0xC7,0x31,0xC7,0x31,0xC7,0x31,0xC7,0x31,0xC7,0x31,0xC7,0x31,0xC7,0x31,
    0xC7,0x31,0xC7,0x31,0xC7,0x31,0xC7,0x31,0xC7,0x31,0xC7,0x31,0xC7,0x31,0xC7,0x31,
    0xC7,0x31,0xC7,0x31,0xC7,0x31,0xC7,0x31,0xC7,0x31,0xC7,0x31,0xC7,0x31,0xC7,0x31,
    0xC7,0x31,0xC7,0x31,0xC7,0x31,0xC7,0x31,0xC7,0x31,0xC7,0x31,0xC7,0x31,0xC7,0x31,
    0xC7,0x31,0xC7,0x31,0xC7,0x31,0xC7,0x31,0xC7,0x31,0xC7,0x31,0xC7,0x31,0xC7,0x31,
    0xC7,0x31,0xC7,0x31,0xC7,0x31,0xC7,0x31,0xC7,0x31,0xC7,0x31,0xC7,0x31,0xC7,0x31,
    0xC7,0x31,0xC7,0x31,0xC7,0x31,0xC7,0x31,0xC7,0x31,0xC7,0x31,0xC7,0x31,0xC7,0x31,
    0xC7,0x31,0xC7,0x31,0xC7,0x31,0xC7,0x31,0xC7,0x31,0xC7,0x31,0xC7,0x31,0xC7,0x31,
    0xC7,0x31,0xC7,0x31,0xC7,0x31,0xC7,0x31,0xC7,0x31,0xC7,0x31,0xC7,0x31,0xC7,0x31,
    0xC7,0x31,0xC7,0x31,0xC7,0x31,0xC7,0x31,0xC7,0x31,0xC7,0x31,0xC7,0x31,0xC7,0x31,
    0xC7,0x31,0xC7,0x31,0xC7,0x31,0xC7,0x31,0xC7,0x31,0xC7,0x31,0xC7,0x31,0xC7,0x31,
    0xC7,0x31,0xC7,0x31,0xC7,0x31,0xC7,0x31,0xC7,0x31,0xC7,0x31,0xC7,0x31,0xC7,0x31,
    0x49,0x42,0xC7,0x39,0x86,0x31,0xA6,0x31,0xA6,0x31,0x86,0x31,0xA6,0x31,0xA6,0x31,
    0xA6,0x31,0xA6,0x31,0x86,0x31,0x86,0x31,0x86,0x31,0xA6,0x31,0xE7,0x39,0x08,0x42,
    0xE7,0x39,0x28,0x42,0x0C,0x63,0xCF,0x7B,0x30,0x84,0xEF,0x7B,0xEF,0x7B,0xCF,0x73,
    0x49,0x4A,0xE7,0x39,0x49,0x4A,0x8A,0x52,0x8A,0x52,0xEC,0x5A,0xCB,0x5A,0x8A,0x4A,
    0xEB,0x5A,0xC7,0x31,0xC7,0x31,0xC7,0x31,0xC7,0x31,0xC7,0x31,0xC7,0x31,0xC7,0x31,
    0xC7,0x31,0xC7,0x31,0xC7,0x31,0xC7,0x31,0xC7,0x31,0xC7,0x31,0xC7,0x31,0xC7,0x31,
    0xC7,0x31,0xC7,0x31,0xC7,0x31,0xC7,0x31,0xC7,0x31,0xC7,0x31,0xC7,0x31,0xC7,0x31,
    0xC7,0x31,0xC7,0x31,0xC7,0x31,0xC7,0x31,0xC7,0x31,0xC7,0x31,0xC7,0x31,0xC7,0x31,
    0xC7,0x31,0xC7,0x31,0xC7,0x31,0xC7,0x31,0xC7,0x31,0xC7,0x31,0xC7,0x31,0xC7,0x31,
    0xC7,0x31,0xC7,0x31,0xC7,0x31,0xC7,0x31,0xC7,0x31,0xC7,0x31,0xC7,0x31,0xC7,0x31,
    0xC7,0x31,0xC7,0x31,0xC7,0x31,0xC7,0x31,0xC7,0x31,0xC7,0x31,0xC7,0x31,0xC7,0x31,
    0xC7,0x31,0xC7,0x31,0xC7,0x31,0xC7,0x31,0xC7,0x31,0xC7,0x31,0xC7,0x31,0xC7,0x31,
    0xC7,0x31,0xC7,0x31,0xC7,0x31,0xC7,0x31,0xC7,0x31,0xC7,0x31,0xC7,0x31,0xC7,0x31,
    0xC7,0x31,0xC7,0x31,0xC7,0x31,0xC7,0x31,0xC7,0x31,0xC7,0x31,0xC7,0x31,0xC7,0x31,
    0xC7,0x31,0xC7,0x31,0xC7,0x31,0xC7,0x31,0xC7,0x31,0xC7,0x31,0xC7,0x31,0xC7,0x31,
    0xC7,0x31,0xC7,0x31,0xC7,0x31,0xC7,0x31,0xC7,0x31,0xC7,0x31,0xC7,0x31,0xE8,0x31,
    0x28,0x42,0xA6,0x31,0x85,0x31,0xC7,0x39,0x8E,0x73,0xCB,0x5A,0x65,0x29,0x86,0x31,
    0xE7,0x39,0x07,0x3A,0xE7,0x39,0xC7,0x39,0xC7,0x39,0xA6,0x39,0xA6,0x31,0x86,0x31,
    0x86,0x31,0x86,0x31,0x65,0x29,0x86,0x31,0xE7,0x39,0x49,0x4A,0xAA,0x52,0x2C,0x63,
    0x08,0x42,0x86,0x31,0x65,0x29,0x65,0x29,0x86,0x31,0xC7,0x39,0x08,0x42,0x28,0x42,
    0x8A,0x52,0xCB,0x5A,0xCB,0x5A,0xAB,0x52,0xCB,0x52,0xCB,0x5A,0xC7,0x31,0xC7,0x31,
    0xC7,0x31,0xC7,0x31,0xC7,0x31,0xC7,0x31,0xC7,0x31,0xC7,0x31,0xC7,0x31,0xC7,0x31,
    0xC7,0x31,0xC7,0x31,0xC7,0x31,0xC7,0x31,0xC7,0x31,0xC7,0x31,0xC7,0x31,0xC7,0x31,
    0xC7,0x31,0xC7,0x31,0xC7,0x31,0xC7,0x31,0xC7,0x31,0xC7,0x31,0xC7,0x31,0xC7,0x31,
    0xC7,0x31,0xC7,0x31,0xC7,0x31,0xC7,0x31,0xC7,0x31,0xC7,0x31,0xC7,0x31,0xC7,0x31,
    0xC7,0x31,0xC7,0x31,0xC7,0x31,0xC7,0x31,0xC7,0x31,0xC7,0x31,0xC7,0x31,0xC7,0x31,
    0xC7,0x31,0xC7,0x31,0xC7,0x31,0xC7,0x31,0xC7,0x31,0xC7,0x31,0xC7,0x31,0xC7,0x31,
    0xC7,0x31,0xC7,0x31,0xC7,0x31,0xC7,0x31,0xC7,0x31,0xC7,0x31,0xC7,0x31,0xC7,0x31,
    0xC7,0x31,0xC7,0x31,0xC7,0x31,0xC7,0x31,0xC7,0x31,0xC7,0x31,0xC7,0x31,0xC7,0x31,
    0xC7,0x31,0xC7,0x31,0xC7,0x31,0xC7,0x31,0xC7,0x31,0xC7,0x31,0xC7,0x31,0xC7,0x31,
    0xC7,0x31,0xC7,0x31,0xC7,0x31,0xC7,0x31,0xC7,0x31,0xC7,0x31,0xC7,0x31,0xC7,0x31,
    0xC7,0x31,0xC7,0x31,0xC7,0x31,0xC7,0x31,0xC7,0x31,0xC7,0x31,0xC7,0x31,0x2C,0x63,
    0x28,0x42,0x86,0x31,0x65,0x29,0x08,0x42,0x51,0x8C,0x4D,0x6B,0x65,0x29,0xA6,0x31,
    0xE7,0x39,0x07,0x3A,0x28,0x3A,0x89,0x4A,0x48,0x3A,0xE7,0x39,0xC7,0x39,0x08,0x42,
    0x08,0x42,0xE7,0x39,0xC7,0x39,0x86,0x31,0x86,0x31,0x86,0x31,0x65,0x29,0x65,0x29,
    0x86,0x31,0xA6,0x31,0xA6,0x31,0xC7,0x39,0xA6,0x31,0xA6,0x31,0x86,0x31,0x65,0x29,
    0x65,0x29,0x86,0x31,0xC7,0x39,0x08,0x42,0x49,0x4A,0x8A,0x52,0x8A,0x52,0xAA,0x52,
    0xCB,0x5A,0xCB,0x5A,0x8A,0x4A,0xE8,0x31,0xC7,0x31,0xC7,0x31,0xC7,0x31,0xC7,0x31,
    0xC7,0x31,0xC7,0x31,0xC7,0x31,0xC7,0x31,0xC7,0x31,0xC7,0x31,0xC7,0x31,0xC7,0x31,
    0xC7,0x31,0xC7,0x31,0xC7,0x31,0xC7,0x31,0xC7,0x31,0xC7,0x31,0xC7,0x31,0xC7,0x31,
    0xC7,0x31,0xC7,0x31,0xC7,0x31,0xC7,0x31,0xC7,0x31,0xC7,0x31,0xC7,0x31,0xC7,0x31,
    0xC7,0x31,0xC7,0x31,0xC7,0x31,0xC7,0x31,0xC7,0x31,0xC7,0x31,0xC7,0x31,0xC7,0x31,
    0xC7,0x31,0xC7,0x31,0xC7,0x31,0xC7,0x31,0xC7,0x31,0xC7,0x31,0xC7,0x31,0xC7,0x31,
    0xC7,0x31,0xC7,0x31,0xC7,0x31,0xC7,0x31,0xC7,0x31,0xC7,0x31,0xC7,0x31,0xC7,0x31,
    0xC7,0x31,0xC7,0x31,0xC7,0x31,0xC7,0x31,0xC7,0x31,0xC7,0x31,0xC7,0x31,0xC7,0x31,
    0xC7,0x31,0xC7,0x31,0xC7,0x31,0xC7,0x31,0xC7,0x31,0xC7,0x31,0xC7,0x31,0xC7,0x31,
    0xC7,0x31,0xC7,0x31,0xC7,0x31,0xC7,0x31,0xC7,0x31,0xC7,0x31,0xC7,0x31,0xC7,0x31,
    0xC7,0x31,0xC7,0x31,0xC7,0x31,0xC7,0x31,0xC7,0x31,0xC7,0x31,0xC7,0x31,0x8A,0x4A,
    0x08,0x42,0x86,0x31,0x87,0x31,0xE8,0x39,0x29,0x42,0x49,0x4A,0x86,0x31,0xC6,0x31,
    0x07,0x3A,0x07,0x3A,0x69,0x42,0x69,0x4A,0x2C,0x63,0x6D,0x6B,0x49,0x4A,0x69,0x4A,
    0xCB,0x5A,0xEB,0x62,0xEB,0x5A,0xAA,0x52,0x69,0x4A,0x28,0x42,0xC7,0x39,0xA6,0x31,
    0x86,0x31,0x86,0x31,0x65,0x29,0x65,0x29,0x86,0x31,0x86,0x31,0xA6,0x31,0xA6,0x31,
    0xA6,0x31,0xA6,0x31,0x86,0x31,0x86,0x31,0x65,0x29,0x65,0x29,0x86,0x31,0xC7,0x39,
    0x08,0x42,0xE7,0x39,0x69,0x4A,0xEB,0x5A,0xC7,0x31,0xC7,0x31,0xC7,0x31,0xC7,0x31,
    0xC7,0x31,0xC7,0x31,0xC7,0x31,0xC7,0x31,0xC7,0x31,0xC7,0x31,0xC7,0x31,0xC7,0x31,
    0xC7,0x31,0xC7,0x31,0xC7,0x31,0xC7,0x31,0xC7,0x31,0xC7,0x31,0xC7,0x31,0xC7,0x31,
    0xC7,0x31,0xC7,0x31,0xC7,0x31,0xC7,0x31,0xC7,0x31,0xC7,0x31,0xC7,0x31,0xC7,0x31,
    0xC7,0x31,0xC7,0x31,0xC7,0x31,0xC7,0x31,0xC7,0x31,0xC7,0x31,0xC7,0x31,0xC7,0x31,
    0xC7,0x31,0xC7,0x31,0xC7,0x31,0xC7,0x31,0xC7,0x31,0xC7,0x31,0xC7,0x31,0xC7,0x31,
    0xC7,0x31,0xC7,0x31,0xC7,0x31,0xC7,0x31,0xC7,0x31,0xC7,0x31,0xC7,0x31,0xC7,0x31,
    0xC7,0x31,0xC7,0x31,0xC7,0x31,0xC7,0x31,0xC7,0x31,0xC7,0x31,0xC7,0x31,0xC7,0x31,
    0xC7,0x31,0xC7,0x31,0xC7,0x31,0xC7,0x31,0xC7,0x31,0xC7,0x31,0xC7,0x31,0xC7,0x31,
    0xC7,0x31,0xC7,0x31,0xC7,0x31,0xC7,0x31,0xC7,0x31,0xC7,0x31,0xC7,0x31,0xC7,0x31,
    0xC7,0x31,0xC7,0x31,0xC7,0x31,0xC7,0x31,0xC7,0x31,0xC7,0x31,0xC7,0x31,0x29,0x42,
    0xE7,0x39,0x86,0x31,0xC8,0x39,0x8A,0x52,0xE7,0x39,0xE7,0x39,0x28,0x42,0x28,0x3A,
    0x48,0x42,0x08,0x3A,0x28,0x3A,0xE7,0x39,0x8A,0x4A,0xAE,0x73,0xAA,0x52,0x49,0x42,
    0xCA,0x52,0x11,0x4C,0x6E,0x53,0xEB,0x5A,0xEC,0x62,0xCB,0x5A,0x8A,0x52,0xAA,0x52,
    0x69,0x4A,0x28,0x42,0xE7,0x39,0xC7,0x39,0xA6,0x31,0x86,0x31,0x86,0x31,0x86,0x31,
    0x86,0x31,0x86,0x31,0x86,0x31,0xA6,0x31,0xA6,0x31,0xA6,0x31,0xA6,0x31,0xA6,0x31,
    0x86,0x31,0x24,0x21,0x8A,0x52,0x92,0x94,0xC7,0x31,0xC7,0x31,0xC7,0x31,0xC7,0x31,
    0xC7,0x31,0xC7,0x31,0xC7,0x31,0xC7,0x31,0xC7,0x31,0xC7,0x31,0xC7,0x31,0xC7,0x31,
    0xC7,0x31,0xC7,0x31,0xC7,0x31,0xC7,0x31,0xC7,0x31,0xC7,0x31,0xC7,0x31,0xC7,0x31,
    0xC7,0x31,0xC7,0x31,0xC7,0x31,0xC7,0x31,0xC7,0x31,0xC7,0x31,0xC7,0x31,0xC7,0x31,
    0xC7,0x31,0xC7,0x31,0xC7,0x31,0xC7,0x31,0xC7,0x31,0xC7,0x31,0xC7,0x31,0xC7,0x31,
    0xC7,0x31,0xC7,0x31,0xC7,0x31,0xC7,0x31,0xC7,0x31,0xC7,0x31,0xC7,0x31,0xC7,0x31,
    0xC7,0x31,0xC7,0x31,0xC7,0x31,0xC7,0x31,0xC7,0x31,0xC7,0x31,0xC7,0x31,0xC7,0x31,
    0xC7,0x31,0xC7,0x31,0xC7,0x31,0xC7,0x31,0xC7,0x31,0xC7,0x31,0xC7,0x31,0xC7,0x31,
    0xC7,0x31,0xC7,0x31,0xC7,0x31,0xC7,0x31,0xC7,0x31,0xC7,0x31,0xC7,0x31,0xC7,0x31,
    0xC7,0x31,0xC7,0x31,0xC7,0x31,0xC7,0x31,0xC7,0x31,0xC7,0x31,0xC7,0x31,0xC7,0x31,
    0xC7,0x31,0xC7,0x31,0xC7,0x31,0xC7,0x31,0xC7,0x31,0xC7,0x31,0xC7,0x31,0x49,0x4A,
    0xC7,0x39,0x86,0x31,0x08,0x42,0xCB,0x5A,0xAA,0x52,0x69,0x4A,0x6D,0x6B,0x6C,0x63,
    0x2B,0x53,0xEA,0x4A,0x69,0x3A,0x28,0x3A,0x07,0x32,0x08,0x3A,0x28,0x3A,0x49,0x42,
    0x89,0x42,0xD0,0x43,0x2D,0x53,0xCA,0x52,0x4C,0x63,0x92,0x94,0x92,0x94,0xEB,0x5A,
    0x0C,0x63,0xAA,0x52,0x49,0x4A,0x49,0x4A,0x08,0x42,0x04,0x21,0x45,0x29,0x65,0x29,
    0x65,0x29,0x86,0x31,0x86,0x31,0x66,0x29,0x86,0x31,0x86,0x31,0x86,0x31,0xA6,0x31,
    0xA6,0x31,0xA6,0x31,0x08,0x42,0x2C,0x63,0x8E,0x73,0xEF,0x7B,0x10,0x7C,0xEF,0x7B,
    0x0C,0x5B,0x29,0x42,0xC7,0x31,0xC7,0x31,0xC7,0x31,0xC7,0x31,0xC7,0x31,0xC7,0x31,
    0xC7,0x31,0xC7,0x31,0xC7,0x31,0xC7,0x31,0xC7,0x31,0xC7,0x31,0xC7,0x31,0xC7,0x31,
    0xC7,0x31,0xC7,0x31,0xC7,0x31,0xC7,0x31,0xC7,0x31,0xC7,0x31,0xC7,0x31,0xC7,0x31,
    0xC7,0x31,0xC7,0x31,0xC7,0x31,0xC7,0x31,0xC7,0x31,0xC7,0x31,0xC7,0x31,0xC7,0x31,
    0xC7,0x31,0xC7,0x31,0xC7,0x31,0xC7,0x31,0xC7,0x31,0xC7,0x31,0xC7,0x31,0xC7,0x31,
    0xC7,0x31,0xC7,0x31,0xC7,0x31,0xC7,0x31,0xC7,0x31,0xC7,0x31,0xC7,0x31,0xC7,0x31,
    0xC7,0x31,0xC7,0x31,0xC7,0x31,0xC7,0x31,0xC7,0x31,0xC7,0x31,0xC7,0x31,0xC7,0x31,
    0xC7,0x31,0xC7,0x31,0xC7,0x31,0xC7,0x31,0xC7,0x31,0xC7,0x31,0xC7,0x31,0xC7,0x31,
    0xC7,0x31,0xC7,0x31,0xC7,0x31,0xC7,0x31,0xC7,0x31,0xC7,0x31,0xC7,0x31,0xC7,0x31,
    0xC7,0x31,0xC7,0x31,0xC7,0x31,0xC7,0x31,0xC7,0x31,0xC7,0x31,0xC7,0x31,0x28,0x42,
    0xA6,0x31,0x86,0x31,0x69,0x4A,0xEF,0x7B,0x10,0x7C,0x8A,0x4A,0x8A,0x4A,0x2C,0x5B,
    0xEA,0x4A,0xEA,0x4A,0xEB,0x4A,0x2C,0x53,0x6D,0x5B,0xAE,0x63,0x8E,0x63,0x6E,0x63,
    0x4C,0x5B,0xEB,0x52,0x0B,0x5B,0xEB,0x52,0xEB,0x5A,0x4C,0x6B,0x6D,0x6B,0xAA,0x52,
    0x8A,0x52,0x49,0x4A,0x08,0x42,0x08,0x42,0xC7,0x39,0xE7,0x39,0xE4,0x18,0xE3,0x18,
    0x04,0x19,0x24,0x21,0x65,0x29,0xC6,0x39,0xA6,0x31,0x86,0x31,0x86,0x31,0xA6,0x31,
    0x86,0x31,0x86,0x31,0x65,0x29,0x45,0x29,0x65,0x29,0xC7,0x39,0x28,0x42,0xAA,0x52,
    0xCB,0x5A,0x8E,0x73,0xCF,0x7B,0xEF,0x7B,0x31,0x84,0x8E,0x73,0xC7,0x31,0xC7,0x31,
    0xC7,0x31,0xC7,0x31,0xC7,0x31,0xC7,0x31,0xC7,0x31,0xC7,0x31,0xC7,0x31,0xC7,0x31,
    0xC7,0x31,0xC7,0x31,0xC7,0x31,0xC7,0x31,0xC7,0x31,0xC7,0x31,0xC7,0x31,0xC7,0x31,
    0xC7,0x31,0xC7,0x31,0xC7,0x31,0xC7,0x31,0xC7,0x31,0xC7,0x31,0xC7,0x31,0xC7,0x31,
    0xC7,0x31,0xC7,0x31,0xC7,0x31,0xC7,0x31,0xC7,0x31,0xC7,0x31,0xC7,0x31,0xC7,0x31,
    0xC7,0x31,0xC7,0x31,0xC7,0x31,0xC7,0x31,0xC7,0x31,0xC7,0x31,0xC7,0x31,0xC7,0x31,
    0xC7,0x31,0xC7,0x31,0xC7,0x31,0xC7,0x31,0xC7,0x31,0xC7,0x31,0xC7,0x31,0xC7,0x31,
    0xC7,0x31,0xC7,0x31,0xC7,0x31,0xC7,0x31,0xC7,0x31,0xC7,0x31,0xC7,0x31,0xC7,0x31,
    0xC7,0x31,0xC7,0x31,0xC7,0x31,0xC7,0x31,0xC7,0x31,0xC7,0x31,0xC7,0x31,0xC7,0x31,
    0xC7,0x31,0xC7,0x31,0xC7,0x31,0xC7,0x31,0xC7,0x31,0xC7,0x31,0x6A,0x4A,0x08,0x42,
    0x86,0x31,0xC7,0x39,0xAA,0x52,0x75,0xAD,0x75,0xAD,0x69,0x42,0x4A,0x42,0xEB,0x52,
    0xAA,0x42,0xEA,0x4A,0x2B,0x53,0x6D,0x5B,0x8D,0x63,0x8D,0x63,0xEF,0x6B,0x71,0x84,
    0x92,0x84,0x51,0x7C,0x71,0x84,0x51,0x84,0x10,0x7C,0x4C,0x63,0x48,0x42,0x89,0x4A,
    0x69,0x4A,0x65,0x29,0xA6,0x31,0x48,0x4A,0x6D,0x6B,0xAA,0x52,0x86,0x31,0x24,0x21,
    0xE3,0x18,0x04,0x19,0xA6,0x31,0x2C,0x63,0xE7,0x39,0x44,0x29,0x65,0x29,0xA6,0x31,
    0xC7,0x39,0xE7,0x39,0xA6,0x31,0xA6,0x31,0x86,0x31,0x65,0x29,0x65,0x29,0x65,0x29,
    0x65,0x29,0x65,0x29,0xA6,0x31,0x28,0x42,0xAA,0x52,0x0C,0x63,0x6D,0x6B,0xAE,0x73,
    0xCF,0x7B,0x30,0x84,0xAF,0x73,0x29,0x42,0xC7,0x31,0xC7,0x31,0xC7,0x31,0xC7,0x31,
    0xC7,0x31,0xC7,0x31,0xC7,0x31,0xC7,0x31,0xC7,0x31,0xC7,0x31,0xC7,0x31,0xC7,0x31,
    0xC7,0x31,0xC7,0x31,0xC7,0x31,0xC7,0x31,0xC7,0x31,0xC7,0x31,0xC7,0x31,0xC7,0x31,
    0xC7,0x31,0xC7,0x31,0xC7,0x31,0xC7,0x31,0xC7,0x31,0xC7,0x31,0xC7,0x31,0xC7,0x31,
    0xC7,0x31,0xC7,0x31,0xC7,0x31,0xC7,0x31,0xC7,0x31,0xC7,0x31,0xC7,0x31,0xC7,0x31,
    0xC7,0x31,0xC7,0x31,0xC7,0x31,0xC7,0x31,0xC7,0x31,0xC7,0x31,0xC7,0x31,0xC7,0x31,
    0xC7,0x31,0xC7,0x31,0xC7,0x31,0xC7,0x31,0xC7,0x31,0xC7,0x31,0xC7,0x31,0xC7,0x31,
    0xC7,0x31,0xC7,0x31,0xC7,0x31,0xC7,0x31,0xC7,0x31,0xC7,0x31,0xC7,0x31,0xC7,0x31,
    0xC7,0x31,0xC7,0x31,0xC7,0x31,0xC7,0x31,0xC7,0x31,0xC7,0x31,0x8A,0x4A,0xE7,0x39,
    0x86,0x31,0xC7,0x31,0x89,0x4A,0x4D,0x63,0x2C,0x63,0x49,0x42,0x28,0x3A,0x4D,0x5B,
    0x0F,0x74,0x8C,0x5B,0x4C,0x53,0x2C,0x5B,0x4C,0x5B,0x6D,0x5B,0xEE,0x6B,0x70,0x7C,
    0x71,0x7C,0x50,0x7C,0x71,0x7C,0xB2,0x8C,0xD3,0x8C,0x92,0x84,0x4D,0x5B,0x2C,0x5B,
    0xEB,0x52,0x86,0x29,0xA6,0x31,0x89,0x52,0xEA,0x5A,0x68,0x4A,0xA5,0x31,0xE3,0x18,
    0xC3,0x18,0x04,0x19,0x48,0x4A,0xF7,0xC5,0xEB,0x5A,0xCA,0x52,0x07,0x3A,0xE7,0x39,
    0x65,0x29,0xE7,0x39,0xE7,0x39,0xCA,0x52,0x8A,0x52,0x28,0x42,0xC7,0x39,0xA6,0x31,
    0xA6,0x31,0x86,0x31,0x86,0x31,0x65,0x29,0x65,0x29,0x45,0x29,0x65,0x29,0xC7,0x39,
    0x28,0x42,0xAA,0x52,0x0C,0x63,0x6D,0x6B,0xCF,0x7B,0x10,0x7C,0x51,0x8C,0x8E,0x6B,
    0xC7,0x31,0xC7,0x31,0xC7,0x31,0xC7,0x31,0xC7,0x31,0xC7,0x31,0xC7,0x31,0xC7,0x31,
    0xC7,0x31,0xC7,0x31,0xC7,0x31,0xC7,0x31,0xC7,0x31,0xC7,0x31,0xC7,0x31,0xC7,0x31,
    0xC7,0x31,0xC7,0x31,0xC7,0x31,0xC7,0x31,0xC7,0x31,0xC7,0x31,0xC7,0x31,0xC7,0x31,
    0xC7,0x31,0xC7,0x31,0xC7,0x31,0xC7,0x31,0xC7,0x31,0xC7,0x31,0xC7,0x31,0xC7,0x31,
    0xC7,0x31,0xC7,0x31,0xC7,0x31,0xC7,0x31,0xC7,0x31,0xC7,0x31,0xC7,0x31,0xC7,0x31,
    0xC7,0x31,0xC7,0x31,0xC7,0x31,0xC7,0x31,0xC7,0x31,0xC7,0x31,0xC7,0x31,0xC7,0x31,
    0xC7,0x31,0xC7,0x31,0xC7,0x31,0xC7,0x31,0xC7,0x31,0xC7,0x31,0xC7,0x31,0xC7,0x31,
    0xC7,0x31,0xC7,0x31,0xC7,0x31,0xC7,0x31,0xC7,0x31,0xC7,0x31,0x8A,0x4A,0xE7,0x39,
    0x86,0x31,0xA7,0x31,0x08,0x3A,0x69,0x42,0x28,0x42,0x08,0x3A,0x69,0x42,0xEB,0x52,
    0xCE,0x6B,0xEE,0x6B,0x4C,0x5B,0x2B,0x53,0x6D,0x5B,0xAE,0x63,0xEE,0x6B,0x50,0x7C,
    0x50,0x7C,0x50,0x7C,0x50,0x7C,0x51,0x7C,0x91,0x84,0x10,0x74,0x2C,0x5B,0x2C,0x5B,
    0x48,0x3A,0xC6,0x29,0xC7,0x31,0x6D,0x6B,0xAD,0x73,0x6C,0x6B,0x68,0x4A,0x65,0x29,
    0x03,0x19,0xC6,0x31,0x28,0x4A,0xAA,0x5A,0x49,0x4A,0x89,0x52,0x28,0x42,0x69,0x4A,
    0x65,0x29,0xE7,0x39,0x49,0x4A,0x4C,0x63,0x10,0x84,0xEB,0x5A,0x69,0x4A,0xC7,0x39,
    0xC7,0x39,0xA6,0x31,0xE7,0x39,0xA6,0x31,0x65,0x29,0xA6,0x31,0x86,0x31,0x86,0x31,
    0x65,0x29,0x65,0x29,0x65,0x29,0x65,0x29,0xA6,0x31,0x08,0x42,0xAA,0x52,0x4D,0x6B,
    0x4D,0x6B,0xE8,0x31,0xC7,0x31,0xC7,0x31,0xC7,0x31,0xC7,0x31,0xC7,0x31,0xC7,0x31,
    0xC7,0x31,0xC7,0x31,0xC7,0x31,0xC7,0x31,0xC7,0x31,0xC7,0x31,0xC7,0x31,0xC7,0x31,
    0xC7,0x31,0xC7,0x31,0xC7,0x31,0xC7,0x31,0xC7,0x31,0xC7,0x31,0xC7,0x31,0xC7,0x31,
    0xC7,0x31,0xC7,0x31,0xC7,0x31,0xC7,0x31,0xC7,0x31,0xC7,0x31,0xC7,0x31,0xC7,0x31,
    0xC7,0x31,0xC7,0x31,0xC7,0x31,0xC7,0x31,0xC7,0x31,0xC7,0x31,0xC7,0x31,0xC7,0x31,
    0xC7,0x31,0xC7,0x31,0xC7,0x31,0xC7,0x31,0xC7,0x31,0xC7,0x31,0xC7,0x31,0xC7,0x31,
    0xC7,0x31,0xC7,0x31,0xC7,0x31,0xC7,0x31,0xC7,0x31,0xC7,0x31,0xC7,0x31,0xC7,0x31,
    0xC7,0x31,0xC7,0x31,0xC7,0x31,0xC7,0x31,0xC7,0x31,0xC7,0x31,0x49,0x4A,0xC7,0x39,
    0x86,0x31,0xE8,0x39,0x8A,0x52,0x8A,0x4A,0x28,0x3A,0xE7,0x31,0x8A,0x42,0x89,0x42,
    0xCB,0x4A,0x2C,0x53,0x6C,0x5B,0x6C,0x5B,0x8D,0x5B,0xAD,0x63,0x0F,0x6C,0x50,0x74,
    0x30,0x74,0x0F,0x74,0x0F,0x74,0x30,0x74,0x50,0x7C,0xCE,0x6B,0x0C,0x53,0xEB,0x4A,
    0xC6,0x29,0xC6,0x29,0x86,0x29,0xEB,0x5A,0xCE,0x7B,0xAD,0x73,0xCA,0x52,0x27,0x42,
    0xE7,0x31,0xEA,0x5A,0x6C,0x6B,0xCA,0x5A,0xAA,0x52,0x65,0x29,0x85,0x29,0x65,0x29,
    0x85,0x29,0xA6,0x31,0x89,0x4A,0xCE,0x73,0x51,0x8C,0x0B,0x5B,0x2C,0x63,0xCB,0x5A,
    0x28,0x42,0xC7,0x39,0xE7,0x39,0xAA,0x52,0x28,0x42,0x86,0x31,0xA6,0x31,0x08,0x42,
    0xE7,0x39,0xA6,0x31,0x86,0x31,0x86,0x31,0x86,0x31,0x86,0x31,0x65,0x29,0x45,0x29,
    0x69,0x4A,0x2C,0x63,0xC7,0x31,0xC7,0x31,0xC7,0x31,0xC7,0x31,0xC7,0x31,0xC7,0x31,
    0xC7,0x31,0xC7,0x31,0xC7,0x31,0xC7,0x31,0xC7,0x31,0xC7,0x31,0xC7,0x31,0xC7,0x31,
    0xC7,0x31,0xC7,0x31,0xC7,0x31,0xC7,0x31,0xC7,0x31,0xC7,0x31,0xC7,0x31,0xC7,0x31,
    0xC7,0x31,0xC7,0x31,0xC7,0x31,0xC7,0x31,0xC7,0x31,0xC7,0x31,0xC7,0x31,0xC7,0x31,
    0xC7,0x31,0xC7,0x31,0xC7,0x31,0xC7,0x31,0xC7,0x31,0xC7,0x31,0xC7,0x31,0xC7,0x31,
    0xC7,0x31,0xC7,0x31,0xC7,0x31,0xC7,0x31,0xC7,0x31,0xC7,0x31,0xC7,0x31,0xC7,0x31,
    0xC7,0x31,0xC7,0x31,0xC7,0x31,0xC7,0x31,0xC7,0x31,0xC7,0x31,0xC7,0x31,0xC7,0x31,
    0xC7,0x31,0xC7,0x31,0xC7,0x31,0xC7,0x31,0xC7,0x31,0xE8,0x39,0x49,0x4A,0xA6,0x31,
    0x86,0x31,0x4A,0x4A,0x2D,0x63,0x8D,0x6B,0x89,0x4A,0x28,0x3A,0x28,0x3A,0xAA,0x4A,
    0x2C,0x5B,0x4C,0x5B,0x2C,0x5B,0x4C,0x5B,0x6D,0x5B,0xAD,0x63,0x0F,0x74,0x30,0x74,
    0x0F,0x74,0xEF,0x6B,0xEF,0x6B,0xEF,0x6B,0xEF,0x6B,0x6D,0x5B,0xAA,0x42,0x28,0x32,
    0xA6,0x21,0x86,0x29,0x86,0x29,0xE7,0x31,0x68,0x4A,0x0B,0x5B,0x2C,0x6B,0xEB,0x62,
    0x07,0x3A,0x2B,0x63,0xCE,0x7B,0xAE,0x7B,0x6D,0x6B,0x89,0x42,0x48,0x3A,0xA9,0x42,
    0xAA,0x4A,0xEB,0x5A,0xEB,0x5A,0xCB,0x5A,0x89,0x4A,0x48,0x42,0xAA,0x52,0x69,0x4A,
    0x69,0x4A,0x08,0x42,0x28,0x42,0xF3,0x9C,0x71,0x8C,0xCB,0x5A,0x8A,0x52,0xAA,0x52,
    0xE7,0x39,0xA6,0x31,0xA6,0x31,0xA6,0x31,0x86,0x31,0x65,0x29,0x86,0x31,0x86,0x31,
    0xC7,0x39,0x6D,0x6B,0xC7,0x31,0xC7,0x31,0xC7,0x31,0xC7,0x31,0xC7,0x31,0xC7,0x31,
    0xC7,0x31,0xC7,0x31,0xC7,0x31,0xC7,0x31,0xC7,0x31,0xC7,0x31,0xC7,0x31,0xC7,0x31,
    0xC7,0x31,0xC7,0x31,0xC7,0x31,0xC7,0x31,0xC7,0x31,0xC7,0x31,0xC7,0x31,0xC7,0x31,
    0xC7,0x31,0xC7,0x31,0xC7,0x31,0xC7,0x31,0xC7,0x31,0xC7,0x31,0xC7,0x31,0xC7,0x31,
    0xC7,0x31,0xC7,0x31,0xC7,0x31,0xC7,0x31,0xC7,0x31,0xC7,0x31,0xC7,0x31,0xC7,0x31,
    0xC7,0x31,0xC7,0x31,0xC7,0x31,0xC7,0x31,0xC7,0x31,0xC7,0x31,0xC7,0x31,0xC7,0x31,
    0xC7,0x31,0xC7,0x31,0xC7,0x31,0xC7,0x31,0xC7,0x31,0xC7,0x31,0xC7,0x31,0xC7,0x31,
    0xC7,0x31,0xC7,0x31,0xC7,0x31,0xC7,0x31,0xC7,0x31,0xCB,0x52,0x49,0x4A,0x86,0x31,
    0x86,0x31,0x69,0x4A,0x34,0xA5,0x14,0xA5,0x49,0x4A,0x49,0x42,0x28,0x3A,0xAA,0x4A,
    0xEB,0x52,0xEB,0x52,0xCA,0x4A,0x0B,0x53,0x8D,0x63,0x0F,0x74,0x30,0x74,0x10,0x74,
    0x0F,0x74,0xEF,0x6B,0xEF,0x6B,0xCF,0x6B,0xAE,0x63,0x2C,0x53,0x8A,0x42,0x28,0x32,
    0xE7,0x31,0x08,0x3A,0x6C,0x6B,0xC9,0x52,0xC9,0x52,0x0B,0x63,0x2B,0x6B,0xCA,0x5A,
    0x88,0x42,0xAD,0x73,0xAD,0x7B,0x6D,0x73,0x4C,0x63,0x0B,0x53,0xA9,0x4A,0x8D,0x63,
    0x0F,0x7C,0xD2,0x94,0x30,0x84,0xCF,0x7B,0x6D,0x6B,0xCA,0x52,0x89,0x4A,0x28,0x42,
    0x69,0x4A,0x28,0x42,0xC7,0x39,0x51,0x8C,0xAE,0x73,0x4D,0x6B,0xAE,0x73,0x8E,0x73,
    0xCB,0x5A,0xCB,0x5A,0xA6,0x31,0xA6,0x31,0x07,0x3A,0xC6,0x39,0x65,0x29,0x86,0x31,
    0x08,0x42,0x2C,0x63,0xC7,0x31,0xC7,0x31,0xC7,0x31,0xC7,0x31,0xC7,0x31,0xC7,0x31,
    0xC7,0x31,0xC7,0x31,0xC7,0x31,0xC7,0x31,0xC7,0x31,0xC7,0x31,0xC7,0x31,0xC7,0x31,
    0xC7,0x31,0xC7,0x31,0xC7,0x31,0xC7,0x31,0xC7,0x31,0xC7,0x31,0xC7,0x31,0xC7,0x31,
    0xC7,0x31,0xC7,0x31,0xC7,0x31,0xC7,0x31,0xC7,0x31,0xC7,0x31,0xC7,0x31,0xC7,0x31,
    0xC7,0x31,0xC7,0x31,0xC7,0x31,0xC7,0x31,0xC7,0x31,0xC7,0x31,0xC7,0x31,0xC7,0x31,
    0xC7,0x31,0xC7,0x31,0xC7,0x31,0xC7,0x31,0xC7,0x31,0xC7,0x31,0xC7,0x31,0xC7,0x31,
    0xC7,0x31,0xC7,0x31,0xC7,0x31,0xC7,0x31,0xC7,0x31,0xC7,0x31,0xC7,0x31,0xC7,0x31,
    0xC7,0x31,0xC7,0x31,0xC7,0x31,0xC7,0x31,0xC7,0x31,0x8A,0x4A,0x08,0x42,0x86,0x31,
    0xC7,0x31,0x8A,0x4A,0x8E,0x73,0x6D,0x6B,0x28,0x3A,0xE7,0x31,0x48,0x3A,0x69,0x42,
    0x89,0x42,0xCA,0x42,0xEA,0x4A,0x4C,0x5B,0xAE,0x63,0xEF,0x6B,0x10,0x74,0x0F,0x74,
    0xEF,0x6B,0xEF,0x6B,0xCF,0x6B,0xCF,0x6B,0xAE,0x63,0x0C,0x53,0x0B,0x53,0x89,0x42,
    0xC7,0x31,0x2C,0x63,0x12,0xA5,0x4B,0x5B,0x8C,0x63,0xCD,0x7B,0xAD,0x7B,0xCA,0x5A,
    0xA9,0x52,0xAD,0x73,0xCD,0x7B,0xAD,0x7B,0x6D,0x73,0x6D,0x6B,0x4C,0x63,0xEF,0x7B,
    0x50,0x84,0xCF,0x7B,0xAE,0x73,0x8D,0x6B,0xCF,0x7B,0x8E,0x73,0x4C,0x6B,0x2C,0x6B,
    0x8E,0x73,0x6D,0x6B,0x0C,0x63,0x0C,0x63,0x28,0x42,0xE7,0x39,0x49,0x4A,0x28,0x42,
    0x69,0x4A,0xAA,0x52,0x28,0x42,0x68,0x4A,0xA9,0x52,0x48,0x4A,0x45,0x29,0x65,0x29,
    0x69,0x4A,0x2C,0x63,0xC7,0x31,0xC7,0x31,0xC7,0x31,0xC7,0x31,0xC7,0x31,0xC7,0x31,
    0xC7,0x31,0xC7,0x31,0xC7,0x31,0xC7,0x31,0xC7,0x31,0xC7,0x31,0xC7,0x31,0xC7,0x31,
    0xC7,0x31,0xC7,0x31,0xC7,0x31,0xC7,0x31,0xC7,0x31,0xC7,0x31,0xC7,0x31,0xC7,0x31,
    0xC7,0x31,0xC7,0x31,0xC7,0x31,0xC7,0x31,0xC7,0x31,0xC7,0x31,0xC7,0x31,0xC7,0x31,
    0xC7,0x31,0xC7,0x31,0xC7,0x31,0xC7,0x31,0xC7,0x31,0xC7,0x31,0xC7,0x31,0xC7,0x31,
    0xC7,0x31,0xC7,0x31,0xC7,0x31,0xC7,0x31,0xC7,0x31,0xC7,0x31,0xC7,0x31,0xC7,0x31,
    0xC7,0x31,0xC7,0x31,0xC7,0x31,0xC7,0x31,0xC7,0x31,0xC7,0x31,0xC7,0x31,0xC7,0x31,
    0xC7,0x31,0xC7,0x31,0xC7,0x31,0xC7,0x31,0xC7,0x31,0x8A,0x4A,0xE7,0x39,0x86,0x31,
    0xC7,0x31,0x28,0x3A,0x28,0x42,0x08,0x3A,0xE7,0x31,0x07,0x32,0x48,0x3A,0x48,0x3A,
    0x89,0x3A,0xCA,0x4A,0x0B,0x53,0x8D,0x63,0xCE,0x63,0xCE,0x6B,0xCF,0x6B,0xCE,0x6B,
    0xAE,0x63,0xCE,0x63,0xEF,0x6B,0xCF,0x6B,0xAE,0x63,0x4C,0x5B,0x6D,0x5B,0xCA,0x4A,
    0x07,0x32,0x4C,0x63,0x91,0x9C,0xAD,0x73,0x2A,0x5B,0xC9,0x5A,0x4B,0x6B,0x89,0x52,
    0xA9,0x5A,0x4C,0x6B,0xAD,0x7B,0x8D,0x7B,0xCE,0x7B,0x0F,0x7C,0x0F,0x7C,0x50,0x84,
    0xEF,0x7B,0x6D,0x6B,0x6D,0x6B,0x6D,0x6B,0xAE,0x7B,0x4D,0x73,0x2B,0x6B,0xAE,0x7B,
    0xEF,0x83,0xEF,0x7B,0x30,0x84,0x92,0x94,0x8E,0x73,0x8E,0x73,0x6D,0x6B,0x0C,0x63,
    0x69,0x4A,0xC7,0x39,0x68,0x4A,0xE6,0x39,0x07,0x42,0xA6,0x31,0x85,0x31,0x65,0x29,
    0xCB,0x5A,0x2C,0x63,0xC7,0x31,0xC7,0x31,0xC7,0x31,0xC7,0x31,0xC7,0x31,0xC7,0x31,
    0xC7,0x31,0xC7,0x31,0xC7,0x31,0xC7,0x31,0xC7,0x31,0xC7,0x31,0xC7,0x31,0xC7,0x31,
    0xC7,0x31,0xC7,0x31,0xC7,0x31,0xC7,0x31,0xC7,0x31,0xC7,0x31,0xC7,0x31,0xC7,0x31,
    0xC7,0x31,0xC7,0x31,0xC7,0x31,0xC7,0x31,0xC7,0x31,0xC7,0x31,0xC7,0x31,0xC7,0x31,
    0xC7,0x31,0xC7,0x31,0xC7,0x31,0xC7,0x31,0xC7,0x31,0xC7,0x31,0xC7,0x31,0xC7,0x31,
    0xC7,0x31,0xC7,0x31,0xC7,0x31,0xC7,0x31,0xC7,0x31,0xC7,0x31,0xC7,0x31,0xC7,0x31,
    0xC7,0x31,0xC7,0x31,0xC7,0x31,0xC7,0x31,0xC7,0x31,0xC7,0x31,0xC7,0x31,0xC7,0x31,
    0xC7,0x31,0xC7,0x31,0xC7,0x31,0xC7,0x31,0xC7,0x31,0x29,0x42,0xC7,0x39,0x86,0x31,
    0x08,0x3A,0x8A,0x4A,0x8A,0x4A,0x08,0x3A,0xC7,0x31,0x28,0x3A,0x28,0x3A,0x28,0x3A,
    0x69,0x3A,0xCA,0x4A,0x2B,0x53,0x8D,0x63,0x8D,0x5B,0xCE,0x6B,0xEF,0x6B,0x0F,0x6C,
    0xAE,0x63,0x4B,0x5B,0x4B,0x53,0x6D,0x5B,0xCF,0x6B,0x8D,0x63,0x2C,0x53,0xEB,0x4A,
    0x49,0x3A,0x89,0x4A,0x70,0x94,0xCD,0x7B,0x2B,0x63,0x88,0x4A,0xC9,0x52,0x2B,0x6B,
    0x2B,0x6B,0x4C,0x6B,0xAD,0x7B,0xEE,0x83,0x50,0x8C,0x70,0x8C,0x71,0x8C,0x30,0x84,
    0xEF,0x7B,0x2C,0x63,0x4C,0x6B,0x6D,0x6B,0x4C,0x63,0x0C,0x63,0xEA,0x62,0x8D,0x73,
    0x10,0x84,0x30,0x84,0xEF,0x7B,0xEF,0x7B,0x30,0x84,0x51,0x8C,0x10,0x84,0x30,0x84,
    0x6D,0x6B,0x0B,0x6B,0xAD,0x7B,0x2C,0x6B,0x28,0x42,0xC7,0x39,0x85,0x31,0x86,0x31,
    0x0C,0x63,0xE8,0x31,0xC7,0x31,0xC7,0x31,0xC7,0x31,0xC7,0x31,0xC7,0x31,0xC7,0x31,
    0xC7,0x31,0xC7,0x31,0xC7,0x31,0xC7,0x31,0xC7,0x31,0xC7,0x31,0xC7,0x31,0xC7,0x31,
    0xC7,0x31,0xC7,0x31,0xC7,0x31,0xC7,0x31,0xC7,0x31,0xC7,0x31,0xC7,0x31,0xC7,0x31,
    0xC7,0x31,0xC7,0x31,0xC7,0x31,0xC7,0x31,0xC7,0x31,0xC7,0x31,0xC7,0x31,0xC7,0x31,
    0xC7,0x31,0xC7,0x31,0xC7,0x31,0xC7,0x31,0xC7,0x31,0xC7,0x31,0xC7,0x31,0xC7,0x31,
    0xC7,0x31,0xC7,0x31,0xC7,0x31,0xC7,0x31,0xC7,0x31,0xC7,0x31,0xC7,0x31,0xC7,0x31,
    0xC7,0x31,0xC7,0x31,0xC7,0x31,0xC7,0x31,0xC7,0x31,0xC7,0x31,0xC7,0x31,0xC7,0x31,
    0xC7,0x31,0xC7,0x31,0xC7,0x31,0xC7,0x31,0x28,0x3A,0x29,0x42,0xA6,0x31,0x86,0x31,
    0x8A,0x52,0x70,0x53,0x6F,0x53,0x6A,0x4A,0xC7,0x31,0x28,0x32,0x28,0x32,0x68,0x3A,
    0x89,0x42,0xCA,0x4A,0x2C,0x5B,0x6C,0x5B,0x8D,0x5B,0xEF,0x6B,0x30,0x74,0xEF,0x6B,
    0xAC,0x63,0xBA,0xD6,0xED,0x7C,0xCA,0x5B,0xCE,0x63,0xAE,0x63,0x4C,0x5B,0x0B,0x53,
    0xEB,0x52,0x0C,0x5B,0x2F,0x84,0x4B,0x63,0x4B,0x63,0xCD,0x73,0x4B,0x6B,0x2B,0x73,
    0x4C,0x73,0x6C,0x73,0x4C,0x6B,0xAD,0x7B,0xAD,0x73,0x30,0x84,0x50,0x8C,0x10,0x84,
    0xCF,0x7B,0x6D,0x6B,0x2C,0x63,0x69,0x42,0x07,0x32,0xC6,0x29,0x03,0x21,0x04,0x29,
    0x48,0x4A,0x4D,0x6B,0xCE,0x7B,0x0F,0x84,0x50,0x8C,0xEF,0x7B,0xAE,0x73,0x71,0x8C,
    0x70,0x8C,0xAD,0x7B,0xCE,0x7B,0xAD,0x7B,0xEE,0x7B,0xAA,0x5A,0x45,0x29,0xE7,0x41,
    0x2C,0x63,0xC7,0x31,0xC7,0x31,0xC7,0x31,0xC7,0x31,0xC7,0x31,0xC7,0x31,0xC7,0x31,
    0xC7,0x31,0xC7,0x31,0xC7,0x31,0xC7,0x31,0xC7,0x31,0xC7,0x31,0xC7,0x31,0xC7,0x31,
    0xC7,0x31,0xC7,0x31,0xC7,0x31,0xC7,0x31,0xC7,0x31,0xC7,0x31,0xC7,0x31,0xC7,0x31,
    0xC7,0x31,0xC7,0x31,0xC7,0x31,0xC7,0x31,0xC7,0x31,0xC7,0x31,0xC7,0x31,0xC7,0x31,
    0xC7,0x31,0xC7,0x31,0xC7,0x31,0xC7,0x31,0xC7,0x31,0xC7,0x31,0xC7,0x31,0xC7,0x31,
    0xC7,0x31,0xC7,0x31,0xC7,0x31,0xC7,0x31,0xC7,0x31,0xC7,0x31,0xC7,0x31,0xC7,0x31,
    0xC7,0x31,0xC7,0x31,0xC7,0x31,0xC7,0x31,0xC7,0x31,0xC7,0x31,0xC7,0x31,0xC7,0x31,
    0xC7,0x31,0xC7,0x31,0xC7,0x31,0xC7,0x31,0xAB,0x52,0x28,0x42,0x86,0x31,0xA6,0x31,
    0xAB,0x52,0x90,0x4B,0x4E,0x43,0x6A,0x4A,0xE7,0x31,0x27,0x32,0x68,0x3A,0x89,0x42,
    0xCA,0x4A,0xEB,0x52,0x2C,0x5B,0x4C,0x5B,0xAD,0x63,0x30,0x74,0x30,0x74,0xEF,0x6B,
    0xEC,0x63,0xB5,0xB5,0xEE,0x84,0x8D,0x74,0x4E,0x74,0xEF,0x6B,0x2B,0x53,0x0B,0x4B,
    0x6D,0x63,0x0B,0x5B,0x69,0x4A,0xA9,0x4A,0xCD,0x73,0xAD,0x73,0x2B,0x6B,0x8C,0x73,
    0xAD,0x7B,0x4B,0x6B,0x4C,0x6B,0x89,0x52,0x0C,0x6B,0xCE,0x7B,0x0F,0x84,0x0F,0x7C,
    0xCE,0x7B,0x8D,0x73,0x89,0x4A,0xE7,0x31,0xE7,0x31,0x85,0x29,0x64,0x09,0x0A,0x23,
    0x03,0x11,0xA2,0x18,0x65,0x29,0x49,0x4A,0xAA,0x5A,0xCB,0x5A,0xEB,0x5A,0xAA,0x52,
    0x2C,0x63,0xCE,0x7B,0xCE,0x7B,0xCE,0x7B,0x8D,0x73,0x28,0x42,0x44,0x29,0x49,0x4A,
    0x2C,0x63,0xC7,0x31,0xC7,0x31,0xC7,0x31,0xC7,0x31,0xC7,0x31,0xC7,0x31,0xC7,0x31,
    0xC7,0x31,0xC7,0x31,0xC7,0x31,0xC7,0x31,0xC7,0x31,0xC7,0x31,0xC7,0x31,0xC7,0x31,
    0xC7,0x31,0xC7,0x31,0xC7,0x31,0xC7,0x31,0xC7,0x31,0xC7,0x31,0xC7,0x31,0xC7,0x31,
    0xC7,0x31,0xC7,0x31,0xC7,0x31,0xC7,0x31,0xC7,0x31,0xC7,0x31,0xC7,0x31,0xC7,0x31,
    0xC7,0x31,0xC7,0x31,0xC7,0x31,0xC7,0x31,0xC7,0x31,0xC7,0x31,0xC7,0x31,0xC7,0x31,
    0xC7,0x31,0xC7,0x31,0xC7,0x31,0xC7,0x31,0xC7,0x31,0xC7,0x31,0xC7,0x31,0xC7,0x31,
    0xC7,0x31,0xC7,0x31,0xC7,0x31,0xC7,0x31,0xC7,0x31,0xC7,0x31,0xC7,0x31,0xC7,0x31,
    0xC7,0x31,0xC7,0x31,0xC7,0x31,0xC7,0x31,0x49,0x42,0xE7,0x39,0x86,0x31,0xA6,0x31,
    0x49,0x42,0x2E,0x4B,0x0D,0x4B,0x29,0x42,0x08,0x3A,0x69,0x3A,0x89,0x42,0xAA,0x42,
    0xAA,0x42,0x0B,0x53,0x2B,0x53,0x4C,0x5B,0xCE,0x6B,0xEF,0x73,0xEF,0x6B,0x10,0x74,
    0x0D,0x6C,0x46,0x73,0x67,0x7B,0x6B,0x8B,0xEF,0x93,0xAE,0x8B,0x2B,0x63,0xA9,0x4A,
    0xCD,0x63,0xEA,0x4A,0xC7,0x29,0x27,0x3A,0x0B,0x63,0xEA,0x5A,0x4C,0x6B,0x0A,0x63,
    0xC9,0x5A,0x0B,0x6B,0xAA,0x5A,0xAA,0x5A,0x2C,0x73,0x8D,0x7B,0x30,0x84,0x10,0x84,
    0x6D,0x6B,0xA9,0x52,0xA9,0x4A,0x89,0x4A,0x48,0x42,0x44,0x29,0x09,0x1B,0xD4,0x4D,
    0xE6,0x21,0x29,0x52,0x65,0x29,0xE3,0x20,0x29,0x4A,0x08,0x42,0xE6,0x39,0x85,0x29,
    0xA6,0x31,0xE7,0x39,0x89,0x52,0x4C,0x6B,0x6D,0x73,0xC7,0x39,0x45,0x29,0xAA,0x52,
    0x0C,0x63,0xC7,0x31,0xC7,0x31,0xC7,0x31,0xC7,0x31,0xC7,0x31,0xC7,0x31,0xC7,0x31,
    0xC7,0x31,0xC7,0x31,0xC7,0x31,0xC7,0x31,0xC7,0x31,0xC7,0x31,0xC7,0x31,0xC7,0x31,
    0xC7,0x31,0xC7,0x31,0xC7,0x31,0xC7,0x31,0xC7,0x31,0xC7,0x31,0xC7,0x31,0xC7,0x31,
    0xC7,0x31,0xC7,0x31,0xC7,0x31,0xC7,0x31,0xC7,0x31,0xC7,0x31,0xC7,0x31,0xC7,0x31,
    0xC7,0x31,0xC7,0x31,0xC7,0x31,0xC7,0x31,0xC7,0x31,0xC7,0x31,0xC7,0x31,0xC7,0x31,
    0xC7,0x31,0xC7,0x31,0xC7,0x31,0xC7,0x31,0xC7,0x31,0xC7,0x31,0xC7,0x31,0xC7,0x31,
    0xC7,0x31,0xC7,0x31,0xC7,0x31,0xC7,0x31,0xC7,0x31,0xC7,0x31,0xC7,0x31,0xC7,0x31,
    0xC7,0x31,0xC7,0x31,0xC7,0x31,0xC7,0x31,0x69,0x4A,0xE7,0x39,0x86,0x29,0xC7,0x31,
    0x28,0x3A,0x28,0x42,0x08,0x3A,0x07,0x32,0x48,0x3A,0xA9,0x42,0xAA,0x42,0x89,0x3A,
    0xA9,0x42,0x0B,0x4B,0x2B,0x53,0x4C,0x5B,0xAE,0x63,0xEF,0x73,0x10,0x7C,0x51,0x7C,
    0xCE,0x83,0x48,0x73,0x0A,0x5C,0x91,0x9C,0xB1,0xA4,0x50,0xA4,0xAE,0x9B,0x4D,0x8B,
    0x4E,0x8B,0x69,0x6A,0x07,0x5A,0x28,0x52,0x0B,0x73,0xEB,0x6A,0x4B,0x6B,0xA9,0x4A,
    0x89,0x4A,0xA9,0x52,0xCA,0x52,0x0C,0x73,0x4B,0x6B,0x6F,0x84,0xAB,0x63,0x10,0x84,
    0x2C,0x63,0x47,0x3A,0xC9,0x4A,0x48,0x42,0xCA,0x5A,0xC7,0x39,0xC3,0x10,0xC5,0x11,
    0xE3,0x18,0xA6,0x39,0x04,0x21,0x45,0x31,0x28,0x4A,0xAB,0x5A,0xED,0x62,0x0D,0x5B,
    0x27,0x4A,0xC2,0x18,0x85,0x29,0x89,0x52,0x69,0x52,0x66,0x31,0x86,0x31,0x0C,0x5B,
    0xE8,0x39,0xC7,0x31,0xC7,0x31,0xC7,0x31,0xC7,0x31,0xC7,0x31,0xC7,0x31,0xC7,0x31,
    0xC7,0x31,0xC7,0x31,0xC7,0x31,0xC7,0x31,0xC7,0x31,0xC7,0x31,0xC7,0x31,0xC7,0x31,
    0xC7,0x31,0xC7,0x31,0xC7,0x31,0xC7,0x31,0xC7,0x31,0xC7,0x31,0xC7,0x31,0xC7,0x31,
    0xC7,0x31,0xC7,0x31,0xC7,0x31,0xC7,0x31,0xC7,0x31,0xC7,0x31,0xC7,0x31,0xC7,0x31,
    0xC7,0x31,0xC7,0x31,0xC7,0x31,0xC7,0x31,0xC7,0x31,0xC7,0x31,0xC7,0x31,0xC7,0x31,
    0xC7,0x31,0xC7,0x31,0xC7,0x31,0xC7,0x31,0xC7,0x31,0xC7,0x31,0xC7,0x31,0xC7,0x31,
    0xC7,0x31,0xC7,0x31,0xC7,0x31,0xC7,0x31,0xC7,0x31,0xC7,0x31,0xC7,0x31,0xC7,0x31,
    0xC7,0x31,0xC7,0x31,0xC7,0x31,0xC7,0x31,0x49,0x4A,0xC7,0x39,0x86,0x29,0xC8,0x31,
    0x08,0x3A,0x08,0x3A,0xCA,0x52,0x27,0x32,0x88,0x3A,0xCA,0x4A,0x69,0x3A,0x68,0x3A,
    0xA9,0x42,0xEA,0x4A,0x0B,0x53,0x6D,0x5B,0x8D,0x63,0x10,0x74,0x30,0x7C,0x71,0x84,
    0xAE,0x93,0xAE,0x7B,0x50,0x7C,0x34,0x9D,0x14,0x95,0x55,0x9D,0x14,0x9D,0x91,0x8C,
    0x8D,0x6B,0x0B,0x5B,0xCA,0x62,0x69,0x6A,0x0C,0x8B,0x6D,0xA3,0x0B,0x8B,0x49,0x7A,
    0x08,0x62,0x89,0x62,0xEB,0x72,0xEA,0x62,0x2D,0x74,0xD8,0xCE,0xA9,0x5B,0x6D,0x73,
    0xCB,0x5A,0x88,0x4A,0xC9,0x52,0x48,0x42,0x89,0x52,0xA7,0x39,0x6C,0x22,0xA8,0x21,
    0x82,0x10,0x61,0x10,0xC3,0x18,0xA6,0x39,0xAB,0x5A,0xB3,0x43,0xD8,0x13,0xB7,0x13,
    0xB3,0x43,0x49,0x42,0xE6,0x31,0xCA,0x5A,0xE7,0x39,0x85,0x29,0xC7,0x39,0x4D,0x6B,
    0xC7,0x31,0xC7,0x31,0xC7,0x31,0xC7,0x31,0xC7,0x31,0xC7,0x31,0xC7,0x31,0xC7,0x31,
    0xC7,0x31,0xC7,0x31,0xC7,0x31,0xC7,0x31,0xC7,0x31,0xC7,0x31,0xC7,0x31,0xC7,0x31,
    0xC7,0x31,0xC7,0x31,0xC7,0x31,0xC7,0x31,0xC7,0x31,0xC7,0x31,0xC7,0x31,0xC7,0x31,
    0xC7,0x31,0xC7,0x31,0xC7,0x31,0xC7,0x31,0xC7,0x31,0xC7,0x31,0xC7,0x31,0xC7,0x31,
    0xC7,0x31,0xC7,0x31,0xC7,0x31,0xC7,0x31,0xC7,0x31,0xC7,0x31,0xC7,0x31,0xC7,0x31,
    0xC7,0x31,0xC7,0x31,0xC7,0x31,0xC7,0x31,0xC7,0x31,0xC7,0x31,0xC7,0x31,0xC7,0x31,
    0xC7,0x31,0xC7,0x31,0xC7,0x31,0xC7,0x31,0xC7,0x31,0xC7,0x31,0xC7,0x31,0xC7,0x31,
    0xC7,0x31,0xC7,0x31,0xC7,0x31,0xC7,0x31,0x69,0x4A,0xA6,0x31,0xA6,0x31,0xA7,0x29,
    0xA7,0x29,0x8D,0x7B,0xD1,0xA4,0x2B,0x6B,0x68,0x42,0x89,0x42,0x48,0x3A,0x68,0x3A,
    0xCA,0x42,0xEB,0x4A,0x0B,0x4B,0x4C,0x5B,0xEF,0x6B,0x2F,0x74,0x30,0x7C,0x72,0x8C,
    0x51,0xAC,0xB3,0x94,0xD3,0x9C,0xD4,0x9C,0xF4,0x94,0x35,0xA5,0xD3,0x94,0x71,0x8C,
    0x8E,0x63,0x2C,0x5B,0x2D,0x63,0x2D,0x63,0xF3,0xA4,0x71,0x8C,0xEF,0x8B,0x0B,0x73,
    0x2C,0x83,0xEB,0x8A,0xEB,0x92,0x2B,0x93,0x08,0x7B,0x0B,0x74,0xCB,0x63,0xCF,0x83,
    0x6D,0x73,0xEA,0x5A,0xC9,0x5A,0x27,0x42,0x07,0x3A,0xA7,0x21,0xB7,0x45,0x6E,0x2B,
    0xC2,0x20,0x45,0x29,0x82,0x10,0x49,0x5A,0xF3,0x3B,0xF7,0x03,0xD7,0x0B,0xD7,0x0B,
    0xB7,0x0B,0xB1,0x43,0x28,0x4A,0x28,0x42,0x86,0x31,0x65,0x29,0x49,0x4A,0x6D,0x6B,
    0xC7,0x31,0xC7,0x31,0xC7,0x31,0xC7,0x31,0xC7,0x31,0xC7,0x31,0xC7,0x31,0xC7,0x31,
    0xC7,0x31,0xC7,0x31,0xC7,0x31,0xC7,0x31,0xC7,0x31,0xC7,0x31,0xC7,0x31,0xC7,0x31,
    0xC7,0x31,0xC7,0x31,0xC7,0x31,0xC7,0x31,0xC7,0x31,0xC7,0x31,0xC7,0x31,0xC7,0x31,
    0xC7,0x31,0xC7,0x31,0xC7,0x31,0xC7,0x31,0xC7,0x31,0xC7,0x31,0xC7,0x31,0xC7,0x31,
    0xC7,0x31,0xC7,0x31,0xC7,0x31,0xC7,0x31,0xC7,0x31,0xC7,0x31,0xC7,0x31,0xC7,0x31,
    0xC7,0x31,0xC7,0x31,0xC7,0x31,0xC7,0x31,0xC7,0x31,0xC7,0x31,0xC7,0x31,0xC7,0x31,
    0xC7,0x31,0xC7,0x31,0xC7,0x31,0xC7,0x31,0xC7,0x31,0xC7,0x31,0xC7,0x31,0xC7,0x31,
    0xC7,0x31,0xC7,0x31,0xC7,0x31,0xE8,0x39,0x49,0x4A,0xA6,0x31,0xA6,0x31,0xC7,0x31,
    0xE8,0x31,0xAA,0x52,0xCE,0x7B,0x6C,0x73,0x89,0x42,0x48,0x3A,0x27,0x32,0x28,0x3A,
    0xCA,0x4A,0x0B,0x53,0xEB,0x52,0x6D,0x63,0xCE,0x6B,0x30,0x7C,0x92,0x8C,0x51,0x9C,
    0x72,0xAC,0x14,0x9D,0x14,0xA5,0xD4,0x94,0x15,0x9D,0xB3,0x94,0x6E,0x6B,0x2C,0x63,
    0xEB,0x52,0x2C,0x63,0xCF,0x7B,0xCF,0x7B,0xEF,0x83,0x8D,0x73,0x6D,0x6B,0x8D,0x6B,
    0x8D,0x6B,0x30,0x84,0x70,0x84,0x2F,0x84,0x4A,0x83,0x48,0x6B,0xCE,0x7B,0xCE,0x83,
    0x0E,0x84,0xA9,0x5A,0x88,0x52,0x47,0x42,0x07,0x32,0x04,0x19,0x67,0x12,0x44,0x09,
    0x04,0x21,0xC3,0x20,0xA2,0x18,0xEC,0x5A,0x76,0x3C,0x78,0x24,0x78,0x44,0x58,0x2C,
    0xF8,0x03,0xD3,0x3B,0x48,0x52,0xE7,0x39,0xA6,0x31,0x65,0x29,0xAA,0x52,0x4D,0x63,
    0xC7,0x31,0xC7,0x31,0xC7,0x31,0xC7,0x31,0xC7,0x31,0xC7,0x31,0xC7,0x31,0xC7,0x31,
    0xC7,0x31,0xC7,0x31,0xC7,0x31,0xC7,0x31,0xC7,0x31,0xC7,0x31,0xC7,0x31,0xC7,0x31,
    0xC7,0x31,0xC7,0x31,0xC7,0x31,0xC7,0x31,0xC7,0x31,0xC7,0x31,0xC7,0x31,0xC7,0x31,
    0xC7,0x31,0xC7,0x31,0xC7,0x31,0xC7,0x31,0xC7,0x31,0xC7,0x31,0xC7,0x31,0xC7,0x31,
    0xC7,0x31,0xC7,0x31,0xC7,0x31,0xC7,0x31,0xC7,0x31,0xC7,0x31,0xC7,0x31,0xC7,0x31,
    0xC7,0x31,0xC7,0x31,0xC7,0x31,0xC7,0x31,0xC7,0x31,0xC7,0x31,0xC7,0x31,0xC7,0x31,
    0xC7,0x31,0xC7,0x31,0xC7,0x31,0xC7,0x31,0xC7,0x31,0xC7,0x31,0xC7,0x31,0xC7,0x31,
    0xC7,0x31,0xC7,0x31,0xC7,0x31,0x8A,0x4A,0x08,0x42,0xA6,0x31,0x86,0x29,0xC7,0x31,
    0xE8,0x31,0x66,0x21,0x8A,0x4A,0x8D,0x73,0xCA,0x52,0x68,0x3A,0x48,0x3A,0x69,0x42,
    0xEB,0x52,0xEB,0x52,0x0B,0x53,0xCE,0x73,0xEF,0x73,0x51,0x7C,0xD3,0x94,0x51,0xA4,
    0xD3,0xA4,0x15,0x9D,0xB3,0x94,0xB3,0x8C,0x52,0x84,0x6E,0x6B,0x0C,0x5B,0xEB,0x5A,
    0xAA,0x52,0xAB,0x52,0x4D,0x6B,0x4D,0x6B,0x2C,0x63,0x0F,0x84,0x6D,0x73,0xCE,0x7B,
    0xAE,0x73,0x8E,0x7B,0xCE,0x83,0xCF,0x83,0xE9,0x7A,0xCD,0x73,0x10,0x8C,0xCD,0x7B,
    0x4B,0x6B,0xA9,0x52,0x88,0x52,0x88,0x4A,0xC7,0x31,0x29,0x2A,0x2A,0x2A,0x82,0x18,
    0xA2,0x10,0xA2,0x10,0x24,0x21,0x4C,0x5B,0x13,0x4D,0x33,0x45,0x35,0x8D,0x15,0x65,
    0xD7,0x34,0xF3,0x43,0x07,0x42,0xC6,0x39,0x86,0x31,0x85,0x29,0xEB,0x5A,0xAB,0x52,
    0xC7,0x31,0xC7,0x31,0xC7,0x31,0xC7,0x31,0xC7,0x31,0xC7,0x31,0xC7,0x31,0xC7,0x31,
    0xC7,0x31,0xC7,0x31,0xC7,0x31,0xC7,0x31,0xC7,0x31,0xC7,0x31,0xC7,0x31,0xC7,0x31,
    0xC7,0x31,0xC7,0x31,0xC7,0x31,0xC7,0x31,0xC7,0x31,0xC7,0x31,0xC7,0x31,0xC7,0x31,
    0xC7,0x31,0xC7,0x31,0xC7,0x31,0xC7,0x31,0xC7,0x31,0xC7,0x31,0xC7,0x31,0xC7,0x31,
    0xC7,0x31,0xC7,0x31,0xC7,0x31,0xC7,0x31,0xC7,0x31,0xC7,0x31,0xC7,0x31,0xC7,0x31,
    0xC7,0x31,0xC7,0x31,0xC7,0x31,0xC7,0x31,0xC7,0x31,0xC7,0x31,0xC7,0x31,0xC7,0x31,
    0xC7,0x31,0xC7,0x31,0xC7,0x31,0xC7,0x31,0xC7,0x31,0xC7,0x31,0xC7,0x31,0xC7,0x31,
    0xC7,0x31,0xC7,0x31,0xC7,0x31,0xAA,0x52,0x08,0x42,0x85,0x31,0xA6,0x29,0xE7,0x31,
    0xE8,0x31,0xC7,0x29,0xE7,0x31,0x69,0x4A,0xAA,0x52,0xCA,0x52,0x0B,0x53,0xCA,0x4A,
    0x0B,0x53,0xEB,0x52,0x8D,0x63,0xEF,0x73,0x0F,0x74,0x51,0x7C,0xB2,0x94,0x51,0xA4,
    0xF3,0x9C,0x14,0xA5,0xD4,0x94,0x93,0x8C,0x8F,0x6B,0x2D,0x63,0xEE,0x83,0x71,0xAC,
    0x4D,0x73,0xAB,0x52,0x2D,0x6B,0x4D,0x6B,0x4C,0x6B,0xCE,0x7B,0xEF,0x7B,0xAE,0x73,
    0x4C,0x6B,0x8D,0x73,0xAD,0x73,0x4C,0x83,0xAA,0x7A,0x2C,0x63,0x10,0x8C,0x4C,0x6B,
    0x88,0x4A,0xA9,0x52,0x88,0x52,0x89,0x4A,0x65,0x21,0x91,0x34,0xF3,0x4C,0xC3,0x10,
    0x65,0x31,0x82,0x10,0x65,0x29,0xEB,0x5A,0x12,0x4D,0x11,0x3D,0x11,0x3D,0x11,0x3D,
    0x52,0x45,0xCF,0x5B,0x86,0x39,0xA6,0x31,0x86,0x31,0xC7,0x31,0x2C,0x63,0xC7,0x31,
    0xC7,0x31,0xC7,0x31,0xC7,0x31,0xC7,0x31,0xC7,0x31,0xC7,0x31,0xC7,0x31,0xC7,0x31,
    0xC7,0x31,0xC7,0x31,0xC7,0x31,0xC7,0x31,0xC7,0x31,0xC7,0x31,0xC7,0x31,0xC7,0x31,
    0xC7,0x31,0xC7,0x31,0xC7,0x31,0xC7,0x31,0xC7,0x31,0xC7,0x31,0xC7,0x31,0xC7,0x31,
    0xC7,0x31,0xC7,0x31,0xC7,0x31,0xC7,0x31,0xC7,0x31,0xC7,0x31,0xC7,0x31,0xC7,0x31,
    0xC7,0x31,0xC7,0x31,0xC7,0x31,0xC7,0x31,0xC7,0x31,0xC7,0x31,0xC7,0x31,0xC7,0x31,
    0xC7,0x31,0xC7,0x31,0xC7,0x31,0xC7,0x31,0xC7,0x31,0xC7,0x31,0xC7,0x31,0xC7,0x31,
    0xC7,0x31,0xC7,0x31,0xC7,0x31,0xC7,0x31,0xC7,0x31,0xC7,0x31,0xC7,0x31,0xC7,0x31,
    0xC7,0x31,0xC7,0x31,0xC7,0x31,0x6A,0x4A,0xE7,0x39,0x86,0x31,0xE7,0x31,0x08,0x32,
    0xE7,0x31,0xE7,0x31,0xA6,0x29,0xE7,0x31,0x69,0x42,0x89,0x4A,0xCA,0x52,0xCA,0x4A,
    0xEB,0x52,0x4C,0x5B,0x8E,0x63,0xEF,0x73,0x71,0x84,0x92,0x8C,0x71,0x94,0x51,0xA4,
    0x14,0x9D,0xB3,0x94,0xD4,0x94,0x72,0x8C,0x4E,0x63,0xCF,0x7B,0x79,0x9D,0xDD,0x95,
    0x33,0xB5,0xEA,0x62,0xAB,0x52,0x0C,0x63,0x6D,0x6B,0xCE,0x7B,0x0F,0x84,0xCE,0x7B,
    0xAD,0x73,0xEE,0x7B,0xAD,0x73,0x2C,0x8B,0x0C,0x83,0x4C,0x73,0x8E,0x83,0xAA,0x52,
    0x68,0x42,0x67,0x4A,0x68,0x4A,0x68,0x42,0x25,0x21,0xC6,0x11,0xA5,0x09,0xE3,0x18,
    0x66,0x29,0x61,0x08,0xA6,0x31,0x28,0x4A,0x2F,0x5C,0x72,0x45,0x32,0x3D,0x52,0x3D,
    0xB1,0x5C,0x8A,0x52,0xE7,0x41,0xC6,0x39,0x65,0x31,0x28,0x42,0x0C,0x5B,0xE8,0x31,
    0xC7,0x31,0xC7,0x31,0xC7,0x31,0xC7,0x31,0xC7,0x31,0xC7,0x31,0xC7,0x31,0xC7,0x31,
    0xC7,0x31,0xC7,0x31,0xC7,0x31,0xC7,0x31,0xC7,0x31,0xC7,0x31,0xC7,0x31,0xC7,0x31,
    0xC7,0x31,0xC7,0x31,0xC7,0x31,0xC7,0x31,0xC7,0x31,0xC7,0x31,0xC7,0x31,0xC7,0x31,
    0xC7,0x31,0xC7,0x31,0xC7,0x31,0xC7,0x31,0xC7,0x31,0xC7,0x31,0xC7,0x31,0xC7,0x31,
    0xC7,0x31,0xC7,0x31,0xC7,0x31,0xC7,0x31,0xC7,0x31,0xC7,0x31,0xC7,0x31,0xC7,0x31,
    0xC7,0x31,0xC7,0x31,0xC7,0x31,0xC7,0x31,0xC7,0x31,0xC7,0x31,0xC7,0x31,0xC7,0x31,
    0xC7,0x31,0xC7,0x31,0xC7,0x31,0xC7,0x31,0xC7,0x31,0xC7,0x31,0xC7,0x31,0xC7,0x31,
    0xC7,0x31,0xC7,0x31,0xC7,0x31,0x6A,0x4A,0xC7,0x39,0xA6,0x31,0x28,0x3A,0x08,0x32,
    0xC7,0x29,0x08,0x32,0x08,0x3A,0x49,0x42,0x28,0x3A,0x08,0x3A,0x28,0x3A,0x07,0x3A,
    0xAA,0x4A,0xAE,0x63,0x8D,0x63,0x30,0x7C,0xB2,0x94,0xD3,0x94,0x30,0x94,0xB3,0xAC,
    0x15,0xA5,0xD4,0x9C,0xB4,0x94,0x11,0x7C,0x4E,0x63,0xB2,0x94,0x1C,0xA6,0x9C,0x8D,
    0xD6,0xC5,0x0B,0x6B,0xCB,0x5A,0x8D,0x73,0x30,0x8C,0xEF,0x7B,0xEF,0x83,0xAE,0x7B,
    0x8D,0x73,0xAD,0x7B,0xAD,0x7B,0x0C,0x8B,0x2C,0x6B,0x51,0x94,0xAE,0x7B,0x68,0x4A,
    0x47,0x42,0x27,0x42,0x68,0x4A,0x48,0x42,0xC7,0x39,0xC7,0x41,0x86,0x31,0x86,0x29,
    0x04,0x21,0xE3,0x18,0xA6,0x31,0xE7,0x39,0x69,0x52,0xEE,0x63,0x50,0x5C,0x30,0x64,
    0x8B,0x52,0xA6,0x41,0x8A,0x5A,0xC7,0x39,0x45,0x29,0x8A,0x52,0x4D,0x6B,0x08,0x3A,
    0xC7,0x31,0xC7,0x31,0xC7,0x31,0xC7,0x31,0xC7,0x31,0xC7,0x31,0xC7,0x31,0xC7,0x31,
    0xC7,0x31,0xC7,0x31,0xC7,0x31,0xC7,0x31,0xC7,0x31,0xC7,0x31,0xC7,0x31,0xC7,0x31,
    0xC7,0x31,0xC7,0x31,0xC7,0x31,0xC7,0x31,0xC7,0x31,0xC7,0x31,0xC7,0x31,0xC7,0x31,
    0xC7,0x31,0xC7,0x31,0xC7,0x31,0xC7,0x31,0xC7,0x31,0xC7,0x31,0xC7,0x31,0xC7,0x31,
    0xC7,0x31,0xC7,0x31,0xC7,0x31,0xC7,0x31,0xC7,0x31,0xC7,0x31,0xC7,0x31,0xC7,0x31,
    0xC7,0x31,0xC7,0x31,0xC7,0x31,0xC7,0x31,0xC7,0x31,0xC7,0x31,0xC7,0x31,0xC7,0x31,
    0xC7,0x31,0xC7,0x31,0xC7,0x31,0xC7,0x31,0xC7,0x31,0xC7,0x31,0xC7,0x31,0xC7,0x31,
    0xC7,0x31,0xC7,0x31,0xC7,0x31,0x28,0x42,0x86,0x31,0x49,0x4A,0x2C,0x63,0xE7,0x31,
    0xE7,0x31,0xE7,0x31,0x08,0x32,0xE8,0x39,0xE8,0x39,0xE7,0x39,0xE7,0x31,0x89,0x42,
    0x8D,0x63,0xAE,0x6B,0x30,0x7C,0x91,0x8C,0xF3,0x9C,0xB2,0x8C,0x0F,0x94,0x14,0xAD,
    0x35,0xA5,0xF4,0x9C,0xD4,0x94,0x11,0x7C,0x4E,0x63,0xF0,0x7B,0x7A,0xD6,0x79,0xDE,
    0xD3,0xAC,0x2D,0x6B,0xEB,0x5A,0xEF,0x7B,0x0F,0x84,0xEF,0x83,0x2C,0x6B,0x6D,0x7B,
    0x8D,0x73,0x2B,0x63,0xCB,0x72,0xEB,0x8A,0xCE,0x83,0x91,0x9C,0x0B,0x5B,0x27,0x42,
    0x47,0x42,0x48,0x4A,0x48,0x4A,0xC7,0x39,0xE7,0x39,0x07,0x3A,0x28,0x42,0xAA,0x52,
    0xCA,0x52,0x69,0x4A,0x48,0x42,0x49,0x4A,0xE8,0x39,0xA7,0x39,0xE8,0x41,0xE8,0x41,
    0xC7,0x39,0x08,0x42,0x07,0x42,0x85,0x31,0x65,0x29,0xCB,0x5A,0xCB,0x52,0xC7,0x31,
    0xC7,0x31,0xC7,0x31,0xC7,0x31,0xC7,0x31,0xC7,0x31,0xC7,0x31,0xC7,0x31,0xC7,0x31,
    0xC7,0x31,0xC7,0x31,0xC7,0x31,0xC7,0x31,0xC7,0x31,0xC7,0x31,0xC7,0x31,0xC7,0x31,
    0xC7,0x31,0xC7,0x31,0xC7,0x31,0xC7,0x31,0xC7,0x31,0xC7,0x31,0xC7,0x31,0xC7,0x31,
    0xC7,0x31,0xC7,0x31,0xC7,0x31,0xC7,0x31,0xC7,0x31,0xC7,0x31,0xC7,0x31,0xC7,0x31,
    0xC7,0x31,0xC7,0x31,0xC7,0x31,0xC7,0x31,0xC7,0x31,0xC7,0x31,0xC7,0x31,0xC7,0x31,
    0xC7,0x31,0xC7,0x31,0xC7,0x31,0xC7,0x31,0xC7,0x31,0xC7,0x31,0xC7,0x31,0xC7,0x31,
    0xC7,0x31,0xC7,0x31,0xC7,0x31,0xC7,0x31,0xC7,0x31,0xC7,0x31,0xC7,0x31,0xC7,0x31,
    0xC7,0x31,0xC7,0x31,0x6A,0x4A,0x08,0x42,0x65,0x29,0xAA,0x52,0x2C,0x63,0x08,0x32,
    0xE7,0x31,0xE7,0x29,0xE7,0x31,0xE7,0x31,0xE7,0x39,0x49,0x42,0x28,0x3A,0x0B,0x53,
    0xAE,0x6B,0xEF,0x73,0xB2,0x8C,0xD3,0x94,0xD3,0x94,0x91,0x94,0x91,0xAC,0x55,0xA5,
    0x15,0xA5,0x15,0x9D,0x15,0x9D,0x93,0x8C,0x4E,0x63,0xAB,0x4A,0x8F,0x73,0x31,0x94,
    0x4C,0x73,0xEC,0x5A,0x4D,0x6B,0x91,0x94,0xEF,0x83,0x0F,0x84,0x50,0x94,0xAE,0x83,
    0xCE,0x7B,0xEF,0x7B,0x0C,0x93,0x4C,0x83,0x0E,0x8C,0x0E,0x84,0x68,0x4A,0x88,0x4A,
    0x48,0x42,0x68,0x4A,0x27,0x42,0x85,0x31,0xCA,0x5A,0x07,0x3A,0x69,0x4A,0xAA,0x52,
    0x69,0x4A,0x48,0x42,0x69,0x4A,0x69,0x4A,0x8A,0x4A,0x89,0x4A,0x69,0x4A,0x49,0x42,
    0x28,0x42,0x48,0x4A,0x07,0x42,0x85,0x31,0xA6,0x31,0x2C,0x63,0xC7,0x31,0xC7,0x31,
    0xC7,0x31,0xC7,0x31,0xC7,0x31,0xC7,0x31,0xC7,0x31,0xC7,0x31,0xC7,0x31,0xC7,0x31,
    0xC7,0x31,0xC7,0x31,0xC7,0x31,0xC7,0x31,0xC7,0x31,0xC7,0x31,0xC7,0x31,0xC7,0x31,
    0xC7,0x31,0xC7,0x31,0xC7,0x31,0xC7,0x31,0xC7,0x31,0xC7,0x31,0xC7,0x31,0xC7,0x31,
    0xC7,0x31,0xC7,0x31,0xC7,0x31,0xC7,0x31,0xC7,0x31,0xC7,0x31,0xC7,0x31,0xC7,0x31,
    0xC7,0x31,0xC7,0x31,0xC7,0x31,0xC7,0x31,0xC7,0x31,0xC7,0x31,0xC7,0x31,0xC7,0x31,
    0xC7,0x31,0xC7,0x31,0xC7,0x31,0xC7,0x31,0xC7,0x31,0xC7,0x31,0xC7,0x31,0xC7,0x31,
    0xC7,0x31,0xC7,0x31,0xC7,0x31,0xC7,0x31,0xC7,0x31,0xC7,0x31,0xC7,0x31,0xC7,0x31,
    0xC7,0x31,0xC7,0x31,0x8A,0x4A,0xE7,0x39,0x65,0x29,0x0C,0x63,0x10,0x7C,0xEB,0x52,
    0xC7,0x29,0xE7,0x31,0xE7,0x31,0xCA,0x5A,0xE7,0x39,0x69,0x4A,0x89,0x4A,0xCA,0x4A,
    0x2B,0x53,0xEF,0x73,0xB2,0x94,0xF3,0x9C,0xB2,0x8C,0xF0,0x93,0x93,0xAC,0x14,0x95,
    0xF4,0x9C,0xF4,0x9C,0xF4,0x9C,0xF4,0x9C,0xCF,0x73,0xCC,0x52,0x4A,0x42,0x08,0x3A,
    0x8A,0x4A,0x0C,0x63,0x10,0x84,0x71,0x94,0xEF,0x83,0xCE,0x7B,0x71,0x9C,0x0F,0x8C,
    0xEF,0x83,0xCE,0x8B,0xEB,0x82,0xCD,0x83,0x90,0x9C,0x2B,0x63,0x67,0x4A,0xA9,0x52,
    0xC9,0x5A,0x88,0x52,0xA9,0x52,0xE6,0x39,0xE7,0x39,0xC6,0x39,0x89,0x52,0xCA,0x52,
    0x0C,0x63,0x2C,0x63,0x2C,0x63,0xCA,0x52,0xE7,0x39,0x28,0x42,0xAA,0x52,0x0C,0x63,
    0xEB,0x5A,0x8A,0x52,0xC7,0x39,0x66,0x31,0x08,0x42,0x2D,0x63,0xC7,0x31,0xC7,0x31,
    0xC7,0x31,0xC7,0x31,0xC7,0x31,0xC7,0x31,0xC7,0x31,0xC7,0x31,0xC7,0x31,0xC7,0x31,
    0xC7,0x31,0xC7,0x31,0xC7,0x31,0xC7,0x31,0xC7,0x31,0xC7,0x31,0xC7,0x31,0xC7,0x31,
    0xC7,0x31,0xC7,0x31,0xC7,0x31,0xC7,0x31,0xC7,0x31,0xC7,0x31,0xC7,0x31,0xC7,0x31,
    0xC7,0x31,0xC7,0x31,0xC7,0x31,0xC7,0x31,0xC7,0x31,0xC7,0x31,0xC7,0x31,0xC7,0x31,
    0xC7,0x31,0xC7,0x31,0xC7,0x31,0xC7,0x31,0xC7,0x31,0xC7,0x31,0xC7,0x31,0xC7,0x31,
    0xC7,0x31,0xC7,0x31,0xC7,0x31,0xC7,0x31,0xC7,0x31,0xC7,0x31,0xC7,0x31,0xC7,0x31,
    0xC7,0x31,0xC7,0x31,0xC7,0x31,0xC7,0x31,0xC7,0x31,0xC7,0x31,0xC7,0x31,0xC7,0x31,
    0xC7,0x31,0xC7,0x31,0x69,0x4A,0xC7,0x39,0x65,0x29,0xEF,0x7B,0x8E,0x73,0xAA,0x4A,
    0xC7,0x29,0xE7,0x31,0xC6,0x29,0x8C,0x73,0x0B,0x5B,0xEB,0x52,0x69,0x42,0xAA,0x4A,
    0x6D,0x63,0xEF,0x7B,0x10,0x84,0x92,0x8C,0x0F,0x74,0x2C,0x83,0x71,0x84,0xD3,0x8C,
    0xD3,0x9C,0xF4,0x9C,0x14,0x9D,0xF4,0x9C,0xB3,0x94,0x11,0x7C,0x6E,0x6B,0x4D,0x63,
    0x6D,0x6B,0xF0,0x83,0xEF,0x83,0xCF,0x83,0xEF,0x83,0xAE,0x7B,0x8D,0x7B,0x0F,0x8C,
    0x30,0x8C,0xEF,0xA3,0x0B,0x7B,0x0B,0x6B,0x2F,0x8C,0x48,0x4A,0x68,0x52,0xA8,0x5A,
    0xC9,0x5A,0xA8,0x52,0xA9,0x52,0xC6,0x39,0xE7,0x39,0x28,0x42,0x49,0x4A,0x69,0x4A,
    0xAA,0x52,0x69,0x4A,0x89,0x4A,0xCB,0x5A,0x28,0x42,0x28,0x42,0x28,0x42,0x49,0x42,
    0xE7,0x39,0x08,0x42,0x87,0x31,0x65,0x29,0x69,0x4A,0x4D,0x63,0xC7,0x31,0xC7,0x31,
    0xC7,0x31,0xC7,0x31,0xC7,0x31,0xC7,0x31,0xC7,0x31,0xC7,0x31,0xC7,0x31,0xC7,0x31,
    0xC7,0x31,0xC7,0x31,0xC7,0x31,0xC7,0x31,0xC7,0x31,0xC7,0x31,0xC7,0x31,0xC7,0x31,
    0xC7,0x31,0xC7,0x31,0xC7,0x31,0xC7,0x31,0xC7,0x31,0xC7,0x31,0xC7,0x31,0xC7,0x31,
    0xC7,0x31,0xC7,0x31,0xC7,0x31,0xC7,0x31,0xC7,0x31,0xC7,0x31,0xC7,0x31,0xC7,0x31,
    0xC7,0x31,0xC7,0x31,0xC7,0x31,0xC7,0x31,0xC7,0x31,0xC7,0x31,0xC7,0x31,0xC7,0x31,
    0xC7,0x31,0xC7,0x31,0xC7,0x31,0xC7,0x31,0xC7,0x31,0xC7,0x31,0xC7,0x31,0xC7,0x31,
    0xC7,0x31,0xC7,0x31,0xC7,0x31,0xC7,0x31,0xC7,0x31,0xC7,0x31,0xC7,0x31,0xC7,0x31,
    0xC7,0x31,0xC7,0x31,0x69,0x4A,0xA6,0x31,0xC7,0x39,0xCF,0x7B,0xCB,0x5A,0xE7,0x31,
    0x69,0x42,0x29,0x42,0x28,0x3A,0x8C,0x6B,0xCE,0x7B,0xA9,0x4A,0xAA,0x42,0xEB,0x52,
    0x4C,0x63,0xEF,0x7B,0x10,0x7C,0xAE,0x63,0x74,0xAD,0x10,0xA5,0x0C,0x64,0x14,0x9D,
    0xF4,0xA4,0xF4,0x9C,0xF4,0x9C,0xF4,0x9C,0xB3,0x94,0xD4,0x9C,0x93,0x8C,0x71,0x8C,
    0x71,0x8C,0xEF,0x83,0x91,0x94,0xCF,0x7B,0xEF,0x7B,0xEF,0x7B,0xCF,0x83,0x8E,0x7B,
    0x0F,0x84,0x6D,0x9B,0x6B,0x7B,0x4C,0x73,0xEA,0x62,0x48,0x4A,0x67,0x4A,0x88,0x52,
    0xC9,0x52,0xA8,0x52,0x47,0x42,0x07,0x3A,0xC7,0x39,0xA6,0x31,0x69,0x4A,0x69,0x4A,
    0x6A,0x52,0x28,0x42,0x49,0x4A,0xAA,0x52,0xCB,0x5A,0xCB,0x5A,0x8A,0x52,0x28,0x42,
    0xE7,0x39,0xE7,0x39,0xA7,0x31,0x65,0x29,0xCB,0x5A,0xEC,0x5A,0xC7,0x31,0xC7,0x31,
    0xC7,0x31,0xC7,0x31,0xC7,0x31,0xC7,0x31,0xC7,0x31,0xC7,0x31,0xC7,0x31,0xC7,0x31,
    0xC7,0x31,0xC7,0x31,0xC7,0x31,0xC7,0x31,0xC7,0x31,0xC7,0x31,0xC7,0x31,0xC7,0x31,
    0xC7,0x31,0xC7,0x31,0xC7,0x31,0xC7,0x31,0xC7,0x31,0xC7,0x31,0xC7,0x31,0xC7,0x31,
    0xC7,0x31,0xC7,0x31,0xC7,0x31,0xC7,0x31,0xC7,0x31,0xC7,0x31,0xC7,0x31,0xC7,0x31,
    0xC7,0x31,0xC7,0x31,0xC7,0x31,0xC7,0x31,0xC7,0x31,0xC7,0x31,0xC7,0x31,0xC7,0x31,
    0xC7,0x31,0xC7,0x31,0xC7,0x31,0xC7,0x31,0xC7,0x31,0xC7,0x31,0xC7,0x31,0xC7,0x31,
    0xC7,0x31,0xC7,0x31,0xC7,0x31,0xC7,0x31,0xC7,0x31,0xC7,0x31,0xC7,0x31,0xC7,0x31,
    0xC7,0x31,0xC7,0x31,0x29,0x42,0x86,0x31,0xE7,0x39,0x6D,0x6B,0x0F,0x84,0x49,0x42,
    0xAA,0x5A,0x2C,0x6B,0x6D,0x6B,0x90,0x8C,0x6C,0x6B,0x88,0x42,0xAA,0x42,0xEB,0x52,
    0x6D,0x6B,0x30,0x84,0x10,0x7C,0xAE,0x63,0x0D,0x8C,0xEC,0x8B,0x4F,0x74,0x34,0xA5,
    0x55,0xA5,0x14,0x9D,0x34,0x9D,0x14,0x9D,0xB3,0x94,0xF4,0x9C,0xB3,0x94,0x71,0x8C,
    0x10,0x84,0x30,0x84,0x71,0x94,0x91,0x94,0xAE,0x7B,0x2C,0x63,0xEF,0x83,0xEF,0x83,
    0x8D,0x7B,0xCA,0x7A,0xC9,0x5A,0xCA,0x62,0x68,0x52,0x88,0x52,0x47,0x42,0x67,0x4A,
    0xC9,0x52,0x88,0x52,0x27,0x42,0x64,0x29,0x64,0x21,0xE7,0x39,0xEB,0x5A,0x0C,0x63,
    0x2C,0x63,0xAA,0x52,0xCB,0x5A,0x49,0x4A,0x28,0x42,0x69,0x4A,0xCB,0x5A,0xCB,0x5A,
    0x69,0x4A,0xC6,0x31,0x86,0x31,0x86,0x31,0x0C,0x63,0xC7,0x31,0xC7,0x31,0xC7,0x31,
    0xC7,0x31,0xC7,0x31,0xC7,0x31,0xC7,0x31,0xC7,0x31,0xC7,0x31,0xC7,0x31,0xC7,0x31,
    0xC7,0x31,0xC7,0x31,0xC7,0x31,0xC7,0x31,0xC7,0x31,0xC7,0x31,0xC7,0x31,0xC7,0x31,
    0xC7,0x31,0xC7,0x31,0xC7,0x31,0xC7,0x31,0xC7,0x31,0xC7,0x31,0xC7,0x31,0xC7,0x31,
    0xC7,0x31,0xC7,0x31,0xC7,0x31,0xC7,0x31,0xC7,0x31,0xC7,0x31,0xC7,0x31,0xC7,0x31,
    0xC7,0x31,0xC7,0x31,0xC7,0x31,0xC7,0x31,0xC7,0x31,0xC7,0x31,0xC7,0x31,0xC7,0x31,
    0xC7,0x31,0xC7,0x31,0xC7,0x31,0xC7,0x31,0xC7,0x31,0xC7,0x31,0xC7,0x31,0xC7,0x31,
    0xC7,0x31,0xC7,0x31,0xC7,0x31,0xC7,0x31,0xC7,0x31,0xC7,0x31,0xC7,0x31,0xC7,0x31,
    0xC7,0x31,0x6A,0x4A,0x08,0x42,0x65,0x29,0x08,0x42,0x28,0x4A,0xAA,0x5A,0x8D,0x7B,
    0x0C,0x6B,0xCA,0x62,0x0F,0x8C,0xAE,0x73,0xAA,0x4A,0x89,0x42,0xCA,0x4A,0x6D,0x63,
    0x8E,0x6B,0x50,0x84,0x10,0x7C,0x8D,0x6B,0xC8,0x5B,0x6A,0x83,0xEF,0xAB,0x51,0xAC,
    0xB2,0xA4,0xF3,0x9C,0x34,0x9D,0x14,0x9D,0xB2,0x94,0xB2,0x94,0x92,0x8C,0x92,0x8C,
    0xF0,0x7B,0x50,0x8C,0x91,0x94,0xF2,0x9C,0x71,0x8C,0x4C,0x63,0xCE,0x73,0x50,0x8C,
    0x2C,0x83,0xC9,0x72,0x0B,0x63,0x50,0x94,0x8D,0x73,0x89,0x52,0x27,0x42,0xA9,0x52,
    0xA8,0x4A,0x89,0x52,0x73,0x8C,0x32,0x74,0x0D,0x4B,0x8B,0x42,0x28,0x3A,0x07,0x3A,
    0xE6,0x39,0x28,0x42,0xAA,0x52,0x28,0x42,0xC7,0x39,0xA6,0x39,0x28,0x42,0x28,0x42,
    0xE7,0x39,0xC6,0x31,0x66,0x31,0xE7,0x39,0x6D,0x6B,0xC7,0x31,0xC7,0x31,0xC7,0x31,
    0xC7,0x31,0xC7,0x31,0xC7,0x31,0xC7,0x31,0xC7,0x31,0xC7,0x31,0xC7,0x31,0xC7,0x31,
    0xC7,0x31,0xC7,0x31,0xC7,0x31,0xC7,0x31,0xC7,0x31,0xC7,0x31,0xC7,0x31,0xC7,0x31,
    0xC7,0x31,0xC7,0x31,0xC7,0x31,0xC7,0x31,0xC7,0x31,0xC7,0x31,0xC7,0x31,0xC7,0x31,
    0xC7,0x31,0xC7,0x31,0xC7,0x31,0xC7,0x31,0xC7,0x31,0xC7,0x31,0xC7,0x31,0xC7,0x31,
    0xC7,0x31,0xC7,0x31,0xC7,0x31,0xC7,0x31,0xC7,0x31,0xC7,0x31,0xC7,0x31,0xC7,0x31,
    0xC7,0x31,0xC7,0x31,0xC7,0x31,0xC7,0x31,0xC7,0x31,0xC7,0x31,0xC7,0x31,0xC7,0x31,
    0xC7,0x31,0xC7,0x31,0xC7,0x31,0xC7,0x31,0xC7,0x31,0xC7,0x31,0xC7,0x31,0xC7,0x31,
    0xC7,0x31,0xAA,0x52,0x08,0x42,0x45,0x29,0xCB,0x62,0x0C,0x6B,0xAB,0x62,0x2C,0x73,
    0x4C,0x73,0x2B,0x6B,0x8D,0x73,0x28,0x42,0x08,0x3A,0x8A,0x4A,0x8E,0x63,0x10,0x7C,
    0xEF,0x73,0xEF,0x7B,0xCF,0x73,0xAE,0x73,0x8B,0x63,0x70,0x84,0x31,0x8C,0xCF,0x93,
    0xAF,0x9B,0x8E,0x9B,0x31,0xA4,0xB2,0xA4,0x71,0x8C,0xF3,0x94,0x13,0x9D,0x91,0x8C,
    0xB2,0x94,0x50,0x8C,0x71,0x8C,0xF3,0xA4,0x0F,0x84,0xCE,0x7B,0x6C,0x5B,0x6C,0x63,
    0xEC,0x92,0x4C,0x73,0x8D,0x73,0x4B,0x63,0xAD,0x73,0xA9,0x5A,0x89,0x52,0xEA,0x5A,
    0x88,0x4A,0xAB,0x52,0xF7,0x8C,0x7B,0x9D,0x19,0x8D,0xD8,0x7C,0x54,0x64,0x12,0x64,
    0xD0,0x6B,0x8E,0x73,0x8E,0x73,0x28,0x42,0xA6,0x31,0xA6,0x31,0x28,0x42,0x69,0x52,
    0x28,0x42,0xA6,0x31,0x45,0x29,0x69,0x4A,0x4D,0x6B,0xC7,0x31,0xC7,0x31,0xC7,0x31,
    0xC7,0x31,0xC7,0x31,0xC7,0x31,0xC7,0x31,0xC7,0x31,0xC7,0x31,0xC7,0x31,0xC7,0x31,
    0xC7,0x31,0xC7,0x31,0xC7,0x31,0xC7,0x31,0xC7,0x31,0xC7,0x31,0xC7,0x31,0xC7,0x31,
    0xC7,0x31,0xC7,0x31,0xC7,0x31,0xC7,0x31,0xC7,0x31,0xC7,0x31,0xC7,0x31,0xC7,0x31,
    0xC7,0x31,0xC7,0x31,0xC7,0x31,0xC7,0x31,0xC7,0x31,0xC7,0x31,0xC7,0x31,0xC7,0x31,
    0xC7,0x31,0xC7,0x31,0xC7,0x31,0xC7,0x31,0xC7,0x31,0xC7,0x31,0xC7,0x31,0xC7,0x31,
    0xC7,0x31,0xC7,0x31,0xC7,0x31,0xC7,0x31,0xC7,0x31,0xC7,0x31,0xC7,0x31,0xC7,0x31,
    0xC7,0x31,0xC7,0x31,0xC7,0x31,0xC7,0x31,0xC7,0x31,0xC7,0x31,0xC7,0x31,0xC7,0x31,
    0xC7,0x31,0x6A,0x4A,0xE7,0x39,0x86,0x31,0x08,0x42,0x49,0x52,0x0C,0x6B,0xEB,0x62,
    0x0B,0x6B,0xAD,0x83,0xCE,0x7B,0x68,0x3A,0x27,0x32,0x2C,0x5B,0xAE,0x6B,0xAE,0x6B,
    0x8D,0x6B,0x2F,0x7C,0xCE,0x73,0x0F,0x7C,0xF0,0x83,0x31,0x84,0x30,0x84,0x51,0x84,
    0x92,0x8C,0x10,0x84,0xCF,0x93,0x8E,0x9B,0x6D,0x9B,0x10,0xA4,0x91,0x9C,0xB2,0x9C,
    0x13,0x9D,0x71,0x8C,0xEF,0x7B,0x70,0x8C,0x50,0x8C,0xD2,0x9C,0xEE,0x73,0xCA,0x62,
    0x29,0x62,0x8D,0x63,0x6C,0x6B,0x06,0x32,0xC9,0x52,0xEA,0x62,0x68,0x52,0x68,0x4A,
    0x87,0x4A,0x89,0x42,0xCD,0x42,0x4F,0x53,0xF2,0x6B,0xF5,0x94,0x18,0x8D,0x79,0x95,
    0x38,0x85,0xF6,0x84,0x57,0x9D,0x32,0x74,0x6F,0x63,0x0D,0x53,0xAB,0x4A,0x49,0x42,
    0x49,0x42,0xA6,0x31,0x45,0x29,0xAA,0x52,0x0C,0x5B,0xC7,0x31,0xC7,0x31,0xC7,0x31,
    0xC7,0x31,0xC7,0x31,0xC7,0x31,0xC7,0x31,0xC7,0x31,0xC7,0x31,0xC7,0x31,0xC7,0x31,
    0xC7,0x31,0xC7,0x31,0xC7,0x31,0xC7,0x31,0xC7,0x31,0xC7,0x31,0xC7,0x31,0xC7,0x31,
    0xC7,0x31,0xC7,0x31,0xC7,0x31,0xC7,0x31,0xC7,0x31,0xC7,0x31,0xC7,0x31,0xC7,0x31,
    0xC7,0x31,0xC7,0x31,0xC7,0x31,0xC7,0x31,0xC7,0x31,0xC7,0x31,0xC7,0x31,0xC7,0x31,
    0xC7,0x31,0xC7,0x31,0xC7,0x31,0xC7,0x31,0xC7,0x31,0xC7,0x31,0xC7,0x31,0xC7,0x31,
    0xC7,0x31,0xC7,0x31,0xC7,0x31,0xC7,0x31,0xC7,0x31,0xC7,0x31,0xC7,0x31,0xC7,0x31,
    0xC7,0x31,0xC7,0x31,0xC7,0x31,0xC7,0x31,0xC7,0x31,0xC7,0x31,0xC7,0x31,0xC7,0x31,
    0xC7,0x31,0x49,0x4A,0xC7,0x39,0x86,0x31,0xA6,0x39,0xD3,0xA4,0xB2,0x9C,0xE7,0x41,
    0x89,0x52,0x69,0x52,0x8D,0x6B,0xCA,0x52,0x68,0x42,0x6D,0x63,0xCF,0x73,0x8D,0x6B,
    0x6C,0x63,0x4C,0x63,0xEF,0x73,0xB2,0x94,0x92,0x8C,0x10,0x7C,0x30,0x84,0x91,0x8C,
    0x51,0x84,0x51,0x84,0x30,0x7C,0xCF,0x73,0x30,0x8C,0xCE,0x93,0x8D,0x9B,0xCE,0xA3,
    0xCE,0xA3,0x0F,0x8C,0x0F,0x84,0x2F,0x84,0x50,0x8C,0xD2,0x9C,0x0F,0x7C,0xCA,0x7A,
    0x69,0x52,0x8D,0x6B,0x88,0x4A,0x27,0x3A,0xEB,0x5A,0x0B,0x6B,0x88,0x52,0x27,0x42,
    0x88,0x4A,0x06,0x32,0x44,0x19,0x24,0x19,0x24,0x19,0x66,0x21,0x29,0x3A,0xAF,0x63,
    0x77,0x9D,0x98,0xA5,0x98,0xA5,0x78,0xA5,0xD6,0x8C,0x53,0x74,0x53,0x74,0xF6,0x8C,
    0x11,0x7C,0x66,0x31,0x65,0x29,0x0C,0x63,0xE8,0x39,0xC7,0x31,0xC7,0x31,0xC7,0x31,
    0xC7,0x31,0xC7,0x31,0xC7,0x31,0xC7,0x31,0xC7,0x31,0xC7,0x31,0xC7,0x31,0xC7,0x31,
    0xC7,0x31,0xC7,0x31,0xC7,0x31,0xC7,0x31,0xC7,0x31,0xC7,0x31,0xC7,0x31,0xC7,0x31,
    0xC7,0x31,0xC7,0x31,0xC7,0x31,0xC7,0x31,0xC7,0x31,0xC7,0x31,0xC7,0x31,0xC7,0x31,
    0xC7,0x31,0xC7,0x31,0xC7,0x31,0xC7,0x31,0xC7,0x31,0xC7,0x31,0xC7,0x31,0xC7,0x31,
    0xC7,0x31,0xC7,0x31,0xC7,0x31,0xC7,0x31,0xC7,0x31,0xC7,0x31,0xC7,0x31,0xC7,0x31,
    0xC7,0x31,0xC7,0x31,0xC7,0x31,0xC7,0x31,0xC7,0x31,0xC7,0x31,0xC7,0x31,0xC7,0x31,
    0xC7,0x31,0xC7,0x31,0xC7,0x31,0xC7,0x31,0xC7,0x31,0xC7,0x31,0xC7,0x31,0xC7,0x31,
    0xC7,0x31,0x49,0x42,0xA6,0x31,0x65,0x29,0x08,0x42,0x39,0xCE,0x75,0xB5,0xC7,0x41,
    0xE8,0x41,0x07,0x42,0x8D,0x73,0xAA,0x52,0x07,0x3A,0x89,0x42,0x2C,0x5B,0x8E,0x73,
    0x6D,0x6B,0x6D,0x6B,0x70,0x84,0xB2,0x94,0x91,0x8C,0x51,0x84,0x71,0x8C,0x92,0x8C,
    0xCF,0x7B,0x0F,0x7C,0xAE,0x73,0x30,0x84,0x91,0x8C,0x0F,0x7C,0x10,0x84,0x30,0x84,
    0xCF,0x93,0xEC,0x8A,0x0C,0x93,0x4D,0x93,0xAE,0x8B,0xCD,0x73,0x54,0xA5,0xF0,0xAC,
    0x6A,0x5B,0xEB,0x62,0x25,0x21,0xC7,0x39,0xCA,0x5A,0x0B,0x6B,0xC9,0x5A,0x88,0x52,
    0x67,0x4A,0x46,0x3A,0x24,0x32,0xA4,0x29,0x44,0x21,0xE4,0x10,0xC3,0x08,0xA2,0x08,
    0xC7,0x31,0x2D,0x5B,0x11,0x7C,0xB3,0x8C,0x56,0x9D,0x15,0x95,0x36,0x95,0xD9,0xAD,
    0xF0,0x73,0x45,0x29,0xC7,0x39,0x2C,0x63,0xC7,0x31,0xC7,0x31,0xC7,0x31,0xC7,0x31,
    0xC7,0x31,0xC7,0x31,0xC7,0x31,0xC7,0x31,0xC7,0x31,0xC7,0x31,0xC7,0x31,0xC7,0x31,
    0xC7,0x31,0xC7,0x31,0xC7,0x31,0xC7,0x31,0xC7,0x31,0xC7,0x31,0xC7,0x31,0xC7,0x31,
    0xC7,0x31,0xC7,0x31,0xC7,0x31,0xC7,0x31,0xC7,0x31,0xC7,0x31,0xC7,0x31,0xC7,0x31,
    0xC7,0x31,0xC7,0x31,0xC7,0x31,0xC7,0x31,0xC7,0x31,0xC7,0x31,0xC7,0x31,0xC7,0x31,
    0xC7,0x31,0xC7,0x31,0xC7,0x31,0xC7,0x31,0xC7,0x31,0xC7,0x31,0xC7,0x31,0xC7,0x31,
    0xC7,0x31,0xC7,0x31,0xC7,0x31,0xC7,0x31,0xC7,0x31,0xC7,0x31,0xC7,0x31,0xC7,0x31,
    0xC7,0x31,0xC7,0x31,0xC7,0x31,0xC7,0x31,0xC7,0x31,0xC7,0x31,0xC7,0x31,0xC7,0x31,
    0x6A,0x4A,0x28,0x42,0x86,0x31,0x86,0x31,0xAA,0x5A,0x8E,0x73,0x8A,0x52,0xC7,0x41,
    0x28,0x4A,0x49,0x4A,0x54,0xAD,0x48,0x42,0xAA,0x52,0x48,0x42,0x2C,0x5B,0xAE,0x7B,
    0xAA,0x5A,0xEB,0x5A,0x8D,0x73,0x0F,0x7C,0x0F,0x7C,0x91,0x8C,0x13,0x9D,0x71,0x8C,
    0x10,0x84,0x8E,0x73,0xCF,0x7B,0x71,0x8C,0x71,0x8C,0xAE,0x7B,0xAE,0x7B,0xCF,0x7B,
    0xAE,0x73,0x4D,0x63,0x6D,0x7B,0x2D,0x83,0x2D,0x83,0x2B,0x8B,0x8C,0x9B,0x0C,0x84,
    0xA8,0x42,0xA7,0x31,0x25,0x19,0xE7,0x39,0x89,0x5A,0x89,0x5A,0x88,0x52,0xC9,0x52,
    0xA8,0x4A,0xE7,0x4A,0x05,0x4B,0x05,0x4B,0xC5,0x42,0x84,0x42,0x25,0x32,0xC5,0x29,
    0x64,0x21,0x43,0x19,0x86,0x29,0x46,0x21,0x87,0x21,0x29,0x3A,0x0C,0x53,0xAF,0x6B,
    0xCB,0x52,0x45,0x21,0x49,0x4A,0x4D,0x6B,0xC7,0x31,0xC7,0x31,0xC7,0x31,0xC7,0x31,
    0xC7,0x31,0xC7,0x31,0xC7,0x31,0xC7,0x31,0xC7,0x31,0xC7,0x31,0xC7,0x31,0xC7,0x31,
    0xC7,0x31,0xC7,0x31,0xC7,0x31,0xC7,0x31,0xC7,0x31,0xC7,0x31,0xC7,0x31,0xC7,0x31,
    0xC7,0x31,0xC7,0x31,0xC7,0x31,0xC7,0x31,0xC7,0x31,0xC7,0x31,0xC7,0x31,0xC7,0x31,
    0xC7,0x31,0xC7,0x31,0xC7,0x31,0xC7,0x31,0xC7,0x31,0xC7,0x31,0xC7,0x31,0xC7,0x31,
    0xC7,0x31,0xC7,0x31,0xC7,0x31,0xC7,0x31,0xC7,0x31,0xC7,0x31,0xC7,0x31,0xC7,0x31,
    0xC7,0x31,0xC7,0x31,0xC7,0x31,0xC7,0x31,0xC7,0x31,0xC7,0x31,0xC7,0x31,0xC7,0x31,
    0xC7,0x31,0xC7,0x31,0xC7,0x31,0xC7,0x31,0xC7,0x31,0xC7,0x31,0xC7,0x31,0xC7,0x31,
    0xAB,0x52,0x28,0x42,0x86,0x31,0xA6,0x31,0x49,0x4A,0x6D,0x6B,0x8A,0x52,0xA7,0x39,
    0x08,0x42,0x2C,0x6B,0x0F,0x84,0x68,0x4A,0xCA,0x52,0x69,0x4A,0x6D,0x63,0xEF,0x7B,
    0x69,0x52,0x08,0x42,0x69,0x4A,0x8D,0x6B,0x2C,0x63,0x6D,0x6B,0xEF,0x7B,0x30,0x84,
    0x0F,0x84,0xCF,0x7B,0x30,0x84,0x51,0x8C,0x51,0x8C,0xCF,0x7B,0x2D,0x6B,0x4D,0x6B,
    0x2C,0x63,0x6D,0x73,0x10,0x84,0x8D,0x63,0xAE,0x6B,0x30,0x8C,0xA9,0x6B,0x08,0x4B,
    0x89,0x42,0x28,0x3A,0x28,0x42,0x49,0x52,0x89,0x5A,0x89,0x5A,0xA9,0x5A,0xE9,0x5A,
    0x87,0x42,0x86,0x42,0xC5,0x42,0xC6,0x42,0xE6,0x4A,0xE6,0x4A,0x06,0x4B,0x05,0x4B,
    0x05,0x4B,0xE6,0x4A,0xE6,0x4A,0x85,0x42,0xE5,0x29,0xA5,0x21,0x44,0x19,0xA7,0x21,
    0x86,0x29,0x65,0x29,0xAA,0x52,0x6D,0x6B,0xC7,0x31,0xC7,0x31,0xC7,0x31,0xC7,0x31,
    0xC7,0x31,0xC7,0x31,0xC7,0x31,0xC7,0x31,0xC7,0x31,0xC7,0x31,0xC7,0x31,0xC7,0x31,
    0xC7,0x31,0xC7,0x31,0xC7,0x31,0xC7,0x31,0xC7,0x31,0xC7,0x31,0xC7,0x31,0xC7,0x31,
    0xC7,0x31,0xC7,0x31,0xC7,0x31,0xC7,0x31,0xC7,0x31,0xC7,0x31,0xC7,0x31,0xC7,0x31,
    0xC7,0x31,0xC7,0x31,0xC7,0x31,0xC7,0x31,0xC7,0x31,0xC7,0x31,0xC7,0x31,0xC7,0x31,
    0xC7,0x31,0xC7,0x31,0xC7,0x31,0xC7,0x31,0xC7,0x31,0xC7,0x31,0xC7,0x31,0xC7,0x31,
    0xC7,0x31,0xC7,0x31,0xC7,0x31,0xC7,0x31,0xC7,0x31,0xC7,0x31,0xC7,0x31,0xC7,0x31,
    0xC7,0x31,0xC7,0x31,0xC7,0x31,0xC7,0x31,0xC7,0x31,0xC7,0x31,0xC7,0x31,0xC7,0x31,
    0x29,0x42,0x49,0x42,0x86,0x31,0x86,0x31,0x65,0x29,0x65,0x29,0x86,0x31,0xA6,0x39,
    0xC7,0x39,0x0C,0x63,0xCF,0x7B,0x0B,0x63,0x0B,0x63,0x89,0x4A,0x2C,0x5B,0x6D,0x6B,
    0x28,0x42,0x28,0x42,0x69,0x4A,0xEF,0x7B,0x50,0x84,0xCA,0x52,0xAA,0x52,0x89,0x4A,
    0xAE,0x73,0xAE,0x73,0x0C,0x63,0x4D,0x6B,0xAF,0x7B,0x2D,0x6B,0xEC,0x6A,0x6E,0x73,
    0x6D,0x73,0xAE,0x7B,0x0F,0x84,0x0F,0x84,0x6D,0x6B,0x2C,0x63,0xC8,0x4A,0xC9,0x52,
    0xA9,0x4A,0x89,0x4A,0x28,0x42,0x27,0x42,0x27,0x4A,0x48,0x52,0xE9,0x62,0xA9,0x52,
    0x67,0x42,0x66,0x42,0x85,0x42,0x65,0x3A,0x45,0x3A,0x65,0x3A,0x85,0x42,0xC5,0x42,
    0xC6,0x4A,0xE5,0x4A,0xE5,0x4A,0x05,0x4B,0x26,0x4B,0x07,0x4B,0xC6,0x42,0x67,0x3A,
    0x87,0x31,0x66,0x29,0x0C,0x63,0x8A,0x4A,0xC7,0x31,0xC7,0x31,0xC7,0x31,0xC7,0x31,
    0xC7,0x31,0xC7,0x31,0xC7,0x31,0xC7,0x31,0xC7,0x31,0xC7,0x31,0xC7,0x31,0xC7,0x31,
    0xC7,0x31,0xC7,0x31,0xC7,0x31,0xC7,0x31,0xC7,0x31,0xC7,0x31,0xC7,0x31,0xC7,0x31,
    0xC7,0x31,0xC7,0x31,0xC7,0x31,0xC7,0x31,0xC7,0x31,0xC7,0x31,0xC7,0x31,0xC7,0x31,
    0xC7,0x31,0xC7,0x31,0xC7,0x31,0xC7,0x31,0xC7,0x31,0xC7,0x31,0xC7,0x31,0xC7,0x31,
    0xC7,0x31,0xC7,0x31,0xC7,0x31,0xC7,0x31,0xC7,0x31,0xC7,0x31,0xC7,0x31,0xC7,0x31,
    0xC7,0x31,0xC7,0x31,0xC7,0x31,0xC7,0x31,0xC7,0x31,0xC7,0x31,0xC7,0x31,0xC7,0x31,
    0xC7,0x31,0xC7,0x31,0xC7,0x31,0xC7,0x31,0xC7,0x31,0xC7,0x31,0xC7,0x31,0xC7,0x31,
    0xC7,0x31,0xCB,0x52,0xCB,0x5A,0xC7,0x39,0x86,0x31,0x86,0x31,0x65,0x31,0x86,0x31,
    0x86,0x31,0x65,0x29,0x86,0x31,0xE7,0x41,0x08,0x42,0x08,0x42,0xAE,0x73,0x4C,0x63,
    0x69,0x4A,0xAA,0x52,0xAA,0x52,0xEB,0x5A,0xAA,0x52,0xAA,0x52,0x8A,0x52,0x0B,0x5B,
    0x75,0xAD,0x6D,0x6B,0x49,0x4A,0x49,0x4A,0xE7,0x41,0x8A,0x52,0xCB,0x5A,0x8E,0x73,
    0x8D,0x73,0xAE,0x7B,0xAE,0x73,0x6C,0x6B,0x2C,0x63,0xEB,0x5A,0x8A,0x52,0xEB,0x5A,
    0xCA,0x52,0xCA,0x5A,0x68,0x4A,0x47,0x4A,0x68,0x4A,0x68,0x52,0xA8,0x52,0x47,0x4A,
    0x87,0x42,0x85,0x42,0x65,0x42,0x65,0x42,0x45,0x3A,0x44,0x3A,0x45,0x3A,0x65,0x3A,
    0x85,0x3A,0x85,0x3A,0x85,0x42,0xC5,0x42,0xE6,0x4A,0xC5,0x42,0xE6,0x4A,0x66,0x42,
    0x66,0x31,0xA7,0x31,0x4D,0x6B,0xC7,0x31,0xC7,0x31,0xC7,0x31,0xC7,0x31,0xC7,0x31,
    0xC7,0x31,0xC7,0x31,0xC7,0x31,0xC7,0x31,0xC7,0x31,0xC7,0x31,0xC7,0x31,0xC7,0x31,
    0xC7,0x31,0xC7,0x31,0xC7,0x31,0xC7,0x31,0xC7,0x31,0xC7,0x31,0xC7,0x31,0xC7,0x31,
    0xC7,0x31,0xC7,0x31,0xC7,0x31,0xC7,0x31,0xC7,0x31,0xC7,0x31,0xC7,0x31,0xC7,0x31,
    0xC7,0x31,0xC7,0x31,0xC7,0x31,0xC7,0x31,0xC7,0x31,0xC7,0x31,0xC7,0x31,0xC7,0x31,
    0xC7,0x31,0xC7,0x31,0xC7,0x31,0xC7,0x31,0xC7,0x31,0xC7,0x31,0xC7,0x31,0xC7,0x31,
    0xC7,0x31,0xC7,0x31,0xC7,0x31,0xC7,0x31,0xC7,0x31,0xC7,0x31,0xC7,0x31,0xC7,0x31,
    0xC7,0x31,0xC7,0x31,0xC7,0x31,0xC7,0x31,0xC7,0x31,0xC7,0x31,0xC7,0x31,0x0C,0x63,
    0xCB,0x5A,0xAA,0x52,0x8A,0x52,0xAA,0x52,0xAA,0x52,0x49,0x4A,0x08,0x42,0xE7,0x39,
    0xA6,0x39,0x66,0x31,0x45,0x29,0x25,0x29,0x65,0x29,0x86,0x31,0x66,0x31,0xA6,0x39,
    0x08,0x42,0xE7,0x39,0xCB,0x5A,0x51,0x8C,0x2C,0x63,0x8A,0x52,0x69,0x4A,0x4D,0x6B,
    0xCF,0x7B,0x49,0x4A,0x49,0x4A,0x28,0x42,0xCB,0x5A,0x69,0x4A,0x0C,0x63,0x10,0x84,
    0xCF,0x7B,0x6D,0x73,0x2C,0x63,0x2C,0x63,0x6C,0x6B,0x4C,0x63,0x2C,0x63,0xEB,0x5A,
    0x0B,0x5B,0x0C,0x63,0xAA,0x52,0x07,0x42,0x06,0x42,0x68,0x4A,0x27,0x42,0x47,0x42,
    0x86,0x4A,0xA5,0x42,0x65,0x42,0xA6,0x42,0x65,0x42,0x45,0x3A,0x25,0x3A,0x25,0x3A,
    0x24,0x32,0xE3,0x29,0x44,0x32,0x45,0x3A,0x45,0x3A,0x85,0x3A,0xE6,0x4A,0x25,0x3A,
    0x46,0x29,0x29,0x42,0x6D,0x6B,0xC7,0x31,0xC7,0x31,0xC7,0x31,0xC7,0x31,0xC7,0x31,
    0xC7,0x31,0xC7,0x31,0xC7,0x31,0xC7,0x31,0xC7,0x31,0xC7,0x31,0xC7,0x31,0xC7,0x31,
    0xC7,0x31,0xC7,0x31,0xC7,0x31,0xC7,0x31,0xC7,0x31,0xC7,0x31,0xC7,0x31,0xC7,0x31,
    0xC7,0x31,0xC7,0x31,0xC7,0x31,0xC7,0x31,0xC7,0x31,0xC7,0x31,0xC7,0x31,0xC7,0x31,
    0xC7,0x31,0xC7,0x31,0xC7,0x31,0xC7,0x31,0xC7,0x31,0xC7,0x31,0xC7,0x31,0xC7,0x31,
    0xC7,0x31,0xC7,0x31,0xC7,0x31,0xC7,0x31,0xC7,0x31,0xC7,0x31,0xC7,0x31,0xC7,0x31,
    0xC7,0x31,0xC7,0x31,0xC7,0x31,0xC7,0x31,0xC7,0x31,0xC7,0x31,0xC7,0x31,0xC7,0x31,
    0xC7,0x31,0xC7,0x31,0xC7,0x31,0xC7,0x31,0xC7,0x31,0xC7,0x31,0x4D,0x63,0xCB,0x5A,
    0xAA,0x52,0x8A,0x52,0xCB,0x5A,0xD3,0x9C,0xF3,0x9C,0xEB,0x5A,0x8A,0x52,0x8A,0x52,
    0x69,0x4A,0x4D,0x6B,0x6D,0x6B,0xAB,0x5A,0x08,0x42,0x86,0x31,0x65,0x31,0x65,0x31,
    0x86,0x31,0x86,0x31,0x86,0x31,0xE7,0x39,0xE7,0x39,0x28,0x42,0x69,0x4A,0x6D,0x6B,
    0x30,0x84,0xCA,0x5A,0x69,0x4A,0x69,0x52,0x6D,0x6B,0x28,0x42,0x2C,0x63,0x0F,0x84,
    0x6D,0x6B,0x0B,0x63,0x2C,0x63,0x6D,0x6B,0x4C,0x63,0x4C,0x63,0x4C,0x6B,0x2C,0x63,
    0x0C,0x63,0xAA,0x52,0x69,0x4A,0x07,0x3A,0x88,0x4A,0x47,0x42,0xE6,0x39,0x06,0x42,
    0xA5,0x31,0x64,0x29,0xC4,0x31,0x46,0x3A,0x25,0x3A,0x25,0x42,0x45,0x42,0x45,0x3A,
    0x45,0x3A,0x24,0x32,0x04,0x32,0x25,0x32,0x24,0x32,0x44,0x32,0x65,0x3A,0xC5,0x31,
    0x65,0x29,0x8A,0x52,0x6D,0x6B,0xC7,0x31,0xC7,0x31,0xC7,0x31,0xC7,0x31,0xC7,0x31,
    0xC7,0x31,0xC7,0x31,0xC7,0x31,0xC7,0x31,0xC7,0x31,0xC7,0x31,0xC7,0x31,0xC7,0x31,
    0xC7,0x31,0xC7,0x31,0xC7,0x31,0xC7,0x31,0xC7,0x31,0xC7,0x31,0xC7,0x31,0xC7,0x31,
    0xC7,0x31,0xC7,0x31,0xC7,0x31,0xC7,0x31,0xC7,0x31,0xC7,0x31,0xC7,0x31,0xC7,0x31,
    0xC7,0x31,0xC7,0x31,0xC7,0x31,0xC7,0x31,0xC7,0x31,0xC7,0x31,0xC7,0x31,0xC7,0x31,
    0xC7,0x31,0xC7,0x31,0xC7,0x31,0xC7,0x31,0xC7,0x31,0xC7,0x31,0xC7,0x31,0xC7,0x31,
    0xC7,0x31,0xC7,0x31,0xC7,0x31,0xC7,0x31,0xC7,0x31,0xC7,0x31,0xC7,0x31,0xC7,0x31,
    0xC7,0x31,0xC7,0x31,0xC7,0x31,0xC7,0x31,0xC7,0x31,0x6D,0x6B,0x0C,0x63,0x69,0x4A,
    0xAA,0x52,0x8A,0x52,0xEB,0x5A,0x92,0x94,0x71,0x8C,0xAA,0x52,0x69,0x4A,0x69,0x4A,
    0x69,0x4A,0x8A,0x52,0xEB,0x5A,0x6E,0x73,0xCF,0x7B,0x8A,0x52,0x69,0x4A,0xE7,0x41,
    0xA6,0x39,0x86,0x31,0x65,0x29,0x45,0x29,0x66,0x31,0x86,0x31,0x86,0x31,0xC7,0x39,
    0x49,0x4A,0x28,0x42,0x69,0x4A,0x49,0x4A,0x08,0x42,0xE7,0x31,0x2C,0x63,0x6D,0x6B,
    0x4C,0x6B,0x4C,0x6B,0x2C,0x63,0x4C,0x63,0x6D,0x6B,0x4C,0x63,0x0C,0x63,0x2C,0x63,
    0xCB,0x5A,0xAA,0x52,0x89,0x4A,0x68,0x42,0x88,0x4A,0xE6,0x39,0xE5,0x31,0xC5,0x31,
    0x27,0x42,0xE7,0x39,0x65,0x29,0x03,0x19,0x85,0x29,0x27,0x4A,0x47,0x4A,0x67,0x4A,
    0x66,0x4A,0x46,0x3A,0x05,0x32,0xE4,0x31,0xE4,0x31,0xE3,0x31,0xE4,0x31,0xA6,0x31,
    0x65,0x29,0xEB,0x5A,0xEB,0x5A,0xC7,0x31,0xC7,0x31,0xC7,0x31,0xC7,0x31,0xC7,0x31,
    0xC7,0x31,0xC7,0x31,0xC7,0x31,0xC7,0x31,0xC7,0x31,0xC7,0x31,0xC7,0x31,0xC7,0x31,
    0xC7,0x31,0xC7,0x31,0xC7,0x31,0xC7,0x31,0xC7,0x31,0xC7,0x31,0xC7,0x31,0xC7,0x31,
    0xC7,0x31,0xC7,0x31,0xC7,0x31,0xC7,0x31,0xC7,0x31,0xC7,0x31,0xC7,0x31,0xC7,0x31,
    0xC7,0x31,0xC7,0x31,0xC7,0x31,0xC7,0x31,0xC7,0x31,0xC7,0x31,0xC7,0x31,0xC7,0x31,
    0xC7,0x31,0xC7,0x31,0xC7,0x31,0xC7,0x31,0xC7,0x31,0xC7,0x31,0xC7,0x31,0xC7,0x31,
    0xC7,0x31,0xC7,0x31,0xC7,0x31,0xC7,0x31,0xC7,0x31,0xC7,0x31,0xC7,0x31,0xC7,0x31,
    0xC7,0x31,0xC7,0x31,0xC7,0x31,0xC7,0x31,0x0C,0x5B,0x4D,0x6B,0x69,0x4A,0xAA,0x52,
    0x8A,0x52,0x08,0x42,0xC7,0x39,0xAA,0x52,0x2C,0x63,0x86,0x31,0x86,0x31,0xA6,0x31,
    0xC7,0x39,0x49,0x4A,0x49,0x4A,0x28,0x42,0x49,0x4A,0x69,0x4A,0x8A,0x52,0x69,0x4A,
    0xAB,0x5A,0xAA,0x5A,0x49,0x4A,0x08,0x42,0xA6,0x39,0x86,0x31,0x86,0x31,0x65,0x31,
    0x45,0x29,0x65,0x31,0x86,0x31,0x86,0x31,0x65,0x29,0xA6,0x31,0xAA,0x52,0x2C,0x63,
    0x6D,0x6B,0x4D,0x6B,0x2C,0x63,0x2C,0x63,0x4C,0x63,0x6D,0x6B,0x0B,0x5B,0xEB,0x5A,
    0xCA,0x5A,0xCA,0x52,0xA9,0x52,0x68,0x4A,0x06,0x3A,0xE6,0x31,0xE6,0x39,0xA5,0x39,
    0x49,0x4A,0xEF,0x7B,0xC9,0x52,0x27,0x42,0xCA,0x52,0xA9,0x52,0xE6,0x39,0xE7,0x41,
    0xAA,0x5A,0x2C,0x63,0xEA,0x5A,0xC9,0x52,0x26,0x3A,0x05,0x3A,0xC5,0x31,0x86,0x29,
    0x86,0x31,0x2C,0x63,0xC7,0x31,0xC7,0x31,0xC7,0x31,0xC7,0x31,0xC7,0x31,0xC7,0x31,
    0xC7,0x31,0xC7,0x31,0xC7,0x31,0xC7,0x31,0xC7,0x31,0xC7,0x31,0xC7,0x31,0xC7,0x31,
    0xC7,0x31,0xC7,0x31,0xC7,0x31,0xC7,0x31,0xC7,0x31,0xC7,0x31,0xC7,0x31,0xC7,0x31,
    0xC7,0x31,0xC7,0x31,0xC7,0x31,0xC7,0x31,0xC7,0x31,0xC7,0x31,0xC7,0x31,0xC7,0x31,
    0xC7,0x31,0xC7,0x31,0xC7,0x31,0xC7,0x31,0xC7,0x31,0xC7,0x31,0xC7,0x31,0xC7,0x31,
    0xC7,0x31,0xC7,0x31,0xC7,0x31,0xC7,0x31,0xC7,0x31,0xC7,0x31,0xC7,0x31,0xC7,0x31,
    0xC7,0x31,0xC7,0x31,0xC7,0x31,0xC7,0x31,0xC7,0x31,0xC7,0x31,0xC7,0x31,0xC7,0x31,
    0xC7,0x31,0xC7,0x31,0xC7,0x31,0xC7,0x31,0x0C,0x63,0xCB,0x5A,0x8A,0x52,0x69,0x4A,
    0x86,0x31,0x45,0x29,0x24,0x21,0x69,0x4A,0x28,0x42,0x65,0x29,0x04,0x21,0x24,0x21,
    0x04,0x21,0x65,0x29,0x49,0x4A,0x69,0x4A,0x69,0x4A,0x69,0x4A,0x49,0x4A,0x08,0x42,
    0xF3,0xA4,0xB2,0x94,0x75,0xB5,0x30,0x84,0xC7,0x39,0x28,0x4A,0x08,0x42,0xA6,0x39,
    0x86,0x31,0x86,0x31,0x86,0x31,0x66,0x31,0x86,0x31,0x86,0x31,0x86,0x31,0xA6,0x39,
    0x08,0x42,0x69,0x4A,0xCB,0x5A,0x0B,0x5B,0x2C,0x63,0x4C,0x6B,0x0C,0x5B,0x0B,0x63,
    0xA9,0x52,0x48,0x42,0xA9,0x52,0x47,0x42,0xE6,0x39,0xC5,0x31,0x68,0x52,0x64,0x31,
    0x04,0x21,0x69,0x4A,0x27,0x42,0x07,0x3A,0x69,0x4A,0xCA,0x52,0x4C,0x6B,0x49,0x4A,
    0xE7,0x41,0x49,0x52,0xCB,0x62,0x28,0x4A,0xC6,0x39,0x48,0x42,0x07,0x3A,0x65,0x29,
    0x08,0x42,0x6D,0x6B,0xC7,0x31,0xC7,0x31,0xC7,0x31,0xC7,0x31,0xC7,0x31,0xC7,0x31,
    0xC7,0x31,0xC7,0x31,0xC7,0x31,0xC7,0x31,0xC7,0x31,0xC7,0x31,0xC7,0x31,0xC7,0x31,
    0xC7,0x31,0xC7,0x31,0xC7,0x31,0xC7,0x31,0xC7,0x31,0xC7,0x31,0xC7,0x31,0xC7,0x31,
    0xC7,0x31,0xC7,0x31,0xC7,0x31,0xC7,0x31,0xC7,0x31,0xC7,0x31,0xC7,0x31,0xC7,0x31,
    0xC7,0x31,0xC7,0x31,0xC7,0x31,0xC7,0x31,0xC7,0x31,0xC7,0x31,0xC7,0x31,0xC7,0x31,
    0xC7,0x31,0xC7,0x31,0xC7,0x31,0xC7,0x31,0xC7,0x31,0xC7,0x31,0xC7,0x31,0xC7,0x31,
    0xC7,0x31,0xC7,0x31,0xC7,0x31,0xC7,0x31,0xC7,0x31,0xC7,0x31,0xC7,0x31,0xC7,0x31,
    0xC7,0x31,0xC7,0x31,0xC7,0x31,0xEC,0x5A,0x0C,0x63,0x69,0x4A,0xAA,0x52,0xA6,0x31,
    0xE3,0x18,0x45,0x29,0x04,0x21,0x45,0x29,0x86,0x31,0xC3,0x18,0xC3,0x18,0xC3,0x18,
    0xE3,0x18,0xC3,0x18,0xC7,0x39,0x49,0x4A,0x69,0x4A,0x69,0x4A,0x69,0x4A,0x28,0x42,
    0x8E,0x73,0x92,0x94,0x10,0x84,0x8A,0x52,0xCB,0x5A,0x4D,0x6B,0x08,0x42,0x28,0x42,
    0x69,0x52,0x28,0x4A,0xE7,0x41,0xA6,0x39,0x86,0x31,0x86,0x31,0x86,0x31,0x65,0x31,
    0x65,0x29,0x65,0x31,0x86,0x31,0xA6,0x39,0x08,0x42,0x49,0x4A,0x8A,0x52,0xCA,0x5A,
    0xCA,0x52,0x48,0x42,0x68,0x4A,0x27,0x3A,0xE5,0x31,0x06,0x42,0x68,0x52,0xA6,0x39,
    0x8A,0x52,0x69,0x4A,0xE6,0x39,0xA6,0x31,0xA6,0x31,0xA6,0x31,0x08,0x42,0x49,0x4A,
    0xE8,0x41,0x86,0x31,0x49,0x4A,0xA6,0x31,0x65,0x29,0xA6,0x31,0xA6,0x31,0x65,0x29,
    0x8A,0x4A,0x8E,0x6B,0xC7,0x31,0xC7,0x31,0xC7,0x31,0xC7,0x31,0xC7,0x31,0xC7,0x31,
    0xC7,0x31,0xC7,0x31,0xC7,0x31,0xC7,0x31,0xC7,0x31,0xC7,0x31,0xC7,0x31,0xC7,0x31,
    0xC7,0x31,0xC7,0x31,0xC7,0x31,0xC7,0x31,0xC7,0x31,0xC7,0x31,0xC7,0x31,0xC7,0x31,
    0xC7,0x31,0xC7,0x31,0xC7,0x31,0xC7,0x31,0xC7,0x31,0xC7,0x31,0xC7,0x31,0xC7,0x31,
    0xC7,0x31,0xC7,0x31,0xC7,0x31,0xC7,0x31,0xC7,0x31,0xC7,0x31,0xC7,0x31,0xC7,0x31,
    0xC7,0x31,0xC7,0x31,0xC7,0x31,0xC7,0x31,0xC7,0x31,0xC7,0x31,0xC7,0x31,0xC7,0x31,
    0xC7,0x31,0xC7,0x31,0xC7,0x31,0xC7,0x31,0xC7,0x31,0xC7,0x31,0xC7,0x31,0xC7,0x31,
    0xC7,0x31,0xC7,0x31,0xC7,0x31,0x2C,0x63,0x8A,0x52,0x8A,0x52,0x69,0x4A,0x04,0x21,
    0x04,0x21,0xE3,0x18,0x45,0x29,0xE3,0x18,0xA2,0x10,0xA2,0x10,0xA2,0x10,0x61,0x08,
    0xE3,0x18,0xA2,0x10,0x65,0x29,0x08,0x42,0x49,0x4A,0x69,0x4A,0x69,0x4A,0x69,0x4A,
    0xE7,0x39,0x86,0x31,0xC3,0x18,0x65,0x31,0x2C,0x6B,0xD3,0x9C,0x4D,0x6B,0x45,0x29,
    0x86,0x31,0x08,0x42,0x69,0x4A,0x8A,0x52,0x69,0x52,0x28,0x4A,0xE7,0x41,0xC7,0x39,
    0x86,0x31,0x86,0x31,0x66,0x31,0x65,0x31,0x65,0x31,0x65,0x31,0x86,0x31,0xA6,0x31,
    0xC6,0x39,0xE7,0x39,0x27,0x42,0x06,0x3A,0x06,0x3A,0x88,0x52,0xA5,0x31,0xE7,0x39,
    0xCF,0x7B,0x6D,0x6B,0x48,0x4A,0x69,0x52,0x65,0x29,0xA6,0x31,0xE7,0x39,0x28,0x42,
    0xAA,0x52,0x8A,0x52,0x69,0x4A,0xA6,0x31,0x45,0x29,0xC6,0x39,0x86,0x31,0x45,0x29,
    0xCB,0x5A,0x0C,0x5B,0xC7,0x31,0xC7,0x31,0xC7,0x31,0xC7,0x31,0xC7,0x31,0xC7,0x31,
    0xC7,0x31,0xC7,0x31,0xC7,0x31,0xC7,0x31,0xC7,0x31,0xC7,0x31,0xC7,0x31,0xC7,0x31,
    0xC7,0x31,0xC7,0x31,0xC7,0x31,0xC7,0x31,0xC7,0x31,0xC7,0x31,0xC7,0x31,0xC7,0x31,
    0xC7,0x31,0xC7,0x31,0xC7,0x31,0xC7,0x31,0xC7,0x31,0xC7,0x31,0xC7,0x31,0xC7,0x31,
    0xC7,0x31,0xC7,0x31,0xC7,0x31,0xC7,0x31,0xC7,0x31,0xC7,0x31,0xC7,0x31,0xC7,0x31,
    0xC7,0x31,0xC7,0x31,0xC7,0x31,0xC7,0x31,0xC7,0x31,0xC7,0x31,0xC7,0x31,0xC7,0x31,
    0xC7,0x31,0xC7,0x31,0xC7,0x31,0xC7,0x31,0xC7,0x31,0xC7,0x31,0xC7,0x31,0xC7,0x31,
    0xC7,0x31,0xC7,0x31,0xCB,0x52,0xCB,0x5A,0x8A,0x52,0x8A,0x52,0x69,0x4A,0xE3,0x18,
    0x45,0x29,0x24,0x21,0xA2,0x10,0xC3,0x18,0xA2,0x10,0x82,0x10,0x61,0x08,0xA2,0x10,
    0xA2,0x10,0x82,0x10,0x45,0x29,0xC7,0x39,0x28,0x42,0x69,0x4A,0x69,0x4A,0x69,0x4A,
    0x69,0x4A,0xE7,0x41,0x65,0x31,0xE7,0x41,0x08,0x42,0x28,0x4A,0x8A,0x52,0x04,0x21,
    0x20,0x00,0x61,0x08,0xA2,0x10,0x24,0x21,0xA6,0x31,0x08,0x42,0x49,0x4A,0x8A,0x52,
    0x69,0x4A,0x28,0x42,0xE7,0x39,0xA6,0x39,0xA6,0x31,0x86,0x31,0x86,0x31,0x66,0x31,
    0x65,0x31,0x66,0x31,0x85,0x31,0x85,0x31,0xA6,0x39,0x07,0x42,0x65,0x29,0x44,0x21,
    0xC6,0x39,0xE7,0x39,0x28,0x4A,0x4C,0x6B,0x2C,0x6B,0x6D,0x73,0x28,0x42,0x44,0x21,
    0x28,0x42,0xCB,0x5A,0x48,0x42,0x28,0x3A,0x07,0x3A,0x85,0x31,0x85,0x31,0x85,0x31,
    0x4D,0x6B,0xC7,0x31,0xC7,0x31,0xC7,0x31,0xC7,0x31,0xC7,0x31,0xC7,0x31,0xC7,0x31,
    0xC7,0x31,0xC7,0x31,0xC7,0x31,0xC7,0x31,0xC7,0x31,0xC7,0x31,0xC7,0x31,0xC7,0x31,
    0xC7,0x31,0xC7,0x31,0xC7,0x31,0xC7,0x31,0xC7,0x31,0xC7,0x31,0xC7,0x31,0xC7,0x31,
    0xC7,0x31,0xC7,0x31,0xC7,0x31,0xC7,0x31,0xC7,0x31,0xC7,0x31,0xC7,0x31,0xC7,0x31,
    0xC7,0x31,0xC7,0x31,0xC7,0x31,0xC7,0x31,0xC7,0x31,0xC7,0x31,0xC7,0x31,0xC7,0x31,
    0xC7,0x31,0xC7,0x31,0xC7,0x31,0xC7,0x31,0xC7,0x31,0xC7,0x31,0xC7,0x31,0xC7,0x31,
    0xC7,0x31,0xC7,0x31,0xC7,0x31,0xC7,0x31,0xC7,0x31,0xC7,0x31,0xC7,0x31,0xC7,0x31,
    0xC7,0x31,0xC7,0x31,0x0C,0x63,0x8A,0x52,0xAA,0x52,0x69,0x4A,0x69,0x4A,0x45,0x29,
    0xC3,0x18,0x04,0x21,0x45,0x29,0xE3,0x18,0xC3,0x18,0xC3,0x18,0xC3,0x18,0xA2,0x10,
    0x41,0x08,0xA2,0x10,0x24,0x21,0x86,0x31,0x28,0x42,0xAA,0x52,0x28,0x42,0x28,0x42,
    0x49,0x4A,0x49,0x4A,0x08,0x42,0x08,0x42,0x28,0x4A,0x29,0x4A,0xE7,0x39,0x41,0x08,
    0x41,0x08,0x41,0x08,0x41,0x08,0xA2,0x10,0x24,0x21,0xA6,0x31,0xC6,0x31,0xA6,0x31,
    0xE7,0x39,0x08,0x42,0x28,0x42,0x69,0x4A,0x69,0x4A,0x28,0x4A,0xE7,0x39,0xA6,0x39,
    0xA7,0x39,0xA6,0x31,0x86,0x31,0x86,0x31,0x66,0x31,0x66,0x31,0x86,0x31,0xA6,0x31,
    0xA6,0x31,0xC6,0x31,0xA6,0x39,0x07,0x42,0xE6,0x39,0x07,0x42,0x48,0x4A,0xE7,0x39,
    0x69,0x4A,0x48,0x42,0x65,0x21,0x44,0x21,0x85,0x29,0x85,0x29,0x65,0x29,0xE7,0x39,
    0x6D,0x6B,0xC7,0x31,0xC7,0x31,0xC7,0x31,0xC7,0x31,0xC7,0x31,0xC7,0x31,0xC7,0x31,
    0xC7,0x31,0xC7,0x31,0xC7,0x31,0xC7,0x31,0xC7,0x31,0xC7,0x31,0xC7,0x31,0xC7,0x31,
    0xC7,0x31,0xC7,0x31,0xC7,0x31,0xC7,0x31,0xC7,0x31,0xC7,0x31,0xC7,0x31,0xC7,0x31,
    0xC7,0x31,0xC7,0x31,0xC7,0x31,0xC7,0x31,0xC7,0x31,0xC7,0x31,0xC7,0x31,0xC7,0x31,
    0xC7,0x31,0xC7,0x31,0xC7,0x31,0xC7,0x31,0xC7,0x31,0xC7,0x31,0xC7,0x31,0xC7,0x31,
    0xC7,0x31,0xC7,0x31,0xC7,0x31,0xC7,0x31,0xC7,0x31,0xC7,0x31,0xC7,0x31,0xC7,0x31,
    0xC7,0x31,0xC7,0x31,0xC7,0x31,0xC7,0x31,0xC7,0x31,0xC7,0x31,0xC7,0x31,0xC7,0x31,
    0xC7,0x31,0xAA,0x52,0xCB,0x5A,0x8A,0x52,0xCB,0x5A,0x49,0x4A,0x28,0x42,0xA6,0x31,
    0x04,0x21,0xA2,0x10,0xA2,0x10,0xC3,0x18,0xC3,0x18,0xA2,0x10,0x61,0x08,0x61,0x08,
    0xA2,0x10,0xA2,0x10,0x04,0x21,0x86,0x31,0x69,0x4A,0x2C,0x63,0xEF,0x7B,0x4D,0x6B,
    0x28,0x42,0x49,0x4A,0x49,0x4A,0x28,0x4A,0x28,0x42,0x49,0x4A,0x24,0x21,0x20,0x08,
    0x61,0x08,0x41,0x08,0x61,0x08,0xE3,0x18,0x65,0x29,0xE7,0x39,0x28,0x4A,0x28,0x42,
    0xE7,0x41,0xC7,0x39,0xA6,0x31,0xA6,0x31,0xC6,0x31,0x08,0x3A,0xC7,0x39,0x04,0x21,
    0x86,0x31,0x08,0x42,0xE7,0x41,0xC7,0x39,0xC7,0x39,0xC7,0x39,0xA6,0x31,0x66,0x31,
    0x65,0x29,0x66,0x29,0x85,0x31,0x86,0x31,0xA6,0x31,0xC6,0x39,0xA6,0x39,0x07,0x42,
    0x0B,0x63,0x07,0x3A,0xA6,0x29,0x44,0x21,0xA6,0x29,0xC6,0x31,0x45,0x29,0x69,0x4A,
    0x8E,0x73,0xC7,0x31,0xC7,0x31,0xC7,0x31,0xC7,0x31,0xC7,0x31,0xC7,0x31,0xC7,0x31,
    0xC7,0x31,0xC7,0x31,0xC7,0x31,0xC7,0x31,0xC7,0x31,0xC7,0x31,0xC7,0x31,0xC7,0x31,
    0xC7,0x31,0xC7,0x31,0xC7,0x31,0xC7,0x31,0xC7,0x31,0xC7,0x31,0xC7,0x31,0xC7,0x31,
    0xC7,0x31,0xC7,0x31,0xC7,0x31,0xC7,0x31,0xC7,0x31,0xC7,0x31,0xC7,0x31,0xC7,0x31,
    0xC7,0x31,0xC7,0x31,0xC7,0x31,0xC7,0x31,0xC7,0x31,0xC7,0x31,0xC7,0x31,0xC7,0x31,
    0xC7,0x31,0xC7,0x31,0xC7,0x31,0xC7,0x31,0xC7,0x31,0xC7,0x31,0xC7,0x31,0xC7,0x31,
    0xC7,0x31,0xC7,0x31,0xC7,0x31,0xC7,0x31,0xC7,0x31,0xC7,0x31,0xC7,0x31,0xC7,0x31,
    0xE8,0x39,0xEB,0x5A,0x69,0x4A,0xAA,0x52,0xAA,0x52,0x8A,0x52,0xE7,0x39,0xE7,0x39,
    0x24,0x21,0x24,0x21,0x04,0x21,0xC3,0x18,0xC3,0x18,0xC3,0x18,0xE3,0x18,0xC3,0x18,
    0xA2,0x10,0xC3,0x18,0x04,0x21,0xE7,0x39,0x0C,0x63,0xAA,0x52,0x30,0x84,0xCF,0x7B,
    0x08,0x42,0x49,0x4A,0x28,0x42,0x28,0x4A,0x28,0x4A,0x08,0x42,0x61,0x10,0x41,0x08,
    0x82,0x10,0x82,0x10,0xA2,0x10,0xE3,0x18,0x65,0x29,0xC7,0x39,0x08,0x42,0x08,0x42,
    0x08,0x42,0x28,0x42,0x28,0x42,0x28,0x42,0xE7,0x41,0xC7,0x31,0xA6,0x31,0x86,0x31,
    0xC7,0x39,0x08,0x42,0xE8,0x41,0x08,0x42,0x04,0x21,0x04,0x21,0xA7,0x39,0xC7,0x39,
    0xC7,0x39,0xA7,0x39,0x86,0x31,0x45,0x29,0x65,0x29,0x66,0x29,0x66,0x31,0xA6,0x31,
    0xE7,0x41,0x28,0x42,0x08,0x42,0x85,0x29,0xA6,0x31,0xA6,0x31,0x45,0x29,0xCB,0x5A,
    0xAE,0x73,0xC7,0x31,0xC7,0x31,0xC7,0x31,0xC7,0x31,0xC7,0x31,0xC7,0x31,0xC7,0x31,
    0xC7,0x31,0xC7,0x31,0xC7,0x31,0xC7,0x31,0xC7,0x31,0xC7,0x31,0xC7,0x31,0xC7,0x31,
    0xC7,0x31,0xC7,0x31,0xC7,0x31,0xC7,0x31,0xC7,0x31,0xC7,0x31,0xC7,0x31,0xC7,0x31,
    0xC7,0x31,0xC7,0x31,0xC7,0x31,0xC7,0x31,0xC7,0x31,0xC7,0x31,0xC7,0x31,0xC7,0x31,
    0xC7,0x31,0xC7,0x31,0xC7,0x31,0xC7,0x31,0xC7,0x31,0xC7,0x31,0xC7,0x31,0xC7,0x31,
    0xC7,0x31,0xC7,0x31,0xC7,0x31,0xC7,0x31,0xC7,0x31,0xC7,0x31,0xC7,0x31,0xC7,0x31,
    0xC7,0x31,0xC7,0x31,0xC7,0x31,0xC7,0x31,0xC7,0x31,0xC7,0x31,0xC7,0x31,0xC7,0x31,
    0xCB,0x52,0xCB,0x5A,0x49,0x4A,0xCB,0x5A,0xAA,0x52,0xCB,0x5A,0x69,0x4A,0xA6,0x31,
    0xA6,0x31,0x45,0x29,0x04,0x21,0x04,0x21,0x04,0x21,0xE3,0x18,0xC3,0x18,0xC3,0x18,
    0xE3,0x18,0x04,0x21,0xC7,0x39,0x69,0x4A,0x49,0x4A,0x49,0x4A,0x08,0x42,0x69,0x4A,
    0x49,0x4A,0x28,0x42,0x28,0x42,0x28,0x42,0x49,0x4A,0x45,0x29,0x20,0x08,0x61,0x10,
    0xC3,0x18,0xE3,0x18,0xC3,0x18,0x04,0x21,0x65,0x29,0xA6,0x31,0x08,0x42,0x08,0x42,
    0x08,0x42,0x08,0x42,0x08,0x42,0x08,0x42,0x08,0x42,0x28,0x42,0x28,0x42,0x08,0x42,
    0x08,0x42,0xE8,0x41,0x08,0x42,0x08,0x42,0xC3,0x18,0x41,0x08,0xE3,0x18,0xE7,0x39,
    0xE8,0x41,0xE8,0x41,0x08,0x42,0x08,0x42,0xA7,0x39,0x86,0x31,0x86,0x31,0x66,0x31,
    0x45,0x29,0x45,0x29,0x66,0x31,0x86,0x31,0xA6,0x31,0x86,0x31,0x45,0x29,0x0C,0x63,
    0xAA,0x52,0x6A,0x4A,0xC7,0x31,0xC7,0x31,0xC7,0x31,0xC7,0x31,0xC7,0x31,0xC7,0x31,
    0xC7,0x31,0xC7,0x31,0xC7,0x31,0xC7,0x31,0xC7,0x31,0xC7,0x31,0xC7,0x31,0xC7,0x31,
    0xC7,0x31,0xC7,0x31,0xC7,0x31,0xC7,0x31,0xC7,0x31,0xC7,0x31,0xC7,0x31,0xC7,0x31,
    0xC7,0x31,0xC7,0x31,0xC7,0x31,0xC7,0x31,0xC7,0x31,0xC7,0x31,0xC7,0x31,0xC7,0x31,
    0xC7,0x31,0xC7,0x31,0xC7,0x31,0xC7,0x31,0xC7,0x31,0xC7,0x31,0xC7,0x31,0xC7,0x31,
    0xC7,0x31,0xC7,0x31,0xC7,0x31,0xC7,0x31,0xC7,0x31,0xC7,0x31,0xC7,0x31,0xC7,0x31,
    0xC7,0x31,0xC7,0x31,0xC7,0x31,0xC7,0x31,0xC7,0x31,0xC7,0x31,0xC7,0x31,0xC7,0x31,
    0xEC,0x5A,0x8A,0x52,0x8A,0x52,0xCB,0x5A,0xAA,0x52,0xAA,0x52,0xAA,0x52,0x69,0x4A,
    0xC7,0x39,0x86,0x31,0x45,0x29,0x24,0x21,0x24,0x21,0x04,0x21,0x04,0x21,0x24,0x21,
    0x65,0x29,0x08,0x42,0x69,0x4A,0x69,0x4A,0x49,0x4A,0x49,0x4A,0x49,0x4A,0x28,0x42,
    0x28,0x42,0x28,0x42,0x28,0x42,0x28,0x4A,0x08,0x42,0x82,0x10,0x61,0x08,0xA2,0x10,
    0x04,0x21,0x45,0x29,0x04,0x21,0x04,0x21,0x65,0x29,0xA6,0x31,0xE7,0x39,0x08,0x42,
    0x28,0x42,0x28,0x42,0x28,0x42,0x08,0x42,0x08,0x42,0x08,0x42,0x08,0x42,0x08,0x42,
    0x08,0x42,0x08,0x42,0x08,0x42,0x08,0x42,0x24,0x21,0x61,0x08,0x45,0x29,0xF0,0x83,
    0xCB,0x5A,0x08,0x42,0xEC,0x62,0xB2,0x94,0x6E,0x73,0x6E,0x73,0xC8,0x39,0x08,0x42,
    0xE7,0x39,0xC7,0x39,0x86,0x31,0x45,0x29,0x66,0x29,0x25,0x29,0x08,0x42,0x4D,0x6B,
    0xA6,0x31,0x49,0x4A,0x0C,0x5B,0xC7,0x31,0xC7,0x31,0xC7,0x31,0xC7,0x31,0xC7,0x31,
    0xC7,0x31,0xC7,0x31,0xC7,0x31,0xC7,0x31,0xC7,0x31,0xC7,0x31,0xC7,0x31,0xC7,0x31,
    0xC7,0x31,0xC7,0x31,0xC7,0x31,0xC7,0x31,0xC7,0x31,0xC7,0x31,0xC7,0x31,0xC7,0x31,
    0xC7,0x31,0xC7,0x31,0xC7,0x31,0xC7,0x31,0xC7,0x31,0xC7,0x31,0xC7,0x31,0xC7,0x31,
    0xC7,0x31,0xC7,0x31,0xC7,0x31,0xC7,0x31,0xC7,0x31,0xC7,0x31,0xC7,0x31,0xC7,0x31,
    0xC7,0x31,0xC7,0x31,0xC7,0x31,0xC7,0x31,0xC7,0x31,0xC7,0x31,0xC7,0x31,0xC7,0x31,
    0xC7,0x31,0xC7,0x31,0xC7,0x31,0xC7,0x31,0xC7,0x31,0xC7,0x31,0xC7,0x31,0xAA,0x52,
    0xCB,0x5A,0x49,0x4A,0xCB,0x5A,0xAA,0x52,0xAA,0x52,0xAA,0x52,0xAA,0x52,0xAA,0x52,
    0xCB,0x5A,0x69,0x4A,0xE7,0x39,0xC7,0x39,0xA6,0x31,0xA6,0x31,0xC7,0x39,0x08,0x42,
    0x49,0x4A,0x69,0x4A,0x69,0x4A,0x49,0x4A,0x49,0x4A,0x49,0x4A,0x49,0x4A,0x28,0x42,
    0x28,0x42,0x28,0x42,0x28,0x42,0x29,0x4A,0x45,0x29,0x41,0x08,0x61,0x08,0xC3,0x18,
    0x45,0x29,0x65,0x29,0x45,0x29,0x24,0x21,0x65,0x29,0xA6,0x31,0xE7,0x39,0x08,0x42,
    0x08,0x42,0x28,0x42,0x28,0x42,0x08,0x42,0x08,0x42,0x08,0x42,0x08,0x42,0x08,0x42,
    0x08,0x42,0x08,0x42,0x08,0x42,0x08,0x42,0x04,0x21,0x82,0x10,0x24,0x29,0x66,0x31,
    0x49,0x4A,0x08,0x42,0x0C,0x63,0xF4,0xA4,0x14,0xA5,0x31,0x8C,0x66,0x29,0xE7,0x39,
    0xE7,0x39,0xAA,0x52,0x4D,0x6B,0xEB,0x5A,0xC7,0x39,0x28,0x42,0xAE,0x73,0x28,0x42,
    0xA6,0x31,0xC7,0x39,0x08,0x42,0xAA,0x52,0x8A,0x4A,0xC7,0x31,0xC7,0x31,0xC7,0x31,
    0xC7,0x31,0xC7,0x31,0xC7,0x31,0xC7,0x31,0xC7,0x31,0xC7,0x31,0xC7,0x31,0xC7,0x31,
    0xC7,0x31,0xC7,0x31,0xC7,0x31,0xC7,0x31,0xC7,0x31,0xC7,0x31,0xC7,0x31,0xC7,0x31,
    0xC7,0x31,0xC7,0x31,0xC7,0x31,0xC7,0x31,0xC7,0x31,0xC7,0x31,0xC7,0x31,0xC7,0x31,
    0xC7,0x31,0xC7,0x31,0xC7,0x31,0xC7,0x31,0xC7,0x31,0xC7,0x31,0xC7,0x31,0xC7,0x31,
    0xC7,0x31,0xC7,0x31,0xC7,0x31,0xC7,0x31,0xC7,0x31,0xC7,0x31,0xC7,0x31,0xC7,0x31,
    0xC7,0x31,0xC7,0x31,0xC7,0x31,0xC7,0x31,0xC7,0x31,0xC7,0x31,0xC7,0x31,0xCB,0x5A,
    0xAA,0x52,0x8A,0x52,0xCB,0x5A,0x69,0x4A,0xAA,0x52,0x69,0x4A,0xAA,0x52,0x8A,0x52,
    0x8E,0x73,0xEF,0x7B,0xAE,0x73,0x8A,0x52,0x8A,0x52,0x8A,0x52,0x69,0x4A,0x69,0x4A,
    0x69,0x4A,0x49,0x4A,0x49,0x4A,0x49,0x4A,0x49,0x4A,0x49,0x4A,0x28,0x42,0x28,0x42,
    0x28,0x42,0x28,0x42,0x28,0x42,0x08,0x42,0x82,0x10,0x41,0x08,0x82,0x10,0x04,0x21,
    0x86,0x31,0x86,0x31,0x45,0x29,0x24,0x21,0x45,0x29,0xA6,0x31,0xE7,0x39,0x08,0x42,
    0x08,0x42,0x08,0x42,0x08,0x42,0x08,0x42,0x08,0x42,0x08,0x42,0x08,0x42,0x08,0x42,
    0xE7,0x39,0xE7,0x39,0x08,0x42,0xE7,0x39,0x24,0x21,0xE3,0x18,0x04,0x21,0x45,0x29,
    0x65,0x31,0x86,0x31,0x86,0x31,0x28,0x42,0x29,0x4A,0x45,0x29,0xA7,0x39,0xC7,0x39,
    0xC7,0x39,0xA6,0x31,0xA6,0x39,0x28,0x42,0xE7,0x41,0x08,0x42,0xC7,0x39,0x86,0x31,
    0xC7,0x39,0xC7,0x39,0xA6,0x31,0xC7,0x39,0x69,0x4A,0x6D,0x6B,0xC7,0x31,0xC7,0x31,
    0xC7,0x31,0xC7,0x31,0xC7,0x31,0xC7,0x31,0xC7,0x31,0xC7,0x31,0xC7,0x31,0xC7,0x31,
    0xC7,0x31,0xC7,0x31,0xC7,0x31,0xC7,0x31,0xC7,0x31,0xC7,0x31,0xC7,0x31,0xC7,0x31,
    0xC7,0x31,0xC7,0x31,0xC7,0x31,0xC7,0x31,0xC7,0x31,0xC7,0x31,0xC7,0x31,0xC7,0x31,
    0xC7,0x31,0xC7,0x31,0xC7,0x31,0xC7,0x31,0xC7,0x31,0xC7,0x31,0xC7,0x31,0xC7,0x31,
    0xC7,0x31,0xC7,0x31,0xC7,0x31,0xC7,0x31,0xC7,0x31,0xC7,0x31,0xC7,0x31,0xC7,0x31,
    0xC7,0x31,0xC7,0x31,0xC7,0x31,0xC7,0x31,0xC7,0x31,0xC7,0x31,0xC7,0x31,0xCB,0x5A,
    0x69,0x4A,0xAA,0x52,0xEB,0x5A,0x75,0xAD,0xDB,0xDE,0x96,0xB5,0xAA,0x52,0x69,0x4A,
    0x14,0xA5,0xB6,0xB5,0xCB,0x5A,0x8A,0x52,0x8A,0x52,0x8A,0x52,0x69,0x4A,0x69,0x4A,
    0x69,0x4A,0x49,0x4A,0x49,0x4A,0x49,0x4A,0x28,0x42,0x28,0x42,0x28,0x42,0x28,0x42,
    0x28,0x42,0x08,0x42,0x28,0x42,0x65,0x31,0x41,0x08,0x61,0x10,0xC3,0x18,0x45,0x29,
    0xA6,0x31,0xA6,0x31,0x65,0x29,0x45,0x29,0x65,0x29,0xA6,0x31,0xC7,0x39,0xE7,0x39,
    0x08,0x42,0x08,0x42,0x08,0x42,0x08,0x42,0x08,0x42,0x08,0x42,0xE7,0x39,0xE7,0x39,
    0xE7,0x39,0xE7,0x39,0x08,0x42,0xC7,0x39,0x65,0x29,0x04,0x21,0x24,0x21,0x45,0x29,
    0x86,0x31,0xA6,0x31,0x86,0x31,0x24,0x29,0xC3,0x18,0x65,0x29,0xC7,0x39,0xA7,0x39,
    0xC7,0x39,0xC7,0x39,0xC7,0x39,0xC7,0x39,0xA6,0x39,0x69,0x4A,0x10,0x84,0x4D,0x6B,
    0xA6,0x31,0xC7,0x39,0xC7,0x39,0xC7,0x39,0xC7,0x39,0x49,0x4A,0x6A,0x4A,0xC7,0x31,
    0xC7,0x31,0xC7,0x31,0xC7,0x31,0xC7,0x31,0xC7,0x31,0xC7,0x31,0xC7,0x31,0xC7,0x31,
    0xC7,0x31,0xC7,0x31,0xC7,0x31,0xC7,0x31,0xC7,0x31,0xC7,0x31,0xC7,0x31,0xC7,0x31,
    0xC7,0x31,0xC7,0x31,0xC7,0x31,0xC7,0x31,0xC7,0x31,0xC7,0x31,0xC7,0x31,0xC7,0x31,
    0xC7,0x31,0xC7,0x31,0xC7,0x31,0xC7,0x31,0xC7,0x31,0xC7,0x31,0xC7,0x31,0xC7,0x31,
    0xC7,0x31,0xC7,0x31,0xC7,0x31,0xC7,0x31,0xC7,0x31,0xC7,0x31,0xC7,0x31,0xC7,0x31,
    0xC7,0x31,0xC7,0x31,0xC7,0x31,0xC7,0x31,0xC7,0x31,0xC7,0x31,0xAA,0x52,0xAA,0x52,
    0x49,0x4A,0x69,0x4A,0xB2,0x94,0xFF,0xFF,0xFF,0xFF,0xFF,0xFF,0x4D,0x6B,0x8A,0x52,
    0x6D,0x6B,0x6D,0x6B,0x69,0x4A,0x28,0x42,0x49,0x4A,0x8A,0x52,0x69,0x4A,0x69,0x4A,
    0x49,0x4A,0x49,0x4A,0x49,0x4A,0x28,0x42,0x28,0x42,0x08,0x42,0x08,0x42,0x08,0x42,
    0x08,0x42,0x08,0x42,0x08,0x42,0xA3,0x18,0x41,0x08,0x82,0x10,0xE3,0x18,0x86,0x31,
    0xC7,0x39,0xA6,0x31,0x86,0x31,0x65,0x29,0x65,0x29,0x86,0x31,0xC7,0x39,0xE7,0x39,
    0x08,0x42,0x08,0x42,0x08,0x42,0x08,0x42,0xE7,0x39,0x08,0x42,0xE7,0x39,0xE7,0x39,
    0xE7,0x39,0xE7,0x39,0xE7,0x39,0xC7,0x39,0x65,0x29,0x24,0x21,0x45,0x29,0x65,0x29,
    0x65,0x31,0x86,0x31,0xA6,0x31,0x86,0x31,0x65,0x29,0x66,0x31,0xA7,0x39,0xA7,0x39,
    0xA7,0x39,0xC7,0x39,0xA6,0x31,0x86,0x31,0x86,0x31,0xEF,0x7B,0xB6,0xBD,0xB2,0x9C,
    0xE7,0x39,0xA6,0x31,0xC7,0x39,0xC7,0x39,0xC7,0x39,0xA6,0x31,0x69,0x4A,0xEB,0x5A,
    0xC7,0x31,0xC7,0x31,0xC7,0x31,0xC7,0x31,0xC7,0x31,0xC7,0x31,0xC7,0x31,0xC7,0x31,
    0xC7,0x31,0xC7,0x31,0xC7,0x31,0xC7,0x31,0xC7,0x31,0xC7,0x31,0xC7,0x31,0xC7,0x31,
    0xC7,0x31,0xC7,0x31,0xC7,0x31,0xC7,0x31,0xC7,0x31,0xC7,0x31,0xC7,0x31,0xC7,0x31,
    0xC7,0x31,0xC7,0x31,0xC7,0x31,0xC7,0x31,0xC7,0x31,0xC7,0x31,0xC7,0x31,0xC7,0x31,
    0xC7,0x31,0xC7,0x31,0xC7,0x31,0xC7,0x31,0xC7,0x31,0xC7,0x31,0xC7,0x31,0xC7,0x31,
    0xC7,0x31,0xC7,0x31,0xC7,0x31,0xC7,0x31,0xC7,0x31,0xC7,0x31,0x0C,0x5B,0x8A,0x52,
    0x69,0x4A,0xAA,0x52,0x8E,0x73,0xFB,0xDE,0x7D,0xEF,0x75,0xAD,0xAA,0x52,0xAA,0x52,
    0x69,0x4A,0xEB,0x5A,0x14,0xA5,0x75,0xAD,0xAE,0x73,0x49,0x4A,0x69,0x4A,0x69,0x4A,
    0x49,0x4A,0x28,0x42,0x28,0x42,0x28,0x42,0x08,0x42,0x08,0x42,0x08,0x42,0x08,0x42,
    0x08,0x42,0x08,0x42,0x66,0x31,0x41,0x08,0x61,0x08,0xA2,0x10,0x24,0x21,0xA6,0x31,
    0xC7,0x39,0xA6,0x31,0x86,0x31,0x65,0x29,0x65,0x29,0x86,0x31,0xA6,0x31,0xC7,0x39,
    0xE7,0x39,0xE7,0x39,0xE7,0x39,0xE7,0x39,0xE7,0x39,0xE7,0x39,0xE7,0x39,0xE7,0x39,
    0xE7,0x39,0xE7,0x39,0xC7,0x39,0xA6,0x31,0x45,0x29,0x45,0x29,0x45,0x29,0x45,0x29,
    0x65,0x29,0x45,0x29,0x65,0x29,0x86,0x31,0x66,0x31,0x86,0x31,0xA7,0x31,0xA7,0x39,
    0xA7,0x39,0x25,0x29,0xE3,0x18,0xE3,0x20,0x04,0x21,0xAA,0x5A,0x51,0x8C,0x49,0x4A,
    0x86,0x31,0x86,0x31,0xC7,0x39,0xC7,0x39,0xC7,0x39,0xC7,0x39,0xA6,0x31,0x49,0x4A,
    0x6A,0x4A,0xC7,0x31,0xC7,0x31,0xC7,0x31,0xC7,0x31,0xC7,0x31,0xC7,0x31,0xC7,0x31,
    0xC7,0x31,0xC7,0x31,0xC7,0x31,0xC7,0x31,0xC7,0x31,0xC7,0x31,0xC7,0x31,0xC7,0x31,
    0xC7,0x31,0xC7,0x31,0xC7,0x31,0xC7,0x31,0xC7,0x31,0xC7,0x31,0xC7,0x31,0xC7,0x31,
    0xC7,0x31,0xC7,0x31,0xC7,0x31,0xC7,0x31,0xC7,0x31,0xC7,0x31,0xC7,0x31,0xC7,0x31,
    0xC7,0x31,0xC7,0x31,0xC7,0x31,0xC7,0x31,0xC7,0x31,0xC7,0x31,0xC7,0x31,0xC7,0x31,
    0xC7,0x31,0xC7,0x31,0xC7,0x31,0xC7,0x31,0xC7,0x31,0xC7,0x31,0xCB,0x5A,0x49,0x4A,
    0x8A,0x52,0xEB,0x5A,0xAA,0x52,0xAA,0x52,0xEB,0x5A,0x69,0x4A,0xAA,0x52,0xAA,0x52,
    0xEB,0x5A,0xDB,0xDE,0xFF,0xFF,0xFF,0xFF,0xDF,0xFF,0x2C,0x63,0x08,0x42,0x69,0x4A,
    0x49,0x4A,0x49,0x4A,0x28,0x42,0x28,0x42,0x08,0x42,0x08,0x42,0x08,0x42,0x08,0x42,
    0xE7,0x39,0xE7,0x39,0xC3,0x18,0x41,0x08,0x82,0x10,0xE3,0x18,0x65,0x29,0xC7,0x39,
    0xC7,0x39,0xA6,0x31,0x86,0x31,0x65,0x29,0x65,0x29,0x86,0x31,0xA6,0x31,0xC7,0x39,
    0xE7,0x39,0xE7,0x39,0xE7,0x39,0xE7,0x39,0xE7,0x39,0xE7,0x39,0xE7,0x39,0xE7,0x39,
    0xC7,0x39,0xC7,0x39,0xC7,0x39,0x86,0x31,0x45,0x29,0x45,0x29,0x24,0x21,0x45,0x29,
    0x24,0x21,0x8E,0x73,0xEB,0x5A,0xA6,0x31,0x08,0x42,0x86,0x31,0x86,0x31,0xA7,0x39,
    0x04,0x21,0xA3,0x18,0xA2,0x18,0xE3,0x18,0xE3,0x20,0x28,0x4A,0xEB,0x62,0xA7,0x39,
    0xE3,0x18,0x24,0x21,0x65,0x29,0xC7,0x39,0xC7,0x39,0xC7,0x39,0xC7,0x39,0xA6,0x31,
    0x69,0x4A,0x8A,0x52,0xC7,0x31,0xC7,0x31,0xC7,0x31,0xC7,0x31,0xC7,0x31,0xC7,0x31,
    0xC7,0x31,0xC7,0x31,0xC7,0x31,0xC7,0x31,0xC7,0x31,0xC7,0x31,0xC7,0x31,0xC7,0x31,
    0xC7,0x31,0xC7,0x31,0xC7,0x31,0xC7,0x31,0xC7,0x31,0xC7,0x31,0xC7,0x31,0xC7,0x31,
    0xC7,0x31,0xC7,0x31,0xC7,0x31,0xC7,0x31,0xC7,0x31,0xC7,0x31,0xC7,0x31,0xC7,0x31,
    0xC7,0x31,0xC7,0x31,0xC7,0x31,0xC7,0x31,0xC7,0x31,0xC7,0x31,0xC7,0x31,0xC7,0x31,
    0xC7,0x31,0xC7,0x31,0xC7,0x31,0xC7,0x31,0xC7,0x31,0xCB,0x52,0xCB,0x5A,0x28,0x42,
    0xCB,0x5A,0xAA,0x52,0x69,0x4A,0x49,0x4A,0x69,0x4A,0xCB,0x5A,0xCB,0x5A,0x8A,0x52,
    0x4D,0x6B,0xFF,0xFF,0xFF,0xFF,0xFF,0xFF,0xFF,0xFF,0x4D,0x6B,0xCB,0x5A,0x49,0x4A,
    0x08,0x42,0x49,0x4A,0x28,0x42,0x28,0x42,0x08,0x42,0x08,0x42,0x08,0x42,0xE7,0x39,
    0x08,0x42,0x86,0x31,0x61,0x08,0x62,0x10,0xC2,0x10,0x24,0x21,0x86,0x31,0xC7,0x39,
    0xC7,0x39,0xA6,0x31,0x86,0x31,0x65,0x29,0x65,0x29,0x86,0x31,0xA6,0x31,0xC7,0x39,
    0xE7,0x39,0xE7,0x39,0xE7,0x39,0xC7,0x39,0xE7,0x39,0xC7,0x39,0xC7,0x39,0xC7,0x39,
    0xC7,0x39,0xC7,0x39,0xA6,0x31,0x86,0x31,0x45,0x29,0x45,0x29,0x45,0x29,0x45,0x29,
    0x24,0x21,0xEB,0x5A,0xAA,0x5A,0x49,0x4A,0x28,0x4A,0x86,0x31,0x66,0x31,0x66,0x31,
    0x82,0x10,0xC3,0x18,0xA2,0x10,0xC3,0x18,0x82,0x10,0xE7,0x41,0x28,0x4A,0x24,0x21,
    0xE3,0x20,0x04,0x21,0x04,0x21,0x86,0x31,0xC7,0x39,0xC7,0x39,0xC7,0x39,0x86,0x31,
    0xC7,0x39,0xAA,0x52,0xC7,0x31,0xC7,0x31,0xC7,0x31,0xC7,0x31,0xC7,0x31,0xC7,0x31,
    0xC7,0x31,0xC7,0x31,0xC7,0x31,0xC7,0x31,0xC7,0x31,0xC7,0x31,0xC7,0x31,0xC7,0x31,
    0xC7,0x31,0xC7,0x31,0xC7,0x31,0xC7,0x31,0xC7,0x31,0xC7,0x31,0xC7,0x31,0xC7,0x31,
    0xC7,0x31,0xC7,0x31,0xC7,0x31,0xC7,0x31,0xC7,0x31,0xC7,0x31,0xC7,0x31,0xC7,0x31,
    0xC7,0x31,0xC7,0x31,0xC7,0x31,0xC7,0x31,0xC7,0x31,0xC7,0x31,0xC7,0x31,0xC7,0x31,
    0xC7,0x31,0xC7,0x31,0xC7,0x31,0xC7,0x31,0xC7,0x31,0xAA,0x52,0xAA,0x52,0x49,0x4A,
    0xCB,0x5A,0xAA,0x52,0x71,0x8C,0x96,0xB5,0x10,0x84,0xAA,0x52,0xCB,0x5A,0xCB,0x5A,
    0x8A,0x52,0xB6,0xB5,0x9E,0xF7,0x5D,0xEF,0xD3,0x9C,0x8A,0x52,0x8E,0x73,0xB2,0x94,
    0xEF,0x7B,0x28,0x42,0x49,0x4A,0x28,0x42,0x28,0x42,0x08,0x42,0x08,0x42,0x08,0x42,
    0x08,0x42,0xE3,0x20,0x61,0x08,0xA2,0x10,0xE3,0x18,0x65,0x29,0xA6,0x31,0xC7,0x39,
    0xC7,0x39,0xA6,0x31,0x86,0x31,0x65,0x29,0x65,0x29,0x65,0x29,0x86,0x31,0xA6,0x31,
    0xC7,0x39,0xC7,0x39,0xC7,0x39,0xC7,0x39,0xC7,0x39,0xC7,0x39,0xC7,0x39,0xC7,0x39,
    0xC7,0x39,0xA6,0x31,0xA6,0x31,0x45,0x29,0x45,0x29,0x45,0x29,0x45,0x29,0x45,0x29,
    0x65,0x29,0x24,0x21,0x86,0x31,0x49,0x4A,0xA7,0x39,0x86,0x31,0x65,0x29,0x24,0x29,
    0x82,0x10,0xC3,0x18,0x82,0x10,0xC3,0x18,0xA2,0x10,0xC3,0x18,0xC3,0x18,0xA2,0x10,
    0x04,0x21,0xC3,0x18,0xE3,0x18,0x24,0x21,0xA6,0x31,0xC7,0x39,0xC7,0x39,0x86,0x31,
    0x65,0x29,0x08,0x42,0xC7,0x31,0xC7,0x31,0xC7,0x31,0xC7,0x31,0xC7,0x31,0xC7,0x31,
    0xC7,0x31,0xC7,0x31,0xC7,0x31,0xC7,0x31,0xC7,0x31,0xC7,0x31,0xC7,0x31,0xC7,0x31,
    0xC7,0x31,0xC7,0x31,0xC7,0x31,0xC7,0x31,0xC7,0x31,0xC7,0x31,0xC7,0x31,0xC7,0x31,
    0xC7,0x31,0xC7,0x31,0xC7,0x31,0xC7,0x31,0xC7,0x31,0xC7,0x31,0xC7,0x31,0xC7,0x31,
    0xC7,0x31,0xC7,0x31,0xC7,0x31,0xC7,0x31,0xC7,0x31,0xC7,0x31,0xC7,0x31,0xC7,0x31,
    0xC7,0x31,0xC7,0x31,0xC7,0x31,0xC7,0x31,0xC7,0x31,0xCB,0x52,0x69,0x4A,0x69,0x4A,
    0x8A,0x52,0xB2,0x94,0xFF,0xFF,0xFF,0xFF,0xFF,0xFF,0x2C,0x63,0x8A,0x52,0xCB,0x5A,
    0xCB,0x5A,0x8A,0x52,0x8A,0x52,0x8A,0x52,0xA6,0x31,0x0C,0x63,0xEB,0x5A,0x51,0x8C,
    0x10,0x84,0x69,0x4A,0x69,0x4A,0x49,0x4A,0x49,0x4A,0x28,0x42,0x28,0x42,0x28,0x42,
    0xC7,0x39,0x82,0x10,0x62,0x10,0xC3,0x10,0x24,0x21,0x65,0x29,0xA6,0x31,0xC7,0x39,
    0xA6,0x31,0xA6,0x31,0x86,0x31,0x65,0x29,0x65,0x29,0x65,0x29,0x86,0x31,0x86,0x31,
    0xA6,0x31,0xA6,0x31,0xC7,0x39,0xC7,0x39,0xC7,0x39,0xA6,0x31,0xA6,0x31,0xA6,0x31,
    0xA6,0x31,0xA6,0x31,0x65,0x29,0x45,0x29,0x45,0x29,0x45,0x29,0x45,0x29,0x45,0x29,
    0x65,0x29,0x65,0x29,0x65,0x29,0x65,0x29,0x65,0x29,0x65,0x31,0x45,0x29,0x04,0x21,
    0x82,0x10,0xC3,0x18,0xA2,0x18,0x61,0x08,0xC3,0x18,0xC3,0x18,0xC3,0x18,0xE3,0x20,
    0xA2,0x10,0xC3,0x18,0xE3,0x18,0xE3,0x18,0xA6,0x31,0xA6,0x31,0xC7,0x39,0x65,0x29,
    0x65,0x29,0xE7,0x39,0xC7,0x31,0xC7,0x31,0xC7,0x31,0xC7,0x31,0xC7,0x31,0xC7,0x31,
    0xC7,0x31,0xC7,0x31,0xC7,0x31,0xC7,0x31,0xC7,0x31,0xC7,0x31,0xC7,0x31,0xC7,0x31,
    0xC7,0x31,0xC7,0x31,0xC7,0x31,0xC7,0x31,0xC7,0x31,0xC7,0x31,0xC7,0x31,0xC7,0x31,
    0xC7,0x31,0xC7,0x31,0xC7,0x31,0xC7,0x31,0xC7,0x31,0xC7,0x31,0xC7,0x31,0xC7,0x31,
    0xC7,0x31,0xC7,0x31,0xC7,0x31,0xC7,0x31,0xC7,0x31,0xC7,0x31,0xC7,0x31,0xC7,0x31,
    0xC7,0x31,0xC7,0x31,0xC7,0x31,0xC7,0x31,0xC7,0x31,0xCB,0x52,0x28,0x42,0x8A,0x52,
    0x69,0x4A,0xD3,0x9C,0xFF,0xFF,0xFF,0xFF,0xDB,0xDE,0xCB,0x5A,0xAA,0x52,0xAA,0x52,
    0x0C,0x63,0xCF,0x7B,0x4D,0x6B,0x8A,0x52,0x8A,0x52,0x8A,0x52,0x8A,0x52,0x69,0x4A,
    0xEB,0x5A,0x8A,0x52,0x69,0x4A,0x69,0x4A,0x69,0x4A,0x49,0x4A,0x49,0x4A,0x69,0x4A,
    0x24,0x21,0x61,0x08,0x82,0x10,0xE3,0x18,0x45,0x29,0x86,0x31,0xA6,0x31,0xA6,0x31,
    0xA6,0x31,0x86,0x31,0x86,0x31,0x65,0x29,0x65,0x29,0x65,0x29,0x86,0x31,0x86,0x31,
    0x86,0x31,0xA6,0x31,0xA6,0x31,0xA6,0x31,0xA6,0x31,0xA6,0x31,0xA6,0x31,0xA6,0x31,
    0xA6,0x31,0x86,0x31,0x65,0x29,0x45,0x29,0x45,0x29,0x45,0x29,0x45,0x29,0x45,0x29,
    0x65,0x29,0x65,0x29,0x65,0x29,0x65,0x29,0x86,0x31,0x65,0x29,0x45,0x29,0x04,0x21,
    0xA2,0x10,0x61,0x10,0xC3,0x18,0xC3,0x18,0x82,0x10,0x82,0x10,0x82,0x10,0x82,0x10,
    0xA2,0x18,0xE3,0x20,0xA2,0x18,0x04,0x21,0xA6,0x31,0xA6,0x31,0xA6,0x31,0x65,0x29,
    0x65,0x29,0x49,0x42,0xC7,0x31,0xC7,0x31,0xC7,0x31,0xC7,0x31,0xC7,0x31,0xC7,0x31,
    0xC7,0x31,0xC7,0x31,0xC7,0x31,0xC7,0x31,0xC7,0x31,0xC7,0x31,0xC7,0x31,0xC7,0x31,
    0xC7,0x31,0xC7,0x31,0xC7,0x31,0xC7,0x31,0xC7,0x31,0xC7,0x31,0xC7,0x31,0xC7,0x31,
    0xC7,0x31,0xC7,0x31,0xC7,0x31,0xC7,0x31,0xC7,0x31,0xC7,0x31,0xC7,0x31,0xC7,0x31,
    0xC7,0x31,0xC7,0x31,0xC7,0x31,0xC7,0x31,0xC7,0x31,0xC7,0x31,0xC7,0x31,0xC7,0x31,
    0xC7,0x31,0xC7,0x31,0xC7,0x31,0xC7,0x31,0xC7,0x31,0xAA,0x52,0x28,0x42,0xAA,0x52,
    0xCB,0x5A,0xAA,0x52,0x30,0x84,0x92,0x94,0xEB,0x5A,0x8A,0x52,0xCB,0x5A,0x8A,0x52,
    0xAE,0x73,0x59,0xCE,0x8E,0x73,0xCB,0x5A,0xAA,0x52,0xAA,0x52,0xAA,0x52,0xAA,0x52,
    0x8A,0x52,0x8A,0x52,0x8A,0x52,0x69,0x4A,0x69,0x4A,0x69,0x4A,0x8A,0x52,0x08,0x42,
    0x61,0x08,0x61,0x08,0xA3,0x18,0x04,0x21,0x65,0x29,0xA6,0x31,0xA6,0x31,0xA6,0x31,
    0xA6,0x31,0x86,0x31,0x86,0x31,0x65,0x29,0x65,0x29,0x65,0x29,0x86,0x31,0x86,0x31,
    0x86,0x31,0x86,0x31,0xA6,0x31,0x86,0x31,0x86,0x31,0x86,0x31,0x86,0x31,0x86,0x31,
    0x86,0x31,0x86,0x31,0x65,0x29,0x45,0x29,0x45,0x29,0x45,0x29,0x45,0x29,0x45,0x29,
    0x65,0x29,0x65,0x29,0x65,0x29,0x65,0x29,0x86,0x31,0x86,0x31,0x45,0x29,0x04,0x21,
    0xC3,0x18,0xA2,0x10,0x62,0x10,0xC3,0x18,0xE4,0x20,0x04,0x21,0x04,0x21,0x04,0x21,
    0xC3,0x18,0x82,0x10,0xC3,0x18,0x24,0x21,0x65,0x29,0x86,0x31,0x86,0x31,0x45,0x29,
    0x86,0x31,0x8A,0x52,0xC7,0x31,0xC7,0x31,0xC7,0x31,0xC7,0x31,0xC7,0x31,0xC7,0x31,
    0xC7,0x31,0xC7,0x31,0xC7,0x31,0xC7,0x31,0xC7,0x31,0xC7,0x31,0xC7,0x31,0xC7,0x31,
    0xC7,0x31,0xC7,0x31,0xC7,0x31,0xC7,0x31,0xC7,0x31,0xC7,0x31,0xC7,0x31,0xC7,0x31,
    0xC7,0x31,0xC7,0x31,0xC7,0x31,0xC7,0x31,0xC7,0x31,0xC7,0x31,0xC7,0x31,0xC7,0x31,
    0xC7,0x31,0xC7,0x31,0xC7,0x31,0xC7,0x31,0xC7,0x31,0xC7,0x31,0xC7,0x31,0xC7,0x31,
    0xC7,0x31,0xC7,0x31,0xC7,0x31,0xC7,0x31,0xC7,0x31,0xCB,0x5A,0x08,0x42,0xCB,0x5A,
    0xEB,0x5A,0xCB,0x5A,0x8A,0x52,0x8A,0x52,0xAA,0x52,0xCB,0x5A,0xCB,0x5A,0xAA,0x52,
    0x6D,0x6B,0xB2,0x94,0x6D,0x6B,0xAA,0x52,0xAA,0x52,0xAA,0x52,0xAA,0x52,0xAA,0x52,
    0xAA,0x52,0xAA,0x52,0xAA,0x52,0x8A,0x52,0x8A,0x52,0x8A,0x52,0x8A,0x52,0x08,0x42,
    0xE4,0x20,0xC3,0x18,0xC3,0x18,0x24,0x21,0x86,0x31,0xA6,0x31,0xA6,0x31,0xA6,0x31,
    0xA6,0x31,0x86,0x31,0x86,0x31,0x65,0x29,0x65,0x29,0x65,0x29,0x65,0x29,0x86,0x31,
    0x86,0x31,0x86,0x31,0x86,0x31,0x86,0x31,0x86,0x31,0x86,0x31,0x86,0x31,0x86,0x31,
    0x86,0x31,0x65,0x29,0x65,0x29,0x45,0x29,0x45,0x29,0x45,0x29,0x45,0x29,0x65,0x29,
    0x65,0x29,0x65,0x29,0x65,0x29,0x65,0x29,0x86,0x31,0x86,0x31,0x65,0x29,0x24,0x21,
    0xE3,0x18,0xE3,0x18,0xE3,0x18,0xA2,0x10,0x82,0x10,0x82,0x10,0x82,0x10,0x82,0x10,
    0x82,0x10,0xC3,0x18,0xE3,0x18,0x24,0x21,0x45,0x29,0xA6,0x31,0x86,0x31,0x45,0x29,
    0xC7,0x39,0x8A,0x4A,0xC7,0x31,0xC7,0x31,0xC7,0x31,0xC7,0x31,0xC7,0x31,0xC7,0x31,
    0xC7,0x31,0xC7,0x31,0xC7,0x31,0xC7,0x31,0xC7,0x31,0xC7,0x31,0xC7,0x31,0xC7,0x31,
    0xC7,0x31,0xC7,0x31,0xC7,0x31,0xC7,0x31,0xC7,0x31,0xC7,0x31,0xC7,0x31,0xC7,0x31,
    0xC7,0x31,0xC7,0x31,0xC7,0x31,0xC7,0x31,0xC7,0x31,0xC7,0x31,0xC7,0x31,0xC7,0x31,
    0xC7,0x31,0xC7,0x31,0xC7,0x31,0xC7,0x31,0xC7,0x31,0xC7,0x31,0xC7,0x31,0xC7,0x31,
    0xC7,0x31,0xC7,0x31,0xC7,0x31,0xC7,0x31,0xC7,0x31,0x0C,0x63,0xC7,0x39,0xAA,0x52,
    0xEB,0x5A,0xCB,0x5A,0xCB,0x5A,0xCB,0x5A,0xCB,0x5A,0xCB,0x5A,0xCB,0x5A,0xCB,0x5A,
    0x8A,0x52,0x8A,0x52,0x0C,0x63,0xAA,0x52,0xCB,0x5A,0xCB,0x5A,0xAA,0x52,0xAA,0x52,
    0xAA,0x52,0xAA,0x52,0xAA,0x52,0xAA,0x52,0xAA,0x52,0xAA,0x52,0x8A,0x52,0x8A,0x52,
    0x8A,0x52,0x69,0x4A,0x08,0x42,0xE7,0x39,0xC7,0x39,0xA6,0x31,0xA6,0x31,0xA6,0x31,
    0x86,0x31,0x86,0x31,0x86,0x31,0x65,0x29,0x65,0x29,0x65,0x29,0x65,0x29,0x65,0x29,
    0x65,0x29,0x65,0x29,0x65,0x29,0x86,0x31,0x86,0x31,0x86,0x31,0x86,0x31,0x86,0x31,
    0x65,0x29,0x65,0x29,0x65,0x29,0x65,0x29,0x65,0x29,0x65,0x29,0x65,0x29,0x65,0x29,
    0x65,0x29,0x65,0x29,0x65,0x29,0x86,0x31,0x86,0x31,0x86,0x31,0x86,0x31,0x45,0x29,
    0x04,0x21,0x04,0x21,0xE3,0x18,0x04,0x21,0x04,0x21,0x04,0x21,0xE3,0x18,0xE3,0x18,
    0xE3,0x18,0xE3,0x18,0xE3,0x18,0x24,0x21,0x65,0x29,0xA6,0x31,0x65,0x29,0x45,0x29,
    0xE7,0x39,0xCB,0x52,0xC7,0x31,0xC7,0x31,0xC7,0x31,0xC7,0x31,0xC7,0x31,0xC7,0x31,
    0xC7,0x31,0xC7,0x31,0xC7,0x31,0xC7,0x31,0xC7,0x31,0xC7,0x31,0xC7,0x31,0xC7,0x31,
    0xC7,0x31,0xC7,0x31,0xC7,0x31,0xC7,0x31,0xC7,0x31,0xC7,0x31,0xC7,0x31,0xC7,0x31,
    0xC7,0x31,0xC7,0x31,0xC7,0x31,0xC7,0x31,0xC7,0x31,0xC7,0x31,0xC7,0x31,0xC7,0x31,
    0xC7,0x31,0xC7,0x31,0xC7,0x31,0xC7,0x31,0xC7,0x31,0xC7,0x31,0xC7,0x31,0xC7,0x31,
    0xC7,0x31,0xC7,0x31,0xC7,0x31,0xC7,0x31,0xC7,0x31,0x6D,0x6B,0x08,0x42,0xE7,0x39,
    0xEB,0x5A,0xEB,0x5A,0xEB,0x5A,0xCB,0x5A,0xCB,0x5A,0xCB,0x5A,0xCB,0x5A,0xCB,0x5A,
    0xCB,0x5A,0xAA,0x52,0xAA,0x52,0xCB,0x5A,0xCB,0x5A,0xCB,0x5A,0xAA,0x52,0xAA,0x52,
    0xAA,0x52,0xAA,0x52,0xAA,0x52,0xAA,0x52,0xAA,0x52,0xAA,0x52,0xAA,0x52,0x8A,0x52,
    0x8A,0x52,0x8A,0x52,0x8A,0x52,0x8A,0x52,0x69,0x4A,0x29,0x4A,0x08,0x42,0xE7,0x39,
    0xA6,0x31,0x86,0x31,0x65,0x31,0x65,0x29,0x65,0x29,0x65,0x29,0x65,0x29,0x65,0x29,
    0x65,0x29,0x65,0x29,0x65,0x29,0x65,0x29,0x65,0x29,0x65,0x29,0x65,0x29,0x65,0x29,
    0x65,0x29,0x65,0x29,0x65,0x29,0x65,0x29,0x65,0x29,0x65,0x29,0x65,0x29,0x65,0x29,
    0x65,0x29,0x65,0x29,0x65,0x29,0x86,0x31,0x86,0x31,0x86,0x31,0x86,0x31,0x86,0x31,
    0x45,0x29,0x04,0x21,0x04,0x21,0x04,0x21,0x04,0x21,0x04,0x21,0xE3,0x18,0xE3,0x18,
    0xE3,0x18,0x04,0x21,0x04,0x21,0x24,0x21,0xA6,0x31,0x86,0x31,0x45,0x29,0x45,0x29,
    0x49,0x4A,0xAB,0x52,0xC7,0x31,0xC7,0x31,0xC7,0x31,0xC7,0x31,0xC7,0x31,0xC7,0x31,
    0xC7,0x31,0xC7,0x31,0xC7,0x31,0xC7,0x31,0xC7,0x31,0xC7,0x31,0xC7,0x31,0xC7,0x31,
    0xC7,0x31,0xC7,0x31,0xC7,0x31,0xC7,0x31,0xC7,0x31,0xC7,0x31,0xC7,0x31,0xC7,0x31,
    0xC7,0x31,0xC7,0x31,0xC7,0x31,0xC7,0x31,0xC7,0x31,0xC7,0x31,0xC7,0x31,0xC7,0x31,
    0xC7,0x31,0xC7,0x31,0xC7,0x31,0xC7,0x31,0xC7,0x31,0xC7,0x31,0xC7,0x31,0xC7,0x31,
    0xC7,0x31,0xC7,0x31,0xC7,0x31,0xC7,0x31,0xC7,0x31,0xAE,0x73,0x2C,0x63,0x65,0x29,
    0xC7,0x39,0xAA,0x52,0xCB,0x5A,0xEB,0x5A,0xEB,0x5A,0xEB,0x5A,0xCB,0x5A,0xCB,0x5A,
    0xCB,0x5A,0xCB,0x5A,0xCB,0x5A,0xCB,0x5A,0xCB,0x5A,0xCB,0x5A,0xAA,0x52,0xAA,0x52,
    0xAA,0x52,0xAA,0x52,0xAA,0x52,0xAA,0x52,0xAA,0x52,0xAA,0x52,0xAA,0x52,0xAA,0x52,
    0x8A,0x52,0x8A,0x52,0x8A,0x52,0x6A,0x52,0x69,0x4A,0x6A,0x4A,0x69,0x4A,0x49,0x4A,
    0x28,0x42,0x08,0x42,0xE7,0x39,0xA6,0x39,0x86,0x31,0x65,0x29,0x45,0x29,0x45,0x29,
    0x45,0x29,0x65,0x29,0x65,0x29,0x65,0x29,0x65,0x29,0x65,0x29,0x65,0x29,0x65,0x29,
    0x65,0x29,0x65,0x29,0x65,0x29,0x65,0x29,0x65,0x29,0x65,0x29,0x86,0x31,0x86,0x31,
    0x86,0x31,0x65,0x29,0x65,0x29,0x86,0x31,0x86,0x31,0x86,0x31,0x65,0x29,0x86,0x31,
    0x86,0x31,0x65,0x29,0x04,0x21,0x24,0x21,0x24,0x21,0x24,0x21,0x24,0x21,0x24,0x21,
    0x04,0x21,0x04,0x21,0x45,0x29,0x86,0x31,0xC7,0x39,0x65,0x29,0x45,0x29,0x65,0x29,
    0xAB,0x52,0xC7,0x31,0xC7,0x31,0xC7,0x31,0xC7,0x31,0xC7,0x31,0xC7,0x31,0xC7,0x31,
    0xC7,0x31,0xC7,0x31,0xC7,0x31,0xC7,0x31,0xC7,0x31,0xC7,0x31,0xC7,0x31,0xC7,0x31,
    0xC7,0x31,0xC7,0x31,0xC7,0x31,0xC7,0x31,0xC7,0x31,0xC7,0x31,0xC7,0x31,0xC7,0x31,
    0xC7,0x31,0xC7,0x31,0xC7,0x31,0xC7,0x31,0xC7,0x31,0xC7,0x31,0xC7,0x31,0xC7,0x31,
    0xC7,0x31,0xC7,0x31,0xC7,0x31,0xC7,0x31,0xC7,0x31,0xC7,0x31,0xC7,0x31,0xC7,0x31,
    0xC7,0x31,0xC7,0x31,0xC7,0x31,0xC7,0x31,0xC7,0x31,0x4D,0x63,0xEF,0x7B,0x28,0x42,
    0x65,0x29,0x86,0x31,0xC7,0x39,0x28,0x42,0x69,0x4A,0xAA,0x52,0xCB,0x5A,0xEB,0x5A,
    0xEB,0x5A,0xCB,0x5A,0xCB,0x5A,0xCB,0x5A,0xCB,0x5A,0xCB,0x5A,0xCB,0x5A,0xCB,0x5A,
    0xCB,0x5A,0xAA,0x52,0xAA,0x52,0xAA,0x52,0xAA,0x52,0xAA,0x52,0xAA,0x52,0xAA,0x52,
    0x8A,0x52,0x8A,0x52,0x8A,0x52,0x8A,0x52,0x4A,0x52,0x8A,0x52,0x69,0x4A,0x69,0x4A,
    0x49,0x4A,0x49,0x4A,0x49,0x4A,0x28,0x42,0x08,0x42,0xE7,0x39,0xC7,0x39,0x86,0x31,
    0x65,0x29,0x45,0x29,0x45,0x29,0x45,0x29,0x65,0x29,0x65,0x29,0x45,0x29,0x45,0x29,
    0x86,0x31,0x86,0x31,0x86,0x31,0x86,0x31,0x86,0x31,0x86,0x31,0x86,0x31,0x86,0x31,
    0x86,0x31,0x86,0x31,0x86,0x31,0x86,0x31,0x86,0x31,0x86,0x31,0x86,0x31,0x86,0x31,
    0x86,0x31,0xA6,0x31,0x08,0x42,0x45,0x29,0x45,0x29,0x45,0x29,0x45,0x29,0x45,0x29,
    0x65,0x29,0x86,0x31,0xA6,0x31,0xA6,0x31,0xA6,0x31,0x45,0x29,0x45,0x29,0xE7,0x39,
    0x0C,0x63,0xC7,0x31,0xC7,0x31,0xC7,0x31,0xC7,0x31,0xC7,0x31,0xC7,0x31,0xC7,0x31,
    0xC7,0x31,0xC7,0x31,0xC7,0x31,0xC7,0x31,0xC7,0x31,0xC7,0x31,0xC7,0x31,0xC7,0x31,
    0xC7,0x31,0xC7,0x31,0xC7,0x31,0xC7,0x31,0xC7,0x31,0xC7,0x31,0xC7,0x31,0xC7,0x31,
    0xC7,0x31,0xC7,0x31,0xC7,0x31,0xC7,0x31,0xC7,0x31,0xC7,0x31,0xC7,0x31,0xC7,0x31,
    0xC7,0x31,0xC7,0x31,0xC7,0x31,0xC7,0x31,0xC7,0x31,0xC7,0x31,0xC7,0x31,0xC7,0x31,
    0xC7,0x31,0xC7,0x31,0xC7,0x31,0xC7,0x31,0xC7,0x31,0xEB,0x5A,0xEF,0x7B,0xCB,0x5A,
    0x08,0x42,0xC7,0x39,0x86,0x31,0x86,0x31,0x86,0x31,0xA6,0x31,0xE7,0x39,0x49,0x4A,
    0x8A,0x52,0xCB,0x5A,0xEB,0x5A,0xEB,0x5A,0xEB,0x5A,0xCB,0x5A,0xAA,0x52,0xAA,0x52,
    0xAA,0x52,0xCB,0x5A,0xCB,0x5A,0xCB,0x5A,0xAA,0x52,0xAA,0x52,0xAA,0x52,0xAA,0x52,
    0x8A,0x52,0xAA,0x52,0x8A,0x5A,0xE7,0x42,0x46,0x2B,0x69,0x4A,0x69,0x4A,0x49,0x4A,
    0x49,0x4A,0x49,0x4A,0x49,0x4A,0x49,0x4A,0x48,0x42,0x28,0x42,0x28,0x42,0x28,0x42,
    0x08,0x42,0xE7,0x39,0xA6,0x31,0x86,0x31,0x65,0x29,0x45,0x29,0x45,0x29,0x65,0x29,
    0xC7,0x39,0xA6,0x31,0xA6,0x31,0xA6,0x31,0xA6,0x31,0xA6,0x31,0xA6,0x31,0xA6,0x31,
    0xA6,0x31,0xA6,0x31,0xA6,0x31,0x86,0x31,0x65,0x29,0x65,0x29,0x86,0x31,0x86,0x31,
    0x86,0x31,0xC7,0x39,0x0C,0x63,0xEB,0x5A,0x49,0x4A,0x65,0x29,0x86,0x31,0x86,0x31,
    0x86,0x31,0xA6,0x31,0xA6,0x31,0xA6,0x31,0x86,0x31,0x24,0x21,0x24,0x21,0x49,0x4A,
    0xAE,0x73,0xC7,0x31,0xC7,0x31,0xC7,0x31,0xC7,0x31,0xC7,0x31,0xC7,0x31,0xC7,0x31,
    0xC7,0x31,0xC7,0x31,0xC7,0x31,0xC7,0x31,0xC7,0x31,0xC7,0x31,0xC7,0x31,0xC7,0x31,
    0xC7,0x31,0xC7,0x31,0xC7,0x31,0xC7,0x31,0xC7,0x31,0xC7,0x31,0xC7,0x31,0xC7,0x31,
    0xC7,0x31,0xC7,0x31,0xC7,0x31,0xC7,0x31,0xC7,0x31,0xC7,0x31,0xC7,0x31,0xC7,0x31,
    0xC7,0x31,0xC7,0x31,0xC7,0x31,0xC7,0x31,0xC7,0x31,0xC7,0x31,0xC7,0x31,0xC7,0x31,
    0xC7,0x31,0xC7,0x31,0xC7,0x31,0xC7,0x31,0xC7,0x31,0xC7,0x31,0xCF,0x7B,0x0C,0x63,
    0x69,0x4A,0x28,0x42,0x08,0x42,0xE7,0x39,0xC7,0x39,0xA6,0x31,0x86,0x31,0x86,0x31,
    0x86,0x31,0xA6,0x31,0x08,0x42,0x49,0x4A,0x49,0x4A,0xC7,0x39,0x86,0x31,0x86,0x31,
    0x86,0x31,0xC7,0x39,0x08,0x42,0x49,0x4A,0x8A,0x52,0xAA,0x52,0xCB,0x5A,0xAA,0x52,
    0xAA,0x52,0xAA,0x52,0x8A,0x52,0xE9,0x4A,0x29,0x4B,0x69,0x52,0x69,0x52,0x46,0x33,
    0xC7,0x42,0x49,0x4A,0x49,0x4A,0x09,0x4A,0x48,0x4A,0x28,0x4A,0x28,0x42,0x28,0x42,
    0x28,0x42,0x28,0x42,0x28,0x42,0x08,0x42,0xE7,0x39,0xC7,0x39,0x86,0x31,0xC7,0x39,
    0xE7,0x39,0xC7,0x39,0xC7,0x39,0xC7,0x39,0xC7,0x39,0xC7,0x39,0xC7,0x39,0xC7,0x39,
    0xC7,0x39,0xA6,0x31,0xA6,0x31,0x65,0x29,0x28,0x42,0xE7,0x39,0x45,0x29,0xA6,0x31,
    0x86,0x31,0x86,0x31,0xD7,0xBD,0x10,0x84,0x45,0x29,0x86,0x31,0x86,0x31,0xA6,0x31,
    0xA6,0x31,0xA6,0x31,0xA6,0x31,0xC7,0x39,0x45,0x29,0x45,0x29,0x45,0x29,0x0C,0x63,
    0x0C,0x5B,0xC7,0x31,0xC7,0x31,0xC7,0x31,0xC7,0x31,0xC7,0x31,0xC7,0x31,0xC7,0x31,
    0xC7,0x31,0xC7,0x31,0xC7,0x31,0xC7,0x31,0xC7,0x31,0xC7,0x31,0xC7,0x31,0xC7,0x31,
    0xC7,0x31,0xC7,0x31,0xC7,0x31,0xC7,0x31,0xC7,0x31,0xC7,0x31,0xC7,0x31,0xC7,0x31,
    0xC7,0x31,0xC7,0x31,0xC7,0x31,0xC7,0x31,0xC7,0x31,0xC7,0x31,0xC7,0x31,0xC7,0x31,
    0xC7,0x31,0xC7,0x31,0xC7,0x31,0xC7,0x31,0xC7,0x31,0xC7,0x31,0xC7,0x31,0xC7,0x31,
    0xC7,0x31,0xC7,0x31,0xC7,0x31,0xC7,0x31,0xC7,0x31,0xC7,0x31,0x8E,0x73,0x8E,0x73,
    0x69,0x4A,0x28,0x42,0x08,0x42,0x28,0x42,0x49,0x4A,0xE7,0x39,0xE7,0x39,0xE7,0x39,
    0xC7,0x39,0x86,0x31,0x65,0x29,0x65,0x29,0x65,0x29,0x65,0x29,0x65,0x29,0xA6,0x31,
    0xA6,0x31,0x86,0x31,0x65,0x29,0x86,0x31,0xA6,0x31,0xE7,0x39,0x28,0x42,0x69,0x4A,
    0xAA,0x52,0xCB,0x5A,0xCB,0x5A,0x8A,0x52,0x6A,0x52,0x8A,0x4A,0x6A,0x52,0x09,0x4B,
    0xA9,0x4A,0x49,0x4A,0x69,0x4A,0x46,0x2B,0x68,0x42,0x49,0x4A,0x28,0x4A,0x08,0x4A,
    0x49,0x42,0x28,0x42,0x28,0x42,0x28,0x42,0x28,0x42,0x28,0x42,0x08,0x42,0x08,0x42,
    0x08,0x42,0xE7,0x39,0xE7,0x39,0xE7,0x39,0xE7,0x39,0xE7,0x39,0xE7,0x39,0xE7,0x39,
    0xE7,0x39,0xC7,0x39,0x86,0x31,0x70,0x8C,0x7C,0xEF,0x3B,0xE7,0xEF,0x7B,0x85,0x29,
    0xA6,0x31,0xC7,0x39,0xCB,0x5A,0x0C,0x63,0xC7,0x39,0x24,0x21,0x45,0x29,0x45,0x29,
    0xA6,0x31,0xA6,0x31,0xA6,0x31,0x86,0x31,0x24,0x21,0x24,0x21,0xC7,0x39,0x8E,0x6B,
    0xC7,0x31,0xC7,0x31,0xC7,0x31,0xC7,0x31,0xC7,0x31,0xC7,0x31,0xC7,0x31,0xC7,0x31,
    0xC7,0x31,0xC7,0x31,0xC7,0x31,0xC7,0x31,0xC7,0x31,0xC7,0x31,0xC7,0x31,0xC7,0x31,
    0xC7,0x31,0xC7,0x31,0xC7,0x31,0xC7,0x31,0xC7,0x31,0xC7,0x31,0xC7,0x31,0xC7,0x31,
    0xC7,0x31,0xC7,0x31,0xC7,0x31,0xC7,0x31,0xC7,0x31,0xC7,0x31,0xC7,0x31,0xC7,0x31,
    0xC7,0x31,0xC7,0x31,0xC7,0x31,0xC7,0x31,0xC7,0x31,0xC7,0x31,0xC7,0x31,0xC7,0x31,
    0xC7,0x31,0xC7,0x31,0xC7,0x31,0xC7,0x31,0xC7,0x31,0xC7,0x31,0xCB,0x52,0xAE,0x73,
    0x8A,0x52,0x28,0x42,0x08,0x42,0x49,0x4A,0x28,0x42,0x28,0x42,0x28,0x42,0x49,0x4A,
    0x28,0x42,0x08,0x42,0xE7,0x39,0xC7,0x39,0xC7,0x39,0xC7,0x39,0xC7,0x39,0xC7,0x39,
    0xE7,0x39,0xE7,0x39,0xE7,0x39,0xE7,0x39,0xA6,0x31,0x86,0x31,0x65,0x29,0x86,0x31,
    0xA6,0x31,0xE7,0x39,0x49,0x4A,0x8A,0x52,0xAA,0x52,0xCA,0x52,0xAA,0x4A,0x6A,0x52,
    0x6A,0x52,0x69,0x4A,0x89,0x4A,0x28,0x43,0x69,0x4A,0x49,0x4A,0xC7,0x3A,0x25,0x33,
    0x29,0x4A,0x49,0x4A,0x49,0x4A,0x49,0x4A,0x28,0x42,0x28,0x42,0x28,0x42,0x28,0x42,
    0x28,0x42,0x08,0x42,0x08,0x42,0x08,0x42,0x08,0x42,0x08,0x42,0x08,0x42,0x08,0x42,
    0x08,0x42,0xE7,0x39,0xE7,0x39,0x5C,0xE7,0xFF,0xFF,0xFF,0xFF,0x7C,0xEF,0xC6,0x39,
    0xA7,0x31,0xA7,0x39,0x66,0x29,0x86,0x31,0x8A,0x52,0xB5,0xB5,0xF7,0xBD,0x4D,0x6B,
    0x65,0x29,0xC7,0x39,0xC7,0x39,0x65,0x29,0x24,0x21,0x04,0x21,0xCB,0x5A,0x8E,0x6B,
    0xC7,0x31,0xC7,0x31,0xC7,0x31,0xC7,0x31,0xC7,0x31,0xC7,0x31,0xC7,0x31,0xC7,0x31,
    0xC7,0x31,0xC7,0x31,0xC7,0x31,0xC7,0x31,0xC7,0x31,0xC7,0x31,0xC7,0x31,0xC7,0x31,
    0xC7,0x31,0xC7,0x31,0xC7,0x31,0xC7,0x31,0xC7,0x31,0xC7,0x31,0xC7,0x31,0xC7,0x31,
    0xC7,0x31,0xC7,0x31,0xC7,0x31,0xC7,0x31,0xC7,0x31,0xC7,0x31,0xC7,0x31,0xC7,0x31,
    0xC7,0x31,0xC7,0x31,0xC7,0x31,0xC7,0x31,0xC7,0x31,0xC7,0x31,0xC7,0x31,0xC7,0x31,
    0xC7,0x31,0xC7,0x31,0xC7,0x31,0xC7,0x31,0xC7,0x31,0xC7,0x31,0xC7,0x31,0x2C,0x63,
    0x2C,0x63,0x49,0x4A,0x28,0x42,0x28,0x42,0x49,0x4A,0x49,0x4A,0x49,0x4A,0x08,0x42,
    0x69,0x4A,0x28,0x42,0x28,0x42,0x08,0x42,0xE7,0x39,0xC7,0x39,0xC7,0x39,0xC7,0x39,
    0xE7,0x39,0x08,0x42,0x08,0x42,0x08,0x42,0x08,0x42,0x08,0x42,0xE7,0x39,0xC7,0x39,
    0xA6,0x31,0x86,0x31,0x65,0x29,0x86,0x31,0xC7,0x39,0x08,0x42,0x49,0x4A,0x6A,0x52,
    0x8A,0x52,0xAA,0x52,0x8A,0x52,0x49,0x52,0x69,0x4A,0x49,0x4A,0xA8,0x4A,0xE8,0x42,
    0x49,0x4A,0x49,0x4A,0x49,0x4A,0x49,0x4A,0x49,0x4A,0x49,0x4A,0x28,0x42,0x28,0x42,
    0x28,0x42,0x28,0x42,0x28,0x42,0x28,0x42,0x28,0x42,0x28,0x42,0x08,0x42,0x08,0x42,
    0x08,0x42,0x08,0x42,0xA6,0x31,0x71,0x8C,0x9E,0xF7,0xDF,0xFF,0x33,0xA5,0x86,0x31,
    0xC7,0x39,0xC7,0x39,0xC7,0x39,0x25,0x21,0xB6,0xB5,0xFF,0xFF,0xFF,0xFF,0xDD,0xF7,
    0x69,0x4A,0x86,0x31,0xA6,0x31,0x24,0x21,0x24,0x21,0x45,0x29,0x6D,0x6B,0x69,0x4A,
    0xC7,0x31,0xC7,0x31,0xC7,0x31,0xC7,0x31,0xC7,0x31,0xC7,0x31,0xC7,0x31,0xC7,0x31,
    0xC7,0x31,0xC7,0x31,0xC7,0x31,0xC7,0x31,0xC7,0x31,0xC7,0x31,0xC7,0x31,0xC7,0x31,
    0xC7,0x31,0xC7,0x31,0xC7,0x31,0xC7,0x31,0xC7,0x31,0xC7,0x31,0xC7,0x31,0xC7,0x31,
    0xC7,0x31,0xC7,0x31,0xC7,0x31,0xC7,0x31,0xC7,0x31,0xC7,0x31,0xC7,0x31,0xC7,0x31,
    0xC7,0x31,0xC7,0x31,0xC7,0x31,0xC7,0x31,0xC7,0x31,0xC7,0x31,0xC7,0x31,0xC7,0x31,
    0xC7,0x31,0xC7,0x31,0xC7,0x31,0xC7,0x31,0xC7,0x31,0xC7,0x31,0xC7,0x31,0xE8,0x31,
    0x0C,0x63,0xCB,0x5A,0x28,0x42,0x28,0x42,0x28,0x42,0x28,0x42,0x28,0x42,0x28,0x42,
    0x49,0x4A,0x08,0x42,0x08,0x42,0xE7,0x39,0xC7,0x39,0xC7,0x39,0xC7,0x39,0xC7,0x39,
    0xE7,0x39,0x08,0x42,0x08,0x42,0x08,0x42,0x08,0x42,0x08,0x42,0x08,0x42,0x08,0x42,
    0x08,0x42,0xE7,0x39,0xE7,0x39,0xA6,0x31,0x86,0x31,0x86,0x31,0x86,0x31,0xA6,0x31,
    0xE7,0x39,0x28,0x42,0x69,0x4A,0x8A,0x52,0xAA,0x52,0x8A,0x52,0x69,0x4A,0x49,0x4A,
    0x49,0x4A,0x49,0x4A,0x49,0x4A,0x49,0x4A,0x49,0x4A,0x49,0x4A,0x28,0x42,0x28,0x42,
    0x28,0x42,0x28,0x42,0x28,0x42,0x28,0x42,0x28,0x42,0x28,0x42,0x08,0x42,0x08,0x42,
    0x08,0x42,0x08,0x42,0x08,0x42,0xC7,0x39,0xAA,0x52,0xCB,0x5A,0xC7,0x39,0xE7,0x39,
    0xE7,0x39,0xE7,0x39,0xE7,0x39,0x86,0x31,0x51,0x8C,0xFF,0xFF,0xFF,0xFF,0xBD,0xF7,
    0x69,0x4A,0x86,0x31,0x65,0x29,0x24,0x21,0x04,0x21,0x69,0x4A,0xCF,0x7B,0xC7,0x31,
    0xC7,0x31,0xC7,0x31,0xC7,0x31,0xC7,0x31,0xC7,0x31,0xC7,0x31,0xC7,0x31,0xC7,0x31,
    0xC7,0x31,0xC7,0x31,0xC7,0x31,0xC7,0x31,0xC7,0x31,0xC7,0x31,0xC7,0x31,0xC7,0x31,
    0xC7,0x31,0xC7,0x31,0xC7,0x31,0xC7,0x31,0xC7,0x31,0xC7,0x31,0xC7,0x31,0xC7,0x31,
    0xC7,0x31,0xC7,0x31,0xC7,0x31,0xC7,0x31,0xC7,0x31,0xC7,0x31,0xC7,0x31,0xC7,0x31,
    0xC7,0x31,0xC7,0x31,0xC7,0x31,0xC7,0x31,0xC7,0x31,0xC7,0x31,0xC7,0x31,0xC7,0x31,
    0xC7,0x31,0xC7,0x31,0xC7,0x31,0xC7,0x31,0xC7,0x31,0xC7,0x31,0xC7,0x31,0xE8,0x39,
    0x49,0x42,0xCB,0x52,0xAA,0x52,0x8A,0x52,0x69,0x4A,0x49,0x4A,0x28,0x42,0x28,0x42,
    0x28,0x42,0x28,0x42,0x08,0x42,0xE7,0x39,0xC7,0x39,0xC7,0x39,0xE7,0x39,0xE7,0x39,
    0x08,0x42,0x08,0x42,0x08,0x42,0x08,0x42,0x08,0x42,0x08,0x42,0x08,0x42,0x08,0x42,
    0x08,0x42,0x08,0x42,0x08,0x42,0x08,0x42,0x08,0x42,0xE7,0x39,0xC7,0x39,0xA6,0x31,
    0x86,0x31,0x86,0x31,0x86,0x31,0xA6,0x31,0xE7,0x39,0x49,0x4A,0x8A,0x52,0xAA,0x52,
    0x8A,0x52,0x69,0x4A,0x49,0x4A,0x49,0x4A,0x49,0x4A,0x49,0x4A,0x49,0x4A,0x49,0x4A,
    0x49,0x4A,0x28,0x42,0x28,0x42,0x28,0x42,0x28,0x42,0x28,0x42,0x28,0x42,0x28,0x42,
    0x28,0x42,0x28,0x42,0x08,0x42,0x08,0x42,0xE7,0x39,0xC7,0x39,0x08,0x42,0x08,0x42,
    0xE8,0x41,0x08,0x42,0xE7,0x39,0xE7,0x39,0xA6,0x31,0x8D,0x73,0x92,0x94,0xEB,0x5A,
    0xA6,0x31,0xA6,0x31,0x24,0x21,0x24,0x21,0x24,0x21,0x6D,0x6B,0x8E,0x6B,0xC7,0x31,
    0xC7,0x31,0xC7,0x31,0xC7,0x31,0xC7,0x31,0xC7,0x31,0xC7,0x31,0xC7,0x31,0xC7,0x31,
    0xC7,0x31,0xC7,0x31,0xC7,0x31,0xC7,0x31,0xC7,0x31,0xC7,0x31,0xC7,0x31,0xC7,0x31,
    0xC7,0x31,0xC7,0x31,0xC7,0x31,0xC7,0x31,0xC7,0x31,0xC7,0x31,0xC7,0x31,0xC7,0x31,
    0xC7,0x31,0xC7,0x31,0xC7,0x31,0xC7,0x31,0xC7,0x31,0xC7,0x31,0xC7,0x31,0xC7,0x31,
    0xC7,0x31,0xC7,0x31,0xC7,0x31,0xC7,0x31,0xC7,0x31,0xC7,0x31,0xC7,0x31,0xC7,0x31,
    0xC7,0x31,0xC7,0x31,0xC7,0x31,0xC7,0x31,0xC7,0x31,0xC7,0x31,0xC7,0x31,0xC7,0x31,
    0xC7,0x31,0xC7,0x31,0x49,0x42,0x8A,0x4A,0xAA,0x52,0xAB,0x52,0x8A,0x52,0x69,0x4A,
    0x69,0x4A,0x69,0x4A,0x8A,0x52,0x69,0x4A,0x28,0x42,0x28,0x42,0x49,0x4A,0x69,0x4A,
    0x69,0x4A,0x8A,0x52,0x69,0x4A,0x69,0x4A,0x28,0x42,0x08,0x42,0x08,0x42,0x08,0x42,
    0x08,0x42,0x08,0x42,0x08,0x42,0x08,0x42,0x08,0x42,0x08,0x42,0x08,0x42,0x08,0x42,
    0xE7,0x39,0xE7,0x39,0xC7,0x39,0xA6,0x31,0x86,0x31,0x65,0x29,0x86,0x31,0xC7,0x39,
    0x28,0x42,0x49,0x4A,0x8A,0x52,0x8A,0x52,0x8A,0x52,0x69,0x4A,0x49,0x4A,0x49,0x4A,
    0x49,0x4A,0x49,0x4A,0x49,0x4A,0x49,0x4A,0x28,0x42,0x28,0x42,0x28,0x42,0x28,0x42,
    0x28,0x42,0x28,0x42,0x08,0x42,0x08,0x42,0x08,0x42,0x08,0x42,0x08,0x42,0x08,0x42,
    0x08,0x42,0xC7,0x39,0xC7,0x39,0x86,0x31,0xC7,0x39,0x86,0x31,0x65,0x29,0xA6,0x31,
    0xE7,0x39,0x45,0x29,0x24,0x21,0x04,0x21,0x08,0x42,0xEF,0x7B,0xC7,0x31,0xC7,0x31,
    0xC7,0x31,0xC7,0x31,0xC7,0x31,0xC7,0x31,0xC7,0x31,0xC7,0x31,0xC7,0x31,0xC7,0x31,
    0xC7,0x31,0xC7,0x31,0xC7,0x31,0xC7,0x31,0xC7,0x31,0xC7,0x31,0xC7,0x31,0xC7,0x31,
    0xC7,0x31,0xC7,0x31,0xC7,0x31,0xC7,0x31,0xC7,0x31,0xC7,0x31,0xC7,0x31,0xC7,0x31,
    0xC7,0x31,0xC7,0x31,0xC7,0x31,0xC7,0x31,0xC7,0x31,0xC7,0x31,0xC7,0x31,0xC7,0x31,
    0xC7,0x31,0xC7,0x31,0xC7,0x31,0xC7,0x31,0xC7,0x31,0xC7,0x31,0xC7,0x31,0xC7,0x31,
    0xC7,0x31,0xC7,0x31,0xC7,0x31,0xC7,0x31,0xC7,0x31,0xC7,0x31,0xC7,0x31,0xC7,0x31,
    0xC7,0x31,0xC7,0x31,0xC7,0x31,0xC7,0x31,0xC7,0x31,0xC7,0x31,0x8A,0x4A,0xCB,0x5A,
    0xEB,0x5A,0x2C,0x63,0xCB,0x5A,0x8A,0x52,0xEB,0x5A,0x8A,0x4A,0x6A,0x4A,0xC7,0x31,
    0xC7,0x31,0x08,0x3A,0xAA,0x52,0xAA,0x52,0xAA,0x52,0x69,0x4A,0x8A,0x52,0x49,0x4A,
    0x08,0x42,0x08,0x42,0x08,0x42,0x08,0x42,0x08,0x42,0x08,0x42,0x08,0x42,0x08,0x42,
    0x08,0x42,0x08,0x42,0x08,0x42,0x08,0x42,0xE7,0x39,0xC7,0x39,0xA6,0x31,0x86,0x31,
    0x65,0x29,0x65,0x29,0xA6,0x31,0xE7,0x39,0x28,0x42,0x69,0x4A,0x8A,0x52,0x8A,0x52,
    0x69,0x4A,0x49,0x4A,0x49,0x4A,0x28,0x42,0x28,0x42,0x28,0x42,0x28,0x42,0x28,0x42,
    0x28,0x42,0x08,0x42,0xC7,0x39,0x49,0x4A,0xE7,0x39,0xC7,0x39,0x08,0x42,0x08,0x42,
    0xE7,0x39,0x10,0x84,0x18,0xC6,0x55,0xAD,0x49,0x4A,0xC7,0x39,0x08,0x42,0x08,0x42,
    0xA6,0x31,0x24,0x21,0x24,0x21,0x24,0x21,0x6D,0x6B,0x6E,0x6B,0xC7,0x31,0xC7,0x31,
    0xC7,0x31,0xC7,0x31,0xC7,0x31,0xC7,0x31,0xC7,0x31,0xC7,0x31,0xC7,0x31,0xC7,0x31,
    0xC7,0x31,0xC7,0x31,0xC7,0x31,0xC7,0x31,0xC7,0x31,0xC7,0x31,0xC7,0x31,0xC7,0x31,
    0xC7,0x31,0xC7,0x31,0xC7,0x31,0xC7,0x31,0xC7,0x31,0xC7,0x31,0xC7,0x31,0xC7,0x31,
    0xC7,0x31,0xC7,0x31,0xC7,0x31,0xC7,0x31,0xC7,0x31,0xC7,0x31,0xC7,0x31,0xC7,0x31,
    0xC7,0x31,0xC7,0x31,0xC7,0x31,0xC7,0x31,0xC7,0x31,0xC7,0x31,0xC7,0x31,0xC7,0x31,
    0xC7,0x31,0xC7,0x31,0xC7,0x31,0xC7,0x31,0xC7,0x31,0xC7,0x31,0xC7,0x31,0xC7,0x31,
    0xC7,0x31,0xC7,0x31,0xC7,0x31,0xC7,0x31,0xC7,0x31,0xC7,0x31,0xC7,0x31,0xC7,0x31,
    0xC7,0x31,0xC7,0x31,0xC7,0x31,0xC7,0x31,0xC7,0x31,0xC7,0x31,0xC7,0x31,0xC7,0x31,
    0xC7,0x31,0xC7,0x31,0xC7,0x31,0xC7,0x31,0xC7,0x31,0x6A,0x4A,0xAB,0x52,0xCB,0x52,
    0x8A,0x52,0x69,0x4A,0x49,0x4A,0x28,0x42,0x08,0x42,0x08,0x42,0x08,0x42,0x08,0x42,
    0x08,0x42,0x08,0x42,0x08,0x42,0x08,0x42,0x08,0x42,0x08,0x42,0x08,0x42,0x08,0x42,
    0xE7,0x39,0xC7,0x39,0xA6,0x31,0x86,0x31,0x65,0x29,0x86,0x31,0xA6,0x31,0x08,0x42,
    0x28,0x42,0x69,0x4A,0x69,0x4A,0x28,0x42,0x28,0x42,0x28,0x42,0x28,0x42,0x28,0x42,
    0x28,0x42,0x28,0x42,0x55,0xAD,0x3C,0xE7,0x59,0xCE,0xCB,0x5A,0xE7,0x39,0xE7,0x39,
    0xCB,0x5A,0xDF,0xFF,0xFF,0xFF,0xFF,0xFF,0xD7,0xBD,0xA6,0x31,0x08,0x42,0x08,0x42,
    0x45,0x29,0x24,0x21,0x04,0x21,0x08,0x42,0xEF,0x7B,0x8A,0x4A,0xC7,0x31,0xC7,0x31,
    0xC7,0x31,0xC7,0x31,0xC7,0x31,0xC7,0x31,0xC7,0x31,0xC7,0x31,0xC7,0x31,0xC7,0x31,
    0xC7,0x31,0xC7,0x31,0xC7,0x31,0xC7,0x31,0xC7,0x31,0xC7,0x31,0xC7,0x31,0xC7,0x31,
    0xC7,0x31,0xC7,0x31,0xC7,0x31,0xC7,0x31,0xC7,0x31,0xC7,0x31,0xC7,0x31,0xC7,0x31,
    0xC7,0x31,0xC7,0x31,0xC7,0x31,0xC7,0x31,0xC7,0x31,0xC7,0x31,0xC7,0x31,0xC7,0x31,
    0xC7,0x31,0xC7,0x31,0xC7,0x31,0xC7,0x31,0xC7,0x31,0xC7,0x31,0xC7,0x31,0xC7,0x31,
    0xC7,0x31,0xC7,0x31,0xC7,0x31,0xC7,0x31,0xC7,0x31,0xC7,0x31,0xC7,0x31,0xC7,0x31,
    0xC7,0x31,0xC7,0x31,0xC7,0x31,0xC7,0x31,0xC7,0x31,0xC7,0x31,0xC7,0x31,0xC7,0x31,
    0xC7,0x31,0xC7,0x31,0xC7,0x31,0xC7,0x31,0xC7,0x31,0xC7,0x31,0xC7,0x31,0xC7,0x31,
    0xC7,0x31,0xC7,0x31,0xC7,0x31,0xC7,0x31,0xC7,0x31,0xC7,0x31,0xC7,0x31,0xC7,0x31,
    0xE8,0x31,0xCB,0x52,0xAA,0x52,0x8A,0x52,0x69,0x4A,0x69,0x4A,0x49,0x4A,0x28,0x42,
    0x08,0x42,0x08,0x42,0xE7,0x39,0x08,0x42,0x08,0x42,0x08,0x42,0x08,0x42,0x08,0x42,
    0x08,0x42,0x08,0x42,0x08,0x42,0xE7,0x39,0xE7,0x39,0xC7,0x39,0x86,0x31,0x65,0x29,
    0x65,0x29,0xC7,0x39,0x49,0x4A,0x69,0x4A,0x49,0x4A,0x49,0x4A,0x49,0x4A,0x49,0x4A,
    0xE7,0x39,0x6D,0x6B,0xFF,0xFF,0xFF,0xFF,0xFF,0xFF,0xF7,0xBD,0xA6,0x31,0x08,0x42,
    0x69,0x4A,0x3C,0xE7,0xFF,0xFF,0xFF,0xFF,0xF7,0xBD,0xA6,0x31,0x08,0x42,0x86,0x31,
    0x24,0x21,0x04,0x21,0x24,0x21,0x8E,0x73,0x8E,0x6B,0xC7,0x31,0xC7,0x31,0xC7,0x31,
    0xC7,0x31,0xC7,0x31,0xC7,0x31,0xC7,0x31,0xC7,0x31,0xC7,0x31,0xC7,0x31,0xC7,0x31,
    0xC7,0x31,0xC7,0x31,0xC7,0x31,0xC7,0x31,0xC7,0x31,0xC7,0x31,0xC7,0x31,0xC7,0x31,
    0xC7,0x31,0xC7,0x31,0xC7,0x31,0xC7,0x31,0xC7,0x31,0xC7,0x31,0xC7,0x31,0xC7,0x31,
    0xC7,0x31,0xC7,0x31,0xC7,0x31,0xC7,0x31,0xC7,0x31,0xC7,0x31,0xC7,0x31,0xC7,0x31,
    0xC7,0x31,0xC7,0x31,0xC7,0x31,0xC7,0x31,0xC7,0x31,0xC7,0x31,0xC7,0x31,0xC7,0x31,
    0xC7,0x31,0xC7,0x31,0xC7,0x31,0xC7,0x31,0xC7,0x31,0xC7,0x31,0xC7,0x31,0xC7,0x31,
    0xC7,0x31,0xC7,0x31,0xC7,0x31,0xC7,0x31,0xC7,0x31,0xC7,0x31,0xC7,0x31,0xC7,0x31,
    0xC7,0x31,0xC7,0x31,0xC7,0x31,0xC7,0x31,0xC7,0x31,0xC7,0x31,0xC7,0x31,0xC7,0x31,
    0xC7,0x31,0xC7,0x31,0xC7,0x31,0xC7,0x31,0xC7,0x31,0xC7,0x31,0xC7,0x31,0xC7,0x31,
    0xC7,0x31,0xC7,0x31,0xC7,0x31,0xC7,0x31,0x6A,0x4A,0xAA,0x52,0x8A,0x52,0xAA,0x52,
    0x49,0x4A,0x69,0x4A,0x28,0x42,0x08,0x42,0x08,0x42,0x08,0x42,0x08,0x42,0x08,0x42,
    0x08,0x42,0x08,0x42,0x08,0x42,0xE7,0x39,0xE7,0x39,0x08,0x42,0x08,0x42,0xE7,0x39,
    0xC7,0x39,0x86,0x31,0x86,0x31,0x49,0x4A,0x69,0x4A,0x49,0x4A,0x49,0x4A,0x49,0x4A,
    0x08,0x42,0xAA,0x52,0x3C,0xE7,0xFF,0xFF,0xFF,0xFF,0xD3,0x9C,0xA6,0x31,0x28,0x42,
    0xE7,0x39,0xCB,0x5A,0x14,0xA5,0xF3,0x9C,0x8A,0x52,0x08,0x42,0xC7,0x39,0x24,0x21,
    0x24,0x21,0xE3,0x18,0x69,0x4A,0xCF,0x7B,0x49,0x42,0xC7,0x31,0xC7,0x31,0xC7,0x31,
    0xC7,0x31,0xC7,0x31,0xC7,0x31,0xC7,0x31,0xC7,0x31,0xC7,0x31,0xC7,0x31,0xC7,0x31,
    0xC7,0x31,0xC7,0x31,0xC7,0x31,0xC7,0x31,0xC7,0x31,0xC7,0x31,0xC7,0x31,0xC7,0x31,
    0xC7,0x31,0xC7,0x31,0xC7,0x31,0xC7,0x31,0xC7,0x31,0xC7,0x31,0xC7,0x31,0xC7,0x31,
    0xC7,0x31,0xC7,0x31,0xC7,0x31,0xC7,0x31,0xC7,0x31,0xC7,0x31,0xC7,0x31,0xC7,0x31,
    0xC7,0x31,0xC7,0x31,0xC7,0x31,0xC7,0x31,0xC7,0x31,0xC7,0x31,0xC7,0x31,0xC7,0x31,
    0xC7,0x31,0xC7,0x31,0xC7,0x31,0xC7,0x31,0xC7,0x31,0xC7,0x31,0xC7,0x31,0xC7,0x31,
    0xC7,0x31,0xC7,0x31,0xC7,0x31,0xC7,0x31,0xC7,0x31,0xC7,0x31,0xC7,0x31,0xC7,0x31,
    0xC7,0x31,0xC7,0x31,0xC7,0x31,0xC7,0x31,0xC7,0x31,0xC7,0x31,0xC7,0x31,0xC7,0x31,
    0xC7,0x31,0xC7,0x31,0xC7,0x31,0xC7,0x31,0xC7,0x31,0xC7,0x31,0xC7,0x31,0xC7,0x31,
    0xC7,0x31,0xC7,0x31,0xC7,0x31,0xC7,0x31,0xC7,0x31,0xC7,0x31,0xC7,0x31,0xC7,0x31,
    0x8A,0x4A,0x8A,0x4A,0x8A,0x52,0x8A,0x52,0x49,0x4A,0x49,0x4A,0x28,0x42,0x08,0x42,
    0x08,0x42,0x08,0x42,0x08,0x42,0x08,0x42,0x08,0x42,0xE7,0x39,0xE7,0x39,0x08,0x42,
    0x28,0x42,0x28,0x42,0xA6,0x31,0xA6,0x31,0x49,0x4A,0x69,0x4A,0x69,0x4A,0x49,0x4A,
    0x49,0x4A,0x08,0x42,0x8A,0x52,0x51,0x8C,0xEF,0x7B,0x08,0x42,0x28,0x42,0x28,0x42,
    0x28,0x42,0xE7,0x39,0xA6,0x31,0xA6,0x31,0xE7,0x39,0x08,0x42,0x45,0x29,0x24,0x21,
    0x04,0x21,0x86,0x31,0xCF,0x7B,0x6E,0x6B,0xC7,0x31,0xC7,0x31,0xC7,0x31,0xC7,0x31,
    0xC7,0x31,0xC7,0x31,0xC7,0x31,0xC7,0x31,0xC7,0x31,0xC7,0x31,0xC7,0x31,0xC7,0x31,
    0xC7,0x31,0xC7,0x31,0xC7,0x31,0xC7,0x31,0xC7,0x31,0xC7,0x31,0xC7,0x31,0xC7,0x31,
    0xC7,0x31,0xC7,0x31,0xC7,0x31,0xC7,0x31,0xC7,0x31,0xC7,0x31,0xC7,0x31,0xC7,0x31,
    0xC7,0x31,0xC7,0x31,0xC7,0x31,0xC7,0x31,0xC7,0x31,0xC7,0x31,0xC7,0x31,0xC7,0x31,
    0xC7,0x31,0xC7,0x31,0xC7,0x31,0xC7,0x31,0xC7,0x31,0xC7,0x31,0xC7,0x31,0xC7,0x31,
    0xC7,0x31,0xC7,0x31,0xC7,0x31,0xC7,0x31,0xC7,0x31,0xC7,0x31,0xC7,0x31,0xC7,0x31,
    0xC7,0x31,0xC7,0x31,0xC7,0x31,0xC7,0x31,0xC7,0x31,0xC7,0x31,0xC7,0x31,0xC7,0x31,
    0xC7,0x31,0xC7,0x31,0xC7,0x31,0xC7,0x31,0xC7,0x31,0xC7,0x31,0xC7,0x31,0xC7,0x31,
    0xC7,0x31,0xC7,0x31,0xC7,0x31,0xC7,0x31,0xC7,0x31,0xC7,0x31,0xC7,0x31,0xC7,0x31,
    0xC7,0x31,0xC7,0x31,0xC7,0x31,0xC7,0x31,0xC7,0x31,0xC7,0x31,0xC7,0x31,0xC7,0x31,
    0xC7,0x31,0xC7,0x31,0xC7,0x31,0x28,0x3A,0x6A,0x4A,0x8A,0x52,0xAA,0x52,0x8A,0x4A,
    0x69,0x4A,0x28,0x42,0x28,0x42,0x08,0x42,0x08,0x42,0x08,0x42,0x08,0x42,0x08,0x42,
    0x28,0x42,0x69,0x4A,0x49,0x4A,0xA6,0x31,0x86,0x31,0xC7,0x39,0x28,0x42,0x49,0x4A,
    0x69,0x4A,0x8A,0x52,0x28,0x42,0xE7,0x39,0xC7,0x39,0x08,0x42,0x28,0x42,0x28,0x42,
    0x28,0x42,0x28,0x42,0x28,0x42,0x28,0x42,0x28,0x42,0x86,0x31,0x04,0x21,0x24,0x21,
    0x24,0x21,0xEB,0x5A,0xCF,0x7B,0x6A,0x4A,0xC7,0x31,0xC7,0x31,0xC7,0x31,0xC7,0x31,
    0xC7,0x31,0xC7,0x31,0xC7,0x31,0xC7,0x31,0xC7,0x31,0xC7,0x31,0xC7,0x31,0xC7,0x31,
    0xC7,0x31,0xC7,0x31,0xC7,0x31,0xC7,0x31,0xC7,0x31,0xC7,0x31,0xC7,0x31,0xC7,0x31,
    0xC7,0x31,0xC7,0x31,0xC7,0x31,0xC7,0x31,0xC7,0x31,0xC7,0x31,0xC7,0x31,0xC7,0x31,
    0xC7,0x31,0xC7,0x31,0xC7,0x31,0xC7,0x31,0xC7,0x31,0xC7,0x31,0xC7,0x31,0xC7,0x31,
    0xC7,0x31,0xC7,0x31,0xC7,0x31,0xC7,0x31,0xC7,0x31,0xC7,0x31,0xC7,0x31,0xC7,0x31,
    0xC7,0x31,0xC7,0x31,0xC7,0x31,0xC7,0x31,0xC7,0x31,0xC7,0x31,0xC7,0x31,0xC7,0x31,
    0xC7,0x31,0xC7,0x31,0xC7,0x31,0xC7,0x31,0xC7,0x31,0xC7,0x31,0xC7,0x31,0xC7,0x31,
    0xC7,0x31,0xC7,0x31,0xC7,0x31,0xC7,0x31,0xC7,0x31,0xC7,0x31,0xC7,0x31,0xC7,0x31,
    0xC7,0x31,0xC7,0x31,0xC7,0x31,0xC7,0x31,0xC7,0x31,0xC7,0x31,0xC7,0x31,0xC7,0x31,
    0xC7,0x31,0xC7,0x31,0xC7,0x31,0xC7,0x31,0xC7,0x31,0xC7,0x31,0xC7,0x31,0xC7,0x31,
    0xC7,0x31,0xC7,0x31,0xC7,0x31,0xC7,0x31,0xC7,0x31,0xC7,0x31,0xC7,0x31,0x8A,0x4A,
    0xAA,0x52,0x8A,0x52,0x8A,0x4A,0x49,0x4A,0x49,0x4A,0x28,0x42,0x08,0x42,0x08,0x42,
    0x28,0x42,0x69,0x4A,0x8A,0x52,0x08,0x42,0xA6,0x31,0x86,0x31,0x65,0x29,0x86,0x31,
    0xA6,0x31,0xE7,0x39,0x28,0x42,0x69,0x4A,0x69,0x4A,0x69,0x4A,0x49,0x4A,0x28,0x42,
    0x08,0x42,0x28,0x42,0x28,0x42,0x28,0x42,0xC7,0x39,0x24,0x21,0x04,0x21,0xE3,0x18,
    0x08,0x42,0x10,0x84,0x0C,0x63,0xC7,0x31,0xC7,0x31,0xC7,0x31,0xC7,0x31,0xC7,0x31,
    0xC7,0x31,0xC7,0x31,0xC7,0x31,0xC7,0x31,0xC7,0x31,0xC7,0x31,0xC7,0x31,0xC7,0x31,
    0xC7,0x31,0xC7,0x31,0xC7,0x31,0xC7,0x31,0xC7,0x31,0xC7,0x31,0xC7,0x31,0xC7,0x31,
    0xC7,0x31,0xC7,0x31,0xC7,0x31,0xC7,0x31,0xC7,0x31,0xC7,0x31,0xC7,0x31,0xC7,0x31,
    0xC7,0x31,0xC7,0x31,0xC7,0x31,0xC7,0x31,0xC7,0x31,0xC7,0x31,0xC7,0x31,0xC7,0x31,
    0xC7,0x31,0xC7,0x31,0xC7,0x31,0xC7,0x31,0xC7,0x31,0xC7,0x31,0xC7,0x31,0xC7,0x31,
    0xC7,0x31,0xC7,0x31,0xC7,0x31,0xC7,0x31,0xC7,0x31,0xC7,0x31,0xC7,0x31,0xC7,0x31,
    0xC7,0x31,0xC7,0x31,0xC7,0x31,0xC7,0x31,0xC7,0x31,0xC7,0x31,0xC7,0x31,0xC7,0x31,
    0xC7,0x31,0xC7,0x31,0xC7,0x31,0xC7,0x31,0xC7,0x31,0xC7,0x31,0xC7,0x31,0xC7,0x31,
    0xC7,0x31,0xC7,0x31,0xC7,0x31,0xC7,0x31,0xC7,0x31,0xC7,0x31,0xC7,0x31,0xC7,0x31,
    0xC7,0x31,0xC7,0x31,0xC7,0x31,0xC7,0x31,0xC7,0x31,0xC7,0x31,0xC7,0x31,0xC7,0x31,
    0xC7,0x31,0xC7,0x31,0xC7,0x31,0xC7,0x31,0xC7,0x31,0xC7,0x31,0xC7,0x31,0xC7,0x31,
    0xC7,0x31,0xC7,0x31,0xC7,0x31,0x6A,0x4A,0x8A,0x52,0x8A,0x52,0x69,0x4A,0x69,0x4A,
    0x69,0x4A,0x8A,0x52,0x8A,0x52,0x28,0x42,0x08,0x42,0x08,0x42,0xE7,0x39,0xC7,0x39,
    0x86,0x31,0x65,0x29,0x65,0x29,0x86,0x31,0xC7,0x39,0x08,0x42,0x49,0x4A,0x69,0x4A,
    0x49,0x4A,0x49,0x4A,0x08,0x42,0xA6,0x31,0x45,0x29,0x04,0x21,0x24,0x21,0xA6,0x31,
    0x4D,0x6B,0xAE,0x73,0x08,0x3A,0xC7,0x31,0xC7,0x31,0xC7,0x31,0xC7,0x31,0xC7,0x31,
    0xC7,0x31,0xC7,0x31,0xC7,0x31,0xC7,0x31,0xC7,0x31,0xC7,0x31,0xC7,0x31,0xC7,0x31,
    0xC7,0x31,0xC7,0x31,0xC7,0x31,0xC7,0x31,0xC7,0x31,0xC7,0x31,0xC7,0x31,0xC7,0x31,
    0xC7,0x31,0xC7,0x31,0xC7,0x31,0xC7,0x31,0xC7,0x31,0xC7,0x31,0xC7,0x31,0xC7,0x31,
    0xC7,0x31,0xC7,0x31,0xC7,0x31,0xC7,0x31,0xC7,0x31,0xC7,0x31,0xC7,0x31,0xC7,0x31,
    0xC7,0x31,0xC7,0x31,0xC7,0x31,0xC7,0x31,0xC7,0x31,0xC7,0x31,0xC7,0x31,0xC7,0x31,
    0xC7,0x31,0xC7,0x31,0xC7,0x31,0xC7,0x31,0xC7,0x31,0xC7,0x31,0xC7,0x31,0xC7,0x31,
    0xC7,0x31,0xC7,0x31,0xC7,0x31,0xC7,0x31,0xC7,0x31,0xC7,0x31,0xC7,0x31,0xC7,0x31,
    0xC7,0x31,0xC7,0x31,0xC7,0x31,0xC7,0x31,0xC7,0x31,0xC7,0x31,0xC7,0x31,0xC7,0x31,
    0xC7,0x31,0xC7,0x31,0xC7,0x31,0xC7,0x31,0xC7,0x31,0xC7,0x31,0xC7,0x31,0xC7,0x31,
    0xC7,0x31,0xC7,0x31,0xC7,0x31,0xC7,0x31,0xC7,0x31,0xC7,0x31,0xC7,0x31,0xC7,0x31,
    0xC7,0x31,0xC7,0x31,0xC7,0x31,0xC7,0x31,0xC7,0x31,0xC7,0x31,0xC7,0x31,0xC7,0x31,
    0xC7,0x31,0xC7,0x31,0xC7,0x31,0xC7,0x31,0xC7,0x31,0xC7,0x31,0x8A,0x52,0xAB,0x52,
    0xCB,0x52,0x0C,0x63,0x8A,0x52,0x28,0x42,0x08,0x42,0x08,0x42,0x08,0x42,0xC7,0x39,
    0x08,0x42,0x28,0x42,0xA6,0x31,0xC7,0x39,0x86,0x31,0x65,0x29,0x65,0x29,0x86,0x31,
    0xA6,0x31,0x86,0x31,0x45,0x29,0x45,0x29,0x65,0x29,0xC7,0x39,0x28,0x42,0xCB,0x5A,
    0xCF,0x7B,0x0C,0x63,0xC7,0x31,0xC7,0x31,0xC7,0x31,0xC7,0x31,0xC7,0x31,0xC7,0x31,
    0xC7,0x31,0xC7,0x31,0xC7,0x31,0xC7,0x31,0xC7,0x31,0xC7,0x31,0xC7,0x31,0xC7,0x31,
    0xC7,0x31,0xC7,0x31,0xC7,0x31,0xC7,0x31,0xC7,0x31,0xC7,0x31,0xC7,0x31,0xC7,0x31,
    0xC7,0x31,0xC7,0x31,0xC7,0x31,0xC7,0x31,0xC7,0x31,0xC7,0x31,0xC7,0x31,0xC7,0x31,
    0xC7,0x31,0xC7,0x31,0xC7,0x31,0xC7,0x31,0xC7,0x31,0xC7,0x31,0xC7,0x31,0xC7,0x31,
    0xC7,0x31,0xC7,0x31,0xC7,0x31,0xC7,0x31,0xC7,0x31,0xC7,0x31,0xC7,0x31,0xC7,0x31,
    0xC7,0x31,0xC7,0x31,0xC7,0x31,0xC7,0x31,0xC7,0x31,0xC7,0x31,0xC7,0x31,0xC7,0x31,
    0xC7,0x31,0xC7,0x31,0xC7,0x31,0xC7,0x31,0xC7,0x31,0xC7,0x31,0xC7,0x31,0xC7,0x31,
    0xC7,0x31,0xC7,0x31,0xC7,0x31,0xC7,0x31,0xC7,0x31,0xC7,0x31,0xC7,0x31,0xC7,0x31,
    0xC7,0x31,0xC7,0x31,0xC7,0x31,0xC7,0x31,0xC7,0x31,0xC7,0x31,0xC7,0x31,0xC7,0x31,
    0xC7,0x31,0xC7,0x31,0xC7,0x31,0xC7,0x31,0xC7,0x31,0xC7,0x31,0xC7,0x31,0xC7,0x31,
    0xC7,0x31,0xC7,0x31,0xC7,0x31,0xC7,0x31,0xC7,0x31,0xC7,0x31,0xC7,0x31,0xC7,0x31,
    0xC7,0x31,0xC7,0x31,0xC7,0x31,0xC7,0x31,0xC7,0x31,0xC7,0x31,0xC7,0x31,0xC7,0x31,
    0xC7,0x31,0x4D,0x63,0xCB,0x5A,0x28,0x42,0x08,0x42,0xE7,0x39,0xE7,0x39,0xE7,0x39,
    0xE7,0x39,0x08,0x42,0xC7,0x39,0x08,0x42,0x08,0x42,0xE7,0x39,0xC7,0x39,0xA6,0x31,
    0x86,0x31,0x86,0x31,0xA6,0x31,0xE7,0x39,0x28,0x42,0x69,0x4A,0x8A,0x52,0x2C,0x63,
    0x6D,0x6B,0xC7,0x31,0xC7,0x31,0xC7,0x31,0xC7,0x31,0xC7,0x31,0xC7,0x31,0xC7,0x31,
    0xC7,0x31,0xC7,0x31,0xC7,0x31,0xC7,0x31,0xC7,0x31,0xC7,0x31,0xC7,0x31,0xC7,0x31,
    0xC7,0x31,0xC7,0x31,0xC7,0x31,0xC7,0x31,0xC7,0x31,0xC7,0x31,0xC7,0x31,0xC7,0x31,
    0xC7,0x31,0xC7,0x31,0xC7,0x31,0xC7,0x31,0xC7,0x31,0xC7,0x31,0xC7,0x31,0xC7,0x31,
    0xC7,0x31,0xC7,0x31,0xC7,0x31,0xC7,0x31,0xC7,0x31,0xC7,0x31,0xC7,0x31,0xC7,0x31,
    0xC7,0x31,0xC7,0x31,0xC7,0x31,0xC7,0x31,0xC7,0x31,0xC7,0x31,0xC7,0x31,0xC7,0x31,
    0xC7,0x31,0xC7,0x31,0xC7,0x31,0xC7,0x31,0xC7,0x31,0xC7,0x31,0xC7,0x31,0xC7,0x31,
    0xC7,0x31,0xC7,0x31,0xC7,0x31,0xC7,0x31,0xC7,0x31,0xC7,0x31,0xC7,0x31,0xC7,0x31,
    0xC7,0x31,0xC7,0x31,0xC7,0x31,0xC7,0x31,0xC7,0x31,0xC7,0x31,0xC7,0x31,0xC7,0x31,
    0xC7,0x31,0xC7,0x31,0xC7,0x31,0xC7,0x31,0xC7,0x31,0xC7,0x31,0xC7,0x31,0xC7,0x31,
    0xC7,0x31,0xC7,0x31,0xC7,0x31,0xC7,0x31,0xC7,0x31,0xC7,0x31,0xC7,0x31,0xC7,0x31,
    0xC7,0x31,0xC7,0x31,0xC7,0x31,0xC7,0x31,0xC7,0x31,0xC7,0x31,0xC7,0x31,0xC7,0x31,
    0xC7,0x31,0xC7,0x31,0xC7,0x31,0xC7,0x31,0xC7,0x31,0xC7,0x31,0xC7,0x31,0xC7,0x31,
    0xC7,0x31,0xE8,0x39,0x0C,0x63,0x8A,0x52,0x28,0x42,0x08,0x42,0x08,0x42,0x08,0x42,
    0x08,0x42,0xE7,0x39,0x08,0x42,0x08,0x42,0x08,0x42,0x08,0x42,0x08,0x42,0x08,0x42,
    0xE7,0x39,0x08,0x42,0x08,0x42,0x28,0x42,0x49,0x4A,0x49,0x4A,0x8A,0x52,0x4D,0x6B,
    0xCB,0x5A,0xE8,0x39,0xC7,0x31,0xC7,0x31,0xC7,0x31,0xC7,0x31,0xC7,0x31,0xC7,0x31,
    0xC7,0x31,0xC7,0x31,0xC7,0x31,0xC7,0x31,0xC7,0x31,0xC7,0x31,0xC7,0x31,0xC7,0x31,
    0xC7,0x31,0xC7,0x31,0xC7,0x31,0xC7,0x31,0xC7,0x31,0xC7,0x31,0xC7,0x31,0xC7,0x31,
    0xC7,0x31,0xC7,0x31,0xC7,0x31,0xC7,0x31,0xC7,0x31,0xC7,0x31,0xC7,0x31,0xC7,0x31,
    0xC7,0x31,0xC7,0x31,0xC7,0x31,0xC7,0x31,0xC7,0x31,0xC7,0x31,0xC7,0x31,0xC7,0x31,
    0xC7,0x31,0xC7,0x31,0xC7,0x31,0xC7,0x31,0xC7,0x31,0xC7,0x31,0xC7,0x31,0xC7,0x31,
    0xC7,0x31,0xC7,0x31,0xC7,0x31,0xC7,0x31,0xC7,0x31,0xC7,0x31,0xC7,0x31,0xC7,0x31,
    0xC7,0x31,0xC7,0x31,0xC7,0x31,0xC7,0x31,0xC7,0x31,0xC7,0x31,0xC7,0x31,0xC7,0x31,
    0xC7,0x31,0xC7,0x31,0xC7,0x31,0xC7,0x31,0xC7,0x31,0xC7,0x31,0xC7,0x31,0xC7,0x31,
    0xC7,0x31,0xC7,0x31,0xC7,0x31,0xC7,0x31,0xC7,0x31,0xC7,0x31,0xC7,0x31,0xC7,0x31,
    0xC7,0x31,0xC7,0x31,0xC7,0x31,0xC7,0x31,0xC7,0x31,0xC7,0x31,0xC7,0x31,0xC7,0x31,
    0xC7,0x31,0xC7,0x31,0xC7,0x31,0xC7,0x31,0xC7,0x31,0xC7,0x31,0xC7,0x31,0xC7,0x31,
    0xC7,0x31,0xC7,0x31,0xC7,0x31,0xC7,0x31,0xC7,0x31,0xC7,0x31,0xC7,0x31,0xC7,0x31,
    0xC7,0x31,0xC7,0x31,0xAA,0x52,0xEB,0x5A,0x6A,0x4A,0x49,0x4A,0x28,0x42,0x28,0x42,
    0x08,0x42,0x08,0x42,0x08,0x42,0x08,0x42,0x08,0x42,0x08,0x42,0x08,0x42,0xE7,0x39,
    0xE7,0x39,0x08,0x42,0x08,0x42,0x28,0x42,0x49,0x4A,0x69,0x4A,0x0C,0x63,0x2C,0x63,
    0xC7,0x31,0xE8,0x31,0xC7,0x31,0xC7,0x31,0xC7,0x31,0xC7,0x31,0xC7,0x31,0xC7,0x31,
    0xC7,0x31,0xC7,0x31,0xC7,0x31,0xC7,0x31,0xC7,0x31,0xC7,0x31,0xC7,0x31,0xC7,0x31,
    0xC7,0x31,0xC7,0x31,0xC7,0x31,0xC7,0x31,0xC7,0x31,0xC7,0x31,0xC7,0x31,0xC7,0x31,
    0xC7,0x31,0xC7,0x31,0xC7,0x31,0xC7,0x31,0xC7,0x31,0xC7,0x31,0xC7,0x31,0xC7,0x31,
    0xC7,0x31,0xC7,0x31,0xC7,0x31,0xC7,0x31,0xC7,0x31,0xC7,0x31,0xC7,0x31,0xC7,0x31,
    0xC7,0x31,0xC7,0x31,0xC7,0x31,0xC7,0x31,0xC7,0x31,0xC7,0x31,0xC7,0x31,0xC7,0x31,
    0xC7,0x31,0xC7,0x31,0xC7,0x31,0xC7,0x31,0xC7,0x31,0xC7,0x31,0xC7,0x31,0xC7,0x31,
    0xC7,0x31,0xC7,0x31,0xC7,0x31,0xC7,0x31,0xC7,0x31,0xC7,0x31,0xC7,0x31,0xC7,0x31,
    0xC7,0x31,0xC7,0x31,0xC7,0x31,0xC7,0x31,0xC7,0x31,0xC7,0x31,0xC7,0x31,0xC7,0x31,
    0xC7,0x31,0xC7,0x31,0xC7,0x31,0xC7,0x31,0xC7,0x31,0xC7,0x31,0xC7,0x31,0xC7,0x31,
    0xC7,0x31,0xC7,0x31,0xC7,0x31,0xC7,0x31,0xC7,0x31,0xC7,0x31,0xC7,0x31,0xC7,0x31,
    0xC7,0x31,0xC7,0x31,0xC7,0x31,0xC7,0x31,0xC7,0x31,0xC7,0x31,0xC7,0x31,0xC7,0x31,
    0xC7,0x31,0xC7,0x31,0xC7,0x31,0xC7,0x31,0xC7,0x31,0xC7,0x31,0xC7,0x31,0xC7,0x31,
    0xC7,0x31,0xC7,0x31,0xC7,0x31,0xC7,0x31,0xC7,0x31,0xCB,0x5A,0x69,0x4A,0x28,0x42,
    0x08,0x42,0x28,0x42,0x08,0x42,0x28,0x42,0x08,0x42,0x08,0x42,0x08,0x42,0x08,0x42,
    0xE7,0x39,0x08,0x42,0x28,0x42,0x49,0x4A,0x69,0x4A,0xEB,0x5A,0x0C,0x5B,0xC7,0x31,
    0xC7,0x31,0xC7,0x31,0xC7,0x31,0xC7,0x31,0xC7,0x31,0xC7,0x31,0xC7,0x31,0xC7,0x31,
    0xC7,0x31,0xC7,0x31,0xC7,0x31,0xC7,0x31,0xC7,0x31,0xC7,0x31,0xC7,0x31,0xC7,0x31,
    0xC7,0x31,0xC7,0x31,0xC7,0x31,0xC7,0x31,0xC7,0x31,0xC7,0x31,0xC7,0x31,0xC7,0x31,
    0xC7,0x31,0xC7,0x31,0xC7,0x31,0xC7,0x31,0xC7,0x31,0xC7,0x31,0xC7,0x31,0xC7,0x31,
    0xC7,0x31,0xC7,0x31,0xC7,0x31,0xC7,0x31,0xC7,0x31,0xC7,0x31,0xC7,0x31,0xC7,0x31,
    0xC7,0x31,0xC7,0x31,0xC7,0x31,0xC7,0x31,0xC7,0x31,0xC7,0x31,0xC7,0x31,0xC7,0x31,
    0xC7,0x31,0xC7,0x31,0xC7,0x31,0xC7,0x31,0xC7,0x31,0xC7,0x31,0xC7,0x31,0xC7,0x31,
    0xC7,0x31,0xC7,0x31,0xC7,0x31,0xC7,0x31,0xC7,0x31,0xC7,0x31,0xC7,0x31,0xC7,0x31,
    0xC7,0x31,0xC7,0x31,0xC7,0x31,0xC7,0x31,0xC7,0x31,0xC7,0x31,0xC7,0x31,0xC7,0x31,
    0xC7,0x31,0xC7,0x31,0xC7,0x31,0xC7,0x31,0xC7,0x31,0xC7,0x31,0xC7,0x31,0xC7,0x31,
    0xC7,0x31,0xC7,0x31,0xC7,0x31,0xC7,0x31,0xC7,0x31,0xC7,0x31,0xC7,0x31,0xC7,0x31,
    0xC7,0x31,0xC7,0x31,0xC7,0x31,0xC7,0x31,0xC7,0x31,0xC7,0x31,0xC7,0x31,0xC7,0x31,
    0xC7,0x31,0xC7,0x31,0xC7,0x31,0xC7,0x31,0xC7,0x31,0xC7,0x31,0xC7,0x31,0xC7,0x31,
    0xC7,0x31,0xC7,0x31,0xC7,0x31,0xC7,0x31,0xC7,0x31,0xC7,0x31,0x69,0x4A,0x8A,0x4A,
    0x69,0x4A,0x69,0x4A,0x49,0x4A,0x28,0x42,0x28,0x42,0x28,0x42,0x08,0x42,0x08,0x42,
    0x08,0x42,0x28,0x42,0x28,0x42,0x69,0x4A,0xCB,0x5A,0xEC,0x5A,0xC7,0x31,0xC7,0x31,
    0xC7,0x31,0xC7,0x31,0xC7,0x31,0xC7,0x31,0xC7,0x31,0xC7,0x31,0xC7,0x31,0xC7,0x31,
    0xC7,0x31,0xC7,0x31,0xC7,0x31,0xC7,0x31,0xC7,0x31,0xC7,0x31,0xC7,0x31,0xC7,0x31,
    0xC7,0x31,0xC7,0x31,0xC7,0x31,0xC7,0x31,0xC7,0x31,0xC7,0x31,0xC7,0x31,0xC7,0x31,
    0xC7,0x31,0xC7,0x31,0xC7,0x31,0xC7,0x31,0xC7,0x31,0xC7,0x31,0xC7,0x31,0xC7,0x31,
    0xC7,0x31,0xC7,0x31,0xC7,0x31,0xC7,0x31,0xC7,0x31,0xC7,0x31,0xC7,0x31,0xC7,0x31,
    0xC7,0x31,0xC7,0x31,0xC7,0x31,0xC7,0x31,0xC7,0x31,0xC7,0x31,0xC7,0x31,0xC7,0x31,
    0xC7,0x31,0xC7,0x31,0xC7,0x31,0xC7,0x31,0xC7,0x31,0xC7,0x31,0xC7,0x31,0xC7,0x31,
    0xC7,0x31,0xC7,0x31,0xC7,0x31,0xC7,0x31,0xC7,0x31,0xC7,0x31,0xC7,0x31,0xC7,0x31,
    0xC7,0x31,0xC7,0x31,0xC7,0x31,0xC7,0x31,0xC7,0x31,0xC7,0x31,0xC7,0x31,0xC7,0x31,
    0xC7,0x31,0xC7,0x31,0xC7,0x31,0xC7,0x31,0xC7,0x31,0xC7,0x31,0xC7,0x31,0xC7,0x31,
    0xC7,0x31,0xC7,0x31,0xC7,0x31,0xC7,0x31,0xC7,0x31,0xC7,0x31,0xC7,0x31,0xC7,0x31,
    0xC7,0x31,0xC7,0x31,0xC7,0x31,0xC7,0x31,0xC7,0x31,0xC7,0x31,0xC7,0x31,0xC7,0x31,
    0xC7,0x31,0xC7,0x31,0xC7,0x31,0xC7,0x31,0xC7,0x31,0xC7,0x31,0xC7,0x31,0xC7,0x31,
    0xC7,0x31,0xC7,0x31,0xC7,0x31,0xC7,0x31,0xC7,0x31,0xC7,0x31,0xC7,0x31,0xC7,0x31,
    0x49,0x42,0x6A,0x4A,0xAA,0x52,0x8A,0x52,0x69,0x4A,0x49,0x4A,0x28,0x42,0x08,0x42,
    0x08,0x42,0x28,0x42,0xAA,0x52,0xCB,0x5A,0xCB,0x5A,0xC7,0x31,0xC7,0x31,0xC7,0x31,
    0xC7,0x31,0xC7,0x31,0xC7,0x31,0xC7,0x31,0xC7,0x31,0xC7,0x31,0xC7,0x31,0xC7,0x31,
    0xC7,0x31,0xC7,0x31,0xC7,0x31,0xC7,0x31,0xC7,0x31,0xC7,0x31,0xC7,0x31,0xC7,0x31,
    0xC7,0x31,0xC7,0x31,0xC7,0x31,0xC7,0x31,0xC7,0x31,0xC7,0x31,0xC7,0x31,0xC7,0x31,
    0xC7,0x31,0xC7,0x31,0xC7,0x31,0xC7,0x31,0xC7,0x31,0xC7,0x31,0xC7,0x31,0xC7,0x31,
    0xC7,0x31,0xC7,0x31,0xC7,0x31,0xC7,0x31,0xC7,0x31,0xC7,0x31,0xC7,0x31,0xC7,0x31,
    0xC7,0x31,0xC7,0x31,0xC7,0x31,0xC7,0x31,0xC7,0x31,0xC7,0x31,0xC7,0x31,0xC7,0x31,
    0xC7,0x31,0xC7,0x31,0xC7,0x31,0xC7,0x31,0xC7,0x31,0xC7,0x31,0xC7,0x31,0xC7,0x31,
    0xC7,0x31,0xC7,0x31,0xC7,0x31,0xC7,0x31,0xC7,0x31,0xC7,0x31,0xC7,0x31,0xC7,0x31,
    0xC7,0x31,0xC7,0x31,0xC7,0x31,0xC7,0x31,0xC7,0x31,0xC7,0x31,0xC7,0x31,0xC7,0x31,
    0xC7,0x31,0xC7,0x31,0xC7,0x31,0xC7,0x31,0xC7,0x31,0xC7,0x31,0xC7,0x31,0xC7,0x31,
    0xC7,0x31,0xC7,0x31,0xC7,0x31,0xC7,0x31,0xC7,0x31,0xC7,0x31,0xC7,0x31,0xC7,0x31,
    0xC7,0x31,0xC7,0x31,0xC7,0x31,0xC7,0x31,0xC7,0x31,0xC7,0x31,0xC7,0x31,0xC7,0x31,
    0xC7,0x31,0xC7,0x31,0xC7,0x31,0xC7,0x31,0xC7,0x31,0xC7,0x31,0xC7,0x31,0xC7,0x31,
    0xC7,0x31,0xC7,0x31,0xC7,0x31,0xC7,0x31,0xC7,0x31,0xC7,0x31,0xC7,0x31,0xC7,0x31,
    0xC7,0x31,0xC7,0x31,0xC7,0x31,0xAB,0x52,0x8A,0x52,0xAB,0x52,0xAA,0x52,0x8A,0x52,
    0xAA,0x52,0xAA,0x52,0xCB,0x52,0x49,0x42,0xC7,0x31,0xC7,0x31,0xC7,0x31,0xC7,0x31,
    0xC7,0x31,0xC7,0x31,0xC7,0x31,0xC7,0x31,0xC7,0x31,0xC7,0x31,0xC7,0x31,0xC7,0x31,
    0xC7,0x31,0xC7,0x31,0xC7,0x31,0xC7,0x31,0xC7,0x31,0xC7,0x31,0xC7,0x31,0xC7,0x31,
    0xC7,0x31,0xC7,0x31,0xC7,0x31,0xC7,0x31,0xC7,0x31,0xC7,0x31,0xC7,0x31,0xC7,0x31,
    0xC7,0x31,0xC7,0x31,0xC7,0x31,0xC7,0x31,0xC7,0x31,0xC7,0x31,0xC7,0x31,0xC7,0x31,
    0xC7,0x31,0xC7,0x31,0xC7,0x31,0xC7,0x31,0xC7,0x31,0xC7,0x31,0xC7,0x31,0xC7,0x31,
    0xC7,0x31,0xC7,0x31,0xC7,0x31,0xC7,0x31,0xC7,0x31,0xC7,0x31,0xC7,0x31,0xC7,0x31,
    0xC7,0x31,0xC7,0x31,0xC7,0x31,0xC7,0x31,0xC7,0x31,0xC7,0x31,0xC7,0x31,0xC7,0x31,
    0xC7,0x31,0xC7,0x31,0xC7,0x31,0xC7,0x31,0xC7,0x31,0xC7,0x31,0xC7,0x31,0xC7,0x31,
    0xC7,0x31,0xC7,0x31,0xC7,0x31,0xC7,0x31,0xC7,0x31,0xC7,0x31,0xC7,0x31,0xC7,0x31,
    0xC7,0x31,0xC7,0x31,0xC7,0x31,0xC7,0x31,0xC7,0x31,0xC7,0x31,0xC7,0x31,0xC7,0x31,
    0xC7,0x31,0xC7,0x31,0xC7,0x31,0xC7,0x31,0xC7,0x31,0xC7,0x31,0xC7,0x31,0xC7,0x31,
    0xC7,0x31,0xC7,0x31,0xC7,0x31,0xC7,0x31,0xC7,0x31,0xC7,0x31,0xC7,0x31,0xC7,0x31,
    0xC7,0x31,0xC7,0x31,0xC7,0x31,0xC7,0x31,0xC7,0x31,0xC7,0x31,0xC7,0x31,0xC7,0x31,
    0xC7,0x31,0xC7,0x31,0xC7,0x31,0xC7,0x31,0xC7,0x31,0xC7,0x31,0xC7,0x31,0xC7,0x31,
    0xC7,0x31,0xC7,0x31,0xC7,0x31,0xC7,0x31,0xC7,0x31,0xC7,0x31,0xC7,0x31,0xC7,0x31,
    0xC7,0x31,0xC7,0x31,0xC7,0x31,0xC7,0x31,0xC7,0x31,0xC7,0x31,0xC7,0x31,0xC7,0x31,
    0xC7,0x31,0xC7,0x31,0xC7,0x31,0xC7,0x31,0xC7,0x31,0xC7,0x31,0xC7,0x31,0xC7,0x31,
    0xC7,0x31,0xC7,0x31,0xC7,0x31,0xC7,0x31,0xC7,0x31,0xC7,0x31,0xC7,0x31,0xC7,0x31,
    0xC7,0x31,0xC7,0x31,0xC7,0x31,0xC7,0x31,0xC7,0x31,0xC7,0x31,0xC7,0x31,0xC7,0x31,
    0xC7,0x31,0xC7,0x31,0xC7,0x31,0xC7,0x31,0xC7,0x31,0xC7,0x31,0xC7,0x31,0xC7,0x31,
    0xC7,0x31,0xC7,0x31,0xC7,0x31,0xC7,0x31,0xC7,0x31,0xC7,0x31,0xC7,0x31,0xC7,0x31,
    0xC7,0x31,0xC7,0x31,0xC7,0x31,0xC7,0x31,0xC7,0x31,0xC7,0x31,0xC7,0x31,0xC7,0x31,
    0xC7,0x31,0xC7,0x31,0xC7,0x31,0xC7,0x31,0xC7,0x31,0xC7,0x31,0xC7,0x31,0xC7,0x31,
    0xC7,0x31,0xC7,0x31,0xC7,0x31,0xC7,0x31,0xC7,0x31,0xC7,0x31,0xC7,0x31,0xC7,0x31,
    0xC7,0x31,0xC7,0x31,0xC7,0x31,0xC7,0x31,0xC7,0x31,0xC7,0x31,0xC7,0x31,0xC7,0x31,
    0xC7,0x31,0xC7,0x31,0xC7,0x31,0xC7,0x31,0xC7,0x31,0xC7,0x31,0xC7,0x31,0xC7,0x31,
    0xC7,0x31,0xC7,0x31,0xC7,0x31,0xC7,0x31,0xC7,0x31,0xC7,0x31,0xC7,0x31,0xC7,0x31,
    0xC7,0x31,0xC7,0x31,0xC7,0x31,0xC7,0x31,0xC7,0x31,0xC7,0x31,0xC7,0x31,0xC7,0x31,
    0xC7,0x31,0xC7,0x31,0xC7,0x31,0xC7,0x31,0xC7,0x31,0xC7,0x31,0xC7,0x31,0xC7,0x31,
    0xC7,0x31,0xC7,0x31,0xC7,0x31,0xC7,0x31,0xC7,0x31,0xC7,0x31,0xC7,0x31,0xC7,0x31,
    0xC7,0x31,0xC7,0x31,0xC7,0x31,0xC7,0x31,0xC7,0x31,0xC7,0x31,0xC7,0x31,0xC7,0x31,
    0xC7,0x31,0xC7,0x31,0xC7,0x31,0xC7,0x31,0xC7,0x31,0xC7,0x31,0xC7,0x31,0xC7,0x31,
    0xC7,0x31,0xC7,0x31,0xC7,0x31,0xC7,0x31,0xC7,0x31,0xC7,0x31,0xC7,0x31,0xC7,0x31,
    0xC7,0x31,0xC7,0x31,0xC7,0x31,0xC7,0x31,0xC7,0x31,0xC7,0x31,0xC7,0x31,0xC7,0x31,
    0xC7,0x31,0xC7,0x31,0xC7,0x31,0xC7,0x31,0xC7,0x31,0xC7,0x31,0xC7,0x31,0xC7,0x31,
    0xC7,0x31,0xC7,0x31,0xC7,0x31,0xC7,0x31,0xC7,0x31,0xC7,0x31,0xC7,0x31,0xC7,0x31,
    0xC7,0x31,0xC7,0x31,0xC7,0x31,0xC7,0x31,0xC7,0x31,0xC7,0x31,0xC7,0x31,0xC7,0x31,
    0xC7,0x31,0xC7,0x31,0xC7,0x31,0xC7,0x31,0xC7,0x31,0xC7,0x31,0xC7,0x31,0xC7,0x31,
    0xC7,0x31,0xC7,0x31,0xC7,0x31,0xC7,0x31,0xC7,0x31,0xC7,0x31,0xC7,0x31,0xC7,0x31,
    0xC7,0x31,0xC7,0x31,0xC7,0x31,0xC7,0x31,0xC7,0x31,0xC7,0x31,0xC7,0x31,0xC7,0x31,
    0xC7,0x31,0xC7,0x31,0xC7,0x31,0xC7,0x31,0xC7,0x31,0xC7,0x31,0xC7,0x31,0xC7,0x31,
    0xC7,0x31,0xC7,0x31,0xC7,0x31,0xC7,0x31,0xC7,0x31,0xC7,0x31,0xC7,0x31,0xC7,0x31,
    0xC7,0x31,0xC7,0x31,0xC7,0x31,0xC7,0x31,0xC7,0x31,0xC7,0x31,0xC7,0x31,0xC7,0x31,
    0xC7,0x31,0xC7,0x31,0xC7,0x31,0xC7,0x31,0xC7,0x31,0xC7,0x31,0xC7,0x31,0xC7,0x31,
    0xC7,0x31,0xC7,0x31,0xC7,0x31,0xC7,0x31,0xC7,0x31,0xC7,0x31,0xC7,0x31,0xC7,0x31,
    0xC7,0x31,0xC7,0x31,0xC7,0x31,0xC7,0x31,0xC7,0x31,0xC7,0x31,0xC7,0x31,0xC7,0x31,
    0xC7,0x31,0xC7,0x31,0xC7,0x31,0xC7,0x31,0xC7,0x31,0xC7,0x31,0xC7,0x31,0xC7,0x31,
    0xC7,0x31,0xC7,0x31,0xC7,0x31,0xC7,0x31,0xC7,0x31,0xC7,0x31,0xC7,0x31,0xC7,0x31,
    0xC7,0x31,0xC7,0x31,0xC7,0x31,0xC7,0x31,0xC7,0x31,0xC7,0x31,0xC7,0x31,0xC7,0x31,
    0xC7,0x31,0xC7,0x31,0xC7,0x31,0xC7,0x31,0xC7,0x31,0xC7,0x31,0xC7,0x31,0xC7,0x31,
    0xC7,0x31,0xC7,0x31,0xC7,0x31,0xC7,0x31,0xC7,0x31,0xC7,0x31,0xC7,0x31,0xC7,0x31,
    0xC7,0x31,0xC7,0x31,0xC7,0x31,0xC7,0x31,0xC7,0x31,0xC7,0x31,0xC7,0x31,0xC7,0x31,
    0xC7,0x31,0xC7,0x31,0xC7,0x31,0xC7,0x31,0xC7,0x31,0xC7,0x31,0xC7,0x31,0xC7,0x31,
    0xC7,0x31,0xC7,0x31,0xC7,0x31,0xC7,0x31,0xC7,0x31,0xC7,0x31,0xC7,0x31,0xC7,0x31,
    0xC7,0x31,0xC7,0x31,0xC7,0x31,0xC7,0x31,0xC7,0x31,0xC7,0x31,0xC7,0x31,0xC7,0x31,
    0xC7,0x31,0xC7,0x31,0xC7,0x31,0xC7,0x31,0xC7,0x31,0xC7,0x31,0xC7,0x31,0xC7,0x31,
    0xC7,0x31,0xC7,0x31,0xC7,0x31,0xC7,0x31,0xC7,0x31,0xC7,0x31,0xC7,0x31,0xC7,0x31,
    0xC7,0x31,0xC7,0x31,0xC7,0x31,0xC7,0x31,0xC7,0x31,0xC7,0x31,0xC7,0x31,0xC7,0x31,
    0xC7,0x31,0xC7,0x31,0xC7,0x31,0xC7,0x31,0xC7,0x31,0xC7,0x31,0xC7,0x31,0xC7,0x31,
    0xC7,0x31,0xC7,0x31,0xC7,0x31,0xC7,0x31,0xC7,0x31,0xC7,0x31,0xC7,0x31,0xC7,0x31,
    0xC7,0x31,0xC7,0x31,0xC7,0x31,0xC7,0x31,0xC7,0x31,0xC7,0x31,0xC7,0x31,0xC7,0x31,
    0xC7,0x31,0xC7,0x31,0xC7,0x31,0xC7,0x31,0xC7,0x31,0xC7,0x31,0xC7,0x31,0xC7,0x31,
    0xC7,0x31,0xC7,0x31,0xC7,0x31,0xC7,0x31,0xC7,0x31,0xC7,0x31,0xC7,0x31,0xC7,0x31,
    0xC7,0x31,0xC7,0x31,0xC7,0x31,0xC7,0x31,0xC7,0x31,0xC7,0x31,0xC7,0x31,0xC7,0x31,
    0xC7,0x31,0xC7,0x31,0xC7,0x31,0xC7,0x31,0xC7,0x31,0xC7,0x31,0xC7,0x31,0xC7,0x31,
    0xC7,0x31,0xC7,0x31,0xC7,0x31,0xC7,0x31,0xC7,0x31,0xC7,0x31,0xC7,0x31,0xC7,0x31,
    0xC7,0x31,0xC7,0x31,0xC7,0x31,0xC7,0x31,0xC7,0x31,0xC7,0x31,0xC7,0x31,0xC7,0x31,
    0xC7,0x31,0xC7,0x31,0xC7,0x31,0xC7,0x31,0xC7,0x31,0xC7,0x31,0xC7,0x31,0xC7,0x31,
    0xC7,0x31,0xC7,0x31,0xC7,0x31,0xC7,0x31,0xC7,0x31,0xC7,0x31,0xC7,0x31,0xC7,0x31,
    0xC7,0x31,0xC7,0x31,0xC7,0x31,0xC7,0x31,0xC7,0x31,0xC7,0x31,0xC7,0x31,0xC7,0x31,
    0xC7,0x31,0xC7,0x31,0xC7,0x31,0xC7,0x31,0xC7,0x31,0xC7,0x31,0xC7,0x31,0xC7,0x31,
    0xC7,0x31,0xC7,0x31,0xC7,0x31,0xC7,0x31,0xC7,0x31,0xC7,0x31,0xC7,0x31,0xC7,0x31,
    0xC7,0x31,0xC7,0x31,0xC7,0x31,0xC7,0x31,0xC7,0x31,0xC7,0x31,0xC7,0x31,0xC7,0x31,
    0xC7,0x31,0xC7,0x31,0xC7,0x31,0xC7,0x31,0xC7,0x31,0xC7,0x31,0xC7,0x31,0xC7,0x31,
    0xC7,0x31,0xC7,0x31,0xC7,0x31,0xC7,0x31,0xC7,0x31,0xC7,0x31,0xC7,0x31,0xC7,0x31,
    0xC7,0x31,0xC7,0x31,0xC7,0x31,0xC7,0x31,0xC7,0x31,0xC7,0x31,0xC7,0x31,0xC7,0x31,
    0xC7,0x31,0xC7,0x31,0xC7,0x31,0xC7,0x31,0xC7,0x31,0xC7,0x31,0xC7,0x31,0xC7,0x31,
    0xC7,0x31,0xC7,0x31,0xC7,0x31,0xC7,0x31,0xC7,0x31,0xC7,0x31,0xC7,0x31,0xC7,0x31,
    0xC7,0x31,0xC7,0x31,0xC7,0x31,0xC7,0x31,0xC7,0x31,0xC7,0x31,0xC7,0x31,0xC7,0x31,
    0xC7,0x31,0xC7,0x31,0xC7,0x31,0xC7,0x31,0xC7,0x31,0xC7,0x31,0xC7,0x31,0xC7,0x31,
    0xC7,0x31,0xC7,0x31,0xC7,0x31,0xC7,0x31,0xC7,0x31,0xC7,0x31,0xC7,0x31,0xC7,0x31,
    0xC7,0x31,0xC7,0x31,0xC7,0x31,0xC7,0x31,0xC7,0x31,0xC7,0x31,0xC7,0x31,0xC7,0x31,
    0xC7,0x31,0xC7,0x31,0xC7,0x31,0xC7,0x31,0xC7,0x31,0xC7,0x31,0xC7,0x31,0xC7,0x31,
    0xC7,0x31,0xC7,0x31,0xC7,0x31,0xC7,0x31,0xC7,0x31,0xC7,0x31,0xC7,0x31,0xC7,0x31,
    0xC7,0x31,0xC7,0x31,0xC7,0x31,0xC7,0x31,0xC7,0x31,0xC7,0x31,0xC7,0x31,0xC7,0x31,
    0xC7,0x31,0xC7,0x31,0xC7,0x31,0xC7,0x31,0xC7,0x31,0xC7,0x31,0xC7,0x31,0xC7,0x31,
    0xC7,0x31,0xC7,0x31,0xC7,0x31,0xC7,0x31,0xC7,0x31,0xC7,0x31,0xC7,0x31,0xC7,0x31,
    0xC7,0x31,0xC7,0x31,0xC7,0x31,0xC7,0x31,0xC7,0x31,0xC7,0x31,0xC7,0x31,0xC7,0x31,
    0xC7,0x31,0xC7,0x31,0xC7,0x31,0xC7,0x31,0xC7,0x31,0xC7,0x31,0xC7,0x31,0xC7,0x31,
    0xC7,0x31,0xC7,0x31,0xC7,0x31,0xC7,0x31,0xC7,0x31,0xC7,0x31,0xC7,0x31,0xC7,0x31,
    0xC7,0x31,0xC7,0x31,0xC7,0x31,0xC7,0x31,0xC7,0x31,0xC7,0x31,0xC7,0x31,0xC7,0x31,
    0xC7,0x31,0xC7,0x31,0xC7,0x31,0xC7,0x31,0xC7,0x31,0xC7,0x31,0xC7,0x31,0xC7,0x31,
    0xC7,0x31,0xC7,0x31,0xC7,0x31,0xC7,0x31,0xC7,0x31,0xC7,0x31,0xC7,0x31,0xC7,0x31,
    0xC7,0x31,0xC7,0x31,0xC7,0x31,0xC7,0x31,0xC7,0x31,0xC7,0x31,0xC7,0x31,0xC7,0x31,
    0xC7,0x31,0xC7,0x31,0xC7,0x31,0xC7,0x31,0xC7,0x31,0xC7,0x31,0xC7,0x31,0xC7,0x31,
    0xC7,0x31,0xC7,0x31,0xC7,0x31,0xC7,0x31,0xC7,0x31,0xC7,0x31,0xC7,0x31,0xC7,0x31,
    0xC7,0x31,0xC7,0x31,0xC7,0x31,0xC7,0x31,0xC7,0x31,0xC7,0x31,0xC7,0x31,0xC7,0x31,
    0xC7,0x31,0xC7,0x31,0xC7,0x31,0xC7,0x31,0xC7,0x31,0xC7,0x31,0xC7,0x31,0xC7,0x31,
    0xC7,0x31,0xC7,0x31,0xC7,0x31,0xC7,0x31,0xC7,0x31,0xC7,0x31,0xC7,0x31,0xC7,0x31,
    0xC7,0x31,0xC7,0x31,0xC7,0x31,0xC7,0x31,0xC7,0x31,0xC7,0x31,0xC7,0x31,0xC7,0x31,
    0xC7,0x31,0xC7,0x31,0xC7,0x31,0xC7,0x31,0xC7,0x31,0xC7,0x31,0xC7,0x31,0xC7,0x31,
    0xC7,0x31,0xC7,0x31,0xC7,0x31,0xC7,0x31,0xC7,0x31,0xC7,0x31,0xC7,0x31,0xC7,0x31,
    0xC7,0x31,0xC7,0x31,0xC7,0x31,0xC7,0x31,0xC7,0x31,0xC7,0x31,0xC7,0x31,0xC7,0x31,
    0xC7,0x31,0xC7,0x31,0xC7,0x31,0xC7,0x31,0xC7,0x31,0xC7,0x31,0xC7,0x31,0xC7,0x31,
    0xC7,0x31,0xC7,0x31,0xC7,0x31,0xC7,0x31,0xC7,0x31,0xC7,0x31,0xC7,0x31,0xC7,0x31,
    0xC7,0x31,0xC7,0x31,0xC7,0x31,0xC7,0x31,0xC7,0x31,0xC7,0x31,0xC7,0x31,0xC7,0x31,
    0xC7,0x31,0xC7,0x31,0xC7,0x31,0xC7,0x31,0xC7,0x31,0xC7,0x31,0xC7,0x31,0xC7,0x31,
    0xC7,0x31,0xC7,0x31,0xC7,0x31,0xC7,0x31,0xC7,0x31,0xC7,0x31,0xC7,0x31,0xC7,0x31,
    0xC7,0x31,0xC7,0x31,0xC7,0x31,0xC7,0x31,0xC7,0x31,0xC7,0x31,0xC7,0x31,0xC7,0x31,
    0xC7,0x31,0xC7,0x31,0xC7,0x31,0xC7,0x31,0xC7,0x31,0xC7,0x31,0xC7,0x31,0xC7,0x31,
    0xC7,0x31,0xC7,0x31,0xC7,0x31,0xC7,0x31,0xC7,0x31,0xC7,0x31,0xC7,0x31,0xC7,0x31,
    0xC7,0x31,0xC7,0x31,0xC7,0x31,0xC7,0x31,0xC7,0x31,0xC7,0x31,0xC7,0x31,0xC7,0x31,
    0xC7,0x31,0xC7,0x31,0xC7,0x31,0xC7,0x31,0xC7,0x31,0xC7,0x31,0xC7,0x31,0xC7,0x31,
    0xC7,0x31,0xC7,0x31,0xC7,0x31,0xC7,0x31,0xC7,0x31,0xC7,0x31,0xC7,0x31,0xC7,0x31,
    0xC7,0x31,0xC7,0x31,0xC7,0x31,0xC7,0x31,0xC7,0x31,0xC7,0x31,0xC7,0x31,0xC7,0x31,
    0xC7,0x31,0xC7,0x31,0xC7,0x31,0xC7,0x31,0xC7,0x31,0xC7,0x31,0xC7,0x31,0xC7,0x31,
};

const lv_image_dsc_t rf_device_yunzhuo_t12_detail = {
    .header.magic = LV_IMAGE_HEADER_MAGIC,
    .header.cf = LV_COLOR_FORMAT_RGB565,
    .header.flags = 0,
    .header.w = 128,
    .header.h = 112,
    .header.stride = 256,
    .data_size = sizeof(rf_device_yunzhuo_t12_detail_map),
    .data = rf_device_yunzhuo_t12_detail_map,
};
