#include "rf_v21_model_data.h"

#ifndef RF_V21_ALIGN
#define RF_V21_ALIGN __attribute__((aligned(16)))
#endif

#ifndef RF_V21_COMMAND_SECTION
#define RF_V21_COMMAND_SECTION
#endif

#ifndef RF_V21_WEIGHT_SECTION
#define RF_V21_WEIGHT_SECTION
#endif

static const uint8_t g_rf_v21_v20_video_command[RF_V21_V20_VIDEO_COMMAND_BYTES]
    RF_V21_ALIGN RF_V21_COMMAND_SECTION = {
    0x43, 0x4f, 0x50, 0x31, 0x01, 0x00, 0x10, 0x00, 0x08, 0x30, 0x00, 0x00,
    0x01, 0x60, 0x06, 0x10, 0x05, 0x00, 0x00, 0x00, 0x05, 0x00, 0x00, 0x00,
    0x05, 0x00, 0x00, 0x00, 0x02, 0x00, 0x5b, 0x19, 0x0f, 0x01, 0x01, 0x00,
    0x00, 0x40, 0x00, 0x00, 0xe0, 0xb8, 0x00, 0x00, 0x01, 0x40, 0x00, 0x00,
    0x00, 0x00, 0x00, 0x00, 0x02, 0x40, 0x00, 0x00, 0x00, 0x00, 0x00, 0x00,
    0x03, 0x40, 0x00, 0x00, 0x00, 0x00, 0x00, 0x00, 0x0b, 0x01, 0x01, 0x00,
    0x0c, 0x01, 0x01, 0x00, 0x0a, 0x01, 0x72, 0x00, 0x04, 0x01, 0x03, 0x00,
    0x05, 0x40, 0x00, 0x00, 0xcc, 0x01, 0x00, 0x00, 0x04, 0x40, 0x00, 0x00,
    0x04, 0x00, 0x00, 0x00, 0x06, 0x40, 0x00, 0x00, 0x01, 0x00, 0x00, 0x00,
    0x09, 0x01, 0xff, 0xff, 0x05, 0x01, 0x01, 0x00, 0x07, 0x01, 0x00, 0x00,
    0x00, 0x01, 0x01, 0x00, 0x01, 0x01, 0x01, 0x00, 0x03, 0x01, 0x00, 0x00,
    0x02, 0x01, 0x01, 0x00, 0x1f, 0x01, 0x01, 0x00, 0x10, 0x40, 0x00, 0x00,
    0x70, 0x27, 0x02, 0x00, 0x11, 0x40, 0x00, 0x00, 0x00, 0x00, 0x00, 0x00,
    0x12, 0x40, 0x00, 0x00, 0x00, 0x00, 0x00, 0x00, 0x13, 0x40, 0x00, 0x00,
    0x00, 0x00, 0x00, 0x00, 0x12, 0x01, 0x00, 0x00, 0x11, 0x01, 0x72, 0x00,
    0x1b, 0x01, 0x00, 0x00, 0x1c, 0x01, 0x00, 0x00, 0x1a, 0x01, 0x72, 0x00,
    0x13, 0x01, 0x07, 0x00, 0x15, 0x40, 0x00, 0x00, 0x30, 0x07, 0x00, 0x00,
    0x14, 0x40, 0x00, 0x00, 0x10, 0x00, 0x00, 0x00, 0x16, 0x40, 0x00, 0x00,
    0x30, 0x07, 0x00, 0x00, 0x18, 0x01, 0x80, 0xff, 0x14, 0x01, 0x41, 0x00,
    0x21, 0x01, 0x02, 0x00, 0x20, 0x01, 0x02, 0x00, 0x22, 0x01, 0x06, 0x00,
    0x28, 0x01, 0x00, 0x00, 0x20, 0x40, 0x00, 0x00, 0x50, 0x00, 0x00, 0x00,
    0x21, 0x40, 0x00, 0x00, 0x90, 0x01, 0x00, 0x00, 0x29, 0x01, 0x00, 0x00,
    0x22, 0x40, 0x00, 0x00, 0x00, 0x00, 0x00, 0x00, 0x23, 0x40, 0x00, 0x00,
    0x50, 0x00, 0x00, 0x00, 0x25, 0x01, 0x00, 0x00, 0x26, 0x01, 0x80, 0xff,
    0x27, 0x01, 0x7f, 0x00, 0x16, 0x01, 0x01, 0x00, 0x15, 0x01, 0x3f, 0x00,
    0x17, 0x01, 0x07, 0x00, 0x0d, 0x01, 0x0a, 0x00, 0x2d, 0x01, 0x1e, 0x00,
    0x24, 0x01, 0x00, 0x00, 0x2f, 0x01, 0x00, 0x00, 0x02, 0x00, 0x00, 0x00,
    0x00, 0x40, 0x00, 0x00, 0xac, 0xba, 0x00, 0x00, 0x0b, 0x01, 0x02, 0x00,
    0x0c, 0x01, 0x02, 0x00, 0x00, 0x01, 0x00, 0x00, 0x10, 0x40, 0x00, 0x00,
    0xa0, 0x2e, 0x02, 0x00, 0x2f, 0x01, 0x03, 0x00, 0x02, 0x00, 0x00, 0x00,
    0x00, 0x40, 0x00, 0x00, 0x44, 0xbe, 0x00, 0x00, 0x10, 0x40, 0x00, 0x00,
    0xd0, 0x35, 0x02, 0x00, 0x02, 0x00, 0x00, 0x00, 0x00, 0x40, 0x00, 0x00,
    0xdc, 0xc1, 0x00, 0x00, 0x10, 0x40, 0x00, 0x00, 0x00, 0x3d, 0x02, 0x00,
    0x02, 0x00, 0x00, 0x00, 0x00, 0x40, 0x00, 0x00, 0x74, 0xc5, 0x00, 0x00,
    0x10, 0x40, 0x00, 0x00, 0x30, 0x44, 0x02, 0x00, 0x02, 0x00, 0x00, 0x00,
    0x00, 0x40, 0x00, 0x00, 0x0c, 0xc9, 0x00, 0x00, 0x10, 0x40, 0x00, 0x00,
    0x60, 0x4b, 0x02, 0x00, 0x02, 0x00, 0x00, 0x00, 0x00, 0x40, 0x00, 0x00,
    0x70, 0x27, 0x02, 0x00, 0x0b, 0x01, 0x01, 0x00, 0x0c, 0x01, 0x01, 0x00,
    0x04, 0x01, 0x07, 0x00, 0x05, 0x40, 0x00, 0x00, 0x30, 0x07, 0x00, 0x00,
    0x04, 0x40, 0x00, 0x00, 0x10, 0x00, 0x00, 0x00, 0x06, 0x40, 0x00, 0x00,
    0x30, 0x07, 0x00, 0x00, 0x09, 0x01, 0x80, 0xff, 0x05, 0x01, 0x41, 0x00,
    0x00, 0x01, 0x01, 0x00, 0x10, 0x40, 0x00, 0x00, 0x50, 0x68, 0x02, 0x00,
    0x11, 0x01, 0x39, 0x00, 0x1a, 0x01, 0x39, 0x00, 0x15, 0x40, 0x00, 0x00,
    0xa0, 0x03, 0x00, 0x00, 0x16, 0x40, 0x00, 0x00, 0xa0, 0x03, 0x00, 0x00,
    0x22, 0x01, 0x01, 0x00, 0x20, 0x40, 0x00, 0x00, 0x30, 0x02, 0x00, 0x00,
    0x21, 0x40, 0x00, 0x00, 0x80, 0x00, 0x00, 0x00, 0x22, 0x40, 0x00, 0x00,
    0xe0, 0x01, 0x00, 0x00, 0x15, 0x01, 0x39, 0x00, 0x2f, 0x01, 0x01, 0x00,
    0x03, 0x00, 0x00, 0x00, 0x0b, 0x01, 0x02, 0x00, 0x0c, 0x01, 0x02, 0x00,
    0x00, 0x01, 0x00, 0x00, 0x10, 0x40, 0x00, 0x00, 0xf0, 0x6b, 0x02, 0x00,
    0x2f, 0x01, 0x03, 0x00, 0x03, 0x00, 0x00, 0x00, 0x00, 0x40, 0x00, 0x00,
    0xa0, 0x2e, 0x02, 0x00, 0x10, 0x40, 0x00, 0x00, 0x90, 0x6f, 0x02, 0x00,
    0x03, 0x00, 0x00, 0x00, 0x00, 0x40, 0x00, 0x00, 0xd0, 0x35, 0x02, 0x00,
    0x10, 0x40, 0x00, 0x00, 0x30, 0x73, 0x02, 0x00, 0x03, 0x00, 0x00, 0x00,
    0x00, 0x40, 0x00, 0x00, 0x50, 0x68, 0x02, 0x00, 0x0b, 0x01, 0x01, 0x00,
    0x0c, 0x01, 0x01, 0x00, 0x0a, 0x01, 0x39, 0x00, 0x05, 0x40, 0x00, 0x00,
    0xa0, 0x03, 0x00, 0x00, 0x06, 0x40, 0x00, 0x00, 0xa0, 0x03, 0x00, 0x00,
    0x01, 0x01, 0x00, 0x00, 0x02, 0x01, 0x00, 0x00, 0x10, 0x40, 0x00, 0x00,
    0x90, 0x52, 0x02, 0x00, 0x12, 0x01, 0x01, 0x00, 0x1b, 0x01, 0x01, 0x00,
    0x1c, 0x01, 0x01, 0x00, 0x13, 0x01, 0x0b, 0x00, 0x21, 0x01, 0x00, 0x00,
    0x20, 0x01, 0x00, 0x00, 0x22, 0x01, 0x04, 0x00, 0x20, 0x40, 0x00, 0x00,
    0x30, 0x03, 0x00, 0x00, 0x21, 0x40, 0x00, 0x00, 0xd0, 0x00, 0x00, 0x00,
    0x22, 0x40, 0x00, 0x00, 0xb0, 0x02, 0x00, 0x00, 0x23, 0x40, 0x00, 0x00,
    0x80, 0x00, 0x00, 0x00, 0x17, 0x01, 0x0f, 0x00, 0x2f, 0x01, 0x01, 0x00,
    0x02, 0x00, 0x00, 0x00, 0x00, 0x40, 0x00, 0x00, 0x90, 0x6f, 0x02, 0x00,
    0x10, 0x40, 0x00, 0x00, 0xd0, 0x59, 0x02, 0x00, 0x2f, 0x01, 0x03, 0x00,
    0x02, 0x00, 0x00, 0x00, 0x00, 0x40, 0x00, 0x00, 0x00, 0x3d, 0x02, 0x00,
    0x0b, 0x01, 0x02, 0x00, 0x0c, 0x01, 0x02, 0x00, 0x0a, 0x01, 0x72, 0x00,
    0x05, 0x40, 0x00, 0x00, 0x30, 0x07, 0x00, 0x00, 0x06, 0x40, 0x00, 0x00,
    0x30, 0x07, 0x00, 0x00, 0x01, 0x01, 0x01, 0x00, 0x02, 0x01, 0x01, 0x00,
    0x10, 0x40, 0x00, 0x00, 0x50, 0x68, 0x02, 0x00, 0x12, 0x01, 0x00, 0x00,
    0x1b, 0x01, 0x00, 0x00, 0x1c, 0x01, 0x00, 0x00, 0x13, 0x01, 0x07, 0x00,
    0x21, 0x01, 0x02, 0x00, 0x20, 0x01, 0x02, 0x00, 0x22, 0x01, 0x01, 0x00,
    0x20, 0x40, 0x00, 0x00, 0x30, 0x02, 0x00, 0x00, 0x21, 0x40, 0x00, 0x00,
    0x80, 0x00, 0x00, 0x00, 0x22, 0x40, 0x00, 0x00, 0xe0, 0x01, 0x00, 0x00,
    0x23, 0x40, 0x00, 0x00, 0x50, 0x00, 0x00, 0x00, 0x17, 0x01, 0x07, 0x00,
    0x03, 0x00, 0x00, 0x00, 0x00, 0x40, 0x00, 0x00, 0xa4, 0xcc, 0x00, 0x00,
    0x04, 0x01, 0x03, 0x00, 0x05, 0x40, 0x00, 0x00, 0xcc, 0x01, 0x00, 0x00,
    0x04, 0x40, 0x00, 0x00, 0x04, 0x00, 0x00, 0x00, 0x06, 0x40, 0x00, 0x00,
    0x01, 0x00, 0x00, 0x00, 0x09, 0x01, 0xff, 0xff, 0x05, 0x01, 0x01, 0x00,
    0x10, 0x40, 0x00, 0x00, 0x70, 0x27, 0x02, 0x00, 0x11, 0x01, 0x72, 0x00,
    0x1a, 0x01, 0x72, 0x00, 0x15, 0x40, 0x00, 0x00, 0x30, 0x07, 0x00, 0x00,
    0x16, 0x40, 0x00, 0x00, 0x30, 0x07, 0x00, 0x00, 0x22, 0x01, 0x06, 0x00,
    0x20, 0x40, 0x00, 0x00, 0x50, 0x00, 0x00, 0x00, 0x21, 0x40, 0x00, 0x00,
    0x90, 0x01, 0x00, 0x00, 0x22, 0x40, 0x00, 0x00, 0x00, 0x00, 0x00, 0x00,
    0x15, 0x01, 0x3f, 0x00, 0x02, 0x00, 0x00, 0x00, 0x00, 0x40, 0x00, 0x00,
    0x3c, 0xd0, 0x00, 0x00, 0x10, 0x40, 0x00, 0x00, 0xa0, 0x2e, 0x02, 0x00,
    0x02, 0x00, 0x00, 0x00, 0x00, 0x40, 0x00, 0x00, 0xd4, 0xd3, 0x00, 0x00,
    0x10, 0x40, 0x00, 0x00, 0xd0, 0x35, 0x02, 0x00, 0x02, 0x00, 0x00, 0x00,
    0x00, 0x40, 0x00, 0x00, 0x6c, 0xd7, 0x00, 0x00, 0x10, 0x40, 0x00, 0x00,
    0x00, 0x3d, 0x02, 0x00, 0x02, 0x00, 0x00, 0x00, 0x00, 0x40, 0x00, 0x00,
    0x30, 0x44, 0x02, 0x00, 0x02, 0x40, 0x00, 0x00, 0x70, 0x27, 0x02, 0x00,
    0x0b, 0x01, 0x01, 0x00, 0x0c, 0x01, 0x01, 0x00, 0x04, 0x01, 0x07, 0x00,
    0x05, 0x40, 0x00, 0x00, 0x30, 0x07, 0x00, 0x00, 0x04, 0x40, 0x00, 0x00,
    0x10, 0x00, 0x00, 0x00, 0x06, 0x40, 0x00, 0x00, 0x30, 0x07, 0x00, 0x00,
    0x09, 0x01, 0x80, 0xff, 0x05, 0x01, 0x41, 0x00, 0x10, 0x40, 0x00, 0x00,
    0xf0, 0x6b, 0x02, 0x00, 0x11, 0x01, 0x39, 0x00, 0x1a, 0x01, 0x39, 0x00,
    0x15, 0x40, 0x00, 0x00, 0xa0, 0x03, 0x00, 0x00, 0x16, 0x40, 0x00, 0x00,
    0xa0, 0x03, 0x00, 0x00, 0x22, 0x01, 0x01, 0x00, 0x20, 0x40, 0x00, 0x00,
    0x30, 0x02, 0x00, 0x00, 0x21, 0x40, 0x00, 0x00, 0x80, 0x00, 0x00, 0x00,
    0x22, 0x40, 0x00, 0x00, 0xe0, 0x01, 0x00, 0x00, 0x15, 0x01, 0x39, 0x00,
    0x2f, 0x01, 0x01, 0x00, 0x03, 0x00, 0x00, 0x00, 0x00, 0x40, 0x00, 0x00,
    0x60, 0x4b, 0x02, 0x00, 0x0b, 0x01, 0x00, 0x00, 0x0c, 0x01, 0x00, 0x00,
    0x10, 0x40, 0x00, 0x00, 0x90, 0x6f, 0x02, 0x00, 0x2f, 0x01, 0x03, 0x00,
    0x03, 0x00, 0x00, 0x00, 0x00, 0x40, 0x00, 0x00, 0x70, 0x27, 0x02, 0x00,
    0x02, 0x40, 0x00, 0x00, 0x00, 0x00, 0x00, 0x00, 0x0b, 0x01, 0x02, 0x00,
    0x0c, 0x01, 0x02, 0x00, 0x10, 0x40, 0x00, 0x00, 0x30, 0x73, 0x02, 0x00,
    0x03, 0x00, 0x00, 0x00, 0x00, 0x40, 0x00, 0x00, 0x50, 0x68, 0x02, 0x00,
    0x0b, 0x01, 0x01, 0x00, 0x0c, 0x01, 0x01, 0x00, 0x0a, 0x01, 0x39, 0x00,
    0x05, 0x40, 0x00, 0x00, 0xa0, 0x03, 0x00, 0x00, 0x06, 0x40, 0x00, 0x00,
    0xa0, 0x03, 0x00, 0x00, 0x01, 0x01, 0x00, 0x00, 0x02, 0x01, 0x00, 0x00,
    0x10, 0x40, 0x00, 0x00, 0x10, 0x61, 0x02, 0x00, 0x12, 0x01, 0x01, 0x00,
    0x1b, 0x01, 0x01, 0x00, 0x1c, 0x01, 0x01, 0x00, 0x13, 0x01, 0x0b, 0x00,
    0x21, 0x01, 0x00, 0x00, 0x20, 0x01, 0x00, 0x00, 0x22, 0x01, 0x04, 0x00,
    0x20, 0x40, 0x00, 0x00, 0x30, 0x03, 0x00, 0x00, 0x21, 0x40, 0x00, 0x00,
    0xd0, 0x00, 0x00, 0x00, 0x22, 0x40, 0x00, 0x00, 0xb0, 0x02, 0x00, 0x00,
    0x23, 0x40, 0x00, 0x00, 0x80, 0x00, 0x00, 0x00, 0x17, 0x01, 0x0f, 0x00,
    0x2f, 0x01, 0x01, 0x00, 0x02, 0x00, 0x00, 0x00, 0x00, 0x40, 0x00, 0x00,
    0x90, 0x52, 0x02, 0x00, 0x04, 0x01, 0x0b, 0x00, 0x00, 0x01, 0x01, 0x00,
    0x10, 0x40, 0x00, 0x00, 0x00, 0x00, 0x00, 0x00, 0x12, 0x01, 0x00, 0x00,
    0x1b, 0x01, 0x00, 0x00, 0x1c, 0x01, 0x00, 0x00, 0x21, 0x01, 0x02, 0x00,
    0x22, 0x01, 0x02, 0x00, 0x20, 0x40, 0x00, 0x00, 0x80, 0x04, 0x00, 0x00,
    0x21, 0x40, 0x00, 0x00, 0x40, 0x00, 0x00, 0x00, 0x22, 0x40, 0x00, 0x00,
    0x00, 0x04, 0x00, 0x00, 0x0d, 0x01, 0x12, 0x00, 0x03, 0x00, 0x00, 0x00,
    0x00, 0x40, 0x00, 0x00, 0x30, 0x56, 0x02, 0x00, 0x0b, 0x01, 0x02, 0x00,
    0x0c, 0x01, 0x02, 0x00, 0x00, 0x01, 0x00, 0x00, 0x10, 0x40, 0x00, 0x00,
    0xa0, 0x03, 0x00, 0x00, 0x2f, 0x01, 0x03, 0x00, 0x03, 0x00, 0x00, 0x00,
    0x00, 0x40, 0x00, 0x00, 0x70, 0x5d, 0x02, 0x00, 0x10, 0x40, 0x00, 0x00,
    0x40, 0x07, 0x00, 0x00, 0x03, 0x00, 0x00, 0x00, 0x00, 0x40, 0x00, 0x00,
    0x90, 0x6f, 0x02, 0x00, 0x0b, 0x01, 0x01, 0x00, 0x0c, 0x01, 0x01, 0x00,
    0x04, 0x01, 0x07, 0x00, 0x10, 0x40, 0x00, 0x00, 0x90, 0x52, 0x02, 0x00,
    0x12, 0x01, 0x01, 0x00, 0x1b, 0x01, 0x01, 0x00, 0x1c, 0x01, 0x01, 0x00,
    0x21, 0x01, 0x00, 0x00, 0x22, 0x01, 0x04, 0x00, 0x20, 0x40, 0x00, 0x00,
    0x30, 0x03, 0x00, 0x00, 0x21, 0x40, 0x00, 0x00, 0xd0, 0x00, 0x00, 0x00,
    0x22, 0x40, 0x00, 0x00, 0xb0, 0x02, 0x00, 0x00, 0x0d, 0x01, 0x0a, 0x00,
    0x02, 0x00, 0x00, 0x00, 0x00, 0x40, 0x00, 0x00, 0xa0, 0x2e, 0x02, 0x00,
    0x0b, 0x01, 0x02, 0x00, 0x0c, 0x01, 0x02, 0x00, 0x0a, 0x01, 0x72, 0x00,
    0x05, 0x40, 0x00, 0x00, 0x30, 0x07, 0x00, 0x00, 0x06, 0x40, 0x00, 0x00,
    0x30, 0x07, 0x00, 0x00, 0x01, 0x01, 0x01, 0x00, 0x02, 0x01, 0x01, 0x00,
    0x10, 0x40, 0x00, 0x00, 0x50, 0x68, 0x02, 0x00, 0x12, 0x01, 0x00, 0x00,
    0x1b, 0x01, 0x00, 0x00, 0x1c, 0x01, 0x00, 0x00, 0x13, 0x01, 0x07, 0x00,
    0x21, 0x01, 0x02, 0x00, 0x20, 0x01, 0x02, 0x00, 0x22, 0x01, 0x01, 0x00,
    0x20, 0x40, 0x00, 0x00, 0x30, 0x02, 0x00, 0x00, 0x21, 0x40, 0x00, 0x00,
    0x80, 0x00, 0x00, 0x00, 0x22, 0x40, 0x00, 0x00, 0xe0, 0x01, 0x00, 0x00,
    0x23, 0x40, 0x00, 0x00, 0x50, 0x00, 0x00, 0x00, 0x17, 0x01, 0x07, 0x00,
    0x03, 0x00, 0x00, 0x00, 0x00, 0x40, 0x00, 0x00, 0x04, 0xdb, 0x00, 0x00,
    0x04, 0x01, 0x03, 0x00, 0x05, 0x40, 0x00, 0x00, 0xcc, 0x01, 0x00, 0x00,
    0x04, 0x40, 0x00, 0x00, 0x04, 0x00, 0x00, 0x00, 0x06, 0x40, 0x00, 0x00,
    0x01, 0x00, 0x00, 0x00, 0x09, 0x01, 0xff, 0xff, 0x05, 0x01, 0x01, 0x00,
    0x10, 0x40, 0x00, 0x00, 0x30, 0x44, 0x02, 0x00, 0x11, 0x01, 0x72, 0x00,
    0x1a, 0x01, 0x72, 0x00, 0x15, 0x40, 0x00, 0x00, 0x30, 0x07, 0x00, 0x00,
    0x16, 0x40, 0x00, 0x00, 0x30, 0x07, 0x00, 0x00, 0x22, 0x01, 0x06, 0x00,
    0x20, 0x40, 0x00, 0x00, 0x50, 0x00, 0x00, 0x00, 0x21, 0x40, 0x00, 0x00,
    0x90, 0x01, 0x00, 0x00, 0x22, 0x40, 0x00, 0x00, 0x00, 0x00, 0x00, 0x00,
    0x15, 0x01, 0x3f, 0x00, 0x02, 0x00, 0x00, 0x00, 0x00, 0x40, 0x00, 0x00,
    0x9c, 0xde, 0x00, 0x00, 0x10, 0x40, 0x00, 0x00, 0x60, 0x4b, 0x02, 0x00,
    0x02, 0x00, 0x00, 0x00, 0x00, 0x40, 0x00, 0x00, 0x34, 0xe2, 0x00, 0x00,
    0x10, 0x40, 0x00, 0x00, 0x70, 0x27, 0x02, 0x00, 0x02, 0x00, 0x00, 0x00,
    0x00, 0x40, 0x00, 0x00, 0xcc, 0xe5, 0x00, 0x00, 0x10, 0x40, 0x00, 0x00,
    0xa0, 0x2e, 0x02, 0x00, 0x02, 0x00, 0x00, 0x00, 0x00, 0x40, 0x00, 0x00,
    0xd0, 0x35, 0x02, 0x00, 0x04, 0x01, 0x07, 0x00, 0x05, 0x40, 0x00, 0x00,
    0x30, 0x07, 0x00, 0x00, 0x04, 0x40, 0x00, 0x00, 0x10, 0x00, 0x00, 0x00,
    0x06, 0x40, 0x00, 0x00, 0x30, 0x07, 0x00, 0x00, 0x09, 0x01, 0x80, 0xff,
    0x05, 0x01, 0x41, 0x00, 0x10, 0x40, 0x00, 0x00, 0xf0, 0x6b, 0x02, 0x00,
    0x11, 0x01, 0x39, 0x00, 0x1a, 0x01, 0x39, 0x00, 0x15, 0x40, 0x00, 0x00,
    0xa0, 0x03, 0x00, 0x00, 0x16, 0x40, 0x00, 0x00, 0xa0, 0x03, 0x00, 0x00,
    0x22, 0x01, 0x01, 0x00, 0x20, 0x40, 0x00, 0x00, 0x30, 0x02, 0x00, 0x00,
    0x21, 0x40, 0x00, 0x00, 0x80, 0x00, 0x00, 0x00, 0x22, 0x40, 0x00, 0x00,
    0xe0, 0x01, 0x00, 0x00, 0x15, 0x01, 0x39, 0x00, 0x2f, 0x01, 0x01, 0x00,
    0x03, 0x00, 0x00, 0x00, 0x00, 0x40, 0x00, 0x00, 0x00, 0x3d, 0x02, 0x00,
    0x10, 0x40, 0x00, 0x00, 0x90, 0x6f, 0x02, 0x00, 0x2f, 0x01, 0x03, 0x00,
    0x03, 0x00, 0x00, 0x00, 0x00, 0x40, 0x00, 0x00, 0x30, 0x44, 0x02, 0x00,
    0x02, 0x40, 0x00, 0x00, 0x70, 0x27, 0x02, 0x00, 0x0b, 0x01, 0x01, 0x00,
    0x0c, 0x01, 0x01, 0x00, 0x10, 0x40, 0x00, 0x00, 0x30, 0x73, 0x02, 0x00,
    0x03, 0x00, 0x00, 0x00, 0x00, 0x40, 0x00, 0x00, 0x50, 0x68, 0x02, 0x00,
    0x02, 0x40, 0x00, 0x00, 0x00, 0x00, 0x00, 0x00, 0x0a, 0x01, 0x39, 0x00,
    0x05, 0x40, 0x00, 0x00, 0xa0, 0x03, 0x00, 0x00, 0x06, 0x40, 0x00, 0x00,
    0xa0, 0x03, 0x00, 0x00, 0x01, 0x01, 0x00, 0x00, 0x02, 0x01, 0x00, 0x00,
    0x10, 0x40, 0x00, 0x00, 0xd0, 0x59, 0x02, 0x00, 0x12, 0x01, 0x01, 0x00,
    0x1b, 0x01, 0x01, 0x00, 0x1c, 0x01, 0x01, 0x00, 0x13, 0x01, 0x0b, 0x00,
    0x21, 0x01, 0x00, 0x00, 0x20, 0x01, 0x00, 0x00, 0x22, 0x01, 0x04, 0x00,
    0x20, 0x40, 0x00, 0x00, 0x30, 0x03, 0x00, 0x00, 0x21, 0x40, 0x00, 0x00,
    0xd0, 0x00, 0x00, 0x00, 0x22, 0x40, 0x00, 0x00, 0xb0, 0x02, 0x00, 0x00,
    0x23, 0x40, 0x00, 0x00, 0x80, 0x00, 0x00, 0x00, 0x17, 0x01, 0x0f, 0x00,
    0x2f, 0x01, 0x01, 0x00, 0x02, 0x00, 0x00, 0x00, 0x00, 0x40, 0x00, 0x00,
    0xb0, 0x64, 0x02, 0x00, 0x02, 0x40, 0x00, 0x00, 0x90, 0x52, 0x02, 0x00,
    0x0b, 0x01, 0x00, 0x00, 0x0c, 0x01, 0x00, 0x00, 0x04, 0x01, 0x0b, 0x00,
    0x10, 0x40, 0x00, 0x00, 0xe0, 0x0a, 0x00, 0x00, 0x12, 0x01, 0x00, 0x00,
    0x1b, 0x01, 0x00, 0x00, 0x1c, 0x01, 0x00, 0x00, 0x21, 0x01, 0x02, 0x00,
    0x22, 0x01, 0x02, 0x00, 0x20, 0x40, 0x00, 0x00, 0x80, 0x04, 0x00, 0x00,
    0x21, 0x40, 0x00, 0x00, 0x40, 0x00, 0x00, 0x00, 0x22, 0x40, 0x00, 0x00,
    0x00, 0x04, 0x00, 0x00, 0x0d, 0x01, 0x12, 0x00, 0x03, 0x00, 0x00, 0x00,
    0x00, 0x40, 0x00, 0x00, 0x30, 0x56, 0x02, 0x00, 0x02, 0x40, 0x00, 0x00,
    0x00, 0x00, 0x00, 0x00, 0x0b, 0x01, 0x02, 0x00, 0x0c, 0x01, 0x02, 0x00,
    0x10, 0x40, 0x00, 0x00, 0x80, 0x0e, 0x00, 0x00, 0x2f, 0x01, 0x03, 0x00,
    0x03, 0x00, 0x00, 0x00, 0x00, 0x40, 0x00, 0x00, 0x90, 0x6f, 0x02, 0x00,
    0x0b, 0x01, 0x01, 0x00, 0x0c, 0x01, 0x01, 0x00, 0x04, 0x01, 0x07, 0x00,
    0x10, 0x40, 0x00, 0x00, 0x10, 0x61, 0x02, 0x00, 0x12, 0x01, 0x01, 0x00,
    0x1b, 0x01, 0x01, 0x00, 0x1c, 0x01, 0x01, 0x00, 0x21, 0x01, 0x00, 0x00,
    0x22, 0x01, 0x04, 0x00, 0x20, 0x40, 0x00, 0x00, 0x30, 0x03, 0x00, 0x00,
    0x21, 0x40, 0x00, 0x00, 0xd0, 0x00, 0x00, 0x00, 0x22, 0x40, 0x00, 0x00,
    0xb0, 0x02, 0x00, 0x00, 0x0d, 0x01, 0x0a, 0x00, 0x02, 0x00, 0x00, 0x00,
    0x00, 0x40, 0x00, 0x00, 0x60, 0x4b, 0x02, 0x00, 0x02, 0x40, 0x00, 0x00,
    0x70, 0x27, 0x02, 0x00, 0x0b, 0x01, 0x00, 0x00, 0x0c, 0x01, 0x00, 0x00,
    0x0a, 0x01, 0x72, 0x00, 0x05, 0x40, 0x00, 0x00, 0x30, 0x07, 0x00, 0x00,
    0x06, 0x40, 0x00, 0x00, 0x30, 0x07, 0x00, 0x00, 0x01, 0x01, 0x01, 0x00,
    0x02, 0x01, 0x01, 0x00, 0x10, 0x40, 0x00, 0x00, 0x50, 0x68, 0x02, 0x00,
    0x12, 0x01, 0x00, 0x00, 0x1b, 0x01, 0x00, 0x00, 0x1c, 0x01, 0x00, 0x00,
    0x13, 0x01, 0x07, 0x00, 0x21, 0x01, 0x02, 0x00, 0x20, 0x01, 0x02, 0x00,
    0x22, 0x01, 0x01, 0x00, 0x20, 0x40, 0x00, 0x00, 0x30, 0x02, 0x00, 0x00,
    0x21, 0x40, 0x00, 0x00, 0x80, 0x00, 0x00, 0x00, 0x22, 0x40, 0x00, 0x00,
    0xe0, 0x01, 0x00, 0x00, 0x23, 0x40, 0x00, 0x00, 0x50, 0x00, 0x00, 0x00,
    0x17, 0x01, 0x07, 0x00, 0x03, 0x00, 0x00, 0x00, 0x00, 0x40, 0x00, 0x00,
    0x64, 0xe9, 0x00, 0x00, 0x02, 0x40, 0x00, 0x00, 0x00, 0x00, 0x00, 0x00,
    0x0b, 0x01, 0x02, 0x00, 0x0c, 0x01, 0x02, 0x00, 0x04, 0x01, 0x03, 0x00,
    0x05, 0x40, 0x00, 0x00, 0xcc, 0x01, 0x00, 0x00, 0x04, 0x40, 0x00, 0x00,
    0x04, 0x00, 0x00, 0x00, 0x06, 0x40, 0x00, 0x00, 0x01, 0x00, 0x00, 0x00,
    0x09, 0x01, 0xff, 0xff, 0x05, 0x01, 0x01, 0x00, 0x10, 0x40, 0x00, 0x00,
    0xd0, 0x35, 0x02, 0x00, 0x11, 0x01, 0x72, 0x00, 0x1a, 0x01, 0x72, 0x00,
    0x15, 0x40, 0x00, 0x00, 0x30, 0x07, 0x00, 0x00, 0x16, 0x40, 0x00, 0x00,
    0x30, 0x07, 0x00, 0x00, 0x22, 0x01, 0x06, 0x00, 0x20, 0x40, 0x00, 0x00,
    0x50, 0x00, 0x00, 0x00, 0x21, 0x40, 0x00, 0x00, 0x90, 0x01, 0x00, 0x00,
    0x22, 0x40, 0x00, 0x00, 0x00, 0x00, 0x00, 0x00, 0x15, 0x01, 0x3f, 0x00,
    0x02, 0x00, 0x00, 0x00, 0x00, 0x40, 0x00, 0x00, 0xfc, 0xec, 0x00, 0x00,
    0x10, 0x40, 0x00, 0x00, 0x00, 0x3d, 0x02, 0x00, 0x02, 0x00, 0x00, 0x00,
    0x00, 0x40, 0x00, 0x00, 0x94, 0xf0, 0x00, 0x00, 0x10, 0x40, 0x00, 0x00,
    0x30, 0x44, 0x02, 0x00, 0x02, 0x00, 0x00, 0x00, 0x00, 0x40, 0x00, 0x00,
    0x2c, 0xf4, 0x00, 0x00, 0x10, 0x40, 0x00, 0x00, 0x60, 0x4b, 0x02, 0x00,
    0x02, 0x00, 0x00, 0x00, 0x00, 0x40, 0x00, 0x00, 0x70, 0x27, 0x02, 0x00,
    0x04, 0x01, 0x07, 0x00, 0x05, 0x40, 0x00, 0x00, 0x30, 0x07, 0x00, 0x00,
    0x04, 0x40, 0x00, 0x00, 0x10, 0x00, 0x00, 0x00, 0x06, 0x40, 0x00, 0x00,
    0x30, 0x07, 0x00, 0x00, 0x09, 0x01, 0x80, 0xff, 0x05, 0x01, 0x41, 0x00,
    0x10, 0x40, 0x00, 0x00, 0xf0, 0x6b, 0x02, 0x00, 0x11, 0x01, 0x39, 0x00,
    0x1a, 0x01, 0x39, 0x00, 0x15, 0x40, 0x00, 0x00, 0xa0, 0x03, 0x00, 0x00,
    0x16, 0x40, 0x00, 0x00, 0xa0, 0x03, 0x00, 0x00, 0x22, 0x01, 0x01, 0x00,
    0x20, 0x40, 0x00, 0x00, 0x30, 0x02, 0x00, 0x00, 0x21, 0x40, 0x00, 0x00,
    0x80, 0x00, 0x00, 0x00, 0x22, 0x40, 0x00, 0x00, 0xe0, 0x01, 0x00, 0x00,
    0x15, 0x01, 0x39, 0x00, 0x2f, 0x01, 0x01, 0x00, 0x03, 0x00, 0x00, 0x00,
    0x00, 0x40, 0x00, 0x00, 0xa0, 0x2e, 0x02, 0x00, 0x10, 0x40, 0x00, 0x00,
    0x90, 0x6f, 0x02, 0x00, 0x2f, 0x01, 0x03, 0x00, 0x03, 0x00, 0x00, 0x00,
    0x00, 0x40, 0x00, 0x00, 0xd0, 0x35, 0x02, 0x00, 0x10, 0x40, 0x00, 0x00,
    0x30, 0x73, 0x02, 0x00, 0x03, 0x00, 0x00, 0x00, 0x00, 0x40, 0x00, 0x00,
    0x50, 0x68, 0x02, 0x00, 0x0b, 0x01, 0x01, 0x00, 0x0c, 0x01, 0x01, 0x00,
    0x0a, 0x01, 0x39, 0x00, 0x05, 0x40, 0x00, 0x00, 0xa0, 0x03, 0x00, 0x00,
    0x06, 0x40, 0x00, 0x00, 0xa0, 0x03, 0x00, 0x00, 0x01, 0x01, 0x00, 0x00,
    0x02, 0x01, 0x00, 0x00, 0x10, 0x40, 0x00, 0x00, 0x90, 0x52, 0x02, 0x00,
    0x12, 0x01, 0x01, 0x00, 0x1b, 0x01, 0x01, 0x00, 0x1c, 0x01, 0x01, 0x00,
    0x13, 0x01, 0x0b, 0x00, 0x21, 0x01, 0x00, 0x00, 0x20, 0x01, 0x00, 0x00,
    0x22, 0x01, 0x04, 0x00, 0x20, 0x40, 0x00, 0x00, 0x30, 0x03, 0x00, 0x00,
    0x21, 0x40, 0x00, 0x00, 0xd0, 0x00, 0x00, 0x00, 0x22, 0x40, 0x00, 0x00,
    0xb0, 0x02, 0x00, 0x00, 0x23, 0x40, 0x00, 0x00, 0x80, 0x00, 0x00, 0x00,
    0x17, 0x01, 0x0f, 0x00, 0x2f, 0x01, 0x01, 0x00, 0x02, 0x00, 0x00, 0x00,
    0x00, 0x40, 0x00, 0x00, 0x70, 0x5d, 0x02, 0x00, 0x0b, 0x01, 0x02, 0x00,
    0x0c, 0x01, 0x02, 0x00, 0x04, 0x01, 0x0b, 0x00, 0x10, 0x40, 0x00, 0x00,
    0x20, 0x12, 0x00, 0x00, 0x12, 0x01, 0x00, 0x00, 0x1b, 0x01, 0x00, 0x00,
    0x1c, 0x01, 0x00, 0x00, 0x21, 0x01, 0x02, 0x00, 0x22, 0x01, 0x02, 0x00,
    0x20, 0x40, 0x00, 0x00, 0x80, 0x04, 0x00, 0x00, 0x21, 0x40, 0x00, 0x00,
    0x40, 0x00, 0x00, 0x00, 0x22, 0x40, 0x00, 0x00, 0x00, 0x04, 0x00, 0x00,
    0x0d, 0x01, 0x12, 0x00, 0x03, 0x00, 0x00, 0x00, 0x00, 0x40, 0x00, 0x00,
    0xb0, 0x64, 0x02, 0x00, 0x02, 0x40, 0x00, 0x00, 0x90, 0x52, 0x02, 0x00,
    0x0b, 0x01, 0x00, 0x00, 0x0c, 0x01, 0x00, 0x00, 0x10, 0x40, 0x00, 0x00,
    0xc0, 0x15, 0x00, 0x00, 0x2f, 0x01, 0x03, 0x00, 0x03, 0x00, 0x00, 0x00,
    0x00, 0x40, 0x00, 0x00, 0x90, 0x6f, 0x02, 0x00, 0x02, 0x40, 0x00, 0x00,
    0x00, 0x00, 0x00, 0x00, 0x0b, 0x01, 0x01, 0x00, 0x0c, 0x01, 0x01, 0x00,
    0x04, 0x01, 0x07, 0x00, 0x10, 0x40, 0x00, 0x00, 0xd0, 0x59, 0x02, 0x00,
    0x12, 0x01, 0x01, 0x00, 0x1b, 0x01, 0x01, 0x00, 0x1c, 0x01, 0x01, 0x00,
    0x21, 0x01, 0x00, 0x00, 0x22, 0x01, 0x04, 0x00, 0x20, 0x40, 0x00, 0x00,
    0x30, 0x03, 0x00, 0x00, 0x21, 0x40, 0x00, 0x00, 0xd0, 0x00, 0x00, 0x00,
    0x22, 0x40, 0x00, 0x00, 0xb0, 0x02, 0x00, 0x00, 0x0d, 0x01, 0x0a, 0x00,
    0x02, 0x00, 0x00, 0x00, 0x00, 0x40, 0x00, 0x00, 0x00, 0x3d, 0x02, 0x00,
    0x0b, 0x01, 0x02, 0x00, 0x0c, 0x01, 0x02, 0x00, 0x0a, 0x01, 0x72, 0x00,
    0x05, 0x40, 0x00, 0x00, 0x30, 0x07, 0x00, 0x00, 0x06, 0x40, 0x00, 0x00,
    0x30, 0x07, 0x00, 0x00, 0x01, 0x01, 0x01, 0x00, 0x02, 0x01, 0x01, 0x00,
    0x10, 0x40, 0x00, 0x00, 0x50, 0x68, 0x02, 0x00, 0x12, 0x01, 0x00, 0x00,
    0x1b, 0x01, 0x00, 0x00, 0x1c, 0x01, 0x00, 0x00, 0x13, 0x01, 0x07, 0x00,
    0x21, 0x01, 0x02, 0x00, 0x20, 0x01, 0x02, 0x00, 0x22, 0x01, 0x01, 0x00,
    0x20, 0x40, 0x00, 0x00, 0x30, 0x02, 0x00, 0x00, 0x21, 0x40, 0x00, 0x00,
    0x80, 0x00, 0x00, 0x00, 0x22, 0x40, 0x00, 0x00, 0xe0, 0x01, 0x00, 0x00,
    0x23, 0x40, 0x00, 0x00, 0x50, 0x00, 0x00, 0x00, 0x17, 0x01, 0x07, 0x00,
    0x03, 0x00, 0x00, 0x00, 0x00, 0x40, 0x00, 0x00, 0xc4, 0xf7, 0x00, 0x00,
    0x04, 0x01, 0x03, 0x00, 0x05, 0x40, 0x00, 0x00, 0xcc, 0x01, 0x00, 0x00,
    0x04, 0x40, 0x00, 0x00, 0x04, 0x00, 0x00, 0x00, 0x06, 0x40, 0x00, 0x00,
    0x01, 0x00, 0x00, 0x00, 0x09, 0x01, 0xff, 0xff, 0x05, 0x01, 0x01, 0x00,
    0x10, 0x40, 0x00, 0x00, 0x70, 0x27, 0x02, 0x00, 0x11, 0x01, 0x72, 0x00,
    0x1a, 0x01, 0x72, 0x00, 0x15, 0x40, 0x00, 0x00, 0x30, 0x07, 0x00, 0x00,
    0x16, 0x40, 0x00, 0x00, 0x30, 0x07, 0x00, 0x00, 0x22, 0x01, 0x06, 0x00,
    0x20, 0x40, 0x00, 0x00, 0x50, 0x00, 0x00, 0x00, 0x21, 0x40, 0x00, 0x00,
    0x90, 0x01, 0x00, 0x00, 0x22, 0x40, 0x00, 0x00, 0x00, 0x00, 0x00, 0x00,
    0x15, 0x01, 0x3f, 0x00, 0x02, 0x00, 0x00, 0x00, 0x00, 0x40, 0x00, 0x00,
    0x5c, 0xfb, 0x00, 0x00, 0x10, 0x40, 0x00, 0x00, 0xa0, 0x2e, 0x02, 0x00,
    0x02, 0x00, 0x00, 0x00, 0x00, 0x40, 0x00, 0x00, 0xf4, 0xfe, 0x00, 0x00,
    0x10, 0x40, 0x00, 0x00, 0xd0, 0x35, 0x02, 0x00, 0x02, 0x00, 0x00, 0x00,
    0x00, 0x40, 0x00, 0x00, 0x8c, 0x02, 0x01, 0x00, 0x10, 0x40, 0x00, 0x00,
    0x00, 0x3d, 0x02, 0x00, 0x02, 0x00, 0x00, 0x00, 0x00, 0x40, 0x00, 0x00,
    0x30, 0x44, 0x02, 0x00, 0x02, 0x40, 0x00, 0x00, 0x70, 0x27, 0x02, 0x00,
    0x0b, 0x01, 0x01, 0x00, 0x0c, 0x01, 0x01, 0x00, 0x04, 0x01, 0x07, 0x00,
    0x05, 0x40, 0x00, 0x00, 0x30, 0x07, 0x00, 0x00, 0x04, 0x40, 0x00, 0x00,
    0x10, 0x00, 0x00, 0x00, 0x06, 0x40, 0x00, 0x00, 0x30, 0x07, 0x00, 0x00,
    0x09, 0x01, 0x80, 0xff, 0x05, 0x01, 0x41, 0x00, 0x10, 0x40, 0x00, 0x00,
    0xf0, 0x6b, 0x02, 0x00, 0x11, 0x01, 0x39, 0x00, 0x1a, 0x01, 0x39, 0x00,
    0x15, 0x40, 0x00, 0x00, 0xa0, 0x03, 0x00, 0x00, 0x16, 0x40, 0x00, 0x00,
    0xa0, 0x03, 0x00, 0x00, 0x22, 0x01, 0x01, 0x00, 0x20, 0x40, 0x00, 0x00,
    0x30, 0x02, 0x00, 0x00, 0x21, 0x40, 0x00, 0x00, 0x80, 0x00, 0x00, 0x00,
    0x22, 0x40, 0x00, 0x00, 0xe0, 0x01, 0x00, 0x00, 0x15, 0x01, 0x39, 0x00,
    0x2f, 0x01, 0x01, 0x00, 0x03, 0x00, 0x00, 0x00, 0x00, 0x40, 0x00, 0x00,
    0x60, 0x4b, 0x02, 0x00, 0x0b, 0x01, 0x00, 0x00, 0x0c, 0x01, 0x00, 0x00,
    0x10, 0x40, 0x00, 0x00, 0x90, 0x6f, 0x02, 0x00, 0x2f, 0x01, 0x03, 0x00,
    0x03, 0x00, 0x00, 0x00, 0x00, 0x40, 0x00, 0x00, 0x70, 0x27, 0x02, 0x00,
    0x02, 0x40, 0x00, 0x00, 0x00, 0x00, 0x00, 0x00, 0x0b, 0x01, 0x02, 0x00,
    0x0c, 0x01, 0x02, 0x00, 0x10, 0x40, 0x00, 0x00, 0x30, 0x73, 0x02, 0x00,
    0x03, 0x00, 0x00, 0x00, 0x00, 0x40, 0x00, 0x00, 0x50, 0x68, 0x02, 0x00,
    0x0b, 0x01, 0x01, 0x00, 0x0c, 0x01, 0x01, 0x00, 0x0a, 0x01, 0x39, 0x00,
    0x05, 0x40, 0x00, 0x00, 0xa0, 0x03, 0x00, 0x00, 0x06, 0x40, 0x00, 0x00,
    0xa0, 0x03, 0x00, 0x00, 0x01, 0x01, 0x00, 0x00, 0x02, 0x01, 0x00, 0x00,
    0x10, 0x40, 0x00, 0x00, 0x10, 0x61, 0x02, 0x00, 0x12, 0x01, 0x01, 0x00,
    0x1b, 0x01, 0x01, 0x00, 0x1c, 0x01, 0x01, 0x00, 0x13, 0x01, 0x0b, 0x00,
    0x21, 0x01, 0x00, 0x00, 0x20, 0x01, 0x00, 0x00, 0x22, 0x01, 0x04, 0x00,
    0x20, 0x40, 0x00, 0x00, 0x30, 0x03, 0x00, 0x00, 0x21, 0x40, 0x00, 0x00,
    0xd0, 0x00, 0x00, 0x00, 0x22, 0x40, 0x00, 0x00, 0xb0, 0x02, 0x00, 0x00,
    0x23, 0x40, 0x00, 0x00, 0x80, 0x00, 0x00, 0x00, 0x17, 0x01, 0x0f, 0x00,
    0x2f, 0x01, 0x01, 0x00, 0x02, 0x00, 0x00, 0x00, 0x00, 0x40, 0x00, 0x00,
    0x30, 0x56, 0x02, 0x00, 0x0b, 0x01, 0x02, 0x00, 0x0c, 0x01, 0x02, 0x00,
    0x04, 0x01, 0x0b, 0x00, 0x10, 0x40, 0x00, 0x00, 0x60, 0x19, 0x00, 0x00,
    0x12, 0x01, 0x00, 0x00, 0x1b, 0x01, 0x00, 0x00, 0x1c, 0x01, 0x00, 0x00,
    0x21, 0x01, 0x02, 0x00, 0x22, 0x01, 0x02, 0x00, 0x20, 0x40, 0x00, 0x00,
    0x80, 0x04, 0x00, 0x00, 0x21, 0x40, 0x00, 0x00, 0x40, 0x00, 0x00, 0x00,
    0x22, 0x40, 0x00, 0x00, 0x00, 0x04, 0x00, 0x00, 0x0d, 0x01, 0x12, 0x00,
    0x03, 0x00, 0x00, 0x00, 0x00, 0x40, 0x00, 0x00, 0x70, 0x5d, 0x02, 0x00,
    0x10, 0x40, 0x00, 0x00, 0x00, 0x1d, 0x00, 0x00, 0x2f, 0x01, 0x03, 0x00,
    0x03, 0x00, 0x00, 0x00, 0x00, 0x40, 0x00, 0x00, 0x90, 0x6f, 0x02, 0x00,
    0x0b, 0x01, 0x01, 0x00, 0x0c, 0x01, 0x01, 0x00, 0x04, 0x01, 0x07, 0x00,
    0x10, 0x40, 0x00, 0x00, 0x90, 0x52, 0x02, 0x00, 0x12, 0x01, 0x01, 0x00,
    0x1b, 0x01, 0x01, 0x00, 0x1c, 0x01, 0x01, 0x00, 0x21, 0x01, 0x00, 0x00,
    0x22, 0x01, 0x04, 0x00, 0x20, 0x40, 0x00, 0x00, 0x30, 0x03, 0x00, 0x00,
    0x21, 0x40, 0x00, 0x00, 0xd0, 0x00, 0x00, 0x00, 0x22, 0x40, 0x00, 0x00,
    0xb0, 0x02, 0x00, 0x00, 0x0d, 0x01, 0x0a, 0x00, 0x02, 0x00, 0x00, 0x00,
    0x00, 0x40, 0x00, 0x00, 0xa0, 0x2e, 0x02, 0x00, 0x0b, 0x01, 0x02, 0x00,
    0x0c, 0x01, 0x02, 0x00, 0x0a, 0x01, 0x72, 0x00, 0x05, 0x40, 0x00, 0x00,
    0x30, 0x07, 0x00, 0x00, 0x06, 0x40, 0x00, 0x00, 0x30, 0x07, 0x00, 0x00,
    0x01, 0x01, 0x01, 0x00, 0x02, 0x01, 0x01, 0x00, 0x10, 0x40, 0x00, 0x00,
    0x50, 0x68, 0x02, 0x00, 0x12, 0x01, 0x00, 0x00, 0x1b, 0x01, 0x00, 0x00,
    0x1c, 0x01, 0x00, 0x00, 0x13, 0x01, 0x07, 0x00, 0x21, 0x01, 0x02, 0x00,
    0x20, 0x01, 0x02, 0x00, 0x22, 0x01, 0x01, 0x00, 0x20, 0x40, 0x00, 0x00,
    0x30, 0x02, 0x00, 0x00, 0x21, 0x40, 0x00, 0x00, 0x80, 0x00, 0x00, 0x00,
    0x22, 0x40, 0x00, 0x00, 0xe0, 0x01, 0x00, 0x00, 0x23, 0x40, 0x00, 0x00,
    0x50, 0x00, 0x00, 0x00, 0x17, 0x01, 0x07, 0x00, 0x03, 0x00, 0x00, 0x00,
    0x00, 0x40, 0x00, 0x00, 0x24, 0x06, 0x01, 0x00, 0x04, 0x01, 0x03, 0x00,
    0x05, 0x40, 0x00, 0x00, 0xcc, 0x01, 0x00, 0x00, 0x04, 0x40, 0x00, 0x00,
    0x04, 0x00, 0x00, 0x00, 0x06, 0x40, 0x00, 0x00, 0x01, 0x00, 0x00, 0x00,
    0x09, 0x01, 0xff, 0xff, 0x05, 0x01, 0x01, 0x00, 0x10, 0x40, 0x00, 0x00,
    0x30, 0x44, 0x02, 0x00, 0x11, 0x01, 0x72, 0x00, 0x1a, 0x01, 0x72, 0x00,
    0x15, 0x40, 0x00, 0x00, 0x30, 0x07, 0x00, 0x00, 0x16, 0x40, 0x00, 0x00,
    0x30, 0x07, 0x00, 0x00, 0x22, 0x01, 0x06, 0x00, 0x20, 0x40, 0x00, 0x00,
    0x50, 0x00, 0x00, 0x00, 0x21, 0x40, 0x00, 0x00, 0x90, 0x01, 0x00, 0x00,
    0x22, 0x40, 0x00, 0x00, 0x00, 0x00, 0x00, 0x00, 0x15, 0x01, 0x3f, 0x00,
    0x02, 0x00, 0x00, 0x00, 0x00, 0x40, 0x00, 0x00, 0xbc, 0x09, 0x01, 0x00,
    0x10, 0x40, 0x00, 0x00, 0x60, 0x4b, 0x02, 0x00, 0x02, 0x00, 0x00, 0x00,
    0x00, 0x40, 0x00, 0x00, 0x54, 0x0d, 0x01, 0x00, 0x10, 0x40, 0x00, 0x00,
    0x70, 0x27, 0x02, 0x00, 0x02, 0x00, 0x00, 0x00, 0x00, 0x40, 0x00, 0x00,
    0xec, 0x10, 0x01, 0x00, 0x10, 0x40, 0x00, 0x00, 0xa0, 0x2e, 0x02, 0x00,
    0x02, 0x00, 0x00, 0x00, 0x00, 0x40, 0x00, 0x00, 0xd0, 0x35, 0x02, 0x00,
    0x04, 0x01, 0x07, 0x00, 0x05, 0x40, 0x00, 0x00, 0x30, 0x07, 0x00, 0x00,
    0x04, 0x40, 0x00, 0x00, 0x10, 0x00, 0x00, 0x00, 0x06, 0x40, 0x00, 0x00,
    0x30, 0x07, 0x00, 0x00, 0x09, 0x01, 0x80, 0xff, 0x05, 0x01, 0x41, 0x00,
    0x10, 0x40, 0x00, 0x00, 0xf0, 0x6b, 0x02, 0x00, 0x11, 0x01, 0x39, 0x00,
    0x1a, 0x01, 0x39, 0x00, 0x15, 0x40, 0x00, 0x00, 0xa0, 0x03, 0x00, 0x00,
    0x16, 0x40, 0x00, 0x00, 0xa0, 0x03, 0x00, 0x00, 0x22, 0x01, 0x01, 0x00,
    0x20, 0x40, 0x00, 0x00, 0x30, 0x02, 0x00, 0x00, 0x21, 0x40, 0x00, 0x00,
    0x80, 0x00, 0x00, 0x00, 0x22, 0x40, 0x00, 0x00, 0xe0, 0x01, 0x00, 0x00,
    0x15, 0x01, 0x39, 0x00, 0x2f, 0x01, 0x01, 0x00, 0x03, 0x00, 0x00, 0x00,
    0x00, 0x40, 0x00, 0x00, 0x00, 0x3d, 0x02, 0x00, 0x10, 0x40, 0x00, 0x00,
    0x90, 0x6f, 0x02, 0x00, 0x2f, 0x01, 0x03, 0x00, 0x03, 0x00, 0x00, 0x00,
    0x00, 0x40, 0x00, 0x00, 0x30, 0x44, 0x02, 0x00, 0x02, 0x40, 0x00, 0x00,
    0x70, 0x27, 0x02, 0x00, 0x0b, 0x01, 0x01, 0x00, 0x0c, 0x01, 0x01, 0x00,
    0x10, 0x40, 0x00, 0x00, 0x30, 0x73, 0x02, 0x00, 0x03, 0x00, 0x00, 0x00,
    0x00, 0x40, 0x00, 0x00, 0x50, 0x68, 0x02, 0x00, 0x02, 0x40, 0x00, 0x00,
    0x00, 0x00, 0x00, 0x00, 0x0a, 0x01, 0x39, 0x00, 0x05, 0x40, 0x00, 0x00,
    0xa0, 0x03, 0x00, 0x00, 0x06, 0x40, 0x00, 0x00, 0xa0, 0x03, 0x00, 0x00,
    0x01, 0x01, 0x00, 0x00, 0x02, 0x01, 0x00, 0x00, 0x10, 0x40, 0x00, 0x00,
    0xd0, 0x59, 0x02, 0x00, 0x12, 0x01, 0x01, 0x00, 0x1b, 0x01, 0x01, 0x00,
    0x1c, 0x01, 0x01, 0x00, 0x13, 0x01, 0x0b, 0x00, 0x21, 0x01, 0x00, 0x00,
    0x20, 0x01, 0x00, 0x00, 0x22, 0x01, 0x04, 0x00, 0x20, 0x40, 0x00, 0x00,
    0x30, 0x03, 0x00, 0x00, 0x21, 0x40, 0x00, 0x00, 0xd0, 0x00, 0x00, 0x00,
    0x22, 0x40, 0x00, 0x00, 0xb0, 0x02, 0x00, 0x00, 0x23, 0x40, 0x00, 0x00,
    0x80, 0x00, 0x00, 0x00, 0x17, 0x01, 0x0f, 0x00, 0x2f, 0x01, 0x01, 0x00,
    0x02, 0x00, 0x00, 0x00, 0x00, 0x40, 0x00, 0x00, 0xb0, 0x64, 0x02, 0x00,
    0x02, 0x40, 0x00, 0x00, 0x90, 0x52, 0x02, 0x00, 0x0b, 0x01, 0x00, 0x00,
    0x0c, 0x01, 0x00, 0x00, 0x04, 0x01, 0x0b, 0x00, 0x10, 0x40, 0x00, 0x00,
    0xa0, 0x20, 0x00, 0x00, 0x12, 0x01, 0x00, 0x00, 0x1b, 0x01, 0x00, 0x00,
    0x1c, 0x01, 0x00, 0x00, 0x21, 0x01, 0x02, 0x00, 0x22, 0x01, 0x02, 0x00,
    0x20, 0x40, 0x00, 0x00, 0x80, 0x04, 0x00, 0x00, 0x21, 0x40, 0x00, 0x00,
    0x40, 0x00, 0x00, 0x00, 0x22, 0x40, 0x00, 0x00, 0x00, 0x04, 0x00, 0x00,
    0x0d, 0x01, 0x12, 0x00, 0x03, 0x00, 0x00, 0x00, 0x00, 0x40, 0x00, 0x00,
    0x30, 0x56, 0x02, 0x00, 0x02, 0x40, 0x00, 0x00, 0x00, 0x00, 0x00, 0x00,
    0x0b, 0x01, 0x02, 0x00, 0x0c, 0x01, 0x02, 0x00, 0x10, 0x40, 0x00, 0x00,
    0x40, 0x24, 0x00, 0x00, 0x2f, 0x01, 0x03, 0x00, 0x03, 0x00, 0x00, 0x00,
    0x00, 0x40, 0x00, 0x00, 0x90, 0x6f, 0x02, 0x00, 0x0b, 0x01, 0x01, 0x00,
    0x0c, 0x01, 0x01, 0x00, 0x04, 0x01, 0x07, 0x00, 0x10, 0x40, 0x00, 0x00,
    0x10, 0x61, 0x02, 0x00, 0x12, 0x01, 0x01, 0x00, 0x1b, 0x01, 0x01, 0x00,
    0x1c, 0x01, 0x01, 0x00, 0x21, 0x01, 0x00, 0x00, 0x22, 0x01, 0x04, 0x00,
    0x20, 0x40, 0x00, 0x00, 0x30, 0x03, 0x00, 0x00, 0x21, 0x40, 0x00, 0x00,
    0xd0, 0x00, 0x00, 0x00, 0x22, 0x40, 0x00, 0x00, 0xb0, 0x02, 0x00, 0x00,
    0x0d, 0x01, 0x0a, 0x00, 0x02, 0x00, 0x00, 0x00, 0x00, 0x40, 0x00, 0x00,
    0x60, 0x4b, 0x02, 0x00, 0x02, 0x40, 0x00, 0x00, 0x70, 0x27, 0x02, 0x00,
    0x0b, 0x01, 0x00, 0x00, 0x0c, 0x01, 0x00, 0x00, 0x0a, 0x01, 0x72, 0x00,
    0x05, 0x40, 0x00, 0x00, 0x30, 0x07, 0x00, 0x00, 0x06, 0x40, 0x00, 0x00,
    0x30, 0x07, 0x00, 0x00, 0x01, 0x01, 0x01, 0x00, 0x02, 0x01, 0x01, 0x00,
    0x10, 0x40, 0x00, 0x00, 0x50, 0x68, 0x02, 0x00, 0x12, 0x01, 0x00, 0x00,
    0x1b, 0x01, 0x00, 0x00, 0x1c, 0x01, 0x00, 0x00, 0x13, 0x01, 0x07, 0x00,
    0x21, 0x01, 0x02, 0x00, 0x20, 0x01, 0x02, 0x00, 0x22, 0x01, 0x01, 0x00,
    0x20, 0x40, 0x00, 0x00, 0x30, 0x02, 0x00, 0x00, 0x21, 0x40, 0x00, 0x00,
    0x80, 0x00, 0x00, 0x00, 0x22, 0x40, 0x00, 0x00, 0xe0, 0x01, 0x00, 0x00,
    0x23, 0x40, 0x00, 0x00, 0x50, 0x00, 0x00, 0x00, 0x17, 0x01, 0x07, 0x00,
    0x03, 0x00, 0x00, 0x00, 0x00, 0x40, 0x00, 0x00, 0x84, 0x14, 0x01, 0x00,
    0x02, 0x40, 0x00, 0x00, 0x00, 0x00, 0x00, 0x00, 0x0b, 0x01, 0x02, 0x00,
    0x0c, 0x01, 0x02, 0x00, 0x04, 0x01, 0x03, 0x00, 0x05, 0x40, 0x00, 0x00,
    0xcc, 0x01, 0x00, 0x00, 0x04, 0x40, 0x00, 0x00, 0x04, 0x00, 0x00, 0x00,
    0x06, 0x40, 0x00, 0x00, 0x01, 0x00, 0x00, 0x00, 0x09, 0x01, 0xff, 0xff,
    0x05, 0x01, 0x01, 0x00, 0x10, 0x40, 0x00, 0x00, 0xd0, 0x35, 0x02, 0x00,
    0x11, 0x01, 0x72, 0x00, 0x1a, 0x01, 0x72, 0x00, 0x15, 0x40, 0x00, 0x00,
    0x30, 0x07, 0x00, 0x00, 0x16, 0x40, 0x00, 0x00, 0x30, 0x07, 0x00, 0x00,
    0x22, 0x01, 0x06, 0x00, 0x20, 0x40, 0x00, 0x00, 0x50, 0x00, 0x00, 0x00,
    0x21, 0x40, 0x00, 0x00, 0x90, 0x01, 0x00, 0x00, 0x22, 0x40, 0x00, 0x00,
    0x00, 0x00, 0x00, 0x00, 0x15, 0x01, 0x3f, 0x00, 0x02, 0x00, 0x00, 0x00,
    0x00, 0x40, 0x00, 0x00, 0x1c, 0x18, 0x01, 0x00, 0x10, 0x40, 0x00, 0x00,
    0x00, 0x3d, 0x02, 0x00, 0x02, 0x00, 0x00, 0x00, 0x00, 0x40, 0x00, 0x00,
    0xb4, 0x1b, 0x01, 0x00, 0x10, 0x40, 0x00, 0x00, 0x30, 0x44, 0x02, 0x00,
    0x02, 0x00, 0x00, 0x00, 0x00, 0x40, 0x00, 0x00, 0x4c, 0x1f, 0x01, 0x00,
    0x10, 0x40, 0x00, 0x00, 0x60, 0x4b, 0x02, 0x00, 0x02, 0x00, 0x00, 0x00,
    0x00, 0x40, 0x00, 0x00, 0x70, 0x27, 0x02, 0x00, 0x04, 0x01, 0x07, 0x00,
    0x05, 0x40, 0x00, 0x00, 0x30, 0x07, 0x00, 0x00, 0x04, 0x40, 0x00, 0x00,
    0x10, 0x00, 0x00, 0x00, 0x06, 0x40, 0x00, 0x00, 0x30, 0x07, 0x00, 0x00,
    0x09, 0x01, 0x80, 0xff, 0x05, 0x01, 0x41, 0x00, 0x10, 0x40, 0x00, 0x00,
    0xf0, 0x6b, 0x02, 0x00, 0x11, 0x01, 0x39, 0x00, 0x1a, 0x01, 0x39, 0x00,
    0x15, 0x40, 0x00, 0x00, 0xa0, 0x03, 0x00, 0x00, 0x16, 0x40, 0x00, 0x00,
    0xa0, 0x03, 0x00, 0x00, 0x22, 0x01, 0x01, 0x00, 0x20, 0x40, 0x00, 0x00,
    0x30, 0x02, 0x00, 0x00, 0x21, 0x40, 0x00, 0x00, 0x80, 0x00, 0x00, 0x00,
    0x22, 0x40, 0x00, 0x00, 0xe0, 0x01, 0x00, 0x00, 0x15, 0x01, 0x39, 0x00,
    0x2f, 0x01, 0x01, 0x00, 0x03, 0x00, 0x00, 0x00, 0x00, 0x40, 0x00, 0x00,
    0xa0, 0x2e, 0x02, 0x00, 0x10, 0x40, 0x00, 0x00, 0x90, 0x6f, 0x02, 0x00,
    0x2f, 0x01, 0x03, 0x00, 0x03, 0x00, 0x00, 0x00, 0x00, 0x40, 0x00, 0x00,
    0xd0, 0x35, 0x02, 0x00, 0x10, 0x40, 0x00, 0x00, 0x30, 0x73, 0x02, 0x00,
    0x03, 0x00, 0x00, 0x00, 0x00, 0x40, 0x00, 0x00, 0x50, 0x68, 0x02, 0x00,
    0x0b, 0x01, 0x01, 0x00, 0x0c, 0x01, 0x01, 0x00, 0x0a, 0x01, 0x39, 0x00,
    0x05, 0x40, 0x00, 0x00, 0xa0, 0x03, 0x00, 0x00, 0x06, 0x40, 0x00, 0x00,
    0xa0, 0x03, 0x00, 0x00, 0x01, 0x01, 0x00, 0x00, 0x02, 0x01, 0x00, 0x00,
    0x10, 0x40, 0x00, 0x00, 0x90, 0x52, 0x02, 0x00, 0x12, 0x01, 0x01, 0x00,
    0x1b, 0x01, 0x01, 0x00, 0x1c, 0x01, 0x01, 0x00, 0x13, 0x01, 0x0b, 0x00,
    0x21, 0x01, 0x00, 0x00, 0x20, 0x01, 0x00, 0x00, 0x22, 0x01, 0x04, 0x00,
    0x20, 0x40, 0x00, 0x00, 0x30, 0x03, 0x00, 0x00, 0x21, 0x40, 0x00, 0x00,
    0xd0, 0x00, 0x00, 0x00, 0x22, 0x40, 0x00, 0x00, 0xb0, 0x02, 0x00, 0x00,
    0x23, 0x40, 0x00, 0x00, 0x80, 0x00, 0x00, 0x00, 0x17, 0x01, 0x0f, 0x00,
    0x2f, 0x01, 0x01, 0x00, 0x02, 0x00, 0x00, 0x00, 0x00, 0x40, 0x00, 0x00,
    0x70, 0x5d, 0x02, 0x00, 0x0b, 0x01, 0x02, 0x00, 0x0c, 0x01, 0x02, 0x00,
    0x04, 0x01, 0x0b, 0x00, 0x10, 0x40, 0x00, 0x00, 0xe0, 0x27, 0x00, 0x00,
    0x12, 0x01, 0x00, 0x00, 0x1b, 0x01, 0x00, 0x00, 0x1c, 0x01, 0x00, 0x00,
    0x21, 0x01, 0x02, 0x00, 0x22, 0x01, 0x02, 0x00, 0x20, 0x40, 0x00, 0x00,
    0x80, 0x04, 0x00, 0x00, 0x21, 0x40, 0x00, 0x00, 0x40, 0x00, 0x00, 0x00,
    0x22, 0x40, 0x00, 0x00, 0x00, 0x04, 0x00, 0x00, 0x0d, 0x01, 0x12, 0x00,
    0x03, 0x00, 0x00, 0x00, 0x00, 0x40, 0x00, 0x00, 0xb0, 0x64, 0x02, 0x00,
    0x02, 0x40, 0x00, 0x00, 0x90, 0x52, 0x02, 0x00, 0x0b, 0x01, 0x00, 0x00,
    0x0c, 0x01, 0x00, 0x00, 0x10, 0x40, 0x00, 0x00, 0x80, 0x2b, 0x00, 0x00,
    0x2f, 0x01, 0x03, 0x00, 0x03, 0x00, 0x00, 0x00, 0x00, 0x40, 0x00, 0x00,
    0x90, 0x6f, 0x02, 0x00, 0x02, 0x40, 0x00, 0x00, 0x00, 0x00, 0x00, 0x00,
    0x0b, 0x01, 0x01, 0x00, 0x0c, 0x01, 0x01, 0x00, 0x04, 0x01, 0x07, 0x00,
    0x10, 0x40, 0x00, 0x00, 0xd0, 0x59, 0x02, 0x00, 0x12, 0x01, 0x01, 0x00,
    0x1b, 0x01, 0x01, 0x00, 0x1c, 0x01, 0x01, 0x00, 0x21, 0x01, 0x00, 0x00,
    0x22, 0x01, 0x04, 0x00, 0x20, 0x40, 0x00, 0x00, 0x30, 0x03, 0x00, 0x00,
    0x21, 0x40, 0x00, 0x00, 0xd0, 0x00, 0x00, 0x00, 0x22, 0x40, 0x00, 0x00,
    0xb0, 0x02, 0x00, 0x00, 0x0d, 0x01, 0x0a, 0x00, 0x02, 0x00, 0x00, 0x00,
    0x00, 0x40, 0x00, 0x00, 0x00, 0x3d, 0x02, 0x00, 0x0b, 0x01, 0x02, 0x00,
    0x0c, 0x01, 0x02, 0x00, 0x0a, 0x01, 0x72, 0x00, 0x05, 0x40, 0x00, 0x00,
    0x30, 0x07, 0x00, 0x00, 0x06, 0x40, 0x00, 0x00, 0x30, 0x07, 0x00, 0x00,
    0x01, 0x01, 0x01, 0x00, 0x02, 0x01, 0x01, 0x00, 0x10, 0x40, 0x00, 0x00,
    0x50, 0x68, 0x02, 0x00, 0x12, 0x01, 0x00, 0x00, 0x1b, 0x01, 0x00, 0x00,
    0x1c, 0x01, 0x00, 0x00, 0x13, 0x01, 0x07, 0x00, 0x21, 0x01, 0x02, 0x00,
    0x20, 0x01, 0x02, 0x00, 0x22, 0x01, 0x01, 0x00, 0x20, 0x40, 0x00, 0x00,
    0x30, 0x02, 0x00, 0x00, 0x21, 0x40, 0x00, 0x00, 0x80, 0x00, 0x00, 0x00,
    0x22, 0x40, 0x00, 0x00, 0xe0, 0x01, 0x00, 0x00, 0x23, 0x40, 0x00, 0x00,
    0x50, 0x00, 0x00, 0x00, 0x17, 0x01, 0x07, 0x00, 0x03, 0x00, 0x00, 0x00,
    0x00, 0x40, 0x00, 0x00, 0xe4, 0x22, 0x01, 0x00, 0x04, 0x01, 0x03, 0x00,
    0x05, 0x40, 0x00, 0x00, 0xcc, 0x01, 0x00, 0x00, 0x04, 0x40, 0x00, 0x00,
    0x04, 0x00, 0x00, 0x00, 0x06, 0x40, 0x00, 0x00, 0x01, 0x00, 0x00, 0x00,
    0x09, 0x01, 0xff, 0xff, 0x05, 0x01, 0x01, 0x00, 0x10, 0x40, 0x00, 0x00,
    0x70, 0x27, 0x02, 0x00, 0x11, 0x01, 0x72, 0x00, 0x1a, 0x01, 0x72, 0x00,
    0x15, 0x40, 0x00, 0x00, 0x30, 0x07, 0x00, 0x00, 0x16, 0x40, 0x00, 0x00,
    0x30, 0x07, 0x00, 0x00, 0x22, 0x01, 0x06, 0x00, 0x20, 0x40, 0x00, 0x00,
    0x50, 0x00, 0x00, 0x00, 0x21, 0x40, 0x00, 0x00, 0x90, 0x01, 0x00, 0x00,
    0x22, 0x40, 0x00, 0x00, 0x00, 0x00, 0x00, 0x00, 0x15, 0x01, 0x3f, 0x00,
    0x02, 0x00, 0x00, 0x00, 0x00, 0x40, 0x00, 0x00, 0x7c, 0x26, 0x01, 0x00,
    0x10, 0x40, 0x00, 0x00, 0xa0, 0x2e, 0x02, 0x00, 0x02, 0x00, 0x00, 0x00,
    0x00, 0x40, 0x00, 0x00, 0x14, 0x2a, 0x01, 0x00, 0x10, 0x40, 0x00, 0x00,
    0xd0, 0x35, 0x02, 0x00, 0x02, 0x00, 0x00, 0x00, 0x00, 0x40, 0x00, 0x00,
    0xac, 0x2d, 0x01, 0x00, 0x10, 0x40, 0x00, 0x00, 0x00, 0x3d, 0x02, 0x00,
    0x02, 0x00, 0x00, 0x00, 0x00, 0x40, 0x00, 0x00, 0x30, 0x44, 0x02, 0x00,
    0x02, 0x40, 0x00, 0x00, 0x70, 0x27, 0x02, 0x00, 0x0b, 0x01, 0x01, 0x00,
    0x0c, 0x01, 0x01, 0x00, 0x04, 0x01, 0x07, 0x00, 0x05, 0x40, 0x00, 0x00,
    0x30, 0x07, 0x00, 0x00, 0x04, 0x40, 0x00, 0x00, 0x10, 0x00, 0x00, 0x00,
    0x06, 0x40, 0x00, 0x00, 0x30, 0x07, 0x00, 0x00, 0x09, 0x01, 0x80, 0xff,
    0x05, 0x01, 0x41, 0x00, 0x10, 0x40, 0x00, 0x00, 0xf0, 0x6b, 0x02, 0x00,
    0x11, 0x01, 0x39, 0x00, 0x1a, 0x01, 0x39, 0x00, 0x15, 0x40, 0x00, 0x00,
    0xa0, 0x03, 0x00, 0x00, 0x16, 0x40, 0x00, 0x00, 0xa0, 0x03, 0x00, 0x00,
    0x22, 0x01, 0x01, 0x00, 0x20, 0x40, 0x00, 0x00, 0x30, 0x02, 0x00, 0x00,
    0x21, 0x40, 0x00, 0x00, 0x80, 0x00, 0x00, 0x00, 0x22, 0x40, 0x00, 0x00,
    0xe0, 0x01, 0x00, 0x00, 0x15, 0x01, 0x39, 0x00, 0x2f, 0x01, 0x01, 0x00,
    0x03, 0x00, 0x00, 0x00, 0x00, 0x40, 0x00, 0x00, 0x60, 0x4b, 0x02, 0x00,
    0x0b, 0x01, 0x00, 0x00, 0x0c, 0x01, 0x00, 0x00, 0x10, 0x40, 0x00, 0x00,
    0x90, 0x6f, 0x02, 0x00, 0x2f, 0x01, 0x03, 0x00, 0x03, 0x00, 0x00, 0x00,
    0x00, 0x40, 0x00, 0x00, 0x70, 0x27, 0x02, 0x00, 0x02, 0x40, 0x00, 0x00,
    0x00, 0x00, 0x00, 0x00, 0x0b, 0x01, 0x02, 0x00, 0x0c, 0x01, 0x02, 0x00,
    0x10, 0x40, 0x00, 0x00, 0x30, 0x73, 0x02, 0x00, 0x03, 0x00, 0x00, 0x00,
    0x00, 0x40, 0x00, 0x00, 0x50, 0x68, 0x02, 0x00, 0x0b, 0x01, 0x01, 0x00,
    0x0c, 0x01, 0x01, 0x00, 0x0a, 0x01, 0x39, 0x00, 0x05, 0x40, 0x00, 0x00,
    0xa0, 0x03, 0x00, 0x00, 0x06, 0x40, 0x00, 0x00, 0xa0, 0x03, 0x00, 0x00,
    0x01, 0x01, 0x00, 0x00, 0x02, 0x01, 0x00, 0x00, 0x10, 0x40, 0x00, 0x00,
    0x10, 0x61, 0x02, 0x00, 0x12, 0x01, 0x01, 0x00, 0x1b, 0x01, 0x01, 0x00,
    0x1c, 0x01, 0x01, 0x00, 0x13, 0x01, 0x0b, 0x00, 0x21, 0x01, 0x00, 0x00,
    0x20, 0x01, 0x00, 0x00, 0x22, 0x01, 0x04, 0x00, 0x20, 0x40, 0x00, 0x00,
    0x30, 0x03, 0x00, 0x00, 0x21, 0x40, 0x00, 0x00, 0xd0, 0x00, 0x00, 0x00,
    0x22, 0x40, 0x00, 0x00, 0xb0, 0x02, 0x00, 0x00, 0x23, 0x40, 0x00, 0x00,
    0x80, 0x00, 0x00, 0x00, 0x17, 0x01, 0x0f, 0x00, 0x2f, 0x01, 0x01, 0x00,
    0x02, 0x00, 0x00, 0x00, 0x00, 0x40, 0x00, 0x00, 0x30, 0x56, 0x02, 0x00,
    0x0b, 0x01, 0x02, 0x00, 0x0c, 0x01, 0x02, 0x00, 0x04, 0x01, 0x0b, 0x00,
    0x10, 0x40, 0x00, 0x00, 0x20, 0x2f, 0x00, 0x00, 0x12, 0x01, 0x00, 0x00,
    0x1b, 0x01, 0x00, 0x00, 0x1c, 0x01, 0x00, 0x00, 0x21, 0x01, 0x02, 0x00,
    0x22, 0x01, 0x02, 0x00, 0x20, 0x40, 0x00, 0x00, 0x80, 0x04, 0x00, 0x00,
    0x21, 0x40, 0x00, 0x00, 0x40, 0x00, 0x00, 0x00, 0x22, 0x40, 0x00, 0x00,
    0x00, 0x04, 0x00, 0x00, 0x0d, 0x01, 0x12, 0x00, 0x03, 0x00, 0x00, 0x00,
    0x00, 0x40, 0x00, 0x00, 0x70, 0x5d, 0x02, 0x00, 0x10, 0x40, 0x00, 0x00,
    0xc0, 0x32, 0x00, 0x00, 0x2f, 0x01, 0x03, 0x00, 0x03, 0x00, 0x00, 0x00,
    0x00, 0x40, 0x00, 0x00, 0x90, 0x6f, 0x02, 0x00, 0x0b, 0x01, 0x01, 0x00,
    0x0c, 0x01, 0x01, 0x00, 0x04, 0x01, 0x07, 0x00, 0x10, 0x40, 0x00, 0x00,
    0x90, 0x52, 0x02, 0x00, 0x12, 0x01, 0x01, 0x00, 0x1b, 0x01, 0x01, 0x00,
    0x1c, 0x01, 0x01, 0x00, 0x21, 0x01, 0x00, 0x00, 0x22, 0x01, 0x04, 0x00,
    0x20, 0x40, 0x00, 0x00, 0x30, 0x03, 0x00, 0x00, 0x21, 0x40, 0x00, 0x00,
    0xd0, 0x00, 0x00, 0x00, 0x22, 0x40, 0x00, 0x00, 0xb0, 0x02, 0x00, 0x00,
    0x0d, 0x01, 0x0a, 0x00, 0x02, 0x00, 0x00, 0x00, 0x00, 0x40, 0x00, 0x00,
    0xa0, 0x2e, 0x02, 0x00, 0x0b, 0x01, 0x02, 0x00, 0x0c, 0x01, 0x02, 0x00,
    0x0a, 0x01, 0x72, 0x00, 0x05, 0x40, 0x00, 0x00, 0x30, 0x07, 0x00, 0x00,
    0x06, 0x40, 0x00, 0x00, 0x30, 0x07, 0x00, 0x00, 0x01, 0x01, 0x01, 0x00,
    0x02, 0x01, 0x01, 0x00, 0x10, 0x40, 0x00, 0x00, 0x50, 0x68, 0x02, 0x00,
    0x12, 0x01, 0x00, 0x00, 0x1b, 0x01, 0x00, 0x00, 0x1c, 0x01, 0x00, 0x00,
    0x13, 0x01, 0x07, 0x00, 0x21, 0x01, 0x02, 0x00, 0x20, 0x01, 0x02, 0x00,
    0x22, 0x01, 0x01, 0x00, 0x20, 0x40, 0x00, 0x00, 0x30, 0x02, 0x00, 0x00,
    0x21, 0x40, 0x00, 0x00, 0x80, 0x00, 0x00, 0x00, 0x22, 0x40, 0x00, 0x00,
    0xe0, 0x01, 0x00, 0x00, 0x23, 0x40, 0x00, 0x00, 0x50, 0x00, 0x00, 0x00,
    0x17, 0x01, 0x07, 0x00, 0x03, 0x00, 0x00, 0x00, 0x00, 0x40, 0x00, 0x00,
    0x44, 0x31, 0x01, 0x00, 0x04, 0x01, 0x03, 0x00, 0x05, 0x40, 0x00, 0x00,
    0xcc, 0x01, 0x00, 0x00, 0x04, 0x40, 0x00, 0x00, 0x04, 0x00, 0x00, 0x00,
    0x06, 0x40, 0x00, 0x00, 0x01, 0x00, 0x00, 0x00, 0x09, 0x01, 0xff, 0xff,
    0x05, 0x01, 0x01, 0x00, 0x10, 0x40, 0x00, 0x00, 0x30, 0x44, 0x02, 0x00,
    0x11, 0x01, 0x72, 0x00, 0x1a, 0x01, 0x72, 0x00, 0x15, 0x40, 0x00, 0x00,
    0x30, 0x07, 0x00, 0x00, 0x16, 0x40, 0x00, 0x00, 0x30, 0x07, 0x00, 0x00,
    0x22, 0x01, 0x06, 0x00, 0x20, 0x40, 0x00, 0x00, 0x50, 0x00, 0x00, 0x00,
    0x21, 0x40, 0x00, 0x00, 0x90, 0x01, 0x00, 0x00, 0x22, 0x40, 0x00, 0x00,
    0x00, 0x00, 0x00, 0x00, 0x15, 0x01, 0x3f, 0x00, 0x02, 0x00, 0x00, 0x00,
    0x00, 0x40, 0x00, 0x00, 0xdc, 0x34, 0x01, 0x00, 0x10, 0x40, 0x00, 0x00,
    0x60, 0x4b, 0x02, 0x00, 0x02, 0x00, 0x00, 0x00, 0x00, 0x40, 0x00, 0x00,
    0x74, 0x38, 0x01, 0x00, 0x10, 0x40, 0x00, 0x00, 0x70, 0x27, 0x02, 0x00,
    0x02, 0x00, 0x00, 0x00, 0x00, 0x40, 0x00, 0x00, 0x0c, 0x3c, 0x01, 0x00,
    0x10, 0x40, 0x00, 0x00, 0xa0, 0x2e, 0x02, 0x00, 0x02, 0x00, 0x00, 0x00,
    0x00, 0x40, 0x00, 0x00, 0xd0, 0x35, 0x02, 0x00, 0x04, 0x01, 0x07, 0x00,
    0x05, 0x40, 0x00, 0x00, 0x30, 0x07, 0x00, 0x00, 0x04, 0x40, 0x00, 0x00,
    0x10, 0x00, 0x00, 0x00, 0x06, 0x40, 0x00, 0x00, 0x30, 0x07, 0x00, 0x00,
    0x09, 0x01, 0x80, 0xff, 0x05, 0x01, 0x41, 0x00, 0x10, 0x40, 0x00, 0x00,
    0xf0, 0x6b, 0x02, 0x00, 0x11, 0x01, 0x39, 0x00, 0x1a, 0x01, 0x39, 0x00,
    0x15, 0x40, 0x00, 0x00, 0xa0, 0x03, 0x00, 0x00, 0x16, 0x40, 0x00, 0x00,
    0xa0, 0x03, 0x00, 0x00, 0x22, 0x01, 0x01, 0x00, 0x20, 0x40, 0x00, 0x00,
    0x30, 0x02, 0x00, 0x00, 0x21, 0x40, 0x00, 0x00, 0x80, 0x00, 0x00, 0x00,
    0x22, 0x40, 0x00, 0x00, 0xe0, 0x01, 0x00, 0x00, 0x15, 0x01, 0x39, 0x00,
    0x2f, 0x01, 0x01, 0x00, 0x03, 0x00, 0x00, 0x00, 0x00, 0x40, 0x00, 0x00,
    0x00, 0x3d, 0x02, 0x00, 0x10, 0x40, 0x00, 0x00, 0x90, 0x6f, 0x02, 0x00,
    0x2f, 0x01, 0x03, 0x00, 0x03, 0x00, 0x00, 0x00, 0x00, 0x40, 0x00, 0x00,
    0x30, 0x44, 0x02, 0x00, 0x02, 0x40, 0x00, 0x00, 0x70, 0x27, 0x02, 0x00,
    0x0b, 0x01, 0x01, 0x00, 0x0c, 0x01, 0x01, 0x00, 0x10, 0x40, 0x00, 0x00,
    0x30, 0x73, 0x02, 0x00, 0x03, 0x00, 0x00, 0x00, 0x00, 0x40, 0x00, 0x00,
    0x50, 0x68, 0x02, 0x00, 0x02, 0x40, 0x00, 0x00, 0x00, 0x00, 0x00, 0x00,
    0x0a, 0x01, 0x39, 0x00, 0x05, 0x40, 0x00, 0x00, 0xa0, 0x03, 0x00, 0x00,
    0x06, 0x40, 0x00, 0x00, 0xa0, 0x03, 0x00, 0x00, 0x01, 0x01, 0x00, 0x00,
    0x02, 0x01, 0x00, 0x00, 0x10, 0x40, 0x00, 0x00, 0xd0, 0x59, 0x02, 0x00,
    0x12, 0x01, 0x01, 0x00, 0x1b, 0x01, 0x01, 0x00, 0x1c, 0x01, 0x01, 0x00,
    0x13, 0x01, 0x0b, 0x00, 0x21, 0x01, 0x00, 0x00, 0x20, 0x01, 0x00, 0x00,
    0x22, 0x01, 0x04, 0x00, 0x20, 0x40, 0x00, 0x00, 0x30, 0x03, 0x00, 0x00,
    0x21, 0x40, 0x00, 0x00, 0xd0, 0x00, 0x00, 0x00, 0x22, 0x40, 0x00, 0x00,
    0xb0, 0x02, 0x00, 0x00, 0x23, 0x40, 0x00, 0x00, 0x80, 0x00, 0x00, 0x00,
    0x17, 0x01, 0x0f, 0x00, 0x2f, 0x01, 0x01, 0x00, 0x02, 0x00, 0x00, 0x00,
    0x00, 0x40, 0x00, 0x00, 0xb0, 0x64, 0x02, 0x00, 0x02, 0x40, 0x00, 0x00,
    0x90, 0x52, 0x02, 0x00, 0x0b, 0x01, 0x00, 0x00, 0x0c, 0x01, 0x00, 0x00,
    0x04, 0x01, 0x0b, 0x00, 0x10, 0x40, 0x00, 0x00, 0x60, 0x36, 0x00, 0x00,
    0x12, 0x01, 0x00, 0x00, 0x1b, 0x01, 0x00, 0x00, 0x1c, 0x01, 0x00, 0x00,
    0x21, 0x01, 0x02, 0x00, 0x22, 0x01, 0x02, 0x00, 0x20, 0x40, 0x00, 0x00,
    0x80, 0x04, 0x00, 0x00, 0x21, 0x40, 0x00, 0x00, 0x40, 0x00, 0x00, 0x00,
    0x22, 0x40, 0x00, 0x00, 0x00, 0x04, 0x00, 0x00, 0x0d, 0x01, 0x12, 0x00,
    0x03, 0x00, 0x00, 0x00, 0x00, 0x40, 0x00, 0x00, 0x30, 0x56, 0x02, 0x00,
    0x02, 0x40, 0x00, 0x00, 0x00, 0x00, 0x00, 0x00, 0x0b, 0x01, 0x02, 0x00,
    0x0c, 0x01, 0x02, 0x00, 0x10, 0x40, 0x00, 0x00, 0x00, 0x3a, 0x00, 0x00,
    0x2f, 0x01, 0x03, 0x00, 0x03, 0x00, 0x00, 0x00, 0x00, 0x40, 0x00, 0x00,
    0x90, 0x6f, 0x02, 0x00, 0x0b, 0x01, 0x01, 0x00, 0x0c, 0x01, 0x01, 0x00,
    0x04, 0x01, 0x07, 0x00, 0x10, 0x40, 0x00, 0x00, 0x10, 0x61, 0x02, 0x00,
    0x12, 0x01, 0x01, 0x00, 0x1b, 0x01, 0x01, 0x00, 0x1c, 0x01, 0x01, 0x00,
    0x21, 0x01, 0x00, 0x00, 0x22, 0x01, 0x04, 0x00, 0x20, 0x40, 0x00, 0x00,
    0x30, 0x03, 0x00, 0x00, 0x21, 0x40, 0x00, 0x00, 0xd0, 0x00, 0x00, 0x00,
    0x22, 0x40, 0x00, 0x00, 0xb0, 0x02, 0x00, 0x00, 0x0d, 0x01, 0x0a, 0x00,
    0x02, 0x00, 0x00, 0x00, 0x00, 0x40, 0x00, 0x00, 0x60, 0x4b, 0x02, 0x00,
    0x02, 0x40, 0x00, 0x00, 0x70, 0x27, 0x02, 0x00, 0x0b, 0x01, 0x00, 0x00,
    0x0c, 0x01, 0x00, 0x00, 0x0a, 0x01, 0x72, 0x00, 0x05, 0x40, 0x00, 0x00,
    0x30, 0x07, 0x00, 0x00, 0x06, 0x40, 0x00, 0x00, 0x30, 0x07, 0x00, 0x00,
    0x01, 0x01, 0x01, 0x00, 0x02, 0x01, 0x01, 0x00, 0x10, 0x40, 0x00, 0x00,
    0x50, 0x68, 0x02, 0x00, 0x12, 0x01, 0x00, 0x00, 0x1b, 0x01, 0x00, 0x00,
    0x1c, 0x01, 0x00, 0x00, 0x13, 0x01, 0x07, 0x00, 0x21, 0x01, 0x02, 0x00,
    0x20, 0x01, 0x02, 0x00, 0x22, 0x01, 0x01, 0x00, 0x20, 0x40, 0x00, 0x00,
    0x30, 0x02, 0x00, 0x00, 0x21, 0x40, 0x00, 0x00, 0x80, 0x00, 0x00, 0x00,
    0x22, 0x40, 0x00, 0x00, 0xe0, 0x01, 0x00, 0x00, 0x23, 0x40, 0x00, 0x00,
    0x50, 0x00, 0x00, 0x00, 0x17, 0x01, 0x07, 0x00, 0x03, 0x00, 0x00, 0x00,
    0x00, 0x40, 0x00, 0x00, 0xa4, 0x3f, 0x01, 0x00, 0x02, 0x40, 0x00, 0x00,
    0x00, 0x00, 0x00, 0x00, 0x0b, 0x01, 0x02, 0x00, 0x0c, 0x01, 0x02, 0x00,
    0x04, 0x01, 0x03, 0x00, 0x05, 0x40, 0x00, 0x00, 0xcc, 0x01, 0x00, 0x00,
    0x04, 0x40, 0x00, 0x00, 0x04, 0x00, 0x00, 0x00, 0x06, 0x40, 0x00, 0x00,
    0x01, 0x00, 0x00, 0x00, 0x09, 0x01, 0xff, 0xff, 0x05, 0x01, 0x01, 0x00,
    0x10, 0x40, 0x00, 0x00, 0xd0, 0x35, 0x02, 0x00, 0x11, 0x01, 0x72, 0x00,
    0x1a, 0x01, 0x72, 0x00, 0x15, 0x40, 0x00, 0x00, 0x30, 0x07, 0x00, 0x00,
    0x16, 0x40, 0x00, 0x00, 0x30, 0x07, 0x00, 0x00, 0x22, 0x01, 0x06, 0x00,
    0x20, 0x40, 0x00, 0x00, 0x50, 0x00, 0x00, 0x00, 0x21, 0x40, 0x00, 0x00,
    0x90, 0x01, 0x00, 0x00, 0x22, 0x40, 0x00, 0x00, 0x00, 0x00, 0x00, 0x00,
    0x15, 0x01, 0x3f, 0x00, 0x02, 0x00, 0x00, 0x00, 0x00, 0x40, 0x00, 0x00,
    0x3c, 0x43, 0x01, 0x00, 0x10, 0x40, 0x00, 0x00, 0x00, 0x3d, 0x02, 0x00,
    0x02, 0x00, 0x00, 0x00, 0x00, 0x40, 0x00, 0x00, 0xd4, 0x46, 0x01, 0x00,
    0x10, 0x40, 0x00, 0x00, 0x30, 0x44, 0x02, 0x00, 0x02, 0x00, 0x00, 0x00,
    0x00, 0x40, 0x00, 0x00, 0x6c, 0x4a, 0x01, 0x00, 0x10, 0x40, 0x00, 0x00,
    0x60, 0x4b, 0x02, 0x00, 0x02, 0x00, 0x00, 0x00, 0x00, 0x40, 0x00, 0x00,
    0x70, 0x27, 0x02, 0x00, 0x04, 0x01, 0x07, 0x00, 0x05, 0x40, 0x00, 0x00,
    0x30, 0x07, 0x00, 0x00, 0x04, 0x40, 0x00, 0x00, 0x10, 0x00, 0x00, 0x00,
    0x06, 0x40, 0x00, 0x00, 0x30, 0x07, 0x00, 0x00, 0x09, 0x01, 0x80, 0xff,
    0x05, 0x01, 0x41, 0x00, 0x10, 0x40, 0x00, 0x00, 0xf0, 0x6b, 0x02, 0x00,
    0x11, 0x01, 0x39, 0x00, 0x1a, 0x01, 0x39, 0x00, 0x15, 0x40, 0x00, 0x00,
    0xa0, 0x03, 0x00, 0x00, 0x16, 0x40, 0x00, 0x00, 0xa0, 0x03, 0x00, 0x00,
    0x22, 0x01, 0x01, 0x00, 0x20, 0x40, 0x00, 0x00, 0x30, 0x02, 0x00, 0x00,
    0x21, 0x40, 0x00, 0x00, 0x80, 0x00, 0x00, 0x00, 0x22, 0x40, 0x00, 0x00,
    0xe0, 0x01, 0x00, 0x00, 0x15, 0x01, 0x39, 0x00, 0x2f, 0x01, 0x01, 0x00,
    0x03, 0x00, 0x00, 0x00, 0x00, 0x40, 0x00, 0x00, 0xa0, 0x2e, 0x02, 0x00,
    0x10, 0x40, 0x00, 0x00, 0x90, 0x6f, 0x02, 0x00, 0x2f, 0x01, 0x03, 0x00,
    0x03, 0x00, 0x00, 0x00, 0x00, 0x40, 0x00, 0x00, 0xd0, 0x35, 0x02, 0x00,
    0x10, 0x40, 0x00, 0x00, 0x30, 0x73, 0x02, 0x00, 0x03, 0x00, 0x00, 0x00,
    0x00, 0x40, 0x00, 0x00, 0x50, 0x68, 0x02, 0x00, 0x0b, 0x01, 0x01, 0x00,
    0x0c, 0x01, 0x01, 0x00, 0x0a, 0x01, 0x39, 0x00, 0x05, 0x40, 0x00, 0x00,
    0xa0, 0x03, 0x00, 0x00, 0x06, 0x40, 0x00, 0x00, 0xa0, 0x03, 0x00, 0x00,
    0x01, 0x01, 0x00, 0x00, 0x02, 0x01, 0x00, 0x00, 0x10, 0x40, 0x00, 0x00,
    0x90, 0x52, 0x02, 0x00, 0x12, 0x01, 0x01, 0x00, 0x1b, 0x01, 0x01, 0x00,
    0x1c, 0x01, 0x01, 0x00, 0x13, 0x01, 0x0b, 0x00, 0x21, 0x01, 0x00, 0x00,
    0x20, 0x01, 0x00, 0x00, 0x22, 0x01, 0x04, 0x00, 0x20, 0x40, 0x00, 0x00,
    0x30, 0x03, 0x00, 0x00, 0x21, 0x40, 0x00, 0x00, 0xd0, 0x00, 0x00, 0x00,
    0x22, 0x40, 0x00, 0x00, 0xb0, 0x02, 0x00, 0x00, 0x23, 0x40, 0x00, 0x00,
    0x80, 0x00, 0x00, 0x00, 0x17, 0x01, 0x0f, 0x00, 0x2f, 0x01, 0x01, 0x00,
    0x02, 0x00, 0x00, 0x00, 0x00, 0x40, 0x00, 0x00, 0x70, 0x5d, 0x02, 0x00,
    0x0b, 0x01, 0x02, 0x00, 0x0c, 0x01, 0x02, 0x00, 0x04, 0x01, 0x0b, 0x00,
    0x10, 0x40, 0x00, 0x00, 0xa0, 0x3d, 0x00, 0x00, 0x12, 0x01, 0x00, 0x00,
    0x1b, 0x01, 0x00, 0x00, 0x1c, 0x01, 0x00, 0x00, 0x21, 0x01, 0x02, 0x00,
    0x22, 0x01, 0x02, 0x00, 0x20, 0x40, 0x00, 0x00, 0x80, 0x04, 0x00, 0x00,
    0x21, 0x40, 0x00, 0x00, 0x40, 0x00, 0x00, 0x00, 0x22, 0x40, 0x00, 0x00,
    0x00, 0x04, 0x00, 0x00, 0x0d, 0x01, 0x12, 0x00, 0x03, 0x00, 0x00, 0x00,
    0x00, 0x40, 0x00, 0x00, 0xb0, 0x64, 0x02, 0x00, 0x02, 0x40, 0x00, 0x00,
    0x90, 0x52, 0x02, 0x00, 0x0b, 0x01, 0x00, 0x00, 0x0c, 0x01, 0x00, 0x00,
    0x10, 0x40, 0x00, 0x00, 0x40, 0x41, 0x00, 0x00, 0x2f, 0x01, 0x03, 0x00,
    0x03, 0x00, 0x00, 0x00, 0x00, 0x40, 0x00, 0x00, 0x90, 0x6f, 0x02, 0x00,
    0x02, 0x40, 0x00, 0x00, 0x00, 0x00, 0x00, 0x00, 0x0b, 0x01, 0x01, 0x00,
    0x0c, 0x01, 0x01, 0x00, 0x04, 0x01, 0x07, 0x00, 0x10, 0x40, 0x00, 0x00,
    0xd0, 0x59, 0x02, 0x00, 0x12, 0x01, 0x01, 0x00, 0x1b, 0x01, 0x01, 0x00,
    0x1c, 0x01, 0x01, 0x00, 0x21, 0x01, 0x00, 0x00, 0x22, 0x01, 0x04, 0x00,
    0x20, 0x40, 0x00, 0x00, 0x30, 0x03, 0x00, 0x00, 0x21, 0x40, 0x00, 0x00,
    0xd0, 0x00, 0x00, 0x00, 0x22, 0x40, 0x00, 0x00, 0xb0, 0x02, 0x00, 0x00,
    0x0d, 0x01, 0x0a, 0x00, 0x02, 0x00, 0x00, 0x00, 0x00, 0x40, 0x00, 0x00,
    0x00, 0x3d, 0x02, 0x00, 0x0b, 0x01, 0x02, 0x00, 0x0c, 0x01, 0x02, 0x00,
    0x0a, 0x01, 0x72, 0x00, 0x05, 0x40, 0x00, 0x00, 0x30, 0x07, 0x00, 0x00,
    0x06, 0x40, 0x00, 0x00, 0x30, 0x07, 0x00, 0x00, 0x01, 0x01, 0x01, 0x00,
    0x02, 0x01, 0x01, 0x00, 0x10, 0x40, 0x00, 0x00, 0x50, 0x68, 0x02, 0x00,
    0x12, 0x01, 0x00, 0x00, 0x1b, 0x01, 0x00, 0x00, 0x1c, 0x01, 0x00, 0x00,
    0x13, 0x01, 0x07, 0x00, 0x21, 0x01, 0x02, 0x00, 0x20, 0x01, 0x02, 0x00,
    0x22, 0x01, 0x01, 0x00, 0x20, 0x40, 0x00, 0x00, 0x30, 0x02, 0x00, 0x00,
    0x21, 0x40, 0x00, 0x00, 0x80, 0x00, 0x00, 0x00, 0x22, 0x40, 0x00, 0x00,
    0xe0, 0x01, 0x00, 0x00, 0x23, 0x40, 0x00, 0x00, 0x50, 0x00, 0x00, 0x00,
    0x17, 0x01, 0x07, 0x00, 0x03, 0x00, 0x00, 0x00, 0x00, 0x40, 0x00, 0x00,
    0x04, 0x4e, 0x01, 0x00, 0x04, 0x01, 0x03, 0x00, 0x05, 0x40, 0x00, 0x00,
    0xcc, 0x01, 0x00, 0x00, 0x04, 0x40, 0x00, 0x00, 0x04, 0x00, 0x00, 0x00,
    0x06, 0x40, 0x00, 0x00, 0x01, 0x00, 0x00, 0x00, 0x09, 0x01, 0xff, 0xff,
    0x05, 0x01, 0x01, 0x00, 0x10, 0x40, 0x00, 0x00, 0x70, 0x27, 0x02, 0x00,
    0x11, 0x01, 0x72, 0x00, 0x1a, 0x01, 0x72, 0x00, 0x15, 0x40, 0x00, 0x00,
    0x30, 0x07, 0x00, 0x00, 0x16, 0x40, 0x00, 0x00, 0x30, 0x07, 0x00, 0x00,
    0x22, 0x01, 0x06, 0x00, 0x20, 0x40, 0x00, 0x00, 0x50, 0x00, 0x00, 0x00,
    0x21, 0x40, 0x00, 0x00, 0x90, 0x01, 0x00, 0x00, 0x22, 0x40, 0x00, 0x00,
    0x00, 0x00, 0x00, 0x00, 0x15, 0x01, 0x3f, 0x00, 0x02, 0x00, 0x00, 0x00,
    0x00, 0x40, 0x00, 0x00, 0x9c, 0x51, 0x01, 0x00, 0x10, 0x40, 0x00, 0x00,
    0xa0, 0x2e, 0x02, 0x00, 0x02, 0x00, 0x00, 0x00, 0x00, 0x40, 0x00, 0x00,
    0x34, 0x55, 0x01, 0x00, 0x10, 0x40, 0x00, 0x00, 0xd0, 0x35, 0x02, 0x00,
    0x02, 0x00, 0x00, 0x00, 0x00, 0x40, 0x00, 0x00, 0xcc, 0x58, 0x01, 0x00,
    0x10, 0x40, 0x00, 0x00, 0x00, 0x3d, 0x02, 0x00, 0x02, 0x00, 0x00, 0x00,
    0x00, 0x40, 0x00, 0x00, 0x30, 0x44, 0x02, 0x00, 0x02, 0x40, 0x00, 0x00,
    0x70, 0x27, 0x02, 0x00, 0x0b, 0x01, 0x01, 0x00, 0x0c, 0x01, 0x01, 0x00,
    0x04, 0x01, 0x07, 0x00, 0x05, 0x40, 0x00, 0x00, 0x30, 0x07, 0x00, 0x00,
    0x04, 0x40, 0x00, 0x00, 0x10, 0x00, 0x00, 0x00, 0x06, 0x40, 0x00, 0x00,
    0x30, 0x07, 0x00, 0x00, 0x09, 0x01, 0x80, 0xff, 0x05, 0x01, 0x41, 0x00,
    0x10, 0x40, 0x00, 0x00, 0xf0, 0x6b, 0x02, 0x00, 0x11, 0x01, 0x39, 0x00,
    0x1a, 0x01, 0x39, 0x00, 0x15, 0x40, 0x00, 0x00, 0xa0, 0x03, 0x00, 0x00,
    0x16, 0x40, 0x00, 0x00, 0xa0, 0x03, 0x00, 0x00, 0x22, 0x01, 0x01, 0x00,
    0x20, 0x40, 0x00, 0x00, 0x30, 0x02, 0x00, 0x00, 0x21, 0x40, 0x00, 0x00,
    0x80, 0x00, 0x00, 0x00, 0x22, 0x40, 0x00, 0x00, 0xe0, 0x01, 0x00, 0x00,
    0x15, 0x01, 0x39, 0x00, 0x2f, 0x01, 0x01, 0x00, 0x03, 0x00, 0x00, 0x00,
    0x00, 0x40, 0x00, 0x00, 0x60, 0x4b, 0x02, 0x00, 0x0b, 0x01, 0x00, 0x00,
    0x0c, 0x01, 0x00, 0x00, 0x10, 0x40, 0x00, 0x00, 0x90, 0x6f, 0x02, 0x00,
    0x2f, 0x01, 0x03, 0x00, 0x03, 0x00, 0x00, 0x00, 0x00, 0x40, 0x00, 0x00,
    0x70, 0x27, 0x02, 0x00, 0x02, 0x40, 0x00, 0x00, 0x00, 0x00, 0x00, 0x00,
    0x0b, 0x01, 0x02, 0x00, 0x0c, 0x01, 0x02, 0x00, 0x10, 0x40, 0x00, 0x00,
    0x30, 0x73, 0x02, 0x00, 0x03, 0x00, 0x00, 0x00, 0x00, 0x40, 0x00, 0x00,
    0x50, 0x68, 0x02, 0x00, 0x0b, 0x01, 0x01, 0x00, 0x0c, 0x01, 0x01, 0x00,
    0x0a, 0x01, 0x39, 0x00, 0x05, 0x40, 0x00, 0x00, 0xa0, 0x03, 0x00, 0x00,
    0x06, 0x40, 0x00, 0x00, 0xa0, 0x03, 0x00, 0x00, 0x01, 0x01, 0x00, 0x00,
    0x02, 0x01, 0x00, 0x00, 0x10, 0x40, 0x00, 0x00, 0x10, 0x61, 0x02, 0x00,
    0x12, 0x01, 0x01, 0x00, 0x1b, 0x01, 0x01, 0x00, 0x1c, 0x01, 0x01, 0x00,
    0x13, 0x01, 0x0b, 0x00, 0x21, 0x01, 0x00, 0x00, 0x20, 0x01, 0x00, 0x00,
    0x22, 0x01, 0x04, 0x00, 0x20, 0x40, 0x00, 0x00, 0x30, 0x03, 0x00, 0x00,
    0x21, 0x40, 0x00, 0x00, 0xd0, 0x00, 0x00, 0x00, 0x22, 0x40, 0x00, 0x00,
    0xb0, 0x02, 0x00, 0x00, 0x23, 0x40, 0x00, 0x00, 0x80, 0x00, 0x00, 0x00,
    0x17, 0x01, 0x0f, 0x00, 0x2f, 0x01, 0x01, 0x00, 0x02, 0x00, 0x00, 0x00,
    0x00, 0x40, 0x00, 0x00, 0x30, 0x56, 0x02, 0x00, 0x0b, 0x01, 0x02, 0x00,
    0x0c, 0x01, 0x02, 0x00, 0x04, 0x01, 0x0b, 0x00, 0x10, 0x40, 0x00, 0x00,
    0xe0, 0x44, 0x00, 0x00, 0x12, 0x01, 0x00, 0x00, 0x1b, 0x01, 0x00, 0x00,
    0x1c, 0x01, 0x00, 0x00, 0x21, 0x01, 0x02, 0x00, 0x22, 0x01, 0x02, 0x00,
    0x20, 0x40, 0x00, 0x00, 0x80, 0x04, 0x00, 0x00, 0x21, 0x40, 0x00, 0x00,
    0x40, 0x00, 0x00, 0x00, 0x22, 0x40, 0x00, 0x00, 0x00, 0x04, 0x00, 0x00,
    0x0d, 0x01, 0x12, 0x00, 0x03, 0x00, 0x00, 0x00, 0x00, 0x40, 0x00, 0x00,
    0x70, 0x5d, 0x02, 0x00, 0x10, 0x40, 0x00, 0x00, 0x80, 0x48, 0x00, 0x00,
    0x2f, 0x01, 0x03, 0x00, 0x03, 0x00, 0x00, 0x00, 0x00, 0x40, 0x00, 0x00,
    0x90, 0x6f, 0x02, 0x00, 0x0b, 0x01, 0x01, 0x00, 0x0c, 0x01, 0x01, 0x00,
    0x04, 0x01, 0x07, 0x00, 0x10, 0x40, 0x00, 0x00, 0x90, 0x52, 0x02, 0x00,
    0x12, 0x01, 0x01, 0x00, 0x1b, 0x01, 0x01, 0x00, 0x1c, 0x01, 0x01, 0x00,
    0x21, 0x01, 0x00, 0x00, 0x22, 0x01, 0x04, 0x00, 0x20, 0x40, 0x00, 0x00,
    0x30, 0x03, 0x00, 0x00, 0x21, 0x40, 0x00, 0x00, 0xd0, 0x00, 0x00, 0x00,
    0x22, 0x40, 0x00, 0x00, 0xb0, 0x02, 0x00, 0x00, 0x0d, 0x01, 0x0a, 0x00,
    0x02, 0x00, 0x00, 0x00, 0x00, 0x40, 0x00, 0x00, 0xa0, 0x2e, 0x02, 0x00,
    0x0b, 0x01, 0x02, 0x00, 0x0c, 0x01, 0x02, 0x00, 0x0a, 0x01, 0x72, 0x00,
    0x05, 0x40, 0x00, 0x00, 0x30, 0x07, 0x00, 0x00, 0x06, 0x40, 0x00, 0x00,
    0x30, 0x07, 0x00, 0x00, 0x01, 0x01, 0x01, 0x00, 0x02, 0x01, 0x01, 0x00,
    0x10, 0x40, 0x00, 0x00, 0x50, 0x68, 0x02, 0x00, 0x12, 0x01, 0x00, 0x00,
    0x1b, 0x01, 0x00, 0x00, 0x1c, 0x01, 0x00, 0x00, 0x13, 0x01, 0x07, 0x00,
    0x21, 0x01, 0x02, 0x00, 0x20, 0x01, 0x02, 0x00, 0x22, 0x01, 0x01, 0x00,
    0x20, 0x40, 0x00, 0x00, 0x30, 0x02, 0x00, 0x00, 0x21, 0x40, 0x00, 0x00,
    0x80, 0x00, 0x00, 0x00, 0x22, 0x40, 0x00, 0x00, 0xe0, 0x01, 0x00, 0x00,
    0x23, 0x40, 0x00, 0x00, 0x50, 0x00, 0x00, 0x00, 0x17, 0x01, 0x07, 0x00,
    0x03, 0x00, 0x00, 0x00, 0x00, 0x40, 0x00, 0x00, 0x64, 0x5c, 0x01, 0x00,
    0x04, 0x01, 0x03, 0x00, 0x05, 0x40, 0x00, 0x00, 0xcc, 0x01, 0x00, 0x00,
    0x04, 0x40, 0x00, 0x00, 0x04, 0x00, 0x00, 0x00, 0x06, 0x40, 0x00, 0x00,
    0x01, 0x00, 0x00, 0x00, 0x09, 0x01, 0xff, 0xff, 0x05, 0x01, 0x01, 0x00,
    0x10, 0x40, 0x00, 0x00, 0x30, 0x44, 0x02, 0x00, 0x11, 0x01, 0x72, 0x00,
    0x1a, 0x01, 0x72, 0x00, 0x15, 0x40, 0x00, 0x00, 0x30, 0x07, 0x00, 0x00,
    0x16, 0x40, 0x00, 0x00, 0x30, 0x07, 0x00, 0x00, 0x22, 0x01, 0x06, 0x00,
    0x20, 0x40, 0x00, 0x00, 0x50, 0x00, 0x00, 0x00, 0x21, 0x40, 0x00, 0x00,
    0x90, 0x01, 0x00, 0x00, 0x22, 0x40, 0x00, 0x00, 0x00, 0x00, 0x00, 0x00,
    0x15, 0x01, 0x3f, 0x00, 0x02, 0x00, 0x00, 0x00, 0x00, 0x40, 0x00, 0x00,
    0xfc, 0x5f, 0x01, 0x00, 0x10, 0x40, 0x00, 0x00, 0x60, 0x4b, 0x02, 0x00,
    0x02, 0x00, 0x00, 0x00, 0x00, 0x40, 0x00, 0x00, 0x94, 0x63, 0x01, 0x00,
    0x10, 0x40, 0x00, 0x00, 0x70, 0x27, 0x02, 0x00, 0x02, 0x00, 0x00, 0x00,
    0x00, 0x40, 0x00, 0x00, 0x2c, 0x67, 0x01, 0x00, 0x10, 0x40, 0x00, 0x00,
    0xa0, 0x2e, 0x02, 0x00, 0x02, 0x00, 0x00, 0x00, 0x00, 0x40, 0x00, 0x00,
    0xd0, 0x35, 0x02, 0x00, 0x04, 0x01, 0x07, 0x00, 0x05, 0x40, 0x00, 0x00,
    0x30, 0x07, 0x00, 0x00, 0x04, 0x40, 0x00, 0x00, 0x10, 0x00, 0x00, 0x00,
    0x06, 0x40, 0x00, 0x00, 0x30, 0x07, 0x00, 0x00, 0x09, 0x01, 0x80, 0xff,
    0x05, 0x01, 0x41, 0x00, 0x10, 0x40, 0x00, 0x00, 0xf0, 0x6b, 0x02, 0x00,
    0x11, 0x01, 0x39, 0x00, 0x1a, 0x01, 0x39, 0x00, 0x15, 0x40, 0x00, 0x00,
    0xa0, 0x03, 0x00, 0x00, 0x16, 0x40, 0x00, 0x00, 0xa0, 0x03, 0x00, 0x00,
    0x22, 0x01, 0x01, 0x00, 0x20, 0x40, 0x00, 0x00, 0x30, 0x02, 0x00, 0x00,
    0x21, 0x40, 0x00, 0x00, 0x80, 0x00, 0x00, 0x00, 0x22, 0x40, 0x00, 0x00,
    0xe0, 0x01, 0x00, 0x00, 0x15, 0x01, 0x39, 0x00, 0x2f, 0x01, 0x01, 0x00,
    0x03, 0x00, 0x00, 0x00, 0x00, 0x40, 0x00, 0x00, 0x00, 0x3d, 0x02, 0x00,
    0x10, 0x40, 0x00, 0x00, 0x90, 0x6f, 0x02, 0x00, 0x2f, 0x01, 0x03, 0x00,
    0x03, 0x00, 0x00, 0x00, 0x00, 0x40, 0x00, 0x00, 0x30, 0x44, 0x02, 0x00,
    0x02, 0x40, 0x00, 0x00, 0x70, 0x27, 0x02, 0x00, 0x0b, 0x01, 0x01, 0x00,
    0x0c, 0x01, 0x01, 0x00, 0x10, 0x40, 0x00, 0x00, 0x30, 0x73, 0x02, 0x00,
    0x03, 0x00, 0x00, 0x00, 0x00, 0x40, 0x00, 0x00, 0x50, 0x68, 0x02, 0x00,
    0x02, 0x40, 0x00, 0x00, 0x00, 0x00, 0x00, 0x00, 0x0a, 0x01, 0x39, 0x00,
    0x05, 0x40, 0x00, 0x00, 0xa0, 0x03, 0x00, 0x00, 0x06, 0x40, 0x00, 0x00,
    0xa0, 0x03, 0x00, 0x00, 0x01, 0x01, 0x00, 0x00, 0x02, 0x01, 0x00, 0x00,
    0x10, 0x40, 0x00, 0x00, 0xd0, 0x59, 0x02, 0x00, 0x12, 0x01, 0x01, 0x00,
    0x1b, 0x01, 0x01, 0x00, 0x1c, 0x01, 0x01, 0x00, 0x13, 0x01, 0x0b, 0x00,
    0x21, 0x01, 0x00, 0x00, 0x20, 0x01, 0x00, 0x00, 0x22, 0x01, 0x04, 0x00,
    0x20, 0x40, 0x00, 0x00, 0x30, 0x03, 0x00, 0x00, 0x21, 0x40, 0x00, 0x00,
    0xd0, 0x00, 0x00, 0x00, 0x22, 0x40, 0x00, 0x00, 0xb0, 0x02, 0x00, 0x00,
    0x23, 0x40, 0x00, 0x00, 0x80, 0x00, 0x00, 0x00, 0x17, 0x01, 0x0f, 0x00,
    0x2f, 0x01, 0x01, 0x00, 0x02, 0x00, 0x00, 0x00, 0x00, 0x40, 0x00, 0x00,
    0xb0, 0x64, 0x02, 0x00, 0x02, 0x40, 0x00, 0x00, 0x90, 0x52, 0x02, 0x00,
    0x0b, 0x01, 0x00, 0x00, 0x0c, 0x01, 0x00, 0x00, 0x04, 0x01, 0x0b, 0x00,
    0x10, 0x40, 0x00, 0x00, 0x20, 0x4c, 0x00, 0x00, 0x12, 0x01, 0x00, 0x00,
    0x1b, 0x01, 0x00, 0x00, 0x1c, 0x01, 0x00, 0x00, 0x21, 0x01, 0x02, 0x00,
    0x22, 0x01, 0x02, 0x00, 0x20, 0x40, 0x00, 0x00, 0x80, 0x04, 0x00, 0x00,
    0x21, 0x40, 0x00, 0x00, 0x40, 0x00, 0x00, 0x00, 0x22, 0x40, 0x00, 0x00,
    0x00, 0x04, 0x00, 0x00, 0x0d, 0x01, 0x12, 0x00, 0x03, 0x00, 0x00, 0x00,
    0x00, 0x40, 0x00, 0x00, 0x30, 0x56, 0x02, 0x00, 0x02, 0x40, 0x00, 0x00,
    0x00, 0x00, 0x00, 0x00, 0x0b, 0x01, 0x02, 0x00, 0x0c, 0x01, 0x02, 0x00,
    0x10, 0x40, 0x00, 0x00, 0xc0, 0x4f, 0x00, 0x00, 0x2f, 0x01, 0x03, 0x00,
    0x03, 0x00, 0x00, 0x00, 0x00, 0x40, 0x00, 0x00, 0x90, 0x6f, 0x02, 0x00,
    0x0b, 0x01, 0x01, 0x00, 0x0c, 0x01, 0x01, 0x00, 0x04, 0x01, 0x07, 0x00,
    0x10, 0x40, 0x00, 0x00, 0x10, 0x61, 0x02, 0x00, 0x12, 0x01, 0x01, 0x00,
    0x1b, 0x01, 0x01, 0x00, 0x1c, 0x01, 0x01, 0x00, 0x21, 0x01, 0x00, 0x00,
    0x22, 0x01, 0x04, 0x00, 0x20, 0x40, 0x00, 0x00, 0x30, 0x03, 0x00, 0x00,
    0x21, 0x40, 0x00, 0x00, 0xd0, 0x00, 0x00, 0x00, 0x22, 0x40, 0x00, 0x00,
    0xb0, 0x02, 0x00, 0x00, 0x0d, 0x01, 0x0a, 0x00, 0x02, 0x00, 0x00, 0x00,
    0x00, 0x40, 0x00, 0x00, 0x60, 0x4b, 0x02, 0x00, 0x02, 0x40, 0x00, 0x00,
    0x70, 0x27, 0x02, 0x00, 0x0b, 0x01, 0x00, 0x00, 0x0c, 0x01, 0x00, 0x00,
    0x0a, 0x01, 0x72, 0x00, 0x05, 0x40, 0x00, 0x00, 0x30, 0x07, 0x00, 0x00,
    0x06, 0x40, 0x00, 0x00, 0x30, 0x07, 0x00, 0x00, 0x01, 0x01, 0x01, 0x00,
    0x02, 0x01, 0x01, 0x00, 0x10, 0x40, 0x00, 0x00, 0x50, 0x68, 0x02, 0x00,
    0x12, 0x01, 0x00, 0x00, 0x1b, 0x01, 0x00, 0x00, 0x1c, 0x01, 0x00, 0x00,
    0x13, 0x01, 0x07, 0x00, 0x21, 0x01, 0x02, 0x00, 0x20, 0x01, 0x02, 0x00,
    0x22, 0x01, 0x01, 0x00, 0x20, 0x40, 0x00, 0x00, 0x30, 0x02, 0x00, 0x00,
    0x21, 0x40, 0x00, 0x00, 0x80, 0x00, 0x00, 0x00, 0x22, 0x40, 0x00, 0x00,
    0xe0, 0x01, 0x00, 0x00, 0x23, 0x40, 0x00, 0x00, 0x50, 0x00, 0x00, 0x00,
    0x17, 0x01, 0x07, 0x00, 0x03, 0x00, 0x00, 0x00, 0x00, 0x40, 0x00, 0x00,
    0xc4, 0x6a, 0x01, 0x00, 0x02, 0x40, 0x00, 0x00, 0x00, 0x00, 0x00, 0x00,
    0x0b, 0x01, 0x02, 0x00, 0x0c, 0x01, 0x02, 0x00, 0x04, 0x01, 0x03, 0x00,
    0x05, 0x40, 0x00, 0x00, 0xcc, 0x01, 0x00, 0x00, 0x04, 0x40, 0x00, 0x00,
    0x04, 0x00, 0x00, 0x00, 0x06, 0x40, 0x00, 0x00, 0x01, 0x00, 0x00, 0x00,
    0x09, 0x01, 0xff, 0xff, 0x05, 0x01, 0x01, 0x00, 0x10, 0x40, 0x00, 0x00,
    0xd0, 0x35, 0x02, 0x00, 0x11, 0x01, 0x72, 0x00, 0x1a, 0x01, 0x72, 0x00,
    0x15, 0x40, 0x00, 0x00, 0x30, 0x07, 0x00, 0x00, 0x16, 0x40, 0x00, 0x00,
    0x30, 0x07, 0x00, 0x00, 0x22, 0x01, 0x06, 0x00, 0x20, 0x40, 0x00, 0x00,
    0x50, 0x00, 0x00, 0x00, 0x21, 0x40, 0x00, 0x00, 0x90, 0x01, 0x00, 0x00,
    0x22, 0x40, 0x00, 0x00, 0x00, 0x00, 0x00, 0x00, 0x15, 0x01, 0x3f, 0x00,
    0x02, 0x00, 0x00, 0x00, 0x00, 0x40, 0x00, 0x00, 0x5c, 0x6e, 0x01, 0x00,
    0x10, 0x40, 0x00, 0x00, 0x00, 0x3d, 0x02, 0x00, 0x02, 0x00, 0x00, 0x00,
    0x00, 0x40, 0x00, 0x00, 0xf4, 0x71, 0x01, 0x00, 0x10, 0x40, 0x00, 0x00,
    0x30, 0x44, 0x02, 0x00, 0x02, 0x00, 0x00, 0x00, 0x00, 0x40, 0x00, 0x00,
    0x8c, 0x75, 0x01, 0x00, 0x10, 0x40, 0x00, 0x00, 0x60, 0x4b, 0x02, 0x00,
    0x02, 0x00, 0x00, 0x00, 0x00, 0x40, 0x00, 0x00, 0x70, 0x27, 0x02, 0x00,
    0x04, 0x01, 0x07, 0x00, 0x05, 0x40, 0x00, 0x00, 0x30, 0x07, 0x00, 0x00,
    0x04, 0x40, 0x00, 0x00, 0x10, 0x00, 0x00, 0x00, 0x06, 0x40, 0x00, 0x00,
    0x30, 0x07, 0x00, 0x00, 0x09, 0x01, 0x80, 0xff, 0x05, 0x01, 0x41, 0x00,
    0x10, 0x40, 0x00, 0x00, 0xf0, 0x6b, 0x02, 0x00, 0x11, 0x01, 0x39, 0x00,
    0x1a, 0x01, 0x39, 0x00, 0x15, 0x40, 0x00, 0x00, 0xa0, 0x03, 0x00, 0x00,
    0x16, 0x40, 0x00, 0x00, 0xa0, 0x03, 0x00, 0x00, 0x22, 0x01, 0x01, 0x00,
    0x20, 0x40, 0x00, 0x00, 0x30, 0x02, 0x00, 0x00, 0x21, 0x40, 0x00, 0x00,
    0x80, 0x00, 0x00, 0x00, 0x22, 0x40, 0x00, 0x00, 0xe0, 0x01, 0x00, 0x00,
    0x15, 0x01, 0x39, 0x00, 0x2f, 0x01, 0x01, 0x00, 0x03, 0x00, 0x00, 0x00,
    0x00, 0x40, 0x00, 0x00, 0xa0, 0x2e, 0x02, 0x00, 0x10, 0x40, 0x00, 0x00,
    0x90, 0x6f, 0x02, 0x00, 0x2f, 0x01, 0x03, 0x00, 0x03, 0x00, 0x00, 0x00,
    0x00, 0x40, 0x00, 0x00, 0xd0, 0x35, 0x02, 0x00, 0x10, 0x40, 0x00, 0x00,
    0x30, 0x73, 0x02, 0x00, 0x03, 0x00, 0x00, 0x00, 0x00, 0x40, 0x00, 0x00,
    0x50, 0x68, 0x02, 0x00, 0x0b, 0x01, 0x01, 0x00, 0x0c, 0x01, 0x01, 0x00,
    0x0a, 0x01, 0x39, 0x00, 0x05, 0x40, 0x00, 0x00, 0xa0, 0x03, 0x00, 0x00,
    0x06, 0x40, 0x00, 0x00, 0xa0, 0x03, 0x00, 0x00, 0x01, 0x01, 0x00, 0x00,
    0x02, 0x01, 0x00, 0x00, 0x10, 0x40, 0x00, 0x00, 0x90, 0x52, 0x02, 0x00,
    0x12, 0x01, 0x01, 0x00, 0x1b, 0x01, 0x01, 0x00, 0x1c, 0x01, 0x01, 0x00,
    0x13, 0x01, 0x0b, 0x00, 0x21, 0x01, 0x00, 0x00, 0x20, 0x01, 0x00, 0x00,
    0x22, 0x01, 0x04, 0x00, 0x20, 0x40, 0x00, 0x00, 0x30, 0x03, 0x00, 0x00,
    0x21, 0x40, 0x00, 0x00, 0xd0, 0x00, 0x00, 0x00, 0x22, 0x40, 0x00, 0x00,
    0xb0, 0x02, 0x00, 0x00, 0x23, 0x40, 0x00, 0x00, 0x80, 0x00, 0x00, 0x00,
    0x17, 0x01, 0x0f, 0x00, 0x2f, 0x01, 0x01, 0x00, 0x02, 0x00, 0x00, 0x00,
    0x00, 0x40, 0x00, 0x00, 0x70, 0x5d, 0x02, 0x00, 0x0b, 0x01, 0x02, 0x00,
    0x0c, 0x01, 0x02, 0x00, 0x04, 0x01, 0x0b, 0x00, 0x10, 0x40, 0x00, 0x00,
    0x60, 0x53, 0x00, 0x00, 0x12, 0x01, 0x00, 0x00, 0x1b, 0x01, 0x00, 0x00,
    0x1c, 0x01, 0x00, 0x00, 0x21, 0x01, 0x02, 0x00, 0x22, 0x01, 0x02, 0x00,
    0x20, 0x40, 0x00, 0x00, 0x80, 0x04, 0x00, 0x00, 0x21, 0x40, 0x00, 0x00,
    0x40, 0x00, 0x00, 0x00, 0x22, 0x40, 0x00, 0x00, 0x00, 0x04, 0x00, 0x00,
    0x0d, 0x01, 0x12, 0x00, 0x03, 0x00, 0x00, 0x00, 0x00, 0x40, 0x00, 0x00,
    0xb0, 0x64, 0x02, 0x00, 0x02, 0x40, 0x00, 0x00, 0x90, 0x52, 0x02, 0x00,
    0x0b, 0x01, 0x00, 0x00, 0x0c, 0x01, 0x00, 0x00, 0x10, 0x40, 0x00, 0x00,
    0x00, 0x57, 0x00, 0x00, 0x2f, 0x01, 0x03, 0x00, 0x03, 0x00, 0x00, 0x00,
    0x00, 0x40, 0x00, 0x00, 0x90, 0x6f, 0x02, 0x00, 0x02, 0x40, 0x00, 0x00,
    0x00, 0x00, 0x00, 0x00, 0x0b, 0x01, 0x01, 0x00, 0x0c, 0x01, 0x01, 0x00,
    0x04, 0x01, 0x07, 0x00, 0x10, 0x40, 0x00, 0x00, 0xd0, 0x59, 0x02, 0x00,
    0x12, 0x01, 0x01, 0x00, 0x1b, 0x01, 0x01, 0x00, 0x1c, 0x01, 0x01, 0x00,
    0x21, 0x01, 0x00, 0x00, 0x22, 0x01, 0x04, 0x00, 0x20, 0x40, 0x00, 0x00,
    0x30, 0x03, 0x00, 0x00, 0x21, 0x40, 0x00, 0x00, 0xd0, 0x00, 0x00, 0x00,
    0x22, 0x40, 0x00, 0x00, 0xb0, 0x02, 0x00, 0x00, 0x0d, 0x01, 0x0a, 0x00,
    0x02, 0x00, 0x00, 0x00, 0x00, 0x40, 0x00, 0x00, 0x00, 0x3d, 0x02, 0x00,
    0x0b, 0x01, 0x02, 0x00, 0x0c, 0x01, 0x02, 0x00, 0x0a, 0x01, 0x72, 0x00,
    0x05, 0x40, 0x00, 0x00, 0x30, 0x07, 0x00, 0x00, 0x06, 0x40, 0x00, 0x00,
    0x30, 0x07, 0x00, 0x00, 0x01, 0x01, 0x01, 0x00, 0x02, 0x01, 0x01, 0x00,
    0x10, 0x40, 0x00, 0x00, 0x50, 0x68, 0x02, 0x00, 0x12, 0x01, 0x00, 0x00,
    0x1b, 0x01, 0x00, 0x00, 0x1c, 0x01, 0x00, 0x00, 0x13, 0x01, 0x07, 0x00,
    0x21, 0x01, 0x02, 0x00, 0x20, 0x01, 0x02, 0x00, 0x22, 0x01, 0x01, 0x00,
    0x20, 0x40, 0x00, 0x00, 0x30, 0x02, 0x00, 0x00, 0x21, 0x40, 0x00, 0x00,
    0x80, 0x00, 0x00, 0x00, 0x22, 0x40, 0x00, 0x00, 0xe0, 0x01, 0x00, 0x00,
    0x23, 0x40, 0x00, 0x00, 0x50, 0x00, 0x00, 0x00, 0x17, 0x01, 0x07, 0x00,
    0x03, 0x00, 0x00, 0x00, 0x00, 0x40, 0x00, 0x00, 0x24, 0x79, 0x01, 0x00,
    0x04, 0x01, 0x03, 0x00, 0x05, 0x40, 0x00, 0x00, 0xcc, 0x01, 0x00, 0x00,
    0x04, 0x40, 0x00, 0x00, 0x04, 0x00, 0x00, 0x00, 0x06, 0x40, 0x00, 0x00,
    0x01, 0x00, 0x00, 0x00, 0x09, 0x01, 0xff, 0xff, 0x05, 0x01, 0x01, 0x00,
    0x10, 0x40, 0x00, 0x00, 0x70, 0x27, 0x02, 0x00, 0x11, 0x01, 0x72, 0x00,
    0x1a, 0x01, 0x72, 0x00, 0x15, 0x40, 0x00, 0x00, 0x30, 0x07, 0x00, 0x00,
    0x16, 0x40, 0x00, 0x00, 0x30, 0x07, 0x00, 0x00, 0x22, 0x01, 0x06, 0x00,
    0x20, 0x40, 0x00, 0x00, 0x50, 0x00, 0x00, 0x00, 0x21, 0x40, 0x00, 0x00,
    0x90, 0x01, 0x00, 0x00, 0x22, 0x40, 0x00, 0x00, 0x00, 0x00, 0x00, 0x00,
    0x15, 0x01, 0x3f, 0x00, 0x02, 0x00, 0x00, 0x00, 0x00, 0x40, 0x00, 0x00,
    0xbc, 0x7c, 0x01, 0x00, 0x10, 0x40, 0x00, 0x00, 0xa0, 0x2e, 0x02, 0x00,
    0x02, 0x00, 0x00, 0x00, 0x00, 0x40, 0x00, 0x00, 0x54, 0x80, 0x01, 0x00,
    0x10, 0x40, 0x00, 0x00, 0xd0, 0x35, 0x02, 0x00, 0x02, 0x00, 0x00, 0x00,
    0x00, 0x40, 0x00, 0x00, 0xec, 0x83, 0x01, 0x00, 0x10, 0x40, 0x00, 0x00,
    0x00, 0x3d, 0x02, 0x00, 0x02, 0x00, 0x00, 0x00, 0x00, 0x40, 0x00, 0x00,
    0x30, 0x44, 0x02, 0x00, 0x02, 0x40, 0x00, 0x00, 0x70, 0x27, 0x02, 0x00,
    0x0b, 0x01, 0x01, 0x00, 0x0c, 0x01, 0x01, 0x00, 0x04, 0x01, 0x07, 0x00,
    0x05, 0x40, 0x00, 0x00, 0x30, 0x07, 0x00, 0x00, 0x04, 0x40, 0x00, 0x00,
    0x10, 0x00, 0x00, 0x00, 0x06, 0x40, 0x00, 0x00, 0x30, 0x07, 0x00, 0x00,
    0x09, 0x01, 0x80, 0xff, 0x05, 0x01, 0x41, 0x00, 0x10, 0x40, 0x00, 0x00,
    0xf0, 0x6b, 0x02, 0x00, 0x11, 0x01, 0x39, 0x00, 0x1a, 0x01, 0x39, 0x00,
    0x15, 0x40, 0x00, 0x00, 0xa0, 0x03, 0x00, 0x00, 0x16, 0x40, 0x00, 0x00,
    0xa0, 0x03, 0x00, 0x00, 0x22, 0x01, 0x01, 0x00, 0x20, 0x40, 0x00, 0x00,
    0x30, 0x02, 0x00, 0x00, 0x21, 0x40, 0x00, 0x00, 0x80, 0x00, 0x00, 0x00,
    0x22, 0x40, 0x00, 0x00, 0xe0, 0x01, 0x00, 0x00, 0x15, 0x01, 0x39, 0x00,
    0x2f, 0x01, 0x01, 0x00, 0x03, 0x00, 0x00, 0x00, 0x00, 0x40, 0x00, 0x00,
    0x60, 0x4b, 0x02, 0x00, 0x0b, 0x01, 0x00, 0x00, 0x0c, 0x01, 0x00, 0x00,
    0x10, 0x40, 0x00, 0x00, 0x90, 0x6f, 0x02, 0x00, 0x2f, 0x01, 0x03, 0x00,
    0x03, 0x00, 0x00, 0x00, 0x00, 0x40, 0x00, 0x00, 0x70, 0x27, 0x02, 0x00,
    0x02, 0x40, 0x00, 0x00, 0x00, 0x00, 0x00, 0x00, 0x0b, 0x01, 0x02, 0x00,
    0x0c, 0x01, 0x02, 0x00, 0x10, 0x40, 0x00, 0x00, 0x30, 0x73, 0x02, 0x00,
    0x03, 0x00, 0x00, 0x00, 0x00, 0x40, 0x00, 0x00, 0x50, 0x68, 0x02, 0x00,
    0x0b, 0x01, 0x01, 0x00, 0x0c, 0x01, 0x01, 0x00, 0x0a, 0x01, 0x39, 0x00,
    0x05, 0x40, 0x00, 0x00, 0xa0, 0x03, 0x00, 0x00, 0x06, 0x40, 0x00, 0x00,
    0xa0, 0x03, 0x00, 0x00, 0x01, 0x01, 0x00, 0x00, 0x02, 0x01, 0x00, 0x00,
    0x10, 0x40, 0x00, 0x00, 0x10, 0x61, 0x02, 0x00, 0x12, 0x01, 0x01, 0x00,
    0x1b, 0x01, 0x01, 0x00, 0x1c, 0x01, 0x01, 0x00, 0x13, 0x01, 0x0b, 0x00,
    0x21, 0x01, 0x00, 0x00, 0x20, 0x01, 0x00, 0x00, 0x22, 0x01, 0x04, 0x00,
    0x20, 0x40, 0x00, 0x00, 0x30, 0x03, 0x00, 0x00, 0x21, 0x40, 0x00, 0x00,
    0xd0, 0x00, 0x00, 0x00, 0x22, 0x40, 0x00, 0x00, 0xb0, 0x02, 0x00, 0x00,
    0x23, 0x40, 0x00, 0x00, 0x80, 0x00, 0x00, 0x00, 0x17, 0x01, 0x0f, 0x00,
    0x2f, 0x01, 0x01, 0x00, 0x02, 0x00, 0x00, 0x00, 0x00, 0x40, 0x00, 0x00,
    0x30, 0x56, 0x02, 0x00, 0x0b, 0x01, 0x02, 0x00, 0x0c, 0x01, 0x02, 0x00,
    0x04, 0x01, 0x0b, 0x00, 0x10, 0x40, 0x00, 0x00, 0xa0, 0x5a, 0x00, 0x00,
    0x12, 0x01, 0x00, 0x00, 0x1b, 0x01, 0x00, 0x00, 0x1c, 0x01, 0x00, 0x00,
    0x21, 0x01, 0x02, 0x00, 0x22, 0x01, 0x02, 0x00, 0x20, 0x40, 0x00, 0x00,
    0x80, 0x04, 0x00, 0x00, 0x21, 0x40, 0x00, 0x00, 0x40, 0x00, 0x00, 0x00,
    0x22, 0x40, 0x00, 0x00, 0x00, 0x04, 0x00, 0x00, 0x0d, 0x01, 0x12, 0x00,
    0x03, 0x00, 0x00, 0x00, 0x00, 0x40, 0x00, 0x00, 0x70, 0x5d, 0x02, 0x00,
    0x10, 0x40, 0x00, 0x00, 0x40, 0x5e, 0x00, 0x00, 0x2f, 0x01, 0x03, 0x00,
    0x03, 0x00, 0x00, 0x00, 0x00, 0x40, 0x00, 0x00, 0x90, 0x6f, 0x02, 0x00,
    0x0b, 0x01, 0x01, 0x00, 0x0c, 0x01, 0x01, 0x00, 0x04, 0x01, 0x07, 0x00,
    0x10, 0x40, 0x00, 0x00, 0x90, 0x52, 0x02, 0x00, 0x12, 0x01, 0x01, 0x00,
    0x1b, 0x01, 0x01, 0x00, 0x1c, 0x01, 0x01, 0x00, 0x21, 0x01, 0x00, 0x00,
    0x22, 0x01, 0x04, 0x00, 0x20, 0x40, 0x00, 0x00, 0x30, 0x03, 0x00, 0x00,
    0x21, 0x40, 0x00, 0x00, 0xd0, 0x00, 0x00, 0x00, 0x22, 0x40, 0x00, 0x00,
    0xb0, 0x02, 0x00, 0x00, 0x0d, 0x01, 0x0a, 0x00, 0x02, 0x00, 0x00, 0x00,
    0x00, 0x40, 0x00, 0x00, 0xa0, 0x2e, 0x02, 0x00, 0x0b, 0x01, 0x02, 0x00,
    0x0c, 0x01, 0x02, 0x00, 0x0a, 0x01, 0x72, 0x00, 0x05, 0x40, 0x00, 0x00,
    0x30, 0x07, 0x00, 0x00, 0x06, 0x40, 0x00, 0x00, 0x30, 0x07, 0x00, 0x00,
    0x01, 0x01, 0x01, 0x00, 0x02, 0x01, 0x01, 0x00, 0x10, 0x40, 0x00, 0x00,
    0x50, 0x68, 0x02, 0x00, 0x12, 0x01, 0x00, 0x00, 0x1b, 0x01, 0x00, 0x00,
    0x1c, 0x01, 0x00, 0x00, 0x13, 0x01, 0x07, 0x00, 0x21, 0x01, 0x02, 0x00,
    0x20, 0x01, 0x02, 0x00, 0x22, 0x01, 0x01, 0x00, 0x20, 0x40, 0x00, 0x00,
    0x30, 0x02, 0x00, 0x00, 0x21, 0x40, 0x00, 0x00, 0x80, 0x00, 0x00, 0x00,
    0x22, 0x40, 0x00, 0x00, 0xe0, 0x01, 0x00, 0x00, 0x23, 0x40, 0x00, 0x00,
    0x50, 0x00, 0x00, 0x00, 0x17, 0x01, 0x07, 0x00, 0x03, 0x00, 0x00, 0x00,
    0x00, 0x40, 0x00, 0x00, 0x84, 0x87, 0x01, 0x00, 0x04, 0x01, 0x03, 0x00,
    0x05, 0x40, 0x00, 0x00, 0xcc, 0x01, 0x00, 0x00, 0x04, 0x40, 0x00, 0x00,
    0x04, 0x00, 0x00, 0x00, 0x06, 0x40, 0x00, 0x00, 0x01, 0x00, 0x00, 0x00,
    0x09, 0x01, 0xff, 0xff, 0x05, 0x01, 0x01, 0x00, 0x10, 0x40, 0x00, 0x00,
    0x30, 0x44, 0x02, 0x00, 0x11, 0x01, 0x72, 0x00, 0x1a, 0x01, 0x72, 0x00,
    0x15, 0x40, 0x00, 0x00, 0x30, 0x07, 0x00, 0x00, 0x16, 0x40, 0x00, 0x00,
    0x30, 0x07, 0x00, 0x00, 0x22, 0x01, 0x06, 0x00, 0x20, 0x40, 0x00, 0x00,
    0x50, 0x00, 0x00, 0x00, 0x21, 0x40, 0x00, 0x00, 0x90, 0x01, 0x00, 0x00,
    0x22, 0x40, 0x00, 0x00, 0x00, 0x00, 0x00, 0x00, 0x15, 0x01, 0x3f, 0x00,
    0x02, 0x00, 0x00, 0x00, 0x00, 0x40, 0x00, 0x00, 0x1c, 0x8b, 0x01, 0x00,
    0x10, 0x40, 0x00, 0x00, 0x60, 0x4b, 0x02, 0x00, 0x02, 0x00, 0x00, 0x00,
    0x00, 0x40, 0x00, 0x00, 0xb4, 0x8e, 0x01, 0x00, 0x10, 0x40, 0x00, 0x00,
    0x70, 0x27, 0x02, 0x00, 0x02, 0x00, 0x00, 0x00, 0x00, 0x40, 0x00, 0x00,
    0x4c, 0x92, 0x01, 0x00, 0x10, 0x40, 0x00, 0x00, 0xa0, 0x2e, 0x02, 0x00,
    0x02, 0x00, 0x00, 0x00, 0x00, 0x40, 0x00, 0x00, 0xd0, 0x35, 0x02, 0x00,
    0x04, 0x01, 0x07, 0x00, 0x05, 0x40, 0x00, 0x00, 0x30, 0x07, 0x00, 0x00,
    0x04, 0x40, 0x00, 0x00, 0x10, 0x00, 0x00, 0x00, 0x06, 0x40, 0x00, 0x00,
    0x30, 0x07, 0x00, 0x00, 0x09, 0x01, 0x80, 0xff, 0x05, 0x01, 0x41, 0x00,
    0x10, 0x40, 0x00, 0x00, 0xf0, 0x6b, 0x02, 0x00, 0x11, 0x01, 0x39, 0x00,
    0x1a, 0x01, 0x39, 0x00, 0x15, 0x40, 0x00, 0x00, 0xa0, 0x03, 0x00, 0x00,
    0x16, 0x40, 0x00, 0x00, 0xa0, 0x03, 0x00, 0x00, 0x22, 0x01, 0x01, 0x00,
    0x20, 0x40, 0x00, 0x00, 0x30, 0x02, 0x00, 0x00, 0x21, 0x40, 0x00, 0x00,
    0x80, 0x00, 0x00, 0x00, 0x22, 0x40, 0x00, 0x00, 0xe0, 0x01, 0x00, 0x00,
    0x15, 0x01, 0x39, 0x00, 0x2f, 0x01, 0x01, 0x00, 0x03, 0x00, 0x00, 0x00,
    0x00, 0x40, 0x00, 0x00, 0x00, 0x3d, 0x02, 0x00, 0x10, 0x40, 0x00, 0x00,
    0x90, 0x6f, 0x02, 0x00, 0x2f, 0x01, 0x03, 0x00, 0x03, 0x00, 0x00, 0x00,
    0x00, 0x40, 0x00, 0x00, 0x30, 0x44, 0x02, 0x00, 0x02, 0x40, 0x00, 0x00,
    0x70, 0x27, 0x02, 0x00, 0x0b, 0x01, 0x01, 0x00, 0x0c, 0x01, 0x01, 0x00,
    0x10, 0x40, 0x00, 0x00, 0x30, 0x73, 0x02, 0x00, 0x03, 0x00, 0x00, 0x00,
    0x00, 0x40, 0x00, 0x00, 0x50, 0x68, 0x02, 0x00, 0x02, 0x40, 0x00, 0x00,
    0x00, 0x00, 0x00, 0x00, 0x0a, 0x01, 0x39, 0x00, 0x05, 0x40, 0x00, 0x00,
    0xa0, 0x03, 0x00, 0x00, 0x06, 0x40, 0x00, 0x00, 0xa0, 0x03, 0x00, 0x00,
    0x01, 0x01, 0x00, 0x00, 0x02, 0x01, 0x00, 0x00, 0x10, 0x40, 0x00, 0x00,
    0xd0, 0x59, 0x02, 0x00, 0x12, 0x01, 0x01, 0x00, 0x1b, 0x01, 0x01, 0x00,
    0x1c, 0x01, 0x01, 0x00, 0x13, 0x01, 0x0b, 0x00, 0x21, 0x01, 0x00, 0x00,
    0x20, 0x01, 0x00, 0x00, 0x22, 0x01, 0x04, 0x00, 0x20, 0x40, 0x00, 0x00,
    0x30, 0x03, 0x00, 0x00, 0x21, 0x40, 0x00, 0x00, 0xd0, 0x00, 0x00, 0x00,
    0x22, 0x40, 0x00, 0x00, 0xb0, 0x02, 0x00, 0x00, 0x23, 0x40, 0x00, 0x00,
    0x80, 0x00, 0x00, 0x00, 0x17, 0x01, 0x0f, 0x00, 0x2f, 0x01, 0x01, 0x00,
    0x02, 0x00, 0x00, 0x00, 0x00, 0x40, 0x00, 0x00, 0xb0, 0x64, 0x02, 0x00,
    0x02, 0x40, 0x00, 0x00, 0x90, 0x52, 0x02, 0x00, 0x0b, 0x01, 0x00, 0x00,
    0x0c, 0x01, 0x00, 0x00, 0x04, 0x01, 0x0b, 0x00, 0x10, 0x40, 0x00, 0x00,
    0xe0, 0x61, 0x00, 0x00, 0x12, 0x01, 0x00, 0x00, 0x1b, 0x01, 0x00, 0x00,
    0x1c, 0x01, 0x00, 0x00, 0x21, 0x01, 0x02, 0x00, 0x22, 0x01, 0x02, 0x00,
    0x20, 0x40, 0x00, 0x00, 0x80, 0x04, 0x00, 0x00, 0x21, 0x40, 0x00, 0x00,
    0x40, 0x00, 0x00, 0x00, 0x22, 0x40, 0x00, 0x00, 0x00, 0x04, 0x00, 0x00,
    0x0d, 0x01, 0x12, 0x00, 0x03, 0x00, 0x00, 0x00, 0x00, 0x40, 0x00, 0x00,
    0x30, 0x56, 0x02, 0x00, 0x02, 0x40, 0x00, 0x00, 0x00, 0x00, 0x00, 0x00,
    0x0b, 0x01, 0x02, 0x00, 0x0c, 0x01, 0x02, 0x00, 0x10, 0x40, 0x00, 0x00,
    0x80, 0x65, 0x00, 0x00, 0x2f, 0x01, 0x03, 0x00, 0x03, 0x00, 0x00, 0x00,
    0x00, 0x40, 0x00, 0x00, 0x90, 0x6f, 0x02, 0x00, 0x0b, 0x01, 0x01, 0x00,
    0x0c, 0x01, 0x01, 0x00, 0x04, 0x01, 0x07, 0x00, 0x10, 0x40, 0x00, 0x00,
    0x10, 0x61, 0x02, 0x00, 0x12, 0x01, 0x01, 0x00, 0x1b, 0x01, 0x01, 0x00,
    0x1c, 0x01, 0x01, 0x00, 0x21, 0x01, 0x00, 0x00, 0x22, 0x01, 0x04, 0x00,
    0x20, 0x40, 0x00, 0x00, 0x30, 0x03, 0x00, 0x00, 0x21, 0x40, 0x00, 0x00,
    0xd0, 0x00, 0x00, 0x00, 0x22, 0x40, 0x00, 0x00, 0xb0, 0x02, 0x00, 0x00,
    0x0d, 0x01, 0x0a, 0x00, 0x02, 0x00, 0x00, 0x00, 0x00, 0x40, 0x00, 0x00,
    0x60, 0x4b, 0x02, 0x00, 0x02, 0x40, 0x00, 0x00, 0x70, 0x27, 0x02, 0x00,
    0x0b, 0x01, 0x00, 0x00, 0x0c, 0x01, 0x00, 0x00, 0x0a, 0x01, 0x72, 0x00,
    0x05, 0x40, 0x00, 0x00, 0x30, 0x07, 0x00, 0x00, 0x06, 0x40, 0x00, 0x00,
    0x30, 0x07, 0x00, 0x00, 0x01, 0x01, 0x01, 0x00, 0x02, 0x01, 0x01, 0x00,
    0x10, 0x40, 0x00, 0x00, 0x50, 0x68, 0x02, 0x00, 0x12, 0x01, 0x00, 0x00,
    0x1b, 0x01, 0x00, 0x00, 0x1c, 0x01, 0x00, 0x00, 0x13, 0x01, 0x07, 0x00,
    0x21, 0x01, 0x02, 0x00, 0x20, 0x01, 0x02, 0x00, 0x22, 0x01, 0x01, 0x00,
    0x20, 0x40, 0x00, 0x00, 0x30, 0x02, 0x00, 0x00, 0x21, 0x40, 0x00, 0x00,
    0x80, 0x00, 0x00, 0x00, 0x22, 0x40, 0x00, 0x00, 0xe0, 0x01, 0x00, 0x00,
    0x23, 0x40, 0x00, 0x00, 0x50, 0x00, 0x00, 0x00, 0x17, 0x01, 0x07, 0x00,
    0x03, 0x00, 0x00, 0x00, 0x00, 0x40, 0x00, 0x00, 0xe4, 0x95, 0x01, 0x00,
    0x02, 0x40, 0x00, 0x00, 0x00, 0x00, 0x00, 0x00, 0x0b, 0x01, 0x02, 0x00,
    0x0c, 0x01, 0x02, 0x00, 0x04, 0x01, 0x03, 0x00, 0x05, 0x40, 0x00, 0x00,
    0xcc, 0x01, 0x00, 0x00, 0x04, 0x40, 0x00, 0x00, 0x04, 0x00, 0x00, 0x00,
    0x06, 0x40, 0x00, 0x00, 0x01, 0x00, 0x00, 0x00, 0x09, 0x01, 0xff, 0xff,
    0x05, 0x01, 0x01, 0x00, 0x10, 0x40, 0x00, 0x00, 0xd0, 0x35, 0x02, 0x00,
    0x11, 0x01, 0x72, 0x00, 0x1a, 0x01, 0x72, 0x00, 0x15, 0x40, 0x00, 0x00,
    0x30, 0x07, 0x00, 0x00, 0x16, 0x40, 0x00, 0x00, 0x30, 0x07, 0x00, 0x00,
    0x22, 0x01, 0x06, 0x00, 0x20, 0x40, 0x00, 0x00, 0x50, 0x00, 0x00, 0x00,
    0x21, 0x40, 0x00, 0x00, 0x90, 0x01, 0x00, 0x00, 0x22, 0x40, 0x00, 0x00,
    0x00, 0x00, 0x00, 0x00, 0x15, 0x01, 0x3f, 0x00, 0x02, 0x00, 0x00, 0x00,
    0x00, 0x40, 0x00, 0x00, 0x7c, 0x99, 0x01, 0x00, 0x10, 0x40, 0x00, 0x00,
    0x00, 0x3d, 0x02, 0x00, 0x02, 0x00, 0x00, 0x00, 0x00, 0x40, 0x00, 0x00,
    0x14, 0x9d, 0x01, 0x00, 0x10, 0x40, 0x00, 0x00, 0x30, 0x44, 0x02, 0x00,
    0x02, 0x00, 0x00, 0x00, 0x00, 0x40, 0x00, 0x00, 0xac, 0xa0, 0x01, 0x00,
    0x10, 0x40, 0x00, 0x00, 0x60, 0x4b, 0x02, 0x00, 0x02, 0x00, 0x00, 0x00,
    0x00, 0x40, 0x00, 0x00, 0x70, 0x27, 0x02, 0x00, 0x04, 0x01, 0x07, 0x00,
    0x05, 0x40, 0x00, 0x00, 0x30, 0x07, 0x00, 0x00, 0x04, 0x40, 0x00, 0x00,
    0x10, 0x00, 0x00, 0x00, 0x06, 0x40, 0x00, 0x00, 0x30, 0x07, 0x00, 0x00,
    0x09, 0x01, 0x80, 0xff, 0x05, 0x01, 0x41, 0x00, 0x10, 0x40, 0x00, 0x00,
    0xf0, 0x6b, 0x02, 0x00, 0x11, 0x01, 0x39, 0x00, 0x1a, 0x01, 0x39, 0x00,
    0x15, 0x40, 0x00, 0x00, 0xa0, 0x03, 0x00, 0x00, 0x16, 0x40, 0x00, 0x00,
    0xa0, 0x03, 0x00, 0x00, 0x22, 0x01, 0x01, 0x00, 0x20, 0x40, 0x00, 0x00,
    0x30, 0x02, 0x00, 0x00, 0x21, 0x40, 0x00, 0x00, 0x80, 0x00, 0x00, 0x00,
    0x22, 0x40, 0x00, 0x00, 0xe0, 0x01, 0x00, 0x00, 0x15, 0x01, 0x39, 0x00,
    0x2f, 0x01, 0x01, 0x00, 0x03, 0x00, 0x00, 0x00, 0x00, 0x40, 0x00, 0x00,
    0xa0, 0x2e, 0x02, 0x00, 0x10, 0x40, 0x00, 0x00, 0x90, 0x6f, 0x02, 0x00,
    0x2f, 0x01, 0x03, 0x00, 0x03, 0x00, 0x00, 0x00, 0x00, 0x40, 0x00, 0x00,
    0xd0, 0x35, 0x02, 0x00, 0x10, 0x40, 0x00, 0x00, 0x30, 0x73, 0x02, 0x00,
    0x03, 0x00, 0x00, 0x00, 0x00, 0x40, 0x00, 0x00, 0x50, 0x68, 0x02, 0x00,
    0x0b, 0x01, 0x01, 0x00, 0x0c, 0x01, 0x01, 0x00, 0x0a, 0x01, 0x39, 0x00,
    0x05, 0x40, 0x00, 0x00, 0xa0, 0x03, 0x00, 0x00, 0x06, 0x40, 0x00, 0x00,
    0xa0, 0x03, 0x00, 0x00, 0x01, 0x01, 0x00, 0x00, 0x02, 0x01, 0x00, 0x00,
    0x10, 0x40, 0x00, 0x00, 0x90, 0x52, 0x02, 0x00, 0x12, 0x01, 0x01, 0x00,
    0x1b, 0x01, 0x01, 0x00, 0x1c, 0x01, 0x01, 0x00, 0x13, 0x01, 0x0b, 0x00,
    0x21, 0x01, 0x00, 0x00, 0x20, 0x01, 0x00, 0x00, 0x22, 0x01, 0x04, 0x00,
    0x20, 0x40, 0x00, 0x00, 0x30, 0x03, 0x00, 0x00, 0x21, 0x40, 0x00, 0x00,
    0xd0, 0x00, 0x00, 0x00, 0x22, 0x40, 0x00, 0x00, 0xb0, 0x02, 0x00, 0x00,
    0x23, 0x40, 0x00, 0x00, 0x80, 0x00, 0x00, 0x00, 0x17, 0x01, 0x0f, 0x00,
    0x2f, 0x01, 0x01, 0x00, 0x02, 0x00, 0x00, 0x00, 0x00, 0x40, 0x00, 0x00,
    0x70, 0x5d, 0x02, 0x00, 0x0b, 0x01, 0x02, 0x00, 0x0c, 0x01, 0x02, 0x00,
    0x04, 0x01, 0x0b, 0x00, 0x10, 0x40, 0x00, 0x00, 0x20, 0x69, 0x00, 0x00,
    0x12, 0x01, 0x00, 0x00, 0x1b, 0x01, 0x00, 0x00, 0x1c, 0x01, 0x00, 0x00,
    0x21, 0x01, 0x02, 0x00, 0x22, 0x01, 0x02, 0x00, 0x20, 0x40, 0x00, 0x00,
    0x80, 0x04, 0x00, 0x00, 0x21, 0x40, 0x00, 0x00, 0x40, 0x00, 0x00, 0x00,
    0x22, 0x40, 0x00, 0x00, 0x00, 0x04, 0x00, 0x00, 0x0d, 0x01, 0x12, 0x00,
    0x03, 0x00, 0x00, 0x00, 0x00, 0x40, 0x00, 0x00, 0xb0, 0x64, 0x02, 0x00,
    0x02, 0x40, 0x00, 0x00, 0x90, 0x52, 0x02, 0x00, 0x0b, 0x01, 0x00, 0x00,
    0x0c, 0x01, 0x00, 0x00, 0x10, 0x40, 0x00, 0x00, 0xc0, 0x6c, 0x00, 0x00,
    0x2f, 0x01, 0x03, 0x00, 0x03, 0x00, 0x00, 0x00, 0x00, 0x40, 0x00, 0x00,
    0x90, 0x6f, 0x02, 0x00, 0x02, 0x40, 0x00, 0x00, 0x00, 0x00, 0x00, 0x00,
    0x0b, 0x01, 0x01, 0x00, 0x0c, 0x01, 0x01, 0x00, 0x04, 0x01, 0x07, 0x00,
    0x10, 0x40, 0x00, 0x00, 0xd0, 0x59, 0x02, 0x00, 0x12, 0x01, 0x01, 0x00,
    0x1b, 0x01, 0x01, 0x00, 0x1c, 0x01, 0x01, 0x00, 0x21, 0x01, 0x00, 0x00,
    0x22, 0x01, 0x04, 0x00, 0x20, 0x40, 0x00, 0x00, 0x30, 0x03, 0x00, 0x00,
    0x21, 0x40, 0x00, 0x00, 0xd0, 0x00, 0x00, 0x00, 0x22, 0x40, 0x00, 0x00,
    0xb0, 0x02, 0x00, 0x00, 0x0d, 0x01, 0x0a, 0x00, 0x02, 0x00, 0x00, 0x00,
    0x00, 0x40, 0x00, 0x00, 0x00, 0x3d, 0x02, 0x00, 0x0b, 0x01, 0x02, 0x00,
    0x0c, 0x01, 0x02, 0x00, 0x0a, 0x01, 0x72, 0x00, 0x05, 0x40, 0x00, 0x00,
    0x30, 0x07, 0x00, 0x00, 0x06, 0x40, 0x00, 0x00, 0x30, 0x07, 0x00, 0x00,
    0x01, 0x01, 0x01, 0x00, 0x02, 0x01, 0x01, 0x00, 0x10, 0x40, 0x00, 0x00,
    0x50, 0x68, 0x02, 0x00, 0x12, 0x01, 0x00, 0x00, 0x1b, 0x01, 0x00, 0x00,
    0x1c, 0x01, 0x00, 0x00, 0x13, 0x01, 0x07, 0x00, 0x21, 0x01, 0x02, 0x00,
    0x20, 0x01, 0x02, 0x00, 0x22, 0x01, 0x01, 0x00, 0x20, 0x40, 0x00, 0x00,
    0x30, 0x02, 0x00, 0x00, 0x21, 0x40, 0x00, 0x00, 0x80, 0x00, 0x00, 0x00,
    0x22, 0x40, 0x00, 0x00, 0xe0, 0x01, 0x00, 0x00, 0x23, 0x40, 0x00, 0x00,
    0x50, 0x00, 0x00, 0x00, 0x17, 0x01, 0x07, 0x00, 0x03, 0x00, 0x00, 0x00,
    0x00, 0x40, 0x00, 0x00, 0x44, 0xa4, 0x01, 0x00, 0x04, 0x01, 0x03, 0x00,
    0x05, 0x40, 0x00, 0x00, 0xcc, 0x01, 0x00, 0x00, 0x04, 0x40, 0x00, 0x00,
    0x04, 0x00, 0x00, 0x00, 0x06, 0x40, 0x00, 0x00, 0x01, 0x00, 0x00, 0x00,
    0x09, 0x01, 0xff, 0xff, 0x05, 0x01, 0x01, 0x00, 0x10, 0x40, 0x00, 0x00,
    0x70, 0x27, 0x02, 0x00, 0x11, 0x01, 0x72, 0x00, 0x1a, 0x01, 0x72, 0x00,
    0x15, 0x40, 0x00, 0x00, 0x30, 0x07, 0x00, 0x00, 0x16, 0x40, 0x00, 0x00,
    0x30, 0x07, 0x00, 0x00, 0x22, 0x01, 0x06, 0x00, 0x20, 0x40, 0x00, 0x00,
    0x50, 0x00, 0x00, 0x00, 0x21, 0x40, 0x00, 0x00, 0x90, 0x01, 0x00, 0x00,
    0x22, 0x40, 0x00, 0x00, 0x00, 0x00, 0x00, 0x00, 0x15, 0x01, 0x3f, 0x00,
    0x02, 0x00, 0x00, 0x00, 0x00, 0x40, 0x00, 0x00, 0xdc, 0xa7, 0x01, 0x00,
    0x10, 0x40, 0x00, 0x00, 0xa0, 0x2e, 0x02, 0x00, 0x02, 0x00, 0x00, 0x00,
    0x00, 0x40, 0x00, 0x00, 0x74, 0xab, 0x01, 0x00, 0x10, 0x40, 0x00, 0x00,
    0xd0, 0x35, 0x02, 0x00, 0x02, 0x00, 0x00, 0x00, 0x00, 0x40, 0x00, 0x00,
    0x0c, 0xaf, 0x01, 0x00, 0x10, 0x40, 0x00, 0x00, 0x00, 0x3d, 0x02, 0x00,
    0x02, 0x00, 0x00, 0x00, 0x00, 0x40, 0x00, 0x00, 0x30, 0x44, 0x02, 0x00,
    0x02, 0x40, 0x00, 0x00, 0x70, 0x27, 0x02, 0x00, 0x0b, 0x01, 0x01, 0x00,
    0x0c, 0x01, 0x01, 0x00, 0x04, 0x01, 0x07, 0x00, 0x05, 0x40, 0x00, 0x00,
    0x30, 0x07, 0x00, 0x00, 0x04, 0x40, 0x00, 0x00, 0x10, 0x00, 0x00, 0x00,
    0x06, 0x40, 0x00, 0x00, 0x30, 0x07, 0x00, 0x00, 0x09, 0x01, 0x80, 0xff,
    0x05, 0x01, 0x41, 0x00, 0x10, 0x40, 0x00, 0x00, 0xf0, 0x6b, 0x02, 0x00,
    0x11, 0x01, 0x39, 0x00, 0x1a, 0x01, 0x39, 0x00, 0x15, 0x40, 0x00, 0x00,
    0xa0, 0x03, 0x00, 0x00, 0x16, 0x40, 0x00, 0x00, 0xa0, 0x03, 0x00, 0x00,
    0x22, 0x01, 0x01, 0x00, 0x20, 0x40, 0x00, 0x00, 0x30, 0x02, 0x00, 0x00,
    0x21, 0x40, 0x00, 0x00, 0x80, 0x00, 0x00, 0x00, 0x22, 0x40, 0x00, 0x00,
    0xe0, 0x01, 0x00, 0x00, 0x15, 0x01, 0x39, 0x00, 0x2f, 0x01, 0x01, 0x00,
    0x03, 0x00, 0x00, 0x00, 0x00, 0x40, 0x00, 0x00, 0x60, 0x4b, 0x02, 0x00,
    0x0b, 0x01, 0x00, 0x00, 0x0c, 0x01, 0x00, 0x00, 0x10, 0x40, 0x00, 0x00,
    0x90, 0x6f, 0x02, 0x00, 0x2f, 0x01, 0x03, 0x00, 0x03, 0x00, 0x00, 0x00,
    0x00, 0x40, 0x00, 0x00, 0x70, 0x27, 0x02, 0x00, 0x02, 0x40, 0x00, 0x00,
    0x00, 0x00, 0x00, 0x00, 0x0b, 0x01, 0x02, 0x00, 0x0c, 0x01, 0x02, 0x00,
    0x10, 0x40, 0x00, 0x00, 0x30, 0x73, 0x02, 0x00, 0x03, 0x00, 0x00, 0x00,
    0x00, 0x40, 0x00, 0x00, 0x50, 0x68, 0x02, 0x00, 0x0b, 0x01, 0x01, 0x00,
    0x0c, 0x01, 0x01, 0x00, 0x0a, 0x01, 0x39, 0x00, 0x05, 0x40, 0x00, 0x00,
    0xa0, 0x03, 0x00, 0x00, 0x06, 0x40, 0x00, 0x00, 0xa0, 0x03, 0x00, 0x00,
    0x01, 0x01, 0x00, 0x00, 0x02, 0x01, 0x00, 0x00, 0x10, 0x40, 0x00, 0x00,
    0x10, 0x61, 0x02, 0x00, 0x12, 0x01, 0x01, 0x00, 0x1b, 0x01, 0x01, 0x00,
    0x1c, 0x01, 0x01, 0x00, 0x13, 0x01, 0x0b, 0x00, 0x21, 0x01, 0x00, 0x00,
    0x20, 0x01, 0x00, 0x00, 0x22, 0x01, 0x04, 0x00, 0x20, 0x40, 0x00, 0x00,
    0x30, 0x03, 0x00, 0x00, 0x21, 0x40, 0x00, 0x00, 0xd0, 0x00, 0x00, 0x00,
    0x22, 0x40, 0x00, 0x00, 0xb0, 0x02, 0x00, 0x00, 0x23, 0x40, 0x00, 0x00,
    0x80, 0x00, 0x00, 0x00, 0x17, 0x01, 0x0f, 0x00, 0x2f, 0x01, 0x01, 0x00,
    0x02, 0x00, 0x00, 0x00, 0x00, 0x40, 0x00, 0x00, 0x30, 0x56, 0x02, 0x00,
    0x0b, 0x01, 0x02, 0x00, 0x0c, 0x01, 0x02, 0x00, 0x04, 0x01, 0x0b, 0x00,
    0x10, 0x40, 0x00, 0x00, 0x60, 0x70, 0x00, 0x00, 0x12, 0x01, 0x00, 0x00,
    0x1b, 0x01, 0x00, 0x00, 0x1c, 0x01, 0x00, 0x00, 0x21, 0x01, 0x02, 0x00,
    0x22, 0x01, 0x02, 0x00, 0x20, 0x40, 0x00, 0x00, 0x80, 0x04, 0x00, 0x00,
    0x21, 0x40, 0x00, 0x00, 0x40, 0x00, 0x00, 0x00, 0x22, 0x40, 0x00, 0x00,
    0x00, 0x04, 0x00, 0x00, 0x0d, 0x01, 0x12, 0x00, 0x03, 0x00, 0x00, 0x00,
    0x00, 0x40, 0x00, 0x00, 0x70, 0x5d, 0x02, 0x00, 0x10, 0x40, 0x00, 0x00,
    0x00, 0x74, 0x00, 0x00, 0x2f, 0x01, 0x03, 0x00, 0x03, 0x00, 0x00, 0x00,
    0x00, 0x40, 0x00, 0x00, 0x90, 0x6f, 0x02, 0x00, 0x0b, 0x01, 0x01, 0x00,
    0x0c, 0x01, 0x01, 0x00, 0x04, 0x01, 0x07, 0x00, 0x10, 0x40, 0x00, 0x00,
    0x90, 0x52, 0x02, 0x00, 0x12, 0x01, 0x01, 0x00, 0x1b, 0x01, 0x01, 0x00,
    0x1c, 0x01, 0x01, 0x00, 0x21, 0x01, 0x00, 0x00, 0x22, 0x01, 0x04, 0x00,
    0x20, 0x40, 0x00, 0x00, 0x30, 0x03, 0x00, 0x00, 0x21, 0x40, 0x00, 0x00,
    0xd0, 0x00, 0x00, 0x00, 0x22, 0x40, 0x00, 0x00, 0xb0, 0x02, 0x00, 0x00,
    0x0d, 0x01, 0x0a, 0x00, 0x02, 0x00, 0x00, 0x00, 0x00, 0x40, 0x00, 0x00,
    0xa0, 0x2e, 0x02, 0x00, 0x0b, 0x01, 0x02, 0x00, 0x0c, 0x01, 0x02, 0x00,
    0x0a, 0x01, 0x72, 0x00, 0x05, 0x40, 0x00, 0x00, 0x30, 0x07, 0x00, 0x00,
    0x06, 0x40, 0x00, 0x00, 0x30, 0x07, 0x00, 0x00, 0x01, 0x01, 0x01, 0x00,
    0x02, 0x01, 0x01, 0x00, 0x10, 0x40, 0x00, 0x00, 0x50, 0x68, 0x02, 0x00,
    0x12, 0x01, 0x00, 0x00, 0x1b, 0x01, 0x00, 0x00, 0x1c, 0x01, 0x00, 0x00,
    0x13, 0x01, 0x07, 0x00, 0x21, 0x01, 0x02, 0x00, 0x20, 0x01, 0x02, 0x00,
    0x22, 0x01, 0x01, 0x00, 0x20, 0x40, 0x00, 0x00, 0x30, 0x02, 0x00, 0x00,
    0x21, 0x40, 0x00, 0x00, 0x80, 0x00, 0x00, 0x00, 0x22, 0x40, 0x00, 0x00,
    0xe0, 0x01, 0x00, 0x00, 0x23, 0x40, 0x00, 0x00, 0x50, 0x00, 0x00, 0x00,
    0x17, 0x01, 0x07, 0x00, 0x03, 0x00, 0x00, 0x00, 0x00, 0x40, 0x00, 0x00,
    0xa4, 0xb2, 0x01, 0x00, 0x04, 0x01, 0x03, 0x00, 0x05, 0x40, 0x00, 0x00,
    0xcc, 0x01, 0x00, 0x00, 0x04, 0x40, 0x00, 0x00, 0x04, 0x00, 0x00, 0x00,
    0x06, 0x40, 0x00, 0x00, 0x01, 0x00, 0x00, 0x00, 0x09, 0x01, 0xff, 0xff,
    0x05, 0x01, 0x01, 0x00, 0x10, 0x40, 0x00, 0x00, 0x30, 0x44, 0x02, 0x00,
    0x11, 0x01, 0x72, 0x00, 0x1a, 0x01, 0x72, 0x00, 0x15, 0x40, 0x00, 0x00,
    0x30, 0x07, 0x00, 0x00, 0x16, 0x40, 0x00, 0x00, 0x30, 0x07, 0x00, 0x00,
    0x22, 0x01, 0x06, 0x00, 0x20, 0x40, 0x00, 0x00, 0x50, 0x00, 0x00, 0x00,
    0x21, 0x40, 0x00, 0x00, 0x90, 0x01, 0x00, 0x00, 0x22, 0x40, 0x00, 0x00,
    0x00, 0x00, 0x00, 0x00, 0x15, 0x01, 0x3f, 0x00, 0x02, 0x00, 0x00, 0x00,
    0x00, 0x40, 0x00, 0x00, 0x3c, 0xb6, 0x01, 0x00, 0x10, 0x40, 0x00, 0x00,
    0x60, 0x4b, 0x02, 0x00, 0x02, 0x00, 0x00, 0x00, 0x00, 0x40, 0x00, 0x00,
    0xd4, 0xb9, 0x01, 0x00, 0x10, 0x40, 0x00, 0x00, 0x70, 0x27, 0x02, 0x00,
    0x02, 0x00, 0x00, 0x00, 0x00, 0x40, 0x00, 0x00, 0x6c, 0xbd, 0x01, 0x00,
    0x10, 0x40, 0x00, 0x00, 0xa0, 0x2e, 0x02, 0x00, 0x02, 0x00, 0x00, 0x00,
    0x00, 0x40, 0x00, 0x00, 0xd0, 0x35, 0x02, 0x00, 0x04, 0x01, 0x07, 0x00,
    0x05, 0x40, 0x00, 0x00, 0x30, 0x07, 0x00, 0x00, 0x04, 0x40, 0x00, 0x00,
    0x10, 0x00, 0x00, 0x00, 0x06, 0x40, 0x00, 0x00, 0x30, 0x07, 0x00, 0x00,
    0x09, 0x01, 0x80, 0xff, 0x05, 0x01, 0x41, 0x00, 0x10, 0x40, 0x00, 0x00,
    0xf0, 0x6b, 0x02, 0x00, 0x11, 0x01, 0x39, 0x00, 0x1a, 0x01, 0x39, 0x00,
    0x15, 0x40, 0x00, 0x00, 0xa0, 0x03, 0x00, 0x00, 0x16, 0x40, 0x00, 0x00,
    0xa0, 0x03, 0x00, 0x00, 0x22, 0x01, 0x01, 0x00, 0x20, 0x40, 0x00, 0x00,
    0x30, 0x02, 0x00, 0x00, 0x21, 0x40, 0x00, 0x00, 0x80, 0x00, 0x00, 0x00,
    0x22, 0x40, 0x00, 0x00, 0xe0, 0x01, 0x00, 0x00, 0x15, 0x01, 0x39, 0x00,
    0x2f, 0x01, 0x01, 0x00, 0x03, 0x00, 0x00, 0x00, 0x00, 0x40, 0x00, 0x00,
    0x00, 0x3d, 0x02, 0x00, 0x10, 0x40, 0x00, 0x00, 0x90, 0x6f, 0x02, 0x00,
    0x2f, 0x01, 0x03, 0x00, 0x03, 0x00, 0x00, 0x00, 0x00, 0x40, 0x00, 0x00,
    0x30, 0x44, 0x02, 0x00, 0x02, 0x40, 0x00, 0x00, 0x70, 0x27, 0x02, 0x00,
    0x0b, 0x01, 0x01, 0x00, 0x0c, 0x01, 0x01, 0x00, 0x10, 0x40, 0x00, 0x00,
    0x30, 0x73, 0x02, 0x00, 0x03, 0x00, 0x00, 0x00, 0x00, 0x40, 0x00, 0x00,
    0x50, 0x68, 0x02, 0x00, 0x02, 0x40, 0x00, 0x00, 0x00, 0x00, 0x00, 0x00,
    0x0a, 0x01, 0x39, 0x00, 0x05, 0x40, 0x00, 0x00, 0xa0, 0x03, 0x00, 0x00,
    0x06, 0x40, 0x00, 0x00, 0xa0, 0x03, 0x00, 0x00, 0x01, 0x01, 0x00, 0x00,
    0x02, 0x01, 0x00, 0x00, 0x10, 0x40, 0x00, 0x00, 0xd0, 0x59, 0x02, 0x00,
    0x12, 0x01, 0x01, 0x00, 0x1b, 0x01, 0x01, 0x00, 0x1c, 0x01, 0x01, 0x00,
    0x13, 0x01, 0x0b, 0x00, 0x21, 0x01, 0x00, 0x00, 0x20, 0x01, 0x00, 0x00,
    0x22, 0x01, 0x04, 0x00, 0x20, 0x40, 0x00, 0x00, 0x30, 0x03, 0x00, 0x00,
    0x21, 0x40, 0x00, 0x00, 0xd0, 0x00, 0x00, 0x00, 0x22, 0x40, 0x00, 0x00,
    0xb0, 0x02, 0x00, 0x00, 0x23, 0x40, 0x00, 0x00, 0x80, 0x00, 0x00, 0x00,
    0x17, 0x01, 0x0f, 0x00, 0x2f, 0x01, 0x01, 0x00, 0x02, 0x00, 0x00, 0x00,
    0x00, 0x40, 0x00, 0x00, 0xb0, 0x64, 0x02, 0x00, 0x02, 0x40, 0x00, 0x00,
    0x90, 0x52, 0x02, 0x00, 0x0b, 0x01, 0x00, 0x00, 0x0c, 0x01, 0x00, 0x00,
    0x04, 0x01, 0x0b, 0x00, 0x10, 0x40, 0x00, 0x00, 0xa0, 0x77, 0x00, 0x00,
    0x12, 0x01, 0x00, 0x00, 0x1b, 0x01, 0x00, 0x00, 0x1c, 0x01, 0x00, 0x00,
    0x21, 0x01, 0x02, 0x00, 0x22, 0x01, 0x02, 0x00, 0x20, 0x40, 0x00, 0x00,
    0x80, 0x04, 0x00, 0x00, 0x21, 0x40, 0x00, 0x00, 0x40, 0x00, 0x00, 0x00,
    0x22, 0x40, 0x00, 0x00, 0x00, 0x04, 0x00, 0x00, 0x0d, 0x01, 0x12, 0x00,
    0x03, 0x00, 0x00, 0x00, 0x00, 0x40, 0x00, 0x00, 0x30, 0x56, 0x02, 0x00,
    0x02, 0x40, 0x00, 0x00, 0x00, 0x00, 0x00, 0x00, 0x0b, 0x01, 0x02, 0x00,
    0x0c, 0x01, 0x02, 0x00, 0x10, 0x40, 0x00, 0x00, 0x40, 0x7b, 0x00, 0x00,
    0x2f, 0x01, 0x03, 0x00, 0x03, 0x00, 0x00, 0x00, 0x00, 0x40, 0x00, 0x00,
    0x90, 0x6f, 0x02, 0x00, 0x0b, 0x01, 0x01, 0x00, 0x0c, 0x01, 0x01, 0x00,
    0x04, 0x01, 0x07, 0x00, 0x10, 0x40, 0x00, 0x00, 0x10, 0x61, 0x02, 0x00,
    0x12, 0x01, 0x01, 0x00, 0x1b, 0x01, 0x01, 0x00, 0x1c, 0x01, 0x01, 0x00,
    0x21, 0x01, 0x00, 0x00, 0x22, 0x01, 0x04, 0x00, 0x20, 0x40, 0x00, 0x00,
    0x30, 0x03, 0x00, 0x00, 0x21, 0x40, 0x00, 0x00, 0xd0, 0x00, 0x00, 0x00,
    0x22, 0x40, 0x00, 0x00, 0xb0, 0x02, 0x00, 0x00, 0x0d, 0x01, 0x0a, 0x00,
    0x02, 0x00, 0x00, 0x00, 0x00, 0x40, 0x00, 0x00, 0x60, 0x4b, 0x02, 0x00,
    0x02, 0x40, 0x00, 0x00, 0x70, 0x27, 0x02, 0x00, 0x0b, 0x01, 0x00, 0x00,
    0x0c, 0x01, 0x00, 0x00, 0x0a, 0x01, 0x72, 0x00, 0x05, 0x40, 0x00, 0x00,
    0x30, 0x07, 0x00, 0x00, 0x06, 0x40, 0x00, 0x00, 0x30, 0x07, 0x00, 0x00,
    0x01, 0x01, 0x01, 0x00, 0x02, 0x01, 0x01, 0x00, 0x10, 0x40, 0x00, 0x00,
    0x50, 0x68, 0x02, 0x00, 0x12, 0x01, 0x00, 0x00, 0x1b, 0x01, 0x00, 0x00,
    0x1c, 0x01, 0x00, 0x00, 0x13, 0x01, 0x07, 0x00, 0x21, 0x01, 0x02, 0x00,
    0x20, 0x01, 0x02, 0x00, 0x22, 0x01, 0x01, 0x00, 0x20, 0x40, 0x00, 0x00,
    0x30, 0x02, 0x00, 0x00, 0x21, 0x40, 0x00, 0x00, 0x80, 0x00, 0x00, 0x00,
    0x22, 0x40, 0x00, 0x00, 0xe0, 0x01, 0x00, 0x00, 0x23, 0x40, 0x00, 0x00,
    0x50, 0x00, 0x00, 0x00, 0x17, 0x01, 0x07, 0x00, 0x03, 0x00, 0x00, 0x00,
    0x00, 0x40, 0x00, 0x00, 0x04, 0xc1, 0x01, 0x00, 0x02, 0x40, 0x00, 0x00,
    0x00, 0x00, 0x00, 0x00, 0x0b, 0x01, 0x02, 0x00, 0x0c, 0x01, 0x02, 0x00,
    0x04, 0x01, 0x03, 0x00, 0x05, 0x40, 0x00, 0x00, 0xcc, 0x01, 0x00, 0x00,
    0x04, 0x40, 0x00, 0x00, 0x04, 0x00, 0x00, 0x00, 0x06, 0x40, 0x00, 0x00,
    0x01, 0x00, 0x00, 0x00, 0x09, 0x01, 0xff, 0xff, 0x05, 0x01, 0x01, 0x00,
    0x10, 0x40, 0x00, 0x00, 0xd0, 0x35, 0x02, 0x00, 0x11, 0x01, 0x72, 0x00,
    0x1a, 0x01, 0x72, 0x00, 0x15, 0x40, 0x00, 0x00, 0x30, 0x07, 0x00, 0x00,
    0x16, 0x40, 0x00, 0x00, 0x30, 0x07, 0x00, 0x00, 0x22, 0x01, 0x06, 0x00,
    0x20, 0x40, 0x00, 0x00, 0x50, 0x00, 0x00, 0x00, 0x21, 0x40, 0x00, 0x00,
    0x90, 0x01, 0x00, 0x00, 0x22, 0x40, 0x00, 0x00, 0x00, 0x00, 0x00, 0x00,
    0x15, 0x01, 0x3f, 0x00, 0x02, 0x00, 0x00, 0x00, 0x00, 0x40, 0x00, 0x00,
    0x9c, 0xc4, 0x01, 0x00, 0x10, 0x40, 0x00, 0x00, 0x00, 0x3d, 0x02, 0x00,
    0x02, 0x00, 0x00, 0x00, 0x00, 0x40, 0x00, 0x00, 0x34, 0xc8, 0x01, 0x00,
    0x10, 0x40, 0x00, 0x00, 0x30, 0x44, 0x02, 0x00, 0x02, 0x00, 0x00, 0x00,
    0x00, 0x40, 0x00, 0x00, 0xcc, 0xcb, 0x01, 0x00, 0x10, 0x40, 0x00, 0x00,
    0x60, 0x4b, 0x02, 0x00, 0x02, 0x00, 0x00, 0x00, 0x00, 0x40, 0x00, 0x00,
    0x70, 0x27, 0x02, 0x00, 0x04, 0x01, 0x07, 0x00, 0x05, 0x40, 0x00, 0x00,
    0x30, 0x07, 0x00, 0x00, 0x04, 0x40, 0x00, 0x00, 0x10, 0x00, 0x00, 0x00,
    0x06, 0x40, 0x00, 0x00, 0x30, 0x07, 0x00, 0x00, 0x09, 0x01, 0x80, 0xff,
    0x05, 0x01, 0x41, 0x00, 0x10, 0x40, 0x00, 0x00, 0xf0, 0x6b, 0x02, 0x00,
    0x11, 0x01, 0x39, 0x00, 0x1a, 0x01, 0x39, 0x00, 0x15, 0x40, 0x00, 0x00,
    0xa0, 0x03, 0x00, 0x00, 0x16, 0x40, 0x00, 0x00, 0xa0, 0x03, 0x00, 0x00,
    0x22, 0x01, 0x01, 0x00, 0x20, 0x40, 0x00, 0x00, 0x30, 0x02, 0x00, 0x00,
    0x21, 0x40, 0x00, 0x00, 0x80, 0x00, 0x00, 0x00, 0x22, 0x40, 0x00, 0x00,
    0xe0, 0x01, 0x00, 0x00, 0x15, 0x01, 0x39, 0x00, 0x2f, 0x01, 0x01, 0x00,
    0x03, 0x00, 0x00, 0x00, 0x00, 0x40, 0x00, 0x00, 0xa0, 0x2e, 0x02, 0x00,
    0x10, 0x40, 0x00, 0x00, 0x90, 0x6f, 0x02, 0x00, 0x2f, 0x01, 0x03, 0x00,
    0x03, 0x00, 0x00, 0x00, 0x00, 0x40, 0x00, 0x00, 0xd0, 0x35, 0x02, 0x00,
    0x10, 0x40, 0x00, 0x00, 0x30, 0x73, 0x02, 0x00, 0x03, 0x00, 0x00, 0x00,
    0x00, 0x40, 0x00, 0x00, 0x50, 0x68, 0x02, 0x00, 0x0b, 0x01, 0x01, 0x00,
    0x0c, 0x01, 0x01, 0x00, 0x0a, 0x01, 0x39, 0x00, 0x05, 0x40, 0x00, 0x00,
    0xa0, 0x03, 0x00, 0x00, 0x06, 0x40, 0x00, 0x00, 0xa0, 0x03, 0x00, 0x00,
    0x01, 0x01, 0x00, 0x00, 0x02, 0x01, 0x00, 0x00, 0x10, 0x40, 0x00, 0x00,
    0x90, 0x52, 0x02, 0x00, 0x12, 0x01, 0x01, 0x00, 0x1b, 0x01, 0x01, 0x00,
    0x1c, 0x01, 0x01, 0x00, 0x13, 0x01, 0x0b, 0x00, 0x21, 0x01, 0x00, 0x00,
    0x20, 0x01, 0x00, 0x00, 0x22, 0x01, 0x04, 0x00, 0x20, 0x40, 0x00, 0x00,
    0x30, 0x03, 0x00, 0x00, 0x21, 0x40, 0x00, 0x00, 0xd0, 0x00, 0x00, 0x00,
    0x22, 0x40, 0x00, 0x00, 0xb0, 0x02, 0x00, 0x00, 0x23, 0x40, 0x00, 0x00,
    0x80, 0x00, 0x00, 0x00, 0x17, 0x01, 0x0f, 0x00, 0x2f, 0x01, 0x01, 0x00,
    0x02, 0x00, 0x00, 0x00, 0x00, 0x40, 0x00, 0x00, 0x70, 0x5d, 0x02, 0x00,
    0x0b, 0x01, 0x02, 0x00, 0x0c, 0x01, 0x02, 0x00, 0x04, 0x01, 0x0b, 0x00,
    0x10, 0x40, 0x00, 0x00, 0xe0, 0x7e, 0x00, 0x00, 0x12, 0x01, 0x00, 0x00,
    0x1b, 0x01, 0x00, 0x00, 0x1c, 0x01, 0x00, 0x00, 0x21, 0x01, 0x02, 0x00,
    0x22, 0x01, 0x02, 0x00, 0x20, 0x40, 0x00, 0x00, 0x80, 0x04, 0x00, 0x00,
    0x21, 0x40, 0x00, 0x00, 0x40, 0x00, 0x00, 0x00, 0x22, 0x40, 0x00, 0x00,
    0x00, 0x04, 0x00, 0x00, 0x0d, 0x01, 0x12, 0x00, 0x03, 0x00, 0x00, 0x00,
    0x00, 0x40, 0x00, 0x00, 0xb0, 0x64, 0x02, 0x00, 0x02, 0x40, 0x00, 0x00,
    0x90, 0x52, 0x02, 0x00, 0x0b, 0x01, 0x00, 0x00, 0x0c, 0x01, 0x00, 0x00,
    0x10, 0x40, 0x00, 0x00, 0x80, 0x82, 0x00, 0x00, 0x2f, 0x01, 0x03, 0x00,
    0x03, 0x00, 0x00, 0x00, 0x00, 0x40, 0x00, 0x00, 0x90, 0x6f, 0x02, 0x00,
    0x02, 0x40, 0x00, 0x00, 0x00, 0x00, 0x00, 0x00, 0x0b, 0x01, 0x01, 0x00,
    0x0c, 0x01, 0x01, 0x00, 0x04, 0x01, 0x07, 0x00, 0x10, 0x40, 0x00, 0x00,
    0xd0, 0x59, 0x02, 0x00, 0x12, 0x01, 0x01, 0x00, 0x1b, 0x01, 0x01, 0x00,
    0x1c, 0x01, 0x01, 0x00, 0x21, 0x01, 0x00, 0x00, 0x22, 0x01, 0x04, 0x00,
    0x20, 0x40, 0x00, 0x00, 0x30, 0x03, 0x00, 0x00, 0x21, 0x40, 0x00, 0x00,
    0xd0, 0x00, 0x00, 0x00, 0x22, 0x40, 0x00, 0x00, 0xb0, 0x02, 0x00, 0x00,
    0x0d, 0x01, 0x0a, 0x00, 0x02, 0x00, 0x00, 0x00, 0x00, 0x40, 0x00, 0x00,
    0x00, 0x3d, 0x02, 0x00, 0x0b, 0x01, 0x02, 0x00, 0x0c, 0x01, 0x02, 0x00,
    0x0a, 0x01, 0x72, 0x00, 0x05, 0x40, 0x00, 0x00, 0x30, 0x07, 0x00, 0x00,
    0x06, 0x40, 0x00, 0x00, 0x30, 0x07, 0x00, 0x00, 0x01, 0x01, 0x01, 0x00,
    0x02, 0x01, 0x01, 0x00, 0x10, 0x40, 0x00, 0x00, 0x50, 0x68, 0x02, 0x00,
    0x12, 0x01, 0x00, 0x00, 0x1b, 0x01, 0x00, 0x00, 0x1c, 0x01, 0x00, 0x00,
    0x13, 0x01, 0x07, 0x00, 0x21, 0x01, 0x02, 0x00, 0x20, 0x01, 0x02, 0x00,
    0x22, 0x01, 0x01, 0x00, 0x20, 0x40, 0x00, 0x00, 0x30, 0x02, 0x00, 0x00,
    0x21, 0x40, 0x00, 0x00, 0x80, 0x00, 0x00, 0x00, 0x22, 0x40, 0x00, 0x00,
    0xe0, 0x01, 0x00, 0x00, 0x23, 0x40, 0x00, 0x00, 0x50, 0x00, 0x00, 0x00,
    0x17, 0x01, 0x07, 0x00, 0x03, 0x00, 0x00, 0x00, 0x00, 0x40, 0x00, 0x00,
    0x64, 0xcf, 0x01, 0x00, 0x04, 0x01, 0x03, 0x00, 0x05, 0x40, 0x00, 0x00,
    0xcc, 0x01, 0x00, 0x00, 0x04, 0x40, 0x00, 0x00, 0x04, 0x00, 0x00, 0x00,
    0x06, 0x40, 0x00, 0x00, 0x01, 0x00, 0x00, 0x00, 0x09, 0x01, 0xff, 0xff,
    0x05, 0x01, 0x01, 0x00, 0x10, 0x40, 0x00, 0x00, 0x70, 0x27, 0x02, 0x00,
    0x11, 0x01, 0x72, 0x00, 0x1a, 0x01, 0x72, 0x00, 0x15, 0x40, 0x00, 0x00,
    0x30, 0x07, 0x00, 0x00, 0x16, 0x40, 0x00, 0x00, 0x30, 0x07, 0x00, 0x00,
    0x22, 0x01, 0x06, 0x00, 0x20, 0x40, 0x00, 0x00, 0x50, 0x00, 0x00, 0x00,
    0x21, 0x40, 0x00, 0x00, 0x90, 0x01, 0x00, 0x00, 0x22, 0x40, 0x00, 0x00,
    0x00, 0x00, 0x00, 0x00, 0x15, 0x01, 0x3f, 0x00, 0x02, 0x00, 0x00, 0x00,
    0x00, 0x40, 0x00, 0x00, 0xfc, 0xd2, 0x01, 0x00, 0x10, 0x40, 0x00, 0x00,
    0xa0, 0x2e, 0x02, 0x00, 0x02, 0x00, 0x00, 0x00, 0x00, 0x40, 0x00, 0x00,
    0x94, 0xd6, 0x01, 0x00, 0x10, 0x40, 0x00, 0x00, 0xd0, 0x35, 0x02, 0x00,
    0x02, 0x00, 0x00, 0x00, 0x00, 0x40, 0x00, 0x00, 0x2c, 0xda, 0x01, 0x00,
    0x10, 0x40, 0x00, 0x00, 0x00, 0x3d, 0x02, 0x00, 0x02, 0x00, 0x00, 0x00,
    0x00, 0x40, 0x00, 0x00, 0x30, 0x44, 0x02, 0x00, 0x02, 0x40, 0x00, 0x00,
    0x70, 0x27, 0x02, 0x00, 0x0b, 0x01, 0x01, 0x00, 0x0c, 0x01, 0x01, 0x00,
    0x04, 0x01, 0x07, 0x00, 0x05, 0x40, 0x00, 0x00, 0x30, 0x07, 0x00, 0x00,
    0x04, 0x40, 0x00, 0x00, 0x10, 0x00, 0x00, 0x00, 0x06, 0x40, 0x00, 0x00,
    0x30, 0x07, 0x00, 0x00, 0x09, 0x01, 0x80, 0xff, 0x05, 0x01, 0x41, 0x00,
    0x10, 0x40, 0x00, 0x00, 0xf0, 0x6b, 0x02, 0x00, 0x11, 0x01, 0x39, 0x00,
    0x1a, 0x01, 0x39, 0x00, 0x15, 0x40, 0x00, 0x00, 0xa0, 0x03, 0x00, 0x00,
    0x16, 0x40, 0x00, 0x00, 0xa0, 0x03, 0x00, 0x00, 0x22, 0x01, 0x01, 0x00,
    0x20, 0x40, 0x00, 0x00, 0x30, 0x02, 0x00, 0x00, 0x21, 0x40, 0x00, 0x00,
    0x80, 0x00, 0x00, 0x00, 0x22, 0x40, 0x00, 0x00, 0xe0, 0x01, 0x00, 0x00,
    0x15, 0x01, 0x39, 0x00, 0x2f, 0x01, 0x01, 0x00, 0x03, 0x00, 0x00, 0x00,
    0x00, 0x40, 0x00, 0x00, 0x60, 0x4b, 0x02, 0x00, 0x0b, 0x01, 0x00, 0x00,
    0x0c, 0x01, 0x00, 0x00, 0x10, 0x40, 0x00, 0x00, 0x90, 0x6f, 0x02, 0x00,
    0x2f, 0x01, 0x03, 0x00, 0x03, 0x00, 0x00, 0x00, 0x00, 0x40, 0x00, 0x00,
    0x70, 0x27, 0x02, 0x00, 0x02, 0x40, 0x00, 0x00, 0x00, 0x00, 0x00, 0x00,
    0x0b, 0x01, 0x02, 0x00, 0x0c, 0x01, 0x02, 0x00, 0x10, 0x40, 0x00, 0x00,
    0x30, 0x73, 0x02, 0x00, 0x03, 0x00, 0x00, 0x00, 0x00, 0x40, 0x00, 0x00,
    0x50, 0x68, 0x02, 0x00, 0x0b, 0x01, 0x01, 0x00, 0x0c, 0x01, 0x01, 0x00,
    0x0a, 0x01, 0x39, 0x00, 0x05, 0x40, 0x00, 0x00, 0xa0, 0x03, 0x00, 0x00,
    0x06, 0x40, 0x00, 0x00, 0xa0, 0x03, 0x00, 0x00, 0x01, 0x01, 0x00, 0x00,
    0x02, 0x01, 0x00, 0x00, 0x10, 0x40, 0x00, 0x00, 0x10, 0x61, 0x02, 0x00,
    0x12, 0x01, 0x01, 0x00, 0x1b, 0x01, 0x01, 0x00, 0x1c, 0x01, 0x01, 0x00,
    0x13, 0x01, 0x0b, 0x00, 0x21, 0x01, 0x00, 0x00, 0x20, 0x01, 0x00, 0x00,
    0x22, 0x01, 0x04, 0x00, 0x20, 0x40, 0x00, 0x00, 0x30, 0x03, 0x00, 0x00,
    0x21, 0x40, 0x00, 0x00, 0xd0, 0x00, 0x00, 0x00, 0x22, 0x40, 0x00, 0x00,
    0xb0, 0x02, 0x00, 0x00, 0x23, 0x40, 0x00, 0x00, 0x80, 0x00, 0x00, 0x00,
    0x17, 0x01, 0x0f, 0x00, 0x2f, 0x01, 0x01, 0x00, 0x02, 0x00, 0x00, 0x00,
    0x00, 0x40, 0x00, 0x00, 0x30, 0x56, 0x02, 0x00, 0x0b, 0x01, 0x02, 0x00,
    0x0c, 0x01, 0x02, 0x00, 0x04, 0x01, 0x0b, 0x00, 0x10, 0x40, 0x00, 0x00,
    0x20, 0x86, 0x00, 0x00, 0x12, 0x01, 0x00, 0x00, 0x1b, 0x01, 0x00, 0x00,
    0x1c, 0x01, 0x00, 0x00, 0x21, 0x01, 0x02, 0x00, 0x22, 0x01, 0x02, 0x00,
    0x20, 0x40, 0x00, 0x00, 0x80, 0x04, 0x00, 0x00, 0x21, 0x40, 0x00, 0x00,
    0x40, 0x00, 0x00, 0x00, 0x22, 0x40, 0x00, 0x00, 0x00, 0x04, 0x00, 0x00,
    0x0d, 0x01, 0x12, 0x00, 0x03, 0x00, 0x00, 0x00, 0x00, 0x40, 0x00, 0x00,
    0x70, 0x5d, 0x02, 0x00, 0x10, 0x40, 0x00, 0x00, 0xc0, 0x89, 0x00, 0x00,
    0x2f, 0x01, 0x03, 0x00, 0x03, 0x00, 0x00, 0x00, 0x00, 0x40, 0x00, 0x00,
    0x90, 0x6f, 0x02, 0x00, 0x0b, 0x01, 0x01, 0x00, 0x0c, 0x01, 0x01, 0x00,
    0x04, 0x01, 0x07, 0x00, 0x10, 0x40, 0x00, 0x00, 0x90, 0x52, 0x02, 0x00,
    0x12, 0x01, 0x01, 0x00, 0x1b, 0x01, 0x01, 0x00, 0x1c, 0x01, 0x01, 0x00,
    0x21, 0x01, 0x00, 0x00, 0x22, 0x01, 0x04, 0x00, 0x20, 0x40, 0x00, 0x00,
    0x30, 0x03, 0x00, 0x00, 0x21, 0x40, 0x00, 0x00, 0xd0, 0x00, 0x00, 0x00,
    0x22, 0x40, 0x00, 0x00, 0xb0, 0x02, 0x00, 0x00, 0x0d, 0x01, 0x0a, 0x00,
    0x02, 0x00, 0x00, 0x00, 0x00, 0x40, 0x00, 0x00, 0xa0, 0x2e, 0x02, 0x00,
    0x0b, 0x01, 0x02, 0x00, 0x0c, 0x01, 0x02, 0x00, 0x0a, 0x01, 0x72, 0x00,
    0x05, 0x40, 0x00, 0x00, 0x30, 0x07, 0x00, 0x00, 0x06, 0x40, 0x00, 0x00,
    0x30, 0x07, 0x00, 0x00, 0x01, 0x01, 0x01, 0x00, 0x02, 0x01, 0x01, 0x00,
    0x10, 0x40, 0x00, 0x00, 0x50, 0x68, 0x02, 0x00, 0x12, 0x01, 0x00, 0x00,
    0x1b, 0x01, 0x00, 0x00, 0x1c, 0x01, 0x00, 0x00, 0x13, 0x01, 0x07, 0x00,
    0x21, 0x01, 0x02, 0x00, 0x20, 0x01, 0x02, 0x00, 0x22, 0x01, 0x01, 0x00,
    0x20, 0x40, 0x00, 0x00, 0x30, 0x02, 0x00, 0x00, 0x21, 0x40, 0x00, 0x00,
    0x80, 0x00, 0x00, 0x00, 0x22, 0x40, 0x00, 0x00, 0xe0, 0x01, 0x00, 0x00,
    0x23, 0x40, 0x00, 0x00, 0x50, 0x00, 0x00, 0x00, 0x17, 0x01, 0x07, 0x00,
    0x03, 0x00, 0x00, 0x00, 0x00, 0x40, 0x00, 0x00, 0xc4, 0xdd, 0x01, 0x00,
    0x04, 0x01, 0x03, 0x00, 0x05, 0x40, 0x00, 0x00, 0xcc, 0x01, 0x00, 0x00,
    0x04, 0x40, 0x00, 0x00, 0x04, 0x00, 0x00, 0x00, 0x06, 0x40, 0x00, 0x00,
    0x01, 0x00, 0x00, 0x00, 0x09, 0x01, 0xff, 0xff, 0x05, 0x01, 0x01, 0x00,
    0x10, 0x40, 0x00, 0x00, 0x30, 0x44, 0x02, 0x00, 0x11, 0x01, 0x72, 0x00,
    0x1a, 0x01, 0x72, 0x00, 0x15, 0x40, 0x00, 0x00, 0x30, 0x07, 0x00, 0x00,
    0x16, 0x40, 0x00, 0x00, 0x30, 0x07, 0x00, 0x00, 0x22, 0x01, 0x06, 0x00,
    0x20, 0x40, 0x00, 0x00, 0x50, 0x00, 0x00, 0x00, 0x21, 0x40, 0x00, 0x00,
    0x90, 0x01, 0x00, 0x00, 0x22, 0x40, 0x00, 0x00, 0x00, 0x00, 0x00, 0x00,
    0x15, 0x01, 0x3f, 0x00, 0x02, 0x00, 0x00, 0x00, 0x00, 0x40, 0x00, 0x00,
    0x5c, 0xe1, 0x01, 0x00, 0x10, 0x40, 0x00, 0x00, 0x60, 0x4b, 0x02, 0x00,
    0x02, 0x00, 0x00, 0x00, 0x00, 0x40, 0x00, 0x00, 0xf4, 0xe4, 0x01, 0x00,
    0x10, 0x40, 0x00, 0x00, 0x70, 0x27, 0x02, 0x00, 0x02, 0x00, 0x00, 0x00,
    0x00, 0x40, 0x00, 0x00, 0x8c, 0xe8, 0x01, 0x00, 0x10, 0x40, 0x00, 0x00,
    0xa0, 0x2e, 0x02, 0x00, 0x02, 0x00, 0x00, 0x00, 0x00, 0x40, 0x00, 0x00,
    0xd0, 0x35, 0x02, 0x00, 0x04, 0x01, 0x07, 0x00, 0x05, 0x40, 0x00, 0x00,
    0x30, 0x07, 0x00, 0x00, 0x04, 0x40, 0x00, 0x00, 0x10, 0x00, 0x00, 0x00,
    0x06, 0x40, 0x00, 0x00, 0x30, 0x07, 0x00, 0x00, 0x09, 0x01, 0x80, 0xff,
    0x05, 0x01, 0x41, 0x00, 0x10, 0x40, 0x00, 0x00, 0xf0, 0x6b, 0x02, 0x00,
    0x11, 0x01, 0x39, 0x00, 0x1a, 0x01, 0x39, 0x00, 0x15, 0x40, 0x00, 0x00,
    0xa0, 0x03, 0x00, 0x00, 0x16, 0x40, 0x00, 0x00, 0xa0, 0x03, 0x00, 0x00,
    0x22, 0x01, 0x01, 0x00, 0x20, 0x40, 0x00, 0x00, 0x30, 0x02, 0x00, 0x00,
    0x21, 0x40, 0x00, 0x00, 0x80, 0x00, 0x00, 0x00, 0x22, 0x40, 0x00, 0x00,
    0xe0, 0x01, 0x00, 0x00, 0x15, 0x01, 0x39, 0x00, 0x2f, 0x01, 0x01, 0x00,
    0x03, 0x00, 0x00, 0x00, 0x00, 0x40, 0x00, 0x00, 0x00, 0x3d, 0x02, 0x00,
    0x10, 0x40, 0x00, 0x00, 0x90, 0x6f, 0x02, 0x00, 0x2f, 0x01, 0x03, 0x00,
    0x03, 0x00, 0x00, 0x00, 0x00, 0x40, 0x00, 0x00, 0x30, 0x44, 0x02, 0x00,
    0x02, 0x40, 0x00, 0x00, 0x70, 0x27, 0x02, 0x00, 0x0b, 0x01, 0x01, 0x00,
    0x0c, 0x01, 0x01, 0x00, 0x10, 0x40, 0x00, 0x00, 0x30, 0x73, 0x02, 0x00,
    0x03, 0x00, 0x00, 0x00, 0x00, 0x40, 0x00, 0x00, 0x50, 0x68, 0x02, 0x00,
    0x02, 0x40, 0x00, 0x00, 0x00, 0x00, 0x00, 0x00, 0x0a, 0x01, 0x39, 0x00,
    0x05, 0x40, 0x00, 0x00, 0xa0, 0x03, 0x00, 0x00, 0x06, 0x40, 0x00, 0x00,
    0xa0, 0x03, 0x00, 0x00, 0x01, 0x01, 0x00, 0x00, 0x02, 0x01, 0x00, 0x00,
    0x10, 0x40, 0x00, 0x00, 0xd0, 0x59, 0x02, 0x00, 0x12, 0x01, 0x01, 0x00,
    0x1b, 0x01, 0x01, 0x00, 0x1c, 0x01, 0x01, 0x00, 0x13, 0x01, 0x0b, 0x00,
    0x21, 0x01, 0x00, 0x00, 0x20, 0x01, 0x00, 0x00, 0x22, 0x01, 0x04, 0x00,
    0x20, 0x40, 0x00, 0x00, 0x30, 0x03, 0x00, 0x00, 0x21, 0x40, 0x00, 0x00,
    0xd0, 0x00, 0x00, 0x00, 0x22, 0x40, 0x00, 0x00, 0xb0, 0x02, 0x00, 0x00,
    0x23, 0x40, 0x00, 0x00, 0x80, 0x00, 0x00, 0x00, 0x17, 0x01, 0x0f, 0x00,
    0x2f, 0x01, 0x01, 0x00, 0x02, 0x00, 0x00, 0x00, 0x00, 0x40, 0x00, 0x00,
    0xb0, 0x64, 0x02, 0x00, 0x02, 0x40, 0x00, 0x00, 0x90, 0x52, 0x02, 0x00,
    0x0b, 0x01, 0x00, 0x00, 0x0c, 0x01, 0x00, 0x00, 0x04, 0x01, 0x0b, 0x00,
    0x10, 0x40, 0x00, 0x00, 0x60, 0x8d, 0x00, 0x00, 0x12, 0x01, 0x00, 0x00,
    0x1b, 0x01, 0x00, 0x00, 0x1c, 0x01, 0x00, 0x00, 0x21, 0x01, 0x02, 0x00,
    0x22, 0x01, 0x02, 0x00, 0x20, 0x40, 0x00, 0x00, 0x80, 0x04, 0x00, 0x00,
    0x21, 0x40, 0x00, 0x00, 0x40, 0x00, 0x00, 0x00, 0x22, 0x40, 0x00, 0x00,
    0x00, 0x04, 0x00, 0x00, 0x0d, 0x01, 0x12, 0x00, 0x03, 0x00, 0x00, 0x00,
    0x00, 0x40, 0x00, 0x00, 0x30, 0x56, 0x02, 0x00, 0x02, 0x40, 0x00, 0x00,
    0x00, 0x00, 0x00, 0x00, 0x0b, 0x01, 0x02, 0x00, 0x0c, 0x01, 0x02, 0x00,
    0x10, 0x40, 0x00, 0x00, 0x00, 0x91, 0x00, 0x00, 0x2f, 0x01, 0x03, 0x00,
    0x03, 0x00, 0x00, 0x00, 0x00, 0x40, 0x00, 0x00, 0x90, 0x6f, 0x02, 0x00,
    0x0b, 0x01, 0x01, 0x00, 0x0c, 0x01, 0x01, 0x00, 0x04, 0x01, 0x07, 0x00,
    0x10, 0x40, 0x00, 0x00, 0x10, 0x61, 0x02, 0x00, 0x12, 0x01, 0x01, 0x00,
    0x1b, 0x01, 0x01, 0x00, 0x1c, 0x01, 0x01, 0x00, 0x21, 0x01, 0x00, 0x00,
    0x22, 0x01, 0x04, 0x00, 0x20, 0x40, 0x00, 0x00, 0x30, 0x03, 0x00, 0x00,
    0x21, 0x40, 0x00, 0x00, 0xd0, 0x00, 0x00, 0x00, 0x22, 0x40, 0x00, 0x00,
    0xb0, 0x02, 0x00, 0x00, 0x0d, 0x01, 0x0a, 0x00, 0x02, 0x00, 0x00, 0x00,
    0x00, 0x40, 0x00, 0x00, 0x60, 0x4b, 0x02, 0x00, 0x02, 0x40, 0x00, 0x00,
    0x70, 0x27, 0x02, 0x00, 0x0b, 0x01, 0x00, 0x00, 0x0c, 0x01, 0x00, 0x00,
    0x0a, 0x01, 0x72, 0x00, 0x05, 0x40, 0x00, 0x00, 0x30, 0x07, 0x00, 0x00,
    0x06, 0x40, 0x00, 0x00, 0x30, 0x07, 0x00, 0x00, 0x01, 0x01, 0x01, 0x00,
    0x02, 0x01, 0x01, 0x00, 0x10, 0x40, 0x00, 0x00, 0x50, 0x68, 0x02, 0x00,
    0x12, 0x01, 0x00, 0x00, 0x1b, 0x01, 0x00, 0x00, 0x1c, 0x01, 0x00, 0x00,
    0x13, 0x01, 0x07, 0x00, 0x21, 0x01, 0x02, 0x00, 0x20, 0x01, 0x02, 0x00,
    0x22, 0x01, 0x01, 0x00, 0x20, 0x40, 0x00, 0x00, 0x30, 0x02, 0x00, 0x00,
    0x21, 0x40, 0x00, 0x00, 0x80, 0x00, 0x00, 0x00, 0x22, 0x40, 0x00, 0x00,
    0xe0, 0x01, 0x00, 0x00, 0x23, 0x40, 0x00, 0x00, 0x50, 0x00, 0x00, 0x00,
    0x17, 0x01, 0x07, 0x00, 0x03, 0x00, 0x00, 0x00, 0x00, 0x40, 0x00, 0x00,
    0x24, 0xec, 0x01, 0x00, 0x02, 0x40, 0x00, 0x00, 0x00, 0x00, 0x00, 0x00,
    0x0b, 0x01, 0x02, 0x00, 0x0c, 0x01, 0x02, 0x00, 0x04, 0x01, 0x03, 0x00,
    0x05, 0x40, 0x00, 0x00, 0xcc, 0x01, 0x00, 0x00, 0x04, 0x40, 0x00, 0x00,
    0x04, 0x00, 0x00, 0x00, 0x06, 0x40, 0x00, 0x00, 0x01, 0x00, 0x00, 0x00,
    0x09, 0x01, 0xff, 0xff, 0x05, 0x01, 0x01, 0x00, 0x10, 0x40, 0x00, 0x00,
    0xd0, 0x35, 0x02, 0x00, 0x11, 0x01, 0x72, 0x00, 0x1a, 0x01, 0x72, 0x00,
    0x15, 0x40, 0x00, 0x00, 0x30, 0x07, 0x00, 0x00, 0x16, 0x40, 0x00, 0x00,
    0x30, 0x07, 0x00, 0x00, 0x22, 0x01, 0x06, 0x00, 0x20, 0x40, 0x00, 0x00,
    0x50, 0x00, 0x00, 0x00, 0x21, 0x40, 0x00, 0x00, 0x90, 0x01, 0x00, 0x00,
    0x22, 0x40, 0x00, 0x00, 0x00, 0x00, 0x00, 0x00, 0x15, 0x01, 0x3f, 0x00,
    0x02, 0x00, 0x00, 0x00, 0x00, 0x40, 0x00, 0x00, 0xbc, 0xef, 0x01, 0x00,
    0x10, 0x40, 0x00, 0x00, 0x00, 0x3d, 0x02, 0x00, 0x02, 0x00, 0x00, 0x00,
    0x00, 0x40, 0x00, 0x00, 0x54, 0xf3, 0x01, 0x00, 0x10, 0x40, 0x00, 0x00,
    0x30, 0x44, 0x02, 0x00, 0x02, 0x00, 0x00, 0x00, 0x00, 0x40, 0x00, 0x00,
    0xec, 0xf6, 0x01, 0x00, 0x10, 0x40, 0x00, 0x00, 0x60, 0x4b, 0x02, 0x00,
    0x02, 0x00, 0x00, 0x00, 0x00, 0x40, 0x00, 0x00, 0x70, 0x27, 0x02, 0x00,
    0x04, 0x01, 0x07, 0x00, 0x05, 0x40, 0x00, 0x00, 0x30, 0x07, 0x00, 0x00,
    0x04, 0x40, 0x00, 0x00, 0x10, 0x00, 0x00, 0x00, 0x06, 0x40, 0x00, 0x00,
    0x30, 0x07, 0x00, 0x00, 0x09, 0x01, 0x80, 0xff, 0x05, 0x01, 0x41, 0x00,
    0x10, 0x40, 0x00, 0x00, 0xf0, 0x6b, 0x02, 0x00, 0x11, 0x01, 0x39, 0x00,
    0x1a, 0x01, 0x39, 0x00, 0x15, 0x40, 0x00, 0x00, 0xa0, 0x03, 0x00, 0x00,
    0x16, 0x40, 0x00, 0x00, 0xa0, 0x03, 0x00, 0x00, 0x22, 0x01, 0x01, 0x00,
    0x20, 0x40, 0x00, 0x00, 0x30, 0x02, 0x00, 0x00, 0x21, 0x40, 0x00, 0x00,
    0x80, 0x00, 0x00, 0x00, 0x22, 0x40, 0x00, 0x00, 0xe0, 0x01, 0x00, 0x00,
    0x15, 0x01, 0x39, 0x00, 0x2f, 0x01, 0x01, 0x00, 0x03, 0x00, 0x00, 0x00,
    0x00, 0x40, 0x00, 0x00, 0xa0, 0x2e, 0x02, 0x00, 0x10, 0x40, 0x00, 0x00,
    0x90, 0x6f, 0x02, 0x00, 0x2f, 0x01, 0x03, 0x00, 0x03, 0x00, 0x00, 0x00,
    0x00, 0x40, 0x00, 0x00, 0xd0, 0x35, 0x02, 0x00, 0x10, 0x40, 0x00, 0x00,
    0x30, 0x73, 0x02, 0x00, 0x03, 0x00, 0x00, 0x00, 0x00, 0x40, 0x00, 0x00,
    0x50, 0x68, 0x02, 0x00, 0x0b, 0x01, 0x01, 0x00, 0x0c, 0x01, 0x01, 0x00,
    0x0a, 0x01, 0x39, 0x00, 0x05, 0x40, 0x00, 0x00, 0xa0, 0x03, 0x00, 0x00,
    0x06, 0x40, 0x00, 0x00, 0xa0, 0x03, 0x00, 0x00, 0x01, 0x01, 0x00, 0x00,
    0x02, 0x01, 0x00, 0x00, 0x10, 0x40, 0x00, 0x00, 0x90, 0x52, 0x02, 0x00,
    0x12, 0x01, 0x01, 0x00, 0x1b, 0x01, 0x01, 0x00, 0x1c, 0x01, 0x01, 0x00,
    0x13, 0x01, 0x0b, 0x00, 0x21, 0x01, 0x00, 0x00, 0x20, 0x01, 0x00, 0x00,
    0x22, 0x01, 0x04, 0x00, 0x20, 0x40, 0x00, 0x00, 0x30, 0x03, 0x00, 0x00,
    0x21, 0x40, 0x00, 0x00, 0xd0, 0x00, 0x00, 0x00, 0x22, 0x40, 0x00, 0x00,
    0xb0, 0x02, 0x00, 0x00, 0x23, 0x40, 0x00, 0x00, 0x80, 0x00, 0x00, 0x00,
    0x17, 0x01, 0x0f, 0x00, 0x2f, 0x01, 0x01, 0x00, 0x02, 0x00, 0x00, 0x00,
    0x00, 0x40, 0x00, 0x00, 0x70, 0x5d, 0x02, 0x00, 0x0b, 0x01, 0x02, 0x00,
    0x0c, 0x01, 0x02, 0x00, 0x04, 0x01, 0x0b, 0x00, 0x10, 0x40, 0x00, 0x00,
    0xa0, 0x94, 0x00, 0x00, 0x12, 0x01, 0x00, 0x00, 0x1b, 0x01, 0x00, 0x00,
    0x1c, 0x01, 0x00, 0x00, 0x21, 0x01, 0x02, 0x00, 0x22, 0x01, 0x02, 0x00,
    0x20, 0x40, 0x00, 0x00, 0x80, 0x04, 0x00, 0x00, 0x21, 0x40, 0x00, 0x00,
    0x40, 0x00, 0x00, 0x00, 0x22, 0x40, 0x00, 0x00, 0x00, 0x04, 0x00, 0x00,
    0x0d, 0x01, 0x12, 0x00, 0x03, 0x00, 0x00, 0x00, 0x00, 0x40, 0x00, 0x00,
    0xb0, 0x64, 0x02, 0x00, 0x02, 0x40, 0x00, 0x00, 0x90, 0x52, 0x02, 0x00,
    0x0b, 0x01, 0x00, 0x00, 0x0c, 0x01, 0x00, 0x00, 0x10, 0x40, 0x00, 0x00,
    0x40, 0x98, 0x00, 0x00, 0x2f, 0x01, 0x03, 0x00, 0x03, 0x00, 0x00, 0x00,
    0x00, 0x40, 0x00, 0x00, 0x90, 0x6f, 0x02, 0x00, 0x02, 0x40, 0x00, 0x00,
    0x00, 0x00, 0x00, 0x00, 0x0b, 0x01, 0x01, 0x00, 0x0c, 0x01, 0x01, 0x00,
    0x04, 0x01, 0x07, 0x00, 0x10, 0x40, 0x00, 0x00, 0xd0, 0x59, 0x02, 0x00,
    0x12, 0x01, 0x01, 0x00, 0x1b, 0x01, 0x01, 0x00, 0x1c, 0x01, 0x01, 0x00,
    0x21, 0x01, 0x00, 0x00, 0x22, 0x01, 0x04, 0x00, 0x20, 0x40, 0x00, 0x00,
    0x30, 0x03, 0x00, 0x00, 0x21, 0x40, 0x00, 0x00, 0xd0, 0x00, 0x00, 0x00,
    0x22, 0x40, 0x00, 0x00, 0xb0, 0x02, 0x00, 0x00, 0x0d, 0x01, 0x0a, 0x00,
    0x02, 0x00, 0x00, 0x00, 0x00, 0x40, 0x00, 0x00, 0x00, 0x3d, 0x02, 0x00,
    0x0b, 0x01, 0x02, 0x00, 0x0c, 0x01, 0x02, 0x00, 0x0a, 0x01, 0x72, 0x00,
    0x05, 0x40, 0x00, 0x00, 0x30, 0x07, 0x00, 0x00, 0x06, 0x40, 0x00, 0x00,
    0x30, 0x07, 0x00, 0x00, 0x01, 0x01, 0x01, 0x00, 0x02, 0x01, 0x01, 0x00,
    0x10, 0x40, 0x00, 0x00, 0x50, 0x68, 0x02, 0x00, 0x12, 0x01, 0x00, 0x00,
    0x1b, 0x01, 0x00, 0x00, 0x1c, 0x01, 0x00, 0x00, 0x13, 0x01, 0x07, 0x00,
    0x21, 0x01, 0x02, 0x00, 0x20, 0x01, 0x02, 0x00, 0x22, 0x01, 0x01, 0x00,
    0x20, 0x40, 0x00, 0x00, 0x30, 0x02, 0x00, 0x00, 0x21, 0x40, 0x00, 0x00,
    0x80, 0x00, 0x00, 0x00, 0x22, 0x40, 0x00, 0x00, 0xe0, 0x01, 0x00, 0x00,
    0x23, 0x40, 0x00, 0x00, 0x50, 0x00, 0x00, 0x00, 0x17, 0x01, 0x07, 0x00,
    0x03, 0x00, 0x00, 0x00, 0x00, 0x40, 0x00, 0x00, 0x84, 0xfa, 0x01, 0x00,
    0x04, 0x01, 0x03, 0x00, 0x05, 0x40, 0x00, 0x00, 0xcc, 0x01, 0x00, 0x00,
    0x04, 0x40, 0x00, 0x00, 0x04, 0x00, 0x00, 0x00, 0x06, 0x40, 0x00, 0x00,
    0x01, 0x00, 0x00, 0x00, 0x09, 0x01, 0xff, 0xff, 0x05, 0x01, 0x01, 0x00,
    0x10, 0x40, 0x00, 0x00, 0x70, 0x27, 0x02, 0x00, 0x11, 0x01, 0x72, 0x00,
    0x1a, 0x01, 0x72, 0x00, 0x15, 0x40, 0x00, 0x00, 0x30, 0x07, 0x00, 0x00,
    0x16, 0x40, 0x00, 0x00, 0x30, 0x07, 0x00, 0x00, 0x22, 0x01, 0x06, 0x00,
    0x20, 0x40, 0x00, 0x00, 0x50, 0x00, 0x00, 0x00, 0x21, 0x40, 0x00, 0x00,
    0x90, 0x01, 0x00, 0x00, 0x22, 0x40, 0x00, 0x00, 0x00, 0x00, 0x00, 0x00,
    0x15, 0x01, 0x3f, 0x00, 0x02, 0x00, 0x00, 0x00, 0x00, 0x40, 0x00, 0x00,
    0x1c, 0xfe, 0x01, 0x00, 0x10, 0x40, 0x00, 0x00, 0xa0, 0x2e, 0x02, 0x00,
    0x02, 0x00, 0x00, 0x00, 0x00, 0x40, 0x00, 0x00, 0xb4, 0x01, 0x02, 0x00,
    0x10, 0x40, 0x00, 0x00, 0xd0, 0x35, 0x02, 0x00, 0x02, 0x00, 0x00, 0x00,
    0x00, 0x40, 0x00, 0x00, 0x4c, 0x05, 0x02, 0x00, 0x10, 0x40, 0x00, 0x00,
    0x00, 0x3d, 0x02, 0x00, 0x02, 0x00, 0x00, 0x00, 0x00, 0x40, 0x00, 0x00,
    0x30, 0x44, 0x02, 0x00, 0x02, 0x40, 0x00, 0x00, 0x70, 0x27, 0x02, 0x00,
    0x0b, 0x01, 0x01, 0x00, 0x0c, 0x01, 0x01, 0x00, 0x04, 0x01, 0x07, 0x00,
    0x05, 0x40, 0x00, 0x00, 0x30, 0x07, 0x00, 0x00, 0x04, 0x40, 0x00, 0x00,
    0x10, 0x00, 0x00, 0x00, 0x06, 0x40, 0x00, 0x00, 0x30, 0x07, 0x00, 0x00,
    0x09, 0x01, 0x80, 0xff, 0x05, 0x01, 0x41, 0x00, 0x10, 0x40, 0x00, 0x00,
    0xf0, 0x6b, 0x02, 0x00, 0x11, 0x01, 0x39, 0x00, 0x1a, 0x01, 0x39, 0x00,
    0x15, 0x40, 0x00, 0x00, 0xa0, 0x03, 0x00, 0x00, 0x16, 0x40, 0x00, 0x00,
    0xa0, 0x03, 0x00, 0x00, 0x22, 0x01, 0x01, 0x00, 0x20, 0x40, 0x00, 0x00,
    0x30, 0x02, 0x00, 0x00, 0x21, 0x40, 0x00, 0x00, 0x80, 0x00, 0x00, 0x00,
    0x22, 0x40, 0x00, 0x00, 0xe0, 0x01, 0x00, 0x00, 0x15, 0x01, 0x39, 0x00,
    0x2f, 0x01, 0x01, 0x00, 0x03, 0x00, 0x00, 0x00, 0x00, 0x40, 0x00, 0x00,
    0x60, 0x4b, 0x02, 0x00, 0x0b, 0x01, 0x00, 0x00, 0x0c, 0x01, 0x00, 0x00,
    0x10, 0x40, 0x00, 0x00, 0x90, 0x6f, 0x02, 0x00, 0x2f, 0x01, 0x03, 0x00,
    0x03, 0x00, 0x00, 0x00, 0x00, 0x40, 0x00, 0x00, 0x70, 0x27, 0x02, 0x00,
    0x02, 0x40, 0x00, 0x00, 0x00, 0x00, 0x00, 0x00, 0x0b, 0x01, 0x02, 0x00,
    0x0c, 0x01, 0x02, 0x00, 0x10, 0x40, 0x00, 0x00, 0x30, 0x73, 0x02, 0x00,
    0x03, 0x00, 0x00, 0x00, 0x00, 0x40, 0x00, 0x00, 0x50, 0x68, 0x02, 0x00,
    0x0b, 0x01, 0x01, 0x00, 0x0c, 0x01, 0x01, 0x00, 0x0a, 0x01, 0x39, 0x00,
    0x05, 0x40, 0x00, 0x00, 0xa0, 0x03, 0x00, 0x00, 0x06, 0x40, 0x00, 0x00,
    0xa0, 0x03, 0x00, 0x00, 0x01, 0x01, 0x00, 0x00, 0x02, 0x01, 0x00, 0x00,
    0x10, 0x40, 0x00, 0x00, 0x10, 0x61, 0x02, 0x00, 0x12, 0x01, 0x01, 0x00,
    0x1b, 0x01, 0x01, 0x00, 0x1c, 0x01, 0x01, 0x00, 0x13, 0x01, 0x0b, 0x00,
    0x21, 0x01, 0x00, 0x00, 0x20, 0x01, 0x00, 0x00, 0x22, 0x01, 0x04, 0x00,
    0x20, 0x40, 0x00, 0x00, 0x30, 0x03, 0x00, 0x00, 0x21, 0x40, 0x00, 0x00,
    0xd0, 0x00, 0x00, 0x00, 0x22, 0x40, 0x00, 0x00, 0xb0, 0x02, 0x00, 0x00,
    0x23, 0x40, 0x00, 0x00, 0x80, 0x00, 0x00, 0x00, 0x17, 0x01, 0x0f, 0x00,
    0x2f, 0x01, 0x01, 0x00, 0x02, 0x00, 0x00, 0x00, 0x00, 0x40, 0x00, 0x00,
    0x30, 0x56, 0x02, 0x00, 0x0b, 0x01, 0x02, 0x00, 0x0c, 0x01, 0x02, 0x00,
    0x04, 0x01, 0x0b, 0x00, 0x10, 0x40, 0x00, 0x00, 0xe0, 0x9b, 0x00, 0x00,
    0x12, 0x01, 0x00, 0x00, 0x1b, 0x01, 0x00, 0x00, 0x1c, 0x01, 0x00, 0x00,
    0x21, 0x01, 0x02, 0x00, 0x22, 0x01, 0x02, 0x00, 0x20, 0x40, 0x00, 0x00,
    0x80, 0x04, 0x00, 0x00, 0x21, 0x40, 0x00, 0x00, 0x40, 0x00, 0x00, 0x00,
    0x22, 0x40, 0x00, 0x00, 0x00, 0x04, 0x00, 0x00, 0x0d, 0x01, 0x12, 0x00,
    0x03, 0x00, 0x00, 0x00, 0x00, 0x40, 0x00, 0x00, 0x70, 0x5d, 0x02, 0x00,
    0x10, 0x40, 0x00, 0x00, 0x80, 0x9f, 0x00, 0x00, 0x2f, 0x01, 0x03, 0x00,
    0x03, 0x00, 0x00, 0x00, 0x00, 0x40, 0x00, 0x00, 0x90, 0x6f, 0x02, 0x00,
    0x0b, 0x01, 0x01, 0x00, 0x0c, 0x01, 0x01, 0x00, 0x04, 0x01, 0x07, 0x00,
    0x10, 0x40, 0x00, 0x00, 0x90, 0x52, 0x02, 0x00, 0x12, 0x01, 0x01, 0x00,
    0x1b, 0x01, 0x01, 0x00, 0x1c, 0x01, 0x01, 0x00, 0x21, 0x01, 0x00, 0x00,
    0x22, 0x01, 0x04, 0x00, 0x20, 0x40, 0x00, 0x00, 0x30, 0x03, 0x00, 0x00,
    0x21, 0x40, 0x00, 0x00, 0xd0, 0x00, 0x00, 0x00, 0x22, 0x40, 0x00, 0x00,
    0xb0, 0x02, 0x00, 0x00, 0x0d, 0x01, 0x0a, 0x00, 0x02, 0x00, 0x00, 0x00,
    0x00, 0x40, 0x00, 0x00, 0xa0, 0x2e, 0x02, 0x00, 0x0b, 0x01, 0x02, 0x00,
    0x0c, 0x01, 0x02, 0x00, 0x0a, 0x01, 0x72, 0x00, 0x05, 0x40, 0x00, 0x00,
    0x30, 0x07, 0x00, 0x00, 0x06, 0x40, 0x00, 0x00, 0x30, 0x07, 0x00, 0x00,
    0x01, 0x01, 0x01, 0x00, 0x02, 0x01, 0x01, 0x00, 0x10, 0x40, 0x00, 0x00,
    0x50, 0x68, 0x02, 0x00, 0x12, 0x01, 0x00, 0x00, 0x1b, 0x01, 0x00, 0x00,
    0x1c, 0x01, 0x00, 0x00, 0x13, 0x01, 0x07, 0x00, 0x21, 0x01, 0x02, 0x00,
    0x20, 0x01, 0x02, 0x00, 0x22, 0x01, 0x01, 0x00, 0x20, 0x40, 0x00, 0x00,
    0x30, 0x02, 0x00, 0x00, 0x21, 0x40, 0x00, 0x00, 0x80, 0x00, 0x00, 0x00,
    0x22, 0x40, 0x00, 0x00, 0xe0, 0x01, 0x00, 0x00, 0x23, 0x40, 0x00, 0x00,
    0x50, 0x00, 0x00, 0x00, 0x17, 0x01, 0x07, 0x00, 0x03, 0x00, 0x00, 0x00,
    0x00, 0x40, 0x00, 0x00, 0xe4, 0x08, 0x02, 0x00, 0x04, 0x01, 0x03, 0x00,
    0x05, 0x40, 0x00, 0x00, 0xcc, 0x01, 0x00, 0x00, 0x04, 0x40, 0x00, 0x00,
    0x04, 0x00, 0x00, 0x00, 0x06, 0x40, 0x00, 0x00, 0x01, 0x00, 0x00, 0x00,
    0x09, 0x01, 0xff, 0xff, 0x05, 0x01, 0x01, 0x00, 0x10, 0x40, 0x00, 0x00,
    0x30, 0x44, 0x02, 0x00, 0x11, 0x01, 0x72, 0x00, 0x1a, 0x01, 0x72, 0x00,
    0x15, 0x40, 0x00, 0x00, 0x30, 0x07, 0x00, 0x00, 0x16, 0x40, 0x00, 0x00,
    0x30, 0x07, 0x00, 0x00, 0x22, 0x01, 0x06, 0x00, 0x20, 0x40, 0x00, 0x00,
    0x50, 0x00, 0x00, 0x00, 0x21, 0x40, 0x00, 0x00, 0x90, 0x01, 0x00, 0x00,
    0x22, 0x40, 0x00, 0x00, 0x00, 0x00, 0x00, 0x00, 0x15, 0x01, 0x3f, 0x00,
    0x02, 0x00, 0x00, 0x00, 0x00, 0x40, 0x00, 0x00, 0x7c, 0x0c, 0x02, 0x00,
    0x10, 0x40, 0x00, 0x00, 0x60, 0x4b, 0x02, 0x00, 0x02, 0x00, 0x00, 0x00,
    0x00, 0x40, 0x00, 0x00, 0x14, 0x10, 0x02, 0x00, 0x10, 0x40, 0x00, 0x00,
    0x70, 0x27, 0x02, 0x00, 0x02, 0x00, 0x00, 0x00, 0x00, 0x40, 0x00, 0x00,
    0xac, 0x13, 0x02, 0x00, 0x10, 0x40, 0x00, 0x00, 0xa0, 0x2e, 0x02, 0x00,
    0x02, 0x00, 0x00, 0x00, 0x00, 0x40, 0x00, 0x00, 0xd0, 0x35, 0x02, 0x00,
    0x04, 0x01, 0x07, 0x00, 0x05, 0x40, 0x00, 0x00, 0x30, 0x07, 0x00, 0x00,
    0x04, 0x40, 0x00, 0x00, 0x10, 0x00, 0x00, 0x00, 0x06, 0x40, 0x00, 0x00,
    0x30, 0x07, 0x00, 0x00, 0x09, 0x01, 0x80, 0xff, 0x05, 0x01, 0x41, 0x00,
    0x10, 0x40, 0x00, 0x00, 0xf0, 0x6b, 0x02, 0x00, 0x11, 0x01, 0x39, 0x00,
    0x1a, 0x01, 0x39, 0x00, 0x15, 0x40, 0x00, 0x00, 0xa0, 0x03, 0x00, 0x00,
    0x16, 0x40, 0x00, 0x00, 0xa0, 0x03, 0x00, 0x00, 0x22, 0x01, 0x01, 0x00,
    0x20, 0x40, 0x00, 0x00, 0x30, 0x02, 0x00, 0x00, 0x21, 0x40, 0x00, 0x00,
    0x80, 0x00, 0x00, 0x00, 0x22, 0x40, 0x00, 0x00, 0xe0, 0x01, 0x00, 0x00,
    0x15, 0x01, 0x39, 0x00, 0x2f, 0x01, 0x01, 0x00, 0x03, 0x00, 0x00, 0x00,
    0x00, 0x40, 0x00, 0x00, 0x00, 0x3d, 0x02, 0x00, 0x10, 0x40, 0x00, 0x00,
    0x90, 0x6f, 0x02, 0x00, 0x2f, 0x01, 0x03, 0x00, 0x03, 0x00, 0x00, 0x00,
    0x00, 0x40, 0x00, 0x00, 0x30, 0x44, 0x02, 0x00, 0x02, 0x40, 0x00, 0x00,
    0x70, 0x27, 0x02, 0x00, 0x0b, 0x01, 0x01, 0x00, 0x0c, 0x01, 0x01, 0x00,
    0x10, 0x40, 0x00, 0x00, 0x30, 0x73, 0x02, 0x00, 0x03, 0x00, 0x00, 0x00,
    0x00, 0x40, 0x00, 0x00, 0x50, 0x68, 0x02, 0x00, 0x02, 0x40, 0x00, 0x00,
    0x00, 0x00, 0x00, 0x00, 0x0a, 0x01, 0x39, 0x00, 0x05, 0x40, 0x00, 0x00,
    0xa0, 0x03, 0x00, 0x00, 0x06, 0x40, 0x00, 0x00, 0xa0, 0x03, 0x00, 0x00,
    0x01, 0x01, 0x00, 0x00, 0x02, 0x01, 0x00, 0x00, 0x10, 0x40, 0x00, 0x00,
    0xd0, 0x59, 0x02, 0x00, 0x12, 0x01, 0x01, 0x00, 0x1b, 0x01, 0x01, 0x00,
    0x1c, 0x01, 0x01, 0x00, 0x13, 0x01, 0x0b, 0x00, 0x21, 0x01, 0x00, 0x00,
    0x20, 0x01, 0x00, 0x00, 0x22, 0x01, 0x04, 0x00, 0x20, 0x40, 0x00, 0x00,
    0x30, 0x03, 0x00, 0x00, 0x21, 0x40, 0x00, 0x00, 0xd0, 0x00, 0x00, 0x00,
    0x22, 0x40, 0x00, 0x00, 0xb0, 0x02, 0x00, 0x00, 0x23, 0x40, 0x00, 0x00,
    0x80, 0x00, 0x00, 0x00, 0x17, 0x01, 0x0f, 0x00, 0x2f, 0x01, 0x01, 0x00,
    0x02, 0x00, 0x00, 0x00, 0x00, 0x40, 0x00, 0x00, 0xb0, 0x64, 0x02, 0x00,
    0x02, 0x40, 0x00, 0x00, 0x90, 0x52, 0x02, 0x00, 0x0b, 0x01, 0x00, 0x00,
    0x0c, 0x01, 0x00, 0x00, 0x04, 0x01, 0x0b, 0x00, 0x10, 0x40, 0x00, 0x00,
    0x20, 0xa3, 0x00, 0x00, 0x12, 0x01, 0x00, 0x00, 0x1b, 0x01, 0x00, 0x00,
    0x1c, 0x01, 0x00, 0x00, 0x21, 0x01, 0x02, 0x00, 0x22, 0x01, 0x02, 0x00,
    0x20, 0x40, 0x00, 0x00, 0x80, 0x04, 0x00, 0x00, 0x21, 0x40, 0x00, 0x00,
    0x40, 0x00, 0x00, 0x00, 0x22, 0x40, 0x00, 0x00, 0x00, 0x04, 0x00, 0x00,
    0x0d, 0x01, 0x12, 0x00, 0x03, 0x00, 0x00, 0x00, 0x00, 0x40, 0x00, 0x00,
    0x30, 0x56, 0x02, 0x00, 0x02, 0x40, 0x00, 0x00, 0x00, 0x00, 0x00, 0x00,
    0x0b, 0x01, 0x02, 0x00, 0x0c, 0x01, 0x02, 0x00, 0x10, 0x40, 0x00, 0x00,
    0xc0, 0xa6, 0x00, 0x00, 0x2f, 0x01, 0x03, 0x00, 0x03, 0x00, 0x00, 0x00,
    0x00, 0x40, 0x00, 0x00, 0x90, 0x6f, 0x02, 0x00, 0x0b, 0x01, 0x01, 0x00,
    0x0c, 0x01, 0x01, 0x00, 0x04, 0x01, 0x07, 0x00, 0x10, 0x40, 0x00, 0x00,
    0x10, 0x61, 0x02, 0x00, 0x12, 0x01, 0x01, 0x00, 0x1b, 0x01, 0x01, 0x00,
    0x1c, 0x01, 0x01, 0x00, 0x21, 0x01, 0x00, 0x00, 0x22, 0x01, 0x04, 0x00,
    0x20, 0x40, 0x00, 0x00, 0x30, 0x03, 0x00, 0x00, 0x21, 0x40, 0x00, 0x00,
    0xd0, 0x00, 0x00, 0x00, 0x22, 0x40, 0x00, 0x00, 0xb0, 0x02, 0x00, 0x00,
    0x0d, 0x01, 0x0a, 0x00, 0x02, 0x00, 0x00, 0x00, 0x00, 0x40, 0x00, 0x00,
    0x60, 0x4b, 0x02, 0x00, 0x02, 0x40, 0x00, 0x00, 0x70, 0x27, 0x02, 0x00,
    0x0b, 0x01, 0x00, 0x00, 0x0c, 0x01, 0x00, 0x00, 0x0a, 0x01, 0x72, 0x00,
    0x05, 0x40, 0x00, 0x00, 0x30, 0x07, 0x00, 0x00, 0x06, 0x40, 0x00, 0x00,
    0x30, 0x07, 0x00, 0x00, 0x01, 0x01, 0x01, 0x00, 0x02, 0x01, 0x01, 0x00,
    0x10, 0x40, 0x00, 0x00, 0x50, 0x68, 0x02, 0x00, 0x12, 0x01, 0x00, 0x00,
    0x1b, 0x01, 0x00, 0x00, 0x1c, 0x01, 0x00, 0x00, 0x13, 0x01, 0x07, 0x00,
    0x21, 0x01, 0x02, 0x00, 0x20, 0x01, 0x02, 0x00, 0x22, 0x01, 0x01, 0x00,
    0x20, 0x40, 0x00, 0x00, 0x30, 0x02, 0x00, 0x00, 0x21, 0x40, 0x00, 0x00,
    0x80, 0x00, 0x00, 0x00, 0x22, 0x40, 0x00, 0x00, 0xe0, 0x01, 0x00, 0x00,
    0x23, 0x40, 0x00, 0x00, 0x50, 0x00, 0x00, 0x00, 0x17, 0x01, 0x07, 0x00,
    0x03, 0x00, 0x00, 0x00, 0x00, 0x40, 0x00, 0x00, 0x44, 0x17, 0x02, 0x00,
    0x02, 0x40, 0x00, 0x00, 0x00, 0x00, 0x00, 0x00, 0x0b, 0x01, 0x02, 0x00,
    0x0c, 0x01, 0x02, 0x00, 0x04, 0x01, 0x03, 0x00, 0x05, 0x40, 0x00, 0x00,
    0xcc, 0x01, 0x00, 0x00, 0x04, 0x40, 0x00, 0x00, 0x04, 0x00, 0x00, 0x00,
    0x06, 0x40, 0x00, 0x00, 0x01, 0x00, 0x00, 0x00, 0x09, 0x01, 0xff, 0xff,
    0x05, 0x01, 0x01, 0x00, 0x10, 0x40, 0x00, 0x00, 0xd0, 0x35, 0x02, 0x00,
    0x11, 0x01, 0x72, 0x00, 0x1a, 0x01, 0x72, 0x00, 0x15, 0x40, 0x00, 0x00,
    0x30, 0x07, 0x00, 0x00, 0x16, 0x40, 0x00, 0x00, 0x30, 0x07, 0x00, 0x00,
    0x22, 0x01, 0x06, 0x00, 0x20, 0x40, 0x00, 0x00, 0x50, 0x00, 0x00, 0x00,
    0x21, 0x40, 0x00, 0x00, 0x90, 0x01, 0x00, 0x00, 0x22, 0x40, 0x00, 0x00,
    0x00, 0x00, 0x00, 0x00, 0x15, 0x01, 0x3f, 0x00, 0x02, 0x00, 0x00, 0x00,
    0x00, 0x40, 0x00, 0x00, 0xdc, 0x1a, 0x02, 0x00, 0x10, 0x40, 0x00, 0x00,
    0x00, 0x3d, 0x02, 0x00, 0x02, 0x00, 0x00, 0x00, 0x00, 0x40, 0x00, 0x00,
    0x74, 0x1e, 0x02, 0x00, 0x10, 0x40, 0x00, 0x00, 0x30, 0x44, 0x02, 0x00,
    0x02, 0x00, 0x00, 0x00, 0x00, 0x40, 0x00, 0x00, 0x0c, 0x22, 0x02, 0x00,
    0x10, 0x40, 0x00, 0x00, 0x60, 0x4b, 0x02, 0x00, 0x02, 0x00, 0x00, 0x00,
    0x00, 0x40, 0x00, 0x00, 0x70, 0x27, 0x02, 0x00, 0x04, 0x01, 0x07, 0x00,
    0x05, 0x40, 0x00, 0x00, 0x30, 0x07, 0x00, 0x00, 0x04, 0x40, 0x00, 0x00,
    0x10, 0x00, 0x00, 0x00, 0x06, 0x40, 0x00, 0x00, 0x30, 0x07, 0x00, 0x00,
    0x09, 0x01, 0x80, 0xff, 0x05, 0x01, 0x41, 0x00, 0x10, 0x40, 0x00, 0x00,
    0xf0, 0x6b, 0x02, 0x00, 0x11, 0x01, 0x39, 0x00, 0x1a, 0x01, 0x39, 0x00,
    0x15, 0x40, 0x00, 0x00, 0xa0, 0x03, 0x00, 0x00, 0x16, 0x40, 0x00, 0x00,
    0xa0, 0x03, 0x00, 0x00, 0x22, 0x01, 0x01, 0x00, 0x20, 0x40, 0x00, 0x00,
    0x30, 0x02, 0x00, 0x00, 0x21, 0x40, 0x00, 0x00, 0x80, 0x00, 0x00, 0x00,
    0x22, 0x40, 0x00, 0x00, 0xe0, 0x01, 0x00, 0x00, 0x15, 0x01, 0x39, 0x00,
    0x2f, 0x01, 0x01, 0x00, 0x03, 0x00, 0x00, 0x00, 0x00, 0x40, 0x00, 0x00,
    0xa0, 0x2e, 0x02, 0x00, 0x10, 0x40, 0x00, 0x00, 0x90, 0x6f, 0x02, 0x00,
    0x2f, 0x01, 0x03, 0x00, 0x03, 0x00, 0x00, 0x00, 0x00, 0x40, 0x00, 0x00,
    0xd0, 0x35, 0x02, 0x00, 0x10, 0x40, 0x00, 0x00, 0x30, 0x73, 0x02, 0x00,
    0x03, 0x00, 0x00, 0x00, 0x00, 0x40, 0x00, 0x00, 0x50, 0x68, 0x02, 0x00,
    0x0b, 0x01, 0x01, 0x00, 0x0c, 0x01, 0x01, 0x00, 0x0a, 0x01, 0x39, 0x00,
    0x05, 0x40, 0x00, 0x00, 0xa0, 0x03, 0x00, 0x00, 0x06, 0x40, 0x00, 0x00,
    0xa0, 0x03, 0x00, 0x00, 0x01, 0x01, 0x00, 0x00, 0x02, 0x01, 0x00, 0x00,
    0x10, 0x40, 0x00, 0x00, 0x90, 0x52, 0x02, 0x00, 0x12, 0x01, 0x01, 0x00,
    0x1b, 0x01, 0x01, 0x00, 0x1c, 0x01, 0x01, 0x00, 0x13, 0x01, 0x0b, 0x00,
    0x21, 0x01, 0x00, 0x00, 0x20, 0x01, 0x00, 0x00, 0x22, 0x01, 0x04, 0x00,
    0x20, 0x40, 0x00, 0x00, 0x30, 0x03, 0x00, 0x00, 0x21, 0x40, 0x00, 0x00,
    0xd0, 0x00, 0x00, 0x00, 0x22, 0x40, 0x00, 0x00, 0xb0, 0x02, 0x00, 0x00,
    0x23, 0x40, 0x00, 0x00, 0x80, 0x00, 0x00, 0x00, 0x17, 0x01, 0x0f, 0x00,
    0x2f, 0x01, 0x01, 0x00, 0x02, 0x00, 0x00, 0x00, 0x00, 0x40, 0x00, 0x00,
    0x70, 0x5d, 0x02, 0x00, 0x0b, 0x01, 0x02, 0x00, 0x0c, 0x01, 0x02, 0x00,
    0x04, 0x01, 0x0b, 0x00, 0x10, 0x40, 0x00, 0x00, 0x60, 0xaa, 0x00, 0x00,
    0x12, 0x01, 0x00, 0x00, 0x1b, 0x01, 0x00, 0x00, 0x1c, 0x01, 0x00, 0x00,
    0x21, 0x01, 0x02, 0x00, 0x22, 0x01, 0x02, 0x00, 0x20, 0x40, 0x00, 0x00,
    0x80, 0x04, 0x00, 0x00, 0x21, 0x40, 0x00, 0x00, 0x40, 0x00, 0x00, 0x00,
    0x22, 0x40, 0x00, 0x00, 0x00, 0x04, 0x00, 0x00, 0x0d, 0x01, 0x12, 0x00,
    0x03, 0x00, 0x00, 0x00, 0x00, 0x40, 0x00, 0x00, 0xb0, 0x64, 0x02, 0x00,
    0x02, 0x40, 0x00, 0x00, 0x90, 0x52, 0x02, 0x00, 0x0b, 0x01, 0x00, 0x00,
    0x0c, 0x01, 0x00, 0x00, 0x10, 0x40, 0x00, 0x00, 0x00, 0xae, 0x00, 0x00,
    0x2f, 0x01, 0x03, 0x00, 0x03, 0x00, 0x00, 0x00, 0x00, 0x40, 0x00, 0x00,
    0x90, 0x6f, 0x02, 0x00, 0x02, 0x40, 0x00, 0x00, 0x00, 0x00, 0x00, 0x00,
    0x0b, 0x01, 0x01, 0x00, 0x0c, 0x01, 0x01, 0x00, 0x04, 0x01, 0x07, 0x00,
    0x10, 0x40, 0x00, 0x00, 0xd0, 0x59, 0x02, 0x00, 0x12, 0x01, 0x01, 0x00,
    0x1b, 0x01, 0x01, 0x00, 0x1c, 0x01, 0x01, 0x00, 0x21, 0x01, 0x00, 0x00,
    0x22, 0x01, 0x04, 0x00, 0x20, 0x40, 0x00, 0x00, 0x30, 0x03, 0x00, 0x00,
    0x21, 0x40, 0x00, 0x00, 0xd0, 0x00, 0x00, 0x00, 0x22, 0x40, 0x00, 0x00,
    0xb0, 0x02, 0x00, 0x00, 0x0d, 0x01, 0x0a, 0x00, 0x02, 0x00, 0x00, 0x00,
    0x00, 0x40, 0x00, 0x00, 0x00, 0x3d, 0x02, 0x00, 0x0b, 0x01, 0x02, 0x00,
    0x0c, 0x01, 0x02, 0x00, 0x0a, 0x01, 0x72, 0x00, 0x05, 0x40, 0x00, 0x00,
    0x30, 0x07, 0x00, 0x00, 0x06, 0x40, 0x00, 0x00, 0x30, 0x07, 0x00, 0x00,
    0x01, 0x01, 0x01, 0x00, 0x02, 0x01, 0x01, 0x00, 0x10, 0x40, 0x00, 0x00,
    0x50, 0x68, 0x02, 0x00, 0x12, 0x01, 0x00, 0x00, 0x1b, 0x01, 0x00, 0x00,
    0x1c, 0x01, 0x00, 0x00, 0x13, 0x01, 0x07, 0x00, 0x21, 0x01, 0x02, 0x00,
    0x20, 0x01, 0x02, 0x00, 0x22, 0x01, 0x01, 0x00, 0x20, 0x40, 0x00, 0x00,
    0x30, 0x02, 0x00, 0x00, 0x21, 0x40, 0x00, 0x00, 0x80, 0x00, 0x00, 0x00,
    0x22, 0x40, 0x00, 0x00, 0xe0, 0x01, 0x00, 0x00, 0x23, 0x40, 0x00, 0x00,
    0x50, 0x00, 0x00, 0x00, 0x17, 0x01, 0x07, 0x00, 0x03, 0x00, 0x00, 0x00,
    0x00, 0x40, 0x00, 0x00, 0x30, 0x44, 0x02, 0x00, 0x0b, 0x01, 0x01, 0x00,
    0x0c, 0x01, 0x01, 0x00, 0x03, 0x01, 0x01, 0x00, 0x10, 0x40, 0x00, 0x00,
    0xf0, 0x6b, 0x02, 0x00, 0x03, 0x00, 0x00, 0x00, 0x00, 0x40, 0x00, 0x00,
    0x50, 0x68, 0x02, 0x00, 0x0a, 0x01, 0x39, 0x00, 0x05, 0x40, 0x00, 0x00,
    0xa0, 0x03, 0x00, 0x00, 0x06, 0x40, 0x00, 0x00, 0xa0, 0x03, 0x00, 0x00,
    0x01, 0x01, 0x00, 0x00, 0x03, 0x01, 0x00, 0x00, 0x02, 0x01, 0x00, 0x00,
    0x10, 0x40, 0x00, 0x00, 0x10, 0x61, 0x02, 0x00, 0x12, 0x01, 0x01, 0x00,
    0x1b, 0x01, 0x01, 0x00, 0x1c, 0x01, 0x01, 0x00, 0x13, 0x01, 0x0b, 0x00,
    0x21, 0x01, 0x00, 0x00, 0x20, 0x01, 0x00, 0x00, 0x22, 0x01, 0x04, 0x00,
    0x20, 0x40, 0x00, 0x00, 0x30, 0x03, 0x00, 0x00, 0x21, 0x40, 0x00, 0x00,
    0xd0, 0x00, 0x00, 0x00, 0x22, 0x40, 0x00, 0x00, 0xb0, 0x02, 0x00, 0x00,
    0x23, 0x40, 0x00, 0x00, 0x80, 0x00, 0x00, 0x00, 0x17, 0x01, 0x0f, 0x00,
    0x2f, 0x01, 0x00, 0x00, 0x02, 0x00, 0x00, 0x00, 0x00, 0x40, 0x00, 0x00,
    0x30, 0x56, 0x02, 0x00, 0x0b, 0x01, 0x02, 0x00, 0x0c, 0x01, 0x02, 0x00,
    0x04, 0x01, 0x0b, 0x00, 0x10, 0x40, 0x00, 0x00, 0xa0, 0xb1, 0x00, 0x00,
    0x12, 0x01, 0x00, 0x00, 0x1b, 0x01, 0x00, 0x00, 0x1c, 0x01, 0x00, 0x00,
    0x21, 0x01, 0x02, 0x00, 0x22, 0x01, 0x02, 0x00, 0x20, 0x40, 0x00, 0x00,
    0x80, 0x04, 0x00, 0x00, 0x21, 0x40, 0x00, 0x00, 0x40, 0x00, 0x00, 0x00,
    0x22, 0x40, 0x00, 0x00, 0x00, 0x04, 0x00, 0x00, 0x0d, 0x01, 0x12, 0x00,
    0x2f, 0x01, 0x01, 0x00, 0x03, 0x00, 0x00, 0x00, 0x00, 0x40, 0x00, 0x00,
    0x70, 0x5d, 0x02, 0x00, 0x10, 0x40, 0x00, 0x00, 0x40, 0xb5, 0x00, 0x00,
    0x2f, 0x01, 0x03, 0x00, 0x03, 0x00, 0x00, 0x00, 0x30, 0x01, 0x00, 0x00,
    0x30, 0x40, 0x00, 0x00, 0xc0, 0x04, 0x00, 0x00, 0x31, 0x01, 0x01, 0x00,
    0x31, 0x40, 0x00, 0x00, 0xc0, 0x71, 0x01, 0x00, 0x32, 0x40, 0x00, 0x00,
    0xb0, 0x01, 0x00, 0x00, 0x10, 0x00, 0x00, 0x00, 0x00, 0x40, 0x00, 0x00,
    0x00, 0x00, 0x00, 0x00, 0x0b, 0x01, 0x32, 0x00, 0x0c, 0x01, 0x32, 0x00,
    0x10, 0x40, 0x00, 0x00, 0xe0, 0xb8, 0x00, 0x00, 0x12, 0x01, 0x32, 0x00,
    0x1b, 0x01, 0x32, 0x00, 0x1c, 0x01, 0x32, 0x00, 0x13, 0x01, 0x0f, 0x00,
    0x21, 0x01, 0x00, 0x00, 0x22, 0x01, 0x00, 0x00, 0x28, 0x01, 0x01, 0x00,
    0x20, 0x40, 0x00, 0x00, 0x60, 0x72, 0x01, 0x00, 0x21, 0x40, 0x00, 0x00,
    0x10, 0x01, 0x00, 0x00, 0x29, 0x01, 0x01, 0x00, 0x22, 0x40, 0x00, 0x00,
    0xc0, 0x71, 0x01, 0x00, 0x23, 0x40, 0x00, 0x00, 0xa0, 0x00, 0x00, 0x00,
    0x16, 0x01, 0x03, 0x00, 0x0d, 0x01, 0x0a, 0x00, 0x2d, 0x01, 0x0e, 0x00,
    0x2f, 0x01, 0x01, 0x00, 0x11, 0x00, 0x00, 0x00, 0x02, 0x00, 0x00, 0x00,
    0x30, 0x40, 0x00, 0x00, 0x70, 0x06, 0x00, 0x00, 0x31, 0x40, 0x00, 0x00,
    0x90, 0x2c, 0x02, 0x00, 0x32, 0x40, 0x00, 0x00, 0x30, 0x02, 0x00, 0x00,
    0x10, 0x00, 0x00, 0x00, 0x00, 0x40, 0x00, 0x00, 0xe0, 0xb8, 0x00, 0x00,
    0x04, 0x01, 0x0f, 0x00, 0x00, 0x01, 0x03, 0x00, 0x01, 0x01, 0x01, 0x00,
    0x03, 0x01, 0x03, 0x00, 0x02, 0x01, 0x01, 0x00, 0x10, 0x40, 0x00, 0x00,
    0xc0, 0x71, 0x01, 0x00, 0x21, 0x01, 0x06, 0x00, 0x20, 0x01, 0x02, 0x00,
    0x20, 0x40, 0x00, 0x00, 0x30, 0x2d, 0x02, 0x00, 0x21, 0x40, 0x00, 0x00,
    0x90, 0x01, 0x00, 0x00, 0x22, 0x40, 0x00, 0x00, 0x90, 0x2c, 0x02, 0x00,
    0x16, 0x01, 0x19, 0x00, 0x15, 0x01, 0x05, 0x00, 0x2f, 0x01, 0x03, 0x00,
    0x11, 0x00, 0x00, 0x00, 0x03, 0x00, 0x00, 0x00, 0x30, 0x40, 0x00, 0x00,
    0xa0, 0x08, 0x00, 0x00, 0x31, 0x40, 0x00, 0x00, 0xa0, 0x2a, 0x02, 0x00,
    0x32, 0x40, 0x00, 0x00, 0xf0, 0x01, 0x00, 0x00, 0x10, 0x00, 0x00, 0x00,
    0x00, 0x40, 0x00, 0x00, 0xc0, 0x71, 0x01, 0x00, 0x00, 0x01, 0x00, 0x00,
    0x01, 0x01, 0x00, 0x00, 0x03, 0x01, 0x00, 0x00, 0x02, 0x01, 0x00, 0x00,
    0x10, 0x40, 0x00, 0x00, 0x00, 0x00, 0x00, 0x00, 0x18, 0x01, 0x02, 0x00,
    0x21, 0x01, 0x00, 0x00, 0x20, 0x01, 0x00, 0x00, 0x20, 0x40, 0x00, 0x00,
    0x40, 0x2b, 0x02, 0x00, 0x21, 0x40, 0x00, 0x00, 0x50, 0x01, 0x00, 0x00,
    0x22, 0x40, 0x00, 0x00, 0xa0, 0x2a, 0x02, 0x00, 0x16, 0x01, 0x03, 0x00,
    0x15, 0x01, 0x39, 0x00, 0x11, 0x00, 0x00, 0x00, 0x02, 0x00, 0x00, 0x00,
    0x25, 0x40, 0x0d, 0x00, 0xf3, 0x33, 0x3f, 0x41, 0x26, 0x40, 0x00, 0x00,
    0x00, 0x00, 0x00, 0x00, 0x24, 0x40, 0x30, 0x00, 0x55, 0xcb, 0x8d, 0x7d,
    0x00, 0x40, 0x00, 0x00, 0xe0, 0xb8, 0x00, 0x00, 0x05, 0x01, 0x41, 0x01,
    0x18, 0x01, 0x80, 0xff, 0x14, 0x01, 0x41, 0x01, 0x8f, 0x01, 0x01, 0x00,
    0x80, 0x40, 0x00, 0x00, 0x00, 0x00, 0x00, 0x00, 0x81, 0x40, 0x00, 0x00,
    0x00, 0x00, 0x00, 0x00, 0x82, 0x40, 0x00, 0x00, 0x00, 0x00, 0x00, 0x00,
    0x83, 0x40, 0x00, 0x00, 0x00, 0x00, 0x00, 0x00, 0x8b, 0x01, 0x32, 0x00,
    0x8c, 0x01, 0x32, 0x00, 0x8a, 0x01, 0x39, 0x00, 0x85, 0x40, 0x00, 0x00,
    0xa0, 0x03, 0x00, 0x00, 0x84, 0x40, 0x00, 0x00, 0x10, 0x00, 0x00, 0x00,
    0x86, 0x40, 0x00, 0x00, 0xa0, 0x03, 0x00, 0x00, 0x89, 0x01, 0x02, 0x00,
    0x85, 0x01, 0x41, 0x00, 0x80, 0x01, 0x00, 0x00, 0x16, 0x01, 0x0f, 0x00,
    0x15, 0x01, 0x1f, 0x00, 0x0d, 0x01, 0x2e, 0x00, 0x2d, 0x01, 0x2e, 0x00,
    0x8d, 0x01, 0x12, 0x00, 0x06, 0x00, 0x01, 0x00, 0x30, 0x40, 0x00, 0x00,
    0x90, 0x0a, 0x00, 0x00, 0x31, 0x40, 0x00, 0x00, 0x90, 0x2c, 0x02, 0x00,
    0x32, 0x40, 0x00, 0x00, 0xb0, 0x01, 0x00, 0x00, 0x10, 0x00, 0x00, 0x00,
    0x00, 0x40, 0x00, 0x00, 0x00, 0x00, 0x00, 0x00, 0x05, 0x01, 0x41, 0x00,
    0x00, 0x01, 0x01, 0x00, 0x01, 0x01, 0x02, 0x00, 0x03, 0x01, 0x01, 0x00,
    0x02, 0x01, 0x02, 0x00, 0x10, 0x40, 0x00, 0x00, 0xc0, 0x71, 0x01, 0x00,
    0x14, 0x01, 0x41, 0x00, 0x21, 0x01, 0x02, 0x00, 0x20, 0x01, 0x04, 0x00,
    0x20, 0x40, 0x00, 0x00, 0x30, 0x2d, 0x02, 0x00, 0x21, 0x40, 0x00, 0x00,
    0x10, 0x01, 0x00, 0x00, 0x22, 0x40, 0x00, 0x00, 0x90, 0x2c, 0x02, 0x00,
    0x16, 0x01, 0x07, 0x00, 0x15, 0x01, 0x13, 0x00, 0x0d, 0x01, 0x0a, 0x00,
    0x2d, 0x01, 0x0e, 0x00, 0x11, 0x00, 0x00, 0x00, 0x03, 0x00, 0x00, 0x00,
    0x30, 0x40, 0x00, 0x00, 0x40, 0x0c, 0x00, 0x00, 0x31, 0x40, 0x00, 0x00,
    0xa0, 0x2a, 0x02, 0x00, 0x32, 0x40, 0x00, 0x00, 0xf0, 0x01, 0x00, 0x00,
    0x10, 0x00, 0x00, 0x00, 0x00, 0x40, 0x00, 0x00, 0xc0, 0x71, 0x01, 0x00,
    0x00, 0x01, 0x00, 0x00, 0x01, 0x01, 0x00, 0x00, 0x03, 0x01, 0x00, 0x00,
    0x02, 0x01, 0x00, 0x00, 0x10, 0x40, 0x00, 0x00, 0xe0, 0xb8, 0x00, 0x00,
    0x18, 0x01, 0xfe, 0xff, 0x21, 0x01, 0x00, 0x00, 0x20, 0x01, 0x00, 0x00,
    0x20, 0x40, 0x00, 0x00, 0x40, 0x2b, 0x02, 0x00, 0x21, 0x40, 0x00, 0x00,
    0x50, 0x01, 0x00, 0x00, 0x22, 0x40, 0x00, 0x00, 0xa0, 0x2a, 0x02, 0x00,
    0x16, 0x01, 0x03, 0x00, 0x15, 0x01, 0x39, 0x00, 0x11, 0x00, 0x00, 0x00,
    0x02, 0x00, 0x00, 0x00, 0x25, 0x40, 0x0d, 0x00, 0xdc, 0xe0, 0xa7, 0x47,
    0x24, 0x40, 0x30, 0x00, 0xb6, 0x08, 0x53, 0x72, 0x00, 0x40, 0x00, 0x00,
    0x00, 0x00, 0x00, 0x00, 0x05, 0x01, 0x41, 0x01, 0x18, 0x01, 0x80, 0xff,
    0x14, 0x01, 0x41, 0x01, 0x80, 0x40, 0x00, 0x00, 0xe0, 0xb8, 0x00, 0x00,
    0x89, 0x01, 0xfe, 0xff, 0x16, 0x01, 0x0f, 0x00, 0x15, 0x01, 0x1f, 0x00,
    0x0d, 0x01, 0x2e, 0x00, 0x2d, 0x01, 0x2e, 0x00, 0x06, 0x00, 0x01, 0x00,
    0x30, 0x40, 0x00, 0x00, 0x30, 0x0e, 0x00, 0x00, 0x31, 0x40, 0x00, 0x00,
    0x90, 0x2c, 0x02, 0x00, 0x32, 0x40, 0x00, 0x00, 0x20, 0x02, 0x00, 0x00,
    0x10, 0x00, 0x00, 0x00, 0x00, 0x40, 0x00, 0x00, 0xe0, 0xb8, 0x00, 0x00,
    0x05, 0x01, 0x41, 0x00, 0x00, 0x01, 0x03, 0x00, 0x01, 0x01, 0x01, 0x00,
    0x03, 0x01, 0x03, 0x00, 0x02, 0x01, 0x01, 0x00, 0x10, 0x40, 0x00, 0x00,
    0xc0, 0x71, 0x01, 0x00, 0x14, 0x01, 0x41, 0x00, 0x21, 0x01, 0x06, 0x00,
    0x20, 0x01, 0x02, 0x00, 0x20, 0x40, 0x00, 0x00, 0x30, 0x2d, 0x02, 0x00,
    0x21, 0x40, 0x00, 0x00, 0x80, 0x01, 0x00, 0x00, 0x22, 0x40, 0x00, 0x00,
    0x90, 0x2c, 0x02, 0x00, 0x16, 0x01, 0x19, 0x00, 0x15, 0x01, 0x05, 0x00,
    0x0d, 0x01, 0x0a, 0x00, 0x2d, 0x01, 0x0e, 0x00, 0x11, 0x00, 0x00, 0x00,
    0x03, 0x00, 0x00, 0x00, 0x30, 0x40, 0x00, 0x00, 0x50, 0x10, 0x00, 0x00,
    0x31, 0x40, 0x00, 0x00, 0xa0, 0x2a, 0x02, 0x00, 0x32, 0x40, 0x00, 0x00,
    0xf0, 0x01, 0x00, 0x00, 0x10, 0x00, 0x00, 0x00, 0x00, 0x40, 0x00, 0x00,
    0xc0, 0x71, 0x01, 0x00, 0x00, 0x01, 0x00, 0x00, 0x01, 0x01, 0x00, 0x00,
    0x03, 0x01, 0x00, 0x00, 0x02, 0x01, 0x00, 0x00, 0x10, 0x40, 0x00, 0x00,
    0x00, 0x00, 0x00, 0x00, 0x18, 0x01, 0xfb, 0xff, 0x21, 0x01, 0x00, 0x00,
    0x20, 0x01, 0x00, 0x00, 0x20, 0x40, 0x00, 0x00, 0x40, 0x2b, 0x02, 0x00,
    0x21, 0x40, 0x00, 0x00, 0x50, 0x01, 0x00, 0x00, 0x22, 0x40, 0x00, 0x00,
    0xa0, 0x2a, 0x02, 0x00, 0x16, 0x01, 0x03, 0x00, 0x15, 0x01, 0x39, 0x00,
    0x11, 0x00, 0x00, 0x00, 0x02, 0x00, 0x00, 0x00, 0x25, 0x40, 0x0d, 0x00,
    0x8f, 0x37, 0x17, 0x48, 0x24, 0x40, 0x30, 0x00, 0xf9, 0x77, 0xa2, 0x71,
    0x00, 0x40, 0x00, 0x00, 0xe0, 0xb8, 0x00, 0x00, 0x05, 0x01, 0x41, 0x01,
    0x18, 0x01, 0x80, 0xff, 0x14, 0x01, 0x41, 0x01, 0x80, 0x40, 0x00, 0x00,
    0x00, 0x00, 0x00, 0x00, 0x89, 0x01, 0xfb, 0xff, 0x16, 0x01, 0x0f, 0x00,
    0x15, 0x01, 0x1f, 0x00, 0x0d, 0x01, 0x2e, 0x00, 0x2d, 0x01, 0x2e, 0x00,
    0x06, 0x00, 0x01, 0x00, 0x30, 0x40, 0x00, 0x00, 0x40, 0x12, 0x00, 0x00,
    0x31, 0x40, 0x00, 0x00, 0x90, 0x2c, 0x02, 0x00, 0x32, 0x40, 0x00, 0x00,
    0xb0, 0x01, 0x00, 0x00, 0x10, 0x00, 0x00, 0x00, 0x00, 0x40, 0x00, 0x00,
    0x00, 0x00, 0x00, 0x00, 0x05, 0x01, 0x41, 0x00, 0x00, 0x01, 0x01, 0x00,
    0x01, 0x01, 0x02, 0x00, 0x03, 0x01, 0x01, 0x00, 0x02, 0x01, 0x02, 0x00,
    0x10, 0x40, 0x00, 0x00, 0xc0, 0x71, 0x01, 0x00, 0x14, 0x01, 0x41, 0x00,
    0x21, 0x01, 0x02, 0x00, 0x20, 0x01, 0x04, 0x00, 0x20, 0x40, 0x00, 0x00,
    0x30, 0x2d, 0x02, 0x00, 0x21, 0x40, 0x00, 0x00, 0x10, 0x01, 0x00, 0x00,
    0x22, 0x40, 0x00, 0x00, 0x90, 0x2c, 0x02, 0x00, 0x16, 0x01, 0x07, 0x00,
    0x15, 0x01, 0x13, 0x00, 0x0d, 0x01, 0x0a, 0x00, 0x2d, 0x01, 0x0e, 0x00,
    0x11, 0x00, 0x00, 0x00, 0x03, 0x00, 0x00, 0x00, 0x30, 0x40, 0x00, 0x00,
    0xf0, 0x13, 0x00, 0x00, 0x31, 0x40, 0x00, 0x00, 0xa0, 0x2a, 0x02, 0x00,
    0x32, 0x40, 0x00, 0x00, 0xf0, 0x01, 0x00, 0x00, 0x10, 0x00, 0x00, 0x00,
    0x00, 0x40, 0x00, 0x00, 0xc0, 0x71, 0x01, 0x00, 0x00, 0x01, 0x00, 0x00,
    0x01, 0x01, 0x00, 0x00, 0x03, 0x01, 0x00, 0x00, 0x02, 0x01, 0x00, 0x00,
    0x10, 0x40, 0x00, 0x00, 0xe0, 0xb8, 0x00, 0x00, 0x18, 0x01, 0x03, 0x00,
    0x21, 0x01, 0x00, 0x00, 0x20, 0x01, 0x00, 0x00, 0x20, 0x40, 0x00, 0x00,
    0x40, 0x2b, 0x02, 0x00, 0x21, 0x40, 0x00, 0x00, 0x50, 0x01, 0x00, 0x00,
    0x22, 0x40, 0x00, 0x00, 0xa0, 0x2a, 0x02, 0x00, 0x16, 0x01, 0x03, 0x00,
    0x15, 0x01, 0x39, 0x00, 0x11, 0x00, 0x00, 0x00, 0x02, 0x00, 0x00, 0x00,
    0x25, 0x40, 0x0d, 0x00, 0x84, 0x21, 0x71, 0x4e, 0x24, 0x40, 0x30, 0x00,
    0xee, 0x17, 0x6f, 0x68, 0x00, 0x40, 0x00, 0x00, 0x00, 0x00, 0x00, 0x00,
    0x05, 0x01, 0x41, 0x01, 0x18, 0x01, 0x80, 0xff, 0x14, 0x01, 0x41, 0x01,
    0x80, 0x40, 0x00, 0x00, 0xe0, 0xb8, 0x00, 0x00, 0x89, 0x01, 0x03, 0x00,
    0x16, 0x01, 0x0f, 0x00, 0x15, 0x01, 0x1f, 0x00, 0x0d, 0x01, 0x2e, 0x00,
    0x2d, 0x01, 0x2e, 0x00, 0x06, 0x00, 0x01, 0x00, 0x30, 0x40, 0x00, 0x00,
    0xe0, 0x15, 0x00, 0x00, 0x31, 0x40, 0x00, 0x00, 0x90, 0x2c, 0x02, 0x00,
    0x32, 0x40, 0x00, 0x00, 0x30, 0x02, 0x00, 0x00, 0x10, 0x00, 0x00, 0x00,
    0x00, 0x40, 0x00, 0x00, 0xe0, 0xb8, 0x00, 0x00, 0x05, 0x01, 0x41, 0x00,
    0x00, 0x01, 0x03, 0x00, 0x01, 0x01, 0x01, 0x00, 0x03, 0x01, 0x03, 0x00,
    0x02, 0x01, 0x01, 0x00, 0x10, 0x40, 0x00, 0x00, 0xc0, 0x71, 0x01, 0x00,
    0x14, 0x01, 0x41, 0x00, 0x21, 0x01, 0x06, 0x00, 0x20, 0x01, 0x02, 0x00,
    0x20, 0x40, 0x00, 0x00, 0x30, 0x2d, 0x02, 0x00, 0x21, 0x40, 0x00, 0x00,
    0x90, 0x01, 0x00, 0x00, 0x22, 0x40, 0x00, 0x00, 0x90, 0x2c, 0x02, 0x00,
    0x16, 0x01, 0x19, 0x00, 0x15, 0x01, 0x05, 0x00, 0x0d, 0x01, 0x0a, 0x00,
    0x2d, 0x01, 0x0e, 0x00, 0x11, 0x00, 0x00, 0x00, 0x03, 0x00, 0x00, 0x00,
    0x30, 0x40, 0x00, 0x00, 0x10, 0x18, 0x00, 0x00, 0x31, 0x40, 0x00, 0x00,
    0xa0, 0x2a, 0x02, 0x00, 0x32, 0x40, 0x00, 0x00, 0xf0, 0x01, 0x00, 0x00,
    0x10, 0x00, 0x00, 0x00, 0x00, 0x40, 0x00, 0x00, 0xc0, 0x71, 0x01, 0x00,
    0x00, 0x01, 0x00, 0x00, 0x01, 0x01, 0x00, 0x00, 0x03, 0x01, 0x00, 0x00,
    0x02, 0x01, 0x00, 0x00, 0x10, 0x40, 0x00, 0x00, 0x00, 0x00, 0x00, 0x00,
    0x18, 0x01, 0x06, 0x00, 0x21, 0x01, 0x00, 0x00, 0x20, 0x01, 0x00, 0x00,
    0x20, 0x40, 0x00, 0x00, 0x40, 0x2b, 0x02, 0x00, 0x21, 0x40, 0x00, 0x00,
    0x50, 0x01, 0x00, 0x00, 0x22, 0x40, 0x00, 0x00, 0xa0, 0x2a, 0x02, 0x00,
    0x16, 0x01, 0x03, 0x00, 0x15, 0x01, 0x39, 0x00, 0x11, 0x00, 0x00, 0x00,
    0x02, 0x00, 0x00, 0x00, 0x25, 0x40, 0x0d, 0x00, 0x31, 0xcb, 0xf9, 0x47,
    0x24, 0x40, 0x30, 0x00, 0x01, 0xec, 0xd0, 0x71, 0x00, 0x40, 0x00, 0x00,
    0xe0, 0xb8, 0x00, 0x00, 0x05, 0x01, 0x41, 0x01, 0x18, 0x01, 0x80, 0xff,
    0x14, 0x01, 0x41, 0x01, 0x80, 0x40, 0x00, 0x00, 0x00, 0x00, 0x00, 0x00,
    0x89, 0x01, 0x06, 0x00, 0x16, 0x01, 0x0f, 0x00, 0x15, 0x01, 0x1f, 0x00,
    0x0d, 0x01, 0x2e, 0x00, 0x2d, 0x01, 0x2e, 0x00, 0x06, 0x00, 0x01, 0x00,
    0x30, 0x40, 0x00, 0x00, 0x00, 0x1a, 0x00, 0x00, 0x31, 0x40, 0x00, 0x00,
    0x90, 0x2c, 0x02, 0x00, 0x32, 0x40, 0x00, 0x00, 0xb0, 0x01, 0x00, 0x00,
    0x10, 0x00, 0x00, 0x00, 0x00, 0x40, 0x00, 0x00, 0x00, 0x00, 0x00, 0x00,
    0x05, 0x01, 0x41, 0x00, 0x00, 0x01, 0x01, 0x00, 0x01, 0x01, 0x02, 0x00,
    0x03, 0x01, 0x01, 0x00, 0x02, 0x01, 0x02, 0x00, 0x10, 0x40, 0x00, 0x00,
    0xc0, 0x71, 0x01, 0x00, 0x14, 0x01, 0x41, 0x00, 0x21, 0x01, 0x02, 0x00,
    0x20, 0x01, 0x04, 0x00, 0x20, 0x40, 0x00, 0x00, 0x30, 0x2d, 0x02, 0x00,
    0x21, 0x40, 0x00, 0x00, 0x10, 0x01, 0x00, 0x00, 0x22, 0x40, 0x00, 0x00,
    0x90, 0x2c, 0x02, 0x00, 0x16, 0x01, 0x07, 0x00, 0x15, 0x01, 0x13, 0x00,
    0x0d, 0x01, 0x0a, 0x00, 0x2d, 0x01, 0x0e, 0x00, 0x11, 0x00, 0x00, 0x00,
    0x03, 0x00, 0x00, 0x00, 0x30, 0x40, 0x00, 0x00, 0xb0, 0x1b, 0x00, 0x00,
    0x31, 0x40, 0x00, 0x00, 0xa0, 0x2a, 0x02, 0x00, 0x32, 0x40, 0x00, 0x00,
    0xf0, 0x01, 0x00, 0x00, 0x10, 0x00, 0x00, 0x00, 0x00, 0x40, 0x00, 0x00,
    0xc0, 0x71, 0x01, 0x00, 0x00, 0x01, 0x00, 0x00, 0x01, 0x01, 0x00, 0x00,
    0x03, 0x01, 0x00, 0x00, 0x02, 0x01, 0x00, 0x00, 0x10, 0x40, 0x00, 0x00,
    0xe0, 0xb8, 0x00, 0x00, 0x18, 0x01, 0x0a, 0x00, 0x21, 0x01, 0x00, 0x00,
    0x20, 0x01, 0x00, 0x00, 0x20, 0x40, 0x00, 0x00, 0x40, 0x2b, 0x02, 0x00,
    0x21, 0x40, 0x00, 0x00, 0x50, 0x01, 0x00, 0x00, 0x22, 0x40, 0x00, 0x00,
    0xa0, 0x2a, 0x02, 0x00, 0x16, 0x01, 0x03, 0x00, 0x15, 0x01, 0x39, 0x00,
    0x11, 0x00, 0x00, 0x00, 0x02, 0x00, 0x00, 0x00, 0x25, 0x40, 0x0d, 0x00,
    0x93, 0xe5, 0x7b, 0x4a, 0x24, 0x40, 0x30, 0x00, 0xb2, 0xbf, 0xfb, 0x6d,
    0x00, 0x40, 0x00, 0x00, 0x00, 0x00, 0x00, 0x00, 0x05, 0x01, 0x41, 0x01,
    0x18, 0x01, 0x80, 0xff, 0x14, 0x01, 0x41, 0x01, 0x80, 0x40, 0x00, 0x00,
    0xe0, 0xb8, 0x00, 0x00, 0x89, 0x01, 0x0a, 0x00, 0x16, 0x01, 0x0f, 0x00,
    0x15, 0x01, 0x1f, 0x00, 0x0d, 0x01, 0x2e, 0x00, 0x2d, 0x01, 0x2e, 0x00,
    0x06, 0x00, 0x01, 0x00, 0x30, 0x40, 0x00, 0x00, 0xa0, 0x1d, 0x00, 0x00,
    0x31, 0x40, 0x00, 0x00, 0x90, 0x2c, 0x02, 0x00, 0x32, 0x40, 0x00, 0x00,
    0x20, 0x02, 0x00, 0x00, 0x10, 0x00, 0x00, 0x00, 0x00, 0x40, 0x00, 0x00,
    0xe0, 0xb8, 0x00, 0x00, 0x05, 0x01, 0x41, 0x00, 0x00, 0x01, 0x03, 0x00,
    0x01, 0x01, 0x01, 0x00, 0x03, 0x01, 0x03, 0x00, 0x02, 0x01, 0x01, 0x00,
    0x10, 0x40, 0x00, 0x00, 0xc0, 0x71, 0x01, 0x00, 0x14, 0x01, 0x41, 0x00,
    0x21, 0x01, 0x06, 0x00, 0x20, 0x01, 0x02, 0x00, 0x20, 0x40, 0x00, 0x00,
    0x30, 0x2d, 0x02, 0x00, 0x21, 0x40, 0x00, 0x00, 0x80, 0x01, 0x00, 0x00,
    0x22, 0x40, 0x00, 0x00, 0x90, 0x2c, 0x02, 0x00, 0x16, 0x01, 0x19, 0x00,
    0x15, 0x01, 0x05, 0x00, 0x0d, 0x01, 0x0a, 0x00, 0x2d, 0x01, 0x0e, 0x00,
    0x11, 0x00, 0x00, 0x00, 0x03, 0x00, 0x00, 0x00, 0x30, 0x40, 0x00, 0x00,
    0xc0, 0x1f, 0x00, 0x00, 0x31, 0x40, 0x00, 0x00, 0xa0, 0x2a, 0x02, 0x00,
    0x32, 0x40, 0x00, 0x00, 0xf0, 0x01, 0x00, 0x00, 0x10, 0x00, 0x00, 0x00,
    0x00, 0x40, 0x00, 0x00, 0xc0, 0x71, 0x01, 0x00, 0x00, 0x01, 0x00, 0x00,
    0x01, 0x01, 0x00, 0x00, 0x03, 0x01, 0x00, 0x00, 0x02, 0x01, 0x00, 0x00,
    0x10, 0x40, 0x00, 0x00, 0x00, 0x00, 0x00, 0x00, 0x18, 0x01, 0x10, 0x00,
    0x21, 0x01, 0x00, 0x00, 0x20, 0x01, 0x00, 0x00, 0x20, 0x40, 0x00, 0x00,
    0x40, 0x2b, 0x02, 0x00, 0x21, 0x40, 0x00, 0x00, 0x50, 0x01, 0x00, 0x00,
    0x22, 0x40, 0x00, 0x00, 0xa0, 0x2a, 0x02, 0x00, 0x16, 0x01, 0x03, 0x00,
    0x15, 0x01, 0x39, 0x00, 0x11, 0x00, 0x00, 0x00, 0x02, 0x00, 0x00, 0x00,
    0x25, 0x40, 0x0d, 0x00, 0x16, 0xfe, 0x0e, 0x58, 0x24, 0x40, 0x30, 0x00,
    0x65, 0x6c, 0x07, 0x5d, 0x00, 0x40, 0x00, 0x00, 0xe0, 0xb8, 0x00, 0x00,
    0x05, 0x01, 0x41, 0x01, 0x18, 0x01, 0x80, 0xff, 0x14, 0x01, 0x41, 0x01,
    0x80, 0x40, 0x00, 0x00, 0x00, 0x00, 0x00, 0x00, 0x89, 0x01, 0x10, 0x00,
    0x16, 0x01, 0x0f, 0x00, 0x15, 0x01, 0x1f, 0x00, 0x0d, 0x01, 0x2e, 0x00,
    0x2d, 0x01, 0x2e, 0x00, 0x06, 0x00, 0x01, 0x00, 0x30, 0x40, 0x00, 0x00,
    0xb0, 0x21, 0x00, 0x00, 0x31, 0x40, 0x00, 0x00, 0x90, 0x2c, 0x02, 0x00,
    0x32, 0x40, 0x00, 0x00, 0xb0, 0x01, 0x00, 0x00, 0x10, 0x00, 0x00, 0x00,
    0x00, 0x40, 0x00, 0x00, 0x00, 0x00, 0x00, 0x00, 0x05, 0x01, 0x41, 0x00,
    0x00, 0x01, 0x01, 0x00, 0x01, 0x01, 0x02, 0x00, 0x03, 0x01, 0x01, 0x00,
    0x02, 0x01, 0x02, 0x00, 0x10, 0x40, 0x00, 0x00, 0xc0, 0x71, 0x01, 0x00,
    0x14, 0x01, 0x41, 0x00, 0x21, 0x01, 0x02, 0x00, 0x20, 0x01, 0x04, 0x00,
    0x20, 0x40, 0x00, 0x00, 0x30, 0x2d, 0x02, 0x00, 0x21, 0x40, 0x00, 0x00,
    0x10, 0x01, 0x00, 0x00, 0x22, 0x40, 0x00, 0x00, 0x90, 0x2c, 0x02, 0x00,
    0x16, 0x01, 0x07, 0x00, 0x15, 0x01, 0x13, 0x00, 0x0d, 0x01, 0x0a, 0x00,
    0x2d, 0x01, 0x0e, 0x00, 0x11, 0x00, 0x00, 0x00, 0x03, 0x00, 0x00, 0x00,
    0x30, 0x40, 0x00, 0x00, 0x60, 0x23, 0x00, 0x00, 0x31, 0x40, 0x00, 0x00,
    0xa0, 0x2a, 0x02, 0x00, 0x32, 0x40, 0x00, 0x00, 0xf0, 0x01, 0x00, 0x00,
    0x10, 0x00, 0x00, 0x00, 0x00, 0x40, 0x00, 0x00, 0xc0, 0x71, 0x01, 0x00,
    0x00, 0x01, 0x00, 0x00, 0x01, 0x01, 0x00, 0x00, 0x03, 0x01, 0x00, 0x00,
    0x02, 0x01, 0x00, 0x00, 0x10, 0x40, 0x00, 0x00, 0xe0, 0xb8, 0x00, 0x00,
    0x18, 0x01, 0xfc, 0xff, 0x21, 0x01, 0x00, 0x00, 0x20, 0x01, 0x00, 0x00,
    0x20, 0x40, 0x00, 0x00, 0x40, 0x2b, 0x02, 0x00, 0x21, 0x40, 0x00, 0x00,
    0x50, 0x01, 0x00, 0x00, 0x22, 0x40, 0x00, 0x00, 0xa0, 0x2a, 0x02, 0x00,
    0x16, 0x01, 0x03, 0x00, 0x15, 0x01, 0x39, 0x00, 0x11, 0x00, 0x00, 0x00,
    0x02, 0x00, 0x00, 0x00, 0x25, 0x40, 0x0d, 0x00, 0x54, 0x65, 0xb6, 0x56,
    0x24, 0x40, 0x30, 0x00, 0x3f, 0x1f, 0x79, 0x5e, 0x00, 0x40, 0x00, 0x00,
    0x00, 0x00, 0x00, 0x00, 0x05, 0x01, 0x41, 0x01, 0x18, 0x01, 0x80, 0xff,
    0x14, 0x01, 0x41, 0x01, 0x80, 0x40, 0x00, 0x00, 0xe0, 0xb8, 0x00, 0x00,
    0x89, 0x01, 0xfc, 0xff, 0x16, 0x01, 0x0f, 0x00, 0x15, 0x01, 0x1f, 0x00,
    0x0d, 0x01, 0x2e, 0x00, 0x2d, 0x01, 0x2e, 0x00, 0x06, 0x00, 0x01, 0x00,
    0x30, 0x40, 0x00, 0x00, 0x50, 0x25, 0x00, 0x00, 0x31, 0x40, 0x00, 0x00,
    0xb0, 0x73, 0x01, 0x00, 0x32, 0x40, 0x00, 0x00, 0x30, 0x02, 0x00, 0x00,
    0x12, 0x00, 0x01, 0x00, 0x10, 0x00, 0x00, 0x00, 0x00, 0x40, 0x00, 0x00,
    0xe0, 0xb8, 0x00, 0x00, 0x05, 0x01, 0x41, 0x00, 0x00, 0x01, 0x03, 0x00,
    0x01, 0x01, 0x01, 0x00, 0x03, 0x01, 0x03, 0x00, 0x02, 0x01, 0x01, 0x00,
    0x10, 0x40, 0x00, 0x00, 0x00, 0x00, 0x00, 0x00, 0x14, 0x01, 0x41, 0x00,
    0x21, 0x01, 0x06, 0x00, 0x20, 0x01, 0x02, 0x00, 0x20, 0x40, 0x00, 0x00,
    0x50, 0x74, 0x01, 0x00, 0x21, 0x40, 0x00, 0x00, 0x90, 0x01, 0x00, 0x00,
    0x22, 0x40, 0x00, 0x00, 0xb0, 0x73, 0x01, 0x00, 0x16, 0x01, 0x19, 0x00,
    0x15, 0x01, 0x05, 0x00, 0x0d, 0x01, 0x0a, 0x00, 0x2d, 0x01, 0x0e, 0x00,
    0x11, 0x00, 0x00, 0x00, 0x03, 0x00, 0x00, 0x00, 0x30, 0x40, 0x00, 0x00,
    0x80, 0x27, 0x00, 0x00, 0x31, 0x40, 0x00, 0x00, 0xc0, 0x71, 0x01, 0x00,
    0x32, 0x40, 0x00, 0x00, 0xf0, 0x01, 0x00, 0x00, 0x10, 0x00, 0x00, 0x00,
    0x00, 0x40, 0x00, 0x00, 0x00, 0x00, 0x00, 0x00, 0x00, 0x01, 0x00, 0x00,
    0x01, 0x01, 0x00, 0x00, 0x03, 0x01, 0x00, 0x00, 0x02, 0x01, 0x00, 0x00,
    0x10, 0x40, 0x00, 0x00, 0xb0, 0x73, 0x01, 0x00, 0x18, 0x01, 0xf9, 0xff,
    0x21, 0x01, 0x00, 0x00, 0x20, 0x01, 0x00, 0x00, 0x20, 0x40, 0x00, 0x00,
    0x60, 0x72, 0x01, 0x00, 0x21, 0x40, 0x00, 0x00, 0x50, 0x01, 0x00, 0x00,
    0x22, 0x40, 0x00, 0x00, 0xc0, 0x71, 0x01, 0x00, 0x16, 0x01, 0x03, 0x00,
    0x15, 0x01, 0x39, 0x00, 0x11, 0x00, 0x00, 0x00, 0x02, 0x00, 0x00, 0x00,
    0x25, 0x40, 0x0d, 0x00, 0x1b, 0xf5, 0xd0, 0x59, 0x24, 0x40, 0x30, 0x00,
    0xf4, 0x5c, 0x35, 0x5b, 0x00, 0x40, 0x00, 0x00, 0xe0, 0xb8, 0x00, 0x00,
    0x05, 0x01, 0x41, 0x01, 0x18, 0x01, 0x80, 0xff, 0x14, 0x01, 0x41, 0x01,
    0x80, 0x40, 0x00, 0x00, 0xb0, 0x73, 0x01, 0x00, 0x89, 0x01, 0xf9, 0xff,
    0x16, 0x01, 0x0f, 0x00, 0x15, 0x01, 0x1f, 0x00, 0x0d, 0x01, 0x2e, 0x00,
    0x2d, 0x01, 0x2e, 0x00, 0x06, 0x00, 0x01, 0x00, 0x30, 0x40, 0x00, 0x00,
    0x70, 0x29, 0x00, 0x00, 0x31, 0x40, 0x00, 0x00, 0x90, 0x2c, 0x02, 0x00,
    0x32, 0x40, 0x00, 0x00, 0xb0, 0x01, 0x00, 0x00, 0x10, 0x00, 0x00, 0x00,
    0x00, 0x40, 0x00, 0x00, 0xb0, 0x73, 0x01, 0x00, 0x05, 0x01, 0x41, 0x00,
    0x00, 0x01, 0x01, 0x00, 0x01, 0x01, 0x02, 0x00, 0x03, 0x01, 0x01, 0x00,
    0x02, 0x01, 0x02, 0x00, 0x10, 0x40, 0x00, 0x00, 0x00, 0x00, 0x00, 0x00,
    0x14, 0x01, 0x41, 0x00, 0x21, 0x01, 0x02, 0x00, 0x20, 0x01, 0x04, 0x00,
    0x20, 0x40, 0x00, 0x00, 0x30, 0x2d, 0x02, 0x00, 0x21, 0x40, 0x00, 0x00,
    0x10, 0x01, 0x00, 0x00, 0x22, 0x40, 0x00, 0x00, 0x90, 0x2c, 0x02, 0x00,
    0x16, 0x01, 0x07, 0x00, 0x15, 0x01, 0x13, 0x00, 0x0d, 0x01, 0x0a, 0x00,
    0x2d, 0x01, 0x0e, 0x00, 0x11, 0x00, 0x00, 0x00, 0x03, 0x00, 0x00, 0x00,
    0x30, 0x40, 0x00, 0x00, 0x20, 0x2b, 0x00, 0x00, 0x31, 0x40, 0x00, 0x00,
    0xc0, 0x71, 0x01, 0x00, 0x32, 0x40, 0x00, 0x00, 0xf0, 0x01, 0x00, 0x00,
    0x10, 0x00, 0x00, 0x00, 0x00, 0x40, 0x00, 0x00, 0x00, 0x00, 0x00, 0x00,
    0x00, 0x01, 0x00, 0x00, 0x01, 0x01, 0x00, 0x00, 0x03, 0x01, 0x00, 0x00,
    0x02, 0x01, 0x00, 0x00, 0x10, 0x40, 0x00, 0x00, 0xe0, 0xb8, 0x00, 0x00,
    0x18, 0x01, 0x18, 0x00, 0x21, 0x01, 0x00, 0x00, 0x20, 0x01, 0x00, 0x00,
    0x20, 0x40, 0x00, 0x00, 0x60, 0x72, 0x01, 0x00, 0x21, 0x40, 0x00, 0x00,
    0x50, 0x01, 0x00, 0x00, 0x22, 0x40, 0x00, 0x00, 0xc0, 0x71, 0x01, 0x00,
    0x16, 0x01, 0x03, 0x00, 0x15, 0x01, 0x39, 0x00, 0x11, 0x00, 0x00, 0x00,
    0x02, 0x00, 0x00, 0x00, 0x25, 0x40, 0x0d, 0x00, 0xac, 0x08, 0x24, 0x50,
    0x24, 0x40, 0x30, 0x00, 0x8e, 0x5b, 0x38, 0x66, 0x00, 0x40, 0x00, 0x00,
    0xb0, 0x73, 0x01, 0x00, 0x05, 0x01, 0x41, 0x01, 0x10, 0x40, 0x00, 0x00,
    0x00, 0x00, 0x00, 0x00, 0x18, 0x01, 0x80, 0xff, 0x14, 0x01, 0x41, 0x01,
    0x80, 0x40, 0x00, 0x00, 0xe0, 0xb8, 0x00, 0x00, 0x89, 0x01, 0x18, 0x00,
    0x16, 0x01, 0x0f, 0x00, 0x15, 0x01, 0x1f, 0x00, 0x0d, 0x01, 0x2e, 0x00,
    0x2d, 0x01, 0x2e, 0x00, 0x06, 0x00, 0x01, 0x00, 0x00, 0x40, 0x00, 0x00,
    0x00, 0x00, 0x00, 0x00, 0x0b, 0x01, 0x00, 0x00, 0x0c, 0x01, 0x00, 0x00,
    0x05, 0x01, 0x41, 0x80, 0x10, 0x40, 0x00, 0x00, 0x80, 0xbc, 0x00, 0x00,
    0x12, 0x01, 0x00, 0x00, 0x1b, 0x01, 0x00, 0x00, 0x1c, 0x01, 0x00, 0x00,
    0x14, 0x01, 0x41, 0x81, 0x24, 0x40, 0x00, 0x00, 0x01, 0x00, 0x00, 0x00,
    0x16, 0x01, 0x01, 0x00, 0x15, 0x01, 0x35, 0x00, 0x0d, 0x01, 0x0a, 0x00,
    0x2d, 0x01, 0x1e, 0x00, 0x2f, 0x01, 0x00, 0x00, 0x05, 0x00, 0x01, 0x00,
    0x00, 0x40, 0x00, 0x00, 0xa0, 0x03, 0x00, 0x00, 0x10, 0x40, 0x00, 0x00,
    0xc0, 0xc3, 0x00, 0x00, 0x2f, 0x01, 0x03, 0x00, 0x05, 0x00, 0x01, 0x00,
    0x00, 0x40, 0x00, 0x00, 0x40, 0x07, 0x00, 0x00, 0x10, 0x40, 0x00, 0x00,
    0x00, 0xcb, 0x00, 0x00, 0x05, 0x00, 0x01, 0x00, 0x00, 0x40, 0x00, 0x00,
    0xe0, 0x0a, 0x00, 0x00, 0x10, 0x40, 0x00, 0x00, 0x40, 0xd2, 0x00, 0x00,
    0x05, 0x00, 0x01, 0x00, 0x00, 0x40, 0x00, 0x00, 0x80, 0x0e, 0x00, 0x00,
    0x10, 0x40, 0x00, 0x00, 0x80, 0xd9, 0x00, 0x00, 0x05, 0x00, 0x01, 0x00,
    0x00, 0x40, 0x00, 0x00, 0x20, 0x12, 0x00, 0x00, 0x10, 0x40, 0x00, 0x00,
    0xc0, 0xe0, 0x00, 0x00, 0x05, 0x00, 0x01, 0x00, 0x00, 0x40, 0x00, 0x00,
    0xc0, 0x15, 0x00, 0x00, 0x10, 0x40, 0x00, 0x00, 0x00, 0xe8, 0x00, 0x00,
    0x05, 0x00, 0x01, 0x00, 0x00, 0x40, 0x00, 0x00, 0x60, 0x19, 0x00, 0x00,
    0x10, 0x40, 0x00, 0x00, 0x40, 0xef, 0x00, 0x00, 0x05, 0x00, 0x01, 0x00,
    0x00, 0x40, 0x00, 0x00, 0x00, 0x1d, 0x00, 0x00, 0x10, 0x40, 0x00, 0x00,
    0x80, 0xf6, 0x00, 0x00, 0x05, 0x00, 0x01, 0x00, 0x00, 0x40, 0x00, 0x00,
    0xa0, 0x20, 0x00, 0x00, 0x10, 0x40, 0x00, 0x00, 0xc0, 0xfd, 0x00, 0x00,
    0x05, 0x00, 0x01, 0x00, 0x00, 0x40, 0x00, 0x00, 0x40, 0x24, 0x00, 0x00,
    0x10, 0x40, 0x00, 0x00, 0x00, 0x05, 0x01, 0x00, 0x05, 0x00, 0x01, 0x00,
    0x00, 0x40, 0x00, 0x00, 0xe0, 0x27, 0x00, 0x00, 0x10, 0x40, 0x00, 0x00,
    0x40, 0x0c, 0x01, 0x00, 0x05, 0x00, 0x01, 0x00, 0x00, 0x40, 0x00, 0x00,
    0x80, 0x2b, 0x00, 0x00, 0x10, 0x40, 0x00, 0x00, 0x80, 0x13, 0x01, 0x00,
    0x05, 0x00, 0x01, 0x00, 0x00, 0x40, 0x00, 0x00, 0x20, 0x2f, 0x00, 0x00,
    0x10, 0x40, 0x00, 0x00, 0xc0, 0x1a, 0x01, 0x00, 0x05, 0x00, 0x01, 0x00,
    0x00, 0x40, 0x00, 0x00, 0xc0, 0x32, 0x00, 0x00, 0x10, 0x40, 0x00, 0x00,
    0x00, 0x22, 0x01, 0x00, 0x05, 0x00, 0x01, 0x00, 0x00, 0x40, 0x00, 0x00,
    0x60, 0x36, 0x00, 0x00, 0x10, 0x40, 0x00, 0x00, 0x40, 0x29, 0x01, 0x00,
    0x05, 0x00, 0x01, 0x00, 0x00, 0x40, 0x00, 0x00, 0x00, 0x3a, 0x00, 0x00,
    0x10, 0x40, 0x00, 0x00, 0x80, 0x30, 0x01, 0x00, 0x05, 0x00, 0x01, 0x00,
    0x00, 0x40, 0x00, 0x00, 0xa0, 0x3d, 0x00, 0x00, 0x10, 0x40, 0x00, 0x00,
    0xc0, 0x37, 0x01, 0x00, 0x05, 0x00, 0x01, 0x00, 0x00, 0x40, 0x00, 0x00,
    0x40, 0x41, 0x00, 0x00, 0x10, 0x40, 0x00, 0x00, 0x00, 0x3f, 0x01, 0x00,
    0x05, 0x00, 0x01, 0x00, 0x00, 0x40, 0x00, 0x00, 0xe0, 0x44, 0x00, 0x00,
    0x10, 0x40, 0x00, 0x00, 0x40, 0x46, 0x01, 0x00, 0x05, 0x00, 0x01, 0x00,
    0x00, 0x40, 0x00, 0x00, 0x80, 0x48, 0x00, 0x00, 0x10, 0x40, 0x00, 0x00,
    0x80, 0x4d, 0x01, 0x00, 0x05, 0x00, 0x01, 0x00, 0x00, 0x40, 0x00, 0x00,
    0x20, 0x4c, 0x00, 0x00, 0x10, 0x40, 0x00, 0x00, 0xc0, 0x54, 0x01, 0x00,
    0x05, 0x00, 0x01, 0x00, 0x00, 0x40, 0x00, 0x00, 0xc0, 0x4f, 0x00, 0x00,
    0x10, 0x40, 0x00, 0x00, 0x00, 0x5c, 0x01, 0x00, 0x05, 0x00, 0x01, 0x00,
    0x00, 0x40, 0x00, 0x00, 0x60, 0x53, 0x00, 0x00, 0x10, 0x40, 0x00, 0x00,
    0x40, 0x63, 0x01, 0x00, 0x05, 0x00, 0x01, 0x00, 0x00, 0x40, 0x00, 0x00,
    0x00, 0x57, 0x00, 0x00, 0x10, 0x40, 0x00, 0x00, 0x80, 0x6a, 0x01, 0x00,
    0x05, 0x00, 0x01, 0x00, 0x00, 0x40, 0x00, 0x00, 0xa0, 0x5a, 0x00, 0x00,
    0x10, 0x40, 0x00, 0x00, 0xc0, 0x71, 0x01, 0x00, 0x05, 0x00, 0x01, 0x00,
    0x00, 0x40, 0x00, 0x00, 0x40, 0x5e, 0x00, 0x00, 0x10, 0x40, 0x00, 0x00,
    0x00, 0x79, 0x01, 0x00, 0x05, 0x00, 0x01, 0x00, 0x00, 0x40, 0x00, 0x00,
    0xe0, 0x61, 0x00, 0x00, 0x10, 0x40, 0x00, 0x00, 0x40, 0x80, 0x01, 0x00,
    0x05, 0x00, 0x01, 0x00, 0x00, 0x40, 0x00, 0x00, 0x80, 0x65, 0x00, 0x00,
    0x10, 0x40, 0x00, 0x00, 0x80, 0x87, 0x01, 0x00, 0x05, 0x00, 0x01, 0x00,
    0x00, 0x40, 0x00, 0x00, 0x20, 0x69, 0x00, 0x00, 0x10, 0x40, 0x00, 0x00,
    0xc0, 0x8e, 0x01, 0x00, 0x05, 0x00, 0x01, 0x00, 0x00, 0x40, 0x00, 0x00,
    0xc0, 0x6c, 0x00, 0x00, 0x10, 0x40, 0x00, 0x00, 0x00, 0x96, 0x01, 0x00,
    0x05, 0x00, 0x01, 0x00, 0x00, 0x40, 0x00, 0x00, 0x60, 0x70, 0x00, 0x00,
    0x10, 0x40, 0x00, 0x00, 0x40, 0x9d, 0x01, 0x00, 0x05, 0x00, 0x01, 0x00,
    0x00, 0x40, 0x00, 0x00, 0x00, 0x74, 0x00, 0x00, 0x10, 0x40, 0x00, 0x00,
    0x80, 0xa4, 0x01, 0x00, 0x05, 0x00, 0x01, 0x00, 0x00, 0x40, 0x00, 0x00,
    0xa0, 0x77, 0x00, 0x00, 0x10, 0x40, 0x00, 0x00, 0xc0, 0xab, 0x01, 0x00,
    0x05, 0x00, 0x01, 0x00, 0x00, 0x40, 0x00, 0x00, 0x40, 0x7b, 0x00, 0x00,
    0x10, 0x40, 0x00, 0x00, 0x00, 0xb3, 0x01, 0x00, 0x05, 0x00, 0x01, 0x00,
    0x00, 0x40, 0x00, 0x00, 0xe0, 0x7e, 0x00, 0x00, 0x10, 0x40, 0x00, 0x00,
    0x40, 0xba, 0x01, 0x00, 0x05, 0x00, 0x01, 0x00, 0x00, 0x40, 0x00, 0x00,
    0x80, 0x82, 0x00, 0x00, 0x10, 0x40, 0x00, 0x00, 0x80, 0xc1, 0x01, 0x00,
    0x05, 0x00, 0x01, 0x00, 0x00, 0x40, 0x00, 0x00, 0x20, 0x86, 0x00, 0x00,
    0x10, 0x40, 0x00, 0x00, 0xc0, 0xc8, 0x01, 0x00, 0x05, 0x00, 0x01, 0x00,
    0x00, 0x40, 0x00, 0x00, 0xc0, 0x89, 0x00, 0x00, 0x10, 0x40, 0x00, 0x00,
    0x00, 0xd0, 0x01, 0x00, 0x05, 0x00, 0x01, 0x00, 0x00, 0x40, 0x00, 0x00,
    0x60, 0x8d, 0x00, 0x00, 0x10, 0x40, 0x00, 0x00, 0x40, 0xd7, 0x01, 0x00,
    0x05, 0x00, 0x01, 0x00, 0x00, 0x40, 0x00, 0x00, 0x00, 0x91, 0x00, 0x00,
    0x10, 0x40, 0x00, 0x00, 0x80, 0xde, 0x01, 0x00, 0x05, 0x00, 0x01, 0x00,
    0x00, 0x40, 0x00, 0x00, 0xa0, 0x94, 0x00, 0x00, 0x10, 0x40, 0x00, 0x00,
    0xc0, 0xe5, 0x01, 0x00, 0x05, 0x00, 0x01, 0x00, 0x00, 0x40, 0x00, 0x00,
    0x40, 0x98, 0x00, 0x00, 0x10, 0x40, 0x00, 0x00, 0x00, 0xed, 0x01, 0x00,
    0x05, 0x00, 0x01, 0x00, 0x00, 0x40, 0x00, 0x00, 0xe0, 0x9b, 0x00, 0x00,
    0x10, 0x40, 0x00, 0x00, 0x40, 0xf4, 0x01, 0x00, 0x05, 0x00, 0x01, 0x00,
    0x00, 0x40, 0x00, 0x00, 0x80, 0x9f, 0x00, 0x00, 0x10, 0x40, 0x00, 0x00,
    0x80, 0xfb, 0x01, 0x00, 0x05, 0x00, 0x01, 0x00, 0x00, 0x40, 0x00, 0x00,
    0x20, 0xa3, 0x00, 0x00, 0x10, 0x40, 0x00, 0x00, 0xc0, 0x02, 0x02, 0x00,
    0x05, 0x00, 0x01, 0x00, 0x00, 0x40, 0x00, 0x00, 0xc0, 0xa6, 0x00, 0x00,
    0x10, 0x40, 0x00, 0x00, 0x00, 0x0a, 0x02, 0x00, 0x05, 0x00, 0x01, 0x00,
    0x00, 0x40, 0x00, 0x00, 0x60, 0xaa, 0x00, 0x00, 0x10, 0x40, 0x00, 0x00,
    0x40, 0x11, 0x02, 0x00, 0x05, 0x00, 0x01, 0x00, 0x00, 0x40, 0x00, 0x00,
    0x00, 0xae, 0x00, 0x00, 0x10, 0x40, 0x00, 0x00, 0x80, 0x18, 0x02, 0x00,
    0x05, 0x00, 0x01, 0x00, 0x00, 0x40, 0x00, 0x00, 0xa0, 0xb1, 0x00, 0x00,
    0x10, 0x40, 0x00, 0x00, 0xc0, 0x1f, 0x02, 0x00, 0x05, 0x00, 0x01, 0x00,
    0x00, 0x40, 0x00, 0x00, 0x40, 0xb5, 0x00, 0x00, 0x10, 0x40, 0x00, 0x00,
    0x00, 0x27, 0x02, 0x00, 0x05, 0x00, 0x01, 0x00, 0x00, 0x40, 0x00, 0x00,
    0x00, 0x00, 0x00, 0x00, 0x10, 0x40, 0x00, 0x00, 0xe0, 0xb8, 0x00, 0x00,
    0x05, 0x00, 0x01, 0x00, 0x00, 0x40, 0x00, 0x00, 0xa0, 0x03, 0x00, 0x00,
    0x10, 0x40, 0x00, 0x00, 0x20, 0xc0, 0x00, 0x00, 0x05, 0x00, 0x01, 0x00,
    0x00, 0x40, 0x00, 0x00, 0x40, 0x07, 0x00, 0x00, 0x10, 0x40, 0x00, 0x00,
    0x60, 0xc7, 0x00, 0x00, 0x05, 0x00, 0x01, 0x00, 0x00, 0x40, 0x00, 0x00,
    0xe0, 0x0a, 0x00, 0x00, 0x10, 0x40, 0x00, 0x00, 0xa0, 0xce, 0x00, 0x00,
    0x05, 0x00, 0x01, 0x00, 0x00, 0x40, 0x00, 0x00, 0x80, 0x0e, 0x00, 0x00,
    0x10, 0x40, 0x00, 0x00, 0xe0, 0xd5, 0x00, 0x00, 0x05, 0x00, 0x01, 0x00,
    0x00, 0x40, 0x00, 0x00, 0x20, 0x12, 0x00, 0x00, 0x10, 0x40, 0x00, 0x00,
    0x20, 0xdd, 0x00, 0x00, 0x05, 0x00, 0x01, 0x00, 0x00, 0x40, 0x00, 0x00,
    0xc0, 0x15, 0x00, 0x00, 0x10, 0x40, 0x00, 0x00, 0x60, 0xe4, 0x00, 0x00,
    0x05, 0x00, 0x01, 0x00, 0x00, 0x40, 0x00, 0x00, 0x60, 0x19, 0x00, 0x00,
    0x10, 0x40, 0x00, 0x00, 0xa0, 0xeb, 0x00, 0x00, 0x05, 0x00, 0x01, 0x00,
    0x00, 0x40, 0x00, 0x00, 0x00, 0x1d, 0x00, 0x00, 0x10, 0x40, 0x00, 0x00,
    0xe0, 0xf2, 0x00, 0x00, 0x05, 0x00, 0x01, 0x00, 0x00, 0x40, 0x00, 0x00,
    0xa0, 0x20, 0x00, 0x00, 0x10, 0x40, 0x00, 0x00, 0x20, 0xfa, 0x00, 0x00,
    0x05, 0x00, 0x01, 0x00, 0x00, 0x40, 0x00, 0x00, 0x40, 0x24, 0x00, 0x00,
    0x10, 0x40, 0x00, 0x00, 0x60, 0x01, 0x01, 0x00, 0x05, 0x00, 0x01, 0x00,
    0x00, 0x40, 0x00, 0x00, 0xe0, 0x27, 0x00, 0x00, 0x10, 0x40, 0x00, 0x00,
    0xa0, 0x08, 0x01, 0x00, 0x05, 0x00, 0x01, 0x00, 0x00, 0x40, 0x00, 0x00,
    0x80, 0x2b, 0x00, 0x00, 0x10, 0x40, 0x00, 0x00, 0xe0, 0x0f, 0x01, 0x00,
    0x05, 0x00, 0x01, 0x00, 0x00, 0x40, 0x00, 0x00, 0x20, 0x2f, 0x00, 0x00,
    0x10, 0x40, 0x00, 0x00, 0x20, 0x17, 0x01, 0x00, 0x05, 0x00, 0x01, 0x00,
    0x00, 0x40, 0x00, 0x00, 0xc0, 0x32, 0x00, 0x00, 0x10, 0x40, 0x00, 0x00,
    0x60, 0x1e, 0x01, 0x00, 0x05, 0x00, 0x01, 0x00, 0x00, 0x40, 0x00, 0x00,
    0x60, 0x36, 0x00, 0x00, 0x10, 0x40, 0x00, 0x00, 0xa0, 0x25, 0x01, 0x00,
    0x05, 0x00, 0x01, 0x00, 0x00, 0x40, 0x00, 0x00, 0x00, 0x3a, 0x00, 0x00,
    0x10, 0x40, 0x00, 0x00, 0xe0, 0x2c, 0x01, 0x00, 0x05, 0x00, 0x01, 0x00,
    0x00, 0x40, 0x00, 0x00, 0xa0, 0x3d, 0x00, 0x00, 0x10, 0x40, 0x00, 0x00,
    0x20, 0x34, 0x01, 0x00, 0x05, 0x00, 0x01, 0x00, 0x00, 0x40, 0x00, 0x00,
    0x40, 0x41, 0x00, 0x00, 0x10, 0x40, 0x00, 0x00, 0x60, 0x3b, 0x01, 0x00,
    0x05, 0x00, 0x01, 0x00, 0x00, 0x40, 0x00, 0x00, 0xe0, 0x44, 0x00, 0x00,
    0x10, 0x40, 0x00, 0x00, 0xa0, 0x42, 0x01, 0x00, 0x05, 0x00, 0x01, 0x00,
    0x00, 0x40, 0x00, 0x00, 0x80, 0x48, 0x00, 0x00, 0x10, 0x40, 0x00, 0x00,
    0xe0, 0x49, 0x01, 0x00, 0x05, 0x00, 0x01, 0x00, 0x00, 0x40, 0x00, 0x00,
    0x20, 0x4c, 0x00, 0x00, 0x10, 0x40, 0x00, 0x00, 0x20, 0x51, 0x01, 0x00,
    0x05, 0x00, 0x01, 0x00, 0x00, 0x40, 0x00, 0x00, 0xc0, 0x4f, 0x00, 0x00,
    0x10, 0x40, 0x00, 0x00, 0x60, 0x58, 0x01, 0x00, 0x05, 0x00, 0x01, 0x00,
    0x00, 0x40, 0x00, 0x00, 0x60, 0x53, 0x00, 0x00, 0x10, 0x40, 0x00, 0x00,
    0xa0, 0x5f, 0x01, 0x00, 0x05, 0x00, 0x01, 0x00, 0x00, 0x40, 0x00, 0x00,
    0x00, 0x57, 0x00, 0x00, 0x10, 0x40, 0x00, 0x00, 0xe0, 0x66, 0x01, 0x00,
    0x05, 0x00, 0x01, 0x00, 0x00, 0x40, 0x00, 0x00, 0xa0, 0x5a, 0x00, 0x00,
    0x10, 0x40, 0x00, 0x00, 0x20, 0x6e, 0x01, 0x00, 0x05, 0x00, 0x01, 0x00,
    0x00, 0x40, 0x00, 0x00, 0x40, 0x5e, 0x00, 0x00, 0x10, 0x40, 0x00, 0x00,
    0x60, 0x75, 0x01, 0x00, 0x05, 0x00, 0x01, 0x00, 0x00, 0x40, 0x00, 0x00,
    0xe0, 0x61, 0x00, 0x00, 0x10, 0x40, 0x00, 0x00, 0xa0, 0x7c, 0x01, 0x00,
    0x05, 0x00, 0x01, 0x00, 0x00, 0x40, 0x00, 0x00, 0x80, 0x65, 0x00, 0x00,
    0x10, 0x40, 0x00, 0x00, 0xe0, 0x83, 0x01, 0x00, 0x05, 0x00, 0x01, 0x00,
    0x00, 0x40, 0x00, 0x00, 0x20, 0x69, 0x00, 0x00, 0x10, 0x40, 0x00, 0x00,
    0x20, 0x8b, 0x01, 0x00, 0x05, 0x00, 0x01, 0x00, 0x00, 0x40, 0x00, 0x00,
    0xc0, 0x6c, 0x00, 0x00, 0x10, 0x40, 0x00, 0x00, 0x60, 0x92, 0x01, 0x00,
    0x05, 0x00, 0x01, 0x00, 0x00, 0x40, 0x00, 0x00, 0x60, 0x70, 0x00, 0x00,
    0x10, 0x40, 0x00, 0x00, 0xa0, 0x99, 0x01, 0x00, 0x05, 0x00, 0x01, 0x00,
    0x00, 0x40, 0x00, 0x00, 0x00, 0x74, 0x00, 0x00, 0x10, 0x40, 0x00, 0x00,
    0xe0, 0xa0, 0x01, 0x00, 0x05, 0x00, 0x01, 0x00, 0x00, 0x40, 0x00, 0x00,
    0xa0, 0x77, 0x00, 0x00, 0x10, 0x40, 0x00, 0x00, 0x20, 0xa8, 0x01, 0x00,
    0x05, 0x00, 0x01, 0x00, 0x00, 0x40, 0x00, 0x00, 0x40, 0x7b, 0x00, 0x00,
    0x10, 0x40, 0x00, 0x00, 0x60, 0xaf, 0x01, 0x00, 0x05, 0x00, 0x01, 0x00,
    0x00, 0x40, 0x00, 0x00, 0xe0, 0x7e, 0x00, 0x00, 0x10, 0x40, 0x00, 0x00,
    0xa0, 0xb6, 0x01, 0x00, 0x05, 0x00, 0x01, 0x00, 0x00, 0x40, 0x00, 0x00,
    0x80, 0x82, 0x00, 0x00, 0x10, 0x40, 0x00, 0x00, 0xe0, 0xbd, 0x01, 0x00,
    0x05, 0x00, 0x01, 0x00, 0x00, 0x40, 0x00, 0x00, 0x20, 0x86, 0x00, 0x00,
    0x10, 0x40, 0x00, 0x00, 0x20, 0xc5, 0x01, 0x00, 0x05, 0x00, 0x01, 0x00,
    0x00, 0x40, 0x00, 0x00, 0xc0, 0x89, 0x00, 0x00, 0x10, 0x40, 0x00, 0x00,
    0x60, 0xcc, 0x01, 0x00, 0x05, 0x00, 0x01, 0x00, 0x00, 0x40, 0x00, 0x00,
    0x60, 0x8d, 0x00, 0x00, 0x10, 0x40, 0x00, 0x00, 0xa0, 0xd3, 0x01, 0x00,
    0x05, 0x00, 0x01, 0x00, 0x00, 0x40, 0x00, 0x00, 0x00, 0x91, 0x00, 0x00,
    0x10, 0x40, 0x00, 0x00, 0xe0, 0xda, 0x01, 0x00, 0x05, 0x00, 0x01, 0x00,
    0x00, 0x40, 0x00, 0x00, 0xa0, 0x94, 0x00, 0x00, 0x10, 0x40, 0x00, 0x00,
    0x20, 0xe2, 0x01, 0x00, 0x05, 0x00, 0x01, 0x00, 0x00, 0x40, 0x00, 0x00,
    0x40, 0x98, 0x00, 0x00, 0x10, 0x40, 0x00, 0x00, 0x60, 0xe9, 0x01, 0x00,
    0x05, 0x00, 0x01, 0x00, 0x00, 0x40, 0x00, 0x00, 0xe0, 0x9b, 0x00, 0x00,
    0x10, 0x40, 0x00, 0x00, 0xa0, 0xf0, 0x01, 0x00, 0x05, 0x00, 0x01, 0x00,
    0x00, 0x40, 0x00, 0x00, 0x80, 0x9f, 0x00, 0x00, 0x10, 0x40, 0x00, 0x00,
    0xe0, 0xf7, 0x01, 0x00, 0x05, 0x00, 0x01, 0x00, 0x00, 0x40, 0x00, 0x00,
    0x20, 0xa3, 0x00, 0x00, 0x10, 0x40, 0x00, 0x00, 0x20, 0xff, 0x01, 0x00,
    0x05, 0x00, 0x01, 0x00, 0x00, 0x40, 0x00, 0x00, 0xc0, 0xa6, 0x00, 0x00,
    0x10, 0x40, 0x00, 0x00, 0x60, 0x06, 0x02, 0x00, 0x05, 0x00, 0x01, 0x00,
    0x00, 0x40, 0x00, 0x00, 0x60, 0xaa, 0x00, 0x00, 0x10, 0x40, 0x00, 0x00,
    0xa0, 0x0d, 0x02, 0x00, 0x05, 0x00, 0x01, 0x00, 0x00, 0x40, 0x00, 0x00,
    0x00, 0xae, 0x00, 0x00, 0x10, 0x40, 0x00, 0x00, 0xe0, 0x14, 0x02, 0x00,
    0x05, 0x00, 0x01, 0x00, 0x00, 0x40, 0x00, 0x00, 0xa0, 0xb1, 0x00, 0x00,
    0x10, 0x40, 0x00, 0x00, 0x20, 0x1c, 0x02, 0x00, 0x05, 0x00, 0x01, 0x00,
    0x00, 0x40, 0x00, 0x00, 0x40, 0xb5, 0x00, 0x00, 0x10, 0x40, 0x00, 0x00,
    0x60, 0x23, 0x02, 0x00, 0x05, 0x00, 0x01, 0x00, 0x30, 0x40, 0x00, 0x00,
    0x10, 0x2d, 0x00, 0x00, 0x31, 0x40, 0x00, 0x00, 0xa0, 0x2a, 0x02, 0x00,
    0x32, 0x40, 0x00, 0x00, 0x50, 0x00, 0x00, 0x00, 0x10, 0x00, 0x00, 0x00,
    0x00, 0x40, 0x00, 0x00, 0xe0, 0xb8, 0x00, 0x00, 0x0b, 0x01, 0x65, 0x00,
    0x0c, 0x01, 0x65, 0x00, 0x05, 0x01, 0x41, 0x00, 0x10, 0x40, 0x00, 0x00,
    0x00, 0x00, 0x00, 0x00, 0x12, 0x01, 0x65, 0x00, 0x1b, 0x01, 0x65, 0x00,
    0x1c, 0x01, 0x65, 0x00, 0x13, 0x01, 0x00, 0x00, 0x15, 0x40, 0x00, 0x00,
    0x3a, 0x00, 0x00, 0x00, 0x14, 0x40, 0x00, 0x00, 0x01, 0x00, 0x00, 0x00,
    0x16, 0x40, 0x00, 0x00, 0x01, 0x00, 0x00, 0x00, 0x18, 0x01, 0x59, 0x00,
    0x14, 0x01, 0x01, 0x00, 0x20, 0x40, 0x00, 0x00, 0xb0, 0x2a, 0x02, 0x00,
    0x21, 0x40, 0x00, 0x00, 0x40, 0x00, 0x00, 0x00, 0x22, 0x40, 0x00, 0x00,
    0xa0, 0x2a, 0x02, 0x00, 0x23, 0x40, 0x00, 0x00, 0x10, 0x00, 0x00, 0x00,
    0x16, 0x01, 0x03, 0x00, 0x15, 0x01, 0x39, 0x00, 0x17, 0x01, 0x07, 0x00,
    0x2f, 0x01, 0x00, 0x00, 0x11, 0x00, 0x00, 0x00, 0x02, 0x00, 0x00, 0x00,
    0x00, 0x00, 0xff, 0xff,
};

static const uint8_t g_rf_v21_v20_video_weights[RF_V21_V20_VIDEO_WEIGHT_BYTES]
    RF_V21_ALIGN RF_V21_WEIGHT_SECTION = {
    0x6b, 0x06, 0x00, 0x00, 0x00, 0xe8, 0x95, 0x5c, 0x5e, 0x25, 0xb7, 0x00,
    0x00, 0x00, 0x00, 0x90, 0xe8, 0xc8, 0x66, 0x25, 0xaa, 0x00, 0x00, 0x00,
    0x00, 0x2d, 0xe5, 0x1c, 0x40, 0x24, 0xd1, 0xfe, 0xff, 0xff, 0xff, 0x8a,
    0x8f, 0x4c, 0x6f, 0x25, 0x11, 0x02, 0x00, 0x00, 0x00, 0xb6, 0x32, 0x44,
    0x6e, 0x25, 0x72, 0xfe, 0xff, 0xff, 0xff, 0x95, 0x51, 0x01, 0x71, 0x25,
    0xbb, 0xff, 0xff, 0xff, 0xff, 0xa1, 0xf6, 0x5b, 0x49, 0x24, 0xff, 0xfe,
    0xff, 0xff, 0xff, 0x68, 0x5a, 0x4e, 0x41, 0x24, 0xe0, 0x08, 0x5c, 0x01,
    0x0c, 0x0f, 0x0f, 0x1f, 0x43, 0x05, 0x3b, 0xe4, 0xd3, 0x04, 0xa6, 0x00,
    0x0f, 0x2a, 0x49, 0x5b, 0x26, 0x6f, 0xaf, 0x4a, 0x8d, 0x0f, 0x4f, 0x97,
    0xe2, 0x6c, 0x98, 0x1a, 0xc6, 0xa3, 0x06, 0x0f, 0x7b, 0x4c, 0xfc, 0x14,
    0x11, 0x31, 0x84, 0x50, 0x0f, 0x0f, 0x0f, 0x3c, 0x4d, 0xc8, 0x48, 0x91,
    0x21, 0x2d, 0x1b, 0x0f, 0x4f, 0xb5, 0x73, 0xd8, 0x0f, 0x91, 0x82, 0xa1,
    0x0a, 0x0f, 0x2a, 0x5b, 0x4f, 0x9d, 0x93, 0x3d, 0x0b, 0x37, 0x2f, 0x0f,
    0x0f, 0x4b, 0x9e, 0xf0, 0x48, 0x9a, 0x4d, 0x4d, 0x1b, 0x0f, 0xbf, 0xe7,
    0x33, 0x5d, 0x82, 0xf4, 0x60, 0x3f, 0x08, 0x0f, 0x58, 0xb3, 0xa1, 0x1d,
    0x10, 0x5d, 0x27, 0x46, 0x0f, 0x2f, 0x0f, 0x24, 0x18, 0xba, 0x5f, 0x71,
    0x16, 0x0a, 0x07, 0x0f, 0x2f, 0x77, 0xb6, 0x95, 0x22, 0x48, 0x21, 0x45,
    0x07, 0x0f, 0x1a, 0x7f, 0x6b, 0x96, 0xe0, 0xe2, 0x31, 0x4f, 0x0f, 0x0f,
    0x0f, 0xa7, 0x55, 0x03, 0x78, 0x0d, 0x18, 0x73, 0x37, 0x0f, 0x9f, 0x64,
    0xf7, 0x25, 0xaa, 0x7a, 0x45, 0x95, 0x00, 0x0f, 0xb8, 0x49, 0x11, 0x2e,
    0x0a, 0x1b, 0x14, 0x01, 0x0f, 0x0f, 0x2f, 0x38, 0x73, 0x61, 0xaa, 0x07,
    0xba, 0x3f, 0x04, 0x0f, 0x3f, 0x71, 0x4b, 0xc5, 0x60, 0xe2, 0xe6, 0x92,
    0x00, 0x0f, 0x13, 0x4a, 0x35, 0xfc, 0x4e, 0x23, 0x23, 0x37, 0x0f, 0x0f,
    0x0f, 0xee, 0x6c, 0x39, 0x50, 0x06, 0x2e, 0x27, 0x78, 0x0f, 0xdf, 0x4f,
    0x0b, 0x30, 0x2a, 0x1d, 0xab, 0x16, 0x05, 0x0f, 0x5d, 0x8a, 0x37, 0x00,
    0xfc, 0x35, 0x58, 0x52, 0x0f, 0x0f, 0x0f, 0x84, 0x44, 0x07, 0xd8, 0x48,
    0x09, 0x37, 0x3e, 0x0f, 0x0f, 0x62, 0x72, 0x12, 0x24, 0xbd, 0x82, 0xf8,
    0x07, 0x0f, 0x0b, 0x32, 0x0c, 0xa0, 0x7c, 0x16, 0xdf, 0x1d, 0x0f, 0x0f,
    0x0f, 0x1b, 0x91, 0x36, 0xb1, 0xd3, 0x60, 0x23, 0x67, 0x0f, 0xbf, 0x95,
    0x81, 0xd2, 0xd5, 0x23, 0x70, 0xb0, 0x09, 0x0f, 0x6a, 0x86, 0x52, 0x90,
    0x94, 0x78, 0x1f, 0x43, 0x0f, 0x0f, 0x0f, 0x85, 0x82, 0x1b, 0xfc, 0x0c,
    0x58, 0x10, 0xbd, 0x0f, 0xdf, 0x13, 0xa9, 0x72, 0x10, 0x44, 0x9d, 0xc1,
    0x0c, 0x0f, 0xfc, 0x5a, 0x6e, 0xbc, 0x04, 0x7c, 0x1f, 0x6b, 0x0f, 0x0f,
    0x0f, 0x74, 0x2a, 0x2c, 0x86, 0x2c, 0x9b, 0x15, 0x2b, 0x0f, 0x9f, 0x4f,
    0x55, 0x61, 0x0c, 0xfc, 0xa3, 0x76, 0x0e, 0x0f, 0x37, 0x61, 0x06, 0x22,
    0x03, 0x2a, 0x1e, 0x98, 0x0f, 0x0f, 0x0f, 0xd3, 0x59, 0x29, 0x53, 0x84,
    0x10, 0x07, 0x91, 0x0f, 0x8f, 0x49, 0xa0, 0xc9, 0x0f, 0xf3, 0xff, 0xff,
    0xff, 0xff, 0xff, 0xff, 0xff, 0xff, 0xff, 0xff, 0xff, 0xff, 0xff, 0xff,
    0xff, 0xff, 0xff, 0xff, 0xff, 0xff, 0xff, 0xff, 0xff, 0x0f, 0x00, 0xff,
    0xff, 0xff, 0xff, 0xff, 0xff, 0xff, 0xff, 0xff, 0xff, 0xff, 0xff, 0xff,
    0x9a, 0xe6, 0xff, 0xff, 0xff, 0x80, 0xc7, 0xac, 0x5d, 0x26, 0x35, 0x0f,
    0x00, 0x00, 0x00, 0x80, 0x22, 0xc2, 0x61, 0x26, 0xcd, 0xea, 0xff, 0xff,
    0xff, 0x80, 0xe0, 0xcc, 0x53, 0x26, 0xe0, 0xf2, 0xff, 0xff, 0xff, 0x80,
    0xe0, 0x14, 0x70, 0x26, 0xe3, 0xfe, 0xff, 0xff, 0xff, 0x80, 0x2c, 0x93,
    0x4c, 0x25, 0x9a, 0xf6, 0xff, 0xff, 0xff, 0x80, 0xff, 0xbe, 0x77, 0x26,
    0x90, 0xf1, 0xff, 0xff, 0xff, 0x80, 0x51, 0x6b, 0x56, 0x26, 0xa8, 0x04,
    0x00, 0x00, 0x00, 0x80, 0xfe, 0x4c, 0x7a, 0x26, 0x96, 0x02, 0x50, 0xf0,
    0x0d, 0xe0, 0xff, 0xaf, 0xef, 0x79, 0x29, 0x16, 0x26, 0x63, 0xaf, 0x7e,
    0xfe, 0x3d, 0x1d, 0x9d, 0x0c, 0xcc, 0x8b, 0x2b, 0xcb, 0xaa, 0x8a, 0x4a,
    0x1a, 0xfa, 0xd9, 0x39, 0x89, 0x78, 0x28, 0xe8, 0xf7, 0x8d, 0x0e, 0x98,
    0x9f, 0xfd, 0xc9, 0xc9, 0x3f, 0xf1, 0x3b, 0xfe, 0xf7, 0x28, 0x5c, 0x52,
    0xcb, 0xb7, 0x7e, 0x12, 0x0a, 0x2f, 0x67, 0x77, 0x08, 0x83, 0x3d, 0xe6,
    0x47, 0x10, 0x35, 0x8e, 0xfb, 0xf5, 0x0c, 0xce, 0x3a, 0x86, 0x3f, 0xee,
    0x51, 0x5b, 0xd3, 0xfe, 0xf7, 0xde, 0x44, 0x60, 0xdf, 0xec, 0xb7, 0x8f,
    0xc4, 0xf2, 0xbe, 0x3f, 0x8e, 0x12, 0xb8, 0xff, 0x37, 0x03, 0x37, 0xb6,
    0x00, 0xf0, 0x8b, 0x4b, 0x00, 0x40, 0x0a, 0x00, 0x00, 0x00, 0x00, 0x00,
    0x66, 0x00, 0x20, 0x00, 0x00, 0x80, 0xff, 0xff, 0xff, 0xff, 0xff, 0xff,
    0xff, 0xff, 0xff, 0xff, 0xed, 0x01, 0x00, 0x00, 0x00, 0x80, 0x80, 0x67,
    0x4e, 0x25, 0x4a, 0x0a, 0x00, 0x00, 0x00, 0x00, 0xe7, 0x3f, 0x7c, 0x26,
    0x2b, 0x0f, 0x00, 0x00, 0x00, 0x00, 0x1d, 0x01, 0x50, 0x26, 0x9c, 0xfe,
    0xff, 0xff, 0xff, 0x00, 0x54, 0xbc, 0x52, 0x26, 0x94, 0xee, 0xff, 0xff,
    0xff, 0x80, 0x3c, 0x14, 0x69, 0x26, 0xfa, 0xee, 0xff, 0xff, 0xff, 0x00,
    0x79, 0x53, 0x5b, 0x26, 0x82, 0xff, 0xff, 0xff, 0xff, 0x00, 0x67, 0xf4,
    0x44, 0x25, 0x6d, 0xfb, 0xff, 0xff, 0xff, 0x80, 0xd5, 0x55, 0x72, 0x26,
    0xb2, 0xfb, 0xff, 0xff, 0xff, 0x00, 0x56, 0x83, 0x40, 0x26, 0x27, 0x04,
    0x00, 0x00, 0x00, 0x80, 0x7b, 0x32, 0x5f, 0x26, 0x7a, 0x07, 0x00, 0x00,
    0x00, 0x80, 0xa7, 0xdd, 0x70, 0x26, 0xa6, 0x01, 0x00, 0x00, 0x00, 0x00,
    0x11, 0xce, 0x45, 0x25, 0x00, 0x00, 0x00, 0x00, 0x00, 0x00, 0x00, 0x00,
    0xf8, 0x02, 0xd4, 0xf1, 0xed, 0xff, 0x2f, 0x8f, 0x7e, 0x1d, 0xd7, 0x94,
    0xd4, 0x63, 0xf2, 0xe1, 0x51, 0xb0, 0x8f, 0x7f, 0x0f, 0xff, 0xee, 0xae,
    0x3e, 0xee, 0xbd, 0x2d, 0x1d, 0xbd, 0x4c, 0x3c, 0x2c, 0xdc, 0xbb, 0xab,
    0xcb, 0x26, 0x00, 0xf0, 0xbf, 0x61, 0x0d, 0xd0, 0x93, 0x4c, 0xa1, 0x00,
    0x03, 0x00, 0xab, 0x66, 0xb7, 0x4f, 0xe1, 0x09, 0x01, 0xa0, 0x4f, 0x99,
    0x06, 0x79, 0x4e, 0xc3, 0x27, 0xde, 0xf7, 0x20, 0x7f, 0x0e, 0x8c, 0x19,
    0xe7, 0x00, 0xe0, 0xd3, 0x5f, 0x94, 0xb0, 0xef, 0xe7, 0x3b, 0x0a, 0x0e,
    0x44, 0x81, 0xd7, 0x0f, 0x00, 0xb8, 0x11, 0x1a, 0x52, 0x33, 0xac, 0xea,
    0xc1, 0x61, 0x42, 0xb1, 0x1d, 0xfc, 0xd7, 0xf9, 0x0b, 0x8c, 0x2f, 0x7d,
    0x0b, 0xc1, 0xfe, 0xff, 0x57, 0x25, 0x09, 0x02, 0xe7, 0xff, 0xe3, 0x7e,
    0x06, 0x94, 0x91, 0xfe, 0xff, 0xff, 0xff, 0xff, 0xff, 0xff, 0xff, 0xff,
    0xff, 0xff, 0xff, 0xff, 0xff, 0xff, 0xff, 0xff, 0xff, 0xff, 0xff, 0x01,
    0xf6, 0x11, 0x00, 0xee, 0x4f, 0x0e, 0x00, 0x4a, 0xc2, 0x2a, 0xb2, 0x02,
    0x40, 0xf2, 0xc0, 0x99, 0x40, 0x74, 0xff, 0x7f, 0xc0, 0xe1, 0xff, 0xff,
    0xff, 0xff, 0xff, 0xff, 0xff, 0xff, 0xff, 0xff, 0xff, 0xff, 0xff, 0xff,
    0xff, 0xff, 0xff, 0xff, 0xff, 0xff, 0xff, 0xff, 0xff, 0xff, 0xff, 0xff,
    0xc3, 0xff, 0xff, 0xff, 0xff, 0xff, 0xff, 0xff, 0xff, 0xff, 0xff, 0xff,
    0xff, 0xff, 0xff, 0xff, 0x6a, 0xf7, 0xff, 0xff, 0xff, 0x00, 0x30, 0x31,
    0x72, 0x26, 0x50, 0x0a, 0x00, 0x00, 0x00, 0x00, 0x63, 0x2d, 0x49, 0x25,
    0x9e, 0xfb, 0xff, 0xff, 0xff, 0x00, 0x27, 0xf6, 0x7c, 0x25, 0x73, 0x00,
    0x00, 0x00, 0x00, 0x80, 0x83, 0x48, 0x66, 0x25, 0x62, 0x0a, 0x00, 0x00,
    0x00, 0x80, 0xdd, 0xfd, 0x43, 0x25, 0x89, 0x04, 0x00, 0x00, 0x00, 0x80,
    0x67, 0x49, 0x56, 0x25, 0x4d, 0xfb, 0xff, 0xff, 0xff, 0x80, 0x25, 0xa2,
    0x7e, 0x26, 0x36, 0x08, 0x00, 0x00, 0x00, 0x00, 0x5b, 0xfe, 0x48, 0x25,
    0x94, 0x02, 0x00, 0x00, 0x00, 0x80, 0x1e, 0xb9, 0x7b, 0x25, 0x4b, 0x05,
    0x00, 0x00, 0x00, 0x00, 0xee, 0x25, 0x73, 0x25, 0xf5, 0xf5, 0xff, 0xff,
    0xff, 0x80, 0x83, 0xfc, 0x7a, 0x26, 0x58, 0x07, 0x00, 0x00, 0x00, 0x80,
    0xc1, 0x35, 0x43, 0x25, 0x00, 0x00, 0x00, 0x00, 0x00, 0x00, 0x00, 0x00,
    0xfe, 0x01, 0x48, 0x80, 0x0d, 0xf0, 0xef, 0x3f, 0xb6, 0x7f, 0x9f, 0x8d,
    0xec, 0xdb, 0xaa, 0x6a, 0xca, 0xa8, 0xe8, 0x96, 0x66, 0xe5, 0xc3, 0x63,
    0x93, 0x32, 0xe1, 0xb0, 0x50, 0x90, 0x6f, 0xfb, 0x2b, 0x79, 0xdd, 0x40,
    0xaf, 0x47, 0x5d, 0xd0, 0x01, 0xa8, 0x1b, 0xcb, 0x0c, 0x1e, 0x03, 0x00,
    0xf8, 0x87, 0xad, 0x72, 0x00, 0x1b, 0xa8, 0x6c, 0x00, 0x00, 0x20, 0x03,
    0x00, 0x00, 0xf8, 0xff, 0xdb, 0x07, 0x00, 0x00, 0x00, 0x80, 0x1d, 0xe5,
    0x73, 0x26, 0x1e, 0x06, 0x00, 0x00, 0x00, 0x80, 0x7e, 0x4e, 0x71, 0x26,
    0x45, 0x0b, 0x00, 0x00, 0x00, 0x00, 0xb3, 0xcf, 0x72, 0x26, 0xc4, 0xfb,
    0xff, 0xff, 0xff, 0x80, 0x89, 0x64, 0x5a, 0x26, 0xc9, 0x05, 0x00, 0x00,
    0x00, 0x80, 0x8a, 0xe1, 0x7c, 0x26, 0xfa, 0xe8, 0xff, 0xff, 0xff, 0x00,
    0x89, 0xaa, 0x5a, 0x26, 0x09, 0x08, 0x00, 0x00, 0x00, 0x00, 0xf2, 0x64,
    0x4e, 0x25, 0xe6, 0xf0, 0xff, 0xff, 0xff, 0x00, 0x62, 0xbf, 0x5d, 0x26,
    0x19, 0x0b, 0x00, 0x00, 0x00, 0x00, 0xf3, 0x99, 0x7c, 0x26, 0x7e, 0xfa,
    0xff, 0xff, 0xff, 0x00, 0x1b, 0xa4, 0x7e, 0x26, 0x31, 0x0f, 0x00, 0x00,
    0x00, 0x80, 0xfb, 0x1e, 0x66, 0x26, 0x11, 0x08, 0x00, 0x00, 0x00, 0x80,
    0x17, 0x02, 0x61, 0x26, 0xf7, 0x1e, 0x00, 0x00, 0x00, 0x80, 0xfe, 0xd3,
    0x6e, 0x26, 0xb5, 0x0d, 0x00, 0x00, 0x00, 0x80, 0xa0, 0x7e, 0x6c, 0x26,
    0xd4, 0x14, 0x00, 0x00, 0x00, 0x80, 0x8f, 0x45, 0x7d, 0x26, 0x46, 0x07,
    0x00, 0x00, 0x00, 0x00, 0x4f, 0xb0, 0x47, 0x25, 0xd8, 0x05, 0x5c, 0x01,
    0x0c, 0x20, 0xb2, 0x1e, 0x1e, 0x1e, 0xd9, 0x9f, 0xac, 0x35, 0x00, 0x80,
    0xd2, 0x6f, 0x16, 0x06, 0xe4, 0x02, 0xc2, 0x01, 0x00, 0x2e, 0xfd, 0xde,
    0x42, 0x47, 0x4b, 0xa5, 0xfc, 0x5a, 0x1f, 0xc8, 0xad, 0x77, 0x55, 0x84,
    0xfc, 0x00, 0x50, 0x54, 0x0e, 0xe1, 0xd8, 0x94, 0x74, 0xc0, 0x06, 0x00,
    0xfd, 0x70, 0xb8, 0x3b, 0x93, 0xce, 0xa6, 0x19, 0x17, 0x8b, 0x2f, 0xfd,
    0x57, 0x76, 0xf4, 0xfc, 0x40, 0xdf, 0x14, 0xd0, 0x82, 0x11, 0x89, 0xa6,
    0x54, 0x82, 0x0f, 0xfd, 0x09, 0x1d, 0x95, 0xf2, 0x0e, 0xb4, 0xdb, 0x0f,
    0x7f, 0xc9, 0xf1, 0x63, 0x59, 0x8e, 0x93, 0xfc, 0x03, 0x0f, 0x7d, 0xd4,
    0xca, 0x14, 0x4e, 0x9b, 0x44, 0x01, 0x0f, 0x4f, 0xff, 0x3f, 0x68, 0x30,
    0x92, 0x3f, 0xbc, 0x3d, 0x3b, 0xff, 0xdf, 0x25, 0x05, 0x10, 0x5e, 0x25,
    0x20, 0xeb, 0xf5, 0xff, 0xff, 0xff, 0xff, 0xff, 0xff, 0xff, 0xff, 0xff,
    0xff, 0xff, 0xff, 0xff, 0x0f, 0x00, 0x00, 0x00, 0xc0, 0x1f, 0xe5, 0xf8,
    0x60, 0xf7, 0xdc, 0x9c, 0x1c, 0xbf, 0x25, 0xa2, 0x4e, 0x8b, 0xda, 0xf0,
    0x0c, 0x00, 0xaa, 0xd2, 0xfc, 0xb5, 0x69, 0x5b, 0x73, 0xfd, 0x00, 0x30,
    0x55, 0xa4, 0x19, 0xd8, 0x9f, 0x08, 0xdc, 0xf4, 0x92, 0x33, 0x80, 0xb2,
    0x84, 0x72, 0x08, 0x04, 0x00, 0x73, 0x8a, 0x1d, 0xfd, 0x13, 0x43, 0x47,
    0x41, 0x0f, 0x4f, 0x10, 0x74, 0xd4, 0xc9, 0x1f, 0xcd, 0x72, 0x0b, 0x0f,
    0x96, 0x9b, 0x80, 0xd5, 0xd9, 0x39, 0x3b, 0xfc, 0x0f, 0x1f, 0x3b, 0x98,
    0xfa, 0x55, 0xd5, 0xb7, 0xe9, 0x05, 0x0f, 0x68, 0x83, 0x1b, 0x7d, 0x5f,
    0xeb, 0x25, 0x73, 0x0f, 0xff, 0xff, 0x3d, 0x3d, 0xfc, 0x36, 0xff, 0xff,
    0xff, 0xff, 0xff, 0xff, 0xff, 0xff, 0xff, 0xff, 0xff, 0xff, 0xff, 0xff,
    0x0f, 0xff, 0xff, 0xff, 0xff, 0xff, 0xff, 0xff, 0xff, 0xff, 0xff, 0xff,
    0xff, 0xff, 0xff, 0xff, 0xfb, 0x0b, 0x00, 0x00, 0x00, 0x00, 0x89, 0x88,
    0x54, 0x27, 0xfa, 0xde, 0xff, 0xff, 0xff, 0x80, 0x20, 0x76, 0x51, 0x27,
    0x98, 0xdf, 0xff, 0xff, 0xff, 0x00, 0xca, 0xe3, 0x75, 0x26, 0x0d, 0xf4,
    0xff, 0xff, 0xff, 0x80, 0x98, 0xde, 0x75, 0x27, 0xc5, 0xf9, 0xff, 0xff,
    0xff, 0x80, 0x04, 0x4f, 0x4f, 0x26, 0x2c, 0xf1, 0xff, 0xff, 0xff, 0x00,
    0xc7, 0x6b, 0x6b, 0x27, 0x30, 0x2b, 0x00, 0x00, 0x00, 0x80, 0x09, 0x68,
    0x54, 0x26, 0xaf, 0xff, 0xff, 0xff, 0xff, 0x80, 0xe8, 0x31, 0x47, 0x26,
    0x42, 0xfc, 0xff, 0xff, 0xff, 0x00, 0x32, 0x13, 0x52, 0x26, 0x5d, 0xf3,
    0xff, 0xff, 0xff, 0x00, 0x7c, 0xcc, 0x6e, 0x27, 0x64, 0xe0, 0xff, 0xff,
    0xff, 0x80, 0x53, 0xfd, 0x43, 0x26, 0xe3, 0x0c, 0x00, 0x00, 0x00, 0x80,
    0xae, 0x87, 0x6f, 0x27, 0x0c, 0xed, 0xff, 0xff, 0xff, 0x80, 0x86, 0x26,
    0x40, 0x25, 0x0c, 0xf3, 0xff, 0xff, 0xff, 0x80, 0x22, 0x11, 0x7e, 0x26,
    0x0e, 0xf4, 0xff, 0xff, 0xff, 0x80, 0x6e, 0xbf, 0x6c, 0x25, 0x43, 0x1f,
    0x00, 0x00, 0x00, 0x80, 0x69, 0x30, 0x74, 0x27, 0x60, 0x0a, 0x5c, 0x01,
    0x0c, 0x00, 0xfd, 0xa6, 0x00, 0x16, 0xa4, 0x65, 0x46, 0x3c, 0x00, 0xb0,
    0x8a, 0x43, 0x62, 0xa3, 0xd6, 0xb1, 0x27, 0x09, 0x00, 0x1b, 0x9f, 0x29,
    0x16, 0x33, 0x8b, 0xf5, 0x70, 0x08, 0x6e, 0x9d, 0x3e, 0xa3, 0x6a, 0x40,
    0x01, 0x00, 0x10, 0xcc, 0xa3, 0x61, 0xd1, 0xbf, 0xf6, 0x52, 0x03, 0x00,
    0xcc, 0x3f, 0x0e, 0x7f, 0x20, 0x6e, 0x74, 0x65, 0xc1, 0xfc, 0x0c, 0x94,
    0x56, 0x2c, 0x35, 0x11, 0x00, 0x10, 0xac, 0xb5, 0xd5, 0xf1, 0x2a, 0x7f,
    0x8b, 0x0c, 0x00, 0x0c, 0x0f, 0x46, 0xbc, 0x15, 0x25, 0x5b, 0x53, 0x11,
    0xb8, 0xea, 0xbe, 0x32, 0x8b, 0x91, 0x09, 0x00, 0x10, 0x15, 0xe1, 0xf9,
    0x84, 0xca, 0x4f, 0x22, 0x00, 0x00, 0xa2, 0x2a, 0xfc, 0xb8, 0x3f, 0xb0,
    0x63, 0xfc, 0x77, 0xf0, 0x94, 0x92, 0xc4, 0xaf, 0xb5, 0x95, 0x00, 0x20,
    0x22, 0x1b, 0x23, 0x47, 0xe9, 0xf2, 0x30, 0x08, 0x00, 0xf4, 0x6a, 0x98,
    0x6a, 0x11, 0x90, 0xfd, 0xf8, 0x02, 0x07, 0x29, 0x7a, 0x4c, 0x35, 0x01,
    0x19, 0x00, 0xc0, 0x01, 0x8a, 0xe3, 0x75, 0xb0, 0xf2, 0xf4, 0x0c, 0x01,
    0x7a, 0x09, 0x13, 0x3d, 0xec, 0x12, 0x5f, 0x4d, 0x87, 0x74, 0x80, 0x6f,
    0x82, 0x4c, 0x5b, 0x3c, 0x00, 0x20, 0x43, 0xd5, 0x5f, 0xe8, 0x1e, 0x50,
    0xd5, 0xf8, 0xff, 0x85, 0x34, 0x7b, 0x44, 0xb4, 0x9d, 0x1d, 0x5f, 0xff,
    0xcf, 0xf0, 0xa0, 0x10, 0xc7, 0x29, 0xb9, 0x3a, 0x00, 0x00, 0x00, 0x90,
    0x86, 0x3b, 0x1e, 0xce, 0xbf, 0x30, 0xb8, 0x06, 0x00, 0x77, 0x37, 0x5b,
    0x38, 0x8c, 0x16, 0x24, 0x63, 0xa6, 0x1d, 0x66, 0x25, 0xd8, 0x34, 0x5b,
    0x45, 0x00, 0x20, 0xfa, 0x55, 0x8c, 0xc4, 0x22, 0xe2, 0x02, 0x16, 0x00,
    0x63, 0x88, 0xa2, 0x4c, 0x09, 0x3f, 0x27, 0x12, 0xe8, 0x2c, 0x6a, 0x5c,
    0x61, 0x23, 0x03, 0xce, 0x00, 0x00, 0x4f, 0xcc, 0x25, 0x92, 0xd2, 0x5c,
    0x24, 0x05, 0x00, 0x6b, 0x7b, 0xc3, 0x7d, 0x04, 0x19, 0xe2, 0x25, 0xfc,
    0x6e, 0x11, 0xd4, 0xc0, 0x10, 0xe0, 0x84, 0x00, 0xf0, 0x82, 0x5e, 0x51,
    0xef, 0xb3, 0x00, 0xff, 0x02, 0x00, 0x58, 0xf2, 0xcc, 0x3f, 0x17, 0x5f,
    0x28, 0x7a, 0xab, 0x1c, 0xec, 0xbc, 0xa2, 0x7b, 0xe8, 0x12, 0x00, 0xc0,
    0x35, 0x6a, 0xc6, 0x95, 0x53, 0x8c, 0x8a, 0x04, 0x08, 0x1c, 0xe1, 0x11,
    0x49, 0x80, 0xfd, 0x25, 0x88, 0x98, 0x71, 0x54, 0x25, 0xfc, 0xb3, 0x44,
    0x2b, 0x00, 0xd0, 0xef, 0x35, 0x0f, 0x07, 0xd2, 0xcf, 0xaf, 0x0e, 0x00,
    0x6f, 0x96, 0x04, 0xaf, 0x68, 0x69, 0x73, 0x29, 0x53, 0xa4, 0x3e, 0x6e,
    0x35, 0x28, 0x77, 0xae, 0x00, 0x70, 0x29, 0x15, 0xd3, 0xa0, 0xd1, 0x33,
    0x57, 0xf4, 0xff, 0x0e, 0xfd, 0x37, 0xc0, 0x1a, 0xff, 0x0f, 0x00, 0xff,
    0xff, 0xff, 0xff, 0xff, 0xff, 0xff, 0xff, 0xff, 0xff, 0xff, 0xff, 0xff,
    0x92, 0x03, 0x00, 0x00, 0x00, 0x92, 0xca, 0x17, 0x5e, 0x28, 0x42, 0x09,
    0x00, 0x00, 0x00, 0xbd, 0x95, 0xc6, 0x47, 0x28, 0x69, 0xf9, 0xff, 0xff,
    0xff, 0xfb, 0x8e, 0xfb, 0x57, 0x28, 0x47, 0x0f, 0x00, 0x00, 0x00, 0x02,
    0x03, 0xc3, 0x77, 0x28, 0x11, 0x09, 0x00, 0x00, 0x00, 0xce, 0x0a, 0xd7,
    0x5d, 0x28, 0xa1, 0x09, 0x00, 0x00, 0x00, 0x2b, 0x29, 0x44, 0x58, 0x28,
    0x90, 0xff, 0xff, 0xff, 0xff, 0x42, 0xb5, 0x5c, 0x58, 0x28, 0xb9, 0x05,
    0x00, 0x00, 0x00, 0x0f, 0xf9, 0x65, 0x4d, 0x28, 0x3f, 0x06, 0x00, 0x00,
    0x00, 0xa1, 0x73, 0xb0, 0x56, 0x28, 0x53, 0x36, 0x00, 0x00, 0x00, 0xe7,
    0xb4, 0x81, 0x7e, 0x29, 0xbe, 0xfd, 0xff, 0xff, 0xff, 0xbc, 0x29, 0x2f,
    0x60, 0x28, 0x29, 0x08, 0x00, 0x00, 0x00, 0x21, 0xab, 0x86, 0x57, 0x28,
    0xdb, 0xff, 0xff, 0xff, 0xff, 0xf0, 0xd2, 0x08, 0x5d, 0x28, 0xc0, 0x14,
    0x00, 0x00, 0x00, 0x07, 0x23, 0x83, 0x55, 0x28, 0xc8, 0x03, 0x00, 0x00,
    0x00, 0x7d, 0x7f, 0xd5, 0x4f, 0x28, 0xaa, 0x1a, 0x00, 0x00, 0x00, 0x5e,
    0x9d, 0x21, 0x50, 0x28, 0xf0, 0x07, 0x5c, 0x01, 0x0c, 0x00, 0x34, 0x0d,
    0x58, 0x57, 0x47, 0xe4, 0xfd, 0x1d, 0x00, 0x30, 0x92, 0x8c, 0x78, 0x7f,
    0x25, 0xab, 0xd0, 0x1f, 0x00, 0x5a, 0x56, 0xa4, 0x32, 0x77, 0xfd, 0x6c,
    0x56, 0x29, 0x68, 0x9d, 0x11, 0xfc, 0x45, 0x72, 0x98, 0x00, 0x90, 0x5c,
    0xd2, 0xc2, 0xd1, 0x23, 0x43, 0x71, 0x04, 0x00, 0x58, 0x96, 0x47, 0x14,
    0x22, 0x01, 0x6d, 0x60, 0x5b, 0x94, 0xca, 0xbb, 0xe5, 0x22, 0x6d, 0xb4,
    0x00, 0xb0, 0xdf, 0x12, 0x07, 0x20, 0xc8, 0x24, 0xec, 0x01, 0x00, 0x6c,
    0x16, 0x62, 0xa9, 0x13, 0x3e, 0x59, 0x33, 0x83, 0x2f, 0x42, 0x7a, 0x8e,
    0xb0, 0x39, 0x26, 0x00, 0x00, 0xf5, 0x53, 0xf3, 0xed, 0xc4, 0xcc, 0x71,
    0x06, 0x00, 0x24, 0x12, 0x67, 0x75, 0x5b, 0x67, 0x8b, 0x1b, 0x38, 0x16,
    0xfd, 0x42, 0x5e, 0xef, 0x3f, 0xfc, 0x00, 0x10, 0xbc, 0x75, 0x51, 0xbb,
    0x06, 0x93, 0x31, 0x0b, 0xf0, 0x17, 0xae, 0x95, 0x4a, 0x2d, 0x23, 0xfc,
    0xfd, 0xff, 0x3f, 0xd2, 0xf0, 0xb8, 0xa4, 0x1d, 0x86, 0x1b, 0xf2, 0xff,
    0xfa, 0x35, 0x4f, 0x19, 0x25, 0x9e, 0x91, 0x89, 0xff, 0xff, 0xff, 0xff,
    0xff, 0xff, 0xff, 0xff, 0xff, 0xff, 0xff, 0xff, 0x0f, 0x00, 0x00, 0xc9,
    0x25, 0x07, 0xd7, 0x01, 0x8b, 0x1c, 0x43, 0x00, 0x30, 0x25, 0x63, 0xa0,
    0x07, 0xd3, 0xff, 0x1c, 0x04, 0x00, 0x0a, 0x39, 0xfd, 0xaa, 0x3c, 0x16,
    0x36, 0x78, 0x62, 0x52, 0x68, 0x2a, 0x4b, 0xfd, 0xd6, 0x7a, 0x00, 0x20,
    0x3e, 0xe1, 0xb1, 0x8d, 0x59, 0xe8, 0x09, 0x0c, 0x00, 0x7b, 0x41, 0x10,
    0xa3, 0x8c, 0x3f, 0x55, 0x95, 0x15, 0x6c, 0x96, 0x0e, 0x8b, 0xcb, 0xb5,
    0x97, 0x00, 0x00, 0xd9, 0x4f, 0x75, 0xd8, 0x26, 0xf6, 0xcb, 0x01, 0x00,
    0xfd, 0x72, 0x91, 0x4f, 0xd9, 0x37, 0xcd, 0x2e, 0x4c, 0x72, 0x7b, 0x3e,
    0x05, 0x0a, 0x70, 0xd9, 0x00, 0x10, 0x0a, 0x23, 0x48, 0x68, 0x23, 0x58,
    0xc3, 0x04, 0x00, 0x23, 0xa4, 0x93, 0x15, 0x03, 0x1d, 0x13, 0x9c, 0x97,
    0x9d, 0xa1, 0x4f, 0xfd, 0x7c, 0xa3, 0x13, 0x00, 0xe0, 0x54, 0xd9, 0xaf,
    0xee, 0x5b, 0x91, 0xd7, 0xff, 0xff, 0xcd, 0x50, 0x5b, 0x35, 0x73, 0x3a,
    0x64, 0xff, 0xff, 0xff, 0xff, 0xff, 0xff, 0xff, 0xff, 0xff, 0xff, 0xff,
    0xff, 0xff, 0xff, 0x0f, 0xff, 0xff, 0xff, 0xff, 0xff, 0xff, 0xff, 0xff,
    0xff, 0xff, 0xff, 0xff, 0xac, 0xfc, 0xff, 0xff, 0xff, 0x80, 0x74, 0xeb,
    0x4c, 0x26, 0xab, 0x2c, 0x00, 0x00, 0x00, 0x00, 0xef, 0x68, 0x5c, 0x26,
    0x4d, 0x1b, 0x00, 0x00, 0x00, 0x80, 0x70, 0x80, 0x4a, 0x26, 0x3b, 0xfa,
    0xff, 0xff, 0xff, 0x00, 0xd2, 0x1d, 0x4e, 0x26, 0xc7, 0x08, 0x00, 0x00,
    0x00, 0x80, 0xab, 0x2d, 0x5d, 0x26, 0xf9, 0x04, 0x00, 0x00, 0x00, 0x00,
    0xa9, 0x4c, 0x50, 0x26, 0xb5, 0xda, 0xff, 0xff, 0xff, 0x80, 0x00, 0xe2,
    0x62, 0x26, 0xc1, 0x0c, 0x00, 0x00, 0x00, 0x00, 0xd2, 0x05, 0x50, 0x26,
    0xff, 0xf1, 0xff, 0xff, 0xff, 0x80, 0xa2, 0xa7, 0x52, 0x26, 0x0c, 0x52,
    0x00, 0x00, 0x00, 0x80, 0x66, 0x6e, 0x48, 0x26, 0xaa, 0xfd, 0xff, 0xff,
    0xff, 0x80, 0x56, 0xc9, 0x43, 0x26, 0x35, 0xde, 0xff, 0xff, 0xff, 0x80,
    0x63, 0xbe, 0x7f, 0x27, 0x6e, 0xdb, 0xff, 0xff, 0xff, 0x00, 0xd6, 0x34,
    0x6f, 0x27, 0x44, 0xbe, 0xff, 0xff, 0xff, 0x80, 0x75, 0x12, 0x5a, 0x27,
    0xf1, 0x05, 0x00, 0x00, 0x00, 0x00, 0xb1, 0xe7, 0x73, 0x26, 0x25, 0xd9,
    0xff, 0xff, 0xff, 0x80, 0xd4, 0x2b, 0x54, 0x26, 0xfe, 0x07, 0x5c, 0x00,
    0xec, 0x1f, 0x78, 0xea, 0x8f, 0xff, 0x04, 0xc1, 0x80, 0x9c, 0x99, 0x62,
    0x42, 0x29, 0xca, 0xc7, 0x86, 0xb7, 0x93, 0xb4, 0x63, 0xe8, 0xef, 0xfb,
    0x91, 0x10, 0xd9, 0x92, 0x32, 0xb0, 0xb1, 0xf1, 0xcc, 0x72, 0xa4, 0xb6,
    0x77, 0xf2, 0x11, 0x38, 0xd6, 0x81, 0xc2, 0x5b, 0x94, 0xc3, 0x51, 0x79,
    0x5a, 0x48, 0x50, 0x40, 0xe1, 0x37, 0x07, 0xf2, 0x17, 0xf7, 0xaf, 0x90,
    0x2c, 0x62, 0xe4, 0x25, 0x37, 0x56, 0xa6, 0xea, 0xb0, 0xe2, 0x26, 0xf6,
    0x16, 0xd4, 0xb1, 0xfb, 0x21, 0x21, 0x85, 0xe0, 0xff, 0xe3, 0xf8, 0x6f,
    0xb1, 0x9b, 0x27, 0x99, 0xfb, 0x31, 0x94, 0xc4, 0x94, 0xf6, 0xd8, 0x67,
    0xb8, 0x13, 0x42, 0x80, 0xf8, 0xff, 0xc8, 0x88, 0xa6, 0x87, 0x04, 0xb1,
    0xd0, 0x33, 0x02, 0x37, 0xdf, 0xa6, 0x35, 0xaa, 0xd4, 0x9a, 0xe6, 0x6f,
    0x18, 0x10, 0x10, 0x10, 0x10, 0x10, 0x10, 0x10, 0x40, 0xbc, 0x49, 0x1d,
    0xd0, 0x53, 0x9a, 0x45, 0x30, 0x31, 0x44, 0x47, 0x1f, 0x47, 0xf1, 0xeb,
    0x5f, 0x98, 0xdf, 0x5d, 0x23, 0xe0, 0xaf, 0xc9, 0x6c, 0x97, 0xf6, 0x2f,
    0xed, 0xcf, 0xdd, 0x35, 0xd1, 0x05, 0x12, 0x3a, 0x50, 0xa7, 0x21, 0x09,
    0xe1, 0x6f, 0x48, 0xc5, 0xa8, 0x66, 0x4b, 0x35, 0x41, 0xb2, 0xe5, 0x0e,
    0xe2, 0xd0, 0xf2, 0x0f, 0xd6, 0xf1, 0x0f, 0x99, 0x61, 0x3f, 0x35, 0x8c,
    0x48, 0x50, 0xc7, 0xa4, 0xc2, 0xc5, 0x2c, 0x40, 0x28, 0x31, 0x4c, 0x70,
    0x64, 0xf2, 0xe6, 0xa0, 0xe0, 0xd5, 0x5f, 0x43, 0x16, 0x48, 0x8c, 0x45,
    0x07, 0x86, 0x46, 0x05, 0xd6, 0x32, 0xf0, 0x44, 0x14, 0xc7, 0x71, 0xc0,
    0x80, 0x63, 0x12, 0x50, 0xa1, 0xd1, 0xb7, 0xf3, 0x6f, 0x0e, 0xab, 0x49,
    0xe6, 0xb5, 0x71, 0xa2, 0x61, 0x46, 0x5f, 0x70, 0x1b, 0x10, 0x10, 0x10,
    0x10, 0x10, 0x10, 0x10, 0xf0, 0xff, 0xff, 0xff, 0xff, 0xff, 0xff, 0xff,
    0xff, 0xff, 0xff, 0xff, 0x02, 0xf2, 0xff, 0xff, 0xff, 0x53, 0x39, 0x54,
    0x4e, 0x28, 0x3e, 0x06, 0x00, 0x00, 0x00, 0x5b, 0x8b, 0xc7, 0x66, 0x28,
    0xcc, 0xe8, 0xff, 0xff, 0xff, 0x3d, 0xa1, 0xc5, 0x5b, 0x28, 0x0a, 0x08,
    0x00, 0x00, 0x00, 0x18, 0x2b, 0xdb, 0x66, 0x28, 0xf5, 0xed, 0xff, 0xff,
    0xff, 0xec, 0x09, 0xe0, 0x73, 0x28, 0xbc, 0x06, 0x00, 0x00, 0x00, 0xba,
    0xb2, 0x58, 0x6b, 0x28, 0xf3, 0x07, 0x00, 0x00, 0x00, 0xa1, 0x49, 0xba,
    0x68, 0x28, 0x8d, 0x0b, 0x00, 0x00, 0x00, 0x28, 0x9c, 0x6c, 0x49, 0x28,
    0xa2, 0xec, 0xff, 0xff, 0xff, 0x3e, 0x89, 0x09, 0x52, 0x28, 0x1d, 0x10,
    0x00, 0x00, 0x00, 0x6d, 0x55, 0x73, 0x77, 0x28, 0x4c, 0xdd, 0xff, 0xff,
    0xff, 0xba, 0xe5, 0x15, 0x5b, 0x28, 0x75, 0x00, 0x00, 0x00, 0x00, 0xbe,
    0x96, 0xc8, 0x70, 0x28, 0x4e, 0xf6, 0xff, 0xff, 0xff, 0xc3, 0x77, 0xc1,
    0x47, 0x27, 0xb4, 0x07, 0x00, 0x00, 0x00, 0xe5, 0xbb, 0x7e, 0x66, 0x28,
    0x44, 0x02, 0x00, 0x00, 0x00, 0x8b, 0x2a, 0xbd, 0x5e, 0x28, 0xd0, 0x02,
    0x00, 0x00, 0x00, 0x12, 0x3d, 0x68, 0x58, 0x28, 0xf0, 0x07, 0x5c, 0x01,
    0x0c, 0x00, 0xbc, 0x16, 0x81, 0x7f, 0x56, 0x2f, 0xfd, 0x1b, 0x00, 0x20,
    0xe3, 0x48, 0xf9, 0xf4, 0x76, 0x7a, 0xe2, 0x05, 0x00, 0xfc, 0x20, 0x74,
    0xb3, 0x34, 0xc5, 0x1f, 0x3e, 0x02, 0x7d, 0x54, 0x23, 0x4f, 0x28, 0x0f,
    0x45, 0x00, 0xf0, 0xb4, 0x61, 0x89, 0x44, 0x20, 0xa8, 0x44, 0x09, 0x00,
    0x93, 0xbc, 0x7b, 0xdd, 0xfc, 0x18, 0x62, 0x17, 0x91, 0x26, 0x67, 0x74,
    0x12, 0x38, 0x67, 0x96, 0x00, 0x10, 0x96, 0xe8, 0xb0, 0x0c, 0xa2, 0x31,
    0xa0, 0x00, 0x00, 0x88, 0xe4, 0x8e, 0x16, 0xa2, 0x30, 0x4c, 0x63, 0x3f,
    0x16, 0x4b, 0x41, 0x4d, 0xf3, 0x18, 0xfc, 0x00, 0xa0, 0x47, 0xc7, 0x6b,
    0x83, 0x44, 0xcc, 0xc6, 0x05, 0x00, 0x0e, 0x88, 0x9a, 0x9c, 0x89, 0xfd,
    0x21, 0x10, 0x8e, 0x68, 0x40, 0x4e, 0x06, 0xa9, 0x00, 0xfd, 0x00, 0x70,
    0x31, 0xb9, 0xfa, 0x15, 0x02, 0x37, 0xea, 0x08, 0xf0, 0xa8, 0x79, 0x20,
    0x38, 0xfd, 0xa5, 0x0c, 0x2b, 0xff, 0x6f, 0x88, 0x3c, 0xfd, 0x2d, 0xf7,
    0xd4, 0x5f, 0xf0, 0xff, 0xc4, 0x58, 0x71, 0xe8, 0x82, 0xfc, 0xbf, 0x52,
    0xff, 0xff, 0xff, 0xff, 0xff, 0xff, 0xff, 0xff, 0xff, 0xff, 0xff, 0xff,
    0x0f, 0x00, 0x00, 0x46, 0x87, 0x1a, 0x9f, 0xbf, 0xb7, 0x75, 0x66, 0x00,
    0x50, 0xf2, 0xc0, 0x45, 0x4c, 0x45, 0x5b, 0x75, 0x03, 0x00, 0x4f, 0xfc,
    0x2d, 0x46, 0x23, 0xc9, 0x44, 0x00, 0xa9, 0xfc, 0x43, 0x0c, 0x87, 0x8a,
    0x72, 0xb6, 0x00, 0x10, 0xa5, 0x6a, 0x40, 0xb9, 0xbd, 0x2a, 0x20, 0x01,
    0x00, 0x6e, 0x7b, 0xda, 0x72, 0x8a, 0x2e, 0xf1, 0xfd, 0x0d, 0x31, 0x6d,
    0x51, 0x9b, 0xd6, 0x98, 0x4e, 0x00, 0x30, 0x15, 0x80, 0x98, 0x88, 0x99,
    0xd0, 0x99, 0x01, 0x00, 0x33, 0x2e, 0x05, 0x09, 0x8d, 0xfc, 0x11, 0x56,
    0x0c, 0x0e, 0x6a, 0x39, 0x78, 0x82, 0x8c, 0xfc, 0x00, 0x40, 0x67, 0x75,
    0x6d, 0x91, 0x52, 0x49, 0x45, 0x06, 0x00, 0x45, 0x12, 0x33, 0x22, 0x56,
    0x75, 0x1e, 0x4e, 0xfd, 0x68, 0xf2, 0x62, 0x87, 0x4e, 0x42, 0x5b, 0x00,
    0x12, 0x14, 0xbd, 0x8a, 0xbb, 0xf5, 0xa0, 0x29, 0xf6, 0xff, 0xd2, 0x8f,
    0x57, 0xfd, 0x5a, 0x1e, 0x6f, 0xff, 0xff, 0xff, 0xff, 0xff, 0xff, 0xff,
    0xff, 0xff, 0xff, 0xff, 0xff, 0xff, 0xff, 0x0f, 0xff, 0xff, 0xff, 0xff,
    0xff, 0xff, 0xff, 0xff, 0xff, 0xff, 0xff, 0xff, 0x0e, 0xd7, 0xff, 0xff,
    0xff, 0x80, 0x19, 0x07, 0x5b, 0x28, 0x35, 0xdc, 0xff, 0xff, 0xff, 0x80,
    0x7d, 0xf3, 0x40, 0x26, 0x3a, 0x5f, 0x00, 0x00, 0x00, 0x80, 0xc9, 0x07,
    0x6e, 0x28, 0xc8, 0x10, 0x00, 0x00, 0x00, 0x00, 0xea, 0x33, 0x72, 0x27,
    0x55, 0xaf, 0xff, 0xff, 0xff, 0x00, 0x0b, 0xa6, 0x40, 0x27, 0xc8, 0x2b,
    0x00, 0x00, 0x00, 0x80, 0x91, 0x5c, 0x5d, 0x27, 0xcc, 0x4c, 0x00, 0x00,
    0x00, 0x80, 0xea, 0xe4, 0x41, 0x26, 0x42, 0xf8, 0xff, 0xff, 0xff, 0x80,
    0xb4, 0xac, 0x71, 0x27, 0x6b, 0x32, 0x00, 0x00, 0x00, 0x80, 0xbd, 0xd8,
    0x6c, 0x28, 0xc0, 0x31, 0x00, 0x00, 0x00, 0x80, 0xdf, 0x6c, 0x7e, 0x27,
    0x01, 0x29, 0x00, 0x00, 0x00, 0x00, 0x2b, 0xab, 0x4c, 0x27, 0x5e, 0xa7,
    0xff, 0xff, 0xff, 0x80, 0xa2, 0x83, 0x51, 0x27, 0x82, 0xe3, 0xff, 0xff,
    0xff, 0x00, 0x77, 0xa5, 0x4d, 0x27, 0xba, 0x65, 0x00, 0x00, 0x00, 0x00,
    0x14, 0xc1, 0x43, 0x27, 0x4f, 0x08, 0x00, 0x00, 0x00, 0x80, 0xf5, 0x5e,
    0x53, 0x26, 0x24, 0x02, 0x00, 0x00, 0x00, 0x00, 0x83, 0x32, 0x79, 0x27,
    0x7e, 0x05, 0x5c, 0x00, 0x1c, 0xd4, 0x94, 0x33, 0x82, 0x2a, 0xe7, 0x42,
    0x49, 0x58, 0x71, 0x20, 0x0a, 0x87, 0x22, 0x8a, 0x12, 0xe2, 0x58, 0x6a,
    0x43, 0x1d, 0x62, 0x56, 0xd6, 0x09, 0xf5, 0x5f, 0x78, 0x81, 0x89, 0xd8,
    0x9a, 0xaf, 0x9a, 0xfe, 0xc1, 0xf5, 0x10, 0x09, 0x87, 0x68, 0xf6, 0x3d,
    0x05, 0x1d, 0x74, 0xf2, 0xff, 0x5d, 0x81, 0x3a, 0x26, 0xc7, 0xd4, 0xa2,
    0x05, 0x79, 0x03, 0x56, 0x49, 0xce, 0xf1, 0xcf, 0x32, 0x36, 0xb8, 0x92,
    0xb9, 0x0a, 0x35, 0x5c, 0x67, 0x51, 0xbb, 0xee, 0xef, 0xcf, 0xd2, 0x48,
    0xc7, 0x1b, 0xd7, 0xa6, 0xa9, 0x4b, 0x36, 0xe8, 0x8a, 0x8b, 0x81, 0xb5,
    0x01, 0x3f, 0x77, 0x0e, 0xcf, 0x23, 0x33, 0x68, 0x94, 0xd2, 0xf1, 0x19,
    0x61, 0xce, 0xa5, 0x73, 0xa0, 0x75, 0xf5, 0x11, 0x24, 0xe4, 0x9f, 0x03,
    0xc3, 0x92, 0x99, 0x2f, 0xe4, 0xb7, 0x88, 0xd2, 0x8c, 0x30, 0x2d, 0xf4,
    0x63, 0x0f, 0x68, 0x70, 0x35, 0x4c, 0x70, 0x07, 0xc8, 0x08, 0x03, 0xfc,
    0xea, 0x30, 0x75, 0x76, 0x2c, 0xa5, 0x9b, 0xc0, 0xa3, 0xf8, 0x0f, 0xe4,
    0xe3, 0x1f, 0xfc, 0x0a, 0x94, 0xb7, 0xaa, 0x34, 0x92, 0x84, 0x98, 0x86,
    0xc4, 0x7c, 0x33, 0x91, 0x14, 0x10, 0x10, 0x10, 0x10, 0x10, 0x10, 0x10,
    0xe0, 0x07, 0x00, 0xf8, 0x7f, 0x00, 0x78, 0x00, 0x30, 0x00, 0x40, 0xfc,
    0xff, 0xff, 0x1f, 0xc0, 0xb6, 0x2b, 0xe0, 0x0c, 0x76, 0x95, 0x44, 0xd6,
    0x25, 0x1c, 0xb8, 0x1e, 0x7f, 0x78, 0xff, 0x53, 0x16, 0x95, 0x02, 0xa1,
    0x18, 0x40, 0xae, 0x95, 0xc3, 0x35, 0x60, 0x90, 0xe1, 0xe1, 0x24, 0x3c,
    0x99, 0x57, 0xc5, 0x24, 0x49, 0x39, 0x66, 0xdd, 0x87, 0x84, 0x5a, 0x5c,
    0x18, 0xfa, 0x7f, 0x20, 0x25, 0xc0, 0x9c, 0xb5, 0xef, 0x94, 0x70, 0x12,
    0x13, 0x3d, 0xfd, 0x13, 0x11, 0x54, 0xb0, 0xfd, 0x33, 0xfd, 0xfb, 0x7d,
    0x3b, 0xe1, 0xb2, 0x5d, 0xd6, 0x26, 0xf4, 0x62, 0x97, 0x5d, 0x4c, 0x60,
    0xf5, 0x08, 0xf2, 0x3f, 0x7f, 0xa5, 0x7c, 0xf5, 0x76, 0x1a, 0x54, 0xad,
    0xe8, 0x2c, 0xda, 0x50, 0xa5, 0x44, 0xfd, 0x92, 0x2c, 0x97, 0x19, 0x6a,
    0xec, 0x91, 0xf4, 0xb9, 0xb2, 0x04, 0x72, 0xee, 0x7b, 0x08, 0xa5, 0x36,
    0x45, 0x9e, 0x6c, 0x20, 0x10, 0x20, 0xac, 0x6a, 0x5c, 0x30, 0xa1, 0x92,
    0xfc, 0x03, 0x26, 0x8f, 0x50, 0xd1, 0xfc, 0x0d, 0x86, 0xe3, 0xdd, 0xfe,
    0x48, 0xc9, 0xc8, 0x0f, 0xf4, 0x58, 0xa5, 0xf8, 0x6f, 0xba, 0x8a, 0xe1,
    0x71, 0x72, 0x95, 0xc4, 0x8d, 0xba, 0xe8, 0x14, 0x93, 0x79, 0x9d, 0xad,
    0xfc, 0xc3, 0x02, 0x05, 0x62, 0x0b, 0x06, 0x04, 0x04, 0x04, 0x04, 0x04,
    0x04, 0x04, 0xf8, 0x01, 0x00, 0xfe, 0x1f, 0x00, 0x1e, 0x00, 0xfe, 0xff,
    0xed, 0xe9, 0xff, 0xff, 0xff, 0x28, 0x60, 0xf5, 0x7d, 0x28, 0x77, 0x16,
    0x00, 0x00, 0x00, 0xaa, 0x95, 0x80, 0x65, 0x28, 0xc9, 0x07, 0x00, 0x00,
    0x00, 0x31, 0x0b, 0xe4, 0x55, 0x28, 0x23, 0x1e, 0x00, 0x00, 0x00, 0x8b,
    0xfe, 0x67, 0x73, 0x28, 0xe6, 0x24, 0x00, 0x00, 0x00, 0xbe, 0x87, 0x31,
    0x43, 0x27, 0x97, 0xe9, 0xff, 0xff, 0xff, 0x72, 0x3f, 0xea, 0x6d, 0x28,
    0x78, 0xe7, 0xff, 0xff, 0xff, 0x5f, 0x7b, 0x3a, 0x5a, 0x28, 0x1e, 0xe7,
    0xff, 0xff, 0xff, 0x42, 0x69, 0x58, 0x4a, 0x28, 0x3d, 0xde, 0xff, 0xff,
    0xff, 0x8d, 0xc0, 0x28, 0x73, 0x28, 0x19, 0x08, 0x00, 0x00, 0x00, 0x30,
    0x51, 0xdd, 0x79, 0x28, 0x19, 0x17, 0x00, 0x00, 0x00, 0xe4, 0xcb, 0x68,
    0x40, 0x27, 0xf3, 0xff, 0xff, 0xff, 0xff, 0xdd, 0xf0, 0x54, 0x43, 0x27,
    0xff, 0xff, 0xff, 0xff, 0xff, 0x93, 0x15, 0x95, 0x74, 0x28, 0x54, 0x13,
    0x00, 0x00, 0x00, 0x05, 0xb2, 0xf5, 0x48, 0x28, 0xf0, 0xff, 0xff, 0xff,
    0xff, 0x2a, 0x47, 0x83, 0x4f, 0x27, 0x07, 0x24, 0x00, 0x00, 0x00, 0x45,
    0x68, 0x55, 0x4f, 0x28, 0xf0, 0x07, 0x5c, 0x01, 0x0c, 0x00, 0x29, 0x95,
    0x51, 0xda, 0x79, 0x25, 0x23, 0x82, 0x00, 0x90, 0xe0, 0xd0, 0x17, 0xec,
    0x86, 0xc3, 0x16, 0x07, 0x00, 0x0d, 0xfc, 0xdd, 0xc7, 0xf8, 0xb1, 0x04,
    0xd9, 0x58, 0xd9, 0xfa, 0x3e, 0x93, 0x05, 0xfd, 0x8b, 0x00, 0xf0, 0xf9,
    0x10, 0xf7, 0xc4, 0x3a, 0x5f, 0x21, 0x06, 0x00, 0xc6, 0x0f, 0x9a, 0xa6,
    0x89, 0x22, 0xbf, 0x1c, 0x0c, 0x77, 0x31, 0xfc, 0xd6, 0xa0, 0x10, 0x86,
    0x00, 0xa0, 0x58, 0xdb, 0x26, 0xa4, 0xcb, 0x4f, 0xd6, 0x0a, 0x00, 0xb0,
    0x30, 0x12, 0x8c, 0x70, 0x11, 0xfc, 0x3a, 0x6e, 0xc4, 0x56, 0xfd, 0xfb,
    0x8f, 0x01, 0xc1, 0x00, 0x50, 0x8c, 0x5b, 0x62, 0xa7, 0x9d, 0xc9, 0x47,
    0x00, 0x00, 0x22, 0x9d, 0x87, 0x00, 0x39, 0x4d, 0x6b, 0x39, 0x5d, 0x35,
    0xfd, 0x2f, 0x97, 0x46, 0x3b, 0x71, 0x00, 0x40, 0xc4, 0x8f, 0x81, 0xc3,
    0xa7, 0x2e, 0xf6, 0x0a, 0xf0, 0xbc, 0x25, 0x8e, 0x7d, 0x9e, 0x88, 0x1d,
    0x63, 0xff, 0x5f, 0x6c, 0xee, 0x89, 0xe0, 0x33, 0x66, 0x98, 0xf8, 0xff,
    0xb5, 0x18, 0xfc, 0xd0, 0x95, 0x20, 0xf8, 0x08, 0xff, 0xff, 0xff, 0xff,
    0xff, 0xff, 0xff, 0xff, 0xff, 0xff, 0xff, 0xff, 0x0f, 0x00, 0x00, 0x1b,
    0x40, 0x0a, 0x80, 0x6f, 0x71, 0x8c, 0x0e, 0x00, 0x70, 0x8a, 0x97, 0xd6,
    0x6f, 0x75, 0xc7, 0x30, 0x05, 0x00, 0xde, 0xb5, 0x19, 0x33, 0x38, 0x6d,
    0x8e, 0x2b, 0x8c, 0x5c, 0xfd, 0x00, 0xae, 0x0f, 0x3e, 0x8d, 0x00, 0x30,
    0x2f, 0x38, 0xf2, 0xbc, 0xea, 0x09, 0x86, 0x07, 0x00, 0x0c, 0x5d, 0x61,
    0xfd, 0x75, 0x81, 0x06, 0x48, 0x99, 0x5b, 0x60, 0x52, 0x2d, 0x13, 0xfd,
    0xb5, 0x00, 0xf0, 0xf8, 0x04, 0xcb, 0x05, 0x49, 0x72, 0xa3, 0x28, 0x00,
    0x25, 0x99, 0x9e, 0x3f, 0xb7, 0x2e, 0xfd, 0x74, 0x14, 0x02, 0x3f, 0x7e,
    0xd9, 0x03, 0x31, 0xa5, 0x00, 0x40, 0x01, 0xd1, 0x14, 0xc9, 0x2f, 0x0c,
    0x33, 0x04, 0x00, 0x85, 0x35, 0xb4, 0x7c, 0x7a, 0x22, 0x22, 0x53, 0x27,
    0x2e, 0xfd, 0x3d, 0xcb, 0xaa, 0x8c, 0x8e, 0x00, 0xc0, 0xf6, 0x21, 0x46,
    0x98, 0x61, 0x01, 0x36, 0xf4, 0xff, 0xdb, 0x8b, 0x47, 0x07, 0x2a, 0x1b,
    0x69, 0xff, 0xff, 0xff, 0xff, 0xff, 0xff, 0xff, 0xff, 0xff, 0xff, 0xff,
    0xff, 0xff, 0xff, 0x0f, 0xff, 0xff, 0xff, 0xff, 0xff, 0xff, 0xff, 0xff,
    0xff, 0xff, 0xff, 0xff, 0x6a, 0x22, 0x00, 0x00, 0x00, 0x00, 0xc8, 0x85,
    0x43, 0x27, 0xec, 0x56, 0x00, 0x00, 0x00, 0x80, 0xae, 0x9b, 0x6a, 0x27,
    0x24, 0x1b, 0x00, 0x00, 0x00, 0x00, 0x6e, 0x6c, 0x6c, 0x27, 0x5d, 0x1b,
    0x00, 0x00, 0x00, 0x00, 0xcf, 0x22, 0x7d, 0x27, 0xbb, 0x07, 0x00, 0x00,
    0x00, 0x80, 0xc2, 0x87, 0x4c, 0x26, 0xba, 0x00, 0x00, 0x00, 0x00, 0x80,
    0x0c, 0x94, 0x4a, 0x27, 0x09, 0x11, 0x00, 0x00, 0x00, 0x00, 0xa9, 0x11,
    0x43, 0x26, 0x60, 0x02, 0x00, 0x00, 0x00, 0x80, 0x53, 0xba, 0x5f, 0x27,
    0x14, 0xf0, 0xff, 0xff, 0xff, 0x00, 0xca, 0x48, 0x45, 0x26, 0xe8, 0x0c,
    0x00, 0x00, 0x00, 0x80, 0x4c, 0x2e, 0x44, 0x26, 0x31, 0xec, 0xff, 0xff,
    0xff, 0x80, 0xab, 0xe9, 0x6f, 0x27, 0x72, 0xc7, 0xff, 0xff, 0xff, 0x00,
    0x1c, 0x9f, 0x50, 0x27, 0x61, 0x67, 0x00, 0x00, 0x00, 0x00, 0x48, 0x2e,
    0x52, 0x28, 0x5c, 0xda, 0xff, 0xff, 0xff, 0x80, 0x40, 0xb7, 0x62, 0x27,
    0xa4, 0xc6, 0xff, 0xff, 0xff, 0x80, 0xb8, 0xa4, 0x56, 0x27, 0xa5, 0x64,
    0x00, 0x00, 0x00, 0x00, 0x24, 0x7d, 0x5a, 0x27, 0xfe, 0x07, 0x5c, 0x00,
    0x4c, 0xe3, 0xf7, 0x5f, 0x31, 0xf7, 0x3a, 0x52, 0x66, 0x36, 0x84, 0xb6,
    0xd2, 0x42, 0x71, 0xe0, 0xef, 0x1f, 0x14, 0x69, 0xc2, 0x9a, 0x01, 0x51,
    0xc7, 0xf1, 0x8a, 0xa6, 0xe1, 0xc7, 0x75, 0xbb, 0x75, 0x8c, 0xb9, 0x75,
    0x41, 0x1d, 0xaf, 0x2b, 0x7a, 0x9f, 0x43, 0xae, 0x72, 0xb3, 0x58, 0x0e,
    0xc9, 0xf2, 0x3f, 0xf5, 0xaf, 0x40, 0x23, 0x25, 0xc9, 0x00, 0x43, 0x80,
    0xb5, 0xe0, 0x0f, 0x92, 0x95, 0xbb, 0x67, 0x0d, 0x45, 0xe4, 0x33, 0xf2,
    0x2d, 0x5a, 0x6e, 0xc4, 0x1c, 0x90, 0x8d, 0x1c, 0x5d, 0x8d, 0x73, 0xf9,
    0x27, 0xf4, 0xf9, 0x2f, 0xbb, 0x1b, 0xd8, 0xd5, 0x72, 0x6b, 0x29, 0x61,
    0xb3, 0xc1, 0xf7, 0x26, 0xf4, 0x0f, 0xd6, 0x68, 0xd6, 0xf5, 0x9c, 0x39,
    0x2b, 0xe1, 0xfc, 0x31, 0xdc, 0x99, 0xc2, 0xf6, 0x7a, 0xb8, 0xc4, 0x4b,
    0x17, 0x10, 0x10, 0x10, 0x10, 0x10, 0x10, 0x10, 0xf0, 0xc3, 0xf1, 0x3f,
    0xcc, 0x75, 0x23, 0x9b, 0x21, 0x55, 0x05, 0x4a, 0xcc, 0x24, 0x88, 0xde,
    0x6a, 0xe4, 0x14, 0xe8, 0x5a, 0xe4, 0x93, 0x15, 0x24, 0x45, 0x69, 0xc7,
    0x9b, 0x7c, 0x00, 0x8a, 0xee, 0xcf, 0x9a, 0xea, 0x3f, 0x0c, 0xc2, 0x26,
    0x73, 0xf5, 0x40, 0xd7, 0x18, 0xbf, 0x89, 0x9e, 0x1c, 0x61, 0x71, 0xca,
    0xea, 0xb0, 0xe1, 0xf5, 0xdf, 0x40, 0xe2, 0x4c, 0x81, 0xb7, 0x22, 0x19,
    0x4c, 0x39, 0xe8, 0x3c, 0xf0, 0x1f, 0xba, 0x52, 0x24, 0xd1, 0x01, 0x54,
    0x63, 0x77, 0xda, 0x52, 0x27, 0xf3, 0x9f, 0x13, 0x36, 0x89, 0xcd, 0x30,
    0xbe, 0xe6, 0x80, 0xb8, 0xa4, 0xe3, 0x7f, 0x93, 0x9a, 0xf2, 0x49, 0xad,
    0xd1, 0xc1, 0xc1, 0x10, 0xa2, 0xa0, 0xf6, 0x98, 0xb3, 0xeb, 0xea, 0x9f,
    0x07, 0x55, 0x94, 0x26, 0xfa, 0x6e, 0x13, 0x9e, 0x14, 0x10, 0x10, 0x10,
    0x10, 0x10, 0x10, 0x10, 0xf0, 0xff, 0xff, 0xff, 0xff, 0xff, 0xff, 0xff,
    0xff, 0xff, 0xff, 0xff, 0x7f, 0x04, 0x00, 0x00, 0x00, 0xba, 0x10, 0xad,
    0x54, 0x28, 0xe7, 0x02, 0x00, 0x00, 0x00, 0x88, 0x60, 0xbe, 0x42, 0x27,
    0x7a, 0xf8, 0xff, 0xff, 0xff, 0xca, 0xb3, 0x96, 0x71, 0x28, 0xb8, 0x2f,
    0x00, 0x00, 0x00, 0x18, 0x33, 0x3f, 0x61, 0x28, 0x40, 0x28, 0x00, 0x00,
    0x00, 0xc7, 0xc3, 0x8a, 0x7b, 0x28, 0x5e, 0x06, 0x00, 0x00, 0x00, 0x38,
    0xc1, 0x65, 0x64, 0x28, 0x51, 0x04, 0x00, 0x00, 0x00, 0x75, 0x4a, 0xd7,
    0x45, 0x27, 0x80, 0x00, 0x00, 0x00, 0x00, 0x51, 0x41, 0x11, 0x50, 0x27,
    0x86, 0x0a, 0x00, 0x00, 0x00, 0xee, 0xea, 0xb3, 0x40, 0x27, 0x7d, 0x28,
    0x00, 0x00, 0x00, 0xe1, 0x25, 0x54, 0x6c, 0x28, 0x06, 0x05, 0x00, 0x00,
    0x00, 0xc2, 0x03, 0x27, 0x4a, 0x27, 0x51, 0x21, 0x00, 0x00, 0x00, 0x37,
    0x9a, 0x37, 0x68, 0x28, 0x0d, 0xf1, 0xff, 0xff, 0xff, 0x64, 0x5b, 0xe8,
    0x56, 0x28, 0x40, 0x14, 0x00, 0x00, 0x00, 0x91, 0xea, 0x42, 0x42, 0x27,
    0x5c, 0xfe, 0xff, 0xff, 0xff, 0x3e, 0xa3, 0xbd, 0x43, 0x27, 0x23, 0xff,
    0xff, 0xff, 0xff, 0x36, 0xcd, 0xcd, 0x49, 0x27, 0xf0, 0x07, 0x5c, 0x01,
    0x0c, 0x00, 0x8b, 0x9e, 0x63, 0x4a, 0xc5, 0x3e, 0xf5, 0xfc, 0x00, 0x80,
    0xd1, 0xc0, 0x79, 0x50, 0xc7, 0x21, 0xc2, 0x03, 0x00, 0x57, 0x45, 0x0b,
    0x1e, 0x11, 0xdf, 0x01, 0x17, 0x9f, 0xf1, 0xf7, 0x29, 0x4c, 0x08, 0xf3,
    0xf6, 0x00, 0xb0, 0xd7, 0x75, 0xa0, 0x30, 0xd5, 0xd1, 0xa1, 0x02, 0x00,
    0xf5, 0x74, 0x6d, 0x1f, 0x79, 0x9f, 0xfd, 0xa4, 0x62, 0xfd, 0xc5, 0x66,
    0xd7, 0x0b, 0x2a, 0x44, 0x00, 0xe0, 0xc9, 0xa3, 0x01, 0x60, 0x47, 0x67,
    0x89, 0x00, 0x04, 0x52, 0x79, 0x84, 0x59, 0x75, 0x40, 0x10, 0x2f, 0xfc,
    0x7b, 0x52, 0x77, 0x12, 0xbf, 0x37, 0x8c, 0x00, 0x40, 0xc0, 0x6f, 0xeb,
    0x04, 0x1b, 0x21, 0xb0, 0x01, 0x00, 0x77, 0x0f, 0x63, 0x12, 0x77, 0xfd,
    0x4d, 0xfd, 0x2f, 0x1f, 0x3b, 0x99, 0x61, 0x23, 0xa3, 0x9b, 0x00, 0x60,
    0xee, 0x6c, 0xa9, 0xcd, 0xe2, 0xc4, 0x46, 0x02, 0xf0, 0x2c, 0x52, 0x0e,
    0x44, 0x2a, 0xb1, 0x84, 0x47, 0xff, 0x3f, 0x34, 0x91, 0xd2, 0x38, 0xf2,
    0xd1, 0x8f, 0xf3, 0xff, 0x30, 0x18, 0x2a, 0x65, 0x5f, 0x3d, 0x3b, 0x67,
    0xff, 0xff, 0xff, 0xff, 0xff, 0xff, 0xff, 0xff, 0xff, 0xff, 0xff, 0xff,
    0x0f, 0x00, 0x00, 0x48, 0x36, 0x09, 0x67, 0x6d, 0x0f, 0xbd, 0x56, 0x00,
    0x40, 0xd7, 0xdf, 0xb0, 0x95, 0xa4, 0x5f, 0x06, 0x03, 0x00, 0xdd, 0xae,
    0xc3, 0x33, 0x6e, 0xd1, 0x73, 0x93, 0x7c, 0xa3, 0xb3, 0xf2, 0xc4, 0x39,
    0x65, 0x75, 0x00, 0xd0, 0xb1, 0x90, 0xfb, 0xd0, 0x8f, 0x48, 0x31, 0x06,
    0x00, 0x26, 0x2b, 0x0f, 0x19, 0x6f, 0xfc, 0x2e, 0x1f, 0x4c, 0x70, 0x4d,
    0x5c, 0x39, 0xfc, 0xb5, 0x20, 0x00, 0xb0, 0x73, 0xd5, 0xaf, 0xf1, 0xd5,
    0x42, 0x75, 0x03, 0x00, 0x18, 0x3d, 0xfd, 0x47, 0x91, 0x67, 0x5f, 0x36,
    0x9f, 0x0b, 0x4b, 0x5c, 0x46, 0x52, 0x41, 0x15, 0x00, 0x90, 0xd6, 0x0f,
    0x33, 0xa5, 0x56, 0x4e, 0xc6, 0x0f, 0x00, 0xe8, 0x36, 0xda, 0x20, 0xc1,
    0x82, 0x72, 0xc9, 0x2f, 0x2e, 0x03, 0x24, 0x21, 0x34, 0x4c, 0x93, 0x00,
    0xd0, 0x76, 0xc5, 0x6b, 0xd2, 0x71, 0xd3, 0xf2, 0xf2, 0xff, 0x75, 0x59,
    0x0a, 0x5f, 0x19, 0x8d, 0x98, 0xff, 0xff, 0xff, 0xff, 0xff, 0xff, 0xff,
    0xff, 0xff, 0xff, 0xff, 0xff, 0xff, 0xff, 0x0f, 0xff, 0xff, 0xff, 0xff,
    0xff, 0xff, 0xff, 0xff, 0xff, 0xff, 0xff, 0xff, 0x76, 0x65, 0x00, 0x00,
    0x00, 0x80, 0xa1, 0xbc, 0x43, 0x28, 0x59, 0x98, 0x00, 0x00, 0x00, 0x00,
    0x38, 0x3c, 0x4b, 0x27, 0x55, 0x4d, 0x00, 0x00, 0x00, 0x00, 0xad, 0x1f,
    0x6c, 0x28, 0x46, 0x42, 0xff, 0xff, 0xff, 0x80, 0x4d, 0x36, 0x72, 0x28,
    0xbd, 0x36, 0x00, 0x00, 0x00, 0x80, 0xc4, 0x10, 0x42, 0x26, 0x3e, 0xf7,
    0xff, 0xff, 0xff, 0x00, 0x57, 0x6c, 0x4d, 0x27, 0xa7, 0x20, 0x00, 0x00,
    0x00, 0x00, 0x35, 0xf7, 0x57, 0x27, 0x89, 0x45, 0x00, 0x00, 0x00, 0x80,
    0x11, 0x7e, 0x66, 0x28, 0x4e, 0xf6, 0xff, 0xff, 0xff, 0x00, 0x0e, 0x4c,
    0x44, 0x26, 0x20, 0xca, 0xff, 0xff, 0xff, 0x80, 0xae, 0xbc, 0x59, 0x27,
    0x83, 0x23, 0x00, 0x00, 0x00, 0x80, 0x6b, 0x2b, 0x53, 0x27, 0x63, 0x25,
    0xff, 0xff, 0xff, 0x00, 0x65, 0x0a, 0x47, 0x27, 0xdf, 0x90, 0xff, 0xff,
    0xff, 0x00, 0x0c, 0xda, 0x49, 0x28, 0xf1, 0x9d, 0xff, 0xff, 0xff, 0x80,
    0x73, 0x9a, 0x7b, 0x28, 0xd9, 0xdc, 0xff, 0xff, 0xff, 0x80, 0x5a, 0xde,
    0x7c, 0x27, 0xa5, 0x25, 0x00, 0x00, 0x00, 0x00, 0x67, 0xa7, 0x67, 0x27,
    0x58, 0x0a, 0x5c, 0x01, 0x0c, 0x00, 0xd9, 0xcd, 0x24, 0x76, 0x1d, 0xfc,
    0xb1, 0x45, 0x00, 0xf0, 0xfa, 0x7b, 0x33, 0xb1, 0xa5, 0x77, 0x7f, 0x0c,
    0x80, 0xfd, 0x0f, 0xbd, 0xf6, 0xfd, 0x34, 0x14, 0x11, 0x4b, 0xfd, 0x73,
    0xef, 0x4f, 0xcc, 0x50, 0x5b, 0x00, 0x60, 0x48, 0xc1, 0x1c, 0x60, 0x59,
    0xd9, 0xf0, 0x09, 0x00, 0x1b, 0x53, 0x68, 0xb5, 0x3a, 0x09, 0x0c, 0x57,
    0x55, 0x13, 0xf9, 0x80, 0x8e, 0x90, 0x47, 0x40, 0x00, 0x40, 0xd9, 0xe6,
    0x47, 0x93, 0x36, 0x81, 0x71, 0x05, 0x04, 0x1f, 0x8d, 0xa2, 0x6c, 0x0a,
    0xfc, 0x1b, 0xad, 0x6e, 0x18, 0xf2, 0x76, 0x25, 0x0f, 0xb9, 0x41, 0x00,
    0xf0, 0x29, 0x53, 0x54, 0x0d, 0x7d, 0xfd, 0xe7, 0x06, 0x00, 0x9d, 0x45,
    0x08, 0x4d, 0x00, 0x5c, 0x52, 0x5b, 0x1a, 0xc2, 0x05, 0x39, 0x90, 0xfd,
    0x2f, 0x07, 0x00, 0xd0, 0x8f, 0xd4, 0x92, 0x5d, 0xfc, 0x23, 0x64, 0x01,
    0x04, 0x2d, 0xce, 0x8f, 0x12, 0x55, 0xe3, 0xb5, 0xab, 0x56, 0x9c, 0x05,
    0x6a, 0x2f, 0x80, 0xab, 0x46, 0x00, 0x80, 0x1b, 0xc3, 0xa1, 0x11, 0x94,
    0x54, 0xcb, 0x07, 0x00, 0x67, 0x93, 0x93, 0xc7, 0x5b, 0x59, 0x1b, 0x92,
    0x58, 0x18, 0x0f, 0xb9, 0x31, 0x10, 0x52, 0x06, 0x00, 0x80, 0xb7, 0xd7,
    0x12, 0xfc, 0x29, 0x71, 0x18, 0xf0, 0xff, 0xfc, 0x92, 0x93, 0x9a, 0x96,
    0x05, 0x6b, 0xb3, 0xff, 0x6f, 0x22, 0x87, 0x4e, 0x54, 0x4b, 0x95, 0x0c,
    0x04, 0x40, 0x00, 0xc0, 0xc2, 0xd3, 0xd2, 0x35, 0x37, 0x74, 0xaa, 0x08,
    0x00, 0xcc, 0xa1, 0x26, 0x18, 0xb8, 0xca, 0xa8, 0x8a, 0x00, 0xa0, 0x21,
    0xcf, 0x3f, 0x6a, 0x96, 0x94, 0x8a, 0x04, 0x03, 0x07, 0x71, 0xd5, 0xaf,
    0x6c, 0x90, 0x00, 0x00, 0x03, 0x1f, 0x42, 0xb8, 0x5c, 0x81, 0x35, 0x82,
    0x00, 0x50, 0xa2, 0x85, 0x05, 0x12, 0x87, 0x18, 0x46, 0xa7, 0x88, 0xa2,
    0x93, 0x92, 0xd7, 0x0f, 0x60, 0x0b, 0x00, 0x7a, 0xfd, 0x40, 0x07, 0x10,
    0x42, 0x48, 0x20, 0x00, 0xc0, 0x2f, 0x3c, 0x03, 0xe0, 0x20, 0x82, 0x4a,
    0xa7, 0x44, 0x57, 0x84, 0xd4, 0x95, 0x70, 0xa6, 0x08, 0x00, 0x46, 0x5a,
    0x0d, 0xa4, 0x0c, 0xe8, 0x82, 0x4c, 0x00, 0xb0, 0xe5, 0x24, 0xd2, 0xbf,
    0xd2, 0x32, 0x25, 0x33, 0x18, 0xb7, 0x34, 0x86, 0xe5, 0xb0, 0x91, 0x02,
    0x00, 0x6e, 0x79, 0x00, 0x4c, 0x65, 0x3d, 0xfd, 0x8b, 0x00, 0x00, 0x64,
    0x55, 0x70, 0xa5, 0xe3, 0x8b, 0x71, 0xb7, 0x06, 0xf7, 0xd0, 0x5b, 0xb2,
    0x60, 0xc6, 0x0f, 0x00, 0x80, 0x81, 0x11, 0xbc, 0x8c, 0x6e, 0x36, 0x52,
    0x00, 0xc0, 0x13, 0xa5, 0x0c, 0x22, 0xc9, 0x3a, 0x7e, 0xd0, 0xa0, 0x74,
    0xf3, 0xa1, 0x19, 0x02, 0xa7, 0xfa, 0xff, 0x8b, 0x24, 0x33, 0x74, 0xff,
    0x0f, 0x00, 0xff, 0xff, 0xff, 0xff, 0xff, 0xff, 0xff, 0xff, 0xff, 0xff,
    0xff, 0xff, 0xff, 0xff, 0x97, 0x19, 0x00, 0x00, 0x00, 0xe0, 0xc5, 0xed,
    0x55, 0x28, 0x97, 0x12, 0x00, 0x00, 0x00, 0x2f, 0x6d, 0xde, 0x76, 0x28,
    0x90, 0x24, 0x00, 0x00, 0x00, 0x8c, 0x90, 0x57, 0x4d, 0x27, 0x5c, 0x02,
    0x00, 0x00, 0x00, 0xfa, 0xcf, 0x12, 0x42, 0x27, 0xb6, 0xed, 0xff, 0xff,
    0xff, 0x17, 0xef, 0x22, 0x57, 0x27, 0x49, 0x02, 0x00, 0x00, 0x00, 0xe3,
    0x1b, 0x43, 0x41, 0x27, 0x7e, 0xf5, 0xff, 0xff, 0xff, 0x2a, 0x9e, 0xbd,
    0x74, 0x28, 0x20, 0x1a, 0x00, 0x00, 0x00, 0xed, 0xd0, 0xa1, 0x6a, 0x28,
    0x13, 0xf1, 0xff, 0xff, 0xff, 0x6c, 0x16, 0xc3, 0x43, 0x27, 0x26, 0x05,
    0x00, 0x00, 0x00, 0x4b, 0x80, 0x66, 0x42, 0x27, 0xe4, 0x0c, 0x00, 0x00,
    0x00, 0x20, 0x9b, 0x75, 0x79, 0x28, 0xc8, 0xf2, 0xff, 0xff, 0xff, 0xb7,
    0xde, 0xcb, 0x5c, 0x28, 0x90, 0xfc, 0xff, 0xff, 0xff, 0xfc, 0x50, 0x7c,
    0x49, 0x27, 0x50, 0x06, 0x00, 0x00, 0x00, 0xde, 0x9d, 0x34, 0x78, 0x28,
    0x3d, 0xf7, 0xff, 0xff, 0xff, 0x80, 0x9f, 0xf1, 0x7e, 0x28, 0x54, 0xef,
    0xff, 0xff, 0xff, 0x0d, 0x5f, 0xb8, 0x5f, 0x28, 0xe0, 0x07, 0xdc, 0x01,
    0x0c, 0x00, 0x3a, 0x51, 0xa1, 0x3e, 0x36, 0xee, 0x1c, 0x62, 0x00, 0x40,
    0xc7, 0x9f, 0x06, 0x57, 0xc5, 0xca, 0x56, 0x05, 0x00, 0xee, 0x2a, 0x55,
    0x42, 0x6a, 0x51, 0x13, 0x4b, 0x7a, 0x09, 0x44, 0x3e, 0xfb, 0x31, 0x53,
    0x32, 0x00, 0x10, 0xb2, 0x58, 0xb2, 0x6f, 0x02, 0x04, 0x57, 0x00, 0x00,
    0xb1, 0x78, 0x81, 0x31, 0xfb, 0x70, 0x68, 0x4a, 0x59, 0xb8, 0xba, 0x3d,
    0x54, 0x3d, 0x10, 0x1b, 0x00, 0x30, 0x24, 0x8a, 0x25, 0x60, 0xc7, 0x4f,
    0x28, 0x00, 0x00, 0x82, 0x2e, 0x2a, 0xfc, 0x98, 0x4a, 0x30, 0x5e, 0xa2,
    0xa1, 0x93, 0x28, 0x52, 0x5c, 0x45, 0xc9, 0x00, 0x40, 0x68, 0x55, 0x93,
    0x40, 0xcc, 0x5f, 0xa6, 0x08, 0x08, 0xb6, 0x5e, 0x93, 0x02, 0x2c, 0x00,
    0x11, 0x7d, 0x75, 0x11, 0x13, 0x57, 0x9b, 0x68, 0x29, 0x16, 0x00, 0x10,
    0xc9, 0x42, 0x7f, 0x08, 0x67, 0xf4, 0xf9, 0x08, 0xf0, 0x3f, 0x9f, 0xaf,
    0x33, 0xae, 0x52, 0xfb, 0x10, 0xff, 0xcf, 0x10, 0x13, 0xa5, 0x55, 0x25,
    0xe8, 0xc9, 0xf4, 0xff, 0x73, 0xfb, 0x56, 0x0a, 0x7b, 0x21, 0x2a, 0x16,
    0xff, 0xff, 0xff, 0xff, 0xff, 0xff, 0xff, 0xff, 0xff, 0xff, 0xff, 0xff,
    0x0f, 0x00, 0x00, 0xca, 0x8d, 0x02, 0xad, 0x62, 0xfc, 0x04, 0xb1, 0x00,
    0xa0, 0x78, 0x00, 0x6b, 0x25, 0xc3, 0x39, 0xc8, 0x07, 0x01, 0xfb, 0xa4,
    0x85, 0x24, 0xcb, 0xba, 0x25, 0x98, 0x06, 0xbb, 0xa5, 0x15, 0x6f, 0x66,
    0x46, 0x17, 0x00, 0x40, 0xbd, 0x31, 0xb3, 0xdf, 0x16, 0xe7, 0x14, 0x03,
    0x00, 0xbe, 0x2e, 0x8d, 0x11, 0x1f, 0xac, 0xb5, 0x0b, 0x37, 0x2e, 0x5f,
    0x10, 0xfb, 0xc0, 0x5b, 0x16, 0x00, 0x30, 0xd4, 0x00, 0x06, 0xd4, 0x49,
    0x98, 0xf3, 0x00, 0x80, 0x8c, 0x9b, 0x60, 0x43, 0x7f, 0x39, 0x6f, 0x91,
    0x1c, 0xfc, 0x42, 0x19, 0x37, 0x75, 0xd7, 0xef, 0x00, 0xa0, 0x65, 0x81,
    0xf6, 0xf7, 0x4e, 0x2f, 0x01, 0x06, 0x00, 0x41, 0x46, 0x2e, 0x47, 0xfb,
    0x58, 0x0a, 0x85, 0x14, 0x79, 0xb4, 0x29, 0x70, 0x34, 0x1d, 0x31, 0x00,
    0xa0, 0x38, 0xb4, 0x02, 0xb2, 0x8f, 0x71, 0xa9, 0xf1, 0xff, 0x61, 0xb6,
    0xfb, 0x31, 0xa4, 0xff, 0xff, 0xff, 0xff, 0xff, 0xff, 0xff, 0xff, 0xff,
    0xff, 0xff, 0xff, 0xff, 0xff, 0x0f, 0xff, 0xff, 0xff, 0xff, 0xff, 0xff,
    0xff, 0xff, 0xff, 0xff, 0xff, 0xff, 0xff, 0xff, 0x20, 0xce, 0xff, 0xff,
    0xff, 0x80, 0x62, 0x6c, 0x41, 0x27, 0x59, 0xb9, 0x00, 0x00, 0x00, 0x00,
    0x95, 0xe3, 0x77, 0x28, 0x1b, 0xb1, 0x00, 0x00, 0x00, 0x80, 0x09, 0x0e,
    0x55, 0x28, 0x30, 0xf4, 0xff, 0xff, 0xff, 0x00, 0xf5, 0x20, 0x74, 0x27,
    0x31, 0xd1, 0xff, 0xff, 0xff, 0x80, 0x36, 0x1c, 0x5c, 0x27, 0xb8, 0x7f,
    0x00, 0x00, 0x00, 0x00, 0x1b, 0xd1, 0x40, 0x27, 0xa6, 0xe7, 0xff, 0xff,
    0xff, 0x00, 0xff, 0xd1, 0x5c, 0x27, 0xb1, 0xa3, 0xff, 0xff, 0xff, 0x80,
    0xa3, 0x47, 0x5c, 0x27, 0x80, 0xe9, 0xff, 0xff, 0xff, 0x00, 0x38, 0x84,
    0x48, 0x26, 0x4c, 0x41, 0x00, 0x00, 0x00, 0x80, 0xa2, 0x78, 0x51, 0x27,
    0xac, 0x86, 0xff, 0xff, 0xff, 0x80, 0x77, 0xd2, 0x7f, 0x28, 0x35, 0xe2,
    0xff, 0xff, 0xff, 0x00, 0x92, 0x6a, 0x56, 0x27, 0xe0, 0x1b, 0x00, 0x00,
    0x00, 0x80, 0xf2, 0x66, 0x58, 0x27, 0x71, 0x83, 0xff, 0xff, 0xff, 0x00,
    0x47, 0x36, 0x44, 0x27, 0xda, 0xa7, 0xff, 0xff, 0xff, 0x80, 0x86, 0xb4,
    0x7a, 0x28, 0xb8, 0x9d, 0x00, 0x00, 0x00, 0x80, 0x0e, 0xf3, 0x4b, 0x27,
    0xfe, 0x07, 0x5c, 0x00, 0x3c, 0x26, 0xa5, 0x9b, 0x94, 0xad, 0x82, 0xa6,
    0x23, 0xf3, 0x57, 0x2b, 0x51, 0xbb, 0xa0, 0x48, 0x03, 0x56, 0x78, 0xe0,
    0x22, 0x95, 0x71, 0x07, 0x4f, 0x16, 0x05, 0x3d, 0x45, 0x6c, 0xcb, 0x72,
    0x01, 0x9e, 0xb1, 0xbf, 0x71, 0xc3, 0xf2, 0xff, 0x83, 0x55, 0x59, 0x0e,
    0xe6, 0x15, 0xa6, 0xee, 0xe3, 0x3d, 0x4a, 0xd2, 0xf0, 0x04, 0x66, 0xcc,
    0xa1, 0xf5, 0x9f, 0xe5, 0x2f, 0xf1, 0xa7, 0xe6, 0xef, 0xbb, 0x1a, 0xc3,
    0x27, 0x53, 0xf6, 0x20, 0x26, 0x0a, 0x15, 0x41, 0xc3, 0xf0, 0xdc, 0x82,
    0xd0, 0xab, 0x5b, 0xfe, 0xe7, 0xfd, 0x8f, 0xc8, 0xa5, 0x12, 0x18, 0xcd,
    0x03, 0x59, 0x12, 0xb4, 0xf0, 0xff, 0x82, 0x74, 0x2c, 0xb5, 0x12, 0x33,
    0xd1, 0x1b, 0xf3, 0xdf, 0x95, 0x32, 0xd6, 0x62, 0x0e, 0x7b, 0x39, 0xed,
    0xe1, 0x7f, 0x9b, 0x47, 0x18, 0x10, 0x10, 0x10, 0x10, 0x10, 0x10, 0x10,
    0x00, 0xe3, 0x0f, 0x26, 0xf5, 0xaf, 0x06, 0xdb, 0xb9, 0x33, 0xe8, 0x96,
    0xf2, 0xe7, 0x6f, 0x33, 0x2d, 0x07, 0xea, 0x35, 0xe8, 0x66, 0x8c, 0x18,
    0x96, 0x53, 0x34, 0x60, 0x13, 0x05, 0x4f, 0xb4, 0x3d, 0x21, 0x47, 0xd8,
    0x82, 0xdd, 0xe0, 0xef, 0x21, 0x75, 0xb4, 0xc1, 0x53, 0xaa, 0xff, 0xd4,
    0x68, 0x75, 0xe8, 0x58, 0x83, 0xa4, 0xa5, 0x01, 0xe5, 0xff, 0x97, 0x33,
    0xe8, 0x1a, 0x51, 0xf2, 0xaf, 0xd5, 0xd1, 0x26, 0xa5, 0x41, 0x46, 0x0c,
    0xa2, 0x77, 0xd2, 0x45, 0xfc, 0x4b, 0x3b, 0xf3, 0x98, 0xc9, 0x85, 0xb5,
    0x13, 0xd2, 0x68, 0x3b, 0x87, 0x83, 0xe7, 0xdf, 0x30, 0x6d, 0xf1, 0x90,
    0xed, 0x77, 0x0b, 0x7e, 0x48, 0xb7, 0xe7, 0x56, 0x1e, 0xb8, 0x2f, 0xe6,
    0xcf, 0x9a, 0xed, 0x72, 0xd6, 0x93, 0xa6, 0x84, 0x32, 0xb1, 0x2d, 0xea,
    0x14, 0x10, 0x10, 0x10, 0x10, 0x10, 0x10, 0x10, 0xf0, 0xff, 0xff, 0xff,
    0xff, 0xff, 0xff, 0xff, 0xff, 0xff, 0xff, 0xff, 0x29, 0xf4, 0xff, 0xff,
    0xff, 0x44, 0x5b, 0x9b, 0x72, 0x28, 0xf8, 0x04, 0x00, 0x00, 0x00, 0x35,
    0xc9, 0x42, 0x52, 0x27, 0x7f, 0x04, 0x00, 0x00, 0x00, 0x63, 0xc1, 0x0d,
    0x63, 0x27, 0xc7, 0x09, 0x00, 0x00, 0x00, 0x91, 0xe1, 0x4c, 0x7b, 0x28,
    0xdf, 0x1c, 0x00, 0x00, 0x00, 0x24, 0x90, 0x8b, 0x63, 0x28, 0xc7, 0x23,
    0x00, 0x00, 0x00, 0xcd, 0xdb, 0x04, 0x60, 0x28, 0xf8, 0x1c, 0x00, 0x00,
    0x00, 0x0a, 0x84, 0xe8, 0x69, 0x28, 0xa6, 0xe6, 0xff, 0xff, 0xff, 0x69,
    0x06, 0x9f, 0x60, 0x28, 0xbf, 0x09, 0x00, 0x00, 0x00, 0x02, 0x5d, 0x9d,
    0x55, 0x28, 0x3f, 0x09, 0x00, 0x00, 0x00, 0xae, 0x5d, 0x07, 0x6d, 0x28,
    0x2b, 0x21, 0x00, 0x00, 0x00, 0xfc, 0x04, 0xf2, 0x67, 0x28, 0x2e, 0x0e,
    0x00, 0x00, 0x00, 0xe9, 0x41, 0xff, 0x45, 0x27, 0xdb, 0xf6, 0xff, 0xff,
    0xff, 0x90, 0xc9, 0x01, 0x42, 0x27, 0x39, 0x0f, 0x00, 0x00, 0x00, 0xc3,
    0x25, 0xe7, 0x73, 0x28, 0xa0, 0x23, 0x00, 0x00, 0x00, 0x61, 0xac, 0x1b,
    0x5c, 0x28, 0xae, 0xe7, 0xff, 0xff, 0xff, 0x66, 0xd5, 0x7d, 0x58, 0x28,
    0xe0, 0x07, 0x5c, 0x01, 0x0c, 0x00, 0x94, 0x59, 0xb8, 0xd7, 0x53, 0x5b,
    0xa1, 0x4f, 0x00, 0xc0, 0x55, 0xe5, 0x50, 0x02, 0x85, 0xdb, 0x7f, 0x09,
    0x00, 0x46, 0x39, 0x1b, 0x08, 0x07, 0x68, 0x57, 0x2f, 0x7d, 0x3c, 0x4d,
    0xdb, 0x46, 0x17, 0xd6, 0xd9, 0x00, 0x70, 0x11, 0x06, 0xc3, 0x54, 0x3f,
    0xbd, 0xe7, 0x04, 0x00, 0x08, 0x54, 0xfc, 0x44, 0x37, 0x35, 0xa3, 0xad,
    0x3c, 0x43, 0x04, 0x45, 0x69, 0x17, 0x2c, 0x5a, 0x88, 0x80, 0x87, 0xb2,
    0x95, 0xca, 0xaf, 0xd2, 0xa7, 0x04, 0x00, 0x15, 0xfc, 0xe2, 0x0c, 0x42,
    0x7b, 0x95, 0x4e, 0x6e, 0x42, 0x27, 0x3f, 0x5e, 0x5c, 0x2c, 0x14, 0x00,
    0x90, 0x91, 0xc2, 0x7f, 0xb1, 0x91, 0x08, 0xa4, 0x04, 0x04, 0xb5, 0x13,
    0xc9, 0xba, 0xfc, 0x5b, 0xb9, 0x28, 0xfd, 0x02, 0x3a, 0x0f, 0x03, 0xed,
    0x3b, 0xe9, 0x00, 0xb0, 0xf3, 0xc3, 0x96, 0xd2, 0x9c, 0x94, 0x99, 0x06,
    0xf0, 0x6f, 0x21, 0xfd, 0x17, 0x36, 0x2c, 0xc0, 0xc0, 0xff, 0x0f, 0x27,
    0xd1, 0x93, 0x62, 0xd6, 0xd6, 0xea, 0xf7, 0xff, 0x42, 0x81, 0x6d, 0xbb,
    0x39, 0x9d, 0x67, 0xe0, 0xff, 0xff, 0xff, 0xff, 0xff, 0xff, 0xff, 0xff,
    0xff, 0xff, 0xff, 0xff, 0x0f, 0x00, 0x00, 0xa9, 0x94, 0x93, 0x06, 0xa0,
    0x81, 0x69, 0x44, 0x00, 0xc0, 0xb1, 0x6a, 0x05, 0x10, 0xab, 0xf7, 0xab,
    0x0d, 0x00, 0xb5, 0x7b, 0x08, 0x21, 0xdb, 0x5c, 0xfd, 0xb0, 0x71, 0x7e,
    0xf6, 0x43, 0x92, 0x74, 0x70, 0x64, 0x00, 0x70, 0xf9, 0xe1, 0x6d, 0xd1,
    0xbf, 0x7b, 0x9b, 0x08, 0x00, 0x15, 0x63, 0x0c, 0x2c, 0x3c, 0x1b, 0x0c,
    0x8b, 0xfd, 0xb0, 0xa1, 0xc0, 0x96, 0x31, 0xcd, 0x3d, 0x00, 0x30, 0x52,
    0xc3, 0xdf, 0xe2, 0x94, 0x1e, 0x53, 0x01, 0x00, 0x98, 0x13, 0x35, 0x12,
    0xfc, 0x20, 0x97, 0xcd, 0x2e, 0xfd, 0x8b, 0xc4, 0x17, 0x7e, 0x46, 0x61,
    0x00, 0x50, 0xa4, 0xc7, 0x46, 0xdc, 0xff, 0x71, 0xc6, 0x09, 0x00, 0x24,
    0xb2, 0xc2, 0x33, 0xc9, 0x39, 0xb3, 0x55, 0x78, 0xe3, 0x39, 0x6b, 0xee,
    0x4f, 0xfd, 0x1e, 0x00, 0x90, 0x7b, 0xd1, 0x27, 0xd3, 0x4f, 0x2b, 0x5f,
    0xf1, 0xff, 0x92, 0xa2, 0x46, 0x97, 0x29, 0xff, 0xff, 0xff, 0xff, 0xff,
    0xff, 0xff, 0xff, 0xff, 0xff, 0xff, 0xff, 0xff, 0xff, 0x0f, 0xff, 0xff,
    0xff, 0xff, 0xff, 0xff, 0xff, 0xff, 0xff, 0xff, 0xff, 0xff, 0xff, 0xff,
    0x89, 0xdc, 0xff, 0xff, 0xff, 0x00, 0xa8, 0x1b, 0x4b, 0x27, 0x4a, 0xeb,
    0xff, 0xff, 0xff, 0x00, 0x82, 0x95, 0x5f, 0x28, 0xe5, 0xb8, 0x00, 0x00,
    0x00, 0x80, 0x10, 0xbc, 0x59, 0x28, 0xaf, 0x21, 0x01, 0x00, 0x00, 0x00,
    0xf7, 0x2a, 0x50, 0x28, 0xc8, 0x96, 0x00, 0x00, 0x00, 0x80, 0xd8, 0x6b,
    0x43, 0x27, 0x8f, 0x30, 0x01, 0x00, 0x00, 0x00, 0xc5, 0xde, 0x6b, 0x28,
    0xf2, 0x6b, 0x00, 0x00, 0x00, 0x00, 0x0e, 0xe5, 0x43, 0x27, 0x1b, 0x09,
    0x00, 0x00, 0x00, 0x00, 0x01, 0xe0, 0x43, 0x27, 0x1b, 0x10, 0x00, 0x00,
    0x00, 0x80, 0x8c, 0xc6, 0x6d, 0x27, 0xf9, 0x67, 0x00, 0x00, 0x00, 0x00,
    0x72, 0xfd, 0x43, 0x27, 0x43, 0x9f, 0xff, 0xff, 0xff, 0x00, 0x11, 0x51,
    0x7d, 0x28, 0x38, 0x2f, 0x01, 0x00, 0x00, 0x80, 0x52, 0x40, 0x5d, 0x28,
    0x83, 0x05, 0x01, 0x00, 0x00, 0x80, 0x29, 0x78, 0x43, 0x28, 0x36, 0xc5,
    0xff, 0xff, 0xff, 0x00, 0x18, 0x02, 0x42, 0x27, 0xea, 0x3d, 0x00, 0x00,
    0x00, 0x80, 0xd2, 0x86, 0x55, 0x27, 0x60, 0x28, 0x00, 0x00, 0x00, 0x80,
    0x16, 0xb5, 0x42, 0x27, 0x7e, 0x05, 0x5c, 0x00, 0xdc, 0xb5, 0xda, 0xf4,
    0xbf, 0x41, 0xb3, 0xa7, 0x46, 0xa2, 0x54, 0x1d, 0x5e, 0xf8, 0x6f, 0xc0,
    0x35, 0xa4, 0xf9, 0x9f, 0xf0, 0x77, 0x42, 0x71, 0xb9, 0xf9, 0xba, 0x1b,
    0xf5, 0x21, 0x02, 0x91, 0x38, 0x1a, 0x40, 0xb3, 0x9f, 0x4a, 0x70, 0xf1,
    0x8f, 0x02, 0x7f, 0x97, 0xcd, 0x32, 0x26, 0x3e, 0x8d, 0xe1, 0xe2, 0xd8,
    0xe5, 0xf4, 0x8d, 0x74, 0xcf, 0xf5, 0x1d, 0x52, 0xf3, 0xcf, 0x71, 0x92,
    0xf5, 0x42, 0x7c, 0x10, 0x39, 0x92, 0xd3, 0x67, 0xf7, 0x42, 0x05, 0x3f,
    0x19, 0x68, 0xf1, 0xdf, 0x0a, 0x74, 0x14, 0x37, 0x20, 0xe2, 0x32, 0x5a,
    0xe0, 0x45, 0x48, 0xdb, 0x45, 0x9b, 0x39, 0x05, 0xf8, 0x14, 0xc9, 0xa2,
    0x75, 0xf3, 0xd7, 0x3a, 0xe5, 0xbb, 0x71, 0x2a, 0x96, 0x27, 0x12, 0xa7,
    0x83, 0xc0, 0xf6, 0x3c, 0xba, 0x73, 0x03, 0x89, 0x02, 0xf9, 0x70, 0x91,
    0x76, 0xd9, 0x97, 0x64, 0xbe, 0xb1, 0xd8, 0x44, 0xd3, 0x8d, 0x35, 0xf7,
    0xe1, 0x6f, 0x3e, 0x31, 0x90, 0x16, 0x7d, 0xe1, 0x0b, 0xf6, 0x7f, 0xfc,
    0x9c, 0x33, 0xfe, 0x71, 0xe1, 0x11, 0xcb, 0xc5, 0xb4, 0x53, 0xd8, 0x6b,
    0x8a, 0x0d, 0x3c, 0xfa, 0x63, 0xf3, 0xee, 0xa3, 0x1e, 0x10, 0x10, 0x10,
    0x10, 0x10, 0x10, 0x10, 0xe0, 0x07, 0x00, 0xf8, 0x7f, 0x00, 0x78, 0x00,
    0x30, 0x00, 0x40, 0xfc, 0xcf, 0x7f, 0xdb, 0x15, 0x70, 0x82, 0x41, 0x97,
    0x05, 0x50, 0x71, 0xd1, 0x7a, 0xaa, 0xcc, 0xe3, 0xba, 0x0f, 0xfa, 0xca,
    0xce, 0x84, 0x5e, 0xfe, 0x35, 0x0b, 0x44, 0x44, 0x98, 0x2e, 0x94, 0x0d,
    0x6c, 0x78, 0x80, 0xf8, 0x10, 0x61, 0xfd, 0xeb, 0xce, 0x71, 0x88, 0xfb,
    0x06, 0x88, 0x16, 0x44, 0xca, 0x21, 0x92, 0x23, 0x58, 0x44, 0xb0, 0xfe,
    0xb9, 0x17, 0x8a, 0xba, 0x9c, 0x5c, 0x18, 0x3a, 0xb4, 0x2a, 0xd8, 0x0e,
    0xac, 0x8c, 0x1e, 0x22, 0x4c, 0x28, 0x1e, 0x57, 0x73, 0x8f, 0x3d, 0x63,
    0xff, 0x31, 0x86, 0x8c, 0x40, 0x12, 0x69, 0x1a, 0xfa, 0x2d, 0xde, 0x74,
    0x1d, 0x24, 0x26, 0x3e, 0xc2, 0xff, 0xdf, 0x08, 0x46, 0x67, 0x56, 0x66,
    0x86, 0xb9, 0xa2, 0x34, 0x23, 0x02, 0x16, 0x22, 0x92, 0xfd, 0x40, 0x2a,
    0x44, 0x81, 0x60, 0x34, 0x4e, 0xe2, 0xfe, 0x7f, 0x5f, 0x13, 0x3d, 0x72,
    0xdf, 0xd9, 0x27, 0x0f, 0x18, 0x3e, 0xfb, 0x98, 0x4c, 0x40, 0xdc, 0x34,
    0x2a, 0xfe, 0x9f, 0xdb, 0x23, 0x7e, 0xb2, 0xfe, 0x71, 0x6e, 0xdc, 0xb2,
    0x58, 0x45, 0xf2, 0x16, 0xfe, 0xa9, 0x05, 0x64, 0xbb, 0x07, 0x18, 0x91,
    0x7a, 0x29, 0x0a, 0x43, 0xa4, 0x72, 0x76, 0x7b, 0x03, 0x02, 0x02, 0x02,
    0x02, 0x02, 0x02, 0x02, 0xfc, 0x00, 0x00, 0xff, 0x0f, 0x00, 0x0f, 0x00,
    0xff, 0xff, 0xff, 0xff, 0x2a, 0xf6, 0xff, 0xff, 0xff, 0xce, 0x0f, 0xb2,
    0x52, 0x27, 0xf6, 0x0f, 0x00, 0x00, 0x00, 0xab, 0xd2, 0x95, 0x50, 0x27,
    0xb7, 0x1e, 0x00, 0x00, 0x00, 0x75, 0x71, 0x45, 0x53, 0x27, 0x78, 0x05,
    0x00, 0x00, 0x00, 0xe9, 0xed, 0xbe, 0x49, 0x27, 0xf2, 0x00, 0x00, 0x00,
    0x00, 0x16, 0xbf, 0x88, 0x74, 0x28, 0x3b, 0x05, 0x00, 0x00, 0x00, 0x9f,
    0xcc, 0xda, 0x42, 0x27, 0x96, 0xd5, 0xff, 0xff, 0xff, 0x72, 0x72, 0x0b,
    0x64, 0x28, 0xf9, 0xe2, 0xff, 0xff, 0xff, 0x99, 0xbd, 0xf2, 0x4a, 0x27,
    0xbe, 0x09, 0x00, 0x00, 0x00, 0x07, 0xaa, 0x39, 0x78, 0x28, 0x38, 0x06,
    0x00, 0x00, 0x00, 0x62, 0x93, 0x18, 0x62, 0x27, 0x96, 0x05, 0x00, 0x00,
    0x00, 0x54, 0x48, 0x73, 0x4b, 0x27, 0x1c, 0x0f, 0x00, 0x00, 0x00, 0x3f,
    0x03, 0x50, 0x6f, 0x28, 0x36, 0xfc, 0xff, 0xff, 0xff, 0xc7, 0x2e, 0x4d,
    0x53, 0x27, 0xb5, 0x0c, 0x00, 0x00, 0x00, 0xf7, 0x4a, 0x5b, 0x43, 0x27,
    0xaa, 0xff, 0xff, 0xff, 0xff, 0x74, 0x84, 0x7e, 0x57, 0x27, 0xd2, 0xea,
    0xff, 0xff, 0xff, 0x57, 0xc0, 0xf5, 0x6f, 0x28, 0xf0, 0x07, 0x5c, 0x01,
    0x0c, 0x00, 0xaf, 0x1c, 0x25, 0xae, 0x76, 0x4a, 0x81, 0x00, 0x40, 0x20,
    0xa9, 0xa3, 0xb6, 0xb1, 0x34, 0xc6, 0x41, 0x07, 0x00, 0x77, 0x58, 0x61,
    0x02, 0x53, 0x5d, 0xdd, 0xfc, 0x36, 0x42, 0x4f, 0x37, 0x4f, 0x0b, 0x5f,
    0x8c, 0x00, 0xc0, 0x4c, 0x53, 0xd9, 0x8b, 0x77, 0x22, 0xef, 0x0b, 0x00,
    0xc0, 0xf5, 0x95, 0xaa, 0xc2, 0x54, 0x0b, 0x22, 0x75, 0x66, 0xda, 0xbe,
    0xb4, 0x10, 0xfc, 0x03, 0x00, 0xd0, 0x01, 0xa4, 0x61, 0xc5, 0xcf, 0x0a,
    0x40, 0x03, 0x00, 0x17, 0xa8, 0xd2, 0xfd, 0x97, 0x0e, 0x82, 0x5b, 0x88,
    0xfd, 0x83, 0x5b, 0x73, 0x58, 0x16, 0x05, 0x00, 0xd0, 0x3f, 0x50, 0x09,
    0x9a, 0x23, 0xe0, 0xf8, 0x00, 0x00, 0xa4, 0xf0, 0x22, 0x9d, 0x89, 0x63,
    0x62, 0x29, 0x0b, 0xb6, 0xb5, 0xfd, 0x55, 0x40, 0x1c, 0x88, 0x00, 0x00,
    0xf5, 0xd5, 0x8f, 0x6d, 0x13, 0xb9, 0x5b, 0x01, 0xf0, 0xd0, 0x32, 0xc8,
    0x3a, 0x80, 0xb9, 0x55, 0x3a, 0xff, 0x5f, 0xc5, 0x36, 0xb6, 0x43, 0x45,
    0xb8, 0x54, 0xf6, 0xff, 0x00, 0x32, 0x7a, 0x43, 0x27, 0x08, 0x69, 0x33,
    0xff, 0xff, 0xff, 0xff, 0xff, 0xff, 0xff, 0xff, 0xff, 0xff, 0xff, 0xff,
    0x0f, 0x00, 0x00, 0x2a, 0x6a, 0x03, 0x30, 0x23, 0x5e, 0x16, 0x6c, 0x00,
    0xf0, 0x6d, 0x9b, 0xda, 0x50, 0x10, 0x6b, 0x53, 0x0a, 0x00, 0xfc, 0xfc,
    0xdb, 0xd4, 0xf5, 0xfb, 0x47, 0xfd, 0x95, 0x62, 0x64, 0x8a, 0x64, 0x70,
    0x05, 0xfc, 0x00, 0x20, 0x70, 0xd8, 0x17, 0x02, 0x63, 0xa7, 0xb0, 0x00,
    0x00, 0x83, 0x31, 0x10, 0xfc, 0x0f, 0x42, 0x28, 0x27, 0x8d, 0x79, 0x00,
    0x4e, 0xde, 0xe0, 0xb8, 0x5e, 0x00, 0x50, 0x8d, 0xe1, 0x38, 0x12, 0xde,
    0xcf, 0x17, 0x00, 0x00, 0xfd, 0x3c, 0xa2, 0x87, 0x97, 0x64, 0x24, 0x63,
    0x2e, 0x11, 0x2e, 0x2e, 0xfc, 0x0b, 0x77, 0x4b, 0x00, 0x40, 0x97, 0x8d,
    0x04, 0x44, 0x53, 0x22, 0xe7, 0x03, 0x00, 0x29, 0xa6, 0x1f, 0x55, 0x04,
    0x2a, 0x60, 0x1e, 0xa6, 0xaf, 0x20, 0xc7, 0x32, 0x17, 0x62, 0x60, 0x00,
    0x30, 0x16, 0xf4, 0xb8, 0x04, 0x98, 0x45, 0x20, 0xfb, 0xff, 0x36, 0xaa,
    0x3c, 0xdc, 0xc5, 0x7b, 0xfd, 0xff, 0xff, 0xff, 0xff, 0xff, 0xff, 0xff,
    0xff, 0xff, 0xff, 0xff, 0xff, 0xff, 0xff, 0x0f, 0xff, 0xff, 0xff, 0xff,
    0xff, 0xff, 0xff, 0xff, 0xff, 0xff, 0xff, 0xff, 0xf2, 0x2c, 0x00, 0x00,
    0x00, 0x2f, 0x01, 0xee, 0x54, 0x27, 0x20, 0x52, 0x00, 0x00, 0x00, 0x44,
    0x9f, 0x0f, 0x55, 0x27, 0xa1, 0x5c, 0xff, 0xff, 0xff, 0x40, 0x7f, 0xac,
    0x74, 0x28, 0x91, 0xbc, 0xff, 0xff, 0xff, 0xf5, 0x57, 0x8f, 0x50, 0x27,
    0x2c, 0x26, 0x00, 0x00, 0x00, 0x33, 0xec, 0x87, 0x51, 0x27, 0x05, 0xca,
    0xff, 0xff, 0xff, 0x66, 0x47, 0xb7, 0x68, 0x27, 0x5a, 0x50, 0xff, 0xff,
    0xff, 0xd3, 0x12, 0x69, 0x47, 0x27, 0x41, 0xf4, 0xff, 0xff, 0xff, 0xa2,
    0x16, 0xf8, 0x44, 0x27, 0xc9, 0x21, 0x00, 0x00, 0x00, 0x83, 0xff, 0x3a,
    0x49, 0x26, 0xe8, 0xf5, 0xff, 0xff, 0xff, 0x6b, 0xb8, 0x5b, 0x45, 0x27,
    0xa1, 0x02, 0x01, 0x00, 0x00, 0x3b, 0x09, 0x55, 0x63, 0x28, 0x8e, 0x21,
    0x01, 0x00, 0x00, 0xcc, 0x56, 0xf1, 0x66, 0x28, 0x60, 0xff, 0xff, 0xff,
    0xff, 0x58, 0x54, 0xb9, 0x4c, 0x27, 0xa8, 0xdc, 0x00, 0x00, 0x00, 0x5d,
    0xd1, 0x52, 0x6f, 0x28, 0x73, 0x5b, 0x00, 0x00, 0x00, 0xc7, 0xa3, 0xf8,
    0x71, 0x28, 0x4b, 0x5d, 0x00, 0x00, 0x00, 0xda, 0x41, 0xb3, 0x49, 0x27,
    0xfe, 0x07, 0x5c, 0x00, 0xbc, 0xcc, 0x04, 0xe8, 0x60, 0xa2, 0x35, 0x11,
    0xf4, 0xe8, 0x98, 0x17, 0x7c, 0x00, 0x68, 0xe0, 0x6f, 0xd4, 0x61, 0x95,
    0xe8, 0xff, 0xa1, 0xc6, 0x5c, 0xe5, 0xa8, 0x17, 0x23, 0xf2, 0x20, 0xa7,
    0x83, 0x52, 0x7a, 0x78, 0x40, 0xab, 0x42, 0x11, 0xda, 0x6a, 0x80, 0xe3,
    0x1f, 0x6d, 0x64, 0xa5, 0x73, 0xf4, 0x47, 0xf7, 0x79, 0x33, 0x46, 0xb4,
    0x34, 0x82, 0xe1, 0x7f, 0x97, 0xf6, 0xef, 0x2f, 0x4b, 0x6e, 0x51, 0x80,
    0x54, 0xb9, 0x42, 0x04, 0x2c, 0x11, 0xab, 0x4b, 0x69, 0x0c, 0x6a, 0x32,
    0xfa, 0xbf, 0xe5, 0xa3, 0x9a, 0xbf, 0x22, 0xf2, 0xdd, 0x09, 0xd3, 0x0a,
    0xdc, 0x00, 0xe4, 0x37, 0x03, 0x39, 0x93, 0x49, 0xc0, 0xa4, 0x63, 0xa6,
    0x66, 0x83, 0x63, 0x2c, 0xf9, 0x4f, 0x80, 0xce, 0xf3, 0xf1, 0xef, 0xe8,
    0x11, 0xa7, 0xe9, 0x91, 0x17, 0x10, 0x10, 0x10, 0x10, 0x10, 0x10, 0x10,
    0x30, 0xc3, 0xb8, 0x8a, 0xe8, 0x82, 0x90, 0x5e, 0x03, 0x27, 0x78, 0x94,
    0x15, 0x88, 0xb1, 0x36, 0x10, 0xcc, 0xdd, 0xf3, 0x7f, 0x51, 0x48, 0x4c,
    0x3a, 0xf6, 0x4e, 0x72, 0x58, 0x73, 0xda, 0xf8, 0xff, 0xa1, 0x98, 0x55,
    0x9f, 0xb7, 0xb2, 0xed, 0xd2, 0x57, 0xf4, 0x5f, 0x84, 0x07, 0x27, 0x71,
    0xfb, 0x10, 0x72, 0xcb, 0x24, 0x74, 0xf9, 0x9e, 0xf0, 0x1f, 0x91, 0x65,
    0xe6, 0xff, 0xf1, 0xbf, 0x52, 0xcc, 0xf5, 0x1b, 0x49, 0x99, 0x99, 0xd0,
    0x67, 0x17, 0xd4, 0xf7, 0x21, 0x04, 0x91, 0x11, 0x49, 0x61, 0x75, 0xf9,
    0x52, 0xbb, 0xf9, 0x4a, 0x76, 0x32, 0x5b, 0x7d, 0x16, 0x7d, 0x11, 0xfa,
    0xf5, 0xf9, 0x9f, 0x1c, 0x9b, 0xfc, 0x3f, 0x94, 0x4c, 0x72, 0xa2, 0x52,
    0xcd, 0x8a, 0x20, 0xd8, 0x68, 0x8a, 0x04, 0xf8, 0x04, 0xf2, 0xb2, 0xd1,
    0x14, 0x10, 0x10, 0x10, 0x10, 0x10, 0x10, 0x10, 0xf0, 0xff, 0xff, 0xff,
    0xff, 0xff, 0xff, 0xff, 0xff, 0xff, 0xff, 0xff, 0xc2, 0x09, 0x00, 0x00,
    0x00, 0xd6, 0xe5, 0x53, 0x47, 0x27, 0x12, 0x10, 0x00, 0x00, 0x00, 0x42,
    0x10, 0xbe, 0x61, 0x27, 0x14, 0x0f, 0x00, 0x00, 0x00, 0x4e, 0x40, 0xc2,
    0x5f, 0x27, 0x71, 0x19, 0x00, 0x00, 0x00, 0x80, 0xa7, 0x7f, 0x60, 0x27,
    0xee, 0xf7, 0xff, 0xff, 0xff, 0x99, 0x9f, 0xb8, 0x59, 0x27, 0xdf, 0x04,
    0x00, 0x00, 0x00, 0x64, 0x11, 0x1c, 0x4c, 0x27, 0x3c, 0x24, 0x00, 0x00,
    0x00, 0xb1, 0xa3, 0x2f, 0x42, 0x27, 0xba, 0xdf, 0xff, 0xff, 0xff, 0xcd,
    0xe6, 0x5c, 0x6e, 0x28, 0xb9, 0xdc, 0xff, 0xff, 0xff, 0x02, 0x62, 0xb4,
    0x41, 0x27, 0x4e, 0x1f, 0x00, 0x00, 0x00, 0x57, 0xaf, 0xf1, 0x7d, 0x28,
    0xa5, 0x1d, 0x00, 0x00, 0x00, 0x00, 0x24, 0x87, 0x42, 0x27, 0x99, 0x03,
    0x00, 0x00, 0x00, 0x1d, 0x55, 0x15, 0x4e, 0x27, 0x76, 0x12, 0x00, 0x00,
    0x00, 0x2d, 0x31, 0xb5, 0x6c, 0x27, 0x0d, 0x09, 0x00, 0x00, 0x00, 0x23,
    0x40, 0x24, 0x5e, 0x28, 0x00, 0xf3, 0xff, 0xff, 0xff, 0xca, 0x55, 0xc7,
    0x57, 0x27, 0x39, 0x19, 0x00, 0x00, 0x00, 0xfb, 0x01, 0x9a, 0x7f, 0x28,
    0xf0, 0x07, 0x5c, 0x01, 0x0c, 0x00, 0x79, 0x2c, 0xb3, 0x1d, 0x09, 0xe1,
    0x00, 0x22, 0x00, 0x00, 0x72, 0x98, 0x10, 0xe4, 0xe0, 0x53, 0xe0, 0x05,
    0x00, 0x01, 0x5d, 0x4b, 0x0b, 0x26, 0x34, 0xfd, 0x57, 0x26, 0x4c, 0x43,
    0x15, 0x7f, 0x0c, 0x08, 0x93, 0x00, 0x20, 0x22, 0xb1, 0xd0, 0xef, 0x52,
    0x05, 0x23, 0x01, 0x00, 0xa2, 0x06, 0x3d, 0xe6, 0x7d, 0xfc, 0x51, 0x22,
    0x87, 0x7b, 0xe3, 0xc9, 0x85, 0x1b, 0xfd, 0x69, 0x00, 0x10, 0x50, 0x2e,
    0x15, 0x70, 0xc4, 0xaf, 0x02, 0x03, 0x00, 0x65, 0x94, 0xa2, 0x2f, 0x55,
    0xfc, 0x91, 0x55, 0x8e, 0x22, 0xfd, 0x81, 0x82, 0x60, 0x57, 0x95, 0x00,
    0xf0, 0x30, 0xc2, 0x76, 0x6a, 0x08, 0x43, 0xb1, 0x01, 0x00, 0x08, 0x46,
    0xfd, 0xc7, 0xe6, 0xc1, 0x2b, 0x51, 0xa2, 0x17, 0x2e, 0x38, 0x03, 0x3d,
    0x98, 0xa0, 0x00, 0xf0, 0xb9, 0xeb, 0x92, 0xf6, 0x08, 0x9b, 0x49, 0x03,
    0xf0, 0x54, 0x46, 0x5e, 0xde, 0xd5, 0x9c, 0x61, 0x32, 0xff, 0xcf, 0x60,
    0xf4, 0x84, 0x43, 0x18, 0x82, 0x09, 0xf4, 0xff, 0x3f, 0x02, 0xe7, 0xc9,
    0x10, 0xfc, 0x54, 0x97, 0xff, 0xff, 0xff, 0xff, 0xff, 0xff, 0xff, 0xff,
    0xff, 0xff, 0xff, 0xff, 0x2f, 0x00, 0x00, 0x18, 0x13, 0xb5, 0x34, 0xcb,
    0xfc, 0xd3, 0xf9, 0x00, 0xb0, 0x3a, 0xc9, 0xc4, 0x0a, 0x94, 0xc8, 0xcf,
    0x0f, 0x00, 0x88, 0xb6, 0x0c, 0x83, 0x99, 0x29, 0x37, 0x4c, 0x42, 0x49,
    0x4a, 0x0e, 0x40, 0x93, 0x42, 0x0b, 0x00, 0xb0, 0xbe, 0x03, 0x69, 0x4a,
    0xe4, 0x02, 0x95, 0x09, 0x00, 0x38, 0x3b, 0x28, 0x4e, 0x75, 0xfc, 0x1d,
    0x4b, 0xb1, 0x69, 0xfd, 0x23, 0x27, 0x38, 0x83, 0x6e, 0x00, 0x10, 0x23,
    0xed, 0x80, 0xcb, 0xaa, 0xef, 0x49, 0x05, 0x00, 0x67, 0x29, 0x6f, 0xef,
    0x6c, 0x3c, 0xa6, 0x97, 0x83, 0x20, 0x48, 0x4a, 0x06, 0xc7, 0xed, 0x93,
    0x00, 0x50, 0x21, 0x90, 0xb5, 0xb0, 0x23, 0x2a, 0x77, 0x03, 0x00, 0x1b,
    0xfd, 0x14, 0x59, 0x17, 0x9f, 0x53, 0xd8, 0x86, 0xfd, 0x3d, 0xb2, 0x37,
    0x46, 0x4b, 0x13, 0x00, 0x30, 0xd4, 0x00, 0x9c, 0xe7, 0x69, 0xe9, 0xd3,
    0xf9, 0xff, 0xa2, 0x71, 0x20, 0x63, 0xa2, 0x5e, 0x81, 0xff, 0xff, 0xff,
    0xff, 0xff, 0xff, 0xff, 0xff, 0xff, 0xff, 0xff, 0xff, 0xff, 0xff, 0x0f,
    0xff, 0xff, 0xff, 0xff, 0xff, 0xff, 0xff, 0xff, 0xff, 0xff, 0xff, 0xff,
    0x00, 0x0c, 0x00, 0x00, 0x00, 0x80, 0x69, 0xd4, 0x55, 0x27, 0xaf, 0x34,
    0x00, 0x00, 0x00, 0x80, 0xcf, 0xef, 0x54, 0x28, 0x74, 0x6a, 0x01, 0x00,
    0x00, 0x00, 0x7b, 0x89, 0x5c, 0x28, 0x26, 0x6b, 0xff, 0xff, 0xff, 0x00,
    0x86, 0xe4, 0x45, 0x28, 0x29, 0x53, 0x00, 0x00, 0x00, 0x80, 0x4d, 0xea,
    0x60, 0x27, 0x9e, 0xe0, 0x00, 0x00, 0x00, 0x80, 0x8c, 0x23, 0x59, 0x28,
    0xa3, 0x4c, 0xff, 0xff, 0xff, 0x80, 0x85, 0xe3, 0x77, 0x28, 0x64, 0x30,
    0x00, 0x00, 0x00, 0x80, 0x07, 0x84, 0x43, 0x27, 0xd9, 0x14, 0x00, 0x00,
    0x00, 0x00, 0x24, 0x36, 0x4d, 0x26, 0x5a, 0xed, 0xff, 0xff, 0xff, 0x80,
    0xa8, 0xfb, 0x5b, 0x28, 0xfa, 0x0d, 0xff, 0xff, 0xff, 0x80, 0x40, 0xc4,
    0x65, 0x28, 0x06, 0x0c, 0x00, 0x00, 0x00, 0x00, 0x7d, 0xd4, 0x73, 0x28,
    0x16, 0xcb, 0xfe, 0xff, 0xff, 0x80, 0xaf, 0xf2, 0x45, 0x28, 0x97, 0xde,
    0x00, 0x00, 0x00, 0x80, 0x55, 0xd1, 0x70, 0x28, 0x49, 0x1b, 0x00, 0x00,
    0x00, 0x00, 0xe4, 0xdc, 0x56, 0x27, 0xbd, 0xaa, 0xff, 0xff, 0xff, 0x00,
    0x2d, 0x54, 0x74, 0x28, 0x78, 0x0a, 0x5c, 0x01, 0x0c, 0x00, 0x24, 0x96,
    0x31, 0xe6, 0x3f, 0xc7, 0x1f, 0xad, 0x00, 0xd0, 0xae, 0xd2, 0xef, 0xce,
    0x52, 0xb6, 0x85, 0x02, 0x00, 0xfd, 0xfc, 0x9f, 0x41, 0x5d, 0x7f, 0x4b,
    0x73, 0x7c, 0x56, 0x5f, 0xee, 0x47, 0x0a, 0xaa, 0x7d, 0x00, 0xe0, 0x46,
    0x42, 0xa6, 0x7d, 0x13, 0xe1, 0x73, 0x01, 0x00, 0x0d, 0xe4, 0x5f, 0x3d,
    0x0f, 0x85, 0x07, 0x14, 0x33, 0xf3, 0x2c, 0xca, 0x57, 0x5a, 0xa6, 0xbf,
    0x00, 0x00, 0xe2, 0xe3, 0x49, 0xf4, 0xe8, 0xe5, 0x06, 0x09, 0x00, 0x57,
    0x79, 0xa5, 0xaf, 0x14, 0xa1, 0x11, 0xfd, 0x88, 0x32, 0x4d, 0x40, 0xc6,
    0xfc, 0x6c, 0x5e, 0x00, 0xb0, 0x37, 0x0f, 0x0e, 0xd1, 0xe7, 0x60, 0x59,
    0x05, 0x00, 0x6b, 0x60, 0xb9, 0xb5, 0x3e, 0x62, 0x2a, 0x27, 0x71, 0xd1,
    0xe1, 0xfd, 0x6a, 0x3b, 0xc7, 0x69, 0x00, 0xa0, 0x02, 0xb2, 0x22, 0x78,
    0xe2, 0x84, 0xf3, 0x05, 0x00, 0x39, 0xc5, 0x8b, 0x34, 0x14, 0x6b, 0x45,
    0x46, 0x50, 0x50, 0x53, 0x53, 0x51, 0x3b, 0x82, 0x0b, 0x00, 0xf0, 0xb3,
    0x3d, 0x96, 0xcd, 0x53, 0x0e, 0xa7, 0x04, 0x00, 0x4b, 0x1a, 0x79, 0xd6,
    0x00, 0x47, 0x0b, 0x63, 0x78, 0x87, 0x5b, 0x66, 0x25, 0x43, 0xf4, 0x2f,
    0x00, 0x00, 0x7e, 0x48, 0x44, 0xd2, 0x1f, 0xc4, 0x63, 0xf3, 0xff, 0x70,
    0x6a, 0xbb, 0x9b, 0x7b, 0x9d, 0xfc, 0x91, 0xff, 0xef, 0xb1, 0xa4, 0x24,
    0xc6, 0xdf, 0x7f, 0x20, 0x0b, 0x00, 0x00, 0x40, 0x45, 0x02, 0xe8, 0xb7,
    0x83, 0x41, 0x14, 0x04, 0x00, 0xfc, 0x57, 0x86, 0xfc, 0x1d, 0xb5, 0xad,
    0x06, 0x44, 0x91, 0x10, 0x3e, 0xb8, 0x2d, 0xa1, 0x09, 0x00, 0xf0, 0xb2,
    0x27, 0x2b, 0xc1, 0xe0, 0x04, 0xc8, 0x03, 0x00, 0x82, 0x49, 0x59, 0x17,
    0x82, 0x5e, 0xfd, 0x1c, 0x65, 0x6f, 0x8c, 0x0f, 0x2a, 0x3f, 0x8e, 0x60,
    0x00, 0x90, 0x54, 0x52, 0xf4, 0x29, 0x55, 0x34, 0x30, 0x02, 0x00, 0x3c,
    0x19, 0x0b, 0xac, 0x12, 0x24, 0x75, 0x2d, 0x79, 0x42, 0x9a, 0x85, 0x07,
    0x1f, 0x50, 0xd0, 0x00, 0xb0, 0xb4, 0x81, 0x30, 0x29, 0x62, 0x46, 0xc9,
    0x0f, 0x00, 0x19, 0x99, 0x70, 0xcb, 0x1e, 0x3e, 0x6a, 0xc1, 0x97, 0x14,
    0x63, 0x0b, 0xee, 0x01, 0x0a, 0x84, 0x00, 0xf0, 0xf8, 0x4a, 0x12, 0x6a,
    0x7f, 0x24, 0x92, 0x03, 0x00, 0x13, 0x04, 0xec, 0x54, 0x54, 0x45, 0x04,
    0x2b, 0x3b, 0x5a, 0xa3, 0x39, 0x2d, 0x2c, 0x4d, 0xa8, 0x00, 0x90, 0x27,
    0xce, 0x01, 0xe8, 0x6a, 0x03, 0x42, 0x03, 0x00, 0x67, 0x80, 0x92, 0x0a,
    0x60, 0x67, 0xbb, 0x9a, 0x6e, 0xc2, 0xfc, 0x1a, 0x64, 0x19, 0x13, 0x98,
    0x00, 0xd0, 0x40, 0x84, 0x16, 0xfb, 0xb0, 0xed, 0xa0, 0xf7, 0xff, 0x16,
    0xfc, 0x45, 0x66, 0x5f, 0xdb, 0x8d, 0x5d, 0xff, 0x0f, 0x00, 0xff, 0xff,
    0xff, 0xff, 0xff, 0xff, 0xff, 0xff, 0xff, 0xff, 0x97, 0xf3, 0xff, 0xff,
    0xff, 0x67, 0xa0, 0x67, 0x49, 0x27, 0x4c, 0x12, 0x00, 0x00, 0x00, 0xd6,
    0x02, 0x0b, 0x4e, 0x27, 0xc7, 0x14, 0x00, 0x00, 0x00, 0x57, 0xcb, 0xc5,
    0x55, 0x27, 0x6a, 0x1b, 0x00, 0x00, 0x00, 0xed, 0xd4, 0x07, 0x5a, 0x27,
    0x6d, 0x00, 0x00, 0x00, 0x00, 0x78, 0x4a, 0x1e, 0x57, 0x27, 0x76, 0xf8,
    0xff, 0xff, 0xff, 0xac, 0x45, 0xbc, 0x55, 0x27, 0x7c, 0x00, 0x00, 0x00,
    0x00, 0x14, 0xb2, 0x36, 0x50, 0x27, 0xc8, 0xe5, 0xff, 0xff, 0xff, 0xe0,
    0xfc, 0xcb, 0x42, 0x27, 0x00, 0xe0, 0xff, 0xff, 0xff, 0xde, 0xe3, 0x2e,
    0x41, 0x27, 0x4b, 0x23, 0x00, 0x00, 0x00, 0x66, 0xff, 0x68, 0x43, 0x27,
    0x04, 0x08, 0x00, 0x00, 0x00, 0xed, 0xaf, 0xc9, 0x50, 0x27, 0xe0, 0xed,
    0xff, 0xff, 0xff, 0xd5, 0xa3, 0xec, 0x4f, 0x27, 0x89, 0x10, 0x00, 0x00,
    0x00, 0x2b, 0xf0, 0x4c, 0x42, 0x27, 0xb7, 0x12, 0x00, 0x00, 0x00, 0x13,
    0x94, 0xc4, 0x7d, 0x28, 0x55, 0xf1, 0xff, 0xff, 0xff, 0x99, 0x58, 0x63,
    0x7a, 0x28, 0x8a, 0xe6, 0xff, 0xff, 0xff, 0x8e, 0x9b, 0x3d, 0x7f, 0x28,
    0xe8, 0x07, 0x5c, 0x01, 0x0c, 0x00, 0x85, 0x3b, 0x10, 0x2c, 0x22, 0x9f,
    0x4e, 0x02, 0x00, 0x60, 0xa8, 0x91, 0xbc, 0xb1, 0xc4, 0xc2, 0x50, 0x07,
    0x04, 0x1c, 0x0b, 0xfd, 0x6c, 0xac, 0x6b, 0x39, 0x14, 0x48, 0xb4, 0x77,
    0x33, 0x20, 0x81, 0x0c, 0x16, 0x00, 0xc0, 0x20, 0x14, 0x79, 0x28, 0xa7,
    0xb6, 0x17, 0x0b, 0x00, 0x03, 0x37, 0x55, 0xfc, 0x28, 0x34, 0x80, 0x4c,
    0x74, 0x45, 0x17, 0x02, 0x0d, 0x4e, 0x30, 0x34, 0x00, 0x70, 0xbd, 0x95,
    0x60, 0xa3, 0x8c, 0x04, 0xc1, 0x0f, 0x00, 0x39, 0x28, 0x5e, 0x12, 0x23,
    0x63, 0x07, 0x74, 0xfd, 0x80, 0x70, 0x4d, 0x00, 0xdb, 0x50, 0x04, 0x00,
    0x10, 0xfb, 0x38, 0x93, 0x94, 0xa2, 0xc8, 0x38, 0x07, 0x00, 0x53, 0x46,
    0x2e, 0xfd, 0x13, 0x31, 0x8b, 0xb6, 0xfc, 0x1f, 0x93, 0x8d, 0x0c, 0x8d,
    0x05, 0x56, 0x00, 0x00, 0x06, 0xc6, 0x15, 0xc6, 0x57, 0xf1, 0xb0, 0x01,
    0xf0, 0xc9, 0x6e, 0xfc, 0x71, 0x6f, 0xb2, 0x1d, 0x76, 0xff, 0x6f, 0xa4,
    0xf4, 0x7d, 0xcf, 0x0f, 0x41, 0x0a, 0xf3, 0xff, 0x0f, 0x0f, 0x03, 0x51,
    0x74, 0xe0, 0x36, 0x3a, 0xff, 0xff, 0xff, 0xff, 0xff, 0xff, 0xff, 0xff,
    0xff, 0xff, 0xff, 0xff, 0x0f, 0x00, 0x00, 0x19, 0x42, 0xa3, 0x81, 0xc2,
    0x65, 0x4b, 0x56, 0x00, 0x30, 0x77, 0x81, 0x22, 0x1b, 0xca, 0x81, 0x63,
    0x04, 0x00, 0xc0, 0xfc, 0x43, 0x04, 0x10, 0x54, 0x50, 0xdd, 0x16, 0xe9,
    0x72, 0x26, 0x88, 0x9b, 0xd8, 0x60, 0x00, 0x20, 0x10, 0x84, 0x30, 0x16,
    0x66, 0xb1, 0x25, 0x09, 0x00, 0xa1, 0x64, 0x74, 0xd7, 0x3f, 0x3a, 0x10,
    0xb0, 0x8b, 0xd6, 0x34, 0xb3, 0x17, 0x4e, 0x24, 0xfc, 0x00, 0xc0, 0xd1,
    0xbb, 0xa3, 0xe4, 0xf4, 0x2b, 0xcc, 0x02, 0x00, 0x4b, 0xfd, 0x8a, 0xc9,
    0x11, 0x6f, 0x8d, 0xfd, 0x09, 0x59, 0x51, 0xb8, 0xc8, 0x0a, 0x28, 0x0a,
    0x00, 0x10, 0x15, 0x7a, 0xa2, 0x29, 0x69, 0xe0, 0xda, 0x0f, 0x00, 0x8d,
    0x0b, 0x6e, 0x8a, 0x60, 0xe2, 0x95, 0xdb, 0xdb, 0x6c, 0xbe, 0x82, 0xb3,
    0xfc, 0x16, 0x22, 0x00, 0x42, 0xfa, 0x8a, 0xd5, 0xc9, 0x9f, 0x61, 0xc0,
    0xff, 0xff, 0x68, 0xa2, 0x16, 0x5f, 0x69, 0x79, 0xff, 0xff, 0xff, 0xff,
    0xff, 0xff, 0xff, 0xff, 0xff, 0xff, 0xff, 0xff, 0xff, 0xff, 0x0f, 0xff,
    0xff, 0xff, 0xff, 0xff, 0xff, 0xff, 0xff, 0xff, 0xff, 0xff, 0xff, 0xff,
    0x4b, 0x36, 0x00, 0x00, 0x00, 0x80, 0xdc, 0xed, 0x53, 0x27, 0xf2, 0xbe,
    0x00, 0x00, 0x00, 0x00, 0x72, 0x22, 0x60, 0x28, 0xe7, 0xf8, 0xff, 0xff,
    0xff, 0x00, 0xcb, 0x95, 0x4f, 0x27, 0x9d, 0xf9, 0x00, 0x00, 0x00, 0x00,
    0x2c, 0x59, 0x60, 0x28, 0xdc, 0x53, 0xff, 0xff, 0xff, 0x00, 0x92, 0xfa,
    0x72, 0x28, 0x26, 0x91, 0xff, 0xff, 0xff, 0x80, 0x16, 0x73, 0x47, 0x27,
    0x9e, 0x58, 0xff, 0xff, 0xff, 0x00, 0x48, 0x64, 0x49, 0x27, 0x8b, 0x90,
    0xff, 0xff, 0xff, 0x00, 0x05, 0x4b, 0x66, 0x28, 0x72, 0xf9, 0xff, 0xff,
    0xff, 0x80, 0x2a, 0x33, 0x7e, 0x27, 0xde, 0x82, 0xff, 0xff, 0xff, 0x80,
    0xe8, 0xf2, 0x7f, 0x28, 0xfd, 0x51, 0xff, 0xff, 0xff, 0x00, 0x18, 0xc8,
    0x44, 0x27, 0xaf, 0xb4, 0x00, 0x00, 0x00, 0x80, 0x9d, 0xfa, 0x5d, 0x28,
    0x5a, 0xd8, 0xff, 0xff, 0xff, 0x00, 0x86, 0xb7, 0x70, 0x28, 0x3a, 0xf2,
    0x01, 0x00, 0x00, 0x80, 0x52, 0x45, 0x48, 0x28, 0x48, 0x1f, 0x00, 0x00,
    0x00, 0x00, 0x52, 0x8c, 0x4b, 0x27, 0x1c, 0x83, 0xff, 0xff, 0xff, 0x80,
    0xf3, 0x78, 0x43, 0x27, 0xfe, 0x07, 0x5c, 0x00, 0x5c, 0x68, 0x95, 0xe7,
    0x03, 0x7a, 0x16, 0xc3, 0x2c, 0xf0, 0x58, 0xe5, 0x14, 0xb2, 0x05, 0x03,
    0x92, 0x23, 0xd7, 0xf6, 0x4f, 0x73, 0xf5, 0xa0, 0x34, 0xe0, 0xb9, 0x98,
    0xf2, 0xe4, 0x24, 0xa6, 0x7e, 0x73, 0x8a, 0xa1, 0x48, 0x3c, 0xa0, 0x66,
    0xb0, 0x4c, 0xc5, 0x73, 0x57, 0xa1, 0x44, 0xaa, 0x7b, 0xb2, 0x1c, 0x44,
    0x35, 0xa1, 0xa6, 0x81, 0x6d, 0xe1, 0x02, 0x52, 0xc6, 0x09, 0xc8, 0xe0,
    0xaf, 0x97, 0xfc, 0x97, 0x89, 0xfb, 0xca, 0x82, 0xfc, 0xf2, 0x0f, 0x3b,
    0x0c, 0x85, 0xc6, 0x0a, 0xef, 0xf3, 0xe2, 0x50, 0xe9, 0x85, 0xd8, 0x57,
    0x51, 0x6a, 0x29, 0x11, 0x6e, 0xc7, 0x01, 0x0d, 0xec, 0xa7, 0x74, 0x32,
    0x03, 0xe9, 0x9f, 0x42, 0xfa, 0x59, 0x8c, 0xb7, 0x98, 0x64, 0xe1, 0x8f,
    0xfa, 0x1f, 0xec, 0x8f, 0xe3, 0x1f, 0xe8, 0xa0, 0x14, 0x10, 0x10, 0x10,
    0x10, 0x10, 0x10, 0x10, 0xe0, 0x8f, 0x8c, 0x81, 0xe7, 0xff, 0x15, 0x79,
    0xc0, 0x11, 0x5b, 0xf0, 0x68, 0xb1, 0x1e, 0x93, 0x81, 0xc5, 0xaa, 0x43,
    0x60, 0x33, 0xcf, 0xc3, 0x91, 0xc9, 0x60, 0xe4, 0xbd, 0x5c, 0x56, 0x0d,
    0xb4, 0xeb, 0xed, 0x05, 0xf1, 0xd4, 0x66, 0xe6, 0x0f, 0xd3, 0xc4, 0xb0,
    0x2d, 0x77, 0x48, 0x49, 0xf7, 0xe5, 0x8f, 0xb3, 0x2d, 0x93, 0xeb, 0xef,
    0xf5, 0x8a, 0xcb, 0x92, 0xd9, 0x02, 0xbf, 0x51, 0x91, 0xd4, 0x08, 0x29,
    0x38, 0xe2, 0xb1, 0xe7, 0xf9, 0xc9, 0xc1, 0x03, 0x44, 0xd3, 0xd9, 0x4b,
    0xec, 0x7f, 0xf1, 0xf6, 0x8f, 0x96, 0xc8, 0xbd, 0xc2, 0x9c, 0xb1, 0xb1,
    0x8a, 0x04, 0x71, 0x27, 0xa2, 0xf2, 0x6b, 0x83, 0xd0, 0xf2, 0x9f, 0x2e,
    0x52, 0xf0, 0x88, 0xd3, 0xcb, 0x92, 0xb9, 0x0f, 0x7d, 0x44, 0xe8, 0xaf,
    0xd8, 0xdc, 0x0c, 0xc5, 0x1a, 0x10, 0x10, 0x10, 0x10, 0x10, 0x10, 0x10,
    0xf0, 0xff, 0xff, 0xff, 0xff, 0xff, 0xff, 0xff, 0xff, 0xff, 0xff, 0xff,
    0x5a, 0xfc, 0xff, 0xff, 0xff, 0xd3, 0xc2, 0x76, 0x42, 0x27, 0xf9, 0x09,
    0x00, 0x00, 0x00, 0x01, 0x8e, 0xc1, 0x77, 0x28, 0xf0, 0x12, 0x00, 0x00,
    0x00, 0xcb, 0x7d, 0xe7, 0x78, 0x28, 0xfb, 0x06, 0x00, 0x00, 0x00, 0x1b,
    0xf3, 0xfe, 0x5d, 0x27, 0x83, 0x09, 0x00, 0x00, 0x00, 0x6d, 0x47, 0x3e,
    0x59, 0x27, 0x3b, 0x0c, 0x00, 0x00, 0x00, 0xb9, 0xf1, 0xfc, 0x4f, 0x27,
    0xa6, 0x05, 0x00, 0x00, 0x00, 0x17, 0x19, 0x31, 0x44, 0x26, 0xa3, 0xf4,
    0xff, 0xff, 0xff, 0x82, 0x4d, 0x18, 0x6b, 0x28, 0x2d, 0xf9, 0xff, 0xff,
    0xff, 0x4c, 0xff, 0x26, 0x44, 0x27, 0x18, 0x0f, 0x00, 0x00, 0x00, 0xb4,
    0xe6, 0xc6, 0x54, 0x27, 0x54, 0x14, 0x00, 0x00, 0x00, 0x8e, 0x1e, 0xb8,
    0x54, 0x27, 0x57, 0x20, 0x00, 0x00, 0x00, 0x76, 0x28, 0x3e, 0x44, 0x27,
    0x81, 0x1c, 0x00, 0x00, 0x00, 0x70, 0x0c, 0x40, 0x44, 0x27, 0x41, 0x19,
    0x00, 0x00, 0x00, 0xe0, 0xf8, 0x4f, 0x6d, 0x28, 0x33, 0xf6, 0xff, 0xff,
    0xff, 0x27, 0x7d, 0x56, 0x75, 0x28, 0x10, 0x0c, 0x00, 0x00, 0x00, 0x1f,
    0xfe, 0xc6, 0x61, 0x27, 0xf8, 0x07, 0x5c, 0x01, 0x0c, 0x00, 0x3d, 0x31,
    0x58, 0x67, 0x1c, 0x19, 0xfd, 0xb6, 0x00, 0x70, 0xd2, 0x2f, 0x3a, 0xd0,
    0x86, 0x32, 0x80, 0x05, 0x00, 0x6d, 0x30, 0x12, 0x4a, 0x31, 0xda, 0xb4,
    0xfd, 0x88, 0x03, 0x1d, 0x0e, 0x04, 0x2c, 0x02, 0xfd, 0x00, 0x60, 0xb4,
    0x89, 0x55, 0x20, 0xb3, 0x00, 0x17, 0x06, 0x00, 0x53, 0x2e, 0x35, 0x83,
    0x35, 0x43, 0x2e, 0xa9, 0x6a, 0x28, 0x49, 0x48, 0x11, 0x46, 0x2b, 0x16,
    0x00, 0xc0, 0x45, 0xdb, 0xff, 0x5b, 0x51, 0x03, 0x74, 0x06, 0x00, 0xb2,
    0x40, 0x58, 0x0b, 0xb1, 0x28, 0xa5, 0x5e, 0x1f, 0x40, 0xfc, 0x62, 0x19,
    0xad, 0x5f, 0x1e, 0x00, 0xe0, 0x32, 0x7c, 0xdd, 0x29, 0xe3, 0x37, 0x29,
    0x04, 0x00, 0x1c, 0x6e, 0x6b, 0x04, 0x17, 0x14, 0x6b, 0x62, 0xb7, 0x78,
    0x24, 0x19, 0x06, 0xfd, 0x5e, 0x2d, 0x00, 0xd0, 0xff, 0xa1, 0x6b, 0xf2,
    0x40, 0xec, 0xb4, 0x02, 0xf0, 0x07, 0x38, 0x1f, 0x24, 0x7a, 0xfd, 0x02,
    0x35, 0xff, 0x0f, 0x60, 0xb3, 0xcc, 0x75, 0x68, 0x0c, 0xee, 0xf1, 0xff,
    0x33, 0x18, 0xfd, 0x5e, 0x42, 0xb5, 0x37, 0x4b, 0xff, 0xff, 0xff, 0xff,
    0xff, 0xff, 0xff, 0xff, 0xff, 0xff, 0xff, 0xff, 0x0f, 0x00, 0x00, 0x82,
    0x5a, 0x5b, 0x03, 0x7d, 0x2e, 0x27, 0xfd, 0x00, 0xf0, 0x90, 0x42, 0x39,
    0x14, 0x35, 0xc5, 0xf4, 0x07, 0x00, 0x27, 0x28, 0x6e, 0x23, 0x3d, 0x49,
    0x7f, 0xa9, 0x34, 0x0b, 0xfc, 0xa6, 0x65, 0x65, 0x65, 0x17, 0x00, 0x30,
    0x95, 0x85, 0xdb, 0xf6, 0xd2, 0x35, 0xeb, 0x05, 0x00, 0x4a, 0xb0, 0x59,
    0xf5, 0x65, 0x97, 0x4b, 0x08, 0x10, 0x87, 0x7a, 0x03, 0x11, 0x01, 0x7c,
    0x15, 0x00, 0x00, 0x59, 0x44, 0x04, 0x6b, 0x42, 0x71, 0x28, 0x0a, 0x00,
    0x3f, 0x97, 0x34, 0x42, 0x86, 0x51, 0x17, 0x22, 0xa9, 0x45, 0x4a, 0x6a,
    0x9f, 0x58, 0x8b, 0xfd, 0x00, 0xd0, 0x29, 0x18, 0x94, 0xe6, 0xd5, 0xaf,
    0xf4, 0x0a, 0x00, 0x13, 0x59, 0x75, 0xbd, 0x1f, 0xa5, 0x15, 0xbf, 0x0b,
    0x25, 0xce, 0x3c, 0x9b, 0xfd, 0x9e, 0x97, 0x00, 0xc0, 0xaf, 0xbc, 0xcd,
    0x27, 0xc5, 0x33, 0x01, 0xf4, 0xff, 0x46, 0x10, 0x21, 0x37, 0x2c, 0xfd,
    0x24, 0x5b, 0xff, 0xff, 0xff, 0xff, 0xff, 0xff, 0xff, 0xff, 0xff, 0xff,
    0xff, 0xff, 0xff, 0xff, 0x0f, 0xff, 0xff, 0xff, 0xff, 0xff, 0xff, 0xff,
    0xff, 0xff, 0xff, 0xff, 0x36, 0xb5, 0xff, 0xff, 0xff, 0xb2, 0xe2, 0xc8,
    0x72, 0x29, 0x00, 0x00, 0x00, 0x00, 0x00, 0x00, 0x78, 0x00, 0xdc, 0xff,
    0xfc, 0x7f, 0xbe, 0x7d, 0xdd, 0x1c, 0x9c, 0x5b, 0x48, 0xe8, 0xc7, 0x37,
    0xf7, 0xc6, 0x76, 0xf6, 0x03, 0xf0, 0xff, 0x9f, 0x15, 0xf7, 0xc0, 0x8a,
    0xb3, 0xf4, 0xff, 0x26, 0xed, 0xff, 0xff, 0xff, 0x0f, 0xf0, 0xff, 0xff,
    0xff, 0xff, 0xff, 0xff, 0xff, 0xff, 0xff, 0xff, 0xff, 0xff, 0xff, 0xff,
    0xff, 0xff, 0xff, 0xff, 0xff, 0xff, 0xff, 0xff, 0x0f, 0xf0, 0xff, 0xff,
};

const rf_v21_model_blob_t g_rf_v21_v20_video_model = {
    .name = "v20_v3_video",
    .command = g_rf_v21_v20_video_command,
    .weights = g_rf_v21_v20_video_weights,
    .command_bytes = RF_V21_V20_VIDEO_COMMAND_BYTES,
    .weight_bytes = RF_V21_V20_VIDEO_WEIGHT_BYTES,
    .weight_region = 0u,
    .scratch_region = 1u,
    .scratch_bytes = RF_V21_V20_VIDEO_SCRATCH_BYTES,
    .input_region = 1u,
    .input_offset = 47328u,
    .input_bytes = RF_V21_V20_VIDEO_INPUT_BYTES,
    .output_count = RF_V21_V20_VIDEO_OUTPUT_COUNT,
    .output_region = {1u, 0u, 0u, 0u, 0u},
    .output_offset = {0u, 0u, 0u, 0u, 0u},
    .output_bytes = {5916u, 0u, 0u, 0u, 0u},
};
