#include "rf_v24_t12_model_data.h"

#ifndef RF_V24_T12_ALIGN
#define RF_V24_T12_ALIGN __attribute__((aligned(16)))
#endif

#ifndef RF_V24_T12_COMMAND_SECTION
#define RF_V24_T12_COMMAND_SECTION
#endif

#ifndef RF_V24_T12_WEIGHT_SECTION
#define RF_V24_T12_WEIGHT_SECTION
#endif

static const uint8_t g_rf_v24_t12_specialist_command[RF_V24_T12_SPECIALIST_COMMAND_BYTES]
    RF_V24_T12_ALIGN RF_V24_T12_COMMAND_SECTION = {
    0x43, 0x4f, 0x50, 0x31, 0x01, 0x00, 0x10, 0x00, 0x08, 0x30, 0x00, 0x00,
    0x01, 0x60, 0x06, 0x10, 0x05, 0x00, 0x00, 0x00, 0x05, 0x00, 0x00, 0x00,
    0x05, 0x00, 0x00, 0x00, 0x02, 0x00, 0xce, 0x62, 0x0f, 0x01, 0x01, 0x00,
    0x00, 0x40, 0x00, 0x00, 0x20, 0x17, 0x00, 0x00, 0x01, 0x40, 0x00, 0x00,
    0x00, 0x00, 0x00, 0x00, 0x02, 0x40, 0x00, 0x00, 0x00, 0x00, 0x00, 0x00,
    0x03, 0x40, 0x00, 0x00, 0x00, 0x00, 0x00, 0x00, 0x0b, 0x01, 0x01, 0x00,
    0x0c, 0x01, 0x01, 0x00, 0x0a, 0x01, 0x72, 0x00, 0x04, 0x01, 0x03, 0x00,
    0x05, 0x40, 0x00, 0x00, 0xcc, 0x01, 0x00, 0x00, 0x04, 0x40, 0x00, 0x00,
    0x04, 0x00, 0x00, 0x00, 0x06, 0x40, 0x00, 0x00, 0x01, 0x00, 0x00, 0x00,
    0x09, 0x01, 0x00, 0x00, 0x05, 0x01, 0x01, 0x00, 0x07, 0x01, 0x00, 0x00,
    0x00, 0x01, 0x00, 0x00, 0x01, 0x01, 0x00, 0x00, 0x03, 0x01, 0x00, 0x00,
    0x02, 0x01, 0x00, 0x00, 0x1f, 0x01, 0x01, 0x00, 0x10, 0x40, 0x00, 0x00,
    0xf0, 0x1d, 0x02, 0x00, 0x11, 0x40, 0x00, 0x00, 0x00, 0x00, 0x00, 0x00,
    0x12, 0x40, 0x00, 0x00, 0x00, 0x00, 0x00, 0x00, 0x13, 0x40, 0x00, 0x00,
    0x00, 0x00, 0x00, 0x00, 0x12, 0x01, 0x00, 0x00, 0x11, 0x01, 0x72, 0x00,
    0x1b, 0x01, 0x00, 0x00, 0x1c, 0x01, 0x00, 0x00, 0x1a, 0x01, 0x72, 0x00,
    0x13, 0x01, 0x03, 0x00, 0x15, 0x40, 0x00, 0x00, 0x30, 0x07, 0x00, 0x00,
    0x14, 0x40, 0x00, 0x00, 0x10, 0x00, 0x00, 0x00, 0x16, 0x40, 0x00, 0x00,
    0x30, 0x07, 0x00, 0x00, 0x18, 0x01, 0x00, 0x00, 0x14, 0x01, 0x41, 0x81,
    0x21, 0x01, 0x01, 0x00, 0x20, 0x01, 0x00, 0x00, 0x22, 0x01, 0x02, 0x00,
    0x25, 0x01, 0x00, 0x00, 0x26, 0x01, 0x80, 0xff, 0x27, 0x01, 0x7f, 0x00,
    0x24, 0x40, 0x20, 0x00, 0x01, 0x00, 0x00, 0x80, 0x16, 0x01, 0x01, 0x00,
    0x15, 0x01, 0x15, 0x00, 0x17, 0x01, 0x07, 0x00, 0x0d, 0x01, 0x0a, 0x00,
    0x2d, 0x01, 0x1e, 0x00, 0x24, 0x01, 0x00, 0x00, 0x2f, 0x01, 0x00, 0x00,
    0x05, 0x00, 0x01, 0x00, 0x00, 0x40, 0x00, 0x00, 0xb8, 0x1a, 0x00, 0x00,
    0x10, 0x40, 0x00, 0x00, 0x20, 0x25, 0x02, 0x00, 0x2f, 0x01, 0x03, 0x00,
    0x05, 0x00, 0x01, 0x00, 0x00, 0x40, 0x00, 0x00, 0xf0, 0x1d, 0x02, 0x00,
    0x0b, 0x01, 0x00, 0x00, 0x0c, 0x01, 0x00, 0x00, 0x05, 0x40, 0x00, 0x00,
    0x30, 0x07, 0x00, 0x00, 0x04, 0x40, 0x00, 0x00, 0x10, 0x00, 0x00, 0x00,
    0x06, 0x40, 0x00, 0x00, 0x30, 0x07, 0x00, 0x00, 0x09, 0x01, 0xff, 0xff,
    0x05, 0x01, 0x41, 0x00, 0x01, 0x01, 0x01, 0x00, 0x02, 0x01, 0x01, 0x00,
    0x10, 0x40, 0x00, 0x00, 0x50, 0x2c, 0x02, 0x00, 0x11, 0x01, 0x39, 0x00,
    0x1a, 0x01, 0x39, 0x00, 0x13, 0x01, 0x0b, 0x00, 0x15, 0x40, 0x00, 0x00,
    0xa0, 0x03, 0x00, 0x00, 0x16, 0x40, 0x00, 0x00, 0xa0, 0x03, 0x00, 0x00,
    0x18, 0x01, 0x80, 0xff, 0x14, 0x01, 0x41, 0x00, 0x21, 0x01, 0x00, 0x00,
    0x20, 0x01, 0x02, 0x00, 0x22, 0x01, 0x05, 0x00, 0x28, 0x01, 0x00, 0x00,
    0x20, 0x40, 0x00, 0x00, 0x80, 0x00, 0x00, 0x00, 0x21, 0x40, 0x00, 0x00,
    0x00, 0x01, 0x00, 0x00, 0x29, 0x01, 0x00, 0x00, 0x22, 0x40, 0x00, 0x00,
    0x00, 0x00, 0x00, 0x00, 0x23, 0x40, 0x00, 0x00, 0x80, 0x00, 0x00, 0x00,
    0x15, 0x01, 0x39, 0x00, 0x17, 0x01, 0x0f, 0x00, 0x2f, 0x01, 0x01, 0x00,
    0x02, 0x00, 0x00, 0x00, 0x00, 0x40, 0x00, 0x00, 0x20, 0x25, 0x02, 0x00,
    0x10, 0x40, 0x00, 0x00, 0xf0, 0x2f, 0x02, 0x00, 0x2f, 0x01, 0x03, 0x00,
    0x02, 0x00, 0x00, 0x00, 0x00, 0x40, 0x00, 0x00, 0x50, 0x2c, 0x02, 0x00,
    0x0a, 0x01, 0x39, 0x00, 0x04, 0x01, 0x0b, 0x00, 0x05, 0x40, 0x00, 0x00,
    0xa0, 0x03, 0x00, 0x00, 0x06, 0x40, 0x00, 0x00, 0xa0, 0x03, 0x00, 0x00,
    0x09, 0x01, 0x80, 0xff, 0x01, 0x01, 0x03, 0x00, 0x02, 0x01, 0x03, 0x00,
    0x10, 0x40, 0x00, 0x00, 0x90, 0x33, 0x02, 0x00, 0x20, 0x01, 0x06, 0x00,
    0x22, 0x01, 0x00, 0x00, 0x20, 0x40, 0x00, 0x00, 0x00, 0x02, 0x00, 0x00,
    0x21, 0x40, 0x00, 0x00, 0x90, 0x00, 0x00, 0x00, 0x22, 0x40, 0x00, 0x00,
    0x80, 0x01, 0x00, 0x00, 0x2f, 0x01, 0x01, 0x00, 0x03, 0x00, 0x00, 0x00,
    0x00, 0x40, 0x00, 0x00, 0xf0, 0x2f, 0x02, 0x00, 0x10, 0x40, 0x00, 0x00,
    0x30, 0x37, 0x02, 0x00, 0x2f, 0x01, 0x03, 0x00, 0x03, 0x00, 0x00, 0x00,
    0x00, 0x40, 0x00, 0x00, 0x90, 0x33, 0x02, 0x00, 0x01, 0x01, 0x00, 0x00,
    0x02, 0x01, 0x00, 0x00, 0x10, 0x40, 0x00, 0x00, 0xd0, 0x3a, 0x02, 0x00,
    0x20, 0x01, 0x00, 0x00, 0x20, 0x40, 0x00, 0x00, 0x10, 0x03, 0x00, 0x00,
    0x21, 0x40, 0x00, 0x00, 0xe0, 0x00, 0x00, 0x00, 0x22, 0x40, 0x00, 0x00,
    0x90, 0x02, 0x00, 0x00, 0x2f, 0x01, 0x01, 0x00, 0x02, 0x00, 0x00, 0x00,
    0x00, 0x40, 0x00, 0x00, 0x30, 0x37, 0x02, 0x00, 0x10, 0x40, 0x00, 0x00,
    0x70, 0x3e, 0x02, 0x00, 0x2f, 0x01, 0x03, 0x00, 0x02, 0x00, 0x00, 0x00,
    0x00, 0x40, 0x00, 0x00, 0xd0, 0x3a, 0x02, 0x00, 0x01, 0x01, 0x04, 0x00,
    0x02, 0x01, 0x04, 0x00, 0x10, 0x40, 0x00, 0x00, 0x10, 0x42, 0x02, 0x00,
    0x20, 0x01, 0x08, 0x00, 0x20, 0x40, 0x00, 0x00, 0x70, 0x04, 0x00, 0x00,
    0x21, 0x40, 0x00, 0x00, 0xb0, 0x00, 0x00, 0x00, 0x22, 0x40, 0x00, 0x00,
    0xf0, 0x03, 0x00, 0x00, 0x2f, 0x01, 0x01, 0x00, 0x03, 0x00, 0x00, 0x00,
    0x00, 0x40, 0x00, 0x00, 0x70, 0x3e, 0x02, 0x00, 0x10, 0x40, 0x00, 0x00,
    0xb0, 0x45, 0x02, 0x00, 0x2f, 0x01, 0x03, 0x00, 0x03, 0x00, 0x00, 0x00,
    0x00, 0x40, 0x00, 0x00, 0x10, 0x42, 0x02, 0x00, 0x01, 0x01, 0x00, 0x00,
    0x02, 0x01, 0x00, 0x00, 0x10, 0x40, 0x00, 0x00, 0xb0, 0x85, 0x01, 0x00,
    0x13, 0x01, 0x0f, 0x00, 0x20, 0x01, 0x00, 0x00, 0x20, 0x40, 0x00, 0x00,
    0xc0, 0x05, 0x00, 0x00, 0x21, 0x40, 0x00, 0x00, 0x10, 0x01, 0x00, 0x00,
    0x22, 0x40, 0x00, 0x00, 0x20, 0x05, 0x00, 0x00, 0x23, 0x40, 0x00, 0x00,
    0xa0, 0x00, 0x00, 0x00, 0x2f, 0x01, 0x01, 0x00, 0x02, 0x00, 0x00, 0x00,
    0x00, 0x40, 0x00, 0x00, 0xb0, 0x45, 0x02, 0x00, 0x10, 0x40, 0x00, 0x00,
    0x50, 0x89, 0x01, 0x00, 0x2f, 0x01, 0x03, 0x00, 0x02, 0x00, 0x00, 0x00,
    0x00, 0x40, 0x00, 0x00, 0x50, 0x1e, 0x00, 0x00, 0x0b, 0x01, 0x01, 0x00,
    0x0c, 0x01, 0x01, 0x00, 0x0a, 0x01, 0x72, 0x00, 0x04, 0x01, 0x03, 0x00,
    0x05, 0x40, 0x00, 0x00, 0xcc, 0x01, 0x00, 0x00, 0x04, 0x40, 0x00, 0x00,
    0x04, 0x00, 0x00, 0x00, 0x06, 0x40, 0x00, 0x00, 0x01, 0x00, 0x00, 0x00,
    0x09, 0x01, 0x00, 0x00, 0x05, 0x01, 0x01, 0x00, 0x10, 0x40, 0x00, 0x00,
    0xf0, 0x1d, 0x02, 0x00, 0x11, 0x01, 0x72, 0x00, 0x1a, 0x01, 0x72, 0x00,
    0x13, 0x01, 0x03, 0x00, 0x15, 0x40, 0x00, 0x00, 0x30, 0x07, 0x00, 0x00,
    0x16, 0x40, 0x00, 0x00, 0x30, 0x07, 0x00, 0x00, 0x18, 0x01, 0x00, 0x00,
    0x14, 0x01, 0x41, 0x81, 0x21, 0x01, 0x01, 0x00, 0x22, 0x01, 0x02, 0x00,
    0x15, 0x01, 0x15, 0x00, 0x17, 0x01, 0x07, 0x00, 0x05, 0x00, 0x01, 0x00,
    0x00, 0x40, 0x00, 0x00, 0xe8, 0x21, 0x00, 0x00, 0x10, 0x40, 0x00, 0x00,
    0x20, 0x25, 0x02, 0x00, 0x05, 0x00, 0x01, 0x00, 0x00, 0x40, 0x00, 0x00,
    0xf0, 0x1d, 0x02, 0x00, 0x0b, 0x01, 0x00, 0x00, 0x0c, 0x01, 0x00, 0x00,
    0x05, 0x40, 0x00, 0x00, 0x30, 0x07, 0x00, 0x00, 0x04, 0x40, 0x00, 0x00,
    0x10, 0x00, 0x00, 0x00, 0x06, 0x40, 0x00, 0x00, 0x30, 0x07, 0x00, 0x00,
    0x09, 0x01, 0xff, 0xff, 0x05, 0x01, 0x41, 0x00, 0x01, 0x01, 0x01, 0x00,
    0x02, 0x01, 0x01, 0x00, 0x10, 0x40, 0x00, 0x00, 0x50, 0x2c, 0x02, 0x00,
    0x11, 0x01, 0x39, 0x00, 0x1a, 0x01, 0x39, 0x00, 0x13, 0x01, 0x0b, 0x00,
    0x15, 0x40, 0x00, 0x00, 0xa0, 0x03, 0x00, 0x00, 0x16, 0x40, 0x00, 0x00,
    0xa0, 0x03, 0x00, 0x00, 0x18, 0x01, 0x80, 0xff, 0x14, 0x01, 0x41, 0x00,
    0x21, 0x01, 0x00, 0x00, 0x20, 0x01, 0x02, 0x00, 0x22, 0x01, 0x05, 0x00,
    0x20, 0x40, 0x00, 0x00, 0x80, 0x00, 0x00, 0x00, 0x21, 0x40, 0x00, 0x00,
    0x00, 0x01, 0x00, 0x00, 0x22, 0x40, 0x00, 0x00, 0x00, 0x00, 0x00, 0x00,
    0x23, 0x40, 0x00, 0x00, 0x80, 0x00, 0x00, 0x00, 0x15, 0x01, 0x39, 0x00,
    0x17, 0x01, 0x0f, 0x00, 0x2f, 0x01, 0x01, 0x00, 0x02, 0x00, 0x00, 0x00,
    0x00, 0x40, 0x00, 0x00, 0x20, 0x25, 0x02, 0x00, 0x10, 0x40, 0x00, 0x00,
    0xf0, 0x2f, 0x02, 0x00, 0x2f, 0x01, 0x03, 0x00, 0x02, 0x00, 0x00, 0x00,
    0x00, 0x40, 0x00, 0x00, 0x50, 0x2c, 0x02, 0x00, 0x0a, 0x01, 0x39, 0x00,
    0x04, 0x01, 0x0b, 0x00, 0x05, 0x40, 0x00, 0x00, 0xa0, 0x03, 0x00, 0x00,
    0x06, 0x40, 0x00, 0x00, 0xa0, 0x03, 0x00, 0x00, 0x09, 0x01, 0x80, 0xff,
    0x01, 0x01, 0x03, 0x00, 0x02, 0x01, 0x03, 0x00, 0x10, 0x40, 0x00, 0x00,
    0x90, 0x33, 0x02, 0x00, 0x20, 0x01, 0x06, 0x00, 0x22, 0x01, 0x00, 0x00,
    0x20, 0x40, 0x00, 0x00, 0x00, 0x02, 0x00, 0x00, 0x21, 0x40, 0x00, 0x00,
    0x90, 0x00, 0x00, 0x00, 0x22, 0x40, 0x00, 0x00, 0x80, 0x01, 0x00, 0x00,
    0x2f, 0x01, 0x01, 0x00, 0x03, 0x00, 0x00, 0x00, 0x00, 0x40, 0x00, 0x00,
    0xf0, 0x2f, 0x02, 0x00, 0x10, 0x40, 0x00, 0x00, 0x30, 0x37, 0x02, 0x00,
    0x2f, 0x01, 0x03, 0x00, 0x03, 0x00, 0x00, 0x00, 0x00, 0x40, 0x00, 0x00,
    0x90, 0x33, 0x02, 0x00, 0x01, 0x01, 0x00, 0x00, 0x02, 0x01, 0x00, 0x00,
    0x10, 0x40, 0x00, 0x00, 0xd0, 0x3a, 0x02, 0x00, 0x20, 0x01, 0x00, 0x00,
    0x20, 0x40, 0x00, 0x00, 0x10, 0x03, 0x00, 0x00, 0x21, 0x40, 0x00, 0x00,
    0xe0, 0x00, 0x00, 0x00, 0x22, 0x40, 0x00, 0x00, 0x90, 0x02, 0x00, 0x00,
    0x2f, 0x01, 0x01, 0x00, 0x02, 0x00, 0x00, 0x00, 0x00, 0x40, 0x00, 0x00,
    0x30, 0x37, 0x02, 0x00, 0x10, 0x40, 0x00, 0x00, 0x70, 0x3e, 0x02, 0x00,
    0x2f, 0x01, 0x03, 0x00, 0x02, 0x00, 0x00, 0x00, 0x00, 0x40, 0x00, 0x00,
    0xd0, 0x3a, 0x02, 0x00, 0x01, 0x01, 0x04, 0x00, 0x02, 0x01, 0x04, 0x00,
    0x10, 0x40, 0x00, 0x00, 0x10, 0x42, 0x02, 0x00, 0x20, 0x01, 0x08, 0x00,
    0x20, 0x40, 0x00, 0x00, 0x70, 0x04, 0x00, 0x00, 0x21, 0x40, 0x00, 0x00,
    0xb0, 0x00, 0x00, 0x00, 0x22, 0x40, 0x00, 0x00, 0xf0, 0x03, 0x00, 0x00,
    0x2f, 0x01, 0x01, 0x00, 0x03, 0x00, 0x00, 0x00, 0x00, 0x40, 0x00, 0x00,
    0x70, 0x3e, 0x02, 0x00, 0x10, 0x40, 0x00, 0x00, 0xb0, 0x45, 0x02, 0x00,
    0x2f, 0x01, 0x03, 0x00, 0x03, 0x00, 0x00, 0x00, 0x00, 0x40, 0x00, 0x00,
    0x10, 0x42, 0x02, 0x00, 0x01, 0x01, 0x00, 0x00, 0x02, 0x01, 0x00, 0x00,
    0x10, 0x40, 0x00, 0x00, 0xf0, 0x8c, 0x01, 0x00, 0x13, 0x01, 0x0f, 0x00,
    0x20, 0x01, 0x00, 0x00, 0x20, 0x40, 0x00, 0x00, 0xc0, 0x05, 0x00, 0x00,
    0x21, 0x40, 0x00, 0x00, 0x10, 0x01, 0x00, 0x00, 0x22, 0x40, 0x00, 0x00,
    0x20, 0x05, 0x00, 0x00, 0x23, 0x40, 0x00, 0x00, 0xa0, 0x00, 0x00, 0x00,
    0x2f, 0x01, 0x01, 0x00, 0x02, 0x00, 0x00, 0x00, 0x00, 0x40, 0x00, 0x00,
    0xb0, 0x45, 0x02, 0x00, 0x10, 0x40, 0x00, 0x00, 0x90, 0x90, 0x01, 0x00,
    0x2f, 0x01, 0x03, 0x00, 0x02, 0x00, 0x00, 0x00, 0x00, 0x40, 0x00, 0x00,
    0x80, 0x25, 0x00, 0x00, 0x0b, 0x01, 0x01, 0x00, 0x0c, 0x01, 0x01, 0x00,
    0x0a, 0x01, 0x72, 0x00, 0x04, 0x01, 0x03, 0x00, 0x05, 0x40, 0x00, 0x00,
    0xcc, 0x01, 0x00, 0x00, 0x04, 0x40, 0x00, 0x00, 0x04, 0x00, 0x00, 0x00,
    0x06, 0x40, 0x00, 0x00, 0x01, 0x00, 0x00, 0x00, 0x09, 0x01, 0x00, 0x00,
    0x05, 0x01, 0x01, 0x00, 0x10, 0x40, 0x00, 0x00, 0xf0, 0x1d, 0x02, 0x00,
    0x11, 0x01, 0x72, 0x00, 0x1a, 0x01, 0x72, 0x00, 0x13, 0x01, 0x03, 0x00,
    0x15, 0x40, 0x00, 0x00, 0x30, 0x07, 0x00, 0x00, 0x16, 0x40, 0x00, 0x00,
    0x30, 0x07, 0x00, 0x00, 0x18, 0x01, 0x00, 0x00, 0x14, 0x01, 0x41, 0x81,
    0x21, 0x01, 0x01, 0x00, 0x22, 0x01, 0x02, 0x00, 0x15, 0x01, 0x15, 0x00,
    0x17, 0x01, 0x07, 0x00, 0x05, 0x00, 0x01, 0x00, 0x00, 0x40, 0x00, 0x00,
    0x18, 0x29, 0x00, 0x00, 0x10, 0x40, 0x00, 0x00, 0x20, 0x25, 0x02, 0x00,
    0x05, 0x00, 0x01, 0x00, 0x00, 0x40, 0x00, 0x00, 0xf0, 0x1d, 0x02, 0x00,
    0x0b, 0x01, 0x00, 0x00, 0x0c, 0x01, 0x00, 0x00, 0x05, 0x40, 0x00, 0x00,
    0x30, 0x07, 0x00, 0x00, 0x04, 0x40, 0x00, 0x00, 0x10, 0x00, 0x00, 0x00,
    0x06, 0x40, 0x00, 0x00, 0x30, 0x07, 0x00, 0x00, 0x09, 0x01, 0xff, 0xff,
    0x05, 0x01, 0x41, 0x00, 0x01, 0x01, 0x01, 0x00, 0x02, 0x01, 0x01, 0x00,
    0x10, 0x40, 0x00, 0x00, 0x50, 0x2c, 0x02, 0x00, 0x11, 0x01, 0x39, 0x00,
    0x1a, 0x01, 0x39, 0x00, 0x13, 0x01, 0x0b, 0x00, 0x15, 0x40, 0x00, 0x00,
    0xa0, 0x03, 0x00, 0x00, 0x16, 0x40, 0x00, 0x00, 0xa0, 0x03, 0x00, 0x00,
    0x18, 0x01, 0x80, 0xff, 0x14, 0x01, 0x41, 0x00, 0x21, 0x01, 0x00, 0x00,
    0x20, 0x01, 0x02, 0x00, 0x22, 0x01, 0x05, 0x00, 0x20, 0x40, 0x00, 0x00,
    0x80, 0x00, 0x00, 0x00, 0x21, 0x40, 0x00, 0x00, 0x00, 0x01, 0x00, 0x00,
    0x22, 0x40, 0x00, 0x00, 0x00, 0x00, 0x00, 0x00, 0x23, 0x40, 0x00, 0x00,
    0x80, 0x00, 0x00, 0x00, 0x15, 0x01, 0x39, 0x00, 0x17, 0x01, 0x0f, 0x00,
    0x2f, 0x01, 0x01, 0x00, 0x02, 0x00, 0x00, 0x00, 0x00, 0x40, 0x00, 0x00,
    0x20, 0x25, 0x02, 0x00, 0x10, 0x40, 0x00, 0x00, 0xf0, 0x2f, 0x02, 0x00,
    0x2f, 0x01, 0x03, 0x00, 0x02, 0x00, 0x00, 0x00, 0x00, 0x40, 0x00, 0x00,
    0x50, 0x2c, 0x02, 0x00, 0x0a, 0x01, 0x39, 0x00, 0x04, 0x01, 0x0b, 0x00,
    0x05, 0x40, 0x00, 0x00, 0xa0, 0x03, 0x00, 0x00, 0x06, 0x40, 0x00, 0x00,
    0xa0, 0x03, 0x00, 0x00, 0x09, 0x01, 0x80, 0xff, 0x01, 0x01, 0x03, 0x00,
    0x02, 0x01, 0x03, 0x00, 0x10, 0x40, 0x00, 0x00, 0x90, 0x33, 0x02, 0x00,
    0x20, 0x01, 0x06, 0x00, 0x22, 0x01, 0x00, 0x00, 0x20, 0x40, 0x00, 0x00,
    0x00, 0x02, 0x00, 0x00, 0x21, 0x40, 0x00, 0x00, 0x90, 0x00, 0x00, 0x00,
    0x22, 0x40, 0x00, 0x00, 0x80, 0x01, 0x00, 0x00, 0x2f, 0x01, 0x01, 0x00,
    0x03, 0x00, 0x00, 0x00, 0x00, 0x40, 0x00, 0x00, 0xf0, 0x2f, 0x02, 0x00,
    0x10, 0x40, 0x00, 0x00, 0x30, 0x37, 0x02, 0x00, 0x2f, 0x01, 0x03, 0x00,
    0x03, 0x00, 0x00, 0x00, 0x00, 0x40, 0x00, 0x00, 0x90, 0x33, 0x02, 0x00,
    0x01, 0x01, 0x00, 0x00, 0x02, 0x01, 0x00, 0x00, 0x10, 0x40, 0x00, 0x00,
    0xd0, 0x3a, 0x02, 0x00, 0x20, 0x01, 0x00, 0x00, 0x20, 0x40, 0x00, 0x00,
    0x10, 0x03, 0x00, 0x00, 0x21, 0x40, 0x00, 0x00, 0xe0, 0x00, 0x00, 0x00,
    0x22, 0x40, 0x00, 0x00, 0x90, 0x02, 0x00, 0x00, 0x2f, 0x01, 0x01, 0x00,
    0x02, 0x00, 0x00, 0x00, 0x00, 0x40, 0x00, 0x00, 0x30, 0x37, 0x02, 0x00,
    0x10, 0x40, 0x00, 0x00, 0x70, 0x3e, 0x02, 0x00, 0x2f, 0x01, 0x03, 0x00,
    0x02, 0x00, 0x00, 0x00, 0x00, 0x40, 0x00, 0x00, 0xd0, 0x3a, 0x02, 0x00,
    0x01, 0x01, 0x04, 0x00, 0x02, 0x01, 0x04, 0x00, 0x10, 0x40, 0x00, 0x00,
    0x10, 0x42, 0x02, 0x00, 0x20, 0x01, 0x08, 0x00, 0x20, 0x40, 0x00, 0x00,
    0x70, 0x04, 0x00, 0x00, 0x21, 0x40, 0x00, 0x00, 0xb0, 0x00, 0x00, 0x00,
    0x22, 0x40, 0x00, 0x00, 0xf0, 0x03, 0x00, 0x00, 0x2f, 0x01, 0x01, 0x00,
    0x03, 0x00, 0x00, 0x00, 0x00, 0x40, 0x00, 0x00, 0x70, 0x3e, 0x02, 0x00,
    0x10, 0x40, 0x00, 0x00, 0xb0, 0x45, 0x02, 0x00, 0x2f, 0x01, 0x03, 0x00,
    0x03, 0x00, 0x00, 0x00, 0x00, 0x40, 0x00, 0x00, 0x10, 0x42, 0x02, 0x00,
    0x01, 0x01, 0x00, 0x00, 0x02, 0x01, 0x00, 0x00, 0x10, 0x40, 0x00, 0x00,
    0x30, 0x94, 0x01, 0x00, 0x13, 0x01, 0x0f, 0x00, 0x20, 0x01, 0x00, 0x00,
    0x20, 0x40, 0x00, 0x00, 0xc0, 0x05, 0x00, 0x00, 0x21, 0x40, 0x00, 0x00,
    0x10, 0x01, 0x00, 0x00, 0x22, 0x40, 0x00, 0x00, 0x20, 0x05, 0x00, 0x00,
    0x23, 0x40, 0x00, 0x00, 0xa0, 0x00, 0x00, 0x00, 0x2f, 0x01, 0x01, 0x00,
    0x02, 0x00, 0x00, 0x00, 0x00, 0x40, 0x00, 0x00, 0xb0, 0x45, 0x02, 0x00,
    0x10, 0x40, 0x00, 0x00, 0xd0, 0x97, 0x01, 0x00, 0x2f, 0x01, 0x03, 0x00,
    0x02, 0x00, 0x00, 0x00, 0x00, 0x40, 0x00, 0x00, 0xb0, 0x2c, 0x00, 0x00,
    0x0b, 0x01, 0x01, 0x00, 0x0c, 0x01, 0x01, 0x00, 0x0a, 0x01, 0x72, 0x00,
    0x04, 0x01, 0x03, 0x00, 0x05, 0x40, 0x00, 0x00, 0xcc, 0x01, 0x00, 0x00,
    0x04, 0x40, 0x00, 0x00, 0x04, 0x00, 0x00, 0x00, 0x06, 0x40, 0x00, 0x00,
    0x01, 0x00, 0x00, 0x00, 0x09, 0x01, 0x00, 0x00, 0x05, 0x01, 0x01, 0x00,
    0x10, 0x40, 0x00, 0x00, 0xf0, 0x1d, 0x02, 0x00, 0x11, 0x01, 0x72, 0x00,
    0x1a, 0x01, 0x72, 0x00, 0x13, 0x01, 0x03, 0x00, 0x15, 0x40, 0x00, 0x00,
    0x30, 0x07, 0x00, 0x00, 0x16, 0x40, 0x00, 0x00, 0x30, 0x07, 0x00, 0x00,
    0x18, 0x01, 0x00, 0x00, 0x14, 0x01, 0x41, 0x81, 0x21, 0x01, 0x01, 0x00,
    0x22, 0x01, 0x02, 0x00, 0x15, 0x01, 0x15, 0x00, 0x17, 0x01, 0x07, 0x00,
    0x05, 0x00, 0x01, 0x00, 0x00, 0x40, 0x00, 0x00, 0x48, 0x30, 0x00, 0x00,
    0x10, 0x40, 0x00, 0x00, 0x20, 0x25, 0x02, 0x00, 0x05, 0x00, 0x01, 0x00,
    0x00, 0x40, 0x00, 0x00, 0xf0, 0x1d, 0x02, 0x00, 0x0b, 0x01, 0x00, 0x00,
    0x0c, 0x01, 0x00, 0x00, 0x05, 0x40, 0x00, 0x00, 0x30, 0x07, 0x00, 0x00,
    0x04, 0x40, 0x00, 0x00, 0x10, 0x00, 0x00, 0x00, 0x06, 0x40, 0x00, 0x00,
    0x30, 0x07, 0x00, 0x00, 0x09, 0x01, 0xff, 0xff, 0x05, 0x01, 0x41, 0x00,
    0x01, 0x01, 0x01, 0x00, 0x02, 0x01, 0x01, 0x00, 0x10, 0x40, 0x00, 0x00,
    0x50, 0x2c, 0x02, 0x00, 0x11, 0x01, 0x39, 0x00, 0x1a, 0x01, 0x39, 0x00,
    0x13, 0x01, 0x0b, 0x00, 0x15, 0x40, 0x00, 0x00, 0xa0, 0x03, 0x00, 0x00,
    0x16, 0x40, 0x00, 0x00, 0xa0, 0x03, 0x00, 0x00, 0x18, 0x01, 0x80, 0xff,
    0x14, 0x01, 0x41, 0x00, 0x21, 0x01, 0x00, 0x00, 0x20, 0x01, 0x02, 0x00,
    0x22, 0x01, 0x05, 0x00, 0x20, 0x40, 0x00, 0x00, 0x80, 0x00, 0x00, 0x00,
    0x21, 0x40, 0x00, 0x00, 0x00, 0x01, 0x00, 0x00, 0x22, 0x40, 0x00, 0x00,
    0x00, 0x00, 0x00, 0x00, 0x23, 0x40, 0x00, 0x00, 0x80, 0x00, 0x00, 0x00,
    0x15, 0x01, 0x39, 0x00, 0x17, 0x01, 0x0f, 0x00, 0x2f, 0x01, 0x01, 0x00,
    0x02, 0x00, 0x00, 0x00, 0x00, 0x40, 0x00, 0x00, 0x20, 0x25, 0x02, 0x00,
    0x10, 0x40, 0x00, 0x00, 0xf0, 0x2f, 0x02, 0x00, 0x2f, 0x01, 0x03, 0x00,
    0x02, 0x00, 0x00, 0x00, 0x00, 0x40, 0x00, 0x00, 0x50, 0x2c, 0x02, 0x00,
    0x0a, 0x01, 0x39, 0x00, 0x04, 0x01, 0x0b, 0x00, 0x05, 0x40, 0x00, 0x00,
    0xa0, 0x03, 0x00, 0x00, 0x06, 0x40, 0x00, 0x00, 0xa0, 0x03, 0x00, 0x00,
    0x09, 0x01, 0x80, 0xff, 0x01, 0x01, 0x03, 0x00, 0x02, 0x01, 0x03, 0x00,
    0x10, 0x40, 0x00, 0x00, 0x90, 0x33, 0x02, 0x00, 0x20, 0x01, 0x06, 0x00,
    0x22, 0x01, 0x00, 0x00, 0x20, 0x40, 0x00, 0x00, 0x00, 0x02, 0x00, 0x00,
    0x21, 0x40, 0x00, 0x00, 0x90, 0x00, 0x00, 0x00, 0x22, 0x40, 0x00, 0x00,
    0x80, 0x01, 0x00, 0x00, 0x2f, 0x01, 0x01, 0x00, 0x03, 0x00, 0x00, 0x00,
    0x00, 0x40, 0x00, 0x00, 0xf0, 0x2f, 0x02, 0x00, 0x10, 0x40, 0x00, 0x00,
    0x30, 0x37, 0x02, 0x00, 0x2f, 0x01, 0x03, 0x00, 0x03, 0x00, 0x00, 0x00,
    0x00, 0x40, 0x00, 0x00, 0x90, 0x33, 0x02, 0x00, 0x01, 0x01, 0x00, 0x00,
    0x02, 0x01, 0x00, 0x00, 0x10, 0x40, 0x00, 0x00, 0xd0, 0x3a, 0x02, 0x00,
    0x20, 0x01, 0x00, 0x00, 0x20, 0x40, 0x00, 0x00, 0x10, 0x03, 0x00, 0x00,
    0x21, 0x40, 0x00, 0x00, 0xe0, 0x00, 0x00, 0x00, 0x22, 0x40, 0x00, 0x00,
    0x90, 0x02, 0x00, 0x00, 0x2f, 0x01, 0x01, 0x00, 0x02, 0x00, 0x00, 0x00,
    0x00, 0x40, 0x00, 0x00, 0x30, 0x37, 0x02, 0x00, 0x10, 0x40, 0x00, 0x00,
    0x70, 0x3e, 0x02, 0x00, 0x2f, 0x01, 0x03, 0x00, 0x02, 0x00, 0x00, 0x00,
    0x00, 0x40, 0x00, 0x00, 0xd0, 0x3a, 0x02, 0x00, 0x01, 0x01, 0x04, 0x00,
    0x02, 0x01, 0x04, 0x00, 0x10, 0x40, 0x00, 0x00, 0x10, 0x42, 0x02, 0x00,
    0x20, 0x01, 0x08, 0x00, 0x20, 0x40, 0x00, 0x00, 0x70, 0x04, 0x00, 0x00,
    0x21, 0x40, 0x00, 0x00, 0xb0, 0x00, 0x00, 0x00, 0x22, 0x40, 0x00, 0x00,
    0xf0, 0x03, 0x00, 0x00, 0x2f, 0x01, 0x01, 0x00, 0x03, 0x00, 0x00, 0x00,
    0x00, 0x40, 0x00, 0x00, 0x70, 0x3e, 0x02, 0x00, 0x10, 0x40, 0x00, 0x00,
    0xb0, 0x45, 0x02, 0x00, 0x2f, 0x01, 0x03, 0x00, 0x03, 0x00, 0x00, 0x00,
    0x00, 0x40, 0x00, 0x00, 0x10, 0x42, 0x02, 0x00, 0x01, 0x01, 0x00, 0x00,
    0x02, 0x01, 0x00, 0x00, 0x10, 0x40, 0x00, 0x00, 0x70, 0x9b, 0x01, 0x00,
    0x13, 0x01, 0x0f, 0x00, 0x20, 0x01, 0x00, 0x00, 0x20, 0x40, 0x00, 0x00,
    0xc0, 0x05, 0x00, 0x00, 0x21, 0x40, 0x00, 0x00, 0x10, 0x01, 0x00, 0x00,
    0x22, 0x40, 0x00, 0x00, 0x20, 0x05, 0x00, 0x00, 0x23, 0x40, 0x00, 0x00,
    0xa0, 0x00, 0x00, 0x00, 0x2f, 0x01, 0x01, 0x00, 0x02, 0x00, 0x00, 0x00,
    0x00, 0x40, 0x00, 0x00, 0xb0, 0x45, 0x02, 0x00, 0x10, 0x40, 0x00, 0x00,
    0x10, 0x9f, 0x01, 0x00, 0x2f, 0x01, 0x03, 0x00, 0x02, 0x00, 0x00, 0x00,
    0x00, 0x40, 0x00, 0x00, 0xe0, 0x33, 0x00, 0x00, 0x0b, 0x01, 0x01, 0x00,
    0x0c, 0x01, 0x01, 0x00, 0x0a, 0x01, 0x72, 0x00, 0x04, 0x01, 0x03, 0x00,
    0x05, 0x40, 0x00, 0x00, 0xcc, 0x01, 0x00, 0x00, 0x04, 0x40, 0x00, 0x00,
    0x04, 0x00, 0x00, 0x00, 0x06, 0x40, 0x00, 0x00, 0x01, 0x00, 0x00, 0x00,
    0x09, 0x01, 0x00, 0x00, 0x05, 0x01, 0x01, 0x00, 0x10, 0x40, 0x00, 0x00,
    0xf0, 0x1d, 0x02, 0x00, 0x11, 0x01, 0x72, 0x00, 0x1a, 0x01, 0x72, 0x00,
    0x13, 0x01, 0x03, 0x00, 0x15, 0x40, 0x00, 0x00, 0x30, 0x07, 0x00, 0x00,
    0x16, 0x40, 0x00, 0x00, 0x30, 0x07, 0x00, 0x00, 0x18, 0x01, 0x00, 0x00,
    0x14, 0x01, 0x41, 0x81, 0x21, 0x01, 0x01, 0x00, 0x22, 0x01, 0x02, 0x00,
    0x15, 0x01, 0x15, 0x00, 0x17, 0x01, 0x07, 0x00, 0x05, 0x00, 0x01, 0x00,
    0x00, 0x40, 0x00, 0x00, 0x78, 0x37, 0x00, 0x00, 0x10, 0x40, 0x00, 0x00,
    0x20, 0x25, 0x02, 0x00, 0x05, 0x00, 0x01, 0x00, 0x00, 0x40, 0x00, 0x00,
    0xf0, 0x1d, 0x02, 0x00, 0x0b, 0x01, 0x00, 0x00, 0x0c, 0x01, 0x00, 0x00,
    0x05, 0x40, 0x00, 0x00, 0x30, 0x07, 0x00, 0x00, 0x04, 0x40, 0x00, 0x00,
    0x10, 0x00, 0x00, 0x00, 0x06, 0x40, 0x00, 0x00, 0x30, 0x07, 0x00, 0x00,
    0x09, 0x01, 0xff, 0xff, 0x05, 0x01, 0x41, 0x00, 0x01, 0x01, 0x01, 0x00,
    0x02, 0x01, 0x01, 0x00, 0x10, 0x40, 0x00, 0x00, 0x50, 0x2c, 0x02, 0x00,
    0x11, 0x01, 0x39, 0x00, 0x1a, 0x01, 0x39, 0x00, 0x13, 0x01, 0x0b, 0x00,
    0x15, 0x40, 0x00, 0x00, 0xa0, 0x03, 0x00, 0x00, 0x16, 0x40, 0x00, 0x00,
    0xa0, 0x03, 0x00, 0x00, 0x18, 0x01, 0x80, 0xff, 0x14, 0x01, 0x41, 0x00,
    0x21, 0x01, 0x00, 0x00, 0x20, 0x01, 0x02, 0x00, 0x22, 0x01, 0x05, 0x00,
    0x20, 0x40, 0x00, 0x00, 0x80, 0x00, 0x00, 0x00, 0x21, 0x40, 0x00, 0x00,
    0x00, 0x01, 0x00, 0x00, 0x22, 0x40, 0x00, 0x00, 0x00, 0x00, 0x00, 0x00,
    0x23, 0x40, 0x00, 0x00, 0x80, 0x00, 0x00, 0x00, 0x15, 0x01, 0x39, 0x00,
    0x17, 0x01, 0x0f, 0x00, 0x2f, 0x01, 0x01, 0x00, 0x02, 0x00, 0x00, 0x00,
    0x00, 0x40, 0x00, 0x00, 0x20, 0x25, 0x02, 0x00, 0x10, 0x40, 0x00, 0x00,
    0xf0, 0x2f, 0x02, 0x00, 0x2f, 0x01, 0x03, 0x00, 0x02, 0x00, 0x00, 0x00,
    0x00, 0x40, 0x00, 0x00, 0x50, 0x2c, 0x02, 0x00, 0x0a, 0x01, 0x39, 0x00,
    0x04, 0x01, 0x0b, 0x00, 0x05, 0x40, 0x00, 0x00, 0xa0, 0x03, 0x00, 0x00,
    0x06, 0x40, 0x00, 0x00, 0xa0, 0x03, 0x00, 0x00, 0x09, 0x01, 0x80, 0xff,
    0x01, 0x01, 0x03, 0x00, 0x02, 0x01, 0x03, 0x00, 0x10, 0x40, 0x00, 0x00,
    0x90, 0x33, 0x02, 0x00, 0x20, 0x01, 0x06, 0x00, 0x22, 0x01, 0x00, 0x00,
    0x20, 0x40, 0x00, 0x00, 0x00, 0x02, 0x00, 0x00, 0x21, 0x40, 0x00, 0x00,
    0x90, 0x00, 0x00, 0x00, 0x22, 0x40, 0x00, 0x00, 0x80, 0x01, 0x00, 0x00,
    0x2f, 0x01, 0x01, 0x00, 0x03, 0x00, 0x00, 0x00, 0x00, 0x40, 0x00, 0x00,
    0xf0, 0x2f, 0x02, 0x00, 0x10, 0x40, 0x00, 0x00, 0x30, 0x37, 0x02, 0x00,
    0x2f, 0x01, 0x03, 0x00, 0x03, 0x00, 0x00, 0x00, 0x00, 0x40, 0x00, 0x00,
    0x90, 0x33, 0x02, 0x00, 0x01, 0x01, 0x00, 0x00, 0x02, 0x01, 0x00, 0x00,
    0x10, 0x40, 0x00, 0x00, 0xd0, 0x3a, 0x02, 0x00, 0x20, 0x01, 0x00, 0x00,
    0x20, 0x40, 0x00, 0x00, 0x10, 0x03, 0x00, 0x00, 0x21, 0x40, 0x00, 0x00,
    0xe0, 0x00, 0x00, 0x00, 0x22, 0x40, 0x00, 0x00, 0x90, 0x02, 0x00, 0x00,
    0x2f, 0x01, 0x01, 0x00, 0x02, 0x00, 0x00, 0x00, 0x00, 0x40, 0x00, 0x00,
    0x30, 0x37, 0x02, 0x00, 0x10, 0x40, 0x00, 0x00, 0x70, 0x3e, 0x02, 0x00,
    0x2f, 0x01, 0x03, 0x00, 0x02, 0x00, 0x00, 0x00, 0x00, 0x40, 0x00, 0x00,
    0xd0, 0x3a, 0x02, 0x00, 0x01, 0x01, 0x04, 0x00, 0x02, 0x01, 0x04, 0x00,
    0x10, 0x40, 0x00, 0x00, 0x10, 0x42, 0x02, 0x00, 0x20, 0x01, 0x08, 0x00,
    0x20, 0x40, 0x00, 0x00, 0x70, 0x04, 0x00, 0x00, 0x21, 0x40, 0x00, 0x00,
    0xb0, 0x00, 0x00, 0x00, 0x22, 0x40, 0x00, 0x00, 0xf0, 0x03, 0x00, 0x00,
    0x2f, 0x01, 0x01, 0x00, 0x03, 0x00, 0x00, 0x00, 0x00, 0x40, 0x00, 0x00,
    0x70, 0x3e, 0x02, 0x00, 0x10, 0x40, 0x00, 0x00, 0xb0, 0x45, 0x02, 0x00,
    0x2f, 0x01, 0x03, 0x00, 0x03, 0x00, 0x00, 0x00, 0x00, 0x40, 0x00, 0x00,
    0x10, 0x42, 0x02, 0x00, 0x01, 0x01, 0x00, 0x00, 0x02, 0x01, 0x00, 0x00,
    0x10, 0x40, 0x00, 0x00, 0xb0, 0xa2, 0x01, 0x00, 0x13, 0x01, 0x0f, 0x00,
    0x20, 0x01, 0x00, 0x00, 0x20, 0x40, 0x00, 0x00, 0xc0, 0x05, 0x00, 0x00,
    0x21, 0x40, 0x00, 0x00, 0x10, 0x01, 0x00, 0x00, 0x22, 0x40, 0x00, 0x00,
    0x20, 0x05, 0x00, 0x00, 0x23, 0x40, 0x00, 0x00, 0xa0, 0x00, 0x00, 0x00,
    0x2f, 0x01, 0x01, 0x00, 0x02, 0x00, 0x00, 0x00, 0x00, 0x40, 0x00, 0x00,
    0xb0, 0x45, 0x02, 0x00, 0x10, 0x40, 0x00, 0x00, 0x50, 0xa6, 0x01, 0x00,
    0x2f, 0x01, 0x03, 0x00, 0x02, 0x00, 0x00, 0x00, 0x00, 0x40, 0x00, 0x00,
    0xb0, 0x85, 0x01, 0x00, 0x0b, 0x01, 0x02, 0x00, 0x0c, 0x01, 0x02, 0x00,
    0x04, 0x01, 0x0f, 0x00, 0x00, 0x01, 0x02, 0x00, 0x01, 0x01, 0x01, 0x00,
    0x02, 0x01, 0x01, 0x00, 0x10, 0x40, 0x00, 0x00, 0x50, 0x49, 0x02, 0x00,
    0x21, 0x01, 0x04, 0x00, 0x20, 0x01, 0x02, 0x00, 0x20, 0x40, 0x00, 0x00,
    0x70, 0x07, 0x00, 0x00, 0x22, 0x40, 0x00, 0x00, 0xd0, 0x06, 0x00, 0x00,
    0x0d, 0x01, 0x12, 0x00, 0x2f, 0x01, 0x01, 0x00, 0x03, 0x00, 0x00, 0x00,
    0x0b, 0x01, 0x03, 0x00, 0x0c, 0x01, 0x03, 0x00, 0x00, 0x01, 0x01, 0x00,
    0x10, 0x40, 0x00, 0x00, 0xf0, 0x4c, 0x02, 0x00, 0x2f, 0x01, 0x03, 0x00,
    0x03, 0x00, 0x00, 0x00, 0x00, 0x40, 0x00, 0x00, 0x50, 0x49, 0x02, 0x00,
    0x0b, 0x01, 0x00, 0x00, 0x0c, 0x01, 0x00, 0x00, 0x00, 0x01, 0x00, 0x00,
    0x01, 0x01, 0x00, 0x00, 0x02, 0x01, 0x00, 0x00, 0x10, 0x40, 0x00, 0x00,
    0x90, 0x50, 0x02, 0x00, 0x21, 0x01, 0x00, 0x00, 0x20, 0x01, 0x00, 0x00,
    0x20, 0x40, 0x00, 0x00, 0x20, 0x09, 0x00, 0x00, 0x21, 0x40, 0x00, 0x00,
    0x50, 0x01, 0x00, 0x00, 0x22, 0x40, 0x00, 0x00, 0x80, 0x08, 0x00, 0x00,
    0x0d, 0x01, 0x0a, 0x00, 0x2f, 0x01, 0x01, 0x00, 0x02, 0x00, 0x00, 0x00,
    0x00, 0x40, 0x00, 0x00, 0xf0, 0x4c, 0x02, 0x00, 0x10, 0x40, 0x00, 0x00,
    0x30, 0x54, 0x02, 0x00, 0x2f, 0x01, 0x03, 0x00, 0x02, 0x00, 0x00, 0x00,
    0x00, 0x40, 0x00, 0x00, 0x90, 0x50, 0x02, 0x00, 0x01, 0x01, 0x04, 0x00,
    0x02, 0x01, 0x04, 0x00, 0x10, 0x40, 0x00, 0x00, 0xd0, 0x57, 0x02, 0x00,
    0x20, 0x01, 0x08, 0x00, 0x20, 0x40, 0x00, 0x00, 0x10, 0x0b, 0x00, 0x00,
    0x21, 0x40, 0x00, 0x00, 0xd0, 0x00, 0x00, 0x00, 0x22, 0x40, 0x00, 0x00,
    0x70, 0x0a, 0x00, 0x00, 0x2f, 0x01, 0x01, 0x00, 0x03, 0x00, 0x00, 0x00,
    0x00, 0x40, 0x00, 0x00, 0x30, 0x54, 0x02, 0x00, 0x10, 0x40, 0x00, 0x00,
    0x70, 0x5b, 0x02, 0x00, 0x2f, 0x01, 0x03, 0x00, 0x03, 0x00, 0x00, 0x00,
    0x00, 0x40, 0x00, 0x00, 0xd0, 0x57, 0x02, 0x00, 0x01, 0x01, 0x00, 0x00,
    0x02, 0x01, 0x00, 0x00, 0x10, 0x40, 0x00, 0x00, 0xf0, 0xa9, 0x01, 0x00,
    0x20, 0x01, 0x00, 0x00, 0x20, 0x40, 0x00, 0x00, 0x80, 0x0c, 0x00, 0x00,
    0x21, 0x40, 0x00, 0x00, 0x50, 0x01, 0x00, 0x00, 0x22, 0x40, 0x00, 0x00,
    0xe0, 0x0b, 0x00, 0x00, 0x2f, 0x01, 0x01, 0x00, 0x02, 0x00, 0x00, 0x00,
    0x00, 0x40, 0x00, 0x00, 0x70, 0x5b, 0x02, 0x00, 0x10, 0x40, 0x00, 0x00,
    0x90, 0xad, 0x01, 0x00, 0x2f, 0x01, 0x03, 0x00, 0x02, 0x00, 0x00, 0x00,
    0x00, 0x40, 0x00, 0x00, 0xb0, 0x85, 0x01, 0x00, 0x0b, 0x01, 0x04, 0x00,
    0x0c, 0x01, 0x04, 0x00, 0x01, 0x01, 0x01, 0x00, 0x02, 0x01, 0x01, 0x00,
    0x10, 0x40, 0x00, 0x00, 0x50, 0x49, 0x02, 0x00, 0x21, 0x01, 0x04, 0x00,
    0x20, 0x01, 0x02, 0x00, 0x20, 0x40, 0x00, 0x00, 0x70, 0x07, 0x00, 0x00,
    0x21, 0x40, 0x00, 0x00, 0x10, 0x01, 0x00, 0x00, 0x22, 0x40, 0x00, 0x00,
    0xd0, 0x06, 0x00, 0x00, 0x0d, 0x01, 0x12, 0x00, 0x03, 0x00, 0x00, 0x00,
    0x00, 0x40, 0x00, 0x00, 0x50, 0x89, 0x01, 0x00, 0x10, 0x40, 0x00, 0x00,
    0xf0, 0x4c, 0x02, 0x00, 0x03, 0x00, 0x00, 0x00, 0x00, 0x40, 0x00, 0x00,
    0x50, 0x49, 0x02, 0x00, 0x0b, 0x01, 0x00, 0x00, 0x0c, 0x01, 0x00, 0x00,
    0x01, 0x01, 0x00, 0x00, 0x02, 0x01, 0x00, 0x00, 0x10, 0x40, 0x00, 0x00,
    0x90, 0x50, 0x02, 0x00, 0x21, 0x01, 0x00, 0x00, 0x20, 0x01, 0x00, 0x00,
    0x20, 0x40, 0x00, 0x00, 0x20, 0x09, 0x00, 0x00, 0x21, 0x40, 0x00, 0x00,
    0x50, 0x01, 0x00, 0x00, 0x22, 0x40, 0x00, 0x00, 0x80, 0x08, 0x00, 0x00,
    0x0d, 0x01, 0x0a, 0x00, 0x2f, 0x01, 0x01, 0x00, 0x02, 0x00, 0x00, 0x00,
    0x00, 0x40, 0x00, 0x00, 0xf0, 0x4c, 0x02, 0x00, 0x10, 0x40, 0x00, 0x00,
    0x30, 0x54, 0x02, 0x00, 0x2f, 0x01, 0x03, 0x00, 0x02, 0x00, 0x00, 0x00,
    0x00, 0x40, 0x00, 0x00, 0x90, 0x50, 0x02, 0x00, 0x01, 0x01, 0x04, 0x00,
    0x02, 0x01, 0x04, 0x00, 0x10, 0x40, 0x00, 0x00, 0xd0, 0x57, 0x02, 0x00,
    0x20, 0x01, 0x08, 0x00, 0x20, 0x40, 0x00, 0x00, 0x10, 0x0b, 0x00, 0x00,
    0x21, 0x40, 0x00, 0x00, 0xd0, 0x00, 0x00, 0x00, 0x22, 0x40, 0x00, 0x00,
    0x70, 0x0a, 0x00, 0x00, 0x2f, 0x01, 0x01, 0x00, 0x03, 0x00, 0x00, 0x00,
    0x00, 0x40, 0x00, 0x00, 0x30, 0x54, 0x02, 0x00, 0x10, 0x40, 0x00, 0x00,
    0x70, 0x5b, 0x02, 0x00, 0x2f, 0x01, 0x03, 0x00, 0x03, 0x00, 0x00, 0x00,
    0x00, 0x40, 0x00, 0x00, 0xd0, 0x57, 0x02, 0x00, 0x01, 0x01, 0x00, 0x00,
    0x02, 0x01, 0x00, 0x00, 0x10, 0x40, 0x00, 0x00, 0x30, 0xb1, 0x01, 0x00,
    0x20, 0x01, 0x00, 0x00, 0x20, 0x40, 0x00, 0x00, 0x80, 0x0c, 0x00, 0x00,
    0x21, 0x40, 0x00, 0x00, 0x50, 0x01, 0x00, 0x00, 0x22, 0x40, 0x00, 0x00,
    0xe0, 0x0b, 0x00, 0x00, 0x2f, 0x01, 0x01, 0x00, 0x02, 0x00, 0x00, 0x00,
    0x00, 0x40, 0x00, 0x00, 0x70, 0x5b, 0x02, 0x00, 0x10, 0x40, 0x00, 0x00,
    0xd0, 0xb4, 0x01, 0x00, 0x2f, 0x01, 0x03, 0x00, 0x02, 0x00, 0x00, 0x00,
    0x00, 0x40, 0x00, 0x00, 0xf0, 0x8c, 0x01, 0x00, 0x0b, 0x01, 0x04, 0x00,
    0x0c, 0x01, 0x04, 0x00, 0x01, 0x01, 0x01, 0x00, 0x02, 0x01, 0x01, 0x00,
    0x10, 0x40, 0x00, 0x00, 0x50, 0x49, 0x02, 0x00, 0x21, 0x01, 0x04, 0x00,
    0x20, 0x01, 0x02, 0x00, 0x20, 0x40, 0x00, 0x00, 0x70, 0x07, 0x00, 0x00,
    0x21, 0x40, 0x00, 0x00, 0x10, 0x01, 0x00, 0x00, 0x22, 0x40, 0x00, 0x00,
    0xd0, 0x06, 0x00, 0x00, 0x0d, 0x01, 0x12, 0x00, 0x03, 0x00, 0x00, 0x00,
    0x00, 0x40, 0x00, 0x00, 0x90, 0x90, 0x01, 0x00, 0x10, 0x40, 0x00, 0x00,
    0xf0, 0x4c, 0x02, 0x00, 0x03, 0x00, 0x00, 0x00, 0x00, 0x40, 0x00, 0x00,
    0x50, 0x49, 0x02, 0x00, 0x0b, 0x01, 0x00, 0x00, 0x0c, 0x01, 0x00, 0x00,
    0x01, 0x01, 0x00, 0x00, 0x02, 0x01, 0x00, 0x00, 0x10, 0x40, 0x00, 0x00,
    0x90, 0x50, 0x02, 0x00, 0x21, 0x01, 0x00, 0x00, 0x20, 0x01, 0x00, 0x00,
    0x20, 0x40, 0x00, 0x00, 0x20, 0x09, 0x00, 0x00, 0x21, 0x40, 0x00, 0x00,
    0x50, 0x01, 0x00, 0x00, 0x22, 0x40, 0x00, 0x00, 0x80, 0x08, 0x00, 0x00,
    0x0d, 0x01, 0x0a, 0x00, 0x2f, 0x01, 0x01, 0x00, 0x02, 0x00, 0x00, 0x00,
    0x00, 0x40, 0x00, 0x00, 0xf0, 0x4c, 0x02, 0x00, 0x10, 0x40, 0x00, 0x00,
    0x30, 0x54, 0x02, 0x00, 0x2f, 0x01, 0x03, 0x00, 0x02, 0x00, 0x00, 0x00,
    0x00, 0x40, 0x00, 0x00, 0x90, 0x50, 0x02, 0x00, 0x01, 0x01, 0x04, 0x00,
    0x02, 0x01, 0x04, 0x00, 0x10, 0x40, 0x00, 0x00, 0xd0, 0x57, 0x02, 0x00,
    0x20, 0x01, 0x08, 0x00, 0x20, 0x40, 0x00, 0x00, 0x10, 0x0b, 0x00, 0x00,
    0x21, 0x40, 0x00, 0x00, 0xd0, 0x00, 0x00, 0x00, 0x22, 0x40, 0x00, 0x00,
    0x70, 0x0a, 0x00, 0x00, 0x2f, 0x01, 0x01, 0x00, 0x03, 0x00, 0x00, 0x00,
    0x00, 0x40, 0x00, 0x00, 0x30, 0x54, 0x02, 0x00, 0x10, 0x40, 0x00, 0x00,
    0x70, 0x5b, 0x02, 0x00, 0x2f, 0x01, 0x03, 0x00, 0x03, 0x00, 0x00, 0x00,
    0x00, 0x40, 0x00, 0x00, 0xd0, 0x57, 0x02, 0x00, 0x01, 0x01, 0x00, 0x00,
    0x02, 0x01, 0x00, 0x00, 0x10, 0x40, 0x00, 0x00, 0x70, 0xb8, 0x01, 0x00,
    0x20, 0x01, 0x00, 0x00, 0x20, 0x40, 0x00, 0x00, 0x80, 0x0c, 0x00, 0x00,
    0x21, 0x40, 0x00, 0x00, 0x50, 0x01, 0x00, 0x00, 0x22, 0x40, 0x00, 0x00,
    0xe0, 0x0b, 0x00, 0x00, 0x2f, 0x01, 0x01, 0x00, 0x02, 0x00, 0x00, 0x00,
    0x00, 0x40, 0x00, 0x00, 0x70, 0x5b, 0x02, 0x00, 0x10, 0x40, 0x00, 0x00,
    0x10, 0xbc, 0x01, 0x00, 0x2f, 0x01, 0x03, 0x00, 0x02, 0x00, 0x00, 0x00,
    0x00, 0x40, 0x00, 0x00, 0x30, 0x94, 0x01, 0x00, 0x0b, 0x01, 0x04, 0x00,
    0x0c, 0x01, 0x04, 0x00, 0x01, 0x01, 0x01, 0x00, 0x02, 0x01, 0x01, 0x00,
    0x10, 0x40, 0x00, 0x00, 0x50, 0x49, 0x02, 0x00, 0x21, 0x01, 0x04, 0x00,
    0x20, 0x01, 0x02, 0x00, 0x20, 0x40, 0x00, 0x00, 0x70, 0x07, 0x00, 0x00,
    0x21, 0x40, 0x00, 0x00, 0x10, 0x01, 0x00, 0x00, 0x22, 0x40, 0x00, 0x00,
    0xd0, 0x06, 0x00, 0x00, 0x0d, 0x01, 0x12, 0x00, 0x03, 0x00, 0x00, 0x00,
    0x00, 0x40, 0x00, 0x00, 0xd0, 0x97, 0x01, 0x00, 0x10, 0x40, 0x00, 0x00,
    0xf0, 0x4c, 0x02, 0x00, 0x03, 0x00, 0x00, 0x00, 0x00, 0x40, 0x00, 0x00,
    0x50, 0x49, 0x02, 0x00, 0x0b, 0x01, 0x00, 0x00, 0x0c, 0x01, 0x00, 0x00,
    0x01, 0x01, 0x00, 0x00, 0x02, 0x01, 0x00, 0x00, 0x10, 0x40, 0x00, 0x00,
    0x90, 0x50, 0x02, 0x00, 0x21, 0x01, 0x00, 0x00, 0x20, 0x01, 0x00, 0x00,
    0x20, 0x40, 0x00, 0x00, 0x20, 0x09, 0x00, 0x00, 0x21, 0x40, 0x00, 0x00,
    0x50, 0x01, 0x00, 0x00, 0x22, 0x40, 0x00, 0x00, 0x80, 0x08, 0x00, 0x00,
    0x0d, 0x01, 0x0a, 0x00, 0x2f, 0x01, 0x01, 0x00, 0x02, 0x00, 0x00, 0x00,
    0x00, 0x40, 0x00, 0x00, 0xf0, 0x4c, 0x02, 0x00, 0x10, 0x40, 0x00, 0x00,
    0x30, 0x54, 0x02, 0x00, 0x2f, 0x01, 0x03, 0x00, 0x02, 0x00, 0x00, 0x00,
    0x00, 0x40, 0x00, 0x00, 0x90, 0x50, 0x02, 0x00, 0x01, 0x01, 0x04, 0x00,
    0x02, 0x01, 0x04, 0x00, 0x10, 0x40, 0x00, 0x00, 0xd0, 0x57, 0x02, 0x00,
    0x20, 0x01, 0x08, 0x00, 0x20, 0x40, 0x00, 0x00, 0x10, 0x0b, 0x00, 0x00,
    0x21, 0x40, 0x00, 0x00, 0xd0, 0x00, 0x00, 0x00, 0x22, 0x40, 0x00, 0x00,
    0x70, 0x0a, 0x00, 0x00, 0x2f, 0x01, 0x01, 0x00, 0x03, 0x00, 0x00, 0x00,
    0x00, 0x40, 0x00, 0x00, 0x30, 0x54, 0x02, 0x00, 0x10, 0x40, 0x00, 0x00,
    0x70, 0x5b, 0x02, 0x00, 0x2f, 0x01, 0x03, 0x00, 0x03, 0x00, 0x00, 0x00,
    0x00, 0x40, 0x00, 0x00, 0xd0, 0x57, 0x02, 0x00, 0x01, 0x01, 0x00, 0x00,
    0x02, 0x01, 0x00, 0x00, 0x10, 0x40, 0x00, 0x00, 0xb0, 0xbf, 0x01, 0x00,
    0x20, 0x01, 0x00, 0x00, 0x20, 0x40, 0x00, 0x00, 0x80, 0x0c, 0x00, 0x00,
    0x21, 0x40, 0x00, 0x00, 0x50, 0x01, 0x00, 0x00, 0x22, 0x40, 0x00, 0x00,
    0xe0, 0x0b, 0x00, 0x00, 0x2f, 0x01, 0x01, 0x00, 0x02, 0x00, 0x00, 0x00,
    0x00, 0x40, 0x00, 0x00, 0x70, 0x5b, 0x02, 0x00, 0x10, 0x40, 0x00, 0x00,
    0x50, 0xc3, 0x01, 0x00, 0x2f, 0x01, 0x03, 0x00, 0x02, 0x00, 0x00, 0x00,
    0x00, 0x40, 0x00, 0x00, 0x10, 0x3b, 0x00, 0x00, 0x0b, 0x01, 0x01, 0x00,
    0x0c, 0x01, 0x01, 0x00, 0x0a, 0x01, 0x72, 0x00, 0x04, 0x01, 0x03, 0x00,
    0x05, 0x40, 0x00, 0x00, 0xcc, 0x01, 0x00, 0x00, 0x04, 0x40, 0x00, 0x00,
    0x04, 0x00, 0x00, 0x00, 0x06, 0x40, 0x00, 0x00, 0x01, 0x00, 0x00, 0x00,
    0x09, 0x01, 0x00, 0x00, 0x05, 0x01, 0x01, 0x00, 0x10, 0x40, 0x00, 0x00,
    0xf0, 0x1d, 0x02, 0x00, 0x11, 0x01, 0x72, 0x00, 0x1a, 0x01, 0x72, 0x00,
    0x13, 0x01, 0x03, 0x00, 0x15, 0x40, 0x00, 0x00, 0x30, 0x07, 0x00, 0x00,
    0x16, 0x40, 0x00, 0x00, 0x30, 0x07, 0x00, 0x00, 0x18, 0x01, 0x00, 0x00,
    0x14, 0x01, 0x41, 0x81, 0x21, 0x01, 0x01, 0x00, 0x22, 0x01, 0x02, 0x00,
    0x15, 0x01, 0x15, 0x00, 0x17, 0x01, 0x07, 0x00, 0x05, 0x00, 0x01, 0x00,
    0x00, 0x40, 0x00, 0x00, 0xa8, 0x3e, 0x00, 0x00, 0x10, 0x40, 0x00, 0x00,
    0x20, 0x25, 0x02, 0x00, 0x05, 0x00, 0x01, 0x00, 0x00, 0x40, 0x00, 0x00,
    0xf0, 0x1d, 0x02, 0x00, 0x0b, 0x01, 0x00, 0x00, 0x0c, 0x01, 0x00, 0x00,
    0x05, 0x40, 0x00, 0x00, 0x30, 0x07, 0x00, 0x00, 0x04, 0x40, 0x00, 0x00,
    0x10, 0x00, 0x00, 0x00, 0x06, 0x40, 0x00, 0x00, 0x30, 0x07, 0x00, 0x00,
    0x09, 0x01, 0xff, 0xff, 0x05, 0x01, 0x41, 0x00, 0x01, 0x01, 0x01, 0x00,
    0x02, 0x01, 0x01, 0x00, 0x10, 0x40, 0x00, 0x00, 0x50, 0x2c, 0x02, 0x00,
    0x11, 0x01, 0x39, 0x00, 0x1a, 0x01, 0x39, 0x00, 0x13, 0x01, 0x0b, 0x00,
    0x15, 0x40, 0x00, 0x00, 0xa0, 0x03, 0x00, 0x00, 0x16, 0x40, 0x00, 0x00,
    0xa0, 0x03, 0x00, 0x00, 0x18, 0x01, 0x80, 0xff, 0x14, 0x01, 0x41, 0x00,
    0x21, 0x01, 0x00, 0x00, 0x20, 0x01, 0x02, 0x00, 0x22, 0x01, 0x05, 0x00,
    0x20, 0x40, 0x00, 0x00, 0x80, 0x00, 0x00, 0x00, 0x21, 0x40, 0x00, 0x00,
    0x00, 0x01, 0x00, 0x00, 0x22, 0x40, 0x00, 0x00, 0x00, 0x00, 0x00, 0x00,
    0x23, 0x40, 0x00, 0x00, 0x80, 0x00, 0x00, 0x00, 0x15, 0x01, 0x39, 0x00,
    0x17, 0x01, 0x0f, 0x00, 0x2f, 0x01, 0x01, 0x00, 0x02, 0x00, 0x00, 0x00,
    0x00, 0x40, 0x00, 0x00, 0x20, 0x25, 0x02, 0x00, 0x10, 0x40, 0x00, 0x00,
    0xf0, 0x2f, 0x02, 0x00, 0x2f, 0x01, 0x03, 0x00, 0x02, 0x00, 0x00, 0x00,
    0x00, 0x40, 0x00, 0x00, 0x50, 0x2c, 0x02, 0x00, 0x0a, 0x01, 0x39, 0x00,
    0x04, 0x01, 0x0b, 0x00, 0x05, 0x40, 0x00, 0x00, 0xa0, 0x03, 0x00, 0x00,
    0x06, 0x40, 0x00, 0x00, 0xa0, 0x03, 0x00, 0x00, 0x09, 0x01, 0x80, 0xff,
    0x01, 0x01, 0x03, 0x00, 0x02, 0x01, 0x03, 0x00, 0x10, 0x40, 0x00, 0x00,
    0x90, 0x33, 0x02, 0x00, 0x20, 0x01, 0x06, 0x00, 0x22, 0x01, 0x00, 0x00,
    0x20, 0x40, 0x00, 0x00, 0x00, 0x02, 0x00, 0x00, 0x21, 0x40, 0x00, 0x00,
    0x90, 0x00, 0x00, 0x00, 0x22, 0x40, 0x00, 0x00, 0x80, 0x01, 0x00, 0x00,
    0x2f, 0x01, 0x01, 0x00, 0x03, 0x00, 0x00, 0x00, 0x00, 0x40, 0x00, 0x00,
    0xf0, 0x2f, 0x02, 0x00, 0x10, 0x40, 0x00, 0x00, 0x30, 0x37, 0x02, 0x00,
    0x2f, 0x01, 0x03, 0x00, 0x03, 0x00, 0x00, 0x00, 0x00, 0x40, 0x00, 0x00,
    0x90, 0x33, 0x02, 0x00, 0x01, 0x01, 0x00, 0x00, 0x02, 0x01, 0x00, 0x00,
    0x10, 0x40, 0x00, 0x00, 0xd0, 0x3a, 0x02, 0x00, 0x20, 0x01, 0x00, 0x00,
    0x20, 0x40, 0x00, 0x00, 0x10, 0x03, 0x00, 0x00, 0x21, 0x40, 0x00, 0x00,
    0xe0, 0x00, 0x00, 0x00, 0x22, 0x40, 0x00, 0x00, 0x90, 0x02, 0x00, 0x00,
    0x2f, 0x01, 0x01, 0x00, 0x02, 0x00, 0x00, 0x00, 0x00, 0x40, 0x00, 0x00,
    0x30, 0x37, 0x02, 0x00, 0x10, 0x40, 0x00, 0x00, 0x70, 0x3e, 0x02, 0x00,
    0x2f, 0x01, 0x03, 0x00, 0x02, 0x00, 0x00, 0x00, 0x00, 0x40, 0x00, 0x00,
    0xd0, 0x3a, 0x02, 0x00, 0x01, 0x01, 0x04, 0x00, 0x02, 0x01, 0x04, 0x00,
    0x10, 0x40, 0x00, 0x00, 0x10, 0x42, 0x02, 0x00, 0x20, 0x01, 0x08, 0x00,
    0x20, 0x40, 0x00, 0x00, 0x70, 0x04, 0x00, 0x00, 0x21, 0x40, 0x00, 0x00,
    0xb0, 0x00, 0x00, 0x00, 0x22, 0x40, 0x00, 0x00, 0xf0, 0x03, 0x00, 0x00,
    0x2f, 0x01, 0x01, 0x00, 0x03, 0x00, 0x00, 0x00, 0x00, 0x40, 0x00, 0x00,
    0x70, 0x3e, 0x02, 0x00, 0x10, 0x40, 0x00, 0x00, 0xb0, 0x45, 0x02, 0x00,
    0x2f, 0x01, 0x03, 0x00, 0x03, 0x00, 0x00, 0x00, 0x00, 0x40, 0x00, 0x00,
    0x10, 0x42, 0x02, 0x00, 0x01, 0x01, 0x00, 0x00, 0x02, 0x01, 0x00, 0x00,
    0x10, 0x40, 0x00, 0x00, 0xb0, 0x85, 0x01, 0x00, 0x13, 0x01, 0x0f, 0x00,
    0x20, 0x01, 0x00, 0x00, 0x20, 0x40, 0x00, 0x00, 0xc0, 0x05, 0x00, 0x00,
    0x21, 0x40, 0x00, 0x00, 0x10, 0x01, 0x00, 0x00, 0x22, 0x40, 0x00, 0x00,
    0x20, 0x05, 0x00, 0x00, 0x23, 0x40, 0x00, 0x00, 0xa0, 0x00, 0x00, 0x00,
    0x2f, 0x01, 0x01, 0x00, 0x02, 0x00, 0x00, 0x00, 0x00, 0x40, 0x00, 0x00,
    0xb0, 0x45, 0x02, 0x00, 0x10, 0x40, 0x00, 0x00, 0x50, 0x89, 0x01, 0x00,
    0x2f, 0x01, 0x03, 0x00, 0x02, 0x00, 0x00, 0x00, 0x00, 0x40, 0x00, 0x00,
    0x40, 0x42, 0x00, 0x00, 0x0b, 0x01, 0x01, 0x00, 0x0c, 0x01, 0x01, 0x00,
    0x0a, 0x01, 0x72, 0x00, 0x04, 0x01, 0x03, 0x00, 0x05, 0x40, 0x00, 0x00,
    0xcc, 0x01, 0x00, 0x00, 0x04, 0x40, 0x00, 0x00, 0x04, 0x00, 0x00, 0x00,
    0x06, 0x40, 0x00, 0x00, 0x01, 0x00, 0x00, 0x00, 0x09, 0x01, 0x00, 0x00,
    0x05, 0x01, 0x01, 0x00, 0x10, 0x40, 0x00, 0x00, 0xf0, 0x1d, 0x02, 0x00,
    0x11, 0x01, 0x72, 0x00, 0x1a, 0x01, 0x72, 0x00, 0x13, 0x01, 0x03, 0x00,
    0x15, 0x40, 0x00, 0x00, 0x30, 0x07, 0x00, 0x00, 0x16, 0x40, 0x00, 0x00,
    0x30, 0x07, 0x00, 0x00, 0x18, 0x01, 0x00, 0x00, 0x14, 0x01, 0x41, 0x81,
    0x21, 0x01, 0x01, 0x00, 0x22, 0x01, 0x02, 0x00, 0x15, 0x01, 0x15, 0x00,
    0x17, 0x01, 0x07, 0x00, 0x05, 0x00, 0x01, 0x00, 0x00, 0x40, 0x00, 0x00,
    0xd8, 0x45, 0x00, 0x00, 0x10, 0x40, 0x00, 0x00, 0x20, 0x25, 0x02, 0x00,
    0x05, 0x00, 0x01, 0x00, 0x00, 0x40, 0x00, 0x00, 0xf0, 0x1d, 0x02, 0x00,
    0x0b, 0x01, 0x00, 0x00, 0x0c, 0x01, 0x00, 0x00, 0x05, 0x40, 0x00, 0x00,
    0x30, 0x07, 0x00, 0x00, 0x04, 0x40, 0x00, 0x00, 0x10, 0x00, 0x00, 0x00,
    0x06, 0x40, 0x00, 0x00, 0x30, 0x07, 0x00, 0x00, 0x09, 0x01, 0xff, 0xff,
    0x05, 0x01, 0x41, 0x00, 0x01, 0x01, 0x01, 0x00, 0x02, 0x01, 0x01, 0x00,
    0x10, 0x40, 0x00, 0x00, 0x50, 0x2c, 0x02, 0x00, 0x11, 0x01, 0x39, 0x00,
    0x1a, 0x01, 0x39, 0x00, 0x13, 0x01, 0x0b, 0x00, 0x15, 0x40, 0x00, 0x00,
    0xa0, 0x03, 0x00, 0x00, 0x16, 0x40, 0x00, 0x00, 0xa0, 0x03, 0x00, 0x00,
    0x18, 0x01, 0x80, 0xff, 0x14, 0x01, 0x41, 0x00, 0x21, 0x01, 0x00, 0x00,
    0x20, 0x01, 0x02, 0x00, 0x22, 0x01, 0x05, 0x00, 0x20, 0x40, 0x00, 0x00,
    0x80, 0x00, 0x00, 0x00, 0x21, 0x40, 0x00, 0x00, 0x00, 0x01, 0x00, 0x00,
    0x22, 0x40, 0x00, 0x00, 0x00, 0x00, 0x00, 0x00, 0x23, 0x40, 0x00, 0x00,
    0x80, 0x00, 0x00, 0x00, 0x15, 0x01, 0x39, 0x00, 0x17, 0x01, 0x0f, 0x00,
    0x2f, 0x01, 0x01, 0x00, 0x02, 0x00, 0x00, 0x00, 0x00, 0x40, 0x00, 0x00,
    0x20, 0x25, 0x02, 0x00, 0x10, 0x40, 0x00, 0x00, 0xf0, 0x2f, 0x02, 0x00,
    0x2f, 0x01, 0x03, 0x00, 0x02, 0x00, 0x00, 0x00, 0x00, 0x40, 0x00, 0x00,
    0x50, 0x2c, 0x02, 0x00, 0x0a, 0x01, 0x39, 0x00, 0x04, 0x01, 0x0b, 0x00,
    0x05, 0x40, 0x00, 0x00, 0xa0, 0x03, 0x00, 0x00, 0x06, 0x40, 0x00, 0x00,
    0xa0, 0x03, 0x00, 0x00, 0x09, 0x01, 0x80, 0xff, 0x01, 0x01, 0x03, 0x00,
    0x02, 0x01, 0x03, 0x00, 0x10, 0x40, 0x00, 0x00, 0x90, 0x33, 0x02, 0x00,
    0x20, 0x01, 0x06, 0x00, 0x22, 0x01, 0x00, 0x00, 0x20, 0x40, 0x00, 0x00,
    0x00, 0x02, 0x00, 0x00, 0x21, 0x40, 0x00, 0x00, 0x90, 0x00, 0x00, 0x00,
    0x22, 0x40, 0x00, 0x00, 0x80, 0x01, 0x00, 0x00, 0x2f, 0x01, 0x01, 0x00,
    0x03, 0x00, 0x00, 0x00, 0x00, 0x40, 0x00, 0x00, 0xf0, 0x2f, 0x02, 0x00,
    0x10, 0x40, 0x00, 0x00, 0x30, 0x37, 0x02, 0x00, 0x2f, 0x01, 0x03, 0x00,
    0x03, 0x00, 0x00, 0x00, 0x00, 0x40, 0x00, 0x00, 0x90, 0x33, 0x02, 0x00,
    0x01, 0x01, 0x00, 0x00, 0x02, 0x01, 0x00, 0x00, 0x10, 0x40, 0x00, 0x00,
    0xd0, 0x3a, 0x02, 0x00, 0x20, 0x01, 0x00, 0x00, 0x20, 0x40, 0x00, 0x00,
    0x10, 0x03, 0x00, 0x00, 0x21, 0x40, 0x00, 0x00, 0xe0, 0x00, 0x00, 0x00,
    0x22, 0x40, 0x00, 0x00, 0x90, 0x02, 0x00, 0x00, 0x2f, 0x01, 0x01, 0x00,
    0x02, 0x00, 0x00, 0x00, 0x00, 0x40, 0x00, 0x00, 0x30, 0x37, 0x02, 0x00,
    0x10, 0x40, 0x00, 0x00, 0x70, 0x3e, 0x02, 0x00, 0x2f, 0x01, 0x03, 0x00,
    0x02, 0x00, 0x00, 0x00, 0x00, 0x40, 0x00, 0x00, 0xd0, 0x3a, 0x02, 0x00,
    0x01, 0x01, 0x04, 0x00, 0x02, 0x01, 0x04, 0x00, 0x10, 0x40, 0x00, 0x00,
    0x10, 0x42, 0x02, 0x00, 0x20, 0x01, 0x08, 0x00, 0x20, 0x40, 0x00, 0x00,
    0x70, 0x04, 0x00, 0x00, 0x21, 0x40, 0x00, 0x00, 0xb0, 0x00, 0x00, 0x00,
    0x22, 0x40, 0x00, 0x00, 0xf0, 0x03, 0x00, 0x00, 0x2f, 0x01, 0x01, 0x00,
    0x03, 0x00, 0x00, 0x00, 0x00, 0x40, 0x00, 0x00, 0x70, 0x3e, 0x02, 0x00,
    0x10, 0x40, 0x00, 0x00, 0xb0, 0x45, 0x02, 0x00, 0x2f, 0x01, 0x03, 0x00,
    0x03, 0x00, 0x00, 0x00, 0x00, 0x40, 0x00, 0x00, 0x10, 0x42, 0x02, 0x00,
    0x01, 0x01, 0x00, 0x00, 0x02, 0x01, 0x00, 0x00, 0x10, 0x40, 0x00, 0x00,
    0xf0, 0x8c, 0x01, 0x00, 0x13, 0x01, 0x0f, 0x00, 0x20, 0x01, 0x00, 0x00,
    0x20, 0x40, 0x00, 0x00, 0xc0, 0x05, 0x00, 0x00, 0x21, 0x40, 0x00, 0x00,
    0x10, 0x01, 0x00, 0x00, 0x22, 0x40, 0x00, 0x00, 0x20, 0x05, 0x00, 0x00,
    0x23, 0x40, 0x00, 0x00, 0xa0, 0x00, 0x00, 0x00, 0x2f, 0x01, 0x01, 0x00,
    0x02, 0x00, 0x00, 0x00, 0x00, 0x40, 0x00, 0x00, 0xb0, 0x45, 0x02, 0x00,
    0x10, 0x40, 0x00, 0x00, 0x90, 0x90, 0x01, 0x00, 0x2f, 0x01, 0x03, 0x00,
    0x02, 0x00, 0x00, 0x00, 0x00, 0x40, 0x00, 0x00, 0x70, 0x49, 0x00, 0x00,
    0x0b, 0x01, 0x01, 0x00, 0x0c, 0x01, 0x01, 0x00, 0x0a, 0x01, 0x72, 0x00,
    0x04, 0x01, 0x03, 0x00, 0x05, 0x40, 0x00, 0x00, 0xcc, 0x01, 0x00, 0x00,
    0x04, 0x40, 0x00, 0x00, 0x04, 0x00, 0x00, 0x00, 0x06, 0x40, 0x00, 0x00,
    0x01, 0x00, 0x00, 0x00, 0x09, 0x01, 0x00, 0x00, 0x05, 0x01, 0x01, 0x00,
    0x10, 0x40, 0x00, 0x00, 0xf0, 0x1d, 0x02, 0x00, 0x11, 0x01, 0x72, 0x00,
    0x1a, 0x01, 0x72, 0x00, 0x13, 0x01, 0x03, 0x00, 0x15, 0x40, 0x00, 0x00,
    0x30, 0x07, 0x00, 0x00, 0x16, 0x40, 0x00, 0x00, 0x30, 0x07, 0x00, 0x00,
    0x18, 0x01, 0x00, 0x00, 0x14, 0x01, 0x41, 0x81, 0x21, 0x01, 0x01, 0x00,
    0x22, 0x01, 0x02, 0x00, 0x15, 0x01, 0x15, 0x00, 0x17, 0x01, 0x07, 0x00,
    0x05, 0x00, 0x01, 0x00, 0x00, 0x40, 0x00, 0x00, 0x08, 0x4d, 0x00, 0x00,
    0x10, 0x40, 0x00, 0x00, 0x20, 0x25, 0x02, 0x00, 0x05, 0x00, 0x01, 0x00,
    0x00, 0x40, 0x00, 0x00, 0xf0, 0x1d, 0x02, 0x00, 0x0b, 0x01, 0x00, 0x00,
    0x0c, 0x01, 0x00, 0x00, 0x05, 0x40, 0x00, 0x00, 0x30, 0x07, 0x00, 0x00,
    0x04, 0x40, 0x00, 0x00, 0x10, 0x00, 0x00, 0x00, 0x06, 0x40, 0x00, 0x00,
    0x30, 0x07, 0x00, 0x00, 0x09, 0x01, 0xff, 0xff, 0x05, 0x01, 0x41, 0x00,
    0x01, 0x01, 0x01, 0x00, 0x02, 0x01, 0x01, 0x00, 0x10, 0x40, 0x00, 0x00,
    0x50, 0x2c, 0x02, 0x00, 0x11, 0x01, 0x39, 0x00, 0x1a, 0x01, 0x39, 0x00,
    0x13, 0x01, 0x0b, 0x00, 0x15, 0x40, 0x00, 0x00, 0xa0, 0x03, 0x00, 0x00,
    0x16, 0x40, 0x00, 0x00, 0xa0, 0x03, 0x00, 0x00, 0x18, 0x01, 0x80, 0xff,
    0x14, 0x01, 0x41, 0x00, 0x21, 0x01, 0x00, 0x00, 0x20, 0x01, 0x02, 0x00,
    0x22, 0x01, 0x05, 0x00, 0x20, 0x40, 0x00, 0x00, 0x80, 0x00, 0x00, 0x00,
    0x21, 0x40, 0x00, 0x00, 0x00, 0x01, 0x00, 0x00, 0x22, 0x40, 0x00, 0x00,
    0x00, 0x00, 0x00, 0x00, 0x23, 0x40, 0x00, 0x00, 0x80, 0x00, 0x00, 0x00,
    0x15, 0x01, 0x39, 0x00, 0x17, 0x01, 0x0f, 0x00, 0x2f, 0x01, 0x01, 0x00,
    0x02, 0x00, 0x00, 0x00, 0x00, 0x40, 0x00, 0x00, 0x20, 0x25, 0x02, 0x00,
    0x10, 0x40, 0x00, 0x00, 0xf0, 0x2f, 0x02, 0x00, 0x2f, 0x01, 0x03, 0x00,
    0x02, 0x00, 0x00, 0x00, 0x00, 0x40, 0x00, 0x00, 0x50, 0x2c, 0x02, 0x00,
    0x0a, 0x01, 0x39, 0x00, 0x04, 0x01, 0x0b, 0x00, 0x05, 0x40, 0x00, 0x00,
    0xa0, 0x03, 0x00, 0x00, 0x06, 0x40, 0x00, 0x00, 0xa0, 0x03, 0x00, 0x00,
    0x09, 0x01, 0x80, 0xff, 0x01, 0x01, 0x03, 0x00, 0x02, 0x01, 0x03, 0x00,
    0x10, 0x40, 0x00, 0x00, 0x90, 0x33, 0x02, 0x00, 0x20, 0x01, 0x06, 0x00,
    0x22, 0x01, 0x00, 0x00, 0x20, 0x40, 0x00, 0x00, 0x00, 0x02, 0x00, 0x00,
    0x21, 0x40, 0x00, 0x00, 0x90, 0x00, 0x00, 0x00, 0x22, 0x40, 0x00, 0x00,
    0x80, 0x01, 0x00, 0x00, 0x2f, 0x01, 0x01, 0x00, 0x03, 0x00, 0x00, 0x00,
    0x00, 0x40, 0x00, 0x00, 0xf0, 0x2f, 0x02, 0x00, 0x10, 0x40, 0x00, 0x00,
    0x30, 0x37, 0x02, 0x00, 0x2f, 0x01, 0x03, 0x00, 0x03, 0x00, 0x00, 0x00,
    0x00, 0x40, 0x00, 0x00, 0x90, 0x33, 0x02, 0x00, 0x01, 0x01, 0x00, 0x00,
    0x02, 0x01, 0x00, 0x00, 0x10, 0x40, 0x00, 0x00, 0xd0, 0x3a, 0x02, 0x00,
    0x20, 0x01, 0x00, 0x00, 0x20, 0x40, 0x00, 0x00, 0x10, 0x03, 0x00, 0x00,
    0x21, 0x40, 0x00, 0x00, 0xe0, 0x00, 0x00, 0x00, 0x22, 0x40, 0x00, 0x00,
    0x90, 0x02, 0x00, 0x00, 0x2f, 0x01, 0x01, 0x00, 0x02, 0x00, 0x00, 0x00,
    0x00, 0x40, 0x00, 0x00, 0x30, 0x37, 0x02, 0x00, 0x10, 0x40, 0x00, 0x00,
    0x70, 0x3e, 0x02, 0x00, 0x2f, 0x01, 0x03, 0x00, 0x02, 0x00, 0x00, 0x00,
    0x00, 0x40, 0x00, 0x00, 0xd0, 0x3a, 0x02, 0x00, 0x01, 0x01, 0x04, 0x00,
    0x02, 0x01, 0x04, 0x00, 0x10, 0x40, 0x00, 0x00, 0x10, 0x42, 0x02, 0x00,
    0x20, 0x01, 0x08, 0x00, 0x20, 0x40, 0x00, 0x00, 0x70, 0x04, 0x00, 0x00,
    0x21, 0x40, 0x00, 0x00, 0xb0, 0x00, 0x00, 0x00, 0x22, 0x40, 0x00, 0x00,
    0xf0, 0x03, 0x00, 0x00, 0x2f, 0x01, 0x01, 0x00, 0x03, 0x00, 0x00, 0x00,
    0x00, 0x40, 0x00, 0x00, 0x70, 0x3e, 0x02, 0x00, 0x10, 0x40, 0x00, 0x00,
    0xb0, 0x45, 0x02, 0x00, 0x2f, 0x01, 0x03, 0x00, 0x03, 0x00, 0x00, 0x00,
    0x00, 0x40, 0x00, 0x00, 0x10, 0x42, 0x02, 0x00, 0x01, 0x01, 0x00, 0x00,
    0x02, 0x01, 0x00, 0x00, 0x10, 0x40, 0x00, 0x00, 0x30, 0x94, 0x01, 0x00,
    0x13, 0x01, 0x0f, 0x00, 0x20, 0x01, 0x00, 0x00, 0x20, 0x40, 0x00, 0x00,
    0xc0, 0x05, 0x00, 0x00, 0x21, 0x40, 0x00, 0x00, 0x10, 0x01, 0x00, 0x00,
    0x22, 0x40, 0x00, 0x00, 0x20, 0x05, 0x00, 0x00, 0x23, 0x40, 0x00, 0x00,
    0xa0, 0x00, 0x00, 0x00, 0x2f, 0x01, 0x01, 0x00, 0x02, 0x00, 0x00, 0x00,
    0x00, 0x40, 0x00, 0x00, 0xb0, 0x45, 0x02, 0x00, 0x10, 0x40, 0x00, 0x00,
    0xd0, 0x97, 0x01, 0x00, 0x2f, 0x01, 0x03, 0x00, 0x02, 0x00, 0x00, 0x00,
    0x00, 0x40, 0x00, 0x00, 0x70, 0x9b, 0x01, 0x00, 0x02, 0x40, 0x00, 0x00,
    0xb0, 0x85, 0x01, 0x00, 0x0b, 0x01, 0x03, 0x00, 0x0c, 0x01, 0x03, 0x00,
    0x04, 0x01, 0x0f, 0x00, 0x01, 0x01, 0x01, 0x00, 0x02, 0x01, 0x01, 0x00,
    0x10, 0x40, 0x00, 0x00, 0x50, 0x49, 0x02, 0x00, 0x21, 0x01, 0x04, 0x00,
    0x20, 0x01, 0x02, 0x00, 0x20, 0x40, 0x00, 0x00, 0x70, 0x07, 0x00, 0x00,
    0x22, 0x40, 0x00, 0x00, 0xd0, 0x06, 0x00, 0x00, 0x0d, 0x01, 0x12, 0x00,
    0x2f, 0x01, 0x01, 0x00, 0x03, 0x00, 0x00, 0x00, 0x00, 0x40, 0x00, 0x00,
    0x10, 0x9f, 0x01, 0x00, 0x0b, 0x01, 0x02, 0x00, 0x0c, 0x01, 0x02, 0x00,
    0x10, 0x40, 0x00, 0x00, 0xf0, 0x4c, 0x02, 0x00, 0x2f, 0x01, 0x03, 0x00,
    0x03, 0x00, 0x00, 0x00, 0x00, 0x40, 0x00, 0x00, 0x50, 0x49, 0x02, 0x00,
    0x02, 0x40, 0x00, 0x00, 0x00, 0x00, 0x00, 0x00, 0x0b, 0x01, 0x00, 0x00,
    0x0c, 0x01, 0x00, 0x00, 0x01, 0x01, 0x00, 0x00, 0x02, 0x01, 0x00, 0x00,
    0x10, 0x40, 0x00, 0x00, 0x90, 0x50, 0x02, 0x00, 0x21, 0x01, 0x00, 0x00,
    0x20, 0x01, 0x00, 0x00, 0x20, 0x40, 0x00, 0x00, 0x20, 0x09, 0x00, 0x00,
    0x21, 0x40, 0x00, 0x00, 0x50, 0x01, 0x00, 0x00, 0x22, 0x40, 0x00, 0x00,
    0x80, 0x08, 0x00, 0x00, 0x0d, 0x01, 0x0a, 0x00, 0x2f, 0x01, 0x01, 0x00,
    0x02, 0x00, 0x00, 0x00, 0x00, 0x40, 0x00, 0x00, 0xf0, 0x4c, 0x02, 0x00,
    0x10, 0x40, 0x00, 0x00, 0x30, 0x54, 0x02, 0x00, 0x2f, 0x01, 0x03, 0x00,
    0x02, 0x00, 0x00, 0x00, 0x00, 0x40, 0x00, 0x00, 0x90, 0x50, 0x02, 0x00,
    0x01, 0x01, 0x04, 0x00, 0x02, 0x01, 0x04, 0x00, 0x10, 0x40, 0x00, 0x00,
    0xd0, 0x57, 0x02, 0x00, 0x20, 0x01, 0x08, 0x00, 0x20, 0x40, 0x00, 0x00,
    0x10, 0x0b, 0x00, 0x00, 0x21, 0x40, 0x00, 0x00, 0xd0, 0x00, 0x00, 0x00,
    0x22, 0x40, 0x00, 0x00, 0x70, 0x0a, 0x00, 0x00, 0x2f, 0x01, 0x01, 0x00,
    0x03, 0x00, 0x00, 0x00, 0x00, 0x40, 0x00, 0x00, 0x30, 0x54, 0x02, 0x00,
    0x10, 0x40, 0x00, 0x00, 0x70, 0x5b, 0x02, 0x00, 0x2f, 0x01, 0x03, 0x00,
    0x03, 0x00, 0x00, 0x00, 0x00, 0x40, 0x00, 0x00, 0xd0, 0x57, 0x02, 0x00,
    0x01, 0x01, 0x00, 0x00, 0x02, 0x01, 0x00, 0x00, 0x10, 0x40, 0x00, 0x00,
    0xf0, 0xc6, 0x01, 0x00, 0x20, 0x01, 0x00, 0x00, 0x20, 0x40, 0x00, 0x00,
    0x80, 0x0c, 0x00, 0x00, 0x21, 0x40, 0x00, 0x00, 0x50, 0x01, 0x00, 0x00,
    0x22, 0x40, 0x00, 0x00, 0xe0, 0x0b, 0x00, 0x00, 0x2f, 0x01, 0x01, 0x00,
    0x02, 0x00, 0x00, 0x00, 0x00, 0x40, 0x00, 0x00, 0x70, 0x5b, 0x02, 0x00,
    0x10, 0x40, 0x00, 0x00, 0x90, 0xca, 0x01, 0x00, 0x2f, 0x01, 0x03, 0x00,
    0x02, 0x00, 0x00, 0x00, 0x00, 0x40, 0x00, 0x00, 0xf0, 0xa9, 0x01, 0x00,
    0x0b, 0x01, 0x02, 0x00, 0x0c, 0x01, 0x02, 0x00, 0x00, 0x01, 0x02, 0x00,
    0x01, 0x01, 0x01, 0x00, 0x02, 0x01, 0x01, 0x00, 0x10, 0x40, 0x00, 0x00,
    0x10, 0x5f, 0x02, 0x00, 0x21, 0x01, 0x04, 0x00, 0x20, 0x01, 0x02, 0x00,
    0x20, 0x40, 0x00, 0x00, 0x70, 0x0e, 0x00, 0x00, 0x21, 0x40, 0x00, 0x00,
    0x10, 0x01, 0x00, 0x00, 0x22, 0x40, 0x00, 0x00, 0xd0, 0x0d, 0x00, 0x00,
    0x0d, 0x01, 0x12, 0x00, 0x2f, 0x01, 0x01, 0x00, 0x03, 0x00, 0x00, 0x00,
    0x0b, 0x01, 0x03, 0x00, 0x0c, 0x01, 0x03, 0x00, 0x00, 0x01, 0x01, 0x00,
    0x10, 0x40, 0x00, 0x00, 0xb0, 0x62, 0x02, 0x00, 0x2f, 0x01, 0x03, 0x00,
    0x03, 0x00, 0x00, 0x00, 0x00, 0x40, 0x00, 0x00, 0x10, 0x5f, 0x02, 0x00,
    0x0b, 0x01, 0x00, 0x00, 0x0c, 0x01, 0x00, 0x00, 0x00, 0x01, 0x00, 0x00,
    0x01, 0x01, 0x00, 0x00, 0x02, 0x01, 0x00, 0x00, 0x10, 0x40, 0x00, 0x00,
    0x50, 0x66, 0x02, 0x00, 0x21, 0x01, 0x00, 0x00, 0x20, 0x01, 0x00, 0x00,
    0x20, 0x40, 0x00, 0x00, 0x20, 0x10, 0x00, 0x00, 0x21, 0x40, 0x00, 0x00,
    0x50, 0x01, 0x00, 0x00, 0x22, 0x40, 0x00, 0x00, 0x80, 0x0f, 0x00, 0x00,
    0x0d, 0x01, 0x0a, 0x00, 0x2f, 0x01, 0x01, 0x00, 0x02, 0x00, 0x00, 0x00,
    0x00, 0x40, 0x00, 0x00, 0xb0, 0x62, 0x02, 0x00, 0x10, 0x40, 0x00, 0x00,
    0xf0, 0x69, 0x02, 0x00, 0x2f, 0x01, 0x03, 0x00, 0x02, 0x00, 0x00, 0x00,
    0x00, 0x40, 0x00, 0x00, 0x50, 0x66, 0x02, 0x00, 0x01, 0x01, 0x04, 0x00,
    0x02, 0x01, 0x04, 0x00, 0x10, 0x40, 0x00, 0x00, 0x90, 0x6d, 0x02, 0x00,
    0x20, 0x01, 0x08, 0x00, 0x20, 0x40, 0x00, 0x00, 0x10, 0x12, 0x00, 0x00,
    0x21, 0x40, 0x00, 0x00, 0xb0, 0x00, 0x00, 0x00, 0x22, 0x40, 0x00, 0x00,
    0x70, 0x11, 0x00, 0x00, 0x2f, 0x01, 0x01, 0x00, 0x03, 0x00, 0x00, 0x00,
    0x00, 0x40, 0x00, 0x00, 0xf0, 0x69, 0x02, 0x00, 0x10, 0x40, 0x00, 0x00,
    0x30, 0x71, 0x02, 0x00, 0x2f, 0x01, 0x03, 0x00, 0x03, 0x00, 0x00, 0x00,
    0x00, 0x40, 0x00, 0x00, 0x90, 0x6d, 0x02, 0x00, 0x01, 0x01, 0x00, 0x00,
    0x02, 0x01, 0x00, 0x00, 0x10, 0x40, 0x00, 0x00, 0x30, 0xce, 0x01, 0x00,
    0x20, 0x01, 0x00, 0x00, 0x20, 0x40, 0x00, 0x00, 0x60, 0x13, 0x00, 0x00,
    0x21, 0x40, 0x00, 0x00, 0x50, 0x01, 0x00, 0x00, 0x22, 0x40, 0x00, 0x00,
    0xc0, 0x12, 0x00, 0x00, 0x2f, 0x01, 0x01, 0x00, 0x02, 0x00, 0x00, 0x00,
    0x00, 0x40, 0x00, 0x00, 0x30, 0x71, 0x02, 0x00, 0x10, 0x40, 0x00, 0x00,
    0xd0, 0xd1, 0x01, 0x00, 0x2f, 0x01, 0x03, 0x00, 0x02, 0x00, 0x00, 0x00,
    0x00, 0x40, 0x00, 0x00, 0xf0, 0xa9, 0x01, 0x00, 0x0b, 0x01, 0x04, 0x00,
    0x0c, 0x01, 0x04, 0x00, 0x01, 0x01, 0x01, 0x00, 0x02, 0x01, 0x01, 0x00,
    0x10, 0x40, 0x00, 0x00, 0x10, 0x5f, 0x02, 0x00, 0x21, 0x01, 0x04, 0x00,
    0x20, 0x01, 0x02, 0x00, 0x20, 0x40, 0x00, 0x00, 0x70, 0x0e, 0x00, 0x00,
    0x21, 0x40, 0x00, 0x00, 0x10, 0x01, 0x00, 0x00, 0x22, 0x40, 0x00, 0x00,
    0xd0, 0x0d, 0x00, 0x00, 0x0d, 0x01, 0x12, 0x00, 0x03, 0x00, 0x00, 0x00,
    0x00, 0x40, 0x00, 0x00, 0x90, 0xad, 0x01, 0x00, 0x10, 0x40, 0x00, 0x00,
    0xb0, 0x62, 0x02, 0x00, 0x03, 0x00, 0x00, 0x00, 0x00, 0x40, 0x00, 0x00,
    0x10, 0x5f, 0x02, 0x00, 0x0b, 0x01, 0x00, 0x00, 0x0c, 0x01, 0x00, 0x00,
    0x01, 0x01, 0x00, 0x00, 0x02, 0x01, 0x00, 0x00, 0x10, 0x40, 0x00, 0x00,
    0x50, 0x66, 0x02, 0x00, 0x21, 0x01, 0x00, 0x00, 0x20, 0x01, 0x00, 0x00,
    0x20, 0x40, 0x00, 0x00, 0x20, 0x10, 0x00, 0x00, 0x21, 0x40, 0x00, 0x00,
    0x50, 0x01, 0x00, 0x00, 0x22, 0x40, 0x00, 0x00, 0x80, 0x0f, 0x00, 0x00,
    0x0d, 0x01, 0x0a, 0x00, 0x2f, 0x01, 0x01, 0x00, 0x02, 0x00, 0x00, 0x00,
    0x00, 0x40, 0x00, 0x00, 0xb0, 0x62, 0x02, 0x00, 0x10, 0x40, 0x00, 0x00,
    0xf0, 0x69, 0x02, 0x00, 0x2f, 0x01, 0x03, 0x00, 0x02, 0x00, 0x00, 0x00,
    0x00, 0x40, 0x00, 0x00, 0x50, 0x66, 0x02, 0x00, 0x01, 0x01, 0x04, 0x00,
    0x02, 0x01, 0x04, 0x00, 0x10, 0x40, 0x00, 0x00, 0x90, 0x6d, 0x02, 0x00,
    0x20, 0x01, 0x08, 0x00, 0x20, 0x40, 0x00, 0x00, 0x10, 0x12, 0x00, 0x00,
    0x21, 0x40, 0x00, 0x00, 0xb0, 0x00, 0x00, 0x00, 0x22, 0x40, 0x00, 0x00,
    0x70, 0x11, 0x00, 0x00, 0x2f, 0x01, 0x01, 0x00, 0x03, 0x00, 0x00, 0x00,
    0x00, 0x40, 0x00, 0x00, 0xf0, 0x69, 0x02, 0x00, 0x10, 0x40, 0x00, 0x00,
    0x30, 0x71, 0x02, 0x00, 0x2f, 0x01, 0x03, 0x00, 0x03, 0x00, 0x00, 0x00,
    0x00, 0x40, 0x00, 0x00, 0x90, 0x6d, 0x02, 0x00, 0x01, 0x01, 0x00, 0x00,
    0x02, 0x01, 0x00, 0x00, 0x10, 0x40, 0x00, 0x00, 0x70, 0xd5, 0x01, 0x00,
    0x20, 0x01, 0x00, 0x00, 0x20, 0x40, 0x00, 0x00, 0x60, 0x13, 0x00, 0x00,
    0x21, 0x40, 0x00, 0x00, 0x50, 0x01, 0x00, 0x00, 0x22, 0x40, 0x00, 0x00,
    0xc0, 0x12, 0x00, 0x00, 0x2f, 0x01, 0x01, 0x00, 0x02, 0x00, 0x00, 0x00,
    0x00, 0x40, 0x00, 0x00, 0x30, 0x71, 0x02, 0x00, 0x10, 0x40, 0x00, 0x00,
    0x10, 0xd9, 0x01, 0x00, 0x2f, 0x01, 0x03, 0x00, 0x02, 0x00, 0x00, 0x00,
    0x00, 0x40, 0x00, 0x00, 0x30, 0xb1, 0x01, 0x00, 0x0b, 0x01, 0x04, 0x00,
    0x0c, 0x01, 0x04, 0x00, 0x01, 0x01, 0x01, 0x00, 0x02, 0x01, 0x01, 0x00,
    0x10, 0x40, 0x00, 0x00, 0x10, 0x5f, 0x02, 0x00, 0x21, 0x01, 0x04, 0x00,
    0x20, 0x01, 0x02, 0x00, 0x20, 0x40, 0x00, 0x00, 0x70, 0x0e, 0x00, 0x00,
    0x21, 0x40, 0x00, 0x00, 0x10, 0x01, 0x00, 0x00, 0x22, 0x40, 0x00, 0x00,
    0xd0, 0x0d, 0x00, 0x00, 0x0d, 0x01, 0x12, 0x00, 0x03, 0x00, 0x00, 0x00,
    0x00, 0x40, 0x00, 0x00, 0xd0, 0xb4, 0x01, 0x00, 0x10, 0x40, 0x00, 0x00,
    0xb0, 0x62, 0x02, 0x00, 0x03, 0x00, 0x00, 0x00, 0x00, 0x40, 0x00, 0x00,
    0x10, 0x5f, 0x02, 0x00, 0x0b, 0x01, 0x00, 0x00, 0x0c, 0x01, 0x00, 0x00,
    0x01, 0x01, 0x00, 0x00, 0x02, 0x01, 0x00, 0x00, 0x10, 0x40, 0x00, 0x00,
    0x50, 0x66, 0x02, 0x00, 0x21, 0x01, 0x00, 0x00, 0x20, 0x01, 0x00, 0x00,
    0x20, 0x40, 0x00, 0x00, 0x20, 0x10, 0x00, 0x00, 0x21, 0x40, 0x00, 0x00,
    0x50, 0x01, 0x00, 0x00, 0x22, 0x40, 0x00, 0x00, 0x80, 0x0f, 0x00, 0x00,
    0x0d, 0x01, 0x0a, 0x00, 0x2f, 0x01, 0x01, 0x00, 0x02, 0x00, 0x00, 0x00,
    0x00, 0x40, 0x00, 0x00, 0xb0, 0x62, 0x02, 0x00, 0x10, 0x40, 0x00, 0x00,
    0xf0, 0x69, 0x02, 0x00, 0x2f, 0x01, 0x03, 0x00, 0x02, 0x00, 0x00, 0x00,
    0x00, 0x40, 0x00, 0x00, 0x50, 0x66, 0x02, 0x00, 0x01, 0x01, 0x04, 0x00,
    0x02, 0x01, 0x04, 0x00, 0x10, 0x40, 0x00, 0x00, 0x90, 0x6d, 0x02, 0x00,
    0x20, 0x01, 0x08, 0x00, 0x20, 0x40, 0x00, 0x00, 0x10, 0x12, 0x00, 0x00,
    0x21, 0x40, 0x00, 0x00, 0xb0, 0x00, 0x00, 0x00, 0x22, 0x40, 0x00, 0x00,
    0x70, 0x11, 0x00, 0x00, 0x2f, 0x01, 0x01, 0x00, 0x03, 0x00, 0x00, 0x00,
    0x00, 0x40, 0x00, 0x00, 0xf0, 0x69, 0x02, 0x00, 0x10, 0x40, 0x00, 0x00,
    0x30, 0x71, 0x02, 0x00, 0x2f, 0x01, 0x03, 0x00, 0x03, 0x00, 0x00, 0x00,
    0x00, 0x40, 0x00, 0x00, 0x90, 0x6d, 0x02, 0x00, 0x01, 0x01, 0x00, 0x00,
    0x02, 0x01, 0x00, 0x00, 0x10, 0x40, 0x00, 0x00, 0xb0, 0xdc, 0x01, 0x00,
    0x20, 0x01, 0x00, 0x00, 0x20, 0x40, 0x00, 0x00, 0x60, 0x13, 0x00, 0x00,
    0x21, 0x40, 0x00, 0x00, 0x50, 0x01, 0x00, 0x00, 0x22, 0x40, 0x00, 0x00,
    0xc0, 0x12, 0x00, 0x00, 0x2f, 0x01, 0x01, 0x00, 0x02, 0x00, 0x00, 0x00,
    0x00, 0x40, 0x00, 0x00, 0x30, 0x71, 0x02, 0x00, 0x10, 0x40, 0x00, 0x00,
    0x50, 0xe0, 0x01, 0x00, 0x2f, 0x01, 0x03, 0x00, 0x02, 0x00, 0x00, 0x00,
    0x00, 0x40, 0x00, 0x00, 0x70, 0xb8, 0x01, 0x00, 0x0b, 0x01, 0x04, 0x00,
    0x0c, 0x01, 0x04, 0x00, 0x01, 0x01, 0x01, 0x00, 0x02, 0x01, 0x01, 0x00,
    0x10, 0x40, 0x00, 0x00, 0x10, 0x5f, 0x02, 0x00, 0x21, 0x01, 0x04, 0x00,
    0x20, 0x01, 0x02, 0x00, 0x20, 0x40, 0x00, 0x00, 0x70, 0x0e, 0x00, 0x00,
    0x21, 0x40, 0x00, 0x00, 0x10, 0x01, 0x00, 0x00, 0x22, 0x40, 0x00, 0x00,
    0xd0, 0x0d, 0x00, 0x00, 0x0d, 0x01, 0x12, 0x00, 0x03, 0x00, 0x00, 0x00,
    0x00, 0x40, 0x00, 0x00, 0x10, 0xbc, 0x01, 0x00, 0x10, 0x40, 0x00, 0x00,
    0xb0, 0x62, 0x02, 0x00, 0x03, 0x00, 0x00, 0x00, 0x00, 0x40, 0x00, 0x00,
    0x10, 0x5f, 0x02, 0x00, 0x0b, 0x01, 0x00, 0x00, 0x0c, 0x01, 0x00, 0x00,
    0x01, 0x01, 0x00, 0x00, 0x02, 0x01, 0x00, 0x00, 0x10, 0x40, 0x00, 0x00,
    0x50, 0x66, 0x02, 0x00, 0x21, 0x01, 0x00, 0x00, 0x20, 0x01, 0x00, 0x00,
    0x20, 0x40, 0x00, 0x00, 0x20, 0x10, 0x00, 0x00, 0x21, 0x40, 0x00, 0x00,
    0x50, 0x01, 0x00, 0x00, 0x22, 0x40, 0x00, 0x00, 0x80, 0x0f, 0x00, 0x00,
    0x0d, 0x01, 0x0a, 0x00, 0x2f, 0x01, 0x01, 0x00, 0x02, 0x00, 0x00, 0x00,
    0x00, 0x40, 0x00, 0x00, 0xb0, 0x62, 0x02, 0x00, 0x10, 0x40, 0x00, 0x00,
    0xf0, 0x69, 0x02, 0x00, 0x2f, 0x01, 0x03, 0x00, 0x02, 0x00, 0x00, 0x00,
    0x00, 0x40, 0x00, 0x00, 0x50, 0x66, 0x02, 0x00, 0x01, 0x01, 0x04, 0x00,
    0x02, 0x01, 0x04, 0x00, 0x10, 0x40, 0x00, 0x00, 0x90, 0x6d, 0x02, 0x00,
    0x20, 0x01, 0x08, 0x00, 0x20, 0x40, 0x00, 0x00, 0x10, 0x12, 0x00, 0x00,
    0x21, 0x40, 0x00, 0x00, 0xb0, 0x00, 0x00, 0x00, 0x22, 0x40, 0x00, 0x00,
    0x70, 0x11, 0x00, 0x00, 0x2f, 0x01, 0x01, 0x00, 0x03, 0x00, 0x00, 0x00,
    0x00, 0x40, 0x00, 0x00, 0xf0, 0x69, 0x02, 0x00, 0x10, 0x40, 0x00, 0x00,
    0x30, 0x71, 0x02, 0x00, 0x2f, 0x01, 0x03, 0x00, 0x03, 0x00, 0x00, 0x00,
    0x00, 0x40, 0x00, 0x00, 0x90, 0x6d, 0x02, 0x00, 0x01, 0x01, 0x00, 0x00,
    0x02, 0x01, 0x00, 0x00, 0x10, 0x40, 0x00, 0x00, 0xf0, 0xe3, 0x01, 0x00,
    0x20, 0x01, 0x00, 0x00, 0x20, 0x40, 0x00, 0x00, 0x60, 0x13, 0x00, 0x00,
    0x21, 0x40, 0x00, 0x00, 0x50, 0x01, 0x00, 0x00, 0x22, 0x40, 0x00, 0x00,
    0xc0, 0x12, 0x00, 0x00, 0x2f, 0x01, 0x01, 0x00, 0x02, 0x00, 0x00, 0x00,
    0x00, 0x40, 0x00, 0x00, 0x30, 0x71, 0x02, 0x00, 0x10, 0x40, 0x00, 0x00,
    0x90, 0xe7, 0x01, 0x00, 0x2f, 0x01, 0x03, 0x00, 0x02, 0x00, 0x00, 0x00,
    0x00, 0x40, 0x00, 0x00, 0xb0, 0xa2, 0x01, 0x00, 0x02, 0x40, 0x00, 0x00,
    0xb0, 0x85, 0x01, 0x00, 0x0b, 0x01, 0x01, 0x00, 0x0c, 0x01, 0x01, 0x00,
    0x01, 0x01, 0x01, 0x00, 0x02, 0x01, 0x01, 0x00, 0x10, 0x40, 0x00, 0x00,
    0x50, 0x49, 0x02, 0x00, 0x21, 0x01, 0x04, 0x00, 0x20, 0x01, 0x02, 0x00,
    0x20, 0x40, 0x00, 0x00, 0x70, 0x07, 0x00, 0x00, 0x21, 0x40, 0x00, 0x00,
    0x10, 0x01, 0x00, 0x00, 0x22, 0x40, 0x00, 0x00, 0xd0, 0x06, 0x00, 0x00,
    0x0d, 0x01, 0x12, 0x00, 0x03, 0x00, 0x00, 0x00, 0x00, 0x40, 0x00, 0x00,
    0x50, 0xa6, 0x01, 0x00, 0x0b, 0x01, 0x00, 0x00, 0x0c, 0x01, 0x00, 0x00,
    0x10, 0x40, 0x00, 0x00, 0xf0, 0x4c, 0x02, 0x00, 0x03, 0x00, 0x00, 0x00,
    0x00, 0x40, 0x00, 0x00, 0x50, 0x49, 0x02, 0x00, 0x02, 0x40, 0x00, 0x00,
    0x00, 0x00, 0x00, 0x00, 0x01, 0x01, 0x00, 0x00, 0x02, 0x01, 0x00, 0x00,
    0x10, 0x40, 0x00, 0x00, 0x90, 0x50, 0x02, 0x00, 0x21, 0x01, 0x00, 0x00,
    0x20, 0x01, 0x00, 0x00, 0x20, 0x40, 0x00, 0x00, 0x20, 0x09, 0x00, 0x00,
    0x21, 0x40, 0x00, 0x00, 0x50, 0x01, 0x00, 0x00, 0x22, 0x40, 0x00, 0x00,
    0x80, 0x08, 0x00, 0x00, 0x0d, 0x01, 0x0a, 0x00, 0x2f, 0x01, 0x01, 0x00,
    0x02, 0x00, 0x00, 0x00, 0x00, 0x40, 0x00, 0x00, 0xf0, 0x4c, 0x02, 0x00,
    0x10, 0x40, 0x00, 0x00, 0x30, 0x54, 0x02, 0x00, 0x2f, 0x01, 0x03, 0x00,
    0x02, 0x00, 0x00, 0x00, 0x00, 0x40, 0x00, 0x00, 0x90, 0x50, 0x02, 0x00,
    0x01, 0x01, 0x04, 0x00, 0x02, 0x01, 0x04, 0x00, 0x10, 0x40, 0x00, 0x00,
    0xd0, 0x57, 0x02, 0x00, 0x20, 0x01, 0x08, 0x00, 0x20, 0x40, 0x00, 0x00,
    0x10, 0x0b, 0x00, 0x00, 0x21, 0x40, 0x00, 0x00, 0xd0, 0x00, 0x00, 0x00,
    0x22, 0x40, 0x00, 0x00, 0x70, 0x0a, 0x00, 0x00, 0x2f, 0x01, 0x01, 0x00,
    0x03, 0x00, 0x00, 0x00, 0x00, 0x40, 0x00, 0x00, 0x30, 0x54, 0x02, 0x00,
    0x10, 0x40, 0x00, 0x00, 0x70, 0x5b, 0x02, 0x00, 0x2f, 0x01, 0x03, 0x00,
    0x03, 0x00, 0x00, 0x00, 0x00, 0x40, 0x00, 0x00, 0xd0, 0x57, 0x02, 0x00,
    0x01, 0x01, 0x00, 0x00, 0x02, 0x01, 0x00, 0x00, 0x10, 0x40, 0x00, 0x00,
    0xf0, 0xa9, 0x01, 0x00, 0x20, 0x01, 0x00, 0x00, 0x20, 0x40, 0x00, 0x00,
    0x80, 0x0c, 0x00, 0x00, 0x21, 0x40, 0x00, 0x00, 0x50, 0x01, 0x00, 0x00,
    0x22, 0x40, 0x00, 0x00, 0xe0, 0x0b, 0x00, 0x00, 0x2f, 0x01, 0x01, 0x00,
    0x02, 0x00, 0x00, 0x00, 0x00, 0x40, 0x00, 0x00, 0x70, 0x5b, 0x02, 0x00,
    0x10, 0x40, 0x00, 0x00, 0x90, 0xad, 0x01, 0x00, 0x2f, 0x01, 0x03, 0x00,
    0x02, 0x00, 0x00, 0x00, 0x00, 0x40, 0x00, 0x00, 0xb0, 0x85, 0x01, 0x00,
    0x0b, 0x01, 0x04, 0x00, 0x0c, 0x01, 0x04, 0x00, 0x01, 0x01, 0x01, 0x00,
    0x02, 0x01, 0x01, 0x00, 0x10, 0x40, 0x00, 0x00, 0x50, 0x49, 0x02, 0x00,
    0x21, 0x01, 0x04, 0x00, 0x20, 0x01, 0x02, 0x00, 0x20, 0x40, 0x00, 0x00,
    0x70, 0x07, 0x00, 0x00, 0x21, 0x40, 0x00, 0x00, 0x10, 0x01, 0x00, 0x00,
    0x22, 0x40, 0x00, 0x00, 0xd0, 0x06, 0x00, 0x00, 0x0d, 0x01, 0x12, 0x00,
    0x03, 0x00, 0x00, 0x00, 0x00, 0x40, 0x00, 0x00, 0x50, 0x89, 0x01, 0x00,
    0x10, 0x40, 0x00, 0x00, 0xf0, 0x4c, 0x02, 0x00, 0x03, 0x00, 0x00, 0x00,
    0x00, 0x40, 0x00, 0x00, 0x50, 0x49, 0x02, 0x00, 0x0b, 0x01, 0x00, 0x00,
    0x0c, 0x01, 0x00, 0x00, 0x01, 0x01, 0x00, 0x00, 0x02, 0x01, 0x00, 0x00,
    0x10, 0x40, 0x00, 0x00, 0x90, 0x50, 0x02, 0x00, 0x21, 0x01, 0x00, 0x00,
    0x20, 0x01, 0x00, 0x00, 0x20, 0x40, 0x00, 0x00, 0x20, 0x09, 0x00, 0x00,
    0x21, 0x40, 0x00, 0x00, 0x50, 0x01, 0x00, 0x00, 0x22, 0x40, 0x00, 0x00,
    0x80, 0x08, 0x00, 0x00, 0x0d, 0x01, 0x0a, 0x00, 0x2f, 0x01, 0x01, 0x00,
    0x02, 0x00, 0x00, 0x00, 0x00, 0x40, 0x00, 0x00, 0xf0, 0x4c, 0x02, 0x00,
    0x10, 0x40, 0x00, 0x00, 0x30, 0x54, 0x02, 0x00, 0x2f, 0x01, 0x03, 0x00,
    0x02, 0x00, 0x00, 0x00, 0x00, 0x40, 0x00, 0x00, 0x90, 0x50, 0x02, 0x00,
    0x01, 0x01, 0x04, 0x00, 0x02, 0x01, 0x04, 0x00, 0x10, 0x40, 0x00, 0x00,
    0xd0, 0x57, 0x02, 0x00, 0x20, 0x01, 0x08, 0x00, 0x20, 0x40, 0x00, 0x00,
    0x10, 0x0b, 0x00, 0x00, 0x21, 0x40, 0x00, 0x00, 0xd0, 0x00, 0x00, 0x00,
    0x22, 0x40, 0x00, 0x00, 0x70, 0x0a, 0x00, 0x00, 0x2f, 0x01, 0x01, 0x00,
    0x03, 0x00, 0x00, 0x00, 0x00, 0x40, 0x00, 0x00, 0x30, 0x54, 0x02, 0x00,
    0x10, 0x40, 0x00, 0x00, 0x70, 0x5b, 0x02, 0x00, 0x2f, 0x01, 0x03, 0x00,
    0x03, 0x00, 0x00, 0x00, 0x00, 0x40, 0x00, 0x00, 0xd0, 0x57, 0x02, 0x00,
    0x01, 0x01, 0x00, 0x00, 0x02, 0x01, 0x00, 0x00, 0x10, 0x40, 0x00, 0x00,
    0x30, 0xb1, 0x01, 0x00, 0x20, 0x01, 0x00, 0x00, 0x20, 0x40, 0x00, 0x00,
    0x80, 0x0c, 0x00, 0x00, 0x21, 0x40, 0x00, 0x00, 0x50, 0x01, 0x00, 0x00,
    0x22, 0x40, 0x00, 0x00, 0xe0, 0x0b, 0x00, 0x00, 0x2f, 0x01, 0x01, 0x00,
    0x02, 0x00, 0x00, 0x00, 0x00, 0x40, 0x00, 0x00, 0x70, 0x5b, 0x02, 0x00,
    0x10, 0x40, 0x00, 0x00, 0xd0, 0xb4, 0x01, 0x00, 0x2f, 0x01, 0x03, 0x00,
    0x02, 0x00, 0x00, 0x00, 0x00, 0x40, 0x00, 0x00, 0xa0, 0x50, 0x00, 0x00,
    0x0b, 0x01, 0x01, 0x00, 0x0c, 0x01, 0x01, 0x00, 0x0a, 0x01, 0x72, 0x00,
    0x04, 0x01, 0x03, 0x00, 0x05, 0x40, 0x00, 0x00, 0xcc, 0x01, 0x00, 0x00,
    0x04, 0x40, 0x00, 0x00, 0x04, 0x00, 0x00, 0x00, 0x06, 0x40, 0x00, 0x00,
    0x01, 0x00, 0x00, 0x00, 0x09, 0x01, 0x00, 0x00, 0x05, 0x01, 0x01, 0x00,
    0x10, 0x40, 0x00, 0x00, 0xf0, 0x1d, 0x02, 0x00, 0x11, 0x01, 0x72, 0x00,
    0x1a, 0x01, 0x72, 0x00, 0x13, 0x01, 0x03, 0x00, 0x15, 0x40, 0x00, 0x00,
    0x30, 0x07, 0x00, 0x00, 0x16, 0x40, 0x00, 0x00, 0x30, 0x07, 0x00, 0x00,
    0x18, 0x01, 0x00, 0x00, 0x14, 0x01, 0x41, 0x81, 0x21, 0x01, 0x01, 0x00,
    0x22, 0x01, 0x02, 0x00, 0x15, 0x01, 0x15, 0x00, 0x17, 0x01, 0x07, 0x00,
    0x05, 0x00, 0x01, 0x00, 0x00, 0x40, 0x00, 0x00, 0x38, 0x54, 0x00, 0x00,
    0x10, 0x40, 0x00, 0x00, 0x20, 0x25, 0x02, 0x00, 0x05, 0x00, 0x01, 0x00,
    0x00, 0x40, 0x00, 0x00, 0xf0, 0x1d, 0x02, 0x00, 0x0b, 0x01, 0x00, 0x00,
    0x0c, 0x01, 0x00, 0x00, 0x05, 0x40, 0x00, 0x00, 0x30, 0x07, 0x00, 0x00,
    0x04, 0x40, 0x00, 0x00, 0x10, 0x00, 0x00, 0x00, 0x06, 0x40, 0x00, 0x00,
    0x30, 0x07, 0x00, 0x00, 0x09, 0x01, 0xff, 0xff, 0x05, 0x01, 0x41, 0x00,
    0x01, 0x01, 0x01, 0x00, 0x02, 0x01, 0x01, 0x00, 0x10, 0x40, 0x00, 0x00,
    0x50, 0x2c, 0x02, 0x00, 0x11, 0x01, 0x39, 0x00, 0x1a, 0x01, 0x39, 0x00,
    0x13, 0x01, 0x0b, 0x00, 0x15, 0x40, 0x00, 0x00, 0xa0, 0x03, 0x00, 0x00,
    0x16, 0x40, 0x00, 0x00, 0xa0, 0x03, 0x00, 0x00, 0x18, 0x01, 0x80, 0xff,
    0x14, 0x01, 0x41, 0x00, 0x21, 0x01, 0x00, 0x00, 0x20, 0x01, 0x02, 0x00,
    0x22, 0x01, 0x05, 0x00, 0x20, 0x40, 0x00, 0x00, 0x80, 0x00, 0x00, 0x00,
    0x21, 0x40, 0x00, 0x00, 0x00, 0x01, 0x00, 0x00, 0x22, 0x40, 0x00, 0x00,
    0x00, 0x00, 0x00, 0x00, 0x23, 0x40, 0x00, 0x00, 0x80, 0x00, 0x00, 0x00,
    0x15, 0x01, 0x39, 0x00, 0x17, 0x01, 0x0f, 0x00, 0x2f, 0x01, 0x01, 0x00,
    0x02, 0x00, 0x00, 0x00, 0x00, 0x40, 0x00, 0x00, 0x20, 0x25, 0x02, 0x00,
    0x10, 0x40, 0x00, 0x00, 0xf0, 0x2f, 0x02, 0x00, 0x2f, 0x01, 0x03, 0x00,
    0x02, 0x00, 0x00, 0x00, 0x00, 0x40, 0x00, 0x00, 0x50, 0x2c, 0x02, 0x00,
    0x0a, 0x01, 0x39, 0x00, 0x04, 0x01, 0x0b, 0x00, 0x05, 0x40, 0x00, 0x00,
    0xa0, 0x03, 0x00, 0x00, 0x06, 0x40, 0x00, 0x00, 0xa0, 0x03, 0x00, 0x00,
    0x09, 0x01, 0x80, 0xff, 0x01, 0x01, 0x03, 0x00, 0x02, 0x01, 0x03, 0x00,
    0x10, 0x40, 0x00, 0x00, 0x90, 0x33, 0x02, 0x00, 0x20, 0x01, 0x06, 0x00,
    0x22, 0x01, 0x00, 0x00, 0x20, 0x40, 0x00, 0x00, 0x00, 0x02, 0x00, 0x00,
    0x21, 0x40, 0x00, 0x00, 0x90, 0x00, 0x00, 0x00, 0x22, 0x40, 0x00, 0x00,
    0x80, 0x01, 0x00, 0x00, 0x2f, 0x01, 0x01, 0x00, 0x03, 0x00, 0x00, 0x00,
    0x00, 0x40, 0x00, 0x00, 0xf0, 0x2f, 0x02, 0x00, 0x10, 0x40, 0x00, 0x00,
    0x30, 0x37, 0x02, 0x00, 0x2f, 0x01, 0x03, 0x00, 0x03, 0x00, 0x00, 0x00,
    0x00, 0x40, 0x00, 0x00, 0x90, 0x33, 0x02, 0x00, 0x01, 0x01, 0x00, 0x00,
    0x02, 0x01, 0x00, 0x00, 0x10, 0x40, 0x00, 0x00, 0xd0, 0x3a, 0x02, 0x00,
    0x20, 0x01, 0x00, 0x00, 0x20, 0x40, 0x00, 0x00, 0x10, 0x03, 0x00, 0x00,
    0x21, 0x40, 0x00, 0x00, 0xe0, 0x00, 0x00, 0x00, 0x22, 0x40, 0x00, 0x00,
    0x90, 0x02, 0x00, 0x00, 0x2f, 0x01, 0x01, 0x00, 0x02, 0x00, 0x00, 0x00,
    0x00, 0x40, 0x00, 0x00, 0x30, 0x37, 0x02, 0x00, 0x10, 0x40, 0x00, 0x00,
    0x70, 0x3e, 0x02, 0x00, 0x2f, 0x01, 0x03, 0x00, 0x02, 0x00, 0x00, 0x00,
    0x00, 0x40, 0x00, 0x00, 0xd0, 0x3a, 0x02, 0x00, 0x01, 0x01, 0x04, 0x00,
    0x02, 0x01, 0x04, 0x00, 0x10, 0x40, 0x00, 0x00, 0x10, 0x42, 0x02, 0x00,
    0x20, 0x01, 0x08, 0x00, 0x20, 0x40, 0x00, 0x00, 0x70, 0x04, 0x00, 0x00,
    0x21, 0x40, 0x00, 0x00, 0xb0, 0x00, 0x00, 0x00, 0x22, 0x40, 0x00, 0x00,
    0xf0, 0x03, 0x00, 0x00, 0x2f, 0x01, 0x01, 0x00, 0x03, 0x00, 0x00, 0x00,
    0x00, 0x40, 0x00, 0x00, 0x70, 0x3e, 0x02, 0x00, 0x10, 0x40, 0x00, 0x00,
    0xb0, 0x45, 0x02, 0x00, 0x2f, 0x01, 0x03, 0x00, 0x03, 0x00, 0x00, 0x00,
    0x00, 0x40, 0x00, 0x00, 0x10, 0x42, 0x02, 0x00, 0x01, 0x01, 0x00, 0x00,
    0x02, 0x01, 0x00, 0x00, 0x10, 0x40, 0x00, 0x00, 0x70, 0x9b, 0x01, 0x00,
    0x13, 0x01, 0x0f, 0x00, 0x20, 0x01, 0x00, 0x00, 0x20, 0x40, 0x00, 0x00,
    0xc0, 0x05, 0x00, 0x00, 0x21, 0x40, 0x00, 0x00, 0x10, 0x01, 0x00, 0x00,
    0x22, 0x40, 0x00, 0x00, 0x20, 0x05, 0x00, 0x00, 0x23, 0x40, 0x00, 0x00,
    0xa0, 0x00, 0x00, 0x00, 0x2f, 0x01, 0x01, 0x00, 0x02, 0x00, 0x00, 0x00,
    0x00, 0x40, 0x00, 0x00, 0xb0, 0x45, 0x02, 0x00, 0x10, 0x40, 0x00, 0x00,
    0x10, 0x9f, 0x01, 0x00, 0x2f, 0x01, 0x03, 0x00, 0x02, 0x00, 0x00, 0x00,
    0x00, 0x40, 0x00, 0x00, 0xd0, 0x57, 0x00, 0x00, 0x0b, 0x01, 0x01, 0x00,
    0x0c, 0x01, 0x01, 0x00, 0x0a, 0x01, 0x72, 0x00, 0x04, 0x01, 0x03, 0x00,
    0x05, 0x40, 0x00, 0x00, 0xcc, 0x01, 0x00, 0x00, 0x04, 0x40, 0x00, 0x00,
    0x04, 0x00, 0x00, 0x00, 0x06, 0x40, 0x00, 0x00, 0x01, 0x00, 0x00, 0x00,
    0x09, 0x01, 0x00, 0x00, 0x05, 0x01, 0x01, 0x00, 0x10, 0x40, 0x00, 0x00,
    0xf0, 0x1d, 0x02, 0x00, 0x11, 0x01, 0x72, 0x00, 0x1a, 0x01, 0x72, 0x00,
    0x13, 0x01, 0x03, 0x00, 0x15, 0x40, 0x00, 0x00, 0x30, 0x07, 0x00, 0x00,
    0x16, 0x40, 0x00, 0x00, 0x30, 0x07, 0x00, 0x00, 0x18, 0x01, 0x00, 0x00,
    0x14, 0x01, 0x41, 0x81, 0x21, 0x01, 0x01, 0x00, 0x22, 0x01, 0x02, 0x00,
    0x15, 0x01, 0x15, 0x00, 0x17, 0x01, 0x07, 0x00, 0x05, 0x00, 0x01, 0x00,
    0x00, 0x40, 0x00, 0x00, 0x68, 0x5b, 0x00, 0x00, 0x10, 0x40, 0x00, 0x00,
    0x20, 0x25, 0x02, 0x00, 0x05, 0x00, 0x01, 0x00, 0x00, 0x40, 0x00, 0x00,
    0xf0, 0x1d, 0x02, 0x00, 0x0b, 0x01, 0x00, 0x00, 0x0c, 0x01, 0x00, 0x00,
    0x05, 0x40, 0x00, 0x00, 0x30, 0x07, 0x00, 0x00, 0x04, 0x40, 0x00, 0x00,
    0x10, 0x00, 0x00, 0x00, 0x06, 0x40, 0x00, 0x00, 0x30, 0x07, 0x00, 0x00,
    0x09, 0x01, 0xff, 0xff, 0x05, 0x01, 0x41, 0x00, 0x01, 0x01, 0x01, 0x00,
    0x02, 0x01, 0x01, 0x00, 0x10, 0x40, 0x00, 0x00, 0x50, 0x2c, 0x02, 0x00,
    0x11, 0x01, 0x39, 0x00, 0x1a, 0x01, 0x39, 0x00, 0x13, 0x01, 0x0b, 0x00,
    0x15, 0x40, 0x00, 0x00, 0xa0, 0x03, 0x00, 0x00, 0x16, 0x40, 0x00, 0x00,
    0xa0, 0x03, 0x00, 0x00, 0x18, 0x01, 0x80, 0xff, 0x14, 0x01, 0x41, 0x00,
    0x21, 0x01, 0x00, 0x00, 0x20, 0x01, 0x02, 0x00, 0x22, 0x01, 0x05, 0x00,
    0x20, 0x40, 0x00, 0x00, 0x80, 0x00, 0x00, 0x00, 0x21, 0x40, 0x00, 0x00,
    0x00, 0x01, 0x00, 0x00, 0x22, 0x40, 0x00, 0x00, 0x00, 0x00, 0x00, 0x00,
    0x23, 0x40, 0x00, 0x00, 0x80, 0x00, 0x00, 0x00, 0x15, 0x01, 0x39, 0x00,
    0x17, 0x01, 0x0f, 0x00, 0x2f, 0x01, 0x01, 0x00, 0x02, 0x00, 0x00, 0x00,
    0x00, 0x40, 0x00, 0x00, 0x20, 0x25, 0x02, 0x00, 0x10, 0x40, 0x00, 0x00,
    0xf0, 0x2f, 0x02, 0x00, 0x2f, 0x01, 0x03, 0x00, 0x02, 0x00, 0x00, 0x00,
    0x00, 0x40, 0x00, 0x00, 0x50, 0x2c, 0x02, 0x00, 0x0a, 0x01, 0x39, 0x00,
    0x04, 0x01, 0x0b, 0x00, 0x05, 0x40, 0x00, 0x00, 0xa0, 0x03, 0x00, 0x00,
    0x06, 0x40, 0x00, 0x00, 0xa0, 0x03, 0x00, 0x00, 0x09, 0x01, 0x80, 0xff,
    0x01, 0x01, 0x03, 0x00, 0x02, 0x01, 0x03, 0x00, 0x10, 0x40, 0x00, 0x00,
    0x90, 0x33, 0x02, 0x00, 0x20, 0x01, 0x06, 0x00, 0x22, 0x01, 0x00, 0x00,
    0x20, 0x40, 0x00, 0x00, 0x00, 0x02, 0x00, 0x00, 0x21, 0x40, 0x00, 0x00,
    0x90, 0x00, 0x00, 0x00, 0x22, 0x40, 0x00, 0x00, 0x80, 0x01, 0x00, 0x00,
    0x2f, 0x01, 0x01, 0x00, 0x03, 0x00, 0x00, 0x00, 0x00, 0x40, 0x00, 0x00,
    0xf0, 0x2f, 0x02, 0x00, 0x10, 0x40, 0x00, 0x00, 0x30, 0x37, 0x02, 0x00,
    0x2f, 0x01, 0x03, 0x00, 0x03, 0x00, 0x00, 0x00, 0x00, 0x40, 0x00, 0x00,
    0x90, 0x33, 0x02, 0x00, 0x01, 0x01, 0x00, 0x00, 0x02, 0x01, 0x00, 0x00,
    0x10, 0x40, 0x00, 0x00, 0xd0, 0x3a, 0x02, 0x00, 0x20, 0x01, 0x00, 0x00,
    0x20, 0x40, 0x00, 0x00, 0x10, 0x03, 0x00, 0x00, 0x21, 0x40, 0x00, 0x00,
    0xe0, 0x00, 0x00, 0x00, 0x22, 0x40, 0x00, 0x00, 0x90, 0x02, 0x00, 0x00,
    0x2f, 0x01, 0x01, 0x00, 0x02, 0x00, 0x00, 0x00, 0x00, 0x40, 0x00, 0x00,
    0x30, 0x37, 0x02, 0x00, 0x10, 0x40, 0x00, 0x00, 0x70, 0x3e, 0x02, 0x00,
    0x2f, 0x01, 0x03, 0x00, 0x02, 0x00, 0x00, 0x00, 0x00, 0x40, 0x00, 0x00,
    0xd0, 0x3a, 0x02, 0x00, 0x01, 0x01, 0x04, 0x00, 0x02, 0x01, 0x04, 0x00,
    0x10, 0x40, 0x00, 0x00, 0x10, 0x42, 0x02, 0x00, 0x20, 0x01, 0x08, 0x00,
    0x20, 0x40, 0x00, 0x00, 0x70, 0x04, 0x00, 0x00, 0x21, 0x40, 0x00, 0x00,
    0xb0, 0x00, 0x00, 0x00, 0x22, 0x40, 0x00, 0x00, 0xf0, 0x03, 0x00, 0x00,
    0x2f, 0x01, 0x01, 0x00, 0x03, 0x00, 0x00, 0x00, 0x00, 0x40, 0x00, 0x00,
    0x70, 0x3e, 0x02, 0x00, 0x10, 0x40, 0x00, 0x00, 0xb0, 0x45, 0x02, 0x00,
    0x2f, 0x01, 0x03, 0x00, 0x03, 0x00, 0x00, 0x00, 0x00, 0x40, 0x00, 0x00,
    0x10, 0x42, 0x02, 0x00, 0x01, 0x01, 0x00, 0x00, 0x02, 0x01, 0x00, 0x00,
    0x10, 0x40, 0x00, 0x00, 0xb0, 0xa2, 0x01, 0x00, 0x13, 0x01, 0x0f, 0x00,
    0x20, 0x01, 0x00, 0x00, 0x20, 0x40, 0x00, 0x00, 0xc0, 0x05, 0x00, 0x00,
    0x21, 0x40, 0x00, 0x00, 0x10, 0x01, 0x00, 0x00, 0x22, 0x40, 0x00, 0x00,
    0x20, 0x05, 0x00, 0x00, 0x23, 0x40, 0x00, 0x00, 0xa0, 0x00, 0x00, 0x00,
    0x2f, 0x01, 0x01, 0x00, 0x02, 0x00, 0x00, 0x00, 0x00, 0x40, 0x00, 0x00,
    0xb0, 0x45, 0x02, 0x00, 0x10, 0x40, 0x00, 0x00, 0x50, 0xa6, 0x01, 0x00,
    0x2f, 0x01, 0x03, 0x00, 0x02, 0x00, 0x00, 0x00, 0x00, 0x40, 0x00, 0x00,
    0x00, 0x5f, 0x00, 0x00, 0x0b, 0x01, 0x01, 0x00, 0x0c, 0x01, 0x01, 0x00,
    0x0a, 0x01, 0x72, 0x00, 0x04, 0x01, 0x03, 0x00, 0x05, 0x40, 0x00, 0x00,
    0xcc, 0x01, 0x00, 0x00, 0x04, 0x40, 0x00, 0x00, 0x04, 0x00, 0x00, 0x00,
    0x06, 0x40, 0x00, 0x00, 0x01, 0x00, 0x00, 0x00, 0x09, 0x01, 0x00, 0x00,
    0x05, 0x01, 0x01, 0x00, 0x10, 0x40, 0x00, 0x00, 0xf0, 0x1d, 0x02, 0x00,
    0x11, 0x01, 0x72, 0x00, 0x1a, 0x01, 0x72, 0x00, 0x13, 0x01, 0x03, 0x00,
    0x15, 0x40, 0x00, 0x00, 0x30, 0x07, 0x00, 0x00, 0x16, 0x40, 0x00, 0x00,
    0x30, 0x07, 0x00, 0x00, 0x18, 0x01, 0x00, 0x00, 0x14, 0x01, 0x41, 0x81,
    0x21, 0x01, 0x01, 0x00, 0x22, 0x01, 0x02, 0x00, 0x15, 0x01, 0x15, 0x00,
    0x17, 0x01, 0x07, 0x00, 0x05, 0x00, 0x01, 0x00, 0x00, 0x40, 0x00, 0x00,
    0x98, 0x62, 0x00, 0x00, 0x10, 0x40, 0x00, 0x00, 0x20, 0x25, 0x02, 0x00,
    0x05, 0x00, 0x01, 0x00, 0x00, 0x40, 0x00, 0x00, 0xf0, 0x1d, 0x02, 0x00,
    0x0b, 0x01, 0x00, 0x00, 0x0c, 0x01, 0x00, 0x00, 0x05, 0x40, 0x00, 0x00,
    0x30, 0x07, 0x00, 0x00, 0x04, 0x40, 0x00, 0x00, 0x10, 0x00, 0x00, 0x00,
    0x06, 0x40, 0x00, 0x00, 0x30, 0x07, 0x00, 0x00, 0x09, 0x01, 0xff, 0xff,
    0x05, 0x01, 0x41, 0x00, 0x01, 0x01, 0x01, 0x00, 0x02, 0x01, 0x01, 0x00,
    0x10, 0x40, 0x00, 0x00, 0x50, 0x2c, 0x02, 0x00, 0x11, 0x01, 0x39, 0x00,
    0x1a, 0x01, 0x39, 0x00, 0x13, 0x01, 0x0b, 0x00, 0x15, 0x40, 0x00, 0x00,
    0xa0, 0x03, 0x00, 0x00, 0x16, 0x40, 0x00, 0x00, 0xa0, 0x03, 0x00, 0x00,
    0x18, 0x01, 0x80, 0xff, 0x14, 0x01, 0x41, 0x00, 0x21, 0x01, 0x00, 0x00,
    0x20, 0x01, 0x02, 0x00, 0x22, 0x01, 0x05, 0x00, 0x20, 0x40, 0x00, 0x00,
    0x80, 0x00, 0x00, 0x00, 0x21, 0x40, 0x00, 0x00, 0x00, 0x01, 0x00, 0x00,
    0x22, 0x40, 0x00, 0x00, 0x00, 0x00, 0x00, 0x00, 0x23, 0x40, 0x00, 0x00,
    0x80, 0x00, 0x00, 0x00, 0x15, 0x01, 0x39, 0x00, 0x17, 0x01, 0x0f, 0x00,
    0x2f, 0x01, 0x01, 0x00, 0x02, 0x00, 0x00, 0x00, 0x00, 0x40, 0x00, 0x00,
    0x20, 0x25, 0x02, 0x00, 0x10, 0x40, 0x00, 0x00, 0xf0, 0x2f, 0x02, 0x00,
    0x2f, 0x01, 0x03, 0x00, 0x02, 0x00, 0x00, 0x00, 0x00, 0x40, 0x00, 0x00,
    0x50, 0x2c, 0x02, 0x00, 0x0a, 0x01, 0x39, 0x00, 0x04, 0x01, 0x0b, 0x00,
    0x05, 0x40, 0x00, 0x00, 0xa0, 0x03, 0x00, 0x00, 0x06, 0x40, 0x00, 0x00,
    0xa0, 0x03, 0x00, 0x00, 0x09, 0x01, 0x80, 0xff, 0x01, 0x01, 0x03, 0x00,
    0x02, 0x01, 0x03, 0x00, 0x10, 0x40, 0x00, 0x00, 0x90, 0x33, 0x02, 0x00,
    0x20, 0x01, 0x06, 0x00, 0x22, 0x01, 0x00, 0x00, 0x20, 0x40, 0x00, 0x00,
    0x00, 0x02, 0x00, 0x00, 0x21, 0x40, 0x00, 0x00, 0x90, 0x00, 0x00, 0x00,
    0x22, 0x40, 0x00, 0x00, 0x80, 0x01, 0x00, 0x00, 0x2f, 0x01, 0x01, 0x00,
    0x03, 0x00, 0x00, 0x00, 0x00, 0x40, 0x00, 0x00, 0xf0, 0x2f, 0x02, 0x00,
    0x10, 0x40, 0x00, 0x00, 0x30, 0x37, 0x02, 0x00, 0x2f, 0x01, 0x03, 0x00,
    0x03, 0x00, 0x00, 0x00, 0x00, 0x40, 0x00, 0x00, 0x90, 0x33, 0x02, 0x00,
    0x01, 0x01, 0x00, 0x00, 0x02, 0x01, 0x00, 0x00, 0x10, 0x40, 0x00, 0x00,
    0xd0, 0x3a, 0x02, 0x00, 0x20, 0x01, 0x00, 0x00, 0x20, 0x40, 0x00, 0x00,
    0x10, 0x03, 0x00, 0x00, 0x21, 0x40, 0x00, 0x00, 0xe0, 0x00, 0x00, 0x00,
    0x22, 0x40, 0x00, 0x00, 0x90, 0x02, 0x00, 0x00, 0x2f, 0x01, 0x01, 0x00,
    0x02, 0x00, 0x00, 0x00, 0x00, 0x40, 0x00, 0x00, 0x30, 0x37, 0x02, 0x00,
    0x10, 0x40, 0x00, 0x00, 0x70, 0x3e, 0x02, 0x00, 0x2f, 0x01, 0x03, 0x00,
    0x02, 0x00, 0x00, 0x00, 0x00, 0x40, 0x00, 0x00, 0xd0, 0x3a, 0x02, 0x00,
    0x01, 0x01, 0x04, 0x00, 0x02, 0x01, 0x04, 0x00, 0x10, 0x40, 0x00, 0x00,
    0x10, 0x42, 0x02, 0x00, 0x20, 0x01, 0x08, 0x00, 0x20, 0x40, 0x00, 0x00,
    0x70, 0x04, 0x00, 0x00, 0x21, 0x40, 0x00, 0x00, 0xb0, 0x00, 0x00, 0x00,
    0x22, 0x40, 0x00, 0x00, 0xf0, 0x03, 0x00, 0x00, 0x2f, 0x01, 0x01, 0x00,
    0x03, 0x00, 0x00, 0x00, 0x00, 0x40, 0x00, 0x00, 0x70, 0x3e, 0x02, 0x00,
    0x10, 0x40, 0x00, 0x00, 0xb0, 0x45, 0x02, 0x00, 0x2f, 0x01, 0x03, 0x00,
    0x03, 0x00, 0x00, 0x00, 0x00, 0x40, 0x00, 0x00, 0x10, 0x42, 0x02, 0x00,
    0x01, 0x01, 0x00, 0x00, 0x02, 0x01, 0x00, 0x00, 0x10, 0x40, 0x00, 0x00,
    0xb0, 0x85, 0x01, 0x00, 0x13, 0x01, 0x0f, 0x00, 0x20, 0x01, 0x00, 0x00,
    0x20, 0x40, 0x00, 0x00, 0xc0, 0x05, 0x00, 0x00, 0x21, 0x40, 0x00, 0x00,
    0x10, 0x01, 0x00, 0x00, 0x22, 0x40, 0x00, 0x00, 0x20, 0x05, 0x00, 0x00,
    0x23, 0x40, 0x00, 0x00, 0xa0, 0x00, 0x00, 0x00, 0x2f, 0x01, 0x01, 0x00,
    0x02, 0x00, 0x00, 0x00, 0x00, 0x40, 0x00, 0x00, 0xb0, 0x45, 0x02, 0x00,
    0x10, 0x40, 0x00, 0x00, 0x50, 0x89, 0x01, 0x00, 0x2f, 0x01, 0x03, 0x00,
    0x02, 0x00, 0x00, 0x00, 0x00, 0x40, 0x00, 0x00, 0xf0, 0x8c, 0x01, 0x00,
    0x0b, 0x01, 0x04, 0x00, 0x0c, 0x01, 0x04, 0x00, 0x04, 0x01, 0x0f, 0x00,
    0x01, 0x01, 0x01, 0x00, 0x02, 0x01, 0x01, 0x00, 0x10, 0x40, 0x00, 0x00,
    0x50, 0x49, 0x02, 0x00, 0x21, 0x01, 0x04, 0x00, 0x20, 0x01, 0x02, 0x00,
    0x20, 0x40, 0x00, 0x00, 0x70, 0x07, 0x00, 0x00, 0x22, 0x40, 0x00, 0x00,
    0xd0, 0x06, 0x00, 0x00, 0x0d, 0x01, 0x12, 0x00, 0x2f, 0x01, 0x01, 0x00,
    0x03, 0x00, 0x00, 0x00, 0x00, 0x40, 0x00, 0x00, 0x90, 0x90, 0x01, 0x00,
    0x10, 0x40, 0x00, 0x00, 0xf0, 0x4c, 0x02, 0x00, 0x2f, 0x01, 0x03, 0x00,
    0x03, 0x00, 0x00, 0x00, 0x00, 0x40, 0x00, 0x00, 0x50, 0x49, 0x02, 0x00,
    0x0b, 0x01, 0x00, 0x00, 0x0c, 0x01, 0x00, 0x00, 0x01, 0x01, 0x00, 0x00,
    0x02, 0x01, 0x00, 0x00, 0x10, 0x40, 0x00, 0x00, 0x90, 0x50, 0x02, 0x00,
    0x21, 0x01, 0x00, 0x00, 0x20, 0x01, 0x00, 0x00, 0x20, 0x40, 0x00, 0x00,
    0x20, 0x09, 0x00, 0x00, 0x21, 0x40, 0x00, 0x00, 0x50, 0x01, 0x00, 0x00,
    0x22, 0x40, 0x00, 0x00, 0x80, 0x08, 0x00, 0x00, 0x0d, 0x01, 0x0a, 0x00,
    0x2f, 0x01, 0x01, 0x00, 0x02, 0x00, 0x00, 0x00, 0x00, 0x40, 0x00, 0x00,
    0xf0, 0x4c, 0x02, 0x00, 0x10, 0x40, 0x00, 0x00, 0x30, 0x54, 0x02, 0x00,
    0x2f, 0x01, 0x03, 0x00, 0x02, 0x00, 0x00, 0x00, 0x00, 0x40, 0x00, 0x00,
    0x90, 0x50, 0x02, 0x00, 0x01, 0x01, 0x04, 0x00, 0x02, 0x01, 0x04, 0x00,
    0x10, 0x40, 0x00, 0x00, 0xd0, 0x57, 0x02, 0x00, 0x20, 0x01, 0x08, 0x00,
    0x20, 0x40, 0x00, 0x00, 0x10, 0x0b, 0x00, 0x00, 0x21, 0x40, 0x00, 0x00,
    0xd0, 0x00, 0x00, 0x00, 0x22, 0x40, 0x00, 0x00, 0x70, 0x0a, 0x00, 0x00,
    0x2f, 0x01, 0x01, 0x00, 0x03, 0x00, 0x00, 0x00, 0x00, 0x40, 0x00, 0x00,
    0x30, 0x54, 0x02, 0x00, 0x10, 0x40, 0x00, 0x00, 0x70, 0x5b, 0x02, 0x00,
    0x2f, 0x01, 0x03, 0x00, 0x03, 0x00, 0x00, 0x00, 0x00, 0x40, 0x00, 0x00,
    0xd0, 0x57, 0x02, 0x00, 0x01, 0x01, 0x00, 0x00, 0x02, 0x01, 0x00, 0x00,
    0x10, 0x40, 0x00, 0x00, 0x70, 0xb8, 0x01, 0x00, 0x20, 0x01, 0x00, 0x00,
    0x20, 0x40, 0x00, 0x00, 0x80, 0x0c, 0x00, 0x00, 0x21, 0x40, 0x00, 0x00,
    0x50, 0x01, 0x00, 0x00, 0x22, 0x40, 0x00, 0x00, 0xe0, 0x0b, 0x00, 0x00,
    0x2f, 0x01, 0x01, 0x00, 0x02, 0x00, 0x00, 0x00, 0x00, 0x40, 0x00, 0x00,
    0x70, 0x5b, 0x02, 0x00, 0x10, 0x40, 0x00, 0x00, 0x10, 0xbc, 0x01, 0x00,
    0x2f, 0x01, 0x03, 0x00, 0x02, 0x00, 0x00, 0x00, 0x00, 0x40, 0x00, 0x00,
    0xb0, 0xbf, 0x01, 0x00, 0x02, 0x40, 0x00, 0x00, 0xf0, 0xa9, 0x01, 0x00,
    0x0b, 0x01, 0x03, 0x00, 0x0c, 0x01, 0x03, 0x00, 0x01, 0x01, 0x01, 0x00,
    0x02, 0x01, 0x01, 0x00, 0x10, 0x40, 0x00, 0x00, 0x10, 0x5f, 0x02, 0x00,
    0x21, 0x01, 0x04, 0x00, 0x20, 0x01, 0x02, 0x00, 0x20, 0x40, 0x00, 0x00,
    0x70, 0x0e, 0x00, 0x00, 0x21, 0x40, 0x00, 0x00, 0x10, 0x01, 0x00, 0x00,
    0x22, 0x40, 0x00, 0x00, 0xd0, 0x0d, 0x00, 0x00, 0x0d, 0x01, 0x12, 0x00,
    0x2f, 0x01, 0x01, 0x00, 0x03, 0x00, 0x00, 0x00, 0x00, 0x40, 0x00, 0x00,
    0x50, 0xc3, 0x01, 0x00, 0x0b, 0x01, 0x02, 0x00, 0x0c, 0x01, 0x02, 0x00,
    0x10, 0x40, 0x00, 0x00, 0xb0, 0x62, 0x02, 0x00, 0x2f, 0x01, 0x03, 0x00,
    0x03, 0x00, 0x00, 0x00, 0x00, 0x40, 0x00, 0x00, 0x10, 0x5f, 0x02, 0x00,
    0x02, 0x40, 0x00, 0x00, 0x00, 0x00, 0x00, 0x00, 0x0b, 0x01, 0x00, 0x00,
    0x0c, 0x01, 0x00, 0x00, 0x01, 0x01, 0x00, 0x00, 0x02, 0x01, 0x00, 0x00,
    0x10, 0x40, 0x00, 0x00, 0x50, 0x66, 0x02, 0x00, 0x21, 0x01, 0x00, 0x00,
    0x20, 0x01, 0x00, 0x00, 0x20, 0x40, 0x00, 0x00, 0x20, 0x10, 0x00, 0x00,
    0x21, 0x40, 0x00, 0x00, 0x50, 0x01, 0x00, 0x00, 0x22, 0x40, 0x00, 0x00,
    0x80, 0x0f, 0x00, 0x00, 0x0d, 0x01, 0x0a, 0x00, 0x2f, 0x01, 0x01, 0x00,
    0x02, 0x00, 0x00, 0x00, 0x00, 0x40, 0x00, 0x00, 0xb0, 0x62, 0x02, 0x00,
    0x10, 0x40, 0x00, 0x00, 0xf0, 0x69, 0x02, 0x00, 0x2f, 0x01, 0x03, 0x00,
    0x02, 0x00, 0x00, 0x00, 0x00, 0x40, 0x00, 0x00, 0x50, 0x66, 0x02, 0x00,
    0x01, 0x01, 0x04, 0x00, 0x02, 0x01, 0x04, 0x00, 0x10, 0x40, 0x00, 0x00,
    0x90, 0x6d, 0x02, 0x00, 0x20, 0x01, 0x08, 0x00, 0x20, 0x40, 0x00, 0x00,
    0x10, 0x12, 0x00, 0x00, 0x21, 0x40, 0x00, 0x00, 0xb0, 0x00, 0x00, 0x00,
    0x22, 0x40, 0x00, 0x00, 0x70, 0x11, 0x00, 0x00, 0x2f, 0x01, 0x01, 0x00,
    0x03, 0x00, 0x00, 0x00, 0x00, 0x40, 0x00, 0x00, 0xf0, 0x69, 0x02, 0x00,
    0x10, 0x40, 0x00, 0x00, 0x30, 0x71, 0x02, 0x00, 0x2f, 0x01, 0x03, 0x00,
    0x03, 0x00, 0x00, 0x00, 0x00, 0x40, 0x00, 0x00, 0x90, 0x6d, 0x02, 0x00,
    0x01, 0x01, 0x00, 0x00, 0x02, 0x01, 0x00, 0x00, 0x10, 0x40, 0x00, 0x00,
    0x30, 0xeb, 0x01, 0x00, 0x20, 0x01, 0x00, 0x00, 0x20, 0x40, 0x00, 0x00,
    0x60, 0x13, 0x00, 0x00, 0x21, 0x40, 0x00, 0x00, 0x50, 0x01, 0x00, 0x00,
    0x22, 0x40, 0x00, 0x00, 0xc0, 0x12, 0x00, 0x00, 0x2f, 0x01, 0x01, 0x00,
    0x02, 0x00, 0x00, 0x00, 0x00, 0x40, 0x00, 0x00, 0x30, 0x71, 0x02, 0x00,
    0x10, 0x40, 0x00, 0x00, 0xd0, 0xee, 0x01, 0x00, 0x2f, 0x01, 0x03, 0x00,
    0x02, 0x00, 0x00, 0x00, 0x00, 0x40, 0x00, 0x00, 0x30, 0xce, 0x01, 0x00,
    0x0b, 0x01, 0x02, 0x00, 0x0c, 0x01, 0x02, 0x00, 0x00, 0x01, 0x02, 0x00,
    0x01, 0x01, 0x01, 0x00, 0x02, 0x01, 0x01, 0x00, 0x10, 0x40, 0x00, 0x00,
    0xd0, 0x74, 0x02, 0x00, 0x21, 0x01, 0x04, 0x00, 0x20, 0x01, 0x02, 0x00,
    0x20, 0x40, 0x00, 0x00, 0x50, 0x15, 0x00, 0x00, 0x21, 0x40, 0x00, 0x00,
    0x10, 0x01, 0x00, 0x00, 0x22, 0x40, 0x00, 0x00, 0xb0, 0x14, 0x00, 0x00,
    0x0d, 0x01, 0x12, 0x00, 0x2f, 0x01, 0x01, 0x00, 0x03, 0x00, 0x00, 0x00,
    0x0b, 0x01, 0x03, 0x00, 0x0c, 0x01, 0x03, 0x00, 0x00, 0x01, 0x01, 0x00,
    0x10, 0x40, 0x00, 0x00, 0x70, 0x78, 0x02, 0x00, 0x2f, 0x01, 0x03, 0x00,
    0x03, 0x00, 0x00, 0x00, 0x00, 0x40, 0x00, 0x00, 0xd0, 0x74, 0x02, 0x00,
    0x0b, 0x01, 0x00, 0x00, 0x0c, 0x01, 0x00, 0x00, 0x00, 0x01, 0x00, 0x00,
    0x01, 0x01, 0x00, 0x00, 0x02, 0x01, 0x00, 0x00, 0x10, 0x40, 0x00, 0x00,
    0x70, 0xf2, 0x01, 0x00, 0x21, 0x01, 0x00, 0x00, 0x20, 0x01, 0x00, 0x00,
    0x20, 0x40, 0x00, 0x00, 0x00, 0x17, 0x00, 0x00, 0x21, 0x40, 0x00, 0x00,
    0x50, 0x01, 0x00, 0x00, 0x22, 0x40, 0x00, 0x00, 0x60, 0x16, 0x00, 0x00,
    0x0d, 0x01, 0x0a, 0x00, 0x2f, 0x01, 0x01, 0x00, 0x02, 0x00, 0x00, 0x00,
    0x00, 0x40, 0x00, 0x00, 0x70, 0x78, 0x02, 0x00, 0x10, 0x40, 0x00, 0x00,
    0x10, 0xf6, 0x01, 0x00, 0x2f, 0x01, 0x03, 0x00, 0x02, 0x00, 0x00, 0x00,
    0x00, 0x40, 0x00, 0x00, 0x30, 0xce, 0x01, 0x00, 0x0b, 0x01, 0x04, 0x00,
    0x0c, 0x01, 0x04, 0x00, 0x01, 0x01, 0x01, 0x00, 0x02, 0x01, 0x01, 0x00,
    0x10, 0x40, 0x00, 0x00, 0xd0, 0x74, 0x02, 0x00, 0x21, 0x01, 0x04, 0x00,
    0x20, 0x01, 0x02, 0x00, 0x20, 0x40, 0x00, 0x00, 0x50, 0x15, 0x00, 0x00,
    0x21, 0x40, 0x00, 0x00, 0x10, 0x01, 0x00, 0x00, 0x22, 0x40, 0x00, 0x00,
    0xb0, 0x14, 0x00, 0x00, 0x0d, 0x01, 0x12, 0x00, 0x03, 0x00, 0x00, 0x00,
    0x00, 0x40, 0x00, 0x00, 0xd0, 0xd1, 0x01, 0x00, 0x10, 0x40, 0x00, 0x00,
    0x70, 0x78, 0x02, 0x00, 0x03, 0x00, 0x00, 0x00, 0x00, 0x40, 0x00, 0x00,
    0xd0, 0x74, 0x02, 0x00, 0x0b, 0x01, 0x00, 0x00, 0x0c, 0x01, 0x00, 0x00,
    0x01, 0x01, 0x00, 0x00, 0x02, 0x01, 0x00, 0x00, 0x10, 0x40, 0x00, 0x00,
    0xb0, 0xf9, 0x01, 0x00, 0x21, 0x01, 0x00, 0x00, 0x20, 0x01, 0x00, 0x00,
    0x20, 0x40, 0x00, 0x00, 0x00, 0x17, 0x00, 0x00, 0x21, 0x40, 0x00, 0x00,
    0x50, 0x01, 0x00, 0x00, 0x22, 0x40, 0x00, 0x00, 0x60, 0x16, 0x00, 0x00,
    0x0d, 0x01, 0x0a, 0x00, 0x2f, 0x01, 0x01, 0x00, 0x02, 0x00, 0x00, 0x00,
    0x00, 0x40, 0x00, 0x00, 0x70, 0x78, 0x02, 0x00, 0x10, 0x40, 0x00, 0x00,
    0x50, 0xfd, 0x01, 0x00, 0x2f, 0x01, 0x03, 0x00, 0x02, 0x00, 0x00, 0x00,
    0x00, 0x40, 0x00, 0x00, 0x70, 0xd5, 0x01, 0x00, 0x0b, 0x01, 0x04, 0x00,
    0x0c, 0x01, 0x04, 0x00, 0x01, 0x01, 0x01, 0x00, 0x02, 0x01, 0x01, 0x00,
    0x10, 0x40, 0x00, 0x00, 0xd0, 0x74, 0x02, 0x00, 0x21, 0x01, 0x04, 0x00,
    0x20, 0x01, 0x02, 0x00, 0x20, 0x40, 0x00, 0x00, 0x50, 0x15, 0x00, 0x00,
    0x21, 0x40, 0x00, 0x00, 0x10, 0x01, 0x00, 0x00, 0x22, 0x40, 0x00, 0x00,
    0xb0, 0x14, 0x00, 0x00, 0x0d, 0x01, 0x12, 0x00, 0x03, 0x00, 0x00, 0x00,
    0x00, 0x40, 0x00, 0x00, 0x10, 0xd9, 0x01, 0x00, 0x10, 0x40, 0x00, 0x00,
    0x70, 0x78, 0x02, 0x00, 0x03, 0x00, 0x00, 0x00, 0x00, 0x40, 0x00, 0x00,
    0xd0, 0x74, 0x02, 0x00, 0x0b, 0x01, 0x00, 0x00, 0x0c, 0x01, 0x00, 0x00,
    0x01, 0x01, 0x00, 0x00, 0x02, 0x01, 0x00, 0x00, 0x10, 0x40, 0x00, 0x00,
    0xf0, 0x00, 0x02, 0x00, 0x21, 0x01, 0x00, 0x00, 0x20, 0x01, 0x00, 0x00,
    0x20, 0x40, 0x00, 0x00, 0x00, 0x17, 0x00, 0x00, 0x21, 0x40, 0x00, 0x00,
    0x50, 0x01, 0x00, 0x00, 0x22, 0x40, 0x00, 0x00, 0x60, 0x16, 0x00, 0x00,
    0x0d, 0x01, 0x0a, 0x00, 0x2f, 0x01, 0x01, 0x00, 0x02, 0x00, 0x00, 0x00,
    0x00, 0x40, 0x00, 0x00, 0x70, 0x78, 0x02, 0x00, 0x10, 0x40, 0x00, 0x00,
    0x90, 0x04, 0x02, 0x00, 0x2f, 0x01, 0x03, 0x00, 0x02, 0x00, 0x00, 0x00,
    0x00, 0x40, 0x00, 0x00, 0x70, 0xf2, 0x01, 0x00, 0x0b, 0x01, 0x01, 0x00,
    0x0c, 0x01, 0x01, 0x00, 0x00, 0x01, 0x01, 0x00, 0x01, 0x01, 0x02, 0x00,
    0x02, 0x01, 0x02, 0x00, 0x10, 0x40, 0x00, 0x00, 0x10, 0x7c, 0x02, 0x00,
    0x21, 0x01, 0x02, 0x00, 0x20, 0x01, 0x04, 0x00, 0x20, 0x40, 0x00, 0x00,
    0xf0, 0x18, 0x00, 0x00, 0x21, 0x40, 0x00, 0x00, 0x10, 0x01, 0x00, 0x00,
    0x22, 0x40, 0x00, 0x00, 0x50, 0x18, 0x00, 0x00, 0x2f, 0x01, 0x01, 0x00,
    0x03, 0x00, 0x00, 0x00, 0x0b, 0x01, 0x02, 0x00, 0x0c, 0x01, 0x02, 0x00,
    0x00, 0x01, 0x00, 0x00, 0x10, 0x40, 0x00, 0x00, 0xb0, 0x7f, 0x02, 0x00,
    0x2f, 0x01, 0x03, 0x00, 0x03, 0x00, 0x00, 0x00, 0x00, 0x40, 0x00, 0x00,
    0x10, 0x7c, 0x02, 0x00, 0x0b, 0x01, 0x00, 0x00, 0x0c, 0x01, 0x00, 0x00,
    0x01, 0x01, 0x00, 0x00, 0x02, 0x01, 0x00, 0x00, 0x10, 0x40, 0x00, 0x00,
    0x30, 0x08, 0x02, 0x00, 0x21, 0x01, 0x00, 0x00, 0x20, 0x01, 0x00, 0x00,
    0x20, 0x40, 0x00, 0x00, 0xa0, 0x1a, 0x00, 0x00, 0x21, 0x40, 0x00, 0x00,
    0x50, 0x01, 0x00, 0x00, 0x22, 0x40, 0x00, 0x00, 0x00, 0x1a, 0x00, 0x00,
    0x2f, 0x01, 0x01, 0x00, 0x02, 0x00, 0x00, 0x00, 0x00, 0x40, 0x00, 0x00,
    0xb0, 0x7f, 0x02, 0x00, 0x10, 0x40, 0x00, 0x00, 0xd0, 0x0b, 0x02, 0x00,
    0x2f, 0x01, 0x03, 0x00, 0x02, 0x00, 0x00, 0x00, 0x00, 0x40, 0x00, 0x00,
    0x10, 0xf6, 0x01, 0x00, 0x0b, 0x01, 0x02, 0x00, 0x0c, 0x01, 0x02, 0x00,
    0x01, 0x01, 0x02, 0x00, 0x02, 0x01, 0x02, 0x00, 0x10, 0x40, 0x00, 0x00,
    0x10, 0x7c, 0x02, 0x00, 0x21, 0x01, 0x02, 0x00, 0x20, 0x01, 0x04, 0x00,
    0x20, 0x40, 0x00, 0x00, 0xf0, 0x18, 0x00, 0x00, 0x21, 0x40, 0x00, 0x00,
    0x10, 0x01, 0x00, 0x00, 0x22, 0x40, 0x00, 0x00, 0x50, 0x18, 0x00, 0x00,
    0x03, 0x00, 0x00, 0x00, 0x00, 0x40, 0x00, 0x00, 0xb0, 0xf9, 0x01, 0x00,
    0x10, 0x40, 0x00, 0x00, 0xb0, 0x7f, 0x02, 0x00, 0x03, 0x00, 0x00, 0x00,
    0x00, 0x40, 0x00, 0x00, 0x10, 0x7c, 0x02, 0x00, 0x0b, 0x01, 0x00, 0x00,
    0x0c, 0x01, 0x00, 0x00, 0x01, 0x01, 0x00, 0x00, 0x02, 0x01, 0x00, 0x00,
    0x10, 0x40, 0x00, 0x00, 0x70, 0x0f, 0x02, 0x00, 0x21, 0x01, 0x00, 0x00,
    0x20, 0x01, 0x00, 0x00, 0x20, 0x40, 0x00, 0x00, 0xa0, 0x1a, 0x00, 0x00,
    0x21, 0x40, 0x00, 0x00, 0x50, 0x01, 0x00, 0x00, 0x22, 0x40, 0x00, 0x00,
    0x00, 0x1a, 0x00, 0x00, 0x2f, 0x01, 0x01, 0x00, 0x02, 0x00, 0x00, 0x00,
    0x00, 0x40, 0x00, 0x00, 0xb0, 0x7f, 0x02, 0x00, 0x10, 0x40, 0x00, 0x00,
    0x10, 0x13, 0x02, 0x00, 0x2f, 0x01, 0x03, 0x00, 0x02, 0x00, 0x00, 0x00,
    0x00, 0x40, 0x00, 0x00, 0x50, 0xfd, 0x01, 0x00, 0x0b, 0x01, 0x02, 0x00,
    0x0c, 0x01, 0x02, 0x00, 0x01, 0x01, 0x02, 0x00, 0x02, 0x01, 0x02, 0x00,
    0x10, 0x40, 0x00, 0x00, 0x10, 0x7c, 0x02, 0x00, 0x21, 0x01, 0x02, 0x00,
    0x20, 0x01, 0x04, 0x00, 0x20, 0x40, 0x00, 0x00, 0xf0, 0x18, 0x00, 0x00,
    0x21, 0x40, 0x00, 0x00, 0x10, 0x01, 0x00, 0x00, 0x22, 0x40, 0x00, 0x00,
    0x50, 0x18, 0x00, 0x00, 0x03, 0x00, 0x00, 0x00, 0x00, 0x40, 0x00, 0x00,
    0xb0, 0xdc, 0x01, 0x00, 0x0b, 0x01, 0x04, 0x00, 0x0c, 0x01, 0x04, 0x00,
    0x01, 0x01, 0x01, 0x00, 0x02, 0x01, 0x01, 0x00, 0x10, 0x40, 0x00, 0x00,
    0xd0, 0x74, 0x02, 0x00, 0x21, 0x01, 0x04, 0x00, 0x20, 0x01, 0x02, 0x00,
    0x20, 0x40, 0x00, 0x00, 0x50, 0x15, 0x00, 0x00, 0x22, 0x40, 0x00, 0x00,
    0xb0, 0x14, 0x00, 0x00, 0x0d, 0x01, 0x12, 0x00, 0x03, 0x00, 0x00, 0x00,
    0x00, 0x40, 0x00, 0x00, 0x50, 0xe0, 0x01, 0x00, 0x10, 0x40, 0x00, 0x00,
    0x70, 0x78, 0x02, 0x00, 0x03, 0x00, 0x00, 0x00, 0x00, 0x40, 0x00, 0x00,
    0xd0, 0x74, 0x02, 0x00, 0x0b, 0x01, 0x00, 0x00, 0x0c, 0x01, 0x00, 0x00,
    0x01, 0x01, 0x00, 0x00, 0x02, 0x01, 0x00, 0x00, 0x10, 0x40, 0x00, 0x00,
    0x70, 0xf2, 0x01, 0x00, 0x21, 0x01, 0x00, 0x00, 0x20, 0x01, 0x00, 0x00,
    0x20, 0x40, 0x00, 0x00, 0x00, 0x17, 0x00, 0x00, 0x21, 0x40, 0x00, 0x00,
    0x50, 0x01, 0x00, 0x00, 0x22, 0x40, 0x00, 0x00, 0x60, 0x16, 0x00, 0x00,
    0x0d, 0x01, 0x0a, 0x00, 0x2f, 0x01, 0x01, 0x00, 0x02, 0x00, 0x00, 0x00,
    0x00, 0x40, 0x00, 0x00, 0x70, 0x78, 0x02, 0x00, 0x10, 0x40, 0x00, 0x00,
    0x10, 0xf6, 0x01, 0x00, 0x2f, 0x01, 0x03, 0x00, 0x02, 0x00, 0x00, 0x00,
    0x00, 0x40, 0x00, 0x00, 0xf0, 0xc6, 0x01, 0x00, 0x02, 0x40, 0x00, 0x00,
    0xf0, 0xa9, 0x01, 0x00, 0x0b, 0x01, 0x01, 0x00, 0x0c, 0x01, 0x01, 0x00,
    0x01, 0x01, 0x01, 0x00, 0x02, 0x01, 0x01, 0x00, 0x10, 0x40, 0x00, 0x00,
    0x10, 0x5f, 0x02, 0x00, 0x21, 0x01, 0x04, 0x00, 0x20, 0x01, 0x02, 0x00,
    0x20, 0x40, 0x00, 0x00, 0x70, 0x0e, 0x00, 0x00, 0x21, 0x40, 0x00, 0x00,
    0x10, 0x01, 0x00, 0x00, 0x22, 0x40, 0x00, 0x00, 0xd0, 0x0d, 0x00, 0x00,
    0x0d, 0x01, 0x12, 0x00, 0x03, 0x00, 0x00, 0x00, 0x00, 0x40, 0x00, 0x00,
    0x90, 0xca, 0x01, 0x00, 0x0b, 0x01, 0x00, 0x00, 0x0c, 0x01, 0x00, 0x00,
    0x10, 0x40, 0x00, 0x00, 0xb0, 0x62, 0x02, 0x00, 0x03, 0x00, 0x00, 0x00,
    0x00, 0x40, 0x00, 0x00, 0x10, 0x5f, 0x02, 0x00, 0x02, 0x40, 0x00, 0x00,
    0x00, 0x00, 0x00, 0x00, 0x01, 0x01, 0x00, 0x00, 0x02, 0x01, 0x00, 0x00,
    0x10, 0x40, 0x00, 0x00, 0x50, 0x66, 0x02, 0x00, 0x21, 0x01, 0x00, 0x00,
    0x20, 0x01, 0x00, 0x00, 0x20, 0x40, 0x00, 0x00, 0x20, 0x10, 0x00, 0x00,
    0x21, 0x40, 0x00, 0x00, 0x50, 0x01, 0x00, 0x00, 0x22, 0x40, 0x00, 0x00,
    0x80, 0x0f, 0x00, 0x00, 0x0d, 0x01, 0x0a, 0x00, 0x2f, 0x01, 0x01, 0x00,
    0x02, 0x00, 0x00, 0x00, 0x00, 0x40, 0x00, 0x00, 0xb0, 0x62, 0x02, 0x00,
    0x10, 0x40, 0x00, 0x00, 0xf0, 0x69, 0x02, 0x00, 0x2f, 0x01, 0x03, 0x00,
    0x02, 0x00, 0x00, 0x00, 0x00, 0x40, 0x00, 0x00, 0x50, 0x66, 0x02, 0x00,
    0x01, 0x01, 0x04, 0x00, 0x02, 0x01, 0x04, 0x00, 0x10, 0x40, 0x00, 0x00,
    0x90, 0x6d, 0x02, 0x00, 0x20, 0x01, 0x08, 0x00, 0x20, 0x40, 0x00, 0x00,
    0x10, 0x12, 0x00, 0x00, 0x21, 0x40, 0x00, 0x00, 0xb0, 0x00, 0x00, 0x00,
    0x22, 0x40, 0x00, 0x00, 0x70, 0x11, 0x00, 0x00, 0x2f, 0x01, 0x01, 0x00,
    0x03, 0x00, 0x00, 0x00, 0x00, 0x40, 0x00, 0x00, 0xf0, 0x69, 0x02, 0x00,
    0x10, 0x40, 0x00, 0x00, 0x30, 0x71, 0x02, 0x00, 0x2f, 0x01, 0x03, 0x00,
    0x03, 0x00, 0x00, 0x00, 0x00, 0x40, 0x00, 0x00, 0x90, 0x6d, 0x02, 0x00,
    0x01, 0x01, 0x00, 0x00, 0x02, 0x01, 0x00, 0x00, 0x10, 0x40, 0x00, 0x00,
    0x30, 0xce, 0x01, 0x00, 0x20, 0x01, 0x00, 0x00, 0x20, 0x40, 0x00, 0x00,
    0x60, 0x13, 0x00, 0x00, 0x21, 0x40, 0x00, 0x00, 0x50, 0x01, 0x00, 0x00,
    0x22, 0x40, 0x00, 0x00, 0xc0, 0x12, 0x00, 0x00, 0x2f, 0x01, 0x01, 0x00,
    0x02, 0x00, 0x00, 0x00, 0x00, 0x40, 0x00, 0x00, 0x30, 0x71, 0x02, 0x00,
    0x10, 0x40, 0x00, 0x00, 0xd0, 0xd1, 0x01, 0x00, 0x2f, 0x01, 0x03, 0x00,
    0x02, 0x00, 0x00, 0x00, 0x00, 0x40, 0x00, 0x00, 0xf0, 0xa9, 0x01, 0x00,
    0x0b, 0x01, 0x04, 0x00, 0x0c, 0x01, 0x04, 0x00, 0x01, 0x01, 0x01, 0x00,
    0x02, 0x01, 0x01, 0x00, 0x10, 0x40, 0x00, 0x00, 0x10, 0x5f, 0x02, 0x00,
    0x21, 0x01, 0x04, 0x00, 0x20, 0x01, 0x02, 0x00, 0x20, 0x40, 0x00, 0x00,
    0x70, 0x0e, 0x00, 0x00, 0x21, 0x40, 0x00, 0x00, 0x10, 0x01, 0x00, 0x00,
    0x22, 0x40, 0x00, 0x00, 0xd0, 0x0d, 0x00, 0x00, 0x0d, 0x01, 0x12, 0x00,
    0x03, 0x00, 0x00, 0x00, 0x00, 0x40, 0x00, 0x00, 0x90, 0xad, 0x01, 0x00,
    0x10, 0x40, 0x00, 0x00, 0xb0, 0x62, 0x02, 0x00, 0x03, 0x00, 0x00, 0x00,
    0x00, 0x40, 0x00, 0x00, 0x10, 0x5f, 0x02, 0x00, 0x0b, 0x01, 0x00, 0x00,
    0x0c, 0x01, 0x00, 0x00, 0x01, 0x01, 0x00, 0x00, 0x02, 0x01, 0x00, 0x00,
    0x10, 0x40, 0x00, 0x00, 0x50, 0x66, 0x02, 0x00, 0x21, 0x01, 0x00, 0x00,
    0x20, 0x01, 0x00, 0x00, 0x20, 0x40, 0x00, 0x00, 0x20, 0x10, 0x00, 0x00,
    0x21, 0x40, 0x00, 0x00, 0x50, 0x01, 0x00, 0x00, 0x22, 0x40, 0x00, 0x00,
    0x80, 0x0f, 0x00, 0x00, 0x0d, 0x01, 0x0a, 0x00, 0x2f, 0x01, 0x01, 0x00,
    0x02, 0x00, 0x00, 0x00, 0x00, 0x40, 0x00, 0x00, 0xb0, 0x62, 0x02, 0x00,
    0x10, 0x40, 0x00, 0x00, 0xf0, 0x69, 0x02, 0x00, 0x2f, 0x01, 0x03, 0x00,
    0x02, 0x00, 0x00, 0x00, 0x00, 0x40, 0x00, 0x00, 0x50, 0x66, 0x02, 0x00,
    0x01, 0x01, 0x04, 0x00, 0x02, 0x01, 0x04, 0x00, 0x10, 0x40, 0x00, 0x00,
    0x90, 0x6d, 0x02, 0x00, 0x20, 0x01, 0x08, 0x00, 0x20, 0x40, 0x00, 0x00,
    0x10, 0x12, 0x00, 0x00, 0x21, 0x40, 0x00, 0x00, 0xb0, 0x00, 0x00, 0x00,
    0x22, 0x40, 0x00, 0x00, 0x70, 0x11, 0x00, 0x00, 0x2f, 0x01, 0x01, 0x00,
    0x03, 0x00, 0x00, 0x00, 0x00, 0x40, 0x00, 0x00, 0xf0, 0x69, 0x02, 0x00,
    0x10, 0x40, 0x00, 0x00, 0x30, 0x71, 0x02, 0x00, 0x2f, 0x01, 0x03, 0x00,
    0x03, 0x00, 0x00, 0x00, 0x00, 0x40, 0x00, 0x00, 0x90, 0x6d, 0x02, 0x00,
    0x01, 0x01, 0x00, 0x00, 0x02, 0x01, 0x00, 0x00, 0x10, 0x40, 0x00, 0x00,
    0x70, 0xd5, 0x01, 0x00, 0x20, 0x01, 0x00, 0x00, 0x20, 0x40, 0x00, 0x00,
    0x60, 0x13, 0x00, 0x00, 0x21, 0x40, 0x00, 0x00, 0x50, 0x01, 0x00, 0x00,
    0x22, 0x40, 0x00, 0x00, 0xc0, 0x12, 0x00, 0x00, 0x2f, 0x01, 0x01, 0x00,
    0x02, 0x00, 0x00, 0x00, 0x00, 0x40, 0x00, 0x00, 0x30, 0x71, 0x02, 0x00,
    0x10, 0x40, 0x00, 0x00, 0x10, 0xd9, 0x01, 0x00, 0x2f, 0x01, 0x03, 0x00,
    0x02, 0x00, 0x00, 0x00, 0x00, 0x40, 0x00, 0x00, 0x30, 0x94, 0x01, 0x00,
    0x0b, 0x01, 0x04, 0x00, 0x0c, 0x01, 0x04, 0x00, 0x01, 0x01, 0x01, 0x00,
    0x02, 0x01, 0x01, 0x00, 0x10, 0x40, 0x00, 0x00, 0x50, 0x49, 0x02, 0x00,
    0x21, 0x01, 0x04, 0x00, 0x20, 0x01, 0x02, 0x00, 0x20, 0x40, 0x00, 0x00,
    0x70, 0x07, 0x00, 0x00, 0x21, 0x40, 0x00, 0x00, 0x10, 0x01, 0x00, 0x00,
    0x22, 0x40, 0x00, 0x00, 0xd0, 0x06, 0x00, 0x00, 0x0d, 0x01, 0x12, 0x00,
    0x03, 0x00, 0x00, 0x00, 0x00, 0x40, 0x00, 0x00, 0xd0, 0x97, 0x01, 0x00,
    0x10, 0x40, 0x00, 0x00, 0xf0, 0x4c, 0x02, 0x00, 0x03, 0x00, 0x00, 0x00,
    0x00, 0x40, 0x00, 0x00, 0x50, 0x49, 0x02, 0x00, 0x0b, 0x01, 0x00, 0x00,
    0x0c, 0x01, 0x00, 0x00, 0x01, 0x01, 0x00, 0x00, 0x02, 0x01, 0x00, 0x00,
    0x10, 0x40, 0x00, 0x00, 0x90, 0x50, 0x02, 0x00, 0x21, 0x01, 0x00, 0x00,
    0x20, 0x01, 0x00, 0x00, 0x20, 0x40, 0x00, 0x00, 0x20, 0x09, 0x00, 0x00,
    0x21, 0x40, 0x00, 0x00, 0x50, 0x01, 0x00, 0x00, 0x22, 0x40, 0x00, 0x00,
    0x80, 0x08, 0x00, 0x00, 0x0d, 0x01, 0x0a, 0x00, 0x2f, 0x01, 0x01, 0x00,
    0x02, 0x00, 0x00, 0x00, 0x00, 0x40, 0x00, 0x00, 0xf0, 0x4c, 0x02, 0x00,
    0x10, 0x40, 0x00, 0x00, 0x30, 0x54, 0x02, 0x00, 0x2f, 0x01, 0x03, 0x00,
    0x02, 0x00, 0x00, 0x00, 0x00, 0x40, 0x00, 0x00, 0x90, 0x50, 0x02, 0x00,
    0x01, 0x01, 0x04, 0x00, 0x02, 0x01, 0x04, 0x00, 0x10, 0x40, 0x00, 0x00,
    0xd0, 0x57, 0x02, 0x00, 0x20, 0x01, 0x08, 0x00, 0x20, 0x40, 0x00, 0x00,
    0x10, 0x0b, 0x00, 0x00, 0x21, 0x40, 0x00, 0x00, 0xd0, 0x00, 0x00, 0x00,
    0x22, 0x40, 0x00, 0x00, 0x70, 0x0a, 0x00, 0x00, 0x2f, 0x01, 0x01, 0x00,
    0x03, 0x00, 0x00, 0x00, 0x00, 0x40, 0x00, 0x00, 0x30, 0x54, 0x02, 0x00,
    0x10, 0x40, 0x00, 0x00, 0x70, 0x5b, 0x02, 0x00, 0x2f, 0x01, 0x03, 0x00,
    0x03, 0x00, 0x00, 0x00, 0x00, 0x40, 0x00, 0x00, 0xd0, 0x57, 0x02, 0x00,
    0x01, 0x01, 0x00, 0x00, 0x02, 0x01, 0x00, 0x00, 0x10, 0x40, 0x00, 0x00,
    0xb0, 0xbf, 0x01, 0x00, 0x20, 0x01, 0x00, 0x00, 0x20, 0x40, 0x00, 0x00,
    0x80, 0x0c, 0x00, 0x00, 0x21, 0x40, 0x00, 0x00, 0x50, 0x01, 0x00, 0x00,
    0x22, 0x40, 0x00, 0x00, 0xe0, 0x0b, 0x00, 0x00, 0x2f, 0x01, 0x01, 0x00,
    0x02, 0x00, 0x00, 0x00, 0x00, 0x40, 0x00, 0x00, 0x70, 0x5b, 0x02, 0x00,
    0x10, 0x40, 0x00, 0x00, 0x50, 0xc3, 0x01, 0x00, 0x2f, 0x01, 0x03, 0x00,
    0x02, 0x00, 0x00, 0x00, 0x00, 0x40, 0x00, 0x00, 0x70, 0x9b, 0x01, 0x00,
    0x02, 0x40, 0x00, 0x00, 0xb0, 0x85, 0x01, 0x00, 0x0b, 0x01, 0x03, 0x00,
    0x0c, 0x01, 0x03, 0x00, 0x01, 0x01, 0x01, 0x00, 0x02, 0x01, 0x01, 0x00,
    0x10, 0x40, 0x00, 0x00, 0x50, 0x49, 0x02, 0x00, 0x21, 0x01, 0x04, 0x00,
    0x20, 0x01, 0x02, 0x00, 0x20, 0x40, 0x00, 0x00, 0x70, 0x07, 0x00, 0x00,
    0x21, 0x40, 0x00, 0x00, 0x10, 0x01, 0x00, 0x00, 0x22, 0x40, 0x00, 0x00,
    0xd0, 0x06, 0x00, 0x00, 0x0d, 0x01, 0x12, 0x00, 0x03, 0x00, 0x00, 0x00,
    0x00, 0x40, 0x00, 0x00, 0x10, 0x9f, 0x01, 0x00, 0x0b, 0x01, 0x02, 0x00,
    0x0c, 0x01, 0x02, 0x00, 0x10, 0x40, 0x00, 0x00, 0xf0, 0x4c, 0x02, 0x00,
    0x03, 0x00, 0x00, 0x00, 0x00, 0x40, 0x00, 0x00, 0x50, 0x49, 0x02, 0x00,
    0x02, 0x40, 0x00, 0x00, 0x00, 0x00, 0x00, 0x00, 0x0b, 0x01, 0x00, 0x00,
    0x0c, 0x01, 0x00, 0x00, 0x01, 0x01, 0x00, 0x00, 0x02, 0x01, 0x00, 0x00,
    0x10, 0x40, 0x00, 0x00, 0x90, 0x50, 0x02, 0x00, 0x21, 0x01, 0x00, 0x00,
    0x20, 0x01, 0x00, 0x00, 0x20, 0x40, 0x00, 0x00, 0x20, 0x09, 0x00, 0x00,
    0x21, 0x40, 0x00, 0x00, 0x50, 0x01, 0x00, 0x00, 0x22, 0x40, 0x00, 0x00,
    0x80, 0x08, 0x00, 0x00, 0x0d, 0x01, 0x0a, 0x00, 0x2f, 0x01, 0x01, 0x00,
    0x02, 0x00, 0x00, 0x00, 0x00, 0x40, 0x00, 0x00, 0xf0, 0x4c, 0x02, 0x00,
    0x10, 0x40, 0x00, 0x00, 0x30, 0x54, 0x02, 0x00, 0x2f, 0x01, 0x03, 0x00,
    0x02, 0x00, 0x00, 0x00, 0x00, 0x40, 0x00, 0x00, 0x90, 0x50, 0x02, 0x00,
    0x01, 0x01, 0x04, 0x00, 0x02, 0x01, 0x04, 0x00, 0x10, 0x40, 0x00, 0x00,
    0xd0, 0x57, 0x02, 0x00, 0x20, 0x01, 0x08, 0x00, 0x20, 0x40, 0x00, 0x00,
    0x10, 0x0b, 0x00, 0x00, 0x21, 0x40, 0x00, 0x00, 0xd0, 0x00, 0x00, 0x00,
    0x22, 0x40, 0x00, 0x00, 0x70, 0x0a, 0x00, 0x00, 0x2f, 0x01, 0x01, 0x00,
    0x03, 0x00, 0x00, 0x00, 0x00, 0x40, 0x00, 0x00, 0x30, 0x54, 0x02, 0x00,
    0x10, 0x40, 0x00, 0x00, 0x70, 0x5b, 0x02, 0x00, 0x2f, 0x01, 0x03, 0x00,
    0x03, 0x00, 0x00, 0x00, 0x00, 0x40, 0x00, 0x00, 0xd0, 0x57, 0x02, 0x00,
    0x01, 0x01, 0x00, 0x00, 0x02, 0x01, 0x00, 0x00, 0x10, 0x40, 0x00, 0x00,
    0xf0, 0xc6, 0x01, 0x00, 0x20, 0x01, 0x00, 0x00, 0x20, 0x40, 0x00, 0x00,
    0x80, 0x0c, 0x00, 0x00, 0x21, 0x40, 0x00, 0x00, 0x50, 0x01, 0x00, 0x00,
    0x22, 0x40, 0x00, 0x00, 0xe0, 0x0b, 0x00, 0x00, 0x2f, 0x01, 0x01, 0x00,
    0x02, 0x00, 0x00, 0x00, 0x00, 0x40, 0x00, 0x00, 0x70, 0x5b, 0x02, 0x00,
    0x10, 0x40, 0x00, 0x00, 0x90, 0xca, 0x01, 0x00, 0x2f, 0x01, 0x03, 0x00,
    0x02, 0x00, 0x00, 0x00, 0x00, 0x40, 0x00, 0x00, 0x30, 0x66, 0x00, 0x00,
    0x0b, 0x01, 0x01, 0x00, 0x0c, 0x01, 0x01, 0x00, 0x0a, 0x01, 0x72, 0x00,
    0x04, 0x01, 0x03, 0x00, 0x05, 0x40, 0x00, 0x00, 0xcc, 0x01, 0x00, 0x00,
    0x04, 0x40, 0x00, 0x00, 0x04, 0x00, 0x00, 0x00, 0x06, 0x40, 0x00, 0x00,
    0x01, 0x00, 0x00, 0x00, 0x09, 0x01, 0x00, 0x00, 0x05, 0x01, 0x01, 0x00,
    0x10, 0x40, 0x00, 0x00, 0xf0, 0x1d, 0x02, 0x00, 0x11, 0x01, 0x72, 0x00,
    0x1a, 0x01, 0x72, 0x00, 0x13, 0x01, 0x03, 0x00, 0x15, 0x40, 0x00, 0x00,
    0x30, 0x07, 0x00, 0x00, 0x16, 0x40, 0x00, 0x00, 0x30, 0x07, 0x00, 0x00,
    0x18, 0x01, 0x00, 0x00, 0x14, 0x01, 0x41, 0x81, 0x21, 0x01, 0x01, 0x00,
    0x22, 0x01, 0x02, 0x00, 0x15, 0x01, 0x15, 0x00, 0x17, 0x01, 0x07, 0x00,
    0x05, 0x00, 0x01, 0x00, 0x00, 0x40, 0x00, 0x00, 0xc8, 0x69, 0x00, 0x00,
    0x10, 0x40, 0x00, 0x00, 0x20, 0x25, 0x02, 0x00, 0x05, 0x00, 0x01, 0x00,
    0x00, 0x40, 0x00, 0x00, 0xf0, 0x1d, 0x02, 0x00, 0x0b, 0x01, 0x00, 0x00,
    0x0c, 0x01, 0x00, 0x00, 0x05, 0x40, 0x00, 0x00, 0x30, 0x07, 0x00, 0x00,
    0x04, 0x40, 0x00, 0x00, 0x10, 0x00, 0x00, 0x00, 0x06, 0x40, 0x00, 0x00,
    0x30, 0x07, 0x00, 0x00, 0x09, 0x01, 0xff, 0xff, 0x05, 0x01, 0x41, 0x00,
    0x01, 0x01, 0x01, 0x00, 0x02, 0x01, 0x01, 0x00, 0x10, 0x40, 0x00, 0x00,
    0x50, 0x2c, 0x02, 0x00, 0x11, 0x01, 0x39, 0x00, 0x1a, 0x01, 0x39, 0x00,
    0x13, 0x01, 0x0b, 0x00, 0x15, 0x40, 0x00, 0x00, 0xa0, 0x03, 0x00, 0x00,
    0x16, 0x40, 0x00, 0x00, 0xa0, 0x03, 0x00, 0x00, 0x18, 0x01, 0x80, 0xff,
    0x14, 0x01, 0x41, 0x00, 0x21, 0x01, 0x00, 0x00, 0x20, 0x01, 0x02, 0x00,
    0x22, 0x01, 0x05, 0x00, 0x20, 0x40, 0x00, 0x00, 0x80, 0x00, 0x00, 0x00,
    0x21, 0x40, 0x00, 0x00, 0x00, 0x01, 0x00, 0x00, 0x22, 0x40, 0x00, 0x00,
    0x00, 0x00, 0x00, 0x00, 0x23, 0x40, 0x00, 0x00, 0x80, 0x00, 0x00, 0x00,
    0x15, 0x01, 0x39, 0x00, 0x17, 0x01, 0x0f, 0x00, 0x2f, 0x01, 0x01, 0x00,
    0x02, 0x00, 0x00, 0x00, 0x00, 0x40, 0x00, 0x00, 0x20, 0x25, 0x02, 0x00,
    0x10, 0x40, 0x00, 0x00, 0xf0, 0x2f, 0x02, 0x00, 0x2f, 0x01, 0x03, 0x00,
    0x02, 0x00, 0x00, 0x00, 0x00, 0x40, 0x00, 0x00, 0x50, 0x2c, 0x02, 0x00,
    0x0a, 0x01, 0x39, 0x00, 0x04, 0x01, 0x0b, 0x00, 0x05, 0x40, 0x00, 0x00,
    0xa0, 0x03, 0x00, 0x00, 0x06, 0x40, 0x00, 0x00, 0xa0, 0x03, 0x00, 0x00,
    0x09, 0x01, 0x80, 0xff, 0x01, 0x01, 0x03, 0x00, 0x02, 0x01, 0x03, 0x00,
    0x10, 0x40, 0x00, 0x00, 0x90, 0x33, 0x02, 0x00, 0x20, 0x01, 0x06, 0x00,
    0x22, 0x01, 0x00, 0x00, 0x20, 0x40, 0x00, 0x00, 0x00, 0x02, 0x00, 0x00,
    0x21, 0x40, 0x00, 0x00, 0x90, 0x00, 0x00, 0x00, 0x22, 0x40, 0x00, 0x00,
    0x80, 0x01, 0x00, 0x00, 0x2f, 0x01, 0x01, 0x00, 0x03, 0x00, 0x00, 0x00,
    0x00, 0x40, 0x00, 0x00, 0xf0, 0x2f, 0x02, 0x00, 0x10, 0x40, 0x00, 0x00,
    0x30, 0x37, 0x02, 0x00, 0x2f, 0x01, 0x03, 0x00, 0x03, 0x00, 0x00, 0x00,
    0x00, 0x40, 0x00, 0x00, 0x90, 0x33, 0x02, 0x00, 0x01, 0x01, 0x00, 0x00,
    0x02, 0x01, 0x00, 0x00, 0x10, 0x40, 0x00, 0x00, 0xd0, 0x3a, 0x02, 0x00,
    0x20, 0x01, 0x00, 0x00, 0x20, 0x40, 0x00, 0x00, 0x10, 0x03, 0x00, 0x00,
    0x21, 0x40, 0x00, 0x00, 0xe0, 0x00, 0x00, 0x00, 0x22, 0x40, 0x00, 0x00,
    0x90, 0x02, 0x00, 0x00, 0x2f, 0x01, 0x01, 0x00, 0x02, 0x00, 0x00, 0x00,
    0x00, 0x40, 0x00, 0x00, 0x30, 0x37, 0x02, 0x00, 0x10, 0x40, 0x00, 0x00,
    0x70, 0x3e, 0x02, 0x00, 0x2f, 0x01, 0x03, 0x00, 0x02, 0x00, 0x00, 0x00,
    0x00, 0x40, 0x00, 0x00, 0xd0, 0x3a, 0x02, 0x00, 0x01, 0x01, 0x04, 0x00,
    0x02, 0x01, 0x04, 0x00, 0x10, 0x40, 0x00, 0x00, 0x10, 0x42, 0x02, 0x00,
    0x20, 0x01, 0x08, 0x00, 0x20, 0x40, 0x00, 0x00, 0x70, 0x04, 0x00, 0x00,
    0x21, 0x40, 0x00, 0x00, 0xb0, 0x00, 0x00, 0x00, 0x22, 0x40, 0x00, 0x00,
    0xf0, 0x03, 0x00, 0x00, 0x2f, 0x01, 0x01, 0x00, 0x03, 0x00, 0x00, 0x00,
    0x00, 0x40, 0x00, 0x00, 0x70, 0x3e, 0x02, 0x00, 0x10, 0x40, 0x00, 0x00,
    0xb0, 0x45, 0x02, 0x00, 0x2f, 0x01, 0x03, 0x00, 0x03, 0x00, 0x00, 0x00,
    0x00, 0x40, 0x00, 0x00, 0x10, 0x42, 0x02, 0x00, 0x01, 0x01, 0x00, 0x00,
    0x02, 0x01, 0x00, 0x00, 0x10, 0x40, 0x00, 0x00, 0xf0, 0x8c, 0x01, 0x00,
    0x13, 0x01, 0x0f, 0x00, 0x20, 0x01, 0x00, 0x00, 0x20, 0x40, 0x00, 0x00,
    0xc0, 0x05, 0x00, 0x00, 0x21, 0x40, 0x00, 0x00, 0x10, 0x01, 0x00, 0x00,
    0x22, 0x40, 0x00, 0x00, 0x20, 0x05, 0x00, 0x00, 0x23, 0x40, 0x00, 0x00,
    0xa0, 0x00, 0x00, 0x00, 0x2f, 0x01, 0x01, 0x00, 0x02, 0x00, 0x00, 0x00,
    0x00, 0x40, 0x00, 0x00, 0xb0, 0x45, 0x02, 0x00, 0x10, 0x40, 0x00, 0x00,
    0x90, 0x90, 0x01, 0x00, 0x2f, 0x01, 0x03, 0x00, 0x02, 0x00, 0x00, 0x00,
    0x00, 0x40, 0x00, 0x00, 0x60, 0x6d, 0x00, 0x00, 0x0b, 0x01, 0x01, 0x00,
    0x0c, 0x01, 0x01, 0x00, 0x0a, 0x01, 0x72, 0x00, 0x04, 0x01, 0x03, 0x00,
    0x05, 0x40, 0x00, 0x00, 0xcc, 0x01, 0x00, 0x00, 0x04, 0x40, 0x00, 0x00,
    0x04, 0x00, 0x00, 0x00, 0x06, 0x40, 0x00, 0x00, 0x01, 0x00, 0x00, 0x00,
    0x09, 0x01, 0x00, 0x00, 0x05, 0x01, 0x01, 0x00, 0x10, 0x40, 0x00, 0x00,
    0xf0, 0x1d, 0x02, 0x00, 0x11, 0x01, 0x72, 0x00, 0x1a, 0x01, 0x72, 0x00,
    0x13, 0x01, 0x03, 0x00, 0x15, 0x40, 0x00, 0x00, 0x30, 0x07, 0x00, 0x00,
    0x16, 0x40, 0x00, 0x00, 0x30, 0x07, 0x00, 0x00, 0x18, 0x01, 0x00, 0x00,
    0x14, 0x01, 0x41, 0x81, 0x21, 0x01, 0x01, 0x00, 0x22, 0x01, 0x02, 0x00,
    0x15, 0x01, 0x15, 0x00, 0x17, 0x01, 0x07, 0x00, 0x05, 0x00, 0x01, 0x00,
    0x00, 0x40, 0x00, 0x00, 0xf8, 0x70, 0x00, 0x00, 0x10, 0x40, 0x00, 0x00,
    0x20, 0x25, 0x02, 0x00, 0x05, 0x00, 0x01, 0x00, 0x00, 0x40, 0x00, 0x00,
    0xf0, 0x1d, 0x02, 0x00, 0x0b, 0x01, 0x00, 0x00, 0x0c, 0x01, 0x00, 0x00,
    0x05, 0x40, 0x00, 0x00, 0x30, 0x07, 0x00, 0x00, 0x04, 0x40, 0x00, 0x00,
    0x10, 0x00, 0x00, 0x00, 0x06, 0x40, 0x00, 0x00, 0x30, 0x07, 0x00, 0x00,
    0x09, 0x01, 0xff, 0xff, 0x05, 0x01, 0x41, 0x00, 0x01, 0x01, 0x01, 0x00,
    0x02, 0x01, 0x01, 0x00, 0x10, 0x40, 0x00, 0x00, 0x50, 0x2c, 0x02, 0x00,
    0x11, 0x01, 0x39, 0x00, 0x1a, 0x01, 0x39, 0x00, 0x13, 0x01, 0x0b, 0x00,
    0x15, 0x40, 0x00, 0x00, 0xa0, 0x03, 0x00, 0x00, 0x16, 0x40, 0x00, 0x00,
    0xa0, 0x03, 0x00, 0x00, 0x18, 0x01, 0x80, 0xff, 0x14, 0x01, 0x41, 0x00,
    0x21, 0x01, 0x00, 0x00, 0x20, 0x01, 0x02, 0x00, 0x22, 0x01, 0x05, 0x00,
    0x20, 0x40, 0x00, 0x00, 0x80, 0x00, 0x00, 0x00, 0x21, 0x40, 0x00, 0x00,
    0x00, 0x01, 0x00, 0x00, 0x22, 0x40, 0x00, 0x00, 0x00, 0x00, 0x00, 0x00,
    0x23, 0x40, 0x00, 0x00, 0x80, 0x00, 0x00, 0x00, 0x15, 0x01, 0x39, 0x00,
    0x17, 0x01, 0x0f, 0x00, 0x2f, 0x01, 0x01, 0x00, 0x02, 0x00, 0x00, 0x00,
    0x00, 0x40, 0x00, 0x00, 0x20, 0x25, 0x02, 0x00, 0x10, 0x40, 0x00, 0x00,
    0xf0, 0x2f, 0x02, 0x00, 0x2f, 0x01, 0x03, 0x00, 0x02, 0x00, 0x00, 0x00,
    0x00, 0x40, 0x00, 0x00, 0x50, 0x2c, 0x02, 0x00, 0x0a, 0x01, 0x39, 0x00,
    0x04, 0x01, 0x0b, 0x00, 0x05, 0x40, 0x00, 0x00, 0xa0, 0x03, 0x00, 0x00,
    0x06, 0x40, 0x00, 0x00, 0xa0, 0x03, 0x00, 0x00, 0x09, 0x01, 0x80, 0xff,
    0x01, 0x01, 0x03, 0x00, 0x02, 0x01, 0x03, 0x00, 0x10, 0x40, 0x00, 0x00,
    0x90, 0x33, 0x02, 0x00, 0x20, 0x01, 0x06, 0x00, 0x22, 0x01, 0x00, 0x00,
    0x20, 0x40, 0x00, 0x00, 0x00, 0x02, 0x00, 0x00, 0x21, 0x40, 0x00, 0x00,
    0x90, 0x00, 0x00, 0x00, 0x22, 0x40, 0x00, 0x00, 0x80, 0x01, 0x00, 0x00,
    0x2f, 0x01, 0x01, 0x00, 0x03, 0x00, 0x00, 0x00, 0x00, 0x40, 0x00, 0x00,
    0xf0, 0x2f, 0x02, 0x00, 0x10, 0x40, 0x00, 0x00, 0x30, 0x37, 0x02, 0x00,
    0x2f, 0x01, 0x03, 0x00, 0x03, 0x00, 0x00, 0x00, 0x00, 0x40, 0x00, 0x00,
    0x90, 0x33, 0x02, 0x00, 0x01, 0x01, 0x00, 0x00, 0x02, 0x01, 0x00, 0x00,
    0x10, 0x40, 0x00, 0x00, 0xd0, 0x3a, 0x02, 0x00, 0x20, 0x01, 0x00, 0x00,
    0x20, 0x40, 0x00, 0x00, 0x10, 0x03, 0x00, 0x00, 0x21, 0x40, 0x00, 0x00,
    0xe0, 0x00, 0x00, 0x00, 0x22, 0x40, 0x00, 0x00, 0x90, 0x02, 0x00, 0x00,
    0x2f, 0x01, 0x01, 0x00, 0x02, 0x00, 0x00, 0x00, 0x00, 0x40, 0x00, 0x00,
    0x30, 0x37, 0x02, 0x00, 0x10, 0x40, 0x00, 0x00, 0x70, 0x3e, 0x02, 0x00,
    0x2f, 0x01, 0x03, 0x00, 0x02, 0x00, 0x00, 0x00, 0x00, 0x40, 0x00, 0x00,
    0xd0, 0x3a, 0x02, 0x00, 0x01, 0x01, 0x04, 0x00, 0x02, 0x01, 0x04, 0x00,
    0x10, 0x40, 0x00, 0x00, 0x10, 0x42, 0x02, 0x00, 0x20, 0x01, 0x08, 0x00,
    0x20, 0x40, 0x00, 0x00, 0x70, 0x04, 0x00, 0x00, 0x21, 0x40, 0x00, 0x00,
    0xb0, 0x00, 0x00, 0x00, 0x22, 0x40, 0x00, 0x00, 0xf0, 0x03, 0x00, 0x00,
    0x2f, 0x01, 0x01, 0x00, 0x03, 0x00, 0x00, 0x00, 0x00, 0x40, 0x00, 0x00,
    0x70, 0x3e, 0x02, 0x00, 0x10, 0x40, 0x00, 0x00, 0xb0, 0x45, 0x02, 0x00,
    0x2f, 0x01, 0x03, 0x00, 0x03, 0x00, 0x00, 0x00, 0x00, 0x40, 0x00, 0x00,
    0x10, 0x42, 0x02, 0x00, 0x01, 0x01, 0x00, 0x00, 0x02, 0x01, 0x00, 0x00,
    0x10, 0x40, 0x00, 0x00, 0x30, 0x94, 0x01, 0x00, 0x13, 0x01, 0x0f, 0x00,
    0x20, 0x01, 0x00, 0x00, 0x20, 0x40, 0x00, 0x00, 0xc0, 0x05, 0x00, 0x00,
    0x21, 0x40, 0x00, 0x00, 0x10, 0x01, 0x00, 0x00, 0x22, 0x40, 0x00, 0x00,
    0x20, 0x05, 0x00, 0x00, 0x23, 0x40, 0x00, 0x00, 0xa0, 0x00, 0x00, 0x00,
    0x2f, 0x01, 0x01, 0x00, 0x02, 0x00, 0x00, 0x00, 0x00, 0x40, 0x00, 0x00,
    0xb0, 0x45, 0x02, 0x00, 0x10, 0x40, 0x00, 0x00, 0xd0, 0x97, 0x01, 0x00,
    0x2f, 0x01, 0x03, 0x00, 0x02, 0x00, 0x00, 0x00, 0x00, 0x40, 0x00, 0x00,
    0x90, 0x74, 0x00, 0x00, 0x0b, 0x01, 0x01, 0x00, 0x0c, 0x01, 0x01, 0x00,
    0x0a, 0x01, 0x72, 0x00, 0x04, 0x01, 0x03, 0x00, 0x05, 0x40, 0x00, 0x00,
    0xcc, 0x01, 0x00, 0x00, 0x04, 0x40, 0x00, 0x00, 0x04, 0x00, 0x00, 0x00,
    0x06, 0x40, 0x00, 0x00, 0x01, 0x00, 0x00, 0x00, 0x09, 0x01, 0x00, 0x00,
    0x05, 0x01, 0x01, 0x00, 0x10, 0x40, 0x00, 0x00, 0xf0, 0x1d, 0x02, 0x00,
    0x11, 0x01, 0x72, 0x00, 0x1a, 0x01, 0x72, 0x00, 0x13, 0x01, 0x03, 0x00,
    0x15, 0x40, 0x00, 0x00, 0x30, 0x07, 0x00, 0x00, 0x16, 0x40, 0x00, 0x00,
    0x30, 0x07, 0x00, 0x00, 0x18, 0x01, 0x00, 0x00, 0x14, 0x01, 0x41, 0x81,
    0x21, 0x01, 0x01, 0x00, 0x22, 0x01, 0x02, 0x00, 0x15, 0x01, 0x15, 0x00,
    0x17, 0x01, 0x07, 0x00, 0x05, 0x00, 0x01, 0x00, 0x00, 0x40, 0x00, 0x00,
    0x28, 0x78, 0x00, 0x00, 0x10, 0x40, 0x00, 0x00, 0x20, 0x25, 0x02, 0x00,
    0x05, 0x00, 0x01, 0x00, 0x00, 0x40, 0x00, 0x00, 0xf0, 0x1d, 0x02, 0x00,
    0x0b, 0x01, 0x00, 0x00, 0x0c, 0x01, 0x00, 0x00, 0x05, 0x40, 0x00, 0x00,
    0x30, 0x07, 0x00, 0x00, 0x04, 0x40, 0x00, 0x00, 0x10, 0x00, 0x00, 0x00,
    0x06, 0x40, 0x00, 0x00, 0x30, 0x07, 0x00, 0x00, 0x09, 0x01, 0xff, 0xff,
    0x05, 0x01, 0x41, 0x00, 0x01, 0x01, 0x01, 0x00, 0x02, 0x01, 0x01, 0x00,
    0x10, 0x40, 0x00, 0x00, 0x50, 0x2c, 0x02, 0x00, 0x11, 0x01, 0x39, 0x00,
    0x1a, 0x01, 0x39, 0x00, 0x13, 0x01, 0x0b, 0x00, 0x15, 0x40, 0x00, 0x00,
    0xa0, 0x03, 0x00, 0x00, 0x16, 0x40, 0x00, 0x00, 0xa0, 0x03, 0x00, 0x00,
    0x18, 0x01, 0x80, 0xff, 0x14, 0x01, 0x41, 0x00, 0x21, 0x01, 0x00, 0x00,
    0x20, 0x01, 0x02, 0x00, 0x22, 0x01, 0x05, 0x00, 0x20, 0x40, 0x00, 0x00,
    0x80, 0x00, 0x00, 0x00, 0x21, 0x40, 0x00, 0x00, 0x00, 0x01, 0x00, 0x00,
    0x22, 0x40, 0x00, 0x00, 0x00, 0x00, 0x00, 0x00, 0x23, 0x40, 0x00, 0x00,
    0x80, 0x00, 0x00, 0x00, 0x15, 0x01, 0x39, 0x00, 0x17, 0x01, 0x0f, 0x00,
    0x2f, 0x01, 0x01, 0x00, 0x02, 0x00, 0x00, 0x00, 0x00, 0x40, 0x00, 0x00,
    0x20, 0x25, 0x02, 0x00, 0x10, 0x40, 0x00, 0x00, 0xf0, 0x2f, 0x02, 0x00,
    0x2f, 0x01, 0x03, 0x00, 0x02, 0x00, 0x00, 0x00, 0x00, 0x40, 0x00, 0x00,
    0x50, 0x2c, 0x02, 0x00, 0x0a, 0x01, 0x39, 0x00, 0x04, 0x01, 0x0b, 0x00,
    0x05, 0x40, 0x00, 0x00, 0xa0, 0x03, 0x00, 0x00, 0x06, 0x40, 0x00, 0x00,
    0xa0, 0x03, 0x00, 0x00, 0x09, 0x01, 0x80, 0xff, 0x01, 0x01, 0x03, 0x00,
    0x02, 0x01, 0x03, 0x00, 0x10, 0x40, 0x00, 0x00, 0x90, 0x33, 0x02, 0x00,
    0x20, 0x01, 0x06, 0x00, 0x22, 0x01, 0x00, 0x00, 0x20, 0x40, 0x00, 0x00,
    0x00, 0x02, 0x00, 0x00, 0x21, 0x40, 0x00, 0x00, 0x90, 0x00, 0x00, 0x00,
    0x22, 0x40, 0x00, 0x00, 0x80, 0x01, 0x00, 0x00, 0x2f, 0x01, 0x01, 0x00,
    0x03, 0x00, 0x00, 0x00, 0x00, 0x40, 0x00, 0x00, 0xf0, 0x2f, 0x02, 0x00,
    0x10, 0x40, 0x00, 0x00, 0x30, 0x37, 0x02, 0x00, 0x2f, 0x01, 0x03, 0x00,
    0x03, 0x00, 0x00, 0x00, 0x00, 0x40, 0x00, 0x00, 0x90, 0x33, 0x02, 0x00,
    0x01, 0x01, 0x00, 0x00, 0x02, 0x01, 0x00, 0x00, 0x10, 0x40, 0x00, 0x00,
    0xd0, 0x3a, 0x02, 0x00, 0x20, 0x01, 0x00, 0x00, 0x20, 0x40, 0x00, 0x00,
    0x10, 0x03, 0x00, 0x00, 0x21, 0x40, 0x00, 0x00, 0xe0, 0x00, 0x00, 0x00,
    0x22, 0x40, 0x00, 0x00, 0x90, 0x02, 0x00, 0x00, 0x2f, 0x01, 0x01, 0x00,
    0x02, 0x00, 0x00, 0x00, 0x00, 0x40, 0x00, 0x00, 0x30, 0x37, 0x02, 0x00,
    0x10, 0x40, 0x00, 0x00, 0x70, 0x3e, 0x02, 0x00, 0x2f, 0x01, 0x03, 0x00,
    0x02, 0x00, 0x00, 0x00, 0x00, 0x40, 0x00, 0x00, 0xd0, 0x3a, 0x02, 0x00,
    0x01, 0x01, 0x04, 0x00, 0x02, 0x01, 0x04, 0x00, 0x10, 0x40, 0x00, 0x00,
    0x10, 0x42, 0x02, 0x00, 0x20, 0x01, 0x08, 0x00, 0x20, 0x40, 0x00, 0x00,
    0x70, 0x04, 0x00, 0x00, 0x21, 0x40, 0x00, 0x00, 0xb0, 0x00, 0x00, 0x00,
    0x22, 0x40, 0x00, 0x00, 0xf0, 0x03, 0x00, 0x00, 0x2f, 0x01, 0x01, 0x00,
    0x03, 0x00, 0x00, 0x00, 0x00, 0x40, 0x00, 0x00, 0x70, 0x3e, 0x02, 0x00,
    0x10, 0x40, 0x00, 0x00, 0xb0, 0x45, 0x02, 0x00, 0x2f, 0x01, 0x03, 0x00,
    0x03, 0x00, 0x00, 0x00, 0x00, 0x40, 0x00, 0x00, 0x10, 0x42, 0x02, 0x00,
    0x01, 0x01, 0x00, 0x00, 0x02, 0x01, 0x00, 0x00, 0x10, 0x40, 0x00, 0x00,
    0x70, 0x9b, 0x01, 0x00, 0x13, 0x01, 0x0f, 0x00, 0x20, 0x01, 0x00, 0x00,
    0x20, 0x40, 0x00, 0x00, 0xc0, 0x05, 0x00, 0x00, 0x21, 0x40, 0x00, 0x00,
    0x10, 0x01, 0x00, 0x00, 0x22, 0x40, 0x00, 0x00, 0x20, 0x05, 0x00, 0x00,
    0x23, 0x40, 0x00, 0x00, 0xa0, 0x00, 0x00, 0x00, 0x2f, 0x01, 0x01, 0x00,
    0x02, 0x00, 0x00, 0x00, 0x00, 0x40, 0x00, 0x00, 0xb0, 0x45, 0x02, 0x00,
    0x10, 0x40, 0x00, 0x00, 0x10, 0x9f, 0x01, 0x00, 0x2f, 0x01, 0x03, 0x00,
    0x02, 0x00, 0x00, 0x00, 0x00, 0x40, 0x00, 0x00, 0xb0, 0xa2, 0x01, 0x00,
    0x02, 0x40, 0x00, 0x00, 0xb0, 0x85, 0x01, 0x00, 0x0b, 0x01, 0x01, 0x00,
    0x0c, 0x01, 0x01, 0x00, 0x04, 0x01, 0x0f, 0x00, 0x01, 0x01, 0x01, 0x00,
    0x02, 0x01, 0x01, 0x00, 0x10, 0x40, 0x00, 0x00, 0x50, 0x49, 0x02, 0x00,
    0x21, 0x01, 0x04, 0x00, 0x20, 0x01, 0x02, 0x00, 0x20, 0x40, 0x00, 0x00,
    0x70, 0x07, 0x00, 0x00, 0x22, 0x40, 0x00, 0x00, 0xd0, 0x06, 0x00, 0x00,
    0x0d, 0x01, 0x12, 0x00, 0x2f, 0x01, 0x01, 0x00, 0x03, 0x00, 0x00, 0x00,
    0x00, 0x40, 0x00, 0x00, 0x50, 0xa6, 0x01, 0x00, 0x0b, 0x01, 0x00, 0x00,
    0x0c, 0x01, 0x00, 0x00, 0x10, 0x40, 0x00, 0x00, 0xf0, 0x4c, 0x02, 0x00,
    0x2f, 0x01, 0x03, 0x00, 0x03, 0x00, 0x00, 0x00, 0x00, 0x40, 0x00, 0x00,
    0x50, 0x49, 0x02, 0x00, 0x02, 0x40, 0x00, 0x00, 0x00, 0x00, 0x00, 0x00,
    0x01, 0x01, 0x00, 0x00, 0x02, 0x01, 0x00, 0x00, 0x10, 0x40, 0x00, 0x00,
    0x90, 0x50, 0x02, 0x00, 0x21, 0x01, 0x00, 0x00, 0x20, 0x01, 0x00, 0x00,
    0x20, 0x40, 0x00, 0x00, 0x20, 0x09, 0x00, 0x00, 0x21, 0x40, 0x00, 0x00,
    0x50, 0x01, 0x00, 0x00, 0x22, 0x40, 0x00, 0x00, 0x80, 0x08, 0x00, 0x00,
    0x0d, 0x01, 0x0a, 0x00, 0x2f, 0x01, 0x01, 0x00, 0x02, 0x00, 0x00, 0x00,
    0x00, 0x40, 0x00, 0x00, 0xf0, 0x4c, 0x02, 0x00, 0x10, 0x40, 0x00, 0x00,
    0x30, 0x54, 0x02, 0x00, 0x2f, 0x01, 0x03, 0x00, 0x02, 0x00, 0x00, 0x00,
    0x00, 0x40, 0x00, 0x00, 0x90, 0x50, 0x02, 0x00, 0x01, 0x01, 0x04, 0x00,
    0x02, 0x01, 0x04, 0x00, 0x10, 0x40, 0x00, 0x00, 0xd0, 0x57, 0x02, 0x00,
    0x20, 0x01, 0x08, 0x00, 0x20, 0x40, 0x00, 0x00, 0x10, 0x0b, 0x00, 0x00,
    0x21, 0x40, 0x00, 0x00, 0xd0, 0x00, 0x00, 0x00, 0x22, 0x40, 0x00, 0x00,
    0x70, 0x0a, 0x00, 0x00, 0x2f, 0x01, 0x01, 0x00, 0x03, 0x00, 0x00, 0x00,
    0x00, 0x40, 0x00, 0x00, 0x30, 0x54, 0x02, 0x00, 0x10, 0x40, 0x00, 0x00,
    0x70, 0x5b, 0x02, 0x00, 0x2f, 0x01, 0x03, 0x00, 0x03, 0x00, 0x00, 0x00,
    0x00, 0x40, 0x00, 0x00, 0xd0, 0x57, 0x02, 0x00, 0x01, 0x01, 0x00, 0x00,
    0x02, 0x01, 0x00, 0x00, 0x10, 0x40, 0x00, 0x00, 0xf0, 0xa9, 0x01, 0x00,
    0x20, 0x01, 0x00, 0x00, 0x20, 0x40, 0x00, 0x00, 0x80, 0x0c, 0x00, 0x00,
    0x21, 0x40, 0x00, 0x00, 0x50, 0x01, 0x00, 0x00, 0x22, 0x40, 0x00, 0x00,
    0xe0, 0x0b, 0x00, 0x00, 0x2f, 0x01, 0x01, 0x00, 0x02, 0x00, 0x00, 0x00,
    0x00, 0x40, 0x00, 0x00, 0x70, 0x5b, 0x02, 0x00, 0x10, 0x40, 0x00, 0x00,
    0x90, 0xad, 0x01, 0x00, 0x2f, 0x01, 0x03, 0x00, 0x02, 0x00, 0x00, 0x00,
    0x00, 0x40, 0x00, 0x00, 0x30, 0xb1, 0x01, 0x00, 0x0b, 0x01, 0x04, 0x00,
    0x0c, 0x01, 0x04, 0x00, 0x01, 0x01, 0x01, 0x00, 0x02, 0x01, 0x01, 0x00,
    0x10, 0x40, 0x00, 0x00, 0x10, 0x5f, 0x02, 0x00, 0x21, 0x01, 0x04, 0x00,
    0x20, 0x01, 0x02, 0x00, 0x20, 0x40, 0x00, 0x00, 0x70, 0x0e, 0x00, 0x00,
    0x21, 0x40, 0x00, 0x00, 0x10, 0x01, 0x00, 0x00, 0x22, 0x40, 0x00, 0x00,
    0xd0, 0x0d, 0x00, 0x00, 0x0d, 0x01, 0x12, 0x00, 0x2f, 0x01, 0x01, 0x00,
    0x03, 0x00, 0x00, 0x00, 0x00, 0x40, 0x00, 0x00, 0xd0, 0xb4, 0x01, 0x00,
    0x10, 0x40, 0x00, 0x00, 0xb0, 0x62, 0x02, 0x00, 0x2f, 0x01, 0x03, 0x00,
    0x03, 0x00, 0x00, 0x00, 0x00, 0x40, 0x00, 0x00, 0x10, 0x5f, 0x02, 0x00,
    0x0b, 0x01, 0x00, 0x00, 0x0c, 0x01, 0x00, 0x00, 0x01, 0x01, 0x00, 0x00,
    0x02, 0x01, 0x00, 0x00, 0x10, 0x40, 0x00, 0x00, 0x50, 0x66, 0x02, 0x00,
    0x21, 0x01, 0x00, 0x00, 0x20, 0x01, 0x00, 0x00, 0x20, 0x40, 0x00, 0x00,
    0x20, 0x10, 0x00, 0x00, 0x21, 0x40, 0x00, 0x00, 0x50, 0x01, 0x00, 0x00,
    0x22, 0x40, 0x00, 0x00, 0x80, 0x0f, 0x00, 0x00, 0x0d, 0x01, 0x0a, 0x00,
    0x2f, 0x01, 0x01, 0x00, 0x02, 0x00, 0x00, 0x00, 0x00, 0x40, 0x00, 0x00,
    0xb0, 0x62, 0x02, 0x00, 0x10, 0x40, 0x00, 0x00, 0xf0, 0x69, 0x02, 0x00,
    0x2f, 0x01, 0x03, 0x00, 0x02, 0x00, 0x00, 0x00, 0x00, 0x40, 0x00, 0x00,
    0x50, 0x66, 0x02, 0x00, 0x01, 0x01, 0x04, 0x00, 0x02, 0x01, 0x04, 0x00,
    0x10, 0x40, 0x00, 0x00, 0x90, 0x6d, 0x02, 0x00, 0x20, 0x01, 0x08, 0x00,
    0x20, 0x40, 0x00, 0x00, 0x10, 0x12, 0x00, 0x00, 0x21, 0x40, 0x00, 0x00,
    0xb0, 0x00, 0x00, 0x00, 0x22, 0x40, 0x00, 0x00, 0x70, 0x11, 0x00, 0x00,
    0x2f, 0x01, 0x01, 0x00, 0x03, 0x00, 0x00, 0x00, 0x00, 0x40, 0x00, 0x00,
    0xf0, 0x69, 0x02, 0x00, 0x10, 0x40, 0x00, 0x00, 0x30, 0x71, 0x02, 0x00,
    0x2f, 0x01, 0x03, 0x00, 0x03, 0x00, 0x00, 0x00, 0x00, 0x40, 0x00, 0x00,
    0x90, 0x6d, 0x02, 0x00, 0x01, 0x01, 0x00, 0x00, 0x02, 0x01, 0x00, 0x00,
    0x10, 0x40, 0x00, 0x00, 0xb0, 0xdc, 0x01, 0x00, 0x20, 0x01, 0x00, 0x00,
    0x20, 0x40, 0x00, 0x00, 0x60, 0x13, 0x00, 0x00, 0x21, 0x40, 0x00, 0x00,
    0x50, 0x01, 0x00, 0x00, 0x22, 0x40, 0x00, 0x00, 0xc0, 0x12, 0x00, 0x00,
    0x2f, 0x01, 0x01, 0x00, 0x02, 0x00, 0x00, 0x00, 0x00, 0x40, 0x00, 0x00,
    0x30, 0x71, 0x02, 0x00, 0x10, 0x40, 0x00, 0x00, 0x50, 0xe0, 0x01, 0x00,
    0x2f, 0x01, 0x03, 0x00, 0x02, 0x00, 0x00, 0x00, 0x00, 0x40, 0x00, 0x00,
    0xf0, 0xe3, 0x01, 0x00, 0x02, 0x40, 0x00, 0x00, 0x30, 0xce, 0x01, 0x00,
    0x0b, 0x01, 0x03, 0x00, 0x0c, 0x01, 0x03, 0x00, 0x01, 0x01, 0x01, 0x00,
    0x02, 0x01, 0x01, 0x00, 0x10, 0x40, 0x00, 0x00, 0xd0, 0x74, 0x02, 0x00,
    0x21, 0x01, 0x04, 0x00, 0x20, 0x01, 0x02, 0x00, 0x20, 0x40, 0x00, 0x00,
    0x50, 0x15, 0x00, 0x00, 0x21, 0x40, 0x00, 0x00, 0x10, 0x01, 0x00, 0x00,
    0x22, 0x40, 0x00, 0x00, 0xb0, 0x14, 0x00, 0x00, 0x0d, 0x01, 0x12, 0x00,
    0x2f, 0x01, 0x01, 0x00, 0x03, 0x00, 0x00, 0x00, 0x00, 0x40, 0x00, 0x00,
    0x90, 0xe7, 0x01, 0x00, 0x0b, 0x01, 0x02, 0x00, 0x0c, 0x01, 0x02, 0x00,
    0x10, 0x40, 0x00, 0x00, 0x70, 0x78, 0x02, 0x00, 0x2f, 0x01, 0x03, 0x00,
    0x03, 0x00, 0x00, 0x00, 0x00, 0x40, 0x00, 0x00, 0xd0, 0x74, 0x02, 0x00,
    0x02, 0x40, 0x00, 0x00, 0x00, 0x00, 0x00, 0x00, 0x0b, 0x01, 0x00, 0x00,
    0x0c, 0x01, 0x00, 0x00, 0x01, 0x01, 0x00, 0x00, 0x02, 0x01, 0x00, 0x00,
    0x10, 0x40, 0x00, 0x00, 0xb0, 0xf9, 0x01, 0x00, 0x21, 0x01, 0x00, 0x00,
    0x20, 0x01, 0x00, 0x00, 0x20, 0x40, 0x00, 0x00, 0x00, 0x17, 0x00, 0x00,
    0x21, 0x40, 0x00, 0x00, 0x50, 0x01, 0x00, 0x00, 0x22, 0x40, 0x00, 0x00,
    0x60, 0x16, 0x00, 0x00, 0x0d, 0x01, 0x0a, 0x00, 0x2f, 0x01, 0x01, 0x00,
    0x02, 0x00, 0x00, 0x00, 0x00, 0x40, 0x00, 0x00, 0x70, 0x78, 0x02, 0x00,
    0x10, 0x40, 0x00, 0x00, 0x50, 0xfd, 0x01, 0x00, 0x2f, 0x01, 0x03, 0x00,
    0x02, 0x00, 0x00, 0x00, 0x00, 0x40, 0x00, 0x00, 0xf0, 0x00, 0x02, 0x00,
    0x02, 0x40, 0x00, 0x00, 0x70, 0xf2, 0x01, 0x00, 0x0b, 0x01, 0x01, 0x00,
    0x0c, 0x01, 0x01, 0x00, 0x01, 0x01, 0x02, 0x00, 0x02, 0x01, 0x02, 0x00,
    0x10, 0x40, 0x00, 0x00, 0xb0, 0x7f, 0x02, 0x00, 0x21, 0x01, 0x02, 0x00,
    0x20, 0x01, 0x04, 0x00, 0x20, 0x40, 0x00, 0x00, 0xf0, 0x18, 0x00, 0x00,
    0x21, 0x40, 0x00, 0x00, 0x10, 0x01, 0x00, 0x00, 0x22, 0x40, 0x00, 0x00,
    0x50, 0x18, 0x00, 0x00, 0x2f, 0x01, 0x01, 0x00, 0x03, 0x00, 0x00, 0x00,
    0x00, 0x40, 0x00, 0x00, 0x10, 0x7c, 0x02, 0x00, 0x02, 0x40, 0x00, 0x00,
    0x00, 0x00, 0x00, 0x00, 0x0b, 0x01, 0x00, 0x00, 0x0c, 0x01, 0x00, 0x00,
    0x01, 0x01, 0x00, 0x00, 0x02, 0x01, 0x00, 0x00, 0x10, 0x40, 0x00, 0x00,
    0xb0, 0x16, 0x02, 0x00, 0x21, 0x01, 0x00, 0x00, 0x20, 0x01, 0x00, 0x00,
    0x20, 0x40, 0x00, 0x00, 0xa0, 0x1a, 0x00, 0x00, 0x21, 0x40, 0x00, 0x00,
    0x50, 0x01, 0x00, 0x00, 0x22, 0x40, 0x00, 0x00, 0x00, 0x1a, 0x00, 0x00,
    0x02, 0x00, 0x00, 0x00, 0x00, 0x40, 0x00, 0x00, 0xb0, 0x7f, 0x02, 0x00,
    0x10, 0x40, 0x00, 0x00, 0x50, 0x1a, 0x02, 0x00, 0x2f, 0x01, 0x03, 0x00,
    0x02, 0x00, 0x00, 0x00, 0x00, 0x40, 0x00, 0x00, 0x30, 0x08, 0x02, 0x00,
    0x0b, 0x01, 0x01, 0x00, 0x0c, 0x01, 0x01, 0x00, 0x00, 0x01, 0x01, 0x00,
    0x01, 0x01, 0x02, 0x00, 0x02, 0x01, 0x02, 0x00, 0x10, 0x40, 0x00, 0x00,
    0x00, 0x00, 0x00, 0x00, 0x13, 0x01, 0x00, 0x00, 0x15, 0x40, 0x00, 0x00,
    0x3a, 0x00, 0x00, 0x00, 0x14, 0x40, 0x00, 0x00, 0x01, 0x00, 0x00, 0x00,
    0x16, 0x40, 0x00, 0x00, 0x01, 0x00, 0x00, 0x00, 0x18, 0x01, 0x59, 0x00,
    0x14, 0x01, 0x01, 0x00, 0x21, 0x01, 0x02, 0x00, 0x20, 0x01, 0x04, 0x00,
    0x22, 0x01, 0x04, 0x00, 0x20, 0x40, 0x00, 0x00, 0x00, 0x1c, 0x00, 0x00,
    0x21, 0x40, 0x00, 0x00, 0x90, 0x01, 0x00, 0x00, 0x22, 0x40, 0x00, 0x00,
    0xf0, 0x1b, 0x00, 0x00, 0x23, 0x40, 0x00, 0x00, 0x10, 0x00, 0x00, 0x00,
    0x17, 0x01, 0x07, 0x00, 0x2f, 0x01, 0x01, 0x00, 0x02, 0x00, 0x00, 0x00,
    0x0b, 0x01, 0x02, 0x00, 0x0c, 0x01, 0x02, 0x00, 0x00, 0x01, 0x00, 0x00,
    0x10, 0x40, 0x00, 0x00, 0x3a, 0x00, 0x00, 0x00, 0x2f, 0x01, 0x03, 0x00,
    0x02, 0x00, 0x00, 0x00, 0x00, 0x40, 0x00, 0x00, 0xd0, 0x0b, 0x02, 0x00,
    0x10, 0x40, 0x00, 0x00, 0x74, 0x00, 0x00, 0x00, 0x02, 0x00, 0x00, 0x00,
    0x00, 0x40, 0x00, 0x00, 0x70, 0x0f, 0x02, 0x00, 0x10, 0x40, 0x00, 0x00,
    0xae, 0x00, 0x00, 0x00, 0x02, 0x00, 0x00, 0x00, 0x00, 0x40, 0x00, 0x00,
    0x10, 0x13, 0x02, 0x00, 0x10, 0x40, 0x00, 0x00, 0xe8, 0x00, 0x00, 0x00,
    0x02, 0x00, 0x00, 0x00, 0x00, 0x40, 0x00, 0x00, 0x90, 0x04, 0x02, 0x00,
    0x02, 0x40, 0x00, 0x00, 0x70, 0xf2, 0x01, 0x00, 0x0b, 0x01, 0x00, 0x00,
    0x0c, 0x01, 0x00, 0x00, 0x10, 0x40, 0x00, 0x00, 0x10, 0x7c, 0x02, 0x00,
    0x13, 0x01, 0x0f, 0x00, 0x15, 0x40, 0x00, 0x00, 0xa0, 0x03, 0x00, 0x00,
    0x14, 0x40, 0x00, 0x00, 0x10, 0x00, 0x00, 0x00, 0x16, 0x40, 0x00, 0x00,
    0xa0, 0x03, 0x00, 0x00, 0x18, 0x01, 0x80, 0xff, 0x14, 0x01, 0x41, 0x00,
    0x22, 0x01, 0x00, 0x00, 0x20, 0x40, 0x00, 0x00, 0xf0, 0x18, 0x00, 0x00,
    0x21, 0x40, 0x00, 0x00, 0x10, 0x01, 0x00, 0x00, 0x22, 0x40, 0x00, 0x00,
    0x50, 0x18, 0x00, 0x00, 0x23, 0x40, 0x00, 0x00, 0xa0, 0x00, 0x00, 0x00,
    0x17, 0x01, 0x0f, 0x00, 0x03, 0x00, 0x00, 0x00, 0x00, 0x40, 0x00, 0x00,
    0x70, 0xf2, 0x01, 0x00, 0x02, 0x40, 0x00, 0x00, 0x00, 0x00, 0x00, 0x00,
    0x0b, 0x01, 0x02, 0x00, 0x0c, 0x01, 0x02, 0x00, 0x10, 0x40, 0x00, 0x00,
    0xb0, 0x7f, 0x02, 0x00, 0x03, 0x00, 0x00, 0x00, 0x00, 0x40, 0x00, 0x00,
    0x10, 0x7c, 0x02, 0x00, 0x0b, 0x01, 0x00, 0x00, 0x0c, 0x01, 0x00, 0x00,
    0x01, 0x01, 0x00, 0x00, 0x02, 0x01, 0x00, 0x00, 0x10, 0x40, 0x00, 0x00,
    0x30, 0x08, 0x02, 0x00, 0x21, 0x01, 0x00, 0x00, 0x20, 0x01, 0x00, 0x00,
    0x20, 0x40, 0x00, 0x00, 0xa0, 0x1a, 0x00, 0x00, 0x21, 0x40, 0x00, 0x00,
    0x50, 0x01, 0x00, 0x00, 0x22, 0x40, 0x00, 0x00, 0x00, 0x1a, 0x00, 0x00,
    0x2f, 0x01, 0x01, 0x00, 0x02, 0x00, 0x00, 0x00, 0x00, 0x40, 0x00, 0x00,
    0xb0, 0x7f, 0x02, 0x00, 0x10, 0x40, 0x00, 0x00, 0xd0, 0x0b, 0x02, 0x00,
    0x2f, 0x01, 0x03, 0x00, 0x02, 0x00, 0x00, 0x00, 0x00, 0x40, 0x00, 0x00,
    0x10, 0xf6, 0x01, 0x00, 0x0b, 0x01, 0x02, 0x00, 0x0c, 0x01, 0x02, 0x00,
    0x01, 0x01, 0x02, 0x00, 0x02, 0x01, 0x02, 0x00, 0x10, 0x40, 0x00, 0x00,
    0x10, 0x7c, 0x02, 0x00, 0x21, 0x01, 0x02, 0x00, 0x20, 0x01, 0x04, 0x00,
    0x20, 0x40, 0x00, 0x00, 0xf0, 0x18, 0x00, 0x00, 0x21, 0x40, 0x00, 0x00,
    0x10, 0x01, 0x00, 0x00, 0x22, 0x40, 0x00, 0x00, 0x50, 0x18, 0x00, 0x00,
    0x03, 0x00, 0x00, 0x00, 0x00, 0x40, 0x00, 0x00, 0x30, 0xeb, 0x01, 0x00,
    0x02, 0x40, 0x00, 0x00, 0x30, 0xce, 0x01, 0x00, 0x0b, 0x01, 0x01, 0x00,
    0x0c, 0x01, 0x01, 0x00, 0x01, 0x01, 0x01, 0x00, 0x02, 0x01, 0x01, 0x00,
    0x10, 0x40, 0x00, 0x00, 0xd0, 0x74, 0x02, 0x00, 0x21, 0x01, 0x04, 0x00,
    0x20, 0x01, 0x02, 0x00, 0x20, 0x40, 0x00, 0x00, 0x50, 0x15, 0x00, 0x00,
    0x22, 0x40, 0x00, 0x00, 0xb0, 0x14, 0x00, 0x00, 0x0d, 0x01, 0x12, 0x00,
    0x03, 0x00, 0x00, 0x00, 0x00, 0x40, 0x00, 0x00, 0xd0, 0xee, 0x01, 0x00,
    0x0b, 0x01, 0x00, 0x00, 0x0c, 0x01, 0x00, 0x00, 0x10, 0x40, 0x00, 0x00,
    0x70, 0x78, 0x02, 0x00, 0x03, 0x00, 0x00, 0x00, 0x00, 0x40, 0x00, 0x00,
    0xd0, 0x74, 0x02, 0x00, 0x02, 0x40, 0x00, 0x00, 0x00, 0x00, 0x00, 0x00,
    0x01, 0x01, 0x00, 0x00, 0x02, 0x01, 0x00, 0x00, 0x10, 0x40, 0x00, 0x00,
    0xf0, 0x00, 0x02, 0x00, 0x21, 0x01, 0x00, 0x00, 0x20, 0x01, 0x00, 0x00,
    0x20, 0x40, 0x00, 0x00, 0x00, 0x17, 0x00, 0x00, 0x21, 0x40, 0x00, 0x00,
    0x50, 0x01, 0x00, 0x00, 0x22, 0x40, 0x00, 0x00, 0x60, 0x16, 0x00, 0x00,
    0x0d, 0x01, 0x0a, 0x00, 0x2f, 0x01, 0x01, 0x00, 0x02, 0x00, 0x00, 0x00,
    0x00, 0x40, 0x00, 0x00, 0x70, 0x78, 0x02, 0x00, 0x10, 0x40, 0x00, 0x00,
    0x90, 0x04, 0x02, 0x00, 0x2f, 0x01, 0x03, 0x00, 0x02, 0x00, 0x00, 0x00,
    0x00, 0x40, 0x00, 0x00, 0x30, 0xce, 0x01, 0x00, 0x0b, 0x01, 0x04, 0x00,
    0x0c, 0x01, 0x04, 0x00, 0x01, 0x01, 0x01, 0x00, 0x02, 0x01, 0x01, 0x00,
    0x10, 0x40, 0x00, 0x00, 0xd0, 0x74, 0x02, 0x00, 0x21, 0x01, 0x04, 0x00,
    0x20, 0x01, 0x02, 0x00, 0x20, 0x40, 0x00, 0x00, 0x50, 0x15, 0x00, 0x00,
    0x21, 0x40, 0x00, 0x00, 0x10, 0x01, 0x00, 0x00, 0x22, 0x40, 0x00, 0x00,
    0xb0, 0x14, 0x00, 0x00, 0x0d, 0x01, 0x12, 0x00, 0x03, 0x00, 0x00, 0x00,
    0x00, 0x40, 0x00, 0x00, 0xd0, 0xd1, 0x01, 0x00, 0x10, 0x40, 0x00, 0x00,
    0x70, 0x78, 0x02, 0x00, 0x03, 0x00, 0x00, 0x00, 0x00, 0x40, 0x00, 0x00,
    0xd0, 0x74, 0x02, 0x00, 0x0b, 0x01, 0x00, 0x00, 0x0c, 0x01, 0x00, 0x00,
    0x01, 0x01, 0x00, 0x00, 0x02, 0x01, 0x00, 0x00, 0x10, 0x40, 0x00, 0x00,
    0x70, 0xf2, 0x01, 0x00, 0x21, 0x01, 0x00, 0x00, 0x20, 0x01, 0x00, 0x00,
    0x20, 0x40, 0x00, 0x00, 0x00, 0x17, 0x00, 0x00, 0x21, 0x40, 0x00, 0x00,
    0x50, 0x01, 0x00, 0x00, 0x22, 0x40, 0x00, 0x00, 0x60, 0x16, 0x00, 0x00,
    0x0d, 0x01, 0x0a, 0x00, 0x2f, 0x01, 0x01, 0x00, 0x02, 0x00, 0x00, 0x00,
    0x00, 0x40, 0x00, 0x00, 0x70, 0x78, 0x02, 0x00, 0x10, 0x40, 0x00, 0x00,
    0x10, 0xf6, 0x01, 0x00, 0x2f, 0x01, 0x03, 0x00, 0x02, 0x00, 0x00, 0x00,
    0x00, 0x40, 0x00, 0x00, 0xb0, 0xf9, 0x01, 0x00, 0x0b, 0x01, 0x02, 0x00,
    0x0c, 0x01, 0x02, 0x00, 0x01, 0x01, 0x02, 0x00, 0x02, 0x01, 0x02, 0x00,
    0x10, 0x40, 0x00, 0x00, 0xb0, 0x7f, 0x02, 0x00, 0x21, 0x01, 0x02, 0x00,
    0x20, 0x01, 0x04, 0x00, 0x20, 0x40, 0x00, 0x00, 0xf0, 0x18, 0x00, 0x00,
    0x21, 0x40, 0x00, 0x00, 0x10, 0x01, 0x00, 0x00, 0x22, 0x40, 0x00, 0x00,
    0x50, 0x18, 0x00, 0x00, 0x2f, 0x01, 0x01, 0x00, 0x03, 0x00, 0x00, 0x00,
    0x00, 0x40, 0x00, 0x00, 0x10, 0x7c, 0x02, 0x00, 0x0b, 0x01, 0x00, 0x00,
    0x0c, 0x01, 0x00, 0x00, 0x01, 0x01, 0x00, 0x00, 0x02, 0x01, 0x00, 0x00,
    0x10, 0x40, 0x00, 0x00, 0x70, 0x0f, 0x02, 0x00, 0x21, 0x01, 0x00, 0x00,
    0x20, 0x01, 0x00, 0x00, 0x20, 0x40, 0x00, 0x00, 0xa0, 0x1a, 0x00, 0x00,
    0x21, 0x40, 0x00, 0x00, 0x50, 0x01, 0x00, 0x00, 0x22, 0x40, 0x00, 0x00,
    0x00, 0x1a, 0x00, 0x00, 0x02, 0x00, 0x00, 0x00, 0x00, 0x40, 0x00, 0x00,
    0xb0, 0x7f, 0x02, 0x00, 0x10, 0x40, 0x00, 0x00, 0x10, 0x13, 0x02, 0x00,
    0x2f, 0x01, 0x03, 0x00, 0x02, 0x00, 0x00, 0x00, 0x00, 0x40, 0x00, 0x00,
    0xb0, 0x16, 0x02, 0x00, 0x02, 0x40, 0x00, 0x00, 0x30, 0x08, 0x02, 0x00,
    0x0b, 0x01, 0x01, 0x00, 0x0c, 0x01, 0x01, 0x00, 0x01, 0x01, 0x02, 0x00,
    0x02, 0x01, 0x02, 0x00, 0x10, 0x40, 0x00, 0x00, 0x22, 0x01, 0x00, 0x00,
    0x13, 0x01, 0x00, 0x00, 0x15, 0x40, 0x00, 0x00, 0x3a, 0x00, 0x00, 0x00,
    0x14, 0x40, 0x00, 0x00, 0x01, 0x00, 0x00, 0x00, 0x16, 0x40, 0x00, 0x00,
    0x01, 0x00, 0x00, 0x00, 0x18, 0x01, 0x59, 0x00, 0x14, 0x01, 0x01, 0x00,
    0x21, 0x01, 0x02, 0x00, 0x20, 0x01, 0x04, 0x00, 0x22, 0x01, 0x04, 0x00,
    0x20, 0x40, 0x00, 0x00, 0x00, 0x1c, 0x00, 0x00, 0x21, 0x40, 0x00, 0x00,
    0x90, 0x01, 0x00, 0x00, 0x22, 0x40, 0x00, 0x00, 0xf0, 0x1b, 0x00, 0x00,
    0x23, 0x40, 0x00, 0x00, 0x10, 0x00, 0x00, 0x00, 0x17, 0x01, 0x07, 0x00,
    0x2f, 0x01, 0x01, 0x00, 0x02, 0x00, 0x00, 0x00, 0x00, 0x40, 0x00, 0x00,
    0x50, 0x1a, 0x02, 0x00, 0x0b, 0x01, 0x00, 0x00, 0x0c, 0x01, 0x00, 0x00,
    0x10, 0x40, 0x00, 0x00, 0x5c, 0x01, 0x00, 0x00, 0x2f, 0x01, 0x03, 0x00,
    0x02, 0x00, 0x00, 0x00, 0x00, 0x40, 0x00, 0x00, 0x30, 0x08, 0x02, 0x00,
    0x02, 0x40, 0x00, 0x00, 0x00, 0x00, 0x00, 0x00, 0x0b, 0x01, 0x02, 0x00,
    0x0c, 0x01, 0x02, 0x00, 0x10, 0x40, 0x00, 0x00, 0x96, 0x01, 0x00, 0x00,
    0x02, 0x00, 0x00, 0x00, 0x00, 0x40, 0x00, 0x00, 0xd0, 0x0b, 0x02, 0x00,
    0x10, 0x40, 0x00, 0x00, 0xd0, 0x01, 0x00, 0x00, 0x02, 0x00, 0x00, 0x00,
    0x00, 0x40, 0x00, 0x00, 0x50, 0xfd, 0x01, 0x00, 0x10, 0x40, 0x00, 0x00,
    0x10, 0x7c, 0x02, 0x00, 0x13, 0x01, 0x0f, 0x00, 0x15, 0x40, 0x00, 0x00,
    0xa0, 0x03, 0x00, 0x00, 0x14, 0x40, 0x00, 0x00, 0x10, 0x00, 0x00, 0x00,
    0x16, 0x40, 0x00, 0x00, 0xa0, 0x03, 0x00, 0x00, 0x18, 0x01, 0x80, 0xff,
    0x14, 0x01, 0x41, 0x00, 0x22, 0x01, 0x00, 0x00, 0x20, 0x40, 0x00, 0x00,
    0xf0, 0x18, 0x00, 0x00, 0x21, 0x40, 0x00, 0x00, 0x10, 0x01, 0x00, 0x00,
    0x22, 0x40, 0x00, 0x00, 0x50, 0x18, 0x00, 0x00, 0x23, 0x40, 0x00, 0x00,
    0xa0, 0x00, 0x00, 0x00, 0x17, 0x01, 0x0f, 0x00, 0x03, 0x00, 0x00, 0x00,
    0x00, 0x40, 0x00, 0x00, 0xf0, 0x00, 0x02, 0x00, 0x02, 0x40, 0x00, 0x00,
    0x70, 0xf2, 0x01, 0x00, 0x0b, 0x01, 0x01, 0x00, 0x0c, 0x01, 0x01, 0x00,
    0x10, 0x40, 0x00, 0x00, 0xb0, 0x7f, 0x02, 0x00, 0x03, 0x00, 0x00, 0x00,
    0x00, 0x40, 0x00, 0x00, 0x10, 0x7c, 0x02, 0x00, 0x02, 0x40, 0x00, 0x00,
    0x00, 0x00, 0x00, 0x00, 0x0b, 0x01, 0x00, 0x00, 0x0c, 0x01, 0x00, 0x00,
    0x01, 0x01, 0x00, 0x00, 0x02, 0x01, 0x00, 0x00, 0x10, 0x40, 0x00, 0x00,
    0xb0, 0x16, 0x02, 0x00, 0x21, 0x01, 0x00, 0x00, 0x20, 0x01, 0x00, 0x00,
    0x20, 0x40, 0x00, 0x00, 0xa0, 0x1a, 0x00, 0x00, 0x21, 0x40, 0x00, 0x00,
    0x50, 0x01, 0x00, 0x00, 0x22, 0x40, 0x00, 0x00, 0x00, 0x1a, 0x00, 0x00,
    0x2f, 0x01, 0x01, 0x00, 0x02, 0x00, 0x00, 0x00, 0x00, 0x40, 0x00, 0x00,
    0xb0, 0x7f, 0x02, 0x00, 0x10, 0x40, 0x00, 0x00, 0x50, 0x1a, 0x02, 0x00,
    0x2f, 0x01, 0x03, 0x00, 0x02, 0x00, 0x00, 0x00, 0x00, 0x40, 0x00, 0x00,
    0x90, 0x04, 0x02, 0x00, 0x02, 0x40, 0x00, 0x00, 0x70, 0xf2, 0x01, 0x00,
    0x01, 0x01, 0x02, 0x00, 0x02, 0x01, 0x02, 0x00, 0x10, 0x40, 0x00, 0x00,
    0x10, 0x7c, 0x02, 0x00, 0x21, 0x01, 0x02, 0x00, 0x20, 0x01, 0x04, 0x00,
    0x20, 0x40, 0x00, 0x00, 0xf0, 0x18, 0x00, 0x00, 0x21, 0x40, 0x00, 0x00,
    0x10, 0x01, 0x00, 0x00, 0x22, 0x40, 0x00, 0x00, 0x50, 0x18, 0x00, 0x00,
    0x03, 0x00, 0x00, 0x00, 0x00, 0x40, 0x00, 0x00, 0x70, 0xb8, 0x01, 0x00,
    0x02, 0x40, 0x00, 0x00, 0x00, 0x00, 0x00, 0x00, 0x0b, 0x01, 0x04, 0x00,
    0x0c, 0x01, 0x04, 0x00, 0x01, 0x01, 0x01, 0x00, 0x02, 0x01, 0x01, 0x00,
    0x10, 0x40, 0x00, 0x00, 0x10, 0x5f, 0x02, 0x00, 0x21, 0x01, 0x04, 0x00,
    0x20, 0x01, 0x02, 0x00, 0x20, 0x40, 0x00, 0x00, 0x70, 0x0e, 0x00, 0x00,
    0x22, 0x40, 0x00, 0x00, 0xd0, 0x0d, 0x00, 0x00, 0x0d, 0x01, 0x12, 0x00,
    0x03, 0x00, 0x00, 0x00, 0x00, 0x40, 0x00, 0x00, 0x10, 0xbc, 0x01, 0x00,
    0x10, 0x40, 0x00, 0x00, 0xb0, 0x62, 0x02, 0x00, 0x03, 0x00, 0x00, 0x00,
    0x00, 0x40, 0x00, 0x00, 0x10, 0x5f, 0x02, 0x00, 0x0b, 0x01, 0x00, 0x00,
    0x0c, 0x01, 0x00, 0x00, 0x01, 0x01, 0x00, 0x00, 0x02, 0x01, 0x00, 0x00,
    0x10, 0x40, 0x00, 0x00, 0x50, 0x66, 0x02, 0x00, 0x21, 0x01, 0x00, 0x00,
    0x20, 0x01, 0x00, 0x00, 0x20, 0x40, 0x00, 0x00, 0x20, 0x10, 0x00, 0x00,
    0x21, 0x40, 0x00, 0x00, 0x50, 0x01, 0x00, 0x00, 0x22, 0x40, 0x00, 0x00,
    0x80, 0x0f, 0x00, 0x00, 0x0d, 0x01, 0x0a, 0x00, 0x2f, 0x01, 0x01, 0x00,
    0x02, 0x00, 0x00, 0x00, 0x00, 0x40, 0x00, 0x00, 0xb0, 0x62, 0x02, 0x00,
    0x10, 0x40, 0x00, 0x00, 0xf0, 0x69, 0x02, 0x00, 0x2f, 0x01, 0x03, 0x00,
    0x02, 0x00, 0x00, 0x00, 0x00, 0x40, 0x00, 0x00, 0x50, 0x66, 0x02, 0x00,
    0x01, 0x01, 0x04, 0x00, 0x02, 0x01, 0x04, 0x00, 0x10, 0x40, 0x00, 0x00,
    0x90, 0x6d, 0x02, 0x00, 0x20, 0x01, 0x08, 0x00, 0x20, 0x40, 0x00, 0x00,
    0x10, 0x12, 0x00, 0x00, 0x21, 0x40, 0x00, 0x00, 0xb0, 0x00, 0x00, 0x00,
    0x22, 0x40, 0x00, 0x00, 0x70, 0x11, 0x00, 0x00, 0x2f, 0x01, 0x01, 0x00,
    0x03, 0x00, 0x00, 0x00, 0x00, 0x40, 0x00, 0x00, 0xf0, 0x69, 0x02, 0x00,
    0x10, 0x40, 0x00, 0x00, 0x30, 0x71, 0x02, 0x00, 0x2f, 0x01, 0x03, 0x00,
    0x03, 0x00, 0x00, 0x00, 0x00, 0x40, 0x00, 0x00, 0x90, 0x6d, 0x02, 0x00,
    0x01, 0x01, 0x00, 0x00, 0x02, 0x01, 0x00, 0x00, 0x10, 0x40, 0x00, 0x00,
    0xf0, 0xe3, 0x01, 0x00, 0x20, 0x01, 0x00, 0x00, 0x20, 0x40, 0x00, 0x00,
    0x60, 0x13, 0x00, 0x00, 0x21, 0x40, 0x00, 0x00, 0x50, 0x01, 0x00, 0x00,
    0x22, 0x40, 0x00, 0x00, 0xc0, 0x12, 0x00, 0x00, 0x2f, 0x01, 0x01, 0x00,
    0x02, 0x00, 0x00, 0x00, 0x00, 0x40, 0x00, 0x00, 0x30, 0x71, 0x02, 0x00,
    0x10, 0x40, 0x00, 0x00, 0x90, 0xe7, 0x01, 0x00, 0x2f, 0x01, 0x03, 0x00,
    0x02, 0x00, 0x00, 0x00, 0x00, 0x40, 0x00, 0x00, 0xb0, 0xbf, 0x01, 0x00,
    0x02, 0x40, 0x00, 0x00, 0xf0, 0xa9, 0x01, 0x00, 0x0b, 0x01, 0x03, 0x00,
    0x0c, 0x01, 0x03, 0x00, 0x01, 0x01, 0x01, 0x00, 0x02, 0x01, 0x01, 0x00,
    0x10, 0x40, 0x00, 0x00, 0x10, 0x5f, 0x02, 0x00, 0x21, 0x01, 0x04, 0x00,
    0x20, 0x01, 0x02, 0x00, 0x20, 0x40, 0x00, 0x00, 0x70, 0x0e, 0x00, 0x00,
    0x21, 0x40, 0x00, 0x00, 0x10, 0x01, 0x00, 0x00, 0x22, 0x40, 0x00, 0x00,
    0xd0, 0x0d, 0x00, 0x00, 0x0d, 0x01, 0x12, 0x00, 0x03, 0x00, 0x00, 0x00,
    0x00, 0x40, 0x00, 0x00, 0x50, 0xc3, 0x01, 0x00, 0x0b, 0x01, 0x02, 0x00,
    0x0c, 0x01, 0x02, 0x00, 0x10, 0x40, 0x00, 0x00, 0xb0, 0x62, 0x02, 0x00,
    0x03, 0x00, 0x00, 0x00, 0x00, 0x40, 0x00, 0x00, 0x10, 0x5f, 0x02, 0x00,
    0x02, 0x40, 0x00, 0x00, 0x00, 0x00, 0x00, 0x00, 0x0b, 0x01, 0x00, 0x00,
    0x0c, 0x01, 0x00, 0x00, 0x01, 0x01, 0x00, 0x00, 0x02, 0x01, 0x00, 0x00,
    0x10, 0x40, 0x00, 0x00, 0x50, 0x66, 0x02, 0x00, 0x21, 0x01, 0x00, 0x00,
    0x20, 0x01, 0x00, 0x00, 0x20, 0x40, 0x00, 0x00, 0x20, 0x10, 0x00, 0x00,
    0x21, 0x40, 0x00, 0x00, 0x50, 0x01, 0x00, 0x00, 0x22, 0x40, 0x00, 0x00,
    0x80, 0x0f, 0x00, 0x00, 0x0d, 0x01, 0x0a, 0x00, 0x2f, 0x01, 0x01, 0x00,
    0x02, 0x00, 0x00, 0x00, 0x00, 0x40, 0x00, 0x00, 0xb0, 0x62, 0x02, 0x00,
    0x10, 0x40, 0x00, 0x00, 0xf0, 0x69, 0x02, 0x00, 0x2f, 0x01, 0x03, 0x00,
    0x02, 0x00, 0x00, 0x00, 0x00, 0x40, 0x00, 0x00, 0x50, 0x66, 0x02, 0x00,
    0x01, 0x01, 0x04, 0x00, 0x02, 0x01, 0x04, 0x00, 0x10, 0x40, 0x00, 0x00,
    0x90, 0x6d, 0x02, 0x00, 0x20, 0x01, 0x08, 0x00, 0x20, 0x40, 0x00, 0x00,
    0x10, 0x12, 0x00, 0x00, 0x21, 0x40, 0x00, 0x00, 0xb0, 0x00, 0x00, 0x00,
    0x22, 0x40, 0x00, 0x00, 0x70, 0x11, 0x00, 0x00, 0x2f, 0x01, 0x01, 0x00,
    0x03, 0x00, 0x00, 0x00, 0x00, 0x40, 0x00, 0x00, 0xf0, 0x69, 0x02, 0x00,
    0x10, 0x40, 0x00, 0x00, 0x30, 0x71, 0x02, 0x00, 0x2f, 0x01, 0x03, 0x00,
    0x03, 0x00, 0x00, 0x00, 0x00, 0x40, 0x00, 0x00, 0x90, 0x6d, 0x02, 0x00,
    0x01, 0x01, 0x00, 0x00, 0x02, 0x01, 0x00, 0x00, 0x10, 0x40, 0x00, 0x00,
    0x30, 0xeb, 0x01, 0x00, 0x20, 0x01, 0x00, 0x00, 0x20, 0x40, 0x00, 0x00,
    0x60, 0x13, 0x00, 0x00, 0x21, 0x40, 0x00, 0x00, 0x50, 0x01, 0x00, 0x00,
    0x22, 0x40, 0x00, 0x00, 0xc0, 0x12, 0x00, 0x00, 0x2f, 0x01, 0x01, 0x00,
    0x02, 0x00, 0x00, 0x00, 0x00, 0x40, 0x00, 0x00, 0x30, 0x71, 0x02, 0x00,
    0x10, 0x40, 0x00, 0x00, 0xd0, 0xee, 0x01, 0x00, 0x2f, 0x01, 0x03, 0x00,
    0x02, 0x00, 0x00, 0x00, 0x00, 0x40, 0x00, 0x00, 0xb0, 0x85, 0x01, 0x00,
    0x0b, 0x01, 0x04, 0x00, 0x0c, 0x01, 0x04, 0x00, 0x01, 0x01, 0x01, 0x00,
    0x02, 0x01, 0x01, 0x00, 0x10, 0x40, 0x00, 0x00, 0x50, 0x49, 0x02, 0x00,
    0x21, 0x01, 0x04, 0x00, 0x20, 0x01, 0x02, 0x00, 0x20, 0x40, 0x00, 0x00,
    0x70, 0x07, 0x00, 0x00, 0x21, 0x40, 0x00, 0x00, 0x10, 0x01, 0x00, 0x00,
    0x22, 0x40, 0x00, 0x00, 0xd0, 0x06, 0x00, 0x00, 0x0d, 0x01, 0x12, 0x00,
    0x03, 0x00, 0x00, 0x00, 0x00, 0x40, 0x00, 0x00, 0x50, 0x89, 0x01, 0x00,
    0x10, 0x40, 0x00, 0x00, 0xf0, 0x4c, 0x02, 0x00, 0x03, 0x00, 0x00, 0x00,
    0x00, 0x40, 0x00, 0x00, 0x50, 0x49, 0x02, 0x00, 0x0b, 0x01, 0x00, 0x00,
    0x0c, 0x01, 0x00, 0x00, 0x01, 0x01, 0x00, 0x00, 0x02, 0x01, 0x00, 0x00,
    0x10, 0x40, 0x00, 0x00, 0x90, 0x50, 0x02, 0x00, 0x21, 0x01, 0x00, 0x00,
    0x20, 0x01, 0x00, 0x00, 0x20, 0x40, 0x00, 0x00, 0x20, 0x09, 0x00, 0x00,
    0x21, 0x40, 0x00, 0x00, 0x50, 0x01, 0x00, 0x00, 0x22, 0x40, 0x00, 0x00,
    0x80, 0x08, 0x00, 0x00, 0x0d, 0x01, 0x0a, 0x00, 0x2f, 0x01, 0x01, 0x00,
    0x02, 0x00, 0x00, 0x00, 0x00, 0x40, 0x00, 0x00, 0xf0, 0x4c, 0x02, 0x00,
    0x10, 0x40, 0x00, 0x00, 0x30, 0x54, 0x02, 0x00, 0x2f, 0x01, 0x03, 0x00,
    0x02, 0x00, 0x00, 0x00, 0x00, 0x40, 0x00, 0x00, 0x90, 0x50, 0x02, 0x00,
    0x01, 0x01, 0x04, 0x00, 0x02, 0x01, 0x04, 0x00, 0x10, 0x40, 0x00, 0x00,
    0xd0, 0x57, 0x02, 0x00, 0x20, 0x01, 0x08, 0x00, 0x20, 0x40, 0x00, 0x00,
    0x10, 0x0b, 0x00, 0x00, 0x21, 0x40, 0x00, 0x00, 0xd0, 0x00, 0x00, 0x00,
    0x22, 0x40, 0x00, 0x00, 0x70, 0x0a, 0x00, 0x00, 0x2f, 0x01, 0x01, 0x00,
    0x03, 0x00, 0x00, 0x00, 0x00, 0x40, 0x00, 0x00, 0x30, 0x54, 0x02, 0x00,
    0x10, 0x40, 0x00, 0x00, 0x70, 0x5b, 0x02, 0x00, 0x2f, 0x01, 0x03, 0x00,
    0x03, 0x00, 0x00, 0x00, 0x00, 0x40, 0x00, 0x00, 0xd0, 0x57, 0x02, 0x00,
    0x01, 0x01, 0x00, 0x00, 0x02, 0x01, 0x00, 0x00, 0x10, 0x40, 0x00, 0x00,
    0x30, 0xb1, 0x01, 0x00, 0x20, 0x01, 0x00, 0x00, 0x20, 0x40, 0x00, 0x00,
    0x80, 0x0c, 0x00, 0x00, 0x21, 0x40, 0x00, 0x00, 0x50, 0x01, 0x00, 0x00,
    0x22, 0x40, 0x00, 0x00, 0xe0, 0x0b, 0x00, 0x00, 0x2f, 0x01, 0x01, 0x00,
    0x02, 0x00, 0x00, 0x00, 0x00, 0x40, 0x00, 0x00, 0x70, 0x5b, 0x02, 0x00,
    0x10, 0x40, 0x00, 0x00, 0xd0, 0xb4, 0x01, 0x00, 0x2f, 0x01, 0x03, 0x00,
    0x02, 0x00, 0x00, 0x00, 0x00, 0x40, 0x00, 0x00, 0xf0, 0x8c, 0x01, 0x00,
    0x0b, 0x01, 0x04, 0x00, 0x0c, 0x01, 0x04, 0x00, 0x01, 0x01, 0x01, 0x00,
    0x02, 0x01, 0x01, 0x00, 0x10, 0x40, 0x00, 0x00, 0x50, 0x49, 0x02, 0x00,
    0x21, 0x01, 0x04, 0x00, 0x20, 0x01, 0x02, 0x00, 0x20, 0x40, 0x00, 0x00,
    0x70, 0x07, 0x00, 0x00, 0x21, 0x40, 0x00, 0x00, 0x10, 0x01, 0x00, 0x00,
    0x22, 0x40, 0x00, 0x00, 0xd0, 0x06, 0x00, 0x00, 0x0d, 0x01, 0x12, 0x00,
    0x03, 0x00, 0x00, 0x00, 0x00, 0x40, 0x00, 0x00, 0x90, 0x90, 0x01, 0x00,
    0x10, 0x40, 0x00, 0x00, 0xf0, 0x4c, 0x02, 0x00, 0x03, 0x00, 0x00, 0x00,
    0x00, 0x40, 0x00, 0x00, 0x50, 0x49, 0x02, 0x00, 0x0b, 0x01, 0x00, 0x00,
    0x0c, 0x01, 0x00, 0x00, 0x01, 0x01, 0x00, 0x00, 0x02, 0x01, 0x00, 0x00,
    0x10, 0x40, 0x00, 0x00, 0x90, 0x50, 0x02, 0x00, 0x21, 0x01, 0x00, 0x00,
    0x20, 0x01, 0x00, 0x00, 0x20, 0x40, 0x00, 0x00, 0x20, 0x09, 0x00, 0x00,
    0x21, 0x40, 0x00, 0x00, 0x50, 0x01, 0x00, 0x00, 0x22, 0x40, 0x00, 0x00,
    0x80, 0x08, 0x00, 0x00, 0x0d, 0x01, 0x0a, 0x00, 0x2f, 0x01, 0x01, 0x00,
    0x02, 0x00, 0x00, 0x00, 0x00, 0x40, 0x00, 0x00, 0xf0, 0x4c, 0x02, 0x00,
    0x10, 0x40, 0x00, 0x00, 0x30, 0x54, 0x02, 0x00, 0x2f, 0x01, 0x03, 0x00,
    0x02, 0x00, 0x00, 0x00, 0x00, 0x40, 0x00, 0x00, 0x90, 0x50, 0x02, 0x00,
    0x01, 0x01, 0x04, 0x00, 0x02, 0x01, 0x04, 0x00, 0x10, 0x40, 0x00, 0x00,
    0xd0, 0x57, 0x02, 0x00, 0x20, 0x01, 0x08, 0x00, 0x20, 0x40, 0x00, 0x00,
    0x10, 0x0b, 0x00, 0x00, 0x21, 0x40, 0x00, 0x00, 0xd0, 0x00, 0x00, 0x00,
    0x22, 0x40, 0x00, 0x00, 0x70, 0x0a, 0x00, 0x00, 0x2f, 0x01, 0x01, 0x00,
    0x03, 0x00, 0x00, 0x00, 0x00, 0x40, 0x00, 0x00, 0x30, 0x54, 0x02, 0x00,
    0x10, 0x40, 0x00, 0x00, 0x70, 0x5b, 0x02, 0x00, 0x2f, 0x01, 0x03, 0x00,
    0x03, 0x00, 0x00, 0x00, 0x00, 0x40, 0x00, 0x00, 0xd0, 0x57, 0x02, 0x00,
    0x01, 0x01, 0x00, 0x00, 0x02, 0x01, 0x00, 0x00, 0x10, 0x40, 0x00, 0x00,
    0x70, 0xb8, 0x01, 0x00, 0x20, 0x01, 0x00, 0x00, 0x20, 0x40, 0x00, 0x00,
    0x80, 0x0c, 0x00, 0x00, 0x21, 0x40, 0x00, 0x00, 0x50, 0x01, 0x00, 0x00,
    0x22, 0x40, 0x00, 0x00, 0xe0, 0x0b, 0x00, 0x00, 0x2f, 0x01, 0x01, 0x00,
    0x02, 0x00, 0x00, 0x00, 0x00, 0x40, 0x00, 0x00, 0x70, 0x5b, 0x02, 0x00,
    0x10, 0x40, 0x00, 0x00, 0x10, 0xbc, 0x01, 0x00, 0x2f, 0x01, 0x03, 0x00,
    0x02, 0x00, 0x00, 0x00, 0x00, 0x40, 0x00, 0x00, 0xc0, 0x7b, 0x00, 0x00,
    0x0b, 0x01, 0x01, 0x00, 0x0c, 0x01, 0x01, 0x00, 0x0a, 0x01, 0x72, 0x00,
    0x04, 0x01, 0x03, 0x00, 0x05, 0x40, 0x00, 0x00, 0xcc, 0x01, 0x00, 0x00,
    0x04, 0x40, 0x00, 0x00, 0x04, 0x00, 0x00, 0x00, 0x06, 0x40, 0x00, 0x00,
    0x01, 0x00, 0x00, 0x00, 0x09, 0x01, 0x00, 0x00, 0x05, 0x01, 0x01, 0x00,
    0x10, 0x40, 0x00, 0x00, 0xf0, 0x1d, 0x02, 0x00, 0x11, 0x01, 0x72, 0x00,
    0x1a, 0x01, 0x72, 0x00, 0x13, 0x01, 0x03, 0x00, 0x15, 0x40, 0x00, 0x00,
    0x30, 0x07, 0x00, 0x00, 0x16, 0x40, 0x00, 0x00, 0x30, 0x07, 0x00, 0x00,
    0x18, 0x01, 0x00, 0x00, 0x14, 0x01, 0x41, 0x81, 0x21, 0x01, 0x01, 0x00,
    0x22, 0x01, 0x02, 0x00, 0x15, 0x01, 0x15, 0x00, 0x17, 0x01, 0x07, 0x00,
    0x05, 0x00, 0x01, 0x00, 0x00, 0x40, 0x00, 0x00, 0x58, 0x7f, 0x00, 0x00,
    0x10, 0x40, 0x00, 0x00, 0x20, 0x25, 0x02, 0x00, 0x05, 0x00, 0x01, 0x00,
    0x00, 0x40, 0x00, 0x00, 0xf0, 0x1d, 0x02, 0x00, 0x0b, 0x01, 0x00, 0x00,
    0x0c, 0x01, 0x00, 0x00, 0x05, 0x40, 0x00, 0x00, 0x30, 0x07, 0x00, 0x00,
    0x04, 0x40, 0x00, 0x00, 0x10, 0x00, 0x00, 0x00, 0x06, 0x40, 0x00, 0x00,
    0x30, 0x07, 0x00, 0x00, 0x09, 0x01, 0xff, 0xff, 0x05, 0x01, 0x41, 0x00,
    0x01, 0x01, 0x01, 0x00, 0x02, 0x01, 0x01, 0x00, 0x10, 0x40, 0x00, 0x00,
    0x50, 0x2c, 0x02, 0x00, 0x11, 0x01, 0x39, 0x00, 0x1a, 0x01, 0x39, 0x00,
    0x13, 0x01, 0x0b, 0x00, 0x15, 0x40, 0x00, 0x00, 0xa0, 0x03, 0x00, 0x00,
    0x16, 0x40, 0x00, 0x00, 0xa0, 0x03, 0x00, 0x00, 0x18, 0x01, 0x80, 0xff,
    0x14, 0x01, 0x41, 0x00, 0x21, 0x01, 0x00, 0x00, 0x20, 0x01, 0x02, 0x00,
    0x22, 0x01, 0x05, 0x00, 0x20, 0x40, 0x00, 0x00, 0x80, 0x00, 0x00, 0x00,
    0x21, 0x40, 0x00, 0x00, 0x00, 0x01, 0x00, 0x00, 0x22, 0x40, 0x00, 0x00,
    0x00, 0x00, 0x00, 0x00, 0x23, 0x40, 0x00, 0x00, 0x80, 0x00, 0x00, 0x00,
    0x15, 0x01, 0x39, 0x00, 0x17, 0x01, 0x0f, 0x00, 0x2f, 0x01, 0x01, 0x00,
    0x02, 0x00, 0x00, 0x00, 0x00, 0x40, 0x00, 0x00, 0x20, 0x25, 0x02, 0x00,
    0x10, 0x40, 0x00, 0x00, 0xf0, 0x2f, 0x02, 0x00, 0x2f, 0x01, 0x03, 0x00,
    0x02, 0x00, 0x00, 0x00, 0x00, 0x40, 0x00, 0x00, 0x50, 0x2c, 0x02, 0x00,
    0x0a, 0x01, 0x39, 0x00, 0x04, 0x01, 0x0b, 0x00, 0x05, 0x40, 0x00, 0x00,
    0xa0, 0x03, 0x00, 0x00, 0x06, 0x40, 0x00, 0x00, 0xa0, 0x03, 0x00, 0x00,
    0x09, 0x01, 0x80, 0xff, 0x01, 0x01, 0x03, 0x00, 0x02, 0x01, 0x03, 0x00,
    0x10, 0x40, 0x00, 0x00, 0x90, 0x33, 0x02, 0x00, 0x20, 0x01, 0x06, 0x00,
    0x22, 0x01, 0x00, 0x00, 0x20, 0x40, 0x00, 0x00, 0x00, 0x02, 0x00, 0x00,
    0x21, 0x40, 0x00, 0x00, 0x90, 0x00, 0x00, 0x00, 0x22, 0x40, 0x00, 0x00,
    0x80, 0x01, 0x00, 0x00, 0x2f, 0x01, 0x01, 0x00, 0x03, 0x00, 0x00, 0x00,
    0x00, 0x40, 0x00, 0x00, 0xf0, 0x2f, 0x02, 0x00, 0x10, 0x40, 0x00, 0x00,
    0x30, 0x37, 0x02, 0x00, 0x2f, 0x01, 0x03, 0x00, 0x03, 0x00, 0x00, 0x00,
    0x00, 0x40, 0x00, 0x00, 0x90, 0x33, 0x02, 0x00, 0x01, 0x01, 0x00, 0x00,
    0x02, 0x01, 0x00, 0x00, 0x10, 0x40, 0x00, 0x00, 0xd0, 0x3a, 0x02, 0x00,
    0x20, 0x01, 0x00, 0x00, 0x20, 0x40, 0x00, 0x00, 0x10, 0x03, 0x00, 0x00,
    0x21, 0x40, 0x00, 0x00, 0xe0, 0x00, 0x00, 0x00, 0x22, 0x40, 0x00, 0x00,
    0x90, 0x02, 0x00, 0x00, 0x2f, 0x01, 0x01, 0x00, 0x02, 0x00, 0x00, 0x00,
    0x00, 0x40, 0x00, 0x00, 0x30, 0x37, 0x02, 0x00, 0x10, 0x40, 0x00, 0x00,
    0x70, 0x3e, 0x02, 0x00, 0x2f, 0x01, 0x03, 0x00, 0x02, 0x00, 0x00, 0x00,
    0x00, 0x40, 0x00, 0x00, 0xd0, 0x3a, 0x02, 0x00, 0x01, 0x01, 0x04, 0x00,
    0x02, 0x01, 0x04, 0x00, 0x10, 0x40, 0x00, 0x00, 0x10, 0x42, 0x02, 0x00,
    0x20, 0x01, 0x08, 0x00, 0x20, 0x40, 0x00, 0x00, 0x70, 0x04, 0x00, 0x00,
    0x21, 0x40, 0x00, 0x00, 0xb0, 0x00, 0x00, 0x00, 0x22, 0x40, 0x00, 0x00,
    0xf0, 0x03, 0x00, 0x00, 0x2f, 0x01, 0x01, 0x00, 0x03, 0x00, 0x00, 0x00,
    0x00, 0x40, 0x00, 0x00, 0x70, 0x3e, 0x02, 0x00, 0x10, 0x40, 0x00, 0x00,
    0xb0, 0x45, 0x02, 0x00, 0x2f, 0x01, 0x03, 0x00, 0x03, 0x00, 0x00, 0x00,
    0x00, 0x40, 0x00, 0x00, 0x10, 0x42, 0x02, 0x00, 0x01, 0x01, 0x00, 0x00,
    0x02, 0x01, 0x00, 0x00, 0x10, 0x40, 0x00, 0x00, 0xb0, 0xa2, 0x01, 0x00,
    0x13, 0x01, 0x0f, 0x00, 0x20, 0x01, 0x00, 0x00, 0x20, 0x40, 0x00, 0x00,
    0xc0, 0x05, 0x00, 0x00, 0x21, 0x40, 0x00, 0x00, 0x10, 0x01, 0x00, 0x00,
    0x22, 0x40, 0x00, 0x00, 0x20, 0x05, 0x00, 0x00, 0x23, 0x40, 0x00, 0x00,
    0xa0, 0x00, 0x00, 0x00, 0x2f, 0x01, 0x01, 0x00, 0x02, 0x00, 0x00, 0x00,
    0x00, 0x40, 0x00, 0x00, 0xb0, 0x45, 0x02, 0x00, 0x10, 0x40, 0x00, 0x00,
    0x50, 0xa6, 0x01, 0x00, 0x2f, 0x01, 0x03, 0x00, 0x02, 0x00, 0x00, 0x00,
    0x00, 0x40, 0x00, 0x00, 0xf0, 0x82, 0x00, 0x00, 0x0b, 0x01, 0x01, 0x00,
    0x0c, 0x01, 0x01, 0x00, 0x0a, 0x01, 0x72, 0x00, 0x04, 0x01, 0x03, 0x00,
    0x05, 0x40, 0x00, 0x00, 0xcc, 0x01, 0x00, 0x00, 0x04, 0x40, 0x00, 0x00,
    0x04, 0x00, 0x00, 0x00, 0x06, 0x40, 0x00, 0x00, 0x01, 0x00, 0x00, 0x00,
    0x09, 0x01, 0x00, 0x00, 0x05, 0x01, 0x01, 0x00, 0x10, 0x40, 0x00, 0x00,
    0xf0, 0x1d, 0x02, 0x00, 0x11, 0x01, 0x72, 0x00, 0x1a, 0x01, 0x72, 0x00,
    0x13, 0x01, 0x03, 0x00, 0x15, 0x40, 0x00, 0x00, 0x30, 0x07, 0x00, 0x00,
    0x16, 0x40, 0x00, 0x00, 0x30, 0x07, 0x00, 0x00, 0x18, 0x01, 0x00, 0x00,
    0x14, 0x01, 0x41, 0x81, 0x21, 0x01, 0x01, 0x00, 0x22, 0x01, 0x02, 0x00,
    0x15, 0x01, 0x15, 0x00, 0x17, 0x01, 0x07, 0x00, 0x05, 0x00, 0x01, 0x00,
    0x00, 0x40, 0x00, 0x00, 0x88, 0x86, 0x00, 0x00, 0x10, 0x40, 0x00, 0x00,
    0x20, 0x25, 0x02, 0x00, 0x05, 0x00, 0x01, 0x00, 0x00, 0x40, 0x00, 0x00,
    0xf0, 0x1d, 0x02, 0x00, 0x0b, 0x01, 0x00, 0x00, 0x0c, 0x01, 0x00, 0x00,
    0x05, 0x40, 0x00, 0x00, 0x30, 0x07, 0x00, 0x00, 0x04, 0x40, 0x00, 0x00,
    0x10, 0x00, 0x00, 0x00, 0x06, 0x40, 0x00, 0x00, 0x30, 0x07, 0x00, 0x00,
    0x09, 0x01, 0xff, 0xff, 0x05, 0x01, 0x41, 0x00, 0x01, 0x01, 0x01, 0x00,
    0x02, 0x01, 0x01, 0x00, 0x10, 0x40, 0x00, 0x00, 0x50, 0x2c, 0x02, 0x00,
    0x11, 0x01, 0x39, 0x00, 0x1a, 0x01, 0x39, 0x00, 0x13, 0x01, 0x0b, 0x00,
    0x15, 0x40, 0x00, 0x00, 0xa0, 0x03, 0x00, 0x00, 0x16, 0x40, 0x00, 0x00,
    0xa0, 0x03, 0x00, 0x00, 0x18, 0x01, 0x80, 0xff, 0x14, 0x01, 0x41, 0x00,
    0x21, 0x01, 0x00, 0x00, 0x20, 0x01, 0x02, 0x00, 0x22, 0x01, 0x05, 0x00,
    0x20, 0x40, 0x00, 0x00, 0x80, 0x00, 0x00, 0x00, 0x21, 0x40, 0x00, 0x00,
    0x00, 0x01, 0x00, 0x00, 0x22, 0x40, 0x00, 0x00, 0x00, 0x00, 0x00, 0x00,
    0x23, 0x40, 0x00, 0x00, 0x80, 0x00, 0x00, 0x00, 0x15, 0x01, 0x39, 0x00,
    0x17, 0x01, 0x0f, 0x00, 0x2f, 0x01, 0x01, 0x00, 0x02, 0x00, 0x00, 0x00,
    0x00, 0x40, 0x00, 0x00, 0x20, 0x25, 0x02, 0x00, 0x10, 0x40, 0x00, 0x00,
    0xf0, 0x2f, 0x02, 0x00, 0x2f, 0x01, 0x03, 0x00, 0x02, 0x00, 0x00, 0x00,
    0x00, 0x40, 0x00, 0x00, 0x50, 0x2c, 0x02, 0x00, 0x0a, 0x01, 0x39, 0x00,
    0x04, 0x01, 0x0b, 0x00, 0x05, 0x40, 0x00, 0x00, 0xa0, 0x03, 0x00, 0x00,
    0x06, 0x40, 0x00, 0x00, 0xa0, 0x03, 0x00, 0x00, 0x09, 0x01, 0x80, 0xff,
    0x01, 0x01, 0x03, 0x00, 0x02, 0x01, 0x03, 0x00, 0x10, 0x40, 0x00, 0x00,
    0x90, 0x33, 0x02, 0x00, 0x20, 0x01, 0x06, 0x00, 0x22, 0x01, 0x00, 0x00,
    0x20, 0x40, 0x00, 0x00, 0x00, 0x02, 0x00, 0x00, 0x21, 0x40, 0x00, 0x00,
    0x90, 0x00, 0x00, 0x00, 0x22, 0x40, 0x00, 0x00, 0x80, 0x01, 0x00, 0x00,
    0x2f, 0x01, 0x01, 0x00, 0x03, 0x00, 0x00, 0x00, 0x00, 0x40, 0x00, 0x00,
    0xf0, 0x2f, 0x02, 0x00, 0x10, 0x40, 0x00, 0x00, 0x30, 0x37, 0x02, 0x00,
    0x2f, 0x01, 0x03, 0x00, 0x03, 0x00, 0x00, 0x00, 0x00, 0x40, 0x00, 0x00,
    0x90, 0x33, 0x02, 0x00, 0x01, 0x01, 0x00, 0x00, 0x02, 0x01, 0x00, 0x00,
    0x10, 0x40, 0x00, 0x00, 0xd0, 0x3a, 0x02, 0x00, 0x20, 0x01, 0x00, 0x00,
    0x20, 0x40, 0x00, 0x00, 0x10, 0x03, 0x00, 0x00, 0x21, 0x40, 0x00, 0x00,
    0xe0, 0x00, 0x00, 0x00, 0x22, 0x40, 0x00, 0x00, 0x90, 0x02, 0x00, 0x00,
    0x2f, 0x01, 0x01, 0x00, 0x02, 0x00, 0x00, 0x00, 0x00, 0x40, 0x00, 0x00,
    0x30, 0x37, 0x02, 0x00, 0x10, 0x40, 0x00, 0x00, 0x70, 0x3e, 0x02, 0x00,
    0x2f, 0x01, 0x03, 0x00, 0x02, 0x00, 0x00, 0x00, 0x00, 0x40, 0x00, 0x00,
    0xd0, 0x3a, 0x02, 0x00, 0x01, 0x01, 0x04, 0x00, 0x02, 0x01, 0x04, 0x00,
    0x10, 0x40, 0x00, 0x00, 0x10, 0x42, 0x02, 0x00, 0x20, 0x01, 0x08, 0x00,
    0x20, 0x40, 0x00, 0x00, 0x70, 0x04, 0x00, 0x00, 0x21, 0x40, 0x00, 0x00,
    0xb0, 0x00, 0x00, 0x00, 0x22, 0x40, 0x00, 0x00, 0xf0, 0x03, 0x00, 0x00,
    0x2f, 0x01, 0x01, 0x00, 0x03, 0x00, 0x00, 0x00, 0x00, 0x40, 0x00, 0x00,
    0x70, 0x3e, 0x02, 0x00, 0x10, 0x40, 0x00, 0x00, 0xb0, 0x45, 0x02, 0x00,
    0x2f, 0x01, 0x03, 0x00, 0x03, 0x00, 0x00, 0x00, 0x00, 0x40, 0x00, 0x00,
    0x10, 0x42, 0x02, 0x00, 0x01, 0x01, 0x00, 0x00, 0x02, 0x01, 0x00, 0x00,
    0x10, 0x40, 0x00, 0x00, 0xb0, 0x85, 0x01, 0x00, 0x13, 0x01, 0x0f, 0x00,
    0x20, 0x01, 0x00, 0x00, 0x20, 0x40, 0x00, 0x00, 0xc0, 0x05, 0x00, 0x00,
    0x21, 0x40, 0x00, 0x00, 0x10, 0x01, 0x00, 0x00, 0x22, 0x40, 0x00, 0x00,
    0x20, 0x05, 0x00, 0x00, 0x23, 0x40, 0x00, 0x00, 0xa0, 0x00, 0x00, 0x00,
    0x2f, 0x01, 0x01, 0x00, 0x02, 0x00, 0x00, 0x00, 0x00, 0x40, 0x00, 0x00,
    0xb0, 0x45, 0x02, 0x00, 0x10, 0x40, 0x00, 0x00, 0x50, 0x89, 0x01, 0x00,
    0x2f, 0x01, 0x03, 0x00, 0x02, 0x00, 0x00, 0x00, 0x00, 0x40, 0x00, 0x00,
    0x20, 0x8a, 0x00, 0x00, 0x0b, 0x01, 0x01, 0x00, 0x0c, 0x01, 0x01, 0x00,
    0x0a, 0x01, 0x72, 0x00, 0x04, 0x01, 0x03, 0x00, 0x05, 0x40, 0x00, 0x00,
    0xcc, 0x01, 0x00, 0x00, 0x04, 0x40, 0x00, 0x00, 0x04, 0x00, 0x00, 0x00,
    0x06, 0x40, 0x00, 0x00, 0x01, 0x00, 0x00, 0x00, 0x09, 0x01, 0x00, 0x00,
    0x05, 0x01, 0x01, 0x00, 0x10, 0x40, 0x00, 0x00, 0xf0, 0x1d, 0x02, 0x00,
    0x11, 0x01, 0x72, 0x00, 0x1a, 0x01, 0x72, 0x00, 0x13, 0x01, 0x03, 0x00,
    0x15, 0x40, 0x00, 0x00, 0x30, 0x07, 0x00, 0x00, 0x16, 0x40, 0x00, 0x00,
    0x30, 0x07, 0x00, 0x00, 0x18, 0x01, 0x00, 0x00, 0x14, 0x01, 0x41, 0x81,
    0x21, 0x01, 0x01, 0x00, 0x22, 0x01, 0x02, 0x00, 0x15, 0x01, 0x15, 0x00,
    0x17, 0x01, 0x07, 0x00, 0x05, 0x00, 0x01, 0x00, 0x00, 0x40, 0x00, 0x00,
    0xb8, 0x8d, 0x00, 0x00, 0x10, 0x40, 0x00, 0x00, 0x20, 0x25, 0x02, 0x00,
    0x05, 0x00, 0x01, 0x00, 0x00, 0x40, 0x00, 0x00, 0xf0, 0x1d, 0x02, 0x00,
    0x0b, 0x01, 0x00, 0x00, 0x0c, 0x01, 0x00, 0x00, 0x05, 0x40, 0x00, 0x00,
    0x30, 0x07, 0x00, 0x00, 0x04, 0x40, 0x00, 0x00, 0x10, 0x00, 0x00, 0x00,
    0x06, 0x40, 0x00, 0x00, 0x30, 0x07, 0x00, 0x00, 0x09, 0x01, 0xff, 0xff,
    0x05, 0x01, 0x41, 0x00, 0x01, 0x01, 0x01, 0x00, 0x02, 0x01, 0x01, 0x00,
    0x10, 0x40, 0x00, 0x00, 0x50, 0x2c, 0x02, 0x00, 0x11, 0x01, 0x39, 0x00,
    0x1a, 0x01, 0x39, 0x00, 0x13, 0x01, 0x0b, 0x00, 0x15, 0x40, 0x00, 0x00,
    0xa0, 0x03, 0x00, 0x00, 0x16, 0x40, 0x00, 0x00, 0xa0, 0x03, 0x00, 0x00,
    0x18, 0x01, 0x80, 0xff, 0x14, 0x01, 0x41, 0x00, 0x21, 0x01, 0x00, 0x00,
    0x20, 0x01, 0x02, 0x00, 0x22, 0x01, 0x05, 0x00, 0x20, 0x40, 0x00, 0x00,
    0x80, 0x00, 0x00, 0x00, 0x21, 0x40, 0x00, 0x00, 0x00, 0x01, 0x00, 0x00,
    0x22, 0x40, 0x00, 0x00, 0x00, 0x00, 0x00, 0x00, 0x23, 0x40, 0x00, 0x00,
    0x80, 0x00, 0x00, 0x00, 0x15, 0x01, 0x39, 0x00, 0x17, 0x01, 0x0f, 0x00,
    0x2f, 0x01, 0x01, 0x00, 0x02, 0x00, 0x00, 0x00, 0x00, 0x40, 0x00, 0x00,
    0x20, 0x25, 0x02, 0x00, 0x10, 0x40, 0x00, 0x00, 0xf0, 0x2f, 0x02, 0x00,
    0x2f, 0x01, 0x03, 0x00, 0x02, 0x00, 0x00, 0x00, 0x00, 0x40, 0x00, 0x00,
    0x50, 0x2c, 0x02, 0x00, 0x0a, 0x01, 0x39, 0x00, 0x04, 0x01, 0x0b, 0x00,
    0x05, 0x40, 0x00, 0x00, 0xa0, 0x03, 0x00, 0x00, 0x06, 0x40, 0x00, 0x00,
    0xa0, 0x03, 0x00, 0x00, 0x09, 0x01, 0x80, 0xff, 0x01, 0x01, 0x03, 0x00,
    0x02, 0x01, 0x03, 0x00, 0x10, 0x40, 0x00, 0x00, 0x90, 0x33, 0x02, 0x00,
    0x20, 0x01, 0x06, 0x00, 0x22, 0x01, 0x00, 0x00, 0x20, 0x40, 0x00, 0x00,
    0x00, 0x02, 0x00, 0x00, 0x21, 0x40, 0x00, 0x00, 0x90, 0x00, 0x00, 0x00,
    0x22, 0x40, 0x00, 0x00, 0x80, 0x01, 0x00, 0x00, 0x2f, 0x01, 0x01, 0x00,
    0x03, 0x00, 0x00, 0x00, 0x00, 0x40, 0x00, 0x00, 0xf0, 0x2f, 0x02, 0x00,
    0x10, 0x40, 0x00, 0x00, 0x30, 0x37, 0x02, 0x00, 0x2f, 0x01, 0x03, 0x00,
    0x03, 0x00, 0x00, 0x00, 0x00, 0x40, 0x00, 0x00, 0x90, 0x33, 0x02, 0x00,
    0x01, 0x01, 0x00, 0x00, 0x02, 0x01, 0x00, 0x00, 0x10, 0x40, 0x00, 0x00,
    0xd0, 0x3a, 0x02, 0x00, 0x20, 0x01, 0x00, 0x00, 0x20, 0x40, 0x00, 0x00,
    0x10, 0x03, 0x00, 0x00, 0x21, 0x40, 0x00, 0x00, 0xe0, 0x00, 0x00, 0x00,
    0x22, 0x40, 0x00, 0x00, 0x90, 0x02, 0x00, 0x00, 0x2f, 0x01, 0x01, 0x00,
    0x02, 0x00, 0x00, 0x00, 0x00, 0x40, 0x00, 0x00, 0x30, 0x37, 0x02, 0x00,
    0x10, 0x40, 0x00, 0x00, 0x70, 0x3e, 0x02, 0x00, 0x2f, 0x01, 0x03, 0x00,
    0x02, 0x00, 0x00, 0x00, 0x00, 0x40, 0x00, 0x00, 0xd0, 0x3a, 0x02, 0x00,
    0x01, 0x01, 0x04, 0x00, 0x02, 0x01, 0x04, 0x00, 0x10, 0x40, 0x00, 0x00,
    0x10, 0x42, 0x02, 0x00, 0x20, 0x01, 0x08, 0x00, 0x20, 0x40, 0x00, 0x00,
    0x70, 0x04, 0x00, 0x00, 0x21, 0x40, 0x00, 0x00, 0xb0, 0x00, 0x00, 0x00,
    0x22, 0x40, 0x00, 0x00, 0xf0, 0x03, 0x00, 0x00, 0x2f, 0x01, 0x01, 0x00,
    0x03, 0x00, 0x00, 0x00, 0x00, 0x40, 0x00, 0x00, 0x70, 0x3e, 0x02, 0x00,
    0x10, 0x40, 0x00, 0x00, 0xb0, 0x45, 0x02, 0x00, 0x2f, 0x01, 0x03, 0x00,
    0x03, 0x00, 0x00, 0x00, 0x00, 0x40, 0x00, 0x00, 0x10, 0x42, 0x02, 0x00,
    0x01, 0x01, 0x00, 0x00, 0x02, 0x01, 0x00, 0x00, 0x10, 0x40, 0x00, 0x00,
    0xf0, 0x8c, 0x01, 0x00, 0x13, 0x01, 0x0f, 0x00, 0x20, 0x01, 0x00, 0x00,
    0x20, 0x40, 0x00, 0x00, 0xc0, 0x05, 0x00, 0x00, 0x21, 0x40, 0x00, 0x00,
    0x10, 0x01, 0x00, 0x00, 0x22, 0x40, 0x00, 0x00, 0x20, 0x05, 0x00, 0x00,
    0x23, 0x40, 0x00, 0x00, 0xa0, 0x00, 0x00, 0x00, 0x2f, 0x01, 0x01, 0x00,
    0x02, 0x00, 0x00, 0x00, 0x00, 0x40, 0x00, 0x00, 0xb0, 0x45, 0x02, 0x00,
    0x10, 0x40, 0x00, 0x00, 0x90, 0x90, 0x01, 0x00, 0x2f, 0x01, 0x03, 0x00,
    0x02, 0x00, 0x00, 0x00, 0x00, 0x40, 0x00, 0x00, 0x30, 0x94, 0x01, 0x00,
    0x0b, 0x01, 0x04, 0x00, 0x0c, 0x01, 0x04, 0x00, 0x04, 0x01, 0x0f, 0x00,
    0x01, 0x01, 0x01, 0x00, 0x02, 0x01, 0x01, 0x00, 0x10, 0x40, 0x00, 0x00,
    0x50, 0x49, 0x02, 0x00, 0x21, 0x01, 0x04, 0x00, 0x20, 0x01, 0x02, 0x00,
    0x20, 0x40, 0x00, 0x00, 0x70, 0x07, 0x00, 0x00, 0x22, 0x40, 0x00, 0x00,
    0xd0, 0x06, 0x00, 0x00, 0x0d, 0x01, 0x12, 0x00, 0x2f, 0x01, 0x01, 0x00,
    0x03, 0x00, 0x00, 0x00, 0x00, 0x40, 0x00, 0x00, 0xd0, 0x97, 0x01, 0x00,
    0x10, 0x40, 0x00, 0x00, 0xf0, 0x4c, 0x02, 0x00, 0x2f, 0x01, 0x03, 0x00,
    0x03, 0x00, 0x00, 0x00, 0x00, 0x40, 0x00, 0x00, 0x50, 0x49, 0x02, 0x00,
    0x0b, 0x01, 0x00, 0x00, 0x0c, 0x01, 0x00, 0x00, 0x01, 0x01, 0x00, 0x00,
    0x02, 0x01, 0x00, 0x00, 0x10, 0x40, 0x00, 0x00, 0x90, 0x50, 0x02, 0x00,
    0x21, 0x01, 0x00, 0x00, 0x20, 0x01, 0x00, 0x00, 0x20, 0x40, 0x00, 0x00,
    0x20, 0x09, 0x00, 0x00, 0x21, 0x40, 0x00, 0x00, 0x50, 0x01, 0x00, 0x00,
    0x22, 0x40, 0x00, 0x00, 0x80, 0x08, 0x00, 0x00, 0x0d, 0x01, 0x0a, 0x00,
    0x2f, 0x01, 0x01, 0x00, 0x02, 0x00, 0x00, 0x00, 0x00, 0x40, 0x00, 0x00,
    0xf0, 0x4c, 0x02, 0x00, 0x10, 0x40, 0x00, 0x00, 0x30, 0x54, 0x02, 0x00,
    0x2f, 0x01, 0x03, 0x00, 0x02, 0x00, 0x00, 0x00, 0x00, 0x40, 0x00, 0x00,
    0x90, 0x50, 0x02, 0x00, 0x01, 0x01, 0x04, 0x00, 0x02, 0x01, 0x04, 0x00,
    0x10, 0x40, 0x00, 0x00, 0xd0, 0x57, 0x02, 0x00, 0x20, 0x01, 0x08, 0x00,
    0x20, 0x40, 0x00, 0x00, 0x10, 0x0b, 0x00, 0x00, 0x21, 0x40, 0x00, 0x00,
    0xd0, 0x00, 0x00, 0x00, 0x22, 0x40, 0x00, 0x00, 0x70, 0x0a, 0x00, 0x00,
    0x2f, 0x01, 0x01, 0x00, 0x03, 0x00, 0x00, 0x00, 0x00, 0x40, 0x00, 0x00,
    0x30, 0x54, 0x02, 0x00, 0x10, 0x40, 0x00, 0x00, 0x70, 0x5b, 0x02, 0x00,
    0x2f, 0x01, 0x03, 0x00, 0x03, 0x00, 0x00, 0x00, 0x00, 0x40, 0x00, 0x00,
    0xd0, 0x57, 0x02, 0x00, 0x01, 0x01, 0x00, 0x00, 0x02, 0x01, 0x00, 0x00,
    0x10, 0x40, 0x00, 0x00, 0xb0, 0xbf, 0x01, 0x00, 0x20, 0x01, 0x00, 0x00,
    0x20, 0x40, 0x00, 0x00, 0x80, 0x0c, 0x00, 0x00, 0x21, 0x40, 0x00, 0x00,
    0x50, 0x01, 0x00, 0x00, 0x22, 0x40, 0x00, 0x00, 0xe0, 0x0b, 0x00, 0x00,
    0x2f, 0x01, 0x01, 0x00, 0x02, 0x00, 0x00, 0x00, 0x00, 0x40, 0x00, 0x00,
    0x70, 0x5b, 0x02, 0x00, 0x10, 0x40, 0x00, 0x00, 0x50, 0xc3, 0x01, 0x00,
    0x2f, 0x01, 0x03, 0x00, 0x02, 0x00, 0x00, 0x00, 0x00, 0x40, 0x00, 0x00,
    0xf0, 0xc6, 0x01, 0x00, 0x02, 0x40, 0x00, 0x00, 0xf0, 0xa9, 0x01, 0x00,
    0x0b, 0x01, 0x01, 0x00, 0x0c, 0x01, 0x01, 0x00, 0x01, 0x01, 0x01, 0x00,
    0x02, 0x01, 0x01, 0x00, 0x10, 0x40, 0x00, 0x00, 0x10, 0x5f, 0x02, 0x00,
    0x21, 0x01, 0x04, 0x00, 0x20, 0x01, 0x02, 0x00, 0x20, 0x40, 0x00, 0x00,
    0x70, 0x0e, 0x00, 0x00, 0x21, 0x40, 0x00, 0x00, 0x10, 0x01, 0x00, 0x00,
    0x22, 0x40, 0x00, 0x00, 0xd0, 0x0d, 0x00, 0x00, 0x0d, 0x01, 0x12, 0x00,
    0x2f, 0x01, 0x01, 0x00, 0x03, 0x00, 0x00, 0x00, 0x00, 0x40, 0x00, 0x00,
    0x90, 0xca, 0x01, 0x00, 0x0b, 0x01, 0x00, 0x00, 0x0c, 0x01, 0x00, 0x00,
    0x10, 0x40, 0x00, 0x00, 0xb0, 0x62, 0x02, 0x00, 0x2f, 0x01, 0x03, 0x00,
    0x03, 0x00, 0x00, 0x00, 0x00, 0x40, 0x00, 0x00, 0x10, 0x5f, 0x02, 0x00,
    0x02, 0x40, 0x00, 0x00, 0x00, 0x00, 0x00, 0x00, 0x01, 0x01, 0x00, 0x00,
    0x02, 0x01, 0x00, 0x00, 0x10, 0x40, 0x00, 0x00, 0x50, 0x66, 0x02, 0x00,
    0x21, 0x01, 0x00, 0x00, 0x20, 0x01, 0x00, 0x00, 0x20, 0x40, 0x00, 0x00,
    0x20, 0x10, 0x00, 0x00, 0x21, 0x40, 0x00, 0x00, 0x50, 0x01, 0x00, 0x00,
    0x22, 0x40, 0x00, 0x00, 0x80, 0x0f, 0x00, 0x00, 0x0d, 0x01, 0x0a, 0x00,
    0x2f, 0x01, 0x01, 0x00, 0x02, 0x00, 0x00, 0x00, 0x00, 0x40, 0x00, 0x00,
    0xb0, 0x62, 0x02, 0x00, 0x10, 0x40, 0x00, 0x00, 0xf0, 0x69, 0x02, 0x00,
    0x2f, 0x01, 0x03, 0x00, 0x02, 0x00, 0x00, 0x00, 0x00, 0x40, 0x00, 0x00,
    0x50, 0x66, 0x02, 0x00, 0x01, 0x01, 0x04, 0x00, 0x02, 0x01, 0x04, 0x00,
    0x10, 0x40, 0x00, 0x00, 0x90, 0x6d, 0x02, 0x00, 0x20, 0x01, 0x08, 0x00,
    0x20, 0x40, 0x00, 0x00, 0x10, 0x12, 0x00, 0x00, 0x21, 0x40, 0x00, 0x00,
    0xb0, 0x00, 0x00, 0x00, 0x22, 0x40, 0x00, 0x00, 0x70, 0x11, 0x00, 0x00,
    0x2f, 0x01, 0x01, 0x00, 0x03, 0x00, 0x00, 0x00, 0x00, 0x40, 0x00, 0x00,
    0xf0, 0x69, 0x02, 0x00, 0x10, 0x40, 0x00, 0x00, 0x30, 0x71, 0x02, 0x00,
    0x2f, 0x01, 0x03, 0x00, 0x03, 0x00, 0x00, 0x00, 0x00, 0x40, 0x00, 0x00,
    0x90, 0x6d, 0x02, 0x00, 0x01, 0x01, 0x00, 0x00, 0x02, 0x01, 0x00, 0x00,
    0x10, 0x40, 0x00, 0x00, 0x30, 0xce, 0x01, 0x00, 0x20, 0x01, 0x00, 0x00,
    0x20, 0x40, 0x00, 0x00, 0x60, 0x13, 0x00, 0x00, 0x21, 0x40, 0x00, 0x00,
    0x50, 0x01, 0x00, 0x00, 0x22, 0x40, 0x00, 0x00, 0xc0, 0x12, 0x00, 0x00,
    0x2f, 0x01, 0x01, 0x00, 0x02, 0x00, 0x00, 0x00, 0x00, 0x40, 0x00, 0x00,
    0x30, 0x71, 0x02, 0x00, 0x10, 0x40, 0x00, 0x00, 0xd0, 0xd1, 0x01, 0x00,
    0x2f, 0x01, 0x03, 0x00, 0x02, 0x00, 0x00, 0x00, 0x00, 0x40, 0x00, 0x00,
    0x70, 0xd5, 0x01, 0x00, 0x0b, 0x01, 0x04, 0x00, 0x0c, 0x01, 0x04, 0x00,
    0x01, 0x01, 0x01, 0x00, 0x02, 0x01, 0x01, 0x00, 0x10, 0x40, 0x00, 0x00,
    0xd0, 0x74, 0x02, 0x00, 0x21, 0x01, 0x04, 0x00, 0x20, 0x01, 0x02, 0x00,
    0x20, 0x40, 0x00, 0x00, 0x50, 0x15, 0x00, 0x00, 0x21, 0x40, 0x00, 0x00,
    0x10, 0x01, 0x00, 0x00, 0x22, 0x40, 0x00, 0x00, 0xb0, 0x14, 0x00, 0x00,
    0x0d, 0x01, 0x12, 0x00, 0x2f, 0x01, 0x01, 0x00, 0x03, 0x00, 0x00, 0x00,
    0x00, 0x40, 0x00, 0x00, 0x10, 0xd9, 0x01, 0x00, 0x10, 0x40, 0x00, 0x00,
    0x70, 0x78, 0x02, 0x00, 0x2f, 0x01, 0x03, 0x00, 0x03, 0x00, 0x00, 0x00,
    0x00, 0x40, 0x00, 0x00, 0xd0, 0x74, 0x02, 0x00, 0x0b, 0x01, 0x00, 0x00,
    0x0c, 0x01, 0x00, 0x00, 0x01, 0x01, 0x00, 0x00, 0x02, 0x01, 0x00, 0x00,
    0x10, 0x40, 0x00, 0x00, 0xb0, 0xf9, 0x01, 0x00, 0x21, 0x01, 0x00, 0x00,
    0x20, 0x01, 0x00, 0x00, 0x20, 0x40, 0x00, 0x00, 0x00, 0x17, 0x00, 0x00,
    0x21, 0x40, 0x00, 0x00, 0x50, 0x01, 0x00, 0x00, 0x22, 0x40, 0x00, 0x00,
    0x60, 0x16, 0x00, 0x00, 0x0d, 0x01, 0x0a, 0x00, 0x2f, 0x01, 0x01, 0x00,
    0x02, 0x00, 0x00, 0x00, 0x00, 0x40, 0x00, 0x00, 0x70, 0x78, 0x02, 0x00,
    0x10, 0x40, 0x00, 0x00, 0x50, 0xfd, 0x01, 0x00, 0x2f, 0x01, 0x03, 0x00,
    0x02, 0x00, 0x00, 0x00, 0x00, 0x40, 0x00, 0x00, 0xb0, 0xdc, 0x01, 0x00,
    0x0b, 0x01, 0x04, 0x00, 0x0c, 0x01, 0x04, 0x00, 0x01, 0x01, 0x01, 0x00,
    0x02, 0x01, 0x01, 0x00, 0x10, 0x40, 0x00, 0x00, 0xd0, 0x74, 0x02, 0x00,
    0x21, 0x01, 0x04, 0x00, 0x20, 0x01, 0x02, 0x00, 0x20, 0x40, 0x00, 0x00,
    0x50, 0x15, 0x00, 0x00, 0x21, 0x40, 0x00, 0x00, 0x10, 0x01, 0x00, 0x00,
    0x22, 0x40, 0x00, 0x00, 0xb0, 0x14, 0x00, 0x00, 0x0d, 0x01, 0x12, 0x00,
    0x03, 0x00, 0x00, 0x00, 0x00, 0x40, 0x00, 0x00, 0x50, 0xe0, 0x01, 0x00,
    0x10, 0x40, 0x00, 0x00, 0x70, 0x78, 0x02, 0x00, 0x03, 0x00, 0x00, 0x00,
    0x00, 0x40, 0x00, 0x00, 0xd0, 0x74, 0x02, 0x00, 0x0b, 0x01, 0x00, 0x00,
    0x0c, 0x01, 0x00, 0x00, 0x01, 0x01, 0x00, 0x00, 0x02, 0x01, 0x00, 0x00,
    0x10, 0x40, 0x00, 0x00, 0xf0, 0x00, 0x02, 0x00, 0x21, 0x01, 0x00, 0x00,
    0x20, 0x01, 0x00, 0x00, 0x20, 0x40, 0x00, 0x00, 0x00, 0x17, 0x00, 0x00,
    0x21, 0x40, 0x00, 0x00, 0x50, 0x01, 0x00, 0x00, 0x22, 0x40, 0x00, 0x00,
    0x60, 0x16, 0x00, 0x00, 0x0d, 0x01, 0x0a, 0x00, 0x2f, 0x01, 0x01, 0x00,
    0x02, 0x00, 0x00, 0x00, 0x00, 0x40, 0x00, 0x00, 0x70, 0x78, 0x02, 0x00,
    0x10, 0x40, 0x00, 0x00, 0x90, 0x04, 0x02, 0x00, 0x2f, 0x01, 0x03, 0x00,
    0x02, 0x00, 0x00, 0x00, 0x00, 0x40, 0x00, 0x00, 0x70, 0xf2, 0x01, 0x00,
    0x0b, 0x01, 0x02, 0x00, 0x0c, 0x01, 0x02, 0x00, 0x01, 0x01, 0x02, 0x00,
    0x02, 0x01, 0x02, 0x00, 0x10, 0x40, 0x00, 0x00, 0xb0, 0x7f, 0x02, 0x00,
    0x21, 0x01, 0x02, 0x00, 0x20, 0x01, 0x04, 0x00, 0x20, 0x40, 0x00, 0x00,
    0xf0, 0x18, 0x00, 0x00, 0x21, 0x40, 0x00, 0x00, 0x10, 0x01, 0x00, 0x00,
    0x22, 0x40, 0x00, 0x00, 0x50, 0x18, 0x00, 0x00, 0x2f, 0x01, 0x01, 0x00,
    0x03, 0x00, 0x00, 0x00, 0x00, 0x40, 0x00, 0x00, 0x10, 0x7c, 0x02, 0x00,
    0x0b, 0x01, 0x00, 0x00, 0x0c, 0x01, 0x00, 0x00, 0x01, 0x01, 0x00, 0x00,
    0x02, 0x01, 0x00, 0x00, 0x10, 0x40, 0x00, 0x00, 0x30, 0x08, 0x02, 0x00,
    0x21, 0x01, 0x00, 0x00, 0x20, 0x01, 0x00, 0x00, 0x20, 0x40, 0x00, 0x00,
    0xa0, 0x1a, 0x00, 0x00, 0x21, 0x40, 0x00, 0x00, 0x50, 0x01, 0x00, 0x00,
    0x22, 0x40, 0x00, 0x00, 0x00, 0x1a, 0x00, 0x00, 0x02, 0x00, 0x00, 0x00,
    0x00, 0x40, 0x00, 0x00, 0xb0, 0x7f, 0x02, 0x00, 0x10, 0x40, 0x00, 0x00,
    0xd0, 0x0b, 0x02, 0x00, 0x2f, 0x01, 0x03, 0x00, 0x02, 0x00, 0x00, 0x00,
    0x00, 0x40, 0x00, 0x00, 0x70, 0x0f, 0x02, 0x00, 0x0b, 0x01, 0x02, 0x00,
    0x0c, 0x01, 0x02, 0x00, 0x01, 0x01, 0x02, 0x00, 0x02, 0x01, 0x02, 0x00,
    0x10, 0x40, 0x00, 0x00, 0x0a, 0x02, 0x00, 0x00, 0x13, 0x01, 0x00, 0x00,
    0x15, 0x40, 0x00, 0x00, 0x3a, 0x00, 0x00, 0x00, 0x14, 0x40, 0x00, 0x00,
    0x01, 0x00, 0x00, 0x00, 0x16, 0x40, 0x00, 0x00, 0x01, 0x00, 0x00, 0x00,
    0x18, 0x01, 0x59, 0x00, 0x14, 0x01, 0x01, 0x00, 0x21, 0x01, 0x02, 0x00,
    0x20, 0x01, 0x04, 0x00, 0x22, 0x01, 0x04, 0x00, 0x20, 0x40, 0x00, 0x00,
    0x00, 0x1c, 0x00, 0x00, 0x21, 0x40, 0x00, 0x00, 0x90, 0x01, 0x00, 0x00,
    0x22, 0x40, 0x00, 0x00, 0xf0, 0x1b, 0x00, 0x00, 0x23, 0x40, 0x00, 0x00,
    0x10, 0x00, 0x00, 0x00, 0x17, 0x01, 0x07, 0x00, 0x2f, 0x01, 0x01, 0x00,
    0x02, 0x00, 0x00, 0x00, 0x00, 0x40, 0x00, 0x00, 0x10, 0x13, 0x02, 0x00,
    0x10, 0x40, 0x00, 0x00, 0x44, 0x02, 0x00, 0x00, 0x2f, 0x01, 0x03, 0x00,
    0x02, 0x00, 0x00, 0x00, 0x00, 0x40, 0x00, 0x00, 0xb0, 0x16, 0x02, 0x00,
    0x02, 0x40, 0x00, 0x00, 0x30, 0x08, 0x02, 0x00, 0x0b, 0x01, 0x01, 0x00,
    0x0c, 0x01, 0x01, 0x00, 0x10, 0x40, 0x00, 0x00, 0x7e, 0x02, 0x00, 0x00,
    0x02, 0x00, 0x00, 0x00, 0x00, 0x40, 0x00, 0x00, 0x50, 0x1a, 0x02, 0x00,
    0x0b, 0x01, 0x00, 0x00, 0x0c, 0x01, 0x00, 0x00, 0x10, 0x40, 0x00, 0x00,
    0xb8, 0x02, 0x00, 0x00, 0x02, 0x00, 0x00, 0x00, 0x00, 0x40, 0x00, 0x00,
    0x10, 0xf6, 0x01, 0x00, 0x02, 0x40, 0x00, 0x00, 0x00, 0x00, 0x00, 0x00,
    0x0b, 0x01, 0x02, 0x00, 0x0c, 0x01, 0x02, 0x00, 0x10, 0x40, 0x00, 0x00,
    0x10, 0x7c, 0x02, 0x00, 0x13, 0x01, 0x0f, 0x00, 0x15, 0x40, 0x00, 0x00,
    0xa0, 0x03, 0x00, 0x00, 0x14, 0x40, 0x00, 0x00, 0x10, 0x00, 0x00, 0x00,
    0x16, 0x40, 0x00, 0x00, 0xa0, 0x03, 0x00, 0x00, 0x18, 0x01, 0x80, 0xff,
    0x14, 0x01, 0x41, 0x00, 0x22, 0x01, 0x00, 0x00, 0x20, 0x40, 0x00, 0x00,
    0xf0, 0x18, 0x00, 0x00, 0x21, 0x40, 0x00, 0x00, 0x10, 0x01, 0x00, 0x00,
    0x22, 0x40, 0x00, 0x00, 0x50, 0x18, 0x00, 0x00, 0x23, 0x40, 0x00, 0x00,
    0xa0, 0x00, 0x00, 0x00, 0x17, 0x01, 0x0f, 0x00, 0x03, 0x00, 0x00, 0x00,
    0x00, 0x40, 0x00, 0x00, 0xb0, 0xf9, 0x01, 0x00, 0x10, 0x40, 0x00, 0x00,
    0xb0, 0x7f, 0x02, 0x00, 0x03, 0x00, 0x00, 0x00, 0x00, 0x40, 0x00, 0x00,
    0x10, 0x7c, 0x02, 0x00, 0x0b, 0x01, 0x00, 0x00, 0x0c, 0x01, 0x00, 0x00,
    0x01, 0x01, 0x00, 0x00, 0x02, 0x01, 0x00, 0x00, 0x10, 0x40, 0x00, 0x00,
    0x70, 0x0f, 0x02, 0x00, 0x21, 0x01, 0x00, 0x00, 0x20, 0x01, 0x00, 0x00,
    0x20, 0x40, 0x00, 0x00, 0xa0, 0x1a, 0x00, 0x00, 0x21, 0x40, 0x00, 0x00,
    0x50, 0x01, 0x00, 0x00, 0x22, 0x40, 0x00, 0x00, 0x00, 0x1a, 0x00, 0x00,
    0x2f, 0x01, 0x01, 0x00, 0x02, 0x00, 0x00, 0x00, 0x00, 0x40, 0x00, 0x00,
    0xb0, 0x7f, 0x02, 0x00, 0x10, 0x40, 0x00, 0x00, 0x10, 0x13, 0x02, 0x00,
    0x2f, 0x01, 0x03, 0x00, 0x02, 0x00, 0x00, 0x00, 0x00, 0x40, 0x00, 0x00,
    0x50, 0xfd, 0x01, 0x00, 0x0b, 0x01, 0x02, 0x00, 0x0c, 0x01, 0x02, 0x00,
    0x01, 0x01, 0x02, 0x00, 0x02, 0x01, 0x02, 0x00, 0x10, 0x40, 0x00, 0x00,
    0x10, 0x7c, 0x02, 0x00, 0x21, 0x01, 0x02, 0x00, 0x20, 0x01, 0x04, 0x00,
    0x20, 0x40, 0x00, 0x00, 0xf0, 0x18, 0x00, 0x00, 0x21, 0x40, 0x00, 0x00,
    0x10, 0x01, 0x00, 0x00, 0x22, 0x40, 0x00, 0x00, 0x50, 0x18, 0x00, 0x00,
    0x03, 0x00, 0x00, 0x00, 0x00, 0x40, 0x00, 0x00, 0xf0, 0xe3, 0x01, 0x00,
    0x02, 0x40, 0x00, 0x00, 0x30, 0xce, 0x01, 0x00, 0x0b, 0x01, 0x03, 0x00,
    0x0c, 0x01, 0x03, 0x00, 0x01, 0x01, 0x01, 0x00, 0x02, 0x01, 0x01, 0x00,
    0x10, 0x40, 0x00, 0x00, 0xd0, 0x74, 0x02, 0x00, 0x21, 0x01, 0x04, 0x00,
    0x20, 0x01, 0x02, 0x00, 0x20, 0x40, 0x00, 0x00, 0x50, 0x15, 0x00, 0x00,
    0x22, 0x40, 0x00, 0x00, 0xb0, 0x14, 0x00, 0x00, 0x0d, 0x01, 0x12, 0x00,
    0x03, 0x00, 0x00, 0x00, 0x00, 0x40, 0x00, 0x00, 0x90, 0xe7, 0x01, 0x00,
    0x0b, 0x01, 0x02, 0x00, 0x0c, 0x01, 0x02, 0x00, 0x10, 0x40, 0x00, 0x00,
    0x70, 0x78, 0x02, 0x00, 0x03, 0x00, 0x00, 0x00, 0x00, 0x40, 0x00, 0x00,
    0xd0, 0x74, 0x02, 0x00, 0x02, 0x40, 0x00, 0x00, 0x00, 0x00, 0x00, 0x00,
    0x0b, 0x01, 0x00, 0x00, 0x0c, 0x01, 0x00, 0x00, 0x01, 0x01, 0x00, 0x00,
    0x02, 0x01, 0x00, 0x00, 0x10, 0x40, 0x00, 0x00, 0x70, 0xf2, 0x01, 0x00,
    0x21, 0x01, 0x00, 0x00, 0x20, 0x01, 0x00, 0x00, 0x20, 0x40, 0x00, 0x00,
    0x00, 0x17, 0x00, 0x00, 0x21, 0x40, 0x00, 0x00, 0x50, 0x01, 0x00, 0x00,
    0x22, 0x40, 0x00, 0x00, 0x60, 0x16, 0x00, 0x00, 0x0d, 0x01, 0x0a, 0x00,
    0x2f, 0x01, 0x01, 0x00, 0x02, 0x00, 0x00, 0x00, 0x00, 0x40, 0x00, 0x00,
    0x70, 0x78, 0x02, 0x00, 0x10, 0x40, 0x00, 0x00, 0x10, 0xf6, 0x01, 0x00,
    0x2f, 0x01, 0x03, 0x00, 0x02, 0x00, 0x00, 0x00, 0x00, 0x40, 0x00, 0x00,
    0xf0, 0xa9, 0x01, 0x00, 0x0b, 0x01, 0x04, 0x00, 0x0c, 0x01, 0x04, 0x00,
    0x01, 0x01, 0x01, 0x00, 0x02, 0x01, 0x01, 0x00, 0x10, 0x40, 0x00, 0x00,
    0x10, 0x5f, 0x02, 0x00, 0x21, 0x01, 0x04, 0x00, 0x20, 0x01, 0x02, 0x00,
    0x20, 0x40, 0x00, 0x00, 0x70, 0x0e, 0x00, 0x00, 0x21, 0x40, 0x00, 0x00,
    0x10, 0x01, 0x00, 0x00, 0x22, 0x40, 0x00, 0x00, 0xd0, 0x0d, 0x00, 0x00,
    0x0d, 0x01, 0x12, 0x00, 0x03, 0x00, 0x00, 0x00, 0x00, 0x40, 0x00, 0x00,
    0x90, 0xad, 0x01, 0x00, 0x10, 0x40, 0x00, 0x00, 0xb0, 0x62, 0x02, 0x00,
    0x03, 0x00, 0x00, 0x00, 0x00, 0x40, 0x00, 0x00, 0x10, 0x5f, 0x02, 0x00,
    0x0b, 0x01, 0x00, 0x00, 0x0c, 0x01, 0x00, 0x00, 0x01, 0x01, 0x00, 0x00,
    0x02, 0x01, 0x00, 0x00, 0x10, 0x40, 0x00, 0x00, 0x50, 0x66, 0x02, 0x00,
    0x21, 0x01, 0x00, 0x00, 0x20, 0x01, 0x00, 0x00, 0x20, 0x40, 0x00, 0x00,
    0x20, 0x10, 0x00, 0x00, 0x21, 0x40, 0x00, 0x00, 0x50, 0x01, 0x00, 0x00,
    0x22, 0x40, 0x00, 0x00, 0x80, 0x0f, 0x00, 0x00, 0x0d, 0x01, 0x0a, 0x00,
    0x2f, 0x01, 0x01, 0x00, 0x02, 0x00, 0x00, 0x00, 0x00, 0x40, 0x00, 0x00,
    0xb0, 0x62, 0x02, 0x00, 0x10, 0x40, 0x00, 0x00, 0xf0, 0x69, 0x02, 0x00,
    0x2f, 0x01, 0x03, 0x00, 0x02, 0x00, 0x00, 0x00, 0x00, 0x40, 0x00, 0x00,
    0x50, 0x66, 0x02, 0x00, 0x01, 0x01, 0x04, 0x00, 0x02, 0x01, 0x04, 0x00,
    0x10, 0x40, 0x00, 0x00, 0x90, 0x6d, 0x02, 0x00, 0x20, 0x01, 0x08, 0x00,
    0x20, 0x40, 0x00, 0x00, 0x10, 0x12, 0x00, 0x00, 0x21, 0x40, 0x00, 0x00,
    0xb0, 0x00, 0x00, 0x00, 0x22, 0x40, 0x00, 0x00, 0x70, 0x11, 0x00, 0x00,
    0x2f, 0x01, 0x01, 0x00, 0x03, 0x00, 0x00, 0x00, 0x00, 0x40, 0x00, 0x00,
    0xf0, 0x69, 0x02, 0x00, 0x10, 0x40, 0x00, 0x00, 0x30, 0x71, 0x02, 0x00,
    0x2f, 0x01, 0x03, 0x00, 0x03, 0x00, 0x00, 0x00, 0x00, 0x40, 0x00, 0x00,
    0x90, 0x6d, 0x02, 0x00, 0x01, 0x01, 0x00, 0x00, 0x02, 0x01, 0x00, 0x00,
    0x10, 0x40, 0x00, 0x00, 0x70, 0xd5, 0x01, 0x00, 0x20, 0x01, 0x00, 0x00,
    0x20, 0x40, 0x00, 0x00, 0x60, 0x13, 0x00, 0x00, 0x21, 0x40, 0x00, 0x00,
    0x50, 0x01, 0x00, 0x00, 0x22, 0x40, 0x00, 0x00, 0xc0, 0x12, 0x00, 0x00,
    0x2f, 0x01, 0x01, 0x00, 0x02, 0x00, 0x00, 0x00, 0x00, 0x40, 0x00, 0x00,
    0x30, 0x71, 0x02, 0x00, 0x10, 0x40, 0x00, 0x00, 0x10, 0xd9, 0x01, 0x00,
    0x2f, 0x01, 0x03, 0x00, 0x02, 0x00, 0x00, 0x00, 0x00, 0x40, 0x00, 0x00,
    0x30, 0xb1, 0x01, 0x00, 0x0b, 0x01, 0x04, 0x00, 0x0c, 0x01, 0x04, 0x00,
    0x01, 0x01, 0x01, 0x00, 0x02, 0x01, 0x01, 0x00, 0x10, 0x40, 0x00, 0x00,
    0x10, 0x5f, 0x02, 0x00, 0x21, 0x01, 0x04, 0x00, 0x20, 0x01, 0x02, 0x00,
    0x20, 0x40, 0x00, 0x00, 0x70, 0x0e, 0x00, 0x00, 0x21, 0x40, 0x00, 0x00,
    0x10, 0x01, 0x00, 0x00, 0x22, 0x40, 0x00, 0x00, 0xd0, 0x0d, 0x00, 0x00,
    0x0d, 0x01, 0x12, 0x00, 0x03, 0x00, 0x00, 0x00, 0x00, 0x40, 0x00, 0x00,
    0xd0, 0xb4, 0x01, 0x00, 0x10, 0x40, 0x00, 0x00, 0xb0, 0x62, 0x02, 0x00,
    0x03, 0x00, 0x00, 0x00, 0x00, 0x40, 0x00, 0x00, 0x10, 0x5f, 0x02, 0x00,
    0x0b, 0x01, 0x00, 0x00, 0x0c, 0x01, 0x00, 0x00, 0x01, 0x01, 0x00, 0x00,
    0x02, 0x01, 0x00, 0x00, 0x10, 0x40, 0x00, 0x00, 0x50, 0x66, 0x02, 0x00,
    0x21, 0x01, 0x00, 0x00, 0x20, 0x01, 0x00, 0x00, 0x20, 0x40, 0x00, 0x00,
    0x20, 0x10, 0x00, 0x00, 0x21, 0x40, 0x00, 0x00, 0x50, 0x01, 0x00, 0x00,
    0x22, 0x40, 0x00, 0x00, 0x80, 0x0f, 0x00, 0x00, 0x0d, 0x01, 0x0a, 0x00,
    0x2f, 0x01, 0x01, 0x00, 0x02, 0x00, 0x00, 0x00, 0x00, 0x40, 0x00, 0x00,
    0xb0, 0x62, 0x02, 0x00, 0x10, 0x40, 0x00, 0x00, 0xf0, 0x69, 0x02, 0x00,
    0x2f, 0x01, 0x03, 0x00, 0x02, 0x00, 0x00, 0x00, 0x00, 0x40, 0x00, 0x00,
    0x50, 0x66, 0x02, 0x00, 0x01, 0x01, 0x04, 0x00, 0x02, 0x01, 0x04, 0x00,
    0x10, 0x40, 0x00, 0x00, 0x90, 0x6d, 0x02, 0x00, 0x20, 0x01, 0x08, 0x00,
    0x20, 0x40, 0x00, 0x00, 0x10, 0x12, 0x00, 0x00, 0x21, 0x40, 0x00, 0x00,
    0xb0, 0x00, 0x00, 0x00, 0x22, 0x40, 0x00, 0x00, 0x70, 0x11, 0x00, 0x00,
    0x2f, 0x01, 0x01, 0x00, 0x03, 0x00, 0x00, 0x00, 0x00, 0x40, 0x00, 0x00,
    0xf0, 0x69, 0x02, 0x00, 0x10, 0x40, 0x00, 0x00, 0x30, 0x71, 0x02, 0x00,
    0x2f, 0x01, 0x03, 0x00, 0x03, 0x00, 0x00, 0x00, 0x00, 0x40, 0x00, 0x00,
    0x90, 0x6d, 0x02, 0x00, 0x01, 0x01, 0x00, 0x00, 0x02, 0x01, 0x00, 0x00,
    0x10, 0x40, 0x00, 0x00, 0xb0, 0xdc, 0x01, 0x00, 0x20, 0x01, 0x00, 0x00,
    0x20, 0x40, 0x00, 0x00, 0x60, 0x13, 0x00, 0x00, 0x21, 0x40, 0x00, 0x00,
    0x50, 0x01, 0x00, 0x00, 0x22, 0x40, 0x00, 0x00, 0xc0, 0x12, 0x00, 0x00,
    0x2f, 0x01, 0x01, 0x00, 0x02, 0x00, 0x00, 0x00, 0x00, 0x40, 0x00, 0x00,
    0x30, 0x71, 0x02, 0x00, 0x10, 0x40, 0x00, 0x00, 0x50, 0xe0, 0x01, 0x00,
    0x2f, 0x01, 0x03, 0x00, 0x02, 0x00, 0x00, 0x00, 0x00, 0x40, 0x00, 0x00,
    0x70, 0x9b, 0x01, 0x00, 0x02, 0x40, 0x00, 0x00, 0xb0, 0x85, 0x01, 0x00,
    0x0b, 0x01, 0x03, 0x00, 0x0c, 0x01, 0x03, 0x00, 0x01, 0x01, 0x01, 0x00,
    0x02, 0x01, 0x01, 0x00, 0x10, 0x40, 0x00, 0x00, 0x50, 0x49, 0x02, 0x00,
    0x21, 0x01, 0x04, 0x00, 0x20, 0x01, 0x02, 0x00, 0x20, 0x40, 0x00, 0x00,
    0x70, 0x07, 0x00, 0x00, 0x21, 0x40, 0x00, 0x00, 0x10, 0x01, 0x00, 0x00,
    0x22, 0x40, 0x00, 0x00, 0xd0, 0x06, 0x00, 0x00, 0x0d, 0x01, 0x12, 0x00,
    0x03, 0x00, 0x00, 0x00, 0x00, 0x40, 0x00, 0x00, 0x10, 0x9f, 0x01, 0x00,
    0x0b, 0x01, 0x02, 0x00, 0x0c, 0x01, 0x02, 0x00, 0x10, 0x40, 0x00, 0x00,
    0xf0, 0x4c, 0x02, 0x00, 0x03, 0x00, 0x00, 0x00, 0x00, 0x40, 0x00, 0x00,
    0x50, 0x49, 0x02, 0x00, 0x02, 0x40, 0x00, 0x00, 0x00, 0x00, 0x00, 0x00,
    0x0b, 0x01, 0x00, 0x00, 0x0c, 0x01, 0x00, 0x00, 0x01, 0x01, 0x00, 0x00,
    0x02, 0x01, 0x00, 0x00, 0x10, 0x40, 0x00, 0x00, 0x90, 0x50, 0x02, 0x00,
    0x21, 0x01, 0x00, 0x00, 0x20, 0x01, 0x00, 0x00, 0x20, 0x40, 0x00, 0x00,
    0x20, 0x09, 0x00, 0x00, 0x21, 0x40, 0x00, 0x00, 0x50, 0x01, 0x00, 0x00,
    0x22, 0x40, 0x00, 0x00, 0x80, 0x08, 0x00, 0x00, 0x0d, 0x01, 0x0a, 0x00,
    0x2f, 0x01, 0x01, 0x00, 0x02, 0x00, 0x00, 0x00, 0x00, 0x40, 0x00, 0x00,
    0xf0, 0x4c, 0x02, 0x00, 0x10, 0x40, 0x00, 0x00, 0x30, 0x54, 0x02, 0x00,
    0x2f, 0x01, 0x03, 0x00, 0x02, 0x00, 0x00, 0x00, 0x00, 0x40, 0x00, 0x00,
    0x90, 0x50, 0x02, 0x00, 0x01, 0x01, 0x04, 0x00, 0x02, 0x01, 0x04, 0x00,
    0x10, 0x40, 0x00, 0x00, 0xd0, 0x57, 0x02, 0x00, 0x20, 0x01, 0x08, 0x00,
    0x20, 0x40, 0x00, 0x00, 0x10, 0x0b, 0x00, 0x00, 0x21, 0x40, 0x00, 0x00,
    0xd0, 0x00, 0x00, 0x00, 0x22, 0x40, 0x00, 0x00, 0x70, 0x0a, 0x00, 0x00,
    0x2f, 0x01, 0x01, 0x00, 0x03, 0x00, 0x00, 0x00, 0x00, 0x40, 0x00, 0x00,
    0x30, 0x54, 0x02, 0x00, 0x10, 0x40, 0x00, 0x00, 0x70, 0x5b, 0x02, 0x00,
    0x2f, 0x01, 0x03, 0x00, 0x03, 0x00, 0x00, 0x00, 0x00, 0x40, 0x00, 0x00,
    0xd0, 0x57, 0x02, 0x00, 0x01, 0x01, 0x00, 0x00, 0x02, 0x01, 0x00, 0x00,
    0x10, 0x40, 0x00, 0x00, 0xf0, 0xc6, 0x01, 0x00, 0x20, 0x01, 0x00, 0x00,
    0x20, 0x40, 0x00, 0x00, 0x80, 0x0c, 0x00, 0x00, 0x21, 0x40, 0x00, 0x00,
    0x50, 0x01, 0x00, 0x00, 0x22, 0x40, 0x00, 0x00, 0xe0, 0x0b, 0x00, 0x00,
    0x2f, 0x01, 0x01, 0x00, 0x02, 0x00, 0x00, 0x00, 0x00, 0x40, 0x00, 0x00,
    0x70, 0x5b, 0x02, 0x00, 0x10, 0x40, 0x00, 0x00, 0x90, 0xca, 0x01, 0x00,
    0x2f, 0x01, 0x03, 0x00, 0x02, 0x00, 0x00, 0x00, 0x00, 0x40, 0x00, 0x00,
    0xb0, 0xa2, 0x01, 0x00, 0x02, 0x40, 0x00, 0x00, 0xb0, 0x85, 0x01, 0x00,
    0x0b, 0x01, 0x01, 0x00, 0x0c, 0x01, 0x01, 0x00, 0x01, 0x01, 0x01, 0x00,
    0x02, 0x01, 0x01, 0x00, 0x10, 0x40, 0x00, 0x00, 0x50, 0x49, 0x02, 0x00,
    0x21, 0x01, 0x04, 0x00, 0x20, 0x01, 0x02, 0x00, 0x20, 0x40, 0x00, 0x00,
    0x70, 0x07, 0x00, 0x00, 0x21, 0x40, 0x00, 0x00, 0x10, 0x01, 0x00, 0x00,
    0x22, 0x40, 0x00, 0x00, 0xd0, 0x06, 0x00, 0x00, 0x0d, 0x01, 0x12, 0x00,
    0x03, 0x00, 0x00, 0x00, 0x00, 0x40, 0x00, 0x00, 0x50, 0xa6, 0x01, 0x00,
    0x0b, 0x01, 0x00, 0x00, 0x0c, 0x01, 0x00, 0x00, 0x10, 0x40, 0x00, 0x00,
    0xf0, 0x4c, 0x02, 0x00, 0x03, 0x00, 0x00, 0x00, 0x00, 0x40, 0x00, 0x00,
    0x50, 0x49, 0x02, 0x00, 0x02, 0x40, 0x00, 0x00, 0x00, 0x00, 0x00, 0x00,
    0x01, 0x01, 0x00, 0x00, 0x02, 0x01, 0x00, 0x00, 0x10, 0x40, 0x00, 0x00,
    0x90, 0x50, 0x02, 0x00, 0x21, 0x01, 0x00, 0x00, 0x20, 0x01, 0x00, 0x00,
    0x20, 0x40, 0x00, 0x00, 0x20, 0x09, 0x00, 0x00, 0x21, 0x40, 0x00, 0x00,
    0x50, 0x01, 0x00, 0x00, 0x22, 0x40, 0x00, 0x00, 0x80, 0x08, 0x00, 0x00,
    0x0d, 0x01, 0x0a, 0x00, 0x2f, 0x01, 0x01, 0x00, 0x02, 0x00, 0x00, 0x00,
    0x00, 0x40, 0x00, 0x00, 0xf0, 0x4c, 0x02, 0x00, 0x10, 0x40, 0x00, 0x00,
    0x30, 0x54, 0x02, 0x00, 0x2f, 0x01, 0x03, 0x00, 0x02, 0x00, 0x00, 0x00,
    0x00, 0x40, 0x00, 0x00, 0x90, 0x50, 0x02, 0x00, 0x01, 0x01, 0x04, 0x00,
    0x02, 0x01, 0x04, 0x00, 0x10, 0x40, 0x00, 0x00, 0xd0, 0x57, 0x02, 0x00,
    0x20, 0x01, 0x08, 0x00, 0x20, 0x40, 0x00, 0x00, 0x10, 0x0b, 0x00, 0x00,
    0x21, 0x40, 0x00, 0x00, 0xd0, 0x00, 0x00, 0x00, 0x22, 0x40, 0x00, 0x00,
    0x70, 0x0a, 0x00, 0x00, 0x2f, 0x01, 0x01, 0x00, 0x03, 0x00, 0x00, 0x00,
    0x00, 0x40, 0x00, 0x00, 0x30, 0x54, 0x02, 0x00, 0x10, 0x40, 0x00, 0x00,
    0x70, 0x5b, 0x02, 0x00, 0x2f, 0x01, 0x03, 0x00, 0x03, 0x00, 0x00, 0x00,
    0x00, 0x40, 0x00, 0x00, 0xd0, 0x57, 0x02, 0x00, 0x01, 0x01, 0x00, 0x00,
    0x02, 0x01, 0x00, 0x00, 0x10, 0x40, 0x00, 0x00, 0xf0, 0xa9, 0x01, 0x00,
    0x20, 0x01, 0x00, 0x00, 0x20, 0x40, 0x00, 0x00, 0x80, 0x0c, 0x00, 0x00,
    0x21, 0x40, 0x00, 0x00, 0x50, 0x01, 0x00, 0x00, 0x22, 0x40, 0x00, 0x00,
    0xe0, 0x0b, 0x00, 0x00, 0x2f, 0x01, 0x01, 0x00, 0x02, 0x00, 0x00, 0x00,
    0x00, 0x40, 0x00, 0x00, 0x70, 0x5b, 0x02, 0x00, 0x10, 0x40, 0x00, 0x00,
    0x90, 0xad, 0x01, 0x00, 0x2f, 0x01, 0x03, 0x00, 0x02, 0x00, 0x00, 0x00,
    0x00, 0x40, 0x00, 0x00, 0x50, 0x91, 0x00, 0x00, 0x0b, 0x01, 0x01, 0x00,
    0x0c, 0x01, 0x01, 0x00, 0x0a, 0x01, 0x72, 0x00, 0x04, 0x01, 0x03, 0x00,
    0x05, 0x40, 0x00, 0x00, 0xcc, 0x01, 0x00, 0x00, 0x04, 0x40, 0x00, 0x00,
    0x04, 0x00, 0x00, 0x00, 0x06, 0x40, 0x00, 0x00, 0x01, 0x00, 0x00, 0x00,
    0x09, 0x01, 0x00, 0x00, 0x05, 0x01, 0x01, 0x00, 0x10, 0x40, 0x00, 0x00,
    0xf0, 0x1d, 0x02, 0x00, 0x11, 0x01, 0x72, 0x00, 0x1a, 0x01, 0x72, 0x00,
    0x13, 0x01, 0x03, 0x00, 0x15, 0x40, 0x00, 0x00, 0x30, 0x07, 0x00, 0x00,
    0x16, 0x40, 0x00, 0x00, 0x30, 0x07, 0x00, 0x00, 0x18, 0x01, 0x00, 0x00,
    0x14, 0x01, 0x41, 0x81, 0x21, 0x01, 0x01, 0x00, 0x22, 0x01, 0x02, 0x00,
    0x15, 0x01, 0x15, 0x00, 0x17, 0x01, 0x07, 0x00, 0x05, 0x00, 0x01, 0x00,
    0x00, 0x40, 0x00, 0x00, 0xe8, 0x94, 0x00, 0x00, 0x10, 0x40, 0x00, 0x00,
    0x20, 0x25, 0x02, 0x00, 0x05, 0x00, 0x01, 0x00, 0x00, 0x40, 0x00, 0x00,
    0xf0, 0x1d, 0x02, 0x00, 0x0b, 0x01, 0x00, 0x00, 0x0c, 0x01, 0x00, 0x00,
    0x05, 0x40, 0x00, 0x00, 0x30, 0x07, 0x00, 0x00, 0x04, 0x40, 0x00, 0x00,
    0x10, 0x00, 0x00, 0x00, 0x06, 0x40, 0x00, 0x00, 0x30, 0x07, 0x00, 0x00,
    0x09, 0x01, 0xff, 0xff, 0x05, 0x01, 0x41, 0x00, 0x01, 0x01, 0x01, 0x00,
    0x02, 0x01, 0x01, 0x00, 0x10, 0x40, 0x00, 0x00, 0x50, 0x2c, 0x02, 0x00,
    0x11, 0x01, 0x39, 0x00, 0x1a, 0x01, 0x39, 0x00, 0x13, 0x01, 0x0b, 0x00,
    0x15, 0x40, 0x00, 0x00, 0xa0, 0x03, 0x00, 0x00, 0x16, 0x40, 0x00, 0x00,
    0xa0, 0x03, 0x00, 0x00, 0x18, 0x01, 0x80, 0xff, 0x14, 0x01, 0x41, 0x00,
    0x21, 0x01, 0x00, 0x00, 0x20, 0x01, 0x02, 0x00, 0x22, 0x01, 0x05, 0x00,
    0x20, 0x40, 0x00, 0x00, 0x80, 0x00, 0x00, 0x00, 0x21, 0x40, 0x00, 0x00,
    0x00, 0x01, 0x00, 0x00, 0x22, 0x40, 0x00, 0x00, 0x00, 0x00, 0x00, 0x00,
    0x23, 0x40, 0x00, 0x00, 0x80, 0x00, 0x00, 0x00, 0x15, 0x01, 0x39, 0x00,
    0x17, 0x01, 0x0f, 0x00, 0x2f, 0x01, 0x01, 0x00, 0x02, 0x00, 0x00, 0x00,
    0x00, 0x40, 0x00, 0x00, 0x20, 0x25, 0x02, 0x00, 0x10, 0x40, 0x00, 0x00,
    0xf0, 0x2f, 0x02, 0x00, 0x2f, 0x01, 0x03, 0x00, 0x02, 0x00, 0x00, 0x00,
    0x00, 0x40, 0x00, 0x00, 0x50, 0x2c, 0x02, 0x00, 0x0a, 0x01, 0x39, 0x00,
    0x04, 0x01, 0x0b, 0x00, 0x05, 0x40, 0x00, 0x00, 0xa0, 0x03, 0x00, 0x00,
    0x06, 0x40, 0x00, 0x00, 0xa0, 0x03, 0x00, 0x00, 0x09, 0x01, 0x80, 0xff,
    0x01, 0x01, 0x03, 0x00, 0x02, 0x01, 0x03, 0x00, 0x10, 0x40, 0x00, 0x00,
    0x90, 0x33, 0x02, 0x00, 0x20, 0x01, 0x06, 0x00, 0x22, 0x01, 0x00, 0x00,
    0x20, 0x40, 0x00, 0x00, 0x00, 0x02, 0x00, 0x00, 0x21, 0x40, 0x00, 0x00,
    0x90, 0x00, 0x00, 0x00, 0x22, 0x40, 0x00, 0x00, 0x80, 0x01, 0x00, 0x00,
    0x2f, 0x01, 0x01, 0x00, 0x03, 0x00, 0x00, 0x00, 0x00, 0x40, 0x00, 0x00,
    0xf0, 0x2f, 0x02, 0x00, 0x10, 0x40, 0x00, 0x00, 0x30, 0x37, 0x02, 0x00,
    0x2f, 0x01, 0x03, 0x00, 0x03, 0x00, 0x00, 0x00, 0x00, 0x40, 0x00, 0x00,
    0x90, 0x33, 0x02, 0x00, 0x01, 0x01, 0x00, 0x00, 0x02, 0x01, 0x00, 0x00,
    0x10, 0x40, 0x00, 0x00, 0xd0, 0x3a, 0x02, 0x00, 0x20, 0x01, 0x00, 0x00,
    0x20, 0x40, 0x00, 0x00, 0x10, 0x03, 0x00, 0x00, 0x21, 0x40, 0x00, 0x00,
    0xe0, 0x00, 0x00, 0x00, 0x22, 0x40, 0x00, 0x00, 0x90, 0x02, 0x00, 0x00,
    0x2f, 0x01, 0x01, 0x00, 0x02, 0x00, 0x00, 0x00, 0x00, 0x40, 0x00, 0x00,
    0x30, 0x37, 0x02, 0x00, 0x10, 0x40, 0x00, 0x00, 0x70, 0x3e, 0x02, 0x00,
    0x2f, 0x01, 0x03, 0x00, 0x02, 0x00, 0x00, 0x00, 0x00, 0x40, 0x00, 0x00,
    0xd0, 0x3a, 0x02, 0x00, 0x01, 0x01, 0x04, 0x00, 0x02, 0x01, 0x04, 0x00,
    0x10, 0x40, 0x00, 0x00, 0x10, 0x42, 0x02, 0x00, 0x20, 0x01, 0x08, 0x00,
    0x20, 0x40, 0x00, 0x00, 0x70, 0x04, 0x00, 0x00, 0x21, 0x40, 0x00, 0x00,
    0xb0, 0x00, 0x00, 0x00, 0x22, 0x40, 0x00, 0x00, 0xf0, 0x03, 0x00, 0x00,
    0x2f, 0x01, 0x01, 0x00, 0x03, 0x00, 0x00, 0x00, 0x00, 0x40, 0x00, 0x00,
    0x70, 0x3e, 0x02, 0x00, 0x10, 0x40, 0x00, 0x00, 0xb0, 0x45, 0x02, 0x00,
    0x2f, 0x01, 0x03, 0x00, 0x03, 0x00, 0x00, 0x00, 0x00, 0x40, 0x00, 0x00,
    0x10, 0x42, 0x02, 0x00, 0x01, 0x01, 0x00, 0x00, 0x02, 0x01, 0x00, 0x00,
    0x10, 0x40, 0x00, 0x00, 0x30, 0x94, 0x01, 0x00, 0x13, 0x01, 0x0f, 0x00,
    0x20, 0x01, 0x00, 0x00, 0x20, 0x40, 0x00, 0x00, 0xc0, 0x05, 0x00, 0x00,
    0x21, 0x40, 0x00, 0x00, 0x10, 0x01, 0x00, 0x00, 0x22, 0x40, 0x00, 0x00,
    0x20, 0x05, 0x00, 0x00, 0x23, 0x40, 0x00, 0x00, 0xa0, 0x00, 0x00, 0x00,
    0x2f, 0x01, 0x01, 0x00, 0x02, 0x00, 0x00, 0x00, 0x00, 0x40, 0x00, 0x00,
    0xb0, 0x45, 0x02, 0x00, 0x10, 0x40, 0x00, 0x00, 0xd0, 0x97, 0x01, 0x00,
    0x2f, 0x01, 0x03, 0x00, 0x02, 0x00, 0x00, 0x00, 0x00, 0x40, 0x00, 0x00,
    0x80, 0x98, 0x00, 0x00, 0x0b, 0x01, 0x01, 0x00, 0x0c, 0x01, 0x01, 0x00,
    0x0a, 0x01, 0x72, 0x00, 0x04, 0x01, 0x03, 0x00, 0x05, 0x40, 0x00, 0x00,
    0xcc, 0x01, 0x00, 0x00, 0x04, 0x40, 0x00, 0x00, 0x04, 0x00, 0x00, 0x00,
    0x06, 0x40, 0x00, 0x00, 0x01, 0x00, 0x00, 0x00, 0x09, 0x01, 0x00, 0x00,
    0x05, 0x01, 0x01, 0x00, 0x10, 0x40, 0x00, 0x00, 0xf0, 0x1d, 0x02, 0x00,
    0x11, 0x01, 0x72, 0x00, 0x1a, 0x01, 0x72, 0x00, 0x13, 0x01, 0x03, 0x00,
    0x15, 0x40, 0x00, 0x00, 0x30, 0x07, 0x00, 0x00, 0x16, 0x40, 0x00, 0x00,
    0x30, 0x07, 0x00, 0x00, 0x18, 0x01, 0x00, 0x00, 0x14, 0x01, 0x41, 0x81,
    0x21, 0x01, 0x01, 0x00, 0x22, 0x01, 0x02, 0x00, 0x15, 0x01, 0x15, 0x00,
    0x17, 0x01, 0x07, 0x00, 0x05, 0x00, 0x01, 0x00, 0x00, 0x40, 0x00, 0x00,
    0x18, 0x9c, 0x00, 0x00, 0x10, 0x40, 0x00, 0x00, 0x20, 0x25, 0x02, 0x00,
    0x05, 0x00, 0x01, 0x00, 0x00, 0x40, 0x00, 0x00, 0xf0, 0x1d, 0x02, 0x00,
    0x0b, 0x01, 0x00, 0x00, 0x0c, 0x01, 0x00, 0x00, 0x05, 0x40, 0x00, 0x00,
    0x30, 0x07, 0x00, 0x00, 0x04, 0x40, 0x00, 0x00, 0x10, 0x00, 0x00, 0x00,
    0x06, 0x40, 0x00, 0x00, 0x30, 0x07, 0x00, 0x00, 0x09, 0x01, 0xff, 0xff,
    0x05, 0x01, 0x41, 0x00, 0x01, 0x01, 0x01, 0x00, 0x02, 0x01, 0x01, 0x00,
    0x10, 0x40, 0x00, 0x00, 0x50, 0x2c, 0x02, 0x00, 0x11, 0x01, 0x39, 0x00,
    0x1a, 0x01, 0x39, 0x00, 0x13, 0x01, 0x0b, 0x00, 0x15, 0x40, 0x00, 0x00,
    0xa0, 0x03, 0x00, 0x00, 0x16, 0x40, 0x00, 0x00, 0xa0, 0x03, 0x00, 0x00,
    0x18, 0x01, 0x80, 0xff, 0x14, 0x01, 0x41, 0x00, 0x21, 0x01, 0x00, 0x00,
    0x20, 0x01, 0x02, 0x00, 0x22, 0x01, 0x05, 0x00, 0x20, 0x40, 0x00, 0x00,
    0x80, 0x00, 0x00, 0x00, 0x21, 0x40, 0x00, 0x00, 0x00, 0x01, 0x00, 0x00,
    0x22, 0x40, 0x00, 0x00, 0x00, 0x00, 0x00, 0x00, 0x23, 0x40, 0x00, 0x00,
    0x80, 0x00, 0x00, 0x00, 0x15, 0x01, 0x39, 0x00, 0x17, 0x01, 0x0f, 0x00,
    0x2f, 0x01, 0x01, 0x00, 0x02, 0x00, 0x00, 0x00, 0x00, 0x40, 0x00, 0x00,
    0x20, 0x25, 0x02, 0x00, 0x10, 0x40, 0x00, 0x00, 0xf0, 0x2f, 0x02, 0x00,
    0x2f, 0x01, 0x03, 0x00, 0x02, 0x00, 0x00, 0x00, 0x00, 0x40, 0x00, 0x00,
    0x50, 0x2c, 0x02, 0x00, 0x0a, 0x01, 0x39, 0x00, 0x04, 0x01, 0x0b, 0x00,
    0x05, 0x40, 0x00, 0x00, 0xa0, 0x03, 0x00, 0x00, 0x06, 0x40, 0x00, 0x00,
    0xa0, 0x03, 0x00, 0x00, 0x09, 0x01, 0x80, 0xff, 0x01, 0x01, 0x03, 0x00,
    0x02, 0x01, 0x03, 0x00, 0x10, 0x40, 0x00, 0x00, 0x90, 0x33, 0x02, 0x00,
    0x20, 0x01, 0x06, 0x00, 0x22, 0x01, 0x00, 0x00, 0x20, 0x40, 0x00, 0x00,
    0x00, 0x02, 0x00, 0x00, 0x21, 0x40, 0x00, 0x00, 0x90, 0x00, 0x00, 0x00,
    0x22, 0x40, 0x00, 0x00, 0x80, 0x01, 0x00, 0x00, 0x2f, 0x01, 0x01, 0x00,
    0x03, 0x00, 0x00, 0x00, 0x00, 0x40, 0x00, 0x00, 0xf0, 0x2f, 0x02, 0x00,
    0x10, 0x40, 0x00, 0x00, 0x30, 0x37, 0x02, 0x00, 0x2f, 0x01, 0x03, 0x00,
    0x03, 0x00, 0x00, 0x00, 0x00, 0x40, 0x00, 0x00, 0x90, 0x33, 0x02, 0x00,
    0x01, 0x01, 0x00, 0x00, 0x02, 0x01, 0x00, 0x00, 0x10, 0x40, 0x00, 0x00,
    0xd0, 0x3a, 0x02, 0x00, 0x20, 0x01, 0x00, 0x00, 0x20, 0x40, 0x00, 0x00,
    0x10, 0x03, 0x00, 0x00, 0x21, 0x40, 0x00, 0x00, 0xe0, 0x00, 0x00, 0x00,
    0x22, 0x40, 0x00, 0x00, 0x90, 0x02, 0x00, 0x00, 0x2f, 0x01, 0x01, 0x00,
    0x02, 0x00, 0x00, 0x00, 0x00, 0x40, 0x00, 0x00, 0x30, 0x37, 0x02, 0x00,
    0x10, 0x40, 0x00, 0x00, 0x70, 0x3e, 0x02, 0x00, 0x2f, 0x01, 0x03, 0x00,
    0x02, 0x00, 0x00, 0x00, 0x00, 0x40, 0x00, 0x00, 0xd0, 0x3a, 0x02, 0x00,
    0x01, 0x01, 0x04, 0x00, 0x02, 0x01, 0x04, 0x00, 0x10, 0x40, 0x00, 0x00,
    0x10, 0x42, 0x02, 0x00, 0x20, 0x01, 0x08, 0x00, 0x20, 0x40, 0x00, 0x00,
    0x70, 0x04, 0x00, 0x00, 0x21, 0x40, 0x00, 0x00, 0xb0, 0x00, 0x00, 0x00,
    0x22, 0x40, 0x00, 0x00, 0xf0, 0x03, 0x00, 0x00, 0x2f, 0x01, 0x01, 0x00,
    0x03, 0x00, 0x00, 0x00, 0x00, 0x40, 0x00, 0x00, 0x70, 0x3e, 0x02, 0x00,
    0x10, 0x40, 0x00, 0x00, 0xb0, 0x45, 0x02, 0x00, 0x2f, 0x01, 0x03, 0x00,
    0x03, 0x00, 0x00, 0x00, 0x00, 0x40, 0x00, 0x00, 0x10, 0x42, 0x02, 0x00,
    0x01, 0x01, 0x00, 0x00, 0x02, 0x01, 0x00, 0x00, 0x10, 0x40, 0x00, 0x00,
    0x70, 0x9b, 0x01, 0x00, 0x13, 0x01, 0x0f, 0x00, 0x20, 0x01, 0x00, 0x00,
    0x20, 0x40, 0x00, 0x00, 0xc0, 0x05, 0x00, 0x00, 0x21, 0x40, 0x00, 0x00,
    0x10, 0x01, 0x00, 0x00, 0x22, 0x40, 0x00, 0x00, 0x20, 0x05, 0x00, 0x00,
    0x23, 0x40, 0x00, 0x00, 0xa0, 0x00, 0x00, 0x00, 0x2f, 0x01, 0x01, 0x00,
    0x02, 0x00, 0x00, 0x00, 0x00, 0x40, 0x00, 0x00, 0xb0, 0x45, 0x02, 0x00,
    0x10, 0x40, 0x00, 0x00, 0x10, 0x9f, 0x01, 0x00, 0x2f, 0x01, 0x03, 0x00,
    0x02, 0x00, 0x00, 0x00, 0x00, 0x40, 0x00, 0x00, 0xb0, 0x9f, 0x00, 0x00,
    0x0b, 0x01, 0x01, 0x00, 0x0c, 0x01, 0x01, 0x00, 0x0a, 0x01, 0x72, 0x00,
    0x04, 0x01, 0x03, 0x00, 0x05, 0x40, 0x00, 0x00, 0xcc, 0x01, 0x00, 0x00,
    0x04, 0x40, 0x00, 0x00, 0x04, 0x00, 0x00, 0x00, 0x06, 0x40, 0x00, 0x00,
    0x01, 0x00, 0x00, 0x00, 0x09, 0x01, 0x00, 0x00, 0x05, 0x01, 0x01, 0x00,
    0x10, 0x40, 0x00, 0x00, 0xf0, 0x1d, 0x02, 0x00, 0x11, 0x01, 0x72, 0x00,
    0x1a, 0x01, 0x72, 0x00, 0x13, 0x01, 0x03, 0x00, 0x15, 0x40, 0x00, 0x00,
    0x30, 0x07, 0x00, 0x00, 0x16, 0x40, 0x00, 0x00, 0x30, 0x07, 0x00, 0x00,
    0x18, 0x01, 0x00, 0x00, 0x14, 0x01, 0x41, 0x81, 0x21, 0x01, 0x01, 0x00,
    0x22, 0x01, 0x02, 0x00, 0x15, 0x01, 0x15, 0x00, 0x17, 0x01, 0x07, 0x00,
    0x05, 0x00, 0x01, 0x00, 0x00, 0x40, 0x00, 0x00, 0x48, 0xa3, 0x00, 0x00,
    0x10, 0x40, 0x00, 0x00, 0x20, 0x25, 0x02, 0x00, 0x05, 0x00, 0x01, 0x00,
    0x00, 0x40, 0x00, 0x00, 0xf0, 0x1d, 0x02, 0x00, 0x0b, 0x01, 0x00, 0x00,
    0x0c, 0x01, 0x00, 0x00, 0x05, 0x40, 0x00, 0x00, 0x30, 0x07, 0x00, 0x00,
    0x04, 0x40, 0x00, 0x00, 0x10, 0x00, 0x00, 0x00, 0x06, 0x40, 0x00, 0x00,
    0x30, 0x07, 0x00, 0x00, 0x09, 0x01, 0xff, 0xff, 0x05, 0x01, 0x41, 0x00,
    0x01, 0x01, 0x01, 0x00, 0x02, 0x01, 0x01, 0x00, 0x10, 0x40, 0x00, 0x00,
    0x50, 0x2c, 0x02, 0x00, 0x11, 0x01, 0x39, 0x00, 0x1a, 0x01, 0x39, 0x00,
    0x13, 0x01, 0x0b, 0x00, 0x15, 0x40, 0x00, 0x00, 0xa0, 0x03, 0x00, 0x00,
    0x16, 0x40, 0x00, 0x00, 0xa0, 0x03, 0x00, 0x00, 0x18, 0x01, 0x80, 0xff,
    0x14, 0x01, 0x41, 0x00, 0x21, 0x01, 0x00, 0x00, 0x20, 0x01, 0x02, 0x00,
    0x22, 0x01, 0x05, 0x00, 0x20, 0x40, 0x00, 0x00, 0x80, 0x00, 0x00, 0x00,
    0x21, 0x40, 0x00, 0x00, 0x00, 0x01, 0x00, 0x00, 0x22, 0x40, 0x00, 0x00,
    0x00, 0x00, 0x00, 0x00, 0x23, 0x40, 0x00, 0x00, 0x80, 0x00, 0x00, 0x00,
    0x15, 0x01, 0x39, 0x00, 0x17, 0x01, 0x0f, 0x00, 0x2f, 0x01, 0x01, 0x00,
    0x02, 0x00, 0x00, 0x00, 0x00, 0x40, 0x00, 0x00, 0x20, 0x25, 0x02, 0x00,
    0x10, 0x40, 0x00, 0x00, 0xf0, 0x2f, 0x02, 0x00, 0x2f, 0x01, 0x03, 0x00,
    0x02, 0x00, 0x00, 0x00, 0x00, 0x40, 0x00, 0x00, 0x50, 0x2c, 0x02, 0x00,
    0x0a, 0x01, 0x39, 0x00, 0x04, 0x01, 0x0b, 0x00, 0x05, 0x40, 0x00, 0x00,
    0xa0, 0x03, 0x00, 0x00, 0x06, 0x40, 0x00, 0x00, 0xa0, 0x03, 0x00, 0x00,
    0x09, 0x01, 0x80, 0xff, 0x01, 0x01, 0x03, 0x00, 0x02, 0x01, 0x03, 0x00,
    0x10, 0x40, 0x00, 0x00, 0x90, 0x33, 0x02, 0x00, 0x20, 0x01, 0x06, 0x00,
    0x22, 0x01, 0x00, 0x00, 0x20, 0x40, 0x00, 0x00, 0x00, 0x02, 0x00, 0x00,
    0x21, 0x40, 0x00, 0x00, 0x90, 0x00, 0x00, 0x00, 0x22, 0x40, 0x00, 0x00,
    0x80, 0x01, 0x00, 0x00, 0x2f, 0x01, 0x01, 0x00, 0x03, 0x00, 0x00, 0x00,
    0x00, 0x40, 0x00, 0x00, 0xf0, 0x2f, 0x02, 0x00, 0x10, 0x40, 0x00, 0x00,
    0x30, 0x37, 0x02, 0x00, 0x2f, 0x01, 0x03, 0x00, 0x03, 0x00, 0x00, 0x00,
    0x00, 0x40, 0x00, 0x00, 0x90, 0x33, 0x02, 0x00, 0x01, 0x01, 0x00, 0x00,
    0x02, 0x01, 0x00, 0x00, 0x10, 0x40, 0x00, 0x00, 0xd0, 0x3a, 0x02, 0x00,
    0x20, 0x01, 0x00, 0x00, 0x20, 0x40, 0x00, 0x00, 0x10, 0x03, 0x00, 0x00,
    0x21, 0x40, 0x00, 0x00, 0xe0, 0x00, 0x00, 0x00, 0x22, 0x40, 0x00, 0x00,
    0x90, 0x02, 0x00, 0x00, 0x2f, 0x01, 0x01, 0x00, 0x02, 0x00, 0x00, 0x00,
    0x00, 0x40, 0x00, 0x00, 0x30, 0x37, 0x02, 0x00, 0x10, 0x40, 0x00, 0x00,
    0x70, 0x3e, 0x02, 0x00, 0x2f, 0x01, 0x03, 0x00, 0x02, 0x00, 0x00, 0x00,
    0x00, 0x40, 0x00, 0x00, 0xd0, 0x3a, 0x02, 0x00, 0x01, 0x01, 0x04, 0x00,
    0x02, 0x01, 0x04, 0x00, 0x10, 0x40, 0x00, 0x00, 0x10, 0x42, 0x02, 0x00,
    0x20, 0x01, 0x08, 0x00, 0x20, 0x40, 0x00, 0x00, 0x70, 0x04, 0x00, 0x00,
    0x21, 0x40, 0x00, 0x00, 0xb0, 0x00, 0x00, 0x00, 0x22, 0x40, 0x00, 0x00,
    0xf0, 0x03, 0x00, 0x00, 0x2f, 0x01, 0x01, 0x00, 0x03, 0x00, 0x00, 0x00,
    0x00, 0x40, 0x00, 0x00, 0x70, 0x3e, 0x02, 0x00, 0x10, 0x40, 0x00, 0x00,
    0xb0, 0x45, 0x02, 0x00, 0x2f, 0x01, 0x03, 0x00, 0x03, 0x00, 0x00, 0x00,
    0x00, 0x40, 0x00, 0x00, 0x10, 0x42, 0x02, 0x00, 0x01, 0x01, 0x00, 0x00,
    0x02, 0x01, 0x00, 0x00, 0x10, 0x40, 0x00, 0x00, 0xb0, 0xa2, 0x01, 0x00,
    0x13, 0x01, 0x0f, 0x00, 0x20, 0x01, 0x00, 0x00, 0x20, 0x40, 0x00, 0x00,
    0xc0, 0x05, 0x00, 0x00, 0x21, 0x40, 0x00, 0x00, 0x10, 0x01, 0x00, 0x00,
    0x22, 0x40, 0x00, 0x00, 0x20, 0x05, 0x00, 0x00, 0x23, 0x40, 0x00, 0x00,
    0xa0, 0x00, 0x00, 0x00, 0x2f, 0x01, 0x01, 0x00, 0x02, 0x00, 0x00, 0x00,
    0x00, 0x40, 0x00, 0x00, 0xb0, 0x45, 0x02, 0x00, 0x10, 0x40, 0x00, 0x00,
    0x50, 0xa6, 0x01, 0x00, 0x2f, 0x01, 0x03, 0x00, 0x02, 0x00, 0x00, 0x00,
    0x00, 0x40, 0x00, 0x00, 0xb0, 0x85, 0x01, 0x00, 0x0b, 0x01, 0x04, 0x00,
    0x0c, 0x01, 0x04, 0x00, 0x04, 0x01, 0x0f, 0x00, 0x01, 0x01, 0x01, 0x00,
    0x02, 0x01, 0x01, 0x00, 0x10, 0x40, 0x00, 0x00, 0x50, 0x49, 0x02, 0x00,
    0x21, 0x01, 0x04, 0x00, 0x20, 0x01, 0x02, 0x00, 0x20, 0x40, 0x00, 0x00,
    0x70, 0x07, 0x00, 0x00, 0x22, 0x40, 0x00, 0x00, 0xd0, 0x06, 0x00, 0x00,
    0x0d, 0x01, 0x12, 0x00, 0x2f, 0x01, 0x01, 0x00, 0x03, 0x00, 0x00, 0x00,
    0x00, 0x40, 0x00, 0x00, 0x50, 0x89, 0x01, 0x00, 0x10, 0x40, 0x00, 0x00,
    0xf0, 0x4c, 0x02, 0x00, 0x2f, 0x01, 0x03, 0x00, 0x03, 0x00, 0x00, 0x00,
    0x00, 0x40, 0x00, 0x00, 0x50, 0x49, 0x02, 0x00, 0x0b, 0x01, 0x00, 0x00,
    0x0c, 0x01, 0x00, 0x00, 0x01, 0x01, 0x00, 0x00, 0x02, 0x01, 0x00, 0x00,
    0x10, 0x40, 0x00, 0x00, 0x90, 0x50, 0x02, 0x00, 0x21, 0x01, 0x00, 0x00,
    0x20, 0x01, 0x00, 0x00, 0x20, 0x40, 0x00, 0x00, 0x20, 0x09, 0x00, 0x00,
    0x21, 0x40, 0x00, 0x00, 0x50, 0x01, 0x00, 0x00, 0x22, 0x40, 0x00, 0x00,
    0x80, 0x08, 0x00, 0x00, 0x0d, 0x01, 0x0a, 0x00, 0x2f, 0x01, 0x01, 0x00,
    0x02, 0x00, 0x00, 0x00, 0x00, 0x40, 0x00, 0x00, 0xf0, 0x4c, 0x02, 0x00,
    0x10, 0x40, 0x00, 0x00, 0x30, 0x54, 0x02, 0x00, 0x2f, 0x01, 0x03, 0x00,
    0x02, 0x00, 0x00, 0x00, 0x00, 0x40, 0x00, 0x00, 0x90, 0x50, 0x02, 0x00,
    0x01, 0x01, 0x04, 0x00, 0x02, 0x01, 0x04, 0x00, 0x10, 0x40, 0x00, 0x00,
    0xd0, 0x57, 0x02, 0x00, 0x20, 0x01, 0x08, 0x00, 0x20, 0x40, 0x00, 0x00,
    0x10, 0x0b, 0x00, 0x00, 0x21, 0x40, 0x00, 0x00, 0xd0, 0x00, 0x00, 0x00,
    0x22, 0x40, 0x00, 0x00, 0x70, 0x0a, 0x00, 0x00, 0x2f, 0x01, 0x01, 0x00,
    0x03, 0x00, 0x00, 0x00, 0x00, 0x40, 0x00, 0x00, 0x30, 0x54, 0x02, 0x00,
    0x10, 0x40, 0x00, 0x00, 0x70, 0x5b, 0x02, 0x00, 0x2f, 0x01, 0x03, 0x00,
    0x03, 0x00, 0x00, 0x00, 0x00, 0x40, 0x00, 0x00, 0xd0, 0x57, 0x02, 0x00,
    0x01, 0x01, 0x00, 0x00, 0x02, 0x01, 0x00, 0x00, 0x10, 0x40, 0x00, 0x00,
    0x30, 0xb1, 0x01, 0x00, 0x20, 0x01, 0x00, 0x00, 0x20, 0x40, 0x00, 0x00,
    0x80, 0x0c, 0x00, 0x00, 0x21, 0x40, 0x00, 0x00, 0x50, 0x01, 0x00, 0x00,
    0x22, 0x40, 0x00, 0x00, 0xe0, 0x0b, 0x00, 0x00, 0x2f, 0x01, 0x01, 0x00,
    0x02, 0x00, 0x00, 0x00, 0x00, 0x40, 0x00, 0x00, 0x70, 0x5b, 0x02, 0x00,
    0x10, 0x40, 0x00, 0x00, 0xd0, 0xb4, 0x01, 0x00, 0x2f, 0x01, 0x03, 0x00,
    0x02, 0x00, 0x00, 0x00, 0x00, 0x40, 0x00, 0x00, 0x70, 0xb8, 0x01, 0x00,
    0x0b, 0x01, 0x04, 0x00, 0x0c, 0x01, 0x04, 0x00, 0x01, 0x01, 0x01, 0x00,
    0x02, 0x01, 0x01, 0x00, 0x10, 0x40, 0x00, 0x00, 0x10, 0x5f, 0x02, 0x00,
    0x21, 0x01, 0x04, 0x00, 0x20, 0x01, 0x02, 0x00, 0x20, 0x40, 0x00, 0x00,
    0x70, 0x0e, 0x00, 0x00, 0x21, 0x40, 0x00, 0x00, 0x10, 0x01, 0x00, 0x00,
    0x22, 0x40, 0x00, 0x00, 0xd0, 0x0d, 0x00, 0x00, 0x0d, 0x01, 0x12, 0x00,
    0x2f, 0x01, 0x01, 0x00, 0x03, 0x00, 0x00, 0x00, 0x00, 0x40, 0x00, 0x00,
    0x10, 0xbc, 0x01, 0x00, 0x10, 0x40, 0x00, 0x00, 0xb0, 0x62, 0x02, 0x00,
    0x2f, 0x01, 0x03, 0x00, 0x03, 0x00, 0x00, 0x00, 0x00, 0x40, 0x00, 0x00,
    0x10, 0x5f, 0x02, 0x00, 0x0b, 0x01, 0x00, 0x00, 0x0c, 0x01, 0x00, 0x00,
    0x01, 0x01, 0x00, 0x00, 0x02, 0x01, 0x00, 0x00, 0x10, 0x40, 0x00, 0x00,
    0x50, 0x66, 0x02, 0x00, 0x21, 0x01, 0x00, 0x00, 0x20, 0x01, 0x00, 0x00,
    0x20, 0x40, 0x00, 0x00, 0x20, 0x10, 0x00, 0x00, 0x21, 0x40, 0x00, 0x00,
    0x50, 0x01, 0x00, 0x00, 0x22, 0x40, 0x00, 0x00, 0x80, 0x0f, 0x00, 0x00,
    0x0d, 0x01, 0x0a, 0x00, 0x2f, 0x01, 0x01, 0x00, 0x02, 0x00, 0x00, 0x00,
    0x00, 0x40, 0x00, 0x00, 0xb0, 0x62, 0x02, 0x00, 0x10, 0x40, 0x00, 0x00,
    0xf0, 0x69, 0x02, 0x00, 0x2f, 0x01, 0x03, 0x00, 0x02, 0x00, 0x00, 0x00,
    0x00, 0x40, 0x00, 0x00, 0x50, 0x66, 0x02, 0x00, 0x01, 0x01, 0x04, 0x00,
    0x02, 0x01, 0x04, 0x00, 0x10, 0x40, 0x00, 0x00, 0x90, 0x6d, 0x02, 0x00,
    0x20, 0x01, 0x08, 0x00, 0x20, 0x40, 0x00, 0x00, 0x10, 0x12, 0x00, 0x00,
    0x21, 0x40, 0x00, 0x00, 0xb0, 0x00, 0x00, 0x00, 0x22, 0x40, 0x00, 0x00,
    0x70, 0x11, 0x00, 0x00, 0x2f, 0x01, 0x01, 0x00, 0x03, 0x00, 0x00, 0x00,
    0x00, 0x40, 0x00, 0x00, 0xf0, 0x69, 0x02, 0x00, 0x10, 0x40, 0x00, 0x00,
    0x30, 0x71, 0x02, 0x00, 0x2f, 0x01, 0x03, 0x00, 0x03, 0x00, 0x00, 0x00,
    0x00, 0x40, 0x00, 0x00, 0x90, 0x6d, 0x02, 0x00, 0x01, 0x01, 0x00, 0x00,
    0x02, 0x01, 0x00, 0x00, 0x10, 0x40, 0x00, 0x00, 0xf0, 0xe3, 0x01, 0x00,
    0x20, 0x01, 0x00, 0x00, 0x20, 0x40, 0x00, 0x00, 0x60, 0x13, 0x00, 0x00,
    0x21, 0x40, 0x00, 0x00, 0x50, 0x01, 0x00, 0x00, 0x22, 0x40, 0x00, 0x00,
    0xc0, 0x12, 0x00, 0x00, 0x2f, 0x01, 0x01, 0x00, 0x02, 0x00, 0x00, 0x00,
    0x00, 0x40, 0x00, 0x00, 0x30, 0x71, 0x02, 0x00, 0x10, 0x40, 0x00, 0x00,
    0x90, 0xe7, 0x01, 0x00, 0x2f, 0x01, 0x03, 0x00, 0x02, 0x00, 0x00, 0x00,
    0x00, 0x40, 0x00, 0x00, 0x30, 0xeb, 0x01, 0x00, 0x02, 0x40, 0x00, 0x00,
    0x30, 0xce, 0x01, 0x00, 0x0b, 0x01, 0x01, 0x00, 0x0c, 0x01, 0x01, 0x00,
    0x01, 0x01, 0x01, 0x00, 0x02, 0x01, 0x01, 0x00, 0x10, 0x40, 0x00, 0x00,
    0xd0, 0x74, 0x02, 0x00, 0x21, 0x01, 0x04, 0x00, 0x20, 0x01, 0x02, 0x00,
    0x20, 0x40, 0x00, 0x00, 0x50, 0x15, 0x00, 0x00, 0x21, 0x40, 0x00, 0x00,
    0x10, 0x01, 0x00, 0x00, 0x22, 0x40, 0x00, 0x00, 0xb0, 0x14, 0x00, 0x00,
    0x0d, 0x01, 0x12, 0x00, 0x2f, 0x01, 0x01, 0x00, 0x03, 0x00, 0x00, 0x00,
    0x00, 0x40, 0x00, 0x00, 0xd0, 0xee, 0x01, 0x00, 0x0b, 0x01, 0x00, 0x00,
    0x0c, 0x01, 0x00, 0x00, 0x10, 0x40, 0x00, 0x00, 0x70, 0x78, 0x02, 0x00,
    0x2f, 0x01, 0x03, 0x00, 0x03, 0x00, 0x00, 0x00, 0x00, 0x40, 0x00, 0x00,
    0xd0, 0x74, 0x02, 0x00, 0x02, 0x40, 0x00, 0x00, 0x00, 0x00, 0x00, 0x00,
    0x01, 0x01, 0x00, 0x00, 0x02, 0x01, 0x00, 0x00, 0x10, 0x40, 0x00, 0x00,
    0xb0, 0xf9, 0x01, 0x00, 0x21, 0x01, 0x00, 0x00, 0x20, 0x01, 0x00, 0x00,
    0x20, 0x40, 0x00, 0x00, 0x00, 0x17, 0x00, 0x00, 0x21, 0x40, 0x00, 0x00,
    0x50, 0x01, 0x00, 0x00, 0x22, 0x40, 0x00, 0x00, 0x60, 0x16, 0x00, 0x00,
    0x0d, 0x01, 0x0a, 0x00, 0x2f, 0x01, 0x01, 0x00, 0x02, 0x00, 0x00, 0x00,
    0x00, 0x40, 0x00, 0x00, 0x70, 0x78, 0x02, 0x00, 0x10, 0x40, 0x00, 0x00,
    0x50, 0xfd, 0x01, 0x00, 0x2f, 0x01, 0x03, 0x00, 0x02, 0x00, 0x00, 0x00,
    0x00, 0x40, 0x00, 0x00, 0xf0, 0x00, 0x02, 0x00, 0x02, 0x40, 0x00, 0x00,
    0x70, 0xf2, 0x01, 0x00, 0x0b, 0x01, 0x01, 0x00, 0x0c, 0x01, 0x01, 0x00,
    0x01, 0x01, 0x02, 0x00, 0x02, 0x01, 0x02, 0x00, 0x10, 0x40, 0x00, 0x00,
    0xb0, 0x7f, 0x02, 0x00, 0x21, 0x01, 0x02, 0x00, 0x20, 0x01, 0x04, 0x00,
    0x20, 0x40, 0x00, 0x00, 0xf0, 0x18, 0x00, 0x00, 0x21, 0x40, 0x00, 0x00,
    0x10, 0x01, 0x00, 0x00, 0x22, 0x40, 0x00, 0x00, 0x50, 0x18, 0x00, 0x00,
    0x2f, 0x01, 0x01, 0x00, 0x03, 0x00, 0x00, 0x00, 0x00, 0x40, 0x00, 0x00,
    0x10, 0x7c, 0x02, 0x00, 0x02, 0x40, 0x00, 0x00, 0x00, 0x00, 0x00, 0x00,
    0x0b, 0x01, 0x00, 0x00, 0x0c, 0x01, 0x00, 0x00, 0x01, 0x01, 0x00, 0x00,
    0x02, 0x01, 0x00, 0x00, 0x10, 0x40, 0x00, 0x00, 0xb0, 0x16, 0x02, 0x00,
    0x21, 0x01, 0x00, 0x00, 0x20, 0x01, 0x00, 0x00, 0x20, 0x40, 0x00, 0x00,
    0xa0, 0x1a, 0x00, 0x00, 0x21, 0x40, 0x00, 0x00, 0x50, 0x01, 0x00, 0x00,
    0x22, 0x40, 0x00, 0x00, 0x00, 0x1a, 0x00, 0x00, 0x02, 0x00, 0x00, 0x00,
    0x00, 0x40, 0x00, 0x00, 0xb0, 0x7f, 0x02, 0x00, 0x10, 0x40, 0x00, 0x00,
    0x50, 0x1a, 0x02, 0x00, 0x2f, 0x01, 0x03, 0x00, 0x02, 0x00, 0x00, 0x00,
    0x00, 0x40, 0x00, 0x00, 0x30, 0x08, 0x02, 0x00, 0x0b, 0x01, 0x02, 0x00,
    0x0c, 0x01, 0x02, 0x00, 0x01, 0x01, 0x02, 0x00, 0x02, 0x01, 0x02, 0x00,
    0x10, 0x40, 0x00, 0x00, 0xf2, 0x02, 0x00, 0x00, 0x13, 0x01, 0x00, 0x00,
    0x15, 0x40, 0x00, 0x00, 0x3a, 0x00, 0x00, 0x00, 0x14, 0x40, 0x00, 0x00,
    0x01, 0x00, 0x00, 0x00, 0x16, 0x40, 0x00, 0x00, 0x01, 0x00, 0x00, 0x00,
    0x18, 0x01, 0x59, 0x00, 0x14, 0x01, 0x01, 0x00, 0x21, 0x01, 0x02, 0x00,
    0x20, 0x01, 0x04, 0x00, 0x22, 0x01, 0x04, 0x00, 0x20, 0x40, 0x00, 0x00,
    0x00, 0x1c, 0x00, 0x00, 0x21, 0x40, 0x00, 0x00, 0x90, 0x01, 0x00, 0x00,
    0x22, 0x40, 0x00, 0x00, 0xf0, 0x1b, 0x00, 0x00, 0x23, 0x40, 0x00, 0x00,
    0x10, 0x00, 0x00, 0x00, 0x17, 0x01, 0x07, 0x00, 0x2f, 0x01, 0x01, 0x00,
    0x02, 0x00, 0x00, 0x00, 0x00, 0x40, 0x00, 0x00, 0xd0, 0x0b, 0x02, 0x00,
    0x10, 0x40, 0x00, 0x00, 0x2c, 0x03, 0x00, 0x00, 0x2f, 0x01, 0x03, 0x00,
    0x02, 0x00, 0x00, 0x00, 0x00, 0x40, 0x00, 0x00, 0x70, 0x0f, 0x02, 0x00,
    0x10, 0x40, 0x00, 0x00, 0x66, 0x03, 0x00, 0x00, 0x02, 0x00, 0x00, 0x00,
    0x00, 0x40, 0x00, 0x00, 0x10, 0x13, 0x02, 0x00, 0x10, 0x40, 0x00, 0x00,
    0xa0, 0x03, 0x00, 0x00, 0x02, 0x00, 0x00, 0x00, 0x00, 0x40, 0x00, 0x00,
    0x90, 0x04, 0x02, 0x00, 0x02, 0x40, 0x00, 0x00, 0x70, 0xf2, 0x01, 0x00,
    0x0b, 0x01, 0x00, 0x00, 0x0c, 0x01, 0x00, 0x00, 0x10, 0x40, 0x00, 0x00,
    0x10, 0x7c, 0x02, 0x00, 0x13, 0x01, 0x0f, 0x00, 0x15, 0x40, 0x00, 0x00,
    0xa0, 0x03, 0x00, 0x00, 0x14, 0x40, 0x00, 0x00, 0x10, 0x00, 0x00, 0x00,
    0x16, 0x40, 0x00, 0x00, 0xa0, 0x03, 0x00, 0x00, 0x18, 0x01, 0x80, 0xff,
    0x14, 0x01, 0x41, 0x00, 0x22, 0x01, 0x00, 0x00, 0x20, 0x40, 0x00, 0x00,
    0xf0, 0x18, 0x00, 0x00, 0x21, 0x40, 0x00, 0x00, 0x10, 0x01, 0x00, 0x00,
    0x22, 0x40, 0x00, 0x00, 0x50, 0x18, 0x00, 0x00, 0x23, 0x40, 0x00, 0x00,
    0xa0, 0x00, 0x00, 0x00, 0x17, 0x01, 0x0f, 0x00, 0x03, 0x00, 0x00, 0x00,
    0x00, 0x40, 0x00, 0x00, 0x70, 0xf2, 0x01, 0x00, 0x02, 0x40, 0x00, 0x00,
    0x00, 0x00, 0x00, 0x00, 0x0b, 0x01, 0x02, 0x00, 0x0c, 0x01, 0x02, 0x00,
    0x10, 0x40, 0x00, 0x00, 0xb0, 0x7f, 0x02, 0x00, 0x03, 0x00, 0x00, 0x00,
    0x00, 0x40, 0x00, 0x00, 0x10, 0x7c, 0x02, 0x00, 0x0b, 0x01, 0x00, 0x00,
    0x0c, 0x01, 0x00, 0x00, 0x01, 0x01, 0x00, 0x00, 0x02, 0x01, 0x00, 0x00,
    0x10, 0x40, 0x00, 0x00, 0x30, 0x08, 0x02, 0x00, 0x21, 0x01, 0x00, 0x00,
    0x20, 0x01, 0x00, 0x00, 0x20, 0x40, 0x00, 0x00, 0xa0, 0x1a, 0x00, 0x00,
    0x21, 0x40, 0x00, 0x00, 0x50, 0x01, 0x00, 0x00, 0x22, 0x40, 0x00, 0x00,
    0x00, 0x1a, 0x00, 0x00, 0x2f, 0x01, 0x01, 0x00, 0x02, 0x00, 0x00, 0x00,
    0x00, 0x40, 0x00, 0x00, 0xb0, 0x7f, 0x02, 0x00, 0x10, 0x40, 0x00, 0x00,
    0xd0, 0x0b, 0x02, 0x00, 0x2f, 0x01, 0x03, 0x00, 0x02, 0x00, 0x00, 0x00,
    0x00, 0x40, 0x00, 0x00, 0x10, 0xf6, 0x01, 0x00, 0x0b, 0x01, 0x02, 0x00,
    0x0c, 0x01, 0x02, 0x00, 0x01, 0x01, 0x02, 0x00, 0x02, 0x01, 0x02, 0x00,
    0x10, 0x40, 0x00, 0x00, 0x10, 0x7c, 0x02, 0x00, 0x21, 0x01, 0x02, 0x00,
    0x20, 0x01, 0x04, 0x00, 0x20, 0x40, 0x00, 0x00, 0xf0, 0x18, 0x00, 0x00,
    0x21, 0x40, 0x00, 0x00, 0x10, 0x01, 0x00, 0x00, 0x22, 0x40, 0x00, 0x00,
    0x50, 0x18, 0x00, 0x00, 0x03, 0x00, 0x00, 0x00, 0x00, 0x40, 0x00, 0x00,
    0x30, 0xce, 0x01, 0x00, 0x0b, 0x01, 0x04, 0x00, 0x0c, 0x01, 0x04, 0x00,
    0x01, 0x01, 0x01, 0x00, 0x02, 0x01, 0x01, 0x00, 0x10, 0x40, 0x00, 0x00,
    0xd0, 0x74, 0x02, 0x00, 0x21, 0x01, 0x04, 0x00, 0x20, 0x01, 0x02, 0x00,
    0x20, 0x40, 0x00, 0x00, 0x50, 0x15, 0x00, 0x00, 0x22, 0x40, 0x00, 0x00,
    0xb0, 0x14, 0x00, 0x00, 0x0d, 0x01, 0x12, 0x00, 0x03, 0x00, 0x00, 0x00,
    0x00, 0x40, 0x00, 0x00, 0xd0, 0xd1, 0x01, 0x00, 0x10, 0x40, 0x00, 0x00,
    0x70, 0x78, 0x02, 0x00, 0x03, 0x00, 0x00, 0x00, 0x00, 0x40, 0x00, 0x00,
    0xd0, 0x74, 0x02, 0x00, 0x0b, 0x01, 0x00, 0x00, 0x0c, 0x01, 0x00, 0x00,
    0x01, 0x01, 0x00, 0x00, 0x02, 0x01, 0x00, 0x00, 0x10, 0x40, 0x00, 0x00,
    0xf0, 0x00, 0x02, 0x00, 0x21, 0x01, 0x00, 0x00, 0x20, 0x01, 0x00, 0x00,
    0x20, 0x40, 0x00, 0x00, 0x00, 0x17, 0x00, 0x00, 0x21, 0x40, 0x00, 0x00,
    0x50, 0x01, 0x00, 0x00, 0x22, 0x40, 0x00, 0x00, 0x60, 0x16, 0x00, 0x00,
    0x0d, 0x01, 0x0a, 0x00, 0x2f, 0x01, 0x01, 0x00, 0x02, 0x00, 0x00, 0x00,
    0x00, 0x40, 0x00, 0x00, 0x70, 0x78, 0x02, 0x00, 0x10, 0x40, 0x00, 0x00,
    0x90, 0x04, 0x02, 0x00, 0x2f, 0x01, 0x03, 0x00, 0x02, 0x00, 0x00, 0x00,
    0x00, 0x40, 0x00, 0x00, 0x70, 0xd5, 0x01, 0x00, 0x0b, 0x01, 0x04, 0x00,
    0x0c, 0x01, 0x04, 0x00, 0x01, 0x01, 0x01, 0x00, 0x02, 0x01, 0x01, 0x00,
    0x10, 0x40, 0x00, 0x00, 0xd0, 0x74, 0x02, 0x00, 0x21, 0x01, 0x04, 0x00,
    0x20, 0x01, 0x02, 0x00, 0x20, 0x40, 0x00, 0x00, 0x50, 0x15, 0x00, 0x00,
    0x21, 0x40, 0x00, 0x00, 0x10, 0x01, 0x00, 0x00, 0x22, 0x40, 0x00, 0x00,
    0xb0, 0x14, 0x00, 0x00, 0x0d, 0x01, 0x12, 0x00, 0x03, 0x00, 0x00, 0x00,
    0x00, 0x40, 0x00, 0x00, 0x10, 0xd9, 0x01, 0x00, 0x10, 0x40, 0x00, 0x00,
    0x70, 0x78, 0x02, 0x00, 0x03, 0x00, 0x00, 0x00, 0x00, 0x40, 0x00, 0x00,
    0xd0, 0x74, 0x02, 0x00, 0x0b, 0x01, 0x00, 0x00, 0x0c, 0x01, 0x00, 0x00,
    0x01, 0x01, 0x00, 0x00, 0x02, 0x01, 0x00, 0x00, 0x10, 0x40, 0x00, 0x00,
    0x70, 0xf2, 0x01, 0x00, 0x21, 0x01, 0x00, 0x00, 0x20, 0x01, 0x00, 0x00,
    0x20, 0x40, 0x00, 0x00, 0x00, 0x17, 0x00, 0x00, 0x21, 0x40, 0x00, 0x00,
    0x50, 0x01, 0x00, 0x00, 0x22, 0x40, 0x00, 0x00, 0x60, 0x16, 0x00, 0x00,
    0x0d, 0x01, 0x0a, 0x00, 0x2f, 0x01, 0x01, 0x00, 0x02, 0x00, 0x00, 0x00,
    0x00, 0x40, 0x00, 0x00, 0x70, 0x78, 0x02, 0x00, 0x10, 0x40, 0x00, 0x00,
    0x10, 0xf6, 0x01, 0x00, 0x2f, 0x01, 0x03, 0x00, 0x02, 0x00, 0x00, 0x00,
    0x00, 0x40, 0x00, 0x00, 0xb0, 0xf9, 0x01, 0x00, 0x0b, 0x01, 0x02, 0x00,
    0x0c, 0x01, 0x02, 0x00, 0x01, 0x01, 0x02, 0x00, 0x02, 0x01, 0x02, 0x00,
    0x10, 0x40, 0x00, 0x00, 0xb0, 0x7f, 0x02, 0x00, 0x21, 0x01, 0x02, 0x00,
    0x20, 0x01, 0x04, 0x00, 0x20, 0x40, 0x00, 0x00, 0xf0, 0x18, 0x00, 0x00,
    0x21, 0x40, 0x00, 0x00, 0x10, 0x01, 0x00, 0x00, 0x22, 0x40, 0x00, 0x00,
    0x50, 0x18, 0x00, 0x00, 0x2f, 0x01, 0x01, 0x00, 0x03, 0x00, 0x00, 0x00,
    0x00, 0x40, 0x00, 0x00, 0x10, 0x7c, 0x02, 0x00, 0x0b, 0x01, 0x00, 0x00,
    0x0c, 0x01, 0x00, 0x00, 0x01, 0x01, 0x00, 0x00, 0x02, 0x01, 0x00, 0x00,
    0x10, 0x40, 0x00, 0x00, 0x70, 0x0f, 0x02, 0x00, 0x21, 0x01, 0x00, 0x00,
    0x20, 0x01, 0x00, 0x00, 0x20, 0x40, 0x00, 0x00, 0xa0, 0x1a, 0x00, 0x00,
    0x21, 0x40, 0x00, 0x00, 0x50, 0x01, 0x00, 0x00, 0x22, 0x40, 0x00, 0x00,
    0x00, 0x1a, 0x00, 0x00, 0x02, 0x00, 0x00, 0x00, 0x00, 0x40, 0x00, 0x00,
    0xb0, 0x7f, 0x02, 0x00, 0x10, 0x40, 0x00, 0x00, 0x10, 0x13, 0x02, 0x00,
    0x2f, 0x01, 0x03, 0x00, 0x02, 0x00, 0x00, 0x00, 0x00, 0x40, 0x00, 0x00,
    0xb0, 0x16, 0x02, 0x00, 0x02, 0x40, 0x00, 0x00, 0x30, 0x08, 0x02, 0x00,
    0x0b, 0x01, 0x01, 0x00, 0x0c, 0x01, 0x01, 0x00, 0x01, 0x01, 0x02, 0x00,
    0x02, 0x01, 0x02, 0x00, 0x10, 0x40, 0x00, 0x00, 0xda, 0x03, 0x00, 0x00,
    0x13, 0x01, 0x00, 0x00, 0x15, 0x40, 0x00, 0x00, 0x3a, 0x00, 0x00, 0x00,
    0x14, 0x40, 0x00, 0x00, 0x01, 0x00, 0x00, 0x00, 0x16, 0x40, 0x00, 0x00,
    0x01, 0x00, 0x00, 0x00, 0x18, 0x01, 0x59, 0x00, 0x14, 0x01, 0x01, 0x00,
    0x21, 0x01, 0x02, 0x00, 0x20, 0x01, 0x04, 0x00, 0x22, 0x01, 0x04, 0x00,
    0x20, 0x40, 0x00, 0x00, 0x00, 0x1c, 0x00, 0x00, 0x21, 0x40, 0x00, 0x00,
    0x90, 0x01, 0x00, 0x00, 0x22, 0x40, 0x00, 0x00, 0xf0, 0x1b, 0x00, 0x00,
    0x23, 0x40, 0x00, 0x00, 0x10, 0x00, 0x00, 0x00, 0x17, 0x01, 0x07, 0x00,
    0x2f, 0x01, 0x01, 0x00, 0x02, 0x00, 0x00, 0x00, 0x00, 0x40, 0x00, 0x00,
    0x50, 0x1a, 0x02, 0x00, 0x0b, 0x01, 0x00, 0x00, 0x0c, 0x01, 0x00, 0x00,
    0x10, 0x40, 0x00, 0x00, 0x14, 0x04, 0x00, 0x00, 0x2f, 0x01, 0x03, 0x00,
    0x02, 0x00, 0x00, 0x00, 0x00, 0x40, 0x00, 0x00, 0x30, 0x08, 0x02, 0x00,
    0x02, 0x40, 0x00, 0x00, 0x00, 0x00, 0x00, 0x00, 0x0b, 0x01, 0x02, 0x00,
    0x0c, 0x01, 0x02, 0x00, 0x10, 0x40, 0x00, 0x00, 0x4e, 0x04, 0x00, 0x00,
    0x02, 0x00, 0x00, 0x00, 0x00, 0x40, 0x00, 0x00, 0xd0, 0x0b, 0x02, 0x00,
    0x10, 0x40, 0x00, 0x00, 0x88, 0x04, 0x00, 0x00, 0x02, 0x00, 0x00, 0x00,
    0x00, 0x40, 0x00, 0x00, 0x50, 0xfd, 0x01, 0x00, 0x10, 0x40, 0x00, 0x00,
    0x10, 0x7c, 0x02, 0x00, 0x13, 0x01, 0x0f, 0x00, 0x15, 0x40, 0x00, 0x00,
    0xa0, 0x03, 0x00, 0x00, 0x14, 0x40, 0x00, 0x00, 0x10, 0x00, 0x00, 0x00,
    0x16, 0x40, 0x00, 0x00, 0xa0, 0x03, 0x00, 0x00, 0x18, 0x01, 0x80, 0xff,
    0x14, 0x01, 0x41, 0x00, 0x22, 0x01, 0x00, 0x00, 0x20, 0x40, 0x00, 0x00,
    0xf0, 0x18, 0x00, 0x00, 0x21, 0x40, 0x00, 0x00, 0x10, 0x01, 0x00, 0x00,
    0x22, 0x40, 0x00, 0x00, 0x50, 0x18, 0x00, 0x00, 0x23, 0x40, 0x00, 0x00,
    0xa0, 0x00, 0x00, 0x00, 0x17, 0x01, 0x0f, 0x00, 0x03, 0x00, 0x00, 0x00,
    0x00, 0x40, 0x00, 0x00, 0xf0, 0x00, 0x02, 0x00, 0x02, 0x40, 0x00, 0x00,
    0x70, 0xf2, 0x01, 0x00, 0x0b, 0x01, 0x01, 0x00, 0x0c, 0x01, 0x01, 0x00,
    0x10, 0x40, 0x00, 0x00, 0xb0, 0x7f, 0x02, 0x00, 0x03, 0x00, 0x00, 0x00,
    0x00, 0x40, 0x00, 0x00, 0x10, 0x7c, 0x02, 0x00, 0x02, 0x40, 0x00, 0x00,
    0x00, 0x00, 0x00, 0x00, 0x0b, 0x01, 0x00, 0x00, 0x0c, 0x01, 0x00, 0x00,
    0x01, 0x01, 0x00, 0x00, 0x02, 0x01, 0x00, 0x00, 0x10, 0x40, 0x00, 0x00,
    0xb0, 0x16, 0x02, 0x00, 0x21, 0x01, 0x00, 0x00, 0x20, 0x01, 0x00, 0x00,
    0x20, 0x40, 0x00, 0x00, 0xa0, 0x1a, 0x00, 0x00, 0x21, 0x40, 0x00, 0x00,
    0x50, 0x01, 0x00, 0x00, 0x22, 0x40, 0x00, 0x00, 0x00, 0x1a, 0x00, 0x00,
    0x2f, 0x01, 0x01, 0x00, 0x02, 0x00, 0x00, 0x00, 0x00, 0x40, 0x00, 0x00,
    0xb0, 0x7f, 0x02, 0x00, 0x10, 0x40, 0x00, 0x00, 0x50, 0x1a, 0x02, 0x00,
    0x2f, 0x01, 0x03, 0x00, 0x02, 0x00, 0x00, 0x00, 0x00, 0x40, 0x00, 0x00,
    0x90, 0x04, 0x02, 0x00, 0x02, 0x40, 0x00, 0x00, 0x70, 0xf2, 0x01, 0x00,
    0x01, 0x01, 0x02, 0x00, 0x02, 0x01, 0x02, 0x00, 0x10, 0x40, 0x00, 0x00,
    0x10, 0x7c, 0x02, 0x00, 0x21, 0x01, 0x02, 0x00, 0x20, 0x01, 0x04, 0x00,
    0x20, 0x40, 0x00, 0x00, 0xf0, 0x18, 0x00, 0x00, 0x21, 0x40, 0x00, 0x00,
    0x10, 0x01, 0x00, 0x00, 0x22, 0x40, 0x00, 0x00, 0x50, 0x18, 0x00, 0x00,
    0x03, 0x00, 0x00, 0x00, 0x00, 0x40, 0x00, 0x00, 0xb0, 0xbf, 0x01, 0x00,
    0x02, 0x40, 0x00, 0x00, 0xf0, 0xa9, 0x01, 0x00, 0x0b, 0x01, 0x03, 0x00,
    0x0c, 0x01, 0x03, 0x00, 0x01, 0x01, 0x01, 0x00, 0x02, 0x01, 0x01, 0x00,
    0x10, 0x40, 0x00, 0x00, 0x10, 0x5f, 0x02, 0x00, 0x21, 0x01, 0x04, 0x00,
    0x20, 0x01, 0x02, 0x00, 0x20, 0x40, 0x00, 0x00, 0x70, 0x0e, 0x00, 0x00,
    0x22, 0x40, 0x00, 0x00, 0xd0, 0x0d, 0x00, 0x00, 0x0d, 0x01, 0x12, 0x00,
    0x03, 0x00, 0x00, 0x00, 0x00, 0x40, 0x00, 0x00, 0x50, 0xc3, 0x01, 0x00,
    0x0b, 0x01, 0x02, 0x00, 0x0c, 0x01, 0x02, 0x00, 0x10, 0x40, 0x00, 0x00,
    0xb0, 0x62, 0x02, 0x00, 0x03, 0x00, 0x00, 0x00, 0x00, 0x40, 0x00, 0x00,
    0x10, 0x5f, 0x02, 0x00, 0x02, 0x40, 0x00, 0x00, 0x00, 0x00, 0x00, 0x00,
    0x0b, 0x01, 0x00, 0x00, 0x0c, 0x01, 0x00, 0x00, 0x01, 0x01, 0x00, 0x00,
    0x02, 0x01, 0x00, 0x00, 0x10, 0x40, 0x00, 0x00, 0x50, 0x66, 0x02, 0x00,
    0x21, 0x01, 0x00, 0x00, 0x20, 0x01, 0x00, 0x00, 0x20, 0x40, 0x00, 0x00,
    0x20, 0x10, 0x00, 0x00, 0x21, 0x40, 0x00, 0x00, 0x50, 0x01, 0x00, 0x00,
    0x22, 0x40, 0x00, 0x00, 0x80, 0x0f, 0x00, 0x00, 0x0d, 0x01, 0x0a, 0x00,
    0x2f, 0x01, 0x01, 0x00, 0x02, 0x00, 0x00, 0x00, 0x00, 0x40, 0x00, 0x00,
    0xb0, 0x62, 0x02, 0x00, 0x10, 0x40, 0x00, 0x00, 0xf0, 0x69, 0x02, 0x00,
    0x2f, 0x01, 0x03, 0x00, 0x02, 0x00, 0x00, 0x00, 0x00, 0x40, 0x00, 0x00,
    0x50, 0x66, 0x02, 0x00, 0x01, 0x01, 0x04, 0x00, 0x02, 0x01, 0x04, 0x00,
    0x10, 0x40, 0x00, 0x00, 0x90, 0x6d, 0x02, 0x00, 0x20, 0x01, 0x08, 0x00,
    0x20, 0x40, 0x00, 0x00, 0x10, 0x12, 0x00, 0x00, 0x21, 0x40, 0x00, 0x00,
    0xb0, 0x00, 0x00, 0x00, 0x22, 0x40, 0x00, 0x00, 0x70, 0x11, 0x00, 0x00,
    0x2f, 0x01, 0x01, 0x00, 0x03, 0x00, 0x00, 0x00, 0x00, 0x40, 0x00, 0x00,
    0xf0, 0x69, 0x02, 0x00, 0x10, 0x40, 0x00, 0x00, 0x30, 0x71, 0x02, 0x00,
    0x2f, 0x01, 0x03, 0x00, 0x03, 0x00, 0x00, 0x00, 0x00, 0x40, 0x00, 0x00,
    0x90, 0x6d, 0x02, 0x00, 0x01, 0x01, 0x00, 0x00, 0x02, 0x01, 0x00, 0x00,
    0x10, 0x40, 0x00, 0x00, 0x30, 0xeb, 0x01, 0x00, 0x20, 0x01, 0x00, 0x00,
    0x20, 0x40, 0x00, 0x00, 0x60, 0x13, 0x00, 0x00, 0x21, 0x40, 0x00, 0x00,
    0x50, 0x01, 0x00, 0x00, 0x22, 0x40, 0x00, 0x00, 0xc0, 0x12, 0x00, 0x00,
    0x2f, 0x01, 0x01, 0x00, 0x02, 0x00, 0x00, 0x00, 0x00, 0x40, 0x00, 0x00,
    0x30, 0x71, 0x02, 0x00, 0x10, 0x40, 0x00, 0x00, 0xd0, 0xee, 0x01, 0x00,
    0x2f, 0x01, 0x03, 0x00, 0x02, 0x00, 0x00, 0x00, 0x00, 0x40, 0x00, 0x00,
    0xf0, 0xc6, 0x01, 0x00, 0x02, 0x40, 0x00, 0x00, 0xf0, 0xa9, 0x01, 0x00,
    0x0b, 0x01, 0x01, 0x00, 0x0c, 0x01, 0x01, 0x00, 0x01, 0x01, 0x01, 0x00,
    0x02, 0x01, 0x01, 0x00, 0x10, 0x40, 0x00, 0x00, 0x10, 0x5f, 0x02, 0x00,
    0x21, 0x01, 0x04, 0x00, 0x20, 0x01, 0x02, 0x00, 0x20, 0x40, 0x00, 0x00,
    0x70, 0x0e, 0x00, 0x00, 0x21, 0x40, 0x00, 0x00, 0x10, 0x01, 0x00, 0x00,
    0x22, 0x40, 0x00, 0x00, 0xd0, 0x0d, 0x00, 0x00, 0x0d, 0x01, 0x12, 0x00,
    0x03, 0x00, 0x00, 0x00, 0x00, 0x40, 0x00, 0x00, 0x90, 0xca, 0x01, 0x00,
    0x0b, 0x01, 0x00, 0x00, 0x0c, 0x01, 0x00, 0x00, 0x10, 0x40, 0x00, 0x00,
    0xb0, 0x62, 0x02, 0x00, 0x03, 0x00, 0x00, 0x00, 0x00, 0x40, 0x00, 0x00,
    0x10, 0x5f, 0x02, 0x00, 0x02, 0x40, 0x00, 0x00, 0x00, 0x00, 0x00, 0x00,
    0x01, 0x01, 0x00, 0x00, 0x02, 0x01, 0x00, 0x00, 0x10, 0x40, 0x00, 0x00,
    0x50, 0x66, 0x02, 0x00, 0x21, 0x01, 0x00, 0x00, 0x20, 0x01, 0x00, 0x00,
    0x20, 0x40, 0x00, 0x00, 0x20, 0x10, 0x00, 0x00, 0x21, 0x40, 0x00, 0x00,
    0x50, 0x01, 0x00, 0x00, 0x22, 0x40, 0x00, 0x00, 0x80, 0x0f, 0x00, 0x00,
    0x0d, 0x01, 0x0a, 0x00, 0x2f, 0x01, 0x01, 0x00, 0x02, 0x00, 0x00, 0x00,
    0x00, 0x40, 0x00, 0x00, 0xb0, 0x62, 0x02, 0x00, 0x10, 0x40, 0x00, 0x00,
    0xf0, 0x69, 0x02, 0x00, 0x2f, 0x01, 0x03, 0x00, 0x02, 0x00, 0x00, 0x00,
    0x00, 0x40, 0x00, 0x00, 0x50, 0x66, 0x02, 0x00, 0x01, 0x01, 0x04, 0x00,
    0x02, 0x01, 0x04, 0x00, 0x10, 0x40, 0x00, 0x00, 0x90, 0x6d, 0x02, 0x00,
    0x20, 0x01, 0x08, 0x00, 0x20, 0x40, 0x00, 0x00, 0x10, 0x12, 0x00, 0x00,
    0x21, 0x40, 0x00, 0x00, 0xb0, 0x00, 0x00, 0x00, 0x22, 0x40, 0x00, 0x00,
    0x70, 0x11, 0x00, 0x00, 0x2f, 0x01, 0x01, 0x00, 0x03, 0x00, 0x00, 0x00,
    0x00, 0x40, 0x00, 0x00, 0xf0, 0x69, 0x02, 0x00, 0x10, 0x40, 0x00, 0x00,
    0x30, 0x71, 0x02, 0x00, 0x2f, 0x01, 0x03, 0x00, 0x03, 0x00, 0x00, 0x00,
    0x00, 0x40, 0x00, 0x00, 0x90, 0x6d, 0x02, 0x00, 0x01, 0x01, 0x00, 0x00,
    0x02, 0x01, 0x00, 0x00, 0x10, 0x40, 0x00, 0x00, 0x30, 0xce, 0x01, 0x00,
    0x20, 0x01, 0x00, 0x00, 0x20, 0x40, 0x00, 0x00, 0x60, 0x13, 0x00, 0x00,
    0x21, 0x40, 0x00, 0x00, 0x50, 0x01, 0x00, 0x00, 0x22, 0x40, 0x00, 0x00,
    0xc0, 0x12, 0x00, 0x00, 0x2f, 0x01, 0x01, 0x00, 0x02, 0x00, 0x00, 0x00,
    0x00, 0x40, 0x00, 0x00, 0x30, 0x71, 0x02, 0x00, 0x10, 0x40, 0x00, 0x00,
    0xd0, 0xd1, 0x01, 0x00, 0x2f, 0x01, 0x03, 0x00, 0x02, 0x00, 0x00, 0x00,
    0x00, 0x40, 0x00, 0x00, 0xf0, 0x8c, 0x01, 0x00, 0x0b, 0x01, 0x04, 0x00,
    0x0c, 0x01, 0x04, 0x00, 0x01, 0x01, 0x01, 0x00, 0x02, 0x01, 0x01, 0x00,
    0x10, 0x40, 0x00, 0x00, 0x50, 0x49, 0x02, 0x00, 0x21, 0x01, 0x04, 0x00,
    0x20, 0x01, 0x02, 0x00, 0x20, 0x40, 0x00, 0x00, 0x70, 0x07, 0x00, 0x00,
    0x21, 0x40, 0x00, 0x00, 0x10, 0x01, 0x00, 0x00, 0x22, 0x40, 0x00, 0x00,
    0xd0, 0x06, 0x00, 0x00, 0x0d, 0x01, 0x12, 0x00, 0x03, 0x00, 0x00, 0x00,
    0x00, 0x40, 0x00, 0x00, 0x90, 0x90, 0x01, 0x00, 0x10, 0x40, 0x00, 0x00,
    0xf0, 0x4c, 0x02, 0x00, 0x03, 0x00, 0x00, 0x00, 0x00, 0x40, 0x00, 0x00,
    0x50, 0x49, 0x02, 0x00, 0x0b, 0x01, 0x00, 0x00, 0x0c, 0x01, 0x00, 0x00,
    0x01, 0x01, 0x00, 0x00, 0x02, 0x01, 0x00, 0x00, 0x10, 0x40, 0x00, 0x00,
    0x90, 0x50, 0x02, 0x00, 0x21, 0x01, 0x00, 0x00, 0x20, 0x01, 0x00, 0x00,
    0x20, 0x40, 0x00, 0x00, 0x20, 0x09, 0x00, 0x00, 0x21, 0x40, 0x00, 0x00,
    0x50, 0x01, 0x00, 0x00, 0x22, 0x40, 0x00, 0x00, 0x80, 0x08, 0x00, 0x00,
    0x0d, 0x01, 0x0a, 0x00, 0x2f, 0x01, 0x01, 0x00, 0x02, 0x00, 0x00, 0x00,
    0x00, 0x40, 0x00, 0x00, 0xf0, 0x4c, 0x02, 0x00, 0x10, 0x40, 0x00, 0x00,
    0x30, 0x54, 0x02, 0x00, 0x2f, 0x01, 0x03, 0x00, 0x02, 0x00, 0x00, 0x00,
    0x00, 0x40, 0x00, 0x00, 0x90, 0x50, 0x02, 0x00, 0x01, 0x01, 0x04, 0x00,
    0x02, 0x01, 0x04, 0x00, 0x10, 0x40, 0x00, 0x00, 0xd0, 0x57, 0x02, 0x00,
    0x20, 0x01, 0x08, 0x00, 0x20, 0x40, 0x00, 0x00, 0x10, 0x0b, 0x00, 0x00,
    0x21, 0x40, 0x00, 0x00, 0xd0, 0x00, 0x00, 0x00, 0x22, 0x40, 0x00, 0x00,
    0x70, 0x0a, 0x00, 0x00, 0x2f, 0x01, 0x01, 0x00, 0x03, 0x00, 0x00, 0x00,
    0x00, 0x40, 0x00, 0x00, 0x30, 0x54, 0x02, 0x00, 0x10, 0x40, 0x00, 0x00,
    0x70, 0x5b, 0x02, 0x00, 0x2f, 0x01, 0x03, 0x00, 0x03, 0x00, 0x00, 0x00,
    0x00, 0x40, 0x00, 0x00, 0xd0, 0x57, 0x02, 0x00, 0x01, 0x01, 0x00, 0x00,
    0x02, 0x01, 0x00, 0x00, 0x10, 0x40, 0x00, 0x00, 0x70, 0xb8, 0x01, 0x00,
    0x20, 0x01, 0x00, 0x00, 0x20, 0x40, 0x00, 0x00, 0x80, 0x0c, 0x00, 0x00,
    0x21, 0x40, 0x00, 0x00, 0x50, 0x01, 0x00, 0x00, 0x22, 0x40, 0x00, 0x00,
    0xe0, 0x0b, 0x00, 0x00, 0x2f, 0x01, 0x01, 0x00, 0x02, 0x00, 0x00, 0x00,
    0x00, 0x40, 0x00, 0x00, 0x70, 0x5b, 0x02, 0x00, 0x10, 0x40, 0x00, 0x00,
    0x10, 0xbc, 0x01, 0x00, 0x2f, 0x01, 0x03, 0x00, 0x02, 0x00, 0x00, 0x00,
    0x00, 0x40, 0x00, 0x00, 0x30, 0x94, 0x01, 0x00, 0x0b, 0x01, 0x04, 0x00,
    0x0c, 0x01, 0x04, 0x00, 0x01, 0x01, 0x01, 0x00, 0x02, 0x01, 0x01, 0x00,
    0x10, 0x40, 0x00, 0x00, 0x50, 0x49, 0x02, 0x00, 0x21, 0x01, 0x04, 0x00,
    0x20, 0x01, 0x02, 0x00, 0x20, 0x40, 0x00, 0x00, 0x70, 0x07, 0x00, 0x00,
    0x21, 0x40, 0x00, 0x00, 0x10, 0x01, 0x00, 0x00, 0x22, 0x40, 0x00, 0x00,
    0xd0, 0x06, 0x00, 0x00, 0x0d, 0x01, 0x12, 0x00, 0x03, 0x00, 0x00, 0x00,
    0x00, 0x40, 0x00, 0x00, 0xd0, 0x97, 0x01, 0x00, 0x10, 0x40, 0x00, 0x00,
    0xf0, 0x4c, 0x02, 0x00, 0x03, 0x00, 0x00, 0x00, 0x00, 0x40, 0x00, 0x00,
    0x50, 0x49, 0x02, 0x00, 0x0b, 0x01, 0x00, 0x00, 0x0c, 0x01, 0x00, 0x00,
    0x01, 0x01, 0x00, 0x00, 0x02, 0x01, 0x00, 0x00, 0x10, 0x40, 0x00, 0x00,
    0x90, 0x50, 0x02, 0x00, 0x21, 0x01, 0x00, 0x00, 0x20, 0x01, 0x00, 0x00,
    0x20, 0x40, 0x00, 0x00, 0x20, 0x09, 0x00, 0x00, 0x21, 0x40, 0x00, 0x00,
    0x50, 0x01, 0x00, 0x00, 0x22, 0x40, 0x00, 0x00, 0x80, 0x08, 0x00, 0x00,
    0x0d, 0x01, 0x0a, 0x00, 0x2f, 0x01, 0x01, 0x00, 0x02, 0x00, 0x00, 0x00,
    0x00, 0x40, 0x00, 0x00, 0xf0, 0x4c, 0x02, 0x00, 0x10, 0x40, 0x00, 0x00,
    0x30, 0x54, 0x02, 0x00, 0x2f, 0x01, 0x03, 0x00, 0x02, 0x00, 0x00, 0x00,
    0x00, 0x40, 0x00, 0x00, 0x90, 0x50, 0x02, 0x00, 0x01, 0x01, 0x04, 0x00,
    0x02, 0x01, 0x04, 0x00, 0x10, 0x40, 0x00, 0x00, 0xd0, 0x57, 0x02, 0x00,
    0x20, 0x01, 0x08, 0x00, 0x20, 0x40, 0x00, 0x00, 0x10, 0x0b, 0x00, 0x00,
    0x21, 0x40, 0x00, 0x00, 0xd0, 0x00, 0x00, 0x00, 0x22, 0x40, 0x00, 0x00,
    0x70, 0x0a, 0x00, 0x00, 0x2f, 0x01, 0x01, 0x00, 0x03, 0x00, 0x00, 0x00,
    0x00, 0x40, 0x00, 0x00, 0x30, 0x54, 0x02, 0x00, 0x10, 0x40, 0x00, 0x00,
    0x70, 0x5b, 0x02, 0x00, 0x2f, 0x01, 0x03, 0x00, 0x03, 0x00, 0x00, 0x00,
    0x00, 0x40, 0x00, 0x00, 0xd0, 0x57, 0x02, 0x00, 0x01, 0x01, 0x00, 0x00,
    0x02, 0x01, 0x00, 0x00, 0x10, 0x40, 0x00, 0x00, 0xb0, 0xbf, 0x01, 0x00,
    0x20, 0x01, 0x00, 0x00, 0x20, 0x40, 0x00, 0x00, 0x80, 0x0c, 0x00, 0x00,
    0x21, 0x40, 0x00, 0x00, 0x50, 0x01, 0x00, 0x00, 0x22, 0x40, 0x00, 0x00,
    0xe0, 0x0b, 0x00, 0x00, 0x2f, 0x01, 0x01, 0x00, 0x02, 0x00, 0x00, 0x00,
    0x00, 0x40, 0x00, 0x00, 0x70, 0x5b, 0x02, 0x00, 0x10, 0x40, 0x00, 0x00,
    0x50, 0xc3, 0x01, 0x00, 0x2f, 0x01, 0x03, 0x00, 0x02, 0x00, 0x00, 0x00,
    0x00, 0x40, 0x00, 0x00, 0xe0, 0xa6, 0x00, 0x00, 0x0b, 0x01, 0x01, 0x00,
    0x0c, 0x01, 0x01, 0x00, 0x0a, 0x01, 0x72, 0x00, 0x04, 0x01, 0x03, 0x00,
    0x05, 0x40, 0x00, 0x00, 0xcc, 0x01, 0x00, 0x00, 0x04, 0x40, 0x00, 0x00,
    0x04, 0x00, 0x00, 0x00, 0x06, 0x40, 0x00, 0x00, 0x01, 0x00, 0x00, 0x00,
    0x09, 0x01, 0x00, 0x00, 0x05, 0x01, 0x01, 0x00, 0x10, 0x40, 0x00, 0x00,
    0xf0, 0x1d, 0x02, 0x00, 0x11, 0x01, 0x72, 0x00, 0x1a, 0x01, 0x72, 0x00,
    0x13, 0x01, 0x03, 0x00, 0x15, 0x40, 0x00, 0x00, 0x30, 0x07, 0x00, 0x00,
    0x16, 0x40, 0x00, 0x00, 0x30, 0x07, 0x00, 0x00, 0x18, 0x01, 0x00, 0x00,
    0x14, 0x01, 0x41, 0x81, 0x21, 0x01, 0x01, 0x00, 0x22, 0x01, 0x02, 0x00,
    0x15, 0x01, 0x15, 0x00, 0x17, 0x01, 0x07, 0x00, 0x05, 0x00, 0x01, 0x00,
    0x00, 0x40, 0x00, 0x00, 0x78, 0xaa, 0x00, 0x00, 0x10, 0x40, 0x00, 0x00,
    0x20, 0x25, 0x02, 0x00, 0x05, 0x00, 0x01, 0x00, 0x00, 0x40, 0x00, 0x00,
    0xf0, 0x1d, 0x02, 0x00, 0x0b, 0x01, 0x00, 0x00, 0x0c, 0x01, 0x00, 0x00,
    0x05, 0x40, 0x00, 0x00, 0x30, 0x07, 0x00, 0x00, 0x04, 0x40, 0x00, 0x00,
    0x10, 0x00, 0x00, 0x00, 0x06, 0x40, 0x00, 0x00, 0x30, 0x07, 0x00, 0x00,
    0x09, 0x01, 0xff, 0xff, 0x05, 0x01, 0x41, 0x00, 0x01, 0x01, 0x01, 0x00,
    0x02, 0x01, 0x01, 0x00, 0x10, 0x40, 0x00, 0x00, 0x50, 0x2c, 0x02, 0x00,
    0x11, 0x01, 0x39, 0x00, 0x1a, 0x01, 0x39, 0x00, 0x13, 0x01, 0x0b, 0x00,
    0x15, 0x40, 0x00, 0x00, 0xa0, 0x03, 0x00, 0x00, 0x16, 0x40, 0x00, 0x00,
    0xa0, 0x03, 0x00, 0x00, 0x18, 0x01, 0x80, 0xff, 0x14, 0x01, 0x41, 0x00,
    0x21, 0x01, 0x00, 0x00, 0x20, 0x01, 0x02, 0x00, 0x22, 0x01, 0x05, 0x00,
    0x20, 0x40, 0x00, 0x00, 0x80, 0x00, 0x00, 0x00, 0x21, 0x40, 0x00, 0x00,
    0x00, 0x01, 0x00, 0x00, 0x22, 0x40, 0x00, 0x00, 0x00, 0x00, 0x00, 0x00,
    0x23, 0x40, 0x00, 0x00, 0x80, 0x00, 0x00, 0x00, 0x15, 0x01, 0x39, 0x00,
    0x17, 0x01, 0x0f, 0x00, 0x2f, 0x01, 0x01, 0x00, 0x02, 0x00, 0x00, 0x00,
    0x00, 0x40, 0x00, 0x00, 0x20, 0x25, 0x02, 0x00, 0x10, 0x40, 0x00, 0x00,
    0xf0, 0x2f, 0x02, 0x00, 0x2f, 0x01, 0x03, 0x00, 0x02, 0x00, 0x00, 0x00,
    0x00, 0x40, 0x00, 0x00, 0x50, 0x2c, 0x02, 0x00, 0x0a, 0x01, 0x39, 0x00,
    0x04, 0x01, 0x0b, 0x00, 0x05, 0x40, 0x00, 0x00, 0xa0, 0x03, 0x00, 0x00,
    0x06, 0x40, 0x00, 0x00, 0xa0, 0x03, 0x00, 0x00, 0x09, 0x01, 0x80, 0xff,
    0x01, 0x01, 0x03, 0x00, 0x02, 0x01, 0x03, 0x00, 0x10, 0x40, 0x00, 0x00,
    0x90, 0x33, 0x02, 0x00, 0x20, 0x01, 0x06, 0x00, 0x22, 0x01, 0x00, 0x00,
    0x20, 0x40, 0x00, 0x00, 0x00, 0x02, 0x00, 0x00, 0x21, 0x40, 0x00, 0x00,
    0x90, 0x00, 0x00, 0x00, 0x22, 0x40, 0x00, 0x00, 0x80, 0x01, 0x00, 0x00,
    0x2f, 0x01, 0x01, 0x00, 0x03, 0x00, 0x00, 0x00, 0x00, 0x40, 0x00, 0x00,
    0xf0, 0x2f, 0x02, 0x00, 0x10, 0x40, 0x00, 0x00, 0x30, 0x37, 0x02, 0x00,
    0x2f, 0x01, 0x03, 0x00, 0x03, 0x00, 0x00, 0x00, 0x00, 0x40, 0x00, 0x00,
    0x90, 0x33, 0x02, 0x00, 0x01, 0x01, 0x00, 0x00, 0x02, 0x01, 0x00, 0x00,
    0x10, 0x40, 0x00, 0x00, 0xd0, 0x3a, 0x02, 0x00, 0x20, 0x01, 0x00, 0x00,
    0x20, 0x40, 0x00, 0x00, 0x10, 0x03, 0x00, 0x00, 0x21, 0x40, 0x00, 0x00,
    0xe0, 0x00, 0x00, 0x00, 0x22, 0x40, 0x00, 0x00, 0x90, 0x02, 0x00, 0x00,
    0x2f, 0x01, 0x01, 0x00, 0x02, 0x00, 0x00, 0x00, 0x00, 0x40, 0x00, 0x00,
    0x30, 0x37, 0x02, 0x00, 0x10, 0x40, 0x00, 0x00, 0x70, 0x3e, 0x02, 0x00,
    0x2f, 0x01, 0x03, 0x00, 0x02, 0x00, 0x00, 0x00, 0x00, 0x40, 0x00, 0x00,
    0xd0, 0x3a, 0x02, 0x00, 0x01, 0x01, 0x04, 0x00, 0x02, 0x01, 0x04, 0x00,
    0x10, 0x40, 0x00, 0x00, 0x10, 0x42, 0x02, 0x00, 0x20, 0x01, 0x08, 0x00,
    0x20, 0x40, 0x00, 0x00, 0x70, 0x04, 0x00, 0x00, 0x21, 0x40, 0x00, 0x00,
    0xb0, 0x00, 0x00, 0x00, 0x22, 0x40, 0x00, 0x00, 0xf0, 0x03, 0x00, 0x00,
    0x2f, 0x01, 0x01, 0x00, 0x03, 0x00, 0x00, 0x00, 0x00, 0x40, 0x00, 0x00,
    0x70, 0x3e, 0x02, 0x00, 0x10, 0x40, 0x00, 0x00, 0xb0, 0x45, 0x02, 0x00,
    0x2f, 0x01, 0x03, 0x00, 0x03, 0x00, 0x00, 0x00, 0x00, 0x40, 0x00, 0x00,
    0x10, 0x42, 0x02, 0x00, 0x01, 0x01, 0x00, 0x00, 0x02, 0x01, 0x00, 0x00,
    0x10, 0x40, 0x00, 0x00, 0xb0, 0x85, 0x01, 0x00, 0x13, 0x01, 0x0f, 0x00,
    0x20, 0x01, 0x00, 0x00, 0x20, 0x40, 0x00, 0x00, 0xc0, 0x05, 0x00, 0x00,
    0x21, 0x40, 0x00, 0x00, 0x10, 0x01, 0x00, 0x00, 0x22, 0x40, 0x00, 0x00,
    0x20, 0x05, 0x00, 0x00, 0x23, 0x40, 0x00, 0x00, 0xa0, 0x00, 0x00, 0x00,
    0x2f, 0x01, 0x01, 0x00, 0x02, 0x00, 0x00, 0x00, 0x00, 0x40, 0x00, 0x00,
    0xb0, 0x45, 0x02, 0x00, 0x10, 0x40, 0x00, 0x00, 0x50, 0x89, 0x01, 0x00,
    0x2f, 0x01, 0x03, 0x00, 0x02, 0x00, 0x00, 0x00, 0x00, 0x40, 0x00, 0x00,
    0x10, 0xae, 0x00, 0x00, 0x0b, 0x01, 0x01, 0x00, 0x0c, 0x01, 0x01, 0x00,
    0x0a, 0x01, 0x72, 0x00, 0x04, 0x01, 0x03, 0x00, 0x05, 0x40, 0x00, 0x00,
    0xcc, 0x01, 0x00, 0x00, 0x04, 0x40, 0x00, 0x00, 0x04, 0x00, 0x00, 0x00,
    0x06, 0x40, 0x00, 0x00, 0x01, 0x00, 0x00, 0x00, 0x09, 0x01, 0x00, 0x00,
    0x05, 0x01, 0x01, 0x00, 0x10, 0x40, 0x00, 0x00, 0xf0, 0x1d, 0x02, 0x00,
    0x11, 0x01, 0x72, 0x00, 0x1a, 0x01, 0x72, 0x00, 0x13, 0x01, 0x03, 0x00,
    0x15, 0x40, 0x00, 0x00, 0x30, 0x07, 0x00, 0x00, 0x16, 0x40, 0x00, 0x00,
    0x30, 0x07, 0x00, 0x00, 0x18, 0x01, 0x00, 0x00, 0x14, 0x01, 0x41, 0x81,
    0x21, 0x01, 0x01, 0x00, 0x22, 0x01, 0x02, 0x00, 0x15, 0x01, 0x15, 0x00,
    0x17, 0x01, 0x07, 0x00, 0x05, 0x00, 0x01, 0x00, 0x00, 0x40, 0x00, 0x00,
    0xa8, 0xb1, 0x00, 0x00, 0x10, 0x40, 0x00, 0x00, 0x20, 0x25, 0x02, 0x00,
    0x05, 0x00, 0x01, 0x00, 0x00, 0x40, 0x00, 0x00, 0xf0, 0x1d, 0x02, 0x00,
    0x0b, 0x01, 0x00, 0x00, 0x0c, 0x01, 0x00, 0x00, 0x05, 0x40, 0x00, 0x00,
    0x30, 0x07, 0x00, 0x00, 0x04, 0x40, 0x00, 0x00, 0x10, 0x00, 0x00, 0x00,
    0x06, 0x40, 0x00, 0x00, 0x30, 0x07, 0x00, 0x00, 0x09, 0x01, 0xff, 0xff,
    0x05, 0x01, 0x41, 0x00, 0x01, 0x01, 0x01, 0x00, 0x02, 0x01, 0x01, 0x00,
    0x10, 0x40, 0x00, 0x00, 0x50, 0x2c, 0x02, 0x00, 0x11, 0x01, 0x39, 0x00,
    0x1a, 0x01, 0x39, 0x00, 0x13, 0x01, 0x0b, 0x00, 0x15, 0x40, 0x00, 0x00,
    0xa0, 0x03, 0x00, 0x00, 0x16, 0x40, 0x00, 0x00, 0xa0, 0x03, 0x00, 0x00,
    0x18, 0x01, 0x80, 0xff, 0x14, 0x01, 0x41, 0x00, 0x21, 0x01, 0x00, 0x00,
    0x20, 0x01, 0x02, 0x00, 0x22, 0x01, 0x05, 0x00, 0x20, 0x40, 0x00, 0x00,
    0x80, 0x00, 0x00, 0x00, 0x21, 0x40, 0x00, 0x00, 0x00, 0x01, 0x00, 0x00,
    0x22, 0x40, 0x00, 0x00, 0x00, 0x00, 0x00, 0x00, 0x23, 0x40, 0x00, 0x00,
    0x80, 0x00, 0x00, 0x00, 0x15, 0x01, 0x39, 0x00, 0x17, 0x01, 0x0f, 0x00,
    0x2f, 0x01, 0x01, 0x00, 0x02, 0x00, 0x00, 0x00, 0x00, 0x40, 0x00, 0x00,
    0x20, 0x25, 0x02, 0x00, 0x10, 0x40, 0x00, 0x00, 0xf0, 0x2f, 0x02, 0x00,
    0x2f, 0x01, 0x03, 0x00, 0x02, 0x00, 0x00, 0x00, 0x00, 0x40, 0x00, 0x00,
    0x50, 0x2c, 0x02, 0x00, 0x0a, 0x01, 0x39, 0x00, 0x04, 0x01, 0x0b, 0x00,
    0x05, 0x40, 0x00, 0x00, 0xa0, 0x03, 0x00, 0x00, 0x06, 0x40, 0x00, 0x00,
    0xa0, 0x03, 0x00, 0x00, 0x09, 0x01, 0x80, 0xff, 0x01, 0x01, 0x03, 0x00,
    0x02, 0x01, 0x03, 0x00, 0x10, 0x40, 0x00, 0x00, 0x90, 0x33, 0x02, 0x00,
    0x20, 0x01, 0x06, 0x00, 0x22, 0x01, 0x00, 0x00, 0x20, 0x40, 0x00, 0x00,
    0x00, 0x02, 0x00, 0x00, 0x21, 0x40, 0x00, 0x00, 0x90, 0x00, 0x00, 0x00,
    0x22, 0x40, 0x00, 0x00, 0x80, 0x01, 0x00, 0x00, 0x2f, 0x01, 0x01, 0x00,
    0x03, 0x00, 0x00, 0x00, 0x00, 0x40, 0x00, 0x00, 0xf0, 0x2f, 0x02, 0x00,
    0x10, 0x40, 0x00, 0x00, 0x30, 0x37, 0x02, 0x00, 0x2f, 0x01, 0x03, 0x00,
    0x03, 0x00, 0x00, 0x00, 0x00, 0x40, 0x00, 0x00, 0x90, 0x33, 0x02, 0x00,
    0x01, 0x01, 0x00, 0x00, 0x02, 0x01, 0x00, 0x00, 0x10, 0x40, 0x00, 0x00,
    0xd0, 0x3a, 0x02, 0x00, 0x20, 0x01, 0x00, 0x00, 0x20, 0x40, 0x00, 0x00,
    0x10, 0x03, 0x00, 0x00, 0x21, 0x40, 0x00, 0x00, 0xe0, 0x00, 0x00, 0x00,
    0x22, 0x40, 0x00, 0x00, 0x90, 0x02, 0x00, 0x00, 0x2f, 0x01, 0x01, 0x00,
    0x02, 0x00, 0x00, 0x00, 0x00, 0x40, 0x00, 0x00, 0x30, 0x37, 0x02, 0x00,
    0x10, 0x40, 0x00, 0x00, 0x70, 0x3e, 0x02, 0x00, 0x2f, 0x01, 0x03, 0x00,
    0x02, 0x00, 0x00, 0x00, 0x00, 0x40, 0x00, 0x00, 0xd0, 0x3a, 0x02, 0x00,
    0x01, 0x01, 0x04, 0x00, 0x02, 0x01, 0x04, 0x00, 0x10, 0x40, 0x00, 0x00,
    0x10, 0x42, 0x02, 0x00, 0x20, 0x01, 0x08, 0x00, 0x20, 0x40, 0x00, 0x00,
    0x70, 0x04, 0x00, 0x00, 0x21, 0x40, 0x00, 0x00, 0xb0, 0x00, 0x00, 0x00,
    0x22, 0x40, 0x00, 0x00, 0xf0, 0x03, 0x00, 0x00, 0x2f, 0x01, 0x01, 0x00,
    0x03, 0x00, 0x00, 0x00, 0x00, 0x40, 0x00, 0x00, 0x70, 0x3e, 0x02, 0x00,
    0x10, 0x40, 0x00, 0x00, 0xb0, 0x45, 0x02, 0x00, 0x2f, 0x01, 0x03, 0x00,
    0x03, 0x00, 0x00, 0x00, 0x00, 0x40, 0x00, 0x00, 0x10, 0x42, 0x02, 0x00,
    0x01, 0x01, 0x00, 0x00, 0x02, 0x01, 0x00, 0x00, 0x10, 0x40, 0x00, 0x00,
    0xf0, 0x8c, 0x01, 0x00, 0x13, 0x01, 0x0f, 0x00, 0x20, 0x01, 0x00, 0x00,
    0x20, 0x40, 0x00, 0x00, 0xc0, 0x05, 0x00, 0x00, 0x21, 0x40, 0x00, 0x00,
    0x10, 0x01, 0x00, 0x00, 0x22, 0x40, 0x00, 0x00, 0x20, 0x05, 0x00, 0x00,
    0x23, 0x40, 0x00, 0x00, 0xa0, 0x00, 0x00, 0x00, 0x2f, 0x01, 0x01, 0x00,
    0x02, 0x00, 0x00, 0x00, 0x00, 0x40, 0x00, 0x00, 0xb0, 0x45, 0x02, 0x00,
    0x10, 0x40, 0x00, 0x00, 0x90, 0x90, 0x01, 0x00, 0x2f, 0x01, 0x03, 0x00,
    0x02, 0x00, 0x00, 0x00, 0x00, 0x40, 0x00, 0x00, 0x40, 0xb5, 0x00, 0x00,
    0x0b, 0x01, 0x01, 0x00, 0x0c, 0x01, 0x01, 0x00, 0x0a, 0x01, 0x72, 0x00,
    0x04, 0x01, 0x03, 0x00, 0x05, 0x40, 0x00, 0x00, 0xcc, 0x01, 0x00, 0x00,
    0x04, 0x40, 0x00, 0x00, 0x04, 0x00, 0x00, 0x00, 0x06, 0x40, 0x00, 0x00,
    0x01, 0x00, 0x00, 0x00, 0x09, 0x01, 0x00, 0x00, 0x05, 0x01, 0x01, 0x00,
    0x10, 0x40, 0x00, 0x00, 0xf0, 0x1d, 0x02, 0x00, 0x11, 0x01, 0x72, 0x00,
    0x1a, 0x01, 0x72, 0x00, 0x13, 0x01, 0x03, 0x00, 0x15, 0x40, 0x00, 0x00,
    0x30, 0x07, 0x00, 0x00, 0x16, 0x40, 0x00, 0x00, 0x30, 0x07, 0x00, 0x00,
    0x18, 0x01, 0x00, 0x00, 0x14, 0x01, 0x41, 0x81, 0x21, 0x01, 0x01, 0x00,
    0x22, 0x01, 0x02, 0x00, 0x15, 0x01, 0x15, 0x00, 0x17, 0x01, 0x07, 0x00,
    0x05, 0x00, 0x01, 0x00, 0x00, 0x40, 0x00, 0x00, 0xd8, 0xb8, 0x00, 0x00,
    0x10, 0x40, 0x00, 0x00, 0x20, 0x25, 0x02, 0x00, 0x05, 0x00, 0x01, 0x00,
    0x00, 0x40, 0x00, 0x00, 0xf0, 0x1d, 0x02, 0x00, 0x0b, 0x01, 0x00, 0x00,
    0x0c, 0x01, 0x00, 0x00, 0x05, 0x40, 0x00, 0x00, 0x30, 0x07, 0x00, 0x00,
    0x04, 0x40, 0x00, 0x00, 0x10, 0x00, 0x00, 0x00, 0x06, 0x40, 0x00, 0x00,
    0x30, 0x07, 0x00, 0x00, 0x09, 0x01, 0xff, 0xff, 0x05, 0x01, 0x41, 0x00,
    0x01, 0x01, 0x01, 0x00, 0x02, 0x01, 0x01, 0x00, 0x10, 0x40, 0x00, 0x00,
    0x50, 0x2c, 0x02, 0x00, 0x11, 0x01, 0x39, 0x00, 0x1a, 0x01, 0x39, 0x00,
    0x13, 0x01, 0x0b, 0x00, 0x15, 0x40, 0x00, 0x00, 0xa0, 0x03, 0x00, 0x00,
    0x16, 0x40, 0x00, 0x00, 0xa0, 0x03, 0x00, 0x00, 0x18, 0x01, 0x80, 0xff,
    0x14, 0x01, 0x41, 0x00, 0x21, 0x01, 0x00, 0x00, 0x20, 0x01, 0x02, 0x00,
    0x22, 0x01, 0x05, 0x00, 0x20, 0x40, 0x00, 0x00, 0x80, 0x00, 0x00, 0x00,
    0x21, 0x40, 0x00, 0x00, 0x00, 0x01, 0x00, 0x00, 0x22, 0x40, 0x00, 0x00,
    0x00, 0x00, 0x00, 0x00, 0x23, 0x40, 0x00, 0x00, 0x80, 0x00, 0x00, 0x00,
    0x15, 0x01, 0x39, 0x00, 0x17, 0x01, 0x0f, 0x00, 0x2f, 0x01, 0x01, 0x00,
    0x02, 0x00, 0x00, 0x00, 0x00, 0x40, 0x00, 0x00, 0x20, 0x25, 0x02, 0x00,
    0x10, 0x40, 0x00, 0x00, 0xf0, 0x2f, 0x02, 0x00, 0x2f, 0x01, 0x03, 0x00,
    0x02, 0x00, 0x00, 0x00, 0x00, 0x40, 0x00, 0x00, 0x50, 0x2c, 0x02, 0x00,
    0x0a, 0x01, 0x39, 0x00, 0x04, 0x01, 0x0b, 0x00, 0x05, 0x40, 0x00, 0x00,
    0xa0, 0x03, 0x00, 0x00, 0x06, 0x40, 0x00, 0x00, 0xa0, 0x03, 0x00, 0x00,
    0x09, 0x01, 0x80, 0xff, 0x01, 0x01, 0x03, 0x00, 0x02, 0x01, 0x03, 0x00,
    0x10, 0x40, 0x00, 0x00, 0x90, 0x33, 0x02, 0x00, 0x20, 0x01, 0x06, 0x00,
    0x22, 0x01, 0x00, 0x00, 0x20, 0x40, 0x00, 0x00, 0x00, 0x02, 0x00, 0x00,
    0x21, 0x40, 0x00, 0x00, 0x90, 0x00, 0x00, 0x00, 0x22, 0x40, 0x00, 0x00,
    0x80, 0x01, 0x00, 0x00, 0x2f, 0x01, 0x01, 0x00, 0x03, 0x00, 0x00, 0x00,
    0x00, 0x40, 0x00, 0x00, 0xf0, 0x2f, 0x02, 0x00, 0x10, 0x40, 0x00, 0x00,
    0x30, 0x37, 0x02, 0x00, 0x2f, 0x01, 0x03, 0x00, 0x03, 0x00, 0x00, 0x00,
    0x00, 0x40, 0x00, 0x00, 0x90, 0x33, 0x02, 0x00, 0x01, 0x01, 0x00, 0x00,
    0x02, 0x01, 0x00, 0x00, 0x10, 0x40, 0x00, 0x00, 0xd0, 0x3a, 0x02, 0x00,
    0x20, 0x01, 0x00, 0x00, 0x20, 0x40, 0x00, 0x00, 0x10, 0x03, 0x00, 0x00,
    0x21, 0x40, 0x00, 0x00, 0xe0, 0x00, 0x00, 0x00, 0x22, 0x40, 0x00, 0x00,
    0x90, 0x02, 0x00, 0x00, 0x2f, 0x01, 0x01, 0x00, 0x02, 0x00, 0x00, 0x00,
    0x00, 0x40, 0x00, 0x00, 0x30, 0x37, 0x02, 0x00, 0x10, 0x40, 0x00, 0x00,
    0x70, 0x3e, 0x02, 0x00, 0x2f, 0x01, 0x03, 0x00, 0x02, 0x00, 0x00, 0x00,
    0x00, 0x40, 0x00, 0x00, 0xd0, 0x3a, 0x02, 0x00, 0x01, 0x01, 0x04, 0x00,
    0x02, 0x01, 0x04, 0x00, 0x10, 0x40, 0x00, 0x00, 0x10, 0x42, 0x02, 0x00,
    0x20, 0x01, 0x08, 0x00, 0x20, 0x40, 0x00, 0x00, 0x70, 0x04, 0x00, 0x00,
    0x21, 0x40, 0x00, 0x00, 0xb0, 0x00, 0x00, 0x00, 0x22, 0x40, 0x00, 0x00,
    0xf0, 0x03, 0x00, 0x00, 0x2f, 0x01, 0x01, 0x00, 0x03, 0x00, 0x00, 0x00,
    0x00, 0x40, 0x00, 0x00, 0x70, 0x3e, 0x02, 0x00, 0x10, 0x40, 0x00, 0x00,
    0xb0, 0x45, 0x02, 0x00, 0x2f, 0x01, 0x03, 0x00, 0x03, 0x00, 0x00, 0x00,
    0x00, 0x40, 0x00, 0x00, 0x10, 0x42, 0x02, 0x00, 0x01, 0x01, 0x00, 0x00,
    0x02, 0x01, 0x00, 0x00, 0x10, 0x40, 0x00, 0x00, 0x30, 0x94, 0x01, 0x00,
    0x13, 0x01, 0x0f, 0x00, 0x20, 0x01, 0x00, 0x00, 0x20, 0x40, 0x00, 0x00,
    0xc0, 0x05, 0x00, 0x00, 0x21, 0x40, 0x00, 0x00, 0x10, 0x01, 0x00, 0x00,
    0x22, 0x40, 0x00, 0x00, 0x20, 0x05, 0x00, 0x00, 0x23, 0x40, 0x00, 0x00,
    0xa0, 0x00, 0x00, 0x00, 0x2f, 0x01, 0x01, 0x00, 0x02, 0x00, 0x00, 0x00,
    0x00, 0x40, 0x00, 0x00, 0xb0, 0x45, 0x02, 0x00, 0x10, 0x40, 0x00, 0x00,
    0xd0, 0x97, 0x01, 0x00, 0x2f, 0x01, 0x03, 0x00, 0x02, 0x00, 0x00, 0x00,
    0x00, 0x40, 0x00, 0x00, 0x70, 0x9b, 0x01, 0x00, 0x02, 0x40, 0x00, 0x00,
    0xb0, 0x85, 0x01, 0x00, 0x0b, 0x01, 0x03, 0x00, 0x0c, 0x01, 0x03, 0x00,
    0x04, 0x01, 0x0f, 0x00, 0x01, 0x01, 0x01, 0x00, 0x02, 0x01, 0x01, 0x00,
    0x10, 0x40, 0x00, 0x00, 0x50, 0x49, 0x02, 0x00, 0x21, 0x01, 0x04, 0x00,
    0x20, 0x01, 0x02, 0x00, 0x20, 0x40, 0x00, 0x00, 0x70, 0x07, 0x00, 0x00,
    0x22, 0x40, 0x00, 0x00, 0xd0, 0x06, 0x00, 0x00, 0x0d, 0x01, 0x12, 0x00,
    0x2f, 0x01, 0x01, 0x00, 0x03, 0x00, 0x00, 0x00, 0x00, 0x40, 0x00, 0x00,
    0x10, 0x9f, 0x01, 0x00, 0x0b, 0x01, 0x02, 0x00, 0x0c, 0x01, 0x02, 0x00,
    0x10, 0x40, 0x00, 0x00, 0xf0, 0x4c, 0x02, 0x00, 0x2f, 0x01, 0x03, 0x00,
    0x03, 0x00, 0x00, 0x00, 0x00, 0x40, 0x00, 0x00, 0x50, 0x49, 0x02, 0x00,
    0x02, 0x40, 0x00, 0x00, 0x00, 0x00, 0x00, 0x00, 0x0b, 0x01, 0x00, 0x00,
    0x0c, 0x01, 0x00, 0x00, 0x01, 0x01, 0x00, 0x00, 0x02, 0x01, 0x00, 0x00,
    0x10, 0x40, 0x00, 0x00, 0x90, 0x50, 0x02, 0x00, 0x21, 0x01, 0x00, 0x00,
    0x20, 0x01, 0x00, 0x00, 0x20, 0x40, 0x00, 0x00, 0x20, 0x09, 0x00, 0x00,
    0x21, 0x40, 0x00, 0x00, 0x50, 0x01, 0x00, 0x00, 0x22, 0x40, 0x00, 0x00,
    0x80, 0x08, 0x00, 0x00, 0x0d, 0x01, 0x0a, 0x00, 0x2f, 0x01, 0x01, 0x00,
    0x02, 0x00, 0x00, 0x00, 0x00, 0x40, 0x00, 0x00, 0xf0, 0x4c, 0x02, 0x00,
    0x10, 0x40, 0x00, 0x00, 0x30, 0x54, 0x02, 0x00, 0x2f, 0x01, 0x03, 0x00,
    0x02, 0x00, 0x00, 0x00, 0x00, 0x40, 0x00, 0x00, 0x90, 0x50, 0x02, 0x00,
    0x01, 0x01, 0x04, 0x00, 0x02, 0x01, 0x04, 0x00, 0x10, 0x40, 0x00, 0x00,
    0xd0, 0x57, 0x02, 0x00, 0x20, 0x01, 0x08, 0x00, 0x20, 0x40, 0x00, 0x00,
    0x10, 0x0b, 0x00, 0x00, 0x21, 0x40, 0x00, 0x00, 0xd0, 0x00, 0x00, 0x00,
    0x22, 0x40, 0x00, 0x00, 0x70, 0x0a, 0x00, 0x00, 0x2f, 0x01, 0x01, 0x00,
    0x03, 0x00, 0x00, 0x00, 0x00, 0x40, 0x00, 0x00, 0x30, 0x54, 0x02, 0x00,
    0x10, 0x40, 0x00, 0x00, 0x70, 0x5b, 0x02, 0x00, 0x2f, 0x01, 0x03, 0x00,
    0x03, 0x00, 0x00, 0x00, 0x00, 0x40, 0x00, 0x00, 0xd0, 0x57, 0x02, 0x00,
    0x01, 0x01, 0x00, 0x00, 0x02, 0x01, 0x00, 0x00, 0x10, 0x40, 0x00, 0x00,
    0xf0, 0xc6, 0x01, 0x00, 0x20, 0x01, 0x00, 0x00, 0x20, 0x40, 0x00, 0x00,
    0x80, 0x0c, 0x00, 0x00, 0x21, 0x40, 0x00, 0x00, 0x50, 0x01, 0x00, 0x00,
    0x22, 0x40, 0x00, 0x00, 0xe0, 0x0b, 0x00, 0x00, 0x2f, 0x01, 0x01, 0x00,
    0x02, 0x00, 0x00, 0x00, 0x00, 0x40, 0x00, 0x00, 0x70, 0x5b, 0x02, 0x00,
    0x10, 0x40, 0x00, 0x00, 0x90, 0xca, 0x01, 0x00, 0x2f, 0x01, 0x03, 0x00,
    0x02, 0x00, 0x00, 0x00, 0x00, 0x40, 0x00, 0x00, 0xf0, 0xa9, 0x01, 0x00,
    0x0b, 0x01, 0x04, 0x00, 0x0c, 0x01, 0x04, 0x00, 0x01, 0x01, 0x01, 0x00,
    0x02, 0x01, 0x01, 0x00, 0x10, 0x40, 0x00, 0x00, 0x10, 0x5f, 0x02, 0x00,
    0x21, 0x01, 0x04, 0x00, 0x20, 0x01, 0x02, 0x00, 0x20, 0x40, 0x00, 0x00,
    0x70, 0x0e, 0x00, 0x00, 0x21, 0x40, 0x00, 0x00, 0x10, 0x01, 0x00, 0x00,
    0x22, 0x40, 0x00, 0x00, 0xd0, 0x0d, 0x00, 0x00, 0x0d, 0x01, 0x12, 0x00,
    0x2f, 0x01, 0x01, 0x00, 0x03, 0x00, 0x00, 0x00, 0x00, 0x40, 0x00, 0x00,
    0x90, 0xad, 0x01, 0x00, 0x10, 0x40, 0x00, 0x00, 0xb0, 0x62, 0x02, 0x00,
    0x2f, 0x01, 0x03, 0x00, 0x03, 0x00, 0x00, 0x00, 0x00, 0x40, 0x00, 0x00,
    0x10, 0x5f, 0x02, 0x00, 0x0b, 0x01, 0x00, 0x00, 0x0c, 0x01, 0x00, 0x00,
    0x01, 0x01, 0x00, 0x00, 0x02, 0x01, 0x00, 0x00, 0x10, 0x40, 0x00, 0x00,
    0x50, 0x66, 0x02, 0x00, 0x21, 0x01, 0x00, 0x00, 0x20, 0x01, 0x00, 0x00,
    0x20, 0x40, 0x00, 0x00, 0x20, 0x10, 0x00, 0x00, 0x21, 0x40, 0x00, 0x00,
    0x50, 0x01, 0x00, 0x00, 0x22, 0x40, 0x00, 0x00, 0x80, 0x0f, 0x00, 0x00,
    0x0d, 0x01, 0x0a, 0x00, 0x2f, 0x01, 0x01, 0x00, 0x02, 0x00, 0x00, 0x00,
    0x00, 0x40, 0x00, 0x00, 0xb0, 0x62, 0x02, 0x00, 0x10, 0x40, 0x00, 0x00,
    0xf0, 0x69, 0x02, 0x00, 0x2f, 0x01, 0x03, 0x00, 0x02, 0x00, 0x00, 0x00,
    0x00, 0x40, 0x00, 0x00, 0x50, 0x66, 0x02, 0x00, 0x01, 0x01, 0x04, 0x00,
    0x02, 0x01, 0x04, 0x00, 0x10, 0x40, 0x00, 0x00, 0x90, 0x6d, 0x02, 0x00,
    0x20, 0x01, 0x08, 0x00, 0x20, 0x40, 0x00, 0x00, 0x10, 0x12, 0x00, 0x00,
    0x21, 0x40, 0x00, 0x00, 0xb0, 0x00, 0x00, 0x00, 0x22, 0x40, 0x00, 0x00,
    0x70, 0x11, 0x00, 0x00, 0x2f, 0x01, 0x01, 0x00, 0x03, 0x00, 0x00, 0x00,
    0x00, 0x40, 0x00, 0x00, 0xf0, 0x69, 0x02, 0x00, 0x10, 0x40, 0x00, 0x00,
    0x30, 0x71, 0x02, 0x00, 0x2f, 0x01, 0x03, 0x00, 0x03, 0x00, 0x00, 0x00,
    0x00, 0x40, 0x00, 0x00, 0x90, 0x6d, 0x02, 0x00, 0x01, 0x01, 0x00, 0x00,
    0x02, 0x01, 0x00, 0x00, 0x10, 0x40, 0x00, 0x00, 0x70, 0xd5, 0x01, 0x00,
    0x20, 0x01, 0x00, 0x00, 0x20, 0x40, 0x00, 0x00, 0x60, 0x13, 0x00, 0x00,
    0x21, 0x40, 0x00, 0x00, 0x50, 0x01, 0x00, 0x00, 0x22, 0x40, 0x00, 0x00,
    0xc0, 0x12, 0x00, 0x00, 0x2f, 0x01, 0x01, 0x00, 0x02, 0x00, 0x00, 0x00,
    0x00, 0x40, 0x00, 0x00, 0x30, 0x71, 0x02, 0x00, 0x10, 0x40, 0x00, 0x00,
    0x10, 0xd9, 0x01, 0x00, 0x2f, 0x01, 0x03, 0x00, 0x02, 0x00, 0x00, 0x00,
    0x00, 0x40, 0x00, 0x00, 0xb0, 0xdc, 0x01, 0x00, 0x0b, 0x01, 0x04, 0x00,
    0x0c, 0x01, 0x04, 0x00, 0x01, 0x01, 0x01, 0x00, 0x02, 0x01, 0x01, 0x00,
    0x10, 0x40, 0x00, 0x00, 0xd0, 0x74, 0x02, 0x00, 0x21, 0x01, 0x04, 0x00,
    0x20, 0x01, 0x02, 0x00, 0x20, 0x40, 0x00, 0x00, 0x50, 0x15, 0x00, 0x00,
    0x21, 0x40, 0x00, 0x00, 0x10, 0x01, 0x00, 0x00, 0x22, 0x40, 0x00, 0x00,
    0xb0, 0x14, 0x00, 0x00, 0x0d, 0x01, 0x12, 0x00, 0x2f, 0x01, 0x01, 0x00,
    0x03, 0x00, 0x00, 0x00, 0x00, 0x40, 0x00, 0x00, 0x50, 0xe0, 0x01, 0x00,
    0x10, 0x40, 0x00, 0x00, 0x70, 0x78, 0x02, 0x00, 0x2f, 0x01, 0x03, 0x00,
    0x03, 0x00, 0x00, 0x00, 0x00, 0x40, 0x00, 0x00, 0xd0, 0x74, 0x02, 0x00,
    0x0b, 0x01, 0x00, 0x00, 0x0c, 0x01, 0x00, 0x00, 0x01, 0x01, 0x00, 0x00,
    0x02, 0x01, 0x00, 0x00, 0x10, 0x40, 0x00, 0x00, 0xb0, 0xf9, 0x01, 0x00,
    0x21, 0x01, 0x00, 0x00, 0x20, 0x01, 0x00, 0x00, 0x20, 0x40, 0x00, 0x00,
    0x00, 0x17, 0x00, 0x00, 0x21, 0x40, 0x00, 0x00, 0x50, 0x01, 0x00, 0x00,
    0x22, 0x40, 0x00, 0x00, 0x60, 0x16, 0x00, 0x00, 0x0d, 0x01, 0x0a, 0x00,
    0x2f, 0x01, 0x01, 0x00, 0x02, 0x00, 0x00, 0x00, 0x00, 0x40, 0x00, 0x00,
    0x70, 0x78, 0x02, 0x00, 0x10, 0x40, 0x00, 0x00, 0x50, 0xfd, 0x01, 0x00,
    0x2f, 0x01, 0x03, 0x00, 0x02, 0x00, 0x00, 0x00, 0x00, 0x40, 0x00, 0x00,
    0xf0, 0xe3, 0x01, 0x00, 0x02, 0x40, 0x00, 0x00, 0x30, 0xce, 0x01, 0x00,
    0x0b, 0x01, 0x03, 0x00, 0x0c, 0x01, 0x03, 0x00, 0x01, 0x01, 0x01, 0x00,
    0x02, 0x01, 0x01, 0x00, 0x10, 0x40, 0x00, 0x00, 0xd0, 0x74, 0x02, 0x00,
    0x21, 0x01, 0x04, 0x00, 0x20, 0x01, 0x02, 0x00, 0x20, 0x40, 0x00, 0x00,
    0x50, 0x15, 0x00, 0x00, 0x21, 0x40, 0x00, 0x00, 0x10, 0x01, 0x00, 0x00,
    0x22, 0x40, 0x00, 0x00, 0xb0, 0x14, 0x00, 0x00, 0x0d, 0x01, 0x12, 0x00,
    0x03, 0x00, 0x00, 0x00, 0x00, 0x40, 0x00, 0x00, 0x90, 0xe7, 0x01, 0x00,
    0x0b, 0x01, 0x02, 0x00, 0x0c, 0x01, 0x02, 0x00, 0x10, 0x40, 0x00, 0x00,
    0x70, 0x78, 0x02, 0x00, 0x03, 0x00, 0x00, 0x00, 0x00, 0x40, 0x00, 0x00,
    0xd0, 0x74, 0x02, 0x00, 0x02, 0x40, 0x00, 0x00, 0x00, 0x00, 0x00, 0x00,
    0x0b, 0x01, 0x00, 0x00, 0x0c, 0x01, 0x00, 0x00, 0x01, 0x01, 0x00, 0x00,
    0x02, 0x01, 0x00, 0x00, 0x10, 0x40, 0x00, 0x00, 0xf0, 0x00, 0x02, 0x00,
    0x21, 0x01, 0x00, 0x00, 0x20, 0x01, 0x00, 0x00, 0x20, 0x40, 0x00, 0x00,
    0x00, 0x17, 0x00, 0x00, 0x21, 0x40, 0x00, 0x00, 0x50, 0x01, 0x00, 0x00,
    0x22, 0x40, 0x00, 0x00, 0x60, 0x16, 0x00, 0x00, 0x0d, 0x01, 0x0a, 0x00,
    0x2f, 0x01, 0x01, 0x00, 0x02, 0x00, 0x00, 0x00, 0x00, 0x40, 0x00, 0x00,
    0x70, 0x78, 0x02, 0x00, 0x10, 0x40, 0x00, 0x00, 0x90, 0x04, 0x02, 0x00,
    0x2f, 0x01, 0x03, 0x00, 0x02, 0x00, 0x00, 0x00, 0x00, 0x40, 0x00, 0x00,
    0x70, 0xf2, 0x01, 0x00, 0x0b, 0x01, 0x02, 0x00, 0x0c, 0x01, 0x02, 0x00,
    0x01, 0x01, 0x02, 0x00, 0x02, 0x01, 0x02, 0x00, 0x10, 0x40, 0x00, 0x00,
    0xb0, 0x7f, 0x02, 0x00, 0x21, 0x01, 0x02, 0x00, 0x20, 0x01, 0x04, 0x00,
    0x20, 0x40, 0x00, 0x00, 0xf0, 0x18, 0x00, 0x00, 0x21, 0x40, 0x00, 0x00,
    0x10, 0x01, 0x00, 0x00, 0x22, 0x40, 0x00, 0x00, 0x50, 0x18, 0x00, 0x00,
    0x2f, 0x01, 0x01, 0x00, 0x03, 0x00, 0x00, 0x00, 0x00, 0x40, 0x00, 0x00,
    0x10, 0x7c, 0x02, 0x00, 0x0b, 0x01, 0x00, 0x00, 0x0c, 0x01, 0x00, 0x00,
    0x01, 0x01, 0x00, 0x00, 0x02, 0x01, 0x00, 0x00, 0x10, 0x40, 0x00, 0x00,
    0x30, 0x08, 0x02, 0x00, 0x21, 0x01, 0x00, 0x00, 0x20, 0x01, 0x00, 0x00,
    0x20, 0x40, 0x00, 0x00, 0xa0, 0x1a, 0x00, 0x00, 0x21, 0x40, 0x00, 0x00,
    0x50, 0x01, 0x00, 0x00, 0x22, 0x40, 0x00, 0x00, 0x00, 0x1a, 0x00, 0x00,
    0x02, 0x00, 0x00, 0x00, 0x00, 0x40, 0x00, 0x00, 0xb0, 0x7f, 0x02, 0x00,
    0x10, 0x40, 0x00, 0x00, 0xd0, 0x0b, 0x02, 0x00, 0x2f, 0x01, 0x03, 0x00,
    0x02, 0x00, 0x00, 0x00, 0x00, 0x40, 0x00, 0x00, 0x70, 0x0f, 0x02, 0x00,
    0x0b, 0x01, 0x02, 0x00, 0x0c, 0x01, 0x02, 0x00, 0x01, 0x01, 0x02, 0x00,
    0x02, 0x01, 0x02, 0x00, 0x10, 0x40, 0x00, 0x00, 0xc2, 0x04, 0x00, 0x00,
    0x13, 0x01, 0x00, 0x00, 0x15, 0x40, 0x00, 0x00, 0x3a, 0x00, 0x00, 0x00,
    0x14, 0x40, 0x00, 0x00, 0x01, 0x00, 0x00, 0x00, 0x16, 0x40, 0x00, 0x00,
    0x01, 0x00, 0x00, 0x00, 0x18, 0x01, 0x59, 0x00, 0x14, 0x01, 0x01, 0x00,
    0x21, 0x01, 0x02, 0x00, 0x20, 0x01, 0x04, 0x00, 0x22, 0x01, 0x04, 0x00,
    0x20, 0x40, 0x00, 0x00, 0x00, 0x1c, 0x00, 0x00, 0x21, 0x40, 0x00, 0x00,
    0x90, 0x01, 0x00, 0x00, 0x22, 0x40, 0x00, 0x00, 0xf0, 0x1b, 0x00, 0x00,
    0x23, 0x40, 0x00, 0x00, 0x10, 0x00, 0x00, 0x00, 0x17, 0x01, 0x07, 0x00,
    0x2f, 0x01, 0x01, 0x00, 0x02, 0x00, 0x00, 0x00, 0x00, 0x40, 0x00, 0x00,
    0x10, 0x13, 0x02, 0x00, 0x10, 0x40, 0x00, 0x00, 0xfc, 0x04, 0x00, 0x00,
    0x2f, 0x01, 0x03, 0x00, 0x02, 0x00, 0x00, 0x00, 0x00, 0x40, 0x00, 0x00,
    0xb0, 0x16, 0x02, 0x00, 0x02, 0x40, 0x00, 0x00, 0x30, 0x08, 0x02, 0x00,
    0x0b, 0x01, 0x01, 0x00, 0x0c, 0x01, 0x01, 0x00, 0x10, 0x40, 0x00, 0x00,
    0x36, 0x05, 0x00, 0x00, 0x02, 0x00, 0x00, 0x00, 0x00, 0x40, 0x00, 0x00,
    0x50, 0x1a, 0x02, 0x00, 0x0b, 0x01, 0x00, 0x00, 0x0c, 0x01, 0x00, 0x00,
    0x10, 0x40, 0x00, 0x00, 0x70, 0x05, 0x00, 0x00, 0x02, 0x00, 0x00, 0x00,
    0x00, 0x40, 0x00, 0x00, 0x10, 0xf6, 0x01, 0x00, 0x02, 0x40, 0x00, 0x00,
    0x00, 0x00, 0x00, 0x00, 0x0b, 0x01, 0x02, 0x00, 0x0c, 0x01, 0x02, 0x00,
    0x10, 0x40, 0x00, 0x00, 0x10, 0x7c, 0x02, 0x00, 0x13, 0x01, 0x0f, 0x00,
    0x15, 0x40, 0x00, 0x00, 0xa0, 0x03, 0x00, 0x00, 0x14, 0x40, 0x00, 0x00,
    0x10, 0x00, 0x00, 0x00, 0x16, 0x40, 0x00, 0x00, 0xa0, 0x03, 0x00, 0x00,
    0x18, 0x01, 0x80, 0xff, 0x14, 0x01, 0x41, 0x00, 0x22, 0x01, 0x00, 0x00,
    0x20, 0x40, 0x00, 0x00, 0xf0, 0x18, 0x00, 0x00, 0x21, 0x40, 0x00, 0x00,
    0x10, 0x01, 0x00, 0x00, 0x22, 0x40, 0x00, 0x00, 0x50, 0x18, 0x00, 0x00,
    0x23, 0x40, 0x00, 0x00, 0xa0, 0x00, 0x00, 0x00, 0x17, 0x01, 0x0f, 0x00,
    0x03, 0x00, 0x00, 0x00, 0x00, 0x40, 0x00, 0x00, 0xb0, 0xf9, 0x01, 0x00,
    0x10, 0x40, 0x00, 0x00, 0xb0, 0x7f, 0x02, 0x00, 0x03, 0x00, 0x00, 0x00,
    0x00, 0x40, 0x00, 0x00, 0x10, 0x7c, 0x02, 0x00, 0x0b, 0x01, 0x00, 0x00,
    0x0c, 0x01, 0x00, 0x00, 0x01, 0x01, 0x00, 0x00, 0x02, 0x01, 0x00, 0x00,
    0x10, 0x40, 0x00, 0x00, 0x70, 0x0f, 0x02, 0x00, 0x21, 0x01, 0x00, 0x00,
    0x20, 0x01, 0x00, 0x00, 0x20, 0x40, 0x00, 0x00, 0xa0, 0x1a, 0x00, 0x00,
    0x21, 0x40, 0x00, 0x00, 0x50, 0x01, 0x00, 0x00, 0x22, 0x40, 0x00, 0x00,
    0x00, 0x1a, 0x00, 0x00, 0x2f, 0x01, 0x01, 0x00, 0x02, 0x00, 0x00, 0x00,
    0x00, 0x40, 0x00, 0x00, 0xb0, 0x7f, 0x02, 0x00, 0x10, 0x40, 0x00, 0x00,
    0x10, 0x13, 0x02, 0x00, 0x2f, 0x01, 0x03, 0x00, 0x02, 0x00, 0x00, 0x00,
    0x00, 0x40, 0x00, 0x00, 0x50, 0xfd, 0x01, 0x00, 0x0b, 0x01, 0x02, 0x00,
    0x0c, 0x01, 0x02, 0x00, 0x01, 0x01, 0x02, 0x00, 0x02, 0x01, 0x02, 0x00,
    0x10, 0x40, 0x00, 0x00, 0x10, 0x7c, 0x02, 0x00, 0x21, 0x01, 0x02, 0x00,
    0x20, 0x01, 0x04, 0x00, 0x20, 0x40, 0x00, 0x00, 0xf0, 0x18, 0x00, 0x00,
    0x21, 0x40, 0x00, 0x00, 0x10, 0x01, 0x00, 0x00, 0x22, 0x40, 0x00, 0x00,
    0x50, 0x18, 0x00, 0x00, 0x03, 0x00, 0x00, 0x00, 0x00, 0x40, 0x00, 0x00,
    0x30, 0xeb, 0x01, 0x00, 0x02, 0x40, 0x00, 0x00, 0x30, 0xce, 0x01, 0x00,
    0x0b, 0x01, 0x01, 0x00, 0x0c, 0x01, 0x01, 0x00, 0x01, 0x01, 0x01, 0x00,
    0x02, 0x01, 0x01, 0x00, 0x10, 0x40, 0x00, 0x00, 0xd0, 0x74, 0x02, 0x00,
    0x21, 0x01, 0x04, 0x00, 0x20, 0x01, 0x02, 0x00, 0x20, 0x40, 0x00, 0x00,
    0x50, 0x15, 0x00, 0x00, 0x22, 0x40, 0x00, 0x00, 0xb0, 0x14, 0x00, 0x00,
    0x0d, 0x01, 0x12, 0x00, 0x03, 0x00, 0x00, 0x00, 0x00, 0x40, 0x00, 0x00,
    0xd0, 0xee, 0x01, 0x00, 0x0b, 0x01, 0x00, 0x00, 0x0c, 0x01, 0x00, 0x00,
    0x10, 0x40, 0x00, 0x00, 0x70, 0x78, 0x02, 0x00, 0x03, 0x00, 0x00, 0x00,
    0x00, 0x40, 0x00, 0x00, 0xd0, 0x74, 0x02, 0x00, 0x02, 0x40, 0x00, 0x00,
    0x00, 0x00, 0x00, 0x00, 0x01, 0x01, 0x00, 0x00, 0x02, 0x01, 0x00, 0x00,
    0x10, 0x40, 0x00, 0x00, 0x70, 0xf2, 0x01, 0x00, 0x21, 0x01, 0x00, 0x00,
    0x20, 0x01, 0x00, 0x00, 0x20, 0x40, 0x00, 0x00, 0x00, 0x17, 0x00, 0x00,
    0x21, 0x40, 0x00, 0x00, 0x50, 0x01, 0x00, 0x00, 0x22, 0x40, 0x00, 0x00,
    0x60, 0x16, 0x00, 0x00, 0x0d, 0x01, 0x0a, 0x00, 0x2f, 0x01, 0x01, 0x00,
    0x02, 0x00, 0x00, 0x00, 0x00, 0x40, 0x00, 0x00, 0x70, 0x78, 0x02, 0x00,
    0x10, 0x40, 0x00, 0x00, 0x10, 0xf6, 0x01, 0x00, 0x2f, 0x01, 0x03, 0x00,
    0x02, 0x00, 0x00, 0x00, 0x00, 0x40, 0x00, 0x00, 0x30, 0xb1, 0x01, 0x00,
    0x0b, 0x01, 0x04, 0x00, 0x0c, 0x01, 0x04, 0x00, 0x01, 0x01, 0x01, 0x00,
    0x02, 0x01, 0x01, 0x00, 0x10, 0x40, 0x00, 0x00, 0x10, 0x5f, 0x02, 0x00,
    0x21, 0x01, 0x04, 0x00, 0x20, 0x01, 0x02, 0x00, 0x20, 0x40, 0x00, 0x00,
    0x70, 0x0e, 0x00, 0x00, 0x21, 0x40, 0x00, 0x00, 0x10, 0x01, 0x00, 0x00,
    0x22, 0x40, 0x00, 0x00, 0xd0, 0x0d, 0x00, 0x00, 0x0d, 0x01, 0x12, 0x00,
    0x03, 0x00, 0x00, 0x00, 0x00, 0x40, 0x00, 0x00, 0xd0, 0xb4, 0x01, 0x00,
    0x10, 0x40, 0x00, 0x00, 0xb0, 0x62, 0x02, 0x00, 0x03, 0x00, 0x00, 0x00,
    0x00, 0x40, 0x00, 0x00, 0x10, 0x5f, 0x02, 0x00, 0x0b, 0x01, 0x00, 0x00,
    0x0c, 0x01, 0x00, 0x00, 0x01, 0x01, 0x00, 0x00, 0x02, 0x01, 0x00, 0x00,
    0x10, 0x40, 0x00, 0x00, 0x50, 0x66, 0x02, 0x00, 0x21, 0x01, 0x00, 0x00,
    0x20, 0x01, 0x00, 0x00, 0x20, 0x40, 0x00, 0x00, 0x20, 0x10, 0x00, 0x00,
    0x21, 0x40, 0x00, 0x00, 0x50, 0x01, 0x00, 0x00, 0x22, 0x40, 0x00, 0x00,
    0x80, 0x0f, 0x00, 0x00, 0x0d, 0x01, 0x0a, 0x00, 0x2f, 0x01, 0x01, 0x00,
    0x02, 0x00, 0x00, 0x00, 0x00, 0x40, 0x00, 0x00, 0xb0, 0x62, 0x02, 0x00,
    0x10, 0x40, 0x00, 0x00, 0xf0, 0x69, 0x02, 0x00, 0x2f, 0x01, 0x03, 0x00,
    0x02, 0x00, 0x00, 0x00, 0x00, 0x40, 0x00, 0x00, 0x50, 0x66, 0x02, 0x00,
    0x01, 0x01, 0x04, 0x00, 0x02, 0x01, 0x04, 0x00, 0x10, 0x40, 0x00, 0x00,
    0x90, 0x6d, 0x02, 0x00, 0x20, 0x01, 0x08, 0x00, 0x20, 0x40, 0x00, 0x00,
    0x10, 0x12, 0x00, 0x00, 0x21, 0x40, 0x00, 0x00, 0xb0, 0x00, 0x00, 0x00,
    0x22, 0x40, 0x00, 0x00, 0x70, 0x11, 0x00, 0x00, 0x2f, 0x01, 0x01, 0x00,
    0x03, 0x00, 0x00, 0x00, 0x00, 0x40, 0x00, 0x00, 0xf0, 0x69, 0x02, 0x00,
    0x10, 0x40, 0x00, 0x00, 0x30, 0x71, 0x02, 0x00, 0x2f, 0x01, 0x03, 0x00,
    0x03, 0x00, 0x00, 0x00, 0x00, 0x40, 0x00, 0x00, 0x90, 0x6d, 0x02, 0x00,
    0x01, 0x01, 0x00, 0x00, 0x02, 0x01, 0x00, 0x00, 0x10, 0x40, 0x00, 0x00,
    0xb0, 0xdc, 0x01, 0x00, 0x20, 0x01, 0x00, 0x00, 0x20, 0x40, 0x00, 0x00,
    0x60, 0x13, 0x00, 0x00, 0x21, 0x40, 0x00, 0x00, 0x50, 0x01, 0x00, 0x00,
    0x22, 0x40, 0x00, 0x00, 0xc0, 0x12, 0x00, 0x00, 0x2f, 0x01, 0x01, 0x00,
    0x02, 0x00, 0x00, 0x00, 0x00, 0x40, 0x00, 0x00, 0x30, 0x71, 0x02, 0x00,
    0x10, 0x40, 0x00, 0x00, 0x50, 0xe0, 0x01, 0x00, 0x2f, 0x01, 0x03, 0x00,
    0x02, 0x00, 0x00, 0x00, 0x00, 0x40, 0x00, 0x00, 0x70, 0xb8, 0x01, 0x00,
    0x0b, 0x01, 0x04, 0x00, 0x0c, 0x01, 0x04, 0x00, 0x01, 0x01, 0x01, 0x00,
    0x02, 0x01, 0x01, 0x00, 0x10, 0x40, 0x00, 0x00, 0x10, 0x5f, 0x02, 0x00,
    0x21, 0x01, 0x04, 0x00, 0x20, 0x01, 0x02, 0x00, 0x20, 0x40, 0x00, 0x00,
    0x70, 0x0e, 0x00, 0x00, 0x21, 0x40, 0x00, 0x00, 0x10, 0x01, 0x00, 0x00,
    0x22, 0x40, 0x00, 0x00, 0xd0, 0x0d, 0x00, 0x00, 0x0d, 0x01, 0x12, 0x00,
    0x03, 0x00, 0x00, 0x00, 0x00, 0x40, 0x00, 0x00, 0x10, 0xbc, 0x01, 0x00,
    0x10, 0x40, 0x00, 0x00, 0xb0, 0x62, 0x02, 0x00, 0x03, 0x00, 0x00, 0x00,
    0x00, 0x40, 0x00, 0x00, 0x10, 0x5f, 0x02, 0x00, 0x0b, 0x01, 0x00, 0x00,
    0x0c, 0x01, 0x00, 0x00, 0x01, 0x01, 0x00, 0x00, 0x02, 0x01, 0x00, 0x00,
    0x10, 0x40, 0x00, 0x00, 0x50, 0x66, 0x02, 0x00, 0x21, 0x01, 0x00, 0x00,
    0x20, 0x01, 0x00, 0x00, 0x20, 0x40, 0x00, 0x00, 0x20, 0x10, 0x00, 0x00,
    0x21, 0x40, 0x00, 0x00, 0x50, 0x01, 0x00, 0x00, 0x22, 0x40, 0x00, 0x00,
    0x80, 0x0f, 0x00, 0x00, 0x0d, 0x01, 0x0a, 0x00, 0x2f, 0x01, 0x01, 0x00,
    0x02, 0x00, 0x00, 0x00, 0x00, 0x40, 0x00, 0x00, 0xb0, 0x62, 0x02, 0x00,
    0x10, 0x40, 0x00, 0x00, 0xf0, 0x69, 0x02, 0x00, 0x2f, 0x01, 0x03, 0x00,
    0x02, 0x00, 0x00, 0x00, 0x00, 0x40, 0x00, 0x00, 0x50, 0x66, 0x02, 0x00,
    0x01, 0x01, 0x04, 0x00, 0x02, 0x01, 0x04, 0x00, 0x10, 0x40, 0x00, 0x00,
    0x90, 0x6d, 0x02, 0x00, 0x20, 0x01, 0x08, 0x00, 0x20, 0x40, 0x00, 0x00,
    0x10, 0x12, 0x00, 0x00, 0x21, 0x40, 0x00, 0x00, 0xb0, 0x00, 0x00, 0x00,
    0x22, 0x40, 0x00, 0x00, 0x70, 0x11, 0x00, 0x00, 0x2f, 0x01, 0x01, 0x00,
    0x03, 0x00, 0x00, 0x00, 0x00, 0x40, 0x00, 0x00, 0xf0, 0x69, 0x02, 0x00,
    0x10, 0x40, 0x00, 0x00, 0x30, 0x71, 0x02, 0x00, 0x2f, 0x01, 0x03, 0x00,
    0x03, 0x00, 0x00, 0x00, 0x00, 0x40, 0x00, 0x00, 0x90, 0x6d, 0x02, 0x00,
    0x01, 0x01, 0x00, 0x00, 0x02, 0x01, 0x00, 0x00, 0x10, 0x40, 0x00, 0x00,
    0xf0, 0xe3, 0x01, 0x00, 0x20, 0x01, 0x00, 0x00, 0x20, 0x40, 0x00, 0x00,
    0x60, 0x13, 0x00, 0x00, 0x21, 0x40, 0x00, 0x00, 0x50, 0x01, 0x00, 0x00,
    0x22, 0x40, 0x00, 0x00, 0xc0, 0x12, 0x00, 0x00, 0x2f, 0x01, 0x01, 0x00,
    0x02, 0x00, 0x00, 0x00, 0x00, 0x40, 0x00, 0x00, 0x30, 0x71, 0x02, 0x00,
    0x10, 0x40, 0x00, 0x00, 0x90, 0xe7, 0x01, 0x00, 0x2f, 0x01, 0x03, 0x00,
    0x02, 0x00, 0x00, 0x00, 0x00, 0x40, 0x00, 0x00, 0xb0, 0xa2, 0x01, 0x00,
    0x02, 0x40, 0x00, 0x00, 0xb0, 0x85, 0x01, 0x00, 0x0b, 0x01, 0x01, 0x00,
    0x0c, 0x01, 0x01, 0x00, 0x01, 0x01, 0x01, 0x00, 0x02, 0x01, 0x01, 0x00,
    0x10, 0x40, 0x00, 0x00, 0x50, 0x49, 0x02, 0x00, 0x21, 0x01, 0x04, 0x00,
    0x20, 0x01, 0x02, 0x00, 0x20, 0x40, 0x00, 0x00, 0x70, 0x07, 0x00, 0x00,
    0x21, 0x40, 0x00, 0x00, 0x10, 0x01, 0x00, 0x00, 0x22, 0x40, 0x00, 0x00,
    0xd0, 0x06, 0x00, 0x00, 0x0d, 0x01, 0x12, 0x00, 0x03, 0x00, 0x00, 0x00,
    0x00, 0x40, 0x00, 0x00, 0x50, 0xa6, 0x01, 0x00, 0x0b, 0x01, 0x00, 0x00,
    0x0c, 0x01, 0x00, 0x00, 0x10, 0x40, 0x00, 0x00, 0xf0, 0x4c, 0x02, 0x00,
    0x03, 0x00, 0x00, 0x00, 0x00, 0x40, 0x00, 0x00, 0x50, 0x49, 0x02, 0x00,
    0x02, 0x40, 0x00, 0x00, 0x00, 0x00, 0x00, 0x00, 0x01, 0x01, 0x00, 0x00,
    0x02, 0x01, 0x00, 0x00, 0x10, 0x40, 0x00, 0x00, 0x90, 0x50, 0x02, 0x00,
    0x21, 0x01, 0x00, 0x00, 0x20, 0x01, 0x00, 0x00, 0x20, 0x40, 0x00, 0x00,
    0x20, 0x09, 0x00, 0x00, 0x21, 0x40, 0x00, 0x00, 0x50, 0x01, 0x00, 0x00,
    0x22, 0x40, 0x00, 0x00, 0x80, 0x08, 0x00, 0x00, 0x0d, 0x01, 0x0a, 0x00,
    0x2f, 0x01, 0x01, 0x00, 0x02, 0x00, 0x00, 0x00, 0x00, 0x40, 0x00, 0x00,
    0xf0, 0x4c, 0x02, 0x00, 0x10, 0x40, 0x00, 0x00, 0x30, 0x54, 0x02, 0x00,
    0x2f, 0x01, 0x03, 0x00, 0x02, 0x00, 0x00, 0x00, 0x00, 0x40, 0x00, 0x00,
    0x90, 0x50, 0x02, 0x00, 0x01, 0x01, 0x04, 0x00, 0x02, 0x01, 0x04, 0x00,
    0x10, 0x40, 0x00, 0x00, 0xd0, 0x57, 0x02, 0x00, 0x20, 0x01, 0x08, 0x00,
    0x20, 0x40, 0x00, 0x00, 0x10, 0x0b, 0x00, 0x00, 0x21, 0x40, 0x00, 0x00,
    0xd0, 0x00, 0x00, 0x00, 0x22, 0x40, 0x00, 0x00, 0x70, 0x0a, 0x00, 0x00,
    0x2f, 0x01, 0x01, 0x00, 0x03, 0x00, 0x00, 0x00, 0x00, 0x40, 0x00, 0x00,
    0x30, 0x54, 0x02, 0x00, 0x10, 0x40, 0x00, 0x00, 0x70, 0x5b, 0x02, 0x00,
    0x2f, 0x01, 0x03, 0x00, 0x03, 0x00, 0x00, 0x00, 0x00, 0x40, 0x00, 0x00,
    0xd0, 0x57, 0x02, 0x00, 0x01, 0x01, 0x00, 0x00, 0x02, 0x01, 0x00, 0x00,
    0x10, 0x40, 0x00, 0x00, 0xf0, 0xa9, 0x01, 0x00, 0x20, 0x01, 0x00, 0x00,
    0x20, 0x40, 0x00, 0x00, 0x80, 0x0c, 0x00, 0x00, 0x21, 0x40, 0x00, 0x00,
    0x50, 0x01, 0x00, 0x00, 0x22, 0x40, 0x00, 0x00, 0xe0, 0x0b, 0x00, 0x00,
    0x2f, 0x01, 0x01, 0x00, 0x02, 0x00, 0x00, 0x00, 0x00, 0x40, 0x00, 0x00,
    0x70, 0x5b, 0x02, 0x00, 0x10, 0x40, 0x00, 0x00, 0x90, 0xad, 0x01, 0x00,
    0x2f, 0x01, 0x03, 0x00, 0x02, 0x00, 0x00, 0x00, 0x00, 0x40, 0x00, 0x00,
    0xb0, 0x85, 0x01, 0x00, 0x0b, 0x01, 0x04, 0x00, 0x0c, 0x01, 0x04, 0x00,
    0x01, 0x01, 0x01, 0x00, 0x02, 0x01, 0x01, 0x00, 0x10, 0x40, 0x00, 0x00,
    0x50, 0x49, 0x02, 0x00, 0x21, 0x01, 0x04, 0x00, 0x20, 0x01, 0x02, 0x00,
    0x20, 0x40, 0x00, 0x00, 0x70, 0x07, 0x00, 0x00, 0x21, 0x40, 0x00, 0x00,
    0x10, 0x01, 0x00, 0x00, 0x22, 0x40, 0x00, 0x00, 0xd0, 0x06, 0x00, 0x00,
    0x0d, 0x01, 0x12, 0x00, 0x03, 0x00, 0x00, 0x00, 0x00, 0x40, 0x00, 0x00,
    0x50, 0x89, 0x01, 0x00, 0x10, 0x40, 0x00, 0x00, 0xf0, 0x4c, 0x02, 0x00,
    0x03, 0x00, 0x00, 0x00, 0x00, 0x40, 0x00, 0x00, 0x50, 0x49, 0x02, 0x00,
    0x0b, 0x01, 0x00, 0x00, 0x0c, 0x01, 0x00, 0x00, 0x01, 0x01, 0x00, 0x00,
    0x02, 0x01, 0x00, 0x00, 0x10, 0x40, 0x00, 0x00, 0x90, 0x50, 0x02, 0x00,
    0x21, 0x01, 0x00, 0x00, 0x20, 0x01, 0x00, 0x00, 0x20, 0x40, 0x00, 0x00,
    0x20, 0x09, 0x00, 0x00, 0x21, 0x40, 0x00, 0x00, 0x50, 0x01, 0x00, 0x00,
    0x22, 0x40, 0x00, 0x00, 0x80, 0x08, 0x00, 0x00, 0x0d, 0x01, 0x0a, 0x00,
    0x2f, 0x01, 0x01, 0x00, 0x02, 0x00, 0x00, 0x00, 0x00, 0x40, 0x00, 0x00,
    0xf0, 0x4c, 0x02, 0x00, 0x10, 0x40, 0x00, 0x00, 0x30, 0x54, 0x02, 0x00,
    0x2f, 0x01, 0x03, 0x00, 0x02, 0x00, 0x00, 0x00, 0x00, 0x40, 0x00, 0x00,
    0x90, 0x50, 0x02, 0x00, 0x01, 0x01, 0x04, 0x00, 0x02, 0x01, 0x04, 0x00,
    0x10, 0x40, 0x00, 0x00, 0xd0, 0x57, 0x02, 0x00, 0x20, 0x01, 0x08, 0x00,
    0x20, 0x40, 0x00, 0x00, 0x10, 0x0b, 0x00, 0x00, 0x21, 0x40, 0x00, 0x00,
    0xd0, 0x00, 0x00, 0x00, 0x22, 0x40, 0x00, 0x00, 0x70, 0x0a, 0x00, 0x00,
    0x2f, 0x01, 0x01, 0x00, 0x03, 0x00, 0x00, 0x00, 0x00, 0x40, 0x00, 0x00,
    0x30, 0x54, 0x02, 0x00, 0x10, 0x40, 0x00, 0x00, 0x70, 0x5b, 0x02, 0x00,
    0x2f, 0x01, 0x03, 0x00, 0x03, 0x00, 0x00, 0x00, 0x00, 0x40, 0x00, 0x00,
    0xd0, 0x57, 0x02, 0x00, 0x01, 0x01, 0x00, 0x00, 0x02, 0x01, 0x00, 0x00,
    0x10, 0x40, 0x00, 0x00, 0x30, 0xb1, 0x01, 0x00, 0x20, 0x01, 0x00, 0x00,
    0x20, 0x40, 0x00, 0x00, 0x80, 0x0c, 0x00, 0x00, 0x21, 0x40, 0x00, 0x00,
    0x50, 0x01, 0x00, 0x00, 0x22, 0x40, 0x00, 0x00, 0xe0, 0x0b, 0x00, 0x00,
    0x2f, 0x01, 0x01, 0x00, 0x02, 0x00, 0x00, 0x00, 0x00, 0x40, 0x00, 0x00,
    0x70, 0x5b, 0x02, 0x00, 0x10, 0x40, 0x00, 0x00, 0xd0, 0xb4, 0x01, 0x00,
    0x2f, 0x01, 0x03, 0x00, 0x02, 0x00, 0x00, 0x00, 0x00, 0x40, 0x00, 0x00,
    0x70, 0xbc, 0x00, 0x00, 0x0b, 0x01, 0x01, 0x00, 0x0c, 0x01, 0x01, 0x00,
    0x0a, 0x01, 0x72, 0x00, 0x04, 0x01, 0x03, 0x00, 0x05, 0x40, 0x00, 0x00,
    0xcc, 0x01, 0x00, 0x00, 0x04, 0x40, 0x00, 0x00, 0x04, 0x00, 0x00, 0x00,
    0x06, 0x40, 0x00, 0x00, 0x01, 0x00, 0x00, 0x00, 0x09, 0x01, 0x00, 0x00,
    0x05, 0x01, 0x01, 0x00, 0x10, 0x40, 0x00, 0x00, 0xf0, 0x1d, 0x02, 0x00,
    0x11, 0x01, 0x72, 0x00, 0x1a, 0x01, 0x72, 0x00, 0x13, 0x01, 0x03, 0x00,
    0x15, 0x40, 0x00, 0x00, 0x30, 0x07, 0x00, 0x00, 0x16, 0x40, 0x00, 0x00,
    0x30, 0x07, 0x00, 0x00, 0x18, 0x01, 0x00, 0x00, 0x14, 0x01, 0x41, 0x81,
    0x21, 0x01, 0x01, 0x00, 0x22, 0x01, 0x02, 0x00, 0x15, 0x01, 0x15, 0x00,
    0x17, 0x01, 0x07, 0x00, 0x05, 0x00, 0x01, 0x00, 0x00, 0x40, 0x00, 0x00,
    0x08, 0xc0, 0x00, 0x00, 0x10, 0x40, 0x00, 0x00, 0x20, 0x25, 0x02, 0x00,
    0x05, 0x00, 0x01, 0x00, 0x00, 0x40, 0x00, 0x00, 0xf0, 0x1d, 0x02, 0x00,
    0x0b, 0x01, 0x00, 0x00, 0x0c, 0x01, 0x00, 0x00, 0x05, 0x40, 0x00, 0x00,
    0x30, 0x07, 0x00, 0x00, 0x04, 0x40, 0x00, 0x00, 0x10, 0x00, 0x00, 0x00,
    0x06, 0x40, 0x00, 0x00, 0x30, 0x07, 0x00, 0x00, 0x09, 0x01, 0xff, 0xff,
    0x05, 0x01, 0x41, 0x00, 0x01, 0x01, 0x01, 0x00, 0x02, 0x01, 0x01, 0x00,
    0x10, 0x40, 0x00, 0x00, 0x50, 0x2c, 0x02, 0x00, 0x11, 0x01, 0x39, 0x00,
    0x1a, 0x01, 0x39, 0x00, 0x13, 0x01, 0x0b, 0x00, 0x15, 0x40, 0x00, 0x00,
    0xa0, 0x03, 0x00, 0x00, 0x16, 0x40, 0x00, 0x00, 0xa0, 0x03, 0x00, 0x00,
    0x18, 0x01, 0x80, 0xff, 0x14, 0x01, 0x41, 0x00, 0x21, 0x01, 0x00, 0x00,
    0x20, 0x01, 0x02, 0x00, 0x22, 0x01, 0x05, 0x00, 0x20, 0x40, 0x00, 0x00,
    0x80, 0x00, 0x00, 0x00, 0x21, 0x40, 0x00, 0x00, 0x00, 0x01, 0x00, 0x00,
    0x22, 0x40, 0x00, 0x00, 0x00, 0x00, 0x00, 0x00, 0x23, 0x40, 0x00, 0x00,
    0x80, 0x00, 0x00, 0x00, 0x15, 0x01, 0x39, 0x00, 0x17, 0x01, 0x0f, 0x00,
    0x2f, 0x01, 0x01, 0x00, 0x02, 0x00, 0x00, 0x00, 0x00, 0x40, 0x00, 0x00,
    0x20, 0x25, 0x02, 0x00, 0x10, 0x40, 0x00, 0x00, 0xf0, 0x2f, 0x02, 0x00,
    0x2f, 0x01, 0x03, 0x00, 0x02, 0x00, 0x00, 0x00, 0x00, 0x40, 0x00, 0x00,
    0x50, 0x2c, 0x02, 0x00, 0x0a, 0x01, 0x39, 0x00, 0x04, 0x01, 0x0b, 0x00,
    0x05, 0x40, 0x00, 0x00, 0xa0, 0x03, 0x00, 0x00, 0x06, 0x40, 0x00, 0x00,
    0xa0, 0x03, 0x00, 0x00, 0x09, 0x01, 0x80, 0xff, 0x01, 0x01, 0x03, 0x00,
    0x02, 0x01, 0x03, 0x00, 0x10, 0x40, 0x00, 0x00, 0x90, 0x33, 0x02, 0x00,
    0x20, 0x01, 0x06, 0x00, 0x22, 0x01, 0x00, 0x00, 0x20, 0x40, 0x00, 0x00,
    0x00, 0x02, 0x00, 0x00, 0x21, 0x40, 0x00, 0x00, 0x90, 0x00, 0x00, 0x00,
    0x22, 0x40, 0x00, 0x00, 0x80, 0x01, 0x00, 0x00, 0x2f, 0x01, 0x01, 0x00,
    0x03, 0x00, 0x00, 0x00, 0x00, 0x40, 0x00, 0x00, 0xf0, 0x2f, 0x02, 0x00,
    0x10, 0x40, 0x00, 0x00, 0x30, 0x37, 0x02, 0x00, 0x2f, 0x01, 0x03, 0x00,
    0x03, 0x00, 0x00, 0x00, 0x00, 0x40, 0x00, 0x00, 0x90, 0x33, 0x02, 0x00,
    0x01, 0x01, 0x00, 0x00, 0x02, 0x01, 0x00, 0x00, 0x10, 0x40, 0x00, 0x00,
    0xd0, 0x3a, 0x02, 0x00, 0x20, 0x01, 0x00, 0x00, 0x20, 0x40, 0x00, 0x00,
    0x10, 0x03, 0x00, 0x00, 0x21, 0x40, 0x00, 0x00, 0xe0, 0x00, 0x00, 0x00,
    0x22, 0x40, 0x00, 0x00, 0x90, 0x02, 0x00, 0x00, 0x2f, 0x01, 0x01, 0x00,
    0x02, 0x00, 0x00, 0x00, 0x00, 0x40, 0x00, 0x00, 0x30, 0x37, 0x02, 0x00,
    0x10, 0x40, 0x00, 0x00, 0x70, 0x3e, 0x02, 0x00, 0x2f, 0x01, 0x03, 0x00,
    0x02, 0x00, 0x00, 0x00, 0x00, 0x40, 0x00, 0x00, 0xd0, 0x3a, 0x02, 0x00,
    0x01, 0x01, 0x04, 0x00, 0x02, 0x01, 0x04, 0x00, 0x10, 0x40, 0x00, 0x00,
    0x10, 0x42, 0x02, 0x00, 0x20, 0x01, 0x08, 0x00, 0x20, 0x40, 0x00, 0x00,
    0x70, 0x04, 0x00, 0x00, 0x21, 0x40, 0x00, 0x00, 0xb0, 0x00, 0x00, 0x00,
    0x22, 0x40, 0x00, 0x00, 0xf0, 0x03, 0x00, 0x00, 0x2f, 0x01, 0x01, 0x00,
    0x03, 0x00, 0x00, 0x00, 0x00, 0x40, 0x00, 0x00, 0x70, 0x3e, 0x02, 0x00,
    0x10, 0x40, 0x00, 0x00, 0xb0, 0x45, 0x02, 0x00, 0x2f, 0x01, 0x03, 0x00,
    0x03, 0x00, 0x00, 0x00, 0x00, 0x40, 0x00, 0x00, 0x10, 0x42, 0x02, 0x00,
    0x01, 0x01, 0x00, 0x00, 0x02, 0x01, 0x00, 0x00, 0x10, 0x40, 0x00, 0x00,
    0x70, 0x9b, 0x01, 0x00, 0x13, 0x01, 0x0f, 0x00, 0x20, 0x01, 0x00, 0x00,
    0x20, 0x40, 0x00, 0x00, 0xc0, 0x05, 0x00, 0x00, 0x21, 0x40, 0x00, 0x00,
    0x10, 0x01, 0x00, 0x00, 0x22, 0x40, 0x00, 0x00, 0x20, 0x05, 0x00, 0x00,
    0x23, 0x40, 0x00, 0x00, 0xa0, 0x00, 0x00, 0x00, 0x2f, 0x01, 0x01, 0x00,
    0x02, 0x00, 0x00, 0x00, 0x00, 0x40, 0x00, 0x00, 0xb0, 0x45, 0x02, 0x00,
    0x10, 0x40, 0x00, 0x00, 0x10, 0x9f, 0x01, 0x00, 0x2f, 0x01, 0x03, 0x00,
    0x02, 0x00, 0x00, 0x00, 0x00, 0x40, 0x00, 0x00, 0xa0, 0xc3, 0x00, 0x00,
    0x0b, 0x01, 0x01, 0x00, 0x0c, 0x01, 0x01, 0x00, 0x0a, 0x01, 0x72, 0x00,
    0x04, 0x01, 0x03, 0x00, 0x05, 0x40, 0x00, 0x00, 0xcc, 0x01, 0x00, 0x00,
    0x04, 0x40, 0x00, 0x00, 0x04, 0x00, 0x00, 0x00, 0x06, 0x40, 0x00, 0x00,
    0x01, 0x00, 0x00, 0x00, 0x09, 0x01, 0x00, 0x00, 0x05, 0x01, 0x01, 0x00,
    0x10, 0x40, 0x00, 0x00, 0xf0, 0x1d, 0x02, 0x00, 0x11, 0x01, 0x72, 0x00,
    0x1a, 0x01, 0x72, 0x00, 0x13, 0x01, 0x03, 0x00, 0x15, 0x40, 0x00, 0x00,
    0x30, 0x07, 0x00, 0x00, 0x16, 0x40, 0x00, 0x00, 0x30, 0x07, 0x00, 0x00,
    0x18, 0x01, 0x00, 0x00, 0x14, 0x01, 0x41, 0x81, 0x21, 0x01, 0x01, 0x00,
    0x22, 0x01, 0x02, 0x00, 0x15, 0x01, 0x15, 0x00, 0x17, 0x01, 0x07, 0x00,
    0x05, 0x00, 0x01, 0x00, 0x00, 0x40, 0x00, 0x00, 0x38, 0xc7, 0x00, 0x00,
    0x10, 0x40, 0x00, 0x00, 0x20, 0x25, 0x02, 0x00, 0x05, 0x00, 0x01, 0x00,
    0x00, 0x40, 0x00, 0x00, 0xf0, 0x1d, 0x02, 0x00, 0x0b, 0x01, 0x00, 0x00,
    0x0c, 0x01, 0x00, 0x00, 0x05, 0x40, 0x00, 0x00, 0x30, 0x07, 0x00, 0x00,
    0x04, 0x40, 0x00, 0x00, 0x10, 0x00, 0x00, 0x00, 0x06, 0x40, 0x00, 0x00,
    0x30, 0x07, 0x00, 0x00, 0x09, 0x01, 0xff, 0xff, 0x05, 0x01, 0x41, 0x00,
    0x01, 0x01, 0x01, 0x00, 0x02, 0x01, 0x01, 0x00, 0x10, 0x40, 0x00, 0x00,
    0x50, 0x2c, 0x02, 0x00, 0x11, 0x01, 0x39, 0x00, 0x1a, 0x01, 0x39, 0x00,
    0x13, 0x01, 0x0b, 0x00, 0x15, 0x40, 0x00, 0x00, 0xa0, 0x03, 0x00, 0x00,
    0x16, 0x40, 0x00, 0x00, 0xa0, 0x03, 0x00, 0x00, 0x18, 0x01, 0x80, 0xff,
    0x14, 0x01, 0x41, 0x00, 0x21, 0x01, 0x00, 0x00, 0x20, 0x01, 0x02, 0x00,
    0x22, 0x01, 0x05, 0x00, 0x20, 0x40, 0x00, 0x00, 0x80, 0x00, 0x00, 0x00,
    0x21, 0x40, 0x00, 0x00, 0x00, 0x01, 0x00, 0x00, 0x22, 0x40, 0x00, 0x00,
    0x00, 0x00, 0x00, 0x00, 0x23, 0x40, 0x00, 0x00, 0x80, 0x00, 0x00, 0x00,
    0x15, 0x01, 0x39, 0x00, 0x17, 0x01, 0x0f, 0x00, 0x2f, 0x01, 0x01, 0x00,
    0x02, 0x00, 0x00, 0x00, 0x00, 0x40, 0x00, 0x00, 0x20, 0x25, 0x02, 0x00,
    0x10, 0x40, 0x00, 0x00, 0xf0, 0x2f, 0x02, 0x00, 0x2f, 0x01, 0x03, 0x00,
    0x02, 0x00, 0x00, 0x00, 0x00, 0x40, 0x00, 0x00, 0x50, 0x2c, 0x02, 0x00,
    0x0a, 0x01, 0x39, 0x00, 0x04, 0x01, 0x0b, 0x00, 0x05, 0x40, 0x00, 0x00,
    0xa0, 0x03, 0x00, 0x00, 0x06, 0x40, 0x00, 0x00, 0xa0, 0x03, 0x00, 0x00,
    0x09, 0x01, 0x80, 0xff, 0x01, 0x01, 0x03, 0x00, 0x02, 0x01, 0x03, 0x00,
    0x10, 0x40, 0x00, 0x00, 0x90, 0x33, 0x02, 0x00, 0x20, 0x01, 0x06, 0x00,
    0x22, 0x01, 0x00, 0x00, 0x20, 0x40, 0x00, 0x00, 0x00, 0x02, 0x00, 0x00,
    0x21, 0x40, 0x00, 0x00, 0x90, 0x00, 0x00, 0x00, 0x22, 0x40, 0x00, 0x00,
    0x80, 0x01, 0x00, 0x00, 0x2f, 0x01, 0x01, 0x00, 0x03, 0x00, 0x00, 0x00,
    0x00, 0x40, 0x00, 0x00, 0xf0, 0x2f, 0x02, 0x00, 0x10, 0x40, 0x00, 0x00,
    0x30, 0x37, 0x02, 0x00, 0x2f, 0x01, 0x03, 0x00, 0x03, 0x00, 0x00, 0x00,
    0x00, 0x40, 0x00, 0x00, 0x90, 0x33, 0x02, 0x00, 0x01, 0x01, 0x00, 0x00,
    0x02, 0x01, 0x00, 0x00, 0x10, 0x40, 0x00, 0x00, 0xd0, 0x3a, 0x02, 0x00,
    0x20, 0x01, 0x00, 0x00, 0x20, 0x40, 0x00, 0x00, 0x10, 0x03, 0x00, 0x00,
    0x21, 0x40, 0x00, 0x00, 0xe0, 0x00, 0x00, 0x00, 0x22, 0x40, 0x00, 0x00,
    0x90, 0x02, 0x00, 0x00, 0x2f, 0x01, 0x01, 0x00, 0x02, 0x00, 0x00, 0x00,
    0x00, 0x40, 0x00, 0x00, 0x30, 0x37, 0x02, 0x00, 0x10, 0x40, 0x00, 0x00,
    0x70, 0x3e, 0x02, 0x00, 0x2f, 0x01, 0x03, 0x00, 0x02, 0x00, 0x00, 0x00,
    0x00, 0x40, 0x00, 0x00, 0xd0, 0x3a, 0x02, 0x00, 0x01, 0x01, 0x04, 0x00,
    0x02, 0x01, 0x04, 0x00, 0x10, 0x40, 0x00, 0x00, 0x10, 0x42, 0x02, 0x00,
    0x20, 0x01, 0x08, 0x00, 0x20, 0x40, 0x00, 0x00, 0x70, 0x04, 0x00, 0x00,
    0x21, 0x40, 0x00, 0x00, 0xb0, 0x00, 0x00, 0x00, 0x22, 0x40, 0x00, 0x00,
    0xf0, 0x03, 0x00, 0x00, 0x2f, 0x01, 0x01, 0x00, 0x03, 0x00, 0x00, 0x00,
    0x00, 0x40, 0x00, 0x00, 0x70, 0x3e, 0x02, 0x00, 0x10, 0x40, 0x00, 0x00,
    0xb0, 0x45, 0x02, 0x00, 0x2f, 0x01, 0x03, 0x00, 0x03, 0x00, 0x00, 0x00,
    0x00, 0x40, 0x00, 0x00, 0x10, 0x42, 0x02, 0x00, 0x01, 0x01, 0x00, 0x00,
    0x02, 0x01, 0x00, 0x00, 0x10, 0x40, 0x00, 0x00, 0xb0, 0xa2, 0x01, 0x00,
    0x13, 0x01, 0x0f, 0x00, 0x20, 0x01, 0x00, 0x00, 0x20, 0x40, 0x00, 0x00,
    0xc0, 0x05, 0x00, 0x00, 0x21, 0x40, 0x00, 0x00, 0x10, 0x01, 0x00, 0x00,
    0x22, 0x40, 0x00, 0x00, 0x20, 0x05, 0x00, 0x00, 0x23, 0x40, 0x00, 0x00,
    0xa0, 0x00, 0x00, 0x00, 0x2f, 0x01, 0x01, 0x00, 0x02, 0x00, 0x00, 0x00,
    0x00, 0x40, 0x00, 0x00, 0xb0, 0x45, 0x02, 0x00, 0x10, 0x40, 0x00, 0x00,
    0x50, 0xa6, 0x01, 0x00, 0x2f, 0x01, 0x03, 0x00, 0x02, 0x00, 0x00, 0x00,
    0x00, 0x40, 0x00, 0x00, 0xd0, 0xca, 0x00, 0x00, 0x0b, 0x01, 0x01, 0x00,
    0x0c, 0x01, 0x01, 0x00, 0x0a, 0x01, 0x72, 0x00, 0x04, 0x01, 0x03, 0x00,
    0x05, 0x40, 0x00, 0x00, 0xcc, 0x01, 0x00, 0x00, 0x04, 0x40, 0x00, 0x00,
    0x04, 0x00, 0x00, 0x00, 0x06, 0x40, 0x00, 0x00, 0x01, 0x00, 0x00, 0x00,
    0x09, 0x01, 0x00, 0x00, 0x05, 0x01, 0x01, 0x00, 0x10, 0x40, 0x00, 0x00,
    0xf0, 0x1d, 0x02, 0x00, 0x11, 0x01, 0x72, 0x00, 0x1a, 0x01, 0x72, 0x00,
    0x13, 0x01, 0x03, 0x00, 0x15, 0x40, 0x00, 0x00, 0x30, 0x07, 0x00, 0x00,
    0x16, 0x40, 0x00, 0x00, 0x30, 0x07, 0x00, 0x00, 0x18, 0x01, 0x00, 0x00,
    0x14, 0x01, 0x41, 0x81, 0x21, 0x01, 0x01, 0x00, 0x22, 0x01, 0x02, 0x00,
    0x15, 0x01, 0x15, 0x00, 0x17, 0x01, 0x07, 0x00, 0x05, 0x00, 0x01, 0x00,
    0x00, 0x40, 0x00, 0x00, 0x68, 0xce, 0x00, 0x00, 0x10, 0x40, 0x00, 0x00,
    0x20, 0x25, 0x02, 0x00, 0x05, 0x00, 0x01, 0x00, 0x00, 0x40, 0x00, 0x00,
    0xf0, 0x1d, 0x02, 0x00, 0x0b, 0x01, 0x00, 0x00, 0x0c, 0x01, 0x00, 0x00,
    0x05, 0x40, 0x00, 0x00, 0x30, 0x07, 0x00, 0x00, 0x04, 0x40, 0x00, 0x00,
    0x10, 0x00, 0x00, 0x00, 0x06, 0x40, 0x00, 0x00, 0x30, 0x07, 0x00, 0x00,
    0x09, 0x01, 0xff, 0xff, 0x05, 0x01, 0x41, 0x00, 0x01, 0x01, 0x01, 0x00,
    0x02, 0x01, 0x01, 0x00, 0x10, 0x40, 0x00, 0x00, 0x50, 0x2c, 0x02, 0x00,
    0x11, 0x01, 0x39, 0x00, 0x1a, 0x01, 0x39, 0x00, 0x13, 0x01, 0x0b, 0x00,
    0x15, 0x40, 0x00, 0x00, 0xa0, 0x03, 0x00, 0x00, 0x16, 0x40, 0x00, 0x00,
    0xa0, 0x03, 0x00, 0x00, 0x18, 0x01, 0x80, 0xff, 0x14, 0x01, 0x41, 0x00,
    0x21, 0x01, 0x00, 0x00, 0x20, 0x01, 0x02, 0x00, 0x22, 0x01, 0x05, 0x00,
    0x20, 0x40, 0x00, 0x00, 0x80, 0x00, 0x00, 0x00, 0x21, 0x40, 0x00, 0x00,
    0x00, 0x01, 0x00, 0x00, 0x22, 0x40, 0x00, 0x00, 0x00, 0x00, 0x00, 0x00,
    0x23, 0x40, 0x00, 0x00, 0x80, 0x00, 0x00, 0x00, 0x15, 0x01, 0x39, 0x00,
    0x17, 0x01, 0x0f, 0x00, 0x2f, 0x01, 0x01, 0x00, 0x02, 0x00, 0x00, 0x00,
    0x00, 0x40, 0x00, 0x00, 0x20, 0x25, 0x02, 0x00, 0x10, 0x40, 0x00, 0x00,
    0xf0, 0x2f, 0x02, 0x00, 0x2f, 0x01, 0x03, 0x00, 0x02, 0x00, 0x00, 0x00,
    0x00, 0x40, 0x00, 0x00, 0x50, 0x2c, 0x02, 0x00, 0x0a, 0x01, 0x39, 0x00,
    0x04, 0x01, 0x0b, 0x00, 0x05, 0x40, 0x00, 0x00, 0xa0, 0x03, 0x00, 0x00,
    0x06, 0x40, 0x00, 0x00, 0xa0, 0x03, 0x00, 0x00, 0x09, 0x01, 0x80, 0xff,
    0x01, 0x01, 0x03, 0x00, 0x02, 0x01, 0x03, 0x00, 0x10, 0x40, 0x00, 0x00,
    0x90, 0x33, 0x02, 0x00, 0x20, 0x01, 0x06, 0x00, 0x22, 0x01, 0x00, 0x00,
    0x20, 0x40, 0x00, 0x00, 0x00, 0x02, 0x00, 0x00, 0x21, 0x40, 0x00, 0x00,
    0x90, 0x00, 0x00, 0x00, 0x22, 0x40, 0x00, 0x00, 0x80, 0x01, 0x00, 0x00,
    0x2f, 0x01, 0x01, 0x00, 0x03, 0x00, 0x00, 0x00, 0x00, 0x40, 0x00, 0x00,
    0xf0, 0x2f, 0x02, 0x00, 0x10, 0x40, 0x00, 0x00, 0x30, 0x37, 0x02, 0x00,
    0x2f, 0x01, 0x03, 0x00, 0x03, 0x00, 0x00, 0x00, 0x00, 0x40, 0x00, 0x00,
    0x90, 0x33, 0x02, 0x00, 0x01, 0x01, 0x00, 0x00, 0x02, 0x01, 0x00, 0x00,
    0x10, 0x40, 0x00, 0x00, 0xd0, 0x3a, 0x02, 0x00, 0x20, 0x01, 0x00, 0x00,
    0x20, 0x40, 0x00, 0x00, 0x10, 0x03, 0x00, 0x00, 0x21, 0x40, 0x00, 0x00,
    0xe0, 0x00, 0x00, 0x00, 0x22, 0x40, 0x00, 0x00, 0x90, 0x02, 0x00, 0x00,
    0x2f, 0x01, 0x01, 0x00, 0x02, 0x00, 0x00, 0x00, 0x00, 0x40, 0x00, 0x00,
    0x30, 0x37, 0x02, 0x00, 0x10, 0x40, 0x00, 0x00, 0x70, 0x3e, 0x02, 0x00,
    0x2f, 0x01, 0x03, 0x00, 0x02, 0x00, 0x00, 0x00, 0x00, 0x40, 0x00, 0x00,
    0xd0, 0x3a, 0x02, 0x00, 0x01, 0x01, 0x04, 0x00, 0x02, 0x01, 0x04, 0x00,
    0x10, 0x40, 0x00, 0x00, 0x10, 0x42, 0x02, 0x00, 0x20, 0x01, 0x08, 0x00,
    0x20, 0x40, 0x00, 0x00, 0x70, 0x04, 0x00, 0x00, 0x21, 0x40, 0x00, 0x00,
    0xb0, 0x00, 0x00, 0x00, 0x22, 0x40, 0x00, 0x00, 0xf0, 0x03, 0x00, 0x00,
    0x2f, 0x01, 0x01, 0x00, 0x03, 0x00, 0x00, 0x00, 0x00, 0x40, 0x00, 0x00,
    0x70, 0x3e, 0x02, 0x00, 0x10, 0x40, 0x00, 0x00, 0xb0, 0x45, 0x02, 0x00,
    0x2f, 0x01, 0x03, 0x00, 0x03, 0x00, 0x00, 0x00, 0x00, 0x40, 0x00, 0x00,
    0x10, 0x42, 0x02, 0x00, 0x01, 0x01, 0x00, 0x00, 0x02, 0x01, 0x00, 0x00,
    0x10, 0x40, 0x00, 0x00, 0xb0, 0x85, 0x01, 0x00, 0x13, 0x01, 0x0f, 0x00,
    0x20, 0x01, 0x00, 0x00, 0x20, 0x40, 0x00, 0x00, 0xc0, 0x05, 0x00, 0x00,
    0x21, 0x40, 0x00, 0x00, 0x10, 0x01, 0x00, 0x00, 0x22, 0x40, 0x00, 0x00,
    0x20, 0x05, 0x00, 0x00, 0x23, 0x40, 0x00, 0x00, 0xa0, 0x00, 0x00, 0x00,
    0x2f, 0x01, 0x01, 0x00, 0x02, 0x00, 0x00, 0x00, 0x00, 0x40, 0x00, 0x00,
    0xb0, 0x45, 0x02, 0x00, 0x10, 0x40, 0x00, 0x00, 0x50, 0x89, 0x01, 0x00,
    0x2f, 0x01, 0x03, 0x00, 0x02, 0x00, 0x00, 0x00, 0x00, 0x40, 0x00, 0x00,
    0xf0, 0x8c, 0x01, 0x00, 0x0b, 0x01, 0x04, 0x00, 0x0c, 0x01, 0x04, 0x00,
    0x04, 0x01, 0x0f, 0x00, 0x01, 0x01, 0x01, 0x00, 0x02, 0x01, 0x01, 0x00,
    0x10, 0x40, 0x00, 0x00, 0x50, 0x49, 0x02, 0x00, 0x21, 0x01, 0x04, 0x00,
    0x20, 0x01, 0x02, 0x00, 0x20, 0x40, 0x00, 0x00, 0x70, 0x07, 0x00, 0x00,
    0x22, 0x40, 0x00, 0x00, 0xd0, 0x06, 0x00, 0x00, 0x0d, 0x01, 0x12, 0x00,
    0x2f, 0x01, 0x01, 0x00, 0x03, 0x00, 0x00, 0x00, 0x00, 0x40, 0x00, 0x00,
    0x90, 0x90, 0x01, 0x00, 0x10, 0x40, 0x00, 0x00, 0xf0, 0x4c, 0x02, 0x00,
    0x2f, 0x01, 0x03, 0x00, 0x03, 0x00, 0x00, 0x00, 0x00, 0x40, 0x00, 0x00,
    0x50, 0x49, 0x02, 0x00, 0x0b, 0x01, 0x00, 0x00, 0x0c, 0x01, 0x00, 0x00,
    0x01, 0x01, 0x00, 0x00, 0x02, 0x01, 0x00, 0x00, 0x10, 0x40, 0x00, 0x00,
    0x90, 0x50, 0x02, 0x00, 0x21, 0x01, 0x00, 0x00, 0x20, 0x01, 0x00, 0x00,
    0x20, 0x40, 0x00, 0x00, 0x20, 0x09, 0x00, 0x00, 0x21, 0x40, 0x00, 0x00,
    0x50, 0x01, 0x00, 0x00, 0x22, 0x40, 0x00, 0x00, 0x80, 0x08, 0x00, 0x00,
    0x0d, 0x01, 0x0a, 0x00, 0x2f, 0x01, 0x01, 0x00, 0x02, 0x00, 0x00, 0x00,
    0x00, 0x40, 0x00, 0x00, 0xf0, 0x4c, 0x02, 0x00, 0x10, 0x40, 0x00, 0x00,
    0x30, 0x54, 0x02, 0x00, 0x2f, 0x01, 0x03, 0x00, 0x02, 0x00, 0x00, 0x00,
    0x00, 0x40, 0x00, 0x00, 0x90, 0x50, 0x02, 0x00, 0x01, 0x01, 0x04, 0x00,
    0x02, 0x01, 0x04, 0x00, 0x10, 0x40, 0x00, 0x00, 0xd0, 0x57, 0x02, 0x00,
    0x20, 0x01, 0x08, 0x00, 0x20, 0x40, 0x00, 0x00, 0x10, 0x0b, 0x00, 0x00,
    0x21, 0x40, 0x00, 0x00, 0xd0, 0x00, 0x00, 0x00, 0x22, 0x40, 0x00, 0x00,
    0x70, 0x0a, 0x00, 0x00, 0x2f, 0x01, 0x01, 0x00, 0x03, 0x00, 0x00, 0x00,
    0x00, 0x40, 0x00, 0x00, 0x30, 0x54, 0x02, 0x00, 0x10, 0x40, 0x00, 0x00,
    0x70, 0x5b, 0x02, 0x00, 0x2f, 0x01, 0x03, 0x00, 0x03, 0x00, 0x00, 0x00,
    0x00, 0x40, 0x00, 0x00, 0xd0, 0x57, 0x02, 0x00, 0x01, 0x01, 0x00, 0x00,
    0x02, 0x01, 0x00, 0x00, 0x10, 0x40, 0x00, 0x00, 0x70, 0xb8, 0x01, 0x00,
    0x20, 0x01, 0x00, 0x00, 0x20, 0x40, 0x00, 0x00, 0x80, 0x0c, 0x00, 0x00,
    0x21, 0x40, 0x00, 0x00, 0x50, 0x01, 0x00, 0x00, 0x22, 0x40, 0x00, 0x00,
    0xe0, 0x0b, 0x00, 0x00, 0x2f, 0x01, 0x01, 0x00, 0x02, 0x00, 0x00, 0x00,
    0x00, 0x40, 0x00, 0x00, 0x70, 0x5b, 0x02, 0x00, 0x10, 0x40, 0x00, 0x00,
    0x10, 0xbc, 0x01, 0x00, 0x2f, 0x01, 0x03, 0x00, 0x02, 0x00, 0x00, 0x00,
    0x00, 0x40, 0x00, 0x00, 0xb0, 0xbf, 0x01, 0x00, 0x02, 0x40, 0x00, 0x00,
    0xf0, 0xa9, 0x01, 0x00, 0x0b, 0x01, 0x03, 0x00, 0x0c, 0x01, 0x03, 0x00,
    0x01, 0x01, 0x01, 0x00, 0x02, 0x01, 0x01, 0x00, 0x10, 0x40, 0x00, 0x00,
    0x10, 0x5f, 0x02, 0x00, 0x21, 0x01, 0x04, 0x00, 0x20, 0x01, 0x02, 0x00,
    0x20, 0x40, 0x00, 0x00, 0x70, 0x0e, 0x00, 0x00, 0x21, 0x40, 0x00, 0x00,
    0x10, 0x01, 0x00, 0x00, 0x22, 0x40, 0x00, 0x00, 0xd0, 0x0d, 0x00, 0x00,
    0x0d, 0x01, 0x12, 0x00, 0x2f, 0x01, 0x01, 0x00, 0x03, 0x00, 0x00, 0x00,
    0x00, 0x40, 0x00, 0x00, 0x50, 0xc3, 0x01, 0x00, 0x0b, 0x01, 0x02, 0x00,
    0x0c, 0x01, 0x02, 0x00, 0x10, 0x40, 0x00, 0x00, 0xb0, 0x62, 0x02, 0x00,
    0x2f, 0x01, 0x03, 0x00, 0x03, 0x00, 0x00, 0x00, 0x00, 0x40, 0x00, 0x00,
    0x10, 0x5f, 0x02, 0x00, 0x02, 0x40, 0x00, 0x00, 0x00, 0x00, 0x00, 0x00,
    0x0b, 0x01, 0x00, 0x00, 0x0c, 0x01, 0x00, 0x00, 0x01, 0x01, 0x00, 0x00,
    0x02, 0x01, 0x00, 0x00, 0x10, 0x40, 0x00, 0x00, 0x50, 0x66, 0x02, 0x00,
    0x21, 0x01, 0x00, 0x00, 0x20, 0x01, 0x00, 0x00, 0x20, 0x40, 0x00, 0x00,
    0x20, 0x10, 0x00, 0x00, 0x21, 0x40, 0x00, 0x00, 0x50, 0x01, 0x00, 0x00,
    0x22, 0x40, 0x00, 0x00, 0x80, 0x0f, 0x00, 0x00, 0x0d, 0x01, 0x0a, 0x00,
    0x2f, 0x01, 0x01, 0x00, 0x02, 0x00, 0x00, 0x00, 0x00, 0x40, 0x00, 0x00,
    0xb0, 0x62, 0x02, 0x00, 0x10, 0x40, 0x00, 0x00, 0xf0, 0x69, 0x02, 0x00,
    0x2f, 0x01, 0x03, 0x00, 0x02, 0x00, 0x00, 0x00, 0x00, 0x40, 0x00, 0x00,
    0x50, 0x66, 0x02, 0x00, 0x01, 0x01, 0x04, 0x00, 0x02, 0x01, 0x04, 0x00,
    0x10, 0x40, 0x00, 0x00, 0x90, 0x6d, 0x02, 0x00, 0x20, 0x01, 0x08, 0x00,
    0x20, 0x40, 0x00, 0x00, 0x10, 0x12, 0x00, 0x00, 0x21, 0x40, 0x00, 0x00,
    0xb0, 0x00, 0x00, 0x00, 0x22, 0x40, 0x00, 0x00, 0x70, 0x11, 0x00, 0x00,
    0x2f, 0x01, 0x01, 0x00, 0x03, 0x00, 0x00, 0x00, 0x00, 0x40, 0x00, 0x00,
    0xf0, 0x69, 0x02, 0x00, 0x10, 0x40, 0x00, 0x00, 0x30, 0x71, 0x02, 0x00,
    0x2f, 0x01, 0x03, 0x00, 0x03, 0x00, 0x00, 0x00, 0x00, 0x40, 0x00, 0x00,
    0x90, 0x6d, 0x02, 0x00, 0x01, 0x01, 0x00, 0x00, 0x02, 0x01, 0x00, 0x00,
    0x10, 0x40, 0x00, 0x00, 0x30, 0xeb, 0x01, 0x00, 0x20, 0x01, 0x00, 0x00,
    0x20, 0x40, 0x00, 0x00, 0x60, 0x13, 0x00, 0x00, 0x21, 0x40, 0x00, 0x00,
    0x50, 0x01, 0x00, 0x00, 0x22, 0x40, 0x00, 0x00, 0xc0, 0x12, 0x00, 0x00,
    0x2f, 0x01, 0x01, 0x00, 0x02, 0x00, 0x00, 0x00, 0x00, 0x40, 0x00, 0x00,
    0x30, 0x71, 0x02, 0x00, 0x10, 0x40, 0x00, 0x00, 0xd0, 0xee, 0x01, 0x00,
    0x2f, 0x01, 0x03, 0x00, 0x02, 0x00, 0x00, 0x00, 0x00, 0x40, 0x00, 0x00,
    0x30, 0xce, 0x01, 0x00, 0x0b, 0x01, 0x04, 0x00, 0x0c, 0x01, 0x04, 0x00,
    0x01, 0x01, 0x01, 0x00, 0x02, 0x01, 0x01, 0x00, 0x10, 0x40, 0x00, 0x00,
    0xd0, 0x74, 0x02, 0x00, 0x21, 0x01, 0x04, 0x00, 0x20, 0x01, 0x02, 0x00,
    0x20, 0x40, 0x00, 0x00, 0x50, 0x15, 0x00, 0x00, 0x21, 0x40, 0x00, 0x00,
    0x10, 0x01, 0x00, 0x00, 0x22, 0x40, 0x00, 0x00, 0xb0, 0x14, 0x00, 0x00,
    0x0d, 0x01, 0x12, 0x00, 0x2f, 0x01, 0x01, 0x00, 0x03, 0x00, 0x00, 0x00,
    0x00, 0x40, 0x00, 0x00, 0xd0, 0xd1, 0x01, 0x00, 0x10, 0x40, 0x00, 0x00,
    0x70, 0x78, 0x02, 0x00, 0x2f, 0x01, 0x03, 0x00, 0x03, 0x00, 0x00, 0x00,
    0x00, 0x40, 0x00, 0x00, 0xd0, 0x74, 0x02, 0x00, 0x0b, 0x01, 0x00, 0x00,
    0x0c, 0x01, 0x00, 0x00, 0x01, 0x01, 0x00, 0x00, 0x02, 0x01, 0x00, 0x00,
    0x10, 0x40, 0x00, 0x00, 0xb0, 0xf9, 0x01, 0x00, 0x21, 0x01, 0x00, 0x00,
    0x20, 0x01, 0x00, 0x00, 0x20, 0x40, 0x00, 0x00, 0x00, 0x17, 0x00, 0x00,
    0x21, 0x40, 0x00, 0x00, 0x50, 0x01, 0x00, 0x00, 0x22, 0x40, 0x00, 0x00,
    0x60, 0x16, 0x00, 0x00, 0x0d, 0x01, 0x0a, 0x00, 0x2f, 0x01, 0x01, 0x00,
    0x02, 0x00, 0x00, 0x00, 0x00, 0x40, 0x00, 0x00, 0x70, 0x78, 0x02, 0x00,
    0x10, 0x40, 0x00, 0x00, 0x50, 0xfd, 0x01, 0x00, 0x2f, 0x01, 0x03, 0x00,
    0x02, 0x00, 0x00, 0x00, 0x00, 0x40, 0x00, 0x00, 0xf0, 0x00, 0x02, 0x00,
    0x02, 0x40, 0x00, 0x00, 0x70, 0xf2, 0x01, 0x00, 0x0b, 0x01, 0x01, 0x00,
    0x0c, 0x01, 0x01, 0x00, 0x01, 0x01, 0x02, 0x00, 0x02, 0x01, 0x02, 0x00,
    0x10, 0x40, 0x00, 0x00, 0xb0, 0x7f, 0x02, 0x00, 0x21, 0x01, 0x02, 0x00,
    0x20, 0x01, 0x04, 0x00, 0x20, 0x40, 0x00, 0x00, 0xf0, 0x18, 0x00, 0x00,
    0x21, 0x40, 0x00, 0x00, 0x10, 0x01, 0x00, 0x00, 0x22, 0x40, 0x00, 0x00,
    0x50, 0x18, 0x00, 0x00, 0x2f, 0x01, 0x01, 0x00, 0x03, 0x00, 0x00, 0x00,
    0x00, 0x40, 0x00, 0x00, 0x10, 0x7c, 0x02, 0x00, 0x02, 0x40, 0x00, 0x00,
    0x00, 0x00, 0x00, 0x00, 0x0b, 0x01, 0x00, 0x00, 0x0c, 0x01, 0x00, 0x00,
    0x01, 0x01, 0x00, 0x00, 0x02, 0x01, 0x00, 0x00, 0x10, 0x40, 0x00, 0x00,
    0xb0, 0x16, 0x02, 0x00, 0x21, 0x01, 0x00, 0x00, 0x20, 0x01, 0x00, 0x00,
    0x20, 0x40, 0x00, 0x00, 0xa0, 0x1a, 0x00, 0x00, 0x21, 0x40, 0x00, 0x00,
    0x50, 0x01, 0x00, 0x00, 0x22, 0x40, 0x00, 0x00, 0x00, 0x1a, 0x00, 0x00,
    0x02, 0x00, 0x00, 0x00, 0x00, 0x40, 0x00, 0x00, 0xb0, 0x7f, 0x02, 0x00,
    0x10, 0x40, 0x00, 0x00, 0x50, 0x1a, 0x02, 0x00, 0x2f, 0x01, 0x03, 0x00,
    0x02, 0x00, 0x00, 0x00, 0x00, 0x40, 0x00, 0x00, 0x30, 0x08, 0x02, 0x00,
    0x0b, 0x01, 0x02, 0x00, 0x0c, 0x01, 0x02, 0x00, 0x01, 0x01, 0x02, 0x00,
    0x02, 0x01, 0x02, 0x00, 0x10, 0x40, 0x00, 0x00, 0xaa, 0x05, 0x00, 0x00,
    0x13, 0x01, 0x00, 0x00, 0x15, 0x40, 0x00, 0x00, 0x3a, 0x00, 0x00, 0x00,
    0x14, 0x40, 0x00, 0x00, 0x01, 0x00, 0x00, 0x00, 0x16, 0x40, 0x00, 0x00,
    0x01, 0x00, 0x00, 0x00, 0x18, 0x01, 0x59, 0x00, 0x14, 0x01, 0x01, 0x00,
    0x21, 0x01, 0x02, 0x00, 0x20, 0x01, 0x04, 0x00, 0x22, 0x01, 0x04, 0x00,
    0x20, 0x40, 0x00, 0x00, 0x00, 0x1c, 0x00, 0x00, 0x21, 0x40, 0x00, 0x00,
    0x90, 0x01, 0x00, 0x00, 0x22, 0x40, 0x00, 0x00, 0xf0, 0x1b, 0x00, 0x00,
    0x23, 0x40, 0x00, 0x00, 0x10, 0x00, 0x00, 0x00, 0x17, 0x01, 0x07, 0x00,
    0x2f, 0x01, 0x01, 0x00, 0x02, 0x00, 0x00, 0x00, 0x00, 0x40, 0x00, 0x00,
    0xd0, 0x0b, 0x02, 0x00, 0x10, 0x40, 0x00, 0x00, 0xe4, 0x05, 0x00, 0x00,
    0x2f, 0x01, 0x03, 0x00, 0x02, 0x00, 0x00, 0x00, 0x00, 0x40, 0x00, 0x00,
    0x70, 0x0f, 0x02, 0x00, 0x10, 0x40, 0x00, 0x00, 0x1e, 0x06, 0x00, 0x00,
    0x02, 0x00, 0x00, 0x00, 0x00, 0x40, 0x00, 0x00, 0x10, 0x13, 0x02, 0x00,
    0x10, 0x40, 0x00, 0x00, 0x58, 0x06, 0x00, 0x00, 0x02, 0x00, 0x00, 0x00,
    0x00, 0x40, 0x00, 0x00, 0x90, 0x04, 0x02, 0x00, 0x02, 0x40, 0x00, 0x00,
    0x70, 0xf2, 0x01, 0x00, 0x0b, 0x01, 0x00, 0x00, 0x0c, 0x01, 0x00, 0x00,
    0x10, 0x40, 0x00, 0x00, 0x10, 0x7c, 0x02, 0x00, 0x13, 0x01, 0x0f, 0x00,
    0x15, 0x40, 0x00, 0x00, 0xa0, 0x03, 0x00, 0x00, 0x14, 0x40, 0x00, 0x00,
    0x10, 0x00, 0x00, 0x00, 0x16, 0x40, 0x00, 0x00, 0xa0, 0x03, 0x00, 0x00,
    0x18, 0x01, 0x80, 0xff, 0x14, 0x01, 0x41, 0x00, 0x22, 0x01, 0x00, 0x00,
    0x20, 0x40, 0x00, 0x00, 0xf0, 0x18, 0x00, 0x00, 0x21, 0x40, 0x00, 0x00,
    0x10, 0x01, 0x00, 0x00, 0x22, 0x40, 0x00, 0x00, 0x50, 0x18, 0x00, 0x00,
    0x23, 0x40, 0x00, 0x00, 0xa0, 0x00, 0x00, 0x00, 0x17, 0x01, 0x0f, 0x00,
    0x03, 0x00, 0x00, 0x00, 0x00, 0x40, 0x00, 0x00, 0x70, 0xf2, 0x01, 0x00,
    0x02, 0x40, 0x00, 0x00, 0x00, 0x00, 0x00, 0x00, 0x0b, 0x01, 0x02, 0x00,
    0x0c, 0x01, 0x02, 0x00, 0x10, 0x40, 0x00, 0x00, 0xb0, 0x7f, 0x02, 0x00,
    0x03, 0x00, 0x00, 0x00, 0x00, 0x40, 0x00, 0x00, 0x10, 0x7c, 0x02, 0x00,
    0x0b, 0x01, 0x00, 0x00, 0x0c, 0x01, 0x00, 0x00, 0x01, 0x01, 0x00, 0x00,
    0x02, 0x01, 0x00, 0x00, 0x10, 0x40, 0x00, 0x00, 0x30, 0x08, 0x02, 0x00,
    0x21, 0x01, 0x00, 0x00, 0x20, 0x01, 0x00, 0x00, 0x20, 0x40, 0x00, 0x00,
    0xa0, 0x1a, 0x00, 0x00, 0x21, 0x40, 0x00, 0x00, 0x50, 0x01, 0x00, 0x00,
    0x22, 0x40, 0x00, 0x00, 0x00, 0x1a, 0x00, 0x00, 0x2f, 0x01, 0x01, 0x00,
    0x02, 0x00, 0x00, 0x00, 0x00, 0x40, 0x00, 0x00, 0xb0, 0x7f, 0x02, 0x00,
    0x10, 0x40, 0x00, 0x00, 0xd0, 0x0b, 0x02, 0x00, 0x2f, 0x01, 0x03, 0x00,
    0x02, 0x00, 0x00, 0x00, 0x00, 0x40, 0x00, 0x00, 0x10, 0xf6, 0x01, 0x00,
    0x0b, 0x01, 0x02, 0x00, 0x0c, 0x01, 0x02, 0x00, 0x01, 0x01, 0x02, 0x00,
    0x02, 0x01, 0x02, 0x00, 0x10, 0x40, 0x00, 0x00, 0x10, 0x7c, 0x02, 0x00,
    0x21, 0x01, 0x02, 0x00, 0x20, 0x01, 0x04, 0x00, 0x20, 0x40, 0x00, 0x00,
    0xf0, 0x18, 0x00, 0x00, 0x21, 0x40, 0x00, 0x00, 0x10, 0x01, 0x00, 0x00,
    0x22, 0x40, 0x00, 0x00, 0x50, 0x18, 0x00, 0x00, 0x03, 0x00, 0x00, 0x00,
    0x00, 0x40, 0x00, 0x00, 0x70, 0xd5, 0x01, 0x00, 0x0b, 0x01, 0x04, 0x00,
    0x0c, 0x01, 0x04, 0x00, 0x01, 0x01, 0x01, 0x00, 0x02, 0x01, 0x01, 0x00,
    0x10, 0x40, 0x00, 0x00, 0xd0, 0x74, 0x02, 0x00, 0x21, 0x01, 0x04, 0x00,
    0x20, 0x01, 0x02, 0x00, 0x20, 0x40, 0x00, 0x00, 0x50, 0x15, 0x00, 0x00,
    0x22, 0x40, 0x00, 0x00, 0xb0, 0x14, 0x00, 0x00, 0x0d, 0x01, 0x12, 0x00,
    0x03, 0x00, 0x00, 0x00, 0x00, 0x40, 0x00, 0x00, 0x10, 0xd9, 0x01, 0x00,
    0x10, 0x40, 0x00, 0x00, 0x70, 0x78, 0x02, 0x00, 0x03, 0x00, 0x00, 0x00,
    0x00, 0x40, 0x00, 0x00, 0xd0, 0x74, 0x02, 0x00, 0x0b, 0x01, 0x00, 0x00,
    0x0c, 0x01, 0x00, 0x00, 0x01, 0x01, 0x00, 0x00, 0x02, 0x01, 0x00, 0x00,
    0x10, 0x40, 0x00, 0x00, 0xf0, 0x00, 0x02, 0x00, 0x21, 0x01, 0x00, 0x00,
    0x20, 0x01, 0x00, 0x00, 0x20, 0x40, 0x00, 0x00, 0x00, 0x17, 0x00, 0x00,
    0x21, 0x40, 0x00, 0x00, 0x50, 0x01, 0x00, 0x00, 0x22, 0x40, 0x00, 0x00,
    0x60, 0x16, 0x00, 0x00, 0x0d, 0x01, 0x0a, 0x00, 0x2f, 0x01, 0x01, 0x00,
    0x02, 0x00, 0x00, 0x00, 0x00, 0x40, 0x00, 0x00, 0x70, 0x78, 0x02, 0x00,
    0x10, 0x40, 0x00, 0x00, 0x90, 0x04, 0x02, 0x00, 0x2f, 0x01, 0x03, 0x00,
    0x02, 0x00, 0x00, 0x00, 0x00, 0x40, 0x00, 0x00, 0xb0, 0xdc, 0x01, 0x00,
    0x0b, 0x01, 0x04, 0x00, 0x0c, 0x01, 0x04, 0x00, 0x01, 0x01, 0x01, 0x00,
    0x02, 0x01, 0x01, 0x00, 0x10, 0x40, 0x00, 0x00, 0xd0, 0x74, 0x02, 0x00,
    0x21, 0x01, 0x04, 0x00, 0x20, 0x01, 0x02, 0x00, 0x20, 0x40, 0x00, 0x00,
    0x50, 0x15, 0x00, 0x00, 0x21, 0x40, 0x00, 0x00, 0x10, 0x01, 0x00, 0x00,
    0x22, 0x40, 0x00, 0x00, 0xb0, 0x14, 0x00, 0x00, 0x0d, 0x01, 0x12, 0x00,
    0x03, 0x00, 0x00, 0x00, 0x00, 0x40, 0x00, 0x00, 0x50, 0xe0, 0x01, 0x00,
    0x10, 0x40, 0x00, 0x00, 0x70, 0x78, 0x02, 0x00, 0x03, 0x00, 0x00, 0x00,
    0x00, 0x40, 0x00, 0x00, 0xd0, 0x74, 0x02, 0x00, 0x0b, 0x01, 0x00, 0x00,
    0x0c, 0x01, 0x00, 0x00, 0x01, 0x01, 0x00, 0x00, 0x02, 0x01, 0x00, 0x00,
    0x10, 0x40, 0x00, 0x00, 0x70, 0xf2, 0x01, 0x00, 0x21, 0x01, 0x00, 0x00,
    0x20, 0x01, 0x00, 0x00, 0x20, 0x40, 0x00, 0x00, 0x00, 0x17, 0x00, 0x00,
    0x21, 0x40, 0x00, 0x00, 0x50, 0x01, 0x00, 0x00, 0x22, 0x40, 0x00, 0x00,
    0x60, 0x16, 0x00, 0x00, 0x0d, 0x01, 0x0a, 0x00, 0x2f, 0x01, 0x01, 0x00,
    0x02, 0x00, 0x00, 0x00, 0x00, 0x40, 0x00, 0x00, 0x70, 0x78, 0x02, 0x00,
    0x10, 0x40, 0x00, 0x00, 0x10, 0xf6, 0x01, 0x00, 0x2f, 0x01, 0x03, 0x00,
    0x02, 0x00, 0x00, 0x00, 0x00, 0x40, 0x00, 0x00, 0xb0, 0xf9, 0x01, 0x00,
    0x0b, 0x01, 0x02, 0x00, 0x0c, 0x01, 0x02, 0x00, 0x01, 0x01, 0x02, 0x00,
    0x02, 0x01, 0x02, 0x00, 0x10, 0x40, 0x00, 0x00, 0xb0, 0x7f, 0x02, 0x00,
    0x21, 0x01, 0x02, 0x00, 0x20, 0x01, 0x04, 0x00, 0x20, 0x40, 0x00, 0x00,
    0xf0, 0x18, 0x00, 0x00, 0x21, 0x40, 0x00, 0x00, 0x10, 0x01, 0x00, 0x00,
    0x22, 0x40, 0x00, 0x00, 0x50, 0x18, 0x00, 0x00, 0x2f, 0x01, 0x01, 0x00,
    0x03, 0x00, 0x00, 0x00, 0x00, 0x40, 0x00, 0x00, 0x10, 0x7c, 0x02, 0x00,
    0x0b, 0x01, 0x00, 0x00, 0x0c, 0x01, 0x00, 0x00, 0x01, 0x01, 0x00, 0x00,
    0x02, 0x01, 0x00, 0x00, 0x10, 0x40, 0x00, 0x00, 0x70, 0x0f, 0x02, 0x00,
    0x21, 0x01, 0x00, 0x00, 0x20, 0x01, 0x00, 0x00, 0x20, 0x40, 0x00, 0x00,
    0xa0, 0x1a, 0x00, 0x00, 0x21, 0x40, 0x00, 0x00, 0x50, 0x01, 0x00, 0x00,
    0x22, 0x40, 0x00, 0x00, 0x00, 0x1a, 0x00, 0x00, 0x02, 0x00, 0x00, 0x00,
    0x00, 0x40, 0x00, 0x00, 0xb0, 0x7f, 0x02, 0x00, 0x10, 0x40, 0x00, 0x00,
    0x10, 0x13, 0x02, 0x00, 0x2f, 0x01, 0x03, 0x00, 0x02, 0x00, 0x00, 0x00,
    0x00, 0x40, 0x00, 0x00, 0xb0, 0x16, 0x02, 0x00, 0x02, 0x40, 0x00, 0x00,
    0x30, 0x08, 0x02, 0x00, 0x0b, 0x01, 0x01, 0x00, 0x0c, 0x01, 0x01, 0x00,
    0x01, 0x01, 0x02, 0x00, 0x02, 0x01, 0x02, 0x00, 0x10, 0x40, 0x00, 0x00,
    0x92, 0x06, 0x00, 0x00, 0x13, 0x01, 0x00, 0x00, 0x15, 0x40, 0x00, 0x00,
    0x3a, 0x00, 0x00, 0x00, 0x14, 0x40, 0x00, 0x00, 0x01, 0x00, 0x00, 0x00,
    0x16, 0x40, 0x00, 0x00, 0x01, 0x00, 0x00, 0x00, 0x18, 0x01, 0x59, 0x00,
    0x14, 0x01, 0x01, 0x00, 0x21, 0x01, 0x02, 0x00, 0x20, 0x01, 0x04, 0x00,
    0x22, 0x01, 0x04, 0x00, 0x20, 0x40, 0x00, 0x00, 0x00, 0x1c, 0x00, 0x00,
    0x21, 0x40, 0x00, 0x00, 0x90, 0x01, 0x00, 0x00, 0x22, 0x40, 0x00, 0x00,
    0xf0, 0x1b, 0x00, 0x00, 0x23, 0x40, 0x00, 0x00, 0x10, 0x00, 0x00, 0x00,
    0x17, 0x01, 0x07, 0x00, 0x2f, 0x01, 0x01, 0x00, 0x02, 0x00, 0x00, 0x00,
    0x00, 0x40, 0x00, 0x00, 0x50, 0x1a, 0x02, 0x00, 0x0b, 0x01, 0x00, 0x00,
    0x0c, 0x01, 0x00, 0x00, 0x10, 0x40, 0x00, 0x00, 0xcc, 0x06, 0x00, 0x00,
    0x2f, 0x01, 0x03, 0x00, 0x02, 0x00, 0x00, 0x00, 0x00, 0x40, 0x00, 0x00,
    0x30, 0x08, 0x02, 0x00, 0x02, 0x40, 0x00, 0x00, 0x00, 0x00, 0x00, 0x00,
    0x0b, 0x01, 0x02, 0x00, 0x0c, 0x01, 0x02, 0x00, 0x10, 0x40, 0x00, 0x00,
    0x06, 0x07, 0x00, 0x00, 0x02, 0x00, 0x00, 0x00, 0x00, 0x40, 0x00, 0x00,
    0xd0, 0x0b, 0x02, 0x00, 0x10, 0x40, 0x00, 0x00, 0x40, 0x07, 0x00, 0x00,
    0x02, 0x00, 0x00, 0x00, 0x00, 0x40, 0x00, 0x00, 0x50, 0xfd, 0x01, 0x00,
    0x10, 0x40, 0x00, 0x00, 0x10, 0x7c, 0x02, 0x00, 0x13, 0x01, 0x0f, 0x00,
    0x15, 0x40, 0x00, 0x00, 0xa0, 0x03, 0x00, 0x00, 0x14, 0x40, 0x00, 0x00,
    0x10, 0x00, 0x00, 0x00, 0x16, 0x40, 0x00, 0x00, 0xa0, 0x03, 0x00, 0x00,
    0x18, 0x01, 0x80, 0xff, 0x14, 0x01, 0x41, 0x00, 0x22, 0x01, 0x00, 0x00,
    0x20, 0x40, 0x00, 0x00, 0xf0, 0x18, 0x00, 0x00, 0x21, 0x40, 0x00, 0x00,
    0x10, 0x01, 0x00, 0x00, 0x22, 0x40, 0x00, 0x00, 0x50, 0x18, 0x00, 0x00,
    0x23, 0x40, 0x00, 0x00, 0xa0, 0x00, 0x00, 0x00, 0x17, 0x01, 0x0f, 0x00,
    0x03, 0x00, 0x00, 0x00, 0x00, 0x40, 0x00, 0x00, 0xf0, 0x00, 0x02, 0x00,
    0x02, 0x40, 0x00, 0x00, 0x70, 0xf2, 0x01, 0x00, 0x0b, 0x01, 0x01, 0x00,
    0x0c, 0x01, 0x01, 0x00, 0x10, 0x40, 0x00, 0x00, 0xb0, 0x7f, 0x02, 0x00,
    0x03, 0x00, 0x00, 0x00, 0x00, 0x40, 0x00, 0x00, 0x10, 0x7c, 0x02, 0x00,
    0x02, 0x40, 0x00, 0x00, 0x00, 0x00, 0x00, 0x00, 0x0b, 0x01, 0x00, 0x00,
    0x0c, 0x01, 0x00, 0x00, 0x01, 0x01, 0x00, 0x00, 0x02, 0x01, 0x00, 0x00,
    0x10, 0x40, 0x00, 0x00, 0xb0, 0x16, 0x02, 0x00, 0x21, 0x01, 0x00, 0x00,
    0x20, 0x01, 0x00, 0x00, 0x20, 0x40, 0x00, 0x00, 0xa0, 0x1a, 0x00, 0x00,
    0x21, 0x40, 0x00, 0x00, 0x50, 0x01, 0x00, 0x00, 0x22, 0x40, 0x00, 0x00,
    0x00, 0x1a, 0x00, 0x00, 0x2f, 0x01, 0x01, 0x00, 0x02, 0x00, 0x00, 0x00,
    0x00, 0x40, 0x00, 0x00, 0xb0, 0x7f, 0x02, 0x00, 0x10, 0x40, 0x00, 0x00,
    0x50, 0x1a, 0x02, 0x00, 0x2f, 0x01, 0x03, 0x00, 0x02, 0x00, 0x00, 0x00,
    0x00, 0x40, 0x00, 0x00, 0x90, 0x04, 0x02, 0x00, 0x02, 0x40, 0x00, 0x00,
    0x70, 0xf2, 0x01, 0x00, 0x01, 0x01, 0x02, 0x00, 0x02, 0x01, 0x02, 0x00,
    0x10, 0x40, 0x00, 0x00, 0x10, 0x7c, 0x02, 0x00, 0x21, 0x01, 0x02, 0x00,
    0x20, 0x01, 0x04, 0x00, 0x20, 0x40, 0x00, 0x00, 0xf0, 0x18, 0x00, 0x00,
    0x21, 0x40, 0x00, 0x00, 0x10, 0x01, 0x00, 0x00, 0x22, 0x40, 0x00, 0x00,
    0x50, 0x18, 0x00, 0x00, 0x03, 0x00, 0x00, 0x00, 0x00, 0x40, 0x00, 0x00,
    0xf0, 0xc6, 0x01, 0x00, 0x02, 0x40, 0x00, 0x00, 0xf0, 0xa9, 0x01, 0x00,
    0x0b, 0x01, 0x01, 0x00, 0x0c, 0x01, 0x01, 0x00, 0x01, 0x01, 0x01, 0x00,
    0x02, 0x01, 0x01, 0x00, 0x10, 0x40, 0x00, 0x00, 0x10, 0x5f, 0x02, 0x00,
    0x21, 0x01, 0x04, 0x00, 0x20, 0x01, 0x02, 0x00, 0x20, 0x40, 0x00, 0x00,
    0x70, 0x0e, 0x00, 0x00, 0x22, 0x40, 0x00, 0x00, 0xd0, 0x0d, 0x00, 0x00,
    0x0d, 0x01, 0x12, 0x00, 0x03, 0x00, 0x00, 0x00, 0x00, 0x40, 0x00, 0x00,
    0x90, 0xca, 0x01, 0x00, 0x0b, 0x01, 0x00, 0x00, 0x0c, 0x01, 0x00, 0x00,
    0x10, 0x40, 0x00, 0x00, 0xb0, 0x62, 0x02, 0x00, 0x03, 0x00, 0x00, 0x00,
    0x00, 0x40, 0x00, 0x00, 0x10, 0x5f, 0x02, 0x00, 0x02, 0x40, 0x00, 0x00,
    0x00, 0x00, 0x00, 0x00, 0x01, 0x01, 0x00, 0x00, 0x02, 0x01, 0x00, 0x00,
    0x10, 0x40, 0x00, 0x00, 0x50, 0x66, 0x02, 0x00, 0x21, 0x01, 0x00, 0x00,
    0x20, 0x01, 0x00, 0x00, 0x20, 0x40, 0x00, 0x00, 0x20, 0x10, 0x00, 0x00,
    0x21, 0x40, 0x00, 0x00, 0x50, 0x01, 0x00, 0x00, 0x22, 0x40, 0x00, 0x00,
    0x80, 0x0f, 0x00, 0x00, 0x0d, 0x01, 0x0a, 0x00, 0x2f, 0x01, 0x01, 0x00,
    0x02, 0x00, 0x00, 0x00, 0x00, 0x40, 0x00, 0x00, 0xb0, 0x62, 0x02, 0x00,
    0x10, 0x40, 0x00, 0x00, 0xf0, 0x69, 0x02, 0x00, 0x2f, 0x01, 0x03, 0x00,
    0x02, 0x00, 0x00, 0x00, 0x00, 0x40, 0x00, 0x00, 0x50, 0x66, 0x02, 0x00,
    0x01, 0x01, 0x04, 0x00, 0x02, 0x01, 0x04, 0x00, 0x10, 0x40, 0x00, 0x00,
    0x90, 0x6d, 0x02, 0x00, 0x20, 0x01, 0x08, 0x00, 0x20, 0x40, 0x00, 0x00,
    0x10, 0x12, 0x00, 0x00, 0x21, 0x40, 0x00, 0x00, 0xb0, 0x00, 0x00, 0x00,
    0x22, 0x40, 0x00, 0x00, 0x70, 0x11, 0x00, 0x00, 0x2f, 0x01, 0x01, 0x00,
    0x03, 0x00, 0x00, 0x00, 0x00, 0x40, 0x00, 0x00, 0xf0, 0x69, 0x02, 0x00,
    0x10, 0x40, 0x00, 0x00, 0x30, 0x71, 0x02, 0x00, 0x2f, 0x01, 0x03, 0x00,
    0x03, 0x00, 0x00, 0x00, 0x00, 0x40, 0x00, 0x00, 0x90, 0x6d, 0x02, 0x00,
    0x01, 0x01, 0x00, 0x00, 0x02, 0x01, 0x00, 0x00, 0x10, 0x40, 0x00, 0x00,
    0x30, 0xce, 0x01, 0x00, 0x20, 0x01, 0x00, 0x00, 0x20, 0x40, 0x00, 0x00,
    0x60, 0x13, 0x00, 0x00, 0x21, 0x40, 0x00, 0x00, 0x50, 0x01, 0x00, 0x00,
    0x22, 0x40, 0x00, 0x00, 0xc0, 0x12, 0x00, 0x00, 0x2f, 0x01, 0x01, 0x00,
    0x02, 0x00, 0x00, 0x00, 0x00, 0x40, 0x00, 0x00, 0x30, 0x71, 0x02, 0x00,
    0x10, 0x40, 0x00, 0x00, 0xd0, 0xd1, 0x01, 0x00, 0x2f, 0x01, 0x03, 0x00,
    0x02, 0x00, 0x00, 0x00, 0x00, 0x40, 0x00, 0x00, 0xf0, 0xa9, 0x01, 0x00,
    0x0b, 0x01, 0x04, 0x00, 0x0c, 0x01, 0x04, 0x00, 0x01, 0x01, 0x01, 0x00,
    0x02, 0x01, 0x01, 0x00, 0x10, 0x40, 0x00, 0x00, 0x10, 0x5f, 0x02, 0x00,
    0x21, 0x01, 0x04, 0x00, 0x20, 0x01, 0x02, 0x00, 0x20, 0x40, 0x00, 0x00,
    0x70, 0x0e, 0x00, 0x00, 0x21, 0x40, 0x00, 0x00, 0x10, 0x01, 0x00, 0x00,
    0x22, 0x40, 0x00, 0x00, 0xd0, 0x0d, 0x00, 0x00, 0x0d, 0x01, 0x12, 0x00,
    0x03, 0x00, 0x00, 0x00, 0x00, 0x40, 0x00, 0x00, 0x90, 0xad, 0x01, 0x00,
    0x10, 0x40, 0x00, 0x00, 0xb0, 0x62, 0x02, 0x00, 0x03, 0x00, 0x00, 0x00,
    0x00, 0x40, 0x00, 0x00, 0x10, 0x5f, 0x02, 0x00, 0x0b, 0x01, 0x00, 0x00,
    0x0c, 0x01, 0x00, 0x00, 0x01, 0x01, 0x00, 0x00, 0x02, 0x01, 0x00, 0x00,
    0x10, 0x40, 0x00, 0x00, 0x50, 0x66, 0x02, 0x00, 0x21, 0x01, 0x00, 0x00,
    0x20, 0x01, 0x00, 0x00, 0x20, 0x40, 0x00, 0x00, 0x20, 0x10, 0x00, 0x00,
    0x21, 0x40, 0x00, 0x00, 0x50, 0x01, 0x00, 0x00, 0x22, 0x40, 0x00, 0x00,
    0x80, 0x0f, 0x00, 0x00, 0x0d, 0x01, 0x0a, 0x00, 0x2f, 0x01, 0x01, 0x00,
    0x02, 0x00, 0x00, 0x00, 0x00, 0x40, 0x00, 0x00, 0xb0, 0x62, 0x02, 0x00,
    0x10, 0x40, 0x00, 0x00, 0xf0, 0x69, 0x02, 0x00, 0x2f, 0x01, 0x03, 0x00,
    0x02, 0x00, 0x00, 0x00, 0x00, 0x40, 0x00, 0x00, 0x50, 0x66, 0x02, 0x00,
    0x01, 0x01, 0x04, 0x00, 0x02, 0x01, 0x04, 0x00, 0x10, 0x40, 0x00, 0x00,
    0x90, 0x6d, 0x02, 0x00, 0x20, 0x01, 0x08, 0x00, 0x20, 0x40, 0x00, 0x00,
    0x10, 0x12, 0x00, 0x00, 0x21, 0x40, 0x00, 0x00, 0xb0, 0x00, 0x00, 0x00,
    0x22, 0x40, 0x00, 0x00, 0x70, 0x11, 0x00, 0x00, 0x2f, 0x01, 0x01, 0x00,
    0x03, 0x00, 0x00, 0x00, 0x00, 0x40, 0x00, 0x00, 0xf0, 0x69, 0x02, 0x00,
    0x10, 0x40, 0x00, 0x00, 0x30, 0x71, 0x02, 0x00, 0x2f, 0x01, 0x03, 0x00,
    0x03, 0x00, 0x00, 0x00, 0x00, 0x40, 0x00, 0x00, 0x90, 0x6d, 0x02, 0x00,
    0x01, 0x01, 0x00, 0x00, 0x02, 0x01, 0x00, 0x00, 0x10, 0x40, 0x00, 0x00,
    0x70, 0xd5, 0x01, 0x00, 0x20, 0x01, 0x00, 0x00, 0x20, 0x40, 0x00, 0x00,
    0x60, 0x13, 0x00, 0x00, 0x21, 0x40, 0x00, 0x00, 0x50, 0x01, 0x00, 0x00,
    0x22, 0x40, 0x00, 0x00, 0xc0, 0x12, 0x00, 0x00, 0x2f, 0x01, 0x01, 0x00,
    0x02, 0x00, 0x00, 0x00, 0x00, 0x40, 0x00, 0x00, 0x30, 0x71, 0x02, 0x00,
    0x10, 0x40, 0x00, 0x00, 0x10, 0xd9, 0x01, 0x00, 0x2f, 0x01, 0x03, 0x00,
    0x02, 0x00, 0x00, 0x00, 0x00, 0x40, 0x00, 0x00, 0x30, 0x94, 0x01, 0x00,
    0x0b, 0x01, 0x04, 0x00, 0x0c, 0x01, 0x04, 0x00, 0x01, 0x01, 0x01, 0x00,
    0x02, 0x01, 0x01, 0x00, 0x10, 0x40, 0x00, 0x00, 0x50, 0x49, 0x02, 0x00,
    0x21, 0x01, 0x04, 0x00, 0x20, 0x01, 0x02, 0x00, 0x20, 0x40, 0x00, 0x00,
    0x70, 0x07, 0x00, 0x00, 0x21, 0x40, 0x00, 0x00, 0x10, 0x01, 0x00, 0x00,
    0x22, 0x40, 0x00, 0x00, 0xd0, 0x06, 0x00, 0x00, 0x0d, 0x01, 0x12, 0x00,
    0x03, 0x00, 0x00, 0x00, 0x00, 0x40, 0x00, 0x00, 0xd0, 0x97, 0x01, 0x00,
    0x10, 0x40, 0x00, 0x00, 0xf0, 0x4c, 0x02, 0x00, 0x03, 0x00, 0x00, 0x00,
    0x00, 0x40, 0x00, 0x00, 0x50, 0x49, 0x02, 0x00, 0x0b, 0x01, 0x00, 0x00,
    0x0c, 0x01, 0x00, 0x00, 0x01, 0x01, 0x00, 0x00, 0x02, 0x01, 0x00, 0x00,
    0x10, 0x40, 0x00, 0x00, 0x90, 0x50, 0x02, 0x00, 0x21, 0x01, 0x00, 0x00,
    0x20, 0x01, 0x00, 0x00, 0x20, 0x40, 0x00, 0x00, 0x20, 0x09, 0x00, 0x00,
    0x21, 0x40, 0x00, 0x00, 0x50, 0x01, 0x00, 0x00, 0x22, 0x40, 0x00, 0x00,
    0x80, 0x08, 0x00, 0x00, 0x0d, 0x01, 0x0a, 0x00, 0x2f, 0x01, 0x01, 0x00,
    0x02, 0x00, 0x00, 0x00, 0x00, 0x40, 0x00, 0x00, 0xf0, 0x4c, 0x02, 0x00,
    0x10, 0x40, 0x00, 0x00, 0x30, 0x54, 0x02, 0x00, 0x2f, 0x01, 0x03, 0x00,
    0x02, 0x00, 0x00, 0x00, 0x00, 0x40, 0x00, 0x00, 0x90, 0x50, 0x02, 0x00,
    0x01, 0x01, 0x04, 0x00, 0x02, 0x01, 0x04, 0x00, 0x10, 0x40, 0x00, 0x00,
    0xd0, 0x57, 0x02, 0x00, 0x20, 0x01, 0x08, 0x00, 0x20, 0x40, 0x00, 0x00,
    0x10, 0x0b, 0x00, 0x00, 0x21, 0x40, 0x00, 0x00, 0xd0, 0x00, 0x00, 0x00,
    0x22, 0x40, 0x00, 0x00, 0x70, 0x0a, 0x00, 0x00, 0x2f, 0x01, 0x01, 0x00,
    0x03, 0x00, 0x00, 0x00, 0x00, 0x40, 0x00, 0x00, 0x30, 0x54, 0x02, 0x00,
    0x10, 0x40, 0x00, 0x00, 0x70, 0x5b, 0x02, 0x00, 0x2f, 0x01, 0x03, 0x00,
    0x03, 0x00, 0x00, 0x00, 0x00, 0x40, 0x00, 0x00, 0xd0, 0x57, 0x02, 0x00,
    0x01, 0x01, 0x00, 0x00, 0x02, 0x01, 0x00, 0x00, 0x10, 0x40, 0x00, 0x00,
    0xb0, 0xbf, 0x01, 0x00, 0x20, 0x01, 0x00, 0x00, 0x20, 0x40, 0x00, 0x00,
    0x80, 0x0c, 0x00, 0x00, 0x21, 0x40, 0x00, 0x00, 0x50, 0x01, 0x00, 0x00,
    0x22, 0x40, 0x00, 0x00, 0xe0, 0x0b, 0x00, 0x00, 0x2f, 0x01, 0x01, 0x00,
    0x02, 0x00, 0x00, 0x00, 0x00, 0x40, 0x00, 0x00, 0x70, 0x5b, 0x02, 0x00,
    0x10, 0x40, 0x00, 0x00, 0x50, 0xc3, 0x01, 0x00, 0x2f, 0x01, 0x03, 0x00,
    0x02, 0x00, 0x00, 0x00, 0x00, 0x40, 0x00, 0x00, 0x70, 0x9b, 0x01, 0x00,
    0x02, 0x40, 0x00, 0x00, 0xb0, 0x85, 0x01, 0x00, 0x0b, 0x01, 0x03, 0x00,
    0x0c, 0x01, 0x03, 0x00, 0x01, 0x01, 0x01, 0x00, 0x02, 0x01, 0x01, 0x00,
    0x10, 0x40, 0x00, 0x00, 0x50, 0x49, 0x02, 0x00, 0x21, 0x01, 0x04, 0x00,
    0x20, 0x01, 0x02, 0x00, 0x20, 0x40, 0x00, 0x00, 0x70, 0x07, 0x00, 0x00,
    0x21, 0x40, 0x00, 0x00, 0x10, 0x01, 0x00, 0x00, 0x22, 0x40, 0x00, 0x00,
    0xd0, 0x06, 0x00, 0x00, 0x0d, 0x01, 0x12, 0x00, 0x03, 0x00, 0x00, 0x00,
    0x00, 0x40, 0x00, 0x00, 0x10, 0x9f, 0x01, 0x00, 0x0b, 0x01, 0x02, 0x00,
    0x0c, 0x01, 0x02, 0x00, 0x10, 0x40, 0x00, 0x00, 0xf0, 0x4c, 0x02, 0x00,
    0x03, 0x00, 0x00, 0x00, 0x00, 0x40, 0x00, 0x00, 0x50, 0x49, 0x02, 0x00,
    0x02, 0x40, 0x00, 0x00, 0x00, 0x00, 0x00, 0x00, 0x0b, 0x01, 0x00, 0x00,
    0x0c, 0x01, 0x00, 0x00, 0x01, 0x01, 0x00, 0x00, 0x02, 0x01, 0x00, 0x00,
    0x10, 0x40, 0x00, 0x00, 0x90, 0x50, 0x02, 0x00, 0x21, 0x01, 0x00, 0x00,
    0x20, 0x01, 0x00, 0x00, 0x20, 0x40, 0x00, 0x00, 0x20, 0x09, 0x00, 0x00,
    0x21, 0x40, 0x00, 0x00, 0x50, 0x01, 0x00, 0x00, 0x22, 0x40, 0x00, 0x00,
    0x80, 0x08, 0x00, 0x00, 0x0d, 0x01, 0x0a, 0x00, 0x2f, 0x01, 0x01, 0x00,
    0x02, 0x00, 0x00, 0x00, 0x00, 0x40, 0x00, 0x00, 0xf0, 0x4c, 0x02, 0x00,
    0x10, 0x40, 0x00, 0x00, 0x30, 0x54, 0x02, 0x00, 0x2f, 0x01, 0x03, 0x00,
    0x02, 0x00, 0x00, 0x00, 0x00, 0x40, 0x00, 0x00, 0x90, 0x50, 0x02, 0x00,
    0x01, 0x01, 0x04, 0x00, 0x02, 0x01, 0x04, 0x00, 0x10, 0x40, 0x00, 0x00,
    0xd0, 0x57, 0x02, 0x00, 0x20, 0x01, 0x08, 0x00, 0x20, 0x40, 0x00, 0x00,
    0x10, 0x0b, 0x00, 0x00, 0x21, 0x40, 0x00, 0x00, 0xd0, 0x00, 0x00, 0x00,
    0x22, 0x40, 0x00, 0x00, 0x70, 0x0a, 0x00, 0x00, 0x2f, 0x01, 0x01, 0x00,
    0x03, 0x00, 0x00, 0x00, 0x00, 0x40, 0x00, 0x00, 0x30, 0x54, 0x02, 0x00,
    0x10, 0x40, 0x00, 0x00, 0x70, 0x5b, 0x02, 0x00, 0x2f, 0x01, 0x03, 0x00,
    0x03, 0x00, 0x00, 0x00, 0x00, 0x40, 0x00, 0x00, 0xd0, 0x57, 0x02, 0x00,
    0x01, 0x01, 0x00, 0x00, 0x02, 0x01, 0x00, 0x00, 0x10, 0x40, 0x00, 0x00,
    0xf0, 0xc6, 0x01, 0x00, 0x20, 0x01, 0x00, 0x00, 0x20, 0x40, 0x00, 0x00,
    0x80, 0x0c, 0x00, 0x00, 0x21, 0x40, 0x00, 0x00, 0x50, 0x01, 0x00, 0x00,
    0x22, 0x40, 0x00, 0x00, 0xe0, 0x0b, 0x00, 0x00, 0x2f, 0x01, 0x01, 0x00,
    0x02, 0x00, 0x00, 0x00, 0x00, 0x40, 0x00, 0x00, 0x70, 0x5b, 0x02, 0x00,
    0x10, 0x40, 0x00, 0x00, 0x90, 0xca, 0x01, 0x00, 0x2f, 0x01, 0x03, 0x00,
    0x02, 0x00, 0x00, 0x00, 0x00, 0x40, 0x00, 0x00, 0x00, 0xd2, 0x00, 0x00,
    0x0b, 0x01, 0x01, 0x00, 0x0c, 0x01, 0x01, 0x00, 0x0a, 0x01, 0x72, 0x00,
    0x04, 0x01, 0x03, 0x00, 0x05, 0x40, 0x00, 0x00, 0xcc, 0x01, 0x00, 0x00,
    0x04, 0x40, 0x00, 0x00, 0x04, 0x00, 0x00, 0x00, 0x06, 0x40, 0x00, 0x00,
    0x01, 0x00, 0x00, 0x00, 0x09, 0x01, 0x00, 0x00, 0x05, 0x01, 0x01, 0x00,
    0x10, 0x40, 0x00, 0x00, 0xf0, 0x1d, 0x02, 0x00, 0x11, 0x01, 0x72, 0x00,
    0x1a, 0x01, 0x72, 0x00, 0x13, 0x01, 0x03, 0x00, 0x15, 0x40, 0x00, 0x00,
    0x30, 0x07, 0x00, 0x00, 0x16, 0x40, 0x00, 0x00, 0x30, 0x07, 0x00, 0x00,
    0x18, 0x01, 0x00, 0x00, 0x14, 0x01, 0x41, 0x81, 0x21, 0x01, 0x01, 0x00,
    0x22, 0x01, 0x02, 0x00, 0x15, 0x01, 0x15, 0x00, 0x17, 0x01, 0x07, 0x00,
    0x05, 0x00, 0x01, 0x00, 0x00, 0x40, 0x00, 0x00, 0x98, 0xd5, 0x00, 0x00,
    0x10, 0x40, 0x00, 0x00, 0x20, 0x25, 0x02, 0x00, 0x05, 0x00, 0x01, 0x00,
    0x00, 0x40, 0x00, 0x00, 0xf0, 0x1d, 0x02, 0x00, 0x0b, 0x01, 0x00, 0x00,
    0x0c, 0x01, 0x00, 0x00, 0x05, 0x40, 0x00, 0x00, 0x30, 0x07, 0x00, 0x00,
    0x04, 0x40, 0x00, 0x00, 0x10, 0x00, 0x00, 0x00, 0x06, 0x40, 0x00, 0x00,
    0x30, 0x07, 0x00, 0x00, 0x09, 0x01, 0xff, 0xff, 0x05, 0x01, 0x41, 0x00,
    0x01, 0x01, 0x01, 0x00, 0x02, 0x01, 0x01, 0x00, 0x10, 0x40, 0x00, 0x00,
    0x50, 0x2c, 0x02, 0x00, 0x11, 0x01, 0x39, 0x00, 0x1a, 0x01, 0x39, 0x00,
    0x13, 0x01, 0x0b, 0x00, 0x15, 0x40, 0x00, 0x00, 0xa0, 0x03, 0x00, 0x00,
    0x16, 0x40, 0x00, 0x00, 0xa0, 0x03, 0x00, 0x00, 0x18, 0x01, 0x80, 0xff,
    0x14, 0x01, 0x41, 0x00, 0x21, 0x01, 0x00, 0x00, 0x20, 0x01, 0x02, 0x00,
    0x22, 0x01, 0x05, 0x00, 0x20, 0x40, 0x00, 0x00, 0x80, 0x00, 0x00, 0x00,
    0x21, 0x40, 0x00, 0x00, 0x00, 0x01, 0x00, 0x00, 0x22, 0x40, 0x00, 0x00,
    0x00, 0x00, 0x00, 0x00, 0x23, 0x40, 0x00, 0x00, 0x80, 0x00, 0x00, 0x00,
    0x15, 0x01, 0x39, 0x00, 0x17, 0x01, 0x0f, 0x00, 0x2f, 0x01, 0x01, 0x00,
    0x02, 0x00, 0x00, 0x00, 0x00, 0x40, 0x00, 0x00, 0x20, 0x25, 0x02, 0x00,
    0x10, 0x40, 0x00, 0x00, 0xf0, 0x2f, 0x02, 0x00, 0x2f, 0x01, 0x03, 0x00,
    0x02, 0x00, 0x00, 0x00, 0x00, 0x40, 0x00, 0x00, 0x50, 0x2c, 0x02, 0x00,
    0x0a, 0x01, 0x39, 0x00, 0x04, 0x01, 0x0b, 0x00, 0x05, 0x40, 0x00, 0x00,
    0xa0, 0x03, 0x00, 0x00, 0x06, 0x40, 0x00, 0x00, 0xa0, 0x03, 0x00, 0x00,
    0x09, 0x01, 0x80, 0xff, 0x01, 0x01, 0x03, 0x00, 0x02, 0x01, 0x03, 0x00,
    0x10, 0x40, 0x00, 0x00, 0x90, 0x33, 0x02, 0x00, 0x20, 0x01, 0x06, 0x00,
    0x22, 0x01, 0x00, 0x00, 0x20, 0x40, 0x00, 0x00, 0x00, 0x02, 0x00, 0x00,
    0x21, 0x40, 0x00, 0x00, 0x90, 0x00, 0x00, 0x00, 0x22, 0x40, 0x00, 0x00,
    0x80, 0x01, 0x00, 0x00, 0x2f, 0x01, 0x01, 0x00, 0x03, 0x00, 0x00, 0x00,
    0x00, 0x40, 0x00, 0x00, 0xf0, 0x2f, 0x02, 0x00, 0x10, 0x40, 0x00, 0x00,
    0x30, 0x37, 0x02, 0x00, 0x2f, 0x01, 0x03, 0x00, 0x03, 0x00, 0x00, 0x00,
    0x00, 0x40, 0x00, 0x00, 0x90, 0x33, 0x02, 0x00, 0x01, 0x01, 0x00, 0x00,
    0x02, 0x01, 0x00, 0x00, 0x10, 0x40, 0x00, 0x00, 0xd0, 0x3a, 0x02, 0x00,
    0x20, 0x01, 0x00, 0x00, 0x20, 0x40, 0x00, 0x00, 0x10, 0x03, 0x00, 0x00,
    0x21, 0x40, 0x00, 0x00, 0xe0, 0x00, 0x00, 0x00, 0x22, 0x40, 0x00, 0x00,
    0x90, 0x02, 0x00, 0x00, 0x2f, 0x01, 0x01, 0x00, 0x02, 0x00, 0x00, 0x00,
    0x00, 0x40, 0x00, 0x00, 0x30, 0x37, 0x02, 0x00, 0x10, 0x40, 0x00, 0x00,
    0x70, 0x3e, 0x02, 0x00, 0x2f, 0x01, 0x03, 0x00, 0x02, 0x00, 0x00, 0x00,
    0x00, 0x40, 0x00, 0x00, 0xd0, 0x3a, 0x02, 0x00, 0x01, 0x01, 0x04, 0x00,
    0x02, 0x01, 0x04, 0x00, 0x10, 0x40, 0x00, 0x00, 0x10, 0x42, 0x02, 0x00,
    0x20, 0x01, 0x08, 0x00, 0x20, 0x40, 0x00, 0x00, 0x70, 0x04, 0x00, 0x00,
    0x21, 0x40, 0x00, 0x00, 0xb0, 0x00, 0x00, 0x00, 0x22, 0x40, 0x00, 0x00,
    0xf0, 0x03, 0x00, 0x00, 0x2f, 0x01, 0x01, 0x00, 0x03, 0x00, 0x00, 0x00,
    0x00, 0x40, 0x00, 0x00, 0x70, 0x3e, 0x02, 0x00, 0x10, 0x40, 0x00, 0x00,
    0xb0, 0x45, 0x02, 0x00, 0x2f, 0x01, 0x03, 0x00, 0x03, 0x00, 0x00, 0x00,
    0x00, 0x40, 0x00, 0x00, 0x10, 0x42, 0x02, 0x00, 0x01, 0x01, 0x00, 0x00,
    0x02, 0x01, 0x00, 0x00, 0x10, 0x40, 0x00, 0x00, 0xf0, 0x8c, 0x01, 0x00,
    0x13, 0x01, 0x0f, 0x00, 0x20, 0x01, 0x00, 0x00, 0x20, 0x40, 0x00, 0x00,
    0xc0, 0x05, 0x00, 0x00, 0x21, 0x40, 0x00, 0x00, 0x10, 0x01, 0x00, 0x00,
    0x22, 0x40, 0x00, 0x00, 0x20, 0x05, 0x00, 0x00, 0x23, 0x40, 0x00, 0x00,
    0xa0, 0x00, 0x00, 0x00, 0x2f, 0x01, 0x01, 0x00, 0x02, 0x00, 0x00, 0x00,
    0x00, 0x40, 0x00, 0x00, 0xb0, 0x45, 0x02, 0x00, 0x10, 0x40, 0x00, 0x00,
    0x90, 0x90, 0x01, 0x00, 0x2f, 0x01, 0x03, 0x00, 0x02, 0x00, 0x00, 0x00,
    0x00, 0x40, 0x00, 0x00, 0x30, 0xd9, 0x00, 0x00, 0x0b, 0x01, 0x01, 0x00,
    0x0c, 0x01, 0x01, 0x00, 0x0a, 0x01, 0x72, 0x00, 0x04, 0x01, 0x03, 0x00,
    0x05, 0x40, 0x00, 0x00, 0xcc, 0x01, 0x00, 0x00, 0x04, 0x40, 0x00, 0x00,
    0x04, 0x00, 0x00, 0x00, 0x06, 0x40, 0x00, 0x00, 0x01, 0x00, 0x00, 0x00,
    0x09, 0x01, 0x00, 0x00, 0x05, 0x01, 0x01, 0x00, 0x10, 0x40, 0x00, 0x00,
    0xf0, 0x1d, 0x02, 0x00, 0x11, 0x01, 0x72, 0x00, 0x1a, 0x01, 0x72, 0x00,
    0x13, 0x01, 0x03, 0x00, 0x15, 0x40, 0x00, 0x00, 0x30, 0x07, 0x00, 0x00,
    0x16, 0x40, 0x00, 0x00, 0x30, 0x07, 0x00, 0x00, 0x18, 0x01, 0x00, 0x00,
    0x14, 0x01, 0x41, 0x81, 0x21, 0x01, 0x01, 0x00, 0x22, 0x01, 0x02, 0x00,
    0x15, 0x01, 0x15, 0x00, 0x17, 0x01, 0x07, 0x00, 0x05, 0x00, 0x01, 0x00,
    0x00, 0x40, 0x00, 0x00, 0xc8, 0xdc, 0x00, 0x00, 0x10, 0x40, 0x00, 0x00,
    0x20, 0x25, 0x02, 0x00, 0x05, 0x00, 0x01, 0x00, 0x00, 0x40, 0x00, 0x00,
    0xf0, 0x1d, 0x02, 0x00, 0x0b, 0x01, 0x00, 0x00, 0x0c, 0x01, 0x00, 0x00,
    0x05, 0x40, 0x00, 0x00, 0x30, 0x07, 0x00, 0x00, 0x04, 0x40, 0x00, 0x00,
    0x10, 0x00, 0x00, 0x00, 0x06, 0x40, 0x00, 0x00, 0x30, 0x07, 0x00, 0x00,
    0x09, 0x01, 0xff, 0xff, 0x05, 0x01, 0x41, 0x00, 0x01, 0x01, 0x01, 0x00,
    0x02, 0x01, 0x01, 0x00, 0x10, 0x40, 0x00, 0x00, 0x50, 0x2c, 0x02, 0x00,
    0x11, 0x01, 0x39, 0x00, 0x1a, 0x01, 0x39, 0x00, 0x13, 0x01, 0x0b, 0x00,
    0x15, 0x40, 0x00, 0x00, 0xa0, 0x03, 0x00, 0x00, 0x16, 0x40, 0x00, 0x00,
    0xa0, 0x03, 0x00, 0x00, 0x18, 0x01, 0x80, 0xff, 0x14, 0x01, 0x41, 0x00,
    0x21, 0x01, 0x00, 0x00, 0x20, 0x01, 0x02, 0x00, 0x22, 0x01, 0x05, 0x00,
    0x20, 0x40, 0x00, 0x00, 0x80, 0x00, 0x00, 0x00, 0x21, 0x40, 0x00, 0x00,
    0x00, 0x01, 0x00, 0x00, 0x22, 0x40, 0x00, 0x00, 0x00, 0x00, 0x00, 0x00,
    0x23, 0x40, 0x00, 0x00, 0x80, 0x00, 0x00, 0x00, 0x15, 0x01, 0x39, 0x00,
    0x17, 0x01, 0x0f, 0x00, 0x2f, 0x01, 0x01, 0x00, 0x02, 0x00, 0x00, 0x00,
    0x00, 0x40, 0x00, 0x00, 0x20, 0x25, 0x02, 0x00, 0x10, 0x40, 0x00, 0x00,
    0xf0, 0x2f, 0x02, 0x00, 0x2f, 0x01, 0x03, 0x00, 0x02, 0x00, 0x00, 0x00,
    0x00, 0x40, 0x00, 0x00, 0x50, 0x2c, 0x02, 0x00, 0x0a, 0x01, 0x39, 0x00,
    0x04, 0x01, 0x0b, 0x00, 0x05, 0x40, 0x00, 0x00, 0xa0, 0x03, 0x00, 0x00,
    0x06, 0x40, 0x00, 0x00, 0xa0, 0x03, 0x00, 0x00, 0x09, 0x01, 0x80, 0xff,
    0x01, 0x01, 0x03, 0x00, 0x02, 0x01, 0x03, 0x00, 0x10, 0x40, 0x00, 0x00,
    0x90, 0x33, 0x02, 0x00, 0x20, 0x01, 0x06, 0x00, 0x22, 0x01, 0x00, 0x00,
    0x20, 0x40, 0x00, 0x00, 0x00, 0x02, 0x00, 0x00, 0x21, 0x40, 0x00, 0x00,
    0x90, 0x00, 0x00, 0x00, 0x22, 0x40, 0x00, 0x00, 0x80, 0x01, 0x00, 0x00,
    0x2f, 0x01, 0x01, 0x00, 0x03, 0x00, 0x00, 0x00, 0x00, 0x40, 0x00, 0x00,
    0xf0, 0x2f, 0x02, 0x00, 0x10, 0x40, 0x00, 0x00, 0x30, 0x37, 0x02, 0x00,
    0x2f, 0x01, 0x03, 0x00, 0x03, 0x00, 0x00, 0x00, 0x00, 0x40, 0x00, 0x00,
    0x90, 0x33, 0x02, 0x00, 0x01, 0x01, 0x00, 0x00, 0x02, 0x01, 0x00, 0x00,
    0x10, 0x40, 0x00, 0x00, 0xd0, 0x3a, 0x02, 0x00, 0x20, 0x01, 0x00, 0x00,
    0x20, 0x40, 0x00, 0x00, 0x10, 0x03, 0x00, 0x00, 0x21, 0x40, 0x00, 0x00,
    0xe0, 0x00, 0x00, 0x00, 0x22, 0x40, 0x00, 0x00, 0x90, 0x02, 0x00, 0x00,
    0x2f, 0x01, 0x01, 0x00, 0x02, 0x00, 0x00, 0x00, 0x00, 0x40, 0x00, 0x00,
    0x30, 0x37, 0x02, 0x00, 0x10, 0x40, 0x00, 0x00, 0x70, 0x3e, 0x02, 0x00,
    0x2f, 0x01, 0x03, 0x00, 0x02, 0x00, 0x00, 0x00, 0x00, 0x40, 0x00, 0x00,
    0xd0, 0x3a, 0x02, 0x00, 0x01, 0x01, 0x04, 0x00, 0x02, 0x01, 0x04, 0x00,
    0x10, 0x40, 0x00, 0x00, 0x10, 0x42, 0x02, 0x00, 0x20, 0x01, 0x08, 0x00,
    0x20, 0x40, 0x00, 0x00, 0x70, 0x04, 0x00, 0x00, 0x21, 0x40, 0x00, 0x00,
    0xb0, 0x00, 0x00, 0x00, 0x22, 0x40, 0x00, 0x00, 0xf0, 0x03, 0x00, 0x00,
    0x2f, 0x01, 0x01, 0x00, 0x03, 0x00, 0x00, 0x00, 0x00, 0x40, 0x00, 0x00,
    0x70, 0x3e, 0x02, 0x00, 0x10, 0x40, 0x00, 0x00, 0xb0, 0x45, 0x02, 0x00,
    0x2f, 0x01, 0x03, 0x00, 0x03, 0x00, 0x00, 0x00, 0x00, 0x40, 0x00, 0x00,
    0x10, 0x42, 0x02, 0x00, 0x01, 0x01, 0x00, 0x00, 0x02, 0x01, 0x00, 0x00,
    0x10, 0x40, 0x00, 0x00, 0x30, 0x94, 0x01, 0x00, 0x13, 0x01, 0x0f, 0x00,
    0x20, 0x01, 0x00, 0x00, 0x20, 0x40, 0x00, 0x00, 0xc0, 0x05, 0x00, 0x00,
    0x21, 0x40, 0x00, 0x00, 0x10, 0x01, 0x00, 0x00, 0x22, 0x40, 0x00, 0x00,
    0x20, 0x05, 0x00, 0x00, 0x23, 0x40, 0x00, 0x00, 0xa0, 0x00, 0x00, 0x00,
    0x2f, 0x01, 0x01, 0x00, 0x02, 0x00, 0x00, 0x00, 0x00, 0x40, 0x00, 0x00,
    0xb0, 0x45, 0x02, 0x00, 0x10, 0x40, 0x00, 0x00, 0xd0, 0x97, 0x01, 0x00,
    0x2f, 0x01, 0x03, 0x00, 0x02, 0x00, 0x00, 0x00, 0x00, 0x40, 0x00, 0x00,
    0x60, 0xe0, 0x00, 0x00, 0x0b, 0x01, 0x01, 0x00, 0x0c, 0x01, 0x01, 0x00,
    0x0a, 0x01, 0x72, 0x00, 0x04, 0x01, 0x03, 0x00, 0x05, 0x40, 0x00, 0x00,
    0xcc, 0x01, 0x00, 0x00, 0x04, 0x40, 0x00, 0x00, 0x04, 0x00, 0x00, 0x00,
    0x06, 0x40, 0x00, 0x00, 0x01, 0x00, 0x00, 0x00, 0x09, 0x01, 0x00, 0x00,
    0x05, 0x01, 0x01, 0x00, 0x10, 0x40, 0x00, 0x00, 0xf0, 0x1d, 0x02, 0x00,
    0x11, 0x01, 0x72, 0x00, 0x1a, 0x01, 0x72, 0x00, 0x13, 0x01, 0x03, 0x00,
    0x15, 0x40, 0x00, 0x00, 0x30, 0x07, 0x00, 0x00, 0x16, 0x40, 0x00, 0x00,
    0x30, 0x07, 0x00, 0x00, 0x18, 0x01, 0x00, 0x00, 0x14, 0x01, 0x41, 0x81,
    0x21, 0x01, 0x01, 0x00, 0x22, 0x01, 0x02, 0x00, 0x15, 0x01, 0x15, 0x00,
    0x17, 0x01, 0x07, 0x00, 0x05, 0x00, 0x01, 0x00, 0x00, 0x40, 0x00, 0x00,
    0xf8, 0xe3, 0x00, 0x00, 0x10, 0x40, 0x00, 0x00, 0x20, 0x25, 0x02, 0x00,
    0x05, 0x00, 0x01, 0x00, 0x00, 0x40, 0x00, 0x00, 0xf0, 0x1d, 0x02, 0x00,
    0x0b, 0x01, 0x00, 0x00, 0x0c, 0x01, 0x00, 0x00, 0x05, 0x40, 0x00, 0x00,
    0x30, 0x07, 0x00, 0x00, 0x04, 0x40, 0x00, 0x00, 0x10, 0x00, 0x00, 0x00,
    0x06, 0x40, 0x00, 0x00, 0x30, 0x07, 0x00, 0x00, 0x09, 0x01, 0xff, 0xff,
    0x05, 0x01, 0x41, 0x00, 0x01, 0x01, 0x01, 0x00, 0x02, 0x01, 0x01, 0x00,
    0x10, 0x40, 0x00, 0x00, 0x50, 0x2c, 0x02, 0x00, 0x11, 0x01, 0x39, 0x00,
    0x1a, 0x01, 0x39, 0x00, 0x13, 0x01, 0x0b, 0x00, 0x15, 0x40, 0x00, 0x00,
    0xa0, 0x03, 0x00, 0x00, 0x16, 0x40, 0x00, 0x00, 0xa0, 0x03, 0x00, 0x00,
    0x18, 0x01, 0x80, 0xff, 0x14, 0x01, 0x41, 0x00, 0x21, 0x01, 0x00, 0x00,
    0x20, 0x01, 0x02, 0x00, 0x22, 0x01, 0x05, 0x00, 0x20, 0x40, 0x00, 0x00,
    0x80, 0x00, 0x00, 0x00, 0x21, 0x40, 0x00, 0x00, 0x00, 0x01, 0x00, 0x00,
    0x22, 0x40, 0x00, 0x00, 0x00, 0x00, 0x00, 0x00, 0x23, 0x40, 0x00, 0x00,
    0x80, 0x00, 0x00, 0x00, 0x15, 0x01, 0x39, 0x00, 0x17, 0x01, 0x0f, 0x00,
    0x2f, 0x01, 0x01, 0x00, 0x02, 0x00, 0x00, 0x00, 0x00, 0x40, 0x00, 0x00,
    0x20, 0x25, 0x02, 0x00, 0x10, 0x40, 0x00, 0x00, 0xf0, 0x2f, 0x02, 0x00,
    0x2f, 0x01, 0x03, 0x00, 0x02, 0x00, 0x00, 0x00, 0x00, 0x40, 0x00, 0x00,
    0x50, 0x2c, 0x02, 0x00, 0x0a, 0x01, 0x39, 0x00, 0x04, 0x01, 0x0b, 0x00,
    0x05, 0x40, 0x00, 0x00, 0xa0, 0x03, 0x00, 0x00, 0x06, 0x40, 0x00, 0x00,
    0xa0, 0x03, 0x00, 0x00, 0x09, 0x01, 0x80, 0xff, 0x01, 0x01, 0x03, 0x00,
    0x02, 0x01, 0x03, 0x00, 0x10, 0x40, 0x00, 0x00, 0x90, 0x33, 0x02, 0x00,
    0x20, 0x01, 0x06, 0x00, 0x22, 0x01, 0x00, 0x00, 0x20, 0x40, 0x00, 0x00,
    0x00, 0x02, 0x00, 0x00, 0x21, 0x40, 0x00, 0x00, 0x90, 0x00, 0x00, 0x00,
    0x22, 0x40, 0x00, 0x00, 0x80, 0x01, 0x00, 0x00, 0x2f, 0x01, 0x01, 0x00,
    0x03, 0x00, 0x00, 0x00, 0x00, 0x40, 0x00, 0x00, 0xf0, 0x2f, 0x02, 0x00,
    0x10, 0x40, 0x00, 0x00, 0x30, 0x37, 0x02, 0x00, 0x2f, 0x01, 0x03, 0x00,
    0x03, 0x00, 0x00, 0x00, 0x00, 0x40, 0x00, 0x00, 0x90, 0x33, 0x02, 0x00,
    0x01, 0x01, 0x00, 0x00, 0x02, 0x01, 0x00, 0x00, 0x10, 0x40, 0x00, 0x00,
    0xd0, 0x3a, 0x02, 0x00, 0x20, 0x01, 0x00, 0x00, 0x20, 0x40, 0x00, 0x00,
    0x10, 0x03, 0x00, 0x00, 0x21, 0x40, 0x00, 0x00, 0xe0, 0x00, 0x00, 0x00,
    0x22, 0x40, 0x00, 0x00, 0x90, 0x02, 0x00, 0x00, 0x2f, 0x01, 0x01, 0x00,
    0x02, 0x00, 0x00, 0x00, 0x00, 0x40, 0x00, 0x00, 0x30, 0x37, 0x02, 0x00,
    0x10, 0x40, 0x00, 0x00, 0x70, 0x3e, 0x02, 0x00, 0x2f, 0x01, 0x03, 0x00,
    0x02, 0x00, 0x00, 0x00, 0x00, 0x40, 0x00, 0x00, 0xd0, 0x3a, 0x02, 0x00,
    0x01, 0x01, 0x04, 0x00, 0x02, 0x01, 0x04, 0x00, 0x10, 0x40, 0x00, 0x00,
    0x10, 0x42, 0x02, 0x00, 0x20, 0x01, 0x08, 0x00, 0x20, 0x40, 0x00, 0x00,
    0x70, 0x04, 0x00, 0x00, 0x21, 0x40, 0x00, 0x00, 0xb0, 0x00, 0x00, 0x00,
    0x22, 0x40, 0x00, 0x00, 0xf0, 0x03, 0x00, 0x00, 0x2f, 0x01, 0x01, 0x00,
    0x03, 0x00, 0x00, 0x00, 0x00, 0x40, 0x00, 0x00, 0x70, 0x3e, 0x02, 0x00,
    0x10, 0x40, 0x00, 0x00, 0xb0, 0x45, 0x02, 0x00, 0x2f, 0x01, 0x03, 0x00,
    0x03, 0x00, 0x00, 0x00, 0x00, 0x40, 0x00, 0x00, 0x10, 0x42, 0x02, 0x00,
    0x01, 0x01, 0x00, 0x00, 0x02, 0x01, 0x00, 0x00, 0x10, 0x40, 0x00, 0x00,
    0x70, 0x9b, 0x01, 0x00, 0x13, 0x01, 0x0f, 0x00, 0x20, 0x01, 0x00, 0x00,
    0x20, 0x40, 0x00, 0x00, 0xc0, 0x05, 0x00, 0x00, 0x21, 0x40, 0x00, 0x00,
    0x10, 0x01, 0x00, 0x00, 0x22, 0x40, 0x00, 0x00, 0x20, 0x05, 0x00, 0x00,
    0x23, 0x40, 0x00, 0x00, 0xa0, 0x00, 0x00, 0x00, 0x2f, 0x01, 0x01, 0x00,
    0x02, 0x00, 0x00, 0x00, 0x00, 0x40, 0x00, 0x00, 0xb0, 0x45, 0x02, 0x00,
    0x10, 0x40, 0x00, 0x00, 0x10, 0x9f, 0x01, 0x00, 0x2f, 0x01, 0x03, 0x00,
    0x02, 0x00, 0x00, 0x00, 0x00, 0x40, 0x00, 0x00, 0xb0, 0xa2, 0x01, 0x00,
    0x02, 0x40, 0x00, 0x00, 0xb0, 0x85, 0x01, 0x00, 0x0b, 0x01, 0x01, 0x00,
    0x0c, 0x01, 0x01, 0x00, 0x04, 0x01, 0x0f, 0x00, 0x01, 0x01, 0x01, 0x00,
    0x02, 0x01, 0x01, 0x00, 0x10, 0x40, 0x00, 0x00, 0x50, 0x49, 0x02, 0x00,
    0x21, 0x01, 0x04, 0x00, 0x20, 0x01, 0x02, 0x00, 0x20, 0x40, 0x00, 0x00,
    0x70, 0x07, 0x00, 0x00, 0x22, 0x40, 0x00, 0x00, 0xd0, 0x06, 0x00, 0x00,
    0x0d, 0x01, 0x12, 0x00, 0x2f, 0x01, 0x01, 0x00, 0x03, 0x00, 0x00, 0x00,
    0x00, 0x40, 0x00, 0x00, 0x50, 0xa6, 0x01, 0x00, 0x0b, 0x01, 0x00, 0x00,
    0x0c, 0x01, 0x00, 0x00, 0x10, 0x40, 0x00, 0x00, 0xf0, 0x4c, 0x02, 0x00,
    0x2f, 0x01, 0x03, 0x00, 0x03, 0x00, 0x00, 0x00, 0x00, 0x40, 0x00, 0x00,
    0x50, 0x49, 0x02, 0x00, 0x02, 0x40, 0x00, 0x00, 0x00, 0x00, 0x00, 0x00,
    0x01, 0x01, 0x00, 0x00, 0x02, 0x01, 0x00, 0x00, 0x10, 0x40, 0x00, 0x00,
    0x90, 0x50, 0x02, 0x00, 0x21, 0x01, 0x00, 0x00, 0x20, 0x01, 0x00, 0x00,
    0x20, 0x40, 0x00, 0x00, 0x20, 0x09, 0x00, 0x00, 0x21, 0x40, 0x00, 0x00,
    0x50, 0x01, 0x00, 0x00, 0x22, 0x40, 0x00, 0x00, 0x80, 0x08, 0x00, 0x00,
    0x0d, 0x01, 0x0a, 0x00, 0x2f, 0x01, 0x01, 0x00, 0x02, 0x00, 0x00, 0x00,
    0x00, 0x40, 0x00, 0x00, 0xf0, 0x4c, 0x02, 0x00, 0x10, 0x40, 0x00, 0x00,
    0x30, 0x54, 0x02, 0x00, 0x2f, 0x01, 0x03, 0x00, 0x02, 0x00, 0x00, 0x00,
    0x00, 0x40, 0x00, 0x00, 0x90, 0x50, 0x02, 0x00, 0x01, 0x01, 0x04, 0x00,
    0x02, 0x01, 0x04, 0x00, 0x10, 0x40, 0x00, 0x00, 0xd0, 0x57, 0x02, 0x00,
    0x20, 0x01, 0x08, 0x00, 0x20, 0x40, 0x00, 0x00, 0x10, 0x0b, 0x00, 0x00,
    0x21, 0x40, 0x00, 0x00, 0xd0, 0x00, 0x00, 0x00, 0x22, 0x40, 0x00, 0x00,
    0x70, 0x0a, 0x00, 0x00, 0x2f, 0x01, 0x01, 0x00, 0x03, 0x00, 0x00, 0x00,
    0x00, 0x40, 0x00, 0x00, 0x30, 0x54, 0x02, 0x00, 0x10, 0x40, 0x00, 0x00,
    0x70, 0x5b, 0x02, 0x00, 0x2f, 0x01, 0x03, 0x00, 0x03, 0x00, 0x00, 0x00,
    0x00, 0x40, 0x00, 0x00, 0xd0, 0x57, 0x02, 0x00, 0x01, 0x01, 0x00, 0x00,
    0x02, 0x01, 0x00, 0x00, 0x10, 0x40, 0x00, 0x00, 0xf0, 0xa9, 0x01, 0x00,
    0x20, 0x01, 0x00, 0x00, 0x20, 0x40, 0x00, 0x00, 0x80, 0x0c, 0x00, 0x00,
    0x21, 0x40, 0x00, 0x00, 0x50, 0x01, 0x00, 0x00, 0x22, 0x40, 0x00, 0x00,
    0xe0, 0x0b, 0x00, 0x00, 0x2f, 0x01, 0x01, 0x00, 0x02, 0x00, 0x00, 0x00,
    0x00, 0x40, 0x00, 0x00, 0x70, 0x5b, 0x02, 0x00, 0x10, 0x40, 0x00, 0x00,
    0x90, 0xad, 0x01, 0x00, 0x2f, 0x01, 0x03, 0x00, 0x02, 0x00, 0x00, 0x00,
    0x00, 0x40, 0x00, 0x00, 0x30, 0xb1, 0x01, 0x00, 0x0b, 0x01, 0x04, 0x00,
    0x0c, 0x01, 0x04, 0x00, 0x01, 0x01, 0x01, 0x00, 0x02, 0x01, 0x01, 0x00,
    0x10, 0x40, 0x00, 0x00, 0x10, 0x5f, 0x02, 0x00, 0x21, 0x01, 0x04, 0x00,
    0x20, 0x01, 0x02, 0x00, 0x20, 0x40, 0x00, 0x00, 0x70, 0x0e, 0x00, 0x00,
    0x21, 0x40, 0x00, 0x00, 0x10, 0x01, 0x00, 0x00, 0x22, 0x40, 0x00, 0x00,
    0xd0, 0x0d, 0x00, 0x00, 0x0d, 0x01, 0x12, 0x00, 0x2f, 0x01, 0x01, 0x00,
    0x03, 0x00, 0x00, 0x00, 0x00, 0x40, 0x00, 0x00, 0xd0, 0xb4, 0x01, 0x00,
    0x10, 0x40, 0x00, 0x00, 0xb0, 0x62, 0x02, 0x00, 0x2f, 0x01, 0x03, 0x00,
    0x03, 0x00, 0x00, 0x00, 0x00, 0x40, 0x00, 0x00, 0x10, 0x5f, 0x02, 0x00,
    0x0b, 0x01, 0x00, 0x00, 0x0c, 0x01, 0x00, 0x00, 0x01, 0x01, 0x00, 0x00,
    0x02, 0x01, 0x00, 0x00, 0x10, 0x40, 0x00, 0x00, 0x50, 0x66, 0x02, 0x00,
    0x21, 0x01, 0x00, 0x00, 0x20, 0x01, 0x00, 0x00, 0x20, 0x40, 0x00, 0x00,
    0x20, 0x10, 0x00, 0x00, 0x21, 0x40, 0x00, 0x00, 0x50, 0x01, 0x00, 0x00,
    0x22, 0x40, 0x00, 0x00, 0x80, 0x0f, 0x00, 0x00, 0x0d, 0x01, 0x0a, 0x00,
    0x2f, 0x01, 0x01, 0x00, 0x02, 0x00, 0x00, 0x00, 0x00, 0x40, 0x00, 0x00,
    0xb0, 0x62, 0x02, 0x00, 0x10, 0x40, 0x00, 0x00, 0xf0, 0x69, 0x02, 0x00,
    0x2f, 0x01, 0x03, 0x00, 0x02, 0x00, 0x00, 0x00, 0x00, 0x40, 0x00, 0x00,
    0x50, 0x66, 0x02, 0x00, 0x01, 0x01, 0x04, 0x00, 0x02, 0x01, 0x04, 0x00,
    0x10, 0x40, 0x00, 0x00, 0x90, 0x6d, 0x02, 0x00, 0x20, 0x01, 0x08, 0x00,
    0x20, 0x40, 0x00, 0x00, 0x10, 0x12, 0x00, 0x00, 0x21, 0x40, 0x00, 0x00,
    0xb0, 0x00, 0x00, 0x00, 0x22, 0x40, 0x00, 0x00, 0x70, 0x11, 0x00, 0x00,
    0x2f, 0x01, 0x01, 0x00, 0x03, 0x00, 0x00, 0x00, 0x00, 0x40, 0x00, 0x00,
    0xf0, 0x69, 0x02, 0x00, 0x10, 0x40, 0x00, 0x00, 0x30, 0x71, 0x02, 0x00,
    0x2f, 0x01, 0x03, 0x00, 0x03, 0x00, 0x00, 0x00, 0x00, 0x40, 0x00, 0x00,
    0x90, 0x6d, 0x02, 0x00, 0x01, 0x01, 0x00, 0x00, 0x02, 0x01, 0x00, 0x00,
    0x10, 0x40, 0x00, 0x00, 0xb0, 0xdc, 0x01, 0x00, 0x20, 0x01, 0x00, 0x00,
    0x20, 0x40, 0x00, 0x00, 0x60, 0x13, 0x00, 0x00, 0x21, 0x40, 0x00, 0x00,
    0x50, 0x01, 0x00, 0x00, 0x22, 0x40, 0x00, 0x00, 0xc0, 0x12, 0x00, 0x00,
    0x2f, 0x01, 0x01, 0x00, 0x02, 0x00, 0x00, 0x00, 0x00, 0x40, 0x00, 0x00,
    0x30, 0x71, 0x02, 0x00, 0x10, 0x40, 0x00, 0x00, 0x50, 0xe0, 0x01, 0x00,
    0x2f, 0x01, 0x03, 0x00, 0x02, 0x00, 0x00, 0x00, 0x00, 0x40, 0x00, 0x00,
    0xf0, 0xe3, 0x01, 0x00, 0x02, 0x40, 0x00, 0x00, 0x30, 0xce, 0x01, 0x00,
    0x0b, 0x01, 0x03, 0x00, 0x0c, 0x01, 0x03, 0x00, 0x01, 0x01, 0x01, 0x00,
    0x02, 0x01, 0x01, 0x00, 0x10, 0x40, 0x00, 0x00, 0xd0, 0x74, 0x02, 0x00,
    0x21, 0x01, 0x04, 0x00, 0x20, 0x01, 0x02, 0x00, 0x20, 0x40, 0x00, 0x00,
    0x50, 0x15, 0x00, 0x00, 0x21, 0x40, 0x00, 0x00, 0x10, 0x01, 0x00, 0x00,
    0x22, 0x40, 0x00, 0x00, 0xb0, 0x14, 0x00, 0x00, 0x0d, 0x01, 0x12, 0x00,
    0x2f, 0x01, 0x01, 0x00, 0x03, 0x00, 0x00, 0x00, 0x00, 0x40, 0x00, 0x00,
    0x90, 0xe7, 0x01, 0x00, 0x0b, 0x01, 0x02, 0x00, 0x0c, 0x01, 0x02, 0x00,
    0x10, 0x40, 0x00, 0x00, 0x70, 0x78, 0x02, 0x00, 0x2f, 0x01, 0x03, 0x00,
    0x03, 0x00, 0x00, 0x00, 0x00, 0x40, 0x00, 0x00, 0xd0, 0x74, 0x02, 0x00,
    0x02, 0x40, 0x00, 0x00, 0x00, 0x00, 0x00, 0x00, 0x0b, 0x01, 0x00, 0x00,
    0x0c, 0x01, 0x00, 0x00, 0x01, 0x01, 0x00, 0x00, 0x02, 0x01, 0x00, 0x00,
    0x10, 0x40, 0x00, 0x00, 0xb0, 0xf9, 0x01, 0x00, 0x21, 0x01, 0x00, 0x00,
    0x20, 0x01, 0x00, 0x00, 0x20, 0x40, 0x00, 0x00, 0x00, 0x17, 0x00, 0x00,
    0x21, 0x40, 0x00, 0x00, 0x50, 0x01, 0x00, 0x00, 0x22, 0x40, 0x00, 0x00,
    0x60, 0x16, 0x00, 0x00, 0x0d, 0x01, 0x0a, 0x00, 0x2f, 0x01, 0x01, 0x00,
    0x02, 0x00, 0x00, 0x00, 0x00, 0x40, 0x00, 0x00, 0x70, 0x78, 0x02, 0x00,
    0x10, 0x40, 0x00, 0x00, 0x50, 0xfd, 0x01, 0x00, 0x2f, 0x01, 0x03, 0x00,
    0x02, 0x00, 0x00, 0x00, 0x00, 0x40, 0x00, 0x00, 0x30, 0xeb, 0x01, 0x00,
    0x02, 0x40, 0x00, 0x00, 0x30, 0xce, 0x01, 0x00, 0x0b, 0x01, 0x01, 0x00,
    0x0c, 0x01, 0x01, 0x00, 0x01, 0x01, 0x01, 0x00, 0x02, 0x01, 0x01, 0x00,
    0x10, 0x40, 0x00, 0x00, 0xd0, 0x74, 0x02, 0x00, 0x21, 0x01, 0x04, 0x00,
    0x20, 0x01, 0x02, 0x00, 0x20, 0x40, 0x00, 0x00, 0x50, 0x15, 0x00, 0x00,
    0x21, 0x40, 0x00, 0x00, 0x10, 0x01, 0x00, 0x00, 0x22, 0x40, 0x00, 0x00,
    0xb0, 0x14, 0x00, 0x00, 0x0d, 0x01, 0x12, 0x00, 0x03, 0x00, 0x00, 0x00,
    0x00, 0x40, 0x00, 0x00, 0xd0, 0xee, 0x01, 0x00, 0x0b, 0x01, 0x00, 0x00,
    0x0c, 0x01, 0x00, 0x00, 0x10, 0x40, 0x00, 0x00, 0x70, 0x78, 0x02, 0x00,
    0x03, 0x00, 0x00, 0x00, 0x00, 0x40, 0x00, 0x00, 0xd0, 0x74, 0x02, 0x00,
    0x02, 0x40, 0x00, 0x00, 0x00, 0x00, 0x00, 0x00, 0x01, 0x01, 0x00, 0x00,
    0x02, 0x01, 0x00, 0x00, 0x10, 0x40, 0x00, 0x00, 0xf0, 0x00, 0x02, 0x00,
    0x21, 0x01, 0x00, 0x00, 0x20, 0x01, 0x00, 0x00, 0x20, 0x40, 0x00, 0x00,
    0x00, 0x17, 0x00, 0x00, 0x21, 0x40, 0x00, 0x00, 0x50, 0x01, 0x00, 0x00,
    0x22, 0x40, 0x00, 0x00, 0x60, 0x16, 0x00, 0x00, 0x0d, 0x01, 0x0a, 0x00,
    0x2f, 0x01, 0x01, 0x00, 0x02, 0x00, 0x00, 0x00, 0x00, 0x40, 0x00, 0x00,
    0x70, 0x78, 0x02, 0x00, 0x10, 0x40, 0x00, 0x00, 0x90, 0x04, 0x02, 0x00,
    0x2f, 0x01, 0x03, 0x00, 0x02, 0x00, 0x00, 0x00, 0x00, 0x40, 0x00, 0x00,
    0x70, 0xf2, 0x01, 0x00, 0x0b, 0x01, 0x02, 0x00, 0x0c, 0x01, 0x02, 0x00,
    0x01, 0x01, 0x02, 0x00, 0x02, 0x01, 0x02, 0x00, 0x10, 0x40, 0x00, 0x00,
    0xb0, 0x7f, 0x02, 0x00, 0x21, 0x01, 0x02, 0x00, 0x20, 0x01, 0x04, 0x00,
    0x20, 0x40, 0x00, 0x00, 0xf0, 0x18, 0x00, 0x00, 0x21, 0x40, 0x00, 0x00,
    0x10, 0x01, 0x00, 0x00, 0x22, 0x40, 0x00, 0x00, 0x50, 0x18, 0x00, 0x00,
    0x2f, 0x01, 0x01, 0x00, 0x03, 0x00, 0x00, 0x00, 0x00, 0x40, 0x00, 0x00,
    0x10, 0x7c, 0x02, 0x00, 0x0b, 0x01, 0x00, 0x00, 0x0c, 0x01, 0x00, 0x00,
    0x01, 0x01, 0x00, 0x00, 0x02, 0x01, 0x00, 0x00, 0x10, 0x40, 0x00, 0x00,
    0x30, 0x08, 0x02, 0x00, 0x21, 0x01, 0x00, 0x00, 0x20, 0x01, 0x00, 0x00,
    0x20, 0x40, 0x00, 0x00, 0xa0, 0x1a, 0x00, 0x00, 0x21, 0x40, 0x00, 0x00,
    0x50, 0x01, 0x00, 0x00, 0x22, 0x40, 0x00, 0x00, 0x00, 0x1a, 0x00, 0x00,
    0x02, 0x00, 0x00, 0x00, 0x00, 0x40, 0x00, 0x00, 0xb0, 0x7f, 0x02, 0x00,
    0x10, 0x40, 0x00, 0x00, 0xd0, 0x0b, 0x02, 0x00, 0x2f, 0x01, 0x03, 0x00,
    0x02, 0x00, 0x00, 0x00, 0x00, 0x40, 0x00, 0x00, 0x70, 0x0f, 0x02, 0x00,
    0x0b, 0x01, 0x02, 0x00, 0x0c, 0x01, 0x02, 0x00, 0x01, 0x01, 0x02, 0x00,
    0x02, 0x01, 0x02, 0x00, 0x10, 0x40, 0x00, 0x00, 0x7a, 0x07, 0x00, 0x00,
    0x13, 0x01, 0x00, 0x00, 0x15, 0x40, 0x00, 0x00, 0x3a, 0x00, 0x00, 0x00,
    0x14, 0x40, 0x00, 0x00, 0x01, 0x00, 0x00, 0x00, 0x16, 0x40, 0x00, 0x00,
    0x01, 0x00, 0x00, 0x00, 0x18, 0x01, 0x59, 0x00, 0x14, 0x01, 0x01, 0x00,
    0x21, 0x01, 0x02, 0x00, 0x20, 0x01, 0x04, 0x00, 0x22, 0x01, 0x04, 0x00,
    0x20, 0x40, 0x00, 0x00, 0x00, 0x1c, 0x00, 0x00, 0x21, 0x40, 0x00, 0x00,
    0x90, 0x01, 0x00, 0x00, 0x22, 0x40, 0x00, 0x00, 0xf0, 0x1b, 0x00, 0x00,
    0x23, 0x40, 0x00, 0x00, 0x10, 0x00, 0x00, 0x00, 0x17, 0x01, 0x07, 0x00,
    0x2f, 0x01, 0x01, 0x00, 0x02, 0x00, 0x00, 0x00, 0x00, 0x40, 0x00, 0x00,
    0x10, 0x13, 0x02, 0x00, 0x10, 0x40, 0x00, 0x00, 0xb4, 0x07, 0x00, 0x00,
    0x2f, 0x01, 0x03, 0x00, 0x02, 0x00, 0x00, 0x00, 0x00, 0x40, 0x00, 0x00,
    0xb0, 0x16, 0x02, 0x00, 0x02, 0x40, 0x00, 0x00, 0x30, 0x08, 0x02, 0x00,
    0x0b, 0x01, 0x01, 0x00, 0x0c, 0x01, 0x01, 0x00, 0x10, 0x40, 0x00, 0x00,
    0xee, 0x07, 0x00, 0x00, 0x02, 0x00, 0x00, 0x00, 0x00, 0x40, 0x00, 0x00,
    0x50, 0x1a, 0x02, 0x00, 0x0b, 0x01, 0x00, 0x00, 0x0c, 0x01, 0x00, 0x00,
    0x10, 0x40, 0x00, 0x00, 0x28, 0x08, 0x00, 0x00, 0x02, 0x00, 0x00, 0x00,
    0x00, 0x40, 0x00, 0x00, 0x10, 0xf6, 0x01, 0x00, 0x02, 0x40, 0x00, 0x00,
    0x00, 0x00, 0x00, 0x00, 0x0b, 0x01, 0x02, 0x00, 0x0c, 0x01, 0x02, 0x00,
    0x10, 0x40, 0x00, 0x00, 0x10, 0x7c, 0x02, 0x00, 0x13, 0x01, 0x0f, 0x00,
    0x15, 0x40, 0x00, 0x00, 0xa0, 0x03, 0x00, 0x00, 0x14, 0x40, 0x00, 0x00,
    0x10, 0x00, 0x00, 0x00, 0x16, 0x40, 0x00, 0x00, 0xa0, 0x03, 0x00, 0x00,
    0x18, 0x01, 0x80, 0xff, 0x14, 0x01, 0x41, 0x00, 0x22, 0x01, 0x00, 0x00,
    0x20, 0x40, 0x00, 0x00, 0xf0, 0x18, 0x00, 0x00, 0x21, 0x40, 0x00, 0x00,
    0x10, 0x01, 0x00, 0x00, 0x22, 0x40, 0x00, 0x00, 0x50, 0x18, 0x00, 0x00,
    0x23, 0x40, 0x00, 0x00, 0xa0, 0x00, 0x00, 0x00, 0x17, 0x01, 0x0f, 0x00,
    0x03, 0x00, 0x00, 0x00, 0x00, 0x40, 0x00, 0x00, 0xb0, 0xf9, 0x01, 0x00,
    0x10, 0x40, 0x00, 0x00, 0xb0, 0x7f, 0x02, 0x00, 0x03, 0x00, 0x00, 0x00,
    0x00, 0x40, 0x00, 0x00, 0x10, 0x7c, 0x02, 0x00, 0x0b, 0x01, 0x00, 0x00,
    0x0c, 0x01, 0x00, 0x00, 0x01, 0x01, 0x00, 0x00, 0x02, 0x01, 0x00, 0x00,
    0x10, 0x40, 0x00, 0x00, 0x70, 0x0f, 0x02, 0x00, 0x21, 0x01, 0x00, 0x00,
    0x20, 0x01, 0x00, 0x00, 0x20, 0x40, 0x00, 0x00, 0xa0, 0x1a, 0x00, 0x00,
    0x21, 0x40, 0x00, 0x00, 0x50, 0x01, 0x00, 0x00, 0x22, 0x40, 0x00, 0x00,
    0x00, 0x1a, 0x00, 0x00, 0x2f, 0x01, 0x01, 0x00, 0x02, 0x00, 0x00, 0x00,
    0x00, 0x40, 0x00, 0x00, 0xb0, 0x7f, 0x02, 0x00, 0x10, 0x40, 0x00, 0x00,
    0x10, 0x13, 0x02, 0x00, 0x2f, 0x01, 0x03, 0x00, 0x02, 0x00, 0x00, 0x00,
    0x00, 0x40, 0x00, 0x00, 0x50, 0xfd, 0x01, 0x00, 0x0b, 0x01, 0x02, 0x00,
    0x0c, 0x01, 0x02, 0x00, 0x01, 0x01, 0x02, 0x00, 0x02, 0x01, 0x02, 0x00,
    0x10, 0x40, 0x00, 0x00, 0x10, 0x7c, 0x02, 0x00, 0x21, 0x01, 0x02, 0x00,
    0x20, 0x01, 0x04, 0x00, 0x20, 0x40, 0x00, 0x00, 0xf0, 0x18, 0x00, 0x00,
    0x21, 0x40, 0x00, 0x00, 0x10, 0x01, 0x00, 0x00, 0x22, 0x40, 0x00, 0x00,
    0x50, 0x18, 0x00, 0x00, 0x03, 0x00, 0x00, 0x00, 0x00, 0x40, 0x00, 0x00,
    0x30, 0xce, 0x01, 0x00, 0x0b, 0x01, 0x04, 0x00, 0x0c, 0x01, 0x04, 0x00,
    0x01, 0x01, 0x01, 0x00, 0x02, 0x01, 0x01, 0x00, 0x10, 0x40, 0x00, 0x00,
    0xd0, 0x74, 0x02, 0x00, 0x21, 0x01, 0x04, 0x00, 0x20, 0x01, 0x02, 0x00,
    0x20, 0x40, 0x00, 0x00, 0x50, 0x15, 0x00, 0x00, 0x22, 0x40, 0x00, 0x00,
    0xb0, 0x14, 0x00, 0x00, 0x0d, 0x01, 0x12, 0x00, 0x03, 0x00, 0x00, 0x00,
    0x00, 0x40, 0x00, 0x00, 0xd0, 0xd1, 0x01, 0x00, 0x10, 0x40, 0x00, 0x00,
    0x70, 0x78, 0x02, 0x00, 0x03, 0x00, 0x00, 0x00, 0x00, 0x40, 0x00, 0x00,
    0xd0, 0x74, 0x02, 0x00, 0x0b, 0x01, 0x00, 0x00, 0x0c, 0x01, 0x00, 0x00,
    0x01, 0x01, 0x00, 0x00, 0x02, 0x01, 0x00, 0x00, 0x10, 0x40, 0x00, 0x00,
    0x70, 0xf2, 0x01, 0x00, 0x21, 0x01, 0x00, 0x00, 0x20, 0x01, 0x00, 0x00,
    0x20, 0x40, 0x00, 0x00, 0x00, 0x17, 0x00, 0x00, 0x21, 0x40, 0x00, 0x00,
    0x50, 0x01, 0x00, 0x00, 0x22, 0x40, 0x00, 0x00, 0x60, 0x16, 0x00, 0x00,
    0x0d, 0x01, 0x0a, 0x00, 0x2f, 0x01, 0x01, 0x00, 0x02, 0x00, 0x00, 0x00,
    0x00, 0x40, 0x00, 0x00, 0x70, 0x78, 0x02, 0x00, 0x10, 0x40, 0x00, 0x00,
    0x10, 0xf6, 0x01, 0x00, 0x2f, 0x01, 0x03, 0x00, 0x02, 0x00, 0x00, 0x00,
    0x00, 0x40, 0x00, 0x00, 0x70, 0xb8, 0x01, 0x00, 0x0b, 0x01, 0x04, 0x00,
    0x0c, 0x01, 0x04, 0x00, 0x01, 0x01, 0x01, 0x00, 0x02, 0x01, 0x01, 0x00,
    0x10, 0x40, 0x00, 0x00, 0x10, 0x5f, 0x02, 0x00, 0x21, 0x01, 0x04, 0x00,
    0x20, 0x01, 0x02, 0x00, 0x20, 0x40, 0x00, 0x00, 0x70, 0x0e, 0x00, 0x00,
    0x21, 0x40, 0x00, 0x00, 0x10, 0x01, 0x00, 0x00, 0x22, 0x40, 0x00, 0x00,
    0xd0, 0x0d, 0x00, 0x00, 0x0d, 0x01, 0x12, 0x00, 0x03, 0x00, 0x00, 0x00,
    0x00, 0x40, 0x00, 0x00, 0x10, 0xbc, 0x01, 0x00, 0x10, 0x40, 0x00, 0x00,
    0xb0, 0x62, 0x02, 0x00, 0x03, 0x00, 0x00, 0x00, 0x00, 0x40, 0x00, 0x00,
    0x10, 0x5f, 0x02, 0x00, 0x0b, 0x01, 0x00, 0x00, 0x0c, 0x01, 0x00, 0x00,
    0x01, 0x01, 0x00, 0x00, 0x02, 0x01, 0x00, 0x00, 0x10, 0x40, 0x00, 0x00,
    0x50, 0x66, 0x02, 0x00, 0x21, 0x01, 0x00, 0x00, 0x20, 0x01, 0x00, 0x00,
    0x20, 0x40, 0x00, 0x00, 0x20, 0x10, 0x00, 0x00, 0x21, 0x40, 0x00, 0x00,
    0x50, 0x01, 0x00, 0x00, 0x22, 0x40, 0x00, 0x00, 0x80, 0x0f, 0x00, 0x00,
    0x0d, 0x01, 0x0a, 0x00, 0x2f, 0x01, 0x01, 0x00, 0x02, 0x00, 0x00, 0x00,
    0x00, 0x40, 0x00, 0x00, 0xb0, 0x62, 0x02, 0x00, 0x10, 0x40, 0x00, 0x00,
    0xf0, 0x69, 0x02, 0x00, 0x2f, 0x01, 0x03, 0x00, 0x02, 0x00, 0x00, 0x00,
    0x00, 0x40, 0x00, 0x00, 0x50, 0x66, 0x02, 0x00, 0x01, 0x01, 0x04, 0x00,
    0x02, 0x01, 0x04, 0x00, 0x10, 0x40, 0x00, 0x00, 0x90, 0x6d, 0x02, 0x00,
    0x20, 0x01, 0x08, 0x00, 0x20, 0x40, 0x00, 0x00, 0x10, 0x12, 0x00, 0x00,
    0x21, 0x40, 0x00, 0x00, 0xb0, 0x00, 0x00, 0x00, 0x22, 0x40, 0x00, 0x00,
    0x70, 0x11, 0x00, 0x00, 0x2f, 0x01, 0x01, 0x00, 0x03, 0x00, 0x00, 0x00,
    0x00, 0x40, 0x00, 0x00, 0xf0, 0x69, 0x02, 0x00, 0x10, 0x40, 0x00, 0x00,
    0x30, 0x71, 0x02, 0x00, 0x2f, 0x01, 0x03, 0x00, 0x03, 0x00, 0x00, 0x00,
    0x00, 0x40, 0x00, 0x00, 0x90, 0x6d, 0x02, 0x00, 0x01, 0x01, 0x00, 0x00,
    0x02, 0x01, 0x00, 0x00, 0x10, 0x40, 0x00, 0x00, 0xf0, 0xe3, 0x01, 0x00,
    0x20, 0x01, 0x00, 0x00, 0x20, 0x40, 0x00, 0x00, 0x60, 0x13, 0x00, 0x00,
    0x21, 0x40, 0x00, 0x00, 0x50, 0x01, 0x00, 0x00, 0x22, 0x40, 0x00, 0x00,
    0xc0, 0x12, 0x00, 0x00, 0x2f, 0x01, 0x01, 0x00, 0x02, 0x00, 0x00, 0x00,
    0x00, 0x40, 0x00, 0x00, 0x30, 0x71, 0x02, 0x00, 0x10, 0x40, 0x00, 0x00,
    0x90, 0xe7, 0x01, 0x00, 0x2f, 0x01, 0x03, 0x00, 0x02, 0x00, 0x00, 0x00,
    0x00, 0x40, 0x00, 0x00, 0xb0, 0xbf, 0x01, 0x00, 0x02, 0x40, 0x00, 0x00,
    0xf0, 0xa9, 0x01, 0x00, 0x0b, 0x01, 0x03, 0x00, 0x0c, 0x01, 0x03, 0x00,
    0x01, 0x01, 0x01, 0x00, 0x02, 0x01, 0x01, 0x00, 0x10, 0x40, 0x00, 0x00,
    0x10, 0x5f, 0x02, 0x00, 0x21, 0x01, 0x04, 0x00, 0x20, 0x01, 0x02, 0x00,
    0x20, 0x40, 0x00, 0x00, 0x70, 0x0e, 0x00, 0x00, 0x21, 0x40, 0x00, 0x00,
    0x10, 0x01, 0x00, 0x00, 0x22, 0x40, 0x00, 0x00, 0xd0, 0x0d, 0x00, 0x00,
    0x0d, 0x01, 0x12, 0x00, 0x03, 0x00, 0x00, 0x00, 0x00, 0x40, 0x00, 0x00,
    0x50, 0xc3, 0x01, 0x00, 0x0b, 0x01, 0x02, 0x00, 0x0c, 0x01, 0x02, 0x00,
    0x10, 0x40, 0x00, 0x00, 0xb0, 0x62, 0x02, 0x00, 0x03, 0x00, 0x00, 0x00,
    0x00, 0x40, 0x00, 0x00, 0x10, 0x5f, 0x02, 0x00, 0x02, 0x40, 0x00, 0x00,
    0x00, 0x00, 0x00, 0x00, 0x0b, 0x01, 0x00, 0x00, 0x0c, 0x01, 0x00, 0x00,
    0x01, 0x01, 0x00, 0x00, 0x02, 0x01, 0x00, 0x00, 0x10, 0x40, 0x00, 0x00,
    0x50, 0x66, 0x02, 0x00, 0x21, 0x01, 0x00, 0x00, 0x20, 0x01, 0x00, 0x00,
    0x20, 0x40, 0x00, 0x00, 0x20, 0x10, 0x00, 0x00, 0x21, 0x40, 0x00, 0x00,
    0x50, 0x01, 0x00, 0x00, 0x22, 0x40, 0x00, 0x00, 0x80, 0x0f, 0x00, 0x00,
    0x0d, 0x01, 0x0a, 0x00, 0x2f, 0x01, 0x01, 0x00, 0x02, 0x00, 0x00, 0x00,
    0x00, 0x40, 0x00, 0x00, 0xb0, 0x62, 0x02, 0x00, 0x10, 0x40, 0x00, 0x00,
    0xf0, 0x69, 0x02, 0x00, 0x2f, 0x01, 0x03, 0x00, 0x02, 0x00, 0x00, 0x00,
    0x00, 0x40, 0x00, 0x00, 0x50, 0x66, 0x02, 0x00, 0x01, 0x01, 0x04, 0x00,
    0x02, 0x01, 0x04, 0x00, 0x10, 0x40, 0x00, 0x00, 0x90, 0x6d, 0x02, 0x00,
    0x20, 0x01, 0x08, 0x00, 0x20, 0x40, 0x00, 0x00, 0x10, 0x12, 0x00, 0x00,
    0x21, 0x40, 0x00, 0x00, 0xb0, 0x00, 0x00, 0x00, 0x22, 0x40, 0x00, 0x00,
    0x70, 0x11, 0x00, 0x00, 0x2f, 0x01, 0x01, 0x00, 0x03, 0x00, 0x00, 0x00,
    0x00, 0x40, 0x00, 0x00, 0xf0, 0x69, 0x02, 0x00, 0x10, 0x40, 0x00, 0x00,
    0x30, 0x71, 0x02, 0x00, 0x2f, 0x01, 0x03, 0x00, 0x03, 0x00, 0x00, 0x00,
    0x00, 0x40, 0x00, 0x00, 0x90, 0x6d, 0x02, 0x00, 0x01, 0x01, 0x00, 0x00,
    0x02, 0x01, 0x00, 0x00, 0x10, 0x40, 0x00, 0x00, 0x30, 0xeb, 0x01, 0x00,
    0x20, 0x01, 0x00, 0x00, 0x20, 0x40, 0x00, 0x00, 0x60, 0x13, 0x00, 0x00,
    0x21, 0x40, 0x00, 0x00, 0x50, 0x01, 0x00, 0x00, 0x22, 0x40, 0x00, 0x00,
    0xc0, 0x12, 0x00, 0x00, 0x2f, 0x01, 0x01, 0x00, 0x02, 0x00, 0x00, 0x00,
    0x00, 0x40, 0x00, 0x00, 0x30, 0x71, 0x02, 0x00, 0x10, 0x40, 0x00, 0x00,
    0xd0, 0xee, 0x01, 0x00, 0x2f, 0x01, 0x03, 0x00, 0x02, 0x00, 0x00, 0x00,
    0x00, 0x40, 0x00, 0x00, 0xb0, 0x85, 0x01, 0x00, 0x0b, 0x01, 0x04, 0x00,
    0x0c, 0x01, 0x04, 0x00, 0x01, 0x01, 0x01, 0x00, 0x02, 0x01, 0x01, 0x00,
    0x10, 0x40, 0x00, 0x00, 0x50, 0x49, 0x02, 0x00, 0x21, 0x01, 0x04, 0x00,
    0x20, 0x01, 0x02, 0x00, 0x20, 0x40, 0x00, 0x00, 0x70, 0x07, 0x00, 0x00,
    0x21, 0x40, 0x00, 0x00, 0x10, 0x01, 0x00, 0x00, 0x22, 0x40, 0x00, 0x00,
    0xd0, 0x06, 0x00, 0x00, 0x0d, 0x01, 0x12, 0x00, 0x03, 0x00, 0x00, 0x00,
    0x00, 0x40, 0x00, 0x00, 0x50, 0x89, 0x01, 0x00, 0x10, 0x40, 0x00, 0x00,
    0xf0, 0x4c, 0x02, 0x00, 0x03, 0x00, 0x00, 0x00, 0x00, 0x40, 0x00, 0x00,
    0x50, 0x49, 0x02, 0x00, 0x0b, 0x01, 0x00, 0x00, 0x0c, 0x01, 0x00, 0x00,
    0x01, 0x01, 0x00, 0x00, 0x02, 0x01, 0x00, 0x00, 0x10, 0x40, 0x00, 0x00,
    0x90, 0x50, 0x02, 0x00, 0x21, 0x01, 0x00, 0x00, 0x20, 0x01, 0x00, 0x00,
    0x20, 0x40, 0x00, 0x00, 0x20, 0x09, 0x00, 0x00, 0x21, 0x40, 0x00, 0x00,
    0x50, 0x01, 0x00, 0x00, 0x22, 0x40, 0x00, 0x00, 0x80, 0x08, 0x00, 0x00,
    0x0d, 0x01, 0x0a, 0x00, 0x2f, 0x01, 0x01, 0x00, 0x02, 0x00, 0x00, 0x00,
    0x00, 0x40, 0x00, 0x00, 0xf0, 0x4c, 0x02, 0x00, 0x10, 0x40, 0x00, 0x00,
    0x30, 0x54, 0x02, 0x00, 0x2f, 0x01, 0x03, 0x00, 0x02, 0x00, 0x00, 0x00,
    0x00, 0x40, 0x00, 0x00, 0x90, 0x50, 0x02, 0x00, 0x01, 0x01, 0x04, 0x00,
    0x02, 0x01, 0x04, 0x00, 0x10, 0x40, 0x00, 0x00, 0xd0, 0x57, 0x02, 0x00,
    0x20, 0x01, 0x08, 0x00, 0x20, 0x40, 0x00, 0x00, 0x10, 0x0b, 0x00, 0x00,
    0x21, 0x40, 0x00, 0x00, 0xd0, 0x00, 0x00, 0x00, 0x22, 0x40, 0x00, 0x00,
    0x70, 0x0a, 0x00, 0x00, 0x2f, 0x01, 0x01, 0x00, 0x03, 0x00, 0x00, 0x00,
    0x00, 0x40, 0x00, 0x00, 0x30, 0x54, 0x02, 0x00, 0x10, 0x40, 0x00, 0x00,
    0x70, 0x5b, 0x02, 0x00, 0x2f, 0x01, 0x03, 0x00, 0x03, 0x00, 0x00, 0x00,
    0x00, 0x40, 0x00, 0x00, 0xd0, 0x57, 0x02, 0x00, 0x01, 0x01, 0x00, 0x00,
    0x02, 0x01, 0x00, 0x00, 0x10, 0x40, 0x00, 0x00, 0x30, 0xb1, 0x01, 0x00,
    0x20, 0x01, 0x00, 0x00, 0x20, 0x40, 0x00, 0x00, 0x80, 0x0c, 0x00, 0x00,
    0x21, 0x40, 0x00, 0x00, 0x50, 0x01, 0x00, 0x00, 0x22, 0x40, 0x00, 0x00,
    0xe0, 0x0b, 0x00, 0x00, 0x2f, 0x01, 0x01, 0x00, 0x02, 0x00, 0x00, 0x00,
    0x00, 0x40, 0x00, 0x00, 0x70, 0x5b, 0x02, 0x00, 0x10, 0x40, 0x00, 0x00,
    0xd0, 0xb4, 0x01, 0x00, 0x2f, 0x01, 0x03, 0x00, 0x02, 0x00, 0x00, 0x00,
    0x00, 0x40, 0x00, 0x00, 0xf0, 0x8c, 0x01, 0x00, 0x0b, 0x01, 0x04, 0x00,
    0x0c, 0x01, 0x04, 0x00, 0x01, 0x01, 0x01, 0x00, 0x02, 0x01, 0x01, 0x00,
    0x10, 0x40, 0x00, 0x00, 0x50, 0x49, 0x02, 0x00, 0x21, 0x01, 0x04, 0x00,
    0x20, 0x01, 0x02, 0x00, 0x20, 0x40, 0x00, 0x00, 0x70, 0x07, 0x00, 0x00,
    0x21, 0x40, 0x00, 0x00, 0x10, 0x01, 0x00, 0x00, 0x22, 0x40, 0x00, 0x00,
    0xd0, 0x06, 0x00, 0x00, 0x0d, 0x01, 0x12, 0x00, 0x03, 0x00, 0x00, 0x00,
    0x00, 0x40, 0x00, 0x00, 0x90, 0x90, 0x01, 0x00, 0x10, 0x40, 0x00, 0x00,
    0xf0, 0x4c, 0x02, 0x00, 0x03, 0x00, 0x00, 0x00, 0x00, 0x40, 0x00, 0x00,
    0x50, 0x49, 0x02, 0x00, 0x0b, 0x01, 0x00, 0x00, 0x0c, 0x01, 0x00, 0x00,
    0x01, 0x01, 0x00, 0x00, 0x02, 0x01, 0x00, 0x00, 0x10, 0x40, 0x00, 0x00,
    0x90, 0x50, 0x02, 0x00, 0x21, 0x01, 0x00, 0x00, 0x20, 0x01, 0x00, 0x00,
    0x20, 0x40, 0x00, 0x00, 0x20, 0x09, 0x00, 0x00, 0x21, 0x40, 0x00, 0x00,
    0x50, 0x01, 0x00, 0x00, 0x22, 0x40, 0x00, 0x00, 0x80, 0x08, 0x00, 0x00,
    0x0d, 0x01, 0x0a, 0x00, 0x2f, 0x01, 0x01, 0x00, 0x02, 0x00, 0x00, 0x00,
    0x00, 0x40, 0x00, 0x00, 0xf0, 0x4c, 0x02, 0x00, 0x10, 0x40, 0x00, 0x00,
    0x30, 0x54, 0x02, 0x00, 0x2f, 0x01, 0x03, 0x00, 0x02, 0x00, 0x00, 0x00,
    0x00, 0x40, 0x00, 0x00, 0x90, 0x50, 0x02, 0x00, 0x01, 0x01, 0x04, 0x00,
    0x02, 0x01, 0x04, 0x00, 0x10, 0x40, 0x00, 0x00, 0xd0, 0x57, 0x02, 0x00,
    0x20, 0x01, 0x08, 0x00, 0x20, 0x40, 0x00, 0x00, 0x10, 0x0b, 0x00, 0x00,
    0x21, 0x40, 0x00, 0x00, 0xd0, 0x00, 0x00, 0x00, 0x22, 0x40, 0x00, 0x00,
    0x70, 0x0a, 0x00, 0x00, 0x2f, 0x01, 0x01, 0x00, 0x03, 0x00, 0x00, 0x00,
    0x00, 0x40, 0x00, 0x00, 0x30, 0x54, 0x02, 0x00, 0x10, 0x40, 0x00, 0x00,
    0x70, 0x5b, 0x02, 0x00, 0x2f, 0x01, 0x03, 0x00, 0x03, 0x00, 0x00, 0x00,
    0x00, 0x40, 0x00, 0x00, 0xd0, 0x57, 0x02, 0x00, 0x01, 0x01, 0x00, 0x00,
    0x02, 0x01, 0x00, 0x00, 0x10, 0x40, 0x00, 0x00, 0x70, 0xb8, 0x01, 0x00,
    0x20, 0x01, 0x00, 0x00, 0x20, 0x40, 0x00, 0x00, 0x80, 0x0c, 0x00, 0x00,
    0x21, 0x40, 0x00, 0x00, 0x50, 0x01, 0x00, 0x00, 0x22, 0x40, 0x00, 0x00,
    0xe0, 0x0b, 0x00, 0x00, 0x2f, 0x01, 0x01, 0x00, 0x02, 0x00, 0x00, 0x00,
    0x00, 0x40, 0x00, 0x00, 0x70, 0x5b, 0x02, 0x00, 0x10, 0x40, 0x00, 0x00,
    0x10, 0xbc, 0x01, 0x00, 0x2f, 0x01, 0x03, 0x00, 0x02, 0x00, 0x00, 0x00,
    0x00, 0x40, 0x00, 0x00, 0x90, 0xe7, 0x00, 0x00, 0x0b, 0x01, 0x01, 0x00,
    0x0c, 0x01, 0x01, 0x00, 0x0a, 0x01, 0x72, 0x00, 0x04, 0x01, 0x03, 0x00,
    0x05, 0x40, 0x00, 0x00, 0xcc, 0x01, 0x00, 0x00, 0x04, 0x40, 0x00, 0x00,
    0x04, 0x00, 0x00, 0x00, 0x06, 0x40, 0x00, 0x00, 0x01, 0x00, 0x00, 0x00,
    0x09, 0x01, 0x00, 0x00, 0x05, 0x01, 0x01, 0x00, 0x10, 0x40, 0x00, 0x00,
    0xf0, 0x1d, 0x02, 0x00, 0x11, 0x01, 0x72, 0x00, 0x1a, 0x01, 0x72, 0x00,
    0x13, 0x01, 0x03, 0x00, 0x15, 0x40, 0x00, 0x00, 0x30, 0x07, 0x00, 0x00,
    0x16, 0x40, 0x00, 0x00, 0x30, 0x07, 0x00, 0x00, 0x18, 0x01, 0x00, 0x00,
    0x14, 0x01, 0x41, 0x81, 0x21, 0x01, 0x01, 0x00, 0x22, 0x01, 0x02, 0x00,
    0x15, 0x01, 0x15, 0x00, 0x17, 0x01, 0x07, 0x00, 0x05, 0x00, 0x01, 0x00,
    0x00, 0x40, 0x00, 0x00, 0x28, 0xeb, 0x00, 0x00, 0x10, 0x40, 0x00, 0x00,
    0x20, 0x25, 0x02, 0x00, 0x05, 0x00, 0x01, 0x00, 0x00, 0x40, 0x00, 0x00,
    0xf0, 0x1d, 0x02, 0x00, 0x0b, 0x01, 0x00, 0x00, 0x0c, 0x01, 0x00, 0x00,
    0x05, 0x40, 0x00, 0x00, 0x30, 0x07, 0x00, 0x00, 0x04, 0x40, 0x00, 0x00,
    0x10, 0x00, 0x00, 0x00, 0x06, 0x40, 0x00, 0x00, 0x30, 0x07, 0x00, 0x00,
    0x09, 0x01, 0xff, 0xff, 0x05, 0x01, 0x41, 0x00, 0x01, 0x01, 0x01, 0x00,
    0x02, 0x01, 0x01, 0x00, 0x10, 0x40, 0x00, 0x00, 0x50, 0x2c, 0x02, 0x00,
    0x11, 0x01, 0x39, 0x00, 0x1a, 0x01, 0x39, 0x00, 0x13, 0x01, 0x0b, 0x00,
    0x15, 0x40, 0x00, 0x00, 0xa0, 0x03, 0x00, 0x00, 0x16, 0x40, 0x00, 0x00,
    0xa0, 0x03, 0x00, 0x00, 0x18, 0x01, 0x80, 0xff, 0x14, 0x01, 0x41, 0x00,
    0x21, 0x01, 0x00, 0x00, 0x20, 0x01, 0x02, 0x00, 0x22, 0x01, 0x05, 0x00,
    0x20, 0x40, 0x00, 0x00, 0x80, 0x00, 0x00, 0x00, 0x21, 0x40, 0x00, 0x00,
    0x00, 0x01, 0x00, 0x00, 0x22, 0x40, 0x00, 0x00, 0x00, 0x00, 0x00, 0x00,
    0x23, 0x40, 0x00, 0x00, 0x80, 0x00, 0x00, 0x00, 0x15, 0x01, 0x39, 0x00,
    0x17, 0x01, 0x0f, 0x00, 0x2f, 0x01, 0x01, 0x00, 0x02, 0x00, 0x00, 0x00,
    0x00, 0x40, 0x00, 0x00, 0x20, 0x25, 0x02, 0x00, 0x10, 0x40, 0x00, 0x00,
    0xf0, 0x2f, 0x02, 0x00, 0x2f, 0x01, 0x03, 0x00, 0x02, 0x00, 0x00, 0x00,
    0x00, 0x40, 0x00, 0x00, 0x50, 0x2c, 0x02, 0x00, 0x0a, 0x01, 0x39, 0x00,
    0x04, 0x01, 0x0b, 0x00, 0x05, 0x40, 0x00, 0x00, 0xa0, 0x03, 0x00, 0x00,
    0x06, 0x40, 0x00, 0x00, 0xa0, 0x03, 0x00, 0x00, 0x09, 0x01, 0x80, 0xff,
    0x01, 0x01, 0x03, 0x00, 0x02, 0x01, 0x03, 0x00, 0x10, 0x40, 0x00, 0x00,
    0x90, 0x33, 0x02, 0x00, 0x20, 0x01, 0x06, 0x00, 0x22, 0x01, 0x00, 0x00,
    0x20, 0x40, 0x00, 0x00, 0x00, 0x02, 0x00, 0x00, 0x21, 0x40, 0x00, 0x00,
    0x90, 0x00, 0x00, 0x00, 0x22, 0x40, 0x00, 0x00, 0x80, 0x01, 0x00, 0x00,
    0x2f, 0x01, 0x01, 0x00, 0x03, 0x00, 0x00, 0x00, 0x00, 0x40, 0x00, 0x00,
    0xf0, 0x2f, 0x02, 0x00, 0x10, 0x40, 0x00, 0x00, 0x30, 0x37, 0x02, 0x00,
    0x2f, 0x01, 0x03, 0x00, 0x03, 0x00, 0x00, 0x00, 0x00, 0x40, 0x00, 0x00,
    0x90, 0x33, 0x02, 0x00, 0x01, 0x01, 0x00, 0x00, 0x02, 0x01, 0x00, 0x00,
    0x10, 0x40, 0x00, 0x00, 0xd0, 0x3a, 0x02, 0x00, 0x20, 0x01, 0x00, 0x00,
    0x20, 0x40, 0x00, 0x00, 0x10, 0x03, 0x00, 0x00, 0x21, 0x40, 0x00, 0x00,
    0xe0, 0x00, 0x00, 0x00, 0x22, 0x40, 0x00, 0x00, 0x90, 0x02, 0x00, 0x00,
    0x2f, 0x01, 0x01, 0x00, 0x02, 0x00, 0x00, 0x00, 0x00, 0x40, 0x00, 0x00,
    0x30, 0x37, 0x02, 0x00, 0x10, 0x40, 0x00, 0x00, 0x70, 0x3e, 0x02, 0x00,
    0x2f, 0x01, 0x03, 0x00, 0x02, 0x00, 0x00, 0x00, 0x00, 0x40, 0x00, 0x00,
    0xd0, 0x3a, 0x02, 0x00, 0x01, 0x01, 0x04, 0x00, 0x02, 0x01, 0x04, 0x00,
    0x10, 0x40, 0x00, 0x00, 0x10, 0x42, 0x02, 0x00, 0x20, 0x01, 0x08, 0x00,
    0x20, 0x40, 0x00, 0x00, 0x70, 0x04, 0x00, 0x00, 0x21, 0x40, 0x00, 0x00,
    0xb0, 0x00, 0x00, 0x00, 0x22, 0x40, 0x00, 0x00, 0xf0, 0x03, 0x00, 0x00,
    0x2f, 0x01, 0x01, 0x00, 0x03, 0x00, 0x00, 0x00, 0x00, 0x40, 0x00, 0x00,
    0x70, 0x3e, 0x02, 0x00, 0x10, 0x40, 0x00, 0x00, 0xb0, 0x45, 0x02, 0x00,
    0x2f, 0x01, 0x03, 0x00, 0x03, 0x00, 0x00, 0x00, 0x00, 0x40, 0x00, 0x00,
    0x10, 0x42, 0x02, 0x00, 0x01, 0x01, 0x00, 0x00, 0x02, 0x01, 0x00, 0x00,
    0x10, 0x40, 0x00, 0x00, 0xb0, 0xa2, 0x01, 0x00, 0x13, 0x01, 0x0f, 0x00,
    0x20, 0x01, 0x00, 0x00, 0x20, 0x40, 0x00, 0x00, 0xc0, 0x05, 0x00, 0x00,
    0x21, 0x40, 0x00, 0x00, 0x10, 0x01, 0x00, 0x00, 0x22, 0x40, 0x00, 0x00,
    0x20, 0x05, 0x00, 0x00, 0x23, 0x40, 0x00, 0x00, 0xa0, 0x00, 0x00, 0x00,
    0x2f, 0x01, 0x01, 0x00, 0x02, 0x00, 0x00, 0x00, 0x00, 0x40, 0x00, 0x00,
    0xb0, 0x45, 0x02, 0x00, 0x10, 0x40, 0x00, 0x00, 0x50, 0xa6, 0x01, 0x00,
    0x2f, 0x01, 0x03, 0x00, 0x02, 0x00, 0x00, 0x00, 0x00, 0x40, 0x00, 0x00,
    0xc0, 0xee, 0x00, 0x00, 0x0b, 0x01, 0x01, 0x00, 0x0c, 0x01, 0x01, 0x00,
    0x0a, 0x01, 0x72, 0x00, 0x04, 0x01, 0x03, 0x00, 0x05, 0x40, 0x00, 0x00,
    0xcc, 0x01, 0x00, 0x00, 0x04, 0x40, 0x00, 0x00, 0x04, 0x00, 0x00, 0x00,
    0x06, 0x40, 0x00, 0x00, 0x01, 0x00, 0x00, 0x00, 0x09, 0x01, 0x00, 0x00,
    0x05, 0x01, 0x01, 0x00, 0x10, 0x40, 0x00, 0x00, 0xf0, 0x1d, 0x02, 0x00,
    0x11, 0x01, 0x72, 0x00, 0x1a, 0x01, 0x72, 0x00, 0x13, 0x01, 0x03, 0x00,
    0x15, 0x40, 0x00, 0x00, 0x30, 0x07, 0x00, 0x00, 0x16, 0x40, 0x00, 0x00,
    0x30, 0x07, 0x00, 0x00, 0x18, 0x01, 0x00, 0x00, 0x14, 0x01, 0x41, 0x81,
    0x21, 0x01, 0x01, 0x00, 0x22, 0x01, 0x02, 0x00, 0x15, 0x01, 0x15, 0x00,
    0x17, 0x01, 0x07, 0x00, 0x05, 0x00, 0x01, 0x00, 0x00, 0x40, 0x00, 0x00,
    0x58, 0xf2, 0x00, 0x00, 0x10, 0x40, 0x00, 0x00, 0x20, 0x25, 0x02, 0x00,
    0x05, 0x00, 0x01, 0x00, 0x00, 0x40, 0x00, 0x00, 0xf0, 0x1d, 0x02, 0x00,
    0x0b, 0x01, 0x00, 0x00, 0x0c, 0x01, 0x00, 0x00, 0x05, 0x40, 0x00, 0x00,
    0x30, 0x07, 0x00, 0x00, 0x04, 0x40, 0x00, 0x00, 0x10, 0x00, 0x00, 0x00,
    0x06, 0x40, 0x00, 0x00, 0x30, 0x07, 0x00, 0x00, 0x09, 0x01, 0xff, 0xff,
    0x05, 0x01, 0x41, 0x00, 0x01, 0x01, 0x01, 0x00, 0x02, 0x01, 0x01, 0x00,
    0x10, 0x40, 0x00, 0x00, 0x50, 0x2c, 0x02, 0x00, 0x11, 0x01, 0x39, 0x00,
    0x1a, 0x01, 0x39, 0x00, 0x13, 0x01, 0x0b, 0x00, 0x15, 0x40, 0x00, 0x00,
    0xa0, 0x03, 0x00, 0x00, 0x16, 0x40, 0x00, 0x00, 0xa0, 0x03, 0x00, 0x00,
    0x18, 0x01, 0x80, 0xff, 0x14, 0x01, 0x41, 0x00, 0x21, 0x01, 0x00, 0x00,
    0x20, 0x01, 0x02, 0x00, 0x22, 0x01, 0x05, 0x00, 0x20, 0x40, 0x00, 0x00,
    0x80, 0x00, 0x00, 0x00, 0x21, 0x40, 0x00, 0x00, 0x00, 0x01, 0x00, 0x00,
    0x22, 0x40, 0x00, 0x00, 0x00, 0x00, 0x00, 0x00, 0x23, 0x40, 0x00, 0x00,
    0x80, 0x00, 0x00, 0x00, 0x15, 0x01, 0x39, 0x00, 0x17, 0x01, 0x0f, 0x00,
    0x2f, 0x01, 0x01, 0x00, 0x02, 0x00, 0x00, 0x00, 0x00, 0x40, 0x00, 0x00,
    0x20, 0x25, 0x02, 0x00, 0x10, 0x40, 0x00, 0x00, 0xf0, 0x2f, 0x02, 0x00,
    0x2f, 0x01, 0x03, 0x00, 0x02, 0x00, 0x00, 0x00, 0x00, 0x40, 0x00, 0x00,
    0x50, 0x2c, 0x02, 0x00, 0x0a, 0x01, 0x39, 0x00, 0x04, 0x01, 0x0b, 0x00,
    0x05, 0x40, 0x00, 0x00, 0xa0, 0x03, 0x00, 0x00, 0x06, 0x40, 0x00, 0x00,
    0xa0, 0x03, 0x00, 0x00, 0x09, 0x01, 0x80, 0xff, 0x01, 0x01, 0x03, 0x00,
    0x02, 0x01, 0x03, 0x00, 0x10, 0x40, 0x00, 0x00, 0x90, 0x33, 0x02, 0x00,
    0x20, 0x01, 0x06, 0x00, 0x22, 0x01, 0x00, 0x00, 0x20, 0x40, 0x00, 0x00,
    0x00, 0x02, 0x00, 0x00, 0x21, 0x40, 0x00, 0x00, 0x90, 0x00, 0x00, 0x00,
    0x22, 0x40, 0x00, 0x00, 0x80, 0x01, 0x00, 0x00, 0x2f, 0x01, 0x01, 0x00,
    0x03, 0x00, 0x00, 0x00, 0x00, 0x40, 0x00, 0x00, 0xf0, 0x2f, 0x02, 0x00,
    0x10, 0x40, 0x00, 0x00, 0x30, 0x37, 0x02, 0x00, 0x2f, 0x01, 0x03, 0x00,
    0x03, 0x00, 0x00, 0x00, 0x00, 0x40, 0x00, 0x00, 0x90, 0x33, 0x02, 0x00,
    0x01, 0x01, 0x00, 0x00, 0x02, 0x01, 0x00, 0x00, 0x10, 0x40, 0x00, 0x00,
    0xd0, 0x3a, 0x02, 0x00, 0x20, 0x01, 0x00, 0x00, 0x20, 0x40, 0x00, 0x00,
    0x10, 0x03, 0x00, 0x00, 0x21, 0x40, 0x00, 0x00, 0xe0, 0x00, 0x00, 0x00,
    0x22, 0x40, 0x00, 0x00, 0x90, 0x02, 0x00, 0x00, 0x2f, 0x01, 0x01, 0x00,
    0x02, 0x00, 0x00, 0x00, 0x00, 0x40, 0x00, 0x00, 0x30, 0x37, 0x02, 0x00,
    0x10, 0x40, 0x00, 0x00, 0x70, 0x3e, 0x02, 0x00, 0x2f, 0x01, 0x03, 0x00,
    0x02, 0x00, 0x00, 0x00, 0x00, 0x40, 0x00, 0x00, 0xd0, 0x3a, 0x02, 0x00,
    0x01, 0x01, 0x04, 0x00, 0x02, 0x01, 0x04, 0x00, 0x10, 0x40, 0x00, 0x00,
    0x10, 0x42, 0x02, 0x00, 0x20, 0x01, 0x08, 0x00, 0x20, 0x40, 0x00, 0x00,
    0x70, 0x04, 0x00, 0x00, 0x21, 0x40, 0x00, 0x00, 0xb0, 0x00, 0x00, 0x00,
    0x22, 0x40, 0x00, 0x00, 0xf0, 0x03, 0x00, 0x00, 0x2f, 0x01, 0x01, 0x00,
    0x03, 0x00, 0x00, 0x00, 0x00, 0x40, 0x00, 0x00, 0x70, 0x3e, 0x02, 0x00,
    0x10, 0x40, 0x00, 0x00, 0xb0, 0x45, 0x02, 0x00, 0x2f, 0x01, 0x03, 0x00,
    0x03, 0x00, 0x00, 0x00, 0x00, 0x40, 0x00, 0x00, 0x10, 0x42, 0x02, 0x00,
    0x01, 0x01, 0x00, 0x00, 0x02, 0x01, 0x00, 0x00, 0x10, 0x40, 0x00, 0x00,
    0xb0, 0x85, 0x01, 0x00, 0x13, 0x01, 0x0f, 0x00, 0x20, 0x01, 0x00, 0x00,
    0x20, 0x40, 0x00, 0x00, 0xc0, 0x05, 0x00, 0x00, 0x21, 0x40, 0x00, 0x00,
    0x10, 0x01, 0x00, 0x00, 0x22, 0x40, 0x00, 0x00, 0x20, 0x05, 0x00, 0x00,
    0x23, 0x40, 0x00, 0x00, 0xa0, 0x00, 0x00, 0x00, 0x2f, 0x01, 0x01, 0x00,
    0x02, 0x00, 0x00, 0x00, 0x00, 0x40, 0x00, 0x00, 0xb0, 0x45, 0x02, 0x00,
    0x10, 0x40, 0x00, 0x00, 0x50, 0x89, 0x01, 0x00, 0x2f, 0x01, 0x03, 0x00,
    0x02, 0x00, 0x00, 0x00, 0x00, 0x40, 0x00, 0x00, 0xf0, 0xf5, 0x00, 0x00,
    0x0b, 0x01, 0x01, 0x00, 0x0c, 0x01, 0x01, 0x00, 0x0a, 0x01, 0x72, 0x00,
    0x04, 0x01, 0x03, 0x00, 0x05, 0x40, 0x00, 0x00, 0xcc, 0x01, 0x00, 0x00,
    0x04, 0x40, 0x00, 0x00, 0x04, 0x00, 0x00, 0x00, 0x06, 0x40, 0x00, 0x00,
    0x01, 0x00, 0x00, 0x00, 0x09, 0x01, 0x00, 0x00, 0x05, 0x01, 0x01, 0x00,
    0x10, 0x40, 0x00, 0x00, 0xf0, 0x1d, 0x02, 0x00, 0x11, 0x01, 0x72, 0x00,
    0x1a, 0x01, 0x72, 0x00, 0x13, 0x01, 0x03, 0x00, 0x15, 0x40, 0x00, 0x00,
    0x30, 0x07, 0x00, 0x00, 0x16, 0x40, 0x00, 0x00, 0x30, 0x07, 0x00, 0x00,
    0x18, 0x01, 0x00, 0x00, 0x14, 0x01, 0x41, 0x81, 0x21, 0x01, 0x01, 0x00,
    0x22, 0x01, 0x02, 0x00, 0x15, 0x01, 0x15, 0x00, 0x17, 0x01, 0x07, 0x00,
    0x05, 0x00, 0x01, 0x00, 0x00, 0x40, 0x00, 0x00, 0x88, 0xf9, 0x00, 0x00,
    0x10, 0x40, 0x00, 0x00, 0x20, 0x25, 0x02, 0x00, 0x05, 0x00, 0x01, 0x00,
    0x00, 0x40, 0x00, 0x00, 0xf0, 0x1d, 0x02, 0x00, 0x0b, 0x01, 0x00, 0x00,
    0x0c, 0x01, 0x00, 0x00, 0x05, 0x40, 0x00, 0x00, 0x30, 0x07, 0x00, 0x00,
    0x04, 0x40, 0x00, 0x00, 0x10, 0x00, 0x00, 0x00, 0x06, 0x40, 0x00, 0x00,
    0x30, 0x07, 0x00, 0x00, 0x09, 0x01, 0xff, 0xff, 0x05, 0x01, 0x41, 0x00,
    0x01, 0x01, 0x01, 0x00, 0x02, 0x01, 0x01, 0x00, 0x10, 0x40, 0x00, 0x00,
    0x50, 0x2c, 0x02, 0x00, 0x11, 0x01, 0x39, 0x00, 0x1a, 0x01, 0x39, 0x00,
    0x13, 0x01, 0x0b, 0x00, 0x15, 0x40, 0x00, 0x00, 0xa0, 0x03, 0x00, 0x00,
    0x16, 0x40, 0x00, 0x00, 0xa0, 0x03, 0x00, 0x00, 0x18, 0x01, 0x80, 0xff,
    0x14, 0x01, 0x41, 0x00, 0x21, 0x01, 0x00, 0x00, 0x20, 0x01, 0x02, 0x00,
    0x22, 0x01, 0x05, 0x00, 0x20, 0x40, 0x00, 0x00, 0x80, 0x00, 0x00, 0x00,
    0x21, 0x40, 0x00, 0x00, 0x00, 0x01, 0x00, 0x00, 0x22, 0x40, 0x00, 0x00,
    0x00, 0x00, 0x00, 0x00, 0x23, 0x40, 0x00, 0x00, 0x80, 0x00, 0x00, 0x00,
    0x15, 0x01, 0x39, 0x00, 0x17, 0x01, 0x0f, 0x00, 0x2f, 0x01, 0x01, 0x00,
    0x02, 0x00, 0x00, 0x00, 0x00, 0x40, 0x00, 0x00, 0x20, 0x25, 0x02, 0x00,
    0x10, 0x40, 0x00, 0x00, 0xf0, 0x2f, 0x02, 0x00, 0x2f, 0x01, 0x03, 0x00,
    0x02, 0x00, 0x00, 0x00, 0x00, 0x40, 0x00, 0x00, 0x50, 0x2c, 0x02, 0x00,
    0x0a, 0x01, 0x39, 0x00, 0x04, 0x01, 0x0b, 0x00, 0x05, 0x40, 0x00, 0x00,
    0xa0, 0x03, 0x00, 0x00, 0x06, 0x40, 0x00, 0x00, 0xa0, 0x03, 0x00, 0x00,
    0x09, 0x01, 0x80, 0xff, 0x01, 0x01, 0x03, 0x00, 0x02, 0x01, 0x03, 0x00,
    0x10, 0x40, 0x00, 0x00, 0x90, 0x33, 0x02, 0x00, 0x20, 0x01, 0x06, 0x00,
    0x22, 0x01, 0x00, 0x00, 0x20, 0x40, 0x00, 0x00, 0x00, 0x02, 0x00, 0x00,
    0x21, 0x40, 0x00, 0x00, 0x90, 0x00, 0x00, 0x00, 0x22, 0x40, 0x00, 0x00,
    0x80, 0x01, 0x00, 0x00, 0x2f, 0x01, 0x01, 0x00, 0x03, 0x00, 0x00, 0x00,
    0x00, 0x40, 0x00, 0x00, 0xf0, 0x2f, 0x02, 0x00, 0x10, 0x40, 0x00, 0x00,
    0x30, 0x37, 0x02, 0x00, 0x2f, 0x01, 0x03, 0x00, 0x03, 0x00, 0x00, 0x00,
    0x00, 0x40, 0x00, 0x00, 0x90, 0x33, 0x02, 0x00, 0x01, 0x01, 0x00, 0x00,
    0x02, 0x01, 0x00, 0x00, 0x10, 0x40, 0x00, 0x00, 0xd0, 0x3a, 0x02, 0x00,
    0x20, 0x01, 0x00, 0x00, 0x20, 0x40, 0x00, 0x00, 0x10, 0x03, 0x00, 0x00,
    0x21, 0x40, 0x00, 0x00, 0xe0, 0x00, 0x00, 0x00, 0x22, 0x40, 0x00, 0x00,
    0x90, 0x02, 0x00, 0x00, 0x2f, 0x01, 0x01, 0x00, 0x02, 0x00, 0x00, 0x00,
    0x00, 0x40, 0x00, 0x00, 0x30, 0x37, 0x02, 0x00, 0x10, 0x40, 0x00, 0x00,
    0x70, 0x3e, 0x02, 0x00, 0x2f, 0x01, 0x03, 0x00, 0x02, 0x00, 0x00, 0x00,
    0x00, 0x40, 0x00, 0x00, 0xd0, 0x3a, 0x02, 0x00, 0x01, 0x01, 0x04, 0x00,
    0x02, 0x01, 0x04, 0x00, 0x10, 0x40, 0x00, 0x00, 0x10, 0x42, 0x02, 0x00,
    0x20, 0x01, 0x08, 0x00, 0x20, 0x40, 0x00, 0x00, 0x70, 0x04, 0x00, 0x00,
    0x21, 0x40, 0x00, 0x00, 0xb0, 0x00, 0x00, 0x00, 0x22, 0x40, 0x00, 0x00,
    0xf0, 0x03, 0x00, 0x00, 0x2f, 0x01, 0x01, 0x00, 0x03, 0x00, 0x00, 0x00,
    0x00, 0x40, 0x00, 0x00, 0x70, 0x3e, 0x02, 0x00, 0x10, 0x40, 0x00, 0x00,
    0xb0, 0x45, 0x02, 0x00, 0x2f, 0x01, 0x03, 0x00, 0x03, 0x00, 0x00, 0x00,
    0x00, 0x40, 0x00, 0x00, 0x10, 0x42, 0x02, 0x00, 0x01, 0x01, 0x00, 0x00,
    0x02, 0x01, 0x00, 0x00, 0x10, 0x40, 0x00, 0x00, 0xf0, 0x8c, 0x01, 0x00,
    0x13, 0x01, 0x0f, 0x00, 0x20, 0x01, 0x00, 0x00, 0x20, 0x40, 0x00, 0x00,
    0xc0, 0x05, 0x00, 0x00, 0x21, 0x40, 0x00, 0x00, 0x10, 0x01, 0x00, 0x00,
    0x22, 0x40, 0x00, 0x00, 0x20, 0x05, 0x00, 0x00, 0x23, 0x40, 0x00, 0x00,
    0xa0, 0x00, 0x00, 0x00, 0x2f, 0x01, 0x01, 0x00, 0x02, 0x00, 0x00, 0x00,
    0x00, 0x40, 0x00, 0x00, 0xb0, 0x45, 0x02, 0x00, 0x10, 0x40, 0x00, 0x00,
    0x90, 0x90, 0x01, 0x00, 0x2f, 0x01, 0x03, 0x00, 0x02, 0x00, 0x00, 0x00,
    0x00, 0x40, 0x00, 0x00, 0x30, 0x94, 0x01, 0x00, 0x0b, 0x01, 0x04, 0x00,
    0x0c, 0x01, 0x04, 0x00, 0x04, 0x01, 0x0f, 0x00, 0x01, 0x01, 0x01, 0x00,
    0x02, 0x01, 0x01, 0x00, 0x10, 0x40, 0x00, 0x00, 0x50, 0x49, 0x02, 0x00,
    0x21, 0x01, 0x04, 0x00, 0x20, 0x01, 0x02, 0x00, 0x20, 0x40, 0x00, 0x00,
    0x70, 0x07, 0x00, 0x00, 0x22, 0x40, 0x00, 0x00, 0xd0, 0x06, 0x00, 0x00,
    0x0d, 0x01, 0x12, 0x00, 0x2f, 0x01, 0x01, 0x00, 0x03, 0x00, 0x00, 0x00,
    0x00, 0x40, 0x00, 0x00, 0xd0, 0x97, 0x01, 0x00, 0x10, 0x40, 0x00, 0x00,
    0xf0, 0x4c, 0x02, 0x00, 0x2f, 0x01, 0x03, 0x00, 0x03, 0x00, 0x00, 0x00,
    0x00, 0x40, 0x00, 0x00, 0x50, 0x49, 0x02, 0x00, 0x0b, 0x01, 0x00, 0x00,
    0x0c, 0x01, 0x00, 0x00, 0x01, 0x01, 0x00, 0x00, 0x02, 0x01, 0x00, 0x00,
    0x10, 0x40, 0x00, 0x00, 0x90, 0x50, 0x02, 0x00, 0x21, 0x01, 0x00, 0x00,
    0x20, 0x01, 0x00, 0x00, 0x20, 0x40, 0x00, 0x00, 0x20, 0x09, 0x00, 0x00,
    0x21, 0x40, 0x00, 0x00, 0x50, 0x01, 0x00, 0x00, 0x22, 0x40, 0x00, 0x00,
    0x80, 0x08, 0x00, 0x00, 0x0d, 0x01, 0x0a, 0x00, 0x2f, 0x01, 0x01, 0x00,
    0x02, 0x00, 0x00, 0x00, 0x00, 0x40, 0x00, 0x00, 0xf0, 0x4c, 0x02, 0x00,
    0x10, 0x40, 0x00, 0x00, 0x30, 0x54, 0x02, 0x00, 0x2f, 0x01, 0x03, 0x00,
    0x02, 0x00, 0x00, 0x00, 0x00, 0x40, 0x00, 0x00, 0x90, 0x50, 0x02, 0x00,
    0x01, 0x01, 0x04, 0x00, 0x02, 0x01, 0x04, 0x00, 0x10, 0x40, 0x00, 0x00,
    0xd0, 0x57, 0x02, 0x00, 0x20, 0x01, 0x08, 0x00, 0x20, 0x40, 0x00, 0x00,
    0x10, 0x0b, 0x00, 0x00, 0x21, 0x40, 0x00, 0x00, 0xd0, 0x00, 0x00, 0x00,
    0x22, 0x40, 0x00, 0x00, 0x70, 0x0a, 0x00, 0x00, 0x2f, 0x01, 0x01, 0x00,
    0x03, 0x00, 0x00, 0x00, 0x00, 0x40, 0x00, 0x00, 0x30, 0x54, 0x02, 0x00,
    0x10, 0x40, 0x00, 0x00, 0x70, 0x5b, 0x02, 0x00, 0x2f, 0x01, 0x03, 0x00,
    0x03, 0x00, 0x00, 0x00, 0x00, 0x40, 0x00, 0x00, 0xd0, 0x57, 0x02, 0x00,
    0x01, 0x01, 0x00, 0x00, 0x02, 0x01, 0x00, 0x00, 0x10, 0x40, 0x00, 0x00,
    0xb0, 0xbf, 0x01, 0x00, 0x20, 0x01, 0x00, 0x00, 0x20, 0x40, 0x00, 0x00,
    0x80, 0x0c, 0x00, 0x00, 0x21, 0x40, 0x00, 0x00, 0x50, 0x01, 0x00, 0x00,
    0x22, 0x40, 0x00, 0x00, 0xe0, 0x0b, 0x00, 0x00, 0x2f, 0x01, 0x01, 0x00,
    0x02, 0x00, 0x00, 0x00, 0x00, 0x40, 0x00, 0x00, 0x70, 0x5b, 0x02, 0x00,
    0x10, 0x40, 0x00, 0x00, 0x50, 0xc3, 0x01, 0x00, 0x2f, 0x01, 0x03, 0x00,
    0x02, 0x00, 0x00, 0x00, 0x00, 0x40, 0x00, 0x00, 0xf0, 0xc6, 0x01, 0x00,
    0x02, 0x40, 0x00, 0x00, 0xf0, 0xa9, 0x01, 0x00, 0x0b, 0x01, 0x01, 0x00,
    0x0c, 0x01, 0x01, 0x00, 0x01, 0x01, 0x01, 0x00, 0x02, 0x01, 0x01, 0x00,
    0x10, 0x40, 0x00, 0x00, 0x10, 0x5f, 0x02, 0x00, 0x21, 0x01, 0x04, 0x00,
    0x20, 0x01, 0x02, 0x00, 0x20, 0x40, 0x00, 0x00, 0x70, 0x0e, 0x00, 0x00,
    0x21, 0x40, 0x00, 0x00, 0x10, 0x01, 0x00, 0x00, 0x22, 0x40, 0x00, 0x00,
    0xd0, 0x0d, 0x00, 0x00, 0x0d, 0x01, 0x12, 0x00, 0x2f, 0x01, 0x01, 0x00,
    0x03, 0x00, 0x00, 0x00, 0x00, 0x40, 0x00, 0x00, 0x90, 0xca, 0x01, 0x00,
    0x0b, 0x01, 0x00, 0x00, 0x0c, 0x01, 0x00, 0x00, 0x10, 0x40, 0x00, 0x00,
    0xb0, 0x62, 0x02, 0x00, 0x2f, 0x01, 0x03, 0x00, 0x03, 0x00, 0x00, 0x00,
    0x00, 0x40, 0x00, 0x00, 0x10, 0x5f, 0x02, 0x00, 0x02, 0x40, 0x00, 0x00,
    0x00, 0x00, 0x00, 0x00, 0x01, 0x01, 0x00, 0x00, 0x02, 0x01, 0x00, 0x00,
    0x10, 0x40, 0x00, 0x00, 0x50, 0x66, 0x02, 0x00, 0x21, 0x01, 0x00, 0x00,
    0x20, 0x01, 0x00, 0x00, 0x20, 0x40, 0x00, 0x00, 0x20, 0x10, 0x00, 0x00,
    0x21, 0x40, 0x00, 0x00, 0x50, 0x01, 0x00, 0x00, 0x22, 0x40, 0x00, 0x00,
    0x80, 0x0f, 0x00, 0x00, 0x0d, 0x01, 0x0a, 0x00, 0x2f, 0x01, 0x01, 0x00,
    0x02, 0x00, 0x00, 0x00, 0x00, 0x40, 0x00, 0x00, 0xb0, 0x62, 0x02, 0x00,
    0x10, 0x40, 0x00, 0x00, 0xf0, 0x69, 0x02, 0x00, 0x2f, 0x01, 0x03, 0x00,
    0x02, 0x00, 0x00, 0x00, 0x00, 0x40, 0x00, 0x00, 0x50, 0x66, 0x02, 0x00,
    0x01, 0x01, 0x04, 0x00, 0x02, 0x01, 0x04, 0x00, 0x10, 0x40, 0x00, 0x00,
    0x90, 0x6d, 0x02, 0x00, 0x20, 0x01, 0x08, 0x00, 0x20, 0x40, 0x00, 0x00,
    0x10, 0x12, 0x00, 0x00, 0x21, 0x40, 0x00, 0x00, 0xb0, 0x00, 0x00, 0x00,
    0x22, 0x40, 0x00, 0x00, 0x70, 0x11, 0x00, 0x00, 0x2f, 0x01, 0x01, 0x00,
    0x03, 0x00, 0x00, 0x00, 0x00, 0x40, 0x00, 0x00, 0xf0, 0x69, 0x02, 0x00,
    0x10, 0x40, 0x00, 0x00, 0x30, 0x71, 0x02, 0x00, 0x2f, 0x01, 0x03, 0x00,
    0x03, 0x00, 0x00, 0x00, 0x00, 0x40, 0x00, 0x00, 0x90, 0x6d, 0x02, 0x00,
    0x01, 0x01, 0x00, 0x00, 0x02, 0x01, 0x00, 0x00, 0x10, 0x40, 0x00, 0x00,
    0x30, 0xce, 0x01, 0x00, 0x20, 0x01, 0x00, 0x00, 0x20, 0x40, 0x00, 0x00,
    0x60, 0x13, 0x00, 0x00, 0x21, 0x40, 0x00, 0x00, 0x50, 0x01, 0x00, 0x00,
    0x22, 0x40, 0x00, 0x00, 0xc0, 0x12, 0x00, 0x00, 0x2f, 0x01, 0x01, 0x00,
    0x02, 0x00, 0x00, 0x00, 0x00, 0x40, 0x00, 0x00, 0x30, 0x71, 0x02, 0x00,
    0x10, 0x40, 0x00, 0x00, 0xd0, 0xd1, 0x01, 0x00, 0x2f, 0x01, 0x03, 0x00,
    0x02, 0x00, 0x00, 0x00, 0x00, 0x40, 0x00, 0x00, 0x70, 0xd5, 0x01, 0x00,
    0x0b, 0x01, 0x04, 0x00, 0x0c, 0x01, 0x04, 0x00, 0x01, 0x01, 0x01, 0x00,
    0x02, 0x01, 0x01, 0x00, 0x10, 0x40, 0x00, 0x00, 0xd0, 0x74, 0x02, 0x00,
    0x21, 0x01, 0x04, 0x00, 0x20, 0x01, 0x02, 0x00, 0x20, 0x40, 0x00, 0x00,
    0x50, 0x15, 0x00, 0x00, 0x21, 0x40, 0x00, 0x00, 0x10, 0x01, 0x00, 0x00,
    0x22, 0x40, 0x00, 0x00, 0xb0, 0x14, 0x00, 0x00, 0x0d, 0x01, 0x12, 0x00,
    0x2f, 0x01, 0x01, 0x00, 0x03, 0x00, 0x00, 0x00, 0x00, 0x40, 0x00, 0x00,
    0x10, 0xd9, 0x01, 0x00, 0x10, 0x40, 0x00, 0x00, 0x70, 0x78, 0x02, 0x00,
    0x2f, 0x01, 0x03, 0x00, 0x03, 0x00, 0x00, 0x00, 0x00, 0x40, 0x00, 0x00,
    0xd0, 0x74, 0x02, 0x00, 0x0b, 0x01, 0x00, 0x00, 0x0c, 0x01, 0x00, 0x00,
    0x01, 0x01, 0x00, 0x00, 0x02, 0x01, 0x00, 0x00, 0x10, 0x40, 0x00, 0x00,
    0xb0, 0xf9, 0x01, 0x00, 0x21, 0x01, 0x00, 0x00, 0x20, 0x01, 0x00, 0x00,
    0x20, 0x40, 0x00, 0x00, 0x00, 0x17, 0x00, 0x00, 0x21, 0x40, 0x00, 0x00,
    0x50, 0x01, 0x00, 0x00, 0x22, 0x40, 0x00, 0x00, 0x60, 0x16, 0x00, 0x00,
    0x0d, 0x01, 0x0a, 0x00, 0x2f, 0x01, 0x01, 0x00, 0x02, 0x00, 0x00, 0x00,
    0x00, 0x40, 0x00, 0x00, 0x70, 0x78, 0x02, 0x00, 0x10, 0x40, 0x00, 0x00,
    0x50, 0xfd, 0x01, 0x00, 0x2f, 0x01, 0x03, 0x00, 0x02, 0x00, 0x00, 0x00,
    0x00, 0x40, 0x00, 0x00, 0xf0, 0x00, 0x02, 0x00, 0x02, 0x40, 0x00, 0x00,
    0x70, 0xf2, 0x01, 0x00, 0x0b, 0x01, 0x01, 0x00, 0x0c, 0x01, 0x01, 0x00,
    0x01, 0x01, 0x02, 0x00, 0x02, 0x01, 0x02, 0x00, 0x10, 0x40, 0x00, 0x00,
    0xb0, 0x7f, 0x02, 0x00, 0x21, 0x01, 0x02, 0x00, 0x20, 0x01, 0x04, 0x00,
    0x20, 0x40, 0x00, 0x00, 0xf0, 0x18, 0x00, 0x00, 0x21, 0x40, 0x00, 0x00,
    0x10, 0x01, 0x00, 0x00, 0x22, 0x40, 0x00, 0x00, 0x50, 0x18, 0x00, 0x00,
    0x2f, 0x01, 0x01, 0x00, 0x03, 0x00, 0x00, 0x00, 0x00, 0x40, 0x00, 0x00,
    0x10, 0x7c, 0x02, 0x00, 0x02, 0x40, 0x00, 0x00, 0x00, 0x00, 0x00, 0x00,
    0x0b, 0x01, 0x00, 0x00, 0x0c, 0x01, 0x00, 0x00, 0x01, 0x01, 0x00, 0x00,
    0x02, 0x01, 0x00, 0x00, 0x10, 0x40, 0x00, 0x00, 0xb0, 0x16, 0x02, 0x00,
    0x21, 0x01, 0x00, 0x00, 0x20, 0x01, 0x00, 0x00, 0x20, 0x40, 0x00, 0x00,
    0xa0, 0x1a, 0x00, 0x00, 0x21, 0x40, 0x00, 0x00, 0x50, 0x01, 0x00, 0x00,
    0x22, 0x40, 0x00, 0x00, 0x00, 0x1a, 0x00, 0x00, 0x02, 0x00, 0x00, 0x00,
    0x00, 0x40, 0x00, 0x00, 0xb0, 0x7f, 0x02, 0x00, 0x10, 0x40, 0x00, 0x00,
    0x50, 0x1a, 0x02, 0x00, 0x2f, 0x01, 0x03, 0x00, 0x02, 0x00, 0x00, 0x00,
    0x00, 0x40, 0x00, 0x00, 0x30, 0x08, 0x02, 0x00, 0x0b, 0x01, 0x02, 0x00,
    0x0c, 0x01, 0x02, 0x00, 0x01, 0x01, 0x02, 0x00, 0x02, 0x01, 0x02, 0x00,
    0x10, 0x40, 0x00, 0x00, 0x62, 0x08, 0x00, 0x00, 0x13, 0x01, 0x00, 0x00,
    0x15, 0x40, 0x00, 0x00, 0x3a, 0x00, 0x00, 0x00, 0x14, 0x40, 0x00, 0x00,
    0x01, 0x00, 0x00, 0x00, 0x16, 0x40, 0x00, 0x00, 0x01, 0x00, 0x00, 0x00,
    0x18, 0x01, 0x59, 0x00, 0x14, 0x01, 0x01, 0x00, 0x21, 0x01, 0x02, 0x00,
    0x20, 0x01, 0x04, 0x00, 0x22, 0x01, 0x04, 0x00, 0x20, 0x40, 0x00, 0x00,
    0x00, 0x1c, 0x00, 0x00, 0x21, 0x40, 0x00, 0x00, 0x90, 0x01, 0x00, 0x00,
    0x22, 0x40, 0x00, 0x00, 0xf0, 0x1b, 0x00, 0x00, 0x23, 0x40, 0x00, 0x00,
    0x10, 0x00, 0x00, 0x00, 0x17, 0x01, 0x07, 0x00, 0x2f, 0x01, 0x01, 0x00,
    0x02, 0x00, 0x00, 0x00, 0x00, 0x40, 0x00, 0x00, 0xd0, 0x0b, 0x02, 0x00,
    0x10, 0x40, 0x00, 0x00, 0x9c, 0x08, 0x00, 0x00, 0x2f, 0x01, 0x03, 0x00,
    0x02, 0x00, 0x00, 0x00, 0x00, 0x40, 0x00, 0x00, 0x70, 0x0f, 0x02, 0x00,
    0x10, 0x40, 0x00, 0x00, 0xd6, 0x08, 0x00, 0x00, 0x02, 0x00, 0x00, 0x00,
    0x00, 0x40, 0x00, 0x00, 0x10, 0x13, 0x02, 0x00, 0x10, 0x40, 0x00, 0x00,
    0x10, 0x09, 0x00, 0x00, 0x02, 0x00, 0x00, 0x00, 0x00, 0x40, 0x00, 0x00,
    0x90, 0x04, 0x02, 0x00, 0x02, 0x40, 0x00, 0x00, 0x70, 0xf2, 0x01, 0x00,
    0x0b, 0x01, 0x00, 0x00, 0x0c, 0x01, 0x00, 0x00, 0x10, 0x40, 0x00, 0x00,
    0x10, 0x7c, 0x02, 0x00, 0x13, 0x01, 0x0f, 0x00, 0x15, 0x40, 0x00, 0x00,
    0xa0, 0x03, 0x00, 0x00, 0x14, 0x40, 0x00, 0x00, 0x10, 0x00, 0x00, 0x00,
    0x16, 0x40, 0x00, 0x00, 0xa0, 0x03, 0x00, 0x00, 0x18, 0x01, 0x80, 0xff,
    0x14, 0x01, 0x41, 0x00, 0x22, 0x01, 0x00, 0x00, 0x20, 0x40, 0x00, 0x00,
    0xf0, 0x18, 0x00, 0x00, 0x21, 0x40, 0x00, 0x00, 0x10, 0x01, 0x00, 0x00,
    0x22, 0x40, 0x00, 0x00, 0x50, 0x18, 0x00, 0x00, 0x23, 0x40, 0x00, 0x00,
    0xa0, 0x00, 0x00, 0x00, 0x17, 0x01, 0x0f, 0x00, 0x03, 0x00, 0x00, 0x00,
    0x00, 0x40, 0x00, 0x00, 0x70, 0xf2, 0x01, 0x00, 0x02, 0x40, 0x00, 0x00,
    0x00, 0x00, 0x00, 0x00, 0x0b, 0x01, 0x02, 0x00, 0x0c, 0x01, 0x02, 0x00,
    0x10, 0x40, 0x00, 0x00, 0xb0, 0x7f, 0x02, 0x00, 0x03, 0x00, 0x00, 0x00,
    0x00, 0x40, 0x00, 0x00, 0x10, 0x7c, 0x02, 0x00, 0x0b, 0x01, 0x00, 0x00,
    0x0c, 0x01, 0x00, 0x00, 0x01, 0x01, 0x00, 0x00, 0x02, 0x01, 0x00, 0x00,
    0x10, 0x40, 0x00, 0x00, 0x30, 0x08, 0x02, 0x00, 0x21, 0x01, 0x00, 0x00,
    0x20, 0x01, 0x00, 0x00, 0x20, 0x40, 0x00, 0x00, 0xa0, 0x1a, 0x00, 0x00,
    0x21, 0x40, 0x00, 0x00, 0x50, 0x01, 0x00, 0x00, 0x22, 0x40, 0x00, 0x00,
    0x00, 0x1a, 0x00, 0x00, 0x2f, 0x01, 0x01, 0x00, 0x02, 0x00, 0x00, 0x00,
    0x00, 0x40, 0x00, 0x00, 0xb0, 0x7f, 0x02, 0x00, 0x10, 0x40, 0x00, 0x00,
    0xd0, 0x0b, 0x02, 0x00, 0x2f, 0x01, 0x03, 0x00, 0x02, 0x00, 0x00, 0x00,
    0x00, 0x40, 0x00, 0x00, 0x10, 0xf6, 0x01, 0x00, 0x0b, 0x01, 0x02, 0x00,
    0x0c, 0x01, 0x02, 0x00, 0x01, 0x01, 0x02, 0x00, 0x02, 0x01, 0x02, 0x00,
    0x10, 0x40, 0x00, 0x00, 0x10, 0x7c, 0x02, 0x00, 0x21, 0x01, 0x02, 0x00,
    0x20, 0x01, 0x04, 0x00, 0x20, 0x40, 0x00, 0x00, 0xf0, 0x18, 0x00, 0x00,
    0x21, 0x40, 0x00, 0x00, 0x10, 0x01, 0x00, 0x00, 0x22, 0x40, 0x00, 0x00,
    0x50, 0x18, 0x00, 0x00, 0x03, 0x00, 0x00, 0x00, 0x00, 0x40, 0x00, 0x00,
    0xb0, 0xdc, 0x01, 0x00, 0x0b, 0x01, 0x04, 0x00, 0x0c, 0x01, 0x04, 0x00,
    0x01, 0x01, 0x01, 0x00, 0x02, 0x01, 0x01, 0x00, 0x10, 0x40, 0x00, 0x00,
    0xd0, 0x74, 0x02, 0x00, 0x21, 0x01, 0x04, 0x00, 0x20, 0x01, 0x02, 0x00,
    0x20, 0x40, 0x00, 0x00, 0x50, 0x15, 0x00, 0x00, 0x22, 0x40, 0x00, 0x00,
    0xb0, 0x14, 0x00, 0x00, 0x0d, 0x01, 0x12, 0x00, 0x03, 0x00, 0x00, 0x00,
    0x00, 0x40, 0x00, 0x00, 0x50, 0xe0, 0x01, 0x00, 0x10, 0x40, 0x00, 0x00,
    0x70, 0x78, 0x02, 0x00, 0x03, 0x00, 0x00, 0x00, 0x00, 0x40, 0x00, 0x00,
    0xd0, 0x74, 0x02, 0x00, 0x0b, 0x01, 0x00, 0x00, 0x0c, 0x01, 0x00, 0x00,
    0x01, 0x01, 0x00, 0x00, 0x02, 0x01, 0x00, 0x00, 0x10, 0x40, 0x00, 0x00,
    0xf0, 0x00, 0x02, 0x00, 0x21, 0x01, 0x00, 0x00, 0x20, 0x01, 0x00, 0x00,
    0x20, 0x40, 0x00, 0x00, 0x00, 0x17, 0x00, 0x00, 0x21, 0x40, 0x00, 0x00,
    0x50, 0x01, 0x00, 0x00, 0x22, 0x40, 0x00, 0x00, 0x60, 0x16, 0x00, 0x00,
    0x0d, 0x01, 0x0a, 0x00, 0x2f, 0x01, 0x01, 0x00, 0x02, 0x00, 0x00, 0x00,
    0x00, 0x40, 0x00, 0x00, 0x70, 0x78, 0x02, 0x00, 0x10, 0x40, 0x00, 0x00,
    0x90, 0x04, 0x02, 0x00, 0x2f, 0x01, 0x03, 0x00, 0x02, 0x00, 0x00, 0x00,
    0x00, 0x40, 0x00, 0x00, 0xf0, 0xe3, 0x01, 0x00, 0x02, 0x40, 0x00, 0x00,
    0x30, 0xce, 0x01, 0x00, 0x0b, 0x01, 0x03, 0x00, 0x0c, 0x01, 0x03, 0x00,
    0x01, 0x01, 0x01, 0x00, 0x02, 0x01, 0x01, 0x00, 0x10, 0x40, 0x00, 0x00,
    0xd0, 0x74, 0x02, 0x00, 0x21, 0x01, 0x04, 0x00, 0x20, 0x01, 0x02, 0x00,
    0x20, 0x40, 0x00, 0x00, 0x50, 0x15, 0x00, 0x00, 0x21, 0x40, 0x00, 0x00,
    0x10, 0x01, 0x00, 0x00, 0x22, 0x40, 0x00, 0x00, 0xb0, 0x14, 0x00, 0x00,
    0x0d, 0x01, 0x12, 0x00, 0x03, 0x00, 0x00, 0x00, 0x00, 0x40, 0x00, 0x00,
    0x90, 0xe7, 0x01, 0x00, 0x0b, 0x01, 0x02, 0x00, 0x0c, 0x01, 0x02, 0x00,
    0x10, 0x40, 0x00, 0x00, 0x70, 0x78, 0x02, 0x00, 0x03, 0x00, 0x00, 0x00,
    0x00, 0x40, 0x00, 0x00, 0xd0, 0x74, 0x02, 0x00, 0x02, 0x40, 0x00, 0x00,
    0x00, 0x00, 0x00, 0x00, 0x0b, 0x01, 0x00, 0x00, 0x0c, 0x01, 0x00, 0x00,
    0x01, 0x01, 0x00, 0x00, 0x02, 0x01, 0x00, 0x00, 0x10, 0x40, 0x00, 0x00,
    0x70, 0xf2, 0x01, 0x00, 0x21, 0x01, 0x00, 0x00, 0x20, 0x01, 0x00, 0x00,
    0x20, 0x40, 0x00, 0x00, 0x00, 0x17, 0x00, 0x00, 0x21, 0x40, 0x00, 0x00,
    0x50, 0x01, 0x00, 0x00, 0x22, 0x40, 0x00, 0x00, 0x60, 0x16, 0x00, 0x00,
    0x0d, 0x01, 0x0a, 0x00, 0x2f, 0x01, 0x01, 0x00, 0x02, 0x00, 0x00, 0x00,
    0x00, 0x40, 0x00, 0x00, 0x70, 0x78, 0x02, 0x00, 0x10, 0x40, 0x00, 0x00,
    0x10, 0xf6, 0x01, 0x00, 0x2f, 0x01, 0x03, 0x00, 0x02, 0x00, 0x00, 0x00,
    0x00, 0x40, 0x00, 0x00, 0xb0, 0xf9, 0x01, 0x00, 0x0b, 0x01, 0x02, 0x00,
    0x0c, 0x01, 0x02, 0x00, 0x01, 0x01, 0x02, 0x00, 0x02, 0x01, 0x02, 0x00,
    0x10, 0x40, 0x00, 0x00, 0xb0, 0x7f, 0x02, 0x00, 0x21, 0x01, 0x02, 0x00,
    0x20, 0x01, 0x04, 0x00, 0x20, 0x40, 0x00, 0x00, 0xf0, 0x18, 0x00, 0x00,
    0x21, 0x40, 0x00, 0x00, 0x10, 0x01, 0x00, 0x00, 0x22, 0x40, 0x00, 0x00,
    0x50, 0x18, 0x00, 0x00, 0x2f, 0x01, 0x01, 0x00, 0x03, 0x00, 0x00, 0x00,
    0x00, 0x40, 0x00, 0x00, 0x10, 0x7c, 0x02, 0x00, 0x0b, 0x01, 0x00, 0x00,
    0x0c, 0x01, 0x00, 0x00, 0x01, 0x01, 0x00, 0x00, 0x02, 0x01, 0x00, 0x00,
    0x10, 0x40, 0x00, 0x00, 0x70, 0x0f, 0x02, 0x00, 0x21, 0x01, 0x00, 0x00,
    0x20, 0x01, 0x00, 0x00, 0x20, 0x40, 0x00, 0x00, 0xa0, 0x1a, 0x00, 0x00,
    0x21, 0x40, 0x00, 0x00, 0x50, 0x01, 0x00, 0x00, 0x22, 0x40, 0x00, 0x00,
    0x00, 0x1a, 0x00, 0x00, 0x02, 0x00, 0x00, 0x00, 0x00, 0x40, 0x00, 0x00,
    0xb0, 0x7f, 0x02, 0x00, 0x10, 0x40, 0x00, 0x00, 0x10, 0x13, 0x02, 0x00,
    0x2f, 0x01, 0x03, 0x00, 0x02, 0x00, 0x00, 0x00, 0x00, 0x40, 0x00, 0x00,
    0xb0, 0x16, 0x02, 0x00, 0x02, 0x40, 0x00, 0x00, 0x30, 0x08, 0x02, 0x00,
    0x0b, 0x01, 0x01, 0x00, 0x0c, 0x01, 0x01, 0x00, 0x01, 0x01, 0x02, 0x00,
    0x02, 0x01, 0x02, 0x00, 0x10, 0x40, 0x00, 0x00, 0x4a, 0x09, 0x00, 0x00,
    0x13, 0x01, 0x00, 0x00, 0x15, 0x40, 0x00, 0x00, 0x3a, 0x00, 0x00, 0x00,
    0x14, 0x40, 0x00, 0x00, 0x01, 0x00, 0x00, 0x00, 0x16, 0x40, 0x00, 0x00,
    0x01, 0x00, 0x00, 0x00, 0x18, 0x01, 0x59, 0x00, 0x14, 0x01, 0x01, 0x00,
    0x21, 0x01, 0x02, 0x00, 0x20, 0x01, 0x04, 0x00, 0x22, 0x01, 0x04, 0x00,
    0x20, 0x40, 0x00, 0x00, 0x00, 0x1c, 0x00, 0x00, 0x21, 0x40, 0x00, 0x00,
    0x90, 0x01, 0x00, 0x00, 0x22, 0x40, 0x00, 0x00, 0xf0, 0x1b, 0x00, 0x00,
    0x23, 0x40, 0x00, 0x00, 0x10, 0x00, 0x00, 0x00, 0x17, 0x01, 0x07, 0x00,
    0x2f, 0x01, 0x01, 0x00, 0x02, 0x00, 0x00, 0x00, 0x00, 0x40, 0x00, 0x00,
    0x50, 0x1a, 0x02, 0x00, 0x0b, 0x01, 0x00, 0x00, 0x0c, 0x01, 0x00, 0x00,
    0x10, 0x40, 0x00, 0x00, 0x84, 0x09, 0x00, 0x00, 0x2f, 0x01, 0x03, 0x00,
    0x02, 0x00, 0x00, 0x00, 0x00, 0x40, 0x00, 0x00, 0x30, 0x08, 0x02, 0x00,
    0x02, 0x40, 0x00, 0x00, 0x00, 0x00, 0x00, 0x00, 0x0b, 0x01, 0x02, 0x00,
    0x0c, 0x01, 0x02, 0x00, 0x10, 0x40, 0x00, 0x00, 0xbe, 0x09, 0x00, 0x00,
    0x02, 0x00, 0x00, 0x00, 0x00, 0x40, 0x00, 0x00, 0xd0, 0x0b, 0x02, 0x00,
    0x10, 0x40, 0x00, 0x00, 0xf8, 0x09, 0x00, 0x00, 0x02, 0x00, 0x00, 0x00,
    0x00, 0x40, 0x00, 0x00, 0x50, 0xfd, 0x01, 0x00, 0x10, 0x40, 0x00, 0x00,
    0x10, 0x7c, 0x02, 0x00, 0x13, 0x01, 0x0f, 0x00, 0x15, 0x40, 0x00, 0x00,
    0xa0, 0x03, 0x00, 0x00, 0x14, 0x40, 0x00, 0x00, 0x10, 0x00, 0x00, 0x00,
    0x16, 0x40, 0x00, 0x00, 0xa0, 0x03, 0x00, 0x00, 0x18, 0x01, 0x80, 0xff,
    0x14, 0x01, 0x41, 0x00, 0x22, 0x01, 0x00, 0x00, 0x20, 0x40, 0x00, 0x00,
    0xf0, 0x18, 0x00, 0x00, 0x21, 0x40, 0x00, 0x00, 0x10, 0x01, 0x00, 0x00,
    0x22, 0x40, 0x00, 0x00, 0x50, 0x18, 0x00, 0x00, 0x23, 0x40, 0x00, 0x00,
    0xa0, 0x00, 0x00, 0x00, 0x17, 0x01, 0x0f, 0x00, 0x03, 0x00, 0x00, 0x00,
    0x00, 0x40, 0x00, 0x00, 0xf0, 0x00, 0x02, 0x00, 0x02, 0x40, 0x00, 0x00,
    0x70, 0xf2, 0x01, 0x00, 0x0b, 0x01, 0x01, 0x00, 0x0c, 0x01, 0x01, 0x00,
    0x10, 0x40, 0x00, 0x00, 0xb0, 0x7f, 0x02, 0x00, 0x03, 0x00, 0x00, 0x00,
    0x00, 0x40, 0x00, 0x00, 0x10, 0x7c, 0x02, 0x00, 0x02, 0x40, 0x00, 0x00,
    0x00, 0x00, 0x00, 0x00, 0x0b, 0x01, 0x00, 0x00, 0x0c, 0x01, 0x00, 0x00,
    0x01, 0x01, 0x00, 0x00, 0x02, 0x01, 0x00, 0x00, 0x10, 0x40, 0x00, 0x00,
    0xb0, 0x16, 0x02, 0x00, 0x21, 0x01, 0x00, 0x00, 0x20, 0x01, 0x00, 0x00,
    0x20, 0x40, 0x00, 0x00, 0xa0, 0x1a, 0x00, 0x00, 0x21, 0x40, 0x00, 0x00,
    0x50, 0x01, 0x00, 0x00, 0x22, 0x40, 0x00, 0x00, 0x00, 0x1a, 0x00, 0x00,
    0x2f, 0x01, 0x01, 0x00, 0x02, 0x00, 0x00, 0x00, 0x00, 0x40, 0x00, 0x00,
    0xb0, 0x7f, 0x02, 0x00, 0x10, 0x40, 0x00, 0x00, 0x50, 0x1a, 0x02, 0x00,
    0x2f, 0x01, 0x03, 0x00, 0x02, 0x00, 0x00, 0x00, 0x00, 0x40, 0x00, 0x00,
    0x90, 0x04, 0x02, 0x00, 0x02, 0x40, 0x00, 0x00, 0x70, 0xf2, 0x01, 0x00,
    0x01, 0x01, 0x02, 0x00, 0x02, 0x01, 0x02, 0x00, 0x10, 0x40, 0x00, 0x00,
    0x10, 0x7c, 0x02, 0x00, 0x21, 0x01, 0x02, 0x00, 0x20, 0x01, 0x04, 0x00,
    0x20, 0x40, 0x00, 0x00, 0xf0, 0x18, 0x00, 0x00, 0x21, 0x40, 0x00, 0x00,
    0x10, 0x01, 0x00, 0x00, 0x22, 0x40, 0x00, 0x00, 0x50, 0x18, 0x00, 0x00,
    0x03, 0x00, 0x00, 0x00, 0x00, 0x40, 0x00, 0x00, 0xf0, 0xa9, 0x01, 0x00,
    0x02, 0x40, 0x00, 0x00, 0x00, 0x00, 0x00, 0x00, 0x0b, 0x01, 0x04, 0x00,
    0x0c, 0x01, 0x04, 0x00, 0x01, 0x01, 0x01, 0x00, 0x02, 0x01, 0x01, 0x00,
    0x10, 0x40, 0x00, 0x00, 0x10, 0x5f, 0x02, 0x00, 0x21, 0x01, 0x04, 0x00,
    0x20, 0x01, 0x02, 0x00, 0x20, 0x40, 0x00, 0x00, 0x70, 0x0e, 0x00, 0x00,
    0x22, 0x40, 0x00, 0x00, 0xd0, 0x0d, 0x00, 0x00, 0x0d, 0x01, 0x12, 0x00,
    0x03, 0x00, 0x00, 0x00, 0x00, 0x40, 0x00, 0x00, 0x90, 0xad, 0x01, 0x00,
    0x10, 0x40, 0x00, 0x00, 0xb0, 0x62, 0x02, 0x00, 0x03, 0x00, 0x00, 0x00,
    0x00, 0x40, 0x00, 0x00, 0x10, 0x5f, 0x02, 0x00, 0x0b, 0x01, 0x00, 0x00,
    0x0c, 0x01, 0x00, 0x00, 0x01, 0x01, 0x00, 0x00, 0x02, 0x01, 0x00, 0x00,
    0x10, 0x40, 0x00, 0x00, 0x50, 0x66, 0x02, 0x00, 0x21, 0x01, 0x00, 0x00,
    0x20, 0x01, 0x00, 0x00, 0x20, 0x40, 0x00, 0x00, 0x20, 0x10, 0x00, 0x00,
    0x21, 0x40, 0x00, 0x00, 0x50, 0x01, 0x00, 0x00, 0x22, 0x40, 0x00, 0x00,
    0x80, 0x0f, 0x00, 0x00, 0x0d, 0x01, 0x0a, 0x00, 0x2f, 0x01, 0x01, 0x00,
    0x02, 0x00, 0x00, 0x00, 0x00, 0x40, 0x00, 0x00, 0xb0, 0x62, 0x02, 0x00,
    0x10, 0x40, 0x00, 0x00, 0xf0, 0x69, 0x02, 0x00, 0x2f, 0x01, 0x03, 0x00,
    0x02, 0x00, 0x00, 0x00, 0x00, 0x40, 0x00, 0x00, 0x50, 0x66, 0x02, 0x00,
    0x01, 0x01, 0x04, 0x00, 0x02, 0x01, 0x04, 0x00, 0x10, 0x40, 0x00, 0x00,
    0x90, 0x6d, 0x02, 0x00, 0x20, 0x01, 0x08, 0x00, 0x20, 0x40, 0x00, 0x00,
    0x10, 0x12, 0x00, 0x00, 0x21, 0x40, 0x00, 0x00, 0xb0, 0x00, 0x00, 0x00,
    0x22, 0x40, 0x00, 0x00, 0x70, 0x11, 0x00, 0x00, 0x2f, 0x01, 0x01, 0x00,
    0x03, 0x00, 0x00, 0x00, 0x00, 0x40, 0x00, 0x00, 0xf0, 0x69, 0x02, 0x00,
    0x10, 0x40, 0x00, 0x00, 0x30, 0x71, 0x02, 0x00, 0x2f, 0x01, 0x03, 0x00,
    0x03, 0x00, 0x00, 0x00, 0x00, 0x40, 0x00, 0x00, 0x90, 0x6d, 0x02, 0x00,
    0x01, 0x01, 0x00, 0x00, 0x02, 0x01, 0x00, 0x00, 0x10, 0x40, 0x00, 0x00,
    0x70, 0xd5, 0x01, 0x00, 0x20, 0x01, 0x00, 0x00, 0x20, 0x40, 0x00, 0x00,
    0x60, 0x13, 0x00, 0x00, 0x21, 0x40, 0x00, 0x00, 0x50, 0x01, 0x00, 0x00,
    0x22, 0x40, 0x00, 0x00, 0xc0, 0x12, 0x00, 0x00, 0x2f, 0x01, 0x01, 0x00,
    0x02, 0x00, 0x00, 0x00, 0x00, 0x40, 0x00, 0x00, 0x30, 0x71, 0x02, 0x00,
    0x10, 0x40, 0x00, 0x00, 0x10, 0xd9, 0x01, 0x00, 0x2f, 0x01, 0x03, 0x00,
    0x02, 0x00, 0x00, 0x00, 0x00, 0x40, 0x00, 0x00, 0x30, 0xb1, 0x01, 0x00,
    0x0b, 0x01, 0x04, 0x00, 0x0c, 0x01, 0x04, 0x00, 0x01, 0x01, 0x01, 0x00,
    0x02, 0x01, 0x01, 0x00, 0x10, 0x40, 0x00, 0x00, 0x10, 0x5f, 0x02, 0x00,
    0x21, 0x01, 0x04, 0x00, 0x20, 0x01, 0x02, 0x00, 0x20, 0x40, 0x00, 0x00,
    0x70, 0x0e, 0x00, 0x00, 0x21, 0x40, 0x00, 0x00, 0x10, 0x01, 0x00, 0x00,
    0x22, 0x40, 0x00, 0x00, 0xd0, 0x0d, 0x00, 0x00, 0x0d, 0x01, 0x12, 0x00,
    0x03, 0x00, 0x00, 0x00, 0x00, 0x40, 0x00, 0x00, 0xd0, 0xb4, 0x01, 0x00,
    0x10, 0x40, 0x00, 0x00, 0xb0, 0x62, 0x02, 0x00, 0x03, 0x00, 0x00, 0x00,
    0x00, 0x40, 0x00, 0x00, 0x10, 0x5f, 0x02, 0x00, 0x0b, 0x01, 0x00, 0x00,
    0x0c, 0x01, 0x00, 0x00, 0x01, 0x01, 0x00, 0x00, 0x02, 0x01, 0x00, 0x00,
    0x10, 0x40, 0x00, 0x00, 0x50, 0x66, 0x02, 0x00, 0x21, 0x01, 0x00, 0x00,
    0x20, 0x01, 0x00, 0x00, 0x20, 0x40, 0x00, 0x00, 0x20, 0x10, 0x00, 0x00,
    0x21, 0x40, 0x00, 0x00, 0x50, 0x01, 0x00, 0x00, 0x22, 0x40, 0x00, 0x00,
    0x80, 0x0f, 0x00, 0x00, 0x0d, 0x01, 0x0a, 0x00, 0x2f, 0x01, 0x01, 0x00,
    0x02, 0x00, 0x00, 0x00, 0x00, 0x40, 0x00, 0x00, 0xb0, 0x62, 0x02, 0x00,
    0x10, 0x40, 0x00, 0x00, 0xf0, 0x69, 0x02, 0x00, 0x2f, 0x01, 0x03, 0x00,
    0x02, 0x00, 0x00, 0x00, 0x00, 0x40, 0x00, 0x00, 0x50, 0x66, 0x02, 0x00,
    0x01, 0x01, 0x04, 0x00, 0x02, 0x01, 0x04, 0x00, 0x10, 0x40, 0x00, 0x00,
    0x90, 0x6d, 0x02, 0x00, 0x20, 0x01, 0x08, 0x00, 0x20, 0x40, 0x00, 0x00,
    0x10, 0x12, 0x00, 0x00, 0x21, 0x40, 0x00, 0x00, 0xb0, 0x00, 0x00, 0x00,
    0x22, 0x40, 0x00, 0x00, 0x70, 0x11, 0x00, 0x00, 0x2f, 0x01, 0x01, 0x00,
    0x03, 0x00, 0x00, 0x00, 0x00, 0x40, 0x00, 0x00, 0xf0, 0x69, 0x02, 0x00,
    0x10, 0x40, 0x00, 0x00, 0x30, 0x71, 0x02, 0x00, 0x2f, 0x01, 0x03, 0x00,
    0x03, 0x00, 0x00, 0x00, 0x00, 0x40, 0x00, 0x00, 0x90, 0x6d, 0x02, 0x00,
    0x01, 0x01, 0x00, 0x00, 0x02, 0x01, 0x00, 0x00, 0x10, 0x40, 0x00, 0x00,
    0xb0, 0xdc, 0x01, 0x00, 0x20, 0x01, 0x00, 0x00, 0x20, 0x40, 0x00, 0x00,
    0x60, 0x13, 0x00, 0x00, 0x21, 0x40, 0x00, 0x00, 0x50, 0x01, 0x00, 0x00,
    0x22, 0x40, 0x00, 0x00, 0xc0, 0x12, 0x00, 0x00, 0x2f, 0x01, 0x01, 0x00,
    0x02, 0x00, 0x00, 0x00, 0x00, 0x40, 0x00, 0x00, 0x30, 0x71, 0x02, 0x00,
    0x10, 0x40, 0x00, 0x00, 0x50, 0xe0, 0x01, 0x00, 0x2f, 0x01, 0x03, 0x00,
    0x02, 0x00, 0x00, 0x00, 0x00, 0x40, 0x00, 0x00, 0x70, 0x9b, 0x01, 0x00,
    0x02, 0x40, 0x00, 0x00, 0xb0, 0x85, 0x01, 0x00, 0x0b, 0x01, 0x03, 0x00,
    0x0c, 0x01, 0x03, 0x00, 0x01, 0x01, 0x01, 0x00, 0x02, 0x01, 0x01, 0x00,
    0x10, 0x40, 0x00, 0x00, 0x50, 0x49, 0x02, 0x00, 0x21, 0x01, 0x04, 0x00,
    0x20, 0x01, 0x02, 0x00, 0x20, 0x40, 0x00, 0x00, 0x70, 0x07, 0x00, 0x00,
    0x21, 0x40, 0x00, 0x00, 0x10, 0x01, 0x00, 0x00, 0x22, 0x40, 0x00, 0x00,
    0xd0, 0x06, 0x00, 0x00, 0x0d, 0x01, 0x12, 0x00, 0x03, 0x00, 0x00, 0x00,
    0x00, 0x40, 0x00, 0x00, 0x10, 0x9f, 0x01, 0x00, 0x0b, 0x01, 0x02, 0x00,
    0x0c, 0x01, 0x02, 0x00, 0x10, 0x40, 0x00, 0x00, 0xf0, 0x4c, 0x02, 0x00,
    0x03, 0x00, 0x00, 0x00, 0x00, 0x40, 0x00, 0x00, 0x50, 0x49, 0x02, 0x00,
    0x02, 0x40, 0x00, 0x00, 0x00, 0x00, 0x00, 0x00, 0x0b, 0x01, 0x00, 0x00,
    0x0c, 0x01, 0x00, 0x00, 0x01, 0x01, 0x00, 0x00, 0x02, 0x01, 0x00, 0x00,
    0x10, 0x40, 0x00, 0x00, 0x90, 0x50, 0x02, 0x00, 0x21, 0x01, 0x00, 0x00,
    0x20, 0x01, 0x00, 0x00, 0x20, 0x40, 0x00, 0x00, 0x20, 0x09, 0x00, 0x00,
    0x21, 0x40, 0x00, 0x00, 0x50, 0x01, 0x00, 0x00, 0x22, 0x40, 0x00, 0x00,
    0x80, 0x08, 0x00, 0x00, 0x0d, 0x01, 0x0a, 0x00, 0x2f, 0x01, 0x01, 0x00,
    0x02, 0x00, 0x00, 0x00, 0x00, 0x40, 0x00, 0x00, 0xf0, 0x4c, 0x02, 0x00,
    0x10, 0x40, 0x00, 0x00, 0x30, 0x54, 0x02, 0x00, 0x2f, 0x01, 0x03, 0x00,
    0x02, 0x00, 0x00, 0x00, 0x00, 0x40, 0x00, 0x00, 0x90, 0x50, 0x02, 0x00,
    0x01, 0x01, 0x04, 0x00, 0x02, 0x01, 0x04, 0x00, 0x10, 0x40, 0x00, 0x00,
    0xd0, 0x57, 0x02, 0x00, 0x20, 0x01, 0x08, 0x00, 0x20, 0x40, 0x00, 0x00,
    0x10, 0x0b, 0x00, 0x00, 0x21, 0x40, 0x00, 0x00, 0xd0, 0x00, 0x00, 0x00,
    0x22, 0x40, 0x00, 0x00, 0x70, 0x0a, 0x00, 0x00, 0x2f, 0x01, 0x01, 0x00,
    0x03, 0x00, 0x00, 0x00, 0x00, 0x40, 0x00, 0x00, 0x30, 0x54, 0x02, 0x00,
    0x10, 0x40, 0x00, 0x00, 0x70, 0x5b, 0x02, 0x00, 0x2f, 0x01, 0x03, 0x00,
    0x03, 0x00, 0x00, 0x00, 0x00, 0x40, 0x00, 0x00, 0xd0, 0x57, 0x02, 0x00,
    0x01, 0x01, 0x00, 0x00, 0x02, 0x01, 0x00, 0x00, 0x10, 0x40, 0x00, 0x00,
    0xf0, 0xc6, 0x01, 0x00, 0x20, 0x01, 0x00, 0x00, 0x20, 0x40, 0x00, 0x00,
    0x80, 0x0c, 0x00, 0x00, 0x21, 0x40, 0x00, 0x00, 0x50, 0x01, 0x00, 0x00,
    0x22, 0x40, 0x00, 0x00, 0xe0, 0x0b, 0x00, 0x00, 0x2f, 0x01, 0x01, 0x00,
    0x02, 0x00, 0x00, 0x00, 0x00, 0x40, 0x00, 0x00, 0x70, 0x5b, 0x02, 0x00,
    0x10, 0x40, 0x00, 0x00, 0x90, 0xca, 0x01, 0x00, 0x2f, 0x01, 0x03, 0x00,
    0x02, 0x00, 0x00, 0x00, 0x00, 0x40, 0x00, 0x00, 0xb0, 0xa2, 0x01, 0x00,
    0x02, 0x40, 0x00, 0x00, 0xb0, 0x85, 0x01, 0x00, 0x0b, 0x01, 0x01, 0x00,
    0x0c, 0x01, 0x01, 0x00, 0x01, 0x01, 0x01, 0x00, 0x02, 0x01, 0x01, 0x00,
    0x10, 0x40, 0x00, 0x00, 0x50, 0x49, 0x02, 0x00, 0x21, 0x01, 0x04, 0x00,
    0x20, 0x01, 0x02, 0x00, 0x20, 0x40, 0x00, 0x00, 0x70, 0x07, 0x00, 0x00,
    0x21, 0x40, 0x00, 0x00, 0x10, 0x01, 0x00, 0x00, 0x22, 0x40, 0x00, 0x00,
    0xd0, 0x06, 0x00, 0x00, 0x0d, 0x01, 0x12, 0x00, 0x03, 0x00, 0x00, 0x00,
    0x00, 0x40, 0x00, 0x00, 0x50, 0xa6, 0x01, 0x00, 0x0b, 0x01, 0x00, 0x00,
    0x0c, 0x01, 0x00, 0x00, 0x10, 0x40, 0x00, 0x00, 0xf0, 0x4c, 0x02, 0x00,
    0x03, 0x00, 0x00, 0x00, 0x00, 0x40, 0x00, 0x00, 0x50, 0x49, 0x02, 0x00,
    0x02, 0x40, 0x00, 0x00, 0x00, 0x00, 0x00, 0x00, 0x01, 0x01, 0x00, 0x00,
    0x02, 0x01, 0x00, 0x00, 0x10, 0x40, 0x00, 0x00, 0x90, 0x50, 0x02, 0x00,
    0x21, 0x01, 0x00, 0x00, 0x20, 0x01, 0x00, 0x00, 0x20, 0x40, 0x00, 0x00,
    0x20, 0x09, 0x00, 0x00, 0x21, 0x40, 0x00, 0x00, 0x50, 0x01, 0x00, 0x00,
    0x22, 0x40, 0x00, 0x00, 0x80, 0x08, 0x00, 0x00, 0x0d, 0x01, 0x0a, 0x00,
    0x2f, 0x01, 0x01, 0x00, 0x02, 0x00, 0x00, 0x00, 0x00, 0x40, 0x00, 0x00,
    0xf0, 0x4c, 0x02, 0x00, 0x10, 0x40, 0x00, 0x00, 0x30, 0x54, 0x02, 0x00,
    0x2f, 0x01, 0x03, 0x00, 0x02, 0x00, 0x00, 0x00, 0x00, 0x40, 0x00, 0x00,
    0x90, 0x50, 0x02, 0x00, 0x01, 0x01, 0x04, 0x00, 0x02, 0x01, 0x04, 0x00,
    0x10, 0x40, 0x00, 0x00, 0xd0, 0x57, 0x02, 0x00, 0x20, 0x01, 0x08, 0x00,
    0x20, 0x40, 0x00, 0x00, 0x10, 0x0b, 0x00, 0x00, 0x21, 0x40, 0x00, 0x00,
    0xd0, 0x00, 0x00, 0x00, 0x22, 0x40, 0x00, 0x00, 0x70, 0x0a, 0x00, 0x00,
    0x2f, 0x01, 0x01, 0x00, 0x03, 0x00, 0x00, 0x00, 0x00, 0x40, 0x00, 0x00,
    0x30, 0x54, 0x02, 0x00, 0x10, 0x40, 0x00, 0x00, 0x70, 0x5b, 0x02, 0x00,
    0x2f, 0x01, 0x03, 0x00, 0x03, 0x00, 0x00, 0x00, 0x00, 0x40, 0x00, 0x00,
    0xd0, 0x57, 0x02, 0x00, 0x01, 0x01, 0x00, 0x00, 0x02, 0x01, 0x00, 0x00,
    0x10, 0x40, 0x00, 0x00, 0xf0, 0xa9, 0x01, 0x00, 0x20, 0x01, 0x00, 0x00,
    0x20, 0x40, 0x00, 0x00, 0x80, 0x0c, 0x00, 0x00, 0x21, 0x40, 0x00, 0x00,
    0x50, 0x01, 0x00, 0x00, 0x22, 0x40, 0x00, 0x00, 0xe0, 0x0b, 0x00, 0x00,
    0x2f, 0x01, 0x01, 0x00, 0x02, 0x00, 0x00, 0x00, 0x00, 0x40, 0x00, 0x00,
    0x70, 0x5b, 0x02, 0x00, 0x10, 0x40, 0x00, 0x00, 0x90, 0xad, 0x01, 0x00,
    0x2f, 0x01, 0x03, 0x00, 0x02, 0x00, 0x00, 0x00, 0x00, 0x40, 0x00, 0x00,
    0x20, 0xfd, 0x00, 0x00, 0x0b, 0x01, 0x01, 0x00, 0x0c, 0x01, 0x01, 0x00,
    0x0a, 0x01, 0x72, 0x00, 0x04, 0x01, 0x03, 0x00, 0x05, 0x40, 0x00, 0x00,
    0xcc, 0x01, 0x00, 0x00, 0x04, 0x40, 0x00, 0x00, 0x04, 0x00, 0x00, 0x00,
    0x06, 0x40, 0x00, 0x00, 0x01, 0x00, 0x00, 0x00, 0x09, 0x01, 0x00, 0x00,
    0x05, 0x01, 0x01, 0x00, 0x10, 0x40, 0x00, 0x00, 0xf0, 0x1d, 0x02, 0x00,
    0x11, 0x01, 0x72, 0x00, 0x1a, 0x01, 0x72, 0x00, 0x13, 0x01, 0x03, 0x00,
    0x15, 0x40, 0x00, 0x00, 0x30, 0x07, 0x00, 0x00, 0x16, 0x40, 0x00, 0x00,
    0x30, 0x07, 0x00, 0x00, 0x18, 0x01, 0x00, 0x00, 0x14, 0x01, 0x41, 0x81,
    0x21, 0x01, 0x01, 0x00, 0x22, 0x01, 0x02, 0x00, 0x15, 0x01, 0x15, 0x00,
    0x17, 0x01, 0x07, 0x00, 0x05, 0x00, 0x01, 0x00, 0x00, 0x40, 0x00, 0x00,
    0xb8, 0x00, 0x01, 0x00, 0x10, 0x40, 0x00, 0x00, 0x20, 0x25, 0x02, 0x00,
    0x05, 0x00, 0x01, 0x00, 0x00, 0x40, 0x00, 0x00, 0xf0, 0x1d, 0x02, 0x00,
    0x0b, 0x01, 0x00, 0x00, 0x0c, 0x01, 0x00, 0x00, 0x05, 0x40, 0x00, 0x00,
    0x30, 0x07, 0x00, 0x00, 0x04, 0x40, 0x00, 0x00, 0x10, 0x00, 0x00, 0x00,
    0x06, 0x40, 0x00, 0x00, 0x30, 0x07, 0x00, 0x00, 0x09, 0x01, 0xff, 0xff,
    0x05, 0x01, 0x41, 0x00, 0x01, 0x01, 0x01, 0x00, 0x02, 0x01, 0x01, 0x00,
    0x10, 0x40, 0x00, 0x00, 0x50, 0x2c, 0x02, 0x00, 0x11, 0x01, 0x39, 0x00,
    0x1a, 0x01, 0x39, 0x00, 0x13, 0x01, 0x0b, 0x00, 0x15, 0x40, 0x00, 0x00,
    0xa0, 0x03, 0x00, 0x00, 0x16, 0x40, 0x00, 0x00, 0xa0, 0x03, 0x00, 0x00,
    0x18, 0x01, 0x80, 0xff, 0x14, 0x01, 0x41, 0x00, 0x21, 0x01, 0x00, 0x00,
    0x20, 0x01, 0x02, 0x00, 0x22, 0x01, 0x05, 0x00, 0x20, 0x40, 0x00, 0x00,
    0x80, 0x00, 0x00, 0x00, 0x21, 0x40, 0x00, 0x00, 0x00, 0x01, 0x00, 0x00,
    0x22, 0x40, 0x00, 0x00, 0x00, 0x00, 0x00, 0x00, 0x23, 0x40, 0x00, 0x00,
    0x80, 0x00, 0x00, 0x00, 0x15, 0x01, 0x39, 0x00, 0x17, 0x01, 0x0f, 0x00,
    0x2f, 0x01, 0x01, 0x00, 0x02, 0x00, 0x00, 0x00, 0x00, 0x40, 0x00, 0x00,
    0x20, 0x25, 0x02, 0x00, 0x10, 0x40, 0x00, 0x00, 0xf0, 0x2f, 0x02, 0x00,
    0x2f, 0x01, 0x03, 0x00, 0x02, 0x00, 0x00, 0x00, 0x00, 0x40, 0x00, 0x00,
    0x50, 0x2c, 0x02, 0x00, 0x0a, 0x01, 0x39, 0x00, 0x04, 0x01, 0x0b, 0x00,
    0x05, 0x40, 0x00, 0x00, 0xa0, 0x03, 0x00, 0x00, 0x06, 0x40, 0x00, 0x00,
    0xa0, 0x03, 0x00, 0x00, 0x09, 0x01, 0x80, 0xff, 0x01, 0x01, 0x03, 0x00,
    0x02, 0x01, 0x03, 0x00, 0x10, 0x40, 0x00, 0x00, 0x90, 0x33, 0x02, 0x00,
    0x20, 0x01, 0x06, 0x00, 0x22, 0x01, 0x00, 0x00, 0x20, 0x40, 0x00, 0x00,
    0x00, 0x02, 0x00, 0x00, 0x21, 0x40, 0x00, 0x00, 0x90, 0x00, 0x00, 0x00,
    0x22, 0x40, 0x00, 0x00, 0x80, 0x01, 0x00, 0x00, 0x2f, 0x01, 0x01, 0x00,
    0x03, 0x00, 0x00, 0x00, 0x00, 0x40, 0x00, 0x00, 0xf0, 0x2f, 0x02, 0x00,
    0x10, 0x40, 0x00, 0x00, 0x30, 0x37, 0x02, 0x00, 0x2f, 0x01, 0x03, 0x00,
    0x03, 0x00, 0x00, 0x00, 0x00, 0x40, 0x00, 0x00, 0x90, 0x33, 0x02, 0x00,
    0x01, 0x01, 0x00, 0x00, 0x02, 0x01, 0x00, 0x00, 0x10, 0x40, 0x00, 0x00,
    0xd0, 0x3a, 0x02, 0x00, 0x20, 0x01, 0x00, 0x00, 0x20, 0x40, 0x00, 0x00,
    0x10, 0x03, 0x00, 0x00, 0x21, 0x40, 0x00, 0x00, 0xe0, 0x00, 0x00, 0x00,
    0x22, 0x40, 0x00, 0x00, 0x90, 0x02, 0x00, 0x00, 0x2f, 0x01, 0x01, 0x00,
    0x02, 0x00, 0x00, 0x00, 0x00, 0x40, 0x00, 0x00, 0x30, 0x37, 0x02, 0x00,
    0x10, 0x40, 0x00, 0x00, 0x70, 0x3e, 0x02, 0x00, 0x2f, 0x01, 0x03, 0x00,
    0x02, 0x00, 0x00, 0x00, 0x00, 0x40, 0x00, 0x00, 0xd0, 0x3a, 0x02, 0x00,
    0x01, 0x01, 0x04, 0x00, 0x02, 0x01, 0x04, 0x00, 0x10, 0x40, 0x00, 0x00,
    0x10, 0x42, 0x02, 0x00, 0x20, 0x01, 0x08, 0x00, 0x20, 0x40, 0x00, 0x00,
    0x70, 0x04, 0x00, 0x00, 0x21, 0x40, 0x00, 0x00, 0xb0, 0x00, 0x00, 0x00,
    0x22, 0x40, 0x00, 0x00, 0xf0, 0x03, 0x00, 0x00, 0x2f, 0x01, 0x01, 0x00,
    0x03, 0x00, 0x00, 0x00, 0x00, 0x40, 0x00, 0x00, 0x70, 0x3e, 0x02, 0x00,
    0x10, 0x40, 0x00, 0x00, 0xb0, 0x45, 0x02, 0x00, 0x2f, 0x01, 0x03, 0x00,
    0x03, 0x00, 0x00, 0x00, 0x00, 0x40, 0x00, 0x00, 0x10, 0x42, 0x02, 0x00,
    0x01, 0x01, 0x00, 0x00, 0x02, 0x01, 0x00, 0x00, 0x10, 0x40, 0x00, 0x00,
    0x30, 0x94, 0x01, 0x00, 0x13, 0x01, 0x0f, 0x00, 0x20, 0x01, 0x00, 0x00,
    0x20, 0x40, 0x00, 0x00, 0xc0, 0x05, 0x00, 0x00, 0x21, 0x40, 0x00, 0x00,
    0x10, 0x01, 0x00, 0x00, 0x22, 0x40, 0x00, 0x00, 0x20, 0x05, 0x00, 0x00,
    0x23, 0x40, 0x00, 0x00, 0xa0, 0x00, 0x00, 0x00, 0x2f, 0x01, 0x01, 0x00,
    0x02, 0x00, 0x00, 0x00, 0x00, 0x40, 0x00, 0x00, 0xb0, 0x45, 0x02, 0x00,
    0x10, 0x40, 0x00, 0x00, 0xd0, 0x97, 0x01, 0x00, 0x2f, 0x01, 0x03, 0x00,
    0x02, 0x00, 0x00, 0x00, 0x00, 0x40, 0x00, 0x00, 0x50, 0x04, 0x01, 0x00,
    0x0b, 0x01, 0x01, 0x00, 0x0c, 0x01, 0x01, 0x00, 0x0a, 0x01, 0x72, 0x00,
    0x04, 0x01, 0x03, 0x00, 0x05, 0x40, 0x00, 0x00, 0xcc, 0x01, 0x00, 0x00,
    0x04, 0x40, 0x00, 0x00, 0x04, 0x00, 0x00, 0x00, 0x06, 0x40, 0x00, 0x00,
    0x01, 0x00, 0x00, 0x00, 0x09, 0x01, 0x00, 0x00, 0x05, 0x01, 0x01, 0x00,
    0x10, 0x40, 0x00, 0x00, 0xf0, 0x1d, 0x02, 0x00, 0x11, 0x01, 0x72, 0x00,
    0x1a, 0x01, 0x72, 0x00, 0x13, 0x01, 0x03, 0x00, 0x15, 0x40, 0x00, 0x00,
    0x30, 0x07, 0x00, 0x00, 0x16, 0x40, 0x00, 0x00, 0x30, 0x07, 0x00, 0x00,
    0x18, 0x01, 0x00, 0x00, 0x14, 0x01, 0x41, 0x81, 0x21, 0x01, 0x01, 0x00,
    0x22, 0x01, 0x02, 0x00, 0x15, 0x01, 0x15, 0x00, 0x17, 0x01, 0x07, 0x00,
    0x05, 0x00, 0x01, 0x00, 0x00, 0x40, 0x00, 0x00, 0xe8, 0x07, 0x01, 0x00,
    0x10, 0x40, 0x00, 0x00, 0x20, 0x25, 0x02, 0x00, 0x05, 0x00, 0x01, 0x00,
    0x00, 0x40, 0x00, 0x00, 0xf0, 0x1d, 0x02, 0x00, 0x0b, 0x01, 0x00, 0x00,
    0x0c, 0x01, 0x00, 0x00, 0x05, 0x40, 0x00, 0x00, 0x30, 0x07, 0x00, 0x00,
    0x04, 0x40, 0x00, 0x00, 0x10, 0x00, 0x00, 0x00, 0x06, 0x40, 0x00, 0x00,
    0x30, 0x07, 0x00, 0x00, 0x09, 0x01, 0xff, 0xff, 0x05, 0x01, 0x41, 0x00,
    0x01, 0x01, 0x01, 0x00, 0x02, 0x01, 0x01, 0x00, 0x10, 0x40, 0x00, 0x00,
    0x50, 0x2c, 0x02, 0x00, 0x11, 0x01, 0x39, 0x00, 0x1a, 0x01, 0x39, 0x00,
    0x13, 0x01, 0x0b, 0x00, 0x15, 0x40, 0x00, 0x00, 0xa0, 0x03, 0x00, 0x00,
    0x16, 0x40, 0x00, 0x00, 0xa0, 0x03, 0x00, 0x00, 0x18, 0x01, 0x80, 0xff,
    0x14, 0x01, 0x41, 0x00, 0x21, 0x01, 0x00, 0x00, 0x20, 0x01, 0x02, 0x00,
    0x22, 0x01, 0x05, 0x00, 0x20, 0x40, 0x00, 0x00, 0x80, 0x00, 0x00, 0x00,
    0x21, 0x40, 0x00, 0x00, 0x00, 0x01, 0x00, 0x00, 0x22, 0x40, 0x00, 0x00,
    0x00, 0x00, 0x00, 0x00, 0x23, 0x40, 0x00, 0x00, 0x80, 0x00, 0x00, 0x00,
    0x15, 0x01, 0x39, 0x00, 0x17, 0x01, 0x0f, 0x00, 0x2f, 0x01, 0x01, 0x00,
    0x02, 0x00, 0x00, 0x00, 0x00, 0x40, 0x00, 0x00, 0x20, 0x25, 0x02, 0x00,
    0x10, 0x40, 0x00, 0x00, 0xf0, 0x2f, 0x02, 0x00, 0x2f, 0x01, 0x03, 0x00,
    0x02, 0x00, 0x00, 0x00, 0x00, 0x40, 0x00, 0x00, 0x50, 0x2c, 0x02, 0x00,
    0x0a, 0x01, 0x39, 0x00, 0x04, 0x01, 0x0b, 0x00, 0x05, 0x40, 0x00, 0x00,
    0xa0, 0x03, 0x00, 0x00, 0x06, 0x40, 0x00, 0x00, 0xa0, 0x03, 0x00, 0x00,
    0x09, 0x01, 0x80, 0xff, 0x01, 0x01, 0x03, 0x00, 0x02, 0x01, 0x03, 0x00,
    0x10, 0x40, 0x00, 0x00, 0x90, 0x33, 0x02, 0x00, 0x20, 0x01, 0x06, 0x00,
    0x22, 0x01, 0x00, 0x00, 0x20, 0x40, 0x00, 0x00, 0x00, 0x02, 0x00, 0x00,
    0x21, 0x40, 0x00, 0x00, 0x90, 0x00, 0x00, 0x00, 0x22, 0x40, 0x00, 0x00,
    0x80, 0x01, 0x00, 0x00, 0x2f, 0x01, 0x01, 0x00, 0x03, 0x00, 0x00, 0x00,
    0x00, 0x40, 0x00, 0x00, 0xf0, 0x2f, 0x02, 0x00, 0x10, 0x40, 0x00, 0x00,
    0x30, 0x37, 0x02, 0x00, 0x2f, 0x01, 0x03, 0x00, 0x03, 0x00, 0x00, 0x00,
    0x00, 0x40, 0x00, 0x00, 0x90, 0x33, 0x02, 0x00, 0x01, 0x01, 0x00, 0x00,
    0x02, 0x01, 0x00, 0x00, 0x10, 0x40, 0x00, 0x00, 0xd0, 0x3a, 0x02, 0x00,
    0x20, 0x01, 0x00, 0x00, 0x20, 0x40, 0x00, 0x00, 0x10, 0x03, 0x00, 0x00,
    0x21, 0x40, 0x00, 0x00, 0xe0, 0x00, 0x00, 0x00, 0x22, 0x40, 0x00, 0x00,
    0x90, 0x02, 0x00, 0x00, 0x2f, 0x01, 0x01, 0x00, 0x02, 0x00, 0x00, 0x00,
    0x00, 0x40, 0x00, 0x00, 0x30, 0x37, 0x02, 0x00, 0x10, 0x40, 0x00, 0x00,
    0x70, 0x3e, 0x02, 0x00, 0x2f, 0x01, 0x03, 0x00, 0x02, 0x00, 0x00, 0x00,
    0x00, 0x40, 0x00, 0x00, 0xd0, 0x3a, 0x02, 0x00, 0x01, 0x01, 0x04, 0x00,
    0x02, 0x01, 0x04, 0x00, 0x10, 0x40, 0x00, 0x00, 0x10, 0x42, 0x02, 0x00,
    0x20, 0x01, 0x08, 0x00, 0x20, 0x40, 0x00, 0x00, 0x70, 0x04, 0x00, 0x00,
    0x21, 0x40, 0x00, 0x00, 0xb0, 0x00, 0x00, 0x00, 0x22, 0x40, 0x00, 0x00,
    0xf0, 0x03, 0x00, 0x00, 0x2f, 0x01, 0x01, 0x00, 0x03, 0x00, 0x00, 0x00,
    0x00, 0x40, 0x00, 0x00, 0x70, 0x3e, 0x02, 0x00, 0x10, 0x40, 0x00, 0x00,
    0xb0, 0x45, 0x02, 0x00, 0x2f, 0x01, 0x03, 0x00, 0x03, 0x00, 0x00, 0x00,
    0x00, 0x40, 0x00, 0x00, 0x10, 0x42, 0x02, 0x00, 0x01, 0x01, 0x00, 0x00,
    0x02, 0x01, 0x00, 0x00, 0x10, 0x40, 0x00, 0x00, 0x70, 0x9b, 0x01, 0x00,
    0x13, 0x01, 0x0f, 0x00, 0x20, 0x01, 0x00, 0x00, 0x20, 0x40, 0x00, 0x00,
    0xc0, 0x05, 0x00, 0x00, 0x21, 0x40, 0x00, 0x00, 0x10, 0x01, 0x00, 0x00,
    0x22, 0x40, 0x00, 0x00, 0x20, 0x05, 0x00, 0x00, 0x23, 0x40, 0x00, 0x00,
    0xa0, 0x00, 0x00, 0x00, 0x2f, 0x01, 0x01, 0x00, 0x02, 0x00, 0x00, 0x00,
    0x00, 0x40, 0x00, 0x00, 0xb0, 0x45, 0x02, 0x00, 0x10, 0x40, 0x00, 0x00,
    0x10, 0x9f, 0x01, 0x00, 0x2f, 0x01, 0x03, 0x00, 0x02, 0x00, 0x00, 0x00,
    0x00, 0x40, 0x00, 0x00, 0x80, 0x0b, 0x01, 0x00, 0x0b, 0x01, 0x01, 0x00,
    0x0c, 0x01, 0x01, 0x00, 0x0a, 0x01, 0x72, 0x00, 0x04, 0x01, 0x03, 0x00,
    0x05, 0x40, 0x00, 0x00, 0xcc, 0x01, 0x00, 0x00, 0x04, 0x40, 0x00, 0x00,
    0x04, 0x00, 0x00, 0x00, 0x06, 0x40, 0x00, 0x00, 0x01, 0x00, 0x00, 0x00,
    0x09, 0x01, 0x00, 0x00, 0x05, 0x01, 0x01, 0x00, 0x10, 0x40, 0x00, 0x00,
    0xf0, 0x1d, 0x02, 0x00, 0x11, 0x01, 0x72, 0x00, 0x1a, 0x01, 0x72, 0x00,
    0x13, 0x01, 0x03, 0x00, 0x15, 0x40, 0x00, 0x00, 0x30, 0x07, 0x00, 0x00,
    0x16, 0x40, 0x00, 0x00, 0x30, 0x07, 0x00, 0x00, 0x18, 0x01, 0x00, 0x00,
    0x14, 0x01, 0x41, 0x81, 0x21, 0x01, 0x01, 0x00, 0x22, 0x01, 0x02, 0x00,
    0x15, 0x01, 0x15, 0x00, 0x17, 0x01, 0x07, 0x00, 0x05, 0x00, 0x01, 0x00,
    0x00, 0x40, 0x00, 0x00, 0x18, 0x0f, 0x01, 0x00, 0x10, 0x40, 0x00, 0x00,
    0x20, 0x25, 0x02, 0x00, 0x05, 0x00, 0x01, 0x00, 0x00, 0x40, 0x00, 0x00,
    0xf0, 0x1d, 0x02, 0x00, 0x0b, 0x01, 0x00, 0x00, 0x0c, 0x01, 0x00, 0x00,
    0x05, 0x40, 0x00, 0x00, 0x30, 0x07, 0x00, 0x00, 0x04, 0x40, 0x00, 0x00,
    0x10, 0x00, 0x00, 0x00, 0x06, 0x40, 0x00, 0x00, 0x30, 0x07, 0x00, 0x00,
    0x09, 0x01, 0xff, 0xff, 0x05, 0x01, 0x41, 0x00, 0x01, 0x01, 0x01, 0x00,
    0x02, 0x01, 0x01, 0x00, 0x10, 0x40, 0x00, 0x00, 0x50, 0x2c, 0x02, 0x00,
    0x11, 0x01, 0x39, 0x00, 0x1a, 0x01, 0x39, 0x00, 0x13, 0x01, 0x0b, 0x00,
    0x15, 0x40, 0x00, 0x00, 0xa0, 0x03, 0x00, 0x00, 0x16, 0x40, 0x00, 0x00,
    0xa0, 0x03, 0x00, 0x00, 0x18, 0x01, 0x80, 0xff, 0x14, 0x01, 0x41, 0x00,
    0x21, 0x01, 0x00, 0x00, 0x20, 0x01, 0x02, 0x00, 0x22, 0x01, 0x05, 0x00,
    0x20, 0x40, 0x00, 0x00, 0x80, 0x00, 0x00, 0x00, 0x21, 0x40, 0x00, 0x00,
    0x00, 0x01, 0x00, 0x00, 0x22, 0x40, 0x00, 0x00, 0x00, 0x00, 0x00, 0x00,
    0x23, 0x40, 0x00, 0x00, 0x80, 0x00, 0x00, 0x00, 0x15, 0x01, 0x39, 0x00,
    0x17, 0x01, 0x0f, 0x00, 0x2f, 0x01, 0x01, 0x00, 0x02, 0x00, 0x00, 0x00,
    0x00, 0x40, 0x00, 0x00, 0x20, 0x25, 0x02, 0x00, 0x10, 0x40, 0x00, 0x00,
    0xf0, 0x2f, 0x02, 0x00, 0x2f, 0x01, 0x03, 0x00, 0x02, 0x00, 0x00, 0x00,
    0x00, 0x40, 0x00, 0x00, 0x50, 0x2c, 0x02, 0x00, 0x0a, 0x01, 0x39, 0x00,
    0x04, 0x01, 0x0b, 0x00, 0x05, 0x40, 0x00, 0x00, 0xa0, 0x03, 0x00, 0x00,
    0x06, 0x40, 0x00, 0x00, 0xa0, 0x03, 0x00, 0x00, 0x09, 0x01, 0x80, 0xff,
    0x01, 0x01, 0x03, 0x00, 0x02, 0x01, 0x03, 0x00, 0x10, 0x40, 0x00, 0x00,
    0x90, 0x33, 0x02, 0x00, 0x20, 0x01, 0x06, 0x00, 0x22, 0x01, 0x00, 0x00,
    0x20, 0x40, 0x00, 0x00, 0x00, 0x02, 0x00, 0x00, 0x21, 0x40, 0x00, 0x00,
    0x90, 0x00, 0x00, 0x00, 0x22, 0x40, 0x00, 0x00, 0x80, 0x01, 0x00, 0x00,
    0x2f, 0x01, 0x01, 0x00, 0x03, 0x00, 0x00, 0x00, 0x00, 0x40, 0x00, 0x00,
    0xf0, 0x2f, 0x02, 0x00, 0x10, 0x40, 0x00, 0x00, 0x30, 0x37, 0x02, 0x00,
    0x2f, 0x01, 0x03, 0x00, 0x03, 0x00, 0x00, 0x00, 0x00, 0x40, 0x00, 0x00,
    0x90, 0x33, 0x02, 0x00, 0x01, 0x01, 0x00, 0x00, 0x02, 0x01, 0x00, 0x00,
    0x10, 0x40, 0x00, 0x00, 0xd0, 0x3a, 0x02, 0x00, 0x20, 0x01, 0x00, 0x00,
    0x20, 0x40, 0x00, 0x00, 0x10, 0x03, 0x00, 0x00, 0x21, 0x40, 0x00, 0x00,
    0xe0, 0x00, 0x00, 0x00, 0x22, 0x40, 0x00, 0x00, 0x90, 0x02, 0x00, 0x00,
    0x2f, 0x01, 0x01, 0x00, 0x02, 0x00, 0x00, 0x00, 0x00, 0x40, 0x00, 0x00,
    0x30, 0x37, 0x02, 0x00, 0x10, 0x40, 0x00, 0x00, 0x70, 0x3e, 0x02, 0x00,
    0x2f, 0x01, 0x03, 0x00, 0x02, 0x00, 0x00, 0x00, 0x00, 0x40, 0x00, 0x00,
    0xd0, 0x3a, 0x02, 0x00, 0x01, 0x01, 0x04, 0x00, 0x02, 0x01, 0x04, 0x00,
    0x10, 0x40, 0x00, 0x00, 0x10, 0x42, 0x02, 0x00, 0x20, 0x01, 0x08, 0x00,
    0x20, 0x40, 0x00, 0x00, 0x70, 0x04, 0x00, 0x00, 0x21, 0x40, 0x00, 0x00,
    0xb0, 0x00, 0x00, 0x00, 0x22, 0x40, 0x00, 0x00, 0xf0, 0x03, 0x00, 0x00,
    0x2f, 0x01, 0x01, 0x00, 0x03, 0x00, 0x00, 0x00, 0x00, 0x40, 0x00, 0x00,
    0x70, 0x3e, 0x02, 0x00, 0x10, 0x40, 0x00, 0x00, 0xb0, 0x45, 0x02, 0x00,
    0x2f, 0x01, 0x03, 0x00, 0x03, 0x00, 0x00, 0x00, 0x00, 0x40, 0x00, 0x00,
    0x10, 0x42, 0x02, 0x00, 0x01, 0x01, 0x00, 0x00, 0x02, 0x01, 0x00, 0x00,
    0x10, 0x40, 0x00, 0x00, 0xb0, 0xa2, 0x01, 0x00, 0x13, 0x01, 0x0f, 0x00,
    0x20, 0x01, 0x00, 0x00, 0x20, 0x40, 0x00, 0x00, 0xc0, 0x05, 0x00, 0x00,
    0x21, 0x40, 0x00, 0x00, 0x10, 0x01, 0x00, 0x00, 0x22, 0x40, 0x00, 0x00,
    0x20, 0x05, 0x00, 0x00, 0x23, 0x40, 0x00, 0x00, 0xa0, 0x00, 0x00, 0x00,
    0x2f, 0x01, 0x01, 0x00, 0x02, 0x00, 0x00, 0x00, 0x00, 0x40, 0x00, 0x00,
    0xb0, 0x45, 0x02, 0x00, 0x10, 0x40, 0x00, 0x00, 0x50, 0xa6, 0x01, 0x00,
    0x2f, 0x01, 0x03, 0x00, 0x02, 0x00, 0x00, 0x00, 0x00, 0x40, 0x00, 0x00,
    0xb0, 0x85, 0x01, 0x00, 0x0b, 0x01, 0x04, 0x00, 0x0c, 0x01, 0x04, 0x00,
    0x04, 0x01, 0x0f, 0x00, 0x01, 0x01, 0x01, 0x00, 0x02, 0x01, 0x01, 0x00,
    0x10, 0x40, 0x00, 0x00, 0x50, 0x49, 0x02, 0x00, 0x21, 0x01, 0x04, 0x00,
    0x20, 0x01, 0x02, 0x00, 0x20, 0x40, 0x00, 0x00, 0x70, 0x07, 0x00, 0x00,
    0x22, 0x40, 0x00, 0x00, 0xd0, 0x06, 0x00, 0x00, 0x0d, 0x01, 0x12, 0x00,
    0x2f, 0x01, 0x01, 0x00, 0x03, 0x00, 0x00, 0x00, 0x00, 0x40, 0x00, 0x00,
    0x50, 0x89, 0x01, 0x00, 0x10, 0x40, 0x00, 0x00, 0xf0, 0x4c, 0x02, 0x00,
    0x2f, 0x01, 0x03, 0x00, 0x03, 0x00, 0x00, 0x00, 0x00, 0x40, 0x00, 0x00,
    0x50, 0x49, 0x02, 0x00, 0x0b, 0x01, 0x00, 0x00, 0x0c, 0x01, 0x00, 0x00,
    0x01, 0x01, 0x00, 0x00, 0x02, 0x01, 0x00, 0x00, 0x10, 0x40, 0x00, 0x00,
    0x90, 0x50, 0x02, 0x00, 0x21, 0x01, 0x00, 0x00, 0x20, 0x01, 0x00, 0x00,
    0x20, 0x40, 0x00, 0x00, 0x20, 0x09, 0x00, 0x00, 0x21, 0x40, 0x00, 0x00,
    0x50, 0x01, 0x00, 0x00, 0x22, 0x40, 0x00, 0x00, 0x80, 0x08, 0x00, 0x00,
    0x0d, 0x01, 0x0a, 0x00, 0x2f, 0x01, 0x01, 0x00, 0x02, 0x00, 0x00, 0x00,
    0x00, 0x40, 0x00, 0x00, 0xf0, 0x4c, 0x02, 0x00, 0x10, 0x40, 0x00, 0x00,
    0x30, 0x54, 0x02, 0x00, 0x2f, 0x01, 0x03, 0x00, 0x02, 0x00, 0x00, 0x00,
    0x00, 0x40, 0x00, 0x00, 0x90, 0x50, 0x02, 0x00, 0x01, 0x01, 0x04, 0x00,
    0x02, 0x01, 0x04, 0x00, 0x10, 0x40, 0x00, 0x00, 0xd0, 0x57, 0x02, 0x00,
    0x20, 0x01, 0x08, 0x00, 0x20, 0x40, 0x00, 0x00, 0x10, 0x0b, 0x00, 0x00,
    0x21, 0x40, 0x00, 0x00, 0xd0, 0x00, 0x00, 0x00, 0x22, 0x40, 0x00, 0x00,
    0x70, 0x0a, 0x00, 0x00, 0x2f, 0x01, 0x01, 0x00, 0x03, 0x00, 0x00, 0x00,
    0x00, 0x40, 0x00, 0x00, 0x30, 0x54, 0x02, 0x00, 0x10, 0x40, 0x00, 0x00,
    0x70, 0x5b, 0x02, 0x00, 0x2f, 0x01, 0x03, 0x00, 0x03, 0x00, 0x00, 0x00,
    0x00, 0x40, 0x00, 0x00, 0xd0, 0x57, 0x02, 0x00, 0x01, 0x01, 0x00, 0x00,
    0x02, 0x01, 0x00, 0x00, 0x10, 0x40, 0x00, 0x00, 0x30, 0xb1, 0x01, 0x00,
    0x20, 0x01, 0x00, 0x00, 0x20, 0x40, 0x00, 0x00, 0x80, 0x0c, 0x00, 0x00,
    0x21, 0x40, 0x00, 0x00, 0x50, 0x01, 0x00, 0x00, 0x22, 0x40, 0x00, 0x00,
    0xe0, 0x0b, 0x00, 0x00, 0x2f, 0x01, 0x01, 0x00, 0x02, 0x00, 0x00, 0x00,
    0x00, 0x40, 0x00, 0x00, 0x70, 0x5b, 0x02, 0x00, 0x10, 0x40, 0x00, 0x00,
    0xd0, 0xb4, 0x01, 0x00, 0x2f, 0x01, 0x03, 0x00, 0x02, 0x00, 0x00, 0x00,
    0x00, 0x40, 0x00, 0x00, 0x70, 0xb8, 0x01, 0x00, 0x0b, 0x01, 0x04, 0x00,
    0x0c, 0x01, 0x04, 0x00, 0x01, 0x01, 0x01, 0x00, 0x02, 0x01, 0x01, 0x00,
    0x10, 0x40, 0x00, 0x00, 0x10, 0x5f, 0x02, 0x00, 0x21, 0x01, 0x04, 0x00,
    0x20, 0x01, 0x02, 0x00, 0x20, 0x40, 0x00, 0x00, 0x70, 0x0e, 0x00, 0x00,
    0x21, 0x40, 0x00, 0x00, 0x10, 0x01, 0x00, 0x00, 0x22, 0x40, 0x00, 0x00,
    0xd0, 0x0d, 0x00, 0x00, 0x0d, 0x01, 0x12, 0x00, 0x2f, 0x01, 0x01, 0x00,
    0x03, 0x00, 0x00, 0x00, 0x00, 0x40, 0x00, 0x00, 0x10, 0xbc, 0x01, 0x00,
    0x10, 0x40, 0x00, 0x00, 0xb0, 0x62, 0x02, 0x00, 0x2f, 0x01, 0x03, 0x00,
    0x03, 0x00, 0x00, 0x00, 0x00, 0x40, 0x00, 0x00, 0x10, 0x5f, 0x02, 0x00,
    0x0b, 0x01, 0x00, 0x00, 0x0c, 0x01, 0x00, 0x00, 0x01, 0x01, 0x00, 0x00,
    0x02, 0x01, 0x00, 0x00, 0x10, 0x40, 0x00, 0x00, 0x50, 0x66, 0x02, 0x00,
    0x21, 0x01, 0x00, 0x00, 0x20, 0x01, 0x00, 0x00, 0x20, 0x40, 0x00, 0x00,
    0x20, 0x10, 0x00, 0x00, 0x21, 0x40, 0x00, 0x00, 0x50, 0x01, 0x00, 0x00,
    0x22, 0x40, 0x00, 0x00, 0x80, 0x0f, 0x00, 0x00, 0x0d, 0x01, 0x0a, 0x00,
    0x2f, 0x01, 0x01, 0x00, 0x02, 0x00, 0x00, 0x00, 0x00, 0x40, 0x00, 0x00,
    0xb0, 0x62, 0x02, 0x00, 0x10, 0x40, 0x00, 0x00, 0xf0, 0x69, 0x02, 0x00,
    0x2f, 0x01, 0x03, 0x00, 0x02, 0x00, 0x00, 0x00, 0x00, 0x40, 0x00, 0x00,
    0x50, 0x66, 0x02, 0x00, 0x01, 0x01, 0x04, 0x00, 0x02, 0x01, 0x04, 0x00,
    0x10, 0x40, 0x00, 0x00, 0x90, 0x6d, 0x02, 0x00, 0x20, 0x01, 0x08, 0x00,
    0x20, 0x40, 0x00, 0x00, 0x10, 0x12, 0x00, 0x00, 0x21, 0x40, 0x00, 0x00,
    0xb0, 0x00, 0x00, 0x00, 0x22, 0x40, 0x00, 0x00, 0x70, 0x11, 0x00, 0x00,
    0x2f, 0x01, 0x01, 0x00, 0x03, 0x00, 0x00, 0x00, 0x00, 0x40, 0x00, 0x00,
    0xf0, 0x69, 0x02, 0x00, 0x10, 0x40, 0x00, 0x00, 0x30, 0x71, 0x02, 0x00,
    0x2f, 0x01, 0x03, 0x00, 0x03, 0x00, 0x00, 0x00, 0x00, 0x40, 0x00, 0x00,
    0x90, 0x6d, 0x02, 0x00, 0x01, 0x01, 0x00, 0x00, 0x02, 0x01, 0x00, 0x00,
    0x10, 0x40, 0x00, 0x00, 0xf0, 0xe3, 0x01, 0x00, 0x20, 0x01, 0x00, 0x00,
    0x20, 0x40, 0x00, 0x00, 0x60, 0x13, 0x00, 0x00, 0x21, 0x40, 0x00, 0x00,
    0x50, 0x01, 0x00, 0x00, 0x22, 0x40, 0x00, 0x00, 0xc0, 0x12, 0x00, 0x00,
    0x2f, 0x01, 0x01, 0x00, 0x02, 0x00, 0x00, 0x00, 0x00, 0x40, 0x00, 0x00,
    0x30, 0x71, 0x02, 0x00, 0x10, 0x40, 0x00, 0x00, 0x90, 0xe7, 0x01, 0x00,
    0x2f, 0x01, 0x03, 0x00, 0x02, 0x00, 0x00, 0x00, 0x00, 0x40, 0x00, 0x00,
    0x30, 0xeb, 0x01, 0x00, 0x02, 0x40, 0x00, 0x00, 0x30, 0xce, 0x01, 0x00,
    0x0b, 0x01, 0x01, 0x00, 0x0c, 0x01, 0x01, 0x00, 0x01, 0x01, 0x01, 0x00,
    0x02, 0x01, 0x01, 0x00, 0x10, 0x40, 0x00, 0x00, 0xd0, 0x74, 0x02, 0x00,
    0x21, 0x01, 0x04, 0x00, 0x20, 0x01, 0x02, 0x00, 0x20, 0x40, 0x00, 0x00,
    0x50, 0x15, 0x00, 0x00, 0x21, 0x40, 0x00, 0x00, 0x10, 0x01, 0x00, 0x00,
    0x22, 0x40, 0x00, 0x00, 0xb0, 0x14, 0x00, 0x00, 0x0d, 0x01, 0x12, 0x00,
    0x2f, 0x01, 0x01, 0x00, 0x03, 0x00, 0x00, 0x00, 0x00, 0x40, 0x00, 0x00,
    0xd0, 0xee, 0x01, 0x00, 0x0b, 0x01, 0x00, 0x00, 0x0c, 0x01, 0x00, 0x00,
    0x10, 0x40, 0x00, 0x00, 0x70, 0x78, 0x02, 0x00, 0x2f, 0x01, 0x03, 0x00,
    0x03, 0x00, 0x00, 0x00, 0x00, 0x40, 0x00, 0x00, 0xd0, 0x74, 0x02, 0x00,
    0x02, 0x40, 0x00, 0x00, 0x00, 0x00, 0x00, 0x00, 0x01, 0x01, 0x00, 0x00,
    0x02, 0x01, 0x00, 0x00, 0x10, 0x40, 0x00, 0x00, 0xb0, 0xf9, 0x01, 0x00,
    0x21, 0x01, 0x00, 0x00, 0x20, 0x01, 0x00, 0x00, 0x20, 0x40, 0x00, 0x00,
    0x00, 0x17, 0x00, 0x00, 0x21, 0x40, 0x00, 0x00, 0x50, 0x01, 0x00, 0x00,
    0x22, 0x40, 0x00, 0x00, 0x60, 0x16, 0x00, 0x00, 0x0d, 0x01, 0x0a, 0x00,
    0x2f, 0x01, 0x01, 0x00, 0x02, 0x00, 0x00, 0x00, 0x00, 0x40, 0x00, 0x00,
    0x70, 0x78, 0x02, 0x00, 0x10, 0x40, 0x00, 0x00, 0x50, 0xfd, 0x01, 0x00,
    0x2f, 0x01, 0x03, 0x00, 0x02, 0x00, 0x00, 0x00, 0x00, 0x40, 0x00, 0x00,
    0x30, 0xce, 0x01, 0x00, 0x0b, 0x01, 0x04, 0x00, 0x0c, 0x01, 0x04, 0x00,
    0x01, 0x01, 0x01, 0x00, 0x02, 0x01, 0x01, 0x00, 0x10, 0x40, 0x00, 0x00,
    0xd0, 0x74, 0x02, 0x00, 0x21, 0x01, 0x04, 0x00, 0x20, 0x01, 0x02, 0x00,
    0x20, 0x40, 0x00, 0x00, 0x50, 0x15, 0x00, 0x00, 0x21, 0x40, 0x00, 0x00,
    0x10, 0x01, 0x00, 0x00, 0x22, 0x40, 0x00, 0x00, 0xb0, 0x14, 0x00, 0x00,
    0x0d, 0x01, 0x12, 0x00, 0x03, 0x00, 0x00, 0x00, 0x00, 0x40, 0x00, 0x00,
    0xd0, 0xd1, 0x01, 0x00, 0x10, 0x40, 0x00, 0x00, 0x70, 0x78, 0x02, 0x00,
    0x03, 0x00, 0x00, 0x00, 0x00, 0x40, 0x00, 0x00, 0xd0, 0x74, 0x02, 0x00,
    0x0b, 0x01, 0x00, 0x00, 0x0c, 0x01, 0x00, 0x00, 0x01, 0x01, 0x00, 0x00,
    0x02, 0x01, 0x00, 0x00, 0x10, 0x40, 0x00, 0x00, 0xf0, 0x00, 0x02, 0x00,
    0x21, 0x01, 0x00, 0x00, 0x20, 0x01, 0x00, 0x00, 0x20, 0x40, 0x00, 0x00,
    0x00, 0x17, 0x00, 0x00, 0x21, 0x40, 0x00, 0x00, 0x50, 0x01, 0x00, 0x00,
    0x22, 0x40, 0x00, 0x00, 0x60, 0x16, 0x00, 0x00, 0x0d, 0x01, 0x0a, 0x00,
    0x2f, 0x01, 0x01, 0x00, 0x02, 0x00, 0x00, 0x00, 0x00, 0x40, 0x00, 0x00,
    0x70, 0x78, 0x02, 0x00, 0x10, 0x40, 0x00, 0x00, 0x90, 0x04, 0x02, 0x00,
    0x2f, 0x01, 0x03, 0x00, 0x02, 0x00, 0x00, 0x00, 0x00, 0x40, 0x00, 0x00,
    0x70, 0xf2, 0x01, 0x00, 0x0b, 0x01, 0x02, 0x00, 0x0c, 0x01, 0x02, 0x00,
    0x01, 0x01, 0x02, 0x00, 0x02, 0x01, 0x02, 0x00, 0x10, 0x40, 0x00, 0x00,
    0xb0, 0x7f, 0x02, 0x00, 0x21, 0x01, 0x02, 0x00, 0x20, 0x01, 0x04, 0x00,
    0x20, 0x40, 0x00, 0x00, 0xf0, 0x18, 0x00, 0x00, 0x21, 0x40, 0x00, 0x00,
    0x10, 0x01, 0x00, 0x00, 0x22, 0x40, 0x00, 0x00, 0x50, 0x18, 0x00, 0x00,
    0x2f, 0x01, 0x01, 0x00, 0x03, 0x00, 0x00, 0x00, 0x00, 0x40, 0x00, 0x00,
    0x10, 0x7c, 0x02, 0x00, 0x0b, 0x01, 0x00, 0x00, 0x0c, 0x01, 0x00, 0x00,
    0x01, 0x01, 0x00, 0x00, 0x02, 0x01, 0x00, 0x00, 0x10, 0x40, 0x00, 0x00,
    0x30, 0x08, 0x02, 0x00, 0x21, 0x01, 0x00, 0x00, 0x20, 0x01, 0x00, 0x00,
    0x20, 0x40, 0x00, 0x00, 0xa0, 0x1a, 0x00, 0x00, 0x21, 0x40, 0x00, 0x00,
    0x50, 0x01, 0x00, 0x00, 0x22, 0x40, 0x00, 0x00, 0x00, 0x1a, 0x00, 0x00,
    0x02, 0x00, 0x00, 0x00, 0x00, 0x40, 0x00, 0x00, 0xb0, 0x7f, 0x02, 0x00,
    0x10, 0x40, 0x00, 0x00, 0xd0, 0x0b, 0x02, 0x00, 0x2f, 0x01, 0x03, 0x00,
    0x02, 0x00, 0x00, 0x00, 0x00, 0x40, 0x00, 0x00, 0x70, 0x0f, 0x02, 0x00,
    0x0b, 0x01, 0x02, 0x00, 0x0c, 0x01, 0x02, 0x00, 0x01, 0x01, 0x02, 0x00,
    0x02, 0x01, 0x02, 0x00, 0x10, 0x40, 0x00, 0x00, 0x32, 0x0a, 0x00, 0x00,
    0x13, 0x01, 0x00, 0x00, 0x15, 0x40, 0x00, 0x00, 0x3a, 0x00, 0x00, 0x00,
    0x14, 0x40, 0x00, 0x00, 0x01, 0x00, 0x00, 0x00, 0x16, 0x40, 0x00, 0x00,
    0x01, 0x00, 0x00, 0x00, 0x18, 0x01, 0x59, 0x00, 0x14, 0x01, 0x01, 0x00,
    0x21, 0x01, 0x02, 0x00, 0x20, 0x01, 0x04, 0x00, 0x22, 0x01, 0x04, 0x00,
    0x20, 0x40, 0x00, 0x00, 0x00, 0x1c, 0x00, 0x00, 0x21, 0x40, 0x00, 0x00,
    0x90, 0x01, 0x00, 0x00, 0x22, 0x40, 0x00, 0x00, 0xf0, 0x1b, 0x00, 0x00,
    0x23, 0x40, 0x00, 0x00, 0x10, 0x00, 0x00, 0x00, 0x17, 0x01, 0x07, 0x00,
    0x2f, 0x01, 0x01, 0x00, 0x02, 0x00, 0x00, 0x00, 0x00, 0x40, 0x00, 0x00,
    0x10, 0x13, 0x02, 0x00, 0x10, 0x40, 0x00, 0x00, 0x6c, 0x0a, 0x00, 0x00,
    0x2f, 0x01, 0x03, 0x00, 0x02, 0x00, 0x00, 0x00, 0x00, 0x40, 0x00, 0x00,
    0xb0, 0x16, 0x02, 0x00, 0x02, 0x40, 0x00, 0x00, 0x30, 0x08, 0x02, 0x00,
    0x0b, 0x01, 0x01, 0x00, 0x0c, 0x01, 0x01, 0x00, 0x10, 0x40, 0x00, 0x00,
    0xa6, 0x0a, 0x00, 0x00, 0x02, 0x00, 0x00, 0x00, 0x00, 0x40, 0x00, 0x00,
    0x50, 0x1a, 0x02, 0x00, 0x0b, 0x01, 0x00, 0x00, 0x0c, 0x01, 0x00, 0x00,
    0x10, 0x40, 0x00, 0x00, 0xe0, 0x0a, 0x00, 0x00, 0x02, 0x00, 0x00, 0x00,
    0x00, 0x40, 0x00, 0x00, 0x10, 0xf6, 0x01, 0x00, 0x02, 0x40, 0x00, 0x00,
    0x00, 0x00, 0x00, 0x00, 0x0b, 0x01, 0x02, 0x00, 0x0c, 0x01, 0x02, 0x00,
    0x10, 0x40, 0x00, 0x00, 0x10, 0x7c, 0x02, 0x00, 0x13, 0x01, 0x0f, 0x00,
    0x15, 0x40, 0x00, 0x00, 0xa0, 0x03, 0x00, 0x00, 0x14, 0x40, 0x00, 0x00,
    0x10, 0x00, 0x00, 0x00, 0x16, 0x40, 0x00, 0x00, 0xa0, 0x03, 0x00, 0x00,
    0x18, 0x01, 0x80, 0xff, 0x14, 0x01, 0x41, 0x00, 0x22, 0x01, 0x00, 0x00,
    0x20, 0x40, 0x00, 0x00, 0xf0, 0x18, 0x00, 0x00, 0x21, 0x40, 0x00, 0x00,
    0x10, 0x01, 0x00, 0x00, 0x22, 0x40, 0x00, 0x00, 0x50, 0x18, 0x00, 0x00,
    0x23, 0x40, 0x00, 0x00, 0xa0, 0x00, 0x00, 0x00, 0x17, 0x01, 0x0f, 0x00,
    0x03, 0x00, 0x00, 0x00, 0x00, 0x40, 0x00, 0x00, 0xb0, 0xf9, 0x01, 0x00,
    0x10, 0x40, 0x00, 0x00, 0xb0, 0x7f, 0x02, 0x00, 0x03, 0x00, 0x00, 0x00,
    0x00, 0x40, 0x00, 0x00, 0x10, 0x7c, 0x02, 0x00, 0x0b, 0x01, 0x00, 0x00,
    0x0c, 0x01, 0x00, 0x00, 0x01, 0x01, 0x00, 0x00, 0x02, 0x01, 0x00, 0x00,
    0x10, 0x40, 0x00, 0x00, 0x70, 0x0f, 0x02, 0x00, 0x21, 0x01, 0x00, 0x00,
    0x20, 0x01, 0x00, 0x00, 0x20, 0x40, 0x00, 0x00, 0xa0, 0x1a, 0x00, 0x00,
    0x21, 0x40, 0x00, 0x00, 0x50, 0x01, 0x00, 0x00, 0x22, 0x40, 0x00, 0x00,
    0x00, 0x1a, 0x00, 0x00, 0x2f, 0x01, 0x01, 0x00, 0x02, 0x00, 0x00, 0x00,
    0x00, 0x40, 0x00, 0x00, 0xb0, 0x7f, 0x02, 0x00, 0x10, 0x40, 0x00, 0x00,
    0x10, 0x13, 0x02, 0x00, 0x2f, 0x01, 0x03, 0x00, 0x02, 0x00, 0x00, 0x00,
    0x00, 0x40, 0x00, 0x00, 0x50, 0xfd, 0x01, 0x00, 0x0b, 0x01, 0x02, 0x00,
    0x0c, 0x01, 0x02, 0x00, 0x01, 0x01, 0x02, 0x00, 0x02, 0x01, 0x02, 0x00,
    0x10, 0x40, 0x00, 0x00, 0x10, 0x7c, 0x02, 0x00, 0x21, 0x01, 0x02, 0x00,
    0x20, 0x01, 0x04, 0x00, 0x20, 0x40, 0x00, 0x00, 0xf0, 0x18, 0x00, 0x00,
    0x21, 0x40, 0x00, 0x00, 0x10, 0x01, 0x00, 0x00, 0x22, 0x40, 0x00, 0x00,
    0x50, 0x18, 0x00, 0x00, 0x03, 0x00, 0x00, 0x00, 0x00, 0x40, 0x00, 0x00,
    0x70, 0xd5, 0x01, 0x00, 0x0b, 0x01, 0x04, 0x00, 0x0c, 0x01, 0x04, 0x00,
    0x01, 0x01, 0x01, 0x00, 0x02, 0x01, 0x01, 0x00, 0x10, 0x40, 0x00, 0x00,
    0xd0, 0x74, 0x02, 0x00, 0x21, 0x01, 0x04, 0x00, 0x20, 0x01, 0x02, 0x00,
    0x20, 0x40, 0x00, 0x00, 0x50, 0x15, 0x00, 0x00, 0x22, 0x40, 0x00, 0x00,
    0xb0, 0x14, 0x00, 0x00, 0x0d, 0x01, 0x12, 0x00, 0x03, 0x00, 0x00, 0x00,
    0x00, 0x40, 0x00, 0x00, 0x10, 0xd9, 0x01, 0x00, 0x10, 0x40, 0x00, 0x00,
    0x70, 0x78, 0x02, 0x00, 0x03, 0x00, 0x00, 0x00, 0x00, 0x40, 0x00, 0x00,
    0xd0, 0x74, 0x02, 0x00, 0x0b, 0x01, 0x00, 0x00, 0x0c, 0x01, 0x00, 0x00,
    0x01, 0x01, 0x00, 0x00, 0x02, 0x01, 0x00, 0x00, 0x10, 0x40, 0x00, 0x00,
    0x70, 0xf2, 0x01, 0x00, 0x21, 0x01, 0x00, 0x00, 0x20, 0x01, 0x00, 0x00,
    0x20, 0x40, 0x00, 0x00, 0x00, 0x17, 0x00, 0x00, 0x21, 0x40, 0x00, 0x00,
    0x50, 0x01, 0x00, 0x00, 0x22, 0x40, 0x00, 0x00, 0x60, 0x16, 0x00, 0x00,
    0x0d, 0x01, 0x0a, 0x00, 0x2f, 0x01, 0x01, 0x00, 0x02, 0x00, 0x00, 0x00,
    0x00, 0x40, 0x00, 0x00, 0x70, 0x78, 0x02, 0x00, 0x10, 0x40, 0x00, 0x00,
    0x10, 0xf6, 0x01, 0x00, 0x2f, 0x01, 0x03, 0x00, 0x02, 0x00, 0x00, 0x00,
    0x00, 0x40, 0x00, 0x00, 0xb0, 0xbf, 0x01, 0x00, 0x02, 0x40, 0x00, 0x00,
    0xf0, 0xa9, 0x01, 0x00, 0x0b, 0x01, 0x03, 0x00, 0x0c, 0x01, 0x03, 0x00,
    0x01, 0x01, 0x01, 0x00, 0x02, 0x01, 0x01, 0x00, 0x10, 0x40, 0x00, 0x00,
    0x10, 0x5f, 0x02, 0x00, 0x21, 0x01, 0x04, 0x00, 0x20, 0x01, 0x02, 0x00,
    0x20, 0x40, 0x00, 0x00, 0x70, 0x0e, 0x00, 0x00, 0x21, 0x40, 0x00, 0x00,
    0x10, 0x01, 0x00, 0x00, 0x22, 0x40, 0x00, 0x00, 0xd0, 0x0d, 0x00, 0x00,
    0x0d, 0x01, 0x12, 0x00, 0x03, 0x00, 0x00, 0x00, 0x00, 0x40, 0x00, 0x00,
    0x50, 0xc3, 0x01, 0x00, 0x0b, 0x01, 0x02, 0x00, 0x0c, 0x01, 0x02, 0x00,
    0x10, 0x40, 0x00, 0x00, 0xb0, 0x62, 0x02, 0x00, 0x03, 0x00, 0x00, 0x00,
    0x00, 0x40, 0x00, 0x00, 0x10, 0x5f, 0x02, 0x00, 0x02, 0x40, 0x00, 0x00,
    0x00, 0x00, 0x00, 0x00, 0x0b, 0x01, 0x00, 0x00, 0x0c, 0x01, 0x00, 0x00,
    0x01, 0x01, 0x00, 0x00, 0x02, 0x01, 0x00, 0x00, 0x10, 0x40, 0x00, 0x00,
    0x50, 0x66, 0x02, 0x00, 0x21, 0x01, 0x00, 0x00, 0x20, 0x01, 0x00, 0x00,
    0x20, 0x40, 0x00, 0x00, 0x20, 0x10, 0x00, 0x00, 0x21, 0x40, 0x00, 0x00,
    0x50, 0x01, 0x00, 0x00, 0x22, 0x40, 0x00, 0x00, 0x80, 0x0f, 0x00, 0x00,
    0x0d, 0x01, 0x0a, 0x00, 0x2f, 0x01, 0x01, 0x00, 0x02, 0x00, 0x00, 0x00,
    0x00, 0x40, 0x00, 0x00, 0xb0, 0x62, 0x02, 0x00, 0x10, 0x40, 0x00, 0x00,
    0xf0, 0x69, 0x02, 0x00, 0x2f, 0x01, 0x03, 0x00, 0x02, 0x00, 0x00, 0x00,
    0x00, 0x40, 0x00, 0x00, 0x50, 0x66, 0x02, 0x00, 0x01, 0x01, 0x04, 0x00,
    0x02, 0x01, 0x04, 0x00, 0x10, 0x40, 0x00, 0x00, 0x90, 0x6d, 0x02, 0x00,
    0x20, 0x01, 0x08, 0x00, 0x20, 0x40, 0x00, 0x00, 0x10, 0x12, 0x00, 0x00,
    0x21, 0x40, 0x00, 0x00, 0xb0, 0x00, 0x00, 0x00, 0x22, 0x40, 0x00, 0x00,
    0x70, 0x11, 0x00, 0x00, 0x2f, 0x01, 0x01, 0x00, 0x03, 0x00, 0x00, 0x00,
    0x00, 0x40, 0x00, 0x00, 0xf0, 0x69, 0x02, 0x00, 0x10, 0x40, 0x00, 0x00,
    0x30, 0x71, 0x02, 0x00, 0x2f, 0x01, 0x03, 0x00, 0x03, 0x00, 0x00, 0x00,
    0x00, 0x40, 0x00, 0x00, 0x90, 0x6d, 0x02, 0x00, 0x01, 0x01, 0x00, 0x00,
    0x02, 0x01, 0x00, 0x00, 0x10, 0x40, 0x00, 0x00, 0x30, 0xeb, 0x01, 0x00,
    0x20, 0x01, 0x00, 0x00, 0x20, 0x40, 0x00, 0x00, 0x60, 0x13, 0x00, 0x00,
    0x21, 0x40, 0x00, 0x00, 0x50, 0x01, 0x00, 0x00, 0x22, 0x40, 0x00, 0x00,
    0xc0, 0x12, 0x00, 0x00, 0x2f, 0x01, 0x01, 0x00, 0x02, 0x00, 0x00, 0x00,
    0x00, 0x40, 0x00, 0x00, 0x30, 0x71, 0x02, 0x00, 0x10, 0x40, 0x00, 0x00,
    0xd0, 0xee, 0x01, 0x00, 0x2f, 0x01, 0x03, 0x00, 0x02, 0x00, 0x00, 0x00,
    0x00, 0x40, 0x00, 0x00, 0xf0, 0xc6, 0x01, 0x00, 0x02, 0x40, 0x00, 0x00,
    0xf0, 0xa9, 0x01, 0x00, 0x0b, 0x01, 0x01, 0x00, 0x0c, 0x01, 0x01, 0x00,
    0x01, 0x01, 0x01, 0x00, 0x02, 0x01, 0x01, 0x00, 0x10, 0x40, 0x00, 0x00,
    0x10, 0x5f, 0x02, 0x00, 0x21, 0x01, 0x04, 0x00, 0x20, 0x01, 0x02, 0x00,
    0x20, 0x40, 0x00, 0x00, 0x70, 0x0e, 0x00, 0x00, 0x21, 0x40, 0x00, 0x00,
    0x10, 0x01, 0x00, 0x00, 0x22, 0x40, 0x00, 0x00, 0xd0, 0x0d, 0x00, 0x00,
    0x0d, 0x01, 0x12, 0x00, 0x03, 0x00, 0x00, 0x00, 0x00, 0x40, 0x00, 0x00,
    0x90, 0xca, 0x01, 0x00, 0x0b, 0x01, 0x00, 0x00, 0x0c, 0x01, 0x00, 0x00,
    0x10, 0x40, 0x00, 0x00, 0xb0, 0x62, 0x02, 0x00, 0x03, 0x00, 0x00, 0x00,
    0x00, 0x40, 0x00, 0x00, 0x10, 0x5f, 0x02, 0x00, 0x02, 0x40, 0x00, 0x00,
    0x00, 0x00, 0x00, 0x00, 0x01, 0x01, 0x00, 0x00, 0x02, 0x01, 0x00, 0x00,
    0x10, 0x40, 0x00, 0x00, 0x50, 0x66, 0x02, 0x00, 0x21, 0x01, 0x00, 0x00,
    0x20, 0x01, 0x00, 0x00, 0x20, 0x40, 0x00, 0x00, 0x20, 0x10, 0x00, 0x00,
    0x21, 0x40, 0x00, 0x00, 0x50, 0x01, 0x00, 0x00, 0x22, 0x40, 0x00, 0x00,
    0x80, 0x0f, 0x00, 0x00, 0x0d, 0x01, 0x0a, 0x00, 0x2f, 0x01, 0x01, 0x00,
    0x02, 0x00, 0x00, 0x00, 0x00, 0x40, 0x00, 0x00, 0xb0, 0x62, 0x02, 0x00,
    0x10, 0x40, 0x00, 0x00, 0xf0, 0x69, 0x02, 0x00, 0x2f, 0x01, 0x03, 0x00,
    0x02, 0x00, 0x00, 0x00, 0x00, 0x40, 0x00, 0x00, 0x50, 0x66, 0x02, 0x00,
    0x01, 0x01, 0x04, 0x00, 0x02, 0x01, 0x04, 0x00, 0x10, 0x40, 0x00, 0x00,
    0x90, 0x6d, 0x02, 0x00, 0x20, 0x01, 0x08, 0x00, 0x20, 0x40, 0x00, 0x00,
    0x10, 0x12, 0x00, 0x00, 0x21, 0x40, 0x00, 0x00, 0xb0, 0x00, 0x00, 0x00,
    0x22, 0x40, 0x00, 0x00, 0x70, 0x11, 0x00, 0x00, 0x2f, 0x01, 0x01, 0x00,
    0x03, 0x00, 0x00, 0x00, 0x00, 0x40, 0x00, 0x00, 0xf0, 0x69, 0x02, 0x00,
    0x10, 0x40, 0x00, 0x00, 0x30, 0x71, 0x02, 0x00, 0x2f, 0x01, 0x03, 0x00,
    0x03, 0x00, 0x00, 0x00, 0x00, 0x40, 0x00, 0x00, 0x90, 0x6d, 0x02, 0x00,
    0x01, 0x01, 0x00, 0x00, 0x02, 0x01, 0x00, 0x00, 0x10, 0x40, 0x00, 0x00,
    0x30, 0xce, 0x01, 0x00, 0x20, 0x01, 0x00, 0x00, 0x20, 0x40, 0x00, 0x00,
    0x60, 0x13, 0x00, 0x00, 0x21, 0x40, 0x00, 0x00, 0x50, 0x01, 0x00, 0x00,
    0x22, 0x40, 0x00, 0x00, 0xc0, 0x12, 0x00, 0x00, 0x2f, 0x01, 0x01, 0x00,
    0x02, 0x00, 0x00, 0x00, 0x00, 0x40, 0x00, 0x00, 0x30, 0x71, 0x02, 0x00,
    0x10, 0x40, 0x00, 0x00, 0xd0, 0xd1, 0x01, 0x00, 0x2f, 0x01, 0x03, 0x00,
    0x02, 0x00, 0x00, 0x00, 0x00, 0x40, 0x00, 0x00, 0xf0, 0x8c, 0x01, 0x00,
    0x0b, 0x01, 0x04, 0x00, 0x0c, 0x01, 0x04, 0x00, 0x01, 0x01, 0x01, 0x00,
    0x02, 0x01, 0x01, 0x00, 0x10, 0x40, 0x00, 0x00, 0x50, 0x49, 0x02, 0x00,
    0x21, 0x01, 0x04, 0x00, 0x20, 0x01, 0x02, 0x00, 0x20, 0x40, 0x00, 0x00,
    0x70, 0x07, 0x00, 0x00, 0x21, 0x40, 0x00, 0x00, 0x10, 0x01, 0x00, 0x00,
    0x22, 0x40, 0x00, 0x00, 0xd0, 0x06, 0x00, 0x00, 0x0d, 0x01, 0x12, 0x00,
    0x03, 0x00, 0x00, 0x00, 0x00, 0x40, 0x00, 0x00, 0x90, 0x90, 0x01, 0x00,
    0x10, 0x40, 0x00, 0x00, 0xf0, 0x4c, 0x02, 0x00, 0x03, 0x00, 0x00, 0x00,
    0x00, 0x40, 0x00, 0x00, 0x50, 0x49, 0x02, 0x00, 0x0b, 0x01, 0x00, 0x00,
    0x0c, 0x01, 0x00, 0x00, 0x01, 0x01, 0x00, 0x00, 0x02, 0x01, 0x00, 0x00,
    0x10, 0x40, 0x00, 0x00, 0x90, 0x50, 0x02, 0x00, 0x21, 0x01, 0x00, 0x00,
    0x20, 0x01, 0x00, 0x00, 0x20, 0x40, 0x00, 0x00, 0x20, 0x09, 0x00, 0x00,
    0x21, 0x40, 0x00, 0x00, 0x50, 0x01, 0x00, 0x00, 0x22, 0x40, 0x00, 0x00,
    0x80, 0x08, 0x00, 0x00, 0x0d, 0x01, 0x0a, 0x00, 0x2f, 0x01, 0x01, 0x00,
    0x02, 0x00, 0x00, 0x00, 0x00, 0x40, 0x00, 0x00, 0xf0, 0x4c, 0x02, 0x00,
    0x10, 0x40, 0x00, 0x00, 0x30, 0x54, 0x02, 0x00, 0x2f, 0x01, 0x03, 0x00,
    0x02, 0x00, 0x00, 0x00, 0x00, 0x40, 0x00, 0x00, 0x90, 0x50, 0x02, 0x00,
    0x01, 0x01, 0x04, 0x00, 0x02, 0x01, 0x04, 0x00, 0x10, 0x40, 0x00, 0x00,
    0xd0, 0x57, 0x02, 0x00, 0x20, 0x01, 0x08, 0x00, 0x20, 0x40, 0x00, 0x00,
    0x10, 0x0b, 0x00, 0x00, 0x21, 0x40, 0x00, 0x00, 0xd0, 0x00, 0x00, 0x00,
    0x22, 0x40, 0x00, 0x00, 0x70, 0x0a, 0x00, 0x00, 0x2f, 0x01, 0x01, 0x00,
    0x03, 0x00, 0x00, 0x00, 0x00, 0x40, 0x00, 0x00, 0x30, 0x54, 0x02, 0x00,
    0x10, 0x40, 0x00, 0x00, 0x70, 0x5b, 0x02, 0x00, 0x2f, 0x01, 0x03, 0x00,
    0x03, 0x00, 0x00, 0x00, 0x00, 0x40, 0x00, 0x00, 0xd0, 0x57, 0x02, 0x00,
    0x01, 0x01, 0x00, 0x00, 0x02, 0x01, 0x00, 0x00, 0x10, 0x40, 0x00, 0x00,
    0x70, 0xb8, 0x01, 0x00, 0x20, 0x01, 0x00, 0x00, 0x20, 0x40, 0x00, 0x00,
    0x80, 0x0c, 0x00, 0x00, 0x21, 0x40, 0x00, 0x00, 0x50, 0x01, 0x00, 0x00,
    0x22, 0x40, 0x00, 0x00, 0xe0, 0x0b, 0x00, 0x00, 0x2f, 0x01, 0x01, 0x00,
    0x02, 0x00, 0x00, 0x00, 0x00, 0x40, 0x00, 0x00, 0x70, 0x5b, 0x02, 0x00,
    0x10, 0x40, 0x00, 0x00, 0x10, 0xbc, 0x01, 0x00, 0x2f, 0x01, 0x03, 0x00,
    0x02, 0x00, 0x00, 0x00, 0x00, 0x40, 0x00, 0x00, 0x30, 0x94, 0x01, 0x00,
    0x0b, 0x01, 0x04, 0x00, 0x0c, 0x01, 0x04, 0x00, 0x01, 0x01, 0x01, 0x00,
    0x02, 0x01, 0x01, 0x00, 0x10, 0x40, 0x00, 0x00, 0x50, 0x49, 0x02, 0x00,
    0x21, 0x01, 0x04, 0x00, 0x20, 0x01, 0x02, 0x00, 0x20, 0x40, 0x00, 0x00,
    0x70, 0x07, 0x00, 0x00, 0x21, 0x40, 0x00, 0x00, 0x10, 0x01, 0x00, 0x00,
    0x22, 0x40, 0x00, 0x00, 0xd0, 0x06, 0x00, 0x00, 0x0d, 0x01, 0x12, 0x00,
    0x03, 0x00, 0x00, 0x00, 0x00, 0x40, 0x00, 0x00, 0xd0, 0x97, 0x01, 0x00,
    0x10, 0x40, 0x00, 0x00, 0xf0, 0x4c, 0x02, 0x00, 0x03, 0x00, 0x00, 0x00,
    0x00, 0x40, 0x00, 0x00, 0x50, 0x49, 0x02, 0x00, 0x0b, 0x01, 0x00, 0x00,
    0x0c, 0x01, 0x00, 0x00, 0x01, 0x01, 0x00, 0x00, 0x02, 0x01, 0x00, 0x00,
    0x10, 0x40, 0x00, 0x00, 0x90, 0x50, 0x02, 0x00, 0x21, 0x01, 0x00, 0x00,
    0x20, 0x01, 0x00, 0x00, 0x20, 0x40, 0x00, 0x00, 0x20, 0x09, 0x00, 0x00,
    0x21, 0x40, 0x00, 0x00, 0x50, 0x01, 0x00, 0x00, 0x22, 0x40, 0x00, 0x00,
    0x80, 0x08, 0x00, 0x00, 0x0d, 0x01, 0x0a, 0x00, 0x2f, 0x01, 0x01, 0x00,
    0x02, 0x00, 0x00, 0x00, 0x00, 0x40, 0x00, 0x00, 0xf0, 0x4c, 0x02, 0x00,
    0x10, 0x40, 0x00, 0x00, 0x30, 0x54, 0x02, 0x00, 0x2f, 0x01, 0x03, 0x00,
    0x02, 0x00, 0x00, 0x00, 0x00, 0x40, 0x00, 0x00, 0x90, 0x50, 0x02, 0x00,
    0x01, 0x01, 0x04, 0x00, 0x02, 0x01, 0x04, 0x00, 0x10, 0x40, 0x00, 0x00,
    0xd0, 0x57, 0x02, 0x00, 0x20, 0x01, 0x08, 0x00, 0x20, 0x40, 0x00, 0x00,
    0x10, 0x0b, 0x00, 0x00, 0x21, 0x40, 0x00, 0x00, 0xd0, 0x00, 0x00, 0x00,
    0x22, 0x40, 0x00, 0x00, 0x70, 0x0a, 0x00, 0x00, 0x2f, 0x01, 0x01, 0x00,
    0x03, 0x00, 0x00, 0x00, 0x00, 0x40, 0x00, 0x00, 0x30, 0x54, 0x02, 0x00,
    0x10, 0x40, 0x00, 0x00, 0x70, 0x5b, 0x02, 0x00, 0x2f, 0x01, 0x03, 0x00,
    0x03, 0x00, 0x00, 0x00, 0x00, 0x40, 0x00, 0x00, 0xd0, 0x57, 0x02, 0x00,
    0x01, 0x01, 0x00, 0x00, 0x02, 0x01, 0x00, 0x00, 0x10, 0x40, 0x00, 0x00,
    0xb0, 0xbf, 0x01, 0x00, 0x20, 0x01, 0x00, 0x00, 0x20, 0x40, 0x00, 0x00,
    0x80, 0x0c, 0x00, 0x00, 0x21, 0x40, 0x00, 0x00, 0x50, 0x01, 0x00, 0x00,
    0x22, 0x40, 0x00, 0x00, 0xe0, 0x0b, 0x00, 0x00, 0x2f, 0x01, 0x01, 0x00,
    0x02, 0x00, 0x00, 0x00, 0x00, 0x40, 0x00, 0x00, 0x70, 0x5b, 0x02, 0x00,
    0x10, 0x40, 0x00, 0x00, 0x50, 0xc3, 0x01, 0x00, 0x2f, 0x01, 0x03, 0x00,
    0x02, 0x00, 0x00, 0x00, 0x00, 0x40, 0x00, 0x00, 0xb0, 0x12, 0x01, 0x00,
    0x0b, 0x01, 0x01, 0x00, 0x0c, 0x01, 0x01, 0x00, 0x0a, 0x01, 0x72, 0x00,
    0x04, 0x01, 0x03, 0x00, 0x05, 0x40, 0x00, 0x00, 0xcc, 0x01, 0x00, 0x00,
    0x04, 0x40, 0x00, 0x00, 0x04, 0x00, 0x00, 0x00, 0x06, 0x40, 0x00, 0x00,
    0x01, 0x00, 0x00, 0x00, 0x09, 0x01, 0x00, 0x00, 0x05, 0x01, 0x01, 0x00,
    0x10, 0x40, 0x00, 0x00, 0xf0, 0x1d, 0x02, 0x00, 0x11, 0x01, 0x72, 0x00,
    0x1a, 0x01, 0x72, 0x00, 0x13, 0x01, 0x03, 0x00, 0x15, 0x40, 0x00, 0x00,
    0x30, 0x07, 0x00, 0x00, 0x16, 0x40, 0x00, 0x00, 0x30, 0x07, 0x00, 0x00,
    0x18, 0x01, 0x00, 0x00, 0x14, 0x01, 0x41, 0x81, 0x21, 0x01, 0x01, 0x00,
    0x22, 0x01, 0x02, 0x00, 0x15, 0x01, 0x15, 0x00, 0x17, 0x01, 0x07, 0x00,
    0x05, 0x00, 0x01, 0x00, 0x00, 0x40, 0x00, 0x00, 0x48, 0x16, 0x01, 0x00,
    0x10, 0x40, 0x00, 0x00, 0x20, 0x25, 0x02, 0x00, 0x05, 0x00, 0x01, 0x00,
    0x00, 0x40, 0x00, 0x00, 0xf0, 0x1d, 0x02, 0x00, 0x0b, 0x01, 0x00, 0x00,
    0x0c, 0x01, 0x00, 0x00, 0x05, 0x40, 0x00, 0x00, 0x30, 0x07, 0x00, 0x00,
    0x04, 0x40, 0x00, 0x00, 0x10, 0x00, 0x00, 0x00, 0x06, 0x40, 0x00, 0x00,
    0x30, 0x07, 0x00, 0x00, 0x09, 0x01, 0xff, 0xff, 0x05, 0x01, 0x41, 0x00,
    0x01, 0x01, 0x01, 0x00, 0x02, 0x01, 0x01, 0x00, 0x10, 0x40, 0x00, 0x00,
    0x50, 0x2c, 0x02, 0x00, 0x11, 0x01, 0x39, 0x00, 0x1a, 0x01, 0x39, 0x00,
    0x13, 0x01, 0x0b, 0x00, 0x15, 0x40, 0x00, 0x00, 0xa0, 0x03, 0x00, 0x00,
    0x16, 0x40, 0x00, 0x00, 0xa0, 0x03, 0x00, 0x00, 0x18, 0x01, 0x80, 0xff,
    0x14, 0x01, 0x41, 0x00, 0x21, 0x01, 0x00, 0x00, 0x20, 0x01, 0x02, 0x00,
    0x22, 0x01, 0x05, 0x00, 0x20, 0x40, 0x00, 0x00, 0x80, 0x00, 0x00, 0x00,
    0x21, 0x40, 0x00, 0x00, 0x00, 0x01, 0x00, 0x00, 0x22, 0x40, 0x00, 0x00,
    0x00, 0x00, 0x00, 0x00, 0x23, 0x40, 0x00, 0x00, 0x80, 0x00, 0x00, 0x00,
    0x15, 0x01, 0x39, 0x00, 0x17, 0x01, 0x0f, 0x00, 0x2f, 0x01, 0x01, 0x00,
    0x02, 0x00, 0x00, 0x00, 0x00, 0x40, 0x00, 0x00, 0x20, 0x25, 0x02, 0x00,
    0x10, 0x40, 0x00, 0x00, 0xf0, 0x2f, 0x02, 0x00, 0x2f, 0x01, 0x03, 0x00,
    0x02, 0x00, 0x00, 0x00, 0x00, 0x40, 0x00, 0x00, 0x50, 0x2c, 0x02, 0x00,
    0x0a, 0x01, 0x39, 0x00, 0x04, 0x01, 0x0b, 0x00, 0x05, 0x40, 0x00, 0x00,
    0xa0, 0x03, 0x00, 0x00, 0x06, 0x40, 0x00, 0x00, 0xa0, 0x03, 0x00, 0x00,
    0x09, 0x01, 0x80, 0xff, 0x01, 0x01, 0x03, 0x00, 0x02, 0x01, 0x03, 0x00,
    0x10, 0x40, 0x00, 0x00, 0x90, 0x33, 0x02, 0x00, 0x20, 0x01, 0x06, 0x00,
    0x22, 0x01, 0x00, 0x00, 0x20, 0x40, 0x00, 0x00, 0x00, 0x02, 0x00, 0x00,
    0x21, 0x40, 0x00, 0x00, 0x90, 0x00, 0x00, 0x00, 0x22, 0x40, 0x00, 0x00,
    0x80, 0x01, 0x00, 0x00, 0x2f, 0x01, 0x01, 0x00, 0x03, 0x00, 0x00, 0x00,
    0x00, 0x40, 0x00, 0x00, 0xf0, 0x2f, 0x02, 0x00, 0x10, 0x40, 0x00, 0x00,
    0x30, 0x37, 0x02, 0x00, 0x2f, 0x01, 0x03, 0x00, 0x03, 0x00, 0x00, 0x00,
    0x00, 0x40, 0x00, 0x00, 0x90, 0x33, 0x02, 0x00, 0x01, 0x01, 0x00, 0x00,
    0x02, 0x01, 0x00, 0x00, 0x10, 0x40, 0x00, 0x00, 0xd0, 0x3a, 0x02, 0x00,
    0x20, 0x01, 0x00, 0x00, 0x20, 0x40, 0x00, 0x00, 0x10, 0x03, 0x00, 0x00,
    0x21, 0x40, 0x00, 0x00, 0xe0, 0x00, 0x00, 0x00, 0x22, 0x40, 0x00, 0x00,
    0x90, 0x02, 0x00, 0x00, 0x2f, 0x01, 0x01, 0x00, 0x02, 0x00, 0x00, 0x00,
    0x00, 0x40, 0x00, 0x00, 0x30, 0x37, 0x02, 0x00, 0x10, 0x40, 0x00, 0x00,
    0x70, 0x3e, 0x02, 0x00, 0x2f, 0x01, 0x03, 0x00, 0x02, 0x00, 0x00, 0x00,
    0x00, 0x40, 0x00, 0x00, 0xd0, 0x3a, 0x02, 0x00, 0x01, 0x01, 0x04, 0x00,
    0x02, 0x01, 0x04, 0x00, 0x10, 0x40, 0x00, 0x00, 0x10, 0x42, 0x02, 0x00,
    0x20, 0x01, 0x08, 0x00, 0x20, 0x40, 0x00, 0x00, 0x70, 0x04, 0x00, 0x00,
    0x21, 0x40, 0x00, 0x00, 0xb0, 0x00, 0x00, 0x00, 0x22, 0x40, 0x00, 0x00,
    0xf0, 0x03, 0x00, 0x00, 0x2f, 0x01, 0x01, 0x00, 0x03, 0x00, 0x00, 0x00,
    0x00, 0x40, 0x00, 0x00, 0x70, 0x3e, 0x02, 0x00, 0x10, 0x40, 0x00, 0x00,
    0xb0, 0x45, 0x02, 0x00, 0x2f, 0x01, 0x03, 0x00, 0x03, 0x00, 0x00, 0x00,
    0x00, 0x40, 0x00, 0x00, 0x10, 0x42, 0x02, 0x00, 0x01, 0x01, 0x00, 0x00,
    0x02, 0x01, 0x00, 0x00, 0x10, 0x40, 0x00, 0x00, 0xb0, 0x85, 0x01, 0x00,
    0x13, 0x01, 0x0f, 0x00, 0x20, 0x01, 0x00, 0x00, 0x20, 0x40, 0x00, 0x00,
    0xc0, 0x05, 0x00, 0x00, 0x21, 0x40, 0x00, 0x00, 0x10, 0x01, 0x00, 0x00,
    0x22, 0x40, 0x00, 0x00, 0x20, 0x05, 0x00, 0x00, 0x23, 0x40, 0x00, 0x00,
    0xa0, 0x00, 0x00, 0x00, 0x2f, 0x01, 0x01, 0x00, 0x02, 0x00, 0x00, 0x00,
    0x00, 0x40, 0x00, 0x00, 0xb0, 0x45, 0x02, 0x00, 0x10, 0x40, 0x00, 0x00,
    0x50, 0x89, 0x01, 0x00, 0x2f, 0x01, 0x03, 0x00, 0x02, 0x00, 0x00, 0x00,
    0x00, 0x40, 0x00, 0x00, 0xe0, 0x19, 0x01, 0x00, 0x0b, 0x01, 0x01, 0x00,
    0x0c, 0x01, 0x01, 0x00, 0x0a, 0x01, 0x72, 0x00, 0x04, 0x01, 0x03, 0x00,
    0x05, 0x40, 0x00, 0x00, 0xcc, 0x01, 0x00, 0x00, 0x04, 0x40, 0x00, 0x00,
    0x04, 0x00, 0x00, 0x00, 0x06, 0x40, 0x00, 0x00, 0x01, 0x00, 0x00, 0x00,
    0x09, 0x01, 0x00, 0x00, 0x05, 0x01, 0x01, 0x00, 0x10, 0x40, 0x00, 0x00,
    0xf0, 0x1d, 0x02, 0x00, 0x11, 0x01, 0x72, 0x00, 0x1a, 0x01, 0x72, 0x00,
    0x13, 0x01, 0x03, 0x00, 0x15, 0x40, 0x00, 0x00, 0x30, 0x07, 0x00, 0x00,
    0x16, 0x40, 0x00, 0x00, 0x30, 0x07, 0x00, 0x00, 0x18, 0x01, 0x00, 0x00,
    0x14, 0x01, 0x41, 0x81, 0x21, 0x01, 0x01, 0x00, 0x22, 0x01, 0x02, 0x00,
    0x15, 0x01, 0x15, 0x00, 0x17, 0x01, 0x07, 0x00, 0x05, 0x00, 0x01, 0x00,
    0x00, 0x40, 0x00, 0x00, 0x78, 0x1d, 0x01, 0x00, 0x10, 0x40, 0x00, 0x00,
    0x20, 0x25, 0x02, 0x00, 0x05, 0x00, 0x01, 0x00, 0x00, 0x40, 0x00, 0x00,
    0xf0, 0x1d, 0x02, 0x00, 0x0b, 0x01, 0x00, 0x00, 0x0c, 0x01, 0x00, 0x00,
    0x05, 0x40, 0x00, 0x00, 0x30, 0x07, 0x00, 0x00, 0x04, 0x40, 0x00, 0x00,
    0x10, 0x00, 0x00, 0x00, 0x06, 0x40, 0x00, 0x00, 0x30, 0x07, 0x00, 0x00,
    0x09, 0x01, 0xff, 0xff, 0x05, 0x01, 0x41, 0x00, 0x01, 0x01, 0x01, 0x00,
    0x02, 0x01, 0x01, 0x00, 0x10, 0x40, 0x00, 0x00, 0x50, 0x2c, 0x02, 0x00,
    0x11, 0x01, 0x39, 0x00, 0x1a, 0x01, 0x39, 0x00, 0x13, 0x01, 0x0b, 0x00,
    0x15, 0x40, 0x00, 0x00, 0xa0, 0x03, 0x00, 0x00, 0x16, 0x40, 0x00, 0x00,
    0xa0, 0x03, 0x00, 0x00, 0x18, 0x01, 0x80, 0xff, 0x14, 0x01, 0x41, 0x00,
    0x21, 0x01, 0x00, 0x00, 0x20, 0x01, 0x02, 0x00, 0x22, 0x01, 0x05, 0x00,
    0x20, 0x40, 0x00, 0x00, 0x80, 0x00, 0x00, 0x00, 0x21, 0x40, 0x00, 0x00,
    0x00, 0x01, 0x00, 0x00, 0x22, 0x40, 0x00, 0x00, 0x00, 0x00, 0x00, 0x00,
    0x23, 0x40, 0x00, 0x00, 0x80, 0x00, 0x00, 0x00, 0x15, 0x01, 0x39, 0x00,
    0x17, 0x01, 0x0f, 0x00, 0x2f, 0x01, 0x01, 0x00, 0x02, 0x00, 0x00, 0x00,
    0x00, 0x40, 0x00, 0x00, 0x20, 0x25, 0x02, 0x00, 0x10, 0x40, 0x00, 0x00,
    0xf0, 0x2f, 0x02, 0x00, 0x2f, 0x01, 0x03, 0x00, 0x02, 0x00, 0x00, 0x00,
    0x00, 0x40, 0x00, 0x00, 0x50, 0x2c, 0x02, 0x00, 0x0a, 0x01, 0x39, 0x00,
    0x04, 0x01, 0x0b, 0x00, 0x05, 0x40, 0x00, 0x00, 0xa0, 0x03, 0x00, 0x00,
    0x06, 0x40, 0x00, 0x00, 0xa0, 0x03, 0x00, 0x00, 0x09, 0x01, 0x80, 0xff,
    0x01, 0x01, 0x03, 0x00, 0x02, 0x01, 0x03, 0x00, 0x10, 0x40, 0x00, 0x00,
    0x90, 0x33, 0x02, 0x00, 0x20, 0x01, 0x06, 0x00, 0x22, 0x01, 0x00, 0x00,
    0x20, 0x40, 0x00, 0x00, 0x00, 0x02, 0x00, 0x00, 0x21, 0x40, 0x00, 0x00,
    0x90, 0x00, 0x00, 0x00, 0x22, 0x40, 0x00, 0x00, 0x80, 0x01, 0x00, 0x00,
    0x2f, 0x01, 0x01, 0x00, 0x03, 0x00, 0x00, 0x00, 0x00, 0x40, 0x00, 0x00,
    0xf0, 0x2f, 0x02, 0x00, 0x10, 0x40, 0x00, 0x00, 0x30, 0x37, 0x02, 0x00,
    0x2f, 0x01, 0x03, 0x00, 0x03, 0x00, 0x00, 0x00, 0x00, 0x40, 0x00, 0x00,
    0x90, 0x33, 0x02, 0x00, 0x01, 0x01, 0x00, 0x00, 0x02, 0x01, 0x00, 0x00,
    0x10, 0x40, 0x00, 0x00, 0xd0, 0x3a, 0x02, 0x00, 0x20, 0x01, 0x00, 0x00,
    0x20, 0x40, 0x00, 0x00, 0x10, 0x03, 0x00, 0x00, 0x21, 0x40, 0x00, 0x00,
    0xe0, 0x00, 0x00, 0x00, 0x22, 0x40, 0x00, 0x00, 0x90, 0x02, 0x00, 0x00,
    0x2f, 0x01, 0x01, 0x00, 0x02, 0x00, 0x00, 0x00, 0x00, 0x40, 0x00, 0x00,
    0x30, 0x37, 0x02, 0x00, 0x10, 0x40, 0x00, 0x00, 0x70, 0x3e, 0x02, 0x00,
    0x2f, 0x01, 0x03, 0x00, 0x02, 0x00, 0x00, 0x00, 0x00, 0x40, 0x00, 0x00,
    0xd0, 0x3a, 0x02, 0x00, 0x01, 0x01, 0x04, 0x00, 0x02, 0x01, 0x04, 0x00,
    0x10, 0x40, 0x00, 0x00, 0x10, 0x42, 0x02, 0x00, 0x20, 0x01, 0x08, 0x00,
    0x20, 0x40, 0x00, 0x00, 0x70, 0x04, 0x00, 0x00, 0x21, 0x40, 0x00, 0x00,
    0xb0, 0x00, 0x00, 0x00, 0x22, 0x40, 0x00, 0x00, 0xf0, 0x03, 0x00, 0x00,
    0x2f, 0x01, 0x01, 0x00, 0x03, 0x00, 0x00, 0x00, 0x00, 0x40, 0x00, 0x00,
    0x70, 0x3e, 0x02, 0x00, 0x10, 0x40, 0x00, 0x00, 0xb0, 0x45, 0x02, 0x00,
    0x2f, 0x01, 0x03, 0x00, 0x03, 0x00, 0x00, 0x00, 0x00, 0x40, 0x00, 0x00,
    0x10, 0x42, 0x02, 0x00, 0x01, 0x01, 0x00, 0x00, 0x02, 0x01, 0x00, 0x00,
    0x10, 0x40, 0x00, 0x00, 0xf0, 0x8c, 0x01, 0x00, 0x13, 0x01, 0x0f, 0x00,
    0x20, 0x01, 0x00, 0x00, 0x20, 0x40, 0x00, 0x00, 0xc0, 0x05, 0x00, 0x00,
    0x21, 0x40, 0x00, 0x00, 0x10, 0x01, 0x00, 0x00, 0x22, 0x40, 0x00, 0x00,
    0x20, 0x05, 0x00, 0x00, 0x23, 0x40, 0x00, 0x00, 0xa0, 0x00, 0x00, 0x00,
    0x2f, 0x01, 0x01, 0x00, 0x02, 0x00, 0x00, 0x00, 0x00, 0x40, 0x00, 0x00,
    0xb0, 0x45, 0x02, 0x00, 0x10, 0x40, 0x00, 0x00, 0x90, 0x90, 0x01, 0x00,
    0x2f, 0x01, 0x03, 0x00, 0x02, 0x00, 0x00, 0x00, 0x00, 0x40, 0x00, 0x00,
    0x10, 0x21, 0x01, 0x00, 0x0b, 0x01, 0x01, 0x00, 0x0c, 0x01, 0x01, 0x00,
    0x0a, 0x01, 0x72, 0x00, 0x04, 0x01, 0x03, 0x00, 0x05, 0x40, 0x00, 0x00,
    0xcc, 0x01, 0x00, 0x00, 0x04, 0x40, 0x00, 0x00, 0x04, 0x00, 0x00, 0x00,
    0x06, 0x40, 0x00, 0x00, 0x01, 0x00, 0x00, 0x00, 0x09, 0x01, 0x00, 0x00,
    0x05, 0x01, 0x01, 0x00, 0x10, 0x40, 0x00, 0x00, 0xf0, 0x1d, 0x02, 0x00,
    0x11, 0x01, 0x72, 0x00, 0x1a, 0x01, 0x72, 0x00, 0x13, 0x01, 0x03, 0x00,
    0x15, 0x40, 0x00, 0x00, 0x30, 0x07, 0x00, 0x00, 0x16, 0x40, 0x00, 0x00,
    0x30, 0x07, 0x00, 0x00, 0x18, 0x01, 0x00, 0x00, 0x14, 0x01, 0x41, 0x81,
    0x21, 0x01, 0x01, 0x00, 0x22, 0x01, 0x02, 0x00, 0x15, 0x01, 0x15, 0x00,
    0x17, 0x01, 0x07, 0x00, 0x05, 0x00, 0x01, 0x00, 0x00, 0x40, 0x00, 0x00,
    0xa8, 0x24, 0x01, 0x00, 0x10, 0x40, 0x00, 0x00, 0x20, 0x25, 0x02, 0x00,
    0x05, 0x00, 0x01, 0x00, 0x00, 0x40, 0x00, 0x00, 0xf0, 0x1d, 0x02, 0x00,
    0x0b, 0x01, 0x00, 0x00, 0x0c, 0x01, 0x00, 0x00, 0x05, 0x40, 0x00, 0x00,
    0x30, 0x07, 0x00, 0x00, 0x04, 0x40, 0x00, 0x00, 0x10, 0x00, 0x00, 0x00,
    0x06, 0x40, 0x00, 0x00, 0x30, 0x07, 0x00, 0x00, 0x09, 0x01, 0xff, 0xff,
    0x05, 0x01, 0x41, 0x00, 0x01, 0x01, 0x01, 0x00, 0x02, 0x01, 0x01, 0x00,
    0x10, 0x40, 0x00, 0x00, 0x50, 0x2c, 0x02, 0x00, 0x11, 0x01, 0x39, 0x00,
    0x1a, 0x01, 0x39, 0x00, 0x13, 0x01, 0x0b, 0x00, 0x15, 0x40, 0x00, 0x00,
    0xa0, 0x03, 0x00, 0x00, 0x16, 0x40, 0x00, 0x00, 0xa0, 0x03, 0x00, 0x00,
    0x18, 0x01, 0x80, 0xff, 0x14, 0x01, 0x41, 0x00, 0x21, 0x01, 0x00, 0x00,
    0x20, 0x01, 0x02, 0x00, 0x22, 0x01, 0x05, 0x00, 0x20, 0x40, 0x00, 0x00,
    0x80, 0x00, 0x00, 0x00, 0x21, 0x40, 0x00, 0x00, 0x00, 0x01, 0x00, 0x00,
    0x22, 0x40, 0x00, 0x00, 0x00, 0x00, 0x00, 0x00, 0x23, 0x40, 0x00, 0x00,
    0x80, 0x00, 0x00, 0x00, 0x15, 0x01, 0x39, 0x00, 0x17, 0x01, 0x0f, 0x00,
    0x2f, 0x01, 0x01, 0x00, 0x02, 0x00, 0x00, 0x00, 0x00, 0x40, 0x00, 0x00,
    0x20, 0x25, 0x02, 0x00, 0x10, 0x40, 0x00, 0x00, 0xf0, 0x2f, 0x02, 0x00,
    0x2f, 0x01, 0x03, 0x00, 0x02, 0x00, 0x00, 0x00, 0x00, 0x40, 0x00, 0x00,
    0x50, 0x2c, 0x02, 0x00, 0x0a, 0x01, 0x39, 0x00, 0x04, 0x01, 0x0b, 0x00,
    0x05, 0x40, 0x00, 0x00, 0xa0, 0x03, 0x00, 0x00, 0x06, 0x40, 0x00, 0x00,
    0xa0, 0x03, 0x00, 0x00, 0x09, 0x01, 0x80, 0xff, 0x01, 0x01, 0x03, 0x00,
    0x02, 0x01, 0x03, 0x00, 0x10, 0x40, 0x00, 0x00, 0x90, 0x33, 0x02, 0x00,
    0x20, 0x01, 0x06, 0x00, 0x22, 0x01, 0x00, 0x00, 0x20, 0x40, 0x00, 0x00,
    0x00, 0x02, 0x00, 0x00, 0x21, 0x40, 0x00, 0x00, 0x90, 0x00, 0x00, 0x00,
    0x22, 0x40, 0x00, 0x00, 0x80, 0x01, 0x00, 0x00, 0x2f, 0x01, 0x01, 0x00,
    0x03, 0x00, 0x00, 0x00, 0x00, 0x40, 0x00, 0x00, 0xf0, 0x2f, 0x02, 0x00,
    0x10, 0x40, 0x00, 0x00, 0x30, 0x37, 0x02, 0x00, 0x2f, 0x01, 0x03, 0x00,
    0x03, 0x00, 0x00, 0x00, 0x00, 0x40, 0x00, 0x00, 0x90, 0x33, 0x02, 0x00,
    0x01, 0x01, 0x00, 0x00, 0x02, 0x01, 0x00, 0x00, 0x10, 0x40, 0x00, 0x00,
    0xd0, 0x3a, 0x02, 0x00, 0x20, 0x01, 0x00, 0x00, 0x20, 0x40, 0x00, 0x00,
    0x10, 0x03, 0x00, 0x00, 0x21, 0x40, 0x00, 0x00, 0xe0, 0x00, 0x00, 0x00,
    0x22, 0x40, 0x00, 0x00, 0x90, 0x02, 0x00, 0x00, 0x2f, 0x01, 0x01, 0x00,
    0x02, 0x00, 0x00, 0x00, 0x00, 0x40, 0x00, 0x00, 0x30, 0x37, 0x02, 0x00,
    0x10, 0x40, 0x00, 0x00, 0x70, 0x3e, 0x02, 0x00, 0x2f, 0x01, 0x03, 0x00,
    0x02, 0x00, 0x00, 0x00, 0x00, 0x40, 0x00, 0x00, 0xd0, 0x3a, 0x02, 0x00,
    0x01, 0x01, 0x04, 0x00, 0x02, 0x01, 0x04, 0x00, 0x10, 0x40, 0x00, 0x00,
    0x10, 0x42, 0x02, 0x00, 0x20, 0x01, 0x08, 0x00, 0x20, 0x40, 0x00, 0x00,
    0x70, 0x04, 0x00, 0x00, 0x21, 0x40, 0x00, 0x00, 0xb0, 0x00, 0x00, 0x00,
    0x22, 0x40, 0x00, 0x00, 0xf0, 0x03, 0x00, 0x00, 0x2f, 0x01, 0x01, 0x00,
    0x03, 0x00, 0x00, 0x00, 0x00, 0x40, 0x00, 0x00, 0x70, 0x3e, 0x02, 0x00,
    0x10, 0x40, 0x00, 0x00, 0xb0, 0x45, 0x02, 0x00, 0x2f, 0x01, 0x03, 0x00,
    0x03, 0x00, 0x00, 0x00, 0x00, 0x40, 0x00, 0x00, 0x10, 0x42, 0x02, 0x00,
    0x01, 0x01, 0x00, 0x00, 0x02, 0x01, 0x00, 0x00, 0x10, 0x40, 0x00, 0x00,
    0x30, 0x94, 0x01, 0x00, 0x13, 0x01, 0x0f, 0x00, 0x20, 0x01, 0x00, 0x00,
    0x20, 0x40, 0x00, 0x00, 0xc0, 0x05, 0x00, 0x00, 0x21, 0x40, 0x00, 0x00,
    0x10, 0x01, 0x00, 0x00, 0x22, 0x40, 0x00, 0x00, 0x20, 0x05, 0x00, 0x00,
    0x23, 0x40, 0x00, 0x00, 0xa0, 0x00, 0x00, 0x00, 0x2f, 0x01, 0x01, 0x00,
    0x02, 0x00, 0x00, 0x00, 0x00, 0x40, 0x00, 0x00, 0xb0, 0x45, 0x02, 0x00,
    0x10, 0x40, 0x00, 0x00, 0xd0, 0x97, 0x01, 0x00, 0x2f, 0x01, 0x03, 0x00,
    0x02, 0x00, 0x00, 0x00, 0x00, 0x40, 0x00, 0x00, 0x70, 0x9b, 0x01, 0x00,
    0x02, 0x40, 0x00, 0x00, 0xb0, 0x85, 0x01, 0x00, 0x0b, 0x01, 0x03, 0x00,
    0x0c, 0x01, 0x03, 0x00, 0x04, 0x01, 0x0f, 0x00, 0x01, 0x01, 0x01, 0x00,
    0x02, 0x01, 0x01, 0x00, 0x10, 0x40, 0x00, 0x00, 0x50, 0x49, 0x02, 0x00,
    0x21, 0x01, 0x04, 0x00, 0x20, 0x01, 0x02, 0x00, 0x20, 0x40, 0x00, 0x00,
    0x70, 0x07, 0x00, 0x00, 0x22, 0x40, 0x00, 0x00, 0xd0, 0x06, 0x00, 0x00,
    0x0d, 0x01, 0x12, 0x00, 0x2f, 0x01, 0x01, 0x00, 0x03, 0x00, 0x00, 0x00,
    0x00, 0x40, 0x00, 0x00, 0x10, 0x9f, 0x01, 0x00, 0x0b, 0x01, 0x02, 0x00,
    0x0c, 0x01, 0x02, 0x00, 0x10, 0x40, 0x00, 0x00, 0xf0, 0x4c, 0x02, 0x00,
    0x2f, 0x01, 0x03, 0x00, 0x03, 0x00, 0x00, 0x00, 0x00, 0x40, 0x00, 0x00,
    0x50, 0x49, 0x02, 0x00, 0x02, 0x40, 0x00, 0x00, 0x00, 0x00, 0x00, 0x00,
    0x0b, 0x01, 0x00, 0x00, 0x0c, 0x01, 0x00, 0x00, 0x01, 0x01, 0x00, 0x00,
    0x02, 0x01, 0x00, 0x00, 0x10, 0x40, 0x00, 0x00, 0x90, 0x50, 0x02, 0x00,
    0x21, 0x01, 0x00, 0x00, 0x20, 0x01, 0x00, 0x00, 0x20, 0x40, 0x00, 0x00,
    0x20, 0x09, 0x00, 0x00, 0x21, 0x40, 0x00, 0x00, 0x50, 0x01, 0x00, 0x00,
    0x22, 0x40, 0x00, 0x00, 0x80, 0x08, 0x00, 0x00, 0x0d, 0x01, 0x0a, 0x00,
    0x2f, 0x01, 0x01, 0x00, 0x02, 0x00, 0x00, 0x00, 0x00, 0x40, 0x00, 0x00,
    0xf0, 0x4c, 0x02, 0x00, 0x10, 0x40, 0x00, 0x00, 0x30, 0x54, 0x02, 0x00,
    0x2f, 0x01, 0x03, 0x00, 0x02, 0x00, 0x00, 0x00, 0x00, 0x40, 0x00, 0x00,
    0x90, 0x50, 0x02, 0x00, 0x01, 0x01, 0x04, 0x00, 0x02, 0x01, 0x04, 0x00,
    0x10, 0x40, 0x00, 0x00, 0xd0, 0x57, 0x02, 0x00, 0x20, 0x01, 0x08, 0x00,
    0x20, 0x40, 0x00, 0x00, 0x10, 0x0b, 0x00, 0x00, 0x21, 0x40, 0x00, 0x00,
    0xd0, 0x00, 0x00, 0x00, 0x22, 0x40, 0x00, 0x00, 0x70, 0x0a, 0x00, 0x00,
    0x2f, 0x01, 0x01, 0x00, 0x03, 0x00, 0x00, 0x00, 0x00, 0x40, 0x00, 0x00,
    0x30, 0x54, 0x02, 0x00, 0x10, 0x40, 0x00, 0x00, 0x70, 0x5b, 0x02, 0x00,
    0x2f, 0x01, 0x03, 0x00, 0x03, 0x00, 0x00, 0x00, 0x00, 0x40, 0x00, 0x00,
    0xd0, 0x57, 0x02, 0x00, 0x01, 0x01, 0x00, 0x00, 0x02, 0x01, 0x00, 0x00,
    0x10, 0x40, 0x00, 0x00, 0xf0, 0xc6, 0x01, 0x00, 0x20, 0x01, 0x00, 0x00,
    0x20, 0x40, 0x00, 0x00, 0x80, 0x0c, 0x00, 0x00, 0x21, 0x40, 0x00, 0x00,
    0x50, 0x01, 0x00, 0x00, 0x22, 0x40, 0x00, 0x00, 0xe0, 0x0b, 0x00, 0x00,
    0x2f, 0x01, 0x01, 0x00, 0x02, 0x00, 0x00, 0x00, 0x00, 0x40, 0x00, 0x00,
    0x70, 0x5b, 0x02, 0x00, 0x10, 0x40, 0x00, 0x00, 0x90, 0xca, 0x01, 0x00,
    0x2f, 0x01, 0x03, 0x00, 0x02, 0x00, 0x00, 0x00, 0x00, 0x40, 0x00, 0x00,
    0xf0, 0xa9, 0x01, 0x00, 0x0b, 0x01, 0x04, 0x00, 0x0c, 0x01, 0x04, 0x00,
    0x01, 0x01, 0x01, 0x00, 0x02, 0x01, 0x01, 0x00, 0x10, 0x40, 0x00, 0x00,
    0x10, 0x5f, 0x02, 0x00, 0x21, 0x01, 0x04, 0x00, 0x20, 0x01, 0x02, 0x00,
    0x20, 0x40, 0x00, 0x00, 0x70, 0x0e, 0x00, 0x00, 0x21, 0x40, 0x00, 0x00,
    0x10, 0x01, 0x00, 0x00, 0x22, 0x40, 0x00, 0x00, 0xd0, 0x0d, 0x00, 0x00,
    0x0d, 0x01, 0x12, 0x00, 0x2f, 0x01, 0x01, 0x00, 0x03, 0x00, 0x00, 0x00,
    0x00, 0x40, 0x00, 0x00, 0x90, 0xad, 0x01, 0x00, 0x10, 0x40, 0x00, 0x00,
    0xb0, 0x62, 0x02, 0x00, 0x2f, 0x01, 0x03, 0x00, 0x03, 0x00, 0x00, 0x00,
    0x00, 0x40, 0x00, 0x00, 0x10, 0x5f, 0x02, 0x00, 0x0b, 0x01, 0x00, 0x00,
    0x0c, 0x01, 0x00, 0x00, 0x01, 0x01, 0x00, 0x00, 0x02, 0x01, 0x00, 0x00,
    0x10, 0x40, 0x00, 0x00, 0x50, 0x66, 0x02, 0x00, 0x21, 0x01, 0x00, 0x00,
    0x20, 0x01, 0x00, 0x00, 0x20, 0x40, 0x00, 0x00, 0x20, 0x10, 0x00, 0x00,
    0x21, 0x40, 0x00, 0x00, 0x50, 0x01, 0x00, 0x00, 0x22, 0x40, 0x00, 0x00,
    0x80, 0x0f, 0x00, 0x00, 0x0d, 0x01, 0x0a, 0x00, 0x2f, 0x01, 0x01, 0x00,
    0x02, 0x00, 0x00, 0x00, 0x00, 0x40, 0x00, 0x00, 0xb0, 0x62, 0x02, 0x00,
    0x10, 0x40, 0x00, 0x00, 0xf0, 0x69, 0x02, 0x00, 0x2f, 0x01, 0x03, 0x00,
    0x02, 0x00, 0x00, 0x00, 0x00, 0x40, 0x00, 0x00, 0x50, 0x66, 0x02, 0x00,
    0x01, 0x01, 0x04, 0x00, 0x02, 0x01, 0x04, 0x00, 0x10, 0x40, 0x00, 0x00,
    0x90, 0x6d, 0x02, 0x00, 0x20, 0x01, 0x08, 0x00, 0x20, 0x40, 0x00, 0x00,
    0x10, 0x12, 0x00, 0x00, 0x21, 0x40, 0x00, 0x00, 0xb0, 0x00, 0x00, 0x00,
    0x22, 0x40, 0x00, 0x00, 0x70, 0x11, 0x00, 0x00, 0x2f, 0x01, 0x01, 0x00,
    0x03, 0x00, 0x00, 0x00, 0x00, 0x40, 0x00, 0x00, 0xf0, 0x69, 0x02, 0x00,
    0x10, 0x40, 0x00, 0x00, 0x30, 0x71, 0x02, 0x00, 0x2f, 0x01, 0x03, 0x00,
    0x03, 0x00, 0x00, 0x00, 0x00, 0x40, 0x00, 0x00, 0x90, 0x6d, 0x02, 0x00,
    0x01, 0x01, 0x00, 0x00, 0x02, 0x01, 0x00, 0x00, 0x10, 0x40, 0x00, 0x00,
    0x70, 0xd5, 0x01, 0x00, 0x20, 0x01, 0x00, 0x00, 0x20, 0x40, 0x00, 0x00,
    0x60, 0x13, 0x00, 0x00, 0x21, 0x40, 0x00, 0x00, 0x50, 0x01, 0x00, 0x00,
    0x22, 0x40, 0x00, 0x00, 0xc0, 0x12, 0x00, 0x00, 0x2f, 0x01, 0x01, 0x00,
    0x02, 0x00, 0x00, 0x00, 0x00, 0x40, 0x00, 0x00, 0x30, 0x71, 0x02, 0x00,
    0x10, 0x40, 0x00, 0x00, 0x10, 0xd9, 0x01, 0x00, 0x2f, 0x01, 0x03, 0x00,
    0x02, 0x00, 0x00, 0x00, 0x00, 0x40, 0x00, 0x00, 0xb0, 0xdc, 0x01, 0x00,
    0x0b, 0x01, 0x04, 0x00, 0x0c, 0x01, 0x04, 0x00, 0x01, 0x01, 0x01, 0x00,
    0x02, 0x01, 0x01, 0x00, 0x10, 0x40, 0x00, 0x00, 0xd0, 0x74, 0x02, 0x00,
    0x21, 0x01, 0x04, 0x00, 0x20, 0x01, 0x02, 0x00, 0x20, 0x40, 0x00, 0x00,
    0x50, 0x15, 0x00, 0x00, 0x21, 0x40, 0x00, 0x00, 0x10, 0x01, 0x00, 0x00,
    0x22, 0x40, 0x00, 0x00, 0xb0, 0x14, 0x00, 0x00, 0x0d, 0x01, 0x12, 0x00,
    0x2f, 0x01, 0x01, 0x00, 0x03, 0x00, 0x00, 0x00, 0x00, 0x40, 0x00, 0x00,
    0x50, 0xe0, 0x01, 0x00, 0x10, 0x40, 0x00, 0x00, 0x70, 0x78, 0x02, 0x00,
    0x2f, 0x01, 0x03, 0x00, 0x03, 0x00, 0x00, 0x00, 0x00, 0x40, 0x00, 0x00,
    0xd0, 0x74, 0x02, 0x00, 0x0b, 0x01, 0x00, 0x00, 0x0c, 0x01, 0x00, 0x00,
    0x01, 0x01, 0x00, 0x00, 0x02, 0x01, 0x00, 0x00, 0x10, 0x40, 0x00, 0x00,
    0xb0, 0xf9, 0x01, 0x00, 0x21, 0x01, 0x00, 0x00, 0x20, 0x01, 0x00, 0x00,
    0x20, 0x40, 0x00, 0x00, 0x00, 0x17, 0x00, 0x00, 0x21, 0x40, 0x00, 0x00,
    0x50, 0x01, 0x00, 0x00, 0x22, 0x40, 0x00, 0x00, 0x60, 0x16, 0x00, 0x00,
    0x0d, 0x01, 0x0a, 0x00, 0x2f, 0x01, 0x01, 0x00, 0x02, 0x00, 0x00, 0x00,
    0x00, 0x40, 0x00, 0x00, 0x70, 0x78, 0x02, 0x00, 0x10, 0x40, 0x00, 0x00,
    0x50, 0xfd, 0x01, 0x00, 0x2f, 0x01, 0x03, 0x00, 0x02, 0x00, 0x00, 0x00,
    0x00, 0x40, 0x00, 0x00, 0xf0, 0x00, 0x02, 0x00, 0x02, 0x40, 0x00, 0x00,
    0x70, 0xf2, 0x01, 0x00, 0x0b, 0x01, 0x01, 0x00, 0x0c, 0x01, 0x01, 0x00,
    0x01, 0x01, 0x02, 0x00, 0x02, 0x01, 0x02, 0x00, 0x10, 0x40, 0x00, 0x00,
    0xb0, 0x7f, 0x02, 0x00, 0x21, 0x01, 0x02, 0x00, 0x20, 0x01, 0x04, 0x00,
    0x20, 0x40, 0x00, 0x00, 0xf0, 0x18, 0x00, 0x00, 0x21, 0x40, 0x00, 0x00,
    0x10, 0x01, 0x00, 0x00, 0x22, 0x40, 0x00, 0x00, 0x50, 0x18, 0x00, 0x00,
    0x2f, 0x01, 0x01, 0x00, 0x03, 0x00, 0x00, 0x00, 0x00, 0x40, 0x00, 0x00,
    0x10, 0x7c, 0x02, 0x00, 0x02, 0x40, 0x00, 0x00, 0x00, 0x00, 0x00, 0x00,
    0x0b, 0x01, 0x00, 0x00, 0x0c, 0x01, 0x00, 0x00, 0x01, 0x01, 0x00, 0x00,
    0x02, 0x01, 0x00, 0x00, 0x10, 0x40, 0x00, 0x00, 0xb0, 0x16, 0x02, 0x00,
    0x21, 0x01, 0x00, 0x00, 0x20, 0x01, 0x00, 0x00, 0x20, 0x40, 0x00, 0x00,
    0xa0, 0x1a, 0x00, 0x00, 0x21, 0x40, 0x00, 0x00, 0x50, 0x01, 0x00, 0x00,
    0x22, 0x40, 0x00, 0x00, 0x00, 0x1a, 0x00, 0x00, 0x02, 0x00, 0x00, 0x00,
    0x00, 0x40, 0x00, 0x00, 0xb0, 0x7f, 0x02, 0x00, 0x10, 0x40, 0x00, 0x00,
    0x50, 0x1a, 0x02, 0x00, 0x2f, 0x01, 0x03, 0x00, 0x02, 0x00, 0x00, 0x00,
    0x00, 0x40, 0x00, 0x00, 0x30, 0x08, 0x02, 0x00, 0x0b, 0x01, 0x02, 0x00,
    0x0c, 0x01, 0x02, 0x00, 0x01, 0x01, 0x02, 0x00, 0x02, 0x01, 0x02, 0x00,
    0x10, 0x40, 0x00, 0x00, 0x1a, 0x0b, 0x00, 0x00, 0x13, 0x01, 0x00, 0x00,
    0x15, 0x40, 0x00, 0x00, 0x3a, 0x00, 0x00, 0x00, 0x14, 0x40, 0x00, 0x00,
    0x01, 0x00, 0x00, 0x00, 0x16, 0x40, 0x00, 0x00, 0x01, 0x00, 0x00, 0x00,
    0x18, 0x01, 0x59, 0x00, 0x14, 0x01, 0x01, 0x00, 0x21, 0x01, 0x02, 0x00,
    0x20, 0x01, 0x04, 0x00, 0x22, 0x01, 0x04, 0x00, 0x20, 0x40, 0x00, 0x00,
    0x00, 0x1c, 0x00, 0x00, 0x21, 0x40, 0x00, 0x00, 0x90, 0x01, 0x00, 0x00,
    0x22, 0x40, 0x00, 0x00, 0xf0, 0x1b, 0x00, 0x00, 0x23, 0x40, 0x00, 0x00,
    0x10, 0x00, 0x00, 0x00, 0x17, 0x01, 0x07, 0x00, 0x2f, 0x01, 0x01, 0x00,
    0x02, 0x00, 0x00, 0x00, 0x00, 0x40, 0x00, 0x00, 0xd0, 0x0b, 0x02, 0x00,
    0x10, 0x40, 0x00, 0x00, 0x54, 0x0b, 0x00, 0x00, 0x2f, 0x01, 0x03, 0x00,
    0x02, 0x00, 0x00, 0x00, 0x00, 0x40, 0x00, 0x00, 0x70, 0x0f, 0x02, 0x00,
    0x10, 0x40, 0x00, 0x00, 0x8e, 0x0b, 0x00, 0x00, 0x02, 0x00, 0x00, 0x00,
    0x00, 0x40, 0x00, 0x00, 0x10, 0x13, 0x02, 0x00, 0x10, 0x40, 0x00, 0x00,
    0xc8, 0x0b, 0x00, 0x00, 0x02, 0x00, 0x00, 0x00, 0x00, 0x40, 0x00, 0x00,
    0x90, 0x04, 0x02, 0x00, 0x02, 0x40, 0x00, 0x00, 0x70, 0xf2, 0x01, 0x00,
    0x0b, 0x01, 0x00, 0x00, 0x0c, 0x01, 0x00, 0x00, 0x10, 0x40, 0x00, 0x00,
    0x10, 0x7c, 0x02, 0x00, 0x13, 0x01, 0x0f, 0x00, 0x15, 0x40, 0x00, 0x00,
    0xa0, 0x03, 0x00, 0x00, 0x14, 0x40, 0x00, 0x00, 0x10, 0x00, 0x00, 0x00,
    0x16, 0x40, 0x00, 0x00, 0xa0, 0x03, 0x00, 0x00, 0x18, 0x01, 0x80, 0xff,
    0x14, 0x01, 0x41, 0x00, 0x22, 0x01, 0x00, 0x00, 0x20, 0x40, 0x00, 0x00,
    0xf0, 0x18, 0x00, 0x00, 0x21, 0x40, 0x00, 0x00, 0x10, 0x01, 0x00, 0x00,
    0x22, 0x40, 0x00, 0x00, 0x50, 0x18, 0x00, 0x00, 0x23, 0x40, 0x00, 0x00,
    0xa0, 0x00, 0x00, 0x00, 0x17, 0x01, 0x0f, 0x00, 0x03, 0x00, 0x00, 0x00,
    0x00, 0x40, 0x00, 0x00, 0x70, 0xf2, 0x01, 0x00, 0x02, 0x40, 0x00, 0x00,
    0x00, 0x00, 0x00, 0x00, 0x0b, 0x01, 0x02, 0x00, 0x0c, 0x01, 0x02, 0x00,
    0x10, 0x40, 0x00, 0x00, 0xb0, 0x7f, 0x02, 0x00, 0x03, 0x00, 0x00, 0x00,
    0x00, 0x40, 0x00, 0x00, 0x10, 0x7c, 0x02, 0x00, 0x0b, 0x01, 0x00, 0x00,
    0x0c, 0x01, 0x00, 0x00, 0x01, 0x01, 0x00, 0x00, 0x02, 0x01, 0x00, 0x00,
    0x10, 0x40, 0x00, 0x00, 0x30, 0x08, 0x02, 0x00, 0x21, 0x01, 0x00, 0x00,
    0x20, 0x01, 0x00, 0x00, 0x20, 0x40, 0x00, 0x00, 0xa0, 0x1a, 0x00, 0x00,
    0x21, 0x40, 0x00, 0x00, 0x50, 0x01, 0x00, 0x00, 0x22, 0x40, 0x00, 0x00,
    0x00, 0x1a, 0x00, 0x00, 0x2f, 0x01, 0x01, 0x00, 0x02, 0x00, 0x00, 0x00,
    0x00, 0x40, 0x00, 0x00, 0xb0, 0x7f, 0x02, 0x00, 0x10, 0x40, 0x00, 0x00,
    0xd0, 0x0b, 0x02, 0x00, 0x2f, 0x01, 0x03, 0x00, 0x02, 0x00, 0x00, 0x00,
    0x00, 0x40, 0x00, 0x00, 0x10, 0xf6, 0x01, 0x00, 0x0b, 0x01, 0x02, 0x00,
    0x0c, 0x01, 0x02, 0x00, 0x01, 0x01, 0x02, 0x00, 0x02, 0x01, 0x02, 0x00,
    0x10, 0x40, 0x00, 0x00, 0x10, 0x7c, 0x02, 0x00, 0x21, 0x01, 0x02, 0x00,
    0x20, 0x01, 0x04, 0x00, 0x20, 0x40, 0x00, 0x00, 0xf0, 0x18, 0x00, 0x00,
    0x21, 0x40, 0x00, 0x00, 0x10, 0x01, 0x00, 0x00, 0x22, 0x40, 0x00, 0x00,
    0x50, 0x18, 0x00, 0x00, 0x03, 0x00, 0x00, 0x00, 0x00, 0x40, 0x00, 0x00,
    0xf0, 0xe3, 0x01, 0x00, 0x02, 0x40, 0x00, 0x00, 0x30, 0xce, 0x01, 0x00,
    0x0b, 0x01, 0x03, 0x00, 0x0c, 0x01, 0x03, 0x00, 0x01, 0x01, 0x01, 0x00,
    0x02, 0x01, 0x01, 0x00, 0x10, 0x40, 0x00, 0x00, 0xd0, 0x74, 0x02, 0x00,
    0x21, 0x01, 0x04, 0x00, 0x20, 0x01, 0x02, 0x00, 0x20, 0x40, 0x00, 0x00,
    0x50, 0x15, 0x00, 0x00, 0x22, 0x40, 0x00, 0x00, 0xb0, 0x14, 0x00, 0x00,
    0x0d, 0x01, 0x12, 0x00, 0x03, 0x00, 0x00, 0x00, 0x00, 0x40, 0x00, 0x00,
    0x90, 0xe7, 0x01, 0x00, 0x0b, 0x01, 0x02, 0x00, 0x0c, 0x01, 0x02, 0x00,
    0x10, 0x40, 0x00, 0x00, 0x70, 0x78, 0x02, 0x00, 0x03, 0x00, 0x00, 0x00,
    0x00, 0x40, 0x00, 0x00, 0xd0, 0x74, 0x02, 0x00, 0x02, 0x40, 0x00, 0x00,
    0x00, 0x00, 0x00, 0x00, 0x0b, 0x01, 0x00, 0x00, 0x0c, 0x01, 0x00, 0x00,
    0x01, 0x01, 0x00, 0x00, 0x02, 0x01, 0x00, 0x00, 0x10, 0x40, 0x00, 0x00,
    0xf0, 0x00, 0x02, 0x00, 0x21, 0x01, 0x00, 0x00, 0x20, 0x01, 0x00, 0x00,
    0x20, 0x40, 0x00, 0x00, 0x00, 0x17, 0x00, 0x00, 0x21, 0x40, 0x00, 0x00,
    0x50, 0x01, 0x00, 0x00, 0x22, 0x40, 0x00, 0x00, 0x60, 0x16, 0x00, 0x00,
    0x0d, 0x01, 0x0a, 0x00, 0x2f, 0x01, 0x01, 0x00, 0x02, 0x00, 0x00, 0x00,
    0x00, 0x40, 0x00, 0x00, 0x70, 0x78, 0x02, 0x00, 0x10, 0x40, 0x00, 0x00,
    0x90, 0x04, 0x02, 0x00, 0x2f, 0x01, 0x03, 0x00, 0x02, 0x00, 0x00, 0x00,
    0x00, 0x40, 0x00, 0x00, 0x30, 0xeb, 0x01, 0x00, 0x02, 0x40, 0x00, 0x00,
    0x30, 0xce, 0x01, 0x00, 0x0b, 0x01, 0x01, 0x00, 0x0c, 0x01, 0x01, 0x00,
    0x01, 0x01, 0x01, 0x00, 0x02, 0x01, 0x01, 0x00, 0x10, 0x40, 0x00, 0x00,
    0xd0, 0x74, 0x02, 0x00, 0x21, 0x01, 0x04, 0x00, 0x20, 0x01, 0x02, 0x00,
    0x20, 0x40, 0x00, 0x00, 0x50, 0x15, 0x00, 0x00, 0x21, 0x40, 0x00, 0x00,
    0x10, 0x01, 0x00, 0x00, 0x22, 0x40, 0x00, 0x00, 0xb0, 0x14, 0x00, 0x00,
    0x0d, 0x01, 0x12, 0x00, 0x03, 0x00, 0x00, 0x00, 0x00, 0x40, 0x00, 0x00,
    0xd0, 0xee, 0x01, 0x00, 0x0b, 0x01, 0x00, 0x00, 0x0c, 0x01, 0x00, 0x00,
    0x10, 0x40, 0x00, 0x00, 0x70, 0x78, 0x02, 0x00, 0x03, 0x00, 0x00, 0x00,
    0x00, 0x40, 0x00, 0x00, 0xd0, 0x74, 0x02, 0x00, 0x02, 0x40, 0x00, 0x00,
    0x00, 0x00, 0x00, 0x00, 0x01, 0x01, 0x00, 0x00, 0x02, 0x01, 0x00, 0x00,
    0x10, 0x40, 0x00, 0x00, 0x70, 0xf2, 0x01, 0x00, 0x21, 0x01, 0x00, 0x00,
    0x20, 0x01, 0x00, 0x00, 0x20, 0x40, 0x00, 0x00, 0x00, 0x17, 0x00, 0x00,
    0x21, 0x40, 0x00, 0x00, 0x50, 0x01, 0x00, 0x00, 0x22, 0x40, 0x00, 0x00,
    0x60, 0x16, 0x00, 0x00, 0x0d, 0x01, 0x0a, 0x00, 0x2f, 0x01, 0x01, 0x00,
    0x02, 0x00, 0x00, 0x00, 0x00, 0x40, 0x00, 0x00, 0x70, 0x78, 0x02, 0x00,
    0x10, 0x40, 0x00, 0x00, 0x10, 0xf6, 0x01, 0x00, 0x2f, 0x01, 0x03, 0x00,
    0x02, 0x00, 0x00, 0x00, 0x00, 0x40, 0x00, 0x00, 0xb0, 0xf9, 0x01, 0x00,
    0x0b, 0x01, 0x02, 0x00, 0x0c, 0x01, 0x02, 0x00, 0x01, 0x01, 0x02, 0x00,
    0x02, 0x01, 0x02, 0x00, 0x10, 0x40, 0x00, 0x00, 0xb0, 0x7f, 0x02, 0x00,
    0x21, 0x01, 0x02, 0x00, 0x20, 0x01, 0x04, 0x00, 0x20, 0x40, 0x00, 0x00,
    0xf0, 0x18, 0x00, 0x00, 0x21, 0x40, 0x00, 0x00, 0x10, 0x01, 0x00, 0x00,
    0x22, 0x40, 0x00, 0x00, 0x50, 0x18, 0x00, 0x00, 0x2f, 0x01, 0x01, 0x00,
    0x03, 0x00, 0x00, 0x00, 0x00, 0x40, 0x00, 0x00, 0x10, 0x7c, 0x02, 0x00,
    0x0b, 0x01, 0x00, 0x00, 0x0c, 0x01, 0x00, 0x00, 0x01, 0x01, 0x00, 0x00,
    0x02, 0x01, 0x00, 0x00, 0x10, 0x40, 0x00, 0x00, 0x70, 0x0f, 0x02, 0x00,
    0x21, 0x01, 0x00, 0x00, 0x20, 0x01, 0x00, 0x00, 0x20, 0x40, 0x00, 0x00,
    0xa0, 0x1a, 0x00, 0x00, 0x21, 0x40, 0x00, 0x00, 0x50, 0x01, 0x00, 0x00,
    0x22, 0x40, 0x00, 0x00, 0x00, 0x1a, 0x00, 0x00, 0x02, 0x00, 0x00, 0x00,
    0x00, 0x40, 0x00, 0x00, 0xb0, 0x7f, 0x02, 0x00, 0x10, 0x40, 0x00, 0x00,
    0x10, 0x13, 0x02, 0x00, 0x2f, 0x01, 0x03, 0x00, 0x02, 0x00, 0x00, 0x00,
    0x00, 0x40, 0x00, 0x00, 0xb0, 0x16, 0x02, 0x00, 0x02, 0x40, 0x00, 0x00,
    0x30, 0x08, 0x02, 0x00, 0x0b, 0x01, 0x01, 0x00, 0x0c, 0x01, 0x01, 0x00,
    0x01, 0x01, 0x02, 0x00, 0x02, 0x01, 0x02, 0x00, 0x10, 0x40, 0x00, 0x00,
    0x02, 0x0c, 0x00, 0x00, 0x13, 0x01, 0x00, 0x00, 0x15, 0x40, 0x00, 0x00,
    0x3a, 0x00, 0x00, 0x00, 0x14, 0x40, 0x00, 0x00, 0x01, 0x00, 0x00, 0x00,
    0x16, 0x40, 0x00, 0x00, 0x01, 0x00, 0x00, 0x00, 0x18, 0x01, 0x59, 0x00,
    0x14, 0x01, 0x01, 0x00, 0x21, 0x01, 0x02, 0x00, 0x20, 0x01, 0x04, 0x00,
    0x22, 0x01, 0x04, 0x00, 0x20, 0x40, 0x00, 0x00, 0x00, 0x1c, 0x00, 0x00,
    0x21, 0x40, 0x00, 0x00, 0x90, 0x01, 0x00, 0x00, 0x22, 0x40, 0x00, 0x00,
    0xf0, 0x1b, 0x00, 0x00, 0x23, 0x40, 0x00, 0x00, 0x10, 0x00, 0x00, 0x00,
    0x17, 0x01, 0x07, 0x00, 0x2f, 0x01, 0x01, 0x00, 0x02, 0x00, 0x00, 0x00,
    0x00, 0x40, 0x00, 0x00, 0x50, 0x1a, 0x02, 0x00, 0x0b, 0x01, 0x00, 0x00,
    0x0c, 0x01, 0x00, 0x00, 0x10, 0x40, 0x00, 0x00, 0x3c, 0x0c, 0x00, 0x00,
    0x2f, 0x01, 0x03, 0x00, 0x02, 0x00, 0x00, 0x00, 0x00, 0x40, 0x00, 0x00,
    0x30, 0x08, 0x02, 0x00, 0x02, 0x40, 0x00, 0x00, 0x00, 0x00, 0x00, 0x00,
    0x0b, 0x01, 0x02, 0x00, 0x0c, 0x01, 0x02, 0x00, 0x10, 0x40, 0x00, 0x00,
    0x76, 0x0c, 0x00, 0x00, 0x02, 0x00, 0x00, 0x00, 0x00, 0x40, 0x00, 0x00,
    0xd0, 0x0b, 0x02, 0x00, 0x10, 0x40, 0x00, 0x00, 0xb0, 0x0c, 0x00, 0x00,
    0x02, 0x00, 0x00, 0x00, 0x00, 0x40, 0x00, 0x00, 0x50, 0xfd, 0x01, 0x00,
    0x10, 0x40, 0x00, 0x00, 0x10, 0x7c, 0x02, 0x00, 0x13, 0x01, 0x0f, 0x00,
    0x15, 0x40, 0x00, 0x00, 0xa0, 0x03, 0x00, 0x00, 0x14, 0x40, 0x00, 0x00,
    0x10, 0x00, 0x00, 0x00, 0x16, 0x40, 0x00, 0x00, 0xa0, 0x03, 0x00, 0x00,
    0x18, 0x01, 0x80, 0xff, 0x14, 0x01, 0x41, 0x00, 0x22, 0x01, 0x00, 0x00,
    0x20, 0x40, 0x00, 0x00, 0xf0, 0x18, 0x00, 0x00, 0x21, 0x40, 0x00, 0x00,
    0x10, 0x01, 0x00, 0x00, 0x22, 0x40, 0x00, 0x00, 0x50, 0x18, 0x00, 0x00,
    0x23, 0x40, 0x00, 0x00, 0xa0, 0x00, 0x00, 0x00, 0x17, 0x01, 0x0f, 0x00,
    0x03, 0x00, 0x00, 0x00, 0x00, 0x40, 0x00, 0x00, 0xf0, 0x00, 0x02, 0x00,
    0x02, 0x40, 0x00, 0x00, 0x70, 0xf2, 0x01, 0x00, 0x0b, 0x01, 0x01, 0x00,
    0x0c, 0x01, 0x01, 0x00, 0x10, 0x40, 0x00, 0x00, 0xb0, 0x7f, 0x02, 0x00,
    0x03, 0x00, 0x00, 0x00, 0x00, 0x40, 0x00, 0x00, 0x10, 0x7c, 0x02, 0x00,
    0x02, 0x40, 0x00, 0x00, 0x00, 0x00, 0x00, 0x00, 0x0b, 0x01, 0x00, 0x00,
    0x0c, 0x01, 0x00, 0x00, 0x01, 0x01, 0x00, 0x00, 0x02, 0x01, 0x00, 0x00,
    0x10, 0x40, 0x00, 0x00, 0xb0, 0x16, 0x02, 0x00, 0x21, 0x01, 0x00, 0x00,
    0x20, 0x01, 0x00, 0x00, 0x20, 0x40, 0x00, 0x00, 0xa0, 0x1a, 0x00, 0x00,
    0x21, 0x40, 0x00, 0x00, 0x50, 0x01, 0x00, 0x00, 0x22, 0x40, 0x00, 0x00,
    0x00, 0x1a, 0x00, 0x00, 0x2f, 0x01, 0x01, 0x00, 0x02, 0x00, 0x00, 0x00,
    0x00, 0x40, 0x00, 0x00, 0xb0, 0x7f, 0x02, 0x00, 0x10, 0x40, 0x00, 0x00,
    0x50, 0x1a, 0x02, 0x00, 0x2f, 0x01, 0x03, 0x00, 0x02, 0x00, 0x00, 0x00,
    0x00, 0x40, 0x00, 0x00, 0x90, 0x04, 0x02, 0x00, 0x02, 0x40, 0x00, 0x00,
    0x70, 0xf2, 0x01, 0x00, 0x01, 0x01, 0x02, 0x00, 0x02, 0x01, 0x02, 0x00,
    0x10, 0x40, 0x00, 0x00, 0x10, 0x7c, 0x02, 0x00, 0x21, 0x01, 0x02, 0x00,
    0x20, 0x01, 0x04, 0x00, 0x20, 0x40, 0x00, 0x00, 0xf0, 0x18, 0x00, 0x00,
    0x21, 0x40, 0x00, 0x00, 0x10, 0x01, 0x00, 0x00, 0x22, 0x40, 0x00, 0x00,
    0x50, 0x18, 0x00, 0x00, 0x03, 0x00, 0x00, 0x00, 0x00, 0x40, 0x00, 0x00,
    0x30, 0xb1, 0x01, 0x00, 0x02, 0x40, 0x00, 0x00, 0x00, 0x00, 0x00, 0x00,
    0x0b, 0x01, 0x04, 0x00, 0x0c, 0x01, 0x04, 0x00, 0x01, 0x01, 0x01, 0x00,
    0x02, 0x01, 0x01, 0x00, 0x10, 0x40, 0x00, 0x00, 0x10, 0x5f, 0x02, 0x00,
    0x21, 0x01, 0x04, 0x00, 0x20, 0x01, 0x02, 0x00, 0x20, 0x40, 0x00, 0x00,
    0x70, 0x0e, 0x00, 0x00, 0x22, 0x40, 0x00, 0x00, 0xd0, 0x0d, 0x00, 0x00,
    0x0d, 0x01, 0x12, 0x00, 0x03, 0x00, 0x00, 0x00, 0x00, 0x40, 0x00, 0x00,
    0xd0, 0xb4, 0x01, 0x00, 0x10, 0x40, 0x00, 0x00, 0xb0, 0x62, 0x02, 0x00,
    0x03, 0x00, 0x00, 0x00, 0x00, 0x40, 0x00, 0x00, 0x10, 0x5f, 0x02, 0x00,
    0x0b, 0x01, 0x00, 0x00, 0x0c, 0x01, 0x00, 0x00, 0x01, 0x01, 0x00, 0x00,
    0x02, 0x01, 0x00, 0x00, 0x10, 0x40, 0x00, 0x00, 0x50, 0x66, 0x02, 0x00,
    0x21, 0x01, 0x00, 0x00, 0x20, 0x01, 0x00, 0x00, 0x20, 0x40, 0x00, 0x00,
    0x20, 0x10, 0x00, 0x00, 0x21, 0x40, 0x00, 0x00, 0x50, 0x01, 0x00, 0x00,
    0x22, 0x40, 0x00, 0x00, 0x80, 0x0f, 0x00, 0x00, 0x0d, 0x01, 0x0a, 0x00,
    0x2f, 0x01, 0x01, 0x00, 0x02, 0x00, 0x00, 0x00, 0x00, 0x40, 0x00, 0x00,
    0xb0, 0x62, 0x02, 0x00, 0x10, 0x40, 0x00, 0x00, 0xf0, 0x69, 0x02, 0x00,
    0x2f, 0x01, 0x03, 0x00, 0x02, 0x00, 0x00, 0x00, 0x00, 0x40, 0x00, 0x00,
    0x50, 0x66, 0x02, 0x00, 0x01, 0x01, 0x04, 0x00, 0x02, 0x01, 0x04, 0x00,
    0x10, 0x40, 0x00, 0x00, 0x90, 0x6d, 0x02, 0x00, 0x20, 0x01, 0x08, 0x00,
    0x20, 0x40, 0x00, 0x00, 0x10, 0x12, 0x00, 0x00, 0x21, 0x40, 0x00, 0x00,
    0xb0, 0x00, 0x00, 0x00, 0x22, 0x40, 0x00, 0x00, 0x70, 0x11, 0x00, 0x00,
    0x2f, 0x01, 0x01, 0x00, 0x03, 0x00, 0x00, 0x00, 0x00, 0x40, 0x00, 0x00,
    0xf0, 0x69, 0x02, 0x00, 0x10, 0x40, 0x00, 0x00, 0x30, 0x71, 0x02, 0x00,
    0x2f, 0x01, 0x03, 0x00, 0x03, 0x00, 0x00, 0x00, 0x00, 0x40, 0x00, 0x00,
    0x90, 0x6d, 0x02, 0x00, 0x01, 0x01, 0x00, 0x00, 0x02, 0x01, 0x00, 0x00,
    0x10, 0x40, 0x00, 0x00, 0xb0, 0xdc, 0x01, 0x00, 0x20, 0x01, 0x00, 0x00,
    0x20, 0x40, 0x00, 0x00, 0x60, 0x13, 0x00, 0x00, 0x21, 0x40, 0x00, 0x00,
    0x50, 0x01, 0x00, 0x00, 0x22, 0x40, 0x00, 0x00, 0xc0, 0x12, 0x00, 0x00,
    0x2f, 0x01, 0x01, 0x00, 0x02, 0x00, 0x00, 0x00, 0x00, 0x40, 0x00, 0x00,
    0x30, 0x71, 0x02, 0x00, 0x10, 0x40, 0x00, 0x00, 0x50, 0xe0, 0x01, 0x00,
    0x2f, 0x01, 0x03, 0x00, 0x02, 0x00, 0x00, 0x00, 0x00, 0x40, 0x00, 0x00,
    0x70, 0xb8, 0x01, 0x00, 0x0b, 0x01, 0x04, 0x00, 0x0c, 0x01, 0x04, 0x00,
    0x01, 0x01, 0x01, 0x00, 0x02, 0x01, 0x01, 0x00, 0x10, 0x40, 0x00, 0x00,
    0x10, 0x5f, 0x02, 0x00, 0x21, 0x01, 0x04, 0x00, 0x20, 0x01, 0x02, 0x00,
    0x20, 0x40, 0x00, 0x00, 0x70, 0x0e, 0x00, 0x00, 0x21, 0x40, 0x00, 0x00,
    0x10, 0x01, 0x00, 0x00, 0x22, 0x40, 0x00, 0x00, 0xd0, 0x0d, 0x00, 0x00,
    0x0d, 0x01, 0x12, 0x00, 0x03, 0x00, 0x00, 0x00, 0x00, 0x40, 0x00, 0x00,
    0x10, 0xbc, 0x01, 0x00, 0x10, 0x40, 0x00, 0x00, 0xb0, 0x62, 0x02, 0x00,
    0x03, 0x00, 0x00, 0x00, 0x00, 0x40, 0x00, 0x00, 0x10, 0x5f, 0x02, 0x00,
    0x0b, 0x01, 0x00, 0x00, 0x0c, 0x01, 0x00, 0x00, 0x01, 0x01, 0x00, 0x00,
    0x02, 0x01, 0x00, 0x00, 0x10, 0x40, 0x00, 0x00, 0x50, 0x66, 0x02, 0x00,
    0x21, 0x01, 0x00, 0x00, 0x20, 0x01, 0x00, 0x00, 0x20, 0x40, 0x00, 0x00,
    0x20, 0x10, 0x00, 0x00, 0x21, 0x40, 0x00, 0x00, 0x50, 0x01, 0x00, 0x00,
    0x22, 0x40, 0x00, 0x00, 0x80, 0x0f, 0x00, 0x00, 0x0d, 0x01, 0x0a, 0x00,
    0x2f, 0x01, 0x01, 0x00, 0x02, 0x00, 0x00, 0x00, 0x00, 0x40, 0x00, 0x00,
    0xb0, 0x62, 0x02, 0x00, 0x10, 0x40, 0x00, 0x00, 0xf0, 0x69, 0x02, 0x00,
    0x2f, 0x01, 0x03, 0x00, 0x02, 0x00, 0x00, 0x00, 0x00, 0x40, 0x00, 0x00,
    0x50, 0x66, 0x02, 0x00, 0x01, 0x01, 0x04, 0x00, 0x02, 0x01, 0x04, 0x00,
    0x10, 0x40, 0x00, 0x00, 0x90, 0x6d, 0x02, 0x00, 0x20, 0x01, 0x08, 0x00,
    0x20, 0x40, 0x00, 0x00, 0x10, 0x12, 0x00, 0x00, 0x21, 0x40, 0x00, 0x00,
    0xb0, 0x00, 0x00, 0x00, 0x22, 0x40, 0x00, 0x00, 0x70, 0x11, 0x00, 0x00,
    0x2f, 0x01, 0x01, 0x00, 0x03, 0x00, 0x00, 0x00, 0x00, 0x40, 0x00, 0x00,
    0xf0, 0x69, 0x02, 0x00, 0x10, 0x40, 0x00, 0x00, 0x30, 0x71, 0x02, 0x00,
    0x2f, 0x01, 0x03, 0x00, 0x03, 0x00, 0x00, 0x00, 0x00, 0x40, 0x00, 0x00,
    0x90, 0x6d, 0x02, 0x00, 0x01, 0x01, 0x00, 0x00, 0x02, 0x01, 0x00, 0x00,
    0x10, 0x40, 0x00, 0x00, 0xf0, 0xe3, 0x01, 0x00, 0x20, 0x01, 0x00, 0x00,
    0x20, 0x40, 0x00, 0x00, 0x60, 0x13, 0x00, 0x00, 0x21, 0x40, 0x00, 0x00,
    0x50, 0x01, 0x00, 0x00, 0x22, 0x40, 0x00, 0x00, 0xc0, 0x12, 0x00, 0x00,
    0x2f, 0x01, 0x01, 0x00, 0x02, 0x00, 0x00, 0x00, 0x00, 0x40, 0x00, 0x00,
    0x30, 0x71, 0x02, 0x00, 0x10, 0x40, 0x00, 0x00, 0x90, 0xe7, 0x01, 0x00,
    0x2f, 0x01, 0x03, 0x00, 0x02, 0x00, 0x00, 0x00, 0x00, 0x40, 0x00, 0x00,
    0xb0, 0xa2, 0x01, 0x00, 0x02, 0x40, 0x00, 0x00, 0xb0, 0x85, 0x01, 0x00,
    0x0b, 0x01, 0x01, 0x00, 0x0c, 0x01, 0x01, 0x00, 0x01, 0x01, 0x01, 0x00,
    0x02, 0x01, 0x01, 0x00, 0x10, 0x40, 0x00, 0x00, 0x50, 0x49, 0x02, 0x00,
    0x21, 0x01, 0x04, 0x00, 0x20, 0x01, 0x02, 0x00, 0x20, 0x40, 0x00, 0x00,
    0x70, 0x07, 0x00, 0x00, 0x21, 0x40, 0x00, 0x00, 0x10, 0x01, 0x00, 0x00,
    0x22, 0x40, 0x00, 0x00, 0xd0, 0x06, 0x00, 0x00, 0x0d, 0x01, 0x12, 0x00,
    0x03, 0x00, 0x00, 0x00, 0x00, 0x40, 0x00, 0x00, 0x50, 0xa6, 0x01, 0x00,
    0x0b, 0x01, 0x00, 0x00, 0x0c, 0x01, 0x00, 0x00, 0x10, 0x40, 0x00, 0x00,
    0xf0, 0x4c, 0x02, 0x00, 0x03, 0x00, 0x00, 0x00, 0x00, 0x40, 0x00, 0x00,
    0x50, 0x49, 0x02, 0x00, 0x02, 0x40, 0x00, 0x00, 0x00, 0x00, 0x00, 0x00,
    0x01, 0x01, 0x00, 0x00, 0x02, 0x01, 0x00, 0x00, 0x10, 0x40, 0x00, 0x00,
    0x90, 0x50, 0x02, 0x00, 0x21, 0x01, 0x00, 0x00, 0x20, 0x01, 0x00, 0x00,
    0x20, 0x40, 0x00, 0x00, 0x20, 0x09, 0x00, 0x00, 0x21, 0x40, 0x00, 0x00,
    0x50, 0x01, 0x00, 0x00, 0x22, 0x40, 0x00, 0x00, 0x80, 0x08, 0x00, 0x00,
    0x0d, 0x01, 0x0a, 0x00, 0x2f, 0x01, 0x01, 0x00, 0x02, 0x00, 0x00, 0x00,
    0x00, 0x40, 0x00, 0x00, 0xf0, 0x4c, 0x02, 0x00, 0x10, 0x40, 0x00, 0x00,
    0x30, 0x54, 0x02, 0x00, 0x2f, 0x01, 0x03, 0x00, 0x02, 0x00, 0x00, 0x00,
    0x00, 0x40, 0x00, 0x00, 0x90, 0x50, 0x02, 0x00, 0x01, 0x01, 0x04, 0x00,
    0x02, 0x01, 0x04, 0x00, 0x10, 0x40, 0x00, 0x00, 0xd0, 0x57, 0x02, 0x00,
    0x20, 0x01, 0x08, 0x00, 0x20, 0x40, 0x00, 0x00, 0x10, 0x0b, 0x00, 0x00,
    0x21, 0x40, 0x00, 0x00, 0xd0, 0x00, 0x00, 0x00, 0x22, 0x40, 0x00, 0x00,
    0x70, 0x0a, 0x00, 0x00, 0x2f, 0x01, 0x01, 0x00, 0x03, 0x00, 0x00, 0x00,
    0x00, 0x40, 0x00, 0x00, 0x30, 0x54, 0x02, 0x00, 0x10, 0x40, 0x00, 0x00,
    0x70, 0x5b, 0x02, 0x00, 0x2f, 0x01, 0x03, 0x00, 0x03, 0x00, 0x00, 0x00,
    0x00, 0x40, 0x00, 0x00, 0xd0, 0x57, 0x02, 0x00, 0x01, 0x01, 0x00, 0x00,
    0x02, 0x01, 0x00, 0x00, 0x10, 0x40, 0x00, 0x00, 0xf0, 0xa9, 0x01, 0x00,
    0x20, 0x01, 0x00, 0x00, 0x20, 0x40, 0x00, 0x00, 0x80, 0x0c, 0x00, 0x00,
    0x21, 0x40, 0x00, 0x00, 0x50, 0x01, 0x00, 0x00, 0x22, 0x40, 0x00, 0x00,
    0xe0, 0x0b, 0x00, 0x00, 0x2f, 0x01, 0x01, 0x00, 0x02, 0x00, 0x00, 0x00,
    0x00, 0x40, 0x00, 0x00, 0x70, 0x5b, 0x02, 0x00, 0x10, 0x40, 0x00, 0x00,
    0x90, 0xad, 0x01, 0x00, 0x2f, 0x01, 0x03, 0x00, 0x02, 0x00, 0x00, 0x00,
    0x00, 0x40, 0x00, 0x00, 0xb0, 0x85, 0x01, 0x00, 0x0b, 0x01, 0x04, 0x00,
    0x0c, 0x01, 0x04, 0x00, 0x01, 0x01, 0x01, 0x00, 0x02, 0x01, 0x01, 0x00,
    0x10, 0x40, 0x00, 0x00, 0x50, 0x49, 0x02, 0x00, 0x21, 0x01, 0x04, 0x00,
    0x20, 0x01, 0x02, 0x00, 0x20, 0x40, 0x00, 0x00, 0x70, 0x07, 0x00, 0x00,
    0x21, 0x40, 0x00, 0x00, 0x10, 0x01, 0x00, 0x00, 0x22, 0x40, 0x00, 0x00,
    0xd0, 0x06, 0x00, 0x00, 0x0d, 0x01, 0x12, 0x00, 0x03, 0x00, 0x00, 0x00,
    0x00, 0x40, 0x00, 0x00, 0x50, 0x89, 0x01, 0x00, 0x10, 0x40, 0x00, 0x00,
    0xf0, 0x4c, 0x02, 0x00, 0x03, 0x00, 0x00, 0x00, 0x00, 0x40, 0x00, 0x00,
    0x50, 0x49, 0x02, 0x00, 0x0b, 0x01, 0x00, 0x00, 0x0c, 0x01, 0x00, 0x00,
    0x01, 0x01, 0x00, 0x00, 0x02, 0x01, 0x00, 0x00, 0x10, 0x40, 0x00, 0x00,
    0x90, 0x50, 0x02, 0x00, 0x21, 0x01, 0x00, 0x00, 0x20, 0x01, 0x00, 0x00,
    0x20, 0x40, 0x00, 0x00, 0x20, 0x09, 0x00, 0x00, 0x21, 0x40, 0x00, 0x00,
    0x50, 0x01, 0x00, 0x00, 0x22, 0x40, 0x00, 0x00, 0x80, 0x08, 0x00, 0x00,
    0x0d, 0x01, 0x0a, 0x00, 0x2f, 0x01, 0x01, 0x00, 0x02, 0x00, 0x00, 0x00,
    0x00, 0x40, 0x00, 0x00, 0xf0, 0x4c, 0x02, 0x00, 0x10, 0x40, 0x00, 0x00,
    0x30, 0x54, 0x02, 0x00, 0x2f, 0x01, 0x03, 0x00, 0x02, 0x00, 0x00, 0x00,
    0x00, 0x40, 0x00, 0x00, 0x90, 0x50, 0x02, 0x00, 0x01, 0x01, 0x04, 0x00,
    0x02, 0x01, 0x04, 0x00, 0x10, 0x40, 0x00, 0x00, 0xd0, 0x57, 0x02, 0x00,
    0x20, 0x01, 0x08, 0x00, 0x20, 0x40, 0x00, 0x00, 0x10, 0x0b, 0x00, 0x00,
    0x21, 0x40, 0x00, 0x00, 0xd0, 0x00, 0x00, 0x00, 0x22, 0x40, 0x00, 0x00,
    0x70, 0x0a, 0x00, 0x00, 0x2f, 0x01, 0x01, 0x00, 0x03, 0x00, 0x00, 0x00,
    0x00, 0x40, 0x00, 0x00, 0x30, 0x54, 0x02, 0x00, 0x10, 0x40, 0x00, 0x00,
    0x70, 0x5b, 0x02, 0x00, 0x2f, 0x01, 0x03, 0x00, 0x03, 0x00, 0x00, 0x00,
    0x00, 0x40, 0x00, 0x00, 0xd0, 0x57, 0x02, 0x00, 0x01, 0x01, 0x00, 0x00,
    0x02, 0x01, 0x00, 0x00, 0x10, 0x40, 0x00, 0x00, 0x30, 0xb1, 0x01, 0x00,
    0x20, 0x01, 0x00, 0x00, 0x20, 0x40, 0x00, 0x00, 0x80, 0x0c, 0x00, 0x00,
    0x21, 0x40, 0x00, 0x00, 0x50, 0x01, 0x00, 0x00, 0x22, 0x40, 0x00, 0x00,
    0xe0, 0x0b, 0x00, 0x00, 0x2f, 0x01, 0x01, 0x00, 0x02, 0x00, 0x00, 0x00,
    0x00, 0x40, 0x00, 0x00, 0x70, 0x5b, 0x02, 0x00, 0x10, 0x40, 0x00, 0x00,
    0xd0, 0xb4, 0x01, 0x00, 0x2f, 0x01, 0x03, 0x00, 0x02, 0x00, 0x00, 0x00,
    0x00, 0x40, 0x00, 0x00, 0x40, 0x28, 0x01, 0x00, 0x0b, 0x01, 0x01, 0x00,
    0x0c, 0x01, 0x01, 0x00, 0x0a, 0x01, 0x72, 0x00, 0x04, 0x01, 0x03, 0x00,
    0x05, 0x40, 0x00, 0x00, 0xcc, 0x01, 0x00, 0x00, 0x04, 0x40, 0x00, 0x00,
    0x04, 0x00, 0x00, 0x00, 0x06, 0x40, 0x00, 0x00, 0x01, 0x00, 0x00, 0x00,
    0x09, 0x01, 0x00, 0x00, 0x05, 0x01, 0x01, 0x00, 0x10, 0x40, 0x00, 0x00,
    0xf0, 0x1d, 0x02, 0x00, 0x11, 0x01, 0x72, 0x00, 0x1a, 0x01, 0x72, 0x00,
    0x13, 0x01, 0x03, 0x00, 0x15, 0x40, 0x00, 0x00, 0x30, 0x07, 0x00, 0x00,
    0x16, 0x40, 0x00, 0x00, 0x30, 0x07, 0x00, 0x00, 0x18, 0x01, 0x00, 0x00,
    0x14, 0x01, 0x41, 0x81, 0x21, 0x01, 0x01, 0x00, 0x22, 0x01, 0x02, 0x00,
    0x15, 0x01, 0x15, 0x00, 0x17, 0x01, 0x07, 0x00, 0x05, 0x00, 0x01, 0x00,
    0x00, 0x40, 0x00, 0x00, 0xd8, 0x2b, 0x01, 0x00, 0x10, 0x40, 0x00, 0x00,
    0x20, 0x25, 0x02, 0x00, 0x05, 0x00, 0x01, 0x00, 0x00, 0x40, 0x00, 0x00,
    0xf0, 0x1d, 0x02, 0x00, 0x0b, 0x01, 0x00, 0x00, 0x0c, 0x01, 0x00, 0x00,
    0x05, 0x40, 0x00, 0x00, 0x30, 0x07, 0x00, 0x00, 0x04, 0x40, 0x00, 0x00,
    0x10, 0x00, 0x00, 0x00, 0x06, 0x40, 0x00, 0x00, 0x30, 0x07, 0x00, 0x00,
    0x09, 0x01, 0xff, 0xff, 0x05, 0x01, 0x41, 0x00, 0x01, 0x01, 0x01, 0x00,
    0x02, 0x01, 0x01, 0x00, 0x10, 0x40, 0x00, 0x00, 0x50, 0x2c, 0x02, 0x00,
    0x11, 0x01, 0x39, 0x00, 0x1a, 0x01, 0x39, 0x00, 0x13, 0x01, 0x0b, 0x00,
    0x15, 0x40, 0x00, 0x00, 0xa0, 0x03, 0x00, 0x00, 0x16, 0x40, 0x00, 0x00,
    0xa0, 0x03, 0x00, 0x00, 0x18, 0x01, 0x80, 0xff, 0x14, 0x01, 0x41, 0x00,
    0x21, 0x01, 0x00, 0x00, 0x20, 0x01, 0x02, 0x00, 0x22, 0x01, 0x05, 0x00,
    0x20, 0x40, 0x00, 0x00, 0x80, 0x00, 0x00, 0x00, 0x21, 0x40, 0x00, 0x00,
    0x00, 0x01, 0x00, 0x00, 0x22, 0x40, 0x00, 0x00, 0x00, 0x00, 0x00, 0x00,
    0x23, 0x40, 0x00, 0x00, 0x80, 0x00, 0x00, 0x00, 0x15, 0x01, 0x39, 0x00,
    0x17, 0x01, 0x0f, 0x00, 0x2f, 0x01, 0x01, 0x00, 0x02, 0x00, 0x00, 0x00,
    0x00, 0x40, 0x00, 0x00, 0x20, 0x25, 0x02, 0x00, 0x10, 0x40, 0x00, 0x00,
    0xf0, 0x2f, 0x02, 0x00, 0x2f, 0x01, 0x03, 0x00, 0x02, 0x00, 0x00, 0x00,
    0x00, 0x40, 0x00, 0x00, 0x50, 0x2c, 0x02, 0x00, 0x0a, 0x01, 0x39, 0x00,
    0x04, 0x01, 0x0b, 0x00, 0x05, 0x40, 0x00, 0x00, 0xa0, 0x03, 0x00, 0x00,
    0x06, 0x40, 0x00, 0x00, 0xa0, 0x03, 0x00, 0x00, 0x09, 0x01, 0x80, 0xff,
    0x01, 0x01, 0x03, 0x00, 0x02, 0x01, 0x03, 0x00, 0x10, 0x40, 0x00, 0x00,
    0x90, 0x33, 0x02, 0x00, 0x20, 0x01, 0x06, 0x00, 0x22, 0x01, 0x00, 0x00,
    0x20, 0x40, 0x00, 0x00, 0x00, 0x02, 0x00, 0x00, 0x21, 0x40, 0x00, 0x00,
    0x90, 0x00, 0x00, 0x00, 0x22, 0x40, 0x00, 0x00, 0x80, 0x01, 0x00, 0x00,
    0x2f, 0x01, 0x01, 0x00, 0x03, 0x00, 0x00, 0x00, 0x00, 0x40, 0x00, 0x00,
    0xf0, 0x2f, 0x02, 0x00, 0x10, 0x40, 0x00, 0x00, 0x30, 0x37, 0x02, 0x00,
    0x2f, 0x01, 0x03, 0x00, 0x03, 0x00, 0x00, 0x00, 0x00, 0x40, 0x00, 0x00,
    0x90, 0x33, 0x02, 0x00, 0x01, 0x01, 0x00, 0x00, 0x02, 0x01, 0x00, 0x00,
    0x10, 0x40, 0x00, 0x00, 0xd0, 0x3a, 0x02, 0x00, 0x20, 0x01, 0x00, 0x00,
    0x20, 0x40, 0x00, 0x00, 0x10, 0x03, 0x00, 0x00, 0x21, 0x40, 0x00, 0x00,
    0xe0, 0x00, 0x00, 0x00, 0x22, 0x40, 0x00, 0x00, 0x90, 0x02, 0x00, 0x00,
    0x2f, 0x01, 0x01, 0x00, 0x02, 0x00, 0x00, 0x00, 0x00, 0x40, 0x00, 0x00,
    0x30, 0x37, 0x02, 0x00, 0x10, 0x40, 0x00, 0x00, 0x70, 0x3e, 0x02, 0x00,
    0x2f, 0x01, 0x03, 0x00, 0x02, 0x00, 0x00, 0x00, 0x00, 0x40, 0x00, 0x00,
    0xd0, 0x3a, 0x02, 0x00, 0x01, 0x01, 0x04, 0x00, 0x02, 0x01, 0x04, 0x00,
    0x10, 0x40, 0x00, 0x00, 0x10, 0x42, 0x02, 0x00, 0x20, 0x01, 0x08, 0x00,
    0x20, 0x40, 0x00, 0x00, 0x70, 0x04, 0x00, 0x00, 0x21, 0x40, 0x00, 0x00,
    0xb0, 0x00, 0x00, 0x00, 0x22, 0x40, 0x00, 0x00, 0xf0, 0x03, 0x00, 0x00,
    0x2f, 0x01, 0x01, 0x00, 0x03, 0x00, 0x00, 0x00, 0x00, 0x40, 0x00, 0x00,
    0x70, 0x3e, 0x02, 0x00, 0x10, 0x40, 0x00, 0x00, 0xb0, 0x45, 0x02, 0x00,
    0x2f, 0x01, 0x03, 0x00, 0x03, 0x00, 0x00, 0x00, 0x00, 0x40, 0x00, 0x00,
    0x10, 0x42, 0x02, 0x00, 0x01, 0x01, 0x00, 0x00, 0x02, 0x01, 0x00, 0x00,
    0x10, 0x40, 0x00, 0x00, 0x70, 0x9b, 0x01, 0x00, 0x13, 0x01, 0x0f, 0x00,
    0x20, 0x01, 0x00, 0x00, 0x20, 0x40, 0x00, 0x00, 0xc0, 0x05, 0x00, 0x00,
    0x21, 0x40, 0x00, 0x00, 0x10, 0x01, 0x00, 0x00, 0x22, 0x40, 0x00, 0x00,
    0x20, 0x05, 0x00, 0x00, 0x23, 0x40, 0x00, 0x00, 0xa0, 0x00, 0x00, 0x00,
    0x2f, 0x01, 0x01, 0x00, 0x02, 0x00, 0x00, 0x00, 0x00, 0x40, 0x00, 0x00,
    0xb0, 0x45, 0x02, 0x00, 0x10, 0x40, 0x00, 0x00, 0x10, 0x9f, 0x01, 0x00,
    0x2f, 0x01, 0x03, 0x00, 0x02, 0x00, 0x00, 0x00, 0x00, 0x40, 0x00, 0x00,
    0x70, 0x2f, 0x01, 0x00, 0x0b, 0x01, 0x01, 0x00, 0x0c, 0x01, 0x01, 0x00,
    0x0a, 0x01, 0x72, 0x00, 0x04, 0x01, 0x03, 0x00, 0x05, 0x40, 0x00, 0x00,
    0xcc, 0x01, 0x00, 0x00, 0x04, 0x40, 0x00, 0x00, 0x04, 0x00, 0x00, 0x00,
    0x06, 0x40, 0x00, 0x00, 0x01, 0x00, 0x00, 0x00, 0x09, 0x01, 0x00, 0x00,
    0x05, 0x01, 0x01, 0x00, 0x10, 0x40, 0x00, 0x00, 0xf0, 0x1d, 0x02, 0x00,
    0x11, 0x01, 0x72, 0x00, 0x1a, 0x01, 0x72, 0x00, 0x13, 0x01, 0x03, 0x00,
    0x15, 0x40, 0x00, 0x00, 0x30, 0x07, 0x00, 0x00, 0x16, 0x40, 0x00, 0x00,
    0x30, 0x07, 0x00, 0x00, 0x18, 0x01, 0x00, 0x00, 0x14, 0x01, 0x41, 0x81,
    0x21, 0x01, 0x01, 0x00, 0x22, 0x01, 0x02, 0x00, 0x15, 0x01, 0x15, 0x00,
    0x17, 0x01, 0x07, 0x00, 0x05, 0x00, 0x01, 0x00, 0x00, 0x40, 0x00, 0x00,
    0x08, 0x33, 0x01, 0x00, 0x10, 0x40, 0x00, 0x00, 0x20, 0x25, 0x02, 0x00,
    0x05, 0x00, 0x01, 0x00, 0x00, 0x40, 0x00, 0x00, 0xf0, 0x1d, 0x02, 0x00,
    0x0b, 0x01, 0x00, 0x00, 0x0c, 0x01, 0x00, 0x00, 0x05, 0x40, 0x00, 0x00,
    0x30, 0x07, 0x00, 0x00, 0x04, 0x40, 0x00, 0x00, 0x10, 0x00, 0x00, 0x00,
    0x06, 0x40, 0x00, 0x00, 0x30, 0x07, 0x00, 0x00, 0x09, 0x01, 0xff, 0xff,
    0x05, 0x01, 0x41, 0x00, 0x01, 0x01, 0x01, 0x00, 0x02, 0x01, 0x01, 0x00,
    0x10, 0x40, 0x00, 0x00, 0x50, 0x2c, 0x02, 0x00, 0x11, 0x01, 0x39, 0x00,
    0x1a, 0x01, 0x39, 0x00, 0x13, 0x01, 0x0b, 0x00, 0x15, 0x40, 0x00, 0x00,
    0xa0, 0x03, 0x00, 0x00, 0x16, 0x40, 0x00, 0x00, 0xa0, 0x03, 0x00, 0x00,
    0x18, 0x01, 0x80, 0xff, 0x14, 0x01, 0x41, 0x00, 0x21, 0x01, 0x00, 0x00,
    0x20, 0x01, 0x02, 0x00, 0x22, 0x01, 0x05, 0x00, 0x20, 0x40, 0x00, 0x00,
    0x80, 0x00, 0x00, 0x00, 0x21, 0x40, 0x00, 0x00, 0x00, 0x01, 0x00, 0x00,
    0x22, 0x40, 0x00, 0x00, 0x00, 0x00, 0x00, 0x00, 0x23, 0x40, 0x00, 0x00,
    0x80, 0x00, 0x00, 0x00, 0x15, 0x01, 0x39, 0x00, 0x17, 0x01, 0x0f, 0x00,
    0x2f, 0x01, 0x01, 0x00, 0x02, 0x00, 0x00, 0x00, 0x00, 0x40, 0x00, 0x00,
    0x20, 0x25, 0x02, 0x00, 0x10, 0x40, 0x00, 0x00, 0xf0, 0x2f, 0x02, 0x00,
    0x2f, 0x01, 0x03, 0x00, 0x02, 0x00, 0x00, 0x00, 0x00, 0x40, 0x00, 0x00,
    0x50, 0x2c, 0x02, 0x00, 0x0a, 0x01, 0x39, 0x00, 0x04, 0x01, 0x0b, 0x00,
    0x05, 0x40, 0x00, 0x00, 0xa0, 0x03, 0x00, 0x00, 0x06, 0x40, 0x00, 0x00,
    0xa0, 0x03, 0x00, 0x00, 0x09, 0x01, 0x80, 0xff, 0x01, 0x01, 0x03, 0x00,
    0x02, 0x01, 0x03, 0x00, 0x10, 0x40, 0x00, 0x00, 0x90, 0x33, 0x02, 0x00,
    0x20, 0x01, 0x06, 0x00, 0x22, 0x01, 0x00, 0x00, 0x20, 0x40, 0x00, 0x00,
    0x00, 0x02, 0x00, 0x00, 0x21, 0x40, 0x00, 0x00, 0x90, 0x00, 0x00, 0x00,
    0x22, 0x40, 0x00, 0x00, 0x80, 0x01, 0x00, 0x00, 0x2f, 0x01, 0x01, 0x00,
    0x03, 0x00, 0x00, 0x00, 0x00, 0x40, 0x00, 0x00, 0xf0, 0x2f, 0x02, 0x00,
    0x10, 0x40, 0x00, 0x00, 0x30, 0x37, 0x02, 0x00, 0x2f, 0x01, 0x03, 0x00,
    0x03, 0x00, 0x00, 0x00, 0x00, 0x40, 0x00, 0x00, 0x90, 0x33, 0x02, 0x00,
    0x01, 0x01, 0x00, 0x00, 0x02, 0x01, 0x00, 0x00, 0x10, 0x40, 0x00, 0x00,
    0xd0, 0x3a, 0x02, 0x00, 0x20, 0x01, 0x00, 0x00, 0x20, 0x40, 0x00, 0x00,
    0x10, 0x03, 0x00, 0x00, 0x21, 0x40, 0x00, 0x00, 0xe0, 0x00, 0x00, 0x00,
    0x22, 0x40, 0x00, 0x00, 0x90, 0x02, 0x00, 0x00, 0x2f, 0x01, 0x01, 0x00,
    0x02, 0x00, 0x00, 0x00, 0x00, 0x40, 0x00, 0x00, 0x30, 0x37, 0x02, 0x00,
    0x10, 0x40, 0x00, 0x00, 0x70, 0x3e, 0x02, 0x00, 0x2f, 0x01, 0x03, 0x00,
    0x02, 0x00, 0x00, 0x00, 0x00, 0x40, 0x00, 0x00, 0xd0, 0x3a, 0x02, 0x00,
    0x01, 0x01, 0x04, 0x00, 0x02, 0x01, 0x04, 0x00, 0x10, 0x40, 0x00, 0x00,
    0x10, 0x42, 0x02, 0x00, 0x20, 0x01, 0x08, 0x00, 0x20, 0x40, 0x00, 0x00,
    0x70, 0x04, 0x00, 0x00, 0x21, 0x40, 0x00, 0x00, 0xb0, 0x00, 0x00, 0x00,
    0x22, 0x40, 0x00, 0x00, 0xf0, 0x03, 0x00, 0x00, 0x2f, 0x01, 0x01, 0x00,
    0x03, 0x00, 0x00, 0x00, 0x00, 0x40, 0x00, 0x00, 0x70, 0x3e, 0x02, 0x00,
    0x10, 0x40, 0x00, 0x00, 0xb0, 0x45, 0x02, 0x00, 0x2f, 0x01, 0x03, 0x00,
    0x03, 0x00, 0x00, 0x00, 0x00, 0x40, 0x00, 0x00, 0x10, 0x42, 0x02, 0x00,
    0x01, 0x01, 0x00, 0x00, 0x02, 0x01, 0x00, 0x00, 0x10, 0x40, 0x00, 0x00,
    0xb0, 0xa2, 0x01, 0x00, 0x13, 0x01, 0x0f, 0x00, 0x20, 0x01, 0x00, 0x00,
    0x20, 0x40, 0x00, 0x00, 0xc0, 0x05, 0x00, 0x00, 0x21, 0x40, 0x00, 0x00,
    0x10, 0x01, 0x00, 0x00, 0x22, 0x40, 0x00, 0x00, 0x20, 0x05, 0x00, 0x00,
    0x23, 0x40, 0x00, 0x00, 0xa0, 0x00, 0x00, 0x00, 0x2f, 0x01, 0x01, 0x00,
    0x02, 0x00, 0x00, 0x00, 0x00, 0x40, 0x00, 0x00, 0xb0, 0x45, 0x02, 0x00,
    0x10, 0x40, 0x00, 0x00, 0x50, 0xa6, 0x01, 0x00, 0x2f, 0x01, 0x03, 0x00,
    0x02, 0x00, 0x00, 0x00, 0x00, 0x40, 0x00, 0x00, 0xa0, 0x36, 0x01, 0x00,
    0x0b, 0x01, 0x01, 0x00, 0x0c, 0x01, 0x01, 0x00, 0x0a, 0x01, 0x72, 0x00,
    0x04, 0x01, 0x03, 0x00, 0x05, 0x40, 0x00, 0x00, 0xcc, 0x01, 0x00, 0x00,
    0x04, 0x40, 0x00, 0x00, 0x04, 0x00, 0x00, 0x00, 0x06, 0x40, 0x00, 0x00,
    0x01, 0x00, 0x00, 0x00, 0x09, 0x01, 0x00, 0x00, 0x05, 0x01, 0x01, 0x00,
    0x10, 0x40, 0x00, 0x00, 0xf0, 0x1d, 0x02, 0x00, 0x11, 0x01, 0x72, 0x00,
    0x1a, 0x01, 0x72, 0x00, 0x13, 0x01, 0x03, 0x00, 0x15, 0x40, 0x00, 0x00,
    0x30, 0x07, 0x00, 0x00, 0x16, 0x40, 0x00, 0x00, 0x30, 0x07, 0x00, 0x00,
    0x18, 0x01, 0x00, 0x00, 0x14, 0x01, 0x41, 0x81, 0x21, 0x01, 0x01, 0x00,
    0x22, 0x01, 0x02, 0x00, 0x15, 0x01, 0x15, 0x00, 0x17, 0x01, 0x07, 0x00,
    0x05, 0x00, 0x01, 0x00, 0x00, 0x40, 0x00, 0x00, 0x38, 0x3a, 0x01, 0x00,
    0x10, 0x40, 0x00, 0x00, 0x20, 0x25, 0x02, 0x00, 0x05, 0x00, 0x01, 0x00,
    0x00, 0x40, 0x00, 0x00, 0xf0, 0x1d, 0x02, 0x00, 0x0b, 0x01, 0x00, 0x00,
    0x0c, 0x01, 0x00, 0x00, 0x05, 0x40, 0x00, 0x00, 0x30, 0x07, 0x00, 0x00,
    0x04, 0x40, 0x00, 0x00, 0x10, 0x00, 0x00, 0x00, 0x06, 0x40, 0x00, 0x00,
    0x30, 0x07, 0x00, 0x00, 0x09, 0x01, 0xff, 0xff, 0x05, 0x01, 0x41, 0x00,
    0x01, 0x01, 0x01, 0x00, 0x02, 0x01, 0x01, 0x00, 0x10, 0x40, 0x00, 0x00,
    0x50, 0x2c, 0x02, 0x00, 0x11, 0x01, 0x39, 0x00, 0x1a, 0x01, 0x39, 0x00,
    0x13, 0x01, 0x0b, 0x00, 0x15, 0x40, 0x00, 0x00, 0xa0, 0x03, 0x00, 0x00,
    0x16, 0x40, 0x00, 0x00, 0xa0, 0x03, 0x00, 0x00, 0x18, 0x01, 0x80, 0xff,
    0x14, 0x01, 0x41, 0x00, 0x21, 0x01, 0x00, 0x00, 0x20, 0x01, 0x02, 0x00,
    0x22, 0x01, 0x05, 0x00, 0x20, 0x40, 0x00, 0x00, 0x80, 0x00, 0x00, 0x00,
    0x21, 0x40, 0x00, 0x00, 0x00, 0x01, 0x00, 0x00, 0x22, 0x40, 0x00, 0x00,
    0x00, 0x00, 0x00, 0x00, 0x23, 0x40, 0x00, 0x00, 0x80, 0x00, 0x00, 0x00,
    0x15, 0x01, 0x39, 0x00, 0x17, 0x01, 0x0f, 0x00, 0x2f, 0x01, 0x01, 0x00,
    0x02, 0x00, 0x00, 0x00, 0x00, 0x40, 0x00, 0x00, 0x20, 0x25, 0x02, 0x00,
    0x10, 0x40, 0x00, 0x00, 0xf0, 0x2f, 0x02, 0x00, 0x2f, 0x01, 0x03, 0x00,
    0x02, 0x00, 0x00, 0x00, 0x00, 0x40, 0x00, 0x00, 0x50, 0x2c, 0x02, 0x00,
    0x0a, 0x01, 0x39, 0x00, 0x04, 0x01, 0x0b, 0x00, 0x05, 0x40, 0x00, 0x00,
    0xa0, 0x03, 0x00, 0x00, 0x06, 0x40, 0x00, 0x00, 0xa0, 0x03, 0x00, 0x00,
    0x09, 0x01, 0x80, 0xff, 0x01, 0x01, 0x03, 0x00, 0x02, 0x01, 0x03, 0x00,
    0x10, 0x40, 0x00, 0x00, 0x90, 0x33, 0x02, 0x00, 0x20, 0x01, 0x06, 0x00,
    0x22, 0x01, 0x00, 0x00, 0x20, 0x40, 0x00, 0x00, 0x00, 0x02, 0x00, 0x00,
    0x21, 0x40, 0x00, 0x00, 0x90, 0x00, 0x00, 0x00, 0x22, 0x40, 0x00, 0x00,
    0x80, 0x01, 0x00, 0x00, 0x2f, 0x01, 0x01, 0x00, 0x03, 0x00, 0x00, 0x00,
    0x00, 0x40, 0x00, 0x00, 0xf0, 0x2f, 0x02, 0x00, 0x10, 0x40, 0x00, 0x00,
    0x30, 0x37, 0x02, 0x00, 0x2f, 0x01, 0x03, 0x00, 0x03, 0x00, 0x00, 0x00,
    0x00, 0x40, 0x00, 0x00, 0x90, 0x33, 0x02, 0x00, 0x01, 0x01, 0x00, 0x00,
    0x02, 0x01, 0x00, 0x00, 0x10, 0x40, 0x00, 0x00, 0xd0, 0x3a, 0x02, 0x00,
    0x20, 0x01, 0x00, 0x00, 0x20, 0x40, 0x00, 0x00, 0x10, 0x03, 0x00, 0x00,
    0x21, 0x40, 0x00, 0x00, 0xe0, 0x00, 0x00, 0x00, 0x22, 0x40, 0x00, 0x00,
    0x90, 0x02, 0x00, 0x00, 0x2f, 0x01, 0x01, 0x00, 0x02, 0x00, 0x00, 0x00,
    0x00, 0x40, 0x00, 0x00, 0x30, 0x37, 0x02, 0x00, 0x10, 0x40, 0x00, 0x00,
    0x70, 0x3e, 0x02, 0x00, 0x2f, 0x01, 0x03, 0x00, 0x02, 0x00, 0x00, 0x00,
    0x00, 0x40, 0x00, 0x00, 0xd0, 0x3a, 0x02, 0x00, 0x01, 0x01, 0x04, 0x00,
    0x02, 0x01, 0x04, 0x00, 0x10, 0x40, 0x00, 0x00, 0x10, 0x42, 0x02, 0x00,
    0x20, 0x01, 0x08, 0x00, 0x20, 0x40, 0x00, 0x00, 0x70, 0x04, 0x00, 0x00,
    0x21, 0x40, 0x00, 0x00, 0xb0, 0x00, 0x00, 0x00, 0x22, 0x40, 0x00, 0x00,
    0xf0, 0x03, 0x00, 0x00, 0x2f, 0x01, 0x01, 0x00, 0x03, 0x00, 0x00, 0x00,
    0x00, 0x40, 0x00, 0x00, 0x70, 0x3e, 0x02, 0x00, 0x10, 0x40, 0x00, 0x00,
    0xb0, 0x45, 0x02, 0x00, 0x2f, 0x01, 0x03, 0x00, 0x03, 0x00, 0x00, 0x00,
    0x00, 0x40, 0x00, 0x00, 0x10, 0x42, 0x02, 0x00, 0x01, 0x01, 0x00, 0x00,
    0x02, 0x01, 0x00, 0x00, 0x10, 0x40, 0x00, 0x00, 0xb0, 0x85, 0x01, 0x00,
    0x13, 0x01, 0x0f, 0x00, 0x20, 0x01, 0x00, 0x00, 0x20, 0x40, 0x00, 0x00,
    0xc0, 0x05, 0x00, 0x00, 0x21, 0x40, 0x00, 0x00, 0x10, 0x01, 0x00, 0x00,
    0x22, 0x40, 0x00, 0x00, 0x20, 0x05, 0x00, 0x00, 0x23, 0x40, 0x00, 0x00,
    0xa0, 0x00, 0x00, 0x00, 0x2f, 0x01, 0x01, 0x00, 0x02, 0x00, 0x00, 0x00,
    0x00, 0x40, 0x00, 0x00, 0xb0, 0x45, 0x02, 0x00, 0x10, 0x40, 0x00, 0x00,
    0x50, 0x89, 0x01, 0x00, 0x2f, 0x01, 0x03, 0x00, 0x02, 0x00, 0x00, 0x00,
    0x00, 0x40, 0x00, 0x00, 0xf0, 0x8c, 0x01, 0x00, 0x0b, 0x01, 0x04, 0x00,
    0x0c, 0x01, 0x04, 0x00, 0x04, 0x01, 0x0f, 0x00, 0x01, 0x01, 0x01, 0x00,
    0x02, 0x01, 0x01, 0x00, 0x10, 0x40, 0x00, 0x00, 0x50, 0x49, 0x02, 0x00,
    0x21, 0x01, 0x04, 0x00, 0x20, 0x01, 0x02, 0x00, 0x20, 0x40, 0x00, 0x00,
    0x70, 0x07, 0x00, 0x00, 0x22, 0x40, 0x00, 0x00, 0xd0, 0x06, 0x00, 0x00,
    0x0d, 0x01, 0x12, 0x00, 0x2f, 0x01, 0x01, 0x00, 0x03, 0x00, 0x00, 0x00,
    0x00, 0x40, 0x00, 0x00, 0x90, 0x90, 0x01, 0x00, 0x10, 0x40, 0x00, 0x00,
    0xf0, 0x4c, 0x02, 0x00, 0x2f, 0x01, 0x03, 0x00, 0x03, 0x00, 0x00, 0x00,
    0x00, 0x40, 0x00, 0x00, 0x50, 0x49, 0x02, 0x00, 0x0b, 0x01, 0x00, 0x00,
    0x0c, 0x01, 0x00, 0x00, 0x01, 0x01, 0x00, 0x00, 0x02, 0x01, 0x00, 0x00,
    0x10, 0x40, 0x00, 0x00, 0x90, 0x50, 0x02, 0x00, 0x21, 0x01, 0x00, 0x00,
    0x20, 0x01, 0x00, 0x00, 0x20, 0x40, 0x00, 0x00, 0x20, 0x09, 0x00, 0x00,
    0x21, 0x40, 0x00, 0x00, 0x50, 0x01, 0x00, 0x00, 0x22, 0x40, 0x00, 0x00,
    0x80, 0x08, 0x00, 0x00, 0x0d, 0x01, 0x0a, 0x00, 0x2f, 0x01, 0x01, 0x00,
    0x02, 0x00, 0x00, 0x00, 0x00, 0x40, 0x00, 0x00, 0xf0, 0x4c, 0x02, 0x00,
    0x10, 0x40, 0x00, 0x00, 0x30, 0x54, 0x02, 0x00, 0x2f, 0x01, 0x03, 0x00,
    0x02, 0x00, 0x00, 0x00, 0x00, 0x40, 0x00, 0x00, 0x90, 0x50, 0x02, 0x00,
    0x01, 0x01, 0x04, 0x00, 0x02, 0x01, 0x04, 0x00, 0x10, 0x40, 0x00, 0x00,
    0xd0, 0x57, 0x02, 0x00, 0x20, 0x01, 0x08, 0x00, 0x20, 0x40, 0x00, 0x00,
    0x10, 0x0b, 0x00, 0x00, 0x21, 0x40, 0x00, 0x00, 0xd0, 0x00, 0x00, 0x00,
    0x22, 0x40, 0x00, 0x00, 0x70, 0x0a, 0x00, 0x00, 0x2f, 0x01, 0x01, 0x00,
    0x03, 0x00, 0x00, 0x00, 0x00, 0x40, 0x00, 0x00, 0x30, 0x54, 0x02, 0x00,
    0x10, 0x40, 0x00, 0x00, 0x70, 0x5b, 0x02, 0x00, 0x2f, 0x01, 0x03, 0x00,
    0x03, 0x00, 0x00, 0x00, 0x00, 0x40, 0x00, 0x00, 0xd0, 0x57, 0x02, 0x00,
    0x01, 0x01, 0x00, 0x00, 0x02, 0x01, 0x00, 0x00, 0x10, 0x40, 0x00, 0x00,
    0x70, 0xb8, 0x01, 0x00, 0x20, 0x01, 0x00, 0x00, 0x20, 0x40, 0x00, 0x00,
    0x80, 0x0c, 0x00, 0x00, 0x21, 0x40, 0x00, 0x00, 0x50, 0x01, 0x00, 0x00,
    0x22, 0x40, 0x00, 0x00, 0xe0, 0x0b, 0x00, 0x00, 0x2f, 0x01, 0x01, 0x00,
    0x02, 0x00, 0x00, 0x00, 0x00, 0x40, 0x00, 0x00, 0x70, 0x5b, 0x02, 0x00,
    0x10, 0x40, 0x00, 0x00, 0x10, 0xbc, 0x01, 0x00, 0x2f, 0x01, 0x03, 0x00,
    0x02, 0x00, 0x00, 0x00, 0x00, 0x40, 0x00, 0x00, 0xb0, 0xbf, 0x01, 0x00,
    0x02, 0x40, 0x00, 0x00, 0xf0, 0xa9, 0x01, 0x00, 0x0b, 0x01, 0x03, 0x00,
    0x0c, 0x01, 0x03, 0x00, 0x01, 0x01, 0x01, 0x00, 0x02, 0x01, 0x01, 0x00,
    0x10, 0x40, 0x00, 0x00, 0x10, 0x5f, 0x02, 0x00, 0x21, 0x01, 0x04, 0x00,
    0x20, 0x01, 0x02, 0x00, 0x20, 0x40, 0x00, 0x00, 0x70, 0x0e, 0x00, 0x00,
    0x21, 0x40, 0x00, 0x00, 0x10, 0x01, 0x00, 0x00, 0x22, 0x40, 0x00, 0x00,
    0xd0, 0x0d, 0x00, 0x00, 0x0d, 0x01, 0x12, 0x00, 0x2f, 0x01, 0x01, 0x00,
    0x03, 0x00, 0x00, 0x00, 0x00, 0x40, 0x00, 0x00, 0x50, 0xc3, 0x01, 0x00,
    0x0b, 0x01, 0x02, 0x00, 0x0c, 0x01, 0x02, 0x00, 0x10, 0x40, 0x00, 0x00,
    0xb0, 0x62, 0x02, 0x00, 0x2f, 0x01, 0x03, 0x00, 0x03, 0x00, 0x00, 0x00,
    0x00, 0x40, 0x00, 0x00, 0x10, 0x5f, 0x02, 0x00, 0x02, 0x40, 0x00, 0x00,
    0x00, 0x00, 0x00, 0x00, 0x0b, 0x01, 0x00, 0x00, 0x0c, 0x01, 0x00, 0x00,
    0x01, 0x01, 0x00, 0x00, 0x02, 0x01, 0x00, 0x00, 0x10, 0x40, 0x00, 0x00,
    0x50, 0x66, 0x02, 0x00, 0x21, 0x01, 0x00, 0x00, 0x20, 0x01, 0x00, 0x00,
    0x20, 0x40, 0x00, 0x00, 0x20, 0x10, 0x00, 0x00, 0x21, 0x40, 0x00, 0x00,
    0x50, 0x01, 0x00, 0x00, 0x22, 0x40, 0x00, 0x00, 0x80, 0x0f, 0x00, 0x00,
    0x0d, 0x01, 0x0a, 0x00, 0x2f, 0x01, 0x01, 0x00, 0x02, 0x00, 0x00, 0x00,
    0x00, 0x40, 0x00, 0x00, 0xb0, 0x62, 0x02, 0x00, 0x10, 0x40, 0x00, 0x00,
    0xf0, 0x69, 0x02, 0x00, 0x2f, 0x01, 0x03, 0x00, 0x02, 0x00, 0x00, 0x00,
    0x00, 0x40, 0x00, 0x00, 0x50, 0x66, 0x02, 0x00, 0x01, 0x01, 0x04, 0x00,
    0x02, 0x01, 0x04, 0x00, 0x10, 0x40, 0x00, 0x00, 0x90, 0x6d, 0x02, 0x00,
    0x20, 0x01, 0x08, 0x00, 0x20, 0x40, 0x00, 0x00, 0x10, 0x12, 0x00, 0x00,
    0x21, 0x40, 0x00, 0x00, 0xb0, 0x00, 0x00, 0x00, 0x22, 0x40, 0x00, 0x00,
    0x70, 0x11, 0x00, 0x00, 0x2f, 0x01, 0x01, 0x00, 0x03, 0x00, 0x00, 0x00,
    0x00, 0x40, 0x00, 0x00, 0xf0, 0x69, 0x02, 0x00, 0x10, 0x40, 0x00, 0x00,
    0x30, 0x71, 0x02, 0x00, 0x2f, 0x01, 0x03, 0x00, 0x03, 0x00, 0x00, 0x00,
    0x00, 0x40, 0x00, 0x00, 0x90, 0x6d, 0x02, 0x00, 0x01, 0x01, 0x00, 0x00,
    0x02, 0x01, 0x00, 0x00, 0x10, 0x40, 0x00, 0x00, 0x30, 0xeb, 0x01, 0x00,
    0x20, 0x01, 0x00, 0x00, 0x20, 0x40, 0x00, 0x00, 0x60, 0x13, 0x00, 0x00,
    0x21, 0x40, 0x00, 0x00, 0x50, 0x01, 0x00, 0x00, 0x22, 0x40, 0x00, 0x00,
    0xc0, 0x12, 0x00, 0x00, 0x2f, 0x01, 0x01, 0x00, 0x02, 0x00, 0x00, 0x00,
    0x00, 0x40, 0x00, 0x00, 0x30, 0x71, 0x02, 0x00, 0x10, 0x40, 0x00, 0x00,
    0xd0, 0xee, 0x01, 0x00, 0x2f, 0x01, 0x03, 0x00, 0x02, 0x00, 0x00, 0x00,
    0x00, 0x40, 0x00, 0x00, 0x30, 0xce, 0x01, 0x00, 0x0b, 0x01, 0x04, 0x00,
    0x0c, 0x01, 0x04, 0x00, 0x01, 0x01, 0x01, 0x00, 0x02, 0x01, 0x01, 0x00,
    0x10, 0x40, 0x00, 0x00, 0xd0, 0x74, 0x02, 0x00, 0x21, 0x01, 0x04, 0x00,
    0x20, 0x01, 0x02, 0x00, 0x20, 0x40, 0x00, 0x00, 0x50, 0x15, 0x00, 0x00,
    0x21, 0x40, 0x00, 0x00, 0x10, 0x01, 0x00, 0x00, 0x22, 0x40, 0x00, 0x00,
    0xb0, 0x14, 0x00, 0x00, 0x0d, 0x01, 0x12, 0x00, 0x2f, 0x01, 0x01, 0x00,
    0x03, 0x00, 0x00, 0x00, 0x00, 0x40, 0x00, 0x00, 0xd0, 0xd1, 0x01, 0x00,
    0x10, 0x40, 0x00, 0x00, 0x70, 0x78, 0x02, 0x00, 0x2f, 0x01, 0x03, 0x00,
    0x03, 0x00, 0x00, 0x00, 0x00, 0x40, 0x00, 0x00, 0xd0, 0x74, 0x02, 0x00,
    0x0b, 0x01, 0x00, 0x00, 0x0c, 0x01, 0x00, 0x00, 0x01, 0x01, 0x00, 0x00,
    0x02, 0x01, 0x00, 0x00, 0x10, 0x40, 0x00, 0x00, 0xb0, 0xf9, 0x01, 0x00,
    0x21, 0x01, 0x00, 0x00, 0x20, 0x01, 0x00, 0x00, 0x20, 0x40, 0x00, 0x00,
    0x00, 0x17, 0x00, 0x00, 0x21, 0x40, 0x00, 0x00, 0x50, 0x01, 0x00, 0x00,
    0x22, 0x40, 0x00, 0x00, 0x60, 0x16, 0x00, 0x00, 0x0d, 0x01, 0x0a, 0x00,
    0x2f, 0x01, 0x01, 0x00, 0x02, 0x00, 0x00, 0x00, 0x00, 0x40, 0x00, 0x00,
    0x70, 0x78, 0x02, 0x00, 0x10, 0x40, 0x00, 0x00, 0x50, 0xfd, 0x01, 0x00,
    0x2f, 0x01, 0x03, 0x00, 0x02, 0x00, 0x00, 0x00, 0x00, 0x40, 0x00, 0x00,
    0x70, 0xd5, 0x01, 0x00, 0x0b, 0x01, 0x04, 0x00, 0x0c, 0x01, 0x04, 0x00,
    0x01, 0x01, 0x01, 0x00, 0x02, 0x01, 0x01, 0x00, 0x10, 0x40, 0x00, 0x00,
    0xd0, 0x74, 0x02, 0x00, 0x21, 0x01, 0x04, 0x00, 0x20, 0x01, 0x02, 0x00,
    0x20, 0x40, 0x00, 0x00, 0x50, 0x15, 0x00, 0x00, 0x21, 0x40, 0x00, 0x00,
    0x10, 0x01, 0x00, 0x00, 0x22, 0x40, 0x00, 0x00, 0xb0, 0x14, 0x00, 0x00,
    0x0d, 0x01, 0x12, 0x00, 0x03, 0x00, 0x00, 0x00, 0x00, 0x40, 0x00, 0x00,
    0x10, 0xd9, 0x01, 0x00, 0x10, 0x40, 0x00, 0x00, 0x70, 0x78, 0x02, 0x00,
    0x03, 0x00, 0x00, 0x00, 0x00, 0x40, 0x00, 0x00, 0xd0, 0x74, 0x02, 0x00,
    0x0b, 0x01, 0x00, 0x00, 0x0c, 0x01, 0x00, 0x00, 0x01, 0x01, 0x00, 0x00,
    0x02, 0x01, 0x00, 0x00, 0x10, 0x40, 0x00, 0x00, 0xf0, 0x00, 0x02, 0x00,
    0x21, 0x01, 0x00, 0x00, 0x20, 0x01, 0x00, 0x00, 0x20, 0x40, 0x00, 0x00,
    0x00, 0x17, 0x00, 0x00, 0x21, 0x40, 0x00, 0x00, 0x50, 0x01, 0x00, 0x00,
    0x22, 0x40, 0x00, 0x00, 0x60, 0x16, 0x00, 0x00, 0x0d, 0x01, 0x0a, 0x00,
    0x2f, 0x01, 0x01, 0x00, 0x02, 0x00, 0x00, 0x00, 0x00, 0x40, 0x00, 0x00,
    0x70, 0x78, 0x02, 0x00, 0x10, 0x40, 0x00, 0x00, 0x90, 0x04, 0x02, 0x00,
    0x2f, 0x01, 0x03, 0x00, 0x02, 0x00, 0x00, 0x00, 0x00, 0x40, 0x00, 0x00,
    0x70, 0xf2, 0x01, 0x00, 0x0b, 0x01, 0x02, 0x00, 0x0c, 0x01, 0x02, 0x00,
    0x01, 0x01, 0x02, 0x00, 0x02, 0x01, 0x02, 0x00, 0x10, 0x40, 0x00, 0x00,
    0xb0, 0x7f, 0x02, 0x00, 0x21, 0x01, 0x02, 0x00, 0x20, 0x01, 0x04, 0x00,
    0x20, 0x40, 0x00, 0x00, 0xf0, 0x18, 0x00, 0x00, 0x21, 0x40, 0x00, 0x00,
    0x10, 0x01, 0x00, 0x00, 0x22, 0x40, 0x00, 0x00, 0x50, 0x18, 0x00, 0x00,
    0x2f, 0x01, 0x01, 0x00, 0x03, 0x00, 0x00, 0x00, 0x00, 0x40, 0x00, 0x00,
    0x10, 0x7c, 0x02, 0x00, 0x0b, 0x01, 0x00, 0x00, 0x0c, 0x01, 0x00, 0x00,
    0x01, 0x01, 0x00, 0x00, 0x02, 0x01, 0x00, 0x00, 0x10, 0x40, 0x00, 0x00,
    0x30, 0x08, 0x02, 0x00, 0x21, 0x01, 0x00, 0x00, 0x20, 0x01, 0x00, 0x00,
    0x20, 0x40, 0x00, 0x00, 0xa0, 0x1a, 0x00, 0x00, 0x21, 0x40, 0x00, 0x00,
    0x50, 0x01, 0x00, 0x00, 0x22, 0x40, 0x00, 0x00, 0x00, 0x1a, 0x00, 0x00,
    0x02, 0x00, 0x00, 0x00, 0x00, 0x40, 0x00, 0x00, 0xb0, 0x7f, 0x02, 0x00,
    0x10, 0x40, 0x00, 0x00, 0xd0, 0x0b, 0x02, 0x00, 0x2f, 0x01, 0x03, 0x00,
    0x02, 0x00, 0x00, 0x00, 0x00, 0x40, 0x00, 0x00, 0x70, 0x0f, 0x02, 0x00,
    0x0b, 0x01, 0x02, 0x00, 0x0c, 0x01, 0x02, 0x00, 0x01, 0x01, 0x02, 0x00,
    0x02, 0x01, 0x02, 0x00, 0x10, 0x40, 0x00, 0x00, 0xea, 0x0c, 0x00, 0x00,
    0x13, 0x01, 0x00, 0x00, 0x15, 0x40, 0x00, 0x00, 0x3a, 0x00, 0x00, 0x00,
    0x14, 0x40, 0x00, 0x00, 0x01, 0x00, 0x00, 0x00, 0x16, 0x40, 0x00, 0x00,
    0x01, 0x00, 0x00, 0x00, 0x18, 0x01, 0x59, 0x00, 0x14, 0x01, 0x01, 0x00,
    0x21, 0x01, 0x02, 0x00, 0x20, 0x01, 0x04, 0x00, 0x22, 0x01, 0x04, 0x00,
    0x20, 0x40, 0x00, 0x00, 0x00, 0x1c, 0x00, 0x00, 0x21, 0x40, 0x00, 0x00,
    0x90, 0x01, 0x00, 0x00, 0x22, 0x40, 0x00, 0x00, 0xf0, 0x1b, 0x00, 0x00,
    0x23, 0x40, 0x00, 0x00, 0x10, 0x00, 0x00, 0x00, 0x17, 0x01, 0x07, 0x00,
    0x2f, 0x01, 0x01, 0x00, 0x02, 0x00, 0x00, 0x00, 0x00, 0x40, 0x00, 0x00,
    0x10, 0x13, 0x02, 0x00, 0x10, 0x40, 0x00, 0x00, 0x24, 0x0d, 0x00, 0x00,
    0x2f, 0x01, 0x03, 0x00, 0x02, 0x00, 0x00, 0x00, 0x00, 0x40, 0x00, 0x00,
    0xb0, 0x16, 0x02, 0x00, 0x02, 0x40, 0x00, 0x00, 0x30, 0x08, 0x02, 0x00,
    0x0b, 0x01, 0x01, 0x00, 0x0c, 0x01, 0x01, 0x00, 0x10, 0x40, 0x00, 0x00,
    0x5e, 0x0d, 0x00, 0x00, 0x02, 0x00, 0x00, 0x00, 0x00, 0x40, 0x00, 0x00,
    0x50, 0x1a, 0x02, 0x00, 0x0b, 0x01, 0x00, 0x00, 0x0c, 0x01, 0x00, 0x00,
    0x10, 0x40, 0x00, 0x00, 0x98, 0x0d, 0x00, 0x00, 0x02, 0x00, 0x00, 0x00,
    0x00, 0x40, 0x00, 0x00, 0x10, 0xf6, 0x01, 0x00, 0x02, 0x40, 0x00, 0x00,
    0x00, 0x00, 0x00, 0x00, 0x0b, 0x01, 0x02, 0x00, 0x0c, 0x01, 0x02, 0x00,
    0x10, 0x40, 0x00, 0x00, 0x10, 0x7c, 0x02, 0x00, 0x13, 0x01, 0x0f, 0x00,
    0x15, 0x40, 0x00, 0x00, 0xa0, 0x03, 0x00, 0x00, 0x14, 0x40, 0x00, 0x00,
    0x10, 0x00, 0x00, 0x00, 0x16, 0x40, 0x00, 0x00, 0xa0, 0x03, 0x00, 0x00,
    0x18, 0x01, 0x80, 0xff, 0x14, 0x01, 0x41, 0x00, 0x22, 0x01, 0x00, 0x00,
    0x20, 0x40, 0x00, 0x00, 0xf0, 0x18, 0x00, 0x00, 0x21, 0x40, 0x00, 0x00,
    0x10, 0x01, 0x00, 0x00, 0x22, 0x40, 0x00, 0x00, 0x50, 0x18, 0x00, 0x00,
    0x23, 0x40, 0x00, 0x00, 0xa0, 0x00, 0x00, 0x00, 0x17, 0x01, 0x0f, 0x00,
    0x03, 0x00, 0x00, 0x00, 0x00, 0x40, 0x00, 0x00, 0xb0, 0xf9, 0x01, 0x00,
    0x10, 0x40, 0x00, 0x00, 0xb0, 0x7f, 0x02, 0x00, 0x03, 0x00, 0x00, 0x00,
    0x00, 0x40, 0x00, 0x00, 0x10, 0x7c, 0x02, 0x00, 0x0b, 0x01, 0x00, 0x00,
    0x0c, 0x01, 0x00, 0x00, 0x01, 0x01, 0x00, 0x00, 0x02, 0x01, 0x00, 0x00,
    0x10, 0x40, 0x00, 0x00, 0x70, 0x0f, 0x02, 0x00, 0x21, 0x01, 0x00, 0x00,
    0x20, 0x01, 0x00, 0x00, 0x20, 0x40, 0x00, 0x00, 0xa0, 0x1a, 0x00, 0x00,
    0x21, 0x40, 0x00, 0x00, 0x50, 0x01, 0x00, 0x00, 0x22, 0x40, 0x00, 0x00,
    0x00, 0x1a, 0x00, 0x00, 0x2f, 0x01, 0x01, 0x00, 0x02, 0x00, 0x00, 0x00,
    0x00, 0x40, 0x00, 0x00, 0xb0, 0x7f, 0x02, 0x00, 0x10, 0x40, 0x00, 0x00,
    0x10, 0x13, 0x02, 0x00, 0x2f, 0x01, 0x03, 0x00, 0x02, 0x00, 0x00, 0x00,
    0x00, 0x40, 0x00, 0x00, 0x50, 0xfd, 0x01, 0x00, 0x0b, 0x01, 0x02, 0x00,
    0x0c, 0x01, 0x02, 0x00, 0x01, 0x01, 0x02, 0x00, 0x02, 0x01, 0x02, 0x00,
    0x10, 0x40, 0x00, 0x00, 0x10, 0x7c, 0x02, 0x00, 0x21, 0x01, 0x02, 0x00,
    0x20, 0x01, 0x04, 0x00, 0x20, 0x40, 0x00, 0x00, 0xf0, 0x18, 0x00, 0x00,
    0x21, 0x40, 0x00, 0x00, 0x10, 0x01, 0x00, 0x00, 0x22, 0x40, 0x00, 0x00,
    0x50, 0x18, 0x00, 0x00, 0x03, 0x00, 0x00, 0x00, 0x00, 0x40, 0x00, 0x00,
    0xb0, 0xdc, 0x01, 0x00, 0x0b, 0x01, 0x04, 0x00, 0x0c, 0x01, 0x04, 0x00,
    0x01, 0x01, 0x01, 0x00, 0x02, 0x01, 0x01, 0x00, 0x10, 0x40, 0x00, 0x00,
    0xd0, 0x74, 0x02, 0x00, 0x21, 0x01, 0x04, 0x00, 0x20, 0x01, 0x02, 0x00,
    0x20, 0x40, 0x00, 0x00, 0x50, 0x15, 0x00, 0x00, 0x22, 0x40, 0x00, 0x00,
    0xb0, 0x14, 0x00, 0x00, 0x0d, 0x01, 0x12, 0x00, 0x03, 0x00, 0x00, 0x00,
    0x00, 0x40, 0x00, 0x00, 0x50, 0xe0, 0x01, 0x00, 0x10, 0x40, 0x00, 0x00,
    0x70, 0x78, 0x02, 0x00, 0x03, 0x00, 0x00, 0x00, 0x00, 0x40, 0x00, 0x00,
    0xd0, 0x74, 0x02, 0x00, 0x0b, 0x01, 0x00, 0x00, 0x0c, 0x01, 0x00, 0x00,
    0x01, 0x01, 0x00, 0x00, 0x02, 0x01, 0x00, 0x00, 0x10, 0x40, 0x00, 0x00,
    0x70, 0xf2, 0x01, 0x00, 0x21, 0x01, 0x00, 0x00, 0x20, 0x01, 0x00, 0x00,
    0x20, 0x40, 0x00, 0x00, 0x00, 0x17, 0x00, 0x00, 0x21, 0x40, 0x00, 0x00,
    0x50, 0x01, 0x00, 0x00, 0x22, 0x40, 0x00, 0x00, 0x60, 0x16, 0x00, 0x00,
    0x0d, 0x01, 0x0a, 0x00, 0x2f, 0x01, 0x01, 0x00, 0x02, 0x00, 0x00, 0x00,
    0x00, 0x40, 0x00, 0x00, 0x70, 0x78, 0x02, 0x00, 0x10, 0x40, 0x00, 0x00,
    0x10, 0xf6, 0x01, 0x00, 0x2f, 0x01, 0x03, 0x00, 0x02, 0x00, 0x00, 0x00,
    0x00, 0x40, 0x00, 0x00, 0xf0, 0xc6, 0x01, 0x00, 0x02, 0x40, 0x00, 0x00,
    0xf0, 0xa9, 0x01, 0x00, 0x0b, 0x01, 0x01, 0x00, 0x0c, 0x01, 0x01, 0x00,
    0x01, 0x01, 0x01, 0x00, 0x02, 0x01, 0x01, 0x00, 0x10, 0x40, 0x00, 0x00,
    0x10, 0x5f, 0x02, 0x00, 0x21, 0x01, 0x04, 0x00, 0x20, 0x01, 0x02, 0x00,
    0x20, 0x40, 0x00, 0x00, 0x70, 0x0e, 0x00, 0x00, 0x21, 0x40, 0x00, 0x00,
    0x10, 0x01, 0x00, 0x00, 0x22, 0x40, 0x00, 0x00, 0xd0, 0x0d, 0x00, 0x00,
    0x0d, 0x01, 0x12, 0x00, 0x03, 0x00, 0x00, 0x00, 0x00, 0x40, 0x00, 0x00,
    0x90, 0xca, 0x01, 0x00, 0x0b, 0x01, 0x00, 0x00, 0x0c, 0x01, 0x00, 0x00,
    0x10, 0x40, 0x00, 0x00, 0xb0, 0x62, 0x02, 0x00, 0x03, 0x00, 0x00, 0x00,
    0x00, 0x40, 0x00, 0x00, 0x10, 0x5f, 0x02, 0x00, 0x02, 0x40, 0x00, 0x00,
    0x00, 0x00, 0x00, 0x00, 0x01, 0x01, 0x00, 0x00, 0x02, 0x01, 0x00, 0x00,
    0x10, 0x40, 0x00, 0x00, 0x50, 0x66, 0x02, 0x00, 0x21, 0x01, 0x00, 0x00,
    0x20, 0x01, 0x00, 0x00, 0x20, 0x40, 0x00, 0x00, 0x20, 0x10, 0x00, 0x00,
    0x21, 0x40, 0x00, 0x00, 0x50, 0x01, 0x00, 0x00, 0x22, 0x40, 0x00, 0x00,
    0x80, 0x0f, 0x00, 0x00, 0x0d, 0x01, 0x0a, 0x00, 0x2f, 0x01, 0x01, 0x00,
    0x02, 0x00, 0x00, 0x00, 0x00, 0x40, 0x00, 0x00, 0xb0, 0x62, 0x02, 0x00,
    0x10, 0x40, 0x00, 0x00, 0xf0, 0x69, 0x02, 0x00, 0x2f, 0x01, 0x03, 0x00,
    0x02, 0x00, 0x00, 0x00, 0x00, 0x40, 0x00, 0x00, 0x50, 0x66, 0x02, 0x00,
    0x01, 0x01, 0x04, 0x00, 0x02, 0x01, 0x04, 0x00, 0x10, 0x40, 0x00, 0x00,
    0x90, 0x6d, 0x02, 0x00, 0x20, 0x01, 0x08, 0x00, 0x20, 0x40, 0x00, 0x00,
    0x10, 0x12, 0x00, 0x00, 0x21, 0x40, 0x00, 0x00, 0xb0, 0x00, 0x00, 0x00,
    0x22, 0x40, 0x00, 0x00, 0x70, 0x11, 0x00, 0x00, 0x2f, 0x01, 0x01, 0x00,
    0x03, 0x00, 0x00, 0x00, 0x00, 0x40, 0x00, 0x00, 0xf0, 0x69, 0x02, 0x00,
    0x10, 0x40, 0x00, 0x00, 0x30, 0x71, 0x02, 0x00, 0x2f, 0x01, 0x03, 0x00,
    0x03, 0x00, 0x00, 0x00, 0x00, 0x40, 0x00, 0x00, 0x90, 0x6d, 0x02, 0x00,
    0x01, 0x01, 0x00, 0x00, 0x02, 0x01, 0x00, 0x00, 0x10, 0x40, 0x00, 0x00,
    0x30, 0xce, 0x01, 0x00, 0x20, 0x01, 0x00, 0x00, 0x20, 0x40, 0x00, 0x00,
    0x60, 0x13, 0x00, 0x00, 0x21, 0x40, 0x00, 0x00, 0x50, 0x01, 0x00, 0x00,
    0x22, 0x40, 0x00, 0x00, 0xc0, 0x12, 0x00, 0x00, 0x2f, 0x01, 0x01, 0x00,
    0x02, 0x00, 0x00, 0x00, 0x00, 0x40, 0x00, 0x00, 0x30, 0x71, 0x02, 0x00,
    0x10, 0x40, 0x00, 0x00, 0xd0, 0xd1, 0x01, 0x00, 0x2f, 0x01, 0x03, 0x00,
    0x02, 0x00, 0x00, 0x00, 0x00, 0x40, 0x00, 0x00, 0xf0, 0xa9, 0x01, 0x00,
    0x0b, 0x01, 0x04, 0x00, 0x0c, 0x01, 0x04, 0x00, 0x01, 0x01, 0x01, 0x00,
    0x02, 0x01, 0x01, 0x00, 0x10, 0x40, 0x00, 0x00, 0x10, 0x5f, 0x02, 0x00,
    0x21, 0x01, 0x04, 0x00, 0x20, 0x01, 0x02, 0x00, 0x20, 0x40, 0x00, 0x00,
    0x70, 0x0e, 0x00, 0x00, 0x21, 0x40, 0x00, 0x00, 0x10, 0x01, 0x00, 0x00,
    0x22, 0x40, 0x00, 0x00, 0xd0, 0x0d, 0x00, 0x00, 0x0d, 0x01, 0x12, 0x00,
    0x03, 0x00, 0x00, 0x00, 0x00, 0x40, 0x00, 0x00, 0x90, 0xad, 0x01, 0x00,
    0x10, 0x40, 0x00, 0x00, 0xb0, 0x62, 0x02, 0x00, 0x03, 0x00, 0x00, 0x00,
    0x00, 0x40, 0x00, 0x00, 0x10, 0x5f, 0x02, 0x00, 0x0b, 0x01, 0x00, 0x00,
    0x0c, 0x01, 0x00, 0x00, 0x01, 0x01, 0x00, 0x00, 0x02, 0x01, 0x00, 0x00,
    0x10, 0x40, 0x00, 0x00, 0x50, 0x66, 0x02, 0x00, 0x21, 0x01, 0x00, 0x00,
    0x20, 0x01, 0x00, 0x00, 0x20, 0x40, 0x00, 0x00, 0x20, 0x10, 0x00, 0x00,
    0x21, 0x40, 0x00, 0x00, 0x50, 0x01, 0x00, 0x00, 0x22, 0x40, 0x00, 0x00,
    0x80, 0x0f, 0x00, 0x00, 0x0d, 0x01, 0x0a, 0x00, 0x2f, 0x01, 0x01, 0x00,
    0x02, 0x00, 0x00, 0x00, 0x00, 0x40, 0x00, 0x00, 0xb0, 0x62, 0x02, 0x00,
    0x10, 0x40, 0x00, 0x00, 0xf0, 0x69, 0x02, 0x00, 0x2f, 0x01, 0x03, 0x00,
    0x02, 0x00, 0x00, 0x00, 0x00, 0x40, 0x00, 0x00, 0x50, 0x66, 0x02, 0x00,
    0x01, 0x01, 0x04, 0x00, 0x02, 0x01, 0x04, 0x00, 0x10, 0x40, 0x00, 0x00,
    0x90, 0x6d, 0x02, 0x00, 0x20, 0x01, 0x08, 0x00, 0x20, 0x40, 0x00, 0x00,
    0x10, 0x12, 0x00, 0x00, 0x21, 0x40, 0x00, 0x00, 0xb0, 0x00, 0x00, 0x00,
    0x22, 0x40, 0x00, 0x00, 0x70, 0x11, 0x00, 0x00, 0x2f, 0x01, 0x01, 0x00,
    0x03, 0x00, 0x00, 0x00, 0x00, 0x40, 0x00, 0x00, 0xf0, 0x69, 0x02, 0x00,
    0x10, 0x40, 0x00, 0x00, 0x30, 0x71, 0x02, 0x00, 0x2f, 0x01, 0x03, 0x00,
    0x03, 0x00, 0x00, 0x00, 0x00, 0x40, 0x00, 0x00, 0x90, 0x6d, 0x02, 0x00,
    0x01, 0x01, 0x00, 0x00, 0x02, 0x01, 0x00, 0x00, 0x10, 0x40, 0x00, 0x00,
    0x70, 0xd5, 0x01, 0x00, 0x20, 0x01, 0x00, 0x00, 0x20, 0x40, 0x00, 0x00,
    0x60, 0x13, 0x00, 0x00, 0x21, 0x40, 0x00, 0x00, 0x50, 0x01, 0x00, 0x00,
    0x22, 0x40, 0x00, 0x00, 0xc0, 0x12, 0x00, 0x00, 0x2f, 0x01, 0x01, 0x00,
    0x02, 0x00, 0x00, 0x00, 0x00, 0x40, 0x00, 0x00, 0x30, 0x71, 0x02, 0x00,
    0x10, 0x40, 0x00, 0x00, 0x10, 0xd9, 0x01, 0x00, 0x2f, 0x01, 0x03, 0x00,
    0x02, 0x00, 0x00, 0x00, 0x00, 0x40, 0x00, 0x00, 0x30, 0x94, 0x01, 0x00,
    0x0b, 0x01, 0x04, 0x00, 0x0c, 0x01, 0x04, 0x00, 0x01, 0x01, 0x01, 0x00,
    0x02, 0x01, 0x01, 0x00, 0x10, 0x40, 0x00, 0x00, 0x50, 0x49, 0x02, 0x00,
    0x21, 0x01, 0x04, 0x00, 0x20, 0x01, 0x02, 0x00, 0x20, 0x40, 0x00, 0x00,
    0x70, 0x07, 0x00, 0x00, 0x21, 0x40, 0x00, 0x00, 0x10, 0x01, 0x00, 0x00,
    0x22, 0x40, 0x00, 0x00, 0xd0, 0x06, 0x00, 0x00, 0x0d, 0x01, 0x12, 0x00,
    0x03, 0x00, 0x00, 0x00, 0x00, 0x40, 0x00, 0x00, 0xd0, 0x97, 0x01, 0x00,
    0x10, 0x40, 0x00, 0x00, 0xf0, 0x4c, 0x02, 0x00, 0x03, 0x00, 0x00, 0x00,
    0x00, 0x40, 0x00, 0x00, 0x50, 0x49, 0x02, 0x00, 0x0b, 0x01, 0x00, 0x00,
    0x0c, 0x01, 0x00, 0x00, 0x01, 0x01, 0x00, 0x00, 0x02, 0x01, 0x00, 0x00,
    0x10, 0x40, 0x00, 0x00, 0x90, 0x50, 0x02, 0x00, 0x21, 0x01, 0x00, 0x00,
    0x20, 0x01, 0x00, 0x00, 0x20, 0x40, 0x00, 0x00, 0x20, 0x09, 0x00, 0x00,
    0x21, 0x40, 0x00, 0x00, 0x50, 0x01, 0x00, 0x00, 0x22, 0x40, 0x00, 0x00,
    0x80, 0x08, 0x00, 0x00, 0x0d, 0x01, 0x0a, 0x00, 0x2f, 0x01, 0x01, 0x00,
    0x02, 0x00, 0x00, 0x00, 0x00, 0x40, 0x00, 0x00, 0xf0, 0x4c, 0x02, 0x00,
    0x10, 0x40, 0x00, 0x00, 0x30, 0x54, 0x02, 0x00, 0x2f, 0x01, 0x03, 0x00,
    0x02, 0x00, 0x00, 0x00, 0x00, 0x40, 0x00, 0x00, 0x90, 0x50, 0x02, 0x00,
    0x01, 0x01, 0x04, 0x00, 0x02, 0x01, 0x04, 0x00, 0x10, 0x40, 0x00, 0x00,
    0xd0, 0x57, 0x02, 0x00, 0x20, 0x01, 0x08, 0x00, 0x20, 0x40, 0x00, 0x00,
    0x10, 0x0b, 0x00, 0x00, 0x21, 0x40, 0x00, 0x00, 0xd0, 0x00, 0x00, 0x00,
    0x22, 0x40, 0x00, 0x00, 0x70, 0x0a, 0x00, 0x00, 0x2f, 0x01, 0x01, 0x00,
    0x03, 0x00, 0x00, 0x00, 0x00, 0x40, 0x00, 0x00, 0x30, 0x54, 0x02, 0x00,
    0x10, 0x40, 0x00, 0x00, 0x70, 0x5b, 0x02, 0x00, 0x2f, 0x01, 0x03, 0x00,
    0x03, 0x00, 0x00, 0x00, 0x00, 0x40, 0x00, 0x00, 0xd0, 0x57, 0x02, 0x00,
    0x01, 0x01, 0x00, 0x00, 0x02, 0x01, 0x00, 0x00, 0x10, 0x40, 0x00, 0x00,
    0xb0, 0xbf, 0x01, 0x00, 0x20, 0x01, 0x00, 0x00, 0x20, 0x40, 0x00, 0x00,
    0x80, 0x0c, 0x00, 0x00, 0x21, 0x40, 0x00, 0x00, 0x50, 0x01, 0x00, 0x00,
    0x22, 0x40, 0x00, 0x00, 0xe0, 0x0b, 0x00, 0x00, 0x2f, 0x01, 0x01, 0x00,
    0x02, 0x00, 0x00, 0x00, 0x00, 0x40, 0x00, 0x00, 0x70, 0x5b, 0x02, 0x00,
    0x10, 0x40, 0x00, 0x00, 0x50, 0xc3, 0x01, 0x00, 0x2f, 0x01, 0x03, 0x00,
    0x02, 0x00, 0x00, 0x00, 0x00, 0x40, 0x00, 0x00, 0x70, 0x9b, 0x01, 0x00,
    0x02, 0x40, 0x00, 0x00, 0xb0, 0x85, 0x01, 0x00, 0x0b, 0x01, 0x03, 0x00,
    0x0c, 0x01, 0x03, 0x00, 0x01, 0x01, 0x01, 0x00, 0x02, 0x01, 0x01, 0x00,
    0x10, 0x40, 0x00, 0x00, 0x50, 0x49, 0x02, 0x00, 0x21, 0x01, 0x04, 0x00,
    0x20, 0x01, 0x02, 0x00, 0x20, 0x40, 0x00, 0x00, 0x70, 0x07, 0x00, 0x00,
    0x21, 0x40, 0x00, 0x00, 0x10, 0x01, 0x00, 0x00, 0x22, 0x40, 0x00, 0x00,
    0xd0, 0x06, 0x00, 0x00, 0x0d, 0x01, 0x12, 0x00, 0x03, 0x00, 0x00, 0x00,
    0x00, 0x40, 0x00, 0x00, 0x10, 0x9f, 0x01, 0x00, 0x0b, 0x01, 0x02, 0x00,
    0x0c, 0x01, 0x02, 0x00, 0x10, 0x40, 0x00, 0x00, 0xf0, 0x4c, 0x02, 0x00,
    0x03, 0x00, 0x00, 0x00, 0x00, 0x40, 0x00, 0x00, 0x50, 0x49, 0x02, 0x00,
    0x02, 0x40, 0x00, 0x00, 0x00, 0x00, 0x00, 0x00, 0x0b, 0x01, 0x00, 0x00,
    0x0c, 0x01, 0x00, 0x00, 0x01, 0x01, 0x00, 0x00, 0x02, 0x01, 0x00, 0x00,
    0x10, 0x40, 0x00, 0x00, 0x90, 0x50, 0x02, 0x00, 0x21, 0x01, 0x00, 0x00,
    0x20, 0x01, 0x00, 0x00, 0x20, 0x40, 0x00, 0x00, 0x20, 0x09, 0x00, 0x00,
    0x21, 0x40, 0x00, 0x00, 0x50, 0x01, 0x00, 0x00, 0x22, 0x40, 0x00, 0x00,
    0x80, 0x08, 0x00, 0x00, 0x0d, 0x01, 0x0a, 0x00, 0x2f, 0x01, 0x01, 0x00,
    0x02, 0x00, 0x00, 0x00, 0x00, 0x40, 0x00, 0x00, 0xf0, 0x4c, 0x02, 0x00,
    0x10, 0x40, 0x00, 0x00, 0x30, 0x54, 0x02, 0x00, 0x2f, 0x01, 0x03, 0x00,
    0x02, 0x00, 0x00, 0x00, 0x00, 0x40, 0x00, 0x00, 0x90, 0x50, 0x02, 0x00,
    0x01, 0x01, 0x04, 0x00, 0x02, 0x01, 0x04, 0x00, 0x10, 0x40, 0x00, 0x00,
    0xd0, 0x57, 0x02, 0x00, 0x20, 0x01, 0x08, 0x00, 0x20, 0x40, 0x00, 0x00,
    0x10, 0x0b, 0x00, 0x00, 0x21, 0x40, 0x00, 0x00, 0xd0, 0x00, 0x00, 0x00,
    0x22, 0x40, 0x00, 0x00, 0x70, 0x0a, 0x00, 0x00, 0x2f, 0x01, 0x01, 0x00,
    0x03, 0x00, 0x00, 0x00, 0x00, 0x40, 0x00, 0x00, 0x30, 0x54, 0x02, 0x00,
    0x10, 0x40, 0x00, 0x00, 0x70, 0x5b, 0x02, 0x00, 0x2f, 0x01, 0x03, 0x00,
    0x03, 0x00, 0x00, 0x00, 0x00, 0x40, 0x00, 0x00, 0xd0, 0x57, 0x02, 0x00,
    0x01, 0x01, 0x00, 0x00, 0x02, 0x01, 0x00, 0x00, 0x10, 0x40, 0x00, 0x00,
    0xf0, 0xc6, 0x01, 0x00, 0x20, 0x01, 0x00, 0x00, 0x20, 0x40, 0x00, 0x00,
    0x80, 0x0c, 0x00, 0x00, 0x21, 0x40, 0x00, 0x00, 0x50, 0x01, 0x00, 0x00,
    0x22, 0x40, 0x00, 0x00, 0xe0, 0x0b, 0x00, 0x00, 0x2f, 0x01, 0x01, 0x00,
    0x02, 0x00, 0x00, 0x00, 0x00, 0x40, 0x00, 0x00, 0x70, 0x5b, 0x02, 0x00,
    0x10, 0x40, 0x00, 0x00, 0x90, 0xca, 0x01, 0x00, 0x2f, 0x01, 0x03, 0x00,
    0x02, 0x00, 0x00, 0x00, 0x00, 0x40, 0x00, 0x00, 0xd0, 0x3d, 0x01, 0x00,
    0x0b, 0x01, 0x01, 0x00, 0x0c, 0x01, 0x01, 0x00, 0x0a, 0x01, 0x72, 0x00,
    0x04, 0x01, 0x03, 0x00, 0x05, 0x40, 0x00, 0x00, 0xcc, 0x01, 0x00, 0x00,
    0x04, 0x40, 0x00, 0x00, 0x04, 0x00, 0x00, 0x00, 0x06, 0x40, 0x00, 0x00,
    0x01, 0x00, 0x00, 0x00, 0x09, 0x01, 0x00, 0x00, 0x05, 0x01, 0x01, 0x00,
    0x10, 0x40, 0x00, 0x00, 0xf0, 0x1d, 0x02, 0x00, 0x11, 0x01, 0x72, 0x00,
    0x1a, 0x01, 0x72, 0x00, 0x13, 0x01, 0x03, 0x00, 0x15, 0x40, 0x00, 0x00,
    0x30, 0x07, 0x00, 0x00, 0x16, 0x40, 0x00, 0x00, 0x30, 0x07, 0x00, 0x00,
    0x18, 0x01, 0x00, 0x00, 0x14, 0x01, 0x41, 0x81, 0x21, 0x01, 0x01, 0x00,
    0x22, 0x01, 0x02, 0x00, 0x15, 0x01, 0x15, 0x00, 0x17, 0x01, 0x07, 0x00,
    0x05, 0x00, 0x01, 0x00, 0x00, 0x40, 0x00, 0x00, 0x68, 0x41, 0x01, 0x00,
    0x10, 0x40, 0x00, 0x00, 0x20, 0x25, 0x02, 0x00, 0x05, 0x00, 0x01, 0x00,
    0x00, 0x40, 0x00, 0x00, 0xf0, 0x1d, 0x02, 0x00, 0x0b, 0x01, 0x00, 0x00,
    0x0c, 0x01, 0x00, 0x00, 0x05, 0x40, 0x00, 0x00, 0x30, 0x07, 0x00, 0x00,
    0x04, 0x40, 0x00, 0x00, 0x10, 0x00, 0x00, 0x00, 0x06, 0x40, 0x00, 0x00,
    0x30, 0x07, 0x00, 0x00, 0x09, 0x01, 0xff, 0xff, 0x05, 0x01, 0x41, 0x00,
    0x01, 0x01, 0x01, 0x00, 0x02, 0x01, 0x01, 0x00, 0x10, 0x40, 0x00, 0x00,
    0x50, 0x2c, 0x02, 0x00, 0x11, 0x01, 0x39, 0x00, 0x1a, 0x01, 0x39, 0x00,
    0x13, 0x01, 0x0b, 0x00, 0x15, 0x40, 0x00, 0x00, 0xa0, 0x03, 0x00, 0x00,
    0x16, 0x40, 0x00, 0x00, 0xa0, 0x03, 0x00, 0x00, 0x18, 0x01, 0x80, 0xff,
    0x14, 0x01, 0x41, 0x00, 0x21, 0x01, 0x00, 0x00, 0x20, 0x01, 0x02, 0x00,
    0x22, 0x01, 0x05, 0x00, 0x20, 0x40, 0x00, 0x00, 0x80, 0x00, 0x00, 0x00,
    0x21, 0x40, 0x00, 0x00, 0x00, 0x01, 0x00, 0x00, 0x22, 0x40, 0x00, 0x00,
    0x00, 0x00, 0x00, 0x00, 0x23, 0x40, 0x00, 0x00, 0x80, 0x00, 0x00, 0x00,
    0x15, 0x01, 0x39, 0x00, 0x17, 0x01, 0x0f, 0x00, 0x2f, 0x01, 0x01, 0x00,
    0x02, 0x00, 0x00, 0x00, 0x00, 0x40, 0x00, 0x00, 0x20, 0x25, 0x02, 0x00,
    0x10, 0x40, 0x00, 0x00, 0xf0, 0x2f, 0x02, 0x00, 0x2f, 0x01, 0x03, 0x00,
    0x02, 0x00, 0x00, 0x00, 0x00, 0x40, 0x00, 0x00, 0x50, 0x2c, 0x02, 0x00,
    0x0a, 0x01, 0x39, 0x00, 0x04, 0x01, 0x0b, 0x00, 0x05, 0x40, 0x00, 0x00,
    0xa0, 0x03, 0x00, 0x00, 0x06, 0x40, 0x00, 0x00, 0xa0, 0x03, 0x00, 0x00,
    0x09, 0x01, 0x80, 0xff, 0x01, 0x01, 0x03, 0x00, 0x02, 0x01, 0x03, 0x00,
    0x10, 0x40, 0x00, 0x00, 0x90, 0x33, 0x02, 0x00, 0x20, 0x01, 0x06, 0x00,
    0x22, 0x01, 0x00, 0x00, 0x20, 0x40, 0x00, 0x00, 0x00, 0x02, 0x00, 0x00,
    0x21, 0x40, 0x00, 0x00, 0x90, 0x00, 0x00, 0x00, 0x22, 0x40, 0x00, 0x00,
    0x80, 0x01, 0x00, 0x00, 0x2f, 0x01, 0x01, 0x00, 0x03, 0x00, 0x00, 0x00,
    0x00, 0x40, 0x00, 0x00, 0xf0, 0x2f, 0x02, 0x00, 0x10, 0x40, 0x00, 0x00,
    0x30, 0x37, 0x02, 0x00, 0x2f, 0x01, 0x03, 0x00, 0x03, 0x00, 0x00, 0x00,
    0x00, 0x40, 0x00, 0x00, 0x90, 0x33, 0x02, 0x00, 0x01, 0x01, 0x00, 0x00,
    0x02, 0x01, 0x00, 0x00, 0x10, 0x40, 0x00, 0x00, 0xd0, 0x3a, 0x02, 0x00,
    0x20, 0x01, 0x00, 0x00, 0x20, 0x40, 0x00, 0x00, 0x10, 0x03, 0x00, 0x00,
    0x21, 0x40, 0x00, 0x00, 0xe0, 0x00, 0x00, 0x00, 0x22, 0x40, 0x00, 0x00,
    0x90, 0x02, 0x00, 0x00, 0x2f, 0x01, 0x01, 0x00, 0x02, 0x00, 0x00, 0x00,
    0x00, 0x40, 0x00, 0x00, 0x30, 0x37, 0x02, 0x00, 0x10, 0x40, 0x00, 0x00,
    0x70, 0x3e, 0x02, 0x00, 0x2f, 0x01, 0x03, 0x00, 0x02, 0x00, 0x00, 0x00,
    0x00, 0x40, 0x00, 0x00, 0xd0, 0x3a, 0x02, 0x00, 0x01, 0x01, 0x04, 0x00,
    0x02, 0x01, 0x04, 0x00, 0x10, 0x40, 0x00, 0x00, 0x10, 0x42, 0x02, 0x00,
    0x20, 0x01, 0x08, 0x00, 0x20, 0x40, 0x00, 0x00, 0x70, 0x04, 0x00, 0x00,
    0x21, 0x40, 0x00, 0x00, 0xb0, 0x00, 0x00, 0x00, 0x22, 0x40, 0x00, 0x00,
    0xf0, 0x03, 0x00, 0x00, 0x2f, 0x01, 0x01, 0x00, 0x03, 0x00, 0x00, 0x00,
    0x00, 0x40, 0x00, 0x00, 0x70, 0x3e, 0x02, 0x00, 0x10, 0x40, 0x00, 0x00,
    0xb0, 0x45, 0x02, 0x00, 0x2f, 0x01, 0x03, 0x00, 0x03, 0x00, 0x00, 0x00,
    0x00, 0x40, 0x00, 0x00, 0x10, 0x42, 0x02, 0x00, 0x01, 0x01, 0x00, 0x00,
    0x02, 0x01, 0x00, 0x00, 0x10, 0x40, 0x00, 0x00, 0xf0, 0x8c, 0x01, 0x00,
    0x13, 0x01, 0x0f, 0x00, 0x20, 0x01, 0x00, 0x00, 0x20, 0x40, 0x00, 0x00,
    0xc0, 0x05, 0x00, 0x00, 0x21, 0x40, 0x00, 0x00, 0x10, 0x01, 0x00, 0x00,
    0x22, 0x40, 0x00, 0x00, 0x20, 0x05, 0x00, 0x00, 0x23, 0x40, 0x00, 0x00,
    0xa0, 0x00, 0x00, 0x00, 0x2f, 0x01, 0x01, 0x00, 0x02, 0x00, 0x00, 0x00,
    0x00, 0x40, 0x00, 0x00, 0xb0, 0x45, 0x02, 0x00, 0x10, 0x40, 0x00, 0x00,
    0x90, 0x90, 0x01, 0x00, 0x2f, 0x01, 0x03, 0x00, 0x02, 0x00, 0x00, 0x00,
    0x00, 0x40, 0x00, 0x00, 0x00, 0x45, 0x01, 0x00, 0x0b, 0x01, 0x01, 0x00,
    0x0c, 0x01, 0x01, 0x00, 0x0a, 0x01, 0x72, 0x00, 0x04, 0x01, 0x03, 0x00,
    0x05, 0x40, 0x00, 0x00, 0xcc, 0x01, 0x00, 0x00, 0x04, 0x40, 0x00, 0x00,
    0x04, 0x00, 0x00, 0x00, 0x06, 0x40, 0x00, 0x00, 0x01, 0x00, 0x00, 0x00,
    0x09, 0x01, 0x00, 0x00, 0x05, 0x01, 0x01, 0x00, 0x10, 0x40, 0x00, 0x00,
    0xf0, 0x1d, 0x02, 0x00, 0x11, 0x01, 0x72, 0x00, 0x1a, 0x01, 0x72, 0x00,
    0x13, 0x01, 0x03, 0x00, 0x15, 0x40, 0x00, 0x00, 0x30, 0x07, 0x00, 0x00,
    0x16, 0x40, 0x00, 0x00, 0x30, 0x07, 0x00, 0x00, 0x18, 0x01, 0x00, 0x00,
    0x14, 0x01, 0x41, 0x81, 0x21, 0x01, 0x01, 0x00, 0x22, 0x01, 0x02, 0x00,
    0x15, 0x01, 0x15, 0x00, 0x17, 0x01, 0x07, 0x00, 0x05, 0x00, 0x01, 0x00,
    0x00, 0x40, 0x00, 0x00, 0x98, 0x48, 0x01, 0x00, 0x10, 0x40, 0x00, 0x00,
    0x20, 0x25, 0x02, 0x00, 0x05, 0x00, 0x01, 0x00, 0x00, 0x40, 0x00, 0x00,
    0xf0, 0x1d, 0x02, 0x00, 0x0b, 0x01, 0x00, 0x00, 0x0c, 0x01, 0x00, 0x00,
    0x05, 0x40, 0x00, 0x00, 0x30, 0x07, 0x00, 0x00, 0x04, 0x40, 0x00, 0x00,
    0x10, 0x00, 0x00, 0x00, 0x06, 0x40, 0x00, 0x00, 0x30, 0x07, 0x00, 0x00,
    0x09, 0x01, 0xff, 0xff, 0x05, 0x01, 0x41, 0x00, 0x01, 0x01, 0x01, 0x00,
    0x02, 0x01, 0x01, 0x00, 0x10, 0x40, 0x00, 0x00, 0x50, 0x2c, 0x02, 0x00,
    0x11, 0x01, 0x39, 0x00, 0x1a, 0x01, 0x39, 0x00, 0x13, 0x01, 0x0b, 0x00,
    0x15, 0x40, 0x00, 0x00, 0xa0, 0x03, 0x00, 0x00, 0x16, 0x40, 0x00, 0x00,
    0xa0, 0x03, 0x00, 0x00, 0x18, 0x01, 0x80, 0xff, 0x14, 0x01, 0x41, 0x00,
    0x21, 0x01, 0x00, 0x00, 0x20, 0x01, 0x02, 0x00, 0x22, 0x01, 0x05, 0x00,
    0x20, 0x40, 0x00, 0x00, 0x80, 0x00, 0x00, 0x00, 0x21, 0x40, 0x00, 0x00,
    0x00, 0x01, 0x00, 0x00, 0x22, 0x40, 0x00, 0x00, 0x00, 0x00, 0x00, 0x00,
    0x23, 0x40, 0x00, 0x00, 0x80, 0x00, 0x00, 0x00, 0x15, 0x01, 0x39, 0x00,
    0x17, 0x01, 0x0f, 0x00, 0x2f, 0x01, 0x01, 0x00, 0x02, 0x00, 0x00, 0x00,
    0x00, 0x40, 0x00, 0x00, 0x20, 0x25, 0x02, 0x00, 0x10, 0x40, 0x00, 0x00,
    0xf0, 0x2f, 0x02, 0x00, 0x2f, 0x01, 0x03, 0x00, 0x02, 0x00, 0x00, 0x00,
    0x00, 0x40, 0x00, 0x00, 0x50, 0x2c, 0x02, 0x00, 0x0a, 0x01, 0x39, 0x00,
    0x04, 0x01, 0x0b, 0x00, 0x05, 0x40, 0x00, 0x00, 0xa0, 0x03, 0x00, 0x00,
    0x06, 0x40, 0x00, 0x00, 0xa0, 0x03, 0x00, 0x00, 0x09, 0x01, 0x80, 0xff,
    0x01, 0x01, 0x03, 0x00, 0x02, 0x01, 0x03, 0x00, 0x10, 0x40, 0x00, 0x00,
    0x90, 0x33, 0x02, 0x00, 0x20, 0x01, 0x06, 0x00, 0x22, 0x01, 0x00, 0x00,
    0x20, 0x40, 0x00, 0x00, 0x00, 0x02, 0x00, 0x00, 0x21, 0x40, 0x00, 0x00,
    0x90, 0x00, 0x00, 0x00, 0x22, 0x40, 0x00, 0x00, 0x80, 0x01, 0x00, 0x00,
    0x2f, 0x01, 0x01, 0x00, 0x03, 0x00, 0x00, 0x00, 0x00, 0x40, 0x00, 0x00,
    0xf0, 0x2f, 0x02, 0x00, 0x10, 0x40, 0x00, 0x00, 0x30, 0x37, 0x02, 0x00,
    0x2f, 0x01, 0x03, 0x00, 0x03, 0x00, 0x00, 0x00, 0x00, 0x40, 0x00, 0x00,
    0x90, 0x33, 0x02, 0x00, 0x01, 0x01, 0x00, 0x00, 0x02, 0x01, 0x00, 0x00,
    0x10, 0x40, 0x00, 0x00, 0xd0, 0x3a, 0x02, 0x00, 0x20, 0x01, 0x00, 0x00,
    0x20, 0x40, 0x00, 0x00, 0x10, 0x03, 0x00, 0x00, 0x21, 0x40, 0x00, 0x00,
    0xe0, 0x00, 0x00, 0x00, 0x22, 0x40, 0x00, 0x00, 0x90, 0x02, 0x00, 0x00,
    0x2f, 0x01, 0x01, 0x00, 0x02, 0x00, 0x00, 0x00, 0x00, 0x40, 0x00, 0x00,
    0x30, 0x37, 0x02, 0x00, 0x10, 0x40, 0x00, 0x00, 0x70, 0x3e, 0x02, 0x00,
    0x2f, 0x01, 0x03, 0x00, 0x02, 0x00, 0x00, 0x00, 0x00, 0x40, 0x00, 0x00,
    0xd0, 0x3a, 0x02, 0x00, 0x01, 0x01, 0x04, 0x00, 0x02, 0x01, 0x04, 0x00,
    0x10, 0x40, 0x00, 0x00, 0x10, 0x42, 0x02, 0x00, 0x20, 0x01, 0x08, 0x00,
    0x20, 0x40, 0x00, 0x00, 0x70, 0x04, 0x00, 0x00, 0x21, 0x40, 0x00, 0x00,
    0xb0, 0x00, 0x00, 0x00, 0x22, 0x40, 0x00, 0x00, 0xf0, 0x03, 0x00, 0x00,
    0x2f, 0x01, 0x01, 0x00, 0x03, 0x00, 0x00, 0x00, 0x00, 0x40, 0x00, 0x00,
    0x70, 0x3e, 0x02, 0x00, 0x10, 0x40, 0x00, 0x00, 0xb0, 0x45, 0x02, 0x00,
    0x2f, 0x01, 0x03, 0x00, 0x03, 0x00, 0x00, 0x00, 0x00, 0x40, 0x00, 0x00,
    0x10, 0x42, 0x02, 0x00, 0x01, 0x01, 0x00, 0x00, 0x02, 0x01, 0x00, 0x00,
    0x10, 0x40, 0x00, 0x00, 0x30, 0x94, 0x01, 0x00, 0x13, 0x01, 0x0f, 0x00,
    0x20, 0x01, 0x00, 0x00, 0x20, 0x40, 0x00, 0x00, 0xc0, 0x05, 0x00, 0x00,
    0x21, 0x40, 0x00, 0x00, 0x10, 0x01, 0x00, 0x00, 0x22, 0x40, 0x00, 0x00,
    0x20, 0x05, 0x00, 0x00, 0x23, 0x40, 0x00, 0x00, 0xa0, 0x00, 0x00, 0x00,
    0x2f, 0x01, 0x01, 0x00, 0x02, 0x00, 0x00, 0x00, 0x00, 0x40, 0x00, 0x00,
    0xb0, 0x45, 0x02, 0x00, 0x10, 0x40, 0x00, 0x00, 0xd0, 0x97, 0x01, 0x00,
    0x2f, 0x01, 0x03, 0x00, 0x02, 0x00, 0x00, 0x00, 0x00, 0x40, 0x00, 0x00,
    0x30, 0x4c, 0x01, 0x00, 0x0b, 0x01, 0x01, 0x00, 0x0c, 0x01, 0x01, 0x00,
    0x0a, 0x01, 0x72, 0x00, 0x04, 0x01, 0x03, 0x00, 0x05, 0x40, 0x00, 0x00,
    0xcc, 0x01, 0x00, 0x00, 0x04, 0x40, 0x00, 0x00, 0x04, 0x00, 0x00, 0x00,
    0x06, 0x40, 0x00, 0x00, 0x01, 0x00, 0x00, 0x00, 0x09, 0x01, 0x00, 0x00,
    0x05, 0x01, 0x01, 0x00, 0x10, 0x40, 0x00, 0x00, 0xf0, 0x1d, 0x02, 0x00,
    0x11, 0x01, 0x72, 0x00, 0x1a, 0x01, 0x72, 0x00, 0x13, 0x01, 0x03, 0x00,
    0x15, 0x40, 0x00, 0x00, 0x30, 0x07, 0x00, 0x00, 0x16, 0x40, 0x00, 0x00,
    0x30, 0x07, 0x00, 0x00, 0x18, 0x01, 0x00, 0x00, 0x14, 0x01, 0x41, 0x81,
    0x21, 0x01, 0x01, 0x00, 0x22, 0x01, 0x02, 0x00, 0x15, 0x01, 0x15, 0x00,
    0x17, 0x01, 0x07, 0x00, 0x05, 0x00, 0x01, 0x00, 0x00, 0x40, 0x00, 0x00,
    0xc8, 0x4f, 0x01, 0x00, 0x10, 0x40, 0x00, 0x00, 0x20, 0x25, 0x02, 0x00,
    0x05, 0x00, 0x01, 0x00, 0x00, 0x40, 0x00, 0x00, 0xf0, 0x1d, 0x02, 0x00,
    0x0b, 0x01, 0x00, 0x00, 0x0c, 0x01, 0x00, 0x00, 0x05, 0x40, 0x00, 0x00,
    0x30, 0x07, 0x00, 0x00, 0x04, 0x40, 0x00, 0x00, 0x10, 0x00, 0x00, 0x00,
    0x06, 0x40, 0x00, 0x00, 0x30, 0x07, 0x00, 0x00, 0x09, 0x01, 0xff, 0xff,
    0x05, 0x01, 0x41, 0x00, 0x01, 0x01, 0x01, 0x00, 0x02, 0x01, 0x01, 0x00,
    0x10, 0x40, 0x00, 0x00, 0x50, 0x2c, 0x02, 0x00, 0x11, 0x01, 0x39, 0x00,
    0x1a, 0x01, 0x39, 0x00, 0x13, 0x01, 0x0b, 0x00, 0x15, 0x40, 0x00, 0x00,
    0xa0, 0x03, 0x00, 0x00, 0x16, 0x40, 0x00, 0x00, 0xa0, 0x03, 0x00, 0x00,
    0x18, 0x01, 0x80, 0xff, 0x14, 0x01, 0x41, 0x00, 0x21, 0x01, 0x00, 0x00,
    0x20, 0x01, 0x02, 0x00, 0x22, 0x01, 0x05, 0x00, 0x20, 0x40, 0x00, 0x00,
    0x80, 0x00, 0x00, 0x00, 0x21, 0x40, 0x00, 0x00, 0x00, 0x01, 0x00, 0x00,
    0x22, 0x40, 0x00, 0x00, 0x00, 0x00, 0x00, 0x00, 0x23, 0x40, 0x00, 0x00,
    0x80, 0x00, 0x00, 0x00, 0x15, 0x01, 0x39, 0x00, 0x17, 0x01, 0x0f, 0x00,
    0x2f, 0x01, 0x01, 0x00, 0x02, 0x00, 0x00, 0x00, 0x00, 0x40, 0x00, 0x00,
    0x20, 0x25, 0x02, 0x00, 0x10, 0x40, 0x00, 0x00, 0xf0, 0x2f, 0x02, 0x00,
    0x2f, 0x01, 0x03, 0x00, 0x02, 0x00, 0x00, 0x00, 0x00, 0x40, 0x00, 0x00,
    0x50, 0x2c, 0x02, 0x00, 0x0a, 0x01, 0x39, 0x00, 0x04, 0x01, 0x0b, 0x00,
    0x05, 0x40, 0x00, 0x00, 0xa0, 0x03, 0x00, 0x00, 0x06, 0x40, 0x00, 0x00,
    0xa0, 0x03, 0x00, 0x00, 0x09, 0x01, 0x80, 0xff, 0x01, 0x01, 0x03, 0x00,
    0x02, 0x01, 0x03, 0x00, 0x10, 0x40, 0x00, 0x00, 0x90, 0x33, 0x02, 0x00,
    0x20, 0x01, 0x06, 0x00, 0x22, 0x01, 0x00, 0x00, 0x20, 0x40, 0x00, 0x00,
    0x00, 0x02, 0x00, 0x00, 0x21, 0x40, 0x00, 0x00, 0x90, 0x00, 0x00, 0x00,
    0x22, 0x40, 0x00, 0x00, 0x80, 0x01, 0x00, 0x00, 0x2f, 0x01, 0x01, 0x00,
    0x03, 0x00, 0x00, 0x00, 0x00, 0x40, 0x00, 0x00, 0xf0, 0x2f, 0x02, 0x00,
    0x10, 0x40, 0x00, 0x00, 0x30, 0x37, 0x02, 0x00, 0x2f, 0x01, 0x03, 0x00,
    0x03, 0x00, 0x00, 0x00, 0x00, 0x40, 0x00, 0x00, 0x90, 0x33, 0x02, 0x00,
    0x01, 0x01, 0x00, 0x00, 0x02, 0x01, 0x00, 0x00, 0x10, 0x40, 0x00, 0x00,
    0xd0, 0x3a, 0x02, 0x00, 0x20, 0x01, 0x00, 0x00, 0x20, 0x40, 0x00, 0x00,
    0x10, 0x03, 0x00, 0x00, 0x21, 0x40, 0x00, 0x00, 0xe0, 0x00, 0x00, 0x00,
    0x22, 0x40, 0x00, 0x00, 0x90, 0x02, 0x00, 0x00, 0x2f, 0x01, 0x01, 0x00,
    0x02, 0x00, 0x00, 0x00, 0x00, 0x40, 0x00, 0x00, 0x30, 0x37, 0x02, 0x00,
    0x10, 0x40, 0x00, 0x00, 0x70, 0x3e, 0x02, 0x00, 0x2f, 0x01, 0x03, 0x00,
    0x02, 0x00, 0x00, 0x00, 0x00, 0x40, 0x00, 0x00, 0xd0, 0x3a, 0x02, 0x00,
    0x01, 0x01, 0x04, 0x00, 0x02, 0x01, 0x04, 0x00, 0x10, 0x40, 0x00, 0x00,
    0x10, 0x42, 0x02, 0x00, 0x20, 0x01, 0x08, 0x00, 0x20, 0x40, 0x00, 0x00,
    0x70, 0x04, 0x00, 0x00, 0x21, 0x40, 0x00, 0x00, 0xb0, 0x00, 0x00, 0x00,
    0x22, 0x40, 0x00, 0x00, 0xf0, 0x03, 0x00, 0x00, 0x2f, 0x01, 0x01, 0x00,
    0x03, 0x00, 0x00, 0x00, 0x00, 0x40, 0x00, 0x00, 0x70, 0x3e, 0x02, 0x00,
    0x10, 0x40, 0x00, 0x00, 0xb0, 0x45, 0x02, 0x00, 0x2f, 0x01, 0x03, 0x00,
    0x03, 0x00, 0x00, 0x00, 0x00, 0x40, 0x00, 0x00, 0x10, 0x42, 0x02, 0x00,
    0x01, 0x01, 0x00, 0x00, 0x02, 0x01, 0x00, 0x00, 0x10, 0x40, 0x00, 0x00,
    0x70, 0x9b, 0x01, 0x00, 0x13, 0x01, 0x0f, 0x00, 0x20, 0x01, 0x00, 0x00,
    0x20, 0x40, 0x00, 0x00, 0xc0, 0x05, 0x00, 0x00, 0x21, 0x40, 0x00, 0x00,
    0x10, 0x01, 0x00, 0x00, 0x22, 0x40, 0x00, 0x00, 0x20, 0x05, 0x00, 0x00,
    0x23, 0x40, 0x00, 0x00, 0xa0, 0x00, 0x00, 0x00, 0x2f, 0x01, 0x01, 0x00,
    0x02, 0x00, 0x00, 0x00, 0x00, 0x40, 0x00, 0x00, 0xb0, 0x45, 0x02, 0x00,
    0x10, 0x40, 0x00, 0x00, 0x10, 0x9f, 0x01, 0x00, 0x2f, 0x01, 0x03, 0x00,
    0x02, 0x00, 0x00, 0x00, 0x00, 0x40, 0x00, 0x00, 0xb0, 0xa2, 0x01, 0x00,
    0x02, 0x40, 0x00, 0x00, 0xb0, 0x85, 0x01, 0x00, 0x0b, 0x01, 0x01, 0x00,
    0x0c, 0x01, 0x01, 0x00, 0x04, 0x01, 0x0f, 0x00, 0x01, 0x01, 0x01, 0x00,
    0x02, 0x01, 0x01, 0x00, 0x10, 0x40, 0x00, 0x00, 0x50, 0x49, 0x02, 0x00,
    0x21, 0x01, 0x04, 0x00, 0x20, 0x01, 0x02, 0x00, 0x20, 0x40, 0x00, 0x00,
    0x70, 0x07, 0x00, 0x00, 0x22, 0x40, 0x00, 0x00, 0xd0, 0x06, 0x00, 0x00,
    0x0d, 0x01, 0x12, 0x00, 0x2f, 0x01, 0x01, 0x00, 0x03, 0x00, 0x00, 0x00,
    0x00, 0x40, 0x00, 0x00, 0x50, 0xa6, 0x01, 0x00, 0x0b, 0x01, 0x00, 0x00,
    0x0c, 0x01, 0x00, 0x00, 0x10, 0x40, 0x00, 0x00, 0xf0, 0x4c, 0x02, 0x00,
    0x2f, 0x01, 0x03, 0x00, 0x03, 0x00, 0x00, 0x00, 0x00, 0x40, 0x00, 0x00,
    0x50, 0x49, 0x02, 0x00, 0x02, 0x40, 0x00, 0x00, 0x00, 0x00, 0x00, 0x00,
    0x01, 0x01, 0x00, 0x00, 0x02, 0x01, 0x00, 0x00, 0x10, 0x40, 0x00, 0x00,
    0x90, 0x50, 0x02, 0x00, 0x21, 0x01, 0x00, 0x00, 0x20, 0x01, 0x00, 0x00,
    0x20, 0x40, 0x00, 0x00, 0x20, 0x09, 0x00, 0x00, 0x21, 0x40, 0x00, 0x00,
    0x50, 0x01, 0x00, 0x00, 0x22, 0x40, 0x00, 0x00, 0x80, 0x08, 0x00, 0x00,
    0x0d, 0x01, 0x0a, 0x00, 0x2f, 0x01, 0x01, 0x00, 0x02, 0x00, 0x00, 0x00,
    0x00, 0x40, 0x00, 0x00, 0xf0, 0x4c, 0x02, 0x00, 0x10, 0x40, 0x00, 0x00,
    0x30, 0x54, 0x02, 0x00, 0x2f, 0x01, 0x03, 0x00, 0x02, 0x00, 0x00, 0x00,
    0x00, 0x40, 0x00, 0x00, 0x90, 0x50, 0x02, 0x00, 0x01, 0x01, 0x04, 0x00,
    0x02, 0x01, 0x04, 0x00, 0x10, 0x40, 0x00, 0x00, 0xd0, 0x57, 0x02, 0x00,
    0x20, 0x01, 0x08, 0x00, 0x20, 0x40, 0x00, 0x00, 0x10, 0x0b, 0x00, 0x00,
    0x21, 0x40, 0x00, 0x00, 0xd0, 0x00, 0x00, 0x00, 0x22, 0x40, 0x00, 0x00,
    0x70, 0x0a, 0x00, 0x00, 0x2f, 0x01, 0x01, 0x00, 0x03, 0x00, 0x00, 0x00,
    0x00, 0x40, 0x00, 0x00, 0x30, 0x54, 0x02, 0x00, 0x10, 0x40, 0x00, 0x00,
    0x70, 0x5b, 0x02, 0x00, 0x2f, 0x01, 0x03, 0x00, 0x03, 0x00, 0x00, 0x00,
    0x00, 0x40, 0x00, 0x00, 0xd0, 0x57, 0x02, 0x00, 0x01, 0x01, 0x00, 0x00,
    0x02, 0x01, 0x00, 0x00, 0x10, 0x40, 0x00, 0x00, 0xf0, 0xa9, 0x01, 0x00,
    0x20, 0x01, 0x00, 0x00, 0x20, 0x40, 0x00, 0x00, 0x80, 0x0c, 0x00, 0x00,
    0x21, 0x40, 0x00, 0x00, 0x50, 0x01, 0x00, 0x00, 0x22, 0x40, 0x00, 0x00,
    0xe0, 0x0b, 0x00, 0x00, 0x2f, 0x01, 0x01, 0x00, 0x02, 0x00, 0x00, 0x00,
    0x00, 0x40, 0x00, 0x00, 0x70, 0x5b, 0x02, 0x00, 0x10, 0x40, 0x00, 0x00,
    0x90, 0xad, 0x01, 0x00, 0x2f, 0x01, 0x03, 0x00, 0x02, 0x00, 0x00, 0x00,
    0x00, 0x40, 0x00, 0x00, 0x30, 0xb1, 0x01, 0x00, 0x0b, 0x01, 0x04, 0x00,
    0x0c, 0x01, 0x04, 0x00, 0x01, 0x01, 0x01, 0x00, 0x02, 0x01, 0x01, 0x00,
    0x10, 0x40, 0x00, 0x00, 0x10, 0x5f, 0x02, 0x00, 0x21, 0x01, 0x04, 0x00,
    0x20, 0x01, 0x02, 0x00, 0x20, 0x40, 0x00, 0x00, 0x70, 0x0e, 0x00, 0x00,
    0x21, 0x40, 0x00, 0x00, 0x10, 0x01, 0x00, 0x00, 0x22, 0x40, 0x00, 0x00,
    0xd0, 0x0d, 0x00, 0x00, 0x0d, 0x01, 0x12, 0x00, 0x2f, 0x01, 0x01, 0x00,
    0x03, 0x00, 0x00, 0x00, 0x00, 0x40, 0x00, 0x00, 0xd0, 0xb4, 0x01, 0x00,
    0x10, 0x40, 0x00, 0x00, 0xb0, 0x62, 0x02, 0x00, 0x2f, 0x01, 0x03, 0x00,
    0x03, 0x00, 0x00, 0x00, 0x00, 0x40, 0x00, 0x00, 0x10, 0x5f, 0x02, 0x00,
    0x0b, 0x01, 0x00, 0x00, 0x0c, 0x01, 0x00, 0x00, 0x01, 0x01, 0x00, 0x00,
    0x02, 0x01, 0x00, 0x00, 0x10, 0x40, 0x00, 0x00, 0x50, 0x66, 0x02, 0x00,
    0x21, 0x01, 0x00, 0x00, 0x20, 0x01, 0x00, 0x00, 0x20, 0x40, 0x00, 0x00,
    0x20, 0x10, 0x00, 0x00, 0x21, 0x40, 0x00, 0x00, 0x50, 0x01, 0x00, 0x00,
    0x22, 0x40, 0x00, 0x00, 0x80, 0x0f, 0x00, 0x00, 0x0d, 0x01, 0x0a, 0x00,
    0x2f, 0x01, 0x01, 0x00, 0x02, 0x00, 0x00, 0x00, 0x00, 0x40, 0x00, 0x00,
    0xb0, 0x62, 0x02, 0x00, 0x10, 0x40, 0x00, 0x00, 0xf0, 0x69, 0x02, 0x00,
    0x2f, 0x01, 0x03, 0x00, 0x02, 0x00, 0x00, 0x00, 0x00, 0x40, 0x00, 0x00,
    0x50, 0x66, 0x02, 0x00, 0x01, 0x01, 0x04, 0x00, 0x02, 0x01, 0x04, 0x00,
    0x10, 0x40, 0x00, 0x00, 0x90, 0x6d, 0x02, 0x00, 0x20, 0x01, 0x08, 0x00,
    0x20, 0x40, 0x00, 0x00, 0x10, 0x12, 0x00, 0x00, 0x21, 0x40, 0x00, 0x00,
    0xb0, 0x00, 0x00, 0x00, 0x22, 0x40, 0x00, 0x00, 0x70, 0x11, 0x00, 0x00,
    0x2f, 0x01, 0x01, 0x00, 0x03, 0x00, 0x00, 0x00, 0x00, 0x40, 0x00, 0x00,
    0xf0, 0x69, 0x02, 0x00, 0x10, 0x40, 0x00, 0x00, 0x30, 0x71, 0x02, 0x00,
    0x2f, 0x01, 0x03, 0x00, 0x03, 0x00, 0x00, 0x00, 0x00, 0x40, 0x00, 0x00,
    0x90, 0x6d, 0x02, 0x00, 0x01, 0x01, 0x00, 0x00, 0x02, 0x01, 0x00, 0x00,
    0x10, 0x40, 0x00, 0x00, 0xb0, 0xdc, 0x01, 0x00, 0x20, 0x01, 0x00, 0x00,
    0x20, 0x40, 0x00, 0x00, 0x60, 0x13, 0x00, 0x00, 0x21, 0x40, 0x00, 0x00,
    0x50, 0x01, 0x00, 0x00, 0x22, 0x40, 0x00, 0x00, 0xc0, 0x12, 0x00, 0x00,
    0x2f, 0x01, 0x01, 0x00, 0x02, 0x00, 0x00, 0x00, 0x00, 0x40, 0x00, 0x00,
    0x30, 0x71, 0x02, 0x00, 0x10, 0x40, 0x00, 0x00, 0x50, 0xe0, 0x01, 0x00,
    0x2f, 0x01, 0x03, 0x00, 0x02, 0x00, 0x00, 0x00, 0x00, 0x40, 0x00, 0x00,
    0xf0, 0xe3, 0x01, 0x00, 0x02, 0x40, 0x00, 0x00, 0x30, 0xce, 0x01, 0x00,
    0x0b, 0x01, 0x03, 0x00, 0x0c, 0x01, 0x03, 0x00, 0x01, 0x01, 0x01, 0x00,
    0x02, 0x01, 0x01, 0x00, 0x10, 0x40, 0x00, 0x00, 0xd0, 0x74, 0x02, 0x00,
    0x21, 0x01, 0x04, 0x00, 0x20, 0x01, 0x02, 0x00, 0x20, 0x40, 0x00, 0x00,
    0x50, 0x15, 0x00, 0x00, 0x21, 0x40, 0x00, 0x00, 0x10, 0x01, 0x00, 0x00,
    0x22, 0x40, 0x00, 0x00, 0xb0, 0x14, 0x00, 0x00, 0x0d, 0x01, 0x12, 0x00,
    0x2f, 0x01, 0x01, 0x00, 0x03, 0x00, 0x00, 0x00, 0x00, 0x40, 0x00, 0x00,
    0x90, 0xe7, 0x01, 0x00, 0x0b, 0x01, 0x02, 0x00, 0x0c, 0x01, 0x02, 0x00,
    0x10, 0x40, 0x00, 0x00, 0x70, 0x78, 0x02, 0x00, 0x2f, 0x01, 0x03, 0x00,
    0x03, 0x00, 0x00, 0x00, 0x00, 0x40, 0x00, 0x00, 0xd0, 0x74, 0x02, 0x00,
    0x02, 0x40, 0x00, 0x00, 0x00, 0x00, 0x00, 0x00, 0x0b, 0x01, 0x00, 0x00,
    0x0c, 0x01, 0x00, 0x00, 0x01, 0x01, 0x00, 0x00, 0x02, 0x01, 0x00, 0x00,
    0x10, 0x40, 0x00, 0x00, 0xb0, 0xf9, 0x01, 0x00, 0x21, 0x01, 0x00, 0x00,
    0x20, 0x01, 0x00, 0x00, 0x20, 0x40, 0x00, 0x00, 0x00, 0x17, 0x00, 0x00,
    0x21, 0x40, 0x00, 0x00, 0x50, 0x01, 0x00, 0x00, 0x22, 0x40, 0x00, 0x00,
    0x60, 0x16, 0x00, 0x00, 0x0d, 0x01, 0x0a, 0x00, 0x2f, 0x01, 0x01, 0x00,
    0x02, 0x00, 0x00, 0x00, 0x00, 0x40, 0x00, 0x00, 0x70, 0x78, 0x02, 0x00,
    0x10, 0x40, 0x00, 0x00, 0x50, 0xfd, 0x01, 0x00, 0x2f, 0x01, 0x03, 0x00,
    0x02, 0x00, 0x00, 0x00, 0x00, 0x40, 0x00, 0x00, 0xf0, 0x00, 0x02, 0x00,
    0x02, 0x40, 0x00, 0x00, 0x70, 0xf2, 0x01, 0x00, 0x0b, 0x01, 0x01, 0x00,
    0x0c, 0x01, 0x01, 0x00, 0x01, 0x01, 0x02, 0x00, 0x02, 0x01, 0x02, 0x00,
    0x10, 0x40, 0x00, 0x00, 0xb0, 0x7f, 0x02, 0x00, 0x21, 0x01, 0x02, 0x00,
    0x20, 0x01, 0x04, 0x00, 0x20, 0x40, 0x00, 0x00, 0xf0, 0x18, 0x00, 0x00,
    0x21, 0x40, 0x00, 0x00, 0x10, 0x01, 0x00, 0x00, 0x22, 0x40, 0x00, 0x00,
    0x50, 0x18, 0x00, 0x00, 0x2f, 0x01, 0x01, 0x00, 0x03, 0x00, 0x00, 0x00,
    0x00, 0x40, 0x00, 0x00, 0x10, 0x7c, 0x02, 0x00, 0x02, 0x40, 0x00, 0x00,
    0x00, 0x00, 0x00, 0x00, 0x0b, 0x01, 0x00, 0x00, 0x0c, 0x01, 0x00, 0x00,
    0x01, 0x01, 0x00, 0x00, 0x02, 0x01, 0x00, 0x00, 0x10, 0x40, 0x00, 0x00,
    0xb0, 0x16, 0x02, 0x00, 0x21, 0x01, 0x00, 0x00, 0x20, 0x01, 0x00, 0x00,
    0x20, 0x40, 0x00, 0x00, 0xa0, 0x1a, 0x00, 0x00, 0x21, 0x40, 0x00, 0x00,
    0x50, 0x01, 0x00, 0x00, 0x22, 0x40, 0x00, 0x00, 0x00, 0x1a, 0x00, 0x00,
    0x02, 0x00, 0x00, 0x00, 0x00, 0x40, 0x00, 0x00, 0xb0, 0x7f, 0x02, 0x00,
    0x10, 0x40, 0x00, 0x00, 0x50, 0x1a, 0x02, 0x00, 0x2f, 0x01, 0x03, 0x00,
    0x02, 0x00, 0x00, 0x00, 0x00, 0x40, 0x00, 0x00, 0x30, 0x08, 0x02, 0x00,
    0x0b, 0x01, 0x02, 0x00, 0x0c, 0x01, 0x02, 0x00, 0x01, 0x01, 0x02, 0x00,
    0x02, 0x01, 0x02, 0x00, 0x10, 0x40, 0x00, 0x00, 0xd2, 0x0d, 0x00, 0x00,
    0x13, 0x01, 0x00, 0x00, 0x15, 0x40, 0x00, 0x00, 0x3a, 0x00, 0x00, 0x00,
    0x14, 0x40, 0x00, 0x00, 0x01, 0x00, 0x00, 0x00, 0x16, 0x40, 0x00, 0x00,
    0x01, 0x00, 0x00, 0x00, 0x18, 0x01, 0x59, 0x00, 0x14, 0x01, 0x01, 0x00,
    0x21, 0x01, 0x02, 0x00, 0x20, 0x01, 0x04, 0x00, 0x22, 0x01, 0x04, 0x00,
    0x20, 0x40, 0x00, 0x00, 0x00, 0x1c, 0x00, 0x00, 0x21, 0x40, 0x00, 0x00,
    0x90, 0x01, 0x00, 0x00, 0x22, 0x40, 0x00, 0x00, 0xf0, 0x1b, 0x00, 0x00,
    0x23, 0x40, 0x00, 0x00, 0x10, 0x00, 0x00, 0x00, 0x17, 0x01, 0x07, 0x00,
    0x2f, 0x01, 0x01, 0x00, 0x02, 0x00, 0x00, 0x00, 0x00, 0x40, 0x00, 0x00,
    0xd0, 0x0b, 0x02, 0x00, 0x10, 0x40, 0x00, 0x00, 0x0c, 0x0e, 0x00, 0x00,
    0x2f, 0x01, 0x03, 0x00, 0x02, 0x00, 0x00, 0x00, 0x00, 0x40, 0x00, 0x00,
    0x70, 0x0f, 0x02, 0x00, 0x10, 0x40, 0x00, 0x00, 0x46, 0x0e, 0x00, 0x00,
    0x02, 0x00, 0x00, 0x00, 0x00, 0x40, 0x00, 0x00, 0x10, 0x13, 0x02, 0x00,
    0x10, 0x40, 0x00, 0x00, 0x80, 0x0e, 0x00, 0x00, 0x02, 0x00, 0x00, 0x00,
    0x00, 0x40, 0x00, 0x00, 0x90, 0x04, 0x02, 0x00, 0x02, 0x40, 0x00, 0x00,
    0x70, 0xf2, 0x01, 0x00, 0x0b, 0x01, 0x00, 0x00, 0x0c, 0x01, 0x00, 0x00,
    0x10, 0x40, 0x00, 0x00, 0x10, 0x7c, 0x02, 0x00, 0x13, 0x01, 0x0f, 0x00,
    0x15, 0x40, 0x00, 0x00, 0xa0, 0x03, 0x00, 0x00, 0x14, 0x40, 0x00, 0x00,
    0x10, 0x00, 0x00, 0x00, 0x16, 0x40, 0x00, 0x00, 0xa0, 0x03, 0x00, 0x00,
    0x18, 0x01, 0x80, 0xff, 0x14, 0x01, 0x41, 0x00, 0x22, 0x01, 0x00, 0x00,
    0x20, 0x40, 0x00, 0x00, 0xf0, 0x18, 0x00, 0x00, 0x21, 0x40, 0x00, 0x00,
    0x10, 0x01, 0x00, 0x00, 0x22, 0x40, 0x00, 0x00, 0x50, 0x18, 0x00, 0x00,
    0x23, 0x40, 0x00, 0x00, 0xa0, 0x00, 0x00, 0x00, 0x17, 0x01, 0x0f, 0x00,
    0x03, 0x00, 0x00, 0x00, 0x00, 0x40, 0x00, 0x00, 0x70, 0xf2, 0x01, 0x00,
    0x02, 0x40, 0x00, 0x00, 0x00, 0x00, 0x00, 0x00, 0x0b, 0x01, 0x02, 0x00,
    0x0c, 0x01, 0x02, 0x00, 0x10, 0x40, 0x00, 0x00, 0xb0, 0x7f, 0x02, 0x00,
    0x03, 0x00, 0x00, 0x00, 0x00, 0x40, 0x00, 0x00, 0x10, 0x7c, 0x02, 0x00,
    0x0b, 0x01, 0x00, 0x00, 0x0c, 0x01, 0x00, 0x00, 0x01, 0x01, 0x00, 0x00,
    0x02, 0x01, 0x00, 0x00, 0x10, 0x40, 0x00, 0x00, 0x30, 0x08, 0x02, 0x00,
    0x21, 0x01, 0x00, 0x00, 0x20, 0x01, 0x00, 0x00, 0x20, 0x40, 0x00, 0x00,
    0xa0, 0x1a, 0x00, 0x00, 0x21, 0x40, 0x00, 0x00, 0x50, 0x01, 0x00, 0x00,
    0x22, 0x40, 0x00, 0x00, 0x00, 0x1a, 0x00, 0x00, 0x2f, 0x01, 0x01, 0x00,
    0x02, 0x00, 0x00, 0x00, 0x00, 0x40, 0x00, 0x00, 0xb0, 0x7f, 0x02, 0x00,
    0x10, 0x40, 0x00, 0x00, 0xd0, 0x0b, 0x02, 0x00, 0x2f, 0x01, 0x03, 0x00,
    0x02, 0x00, 0x00, 0x00, 0x00, 0x40, 0x00, 0x00, 0x10, 0xf6, 0x01, 0x00,
    0x0b, 0x01, 0x02, 0x00, 0x0c, 0x01, 0x02, 0x00, 0x01, 0x01, 0x02, 0x00,
    0x02, 0x01, 0x02, 0x00, 0x10, 0x40, 0x00, 0x00, 0x10, 0x7c, 0x02, 0x00,
    0x21, 0x01, 0x02, 0x00, 0x20, 0x01, 0x04, 0x00, 0x20, 0x40, 0x00, 0x00,
    0xf0, 0x18, 0x00, 0x00, 0x21, 0x40, 0x00, 0x00, 0x10, 0x01, 0x00, 0x00,
    0x22, 0x40, 0x00, 0x00, 0x50, 0x18, 0x00, 0x00, 0x03, 0x00, 0x00, 0x00,
    0x00, 0x40, 0x00, 0x00, 0x30, 0xeb, 0x01, 0x00, 0x02, 0x40, 0x00, 0x00,
    0x30, 0xce, 0x01, 0x00, 0x0b, 0x01, 0x01, 0x00, 0x0c, 0x01, 0x01, 0x00,
    0x01, 0x01, 0x01, 0x00, 0x02, 0x01, 0x01, 0x00, 0x10, 0x40, 0x00, 0x00,
    0xd0, 0x74, 0x02, 0x00, 0x21, 0x01, 0x04, 0x00, 0x20, 0x01, 0x02, 0x00,
    0x20, 0x40, 0x00, 0x00, 0x50, 0x15, 0x00, 0x00, 0x22, 0x40, 0x00, 0x00,
    0xb0, 0x14, 0x00, 0x00, 0x0d, 0x01, 0x12, 0x00, 0x03, 0x00, 0x00, 0x00,
    0x00, 0x40, 0x00, 0x00, 0xd0, 0xee, 0x01, 0x00, 0x0b, 0x01, 0x00, 0x00,
    0x0c, 0x01, 0x00, 0x00, 0x10, 0x40, 0x00, 0x00, 0x70, 0x78, 0x02, 0x00,
    0x03, 0x00, 0x00, 0x00, 0x00, 0x40, 0x00, 0x00, 0xd0, 0x74, 0x02, 0x00,
    0x02, 0x40, 0x00, 0x00, 0x00, 0x00, 0x00, 0x00, 0x01, 0x01, 0x00, 0x00,
    0x02, 0x01, 0x00, 0x00, 0x10, 0x40, 0x00, 0x00, 0xf0, 0x00, 0x02, 0x00,
    0x21, 0x01, 0x00, 0x00, 0x20, 0x01, 0x00, 0x00, 0x20, 0x40, 0x00, 0x00,
    0x00, 0x17, 0x00, 0x00, 0x21, 0x40, 0x00, 0x00, 0x50, 0x01, 0x00, 0x00,
    0x22, 0x40, 0x00, 0x00, 0x60, 0x16, 0x00, 0x00, 0x0d, 0x01, 0x0a, 0x00,
    0x2f, 0x01, 0x01, 0x00, 0x02, 0x00, 0x00, 0x00, 0x00, 0x40, 0x00, 0x00,
    0x70, 0x78, 0x02, 0x00, 0x10, 0x40, 0x00, 0x00, 0x90, 0x04, 0x02, 0x00,
    0x2f, 0x01, 0x03, 0x00, 0x02, 0x00, 0x00, 0x00, 0x00, 0x40, 0x00, 0x00,
    0x30, 0xce, 0x01, 0x00, 0x0b, 0x01, 0x04, 0x00, 0x0c, 0x01, 0x04, 0x00,
    0x01, 0x01, 0x01, 0x00, 0x02, 0x01, 0x01, 0x00, 0x10, 0x40, 0x00, 0x00,
    0xd0, 0x74, 0x02, 0x00, 0x21, 0x01, 0x04, 0x00, 0x20, 0x01, 0x02, 0x00,
    0x20, 0x40, 0x00, 0x00, 0x50, 0x15, 0x00, 0x00, 0x21, 0x40, 0x00, 0x00,
    0x10, 0x01, 0x00, 0x00, 0x22, 0x40, 0x00, 0x00, 0xb0, 0x14, 0x00, 0x00,
    0x0d, 0x01, 0x12, 0x00, 0x03, 0x00, 0x00, 0x00, 0x00, 0x40, 0x00, 0x00,
    0xd0, 0xd1, 0x01, 0x00, 0x10, 0x40, 0x00, 0x00, 0x70, 0x78, 0x02, 0x00,
    0x03, 0x00, 0x00, 0x00, 0x00, 0x40, 0x00, 0x00, 0xd0, 0x74, 0x02, 0x00,
    0x0b, 0x01, 0x00, 0x00, 0x0c, 0x01, 0x00, 0x00, 0x01, 0x01, 0x00, 0x00,
    0x02, 0x01, 0x00, 0x00, 0x10, 0x40, 0x00, 0x00, 0x70, 0xf2, 0x01, 0x00,
    0x21, 0x01, 0x00, 0x00, 0x20, 0x01, 0x00, 0x00, 0x20, 0x40, 0x00, 0x00,
    0x00, 0x17, 0x00, 0x00, 0x21, 0x40, 0x00, 0x00, 0x50, 0x01, 0x00, 0x00,
    0x22, 0x40, 0x00, 0x00, 0x60, 0x16, 0x00, 0x00, 0x0d, 0x01, 0x0a, 0x00,
    0x2f, 0x01, 0x01, 0x00, 0x02, 0x00, 0x00, 0x00, 0x00, 0x40, 0x00, 0x00,
    0x70, 0x78, 0x02, 0x00, 0x10, 0x40, 0x00, 0x00, 0x10, 0xf6, 0x01, 0x00,
    0x2f, 0x01, 0x03, 0x00, 0x02, 0x00, 0x00, 0x00, 0x00, 0x40, 0x00, 0x00,
    0xb0, 0xf9, 0x01, 0x00, 0x0b, 0x01, 0x02, 0x00, 0x0c, 0x01, 0x02, 0x00,
    0x01, 0x01, 0x02, 0x00, 0x02, 0x01, 0x02, 0x00, 0x10, 0x40, 0x00, 0x00,
    0xb0, 0x7f, 0x02, 0x00, 0x21, 0x01, 0x02, 0x00, 0x20, 0x01, 0x04, 0x00,
    0x20, 0x40, 0x00, 0x00, 0xf0, 0x18, 0x00, 0x00, 0x21, 0x40, 0x00, 0x00,
    0x10, 0x01, 0x00, 0x00, 0x22, 0x40, 0x00, 0x00, 0x50, 0x18, 0x00, 0x00,
    0x2f, 0x01, 0x01, 0x00, 0x03, 0x00, 0x00, 0x00, 0x00, 0x40, 0x00, 0x00,
    0x10, 0x7c, 0x02, 0x00, 0x0b, 0x01, 0x00, 0x00, 0x0c, 0x01, 0x00, 0x00,
    0x01, 0x01, 0x00, 0x00, 0x02, 0x01, 0x00, 0x00, 0x10, 0x40, 0x00, 0x00,
    0x70, 0x0f, 0x02, 0x00, 0x21, 0x01, 0x00, 0x00, 0x20, 0x01, 0x00, 0x00,
    0x20, 0x40, 0x00, 0x00, 0xa0, 0x1a, 0x00, 0x00, 0x21, 0x40, 0x00, 0x00,
    0x50, 0x01, 0x00, 0x00, 0x22, 0x40, 0x00, 0x00, 0x00, 0x1a, 0x00, 0x00,
    0x02, 0x00, 0x00, 0x00, 0x00, 0x40, 0x00, 0x00, 0xb0, 0x7f, 0x02, 0x00,
    0x10, 0x40, 0x00, 0x00, 0x10, 0x13, 0x02, 0x00, 0x2f, 0x01, 0x03, 0x00,
    0x02, 0x00, 0x00, 0x00, 0x00, 0x40, 0x00, 0x00, 0xb0, 0x16, 0x02, 0x00,
    0x02, 0x40, 0x00, 0x00, 0x30, 0x08, 0x02, 0x00, 0x0b, 0x01, 0x01, 0x00,
    0x0c, 0x01, 0x01, 0x00, 0x01, 0x01, 0x02, 0x00, 0x02, 0x01, 0x02, 0x00,
    0x10, 0x40, 0x00, 0x00, 0xba, 0x0e, 0x00, 0x00, 0x13, 0x01, 0x00, 0x00,
    0x15, 0x40, 0x00, 0x00, 0x3a, 0x00, 0x00, 0x00, 0x14, 0x40, 0x00, 0x00,
    0x01, 0x00, 0x00, 0x00, 0x16, 0x40, 0x00, 0x00, 0x01, 0x00, 0x00, 0x00,
    0x18, 0x01, 0x59, 0x00, 0x14, 0x01, 0x01, 0x00, 0x21, 0x01, 0x02, 0x00,
    0x20, 0x01, 0x04, 0x00, 0x22, 0x01, 0x04, 0x00, 0x20, 0x40, 0x00, 0x00,
    0x00, 0x1c, 0x00, 0x00, 0x21, 0x40, 0x00, 0x00, 0x90, 0x01, 0x00, 0x00,
    0x22, 0x40, 0x00, 0x00, 0xf0, 0x1b, 0x00, 0x00, 0x23, 0x40, 0x00, 0x00,
    0x10, 0x00, 0x00, 0x00, 0x17, 0x01, 0x07, 0x00, 0x2f, 0x01, 0x01, 0x00,
    0x02, 0x00, 0x00, 0x00, 0x00, 0x40, 0x00, 0x00, 0x50, 0x1a, 0x02, 0x00,
    0x0b, 0x01, 0x00, 0x00, 0x0c, 0x01, 0x00, 0x00, 0x10, 0x40, 0x00, 0x00,
    0xf4, 0x0e, 0x00, 0x00, 0x2f, 0x01, 0x03, 0x00, 0x02, 0x00, 0x00, 0x00,
    0x00, 0x40, 0x00, 0x00, 0x30, 0x08, 0x02, 0x00, 0x02, 0x40, 0x00, 0x00,
    0x00, 0x00, 0x00, 0x00, 0x0b, 0x01, 0x02, 0x00, 0x0c, 0x01, 0x02, 0x00,
    0x10, 0x40, 0x00, 0x00, 0x2e, 0x0f, 0x00, 0x00, 0x02, 0x00, 0x00, 0x00,
    0x00, 0x40, 0x00, 0x00, 0xd0, 0x0b, 0x02, 0x00, 0x10, 0x40, 0x00, 0x00,
    0x68, 0x0f, 0x00, 0x00, 0x02, 0x00, 0x00, 0x00, 0x00, 0x40, 0x00, 0x00,
    0x50, 0xfd, 0x01, 0x00, 0x10, 0x40, 0x00, 0x00, 0x10, 0x7c, 0x02, 0x00,
    0x13, 0x01, 0x0f, 0x00, 0x15, 0x40, 0x00, 0x00, 0xa0, 0x03, 0x00, 0x00,
    0x14, 0x40, 0x00, 0x00, 0x10, 0x00, 0x00, 0x00, 0x16, 0x40, 0x00, 0x00,
    0xa0, 0x03, 0x00, 0x00, 0x18, 0x01, 0x80, 0xff, 0x14, 0x01, 0x41, 0x00,
    0x22, 0x01, 0x00, 0x00, 0x20, 0x40, 0x00, 0x00, 0xf0, 0x18, 0x00, 0x00,
    0x21, 0x40, 0x00, 0x00, 0x10, 0x01, 0x00, 0x00, 0x22, 0x40, 0x00, 0x00,
    0x50, 0x18, 0x00, 0x00, 0x23, 0x40, 0x00, 0x00, 0xa0, 0x00, 0x00, 0x00,
    0x17, 0x01, 0x0f, 0x00, 0x03, 0x00, 0x00, 0x00, 0x00, 0x40, 0x00, 0x00,
    0xf0, 0x00, 0x02, 0x00, 0x02, 0x40, 0x00, 0x00, 0x70, 0xf2, 0x01, 0x00,
    0x0b, 0x01, 0x01, 0x00, 0x0c, 0x01, 0x01, 0x00, 0x10, 0x40, 0x00, 0x00,
    0xb0, 0x7f, 0x02, 0x00, 0x03, 0x00, 0x00, 0x00, 0x00, 0x40, 0x00, 0x00,
    0x10, 0x7c, 0x02, 0x00, 0x02, 0x40, 0x00, 0x00, 0x00, 0x00, 0x00, 0x00,
    0x0b, 0x01, 0x00, 0x00, 0x0c, 0x01, 0x00, 0x00, 0x01, 0x01, 0x00, 0x00,
    0x02, 0x01, 0x00, 0x00, 0x10, 0x40, 0x00, 0x00, 0xb0, 0x16, 0x02, 0x00,
    0x21, 0x01, 0x00, 0x00, 0x20, 0x01, 0x00, 0x00, 0x20, 0x40, 0x00, 0x00,
    0xa0, 0x1a, 0x00, 0x00, 0x21, 0x40, 0x00, 0x00, 0x50, 0x01, 0x00, 0x00,
    0x22, 0x40, 0x00, 0x00, 0x00, 0x1a, 0x00, 0x00, 0x2f, 0x01, 0x01, 0x00,
    0x02, 0x00, 0x00, 0x00, 0x00, 0x40, 0x00, 0x00, 0xb0, 0x7f, 0x02, 0x00,
    0x10, 0x40, 0x00, 0x00, 0x50, 0x1a, 0x02, 0x00, 0x2f, 0x01, 0x03, 0x00,
    0x02, 0x00, 0x00, 0x00, 0x00, 0x40, 0x00, 0x00, 0x90, 0x04, 0x02, 0x00,
    0x02, 0x40, 0x00, 0x00, 0x70, 0xf2, 0x01, 0x00, 0x01, 0x01, 0x02, 0x00,
    0x02, 0x01, 0x02, 0x00, 0x10, 0x40, 0x00, 0x00, 0x10, 0x7c, 0x02, 0x00,
    0x21, 0x01, 0x02, 0x00, 0x20, 0x01, 0x04, 0x00, 0x20, 0x40, 0x00, 0x00,
    0xf0, 0x18, 0x00, 0x00, 0x21, 0x40, 0x00, 0x00, 0x10, 0x01, 0x00, 0x00,
    0x22, 0x40, 0x00, 0x00, 0x50, 0x18, 0x00, 0x00, 0x03, 0x00, 0x00, 0x00,
    0x00, 0x40, 0x00, 0x00, 0x70, 0xb8, 0x01, 0x00, 0x02, 0x40, 0x00, 0x00,
    0x00, 0x00, 0x00, 0x00, 0x0b, 0x01, 0x04, 0x00, 0x0c, 0x01, 0x04, 0x00,
    0x01, 0x01, 0x01, 0x00, 0x02, 0x01, 0x01, 0x00, 0x10, 0x40, 0x00, 0x00,
    0x10, 0x5f, 0x02, 0x00, 0x21, 0x01, 0x04, 0x00, 0x20, 0x01, 0x02, 0x00,
    0x20, 0x40, 0x00, 0x00, 0x70, 0x0e, 0x00, 0x00, 0x22, 0x40, 0x00, 0x00,
    0xd0, 0x0d, 0x00, 0x00, 0x0d, 0x01, 0x12, 0x00, 0x03, 0x00, 0x00, 0x00,
    0x00, 0x40, 0x00, 0x00, 0x10, 0xbc, 0x01, 0x00, 0x10, 0x40, 0x00, 0x00,
    0xb0, 0x62, 0x02, 0x00, 0x03, 0x00, 0x00, 0x00, 0x00, 0x40, 0x00, 0x00,
    0x10, 0x5f, 0x02, 0x00, 0x0b, 0x01, 0x00, 0x00, 0x0c, 0x01, 0x00, 0x00,
    0x01, 0x01, 0x00, 0x00, 0x02, 0x01, 0x00, 0x00, 0x10, 0x40, 0x00, 0x00,
    0x50, 0x66, 0x02, 0x00, 0x21, 0x01, 0x00, 0x00, 0x20, 0x01, 0x00, 0x00,
    0x20, 0x40, 0x00, 0x00, 0x20, 0x10, 0x00, 0x00, 0x21, 0x40, 0x00, 0x00,
    0x50, 0x01, 0x00, 0x00, 0x22, 0x40, 0x00, 0x00, 0x80, 0x0f, 0x00, 0x00,
    0x0d, 0x01, 0x0a, 0x00, 0x2f, 0x01, 0x01, 0x00, 0x02, 0x00, 0x00, 0x00,
    0x00, 0x40, 0x00, 0x00, 0xb0, 0x62, 0x02, 0x00, 0x10, 0x40, 0x00, 0x00,
    0xf0, 0x69, 0x02, 0x00, 0x2f, 0x01, 0x03, 0x00, 0x02, 0x00, 0x00, 0x00,
    0x00, 0x40, 0x00, 0x00, 0x50, 0x66, 0x02, 0x00, 0x01, 0x01, 0x04, 0x00,
    0x02, 0x01, 0x04, 0x00, 0x10, 0x40, 0x00, 0x00, 0x90, 0x6d, 0x02, 0x00,
    0x20, 0x01, 0x08, 0x00, 0x20, 0x40, 0x00, 0x00, 0x10, 0x12, 0x00, 0x00,
    0x21, 0x40, 0x00, 0x00, 0xb0, 0x00, 0x00, 0x00, 0x22, 0x40, 0x00, 0x00,
    0x70, 0x11, 0x00, 0x00, 0x2f, 0x01, 0x01, 0x00, 0x03, 0x00, 0x00, 0x00,
    0x00, 0x40, 0x00, 0x00, 0xf0, 0x69, 0x02, 0x00, 0x10, 0x40, 0x00, 0x00,
    0x30, 0x71, 0x02, 0x00, 0x2f, 0x01, 0x03, 0x00, 0x03, 0x00, 0x00, 0x00,
    0x00, 0x40, 0x00, 0x00, 0x90, 0x6d, 0x02, 0x00, 0x01, 0x01, 0x00, 0x00,
    0x02, 0x01, 0x00, 0x00, 0x10, 0x40, 0x00, 0x00, 0xf0, 0xe3, 0x01, 0x00,
    0x20, 0x01, 0x00, 0x00, 0x20, 0x40, 0x00, 0x00, 0x60, 0x13, 0x00, 0x00,
    0x21, 0x40, 0x00, 0x00, 0x50, 0x01, 0x00, 0x00, 0x22, 0x40, 0x00, 0x00,
    0xc0, 0x12, 0x00, 0x00, 0x2f, 0x01, 0x01, 0x00, 0x02, 0x00, 0x00, 0x00,
    0x00, 0x40, 0x00, 0x00, 0x30, 0x71, 0x02, 0x00, 0x10, 0x40, 0x00, 0x00,
    0x90, 0xe7, 0x01, 0x00, 0x2f, 0x01, 0x03, 0x00, 0x02, 0x00, 0x00, 0x00,
    0x00, 0x40, 0x00, 0x00, 0xb0, 0xbf, 0x01, 0x00, 0x02, 0x40, 0x00, 0x00,
    0xf0, 0xa9, 0x01, 0x00, 0x0b, 0x01, 0x03, 0x00, 0x0c, 0x01, 0x03, 0x00,
    0x01, 0x01, 0x01, 0x00, 0x02, 0x01, 0x01, 0x00, 0x10, 0x40, 0x00, 0x00,
    0x10, 0x5f, 0x02, 0x00, 0x21, 0x01, 0x04, 0x00, 0x20, 0x01, 0x02, 0x00,
    0x20, 0x40, 0x00, 0x00, 0x70, 0x0e, 0x00, 0x00, 0x21, 0x40, 0x00, 0x00,
    0x10, 0x01, 0x00, 0x00, 0x22, 0x40, 0x00, 0x00, 0xd0, 0x0d, 0x00, 0x00,
    0x0d, 0x01, 0x12, 0x00, 0x03, 0x00, 0x00, 0x00, 0x00, 0x40, 0x00, 0x00,
    0x50, 0xc3, 0x01, 0x00, 0x0b, 0x01, 0x02, 0x00, 0x0c, 0x01, 0x02, 0x00,
    0x10, 0x40, 0x00, 0x00, 0xb0, 0x62, 0x02, 0x00, 0x03, 0x00, 0x00, 0x00,
    0x00, 0x40, 0x00, 0x00, 0x10, 0x5f, 0x02, 0x00, 0x02, 0x40, 0x00, 0x00,
    0x00, 0x00, 0x00, 0x00, 0x0b, 0x01, 0x00, 0x00, 0x0c, 0x01, 0x00, 0x00,
    0x01, 0x01, 0x00, 0x00, 0x02, 0x01, 0x00, 0x00, 0x10, 0x40, 0x00, 0x00,
    0x50, 0x66, 0x02, 0x00, 0x21, 0x01, 0x00, 0x00, 0x20, 0x01, 0x00, 0x00,
    0x20, 0x40, 0x00, 0x00, 0x20, 0x10, 0x00, 0x00, 0x21, 0x40, 0x00, 0x00,
    0x50, 0x01, 0x00, 0x00, 0x22, 0x40, 0x00, 0x00, 0x80, 0x0f, 0x00, 0x00,
    0x0d, 0x01, 0x0a, 0x00, 0x2f, 0x01, 0x01, 0x00, 0x02, 0x00, 0x00, 0x00,
    0x00, 0x40, 0x00, 0x00, 0xb0, 0x62, 0x02, 0x00, 0x10, 0x40, 0x00, 0x00,
    0xf0, 0x69, 0x02, 0x00, 0x2f, 0x01, 0x03, 0x00, 0x02, 0x00, 0x00, 0x00,
    0x00, 0x40, 0x00, 0x00, 0x50, 0x66, 0x02, 0x00, 0x01, 0x01, 0x04, 0x00,
    0x02, 0x01, 0x04, 0x00, 0x10, 0x40, 0x00, 0x00, 0x90, 0x6d, 0x02, 0x00,
    0x20, 0x01, 0x08, 0x00, 0x20, 0x40, 0x00, 0x00, 0x10, 0x12, 0x00, 0x00,
    0x21, 0x40, 0x00, 0x00, 0xb0, 0x00, 0x00, 0x00, 0x22, 0x40, 0x00, 0x00,
    0x70, 0x11, 0x00, 0x00, 0x2f, 0x01, 0x01, 0x00, 0x03, 0x00, 0x00, 0x00,
    0x00, 0x40, 0x00, 0x00, 0xf0, 0x69, 0x02, 0x00, 0x10, 0x40, 0x00, 0x00,
    0x30, 0x71, 0x02, 0x00, 0x2f, 0x01, 0x03, 0x00, 0x03, 0x00, 0x00, 0x00,
    0x00, 0x40, 0x00, 0x00, 0x90, 0x6d, 0x02, 0x00, 0x01, 0x01, 0x00, 0x00,
    0x02, 0x01, 0x00, 0x00, 0x10, 0x40, 0x00, 0x00, 0x30, 0xeb, 0x01, 0x00,
    0x20, 0x01, 0x00, 0x00, 0x20, 0x40, 0x00, 0x00, 0x60, 0x13, 0x00, 0x00,
    0x21, 0x40, 0x00, 0x00, 0x50, 0x01, 0x00, 0x00, 0x22, 0x40, 0x00, 0x00,
    0xc0, 0x12, 0x00, 0x00, 0x2f, 0x01, 0x01, 0x00, 0x02, 0x00, 0x00, 0x00,
    0x00, 0x40, 0x00, 0x00, 0x30, 0x71, 0x02, 0x00, 0x10, 0x40, 0x00, 0x00,
    0xd0, 0xee, 0x01, 0x00, 0x2f, 0x01, 0x03, 0x00, 0x02, 0x00, 0x00, 0x00,
    0x00, 0x40, 0x00, 0x00, 0xb0, 0x85, 0x01, 0x00, 0x0b, 0x01, 0x04, 0x00,
    0x0c, 0x01, 0x04, 0x00, 0x01, 0x01, 0x01, 0x00, 0x02, 0x01, 0x01, 0x00,
    0x10, 0x40, 0x00, 0x00, 0x50, 0x49, 0x02, 0x00, 0x21, 0x01, 0x04, 0x00,
    0x20, 0x01, 0x02, 0x00, 0x20, 0x40, 0x00, 0x00, 0x70, 0x07, 0x00, 0x00,
    0x21, 0x40, 0x00, 0x00, 0x10, 0x01, 0x00, 0x00, 0x22, 0x40, 0x00, 0x00,
    0xd0, 0x06, 0x00, 0x00, 0x0d, 0x01, 0x12, 0x00, 0x03, 0x00, 0x00, 0x00,
    0x00, 0x40, 0x00, 0x00, 0x50, 0x89, 0x01, 0x00, 0x10, 0x40, 0x00, 0x00,
    0xf0, 0x4c, 0x02, 0x00, 0x03, 0x00, 0x00, 0x00, 0x00, 0x40, 0x00, 0x00,
    0x50, 0x49, 0x02, 0x00, 0x0b, 0x01, 0x00, 0x00, 0x0c, 0x01, 0x00, 0x00,
    0x01, 0x01, 0x00, 0x00, 0x02, 0x01, 0x00, 0x00, 0x10, 0x40, 0x00, 0x00,
    0x90, 0x50, 0x02, 0x00, 0x21, 0x01, 0x00, 0x00, 0x20, 0x01, 0x00, 0x00,
    0x20, 0x40, 0x00, 0x00, 0x20, 0x09, 0x00, 0x00, 0x21, 0x40, 0x00, 0x00,
    0x50, 0x01, 0x00, 0x00, 0x22, 0x40, 0x00, 0x00, 0x80, 0x08, 0x00, 0x00,
    0x0d, 0x01, 0x0a, 0x00, 0x2f, 0x01, 0x01, 0x00, 0x02, 0x00, 0x00, 0x00,
    0x00, 0x40, 0x00, 0x00, 0xf0, 0x4c, 0x02, 0x00, 0x10, 0x40, 0x00, 0x00,
    0x30, 0x54, 0x02, 0x00, 0x2f, 0x01, 0x03, 0x00, 0x02, 0x00, 0x00, 0x00,
    0x00, 0x40, 0x00, 0x00, 0x90, 0x50, 0x02, 0x00, 0x01, 0x01, 0x04, 0x00,
    0x02, 0x01, 0x04, 0x00, 0x10, 0x40, 0x00, 0x00, 0xd0, 0x57, 0x02, 0x00,
    0x20, 0x01, 0x08, 0x00, 0x20, 0x40, 0x00, 0x00, 0x10, 0x0b, 0x00, 0x00,
    0x21, 0x40, 0x00, 0x00, 0xd0, 0x00, 0x00, 0x00, 0x22, 0x40, 0x00, 0x00,
    0x70, 0x0a, 0x00, 0x00, 0x2f, 0x01, 0x01, 0x00, 0x03, 0x00, 0x00, 0x00,
    0x00, 0x40, 0x00, 0x00, 0x30, 0x54, 0x02, 0x00, 0x10, 0x40, 0x00, 0x00,
    0x70, 0x5b, 0x02, 0x00, 0x2f, 0x01, 0x03, 0x00, 0x03, 0x00, 0x00, 0x00,
    0x00, 0x40, 0x00, 0x00, 0xd0, 0x57, 0x02, 0x00, 0x01, 0x01, 0x00, 0x00,
    0x02, 0x01, 0x00, 0x00, 0x10, 0x40, 0x00, 0x00, 0x30, 0xb1, 0x01, 0x00,
    0x20, 0x01, 0x00, 0x00, 0x20, 0x40, 0x00, 0x00, 0x80, 0x0c, 0x00, 0x00,
    0x21, 0x40, 0x00, 0x00, 0x50, 0x01, 0x00, 0x00, 0x22, 0x40, 0x00, 0x00,
    0xe0, 0x0b, 0x00, 0x00, 0x2f, 0x01, 0x01, 0x00, 0x02, 0x00, 0x00, 0x00,
    0x00, 0x40, 0x00, 0x00, 0x70, 0x5b, 0x02, 0x00, 0x10, 0x40, 0x00, 0x00,
    0xd0, 0xb4, 0x01, 0x00, 0x2f, 0x01, 0x03, 0x00, 0x02, 0x00, 0x00, 0x00,
    0x00, 0x40, 0x00, 0x00, 0xf0, 0x8c, 0x01, 0x00, 0x0b, 0x01, 0x04, 0x00,
    0x0c, 0x01, 0x04, 0x00, 0x01, 0x01, 0x01, 0x00, 0x02, 0x01, 0x01, 0x00,
    0x10, 0x40, 0x00, 0x00, 0x50, 0x49, 0x02, 0x00, 0x21, 0x01, 0x04, 0x00,
    0x20, 0x01, 0x02, 0x00, 0x20, 0x40, 0x00, 0x00, 0x70, 0x07, 0x00, 0x00,
    0x21, 0x40, 0x00, 0x00, 0x10, 0x01, 0x00, 0x00, 0x22, 0x40, 0x00, 0x00,
    0xd0, 0x06, 0x00, 0x00, 0x0d, 0x01, 0x12, 0x00, 0x03, 0x00, 0x00, 0x00,
    0x00, 0x40, 0x00, 0x00, 0x90, 0x90, 0x01, 0x00, 0x10, 0x40, 0x00, 0x00,
    0xf0, 0x4c, 0x02, 0x00, 0x03, 0x00, 0x00, 0x00, 0x00, 0x40, 0x00, 0x00,
    0x50, 0x49, 0x02, 0x00, 0x0b, 0x01, 0x00, 0x00, 0x0c, 0x01, 0x00, 0x00,
    0x01, 0x01, 0x00, 0x00, 0x02, 0x01, 0x00, 0x00, 0x10, 0x40, 0x00, 0x00,
    0x90, 0x50, 0x02, 0x00, 0x21, 0x01, 0x00, 0x00, 0x20, 0x01, 0x00, 0x00,
    0x20, 0x40, 0x00, 0x00, 0x20, 0x09, 0x00, 0x00, 0x21, 0x40, 0x00, 0x00,
    0x50, 0x01, 0x00, 0x00, 0x22, 0x40, 0x00, 0x00, 0x80, 0x08, 0x00, 0x00,
    0x0d, 0x01, 0x0a, 0x00, 0x2f, 0x01, 0x01, 0x00, 0x02, 0x00, 0x00, 0x00,
    0x00, 0x40, 0x00, 0x00, 0xf0, 0x4c, 0x02, 0x00, 0x10, 0x40, 0x00, 0x00,
    0x30, 0x54, 0x02, 0x00, 0x2f, 0x01, 0x03, 0x00, 0x02, 0x00, 0x00, 0x00,
    0x00, 0x40, 0x00, 0x00, 0x90, 0x50, 0x02, 0x00, 0x01, 0x01, 0x04, 0x00,
    0x02, 0x01, 0x04, 0x00, 0x10, 0x40, 0x00, 0x00, 0xd0, 0x57, 0x02, 0x00,
    0x20, 0x01, 0x08, 0x00, 0x20, 0x40, 0x00, 0x00, 0x10, 0x0b, 0x00, 0x00,
    0x21, 0x40, 0x00, 0x00, 0xd0, 0x00, 0x00, 0x00, 0x22, 0x40, 0x00, 0x00,
    0x70, 0x0a, 0x00, 0x00, 0x2f, 0x01, 0x01, 0x00, 0x03, 0x00, 0x00, 0x00,
    0x00, 0x40, 0x00, 0x00, 0x30, 0x54, 0x02, 0x00, 0x10, 0x40, 0x00, 0x00,
    0x70, 0x5b, 0x02, 0x00, 0x2f, 0x01, 0x03, 0x00, 0x03, 0x00, 0x00, 0x00,
    0x00, 0x40, 0x00, 0x00, 0xd0, 0x57, 0x02, 0x00, 0x01, 0x01, 0x00, 0x00,
    0x02, 0x01, 0x00, 0x00, 0x10, 0x40, 0x00, 0x00, 0x70, 0xb8, 0x01, 0x00,
    0x20, 0x01, 0x00, 0x00, 0x20, 0x40, 0x00, 0x00, 0x80, 0x0c, 0x00, 0x00,
    0x21, 0x40, 0x00, 0x00, 0x50, 0x01, 0x00, 0x00, 0x22, 0x40, 0x00, 0x00,
    0xe0, 0x0b, 0x00, 0x00, 0x2f, 0x01, 0x01, 0x00, 0x02, 0x00, 0x00, 0x00,
    0x00, 0x40, 0x00, 0x00, 0x70, 0x5b, 0x02, 0x00, 0x10, 0x40, 0x00, 0x00,
    0x10, 0xbc, 0x01, 0x00, 0x2f, 0x01, 0x03, 0x00, 0x02, 0x00, 0x00, 0x00,
    0x00, 0x40, 0x00, 0x00, 0x60, 0x53, 0x01, 0x00, 0x0b, 0x01, 0x01, 0x00,
    0x0c, 0x01, 0x01, 0x00, 0x0a, 0x01, 0x72, 0x00, 0x04, 0x01, 0x03, 0x00,
    0x05, 0x40, 0x00, 0x00, 0xcc, 0x01, 0x00, 0x00, 0x04, 0x40, 0x00, 0x00,
    0x04, 0x00, 0x00, 0x00, 0x06, 0x40, 0x00, 0x00, 0x01, 0x00, 0x00, 0x00,
    0x09, 0x01, 0x00, 0x00, 0x05, 0x01, 0x01, 0x00, 0x10, 0x40, 0x00, 0x00,
    0xf0, 0x1d, 0x02, 0x00, 0x11, 0x01, 0x72, 0x00, 0x1a, 0x01, 0x72, 0x00,
    0x13, 0x01, 0x03, 0x00, 0x15, 0x40, 0x00, 0x00, 0x30, 0x07, 0x00, 0x00,
    0x16, 0x40, 0x00, 0x00, 0x30, 0x07, 0x00, 0x00, 0x18, 0x01, 0x00, 0x00,
    0x14, 0x01, 0x41, 0x81, 0x21, 0x01, 0x01, 0x00, 0x22, 0x01, 0x02, 0x00,
    0x15, 0x01, 0x15, 0x00, 0x17, 0x01, 0x07, 0x00, 0x05, 0x00, 0x01, 0x00,
    0x00, 0x40, 0x00, 0x00, 0xf8, 0x56, 0x01, 0x00, 0x10, 0x40, 0x00, 0x00,
    0x20, 0x25, 0x02, 0x00, 0x05, 0x00, 0x01, 0x00, 0x00, 0x40, 0x00, 0x00,
    0xf0, 0x1d, 0x02, 0x00, 0x0b, 0x01, 0x00, 0x00, 0x0c, 0x01, 0x00, 0x00,
    0x05, 0x40, 0x00, 0x00, 0x30, 0x07, 0x00, 0x00, 0x04, 0x40, 0x00, 0x00,
    0x10, 0x00, 0x00, 0x00, 0x06, 0x40, 0x00, 0x00, 0x30, 0x07, 0x00, 0x00,
    0x09, 0x01, 0xff, 0xff, 0x05, 0x01, 0x41, 0x00, 0x01, 0x01, 0x01, 0x00,
    0x02, 0x01, 0x01, 0x00, 0x10, 0x40, 0x00, 0x00, 0x50, 0x2c, 0x02, 0x00,
    0x11, 0x01, 0x39, 0x00, 0x1a, 0x01, 0x39, 0x00, 0x13, 0x01, 0x0b, 0x00,
    0x15, 0x40, 0x00, 0x00, 0xa0, 0x03, 0x00, 0x00, 0x16, 0x40, 0x00, 0x00,
    0xa0, 0x03, 0x00, 0x00, 0x18, 0x01, 0x80, 0xff, 0x14, 0x01, 0x41, 0x00,
    0x21, 0x01, 0x00, 0x00, 0x20, 0x01, 0x02, 0x00, 0x22, 0x01, 0x05, 0x00,
    0x20, 0x40, 0x00, 0x00, 0x80, 0x00, 0x00, 0x00, 0x21, 0x40, 0x00, 0x00,
    0x00, 0x01, 0x00, 0x00, 0x22, 0x40, 0x00, 0x00, 0x00, 0x00, 0x00, 0x00,
    0x23, 0x40, 0x00, 0x00, 0x80, 0x00, 0x00, 0x00, 0x15, 0x01, 0x39, 0x00,
    0x17, 0x01, 0x0f, 0x00, 0x2f, 0x01, 0x01, 0x00, 0x02, 0x00, 0x00, 0x00,
    0x00, 0x40, 0x00, 0x00, 0x20, 0x25, 0x02, 0x00, 0x10, 0x40, 0x00, 0x00,
    0xf0, 0x2f, 0x02, 0x00, 0x2f, 0x01, 0x03, 0x00, 0x02, 0x00, 0x00, 0x00,
    0x00, 0x40, 0x00, 0x00, 0x50, 0x2c, 0x02, 0x00, 0x0a, 0x01, 0x39, 0x00,
    0x04, 0x01, 0x0b, 0x00, 0x05, 0x40, 0x00, 0x00, 0xa0, 0x03, 0x00, 0x00,
    0x06, 0x40, 0x00, 0x00, 0xa0, 0x03, 0x00, 0x00, 0x09, 0x01, 0x80, 0xff,
    0x01, 0x01, 0x03, 0x00, 0x02, 0x01, 0x03, 0x00, 0x10, 0x40, 0x00, 0x00,
    0x90, 0x33, 0x02, 0x00, 0x20, 0x01, 0x06, 0x00, 0x22, 0x01, 0x00, 0x00,
    0x20, 0x40, 0x00, 0x00, 0x00, 0x02, 0x00, 0x00, 0x21, 0x40, 0x00, 0x00,
    0x90, 0x00, 0x00, 0x00, 0x22, 0x40, 0x00, 0x00, 0x80, 0x01, 0x00, 0x00,
    0x2f, 0x01, 0x01, 0x00, 0x03, 0x00, 0x00, 0x00, 0x00, 0x40, 0x00, 0x00,
    0xf0, 0x2f, 0x02, 0x00, 0x10, 0x40, 0x00, 0x00, 0x30, 0x37, 0x02, 0x00,
    0x2f, 0x01, 0x03, 0x00, 0x03, 0x00, 0x00, 0x00, 0x00, 0x40, 0x00, 0x00,
    0x90, 0x33, 0x02, 0x00, 0x01, 0x01, 0x00, 0x00, 0x02, 0x01, 0x00, 0x00,
    0x10, 0x40, 0x00, 0x00, 0xd0, 0x3a, 0x02, 0x00, 0x20, 0x01, 0x00, 0x00,
    0x20, 0x40, 0x00, 0x00, 0x10, 0x03, 0x00, 0x00, 0x21, 0x40, 0x00, 0x00,
    0xe0, 0x00, 0x00, 0x00, 0x22, 0x40, 0x00, 0x00, 0x90, 0x02, 0x00, 0x00,
    0x2f, 0x01, 0x01, 0x00, 0x02, 0x00, 0x00, 0x00, 0x00, 0x40, 0x00, 0x00,
    0x30, 0x37, 0x02, 0x00, 0x10, 0x40, 0x00, 0x00, 0x70, 0x3e, 0x02, 0x00,
    0x2f, 0x01, 0x03, 0x00, 0x02, 0x00, 0x00, 0x00, 0x00, 0x40, 0x00, 0x00,
    0xd0, 0x3a, 0x02, 0x00, 0x01, 0x01, 0x04, 0x00, 0x02, 0x01, 0x04, 0x00,
    0x10, 0x40, 0x00, 0x00, 0x10, 0x42, 0x02, 0x00, 0x20, 0x01, 0x08, 0x00,
    0x20, 0x40, 0x00, 0x00, 0x70, 0x04, 0x00, 0x00, 0x21, 0x40, 0x00, 0x00,
    0xb0, 0x00, 0x00, 0x00, 0x22, 0x40, 0x00, 0x00, 0xf0, 0x03, 0x00, 0x00,
    0x2f, 0x01, 0x01, 0x00, 0x03, 0x00, 0x00, 0x00, 0x00, 0x40, 0x00, 0x00,
    0x70, 0x3e, 0x02, 0x00, 0x10, 0x40, 0x00, 0x00, 0xb0, 0x45, 0x02, 0x00,
    0x2f, 0x01, 0x03, 0x00, 0x03, 0x00, 0x00, 0x00, 0x00, 0x40, 0x00, 0x00,
    0x10, 0x42, 0x02, 0x00, 0x01, 0x01, 0x00, 0x00, 0x02, 0x01, 0x00, 0x00,
    0x10, 0x40, 0x00, 0x00, 0xb0, 0xa2, 0x01, 0x00, 0x13, 0x01, 0x0f, 0x00,
    0x20, 0x01, 0x00, 0x00, 0x20, 0x40, 0x00, 0x00, 0xc0, 0x05, 0x00, 0x00,
    0x21, 0x40, 0x00, 0x00, 0x10, 0x01, 0x00, 0x00, 0x22, 0x40, 0x00, 0x00,
    0x20, 0x05, 0x00, 0x00, 0x23, 0x40, 0x00, 0x00, 0xa0, 0x00, 0x00, 0x00,
    0x2f, 0x01, 0x01, 0x00, 0x02, 0x00, 0x00, 0x00, 0x00, 0x40, 0x00, 0x00,
    0xb0, 0x45, 0x02, 0x00, 0x10, 0x40, 0x00, 0x00, 0x50, 0xa6, 0x01, 0x00,
    0x2f, 0x01, 0x03, 0x00, 0x02, 0x00, 0x00, 0x00, 0x00, 0x40, 0x00, 0x00,
    0x90, 0x5a, 0x01, 0x00, 0x0b, 0x01, 0x01, 0x00, 0x0c, 0x01, 0x01, 0x00,
    0x0a, 0x01, 0x72, 0x00, 0x04, 0x01, 0x03, 0x00, 0x05, 0x40, 0x00, 0x00,
    0xcc, 0x01, 0x00, 0x00, 0x04, 0x40, 0x00, 0x00, 0x04, 0x00, 0x00, 0x00,
    0x06, 0x40, 0x00, 0x00, 0x01, 0x00, 0x00, 0x00, 0x09, 0x01, 0x00, 0x00,
    0x05, 0x01, 0x01, 0x00, 0x10, 0x40, 0x00, 0x00, 0xf0, 0x1d, 0x02, 0x00,
    0x11, 0x01, 0x72, 0x00, 0x1a, 0x01, 0x72, 0x00, 0x13, 0x01, 0x03, 0x00,
    0x15, 0x40, 0x00, 0x00, 0x30, 0x07, 0x00, 0x00, 0x16, 0x40, 0x00, 0x00,
    0x30, 0x07, 0x00, 0x00, 0x18, 0x01, 0x00, 0x00, 0x14, 0x01, 0x41, 0x81,
    0x21, 0x01, 0x01, 0x00, 0x22, 0x01, 0x02, 0x00, 0x15, 0x01, 0x15, 0x00,
    0x17, 0x01, 0x07, 0x00, 0x05, 0x00, 0x01, 0x00, 0x00, 0x40, 0x00, 0x00,
    0x28, 0x5e, 0x01, 0x00, 0x10, 0x40, 0x00, 0x00, 0x20, 0x25, 0x02, 0x00,
    0x05, 0x00, 0x01, 0x00, 0x00, 0x40, 0x00, 0x00, 0xf0, 0x1d, 0x02, 0x00,
    0x0b, 0x01, 0x00, 0x00, 0x0c, 0x01, 0x00, 0x00, 0x05, 0x40, 0x00, 0x00,
    0x30, 0x07, 0x00, 0x00, 0x04, 0x40, 0x00, 0x00, 0x10, 0x00, 0x00, 0x00,
    0x06, 0x40, 0x00, 0x00, 0x30, 0x07, 0x00, 0x00, 0x09, 0x01, 0xff, 0xff,
    0x05, 0x01, 0x41, 0x00, 0x01, 0x01, 0x01, 0x00, 0x02, 0x01, 0x01, 0x00,
    0x10, 0x40, 0x00, 0x00, 0x50, 0x2c, 0x02, 0x00, 0x11, 0x01, 0x39, 0x00,
    0x1a, 0x01, 0x39, 0x00, 0x13, 0x01, 0x0b, 0x00, 0x15, 0x40, 0x00, 0x00,
    0xa0, 0x03, 0x00, 0x00, 0x16, 0x40, 0x00, 0x00, 0xa0, 0x03, 0x00, 0x00,
    0x18, 0x01, 0x80, 0xff, 0x14, 0x01, 0x41, 0x00, 0x21, 0x01, 0x00, 0x00,
    0x20, 0x01, 0x02, 0x00, 0x22, 0x01, 0x05, 0x00, 0x20, 0x40, 0x00, 0x00,
    0x80, 0x00, 0x00, 0x00, 0x21, 0x40, 0x00, 0x00, 0x00, 0x01, 0x00, 0x00,
    0x22, 0x40, 0x00, 0x00, 0x00, 0x00, 0x00, 0x00, 0x23, 0x40, 0x00, 0x00,
    0x80, 0x00, 0x00, 0x00, 0x15, 0x01, 0x39, 0x00, 0x17, 0x01, 0x0f, 0x00,
    0x2f, 0x01, 0x01, 0x00, 0x02, 0x00, 0x00, 0x00, 0x00, 0x40, 0x00, 0x00,
    0x20, 0x25, 0x02, 0x00, 0x10, 0x40, 0x00, 0x00, 0xf0, 0x2f, 0x02, 0x00,
    0x2f, 0x01, 0x03, 0x00, 0x02, 0x00, 0x00, 0x00, 0x00, 0x40, 0x00, 0x00,
    0x50, 0x2c, 0x02, 0x00, 0x0a, 0x01, 0x39, 0x00, 0x04, 0x01, 0x0b, 0x00,
    0x05, 0x40, 0x00, 0x00, 0xa0, 0x03, 0x00, 0x00, 0x06, 0x40, 0x00, 0x00,
    0xa0, 0x03, 0x00, 0x00, 0x09, 0x01, 0x80, 0xff, 0x01, 0x01, 0x03, 0x00,
    0x02, 0x01, 0x03, 0x00, 0x10, 0x40, 0x00, 0x00, 0x90, 0x33, 0x02, 0x00,
    0x20, 0x01, 0x06, 0x00, 0x22, 0x01, 0x00, 0x00, 0x20, 0x40, 0x00, 0x00,
    0x00, 0x02, 0x00, 0x00, 0x21, 0x40, 0x00, 0x00, 0x90, 0x00, 0x00, 0x00,
    0x22, 0x40, 0x00, 0x00, 0x80, 0x01, 0x00, 0x00, 0x2f, 0x01, 0x01, 0x00,
    0x03, 0x00, 0x00, 0x00, 0x00, 0x40, 0x00, 0x00, 0xf0, 0x2f, 0x02, 0x00,
    0x10, 0x40, 0x00, 0x00, 0x30, 0x37, 0x02, 0x00, 0x2f, 0x01, 0x03, 0x00,
    0x03, 0x00, 0x00, 0x00, 0x00, 0x40, 0x00, 0x00, 0x90, 0x33, 0x02, 0x00,
    0x01, 0x01, 0x00, 0x00, 0x02, 0x01, 0x00, 0x00, 0x10, 0x40, 0x00, 0x00,
    0xd0, 0x3a, 0x02, 0x00, 0x20, 0x01, 0x00, 0x00, 0x20, 0x40, 0x00, 0x00,
    0x10, 0x03, 0x00, 0x00, 0x21, 0x40, 0x00, 0x00, 0xe0, 0x00, 0x00, 0x00,
    0x22, 0x40, 0x00, 0x00, 0x90, 0x02, 0x00, 0x00, 0x2f, 0x01, 0x01, 0x00,
    0x02, 0x00, 0x00, 0x00, 0x00, 0x40, 0x00, 0x00, 0x30, 0x37, 0x02, 0x00,
    0x10, 0x40, 0x00, 0x00, 0x70, 0x3e, 0x02, 0x00, 0x2f, 0x01, 0x03, 0x00,
    0x02, 0x00, 0x00, 0x00, 0x00, 0x40, 0x00, 0x00, 0xd0, 0x3a, 0x02, 0x00,
    0x01, 0x01, 0x04, 0x00, 0x02, 0x01, 0x04, 0x00, 0x10, 0x40, 0x00, 0x00,
    0x10, 0x42, 0x02, 0x00, 0x20, 0x01, 0x08, 0x00, 0x20, 0x40, 0x00, 0x00,
    0x70, 0x04, 0x00, 0x00, 0x21, 0x40, 0x00, 0x00, 0xb0, 0x00, 0x00, 0x00,
    0x22, 0x40, 0x00, 0x00, 0xf0, 0x03, 0x00, 0x00, 0x2f, 0x01, 0x01, 0x00,
    0x03, 0x00, 0x00, 0x00, 0x00, 0x40, 0x00, 0x00, 0x70, 0x3e, 0x02, 0x00,
    0x10, 0x40, 0x00, 0x00, 0xb0, 0x45, 0x02, 0x00, 0x2f, 0x01, 0x03, 0x00,
    0x03, 0x00, 0x00, 0x00, 0x00, 0x40, 0x00, 0x00, 0x10, 0x42, 0x02, 0x00,
    0x01, 0x01, 0x00, 0x00, 0x02, 0x01, 0x00, 0x00, 0x10, 0x40, 0x00, 0x00,
    0xb0, 0x85, 0x01, 0x00, 0x13, 0x01, 0x0f, 0x00, 0x20, 0x01, 0x00, 0x00,
    0x20, 0x40, 0x00, 0x00, 0xc0, 0x05, 0x00, 0x00, 0x21, 0x40, 0x00, 0x00,
    0x10, 0x01, 0x00, 0x00, 0x22, 0x40, 0x00, 0x00, 0x20, 0x05, 0x00, 0x00,
    0x23, 0x40, 0x00, 0x00, 0xa0, 0x00, 0x00, 0x00, 0x2f, 0x01, 0x01, 0x00,
    0x02, 0x00, 0x00, 0x00, 0x00, 0x40, 0x00, 0x00, 0xb0, 0x45, 0x02, 0x00,
    0x10, 0x40, 0x00, 0x00, 0x50, 0x89, 0x01, 0x00, 0x2f, 0x01, 0x03, 0x00,
    0x02, 0x00, 0x00, 0x00, 0x00, 0x40, 0x00, 0x00, 0xc0, 0x61, 0x01, 0x00,
    0x0b, 0x01, 0x01, 0x00, 0x0c, 0x01, 0x01, 0x00, 0x0a, 0x01, 0x72, 0x00,
    0x04, 0x01, 0x03, 0x00, 0x05, 0x40, 0x00, 0x00, 0xcc, 0x01, 0x00, 0x00,
    0x04, 0x40, 0x00, 0x00, 0x04, 0x00, 0x00, 0x00, 0x06, 0x40, 0x00, 0x00,
    0x01, 0x00, 0x00, 0x00, 0x09, 0x01, 0x00, 0x00, 0x05, 0x01, 0x01, 0x00,
    0x10, 0x40, 0x00, 0x00, 0xf0, 0x1d, 0x02, 0x00, 0x11, 0x01, 0x72, 0x00,
    0x1a, 0x01, 0x72, 0x00, 0x13, 0x01, 0x03, 0x00, 0x15, 0x40, 0x00, 0x00,
    0x30, 0x07, 0x00, 0x00, 0x16, 0x40, 0x00, 0x00, 0x30, 0x07, 0x00, 0x00,
    0x18, 0x01, 0x00, 0x00, 0x14, 0x01, 0x41, 0x81, 0x21, 0x01, 0x01, 0x00,
    0x22, 0x01, 0x02, 0x00, 0x15, 0x01, 0x15, 0x00, 0x17, 0x01, 0x07, 0x00,
    0x05, 0x00, 0x01, 0x00, 0x00, 0x40, 0x00, 0x00, 0x58, 0x65, 0x01, 0x00,
    0x10, 0x40, 0x00, 0x00, 0x20, 0x25, 0x02, 0x00, 0x05, 0x00, 0x01, 0x00,
    0x00, 0x40, 0x00, 0x00, 0xf0, 0x1d, 0x02, 0x00, 0x0b, 0x01, 0x00, 0x00,
    0x0c, 0x01, 0x00, 0x00, 0x05, 0x40, 0x00, 0x00, 0x30, 0x07, 0x00, 0x00,
    0x04, 0x40, 0x00, 0x00, 0x10, 0x00, 0x00, 0x00, 0x06, 0x40, 0x00, 0x00,
    0x30, 0x07, 0x00, 0x00, 0x09, 0x01, 0xff, 0xff, 0x05, 0x01, 0x41, 0x00,
    0x01, 0x01, 0x01, 0x00, 0x02, 0x01, 0x01, 0x00, 0x10, 0x40, 0x00, 0x00,
    0x50, 0x2c, 0x02, 0x00, 0x11, 0x01, 0x39, 0x00, 0x1a, 0x01, 0x39, 0x00,
    0x13, 0x01, 0x0b, 0x00, 0x15, 0x40, 0x00, 0x00, 0xa0, 0x03, 0x00, 0x00,
    0x16, 0x40, 0x00, 0x00, 0xa0, 0x03, 0x00, 0x00, 0x18, 0x01, 0x80, 0xff,
    0x14, 0x01, 0x41, 0x00, 0x21, 0x01, 0x00, 0x00, 0x20, 0x01, 0x02, 0x00,
    0x22, 0x01, 0x05, 0x00, 0x20, 0x40, 0x00, 0x00, 0x80, 0x00, 0x00, 0x00,
    0x21, 0x40, 0x00, 0x00, 0x00, 0x01, 0x00, 0x00, 0x22, 0x40, 0x00, 0x00,
    0x00, 0x00, 0x00, 0x00, 0x23, 0x40, 0x00, 0x00, 0x80, 0x00, 0x00, 0x00,
    0x15, 0x01, 0x39, 0x00, 0x17, 0x01, 0x0f, 0x00, 0x2f, 0x01, 0x01, 0x00,
    0x02, 0x00, 0x00, 0x00, 0x00, 0x40, 0x00, 0x00, 0x20, 0x25, 0x02, 0x00,
    0x10, 0x40, 0x00, 0x00, 0xf0, 0x2f, 0x02, 0x00, 0x2f, 0x01, 0x03, 0x00,
    0x02, 0x00, 0x00, 0x00, 0x00, 0x40, 0x00, 0x00, 0x50, 0x2c, 0x02, 0x00,
    0x0a, 0x01, 0x39, 0x00, 0x04, 0x01, 0x0b, 0x00, 0x05, 0x40, 0x00, 0x00,
    0xa0, 0x03, 0x00, 0x00, 0x06, 0x40, 0x00, 0x00, 0xa0, 0x03, 0x00, 0x00,
    0x09, 0x01, 0x80, 0xff, 0x01, 0x01, 0x03, 0x00, 0x02, 0x01, 0x03, 0x00,
    0x10, 0x40, 0x00, 0x00, 0x90, 0x33, 0x02, 0x00, 0x20, 0x01, 0x06, 0x00,
    0x22, 0x01, 0x00, 0x00, 0x20, 0x40, 0x00, 0x00, 0x00, 0x02, 0x00, 0x00,
    0x21, 0x40, 0x00, 0x00, 0x90, 0x00, 0x00, 0x00, 0x22, 0x40, 0x00, 0x00,
    0x80, 0x01, 0x00, 0x00, 0x2f, 0x01, 0x01, 0x00, 0x03, 0x00, 0x00, 0x00,
    0x00, 0x40, 0x00, 0x00, 0xf0, 0x2f, 0x02, 0x00, 0x10, 0x40, 0x00, 0x00,
    0x30, 0x37, 0x02, 0x00, 0x2f, 0x01, 0x03, 0x00, 0x03, 0x00, 0x00, 0x00,
    0x00, 0x40, 0x00, 0x00, 0x90, 0x33, 0x02, 0x00, 0x01, 0x01, 0x00, 0x00,
    0x02, 0x01, 0x00, 0x00, 0x10, 0x40, 0x00, 0x00, 0xd0, 0x3a, 0x02, 0x00,
    0x20, 0x01, 0x00, 0x00, 0x20, 0x40, 0x00, 0x00, 0x10, 0x03, 0x00, 0x00,
    0x21, 0x40, 0x00, 0x00, 0xe0, 0x00, 0x00, 0x00, 0x22, 0x40, 0x00, 0x00,
    0x90, 0x02, 0x00, 0x00, 0x2f, 0x01, 0x01, 0x00, 0x02, 0x00, 0x00, 0x00,
    0x00, 0x40, 0x00, 0x00, 0x30, 0x37, 0x02, 0x00, 0x10, 0x40, 0x00, 0x00,
    0x70, 0x3e, 0x02, 0x00, 0x2f, 0x01, 0x03, 0x00, 0x02, 0x00, 0x00, 0x00,
    0x00, 0x40, 0x00, 0x00, 0xd0, 0x3a, 0x02, 0x00, 0x01, 0x01, 0x04, 0x00,
    0x02, 0x01, 0x04, 0x00, 0x10, 0x40, 0x00, 0x00, 0x10, 0x42, 0x02, 0x00,
    0x20, 0x01, 0x08, 0x00, 0x20, 0x40, 0x00, 0x00, 0x70, 0x04, 0x00, 0x00,
    0x21, 0x40, 0x00, 0x00, 0xb0, 0x00, 0x00, 0x00, 0x22, 0x40, 0x00, 0x00,
    0xf0, 0x03, 0x00, 0x00, 0x2f, 0x01, 0x01, 0x00, 0x03, 0x00, 0x00, 0x00,
    0x00, 0x40, 0x00, 0x00, 0x70, 0x3e, 0x02, 0x00, 0x10, 0x40, 0x00, 0x00,
    0xb0, 0x45, 0x02, 0x00, 0x2f, 0x01, 0x03, 0x00, 0x03, 0x00, 0x00, 0x00,
    0x00, 0x40, 0x00, 0x00, 0x10, 0x42, 0x02, 0x00, 0x01, 0x01, 0x00, 0x00,
    0x02, 0x01, 0x00, 0x00, 0x10, 0x40, 0x00, 0x00, 0xf0, 0x8c, 0x01, 0x00,
    0x13, 0x01, 0x0f, 0x00, 0x20, 0x01, 0x00, 0x00, 0x20, 0x40, 0x00, 0x00,
    0xc0, 0x05, 0x00, 0x00, 0x21, 0x40, 0x00, 0x00, 0x10, 0x01, 0x00, 0x00,
    0x22, 0x40, 0x00, 0x00, 0x20, 0x05, 0x00, 0x00, 0x23, 0x40, 0x00, 0x00,
    0xa0, 0x00, 0x00, 0x00, 0x2f, 0x01, 0x01, 0x00, 0x02, 0x00, 0x00, 0x00,
    0x00, 0x40, 0x00, 0x00, 0xb0, 0x45, 0x02, 0x00, 0x10, 0x40, 0x00, 0x00,
    0x90, 0x90, 0x01, 0x00, 0x2f, 0x01, 0x03, 0x00, 0x02, 0x00, 0x00, 0x00,
    0x00, 0x40, 0x00, 0x00, 0x30, 0x94, 0x01, 0x00, 0x0b, 0x01, 0x04, 0x00,
    0x0c, 0x01, 0x04, 0x00, 0x04, 0x01, 0x0f, 0x00, 0x01, 0x01, 0x01, 0x00,
    0x02, 0x01, 0x01, 0x00, 0x10, 0x40, 0x00, 0x00, 0x50, 0x49, 0x02, 0x00,
    0x21, 0x01, 0x04, 0x00, 0x20, 0x01, 0x02, 0x00, 0x20, 0x40, 0x00, 0x00,
    0x70, 0x07, 0x00, 0x00, 0x22, 0x40, 0x00, 0x00, 0xd0, 0x06, 0x00, 0x00,
    0x0d, 0x01, 0x12, 0x00, 0x2f, 0x01, 0x01, 0x00, 0x03, 0x00, 0x00, 0x00,
    0x00, 0x40, 0x00, 0x00, 0xd0, 0x97, 0x01, 0x00, 0x10, 0x40, 0x00, 0x00,
    0xf0, 0x4c, 0x02, 0x00, 0x2f, 0x01, 0x03, 0x00, 0x03, 0x00, 0x00, 0x00,
    0x00, 0x40, 0x00, 0x00, 0x50, 0x49, 0x02, 0x00, 0x0b, 0x01, 0x00, 0x00,
    0x0c, 0x01, 0x00, 0x00, 0x01, 0x01, 0x00, 0x00, 0x02, 0x01, 0x00, 0x00,
    0x10, 0x40, 0x00, 0x00, 0x90, 0x50, 0x02, 0x00, 0x21, 0x01, 0x00, 0x00,
    0x20, 0x01, 0x00, 0x00, 0x20, 0x40, 0x00, 0x00, 0x20, 0x09, 0x00, 0x00,
    0x21, 0x40, 0x00, 0x00, 0x50, 0x01, 0x00, 0x00, 0x22, 0x40, 0x00, 0x00,
    0x80, 0x08, 0x00, 0x00, 0x0d, 0x01, 0x0a, 0x00, 0x2f, 0x01, 0x01, 0x00,
    0x02, 0x00, 0x00, 0x00, 0x00, 0x40, 0x00, 0x00, 0xf0, 0x4c, 0x02, 0x00,
    0x10, 0x40, 0x00, 0x00, 0x30, 0x54, 0x02, 0x00, 0x2f, 0x01, 0x03, 0x00,
    0x02, 0x00, 0x00, 0x00, 0x00, 0x40, 0x00, 0x00, 0x90, 0x50, 0x02, 0x00,
    0x01, 0x01, 0x04, 0x00, 0x02, 0x01, 0x04, 0x00, 0x10, 0x40, 0x00, 0x00,
    0xd0, 0x57, 0x02, 0x00, 0x20, 0x01, 0x08, 0x00, 0x20, 0x40, 0x00, 0x00,
    0x10, 0x0b, 0x00, 0x00, 0x21, 0x40, 0x00, 0x00, 0xd0, 0x00, 0x00, 0x00,
    0x22, 0x40, 0x00, 0x00, 0x70, 0x0a, 0x00, 0x00, 0x2f, 0x01, 0x01, 0x00,
    0x03, 0x00, 0x00, 0x00, 0x00, 0x40, 0x00, 0x00, 0x30, 0x54, 0x02, 0x00,
    0x10, 0x40, 0x00, 0x00, 0x70, 0x5b, 0x02, 0x00, 0x2f, 0x01, 0x03, 0x00,
    0x03, 0x00, 0x00, 0x00, 0x00, 0x40, 0x00, 0x00, 0xd0, 0x57, 0x02, 0x00,
    0x01, 0x01, 0x00, 0x00, 0x02, 0x01, 0x00, 0x00, 0x10, 0x40, 0x00, 0x00,
    0xb0, 0xbf, 0x01, 0x00, 0x20, 0x01, 0x00, 0x00, 0x20, 0x40, 0x00, 0x00,
    0x80, 0x0c, 0x00, 0x00, 0x21, 0x40, 0x00, 0x00, 0x50, 0x01, 0x00, 0x00,
    0x22, 0x40, 0x00, 0x00, 0xe0, 0x0b, 0x00, 0x00, 0x2f, 0x01, 0x01, 0x00,
    0x02, 0x00, 0x00, 0x00, 0x00, 0x40, 0x00, 0x00, 0x70, 0x5b, 0x02, 0x00,
    0x10, 0x40, 0x00, 0x00, 0x50, 0xc3, 0x01, 0x00, 0x2f, 0x01, 0x03, 0x00,
    0x02, 0x00, 0x00, 0x00, 0x00, 0x40, 0x00, 0x00, 0xf0, 0xc6, 0x01, 0x00,
    0x02, 0x40, 0x00, 0x00, 0xf0, 0xa9, 0x01, 0x00, 0x0b, 0x01, 0x01, 0x00,
    0x0c, 0x01, 0x01, 0x00, 0x01, 0x01, 0x01, 0x00, 0x02, 0x01, 0x01, 0x00,
    0x10, 0x40, 0x00, 0x00, 0x10, 0x5f, 0x02, 0x00, 0x21, 0x01, 0x04, 0x00,
    0x20, 0x01, 0x02, 0x00, 0x20, 0x40, 0x00, 0x00, 0x70, 0x0e, 0x00, 0x00,
    0x21, 0x40, 0x00, 0x00, 0x10, 0x01, 0x00, 0x00, 0x22, 0x40, 0x00, 0x00,
    0xd0, 0x0d, 0x00, 0x00, 0x0d, 0x01, 0x12, 0x00, 0x2f, 0x01, 0x01, 0x00,
    0x03, 0x00, 0x00, 0x00, 0x00, 0x40, 0x00, 0x00, 0x90, 0xca, 0x01, 0x00,
    0x0b, 0x01, 0x00, 0x00, 0x0c, 0x01, 0x00, 0x00, 0x10, 0x40, 0x00, 0x00,
    0xb0, 0x62, 0x02, 0x00, 0x2f, 0x01, 0x03, 0x00, 0x03, 0x00, 0x00, 0x00,
    0x00, 0x40, 0x00, 0x00, 0x10, 0x5f, 0x02, 0x00, 0x02, 0x40, 0x00, 0x00,
    0x00, 0x00, 0x00, 0x00, 0x01, 0x01, 0x00, 0x00, 0x02, 0x01, 0x00, 0x00,
    0x10, 0x40, 0x00, 0x00, 0x50, 0x66, 0x02, 0x00, 0x21, 0x01, 0x00, 0x00,
    0x20, 0x01, 0x00, 0x00, 0x20, 0x40, 0x00, 0x00, 0x20, 0x10, 0x00, 0x00,
    0x21, 0x40, 0x00, 0x00, 0x50, 0x01, 0x00, 0x00, 0x22, 0x40, 0x00, 0x00,
    0x80, 0x0f, 0x00, 0x00, 0x0d, 0x01, 0x0a, 0x00, 0x2f, 0x01, 0x01, 0x00,
    0x02, 0x00, 0x00, 0x00, 0x00, 0x40, 0x00, 0x00, 0xb0, 0x62, 0x02, 0x00,
    0x10, 0x40, 0x00, 0x00, 0xf0, 0x69, 0x02, 0x00, 0x2f, 0x01, 0x03, 0x00,
    0x02, 0x00, 0x00, 0x00, 0x00, 0x40, 0x00, 0x00, 0x50, 0x66, 0x02, 0x00,
    0x01, 0x01, 0x04, 0x00, 0x02, 0x01, 0x04, 0x00, 0x10, 0x40, 0x00, 0x00,
    0x90, 0x6d, 0x02, 0x00, 0x20, 0x01, 0x08, 0x00, 0x20, 0x40, 0x00, 0x00,
    0x10, 0x12, 0x00, 0x00, 0x21, 0x40, 0x00, 0x00, 0xb0, 0x00, 0x00, 0x00,
    0x22, 0x40, 0x00, 0x00, 0x70, 0x11, 0x00, 0x00, 0x2f, 0x01, 0x01, 0x00,
    0x03, 0x00, 0x00, 0x00, 0x00, 0x40, 0x00, 0x00, 0xf0, 0x69, 0x02, 0x00,
    0x10, 0x40, 0x00, 0x00, 0x30, 0x71, 0x02, 0x00, 0x2f, 0x01, 0x03, 0x00,
    0x03, 0x00, 0x00, 0x00, 0x00, 0x40, 0x00, 0x00, 0x90, 0x6d, 0x02, 0x00,
    0x01, 0x01, 0x00, 0x00, 0x02, 0x01, 0x00, 0x00, 0x10, 0x40, 0x00, 0x00,
    0x30, 0xce, 0x01, 0x00, 0x20, 0x01, 0x00, 0x00, 0x20, 0x40, 0x00, 0x00,
    0x60, 0x13, 0x00, 0x00, 0x21, 0x40, 0x00, 0x00, 0x50, 0x01, 0x00, 0x00,
    0x22, 0x40, 0x00, 0x00, 0xc0, 0x12, 0x00, 0x00, 0x2f, 0x01, 0x01, 0x00,
    0x02, 0x00, 0x00, 0x00, 0x00, 0x40, 0x00, 0x00, 0x30, 0x71, 0x02, 0x00,
    0x10, 0x40, 0x00, 0x00, 0xd0, 0xd1, 0x01, 0x00, 0x2f, 0x01, 0x03, 0x00,
    0x02, 0x00, 0x00, 0x00, 0x00, 0x40, 0x00, 0x00, 0x70, 0xd5, 0x01, 0x00,
    0x0b, 0x01, 0x04, 0x00, 0x0c, 0x01, 0x04, 0x00, 0x01, 0x01, 0x01, 0x00,
    0x02, 0x01, 0x01, 0x00, 0x10, 0x40, 0x00, 0x00, 0xd0, 0x74, 0x02, 0x00,
    0x21, 0x01, 0x04, 0x00, 0x20, 0x01, 0x02, 0x00, 0x20, 0x40, 0x00, 0x00,
    0x50, 0x15, 0x00, 0x00, 0x21, 0x40, 0x00, 0x00, 0x10, 0x01, 0x00, 0x00,
    0x22, 0x40, 0x00, 0x00, 0xb0, 0x14, 0x00, 0x00, 0x0d, 0x01, 0x12, 0x00,
    0x2f, 0x01, 0x01, 0x00, 0x03, 0x00, 0x00, 0x00, 0x00, 0x40, 0x00, 0x00,
    0x10, 0xd9, 0x01, 0x00, 0x10, 0x40, 0x00, 0x00, 0x70, 0x78, 0x02, 0x00,
    0x2f, 0x01, 0x03, 0x00, 0x03, 0x00, 0x00, 0x00, 0x00, 0x40, 0x00, 0x00,
    0xd0, 0x74, 0x02, 0x00, 0x0b, 0x01, 0x00, 0x00, 0x0c, 0x01, 0x00, 0x00,
    0x01, 0x01, 0x00, 0x00, 0x02, 0x01, 0x00, 0x00, 0x10, 0x40, 0x00, 0x00,
    0xb0, 0xf9, 0x01, 0x00, 0x21, 0x01, 0x00, 0x00, 0x20, 0x01, 0x00, 0x00,
    0x20, 0x40, 0x00, 0x00, 0x00, 0x17, 0x00, 0x00, 0x21, 0x40, 0x00, 0x00,
    0x50, 0x01, 0x00, 0x00, 0x22, 0x40, 0x00, 0x00, 0x60, 0x16, 0x00, 0x00,
    0x0d, 0x01, 0x0a, 0x00, 0x2f, 0x01, 0x01, 0x00, 0x02, 0x00, 0x00, 0x00,
    0x00, 0x40, 0x00, 0x00, 0x70, 0x78, 0x02, 0x00, 0x10, 0x40, 0x00, 0x00,
    0x50, 0xfd, 0x01, 0x00, 0x2f, 0x01, 0x03, 0x00, 0x02, 0x00, 0x00, 0x00,
    0x00, 0x40, 0x00, 0x00, 0xb0, 0xdc, 0x01, 0x00, 0x0b, 0x01, 0x04, 0x00,
    0x0c, 0x01, 0x04, 0x00, 0x01, 0x01, 0x01, 0x00, 0x02, 0x01, 0x01, 0x00,
    0x10, 0x40, 0x00, 0x00, 0xd0, 0x74, 0x02, 0x00, 0x21, 0x01, 0x04, 0x00,
    0x20, 0x01, 0x02, 0x00, 0x20, 0x40, 0x00, 0x00, 0x50, 0x15, 0x00, 0x00,
    0x21, 0x40, 0x00, 0x00, 0x10, 0x01, 0x00, 0x00, 0x22, 0x40, 0x00, 0x00,
    0xb0, 0x14, 0x00, 0x00, 0x0d, 0x01, 0x12, 0x00, 0x03, 0x00, 0x00, 0x00,
    0x00, 0x40, 0x00, 0x00, 0x50, 0xe0, 0x01, 0x00, 0x10, 0x40, 0x00, 0x00,
    0x70, 0x78, 0x02, 0x00, 0x03, 0x00, 0x00, 0x00, 0x00, 0x40, 0x00, 0x00,
    0xd0, 0x74, 0x02, 0x00, 0x0b, 0x01, 0x00, 0x00, 0x0c, 0x01, 0x00, 0x00,
    0x01, 0x01, 0x00, 0x00, 0x02, 0x01, 0x00, 0x00, 0x10, 0x40, 0x00, 0x00,
    0xf0, 0x00, 0x02, 0x00, 0x21, 0x01, 0x00, 0x00, 0x20, 0x01, 0x00, 0x00,
    0x20, 0x40, 0x00, 0x00, 0x00, 0x17, 0x00, 0x00, 0x21, 0x40, 0x00, 0x00,
    0x50, 0x01, 0x00, 0x00, 0x22, 0x40, 0x00, 0x00, 0x60, 0x16, 0x00, 0x00,
    0x0d, 0x01, 0x0a, 0x00, 0x2f, 0x01, 0x01, 0x00, 0x02, 0x00, 0x00, 0x00,
    0x00, 0x40, 0x00, 0x00, 0x70, 0x78, 0x02, 0x00, 0x10, 0x40, 0x00, 0x00,
    0x90, 0x04, 0x02, 0x00, 0x2f, 0x01, 0x03, 0x00, 0x02, 0x00, 0x00, 0x00,
    0x00, 0x40, 0x00, 0x00, 0x70, 0xf2, 0x01, 0x00, 0x0b, 0x01, 0x02, 0x00,
    0x0c, 0x01, 0x02, 0x00, 0x01, 0x01, 0x02, 0x00, 0x02, 0x01, 0x02, 0x00,
    0x10, 0x40, 0x00, 0x00, 0xb0, 0x7f, 0x02, 0x00, 0x21, 0x01, 0x02, 0x00,
    0x20, 0x01, 0x04, 0x00, 0x20, 0x40, 0x00, 0x00, 0xf0, 0x18, 0x00, 0x00,
    0x21, 0x40, 0x00, 0x00, 0x10, 0x01, 0x00, 0x00, 0x22, 0x40, 0x00, 0x00,
    0x50, 0x18, 0x00, 0x00, 0x2f, 0x01, 0x01, 0x00, 0x03, 0x00, 0x00, 0x00,
    0x00, 0x40, 0x00, 0x00, 0x10, 0x7c, 0x02, 0x00, 0x0b, 0x01, 0x00, 0x00,
    0x0c, 0x01, 0x00, 0x00, 0x01, 0x01, 0x00, 0x00, 0x02, 0x01, 0x00, 0x00,
    0x10, 0x40, 0x00, 0x00, 0x30, 0x08, 0x02, 0x00, 0x21, 0x01, 0x00, 0x00,
    0x20, 0x01, 0x00, 0x00, 0x20, 0x40, 0x00, 0x00, 0xa0, 0x1a, 0x00, 0x00,
    0x21, 0x40, 0x00, 0x00, 0x50, 0x01, 0x00, 0x00, 0x22, 0x40, 0x00, 0x00,
    0x00, 0x1a, 0x00, 0x00, 0x02, 0x00, 0x00, 0x00, 0x00, 0x40, 0x00, 0x00,
    0xb0, 0x7f, 0x02, 0x00, 0x10, 0x40, 0x00, 0x00, 0xd0, 0x0b, 0x02, 0x00,
    0x2f, 0x01, 0x03, 0x00, 0x02, 0x00, 0x00, 0x00, 0x00, 0x40, 0x00, 0x00,
    0x70, 0x0f, 0x02, 0x00, 0x0b, 0x01, 0x02, 0x00, 0x0c, 0x01, 0x02, 0x00,
    0x01, 0x01, 0x02, 0x00, 0x02, 0x01, 0x02, 0x00, 0x10, 0x40, 0x00, 0x00,
    0xa2, 0x0f, 0x00, 0x00, 0x13, 0x01, 0x00, 0x00, 0x15, 0x40, 0x00, 0x00,
    0x3a, 0x00, 0x00, 0x00, 0x14, 0x40, 0x00, 0x00, 0x01, 0x00, 0x00, 0x00,
    0x16, 0x40, 0x00, 0x00, 0x01, 0x00, 0x00, 0x00, 0x18, 0x01, 0x59, 0x00,
    0x14, 0x01, 0x01, 0x00, 0x21, 0x01, 0x02, 0x00, 0x20, 0x01, 0x04, 0x00,
    0x22, 0x01, 0x04, 0x00, 0x20, 0x40, 0x00, 0x00, 0x00, 0x1c, 0x00, 0x00,
    0x21, 0x40, 0x00, 0x00, 0x90, 0x01, 0x00, 0x00, 0x22, 0x40, 0x00, 0x00,
    0xf0, 0x1b, 0x00, 0x00, 0x23, 0x40, 0x00, 0x00, 0x10, 0x00, 0x00, 0x00,
    0x17, 0x01, 0x07, 0x00, 0x2f, 0x01, 0x01, 0x00, 0x02, 0x00, 0x00, 0x00,
    0x00, 0x40, 0x00, 0x00, 0x10, 0x13, 0x02, 0x00, 0x10, 0x40, 0x00, 0x00,
    0xdc, 0x0f, 0x00, 0x00, 0x2f, 0x01, 0x03, 0x00, 0x02, 0x00, 0x00, 0x00,
    0x00, 0x40, 0x00, 0x00, 0xb0, 0x16, 0x02, 0x00, 0x02, 0x40, 0x00, 0x00,
    0x30, 0x08, 0x02, 0x00, 0x0b, 0x01, 0x01, 0x00, 0x0c, 0x01, 0x01, 0x00,
    0x10, 0x40, 0x00, 0x00, 0x16, 0x10, 0x00, 0x00, 0x02, 0x00, 0x00, 0x00,
    0x00, 0x40, 0x00, 0x00, 0x50, 0x1a, 0x02, 0x00, 0x0b, 0x01, 0x00, 0x00,
    0x0c, 0x01, 0x00, 0x00, 0x10, 0x40, 0x00, 0x00, 0x50, 0x10, 0x00, 0x00,
    0x02, 0x00, 0x00, 0x00, 0x00, 0x40, 0x00, 0x00, 0x10, 0xf6, 0x01, 0x00,
    0x02, 0x40, 0x00, 0x00, 0x00, 0x00, 0x00, 0x00, 0x0b, 0x01, 0x02, 0x00,
    0x0c, 0x01, 0x02, 0x00, 0x10, 0x40, 0x00, 0x00, 0x10, 0x7c, 0x02, 0x00,
    0x13, 0x01, 0x0f, 0x00, 0x15, 0x40, 0x00, 0x00, 0xa0, 0x03, 0x00, 0x00,
    0x14, 0x40, 0x00, 0x00, 0x10, 0x00, 0x00, 0x00, 0x16, 0x40, 0x00, 0x00,
    0xa0, 0x03, 0x00, 0x00, 0x18, 0x01, 0x80, 0xff, 0x14, 0x01, 0x41, 0x00,
    0x22, 0x01, 0x00, 0x00, 0x20, 0x40, 0x00, 0x00, 0xf0, 0x18, 0x00, 0x00,
    0x21, 0x40, 0x00, 0x00, 0x10, 0x01, 0x00, 0x00, 0x22, 0x40, 0x00, 0x00,
    0x50, 0x18, 0x00, 0x00, 0x23, 0x40, 0x00, 0x00, 0xa0, 0x00, 0x00, 0x00,
    0x17, 0x01, 0x0f, 0x00, 0x03, 0x00, 0x00, 0x00, 0x00, 0x40, 0x00, 0x00,
    0xb0, 0xf9, 0x01, 0x00, 0x10, 0x40, 0x00, 0x00, 0xb0, 0x7f, 0x02, 0x00,
    0x03, 0x00, 0x00, 0x00, 0x00, 0x40, 0x00, 0x00, 0x10, 0x7c, 0x02, 0x00,
    0x0b, 0x01, 0x00, 0x00, 0x0c, 0x01, 0x00, 0x00, 0x01, 0x01, 0x00, 0x00,
    0x02, 0x01, 0x00, 0x00, 0x10, 0x40, 0x00, 0x00, 0x70, 0x0f, 0x02, 0x00,
    0x21, 0x01, 0x00, 0x00, 0x20, 0x01, 0x00, 0x00, 0x20, 0x40, 0x00, 0x00,
    0xa0, 0x1a, 0x00, 0x00, 0x21, 0x40, 0x00, 0x00, 0x50, 0x01, 0x00, 0x00,
    0x22, 0x40, 0x00, 0x00, 0x00, 0x1a, 0x00, 0x00, 0x2f, 0x01, 0x01, 0x00,
    0x02, 0x00, 0x00, 0x00, 0x00, 0x40, 0x00, 0x00, 0xb0, 0x7f, 0x02, 0x00,
    0x10, 0x40, 0x00, 0x00, 0x10, 0x13, 0x02, 0x00, 0x2f, 0x01, 0x03, 0x00,
    0x02, 0x00, 0x00, 0x00, 0x00, 0x40, 0x00, 0x00, 0x50, 0xfd, 0x01, 0x00,
    0x0b, 0x01, 0x02, 0x00, 0x0c, 0x01, 0x02, 0x00, 0x01, 0x01, 0x02, 0x00,
    0x02, 0x01, 0x02, 0x00, 0x10, 0x40, 0x00, 0x00, 0x10, 0x7c, 0x02, 0x00,
    0x21, 0x01, 0x02, 0x00, 0x20, 0x01, 0x04, 0x00, 0x20, 0x40, 0x00, 0x00,
    0xf0, 0x18, 0x00, 0x00, 0x21, 0x40, 0x00, 0x00, 0x10, 0x01, 0x00, 0x00,
    0x22, 0x40, 0x00, 0x00, 0x50, 0x18, 0x00, 0x00, 0x03, 0x00, 0x00, 0x00,
    0x00, 0x40, 0x00, 0x00, 0xf0, 0xe3, 0x01, 0x00, 0x02, 0x40, 0x00, 0x00,
    0x30, 0xce, 0x01, 0x00, 0x0b, 0x01, 0x03, 0x00, 0x0c, 0x01, 0x03, 0x00,
    0x01, 0x01, 0x01, 0x00, 0x02, 0x01, 0x01, 0x00, 0x10, 0x40, 0x00, 0x00,
    0xd0, 0x74, 0x02, 0x00, 0x21, 0x01, 0x04, 0x00, 0x20, 0x01, 0x02, 0x00,
    0x20, 0x40, 0x00, 0x00, 0x50, 0x15, 0x00, 0x00, 0x22, 0x40, 0x00, 0x00,
    0xb0, 0x14, 0x00, 0x00, 0x0d, 0x01, 0x12, 0x00, 0x03, 0x00, 0x00, 0x00,
    0x00, 0x40, 0x00, 0x00, 0x90, 0xe7, 0x01, 0x00, 0x0b, 0x01, 0x02, 0x00,
    0x0c, 0x01, 0x02, 0x00, 0x10, 0x40, 0x00, 0x00, 0x70, 0x78, 0x02, 0x00,
    0x03, 0x00, 0x00, 0x00, 0x00, 0x40, 0x00, 0x00, 0xd0, 0x74, 0x02, 0x00,
    0x02, 0x40, 0x00, 0x00, 0x00, 0x00, 0x00, 0x00, 0x0b, 0x01, 0x00, 0x00,
    0x0c, 0x01, 0x00, 0x00, 0x01, 0x01, 0x00, 0x00, 0x02, 0x01, 0x00, 0x00,
    0x10, 0x40, 0x00, 0x00, 0x70, 0xf2, 0x01, 0x00, 0x21, 0x01, 0x00, 0x00,
    0x20, 0x01, 0x00, 0x00, 0x20, 0x40, 0x00, 0x00, 0x00, 0x17, 0x00, 0x00,
    0x21, 0x40, 0x00, 0x00, 0x50, 0x01, 0x00, 0x00, 0x22, 0x40, 0x00, 0x00,
    0x60, 0x16, 0x00, 0x00, 0x0d, 0x01, 0x0a, 0x00, 0x2f, 0x01, 0x01, 0x00,
    0x02, 0x00, 0x00, 0x00, 0x00, 0x40, 0x00, 0x00, 0x70, 0x78, 0x02, 0x00,
    0x10, 0x40, 0x00, 0x00, 0x10, 0xf6, 0x01, 0x00, 0x2f, 0x01, 0x03, 0x00,
    0x02, 0x00, 0x00, 0x00, 0x00, 0x40, 0x00, 0x00, 0xf0, 0xa9, 0x01, 0x00,
    0x0b, 0x01, 0x04, 0x00, 0x0c, 0x01, 0x04, 0x00, 0x01, 0x01, 0x01, 0x00,
    0x02, 0x01, 0x01, 0x00, 0x10, 0x40, 0x00, 0x00, 0x10, 0x5f, 0x02, 0x00,
    0x21, 0x01, 0x04, 0x00, 0x20, 0x01, 0x02, 0x00, 0x20, 0x40, 0x00, 0x00,
    0x70, 0x0e, 0x00, 0x00, 0x21, 0x40, 0x00, 0x00, 0x10, 0x01, 0x00, 0x00,
    0x22, 0x40, 0x00, 0x00, 0xd0, 0x0d, 0x00, 0x00, 0x0d, 0x01, 0x12, 0x00,
    0x03, 0x00, 0x00, 0x00, 0x00, 0x40, 0x00, 0x00, 0x90, 0xad, 0x01, 0x00,
    0x10, 0x40, 0x00, 0x00, 0xb0, 0x62, 0x02, 0x00, 0x03, 0x00, 0x00, 0x00,
    0x00, 0x40, 0x00, 0x00, 0x10, 0x5f, 0x02, 0x00, 0x0b, 0x01, 0x00, 0x00,
    0x0c, 0x01, 0x00, 0x00, 0x01, 0x01, 0x00, 0x00, 0x02, 0x01, 0x00, 0x00,
    0x10, 0x40, 0x00, 0x00, 0x50, 0x66, 0x02, 0x00, 0x21, 0x01, 0x00, 0x00,
    0x20, 0x01, 0x00, 0x00, 0x20, 0x40, 0x00, 0x00, 0x20, 0x10, 0x00, 0x00,
    0x21, 0x40, 0x00, 0x00, 0x50, 0x01, 0x00, 0x00, 0x22, 0x40, 0x00, 0x00,
    0x80, 0x0f, 0x00, 0x00, 0x0d, 0x01, 0x0a, 0x00, 0x2f, 0x01, 0x01, 0x00,
    0x02, 0x00, 0x00, 0x00, 0x00, 0x40, 0x00, 0x00, 0xb0, 0x62, 0x02, 0x00,
    0x10, 0x40, 0x00, 0x00, 0xf0, 0x69, 0x02, 0x00, 0x2f, 0x01, 0x03, 0x00,
    0x02, 0x00, 0x00, 0x00, 0x00, 0x40, 0x00, 0x00, 0x50, 0x66, 0x02, 0x00,
    0x01, 0x01, 0x04, 0x00, 0x02, 0x01, 0x04, 0x00, 0x10, 0x40, 0x00, 0x00,
    0x90, 0x6d, 0x02, 0x00, 0x20, 0x01, 0x08, 0x00, 0x20, 0x40, 0x00, 0x00,
    0x10, 0x12, 0x00, 0x00, 0x21, 0x40, 0x00, 0x00, 0xb0, 0x00, 0x00, 0x00,
    0x22, 0x40, 0x00, 0x00, 0x70, 0x11, 0x00, 0x00, 0x2f, 0x01, 0x01, 0x00,
    0x03, 0x00, 0x00, 0x00, 0x00, 0x40, 0x00, 0x00, 0xf0, 0x69, 0x02, 0x00,
    0x10, 0x40, 0x00, 0x00, 0x30, 0x71, 0x02, 0x00, 0x2f, 0x01, 0x03, 0x00,
    0x03, 0x00, 0x00, 0x00, 0x00, 0x40, 0x00, 0x00, 0x90, 0x6d, 0x02, 0x00,
    0x01, 0x01, 0x00, 0x00, 0x02, 0x01, 0x00, 0x00, 0x10, 0x40, 0x00, 0x00,
    0x70, 0xd5, 0x01, 0x00, 0x20, 0x01, 0x00, 0x00, 0x20, 0x40, 0x00, 0x00,
    0x60, 0x13, 0x00, 0x00, 0x21, 0x40, 0x00, 0x00, 0x50, 0x01, 0x00, 0x00,
    0x22, 0x40, 0x00, 0x00, 0xc0, 0x12, 0x00, 0x00, 0x2f, 0x01, 0x01, 0x00,
    0x02, 0x00, 0x00, 0x00, 0x00, 0x40, 0x00, 0x00, 0x30, 0x71, 0x02, 0x00,
    0x10, 0x40, 0x00, 0x00, 0x10, 0xd9, 0x01, 0x00, 0x2f, 0x01, 0x03, 0x00,
    0x02, 0x00, 0x00, 0x00, 0x00, 0x40, 0x00, 0x00, 0x30, 0xb1, 0x01, 0x00,
    0x0b, 0x01, 0x04, 0x00, 0x0c, 0x01, 0x04, 0x00, 0x01, 0x01, 0x01, 0x00,
    0x02, 0x01, 0x01, 0x00, 0x10, 0x40, 0x00, 0x00, 0x10, 0x5f, 0x02, 0x00,
    0x21, 0x01, 0x04, 0x00, 0x20, 0x01, 0x02, 0x00, 0x20, 0x40, 0x00, 0x00,
    0x70, 0x0e, 0x00, 0x00, 0x21, 0x40, 0x00, 0x00, 0x10, 0x01, 0x00, 0x00,
    0x22, 0x40, 0x00, 0x00, 0xd0, 0x0d, 0x00, 0x00, 0x0d, 0x01, 0x12, 0x00,
    0x03, 0x00, 0x00, 0x00, 0x00, 0x40, 0x00, 0x00, 0xd0, 0xb4, 0x01, 0x00,
    0x10, 0x40, 0x00, 0x00, 0xb0, 0x62, 0x02, 0x00, 0x03, 0x00, 0x00, 0x00,
    0x00, 0x40, 0x00, 0x00, 0x10, 0x5f, 0x02, 0x00, 0x0b, 0x01, 0x00, 0x00,
    0x0c, 0x01, 0x00, 0x00, 0x01, 0x01, 0x00, 0x00, 0x02, 0x01, 0x00, 0x00,
    0x10, 0x40, 0x00, 0x00, 0x50, 0x66, 0x02, 0x00, 0x21, 0x01, 0x00, 0x00,
    0x20, 0x01, 0x00, 0x00, 0x20, 0x40, 0x00, 0x00, 0x20, 0x10, 0x00, 0x00,
    0x21, 0x40, 0x00, 0x00, 0x50, 0x01, 0x00, 0x00, 0x22, 0x40, 0x00, 0x00,
    0x80, 0x0f, 0x00, 0x00, 0x0d, 0x01, 0x0a, 0x00, 0x2f, 0x01, 0x01, 0x00,
    0x02, 0x00, 0x00, 0x00, 0x00, 0x40, 0x00, 0x00, 0xb0, 0x62, 0x02, 0x00,
    0x10, 0x40, 0x00, 0x00, 0xf0, 0x69, 0x02, 0x00, 0x2f, 0x01, 0x03, 0x00,
    0x02, 0x00, 0x00, 0x00, 0x00, 0x40, 0x00, 0x00, 0x50, 0x66, 0x02, 0x00,
    0x01, 0x01, 0x04, 0x00, 0x02, 0x01, 0x04, 0x00, 0x10, 0x40, 0x00, 0x00,
    0x90, 0x6d, 0x02, 0x00, 0x20, 0x01, 0x08, 0x00, 0x20, 0x40, 0x00, 0x00,
    0x10, 0x12, 0x00, 0x00, 0x21, 0x40, 0x00, 0x00, 0xb0, 0x00, 0x00, 0x00,
    0x22, 0x40, 0x00, 0x00, 0x70, 0x11, 0x00, 0x00, 0x2f, 0x01, 0x01, 0x00,
    0x03, 0x00, 0x00, 0x00, 0x00, 0x40, 0x00, 0x00, 0xf0, 0x69, 0x02, 0x00,
    0x10, 0x40, 0x00, 0x00, 0x30, 0x71, 0x02, 0x00, 0x2f, 0x01, 0x03, 0x00,
    0x03, 0x00, 0x00, 0x00, 0x00, 0x40, 0x00, 0x00, 0x90, 0x6d, 0x02, 0x00,
    0x01, 0x01, 0x00, 0x00, 0x02, 0x01, 0x00, 0x00, 0x10, 0x40, 0x00, 0x00,
    0xb0, 0xdc, 0x01, 0x00, 0x20, 0x01, 0x00, 0x00, 0x20, 0x40, 0x00, 0x00,
    0x60, 0x13, 0x00, 0x00, 0x21, 0x40, 0x00, 0x00, 0x50, 0x01, 0x00, 0x00,
    0x22, 0x40, 0x00, 0x00, 0xc0, 0x12, 0x00, 0x00, 0x2f, 0x01, 0x01, 0x00,
    0x02, 0x00, 0x00, 0x00, 0x00, 0x40, 0x00, 0x00, 0x30, 0x71, 0x02, 0x00,
    0x10, 0x40, 0x00, 0x00, 0x50, 0xe0, 0x01, 0x00, 0x2f, 0x01, 0x03, 0x00,
    0x02, 0x00, 0x00, 0x00, 0x00, 0x40, 0x00, 0x00, 0x70, 0x9b, 0x01, 0x00,
    0x02, 0x40, 0x00, 0x00, 0xb0, 0x85, 0x01, 0x00, 0x0b, 0x01, 0x03, 0x00,
    0x0c, 0x01, 0x03, 0x00, 0x01, 0x01, 0x01, 0x00, 0x02, 0x01, 0x01, 0x00,
    0x10, 0x40, 0x00, 0x00, 0x50, 0x49, 0x02, 0x00, 0x21, 0x01, 0x04, 0x00,
    0x20, 0x01, 0x02, 0x00, 0x20, 0x40, 0x00, 0x00, 0x70, 0x07, 0x00, 0x00,
    0x21, 0x40, 0x00, 0x00, 0x10, 0x01, 0x00, 0x00, 0x22, 0x40, 0x00, 0x00,
    0xd0, 0x06, 0x00, 0x00, 0x0d, 0x01, 0x12, 0x00, 0x03, 0x00, 0x00, 0x00,
    0x00, 0x40, 0x00, 0x00, 0x10, 0x9f, 0x01, 0x00, 0x0b, 0x01, 0x02, 0x00,
    0x0c, 0x01, 0x02, 0x00, 0x10, 0x40, 0x00, 0x00, 0xf0, 0x4c, 0x02, 0x00,
    0x03, 0x00, 0x00, 0x00, 0x00, 0x40, 0x00, 0x00, 0x50, 0x49, 0x02, 0x00,
    0x02, 0x40, 0x00, 0x00, 0x00, 0x00, 0x00, 0x00, 0x0b, 0x01, 0x00, 0x00,
    0x0c, 0x01, 0x00, 0x00, 0x01, 0x01, 0x00, 0x00, 0x02, 0x01, 0x00, 0x00,
    0x10, 0x40, 0x00, 0x00, 0x90, 0x50, 0x02, 0x00, 0x21, 0x01, 0x00, 0x00,
    0x20, 0x01, 0x00, 0x00, 0x20, 0x40, 0x00, 0x00, 0x20, 0x09, 0x00, 0x00,
    0x21, 0x40, 0x00, 0x00, 0x50, 0x01, 0x00, 0x00, 0x22, 0x40, 0x00, 0x00,
    0x80, 0x08, 0x00, 0x00, 0x0d, 0x01, 0x0a, 0x00, 0x2f, 0x01, 0x01, 0x00,
    0x02, 0x00, 0x00, 0x00, 0x00, 0x40, 0x00, 0x00, 0xf0, 0x4c, 0x02, 0x00,
    0x10, 0x40, 0x00, 0x00, 0x30, 0x54, 0x02, 0x00, 0x2f, 0x01, 0x03, 0x00,
    0x02, 0x00, 0x00, 0x00, 0x00, 0x40, 0x00, 0x00, 0x90, 0x50, 0x02, 0x00,
    0x01, 0x01, 0x04, 0x00, 0x02, 0x01, 0x04, 0x00, 0x10, 0x40, 0x00, 0x00,
    0xd0, 0x57, 0x02, 0x00, 0x20, 0x01, 0x08, 0x00, 0x20, 0x40, 0x00, 0x00,
    0x10, 0x0b, 0x00, 0x00, 0x21, 0x40, 0x00, 0x00, 0xd0, 0x00, 0x00, 0x00,
    0x22, 0x40, 0x00, 0x00, 0x70, 0x0a, 0x00, 0x00, 0x2f, 0x01, 0x01, 0x00,
    0x03, 0x00, 0x00, 0x00, 0x00, 0x40, 0x00, 0x00, 0x30, 0x54, 0x02, 0x00,
    0x10, 0x40, 0x00, 0x00, 0x70, 0x5b, 0x02, 0x00, 0x2f, 0x01, 0x03, 0x00,
    0x03, 0x00, 0x00, 0x00, 0x00, 0x40, 0x00, 0x00, 0xd0, 0x57, 0x02, 0x00,
    0x01, 0x01, 0x00, 0x00, 0x02, 0x01, 0x00, 0x00, 0x10, 0x40, 0x00, 0x00,
    0xf0, 0xc6, 0x01, 0x00, 0x20, 0x01, 0x00, 0x00, 0x20, 0x40, 0x00, 0x00,
    0x80, 0x0c, 0x00, 0x00, 0x21, 0x40, 0x00, 0x00, 0x50, 0x01, 0x00, 0x00,
    0x22, 0x40, 0x00, 0x00, 0xe0, 0x0b, 0x00, 0x00, 0x2f, 0x01, 0x01, 0x00,
    0x02, 0x00, 0x00, 0x00, 0x00, 0x40, 0x00, 0x00, 0x70, 0x5b, 0x02, 0x00,
    0x10, 0x40, 0x00, 0x00, 0x90, 0xca, 0x01, 0x00, 0x2f, 0x01, 0x03, 0x00,
    0x02, 0x00, 0x00, 0x00, 0x00, 0x40, 0x00, 0x00, 0xb0, 0xa2, 0x01, 0x00,
    0x02, 0x40, 0x00, 0x00, 0xb0, 0x85, 0x01, 0x00, 0x0b, 0x01, 0x01, 0x00,
    0x0c, 0x01, 0x01, 0x00, 0x01, 0x01, 0x01, 0x00, 0x02, 0x01, 0x01, 0x00,
    0x10, 0x40, 0x00, 0x00, 0x50, 0x49, 0x02, 0x00, 0x21, 0x01, 0x04, 0x00,
    0x20, 0x01, 0x02, 0x00, 0x20, 0x40, 0x00, 0x00, 0x70, 0x07, 0x00, 0x00,
    0x21, 0x40, 0x00, 0x00, 0x10, 0x01, 0x00, 0x00, 0x22, 0x40, 0x00, 0x00,
    0xd0, 0x06, 0x00, 0x00, 0x0d, 0x01, 0x12, 0x00, 0x03, 0x00, 0x00, 0x00,
    0x00, 0x40, 0x00, 0x00, 0x50, 0xa6, 0x01, 0x00, 0x0b, 0x01, 0x00, 0x00,
    0x0c, 0x01, 0x00, 0x00, 0x10, 0x40, 0x00, 0x00, 0xf0, 0x4c, 0x02, 0x00,
    0x03, 0x00, 0x00, 0x00, 0x00, 0x40, 0x00, 0x00, 0x50, 0x49, 0x02, 0x00,
    0x02, 0x40, 0x00, 0x00, 0x00, 0x00, 0x00, 0x00, 0x01, 0x01, 0x00, 0x00,
    0x02, 0x01, 0x00, 0x00, 0x10, 0x40, 0x00, 0x00, 0x90, 0x50, 0x02, 0x00,
    0x21, 0x01, 0x00, 0x00, 0x20, 0x01, 0x00, 0x00, 0x20, 0x40, 0x00, 0x00,
    0x20, 0x09, 0x00, 0x00, 0x21, 0x40, 0x00, 0x00, 0x50, 0x01, 0x00, 0x00,
    0x22, 0x40, 0x00, 0x00, 0x80, 0x08, 0x00, 0x00, 0x0d, 0x01, 0x0a, 0x00,
    0x2f, 0x01, 0x01, 0x00, 0x02, 0x00, 0x00, 0x00, 0x00, 0x40, 0x00, 0x00,
    0xf0, 0x4c, 0x02, 0x00, 0x10, 0x40, 0x00, 0x00, 0x30, 0x54, 0x02, 0x00,
    0x2f, 0x01, 0x03, 0x00, 0x02, 0x00, 0x00, 0x00, 0x00, 0x40, 0x00, 0x00,
    0x90, 0x50, 0x02, 0x00, 0x01, 0x01, 0x04, 0x00, 0x02, 0x01, 0x04, 0x00,
    0x10, 0x40, 0x00, 0x00, 0xd0, 0x57, 0x02, 0x00, 0x20, 0x01, 0x08, 0x00,
    0x20, 0x40, 0x00, 0x00, 0x10, 0x0b, 0x00, 0x00, 0x21, 0x40, 0x00, 0x00,
    0xd0, 0x00, 0x00, 0x00, 0x22, 0x40, 0x00, 0x00, 0x70, 0x0a, 0x00, 0x00,
    0x2f, 0x01, 0x01, 0x00, 0x03, 0x00, 0x00, 0x00, 0x00, 0x40, 0x00, 0x00,
    0x30, 0x54, 0x02, 0x00, 0x10, 0x40, 0x00, 0x00, 0x70, 0x5b, 0x02, 0x00,
    0x2f, 0x01, 0x03, 0x00, 0x03, 0x00, 0x00, 0x00, 0x00, 0x40, 0x00, 0x00,
    0xd0, 0x57, 0x02, 0x00, 0x01, 0x01, 0x00, 0x00, 0x02, 0x01, 0x00, 0x00,
    0x10, 0x40, 0x00, 0x00, 0xf0, 0xa9, 0x01, 0x00, 0x20, 0x01, 0x00, 0x00,
    0x20, 0x40, 0x00, 0x00, 0x80, 0x0c, 0x00, 0x00, 0x21, 0x40, 0x00, 0x00,
    0x50, 0x01, 0x00, 0x00, 0x22, 0x40, 0x00, 0x00, 0xe0, 0x0b, 0x00, 0x00,
    0x2f, 0x01, 0x01, 0x00, 0x02, 0x00, 0x00, 0x00, 0x00, 0x40, 0x00, 0x00,
    0x70, 0x5b, 0x02, 0x00, 0x10, 0x40, 0x00, 0x00, 0x90, 0xad, 0x01, 0x00,
    0x2f, 0x01, 0x03, 0x00, 0x02, 0x00, 0x00, 0x00, 0x00, 0x40, 0x00, 0x00,
    0xf0, 0x68, 0x01, 0x00, 0x0b, 0x01, 0x01, 0x00, 0x0c, 0x01, 0x01, 0x00,
    0x0a, 0x01, 0x72, 0x00, 0x04, 0x01, 0x03, 0x00, 0x05, 0x40, 0x00, 0x00,
    0xcc, 0x01, 0x00, 0x00, 0x04, 0x40, 0x00, 0x00, 0x04, 0x00, 0x00, 0x00,
    0x06, 0x40, 0x00, 0x00, 0x01, 0x00, 0x00, 0x00, 0x09, 0x01, 0x00, 0x00,
    0x05, 0x01, 0x01, 0x00, 0x10, 0x40, 0x00, 0x00, 0xf0, 0x1d, 0x02, 0x00,
    0x11, 0x01, 0x72, 0x00, 0x1a, 0x01, 0x72, 0x00, 0x13, 0x01, 0x03, 0x00,
    0x15, 0x40, 0x00, 0x00, 0x30, 0x07, 0x00, 0x00, 0x16, 0x40, 0x00, 0x00,
    0x30, 0x07, 0x00, 0x00, 0x18, 0x01, 0x00, 0x00, 0x14, 0x01, 0x41, 0x81,
    0x21, 0x01, 0x01, 0x00, 0x22, 0x01, 0x02, 0x00, 0x15, 0x01, 0x15, 0x00,
    0x17, 0x01, 0x07, 0x00, 0x05, 0x00, 0x01, 0x00, 0x00, 0x40, 0x00, 0x00,
    0x88, 0x6c, 0x01, 0x00, 0x10, 0x40, 0x00, 0x00, 0x20, 0x25, 0x02, 0x00,
    0x05, 0x00, 0x01, 0x00, 0x00, 0x40, 0x00, 0x00, 0xf0, 0x1d, 0x02, 0x00,
    0x0b, 0x01, 0x00, 0x00, 0x0c, 0x01, 0x00, 0x00, 0x05, 0x40, 0x00, 0x00,
    0x30, 0x07, 0x00, 0x00, 0x04, 0x40, 0x00, 0x00, 0x10, 0x00, 0x00, 0x00,
    0x06, 0x40, 0x00, 0x00, 0x30, 0x07, 0x00, 0x00, 0x09, 0x01, 0xff, 0xff,
    0x05, 0x01, 0x41, 0x00, 0x01, 0x01, 0x01, 0x00, 0x02, 0x01, 0x01, 0x00,
    0x10, 0x40, 0x00, 0x00, 0x50, 0x2c, 0x02, 0x00, 0x11, 0x01, 0x39, 0x00,
    0x1a, 0x01, 0x39, 0x00, 0x13, 0x01, 0x0b, 0x00, 0x15, 0x40, 0x00, 0x00,
    0xa0, 0x03, 0x00, 0x00, 0x16, 0x40, 0x00, 0x00, 0xa0, 0x03, 0x00, 0x00,
    0x18, 0x01, 0x80, 0xff, 0x14, 0x01, 0x41, 0x00, 0x21, 0x01, 0x00, 0x00,
    0x20, 0x01, 0x02, 0x00, 0x22, 0x01, 0x05, 0x00, 0x20, 0x40, 0x00, 0x00,
    0x80, 0x00, 0x00, 0x00, 0x21, 0x40, 0x00, 0x00, 0x00, 0x01, 0x00, 0x00,
    0x22, 0x40, 0x00, 0x00, 0x00, 0x00, 0x00, 0x00, 0x23, 0x40, 0x00, 0x00,
    0x80, 0x00, 0x00, 0x00, 0x15, 0x01, 0x39, 0x00, 0x17, 0x01, 0x0f, 0x00,
    0x2f, 0x01, 0x01, 0x00, 0x02, 0x00, 0x00, 0x00, 0x00, 0x40, 0x00, 0x00,
    0x20, 0x25, 0x02, 0x00, 0x10, 0x40, 0x00, 0x00, 0xf0, 0x2f, 0x02, 0x00,
    0x2f, 0x01, 0x03, 0x00, 0x02, 0x00, 0x00, 0x00, 0x00, 0x40, 0x00, 0x00,
    0x50, 0x2c, 0x02, 0x00, 0x0a, 0x01, 0x39, 0x00, 0x04, 0x01, 0x0b, 0x00,
    0x05, 0x40, 0x00, 0x00, 0xa0, 0x03, 0x00, 0x00, 0x06, 0x40, 0x00, 0x00,
    0xa0, 0x03, 0x00, 0x00, 0x09, 0x01, 0x80, 0xff, 0x01, 0x01, 0x03, 0x00,
    0x02, 0x01, 0x03, 0x00, 0x10, 0x40, 0x00, 0x00, 0x90, 0x33, 0x02, 0x00,
    0x20, 0x01, 0x06, 0x00, 0x22, 0x01, 0x00, 0x00, 0x20, 0x40, 0x00, 0x00,
    0x00, 0x02, 0x00, 0x00, 0x21, 0x40, 0x00, 0x00, 0x90, 0x00, 0x00, 0x00,
    0x22, 0x40, 0x00, 0x00, 0x80, 0x01, 0x00, 0x00, 0x2f, 0x01, 0x01, 0x00,
    0x03, 0x00, 0x00, 0x00, 0x00, 0x40, 0x00, 0x00, 0xf0, 0x2f, 0x02, 0x00,
    0x10, 0x40, 0x00, 0x00, 0x30, 0x37, 0x02, 0x00, 0x2f, 0x01, 0x03, 0x00,
    0x03, 0x00, 0x00, 0x00, 0x00, 0x40, 0x00, 0x00, 0x90, 0x33, 0x02, 0x00,
    0x01, 0x01, 0x00, 0x00, 0x02, 0x01, 0x00, 0x00, 0x10, 0x40, 0x00, 0x00,
    0xd0, 0x3a, 0x02, 0x00, 0x20, 0x01, 0x00, 0x00, 0x20, 0x40, 0x00, 0x00,
    0x10, 0x03, 0x00, 0x00, 0x21, 0x40, 0x00, 0x00, 0xe0, 0x00, 0x00, 0x00,
    0x22, 0x40, 0x00, 0x00, 0x90, 0x02, 0x00, 0x00, 0x2f, 0x01, 0x01, 0x00,
    0x02, 0x00, 0x00, 0x00, 0x00, 0x40, 0x00, 0x00, 0x30, 0x37, 0x02, 0x00,
    0x10, 0x40, 0x00, 0x00, 0x70, 0x3e, 0x02, 0x00, 0x2f, 0x01, 0x03, 0x00,
    0x02, 0x00, 0x00, 0x00, 0x00, 0x40, 0x00, 0x00, 0xd0, 0x3a, 0x02, 0x00,
    0x01, 0x01, 0x04, 0x00, 0x02, 0x01, 0x04, 0x00, 0x10, 0x40, 0x00, 0x00,
    0x10, 0x42, 0x02, 0x00, 0x20, 0x01, 0x08, 0x00, 0x20, 0x40, 0x00, 0x00,
    0x70, 0x04, 0x00, 0x00, 0x21, 0x40, 0x00, 0x00, 0xb0, 0x00, 0x00, 0x00,
    0x22, 0x40, 0x00, 0x00, 0xf0, 0x03, 0x00, 0x00, 0x2f, 0x01, 0x01, 0x00,
    0x03, 0x00, 0x00, 0x00, 0x00, 0x40, 0x00, 0x00, 0x70, 0x3e, 0x02, 0x00,
    0x10, 0x40, 0x00, 0x00, 0xb0, 0x45, 0x02, 0x00, 0x2f, 0x01, 0x03, 0x00,
    0x03, 0x00, 0x00, 0x00, 0x00, 0x40, 0x00, 0x00, 0x10, 0x42, 0x02, 0x00,
    0x01, 0x01, 0x00, 0x00, 0x02, 0x01, 0x00, 0x00, 0x10, 0x40, 0x00, 0x00,
    0x30, 0x94, 0x01, 0x00, 0x13, 0x01, 0x0f, 0x00, 0x20, 0x01, 0x00, 0x00,
    0x20, 0x40, 0x00, 0x00, 0xc0, 0x05, 0x00, 0x00, 0x21, 0x40, 0x00, 0x00,
    0x10, 0x01, 0x00, 0x00, 0x22, 0x40, 0x00, 0x00, 0x20, 0x05, 0x00, 0x00,
    0x23, 0x40, 0x00, 0x00, 0xa0, 0x00, 0x00, 0x00, 0x2f, 0x01, 0x01, 0x00,
    0x02, 0x00, 0x00, 0x00, 0x00, 0x40, 0x00, 0x00, 0xb0, 0x45, 0x02, 0x00,
    0x10, 0x40, 0x00, 0x00, 0xd0, 0x97, 0x01, 0x00, 0x2f, 0x01, 0x03, 0x00,
    0x02, 0x00, 0x00, 0x00, 0x00, 0x40, 0x00, 0x00, 0x20, 0x70, 0x01, 0x00,
    0x0b, 0x01, 0x01, 0x00, 0x0c, 0x01, 0x01, 0x00, 0x0a, 0x01, 0x72, 0x00,
    0x04, 0x01, 0x03, 0x00, 0x05, 0x40, 0x00, 0x00, 0xcc, 0x01, 0x00, 0x00,
    0x04, 0x40, 0x00, 0x00, 0x04, 0x00, 0x00, 0x00, 0x06, 0x40, 0x00, 0x00,
    0x01, 0x00, 0x00, 0x00, 0x09, 0x01, 0x00, 0x00, 0x05, 0x01, 0x01, 0x00,
    0x10, 0x40, 0x00, 0x00, 0xf0, 0x1d, 0x02, 0x00, 0x11, 0x01, 0x72, 0x00,
    0x1a, 0x01, 0x72, 0x00, 0x13, 0x01, 0x03, 0x00, 0x15, 0x40, 0x00, 0x00,
    0x30, 0x07, 0x00, 0x00, 0x16, 0x40, 0x00, 0x00, 0x30, 0x07, 0x00, 0x00,
    0x18, 0x01, 0x00, 0x00, 0x14, 0x01, 0x41, 0x81, 0x21, 0x01, 0x01, 0x00,
    0x22, 0x01, 0x02, 0x00, 0x15, 0x01, 0x15, 0x00, 0x17, 0x01, 0x07, 0x00,
    0x05, 0x00, 0x01, 0x00, 0x00, 0x40, 0x00, 0x00, 0xb8, 0x73, 0x01, 0x00,
    0x10, 0x40, 0x00, 0x00, 0x20, 0x25, 0x02, 0x00, 0x05, 0x00, 0x01, 0x00,
    0x00, 0x40, 0x00, 0x00, 0xf0, 0x1d, 0x02, 0x00, 0x0b, 0x01, 0x00, 0x00,
    0x0c, 0x01, 0x00, 0x00, 0x05, 0x40, 0x00, 0x00, 0x30, 0x07, 0x00, 0x00,
    0x04, 0x40, 0x00, 0x00, 0x10, 0x00, 0x00, 0x00, 0x06, 0x40, 0x00, 0x00,
    0x30, 0x07, 0x00, 0x00, 0x09, 0x01, 0xff, 0xff, 0x05, 0x01, 0x41, 0x00,
    0x01, 0x01, 0x01, 0x00, 0x02, 0x01, 0x01, 0x00, 0x10, 0x40, 0x00, 0x00,
    0x50, 0x2c, 0x02, 0x00, 0x11, 0x01, 0x39, 0x00, 0x1a, 0x01, 0x39, 0x00,
    0x13, 0x01, 0x0b, 0x00, 0x15, 0x40, 0x00, 0x00, 0xa0, 0x03, 0x00, 0x00,
    0x16, 0x40, 0x00, 0x00, 0xa0, 0x03, 0x00, 0x00, 0x18, 0x01, 0x80, 0xff,
    0x14, 0x01, 0x41, 0x00, 0x21, 0x01, 0x00, 0x00, 0x20, 0x01, 0x02, 0x00,
    0x22, 0x01, 0x05, 0x00, 0x20, 0x40, 0x00, 0x00, 0x80, 0x00, 0x00, 0x00,
    0x21, 0x40, 0x00, 0x00, 0x00, 0x01, 0x00, 0x00, 0x22, 0x40, 0x00, 0x00,
    0x00, 0x00, 0x00, 0x00, 0x23, 0x40, 0x00, 0x00, 0x80, 0x00, 0x00, 0x00,
    0x15, 0x01, 0x39, 0x00, 0x17, 0x01, 0x0f, 0x00, 0x2f, 0x01, 0x01, 0x00,
    0x02, 0x00, 0x00, 0x00, 0x00, 0x40, 0x00, 0x00, 0x20, 0x25, 0x02, 0x00,
    0x10, 0x40, 0x00, 0x00, 0xf0, 0x2f, 0x02, 0x00, 0x2f, 0x01, 0x03, 0x00,
    0x02, 0x00, 0x00, 0x00, 0x00, 0x40, 0x00, 0x00, 0x50, 0x2c, 0x02, 0x00,
    0x0a, 0x01, 0x39, 0x00, 0x04, 0x01, 0x0b, 0x00, 0x05, 0x40, 0x00, 0x00,
    0xa0, 0x03, 0x00, 0x00, 0x06, 0x40, 0x00, 0x00, 0xa0, 0x03, 0x00, 0x00,
    0x09, 0x01, 0x80, 0xff, 0x01, 0x01, 0x03, 0x00, 0x02, 0x01, 0x03, 0x00,
    0x10, 0x40, 0x00, 0x00, 0x90, 0x33, 0x02, 0x00, 0x20, 0x01, 0x06, 0x00,
    0x22, 0x01, 0x00, 0x00, 0x20, 0x40, 0x00, 0x00, 0x00, 0x02, 0x00, 0x00,
    0x21, 0x40, 0x00, 0x00, 0x90, 0x00, 0x00, 0x00, 0x22, 0x40, 0x00, 0x00,
    0x80, 0x01, 0x00, 0x00, 0x2f, 0x01, 0x01, 0x00, 0x03, 0x00, 0x00, 0x00,
    0x00, 0x40, 0x00, 0x00, 0xf0, 0x2f, 0x02, 0x00, 0x10, 0x40, 0x00, 0x00,
    0x30, 0x37, 0x02, 0x00, 0x2f, 0x01, 0x03, 0x00, 0x03, 0x00, 0x00, 0x00,
    0x00, 0x40, 0x00, 0x00, 0x90, 0x33, 0x02, 0x00, 0x01, 0x01, 0x00, 0x00,
    0x02, 0x01, 0x00, 0x00, 0x10, 0x40, 0x00, 0x00, 0xd0, 0x3a, 0x02, 0x00,
    0x20, 0x01, 0x00, 0x00, 0x20, 0x40, 0x00, 0x00, 0x10, 0x03, 0x00, 0x00,
    0x21, 0x40, 0x00, 0x00, 0xe0, 0x00, 0x00, 0x00, 0x22, 0x40, 0x00, 0x00,
    0x90, 0x02, 0x00, 0x00, 0x2f, 0x01, 0x01, 0x00, 0x02, 0x00, 0x00, 0x00,
    0x00, 0x40, 0x00, 0x00, 0x30, 0x37, 0x02, 0x00, 0x10, 0x40, 0x00, 0x00,
    0x70, 0x3e, 0x02, 0x00, 0x2f, 0x01, 0x03, 0x00, 0x02, 0x00, 0x00, 0x00,
    0x00, 0x40, 0x00, 0x00, 0xd0, 0x3a, 0x02, 0x00, 0x01, 0x01, 0x04, 0x00,
    0x02, 0x01, 0x04, 0x00, 0x10, 0x40, 0x00, 0x00, 0x10, 0x42, 0x02, 0x00,
    0x20, 0x01, 0x08, 0x00, 0x20, 0x40, 0x00, 0x00, 0x70, 0x04, 0x00, 0x00,
    0x21, 0x40, 0x00, 0x00, 0xb0, 0x00, 0x00, 0x00, 0x22, 0x40, 0x00, 0x00,
    0xf0, 0x03, 0x00, 0x00, 0x2f, 0x01, 0x01, 0x00, 0x03, 0x00, 0x00, 0x00,
    0x00, 0x40, 0x00, 0x00, 0x70, 0x3e, 0x02, 0x00, 0x10, 0x40, 0x00, 0x00,
    0xb0, 0x45, 0x02, 0x00, 0x2f, 0x01, 0x03, 0x00, 0x03, 0x00, 0x00, 0x00,
    0x00, 0x40, 0x00, 0x00, 0x10, 0x42, 0x02, 0x00, 0x01, 0x01, 0x00, 0x00,
    0x02, 0x01, 0x00, 0x00, 0x10, 0x40, 0x00, 0x00, 0x70, 0x9b, 0x01, 0x00,
    0x13, 0x01, 0x0f, 0x00, 0x20, 0x01, 0x00, 0x00, 0x20, 0x40, 0x00, 0x00,
    0xc0, 0x05, 0x00, 0x00, 0x21, 0x40, 0x00, 0x00, 0x10, 0x01, 0x00, 0x00,
    0x22, 0x40, 0x00, 0x00, 0x20, 0x05, 0x00, 0x00, 0x23, 0x40, 0x00, 0x00,
    0xa0, 0x00, 0x00, 0x00, 0x2f, 0x01, 0x01, 0x00, 0x02, 0x00, 0x00, 0x00,
    0x00, 0x40, 0x00, 0x00, 0xb0, 0x45, 0x02, 0x00, 0x10, 0x40, 0x00, 0x00,
    0x10, 0x9f, 0x01, 0x00, 0x2f, 0x01, 0x03, 0x00, 0x02, 0x00, 0x00, 0x00,
    0x00, 0x40, 0x00, 0x00, 0x50, 0x77, 0x01, 0x00, 0x0b, 0x01, 0x01, 0x00,
    0x0c, 0x01, 0x01, 0x00, 0x0a, 0x01, 0x72, 0x00, 0x04, 0x01, 0x03, 0x00,
    0x05, 0x40, 0x00, 0x00, 0xcc, 0x01, 0x00, 0x00, 0x04, 0x40, 0x00, 0x00,
    0x04, 0x00, 0x00, 0x00, 0x06, 0x40, 0x00, 0x00, 0x01, 0x00, 0x00, 0x00,
    0x09, 0x01, 0x00, 0x00, 0x05, 0x01, 0x01, 0x00, 0x10, 0x40, 0x00, 0x00,
    0xf0, 0x1d, 0x02, 0x00, 0x11, 0x01, 0x72, 0x00, 0x1a, 0x01, 0x72, 0x00,
    0x13, 0x01, 0x03, 0x00, 0x15, 0x40, 0x00, 0x00, 0x30, 0x07, 0x00, 0x00,
    0x16, 0x40, 0x00, 0x00, 0x30, 0x07, 0x00, 0x00, 0x18, 0x01, 0x00, 0x00,
    0x14, 0x01, 0x41, 0x81, 0x21, 0x01, 0x01, 0x00, 0x22, 0x01, 0x02, 0x00,
    0x15, 0x01, 0x15, 0x00, 0x17, 0x01, 0x07, 0x00, 0x05, 0x00, 0x01, 0x00,
    0x00, 0x40, 0x00, 0x00, 0xe8, 0x7a, 0x01, 0x00, 0x10, 0x40, 0x00, 0x00,
    0x20, 0x25, 0x02, 0x00, 0x05, 0x00, 0x01, 0x00, 0x00, 0x40, 0x00, 0x00,
    0xf0, 0x1d, 0x02, 0x00, 0x0b, 0x01, 0x00, 0x00, 0x0c, 0x01, 0x00, 0x00,
    0x05, 0x40, 0x00, 0x00, 0x30, 0x07, 0x00, 0x00, 0x04, 0x40, 0x00, 0x00,
    0x10, 0x00, 0x00, 0x00, 0x06, 0x40, 0x00, 0x00, 0x30, 0x07, 0x00, 0x00,
    0x09, 0x01, 0xff, 0xff, 0x05, 0x01, 0x41, 0x00, 0x01, 0x01, 0x01, 0x00,
    0x02, 0x01, 0x01, 0x00, 0x10, 0x40, 0x00, 0x00, 0x50, 0x2c, 0x02, 0x00,
    0x11, 0x01, 0x39, 0x00, 0x1a, 0x01, 0x39, 0x00, 0x13, 0x01, 0x0b, 0x00,
    0x15, 0x40, 0x00, 0x00, 0xa0, 0x03, 0x00, 0x00, 0x16, 0x40, 0x00, 0x00,
    0xa0, 0x03, 0x00, 0x00, 0x18, 0x01, 0x80, 0xff, 0x14, 0x01, 0x41, 0x00,
    0x21, 0x01, 0x00, 0x00, 0x20, 0x01, 0x02, 0x00, 0x22, 0x01, 0x05, 0x00,
    0x20, 0x40, 0x00, 0x00, 0x80, 0x00, 0x00, 0x00, 0x21, 0x40, 0x00, 0x00,
    0x00, 0x01, 0x00, 0x00, 0x22, 0x40, 0x00, 0x00, 0x00, 0x00, 0x00, 0x00,
    0x23, 0x40, 0x00, 0x00, 0x80, 0x00, 0x00, 0x00, 0x15, 0x01, 0x39, 0x00,
    0x17, 0x01, 0x0f, 0x00, 0x2f, 0x01, 0x01, 0x00, 0x02, 0x00, 0x00, 0x00,
    0x00, 0x40, 0x00, 0x00, 0x20, 0x25, 0x02, 0x00, 0x10, 0x40, 0x00, 0x00,
    0xf0, 0x2f, 0x02, 0x00, 0x2f, 0x01, 0x03, 0x00, 0x02, 0x00, 0x00, 0x00,
    0x00, 0x40, 0x00, 0x00, 0x50, 0x2c, 0x02, 0x00, 0x0a, 0x01, 0x39, 0x00,
    0x04, 0x01, 0x0b, 0x00, 0x05, 0x40, 0x00, 0x00, 0xa0, 0x03, 0x00, 0x00,
    0x06, 0x40, 0x00, 0x00, 0xa0, 0x03, 0x00, 0x00, 0x09, 0x01, 0x80, 0xff,
    0x01, 0x01, 0x03, 0x00, 0x02, 0x01, 0x03, 0x00, 0x10, 0x40, 0x00, 0x00,
    0x90, 0x33, 0x02, 0x00, 0x20, 0x01, 0x06, 0x00, 0x22, 0x01, 0x00, 0x00,
    0x20, 0x40, 0x00, 0x00, 0x00, 0x02, 0x00, 0x00, 0x21, 0x40, 0x00, 0x00,
    0x90, 0x00, 0x00, 0x00, 0x22, 0x40, 0x00, 0x00, 0x80, 0x01, 0x00, 0x00,
    0x2f, 0x01, 0x01, 0x00, 0x03, 0x00, 0x00, 0x00, 0x00, 0x40, 0x00, 0x00,
    0xf0, 0x2f, 0x02, 0x00, 0x10, 0x40, 0x00, 0x00, 0x30, 0x37, 0x02, 0x00,
    0x2f, 0x01, 0x03, 0x00, 0x03, 0x00, 0x00, 0x00, 0x00, 0x40, 0x00, 0x00,
    0x90, 0x33, 0x02, 0x00, 0x01, 0x01, 0x00, 0x00, 0x02, 0x01, 0x00, 0x00,
    0x10, 0x40, 0x00, 0x00, 0xd0, 0x3a, 0x02, 0x00, 0x20, 0x01, 0x00, 0x00,
    0x20, 0x40, 0x00, 0x00, 0x10, 0x03, 0x00, 0x00, 0x21, 0x40, 0x00, 0x00,
    0xe0, 0x00, 0x00, 0x00, 0x22, 0x40, 0x00, 0x00, 0x90, 0x02, 0x00, 0x00,
    0x2f, 0x01, 0x01, 0x00, 0x02, 0x00, 0x00, 0x00, 0x00, 0x40, 0x00, 0x00,
    0x30, 0x37, 0x02, 0x00, 0x10, 0x40, 0x00, 0x00, 0x70, 0x3e, 0x02, 0x00,
    0x2f, 0x01, 0x03, 0x00, 0x02, 0x00, 0x00, 0x00, 0x00, 0x40, 0x00, 0x00,
    0xd0, 0x3a, 0x02, 0x00, 0x01, 0x01, 0x04, 0x00, 0x02, 0x01, 0x04, 0x00,
    0x10, 0x40, 0x00, 0x00, 0x10, 0x42, 0x02, 0x00, 0x20, 0x01, 0x08, 0x00,
    0x20, 0x40, 0x00, 0x00, 0x70, 0x04, 0x00, 0x00, 0x21, 0x40, 0x00, 0x00,
    0xb0, 0x00, 0x00, 0x00, 0x22, 0x40, 0x00, 0x00, 0xf0, 0x03, 0x00, 0x00,
    0x2f, 0x01, 0x01, 0x00, 0x03, 0x00, 0x00, 0x00, 0x00, 0x40, 0x00, 0x00,
    0x70, 0x3e, 0x02, 0x00, 0x10, 0x40, 0x00, 0x00, 0xb0, 0x45, 0x02, 0x00,
    0x2f, 0x01, 0x03, 0x00, 0x03, 0x00, 0x00, 0x00, 0x00, 0x40, 0x00, 0x00,
    0x10, 0x42, 0x02, 0x00, 0x01, 0x01, 0x00, 0x00, 0x02, 0x01, 0x00, 0x00,
    0x10, 0x40, 0x00, 0x00, 0xb0, 0xa2, 0x01, 0x00, 0x13, 0x01, 0x0f, 0x00,
    0x20, 0x01, 0x00, 0x00, 0x20, 0x40, 0x00, 0x00, 0xc0, 0x05, 0x00, 0x00,
    0x21, 0x40, 0x00, 0x00, 0x10, 0x01, 0x00, 0x00, 0x22, 0x40, 0x00, 0x00,
    0x20, 0x05, 0x00, 0x00, 0x23, 0x40, 0x00, 0x00, 0xa0, 0x00, 0x00, 0x00,
    0x2f, 0x01, 0x01, 0x00, 0x02, 0x00, 0x00, 0x00, 0x00, 0x40, 0x00, 0x00,
    0xb0, 0x45, 0x02, 0x00, 0x10, 0x40, 0x00, 0x00, 0x50, 0xa6, 0x01, 0x00,
    0x2f, 0x01, 0x03, 0x00, 0x02, 0x00, 0x00, 0x00, 0x00, 0x40, 0x00, 0x00,
    0xb0, 0x85, 0x01, 0x00, 0x0b, 0x01, 0x04, 0x00, 0x0c, 0x01, 0x04, 0x00,
    0x04, 0x01, 0x0f, 0x00, 0x01, 0x01, 0x01, 0x00, 0x02, 0x01, 0x01, 0x00,
    0x10, 0x40, 0x00, 0x00, 0x50, 0x49, 0x02, 0x00, 0x21, 0x01, 0x04, 0x00,
    0x20, 0x01, 0x02, 0x00, 0x20, 0x40, 0x00, 0x00, 0x70, 0x07, 0x00, 0x00,
    0x22, 0x40, 0x00, 0x00, 0xd0, 0x06, 0x00, 0x00, 0x0d, 0x01, 0x12, 0x00,
    0x2f, 0x01, 0x01, 0x00, 0x03, 0x00, 0x00, 0x00, 0x00, 0x40, 0x00, 0x00,
    0x50, 0x89, 0x01, 0x00, 0x10, 0x40, 0x00, 0x00, 0xf0, 0x4c, 0x02, 0x00,
    0x2f, 0x01, 0x03, 0x00, 0x03, 0x00, 0x00, 0x00, 0x00, 0x40, 0x00, 0x00,
    0x50, 0x49, 0x02, 0x00, 0x0b, 0x01, 0x00, 0x00, 0x0c, 0x01, 0x00, 0x00,
    0x01, 0x01, 0x00, 0x00, 0x02, 0x01, 0x00, 0x00, 0x10, 0x40, 0x00, 0x00,
    0x90, 0x50, 0x02, 0x00, 0x21, 0x01, 0x00, 0x00, 0x20, 0x01, 0x00, 0x00,
    0x20, 0x40, 0x00, 0x00, 0x20, 0x09, 0x00, 0x00, 0x21, 0x40, 0x00, 0x00,
    0x50, 0x01, 0x00, 0x00, 0x22, 0x40, 0x00, 0x00, 0x80, 0x08, 0x00, 0x00,
    0x0d, 0x01, 0x0a, 0x00, 0x2f, 0x01, 0x01, 0x00, 0x02, 0x00, 0x00, 0x00,
    0x00, 0x40, 0x00, 0x00, 0xf0, 0x4c, 0x02, 0x00, 0x10, 0x40, 0x00, 0x00,
    0x30, 0x54, 0x02, 0x00, 0x2f, 0x01, 0x03, 0x00, 0x02, 0x00, 0x00, 0x00,
    0x00, 0x40, 0x00, 0x00, 0x90, 0x50, 0x02, 0x00, 0x01, 0x01, 0x04, 0x00,
    0x02, 0x01, 0x04, 0x00, 0x10, 0x40, 0x00, 0x00, 0xd0, 0x57, 0x02, 0x00,
    0x20, 0x01, 0x08, 0x00, 0x20, 0x40, 0x00, 0x00, 0x10, 0x0b, 0x00, 0x00,
    0x21, 0x40, 0x00, 0x00, 0xd0, 0x00, 0x00, 0x00, 0x22, 0x40, 0x00, 0x00,
    0x70, 0x0a, 0x00, 0x00, 0x2f, 0x01, 0x01, 0x00, 0x03, 0x00, 0x00, 0x00,
    0x00, 0x40, 0x00, 0x00, 0x30, 0x54, 0x02, 0x00, 0x10, 0x40, 0x00, 0x00,
    0x70, 0x5b, 0x02, 0x00, 0x2f, 0x01, 0x03, 0x00, 0x03, 0x00, 0x00, 0x00,
    0x00, 0x40, 0x00, 0x00, 0xd0, 0x57, 0x02, 0x00, 0x01, 0x01, 0x00, 0x00,
    0x02, 0x01, 0x00, 0x00, 0x10, 0x40, 0x00, 0x00, 0x30, 0xb1, 0x01, 0x00,
    0x20, 0x01, 0x00, 0x00, 0x20, 0x40, 0x00, 0x00, 0x80, 0x0c, 0x00, 0x00,
    0x21, 0x40, 0x00, 0x00, 0x50, 0x01, 0x00, 0x00, 0x22, 0x40, 0x00, 0x00,
    0xe0, 0x0b, 0x00, 0x00, 0x2f, 0x01, 0x01, 0x00, 0x02, 0x00, 0x00, 0x00,
    0x00, 0x40, 0x00, 0x00, 0x70, 0x5b, 0x02, 0x00, 0x10, 0x40, 0x00, 0x00,
    0xd0, 0xb4, 0x01, 0x00, 0x2f, 0x01, 0x03, 0x00, 0x02, 0x00, 0x00, 0x00,
    0x00, 0x40, 0x00, 0x00, 0x70, 0xb8, 0x01, 0x00, 0x0b, 0x01, 0x04, 0x00,
    0x0c, 0x01, 0x04, 0x00, 0x01, 0x01, 0x01, 0x00, 0x02, 0x01, 0x01, 0x00,
    0x10, 0x40, 0x00, 0x00, 0x10, 0x5f, 0x02, 0x00, 0x21, 0x01, 0x04, 0x00,
    0x20, 0x01, 0x02, 0x00, 0x20, 0x40, 0x00, 0x00, 0x70, 0x0e, 0x00, 0x00,
    0x21, 0x40, 0x00, 0x00, 0x10, 0x01, 0x00, 0x00, 0x22, 0x40, 0x00, 0x00,
    0xd0, 0x0d, 0x00, 0x00, 0x0d, 0x01, 0x12, 0x00, 0x2f, 0x01, 0x01, 0x00,
    0x03, 0x00, 0x00, 0x00, 0x00, 0x40, 0x00, 0x00, 0x10, 0xbc, 0x01, 0x00,
    0x10, 0x40, 0x00, 0x00, 0xb0, 0x62, 0x02, 0x00, 0x2f, 0x01, 0x03, 0x00,
    0x03, 0x00, 0x00, 0x00, 0x00, 0x40, 0x00, 0x00, 0x10, 0x5f, 0x02, 0x00,
    0x0b, 0x01, 0x00, 0x00, 0x0c, 0x01, 0x00, 0x00, 0x01, 0x01, 0x00, 0x00,
    0x02, 0x01, 0x00, 0x00, 0x10, 0x40, 0x00, 0x00, 0x50, 0x66, 0x02, 0x00,
    0x21, 0x01, 0x00, 0x00, 0x20, 0x01, 0x00, 0x00, 0x20, 0x40, 0x00, 0x00,
    0x20, 0x10, 0x00, 0x00, 0x21, 0x40, 0x00, 0x00, 0x50, 0x01, 0x00, 0x00,
    0x22, 0x40, 0x00, 0x00, 0x80, 0x0f, 0x00, 0x00, 0x0d, 0x01, 0x0a, 0x00,
    0x2f, 0x01, 0x01, 0x00, 0x02, 0x00, 0x00, 0x00, 0x00, 0x40, 0x00, 0x00,
    0xb0, 0x62, 0x02, 0x00, 0x10, 0x40, 0x00, 0x00, 0xf0, 0x69, 0x02, 0x00,
    0x2f, 0x01, 0x03, 0x00, 0x02, 0x00, 0x00, 0x00, 0x00, 0x40, 0x00, 0x00,
    0x50, 0x66, 0x02, 0x00, 0x01, 0x01, 0x04, 0x00, 0x02, 0x01, 0x04, 0x00,
    0x10, 0x40, 0x00, 0x00, 0x90, 0x6d, 0x02, 0x00, 0x20, 0x01, 0x08, 0x00,
    0x20, 0x40, 0x00, 0x00, 0x10, 0x12, 0x00, 0x00, 0x21, 0x40, 0x00, 0x00,
    0xb0, 0x00, 0x00, 0x00, 0x22, 0x40, 0x00, 0x00, 0x70, 0x11, 0x00, 0x00,
    0x2f, 0x01, 0x01, 0x00, 0x03, 0x00, 0x00, 0x00, 0x00, 0x40, 0x00, 0x00,
    0xf0, 0x69, 0x02, 0x00, 0x10, 0x40, 0x00, 0x00, 0x30, 0x71, 0x02, 0x00,
    0x2f, 0x01, 0x03, 0x00, 0x03, 0x00, 0x00, 0x00, 0x00, 0x40, 0x00, 0x00,
    0x90, 0x6d, 0x02, 0x00, 0x01, 0x01, 0x00, 0x00, 0x02, 0x01, 0x00, 0x00,
    0x10, 0x40, 0x00, 0x00, 0xf0, 0xe3, 0x01, 0x00, 0x20, 0x01, 0x00, 0x00,
    0x20, 0x40, 0x00, 0x00, 0x60, 0x13, 0x00, 0x00, 0x21, 0x40, 0x00, 0x00,
    0x50, 0x01, 0x00, 0x00, 0x22, 0x40, 0x00, 0x00, 0xc0, 0x12, 0x00, 0x00,
    0x2f, 0x01, 0x01, 0x00, 0x02, 0x00, 0x00, 0x00, 0x00, 0x40, 0x00, 0x00,
    0x30, 0x71, 0x02, 0x00, 0x10, 0x40, 0x00, 0x00, 0x90, 0xe7, 0x01, 0x00,
    0x2f, 0x01, 0x03, 0x00, 0x02, 0x00, 0x00, 0x00, 0x00, 0x40, 0x00, 0x00,
    0x30, 0xeb, 0x01, 0x00, 0x02, 0x40, 0x00, 0x00, 0x30, 0xce, 0x01, 0x00,
    0x0b, 0x01, 0x01, 0x00, 0x0c, 0x01, 0x01, 0x00, 0x01, 0x01, 0x01, 0x00,
    0x02, 0x01, 0x01, 0x00, 0x10, 0x40, 0x00, 0x00, 0xd0, 0x74, 0x02, 0x00,
    0x21, 0x01, 0x04, 0x00, 0x20, 0x01, 0x02, 0x00, 0x20, 0x40, 0x00, 0x00,
    0x50, 0x15, 0x00, 0x00, 0x21, 0x40, 0x00, 0x00, 0x10, 0x01, 0x00, 0x00,
    0x22, 0x40, 0x00, 0x00, 0xb0, 0x14, 0x00, 0x00, 0x0d, 0x01, 0x12, 0x00,
    0x2f, 0x01, 0x01, 0x00, 0x03, 0x00, 0x00, 0x00, 0x00, 0x40, 0x00, 0x00,
    0xd0, 0xee, 0x01, 0x00, 0x0b, 0x01, 0x00, 0x00, 0x0c, 0x01, 0x00, 0x00,
    0x10, 0x40, 0x00, 0x00, 0x70, 0x78, 0x02, 0x00, 0x2f, 0x01, 0x03, 0x00,
    0x03, 0x00, 0x00, 0x00, 0x00, 0x40, 0x00, 0x00, 0xd0, 0x74, 0x02, 0x00,
    0x02, 0x40, 0x00, 0x00, 0x00, 0x00, 0x00, 0x00, 0x01, 0x01, 0x00, 0x00,
    0x02, 0x01, 0x00, 0x00, 0x10, 0x40, 0x00, 0x00, 0xb0, 0xf9, 0x01, 0x00,
    0x21, 0x01, 0x00, 0x00, 0x20, 0x01, 0x00, 0x00, 0x20, 0x40, 0x00, 0x00,
    0x00, 0x17, 0x00, 0x00, 0x21, 0x40, 0x00, 0x00, 0x50, 0x01, 0x00, 0x00,
    0x22, 0x40, 0x00, 0x00, 0x60, 0x16, 0x00, 0x00, 0x0d, 0x01, 0x0a, 0x00,
    0x2f, 0x01, 0x01, 0x00, 0x02, 0x00, 0x00, 0x00, 0x00, 0x40, 0x00, 0x00,
    0x70, 0x78, 0x02, 0x00, 0x10, 0x40, 0x00, 0x00, 0x50, 0xfd, 0x01, 0x00,
    0x2f, 0x01, 0x03, 0x00, 0x02, 0x00, 0x00, 0x00, 0x00, 0x40, 0x00, 0x00,
    0xf0, 0x00, 0x02, 0x00, 0x02, 0x40, 0x00, 0x00, 0x70, 0xf2, 0x01, 0x00,
    0x0b, 0x01, 0x01, 0x00, 0x0c, 0x01, 0x01, 0x00, 0x01, 0x01, 0x02, 0x00,
    0x02, 0x01, 0x02, 0x00, 0x10, 0x40, 0x00, 0x00, 0xb0, 0x7f, 0x02, 0x00,
    0x21, 0x01, 0x02, 0x00, 0x20, 0x01, 0x04, 0x00, 0x20, 0x40, 0x00, 0x00,
    0xf0, 0x18, 0x00, 0x00, 0x21, 0x40, 0x00, 0x00, 0x10, 0x01, 0x00, 0x00,
    0x22, 0x40, 0x00, 0x00, 0x50, 0x18, 0x00, 0x00, 0x2f, 0x01, 0x01, 0x00,
    0x03, 0x00, 0x00, 0x00, 0x00, 0x40, 0x00, 0x00, 0x10, 0x7c, 0x02, 0x00,
    0x02, 0x40, 0x00, 0x00, 0x00, 0x00, 0x00, 0x00, 0x0b, 0x01, 0x00, 0x00,
    0x0c, 0x01, 0x00, 0x00, 0x01, 0x01, 0x00, 0x00, 0x02, 0x01, 0x00, 0x00,
    0x10, 0x40, 0x00, 0x00, 0xb0, 0x16, 0x02, 0x00, 0x21, 0x01, 0x00, 0x00,
    0x20, 0x01, 0x00, 0x00, 0x20, 0x40, 0x00, 0x00, 0xa0, 0x1a, 0x00, 0x00,
    0x21, 0x40, 0x00, 0x00, 0x50, 0x01, 0x00, 0x00, 0x22, 0x40, 0x00, 0x00,
    0x00, 0x1a, 0x00, 0x00, 0x02, 0x00, 0x00, 0x00, 0x00, 0x40, 0x00, 0x00,
    0xb0, 0x7f, 0x02, 0x00, 0x10, 0x40, 0x00, 0x00, 0x50, 0x1a, 0x02, 0x00,
    0x2f, 0x01, 0x03, 0x00, 0x02, 0x00, 0x00, 0x00, 0x00, 0x40, 0x00, 0x00,
    0x30, 0x08, 0x02, 0x00, 0x0b, 0x01, 0x02, 0x00, 0x0c, 0x01, 0x02, 0x00,
    0x01, 0x01, 0x02, 0x00, 0x02, 0x01, 0x02, 0x00, 0x10, 0x40, 0x00, 0x00,
    0x8a, 0x10, 0x00, 0x00, 0x13, 0x01, 0x00, 0x00, 0x15, 0x40, 0x00, 0x00,
    0x3a, 0x00, 0x00, 0x00, 0x14, 0x40, 0x00, 0x00, 0x01, 0x00, 0x00, 0x00,
    0x16, 0x40, 0x00, 0x00, 0x01, 0x00, 0x00, 0x00, 0x18, 0x01, 0x59, 0x00,
    0x14, 0x01, 0x01, 0x00, 0x21, 0x01, 0x02, 0x00, 0x20, 0x01, 0x04, 0x00,
    0x22, 0x01, 0x04, 0x00, 0x20, 0x40, 0x00, 0x00, 0x00, 0x1c, 0x00, 0x00,
    0x21, 0x40, 0x00, 0x00, 0x90, 0x01, 0x00, 0x00, 0x22, 0x40, 0x00, 0x00,
    0xf0, 0x1b, 0x00, 0x00, 0x23, 0x40, 0x00, 0x00, 0x10, 0x00, 0x00, 0x00,
    0x17, 0x01, 0x07, 0x00, 0x2f, 0x01, 0x01, 0x00, 0x02, 0x00, 0x00, 0x00,
    0x00, 0x40, 0x00, 0x00, 0xd0, 0x0b, 0x02, 0x00, 0x10, 0x40, 0x00, 0x00,
    0xc4, 0x10, 0x00, 0x00, 0x2f, 0x01, 0x03, 0x00, 0x02, 0x00, 0x00, 0x00,
    0x00, 0x40, 0x00, 0x00, 0x70, 0x0f, 0x02, 0x00, 0x10, 0x40, 0x00, 0x00,
    0xfe, 0x10, 0x00, 0x00, 0x02, 0x00, 0x00, 0x00, 0x00, 0x40, 0x00, 0x00,
    0x10, 0x13, 0x02, 0x00, 0x10, 0x40, 0x00, 0x00, 0x38, 0x11, 0x00, 0x00,
    0x02, 0x00, 0x00, 0x00, 0x00, 0x40, 0x00, 0x00, 0x90, 0x04, 0x02, 0x00,
    0x02, 0x40, 0x00, 0x00, 0x70, 0xf2, 0x01, 0x00, 0x0b, 0x01, 0x00, 0x00,
    0x0c, 0x01, 0x00, 0x00, 0x10, 0x40, 0x00, 0x00, 0x10, 0x7c, 0x02, 0x00,
    0x13, 0x01, 0x0f, 0x00, 0x15, 0x40, 0x00, 0x00, 0xa0, 0x03, 0x00, 0x00,
    0x14, 0x40, 0x00, 0x00, 0x10, 0x00, 0x00, 0x00, 0x16, 0x40, 0x00, 0x00,
    0xa0, 0x03, 0x00, 0x00, 0x18, 0x01, 0x80, 0xff, 0x14, 0x01, 0x41, 0x00,
    0x22, 0x01, 0x00, 0x00, 0x20, 0x40, 0x00, 0x00, 0xf0, 0x18, 0x00, 0x00,
    0x21, 0x40, 0x00, 0x00, 0x10, 0x01, 0x00, 0x00, 0x22, 0x40, 0x00, 0x00,
    0x50, 0x18, 0x00, 0x00, 0x23, 0x40, 0x00, 0x00, 0xa0, 0x00, 0x00, 0x00,
    0x17, 0x01, 0x0f, 0x00, 0x03, 0x00, 0x00, 0x00, 0x00, 0x40, 0x00, 0x00,
    0x70, 0xf2, 0x01, 0x00, 0x02, 0x40, 0x00, 0x00, 0x00, 0x00, 0x00, 0x00,
    0x0b, 0x01, 0x02, 0x00, 0x0c, 0x01, 0x02, 0x00, 0x10, 0x40, 0x00, 0x00,
    0xb0, 0x7f, 0x02, 0x00, 0x03, 0x00, 0x00, 0x00, 0x00, 0x40, 0x00, 0x00,
    0x10, 0x7c, 0x02, 0x00, 0x0b, 0x01, 0x00, 0x00, 0x0c, 0x01, 0x00, 0x00,
    0x01, 0x01, 0x00, 0x00, 0x02, 0x01, 0x00, 0x00, 0x10, 0x40, 0x00, 0x00,
    0x30, 0x08, 0x02, 0x00, 0x21, 0x01, 0x00, 0x00, 0x20, 0x01, 0x00, 0x00,
    0x20, 0x40, 0x00, 0x00, 0xa0, 0x1a, 0x00, 0x00, 0x21, 0x40, 0x00, 0x00,
    0x50, 0x01, 0x00, 0x00, 0x22, 0x40, 0x00, 0x00, 0x00, 0x1a, 0x00, 0x00,
    0x2f, 0x01, 0x01, 0x00, 0x02, 0x00, 0x00, 0x00, 0x00, 0x40, 0x00, 0x00,
    0xb0, 0x7f, 0x02, 0x00, 0x10, 0x40, 0x00, 0x00, 0xd0, 0x0b, 0x02, 0x00,
    0x2f, 0x01, 0x03, 0x00, 0x02, 0x00, 0x00, 0x00, 0x00, 0x40, 0x00, 0x00,
    0x10, 0xf6, 0x01, 0x00, 0x0b, 0x01, 0x02, 0x00, 0x0c, 0x01, 0x02, 0x00,
    0x01, 0x01, 0x02, 0x00, 0x02, 0x01, 0x02, 0x00, 0x10, 0x40, 0x00, 0x00,
    0x10, 0x7c, 0x02, 0x00, 0x21, 0x01, 0x02, 0x00, 0x20, 0x01, 0x04, 0x00,
    0x20, 0x40, 0x00, 0x00, 0xf0, 0x18, 0x00, 0x00, 0x21, 0x40, 0x00, 0x00,
    0x10, 0x01, 0x00, 0x00, 0x22, 0x40, 0x00, 0x00, 0x50, 0x18, 0x00, 0x00,
    0x03, 0x00, 0x00, 0x00, 0x00, 0x40, 0x00, 0x00, 0x30, 0xce, 0x01, 0x00,
    0x0b, 0x01, 0x04, 0x00, 0x0c, 0x01, 0x04, 0x00, 0x01, 0x01, 0x01, 0x00,
    0x02, 0x01, 0x01, 0x00, 0x10, 0x40, 0x00, 0x00, 0xd0, 0x74, 0x02, 0x00,
    0x21, 0x01, 0x04, 0x00, 0x20, 0x01, 0x02, 0x00, 0x20, 0x40, 0x00, 0x00,
    0x50, 0x15, 0x00, 0x00, 0x22, 0x40, 0x00, 0x00, 0xb0, 0x14, 0x00, 0x00,
    0x0d, 0x01, 0x12, 0x00, 0x03, 0x00, 0x00, 0x00, 0x00, 0x40, 0x00, 0x00,
    0xd0, 0xd1, 0x01, 0x00, 0x10, 0x40, 0x00, 0x00, 0x70, 0x78, 0x02, 0x00,
    0x03, 0x00, 0x00, 0x00, 0x00, 0x40, 0x00, 0x00, 0xd0, 0x74, 0x02, 0x00,
    0x0b, 0x01, 0x00, 0x00, 0x0c, 0x01, 0x00, 0x00, 0x01, 0x01, 0x00, 0x00,
    0x02, 0x01, 0x00, 0x00, 0x10, 0x40, 0x00, 0x00, 0xf0, 0x00, 0x02, 0x00,
    0x21, 0x01, 0x00, 0x00, 0x20, 0x01, 0x00, 0x00, 0x20, 0x40, 0x00, 0x00,
    0x00, 0x17, 0x00, 0x00, 0x21, 0x40, 0x00, 0x00, 0x50, 0x01, 0x00, 0x00,
    0x22, 0x40, 0x00, 0x00, 0x60, 0x16, 0x00, 0x00, 0x0d, 0x01, 0x0a, 0x00,
    0x2f, 0x01, 0x01, 0x00, 0x02, 0x00, 0x00, 0x00, 0x00, 0x40, 0x00, 0x00,
    0x70, 0x78, 0x02, 0x00, 0x10, 0x40, 0x00, 0x00, 0x90, 0x04, 0x02, 0x00,
    0x2f, 0x01, 0x03, 0x00, 0x02, 0x00, 0x00, 0x00, 0x00, 0x40, 0x00, 0x00,
    0x70, 0xd5, 0x01, 0x00, 0x0b, 0x01, 0x04, 0x00, 0x0c, 0x01, 0x04, 0x00,
    0x01, 0x01, 0x01, 0x00, 0x02, 0x01, 0x01, 0x00, 0x10, 0x40, 0x00, 0x00,
    0xd0, 0x74, 0x02, 0x00, 0x21, 0x01, 0x04, 0x00, 0x20, 0x01, 0x02, 0x00,
    0x20, 0x40, 0x00, 0x00, 0x50, 0x15, 0x00, 0x00, 0x21, 0x40, 0x00, 0x00,
    0x10, 0x01, 0x00, 0x00, 0x22, 0x40, 0x00, 0x00, 0xb0, 0x14, 0x00, 0x00,
    0x0d, 0x01, 0x12, 0x00, 0x03, 0x00, 0x00, 0x00, 0x00, 0x40, 0x00, 0x00,
    0x10, 0xd9, 0x01, 0x00, 0x10, 0x40, 0x00, 0x00, 0x70, 0x78, 0x02, 0x00,
    0x03, 0x00, 0x00, 0x00, 0x00, 0x40, 0x00, 0x00, 0xd0, 0x74, 0x02, 0x00,
    0x0b, 0x01, 0x00, 0x00, 0x0c, 0x01, 0x00, 0x00, 0x01, 0x01, 0x00, 0x00,
    0x02, 0x01, 0x00, 0x00, 0x10, 0x40, 0x00, 0x00, 0x70, 0xf2, 0x01, 0x00,
    0x21, 0x01, 0x00, 0x00, 0x20, 0x01, 0x00, 0x00, 0x20, 0x40, 0x00, 0x00,
    0x00, 0x17, 0x00, 0x00, 0x21, 0x40, 0x00, 0x00, 0x50, 0x01, 0x00, 0x00,
    0x22, 0x40, 0x00, 0x00, 0x60, 0x16, 0x00, 0x00, 0x0d, 0x01, 0x0a, 0x00,
    0x2f, 0x01, 0x01, 0x00, 0x02, 0x00, 0x00, 0x00, 0x00, 0x40, 0x00, 0x00,
    0x70, 0x78, 0x02, 0x00, 0x10, 0x40, 0x00, 0x00, 0x10, 0xf6, 0x01, 0x00,
    0x2f, 0x01, 0x03, 0x00, 0x02, 0x00, 0x00, 0x00, 0x00, 0x40, 0x00, 0x00,
    0xb0, 0xf9, 0x01, 0x00, 0x0b, 0x01, 0x02, 0x00, 0x0c, 0x01, 0x02, 0x00,
    0x01, 0x01, 0x02, 0x00, 0x02, 0x01, 0x02, 0x00, 0x10, 0x40, 0x00, 0x00,
    0xb0, 0x7f, 0x02, 0x00, 0x21, 0x01, 0x02, 0x00, 0x20, 0x01, 0x04, 0x00,
    0x20, 0x40, 0x00, 0x00, 0xf0, 0x18, 0x00, 0x00, 0x21, 0x40, 0x00, 0x00,
    0x10, 0x01, 0x00, 0x00, 0x22, 0x40, 0x00, 0x00, 0x50, 0x18, 0x00, 0x00,
    0x2f, 0x01, 0x01, 0x00, 0x03, 0x00, 0x00, 0x00, 0x00, 0x40, 0x00, 0x00,
    0x10, 0x7c, 0x02, 0x00, 0x0b, 0x01, 0x00, 0x00, 0x0c, 0x01, 0x00, 0x00,
    0x01, 0x01, 0x00, 0x00, 0x02, 0x01, 0x00, 0x00, 0x10, 0x40, 0x00, 0x00,
    0x70, 0x0f, 0x02, 0x00, 0x21, 0x01, 0x00, 0x00, 0x20, 0x01, 0x00, 0x00,
    0x20, 0x40, 0x00, 0x00, 0xa0, 0x1a, 0x00, 0x00, 0x21, 0x40, 0x00, 0x00,
    0x50, 0x01, 0x00, 0x00, 0x22, 0x40, 0x00, 0x00, 0x00, 0x1a, 0x00, 0x00,
    0x02, 0x00, 0x00, 0x00, 0x00, 0x40, 0x00, 0x00, 0xb0, 0x7f, 0x02, 0x00,
    0x10, 0x40, 0x00, 0x00, 0x10, 0x13, 0x02, 0x00, 0x2f, 0x01, 0x03, 0x00,
    0x02, 0x00, 0x00, 0x00, 0x00, 0x40, 0x00, 0x00, 0xb0, 0x16, 0x02, 0x00,
    0x02, 0x40, 0x00, 0x00, 0x30, 0x08, 0x02, 0x00, 0x0b, 0x01, 0x01, 0x00,
    0x0c, 0x01, 0x01, 0x00, 0x01, 0x01, 0x02, 0x00, 0x02, 0x01, 0x02, 0x00,
    0x10, 0x40, 0x00, 0x00, 0x72, 0x11, 0x00, 0x00, 0x13, 0x01, 0x00, 0x00,
    0x15, 0x40, 0x00, 0x00, 0x3a, 0x00, 0x00, 0x00, 0x14, 0x40, 0x00, 0x00,
    0x01, 0x00, 0x00, 0x00, 0x16, 0x40, 0x00, 0x00, 0x01, 0x00, 0x00, 0x00,
    0x18, 0x01, 0x59, 0x00, 0x14, 0x01, 0x01, 0x00, 0x21, 0x01, 0x02, 0x00,
    0x20, 0x01, 0x04, 0x00, 0x22, 0x01, 0x04, 0x00, 0x20, 0x40, 0x00, 0x00,
    0x00, 0x1c, 0x00, 0x00, 0x21, 0x40, 0x00, 0x00, 0x90, 0x01, 0x00, 0x00,
    0x22, 0x40, 0x00, 0x00, 0xf0, 0x1b, 0x00, 0x00, 0x23, 0x40, 0x00, 0x00,
    0x10, 0x00, 0x00, 0x00, 0x17, 0x01, 0x07, 0x00, 0x2f, 0x01, 0x01, 0x00,
    0x02, 0x00, 0x00, 0x00, 0x00, 0x40, 0x00, 0x00, 0x50, 0x1a, 0x02, 0x00,
    0x0b, 0x01, 0x00, 0x00, 0x0c, 0x01, 0x00, 0x00, 0x10, 0x40, 0x00, 0x00,
    0xac, 0x11, 0x00, 0x00, 0x2f, 0x01, 0x03, 0x00, 0x02, 0x00, 0x00, 0x00,
    0x00, 0x40, 0x00, 0x00, 0x30, 0x08, 0x02, 0x00, 0x02, 0x40, 0x00, 0x00,
    0x00, 0x00, 0x00, 0x00, 0x0b, 0x01, 0x02, 0x00, 0x0c, 0x01, 0x02, 0x00,
    0x10, 0x40, 0x00, 0x00, 0xe6, 0x11, 0x00, 0x00, 0x02, 0x00, 0x00, 0x00,
    0x00, 0x40, 0x00, 0x00, 0xd0, 0x0b, 0x02, 0x00, 0x10, 0x40, 0x00, 0x00,
    0x20, 0x12, 0x00, 0x00, 0x02, 0x00, 0x00, 0x00, 0x00, 0x40, 0x00, 0x00,
    0x50, 0xfd, 0x01, 0x00, 0x10, 0x40, 0x00, 0x00, 0x10, 0x7c, 0x02, 0x00,
    0x13, 0x01, 0x0f, 0x00, 0x15, 0x40, 0x00, 0x00, 0xa0, 0x03, 0x00, 0x00,
    0x14, 0x40, 0x00, 0x00, 0x10, 0x00, 0x00, 0x00, 0x16, 0x40, 0x00, 0x00,
    0xa0, 0x03, 0x00, 0x00, 0x18, 0x01, 0x80, 0xff, 0x14, 0x01, 0x41, 0x00,
    0x22, 0x01, 0x00, 0x00, 0x20, 0x40, 0x00, 0x00, 0xf0, 0x18, 0x00, 0x00,
    0x21, 0x40, 0x00, 0x00, 0x10, 0x01, 0x00, 0x00, 0x22, 0x40, 0x00, 0x00,
    0x50, 0x18, 0x00, 0x00, 0x23, 0x40, 0x00, 0x00, 0xa0, 0x00, 0x00, 0x00,
    0x17, 0x01, 0x0f, 0x00, 0x03, 0x00, 0x00, 0x00, 0x00, 0x40, 0x00, 0x00,
    0xf0, 0x00, 0x02, 0x00, 0x02, 0x40, 0x00, 0x00, 0x70, 0xf2, 0x01, 0x00,
    0x0b, 0x01, 0x01, 0x00, 0x0c, 0x01, 0x01, 0x00, 0x10, 0x40, 0x00, 0x00,
    0xb0, 0x7f, 0x02, 0x00, 0x03, 0x00, 0x00, 0x00, 0x00, 0x40, 0x00, 0x00,
    0x10, 0x7c, 0x02, 0x00, 0x02, 0x40, 0x00, 0x00, 0x00, 0x00, 0x00, 0x00,
    0x0b, 0x01, 0x00, 0x00, 0x0c, 0x01, 0x00, 0x00, 0x01, 0x01, 0x00, 0x00,
    0x02, 0x01, 0x00, 0x00, 0x10, 0x40, 0x00, 0x00, 0xb0, 0x16, 0x02, 0x00,
    0x21, 0x01, 0x00, 0x00, 0x20, 0x01, 0x00, 0x00, 0x20, 0x40, 0x00, 0x00,
    0xa0, 0x1a, 0x00, 0x00, 0x21, 0x40, 0x00, 0x00, 0x50, 0x01, 0x00, 0x00,
    0x22, 0x40, 0x00, 0x00, 0x00, 0x1a, 0x00, 0x00, 0x2f, 0x01, 0x01, 0x00,
    0x02, 0x00, 0x00, 0x00, 0x00, 0x40, 0x00, 0x00, 0xb0, 0x7f, 0x02, 0x00,
    0x10, 0x40, 0x00, 0x00, 0x50, 0x1a, 0x02, 0x00, 0x2f, 0x01, 0x03, 0x00,
    0x02, 0x00, 0x00, 0x00, 0x00, 0x40, 0x00, 0x00, 0x90, 0x04, 0x02, 0x00,
    0x02, 0x40, 0x00, 0x00, 0x70, 0xf2, 0x01, 0x00, 0x01, 0x01, 0x02, 0x00,
    0x02, 0x01, 0x02, 0x00, 0x10, 0x40, 0x00, 0x00, 0x10, 0x7c, 0x02, 0x00,
    0x21, 0x01, 0x02, 0x00, 0x20, 0x01, 0x04, 0x00, 0x20, 0x40, 0x00, 0x00,
    0xf0, 0x18, 0x00, 0x00, 0x21, 0x40, 0x00, 0x00, 0x10, 0x01, 0x00, 0x00,
    0x22, 0x40, 0x00, 0x00, 0x50, 0x18, 0x00, 0x00, 0x03, 0x00, 0x00, 0x00,
    0x00, 0x40, 0x00, 0x00, 0xb0, 0xbf, 0x01, 0x00, 0x02, 0x40, 0x00, 0x00,
    0xf0, 0xa9, 0x01, 0x00, 0x0b, 0x01, 0x03, 0x00, 0x0c, 0x01, 0x03, 0x00,
    0x01, 0x01, 0x01, 0x00, 0x02, 0x01, 0x01, 0x00, 0x10, 0x40, 0x00, 0x00,
    0x10, 0x5f, 0x02, 0x00, 0x21, 0x01, 0x04, 0x00, 0x20, 0x01, 0x02, 0x00,
    0x20, 0x40, 0x00, 0x00, 0x70, 0x0e, 0x00, 0x00, 0x22, 0x40, 0x00, 0x00,
    0xd0, 0x0d, 0x00, 0x00, 0x0d, 0x01, 0x12, 0x00, 0x03, 0x00, 0x00, 0x00,
    0x00, 0x40, 0x00, 0x00, 0x50, 0xc3, 0x01, 0x00, 0x0b, 0x01, 0x02, 0x00,
    0x0c, 0x01, 0x02, 0x00, 0x10, 0x40, 0x00, 0x00, 0xb0, 0x62, 0x02, 0x00,
    0x03, 0x00, 0x00, 0x00, 0x00, 0x40, 0x00, 0x00, 0x10, 0x5f, 0x02, 0x00,
    0x02, 0x40, 0x00, 0x00, 0x00, 0x00, 0x00, 0x00, 0x0b, 0x01, 0x00, 0x00,
    0x0c, 0x01, 0x00, 0x00, 0x01, 0x01, 0x00, 0x00, 0x02, 0x01, 0x00, 0x00,
    0x10, 0x40, 0x00, 0x00, 0x50, 0x66, 0x02, 0x00, 0x21, 0x01, 0x00, 0x00,
    0x20, 0x01, 0x00, 0x00, 0x20, 0x40, 0x00, 0x00, 0x20, 0x10, 0x00, 0x00,
    0x21, 0x40, 0x00, 0x00, 0x50, 0x01, 0x00, 0x00, 0x22, 0x40, 0x00, 0x00,
    0x80, 0x0f, 0x00, 0x00, 0x0d, 0x01, 0x0a, 0x00, 0x2f, 0x01, 0x01, 0x00,
    0x02, 0x00, 0x00, 0x00, 0x00, 0x40, 0x00, 0x00, 0xb0, 0x62, 0x02, 0x00,
    0x10, 0x40, 0x00, 0x00, 0xf0, 0x69, 0x02, 0x00, 0x2f, 0x01, 0x03, 0x00,
    0x02, 0x00, 0x00, 0x00, 0x00, 0x40, 0x00, 0x00, 0x50, 0x66, 0x02, 0x00,
    0x01, 0x01, 0x04, 0x00, 0x02, 0x01, 0x04, 0x00, 0x10, 0x40, 0x00, 0x00,
    0x90, 0x6d, 0x02, 0x00, 0x20, 0x01, 0x08, 0x00, 0x20, 0x40, 0x00, 0x00,
    0x10, 0x12, 0x00, 0x00, 0x21, 0x40, 0x00, 0x00, 0xb0, 0x00, 0x00, 0x00,
    0x22, 0x40, 0x00, 0x00, 0x70, 0x11, 0x00, 0x00, 0x2f, 0x01, 0x01, 0x00,
    0x03, 0x00, 0x00, 0x00, 0x00, 0x40, 0x00, 0x00, 0xf0, 0x69, 0x02, 0x00,
    0x10, 0x40, 0x00, 0x00, 0x30, 0x71, 0x02, 0x00, 0x2f, 0x01, 0x03, 0x00,
    0x03, 0x00, 0x00, 0x00, 0x00, 0x40, 0x00, 0x00, 0x90, 0x6d, 0x02, 0x00,
    0x01, 0x01, 0x00, 0x00, 0x02, 0x01, 0x00, 0x00, 0x10, 0x40, 0x00, 0x00,
    0x30, 0xeb, 0x01, 0x00, 0x20, 0x01, 0x00, 0x00, 0x20, 0x40, 0x00, 0x00,
    0x60, 0x13, 0x00, 0x00, 0x21, 0x40, 0x00, 0x00, 0x50, 0x01, 0x00, 0x00,
    0x22, 0x40, 0x00, 0x00, 0xc0, 0x12, 0x00, 0x00, 0x2f, 0x01, 0x01, 0x00,
    0x02, 0x00, 0x00, 0x00, 0x00, 0x40, 0x00, 0x00, 0x30, 0x71, 0x02, 0x00,
    0x10, 0x40, 0x00, 0x00, 0xd0, 0xee, 0x01, 0x00, 0x2f, 0x01, 0x03, 0x00,
    0x02, 0x00, 0x00, 0x00, 0x00, 0x40, 0x00, 0x00, 0xf0, 0xc6, 0x01, 0x00,
    0x02, 0x40, 0x00, 0x00, 0xf0, 0xa9, 0x01, 0x00, 0x0b, 0x01, 0x01, 0x00,
    0x0c, 0x01, 0x01, 0x00, 0x01, 0x01, 0x01, 0x00, 0x02, 0x01, 0x01, 0x00,
    0x10, 0x40, 0x00, 0x00, 0x10, 0x5f, 0x02, 0x00, 0x21, 0x01, 0x04, 0x00,
    0x20, 0x01, 0x02, 0x00, 0x20, 0x40, 0x00, 0x00, 0x70, 0x0e, 0x00, 0x00,
    0x21, 0x40, 0x00, 0x00, 0x10, 0x01, 0x00, 0x00, 0x22, 0x40, 0x00, 0x00,
    0xd0, 0x0d, 0x00, 0x00, 0x0d, 0x01, 0x12, 0x00, 0x03, 0x00, 0x00, 0x00,
    0x00, 0x40, 0x00, 0x00, 0x90, 0xca, 0x01, 0x00, 0x0b, 0x01, 0x00, 0x00,
    0x0c, 0x01, 0x00, 0x00, 0x10, 0x40, 0x00, 0x00, 0xb0, 0x62, 0x02, 0x00,
    0x03, 0x00, 0x00, 0x00, 0x00, 0x40, 0x00, 0x00, 0x10, 0x5f, 0x02, 0x00,
    0x02, 0x40, 0x00, 0x00, 0x00, 0x00, 0x00, 0x00, 0x01, 0x01, 0x00, 0x00,
    0x02, 0x01, 0x00, 0x00, 0x10, 0x40, 0x00, 0x00, 0x50, 0x66, 0x02, 0x00,
    0x21, 0x01, 0x00, 0x00, 0x20, 0x01, 0x00, 0x00, 0x20, 0x40, 0x00, 0x00,
    0x20, 0x10, 0x00, 0x00, 0x21, 0x40, 0x00, 0x00, 0x50, 0x01, 0x00, 0x00,
    0x22, 0x40, 0x00, 0x00, 0x80, 0x0f, 0x00, 0x00, 0x0d, 0x01, 0x0a, 0x00,
    0x2f, 0x01, 0x01, 0x00, 0x02, 0x00, 0x00, 0x00, 0x00, 0x40, 0x00, 0x00,
    0xb0, 0x62, 0x02, 0x00, 0x10, 0x40, 0x00, 0x00, 0xf0, 0x69, 0x02, 0x00,
    0x2f, 0x01, 0x03, 0x00, 0x02, 0x00, 0x00, 0x00, 0x00, 0x40, 0x00, 0x00,
    0x50, 0x66, 0x02, 0x00, 0x01, 0x01, 0x04, 0x00, 0x02, 0x01, 0x04, 0x00,
    0x10, 0x40, 0x00, 0x00, 0x90, 0x6d, 0x02, 0x00, 0x20, 0x01, 0x08, 0x00,
    0x20, 0x40, 0x00, 0x00, 0x10, 0x12, 0x00, 0x00, 0x21, 0x40, 0x00, 0x00,
    0xb0, 0x00, 0x00, 0x00, 0x22, 0x40, 0x00, 0x00, 0x70, 0x11, 0x00, 0x00,
    0x2f, 0x01, 0x01, 0x00, 0x03, 0x00, 0x00, 0x00, 0x00, 0x40, 0x00, 0x00,
    0xf0, 0x69, 0x02, 0x00, 0x10, 0x40, 0x00, 0x00, 0x30, 0x71, 0x02, 0x00,
    0x2f, 0x01, 0x03, 0x00, 0x03, 0x00, 0x00, 0x00, 0x00, 0x40, 0x00, 0x00,
    0x90, 0x6d, 0x02, 0x00, 0x01, 0x01, 0x00, 0x00, 0x02, 0x01, 0x00, 0x00,
    0x10, 0x40, 0x00, 0x00, 0x30, 0xce, 0x01, 0x00, 0x20, 0x01, 0x00, 0x00,
    0x20, 0x40, 0x00, 0x00, 0x60, 0x13, 0x00, 0x00, 0x21, 0x40, 0x00, 0x00,
    0x50, 0x01, 0x00, 0x00, 0x22, 0x40, 0x00, 0x00, 0xc0, 0x12, 0x00, 0x00,
    0x2f, 0x01, 0x01, 0x00, 0x02, 0x00, 0x00, 0x00, 0x00, 0x40, 0x00, 0x00,
    0x30, 0x71, 0x02, 0x00, 0x10, 0x40, 0x00, 0x00, 0xd0, 0xd1, 0x01, 0x00,
    0x2f, 0x01, 0x03, 0x00, 0x02, 0x00, 0x00, 0x00, 0x00, 0x40, 0x00, 0x00,
    0xf0, 0x8c, 0x01, 0x00, 0x0b, 0x01, 0x04, 0x00, 0x0c, 0x01, 0x04, 0x00,
    0x01, 0x01, 0x01, 0x00, 0x02, 0x01, 0x01, 0x00, 0x10, 0x40, 0x00, 0x00,
    0x50, 0x49, 0x02, 0x00, 0x21, 0x01, 0x04, 0x00, 0x20, 0x01, 0x02, 0x00,
    0x20, 0x40, 0x00, 0x00, 0x70, 0x07, 0x00, 0x00, 0x21, 0x40, 0x00, 0x00,
    0x10, 0x01, 0x00, 0x00, 0x22, 0x40, 0x00, 0x00, 0xd0, 0x06, 0x00, 0x00,
    0x0d, 0x01, 0x12, 0x00, 0x03, 0x00, 0x00, 0x00, 0x00, 0x40, 0x00, 0x00,
    0x90, 0x90, 0x01, 0x00, 0x10, 0x40, 0x00, 0x00, 0xf0, 0x4c, 0x02, 0x00,
    0x03, 0x00, 0x00, 0x00, 0x00, 0x40, 0x00, 0x00, 0x50, 0x49, 0x02, 0x00,
    0x0b, 0x01, 0x00, 0x00, 0x0c, 0x01, 0x00, 0x00, 0x01, 0x01, 0x00, 0x00,
    0x02, 0x01, 0x00, 0x00, 0x10, 0x40, 0x00, 0x00, 0x90, 0x50, 0x02, 0x00,
    0x21, 0x01, 0x00, 0x00, 0x20, 0x01, 0x00, 0x00, 0x20, 0x40, 0x00, 0x00,
    0x20, 0x09, 0x00, 0x00, 0x21, 0x40, 0x00, 0x00, 0x50, 0x01, 0x00, 0x00,
    0x22, 0x40, 0x00, 0x00, 0x80, 0x08, 0x00, 0x00, 0x0d, 0x01, 0x0a, 0x00,
    0x2f, 0x01, 0x01, 0x00, 0x02, 0x00, 0x00, 0x00, 0x00, 0x40, 0x00, 0x00,
    0xf0, 0x4c, 0x02, 0x00, 0x10, 0x40, 0x00, 0x00, 0x30, 0x54, 0x02, 0x00,
    0x2f, 0x01, 0x03, 0x00, 0x02, 0x00, 0x00, 0x00, 0x00, 0x40, 0x00, 0x00,
    0x90, 0x50, 0x02, 0x00, 0x01, 0x01, 0x04, 0x00, 0x02, 0x01, 0x04, 0x00,
    0x10, 0x40, 0x00, 0x00, 0xd0, 0x57, 0x02, 0x00, 0x20, 0x01, 0x08, 0x00,
    0x20, 0x40, 0x00, 0x00, 0x10, 0x0b, 0x00, 0x00, 0x21, 0x40, 0x00, 0x00,
    0xd0, 0x00, 0x00, 0x00, 0x22, 0x40, 0x00, 0x00, 0x70, 0x0a, 0x00, 0x00,
    0x2f, 0x01, 0x01, 0x00, 0x03, 0x00, 0x00, 0x00, 0x00, 0x40, 0x00, 0x00,
    0x30, 0x54, 0x02, 0x00, 0x10, 0x40, 0x00, 0x00, 0x70, 0x5b, 0x02, 0x00,
    0x2f, 0x01, 0x03, 0x00, 0x03, 0x00, 0x00, 0x00, 0x00, 0x40, 0x00, 0x00,
    0xd0, 0x57, 0x02, 0x00, 0x01, 0x01, 0x00, 0x00, 0x02, 0x01, 0x00, 0x00,
    0x10, 0x40, 0x00, 0x00, 0x70, 0xb8, 0x01, 0x00, 0x20, 0x01, 0x00, 0x00,
    0x20, 0x40, 0x00, 0x00, 0x80, 0x0c, 0x00, 0x00, 0x21, 0x40, 0x00, 0x00,
    0x50, 0x01, 0x00, 0x00, 0x22, 0x40, 0x00, 0x00, 0xe0, 0x0b, 0x00, 0x00,
    0x2f, 0x01, 0x01, 0x00, 0x02, 0x00, 0x00, 0x00, 0x00, 0x40, 0x00, 0x00,
    0x70, 0x5b, 0x02, 0x00, 0x10, 0x40, 0x00, 0x00, 0x10, 0xbc, 0x01, 0x00,
    0x2f, 0x01, 0x03, 0x00, 0x02, 0x00, 0x00, 0x00, 0x00, 0x40, 0x00, 0x00,
    0x30, 0x94, 0x01, 0x00, 0x0b, 0x01, 0x04, 0x00, 0x0c, 0x01, 0x04, 0x00,
    0x01, 0x01, 0x01, 0x00, 0x02, 0x01, 0x01, 0x00, 0x10, 0x40, 0x00, 0x00,
    0x50, 0x49, 0x02, 0x00, 0x21, 0x01, 0x04, 0x00, 0x20, 0x01, 0x02, 0x00,
    0x20, 0x40, 0x00, 0x00, 0x70, 0x07, 0x00, 0x00, 0x21, 0x40, 0x00, 0x00,
    0x10, 0x01, 0x00, 0x00, 0x22, 0x40, 0x00, 0x00, 0xd0, 0x06, 0x00, 0x00,
    0x0d, 0x01, 0x12, 0x00, 0x03, 0x00, 0x00, 0x00, 0x00, 0x40, 0x00, 0x00,
    0xd0, 0x97, 0x01, 0x00, 0x10, 0x40, 0x00, 0x00, 0xf0, 0x4c, 0x02, 0x00,
    0x03, 0x00, 0x00, 0x00, 0x00, 0x40, 0x00, 0x00, 0x50, 0x49, 0x02, 0x00,
    0x0b, 0x01, 0x00, 0x00, 0x0c, 0x01, 0x00, 0x00, 0x01, 0x01, 0x00, 0x00,
    0x02, 0x01, 0x00, 0x00, 0x10, 0x40, 0x00, 0x00, 0x90, 0x50, 0x02, 0x00,
    0x21, 0x01, 0x00, 0x00, 0x20, 0x01, 0x00, 0x00, 0x20, 0x40, 0x00, 0x00,
    0x20, 0x09, 0x00, 0x00, 0x21, 0x40, 0x00, 0x00, 0x50, 0x01, 0x00, 0x00,
    0x22, 0x40, 0x00, 0x00, 0x80, 0x08, 0x00, 0x00, 0x0d, 0x01, 0x0a, 0x00,
    0x2f, 0x01, 0x01, 0x00, 0x02, 0x00, 0x00, 0x00, 0x00, 0x40, 0x00, 0x00,
    0xf0, 0x4c, 0x02, 0x00, 0x10, 0x40, 0x00, 0x00, 0x30, 0x54, 0x02, 0x00,
    0x2f, 0x01, 0x03, 0x00, 0x02, 0x00, 0x00, 0x00, 0x00, 0x40, 0x00, 0x00,
    0x90, 0x50, 0x02, 0x00, 0x01, 0x01, 0x04, 0x00, 0x02, 0x01, 0x04, 0x00,
    0x10, 0x40, 0x00, 0x00, 0xd0, 0x57, 0x02, 0x00, 0x20, 0x01, 0x08, 0x00,
    0x20, 0x40, 0x00, 0x00, 0x10, 0x0b, 0x00, 0x00, 0x21, 0x40, 0x00, 0x00,
    0xd0, 0x00, 0x00, 0x00, 0x22, 0x40, 0x00, 0x00, 0x70, 0x0a, 0x00, 0x00,
    0x2f, 0x01, 0x01, 0x00, 0x03, 0x00, 0x00, 0x00, 0x00, 0x40, 0x00, 0x00,
    0x30, 0x54, 0x02, 0x00, 0x10, 0x40, 0x00, 0x00, 0x70, 0x5b, 0x02, 0x00,
    0x2f, 0x01, 0x03, 0x00, 0x03, 0x00, 0x00, 0x00, 0x00, 0x40, 0x00, 0x00,
    0xd0, 0x57, 0x02, 0x00, 0x01, 0x01, 0x00, 0x00, 0x02, 0x01, 0x00, 0x00,
    0x10, 0x40, 0x00, 0x00, 0xb0, 0xbf, 0x01, 0x00, 0x20, 0x01, 0x00, 0x00,
    0x20, 0x40, 0x00, 0x00, 0x80, 0x0c, 0x00, 0x00, 0x21, 0x40, 0x00, 0x00,
    0x50, 0x01, 0x00, 0x00, 0x22, 0x40, 0x00, 0x00, 0xe0, 0x0b, 0x00, 0x00,
    0x2f, 0x01, 0x01, 0x00, 0x02, 0x00, 0x00, 0x00, 0x00, 0x40, 0x00, 0x00,
    0x70, 0x5b, 0x02, 0x00, 0x10, 0x40, 0x00, 0x00, 0x50, 0xc3, 0x01, 0x00,
    0x2f, 0x01, 0x03, 0x00, 0x02, 0x00, 0x00, 0x00, 0x00, 0x40, 0x00, 0x00,
    0x80, 0x7e, 0x01, 0x00, 0x0b, 0x01, 0x01, 0x00, 0x0c, 0x01, 0x01, 0x00,
    0x0a, 0x01, 0x72, 0x00, 0x04, 0x01, 0x03, 0x00, 0x05, 0x40, 0x00, 0x00,
    0xcc, 0x01, 0x00, 0x00, 0x04, 0x40, 0x00, 0x00, 0x04, 0x00, 0x00, 0x00,
    0x06, 0x40, 0x00, 0x00, 0x01, 0x00, 0x00, 0x00, 0x09, 0x01, 0x00, 0x00,
    0x05, 0x01, 0x01, 0x00, 0x10, 0x40, 0x00, 0x00, 0xf0, 0x1d, 0x02, 0x00,
    0x11, 0x01, 0x72, 0x00, 0x1a, 0x01, 0x72, 0x00, 0x13, 0x01, 0x03, 0x00,
    0x15, 0x40, 0x00, 0x00, 0x30, 0x07, 0x00, 0x00, 0x16, 0x40, 0x00, 0x00,
    0x30, 0x07, 0x00, 0x00, 0x18, 0x01, 0x00, 0x00, 0x14, 0x01, 0x41, 0x81,
    0x21, 0x01, 0x01, 0x00, 0x22, 0x01, 0x02, 0x00, 0x15, 0x01, 0x15, 0x00,
    0x17, 0x01, 0x07, 0x00, 0x05, 0x00, 0x01, 0x00, 0x00, 0x40, 0x00, 0x00,
    0x18, 0x82, 0x01, 0x00, 0x10, 0x40, 0x00, 0x00, 0x20, 0x25, 0x02, 0x00,
    0x05, 0x00, 0x01, 0x00, 0x00, 0x40, 0x00, 0x00, 0xf0, 0x1d, 0x02, 0x00,
    0x0b, 0x01, 0x00, 0x00, 0x0c, 0x01, 0x00, 0x00, 0x05, 0x40, 0x00, 0x00,
    0x30, 0x07, 0x00, 0x00, 0x04, 0x40, 0x00, 0x00, 0x10, 0x00, 0x00, 0x00,
    0x06, 0x40, 0x00, 0x00, 0x30, 0x07, 0x00, 0x00, 0x09, 0x01, 0xff, 0xff,
    0x05, 0x01, 0x41, 0x00, 0x01, 0x01, 0x01, 0x00, 0x02, 0x01, 0x01, 0x00,
    0x10, 0x40, 0x00, 0x00, 0x50, 0x2c, 0x02, 0x00, 0x11, 0x01, 0x39, 0x00,
    0x1a, 0x01, 0x39, 0x00, 0x13, 0x01, 0x0b, 0x00, 0x15, 0x40, 0x00, 0x00,
    0xa0, 0x03, 0x00, 0x00, 0x16, 0x40, 0x00, 0x00, 0xa0, 0x03, 0x00, 0x00,
    0x18, 0x01, 0x80, 0xff, 0x14, 0x01, 0x41, 0x00, 0x21, 0x01, 0x00, 0x00,
    0x20, 0x01, 0x02, 0x00, 0x22, 0x01, 0x05, 0x00, 0x20, 0x40, 0x00, 0x00,
    0x80, 0x00, 0x00, 0x00, 0x21, 0x40, 0x00, 0x00, 0x00, 0x01, 0x00, 0x00,
    0x22, 0x40, 0x00, 0x00, 0x00, 0x00, 0x00, 0x00, 0x23, 0x40, 0x00, 0x00,
    0x80, 0x00, 0x00, 0x00, 0x15, 0x01, 0x39, 0x00, 0x17, 0x01, 0x0f, 0x00,
    0x2f, 0x01, 0x01, 0x00, 0x02, 0x00, 0x00, 0x00, 0x00, 0x40, 0x00, 0x00,
    0x20, 0x25, 0x02, 0x00, 0x10, 0x40, 0x00, 0x00, 0xf0, 0x2f, 0x02, 0x00,
    0x2f, 0x01, 0x03, 0x00, 0x02, 0x00, 0x00, 0x00, 0x00, 0x40, 0x00, 0x00,
    0x50, 0x2c, 0x02, 0x00, 0x0a, 0x01, 0x39, 0x00, 0x04, 0x01, 0x0b, 0x00,
    0x05, 0x40, 0x00, 0x00, 0xa0, 0x03, 0x00, 0x00, 0x06, 0x40, 0x00, 0x00,
    0xa0, 0x03, 0x00, 0x00, 0x09, 0x01, 0x80, 0xff, 0x01, 0x01, 0x03, 0x00,
    0x02, 0x01, 0x03, 0x00, 0x10, 0x40, 0x00, 0x00, 0x90, 0x33, 0x02, 0x00,
    0x20, 0x01, 0x06, 0x00, 0x22, 0x01, 0x00, 0x00, 0x20, 0x40, 0x00, 0x00,
    0x00, 0x02, 0x00, 0x00, 0x21, 0x40, 0x00, 0x00, 0x90, 0x00, 0x00, 0x00,
    0x22, 0x40, 0x00, 0x00, 0x80, 0x01, 0x00, 0x00, 0x2f, 0x01, 0x01, 0x00,
    0x03, 0x00, 0x00, 0x00, 0x00, 0x40, 0x00, 0x00, 0xf0, 0x2f, 0x02, 0x00,
    0x10, 0x40, 0x00, 0x00, 0x30, 0x37, 0x02, 0x00, 0x2f, 0x01, 0x03, 0x00,
    0x03, 0x00, 0x00, 0x00, 0x00, 0x40, 0x00, 0x00, 0x90, 0x33, 0x02, 0x00,
    0x01, 0x01, 0x00, 0x00, 0x02, 0x01, 0x00, 0x00, 0x10, 0x40, 0x00, 0x00,
    0xd0, 0x3a, 0x02, 0x00, 0x20, 0x01, 0x00, 0x00, 0x20, 0x40, 0x00, 0x00,
    0x10, 0x03, 0x00, 0x00, 0x21, 0x40, 0x00, 0x00, 0xe0, 0x00, 0x00, 0x00,
    0x22, 0x40, 0x00, 0x00, 0x90, 0x02, 0x00, 0x00, 0x2f, 0x01, 0x01, 0x00,
    0x02, 0x00, 0x00, 0x00, 0x00, 0x40, 0x00, 0x00, 0x30, 0x37, 0x02, 0x00,
    0x10, 0x40, 0x00, 0x00, 0x70, 0x3e, 0x02, 0x00, 0x2f, 0x01, 0x03, 0x00,
    0x02, 0x00, 0x00, 0x00, 0x00, 0x40, 0x00, 0x00, 0xd0, 0x3a, 0x02, 0x00,
    0x01, 0x01, 0x04, 0x00, 0x02, 0x01, 0x04, 0x00, 0x10, 0x40, 0x00, 0x00,
    0x10, 0x42, 0x02, 0x00, 0x20, 0x01, 0x08, 0x00, 0x20, 0x40, 0x00, 0x00,
    0x70, 0x04, 0x00, 0x00, 0x21, 0x40, 0x00, 0x00, 0xb0, 0x00, 0x00, 0x00,
    0x22, 0x40, 0x00, 0x00, 0xf0, 0x03, 0x00, 0x00, 0x2f, 0x01, 0x01, 0x00,
    0x03, 0x00, 0x00, 0x00, 0x00, 0x40, 0x00, 0x00, 0x70, 0x3e, 0x02, 0x00,
    0x10, 0x40, 0x00, 0x00, 0xb0, 0x45, 0x02, 0x00, 0x2f, 0x01, 0x03, 0x00,
    0x03, 0x00, 0x00, 0x00, 0x00, 0x40, 0x00, 0x00, 0x10, 0x42, 0x02, 0x00,
    0x01, 0x01, 0x00, 0x00, 0x02, 0x01, 0x00, 0x00, 0x10, 0x40, 0x00, 0x00,
    0xb0, 0x85, 0x01, 0x00, 0x13, 0x01, 0x0f, 0x00, 0x20, 0x01, 0x00, 0x00,
    0x20, 0x40, 0x00, 0x00, 0xc0, 0x05, 0x00, 0x00, 0x21, 0x40, 0x00, 0x00,
    0x10, 0x01, 0x00, 0x00, 0x22, 0x40, 0x00, 0x00, 0x20, 0x05, 0x00, 0x00,
    0x23, 0x40, 0x00, 0x00, 0xa0, 0x00, 0x00, 0x00, 0x2f, 0x01, 0x01, 0x00,
    0x02, 0x00, 0x00, 0x00, 0x00, 0x40, 0x00, 0x00, 0xb0, 0x45, 0x02, 0x00,
    0x10, 0x40, 0x00, 0x00, 0x50, 0x89, 0x01, 0x00, 0x2f, 0x01, 0x03, 0x00,
    0x02, 0x00, 0x00, 0x00, 0x00, 0x40, 0x00, 0x00, 0x70, 0x9b, 0x01, 0x00,
    0x02, 0x40, 0x00, 0x00, 0xb0, 0x85, 0x01, 0x00, 0x0b, 0x01, 0x03, 0x00,
    0x0c, 0x01, 0x03, 0x00, 0x04, 0x01, 0x0f, 0x00, 0x01, 0x01, 0x01, 0x00,
    0x02, 0x01, 0x01, 0x00, 0x10, 0x40, 0x00, 0x00, 0x50, 0x49, 0x02, 0x00,
    0x21, 0x01, 0x04, 0x00, 0x20, 0x01, 0x02, 0x00, 0x20, 0x40, 0x00, 0x00,
    0x70, 0x07, 0x00, 0x00, 0x22, 0x40, 0x00, 0x00, 0xd0, 0x06, 0x00, 0x00,
    0x0d, 0x01, 0x12, 0x00, 0x2f, 0x01, 0x01, 0x00, 0x03, 0x00, 0x00, 0x00,
    0x00, 0x40, 0x00, 0x00, 0x10, 0x9f, 0x01, 0x00, 0x0b, 0x01, 0x02, 0x00,
    0x0c, 0x01, 0x02, 0x00, 0x10, 0x40, 0x00, 0x00, 0xf0, 0x4c, 0x02, 0x00,
    0x2f, 0x01, 0x03, 0x00, 0x03, 0x00, 0x00, 0x00, 0x00, 0x40, 0x00, 0x00,
    0x50, 0x49, 0x02, 0x00, 0x02, 0x40, 0x00, 0x00, 0x00, 0x00, 0x00, 0x00,
    0x0b, 0x01, 0x00, 0x00, 0x0c, 0x01, 0x00, 0x00, 0x01, 0x01, 0x00, 0x00,
    0x02, 0x01, 0x00, 0x00, 0x10, 0x40, 0x00, 0x00, 0x90, 0x50, 0x02, 0x00,
    0x21, 0x01, 0x00, 0x00, 0x20, 0x01, 0x00, 0x00, 0x20, 0x40, 0x00, 0x00,
    0x20, 0x09, 0x00, 0x00, 0x21, 0x40, 0x00, 0x00, 0x50, 0x01, 0x00, 0x00,
    0x22, 0x40, 0x00, 0x00, 0x80, 0x08, 0x00, 0x00, 0x0d, 0x01, 0x0a, 0x00,
    0x2f, 0x01, 0x01, 0x00, 0x02, 0x00, 0x00, 0x00, 0x00, 0x40, 0x00, 0x00,
    0xf0, 0x4c, 0x02, 0x00, 0x10, 0x40, 0x00, 0x00, 0x30, 0x54, 0x02, 0x00,
    0x2f, 0x01, 0x03, 0x00, 0x02, 0x00, 0x00, 0x00, 0x00, 0x40, 0x00, 0x00,
    0x90, 0x50, 0x02, 0x00, 0x01, 0x01, 0x04, 0x00, 0x02, 0x01, 0x04, 0x00,
    0x10, 0x40, 0x00, 0x00, 0xd0, 0x57, 0x02, 0x00, 0x20, 0x01, 0x08, 0x00,
    0x20, 0x40, 0x00, 0x00, 0x10, 0x0b, 0x00, 0x00, 0x21, 0x40, 0x00, 0x00,
    0xd0, 0x00, 0x00, 0x00, 0x22, 0x40, 0x00, 0x00, 0x70, 0x0a, 0x00, 0x00,
    0x2f, 0x01, 0x01, 0x00, 0x03, 0x00, 0x00, 0x00, 0x00, 0x40, 0x00, 0x00,
    0x30, 0x54, 0x02, 0x00, 0x10, 0x40, 0x00, 0x00, 0x70, 0x5b, 0x02, 0x00,
    0x2f, 0x01, 0x03, 0x00, 0x03, 0x00, 0x00, 0x00, 0x00, 0x40, 0x00, 0x00,
    0xd0, 0x57, 0x02, 0x00, 0x01, 0x01, 0x00, 0x00, 0x02, 0x01, 0x00, 0x00,
    0x10, 0x40, 0x00, 0x00, 0xf0, 0xc6, 0x01, 0x00, 0x20, 0x01, 0x00, 0x00,
    0x20, 0x40, 0x00, 0x00, 0x80, 0x0c, 0x00, 0x00, 0x21, 0x40, 0x00, 0x00,
    0x50, 0x01, 0x00, 0x00, 0x22, 0x40, 0x00, 0x00, 0xe0, 0x0b, 0x00, 0x00,
    0x2f, 0x01, 0x01, 0x00, 0x02, 0x00, 0x00, 0x00, 0x00, 0x40, 0x00, 0x00,
    0x70, 0x5b, 0x02, 0x00, 0x10, 0x40, 0x00, 0x00, 0x90, 0xca, 0x01, 0x00,
    0x2f, 0x01, 0x03, 0x00, 0x02, 0x00, 0x00, 0x00, 0x00, 0x40, 0x00, 0x00,
    0xf0, 0xa9, 0x01, 0x00, 0x0b, 0x01, 0x04, 0x00, 0x0c, 0x01, 0x04, 0x00,
    0x01, 0x01, 0x01, 0x00, 0x02, 0x01, 0x01, 0x00, 0x10, 0x40, 0x00, 0x00,
    0x10, 0x5f, 0x02, 0x00, 0x21, 0x01, 0x04, 0x00, 0x20, 0x01, 0x02, 0x00,
    0x20, 0x40, 0x00, 0x00, 0x70, 0x0e, 0x00, 0x00, 0x21, 0x40, 0x00, 0x00,
    0x10, 0x01, 0x00, 0x00, 0x22, 0x40, 0x00, 0x00, 0xd0, 0x0d, 0x00, 0x00,
    0x0d, 0x01, 0x12, 0x00, 0x2f, 0x01, 0x01, 0x00, 0x03, 0x00, 0x00, 0x00,
    0x00, 0x40, 0x00, 0x00, 0x90, 0xad, 0x01, 0x00, 0x10, 0x40, 0x00, 0x00,
    0xb0, 0x62, 0x02, 0x00, 0x2f, 0x01, 0x03, 0x00, 0x03, 0x00, 0x00, 0x00,
    0x00, 0x40, 0x00, 0x00, 0x10, 0x5f, 0x02, 0x00, 0x0b, 0x01, 0x00, 0x00,
    0x0c, 0x01, 0x00, 0x00, 0x01, 0x01, 0x00, 0x00, 0x02, 0x01, 0x00, 0x00,
    0x10, 0x40, 0x00, 0x00, 0x50, 0x66, 0x02, 0x00, 0x21, 0x01, 0x00, 0x00,
    0x20, 0x01, 0x00, 0x00, 0x20, 0x40, 0x00, 0x00, 0x20, 0x10, 0x00, 0x00,
    0x21, 0x40, 0x00, 0x00, 0x50, 0x01, 0x00, 0x00, 0x22, 0x40, 0x00, 0x00,
    0x80, 0x0f, 0x00, 0x00, 0x0d, 0x01, 0x0a, 0x00, 0x2f, 0x01, 0x01, 0x00,
    0x02, 0x00, 0x00, 0x00, 0x00, 0x40, 0x00, 0x00, 0xb0, 0x62, 0x02, 0x00,
    0x10, 0x40, 0x00, 0x00, 0xf0, 0x69, 0x02, 0x00, 0x2f, 0x01, 0x03, 0x00,
    0x02, 0x00, 0x00, 0x00, 0x00, 0x40, 0x00, 0x00, 0x50, 0x66, 0x02, 0x00,
    0x01, 0x01, 0x04, 0x00, 0x02, 0x01, 0x04, 0x00, 0x10, 0x40, 0x00, 0x00,
    0x90, 0x6d, 0x02, 0x00, 0x20, 0x01, 0x08, 0x00, 0x20, 0x40, 0x00, 0x00,
    0x10, 0x12, 0x00, 0x00, 0x21, 0x40, 0x00, 0x00, 0xb0, 0x00, 0x00, 0x00,
    0x22, 0x40, 0x00, 0x00, 0x70, 0x11, 0x00, 0x00, 0x2f, 0x01, 0x01, 0x00,
    0x03, 0x00, 0x00, 0x00, 0x00, 0x40, 0x00, 0x00, 0xf0, 0x69, 0x02, 0x00,
    0x10, 0x40, 0x00, 0x00, 0x30, 0x71, 0x02, 0x00, 0x2f, 0x01, 0x03, 0x00,
    0x03, 0x00, 0x00, 0x00, 0x00, 0x40, 0x00, 0x00, 0x90, 0x6d, 0x02, 0x00,
    0x01, 0x01, 0x00, 0x00, 0x02, 0x01, 0x00, 0x00, 0x10, 0x40, 0x00, 0x00,
    0x70, 0xd5, 0x01, 0x00, 0x20, 0x01, 0x00, 0x00, 0x20, 0x40, 0x00, 0x00,
    0x60, 0x13, 0x00, 0x00, 0x21, 0x40, 0x00, 0x00, 0x50, 0x01, 0x00, 0x00,
    0x22, 0x40, 0x00, 0x00, 0xc0, 0x12, 0x00, 0x00, 0x2f, 0x01, 0x01, 0x00,
    0x02, 0x00, 0x00, 0x00, 0x00, 0x40, 0x00, 0x00, 0x30, 0x71, 0x02, 0x00,
    0x10, 0x40, 0x00, 0x00, 0x10, 0xd9, 0x01, 0x00, 0x2f, 0x01, 0x03, 0x00,
    0x02, 0x00, 0x00, 0x00, 0x00, 0x40, 0x00, 0x00, 0xb0, 0xdc, 0x01, 0x00,
    0x0b, 0x01, 0x04, 0x00, 0x0c, 0x01, 0x04, 0x00, 0x01, 0x01, 0x01, 0x00,
    0x02, 0x01, 0x01, 0x00, 0x10, 0x40, 0x00, 0x00, 0xd0, 0x74, 0x02, 0x00,
    0x21, 0x01, 0x04, 0x00, 0x20, 0x01, 0x02, 0x00, 0x20, 0x40, 0x00, 0x00,
    0x50, 0x15, 0x00, 0x00, 0x21, 0x40, 0x00, 0x00, 0x10, 0x01, 0x00, 0x00,
    0x22, 0x40, 0x00, 0x00, 0xb0, 0x14, 0x00, 0x00, 0x0d, 0x01, 0x12, 0x00,
    0x2f, 0x01, 0x01, 0x00, 0x03, 0x00, 0x00, 0x00, 0x00, 0x40, 0x00, 0x00,
    0x50, 0xe0, 0x01, 0x00, 0x10, 0x40, 0x00, 0x00, 0x70, 0x78, 0x02, 0x00,
    0x2f, 0x01, 0x03, 0x00, 0x03, 0x00, 0x00, 0x00, 0x00, 0x40, 0x00, 0x00,
    0xd0, 0x74, 0x02, 0x00, 0x0b, 0x01, 0x00, 0x00, 0x0c, 0x01, 0x00, 0x00,
    0x01, 0x01, 0x00, 0x00, 0x02, 0x01, 0x00, 0x00, 0x10, 0x40, 0x00, 0x00,
    0xb0, 0xf9, 0x01, 0x00, 0x21, 0x01, 0x00, 0x00, 0x20, 0x01, 0x00, 0x00,
    0x20, 0x40, 0x00, 0x00, 0x00, 0x17, 0x00, 0x00, 0x21, 0x40, 0x00, 0x00,
    0x50, 0x01, 0x00, 0x00, 0x22, 0x40, 0x00, 0x00, 0x60, 0x16, 0x00, 0x00,
    0x0d, 0x01, 0x0a, 0x00, 0x2f, 0x01, 0x01, 0x00, 0x02, 0x00, 0x00, 0x00,
    0x00, 0x40, 0x00, 0x00, 0x70, 0x78, 0x02, 0x00, 0x10, 0x40, 0x00, 0x00,
    0x50, 0xfd, 0x01, 0x00, 0x2f, 0x01, 0x03, 0x00, 0x02, 0x00, 0x00, 0x00,
    0x00, 0x40, 0x00, 0x00, 0xf0, 0xe3, 0x01, 0x00, 0x02, 0x40, 0x00, 0x00,
    0x30, 0xce, 0x01, 0x00, 0x0b, 0x01, 0x03, 0x00, 0x0c, 0x01, 0x03, 0x00,
    0x01, 0x01, 0x01, 0x00, 0x02, 0x01, 0x01, 0x00, 0x10, 0x40, 0x00, 0x00,
    0xd0, 0x74, 0x02, 0x00, 0x21, 0x01, 0x04, 0x00, 0x20, 0x01, 0x02, 0x00,
    0x20, 0x40, 0x00, 0x00, 0x50, 0x15, 0x00, 0x00, 0x21, 0x40, 0x00, 0x00,
    0x10, 0x01, 0x00, 0x00, 0x22, 0x40, 0x00, 0x00, 0xb0, 0x14, 0x00, 0x00,
    0x0d, 0x01, 0x12, 0x00, 0x03, 0x00, 0x00, 0x00, 0x00, 0x40, 0x00, 0x00,
    0x90, 0xe7, 0x01, 0x00, 0x0b, 0x01, 0x02, 0x00, 0x0c, 0x01, 0x02, 0x00,
    0x10, 0x40, 0x00, 0x00, 0x70, 0x78, 0x02, 0x00, 0x03, 0x00, 0x00, 0x00,
    0x00, 0x40, 0x00, 0x00, 0xd0, 0x74, 0x02, 0x00, 0x02, 0x40, 0x00, 0x00,
    0x00, 0x00, 0x00, 0x00, 0x0b, 0x01, 0x00, 0x00, 0x0c, 0x01, 0x00, 0x00,
    0x01, 0x01, 0x00, 0x00, 0x02, 0x01, 0x00, 0x00, 0x10, 0x40, 0x00, 0x00,
    0xf0, 0x00, 0x02, 0x00, 0x21, 0x01, 0x00, 0x00, 0x20, 0x01, 0x00, 0x00,
    0x20, 0x40, 0x00, 0x00, 0x00, 0x17, 0x00, 0x00, 0x21, 0x40, 0x00, 0x00,
    0x50, 0x01, 0x00, 0x00, 0x22, 0x40, 0x00, 0x00, 0x60, 0x16, 0x00, 0x00,
    0x0d, 0x01, 0x0a, 0x00, 0x2f, 0x01, 0x01, 0x00, 0x02, 0x00, 0x00, 0x00,
    0x00, 0x40, 0x00, 0x00, 0x70, 0x78, 0x02, 0x00, 0x10, 0x40, 0x00, 0x00,
    0x90, 0x04, 0x02, 0x00, 0x2f, 0x01, 0x03, 0x00, 0x02, 0x00, 0x00, 0x00,
    0x00, 0x40, 0x00, 0x00, 0x70, 0xf2, 0x01, 0x00, 0x0b, 0x01, 0x02, 0x00,
    0x0c, 0x01, 0x02, 0x00, 0x01, 0x01, 0x02, 0x00, 0x02, 0x01, 0x02, 0x00,
    0x10, 0x40, 0x00, 0x00, 0xb0, 0x7f, 0x02, 0x00, 0x21, 0x01, 0x02, 0x00,
    0x20, 0x01, 0x04, 0x00, 0x20, 0x40, 0x00, 0x00, 0xf0, 0x18, 0x00, 0x00,
    0x21, 0x40, 0x00, 0x00, 0x10, 0x01, 0x00, 0x00, 0x22, 0x40, 0x00, 0x00,
    0x50, 0x18, 0x00, 0x00, 0x2f, 0x01, 0x01, 0x00, 0x03, 0x00, 0x00, 0x00,
    0x00, 0x40, 0x00, 0x00, 0x10, 0x7c, 0x02, 0x00, 0x0b, 0x01, 0x00, 0x00,
    0x0c, 0x01, 0x00, 0x00, 0x01, 0x01, 0x00, 0x00, 0x02, 0x01, 0x00, 0x00,
    0x10, 0x40, 0x00, 0x00, 0x30, 0x08, 0x02, 0x00, 0x21, 0x01, 0x00, 0x00,
    0x20, 0x01, 0x00, 0x00, 0x20, 0x40, 0x00, 0x00, 0xa0, 0x1a, 0x00, 0x00,
    0x21, 0x40, 0x00, 0x00, 0x50, 0x01, 0x00, 0x00, 0x22, 0x40, 0x00, 0x00,
    0x00, 0x1a, 0x00, 0x00, 0x02, 0x00, 0x00, 0x00, 0x00, 0x40, 0x00, 0x00,
    0xb0, 0x7f, 0x02, 0x00, 0x10, 0x40, 0x00, 0x00, 0xd0, 0x0b, 0x02, 0x00,
    0x2f, 0x01, 0x03, 0x00, 0x02, 0x00, 0x00, 0x00, 0x00, 0x40, 0x00, 0x00,
    0x70, 0x0f, 0x02, 0x00, 0x0b, 0x01, 0x02, 0x00, 0x0c, 0x01, 0x02, 0x00,
    0x01, 0x01, 0x02, 0x00, 0x02, 0x01, 0x02, 0x00, 0x10, 0x40, 0x00, 0x00,
    0x5a, 0x12, 0x00, 0x00, 0x13, 0x01, 0x00, 0x00, 0x15, 0x40, 0x00, 0x00,
    0x3a, 0x00, 0x00, 0x00, 0x14, 0x40, 0x00, 0x00, 0x01, 0x00, 0x00, 0x00,
    0x16, 0x40, 0x00, 0x00, 0x01, 0x00, 0x00, 0x00, 0x18, 0x01, 0x59, 0x00,
    0x14, 0x01, 0x01, 0x00, 0x21, 0x01, 0x02, 0x00, 0x20, 0x01, 0x04, 0x00,
    0x22, 0x01, 0x04, 0x00, 0x20, 0x40, 0x00, 0x00, 0x00, 0x1c, 0x00, 0x00,
    0x21, 0x40, 0x00, 0x00, 0x90, 0x01, 0x00, 0x00, 0x22, 0x40, 0x00, 0x00,
    0xf0, 0x1b, 0x00, 0x00, 0x23, 0x40, 0x00, 0x00, 0x10, 0x00, 0x00, 0x00,
    0x17, 0x01, 0x07, 0x00, 0x2f, 0x01, 0x01, 0x00, 0x02, 0x00, 0x00, 0x00,
    0x00, 0x40, 0x00, 0x00, 0x10, 0x13, 0x02, 0x00, 0x10, 0x40, 0x00, 0x00,
    0x94, 0x12, 0x00, 0x00, 0x2f, 0x01, 0x03, 0x00, 0x02, 0x00, 0x00, 0x00,
    0x00, 0x40, 0x00, 0x00, 0xb0, 0x16, 0x02, 0x00, 0x02, 0x40, 0x00, 0x00,
    0x30, 0x08, 0x02, 0x00, 0x0b, 0x01, 0x01, 0x00, 0x0c, 0x01, 0x01, 0x00,
    0x10, 0x40, 0x00, 0x00, 0xce, 0x12, 0x00, 0x00, 0x02, 0x00, 0x00, 0x00,
    0x00, 0x40, 0x00, 0x00, 0x50, 0x1a, 0x02, 0x00, 0x0b, 0x01, 0x00, 0x00,
    0x0c, 0x01, 0x00, 0x00, 0x10, 0x40, 0x00, 0x00, 0x08, 0x13, 0x00, 0x00,
    0x02, 0x00, 0x00, 0x00, 0x00, 0x40, 0x00, 0x00, 0x10, 0xf6, 0x01, 0x00,
    0x02, 0x40, 0x00, 0x00, 0x00, 0x00, 0x00, 0x00, 0x0b, 0x01, 0x02, 0x00,
    0x0c, 0x01, 0x02, 0x00, 0x10, 0x40, 0x00, 0x00, 0x10, 0x7c, 0x02, 0x00,
    0x13, 0x01, 0x0f, 0x00, 0x15, 0x40, 0x00, 0x00, 0xa0, 0x03, 0x00, 0x00,
    0x14, 0x40, 0x00, 0x00, 0x10, 0x00, 0x00, 0x00, 0x16, 0x40, 0x00, 0x00,
    0xa0, 0x03, 0x00, 0x00, 0x18, 0x01, 0x80, 0xff, 0x14, 0x01, 0x41, 0x00,
    0x22, 0x01, 0x00, 0x00, 0x20, 0x40, 0x00, 0x00, 0xf0, 0x18, 0x00, 0x00,
    0x21, 0x40, 0x00, 0x00, 0x10, 0x01, 0x00, 0x00, 0x22, 0x40, 0x00, 0x00,
    0x50, 0x18, 0x00, 0x00, 0x23, 0x40, 0x00, 0x00, 0xa0, 0x00, 0x00, 0x00,
    0x17, 0x01, 0x0f, 0x00, 0x03, 0x00, 0x00, 0x00, 0x00, 0x40, 0x00, 0x00,
    0xb0, 0xf9, 0x01, 0x00, 0x10, 0x40, 0x00, 0x00, 0xb0, 0x7f, 0x02, 0x00,
    0x03, 0x00, 0x00, 0x00, 0x00, 0x40, 0x00, 0x00, 0x10, 0x7c, 0x02, 0x00,
    0x0b, 0x01, 0x00, 0x00, 0x0c, 0x01, 0x00, 0x00, 0x01, 0x01, 0x00, 0x00,
    0x02, 0x01, 0x00, 0x00, 0x10, 0x40, 0x00, 0x00, 0x70, 0x0f, 0x02, 0x00,
    0x21, 0x01, 0x00, 0x00, 0x20, 0x01, 0x00, 0x00, 0x20, 0x40, 0x00, 0x00,
    0xa0, 0x1a, 0x00, 0x00, 0x21, 0x40, 0x00, 0x00, 0x50, 0x01, 0x00, 0x00,
    0x22, 0x40, 0x00, 0x00, 0x00, 0x1a, 0x00, 0x00, 0x2f, 0x01, 0x01, 0x00,
    0x02, 0x00, 0x00, 0x00, 0x00, 0x40, 0x00, 0x00, 0xb0, 0x7f, 0x02, 0x00,
    0x10, 0x40, 0x00, 0x00, 0x10, 0x13, 0x02, 0x00, 0x2f, 0x01, 0x03, 0x00,
    0x02, 0x00, 0x00, 0x00, 0x00, 0x40, 0x00, 0x00, 0x50, 0xfd, 0x01, 0x00,
    0x0b, 0x01, 0x02, 0x00, 0x0c, 0x01, 0x02, 0x00, 0x01, 0x01, 0x02, 0x00,
    0x02, 0x01, 0x02, 0x00, 0x10, 0x40, 0x00, 0x00, 0x10, 0x7c, 0x02, 0x00,
    0x21, 0x01, 0x02, 0x00, 0x20, 0x01, 0x04, 0x00, 0x20, 0x40, 0x00, 0x00,
    0xf0, 0x18, 0x00, 0x00, 0x21, 0x40, 0x00, 0x00, 0x10, 0x01, 0x00, 0x00,
    0x22, 0x40, 0x00, 0x00, 0x50, 0x18, 0x00, 0x00, 0x03, 0x00, 0x00, 0x00,
    0x00, 0x40, 0x00, 0x00, 0x30, 0xeb, 0x01, 0x00, 0x02, 0x40, 0x00, 0x00,
    0x30, 0xce, 0x01, 0x00, 0x0b, 0x01, 0x01, 0x00, 0x0c, 0x01, 0x01, 0x00,
    0x01, 0x01, 0x01, 0x00, 0x02, 0x01, 0x01, 0x00, 0x10, 0x40, 0x00, 0x00,
    0xd0, 0x74, 0x02, 0x00, 0x21, 0x01, 0x04, 0x00, 0x20, 0x01, 0x02, 0x00,
    0x20, 0x40, 0x00, 0x00, 0x50, 0x15, 0x00, 0x00, 0x22, 0x40, 0x00, 0x00,
    0xb0, 0x14, 0x00, 0x00, 0x0d, 0x01, 0x12, 0x00, 0x03, 0x00, 0x00, 0x00,
    0x00, 0x40, 0x00, 0x00, 0xd0, 0xee, 0x01, 0x00, 0x0b, 0x01, 0x00, 0x00,
    0x0c, 0x01, 0x00, 0x00, 0x10, 0x40, 0x00, 0x00, 0x70, 0x78, 0x02, 0x00,
    0x03, 0x00, 0x00, 0x00, 0x00, 0x40, 0x00, 0x00, 0xd0, 0x74, 0x02, 0x00,
    0x02, 0x40, 0x00, 0x00, 0x00, 0x00, 0x00, 0x00, 0x01, 0x01, 0x00, 0x00,
    0x02, 0x01, 0x00, 0x00, 0x10, 0x40, 0x00, 0x00, 0x70, 0xf2, 0x01, 0x00,
    0x21, 0x01, 0x00, 0x00, 0x20, 0x01, 0x00, 0x00, 0x20, 0x40, 0x00, 0x00,
    0x00, 0x17, 0x00, 0x00, 0x21, 0x40, 0x00, 0x00, 0x50, 0x01, 0x00, 0x00,
    0x22, 0x40, 0x00, 0x00, 0x60, 0x16, 0x00, 0x00, 0x0d, 0x01, 0x0a, 0x00,
    0x2f, 0x01, 0x01, 0x00, 0x02, 0x00, 0x00, 0x00, 0x00, 0x40, 0x00, 0x00,
    0x70, 0x78, 0x02, 0x00, 0x10, 0x40, 0x00, 0x00, 0x10, 0xf6, 0x01, 0x00,
    0x2f, 0x01, 0x03, 0x00, 0x02, 0x00, 0x00, 0x00, 0x00, 0x40, 0x00, 0x00,
    0x30, 0xb1, 0x01, 0x00, 0x0b, 0x01, 0x04, 0x00, 0x0c, 0x01, 0x04, 0x00,
    0x01, 0x01, 0x01, 0x00, 0x02, 0x01, 0x01, 0x00, 0x10, 0x40, 0x00, 0x00,
    0x10, 0x5f, 0x02, 0x00, 0x21, 0x01, 0x04, 0x00, 0x20, 0x01, 0x02, 0x00,
    0x20, 0x40, 0x00, 0x00, 0x70, 0x0e, 0x00, 0x00, 0x21, 0x40, 0x00, 0x00,
    0x10, 0x01, 0x00, 0x00, 0x22, 0x40, 0x00, 0x00, 0xd0, 0x0d, 0x00, 0x00,
    0x0d, 0x01, 0x12, 0x00, 0x03, 0x00, 0x00, 0x00, 0x00, 0x40, 0x00, 0x00,
    0xd0, 0xb4, 0x01, 0x00, 0x10, 0x40, 0x00, 0x00, 0xb0, 0x62, 0x02, 0x00,
    0x03, 0x00, 0x00, 0x00, 0x00, 0x40, 0x00, 0x00, 0x10, 0x5f, 0x02, 0x00,
    0x0b, 0x01, 0x00, 0x00, 0x0c, 0x01, 0x00, 0x00, 0x01, 0x01, 0x00, 0x00,
    0x02, 0x01, 0x00, 0x00, 0x10, 0x40, 0x00, 0x00, 0x50, 0x66, 0x02, 0x00,
    0x21, 0x01, 0x00, 0x00, 0x20, 0x01, 0x00, 0x00, 0x20, 0x40, 0x00, 0x00,
    0x20, 0x10, 0x00, 0x00, 0x21, 0x40, 0x00, 0x00, 0x50, 0x01, 0x00, 0x00,
    0x22, 0x40, 0x00, 0x00, 0x80, 0x0f, 0x00, 0x00, 0x0d, 0x01, 0x0a, 0x00,
    0x2f, 0x01, 0x01, 0x00, 0x02, 0x00, 0x00, 0x00, 0x00, 0x40, 0x00, 0x00,
    0xb0, 0x62, 0x02, 0x00, 0x10, 0x40, 0x00, 0x00, 0xf0, 0x69, 0x02, 0x00,
    0x2f, 0x01, 0x03, 0x00, 0x02, 0x00, 0x00, 0x00, 0x00, 0x40, 0x00, 0x00,
    0x50, 0x66, 0x02, 0x00, 0x01, 0x01, 0x04, 0x00, 0x02, 0x01, 0x04, 0x00,
    0x10, 0x40, 0x00, 0x00, 0x90, 0x6d, 0x02, 0x00, 0x20, 0x01, 0x08, 0x00,
    0x20, 0x40, 0x00, 0x00, 0x10, 0x12, 0x00, 0x00, 0x21, 0x40, 0x00, 0x00,
    0xb0, 0x00, 0x00, 0x00, 0x22, 0x40, 0x00, 0x00, 0x70, 0x11, 0x00, 0x00,
    0x2f, 0x01, 0x01, 0x00, 0x03, 0x00, 0x00, 0x00, 0x00, 0x40, 0x00, 0x00,
    0xf0, 0x69, 0x02, 0x00, 0x10, 0x40, 0x00, 0x00, 0x30, 0x71, 0x02, 0x00,
    0x2f, 0x01, 0x03, 0x00, 0x03, 0x00, 0x00, 0x00, 0x00, 0x40, 0x00, 0x00,
    0x90, 0x6d, 0x02, 0x00, 0x01, 0x01, 0x00, 0x00, 0x02, 0x01, 0x00, 0x00,
    0x10, 0x40, 0x00, 0x00, 0xb0, 0xdc, 0x01, 0x00, 0x20, 0x01, 0x00, 0x00,
    0x20, 0x40, 0x00, 0x00, 0x60, 0x13, 0x00, 0x00, 0x21, 0x40, 0x00, 0x00,
    0x50, 0x01, 0x00, 0x00, 0x22, 0x40, 0x00, 0x00, 0xc0, 0x12, 0x00, 0x00,
    0x2f, 0x01, 0x01, 0x00, 0x02, 0x00, 0x00, 0x00, 0x00, 0x40, 0x00, 0x00,
    0x30, 0x71, 0x02, 0x00, 0x10, 0x40, 0x00, 0x00, 0x50, 0xe0, 0x01, 0x00,
    0x2f, 0x01, 0x03, 0x00, 0x02, 0x00, 0x00, 0x00, 0x00, 0x40, 0x00, 0x00,
    0x70, 0xb8, 0x01, 0x00, 0x0b, 0x01, 0x04, 0x00, 0x0c, 0x01, 0x04, 0x00,
    0x01, 0x01, 0x01, 0x00, 0x02, 0x01, 0x01, 0x00, 0x10, 0x40, 0x00, 0x00,
    0x10, 0x5f, 0x02, 0x00, 0x21, 0x01, 0x04, 0x00, 0x20, 0x01, 0x02, 0x00,
    0x20, 0x40, 0x00, 0x00, 0x70, 0x0e, 0x00, 0x00, 0x21, 0x40, 0x00, 0x00,
    0x10, 0x01, 0x00, 0x00, 0x22, 0x40, 0x00, 0x00, 0xd0, 0x0d, 0x00, 0x00,
    0x0d, 0x01, 0x12, 0x00, 0x03, 0x00, 0x00, 0x00, 0x00, 0x40, 0x00, 0x00,
    0x10, 0xbc, 0x01, 0x00, 0x10, 0x40, 0x00, 0x00, 0xb0, 0x62, 0x02, 0x00,
    0x03, 0x00, 0x00, 0x00, 0x00, 0x40, 0x00, 0x00, 0x10, 0x5f, 0x02, 0x00,
    0x0b, 0x01, 0x00, 0x00, 0x0c, 0x01, 0x00, 0x00, 0x01, 0x01, 0x00, 0x00,
    0x02, 0x01, 0x00, 0x00, 0x10, 0x40, 0x00, 0x00, 0x50, 0x66, 0x02, 0x00,
    0x21, 0x01, 0x00, 0x00, 0x20, 0x01, 0x00, 0x00, 0x20, 0x40, 0x00, 0x00,
    0x20, 0x10, 0x00, 0x00, 0x21, 0x40, 0x00, 0x00, 0x50, 0x01, 0x00, 0x00,
    0x22, 0x40, 0x00, 0x00, 0x80, 0x0f, 0x00, 0x00, 0x0d, 0x01, 0x0a, 0x00,
    0x2f, 0x01, 0x01, 0x00, 0x02, 0x00, 0x00, 0x00, 0x00, 0x40, 0x00, 0x00,
    0xb0, 0x62, 0x02, 0x00, 0x10, 0x40, 0x00, 0x00, 0xf0, 0x69, 0x02, 0x00,
    0x2f, 0x01, 0x03, 0x00, 0x02, 0x00, 0x00, 0x00, 0x00, 0x40, 0x00, 0x00,
    0x50, 0x66, 0x02, 0x00, 0x01, 0x01, 0x04, 0x00, 0x02, 0x01, 0x04, 0x00,
    0x10, 0x40, 0x00, 0x00, 0x90, 0x6d, 0x02, 0x00, 0x20, 0x01, 0x08, 0x00,
    0x20, 0x40, 0x00, 0x00, 0x10, 0x12, 0x00, 0x00, 0x21, 0x40, 0x00, 0x00,
    0xb0, 0x00, 0x00, 0x00, 0x22, 0x40, 0x00, 0x00, 0x70, 0x11, 0x00, 0x00,
    0x2f, 0x01, 0x01, 0x00, 0x03, 0x00, 0x00, 0x00, 0x00, 0x40, 0x00, 0x00,
    0xf0, 0x69, 0x02, 0x00, 0x10, 0x40, 0x00, 0x00, 0x30, 0x71, 0x02, 0x00,
    0x2f, 0x01, 0x03, 0x00, 0x03, 0x00, 0x00, 0x00, 0x00, 0x40, 0x00, 0x00,
    0x90, 0x6d, 0x02, 0x00, 0x01, 0x01, 0x00, 0x00, 0x02, 0x01, 0x00, 0x00,
    0x10, 0x40, 0x00, 0x00, 0xf0, 0xe3, 0x01, 0x00, 0x20, 0x01, 0x00, 0x00,
    0x20, 0x40, 0x00, 0x00, 0x60, 0x13, 0x00, 0x00, 0x21, 0x40, 0x00, 0x00,
    0x50, 0x01, 0x00, 0x00, 0x22, 0x40, 0x00, 0x00, 0xc0, 0x12, 0x00, 0x00,
    0x2f, 0x01, 0x01, 0x00, 0x02, 0x00, 0x00, 0x00, 0x00, 0x40, 0x00, 0x00,
    0x30, 0x71, 0x02, 0x00, 0x10, 0x40, 0x00, 0x00, 0x90, 0xe7, 0x01, 0x00,
    0x2f, 0x01, 0x03, 0x00, 0x02, 0x00, 0x00, 0x00, 0x00, 0x40, 0x00, 0x00,
    0xb0, 0xa2, 0x01, 0x00, 0x02, 0x40, 0x00, 0x00, 0xb0, 0x85, 0x01, 0x00,
    0x0b, 0x01, 0x01, 0x00, 0x0c, 0x01, 0x01, 0x00, 0x01, 0x01, 0x01, 0x00,
    0x03, 0x01, 0x01, 0x00, 0x02, 0x01, 0x01, 0x00, 0x10, 0x40, 0x00, 0x00,
    0x50, 0x49, 0x02, 0x00, 0x21, 0x01, 0x04, 0x00, 0x20, 0x01, 0x02, 0x00,
    0x20, 0x40, 0x00, 0x00, 0x70, 0x07, 0x00, 0x00, 0x21, 0x40, 0x00, 0x00,
    0x10, 0x01, 0x00, 0x00, 0x22, 0x40, 0x00, 0x00, 0xd0, 0x06, 0x00, 0x00,
    0x0d, 0x01, 0x12, 0x00, 0x03, 0x00, 0x00, 0x00, 0x00, 0x40, 0x00, 0x00,
    0x50, 0xa6, 0x01, 0x00, 0x0b, 0x01, 0x00, 0x00, 0x0c, 0x01, 0x00, 0x00,
    0x03, 0x01, 0x02, 0x00, 0x10, 0x40, 0x00, 0x00, 0xf0, 0x4c, 0x02, 0x00,
    0x03, 0x00, 0x00, 0x00, 0x00, 0x40, 0x00, 0x00, 0x50, 0x49, 0x02, 0x00,
    0x02, 0x40, 0x00, 0x00, 0x00, 0x00, 0x00, 0x00, 0x01, 0x01, 0x00, 0x00,
    0x03, 0x01, 0x00, 0x00, 0x02, 0x01, 0x00, 0x00, 0x10, 0x40, 0x00, 0x00,
    0x90, 0x50, 0x02, 0x00, 0x21, 0x01, 0x00, 0x00, 0x20, 0x01, 0x00, 0x00,
    0x20, 0x40, 0x00, 0x00, 0x20, 0x09, 0x00, 0x00, 0x21, 0x40, 0x00, 0x00,
    0x50, 0x01, 0x00, 0x00, 0x22, 0x40, 0x00, 0x00, 0x80, 0x08, 0x00, 0x00,
    0x0d, 0x01, 0x0a, 0x00, 0x2f, 0x01, 0x01, 0x00, 0x02, 0x00, 0x00, 0x00,
    0x00, 0x40, 0x00, 0x00, 0xf0, 0x4c, 0x02, 0x00, 0x10, 0x40, 0x00, 0x00,
    0x30, 0x54, 0x02, 0x00, 0x2f, 0x01, 0x03, 0x00, 0x02, 0x00, 0x00, 0x00,
    0x00, 0x40, 0x00, 0x00, 0x90, 0x50, 0x02, 0x00, 0x01, 0x01, 0x04, 0x00,
    0x02, 0x01, 0x04, 0x00, 0x10, 0x40, 0x00, 0x00, 0xd0, 0x57, 0x02, 0x00,
    0x20, 0x01, 0x08, 0x00, 0x20, 0x40, 0x00, 0x00, 0x10, 0x0b, 0x00, 0x00,
    0x21, 0x40, 0x00, 0x00, 0xd0, 0x00, 0x00, 0x00, 0x22, 0x40, 0x00, 0x00,
    0x70, 0x0a, 0x00, 0x00, 0x2f, 0x01, 0x01, 0x00, 0x03, 0x00, 0x00, 0x00,
    0x00, 0x40, 0x00, 0x00, 0x30, 0x54, 0x02, 0x00, 0x10, 0x40, 0x00, 0x00,
    0x70, 0x5b, 0x02, 0x00, 0x2f, 0x01, 0x03, 0x00, 0x03, 0x00, 0x00, 0x00,
    0x00, 0x40, 0x00, 0x00, 0xd0, 0x57, 0x02, 0x00, 0x01, 0x01, 0x00, 0x00,
    0x02, 0x01, 0x00, 0x00, 0x10, 0x40, 0x00, 0x00, 0xf0, 0xa9, 0x01, 0x00,
    0x20, 0x01, 0x00, 0x00, 0x20, 0x40, 0x00, 0x00, 0x80, 0x0c, 0x00, 0x00,
    0x21, 0x40, 0x00, 0x00, 0x50, 0x01, 0x00, 0x00, 0x22, 0x40, 0x00, 0x00,
    0xe0, 0x0b, 0x00, 0x00, 0x2f, 0x01, 0x01, 0x00, 0x02, 0x00, 0x00, 0x00,
    0x00, 0x40, 0x00, 0x00, 0x70, 0x5b, 0x02, 0x00, 0x10, 0x40, 0x00, 0x00,
    0x90, 0xad, 0x01, 0x00, 0x2f, 0x01, 0x03, 0x00, 0x02, 0x00, 0x00, 0x00,
    0x00, 0x40, 0x00, 0x00, 0xb0, 0xbf, 0x01, 0x00, 0x02, 0x40, 0x00, 0x00,
    0xf0, 0xa9, 0x01, 0x00, 0x0b, 0x01, 0x03, 0x00, 0x0c, 0x01, 0x03, 0x00,
    0x01, 0x01, 0x01, 0x00, 0x02, 0x01, 0x01, 0x00, 0x10, 0x40, 0x00, 0x00,
    0x10, 0x5f, 0x02, 0x00, 0x21, 0x01, 0x04, 0x00, 0x20, 0x01, 0x02, 0x00,
    0x20, 0x40, 0x00, 0x00, 0x70, 0x0e, 0x00, 0x00, 0x21, 0x40, 0x00, 0x00,
    0x10, 0x01, 0x00, 0x00, 0x22, 0x40, 0x00, 0x00, 0xd0, 0x0d, 0x00, 0x00,
    0x0d, 0x01, 0x12, 0x00, 0x2f, 0x01, 0x01, 0x00, 0x03, 0x00, 0x00, 0x00,
    0x00, 0x40, 0x00, 0x00, 0x50, 0xc3, 0x01, 0x00, 0x0b, 0x01, 0x02, 0x00,
    0x0c, 0x01, 0x02, 0x00, 0x10, 0x40, 0x00, 0x00, 0xb0, 0x62, 0x02, 0x00,
    0x2f, 0x01, 0x03, 0x00, 0x03, 0x00, 0x00, 0x00, 0x00, 0x40, 0x00, 0x00,
    0x10, 0x5f, 0x02, 0x00, 0x02, 0x40, 0x00, 0x00, 0x00, 0x00, 0x00, 0x00,
    0x0b, 0x01, 0x00, 0x00, 0x0c, 0x01, 0x00, 0x00, 0x01, 0x01, 0x00, 0x00,
    0x02, 0x01, 0x00, 0x00, 0x10, 0x40, 0x00, 0x00, 0x50, 0x66, 0x02, 0x00,
    0x21, 0x01, 0x00, 0x00, 0x20, 0x01, 0x00, 0x00, 0x20, 0x40, 0x00, 0x00,
    0x20, 0x10, 0x00, 0x00, 0x21, 0x40, 0x00, 0x00, 0x50, 0x01, 0x00, 0x00,
    0x22, 0x40, 0x00, 0x00, 0x80, 0x0f, 0x00, 0x00, 0x0d, 0x01, 0x0a, 0x00,
    0x2f, 0x01, 0x01, 0x00, 0x02, 0x00, 0x00, 0x00, 0x00, 0x40, 0x00, 0x00,
    0xb0, 0x62, 0x02, 0x00, 0x10, 0x40, 0x00, 0x00, 0xf0, 0x69, 0x02, 0x00,
    0x2f, 0x01, 0x03, 0x00, 0x02, 0x00, 0x00, 0x00, 0x00, 0x40, 0x00, 0x00,
    0x50, 0x66, 0x02, 0x00, 0x01, 0x01, 0x04, 0x00, 0x02, 0x01, 0x04, 0x00,
    0x10, 0x40, 0x00, 0x00, 0x90, 0x6d, 0x02, 0x00, 0x20, 0x01, 0x08, 0x00,
    0x20, 0x40, 0x00, 0x00, 0x10, 0x12, 0x00, 0x00, 0x21, 0x40, 0x00, 0x00,
    0xb0, 0x00, 0x00, 0x00, 0x22, 0x40, 0x00, 0x00, 0x70, 0x11, 0x00, 0x00,
    0x2f, 0x01, 0x01, 0x00, 0x03, 0x00, 0x00, 0x00, 0x00, 0x40, 0x00, 0x00,
    0xf0, 0x69, 0x02, 0x00, 0x10, 0x40, 0x00, 0x00, 0x30, 0x71, 0x02, 0x00,
    0x2f, 0x01, 0x03, 0x00, 0x03, 0x00, 0x00, 0x00, 0x00, 0x40, 0x00, 0x00,
    0x90, 0x6d, 0x02, 0x00, 0x01, 0x01, 0x00, 0x00, 0x02, 0x01, 0x00, 0x00,
    0x10, 0x40, 0x00, 0x00, 0x30, 0xeb, 0x01, 0x00, 0x20, 0x01, 0x00, 0x00,
    0x20, 0x40, 0x00, 0x00, 0x60, 0x13, 0x00, 0x00, 0x21, 0x40, 0x00, 0x00,
    0x50, 0x01, 0x00, 0x00, 0x22, 0x40, 0x00, 0x00, 0xc0, 0x12, 0x00, 0x00,
    0x2f, 0x01, 0x01, 0x00, 0x02, 0x00, 0x00, 0x00, 0x00, 0x40, 0x00, 0x00,
    0x30, 0x71, 0x02, 0x00, 0x10, 0x40, 0x00, 0x00, 0xd0, 0xee, 0x01, 0x00,
    0x2f, 0x01, 0x03, 0x00, 0x02, 0x00, 0x00, 0x00, 0x00, 0x40, 0x00, 0x00,
    0x30, 0xce, 0x01, 0x00, 0x0b, 0x01, 0x04, 0x00, 0x0c, 0x01, 0x04, 0x00,
    0x01, 0x01, 0x01, 0x00, 0x02, 0x01, 0x01, 0x00, 0x10, 0x40, 0x00, 0x00,
    0xd0, 0x74, 0x02, 0x00, 0x21, 0x01, 0x04, 0x00, 0x20, 0x01, 0x02, 0x00,
    0x20, 0x40, 0x00, 0x00, 0x50, 0x15, 0x00, 0x00, 0x21, 0x40, 0x00, 0x00,
    0x10, 0x01, 0x00, 0x00, 0x22, 0x40, 0x00, 0x00, 0xb0, 0x14, 0x00, 0x00,
    0x0d, 0x01, 0x12, 0x00, 0x2f, 0x01, 0x01, 0x00, 0x03, 0x00, 0x00, 0x00,
    0x00, 0x40, 0x00, 0x00, 0xd0, 0xd1, 0x01, 0x00, 0x10, 0x40, 0x00, 0x00,
    0x70, 0x78, 0x02, 0x00, 0x2f, 0x01, 0x03, 0x00, 0x03, 0x00, 0x00, 0x00,
    0x00, 0x40, 0x00, 0x00, 0xd0, 0x74, 0x02, 0x00, 0x0b, 0x01, 0x00, 0x00,
    0x0c, 0x01, 0x00, 0x00, 0x01, 0x01, 0x00, 0x00, 0x02, 0x01, 0x00, 0x00,
    0x10, 0x40, 0x00, 0x00, 0xb0, 0xf9, 0x01, 0x00, 0x21, 0x01, 0x00, 0x00,
    0x20, 0x01, 0x00, 0x00, 0x20, 0x40, 0x00, 0x00, 0x00, 0x17, 0x00, 0x00,
    0x21, 0x40, 0x00, 0x00, 0x50, 0x01, 0x00, 0x00, 0x22, 0x40, 0x00, 0x00,
    0x60, 0x16, 0x00, 0x00, 0x0d, 0x01, 0x0a, 0x00, 0x2f, 0x01, 0x01, 0x00,
    0x02, 0x00, 0x00, 0x00, 0x00, 0x40, 0x00, 0x00, 0x70, 0x78, 0x02, 0x00,
    0x10, 0x40, 0x00, 0x00, 0x50, 0xfd, 0x01, 0x00, 0x2f, 0x01, 0x03, 0x00,
    0x02, 0x00, 0x00, 0x00, 0x00, 0x40, 0x00, 0x00, 0xf0, 0x00, 0x02, 0x00,
    0x02, 0x40, 0x00, 0x00, 0x70, 0xf2, 0x01, 0x00, 0x0b, 0x01, 0x01, 0x00,
    0x0c, 0x01, 0x01, 0x00, 0x01, 0x01, 0x02, 0x00, 0x02, 0x01, 0x02, 0x00,
    0x10, 0x40, 0x00, 0x00, 0xb0, 0x7f, 0x02, 0x00, 0x21, 0x01, 0x02, 0x00,
    0x20, 0x01, 0x04, 0x00, 0x20, 0x40, 0x00, 0x00, 0xf0, 0x18, 0x00, 0x00,
    0x21, 0x40, 0x00, 0x00, 0x10, 0x01, 0x00, 0x00, 0x22, 0x40, 0x00, 0x00,
    0x50, 0x18, 0x00, 0x00, 0x2f, 0x01, 0x01, 0x00, 0x03, 0x00, 0x00, 0x00,
    0x00, 0x40, 0x00, 0x00, 0x10, 0x7c, 0x02, 0x00, 0x02, 0x40, 0x00, 0x00,
    0x00, 0x00, 0x00, 0x00, 0x0b, 0x01, 0x00, 0x00, 0x0c, 0x01, 0x00, 0x00,
    0x01, 0x01, 0x00, 0x00, 0x02, 0x01, 0x00, 0x00, 0x10, 0x40, 0x00, 0x00,
    0xb0, 0x16, 0x02, 0x00, 0x21, 0x01, 0x00, 0x00, 0x20, 0x01, 0x00, 0x00,
    0x20, 0x40, 0x00, 0x00, 0xa0, 0x1a, 0x00, 0x00, 0x21, 0x40, 0x00, 0x00,
    0x50, 0x01, 0x00, 0x00, 0x22, 0x40, 0x00, 0x00, 0x00, 0x1a, 0x00, 0x00,
    0x02, 0x00, 0x00, 0x00, 0x00, 0x40, 0x00, 0x00, 0xb0, 0x7f, 0x02, 0x00,
    0x10, 0x40, 0x00, 0x00, 0x50, 0x1a, 0x02, 0x00, 0x2f, 0x01, 0x03, 0x00,
    0x02, 0x00, 0x00, 0x00, 0x00, 0x40, 0x00, 0x00, 0x30, 0x08, 0x02, 0x00,
    0x0b, 0x01, 0x02, 0x00, 0x0c, 0x01, 0x02, 0x00, 0x01, 0x01, 0x02, 0x00,
    0x02, 0x01, 0x02, 0x00, 0x10, 0x40, 0x00, 0x00, 0x42, 0x13, 0x00, 0x00,
    0x13, 0x01, 0x00, 0x00, 0x15, 0x40, 0x00, 0x00, 0x3a, 0x00, 0x00, 0x00,
    0x14, 0x40, 0x00, 0x00, 0x01, 0x00, 0x00, 0x00, 0x16, 0x40, 0x00, 0x00,
    0x01, 0x00, 0x00, 0x00, 0x18, 0x01, 0x59, 0x00, 0x14, 0x01, 0x01, 0x00,
    0x21, 0x01, 0x02, 0x00, 0x20, 0x01, 0x04, 0x00, 0x22, 0x01, 0x04, 0x00,
    0x20, 0x40, 0x00, 0x00, 0x00, 0x1c, 0x00, 0x00, 0x21, 0x40, 0x00, 0x00,
    0x90, 0x01, 0x00, 0x00, 0x22, 0x40, 0x00, 0x00, 0xf0, 0x1b, 0x00, 0x00,
    0x23, 0x40, 0x00, 0x00, 0x10, 0x00, 0x00, 0x00, 0x17, 0x01, 0x07, 0x00,
    0x2f, 0x01, 0x01, 0x00, 0x02, 0x00, 0x00, 0x00, 0x00, 0x40, 0x00, 0x00,
    0xd0, 0x0b, 0x02, 0x00, 0x10, 0x40, 0x00, 0x00, 0x7c, 0x13, 0x00, 0x00,
    0x2f, 0x01, 0x03, 0x00, 0x02, 0x00, 0x00, 0x00, 0x00, 0x40, 0x00, 0x00,
    0x70, 0x0f, 0x02, 0x00, 0x10, 0x40, 0x00, 0x00, 0xb6, 0x13, 0x00, 0x00,
    0x02, 0x00, 0x00, 0x00, 0x00, 0x40, 0x00, 0x00, 0x10, 0x13, 0x02, 0x00,
    0x10, 0x40, 0x00, 0x00, 0xf0, 0x13, 0x00, 0x00, 0x02, 0x00, 0x00, 0x00,
    0x00, 0x40, 0x00, 0x00, 0x90, 0x04, 0x02, 0x00, 0x02, 0x40, 0x00, 0x00,
    0x70, 0xf2, 0x01, 0x00, 0x0b, 0x01, 0x00, 0x00, 0x0c, 0x01, 0x00, 0x00,
    0x10, 0x40, 0x00, 0x00, 0x10, 0x7c, 0x02, 0x00, 0x13, 0x01, 0x0f, 0x00,
    0x15, 0x40, 0x00, 0x00, 0xa0, 0x03, 0x00, 0x00, 0x14, 0x40, 0x00, 0x00,
    0x10, 0x00, 0x00, 0x00, 0x16, 0x40, 0x00, 0x00, 0xa0, 0x03, 0x00, 0x00,
    0x18, 0x01, 0x80, 0xff, 0x14, 0x01, 0x41, 0x00, 0x22, 0x01, 0x00, 0x00,
    0x20, 0x40, 0x00, 0x00, 0xf0, 0x18, 0x00, 0x00, 0x21, 0x40, 0x00, 0x00,
    0x10, 0x01, 0x00, 0x00, 0x22, 0x40, 0x00, 0x00, 0x50, 0x18, 0x00, 0x00,
    0x23, 0x40, 0x00, 0x00, 0xa0, 0x00, 0x00, 0x00, 0x17, 0x01, 0x0f, 0x00,
    0x03, 0x00, 0x00, 0x00, 0x00, 0x40, 0x00, 0x00, 0x70, 0xf2, 0x01, 0x00,
    0x02, 0x40, 0x00, 0x00, 0x00, 0x00, 0x00, 0x00, 0x0b, 0x01, 0x02, 0x00,
    0x0c, 0x01, 0x02, 0x00, 0x10, 0x40, 0x00, 0x00, 0xb0, 0x7f, 0x02, 0x00,
    0x03, 0x00, 0x00, 0x00, 0x00, 0x40, 0x00, 0x00, 0x10, 0x7c, 0x02, 0x00,
    0x0b, 0x01, 0x00, 0x00, 0x0c, 0x01, 0x00, 0x00, 0x01, 0x01, 0x00, 0x00,
    0x02, 0x01, 0x00, 0x00, 0x10, 0x40, 0x00, 0x00, 0x30, 0x08, 0x02, 0x00,
    0x21, 0x01, 0x00, 0x00, 0x20, 0x01, 0x00, 0x00, 0x20, 0x40, 0x00, 0x00,
    0xa0, 0x1a, 0x00, 0x00, 0x21, 0x40, 0x00, 0x00, 0x50, 0x01, 0x00, 0x00,
    0x22, 0x40, 0x00, 0x00, 0x00, 0x1a, 0x00, 0x00, 0x2f, 0x01, 0x01, 0x00,
    0x02, 0x00, 0x00, 0x00, 0x00, 0x40, 0x00, 0x00, 0xb0, 0x7f, 0x02, 0x00,
    0x10, 0x40, 0x00, 0x00, 0xd0, 0x0b, 0x02, 0x00, 0x2f, 0x01, 0x03, 0x00,
    0x02, 0x00, 0x00, 0x00, 0x00, 0x40, 0x00, 0x00, 0x10, 0xf6, 0x01, 0x00,
    0x0b, 0x01, 0x02, 0x00, 0x0c, 0x01, 0x02, 0x00, 0x01, 0x01, 0x02, 0x00,
    0x02, 0x01, 0x02, 0x00, 0x10, 0x40, 0x00, 0x00, 0x10, 0x7c, 0x02, 0x00,
    0x21, 0x01, 0x02, 0x00, 0x20, 0x01, 0x04, 0x00, 0x20, 0x40, 0x00, 0x00,
    0xf0, 0x18, 0x00, 0x00, 0x21, 0x40, 0x00, 0x00, 0x10, 0x01, 0x00, 0x00,
    0x22, 0x40, 0x00, 0x00, 0x50, 0x18, 0x00, 0x00, 0x03, 0x00, 0x00, 0x00,
    0x00, 0x40, 0x00, 0x00, 0x70, 0xd5, 0x01, 0x00, 0x0b, 0x01, 0x04, 0x00,
    0x0c, 0x01, 0x04, 0x00, 0x01, 0x01, 0x01, 0x00, 0x02, 0x01, 0x01, 0x00,
    0x10, 0x40, 0x00, 0x00, 0xd0, 0x74, 0x02, 0x00, 0x21, 0x01, 0x04, 0x00,
    0x20, 0x01, 0x02, 0x00, 0x20, 0x40, 0x00, 0x00, 0x50, 0x15, 0x00, 0x00,
    0x22, 0x40, 0x00, 0x00, 0xb0, 0x14, 0x00, 0x00, 0x0d, 0x01, 0x12, 0x00,
    0x03, 0x00, 0x00, 0x00, 0x00, 0x40, 0x00, 0x00, 0x10, 0xd9, 0x01, 0x00,
    0x10, 0x40, 0x00, 0x00, 0x70, 0x78, 0x02, 0x00, 0x03, 0x00, 0x00, 0x00,
    0x00, 0x40, 0x00, 0x00, 0xd0, 0x74, 0x02, 0x00, 0x0b, 0x01, 0x00, 0x00,
    0x0c, 0x01, 0x00, 0x00, 0x01, 0x01, 0x00, 0x00, 0x02, 0x01, 0x00, 0x00,
    0x10, 0x40, 0x00, 0x00, 0xf0, 0x00, 0x02, 0x00, 0x21, 0x01, 0x00, 0x00,
    0x20, 0x01, 0x00, 0x00, 0x20, 0x40, 0x00, 0x00, 0x00, 0x17, 0x00, 0x00,
    0x21, 0x40, 0x00, 0x00, 0x50, 0x01, 0x00, 0x00, 0x22, 0x40, 0x00, 0x00,
    0x60, 0x16, 0x00, 0x00, 0x0d, 0x01, 0x0a, 0x00, 0x2f, 0x01, 0x01, 0x00,
    0x02, 0x00, 0x00, 0x00, 0x00, 0x40, 0x00, 0x00, 0x70, 0x78, 0x02, 0x00,
    0x10, 0x40, 0x00, 0x00, 0x90, 0x04, 0x02, 0x00, 0x2f, 0x01, 0x03, 0x00,
    0x02, 0x00, 0x00, 0x00, 0x00, 0x40, 0x00, 0x00, 0xb0, 0xdc, 0x01, 0x00,
    0x0b, 0x01, 0x04, 0x00, 0x0c, 0x01, 0x04, 0x00, 0x01, 0x01, 0x01, 0x00,
    0x02, 0x01, 0x01, 0x00, 0x10, 0x40, 0x00, 0x00, 0xd0, 0x74, 0x02, 0x00,
    0x21, 0x01, 0x04, 0x00, 0x20, 0x01, 0x02, 0x00, 0x20, 0x40, 0x00, 0x00,
    0x50, 0x15, 0x00, 0x00, 0x21, 0x40, 0x00, 0x00, 0x10, 0x01, 0x00, 0x00,
    0x22, 0x40, 0x00, 0x00, 0xb0, 0x14, 0x00, 0x00, 0x0d, 0x01, 0x12, 0x00,
    0x03, 0x00, 0x00, 0x00, 0x00, 0x40, 0x00, 0x00, 0x50, 0xe0, 0x01, 0x00,
    0x10, 0x40, 0x00, 0x00, 0x70, 0x78, 0x02, 0x00, 0x03, 0x00, 0x00, 0x00,
    0x00, 0x40, 0x00, 0x00, 0xd0, 0x74, 0x02, 0x00, 0x0b, 0x01, 0x00, 0x00,
    0x0c, 0x01, 0x00, 0x00, 0x01, 0x01, 0x00, 0x00, 0x02, 0x01, 0x00, 0x00,
    0x10, 0x40, 0x00, 0x00, 0x70, 0xf2, 0x01, 0x00, 0x21, 0x01, 0x00, 0x00,
    0x20, 0x01, 0x00, 0x00, 0x20, 0x40, 0x00, 0x00, 0x00, 0x17, 0x00, 0x00,
    0x21, 0x40, 0x00, 0x00, 0x50, 0x01, 0x00, 0x00, 0x22, 0x40, 0x00, 0x00,
    0x60, 0x16, 0x00, 0x00, 0x0d, 0x01, 0x0a, 0x00, 0x2f, 0x01, 0x01, 0x00,
    0x02, 0x00, 0x00, 0x00, 0x00, 0x40, 0x00, 0x00, 0x70, 0x78, 0x02, 0x00,
    0x10, 0x40, 0x00, 0x00, 0x10, 0xf6, 0x01, 0x00, 0x2f, 0x01, 0x03, 0x00,
    0x02, 0x00, 0x00, 0x00, 0x00, 0x40, 0x00, 0x00, 0xb0, 0xf9, 0x01, 0x00,
    0x0b, 0x01, 0x02, 0x00, 0x0c, 0x01, 0x02, 0x00, 0x01, 0x01, 0x02, 0x00,
    0x02, 0x01, 0x02, 0x00, 0x10, 0x40, 0x00, 0x00, 0xb0, 0x7f, 0x02, 0x00,
    0x21, 0x01, 0x02, 0x00, 0x20, 0x01, 0x04, 0x00, 0x20, 0x40, 0x00, 0x00,
    0xf0, 0x18, 0x00, 0x00, 0x21, 0x40, 0x00, 0x00, 0x10, 0x01, 0x00, 0x00,
    0x22, 0x40, 0x00, 0x00, 0x50, 0x18, 0x00, 0x00, 0x2f, 0x01, 0x01, 0x00,
    0x03, 0x00, 0x00, 0x00, 0x00, 0x40, 0x00, 0x00, 0x10, 0x7c, 0x02, 0x00,
    0x0b, 0x01, 0x00, 0x00, 0x0c, 0x01, 0x00, 0x00, 0x01, 0x01, 0x00, 0x00,
    0x02, 0x01, 0x00, 0x00, 0x10, 0x40, 0x00, 0x00, 0x70, 0x0f, 0x02, 0x00,
    0x21, 0x01, 0x00, 0x00, 0x20, 0x01, 0x00, 0x00, 0x20, 0x40, 0x00, 0x00,
    0xa0, 0x1a, 0x00, 0x00, 0x21, 0x40, 0x00, 0x00, 0x50, 0x01, 0x00, 0x00,
    0x22, 0x40, 0x00, 0x00, 0x00, 0x1a, 0x00, 0x00, 0x02, 0x00, 0x00, 0x00,
    0x00, 0x40, 0x00, 0x00, 0xb0, 0x7f, 0x02, 0x00, 0x10, 0x40, 0x00, 0x00,
    0x10, 0x13, 0x02, 0x00, 0x2f, 0x01, 0x03, 0x00, 0x02, 0x00, 0x00, 0x00,
    0x00, 0x40, 0x00, 0x00, 0xb0, 0x16, 0x02, 0x00, 0x02, 0x40, 0x00, 0x00,
    0x30, 0x08, 0x02, 0x00, 0x0b, 0x01, 0x01, 0x00, 0x0c, 0x01, 0x01, 0x00,
    0x01, 0x01, 0x02, 0x00, 0x02, 0x01, 0x02, 0x00, 0x10, 0x40, 0x00, 0x00,
    0x2a, 0x14, 0x00, 0x00, 0x13, 0x01, 0x00, 0x00, 0x15, 0x40, 0x00, 0x00,
    0x3a, 0x00, 0x00, 0x00, 0x14, 0x40, 0x00, 0x00, 0x01, 0x00, 0x00, 0x00,
    0x16, 0x40, 0x00, 0x00, 0x01, 0x00, 0x00, 0x00, 0x18, 0x01, 0x59, 0x00,
    0x14, 0x01, 0x01, 0x00, 0x21, 0x01, 0x02, 0x00, 0x20, 0x01, 0x04, 0x00,
    0x22, 0x01, 0x04, 0x00, 0x20, 0x40, 0x00, 0x00, 0x00, 0x1c, 0x00, 0x00,
    0x21, 0x40, 0x00, 0x00, 0x90, 0x01, 0x00, 0x00, 0x22, 0x40, 0x00, 0x00,
    0xf0, 0x1b, 0x00, 0x00, 0x23, 0x40, 0x00, 0x00, 0x10, 0x00, 0x00, 0x00,
    0x17, 0x01, 0x07, 0x00, 0x2f, 0x01, 0x01, 0x00, 0x02, 0x00, 0x00, 0x00,
    0x00, 0x40, 0x00, 0x00, 0x50, 0x1a, 0x02, 0x00, 0x0b, 0x01, 0x00, 0x00,
    0x0c, 0x01, 0x00, 0x00, 0x10, 0x40, 0x00, 0x00, 0x64, 0x14, 0x00, 0x00,
    0x2f, 0x01, 0x03, 0x00, 0x02, 0x00, 0x00, 0x00, 0x00, 0x40, 0x00, 0x00,
    0x30, 0x08, 0x02, 0x00, 0x02, 0x40, 0x00, 0x00, 0x00, 0x00, 0x00, 0x00,
    0x0b, 0x01, 0x02, 0x00, 0x0c, 0x01, 0x02, 0x00, 0x10, 0x40, 0x00, 0x00,
    0x9e, 0x14, 0x00, 0x00, 0x02, 0x00, 0x00, 0x00, 0x00, 0x40, 0x00, 0x00,
    0xd0, 0x0b, 0x02, 0x00, 0x10, 0x40, 0x00, 0x00, 0xd8, 0x14, 0x00, 0x00,
    0x02, 0x00, 0x00, 0x00, 0x00, 0x40, 0x00, 0x00, 0x50, 0xfd, 0x01, 0x00,
    0x10, 0x40, 0x00, 0x00, 0x10, 0x7c, 0x02, 0x00, 0x13, 0x01, 0x0f, 0x00,
    0x15, 0x40, 0x00, 0x00, 0xa0, 0x03, 0x00, 0x00, 0x14, 0x40, 0x00, 0x00,
    0x10, 0x00, 0x00, 0x00, 0x16, 0x40, 0x00, 0x00, 0xa0, 0x03, 0x00, 0x00,
    0x18, 0x01, 0x80, 0xff, 0x14, 0x01, 0x41, 0x00, 0x22, 0x01, 0x00, 0x00,
    0x20, 0x40, 0x00, 0x00, 0xf0, 0x18, 0x00, 0x00, 0x21, 0x40, 0x00, 0x00,
    0x10, 0x01, 0x00, 0x00, 0x22, 0x40, 0x00, 0x00, 0x50, 0x18, 0x00, 0x00,
    0x23, 0x40, 0x00, 0x00, 0xa0, 0x00, 0x00, 0x00, 0x17, 0x01, 0x0f, 0x00,
    0x03, 0x00, 0x00, 0x00, 0x00, 0x40, 0x00, 0x00, 0xf0, 0x00, 0x02, 0x00,
    0x02, 0x40, 0x00, 0x00, 0x70, 0xf2, 0x01, 0x00, 0x0b, 0x01, 0x01, 0x00,
    0x0c, 0x01, 0x01, 0x00, 0x10, 0x40, 0x00, 0x00, 0xb0, 0x7f, 0x02, 0x00,
    0x03, 0x00, 0x00, 0x00, 0x00, 0x40, 0x00, 0x00, 0x10, 0x7c, 0x02, 0x00,
    0x02, 0x40, 0x00, 0x00, 0x00, 0x00, 0x00, 0x00, 0x0b, 0x01, 0x00, 0x00,
    0x0c, 0x01, 0x00, 0x00, 0x01, 0x01, 0x00, 0x00, 0x02, 0x01, 0x00, 0x00,
    0x10, 0x40, 0x00, 0x00, 0xb0, 0x16, 0x02, 0x00, 0x21, 0x01, 0x00, 0x00,
    0x20, 0x01, 0x00, 0x00, 0x20, 0x40, 0x00, 0x00, 0xa0, 0x1a, 0x00, 0x00,
    0x21, 0x40, 0x00, 0x00, 0x50, 0x01, 0x00, 0x00, 0x22, 0x40, 0x00, 0x00,
    0x00, 0x1a, 0x00, 0x00, 0x2f, 0x01, 0x01, 0x00, 0x02, 0x00, 0x00, 0x00,
    0x00, 0x40, 0x00, 0x00, 0xb0, 0x7f, 0x02, 0x00, 0x10, 0x40, 0x00, 0x00,
    0x50, 0x1a, 0x02, 0x00, 0x2f, 0x01, 0x03, 0x00, 0x02, 0x00, 0x00, 0x00,
    0x00, 0x40, 0x00, 0x00, 0x90, 0x04, 0x02, 0x00, 0x02, 0x40, 0x00, 0x00,
    0x70, 0xf2, 0x01, 0x00, 0x01, 0x01, 0x02, 0x00, 0x02, 0x01, 0x02, 0x00,
    0x10, 0x40, 0x00, 0x00, 0x10, 0x7c, 0x02, 0x00, 0x21, 0x01, 0x02, 0x00,
    0x20, 0x01, 0x04, 0x00, 0x20, 0x40, 0x00, 0x00, 0xf0, 0x18, 0x00, 0x00,
    0x21, 0x40, 0x00, 0x00, 0x10, 0x01, 0x00, 0x00, 0x22, 0x40, 0x00, 0x00,
    0x50, 0x18, 0x00, 0x00, 0x03, 0x00, 0x00, 0x00, 0x00, 0x40, 0x00, 0x00,
    0xf0, 0xc6, 0x01, 0x00, 0x02, 0x40, 0x00, 0x00, 0xf0, 0xa9, 0x01, 0x00,
    0x0b, 0x01, 0x01, 0x00, 0x0c, 0x01, 0x01, 0x00, 0x01, 0x01, 0x01, 0x00,
    0x03, 0x01, 0x01, 0x00, 0x02, 0x01, 0x01, 0x00, 0x10, 0x40, 0x00, 0x00,
    0x10, 0x5f, 0x02, 0x00, 0x21, 0x01, 0x04, 0x00, 0x20, 0x01, 0x02, 0x00,
    0x20, 0x40, 0x00, 0x00, 0x70, 0x0e, 0x00, 0x00, 0x22, 0x40, 0x00, 0x00,
    0xd0, 0x0d, 0x00, 0x00, 0x0d, 0x01, 0x12, 0x00, 0x03, 0x00, 0x00, 0x00,
    0x00, 0x40, 0x00, 0x00, 0x90, 0xca, 0x01, 0x00, 0x0b, 0x01, 0x00, 0x00,
    0x0c, 0x01, 0x00, 0x00, 0x03, 0x01, 0x02, 0x00, 0x10, 0x40, 0x00, 0x00,
    0xb0, 0x62, 0x02, 0x00, 0x03, 0x00, 0x00, 0x00, 0x00, 0x40, 0x00, 0x00,
    0x10, 0x5f, 0x02, 0x00, 0x02, 0x40, 0x00, 0x00, 0x00, 0x00, 0x00, 0x00,
    0x01, 0x01, 0x00, 0x00, 0x03, 0x01, 0x00, 0x00, 0x02, 0x01, 0x00, 0x00,
    0x10, 0x40, 0x00, 0x00, 0x50, 0x66, 0x02, 0x00, 0x21, 0x01, 0x00, 0x00,
    0x20, 0x01, 0x00, 0x00, 0x20, 0x40, 0x00, 0x00, 0x20, 0x10, 0x00, 0x00,
    0x21, 0x40, 0x00, 0x00, 0x50, 0x01, 0x00, 0x00, 0x22, 0x40, 0x00, 0x00,
    0x80, 0x0f, 0x00, 0x00, 0x0d, 0x01, 0x0a, 0x00, 0x2f, 0x01, 0x01, 0x00,
    0x02, 0x00, 0x00, 0x00, 0x00, 0x40, 0x00, 0x00, 0xb0, 0x62, 0x02, 0x00,
    0x10, 0x40, 0x00, 0x00, 0xf0, 0x69, 0x02, 0x00, 0x2f, 0x01, 0x03, 0x00,
    0x02, 0x00, 0x00, 0x00, 0x00, 0x40, 0x00, 0x00, 0x50, 0x66, 0x02, 0x00,
    0x01, 0x01, 0x04, 0x00, 0x02, 0x01, 0x04, 0x00, 0x10, 0x40, 0x00, 0x00,
    0x90, 0x6d, 0x02, 0x00, 0x20, 0x01, 0x08, 0x00, 0x20, 0x40, 0x00, 0x00,
    0x10, 0x12, 0x00, 0x00, 0x21, 0x40, 0x00, 0x00, 0xb0, 0x00, 0x00, 0x00,
    0x22, 0x40, 0x00, 0x00, 0x70, 0x11, 0x00, 0x00, 0x2f, 0x01, 0x01, 0x00,
    0x03, 0x00, 0x00, 0x00, 0x00, 0x40, 0x00, 0x00, 0xf0, 0x69, 0x02, 0x00,
    0x10, 0x40, 0x00, 0x00, 0x30, 0x71, 0x02, 0x00, 0x2f, 0x01, 0x03, 0x00,
    0x03, 0x00, 0x00, 0x00, 0x00, 0x40, 0x00, 0x00, 0x90, 0x6d, 0x02, 0x00,
    0x01, 0x01, 0x00, 0x00, 0x02, 0x01, 0x00, 0x00, 0x10, 0x40, 0x00, 0x00,
    0x30, 0xce, 0x01, 0x00, 0x20, 0x01, 0x00, 0x00, 0x20, 0x40, 0x00, 0x00,
    0x60, 0x13, 0x00, 0x00, 0x21, 0x40, 0x00, 0x00, 0x50, 0x01, 0x00, 0x00,
    0x22, 0x40, 0x00, 0x00, 0xc0, 0x12, 0x00, 0x00, 0x2f, 0x01, 0x01, 0x00,
    0x02, 0x00, 0x00, 0x00, 0x00, 0x40, 0x00, 0x00, 0x30, 0x71, 0x02, 0x00,
    0x10, 0x40, 0x00, 0x00, 0xd0, 0xd1, 0x01, 0x00, 0x2f, 0x01, 0x03, 0x00,
    0x02, 0x00, 0x00, 0x00, 0x00, 0x40, 0x00, 0x00, 0xf0, 0xe3, 0x01, 0x00,
    0x02, 0x40, 0x00, 0x00, 0x30, 0xce, 0x01, 0x00, 0x0b, 0x01, 0x03, 0x00,
    0x0c, 0x01, 0x03, 0x00, 0x01, 0x01, 0x01, 0x00, 0x02, 0x01, 0x01, 0x00,
    0x10, 0x40, 0x00, 0x00, 0xd0, 0x74, 0x02, 0x00, 0x21, 0x01, 0x04, 0x00,
    0x20, 0x01, 0x02, 0x00, 0x20, 0x40, 0x00, 0x00, 0x50, 0x15, 0x00, 0x00,
    0x21, 0x40, 0x00, 0x00, 0x10, 0x01, 0x00, 0x00, 0x22, 0x40, 0x00, 0x00,
    0xb0, 0x14, 0x00, 0x00, 0x0d, 0x01, 0x12, 0x00, 0x2f, 0x01, 0x01, 0x00,
    0x03, 0x00, 0x00, 0x00, 0x00, 0x40, 0x00, 0x00, 0x90, 0xe7, 0x01, 0x00,
    0x0b, 0x01, 0x02, 0x00, 0x0c, 0x01, 0x02, 0x00, 0x10, 0x40, 0x00, 0x00,
    0x70, 0x78, 0x02, 0x00, 0x2f, 0x01, 0x03, 0x00, 0x03, 0x00, 0x00, 0x00,
    0x00, 0x40, 0x00, 0x00, 0xd0, 0x74, 0x02, 0x00, 0x02, 0x40, 0x00, 0x00,
    0x00, 0x00, 0x00, 0x00, 0x0b, 0x01, 0x00, 0x00, 0x0c, 0x01, 0x00, 0x00,
    0x01, 0x01, 0x00, 0x00, 0x02, 0x01, 0x00, 0x00, 0x10, 0x40, 0x00, 0x00,
    0xb0, 0xf9, 0x01, 0x00, 0x21, 0x01, 0x00, 0x00, 0x20, 0x01, 0x00, 0x00,
    0x20, 0x40, 0x00, 0x00, 0x00, 0x17, 0x00, 0x00, 0x21, 0x40, 0x00, 0x00,
    0x50, 0x01, 0x00, 0x00, 0x22, 0x40, 0x00, 0x00, 0x60, 0x16, 0x00, 0x00,
    0x0d, 0x01, 0x0a, 0x00, 0x2f, 0x01, 0x01, 0x00, 0x02, 0x00, 0x00, 0x00,
    0x00, 0x40, 0x00, 0x00, 0x70, 0x78, 0x02, 0x00, 0x10, 0x40, 0x00, 0x00,
    0x50, 0xfd, 0x01, 0x00, 0x2f, 0x01, 0x03, 0x00, 0x02, 0x00, 0x00, 0x00,
    0x00, 0x40, 0x00, 0x00, 0x30, 0xeb, 0x01, 0x00, 0x02, 0x40, 0x00, 0x00,
    0x30, 0xce, 0x01, 0x00, 0x0b, 0x01, 0x01, 0x00, 0x0c, 0x01, 0x01, 0x00,
    0x01, 0x01, 0x01, 0x00, 0x03, 0x01, 0x01, 0x00, 0x02, 0x01, 0x01, 0x00,
    0x10, 0x40, 0x00, 0x00, 0xd0, 0x74, 0x02, 0x00, 0x21, 0x01, 0x04, 0x00,
    0x20, 0x01, 0x02, 0x00, 0x20, 0x40, 0x00, 0x00, 0x50, 0x15, 0x00, 0x00,
    0x21, 0x40, 0x00, 0x00, 0x10, 0x01, 0x00, 0x00, 0x22, 0x40, 0x00, 0x00,
    0xb0, 0x14, 0x00, 0x00, 0x0d, 0x01, 0x12, 0x00, 0x03, 0x00, 0x00, 0x00,
    0x00, 0x40, 0x00, 0x00, 0xd0, 0xee, 0x01, 0x00, 0x0b, 0x01, 0x00, 0x00,
    0x0c, 0x01, 0x00, 0x00, 0x03, 0x01, 0x02, 0x00, 0x10, 0x40, 0x00, 0x00,
    0x70, 0x78, 0x02, 0x00, 0x03, 0x00, 0x00, 0x00, 0x00, 0x40, 0x00, 0x00,
    0xd0, 0x74, 0x02, 0x00, 0x02, 0x40, 0x00, 0x00, 0x00, 0x00, 0x00, 0x00,
    0x01, 0x01, 0x00, 0x00, 0x03, 0x01, 0x00, 0x00, 0x02, 0x01, 0x00, 0x00,
    0x10, 0x40, 0x00, 0x00, 0xf0, 0x00, 0x02, 0x00, 0x21, 0x01, 0x00, 0x00,
    0x20, 0x01, 0x00, 0x00, 0x20, 0x40, 0x00, 0x00, 0x00, 0x17, 0x00, 0x00,
    0x21, 0x40, 0x00, 0x00, 0x50, 0x01, 0x00, 0x00, 0x22, 0x40, 0x00, 0x00,
    0x60, 0x16, 0x00, 0x00, 0x0d, 0x01, 0x0a, 0x00, 0x2f, 0x01, 0x01, 0x00,
    0x02, 0x00, 0x00, 0x00, 0x00, 0x40, 0x00, 0x00, 0x70, 0x78, 0x02, 0x00,
    0x10, 0x40, 0x00, 0x00, 0x90, 0x04, 0x02, 0x00, 0x2f, 0x01, 0x03, 0x00,
    0x02, 0x00, 0x00, 0x00, 0x00, 0x40, 0x00, 0x00, 0x70, 0xf2, 0x01, 0x00,
    0x0b, 0x01, 0x02, 0x00, 0x0c, 0x01, 0x02, 0x00, 0x01, 0x01, 0x02, 0x00,
    0x02, 0x01, 0x02, 0x00, 0x10, 0x40, 0x00, 0x00, 0xb0, 0x7f, 0x02, 0x00,
    0x21, 0x01, 0x02, 0x00, 0x20, 0x01, 0x04, 0x00, 0x20, 0x40, 0x00, 0x00,
    0xf0, 0x18, 0x00, 0x00, 0x21, 0x40, 0x00, 0x00, 0x10, 0x01, 0x00, 0x00,
    0x22, 0x40, 0x00, 0x00, 0x50, 0x18, 0x00, 0x00, 0x2f, 0x01, 0x01, 0x00,
    0x03, 0x00, 0x00, 0x00, 0x00, 0x40, 0x00, 0x00, 0x10, 0x7c, 0x02, 0x00,
    0x0b, 0x01, 0x00, 0x00, 0x0c, 0x01, 0x00, 0x00, 0x01, 0x01, 0x00, 0x00,
    0x02, 0x01, 0x00, 0x00, 0x10, 0x40, 0x00, 0x00, 0x30, 0x08, 0x02, 0x00,
    0x21, 0x01, 0x00, 0x00, 0x20, 0x01, 0x00, 0x00, 0x20, 0x40, 0x00, 0x00,
    0xa0, 0x1a, 0x00, 0x00, 0x21, 0x40, 0x00, 0x00, 0x50, 0x01, 0x00, 0x00,
    0x22, 0x40, 0x00, 0x00, 0x00, 0x1a, 0x00, 0x00, 0x02, 0x00, 0x00, 0x00,
    0x00, 0x40, 0x00, 0x00, 0xb0, 0x7f, 0x02, 0x00, 0x10, 0x40, 0x00, 0x00,
    0xd0, 0x0b, 0x02, 0x00, 0x2f, 0x01, 0x03, 0x00, 0x02, 0x00, 0x00, 0x00,
    0x00, 0x40, 0x00, 0x00, 0x70, 0x0f, 0x02, 0x00, 0x0b, 0x01, 0x02, 0x00,
    0x0c, 0x01, 0x02, 0x00, 0x01, 0x01, 0x02, 0x00, 0x02, 0x01, 0x02, 0x00,
    0x10, 0x40, 0x00, 0x00, 0x12, 0x15, 0x00, 0x00, 0x13, 0x01, 0x00, 0x00,
    0x15, 0x40, 0x00, 0x00, 0x3a, 0x00, 0x00, 0x00, 0x14, 0x40, 0x00, 0x00,
    0x01, 0x00, 0x00, 0x00, 0x16, 0x40, 0x00, 0x00, 0x01, 0x00, 0x00, 0x00,
    0x18, 0x01, 0x59, 0x00, 0x14, 0x01, 0x01, 0x00, 0x21, 0x01, 0x02, 0x00,
    0x20, 0x01, 0x04, 0x00, 0x22, 0x01, 0x04, 0x00, 0x20, 0x40, 0x00, 0x00,
    0x00, 0x1c, 0x00, 0x00, 0x21, 0x40, 0x00, 0x00, 0x90, 0x01, 0x00, 0x00,
    0x22, 0x40, 0x00, 0x00, 0xf0, 0x1b, 0x00, 0x00, 0x23, 0x40, 0x00, 0x00,
    0x10, 0x00, 0x00, 0x00, 0x17, 0x01, 0x07, 0x00, 0x2f, 0x01, 0x01, 0x00,
    0x02, 0x00, 0x00, 0x00, 0x00, 0x40, 0x00, 0x00, 0x10, 0x13, 0x02, 0x00,
    0x10, 0x40, 0x00, 0x00, 0x4c, 0x15, 0x00, 0x00, 0x2f, 0x01, 0x03, 0x00,
    0x02, 0x00, 0x00, 0x00, 0x00, 0x40, 0x00, 0x00, 0xb0, 0x16, 0x02, 0x00,
    0x02, 0x40, 0x00, 0x00, 0x30, 0x08, 0x02, 0x00, 0x0b, 0x01, 0x01, 0x00,
    0x0c, 0x01, 0x01, 0x00, 0x10, 0x40, 0x00, 0x00, 0x86, 0x15, 0x00, 0x00,
    0x02, 0x00, 0x00, 0x00, 0x00, 0x40, 0x00, 0x00, 0x50, 0x1a, 0x02, 0x00,
    0x0b, 0x01, 0x00, 0x00, 0x0c, 0x01, 0x00, 0x00, 0x10, 0x40, 0x00, 0x00,
    0xc0, 0x15, 0x00, 0x00, 0x02, 0x00, 0x00, 0x00, 0x00, 0x40, 0x00, 0x00,
    0x10, 0xf6, 0x01, 0x00, 0x02, 0x40, 0x00, 0x00, 0x00, 0x00, 0x00, 0x00,
    0x0b, 0x01, 0x02, 0x00, 0x0c, 0x01, 0x02, 0x00, 0x10, 0x40, 0x00, 0x00,
    0x10, 0x7c, 0x02, 0x00, 0x13, 0x01, 0x0f, 0x00, 0x15, 0x40, 0x00, 0x00,
    0xa0, 0x03, 0x00, 0x00, 0x14, 0x40, 0x00, 0x00, 0x10, 0x00, 0x00, 0x00,
    0x16, 0x40, 0x00, 0x00, 0xa0, 0x03, 0x00, 0x00, 0x18, 0x01, 0x80, 0xff,
    0x14, 0x01, 0x41, 0x00, 0x22, 0x01, 0x00, 0x00, 0x20, 0x40, 0x00, 0x00,
    0xf0, 0x18, 0x00, 0x00, 0x21, 0x40, 0x00, 0x00, 0x10, 0x01, 0x00, 0x00,
    0x22, 0x40, 0x00, 0x00, 0x50, 0x18, 0x00, 0x00, 0x23, 0x40, 0x00, 0x00,
    0xa0, 0x00, 0x00, 0x00, 0x17, 0x01, 0x0f, 0x00, 0x03, 0x00, 0x00, 0x00,
    0x00, 0x40, 0x00, 0x00, 0xb0, 0xf9, 0x01, 0x00, 0x10, 0x40, 0x00, 0x00,
    0xb0, 0x7f, 0x02, 0x00, 0x03, 0x00, 0x00, 0x00, 0x00, 0x40, 0x00, 0x00,
    0x10, 0x7c, 0x02, 0x00, 0x0b, 0x01, 0x00, 0x00, 0x0c, 0x01, 0x00, 0x00,
    0x01, 0x01, 0x00, 0x00, 0x02, 0x01, 0x00, 0x00, 0x10, 0x40, 0x00, 0x00,
    0x70, 0x0f, 0x02, 0x00, 0x21, 0x01, 0x00, 0x00, 0x20, 0x01, 0x00, 0x00,
    0x20, 0x40, 0x00, 0x00, 0xa0, 0x1a, 0x00, 0x00, 0x21, 0x40, 0x00, 0x00,
    0x50, 0x01, 0x00, 0x00, 0x22, 0x40, 0x00, 0x00, 0x00, 0x1a, 0x00, 0x00,
    0x2f, 0x01, 0x01, 0x00, 0x02, 0x00, 0x00, 0x00, 0x00, 0x40, 0x00, 0x00,
    0xb0, 0x7f, 0x02, 0x00, 0x10, 0x40, 0x00, 0x00, 0x10, 0x13, 0x02, 0x00,
    0x2f, 0x01, 0x03, 0x00, 0x02, 0x00, 0x00, 0x00, 0x00, 0x40, 0x00, 0x00,
    0x50, 0xfd, 0x01, 0x00, 0x0b, 0x01, 0x02, 0x00, 0x0c, 0x01, 0x02, 0x00,
    0x01, 0x01, 0x02, 0x00, 0x02, 0x01, 0x02, 0x00, 0x10, 0x40, 0x00, 0x00,
    0x10, 0x7c, 0x02, 0x00, 0x21, 0x01, 0x02, 0x00, 0x20, 0x01, 0x04, 0x00,
    0x20, 0x40, 0x00, 0x00, 0xf0, 0x18, 0x00, 0x00, 0x21, 0x40, 0x00, 0x00,
    0x10, 0x01, 0x00, 0x00, 0x22, 0x40, 0x00, 0x00, 0x50, 0x18, 0x00, 0x00,
    0x03, 0x00, 0x00, 0x00, 0x00, 0x40, 0x00, 0x00, 0xf0, 0x00, 0x02, 0x00,
    0x0b, 0x01, 0x01, 0x00, 0x0c, 0x01, 0x01, 0x00, 0x03, 0x01, 0x01, 0x00,
    0x10, 0x40, 0x00, 0x00, 0xb0, 0x7f, 0x02, 0x00, 0x03, 0x00, 0x00, 0x00,
    0x00, 0x40, 0x00, 0x00, 0x10, 0x7c, 0x02, 0x00, 0x0b, 0x01, 0x00, 0x00,
    0x0c, 0x01, 0x00, 0x00, 0x01, 0x01, 0x00, 0x00, 0x03, 0x01, 0x00, 0x00,
    0x02, 0x01, 0x00, 0x00, 0x10, 0x40, 0x00, 0x00, 0xb0, 0x16, 0x02, 0x00,
    0x21, 0x01, 0x00, 0x00, 0x20, 0x01, 0x00, 0x00, 0x20, 0x40, 0x00, 0x00,
    0xa0, 0x1a, 0x00, 0x00, 0x21, 0x40, 0x00, 0x00, 0x50, 0x01, 0x00, 0x00,
    0x22, 0x40, 0x00, 0x00, 0x00, 0x1a, 0x00, 0x00, 0x2f, 0x01, 0x01, 0x00,
    0x02, 0x00, 0x00, 0x00, 0x00, 0x40, 0x00, 0x00, 0xb0, 0x7f, 0x02, 0x00,
    0x10, 0x40, 0x00, 0x00, 0x50, 0x1a, 0x02, 0x00, 0x2f, 0x01, 0x03, 0x00,
    0x02, 0x00, 0x00, 0x00, 0x00, 0x40, 0x00, 0x00, 0x30, 0x08, 0x02, 0x00,
    0x0b, 0x01, 0x02, 0x00, 0x0c, 0x01, 0x02, 0x00, 0x01, 0x01, 0x02, 0x00,
    0x02, 0x01, 0x02, 0x00, 0x10, 0x40, 0x00, 0x00, 0xfa, 0x15, 0x00, 0x00,
    0x13, 0x01, 0x00, 0x00, 0x15, 0x40, 0x00, 0x00, 0x3a, 0x00, 0x00, 0x00,
    0x14, 0x40, 0x00, 0x00, 0x01, 0x00, 0x00, 0x00, 0x16, 0x40, 0x00, 0x00,
    0x01, 0x00, 0x00, 0x00, 0x18, 0x01, 0x59, 0x00, 0x14, 0x01, 0x01, 0x00,
    0x21, 0x01, 0x02, 0x00, 0x20, 0x01, 0x04, 0x00, 0x22, 0x01, 0x04, 0x00,
    0x20, 0x40, 0x00, 0x00, 0x00, 0x1c, 0x00, 0x00, 0x21, 0x40, 0x00, 0x00,
    0x90, 0x01, 0x00, 0x00, 0x22, 0x40, 0x00, 0x00, 0xf0, 0x1b, 0x00, 0x00,
    0x23, 0x40, 0x00, 0x00, 0x10, 0x00, 0x00, 0x00, 0x17, 0x01, 0x07, 0x00,
    0x2f, 0x01, 0x01, 0x00, 0x02, 0x00, 0x00, 0x00, 0x00, 0x40, 0x00, 0x00,
    0xd0, 0x0b, 0x02, 0x00, 0x10, 0x40, 0x00, 0x00, 0x34, 0x16, 0x00, 0x00,
    0x2f, 0x01, 0x03, 0x00, 0x02, 0x00, 0x00, 0x00, 0x00, 0x40, 0x00, 0x00,
    0x70, 0x0f, 0x02, 0x00, 0x10, 0x40, 0x00, 0x00, 0x6e, 0x16, 0x00, 0x00,
    0x02, 0x00, 0x00, 0x00, 0x00, 0x40, 0x00, 0x00, 0x10, 0x13, 0x02, 0x00,
    0x10, 0x40, 0x00, 0x00, 0xa8, 0x16, 0x00, 0x00, 0x02, 0x00, 0x00, 0x00,
    0x00, 0x40, 0x00, 0x00, 0xb0, 0x16, 0x02, 0x00, 0x0b, 0x01, 0x01, 0x00,
    0x0c, 0x01, 0x01, 0x00, 0x03, 0x01, 0x01, 0x00, 0x10, 0x40, 0x00, 0x00,
    0xe2, 0x16, 0x00, 0x00, 0x02, 0x00, 0x00, 0x00, 0x00, 0x00, 0xff, 0xff,
};

static const uint8_t g_rf_v24_t12_specialist_weights[RF_V24_T12_SPECIALIST_WEIGHT_BYTES]
    RF_V24_T12_ALIGN RF_V24_T12_WEIGHT_SECTION = {
    0x2a, 0x00, 0x00, 0x00, 0x00, 0xcf, 0x27, 0x08, 0x65, 0x24, 0x8d, 0x00,
    0x00, 0x00, 0x00, 0xb4, 0x47, 0xba, 0x68, 0x24, 0x0d, 0x00, 0x00, 0x00,
    0x00, 0xd6, 0x7e, 0x33, 0x66, 0x24, 0x1c, 0x00, 0x00, 0x00, 0x00, 0xc5,
    0x2f, 0x45, 0x7a, 0x24, 0xee, 0xff, 0xff, 0xff, 0xff, 0xbf, 0xb2, 0x63,
    0x52, 0x23, 0x18, 0x00, 0x00, 0x00, 0x00, 0x0c, 0x18, 0x06, 0x4a, 0x24,
    0xfe, 0xff, 0xff, 0xff, 0xff, 0x1d, 0x43, 0xbe, 0x73, 0x24, 0xc2, 0x00,
    0x00, 0x00, 0x00, 0xbe, 0x28, 0x59, 0x5d, 0x24, 0x46, 0x00, 0x00, 0x00,
    0x00, 0xee, 0x04, 0x5c, 0x5d, 0x24, 0x55, 0x00, 0x00, 0x00, 0x00, 0x15,
    0xaf, 0x32, 0x74, 0x24, 0x3b, 0x00, 0x00, 0x00, 0x00, 0xb1, 0x95, 0xb6,
    0x56, 0x24, 0xe7, 0xff, 0xff, 0xff, 0xff, 0x51, 0xa8, 0xdb, 0x5a, 0x23,
    0x00, 0x00, 0x00, 0x00, 0x00, 0x00, 0x00, 0x00, 0x70, 0x04, 0xd4, 0xf1,
    0xed, 0xff, 0x3f, 0x6e, 0x1c, 0xcb, 0xb9, 0x8d, 0x5c, 0x3c, 0x4b, 0xaa,
    0x39, 0x29, 0x19, 0x58, 0x37, 0x07, 0xc7, 0x76, 0x45, 0x55, 0x03, 0xd3,
    0xe2, 0x91, 0xe1, 0xa0, 0x90, 0x7f, 0x6f, 0xff, 0xfe, 0xce, 0xf0, 0x70,
    0xb3, 0xe7, 0xd8, 0xa9, 0x9b, 0x20, 0x05, 0xfe, 0x78, 0xf8, 0xab, 0x6f,
    0x98, 0xcc, 0x90, 0xe0, 0x41, 0x14, 0x3e, 0xf3, 0x04, 0xf7, 0xf3, 0xf0,
    0xb7, 0xe7, 0x0e, 0x1e, 0xfe, 0x17, 0x90, 0x87, 0xf0, 0xe6, 0xbd, 0x02,
    0xb5, 0xed, 0xec, 0xe1, 0xdb, 0xe2, 0xb9, 0xa2, 0x8f, 0xf1, 0xc1, 0xc3,
    0x27, 0x1a, 0xe5, 0x38, 0x23, 0xe6, 0xf7, 0xf0, 0xf6, 0x56, 0x55, 0x7d,
    0x11, 0xf6, 0x29, 0x78, 0x68, 0x4b, 0x02, 0x01, 0x28, 0x3b, 0xfd, 0xf0,
    0xdf, 0xfa, 0xb5, 0xf1, 0x92, 0xee, 0x5c, 0x78, 0x98, 0x66, 0x04, 0x96,
    0xb3, 0x38, 0x0f, 0xff, 0x47, 0x15, 0x69, 0x60, 0x02, 0x1e, 0xe4, 0x27,
    0x00, 0x0f, 0x0c, 0x7e, 0xf8, 0x63, 0x3f, 0x79, 0xe8, 0x62, 0x09, 0x71,
    0x75, 0x97, 0x0c, 0x4b, 0xf8, 0xf0, 0xb3, 0x39, 0x1b, 0xfc, 0xad, 0xff,
    0x6f, 0x98, 0x2f, 0x2f, 0x5f, 0x38, 0xfe, 0xff, 0xff, 0xff, 0xff, 0xff,
    0x1f, 0xfe, 0x64, 0xe0, 0x61, 0xf3, 0xfa, 0x87, 0x3f, 0xa7, 0xd1, 0x46,
    0x71, 0x03, 0xfa, 0xff, 0x26, 0x45, 0x17, 0xe0, 0xff, 0xff, 0xc3, 0x60,
    0x3f, 0x3c, 0x0d, 0x0f, 0x53, 0x86, 0x6e, 0xf7, 0x4a, 0x38, 0xfb, 0xfe,
    0x5f, 0xfd, 0xff, 0xbd, 0xf8, 0x2e, 0x43, 0xfd, 0xff, 0xf0, 0xf0, 0x79,
    0x0f, 0xdf, 0x3d, 0x00, 0xe0, 0x1f, 0xba, 0x06, 0xb2, 0xff, 0xff, 0x04,
    0xfc, 0xff, 0xff, 0xff, 0xff, 0xff, 0xff, 0xff, 0xff, 0xff, 0xc3, 0xff,
    0xff, 0xff, 0xff, 0xff, 0xff, 0xff, 0xff, 0xff, 0xff, 0xff, 0xff, 0xff,
    0xd4, 0xff, 0xff, 0xff, 0xff, 0x00, 0x49, 0xf4, 0x61, 0x25, 0x14, 0x05,
    0x00, 0x00, 0x00, 0x80, 0xff, 0x9a, 0x52, 0x25, 0x68, 0x07, 0x00, 0x00,
    0x00, 0x80, 0xa0, 0x60, 0x51, 0x25, 0xb3, 0x0f, 0x00, 0x00, 0x00, 0x00,
    0xfd, 0x48, 0x43, 0x25, 0x79, 0x1e, 0x00, 0x00, 0x00, 0x80, 0xfc, 0x44,
    0x5c, 0x26, 0xb9, 0xff, 0xff, 0xff, 0xff, 0x00, 0xcd, 0xe7, 0x7c, 0x25,
    0xa2, 0x14, 0x00, 0x00, 0x00, 0x00, 0x77, 0x09, 0x60, 0x26, 0x52, 0xf0,
    0xff, 0xff, 0xff, 0x80, 0xeb, 0xef, 0x58, 0x26, 0xa8, 0x0e, 0x00, 0x00,
    0x00, 0x00, 0x97, 0x6b, 0x41, 0x25, 0x97, 0x00, 0x00, 0x00, 0x00, 0x00,
    0x40, 0x36, 0x4b, 0x25, 0xb0, 0x12, 0x00, 0x00, 0x00, 0x80, 0x7d, 0x7d,
    0x74, 0x26, 0xa1, 0xf6, 0xff, 0xff, 0xff, 0x00, 0xd6, 0x63, 0x58, 0x25,
    0x00, 0x00, 0x00, 0x00, 0x00, 0x00, 0x00, 0x00, 0x98, 0x02, 0xd4, 0xf2,
    0xfd, 0xef, 0x1f, 0xee, 0xbc, 0x38, 0xb8, 0x93, 0x8f, 0x5f, 0x9e, 0x8d,
    0x7d, 0x5d, 0x3d, 0xcd, 0xbc, 0x9c, 0x5c, 0x1c, 0x0c, 0xdc, 0x9b, 0x7b,
    0x2b, 0xfb, 0xba, 0x9a, 0x5a, 0x4a, 0xda, 0xa9, 0xe9, 0x92, 0x00, 0xb0,
    0x94, 0xb3, 0xdd, 0x3d, 0x60, 0x92, 0xd1, 0xf7, 0x9e, 0x0b, 0x00, 0xa8,
    0x95, 0x71, 0xe7, 0x9f, 0xf6, 0x3d, 0x00, 0xd0, 0x3a, 0x28, 0xaf, 0xde,
    0xf3, 0x01, 0x6c, 0x9a, 0x52, 0xeb, 0xd1, 0x1c, 0x3b, 0x00, 0xb8, 0x46,
    0x0c, 0x33, 0x92, 0x8c, 0x0b, 0x36, 0xa8, 0x17, 0xea, 0x58, 0x0e, 0x00,
    0xfc, 0x1f, 0x2b, 0x40, 0x00, 0x02, 0xa0, 0xaf, 0xfc, 0xf0, 0xf6, 0xd2,
    0x03, 0x0f, 0x16, 0x28, 0xa0, 0xf3, 0x10, 0x08, 0x0f, 0xef, 0x70, 0xc0,
    0x40, 0xd1, 0x24, 0x81, 0x87, 0xc5, 0xcb, 0x1e, 0xfd, 0xe9, 0x20, 0x88,
    0x01, 0x3c, 0x7c, 0xff, 0x50, 0xea, 0xff, 0xff, 0xff, 0xff, 0xff, 0xff,
    0xff, 0xff, 0xff, 0xff, 0xff, 0xff, 0xff, 0xff, 0x88, 0x08, 0x00, 0x00,
    0x00, 0x80, 0x01, 0xbd, 0x6f, 0x26, 0xfb, 0xf4, 0xff, 0xff, 0xff, 0x80,
    0x9d, 0xa2, 0x7d, 0x26, 0x0a, 0x12, 0x00, 0x00, 0x00, 0x00, 0x7b, 0x7f,
    0x72, 0x26, 0x45, 0x03, 0x00, 0x00, 0x00, 0x80, 0xa7, 0x32, 0x6a, 0x26,
    0x97, 0xf3, 0xff, 0xff, 0xff, 0x80, 0x9d, 0xc2, 0x73, 0x26, 0x88, 0xf8,
    0xff, 0xff, 0xff, 0x80, 0xfa, 0xda, 0x53, 0x25, 0x71, 0x19, 0x00, 0x00,
    0x00, 0x80, 0x23, 0x33, 0x74, 0x26, 0x72, 0x02, 0x00, 0x00, 0x00, 0x00,
    0xd7, 0x8e, 0x6e, 0x26, 0x91, 0x17, 0x00, 0x00, 0x00, 0x00, 0x55, 0x66,
    0x42, 0x25, 0x33, 0x02, 0x00, 0x00, 0x00, 0x00, 0xdb, 0x5f, 0x74, 0x26,
    0xa1, 0xed, 0xff, 0xff, 0xff, 0x00, 0x6a, 0x78, 0x55, 0x26, 0xa2, 0x1a,
    0x00, 0x00, 0x00, 0x00, 0x24, 0x40, 0x5e, 0x26, 0x00, 0x00, 0x00, 0x00,
    0x00, 0x00, 0x00, 0x00, 0x78, 0x04, 0x5c, 0x01, 0x0c, 0x00, 0x78, 0x18,
    0x02, 0xfd, 0x30, 0xa6, 0xd5, 0x9b, 0x00, 0x00, 0x42, 0x4c, 0x92, 0x4e,
    0xc7, 0xda, 0x6f, 0x02, 0x00, 0x26, 0x77, 0x21, 0x3c, 0x7f, 0x61, 0xcf,
    0x56, 0xfd, 0xca, 0x04, 0x2e, 0xc8, 0xb7, 0xbe, 0x33, 0x00, 0x70, 0x8e,
    0xc0, 0xcc, 0x1c, 0xc9, 0xcf, 0xde, 0x03, 0x00, 0x1b, 0x6b, 0x29, 0x26,
    0x0e, 0x5f, 0xfd, 0x19, 0x92, 0x44, 0xfd, 0x82, 0xf9, 0x95, 0x5c, 0x0f,
    0x00, 0xef, 0xe5, 0xfb, 0x08, 0x09, 0x6c, 0x98, 0x73, 0x0d, 0x0f, 0x11,
    0x0a, 0xe8, 0x91, 0x90, 0x6c, 0x8a, 0x50, 0x0f, 0x3f, 0xc7, 0xdf, 0xf4,
    0x0e, 0x90, 0x9e, 0xce, 0x0a, 0x0f, 0xd9, 0x6c, 0xdc, 0x22, 0xc4, 0x32,
    0xd8, 0xaa, 0x0f, 0x0f, 0xff, 0xdf, 0x81, 0xb5, 0x13, 0x2b, 0xfd, 0x05,
    0x55, 0xff, 0xbf, 0x81, 0x99, 0x01, 0xd6, 0x7f, 0x77, 0x61, 0xf1, 0xff,
    0xff, 0xff, 0xff, 0xff, 0xff, 0xff, 0xff, 0xff, 0xff, 0xff, 0xff, 0xff,
    0x0f, 0x00, 0x00, 0x25, 0x3c, 0xfc, 0xb1, 0x1c, 0x9a, 0xbd, 0xd0, 0x00,
    0xc0, 0x0f, 0x37, 0x06, 0x2a, 0xee, 0x00, 0x68, 0xf4, 0xff, 0x81, 0x7e,
    0xdf, 0x61, 0xb1, 0x73, 0x74, 0x38, 0xff, 0xdf, 0xfd, 0xd9, 0x54, 0x34,
    0x7e, 0x65, 0xfd, 0xf5, 0x0f, 0x0f, 0x0f, 0x0f, 0x93, 0xcb, 0x59, 0xde,
    0x63, 0xde, 0xfd, 0x97, 0xff, 0xff, 0xff, 0xff, 0xff, 0xff, 0xff, 0xff,
    0xff, 0xff, 0xff, 0xff, 0xff, 0xff, 0xff, 0xff, 0xff, 0xff, 0xff, 0xff,
    0x0f, 0xff, 0xff, 0xff, 0xff, 0xff, 0xff, 0xff, 0xff, 0xff, 0xff, 0xff,
    0xe7, 0xf3, 0xff, 0xff, 0xff, 0x00, 0x88, 0xff, 0x7f, 0x26, 0x22, 0x23,
    0x00, 0x00, 0x00, 0x80, 0x32, 0xf9, 0x7d, 0x27, 0x8d, 0x04, 0x00, 0x00,
    0x00, 0x00, 0xa8, 0xc0, 0x7a, 0x26, 0xc5, 0x19, 0x00, 0x00, 0x00, 0x00,
    0xf5, 0x3a, 0x76, 0x26, 0xc4, 0xfd, 0xff, 0xff, 0xff, 0x80, 0xd4, 0x57,
    0x5d, 0x26, 0xf8, 0xe2, 0xff, 0xff, 0xff, 0x80, 0x1d, 0x71, 0x40, 0x26,
    0xde, 0x19, 0x00, 0x00, 0x00, 0x00, 0x2d, 0x13, 0x47, 0x25, 0x68, 0x0b,
    0x00, 0x00, 0x00, 0x80, 0x6e, 0x8e, 0x44, 0x25, 0xe0, 0xff, 0xff, 0xff,
    0xff, 0x80, 0xbe, 0x0f, 0x45, 0x25, 0xa4, 0x0a, 0x00, 0x00, 0x00, 0x80,
    0x00, 0x18, 0x68, 0x26, 0xcc, 0xf4, 0xff, 0xff, 0xff, 0x80, 0x0b, 0x76,
    0x66, 0x26, 0xac, 0xfa, 0xff, 0xff, 0xff, 0x80, 0x2a, 0xcb, 0x49, 0x25,
    0x00, 0x00, 0x00, 0x00, 0x00, 0x00, 0x00, 0x00, 0x58, 0x03, 0xd4, 0xf3,
    0xfd, 0xef, 0x2f, 0x5c, 0xcb, 0x2a, 0xfa, 0x09, 0xd9, 0xa7, 0x07, 0x57,
    0x26, 0x04, 0x34, 0xd1, 0xcf, 0x7f, 0x4f, 0x0f, 0xff, 0xce, 0x9e, 0x7e,
    0x2e, 0x4e, 0xfd, 0xbc, 0xac, 0x9c, 0x8c, 0x6c, 0xec, 0x5f, 0x00, 0xa0,
    0xed, 0x48, 0x26, 0xa0, 0x3c, 0x8f, 0xdc, 0xfc, 0x1e, 0x00, 0x76, 0xa7,
    0x82, 0x81, 0x0b, 0x0c, 0xd7, 0xe4, 0x7f, 0x7d, 0xf4, 0x73, 0x45, 0x0e,
    0x00, 0x7f, 0x58, 0x20, 0xfd, 0x85, 0xc3, 0x5f, 0xa3, 0x1e, 0xe8, 0xd5,
    0x0f, 0x00, 0xb0, 0x23, 0xaa, 0x2c, 0x2a, 0xf1, 0x6c, 0x75, 0xdb, 0x1a,
    0x93, 0x7a, 0xb1, 0xd4, 0x00, 0xf0, 0x13, 0x97, 0x03, 0xaa, 0x08, 0xe6,
    0xd7, 0xba, 0x6b, 0x0f, 0x12, 0x38, 0x06, 0x78, 0x0d, 0x16, 0x04, 0x00,
    0xc0, 0x06, 0x0f, 0x41, 0x7d, 0x7c, 0x1a, 0x30, 0xc5, 0xcd, 0x1f, 0x7e,
    0xcf, 0x24, 0xe0, 0xa1, 0xba, 0x1c, 0xc0, 0x99, 0x3f, 0x78, 0xf8, 0x79,
    0x35, 0x6f, 0xe3, 0xc3, 0x59, 0x70, 0x1f, 0x01, 0x0f, 0x7b, 0x07, 0x03,
    0x49, 0x4b, 0x1e, 0x00, 0xfe, 0x47, 0xbc, 0x0c, 0x4a, 0x9a, 0xff, 0xcf,
    0xc6, 0xc3, 0xff, 0xff, 0xff, 0x03, 0xc0, 0xff, 0xff, 0xff, 0xff, 0xff,
    0xff, 0xff, 0xff, 0xff, 0xf0, 0x00, 0x00, 0x00, 0x00, 0x80, 0x56, 0x33,
    0x6e, 0x26, 0xb2, 0xf7, 0xff, 0xff, 0xff, 0x00, 0x7d, 0xfe, 0x4b, 0x25,
    0xd7, 0xf7, 0xff, 0xff, 0xff, 0x80, 0xbe, 0x69, 0x71, 0x26, 0x9c, 0x06,
    0x00, 0x00, 0x00, 0x80, 0x04, 0x65, 0x4f, 0x26, 0xe2, 0xf7, 0xff, 0xff,
    0xff, 0x80, 0xba, 0x12, 0x5b, 0x26, 0x8e, 0xe3, 0xff, 0xff, 0xff, 0x00,
    0x03, 0x64, 0x51, 0x26, 0xd5, 0x17, 0x00, 0x00, 0x00, 0x00, 0xa6, 0x71,
    0x6b, 0x26, 0x95, 0xf0, 0xff, 0xff, 0xff, 0x80, 0xec, 0x33, 0x64, 0x26,
    0xf3, 0x17, 0x00, 0x00, 0x00, 0x00, 0x15, 0x04, 0x56, 0x26, 0x46, 0x09,
    0x00, 0x00, 0x00, 0x00, 0x9e, 0xba, 0x63, 0x26, 0xaf, 0xf0, 0xff, 0xff,
    0xff, 0x80, 0xe2, 0xf5, 0x42, 0x26, 0xed, 0xff, 0xff, 0xff, 0xff, 0x80,
    0x4e, 0x09, 0x40, 0x25, 0x0b, 0x03, 0x00, 0x00, 0x00, 0x80, 0x4d, 0x91,
    0x79, 0x26, 0xe9, 0xf8, 0xff, 0xff, 0xff, 0x80, 0xca, 0xf5, 0x76, 0x26,
    0xb5, 0x0c, 0x00, 0x00, 0x00, 0x00, 0x36, 0x7d, 0x65, 0x26, 0x37, 0xfc,
    0xff, 0xff, 0xff, 0x00, 0x92, 0x75, 0x44, 0x25, 0xe8, 0x05, 0xdc, 0x02,
    0x0c, 0x00, 0x80, 0x47, 0x24, 0x30, 0x3a, 0x3d, 0x14, 0x3f, 0x00, 0x50,
    0x44, 0x67, 0x96, 0xe4, 0x34, 0x5c, 0x93, 0x0f, 0x00, 0xf9, 0x18, 0x82,
    0x54, 0x29, 0xbf, 0x0d, 0x09, 0xc2, 0x73, 0xb5, 0x33, 0x69, 0xfa, 0x97,
    0x9a, 0x00, 0xb0, 0x40, 0xf5, 0x44, 0x50, 0xa4, 0x9f, 0xb0, 0x1d, 0x00,
    0xf9, 0x02, 0xdd, 0x11, 0xdf, 0x75, 0x73, 0x4c, 0x62, 0xdf, 0x9e, 0x70,
    0x84, 0xfa, 0x27, 0xd1, 0x20, 0x9f, 0x19, 0x72, 0xdb, 0xa5, 0xbf, 0x43,
    0xb8, 0x07, 0x0f, 0xfa, 0x95, 0x67, 0x18, 0x42, 0x68, 0x44, 0x67, 0x0f,
    0xaf, 0x00, 0xb1, 0xe7, 0x6d, 0x0a, 0xd0, 0x59, 0x04, 0x0f, 0xf6, 0x87,
    0x87, 0x94, 0x39, 0x1f, 0xb1, 0x13, 0x0f, 0x0f, 0xff, 0x56, 0x74, 0x41,
    0x76, 0x71, 0x0f, 0x50, 0x5b, 0xff, 0x2f, 0xc0, 0x06, 0xe1, 0xaa, 0x2f,
    0x97, 0xcb, 0xfd, 0xff, 0xff, 0xff, 0xff, 0xff, 0xff, 0xff, 0xff, 0xff,
    0xff, 0xff, 0xff, 0xff, 0x0f, 0x00, 0x00, 0x1d, 0xba, 0xa8, 0x13, 0xfa,
    0xc7, 0xf1, 0x05, 0x00, 0xe0, 0xd9, 0xae, 0x90, 0x3f, 0xfa, 0x49, 0xa7,
    0x0f, 0x00, 0x7c, 0x4f, 0x20, 0xa7, 0x97, 0x77, 0x63, 0xa8, 0x06, 0x81,
    0x00, 0x2b, 0x88, 0xe7, 0xce, 0x73, 0x00, 0x40, 0x99, 0x53, 0xfb, 0xdc,
    0xf3, 0xeb, 0xa7, 0x0f, 0x00, 0xfa, 0x97, 0x1f, 0x79, 0x67, 0x63, 0x27,
    0xd6, 0x82, 0xf9, 0x8f, 0x12, 0x5f, 0x4c, 0xaf, 0x4a, 0x0f, 0x0f, 0x1c,
    0x13, 0x97, 0xa0, 0x9a, 0x29, 0xfd, 0x06, 0x0f, 0x45, 0xc2, 0x2d, 0xc9,
    0x1a, 0xa4, 0xfa, 0xaf, 0x0f, 0x0f, 0x0f, 0x84, 0x30, 0x5f, 0x50, 0xfa,
    0x18, 0xa5, 0xd2, 0x0f, 0xef, 0x8d, 0xb0, 0xc1, 0x64, 0xf6, 0xf6, 0xff,
    0xff, 0xff, 0xff, 0xff, 0xff, 0xff, 0xff, 0xff, 0xff, 0xff, 0xff, 0xff,
    0xff, 0xff, 0x0f, 0xff, 0xff, 0xff, 0xff, 0xff, 0xff, 0xff, 0xff, 0xff,
    0xff, 0xff, 0xff, 0xff, 0x33, 0x0d, 0x00, 0x00, 0x00, 0x00, 0xff, 0x85,
    0x7f, 0x26, 0x73, 0xf7, 0xff, 0xff, 0xff, 0x00, 0x5b, 0x04, 0x58, 0x26,
    0x5c, 0xf8, 0xff, 0xff, 0xff, 0x00, 0x9c, 0xa2, 0x52, 0x26, 0xe5, 0x13,
    0x00, 0x00, 0x00, 0x80, 0x18, 0x26, 0x5b, 0x25, 0xf9, 0xd9, 0xff, 0xff,
    0xff, 0x00, 0x37, 0xee, 0x52, 0x26, 0x92, 0xf7, 0xff, 0xff, 0xff, 0x00,
    0xc3, 0xc2, 0x76, 0x26, 0xa1, 0x17, 0x00, 0x00, 0x00, 0x80, 0x5b, 0x4a,
    0x63, 0x26, 0xb6, 0x17, 0x00, 0x00, 0x00, 0x80, 0xd5, 0x9e, 0x4f, 0x26,
    0x27, 0x22, 0x00, 0x00, 0x00, 0x80, 0x18, 0xb2, 0x40, 0x25, 0x9e, 0xfa,
    0xff, 0xff, 0xff, 0x80, 0xa3, 0x4e, 0x7d, 0x26, 0xdf, 0x0e, 0x00, 0x00,
    0x00, 0x00, 0x63, 0xe6, 0x58, 0x26, 0x5c, 0xe8, 0xff, 0xff, 0xff, 0x00,
    0xec, 0x46, 0x51, 0x26, 0x57, 0xf3, 0xff, 0xff, 0xff, 0x00, 0xcd, 0xf4,
    0x77, 0x26, 0xb9, 0xf1, 0xff, 0xff, 0xff, 0x80, 0x86, 0xde, 0x5b, 0x26,
    0xc4, 0xf8, 0xff, 0xff, 0xff, 0x80, 0x05, 0xeb, 0x55, 0x25, 0xe3, 0xea,
    0xff, 0xff, 0xff, 0x80, 0x0d, 0x12, 0x61, 0x26, 0xfe, 0x07, 0x5c, 0x00,
    0xbc, 0x48, 0x37, 0x32, 0xe6, 0x18, 0x70, 0xfb, 0x3f, 0xba, 0x32, 0x61,
    0x54, 0x56, 0x77, 0xa6, 0xf2, 0xab, 0x04, 0x7a, 0x25, 0x6b, 0x30, 0xbb,
    0xd7, 0x32, 0x40, 0xe2, 0x58, 0xe8, 0x9f, 0x10, 0xb8, 0x60, 0x98, 0xf4,
    0x6f, 0xfb, 0xf2, 0x7f, 0x6b, 0x0d, 0xd8, 0x35, 0x00, 0x5c, 0x25, 0xf4,
    0x41, 0xbe, 0x41, 0x2e, 0xc1, 0xc9, 0x31, 0xe6, 0xe1, 0xef, 0xe5, 0x52,
    0xe0, 0xaf, 0x1c, 0x58, 0xd4, 0xfc, 0x8f, 0xbb, 0x25, 0x44, 0x54, 0x95,
    0x28, 0x60, 0xdd, 0xe3, 0x21, 0xe7, 0xe1, 0x25, 0x68, 0x98, 0xc0, 0x66,
    0x42, 0xff, 0xe9, 0xf1, 0xbe, 0x5b, 0xa2, 0xb2, 0x88, 0x05, 0x23, 0x12,
    0x7e, 0x5c, 0xf6, 0x9f, 0xe7, 0x0b, 0xc1, 0x43, 0x14, 0x90, 0xdb, 0xf8,
    0xf8, 0x23, 0x01, 0x32, 0xb5, 0xc4, 0x03, 0x3e, 0x10, 0x20, 0xe5, 0x08,
    0x1c, 0x10, 0x10, 0x10, 0x10, 0x10, 0x10, 0x10, 0x30, 0x40, 0x15, 0x52,
    0xc2, 0x30, 0x6b, 0x42, 0xf1, 0x9f, 0xec, 0x5f, 0xb2, 0xc7, 0x95, 0x07,
    0xca, 0x84, 0x8b, 0xc4, 0x1a, 0x60, 0xea, 0x63, 0xf0, 0xe8, 0x0f, 0x97,
    0xeb, 0x51, 0xb9, 0xc2, 0x57, 0x5e, 0x02, 0xed, 0xef, 0x66, 0xe1, 0x0f,
    0x76, 0x59, 0x51, 0x77, 0xb7, 0x52, 0x60, 0x37, 0xb3, 0x41, 0x3c, 0x8a,
    0x58, 0xa0, 0x6a, 0xd5, 0x31, 0x20, 0xf0, 0xfa, 0xa2, 0xd3, 0xb2, 0xe1,
    0x1f, 0x7e, 0xbb, 0x7d, 0x92, 0xe2, 0x35, 0xe9, 0xc3, 0x31, 0x7c, 0xe6,
    0x67, 0x50, 0x5e, 0x22, 0x31, 0x43, 0x15, 0xea, 0x8a, 0xa8, 0xa5, 0x00,
    0x12, 0x96, 0xd5, 0x02, 0x2b, 0xe9, 0x5f, 0x16, 0xc0, 0x61, 0xf6, 0x20,
    0x26, 0x2b, 0xa1, 0x79, 0x92, 0x60, 0xc3, 0xd1, 0xe2, 0xbf, 0x02, 0xc3,
    0x72, 0x61, 0x22, 0xe3, 0xb6, 0xae, 0x3c, 0x20, 0x12, 0x10, 0x10, 0x10,
    0x10, 0x10, 0x10, 0x10, 0xf0, 0xff, 0xff, 0xff, 0xff, 0xff, 0xff, 0xff,
    0xff, 0xff, 0xff, 0xff, 0x4e, 0xec, 0xff, 0xff, 0xff, 0x80, 0xe4, 0xb8,
    0x55, 0x26, 0x17, 0x19, 0x00, 0x00, 0x00, 0x00, 0x1f, 0x93, 0x44, 0x26,
    0x62, 0xfc, 0xff, 0xff, 0xff, 0x00, 0xca, 0x86, 0x4c, 0x26, 0xf6, 0xd7,
    0xff, 0xff, 0xff, 0x00, 0xf2, 0x28, 0x57, 0x26, 0x37, 0xf1, 0xff, 0xff,
    0xff, 0x80, 0xde, 0xfd, 0x66, 0x26, 0x60, 0x0e, 0x00, 0x00, 0x00, 0x80,
    0x12, 0x48, 0x48, 0x26, 0xbc, 0x0e, 0x00, 0x00, 0x00, 0x00, 0x44, 0x8e,
    0x51, 0x26, 0x7f, 0x03, 0x00, 0x00, 0x00, 0x00, 0x90, 0xd1, 0x5e, 0x26,
    0xbd, 0x0b, 0x00, 0x00, 0x00, 0x00, 0x3a, 0x3b, 0x5f, 0x26, 0x32, 0x22,
    0x00, 0x00, 0x00, 0x00, 0xde, 0xe1, 0x4c, 0x26, 0xcc, 0xfa, 0xff, 0xff,
    0xff, 0x00, 0x46, 0xde, 0x51, 0x26, 0xc1, 0xd9, 0xff, 0xff, 0xff, 0x80,
    0xf9, 0x44, 0x40, 0x26, 0xd9, 0x09, 0x00, 0x00, 0x00, 0x80, 0x24, 0xb1,
    0x5e, 0x26, 0x6f, 0x10, 0x00, 0x00, 0x00, 0x00, 0x9c, 0x5b, 0x42, 0x26,
    0xd8, 0x0b, 0x00, 0x00, 0x00, 0x80, 0x79, 0x7a, 0x6d, 0x27, 0xd4, 0x00,
    0x00, 0x00, 0x00, 0x80, 0xf8, 0x92, 0x63, 0x26, 0xf0, 0x07, 0x5c, 0x01,
    0x0c, 0x00, 0x05, 0x96, 0x08, 0x7b, 0x34, 0x4e, 0x27, 0x92, 0x00, 0x00,
    0xbf, 0x36, 0xeb, 0x22, 0x44, 0x16, 0x7b, 0x09, 0x00, 0x50, 0x51, 0xfc,
    0xfb, 0x46, 0x4e, 0x8c, 0x7c, 0xfc, 0x3b, 0x4e, 0xb0, 0x31, 0x3b, 0x2a,
    0x51, 0x02, 0xa0, 0x1b, 0x64, 0x43, 0xc7, 0xff, 0x54, 0x21, 0x00, 0x00,
    0x6b, 0x4f, 0x4c, 0x7b, 0x4d, 0x3c, 0x85, 0xaa, 0x5b, 0x63, 0x2a, 0x5a,
    0x2c, 0xbe, 0x18, 0x5e, 0x00, 0x20, 0x6a, 0x59, 0xd3, 0xdf, 0x78, 0x86,
    0x71, 0x01, 0x00, 0xfc, 0x07, 0x00, 0x70, 0x68, 0x03, 0x78, 0x5f, 0x0e,
    0x8e, 0xa5, 0xe7, 0x75, 0x08, 0xfd, 0xfa, 0x00, 0x30, 0xf1, 0x69, 0x02,
    0x84, 0x35, 0x9e, 0xc4, 0x04, 0x00, 0x27, 0xec, 0xb2, 0x0a, 0x23, 0xc4,
    0x9a, 0x2e, 0x74, 0x87, 0x4f, 0x2d, 0x14, 0x30, 0x0e, 0xe8, 0x00, 0x30,
    0xa7, 0x86, 0x62, 0xf7, 0xd1, 0x7f, 0x38, 0x05, 0xf0, 0x95, 0x44, 0xe7,
    0x95, 0x5c, 0x0b, 0xfd, 0x74, 0xff, 0xbf, 0x22, 0x00, 0x55, 0x56, 0x6d,
    0x48, 0x90, 0xf5, 0xff, 0x54, 0x59, 0xd2, 0x10, 0x47, 0x81, 0x23, 0xe3,
    0xff, 0xff, 0xff, 0xff, 0xff, 0xff, 0xff, 0xff, 0xff, 0xff, 0xff, 0xff,
    0x0f, 0x00, 0x00, 0x1b, 0x5d, 0xc5, 0x65, 0x2c, 0xf5, 0x66, 0x4d, 0x00,
    0xf0, 0xd2, 0x42, 0xd2, 0xef, 0x1d, 0xe8, 0xa5, 0x0a, 0x00, 0x7b, 0x9e,
    0x9c, 0x62, 0x24, 0x90, 0xe3, 0x44, 0x99, 0x6d, 0x23, 0x53, 0x80, 0x8d,
    0x17, 0x0c, 0x00, 0xb0, 0xdc, 0xd8, 0xa2, 0x0a, 0x3e, 0x59, 0xea, 0x05,
    0x00, 0x1d, 0x53, 0x7f, 0xb3, 0xfd, 0x1a, 0xce, 0x26, 0x0e, 0xdc, 0x3d,
    0x25, 0x8f, 0x2f, 0x8c, 0x31, 0x00, 0xa0, 0xd4, 0x2f, 0x23, 0x8c, 0x13,
    0x7c, 0xb1, 0x09, 0x00, 0xb1, 0xfc, 0x5e, 0xb7, 0x00, 0x59, 0xd0, 0x2a,
    0xee, 0xf8, 0x5d, 0x00, 0x2c, 0x23, 0x4d, 0x70, 0x00, 0x60, 0x59, 0x21,
    0xd6, 0xcf, 0x49, 0x6f, 0x0a, 0x03, 0x00, 0x44, 0x64, 0x11, 0xfc, 0xbf,
    0x7b, 0x95, 0x32, 0xfd, 0x5e, 0xdd, 0xe5, 0x50, 0x4e, 0xc4, 0x52, 0x00,
    0x80, 0x8f, 0x9d, 0x5d, 0xe9, 0xdc, 0x1d, 0xd6, 0xf0, 0xff, 0xa7, 0x9f,
    0x32, 0x34, 0xfc, 0x93, 0x60, 0xff, 0xff, 0xff, 0xff, 0xff, 0xff, 0xff,
    0xff, 0xff, 0xff, 0xff, 0xff, 0xff, 0xff, 0x0f, 0xff, 0xff, 0xff, 0xff,
    0xff, 0xff, 0xff, 0xff, 0xff, 0xff, 0xff, 0xff, 0x52, 0x20, 0x00, 0x00,
    0x00, 0x00, 0x74, 0x63, 0x46, 0x26, 0x10, 0xf6, 0xff, 0xff, 0xff, 0x00,
    0x4e, 0xef, 0x54, 0x25, 0xb8, 0xee, 0xff, 0xff, 0xff, 0x00, 0xaa, 0x0a,
    0x59, 0x26, 0xc2, 0xf0, 0xff, 0xff, 0xff, 0x80, 0x12, 0xb9, 0x60, 0x26,
    0x3f, 0x0b, 0x00, 0x00, 0x00, 0x80, 0x17, 0x7b, 0x63, 0x26, 0x2d, 0x20,
    0x00, 0x00, 0x00, 0x00, 0xd4, 0xf5, 0x71, 0x26, 0xd8, 0x18, 0x00, 0x00,
    0x00, 0x00, 0x72, 0x3d, 0x42, 0x25, 0xa8, 0xe9, 0xff, 0xff, 0xff, 0x00,
    0x55, 0xe2, 0x6b, 0x26, 0x18, 0x20, 0x00, 0x00, 0x00, 0x80, 0x31, 0xd8,
    0x61, 0x26, 0xb5, 0x08, 0x00, 0x00, 0x00, 0x00, 0x39, 0xe4, 0x56, 0x25,
    0x16, 0x07, 0x00, 0x00, 0x00, 0x80, 0xe1, 0x8d, 0x42, 0x25, 0xa0, 0x00,
    0x00, 0x00, 0x00, 0x00, 0x03, 0xa5, 0x4a, 0x25, 0xb1, 0x00, 0x00, 0x00,
    0x00, 0x00, 0x14, 0xaf, 0x75, 0x26, 0x7a, 0x07, 0x00, 0x00, 0x00, 0x00,
    0xd5, 0x2f, 0x4a, 0x25, 0xeb, 0x03, 0x00, 0x00, 0x00, 0x80, 0xc1, 0xe1,
    0x6a, 0x25, 0x3d, 0x11, 0x00, 0x00, 0x00, 0x80, 0xe9, 0x5c, 0x4b, 0x26,
    0x78, 0x04, 0x54, 0xf3, 0xfd, 0xef, 0xff, 0x4c, 0x63, 0x52, 0xe1, 0x60,
    0x50, 0x1e, 0xbc, 0x2b, 0xdb, 0x5a, 0xf9, 0x98, 0x18, 0xd8, 0x97, 0xe7,
    0x26, 0xb6, 0x35, 0xf5, 0x64, 0x34, 0x24, 0x04, 0xf4, 0x23, 0x62, 0x21,
    0x61, 0x78, 0x00, 0xf0, 0x3b, 0xfe, 0x37, 0x30, 0x67, 0xf7, 0x35, 0x7e,
    0x6f, 0x5d, 0x28, 0x0b, 0xe2, 0x19, 0x00, 0xda, 0x2c, 0x80, 0xc9, 0xd3,
    0x7d, 0x00, 0x40, 0xfc, 0xf2, 0xad, 0xc6, 0x09, 0x6d, 0xf8, 0xe3, 0x66,
    0xcd, 0x3a, 0xb0, 0x83, 0x00, 0xc0, 0xf8, 0xd1, 0x75, 0x10, 0xd0, 0x97,
    0x00, 0xe0, 0xc2, 0x74, 0x3d, 0xc1, 0x89, 0x51, 0xd7, 0x31, 0x7c, 0xa1,
    0xcb, 0xa2, 0x28, 0x5d, 0xf0, 0x00, 0x80, 0x7b, 0x21, 0x2a, 0x93, 0x80,
    0xe7, 0x00, 0xc0, 0x9d, 0x2a, 0x0d, 0x36, 0xe0, 0x82, 0xff, 0x71, 0x79,
    0x19, 0x5a, 0xe1, 0x26, 0x58, 0x01, 0xe0, 0x5f, 0x59, 0x12, 0xbc, 0x3f,
    0xd5, 0x3f, 0x80, 0x89, 0xff, 0xc8, 0x17, 0x06, 0x80, 0x7b, 0xb6, 0xc4,
    0xbf, 0xb8, 0xf3, 0x9d, 0x60, 0x46, 0xc9, 0x72, 0x07, 0x00, 0x33, 0xe7,
    0xc8, 0xc7, 0x84, 0x85, 0xbd, 0x1a, 0x0f, 0x14, 0xce, 0x0c, 0xa0, 0xc3,
    0x00, 0xe0, 0xa6, 0xb9, 0x80, 0x87, 0xc3, 0xe7, 0x39, 0xf8, 0xff, 0xcb,
    0x0d, 0xce, 0x20, 0xfe, 0xb3, 0xff, 0xdf, 0xbf, 0x95, 0x21, 0xf4, 0x05,
    0x78, 0x80, 0xe6, 0xf4, 0xdc, 0xff, 0x8f, 0x10, 0xfe, 0x1f, 0x00, 0xfe,
    0xff, 0xff, 0xff, 0xff, 0x9e, 0xf4, 0xff, 0xff, 0xff, 0x00, 0x6a, 0x6f,
    0x60, 0x26, 0x3a, 0x01, 0x00, 0x00, 0x00, 0x00, 0x51, 0x19, 0x4d, 0x26,
    0xf5, 0x0a, 0x00, 0x00, 0x00, 0x80, 0xed, 0x8a, 0x64, 0x26, 0x4a, 0xf2,
    0xff, 0xff, 0xff, 0x00, 0xf4, 0x14, 0x54, 0x26, 0x1a, 0x0a, 0x00, 0x00,
    0x00, 0x80, 0x2f, 0xbb, 0x7e, 0x26, 0xb5, 0xf9, 0xff, 0xff, 0xff, 0x00,
    0x66, 0x95, 0x6a, 0x26, 0x15, 0xf9, 0xff, 0xff, 0xff, 0x00, 0x01, 0xbf,
    0x71, 0x26, 0x76, 0x01, 0x00, 0x00, 0x00, 0x00, 0xcb, 0x12, 0x58, 0x26,
    0xb0, 0x07, 0x00, 0x00, 0x00, 0x00, 0x91, 0xc2, 0x59, 0x26, 0xd1, 0xf7,
    0xff, 0xff, 0xff, 0x00, 0xf4, 0xf5, 0x5b, 0x26, 0x27, 0x01, 0x00, 0x00,
    0x00, 0x80, 0xee, 0x7e, 0x5f, 0x26, 0xa8, 0x15, 0x00, 0x00, 0x00, 0x00,
    0x17, 0xa7, 0x51, 0x26, 0x9f, 0xdd, 0xff, 0xff, 0xff, 0x80, 0x94, 0xcb,
    0x61, 0x26, 0xa1, 0x08, 0x00, 0x00, 0x00, 0x00, 0x18, 0xbb, 0x5c, 0x26,
    0x08, 0xe4, 0xff, 0xff, 0xff, 0x80, 0x4d, 0x67, 0x48, 0x26, 0x73, 0xe9,
    0xff, 0xff, 0xff, 0x80, 0x27, 0x5c, 0x59, 0x26, 0xf0, 0x07, 0x5c, 0x01,
    0x0c, 0x00, 0x5b, 0x58, 0x61, 0x8e, 0x8c, 0x88, 0x25, 0x34, 0x00, 0x70,
    0xf6, 0x20, 0x41, 0x4f, 0x18, 0x0b, 0x74, 0x00, 0x00, 0xfd, 0x77, 0x1f,
    0x21, 0x49, 0x68, 0x54, 0xa8, 0x52, 0xfc, 0x47, 0x71, 0xa2, 0xb9, 0x35,
    0x5a, 0x00, 0x10, 0xc3, 0x5f, 0xb6, 0x64, 0x01, 0x60, 0xf6, 0x00, 0x00,
    0xa5, 0xb6, 0xfc, 0x8b, 0x8c, 0x75, 0x43, 0x67, 0x14, 0x94, 0xc0, 0xef,
    0x2b, 0x89, 0xac, 0x20, 0x00, 0xd0, 0x0f, 0x7c, 0x21, 0xf3, 0x7e, 0x6f,
    0xd8, 0x44, 0x00, 0xfd, 0x11, 0x52, 0x40, 0x17, 0x3a, 0x82, 0x38, 0x2d,
    0xe0, 0x03, 0xfd, 0xbd, 0xc6, 0x9d, 0xb5, 0x00, 0x10, 0xca, 0xa3, 0x89,
    0x01, 0x26, 0xb3, 0x24, 0x07, 0x00, 0xd8, 0x4b, 0xaf, 0xce, 0x12, 0x4d,
    0xc2, 0x77, 0x1f, 0x97, 0x8b, 0xa9, 0x08, 0x34, 0x32, 0x52, 0x00, 0x60,
    0x69, 0x72, 0xc3, 0xe0, 0x71, 0x22, 0x93, 0x03, 0xf0, 0x1e, 0x57, 0x54,
    0x0b, 0x16, 0xfc, 0xa9, 0x5d, 0xff, 0x2f, 0x58, 0xc6, 0x6a, 0x6c, 0x22,
    0xfc, 0xe2, 0xf8, 0xff, 0x9e, 0x91, 0x32, 0x36, 0x7d, 0xfd, 0x65, 0xcf,
    0xff, 0xff, 0xff, 0xff, 0xff, 0xff, 0xff, 0xff, 0xff, 0xff, 0xff, 0xff,
    0x0f, 0x00, 0x00, 0x60, 0xbf, 0x33, 0x8e, 0x93, 0xd6, 0x90, 0x8e, 0x00,
    0xa0, 0xd3, 0x6f, 0xc2, 0x9d, 0x2c, 0x82, 0xf5, 0x04, 0x00, 0x56, 0xfd,
    0x37, 0xd1, 0x01, 0xf9, 0x6e, 0xa6, 0x3f, 0xe8, 0xf1, 0xde, 0x94, 0x7f,
    0xfc, 0x4b, 0x00, 0xd0, 0xc2, 0x6a, 0xc9, 0x98, 0x56, 0xa4, 0x1b, 0x08,
    0x00, 0x8e, 0x9e, 0xe0, 0xe3, 0x64, 0xac, 0x4d, 0xda, 0x24, 0x5d, 0x18,
    0x8e, 0xc8, 0x37, 0x8d, 0x2c, 0x00, 0x20, 0x19, 0xb4, 0xd4, 0x17, 0x09,
    0x48, 0x64, 0x0e, 0x00, 0x70, 0xbe, 0xca, 0x12, 0xfd, 0x5d, 0x6b, 0x9f,
    0x88, 0x42, 0x80, 0x69, 0x5f, 0x53, 0x93, 0xbe, 0x00, 0x60, 0xb8, 0x5c,
    0x7a, 0xd8, 0xa6, 0xfd, 0xe8, 0x0a, 0x00, 0xd0, 0x5e, 0x01, 0x4a, 0x47,
    0x35, 0xa8, 0x39, 0x81, 0x05, 0xcd, 0xc5, 0xfd, 0xaa, 0x62, 0x53, 0x00,
    0xf0, 0x84, 0x0f, 0x6f, 0x61, 0xcf, 0xc1, 0xaf, 0xfa, 0xff, 0x8a, 0x5a,
    0x1a, 0xfd, 0x78, 0x26, 0x39, 0xff, 0xff, 0xff, 0xff, 0xff, 0xff, 0xff,
    0xff, 0xff, 0xff, 0xff, 0xff, 0xff, 0xff, 0x0f, 0xff, 0xff, 0xff, 0xff,
    0xff, 0xff, 0xff, 0xff, 0xff, 0xff, 0xff, 0xff, 0x0c, 0x1f, 0x00, 0x00,
    0x00, 0x80, 0xf4, 0x54, 0x57, 0x26, 0x8f, 0xf6, 0xff, 0xff, 0xff, 0x00,
    0x29, 0x01, 0x43, 0x25, 0xd1, 0x34, 0x00, 0x00, 0x00, 0x80, 0x16, 0xf3,
    0x6b, 0x27, 0x00, 0x10, 0x00, 0x00, 0x00, 0x00, 0x3d, 0x01, 0x7b, 0x26,
    0x8b, 0x01, 0x00, 0x00, 0x00, 0x00, 0xfe, 0x7e, 0x7e, 0x26, 0xb8, 0xf3,
    0xff, 0xff, 0xff, 0x80, 0xbd, 0x12, 0x7e, 0x26, 0xea, 0x17, 0x00, 0x00,
    0x00, 0x80, 0xd1, 0x08, 0x5c, 0x26, 0xd6, 0xe6, 0xff, 0xff, 0xff, 0x00,
    0x6c, 0x05, 0x50, 0x26, 0x14, 0x03, 0x00, 0x00, 0x00, 0x80, 0xa4, 0x5e,
    0x75, 0x26, 0xcd, 0xfb, 0xff, 0xff, 0xff, 0x00, 0xf9, 0x1e, 0x72, 0x26,
    0xfe, 0xf3, 0xff, 0xff, 0xff, 0x00, 0x44, 0xe0, 0x56, 0x25, 0xc3, 0xef,
    0xff, 0xff, 0xff, 0x00, 0x4e, 0x40, 0x40, 0x25, 0x22, 0x16, 0x00, 0x00,
    0x00, 0x80, 0x8c, 0xe6, 0x52, 0x26, 0xc4, 0x1f, 0x00, 0x00, 0x00, 0x00,
    0xb6, 0x8f, 0x6b, 0x27, 0x15, 0xe5, 0xff, 0xff, 0xff, 0x00, 0xe9, 0xb9,
    0x7a, 0x27, 0x2a, 0xe1, 0xff, 0xff, 0xff, 0x00, 0x52, 0xe7, 0x62, 0x26,
    0xf6, 0x07, 0x5c, 0x00, 0xfc, 0xaf, 0xb1, 0xb4, 0xa5, 0x6f, 0x11, 0x00,
    0x12, 0xee, 0x14, 0xc5, 0xb0, 0xe4, 0xc2, 0x21, 0xd9, 0xad, 0x83, 0x66,
    0xed, 0x6f, 0x40, 0x99, 0x63, 0x11, 0xf1, 0x3f, 0x55, 0x60, 0x51, 0xe3,
    0x1f, 0x49, 0x78, 0x9f, 0x79, 0x8b, 0xb1, 0xa6, 0x94, 0x38, 0x65, 0xb0,
    0x35, 0xe8, 0x1f, 0xa9, 0x39, 0x2d, 0x24, 0xf7, 0x18, 0x80, 0x9b, 0x6e,
    0xfd, 0x14, 0x75, 0x27, 0x04, 0xd7, 0x07, 0x86, 0x68, 0xdc, 0xd6, 0xfe,
    0x9f, 0xc3, 0xda, 0x36, 0x72, 0xe8, 0x4f, 0xc4, 0xa8, 0x79, 0xb3, 0x25,
    0x21, 0x73, 0xb4, 0xb4, 0x16, 0xf1, 0x04, 0xb3, 0xc3, 0x2b, 0xf0, 0x08,
    0x32, 0x42, 0xf4, 0x2f, 0x71, 0xe9, 0x78, 0xa8, 0x54, 0x13, 0x48, 0xda,
    0x92, 0x92, 0xd1, 0x76, 0xb7, 0xba, 0x02, 0x26, 0xe6, 0xb0, 0x90, 0x0d,
    0x38, 0xd0, 0xd0, 0xfb, 0x14, 0x10, 0x10, 0x10, 0x10, 0x10, 0x10, 0x10,
    0x10, 0x8b, 0x28, 0x20, 0x50, 0xe7, 0x0f, 0xa5, 0x97, 0xe2, 0xef, 0x81,
    0xb8, 0x9e, 0xec, 0x51, 0x7a, 0xb8, 0xe9, 0xdf, 0x54, 0xd4, 0x56, 0xa0,
    0xfc, 0xed, 0xa4, 0xe1, 0x76, 0xa8, 0xd6, 0xe7, 0x8f, 0xc2, 0xd9, 0x38,
    0x56, 0xf3, 0xcc, 0x26, 0x0d, 0x4a, 0x07, 0x54, 0xf4, 0x12, 0xef, 0xc0,
    0xa8, 0x37, 0xc9, 0x47, 0xf0, 0xf0, 0xb6, 0x51, 0x21, 0xd5, 0x60, 0xe7,
    0xfa, 0x9f, 0x82, 0x02, 0x58, 0xe6, 0xd6, 0x64, 0xc8, 0x55, 0x24, 0x4d,
    0x38, 0xb6, 0xe5, 0x07, 0xa3, 0xd3, 0xe9, 0x6f, 0x18, 0xca, 0x10, 0xe6,
    0xdf, 0xf7, 0xe7, 0x26, 0xe8, 0x7f, 0xab, 0x10, 0xab, 0x34, 0x77, 0x31,
    0xaa, 0x54, 0x27, 0x25, 0x07, 0x44, 0xb9, 0xd5, 0xc6, 0xdc, 0xe1, 0x68,
    0xa0, 0x74, 0x63, 0x46, 0x18, 0xa4, 0xfa, 0x17, 0xc1, 0x96, 0xcb, 0x9e,
    0x10, 0x10, 0x10, 0x10, 0x10, 0x10, 0x10, 0x60, 0x00, 0x40, 0x00, 0x80,
    0xff, 0xff, 0xff, 0xff, 0xff, 0xff, 0xff, 0xff, 0x48, 0x09, 0x00, 0x00,
    0x00, 0x80, 0x25, 0x10, 0x5b, 0x26, 0xb1, 0xea, 0xff, 0xff, 0xff, 0x00,
    0x5e, 0x9e, 0x66, 0x26, 0x8f, 0x2a, 0x00, 0x00, 0x00, 0x80, 0x31, 0x5e,
    0x57, 0x26, 0x3e, 0x24, 0x00, 0x00, 0x00, 0x80, 0x8d, 0x4f, 0x4e, 0x26,
    0xae, 0x08, 0x00, 0x00, 0x00, 0x00, 0xf3, 0x99, 0x74, 0x26, 0x2f, 0xf6,
    0xff, 0xff, 0xff, 0x80, 0x4e, 0xae, 0x45, 0x26, 0x0b, 0x17, 0x00, 0x00,
    0x00, 0x80, 0xce, 0x14, 0x52, 0x26, 0xf4, 0x07, 0x00, 0x00, 0x00, 0x80,
    0x7b, 0x56, 0x73, 0x26, 0x98, 0x15, 0x00, 0x00, 0x00, 0x80, 0x98, 0x84,
    0x5a, 0x26, 0x0f, 0xef, 0xff, 0xff, 0xff, 0x00, 0xa8, 0x5d, 0x55, 0x26,
    0x41, 0xee, 0xff, 0xff, 0xff, 0x00, 0xae, 0xb1, 0x71, 0x27, 0x96, 0x0f,
    0x00, 0x00, 0x00, 0x00, 0x9e, 0x3d, 0x45, 0x26, 0x65, 0x20, 0x00, 0x00,
    0x00, 0x00, 0xed, 0x15, 0x4c, 0x26, 0x40, 0x16, 0x00, 0x00, 0x00, 0x00,
    0xec, 0x73, 0x4e, 0x26, 0xce, 0xff, 0xff, 0xff, 0xff, 0x80, 0xd2, 0xdb,
    0x41, 0x25, 0x5c, 0xee, 0xff, 0xff, 0xff, 0x00, 0x96, 0xae, 0x5a, 0x26,
    0xe8, 0x07, 0x5c, 0x01, 0x0c, 0x00, 0x2d, 0x41, 0xfd, 0x7f, 0x2a, 0x0e,
    0x3c, 0x4c, 0x00, 0x20, 0x2c, 0xc7, 0x4a, 0xf7, 0x88, 0x93, 0x50, 0x05,
    0x00, 0x75, 0x48, 0x31, 0xab, 0xef, 0x69, 0xeb, 0x27, 0xa4, 0x57, 0x94,
    0x53, 0xbf, 0x79, 0x0f, 0x03, 0x00, 0x90, 0xae, 0xf6, 0xc4, 0x84, 0x37,
    0x94, 0xf0, 0x01, 0x00, 0x93, 0x51, 0x6c, 0xf5, 0xd8, 0x04, 0x42, 0xbe,
    0x5d, 0xb0, 0x3f, 0xbc, 0xb7, 0x0d, 0xa3, 0x19, 0x00, 0x11, 0xd0, 0x24,
    0xc2, 0x51, 0x98, 0xbc, 0xc0, 0x0f, 0x00, 0x53, 0xb0, 0x0a, 0x5f, 0x29,
    0x66, 0xa0, 0x27, 0x2a, 0x28, 0x1b, 0xfd, 0xb4, 0x74, 0xbc, 0x1a, 0x00,
    0x20, 0x14, 0xd5, 0x0f, 0x97, 0xe8, 0xf2, 0x51, 0x0c, 0x00, 0xc5, 0xfd,
    0xc5, 0x63, 0x46, 0x4c, 0x7d, 0x11, 0x30, 0x8c, 0xfd, 0xa7, 0xc2, 0x01,
    0x78, 0xbc, 0x00, 0xc0, 0xcf, 0x82, 0x14, 0x91, 0xfe, 0xee, 0x9b, 0x01,
    0xf0, 0x83, 0x1b, 0x54, 0x3f, 0xfd, 0xaa, 0x39, 0x5d, 0xff, 0x8f, 0x62,
    0xc4, 0x15, 0x30, 0x7a, 0x99, 0x14, 0xf1, 0xff, 0x8e, 0xfd, 0x1a, 0xc9,
    0x0c, 0xac, 0x80, 0xcb, 0xff, 0xff, 0xff, 0xff, 0xff, 0xff, 0xff, 0xff,
    0xff, 0xff, 0xff, 0xff, 0x0f, 0x00, 0x00, 0x38, 0x08, 0x44, 0x5e, 0x16,
    0x43, 0xfc, 0xd2, 0x00, 0xd0, 0xcd, 0x2f, 0xc7, 0x56, 0xe6, 0x35, 0xcb,
    0x0f, 0x00, 0x47, 0xdc, 0xbd, 0x0f, 0x48, 0xe3, 0xcd, 0xdd, 0x26, 0x5d,
    0xf1, 0x70, 0xfd, 0x14, 0x22, 0xe3, 0x00, 0xe0, 0x50, 0x6d, 0x13, 0x16,
    0x14, 0xa0, 0xa3, 0x03, 0x00, 0x87, 0x6a, 0x48, 0x41, 0x7a, 0x7f, 0x26,
    0x21, 0x5c, 0x0e, 0x7a, 0xfc, 0x71, 0x8e, 0xa7, 0x4e, 0x00, 0xa0, 0x15,
    0x9d, 0x78, 0x4a, 0x9b, 0xf9, 0x6b, 0x05, 0x00, 0xa6, 0x02, 0x3e, 0x50,
    0x15, 0x06, 0x3a, 0x96, 0x48, 0x5b, 0x8c, 0x40, 0x41, 0xcb, 0x40, 0x20,
    0x80, 0x50, 0x56, 0x3d, 0xb5, 0x69, 0x6c, 0x0a, 0x92, 0x07, 0x00, 0x48,
    0x8d, 0x14, 0x3c, 0xb3, 0x6c, 0x36, 0x8a, 0x2f, 0x72, 0x42, 0x02, 0x00,
    0xfd, 0x72, 0x0c, 0x00, 0x30, 0x41, 0x91, 0x74, 0xe0, 0xd6, 0x1f, 0x01,
    0xf0, 0xff, 0x8c, 0x45, 0xaa, 0x22, 0x1a, 0x81, 0xff, 0xff, 0xff, 0xff,
    0xff, 0xff, 0xff, 0xff, 0xff, 0xff, 0xff, 0xff, 0xff, 0xff, 0x0f, 0xff,
    0xff, 0xff, 0xff, 0xff, 0xff, 0xff, 0xff, 0xff, 0xff, 0xff, 0xff, 0xff,
    0xae, 0x18, 0x00, 0x00, 0x00, 0x80, 0xd2, 0xe1, 0x69, 0x26, 0x81, 0xe3,
    0xff, 0xff, 0xff, 0x80, 0xd2, 0x8f, 0x53, 0x26, 0xa1, 0xff, 0xff, 0xff,
    0xff, 0x80, 0x5f, 0xd4, 0x51, 0x25, 0x6b, 0xf3, 0xff, 0xff, 0xff, 0x80,
    0xbd, 0x06, 0x51, 0x25, 0x4c, 0xf0, 0xff, 0xff, 0xff, 0x80, 0xf9, 0x5f,
    0x5a, 0x26, 0xf0, 0xef, 0xff, 0xff, 0xff, 0x80, 0x3e, 0x45, 0x41, 0x25,
    0x60, 0xef, 0xff, 0xff, 0xff, 0x00, 0x34, 0x00, 0x67, 0x26, 0x40, 0x00,
    0x00, 0x00, 0x00, 0x80, 0xec, 0xe2, 0x47, 0x25, 0xc3, 0x15, 0x00, 0x00,
    0x00, 0x00, 0x9f, 0x67, 0x67, 0x26, 0x4a, 0x11, 0x00, 0x00, 0x00, 0x80,
    0x95, 0x17, 0x6c, 0x26, 0x97, 0xf0, 0xff, 0xff, 0xff, 0x80, 0xf3, 0xbb,
    0x4e, 0x25, 0xff, 0xff, 0xff, 0xff, 0xff, 0x00, 0xa9, 0x39, 0x75, 0x26,
    0xcc, 0xf0, 0xff, 0xff, 0xff, 0x80, 0xe5, 0xf1, 0x4b, 0x25, 0x80, 0x28,
    0x00, 0x00, 0x00, 0x00, 0x9b, 0x9f, 0x6e, 0x26, 0x57, 0xf7, 0xff, 0xff,
    0xff, 0x00, 0xd3, 0x94, 0x40, 0x25, 0x78, 0xfd, 0xff, 0xff, 0xff, 0x80,
    0x04, 0xd8, 0x77, 0x26, 0x78, 0x04, 0xdc, 0x01, 0x0c, 0x00, 0x6c, 0x63,
    0xb4, 0xfb, 0xfb, 0xd3, 0x0f, 0x33, 0x00, 0x70, 0x46, 0x32, 0x58, 0x9b,
    0xc9, 0xa6, 0x62, 0x05, 0x00, 0x7d, 0x93, 0xfc, 0x1f, 0x6e, 0x49, 0x2e,
    0x8d, 0xf0, 0xf7, 0x23, 0xd5, 0x29, 0x95, 0x71, 0x35, 0x00, 0x20, 0xf5,
    0x5d, 0xa1, 0x64, 0x38, 0x79, 0xb4, 0x01, 0x00, 0x42, 0xc5, 0xad, 0x1b,
    0xa4, 0x84, 0xfb, 0xab, 0x7e, 0x87, 0x83, 0x40, 0x6d, 0xfb, 0x0c, 0xbe,
    0x00, 0xe0, 0x51, 0xa9, 0x2a, 0x73, 0x06, 0x75, 0xc4, 0x0f, 0x00, 0x80,
    0xfc, 0x9d, 0x17, 0x6b, 0xd0, 0xfb, 0x46, 0xc6, 0x5e, 0xcb, 0xfc, 0xa3,
    0xc8, 0x00, 0x55, 0x00, 0x30, 0x01, 0xf8, 0x22, 0xad, 0x52, 0x34, 0x64,
    0x04, 0x00, 0xbe, 0x6f, 0xfb, 0x9d, 0xda, 0x3c, 0x16, 0xbc, 0xc8, 0x48,
    0x29, 0xe9, 0x03, 0x3a, 0x81, 0x08, 0x00, 0xb0, 0xbf, 0x05, 0x32, 0x95,
    0xf5, 0x42, 0x25, 0x0a, 0x00, 0x8a, 0xac, 0xb1, 0x3a, 0xfb, 0x7c, 0xc9,
    0x1f, 0x40, 0x74, 0x96, 0xf6, 0x04, 0x96, 0x1b, 0xdf, 0xf0, 0xcf, 0xcf,
    0x7f, 0x45, 0x11, 0x1a, 0xb3, 0x18, 0xf5, 0xff, 0x27, 0x9f, 0xb8, 0xc1,
    0xc1, 0xfc, 0xd0, 0xfb, 0x0f, 0xf0, 0xff, 0xff, 0x0f, 0x00, 0xff, 0xff,
    0x48, 0xf5, 0xff, 0xff, 0xff, 0x80, 0x67, 0xe9, 0x65, 0x27, 0xb2, 0x07,
    0x00, 0x00, 0x00, 0x00, 0xb1, 0x36, 0x66, 0x26, 0x62, 0x04, 0x00, 0x00,
    0x00, 0x80, 0xfa, 0xd0, 0x73, 0x26, 0xc4, 0x0d, 0x00, 0x00, 0x00, 0x00,
    0xbf, 0xe9, 0x46, 0x26, 0x66, 0xf6, 0xff, 0xff, 0xff, 0x00, 0x40, 0xbf,
    0x54, 0x26, 0xa2, 0x1a, 0x00, 0x00, 0x00, 0x80, 0xe8, 0xe8, 0x46, 0x26,
    0x24, 0xe6, 0xff, 0xff, 0xff, 0x80, 0x8d, 0x9a, 0x67, 0x26, 0x45, 0x2f,
    0x00, 0x00, 0x00, 0x00, 0xaf, 0x48, 0x78, 0x27, 0xae, 0xef, 0xff, 0xff,
    0xff, 0x80, 0xba, 0x7f, 0x63, 0x26, 0x42, 0x1d, 0x00, 0x00, 0x00, 0x00,
    0xc4, 0x61, 0x43, 0x26, 0x44, 0x1e, 0x00, 0x00, 0x00, 0x00, 0x95, 0x1e,
    0x4e, 0x26, 0x9e, 0xff, 0xff, 0xff, 0xff, 0x00, 0xea, 0x57, 0x7d, 0x27,
    0x76, 0x08, 0x00, 0x00, 0x00, 0x00, 0x52, 0x24, 0x44, 0x26, 0xd8, 0xf9,
    0xff, 0xff, 0xff, 0x80, 0x27, 0x1c, 0x67, 0x26, 0xa9, 0xea, 0xff, 0xff,
    0xff, 0x00, 0xbf, 0x51, 0x5e, 0x26, 0x13, 0xd9, 0xff, 0xff, 0xff, 0x80,
    0x2b, 0xdb, 0x4e, 0x26, 0xf8, 0x07, 0xdc, 0x01, 0x0c, 0x00, 0xe5, 0x69,
    0x17, 0x7e, 0xe0, 0xb6, 0x83, 0xb0, 0x00, 0xd0, 0x06, 0x6b, 0xe9, 0xa1,
    0xc1, 0xff, 0xc5, 0x02, 0x00, 0x20, 0x22, 0x15, 0x6f, 0x75, 0x81, 0x05,
    0x96, 0x9c, 0xfc, 0x2c, 0xf6, 0x31, 0x31, 0x93, 0x91, 0x00, 0x30, 0x05,
    0xc5, 0x8f, 0x90, 0x84, 0xcc, 0x39, 0x06, 0x00, 0x00, 0x29, 0x24, 0xfc,
    0x57, 0x81, 0xb4, 0x1d, 0x48, 0x31, 0x9a, 0x0b, 0x0b, 0x93, 0x4f, 0x09,
    0x00, 0x00, 0xee, 0x73, 0x23, 0xf2, 0xa5, 0xd4, 0x34, 0x00, 0x00, 0xa7,
    0xc1, 0xa5, 0x62, 0xfc, 0xb5, 0xbf, 0x96, 0x53, 0x27, 0x56, 0x2b, 0x1a,
    0x14, 0x37, 0xf1, 0x00, 0xb0, 0xa7, 0xc2, 0xa4, 0x70, 0xc4, 0x3f, 0x53,
    0x07, 0x00, 0x6b, 0x80, 0x2c, 0x4f, 0x91, 0x4e, 0x8b, 0x6a, 0x0c, 0x41,
    0x26, 0xad, 0x89, 0xb3, 0x48, 0xb5, 0x00, 0x80, 0xd2, 0x93, 0x25, 0x66,
    0x88, 0xd5, 0x60, 0x02, 0xf0, 0xb5, 0xd5, 0x32, 0x13, 0x00, 0xfb, 0xa4,
    0x5b, 0xff, 0x8f, 0x09, 0xc9, 0x24, 0x75, 0xc3, 0x4f, 0x34, 0xf2, 0xff,
    0x0a, 0x44, 0x3a, 0x7a, 0xfb, 0x03, 0x07, 0x6f, 0xff, 0xff, 0xff, 0xff,
    0xff, 0xff, 0xff, 0xff, 0xff, 0xff, 0xff, 0xff, 0x0f, 0x00, 0x00, 0x68,
    0xa6, 0x41, 0x71, 0x77, 0x95, 0x70, 0x72, 0x00, 0x80, 0x0f, 0xf4, 0x60,
    0xc8, 0x65, 0xb1, 0x0f, 0x07, 0x00, 0xa9, 0x3c, 0x47, 0x9a, 0x87, 0x03,
    0xc0, 0x42, 0x26, 0x62, 0x92, 0x07, 0xe5, 0xa6, 0xfb, 0xb2, 0x00, 0x50,
    0x82, 0x15, 0x73, 0xb1, 0xc1, 0xff, 0xd5, 0x00, 0x00, 0x09, 0xa2, 0x0a,
    0xdd, 0x0e, 0x15, 0x58, 0x35, 0x4a, 0xd1, 0x7e, 0x98, 0xc3, 0x6f, 0x3e,
    0x1a, 0x00, 0xa0, 0x10, 0x13, 0x9a, 0xa4, 0x5a, 0x0d, 0x05, 0x04, 0x00,
    0x2e, 0x72, 0x2b, 0x70, 0xbd, 0xee, 0xfc, 0x94, 0xcb, 0x5e, 0x3a, 0x17,
    0x91, 0xe4, 0x20, 0x8a, 0x00, 0xf0, 0xc0, 0x72, 0xec, 0x8a, 0xb2, 0x0f,
    0x28, 0x06, 0x00, 0x2c, 0x9b, 0x7c, 0x10, 0xba, 0x09, 0xc3, 0x01, 0x0b,
    0x94, 0x11, 0x3e, 0x08, 0xe5, 0x75, 0x2d, 0x00, 0x10, 0xc6, 0xb5, 0x3f,
    0x12, 0x5b, 0xb2, 0x01, 0xf5, 0xff, 0xdd, 0x87, 0xb5, 0xfb, 0x6a, 0xad,
    0x81, 0xf5, 0xff, 0xff, 0xff, 0xff, 0xff, 0xff, 0xff, 0xff, 0xff, 0xff,
    0xff, 0xff, 0xff, 0xff, 0x0f, 0xff, 0xff, 0xff, 0xff, 0xff, 0xff, 0xff,
    0xff, 0xff, 0xff, 0xff, 0xed, 0xef, 0xff, 0xff, 0xff, 0x00, 0xdf, 0x64,
    0x6b, 0x26, 0x86, 0x01, 0x00, 0x00, 0x00, 0x00, 0x57, 0x0d, 0x6f, 0x26,
    0xa8, 0xf3, 0xff, 0xff, 0xff, 0x80, 0x7c, 0xa1, 0x5b, 0x26, 0x2b, 0xea,
    0xff, 0xff, 0xff, 0x00, 0x13, 0xe1, 0x63, 0x26, 0xd4, 0x02, 0x00, 0x00,
    0x00, 0x00, 0x81, 0x7d, 0x50, 0x25, 0x8f, 0x1a, 0x00, 0x00, 0x00, 0x00,
    0x59, 0x29, 0x45, 0x25, 0x50, 0xdf, 0xff, 0xff, 0xff, 0x80, 0x65, 0xc7,
    0x50, 0x26, 0x85, 0xec, 0xff, 0xff, 0xff, 0x80, 0xfd, 0xcd, 0x7e, 0x26,
    0xe2, 0xee, 0xff, 0xff, 0xff, 0x80, 0x6c, 0xfa, 0x6d, 0x26, 0xc1, 0xf5,
    0xff, 0xff, 0xff, 0x80, 0x5a, 0xb8, 0x43, 0x25, 0xf9, 0xdc, 0xff, 0xff,
    0xff, 0x00, 0x7d, 0x4f, 0x6a, 0x27, 0xa8, 0xe5, 0xff, 0xff, 0xff, 0x80,
    0x60, 0x75, 0x4e, 0x26, 0x5f, 0xec, 0xff, 0xff, 0xff, 0x00, 0xe4, 0x17,
    0x43, 0x26, 0x4b, 0x15, 0x00, 0x00, 0x00, 0x00, 0x81, 0xa5, 0x41, 0x25,
    0x7a, 0xf1, 0xff, 0xff, 0xff, 0x80, 0x92, 0x9b, 0x6b, 0x26, 0x62, 0x0e,
    0x00, 0x00, 0x00, 0x80, 0x98, 0xcf, 0x49, 0x26, 0xfe, 0x07, 0x5c, 0x00,
    0x8c, 0x54, 0x03, 0x03, 0x92, 0xb0, 0x09, 0xe3, 0xab, 0x30, 0x5e, 0x39,
    0x70, 0xd8, 0xa1, 0x48, 0x7a, 0x6a, 0xb0, 0xc1, 0x88, 0xf0, 0xbf, 0x6a,
    0x03, 0x4a, 0x8b, 0x2c, 0x15, 0x81, 0xe1, 0xd4, 0xe6, 0x4f, 0x33, 0x1a,
    0x1a, 0x77, 0x52, 0xd2, 0x20, 0xd4, 0x59, 0xf3, 0xb2, 0xf1, 0x76, 0x21,
    0xa1, 0xb6, 0x00, 0xad, 0x26, 0x08, 0xf5, 0x31, 0xa3, 0x1f, 0xfb, 0xfb,
    0x11, 0xb0, 0xe9, 0xef, 0x3f, 0x2a, 0x78, 0x85, 0xec, 0xbf, 0x28, 0xf7,
    0x45, 0xb8, 0x6b, 0x22, 0x25, 0x36, 0x27, 0x64, 0xd4, 0xf0, 0xe5, 0x1f,
    0xb0, 0xc9, 0x03, 0xda, 0xf1, 0x29, 0x84, 0xe3, 0x7f, 0x98, 0xd5, 0x80,
    0xb6, 0x0c, 0xd3, 0x22, 0xe4, 0x23, 0x85, 0x1a, 0xb6, 0xe7, 0x6f, 0xc9,
    0x55, 0x08, 0xc3, 0xa5, 0xe7, 0xaa, 0x43, 0xb2, 0x85, 0x88, 0x44, 0x47,
    0x16, 0x10, 0x10, 0x10, 0x10, 0x10, 0x10, 0x10, 0xe0, 0xff, 0x7f, 0xe7,
    0x1c, 0x6c, 0xe7, 0x7f, 0xa4, 0x6f, 0x74, 0xe0, 0x4e, 0x72, 0x6b, 0x47,
    0x1b, 0x47, 0xe3, 0x2f, 0xb6, 0xf1, 0x48, 0x4e, 0x2c, 0x2c, 0x88, 0xe0,
    0x0f, 0x86, 0x76, 0x97, 0x42, 0x93, 0x50, 0x6c, 0xed, 0x1a, 0x9a, 0x10,
    0x9e, 0xd4, 0x0b, 0xaf, 0x76, 0x83, 0x20, 0x6a, 0x51, 0x62, 0x23, 0xa2,
    0x00, 0xf2, 0x7f, 0x07, 0x44, 0x62, 0xdc, 0xa7, 0xe4, 0x53, 0x83, 0x35,
    0x34, 0x07, 0x47, 0xa0, 0x7b, 0x79, 0xc0, 0x4a, 0x16, 0xb3, 0x04, 0xbd,
    0xc5, 0x4e, 0xd2, 0xb6, 0x64, 0xd2, 0x07, 0x2f, 0xc8, 0x99, 0x01, 0xe8,
    0x4d, 0x6d, 0x8b, 0xef, 0x03, 0x9f, 0xd1, 0x57, 0xbd, 0x05, 0xb6, 0x99,
    0x4f, 0x3e, 0x10, 0x77, 0x07, 0x68, 0x04, 0xfd, 0x54, 0xbb, 0x23, 0xf2,
    0xf6, 0x03, 0x84, 0xfb, 0xeb, 0x3f, 0xf1, 0xf4, 0x1f, 0x10, 0x10, 0x10,
    0x10, 0x10, 0x10, 0x10, 0xf0, 0xff, 0xff, 0xff, 0xff, 0xff, 0xff, 0xff,
    0xff, 0xff, 0xff, 0xff, 0xc8, 0xf0, 0xff, 0xff, 0xff, 0x80, 0x1b, 0xb0,
    0x43, 0x26, 0xd5, 0x1c, 0x00, 0x00, 0x00, 0x00, 0x87, 0xc8, 0x6d, 0x27,
    0x3c, 0x15, 0x00, 0x00, 0x00, 0x80, 0x5f, 0x86, 0x57, 0x26, 0x1c, 0xd5,
    0xff, 0xff, 0xff, 0x00, 0xdc, 0x01, 0x45, 0x26, 0x6a, 0x19, 0x00, 0x00,
    0x00, 0x00, 0x3e, 0xea, 0x65, 0x27, 0xa9, 0x29, 0x00, 0x00, 0x00, 0x00,
    0x80, 0x4d, 0x59, 0x27, 0xc5, 0xdb, 0xff, 0xff, 0xff, 0x00, 0xcb, 0xd2,
    0x4f, 0x26, 0x32, 0xfa, 0xff, 0xff, 0xff, 0x80, 0x05, 0x07, 0x55, 0x26,
    0xd6, 0xfa, 0xff, 0xff, 0xff, 0x80, 0x19, 0x49, 0x45, 0x26, 0x83, 0xfa,
    0xff, 0xff, 0xff, 0x80, 0x4e, 0xe1, 0x41, 0x26, 0x2f, 0xf5, 0xff, 0xff,
    0xff, 0x00, 0xf8, 0x34, 0x79, 0x27, 0xc2, 0xec, 0xff, 0xff, 0xff, 0x80,
    0xf5, 0x5d, 0x64, 0x27, 0xb2, 0xe3, 0xff, 0xff, 0xff, 0x00, 0x78, 0x3c,
    0x5f, 0x26, 0x9b, 0x01, 0x00, 0x00, 0x00, 0x80, 0x15, 0x57, 0x59, 0x26,
    0x09, 0x2e, 0x00, 0x00, 0x00, 0x80, 0x37, 0x64, 0x50, 0x27, 0xf9, 0x02,
    0x00, 0x00, 0x00, 0x80, 0x02, 0xe9, 0x67, 0x27, 0xe8, 0x07, 0x5c, 0x01,
    0x0c, 0x00, 0x2b, 0x69, 0x54, 0x60, 0x3d, 0xa5, 0x34, 0x6c, 0x00, 0x60,
    0x5d, 0xf2, 0xf6, 0xed, 0xa9, 0xcc, 0xf1, 0x08, 0x00, 0x8a, 0x6e, 0x5f,
    0x66, 0xdd, 0x30, 0x65, 0x73, 0x75, 0x6d, 0x7d, 0xaa, 0x01, 0xe0, 0x83,
    0xb8, 0x00, 0x50, 0xe9, 0x77, 0x43, 0x47, 0x58, 0xc4, 0xe7, 0x04, 0x00,
    0x4d, 0xad, 0x7f, 0xb5, 0xae, 0x04, 0x81, 0xab, 0xfa, 0x3a, 0x42, 0x40,
    0x28, 0x3d, 0x4c, 0x48, 0x00, 0x10, 0xeb, 0x5b, 0x90, 0xf4, 0x52, 0x6c,
    0x04, 0x05, 0x00, 0xdb, 0x92, 0x86, 0xa4, 0x22, 0xfc, 0xd2, 0x89, 0x63,
    0x69, 0xfd, 0xa1, 0x79, 0x17, 0x54, 0xb1, 0x00, 0x40, 0xd3, 0x06, 0xd9,
    0x1f, 0xf2, 0x24, 0x16, 0x01, 0x10, 0xcc, 0xd6, 0x00, 0x3e, 0x94, 0x1a,
    0xfc, 0x76, 0x93, 0x3b, 0x64, 0xb7, 0xa5, 0x56, 0xfd, 0x04, 0x00, 0xd0,
    0x73, 0x28, 0xd7, 0x7f, 0x03, 0x21, 0x51, 0x04, 0xf0, 0x62, 0x5d, 0xfc,
    0x47, 0x0a, 0xf2, 0x26, 0xfc, 0xff, 0xbf, 0xe3, 0x86, 0x9f, 0x32, 0x55,
    0x17, 0x64, 0xf8, 0xff, 0x97, 0x43, 0x28, 0xf2, 0xa5, 0x0b, 0xa6, 0x3c,
    0xff, 0xff, 0xff, 0xff, 0xff, 0xff, 0xff, 0xff, 0xff, 0xff, 0xff, 0xff,
    0x0f, 0x00, 0x00, 0xa2, 0xfc, 0xe2, 0xe3, 0x99, 0x4f, 0xfa, 0x81, 0x00,
    0x70, 0x30, 0x26, 0xe2, 0x84, 0x37, 0xc7, 0x2f, 0x07, 0x00, 0x23, 0x4c,
    0xd6, 0xeb, 0x64, 0xa2, 0xfc, 0x41, 0x98, 0x4d, 0x3d, 0x79, 0x06, 0xae,
    0xfc, 0x49, 0x00, 0x50, 0xb0, 0xf6, 0xf7, 0xc1, 0xef, 0xb6, 0x18, 0x0b,
    0x00, 0x56, 0x7d, 0xf7, 0x90, 0xa7, 0x5a, 0xfd, 0xcf, 0xfd, 0x32, 0x2d,
    0x7c, 0x1c, 0x71, 0x92, 0xdc, 0x00, 0x20, 0xe1, 0xa2, 0xd9, 0xd0, 0xd3,
    0xbf, 0x75, 0x04, 0x00, 0x1d, 0x53, 0xd7, 0x06, 0xc9, 0xc6, 0x16, 0xaa,
    0x6c, 0x8e, 0xa3, 0x27, 0x2c, 0x3f, 0x2a, 0x51, 0x00, 0x24, 0xc1, 0x1a,
    0xeb, 0x94, 0x73, 0x4d, 0x96, 0x01, 0x00, 0xfc, 0x1b, 0xa6, 0x3f, 0x88,
    0x7c, 0xe6, 0x43, 0x06, 0x76, 0x16, 0x03, 0x91, 0x41, 0x69, 0x19, 0x00,
    0x30, 0x83, 0xd1, 0xba, 0xa2, 0x99, 0xf2, 0x65, 0xf9, 0xff, 0x70, 0x30,
    0x70, 0x86, 0x09, 0x05, 0xff, 0xff, 0xff, 0xff, 0xff, 0xff, 0xff, 0xff,
    0xff, 0xff, 0xff, 0xff, 0xff, 0xff, 0x0f, 0xff, 0xff, 0xff, 0xff, 0xff,
    0xff, 0xff, 0xff, 0xff, 0xff, 0xff, 0xff, 0xff, 0x90, 0x06, 0x00, 0x00,
    0x00, 0x80, 0x5f, 0xfc, 0x59, 0x25, 0x28, 0xe8, 0xff, 0xff, 0xff, 0x80,
    0x3e, 0xa9, 0x62, 0x26, 0x8e, 0x15, 0x00, 0x00, 0x00, 0x80, 0x1f, 0xaf,
    0x5e, 0x26, 0x6f, 0xe5, 0xff, 0xff, 0xff, 0x80, 0x10, 0xfb, 0x4e, 0x26,
    0xfd, 0x18, 0x00, 0x00, 0x00, 0x80, 0x54, 0x08, 0x50, 0x25, 0x32, 0xfa,
    0xff, 0xff, 0xff, 0x80, 0x8d, 0x04, 0x5e, 0x25, 0x6a, 0xe2, 0xff, 0xff,
    0xff, 0x00, 0x53, 0x1e, 0x7f, 0x27, 0x31, 0xed, 0xff, 0xff, 0xff, 0x00,
    0x0c, 0x80, 0x57, 0x26, 0x26, 0x18, 0x00, 0x00, 0x00, 0x00, 0xa1, 0xd3,
    0x5b, 0x26, 0x40, 0xd7, 0xff, 0xff, 0xff, 0x00, 0x8b, 0x99, 0x5f, 0x27,
    0x6e, 0xf8, 0xff, 0xff, 0xff, 0x00, 0xfb, 0xb3, 0x59, 0x25, 0xa4, 0x2c,
    0x00, 0x00, 0x00, 0x80, 0x29, 0x0d, 0x77, 0x27, 0x9b, 0x0d, 0x00, 0x00,
    0x00, 0x80, 0x95, 0xf4, 0x67, 0x26, 0x63, 0xeb, 0xff, 0xff, 0xff, 0x00,
    0xd7, 0xb3, 0x69, 0x26, 0x82, 0xe3, 0xff, 0xff, 0xff, 0x00, 0x22, 0x25,
    0x65, 0x26, 0x1a, 0x2d, 0x00, 0x00, 0x00, 0x00, 0xfc, 0x6a, 0x47, 0x26,
    0xfe, 0x07, 0x5c, 0x00, 0x5c, 0xe1, 0xf7, 0x01, 0xc1, 0xe1, 0x0c, 0x58,
    0x50, 0xb0, 0x31, 0xa2, 0xf6, 0x0f, 0x75, 0xc0, 0x0a, 0x87, 0xeb, 0x32,
    0xa8, 0x22, 0x49, 0x27, 0x5a, 0xa3, 0xd3, 0xe0, 0x3f, 0xfd, 0xfc, 0xea,
    0x86, 0x40, 0xf6, 0x56, 0x10, 0xf7, 0xef, 0xb9, 0xd9, 0xe4, 0xd0, 0x2f,
    0x83, 0xe8, 0x0a, 0xe9, 0x0f, 0xc1, 0xf7, 0xea, 0x53, 0x74, 0x98, 0xe9,
    0xd3, 0x80, 0x9a, 0x96, 0xd4, 0xe7, 0x6a, 0x9b, 0xd1, 0x49, 0xae, 0x6a,
    0x0b, 0xf1, 0xc0, 0xbe, 0x61, 0x5c, 0x6f, 0xd9, 0xe6, 0x60, 0x96, 0x41,
    0xfd, 0x3f, 0xf3, 0xbf, 0x95, 0x26, 0x7f, 0xa7, 0x81, 0xd3, 0x24, 0x00,
    0xfa, 0xf2, 0xc7, 0xd2, 0x29, 0xe2, 0xef, 0x00, 0xfc, 0x36, 0x14, 0x97,
    0xd1, 0x93, 0xfc, 0x4a, 0x46, 0xbc, 0xe7, 0xaf, 0x8b, 0x14, 0xaa, 0xa2,
    0x34, 0x80, 0x61, 0x7b, 0x1a, 0x10, 0x10, 0x10, 0x10, 0x10, 0x10, 0x10,
    0x90, 0x6f, 0x16, 0x48, 0xf3, 0x0f, 0x27, 0x12, 0x8d, 0xa2, 0x58, 0x50,
    0xa3, 0x01, 0xe3, 0xcf, 0x92, 0x60, 0x55, 0x9c, 0x59, 0xab, 0xa6, 0xc2,
    0xd0, 0x61, 0xa9, 0xa9, 0x29, 0xe6, 0xc0, 0xb6, 0x95, 0x42, 0xe5, 0x5f,
    0x03, 0x31, 0x93, 0x55, 0x59, 0xed, 0x85, 0x98, 0x51, 0xe8, 0x1f, 0xdd,
    0x7a, 0xba, 0x61, 0xf8, 0x39, 0x25, 0x33, 0xf5, 0x51, 0x67, 0x73, 0x23,
    0xf5, 0xa7, 0x20, 0x05, 0xb3, 0x42, 0x0a, 0x53, 0x06, 0xc7, 0x14, 0x17,
    0x14, 0x00, 0x9f, 0xfa, 0x6f, 0x52, 0x67, 0xbe, 0xfd, 0x3f, 0xeb, 0x33,
    0x38, 0xa4, 0x37, 0x22, 0x04, 0x25, 0x97, 0x80, 0xa2, 0x54, 0xa2, 0xbe,
    0x13, 0x61, 0xe3, 0xf2, 0x29, 0x16, 0x66, 0x94, 0xe8, 0xea, 0xef, 0x91,
    0x25, 0x63, 0x49, 0xfa, 0xc5, 0xd8, 0x51, 0x10, 0x1f, 0x21, 0x04, 0xfd,
    0x1f, 0x10, 0x10, 0x10, 0x10, 0x10, 0x10, 0x10, 0xf0, 0xff, 0xff, 0xff,
    0xff, 0xff, 0xff, 0xff, 0xff, 0xff, 0xff, 0xff, 0xe5, 0xf7, 0xff, 0xff,
    0xff, 0x80, 0x33, 0x1c, 0x62, 0x26, 0xf4, 0xfc, 0xff, 0xff, 0xff, 0x00,
    0x8f, 0x03, 0x7d, 0x26, 0x73, 0x27, 0x00, 0x00, 0x00, 0x00, 0xf7, 0x51,
    0x65, 0x26, 0xb0, 0x14, 0x00, 0x00, 0x00, 0x00, 0x06, 0x71, 0x51, 0x26,
    0x49, 0x06, 0x00, 0x00, 0x00, 0x00, 0x84, 0x39, 0x59, 0x26, 0x8c, 0xde,
    0xff, 0xff, 0xff, 0x80, 0x95, 0x0d, 0x7f, 0x26, 0x72, 0x03, 0x00, 0x00,
    0x00, 0x00, 0x42, 0x1e, 0x76, 0x26, 0x05, 0xf1, 0xff, 0xff, 0xff, 0x00,
    0x44, 0x2d, 0x5f, 0x26, 0x60, 0x13, 0x00, 0x00, 0x00, 0x80, 0x61, 0x64,
    0x7b, 0x26, 0x9c, 0x0d, 0x00, 0x00, 0x00, 0x00, 0xca, 0x7b, 0x46, 0x25,
    0xdf, 0x01, 0x00, 0x00, 0x00, 0x00, 0x5d, 0x3f, 0x66, 0x26, 0x74, 0xf1,
    0xff, 0xff, 0xff, 0x80, 0x86, 0x04, 0x75, 0x26, 0xdc, 0x00, 0x00, 0x00,
    0x00, 0x00, 0x3b, 0xcd, 0x4b, 0x25, 0xfc, 0xe6, 0xff, 0xff, 0xff, 0x80,
    0xf6, 0xdd, 0x40, 0x26, 0xd3, 0x2e, 0x00, 0x00, 0x00, 0x80, 0x7b, 0xeb,
    0x51, 0x26, 0x2d, 0x1d, 0x00, 0x00, 0x00, 0x80, 0xba, 0xfc, 0x61, 0x26,
    0xf0, 0x07, 0x5c, 0x01, 0x0c, 0x00, 0x87, 0x30, 0x64, 0x02, 0xfd, 0xec,
    0xdf, 0x0d, 0x00, 0xc0, 0xef, 0x76, 0x37, 0x72, 0xe9, 0x17, 0xc1, 0x0d,
    0x00, 0xe5, 0xd1, 0xdb, 0x94, 0x2e, 0x88, 0x91, 0x18, 0x85, 0x81, 0xfd,
    0x39, 0xe0, 0x3e, 0x17, 0x68, 0x00, 0x00, 0x03, 0x92, 0x60, 0xd1, 0xff,
    0x68, 0x50, 0x03, 0x00, 0x04, 0x54, 0x80, 0x27, 0x58, 0x1f, 0xa3, 0x2a,
    0x1b, 0x1f, 0x53, 0x47, 0x4d, 0x1c, 0x18, 0x3d, 0x00, 0x20, 0x27, 0xe2,
    0xa3, 0x93, 0xc6, 0xb8, 0x87, 0x09, 0x00, 0xae, 0xad, 0x70, 0x7c, 0x0c,
    0x4f, 0xba, 0x0c, 0x01, 0x01, 0x50, 0xdd, 0x5b, 0x36, 0x64, 0x33, 0x00,
    0xa0, 0x80, 0xb0, 0x6c, 0xf9, 0x3d, 0x74, 0xdc, 0x0f, 0x00, 0xc7, 0xb3,
    0x97, 0x76, 0x9b, 0x29, 0x35, 0x2e, 0x1d, 0x50, 0xaa, 0x50, 0x5e, 0x83,
    0x48, 0x39, 0x00, 0x68, 0x83, 0xe1, 0xc1, 0x1f, 0xc0, 0xf8, 0x41, 0x0a,
    0xf0, 0x04, 0x4d, 0x87, 0xfc, 0x1a, 0x33, 0x62, 0xd5, 0xff, 0x8f, 0xc5,
    0x7f, 0xd0, 0x14, 0x63, 0x07, 0x83, 0xf6, 0xff, 0xfd, 0xa1, 0x21, 0x69,
    0x26, 0x48, 0x18, 0x0b, 0xff, 0xff, 0xff, 0xff, 0xff, 0xff, 0xff, 0xff,
    0xff, 0xff, 0xff, 0xff, 0x0f, 0x00, 0x00, 0xd2, 0x44, 0x2f, 0x9d, 0xa5,
    0x03, 0x9d, 0x10, 0x00, 0x10, 0x61, 0xb3, 0xfa, 0x10, 0xb2, 0xc6, 0x93,
    0x00, 0x00, 0x59, 0x56, 0xf6, 0x96, 0xf4, 0x23, 0x30, 0x2c, 0x23, 0x56,
    0x2d, 0x48, 0x2d, 0x21, 0x41, 0xa2, 0x00, 0xe0, 0xa0, 0x6a, 0x02, 0x85,
    0x0e, 0x15, 0x52, 0x08, 0x00, 0x06, 0x0e, 0x01, 0x65, 0x09, 0xa1, 0x31,
    0x64, 0x0f, 0x30, 0xfd, 0xab, 0x14, 0x5f, 0xe5, 0x4e, 0x00, 0xf0, 0x17,
    0x29, 0x35, 0x30, 0x47, 0xd4, 0x58, 0x0d, 0x00, 0x00, 0x16, 0x0b, 0x2b,
    0x54, 0x8d, 0xfc, 0x14, 0x71, 0x67, 0xfc, 0x15, 0x09, 0x64, 0x0b, 0x77,
    0x00, 0x50, 0xa9, 0xc4, 0x46, 0xd2, 0x2f, 0xb8, 0xd8, 0x06, 0x00, 0x99,
    0xfc, 0x34, 0xe5, 0x26, 0x57, 0x74, 0x71, 0x79, 0xa7, 0xfc, 0x4f, 0xd8,
    0x36, 0x16, 0x81, 0x00, 0x60, 0xc3, 0x93, 0x3b, 0x98, 0x70, 0xd7, 0x9f,
    0xfb, 0xff, 0xc3, 0x68, 0x5c, 0x41, 0x04, 0x62, 0x69, 0xff, 0xff, 0xff,
    0xff, 0xff, 0xff, 0xff, 0xff, 0xff, 0xff, 0xff, 0xff, 0xff, 0xff, 0x0f,
    0xff, 0xff, 0xff, 0xff, 0xff, 0xff, 0xff, 0xff, 0xff, 0xff, 0xff, 0xff,
    0xf3, 0x19, 0xff, 0xff, 0xff, 0x5a, 0x18, 0x98, 0x4b, 0x29, 0x00, 0x00,
    0x00, 0x00, 0x00, 0x00, 0x72, 0x07, 0xd4, 0x01, 0xdc, 0xf1, 0x00, 0xaf,
    0xab, 0xad, 0x2e, 0x7d, 0x05, 0x9b, 0xd5, 0x01, 0x00, 0x6c, 0xd0, 0xff,
    0x78, 0x4f, 0x30, 0xb2, 0xfc, 0x29, 0xe0, 0xf7, 0x18, 0x2c, 0x35, 0xaa,
    0x85, 0xca, 0xfb, 0x87, 0x1b, 0x00, 0xc0, 0x7f, 0x40, 0x68, 0x31, 0xf1,
    0x01, 0x6a, 0xee, 0x07, 0xbc, 0x00, 0x27, 0xc7, 0xff, 0x60, 0x9a, 0x0c,
    0x75, 0x49, 0x01, 0xc0, 0x03, 0x34, 0xd4, 0xc0, 0xc7, 0x14, 0x64, 0x06,
    0xf7, 0xf7, 0xff, 0x53, 0x02, 0x00, 0x0c, 0xb0, 0xfa, 0x0e, 0xb3, 0x10,
    0xc4, 0xff, 0xff, 0x53, 0x01, 0x00, 0x00, 0xbe, 0x69, 0xf2, 0xc5, 0x44,
    0x72, 0xf3, 0xff, 0x67, 0x1c, 0x00, 0x00, 0xf0, 0x5b, 0xc2, 0x9f, 0xf0,
    0x00, 0x8a, 0xea, 0x1f, 0x3e, 0x00, 0xc0, 0x7f, 0x86, 0x16, 0x02, 0x5e,
    0x00, 0x5e, 0xef, 0x07, 0x26, 0x03, 0xd8, 0x3a, 0xff, 0xb7, 0xd2, 0x27,
    0xa9, 0xd7, 0x0e, 0x00, 0x1e, 0x80, 0x38, 0x4f, 0x68, 0xc5, 0x70, 0xf7,
    0xff, 0x1f, 0x16, 0x00, 0xc0, 0x00, 0x53, 0xca, 0x8d, 0x70, 0x8a, 0xf5,
    0xdb, 0xff, 0x13, 0x05, 0x00, 0x00, 0xf8, 0x25, 0x07, 0xc6, 0x2b, 0xac,
    0xa6, 0xf6, 0xff, 0xf3, 0x00, 0x00, 0x00, 0xfe, 0xd6, 0x34, 0x00, 0xea,
    0xcd, 0x90, 0xfe, 0x7f, 0x50, 0x09, 0x80, 0xd6, 0xc4, 0xff, 0x27, 0x94,
    0x78, 0x5a, 0xef, 0x44, 0x00, 0xff, 0xef, 0x00, 0x51, 0x0f, 0x2e, 0xe0,
    0x3f, 0xc0, 0x1f, 0xd8, 0xdb, 0x3f, 0x10, 0x05, 0x80, 0xfb, 0xe3, 0xbf,
    0x9b, 0xf6, 0x68, 0xa1, 0x6d, 0x21, 0x08, 0x80, 0x0f, 0x18, 0x58, 0x12,
    0x35, 0x81, 0xcb, 0xf5, 0xff, 0x76, 0x00, 0xe0, 0x00, 0x19, 0x61, 0x19,
    0x19, 0x5e, 0xee, 0xff, 0xb5, 0x01, 0x00, 0xca, 0x3d, 0xc0, 0x6f, 0x85,
    0xa0, 0xe6, 0x30, 0xd5, 0x22, 0xff, 0xf7, 0x11, 0x75, 0x16, 0x6a, 0x00,
    0x00, 0xc0, 0x77, 0x46, 0x3f, 0xe7, 0x39, 0xdf, 0xf8, 0x1f, 0xfd, 0x00,
    0xc0, 0xae, 0x81, 0xff, 0x35, 0xb2, 0xc6, 0x08, 0xa0, 0xfb, 0xfe, 0x60,
    0x4f, 0x86, 0xc8, 0x73, 0x0c, 0x00, 0xfe, 0x1b, 0xd3, 0x19, 0xe0, 0x00,
    0xbc, 0xda, 0x07, 0xc8, 0x03, 0xbe, 0xee, 0xff, 0x5a, 0x22, 0x31, 0xed,
    0x30, 0x05, 0x00, 0x1c, 0x20, 0x1a, 0x14, 0xae, 0x45, 0x39, 0xbb, 0xf3,
    0xff, 0xbf, 0x00, 0x00, 0x01, 0x2e, 0x88, 0xf5, 0x76, 0xb6, 0xff, 0x8f,
    0x19, 0x00, 0x00, 0xf0, 0x8f, 0x74, 0x9b, 0x6a, 0xaa, 0x28, 0xd7, 0xff,
    0xd8, 0x01, 0x00, 0xf6, 0x0f, 0xfe, 0x5f, 0x1d, 0x62, 0x9d, 0x15, 0x0c,
    0x08, 0xbd, 0x3f, 0x78, 0x67, 0xe7, 0xcd, 0x00, 0xf0, 0x07, 0xf8, 0xaf,
    0x75, 0xc4, 0x92, 0xaf, 0x2a, 0x00, 0x1f, 0x20, 0x98, 0xb1, 0x80, 0xff,
    0x03, 0x00, 0xff, 0xcf, 0x1f, 0xf0, 0xff, 0xff, 0xff, 0xff, 0xff, 0xff,
    0xff, 0xff, 0xff, 0xff, 0xff, 0xff, 0xff, 0xff,
};

const rf_v21_model_blob_t g_rf_v24_t12_specialist_model = {
    .name = "v24_t12_specialist",
    .command = g_rf_v24_t12_specialist_command,
    .weights = g_rf_v24_t12_specialist_weights,
    .command_bytes = RF_V24_T12_SPECIALIST_COMMAND_BYTES,
    .weight_bytes = RF_V24_T12_SPECIALIST_WEIGHT_BYTES,
    .weight_region = 0u,
    .scratch_region = 1u,
    .scratch_bytes = RF_V24_T12_SPECIALIST_SCRATCH_BYTES,
    .input_region = 1u,
    .input_offset = RF_V24_T12_SPECIALIST_INPUT_OFFSET,
    .input_bytes = 93840u,
    .output_count = 1u,
    .output_region = {1u, 0u, 0u, 0u, 0u},
    .output_offset = {RF_V24_T12_SPECIALIST_OUTPUT_OFFSET, 0u, 0u, 0u, 0u},
    .output_bytes = {RF_V24_T12_SPECIALIST_OUTPUT_BYTES, 0u, 0u, 0u, 0u},
};
